timestamp,instance,rule,seed,makespan,job_id,is_dynamic,completed,arrival_time,exit_time,flow_time,total_operations,completed_ops,work_content,time_needs_routing,time_waiting_pickup,time_in_transit,time_queued,time_processing
2026-09-19 17:32:15,mfsweep_shard0,SPT_SMPT,42,3351.34,0,0,1,0.0,255.3,255.3,2,2,74.6,0.0,86.1,94.5,0.0,74.6
2026-09-19 17:32:15,mfsweep_shard0,SPT_SMPT,42,3351.34,1,0,1,26.3,304.7,278.4,2,2,54.4,0.0,102.8,104.2,17.1,54.4
2026-09-19 17:32:15,mfsweep_shard0,SPT_SMPT,42,3351.34,2,0,0,52.6,-1.0,-1.0,2,2,62.6,0.0,2986.3,43.5,78.1,62.6
2026-09-19 17:32:15,mfsweep_shard0,SPT_SMPT,42,3351.34,3,0,0,78.8,-1.0,-1.0,2,2,60.9,0.0,2789.3,295.2,0.8,60.9
2026-09-19 17:32:15,mfsweep_shard0,SPT_SMPT,42,3351.34,4,0,0,105.1,-1.0,-1.0,2,2,77.8,0.0,2968.2,67.0,0.0,77.8
2026-09-19 17:32:15,mfsweep_shard0,SPT_SMPT,42,3351.34,5,0,0,131.4,-1.0,-1.0,2,2,75.9,0.0,2896.6,71.4,14.1,75.9
2026-09-19 17:32:15,mfsweep_shard0,SPT_SMPT,42,3351.34,6,0,0,157.7,-1.0,-1.0,2,1,83.0,0.0,2521.8,611.3,0.0,15.0
2026-09-19 17:32:15,mfsweep_shard0,SPT_SMPT,42,3351.34,7,0,0,183.9,-1.0,-1.0,2,1,56.4,0.1,2685.5,421.3,0.0,15.0
2026-09-19 17:32:15,mfsweep_shard0,SPT_SMPT,42,3351.34,8,0,0,210.2,-1.0,-1.0,2,1,67.4,0.1,2458.5,408.5,1.9,15.0
2026-09-19 17:32:15,mfsweep_shard0,SPT_SMPT,42,3351.34,9,0,0,236.5,-1.0,-1.0,2,1,54.5,0.1,2287.2,735.7,0.0,15.0
2026-09-19 17:32:15,mfsweep_shard0,SPT_SMPT,42,3351.34,10,0,0,262.8,-1.0,-1.0,2,0,60.7,0.0,2330.5,609.3,0.0,0.0
2026-09-19 17:32:15,mfsweep_shard0,SPT_SMPT,42,3351.34,11,0,0,289.1,-1.0,-1.0,2,0,70.2,0.1,2196.2,710.8,0.0,0.0
2026-09-19 17:32:15,mfsweep_shard0,SPT_SMPT,42,3351.34,12,0,0,315.3,-1.0,-1.0,2,0,54.4,0.2,2345.0,540.5,0.0,0.0
2026-09-19 17:32:15,mfsweep_shard0,SPT_SMPT,42,3351.34,13,0,0,341.6,-1.0,-1.0,2,0,60.1,0.3,2783.7,0.0,0.0,0.0
2026-09-19 17:32:15,mfsweep_shard0,SPT_SMPT,42,3351.34,14,0,0,367.9,-1.0,-1.0,2,0,75.0,0.4,2757.3,0.0,0.0,0.0
2026-09-19 17:32:15,mfsweep_shard0,SPT_SMPT,42,3351.34,15,0,0,394.2,-1.0,-1.0,2,0,71.5,0.4,2194.6,0.0,0.0,0.0
2026-09-19 17:32:15,mfsweep_shard0,SPT_SMPT,42,3351.34,16,0,0,420.4,-1.0,-1.0,2,0,60.8,0.5,1988.1,0.0,0.0,0.0
2026-09-19 17:32:15,mfsweep_shard0,SPT_SMPT,42,3351.34,17,0,0,446.7,-1.0,-1.0,2,0,73.0,0.6,1961.8,0.0,0.0,0.0
2026-09-19 17:32:15,mfsweep_shard0,SPT_SMPT,42,3351.34,18,0,0,473.0,-1.0,-1.0,2,0,80.2,0.5,2115.7,0.0,0.0,0.0
2026-09-19 17:32:15,mfsweep_shard0,SPT_SMPT,42,3351.34,19,0,0,499.3,-1.0,-1.0,2,0,53.7,0.5,1075.2,0.0,0.0,0.0
2026-09-19 17:32:15,mfsweep_shard0,SPT_SMPT,42,3351.34,20,0,0,525.6,-1.0,-1.0,2,0,80.1,0.6,1048.9,0.0,0.0,0.0
2026-09-19 17:32:15,mfsweep_shard0,SPT_SMPT,42,3351.34,21,0,0,551.8,-1.0,-1.0,2,0,76.5,0.6,1022.5,0.0,0.0,0.0
2026-09-19 17:32:15,mfsweep_shard0,SPT_SMPT,42,3351.34,22,0,0,578.1,-1.0,-1.0,2,0,64.7,0.7,996.2,0.0,0.0,0.0
2026-09-19 17:32:15,mfsweep_shard0,SPT_SMPT,42,3351.34,23,0,0,604.4,-1.0,-1.0,2,0,58.6,0.8,969.9,0.0,0.0,0.0
2026-09-19 17:32:15,mfsweep_shard0,SPT_SMPT,42,3351.34,24,0,0,630.7,-1.0,-1.0,2,0,85.1,0.8,943.6,0.0,0.0,0.0
2026-09-19 17:32:15,mfsweep_shard0,SPT_SMPT,42,3351.34,25,0,0,656.9,-1.0,-1.0,2,0,64.6,0.9,917.3,0.0,0.0,0.0
2026-09-19 17:32:15,mfsweep_shard0,SPT_SMPT,42,3351.34,26,0,0,683.2,-1.0,-1.0,2,0,56.6,0.9,891.0,0.0,0.0,0.0
2026-09-19 17:32:15,mfsweep_shard0,SPT_SMPT,42,3351.34,27,0,0,709.5,-1.0,-1.0,2,0,56.7,1.0,864.6,0.0,0.0,0.0
2026-09-19 17:32:15,mfsweep_shard0,SPT_SMPT,42,3351.34,28,0,0,735.8,-1.0,-1.0,2,0,81.5,1.0,838.3,0.0,0.0,0.0
2026-09-19 17:32:15,mfsweep_shard0,SPT_SMPT,42,3351.34,29,0,0,762.0,-1.0,-1.0,2,0,73.4,1.1,812.0,0.0,0.0,0.0
2026-09-19 17:32:15,mfsweep_shard0,SPT_SMPT,42,3351.34,30,0,0,788.3,-1.0,-1.0,2,0,80.1,1.2,785.7,0.0,0.0,0.0
2026-09-19 17:32:15,mfsweep_shard0,SPT_SMPT,42,3351.34,31,0,0,814.6,-1.0,-1.0,2,0,77.6,1.2,759.4,0.0,0.0,0.0
2026-09-19 17:32:15,mfsweep_shard0,SPT_SMPT,42,3351.34,32,0,0,840.9,-1.0,-1.0,2,0,71.2,1.3,733.0,0.0,0.0,0.0
2026-09-19 17:32:15,mfsweep_shard0,SPT_SMPT,42,3351.34,33,0,0,867.2,-1.0,-1.0,2,0,85.6,1.3,706.7,0.0,0.0,0.0
2026-09-19 17:32:15,mfsweep_shard0,SPT_SMPT,42,3351.34,34,0,0,893.4,-1.0,-1.0,2,0,66.0,1.4,680.4,0.0,0.0,0.0
2026-09-19 17:32:15,mfsweep_shard0,SPT_SMPT,42,3351.34,35,0,0,919.7,-1.0,-1.0,2,0,71.7,1.5,654.1,0.0,0.0,0.0
2026-09-19 17:32:15,mfsweep_shard0,SPT_SMPT,42,3351.34,36,0,0,946.0,-1.0,-1.0,2,0,80.9,1.5,627.8,0.0,0.0,0.0
2026-09-19 17:32:15,mfsweep_shard0,SPT_SMPT,42,3351.34,37,0,0,972.3,-1.0,-1.0,2,0,73.9,1.1,602.0,0.0,0.0,0.0
2026-09-19 17:32:15,mfsweep_shard0,SPT_SMPT,42,3351.34,38,0,0,998.5,-1.0,-1.0,2,0,81.9,1.1,575.7,0.0,0.0,0.0
2026-09-19 17:32:15,mfsweep_shard0,SPT_SMPT,42,3351.34,39,0,0,1024.8,-1.0,-1.0,2,0,72.6,0.6,549.9,0.0,0.0,0.0
2026-09-19 17:32:15,mfsweep_shard0,SPT_SMPT,42,3351.34,40,0,0,1051.1,-1.0,-1.0,2,0,76.8,0.6,523.7,0.0,0.0,0.0
2026-09-19 17:32:15,mfsweep_shard0,SPT_SMPT,42,3351.34,41,0,0,1077.4,-1.0,-1.0,2,0,55.0,0.6,497.4,0.0,0.0,0.0
2026-09-19 17:32:15,mfsweep_shard0,SPT_SMPT,42,3351.34,42,0,0,1103.7,-1.0,-1.0,2,0,61.0,0.6,471.1,0.0,0.0,0.0
2026-09-19 17:32:15,mfsweep_shard0,SPT_SMPT,42,3351.34,43,0,0,1129.9,-1.0,-1.0,2,0,63.1,0.7,444.8,0.0,0.0,0.0
2026-09-19 17:32:15,mfsweep_shard0,SPT_SMPT,42,3351.34,44,0,0,1156.2,-1.0,-1.0,2,0,56.1,0.7,418.6,0.0,0.0,0.0
2026-09-19 17:32:15,mfsweep_shard0,SPT_SMPT,42,3351.34,45,0,0,1182.5,-1.0,-1.0,2,0,61.2,0.7,392.3,0.0,0.0,0.0
2026-09-19 17:32:15,mfsweep_shard0,SPT_SMPT,42,3351.34,46,0,0,1208.8,-1.0,-1.0,2,0,56.8,0.7,366.0,0.0,0.0,0.0
2026-09-19 17:32:15,mfsweep_shard0,SPT_SMPT,42,3351.34,47,0,0,1235.0,-1.0,-1.0,2,0,62.7,0.8,339.7,0.0,0.0,0.0
2026-09-19 17:32:15,mfsweep_shard0,SPT_SMPT,42,3351.34,48,0,0,1261.3,-1.0,-1.0,2,0,74.5,0.8,313.5,0.0,0.0,0.0
2026-09-19 17:32:15,mfsweep_shard0,SPT_SMPT,42,3351.34,49,0,0,1287.6,-1.0,-1.0,2,0,65.5,0.8,287.2,0.0,0.0,0.0
2026-09-19 17:32:15,mfsweep_shard0,SPT_SMPT,42,3351.34,50,0,0,1313.9,-1.0,-1.0,2,0,65.7,0.8,260.9,0.0,0.0,0.0
2026-09-19 17:32:15,mfsweep_shard0,SPT_SMPT,42,3351.34,51,0,0,1340.2,-1.0,-1.0,2,0,60.4,0.8,234.6,0.0,0.0,0.0
2026-09-19 17:32:15,mfsweep_shard0,SPT_SMPT,42,3351.34,52,0,0,1366.4,-1.0,-1.0,2,0,62.3,0.9,208.3,0.0,0.0,0.0
2026-09-19 17:32:15,mfsweep_shard0,SPT_SMPT,42,3351.34,53,0,0,1392.7,-1.0,-1.0,2,0,84.4,0.9,182.1,0.0,0.0,0.0
2026-09-19 17:32:15,mfsweep_shard0,SPT_SMPT,42,3351.34,54,0,0,1419.0,-1.0,-1.0,2,0,74.9,0.9,155.8,0.0,0.0,0.0
2026-09-19 17:32:15,mfsweep_shard0,SPT_SMPT,42,3351.34,55,0,0,1445.3,-1.0,-1.0,2,0,73.6,0.9,129.5,0.0,0.0,0.0
2026-09-19 17:32:15,mfsweep_shard0,SPT_SMPT,42,3351.34,56,0,0,1471.5,-1.0,-1.0,2,0,59.2,0.9,103.2,0.0,0.0,0.0
2026-09-19 17:32:15,mfsweep_shard0,SPT_SMPT,42,3351.34,57,0,0,1497.8,-1.0,-1.0,2,0,77.6,0.9,77.0,0.0,0.0,0.0
2026-09-19 17:32:15,mfsweep_shard0,SPT_SMPT,42,3351.34,58,0,0,1524.1,-1.0,-1.0,2,0,58.9,1.0,50.7,0.0,0.0,0.0
2026-09-19 17:32:15,mfsweep_shard0,SPT_SMPT,42,3351.34,59,0,0,1550.4,-1.0,-1.0,2,0,66.0,1.0,24.4,0.0,0.0,0.0
2026-09-19 17:32:15,mfsweep_shard0,SPT_SMPT,42,3351.34,60,0,0,1576.6,-1.0,-1.0,2,0,86.2,0.0,0.0,0.0,0.0,0.0
2026-09-19 17:32:15,mfsweep_shard0,SPT_SMPT,42,3351.34,61,0,0,1602.9,-1.0,-1.0,2,0,74.6,0.0,0.0,0.0,0.0,0.0
2026-09-19 17:32:15,mfsweep_shard0,SPT_SMPT,42,3351.34,62,0,0,1629.2,-1.0,-1.0,2,0,71.9,0.0,0.0,0.0,0.0,0.0
2026-09-19 17:32:15,mfsweep_shard0,SPT_SMPT,42,3351.34,63,0,0,1655.5,-1.0,-1.0,2,0,76.1,0.0,0.0,0.0,0.0,0.0
2026-09-19 17:32:15,mfsweep_shard0,SPT_SMPT,42,3351.34,64,0,0,1681.8,-1.0,-1.0,2,0,81.3,0.0,0.0,0.0,0.0,0.0
2026-09-19 17:32:15,mfsweep_shard0,SPT_SMPT,42,3351.34,65,0,0,1708.0,-1.0,-1.0,2,0,79.1,0.0,0.0,0.0,0.0,0.0
2026-09-19 17:32:15,mfsweep_shard0,SPT_SMPT,42,3351.34,66,0,0,1734.3,-1.0,-1.0,2,0,61.1,0.0,0.0,0.0,0.0,0.0
2026-09-19 17:32:15,mfsweep_shard0,SPT_SMPT,42,3351.34,67,0,0,1760.6,-1.0,-1.0,2,0,54.6,0.0,0.0,0.0,0.0,0.0
2026-09-19 17:32:15,mfsweep_shard0,SPT_SMPT,42,3351.34,68,0,0,1786.9,-1.0,-1.0,2,0,63.9,0.0,0.0,0.0,0.0,0.0
2026-09-19 17:32:15,mfsweep_shard0,SPT_SMPT,42,3351.34,69,0,0,1813.1,-1.0,-1.0,2,0,62.3,0.0,0.0,0.0,0.0,0.0
2026-09-19 17:32:15,mfsweep_shard0,SPT_SMPT,42,3351.34,70,0,0,1839.4,-1.0,-1.0,2,0,60.5,0.0,0.0,0.0,0.0,0.0
2026-09-19 17:32:15,mfsweep_shard0,SPT_SMPT,42,3351.34,71,0,0,1865.7,-1.0,-1.0,2,0,84.6,0.0,0.0,0.0,0.0,0.0
2026-09-19 17:32:15,mfsweep_shard0,SPT_SMPT,42,3351.34,72,0,0,1892.0,-1.0,-1.0,2,0,82.4,0.0,0.0,0.0,0.0,0.0
2026-09-19 17:32:15,mfsweep_shard0,SPT_SMPT,42,3351.34,73,0,0,1918.3,-1.0,-1.0,2,0,63.9,0.0,0.0,0.0,0.0,0.0
2026-09-19 17:32:15,mfsweep_shard0,SPT_SMPT,42,3351.34,74,0,0,1944.5,-1.0,-1.0,2,0,75.1,0.0,0.0,0.0,0.0,0.0
2026-09-19 17:32:15,mfsweep_shard0,SPT_SMPT,42,3351.34,75,0,0,1970.8,-1.0,-1.0,2,0,66.6,0.0,0.0,0.0,0.0,0.0
2026-09-19 17:32:15,mfsweep_shard0,SPT_SMPT,42,3351.34,76,0,0,1997.1,-1.0,-1.0,2,0,83.7,0.0,0.0,0.0,0.0,0.0
2026-09-19 17:32:15,mfsweep_shard0,SPT_SMPT,42,3351.34,77,0,0,2023.4,-1.0,-1.0,2,0,68.6,0.0,0.0,0.0,0.0,0.0
2026-09-19 17:32:15,mfsweep_shard0,SPT_SMPT,42,3351.34,78,0,0,2049.6,-1.0,-1.0,2,0,62.2,0.0,0.0,0.0,0.0,0.0
2026-09-19 17:32:15,mfsweep_shard0,SPT_SMPT,42,3351.34,79,0,0,2075.9,-1.0,-1.0,2,0,61.6,0.0,0.0,0.0,0.0,0.0
2026-09-19 17:32:15,mfsweep_shard0,SPT_SMPT,42,3351.34,80,0,0,2102.2,-1.0,-1.0,2,0,72.0,0.0,0.0,0.0,0.0,0.0
2026-09-19 17:32:15,mfsweep_shard0,SPT_SMPT,42,3351.34,81,0,0,2128.5,-1.0,-1.0,2,0,62.2,0.0,0.0,0.0,0.0,0.0
2026-09-19 17:32:15,mfsweep_shard0,SPT_SMPT,42,3351.34,82,0,0,2154.7,-1.0,-1.0,2,0,72.8,0.0,0.0,0.0,0.0,0.0
2026-09-19 17:32:15,mfsweep_shard0,SPT_SMPT,42,3351.34,83,0,0,2181.0,-1.0,-1.0,2,0,83.1,0.0,0.0,0.0,0.0,0.0
2026-09-19 17:32:15,mfsweep_shard0,SPT_SMPT,42,3351.34,84,0,0,2207.3,-1.0,-1.0,2,0,66.7,0.0,0.0,0.0,0.0,0.0
2026-09-19 17:32:15,mfsweep_shard0,SPT_SMPT,42,3351.34,85,0,0,2233.6,-1.0,-1.0,2,0,60.7,0.0,0.0,0.0,0.0,0.0
2026-09-19 17:32:15,mfsweep_shard0,SPT_SMPT,42,3351.34,86,0,0,2259.9,-1.0,-1.0,2,0,86.4,0.0,0.0,0.0,0.0,0.0
2026-09-19 17:32:15,mfsweep_shard0,SPT_SMPT,42,3351.34,87,0,0,2286.1,-1.0,-1.0,2,0,70.3,0.0,0.0,0.0,0.0,0.0
2026-09-19 17:32:15,mfsweep_shard0,SPT_SMPT,42,3351.34,88,0,0,2312.4,-1.0,-1.0,2,0,56.5,0.0,0.0,0.0,0.0,0.0
2026-09-19 17:32:15,mfsweep_shard0,SPT_SMPT,42,3351.34,89,0,0,2338.7,-1.0,-1.0,2,0,55.1,0.0,0.0,0.0,0.0,0.0
2026-09-19 17:32:15,mfsweep_shard0,SPT_SMPT,42,3351.34,90,0,0,2365.0,-1.0,-1.0,2,0,57.1,0.0,0.0,0.0,0.0,0.0
2026-09-19 17:32:15,mfsweep_shard0,SPT_SMPT,42,3351.34,91,0,0,2391.2,-1.0,-1.0,2,0,74.2,0.0,0.0,0.0,0.0,0.0
2026-09-19 17:32:15,mfsweep_shard0,SPT_SMPT,42,3351.34,92,0,0,2417.5,-1.0,-1.0,2,0,79.6,0.0,0.0,0.0,0.0,0.0
2026-09-19 17:32:15,mfsweep_shard0,SPT_SMPT,42,3351.34,93,0,0,2443.8,-1.0,-1.0,2,0,67.4,0.0,0.0,0.0,0.0,0.0
2026-09-19 17:32:15,mfsweep_shard0,SPT_SMPT,42,3351.34,94,0,0,2470.1,-1.0,-1.0,2,0,55.6,0.0,0.0,0.0,0.0,0.0
2026-09-19 17:32:15,mfsweep_shard0,SPT_SMPT,42,3351.34,95,0,0,2496.4,-1.0,-1.0,2,0,66.1,0.0,0.0,0.0,0.0,0.0
2026-09-19 17:32:15,mfsweep_shard0,SPT_SMPT,42,3351.34,96,0,0,2522.6,-1.0,-1.0,2,0,86.4,0.0,0.0,0.0,0.0,0.0
2026-09-19 17:32:15,mfsweep_shard0,SPT_SMPT,42,3351.34,97,0,0,2548.9,-1.0,-1.0,2,0,71.0,0.0,0.0,0.0,0.0,0.0
2026-09-19 17:32:15,mfsweep_shard0,SPT_SMPT,42,3351.34,98,0,0,2575.2,-1.0,-1.0,2,0,85.6,0.0,0.0,0.0,0.0,0.0
2026-09-19 17:32:15,mfsweep_shard0,SPT_SMPT,42,3351.34,99,0,0,2601.5,-1.0,-1.0,2,0,81.9,0.0,0.0,0.0,0.0,0.0
2026-09-19 17:32:15,mfsweep_shard0,SPT_SMPT,42,3351.34,100,0,0,2627.7,-1.0,-1.0,2,0,53.9,0.0,0.0,0.0,0.0,0.0
2026-09-19 17:32:15,mfsweep_shard0,SPT_SMPT,42,3351.34,101,0,0,2654.0,-1.0,-1.0,2,0,77.3,0.0,0.0,0.0,0.0,0.0
2026-09-19 17:32:15,mfsweep_shard0,SPT_SMPT,42,3351.34,102,0,0,2680.3,-1.0,-1.0,2,0,76.0,0.0,0.0,0.0,0.0,0.0
2026-09-19 17:32:15,mfsweep_shard0,SPT_SMPT,42,3351.34,103,0,0,2706.6,-1.0,-1.0,2,0,71.2,0.0,0.0,0.0,0.0,0.0
2026-09-19 17:32:15,mfsweep_shard0,SPT_SMPT,42,3351.34,104,0,0,2732.9,-1.0,-1.0,2,0,62.3,0.0,0.0,0.0,0.0,0.0
2026-09-19 17:32:15,mfsweep_shard0,SPT_SMPT,42,3351.34,105,0,0,2759.1,-1.0,-1.0,2,0,74.7,0.0,0.0,0.0,0.0,0.0
2026-09-19 17:32:15,mfsweep_shard0,SPT_SMPT,42,3351.34,106,0,0,2785.4,-1.0,-1.0,2,0,57.2,0.0,0.0,0.0,0.0,0.0
2026-09-19 17:32:15,mfsweep_shard0,SPT_SMPT,42,3351.34,107,0,0,2811.7,-1.0,-1.0,2,0,67.9,0.0,0.0,0.0,0.0,0.0
2026-09-19 17:32:15,mfsweep_shard0,SPT_SMPT,42,3351.34,108,0,0,2838.0,-1.0,-1.0,2,0,68.5,0.0,0.0,0.0,0.0,0.0
2026-09-19 17:32:15,mfsweep_shard0,SPT_SMPT,42,3351.34,109,0,0,2864.2,-1.0,-1.0,2,0,85.0,0.0,0.0,0.0,0.0,0.0
2026-09-19 17:32:15,mfsweep_shard0,SPT_SMPT,42,3351.34,110,0,0,2890.5,-1.0,-1.0,2,0,82.4,0.0,0.0,0.0,0.0,0.0
2026-09-19 17:32:15,mfsweep_shard0,SPT_SMPT,42,3351.34,111,0,0,2916.8,-1.0,-1.0,2,0,62.2,0.0,0.0,0.0,0.0,0.0
2026-09-19 17:32:15,mfsweep_shard0,SPT_SMPT,42,3351.34,112,0,0,2943.1,-1.0,-1.0,2,0,70.0,0.0,0.0,0.0,0.0,0.0
2026-09-19 17:32:15,mfsweep_shard0,SPT_SMPT,42,3351.34,113,0,0,2969.3,-1.0,-1.0,2,0,59.4,0.0,0.0,0.0,0.0,0.0
2026-09-19 17:32:15,mfsweep_shard0,SPT_SMPT,42,3351.34,114,0,0,2995.6,-1.0,-1.0,2,0,83.6,0.0,0.0,0.0,0.0,0.0
2026-09-19 17:32:15,mfsweep_shard0,SPT_SMPT,42,3351.34,115,0,0,3021.9,-1.0,-1.0,2,0,82.2,0.0,0.0,0.0,0.0,0.0
2026-09-19 17:32:15,mfsweep_shard0,SPT_SMPT,42,3351.34,116,0,0,3048.2,-1.0,-1.0,2,0,63.4,0.0,0.0,0.0,0.0,0.0
2026-09-19 17:32:15,mfsweep_shard0,SPT_SMPT,42,3351.34,117,0,0,3074.5,-1.0,-1.0,2,0,74.6,0.0,0.0,0.0,0.0,0.0
2026-09-19 17:32:15,mfsweep_shard0,SPT_SMPT,42,3351.34,118,0,0,3100.7,-1.0,-1.0,2,0,73.6,0.0,0.0,0.0,0.0,0.0
2026-09-19 17:32:15,mfsweep_shard0,SPT_SMPT,42,3351.34,119,0,0,3127.0,-1.0,-1.0,2,0,58.5,0.0,0.0,0.0,0.0,0.0
2026-09-19 17:32:15,mfsweep_shard0,SPT_SMPT,42,3351.34,120,0,0,3153.3,-1.0,-1.0,2,0,78.7,0.0,0.0,0.0,0.0,0.0
2026-09-19 17:32:15,mfsweep_shard0,SPT_SMPT,42,3351.34,121,0,0,3179.6,-1.0,-1.0,2,0,71.3,0.0,0.0,0.0,0.0,0.0
2026-09-19 17:32:15,mfsweep_shard0,SPT_SMPT,42,3351.34,122,0,0,3205.8,-1.0,-1.0,2,0,79.2,0.0,0.0,0.0,0.0,0.0
2026-09-19 17:32:15,mfsweep_shard0,SPT_SMPT,42,3351.34,123,0,0,3232.1,-1.0,-1.0,2,0,71.0,0.0,0.0,0.0,0.0,0.0
2026-09-19 17:32:15,mfsweep_shard0,SPT_SMPT,42,3351.34,124,0,0,3258.4,-1.0,-1.0,2,0,53.5,0.0,0.0,0.0,0.0,0.0
2026-09-19 17:32:15,mfsweep_shard0,SPT_SMPT,42,3351.34,125,0,0,3284.7,-1.0,-1.0,2,0,64.2,0.0,0.0,0.0,0.0,0.0
2026-09-19 17:32:15,mfsweep_shard0,SPT_SMPT,42,3351.34,126,0,0,3311.0,-1.0,-1.0,2,0,54.1,0.0,0.0,0.0,0.0,0.0
2026-09-19 17:32:15,mfsweep_shard0,SPT_SMPT,42,3351.34,127,0,0,3337.2,-1.0,-1.0,2,0,84.2,0.0,0.0,0.0,0.0,0.0
2026-09-19 17:34:53,mfsweep_shard0,SPT_SMPT,43,3592.86,0,0,1,0.0,232.1,232.1,2,2,74.6,0.0,74.0,83.5,0.0,74.6
2026-09-19 17:34:53,mfsweep_shard0,SPT_SMPT,43,3592.86,1,0,1,26.3,274.2,247.9,2,2,54.4,0.0,94.3,78.3,20.9,54.4
2026-09-19 17:34:53,mfsweep_shard0,SPT_SMPT,43,3592.86,2,0,1,52.6,372.2,319.7,2,2,62.6,0.0,69.7,102.7,84.6,62.6
2026-09-19 17:34:53,mfsweep_shard0,SPT_SMPT,43,3592.86,3,0,1,78.8,326.5,247.7,2,2,60.9,0.0,93.0,83.5,10.2,60.9
2026-09-19 17:34:53,mfsweep_shard0,SPT_SMPT,43,3592.86,4,0,0,105.1,-1.0,-1.0,2,2,77.8,0.0,171.1,3152.7,77.2,77.8
2026-09-19 17:34:53,mfsweep_shard0,SPT_SMPT,43,3592.86,5,0,0,131.4,-1.0,-1.0,2,1,75.8,0.0,2827.5,398.6,0.0,29.7
2026-09-19 17:34:53,mfsweep_shard0,SPT_SMPT,43,3592.86,6,0,0,157.7,-1.0,-1.0,2,2,83.0,0.0,2836.5,100.9,229.2,83.0
2026-09-19 17:34:53,mfsweep_shard0,SPT_SMPT,43,3592.86,7,0,0,183.9,-1.0,-1.0,2,2,56.4,0.0,2918.7,155.2,47.6,56.4
2026-09-19 17:34:53,mfsweep_shard0,SPT_SMPT,43,3592.86,8,0,0,210.2,-1.0,-1.0,2,2,67.5,0.0,2977.8,61.8,44.6,67.5
2026-09-19 17:34:53,mfsweep_shard0,SPT_SMPT,43,3592.86,9,0,0,236.5,-1.0,-1.0,2,2,54.5,0.0,2819.5,46.4,24.8,54.5
2026-09-19 17:34:53,mfsweep_shard0,SPT_SMPT,43,3592.86,10,0,0,262.8,-1.0,-1.0,2,2,60.8,0.0,2901.2,79.2,71.1,60.8
2026-09-19 17:34:53,mfsweep_shard0,SPT_SMPT,43,3592.86,11,0,0,289.1,-1.0,-1.0,2,1,70.2,0.1,2615.0,428.0,0.0,15.0
2026-09-19 17:34:53,mfsweep_shard0,SPT_SMPT,43,3592.86,12,0,0,315.3,-1.0,-1.0,2,1,54.4,0.2,2400.1,629.7,0.0,15.0
2026-09-19 17:34:53,mfsweep_shard0,SPT_SMPT,43,3592.86,13,0,0,341.6,-1.0,-1.0,2,1,60.1,0.2,2607.3,440.9,0.0,15.0
2026-09-19 17:34:53,mfsweep_shard0,SPT_SMPT,43,3592.86,14,0,0,367.9,-1.0,-1.0,2,0,75.0,0.0,2412.3,565.5,0.0,0.0
2026-09-19 17:34:53,mfsweep_shard0,SPT_SMPT,43,3592.86,15,0,0,394.2,-1.0,-1.0,2,0,71.5,0.2,2184.0,553.5,0.0,0.0
2026-09-19 17:34:53,mfsweep_shard0,SPT_SMPT,43,3592.86,16,0,0,420.4,-1.0,-1.0,2,0,60.8,0.2,2507.9,203.3,0.0,0.0
2026-09-19 17:34:53,mfsweep_shard0,SPT_SMPT,43,3592.86,17,0,0,446.7,-1.0,-1.0,2,0,73.0,0.2,2684.9,0.0,0.0,0.0
2026-09-19 17:34:53,mfsweep_shard0,SPT_SMPT,43,3592.86,18,0,0,473.0,-1.0,-1.0,2,0,80.2,0.3,2658.6,0.0,0.0,0.0
2026-09-19 17:34:53,mfsweep_shard0,SPT_SMPT,43,3592.86,19,0,0,499.3,-1.0,-1.0,2,0,53.7,0.3,2632.3,0.0,0.0,0.0
2026-09-19 17:34:53,mfsweep_shard0,SPT_SMPT,43,3592.86,20,0,0,525.6,-1.0,-1.0,2,0,80.1,0.4,2605.9,0.0,0.0,0.0
2026-09-19 17:34:53,mfsweep_shard0,SPT_SMPT,43,3592.86,21,0,0,551.8,-1.0,-1.0,2,0,76.5,0.5,2579.6,0.0,0.0,0.0
2026-09-19 17:34:53,mfsweep_shard0,SPT_SMPT,43,3592.86,22,0,0,578.1,-1.0,-1.0,2,0,64.7,0.5,2553.3,0.0,0.0,0.0
2026-09-19 17:34:53,mfsweep_shard0,SPT_SMPT,43,3592.86,23,0,0,604.4,-1.0,-1.0,2,0,58.6,0.6,2527.0,0.0,0.0,0.0
2026-09-19 17:34:53,mfsweep_shard0,SPT_SMPT,43,3592.86,24,0,0,630.7,-1.0,-1.0,2,0,85.1,0.6,2500.7,0.0,0.0,0.0
2026-09-19 17:34:53,mfsweep_shard0,SPT_SMPT,43,3592.86,25,0,0,656.9,-1.0,-1.0,2,0,64.6,0.7,2474.4,0.0,0.0,0.0
2026-09-19 17:34:53,mfsweep_shard0,SPT_SMPT,43,3592.86,26,0,0,683.2,-1.0,-1.0,2,0,56.6,0.7,2448.0,0.0,0.0,0.0
2026-09-19 17:34:53,mfsweep_shard0,SPT_SMPT,43,3592.86,27,0,0,709.5,-1.0,-1.0,2,0,56.7,0.8,2421.7,0.0,0.0,0.0
2026-09-19 17:34:53,mfsweep_shard0,SPT_SMPT,43,3592.86,28,0,0,735.8,-1.0,-1.0,2,0,81.5,0.9,2395.4,0.0,0.0,0.0
2026-09-19 17:34:53,mfsweep_shard0,SPT_SMPT,43,3592.86,29,0,0,762.0,-1.0,-1.0,2,0,73.4,0.9,2369.1,0.0,0.0,0.0
2026-09-19 17:34:53,mfsweep_shard0,SPT_SMPT,43,3592.86,30,0,0,788.3,-1.0,-1.0,2,0,80.1,1.0,2342.8,0.0,0.0,0.0
2026-09-19 17:34:53,mfsweep_shard0,SPT_SMPT,43,3592.86,31,0,0,814.6,-1.0,-1.0,2,0,77.6,1.1,2316.4,0.0,0.0,0.0
2026-09-19 17:34:53,mfsweep_shard0,SPT_SMPT,43,3592.86,32,0,0,840.9,-1.0,-1.0,2,0,71.2,1.1,2290.1,0.0,0.0,0.0
2026-09-19 17:34:53,mfsweep_shard0,SPT_SMPT,43,3592.86,33,0,0,867.2,-1.0,-1.0,2,0,85.6,1.2,2263.8,0.0,0.0,0.0
2026-09-19 17:34:53,mfsweep_shard0,SPT_SMPT,43,3592.86,34,0,0,893.4,-1.0,-1.0,2,0,66.0,1.2,2237.5,0.0,0.0,0.0
2026-09-19 17:34:53,mfsweep_shard0,SPT_SMPT,43,3592.86,35,0,0,919.7,-1.0,-1.0,2,0,71.7,1.3,2211.2,0.0,0.0,0.0
2026-09-19 17:34:53,mfsweep_shard0,SPT_SMPT,43,3592.86,36,0,0,946.0,-1.0,-1.0,2,0,80.9,1.3,2184.9,0.0,0.0,0.0
2026-09-19 17:34:53,mfsweep_shard0,SPT_SMPT,43,3592.86,37,0,0,972.3,-1.0,-1.0,2,0,73.9,1.4,2158.5,0.0,0.0,0.0
2026-09-19 17:34:53,mfsweep_shard0,SPT_SMPT,43,3592.86,38,0,0,998.5,-1.0,-1.0,2,0,81.9,1.5,2132.2,0.0,0.0,0.0
2026-09-19 17:34:53,mfsweep_shard0,SPT_SMPT,43,3592.86,39,0,0,1024.8,-1.0,-1.0,2,0,72.6,1.5,2105.9,0.0,0.0,0.0
2026-09-19 17:34:53,mfsweep_shard0,SPT_SMPT,43,3592.86,40,0,0,1051.1,-1.0,-1.0,2,0,76.8,1.6,2079.6,0.0,0.0,0.0
2026-09-19 17:34:53,mfsweep_shard0,SPT_SMPT,43,3592.86,41,0,0,1077.4,-1.0,-1.0,2,0,55.0,1.6,2053.3,0.0,0.0,0.0
2026-09-19 17:34:53,mfsweep_shard0,SPT_SMPT,43,3592.86,42,0,0,1103.7,-1.0,-1.0,2,0,61.0,1.7,2027.0,0.0,0.0,0.0
2026-09-19 17:34:53,mfsweep_shard0,SPT_SMPT,43,3592.86,43,0,0,1129.9,-1.0,-1.0,2,0,63.1,1.8,2000.6,0.0,0.0,0.0
2026-09-19 17:34:53,mfsweep_shard0,SPT_SMPT,43,3592.86,44,0,0,1156.2,-1.0,-1.0,2,0,56.1,1.8,1974.3,0.0,0.0,0.0
2026-09-19 17:34:53,mfsweep_shard0,SPT_SMPT,43,3592.86,45,0,0,1182.5,-1.0,-1.0,2,0,61.2,1.9,1948.0,0.0,0.0,0.0
2026-09-19 17:34:53,mfsweep_shard0,SPT_SMPT,43,3592.86,46,0,0,1208.8,-1.0,-1.0,2,0,56.8,2.0,1921.7,0.0,0.0,0.0
2026-09-19 17:34:53,mfsweep_shard0,SPT_SMPT,43,3592.86,47,0,0,1235.0,-1.0,-1.0,2,0,62.7,2.0,1895.4,0.0,0.0,0.0
2026-09-19 17:34:53,mfsweep_shard0,SPT_SMPT,43,3592.86,48,0,0,1261.3,-1.0,-1.0,2,0,74.5,2.1,1869.1,0.0,0.0,0.0
2026-09-19 17:34:53,mfsweep_shard0,SPT_SMPT,43,3592.86,49,0,0,1287.6,-1.0,-1.0,2,0,65.5,2.1,1842.7,0.0,0.0,0.0
2026-09-19 17:34:53,mfsweep_shard0,SPT_SMPT,43,3592.86,50,0,0,1313.9,-1.0,-1.0,2,0,65.7,2.2,1816.4,0.0,0.0,0.0
2026-09-19 17:34:53,mfsweep_shard0,SPT_SMPT,43,3592.86,51,0,0,1340.2,-1.0,-1.0,2,0,60.4,2.2,1790.1,0.0,0.0,0.0
2026-09-19 17:34:53,mfsweep_shard0,SPT_SMPT,43,3592.86,52,0,0,1366.4,-1.0,-1.0,2,0,62.3,2.3,1763.8,0.0,0.0,0.0
2026-09-19 17:34:53,mfsweep_shard0,SPT_SMPT,43,3592.86,53,0,0,1392.7,-1.0,-1.0,2,0,84.4,2.4,1737.5,0.0,0.0,0.0
2026-09-19 17:34:53,mfsweep_shard0,SPT_SMPT,43,3592.86,54,0,0,1419.0,-1.0,-1.0,2,0,74.9,2.4,1711.1,0.0,0.0,0.0
2026-09-19 17:34:53,mfsweep_shard0,SPT_SMPT,43,3592.86,55,0,0,1445.3,-1.0,-1.0,2,0,73.6,2.5,1684.8,0.0,0.0,0.0
2026-09-19 17:34:53,mfsweep_shard0,SPT_SMPT,43,3592.86,56,0,0,1471.5,-1.0,-1.0,2,0,59.2,2.5,1658.5,0.0,0.0,0.0
2026-09-19 17:34:53,mfsweep_shard0,SPT_SMPT,43,3592.86,57,0,0,1497.8,-1.0,-1.0,2,0,77.6,2.6,1632.2,0.0,0.0,0.0
2026-09-19 17:34:53,mfsweep_shard0,SPT_SMPT,43,3592.86,58,0,0,1524.1,-1.0,-1.0,2,0,58.9,2.7,1605.9,0.0,0.0,0.0
2026-09-19 17:34:53,mfsweep_shard0,SPT_SMPT,43,3592.86,59,0,0,1550.4,-1.0,-1.0,2,0,66.0,2.7,1579.6,0.0,0.0,0.0
2026-09-19 17:34:53,mfsweep_shard0,SPT_SMPT,43,3592.86,60,0,0,1576.6,-1.0,-1.0,2,0,86.2,2.8,1553.2,0.0,0.0,0.0
2026-09-19 17:34:53,mfsweep_shard0,SPT_SMPT,43,3592.86,61,0,0,1602.9,-1.0,-1.0,2,0,74.6,2.9,1526.9,0.0,0.0,0.0
2026-09-19 17:34:53,mfsweep_shard0,SPT_SMPT,43,3592.86,62,0,0,1629.2,-1.0,-1.0,2,0,71.9,2.9,1500.6,0.0,0.0,0.0
2026-09-19 17:34:53,mfsweep_shard0,SPT_SMPT,43,3592.86,63,0,0,1655.5,-1.0,-1.0,2,0,76.1,3.0,1474.3,0.0,0.0,0.0
2026-09-19 17:34:53,mfsweep_shard0,SPT_SMPT,43,3592.86,64,0,0,1681.8,-1.0,-1.0,2,0,81.3,3.0,1448.0,0.0,0.0,0.0
2026-09-19 17:34:53,mfsweep_shard0,SPT_SMPT,43,3592.86,65,0,0,1708.0,-1.0,-1.0,2,0,79.1,3.1,1421.7,0.0,0.0,0.0
2026-09-19 17:34:53,mfsweep_shard0,SPT_SMPT,43,3592.86,66,0,0,1734.3,-1.0,-1.0,2,0,61.1,3.1,1395.3,0.0,0.0,0.0
2026-09-19 17:34:53,mfsweep_shard0,SPT_SMPT,43,3592.86,67,0,0,1760.6,-1.0,-1.0,2,0,54.6,3.2,1369.0,0.0,0.0,0.0
2026-09-19 17:34:53,mfsweep_shard0,SPT_SMPT,43,3592.86,68,0,0,1786.9,-1.0,-1.0,2,0,63.9,3.3,1342.7,0.0,0.0,0.0
2026-09-19 17:34:53,mfsweep_shard0,SPT_SMPT,43,3592.86,69,0,0,1813.1,-1.0,-1.0,2,0,62.3,3.3,1316.4,0.0,0.0,0.0
2026-09-19 17:34:53,mfsweep_shard0,SPT_SMPT,43,3592.86,70,0,0,1839.4,-1.0,-1.0,2,0,60.5,3.4,1290.1,0.0,0.0,0.0
2026-09-19 17:34:53,mfsweep_shard0,SPT_SMPT,43,3592.86,71,0,0,1865.7,-1.0,-1.0,2,0,84.6,3.4,1263.8,0.0,0.0,0.0
2026-09-19 17:34:53,mfsweep_shard0,SPT_SMPT,43,3592.86,72,0,0,1892.0,-1.0,-1.0,2,0,82.4,3.5,1237.4,0.0,0.0,0.0
2026-09-19 17:34:53,mfsweep_shard0,SPT_SMPT,43,3592.86,73,0,0,1918.3,-1.0,-1.0,2,0,63.9,3.6,1211.1,0.0,0.0,0.0
2026-09-19 17:34:53,mfsweep_shard0,SPT_SMPT,43,3592.86,74,0,0,1944.5,-1.0,-1.0,2,0,75.1,3.6,1184.8,0.0,0.0,0.0
2026-09-19 17:34:53,mfsweep_shard0,SPT_SMPT,43,3592.86,75,0,0,1970.8,-1.0,-1.0,2,0,66.6,3.7,1158.5,0.0,0.0,0.0
2026-09-19 17:34:53,mfsweep_shard0,SPT_SMPT,43,3592.86,76,0,0,1997.1,-1.0,-1.0,2,0,83.7,3.8,1132.2,0.0,0.0,0.0
2026-09-19 17:34:53,mfsweep_shard0,SPT_SMPT,43,3592.86,77,0,0,2023.4,-1.0,-1.0,2,0,68.6,3.8,1105.8,0.0,0.0,0.0
2026-09-19 17:34:53,mfsweep_shard0,SPT_SMPT,43,3592.86,78,0,0,2049.6,-1.0,-1.0,2,0,62.2,3.9,1079.5,0.0,0.0,0.0
2026-09-19 17:34:53,mfsweep_shard0,SPT_SMPT,43,3592.86,79,0,0,2075.9,-1.0,-1.0,2,0,61.6,3.9,1053.2,0.0,0.0,0.0
2026-09-19 17:34:53,mfsweep_shard0,SPT_SMPT,43,3592.86,80,0,0,2102.2,-1.0,-1.0,2,0,72.0,4.0,1026.9,0.0,0.0,0.0
2026-09-19 17:34:53,mfsweep_shard0,SPT_SMPT,43,3592.86,81,0,0,2128.5,-1.0,-1.0,2,0,62.2,4.0,1000.6,0.0,0.0,0.0
2026-09-19 17:34:53,mfsweep_shard0,SPT_SMPT,43,3592.86,82,0,0,2154.7,-1.0,-1.0,2,0,72.8,4.1,974.3,0.0,0.0,0.0
2026-09-19 17:34:53,mfsweep_shard0,SPT_SMPT,43,3592.86,83,0,0,2181.0,-1.0,-1.0,2,0,83.1,4.2,947.9,0.0,0.0,0.0
2026-09-19 17:34:53,mfsweep_shard0,SPT_SMPT,43,3592.86,84,0,0,2207.3,-1.0,-1.0,2,0,66.7,4.2,921.6,0.0,0.0,0.0
2026-09-19 17:34:53,mfsweep_shard0,SPT_SMPT,43,3592.86,85,0,0,2233.6,-1.0,-1.0,2,0,60.7,4.3,895.3,0.0,0.0,0.0
2026-09-19 17:34:53,mfsweep_shard0,SPT_SMPT,43,3592.86,86,0,0,2259.9,-1.0,-1.0,2,0,86.4,4.3,869.0,0.0,0.0,0.0
2026-09-19 17:34:53,mfsweep_shard0,SPT_SMPT,43,3592.86,87,0,0,2286.1,-1.0,-1.0,2,0,70.3,2.9,844.1,0.0,0.0,0.0
2026-09-19 17:34:53,mfsweep_shard0,SPT_SMPT,43,3592.86,88,0,0,2312.4,-1.0,-1.0,2,0,56.5,1.5,819.3,0.0,0.0,0.0
2026-09-19 17:34:53,mfsweep_shard0,SPT_SMPT,43,3592.86,89,0,0,2338.7,-1.0,-1.0,2,0,55.1,1.5,793.0,0.0,0.0,0.0
2026-09-19 17:34:53,mfsweep_shard0,SPT_SMPT,43,3592.86,90,0,0,2365.0,-1.0,-1.0,2,0,57.1,1.6,766.8,0.0,0.0,0.0
2026-09-19 17:34:53,mfsweep_shard0,SPT_SMPT,43,3592.86,91,0,0,2391.2,-1.0,-1.0,2,0,74.2,1.6,740.5,0.0,0.0,0.0
2026-09-19 17:34:53,mfsweep_shard0,SPT_SMPT,43,3592.86,92,0,0,2417.5,-1.0,-1.0,2,0,79.6,1.6,714.2,0.0,0.0,0.0
2026-09-19 17:34:53,mfsweep_shard0,SPT_SMPT,43,3592.86,93,0,0,2443.8,-1.0,-1.0,2,0,67.4,1.6,687.9,0.0,0.0,0.0
2026-09-19 17:34:53,mfsweep_shard0,SPT_SMPT,43,3592.86,94,0,0,2470.1,-1.0,-1.0,2,0,55.6,1.6,661.7,0.0,0.0,0.0
2026-09-19 17:34:53,mfsweep_shard0,SPT_SMPT,43,3592.86,95,0,0,2496.4,-1.0,-1.0,2,0,66.1,1.6,635.4,0.0,0.0,0.0
2026-09-19 17:34:53,mfsweep_shard0,SPT_SMPT,43,3592.86,96,0,0,2522.6,-1.0,-1.0,2,0,86.4,1.7,609.1,0.0,0.0,0.0
2026-09-19 17:34:53,mfsweep_shard0,SPT_SMPT,43,3592.86,97,0,0,2548.9,-1.0,-1.0,2,0,71.0,1.7,582.8,0.0,0.0,0.0
2026-09-19 17:34:53,mfsweep_shard0,SPT_SMPT,43,3592.86,98,0,0,2575.2,-1.0,-1.0,2,0,85.6,1.7,556.5,0.0,0.0,0.0
2026-09-19 17:34:53,mfsweep_shard0,SPT_SMPT,43,3592.86,99,0,0,2601.5,-1.0,-1.0,2,0,81.9,1.7,530.3,0.0,0.0,0.0
2026-09-19 17:34:53,mfsweep_shard0,SPT_SMPT,43,3592.86,100,0,0,2627.7,-1.0,-1.0,2,0,53.9,1.8,504.0,0.0,0.0,0.0
2026-09-19 17:34:53,mfsweep_shard0,SPT_SMPT,43,3592.86,101,0,0,2654.0,-1.0,-1.0,2,0,77.3,1.8,477.7,0.0,0.0,0.0
2026-09-19 17:34:53,mfsweep_shard0,SPT_SMPT,43,3592.86,102,0,0,2680.3,-1.0,-1.0,2,0,76.0,1.8,451.4,0.0,0.0,0.0
2026-09-19 17:34:53,mfsweep_shard0,SPT_SMPT,43,3592.86,103,0,0,2706.6,-1.0,-1.0,2,0,71.2,1.8,425.2,0.0,0.0,0.0
2026-09-19 17:34:53,mfsweep_shard0,SPT_SMPT,43,3592.86,104,0,0,2732.9,-1.0,-1.0,2,0,62.3,1.8,398.9,0.0,0.0,0.0
2026-09-19 17:34:53,mfsweep_shard0,SPT_SMPT,43,3592.86,105,0,0,2759.1,-1.0,-1.0,2,0,74.7,1.9,372.6,0.0,0.0,0.0
2026-09-19 17:34:53,mfsweep_shard0,SPT_SMPT,43,3592.86,106,0,0,2785.4,-1.0,-1.0,2,0,57.2,1.9,346.3,0.0,0.0,0.0
2026-09-19 17:34:53,mfsweep_shard0,SPT_SMPT,43,3592.86,107,0,0,2811.7,-1.0,-1.0,2,0,67.9,1.9,320.0,0.0,0.0,0.0
2026-09-19 17:34:53,mfsweep_shard0,SPT_SMPT,43,3592.86,108,0,0,2838.0,-1.0,-1.0,2,0,68.5,1.9,293.8,0.0,0.0,0.0
2026-09-19 17:34:53,mfsweep_shard0,SPT_SMPT,43,3592.86,109,0,0,2864.2,-1.0,-1.0,2,0,85.0,1.9,267.5,0.0,0.0,0.0
2026-09-19 17:34:53,mfsweep_shard0,SPT_SMPT,43,3592.86,110,0,0,2890.5,-1.0,-1.0,2,0,82.4,1.9,241.2,0.0,0.0,0.0
2026-09-19 17:34:53,mfsweep_shard0,SPT_SMPT,43,3592.86,111,0,0,2916.8,-1.0,-1.0,2,0,62.2,2.0,214.9,0.0,0.0,0.0
2026-09-19 17:34:53,mfsweep_shard0,SPT_SMPT,43,3592.86,112,0,0,2943.1,-1.0,-1.0,2,0,70.0,2.0,188.7,0.0,0.0,0.0
2026-09-19 17:34:53,mfsweep_shard0,SPT_SMPT,43,3592.86,113,0,0,2969.3,-1.0,-1.0,2,0,59.4,2.0,162.4,0.0,0.0,0.0
2026-09-19 17:34:53,mfsweep_shard0,SPT_SMPT,43,3592.86,114,0,0,2995.6,-1.0,-1.0,2,0,83.6,2.0,136.1,0.0,0.0,0.0
2026-09-19 17:34:53,mfsweep_shard0,SPT_SMPT,43,3592.86,115,0,0,3021.9,-1.0,-1.0,2,0,82.2,2.1,109.8,0.0,0.0,0.0
2026-09-19 17:34:53,mfsweep_shard0,SPT_SMPT,43,3592.86,116,0,0,3048.2,-1.0,-1.0,2,0,63.4,2.1,83.5,0.0,0.0,0.0
2026-09-19 17:34:53,mfsweep_shard0,SPT_SMPT,43,3592.86,117,0,0,3074.5,-1.0,-1.0,2,0,74.6,2.1,57.3,0.0,0.0,0.0
2026-09-19 17:34:53,mfsweep_shard0,SPT_SMPT,43,3592.86,118,0,0,3100.7,-1.0,-1.0,2,0,73.6,2.1,31.0,0.0,0.0,0.0
2026-09-19 17:34:53,mfsweep_shard0,SPT_SMPT,43,3592.86,119,0,0,3127.0,-1.0,-1.0,2,0,58.5,2.1,4.7,0.0,0.0,0.0
2026-09-19 17:34:53,mfsweep_shard0,SPT_SMPT,43,3592.86,120,0,0,3153.3,-1.0,-1.0,2,0,78.7,0.0,0.0,0.0,0.0,0.0
2026-09-19 17:34:53,mfsweep_shard0,SPT_SMPT,43,3592.86,121,0,0,3179.6,-1.0,-1.0,2,0,71.3,0.0,0.0,0.0,0.0,0.0
2026-09-19 17:34:53,mfsweep_shard0,SPT_SMPT,43,3592.86,122,0,0,3205.8,-1.0,-1.0,2,0,79.2,0.0,0.0,0.0,0.0,0.0
2026-09-19 17:34:53,mfsweep_shard0,SPT_SMPT,43,3592.86,123,0,0,3232.1,-1.0,-1.0,2,0,71.0,0.0,0.0,0.0,0.0,0.0
2026-09-19 17:34:53,mfsweep_shard0,SPT_SMPT,43,3592.86,124,0,0,3258.4,-1.0,-1.0,2,0,53.5,0.0,0.0,0.0,0.0,0.0
2026-09-19 17:34:53,mfsweep_shard0,SPT_SMPT,43,3592.86,125,0,0,3284.7,-1.0,-1.0,2,0,64.2,0.0,0.0,0.0,0.0,0.0
2026-09-19 17:34:53,mfsweep_shard0,SPT_SMPT,43,3592.86,126,0,0,3311.0,-1.0,-1.0,2,0,54.1,0.0,0.0,0.0,0.0,0.0
2026-09-19 17:34:53,mfsweep_shard0,SPT_SMPT,43,3592.86,127,0,0,3337.2,-1.0,-1.0,2,0,84.2,0.0,0.0,0.0,0.0,0.0
2026-09-19 17:34:53,mfsweep_shard0,SPT_SMPT,43,3592.86,128,0,0,3363.5,-1.0,-1.0,2,0,82.5,0.0,0.0,0.0,0.0,0.0
2026-09-19 17:34:53,mfsweep_shard0,SPT_SMPT,43,3592.86,129,0,0,3389.8,-1.0,-1.0,2,0,80.9,0.0,0.0,0.0,0.0,0.0
2026-09-19 17:34:53,mfsweep_shard0,SPT_SMPT,43,3592.86,130,0,0,3416.1,-1.0,-1.0,2,0,63.7,0.0,0.0,0.0,0.0,0.0
2026-09-19 17:34:53,mfsweep_shard0,SPT_SMPT,43,3592.86,131,0,0,3442.3,-1.0,-1.0,2,0,55.4,0.0,0.0,0.0,0.0,0.0
2026-09-19 17:34:53,mfsweep_shard0,SPT_SMPT,43,3592.86,132,0,0,3468.6,-1.0,-1.0,2,0,82.5,0.0,0.0,0.0,0.0,0.0
2026-09-19 17:34:53,mfsweep_shard0,SPT_SMPT,43,3592.86,133,0,0,3494.9,-1.0,-1.0,2,0,84.8,0.0,0.0,0.0,0.0,0.0
2026-09-19 17:34:53,mfsweep_shard0,SPT_SMPT,43,3592.86,134,0,0,3521.2,-1.0,-1.0,2,0,56.3,0.0,0.0,0.0,0.0,0.0
2026-09-19 17:34:53,mfsweep_shard0,SPT_SMPT,43,3592.86,135,0,0,3547.5,-1.0,-1.0,2,0,69.5,0.0,0.0,0.0,0.0,0.0
2026-09-19 17:34:53,mfsweep_shard0,SPT_SMPT,43,3592.86,136,0,0,3573.7,-1.0,-1.0,2,0,55.8,0.0,0.0,0.0,0.0,0.0
2026-09-19 17:37:21,mfsweep_shard0,SPT_SMPT,44,3387.22,0,0,1,0.0,237.5,237.5,2,2,74.6,0.0,78.9,84.0,0.0,74.6
2026-09-19 17:37:21,mfsweep_shard0,SPT_SMPT,44,3387.22,1,0,1,26.3,312.0,285.8,2,2,54.4,0.0,92.9,117.5,20.9,54.4
2026-09-19 17:37:21,mfsweep_shard0,SPT_SMPT,44,3387.22,2,0,0,52.6,-1.0,-1.0,2,2,62.6,0.0,3142.4,42.8,84.6,62.6
2026-09-19 17:37:21,mfsweep_shard0,SPT_SMPT,44,3387.22,3,0,0,78.8,-1.0,-1.0,2,2,60.9,0.0,2811.6,260.6,10.2,60.9
2026-09-19 17:37:21,mfsweep_shard0,SPT_SMPT,44,3387.22,4,0,0,105.1,-1.0,-1.0,2,2,77.8,0.0,2901.5,54.7,75.1,77.8
2026-09-19 17:37:21,mfsweep_shard0,SPT_SMPT,44,3387.22,5,0,0,131.4,-1.0,-1.0,2,1,75.8,0.0,2510.3,659.4,0.0,19.7
2026-09-19 17:37:21,mfsweep_shard0,SPT_SMPT,44,3387.22,6,0,0,157.7,-1.0,-1.0,2,1,83.0,0.1,2377.8,706.3,0.0,15.0
2026-09-19 17:37:21,mfsweep_shard0,SPT_SMPT,44,3387.22,7,0,0,183.9,-1.0,-1.0,2,2,56.4,0.0,2114.2,1011.2,21.2,56.4
2026-09-19 17:37:21,mfsweep_shard0,SPT_SMPT,44,3387.22,8,0,0,210.2,-1.0,-1.0,2,1,67.4,0.2,2809.6,285.8,0.0,15.0
2026-09-19 17:37:21,mfsweep_shard0,SPT_SMPT,44,3387.22,9,0,0,236.5,-1.0,-1.0,2,0,54.5,0.1,2390.7,677.2,0.0,0.0
2026-09-19 17:37:21,mfsweep_shard0,SPT_SMPT,44,3387.22,10,0,0,262.8,-1.0,-1.0,2,0,60.7,0.2,2463.0,661.1,0.0,0.0
2026-09-19 17:37:21,mfsweep_shard0,SPT_SMPT,44,3387.22,11,0,0,289.1,-1.0,-1.0,2,0,70.2,0.4,2388.3,628.3,0.0,0.0
2026-09-19 17:37:21,mfsweep_shard0,SPT_SMPT,44,3387.22,12,0,0,315.3,-1.0,-1.0,2,0,54.4,0.4,2448.3,360.4,0.0,0.0
2026-09-19 17:37:21,mfsweep_shard0,SPT_SMPT,44,3387.22,13,0,0,341.6,-1.0,-1.0,2,0,60.1,0.6,2421.8,360.4,0.0,0.0
2026-09-19 17:37:21,mfsweep_shard0,SPT_SMPT,44,3387.22,14,0,0,367.9,-1.0,-1.0,2,0,75.0,0.7,2755.8,0.0,0.0,0.0
2026-09-19 17:37:21,mfsweep_shard0,SPT_SMPT,44,3387.22,15,0,0,394.2,-1.0,-1.0,2,0,71.5,0.7,2729.6,0.0,0.0,0.0
2026-09-19 17:37:21,mfsweep_shard0,SPT_SMPT,44,3387.22,16,0,0,420.4,-1.0,-1.0,2,0,60.8,0.8,2703.2,0.0,0.0,0.0
2026-09-19 17:37:21,mfsweep_shard0,SPT_SMPT,44,3387.22,17,0,0,446.7,-1.0,-1.0,2,0,73.0,0.9,2676.8,0.0,0.0,0.0
2026-09-19 17:37:21,mfsweep_shard0,SPT_SMPT,44,3387.22,18,0,0,473.0,-1.0,-1.0,2,0,80.2,1.0,2650.4,0.0,0.0,0.0
2026-09-19 17:37:21,mfsweep_shard0,SPT_SMPT,44,3387.22,19,0,0,499.3,-1.0,-1.0,2,0,53.7,1.2,2624.1,0.0,0.0,0.0
2026-09-19 17:37:21,mfsweep_shard0,SPT_SMPT,44,3387.22,20,0,0,525.6,-1.0,-1.0,2,0,80.1,1.3,2597.7,0.0,0.0,0.0
2026-09-19 17:37:21,mfsweep_shard0,SPT_SMPT,44,3387.22,21,0,0,551.8,-1.0,-1.0,2,0,76.5,1.4,2571.3,0.0,0.0,0.0
2026-09-19 17:37:21,mfsweep_shard0,SPT_SMPT,44,3387.22,22,0,0,578.1,-1.0,-1.0,2,0,64.7,1.5,2544.9,0.0,0.0,0.0
2026-09-19 17:37:21,mfsweep_shard0,SPT_SMPT,44,3387.22,23,0,0,604.4,-1.0,-1.0,2,0,58.6,1.7,2518.5,0.0,0.0,0.0
2026-09-19 17:37:21,mfsweep_shard0,SPT_SMPT,44,3387.22,24,0,0,630.7,-1.0,-1.0,2,0,85.1,1.8,2492.2,0.0,0.0,0.0
2026-09-19 17:37:21,mfsweep_shard0,SPT_SMPT,44,3387.22,25,0,0,656.9,-1.0,-1.0,2,0,64.6,1.9,2465.8,0.0,0.0,0.0
2026-09-19 17:37:21,mfsweep_shard0,SPT_SMPT,44,3387.22,26,0,0,683.2,-1.0,-1.0,2,0,56.6,2.0,2439.4,0.0,0.0,0.0
2026-09-19 17:37:21,mfsweep_shard0,SPT_SMPT,44,3387.22,27,0,0,709.5,-1.0,-1.0,2,0,56.7,2.1,2413.0,0.0,0.0,0.0
2026-09-19 17:37:21,mfsweep_shard0,SPT_SMPT,44,3387.22,28,0,0,735.8,-1.0,-1.0,2,0,81.5,2.2,2386.7,0.0,0.0,0.0
2026-09-19 17:37:21,mfsweep_shard0,SPT_SMPT,44,3387.22,29,0,0,762.0,-1.0,-1.0,2,0,73.4,2.4,2360.3,0.0,0.0,0.0
2026-09-19 17:37:21,mfsweep_shard0,SPT_SMPT,44,3387.22,30,0,0,788.3,-1.0,-1.0,2,0,80.1,2.1,2334.3,0.0,0.0,0.0
2026-09-19 17:37:21,mfsweep_shard0,SPT_SMPT,44,3387.22,31,0,0,814.6,-1.0,-1.0,2,0,77.6,2.2,2307.9,0.0,0.0,0.0
2026-09-19 17:37:21,mfsweep_shard0,SPT_SMPT,44,3387.22,32,0,0,840.9,-1.0,-1.0,2,0,71.2,2.3,2281.6,0.0,0.0,0.0
2026-09-19 17:37:21,mfsweep_shard0,SPT_SMPT,44,3387.22,33,0,0,867.2,-1.0,-1.0,2,0,85.6,2.4,2255.2,0.0,0.0,0.0
2026-09-19 17:37:21,mfsweep_shard0,SPT_SMPT,44,3387.22,34,0,0,893.4,-1.0,-1.0,2,0,66.0,2.5,2228.9,0.0,0.0,0.0
2026-09-19 17:37:21,mfsweep_shard0,SPT_SMPT,44,3387.22,35,0,0,919.7,-1.0,-1.0,2,0,71.7,2.6,2202.5,0.0,0.0,0.0
2026-09-19 17:37:21,mfsweep_shard0,SPT_SMPT,44,3387.22,36,0,0,946.0,-1.0,-1.0,2,0,80.9,2.7,2176.2,0.0,0.0,0.0
2026-09-19 17:37:21,mfsweep_shard0,SPT_SMPT,44,3387.22,37,0,0,972.3,-1.0,-1.0,2,0,73.9,2.8,2149.8,0.0,0.0,0.0
2026-09-19 17:37:21,mfsweep_shard0,SPT_SMPT,44,3387.22,38,0,0,998.5,-1.0,-1.0,2,0,81.9,2.9,2123.4,0.0,0.0,0.0
2026-09-19 17:37:21,mfsweep_shard0,SPT_SMPT,44,3387.22,39,0,0,1024.8,-1.0,-1.0,2,0,72.6,3.0,2097.1,0.0,0.0,0.0
2026-09-19 17:37:21,mfsweep_shard0,SPT_SMPT,44,3387.22,40,0,0,1051.1,-1.0,-1.0,2,0,76.8,3.1,2070.7,0.0,0.0,0.0
2026-09-19 17:37:21,mfsweep_shard0,SPT_SMPT,44,3387.22,41,0,0,1077.4,-1.0,-1.0,2,0,55.0,3.2,2044.4,0.0,0.0,0.0
2026-09-19 17:37:21,mfsweep_shard0,SPT_SMPT,44,3387.22,42,0,0,1103.7,-1.0,-1.0,2,0,61.0,2.0,2019.3,0.0,0.0,0.0
2026-09-19 17:37:21,mfsweep_shard0,SPT_SMPT,44,3387.22,43,0,0,1129.9,-1.0,-1.0,2,0,63.1,2.0,1993.0,0.0,0.0,0.0
2026-09-19 17:37:21,mfsweep_shard0,SPT_SMPT,44,3387.22,44,0,0,1156.2,-1.0,-1.0,2,0,56.1,2.1,1966.7,0.0,0.0,0.0
2026-09-19 17:37:21,mfsweep_shard0,SPT_SMPT,44,3387.22,45,0,0,1182.5,-1.0,-1.0,2,0,61.2,2.2,1940.4,0.0,0.0,0.0
2026-09-19 17:37:21,mfsweep_shard0,SPT_SMPT,44,3387.22,46,0,0,1208.8,-1.0,-1.0,2,0,56.8,2.2,1914.1,0.0,0.0,0.0
2026-09-19 17:37:21,mfsweep_shard0,SPT_SMPT,44,3387.22,47,0,0,1235.0,-1.0,-1.0,2,0,62.7,2.3,1887.7,0.0,0.0,0.0
2026-09-19 17:37:21,mfsweep_shard0,SPT_SMPT,44,3387.22,48,0,0,1261.3,-1.0,-1.0,2,0,74.5,2.3,1861.4,0.0,0.0,0.0
2026-09-19 17:37:21,mfsweep_shard0,SPT_SMPT,44,3387.22,49,0,0,1287.6,-1.0,-1.0,2,0,65.5,2.4,1835.1,0.0,0.0,0.0
2026-09-19 17:37:21,mfsweep_shard0,SPT_SMPT,44,3387.22,50,0,0,1313.9,-1.0,-1.0,2,0,65.7,2.4,1808.8,0.0,0.0,0.0
2026-09-19 17:37:21,mfsweep_shard0,SPT_SMPT,44,3387.22,51,0,0,1340.2,-1.0,-1.0,2,0,60.4,2.5,1782.5,0.0,0.0,0.0
2026-09-19 17:37:21,mfsweep_shard0,SPT_SMPT,44,3387.22,52,0,0,1366.4,-1.0,-1.0,2,0,62.3,2.6,1756.2,0.0,0.0,0.0
2026-09-19 17:37:21,mfsweep_shard0,SPT_SMPT,44,3387.22,53,0,0,1392.7,-1.0,-1.0,2,0,84.4,1.8,1730.7,0.0,0.0,0.0
2026-09-19 17:37:21,mfsweep_shard0,SPT_SMPT,44,3387.22,54,0,0,1419.0,-1.0,-1.0,2,0,74.9,1.8,1704.4,0.0,0.0,0.0
2026-09-19 17:37:21,mfsweep_shard0,SPT_SMPT,44,3387.22,55,0,0,1445.3,-1.0,-1.0,2,0,73.6,0.9,1679.0,0.0,0.0,0.0
2026-09-19 17:37:21,mfsweep_shard0,SPT_SMPT,44,3387.22,56,0,0,1471.5,-1.0,-1.0,2,0,59.2,1.0,1652.7,0.0,0.0,0.0
2026-09-19 17:37:21,mfsweep_shard0,SPT_SMPT,44,3387.22,57,0,0,1497.8,-1.0,-1.0,2,0,77.6,1.0,1626.4,0.0,0.0,0.0
2026-09-19 17:37:21,mfsweep_shard0,SPT_SMPT,44,3387.22,58,0,0,1524.1,-1.0,-1.0,2,0,58.9,1.0,1600.2,0.0,0.0,0.0
2026-09-19 17:37:21,mfsweep_shard0,SPT_SMPT,44,3387.22,59,0,0,1550.4,-1.0,-1.0,2,0,66.0,1.0,1573.9,0.0,0.0,0.0
2026-09-19 17:37:21,mfsweep_shard0,SPT_SMPT,44,3387.22,60,0,0,1576.6,-1.0,-1.0,2,0,86.2,1.0,1547.6,0.0,0.0,0.0
2026-09-19 17:37:21,mfsweep_shard0,SPT_SMPT,44,3387.22,61,0,0,1602.9,-1.0,-1.0,2,0,74.6,1.1,1521.4,0.0,0.0,0.0
2026-09-19 17:37:21,mfsweep_shard0,SPT_SMPT,44,3387.22,62,0,0,1629.2,-1.0,-1.0,2,0,71.9,1.1,1495.1,0.0,0.0,0.0
2026-09-19 17:37:21,mfsweep_shard0,SPT_SMPT,44,3387.22,63,0,0,1655.5,-1.0,-1.0,2,0,76.1,1.1,1468.8,0.0,0.0,0.0
2026-09-19 17:37:21,mfsweep_shard0,SPT_SMPT,44,3387.22,64,0,0,1681.8,-1.0,-1.0,2,0,81.3,1.1,1442.5,0.0,0.0,0.0
2026-09-19 17:37:21,mfsweep_shard0,SPT_SMPT,44,3387.22,65,0,0,1708.0,-1.0,-1.0,2,0,79.1,1.1,1416.3,0.0,0.0,0.0
2026-09-19 17:37:21,mfsweep_shard0,SPT_SMPT,44,3387.22,66,0,0,1734.3,-1.0,-1.0,2,0,61.1,1.1,1390.0,0.0,0.0,0.0
2026-09-19 17:37:21,mfsweep_shard0,SPT_SMPT,44,3387.22,67,0,0,1760.6,-1.0,-1.0,2,0,54.6,1.2,1363.7,0.0,0.0,0.0
2026-09-19 17:37:21,mfsweep_shard0,SPT_SMPT,44,3387.22,68,0,0,1786.9,-1.0,-1.0,2,0,63.9,1.2,1337.4,0.0,0.0,0.0
2026-09-19 17:37:21,mfsweep_shard0,SPT_SMPT,44,3387.22,69,0,0,1813.1,-1.0,-1.0,2,0,62.3,1.2,1311.1,0.0,0.0,0.0
2026-09-19 17:37:21,mfsweep_shard0,SPT_SMPT,44,3387.22,70,0,0,1839.4,-1.0,-1.0,2,0,60.5,1.2,1284.9,0.0,0.0,0.0
2026-09-19 17:37:21,mfsweep_shard0,SPT_SMPT,44,3387.22,71,0,0,1865.7,-1.0,-1.0,2,0,84.6,1.2,1258.6,0.0,0.0,0.0
2026-09-19 17:37:21,mfsweep_shard0,SPT_SMPT,44,3387.22,72,0,0,1892.0,-1.0,-1.0,2,0,82.4,1.3,1232.3,0.0,0.0,0.0
2026-09-19 17:37:21,mfsweep_shard0,SPT_SMPT,44,3387.22,73,0,0,1918.3,-1.0,-1.0,2,0,63.9,1.3,1206.0,0.0,0.0,0.0
2026-09-19 17:37:21,mfsweep_shard0,SPT_SMPT,44,3387.22,74,0,0,1944.5,-1.0,-1.0,2,0,75.1,1.3,1179.8,0.0,0.0,0.0
2026-09-19 17:37:21,mfsweep_shard0,SPT_SMPT,44,3387.22,75,0,0,1970.8,-1.0,-1.0,2,0,66.6,1.3,1153.5,0.0,0.0,0.0
2026-09-19 17:37:21,mfsweep_shard0,SPT_SMPT,44,3387.22,76,0,0,1997.1,-1.0,-1.0,2,0,83.7,1.4,1127.2,0.0,0.0,0.0
2026-09-19 17:37:21,mfsweep_shard0,SPT_SMPT,44,3387.22,77,0,0,2023.4,-1.0,-1.0,2,0,68.6,1.4,1100.9,0.0,0.0,0.0
2026-09-19 17:37:21,mfsweep_shard0,SPT_SMPT,44,3387.22,78,0,0,2049.6,-1.0,-1.0,2,0,62.2,0.1,1254.8,0.0,0.0,0.0
2026-09-19 17:37:21,mfsweep_shard0,SPT_SMPT,44,3387.22,79,0,0,2075.9,-1.0,-1.0,2,0,61.6,0.1,1228.6,0.0,0.0,0.0
2026-09-19 17:37:21,mfsweep_shard0,SPT_SMPT,44,3387.22,80,0,0,2102.2,-1.0,-1.0,2,0,72.0,1.4,1022.1,0.0,0.0,0.0
2026-09-19 17:37:21,mfsweep_shard0,SPT_SMPT,44,3387.22,81,0,0,2128.5,-1.0,-1.0,2,0,62.2,1.4,995.8,0.0,0.0,0.0
2026-09-19 17:37:21,mfsweep_shard0,SPT_SMPT,44,3387.22,82,0,0,2154.7,-1.0,-1.0,2,0,72.8,1.4,969.5,0.0,0.0,0.0
2026-09-19 17:37:21,mfsweep_shard0,SPT_SMPT,44,3387.22,83,0,0,2181.0,-1.0,-1.0,2,0,83.1,1.5,943.3,0.0,0.0,0.0
2026-09-19 17:37:21,mfsweep_shard0,SPT_SMPT,44,3387.22,84,0,0,2207.3,-1.0,-1.0,2,0,66.7,1.5,917.0,0.0,0.0,0.0
2026-09-19 17:37:21,mfsweep_shard0,SPT_SMPT,44,3387.22,85,0,0,2233.6,-1.0,-1.0,2,0,60.7,1.5,890.7,0.0,0.0,0.0
2026-09-19 17:37:21,mfsweep_shard0,SPT_SMPT,44,3387.22,86,0,0,2259.9,-1.0,-1.0,2,0,86.4,1.5,864.4,0.0,0.0,0.0
2026-09-19 17:37:21,mfsweep_shard0,SPT_SMPT,44,3387.22,87,0,0,2286.1,-1.0,-1.0,2,0,70.3,1.5,838.2,0.0,0.0,0.0
2026-09-19 17:37:21,mfsweep_shard0,SPT_SMPT,44,3387.22,88,0,0,2312.4,-1.0,-1.0,2,0,56.5,1.5,811.9,0.0,0.0,0.0
2026-09-19 17:37:21,mfsweep_shard0,SPT_SMPT,44,3387.22,89,0,0,2338.7,-1.0,-1.0,2,0,55.1,1.6,785.6,0.0,0.0,0.0
2026-09-19 17:37:21,mfsweep_shard0,SPT_SMPT,44,3387.22,90,0,0,2365.0,-1.0,-1.0,2,0,57.1,1.6,759.3,0.0,0.0,0.0
2026-09-19 17:37:21,mfsweep_shard0,SPT_SMPT,44,3387.22,91,0,0,2391.2,-1.0,-1.0,2,0,74.2,1.6,733.0,0.0,0.0,0.0
2026-09-19 17:37:21,mfsweep_shard0,SPT_SMPT,44,3387.22,92,0,0,2417.5,-1.0,-1.0,2,0,79.6,1.6,706.8,0.0,0.0,0.0
2026-09-19 17:37:21,mfsweep_shard0,SPT_SMPT,44,3387.22,93,0,0,2443.8,-1.0,-1.0,2,0,67.4,1.7,680.5,0.0,0.0,0.0
2026-09-19 17:37:21,mfsweep_shard0,SPT_SMPT,44,3387.22,94,0,0,2470.1,-1.0,-1.0,2,0,55.6,1.7,654.2,0.0,0.0,0.0
2026-09-19 17:37:21,mfsweep_shard0,SPT_SMPT,44,3387.22,95,0,0,2496.4,-1.0,-1.0,2,0,66.1,1.7,627.9,0.0,0.0,0.0
2026-09-19 17:37:21,mfsweep_shard0,SPT_SMPT,44,3387.22,96,0,0,2522.6,-1.0,-1.0,2,0,86.4,1.7,601.7,0.0,0.0,0.0
2026-09-19 17:37:21,mfsweep_shard0,SPT_SMPT,44,3387.22,97,0,0,2548.9,-1.0,-1.0,2,0,71.0,1.7,575.4,0.0,0.0,0.0
2026-09-19 17:37:21,mfsweep_shard0,SPT_SMPT,44,3387.22,98,0,0,2575.2,-1.0,-1.0,2,0,85.6,1.8,549.1,0.0,0.0,0.0
2026-09-19 17:37:21,mfsweep_shard0,SPT_SMPT,44,3387.22,99,0,0,2601.5,-1.0,-1.0,2,0,81.9,1.8,522.8,0.0,0.0,0.0
2026-09-19 17:37:21,mfsweep_shard0,SPT_SMPT,44,3387.22,100,0,0,2627.7,-1.0,-1.0,2,0,53.9,1.8,496.5,0.0,0.0,0.0
2026-09-19 17:37:21,mfsweep_shard0,SPT_SMPT,44,3387.22,101,0,0,2654.0,-1.0,-1.0,2,0,77.3,1.8,470.3,0.0,0.0,0.0
2026-09-19 17:37:21,mfsweep_shard0,SPT_SMPT,44,3387.22,102,0,0,2680.3,-1.0,-1.0,2,0,76.0,1.8,444.0,0.0,0.0,0.0
2026-09-19 17:37:21,mfsweep_shard0,SPT_SMPT,44,3387.22,103,0,0,2706.6,-1.0,-1.0,2,0,71.2,1.8,417.7,0.0,0.0,0.0
2026-09-19 17:37:21,mfsweep_shard0,SPT_SMPT,44,3387.22,104,0,0,2732.9,-1.0,-1.0,2,0,62.3,1.9,391.4,0.0,0.0,0.0
2026-09-19 17:37:21,mfsweep_shard0,SPT_SMPT,44,3387.22,105,0,0,2759.1,-1.0,-1.0,2,0,74.7,1.9,365.2,0.0,0.0,0.0
2026-09-19 17:37:21,mfsweep_shard0,SPT_SMPT,44,3387.22,106,0,0,2785.4,-1.0,-1.0,2,0,57.2,1.9,338.9,0.0,0.0,0.0
2026-09-19 17:37:21,mfsweep_shard0,SPT_SMPT,44,3387.22,107,0,0,2811.7,-1.0,-1.0,2,0,67.9,1.9,312.6,0.0,0.0,0.0
2026-09-19 17:37:21,mfsweep_shard0,SPT_SMPT,44,3387.22,108,0,0,2838.0,-1.0,-1.0,2,0,68.5,2.0,286.3,0.0,0.0,0.0
2026-09-19 17:37:21,mfsweep_shard0,SPT_SMPT,44,3387.22,109,0,0,2864.2,-1.0,-1.0,2,0,85.0,2.0,260.1,0.0,0.0,0.0
2026-09-19 17:37:21,mfsweep_shard0,SPT_SMPT,44,3387.22,110,0,0,2890.5,-1.0,-1.0,2,0,82.4,2.0,233.8,0.0,0.0,0.0
2026-09-19 17:37:21,mfsweep_shard0,SPT_SMPT,44,3387.22,111,0,0,2916.8,-1.0,-1.0,2,0,62.2,2.0,207.5,0.0,0.0,0.0
2026-09-19 17:37:21,mfsweep_shard0,SPT_SMPT,44,3387.22,112,0,0,2943.1,-1.0,-1.0,2,0,70.0,2.0,181.2,0.0,0.0,0.0
2026-09-19 17:37:21,mfsweep_shard0,SPT_SMPT,44,3387.22,113,0,0,2969.3,-1.0,-1.0,2,0,59.4,2.1,154.9,0.0,0.0,0.0
2026-09-19 17:37:21,mfsweep_shard0,SPT_SMPT,44,3387.22,114,0,0,2995.6,-1.0,-1.0,2,0,83.6,2.1,128.7,0.0,0.0,0.0
2026-09-19 17:37:21,mfsweep_shard0,SPT_SMPT,44,3387.22,115,0,0,3021.9,-1.0,-1.0,2,0,82.2,2.1,102.4,0.0,0.0,0.0
2026-09-19 17:37:21,mfsweep_shard0,SPT_SMPT,44,3387.22,116,0,0,3048.2,-1.0,-1.0,2,0,63.4,2.1,76.1,0.0,0.0,0.0
2026-09-19 17:37:21,mfsweep_shard0,SPT_SMPT,44,3387.22,117,0,0,3074.5,-1.0,-1.0,2,0,74.6,2.1,49.8,0.0,0.0,0.0
2026-09-19 17:37:21,mfsweep_shard0,SPT_SMPT,44,3387.22,118,0,0,3100.7,-1.0,-1.0,2,0,73.6,2.1,23.6,0.0,0.0,0.0
2026-09-19 17:37:21,mfsweep_shard0,SPT_SMPT,44,3387.22,119,0,0,3127.0,-1.0,-1.0,2,0,58.5,0.0,0.0,0.0,0.0,0.0
2026-09-19 17:37:21,mfsweep_shard0,SPT_SMPT,44,3387.22,120,0,0,3153.3,-1.0,-1.0,2,0,78.7,0.0,0.0,0.0,0.0,0.0
2026-09-19 17:37:21,mfsweep_shard0,SPT_SMPT,44,3387.22,121,0,0,3179.6,-1.0,-1.0,2,0,71.3,0.0,0.0,0.0,0.0,0.0
2026-09-19 17:37:21,mfsweep_shard0,SPT_SMPT,44,3387.22,122,0,0,3205.8,-1.0,-1.0,2,0,79.2,0.0,0.0,0.0,0.0,0.0
2026-09-19 17:37:21,mfsweep_shard0,SPT_SMPT,44,3387.22,123,0,0,3232.1,-1.0,-1.0,2,0,71.0,0.0,0.0,0.0,0.0,0.0
2026-09-19 17:37:21,mfsweep_shard0,SPT_SMPT,44,3387.22,124,0,0,3258.4,-1.0,-1.0,2,0,53.5,0.0,0.0,0.0,0.0,0.0
2026-09-19 17:37:21,mfsweep_shard0,SPT_SMPT,44,3387.22,125,0,0,3284.7,-1.0,-1.0,2,0,64.2,0.0,0.0,0.0,0.0,0.0
2026-09-19 17:37:21,mfsweep_shard0,SPT_SMPT,44,3387.22,126,0,0,3311.0,-1.0,-1.0,2,0,54.1,0.0,0.0,0.0,0.0,0.0
2026-09-19 17:37:21,mfsweep_shard0,SPT_SMPT,44,3387.22,127,0,0,3337.2,-1.0,-1.0,2,0,84.2,0.0,0.0,0.0,0.0,0.0
2026-09-19 17:37:21,mfsweep_shard0,SPT_SMPT,44,3387.22,128,0,0,3363.5,-1.0,-1.0,2,0,82.5,0.0,0.0,0.0,0.0,0.0
2026-09-19 17:40:30,mfsweep_shard0,SPT_SMPT,45,4187.36,0,0,1,0.0,232.9,232.9,2,2,74.6,0.0,74.0,84.2,0.0,74.6
2026-09-19 17:40:30,mfsweep_shard0,SPT_SMPT,45,4187.36,1,0,1,26.3,283.4,257.1,2,2,54.4,0.0,88.2,93.6,20.9,54.4
2026-09-19 17:40:30,mfsweep_shard0,SPT_SMPT,45,4187.36,2,0,1,52.6,378.8,326.2,2,2,62.6,0.0,61.9,117.0,84.6,62.6
2026-09-19 17:40:30,mfsweep_shard0,SPT_SMPT,45,4187.36,3,0,1,78.8,371.8,292.9,2,2,60.9,0.0,90.4,131.3,10.2,60.9
2026-09-19 17:40:30,mfsweep_shard0,SPT_SMPT,45,4187.36,4,0,0,105.1,-1.0,-1.0,2,2,77.8,0.0,2952.8,915.4,96.3,77.8
2026-09-19 17:40:30,mfsweep_shard0,SPT_SMPT,45,4187.36,5,0,0,131.4,-1.0,-1.0,2,2,75.9,0.0,3058.8,814.1,50.2,87.4
2026-09-19 17:40:30,mfsweep_shard0,SPT_SMPT,45,4187.36,6,0,0,157.7,-1.0,-1.0,2,2,83.0,0.1,3212.8,695.1,1.5,83.0
2026-09-19 17:40:30,mfsweep_shard0,SPT_SMPT,45,4187.36,7,0,0,183.9,-1.0,-1.0,2,2,56.4,0.0,3188.7,713.9,0.0,56.4
2026-09-19 17:40:30,mfsweep_shard0,SPT_SMPT,45,4187.36,8,0,0,210.2,-1.0,-1.0,2,1,67.4,0.1,3419.6,458.7,0.0,19.6
2026-09-19 17:40:30,mfsweep_shard0,SPT_SMPT,45,4187.36,9,0,0,236.5,-1.0,-1.0,2,1,54.5,0.2,2896.0,960.4,0.0,15.0
2026-09-19 17:40:30,mfsweep_shard0,SPT_SMPT,45,4187.36,10,0,0,262.8,-1.0,-1.0,2,1,60.7,0.4,2832.3,997.7,0.0,15.0
2026-09-19 17:40:30,mfsweep_shard0,SPT_SMPT,45,4187.36,11,0,0,289.1,-1.0,-1.0,2,1,70.2,0.5,3343.3,460.3,0.0,15.0
2026-09-19 17:40:30,mfsweep_shard0,SPT_SMPT,45,4187.36,12,0,0,315.3,-1.0,-1.0,2,1,54.4,0.7,3287.1,490.1,0.0,15.0
2026-09-19 17:40:30,mfsweep_shard0,SPT_SMPT,45,4187.36,13,0,0,341.6,-1.0,-1.0,2,0,60.1,0.1,2525.8,1243.6,0.0,0.0
2026-09-19 17:40:30,mfsweep_shard0,SPT_SMPT,45,4187.36,14,0,0,367.9,-1.0,-1.0,2,0,75.0,0.1,2681.3,880.1,0.0,0.0
2026-09-19 17:40:30,mfsweep_shard0,SPT_SMPT,45,4187.36,15,0,0,394.2,-1.0,-1.0,2,0,71.5,0.1,2740.0,793.6,0.0,0.0
2026-09-19 17:40:30,mfsweep_shard0,SPT_SMPT,45,4187.36,16,0,0,420.4,-1.0,-1.0,2,0,60.8,0.2,3313.4,193.9,0.0,0.0
2026-09-19 17:40:30,mfsweep_shard0,SPT_SMPT,45,4187.36,17,0,0,446.7,-1.0,-1.0,2,0,73.0,0.3,3480.9,0.0,0.0,0.0
2026-09-19 17:40:30,mfsweep_shard0,SPT_SMPT,45,4187.36,18,0,0,473.0,-1.0,-1.0,2,0,80.2,0.4,3454.6,0.0,0.0,0.0
2026-09-19 17:40:30,mfsweep_shard0,SPT_SMPT,45,4187.36,19,0,0,499.3,-1.0,-1.0,2,0,53.7,0.4,3428.4,0.0,0.0,0.0
2026-09-19 17:40:30,mfsweep_shard0,SPT_SMPT,45,4187.36,20,0,0,525.6,-1.0,-1.0,2,0,80.1,0.3,3041.8,0.0,0.0,0.0
2026-09-19 17:40:30,mfsweep_shard0,SPT_SMPT,45,4187.36,21,0,0,551.8,-1.0,-1.0,2,0,76.5,0.3,3015.5,0.0,0.0,0.0
2026-09-19 17:40:30,mfsweep_shard0,SPT_SMPT,45,4187.36,22,0,0,578.1,-1.0,-1.0,2,0,64.7,0.4,2989.2,0.0,0.0,0.0
2026-09-19 17:40:30,mfsweep_shard0,SPT_SMPT,45,4187.36,23,0,0,604.4,-1.0,-1.0,2,0,58.6,0.4,2962.9,0.0,0.0,0.0
2026-09-19 17:40:30,mfsweep_shard0,SPT_SMPT,45,4187.36,24,0,0,630.7,-1.0,-1.0,2,0,85.1,0.4,2936.6,0.0,0.0,0.0
2026-09-19 17:40:30,mfsweep_shard0,SPT_SMPT,45,4187.36,25,0,0,656.9,-1.0,-1.0,2,0,64.6,0.5,2910.4,0.0,0.0,0.0
2026-09-19 17:40:30,mfsweep_shard0,SPT_SMPT,45,4187.36,26,0,0,683.2,-1.0,-1.0,2,0,56.6,0.5,2884.1,0.0,0.0,0.0
2026-09-19 17:40:30,mfsweep_shard0,SPT_SMPT,45,4187.36,27,0,0,709.5,-1.0,-1.0,2,0,56.7,0.5,2857.8,0.0,0.0,0.0
2026-09-19 17:40:30,mfsweep_shard0,SPT_SMPT,45,4187.36,28,0,0,735.8,-1.0,-1.0,2,0,81.5,0.6,2831.5,0.0,0.0,0.0
2026-09-19 17:40:30,mfsweep_shard0,SPT_SMPT,45,4187.36,29,0,0,762.0,-1.0,-1.0,2,0,73.4,0.6,2805.2,0.0,0.0,0.0
2026-09-19 17:40:30,mfsweep_shard0,SPT_SMPT,45,4187.36,30,0,0,788.3,-1.0,-1.0,2,0,80.1,0.7,2778.9,0.0,0.0,0.0
2026-09-19 17:40:30,mfsweep_shard0,SPT_SMPT,45,4187.36,31,0,0,814.6,-1.0,-1.0,2,0,77.6,0.7,2752.6,0.0,0.0,0.0
2026-09-19 17:40:30,mfsweep_shard0,SPT_SMPT,45,4187.36,32,0,0,840.9,-1.0,-1.0,2,0,71.2,0.8,2726.3,0.0,0.0,0.0
2026-09-19 17:40:30,mfsweep_shard0,SPT_SMPT,45,4187.36,33,0,0,867.2,-1.0,-1.0,2,0,85.6,0.8,2700.0,0.0,0.0,0.0
2026-09-19 17:40:30,mfsweep_shard0,SPT_SMPT,45,4187.36,34,0,0,893.4,-1.0,-1.0,2,0,66.0,0.8,2673.7,0.0,0.0,0.0
2026-09-19 17:40:30,mfsweep_shard0,SPT_SMPT,45,4187.36,35,0,0,919.7,-1.0,-1.0,2,0,71.7,0.9,2647.4,0.0,0.0,0.0
2026-09-19 17:40:30,mfsweep_shard0,SPT_SMPT,45,4187.36,36,0,0,946.0,-1.0,-1.0,2,0,80.9,0.9,2621.1,0.0,0.0,0.0
2026-09-19 17:40:30,mfsweep_shard0,SPT_SMPT,45,4187.36,37,0,0,972.3,-1.0,-1.0,2,0,73.9,1.0,2594.8,0.0,0.0,0.0
2026-09-19 17:40:30,mfsweep_shard0,SPT_SMPT,45,4187.36,38,0,0,998.5,-1.0,-1.0,2,0,81.9,1.0,2568.5,0.0,0.0,0.0
2026-09-19 17:40:30,mfsweep_shard0,SPT_SMPT,45,4187.36,39,0,0,1024.8,-1.0,-1.0,2,0,72.6,1.0,2542.2,0.0,0.0,0.0
2026-09-19 17:40:30,mfsweep_shard0,SPT_SMPT,45,4187.36,40,0,0,1051.1,-1.0,-1.0,2,0,76.8,1.1,2515.9,0.0,0.0,0.0
2026-09-19 17:40:30,mfsweep_shard0,SPT_SMPT,45,4187.36,41,0,0,1077.4,-1.0,-1.0,2,0,55.0,1.1,2489.6,0.0,0.0,0.0
2026-09-19 17:40:30,mfsweep_shard0,SPT_SMPT,45,4187.36,42,0,0,1103.7,-1.0,-1.0,2,0,61.0,1.1,2463.3,0.0,0.0,0.0
2026-09-19 17:40:30,mfsweep_shard0,SPT_SMPT,45,4187.36,43,0,0,1129.9,-1.0,-1.0,2,0,63.1,1.2,2437.0,0.0,0.0,0.0
2026-09-19 17:40:30,mfsweep_shard0,SPT_SMPT,45,4187.36,44,0,0,1156.2,-1.0,-1.0,2,0,56.1,1.2,2410.7,0.0,0.0,0.0
2026-09-19 17:40:30,mfsweep_shard0,SPT_SMPT,45,4187.36,45,0,0,1182.5,-1.0,-1.0,2,0,61.2,1.3,2384.4,0.0,0.0,0.0
2026-09-19 17:40:30,mfsweep_shard0,SPT_SMPT,45,4187.36,46,0,0,1208.8,-1.0,-1.0,2,0,56.8,1.3,2358.1,0.0,0.0,0.0
2026-09-19 17:40:30,mfsweep_shard0,SPT_SMPT,45,4187.36,47,0,0,1235.0,-1.0,-1.0,2,0,62.7,1.4,2331.8,0.0,0.0,0.0
2026-09-19 17:40:30,mfsweep_shard0,SPT_SMPT,45,4187.36,48,0,0,1261.3,-1.0,-1.0,2,0,74.5,1.4,2305.5,0.0,0.0,0.0
2026-09-19 17:40:30,mfsweep_shard0,SPT_SMPT,45,4187.36,49,0,0,1287.6,-1.0,-1.0,2,0,65.5,1.4,2279.2,0.0,0.0,0.0
2026-09-19 17:40:30,mfsweep_shard0,SPT_SMPT,45,4187.36,50,0,0,1313.9,-1.0,-1.0,2,0,65.7,0.7,2253.6,0.0,0.0,0.0
2026-09-19 17:40:30,mfsweep_shard0,SPT_SMPT,45,4187.36,51,0,0,1340.2,-1.0,-1.0,2,0,60.4,0.8,2227.4,0.0,0.0,0.0
2026-09-19 17:40:30,mfsweep_shard0,SPT_SMPT,45,4187.36,52,0,0,1366.4,-1.0,-1.0,2,0,62.3,0.0,0.0,0.0,0.0,0.0
2026-09-19 17:40:30,mfsweep_shard0,SPT_SMPT,45,4187.36,53,0,0,1392.7,-1.0,-1.0,2,0,84.4,0.0,0.0,0.0,0.0,0.0
2026-09-19 17:40:30,mfsweep_shard0,SPT_SMPT,45,4187.36,54,0,0,1419.0,-1.0,-1.0,2,0,74.9,0.0,0.0,0.0,0.0,0.0
2026-09-19 17:40:30,mfsweep_shard0,SPT_SMPT,45,4187.36,55,0,0,1445.3,-1.0,-1.0,2,0,73.6,0.0,0.0,0.0,0.0,0.0
2026-09-19 17:40:30,mfsweep_shard0,SPT_SMPT,45,4187.36,56,0,0,1471.5,-1.0,-1.0,2,0,59.2,0.0,0.0,0.0,0.0,0.0
2026-09-19 17:40:30,mfsweep_shard0,SPT_SMPT,45,4187.36,57,0,0,1497.8,-1.0,-1.0,2,0,77.6,0.0,0.0,0.0,0.0,0.0
2026-09-19 17:40:30,mfsweep_shard0,SPT_SMPT,45,4187.36,58,0,0,1524.1,-1.0,-1.0,2,0,58.9,0.0,0.0,0.0,0.0,0.0
2026-09-19 17:40:30,mfsweep_shard0,SPT_SMPT,45,4187.36,59,0,0,1550.4,-1.0,-1.0,2,0,66.0,0.0,0.0,0.0,0.0,0.0
2026-09-19 17:40:30,mfsweep_shard0,SPT_SMPT,45,4187.36,60,0,0,1576.6,-1.0,-1.0,2,0,86.2,0.0,0.0,0.0,0.0,0.0
2026-09-19 17:40:30,mfsweep_shard0,SPT_SMPT,45,4187.36,61,0,0,1602.9,-1.0,-1.0,2,0,74.6,0.0,0.0,0.0,0.0,0.0
2026-09-19 17:40:30,mfsweep_shard0,SPT_SMPT,45,4187.36,62,0,0,1629.2,-1.0,-1.0,2,0,71.9,0.0,0.0,0.0,0.0,0.0
2026-09-19 17:40:30,mfsweep_shard0,SPT_SMPT,45,4187.36,63,0,0,1655.5,-1.0,-1.0,2,0,76.1,0.0,0.0,0.0,0.0,0.0
2026-09-19 17:40:30,mfsweep_shard0,SPT_SMPT,45,4187.36,64,0,0,1681.8,-1.0,-1.0,2,0,81.3,0.0,0.0,0.0,0.0,0.0
2026-09-19 17:40:30,mfsweep_shard0,SPT_SMPT,45,4187.36,65,0,0,1708.0,-1.0,-1.0,2,0,79.1,0.0,0.0,0.0,0.0,0.0
2026-09-19 17:40:30,mfsweep_shard0,SPT_SMPT,45,4187.36,66,0,0,1734.3,-1.0,-1.0,2,0,61.1,0.0,0.0,0.0,0.0,0.0
2026-09-19 17:40:30,mfsweep_shard0,SPT_SMPT,45,4187.36,67,0,0,1760.6,-1.0,-1.0,2,0,54.6,0.0,0.0,0.0,0.0,0.0
2026-09-19 17:40:30,mfsweep_shard0,SPT_SMPT,45,4187.36,68,0,0,1786.9,-1.0,-1.0,2,0,63.9,0.0,0.0,0.0,0.0,0.0
2026-09-19 17:40:30,mfsweep_shard0,SPT_SMPT,45,4187.36,69,0,0,1813.1,-1.0,-1.0,2,0,62.3,0.0,0.0,0.0,0.0,0.0
2026-09-19 17:40:30,mfsweep_shard0,SPT_SMPT,45,4187.36,70,0,0,1839.4,-1.0,-1.0,2,0,60.5,0.0,0.0,0.0,0.0,0.0
2026-09-19 17:40:30,mfsweep_shard0,SPT_SMPT,45,4187.36,71,0,0,1865.7,-1.0,-1.0,2,0,84.6,0.0,0.0,0.0,0.0,0.0
2026-09-19 17:40:30,mfsweep_shard0,SPT_SMPT,45,4187.36,72,0,0,1892.0,-1.0,-1.0,2,0,82.4,0.0,0.0,0.0,0.0,0.0
2026-09-19 17:40:30,mfsweep_shard0,SPT_SMPT,45,4187.36,73,0,0,1918.3,-1.0,-1.0,2,0,63.9,0.0,0.0,0.0,0.0,0.0
2026-09-19 17:40:30,mfsweep_shard0,SPT_SMPT,45,4187.36,74,0,0,1944.5,-1.0,-1.0,2,0,75.1,0.0,0.0,0.0,0.0,0.0
2026-09-19 17:40:30,mfsweep_shard0,SPT_SMPT,45,4187.36,75,0,0,1970.8,-1.0,-1.0,2,0,66.6,0.0,0.0,0.0,0.0,0.0
2026-09-19 17:40:30,mfsweep_shard0,SPT_SMPT,45,4187.36,76,0,0,1997.1,-1.0,-1.0,2,0,83.7,0.0,0.0,0.0,0.0,0.0
2026-09-19 17:40:30,mfsweep_shard0,SPT_SMPT,45,4187.36,77,0,0,2023.4,-1.0,-1.0,2,0,68.6,0.0,0.0,0.0,0.0,0.0
2026-09-19 17:40:30,mfsweep_shard0,SPT_SMPT,45,4187.36,78,0,0,2049.6,-1.0,-1.0,2,0,62.2,0.0,0.0,0.0,0.0,0.0
2026-09-19 17:40:30,mfsweep_shard0,SPT_SMPT,45,4187.36,79,0,0,2075.9,-1.0,-1.0,2,0,61.6,0.0,0.0,0.0,0.0,0.0
2026-09-19 17:40:30,mfsweep_shard0,SPT_SMPT,45,4187.36,80,0,0,2102.2,-1.0,-1.0,2,0,72.0,0.0,0.0,0.0,0.0,0.0
2026-09-19 17:40:30,mfsweep_shard0,SPT_SMPT,45,4187.36,81,0,0,2128.5,-1.0,-1.0,2,0,62.2,0.0,0.0,0.0,0.0,0.0
2026-09-19 17:40:30,mfsweep_shard0,SPT_SMPT,45,4187.36,82,0,0,2154.7,-1.0,-1.0,2,0,72.8,0.0,0.0,0.0,0.0,0.0
2026-09-19 17:40:30,mfsweep_shard0,SPT_SMPT,45,4187.36,83,0,0,2181.0,-1.0,-1.0,2,0,83.1,0.0,0.0,0.0,0.0,0.0
2026-09-19 17:40:30,mfsweep_shard0,SPT_SMPT,45,4187.36,84,0,0,2207.3,-1.0,-1.0,2,0,66.7,0.0,0.0,0.0,0.0,0.0
2026-09-19 17:40:30,mfsweep_shard0,SPT_SMPT,45,4187.36,85,0,0,2233.6,-1.0,-1.0,2,0,60.7,0.0,0.0,0.0,0.0,0.0
2026-09-19 17:40:30,mfsweep_shard0,SPT_SMPT,45,4187.36,86,0,0,2259.9,-1.0,-1.0,2,0,86.4,0.0,0.0,0.0,0.0,0.0
2026-09-19 17:40:30,mfsweep_shard0,SPT_SMPT,45,4187.36,87,0,0,2286.1,-1.0,-1.0,2,0,70.3,0.0,0.0,0.0,0.0,0.0
2026-09-19 17:40:30,mfsweep_shard0,SPT_SMPT,45,4187.36,88,0,0,2312.4,-1.0,-1.0,2,0,56.5,0.0,0.0,0.0,0.0,0.0
2026-09-19 17:40:30,mfsweep_shard0,SPT_SMPT,45,4187.36,89,0,0,2338.7,-1.0,-1.0,2,0,55.1,0.0,0.0,0.0,0.0,0.0
2026-09-19 17:40:30,mfsweep_shard0,SPT_SMPT,45,4187.36,90,0,0,2365.0,-1.0,-1.0,2,0,57.1,0.0,0.0,0.0,0.0,0.0
2026-09-19 17:40:30,mfsweep_shard0,SPT_SMPT,45,4187.36,91,0,0,2391.2,-1.0,-1.0,2,0,74.2,0.0,0.0,0.0,0.0,0.0
2026-09-19 17:40:30,mfsweep_shard0,SPT_SMPT,45,4187.36,92,0,0,2417.5,-1.0,-1.0,2,0,79.6,0.0,0.0,0.0,0.0,0.0
2026-09-19 17:40:30,mfsweep_shard0,SPT_SMPT,45,4187.36,93,0,0,2443.8,-1.0,-1.0,2,0,67.4,0.0,0.0,0.0,0.0,0.0
2026-09-19 17:40:30,mfsweep_shard0,SPT_SMPT,45,4187.36,94,0,0,2470.1,-1.0,-1.0,2,0,55.6,0.0,0.0,0.0,0.0,0.0
2026-09-19 17:40:30,mfsweep_shard0,SPT_SMPT,45,4187.36,95,0,0,2496.4,-1.0,-1.0,2,0,66.1,0.0,0.0,0.0,0.0,0.0
2026-09-19 17:40:30,mfsweep_shard0,SPT_SMPT,45,4187.36,96,0,0,2522.6,-1.0,-1.0,2,0,86.4,0.0,0.0,0.0,0.0,0.0
2026-09-19 17:40:30,mfsweep_shard0,SPT_SMPT,45,4187.36,97,0,0,2548.9,-1.0,-1.0,2,0,71.0,0.0,0.0,0.0,0.0,0.0
2026-09-19 17:40:30,mfsweep_shard0,SPT_SMPT,45,4187.36,98,0,0,2575.2,-1.0,-1.0,2,0,85.6,0.0,0.0,0.0,0.0,0.0
2026-09-19 17:40:30,mfsweep_shard0,SPT_SMPT,45,4187.36,99,0,0,2601.5,-1.0,-1.0,2,0,81.9,0.0,0.0,0.0,0.0,0.0
2026-09-19 17:40:30,mfsweep_shard0,SPT_SMPT,45,4187.36,100,0,0,2627.7,-1.0,-1.0,2,0,53.9,0.0,0.0,0.0,0.0,0.0
2026-09-19 17:40:30,mfsweep_shard0,SPT_SMPT,45,4187.36,101,0,0,2654.0,-1.0,-1.0,2,0,77.3,0.0,0.0,0.0,0.0,0.0
2026-09-19 17:40:30,mfsweep_shard0,SPT_SMPT,45,4187.36,102,0,0,2680.3,-1.0,-1.0,2,0,76.0,0.0,0.0,0.0,0.0,0.0
2026-09-19 17:40:30,mfsweep_shard0,SPT_SMPT,45,4187.36,103,0,0,2706.6,-1.0,-1.0,2,0,71.2,0.0,0.0,0.0,0.0,0.0
2026-09-19 17:40:30,mfsweep_shard0,SPT_SMPT,45,4187.36,104,0,0,2732.9,-1.0,-1.0,2,0,62.3,0.0,0.0,0.0,0.0,0.0
2026-09-19 17:40:30,mfsweep_shard0,SPT_SMPT,45,4187.36,105,0,0,2759.1,-1.0,-1.0,2,0,74.7,0.0,0.0,0.0,0.0,0.0
2026-09-19 17:40:30,mfsweep_shard0,SPT_SMPT,45,4187.36,106,0,0,2785.4,-1.0,-1.0,2,0,57.2,0.0,0.0,0.0,0.0,0.0
2026-09-19 17:40:30,mfsweep_shard0,SPT_SMPT,45,4187.36,107,0,0,2811.7,-1.0,-1.0,2,0,67.9,0.0,0.0,0.0,0.0,0.0
2026-09-19 17:40:30,mfsweep_shard0,SPT_SMPT,45,4187.36,108,0,0,2838.0,-1.0,-1.0,2,0,68.5,0.0,0.0,0.0,0.0,0.0
2026-09-19 17:40:30,mfsweep_shard0,SPT_SMPT,45,4187.36,109,0,0,2864.2,-1.0,-1.0,2,0,85.0,0.0,0.0,0.0,0.0,0.0
2026-09-19 17:40:30,mfsweep_shard0,SPT_SMPT,45,4187.36,110,0,0,2890.5,-1.0,-1.0,2,0,82.4,0.0,0.0,0.0,0.0,0.0
2026-09-19 17:40:30,mfsweep_shard0,SPT_SMPT,45,4187.36,111,0,0,2916.8,-1.0,-1.0,2,0,62.2,0.0,0.0,0.0,0.0,0.0
2026-09-19 17:40:30,mfsweep_shard0,SPT_SMPT,45,4187.36,112,0,0,2943.1,-1.0,-1.0,2,0,70.0,0.0,0.0,0.0,0.0,0.0
2026-09-19 17:40:30,mfsweep_shard0,SPT_SMPT,45,4187.36,113,0,0,2969.3,-1.0,-1.0,2,0,59.4,0.0,0.0,0.0,0.0,0.0
2026-09-19 17:40:30,mfsweep_shard0,SPT_SMPT,45,4187.36,114,0,0,2995.6,-1.0,-1.0,2,0,83.6,0.0,0.0,0.0,0.0,0.0
2026-09-19 17:40:30,mfsweep_shard0,SPT_SMPT,45,4187.36,115,0,0,3021.9,-1.0,-1.0,2,0,82.2,0.0,0.0,0.0,0.0,0.0
2026-09-19 17:40:30,mfsweep_shard0,SPT_SMPT,45,4187.36,116,0,0,3048.2,-1.0,-1.0,2,0,63.4,0.0,0.0,0.0,0.0,0.0
2026-09-19 17:40:30,mfsweep_shard0,SPT_SMPT,45,4187.36,117,0,0,3074.5,-1.0,-1.0,2,0,74.6,0.0,0.0,0.0,0.0,0.0
2026-09-19 17:40:30,mfsweep_shard0,SPT_SMPT,45,4187.36,118,0,0,3100.7,-1.0,-1.0,2,0,73.6,0.0,0.0,0.0,0.0,0.0
2026-09-19 17:40:30,mfsweep_shard0,SPT_SMPT,45,4187.36,119,0,0,3127.0,-1.0,-1.0,2,0,58.5,0.0,0.0,0.0,0.0,0.0
2026-09-19 17:40:30,mfsweep_shard0,SPT_SMPT,45,4187.36,120,0,0,3153.3,-1.0,-1.0,2,0,78.7,0.0,0.0,0.0,0.0,0.0
2026-09-19 17:40:30,mfsweep_shard0,SPT_SMPT,45,4187.36,121,0,0,3179.6,-1.0,-1.0,2,0,71.3,0.0,0.0,0.0,0.0,0.0
2026-09-19 17:40:30,mfsweep_shard0,SPT_SMPT,45,4187.36,122,0,0,3205.8,-1.0,-1.0,2,0,79.2,0.0,0.0,0.0,0.0,0.0
2026-09-19 17:40:30,mfsweep_shard0,SPT_SMPT,45,4187.36,123,0,0,3232.1,-1.0,-1.0,2,0,71.0,0.0,0.0,0.0,0.0,0.0
2026-09-19 17:40:30,mfsweep_shard0,SPT_SMPT,45,4187.36,124,0,0,3258.4,-1.0,-1.0,2,0,53.5,0.0,0.0,0.0,0.0,0.0
2026-09-19 17:40:30,mfsweep_shard0,SPT_SMPT,45,4187.36,125,0,0,3284.7,-1.0,-1.0,2,0,64.2,0.0,0.0,0.0,0.0,0.0
2026-09-19 17:40:30,mfsweep_shard0,SPT_SMPT,45,4187.36,126,0,0,3311.0,-1.0,-1.0,2,0,54.1,0.0,0.0,0.0,0.0,0.0
2026-09-19 17:40:30,mfsweep_shard0,SPT_SMPT,45,4187.36,127,0,0,3337.2,-1.0,-1.0,2,0,84.2,0.0,0.0,0.0,0.0,0.0
2026-09-19 17:40:30,mfsweep_shard0,SPT_SMPT,45,4187.36,128,0,0,3363.5,-1.0,-1.0,2,0,82.5,0.0,0.0,0.0,0.0,0.0
2026-09-19 17:40:30,mfsweep_shard0,SPT_SMPT,45,4187.36,129,0,0,3389.8,-1.0,-1.0,2,0,80.9,0.0,0.0,0.0,0.0,0.0
2026-09-19 17:40:30,mfsweep_shard0,SPT_SMPT,45,4187.36,130,0,0,3416.1,-1.0,-1.0,2,0,63.7,0.0,0.0,0.0,0.0,0.0
2026-09-19 17:40:30,mfsweep_shard0,SPT_SMPT,45,4187.36,131,0,0,3442.3,-1.0,-1.0,2,0,55.4,0.0,0.0,0.0,0.0,0.0
2026-09-19 17:40:30,mfsweep_shard0,SPT_SMPT,45,4187.36,132,0,0,3468.6,-1.0,-1.0,2,0,82.5,0.0,0.0,0.0,0.0,0.0
2026-09-19 17:40:30,mfsweep_shard0,SPT_SMPT,45,4187.36,133,0,0,3494.9,-1.0,-1.0,2,0,84.8,0.0,0.0,0.0,0.0,0.0
2026-09-19 17:40:30,mfsweep_shard0,SPT_SMPT,45,4187.36,134,0,0,3521.2,-1.0,-1.0,2,0,56.3,0.0,0.0,0.0,0.0,0.0
2026-09-19 17:40:30,mfsweep_shard0,SPT_SMPT,45,4187.36,135,0,0,3547.5,-1.0,-1.0,2,0,69.5,0.0,0.0,0.0,0.0,0.0
2026-09-19 17:40:30,mfsweep_shard0,SPT_SMPT,45,4187.36,136,0,0,3573.7,-1.0,-1.0,2,0,55.8,0.0,0.0,0.0,0.0,0.0
2026-09-19 17:44:04,mfsweep_shard0,SPT_SMPT,46,4848.14,0,0,1,0.0,232.9,232.9,2,2,74.6,0.0,74.0,84.2,0.0,74.6
2026-09-19 17:44:04,mfsweep_shard0,SPT_SMPT,46,4848.14,1,0,1,26.3,283.4,257.1,2,2,54.4,0.0,88.2,93.6,20.9,54.4
2026-09-19 17:44:04,mfsweep_shard0,SPT_SMPT,46,4848.14,2,0,0,52.6,-1.0,-1.0,2,2,62.6,0.0,4582.5,42.8,84.6,62.6
2026-09-19 17:44:04,mfsweep_shard0,SPT_SMPT,46,4848.14,3,0,0,78.8,-1.0,-1.0,2,2,60.9,0.0,4415.2,278.4,10.2,60.9
2026-09-19 17:44:04,mfsweep_shard0,SPT_SMPT,46,4848.14,4,0,0,105.1,-1.0,-1.0,2,2,77.8,0.0,4500.5,56.3,87.4,77.8
2026-09-19 17:44:04,mfsweep_shard0,SPT_SMPT,46,4848.14,5,0,0,131.4,-1.0,-1.0,2,2,75.9,0.0,1631.4,2832.5,22.5,88.2
2026-09-19 17:44:04,mfsweep_shard0,SPT_SMPT,46,4848.14,6,0,0,157.7,-1.0,-1.0,2,2,83.0,0.1,4340.9,255.4,0.5,83.0
2026-09-19 17:44:04,mfsweep_shard0,SPT_SMPT,46,4848.14,7,0,0,183.9,-1.0,-1.0,2,2,56.4,0.0,1013.7,3516.5,0.0,56.4
2026-09-19 17:44:04,mfsweep_shard0,SPT_SMPT,46,4848.14,8,0,0,210.2,-1.0,-1.0,2,1,67.4,0.1,4072.7,400.2,0.0,15.0
2026-09-19 17:44:04,mfsweep_shard0,SPT_SMPT,46,4848.14,9,0,0,236.5,-1.0,-1.0,2,1,54.5,0.2,3769.2,767.0,4.3,15.0
2026-09-19 17:44:04,mfsweep_shard0,SPT_SMPT,46,4848.14,10,0,0,262.8,-1.0,-1.0,2,1,60.7,0.2,3289.8,1227.5,0.0,15.0
2026-09-19 17:44:04,mfsweep_shard0,SPT_SMPT,46,4848.14,11,0,0,289.1,-1.0,-1.0,2,0,70.2,0.0,3097.7,1441.0,0.0,0.0
2026-09-19 17:44:04,mfsweep_shard0,SPT_SMPT,46,4848.14,12,0,0,315.3,-1.0,-1.0,2,0,54.4,0.1,3567.2,945.1,0.0,0.0
2026-09-19 17:44:04,mfsweep_shard0,SPT_SMPT,46,4848.14,13,0,0,341.6,-1.0,-1.0,2,0,60.1,0.2,4125.6,360.4,0.0,0.0
2026-09-19 17:44:04,mfsweep_shard0,SPT_SMPT,46,4848.14,14,0,0,367.9,-1.0,-1.0,2,0,75.0,0.4,4459.5,0.0,0.0,0.0
2026-09-19 17:44:04,mfsweep_shard0,SPT_SMPT,46,4848.14,15,0,0,394.2,-1.0,-1.0,2,0,71.5,0.2,3238.3,0.0,0.0,0.0
2026-09-19 17:44:04,mfsweep_shard0,SPT_SMPT,46,4848.14,16,0,0,420.4,-1.0,-1.0,2,0,60.8,0.3,4407.1,0.0,0.0,0.0
2026-09-19 17:44:04,mfsweep_shard0,SPT_SMPT,46,4848.14,17,0,0,446.7,-1.0,-1.0,2,0,73.0,0.1,1195.8,0.0,0.0,0.0
2026-09-19 17:44:04,mfsweep_shard0,SPT_SMPT,46,4848.14,18,0,0,473.0,-1.0,-1.0,2,0,80.2,0.1,1169.5,0.0,0.0,0.0
2026-09-19 17:44:04,mfsweep_shard0,SPT_SMPT,46,4848.14,19,0,0,499.3,-1.0,-1.0,2,0,53.7,0.2,1143.3,0.0,0.0,0.0
2026-09-19 17:44:04,mfsweep_shard0,SPT_SMPT,46,4848.14,20,0,0,525.6,-1.0,-1.0,2,0,80.1,0.2,1117.0,0.0,0.0,0.0
2026-09-19 17:44:04,mfsweep_shard0,SPT_SMPT,46,4848.14,21,0,0,551.8,-1.0,-1.0,2,0,76.5,0.0,0.0,0.0,0.0,0.0
2026-09-19 17:44:04,mfsweep_shard0,SPT_SMPT,46,4848.14,22,0,0,578.1,-1.0,-1.0,2,0,64.7,0.0,0.0,0.0,0.0,0.0
2026-09-19 17:44:04,mfsweep_shard0,SPT_SMPT,46,4848.14,23,0,0,604.4,-1.0,-1.0,2,0,58.6,0.0,0.0,0.0,0.0,0.0
2026-09-19 17:44:04,mfsweep_shard0,SPT_SMPT,46,4848.14,24,0,0,630.7,-1.0,-1.0,2,0,85.1,0.0,0.0,0.0,0.0,0.0
2026-09-19 17:44:04,mfsweep_shard0,SPT_SMPT,46,4848.14,25,0,0,656.9,-1.0,-1.0,2,0,64.6,0.0,0.0,0.0,0.0,0.0
2026-09-19 17:44:04,mfsweep_shard0,SPT_SMPT,46,4848.14,26,0,0,683.2,-1.0,-1.0,2,0,56.6,0.0,0.0,0.0,0.0,0.0
2026-09-19 17:44:04,mfsweep_shard0,SPT_SMPT,46,4848.14,27,0,0,709.5,-1.0,-1.0,2,0,56.7,0.0,0.0,0.0,0.0,0.0
2026-09-19 17:44:04,mfsweep_shard0,SPT_SMPT,46,4848.14,28,0,0,735.8,-1.0,-1.0,2,0,81.5,0.0,0.0,0.0,0.0,0.0
2026-09-19 17:44:04,mfsweep_shard0,SPT_SMPT,46,4848.14,29,0,0,762.0,-1.0,-1.0,2,0,73.4,0.0,0.0,0.0,0.0,0.0
2026-09-19 17:44:04,mfsweep_shard0,SPT_SMPT,46,4848.14,30,0,0,788.3,-1.0,-1.0,2,0,80.1,0.0,0.0,0.0,0.0,0.0
2026-09-19 17:44:04,mfsweep_shard0,SPT_SMPT,46,4848.14,31,0,0,814.6,-1.0,-1.0,2,0,77.6,0.0,0.0,0.0,0.0,0.0
2026-09-19 17:44:04,mfsweep_shard0,SPT_SMPT,46,4848.14,32,0,0,840.9,-1.0,-1.0,2,0,71.2,0.0,0.0,0.0,0.0,0.0
2026-09-19 17:44:04,mfsweep_shard0,SPT_SMPT,46,4848.14,33,0,0,867.2,-1.0,-1.0,2,0,85.6,0.0,0.0,0.0,0.0,0.0
2026-09-19 17:44:04,mfsweep_shard0,SPT_SMPT,46,4848.14,34,0,0,893.4,-1.0,-1.0,2,0,66.0,0.0,0.0,0.0,0.0,0.0
2026-09-19 17:44:04,mfsweep_shard0,SPT_SMPT,46,4848.14,35,0,0,919.7,-1.0,-1.0,2,0,71.7,0.0,0.0,0.0,0.0,0.0
2026-09-19 17:44:04,mfsweep_shard0,SPT_SMPT,46,4848.14,36,0,0,946.0,-1.0,-1.0,2,0,80.9,0.0,0.0,0.0,0.0,0.0
2026-09-19 17:44:04,mfsweep_shard0,SPT_SMPT,46,4848.14,37,0,0,972.3,-1.0,-1.0,2,0,73.9,0.0,0.0,0.0,0.0,0.0
2026-09-19 17:44:04,mfsweep_shard0,SPT_SMPT,46,4848.14,38,0,0,998.5,-1.0,-1.0,2,0,81.9,0.0,0.0,0.0,0.0,0.0
2026-09-19 17:44:04,mfsweep_shard0,SPT_SMPT,46,4848.14,39,0,0,1024.8,-1.0,-1.0,2,0,72.6,0.0,0.0,0.0,0.0,0.0
2026-09-19 17:44:04,mfsweep_shard0,SPT_SMPT,46,4848.14,40,0,0,1051.1,-1.0,-1.0,2,0,76.8,0.0,0.0,0.0,0.0,0.0
2026-09-19 17:44:04,mfsweep_shard0,SPT_SMPT,46,4848.14,41,0,0,1077.4,-1.0,-1.0,2,0,55.0,0.0,0.0,0.0,0.0,0.0
2026-09-19 17:44:04,mfsweep_shard0,SPT_SMPT,46,4848.14,42,0,0,1103.7,-1.0,-1.0,2,0,61.0,0.0,0.0,0.0,0.0,0.0
2026-09-19 17:44:04,mfsweep_shard0,SPT_SMPT,46,4848.14,43,0,0,1129.9,-1.0,-1.0,2,0,63.1,0.0,0.0,0.0,0.0,0.0
2026-09-19 17:44:04,mfsweep_shard0,SPT_SMPT,46,4848.14,44,0,0,1156.2,-1.0,-1.0,2,0,56.1,0.0,0.0,0.0,0.0,0.0
2026-09-19 17:44:04,mfsweep_shard0,SPT_SMPT,46,4848.14,45,0,0,1182.5,-1.0,-1.0,2,0,61.2,0.0,0.0,0.0,0.0,0.0
2026-09-19 17:44:04,mfsweep_shard0,SPT_SMPT,46,4848.14,46,0,0,1208.8,-1.0,-1.0,2,0,56.8,0.0,0.0,0.0,0.0,0.0
2026-09-19 17:44:04,mfsweep_shard0,SPT_SMPT,46,4848.14,47,0,0,1235.0,-1.0,-1.0,2,0,62.7,0.0,0.0,0.0,0.0,0.0
2026-09-19 17:44:04,mfsweep_shard0,SPT_SMPT,46,4848.14,48,0,0,1261.3,-1.0,-1.0,2,0,74.5,0.0,0.0,0.0,0.0,0.0
2026-09-19 17:44:04,mfsweep_shard0,SPT_SMPT,46,4848.14,49,0,0,1287.6,-1.0,-1.0,2,0,65.5,0.0,0.0,0.0,0.0,0.0
2026-09-19 17:44:04,mfsweep_shard0,SPT_SMPT,46,4848.14,50,0,0,1313.9,-1.0,-1.0,2,0,65.7,0.0,0.0,0.0,0.0,0.0
2026-09-19 17:44:04,mfsweep_shard0,SPT_SMPT,46,4848.14,51,0,0,1340.2,-1.0,-1.0,2,0,60.4,0.0,0.0,0.0,0.0,0.0
2026-09-19 17:44:04,mfsweep_shard0,SPT_SMPT,46,4848.14,52,0,0,1366.4,-1.0,-1.0,2,0,62.3,0.0,0.0,0.0,0.0,0.0
2026-09-19 17:44:04,mfsweep_shard0,SPT_SMPT,46,4848.14,53,0,0,1392.7,-1.0,-1.0,2,0,84.4,0.0,0.0,0.0,0.0,0.0
2026-09-19 17:44:04,mfsweep_shard0,SPT_SMPT,46,4848.14,54,0,0,1419.0,-1.0,-1.0,2,0,74.9,0.0,0.0,0.0,0.0,0.0
2026-09-19 17:44:04,mfsweep_shard0,SPT_SMPT,46,4848.14,55,0,0,1445.3,-1.0,-1.0,2,0,73.6,0.0,0.0,0.0,0.0,0.0
2026-09-19 17:44:04,mfsweep_shard0,SPT_SMPT,46,4848.14,56,0,0,1471.5,-1.0,-1.0,2,0,59.2,0.0,0.0,0.0,0.0,0.0
2026-09-19 17:44:04,mfsweep_shard0,SPT_SMPT,46,4848.14,57,0,0,1497.8,-1.0,-1.0,2,0,77.6,0.0,0.0,0.0,0.0,0.0
2026-09-19 17:44:04,mfsweep_shard0,SPT_SMPT,46,4848.14,58,0,0,1524.1,-1.0,-1.0,2,0,58.9,0.0,0.0,0.0,0.0,0.0
2026-09-19 17:44:04,mfsweep_shard0,SPT_SMPT,46,4848.14,59,0,0,1550.4,-1.0,-1.0,2,0,66.0,0.0,0.0,0.0,0.0,0.0
2026-09-19 17:44:04,mfsweep_shard0,SPT_SMPT,46,4848.14,60,0,0,1576.6,-1.0,-1.0,2,0,86.2,0.0,0.0,0.0,0.0,0.0
2026-09-19 17:44:04,mfsweep_shard0,SPT_SMPT,46,4848.14,61,0,0,1602.9,-1.0,-1.0,2,0,74.6,0.0,0.0,0.0,0.0,0.0
2026-09-19 17:44:04,mfsweep_shard0,SPT_SMPT,46,4848.14,62,0,0,1629.2,-1.0,-1.0,2,0,71.9,0.0,0.0,0.0,0.0,0.0
2026-09-19 17:44:04,mfsweep_shard0,SPT_SMPT,46,4848.14,63,0,0,1655.5,-1.0,-1.0,2,0,76.1,0.0,0.0,0.0,0.0,0.0
2026-09-19 17:44:04,mfsweep_shard0,SPT_SMPT,46,4848.14,64,0,0,1681.8,-1.0,-1.0,2,0,81.3,0.0,0.0,0.0,0.0,0.0
2026-09-19 17:44:04,mfsweep_shard0,SPT_SMPT,46,4848.14,65,0,0,1708.0,-1.0,-1.0,2,0,79.1,0.0,0.0,0.0,0.0,0.0
2026-09-19 17:44:04,mfsweep_shard0,SPT_SMPT,46,4848.14,66,0,0,1734.3,-1.0,-1.0,2,0,61.1,0.0,0.0,0.0,0.0,0.0
2026-09-19 17:44:04,mfsweep_shard0,SPT_SMPT,46,4848.14,67,0,0,1760.6,-1.0,-1.0,2,0,54.6,0.0,0.0,0.0,0.0,0.0
2026-09-19 17:44:04,mfsweep_shard0,SPT_SMPT,46,4848.14,68,0,0,1786.9,-1.0,-1.0,2,0,63.9,0.0,0.0,0.0,0.0,0.0
2026-09-19 17:44:04,mfsweep_shard0,SPT_SMPT,46,4848.14,69,0,0,1813.1,-1.0,-1.0,2,0,62.3,0.0,0.0,0.0,0.0,0.0
2026-09-19 17:44:04,mfsweep_shard0,SPT_SMPT,46,4848.14,70,0,0,1839.4,-1.0,-1.0,2,0,60.5,0.0,0.0,0.0,0.0,0.0
2026-09-19 17:44:04,mfsweep_shard0,SPT_SMPT,46,4848.14,71,0,0,1865.7,-1.0,-1.0,2,0,84.6,0.0,0.0,0.0,0.0,0.0
2026-09-19 17:44:04,mfsweep_shard0,SPT_SMPT,46,4848.14,72,0,0,1892.0,-1.0,-1.0,2,0,82.4,0.0,0.0,0.0,0.0,0.0
2026-09-19 17:44:04,mfsweep_shard0,SPT_SMPT,46,4848.14,73,0,0,1918.3,-1.0,-1.0,2,0,63.9,0.0,0.0,0.0,0.0,0.0
2026-09-19 17:44:04,mfsweep_shard0,SPT_SMPT,46,4848.14,74,0,0,1944.5,-1.0,-1.0,2,0,75.1,0.0,0.0,0.0,0.0,0.0
2026-09-19 17:44:04,mfsweep_shard0,SPT_SMPT,46,4848.14,75,0,0,1970.8,-1.0,-1.0,2,0,66.6,0.0,0.0,0.0,0.0,0.0
2026-09-19 17:44:04,mfsweep_shard0,SPT_SMPT,46,4848.14,76,0,0,1997.1,-1.0,-1.0,2,0,83.7,0.0,0.0,0.0,0.0,0.0
2026-09-19 17:44:04,mfsweep_shard0,SPT_SMPT,46,4848.14,77,0,0,2023.4,-1.0,-1.0,2,0,68.6,0.0,0.0,0.0,0.0,0.0
2026-09-19 17:44:04,mfsweep_shard0,SPT_SMPT,46,4848.14,78,0,0,2049.6,-1.0,-1.0,2,0,62.2,0.0,0.0,0.0,0.0,0.0
2026-09-19 17:44:04,mfsweep_shard0,SPT_SMPT,46,4848.14,79,0,0,2075.9,-1.0,-1.0,2,0,61.6,0.0,0.0,0.0,0.0,0.0
2026-09-19 17:44:04,mfsweep_shard0,SPT_SMPT,46,4848.14,80,0,0,2102.2,-1.0,-1.0,2,0,72.0,0.0,0.0,0.0,0.0,0.0
2026-09-19 17:44:04,mfsweep_shard0,SPT_SMPT,46,4848.14,81,0,0,2128.5,-1.0,-1.0,2,0,62.2,0.0,0.0,0.0,0.0,0.0
2026-09-19 17:44:04,mfsweep_shard0,SPT_SMPT,46,4848.14,82,0,0,2154.7,-1.0,-1.0,2,0,72.8,0.0,0.0,0.0,0.0,0.0
2026-09-19 17:44:04,mfsweep_shard0,SPT_SMPT,46,4848.14,83,0,0,2181.0,-1.0,-1.0,2,0,83.1,0.0,0.0,0.0,0.0,0.0
2026-09-19 17:44:04,mfsweep_shard0,SPT_SMPT,46,4848.14,84,0,0,2207.3,-1.0,-1.0,2,0,66.7,0.0,0.0,0.0,0.0,0.0
2026-09-19 17:44:04,mfsweep_shard0,SPT_SMPT,46,4848.14,85,0,0,2233.6,-1.0,-1.0,2,0,60.7,0.0,0.0,0.0,0.0,0.0
2026-09-19 17:44:04,mfsweep_shard0,SPT_SMPT,46,4848.14,86,0,0,2259.9,-1.0,-1.0,2,0,86.4,0.0,0.0,0.0,0.0,0.0
2026-09-19 17:44:04,mfsweep_shard0,SPT_SMPT,46,4848.14,87,0,0,2286.1,-1.0,-1.0,2,0,70.3,0.0,0.0,0.0,0.0,0.0
2026-09-19 17:44:04,mfsweep_shard0,SPT_SMPT,46,4848.14,88,0,0,2312.4,-1.0,-1.0,2,0,56.5,0.0,0.0,0.0,0.0,0.0
2026-09-19 17:44:04,mfsweep_shard0,SPT_SMPT,46,4848.14,89,0,0,2338.7,-1.0,-1.0,2,0,55.1,0.0,0.0,0.0,0.0,0.0
2026-09-19 17:44:04,mfsweep_shard0,SPT_SMPT,46,4848.14,90,0,0,2365.0,-1.0,-1.0,2,0,57.1,0.0,0.0,0.0,0.0,0.0
2026-09-19 17:44:04,mfsweep_shard0,SPT_SMPT,46,4848.14,91,0,0,2391.2,-1.0,-1.0,2,0,74.2,0.0,0.0,0.0,0.0,0.0
2026-09-19 17:44:04,mfsweep_shard0,SPT_SMPT,46,4848.14,92,0,0,2417.5,-1.0,-1.0,2,0,79.6,0.0,0.0,0.0,0.0,0.0
2026-09-19 17:44:04,mfsweep_shard0,SPT_SMPT,46,4848.14,93,0,0,2443.8,-1.0,-1.0,2,0,67.4,0.0,0.0,0.0,0.0,0.0
2026-09-19 17:44:04,mfsweep_shard0,SPT_SMPT,46,4848.14,94,0,0,2470.1,-1.0,-1.0,2,0,55.6,0.0,0.0,0.0,0.0,0.0
2026-09-19 17:44:04,mfsweep_shard0,SPT_SMPT,46,4848.14,95,0,0,2496.4,-1.0,-1.0,2,0,66.1,0.0,0.0,0.0,0.0,0.0
2026-09-19 17:44:04,mfsweep_shard0,SPT_SMPT,46,4848.14,96,0,0,2522.6,-1.0,-1.0,2,0,86.4,0.0,0.0,0.0,0.0,0.0
2026-09-19 17:44:04,mfsweep_shard0,SPT_SMPT,46,4848.14,97,0,0,2548.9,-1.0,-1.0,2,0,71.0,0.0,0.0,0.0,0.0,0.0
2026-09-19 17:44:04,mfsweep_shard0,SPT_SMPT,46,4848.14,98,0,0,2575.2,-1.0,-1.0,2,0,85.6,0.0,0.0,0.0,0.0,0.0
2026-09-19 17:44:04,mfsweep_shard0,SPT_SMPT,46,4848.14,99,0,0,2601.5,-1.0,-1.0,2,0,81.9,0.0,0.0,0.0,0.0,0.0
2026-09-19 17:44:04,mfsweep_shard0,SPT_SMPT,46,4848.14,100,0,0,2627.7,-1.0,-1.0,2,0,53.9,0.0,0.0,0.0,0.0,0.0
2026-09-19 17:44:04,mfsweep_shard0,SPT_SMPT,46,4848.14,101,0,0,2654.0,-1.0,-1.0,2,0,77.3,0.0,0.0,0.0,0.0,0.0
2026-09-19 17:44:04,mfsweep_shard0,SPT_SMPT,46,4848.14,102,0,0,2680.3,-1.0,-1.0,2,0,76.0,0.0,0.0,0.0,0.0,0.0
2026-09-19 17:44:04,mfsweep_shard0,SPT_SMPT,46,4848.14,103,0,0,2706.6,-1.0,-1.0,2,0,71.2,0.0,0.0,0.0,0.0,0.0
2026-09-19 17:44:04,mfsweep_shard0,SPT_SMPT,46,4848.14,104,0,0,2732.9,-1.0,-1.0,2,0,62.3,0.0,0.0,0.0,0.0,0.0
2026-09-19 17:44:04,mfsweep_shard0,SPT_SMPT,46,4848.14,105,0,0,2759.1,-1.0,-1.0,2,0,74.7,0.0,0.0,0.0,0.0,0.0
2026-09-19 17:44:04,mfsweep_shard0,SPT_SMPT,46,4848.14,106,0,0,2785.4,-1.0,-1.0,2,0,57.2,0.0,0.0,0.0,0.0,0.0
2026-09-19 17:44:04,mfsweep_shard0,SPT_SMPT,46,4848.14,107,0,0,2811.7,-1.0,-1.0,2,0,67.9,0.0,0.0,0.0,0.0,0.0
2026-09-19 17:44:04,mfsweep_shard0,SPT_SMPT,46,4848.14,108,0,0,2838.0,-1.0,-1.0,2,0,68.5,0.0,0.0,0.0,0.0,0.0
2026-09-19 17:44:04,mfsweep_shard0,SPT_SMPT,46,4848.14,109,0,0,2864.2,-1.0,-1.0,2,0,85.0,0.0,0.0,0.0,0.0,0.0
2026-09-19 17:44:04,mfsweep_shard0,SPT_SMPT,46,4848.14,110,0,0,2890.5,-1.0,-1.0,2,0,82.4,0.0,0.0,0.0,0.0,0.0
2026-09-19 17:44:04,mfsweep_shard0,SPT_SMPT,46,4848.14,111,0,0,2916.8,-1.0,-1.0,2,0,62.2,0.0,0.0,0.0,0.0,0.0
2026-09-19 17:44:04,mfsweep_shard0,SPT_SMPT,46,4848.14,112,0,0,2943.1,-1.0,-1.0,2,0,70.0,0.0,0.0,0.0,0.0,0.0
2026-09-19 17:44:04,mfsweep_shard0,SPT_SMPT,46,4848.14,113,0,0,2969.3,-1.0,-1.0,2,0,59.4,0.0,0.0,0.0,0.0,0.0
2026-09-19 17:44:04,mfsweep_shard0,SPT_SMPT,46,4848.14,114,0,0,2995.6,-1.0,-1.0,2,0,83.6,0.0,0.0,0.0,0.0,0.0
2026-09-19 17:44:04,mfsweep_shard0,SPT_SMPT,46,4848.14,115,0,0,3021.9,-1.0,-1.0,2,0,82.2,0.0,0.0,0.0,0.0,0.0
2026-09-19 17:44:04,mfsweep_shard0,SPT_SMPT,46,4848.14,116,0,0,3048.2,-1.0,-1.0,2,0,63.4,0.0,0.0,0.0,0.0,0.0
2026-09-19 17:44:04,mfsweep_shard0,SPT_SMPT,46,4848.14,117,0,0,3074.5,-1.0,-1.0,2,0,74.6,0.0,0.0,0.0,0.0,0.0
2026-09-19 17:44:04,mfsweep_shard0,SPT_SMPT,46,4848.14,118,0,0,3100.7,-1.0,-1.0,2,0,73.6,0.0,0.0,0.0,0.0,0.0
2026-09-19 17:44:04,mfsweep_shard0,SPT_SMPT,46,4848.14,119,0,0,3127.0,-1.0,-1.0,2,0,58.5,0.0,0.0,0.0,0.0,0.0
2026-09-19 17:44:04,mfsweep_shard0,SPT_SMPT,46,4848.14,120,0,0,3153.3,-1.0,-1.0,2,0,78.7,0.0,0.0,0.0,0.0,0.0
2026-09-19 17:44:04,mfsweep_shard0,SPT_SMPT,46,4848.14,121,0,0,3179.6,-1.0,-1.0,2,0,71.3,0.0,0.0,0.0,0.0,0.0
2026-09-19 17:44:04,mfsweep_shard0,SPT_SMPT,46,4848.14,122,0,0,3205.8,-1.0,-1.0,2,0,79.2,0.0,0.0,0.0,0.0,0.0
2026-09-19 17:44:04,mfsweep_shard0,SPT_SMPT,46,4848.14,123,0,0,3232.1,-1.0,-1.0,2,0,71.0,0.0,0.0,0.0,0.0,0.0
2026-09-19 17:44:04,mfsweep_shard0,SPT_SMPT,46,4848.14,124,0,0,3258.4,-1.0,-1.0,2,0,53.5,0.0,0.0,0.0,0.0,0.0
2026-09-19 17:44:04,mfsweep_shard0,SPT_SMPT,46,4848.14,125,0,0,3284.7,-1.0,-1.0,2,0,64.2,0.0,0.0,0.0,0.0,0.0
2026-09-19 17:44:04,mfsweep_shard0,SPT_SMPT,46,4848.14,126,0,0,3311.0,-1.0,-1.0,2,0,54.1,0.0,0.0,0.0,0.0,0.0
2026-09-19 17:44:04,mfsweep_shard0,SPT_SMPT,46,4848.14,127,0,0,3337.2,-1.0,-1.0,2,0,84.2,0.0,0.0,0.0,0.0,0.0
2026-09-19 17:44:04,mfsweep_shard0,SPT_SMPT,46,4848.14,128,0,0,3363.5,-1.0,-1.0,2,0,82.5,0.0,0.0,0.0,0.0,0.0
2026-09-19 17:44:04,mfsweep_shard0,SPT_SMPT,46,4848.14,129,0,0,3389.8,-1.0,-1.0,2,0,80.9,0.0,0.0,0.0,0.0,0.0
2026-09-19 17:44:04,mfsweep_shard0,SPT_SMPT,46,4848.14,130,0,0,3416.1,-1.0,-1.0,2,0,63.7,0.0,0.0,0.0,0.0,0.0
2026-09-19 17:44:04,mfsweep_shard0,SPT_SMPT,46,4848.14,131,0,0,3442.3,-1.0,-1.0,2,0,55.4,0.0,0.0,0.0,0.0,0.0
2026-09-19 17:44:04,mfsweep_shard0,SPT_SMPT,46,4848.14,132,0,0,3468.6,-1.0,-1.0,2,0,82.5,0.0,0.0,0.0,0.0,0.0
2026-09-19 17:44:04,mfsweep_shard0,SPT_SMPT,46,4848.14,133,0,0,3494.9,-1.0,-1.0,2,0,84.8,0.0,0.0,0.0,0.0,0.0
2026-09-19 17:44:04,mfsweep_shard0,SPT_SMPT,46,4848.14,134,0,0,3521.2,-1.0,-1.0,2,0,56.3,0.0,0.0,0.0,0.0,0.0
2026-09-19 17:44:04,mfsweep_shard0,SPT_SMPT,46,4848.14,135,0,0,3547.5,-1.0,-1.0,2,0,69.5,0.0,0.0,0.0,0.0,0.0
2026-09-19 17:44:04,mfsweep_shard0,SPT_SMPT,46,4848.14,136,0,0,3573.7,-1.0,-1.0,2,0,55.8,0.0,0.0,0.0,0.0,0.0
2026-09-19 17:47:16,mfsweep_shard0,SPT_SMPT,47,4634.52,0,0,1,0.0,235.5,235.5,2,2,74.6,0.0,74.0,86.8,0.0,74.6
2026-09-19 17:47:16,mfsweep_shard0,SPT_SMPT,47,4634.52,1,0,0,26.3,-1.0,-1.0,2,2,54.4,0.0,4014.2,283.7,52.8,80.6
2026-09-19 17:47:16,mfsweep_shard0,SPT_SMPT,47,4634.52,2,0,0,52.6,-1.0,-1.0,2,2,62.6,0.0,4129.8,296.9,25.6,62.6
2026-09-19 17:47:16,mfsweep_shard0,SPT_SMPT,47,4634.52,3,0,0,78.8,-1.0,-1.0,2,2,60.9,0.1,3917.7,269.1,86.7,105.3
2026-09-19 17:47:16,mfsweep_shard0,SPT_SMPT,47,4634.52,4,0,0,105.1,-1.0,-1.0,2,2,77.8,0.1,4025.7,256.3,0.0,77.8
2026-09-19 17:47:16,mfsweep_shard0,SPT_SMPT,47,4634.52,5,0,0,131.4,-1.0,-1.0,2,2,75.9,0.1,4147.6,64.3,126.4,75.9
2026-09-19 17:47:16,mfsweep_shard0,SPT_SMPT,47,4634.52,6,0,0,157.7,-1.0,-1.0,2,1,83.0,0.2,3819.7,608.8,0.0,15.0
2026-09-19 17:47:16,mfsweep_shard0,SPT_SMPT,47,4634.52,7,0,0,183.9,-1.0,-1.0,2,1,56.4,0.2,4163.2,50.8,8.0,15.0
2026-09-19 17:47:16,mfsweep_shard0,SPT_SMPT,47,4634.52,8,0,0,210.2,-1.0,-1.0,2,1,67.4,0.2,4194.0,50.3,0.0,15.0
2026-09-19 17:47:16,mfsweep_shard0,SPT_SMPT,47,4634.52,9,0,0,236.5,-1.0,-1.0,2,0,54.5,0.1,3036.3,1337.8,0.0,0.0
2026-09-19 17:47:16,mfsweep_shard0,SPT_SMPT,47,4634.52,10,0,0,262.8,-1.0,-1.0,2,0,60.7,0.2,3203.6,1116.5,0.0,0.0
2026-09-19 17:47:16,mfsweep_shard0,SPT_SMPT,47,4634.52,11,0,0,289.1,-1.0,-1.0,2,0,70.2,0.2,4321.4,0.0,0.0,0.0
2026-09-19 17:47:16,mfsweep_shard0,SPT_SMPT,47,4634.52,12,0,0,315.3,-1.0,-1.0,2,0,54.4,0.4,4114.8,180.2,0.0,0.0
2026-09-19 17:47:16,mfsweep_shard0,SPT_SMPT,47,4634.52,13,0,0,341.6,-1.0,-1.0,2,0,60.1,0.4,4268.7,0.0,0.0,0.0
2026-09-19 17:47:16,mfsweep_shard0,SPT_SMPT,47,4634.52,14,0,0,367.9,-1.0,-1.0,2,0,75.0,0.4,3080.0,0.0,0.0,0.0
2026-09-19 17:47:16,mfsweep_shard0,SPT_SMPT,47,4634.52,15,0,0,394.2,-1.0,-1.0,2,0,71.5,0.4,3053.7,0.0,0.0,0.0
2026-09-19 17:47:16,mfsweep_shard0,SPT_SMPT,47,4634.52,16,0,0,420.4,-1.0,-1.0,2,0,60.8,0.5,3027.4,0.0,0.0,0.0
2026-09-19 17:47:16,mfsweep_shard0,SPT_SMPT,47,4634.52,17,0,0,446.7,-1.0,-1.0,2,0,73.0,0.3,3001.3,0.0,0.0,0.0
2026-09-19 17:47:16,mfsweep_shard0,SPT_SMPT,47,4634.52,18,0,0,473.0,-1.0,-1.0,2,0,80.2,0.4,2975.0,0.0,0.0,0.0
2026-09-19 17:47:16,mfsweep_shard0,SPT_SMPT,47,4634.52,19,0,0,499.3,-1.0,-1.0,2,0,53.7,0.2,3128.9,0.0,0.0,0.0
2026-09-19 17:47:16,mfsweep_shard0,SPT_SMPT,47,4634.52,20,0,0,525.6,-1.0,-1.0,2,0,80.1,0.2,3102.6,0.0,0.0,0.0
2026-09-19 17:47:16,mfsweep_shard0,SPT_SMPT,47,4634.52,21,0,0,551.8,-1.0,-1.0,2,0,76.5,0.3,225.9,0.0,0.0,0.0
2026-09-19 17:47:16,mfsweep_shard0,SPT_SMPT,47,4634.52,22,0,0,578.1,-1.0,-1.0,2,0,64.7,0.3,199.7,0.0,0.0,0.0
2026-09-19 17:47:16,mfsweep_shard0,SPT_SMPT,47,4634.52,23,0,0,604.4,-1.0,-1.0,2,0,58.6,0.3,173.4,0.0,0.0,0.0
2026-09-19 17:47:16,mfsweep_shard0,SPT_SMPT,47,4634.52,24,0,0,630.7,-1.0,-1.0,2,0,85.1,0.3,147.1,0.0,0.0,0.0
2026-09-19 17:47:16,mfsweep_shard0,SPT_SMPT,47,4634.52,25,0,0,656.9,-1.0,-1.0,2,0,64.6,0.3,120.8,0.0,0.0,0.0
2026-09-19 17:47:16,mfsweep_shard0,SPT_SMPT,47,4634.52,26,0,0,683.2,-1.0,-1.0,2,0,56.6,0.3,94.6,0.0,0.0,0.0
2026-09-19 17:47:16,mfsweep_shard0,SPT_SMPT,47,4634.52,27,0,0,709.5,-1.0,-1.0,2,0,56.7,0.4,68.3,0.0,0.0,0.0
2026-09-19 17:47:16,mfsweep_shard0,SPT_SMPT,47,4634.52,28,0,0,735.8,-1.0,-1.0,2,0,81.5,0.4,42.0,0.0,0.0,0.0
2026-09-19 17:47:16,mfsweep_shard0,SPT_SMPT,47,4634.52,29,0,0,762.0,-1.0,-1.0,2,0,73.4,0.4,15.7,0.0,0.0,0.0
2026-09-19 17:47:16,mfsweep_shard0,SPT_SMPT,47,4634.52,30,0,0,788.3,-1.0,-1.0,2,0,80.1,0.0,0.0,0.0,0.0,0.0
2026-09-19 17:47:16,mfsweep_shard0,SPT_SMPT,47,4634.52,31,0,0,814.6,-1.0,-1.0,2,0,77.6,0.0,0.0,0.0,0.0,0.0
2026-09-19 17:47:16,mfsweep_shard0,SPT_SMPT,47,4634.52,32,0,0,840.9,-1.0,-1.0,2,0,71.2,0.0,0.0,0.0,0.0,0.0
2026-09-19 17:47:16,mfsweep_shard0,SPT_SMPT,47,4634.52,33,0,0,867.2,-1.0,-1.0,2,0,85.6,0.0,0.0,0.0,0.0,0.0
2026-09-19 17:47:16,mfsweep_shard0,SPT_SMPT,47,4634.52,34,0,0,893.4,-1.0,-1.0,2,0,66.0,0.0,0.0,0.0,0.0,0.0
2026-09-19 17:47:16,mfsweep_shard0,SPT_SMPT,47,4634.52,35,0,0,919.7,-1.0,-1.0,2,0,71.7,0.0,0.0,0.0,0.0,0.0
2026-09-19 17:47:16,mfsweep_shard0,SPT_SMPT,47,4634.52,36,0,0,946.0,-1.0,-1.0,2,0,80.9,0.0,0.0,0.0,0.0,0.0
2026-09-19 17:47:16,mfsweep_shard0,SPT_SMPT,47,4634.52,37,0,0,972.3,-1.0,-1.0,2,0,73.9,0.0,0.0,0.0,0.0,0.0
2026-09-19 17:47:16,mfsweep_shard0,SPT_SMPT,47,4634.52,38,0,0,998.5,-1.0,-1.0,2,0,81.9,0.0,0.0,0.0,0.0,0.0
2026-09-19 17:47:16,mfsweep_shard0,SPT_SMPT,47,4634.52,39,0,0,1024.8,-1.0,-1.0,2,0,72.6,0.0,0.0,0.0,0.0,0.0
2026-09-19 17:47:16,mfsweep_shard0,SPT_SMPT,47,4634.52,40,0,0,1051.1,-1.0,-1.0,2,0,76.8,0.0,0.0,0.0,0.0,0.0
2026-09-19 17:47:16,mfsweep_shard0,SPT_SMPT,47,4634.52,41,0,0,1077.4,-1.0,-1.0,2,0,55.0,0.0,0.0,0.0,0.0,0.0
2026-09-19 17:47:16,mfsweep_shard0,SPT_SMPT,47,4634.52,42,0,0,1103.7,-1.0,-1.0,2,0,61.0,0.0,0.0,0.0,0.0,0.0
2026-09-19 17:47:16,mfsweep_shard0,SPT_SMPT,47,4634.52,43,0,0,1129.9,-1.0,-1.0,2,0,63.1,0.0,0.0,0.0,0.0,0.0
2026-09-19 17:47:16,mfsweep_shard0,SPT_SMPT,47,4634.52,44,0,0,1156.2,-1.0,-1.0,2,0,56.1,0.0,0.0,0.0,0.0,0.0
2026-09-19 17:47:16,mfsweep_shard0,SPT_SMPT,47,4634.52,45,0,0,1182.5,-1.0,-1.0,2,0,61.2,0.0,0.0,0.0,0.0,0.0
2026-09-19 17:47:16,mfsweep_shard0,SPT_SMPT,47,4634.52,46,0,0,1208.8,-1.0,-1.0,2,0,56.8,0.0,0.0,0.0,0.0,0.0
2026-09-19 17:47:16,mfsweep_shard0,SPT_SMPT,47,4634.52,47,0,0,1235.0,-1.0,-1.0,2,0,62.7,0.0,0.0,0.0,0.0,0.0
2026-09-19 17:47:16,mfsweep_shard0,SPT_SMPT,47,4634.52,48,0,0,1261.3,-1.0,-1.0,2,0,74.5,0.0,0.0,0.0,0.0,0.0
2026-09-19 17:47:16,mfsweep_shard0,SPT_SMPT,47,4634.52,49,0,0,1287.6,-1.0,-1.0,2,0,65.5,0.0,0.0,0.0,0.0,0.0
2026-09-19 17:47:16,mfsweep_shard0,SPT_SMPT,47,4634.52,50,0,0,1313.9,-1.0,-1.0,2,0,65.7,0.0,0.0,0.0,0.0,0.0
2026-09-19 17:47:16,mfsweep_shard0,SPT_SMPT,47,4634.52,51,0,0,1340.2,-1.0,-1.0,2,0,60.4,0.0,0.0,0.0,0.0,0.0
2026-09-19 17:47:16,mfsweep_shard0,SPT_SMPT,47,4634.52,52,0,0,1366.4,-1.0,-1.0,2,0,62.3,0.0,0.0,0.0,0.0,0.0
2026-09-19 17:47:16,mfsweep_shard0,SPT_SMPT,47,4634.52,53,0,0,1392.7,-1.0,-1.0,2,0,84.4,0.0,0.0,0.0,0.0,0.0
2026-09-19 17:47:16,mfsweep_shard0,SPT_SMPT,47,4634.52,54,0,0,1419.0,-1.0,-1.0,2,0,74.9,0.0,0.0,0.0,0.0,0.0
2026-09-19 17:47:16,mfsweep_shard0,SPT_SMPT,47,4634.52,55,0,0,1445.3,-1.0,-1.0,2,0,73.6,0.0,0.0,0.0,0.0,0.0
2026-09-19 17:47:16,mfsweep_shard0,SPT_SMPT,47,4634.52,56,0,0,1471.5,-1.0,-1.0,2,0,59.2,0.0,0.0,0.0,0.0,0.0
2026-09-19 17:47:16,mfsweep_shard0,SPT_SMPT,47,4634.52,57,0,0,1497.8,-1.0,-1.0,2,0,77.6,0.0,0.0,0.0,0.0,0.0
2026-09-19 17:47:16,mfsweep_shard0,SPT_SMPT,47,4634.52,58,0,0,1524.1,-1.0,-1.0,2,0,58.9,0.0,0.0,0.0,0.0,0.0
2026-09-19 17:47:16,mfsweep_shard0,SPT_SMPT,47,4634.52,59,0,0,1550.4,-1.0,-1.0,2,0,66.0,0.0,0.0,0.0,0.0,0.0
2026-09-19 17:47:16,mfsweep_shard0,SPT_SMPT,47,4634.52,60,0,0,1576.6,-1.0,-1.0,2,0,86.2,0.0,0.0,0.0,0.0,0.0
2026-09-19 17:47:16,mfsweep_shard0,SPT_SMPT,47,4634.52,61,0,0,1602.9,-1.0,-1.0,2,0,74.6,0.0,0.0,0.0,0.0,0.0
2026-09-19 17:47:16,mfsweep_shard0,SPT_SMPT,47,4634.52,62,0,0,1629.2,-1.0,-1.0,2,0,71.9,0.0,0.0,0.0,0.0,0.0
2026-09-19 17:47:16,mfsweep_shard0,SPT_SMPT,47,4634.52,63,0,0,1655.5,-1.0,-1.0,2,0,76.1,0.0,0.0,0.0,0.0,0.0
2026-09-19 17:47:16,mfsweep_shard0,SPT_SMPT,47,4634.52,64,0,0,1681.8,-1.0,-1.0,2,0,81.3,0.0,0.0,0.0,0.0,0.0
2026-09-19 17:47:16,mfsweep_shard0,SPT_SMPT,47,4634.52,65,0,0,1708.0,-1.0,-1.0,2,0,79.1,0.0,0.0,0.0,0.0,0.0
2026-09-19 17:47:16,mfsweep_shard0,SPT_SMPT,47,4634.52,66,0,0,1734.3,-1.0,-1.0,2,0,61.1,0.0,0.0,0.0,0.0,0.0
2026-09-19 17:47:16,mfsweep_shard0,SPT_SMPT,47,4634.52,67,0,0,1760.6,-1.0,-1.0,2,0,54.6,0.0,0.0,0.0,0.0,0.0
2026-09-19 17:47:16,mfsweep_shard0,SPT_SMPT,47,4634.52,68,0,0,1786.9,-1.0,-1.0,2,0,63.9,0.0,0.0,0.0,0.0,0.0
2026-09-19 17:47:16,mfsweep_shard0,SPT_SMPT,47,4634.52,69,0,0,1813.1,-1.0,-1.0,2,0,62.3,0.0,0.0,0.0,0.0,0.0
2026-09-19 17:47:16,mfsweep_shard0,SPT_SMPT,47,4634.52,70,0,0,1839.4,-1.0,-1.0,2,0,60.5,0.0,0.0,0.0,0.0,0.0
2026-09-19 17:47:16,mfsweep_shard0,SPT_SMPT,47,4634.52,71,0,0,1865.7,-1.0,-1.0,2,0,84.6,0.0,0.0,0.0,0.0,0.0
2026-09-19 17:47:16,mfsweep_shard0,SPT_SMPT,47,4634.52,72,0,0,1892.0,-1.0,-1.0,2,0,82.4,0.0,0.0,0.0,0.0,0.0
2026-09-19 17:47:16,mfsweep_shard0,SPT_SMPT,47,4634.52,73,0,0,1918.3,-1.0,-1.0,2,0,63.9,0.0,0.0,0.0,0.0,0.0
2026-09-19 17:47:16,mfsweep_shard0,SPT_SMPT,47,4634.52,74,0,0,1944.5,-1.0,-1.0,2,0,75.1,0.0,0.0,0.0,0.0,0.0
2026-09-19 17:47:16,mfsweep_shard0,SPT_SMPT,47,4634.52,75,0,0,1970.8,-1.0,-1.0,2,0,66.6,0.0,0.0,0.0,0.0,0.0
2026-09-19 17:47:16,mfsweep_shard0,SPT_SMPT,47,4634.52,76,0,0,1997.1,-1.0,-1.0,2,0,83.7,0.0,0.0,0.0,0.0,0.0
2026-09-19 17:47:16,mfsweep_shard0,SPT_SMPT,47,4634.52,77,0,0,2023.4,-1.0,-1.0,2,0,68.6,0.0,0.0,0.0,0.0,0.0
2026-09-19 17:47:16,mfsweep_shard0,SPT_SMPT,47,4634.52,78,0,0,2049.6,-1.0,-1.0,2,0,62.2,0.0,0.0,0.0,0.0,0.0
2026-09-19 17:47:16,mfsweep_shard0,SPT_SMPT,47,4634.52,79,0,0,2075.9,-1.0,-1.0,2,0,61.6,0.0,0.0,0.0,0.0,0.0
2026-09-19 17:47:16,mfsweep_shard0,SPT_SMPT,47,4634.52,80,0,0,2102.2,-1.0,-1.0,2,0,72.0,0.0,0.0,0.0,0.0,0.0
2026-09-19 17:47:16,mfsweep_shard0,SPT_SMPT,47,4634.52,81,0,0,2128.5,-1.0,-1.0,2,0,62.2,0.0,0.0,0.0,0.0,0.0
2026-09-19 17:47:16,mfsweep_shard0,SPT_SMPT,47,4634.52,82,0,0,2154.7,-1.0,-1.0,2,0,72.8,0.0,0.0,0.0,0.0,0.0
2026-09-19 17:47:16,mfsweep_shard0,SPT_SMPT,47,4634.52,83,0,0,2181.0,-1.0,-1.0,2,0,83.1,0.0,0.0,0.0,0.0,0.0
2026-09-19 17:47:16,mfsweep_shard0,SPT_SMPT,47,4634.52,84,0,0,2207.3,-1.0,-1.0,2,0,66.7,0.0,0.0,0.0,0.0,0.0
2026-09-19 17:47:16,mfsweep_shard0,SPT_SMPT,47,4634.52,85,0,0,2233.6,-1.0,-1.0,2,0,60.7,0.0,0.0,0.0,0.0,0.0
2026-09-19 17:47:16,mfsweep_shard0,SPT_SMPT,47,4634.52,86,0,0,2259.9,-1.0,-1.0,2,0,86.4,0.0,0.0,0.0,0.0,0.0
2026-09-19 17:47:16,mfsweep_shard0,SPT_SMPT,47,4634.52,87,0,0,2286.1,-1.0,-1.0,2,0,70.3,0.0,0.0,0.0,0.0,0.0
2026-09-19 17:47:16,mfsweep_shard0,SPT_SMPT,47,4634.52,88,0,0,2312.4,-1.0,-1.0,2,0,56.5,0.0,0.0,0.0,0.0,0.0
2026-09-19 17:47:16,mfsweep_shard0,SPT_SMPT,47,4634.52,89,0,0,2338.7,-1.0,-1.0,2,0,55.1,0.0,0.0,0.0,0.0,0.0
2026-09-19 17:47:16,mfsweep_shard0,SPT_SMPT,47,4634.52,90,0,0,2365.0,-1.0,-1.0,2,0,57.1,0.0,0.0,0.0,0.0,0.0
2026-09-19 17:47:16,mfsweep_shard0,SPT_SMPT,47,4634.52,91,0,0,2391.2,-1.0,-1.0,2,0,74.2,0.0,0.0,0.0,0.0,0.0
2026-09-19 17:47:16,mfsweep_shard0,SPT_SMPT,47,4634.52,92,0,0,2417.5,-1.0,-1.0,2,0,79.6,0.0,0.0,0.0,0.0,0.0
2026-09-19 17:47:16,mfsweep_shard0,SPT_SMPT,47,4634.52,93,0,0,2443.8,-1.0,-1.0,2,0,67.4,0.0,0.0,0.0,0.0,0.0
2026-09-19 17:47:16,mfsweep_shard0,SPT_SMPT,47,4634.52,94,0,0,2470.1,-1.0,-1.0,2,0,55.6,0.0,0.0,0.0,0.0,0.0
2026-09-19 17:47:16,mfsweep_shard0,SPT_SMPT,47,4634.52,95,0,0,2496.4,-1.0,-1.0,2,0,66.1,0.0,0.0,0.0,0.0,0.0
2026-09-19 17:47:16,mfsweep_shard0,SPT_SMPT,47,4634.52,96,0,0,2522.6,-1.0,-1.0,2,0,86.4,0.0,0.0,0.0,0.0,0.0
2026-09-19 17:47:16,mfsweep_shard0,SPT_SMPT,47,4634.52,97,0,0,2548.9,-1.0,-1.0,2,0,71.0,0.0,0.0,0.0,0.0,0.0
2026-09-19 17:47:16,mfsweep_shard0,SPT_SMPT,47,4634.52,98,0,0,2575.2,-1.0,-1.0,2,0,85.6,0.0,0.0,0.0,0.0,0.0
2026-09-19 17:47:16,mfsweep_shard0,SPT_SMPT,47,4634.52,99,0,0,2601.5,-1.0,-1.0,2,0,81.9,0.0,0.0,0.0,0.0,0.0
2026-09-19 17:47:16,mfsweep_shard0,SPT_SMPT,47,4634.52,100,0,0,2627.7,-1.0,-1.0,2,0,53.9,0.0,0.0,0.0,0.0,0.0
2026-09-19 17:47:16,mfsweep_shard0,SPT_SMPT,47,4634.52,101,0,0,2654.0,-1.0,-1.0,2,0,77.3,0.0,0.0,0.0,0.0,0.0
2026-09-19 17:47:16,mfsweep_shard0,SPT_SMPT,47,4634.52,102,0,0,2680.3,-1.0,-1.0,2,0,76.0,0.0,0.0,0.0,0.0,0.0
2026-09-19 17:47:16,mfsweep_shard0,SPT_SMPT,47,4634.52,103,0,0,2706.6,-1.0,-1.0,2,0,71.2,0.0,0.0,0.0,0.0,0.0
2026-09-19 17:47:16,mfsweep_shard0,SPT_SMPT,47,4634.52,104,0,0,2732.9,-1.0,-1.0,2,0,62.3,0.0,0.0,0.0,0.0,0.0
2026-09-19 17:47:16,mfsweep_shard0,SPT_SMPT,47,4634.52,105,0,0,2759.1,-1.0,-1.0,2,0,74.7,0.0,0.0,0.0,0.0,0.0
2026-09-19 17:47:16,mfsweep_shard0,SPT_SMPT,47,4634.52,106,0,0,2785.4,-1.0,-1.0,2,0,57.2,0.0,0.0,0.0,0.0,0.0
2026-09-19 17:47:16,mfsweep_shard0,SPT_SMPT,47,4634.52,107,0,0,2811.7,-1.0,-1.0,2,0,67.9,0.0,0.0,0.0,0.0,0.0
2026-09-19 17:47:16,mfsweep_shard0,SPT_SMPT,47,4634.52,108,0,0,2838.0,-1.0,-1.0,2,0,68.5,0.0,0.0,0.0,0.0,0.0
2026-09-19 17:47:16,mfsweep_shard0,SPT_SMPT,47,4634.52,109,0,0,2864.2,-1.0,-1.0,2,0,85.0,0.0,0.0,0.0,0.0,0.0
2026-09-19 17:47:16,mfsweep_shard0,SPT_SMPT,47,4634.52,110,0,0,2890.5,-1.0,-1.0,2,0,82.4,0.0,0.0,0.0,0.0,0.0
2026-09-19 17:47:16,mfsweep_shard0,SPT_SMPT,47,4634.52,111,0,0,2916.8,-1.0,-1.0,2,0,62.2,0.0,0.0,0.0,0.0,0.0
2026-09-19 17:47:16,mfsweep_shard0,SPT_SMPT,47,4634.52,112,0,0,2943.1,-1.0,-1.0,2,0,70.0,0.0,0.0,0.0,0.0,0.0
2026-09-19 17:47:16,mfsweep_shard0,SPT_SMPT,47,4634.52,113,0,0,2969.3,-1.0,-1.0,2,0,59.4,0.0,0.0,0.0,0.0,0.0
2026-09-19 17:47:16,mfsweep_shard0,SPT_SMPT,47,4634.52,114,0,0,2995.6,-1.0,-1.0,2,0,83.6,0.0,0.0,0.0,0.0,0.0
2026-09-19 17:47:16,mfsweep_shard0,SPT_SMPT,47,4634.52,115,0,0,3021.9,-1.0,-1.0,2,0,82.2,0.0,0.0,0.0,0.0,0.0
2026-09-19 17:47:16,mfsweep_shard0,SPT_SMPT,47,4634.52,116,0,0,3048.2,-1.0,-1.0,2,0,63.4,0.0,0.0,0.0,0.0,0.0
2026-09-19 17:47:16,mfsweep_shard0,SPT_SMPT,47,4634.52,117,0,0,3074.5,-1.0,-1.0,2,0,74.6,0.0,0.0,0.0,0.0,0.0
2026-09-19 17:47:16,mfsweep_shard0,SPT_SMPT,47,4634.52,118,0,0,3100.7,-1.0,-1.0,2,0,73.6,0.0,0.0,0.0,0.0,0.0
2026-09-19 17:47:16,mfsweep_shard0,SPT_SMPT,47,4634.52,119,0,0,3127.0,-1.0,-1.0,2,0,58.5,0.0,0.0,0.0,0.0,0.0
2026-09-19 17:47:16,mfsweep_shard0,SPT_SMPT,47,4634.52,120,0,0,3153.3,-1.0,-1.0,2,0,78.7,0.0,0.0,0.0,0.0,0.0
2026-09-19 17:47:16,mfsweep_shard0,SPT_SMPT,47,4634.52,121,0,0,3179.6,-1.0,-1.0,2,0,71.3,0.0,0.0,0.0,0.0,0.0
2026-09-19 17:47:16,mfsweep_shard0,SPT_SMPT,47,4634.52,122,0,0,3205.8,-1.0,-1.0,2,0,79.2,0.0,0.0,0.0,0.0,0.0
2026-09-19 17:47:16,mfsweep_shard0,SPT_SMPT,47,4634.52,123,0,0,3232.1,-1.0,-1.0,2,0,71.0,0.0,0.0,0.0,0.0,0.0
2026-09-19 17:47:16,mfsweep_shard0,SPT_SMPT,47,4634.52,124,0,0,3258.4,-1.0,-1.0,2,0,53.5,0.0,0.0,0.0,0.0,0.0
2026-09-19 17:47:16,mfsweep_shard0,SPT_SMPT,47,4634.52,125,0,0,3284.7,-1.0,-1.0,2,0,64.2,0.0,0.0,0.0,0.0,0.0
2026-09-19 17:47:16,mfsweep_shard0,SPT_SMPT,47,4634.52,126,0,0,3311.0,-1.0,-1.0,2,0,54.1,0.0,0.0,0.0,0.0,0.0
2026-09-19 17:47:16,mfsweep_shard0,SPT_SMPT,47,4634.52,127,0,0,3337.2,-1.0,-1.0,2,0,84.2,0.0,0.0,0.0,0.0,0.0
2026-09-19 17:47:16,mfsweep_shard0,SPT_SMPT,47,4634.52,128,0,0,3363.5,-1.0,-1.0,2,0,82.5,0.0,0.0,0.0,0.0,0.0
2026-09-19 17:47:16,mfsweep_shard0,SPT_SMPT,47,4634.52,129,0,0,3389.8,-1.0,-1.0,2,0,80.9,0.0,0.0,0.0,0.0,0.0
2026-09-19 17:47:16,mfsweep_shard0,SPT_SMPT,47,4634.52,130,0,0,3416.1,-1.0,-1.0,2,0,63.7,0.0,0.0,0.0,0.0,0.0
2026-09-19 17:47:16,mfsweep_shard0,SPT_SMPT,47,4634.52,131,0,0,3442.3,-1.0,-1.0,2,0,55.4,0.0,0.0,0.0,0.0,0.0
2026-09-19 17:47:16,mfsweep_shard0,SPT_SMPT,47,4634.52,132,0,0,3468.6,-1.0,-1.0,2,0,82.5,0.0,0.0,0.0,0.0,0.0
2026-09-19 17:47:16,mfsweep_shard0,SPT_SMPT,47,4634.52,133,0,0,3494.9,-1.0,-1.0,2,0,84.8,0.0,0.0,0.0,0.0,0.0
2026-09-19 17:47:16,mfsweep_shard0,SPT_SMPT,47,4634.52,134,0,0,3521.2,-1.0,-1.0,2,0,56.3,0.0,0.0,0.0,0.0,0.0
2026-09-19 17:47:16,mfsweep_shard0,SPT_SMPT,47,4634.52,135,0,0,3547.5,-1.0,-1.0,2,0,69.5,0.0,0.0,0.0,0.0,0.0
2026-09-19 17:47:16,mfsweep_shard0,SPT_SMPT,47,4634.52,136,0,0,3573.7,-1.0,-1.0,2,0,55.8,0.0,0.0,0.0,0.0,0.0
2026-09-19 17:50:59,mfsweep_shard0,SPT_SMPT,48,5729.92,0,0,1,0.0,232.9,232.9,2,2,74.6,0.0,74.0,84.2,0.0,74.6
2026-09-19 17:50:59,mfsweep_shard0,SPT_SMPT,48,5729.92,1,0,1,26.3,283.4,257.1,2,2,54.4,0.0,88.2,93.6,20.9,54.4
2026-09-19 17:50:59,mfsweep_shard0,SPT_SMPT,48,5729.92,2,0,0,52.6,-1.0,-1.0,2,2,62.6,0.0,5145.5,270.9,84.6,62.6
2026-09-19 17:50:59,mfsweep_shard0,SPT_SMPT,48,5729.92,3,0,1,78.8,345.5,266.7,2,2,60.9,0.0,90.4,105.0,10.2,60.9
2026-09-19 17:50:59,mfsweep_shard0,SPT_SMPT,48,5729.92,4,0,0,105.1,-1.0,-1.0,2,2,77.8,0.0,5168.9,56.3,225.1,77.8
2026-09-19 17:50:59,mfsweep_shard0,SPT_SMPT,48,5729.92,5,0,0,131.4,-1.0,-1.0,2,2,75.9,0.0,4945.1,484.0,22.5,75.9
2026-09-19 17:50:59,mfsweep_shard0,SPT_SMPT,48,5729.92,6,0,0,157.7,-1.0,-1.0,2,2,83.0,0.1,4952.2,247.8,198.0,83.0
2026-09-19 17:50:59,mfsweep_shard0,SPT_SMPT,48,5729.92,7,0,0,183.9,-1.0,-1.0,2,2,56.4,0.0,5314.4,65.9,19.7,56.4
2026-09-19 17:50:59,mfsweep_shard0,SPT_SMPT,48,5729.92,8,0,0,210.2,-1.0,-1.0,2,2,67.5,0.2,5197.7,108.0,26.3,75.7
2026-09-19 17:50:59,mfsweep_shard0,SPT_SMPT,48,5729.92,9,0,0,236.5,-1.0,-1.0,2,2,54.5,0.0,1622.6,3732.1,8.9,54.5
2026-09-19 17:50:59,mfsweep_shard0,SPT_SMPT,48,5729.92,10,0,0,262.8,-1.0,-1.0,2,1,60.7,0.2,5004.9,403.3,0.0,15.0
2026-09-19 17:50:59,mfsweep_shard0,SPT_SMPT,48,5729.92,11,0,0,289.1,-1.0,-1.0,2,1,70.2,0.1,4575.4,827.2,0.0,15.0
2026-09-19 17:50:59,mfsweep_shard0,SPT_SMPT,48,5729.92,12,0,0,315.3,-1.0,-1.0,2,0,54.4,0.1,3491.0,1881.4,0.0,0.0
2026-09-19 17:50:59,mfsweep_shard0,SPT_SMPT,48,5729.92,13,0,0,341.6,-1.0,-1.0,2,0,60.1,0.1,3811.9,1373.0,0.0,0.0
2026-09-19 17:50:59,mfsweep_shard0,SPT_SMPT,48,5729.92,14,0,0,367.9,-1.0,-1.0,2,0,75.0,0.3,4571.9,205.6,0.0,0.0
2026-09-19 17:50:59,mfsweep_shard0,SPT_SMPT,48,5729.92,15,0,0,394.2,-1.0,-1.0,2,0,71.5,0.4,4570.9,180.2,0.0,0.0
2026-09-19 17:50:59,mfsweep_shard0,SPT_SMPT,48,5729.92,16,0,0,420.4,-1.0,-1.0,2,0,60.8,0.5,4724.7,0.0,0.0,0.0
2026-09-19 17:50:59,mfsweep_shard0,SPT_SMPT,48,5729.92,17,0,0,446.7,-1.0,-1.0,2,0,73.0,0.7,4698.3,0.0,0.0,0.0
2026-09-19 17:50:59,mfsweep_shard0,SPT_SMPT,48,5729.92,18,0,0,473.0,-1.0,-1.0,2,0,80.2,0.8,4671.9,0.0,0.0,0.0
2026-09-19 17:50:59,mfsweep_shard0,SPT_SMPT,48,5729.92,19,0,0,499.3,-1.0,-1.0,2,0,53.7,1.0,4645.5,0.0,0.0,0.0
2026-09-19 17:50:59,mfsweep_shard0,SPT_SMPT,48,5729.92,20,0,0,525.6,-1.0,-1.0,2,0,80.1,1.2,4619.1,0.0,0.0,0.0
2026-09-19 17:50:59,mfsweep_shard0,SPT_SMPT,48,5729.92,21,0,0,551.8,-1.0,-1.0,2,0,76.5,1.3,4592.7,0.0,0.0,0.0
2026-09-19 17:50:59,mfsweep_shard0,SPT_SMPT,48,5729.92,22,0,0,578.1,-1.0,-1.0,2,0,64.7,1.5,4566.2,0.0,0.0,0.0
2026-09-19 17:50:59,mfsweep_shard0,SPT_SMPT,48,5729.92,23,0,0,604.4,-1.0,-1.0,2,0,58.6,1.7,4539.8,0.0,0.0,0.0
2026-09-19 17:50:59,mfsweep_shard0,SPT_SMPT,48,5729.92,24,0,0,630.7,-1.0,-1.0,2,0,85.1,1.8,4513.4,0.0,0.0,0.0
2026-09-19 17:50:59,mfsweep_shard0,SPT_SMPT,48,5729.92,25,0,0,656.9,-1.0,-1.0,2,0,64.6,1.7,4487.2,0.0,0.0,0.0
2026-09-19 17:50:59,mfsweep_shard0,SPT_SMPT,48,5729.92,26,0,0,683.2,-1.0,-1.0,2,0,56.6,1.9,4460.8,0.0,0.0,0.0
2026-09-19 17:50:59,mfsweep_shard0,SPT_SMPT,48,5729.92,27,0,0,709.5,-1.0,-1.0,2,0,56.7,1.7,4434.7,0.0,0.0,0.0
2026-09-19 17:50:59,mfsweep_shard0,SPT_SMPT,48,5729.92,28,0,0,735.8,-1.0,-1.0,2,0,81.5,1.8,4408.3,0.0,0.0,0.0
2026-09-19 17:50:59,mfsweep_shard0,SPT_SMPT,48,5729.92,29,0,0,762.0,-1.0,-1.0,2,0,73.4,2.0,4382.0,0.0,0.0,0.0
2026-09-19 17:50:59,mfsweep_shard0,SPT_SMPT,48,5729.92,30,0,0,788.3,-1.0,-1.0,2,0,80.1,2.1,4355.6,0.0,0.0,0.0
2026-09-19 17:50:59,mfsweep_shard0,SPT_SMPT,48,5729.92,31,0,0,814.6,-1.0,-1.0,2,0,77.6,2.2,4329.2,0.0,0.0,0.0
2026-09-19 17:50:59,mfsweep_shard0,SPT_SMPT,48,5729.92,32,0,0,840.9,-1.0,-1.0,2,0,71.2,2.3,4302.8,0.0,0.0,0.0
2026-09-19 17:50:59,mfsweep_shard0,SPT_SMPT,48,5729.92,33,0,0,867.2,-1.0,-1.0,2,0,85.6,2.4,4276.5,0.0,0.0,0.0
2026-09-19 17:50:59,mfsweep_shard0,SPT_SMPT,48,5729.92,34,0,0,893.4,-1.0,-1.0,2,0,66.0,2.6,4250.1,0.0,0.0,0.0
2026-09-19 17:50:59,mfsweep_shard0,SPT_SMPT,48,5729.92,35,0,0,919.7,-1.0,-1.0,2,0,71.7,2.7,4223.7,0.0,0.0,0.0
2026-09-19 17:50:59,mfsweep_shard0,SPT_SMPT,48,5729.92,36,0,0,946.0,-1.0,-1.0,2,0,80.9,2.8,4197.3,0.0,0.0,0.0
2026-09-19 17:50:59,mfsweep_shard0,SPT_SMPT,48,5729.92,37,0,0,972.3,-1.0,-1.0,2,0,73.9,2.9,4170.9,0.0,0.0,0.0
2026-09-19 17:50:59,mfsweep_shard0,SPT_SMPT,48,5729.92,38,0,0,998.5,-1.0,-1.0,2,0,81.9,3.1,4144.6,0.0,0.0,0.0
2026-09-19 17:50:59,mfsweep_shard0,SPT_SMPT,48,5729.92,39,0,0,1024.8,-1.0,-1.0,2,0,72.6,3.2,4118.2,0.0,0.0,0.0
2026-09-19 17:50:59,mfsweep_shard0,SPT_SMPT,48,5729.92,40,0,0,1051.1,-1.0,-1.0,2,0,76.8,3.3,4091.8,0.0,0.0,0.0
2026-09-19 17:50:59,mfsweep_shard0,SPT_SMPT,48,5729.92,41,0,0,1077.4,-1.0,-1.0,2,0,55.0,3.4,4065.4,0.0,0.0,0.0
2026-09-19 17:50:59,mfsweep_shard0,SPT_SMPT,48,5729.92,42,0,0,1103.7,-1.0,-1.0,2,0,61.0,3.5,4039.1,0.0,0.0,0.0
2026-09-19 17:50:59,mfsweep_shard0,SPT_SMPT,48,5729.92,43,0,0,1129.9,-1.0,-1.0,2,0,63.1,3.6,4012.7,0.0,0.0,0.0
2026-09-19 17:50:59,mfsweep_shard0,SPT_SMPT,48,5729.92,44,0,0,1156.2,-1.0,-1.0,2,0,56.1,3.8,3986.3,0.0,0.0,0.0
2026-09-19 17:50:59,mfsweep_shard0,SPT_SMPT,48,5729.92,45,0,0,1182.5,-1.0,-1.0,2,0,61.2,3.9,3959.9,0.0,0.0,0.0
2026-09-19 17:50:59,mfsweep_shard0,SPT_SMPT,48,5729.92,46,0,0,1208.8,-1.0,-1.0,2,0,56.8,4.0,3933.5,0.0,0.0,0.0
2026-09-19 17:50:59,mfsweep_shard0,SPT_SMPT,48,5729.92,47,0,0,1235.0,-1.0,-1.0,2,0,62.7,4.1,3907.2,0.0,0.0,0.0
2026-09-19 17:50:59,mfsweep_shard0,SPT_SMPT,48,5729.92,48,0,0,1261.3,-1.0,-1.0,2,0,74.5,4.2,3880.8,0.0,0.0,0.0
2026-09-19 17:50:59,mfsweep_shard0,SPT_SMPT,48,5729.92,49,0,0,1287.6,-1.0,-1.0,2,0,65.5,4.4,3854.4,0.0,0.0,0.0
2026-09-19 17:50:59,mfsweep_shard0,SPT_SMPT,48,5729.92,50,0,0,1313.9,-1.0,-1.0,2,0,65.7,4.5,3828.0,0.0,0.0,0.0
2026-09-19 17:50:59,mfsweep_shard0,SPT_SMPT,48,5729.92,51,0,0,1340.2,-1.0,-1.0,2,0,60.4,4.6,3801.7,0.0,0.0,0.0
2026-09-19 17:50:59,mfsweep_shard0,SPT_SMPT,48,5729.92,52,0,0,1366.4,-1.0,-1.0,2,0,62.3,4.7,3775.3,0.0,0.0,0.0
2026-09-19 17:50:59,mfsweep_shard0,SPT_SMPT,48,5729.92,53,0,0,1392.7,-1.0,-1.0,2,0,84.4,4.9,3748.9,0.0,0.0,0.0
2026-09-19 17:50:59,mfsweep_shard0,SPT_SMPT,48,5729.92,54,0,0,1419.0,-1.0,-1.0,2,0,74.9,5.0,3722.5,0.0,0.0,0.0
2026-09-19 17:50:59,mfsweep_shard0,SPT_SMPT,48,5729.92,55,0,0,1445.3,-1.0,-1.0,2,0,73.6,5.1,3696.1,0.0,0.0,0.0
2026-09-19 17:50:59,mfsweep_shard0,SPT_SMPT,48,5729.92,56,0,0,1471.5,-1.0,-1.0,2,0,59.2,5.2,3669.8,0.0,0.0,0.0
2026-09-19 17:50:59,mfsweep_shard0,SPT_SMPT,48,5729.92,57,0,0,1497.8,-1.0,-1.0,2,0,77.6,5.3,3643.4,0.0,0.0,0.0
2026-09-19 17:50:59,mfsweep_shard0,SPT_SMPT,48,5729.92,58,0,0,1524.1,-1.0,-1.0,2,0,58.9,5.4,3617.0,0.0,0.0,0.0
2026-09-19 17:50:59,mfsweep_shard0,SPT_SMPT,48,5729.92,59,0,0,1550.4,-1.0,-1.0,2,0,66.0,5.6,3590.6,0.0,0.0,0.0
2026-09-19 17:50:59,mfsweep_shard0,SPT_SMPT,48,5729.92,60,0,0,1576.6,-1.0,-1.0,2,0,86.2,5.7,3564.3,0.0,0.0,0.0
2026-09-19 17:50:59,mfsweep_shard0,SPT_SMPT,48,5729.92,61,0,0,1602.9,-1.0,-1.0,2,0,74.6,5.8,3537.9,0.0,0.0,0.0
2026-09-19 17:50:59,mfsweep_shard0,SPT_SMPT,48,5729.92,62,0,0,1629.2,-1.0,-1.0,2,0,71.9,5.9,3511.5,0.0,0.0,0.0
2026-09-19 17:50:59,mfsweep_shard0,SPT_SMPT,48,5729.92,63,0,0,1655.5,-1.0,-1.0,2,0,76.1,6.0,3485.1,0.0,0.0,0.0
2026-09-19 17:50:59,mfsweep_shard0,SPT_SMPT,48,5729.92,64,0,0,1681.8,-1.0,-1.0,2,0,81.3,6.2,3458.8,0.0,0.0,0.0
2026-09-19 17:50:59,mfsweep_shard0,SPT_SMPT,48,5729.92,65,0,0,1708.0,-1.0,-1.0,2,0,79.1,6.3,3432.4,0.0,0.0,0.0
2026-09-19 17:50:59,mfsweep_shard0,SPT_SMPT,48,5729.92,66,0,0,1734.3,-1.0,-1.0,2,0,61.1,6.4,3406.0,0.0,0.0,0.0
2026-09-19 17:50:59,mfsweep_shard0,SPT_SMPT,48,5729.92,67,0,0,1760.6,-1.0,-1.0,2,0,54.6,6.5,3379.6,0.0,0.0,0.0
2026-09-19 17:50:59,mfsweep_shard0,SPT_SMPT,48,5729.92,68,0,0,1786.9,-1.0,-1.0,2,0,63.9,6.7,3353.2,0.0,0.0,0.0
2026-09-19 17:50:59,mfsweep_shard0,SPT_SMPT,48,5729.92,69,0,0,1813.1,-1.0,-1.0,2,0,62.3,6.8,3326.9,0.0,0.0,0.0
2026-09-19 17:50:59,mfsweep_shard0,SPT_SMPT,48,5729.92,70,0,0,1839.4,-1.0,-1.0,2,0,60.5,6.9,3300.5,0.0,0.0,0.0
2026-09-19 17:50:59,mfsweep_shard0,SPT_SMPT,48,5729.92,71,0,0,1865.7,-1.0,-1.0,2,0,84.6,7.0,3274.1,0.0,0.0,0.0
2026-09-19 17:50:59,mfsweep_shard0,SPT_SMPT,48,5729.92,72,0,0,1892.0,-1.0,-1.0,2,0,82.4,7.1,3247.7,0.0,0.0,0.0
2026-09-19 17:50:59,mfsweep_shard0,SPT_SMPT,48,5729.92,73,0,0,1918.3,-1.0,-1.0,2,0,63.9,7.2,3221.4,0.0,0.0,0.0
2026-09-19 17:50:59,mfsweep_shard0,SPT_SMPT,48,5729.92,74,0,0,1944.5,-1.0,-1.0,2,0,75.1,6.1,3196.2,0.0,0.0,0.0
2026-09-19 17:50:59,mfsweep_shard0,SPT_SMPT,48,5729.92,75,0,0,1970.8,-1.0,-1.0,2,0,66.6,6.3,3169.8,0.0,0.0,0.0
2026-09-19 17:50:59,mfsweep_shard0,SPT_SMPT,48,5729.92,76,0,0,1997.1,-1.0,-1.0,2,0,83.7,6.4,3143.5,0.0,0.0,0.0
2026-09-19 17:50:59,mfsweep_shard0,SPT_SMPT,48,5729.92,77,0,0,2023.4,-1.0,-1.0,2,0,68.6,6.5,3117.1,0.0,0.0,0.0
2026-09-19 17:50:59,mfsweep_shard0,SPT_SMPT,48,5729.92,78,0,0,2049.6,-1.0,-1.0,2,0,62.2,6.6,3090.8,0.0,0.0,0.0
2026-09-19 17:50:59,mfsweep_shard0,SPT_SMPT,48,5729.92,79,0,0,2075.9,-1.0,-1.0,2,0,61.6,6.6,3064.4,0.0,0.0,0.0
2026-09-19 17:50:59,mfsweep_shard0,SPT_SMPT,48,5729.92,80,0,0,2102.2,-1.0,-1.0,2,0,72.0,6.7,3038.1,0.0,0.0,0.0
2026-09-19 17:50:59,mfsweep_shard0,SPT_SMPT,48,5729.92,81,0,0,2128.5,-1.0,-1.0,2,0,62.2,6.8,3011.7,0.0,0.0,0.0
2026-09-19 17:50:59,mfsweep_shard0,SPT_SMPT,48,5729.92,82,0,0,2154.7,-1.0,-1.0,2,0,72.8,7.0,2985.3,0.0,0.0,0.0
2026-09-19 17:50:59,mfsweep_shard0,SPT_SMPT,48,5729.92,83,0,0,2181.0,-1.0,-1.0,2,0,83.1,7.1,2959.0,0.0,0.0,0.0
2026-09-19 17:50:59,mfsweep_shard0,SPT_SMPT,48,5729.92,84,0,0,2207.3,-1.0,-1.0,2,0,66.7,7.2,2932.6,0.0,0.0,0.0
2026-09-19 17:50:59,mfsweep_shard0,SPT_SMPT,48,5729.92,85,0,0,2233.6,-1.0,-1.0,2,0,60.7,7.3,2906.3,0.0,0.0,0.0
2026-09-19 17:50:59,mfsweep_shard0,SPT_SMPT,48,5729.92,86,0,0,2259.9,-1.0,-1.0,2,0,86.4,7.3,2879.9,0.0,0.0,0.0
2026-09-19 17:50:59,mfsweep_shard0,SPT_SMPT,48,5729.92,87,0,0,2286.1,-1.0,-1.0,2,0,70.3,7.4,2853.6,0.0,0.0,0.0
2026-09-19 17:50:59,mfsweep_shard0,SPT_SMPT,48,5729.92,88,0,0,2312.4,-1.0,-1.0,2,0,56.5,7.5,2827.2,0.0,0.0,0.0
2026-09-19 17:50:59,mfsweep_shard0,SPT_SMPT,48,5729.92,89,0,0,2338.7,-1.0,-1.0,2,0,55.1,7.6,2800.8,0.0,0.0,0.0
2026-09-19 17:50:59,mfsweep_shard0,SPT_SMPT,48,5729.92,90,0,0,2365.0,-1.0,-1.0,2,0,57.1,7.8,2774.5,0.0,0.0,0.0
2026-09-19 17:50:59,mfsweep_shard0,SPT_SMPT,48,5729.92,91,0,0,2391.2,-1.0,-1.0,2,0,74.2,7.9,2748.1,0.0,0.0,0.0
2026-09-19 17:50:59,mfsweep_shard0,SPT_SMPT,48,5729.92,92,0,0,2417.5,-1.0,-1.0,2,0,79.6,8.0,2721.8,0.0,0.0,0.0
2026-09-19 17:50:59,mfsweep_shard0,SPT_SMPT,48,5729.92,93,0,0,2443.8,-1.0,-1.0,2,0,67.4,8.1,2695.4,0.0,0.0,0.0
2026-09-19 17:50:59,mfsweep_shard0,SPT_SMPT,48,5729.92,94,0,0,2470.1,-1.0,-1.0,2,0,55.6,8.1,2669.1,0.0,0.0,0.0
2026-09-19 17:50:59,mfsweep_shard0,SPT_SMPT,48,5729.92,95,0,0,2496.4,-1.0,-1.0,2,0,66.1,8.2,2642.7,0.0,0.0,0.0
2026-09-19 17:50:59,mfsweep_shard0,SPT_SMPT,48,5729.92,96,0,0,2522.6,-1.0,-1.0,2,0,86.4,8.3,2616.3,0.0,0.0,0.0
2026-09-19 17:50:59,mfsweep_shard0,SPT_SMPT,48,5729.92,97,0,0,2548.9,-1.0,-1.0,2,0,71.0,8.4,2590.0,0.0,0.0,0.0
2026-09-19 17:50:59,mfsweep_shard0,SPT_SMPT,48,5729.92,98,0,0,2575.2,-1.0,-1.0,2,0,85.6,8.6,2563.6,0.0,0.0,0.0
2026-09-19 17:50:59,mfsweep_shard0,SPT_SMPT,48,5729.92,99,0,0,2601.5,-1.0,-1.0,2,0,81.9,8.7,2537.3,0.0,0.0,0.0
2026-09-19 17:50:59,mfsweep_shard0,SPT_SMPT,48,5729.92,100,0,0,2627.7,-1.0,-1.0,2,0,53.9,8.8,2510.9,0.0,0.0,0.0
2026-09-19 17:50:59,mfsweep_shard0,SPT_SMPT,48,5729.92,101,0,0,2654.0,-1.0,-1.0,2,0,77.3,8.8,2484.6,0.0,0.0,0.0
2026-09-19 17:50:59,mfsweep_shard0,SPT_SMPT,48,5729.92,102,0,0,2680.3,-1.0,-1.0,2,0,76.0,8.9,2458.2,0.0,0.0,0.0
2026-09-19 17:50:59,mfsweep_shard0,SPT_SMPT,48,5729.92,103,0,0,2706.6,-1.0,-1.0,2,0,71.2,9.0,2431.8,0.0,0.0,0.0
2026-09-19 17:50:59,mfsweep_shard0,SPT_SMPT,48,5729.92,104,0,0,2732.9,-1.0,-1.0,2,0,62.3,9.1,2405.5,0.0,0.0,0.0
2026-09-19 17:50:59,mfsweep_shard0,SPT_SMPT,48,5729.92,105,0,0,2759.1,-1.0,-1.0,2,0,74.7,9.3,2379.1,0.0,0.0,0.0
2026-09-19 17:50:59,mfsweep_shard0,SPT_SMPT,48,5729.92,106,0,0,2785.4,-1.0,-1.0,2,0,57.2,9.4,2352.8,0.0,0.0,0.0
2026-09-19 17:50:59,mfsweep_shard0,SPT_SMPT,48,5729.92,107,0,0,2811.7,-1.0,-1.0,2,0,67.9,9.5,2326.4,0.0,0.0,0.0
2026-09-19 17:50:59,mfsweep_shard0,SPT_SMPT,48,5729.92,108,0,0,2838.0,-1.0,-1.0,2,0,68.5,9.6,2300.0,0.0,0.0,0.0
2026-09-19 17:50:59,mfsweep_shard0,SPT_SMPT,48,5729.92,109,0,0,2864.2,-1.0,-1.0,2,0,85.0,9.6,2273.7,0.0,0.0,0.0
2026-09-19 17:50:59,mfsweep_shard0,SPT_SMPT,48,5729.92,110,0,0,2890.5,-1.0,-1.0,2,0,82.4,9.7,2247.3,0.0,0.0,0.0
2026-09-19 17:50:59,mfsweep_shard0,SPT_SMPT,48,5729.92,111,0,0,2916.8,-1.0,-1.0,2,0,62.2,9.8,2221.0,0.0,0.0,0.0
2026-09-19 17:50:59,mfsweep_shard0,SPT_SMPT,48,5729.92,112,0,0,2943.1,-1.0,-1.0,2,0,70.0,9.9,2194.6,0.0,0.0,0.0
2026-09-19 17:50:59,mfsweep_shard0,SPT_SMPT,48,5729.92,113,0,0,2969.3,-1.0,-1.0,2,0,59.4,10.1,2168.3,0.0,0.0,0.0
2026-09-19 17:50:59,mfsweep_shard0,SPT_SMPT,48,5729.92,114,0,0,2995.6,-1.0,-1.0,2,0,83.6,10.2,2141.9,0.0,0.0,0.0
2026-09-19 17:50:59,mfsweep_shard0,SPT_SMPT,48,5729.92,115,0,0,3021.9,-1.0,-1.0,2,0,82.2,10.3,2115.5,0.0,0.0,0.0
2026-09-19 17:50:59,mfsweep_shard0,SPT_SMPT,48,5729.92,116,0,0,3048.2,-1.0,-1.0,2,0,63.4,10.4,2089.2,0.0,0.0,0.0
2026-09-19 17:50:59,mfsweep_shard0,SPT_SMPT,48,5729.92,117,0,0,3074.5,-1.0,-1.0,2,0,74.6,10.4,2062.8,0.0,0.0,0.0
2026-09-19 17:50:59,mfsweep_shard0,SPT_SMPT,48,5729.92,118,0,0,3100.7,-1.0,-1.0,2,0,73.6,10.5,2036.5,0.0,0.0,0.0
2026-09-19 17:50:59,mfsweep_shard0,SPT_SMPT,48,5729.92,119,0,0,3127.0,-1.0,-1.0,2,0,58.5,10.6,2010.1,0.0,0.0,0.0
2026-09-19 17:50:59,mfsweep_shard0,SPT_SMPT,48,5729.92,120,0,0,3153.3,-1.0,-1.0,2,0,78.7,10.8,1983.8,0.0,0.0,0.0
2026-09-19 17:50:59,mfsweep_shard0,SPT_SMPT,48,5729.92,121,0,0,3179.6,-1.0,-1.0,2,0,71.3,10.9,1957.4,0.0,0.0,0.0
2026-09-19 17:50:59,mfsweep_shard0,SPT_SMPT,48,5729.92,122,0,0,3205.8,-1.0,-1.0,2,0,79.2,11.0,1931.0,0.0,0.0,0.0
2026-09-19 17:50:59,mfsweep_shard0,SPT_SMPT,48,5729.92,123,0,0,3232.1,-1.0,-1.0,2,0,71.0,11.1,1904.7,0.0,0.0,0.0
2026-09-19 17:50:59,mfsweep_shard0,SPT_SMPT,48,5729.92,124,0,0,3258.4,-1.0,-1.0,2,0,53.5,11.1,1878.3,0.0,0.0,0.0
2026-09-19 17:50:59,mfsweep_shard0,SPT_SMPT,48,5729.92,125,0,0,3284.7,-1.0,-1.0,2,0,64.2,11.2,1852.0,0.0,0.0,0.0
2026-09-19 17:50:59,mfsweep_shard0,SPT_SMPT,48,5729.92,126,0,0,3311.0,-1.0,-1.0,2,0,54.1,11.3,1825.6,0.0,0.0,0.0
2026-09-19 17:50:59,mfsweep_shard0,SPT_SMPT,48,5729.92,127,0,0,3337.2,-1.0,-1.0,2,0,84.2,11.4,1799.3,0.0,0.0,0.0
2026-09-19 17:50:59,mfsweep_shard0,SPT_SMPT,48,5729.92,128,0,0,3363.5,-1.0,-1.0,2,0,82.5,11.6,1772.9,0.0,0.0,0.0
2026-09-19 17:50:59,mfsweep_shard0,SPT_SMPT,48,5729.92,129,0,0,3389.8,-1.0,-1.0,2,0,80.9,11.7,1746.5,0.0,0.0,0.0
2026-09-19 17:50:59,mfsweep_shard0,SPT_SMPT,48,5729.92,130,0,0,3416.1,-1.0,-1.0,2,0,63.7,11.8,1720.2,0.0,0.0,0.0
2026-09-19 17:50:59,mfsweep_shard0,SPT_SMPT,48,5729.92,131,0,0,3442.3,-1.0,-1.0,2,0,55.4,11.9,1693.8,0.0,0.0,0.0
2026-09-19 17:50:59,mfsweep_shard0,SPT_SMPT,48,5729.92,132,0,0,3468.6,-1.0,-1.0,2,0,82.5,11.9,1667.5,0.0,0.0,0.0
2026-09-19 17:50:59,mfsweep_shard0,SPT_SMPT,48,5729.92,133,0,0,3494.9,-1.0,-1.0,2,0,84.8,12.0,1641.1,0.0,0.0,0.0
2026-09-19 17:50:59,mfsweep_shard0,SPT_SMPT,48,5729.92,134,0,0,3521.2,-1.0,-1.0,2,0,56.3,12.1,1614.8,0.0,0.0,0.0
2026-09-19 17:50:59,mfsweep_shard0,SPT_SMPT,48,5729.92,135,0,0,3547.5,-1.0,-1.0,2,0,69.5,12.2,1588.4,0.0,0.0,0.0
2026-09-19 17:50:59,mfsweep_shard0,SPT_SMPT,48,5729.92,136,0,0,3573.7,-1.0,-1.0,2,0,55.8,12.4,1562.0,0.0,0.0,0.0
2026-09-19 17:53:11,mfsweep_shard0,SPT_SMPT,49,3558.66,0,0,0,0.0,-1.0,-1.0,2,2,74.6,0.0,3198.4,75.9,90.6,87.9
2026-09-19 17:53:11,mfsweep_shard0,SPT_SMPT,49,3558.66,1,0,1,26.3,278.6,252.3,2,2,54.4,0.0,86.0,111.8,0.0,54.4
2026-09-19 17:53:11,mfsweep_shard0,SPT_SMPT,49,3558.66,2,0,1,52.6,347.6,295.0,2,2,62.6,0.0,83.9,137.3,11.1,62.6
2026-09-19 17:53:11,mfsweep_shard0,SPT_SMPT,49,3558.66,3,0,0,78.8,-1.0,-1.0,2,2,60.9,0.0,3006.9,291.4,21.9,60.9
2026-09-19 17:53:11,mfsweep_shard0,SPT_SMPT,49,3558.66,4,0,0,105.1,-1.0,-1.0,2,2,77.8,0.0,2983.6,70.4,186.9,77.8
2026-09-19 17:53:11,mfsweep_shard0,SPT_SMPT,49,3558.66,5,0,0,131.4,-1.0,-1.0,2,2,75.9,0.0,3140.6,95.8,7.2,75.9
2026-09-19 17:53:11,mfsweep_shard0,SPT_SMPT,49,3558.66,6,0,0,157.7,-1.0,-1.0,2,2,83.0,0.0,2906.5,84.4,218.2,83.0
2026-09-19 17:53:11,mfsweep_shard0,SPT_SMPT,49,3558.66,7,0,0,183.9,-1.0,-1.0,2,1,56.4,0.0,3068.0,282.5,0.0,15.0
2026-09-19 17:53:11,mfsweep_shard0,SPT_SMPT,49,3558.66,8,0,0,210.2,-1.0,-1.0,2,2,67.5,0.0,2092.4,1020.1,15.3,67.5
2026-09-19 17:53:11,mfsweep_shard0,SPT_SMPT,49,3558.66,9,0,0,236.5,-1.0,-1.0,2,1,54.5,0.1,2874.0,275.4,0.0,15.0
2026-09-19 17:53:11,mfsweep_shard0,SPT_SMPT,49,3558.66,10,0,0,262.8,-1.0,-1.0,2,1,60.7,0.3,2858.7,264.4,0.0,15.0
2026-09-19 17:53:11,mfsweep_shard0,SPT_SMPT,49,3558.66,11,0,0,289.1,-1.0,-1.0,2,0,70.2,0.0,2333.3,912.5,0.0,0.0
2026-09-19 17:53:11,mfsweep_shard0,SPT_SMPT,49,3558.66,12,0,0,315.3,-1.0,-1.0,2,0,54.4,0.1,2199.5,886.2,0.0,0.0
2026-09-19 17:53:11,mfsweep_shard0,SPT_SMPT,49,3558.66,13,0,0,341.6,-1.0,-1.0,2,0,60.1,0.2,2284.9,594.2,0.0,0.0
2026-09-19 17:53:11,mfsweep_shard0,SPT_SMPT,49,3558.66,14,0,0,367.9,-1.0,-1.0,2,0,75.0,0.3,2547.2,305.6,0.0,0.0
2026-09-19 17:53:11,mfsweep_shard0,SPT_SMPT,49,3558.66,15,0,0,394.2,-1.0,-1.0,2,0,71.5,0.1,2377.0,0.0,0.0,0.0
2026-09-19 17:53:11,mfsweep_shard0,SPT_SMPT,49,3558.66,16,0,0,420.4,-1.0,-1.0,2,0,60.8,0.1,265.5,0.0,0.0,0.0
2026-09-19 17:53:11,mfsweep_shard0,SPT_SMPT,49,3558.66,17,0,0,446.7,-1.0,-1.0,2,0,73.0,0.2,239.3,0.0,0.0,0.0
2026-09-19 17:53:11,mfsweep_shard0,SPT_SMPT,49,3558.66,18,0,0,473.0,-1.0,-1.0,2,0,80.2,0.2,213.0,0.0,0.0,0.0
2026-09-19 17:53:11,mfsweep_shard0,SPT_SMPT,49,3558.66,19,0,0,499.3,-1.0,-1.0,2,0,53.7,0.2,186.7,0.0,0.0,0.0
2026-09-19 17:53:11,mfsweep_shard0,SPT_SMPT,49,3558.66,20,0,0,525.6,-1.0,-1.0,2,0,80.1,0.1,340.6,0.0,0.0,0.0
2026-09-19 17:53:11,mfsweep_shard0,SPT_SMPT,49,3558.66,21,0,0,551.8,-1.0,-1.0,2,0,76.5,0.0,0.0,0.0,0.0,0.0
2026-09-19 17:53:11,mfsweep_shard0,SPT_SMPT,49,3558.66,22,0,0,578.1,-1.0,-1.0,2,0,64.7,0.0,0.0,0.0,0.0,0.0
2026-09-19 17:53:11,mfsweep_shard0,SPT_SMPT,49,3558.66,23,0,0,604.4,-1.0,-1.0,2,0,58.6,0.0,0.0,0.0,0.0,0.0
2026-09-19 17:53:11,mfsweep_shard0,SPT_SMPT,49,3558.66,24,0,0,630.7,-1.0,-1.0,2,0,85.1,0.0,0.0,0.0,0.0,0.0
2026-09-19 17:53:11,mfsweep_shard0,SPT_SMPT,49,3558.66,25,0,0,656.9,-1.0,-1.0,2,0,64.6,0.0,0.0,0.0,0.0,0.0
2026-09-19 17:53:11,mfsweep_shard0,SPT_SMPT,49,3558.66,26,0,0,683.2,-1.0,-1.0,2,0,56.6,0.0,0.0,0.0,0.0,0.0
2026-09-19 17:53:11,mfsweep_shard0,SPT_SMPT,49,3558.66,27,0,0,709.5,-1.0,-1.0,2,0,56.7,0.0,0.0,0.0,0.0,0.0
2026-09-19 17:53:11,mfsweep_shard0,SPT_SMPT,49,3558.66,28,0,0,735.8,-1.0,-1.0,2,0,81.5,0.0,0.0,0.0,0.0,0.0
2026-09-19 17:53:11,mfsweep_shard0,SPT_SMPT,49,3558.66,29,0,0,762.0,-1.0,-1.0,2,0,73.4,0.0,0.0,0.0,0.0,0.0
2026-09-19 17:53:11,mfsweep_shard0,SPT_SMPT,49,3558.66,30,0,0,788.3,-1.0,-1.0,2,0,80.1,0.0,0.0,0.0,0.0,0.0
2026-09-19 17:53:11,mfsweep_shard0,SPT_SMPT,49,3558.66,31,0,0,814.6,-1.0,-1.0,2,0,77.6,0.0,0.0,0.0,0.0,0.0
2026-09-19 17:53:11,mfsweep_shard0,SPT_SMPT,49,3558.66,32,0,0,840.9,-1.0,-1.0,2,0,71.2,0.0,0.0,0.0,0.0,0.0
2026-09-19 17:53:11,mfsweep_shard0,SPT_SMPT,49,3558.66,33,0,0,867.2,-1.0,-1.0,2,0,85.6,0.0,0.0,0.0,0.0,0.0
2026-09-19 17:53:11,mfsweep_shard0,SPT_SMPT,49,3558.66,34,0,0,893.4,-1.0,-1.0,2,0,66.0,0.0,0.0,0.0,0.0,0.0
2026-09-19 17:53:11,mfsweep_shard0,SPT_SMPT,49,3558.66,35,0,0,919.7,-1.0,-1.0,2,0,71.7,0.0,0.0,0.0,0.0,0.0
2026-09-19 17:53:11,mfsweep_shard0,SPT_SMPT,49,3558.66,36,0,0,946.0,-1.0,-1.0,2,0,80.9,0.0,0.0,0.0,0.0,0.0
2026-09-19 17:53:11,mfsweep_shard0,SPT_SMPT,49,3558.66,37,0,0,972.3,-1.0,-1.0,2,0,73.9,0.0,0.0,0.0,0.0,0.0
2026-09-19 17:53:11,mfsweep_shard0,SPT_SMPT,49,3558.66,38,0,0,998.5,-1.0,-1.0,2,0,81.9,0.0,0.0,0.0,0.0,0.0
2026-09-19 17:53:11,mfsweep_shard0,SPT_SMPT,49,3558.66,39,0,0,1024.8,-1.0,-1.0,2,0,72.6,0.0,0.0,0.0,0.0,0.0
2026-09-19 17:53:11,mfsweep_shard0,SPT_SMPT,49,3558.66,40,0,0,1051.1,-1.0,-1.0,2,0,76.8,0.0,0.0,0.0,0.0,0.0
2026-09-19 17:53:11,mfsweep_shard0,SPT_SMPT,49,3558.66,41,0,0,1077.4,-1.0,-1.0,2,0,55.0,0.0,0.0,0.0,0.0,0.0
2026-09-19 17:53:11,mfsweep_shard0,SPT_SMPT,49,3558.66,42,0,0,1103.7,-1.0,-1.0,2,0,61.0,0.0,0.0,0.0,0.0,0.0
2026-09-19 17:53:11,mfsweep_shard0,SPT_SMPT,49,3558.66,43,0,0,1129.9,-1.0,-1.0,2,0,63.1,0.0,0.0,0.0,0.0,0.0
2026-09-19 17:53:11,mfsweep_shard0,SPT_SMPT,49,3558.66,44,0,0,1156.2,-1.0,-1.0,2,0,56.1,0.0,0.0,0.0,0.0,0.0
2026-09-19 17:53:11,mfsweep_shard0,SPT_SMPT,49,3558.66,45,0,0,1182.5,-1.0,-1.0,2,0,61.2,0.0,0.0,0.0,0.0,0.0
2026-09-19 17:53:11,mfsweep_shard0,SPT_SMPT,49,3558.66,46,0,0,1208.8,-1.0,-1.0,2,0,56.8,0.0,0.0,0.0,0.0,0.0
2026-09-19 17:53:11,mfsweep_shard0,SPT_SMPT,49,3558.66,47,0,0,1235.0,-1.0,-1.0,2,0,62.7,0.0,0.0,0.0,0.0,0.0
2026-09-19 17:53:11,mfsweep_shard0,SPT_SMPT,49,3558.66,48,0,0,1261.3,-1.0,-1.0,2,0,74.5,0.0,0.0,0.0,0.0,0.0
2026-09-19 17:53:11,mfsweep_shard0,SPT_SMPT,49,3558.66,49,0,0,1287.6,-1.0,-1.0,2,0,65.5,0.0,0.0,0.0,0.0,0.0
2026-09-19 17:53:11,mfsweep_shard0,SPT_SMPT,49,3558.66,50,0,0,1313.9,-1.0,-1.0,2,0,65.7,0.0,0.0,0.0,0.0,0.0
2026-09-19 17:53:11,mfsweep_shard0,SPT_SMPT,49,3558.66,51,0,0,1340.2,-1.0,-1.0,2,0,60.4,0.0,0.0,0.0,0.0,0.0
2026-09-19 17:53:11,mfsweep_shard0,SPT_SMPT,49,3558.66,52,0,0,1366.4,-1.0,-1.0,2,0,62.3,0.0,0.0,0.0,0.0,0.0
2026-09-19 17:53:11,mfsweep_shard0,SPT_SMPT,49,3558.66,53,0,0,1392.7,-1.0,-1.0,2,0,84.4,0.0,0.0,0.0,0.0,0.0
2026-09-19 17:53:11,mfsweep_shard0,SPT_SMPT,49,3558.66,54,0,0,1419.0,-1.0,-1.0,2,0,74.9,0.0,0.0,0.0,0.0,0.0
2026-09-19 17:53:11,mfsweep_shard0,SPT_SMPT,49,3558.66,55,0,0,1445.3,-1.0,-1.0,2,0,73.6,0.0,0.0,0.0,0.0,0.0
2026-09-19 17:53:11,mfsweep_shard0,SPT_SMPT,49,3558.66,56,0,0,1471.5,-1.0,-1.0,2,0,59.2,0.0,0.0,0.0,0.0,0.0
2026-09-19 17:53:11,mfsweep_shard0,SPT_SMPT,49,3558.66,57,0,0,1497.8,-1.0,-1.0,2,0,77.6,0.0,0.0,0.0,0.0,0.0
2026-09-19 17:53:11,mfsweep_shard0,SPT_SMPT,49,3558.66,58,0,0,1524.1,-1.0,-1.0,2,0,58.9,0.0,0.0,0.0,0.0,0.0
2026-09-19 17:53:11,mfsweep_shard0,SPT_SMPT,49,3558.66,59,0,0,1550.4,-1.0,-1.0,2,0,66.0,0.0,0.0,0.0,0.0,0.0
2026-09-19 17:53:11,mfsweep_shard0,SPT_SMPT,49,3558.66,60,0,0,1576.6,-1.0,-1.0,2,0,86.2,0.0,0.0,0.0,0.0,0.0
2026-09-19 17:53:11,mfsweep_shard0,SPT_SMPT,49,3558.66,61,0,0,1602.9,-1.0,-1.0,2,0,74.6,0.0,0.0,0.0,0.0,0.0
2026-09-19 17:53:11,mfsweep_shard0,SPT_SMPT,49,3558.66,62,0,0,1629.2,-1.0,-1.0,2,0,71.9,0.0,0.0,0.0,0.0,0.0
2026-09-19 17:53:11,mfsweep_shard0,SPT_SMPT,49,3558.66,63,0,0,1655.5,-1.0,-1.0,2,0,76.1,0.0,0.0,0.0,0.0,0.0
2026-09-19 17:53:11,mfsweep_shard0,SPT_SMPT,49,3558.66,64,0,0,1681.8,-1.0,-1.0,2,0,81.3,0.0,0.0,0.0,0.0,0.0
2026-09-19 17:53:11,mfsweep_shard0,SPT_SMPT,49,3558.66,65,0,0,1708.0,-1.0,-1.0,2,0,79.1,0.0,0.0,0.0,0.0,0.0
2026-09-19 17:53:11,mfsweep_shard0,SPT_SMPT,49,3558.66,66,0,0,1734.3,-1.0,-1.0,2,0,61.1,0.0,0.0,0.0,0.0,0.0
2026-09-19 17:53:11,mfsweep_shard0,SPT_SMPT,49,3558.66,67,0,0,1760.6,-1.0,-1.0,2,0,54.6,0.0,0.0,0.0,0.0,0.0
2026-09-19 17:53:11,mfsweep_shard0,SPT_SMPT,49,3558.66,68,0,0,1786.9,-1.0,-1.0,2,0,63.9,0.0,0.0,0.0,0.0,0.0
2026-09-19 17:53:11,mfsweep_shard0,SPT_SMPT,49,3558.66,69,0,0,1813.1,-1.0,-1.0,2,0,62.3,0.0,0.0,0.0,0.0,0.0
2026-09-19 17:53:11,mfsweep_shard0,SPT_SMPT,49,3558.66,70,0,0,1839.4,-1.0,-1.0,2,0,60.5,0.0,0.0,0.0,0.0,0.0
2026-09-19 17:53:11,mfsweep_shard0,SPT_SMPT,49,3558.66,71,0,0,1865.7,-1.0,-1.0,2,0,84.6,0.0,0.0,0.0,0.0,0.0
2026-09-19 17:53:11,mfsweep_shard0,SPT_SMPT,49,3558.66,72,0,0,1892.0,-1.0,-1.0,2,0,82.4,0.0,0.0,0.0,0.0,0.0
2026-09-19 17:53:11,mfsweep_shard0,SPT_SMPT,49,3558.66,73,0,0,1918.3,-1.0,-1.0,2,0,63.9,0.0,0.0,0.0,0.0,0.0
2026-09-19 17:53:11,mfsweep_shard0,SPT_SMPT,49,3558.66,74,0,0,1944.5,-1.0,-1.0,2,0,75.1,0.0,0.0,0.0,0.0,0.0
2026-09-19 17:53:11,mfsweep_shard0,SPT_SMPT,49,3558.66,75,0,0,1970.8,-1.0,-1.0,2,0,66.6,0.0,0.0,0.0,0.0,0.0
2026-09-19 17:53:11,mfsweep_shard0,SPT_SMPT,49,3558.66,76,0,0,1997.1,-1.0,-1.0,2,0,83.7,0.0,0.0,0.0,0.0,0.0
2026-09-19 17:53:11,mfsweep_shard0,SPT_SMPT,49,3558.66,77,0,0,2023.4,-1.0,-1.0,2,0,68.6,0.0,0.0,0.0,0.0,0.0
2026-09-19 17:53:11,mfsweep_shard0,SPT_SMPT,49,3558.66,78,0,0,2049.6,-1.0,-1.0,2,0,62.2,0.0,0.0,0.0,0.0,0.0
2026-09-19 17:53:11,mfsweep_shard0,SPT_SMPT,49,3558.66,79,0,0,2075.9,-1.0,-1.0,2,0,61.6,0.0,0.0,0.0,0.0,0.0
2026-09-19 17:53:11,mfsweep_shard0,SPT_SMPT,49,3558.66,80,0,0,2102.2,-1.0,-1.0,2,0,72.0,0.0,0.0,0.0,0.0,0.0
2026-09-19 17:53:11,mfsweep_shard0,SPT_SMPT,49,3558.66,81,0,0,2128.5,-1.0,-1.0,2,0,62.2,0.0,0.0,0.0,0.0,0.0
2026-09-19 17:53:11,mfsweep_shard0,SPT_SMPT,49,3558.66,82,0,0,2154.7,-1.0,-1.0,2,0,72.8,0.0,0.0,0.0,0.0,0.0
2026-09-19 17:53:11,mfsweep_shard0,SPT_SMPT,49,3558.66,83,0,0,2181.0,-1.0,-1.0,2,0,83.1,0.0,0.0,0.0,0.0,0.0
2026-09-19 17:53:11,mfsweep_shard0,SPT_SMPT,49,3558.66,84,0,0,2207.3,-1.0,-1.0,2,0,66.7,0.0,0.0,0.0,0.0,0.0
2026-09-19 17:53:11,mfsweep_shard0,SPT_SMPT,49,3558.66,85,0,0,2233.6,-1.0,-1.0,2,0,60.7,0.0,0.0,0.0,0.0,0.0
2026-09-19 17:53:11,mfsweep_shard0,SPT_SMPT,49,3558.66,86,0,0,2259.9,-1.0,-1.0,2,0,86.4,0.0,0.0,0.0,0.0,0.0
2026-09-19 17:53:11,mfsweep_shard0,SPT_SMPT,49,3558.66,87,0,0,2286.1,-1.0,-1.0,2,0,70.3,0.0,0.0,0.0,0.0,0.0
2026-09-19 17:53:11,mfsweep_shard0,SPT_SMPT,49,3558.66,88,0,0,2312.4,-1.0,-1.0,2,0,56.5,0.0,0.0,0.0,0.0,0.0
2026-09-19 17:53:11,mfsweep_shard0,SPT_SMPT,49,3558.66,89,0,0,2338.7,-1.0,-1.0,2,0,55.1,0.0,0.0,0.0,0.0,0.0
2026-09-19 17:53:11,mfsweep_shard0,SPT_SMPT,49,3558.66,90,0,0,2365.0,-1.0,-1.0,2,0,57.1,0.0,0.0,0.0,0.0,0.0
2026-09-19 17:53:11,mfsweep_shard0,SPT_SMPT,49,3558.66,91,0,0,2391.2,-1.0,-1.0,2,0,74.2,0.0,0.0,0.0,0.0,0.0
2026-09-19 17:53:11,mfsweep_shard0,SPT_SMPT,49,3558.66,92,0,0,2417.5,-1.0,-1.0,2,0,79.6,0.0,0.0,0.0,0.0,0.0
2026-09-19 17:53:11,mfsweep_shard0,SPT_SMPT,49,3558.66,93,0,0,2443.8,-1.0,-1.0,2,0,67.4,0.0,0.0,0.0,0.0,0.0
2026-09-19 17:53:11,mfsweep_shard0,SPT_SMPT,49,3558.66,94,0,0,2470.1,-1.0,-1.0,2,0,55.6,0.0,0.0,0.0,0.0,0.0
2026-09-19 17:53:11,mfsweep_shard0,SPT_SMPT,49,3558.66,95,0,0,2496.4,-1.0,-1.0,2,0,66.1,0.0,0.0,0.0,0.0,0.0
2026-09-19 17:53:11,mfsweep_shard0,SPT_SMPT,49,3558.66,96,0,0,2522.6,-1.0,-1.0,2,0,86.4,0.0,0.0,0.0,0.0,0.0
2026-09-19 17:53:11,mfsweep_shard0,SPT_SMPT,49,3558.66,97,0,0,2548.9,-1.0,-1.0,2,0,71.0,0.0,0.0,0.0,0.0,0.0
2026-09-19 17:53:11,mfsweep_shard0,SPT_SMPT,49,3558.66,98,0,0,2575.2,-1.0,-1.0,2,0,85.6,0.0,0.0,0.0,0.0,0.0
2026-09-19 17:53:11,mfsweep_shard0,SPT_SMPT,49,3558.66,99,0,0,2601.5,-1.0,-1.0,2,0,81.9,0.0,0.0,0.0,0.0,0.0
2026-09-19 17:53:11,mfsweep_shard0,SPT_SMPT,49,3558.66,100,0,0,2627.7,-1.0,-1.0,2,0,53.9,0.0,0.0,0.0,0.0,0.0
2026-09-19 17:53:11,mfsweep_shard0,SPT_SMPT,49,3558.66,101,0,0,2654.0,-1.0,-1.0,2,0,77.3,0.0,0.0,0.0,0.0,0.0
2026-09-19 17:53:11,mfsweep_shard0,SPT_SMPT,49,3558.66,102,0,0,2680.3,-1.0,-1.0,2,0,76.0,0.0,0.0,0.0,0.0,0.0
2026-09-19 17:53:11,mfsweep_shard0,SPT_SMPT,49,3558.66,103,0,0,2706.6,-1.0,-1.0,2,0,71.2,0.0,0.0,0.0,0.0,0.0
2026-09-19 17:53:11,mfsweep_shard0,SPT_SMPT,49,3558.66,104,0,0,2732.9,-1.0,-1.0,2,0,62.3,0.0,0.0,0.0,0.0,0.0
2026-09-19 17:53:11,mfsweep_shard0,SPT_SMPT,49,3558.66,105,0,0,2759.1,-1.0,-1.0,2,0,74.7,0.0,0.0,0.0,0.0,0.0
2026-09-19 17:53:11,mfsweep_shard0,SPT_SMPT,49,3558.66,106,0,0,2785.4,-1.0,-1.0,2,0,57.2,0.0,0.0,0.0,0.0,0.0
2026-09-19 17:53:11,mfsweep_shard0,SPT_SMPT,49,3558.66,107,0,0,2811.7,-1.0,-1.0,2,0,67.9,0.0,0.0,0.0,0.0,0.0
2026-09-19 17:53:11,mfsweep_shard0,SPT_SMPT,49,3558.66,108,0,0,2838.0,-1.0,-1.0,2,0,68.5,0.0,0.0,0.0,0.0,0.0
2026-09-19 17:53:11,mfsweep_shard0,SPT_SMPT,49,3558.66,109,0,0,2864.2,-1.0,-1.0,2,0,85.0,0.0,0.0,0.0,0.0,0.0
2026-09-19 17:53:11,mfsweep_shard0,SPT_SMPT,49,3558.66,110,0,0,2890.5,-1.0,-1.0,2,0,82.4,0.0,0.0,0.0,0.0,0.0
2026-09-19 17:53:11,mfsweep_shard0,SPT_SMPT,49,3558.66,111,0,0,2916.8,-1.0,-1.0,2,0,62.2,0.0,0.0,0.0,0.0,0.0
2026-09-19 17:53:11,mfsweep_shard0,SPT_SMPT,49,3558.66,112,0,0,2943.1,-1.0,-1.0,2,0,70.0,0.0,0.0,0.0,0.0,0.0
2026-09-19 17:53:11,mfsweep_shard0,SPT_SMPT,49,3558.66,113,0,0,2969.3,-1.0,-1.0,2,0,59.4,0.0,0.0,0.0,0.0,0.0
2026-09-19 17:53:11,mfsweep_shard0,SPT_SMPT,49,3558.66,114,0,0,2995.6,-1.0,-1.0,2,0,83.6,0.0,0.0,0.0,0.0,0.0
2026-09-19 17:53:11,mfsweep_shard0,SPT_SMPT,49,3558.66,115,0,0,3021.9,-1.0,-1.0,2,0,82.2,0.0,0.0,0.0,0.0,0.0
2026-09-19 17:53:11,mfsweep_shard0,SPT_SMPT,49,3558.66,116,0,0,3048.2,-1.0,-1.0,2,0,63.4,0.0,0.0,0.0,0.0,0.0
2026-09-19 17:53:11,mfsweep_shard0,SPT_SMPT,49,3558.66,117,0,0,3074.5,-1.0,-1.0,2,0,74.6,0.0,0.0,0.0,0.0,0.0
2026-09-19 17:53:11,mfsweep_shard0,SPT_SMPT,49,3558.66,118,0,0,3100.7,-1.0,-1.0,2,0,73.6,0.0,0.0,0.0,0.0,0.0
2026-09-19 17:53:11,mfsweep_shard0,SPT_SMPT,49,3558.66,119,0,0,3127.0,-1.0,-1.0,2,0,58.5,0.0,0.0,0.0,0.0,0.0
2026-09-19 17:53:11,mfsweep_shard0,SPT_SMPT,49,3558.66,120,0,0,3153.3,-1.0,-1.0,2,0,78.7,0.0,0.0,0.0,0.0,0.0
2026-09-19 17:53:11,mfsweep_shard0,SPT_SMPT,49,3558.66,121,0,0,3179.6,-1.0,-1.0,2,0,71.3,0.0,0.0,0.0,0.0,0.0
2026-09-19 17:53:11,mfsweep_shard0,SPT_SMPT,49,3558.66,122,0,0,3205.8,-1.0,-1.0,2,0,79.2,0.0,0.0,0.0,0.0,0.0
2026-09-19 17:53:11,mfsweep_shard0,SPT_SMPT,49,3558.66,123,0,0,3232.1,-1.0,-1.0,2,0,71.0,0.0,0.0,0.0,0.0,0.0
2026-09-19 17:53:11,mfsweep_shard0,SPT_SMPT,49,3558.66,124,0,0,3258.4,-1.0,-1.0,2,0,53.5,0.0,0.0,0.0,0.0,0.0
2026-09-19 17:53:11,mfsweep_shard0,SPT_SMPT,49,3558.66,125,0,0,3284.7,-1.0,-1.0,2,0,64.2,0.0,0.0,0.0,0.0,0.0
2026-09-19 17:53:11,mfsweep_shard0,SPT_SMPT,49,3558.66,126,0,0,3311.0,-1.0,-1.0,2,0,54.1,0.0,0.0,0.0,0.0,0.0
2026-09-19 17:53:11,mfsweep_shard0,SPT_SMPT,49,3558.66,127,0,0,3337.2,-1.0,-1.0,2,0,84.2,0.0,0.0,0.0,0.0,0.0
2026-09-19 17:53:11,mfsweep_shard0,SPT_SMPT,49,3558.66,128,0,0,3363.5,-1.0,-1.0,2,0,82.5,0.0,0.0,0.0,0.0,0.0
2026-09-19 17:53:11,mfsweep_shard0,SPT_SMPT,49,3558.66,129,0,0,3389.8,-1.0,-1.0,2,0,80.9,0.0,0.0,0.0,0.0,0.0
2026-09-19 17:53:11,mfsweep_shard0,SPT_SMPT,49,3558.66,130,0,0,3416.1,-1.0,-1.0,2,0,63.7,0.0,0.0,0.0,0.0,0.0
2026-09-19 17:53:11,mfsweep_shard0,SPT_SMPT,49,3558.66,131,0,0,3442.3,-1.0,-1.0,2,0,55.4,0.0,0.0,0.0,0.0,0.0
2026-09-19 17:53:11,mfsweep_shard0,SPT_SMPT,49,3558.66,132,0,0,3468.6,-1.0,-1.0,2,0,82.5,0.0,0.0,0.0,0.0,0.0
2026-09-19 17:53:11,mfsweep_shard0,SPT_SMPT,49,3558.66,133,0,0,3494.9,-1.0,-1.0,2,0,84.8,0.0,0.0,0.0,0.0,0.0
2026-09-19 17:53:11,mfsweep_shard0,SPT_SMPT,49,3558.66,134,0,0,3521.2,-1.0,-1.0,2,0,56.3,0.0,0.0,0.0,0.0,0.0
2026-09-19 17:53:11,mfsweep_shard0,SPT_SMPT,49,3558.66,135,0,0,3547.5,-1.0,-1.0,2,0,69.5,0.0,0.0,0.0,0.0,0.0
2026-09-19 17:55:27,mfsweep_shard0,SPT_SMPT,50,3607.98,0,0,1,0.0,232.9,232.9,2,2,74.6,0.0,74.0,84.2,0.0,74.6
2026-09-19 17:55:27,mfsweep_shard0,SPT_SMPT,50,3607.98,1,0,1,26.3,283.4,257.1,2,2,54.4,0.0,88.2,93.6,20.9,54.4
2026-09-19 17:55:27,mfsweep_shard0,SPT_SMPT,50,3607.98,2,0,0,52.6,-1.0,-1.0,2,2,62.6,0.0,2983.1,270.9,84.6,62.6
2026-09-19 17:55:27,mfsweep_shard0,SPT_SMPT,50,3607.98,3,0,1,78.8,345.5,266.7,2,2,60.9,0.0,90.4,105.0,10.2,60.9
2026-09-19 17:55:27,mfsweep_shard0,SPT_SMPT,50,3607.98,4,0,0,105.1,-1.0,-1.0,2,2,77.8,0.0,2951.0,54.7,269.3,77.8
2026-09-19 17:55:27,mfsweep_shard0,SPT_SMPT,50,3607.98,5,0,0,131.4,-1.0,-1.0,2,2,75.9,0.0,2945.9,302.3,22.5,75.9
2026-09-19 17:55:27,mfsweep_shard0,SPT_SMPT,50,3607.98,6,0,0,157.7,-1.0,-1.0,2,2,83.0,0.0,2915.9,64.6,245.2,83.0
2026-09-19 17:55:27,mfsweep_shard0,SPT_SMPT,50,3607.98,7,0,0,183.9,-1.0,-1.0,2,2,56.4,0.0,3141.1,65.9,19.7,56.4
2026-09-19 17:55:27,mfsweep_shard0,SPT_SMPT,50,3607.98,8,0,0,210.2,-1.0,-1.0,2,2,67.5,0.0,3057.7,106.5,26.3,67.5
2026-09-19 17:55:27,mfsweep_shard0,SPT_SMPT,50,3607.98,9,0,0,236.5,-1.0,-1.0,2,2,54.5,0.0,3071.3,99.7,8.9,54.5
2026-09-19 17:55:27,mfsweep_shard0,SPT_SMPT,50,3607.98,10,0,0,262.8,-1.0,-1.0,2,1,60.7,0.0,2930.5,40.4,0.0,15.0
2026-09-19 17:55:27,mfsweep_shard0,SPT_SMPT,50,3607.98,11,0,0,289.1,-1.0,-1.0,2,1,70.2,0.1,2677.4,267.1,0.0,15.0
2026-09-19 17:55:27,mfsweep_shard0,SPT_SMPT,50,3607.98,12,0,0,315.3,-1.0,-1.0,2,0,54.4,0.0,2872.5,241.0,0.0,0.0
2026-09-19 17:55:27,mfsweep_shard0,SPT_SMPT,50,3607.98,13,0,0,341.6,-1.0,-1.0,2,0,60.1,0.2,2849.9,237.2,0.0,0.0
2026-09-19 17:55:27,mfsweep_shard0,SPT_SMPT,50,3607.98,14,0,0,367.9,-1.0,-1.0,2,0,75.0,0.3,2855.1,205.6,0.0,0.0
2026-09-19 17:55:27,mfsweep_shard0,SPT_SMPT,50,3607.98,15,0,0,394.2,-1.0,-1.0,2,0,71.5,0.3,2854.3,0.0,0.0,0.0
2026-09-19 17:55:27,mfsweep_shard0,SPT_SMPT,50,3607.98,16,0,0,420.4,-1.0,-1.0,2,0,60.8,0.2,2287.5,0.0,0.0,0.0
2026-09-19 17:55:27,mfsweep_shard0,SPT_SMPT,50,3607.98,17,0,0,446.7,-1.0,-1.0,2,0,73.0,0.2,2261.2,0.0,0.0,0.0
2026-09-19 17:55:27,mfsweep_shard0,SPT_SMPT,50,3607.98,18,0,0,473.0,-1.0,-1.0,2,0,80.2,0.3,2235.0,0.0,0.0,0.0
2026-09-19 17:55:27,mfsweep_shard0,SPT_SMPT,50,3607.98,19,0,0,499.3,-1.0,-1.0,2,0,53.7,0.3,2208.7,0.0,0.0,0.0
2026-09-19 17:55:27,mfsweep_shard0,SPT_SMPT,50,3607.98,20,0,0,525.6,-1.0,-1.0,2,0,80.1,0.3,2182.4,0.0,0.0,0.0
2026-09-19 17:55:27,mfsweep_shard0,SPT_SMPT,50,3607.98,21,0,0,551.8,-1.0,-1.0,2,0,76.5,0.4,2156.1,0.0,0.0,0.0
2026-09-19 17:55:27,mfsweep_shard0,SPT_SMPT,50,3607.98,22,0,0,578.1,-1.0,-1.0,2,0,64.7,0.4,2129.8,0.0,0.0,0.0
2026-09-19 17:55:27,mfsweep_shard0,SPT_SMPT,50,3607.98,23,0,0,604.4,-1.0,-1.0,2,0,58.6,0.5,2103.5,0.0,0.0,0.0
2026-09-19 17:55:27,mfsweep_shard0,SPT_SMPT,50,3607.98,24,0,0,630.7,-1.0,-1.0,2,0,85.1,0.5,2077.2,0.0,0.0,0.0
2026-09-19 17:55:27,mfsweep_shard0,SPT_SMPT,50,3607.98,25,0,0,656.9,-1.0,-1.0,2,0,64.6,0.5,2050.9,0.0,0.0,0.0
2026-09-19 17:55:27,mfsweep_shard0,SPT_SMPT,50,3607.98,26,0,0,683.2,-1.0,-1.0,2,0,56.6,0.6,2024.6,0.0,0.0,0.0
2026-09-19 17:55:27,mfsweep_shard0,SPT_SMPT,50,3607.98,27,0,0,709.5,-1.0,-1.0,2,0,56.7,0.6,1998.3,0.0,0.0,0.0
2026-09-19 17:55:27,mfsweep_shard0,SPT_SMPT,50,3607.98,28,0,0,735.8,-1.0,-1.0,2,0,81.5,0.7,1972.0,0.0,0.0,0.0
2026-09-19 17:55:27,mfsweep_shard0,SPT_SMPT,50,3607.98,29,0,0,762.0,-1.0,-1.0,2,0,73.4,0.7,1945.7,0.0,0.0,0.0
2026-09-19 17:55:27,mfsweep_shard0,SPT_SMPT,50,3607.98,30,0,0,788.3,-1.0,-1.0,2,0,80.1,0.8,1919.4,0.0,0.0,0.0
2026-09-19 17:55:27,mfsweep_shard0,SPT_SMPT,50,3607.98,31,0,0,814.6,-1.0,-1.0,2,0,77.6,0.8,1893.1,0.0,0.0,0.0
2026-09-19 17:55:27,mfsweep_shard0,SPT_SMPT,50,3607.98,32,0,0,840.9,-1.0,-1.0,2,0,71.2,0.8,1866.8,0.0,0.0,0.0
2026-09-19 17:55:27,mfsweep_shard0,SPT_SMPT,50,3607.98,33,0,0,867.2,-1.0,-1.0,2,0,85.6,0.9,1840.5,0.0,0.0,0.0
2026-09-19 17:55:27,mfsweep_shard0,SPT_SMPT,50,3607.98,34,0,0,893.4,-1.0,-1.0,2,0,66.0,0.9,1814.2,0.0,0.0,0.0
2026-09-19 17:55:27,mfsweep_shard0,SPT_SMPT,50,3607.98,35,0,0,919.7,-1.0,-1.0,2,0,71.7,0.5,1788.4,0.0,0.0,0.0
2026-09-19 17:55:27,mfsweep_shard0,SPT_SMPT,50,3607.98,36,0,0,946.0,-1.0,-1.0,2,0,80.9,0.5,1762.1,0.0,0.0,0.0
2026-09-19 17:55:27,mfsweep_shard0,SPT_SMPT,50,3607.98,37,0,0,972.3,-1.0,-1.0,2,0,73.9,0.1,1916.0,0.0,0.0,0.0
2026-09-19 17:55:27,mfsweep_shard0,SPT_SMPT,50,3607.98,38,0,0,998.5,-1.0,-1.0,2,0,81.9,0.0,0.0,0.0,0.0,0.0
2026-09-19 17:55:27,mfsweep_shard0,SPT_SMPT,50,3607.98,39,0,0,1024.8,-1.0,-1.0,2,0,72.6,0.0,0.0,0.0,0.0,0.0
2026-09-19 17:55:27,mfsweep_shard0,SPT_SMPT,50,3607.98,40,0,0,1051.1,-1.0,-1.0,2,0,76.8,0.0,0.0,0.0,0.0,0.0
2026-09-19 17:55:27,mfsweep_shard0,SPT_SMPT,50,3607.98,41,0,0,1077.4,-1.0,-1.0,2,0,55.0,0.0,0.0,0.0,0.0,0.0
2026-09-19 17:55:27,mfsweep_shard0,SPT_SMPT,50,3607.98,42,0,0,1103.7,-1.0,-1.0,2,0,61.0,0.0,0.0,0.0,0.0,0.0
2026-09-19 17:55:27,mfsweep_shard0,SPT_SMPT,50,3607.98,43,0,0,1129.9,-1.0,-1.0,2,0,63.1,0.0,0.0,0.0,0.0,0.0
2026-09-19 17:55:27,mfsweep_shard0,SPT_SMPT,50,3607.98,44,0,0,1156.2,-1.0,-1.0,2,0,56.1,0.0,0.0,0.0,0.0,0.0
2026-09-19 17:55:27,mfsweep_shard0,SPT_SMPT,50,3607.98,45,0,0,1182.5,-1.0,-1.0,2,0,61.2,0.0,0.0,0.0,0.0,0.0
2026-09-19 17:55:27,mfsweep_shard0,SPT_SMPT,50,3607.98,46,0,0,1208.8,-1.0,-1.0,2,0,56.8,0.0,0.0,0.0,0.0,0.0
2026-09-19 17:55:27,mfsweep_shard0,SPT_SMPT,50,3607.98,47,0,0,1235.0,-1.0,-1.0,2,0,62.7,0.0,0.0,0.0,0.0,0.0
2026-09-19 17:55:27,mfsweep_shard0,SPT_SMPT,50,3607.98,48,0,0,1261.3,-1.0,-1.0,2,0,74.5,0.0,0.0,0.0,0.0,0.0
2026-09-19 17:55:27,mfsweep_shard0,SPT_SMPT,50,3607.98,49,0,0,1287.6,-1.0,-1.0,2,0,65.5,0.0,0.0,0.0,0.0,0.0
2026-09-19 17:55:27,mfsweep_shard0,SPT_SMPT,50,3607.98,50,0,0,1313.9,-1.0,-1.0,2,0,65.7,0.0,0.0,0.0,0.0,0.0
2026-09-19 17:55:27,mfsweep_shard0,SPT_SMPT,50,3607.98,51,0,0,1340.2,-1.0,-1.0,2,0,60.4,0.0,0.0,0.0,0.0,0.0
2026-09-19 17:55:27,mfsweep_shard0,SPT_SMPT,50,3607.98,52,0,0,1366.4,-1.0,-1.0,2,0,62.3,0.0,0.0,0.0,0.0,0.0
2026-09-19 17:55:27,mfsweep_shard0,SPT_SMPT,50,3607.98,53,0,0,1392.7,-1.0,-1.0,2,0,84.4,0.0,0.0,0.0,0.0,0.0
2026-09-19 17:55:27,mfsweep_shard0,SPT_SMPT,50,3607.98,54,0,0,1419.0,-1.0,-1.0,2,0,74.9,0.0,0.0,0.0,0.0,0.0
2026-09-19 17:55:27,mfsweep_shard0,SPT_SMPT,50,3607.98,55,0,0,1445.3,-1.0,-1.0,2,0,73.6,0.0,0.0,0.0,0.0,0.0
2026-09-19 17:55:27,mfsweep_shard0,SPT_SMPT,50,3607.98,56,0,0,1471.5,-1.0,-1.0,2,0,59.2,0.0,0.0,0.0,0.0,0.0
2026-09-19 17:55:27,mfsweep_shard0,SPT_SMPT,50,3607.98,57,0,0,1497.8,-1.0,-1.0,2,0,77.6,0.0,0.0,0.0,0.0,0.0
2026-09-19 17:55:27,mfsweep_shard0,SPT_SMPT,50,3607.98,58,0,0,1524.1,-1.0,-1.0,2,0,58.9,0.0,0.0,0.0,0.0,0.0
2026-09-19 17:55:27,mfsweep_shard0,SPT_SMPT,50,3607.98,59,0,0,1550.4,-1.0,-1.0,2,0,66.0,0.0,0.0,0.0,0.0,0.0
2026-09-19 17:55:27,mfsweep_shard0,SPT_SMPT,50,3607.98,60,0,0,1576.6,-1.0,-1.0,2,0,86.2,0.0,0.0,0.0,0.0,0.0
2026-09-19 17:55:27,mfsweep_shard0,SPT_SMPT,50,3607.98,61,0,0,1602.9,-1.0,-1.0,2,0,74.6,0.0,0.0,0.0,0.0,0.0
2026-09-19 17:55:27,mfsweep_shard0,SPT_SMPT,50,3607.98,62,0,0,1629.2,-1.0,-1.0,2,0,71.9,0.0,0.0,0.0,0.0,0.0
2026-09-19 17:55:27,mfsweep_shard0,SPT_SMPT,50,3607.98,63,0,0,1655.5,-1.0,-1.0,2,0,76.1,0.0,0.0,0.0,0.0,0.0
2026-09-19 17:55:27,mfsweep_shard0,SPT_SMPT,50,3607.98,64,0,0,1681.8,-1.0,-1.0,2,0,81.3,0.0,0.0,0.0,0.0,0.0
2026-09-19 17:55:27,mfsweep_shard0,SPT_SMPT,50,3607.98,65,0,0,1708.0,-1.0,-1.0,2,0,79.1,0.0,0.0,0.0,0.0,0.0
2026-09-19 17:55:27,mfsweep_shard0,SPT_SMPT,50,3607.98,66,0,0,1734.3,-1.0,-1.0,2,0,61.1,0.0,0.0,0.0,0.0,0.0
2026-09-19 17:55:27,mfsweep_shard0,SPT_SMPT,50,3607.98,67,0,0,1760.6,-1.0,-1.0,2,0,54.6,0.0,0.0,0.0,0.0,0.0
2026-09-19 17:55:27,mfsweep_shard0,SPT_SMPT,50,3607.98,68,0,0,1786.9,-1.0,-1.0,2,0,63.9,0.0,0.0,0.0,0.0,0.0
2026-09-19 17:55:27,mfsweep_shard0,SPT_SMPT,50,3607.98,69,0,0,1813.1,-1.0,-1.0,2,0,62.3,0.0,0.0,0.0,0.0,0.0
2026-09-19 17:55:27,mfsweep_shard0,SPT_SMPT,50,3607.98,70,0,0,1839.4,-1.0,-1.0,2,0,60.5,0.0,0.0,0.0,0.0,0.0
2026-09-19 17:55:27,mfsweep_shard0,SPT_SMPT,50,3607.98,71,0,0,1865.7,-1.0,-1.0,2,0,84.6,0.0,0.0,0.0,0.0,0.0
2026-09-19 17:55:27,mfsweep_shard0,SPT_SMPT,50,3607.98,72,0,0,1892.0,-1.0,-1.0,2,0,82.4,0.0,0.0,0.0,0.0,0.0
2026-09-19 17:55:27,mfsweep_shard0,SPT_SMPT,50,3607.98,73,0,0,1918.3,-1.0,-1.0,2,0,63.9,0.0,0.0,0.0,0.0,0.0
2026-09-19 17:55:27,mfsweep_shard0,SPT_SMPT,50,3607.98,74,0,0,1944.5,-1.0,-1.0,2,0,75.1,0.0,0.0,0.0,0.0,0.0
2026-09-19 17:55:27,mfsweep_shard0,SPT_SMPT,50,3607.98,75,0,0,1970.8,-1.0,-1.0,2,0,66.6,0.0,0.0,0.0,0.0,0.0
2026-09-19 17:55:27,mfsweep_shard0,SPT_SMPT,50,3607.98,76,0,0,1997.1,-1.0,-1.0,2,0,83.7,0.0,0.0,0.0,0.0,0.0
2026-09-19 17:55:27,mfsweep_shard0,SPT_SMPT,50,3607.98,77,0,0,2023.4,-1.0,-1.0,2,0,68.6,0.0,0.0,0.0,0.0,0.0
2026-09-19 17:55:27,mfsweep_shard0,SPT_SMPT,50,3607.98,78,0,0,2049.6,-1.0,-1.0,2,0,62.2,0.0,0.0,0.0,0.0,0.0
2026-09-19 17:55:27,mfsweep_shard0,SPT_SMPT,50,3607.98,79,0,0,2075.9,-1.0,-1.0,2,0,61.6,0.0,0.0,0.0,0.0,0.0
2026-09-19 17:55:27,mfsweep_shard0,SPT_SMPT,50,3607.98,80,0,0,2102.2,-1.0,-1.0,2,0,72.0,0.0,0.0,0.0,0.0,0.0
2026-09-19 17:55:27,mfsweep_shard0,SPT_SMPT,50,3607.98,81,0,0,2128.5,-1.0,-1.0,2,0,62.2,0.0,0.0,0.0,0.0,0.0
2026-09-19 17:55:27,mfsweep_shard0,SPT_SMPT,50,3607.98,82,0,0,2154.7,-1.0,-1.0,2,0,72.8,0.0,0.0,0.0,0.0,0.0
2026-09-19 17:55:27,mfsweep_shard0,SPT_SMPT,50,3607.98,83,0,0,2181.0,-1.0,-1.0,2,0,83.1,0.0,0.0,0.0,0.0,0.0
2026-09-19 17:55:27,mfsweep_shard0,SPT_SMPT,50,3607.98,84,0,0,2207.3,-1.0,-1.0,2,0,66.7,0.0,0.0,0.0,0.0,0.0
2026-09-19 17:55:27,mfsweep_shard0,SPT_SMPT,50,3607.98,85,0,0,2233.6,-1.0,-1.0,2,0,60.7,0.0,0.0,0.0,0.0,0.0
2026-09-19 17:55:27,mfsweep_shard0,SPT_SMPT,50,3607.98,86,0,0,2259.9,-1.0,-1.0,2,0,86.4,0.0,0.0,0.0,0.0,0.0
2026-09-19 17:55:27,mfsweep_shard0,SPT_SMPT,50,3607.98,87,0,0,2286.1,-1.0,-1.0,2,0,70.3,0.0,0.0,0.0,0.0,0.0
2026-09-19 17:55:27,mfsweep_shard0,SPT_SMPT,50,3607.98,88,0,0,2312.4,-1.0,-1.0,2,0,56.5,0.0,0.0,0.0,0.0,0.0
2026-09-19 17:55:27,mfsweep_shard0,SPT_SMPT,50,3607.98,89,0,0,2338.7,-1.0,-1.0,2,0,55.1,0.0,0.0,0.0,0.0,0.0
2026-09-19 17:55:27,mfsweep_shard0,SPT_SMPT,50,3607.98,90,0,0,2365.0,-1.0,-1.0,2,0,57.1,0.0,0.0,0.0,0.0,0.0
2026-09-19 17:55:27,mfsweep_shard0,SPT_SMPT,50,3607.98,91,0,0,2391.2,-1.0,-1.0,2,0,74.2,0.0,0.0,0.0,0.0,0.0
2026-09-19 17:55:27,mfsweep_shard0,SPT_SMPT,50,3607.98,92,0,0,2417.5,-1.0,-1.0,2,0,79.6,0.0,0.0,0.0,0.0,0.0
2026-09-19 17:55:27,mfsweep_shard0,SPT_SMPT,50,3607.98,93,0,0,2443.8,-1.0,-1.0,2,0,67.4,0.0,0.0,0.0,0.0,0.0
2026-09-19 17:55:27,mfsweep_shard0,SPT_SMPT,50,3607.98,94,0,0,2470.1,-1.0,-1.0,2,0,55.6,0.0,0.0,0.0,0.0,0.0
2026-09-19 17:55:27,mfsweep_shard0,SPT_SMPT,50,3607.98,95,0,0,2496.4,-1.0,-1.0,2,0,66.1,0.0,0.0,0.0,0.0,0.0
2026-09-19 17:55:27,mfsweep_shard0,SPT_SMPT,50,3607.98,96,0,0,2522.6,-1.0,-1.0,2,0,86.4,0.0,0.0,0.0,0.0,0.0
2026-09-19 17:55:27,mfsweep_shard0,SPT_SMPT,50,3607.98,97,0,0,2548.9,-1.0,-1.0,2,0,71.0,0.0,0.0,0.0,0.0,0.0
2026-09-19 17:55:27,mfsweep_shard0,SPT_SMPT,50,3607.98,98,0,0,2575.2,-1.0,-1.0,2,0,85.6,0.0,0.0,0.0,0.0,0.0
2026-09-19 17:55:27,mfsweep_shard0,SPT_SMPT,50,3607.98,99,0,0,2601.5,-1.0,-1.0,2,0,81.9,0.0,0.0,0.0,0.0,0.0
2026-09-19 17:55:27,mfsweep_shard0,SPT_SMPT,50,3607.98,100,0,0,2627.7,-1.0,-1.0,2,0,53.9,0.0,0.0,0.0,0.0,0.0
2026-09-19 17:55:27,mfsweep_shard0,SPT_SMPT,50,3607.98,101,0,0,2654.0,-1.0,-1.0,2,0,77.3,0.0,0.0,0.0,0.0,0.0
2026-09-19 17:55:27,mfsweep_shard0,SPT_SMPT,50,3607.98,102,0,0,2680.3,-1.0,-1.0,2,0,76.0,0.0,0.0,0.0,0.0,0.0
2026-09-19 17:55:27,mfsweep_shard0,SPT_SMPT,50,3607.98,103,0,0,2706.6,-1.0,-1.0,2,0,71.2,0.0,0.0,0.0,0.0,0.0
2026-09-19 17:55:27,mfsweep_shard0,SPT_SMPT,50,3607.98,104,0,0,2732.9,-1.0,-1.0,2,0,62.3,0.0,0.0,0.0,0.0,0.0
2026-09-19 17:55:27,mfsweep_shard0,SPT_SMPT,50,3607.98,105,0,0,2759.1,-1.0,-1.0,2,0,74.7,0.0,0.0,0.0,0.0,0.0
2026-09-19 17:55:27,mfsweep_shard0,SPT_SMPT,50,3607.98,106,0,0,2785.4,-1.0,-1.0,2,0,57.2,0.0,0.0,0.0,0.0,0.0
2026-09-19 17:55:27,mfsweep_shard0,SPT_SMPT,50,3607.98,107,0,0,2811.7,-1.0,-1.0,2,0,67.9,0.0,0.0,0.0,0.0,0.0
2026-09-19 17:55:27,mfsweep_shard0,SPT_SMPT,50,3607.98,108,0,0,2838.0,-1.0,-1.0,2,0,68.5,0.0,0.0,0.0,0.0,0.0
2026-09-19 17:55:27,mfsweep_shard0,SPT_SMPT,50,3607.98,109,0,0,2864.2,-1.0,-1.0,2,0,85.0,0.0,0.0,0.0,0.0,0.0
2026-09-19 17:55:27,mfsweep_shard0,SPT_SMPT,50,3607.98,110,0,0,2890.5,-1.0,-1.0,2,0,82.4,0.0,0.0,0.0,0.0,0.0
2026-09-19 17:55:27,mfsweep_shard0,SPT_SMPT,50,3607.98,111,0,0,2916.8,-1.0,-1.0,2,0,62.2,0.0,0.0,0.0,0.0,0.0
2026-09-19 17:55:27,mfsweep_shard0,SPT_SMPT,50,3607.98,112,0,0,2943.1,-1.0,-1.0,2,0,70.0,0.0,0.0,0.0,0.0,0.0
2026-09-19 17:55:27,mfsweep_shard0,SPT_SMPT,50,3607.98,113,0,0,2969.3,-1.0,-1.0,2,0,59.4,0.0,0.0,0.0,0.0,0.0
2026-09-19 17:55:27,mfsweep_shard0,SPT_SMPT,50,3607.98,114,0,0,2995.6,-1.0,-1.0,2,0,83.6,0.0,0.0,0.0,0.0,0.0
2026-09-19 17:55:27,mfsweep_shard0,SPT_SMPT,50,3607.98,115,0,0,3021.9,-1.0,-1.0,2,0,82.2,0.0,0.0,0.0,0.0,0.0
2026-09-19 17:55:27,mfsweep_shard0,SPT_SMPT,50,3607.98,116,0,0,3048.2,-1.0,-1.0,2,0,63.4,0.0,0.0,0.0,0.0,0.0
2026-09-19 17:55:27,mfsweep_shard0,SPT_SMPT,50,3607.98,117,0,0,3074.5,-1.0,-1.0,2,0,74.6,0.0,0.0,0.0,0.0,0.0
2026-09-19 17:55:27,mfsweep_shard0,SPT_SMPT,50,3607.98,118,0,0,3100.7,-1.0,-1.0,2,0,73.6,0.0,0.0,0.0,0.0,0.0
2026-09-19 17:55:27,mfsweep_shard0,SPT_SMPT,50,3607.98,119,0,0,3127.0,-1.0,-1.0,2,0,58.5,0.0,0.0,0.0,0.0,0.0
2026-09-19 17:55:27,mfsweep_shard0,SPT_SMPT,50,3607.98,120,0,0,3153.3,-1.0,-1.0,2,0,78.7,0.0,0.0,0.0,0.0,0.0
2026-09-19 17:55:27,mfsweep_shard0,SPT_SMPT,50,3607.98,121,0,0,3179.6,-1.0,-1.0,2,0,71.3,0.0,0.0,0.0,0.0,0.0
2026-09-19 17:55:27,mfsweep_shard0,SPT_SMPT,50,3607.98,122,0,0,3205.8,-1.0,-1.0,2,0,79.2,0.0,0.0,0.0,0.0,0.0
2026-09-19 17:55:27,mfsweep_shard0,SPT_SMPT,50,3607.98,123,0,0,3232.1,-1.0,-1.0,2,0,71.0,0.0,0.0,0.0,0.0,0.0
2026-09-19 17:55:27,mfsweep_shard0,SPT_SMPT,50,3607.98,124,0,0,3258.4,-1.0,-1.0,2,0,53.5,0.0,0.0,0.0,0.0,0.0
2026-09-19 17:55:27,mfsweep_shard0,SPT_SMPT,50,3607.98,125,0,0,3284.7,-1.0,-1.0,2,0,64.2,0.0,0.0,0.0,0.0,0.0
2026-09-19 17:55:27,mfsweep_shard0,SPT_SMPT,50,3607.98,126,0,0,3311.0,-1.0,-1.0,2,0,54.1,0.0,0.0,0.0,0.0,0.0
2026-09-19 17:55:27,mfsweep_shard0,SPT_SMPT,50,3607.98,127,0,0,3337.2,-1.0,-1.0,2,0,84.2,0.0,0.0,0.0,0.0,0.0
2026-09-19 17:55:27,mfsweep_shard0,SPT_SMPT,50,3607.98,128,0,0,3363.5,-1.0,-1.0,2,0,82.5,0.0,0.0,0.0,0.0,0.0
2026-09-19 17:55:27,mfsweep_shard0,SPT_SMPT,50,3607.98,129,0,0,3389.8,-1.0,-1.0,2,0,80.9,0.0,0.0,0.0,0.0,0.0
2026-09-19 17:55:27,mfsweep_shard0,SPT_SMPT,50,3607.98,130,0,0,3416.1,-1.0,-1.0,2,0,63.7,0.0,0.0,0.0,0.0,0.0
2026-09-19 17:55:27,mfsweep_shard0,SPT_SMPT,50,3607.98,131,0,0,3442.3,-1.0,-1.0,2,0,55.4,0.0,0.0,0.0,0.0,0.0
2026-09-19 17:55:27,mfsweep_shard0,SPT_SMPT,50,3607.98,132,0,0,3468.6,-1.0,-1.0,2,0,82.5,0.0,0.0,0.0,0.0,0.0
2026-09-19 17:55:27,mfsweep_shard0,SPT_SMPT,50,3607.98,133,0,0,3494.9,-1.0,-1.0,2,0,84.8,0.0,0.0,0.0,0.0,0.0
2026-09-19 17:55:27,mfsweep_shard0,SPT_SMPT,50,3607.98,134,0,0,3521.2,-1.0,-1.0,2,0,56.3,0.0,0.0,0.0,0.0,0.0
2026-09-19 17:55:27,mfsweep_shard0,SPT_SMPT,50,3607.98,135,0,0,3547.5,-1.0,-1.0,2,0,69.5,0.0,0.0,0.0,0.0,0.0
2026-09-19 17:55:27,mfsweep_shard0,SPT_SMPT,50,3607.98,136,0,0,3573.7,-1.0,-1.0,2,0,55.8,0.0,0.0,0.0,0.0,0.0
2026-09-19 17:57:35,mfsweep_shard0,SPT_SMPT,51,3407.10,0,0,0,0.0,-1.0,-1.0,2,2,74.6,0.0,3031.8,79.5,134.2,109.6
2026-09-19 17:57:35,mfsweep_shard0,SPT_SMPT,51,3407.10,1,0,1,26.3,254.7,228.4,2,2,54.4,0.0,70.8,103.1,0.0,54.4
2026-09-19 17:57:35,mfsweep_shard0,SPT_SMPT,51,3407.10,2,0,0,52.6,-1.0,-1.0,2,2,62.6,0.0,3184.0,53.9,28.3,62.6
2026-09-19 17:57:35,mfsweep_shard0,SPT_SMPT,51,3407.10,3,0,0,78.8,-1.0,-1.0,2,2,60.9,0.1,3122.5,73.2,21.5,60.9
2026-09-19 17:57:35,mfsweep_shard0,SPT_SMPT,51,3407.10,4,0,0,105.1,-1.0,-1.0,2,2,77.8,0.0,3141.0,55.0,0.0,77.8
2026-09-19 17:57:35,mfsweep_shard0,SPT_SMPT,51,3407.10,5,0,0,131.4,-1.0,-1.0,2,2,75.9,0.0,3052.7,109.2,0.0,75.9
2026-09-19 17:57:35,mfsweep_shard0,SPT_SMPT,51,3407.10,6,0,0,157.7,-1.0,-1.0,2,1,83.0,0.0,2764.2,299.4,0.0,15.0
2026-09-19 17:57:35,mfsweep_shard0,SPT_SMPT,51,3407.10,7,0,0,183.9,-1.0,-1.0,2,1,56.4,0.1,2226.9,814.6,0.0,15.0
2026-09-19 17:57:35,mfsweep_shard0,SPT_SMPT,51,3407.10,8,0,0,210.2,-1.0,-1.0,2,1,67.4,0.1,2417.5,751.4,0.0,15.0
2026-09-19 17:57:35,mfsweep_shard0,SPT_SMPT,51,3407.10,9,0,0,236.5,-1.0,-1.0,2,1,54.5,0.2,2393.0,591.8,4.0,15.0
2026-09-19 17:57:35,mfsweep_shard0,SPT_SMPT,51,3407.10,10,0,0,262.8,-1.0,-1.0,2,0,60.7,0.1,2927.2,192.1,0.0,0.0
2026-09-19 17:57:35,mfsweep_shard0,SPT_SMPT,51,3407.10,11,0,0,289.1,-1.0,-1.0,2,0,70.2,0.2,2912.7,180.2,0.0,0.0
2026-09-19 17:57:35,mfsweep_shard0,SPT_SMPT,51,3407.10,12,0,0,315.3,-1.0,-1.0,2,0,54.4,0.3,3066.5,0.0,0.0,0.0
2026-09-19 17:57:35,mfsweep_shard0,SPT_SMPT,51,3407.10,13,0,0,341.6,-1.0,-1.0,2,0,60.1,0.4,3040.2,0.0,0.0,0.0
2026-09-19 17:57:35,mfsweep_shard0,SPT_SMPT,51,3407.10,14,0,0,367.9,-1.0,-1.0,2,0,75.0,0.3,3014.0,0.0,0.0,0.0
2026-09-19 17:57:35,mfsweep_shard0,SPT_SMPT,51,3407.10,15,0,0,394.2,-1.0,-1.0,2,0,71.5,0.3,2987.7,0.0,0.0,0.0
2026-09-19 17:57:35,mfsweep_shard0,SPT_SMPT,51,3407.10,16,0,0,420.4,-1.0,-1.0,2,0,60.8,0.4,2961.4,0.0,0.0,0.0
2026-09-19 17:57:35,mfsweep_shard0,SPT_SMPT,51,3407.10,17,0,0,446.7,-1.0,-1.0,2,0,73.0,0.5,2935.1,0.0,0.0,0.0
2026-09-19 17:57:35,mfsweep_shard0,SPT_SMPT,51,3407.10,18,0,0,473.0,-1.0,-1.0,2,0,80.2,0.5,2908.8,0.0,0.0,0.0
2026-09-19 17:57:35,mfsweep_shard0,SPT_SMPT,51,3407.10,19,0,0,499.3,-1.0,-1.0,2,0,53.7,0.6,2882.4,0.0,0.0,0.0
2026-09-19 17:57:35,mfsweep_shard0,SPT_SMPT,51,3407.10,20,0,0,525.6,-1.0,-1.0,2,0,80.1,0.6,2856.1,0.0,0.0,0.0
2026-09-19 17:57:35,mfsweep_shard0,SPT_SMPT,51,3407.10,21,0,0,551.8,-1.0,-1.0,2,0,76.5,0.7,2829.8,0.0,0.0,0.0
2026-09-19 17:57:35,mfsweep_shard0,SPT_SMPT,51,3407.10,22,0,0,578.1,-1.0,-1.0,2,0,64.7,0.8,2803.5,0.0,0.0,0.0
2026-09-19 17:57:35,mfsweep_shard0,SPT_SMPT,51,3407.10,23,0,0,604.4,-1.0,-1.0,2,0,58.6,0.8,2777.2,0.0,0.0,0.0
2026-09-19 17:57:35,mfsweep_shard0,SPT_SMPT,51,3407.10,24,0,0,630.7,-1.0,-1.0,2,0,85.1,0.9,2750.8,0.0,0.0,0.0
2026-09-19 17:57:35,mfsweep_shard0,SPT_SMPT,51,3407.10,25,0,0,656.9,-1.0,-1.0,2,0,64.6,0.9,2724.5,0.0,0.0,0.0
2026-09-19 17:57:35,mfsweep_shard0,SPT_SMPT,51,3407.10,26,0,0,683.2,-1.0,-1.0,2,0,56.6,1.0,2698.2,0.0,0.0,0.0
2026-09-19 17:57:35,mfsweep_shard0,SPT_SMPT,51,3407.10,27,0,0,709.5,-1.0,-1.0,2,0,56.7,1.0,2671.9,0.0,0.0,0.0
2026-09-19 17:57:35,mfsweep_shard0,SPT_SMPT,51,3407.10,28,0,0,735.8,-1.0,-1.0,2,0,81.5,1.1,2645.6,0.0,0.0,0.0
2026-09-19 17:57:35,mfsweep_shard0,SPT_SMPT,51,3407.10,29,0,0,762.0,-1.0,-1.0,2,0,73.4,1.2,2619.3,0.0,0.0,0.0
2026-09-19 17:57:35,mfsweep_shard0,SPT_SMPT,51,3407.10,30,0,0,788.3,-1.0,-1.0,2,0,80.1,1.2,2592.9,0.0,0.0,0.0
2026-09-19 17:57:35,mfsweep_shard0,SPT_SMPT,51,3407.10,31,0,0,814.6,-1.0,-1.0,2,0,77.6,0.9,2567.0,0.0,0.0,0.0
2026-09-19 17:57:35,mfsweep_shard0,SPT_SMPT,51,3407.10,32,0,0,840.9,-1.0,-1.0,2,0,71.2,0.9,2540.7,0.0,0.0,0.0
2026-09-19 17:57:35,mfsweep_shard0,SPT_SMPT,51,3407.10,33,0,0,867.2,-1.0,-1.0,2,0,85.6,0.5,2514.9,0.0,0.0,0.0
2026-09-19 17:57:35,mfsweep_shard0,SPT_SMPT,51,3407.10,34,0,0,893.4,-1.0,-1.0,2,0,66.0,0.5,2488.6,0.0,0.0,0.0
2026-09-19 17:57:35,mfsweep_shard0,SPT_SMPT,51,3407.10,35,0,0,919.7,-1.0,-1.0,2,0,71.7,0.5,2462.4,0.0,0.0,0.0
2026-09-19 17:57:35,mfsweep_shard0,SPT_SMPT,51,3407.10,36,0,0,946.0,-1.0,-1.0,2,0,80.9,0.5,2436.1,0.0,0.0,0.0
2026-09-19 17:57:35,mfsweep_shard0,SPT_SMPT,51,3407.10,37,0,0,972.3,-1.0,-1.0,2,0,73.9,0.6,2409.8,0.0,0.0,0.0
2026-09-19 17:57:35,mfsweep_shard0,SPT_SMPT,51,3407.10,38,0,0,998.5,-1.0,-1.0,2,0,81.9,0.6,2383.5,0.0,0.0,0.0
2026-09-19 17:57:35,mfsweep_shard0,SPT_SMPT,51,3407.10,39,0,0,1024.8,-1.0,-1.0,2,0,72.6,0.6,2357.2,0.0,0.0,0.0
2026-09-19 17:57:35,mfsweep_shard0,SPT_SMPT,51,3407.10,40,0,0,1051.1,-1.0,-1.0,2,0,76.8,0.6,2331.0,0.0,0.0,0.0
2026-09-19 17:57:35,mfsweep_shard0,SPT_SMPT,51,3407.10,41,0,0,1077.4,-1.0,-1.0,2,0,55.0,0.6,2304.7,0.0,0.0,0.0
2026-09-19 17:57:35,mfsweep_shard0,SPT_SMPT,51,3407.10,42,0,0,1103.7,-1.0,-1.0,2,0,61.0,0.7,2278.4,0.0,0.0,0.0
2026-09-19 17:57:35,mfsweep_shard0,SPT_SMPT,51,3407.10,43,0,0,1129.9,-1.0,-1.0,2,0,63.1,0.7,2252.1,0.0,0.0,0.0
2026-09-19 17:57:35,mfsweep_shard0,SPT_SMPT,51,3407.10,44,0,0,1156.2,-1.0,-1.0,2,0,56.1,0.7,2225.9,0.0,0.0,0.0
2026-09-19 17:57:35,mfsweep_shard0,SPT_SMPT,51,3407.10,45,0,0,1182.5,-1.0,-1.0,2,0,61.2,0.7,2199.6,0.0,0.0,0.0
2026-09-19 17:57:35,mfsweep_shard0,SPT_SMPT,51,3407.10,46,0,0,1208.8,-1.0,-1.0,2,0,56.8,0.8,2173.3,0.0,0.0,0.0
2026-09-19 17:57:35,mfsweep_shard0,SPT_SMPT,51,3407.10,47,0,0,1235.0,-1.0,-1.0,2,0,62.7,0.8,2147.0,0.0,0.0,0.0
2026-09-19 17:57:35,mfsweep_shard0,SPT_SMPT,51,3407.10,48,0,0,1261.3,-1.0,-1.0,2,0,74.5,0.8,2120.8,0.0,0.0,0.0
2026-09-19 17:57:35,mfsweep_shard0,SPT_SMPT,51,3407.10,49,0,0,1287.6,-1.0,-1.0,2,0,65.5,0.8,2094.5,0.0,0.0,0.0
2026-09-19 17:57:35,mfsweep_shard0,SPT_SMPT,51,3407.10,50,0,0,1313.9,-1.0,-1.0,2,0,65.7,0.8,2068.2,0.0,0.0,0.0
2026-09-19 17:57:35,mfsweep_shard0,SPT_SMPT,51,3407.10,51,0,0,1340.2,-1.0,-1.0,2,0,60.4,0.8,2041.9,0.0,0.0,0.0
2026-09-19 17:57:35,mfsweep_shard0,SPT_SMPT,51,3407.10,52,0,0,1366.4,-1.0,-1.0,2,0,62.3,0.9,2015.6,0.0,0.0,0.0
2026-09-19 17:57:35,mfsweep_shard0,SPT_SMPT,51,3407.10,53,0,0,1392.7,-1.0,-1.0,2,0,84.4,0.9,1989.4,0.0,0.0,0.0
2026-09-19 17:57:35,mfsweep_shard0,SPT_SMPT,51,3407.10,54,0,0,1419.0,-1.0,-1.0,2,0,74.9,0.9,1963.1,0.0,0.0,0.0
2026-09-19 17:57:35,mfsweep_shard0,SPT_SMPT,51,3407.10,55,0,0,1445.3,-1.0,-1.0,2,0,73.6,0.9,1936.8,0.0,0.0,0.0
2026-09-19 17:57:35,mfsweep_shard0,SPT_SMPT,51,3407.10,56,0,0,1471.5,-1.0,-1.0,2,0,59.2,0.9,1910.5,0.0,0.0,0.0
2026-09-19 17:57:35,mfsweep_shard0,SPT_SMPT,51,3407.10,57,0,0,1497.8,-1.0,-1.0,2,0,77.6,1.0,1884.3,0.0,0.0,0.0
2026-09-19 17:57:35,mfsweep_shard0,SPT_SMPT,51,3407.10,58,0,0,1524.1,-1.0,-1.0,2,0,58.9,1.0,1858.0,0.0,0.0,0.0
2026-09-19 17:57:35,mfsweep_shard0,SPT_SMPT,51,3407.10,59,0,0,1550.4,-1.0,-1.0,2,0,66.0,1.0,1831.7,0.0,0.0,0.0
2026-09-19 17:57:35,mfsweep_shard0,SPT_SMPT,51,3407.10,60,0,0,1576.6,-1.0,-1.0,2,0,86.2,1.0,1805.4,0.0,0.0,0.0
2026-09-19 17:57:35,mfsweep_shard0,SPT_SMPT,51,3407.10,61,0,0,1602.9,-1.0,-1.0,2,0,74.6,1.1,1779.1,0.0,0.0,0.0
2026-09-19 17:57:35,mfsweep_shard0,SPT_SMPT,51,3407.10,62,0,0,1629.2,-1.0,-1.0,2,0,71.9,1.1,1752.9,0.0,0.0,0.0
2026-09-19 17:57:35,mfsweep_shard0,SPT_SMPT,51,3407.10,63,0,0,1655.5,-1.0,-1.0,2,0,76.1,1.1,1726.6,0.0,0.0,0.0
2026-09-19 17:57:35,mfsweep_shard0,SPT_SMPT,51,3407.10,64,0,0,1681.8,-1.0,-1.0,2,0,81.3,1.1,1700.3,0.0,0.0,0.0
2026-09-19 17:57:35,mfsweep_shard0,SPT_SMPT,51,3407.10,65,0,0,1708.0,-1.0,-1.0,2,0,79.1,1.1,1674.0,0.0,0.0,0.0
2026-09-19 17:57:35,mfsweep_shard0,SPT_SMPT,51,3407.10,66,0,0,1734.3,-1.0,-1.0,2,0,61.1,1.1,1647.8,0.0,0.0,0.0
2026-09-19 17:57:35,mfsweep_shard0,SPT_SMPT,51,3407.10,67,0,0,1760.6,-1.0,-1.0,2,0,54.6,1.2,1621.5,0.0,0.0,0.0
2026-09-19 17:57:35,mfsweep_shard0,SPT_SMPT,51,3407.10,68,0,0,1786.9,-1.0,-1.0,2,0,63.9,1.2,1595.2,0.0,0.0,0.0
2026-09-19 17:57:35,mfsweep_shard0,SPT_SMPT,51,3407.10,69,0,0,1813.1,-1.0,-1.0,2,0,62.3,1.2,1568.9,0.0,0.0,0.0
2026-09-19 17:57:35,mfsweep_shard0,SPT_SMPT,51,3407.10,70,0,0,1839.4,-1.0,-1.0,2,0,60.5,1.2,1542.6,0.0,0.0,0.0
2026-09-19 17:57:35,mfsweep_shard0,SPT_SMPT,51,3407.10,71,0,0,1865.7,-1.0,-1.0,2,0,84.6,1.2,1516.4,0.0,0.0,0.0
2026-09-19 17:57:35,mfsweep_shard0,SPT_SMPT,51,3407.10,72,0,0,1892.0,-1.0,-1.0,2,0,82.4,0.0,0.0,0.0,0.0,0.0
2026-09-19 17:57:35,mfsweep_shard0,SPT_SMPT,51,3407.10,73,0,0,1918.3,-1.0,-1.0,2,0,63.9,0.0,0.0,0.0,0.0,0.0
2026-09-19 17:57:35,mfsweep_shard0,SPT_SMPT,51,3407.10,74,0,0,1944.5,-1.0,-1.0,2,0,75.1,0.0,0.0,0.0,0.0,0.0
2026-09-19 17:57:35,mfsweep_shard0,SPT_SMPT,51,3407.10,75,0,0,1970.8,-1.0,-1.0,2,0,66.6,0.0,0.0,0.0,0.0,0.0
2026-09-19 17:57:35,mfsweep_shard0,SPT_SMPT,51,3407.10,76,0,0,1997.1,-1.0,-1.0,2,0,83.7,0.0,0.0,0.0,0.0,0.0
2026-09-19 17:57:35,mfsweep_shard0,SPT_SMPT,51,3407.10,77,0,0,2023.4,-1.0,-1.0,2,0,68.6,0.0,0.0,0.0,0.0,0.0
2026-09-19 17:57:35,mfsweep_shard0,SPT_SMPT,51,3407.10,78,0,0,2049.6,-1.0,-1.0,2,0,62.2,0.0,0.0,0.0,0.0,0.0
2026-09-19 17:57:35,mfsweep_shard0,SPT_SMPT,51,3407.10,79,0,0,2075.9,-1.0,-1.0,2,0,61.6,0.0,0.0,0.0,0.0,0.0
2026-09-19 17:57:35,mfsweep_shard0,SPT_SMPT,51,3407.10,80,0,0,2102.2,-1.0,-1.0,2,0,72.0,0.0,0.0,0.0,0.0,0.0
2026-09-19 17:57:35,mfsweep_shard0,SPT_SMPT,51,3407.10,81,0,0,2128.5,-1.0,-1.0,2,0,62.2,0.0,0.0,0.0,0.0,0.0
2026-09-19 17:57:35,mfsweep_shard0,SPT_SMPT,51,3407.10,82,0,0,2154.7,-1.0,-1.0,2,0,72.8,0.0,0.0,0.0,0.0,0.0
2026-09-19 17:57:35,mfsweep_shard0,SPT_SMPT,51,3407.10,83,0,0,2181.0,-1.0,-1.0,2,0,83.1,0.0,0.0,0.0,0.0,0.0
2026-09-19 17:57:35,mfsweep_shard0,SPT_SMPT,51,3407.10,84,0,0,2207.3,-1.0,-1.0,2,0,66.7,0.0,0.0,0.0,0.0,0.0
2026-09-19 17:57:35,mfsweep_shard0,SPT_SMPT,51,3407.10,85,0,0,2233.6,-1.0,-1.0,2,0,60.7,0.0,0.0,0.0,0.0,0.0
2026-09-19 17:57:35,mfsweep_shard0,SPT_SMPT,51,3407.10,86,0,0,2259.9,-1.0,-1.0,2,0,86.4,0.0,0.0,0.0,0.0,0.0
2026-09-19 17:57:35,mfsweep_shard0,SPT_SMPT,51,3407.10,87,0,0,2286.1,-1.0,-1.0,2,0,70.3,0.0,0.0,0.0,0.0,0.0
2026-09-19 17:57:35,mfsweep_shard0,SPT_SMPT,51,3407.10,88,0,0,2312.4,-1.0,-1.0,2,0,56.5,0.0,0.0,0.0,0.0,0.0
2026-09-19 17:57:35,mfsweep_shard0,SPT_SMPT,51,3407.10,89,0,0,2338.7,-1.0,-1.0,2,0,55.1,0.0,0.0,0.0,0.0,0.0
2026-09-19 17:57:35,mfsweep_shard0,SPT_SMPT,51,3407.10,90,0,0,2365.0,-1.0,-1.0,2,0,57.1,0.0,0.0,0.0,0.0,0.0
2026-09-19 17:57:35,mfsweep_shard0,SPT_SMPT,51,3407.10,91,0,0,2391.2,-1.0,-1.0,2,0,74.2,0.0,0.0,0.0,0.0,0.0
2026-09-19 17:57:35,mfsweep_shard0,SPT_SMPT,51,3407.10,92,0,0,2417.5,-1.0,-1.0,2,0,79.6,0.0,0.0,0.0,0.0,0.0
2026-09-19 17:57:35,mfsweep_shard0,SPT_SMPT,51,3407.10,93,0,0,2443.8,-1.0,-1.0,2,0,67.4,0.0,0.0,0.0,0.0,0.0
2026-09-19 17:57:35,mfsweep_shard0,SPT_SMPT,51,3407.10,94,0,0,2470.1,-1.0,-1.0,2,0,55.6,0.0,0.0,0.0,0.0,0.0
2026-09-19 17:57:35,mfsweep_shard0,SPT_SMPT,51,3407.10,95,0,0,2496.4,-1.0,-1.0,2,0,66.1,0.0,0.0,0.0,0.0,0.0
2026-09-19 17:57:35,mfsweep_shard0,SPT_SMPT,51,3407.10,96,0,0,2522.6,-1.0,-1.0,2,0,86.4,0.0,0.0,0.0,0.0,0.0
2026-09-19 17:57:35,mfsweep_shard0,SPT_SMPT,51,3407.10,97,0,0,2548.9,-1.0,-1.0,2,0,71.0,0.0,0.0,0.0,0.0,0.0
2026-09-19 17:57:35,mfsweep_shard0,SPT_SMPT,51,3407.10,98,0,0,2575.2,-1.0,-1.0,2,0,85.6,0.0,0.0,0.0,0.0,0.0
2026-09-19 17:57:35,mfsweep_shard0,SPT_SMPT,51,3407.10,99,0,0,2601.5,-1.0,-1.0,2,0,81.9,0.0,0.0,0.0,0.0,0.0
2026-09-19 17:57:35,mfsweep_shard0,SPT_SMPT,51,3407.10,100,0,0,2627.7,-1.0,-1.0,2,0,53.9,0.0,0.0,0.0,0.0,0.0
2026-09-19 17:57:35,mfsweep_shard0,SPT_SMPT,51,3407.10,101,0,0,2654.0,-1.0,-1.0,2,0,77.3,0.0,0.0,0.0,0.0,0.0
2026-09-19 17:57:35,mfsweep_shard0,SPT_SMPT,51,3407.10,102,0,0,2680.3,-1.0,-1.0,2,0,76.0,0.0,0.0,0.0,0.0,0.0
2026-09-19 17:57:35,mfsweep_shard0,SPT_SMPT,51,3407.10,103,0,0,2706.6,-1.0,-1.0,2,0,71.2,0.0,0.0,0.0,0.0,0.0
2026-09-19 17:57:35,mfsweep_shard0,SPT_SMPT,51,3407.10,104,0,0,2732.9,-1.0,-1.0,2,0,62.3,0.0,0.0,0.0,0.0,0.0
2026-09-19 17:57:35,mfsweep_shard0,SPT_SMPT,51,3407.10,105,0,0,2759.1,-1.0,-1.0,2,0,74.7,0.0,0.0,0.0,0.0,0.0
2026-09-19 17:57:35,mfsweep_shard0,SPT_SMPT,51,3407.10,106,0,0,2785.4,-1.0,-1.0,2,0,57.2,0.0,0.0,0.0,0.0,0.0
2026-09-19 17:57:35,mfsweep_shard0,SPT_SMPT,51,3407.10,107,0,0,2811.7,-1.0,-1.0,2,0,67.9,0.0,0.0,0.0,0.0,0.0
2026-09-19 17:57:35,mfsweep_shard0,SPT_SMPT,51,3407.10,108,0,0,2838.0,-1.0,-1.0,2,0,68.5,0.0,0.0,0.0,0.0,0.0
2026-09-19 17:57:35,mfsweep_shard0,SPT_SMPT,51,3407.10,109,0,0,2864.2,-1.0,-1.0,2,0,85.0,0.0,0.0,0.0,0.0,0.0
2026-09-19 17:57:35,mfsweep_shard0,SPT_SMPT,51,3407.10,110,0,0,2890.5,-1.0,-1.0,2,0,82.4,0.0,0.0,0.0,0.0,0.0
2026-09-19 17:57:35,mfsweep_shard0,SPT_SMPT,51,3407.10,111,0,0,2916.8,-1.0,-1.0,2,0,62.2,0.0,0.0,0.0,0.0,0.0
2026-09-19 17:57:35,mfsweep_shard0,SPT_SMPT,51,3407.10,112,0,0,2943.1,-1.0,-1.0,2,0,70.0,0.0,0.0,0.0,0.0,0.0
2026-09-19 17:57:35,mfsweep_shard0,SPT_SMPT,51,3407.10,113,0,0,2969.3,-1.0,-1.0,2,0,59.4,0.0,0.0,0.0,0.0,0.0
2026-09-19 17:57:35,mfsweep_shard0,SPT_SMPT,51,3407.10,114,0,0,2995.6,-1.0,-1.0,2,0,83.6,0.0,0.0,0.0,0.0,0.0
2026-09-19 17:57:35,mfsweep_shard0,SPT_SMPT,51,3407.10,115,0,0,3021.9,-1.0,-1.0,2,0,82.2,0.0,0.0,0.0,0.0,0.0
2026-09-19 17:57:35,mfsweep_shard0,SPT_SMPT,51,3407.10,116,0,0,3048.2,-1.0,-1.0,2,0,63.4,0.0,0.0,0.0,0.0,0.0
2026-09-19 17:57:35,mfsweep_shard0,SPT_SMPT,51,3407.10,117,0,0,3074.5,-1.0,-1.0,2,0,74.6,0.0,0.0,0.0,0.0,0.0
2026-09-19 17:57:35,mfsweep_shard0,SPT_SMPT,51,3407.10,118,0,0,3100.7,-1.0,-1.0,2,0,73.6,0.0,0.0,0.0,0.0,0.0
2026-09-19 17:57:35,mfsweep_shard0,SPT_SMPT,51,3407.10,119,0,0,3127.0,-1.0,-1.0,2,0,58.5,0.0,0.0,0.0,0.0,0.0
2026-09-19 17:57:35,mfsweep_shard0,SPT_SMPT,51,3407.10,120,0,0,3153.3,-1.0,-1.0,2,0,78.7,0.0,0.0,0.0,0.0,0.0
2026-09-19 17:57:35,mfsweep_shard0,SPT_SMPT,51,3407.10,121,0,0,3179.6,-1.0,-1.0,2,0,71.3,0.0,0.0,0.0,0.0,0.0
2026-09-19 17:57:35,mfsweep_shard0,SPT_SMPT,51,3407.10,122,0,0,3205.8,-1.0,-1.0,2,0,79.2,0.0,0.0,0.0,0.0,0.0
2026-09-19 17:57:35,mfsweep_shard0,SPT_SMPT,51,3407.10,123,0,0,3232.1,-1.0,-1.0,2,0,71.0,0.0,0.0,0.0,0.0,0.0
2026-09-19 17:57:35,mfsweep_shard0,SPT_SMPT,51,3407.10,124,0,0,3258.4,-1.0,-1.0,2,0,53.5,0.0,0.0,0.0,0.0,0.0
2026-09-19 17:57:35,mfsweep_shard0,SPT_SMPT,51,3407.10,125,0,0,3284.7,-1.0,-1.0,2,0,64.2,0.0,0.0,0.0,0.0,0.0
2026-09-19 17:57:35,mfsweep_shard0,SPT_SMPT,51,3407.10,126,0,0,3311.0,-1.0,-1.0,2,0,54.1,0.0,0.0,0.0,0.0,0.0
2026-09-19 17:57:35,mfsweep_shard0,SPT_SMPT,51,3407.10,127,0,0,3337.2,-1.0,-1.0,2,0,84.2,0.0,0.0,0.0,0.0,0.0
2026-09-19 17:57:35,mfsweep_shard0,SPT_SMPT,51,3407.10,128,0,0,3363.5,-1.0,-1.0,2,0,82.5,0.0,0.0,0.0,0.0,0.0
2026-09-19 17:57:35,mfsweep_shard0,SPT_SMPT,51,3407.10,129,0,0,3389.8,-1.0,-1.0,2,0,80.9,0.0,0.0,0.0,0.0,0.0
2026-09-19 17:59:43,mfsweep_shard0,SPT_SMPT,52,3416.68,0,0,1,0.0,234.4,234.4,2,2,74.6,0.0,74.0,85.8,0.0,74.6
2026-09-19 17:59:43,mfsweep_shard0,SPT_SMPT,52,3416.68,1,0,0,26.3,-1.0,-1.0,2,2,54.4,0.0,3124.3,91.5,79.4,82.9
2026-09-19 17:59:43,mfsweep_shard0,SPT_SMPT,52,3416.68,2,0,0,52.6,-1.0,-1.0,2,2,62.6,0.0,2924.6,83.2,118.0,62.6
2026-09-19 17:59:43,mfsweep_shard0,SPT_SMPT,52,3416.68,3,0,1,78.8,321.7,242.8,2,2,60.9,0.0,68.2,113.7,0.0,60.9
2026-09-19 17:59:43,mfsweep_shard0,SPT_SMPT,52,3416.68,4,0,0,105.1,-1.0,-1.0,2,2,77.8,0.0,186.4,2965.9,0.0,77.8
2026-09-19 17:59:43,mfsweep_shard0,SPT_SMPT,52,3416.68,5,0,0,131.4,-1.0,-1.0,2,2,75.9,0.0,2969.6,59.9,5.3,75.9
2026-09-19 17:59:43,mfsweep_shard0,SPT_SMPT,52,3416.68,6,0,0,157.7,-1.0,-1.0,2,1,83.0,0.0,2834.4,99.9,74.5,53.3
2026-09-19 17:59:43,mfsweep_shard0,SPT_SMPT,52,3416.68,7,0,0,183.9,-1.0,-1.0,2,1,56.4,0.2,2282.5,890.7,4.3,15.0
2026-09-19 17:59:43,mfsweep_shard0,SPT_SMPT,52,3416.68,8,0,0,210.2,-1.0,-1.0,2,1,67.4,0.3,2059.7,1091.6,0.0,15.0
2026-09-19 17:59:43,mfsweep_shard0,SPT_SMPT,52,3416.68,9,0,0,236.5,-1.0,-1.0,2,1,54.5,0.4,2531.0,621.3,0.0,15.0
2026-09-19 17:59:43,mfsweep_shard0,SPT_SMPT,52,3416.68,10,0,0,262.8,-1.0,-1.0,2,0,60.7,0.1,2876.5,255.2,0.0,0.0
2026-09-19 17:59:43,mfsweep_shard0,SPT_SMPT,52,3416.68,11,0,0,289.1,-1.0,-1.0,2,0,70.2,0.2,2858.2,252.6,0.0,0.0
2026-09-19 17:59:43,mfsweep_shard0,SPT_SMPT,52,3416.68,12,0,0,315.3,-1.0,-1.0,2,0,54.4,0.1,2668.8,230.1,0.0,0.0
2026-09-19 17:59:43,mfsweep_shard0,SPT_SMPT,52,3416.68,13,0,0,341.6,-1.0,-1.0,2,0,60.1,0.3,2692.3,180.2,0.0,0.0
2026-09-19 17:59:43,mfsweep_shard0,SPT_SMPT,52,3416.68,14,0,0,367.9,-1.0,-1.0,2,0,75.0,0.5,3008.4,0.0,0.0,0.0
2026-09-19 17:59:43,mfsweep_shard0,SPT_SMPT,52,3416.68,15,0,0,394.2,-1.0,-1.0,2,0,71.5,0.4,2459.4,0.0,0.0,0.0
2026-09-19 17:59:43,mfsweep_shard0,SPT_SMPT,52,3416.68,16,0,0,420.4,-1.0,-1.0,2,0,60.8,0.4,2013.7,0.0,0.0,0.0
2026-09-19 17:59:43,mfsweep_shard0,SPT_SMPT,52,3416.68,17,0,0,446.7,-1.0,-1.0,2,0,73.0,0.4,1987.4,0.0,0.0,0.0
2026-09-19 17:59:43,mfsweep_shard0,SPT_SMPT,52,3416.68,18,0,0,473.0,-1.0,-1.0,2,0,80.2,0.5,1961.1,0.0,0.0,0.0
2026-09-19 17:59:43,mfsweep_shard0,SPT_SMPT,52,3416.68,19,0,0,499.3,-1.0,-1.0,2,0,53.7,0.5,1934.8,0.0,0.0,0.0
2026-09-19 17:59:43,mfsweep_shard0,SPT_SMPT,52,3416.68,20,0,0,525.6,-1.0,-1.0,2,0,80.1,0.6,1908.5,0.0,0.0,0.0
2026-09-19 17:59:43,mfsweep_shard0,SPT_SMPT,52,3416.68,21,0,0,551.8,-1.0,-1.0,2,0,76.5,0.7,1882.1,0.0,0.0,0.0
2026-09-19 17:59:43,mfsweep_shard0,SPT_SMPT,52,3416.68,22,0,0,578.1,-1.0,-1.0,2,0,64.7,0.7,1855.8,0.0,0.0,0.0
2026-09-19 17:59:43,mfsweep_shard0,SPT_SMPT,52,3416.68,23,0,0,604.4,-1.0,-1.0,2,0,58.6,0.8,1829.5,0.0,0.0,0.0
2026-09-19 17:59:43,mfsweep_shard0,SPT_SMPT,52,3416.68,24,0,0,630.7,-1.0,-1.0,2,0,85.1,0.8,1803.2,0.0,0.0,0.0
2026-09-19 17:59:43,mfsweep_shard0,SPT_SMPT,52,3416.68,25,0,0,656.9,-1.0,-1.0,2,0,64.6,0.9,1776.9,0.0,0.0,0.0
2026-09-19 17:59:43,mfsweep_shard0,SPT_SMPT,52,3416.68,26,0,0,683.2,-1.0,-1.0,2,0,56.6,0.9,1750.6,0.0,0.0,0.0
2026-09-19 17:59:43,mfsweep_shard0,SPT_SMPT,52,3416.68,27,0,0,709.5,-1.0,-1.0,2,0,56.7,1.0,1724.2,0.0,0.0,0.0
2026-09-19 17:59:43,mfsweep_shard0,SPT_SMPT,52,3416.68,28,0,0,735.8,-1.0,-1.0,2,0,81.5,1.1,1697.9,0.0,0.0,0.0
2026-09-19 17:59:43,mfsweep_shard0,SPT_SMPT,52,3416.68,29,0,0,762.0,-1.0,-1.0,2,0,73.4,1.1,1671.6,0.0,0.0,0.0
2026-09-19 17:59:43,mfsweep_shard0,SPT_SMPT,52,3416.68,30,0,0,788.3,-1.0,-1.0,2,0,80.1,1.2,1645.3,0.0,0.0,0.0
2026-09-19 17:59:43,mfsweep_shard0,SPT_SMPT,52,3416.68,31,0,0,814.6,-1.0,-1.0,2,0,77.6,1.3,1619.0,0.0,0.0,0.0
2026-09-19 17:59:43,mfsweep_shard0,SPT_SMPT,52,3416.68,32,0,0,840.9,-1.0,-1.0,2,0,71.2,1.3,1592.6,0.0,0.0,0.0
2026-09-19 17:59:43,mfsweep_shard0,SPT_SMPT,52,3416.68,33,0,0,867.2,-1.0,-1.0,2,0,85.6,1.4,1566.3,0.0,0.0,0.0
2026-09-19 17:59:43,mfsweep_shard0,SPT_SMPT,52,3416.68,34,0,0,893.4,-1.0,-1.0,2,0,66.0,1.4,1540.0,0.0,0.0,0.0
2026-09-19 17:59:43,mfsweep_shard0,SPT_SMPT,52,3416.68,35,0,0,919.7,-1.0,-1.0,2,0,71.7,1.5,1513.7,0.0,0.0,0.0
2026-09-19 17:59:43,mfsweep_shard0,SPT_SMPT,52,3416.68,36,0,0,946.0,-1.0,-1.0,2,0,80.9,1.5,1487.4,0.0,0.0,0.0
2026-09-19 17:59:43,mfsweep_shard0,SPT_SMPT,52,3416.68,37,0,0,972.3,-1.0,-1.0,2,0,73.9,1.6,1461.1,0.0,0.0,0.0
2026-09-19 17:59:43,mfsweep_shard0,SPT_SMPT,52,3416.68,38,0,0,998.5,-1.0,-1.0,2,0,81.9,1.7,1434.7,0.0,0.0,0.0
2026-09-19 17:59:43,mfsweep_shard0,SPT_SMPT,52,3416.68,39,0,0,1024.8,-1.0,-1.0,2,0,72.6,1.7,1408.4,0.0,0.0,0.0
2026-09-19 17:59:43,mfsweep_shard0,SPT_SMPT,52,3416.68,40,0,0,1051.1,-1.0,-1.0,2,0,76.8,1.8,1382.1,0.0,0.0,0.0
2026-09-19 17:59:43,mfsweep_shard0,SPT_SMPT,52,3416.68,41,0,0,1077.4,-1.0,-1.0,2,0,55.0,1.8,1355.8,0.0,0.0,0.0
2026-09-19 17:59:43,mfsweep_shard0,SPT_SMPT,52,3416.68,42,0,0,1103.7,-1.0,-1.0,2,0,61.0,1.9,1329.5,0.0,0.0,0.0
2026-09-19 17:59:43,mfsweep_shard0,SPT_SMPT,52,3416.68,43,0,0,1129.9,-1.0,-1.0,2,0,63.1,2.0,1303.2,0.0,0.0,0.0
2026-09-19 17:59:43,mfsweep_shard0,SPT_SMPT,52,3416.68,44,0,0,1156.2,-1.0,-1.0,2,0,56.1,2.0,1276.8,0.0,0.0,0.0
2026-09-19 17:59:43,mfsweep_shard0,SPT_SMPT,52,3416.68,45,0,0,1182.5,-1.0,-1.0,2,0,61.2,2.1,1250.5,0.0,0.0,0.0
2026-09-19 17:59:43,mfsweep_shard0,SPT_SMPT,52,3416.68,46,0,0,1208.8,-1.0,-1.0,2,0,56.8,2.2,1224.2,0.0,0.0,0.0
2026-09-19 17:59:43,mfsweep_shard0,SPT_SMPT,52,3416.68,47,0,0,1235.0,-1.0,-1.0,2,0,62.7,2.2,1197.9,0.0,0.0,0.0
2026-09-19 17:59:43,mfsweep_shard0,SPT_SMPT,52,3416.68,48,0,0,1261.3,-1.0,-1.0,2,0,74.5,2.3,1171.6,0.0,0.0,0.0
2026-09-19 17:59:43,mfsweep_shard0,SPT_SMPT,52,3416.68,49,0,0,1287.6,-1.0,-1.0,2,0,65.5,1.5,1146.0,0.0,0.0,0.0
2026-09-19 17:59:43,mfsweep_shard0,SPT_SMPT,52,3416.68,50,0,0,1313.9,-1.0,-1.0,2,0,65.7,1.6,1119.7,0.0,0.0,0.0
2026-09-19 17:59:43,mfsweep_shard0,SPT_SMPT,52,3416.68,51,0,0,1340.2,-1.0,-1.0,2,0,60.4,1.6,1093.4,0.0,0.0,0.0
2026-09-19 17:59:43,mfsweep_shard0,SPT_SMPT,52,3416.68,52,0,0,1366.4,-1.0,-1.0,2,0,62.3,0.9,1067.9,0.0,0.0,0.0
2026-09-19 17:59:43,mfsweep_shard0,SPT_SMPT,52,3416.68,53,0,0,1392.7,-1.0,-1.0,2,0,84.4,0.9,1041.7,0.0,0.0,0.0
2026-09-19 17:59:43,mfsweep_shard0,SPT_SMPT,52,3416.68,54,0,0,1419.0,-1.0,-1.0,2,0,74.9,0.9,1015.4,0.0,0.0,0.0
2026-09-19 17:59:43,mfsweep_shard0,SPT_SMPT,52,3416.68,55,0,0,1445.3,-1.0,-1.0,2,0,73.6,0.9,989.1,0.0,0.0,0.0
2026-09-19 17:59:43,mfsweep_shard0,SPT_SMPT,52,3416.68,56,0,0,1471.5,-1.0,-1.0,2,0,59.2,0.9,962.8,0.0,0.0,0.0
2026-09-19 17:59:43,mfsweep_shard0,SPT_SMPT,52,3416.68,57,0,0,1497.8,-1.0,-1.0,2,0,77.6,1.0,936.6,0.0,0.0,0.0
2026-09-19 17:59:43,mfsweep_shard0,SPT_SMPT,52,3416.68,58,0,0,1524.1,-1.0,-1.0,2,0,58.9,1.0,910.3,0.0,0.0,0.0
2026-09-19 17:59:43,mfsweep_shard0,SPT_SMPT,52,3416.68,59,0,0,1550.4,-1.0,-1.0,2,0,66.0,1.0,884.0,0.0,0.0,0.0
2026-09-19 17:59:43,mfsweep_shard0,SPT_SMPT,52,3416.68,60,0,0,1576.6,-1.0,-1.0,2,0,86.2,1.0,857.7,0.0,0.0,0.0
2026-09-19 17:59:43,mfsweep_shard0,SPT_SMPT,52,3416.68,61,0,0,1602.9,-1.0,-1.0,2,0,74.6,1.1,831.4,0.0,0.0,0.0
2026-09-19 17:59:43,mfsweep_shard0,SPT_SMPT,52,3416.68,62,0,0,1629.2,-1.0,-1.0,2,0,71.9,1.1,805.2,0.0,0.0,0.0
2026-09-19 17:59:43,mfsweep_shard0,SPT_SMPT,52,3416.68,63,0,0,1655.5,-1.0,-1.0,2,0,76.1,1.1,778.9,0.0,0.0,0.0
2026-09-19 17:59:43,mfsweep_shard0,SPT_SMPT,52,3416.68,64,0,0,1681.8,-1.0,-1.0,2,0,81.3,1.1,752.6,0.0,0.0,0.0
2026-09-19 17:59:43,mfsweep_shard0,SPT_SMPT,52,3416.68,65,0,0,1708.0,-1.0,-1.0,2,0,79.1,1.1,726.3,0.0,0.0,0.0
2026-09-19 17:59:43,mfsweep_shard0,SPT_SMPT,52,3416.68,66,0,0,1734.3,-1.0,-1.0,2,0,61.1,1.1,700.1,0.0,0.0,0.0
2026-09-19 17:59:43,mfsweep_shard0,SPT_SMPT,52,3416.68,67,0,0,1760.6,-1.0,-1.0,2,0,54.6,1.2,673.8,0.0,0.0,0.0
2026-09-19 17:59:43,mfsweep_shard0,SPT_SMPT,52,3416.68,68,0,0,1786.9,-1.0,-1.0,2,0,63.9,1.2,647.5,0.0,0.0,0.0
2026-09-19 17:59:43,mfsweep_shard0,SPT_SMPT,52,3416.68,69,0,0,1813.1,-1.0,-1.0,2,0,62.3,1.2,621.2,0.0,0.0,0.0
2026-09-19 17:59:43,mfsweep_shard0,SPT_SMPT,52,3416.68,70,0,0,1839.4,-1.0,-1.0,2,0,60.5,1.2,594.9,0.0,0.0,0.0
2026-09-19 17:59:43,mfsweep_shard0,SPT_SMPT,52,3416.68,71,0,0,1865.7,-1.0,-1.0,2,0,84.6,1.2,568.7,0.0,0.0,0.0
2026-09-19 17:59:43,mfsweep_shard0,SPT_SMPT,52,3416.68,72,0,0,1892.0,-1.0,-1.0,2,0,82.4,1.3,542.4,0.0,0.0,0.0
2026-09-19 17:59:43,mfsweep_shard0,SPT_SMPT,52,3416.68,73,0,0,1918.3,-1.0,-1.0,2,0,63.9,1.3,516.1,0.0,0.0,0.0
2026-09-19 17:59:43,mfsweep_shard0,SPT_SMPT,52,3416.68,74,0,0,1944.5,-1.0,-1.0,2,0,75.1,1.3,489.8,0.0,0.0,0.0
2026-09-19 17:59:43,mfsweep_shard0,SPT_SMPT,52,3416.68,75,0,0,1970.8,-1.0,-1.0,2,0,66.6,1.3,463.6,0.0,0.0,0.0
2026-09-19 17:59:43,mfsweep_shard0,SPT_SMPT,52,3416.68,76,0,0,1997.1,-1.0,-1.0,2,0,83.7,1.4,437.3,0.0,0.0,0.0
2026-09-19 17:59:43,mfsweep_shard0,SPT_SMPT,52,3416.68,77,0,0,2023.4,-1.0,-1.0,2,0,68.6,1.4,411.0,0.0,0.0,0.0
2026-09-19 17:59:43,mfsweep_shard0,SPT_SMPT,52,3416.68,78,0,0,2049.6,-1.0,-1.0,2,0,62.2,1.4,384.7,0.0,0.0,0.0
2026-09-19 17:59:43,mfsweep_shard0,SPT_SMPT,52,3416.68,79,0,0,2075.9,-1.0,-1.0,2,0,61.6,1.4,358.5,0.0,0.0,0.0
2026-09-19 17:59:43,mfsweep_shard0,SPT_SMPT,52,3416.68,80,0,0,2102.2,-1.0,-1.0,2,0,72.0,1.4,332.2,0.0,0.0,0.0
2026-09-19 17:59:43,mfsweep_shard0,SPT_SMPT,52,3416.68,81,0,0,2128.5,-1.0,-1.0,2,0,62.2,1.4,305.9,0.0,0.0,0.0
2026-09-19 17:59:43,mfsweep_shard0,SPT_SMPT,52,3416.68,82,0,0,2154.7,-1.0,-1.0,2,0,72.8,1.5,279.6,0.0,0.0,0.0
2026-09-19 17:59:43,mfsweep_shard0,SPT_SMPT,52,3416.68,83,0,0,2181.0,-1.0,-1.0,2,0,83.1,1.5,253.3,0.0,0.0,0.0
2026-09-19 17:59:43,mfsweep_shard0,SPT_SMPT,52,3416.68,84,0,0,2207.3,-1.0,-1.0,2,0,66.7,1.5,227.1,0.0,0.0,0.0
2026-09-19 17:59:43,mfsweep_shard0,SPT_SMPT,52,3416.68,85,0,0,2233.6,-1.0,-1.0,2,0,60.7,1.5,200.8,0.0,0.0,0.0
2026-09-19 17:59:43,mfsweep_shard0,SPT_SMPT,52,3416.68,86,0,0,2259.9,-1.0,-1.0,2,0,86.4,1.5,174.5,0.0,0.0,0.0
2026-09-19 17:59:43,mfsweep_shard0,SPT_SMPT,52,3416.68,87,0,0,2286.1,-1.0,-1.0,2,0,70.3,1.6,148.2,0.0,0.0,0.0
2026-09-19 17:59:43,mfsweep_shard0,SPT_SMPT,52,3416.68,88,0,0,2312.4,-1.0,-1.0,2,0,56.5,1.6,122.0,0.0,0.0,0.0
2026-09-19 17:59:43,mfsweep_shard0,SPT_SMPT,52,3416.68,89,0,0,2338.7,-1.0,-1.0,2,0,55.1,1.6,95.7,0.0,0.0,0.0
2026-09-19 17:59:43,mfsweep_shard0,SPT_SMPT,52,3416.68,90,0,0,2365.0,-1.0,-1.0,2,0,57.1,1.6,69.4,0.0,0.0,0.0
2026-09-19 17:59:43,mfsweep_shard0,SPT_SMPT,52,3416.68,91,0,0,2391.2,-1.0,-1.0,2,0,74.2,1.7,43.1,0.0,0.0,0.0
2026-09-19 17:59:43,mfsweep_shard0,SPT_SMPT,52,3416.68,92,0,0,2417.5,-1.0,-1.0,2,0,79.6,1.7,16.8,0.0,0.0,0.0
2026-09-19 17:59:43,mfsweep_shard0,SPT_SMPT,52,3416.68,93,0,0,2443.8,-1.0,-1.0,2,0,67.4,0.0,0.0,0.0,0.0,0.0
2026-09-19 17:59:43,mfsweep_shard0,SPT_SMPT,52,3416.68,94,0,0,2470.1,-1.0,-1.0,2,0,55.6,0.0,0.0,0.0,0.0,0.0
2026-09-19 17:59:43,mfsweep_shard0,SPT_SMPT,52,3416.68,95,0,0,2496.4,-1.0,-1.0,2,0,66.1,0.0,0.0,0.0,0.0,0.0
2026-09-19 17:59:43,mfsweep_shard0,SPT_SMPT,52,3416.68,96,0,0,2522.6,-1.0,-1.0,2,0,86.4,0.0,0.0,0.0,0.0,0.0
2026-09-19 17:59:43,mfsweep_shard0,SPT_SMPT,52,3416.68,97,0,0,2548.9,-1.0,-1.0,2,0,71.0,0.0,0.0,0.0,0.0,0.0
2026-09-19 17:59:43,mfsweep_shard0,SPT_SMPT,52,3416.68,98,0,0,2575.2,-1.0,-1.0,2,0,85.6,0.0,0.0,0.0,0.0,0.0
2026-09-19 17:59:43,mfsweep_shard0,SPT_SMPT,52,3416.68,99,0,0,2601.5,-1.0,-1.0,2,0,81.9,0.0,0.0,0.0,0.0,0.0
2026-09-19 17:59:43,mfsweep_shard0,SPT_SMPT,52,3416.68,100,0,0,2627.7,-1.0,-1.0,2,0,53.9,0.0,0.0,0.0,0.0,0.0
2026-09-19 17:59:43,mfsweep_shard0,SPT_SMPT,52,3416.68,101,0,0,2654.0,-1.0,-1.0,2,0,77.3,0.0,0.0,0.0,0.0,0.0
2026-09-19 17:59:43,mfsweep_shard0,SPT_SMPT,52,3416.68,102,0,0,2680.3,-1.0,-1.0,2,0,76.0,0.0,0.0,0.0,0.0,0.0
2026-09-19 17:59:43,mfsweep_shard0,SPT_SMPT,52,3416.68,103,0,0,2706.6,-1.0,-1.0,2,0,71.2,0.0,0.0,0.0,0.0,0.0
2026-09-19 17:59:43,mfsweep_shard0,SPT_SMPT,52,3416.68,104,0,0,2732.9,-1.0,-1.0,2,0,62.3,0.0,0.0,0.0,0.0,0.0
2026-09-19 17:59:43,mfsweep_shard0,SPT_SMPT,52,3416.68,105,0,0,2759.1,-1.0,-1.0,2,0,74.7,0.0,0.0,0.0,0.0,0.0
2026-09-19 17:59:43,mfsweep_shard0,SPT_SMPT,52,3416.68,106,0,0,2785.4,-1.0,-1.0,2,0,57.2,0.0,0.0,0.0,0.0,0.0
2026-09-19 17:59:43,mfsweep_shard0,SPT_SMPT,52,3416.68,107,0,0,2811.7,-1.0,-1.0,2,0,67.9,0.0,0.0,0.0,0.0,0.0
2026-09-19 17:59:43,mfsweep_shard0,SPT_SMPT,52,3416.68,108,0,0,2838.0,-1.0,-1.0,2,0,68.5,0.0,0.0,0.0,0.0,0.0
2026-09-19 17:59:43,mfsweep_shard0,SPT_SMPT,52,3416.68,109,0,0,2864.2,-1.0,-1.0,2,0,85.0,0.0,0.0,0.0,0.0,0.0
2026-09-19 17:59:43,mfsweep_shard0,SPT_SMPT,52,3416.68,110,0,0,2890.5,-1.0,-1.0,2,0,82.4,0.0,0.0,0.0,0.0,0.0
2026-09-19 17:59:43,mfsweep_shard0,SPT_SMPT,52,3416.68,111,0,0,2916.8,-1.0,-1.0,2,0,62.2,0.0,0.0,0.0,0.0,0.0
2026-09-19 17:59:43,mfsweep_shard0,SPT_SMPT,52,3416.68,112,0,0,2943.1,-1.0,-1.0,2,0,70.0,0.0,0.0,0.0,0.0,0.0
2026-09-19 17:59:43,mfsweep_shard0,SPT_SMPT,52,3416.68,113,0,0,2969.3,-1.0,-1.0,2,0,59.4,0.0,0.0,0.0,0.0,0.0
2026-09-19 17:59:43,mfsweep_shard0,SPT_SMPT,52,3416.68,114,0,0,2995.6,-1.0,-1.0,2,0,83.6,0.0,0.0,0.0,0.0,0.0
2026-09-19 17:59:43,mfsweep_shard0,SPT_SMPT,52,3416.68,115,0,0,3021.9,-1.0,-1.0,2,0,82.2,0.0,0.0,0.0,0.0,0.0
2026-09-19 17:59:43,mfsweep_shard0,SPT_SMPT,52,3416.68,116,0,0,3048.2,-1.0,-1.0,2,0,63.4,0.0,0.0,0.0,0.0,0.0
2026-09-19 17:59:43,mfsweep_shard0,SPT_SMPT,52,3416.68,117,0,0,3074.5,-1.0,-1.0,2,0,74.6,0.0,0.0,0.0,0.0,0.0
2026-09-19 17:59:43,mfsweep_shard0,SPT_SMPT,52,3416.68,118,0,0,3100.7,-1.0,-1.0,2,0,73.6,0.0,0.0,0.0,0.0,0.0
2026-09-19 17:59:43,mfsweep_shard0,SPT_SMPT,52,3416.68,119,0,0,3127.0,-1.0,-1.0,2,0,58.5,0.0,0.0,0.0,0.0,0.0
2026-09-19 17:59:43,mfsweep_shard0,SPT_SMPT,52,3416.68,120,0,0,3153.3,-1.0,-1.0,2,0,78.7,0.0,0.0,0.0,0.0,0.0
2026-09-19 17:59:43,mfsweep_shard0,SPT_SMPT,52,3416.68,121,0,0,3179.6,-1.0,-1.0,2,0,71.3,0.0,0.0,0.0,0.0,0.0
2026-09-19 17:59:43,mfsweep_shard0,SPT_SMPT,52,3416.68,122,0,0,3205.8,-1.0,-1.0,2,0,79.2,0.0,0.0,0.0,0.0,0.0
2026-09-19 17:59:43,mfsweep_shard0,SPT_SMPT,52,3416.68,123,0,0,3232.1,-1.0,-1.0,2,0,71.0,0.0,0.0,0.0,0.0,0.0
2026-09-19 17:59:43,mfsweep_shard0,SPT_SMPT,52,3416.68,124,0,0,3258.4,-1.0,-1.0,2,0,53.5,0.0,0.0,0.0,0.0,0.0
2026-09-19 17:59:43,mfsweep_shard0,SPT_SMPT,52,3416.68,125,0,0,3284.7,-1.0,-1.0,2,0,64.2,0.0,0.0,0.0,0.0,0.0
2026-09-19 17:59:43,mfsweep_shard0,SPT_SMPT,52,3416.68,126,0,0,3311.0,-1.0,-1.0,2,0,54.1,0.0,0.0,0.0,0.0,0.0
2026-09-19 17:59:43,mfsweep_shard0,SPT_SMPT,52,3416.68,127,0,0,3337.2,-1.0,-1.0,2,0,84.2,0.0,0.0,0.0,0.0,0.0
2026-09-19 17:59:43,mfsweep_shard0,SPT_SMPT,52,3416.68,128,0,0,3363.5,-1.0,-1.0,2,0,82.5,0.0,0.0,0.0,0.0,0.0
2026-09-19 17:59:43,mfsweep_shard0,SPT_SMPT,52,3416.68,129,0,0,3389.8,-1.0,-1.0,2,0,80.9,0.0,0.0,0.0,0.0,0.0
2026-09-19 17:59:43,mfsweep_shard0,SPT_SMPT,52,3416.68,130,0,0,3416.1,-1.0,-1.0,2,0,63.7,0.0,0.0,0.0,0.0,0.0
2026-09-19 18:02:29,mfsweep_shard0,SPT_SMPT,53,4432.36,0,0,1,0.0,232.9,232.9,2,2,74.6,0.0,74.0,84.2,0.0,74.6
2026-09-19 18:02:29,mfsweep_shard0,SPT_SMPT,53,4432.36,1,0,1,26.3,284.4,258.1,2,2,54.4,0.0,88.2,94.7,20.9,54.4
2026-09-19 18:02:29,mfsweep_shard0,SPT_SMPT,53,4432.36,2,0,0,52.6,-1.0,-1.0,2,2,62.6,0.0,4072.3,42.8,84.6,62.6
2026-09-19 18:02:29,mfsweep_shard0,SPT_SMPT,53,4432.36,3,0,0,78.8,-1.0,-1.0,2,2,60.9,0.0,3875.7,267.8,10.2,60.9
2026-09-19 18:02:29,mfsweep_shard0,SPT_SMPT,53,4432.36,4,0,0,105.1,-1.0,-1.0,2,2,77.8,0.0,3776.5,255.3,80.7,77.8
2026-09-19 18:02:29,mfsweep_shard0,SPT_SMPT,53,4432.36,5,0,0,131.4,-1.0,-1.0,2,2,75.9,0.0,3808.6,285.0,22.5,81.5
2026-09-19 18:02:29,mfsweep_shard0,SPT_SMPT,53,4432.36,6,0,0,157.7,-1.0,-1.0,2,1,83.0,0.1,3800.4,265.7,0.0,25.0
2026-09-19 18:02:29,mfsweep_shard0,SPT_SMPT,53,4432.36,7,0,0,183.9,-1.0,-1.0,2,2,56.4,0.0,3211.6,808.5,0.0,56.4
2026-09-19 18:02:29,mfsweep_shard0,SPT_SMPT,53,4432.36,8,0,0,210.2,-1.0,-1.0,2,0,67.4,0.1,3749.6,285.4,0.0,12.5
2026-09-19 18:02:29,mfsweep_shard0,SPT_SMPT,53,4432.36,9,0,0,236.5,-1.0,-1.0,2,1,54.5,0.3,3612.4,396.4,0.0,15.0
2026-09-19 18:02:29,mfsweep_shard0,SPT_SMPT,53,4432.36,10,0,0,262.8,-1.0,-1.0,2,1,60.7,0.4,3375.5,606.9,0.0,15.0
2026-09-19 18:02:29,mfsweep_shard0,SPT_SMPT,53,4432.36,11,0,0,289.1,-1.0,-1.0,2,0,70.2,0.2,2709.5,1259.1,0.0,0.0
2026-09-19 18:02:29,mfsweep_shard0,SPT_SMPT,53,4432.36,12,0,0,315.3,-1.0,-1.0,2,0,54.4,0.2,3377.4,564.8,0.0,0.0
2026-09-19 18:02:29,mfsweep_shard0,SPT_SMPT,53,4432.36,13,0,0,341.6,-1.0,-1.0,2,0,60.1,0.5,3488.1,427.6,0.0,0.0
2026-09-19 18:02:29,mfsweep_shard0,SPT_SMPT,53,4432.36,14,0,0,367.9,-1.0,-1.0,2,0,75.0,0.6,3889.3,0.0,0.0,0.0
2026-09-19 18:02:29,mfsweep_shard0,SPT_SMPT,53,4432.36,15,0,0,394.2,-1.0,-1.0,2,0,71.5,0.6,3863.1,0.0,0.0,0.0
2026-09-19 18:02:29,mfsweep_shard0,SPT_SMPT,53,4432.36,16,0,0,420.4,-1.0,-1.0,2,0,60.8,0.7,3836.7,0.0,0.0,0.0
2026-09-19 18:02:29,mfsweep_shard0,SPT_SMPT,53,4432.36,17,0,0,446.7,-1.0,-1.0,2,0,73.0,0.8,3810.4,0.0,0.0,0.0
2026-09-19 18:02:29,mfsweep_shard0,SPT_SMPT,53,4432.36,18,0,0,473.0,-1.0,-1.0,2,0,80.2,0.9,3784.1,0.0,0.0,0.0
2026-09-19 18:02:29,mfsweep_shard0,SPT_SMPT,53,4432.36,19,0,0,499.3,-1.0,-1.0,2,0,53.7,0.8,3757.8,0.0,0.0,0.0
2026-09-19 18:02:29,mfsweep_shard0,SPT_SMPT,53,4432.36,20,0,0,525.6,-1.0,-1.0,2,0,80.1,0.9,3731.5,0.0,0.0,0.0
2026-09-19 18:02:29,mfsweep_shard0,SPT_SMPT,53,4432.36,21,0,0,551.8,-1.0,-1.0,2,0,76.5,1.1,3705.1,0.0,0.0,0.0
2026-09-19 18:02:29,mfsweep_shard0,SPT_SMPT,53,4432.36,22,0,0,578.1,-1.0,-1.0,2,0,64.7,1.2,3678.8,0.0,0.0,0.0
2026-09-19 18:02:29,mfsweep_shard0,SPT_SMPT,53,4432.36,23,0,0,604.4,-1.0,-1.0,2,0,58.6,1.3,3652.4,0.0,0.0,0.0
2026-09-19 18:02:29,mfsweep_shard0,SPT_SMPT,53,4432.36,24,0,0,630.7,-1.0,-1.0,2,0,85.1,1.4,3626.0,0.0,0.0,0.0
2026-09-19 18:02:29,mfsweep_shard0,SPT_SMPT,53,4432.36,25,0,0,656.9,-1.0,-1.0,2,0,64.6,1.4,3599.7,0.0,0.0,0.0
2026-09-19 18:02:29,mfsweep_shard0,SPT_SMPT,53,4432.36,26,0,0,683.2,-1.0,-1.0,2,0,56.6,1.5,3573.3,0.0,0.0,0.0
2026-09-19 18:02:29,mfsweep_shard0,SPT_SMPT,53,4432.36,27,0,0,709.5,-1.0,-1.0,2,0,56.7,1.6,3547.0,0.0,0.0,0.0
2026-09-19 18:02:29,mfsweep_shard0,SPT_SMPT,53,4432.36,28,0,0,735.8,-1.0,-1.0,2,0,81.5,1.7,3520.6,0.0,0.0,0.0
2026-09-19 18:02:29,mfsweep_shard0,SPT_SMPT,53,4432.36,29,0,0,762.0,-1.0,-1.0,2,0,73.4,1.9,3494.3,0.0,0.0,0.0
2026-09-19 18:02:29,mfsweep_shard0,SPT_SMPT,53,4432.36,30,0,0,788.3,-1.0,-1.0,2,0,80.1,2.0,3467.9,0.0,0.0,0.0
2026-09-19 18:02:29,mfsweep_shard0,SPT_SMPT,53,4432.36,31,0,0,814.6,-1.0,-1.0,2,0,77.6,2.1,3441.5,0.0,0.0,0.0
2026-09-19 18:02:29,mfsweep_shard0,SPT_SMPT,53,4432.36,32,0,0,840.9,-1.0,-1.0,2,0,71.2,1.7,3415.6,0.0,0.0,0.0
2026-09-19 18:02:29,mfsweep_shard0,SPT_SMPT,53,4432.36,33,0,0,867.2,-1.0,-1.0,2,0,85.6,1.4,3389.7,0.0,0.0,0.0
2026-09-19 18:02:29,mfsweep_shard0,SPT_SMPT,53,4432.36,34,0,0,893.4,-1.0,-1.0,2,0,66.0,1.4,3363.4,0.0,0.0,0.0
2026-09-19 18:02:29,mfsweep_shard0,SPT_SMPT,53,4432.36,35,0,0,919.7,-1.0,-1.0,2,0,71.7,1.5,3337.1,0.0,0.0,0.0
2026-09-19 18:02:29,mfsweep_shard0,SPT_SMPT,53,4432.36,36,0,0,946.0,-1.0,-1.0,2,0,80.9,1.5,3310.8,0.0,0.0,0.0
2026-09-19 18:02:29,mfsweep_shard0,SPT_SMPT,53,4432.36,37,0,0,972.3,-1.0,-1.0,2,0,73.9,1.6,3284.5,0.0,0.0,0.0
2026-09-19 18:02:29,mfsweep_shard0,SPT_SMPT,53,4432.36,38,0,0,998.5,-1.0,-1.0,2,0,81.9,1.7,3258.1,0.0,0.0,0.0
2026-09-19 18:02:29,mfsweep_shard0,SPT_SMPT,53,4432.36,39,0,0,1024.8,-1.0,-1.0,2,0,72.6,1.7,3231.8,0.0,0.0,0.0
2026-09-19 18:02:29,mfsweep_shard0,SPT_SMPT,53,4432.36,40,0,0,1051.1,-1.0,-1.0,2,0,76.8,1.8,3205.5,0.0,0.0,0.0
2026-09-19 18:02:29,mfsweep_shard0,SPT_SMPT,53,4432.36,41,0,0,1077.4,-1.0,-1.0,2,0,55.0,1.8,3179.2,0.0,0.0,0.0
2026-09-19 18:02:29,mfsweep_shard0,SPT_SMPT,53,4432.36,42,0,0,1103.7,-1.0,-1.0,2,0,61.0,1.9,3152.9,0.0,0.0,0.0
2026-09-19 18:02:29,mfsweep_shard0,SPT_SMPT,53,4432.36,43,0,0,1129.9,-1.0,-1.0,2,0,63.1,1.9,3126.6,0.0,0.0,0.0
2026-09-19 18:02:29,mfsweep_shard0,SPT_SMPT,53,4432.36,44,0,0,1156.2,-1.0,-1.0,2,0,56.1,2.0,3100.2,0.0,0.0,0.0
2026-09-19 18:02:29,mfsweep_shard0,SPT_SMPT,53,4432.36,45,0,0,1182.5,-1.0,-1.0,2,0,61.2,2.1,3073.9,0.0,0.0,0.0
2026-09-19 18:02:29,mfsweep_shard0,SPT_SMPT,53,4432.36,46,0,0,1208.8,-1.0,-1.0,2,0,56.8,2.1,3047.6,0.0,0.0,0.0
2026-09-19 18:02:29,mfsweep_shard0,SPT_SMPT,53,4432.36,47,0,0,1235.0,-1.0,-1.0,2,0,62.7,2.2,3021.3,0.0,0.0,0.0
2026-09-19 18:02:29,mfsweep_shard0,SPT_SMPT,53,4432.36,48,0,0,1261.3,-1.0,-1.0,2,0,74.5,2.2,2995.0,0.0,0.0,0.0
2026-09-19 18:02:29,mfsweep_shard0,SPT_SMPT,53,4432.36,49,0,0,1287.6,-1.0,-1.0,2,0,65.5,2.3,2968.7,0.0,0.0,0.0
2026-09-19 18:02:29,mfsweep_shard0,SPT_SMPT,53,4432.36,50,0,0,1313.9,-1.0,-1.0,2,0,65.7,2.4,2942.3,0.0,0.0,0.0
2026-09-19 18:02:29,mfsweep_shard0,SPT_SMPT,53,4432.36,51,0,0,1340.2,-1.0,-1.0,2,0,60.4,2.4,2916.0,0.0,0.0,0.0
2026-09-19 18:02:29,mfsweep_shard0,SPT_SMPT,53,4432.36,52,0,0,1366.4,-1.0,-1.0,2,0,62.3,2.5,2889.7,0.0,0.0,0.0
2026-09-19 18:02:29,mfsweep_shard0,SPT_SMPT,53,4432.36,53,0,0,1392.7,-1.0,-1.0,2,0,84.4,2.6,2863.4,0.0,0.0,0.0
2026-09-19 18:02:29,mfsweep_shard0,SPT_SMPT,53,4432.36,54,0,0,1419.0,-1.0,-1.0,2,0,74.9,2.6,2837.1,0.0,0.0,0.0
2026-09-19 18:02:29,mfsweep_shard0,SPT_SMPT,53,4432.36,55,0,0,1445.3,-1.0,-1.0,2,0,73.6,2.7,2810.7,0.0,0.0,0.0
2026-09-19 18:02:29,mfsweep_shard0,SPT_SMPT,53,4432.36,56,0,0,1471.5,-1.0,-1.0,2,0,59.2,1.0,2786.2,0.0,0.0,0.0
2026-09-19 18:02:29,mfsweep_shard0,SPT_SMPT,53,4432.36,57,0,0,1497.8,-1.0,-1.0,2,0,77.6,0.9,1963.6,0.0,0.0,0.0
2026-09-19 18:02:29,mfsweep_shard0,SPT_SMPT,53,4432.36,58,0,0,1524.1,-1.0,-1.0,2,0,58.9,0.9,1937.3,0.0,0.0,0.0
2026-09-19 18:02:29,mfsweep_shard0,SPT_SMPT,53,4432.36,59,0,0,1550.4,-1.0,-1.0,2,0,66.0,1.0,1911.1,0.0,0.0,0.0
2026-09-19 18:02:29,mfsweep_shard0,SPT_SMPT,53,4432.36,60,0,0,1576.6,-1.0,-1.0,2,0,86.2,1.0,1884.8,0.0,0.0,0.0
2026-09-19 18:02:29,mfsweep_shard0,SPT_SMPT,53,4432.36,61,0,0,1602.9,-1.0,-1.0,2,0,74.6,1.0,1858.5,0.0,0.0,0.0
2026-09-19 18:02:29,mfsweep_shard0,SPT_SMPT,53,4432.36,62,0,0,1629.2,-1.0,-1.0,2,0,71.9,1.0,1832.2,0.0,0.0,0.0
2026-09-19 18:02:29,mfsweep_shard0,SPT_SMPT,53,4432.36,63,0,0,1655.5,-1.0,-1.0,2,0,76.1,1.0,1806.0,0.0,0.0,0.0
2026-09-19 18:02:29,mfsweep_shard0,SPT_SMPT,53,4432.36,64,0,0,1681.8,-1.0,-1.0,2,0,81.3,1.1,1779.7,0.0,0.0,0.0
2026-09-19 18:02:29,mfsweep_shard0,SPT_SMPT,53,4432.36,65,0,0,1708.0,-1.0,-1.0,2,0,79.1,1.1,1753.4,0.0,0.0,0.0
2026-09-19 18:02:29,mfsweep_shard0,SPT_SMPT,53,4432.36,66,0,0,1734.3,-1.0,-1.0,2,0,61.1,1.1,1727.1,0.0,0.0,0.0
2026-09-19 18:02:29,mfsweep_shard0,SPT_SMPT,53,4432.36,67,0,0,1760.6,-1.0,-1.0,2,0,54.6,1.1,1700.8,0.0,0.0,0.0
2026-09-19 18:02:29,mfsweep_shard0,SPT_SMPT,53,4432.36,68,0,0,1786.9,-1.0,-1.0,2,0,63.9,1.2,1674.6,0.0,0.0,0.0
2026-09-19 18:02:29,mfsweep_shard0,SPT_SMPT,53,4432.36,69,0,0,1813.1,-1.0,-1.0,2,0,62.3,1.2,1648.3,0.0,0.0,0.0
2026-09-19 18:02:29,mfsweep_shard0,SPT_SMPT,53,4432.36,70,0,0,1839.4,-1.0,-1.0,2,0,60.5,1.2,1622.0,0.0,0.0,0.0
2026-09-19 18:02:29,mfsweep_shard0,SPT_SMPT,53,4432.36,71,0,0,1865.7,-1.0,-1.0,2,0,84.6,1.2,1595.7,0.0,0.0,0.0
2026-09-19 18:02:29,mfsweep_shard0,SPT_SMPT,53,4432.36,72,0,0,1892.0,-1.0,-1.0,2,0,82.4,1.2,1569.5,0.0,0.0,0.0
2026-09-19 18:02:29,mfsweep_shard0,SPT_SMPT,53,4432.36,73,0,0,1918.3,-1.0,-1.0,2,0,63.9,1.2,1543.2,0.0,0.0,0.0
2026-09-19 18:02:29,mfsweep_shard0,SPT_SMPT,53,4432.36,74,0,0,1944.5,-1.0,-1.0,2,0,75.1,1.3,1516.9,0.0,0.0,0.0
2026-09-19 18:02:29,mfsweep_shard0,SPT_SMPT,53,4432.36,75,0,0,1970.8,-1.0,-1.0,2,0,66.6,1.3,1490.6,0.0,0.0,0.0
2026-09-19 18:02:29,mfsweep_shard0,SPT_SMPT,53,4432.36,76,0,0,1997.1,-1.0,-1.0,2,0,83.7,1.3,1464.3,0.0,0.0,0.0
2026-09-19 18:02:29,mfsweep_shard0,SPT_SMPT,53,4432.36,77,0,0,2023.4,-1.0,-1.0,2,0,68.6,1.3,1438.1,0.0,0.0,0.0
2026-09-19 18:02:29,mfsweep_shard0,SPT_SMPT,53,4432.36,78,0,0,2049.6,-1.0,-1.0,2,0,62.2,1.4,1411.8,0.0,0.0,0.0
2026-09-19 18:02:29,mfsweep_shard0,SPT_SMPT,53,4432.36,79,0,0,2075.9,-1.0,-1.0,2,0,61.6,1.4,1385.5,0.0,0.0,0.0
2026-09-19 18:02:29,mfsweep_shard0,SPT_SMPT,53,4432.36,80,0,0,2102.2,-1.0,-1.0,2,0,72.0,1.4,1359.2,0.0,0.0,0.0
2026-09-19 18:02:29,mfsweep_shard0,SPT_SMPT,53,4432.36,81,0,0,2128.5,-1.0,-1.0,2,0,62.2,1.4,1333.0,0.0,0.0,0.0
2026-09-19 18:02:29,mfsweep_shard0,SPT_SMPT,53,4432.36,82,0,0,2154.7,-1.0,-1.0,2,0,72.8,1.4,1306.7,0.0,0.0,0.0
2026-09-19 18:02:29,mfsweep_shard0,SPT_SMPT,53,4432.36,83,0,0,2181.0,-1.0,-1.0,2,0,83.1,1.5,1280.4,0.0,0.0,0.0
2026-09-19 18:02:29,mfsweep_shard0,SPT_SMPT,53,4432.36,84,0,0,2207.3,-1.0,-1.0,2,0,66.7,1.5,1254.1,0.0,0.0,0.0
2026-09-19 18:02:29,mfsweep_shard0,SPT_SMPT,53,4432.36,85,0,0,2233.6,-1.0,-1.0,2,0,60.7,1.5,1227.8,0.0,0.0,0.0
2026-09-19 18:02:29,mfsweep_shard0,SPT_SMPT,53,4432.36,86,0,0,2259.9,-1.0,-1.0,2,0,86.4,1.5,1201.6,0.0,0.0,0.0
2026-09-19 18:02:29,mfsweep_shard0,SPT_SMPT,53,4432.36,87,0,0,2286.1,-1.0,-1.0,2,0,70.3,1.5,1175.3,0.0,0.0,0.0
2026-09-19 18:02:29,mfsweep_shard0,SPT_SMPT,53,4432.36,88,0,0,2312.4,-1.0,-1.0,2,0,56.5,1.5,1149.0,0.0,0.0,0.0
2026-09-19 18:02:29,mfsweep_shard0,SPT_SMPT,53,4432.36,89,0,0,2338.7,-1.0,-1.0,2,0,55.1,1.6,1122.7,0.0,0.0,0.0
2026-09-19 18:02:29,mfsweep_shard0,SPT_SMPT,53,4432.36,90,0,0,2365.0,-1.0,-1.0,2,0,57.1,1.6,1096.5,0.0,0.0,0.0
2026-09-19 18:02:29,mfsweep_shard0,SPT_SMPT,53,4432.36,91,0,0,2391.2,-1.0,-1.0,2,0,74.2,1.6,1070.2,0.0,0.0,0.0
2026-09-19 18:02:29,mfsweep_shard0,SPT_SMPT,53,4432.36,92,0,0,2417.5,-1.0,-1.0,2,0,79.6,1.6,1043.9,0.0,0.0,0.0
2026-09-19 18:02:29,mfsweep_shard0,SPT_SMPT,53,4432.36,93,0,0,2443.8,-1.0,-1.0,2,0,67.4,1.7,1017.6,0.0,0.0,0.0
2026-09-19 18:02:29,mfsweep_shard0,SPT_SMPT,53,4432.36,94,0,0,2470.1,-1.0,-1.0,2,0,55.6,1.7,991.4,0.0,0.0,0.0
2026-09-19 18:02:29,mfsweep_shard0,SPT_SMPT,53,4432.36,95,0,0,2496.4,-1.0,-1.0,2,0,66.1,1.7,965.1,0.0,0.0,0.0
2026-09-19 18:02:29,mfsweep_shard0,SPT_SMPT,53,4432.36,96,0,0,2522.6,-1.0,-1.0,2,0,86.4,1.7,938.8,0.0,0.0,0.0
2026-09-19 18:02:29,mfsweep_shard0,SPT_SMPT,53,4432.36,97,0,0,2548.9,-1.0,-1.0,2,0,71.0,1.7,912.5,0.0,0.0,0.0
2026-09-19 18:02:29,mfsweep_shard0,SPT_SMPT,53,4432.36,98,0,0,2575.2,-1.0,-1.0,2,0,85.6,1.8,886.2,0.0,0.0,0.0
2026-09-19 18:02:29,mfsweep_shard0,SPT_SMPT,53,4432.36,99,0,0,2601.5,-1.0,-1.0,2,0,81.9,1.8,860.0,0.0,0.0,0.0
2026-09-19 18:02:29,mfsweep_shard0,SPT_SMPT,53,4432.36,100,0,0,2627.7,-1.0,-1.0,2,0,53.9,1.8,833.7,0.0,0.0,0.0
2026-09-19 18:02:29,mfsweep_shard0,SPT_SMPT,53,4432.36,101,0,0,2654.0,-1.0,-1.0,2,0,77.3,0.0,0.0,0.0,0.0,0.0
2026-09-19 18:02:29,mfsweep_shard0,SPT_SMPT,53,4432.36,102,0,0,2680.3,-1.0,-1.0,2,0,76.0,0.0,0.0,0.0,0.0,0.0
2026-09-19 18:02:29,mfsweep_shard0,SPT_SMPT,53,4432.36,103,0,0,2706.6,-1.0,-1.0,2,0,71.2,0.0,0.0,0.0,0.0,0.0
2026-09-19 18:02:29,mfsweep_shard0,SPT_SMPT,53,4432.36,104,0,0,2732.9,-1.0,-1.0,2,0,62.3,0.0,0.0,0.0,0.0,0.0
2026-09-19 18:02:29,mfsweep_shard0,SPT_SMPT,53,4432.36,105,0,0,2759.1,-1.0,-1.0,2,0,74.7,0.0,0.0,0.0,0.0,0.0
2026-09-19 18:02:29,mfsweep_shard0,SPT_SMPT,53,4432.36,106,0,0,2785.4,-1.0,-1.0,2,0,57.2,0.0,0.0,0.0,0.0,0.0
2026-09-19 18:02:29,mfsweep_shard0,SPT_SMPT,53,4432.36,107,0,0,2811.7,-1.0,-1.0,2,0,67.9,0.0,0.0,0.0,0.0,0.0
2026-09-19 18:02:29,mfsweep_shard0,SPT_SMPT,53,4432.36,108,0,0,2838.0,-1.0,-1.0,2,0,68.5,0.0,0.0,0.0,0.0,0.0
2026-09-19 18:02:29,mfsweep_shard0,SPT_SMPT,53,4432.36,109,0,0,2864.2,-1.0,-1.0,2,0,85.0,0.0,0.0,0.0,0.0,0.0
2026-09-19 18:02:29,mfsweep_shard0,SPT_SMPT,53,4432.36,110,0,0,2890.5,-1.0,-1.0,2,0,82.4,0.0,0.0,0.0,0.0,0.0
2026-09-19 18:02:29,mfsweep_shard0,SPT_SMPT,53,4432.36,111,0,0,2916.8,-1.0,-1.0,2,0,62.2,0.0,0.0,0.0,0.0,0.0
2026-09-19 18:02:29,mfsweep_shard0,SPT_SMPT,53,4432.36,112,0,0,2943.1,-1.0,-1.0,2,0,70.0,0.0,0.0,0.0,0.0,0.0
2026-09-19 18:02:29,mfsweep_shard0,SPT_SMPT,53,4432.36,113,0,0,2969.3,-1.0,-1.0,2,0,59.4,0.0,0.0,0.0,0.0,0.0
2026-09-19 18:02:29,mfsweep_shard0,SPT_SMPT,53,4432.36,114,0,0,2995.6,-1.0,-1.0,2,0,83.6,0.0,0.0,0.0,0.0,0.0
2026-09-19 18:02:29,mfsweep_shard0,SPT_SMPT,53,4432.36,115,0,0,3021.9,-1.0,-1.0,2,0,82.2,0.0,0.0,0.0,0.0,0.0
2026-09-19 18:02:29,mfsweep_shard0,SPT_SMPT,53,4432.36,116,0,0,3048.2,-1.0,-1.0,2,0,63.4,0.0,0.0,0.0,0.0,0.0
2026-09-19 18:02:29,mfsweep_shard0,SPT_SMPT,53,4432.36,117,0,0,3074.5,-1.0,-1.0,2,0,74.6,0.0,0.0,0.0,0.0,0.0
2026-09-19 18:02:29,mfsweep_shard0,SPT_SMPT,53,4432.36,118,0,0,3100.7,-1.0,-1.0,2,0,73.6,0.0,0.0,0.0,0.0,0.0
2026-09-19 18:02:29,mfsweep_shard0,SPT_SMPT,53,4432.36,119,0,0,3127.0,-1.0,-1.0,2,0,58.5,0.0,0.0,0.0,0.0,0.0
2026-09-19 18:02:29,mfsweep_shard0,SPT_SMPT,53,4432.36,120,0,0,3153.3,-1.0,-1.0,2,0,78.7,0.0,0.0,0.0,0.0,0.0
2026-09-19 18:02:29,mfsweep_shard0,SPT_SMPT,53,4432.36,121,0,0,3179.6,-1.0,-1.0,2,0,71.3,0.0,0.0,0.0,0.0,0.0
2026-09-19 18:02:29,mfsweep_shard0,SPT_SMPT,53,4432.36,122,0,0,3205.8,-1.0,-1.0,2,0,79.2,0.0,0.0,0.0,0.0,0.0
2026-09-19 18:02:29,mfsweep_shard0,SPT_SMPT,53,4432.36,123,0,0,3232.1,-1.0,-1.0,2,0,71.0,0.0,0.0,0.0,0.0,0.0
2026-09-19 18:02:29,mfsweep_shard0,SPT_SMPT,53,4432.36,124,0,0,3258.4,-1.0,-1.0,2,0,53.5,0.0,0.0,0.0,0.0,0.0
2026-09-19 18:02:29,mfsweep_shard0,SPT_SMPT,53,4432.36,125,0,0,3284.7,-1.0,-1.0,2,0,64.2,0.0,0.0,0.0,0.0,0.0
2026-09-19 18:02:29,mfsweep_shard0,SPT_SMPT,53,4432.36,126,0,0,3311.0,-1.0,-1.0,2,0,54.1,0.0,0.0,0.0,0.0,0.0
2026-09-19 18:02:29,mfsweep_shard0,SPT_SMPT,53,4432.36,127,0,0,3337.2,-1.0,-1.0,2,0,84.2,0.0,0.0,0.0,0.0,0.0
2026-09-19 18:02:29,mfsweep_shard0,SPT_SMPT,53,4432.36,128,0,0,3363.5,-1.0,-1.0,2,0,82.5,0.0,0.0,0.0,0.0,0.0
2026-09-19 18:02:29,mfsweep_shard0,SPT_SMPT,53,4432.36,129,0,0,3389.8,-1.0,-1.0,2,0,80.9,0.0,0.0,0.0,0.0,0.0
2026-09-19 18:02:29,mfsweep_shard0,SPT_SMPT,53,4432.36,130,0,0,3416.1,-1.0,-1.0,2,0,63.7,0.0,0.0,0.0,0.0,0.0
2026-09-19 18:02:29,mfsweep_shard0,SPT_SMPT,53,4432.36,131,0,0,3442.3,-1.0,-1.0,2,0,55.4,0.0,0.0,0.0,0.0,0.0
2026-09-19 18:02:29,mfsweep_shard0,SPT_SMPT,53,4432.36,132,0,0,3468.6,-1.0,-1.0,2,0,82.5,0.0,0.0,0.0,0.0,0.0
2026-09-19 18:02:29,mfsweep_shard0,SPT_SMPT,53,4432.36,133,0,0,3494.9,-1.0,-1.0,2,0,84.8,0.0,0.0,0.0,0.0,0.0
2026-09-19 18:02:29,mfsweep_shard0,SPT_SMPT,53,4432.36,134,0,0,3521.2,-1.0,-1.0,2,0,56.3,0.0,0.0,0.0,0.0,0.0
2026-09-19 18:02:29,mfsweep_shard0,SPT_SMPT,53,4432.36,135,0,0,3547.5,-1.0,-1.0,2,0,69.5,0.0,0.0,0.0,0.0,0.0
2026-09-19 18:02:29,mfsweep_shard0,SPT_SMPT,53,4432.36,136,0,0,3573.7,-1.0,-1.0,2,0,55.8,0.0,0.0,0.0,0.0,0.0
2026-09-19 18:06:18,mfsweep_shard0,SPT_SMPT,54,5994.78,0,0,1,0.0,272.9,272.9,2,2,74.6,0.0,68.6,129.7,0.0,74.6
2026-09-19 18:06:18,mfsweep_shard0,SPT_SMPT,54,5994.78,1,0,1,26.3,338.1,311.9,2,2,54.4,0.0,98.4,150.7,8.3,54.4
2026-09-19 18:06:18,mfsweep_shard0,SPT_SMPT,54,5994.78,2,0,0,52.6,-1.0,-1.0,2,2,62.6,0.0,5346.8,262.4,123.0,62.6
2026-09-19 18:06:18,mfsweep_shard0,SPT_SMPT,54,5994.78,3,0,1,78.8,415.0,336.1,2,2,60.9,0.0,110.2,133.9,31.1,60.9
2026-09-19 18:06:18,mfsweep_shard0,SPT_SMPT,54,5994.78,4,0,0,105.1,-1.0,-1.0,2,2,77.8,0.0,5475.4,49.3,237.3,77.8
2026-09-19 18:06:18,mfsweep_shard0,SPT_SMPT,54,5994.78,5,0,0,131.4,-1.0,-1.0,2,2,75.9,0.0,5473.6,57.9,107.9,75.9
2026-09-19 18:06:18,mfsweep_shard0,SPT_SMPT,54,5994.78,6,0,0,157.7,-1.0,-1.0,2,2,83.0,0.0,5145.9,288.3,219.0,103.7
2026-09-19 18:06:18,mfsweep_shard0,SPT_SMPT,54,5994.78,7,0,0,183.9,-1.0,-1.0,2,2,56.4,0.0,5602.4,65.7,25.9,56.4
2026-09-19 18:06:18,mfsweep_shard0,SPT_SMPT,54,5994.78,8,0,0,210.2,-1.0,-1.0,2,1,67.4,0.1,5218.3,408.7,0.0,15.0
2026-09-19 18:06:18,mfsweep_shard0,SPT_SMPT,54,5994.78,9,0,0,236.5,-1.0,-1.0,2,2,54.5,0.0,5123.1,451.0,60.0,54.5
2026-09-19 18:06:18,mfsweep_shard0,SPT_SMPT,54,5994.78,10,0,0,262.8,-1.0,-1.0,2,1,60.7,0.3,5511.2,63.0,0.0,15.0
2026-09-19 18:06:18,mfsweep_shard0,SPT_SMPT,54,5994.78,11,0,0,289.1,-1.0,-1.0,2,1,70.2,0.7,5152.5,395.1,0.0,15.0
2026-09-19 18:06:18,mfsweep_shard0,SPT_SMPT,54,5994.78,12,0,0,315.3,-1.0,-1.0,2,1,54.4,1.0,5146.3,374.7,0.0,15.0
2026-09-19 18:06:18,mfsweep_shard0,SPT_SMPT,54,5994.78,13,0,0,341.6,-1.0,-1.0,2,0,60.1,0.1,5375.8,275.7,0.0,0.0
2026-09-19 18:06:18,mfsweep_shard0,SPT_SMPT,54,5994.78,14,0,0,367.9,-1.0,-1.0,2,0,75.0,0.3,5403.6,221.5,0.0,0.0
2026-09-19 18:06:18,mfsweep_shard0,SPT_SMPT,54,5994.78,15,0,0,394.2,-1.0,-1.0,2,0,71.5,0.6,5395.8,202.7,0.0,0.0
2026-09-19 18:06:18,mfsweep_shard0,SPT_SMPT,54,5994.78,16,0,0,420.4,-1.0,-1.0,2,0,60.8,0.6,5572.3,0.0,0.0,0.0
2026-09-19 18:06:18,mfsweep_shard0,SPT_SMPT,54,5994.78,17,0,0,446.7,-1.0,-1.0,2,0,73.0,0.6,5277.8,0.0,0.0,0.0
2026-09-19 18:06:18,mfsweep_shard0,SPT_SMPT,54,5994.78,18,0,0,473.0,-1.0,-1.0,2,0,80.2,0.5,5251.7,0.0,0.0,0.0
2026-09-19 18:06:18,mfsweep_shard0,SPT_SMPT,54,5994.78,19,0,0,499.3,-1.0,-1.0,2,0,53.7,0.6,5225.3,0.0,0.0,0.0
2026-09-19 18:06:18,mfsweep_shard0,SPT_SMPT,54,5994.78,20,0,0,525.6,-1.0,-1.0,2,0,80.1,0.7,5198.9,0.0,0.0,0.0
2026-09-19 18:06:18,mfsweep_shard0,SPT_SMPT,54,5994.78,21,0,0,551.8,-1.0,-1.0,2,0,76.5,0.8,5172.6,0.0,0.0,0.0
2026-09-19 18:06:18,mfsweep_shard0,SPT_SMPT,54,5994.78,22,0,0,578.1,-1.0,-1.0,2,0,64.7,0.9,5146.2,0.0,0.0,0.0
2026-09-19 18:06:18,mfsweep_shard0,SPT_SMPT,54,5994.78,23,0,0,604.4,-1.0,-1.0,2,0,58.6,1.0,5119.9,0.0,0.0,0.0
2026-09-19 18:06:18,mfsweep_shard0,SPT_SMPT,54,5994.78,24,0,0,630.7,-1.0,-1.0,2,0,85.1,1.1,5093.5,0.0,0.0,0.0
2026-09-19 18:06:18,mfsweep_shard0,SPT_SMPT,54,5994.78,25,0,0,656.9,-1.0,-1.0,2,0,64.6,1.2,5067.2,0.0,0.0,0.0
2026-09-19 18:06:18,mfsweep_shard0,SPT_SMPT,54,5994.78,26,0,0,683.2,-1.0,-1.0,2,0,56.6,1.3,5040.8,0.0,0.0,0.0
2026-09-19 18:06:18,mfsweep_shard0,SPT_SMPT,54,5994.78,27,0,0,709.5,-1.0,-1.0,2,0,56.7,1.4,5014.4,0.0,0.0,0.0
2026-09-19 18:06:18,mfsweep_shard0,SPT_SMPT,54,5994.78,28,0,0,735.8,-1.0,-1.0,2,0,81.5,1.5,4988.1,0.0,0.0,0.0
2026-09-19 18:06:18,mfsweep_shard0,SPT_SMPT,54,5994.78,29,0,0,762.0,-1.0,-1.0,2,0,73.4,1.6,4961.7,0.0,0.0,0.0
2026-09-19 18:06:18,mfsweep_shard0,SPT_SMPT,54,5994.78,30,0,0,788.3,-1.0,-1.0,2,0,80.1,1.7,4935.4,0.0,0.0,0.0
2026-09-19 18:06:18,mfsweep_shard0,SPT_SMPT,54,5994.78,31,0,0,814.6,-1.0,-1.0,2,0,77.6,1.8,4909.0,0.0,0.0,0.0
2026-09-19 18:06:18,mfsweep_shard0,SPT_SMPT,54,5994.78,32,0,0,840.9,-1.0,-1.0,2,0,71.2,1.9,4882.6,0.0,0.0,0.0
2026-09-19 18:06:18,mfsweep_shard0,SPT_SMPT,54,5994.78,33,0,0,867.2,-1.0,-1.0,2,0,85.6,2.0,4856.3,0.0,0.0,0.0
2026-09-19 18:06:18,mfsweep_shard0,SPT_SMPT,54,5994.78,34,0,0,893.4,-1.0,-1.0,2,0,66.0,2.1,4829.9,0.0,0.0,0.0
2026-09-19 18:06:18,mfsweep_shard0,SPT_SMPT,54,5994.78,35,0,0,919.7,-1.0,-1.0,2,0,71.7,2.2,4803.6,0.0,0.0,0.0
2026-09-19 18:06:18,mfsweep_shard0,SPT_SMPT,54,5994.78,36,0,0,946.0,-1.0,-1.0,2,0,80.9,2.3,4777.2,0.0,0.0,0.0
2026-09-19 18:06:18,mfsweep_shard0,SPT_SMPT,54,5994.78,37,0,0,972.3,-1.0,-1.0,2,0,73.9,2.4,4750.9,0.0,0.0,0.0
2026-09-19 18:06:18,mfsweep_shard0,SPT_SMPT,54,5994.78,38,0,0,998.5,-1.0,-1.0,2,0,81.9,2.5,4724.5,0.0,0.0,0.0
2026-09-19 18:06:18,mfsweep_shard0,SPT_SMPT,54,5994.78,39,0,0,1024.8,-1.0,-1.0,2,0,72.6,2.6,4698.1,0.0,0.0,0.0
2026-09-19 18:06:18,mfsweep_shard0,SPT_SMPT,54,5994.78,40,0,0,1051.1,-1.0,-1.0,2,0,76.8,2.7,4671.8,0.0,0.0,0.0
2026-09-19 18:06:18,mfsweep_shard0,SPT_SMPT,54,5994.78,41,0,0,1077.4,-1.0,-1.0,2,0,55.0,2.8,4645.4,0.0,0.0,0.0
2026-09-19 18:06:18,mfsweep_shard0,SPT_SMPT,54,5994.78,42,0,0,1103.7,-1.0,-1.0,2,0,61.0,2.9,4619.1,0.0,0.0,0.0
2026-09-19 18:06:18,mfsweep_shard0,SPT_SMPT,54,5994.78,43,0,0,1129.9,-1.0,-1.0,2,0,63.1,3.0,4592.7,0.0,0.0,0.0
2026-09-19 18:06:18,mfsweep_shard0,SPT_SMPT,54,5994.78,44,0,0,1156.2,-1.0,-1.0,2,0,56.1,3.1,4566.4,0.0,0.0,0.0
2026-09-19 18:06:18,mfsweep_shard0,SPT_SMPT,54,5994.78,45,0,0,1182.5,-1.0,-1.0,2,0,61.2,3.2,4540.0,0.0,0.0,0.0
2026-09-19 18:06:18,mfsweep_shard0,SPT_SMPT,54,5994.78,46,0,0,1208.8,-1.0,-1.0,2,0,56.8,3.3,4513.6,0.0,0.0,0.0
2026-09-19 18:06:18,mfsweep_shard0,SPT_SMPT,54,5994.78,47,0,0,1235.0,-1.0,-1.0,2,0,62.7,3.4,4487.3,0.0,0.0,0.0
2026-09-19 18:06:18,mfsweep_shard0,SPT_SMPT,54,5994.78,48,0,0,1261.3,-1.0,-1.0,2,0,74.5,3.5,4460.9,0.0,0.0,0.0
2026-09-19 18:06:18,mfsweep_shard0,SPT_SMPT,54,5994.78,49,0,0,1287.6,-1.0,-1.0,2,0,65.5,3.6,4434.6,0.0,0.0,0.0
2026-09-19 18:06:18,mfsweep_shard0,SPT_SMPT,54,5994.78,50,0,0,1313.9,-1.0,-1.0,2,0,65.7,3.7,4408.2,0.0,0.0,0.0
2026-09-19 18:06:18,mfsweep_shard0,SPT_SMPT,54,5994.78,51,0,0,1340.2,-1.0,-1.0,2,0,60.4,3.8,4381.9,0.0,0.0,0.0
2026-09-19 18:06:18,mfsweep_shard0,SPT_SMPT,54,5994.78,52,0,0,1366.4,-1.0,-1.0,2,0,62.3,3.9,4355.5,0.0,0.0,0.0
2026-09-19 18:06:18,mfsweep_shard0,SPT_SMPT,54,5994.78,53,0,0,1392.7,-1.0,-1.0,2,0,84.4,4.0,4329.1,0.0,0.0,0.0
2026-09-19 18:06:18,mfsweep_shard0,SPT_SMPT,54,5994.78,54,0,0,1419.0,-1.0,-1.0,2,0,74.9,4.1,4302.8,0.0,0.0,0.0
2026-09-19 18:06:18,mfsweep_shard0,SPT_SMPT,54,5994.78,55,0,0,1445.3,-1.0,-1.0,2,0,73.6,4.2,4276.4,0.0,0.0,0.0
2026-09-19 18:06:18,mfsweep_shard0,SPT_SMPT,54,5994.78,56,0,0,1471.5,-1.0,-1.0,2,0,59.2,4.3,4250.1,0.0,0.0,0.0
2026-09-19 18:06:18,mfsweep_shard0,SPT_SMPT,54,5994.78,57,0,0,1497.8,-1.0,-1.0,2,0,77.6,4.4,4223.7,0.0,0.0,0.0
2026-09-19 18:06:18,mfsweep_shard0,SPT_SMPT,54,5994.78,58,0,0,1524.1,-1.0,-1.0,2,0,58.9,4.5,4197.4,0.0,0.0,0.0
2026-09-19 18:06:18,mfsweep_shard0,SPT_SMPT,54,5994.78,59,0,0,1550.4,-1.0,-1.0,2,0,66.0,4.6,4171.0,0.0,0.0,0.0
2026-09-19 18:06:18,mfsweep_shard0,SPT_SMPT,54,5994.78,60,0,0,1576.6,-1.0,-1.0,2,0,86.2,4.7,4144.6,0.0,0.0,0.0
2026-09-19 18:06:18,mfsweep_shard0,SPT_SMPT,54,5994.78,61,0,0,1602.9,-1.0,-1.0,2,0,74.6,4.8,4118.3,0.0,0.0,0.0
2026-09-19 18:06:18,mfsweep_shard0,SPT_SMPT,54,5994.78,62,0,0,1629.2,-1.0,-1.0,2,0,71.9,4.0,4092.9,0.0,0.0,0.0
2026-09-19 18:06:18,mfsweep_shard0,SPT_SMPT,54,5994.78,63,0,0,1655.5,-1.0,-1.0,2,0,76.1,4.0,4066.6,0.0,0.0,0.0
2026-09-19 18:06:18,mfsweep_shard0,SPT_SMPT,54,5994.78,64,0,0,1681.8,-1.0,-1.0,2,0,81.3,3.1,4041.3,0.0,0.0,0.0
2026-09-19 18:06:18,mfsweep_shard0,SPT_SMPT,54,5994.78,65,0,0,1708.0,-1.0,-1.0,2,0,79.1,3.1,4014.9,0.0,0.0,0.0
2026-09-19 18:06:18,mfsweep_shard0,SPT_SMPT,54,5994.78,66,0,0,1734.3,-1.0,-1.0,2,0,61.1,3.2,3988.6,0.0,0.0,0.0
2026-09-19 18:06:18,mfsweep_shard0,SPT_SMPT,54,5994.78,67,0,0,1760.6,-1.0,-1.0,2,0,54.6,3.3,3962.3,0.0,0.0,0.0
2026-09-19 18:06:18,mfsweep_shard0,SPT_SMPT,54,5994.78,68,0,0,1786.9,-1.0,-1.0,2,0,63.9,3.3,3936.0,0.0,0.0,0.0
2026-09-19 18:06:18,mfsweep_shard0,SPT_SMPT,54,5994.78,69,0,0,1813.1,-1.0,-1.0,2,0,62.3,3.4,3909.7,0.0,0.0,0.0
2026-09-19 18:06:18,mfsweep_shard0,SPT_SMPT,54,5994.78,70,0,0,1839.4,-1.0,-1.0,2,0,60.5,3.5,3883.3,0.0,0.0,0.0
2026-09-19 18:06:18,mfsweep_shard0,SPT_SMPT,54,5994.78,71,0,0,1865.7,-1.0,-1.0,2,0,84.6,3.5,3857.0,0.0,0.0,0.0
2026-09-19 18:06:18,mfsweep_shard0,SPT_SMPT,54,5994.78,72,0,0,1892.0,-1.0,-1.0,2,0,82.4,3.6,3830.7,0.0,0.0,0.0
2026-09-19 18:06:18,mfsweep_shard0,SPT_SMPT,54,5994.78,73,0,0,1918.3,-1.0,-1.0,2,0,63.9,3.6,3804.4,0.0,0.0,0.0
2026-09-19 18:06:18,mfsweep_shard0,SPT_SMPT,54,5994.78,74,0,0,1944.5,-1.0,-1.0,2,0,75.1,3.7,3778.1,0.0,0.0,0.0
2026-09-19 18:06:18,mfsweep_shard0,SPT_SMPT,54,5994.78,75,0,0,1970.8,-1.0,-1.0,2,0,66.6,3.8,3751.8,0.0,0.0,0.0
2026-09-19 18:06:18,mfsweep_shard0,SPT_SMPT,54,5994.78,76,0,0,1997.1,-1.0,-1.0,2,0,83.7,3.8,3725.4,0.0,0.0,0.0
2026-09-19 18:06:18,mfsweep_shard0,SPT_SMPT,54,5994.78,77,0,0,2023.4,-1.0,-1.0,2,0,68.6,3.9,3699.1,0.0,0.0,0.0
2026-09-19 18:06:18,mfsweep_shard0,SPT_SMPT,54,5994.78,78,0,0,2049.6,-1.0,-1.0,2,0,62.2,3.9,3672.8,0.0,0.0,0.0
2026-09-19 18:06:18,mfsweep_shard0,SPT_SMPT,54,5994.78,79,0,0,2075.9,-1.0,-1.0,2,0,61.6,4.0,3646.5,0.0,0.0,0.0
2026-09-19 18:06:18,mfsweep_shard0,SPT_SMPT,54,5994.78,80,0,0,2102.2,-1.0,-1.0,2,0,72.0,4.0,3620.2,0.0,0.0,0.0
2026-09-19 18:06:18,mfsweep_shard0,SPT_SMPT,54,5994.78,81,0,0,2128.5,-1.0,-1.0,2,0,62.2,4.1,3593.9,0.0,0.0,0.0
2026-09-19 18:06:18,mfsweep_shard0,SPT_SMPT,54,5994.78,82,0,0,2154.7,-1.0,-1.0,2,0,72.8,4.2,3567.5,0.0,0.0,0.0
2026-09-19 18:06:18,mfsweep_shard0,SPT_SMPT,54,5994.78,83,0,0,2181.0,-1.0,-1.0,2,0,83.1,4.2,3541.2,0.0,0.0,0.0
2026-09-19 18:06:18,mfsweep_shard0,SPT_SMPT,54,5994.78,84,0,0,2207.3,-1.0,-1.0,2,0,66.7,4.3,3514.9,0.0,0.0,0.0
2026-09-19 18:06:18,mfsweep_shard0,SPT_SMPT,54,5994.78,85,0,0,2233.6,-1.0,-1.0,2,0,60.7,4.4,3488.6,0.0,0.0,0.0
2026-09-19 18:06:18,mfsweep_shard0,SPT_SMPT,54,5994.78,86,0,0,2259.9,-1.0,-1.0,2,0,86.4,4.4,3462.3,0.0,0.0,0.0
2026-09-19 18:06:18,mfsweep_shard0,SPT_SMPT,54,5994.78,87,0,0,2286.1,-1.0,-1.0,2,0,70.3,4.5,3436.0,0.0,0.0,0.0
2026-09-19 18:06:18,mfsweep_shard0,SPT_SMPT,54,5994.78,88,0,0,2312.4,-1.0,-1.0,2,0,56.5,4.5,3409.6,0.0,0.0,0.0
2026-09-19 18:06:18,mfsweep_shard0,SPT_SMPT,54,5994.78,89,0,0,2338.7,-1.0,-1.0,2,0,55.1,4.6,3383.3,0.0,0.0,0.0
2026-09-19 18:06:18,mfsweep_shard0,SPT_SMPT,54,5994.78,90,0,0,2365.0,-1.0,-1.0,2,0,57.1,4.7,3357.0,0.0,0.0,0.0
2026-09-19 18:06:18,mfsweep_shard0,SPT_SMPT,54,5994.78,91,0,0,2391.2,-1.0,-1.0,2,0,74.2,4.7,3330.7,0.0,0.0,0.0
2026-09-19 18:06:18,mfsweep_shard0,SPT_SMPT,54,5994.78,92,0,0,2417.5,-1.0,-1.0,2,0,79.6,4.8,3304.4,0.0,0.0,0.0
2026-09-19 18:06:18,mfsweep_shard0,SPT_SMPT,54,5994.78,93,0,0,2443.8,-1.0,-1.0,2,0,67.4,4.8,3278.0,0.0,0.0,0.0
2026-09-19 18:06:18,mfsweep_shard0,SPT_SMPT,54,5994.78,94,0,0,2470.1,-1.0,-1.0,2,0,55.6,4.9,3251.7,0.0,0.0,0.0
2026-09-19 18:06:18,mfsweep_shard0,SPT_SMPT,54,5994.78,95,0,0,2496.4,-1.0,-1.0,2,0,66.1,4.9,3225.4,0.0,0.0,0.0
2026-09-19 18:06:18,mfsweep_shard0,SPT_SMPT,54,5994.78,96,0,0,2522.6,-1.0,-1.0,2,0,86.4,5.0,3199.1,0.0,0.0,0.0
2026-09-19 18:06:18,mfsweep_shard0,SPT_SMPT,54,5994.78,97,0,0,2548.9,-1.0,-1.0,2,0,71.0,5.1,3172.8,0.0,0.0,0.0
2026-09-19 18:06:18,mfsweep_shard0,SPT_SMPT,54,5994.78,98,0,0,2575.2,-1.0,-1.0,2,0,85.6,5.1,3146.5,0.0,0.0,0.0
2026-09-19 18:06:18,mfsweep_shard0,SPT_SMPT,54,5994.78,99,0,0,2601.5,-1.0,-1.0,2,0,81.9,5.2,3120.1,0.0,0.0,0.0
2026-09-19 18:06:18,mfsweep_shard0,SPT_SMPT,54,5994.78,100,0,0,2627.7,-1.0,-1.0,2,0,53.9,5.3,3093.8,0.0,0.0,0.0
2026-09-19 18:06:18,mfsweep_shard0,SPT_SMPT,54,5994.78,101,0,0,2654.0,-1.0,-1.0,2,0,77.3,5.3,3067.5,0.0,0.0,0.0
2026-09-19 18:06:18,mfsweep_shard0,SPT_SMPT,54,5994.78,102,0,0,2680.3,-1.0,-1.0,2,0,76.0,5.4,3041.2,0.0,0.0,0.0
2026-09-19 18:06:18,mfsweep_shard0,SPT_SMPT,54,5994.78,103,0,0,2706.6,-1.0,-1.0,2,0,71.2,5.4,3014.9,0.0,0.0,0.0
2026-09-19 18:06:18,mfsweep_shard0,SPT_SMPT,54,5994.78,104,0,0,2732.9,-1.0,-1.0,2,0,62.3,5.5,2988.6,0.0,0.0,0.0
2026-09-19 18:06:18,mfsweep_shard0,SPT_SMPT,54,5994.78,105,0,0,2759.1,-1.0,-1.0,2,0,74.7,5.6,2962.2,0.0,0.0,0.0
2026-09-19 18:06:18,mfsweep_shard0,SPT_SMPT,54,5994.78,106,0,0,2785.4,-1.0,-1.0,2,0,57.2,5.6,2935.9,0.0,0.0,0.0
2026-09-19 18:06:18,mfsweep_shard0,SPT_SMPT,54,5994.78,107,0,0,2811.7,-1.0,-1.0,2,0,67.9,5.7,2909.6,0.0,0.0,0.0
2026-09-19 18:06:18,mfsweep_shard0,SPT_SMPT,54,5994.78,108,0,0,2838.0,-1.0,-1.0,2,0,68.5,5.7,2883.3,0.0,0.0,0.0
2026-09-19 18:06:18,mfsweep_shard0,SPT_SMPT,54,5994.78,109,0,0,2864.2,-1.0,-1.0,2,0,85.0,5.8,2857.0,0.0,0.0,0.0
2026-09-19 18:06:18,mfsweep_shard0,SPT_SMPT,54,5994.78,110,0,0,2890.5,-1.0,-1.0,2,0,82.4,5.8,2830.7,0.0,0.0,0.0
2026-09-19 18:06:18,mfsweep_shard0,SPT_SMPT,54,5994.78,111,0,0,2916.8,-1.0,-1.0,2,0,62.2,5.9,2804.3,0.0,0.0,0.0
2026-09-19 18:06:18,mfsweep_shard0,SPT_SMPT,54,5994.78,112,0,0,2943.1,-1.0,-1.0,2,0,70.0,6.0,2778.0,0.0,0.0,0.0
2026-09-19 18:06:18,mfsweep_shard0,SPT_SMPT,54,5994.78,113,0,0,2969.3,-1.0,-1.0,2,0,59.4,6.0,2751.7,0.0,0.0,0.0
2026-09-19 18:06:18,mfsweep_shard0,SPT_SMPT,54,5994.78,114,0,0,2995.6,-1.0,-1.0,2,0,83.6,6.1,2725.4,0.0,0.0,0.0
2026-09-19 18:06:18,mfsweep_shard0,SPT_SMPT,54,5994.78,115,0,0,3021.9,-1.0,-1.0,2,0,82.2,6.2,2699.1,0.0,0.0,0.0
2026-09-19 18:06:18,mfsweep_shard0,SPT_SMPT,54,5994.78,116,0,0,3048.2,-1.0,-1.0,2,0,63.4,6.2,2672.7,0.0,0.0,0.0
2026-09-19 18:06:18,mfsweep_shard0,SPT_SMPT,54,5994.78,117,0,0,3074.5,-1.0,-1.0,2,0,74.6,6.3,2646.4,0.0,0.0,0.0
2026-09-19 18:06:18,mfsweep_shard0,SPT_SMPT,54,5994.78,118,0,0,3100.7,-1.0,-1.0,2,0,73.6,6.3,2620.1,0.0,0.0,0.0
2026-09-19 18:06:18,mfsweep_shard0,SPT_SMPT,54,5994.78,119,0,0,3127.0,-1.0,-1.0,2,0,58.5,6.4,2593.8,0.0,0.0,0.0
2026-09-19 18:06:18,mfsweep_shard0,SPT_SMPT,54,5994.78,120,0,0,3153.3,-1.0,-1.0,2,0,78.7,6.5,2567.5,0.0,0.0,0.0
2026-09-19 18:06:18,mfsweep_shard0,SPT_SMPT,54,5994.78,121,0,0,3179.6,-1.0,-1.0,2,0,71.3,6.5,2541.2,0.0,0.0,0.0
2026-09-19 18:06:18,mfsweep_shard0,SPT_SMPT,54,5994.78,122,0,0,3205.8,-1.0,-1.0,2,0,79.2,6.6,2514.8,0.0,0.0,0.0
2026-09-19 18:06:18,mfsweep_shard0,SPT_SMPT,54,5994.78,123,0,0,3232.1,-1.0,-1.0,2,0,71.0,6.6,2488.5,0.0,0.0,0.0
2026-09-19 18:06:18,mfsweep_shard0,SPT_SMPT,54,5994.78,124,0,0,3258.4,-1.0,-1.0,2,0,53.5,6.7,2462.2,0.0,0.0,0.0
2026-09-19 18:06:18,mfsweep_shard0,SPT_SMPT,54,5994.78,125,0,0,3284.7,-1.0,-1.0,2,0,64.2,6.7,2435.9,0.0,0.0,0.0
2026-09-19 18:06:18,mfsweep_shard0,SPT_SMPT,54,5994.78,126,0,0,3311.0,-1.0,-1.0,2,0,54.1,6.8,2409.6,0.0,0.0,0.0
2026-09-19 18:06:18,mfsweep_shard0,SPT_SMPT,54,5994.78,127,0,0,3337.2,-1.0,-1.0,2,0,84.2,6.9,2383.3,0.0,0.0,0.0
2026-09-19 18:06:18,mfsweep_shard0,SPT_SMPT,54,5994.78,128,0,0,3363.5,-1.0,-1.0,2,0,82.5,6.9,2356.9,0.0,0.0,0.0
2026-09-19 18:06:18,mfsweep_shard0,SPT_SMPT,54,5994.78,129,0,0,3389.8,-1.0,-1.0,2,0,80.9,7.0,2330.6,0.0,0.0,0.0
2026-09-19 18:06:18,mfsweep_shard0,SPT_SMPT,54,5994.78,130,0,0,3416.1,-1.0,-1.0,2,0,63.7,7.1,2304.3,0.0,0.0,0.0
2026-09-19 18:06:18,mfsweep_shard0,SPT_SMPT,54,5994.78,131,0,0,3442.3,-1.0,-1.0,2,0,55.4,7.1,2278.0,0.0,0.0,0.0
2026-09-19 18:06:18,mfsweep_shard0,SPT_SMPT,54,5994.78,132,0,0,3468.6,-1.0,-1.0,2,0,82.5,7.2,2251.7,0.0,0.0,0.0
2026-09-19 18:06:18,mfsweep_shard0,SPT_SMPT,54,5994.78,133,0,0,3494.9,-1.0,-1.0,2,0,84.8,7.2,2225.4,0.0,0.0,0.0
2026-09-19 18:06:18,mfsweep_shard0,SPT_SMPT,54,5994.78,134,0,0,3521.2,-1.0,-1.0,2,0,56.3,7.3,2199.0,0.0,0.0,0.0
2026-09-19 18:06:18,mfsweep_shard0,SPT_SMPT,54,5994.78,135,0,0,3547.5,-1.0,-1.0,2,0,69.5,7.3,2172.7,0.0,0.0,0.0
2026-09-19 18:06:18,mfsweep_shard0,SPT_SMPT,54,5994.78,136,0,0,3573.7,-1.0,-1.0,2,0,55.8,7.4,2146.4,0.0,0.0,0.0
2026-09-19 18:09:28,mfsweep_shard0,SPT_SMPT,55,4984.46,0,0,1,0.0,232.9,232.9,2,2,74.6,0.0,74.0,84.2,0.0,74.6
2026-09-19 18:09:28,mfsweep_shard0,SPT_SMPT,55,4984.46,1,0,1,26.3,283.4,257.1,2,2,54.4,0.0,88.2,93.6,20.9,54.4
2026-09-19 18:09:28,mfsweep_shard0,SPT_SMPT,55,4984.46,2,0,0,52.6,-1.0,-1.0,2,2,62.6,0.0,4582.5,42.8,84.6,62.6
2026-09-19 18:09:28,mfsweep_shard0,SPT_SMPT,55,4984.46,3,0,0,78.8,-1.0,-1.0,2,2,60.9,0.0,4415.2,278.2,10.2,60.9
2026-09-19 18:09:28,mfsweep_shard0,SPT_SMPT,55,4984.46,4,0,0,105.1,-1.0,-1.0,2,2,77.8,0.0,4578.2,56.3,89.7,77.8
2026-09-19 18:09:28,mfsweep_shard0,SPT_SMPT,55,4984.46,5,0,0,131.4,-1.0,-1.0,2,2,75.9,0.0,4382.4,254.9,22.5,90.5
2026-09-19 18:09:28,mfsweep_shard0,SPT_SMPT,55,4984.46,6,0,0,157.7,-1.0,-1.0,2,2,83.0,0.1,4592.1,66.1,2.7,83.0
2026-09-19 18:09:28,mfsweep_shard0,SPT_SMPT,55,4984.46,7,0,0,183.9,-1.0,-1.0,2,2,56.4,0.0,4080.4,610.9,0.0,56.4
2026-09-19 18:09:28,mfsweep_shard0,SPT_SMPT,55,4984.46,8,0,0,210.2,-1.0,-1.0,2,1,67.4,0.2,4694.9,37.3,0.0,15.0
2026-09-19 18:09:28,mfsweep_shard0,SPT_SMPT,55,4984.46,9,0,0,236.5,-1.0,-1.0,2,1,54.5,0.3,4417.6,41.2,4.3,15.0
2026-09-19 18:09:28,mfsweep_shard0,SPT_SMPT,55,4984.46,10,0,0,262.8,-1.0,-1.0,2,1,60.7,0.4,4208.8,227.9,0.0,15.0
2026-09-19 18:09:28,mfsweep_shard0,SPT_SMPT,55,4984.46,11,0,0,289.1,-1.0,-1.0,2,0,70.2,0.0,3073.2,1535.7,0.0,0.0
2026-09-19 18:09:28,mfsweep_shard0,SPT_SMPT,55,4984.46,12,0,0,315.3,-1.0,-1.0,2,0,54.4,0.1,3597.5,900.9,0.0,0.0
2026-09-19 18:09:28,mfsweep_shard0,SPT_SMPT,55,4984.46,13,0,0,341.6,-1.0,-1.0,2,0,60.1,0.3,4194.3,360.4,0.0,0.0
2026-09-19 18:09:28,mfsweep_shard0,SPT_SMPT,55,4984.46,14,0,0,367.9,-1.0,-1.0,2,0,75.0,0.3,4526.9,0.0,0.0,0.0
2026-09-19 18:09:28,mfsweep_shard0,SPT_SMPT,55,4984.46,15,0,0,394.2,-1.0,-1.0,2,0,71.5,0.2,4202.8,0.0,0.0,0.0
2026-09-19 18:09:28,mfsweep_shard0,SPT_SMPT,55,4984.46,16,0,0,420.4,-1.0,-1.0,2,0,60.8,0.2,1267.6,0.0,0.0,0.0
2026-09-19 18:09:28,mfsweep_shard0,SPT_SMPT,55,4984.46,17,0,0,446.7,-1.0,-1.0,2,0,73.0,0.2,1241.4,0.0,0.0,0.0
2026-09-19 18:09:28,mfsweep_shard0,SPT_SMPT,55,4984.46,18,0,0,473.0,-1.0,-1.0,2,0,80.2,0.2,1215.1,0.0,0.0,0.0
2026-09-19 18:09:28,mfsweep_shard0,SPT_SMPT,55,4984.46,19,0,0,499.3,-1.0,-1.0,2,0,53.7,0.2,1188.8,0.0,0.0,0.0
2026-09-19 18:09:28,mfsweep_shard0,SPT_SMPT,55,4984.46,20,0,0,525.6,-1.0,-1.0,2,0,80.1,0.2,1162.6,0.0,0.0,0.0
2026-09-19 18:09:28,mfsweep_shard0,SPT_SMPT,55,4984.46,21,0,0,551.8,-1.0,-1.0,2,0,76.5,0.2,1136.3,0.0,0.0,0.0
2026-09-19 18:09:28,mfsweep_shard0,SPT_SMPT,55,4984.46,22,0,0,578.1,-1.0,-1.0,2,0,64.7,0.3,1110.0,0.0,0.0,0.0
2026-09-19 18:09:28,mfsweep_shard0,SPT_SMPT,55,4984.46,23,0,0,604.4,-1.0,-1.0,2,0,58.6,0.3,1083.7,0.0,0.0,0.0
2026-09-19 18:09:28,mfsweep_shard0,SPT_SMPT,55,4984.46,24,0,0,630.7,-1.0,-1.0,2,0,85.1,0.3,1057.4,0.0,0.0,0.0
2026-09-19 18:09:28,mfsweep_shard0,SPT_SMPT,55,4984.46,25,0,0,656.9,-1.0,-1.0,2,0,64.6,0.3,1031.2,0.0,0.0,0.0
2026-09-19 18:09:28,mfsweep_shard0,SPT_SMPT,55,4984.46,26,0,0,683.2,-1.0,-1.0,2,0,56.6,0.3,1004.9,0.0,0.0,0.0
2026-09-19 18:09:28,mfsweep_shard0,SPT_SMPT,55,4984.46,27,0,0,709.5,-1.0,-1.0,2,0,56.7,0.3,978.6,0.0,0.0,0.0
2026-09-19 18:09:28,mfsweep_shard0,SPT_SMPT,55,4984.46,28,0,0,735.8,-1.0,-1.0,2,0,81.5,0.4,952.3,0.0,0.0,0.0
2026-09-19 18:09:28,mfsweep_shard0,SPT_SMPT,55,4984.46,29,0,0,762.0,-1.0,-1.0,2,0,73.4,0.4,926.1,0.0,0.0,0.0
2026-09-19 18:09:28,mfsweep_shard0,SPT_SMPT,55,4984.46,30,0,0,788.3,-1.0,-1.0,2,0,80.1,0.4,899.8,0.0,0.0,0.0
2026-09-19 18:09:28,mfsweep_shard0,SPT_SMPT,55,4984.46,31,0,0,814.6,-1.0,-1.0,2,0,77.6,0.4,873.5,0.0,0.0,0.0
2026-09-19 18:09:28,mfsweep_shard0,SPT_SMPT,55,4984.46,32,0,0,840.9,-1.0,-1.0,2,0,71.2,0.5,847.2,0.0,0.0,0.0
2026-09-19 18:09:28,mfsweep_shard0,SPT_SMPT,55,4984.46,33,0,0,867.2,-1.0,-1.0,2,0,85.6,0.5,821.0,0.0,0.0,0.0
2026-09-19 18:09:28,mfsweep_shard0,SPT_SMPT,55,4984.46,34,0,0,893.4,-1.0,-1.0,2,0,66.0,0.5,794.7,0.0,0.0,0.0
2026-09-19 18:09:28,mfsweep_shard0,SPT_SMPT,55,4984.46,35,0,0,919.7,-1.0,-1.0,2,0,71.7,0.5,768.4,0.0,0.0,0.0
2026-09-19 18:09:28,mfsweep_shard0,SPT_SMPT,55,4984.46,36,0,0,946.0,-1.0,-1.0,2,0,80.9,0.5,742.1,0.0,0.0,0.0
2026-09-19 18:09:28,mfsweep_shard0,SPT_SMPT,55,4984.46,37,0,0,972.3,-1.0,-1.0,2,0,73.9,0.6,715.8,0.0,0.0,0.0
2026-09-19 18:09:28,mfsweep_shard0,SPT_SMPT,55,4984.46,38,0,0,998.5,-1.0,-1.0,2,0,81.9,0.6,689.6,0.0,0.0,0.0
2026-09-19 18:09:28,mfsweep_shard0,SPT_SMPT,55,4984.46,39,0,0,1024.8,-1.0,-1.0,2,0,72.6,0.6,663.3,0.0,0.0,0.0
2026-09-19 18:09:28,mfsweep_shard0,SPT_SMPT,55,4984.46,40,0,0,1051.1,-1.0,-1.0,2,0,76.8,0.6,637.0,0.0,0.0,0.0
2026-09-19 18:09:28,mfsweep_shard0,SPT_SMPT,55,4984.46,41,0,0,1077.4,-1.0,-1.0,2,0,55.0,0.6,610.7,0.0,0.0,0.0
2026-09-19 18:09:28,mfsweep_shard0,SPT_SMPT,55,4984.46,42,0,0,1103.7,-1.0,-1.0,2,0,61.0,0.6,584.5,0.0,0.0,0.0
2026-09-19 18:09:28,mfsweep_shard0,SPT_SMPT,55,4984.46,43,0,0,1129.9,-1.0,-1.0,2,0,63.1,0.7,558.2,0.0,0.0,0.0
2026-09-19 18:09:28,mfsweep_shard0,SPT_SMPT,55,4984.46,44,0,0,1156.2,-1.0,-1.0,2,0,56.1,0.7,531.9,0.0,0.0,0.0
2026-09-19 18:09:28,mfsweep_shard0,SPT_SMPT,55,4984.46,45,0,0,1182.5,-1.0,-1.0,2,0,61.2,0.7,505.6,0.0,0.0,0.0
2026-09-19 18:09:28,mfsweep_shard0,SPT_SMPT,55,4984.46,46,0,0,1208.8,-1.0,-1.0,2,0,56.8,0.7,479.3,0.0,0.0,0.0
2026-09-19 18:09:28,mfsweep_shard0,SPT_SMPT,55,4984.46,47,0,0,1235.0,-1.0,-1.0,2,0,62.7,0.8,453.1,0.0,0.0,0.0
2026-09-19 18:09:28,mfsweep_shard0,SPT_SMPT,55,4984.46,48,0,0,1261.3,-1.0,-1.0,2,0,74.5,0.8,426.8,0.0,0.0,0.0
2026-09-19 18:09:28,mfsweep_shard0,SPT_SMPT,55,4984.46,49,0,0,1287.6,-1.0,-1.0,2,0,65.5,0.8,400.5,0.0,0.0,0.0
2026-09-19 18:09:28,mfsweep_shard0,SPT_SMPT,55,4984.46,50,0,0,1313.9,-1.0,-1.0,2,0,65.7,0.8,374.2,0.0,0.0,0.0
2026-09-19 18:09:28,mfsweep_shard0,SPT_SMPT,55,4984.46,51,0,0,1340.2,-1.0,-1.0,2,0,60.4,0.8,348.0,0.0,0.0,0.0
2026-09-19 18:09:28,mfsweep_shard0,SPT_SMPT,55,4984.46,52,0,0,1366.4,-1.0,-1.0,2,0,62.3,0.9,321.7,0.0,0.0,0.0
2026-09-19 18:09:28,mfsweep_shard0,SPT_SMPT,55,4984.46,53,0,0,1392.7,-1.0,-1.0,2,0,84.4,0.9,295.4,0.0,0.0,0.0
2026-09-19 18:09:28,mfsweep_shard0,SPT_SMPT,55,4984.46,54,0,0,1419.0,-1.0,-1.0,2,0,74.9,0.9,269.1,0.0,0.0,0.0
2026-09-19 18:09:28,mfsweep_shard0,SPT_SMPT,55,4984.46,55,0,0,1445.3,-1.0,-1.0,2,0,73.6,0.9,242.8,0.0,0.0,0.0
2026-09-19 18:09:28,mfsweep_shard0,SPT_SMPT,55,4984.46,56,0,0,1471.5,-1.0,-1.0,2,0,59.2,0.9,216.6,0.0,0.0,0.0
2026-09-19 18:09:28,mfsweep_shard0,SPT_SMPT,55,4984.46,57,0,0,1497.8,-1.0,-1.0,2,0,77.6,0.9,190.3,0.0,0.0,0.0
2026-09-19 18:09:28,mfsweep_shard0,SPT_SMPT,55,4984.46,58,0,0,1524.1,-1.0,-1.0,2,0,58.9,1.0,164.0,0.0,0.0,0.0
2026-09-19 18:09:28,mfsweep_shard0,SPT_SMPT,55,4984.46,59,0,0,1550.4,-1.0,-1.0,2,0,66.0,1.0,137.7,0.0,0.0,0.0
2026-09-19 18:09:28,mfsweep_shard0,SPT_SMPT,55,4984.46,60,0,0,1576.6,-1.0,-1.0,2,0,86.2,1.0,111.5,0.0,0.0,0.0
2026-09-19 18:09:28,mfsweep_shard0,SPT_SMPT,55,4984.46,61,0,0,1602.9,-1.0,-1.0,2,0,74.6,1.0,85.2,0.0,0.0,0.0
2026-09-19 18:09:28,mfsweep_shard0,SPT_SMPT,55,4984.46,62,0,0,1629.2,-1.0,-1.0,2,0,71.9,1.1,58.9,0.0,0.0,0.0
2026-09-19 18:09:28,mfsweep_shard0,SPT_SMPT,55,4984.46,63,0,0,1655.5,-1.0,-1.0,2,0,76.1,1.1,32.6,0.0,0.0,0.0
2026-09-19 18:09:28,mfsweep_shard0,SPT_SMPT,55,4984.46,64,0,0,1681.8,-1.0,-1.0,2,0,81.3,1.1,6.4,0.0,0.0,0.0
2026-09-19 18:09:28,mfsweep_shard0,SPT_SMPT,55,4984.46,65,0,0,1708.0,-1.0,-1.0,2,0,79.1,0.0,0.0,0.0,0.0,0.0
2026-09-19 18:09:28,mfsweep_shard0,SPT_SMPT,55,4984.46,66,0,0,1734.3,-1.0,-1.0,2,0,61.1,0.0,0.0,0.0,0.0,0.0
2026-09-19 18:09:28,mfsweep_shard0,SPT_SMPT,55,4984.46,67,0,0,1760.6,-1.0,-1.0,2,0,54.6,0.0,0.0,0.0,0.0,0.0
2026-09-19 18:09:28,mfsweep_shard0,SPT_SMPT,55,4984.46,68,0,0,1786.9,-1.0,-1.0,2,0,63.9,0.0,0.0,0.0,0.0,0.0
2026-09-19 18:09:28,mfsweep_shard0,SPT_SMPT,55,4984.46,69,0,0,1813.1,-1.0,-1.0,2,0,62.3,0.0,0.0,0.0,0.0,0.0
2026-09-19 18:09:28,mfsweep_shard0,SPT_SMPT,55,4984.46,70,0,0,1839.4,-1.0,-1.0,2,0,60.5,0.0,0.0,0.0,0.0,0.0
2026-09-19 18:09:28,mfsweep_shard0,SPT_SMPT,55,4984.46,71,0,0,1865.7,-1.0,-1.0,2,0,84.6,0.0,0.0,0.0,0.0,0.0
2026-09-19 18:09:28,mfsweep_shard0,SPT_SMPT,55,4984.46,72,0,0,1892.0,-1.0,-1.0,2,0,82.4,0.0,0.0,0.0,0.0,0.0
2026-09-19 18:09:28,mfsweep_shard0,SPT_SMPT,55,4984.46,73,0,0,1918.3,-1.0,-1.0,2,0,63.9,0.0,0.0,0.0,0.0,0.0
2026-09-19 18:09:28,mfsweep_shard0,SPT_SMPT,55,4984.46,74,0,0,1944.5,-1.0,-1.0,2,0,75.1,0.0,0.0,0.0,0.0,0.0
2026-09-19 18:09:28,mfsweep_shard0,SPT_SMPT,55,4984.46,75,0,0,1970.8,-1.0,-1.0,2,0,66.6,0.0,0.0,0.0,0.0,0.0
2026-09-19 18:09:28,mfsweep_shard0,SPT_SMPT,55,4984.46,76,0,0,1997.1,-1.0,-1.0,2,0,83.7,0.0,0.0,0.0,0.0,0.0
2026-09-19 18:09:28,mfsweep_shard0,SPT_SMPT,55,4984.46,77,0,0,2023.4,-1.0,-1.0,2,0,68.6,0.0,0.0,0.0,0.0,0.0
2026-09-19 18:09:28,mfsweep_shard0,SPT_SMPT,55,4984.46,78,0,0,2049.6,-1.0,-1.0,2,0,62.2,0.0,0.0,0.0,0.0,0.0
2026-09-19 18:09:28,mfsweep_shard0,SPT_SMPT,55,4984.46,79,0,0,2075.9,-1.0,-1.0,2,0,61.6,0.0,0.0,0.0,0.0,0.0
2026-09-19 18:09:28,mfsweep_shard0,SPT_SMPT,55,4984.46,80,0,0,2102.2,-1.0,-1.0,2,0,72.0,0.0,0.0,0.0,0.0,0.0
2026-09-19 18:09:28,mfsweep_shard0,SPT_SMPT,55,4984.46,81,0,0,2128.5,-1.0,-1.0,2,0,62.2,0.0,0.0,0.0,0.0,0.0
2026-09-19 18:09:28,mfsweep_shard0,SPT_SMPT,55,4984.46,82,0,0,2154.7,-1.0,-1.0,2,0,72.8,0.0,0.0,0.0,0.0,0.0
2026-09-19 18:09:28,mfsweep_shard0,SPT_SMPT,55,4984.46,83,0,0,2181.0,-1.0,-1.0,2,0,83.1,0.0,0.0,0.0,0.0,0.0
2026-09-19 18:09:28,mfsweep_shard0,SPT_SMPT,55,4984.46,84,0,0,2207.3,-1.0,-1.0,2,0,66.7,0.0,0.0,0.0,0.0,0.0
2026-09-19 18:09:28,mfsweep_shard0,SPT_SMPT,55,4984.46,85,0,0,2233.6,-1.0,-1.0,2,0,60.7,0.0,0.0,0.0,0.0,0.0
2026-09-19 18:09:28,mfsweep_shard0,SPT_SMPT,55,4984.46,86,0,0,2259.9,-1.0,-1.0,2,0,86.4,0.0,0.0,0.0,0.0,0.0
2026-09-19 18:09:28,mfsweep_shard0,SPT_SMPT,55,4984.46,87,0,0,2286.1,-1.0,-1.0,2,0,70.3,0.0,0.0,0.0,0.0,0.0
2026-09-19 18:09:28,mfsweep_shard0,SPT_SMPT,55,4984.46,88,0,0,2312.4,-1.0,-1.0,2,0,56.5,0.0,0.0,0.0,0.0,0.0
2026-09-19 18:09:28,mfsweep_shard0,SPT_SMPT,55,4984.46,89,0,0,2338.7,-1.0,-1.0,2,0,55.1,0.0,0.0,0.0,0.0,0.0
2026-09-19 18:09:28,mfsweep_shard0,SPT_SMPT,55,4984.46,90,0,0,2365.0,-1.0,-1.0,2,0,57.1,0.0,0.0,0.0,0.0,0.0
2026-09-19 18:09:28,mfsweep_shard0,SPT_SMPT,55,4984.46,91,0,0,2391.2,-1.0,-1.0,2,0,74.2,0.0,0.0,0.0,0.0,0.0
2026-09-19 18:09:28,mfsweep_shard0,SPT_SMPT,55,4984.46,92,0,0,2417.5,-1.0,-1.0,2,0,79.6,0.0,0.0,0.0,0.0,0.0
2026-09-19 18:09:28,mfsweep_shard0,SPT_SMPT,55,4984.46,93,0,0,2443.8,-1.0,-1.0,2,0,67.4,0.0,0.0,0.0,0.0,0.0
2026-09-19 18:09:28,mfsweep_shard0,SPT_SMPT,55,4984.46,94,0,0,2470.1,-1.0,-1.0,2,0,55.6,0.0,0.0,0.0,0.0,0.0
2026-09-19 18:09:28,mfsweep_shard0,SPT_SMPT,55,4984.46,95,0,0,2496.4,-1.0,-1.0,2,0,66.1,0.0,0.0,0.0,0.0,0.0
2026-09-19 18:09:28,mfsweep_shard0,SPT_SMPT,55,4984.46,96,0,0,2522.6,-1.0,-1.0,2,0,86.4,0.0,0.0,0.0,0.0,0.0
2026-09-19 18:09:28,mfsweep_shard0,SPT_SMPT,55,4984.46,97,0,0,2548.9,-1.0,-1.0,2,0,71.0,0.0,0.0,0.0,0.0,0.0
2026-09-19 18:09:28,mfsweep_shard0,SPT_SMPT,55,4984.46,98,0,0,2575.2,-1.0,-1.0,2,0,85.6,0.0,0.0,0.0,0.0,0.0
2026-09-19 18:09:28,mfsweep_shard0,SPT_SMPT,55,4984.46,99,0,0,2601.5,-1.0,-1.0,2,0,81.9,0.0,0.0,0.0,0.0,0.0
2026-09-19 18:09:28,mfsweep_shard0,SPT_SMPT,55,4984.46,100,0,0,2627.7,-1.0,-1.0,2,0,53.9,0.0,0.0,0.0,0.0,0.0
2026-09-19 18:09:28,mfsweep_shard0,SPT_SMPT,55,4984.46,101,0,0,2654.0,-1.0,-1.0,2,0,77.3,0.0,0.0,0.0,0.0,0.0
2026-09-19 18:09:28,mfsweep_shard0,SPT_SMPT,55,4984.46,102,0,0,2680.3,-1.0,-1.0,2,0,76.0,0.0,0.0,0.0,0.0,0.0
2026-09-19 18:09:28,mfsweep_shard0,SPT_SMPT,55,4984.46,103,0,0,2706.6,-1.0,-1.0,2,0,71.2,0.0,0.0,0.0,0.0,0.0
2026-09-19 18:09:28,mfsweep_shard0,SPT_SMPT,55,4984.46,104,0,0,2732.9,-1.0,-1.0,2,0,62.3,0.0,0.0,0.0,0.0,0.0
2026-09-19 18:09:28,mfsweep_shard0,SPT_SMPT,55,4984.46,105,0,0,2759.1,-1.0,-1.0,2,0,74.7,0.0,0.0,0.0,0.0,0.0
2026-09-19 18:09:28,mfsweep_shard0,SPT_SMPT,55,4984.46,106,0,0,2785.4,-1.0,-1.0,2,0,57.2,0.0,0.0,0.0,0.0,0.0
2026-09-19 18:09:28,mfsweep_shard0,SPT_SMPT,55,4984.46,107,0,0,2811.7,-1.0,-1.0,2,0,67.9,0.0,0.0,0.0,0.0,0.0
2026-09-19 18:09:28,mfsweep_shard0,SPT_SMPT,55,4984.46,108,0,0,2838.0,-1.0,-1.0,2,0,68.5,0.0,0.0,0.0,0.0,0.0
2026-09-19 18:09:28,mfsweep_shard0,SPT_SMPT,55,4984.46,109,0,0,2864.2,-1.0,-1.0,2,0,85.0,0.0,0.0,0.0,0.0,0.0
2026-09-19 18:09:28,mfsweep_shard0,SPT_SMPT,55,4984.46,110,0,0,2890.5,-1.0,-1.0,2,0,82.4,0.0,0.0,0.0,0.0,0.0
2026-09-19 18:09:28,mfsweep_shard0,SPT_SMPT,55,4984.46,111,0,0,2916.8,-1.0,-1.0,2,0,62.2,0.0,0.0,0.0,0.0,0.0
2026-09-19 18:09:28,mfsweep_shard0,SPT_SMPT,55,4984.46,112,0,0,2943.1,-1.0,-1.0,2,0,70.0,0.0,0.0,0.0,0.0,0.0
2026-09-19 18:09:28,mfsweep_shard0,SPT_SMPT,55,4984.46,113,0,0,2969.3,-1.0,-1.0,2,0,59.4,0.0,0.0,0.0,0.0,0.0
2026-09-19 18:09:28,mfsweep_shard0,SPT_SMPT,55,4984.46,114,0,0,2995.6,-1.0,-1.0,2,0,83.6,0.0,0.0,0.0,0.0,0.0
2026-09-19 18:09:28,mfsweep_shard0,SPT_SMPT,55,4984.46,115,0,0,3021.9,-1.0,-1.0,2,0,82.2,0.0,0.0,0.0,0.0,0.0
2026-09-19 18:09:28,mfsweep_shard0,SPT_SMPT,55,4984.46,116,0,0,3048.2,-1.0,-1.0,2,0,63.4,0.0,0.0,0.0,0.0,0.0
2026-09-19 18:09:28,mfsweep_shard0,SPT_SMPT,55,4984.46,117,0,0,3074.5,-1.0,-1.0,2,0,74.6,0.0,0.0,0.0,0.0,0.0
2026-09-19 18:09:28,mfsweep_shard0,SPT_SMPT,55,4984.46,118,0,0,3100.7,-1.0,-1.0,2,0,73.6,0.0,0.0,0.0,0.0,0.0
2026-09-19 18:09:28,mfsweep_shard0,SPT_SMPT,55,4984.46,119,0,0,3127.0,-1.0,-1.0,2,0,58.5,0.0,0.0,0.0,0.0,0.0
2026-09-19 18:09:28,mfsweep_shard0,SPT_SMPT,55,4984.46,120,0,0,3153.3,-1.0,-1.0,2,0,78.7,0.0,0.0,0.0,0.0,0.0
2026-09-19 18:09:28,mfsweep_shard0,SPT_SMPT,55,4984.46,121,0,0,3179.6,-1.0,-1.0,2,0,71.3,0.0,0.0,0.0,0.0,0.0
2026-09-19 18:09:28,mfsweep_shard0,SPT_SMPT,55,4984.46,122,0,0,3205.8,-1.0,-1.0,2,0,79.2,0.0,0.0,0.0,0.0,0.0
2026-09-19 18:09:28,mfsweep_shard0,SPT_SMPT,55,4984.46,123,0,0,3232.1,-1.0,-1.0,2,0,71.0,0.0,0.0,0.0,0.0,0.0
2026-09-19 18:09:28,mfsweep_shard0,SPT_SMPT,55,4984.46,124,0,0,3258.4,-1.0,-1.0,2,0,53.5,0.0,0.0,0.0,0.0,0.0
2026-09-19 18:09:28,mfsweep_shard0,SPT_SMPT,55,4984.46,125,0,0,3284.7,-1.0,-1.0,2,0,64.2,0.0,0.0,0.0,0.0,0.0
2026-09-19 18:09:28,mfsweep_shard0,SPT_SMPT,55,4984.46,126,0,0,3311.0,-1.0,-1.0,2,0,54.1,0.0,0.0,0.0,0.0,0.0
2026-09-19 18:09:28,mfsweep_shard0,SPT_SMPT,55,4984.46,127,0,0,3337.2,-1.0,-1.0,2,0,84.2,0.0,0.0,0.0,0.0,0.0
2026-09-19 18:09:28,mfsweep_shard0,SPT_SMPT,55,4984.46,128,0,0,3363.5,-1.0,-1.0,2,0,82.5,0.0,0.0,0.0,0.0,0.0
2026-09-19 18:09:28,mfsweep_shard0,SPT_SMPT,55,4984.46,129,0,0,3389.8,-1.0,-1.0,2,0,80.9,0.0,0.0,0.0,0.0,0.0
2026-09-19 18:09:28,mfsweep_shard0,SPT_SMPT,55,4984.46,130,0,0,3416.1,-1.0,-1.0,2,0,63.7,0.0,0.0,0.0,0.0,0.0
2026-09-19 18:09:28,mfsweep_shard0,SPT_SMPT,55,4984.46,131,0,0,3442.3,-1.0,-1.0,2,0,55.4,0.0,0.0,0.0,0.0,0.0
2026-09-19 18:09:28,mfsweep_shard0,SPT_SMPT,55,4984.46,132,0,0,3468.6,-1.0,-1.0,2,0,82.5,0.0,0.0,0.0,0.0,0.0
2026-09-19 18:09:28,mfsweep_shard0,SPT_SMPT,55,4984.46,133,0,0,3494.9,-1.0,-1.0,2,0,84.8,0.0,0.0,0.0,0.0,0.0
2026-09-19 18:09:28,mfsweep_shard0,SPT_SMPT,55,4984.46,134,0,0,3521.2,-1.0,-1.0,2,0,56.3,0.0,0.0,0.0,0.0,0.0
2026-09-19 18:09:28,mfsweep_shard0,SPT_SMPT,55,4984.46,135,0,0,3547.5,-1.0,-1.0,2,0,69.5,0.0,0.0,0.0,0.0,0.0
2026-09-19 18:09:28,mfsweep_shard0,SPT_SMPT,55,4984.46,136,0,0,3573.7,-1.0,-1.0,2,0,55.8,0.0,0.0,0.0,0.0,0.0
2026-09-19 18:11:35,mfsweep_shard0,SPT_SMPT,56,3379.60,0,0,1,0.0,232.9,232.9,2,2,74.6,0.0,74.0,84.2,0.0,74.6
2026-09-19 18:11:35,mfsweep_shard0,SPT_SMPT,56,3379.60,1,0,1,26.3,283.4,257.1,2,2,54.4,0.0,88.2,93.6,20.9,54.4
2026-09-19 18:11:35,mfsweep_shard0,SPT_SMPT,56,3379.60,2,0,0,52.6,-1.0,-1.0,2,2,62.6,0.0,193.6,2966.0,84.6,62.6
2026-09-19 18:11:35,mfsweep_shard0,SPT_SMPT,56,3379.60,3,0,1,78.8,351.0,272.1,2,2,60.9,0.0,90.4,110.5,10.2,60.9
2026-09-19 18:11:35,mfsweep_shard0,SPT_SMPT,56,3379.60,4,0,0,105.1,-1.0,-1.0,2,1,77.8,0.0,3076.2,54.7,94.0,15.0
2026-09-19 18:11:35,mfsweep_shard0,SPT_SMPT,56,3379.60,5,0,0,131.4,-1.0,-1.0,2,1,75.8,0.1,2835.2,323.4,22.5,33.9
2026-09-19 18:11:35,mfsweep_shard0,SPT_SMPT,56,3379.60,6,0,0,157.7,-1.0,-1.0,2,1,83.0,0.2,2863.4,318.2,7.1,15.0
2026-09-19 18:11:35,mfsweep_shard0,SPT_SMPT,56,3379.60,7,0,0,183.9,-1.0,-1.0,2,2,56.4,0.0,2122.6,982.1,0.0,56.4
2026-09-19 18:11:35,mfsweep_shard0,SPT_SMPT,56,3379.60,8,0,0,210.2,-1.0,-1.0,2,1,67.4,0.2,2297.0,658.8,0.0,15.0
2026-09-19 18:11:35,mfsweep_shard0,SPT_SMPT,56,3379.60,9,0,0,236.5,-1.0,-1.0,2,1,54.5,0.2,1940.0,1089.8,4.3,15.0
2026-09-19 18:11:35,mfsweep_shard0,SPT_SMPT,56,3379.60,10,0,0,262.8,-1.0,-1.0,2,1,60.7,0.2,2614.2,405.9,0.0,15.0
2026-09-19 18:11:35,mfsweep_shard0,SPT_SMPT,56,3379.60,11,0,0,289.1,-1.0,-1.0,2,1,70.2,0.3,2375.6,436.5,0.0,15.0
2026-09-19 18:11:35,mfsweep_shard0,SPT_SMPT,56,3379.60,12,0,0,315.3,-1.0,-1.0,2,0,54.4,0.0,2539.7,441.6,0.0,0.0
2026-09-19 18:11:35,mfsweep_shard0,SPT_SMPT,56,3379.60,13,0,0,341.6,-1.0,-1.0,2,0,60.1,0.2,2555.2,399.7,0.0,0.0
2026-09-19 18:11:35,mfsweep_shard0,SPT_SMPT,56,3379.60,14,0,0,367.9,-1.0,-1.0,2,0,75.0,0.2,2377.2,360.4,0.0,0.0
2026-09-19 18:11:35,mfsweep_shard0,SPT_SMPT,56,3379.60,15,0,0,394.2,-1.0,-1.0,2,0,71.5,0.3,2711.2,0.0,0.0,0.0
2026-09-19 18:11:35,mfsweep_shard0,SPT_SMPT,56,3379.60,16,0,0,420.4,-1.0,-1.0,2,0,60.8,0.3,2685.0,0.0,0.0,0.0
2026-09-19 18:11:35,mfsweep_shard0,SPT_SMPT,56,3379.60,17,0,0,446.7,-1.0,-1.0,2,0,73.0,0.5,2658.5,0.0,0.0,0.0
2026-09-19 18:11:35,mfsweep_shard0,SPT_SMPT,56,3379.60,18,0,0,473.0,-1.0,-1.0,2,0,80.2,0.5,2632.2,0.0,0.0,0.0
2026-09-19 18:11:35,mfsweep_shard0,SPT_SMPT,56,3379.60,19,0,0,499.3,-1.0,-1.0,2,0,53.7,0.5,2605.9,0.0,0.0,0.0
2026-09-19 18:11:35,mfsweep_shard0,SPT_SMPT,56,3379.60,20,0,0,525.6,-1.0,-1.0,2,0,80.1,0.2,2760.1,0.0,0.0,0.0
2026-09-19 18:11:35,mfsweep_shard0,SPT_SMPT,56,3379.60,21,0,0,551.8,-1.0,-1.0,2,0,76.5,0.4,2553.6,0.0,0.0,0.0
2026-09-19 18:11:35,mfsweep_shard0,SPT_SMPT,56,3379.60,22,0,0,578.1,-1.0,-1.0,2,0,64.7,0.4,2527.3,0.0,0.0,0.0
2026-09-19 18:11:35,mfsweep_shard0,SPT_SMPT,56,3379.60,23,0,0,604.4,-1.0,-1.0,2,0,58.6,0.4,2501.0,0.0,0.0,0.0
2026-09-19 18:11:35,mfsweep_shard0,SPT_SMPT,56,3379.60,24,0,0,630.7,-1.0,-1.0,2,0,85.1,0.5,2474.7,0.0,0.0,0.0
2026-09-19 18:11:35,mfsweep_shard0,SPT_SMPT,56,3379.60,25,0,0,656.9,-1.0,-1.0,2,0,64.6,0.5,2448.4,0.0,0.0,0.0
2026-09-19 18:11:35,mfsweep_shard0,SPT_SMPT,56,3379.60,26,0,0,683.2,-1.0,-1.0,2,0,56.6,0.5,2422.1,0.0,0.0,0.0
2026-09-19 18:11:35,mfsweep_shard0,SPT_SMPT,56,3379.60,27,0,0,709.5,-1.0,-1.0,2,0,56.7,0.6,2395.8,0.0,0.0,0.0
2026-09-19 18:11:35,mfsweep_shard0,SPT_SMPT,56,3379.60,28,0,0,735.8,-1.0,-1.0,2,0,81.5,0.6,2369.5,0.0,0.0,0.0
2026-09-19 18:11:35,mfsweep_shard0,SPT_SMPT,56,3379.60,29,0,0,762.0,-1.0,-1.0,2,0,73.4,0.7,2343.2,0.0,0.0,0.0
2026-09-19 18:11:35,mfsweep_shard0,SPT_SMPT,56,3379.60,30,0,0,788.3,-1.0,-1.0,2,0,80.1,0.7,2316.9,0.0,0.0,0.0
2026-09-19 18:11:35,mfsweep_shard0,SPT_SMPT,56,3379.60,31,0,0,814.6,-1.0,-1.0,2,0,77.6,0.8,2290.6,0.0,0.0,0.0
2026-09-19 18:11:35,mfsweep_shard0,SPT_SMPT,56,3379.60,32,0,0,840.9,-1.0,-1.0,2,0,71.2,0.8,2264.3,0.0,0.0,0.0
2026-09-19 18:11:35,mfsweep_shard0,SPT_SMPT,56,3379.60,33,0,0,867.2,-1.0,-1.0,2,0,85.6,0.7,2238.2,0.0,0.0,0.0
2026-09-19 18:11:35,mfsweep_shard0,SPT_SMPT,56,3379.60,34,0,0,893.4,-1.0,-1.0,2,0,66.0,0.4,2212.2,0.0,0.0,0.0
2026-09-19 18:11:35,mfsweep_shard0,SPT_SMPT,56,3379.60,35,0,0,919.7,-1.0,-1.0,2,0,71.7,0.5,2185.9,0.0,0.0,0.0
2026-09-19 18:11:35,mfsweep_shard0,SPT_SMPT,56,3379.60,36,0,0,946.0,-1.0,-1.0,2,0,80.9,0.5,2159.6,0.0,0.0,0.0
2026-09-19 18:11:35,mfsweep_shard0,SPT_SMPT,56,3379.60,37,0,0,972.3,-1.0,-1.0,2,0,73.9,0.0,0.0,0.0,0.0,0.0
2026-09-19 18:11:35,mfsweep_shard0,SPT_SMPT,56,3379.60,38,0,0,998.5,-1.0,-1.0,2,0,81.9,0.0,0.0,0.0,0.0,0.0
2026-09-19 18:11:35,mfsweep_shard0,SPT_SMPT,56,3379.60,39,0,0,1024.8,-1.0,-1.0,2,0,72.6,0.0,0.0,0.0,0.0,0.0
2026-09-19 18:11:35,mfsweep_shard0,SPT_SMPT,56,3379.60,40,0,0,1051.1,-1.0,-1.0,2,0,76.8,0.0,0.0,0.0,0.0,0.0
2026-09-19 18:11:35,mfsweep_shard0,SPT_SMPT,56,3379.60,41,0,0,1077.4,-1.0,-1.0,2,0,55.0,0.0,0.0,0.0,0.0,0.0
2026-09-19 18:11:35,mfsweep_shard0,SPT_SMPT,56,3379.60,42,0,0,1103.7,-1.0,-1.0,2,0,61.0,0.0,0.0,0.0,0.0,0.0
2026-09-19 18:11:35,mfsweep_shard0,SPT_SMPT,56,3379.60,43,0,0,1129.9,-1.0,-1.0,2,0,63.1,0.0,0.0,0.0,0.0,0.0
2026-09-19 18:11:35,mfsweep_shard0,SPT_SMPT,56,3379.60,44,0,0,1156.2,-1.0,-1.0,2,0,56.1,0.0,0.0,0.0,0.0,0.0
2026-09-19 18:11:35,mfsweep_shard0,SPT_SMPT,56,3379.60,45,0,0,1182.5,-1.0,-1.0,2,0,61.2,0.0,0.0,0.0,0.0,0.0
2026-09-19 18:11:35,mfsweep_shard0,SPT_SMPT,56,3379.60,46,0,0,1208.8,-1.0,-1.0,2,0,56.8,0.0,0.0,0.0,0.0,0.0
2026-09-19 18:11:35,mfsweep_shard0,SPT_SMPT,56,3379.60,47,0,0,1235.0,-1.0,-1.0,2,0,62.7,0.0,0.0,0.0,0.0,0.0
2026-09-19 18:11:35,mfsweep_shard0,SPT_SMPT,56,3379.60,48,0,0,1261.3,-1.0,-1.0,2,0,74.5,0.0,0.0,0.0,0.0,0.0
2026-09-19 18:11:35,mfsweep_shard0,SPT_SMPT,56,3379.60,49,0,0,1287.6,-1.0,-1.0,2,0,65.5,0.0,0.0,0.0,0.0,0.0
2026-09-19 18:11:35,mfsweep_shard0,SPT_SMPT,56,3379.60,50,0,0,1313.9,-1.0,-1.0,2,0,65.7,0.0,0.0,0.0,0.0,0.0
2026-09-19 18:11:35,mfsweep_shard0,SPT_SMPT,56,3379.60,51,0,0,1340.2,-1.0,-1.0,2,0,60.4,0.0,0.0,0.0,0.0,0.0
2026-09-19 18:11:35,mfsweep_shard0,SPT_SMPT,56,3379.60,52,0,0,1366.4,-1.0,-1.0,2,0,62.3,0.0,0.0,0.0,0.0,0.0
2026-09-19 18:11:35,mfsweep_shard0,SPT_SMPT,56,3379.60,53,0,0,1392.7,-1.0,-1.0,2,0,84.4,0.0,0.0,0.0,0.0,0.0
2026-09-19 18:11:35,mfsweep_shard0,SPT_SMPT,56,3379.60,54,0,0,1419.0,-1.0,-1.0,2,0,74.9,0.0,0.0,0.0,0.0,0.0
2026-09-19 18:11:35,mfsweep_shard0,SPT_SMPT,56,3379.60,55,0,0,1445.3,-1.0,-1.0,2,0,73.6,0.0,0.0,0.0,0.0,0.0
2026-09-19 18:11:35,mfsweep_shard0,SPT_SMPT,56,3379.60,56,0,0,1471.5,-1.0,-1.0,2,0,59.2,0.0,0.0,0.0,0.0,0.0
2026-09-19 18:11:35,mfsweep_shard0,SPT_SMPT,56,3379.60,57,0,0,1497.8,-1.0,-1.0,2,0,77.6,0.0,0.0,0.0,0.0,0.0
2026-09-19 18:11:35,mfsweep_shard0,SPT_SMPT,56,3379.60,58,0,0,1524.1,-1.0,-1.0,2,0,58.9,0.0,0.0,0.0,0.0,0.0
2026-09-19 18:11:35,mfsweep_shard0,SPT_SMPT,56,3379.60,59,0,0,1550.4,-1.0,-1.0,2,0,66.0,0.0,0.0,0.0,0.0,0.0
2026-09-19 18:11:35,mfsweep_shard0,SPT_SMPT,56,3379.60,60,0,0,1576.6,-1.0,-1.0,2,0,86.2,0.0,0.0,0.0,0.0,0.0
2026-09-19 18:11:35,mfsweep_shard0,SPT_SMPT,56,3379.60,61,0,0,1602.9,-1.0,-1.0,2,0,74.6,0.0,0.0,0.0,0.0,0.0
2026-09-19 18:11:35,mfsweep_shard0,SPT_SMPT,56,3379.60,62,0,0,1629.2,-1.0,-1.0,2,0,71.9,0.0,0.0,0.0,0.0,0.0
2026-09-19 18:11:35,mfsweep_shard0,SPT_SMPT,56,3379.60,63,0,0,1655.5,-1.0,-1.0,2,0,76.1,0.0,0.0,0.0,0.0,0.0
2026-09-19 18:11:35,mfsweep_shard0,SPT_SMPT,56,3379.60,64,0,0,1681.8,-1.0,-1.0,2,0,81.3,0.0,0.0,0.0,0.0,0.0
2026-09-19 18:11:35,mfsweep_shard0,SPT_SMPT,56,3379.60,65,0,0,1708.0,-1.0,-1.0,2,0,79.1,0.0,0.0,0.0,0.0,0.0
2026-09-19 18:11:35,mfsweep_shard0,SPT_SMPT,56,3379.60,66,0,0,1734.3,-1.0,-1.0,2,0,61.1,0.0,0.0,0.0,0.0,0.0
2026-09-19 18:11:35,mfsweep_shard0,SPT_SMPT,56,3379.60,67,0,0,1760.6,-1.0,-1.0,2,0,54.6,0.0,0.0,0.0,0.0,0.0
2026-09-19 18:11:35,mfsweep_shard0,SPT_SMPT,56,3379.60,68,0,0,1786.9,-1.0,-1.0,2,0,63.9,0.0,0.0,0.0,0.0,0.0
2026-09-19 18:11:35,mfsweep_shard0,SPT_SMPT,56,3379.60,69,0,0,1813.1,-1.0,-1.0,2,0,62.3,0.0,0.0,0.0,0.0,0.0
2026-09-19 18:11:35,mfsweep_shard0,SPT_SMPT,56,3379.60,70,0,0,1839.4,-1.0,-1.0,2,0,60.5,0.0,0.0,0.0,0.0,0.0
2026-09-19 18:11:35,mfsweep_shard0,SPT_SMPT,56,3379.60,71,0,0,1865.7,-1.0,-1.0,2,0,84.6,0.0,0.0,0.0,0.0,0.0
2026-09-19 18:11:35,mfsweep_shard0,SPT_SMPT,56,3379.60,72,0,0,1892.0,-1.0,-1.0,2,0,82.4,0.0,0.0,0.0,0.0,0.0
2026-09-19 18:11:35,mfsweep_shard0,SPT_SMPT,56,3379.60,73,0,0,1918.3,-1.0,-1.0,2,0,63.9,0.0,0.0,0.0,0.0,0.0
2026-09-19 18:11:35,mfsweep_shard0,SPT_SMPT,56,3379.60,74,0,0,1944.5,-1.0,-1.0,2,0,75.1,0.0,0.0,0.0,0.0,0.0
2026-09-19 18:11:35,mfsweep_shard0,SPT_SMPT,56,3379.60,75,0,0,1970.8,-1.0,-1.0,2,0,66.6,0.0,0.0,0.0,0.0,0.0
2026-09-19 18:11:35,mfsweep_shard0,SPT_SMPT,56,3379.60,76,0,0,1997.1,-1.0,-1.0,2,0,83.7,0.0,0.0,0.0,0.0,0.0
2026-09-19 18:11:35,mfsweep_shard0,SPT_SMPT,56,3379.60,77,0,0,2023.4,-1.0,-1.0,2,0,68.6,0.0,0.0,0.0,0.0,0.0
2026-09-19 18:11:35,mfsweep_shard0,SPT_SMPT,56,3379.60,78,0,0,2049.6,-1.0,-1.0,2,0,62.2,0.0,0.0,0.0,0.0,0.0
2026-09-19 18:11:35,mfsweep_shard0,SPT_SMPT,56,3379.60,79,0,0,2075.9,-1.0,-1.0,2,0,61.6,0.0,0.0,0.0,0.0,0.0
2026-09-19 18:11:35,mfsweep_shard0,SPT_SMPT,56,3379.60,80,0,0,2102.2,-1.0,-1.0,2,0,72.0,0.0,0.0,0.0,0.0,0.0
2026-09-19 18:11:35,mfsweep_shard0,SPT_SMPT,56,3379.60,81,0,0,2128.5,-1.0,-1.0,2,0,62.2,0.0,0.0,0.0,0.0,0.0
2026-09-19 18:11:35,mfsweep_shard0,SPT_SMPT,56,3379.60,82,0,0,2154.7,-1.0,-1.0,2,0,72.8,0.0,0.0,0.0,0.0,0.0
2026-09-19 18:11:35,mfsweep_shard0,SPT_SMPT,56,3379.60,83,0,0,2181.0,-1.0,-1.0,2,0,83.1,0.0,0.0,0.0,0.0,0.0
2026-09-19 18:11:35,mfsweep_shard0,SPT_SMPT,56,3379.60,84,0,0,2207.3,-1.0,-1.0,2,0,66.7,0.0,0.0,0.0,0.0,0.0
2026-09-19 18:11:35,mfsweep_shard0,SPT_SMPT,56,3379.60,85,0,0,2233.6,-1.0,-1.0,2,0,60.7,0.0,0.0,0.0,0.0,0.0
2026-09-19 18:11:35,mfsweep_shard0,SPT_SMPT,56,3379.60,86,0,0,2259.9,-1.0,-1.0,2,0,86.4,0.0,0.0,0.0,0.0,0.0
2026-09-19 18:11:35,mfsweep_shard0,SPT_SMPT,56,3379.60,87,0,0,2286.1,-1.0,-1.0,2,0,70.3,0.0,0.0,0.0,0.0,0.0
2026-09-19 18:11:35,mfsweep_shard0,SPT_SMPT,56,3379.60,88,0,0,2312.4,-1.0,-1.0,2,0,56.5,0.0,0.0,0.0,0.0,0.0
2026-09-19 18:11:35,mfsweep_shard0,SPT_SMPT,56,3379.60,89,0,0,2338.7,-1.0,-1.0,2,0,55.1,0.0,0.0,0.0,0.0,0.0
2026-09-19 18:11:35,mfsweep_shard0,SPT_SMPT,56,3379.60,90,0,0,2365.0,-1.0,-1.0,2,0,57.1,0.0,0.0,0.0,0.0,0.0
2026-09-19 18:11:35,mfsweep_shard0,SPT_SMPT,56,3379.60,91,0,0,2391.2,-1.0,-1.0,2,0,74.2,0.0,0.0,0.0,0.0,0.0
2026-09-19 18:11:35,mfsweep_shard0,SPT_SMPT,56,3379.60,92,0,0,2417.5,-1.0,-1.0,2,0,79.6,0.0,0.0,0.0,0.0,0.0
2026-09-19 18:11:35,mfsweep_shard0,SPT_SMPT,56,3379.60,93,0,0,2443.8,-1.0,-1.0,2,0,67.4,0.0,0.0,0.0,0.0,0.0
2026-09-19 18:11:35,mfsweep_shard0,SPT_SMPT,56,3379.60,94,0,0,2470.1,-1.0,-1.0,2,0,55.6,0.0,0.0,0.0,0.0,0.0
2026-09-19 18:11:35,mfsweep_shard0,SPT_SMPT,56,3379.60,95,0,0,2496.4,-1.0,-1.0,2,0,66.1,0.0,0.0,0.0,0.0,0.0
2026-09-19 18:11:35,mfsweep_shard0,SPT_SMPT,56,3379.60,96,0,0,2522.6,-1.0,-1.0,2,0,86.4,0.0,0.0,0.0,0.0,0.0
2026-09-19 18:11:35,mfsweep_shard0,SPT_SMPT,56,3379.60,97,0,0,2548.9,-1.0,-1.0,2,0,71.0,0.0,0.0,0.0,0.0,0.0
2026-09-19 18:11:35,mfsweep_shard0,SPT_SMPT,56,3379.60,98,0,0,2575.2,-1.0,-1.0,2,0,85.6,0.0,0.0,0.0,0.0,0.0
2026-09-19 18:11:35,mfsweep_shard0,SPT_SMPT,56,3379.60,99,0,0,2601.5,-1.0,-1.0,2,0,81.9,0.0,0.0,0.0,0.0,0.0
2026-09-19 18:11:35,mfsweep_shard0,SPT_SMPT,56,3379.60,100,0,0,2627.7,-1.0,-1.0,2,0,53.9,0.0,0.0,0.0,0.0,0.0
2026-09-19 18:11:35,mfsweep_shard0,SPT_SMPT,56,3379.60,101,0,0,2654.0,-1.0,-1.0,2,0,77.3,0.0,0.0,0.0,0.0,0.0
2026-09-19 18:11:35,mfsweep_shard0,SPT_SMPT,56,3379.60,102,0,0,2680.3,-1.0,-1.0,2,0,76.0,0.0,0.0,0.0,0.0,0.0
2026-09-19 18:11:35,mfsweep_shard0,SPT_SMPT,56,3379.60,103,0,0,2706.6,-1.0,-1.0,2,0,71.2,0.0,0.0,0.0,0.0,0.0
2026-09-19 18:11:35,mfsweep_shard0,SPT_SMPT,56,3379.60,104,0,0,2732.9,-1.0,-1.0,2,0,62.3,0.0,0.0,0.0,0.0,0.0
2026-09-19 18:11:35,mfsweep_shard0,SPT_SMPT,56,3379.60,105,0,0,2759.1,-1.0,-1.0,2,0,74.7,0.0,0.0,0.0,0.0,0.0
2026-09-19 18:11:35,mfsweep_shard0,SPT_SMPT,56,3379.60,106,0,0,2785.4,-1.0,-1.0,2,0,57.2,0.0,0.0,0.0,0.0,0.0
2026-09-19 18:11:35,mfsweep_shard0,SPT_SMPT,56,3379.60,107,0,0,2811.7,-1.0,-1.0,2,0,67.9,0.0,0.0,0.0,0.0,0.0
2026-09-19 18:11:35,mfsweep_shard0,SPT_SMPT,56,3379.60,108,0,0,2838.0,-1.0,-1.0,2,0,68.5,0.0,0.0,0.0,0.0,0.0
2026-09-19 18:11:35,mfsweep_shard0,SPT_SMPT,56,3379.60,109,0,0,2864.2,-1.0,-1.0,2,0,85.0,0.0,0.0,0.0,0.0,0.0
2026-09-19 18:11:35,mfsweep_shard0,SPT_SMPT,56,3379.60,110,0,0,2890.5,-1.0,-1.0,2,0,82.4,0.0,0.0,0.0,0.0,0.0
2026-09-19 18:11:35,mfsweep_shard0,SPT_SMPT,56,3379.60,111,0,0,2916.8,-1.0,-1.0,2,0,62.2,0.0,0.0,0.0,0.0,0.0
2026-09-19 18:11:35,mfsweep_shard0,SPT_SMPT,56,3379.60,112,0,0,2943.1,-1.0,-1.0,2,0,70.0,0.0,0.0,0.0,0.0,0.0
2026-09-19 18:11:35,mfsweep_shard0,SPT_SMPT,56,3379.60,113,0,0,2969.3,-1.0,-1.0,2,0,59.4,0.0,0.0,0.0,0.0,0.0
2026-09-19 18:11:35,mfsweep_shard0,SPT_SMPT,56,3379.60,114,0,0,2995.6,-1.0,-1.0,2,0,83.6,0.0,0.0,0.0,0.0,0.0
2026-09-19 18:11:35,mfsweep_shard0,SPT_SMPT,56,3379.60,115,0,0,3021.9,-1.0,-1.0,2,0,82.2,0.0,0.0,0.0,0.0,0.0
2026-09-19 18:11:35,mfsweep_shard0,SPT_SMPT,56,3379.60,116,0,0,3048.2,-1.0,-1.0,2,0,63.4,0.0,0.0,0.0,0.0,0.0
2026-09-19 18:11:35,mfsweep_shard0,SPT_SMPT,56,3379.60,117,0,0,3074.5,-1.0,-1.0,2,0,74.6,0.0,0.0,0.0,0.0,0.0
2026-09-19 18:11:35,mfsweep_shard0,SPT_SMPT,56,3379.60,118,0,0,3100.7,-1.0,-1.0,2,0,73.6,0.0,0.0,0.0,0.0,0.0
2026-09-19 18:11:35,mfsweep_shard0,SPT_SMPT,56,3379.60,119,0,0,3127.0,-1.0,-1.0,2,0,58.5,0.0,0.0,0.0,0.0,0.0
2026-09-19 18:11:35,mfsweep_shard0,SPT_SMPT,56,3379.60,120,0,0,3153.3,-1.0,-1.0,2,0,78.7,0.0,0.0,0.0,0.0,0.0
2026-09-19 18:11:35,mfsweep_shard0,SPT_SMPT,56,3379.60,121,0,0,3179.6,-1.0,-1.0,2,0,71.3,0.0,0.0,0.0,0.0,0.0
2026-09-19 18:11:35,mfsweep_shard0,SPT_SMPT,56,3379.60,122,0,0,3205.8,-1.0,-1.0,2,0,79.2,0.0,0.0,0.0,0.0,0.0
2026-09-19 18:11:35,mfsweep_shard0,SPT_SMPT,56,3379.60,123,0,0,3232.1,-1.0,-1.0,2,0,71.0,0.0,0.0,0.0,0.0,0.0
2026-09-19 18:11:35,mfsweep_shard0,SPT_SMPT,56,3379.60,124,0,0,3258.4,-1.0,-1.0,2,0,53.5,0.0,0.0,0.0,0.0,0.0
2026-09-19 18:11:35,mfsweep_shard0,SPT_SMPT,56,3379.60,125,0,0,3284.7,-1.0,-1.0,2,0,64.2,0.0,0.0,0.0,0.0,0.0
2026-09-19 18:11:35,mfsweep_shard0,SPT_SMPT,56,3379.60,126,0,0,3311.0,-1.0,-1.0,2,0,54.1,0.0,0.0,0.0,0.0,0.0
2026-09-19 18:11:35,mfsweep_shard0,SPT_SMPT,56,3379.60,127,0,0,3337.2,-1.0,-1.0,2,0,84.2,0.0,0.0,0.0,0.0,0.0
2026-09-19 18:11:35,mfsweep_shard0,SPT_SMPT,56,3379.60,128,0,0,3363.5,-1.0,-1.0,2,0,82.5,0.0,0.0,0.0,0.0,0.0
2026-09-19 18:14:11,mfsweep_shard0,SPT_SMPT,57,4102.18,0,0,1,0.0,311.3,311.3,2,2,74.6,0.0,97.4,110.4,0.0,103.4
2026-09-19 18:14:11,mfsweep_shard0,SPT_SMPT,57,4102.18,1,0,1,26.3,239.5,213.2,2,2,54.4,0.0,72.7,86.1,0.0,54.4
2026-09-19 18:14:11,mfsweep_shard0,SPT_SMPT,57,4102.18,2,0,0,52.6,-1.0,-1.0,2,2,62.6,0.0,3656.0,125.2,42.7,101.6
2026-09-19 18:14:11,mfsweep_shard0,SPT_SMPT,57,4102.18,3,0,1,78.8,331.0,252.1,2,2,60.9,0.0,95.1,96.1,0.0,60.9
2026-09-19 18:14:11,mfsweep_shard0,SPT_SMPT,57,4102.18,4,0,1,105.1,373.9,268.8,2,2,77.8,0.0,75.8,115.2,0.0,77.8
2026-09-19 18:14:11,mfsweep_shard0,SPT_SMPT,57,4102.18,5,0,1,131.4,417.2,285.8,2,2,75.9,0.0,52.1,136.0,21.8,75.9
2026-09-19 18:14:11,mfsweep_shard0,SPT_SMPT,57,4102.18,6,0,0,157.7,-1.0,-1.0,2,2,83.0,0.0,3402.5,61.4,268.7,138.7
2026-09-19 18:14:11,mfsweep_shard0,SPT_SMPT,57,4102.18,7,0,0,183.9,-1.0,-1.0,2,2,56.4,0.0,335.4,3336.1,99.5,56.4
2026-09-19 18:14:11,mfsweep_shard0,SPT_SMPT,57,4102.18,8,0,0,210.2,-1.0,-1.0,2,2,67.5,0.0,3520.1,91.1,139.9,67.5
2026-09-19 18:14:11,mfsweep_shard0,SPT_SMPT,57,4102.18,9,0,0,236.5,-1.0,-1.0,2,2,54.5,0.0,3407.4,278.9,0.7,54.5
2026-09-19 18:14:11,mfsweep_shard0,SPT_SMPT,57,4102.18,10,0,0,262.8,-1.0,-1.0,2,1,60.7,0.1,2820.6,949.6,0.0,15.0
2026-09-19 18:14:11,mfsweep_shard0,SPT_SMPT,57,4102.18,11,0,0,289.1,-1.0,-1.0,2,1,70.2,0.2,2651.4,955.2,7.9,15.0
2026-09-19 18:14:11,mfsweep_shard0,SPT_SMPT,57,4102.18,12,0,0,315.3,-1.0,-1.0,2,2,54.4,0.0,3487.0,95.3,34.6,54.4
2026-09-19 18:14:11,mfsweep_shard0,SPT_SMPT,57,4102.18,13,0,0,341.6,-1.0,-1.0,2,1,60.1,0.1,2741.3,950.1,0.0,15.0
2026-09-19 18:14:11,mfsweep_shard0,SPT_SMPT,57,4102.18,14,0,0,367.9,-1.0,-1.0,2,1,75.0,0.3,2557.9,1107.0,0.0,15.0
2026-09-19 18:14:11,mfsweep_shard0,SPT_SMPT,57,4102.18,15,0,0,394.2,-1.0,-1.0,2,0,71.5,0.1,2167.9,1529.7,0.0,0.0
2026-09-19 18:14:11,mfsweep_shard0,SPT_SMPT,57,4102.18,16,0,0,420.4,-1.0,-1.0,2,0,60.8,0.2,3319.2,309.8,0.0,0.0
2026-09-19 18:14:11,mfsweep_shard0,SPT_SMPT,57,4102.18,17,0,0,446.7,-1.0,-1.0,2,0,73.0,0.4,2715.4,283.6,0.0,0.0
2026-09-19 18:14:11,mfsweep_shard0,SPT_SMPT,57,4102.18,18,0,0,473.0,-1.0,-1.0,2,0,80.2,0.1,1456.4,180.2,0.0,0.0
2026-09-19 18:14:11,mfsweep_shard0,SPT_SMPT,57,4102.18,19,0,0,499.3,-1.0,-1.0,2,0,53.7,0.1,1077.9,0.0,0.0,0.0
2026-09-19 18:14:11,mfsweep_shard0,SPT_SMPT,57,4102.18,20,0,0,525.6,-1.0,-1.0,2,0,80.1,0.1,1051.6,0.0,0.0,0.0
2026-09-19 18:14:11,mfsweep_shard0,SPT_SMPT,57,4102.18,21,0,0,551.8,-1.0,-1.0,2,0,76.5,0.2,1025.4,0.0,0.0,0.0
2026-09-19 18:14:11,mfsweep_shard0,SPT_SMPT,57,4102.18,22,0,0,578.1,-1.0,-1.0,2,0,64.7,0.0,0.0,0.0,0.0,0.0
2026-09-19 18:14:11,mfsweep_shard0,SPT_SMPT,57,4102.18,23,0,0,604.4,-1.0,-1.0,2,0,58.6,0.0,0.0,0.0,0.0,0.0
2026-09-19 18:14:11,mfsweep_shard0,SPT_SMPT,57,4102.18,24,0,0,630.7,-1.0,-1.0,2,0,85.1,0.0,0.0,0.0,0.0,0.0
2026-09-19 18:14:11,mfsweep_shard0,SPT_SMPT,57,4102.18,25,0,0,656.9,-1.0,-1.0,2,0,64.6,0.0,0.0,0.0,0.0,0.0
2026-09-19 18:14:11,mfsweep_shard0,SPT_SMPT,57,4102.18,26,0,0,683.2,-1.0,-1.0,2,0,56.6,0.0,0.0,0.0,0.0,0.0
2026-09-19 18:14:11,mfsweep_shard0,SPT_SMPT,57,4102.18,27,0,0,709.5,-1.0,-1.0,2,0,56.7,0.0,0.0,0.0,0.0,0.0
2026-09-19 18:14:11,mfsweep_shard0,SPT_SMPT,57,4102.18,28,0,0,735.8,-1.0,-1.0,2,0,81.5,0.0,0.0,0.0,0.0,0.0
2026-09-19 18:14:11,mfsweep_shard0,SPT_SMPT,57,4102.18,29,0,0,762.0,-1.0,-1.0,2,0,73.4,0.0,0.0,0.0,0.0,0.0
2026-09-19 18:14:11,mfsweep_shard0,SPT_SMPT,57,4102.18,30,0,0,788.3,-1.0,-1.0,2,0,80.1,0.0,0.0,0.0,0.0,0.0
2026-09-19 18:14:11,mfsweep_shard0,SPT_SMPT,57,4102.18,31,0,0,814.6,-1.0,-1.0,2,0,77.6,0.0,0.0,0.0,0.0,0.0
2026-09-19 18:14:11,mfsweep_shard0,SPT_SMPT,57,4102.18,32,0,0,840.9,-1.0,-1.0,2,0,71.2,0.0,0.0,0.0,0.0,0.0
2026-09-19 18:14:11,mfsweep_shard0,SPT_SMPT,57,4102.18,33,0,0,867.2,-1.0,-1.0,2,0,85.6,0.0,0.0,0.0,0.0,0.0
2026-09-19 18:14:11,mfsweep_shard0,SPT_SMPT,57,4102.18,34,0,0,893.4,-1.0,-1.0,2,0,66.0,0.0,0.0,0.0,0.0,0.0
2026-09-19 18:14:11,mfsweep_shard0,SPT_SMPT,57,4102.18,35,0,0,919.7,-1.0,-1.0,2,0,71.7,0.0,0.0,0.0,0.0,0.0
2026-09-19 18:14:11,mfsweep_shard0,SPT_SMPT,57,4102.18,36,0,0,946.0,-1.0,-1.0,2,0,80.9,0.0,0.0,0.0,0.0,0.0
2026-09-19 18:14:11,mfsweep_shard0,SPT_SMPT,57,4102.18,37,0,0,972.3,-1.0,-1.0,2,0,73.9,0.0,0.0,0.0,0.0,0.0
2026-09-19 18:14:11,mfsweep_shard0,SPT_SMPT,57,4102.18,38,0,0,998.5,-1.0,-1.0,2,0,81.9,0.0,0.0,0.0,0.0,0.0
2026-09-19 18:14:11,mfsweep_shard0,SPT_SMPT,57,4102.18,39,0,0,1024.8,-1.0,-1.0,2,0,72.6,0.0,0.0,0.0,0.0,0.0
2026-09-19 18:14:11,mfsweep_shard0,SPT_SMPT,57,4102.18,40,0,0,1051.1,-1.0,-1.0,2,0,76.8,0.0,0.0,0.0,0.0,0.0
2026-09-19 18:14:11,mfsweep_shard0,SPT_SMPT,57,4102.18,41,0,0,1077.4,-1.0,-1.0,2,0,55.0,0.0,0.0,0.0,0.0,0.0
2026-09-19 18:14:11,mfsweep_shard0,SPT_SMPT,57,4102.18,42,0,0,1103.7,-1.0,-1.0,2,0,61.0,0.0,0.0,0.0,0.0,0.0
2026-09-19 18:14:11,mfsweep_shard0,SPT_SMPT,57,4102.18,43,0,0,1129.9,-1.0,-1.0,2,0,63.1,0.0,0.0,0.0,0.0,0.0
2026-09-19 18:14:11,mfsweep_shard0,SPT_SMPT,57,4102.18,44,0,0,1156.2,-1.0,-1.0,2,0,56.1,0.0,0.0,0.0,0.0,0.0
2026-09-19 18:14:11,mfsweep_shard0,SPT_SMPT,57,4102.18,45,0,0,1182.5,-1.0,-1.0,2,0,61.2,0.0,0.0,0.0,0.0,0.0
2026-09-19 18:14:11,mfsweep_shard0,SPT_SMPT,57,4102.18,46,0,0,1208.8,-1.0,-1.0,2,0,56.8,0.0,0.0,0.0,0.0,0.0
2026-09-19 18:14:11,mfsweep_shard0,SPT_SMPT,57,4102.18,47,0,0,1235.0,-1.0,-1.0,2,0,62.7,0.0,0.0,0.0,0.0,0.0
2026-09-19 18:14:11,mfsweep_shard0,SPT_SMPT,57,4102.18,48,0,0,1261.3,-1.0,-1.0,2,0,74.5,0.0,0.0,0.0,0.0,0.0
2026-09-19 18:14:11,mfsweep_shard0,SPT_SMPT,57,4102.18,49,0,0,1287.6,-1.0,-1.0,2,0,65.5,0.0,0.0,0.0,0.0,0.0
2026-09-19 18:14:11,mfsweep_shard0,SPT_SMPT,57,4102.18,50,0,0,1313.9,-1.0,-1.0,2,0,65.7,0.0,0.0,0.0,0.0,0.0
2026-09-19 18:14:11,mfsweep_shard0,SPT_SMPT,57,4102.18,51,0,0,1340.2,-1.0,-1.0,2,0,60.4,0.0,0.0,0.0,0.0,0.0
2026-09-19 18:14:11,mfsweep_shard0,SPT_SMPT,57,4102.18,52,0,0,1366.4,-1.0,-1.0,2,0,62.3,0.0,0.0,0.0,0.0,0.0
2026-09-19 18:14:11,mfsweep_shard0,SPT_SMPT,57,4102.18,53,0,0,1392.7,-1.0,-1.0,2,0,84.4,0.0,0.0,0.0,0.0,0.0
2026-09-19 18:14:11,mfsweep_shard0,SPT_SMPT,57,4102.18,54,0,0,1419.0,-1.0,-1.0,2,0,74.9,0.0,0.0,0.0,0.0,0.0
2026-09-19 18:14:11,mfsweep_shard0,SPT_SMPT,57,4102.18,55,0,0,1445.3,-1.0,-1.0,2,0,73.6,0.0,0.0,0.0,0.0,0.0
2026-09-19 18:14:11,mfsweep_shard0,SPT_SMPT,57,4102.18,56,0,0,1471.5,-1.0,-1.0,2,0,59.2,0.0,0.0,0.0,0.0,0.0
2026-09-19 18:14:11,mfsweep_shard0,SPT_SMPT,57,4102.18,57,0,0,1497.8,-1.0,-1.0,2,0,77.6,0.0,0.0,0.0,0.0,0.0
2026-09-19 18:14:11,mfsweep_shard0,SPT_SMPT,57,4102.18,58,0,0,1524.1,-1.0,-1.0,2,0,58.9,0.0,0.0,0.0,0.0,0.0
2026-09-19 18:14:11,mfsweep_shard0,SPT_SMPT,57,4102.18,59,0,0,1550.4,-1.0,-1.0,2,0,66.0,0.0,0.0,0.0,0.0,0.0
2026-09-19 18:14:11,mfsweep_shard0,SPT_SMPT,57,4102.18,60,0,0,1576.6,-1.0,-1.0,2,0,86.2,0.0,0.0,0.0,0.0,0.0
2026-09-19 18:14:11,mfsweep_shard0,SPT_SMPT,57,4102.18,61,0,0,1602.9,-1.0,-1.0,2,0,74.6,0.0,0.0,0.0,0.0,0.0
2026-09-19 18:14:11,mfsweep_shard0,SPT_SMPT,57,4102.18,62,0,0,1629.2,-1.0,-1.0,2,0,71.9,0.0,0.0,0.0,0.0,0.0
2026-09-19 18:14:11,mfsweep_shard0,SPT_SMPT,57,4102.18,63,0,0,1655.5,-1.0,-1.0,2,0,76.1,0.0,0.0,0.0,0.0,0.0
2026-09-19 18:14:11,mfsweep_shard0,SPT_SMPT,57,4102.18,64,0,0,1681.8,-1.0,-1.0,2,0,81.3,0.0,0.0,0.0,0.0,0.0
2026-09-19 18:14:11,mfsweep_shard0,SPT_SMPT,57,4102.18,65,0,0,1708.0,-1.0,-1.0,2,0,79.1,0.0,0.0,0.0,0.0,0.0
2026-09-19 18:14:11,mfsweep_shard0,SPT_SMPT,57,4102.18,66,0,0,1734.3,-1.0,-1.0,2,0,61.1,0.0,0.0,0.0,0.0,0.0
2026-09-19 18:14:11,mfsweep_shard0,SPT_SMPT,57,4102.18,67,0,0,1760.6,-1.0,-1.0,2,0,54.6,0.0,0.0,0.0,0.0,0.0
2026-09-19 18:14:11,mfsweep_shard0,SPT_SMPT,57,4102.18,68,0,0,1786.9,-1.0,-1.0,2,0,63.9,0.0,0.0,0.0,0.0,0.0
2026-09-19 18:14:11,mfsweep_shard0,SPT_SMPT,57,4102.18,69,0,0,1813.1,-1.0,-1.0,2,0,62.3,0.0,0.0,0.0,0.0,0.0
2026-09-19 18:14:11,mfsweep_shard0,SPT_SMPT,57,4102.18,70,0,0,1839.4,-1.0,-1.0,2,0,60.5,0.0,0.0,0.0,0.0,0.0
2026-09-19 18:14:11,mfsweep_shard0,SPT_SMPT,57,4102.18,71,0,0,1865.7,-1.0,-1.0,2,0,84.6,0.0,0.0,0.0,0.0,0.0
2026-09-19 18:14:11,mfsweep_shard0,SPT_SMPT,57,4102.18,72,0,0,1892.0,-1.0,-1.0,2,0,82.4,0.0,0.0,0.0,0.0,0.0
2026-09-19 18:14:11,mfsweep_shard0,SPT_SMPT,57,4102.18,73,0,0,1918.3,-1.0,-1.0,2,0,63.9,0.0,0.0,0.0,0.0,0.0
2026-09-19 18:14:11,mfsweep_shard0,SPT_SMPT,57,4102.18,74,0,0,1944.5,-1.0,-1.0,2,0,75.1,0.0,0.0,0.0,0.0,0.0
2026-09-19 18:14:11,mfsweep_shard0,SPT_SMPT,57,4102.18,75,0,0,1970.8,-1.0,-1.0,2,0,66.6,0.0,0.0,0.0,0.0,0.0
2026-09-19 18:14:11,mfsweep_shard0,SPT_SMPT,57,4102.18,76,0,0,1997.1,-1.0,-1.0,2,0,83.7,0.0,0.0,0.0,0.0,0.0
2026-09-19 18:14:11,mfsweep_shard0,SPT_SMPT,57,4102.18,77,0,0,2023.4,-1.0,-1.0,2,0,68.6,0.0,0.0,0.0,0.0,0.0
2026-09-19 18:14:11,mfsweep_shard0,SPT_SMPT,57,4102.18,78,0,0,2049.6,-1.0,-1.0,2,0,62.2,0.0,0.0,0.0,0.0,0.0
2026-09-19 18:14:11,mfsweep_shard0,SPT_SMPT,57,4102.18,79,0,0,2075.9,-1.0,-1.0,2,0,61.6,0.0,0.0,0.0,0.0,0.0
2026-09-19 18:14:11,mfsweep_shard0,SPT_SMPT,57,4102.18,80,0,0,2102.2,-1.0,-1.0,2,0,72.0,0.0,0.0,0.0,0.0,0.0
2026-09-19 18:14:11,mfsweep_shard0,SPT_SMPT,57,4102.18,81,0,0,2128.5,-1.0,-1.0,2,0,62.2,0.0,0.0,0.0,0.0,0.0
2026-09-19 18:14:11,mfsweep_shard0,SPT_SMPT,57,4102.18,82,0,0,2154.7,-1.0,-1.0,2,0,72.8,0.0,0.0,0.0,0.0,0.0
2026-09-19 18:14:11,mfsweep_shard0,SPT_SMPT,57,4102.18,83,0,0,2181.0,-1.0,-1.0,2,0,83.1,0.0,0.0,0.0,0.0,0.0
2026-09-19 18:14:11,mfsweep_shard0,SPT_SMPT,57,4102.18,84,0,0,2207.3,-1.0,-1.0,2,0,66.7,0.0,0.0,0.0,0.0,0.0
2026-09-19 18:14:11,mfsweep_shard0,SPT_SMPT,57,4102.18,85,0,0,2233.6,-1.0,-1.0,2,0,60.7,0.0,0.0,0.0,0.0,0.0
2026-09-19 18:14:11,mfsweep_shard0,SPT_SMPT,57,4102.18,86,0,0,2259.9,-1.0,-1.0,2,0,86.4,0.0,0.0,0.0,0.0,0.0
2026-09-19 18:14:11,mfsweep_shard0,SPT_SMPT,57,4102.18,87,0,0,2286.1,-1.0,-1.0,2,0,70.3,0.0,0.0,0.0,0.0,0.0
2026-09-19 18:14:11,mfsweep_shard0,SPT_SMPT,57,4102.18,88,0,0,2312.4,-1.0,-1.0,2,0,56.5,0.0,0.0,0.0,0.0,0.0
2026-09-19 18:14:11,mfsweep_shard0,SPT_SMPT,57,4102.18,89,0,0,2338.7,-1.0,-1.0,2,0,55.1,0.0,0.0,0.0,0.0,0.0
2026-09-19 18:14:11,mfsweep_shard0,SPT_SMPT,57,4102.18,90,0,0,2365.0,-1.0,-1.0,2,0,57.1,0.0,0.0,0.0,0.0,0.0
2026-09-19 18:14:11,mfsweep_shard0,SPT_SMPT,57,4102.18,91,0,0,2391.2,-1.0,-1.0,2,0,74.2,0.0,0.0,0.0,0.0,0.0
2026-09-19 18:14:11,mfsweep_shard0,SPT_SMPT,57,4102.18,92,0,0,2417.5,-1.0,-1.0,2,0,79.6,0.0,0.0,0.0,0.0,0.0
2026-09-19 18:14:11,mfsweep_shard0,SPT_SMPT,57,4102.18,93,0,0,2443.8,-1.0,-1.0,2,0,67.4,0.0,0.0,0.0,0.0,0.0
2026-09-19 18:14:11,mfsweep_shard0,SPT_SMPT,57,4102.18,94,0,0,2470.1,-1.0,-1.0,2,0,55.6,0.0,0.0,0.0,0.0,0.0
2026-09-19 18:14:11,mfsweep_shard0,SPT_SMPT,57,4102.18,95,0,0,2496.4,-1.0,-1.0,2,0,66.1,0.0,0.0,0.0,0.0,0.0
2026-09-19 18:14:11,mfsweep_shard0,SPT_SMPT,57,4102.18,96,0,0,2522.6,-1.0,-1.0,2,0,86.4,0.0,0.0,0.0,0.0,0.0
2026-09-19 18:14:11,mfsweep_shard0,SPT_SMPT,57,4102.18,97,0,0,2548.9,-1.0,-1.0,2,0,71.0,0.0,0.0,0.0,0.0,0.0
2026-09-19 18:14:11,mfsweep_shard0,SPT_SMPT,57,4102.18,98,0,0,2575.2,-1.0,-1.0,2,0,85.6,0.0,0.0,0.0,0.0,0.0
2026-09-19 18:14:11,mfsweep_shard0,SPT_SMPT,57,4102.18,99,0,0,2601.5,-1.0,-1.0,2,0,81.9,0.0,0.0,0.0,0.0,0.0
2026-09-19 18:14:11,mfsweep_shard0,SPT_SMPT,57,4102.18,100,0,0,2627.7,-1.0,-1.0,2,0,53.9,0.0,0.0,0.0,0.0,0.0
2026-09-19 18:14:11,mfsweep_shard0,SPT_SMPT,57,4102.18,101,0,0,2654.0,-1.0,-1.0,2,0,77.3,0.0,0.0,0.0,0.0,0.0
2026-09-19 18:14:11,mfsweep_shard0,SPT_SMPT,57,4102.18,102,0,0,2680.3,-1.0,-1.0,2,0,76.0,0.0,0.0,0.0,0.0,0.0
2026-09-19 18:14:11,mfsweep_shard0,SPT_SMPT,57,4102.18,103,0,0,2706.6,-1.0,-1.0,2,0,71.2,0.0,0.0,0.0,0.0,0.0
2026-09-19 18:14:11,mfsweep_shard0,SPT_SMPT,57,4102.18,104,0,0,2732.9,-1.0,-1.0,2,0,62.3,0.0,0.0,0.0,0.0,0.0
2026-09-19 18:14:11,mfsweep_shard0,SPT_SMPT,57,4102.18,105,0,0,2759.1,-1.0,-1.0,2,0,74.7,0.0,0.0,0.0,0.0,0.0
2026-09-19 18:14:11,mfsweep_shard0,SPT_SMPT,57,4102.18,106,0,0,2785.4,-1.0,-1.0,2,0,57.2,0.0,0.0,0.0,0.0,0.0
2026-09-19 18:14:11,mfsweep_shard0,SPT_SMPT,57,4102.18,107,0,0,2811.7,-1.0,-1.0,2,0,67.9,0.0,0.0,0.0,0.0,0.0
2026-09-19 18:14:11,mfsweep_shard0,SPT_SMPT,57,4102.18,108,0,0,2838.0,-1.0,-1.0,2,0,68.5,0.0,0.0,0.0,0.0,0.0
2026-09-19 18:14:11,mfsweep_shard0,SPT_SMPT,57,4102.18,109,0,0,2864.2,-1.0,-1.0,2,0,85.0,0.0,0.0,0.0,0.0,0.0
2026-09-19 18:14:11,mfsweep_shard0,SPT_SMPT,57,4102.18,110,0,0,2890.5,-1.0,-1.0,2,0,82.4,0.0,0.0,0.0,0.0,0.0
2026-09-19 18:14:11,mfsweep_shard0,SPT_SMPT,57,4102.18,111,0,0,2916.8,-1.0,-1.0,2,0,62.2,0.0,0.0,0.0,0.0,0.0
2026-09-19 18:14:11,mfsweep_shard0,SPT_SMPT,57,4102.18,112,0,0,2943.1,-1.0,-1.0,2,0,70.0,0.0,0.0,0.0,0.0,0.0
2026-09-19 18:14:11,mfsweep_shard0,SPT_SMPT,57,4102.18,113,0,0,2969.3,-1.0,-1.0,2,0,59.4,0.0,0.0,0.0,0.0,0.0
2026-09-19 18:14:11,mfsweep_shard0,SPT_SMPT,57,4102.18,114,0,0,2995.6,-1.0,-1.0,2,0,83.6,0.0,0.0,0.0,0.0,0.0
2026-09-19 18:14:11,mfsweep_shard0,SPT_SMPT,57,4102.18,115,0,0,3021.9,-1.0,-1.0,2,0,82.2,0.0,0.0,0.0,0.0,0.0
2026-09-19 18:14:11,mfsweep_shard0,SPT_SMPT,57,4102.18,116,0,0,3048.2,-1.0,-1.0,2,0,63.4,0.0,0.0,0.0,0.0,0.0
2026-09-19 18:14:11,mfsweep_shard0,SPT_SMPT,57,4102.18,117,0,0,3074.5,-1.0,-1.0,2,0,74.6,0.0,0.0,0.0,0.0,0.0
2026-09-19 18:14:11,mfsweep_shard0,SPT_SMPT,57,4102.18,118,0,0,3100.7,-1.0,-1.0,2,0,73.6,0.0,0.0,0.0,0.0,0.0
2026-09-19 18:14:11,mfsweep_shard0,SPT_SMPT,57,4102.18,119,0,0,3127.0,-1.0,-1.0,2,0,58.5,0.0,0.0,0.0,0.0,0.0
2026-09-19 18:14:11,mfsweep_shard0,SPT_SMPT,57,4102.18,120,0,0,3153.3,-1.0,-1.0,2,0,78.7,0.0,0.0,0.0,0.0,0.0
2026-09-19 18:14:11,mfsweep_shard0,SPT_SMPT,57,4102.18,121,0,0,3179.6,-1.0,-1.0,2,0,71.3,0.0,0.0,0.0,0.0,0.0
2026-09-19 18:14:11,mfsweep_shard0,SPT_SMPT,57,4102.18,122,0,0,3205.8,-1.0,-1.0,2,0,79.2,0.0,0.0,0.0,0.0,0.0
2026-09-19 18:14:11,mfsweep_shard0,SPT_SMPT,57,4102.18,123,0,0,3232.1,-1.0,-1.0,2,0,71.0,0.0,0.0,0.0,0.0,0.0
2026-09-19 18:14:11,mfsweep_shard0,SPT_SMPT,57,4102.18,124,0,0,3258.4,-1.0,-1.0,2,0,53.5,0.0,0.0,0.0,0.0,0.0
2026-09-19 18:14:11,mfsweep_shard0,SPT_SMPT,57,4102.18,125,0,0,3284.7,-1.0,-1.0,2,0,64.2,0.0,0.0,0.0,0.0,0.0
2026-09-19 18:14:11,mfsweep_shard0,SPT_SMPT,57,4102.18,126,0,0,3311.0,-1.0,-1.0,2,0,54.1,0.0,0.0,0.0,0.0,0.0
2026-09-19 18:14:11,mfsweep_shard0,SPT_SMPT,57,4102.18,127,0,0,3337.2,-1.0,-1.0,2,0,84.2,0.0,0.0,0.0,0.0,0.0
2026-09-19 18:14:11,mfsweep_shard0,SPT_SMPT,57,4102.18,128,0,0,3363.5,-1.0,-1.0,2,0,82.5,0.0,0.0,0.0,0.0,0.0
2026-09-19 18:14:11,mfsweep_shard0,SPT_SMPT,57,4102.18,129,0,0,3389.8,-1.0,-1.0,2,0,80.9,0.0,0.0,0.0,0.0,0.0
2026-09-19 18:14:11,mfsweep_shard0,SPT_SMPT,57,4102.18,130,0,0,3416.1,-1.0,-1.0,2,0,63.7,0.0,0.0,0.0,0.0,0.0
2026-09-19 18:14:11,mfsweep_shard0,SPT_SMPT,57,4102.18,131,0,0,3442.3,-1.0,-1.0,2,0,55.4,0.0,0.0,0.0,0.0,0.0
2026-09-19 18:14:11,mfsweep_shard0,SPT_SMPT,57,4102.18,132,0,0,3468.6,-1.0,-1.0,2,0,82.5,0.0,0.0,0.0,0.0,0.0
2026-09-19 18:14:11,mfsweep_shard0,SPT_SMPT,57,4102.18,133,0,0,3494.9,-1.0,-1.0,2,0,84.8,0.0,0.0,0.0,0.0,0.0
2026-09-19 18:14:11,mfsweep_shard0,SPT_SMPT,57,4102.18,134,0,0,3521.2,-1.0,-1.0,2,0,56.3,0.0,0.0,0.0,0.0,0.0
2026-09-19 18:14:11,mfsweep_shard0,SPT_SMPT,57,4102.18,135,0,0,3547.5,-1.0,-1.0,2,0,69.5,0.0,0.0,0.0,0.0,0.0
2026-09-19 18:14:11,mfsweep_shard0,SPT_SMPT,57,4102.18,136,0,0,3573.7,-1.0,-1.0,2,0,55.8,0.0,0.0,0.0,0.0,0.0
2026-09-19 18:16:18,mfsweep_shard0,SPT_SMPT,58,3419.68,0,0,1,0.0,246.1,246.1,2,2,74.6,0.0,62.6,108.8,0.0,74.6
2026-09-19 18:16:18,mfsweep_shard0,SPT_SMPT,58,3419.68,1,0,0,26.3,-1.0,-1.0,2,2,54.4,0.0,3089.2,47.1,96.4,78.4
2026-09-19 18:16:18,mfsweep_shard0,SPT_SMPT,58,3419.68,2,0,0,52.6,-1.0,-1.0,2,2,62.6,0.0,2974.7,255.7,0.0,62.6
2026-09-19 18:16:18,mfsweep_shard0,SPT_SMPT,58,3419.68,3,0,0,78.8,-1.0,-1.0,2,2,60.9,0.0,3142.0,48.3,19.3,60.9
2026-09-19 18:16:18,mfsweep_shard0,SPT_SMPT,58,3419.68,4,0,0,105.1,-1.0,-1.0,2,2,77.8,0.0,3101.1,57.6,34.1,77.8
2026-09-19 18:16:18,mfsweep_shard0,SPT_SMPT,58,3419.68,5,0,0,131.4,-1.0,-1.0,2,1,75.8,3.4,2941.1,251.7,0.0,15.0
2026-09-19 18:16:18,mfsweep_shard0,SPT_SMPT,58,3419.68,6,0,0,157.7,-1.0,-1.0,2,2,83.0,0.0,2150.9,805.7,75.1,83.0
2026-09-19 18:16:18,mfsweep_shard0,SPT_SMPT,58,3419.68,7,0,0,183.9,-1.0,-1.0,2,1,56.4,3.5,3093.2,46.9,0.0,15.0
2026-09-19 18:16:18,mfsweep_shard0,SPT_SMPT,58,3419.68,8,0,0,210.2,-1.0,-1.0,2,0,67.4,0.0,2711.9,417.2,0.0,0.0
2026-09-19 18:16:18,mfsweep_shard0,SPT_SMPT,58,3419.68,9,0,0,236.5,-1.0,-1.0,2,0,54.5,0.1,2397.3,639.9,0.0,0.0
2026-09-19 18:16:18,mfsweep_shard0,SPT_SMPT,58,3419.68,10,0,0,262.8,-1.0,-1.0,2,0,60.7,0.1,2108.5,720.7,0.0,0.0
2026-09-19 18:16:18,mfsweep_shard0,SPT_SMPT,58,3419.68,11,0,0,289.1,-1.0,-1.0,2,0,70.2,0.1,2428.4,554.7,0.0,0.0
2026-09-19 18:16:18,mfsweep_shard0,SPT_SMPT,58,3419.68,12,0,0,315.3,-1.0,-1.0,2,0,54.4,0.2,2776.6,0.0,0.0,0.0
2026-09-19 18:16:18,mfsweep_shard0,SPT_SMPT,58,3419.68,13,0,0,341.6,-1.0,-1.0,2,0,60.1,0.2,2750.3,0.0,0.0,0.0
2026-09-19 18:16:18,mfsweep_shard0,SPT_SMPT,58,3419.68,14,0,0,367.9,-1.0,-1.0,2,0,75.0,0.2,2904.2,0.0,0.0,0.0
2026-09-19 18:16:18,mfsweep_shard0,SPT_SMPT,58,3419.68,15,0,0,394.2,-1.0,-1.0,2,0,71.5,0.2,2877.9,0.0,0.0,0.0
2026-09-19 18:16:18,mfsweep_shard0,SPT_SMPT,58,3419.68,16,0,0,420.4,-1.0,-1.0,2,0,60.8,0.2,218.7,0.0,0.0,0.0
2026-09-19 18:16:18,mfsweep_shard0,SPT_SMPT,58,3419.68,17,0,0,446.7,-1.0,-1.0,2,0,73.0,0.2,192.4,0.0,0.0,0.0
2026-09-19 18:16:18,mfsweep_shard0,SPT_SMPT,58,3419.68,18,0,0,473.0,-1.0,-1.0,2,0,80.2,0.2,166.2,0.0,0.0,0.0
2026-09-19 18:16:18,mfsweep_shard0,SPT_SMPT,58,3419.68,19,0,0,499.3,-1.0,-1.0,2,0,53.7,0.2,139.9,0.0,0.0,0.0
2026-09-19 18:16:18,mfsweep_shard0,SPT_SMPT,58,3419.68,20,0,0,525.6,-1.0,-1.0,2,0,80.1,0.3,113.6,0.0,0.0,0.0
2026-09-19 18:16:18,mfsweep_shard0,SPT_SMPT,58,3419.68,21,0,0,551.8,-1.0,-1.0,2,0,76.5,0.3,87.3,0.0,0.0,0.0
2026-09-19 18:16:18,mfsweep_shard0,SPT_SMPT,58,3419.68,22,0,0,578.1,-1.0,-1.0,2,0,64.7,0.3,61.0,0.0,0.0,0.0
2026-09-19 18:16:18,mfsweep_shard0,SPT_SMPT,58,3419.68,23,0,0,604.4,-1.0,-1.0,2,0,58.6,0.3,34.8,0.0,0.0,0.0
2026-09-19 18:16:18,mfsweep_shard0,SPT_SMPT,58,3419.68,24,0,0,630.7,-1.0,-1.0,2,0,85.1,0.4,8.5,0.0,0.0,0.0
2026-09-19 18:16:18,mfsweep_shard0,SPT_SMPT,58,3419.68,25,0,0,656.9,-1.0,-1.0,2,0,64.6,0.0,0.0,0.0,0.0,0.0
2026-09-19 18:16:18,mfsweep_shard0,SPT_SMPT,58,3419.68,26,0,0,683.2,-1.0,-1.0,2,0,56.6,0.0,0.0,0.0,0.0,0.0
2026-09-19 18:16:18,mfsweep_shard0,SPT_SMPT,58,3419.68,27,0,0,709.5,-1.0,-1.0,2,0,56.7,0.0,0.0,0.0,0.0,0.0
2026-09-19 18:16:18,mfsweep_shard0,SPT_SMPT,58,3419.68,28,0,0,735.8,-1.0,-1.0,2,0,81.5,0.0,0.0,0.0,0.0,0.0
2026-09-19 18:16:18,mfsweep_shard0,SPT_SMPT,58,3419.68,29,0,0,762.0,-1.0,-1.0,2,0,73.4,0.0,0.0,0.0,0.0,0.0
2026-09-19 18:16:18,mfsweep_shard0,SPT_SMPT,58,3419.68,30,0,0,788.3,-1.0,-1.0,2,0,80.1,0.0,0.0,0.0,0.0,0.0
2026-09-19 18:16:18,mfsweep_shard0,SPT_SMPT,58,3419.68,31,0,0,814.6,-1.0,-1.0,2,0,77.6,0.0,0.0,0.0,0.0,0.0
2026-09-19 18:16:18,mfsweep_shard0,SPT_SMPT,58,3419.68,32,0,0,840.9,-1.0,-1.0,2,0,71.2,0.0,0.0,0.0,0.0,0.0
2026-09-19 18:16:18,mfsweep_shard0,SPT_SMPT,58,3419.68,33,0,0,867.2,-1.0,-1.0,2,0,85.6,0.0,0.0,0.0,0.0,0.0
2026-09-19 18:16:18,mfsweep_shard0,SPT_SMPT,58,3419.68,34,0,0,893.4,-1.0,-1.0,2,0,66.0,0.0,0.0,0.0,0.0,0.0
2026-09-19 18:16:18,mfsweep_shard0,SPT_SMPT,58,3419.68,35,0,0,919.7,-1.0,-1.0,2,0,71.7,0.0,0.0,0.0,0.0,0.0
2026-09-19 18:16:18,mfsweep_shard0,SPT_SMPT,58,3419.68,36,0,0,946.0,-1.0,-1.0,2,0,80.9,0.0,0.0,0.0,0.0,0.0
2026-09-19 18:16:18,mfsweep_shard0,SPT_SMPT,58,3419.68,37,0,0,972.3,-1.0,-1.0,2,0,73.9,0.0,0.0,0.0,0.0,0.0
2026-09-19 18:16:18,mfsweep_shard0,SPT_SMPT,58,3419.68,38,0,0,998.5,-1.0,-1.0,2,0,81.9,0.0,0.0,0.0,0.0,0.0
2026-09-19 18:16:18,mfsweep_shard0,SPT_SMPT,58,3419.68,39,0,0,1024.8,-1.0,-1.0,2,0,72.6,0.0,0.0,0.0,0.0,0.0
2026-09-19 18:16:18,mfsweep_shard0,SPT_SMPT,58,3419.68,40,0,0,1051.1,-1.0,-1.0,2,0,76.8,0.0,0.0,0.0,0.0,0.0
2026-09-19 18:16:18,mfsweep_shard0,SPT_SMPT,58,3419.68,41,0,0,1077.4,-1.0,-1.0,2,0,55.0,0.0,0.0,0.0,0.0,0.0
2026-09-19 18:16:18,mfsweep_shard0,SPT_SMPT,58,3419.68,42,0,0,1103.7,-1.0,-1.0,2,0,61.0,0.0,0.0,0.0,0.0,0.0
2026-09-19 18:16:18,mfsweep_shard0,SPT_SMPT,58,3419.68,43,0,0,1129.9,-1.0,-1.0,2,0,63.1,0.0,0.0,0.0,0.0,0.0
2026-09-19 18:16:18,mfsweep_shard0,SPT_SMPT,58,3419.68,44,0,0,1156.2,-1.0,-1.0,2,0,56.1,0.0,0.0,0.0,0.0,0.0
2026-09-19 18:16:18,mfsweep_shard0,SPT_SMPT,58,3419.68,45,0,0,1182.5,-1.0,-1.0,2,0,61.2,0.0,0.0,0.0,0.0,0.0
2026-09-19 18:16:18,mfsweep_shard0,SPT_SMPT,58,3419.68,46,0,0,1208.8,-1.0,-1.0,2,0,56.8,0.0,0.0,0.0,0.0,0.0
2026-09-19 18:16:18,mfsweep_shard0,SPT_SMPT,58,3419.68,47,0,0,1235.0,-1.0,-1.0,2,0,62.7,0.0,0.0,0.0,0.0,0.0
2026-09-19 18:16:18,mfsweep_shard0,SPT_SMPT,58,3419.68,48,0,0,1261.3,-1.0,-1.0,2,0,74.5,0.0,0.0,0.0,0.0,0.0
2026-09-19 18:16:18,mfsweep_shard0,SPT_SMPT,58,3419.68,49,0,0,1287.6,-1.0,-1.0,2,0,65.5,0.0,0.0,0.0,0.0,0.0
2026-09-19 18:16:18,mfsweep_shard0,SPT_SMPT,58,3419.68,50,0,0,1313.9,-1.0,-1.0,2,0,65.7,0.0,0.0,0.0,0.0,0.0
2026-09-19 18:16:18,mfsweep_shard0,SPT_SMPT,58,3419.68,51,0,0,1340.2,-1.0,-1.0,2,0,60.4,0.0,0.0,0.0,0.0,0.0
2026-09-19 18:16:18,mfsweep_shard0,SPT_SMPT,58,3419.68,52,0,0,1366.4,-1.0,-1.0,2,0,62.3,0.0,0.0,0.0,0.0,0.0
2026-09-19 18:16:18,mfsweep_shard0,SPT_SMPT,58,3419.68,53,0,0,1392.7,-1.0,-1.0,2,0,84.4,0.0,0.0,0.0,0.0,0.0
2026-09-19 18:16:18,mfsweep_shard0,SPT_SMPT,58,3419.68,54,0,0,1419.0,-1.0,-1.0,2,0,74.9,0.0,0.0,0.0,0.0,0.0
2026-09-19 18:16:18,mfsweep_shard0,SPT_SMPT,58,3419.68,55,0,0,1445.3,-1.0,-1.0,2,0,73.6,0.0,0.0,0.0,0.0,0.0
2026-09-19 18:16:18,mfsweep_shard0,SPT_SMPT,58,3419.68,56,0,0,1471.5,-1.0,-1.0,2,0,59.2,0.0,0.0,0.0,0.0,0.0
2026-09-19 18:16:18,mfsweep_shard0,SPT_SMPT,58,3419.68,57,0,0,1497.8,-1.0,-1.0,2,0,77.6,0.0,0.0,0.0,0.0,0.0
2026-09-19 18:16:18,mfsweep_shard0,SPT_SMPT,58,3419.68,58,0,0,1524.1,-1.0,-1.0,2,0,58.9,0.0,0.0,0.0,0.0,0.0
2026-09-19 18:16:18,mfsweep_shard0,SPT_SMPT,58,3419.68,59,0,0,1550.4,-1.0,-1.0,2,0,66.0,0.0,0.0,0.0,0.0,0.0
2026-09-19 18:16:18,mfsweep_shard0,SPT_SMPT,58,3419.68,60,0,0,1576.6,-1.0,-1.0,2,0,86.2,0.0,0.0,0.0,0.0,0.0
2026-09-19 18:16:18,mfsweep_shard0,SPT_SMPT,58,3419.68,61,0,0,1602.9,-1.0,-1.0,2,0,74.6,0.0,0.0,0.0,0.0,0.0
2026-09-19 18:16:18,mfsweep_shard0,SPT_SMPT,58,3419.68,62,0,0,1629.2,-1.0,-1.0,2,0,71.9,0.0,0.0,0.0,0.0,0.0
2026-09-19 18:16:18,mfsweep_shard0,SPT_SMPT,58,3419.68,63,0,0,1655.5,-1.0,-1.0,2,0,76.1,0.0,0.0,0.0,0.0,0.0
2026-09-19 18:16:18,mfsweep_shard0,SPT_SMPT,58,3419.68,64,0,0,1681.8,-1.0,-1.0,2,0,81.3,0.0,0.0,0.0,0.0,0.0
2026-09-19 18:16:18,mfsweep_shard0,SPT_SMPT,58,3419.68,65,0,0,1708.0,-1.0,-1.0,2,0,79.1,0.0,0.0,0.0,0.0,0.0
2026-09-19 18:16:18,mfsweep_shard0,SPT_SMPT,58,3419.68,66,0,0,1734.3,-1.0,-1.0,2,0,61.1,0.0,0.0,0.0,0.0,0.0
2026-09-19 18:16:18,mfsweep_shard0,SPT_SMPT,58,3419.68,67,0,0,1760.6,-1.0,-1.0,2,0,54.6,0.0,0.0,0.0,0.0,0.0
2026-09-19 18:16:18,mfsweep_shard0,SPT_SMPT,58,3419.68,68,0,0,1786.9,-1.0,-1.0,2,0,63.9,0.0,0.0,0.0,0.0,0.0
2026-09-19 18:16:18,mfsweep_shard0,SPT_SMPT,58,3419.68,69,0,0,1813.1,-1.0,-1.0,2,0,62.3,0.0,0.0,0.0,0.0,0.0
2026-09-19 18:16:18,mfsweep_shard0,SPT_SMPT,58,3419.68,70,0,0,1839.4,-1.0,-1.0,2,0,60.5,0.0,0.0,0.0,0.0,0.0
2026-09-19 18:16:18,mfsweep_shard0,SPT_SMPT,58,3419.68,71,0,0,1865.7,-1.0,-1.0,2,0,84.6,0.0,0.0,0.0,0.0,0.0
2026-09-19 18:16:18,mfsweep_shard0,SPT_SMPT,58,3419.68,72,0,0,1892.0,-1.0,-1.0,2,0,82.4,0.0,0.0,0.0,0.0,0.0
2026-09-19 18:16:18,mfsweep_shard0,SPT_SMPT,58,3419.68,73,0,0,1918.3,-1.0,-1.0,2,0,63.9,0.0,0.0,0.0,0.0,0.0
2026-09-19 18:16:18,mfsweep_shard0,SPT_SMPT,58,3419.68,74,0,0,1944.5,-1.0,-1.0,2,0,75.1,0.0,0.0,0.0,0.0,0.0
2026-09-19 18:16:18,mfsweep_shard0,SPT_SMPT,58,3419.68,75,0,0,1970.8,-1.0,-1.0,2,0,66.6,0.0,0.0,0.0,0.0,0.0
2026-09-19 18:16:18,mfsweep_shard0,SPT_SMPT,58,3419.68,76,0,0,1997.1,-1.0,-1.0,2,0,83.7,0.0,0.0,0.0,0.0,0.0
2026-09-19 18:16:18,mfsweep_shard0,SPT_SMPT,58,3419.68,77,0,0,2023.4,-1.0,-1.0,2,0,68.6,0.0,0.0,0.0,0.0,0.0
2026-09-19 18:16:18,mfsweep_shard0,SPT_SMPT,58,3419.68,78,0,0,2049.6,-1.0,-1.0,2,0,62.2,0.0,0.0,0.0,0.0,0.0
2026-09-19 18:16:18,mfsweep_shard0,SPT_SMPT,58,3419.68,79,0,0,2075.9,-1.0,-1.0,2,0,61.6,0.0,0.0,0.0,0.0,0.0
2026-09-19 18:16:18,mfsweep_shard0,SPT_SMPT,58,3419.68,80,0,0,2102.2,-1.0,-1.0,2,0,72.0,0.0,0.0,0.0,0.0,0.0
2026-09-19 18:16:18,mfsweep_shard0,SPT_SMPT,58,3419.68,81,0,0,2128.5,-1.0,-1.0,2,0,62.2,0.0,0.0,0.0,0.0,0.0
2026-09-19 18:16:18,mfsweep_shard0,SPT_SMPT,58,3419.68,82,0,0,2154.7,-1.0,-1.0,2,0,72.8,0.0,0.0,0.0,0.0,0.0
2026-09-19 18:16:18,mfsweep_shard0,SPT_SMPT,58,3419.68,83,0,0,2181.0,-1.0,-1.0,2,0,83.1,0.0,0.0,0.0,0.0,0.0
2026-09-19 18:16:18,mfsweep_shard0,SPT_SMPT,58,3419.68,84,0,0,2207.3,-1.0,-1.0,2,0,66.7,0.0,0.0,0.0,0.0,0.0
2026-09-19 18:16:18,mfsweep_shard0,SPT_SMPT,58,3419.68,85,0,0,2233.6,-1.0,-1.0,2,0,60.7,0.0,0.0,0.0,0.0,0.0
2026-09-19 18:16:18,mfsweep_shard0,SPT_SMPT,58,3419.68,86,0,0,2259.9,-1.0,-1.0,2,0,86.4,0.0,0.0,0.0,0.0,0.0
2026-09-19 18:16:18,mfsweep_shard0,SPT_SMPT,58,3419.68,87,0,0,2286.1,-1.0,-1.0,2,0,70.3,0.0,0.0,0.0,0.0,0.0
2026-09-19 18:16:18,mfsweep_shard0,SPT_SMPT,58,3419.68,88,0,0,2312.4,-1.0,-1.0,2,0,56.5,0.0,0.0,0.0,0.0,0.0
2026-09-19 18:16:18,mfsweep_shard0,SPT_SMPT,58,3419.68,89,0,0,2338.7,-1.0,-1.0,2,0,55.1,0.0,0.0,0.0,0.0,0.0
2026-09-19 18:16:18,mfsweep_shard0,SPT_SMPT,58,3419.68,90,0,0,2365.0,-1.0,-1.0,2,0,57.1,0.0,0.0,0.0,0.0,0.0
2026-09-19 18:16:18,mfsweep_shard0,SPT_SMPT,58,3419.68,91,0,0,2391.2,-1.0,-1.0,2,0,74.2,0.0,0.0,0.0,0.0,0.0
2026-09-19 18:16:18,mfsweep_shard0,SPT_SMPT,58,3419.68,92,0,0,2417.5,-1.0,-1.0,2,0,79.6,0.0,0.0,0.0,0.0,0.0
2026-09-19 18:16:18,mfsweep_shard0,SPT_SMPT,58,3419.68,93,0,0,2443.8,-1.0,-1.0,2,0,67.4,0.0,0.0,0.0,0.0,0.0
2026-09-19 18:16:18,mfsweep_shard0,SPT_SMPT,58,3419.68,94,0,0,2470.1,-1.0,-1.0,2,0,55.6,0.0,0.0,0.0,0.0,0.0
2026-09-19 18:16:18,mfsweep_shard0,SPT_SMPT,58,3419.68,95,0,0,2496.4,-1.0,-1.0,2,0,66.1,0.0,0.0,0.0,0.0,0.0
2026-09-19 18:16:18,mfsweep_shard0,SPT_SMPT,58,3419.68,96,0,0,2522.6,-1.0,-1.0,2,0,86.4,0.0,0.0,0.0,0.0,0.0
2026-09-19 18:16:18,mfsweep_shard0,SPT_SMPT,58,3419.68,97,0,0,2548.9,-1.0,-1.0,2,0,71.0,0.0,0.0,0.0,0.0,0.0
2026-09-19 18:16:18,mfsweep_shard0,SPT_SMPT,58,3419.68,98,0,0,2575.2,-1.0,-1.0,2,0,85.6,0.0,0.0,0.0,0.0,0.0
2026-09-19 18:16:18,mfsweep_shard0,SPT_SMPT,58,3419.68,99,0,0,2601.5,-1.0,-1.0,2,0,81.9,0.0,0.0,0.0,0.0,0.0
2026-09-19 18:16:18,mfsweep_shard0,SPT_SMPT,58,3419.68,100,0,0,2627.7,-1.0,-1.0,2,0,53.9,0.0,0.0,0.0,0.0,0.0
2026-09-19 18:16:18,mfsweep_shard0,SPT_SMPT,58,3419.68,101,0,0,2654.0,-1.0,-1.0,2,0,77.3,0.0,0.0,0.0,0.0,0.0
2026-09-19 18:16:18,mfsweep_shard0,SPT_SMPT,58,3419.68,102,0,0,2680.3,-1.0,-1.0,2,0,76.0,0.0,0.0,0.0,0.0,0.0
2026-09-19 18:16:18,mfsweep_shard0,SPT_SMPT,58,3419.68,103,0,0,2706.6,-1.0,-1.0,2,0,71.2,0.0,0.0,0.0,0.0,0.0
2026-09-19 18:16:18,mfsweep_shard0,SPT_SMPT,58,3419.68,104,0,0,2732.9,-1.0,-1.0,2,0,62.3,0.0,0.0,0.0,0.0,0.0
2026-09-19 18:16:18,mfsweep_shard0,SPT_SMPT,58,3419.68,105,0,0,2759.1,-1.0,-1.0,2,0,74.7,0.0,0.0,0.0,0.0,0.0
2026-09-19 18:16:18,mfsweep_shard0,SPT_SMPT,58,3419.68,106,0,0,2785.4,-1.0,-1.0,2,0,57.2,0.0,0.0,0.0,0.0,0.0
2026-09-19 18:16:18,mfsweep_shard0,SPT_SMPT,58,3419.68,107,0,0,2811.7,-1.0,-1.0,2,0,67.9,0.0,0.0,0.0,0.0,0.0
2026-09-19 18:16:18,mfsweep_shard0,SPT_SMPT,58,3419.68,108,0,0,2838.0,-1.0,-1.0,2,0,68.5,0.0,0.0,0.0,0.0,0.0
2026-09-19 18:16:18,mfsweep_shard0,SPT_SMPT,58,3419.68,109,0,0,2864.2,-1.0,-1.0,2,0,85.0,0.0,0.0,0.0,0.0,0.0
2026-09-19 18:16:18,mfsweep_shard0,SPT_SMPT,58,3419.68,110,0,0,2890.5,-1.0,-1.0,2,0,82.4,0.0,0.0,0.0,0.0,0.0
2026-09-19 18:16:18,mfsweep_shard0,SPT_SMPT,58,3419.68,111,0,0,2916.8,-1.0,-1.0,2,0,62.2,0.0,0.0,0.0,0.0,0.0
2026-09-19 18:16:18,mfsweep_shard0,SPT_SMPT,58,3419.68,112,0,0,2943.1,-1.0,-1.0,2,0,70.0,0.0,0.0,0.0,0.0,0.0
2026-09-19 18:16:18,mfsweep_shard0,SPT_SMPT,58,3419.68,113,0,0,2969.3,-1.0,-1.0,2,0,59.4,0.0,0.0,0.0,0.0,0.0
2026-09-19 18:16:18,mfsweep_shard0,SPT_SMPT,58,3419.68,114,0,0,2995.6,-1.0,-1.0,2,0,83.6,0.0,0.0,0.0,0.0,0.0
2026-09-19 18:16:18,mfsweep_shard0,SPT_SMPT,58,3419.68,115,0,0,3021.9,-1.0,-1.0,2,0,82.2,0.0,0.0,0.0,0.0,0.0
2026-09-19 18:16:18,mfsweep_shard0,SPT_SMPT,58,3419.68,116,0,0,3048.2,-1.0,-1.0,2,0,63.4,0.0,0.0,0.0,0.0,0.0
2026-09-19 18:16:18,mfsweep_shard0,SPT_SMPT,58,3419.68,117,0,0,3074.5,-1.0,-1.0,2,0,74.6,0.0,0.0,0.0,0.0,0.0
2026-09-19 18:16:18,mfsweep_shard0,SPT_SMPT,58,3419.68,118,0,0,3100.7,-1.0,-1.0,2,0,73.6,0.0,0.0,0.0,0.0,0.0
2026-09-19 18:16:18,mfsweep_shard0,SPT_SMPT,58,3419.68,119,0,0,3127.0,-1.0,-1.0,2,0,58.5,0.0,0.0,0.0,0.0,0.0
2026-09-19 18:16:18,mfsweep_shard0,SPT_SMPT,58,3419.68,120,0,0,3153.3,-1.0,-1.0,2,0,78.7,0.0,0.0,0.0,0.0,0.0
2026-09-19 18:16:18,mfsweep_shard0,SPT_SMPT,58,3419.68,121,0,0,3179.6,-1.0,-1.0,2,0,71.3,0.0,0.0,0.0,0.0,0.0
2026-09-19 18:16:18,mfsweep_shard0,SPT_SMPT,58,3419.68,122,0,0,3205.8,-1.0,-1.0,2,0,79.2,0.0,0.0,0.0,0.0,0.0
2026-09-19 18:16:18,mfsweep_shard0,SPT_SMPT,58,3419.68,123,0,0,3232.1,-1.0,-1.0,2,0,71.0,0.0,0.0,0.0,0.0,0.0
2026-09-19 18:16:18,mfsweep_shard0,SPT_SMPT,58,3419.68,124,0,0,3258.4,-1.0,-1.0,2,0,53.5,0.0,0.0,0.0,0.0,0.0
2026-09-19 18:16:18,mfsweep_shard0,SPT_SMPT,58,3419.68,125,0,0,3284.7,-1.0,-1.0,2,0,64.2,0.0,0.0,0.0,0.0,0.0
2026-09-19 18:16:18,mfsweep_shard0,SPT_SMPT,58,3419.68,126,0,0,3311.0,-1.0,-1.0,2,0,54.1,0.0,0.0,0.0,0.0,0.0
2026-09-19 18:16:18,mfsweep_shard0,SPT_SMPT,58,3419.68,127,0,0,3337.2,-1.0,-1.0,2,0,84.2,0.0,0.0,0.0,0.0,0.0
2026-09-19 18:16:18,mfsweep_shard0,SPT_SMPT,58,3419.68,128,0,0,3363.5,-1.0,-1.0,2,0,82.5,0.0,0.0,0.0,0.0,0.0
2026-09-19 18:16:18,mfsweep_shard0,SPT_SMPT,58,3419.68,129,0,0,3389.8,-1.0,-1.0,2,0,80.9,0.0,0.0,0.0,0.0,0.0
2026-09-19 18:16:18,mfsweep_shard0,SPT_SMPT,58,3419.68,130,0,0,3416.1,-1.0,-1.0,2,0,63.7,0.0,0.0,0.0,0.0,0.0
2026-09-19 18:18:35,mfsweep_shard0,SPT_SMPT,59,3625.80,0,0,1,0.0,219.2,219.2,2,2,74.6,0.0,67.8,76.7,0.0,74.6
2026-09-19 18:18:35,mfsweep_shard0,SPT_SMPT,59,3625.80,1,0,1,26.3,254.8,228.5,2,2,54.4,0.0,95.8,78.3,0.0,54.4
2026-09-19 18:18:35,mfsweep_shard0,SPT_SMPT,59,3625.80,2,0,1,52.6,310.3,257.7,2,2,62.6,0.0,88.0,85.6,21.5,62.6
2026-09-19 18:18:35,mfsweep_shard0,SPT_SMPT,59,3625.80,3,0,1,78.8,360.5,281.7,2,2,60.9,0.0,94.4,99.8,26.5,60.9
2026-09-19 18:18:35,mfsweep_shard0,SPT_SMPT,59,3625.80,4,0,0,105.1,-1.0,-1.0,2,2,77.8,0.0,3162.1,43.6,115.6,77.8
2026-09-19 18:18:35,mfsweep_shard0,SPT_SMPT,59,3625.80,5,0,1,131.4,379.3,247.9,2,2,75.9,0.0,49.9,108.5,13.6,75.9
2026-09-19 18:18:35,mfsweep_shard0,SPT_SMPT,59,3625.80,6,0,0,157.7,-1.0,-1.0,2,2,83.0,0.0,2938.1,59.9,270.5,83.0
2026-09-19 18:18:35,mfsweep_shard0,SPT_SMPT,59,3625.80,7,0,0,183.9,-1.0,-1.0,2,2,56.4,0.0,3151.3,71.4,36.1,56.4
2026-09-19 18:18:35,mfsweep_shard0,SPT_SMPT,59,3625.80,8,0,0,210.2,-1.0,-1.0,2,2,67.5,0.0,3007.8,74.5,132.1,67.5
2026-09-19 18:18:35,mfsweep_shard0,SPT_SMPT,59,3625.80,9,0,0,236.5,-1.0,-1.0,2,2,54.5,0.0,3125.7,69.6,36.7,54.5
2026-09-19 18:18:35,mfsweep_shard0,SPT_SMPT,59,3625.80,10,0,0,262.8,-1.0,-1.0,2,2,60.8,0.0,3056.1,92.7,28.3,60.8
2026-09-19 18:18:35,mfsweep_shard0,SPT_SMPT,59,3625.80,11,0,0,289.1,-1.0,-1.0,2,1,70.2,0.0,3257.6,52.6,0.0,15.0
2026-09-19 18:18:35,mfsweep_shard0,SPT_SMPT,59,3625.80,12,0,0,315.3,-1.0,-1.0,2,1,54.4,0.3,3034.2,241.5,8.0,15.0
2026-09-19 18:18:35,mfsweep_shard0,SPT_SMPT,59,3625.80,13,0,0,341.6,-1.0,-1.0,2,1,60.1,0.5,3207.2,50.0,0.0,15.0
2026-09-19 18:18:35,mfsweep_shard0,SPT_SMPT,59,3625.80,14,0,0,367.9,-1.0,-1.0,2,1,75.0,0.8,3179.1,47.7,3.9,15.0
2026-09-19 18:18:35,mfsweep_shard0,SPT_SMPT,59,3625.80,15,0,0,394.2,-1.0,-1.0,2,0,71.5,0.0,2823.6,216.3,0.0,0.0
2026-09-19 18:18:35,mfsweep_shard0,SPT_SMPT,59,3625.80,16,0,0,420.4,-1.0,-1.0,2,0,60.8,0.3,2826.5,186.9,0.0,0.0
2026-09-19 18:18:35,mfsweep_shard0,SPT_SMPT,59,3625.80,17,0,0,446.7,-1.0,-1.0,2,0,73.0,0.5,2986.9,0.0,0.0,0.0
2026-09-19 18:18:35,mfsweep_shard0,SPT_SMPT,59,3625.80,18,0,0,473.0,-1.0,-1.0,2,0,80.2,0.7,2960.4,0.0,0.0,0.0
2026-09-19 18:18:35,mfsweep_shard0,SPT_SMPT,59,3625.80,19,0,0,499.3,-1.0,-1.0,2,0,53.7,0.4,2290.1,0.0,0.0,0.0
2026-09-19 18:18:35,mfsweep_shard0,SPT_SMPT,59,3625.80,20,0,0,525.6,-1.0,-1.0,2,0,80.1,0.5,2263.8,0.0,0.0,0.0
2026-09-19 18:18:35,mfsweep_shard0,SPT_SMPT,59,3625.80,21,0,0,551.8,-1.0,-1.0,2,0,76.5,0.6,2237.4,0.0,0.0,0.0
2026-09-19 18:18:35,mfsweep_shard0,SPT_SMPT,59,3625.80,22,0,0,578.1,-1.0,-1.0,2,0,64.7,0.7,2211.0,0.0,0.0,0.0
2026-09-19 18:18:35,mfsweep_shard0,SPT_SMPT,59,3625.80,23,0,0,604.4,-1.0,-1.0,2,0,58.6,0.8,2184.7,0.0,0.0,0.0
2026-09-19 18:18:35,mfsweep_shard0,SPT_SMPT,59,3625.80,24,0,0,630.7,-1.0,-1.0,2,0,85.1,0.9,2158.3,0.0,0.0,0.0
2026-09-19 18:18:35,mfsweep_shard0,SPT_SMPT,59,3625.80,25,0,0,656.9,-1.0,-1.0,2,0,64.6,1.0,2132.0,0.0,0.0,0.0
2026-09-19 18:18:35,mfsweep_shard0,SPT_SMPT,59,3625.80,26,0,0,683.2,-1.0,-1.0,2,0,56.6,1.1,2105.6,0.0,0.0,0.0
2026-09-19 18:18:35,mfsweep_shard0,SPT_SMPT,59,3625.80,27,0,0,709.5,-1.0,-1.0,2,0,56.7,1.2,2079.3,0.0,0.0,0.0
2026-09-19 18:18:35,mfsweep_shard0,SPT_SMPT,59,3625.80,28,0,0,735.8,-1.0,-1.0,2,0,81.5,1.1,2053.2,0.0,0.0,0.0
2026-09-19 18:18:35,mfsweep_shard0,SPT_SMPT,59,3625.80,29,0,0,762.0,-1.0,-1.0,2,0,73.4,0.9,2027.1,0.0,0.0,0.0
2026-09-19 18:18:35,mfsweep_shard0,SPT_SMPT,59,3625.80,30,0,0,788.3,-1.0,-1.0,2,0,80.1,0.9,2000.8,0.0,0.0,0.0
2026-09-19 18:18:35,mfsweep_shard0,SPT_SMPT,59,3625.80,31,0,0,814.6,-1.0,-1.0,2,0,77.6,1.0,1974.5,0.0,0.0,0.0
2026-09-19 18:18:35,mfsweep_shard0,SPT_SMPT,59,3625.80,32,0,0,840.9,-1.0,-1.0,2,0,71.2,1.1,1948.1,0.0,0.0,0.0
2026-09-19 18:18:35,mfsweep_shard0,SPT_SMPT,59,3625.80,33,0,0,867.2,-1.0,-1.0,2,0,85.6,1.1,1921.8,0.0,0.0,0.0
2026-09-19 18:18:35,mfsweep_shard0,SPT_SMPT,59,3625.80,34,0,0,893.4,-1.0,-1.0,2,0,66.0,1.2,1895.5,0.0,0.0,0.0
2026-09-19 18:18:35,mfsweep_shard0,SPT_SMPT,59,3625.80,35,0,0,919.7,-1.0,-1.0,2,0,71.7,1.2,1869.2,0.0,0.0,0.0
2026-09-19 18:18:35,mfsweep_shard0,SPT_SMPT,59,3625.80,36,0,0,946.0,-1.0,-1.0,2,0,80.9,1.3,1842.9,0.0,0.0,0.0
2026-09-19 18:18:35,mfsweep_shard0,SPT_SMPT,59,3625.80,37,0,0,972.3,-1.0,-1.0,2,0,73.9,1.4,1816.6,0.0,0.0,0.0
2026-09-19 18:18:35,mfsweep_shard0,SPT_SMPT,59,3625.80,38,0,0,998.5,-1.0,-1.0,2,0,81.9,1.4,1790.2,0.0,0.0,0.0
2026-09-19 18:18:35,mfsweep_shard0,SPT_SMPT,59,3625.80,39,0,0,1024.8,-1.0,-1.0,2,0,72.6,1.5,1763.9,0.0,0.0,0.0
2026-09-19 18:18:35,mfsweep_shard0,SPT_SMPT,59,3625.80,40,0,0,1051.1,-1.0,-1.0,2,0,76.8,1.5,1737.6,0.0,0.0,0.0
2026-09-19 18:18:35,mfsweep_shard0,SPT_SMPT,59,3625.80,41,0,0,1077.4,-1.0,-1.0,2,0,55.0,1.6,1711.3,0.0,0.0,0.0
2026-09-19 18:18:35,mfsweep_shard0,SPT_SMPT,59,3625.80,42,0,0,1103.7,-1.0,-1.0,2,0,61.0,1.1,1685.5,0.0,0.0,0.0
2026-09-19 18:18:35,mfsweep_shard0,SPT_SMPT,59,3625.80,43,0,0,1129.9,-1.0,-1.0,2,0,63.1,1.1,1659.2,0.0,0.0,0.0
2026-09-19 18:18:35,mfsweep_shard0,SPT_SMPT,59,3625.80,44,0,0,1156.2,-1.0,-1.0,2,0,56.1,0.6,1633.5,0.0,0.0,0.0
2026-09-19 18:18:35,mfsweep_shard0,SPT_SMPT,59,3625.80,45,0,0,1182.5,-1.0,-1.0,2,0,61.2,0.6,1607.2,0.0,0.0,0.0
2026-09-19 18:18:35,mfsweep_shard0,SPT_SMPT,59,3625.80,46,0,0,1208.8,-1.0,-1.0,2,0,56.8,0.7,1580.9,0.0,0.0,0.0
2026-09-19 18:18:35,mfsweep_shard0,SPT_SMPT,59,3625.80,47,0,0,1235.0,-1.0,-1.0,2,0,62.7,0.7,1554.7,0.0,0.0,0.0
2026-09-19 18:18:35,mfsweep_shard0,SPT_SMPT,59,3625.80,48,0,0,1261.3,-1.0,-1.0,2,0,74.5,0.7,1528.4,0.0,0.0,0.0
2026-09-19 18:18:35,mfsweep_shard0,SPT_SMPT,59,3625.80,49,0,0,1287.6,-1.0,-1.0,2,0,65.5,0.7,1502.1,0.0,0.0,0.0
2026-09-19 18:18:35,mfsweep_shard0,SPT_SMPT,59,3625.80,50,0,0,1313.9,-1.0,-1.0,2,0,65.7,0.7,1475.8,0.0,0.0,0.0
2026-09-19 18:18:35,mfsweep_shard0,SPT_SMPT,59,3625.80,51,0,0,1340.2,-1.0,-1.0,2,0,60.4,0.7,1449.6,0.0,0.0,0.0
2026-09-19 18:18:35,mfsweep_shard0,SPT_SMPT,59,3625.80,52,0,0,1366.4,-1.0,-1.0,2,0,62.3,0.8,1423.3,0.0,0.0,0.0
2026-09-19 18:18:35,mfsweep_shard0,SPT_SMPT,59,3625.80,53,0,0,1392.7,-1.0,-1.0,2,0,84.4,0.8,1397.0,0.0,0.0,0.0
2026-09-19 18:18:35,mfsweep_shard0,SPT_SMPT,59,3625.80,54,0,0,1419.0,-1.0,-1.0,2,0,74.9,0.8,1370.7,0.0,0.0,0.0
2026-09-19 18:18:35,mfsweep_shard0,SPT_SMPT,59,3625.80,55,0,0,1445.3,-1.0,-1.0,2,0,73.6,0.8,1344.4,0.0,0.0,0.0
2026-09-19 18:18:35,mfsweep_shard0,SPT_SMPT,59,3625.80,56,0,0,1471.5,-1.0,-1.0,2,0,59.2,0.0,0.0,0.0,0.0,0.0
2026-09-19 18:18:35,mfsweep_shard0,SPT_SMPT,59,3625.80,57,0,0,1497.8,-1.0,-1.0,2,0,77.6,0.0,0.0,0.0,0.0,0.0
2026-09-19 18:18:35,mfsweep_shard0,SPT_SMPT,59,3625.80,58,0,0,1524.1,-1.0,-1.0,2,0,58.9,0.0,0.0,0.0,0.0,0.0
2026-09-19 18:18:35,mfsweep_shard0,SPT_SMPT,59,3625.80,59,0,0,1550.4,-1.0,-1.0,2,0,66.0,0.0,0.0,0.0,0.0,0.0
2026-09-19 18:18:35,mfsweep_shard0,SPT_SMPT,59,3625.80,60,0,0,1576.6,-1.0,-1.0,2,0,86.2,0.0,0.0,0.0,0.0,0.0
2026-09-19 18:18:35,mfsweep_shard0,SPT_SMPT,59,3625.80,61,0,0,1602.9,-1.0,-1.0,2,0,74.6,0.0,0.0,0.0,0.0,0.0
2026-09-19 18:18:35,mfsweep_shard0,SPT_SMPT,59,3625.80,62,0,0,1629.2,-1.0,-1.0,2,0,71.9,0.0,0.0,0.0,0.0,0.0
2026-09-19 18:18:35,mfsweep_shard0,SPT_SMPT,59,3625.80,63,0,0,1655.5,-1.0,-1.0,2,0,76.1,0.0,0.0,0.0,0.0,0.0
2026-09-19 18:18:35,mfsweep_shard0,SPT_SMPT,59,3625.80,64,0,0,1681.8,-1.0,-1.0,2,0,81.3,0.0,0.0,0.0,0.0,0.0
2026-09-19 18:18:35,mfsweep_shard0,SPT_SMPT,59,3625.80,65,0,0,1708.0,-1.0,-1.0,2,0,79.1,0.0,0.0,0.0,0.0,0.0
2026-09-19 18:18:35,mfsweep_shard0,SPT_SMPT,59,3625.80,66,0,0,1734.3,-1.0,-1.0,2,0,61.1,0.0,0.0,0.0,0.0,0.0
2026-09-19 18:18:35,mfsweep_shard0,SPT_SMPT,59,3625.80,67,0,0,1760.6,-1.0,-1.0,2,0,54.6,0.0,0.0,0.0,0.0,0.0
2026-09-19 18:18:35,mfsweep_shard0,SPT_SMPT,59,3625.80,68,0,0,1786.9,-1.0,-1.0,2,0,63.9,0.0,0.0,0.0,0.0,0.0
2026-09-19 18:18:35,mfsweep_shard0,SPT_SMPT,59,3625.80,69,0,0,1813.1,-1.0,-1.0,2,0,62.3,0.0,0.0,0.0,0.0,0.0
2026-09-19 18:18:35,mfsweep_shard0,SPT_SMPT,59,3625.80,70,0,0,1839.4,-1.0,-1.0,2,0,60.5,0.0,0.0,0.0,0.0,0.0
2026-09-19 18:18:35,mfsweep_shard0,SPT_SMPT,59,3625.80,71,0,0,1865.7,-1.0,-1.0,2,0,84.6,0.0,0.0,0.0,0.0,0.0
2026-09-19 18:18:35,mfsweep_shard0,SPT_SMPT,59,3625.80,72,0,0,1892.0,-1.0,-1.0,2,0,82.4,0.0,0.0,0.0,0.0,0.0
2026-09-19 18:18:35,mfsweep_shard0,SPT_SMPT,59,3625.80,73,0,0,1918.3,-1.0,-1.0,2,0,63.9,0.0,0.0,0.0,0.0,0.0
2026-09-19 18:18:35,mfsweep_shard0,SPT_SMPT,59,3625.80,74,0,0,1944.5,-1.0,-1.0,2,0,75.1,0.0,0.0,0.0,0.0,0.0
2026-09-19 18:18:35,mfsweep_shard0,SPT_SMPT,59,3625.80,75,0,0,1970.8,-1.0,-1.0,2,0,66.6,0.0,0.0,0.0,0.0,0.0
2026-09-19 18:18:35,mfsweep_shard0,SPT_SMPT,59,3625.80,76,0,0,1997.1,-1.0,-1.0,2,0,83.7,0.0,0.0,0.0,0.0,0.0
2026-09-19 18:18:35,mfsweep_shard0,SPT_SMPT,59,3625.80,77,0,0,2023.4,-1.0,-1.0,2,0,68.6,0.0,0.0,0.0,0.0,0.0
2026-09-19 18:18:35,mfsweep_shard0,SPT_SMPT,59,3625.80,78,0,0,2049.6,-1.0,-1.0,2,0,62.2,0.0,0.0,0.0,0.0,0.0
2026-09-19 18:18:35,mfsweep_shard0,SPT_SMPT,59,3625.80,79,0,0,2075.9,-1.0,-1.0,2,0,61.6,0.0,0.0,0.0,0.0,0.0
2026-09-19 18:18:35,mfsweep_shard0,SPT_SMPT,59,3625.80,80,0,0,2102.2,-1.0,-1.0,2,0,72.0,0.0,0.0,0.0,0.0,0.0
2026-09-19 18:18:35,mfsweep_shard0,SPT_SMPT,59,3625.80,81,0,0,2128.5,-1.0,-1.0,2,0,62.2,0.0,0.0,0.0,0.0,0.0
2026-09-19 18:18:35,mfsweep_shard0,SPT_SMPT,59,3625.80,82,0,0,2154.7,-1.0,-1.0,2,0,72.8,0.0,0.0,0.0,0.0,0.0
2026-09-19 18:18:35,mfsweep_shard0,SPT_SMPT,59,3625.80,83,0,0,2181.0,-1.0,-1.0,2,0,83.1,0.0,0.0,0.0,0.0,0.0
2026-09-19 18:18:35,mfsweep_shard0,SPT_SMPT,59,3625.80,84,0,0,2207.3,-1.0,-1.0,2,0,66.7,0.0,0.0,0.0,0.0,0.0
2026-09-19 18:18:35,mfsweep_shard0,SPT_SMPT,59,3625.80,85,0,0,2233.6,-1.0,-1.0,2,0,60.7,0.0,0.0,0.0,0.0,0.0
2026-09-19 18:18:35,mfsweep_shard0,SPT_SMPT,59,3625.80,86,0,0,2259.9,-1.0,-1.0,2,0,86.4,0.0,0.0,0.0,0.0,0.0
2026-09-19 18:18:35,mfsweep_shard0,SPT_SMPT,59,3625.80,87,0,0,2286.1,-1.0,-1.0,2,0,70.3,0.0,0.0,0.0,0.0,0.0
2026-09-19 18:18:35,mfsweep_shard0,SPT_SMPT,59,3625.80,88,0,0,2312.4,-1.0,-1.0,2,0,56.5,0.0,0.0,0.0,0.0,0.0
2026-09-19 18:18:35,mfsweep_shard0,SPT_SMPT,59,3625.80,89,0,0,2338.7,-1.0,-1.0,2,0,55.1,0.0,0.0,0.0,0.0,0.0
2026-09-19 18:18:35,mfsweep_shard0,SPT_SMPT,59,3625.80,90,0,0,2365.0,-1.0,-1.0,2,0,57.1,0.0,0.0,0.0,0.0,0.0
2026-09-19 18:18:35,mfsweep_shard0,SPT_SMPT,59,3625.80,91,0,0,2391.2,-1.0,-1.0,2,0,74.2,0.0,0.0,0.0,0.0,0.0
2026-09-19 18:18:35,mfsweep_shard0,SPT_SMPT,59,3625.80,92,0,0,2417.5,-1.0,-1.0,2,0,79.6,0.0,0.0,0.0,0.0,0.0
2026-09-19 18:18:35,mfsweep_shard0,SPT_SMPT,59,3625.80,93,0,0,2443.8,-1.0,-1.0,2,0,67.4,0.0,0.0,0.0,0.0,0.0
2026-09-19 18:18:35,mfsweep_shard0,SPT_SMPT,59,3625.80,94,0,0,2470.1,-1.0,-1.0,2,0,55.6,0.0,0.0,0.0,0.0,0.0
2026-09-19 18:18:35,mfsweep_shard0,SPT_SMPT,59,3625.80,95,0,0,2496.4,-1.0,-1.0,2,0,66.1,0.0,0.0,0.0,0.0,0.0
2026-09-19 18:18:35,mfsweep_shard0,SPT_SMPT,59,3625.80,96,0,0,2522.6,-1.0,-1.0,2,0,86.4,0.0,0.0,0.0,0.0,0.0
2026-09-19 18:18:35,mfsweep_shard0,SPT_SMPT,59,3625.80,97,0,0,2548.9,-1.0,-1.0,2,0,71.0,0.0,0.0,0.0,0.0,0.0
2026-09-19 18:18:35,mfsweep_shard0,SPT_SMPT,59,3625.80,98,0,0,2575.2,-1.0,-1.0,2,0,85.6,0.0,0.0,0.0,0.0,0.0
2026-09-19 18:18:35,mfsweep_shard0,SPT_SMPT,59,3625.80,99,0,0,2601.5,-1.0,-1.0,2,0,81.9,0.0,0.0,0.0,0.0,0.0
2026-09-19 18:18:35,mfsweep_shard0,SPT_SMPT,59,3625.80,100,0,0,2627.7,-1.0,-1.0,2,0,53.9,0.0,0.0,0.0,0.0,0.0
2026-09-19 18:18:35,mfsweep_shard0,SPT_SMPT,59,3625.80,101,0,0,2654.0,-1.0,-1.0,2,0,77.3,0.0,0.0,0.0,0.0,0.0
2026-09-19 18:18:35,mfsweep_shard0,SPT_SMPT,59,3625.80,102,0,0,2680.3,-1.0,-1.0,2,0,76.0,0.0,0.0,0.0,0.0,0.0
2026-09-19 18:18:35,mfsweep_shard0,SPT_SMPT,59,3625.80,103,0,0,2706.6,-1.0,-1.0,2,0,71.2,0.0,0.0,0.0,0.0,0.0
2026-09-19 18:18:35,mfsweep_shard0,SPT_SMPT,59,3625.80,104,0,0,2732.9,-1.0,-1.0,2,0,62.3,0.0,0.0,0.0,0.0,0.0
2026-09-19 18:18:35,mfsweep_shard0,SPT_SMPT,59,3625.80,105,0,0,2759.1,-1.0,-1.0,2,0,74.7,0.0,0.0,0.0,0.0,0.0
2026-09-19 18:18:35,mfsweep_shard0,SPT_SMPT,59,3625.80,106,0,0,2785.4,-1.0,-1.0,2,0,57.2,0.0,0.0,0.0,0.0,0.0
2026-09-19 18:18:35,mfsweep_shard0,SPT_SMPT,59,3625.80,107,0,0,2811.7,-1.0,-1.0,2,0,67.9,0.0,0.0,0.0,0.0,0.0
2026-09-19 18:18:35,mfsweep_shard0,SPT_SMPT,59,3625.80,108,0,0,2838.0,-1.0,-1.0,2,0,68.5,0.0,0.0,0.0,0.0,0.0
2026-09-19 18:18:35,mfsweep_shard0,SPT_SMPT,59,3625.80,109,0,0,2864.2,-1.0,-1.0,2,0,85.0,0.0,0.0,0.0,0.0,0.0
2026-09-19 18:18:35,mfsweep_shard0,SPT_SMPT,59,3625.80,110,0,0,2890.5,-1.0,-1.0,2,0,82.4,0.0,0.0,0.0,0.0,0.0
2026-09-19 18:18:35,mfsweep_shard0,SPT_SMPT,59,3625.80,111,0,0,2916.8,-1.0,-1.0,2,0,62.2,0.0,0.0,0.0,0.0,0.0
2026-09-19 18:18:35,mfsweep_shard0,SPT_SMPT,59,3625.80,112,0,0,2943.1,-1.0,-1.0,2,0,70.0,0.0,0.0,0.0,0.0,0.0
2026-09-19 18:18:35,mfsweep_shard0,SPT_SMPT,59,3625.80,113,0,0,2969.3,-1.0,-1.0,2,0,59.4,0.0,0.0,0.0,0.0,0.0
2026-09-19 18:18:35,mfsweep_shard0,SPT_SMPT,59,3625.80,114,0,0,2995.6,-1.0,-1.0,2,0,83.6,0.0,0.0,0.0,0.0,0.0
2026-09-19 18:18:35,mfsweep_shard0,SPT_SMPT,59,3625.80,115,0,0,3021.9,-1.0,-1.0,2,0,82.2,0.0,0.0,0.0,0.0,0.0
2026-09-19 18:18:35,mfsweep_shard0,SPT_SMPT,59,3625.80,116,0,0,3048.2,-1.0,-1.0,2,0,63.4,0.0,0.0,0.0,0.0,0.0
2026-09-19 18:18:35,mfsweep_shard0,SPT_SMPT,59,3625.80,117,0,0,3074.5,-1.0,-1.0,2,0,74.6,0.0,0.0,0.0,0.0,0.0
2026-09-19 18:18:35,mfsweep_shard0,SPT_SMPT,59,3625.80,118,0,0,3100.7,-1.0,-1.0,2,0,73.6,0.0,0.0,0.0,0.0,0.0
2026-09-19 18:18:35,mfsweep_shard0,SPT_SMPT,59,3625.80,119,0,0,3127.0,-1.0,-1.0,2,0,58.5,0.0,0.0,0.0,0.0,0.0
2026-09-19 18:18:35,mfsweep_shard0,SPT_SMPT,59,3625.80,120,0,0,3153.3,-1.0,-1.0,2,0,78.7,0.0,0.0,0.0,0.0,0.0
2026-09-19 18:18:35,mfsweep_shard0,SPT_SMPT,59,3625.80,121,0,0,3179.6,-1.0,-1.0,2,0,71.3,0.0,0.0,0.0,0.0,0.0
2026-09-19 18:18:35,mfsweep_shard0,SPT_SMPT,59,3625.80,122,0,0,3205.8,-1.0,-1.0,2,0,79.2,0.0,0.0,0.0,0.0,0.0
2026-09-19 18:18:35,mfsweep_shard0,SPT_SMPT,59,3625.80,123,0,0,3232.1,-1.0,-1.0,2,0,71.0,0.0,0.0,0.0,0.0,0.0
2026-09-19 18:18:35,mfsweep_shard0,SPT_SMPT,59,3625.80,124,0,0,3258.4,-1.0,-1.0,2,0,53.5,0.0,0.0,0.0,0.0,0.0
2026-09-19 18:18:35,mfsweep_shard0,SPT_SMPT,59,3625.80,125,0,0,3284.7,-1.0,-1.0,2,0,64.2,0.0,0.0,0.0,0.0,0.0
2026-09-19 18:18:35,mfsweep_shard0,SPT_SMPT,59,3625.80,126,0,0,3311.0,-1.0,-1.0,2,0,54.1,0.0,0.0,0.0,0.0,0.0
2026-09-19 18:18:35,mfsweep_shard0,SPT_SMPT,59,3625.80,127,0,0,3337.2,-1.0,-1.0,2,0,84.2,0.0,0.0,0.0,0.0,0.0
2026-09-19 18:18:35,mfsweep_shard0,SPT_SMPT,59,3625.80,128,0,0,3363.5,-1.0,-1.0,2,0,82.5,0.0,0.0,0.0,0.0,0.0
2026-09-19 18:18:35,mfsweep_shard0,SPT_SMPT,59,3625.80,129,0,0,3389.8,-1.0,-1.0,2,0,80.9,0.0,0.0,0.0,0.0,0.0
2026-09-19 18:18:35,mfsweep_shard0,SPT_SMPT,59,3625.80,130,0,0,3416.1,-1.0,-1.0,2,0,63.7,0.0,0.0,0.0,0.0,0.0
2026-09-19 18:18:35,mfsweep_shard0,SPT_SMPT,59,3625.80,131,0,0,3442.3,-1.0,-1.0,2,0,55.4,0.0,0.0,0.0,0.0,0.0
2026-09-19 18:18:35,mfsweep_shard0,SPT_SMPT,59,3625.80,132,0,0,3468.6,-1.0,-1.0,2,0,82.5,0.0,0.0,0.0,0.0,0.0
2026-09-19 18:18:35,mfsweep_shard0,SPT_SMPT,59,3625.80,133,0,0,3494.9,-1.0,-1.0,2,0,84.8,0.0,0.0,0.0,0.0,0.0
2026-09-19 18:18:35,mfsweep_shard0,SPT_SMPT,59,3625.80,134,0,0,3521.2,-1.0,-1.0,2,0,56.3,0.0,0.0,0.0,0.0,0.0
2026-09-19 18:18:35,mfsweep_shard0,SPT_SMPT,59,3625.80,135,0,0,3547.5,-1.0,-1.0,2,0,69.5,0.0,0.0,0.0,0.0,0.0
2026-09-19 18:18:35,mfsweep_shard0,SPT_SMPT,59,3625.80,136,0,0,3573.7,-1.0,-1.0,2,0,55.8,0.0,0.0,0.0,0.0,0.0
2026-09-19 18:23:01,mfsweep_shard0,SPT_SMPT,60,6892.74,0,0,1,0.0,283.8,283.8,2,2,74.6,0.0,80.2,129.0,0.0,74.6
2026-09-19 18:23:01,mfsweep_shard0,SPT_SMPT,60,6892.74,1,0,0,26.3,-1.0,-1.0,2,2,54.4,0.0,6017.3,611.3,93.5,65.0
2026-09-19 18:23:01,mfsweep_shard0,SPT_SMPT,60,6892.74,2,0,1,52.6,437.4,384.9,2,2,62.6,0.0,110.0,196.8,15.5,62.6
2026-09-19 18:23:01,mfsweep_shard0,SPT_SMPT,60,6892.74,3,0,1,78.8,445.0,366.1,2,2,60.9,0.1,76.3,168.6,38.1,83.1
2026-09-19 18:23:01,mfsweep_shard0,SPT_SMPT,60,6892.74,4,0,1,105.1,328.3,223.2,2,2,77.8,0.0,39.7,105.7,0.0,77.8
2026-09-19 18:23:01,mfsweep_shard0,SPT_SMPT,60,6892.74,5,0,0,131.4,-1.0,-1.0,2,2,75.9,0.2,5468.5,938.7,213.1,75.9
2026-09-19 18:23:01,mfsweep_shard0,SPT_SMPT,60,6892.74,6,0,0,157.7,-1.0,-1.0,2,2,83.0,0.2,5688.3,792.7,115.7,83.0
2026-09-19 18:23:01,mfsweep_shard0,SPT_SMPT,60,6892.74,7,0,1,183.9,488.4,304.5,2,2,56.4,0.0,65.2,182.8,0.0,56.4
2026-09-19 18:23:01,mfsweep_shard0,SPT_SMPT,60,6892.74,8,0,1,210.2,3712.6,3502.4,2,2,67.5,0.0,2940.3,395.2,99.4,67.5
2026-09-19 18:23:01,mfsweep_shard0,SPT_SMPT,60,6892.74,9,0,1,236.5,3694.2,3457.7,2,2,54.5,0.0,2779.7,621.3,2.2,54.5
2026-09-19 18:23:01,mfsweep_shard0,SPT_SMPT,60,6892.74,10,0,1,262.8,3667.8,3405.0,2,2,60.8,0.0,1872.3,1458.5,13.5,60.8
2026-09-19 18:23:01,mfsweep_shard0,SPT_SMPT,60,6892.74,11,0,1,289.1,3701.3,3412.3,2,2,70.2,0.0,2469.7,735.8,136.5,70.2
2026-09-19 18:23:01,mfsweep_shard0,SPT_SMPT,60,6892.74,12,0,0,315.3,-1.0,-1.0,2,2,54.4,0.0,5399.2,1055.2,24.9,54.4
2026-09-19 18:23:01,mfsweep_shard0,SPT_SMPT,60,6892.74,13,0,1,341.6,3682.7,3341.0,2,2,60.1,0.0,2852.4,403.7,24.9,60.1
2026-09-19 18:23:01,mfsweep_shard0,SPT_SMPT,60,6892.74,14,0,1,367.9,3753.6,3385.7,2,2,75.0,0.0,2730.9,579.8,0.0,75.0
2026-09-19 18:23:01,mfsweep_shard0,SPT_SMPT,60,6892.74,15,0,0,394.2,-1.0,-1.0,2,2,71.5,0.3,6010.6,303.9,58.6,71.5
2026-09-19 18:23:01,mfsweep_shard0,SPT_SMPT,60,6892.74,16,0,0,420.4,-1.0,-1.0,2,1,60.8,0.2,6077.7,267.6,0.0,15.0
2026-09-19 18:23:01,mfsweep_shard0,SPT_SMPT,60,6892.74,17,0,0,446.7,-1.0,-1.0,2,0,73.0,0.3,5842.3,454.8,0.0,0.0
2026-09-19 18:23:01,mfsweep_shard0,SPT_SMPT,60,6892.74,18,0,0,473.0,-1.0,-1.0,2,0,80.2,0.4,5852.0,418.8,0.0,0.0
2026-09-19 18:23:01,mfsweep_shard0,SPT_SMPT,60,6892.74,19,0,0,499.3,-1.0,-1.0,2,0,53.7,0.5,6000.2,244.3,0.0,0.0
2026-09-19 18:23:01,mfsweep_shard0,SPT_SMPT,60,6892.74,20,0,0,525.6,-1.0,-1.0,2,0,80.1,0.6,6046.2,236.2,0.0,0.0
2026-09-19 18:23:01,mfsweep_shard0,SPT_SMPT,60,6892.74,21,0,0,551.8,-1.0,-1.0,2,0,76.5,0.7,5883.2,199.6,0.0,0.0
2026-09-19 18:23:01,mfsweep_shard0,SPT_SMPT,60,6892.74,22,0,0,578.1,-1.0,-1.0,2,0,64.7,0.8,5601.1,203.8,0.0,0.0
2026-09-19 18:23:01,mfsweep_shard0,SPT_SMPT,60,6892.74,23,0,0,604.4,-1.0,-1.0,2,0,58.6,1.0,5569.8,208.7,0.0,0.0
2026-09-19 18:23:01,mfsweep_shard0,SPT_SMPT,60,6892.74,24,0,0,630.7,-1.0,-1.0,2,0,85.1,1.1,5752.1,0.0,0.0,0.0
2026-09-19 18:23:01,mfsweep_shard0,SPT_SMPT,60,6892.74,25,0,0,656.9,-1.0,-1.0,2,0,64.6,1.0,5726.0,0.0,0.0,0.0
2026-09-19 18:23:01,mfsweep_shard0,SPT_SMPT,60,6892.74,26,0,0,683.2,-1.0,-1.0,2,0,56.6,1.1,5699.6,0.0,0.0,0.0
2026-09-19 18:23:01,mfsweep_shard0,SPT_SMPT,60,6892.74,27,0,0,709.5,-1.0,-1.0,2,0,56.7,1.2,5673.2,0.0,0.0,0.0
2026-09-19 18:23:01,mfsweep_shard0,SPT_SMPT,60,6892.74,28,0,0,735.8,-1.0,-1.0,2,0,81.5,1.3,5646.9,0.0,0.0,0.0
2026-09-19 18:23:01,mfsweep_shard0,SPT_SMPT,60,6892.74,29,0,0,762.0,-1.0,-1.0,2,0,73.4,1.4,5620.6,0.0,0.0,0.0
2026-09-19 18:23:01,mfsweep_shard0,SPT_SMPT,60,6892.74,30,0,0,788.3,-1.0,-1.0,2,0,80.1,1.5,5594.2,0.0,0.0,0.0
2026-09-19 18:23:01,mfsweep_shard0,SPT_SMPT,60,6892.74,31,0,0,814.6,-1.0,-1.0,2,0,77.6,1.6,5567.8,0.0,0.0,0.0
2026-09-19 18:23:01,mfsweep_shard0,SPT_SMPT,60,6892.74,32,0,0,840.9,-1.0,-1.0,2,0,71.2,1.7,5541.5,0.0,0.0,0.0
2026-09-19 18:23:01,mfsweep_shard0,SPT_SMPT,60,6892.74,33,0,0,867.2,-1.0,-1.0,2,0,85.6,1.8,5515.1,0.0,0.0,0.0
2026-09-19 18:23:01,mfsweep_shard0,SPT_SMPT,60,6892.74,34,0,0,893.4,-1.0,-1.0,2,0,66.0,1.9,5488.8,0.0,0.0,0.0
2026-09-19 18:23:01,mfsweep_shard0,SPT_SMPT,60,6892.74,35,0,0,919.7,-1.0,-1.0,2,0,71.7,2.0,5462.4,0.0,0.0,0.0
2026-09-19 18:23:01,mfsweep_shard0,SPT_SMPT,60,6892.74,36,0,0,946.0,-1.0,-1.0,2,0,80.9,2.1,5436.1,0.0,0.0,0.0
2026-09-19 18:23:01,mfsweep_shard0,SPT_SMPT,60,6892.74,37,0,0,972.3,-1.0,-1.0,2,0,73.9,2.2,5409.7,0.0,0.0,0.0
2026-09-19 18:23:01,mfsweep_shard0,SPT_SMPT,60,6892.74,38,0,0,998.5,-1.0,-1.0,2,0,81.9,1.3,5384.3,0.0,0.0,0.0
2026-09-19 18:23:01,mfsweep_shard0,SPT_SMPT,60,6892.74,39,0,0,1024.8,-1.0,-1.0,2,0,72.6,1.4,5358.0,0.0,0.0,0.0
2026-09-19 18:23:01,mfsweep_shard0,SPT_SMPT,60,6892.74,40,0,0,1051.1,-1.0,-1.0,2,0,76.8,1.4,5331.7,0.0,0.0,0.0
2026-09-19 18:23:01,mfsweep_shard0,SPT_SMPT,60,6892.74,41,0,0,1077.4,-1.0,-1.0,2,0,55.0,0.9,5305.9,0.0,0.0,0.0
2026-09-19 18:23:01,mfsweep_shard0,SPT_SMPT,60,6892.74,42,0,0,1103.7,-1.0,-1.0,2,0,61.0,1.0,5279.6,0.0,0.0,0.0
2026-09-19 18:23:01,mfsweep_shard0,SPT_SMPT,60,6892.74,43,0,0,1129.9,-1.0,-1.0,2,0,63.1,1.0,5253.3,0.0,0.0,0.0
2026-09-19 18:23:01,mfsweep_shard0,SPT_SMPT,60,6892.74,44,0,0,1156.2,-1.0,-1.0,2,0,56.1,1.1,5227.0,0.0,0.0,0.0
2026-09-19 18:23:01,mfsweep_shard0,SPT_SMPT,60,6892.74,45,0,0,1182.5,-1.0,-1.0,2,0,61.2,1.1,5200.7,0.0,0.0,0.0
2026-09-19 18:23:01,mfsweep_shard0,SPT_SMPT,60,6892.74,46,0,0,1208.8,-1.0,-1.0,2,0,56.8,1.2,5174.4,0.0,0.0,0.0
2026-09-19 18:23:01,mfsweep_shard0,SPT_SMPT,60,6892.74,47,0,0,1235.0,-1.0,-1.0,2,0,62.7,1.2,5148.1,0.0,0.0,0.0
2026-09-19 18:23:01,mfsweep_shard0,SPT_SMPT,60,6892.74,48,0,0,1261.3,-1.0,-1.0,2,0,74.5,1.2,5121.8,0.0,0.0,0.0
2026-09-19 18:23:01,mfsweep_shard0,SPT_SMPT,60,6892.74,49,0,0,1287.6,-1.0,-1.0,2,0,65.5,1.3,5095.5,0.0,0.0,0.0
2026-09-19 18:23:01,mfsweep_shard0,SPT_SMPT,60,6892.74,50,0,0,1313.9,-1.0,-1.0,2,0,65.7,1.3,5069.2,0.0,0.0,0.0
2026-09-19 18:23:01,mfsweep_shard0,SPT_SMPT,60,6892.74,51,0,0,1340.2,-1.0,-1.0,2,0,60.4,1.3,5042.9,0.0,0.0,0.0
2026-09-19 18:23:01,mfsweep_shard0,SPT_SMPT,60,6892.74,52,0,0,1366.4,-1.0,-1.0,2,0,62.3,1.4,5016.6,0.0,0.0,0.0
2026-09-19 18:23:01,mfsweep_shard0,SPT_SMPT,60,6892.74,53,0,0,1392.7,-1.0,-1.0,2,0,84.4,1.4,4990.3,0.0,0.0,0.0
2026-09-19 18:23:01,mfsweep_shard0,SPT_SMPT,60,6892.74,54,0,0,1419.0,-1.0,-1.0,2,0,74.9,1.5,4964.0,0.0,0.0,0.0
2026-09-19 18:23:01,mfsweep_shard0,SPT_SMPT,60,6892.74,55,0,0,1445.3,-1.0,-1.0,2,0,73.6,1.5,4937.7,0.0,0.0,0.0
2026-09-19 18:23:01,mfsweep_shard0,SPT_SMPT,60,6892.74,56,0,0,1471.5,-1.0,-1.0,2,0,59.2,1.5,4911.4,0.0,0.0,0.0
2026-09-19 18:23:01,mfsweep_shard0,SPT_SMPT,60,6892.74,57,0,0,1497.8,-1.0,-1.0,2,0,77.6,1.6,4885.1,0.0,0.0,0.0
2026-09-19 18:23:01,mfsweep_shard0,SPT_SMPT,60,6892.74,58,0,0,1524.1,-1.0,-1.0,2,0,58.9,1.6,4858.8,0.0,0.0,0.0
2026-09-19 18:23:01,mfsweep_shard0,SPT_SMPT,60,6892.74,59,0,0,1550.4,-1.0,-1.0,2,0,66.0,1.7,4832.5,0.0,0.0,0.0
2026-09-19 18:23:01,mfsweep_shard0,SPT_SMPT,60,6892.74,60,0,0,1576.6,-1.0,-1.0,2,0,86.2,1.7,4806.2,0.0,0.0,0.0
2026-09-19 18:23:01,mfsweep_shard0,SPT_SMPT,60,6892.74,61,0,0,1602.9,-1.0,-1.0,2,0,74.6,1.8,4779.9,0.0,0.0,0.0
2026-09-19 18:23:01,mfsweep_shard0,SPT_SMPT,60,6892.74,62,0,0,1629.2,-1.0,-1.0,2,0,71.9,1.8,4753.6,0.0,0.0,0.0
2026-09-19 18:23:01,mfsweep_shard0,SPT_SMPT,60,6892.74,63,0,0,1655.5,-1.0,-1.0,2,0,76.1,1.8,4727.4,0.0,0.0,0.0
2026-09-19 18:23:01,mfsweep_shard0,SPT_SMPT,60,6892.74,64,0,0,1681.8,-1.0,-1.0,2,0,81.3,1.9,4701.1,0.0,0.0,0.0
2026-09-19 18:23:01,mfsweep_shard0,SPT_SMPT,60,6892.74,65,0,0,1708.0,-1.0,-1.0,2,0,79.1,1.9,4674.8,0.0,0.0,0.0
2026-09-19 18:23:01,mfsweep_shard0,SPT_SMPT,60,6892.74,66,0,0,1734.3,-1.0,-1.0,2,0,61.1,1.9,4648.5,0.0,0.0,0.0
2026-09-19 18:23:01,mfsweep_shard0,SPT_SMPT,60,6892.74,67,0,0,1760.6,-1.0,-1.0,2,0,54.6,2.0,4622.2,0.0,0.0,0.0
2026-09-19 18:23:01,mfsweep_shard0,SPT_SMPT,60,6892.74,68,0,0,1786.9,-1.0,-1.0,2,0,63.9,2.0,4595.9,0.0,0.0,0.0
2026-09-19 18:23:01,mfsweep_shard0,SPT_SMPT,60,6892.74,69,0,0,1813.1,-1.0,-1.0,2,0,62.3,2.1,4569.6,0.0,0.0,0.0
2026-09-19 18:23:01,mfsweep_shard0,SPT_SMPT,60,6892.74,70,0,0,1839.4,-1.0,-1.0,2,0,60.5,2.1,4543.3,0.0,0.0,0.0
2026-09-19 18:23:01,mfsweep_shard0,SPT_SMPT,60,6892.74,71,0,0,1865.7,-1.0,-1.0,2,0,84.6,2.1,4517.0,0.0,0.0,0.0
2026-09-19 18:23:01,mfsweep_shard0,SPT_SMPT,60,6892.74,72,0,0,1892.0,-1.0,-1.0,2,0,82.4,2.2,4490.7,0.0,0.0,0.0
2026-09-19 18:23:01,mfsweep_shard0,SPT_SMPT,60,6892.74,73,0,0,1918.3,-1.0,-1.0,2,0,63.9,2.2,4464.4,0.0,0.0,0.0
2026-09-19 18:23:01,mfsweep_shard0,SPT_SMPT,60,6892.74,74,0,0,1944.5,-1.0,-1.0,2,0,75.1,2.3,4438.1,0.0,0.0,0.0
2026-09-19 18:23:01,mfsweep_shard0,SPT_SMPT,60,6892.74,75,0,0,1970.8,-1.0,-1.0,2,0,66.6,2.3,4411.8,0.0,0.0,0.0
2026-09-19 18:23:01,mfsweep_shard0,SPT_SMPT,60,6892.74,76,0,0,1997.1,-1.0,-1.0,2,0,83.7,2.4,4385.5,0.0,0.0,0.0
2026-09-19 18:23:01,mfsweep_shard0,SPT_SMPT,60,6892.74,77,0,0,2023.4,-1.0,-1.0,2,0,68.6,2.4,4359.2,0.0,0.0,0.0
2026-09-19 18:23:01,mfsweep_shard0,SPT_SMPT,60,6892.74,78,0,0,2049.6,-1.0,-1.0,2,0,62.2,2.4,4332.9,0.0,0.0,0.0
2026-09-19 18:23:01,mfsweep_shard0,SPT_SMPT,60,6892.74,79,0,0,2075.9,-1.0,-1.0,2,0,61.6,2.5,4306.6,0.0,0.0,0.0
2026-09-19 18:23:01,mfsweep_shard0,SPT_SMPT,60,6892.74,80,0,0,2102.2,-1.0,-1.0,2,0,72.0,2.5,4280.3,0.0,0.0,0.0
2026-09-19 18:23:01,mfsweep_shard0,SPT_SMPT,60,6892.74,81,0,0,2128.5,-1.0,-1.0,2,0,62.2,2.5,4254.0,0.0,0.0,0.0
2026-09-19 18:23:01,mfsweep_shard0,SPT_SMPT,60,6892.74,82,0,0,2154.7,-1.0,-1.0,2,0,72.8,2.6,4227.7,0.0,0.0,0.0
2026-09-19 18:23:01,mfsweep_shard0,SPT_SMPT,60,6892.74,83,0,0,2181.0,-1.0,-1.0,2,0,83.1,2.6,4201.4,0.0,0.0,0.0
2026-09-19 18:23:01,mfsweep_shard0,SPT_SMPT,60,6892.74,84,0,0,2207.3,-1.0,-1.0,2,0,66.7,2.7,4175.1,0.0,0.0,0.0
2026-09-19 18:23:01,mfsweep_shard0,SPT_SMPT,60,6892.74,85,0,0,2233.6,-1.0,-1.0,2,0,60.7,2.7,4148.8,0.0,0.0,0.0
2026-09-19 18:23:01,mfsweep_shard0,SPT_SMPT,60,6892.74,86,0,0,2259.9,-1.0,-1.0,2,0,86.4,2.7,4122.5,0.0,0.0,0.0
2026-09-19 18:23:01,mfsweep_shard0,SPT_SMPT,60,6892.74,87,0,0,2286.1,-1.0,-1.0,2,0,70.3,2.8,4096.2,0.0,0.0,0.0
2026-09-19 18:23:01,mfsweep_shard0,SPT_SMPT,60,6892.74,88,0,0,2312.4,-1.0,-1.0,2,0,56.5,2.8,4069.9,0.0,0.0,0.0
2026-09-19 18:23:01,mfsweep_shard0,SPT_SMPT,60,6892.74,89,0,0,2338.7,-1.0,-1.0,2,0,55.1,2.9,4043.6,0.0,0.0,0.0
2026-09-19 18:23:01,mfsweep_shard0,SPT_SMPT,60,6892.74,90,0,0,2365.0,-1.0,-1.0,2,0,57.1,2.9,4017.3,0.0,0.0,0.0
2026-09-19 18:23:01,mfsweep_shard0,SPT_SMPT,60,6892.74,91,0,0,2391.2,-1.0,-1.0,2,0,74.2,3.0,3991.0,0.0,0.0,0.0
2026-09-19 18:23:01,mfsweep_shard0,SPT_SMPT,60,6892.74,92,0,0,2417.5,-1.0,-1.0,2,0,79.6,3.0,3964.7,0.0,0.0,0.0
2026-09-19 18:23:01,mfsweep_shard0,SPT_SMPT,60,6892.74,93,0,0,2443.8,-1.0,-1.0,2,0,67.4,3.0,3938.4,0.0,0.0,0.0
2026-09-19 18:23:01,mfsweep_shard0,SPT_SMPT,60,6892.74,94,0,0,2470.1,-1.0,-1.0,2,0,55.6,3.1,3912.1,0.0,0.0,0.0
2026-09-19 18:23:01,mfsweep_shard0,SPT_SMPT,60,6892.74,95,0,0,2496.4,-1.0,-1.0,2,0,66.1,3.1,3885.8,0.0,0.0,0.0
2026-09-19 18:23:01,mfsweep_shard0,SPT_SMPT,60,6892.74,96,0,0,2522.6,-1.0,-1.0,2,0,86.4,3.1,3859.5,0.0,0.0,0.0
2026-09-19 18:23:01,mfsweep_shard0,SPT_SMPT,60,6892.74,97,0,0,2548.9,-1.0,-1.0,2,0,71.0,3.2,3833.2,0.0,0.0,0.0
2026-09-19 18:23:01,mfsweep_shard0,SPT_SMPT,60,6892.74,98,0,0,2575.2,-1.0,-1.0,2,0,85.6,3.2,3806.9,0.0,0.0,0.0
2026-09-19 18:23:01,mfsweep_shard0,SPT_SMPT,60,6892.74,99,0,0,2601.5,-1.0,-1.0,2,0,81.9,3.3,3780.6,0.0,0.0,0.0
2026-09-19 18:23:01,mfsweep_shard0,SPT_SMPT,60,6892.74,100,0,0,2627.7,-1.0,-1.0,2,0,53.9,3.3,3754.3,0.0,0.0,0.0
2026-09-19 18:23:01,mfsweep_shard0,SPT_SMPT,60,6892.74,101,0,0,2654.0,-1.0,-1.0,2,0,77.3,3.3,3728.1,0.0,0.0,0.0
2026-09-19 18:23:01,mfsweep_shard0,SPT_SMPT,60,6892.74,102,0,0,2680.3,-1.0,-1.0,2,0,76.0,3.4,3701.8,0.0,0.0,0.0
2026-09-19 18:23:01,mfsweep_shard0,SPT_SMPT,60,6892.74,103,0,0,2706.6,-1.0,-1.0,2,0,71.2,3.4,3675.5,0.0,0.0,0.0
2026-09-19 18:23:01,mfsweep_shard0,SPT_SMPT,60,6892.74,104,0,0,2732.9,-1.0,-1.0,2,0,62.3,3.5,3649.2,0.0,0.0,0.0
2026-09-19 18:23:01,mfsweep_shard0,SPT_SMPT,60,6892.74,105,0,0,2759.1,-1.0,-1.0,2,0,74.7,3.5,3622.9,0.0,0.0,0.0
2026-09-19 18:23:01,mfsweep_shard0,SPT_SMPT,60,6892.74,106,0,0,2785.4,-1.0,-1.0,2,0,57.2,3.6,3596.6,0.0,0.0,0.0
2026-09-19 18:23:01,mfsweep_shard0,SPT_SMPT,60,6892.74,107,0,0,2811.7,-1.0,-1.0,2,0,67.9,3.6,3570.3,0.0,0.0,0.0
2026-09-19 18:23:01,mfsweep_shard0,SPT_SMPT,60,6892.74,108,0,0,2838.0,-1.0,-1.0,2,0,68.5,3.6,3544.0,0.0,0.0,0.0
2026-09-19 18:23:01,mfsweep_shard0,SPT_SMPT,60,6892.74,109,0,0,2864.2,-1.0,-1.0,2,0,85.0,3.7,3517.7,0.0,0.0,0.0
2026-09-19 18:23:01,mfsweep_shard0,SPT_SMPT,60,6892.74,110,0,0,2890.5,-1.0,-1.0,2,0,82.4,3.7,3491.4,0.0,0.0,0.0
2026-09-19 18:23:01,mfsweep_shard0,SPT_SMPT,60,6892.74,111,0,0,2916.8,-1.0,-1.0,2,0,62.2,3.7,3465.1,0.0,0.0,0.0
2026-09-19 18:23:01,mfsweep_shard0,SPT_SMPT,60,6892.74,112,0,0,2943.1,-1.0,-1.0,2,0,70.0,3.8,3438.8,0.0,0.0,0.0
2026-09-19 18:23:01,mfsweep_shard0,SPT_SMPT,60,6892.74,113,0,0,2969.3,-1.0,-1.0,2,0,59.4,3.8,3412.5,0.0,0.0,0.0
2026-09-19 18:23:01,mfsweep_shard0,SPT_SMPT,60,6892.74,114,0,0,2995.6,-1.0,-1.0,2,0,83.6,3.9,3386.2,0.0,0.0,0.0
2026-09-19 18:23:01,mfsweep_shard0,SPT_SMPT,60,6892.74,115,0,0,3021.9,-1.0,-1.0,2,0,82.2,3.9,3359.9,0.0,0.0,0.0
2026-09-19 18:23:01,mfsweep_shard0,SPT_SMPT,60,6892.74,116,0,0,3048.2,-1.0,-1.0,2,0,63.4,4.0,3333.6,0.0,0.0,0.0
2026-09-19 18:23:01,mfsweep_shard0,SPT_SMPT,60,6892.74,117,0,0,3074.5,-1.0,-1.0,2,0,74.6,4.0,3307.3,0.0,0.0,0.0
2026-09-19 18:23:01,mfsweep_shard0,SPT_SMPT,60,6892.74,118,0,0,3100.7,-1.0,-1.0,2,0,73.6,4.0,3281.0,0.0,0.0,0.0
2026-09-19 18:23:01,mfsweep_shard0,SPT_SMPT,60,6892.74,119,0,0,3127.0,-1.0,-1.0,2,0,58.5,4.1,3254.7,0.0,0.0,0.0
2026-09-19 18:23:01,mfsweep_shard0,SPT_SMPT,60,6892.74,120,0,0,3153.3,-1.0,-1.0,2,0,78.7,4.1,3228.4,0.0,0.0,0.0
2026-09-19 18:23:01,mfsweep_shard0,SPT_SMPT,60,6892.74,121,0,0,3179.6,-1.0,-1.0,2,0,71.3,4.2,3202.1,0.0,0.0,0.0
2026-09-19 18:23:01,mfsweep_shard0,SPT_SMPT,60,6892.74,122,0,0,3205.8,-1.0,-1.0,2,0,79.2,4.2,3175.8,0.0,0.0,0.0
2026-09-19 18:23:01,mfsweep_shard0,SPT_SMPT,60,6892.74,123,0,0,3232.1,-1.0,-1.0,2,0,71.0,4.2,3149.5,0.0,0.0,0.0
2026-09-19 18:23:01,mfsweep_shard0,SPT_SMPT,60,6892.74,124,0,0,3258.4,-1.0,-1.0,2,0,53.5,4.3,3123.2,0.0,0.0,0.0
2026-09-19 18:23:01,mfsweep_shard0,SPT_SMPT,60,6892.74,125,0,0,3284.7,-1.0,-1.0,2,0,64.2,4.3,3096.9,0.0,0.0,0.0
2026-09-19 18:23:01,mfsweep_shard0,SPT_SMPT,60,6892.74,126,0,0,3311.0,-1.0,-1.0,2,0,54.1,4.3,3070.6,0.0,0.0,0.0
2026-09-19 18:23:01,mfsweep_shard0,SPT_SMPT,60,6892.74,127,0,0,3337.2,-1.0,-1.0,2,0,84.2,4.4,3044.3,0.0,0.0,0.0
2026-09-19 18:23:01,mfsweep_shard0,SPT_SMPT,60,6892.74,128,0,0,3363.5,-1.0,-1.0,2,0,82.5,4.4,3018.0,0.0,0.0,0.0
2026-09-19 18:23:01,mfsweep_shard0,SPT_SMPT,60,6892.74,129,0,0,3389.8,-1.0,-1.0,2,0,80.9,4.5,2991.7,0.0,0.0,0.0
2026-09-19 18:23:01,mfsweep_shard0,SPT_SMPT,60,6892.74,130,0,0,3416.1,-1.0,-1.0,2,0,63.7,4.5,2965.4,0.0,0.0,0.0
2026-09-19 18:23:01,mfsweep_shard0,SPT_SMPT,60,6892.74,131,0,0,3442.3,-1.0,-1.0,2,0,55.4,4.6,2939.1,0.0,0.0,0.0
2026-09-19 18:23:01,mfsweep_shard0,SPT_SMPT,60,6892.74,132,0,0,3468.6,-1.0,-1.0,2,0,82.5,4.6,2912.8,0.0,0.0,0.0
2026-09-19 18:23:01,mfsweep_shard0,SPT_SMPT,60,6892.74,133,0,0,3494.9,-1.0,-1.0,2,0,84.8,4.6,2886.5,0.0,0.0,0.0
2026-09-19 18:23:01,mfsweep_shard0,SPT_SMPT,60,6892.74,134,0,0,3521.2,-1.0,-1.0,2,0,56.3,4.7,2860.2,0.0,0.0,0.0
2026-09-19 18:23:01,mfsweep_shard0,SPT_SMPT,60,6892.74,135,0,0,3547.5,-1.0,-1.0,2,0,69.5,4.7,2833.9,0.0,0.0,0.0
2026-09-19 18:23:01,mfsweep_shard0,SPT_SMPT,60,6892.74,136,0,0,3573.7,-1.0,-1.0,2,0,55.8,4.8,2807.6,0.0,0.0,0.0
2026-09-19 18:27:15,mfsweep_shard0,SPT_SMPT,61,6593.80,0,0,1,0.0,235.2,235.2,2,2,74.6,0.0,76.8,83.7,0.0,74.6
2026-09-19 18:27:15,mfsweep_shard0,SPT_SMPT,61,6593.80,1,0,1,26.3,284.7,258.4,2,2,54.4,0.0,95.2,90.5,18.3,54.4
2026-09-19 18:27:15,mfsweep_shard0,SPT_SMPT,61,6593.80,2,0,1,52.6,369.0,316.4,2,2,62.6,0.0,85.2,87.1,81.4,62.6
2026-09-19 18:27:15,mfsweep_shard0,SPT_SMPT,61,6593.80,3,0,1,78.8,316.1,237.3,2,2,60.9,0.0,70.7,98.6,7.1,60.9
2026-09-19 18:27:15,mfsweep_shard0,SPT_SMPT,61,6593.80,4,0,0,105.1,-1.0,-1.0,2,2,77.8,0.0,5886.8,269.3,137.0,108.3
2026-09-19 18:27:15,mfsweep_shard0,SPT_SMPT,61,6593.80,5,0,0,131.4,-1.0,-1.0,2,2,75.9,0.0,6225.6,65.4,27.1,75.9
2026-09-19 18:27:15,mfsweep_shard0,SPT_SMPT,61,6593.80,6,0,0,157.7,-1.0,-1.0,2,2,83.0,0.1,5923.5,262.4,64.1,83.0
2026-09-19 18:27:15,mfsweep_shard0,SPT_SMPT,61,6593.80,7,0,0,183.9,-1.0,-1.0,2,2,56.4,0.2,6124.7,84.6,81.3,56.4
2026-09-19 18:27:15,mfsweep_shard0,SPT_SMPT,61,6593.80,8,0,0,210.2,-1.0,-1.0,2,2,67.5,0.0,5921.3,250.3,0.0,67.5
2026-09-19 18:27:15,mfsweep_shard0,SPT_SMPT,61,6593.80,9,0,0,236.5,-1.0,-1.0,2,2,54.5,0.3,6084.5,74.4,12.9,82.2
2026-09-19 18:27:15,mfsweep_shard0,SPT_SMPT,61,6593.80,10,0,0,262.8,-1.0,-1.0,2,1,60.7,0.4,4969.5,1272.6,0.0,15.0
2026-09-19 18:27:15,mfsweep_shard0,SPT_SMPT,61,6593.80,11,0,0,289.1,-1.0,-1.0,2,1,70.2,0.3,5013.1,1176.8,0.0,15.0
2026-09-19 18:27:15,mfsweep_shard0,SPT_SMPT,61,6593.80,12,0,0,315.3,-1.0,-1.0,2,1,54.4,0.5,4949.0,1240.3,0.0,15.0
2026-09-19 18:27:15,mfsweep_shard0,SPT_SMPT,61,6593.80,13,0,0,341.6,-1.0,-1.0,2,0,60.1,0.2,5914.2,234.0,0.0,0.0
2026-09-19 18:27:15,mfsweep_shard0,SPT_SMPT,61,6593.80,14,0,0,367.9,-1.0,-1.0,2,0,75.0,0.4,5167.9,803.8,0.0,0.0
2026-09-19 18:27:15,mfsweep_shard0,SPT_SMPT,61,6593.80,15,0,0,394.2,-1.0,-1.0,2,0,71.5,0.6,5945.3,180.2,0.0,0.0
2026-09-19 18:27:15,mfsweep_shard0,SPT_SMPT,61,6593.80,16,0,0,420.4,-1.0,-1.0,2,0,60.8,0.7,5017.9,0.0,0.0,0.0
2026-09-19 18:27:15,mfsweep_shard0,SPT_SMPT,61,6593.80,17,0,0,446.7,-1.0,-1.0,2,0,73.0,0.8,4991.5,0.0,0.0,0.0
2026-09-19 18:27:15,mfsweep_shard0,SPT_SMPT,61,6593.80,18,0,0,473.0,-1.0,-1.0,2,0,80.2,1.0,4965.0,0.0,0.0,0.0
2026-09-19 18:27:15,mfsweep_shard0,SPT_SMPT,61,6593.80,19,0,0,499.3,-1.0,-1.0,2,0,53.7,1.0,4938.8,0.0,0.0,0.0
2026-09-19 18:27:15,mfsweep_shard0,SPT_SMPT,61,6593.80,20,0,0,525.6,-1.0,-1.0,2,0,80.1,1.2,4912.4,0.0,0.0,0.0
2026-09-19 18:27:15,mfsweep_shard0,SPT_SMPT,61,6593.80,21,0,0,551.8,-1.0,-1.0,2,0,76.5,1.0,4886.3,0.0,0.0,0.0
2026-09-19 18:27:15,mfsweep_shard0,SPT_SMPT,61,6593.80,22,0,0,578.1,-1.0,-1.0,2,0,64.7,1.2,4859.8,0.0,0.0,0.0
2026-09-19 18:27:15,mfsweep_shard0,SPT_SMPT,61,6593.80,23,0,0,604.4,-1.0,-1.0,2,0,58.6,1.4,4833.4,0.0,0.0,0.0
2026-09-19 18:27:15,mfsweep_shard0,SPT_SMPT,61,6593.80,24,0,0,630.7,-1.0,-1.0,2,0,85.1,1.5,4807.0,0.0,0.0,0.0
2026-09-19 18:27:15,mfsweep_shard0,SPT_SMPT,61,6593.80,25,0,0,656.9,-1.0,-1.0,2,0,64.6,1.6,4780.7,0.0,0.0,0.0
2026-09-19 18:27:15,mfsweep_shard0,SPT_SMPT,61,6593.80,26,0,0,683.2,-1.0,-1.0,2,0,56.6,1.8,4754.3,0.0,0.0,0.0
2026-09-19 18:27:15,mfsweep_shard0,SPT_SMPT,61,6593.80,27,0,0,709.5,-1.0,-1.0,2,0,56.7,1.9,4727.9,0.0,0.0,0.0
2026-09-19 18:27:15,mfsweep_shard0,SPT_SMPT,61,6593.80,28,0,0,735.8,-1.0,-1.0,2,0,81.5,2.0,4701.5,0.0,0.0,0.0
2026-09-19 18:27:15,mfsweep_shard0,SPT_SMPT,61,6593.80,29,0,0,762.0,-1.0,-1.0,2,0,73.4,1.9,4675.4,0.0,0.0,0.0
2026-09-19 18:27:15,mfsweep_shard0,SPT_SMPT,61,6593.80,30,0,0,788.3,-1.0,-1.0,2,0,80.1,2.0,4649.0,0.0,0.0,0.0
2026-09-19 18:27:15,mfsweep_shard0,SPT_SMPT,61,6593.80,31,0,0,814.6,-1.0,-1.0,2,0,77.6,1.8,4622.9,0.0,0.0,0.0
2026-09-19 18:27:15,mfsweep_shard0,SPT_SMPT,61,6593.80,32,0,0,840.9,-1.0,-1.0,2,0,71.2,1.9,4596.6,0.0,0.0,0.0
2026-09-19 18:27:15,mfsweep_shard0,SPT_SMPT,61,6593.80,33,0,0,867.2,-1.0,-1.0,2,0,85.6,2.0,4570.2,0.0,0.0,0.0
2026-09-19 18:27:15,mfsweep_shard0,SPT_SMPT,61,6593.80,34,0,0,893.4,-1.0,-1.0,2,0,66.0,2.1,4543.9,0.0,0.0,0.0
2026-09-19 18:27:15,mfsweep_shard0,SPT_SMPT,61,6593.80,35,0,0,919.7,-1.0,-1.0,2,0,71.7,2.2,4517.5,0.0,0.0,0.0
2026-09-19 18:27:15,mfsweep_shard0,SPT_SMPT,61,6593.80,36,0,0,946.0,-1.0,-1.0,2,0,80.9,2.3,4491.2,0.0,0.0,0.0
2026-09-19 18:27:15,mfsweep_shard0,SPT_SMPT,61,6593.80,37,0,0,972.3,-1.0,-1.0,2,0,73.9,2.4,4464.8,0.0,0.0,0.0
2026-09-19 18:27:15,mfsweep_shard0,SPT_SMPT,61,6593.80,38,0,0,998.5,-1.0,-1.0,2,0,81.9,2.5,4438.4,0.0,0.0,0.0
2026-09-19 18:27:15,mfsweep_shard0,SPT_SMPT,61,6593.80,39,0,0,1024.8,-1.0,-1.0,2,0,72.6,2.6,4412.1,0.0,0.0,0.0
2026-09-19 18:27:15,mfsweep_shard0,SPT_SMPT,61,6593.80,40,0,0,1051.1,-1.0,-1.0,2,0,76.8,2.7,4385.7,0.0,0.0,0.0
2026-09-19 18:27:15,mfsweep_shard0,SPT_SMPT,61,6593.80,41,0,0,1077.4,-1.0,-1.0,2,0,55.0,2.8,4359.4,0.0,0.0,0.0
2026-09-19 18:27:15,mfsweep_shard0,SPT_SMPT,61,6593.80,42,0,0,1103.7,-1.0,-1.0,2,0,61.0,2.9,4333.0,0.0,0.0,0.0
2026-09-19 18:27:15,mfsweep_shard0,SPT_SMPT,61,6593.80,43,0,0,1129.9,-1.0,-1.0,2,0,63.1,3.0,4306.7,0.0,0.0,0.0
2026-09-19 18:27:15,mfsweep_shard0,SPT_SMPT,61,6593.80,44,0,0,1156.2,-1.0,-1.0,2,0,56.1,3.1,4280.3,0.0,0.0,0.0
2026-09-19 18:27:15,mfsweep_shard0,SPT_SMPT,61,6593.80,45,0,0,1182.5,-1.0,-1.0,2,0,61.2,3.2,4253.9,0.0,0.0,0.0
2026-09-19 18:27:15,mfsweep_shard0,SPT_SMPT,61,6593.80,46,0,0,1208.8,-1.0,-1.0,2,0,56.8,3.3,4227.6,0.0,0.0,0.0
2026-09-19 18:27:15,mfsweep_shard0,SPT_SMPT,61,6593.80,47,0,0,1235.0,-1.0,-1.0,2,0,62.7,3.4,4201.2,0.0,0.0,0.0
2026-09-19 18:27:15,mfsweep_shard0,SPT_SMPT,61,6593.80,48,0,0,1261.3,-1.0,-1.0,2,0,74.5,3.5,4174.9,0.0,0.0,0.0
2026-09-19 18:27:15,mfsweep_shard0,SPT_SMPT,61,6593.80,49,0,0,1287.6,-1.0,-1.0,2,0,65.5,3.6,4148.5,0.0,0.0,0.0
2026-09-19 18:27:15,mfsweep_shard0,SPT_SMPT,61,6593.80,50,0,0,1313.9,-1.0,-1.0,2,0,65.7,3.7,4122.2,0.0,0.0,0.0
2026-09-19 18:27:15,mfsweep_shard0,SPT_SMPT,61,6593.80,51,0,0,1340.2,-1.0,-1.0,2,0,60.4,3.8,4095.8,0.0,0.0,0.0
2026-09-19 18:27:15,mfsweep_shard0,SPT_SMPT,61,6593.80,52,0,0,1366.4,-1.0,-1.0,2,0,62.3,3.9,4069.4,0.0,0.0,0.0
2026-09-19 18:27:15,mfsweep_shard0,SPT_SMPT,61,6593.80,53,0,0,1392.7,-1.0,-1.0,2,0,84.4,4.0,4043.1,0.0,0.0,0.0
2026-09-19 18:27:15,mfsweep_shard0,SPT_SMPT,61,6593.80,54,0,0,1419.0,-1.0,-1.0,2,0,74.9,4.1,4016.7,0.0,0.0,0.0
2026-09-19 18:27:15,mfsweep_shard0,SPT_SMPT,61,6593.80,55,0,0,1445.3,-1.0,-1.0,2,0,73.6,4.2,3990.4,0.0,0.0,0.0
2026-09-19 18:27:15,mfsweep_shard0,SPT_SMPT,61,6593.80,56,0,0,1471.5,-1.0,-1.0,2,0,59.2,4.3,3964.0,0.0,0.0,0.0
2026-09-19 18:27:15,mfsweep_shard0,SPT_SMPT,61,6593.80,57,0,0,1497.8,-1.0,-1.0,2,0,77.6,4.4,3937.7,0.0,0.0,0.0
2026-09-19 18:27:15,mfsweep_shard0,SPT_SMPT,61,6593.80,58,0,0,1524.1,-1.0,-1.0,2,0,58.9,4.5,3911.3,0.0,0.0,0.0
2026-09-19 18:27:15,mfsweep_shard0,SPT_SMPT,61,6593.80,59,0,0,1550.4,-1.0,-1.0,2,0,66.0,4.6,3884.9,0.0,0.0,0.0
2026-09-19 18:27:15,mfsweep_shard0,SPT_SMPT,61,6593.80,60,0,0,1576.6,-1.0,-1.0,2,0,86.2,4.7,3858.6,0.0,0.0,0.0
2026-09-19 18:27:15,mfsweep_shard0,SPT_SMPT,61,6593.80,61,0,0,1602.9,-1.0,-1.0,2,0,74.6,4.8,3832.2,0.0,0.0,0.0
2026-09-19 18:27:15,mfsweep_shard0,SPT_SMPT,61,6593.80,62,0,0,1629.2,-1.0,-1.0,2,0,71.9,4.9,3805.9,0.0,0.0,0.0
2026-09-19 18:27:15,mfsweep_shard0,SPT_SMPT,61,6593.80,63,0,0,1655.5,-1.0,-1.0,2,0,76.1,5.0,3779.5,0.0,0.0,0.0
2026-09-19 18:27:15,mfsweep_shard0,SPT_SMPT,61,6593.80,64,0,0,1681.8,-1.0,-1.0,2,0,81.3,5.1,3753.2,0.0,0.0,0.0
2026-09-19 18:27:15,mfsweep_shard0,SPT_SMPT,61,6593.80,65,0,0,1708.0,-1.0,-1.0,2,0,79.1,5.2,3726.8,0.0,0.0,0.0
2026-09-19 18:27:15,mfsweep_shard0,SPT_SMPT,61,6593.80,66,0,0,1734.3,-1.0,-1.0,2,0,61.1,5.3,3700.4,0.0,0.0,0.0
2026-09-19 18:27:15,mfsweep_shard0,SPT_SMPT,61,6593.80,67,0,0,1760.6,-1.0,-1.0,2,0,54.6,5.4,3674.1,0.0,0.0,0.0
2026-09-19 18:27:15,mfsweep_shard0,SPT_SMPT,61,6593.80,68,0,0,1786.9,-1.0,-1.0,2,0,63.9,5.5,3647.7,0.0,0.0,0.0
2026-09-19 18:27:15,mfsweep_shard0,SPT_SMPT,61,6593.80,69,0,0,1813.1,-1.0,-1.0,2,0,62.3,5.6,3621.4,0.0,0.0,0.0
2026-09-19 18:27:15,mfsweep_shard0,SPT_SMPT,61,6593.80,70,0,0,1839.4,-1.0,-1.0,2,0,60.5,5.7,3595.0,0.0,0.0,0.0
2026-09-19 18:27:15,mfsweep_shard0,SPT_SMPT,61,6593.80,71,0,0,1865.7,-1.0,-1.0,2,0,84.6,5.8,3568.7,0.0,0.0,0.0
2026-09-19 18:27:15,mfsweep_shard0,SPT_SMPT,61,6593.80,72,0,0,1892.0,-1.0,-1.0,2,0,82.4,5.9,3542.3,0.0,0.0,0.0
2026-09-19 18:27:15,mfsweep_shard0,SPT_SMPT,61,6593.80,73,0,0,1918.3,-1.0,-1.0,2,0,63.9,6.0,3515.9,0.0,0.0,0.0
2026-09-19 18:27:15,mfsweep_shard0,SPT_SMPT,61,6593.80,74,0,0,1944.5,-1.0,-1.0,2,0,75.1,4.9,3490.8,0.0,0.0,0.0
2026-09-19 18:27:15,mfsweep_shard0,SPT_SMPT,61,6593.80,75,0,0,1970.8,-1.0,-1.0,2,0,66.6,5.0,3464.5,0.0,0.0,0.0
2026-09-19 18:27:15,mfsweep_shard0,SPT_SMPT,61,6593.80,76,0,0,1997.1,-1.0,-1.0,2,0,83.7,3.8,3439.3,0.0,0.0,0.0
2026-09-19 18:27:15,mfsweep_shard0,SPT_SMPT,61,6593.80,77,0,0,2023.4,-1.0,-1.0,2,0,68.6,3.9,3413.0,0.0,0.0,0.0
2026-09-19 18:27:15,mfsweep_shard0,SPT_SMPT,61,6593.80,78,0,0,2049.6,-1.0,-1.0,2,0,62.2,3.9,3386.7,0.0,0.0,0.0
2026-09-19 18:27:15,mfsweep_shard0,SPT_SMPT,61,6593.80,79,0,0,2075.9,-1.0,-1.0,2,0,61.6,4.0,3360.4,0.0,0.0,0.0
2026-09-19 18:27:15,mfsweep_shard0,SPT_SMPT,61,6593.80,80,0,0,2102.2,-1.0,-1.0,2,0,72.0,4.0,3334.1,0.0,0.0,0.0
2026-09-19 18:27:15,mfsweep_shard0,SPT_SMPT,61,6593.80,81,0,0,2128.5,-1.0,-1.0,2,0,62.2,4.1,3307.8,0.0,0.0,0.0
2026-09-19 18:27:15,mfsweep_shard0,SPT_SMPT,61,6593.80,82,0,0,2154.7,-1.0,-1.0,2,0,72.8,4.2,3281.4,0.0,0.0,0.0
2026-09-19 18:27:15,mfsweep_shard0,SPT_SMPT,61,6593.80,83,0,0,2181.0,-1.0,-1.0,2,0,83.1,4.2,3255.1,0.0,0.0,0.0
2026-09-19 18:27:15,mfsweep_shard0,SPT_SMPT,61,6593.80,84,0,0,2207.3,-1.0,-1.0,2,0,66.7,4.3,3228.8,0.0,0.0,0.0
2026-09-19 18:27:15,mfsweep_shard0,SPT_SMPT,61,6593.80,85,0,0,2233.6,-1.0,-1.0,2,0,60.7,4.4,3202.5,0.0,0.0,0.0
2026-09-19 18:27:15,mfsweep_shard0,SPT_SMPT,61,6593.80,86,0,0,2259.9,-1.0,-1.0,2,0,86.4,4.4,3176.2,0.0,0.0,0.0
2026-09-19 18:27:15,mfsweep_shard0,SPT_SMPT,61,6593.80,87,0,0,2286.1,-1.0,-1.0,2,0,70.3,4.5,3149.9,0.0,0.0,0.0
2026-09-19 18:27:15,mfsweep_shard0,SPT_SMPT,61,6593.80,88,0,0,2312.4,-1.0,-1.0,2,0,56.5,4.5,3123.5,0.0,0.0,0.0
2026-09-19 18:27:15,mfsweep_shard0,SPT_SMPT,61,6593.80,89,0,0,2338.7,-1.0,-1.0,2,0,55.1,4.6,3097.2,0.0,0.0,0.0
2026-09-19 18:27:15,mfsweep_shard0,SPT_SMPT,61,6593.80,90,0,0,2365.0,-1.0,-1.0,2,0,57.1,4.7,3070.9,0.0,0.0,0.0
2026-09-19 18:27:15,mfsweep_shard0,SPT_SMPT,61,6593.80,91,0,0,2391.2,-1.0,-1.0,2,0,74.2,4.7,3044.6,0.0,0.0,0.0
2026-09-19 18:27:15,mfsweep_shard0,SPT_SMPT,61,6593.80,92,0,0,2417.5,-1.0,-1.0,2,0,79.6,4.8,3018.3,0.0,0.0,0.0
2026-09-19 18:27:15,mfsweep_shard0,SPT_SMPT,61,6593.80,93,0,0,2443.8,-1.0,-1.0,2,0,67.4,4.8,2991.9,0.0,0.0,0.0
2026-09-19 18:27:15,mfsweep_shard0,SPT_SMPT,61,6593.80,94,0,0,2470.1,-1.0,-1.0,2,0,55.6,4.9,2965.6,0.0,0.0,0.0
2026-09-19 18:27:15,mfsweep_shard0,SPT_SMPT,61,6593.80,95,0,0,2496.4,-1.0,-1.0,2,0,66.1,4.9,2939.3,0.0,0.0,0.0
2026-09-19 18:27:15,mfsweep_shard0,SPT_SMPT,61,6593.80,96,0,0,2522.6,-1.0,-1.0,2,0,86.4,5.0,2913.0,0.0,0.0,0.0
2026-09-19 18:27:15,mfsweep_shard0,SPT_SMPT,61,6593.80,97,0,0,2548.9,-1.0,-1.0,2,0,71.0,5.1,2886.7,0.0,0.0,0.0
2026-09-19 18:27:15,mfsweep_shard0,SPT_SMPT,61,6593.80,98,0,0,2575.2,-1.0,-1.0,2,0,85.6,5.1,2860.4,0.0,0.0,0.0
2026-09-19 18:27:15,mfsweep_shard0,SPT_SMPT,61,6593.80,99,0,0,2601.5,-1.0,-1.0,2,0,81.9,5.2,2834.0,0.0,0.0,0.0
2026-09-19 18:27:15,mfsweep_shard0,SPT_SMPT,61,6593.80,100,0,0,2627.7,-1.0,-1.0,2,0,53.9,5.3,2807.7,0.0,0.0,0.0
2026-09-19 18:27:15,mfsweep_shard0,SPT_SMPT,61,6593.80,101,0,0,2654.0,-1.0,-1.0,2,0,77.3,5.3,2781.4,0.0,0.0,0.0
2026-09-19 18:27:15,mfsweep_shard0,SPT_SMPT,61,6593.80,102,0,0,2680.3,-1.0,-1.0,2,0,76.0,5.4,2755.1,0.0,0.0,0.0
2026-09-19 18:27:15,mfsweep_shard0,SPT_SMPT,61,6593.80,103,0,0,2706.6,-1.0,-1.0,2,0,71.2,5.4,2728.8,0.0,0.0,0.0
2026-09-19 18:27:15,mfsweep_shard0,SPT_SMPT,61,6593.80,104,0,0,2732.9,-1.0,-1.0,2,0,62.3,5.5,2702.5,0.0,0.0,0.0
2026-09-19 18:27:15,mfsweep_shard0,SPT_SMPT,61,6593.80,105,0,0,2759.1,-1.0,-1.0,2,0,74.7,5.6,2676.1,0.0,0.0,0.0
2026-09-19 18:27:15,mfsweep_shard0,SPT_SMPT,61,6593.80,106,0,0,2785.4,-1.0,-1.0,2,0,57.2,5.6,2649.8,0.0,0.0,0.0
2026-09-19 18:27:15,mfsweep_shard0,SPT_SMPT,61,6593.80,107,0,0,2811.7,-1.0,-1.0,2,0,67.9,3.8,2625.4,0.0,0.0,0.0
2026-09-19 18:27:15,mfsweep_shard0,SPT_SMPT,61,6593.80,108,0,0,2838.0,-1.0,-1.0,2,0,68.5,3.8,2599.1,0.0,0.0,0.0
2026-09-19 18:27:15,mfsweep_shard0,SPT_SMPT,61,6593.80,109,0,0,2864.2,-1.0,-1.0,2,0,85.0,3.9,2572.8,0.0,0.0,0.0
2026-09-19 18:27:15,mfsweep_shard0,SPT_SMPT,61,6593.80,110,0,0,2890.5,-1.0,-1.0,2,0,82.4,2.0,2548.4,0.0,0.0,0.0
2026-09-19 18:27:15,mfsweep_shard0,SPT_SMPT,61,6593.80,111,0,0,2916.8,-1.0,-1.0,2,0,62.2,2.0,2522.2,0.0,0.0,0.0
2026-09-19 18:27:15,mfsweep_shard0,SPT_SMPT,61,6593.80,112,0,0,2943.1,-1.0,-1.0,2,0,70.0,2.0,2495.9,0.0,0.0,0.0
2026-09-19 18:27:15,mfsweep_shard0,SPT_SMPT,61,6593.80,113,0,0,2969.3,-1.0,-1.0,2,0,59.4,2.0,2469.6,0.0,0.0,0.0
2026-09-19 18:27:15,mfsweep_shard0,SPT_SMPT,61,6593.80,114,0,0,2995.6,-1.0,-1.0,2,0,83.6,2.1,2443.3,0.0,0.0,0.0
2026-09-19 18:27:15,mfsweep_shard0,SPT_SMPT,61,6593.80,115,0,0,3021.9,-1.0,-1.0,2,0,82.2,2.1,2417.0,0.0,0.0,0.0
2026-09-19 18:27:15,mfsweep_shard0,SPT_SMPT,61,6593.80,116,0,0,3048.2,-1.0,-1.0,2,0,63.4,2.1,2390.8,0.0,0.0,0.0
2026-09-19 18:27:15,mfsweep_shard0,SPT_SMPT,61,6593.80,117,0,0,3074.5,-1.0,-1.0,2,0,74.6,2.1,2364.5,0.0,0.0,0.0
2026-09-19 18:27:15,mfsweep_shard0,SPT_SMPT,61,6593.80,118,0,0,3100.7,-1.0,-1.0,2,0,73.6,2.1,2338.2,0.0,0.0,0.0
2026-09-19 18:27:15,mfsweep_shard0,SPT_SMPT,61,6593.80,119,0,0,3127.0,-1.0,-1.0,2,0,58.5,2.1,2311.9,0.0,0.0,0.0
2026-09-19 18:27:15,mfsweep_shard0,SPT_SMPT,61,6593.80,120,0,0,3153.3,-1.0,-1.0,2,0,78.7,2.2,2285.7,0.0,0.0,0.0
2026-09-19 18:27:15,mfsweep_shard0,SPT_SMPT,61,6593.80,121,0,0,3179.6,-1.0,-1.0,2,0,71.3,2.2,2259.4,0.0,0.0,0.0
2026-09-19 18:27:15,mfsweep_shard0,SPT_SMPT,61,6593.80,122,0,0,3205.8,-1.0,-1.0,2,0,79.2,2.2,2233.1,0.0,0.0,0.0
2026-09-19 18:27:15,mfsweep_shard0,SPT_SMPT,61,6593.80,123,0,0,3232.1,-1.0,-1.0,2,0,71.0,2.2,2206.8,0.0,0.0,0.0
2026-09-19 18:27:15,mfsweep_shard0,SPT_SMPT,61,6593.80,124,0,0,3258.4,-1.0,-1.0,2,0,53.5,2.2,2180.6,0.0,0.0,0.0
2026-09-19 18:27:15,mfsweep_shard0,SPT_SMPT,61,6593.80,125,0,0,3284.7,-1.0,-1.0,2,0,64.2,2.3,2154.3,0.0,0.0,0.0
2026-09-19 18:27:15,mfsweep_shard0,SPT_SMPT,61,6593.80,126,0,0,3311.0,-1.0,-1.0,2,0,54.1,2.3,2128.0,0.0,0.0,0.0
2026-09-19 18:27:15,mfsweep_shard0,SPT_SMPT,61,6593.80,127,0,0,3337.2,-1.0,-1.0,2,0,84.2,2.3,2101.7,0.0,0.0,0.0
2026-09-19 18:27:15,mfsweep_shard0,SPT_SMPT,61,6593.80,128,0,0,3363.5,-1.0,-1.0,2,0,82.5,2.3,2075.4,0.0,0.0,0.0
2026-09-19 18:27:15,mfsweep_shard0,SPT_SMPT,61,6593.80,129,0,0,3389.8,-1.0,-1.0,2,0,80.9,2.4,2049.2,0.0,0.0,0.0
2026-09-19 18:27:15,mfsweep_shard0,SPT_SMPT,61,6593.80,130,0,0,3416.1,-1.0,-1.0,2,0,63.7,2.4,2022.9,0.0,0.0,0.0
2026-09-19 18:27:15,mfsweep_shard0,SPT_SMPT,61,6593.80,131,0,0,3442.3,-1.0,-1.0,2,0,55.4,2.4,1996.6,0.0,0.0,0.0
2026-09-19 18:27:15,mfsweep_shard0,SPT_SMPT,61,6593.80,132,0,0,3468.6,-1.0,-1.0,2,0,82.5,2.4,1970.3,0.0,0.0,0.0
2026-09-19 18:27:15,mfsweep_shard0,SPT_SMPT,61,6593.80,133,0,0,3494.9,-1.0,-1.0,2,0,84.8,2.4,1944.1,0.0,0.0,0.0
2026-09-19 18:27:15,mfsweep_shard0,SPT_SMPT,61,6593.80,134,0,0,3521.2,-1.0,-1.0,2,0,56.3,2.4,1917.8,0.0,0.0,0.0
2026-09-19 18:27:15,mfsweep_shard0,SPT_SMPT,61,6593.80,135,0,0,3547.5,-1.0,-1.0,2,0,69.5,2.5,1891.5,0.0,0.0,0.0
2026-09-19 18:27:15,mfsweep_shard0,SPT_SMPT,61,6593.80,136,0,0,3573.7,-1.0,-1.0,2,0,55.8,2.5,1865.2,0.0,0.0,0.0
2026-09-19 18:29:25,mfsweep_shard0,SPT_SMPT,62,3458.98,0,0,0,0.0,-1.0,-1.0,2,2,74.6,0.0,3093.9,76.7,118.3,83.6
2026-09-19 18:29:25,mfsweep_shard0,SPT_SMPT,62,3458.98,1,0,0,26.3,-1.0,-1.0,2,2,54.4,0.1,3019.2,291.1,20.5,54.4
2026-09-19 18:29:25,mfsweep_shard0,SPT_SMPT,62,3458.98,2,0,1,52.6,258.4,205.8,2,2,62.6,0.0,46.8,96.4,0.0,62.6
2026-09-19 18:29:25,mfsweep_shard0,SPT_SMPT,62,3458.98,3,0,0,78.8,-1.0,-1.0,2,2,60.9,0.0,3166.7,51.1,52.1,60.9
2026-09-19 18:29:25,mfsweep_shard0,SPT_SMPT,62,3458.98,4,0,0,105.1,-1.0,-1.0,2,2,77.8,0.0,114.8,3016.7,0.0,77.8
2026-09-19 18:29:25,mfsweep_shard0,SPT_SMPT,62,3458.98,5,0,0,131.4,-1.0,-1.0,2,2,75.9,0.0,3057.4,67.2,57.0,75.9
2026-09-19 18:29:25,mfsweep_shard0,SPT_SMPT,62,3458.98,6,0,0,157.7,-1.0,-1.0,2,2,83.0,0.0,2996.9,92.7,70.0,83.0
2026-09-19 18:29:25,mfsweep_shard0,SPT_SMPT,62,3458.98,7,0,0,183.9,-1.0,-1.0,2,1,56.4,0.0,1800.7,1357.5,0.0,15.0
2026-09-19 18:29:25,mfsweep_shard0,SPT_SMPT,62,3458.98,8,0,0,210.2,-1.0,-1.0,2,1,67.4,0.1,2548.8,578.1,9.4,15.0
2026-09-19 18:29:25,mfsweep_shard0,SPT_SMPT,62,3458.98,9,0,0,236.5,-1.0,-1.0,2,1,54.5,0.3,2859.1,48.7,0.0,15.0
2026-09-19 18:29:25,mfsweep_shard0,SPT_SMPT,62,3458.98,10,0,0,262.8,-1.0,-1.0,2,1,60.7,0.5,2647.2,234.2,0.0,15.0
2026-09-19 18:29:25,mfsweep_shard0,SPT_SMPT,62,3458.98,11,0,0,289.1,-1.0,-1.0,2,0,70.2,0.1,2684.0,198.1,0.0,0.0
2026-09-19 18:29:25,mfsweep_shard0,SPT_SMPT,62,3458.98,12,0,0,315.3,-1.0,-1.0,2,0,54.4,0.3,3024.3,0.0,0.0,0.0
2026-09-19 18:29:25,mfsweep_shard0,SPT_SMPT,62,3458.98,13,0,0,341.6,-1.0,-1.0,2,0,60.1,0.5,2997.8,0.0,0.0,0.0
2026-09-19 18:29:25,mfsweep_shard0,SPT_SMPT,62,3458.98,14,0,0,367.9,-1.0,-1.0,2,0,75.0,0.4,2425.3,0.0,0.0,0.0
2026-09-19 18:29:25,mfsweep_shard0,SPT_SMPT,62,3458.98,15,0,0,394.2,-1.0,-1.0,2,0,71.5,0.3,1463.4,0.0,0.0,0.0
2026-09-19 18:29:25,mfsweep_shard0,SPT_SMPT,62,3458.98,16,0,0,420.4,-1.0,-1.0,2,0,60.8,0.3,1437.1,0.0,0.0,0.0
2026-09-19 18:29:25,mfsweep_shard0,SPT_SMPT,62,3458.98,17,0,0,446.7,-1.0,-1.0,2,0,73.0,0.4,1410.8,0.0,0.0,0.0
2026-09-19 18:29:25,mfsweep_shard0,SPT_SMPT,62,3458.98,18,0,0,473.0,-1.0,-1.0,2,0,80.2,0.4,1384.5,0.0,0.0,0.0
2026-09-19 18:29:25,mfsweep_shard0,SPT_SMPT,62,3458.98,19,0,0,499.3,-1.0,-1.0,2,0,53.7,0.5,1358.2,0.0,0.0,0.0
2026-09-19 18:29:25,mfsweep_shard0,SPT_SMPT,62,3458.98,20,0,0,525.6,-1.0,-1.0,2,0,80.1,0.6,1331.8,0.0,0.0,0.0
2026-09-19 18:29:25,mfsweep_shard0,SPT_SMPT,62,3458.98,21,0,0,551.8,-1.0,-1.0,2,0,76.5,0.6,1305.5,0.0,0.0,0.0
2026-09-19 18:29:25,mfsweep_shard0,SPT_SMPT,62,3458.98,22,0,0,578.1,-1.0,-1.0,2,0,64.7,0.7,1279.2,0.0,0.0,0.0
2026-09-19 18:29:25,mfsweep_shard0,SPT_SMPT,62,3458.98,23,0,0,604.4,-1.0,-1.0,2,0,58.6,0.8,1252.9,0.0,0.0,0.0
2026-09-19 18:29:25,mfsweep_shard0,SPT_SMPT,62,3458.98,24,0,0,630.7,-1.0,-1.0,2,0,85.1,0.8,1226.6,0.0,0.0,0.0
2026-09-19 18:29:25,mfsweep_shard0,SPT_SMPT,62,3458.98,25,0,0,656.9,-1.0,-1.0,2,0,64.6,0.9,1200.3,0.0,0.0,0.0
2026-09-19 18:29:25,mfsweep_shard0,SPT_SMPT,62,3458.98,26,0,0,683.2,-1.0,-1.0,2,0,56.6,0.9,1173.9,0.0,0.0,0.0
2026-09-19 18:29:25,mfsweep_shard0,SPT_SMPT,62,3458.98,27,0,0,709.5,-1.0,-1.0,2,0,56.7,1.0,1147.6,0.0,0.0,0.0
2026-09-19 18:29:25,mfsweep_shard0,SPT_SMPT,62,3458.98,28,0,0,735.8,-1.0,-1.0,2,0,81.5,1.0,1121.3,0.0,0.0,0.0
2026-09-19 18:29:25,mfsweep_shard0,SPT_SMPT,62,3458.98,29,0,0,762.0,-1.0,-1.0,2,0,73.4,1.1,1095.0,0.0,0.0,0.0
2026-09-19 18:29:25,mfsweep_shard0,SPT_SMPT,62,3458.98,30,0,0,788.3,-1.0,-1.0,2,0,80.1,0.8,1069.0,0.0,0.0,0.0
2026-09-19 18:29:25,mfsweep_shard0,SPT_SMPT,62,3458.98,31,0,0,814.6,-1.0,-1.0,2,0,77.6,0.8,1042.7,0.0,0.0,0.0
2026-09-19 18:29:25,mfsweep_shard0,SPT_SMPT,62,3458.98,32,0,0,840.9,-1.0,-1.0,2,0,71.2,0.5,1016.9,0.0,0.0,0.0
2026-09-19 18:29:25,mfsweep_shard0,SPT_SMPT,62,3458.98,33,0,0,867.2,-1.0,-1.0,2,0,85.6,0.5,990.6,0.0,0.0,0.0
2026-09-19 18:29:25,mfsweep_shard0,SPT_SMPT,62,3458.98,34,0,0,893.4,-1.0,-1.0,2,0,66.0,0.5,964.3,0.0,0.0,0.0
2026-09-19 18:29:25,mfsweep_shard0,SPT_SMPT,62,3458.98,35,0,0,919.7,-1.0,-1.0,2,0,71.7,0.5,938.0,0.0,0.0,0.0
2026-09-19 18:29:25,mfsweep_shard0,SPT_SMPT,62,3458.98,36,0,0,946.0,-1.0,-1.0,2,0,80.9,0.5,911.8,0.0,0.0,0.0
2026-09-19 18:29:25,mfsweep_shard0,SPT_SMPT,62,3458.98,37,0,0,972.3,-1.0,-1.0,2,0,73.9,0.6,885.5,0.0,0.0,0.0
2026-09-19 18:29:25,mfsweep_shard0,SPT_SMPT,62,3458.98,38,0,0,998.5,-1.0,-1.0,2,0,81.9,0.6,859.2,0.0,0.0,0.0
2026-09-19 18:29:25,mfsweep_shard0,SPT_SMPT,62,3458.98,39,0,0,1024.8,-1.0,-1.0,2,0,72.6,0.6,832.9,0.0,0.0,0.0
2026-09-19 18:29:25,mfsweep_shard0,SPT_SMPT,62,3458.98,40,0,0,1051.1,-1.0,-1.0,2,0,76.8,0.6,806.7,0.0,0.0,0.0
2026-09-19 18:29:25,mfsweep_shard0,SPT_SMPT,62,3458.98,41,0,0,1077.4,-1.0,-1.0,2,0,55.0,0.6,780.4,0.0,0.0,0.0
2026-09-19 18:29:25,mfsweep_shard0,SPT_SMPT,62,3458.98,42,0,0,1103.7,-1.0,-1.0,2,0,61.0,0.6,754.1,0.0,0.0,0.0
2026-09-19 18:29:25,mfsweep_shard0,SPT_SMPT,62,3458.98,43,0,0,1129.9,-1.0,-1.0,2,0,63.1,0.7,727.8,0.0,0.0,0.0
2026-09-19 18:29:25,mfsweep_shard0,SPT_SMPT,62,3458.98,44,0,0,1156.2,-1.0,-1.0,2,0,56.1,0.7,701.5,0.0,0.0,0.0
2026-09-19 18:29:25,mfsweep_shard0,SPT_SMPT,62,3458.98,45,0,0,1182.5,-1.0,-1.0,2,0,61.2,0.7,675.3,0.0,0.0,0.0
2026-09-19 18:29:25,mfsweep_shard0,SPT_SMPT,62,3458.98,46,0,0,1208.8,-1.0,-1.0,2,0,56.8,0.7,649.0,0.0,0.0,0.0
2026-09-19 18:29:25,mfsweep_shard0,SPT_SMPT,62,3458.98,47,0,0,1235.0,-1.0,-1.0,2,0,62.7,0.8,622.7,0.0,0.0,0.0
2026-09-19 18:29:25,mfsweep_shard0,SPT_SMPT,62,3458.98,48,0,0,1261.3,-1.0,-1.0,2,0,74.5,0.8,596.4,0.0,0.0,0.0
2026-09-19 18:29:25,mfsweep_shard0,SPT_SMPT,62,3458.98,49,0,0,1287.6,-1.0,-1.0,2,0,65.5,0.8,570.2,0.0,0.0,0.0
2026-09-19 18:29:25,mfsweep_shard0,SPT_SMPT,62,3458.98,50,0,0,1313.9,-1.0,-1.0,2,0,65.7,0.8,543.9,0.0,0.0,0.0
2026-09-19 18:29:25,mfsweep_shard0,SPT_SMPT,62,3458.98,51,0,0,1340.2,-1.0,-1.0,2,0,60.4,0.8,517.6,0.0,0.0,0.0
2026-09-19 18:29:25,mfsweep_shard0,SPT_SMPT,62,3458.98,52,0,0,1366.4,-1.0,-1.0,2,0,62.3,0.9,491.3,0.0,0.0,0.0
2026-09-19 18:29:25,mfsweep_shard0,SPT_SMPT,62,3458.98,53,0,0,1392.7,-1.0,-1.0,2,0,84.4,0.9,465.0,0.0,0.0,0.0
2026-09-19 18:29:25,mfsweep_shard0,SPT_SMPT,62,3458.98,54,0,0,1419.0,-1.0,-1.0,2,0,74.9,0.9,438.8,0.0,0.0,0.0
2026-09-19 18:29:25,mfsweep_shard0,SPT_SMPT,62,3458.98,55,0,0,1445.3,-1.0,-1.0,2,0,73.6,0.9,412.5,0.0,0.0,0.0
2026-09-19 18:29:25,mfsweep_shard0,SPT_SMPT,62,3458.98,56,0,0,1471.5,-1.0,-1.0,2,0,59.2,0.9,386.2,0.0,0.0,0.0
2026-09-19 18:29:25,mfsweep_shard0,SPT_SMPT,62,3458.98,57,0,0,1497.8,-1.0,-1.0,2,0,77.6,0.9,359.9,0.0,0.0,0.0
2026-09-19 18:29:25,mfsweep_shard0,SPT_SMPT,62,3458.98,58,0,0,1524.1,-1.0,-1.0,2,0,58.9,1.0,333.7,0.0,0.0,0.0
2026-09-19 18:29:25,mfsweep_shard0,SPT_SMPT,62,3458.98,59,0,0,1550.4,-1.0,-1.0,2,0,66.0,1.0,307.4,0.0,0.0,0.0
2026-09-19 18:29:25,mfsweep_shard0,SPT_SMPT,62,3458.98,60,0,0,1576.6,-1.0,-1.0,2,0,86.2,1.0,281.1,0.0,0.0,0.0
2026-09-19 18:29:25,mfsweep_shard0,SPT_SMPT,62,3458.98,61,0,0,1602.9,-1.0,-1.0,2,0,74.6,1.0,254.8,0.0,0.0,0.0
2026-09-19 18:29:25,mfsweep_shard0,SPT_SMPT,62,3458.98,62,0,0,1629.2,-1.0,-1.0,2,0,71.9,1.1,228.5,0.0,0.0,0.0
2026-09-19 18:29:25,mfsweep_shard0,SPT_SMPT,62,3458.98,63,0,0,1655.5,-1.0,-1.0,2,0,76.1,1.1,202.3,0.0,0.0,0.0
2026-09-19 18:29:25,mfsweep_shard0,SPT_SMPT,62,3458.98,64,0,0,1681.8,-1.0,-1.0,2,0,81.3,1.1,176.0,0.0,0.0,0.0
2026-09-19 18:29:25,mfsweep_shard0,SPT_SMPT,62,3458.98,65,0,0,1708.0,-1.0,-1.0,2,0,79.1,1.1,149.7,0.0,0.0,0.0
2026-09-19 18:29:25,mfsweep_shard0,SPT_SMPT,62,3458.98,66,0,0,1734.3,-1.0,-1.0,2,0,61.1,1.1,123.4,0.0,0.0,0.0
2026-09-19 18:29:25,mfsweep_shard0,SPT_SMPT,62,3458.98,67,0,0,1760.6,-1.0,-1.0,2,0,54.6,1.2,97.2,0.0,0.0,0.0
2026-09-19 18:29:25,mfsweep_shard0,SPT_SMPT,62,3458.98,68,0,0,1786.9,-1.0,-1.0,2,0,63.9,1.2,70.9,0.0,0.0,0.0
2026-09-19 18:29:25,mfsweep_shard0,SPT_SMPT,62,3458.98,69,0,0,1813.1,-1.0,-1.0,2,0,62.3,1.2,44.6,0.0,0.0,0.0
2026-09-19 18:29:25,mfsweep_shard0,SPT_SMPT,62,3458.98,70,0,0,1839.4,-1.0,-1.0,2,0,60.5,1.2,18.3,0.0,0.0,0.0
2026-09-19 18:29:25,mfsweep_shard0,SPT_SMPT,62,3458.98,71,0,0,1865.7,-1.0,-1.0,2,0,84.6,0.0,0.0,0.0,0.0,0.0
2026-09-19 18:29:25,mfsweep_shard0,SPT_SMPT,62,3458.98,72,0,0,1892.0,-1.0,-1.0,2,0,82.4,0.0,0.0,0.0,0.0,0.0
2026-09-19 18:29:25,mfsweep_shard0,SPT_SMPT,62,3458.98,73,0,0,1918.3,-1.0,-1.0,2,0,63.9,0.0,0.0,0.0,0.0,0.0
2026-09-19 18:29:25,mfsweep_shard0,SPT_SMPT,62,3458.98,74,0,0,1944.5,-1.0,-1.0,2,0,75.1,0.0,0.0,0.0,0.0,0.0
2026-09-19 18:29:25,mfsweep_shard0,SPT_SMPT,62,3458.98,75,0,0,1970.8,-1.0,-1.0,2,0,66.6,0.0,0.0,0.0,0.0,0.0
2026-09-19 18:29:25,mfsweep_shard0,SPT_SMPT,62,3458.98,76,0,0,1997.1,-1.0,-1.0,2,0,83.7,0.0,0.0,0.0,0.0,0.0
2026-09-19 18:29:25,mfsweep_shard0,SPT_SMPT,62,3458.98,77,0,0,2023.4,-1.0,-1.0,2,0,68.6,0.0,0.0,0.0,0.0,0.0
2026-09-19 18:29:25,mfsweep_shard0,SPT_SMPT,62,3458.98,78,0,0,2049.6,-1.0,-1.0,2,0,62.2,0.0,0.0,0.0,0.0,0.0
2026-09-19 18:29:25,mfsweep_shard0,SPT_SMPT,62,3458.98,79,0,0,2075.9,-1.0,-1.0,2,0,61.6,0.0,0.0,0.0,0.0,0.0
2026-09-19 18:29:25,mfsweep_shard0,SPT_SMPT,62,3458.98,80,0,0,2102.2,-1.0,-1.0,2,0,72.0,0.0,0.0,0.0,0.0,0.0
2026-09-19 18:29:25,mfsweep_shard0,SPT_SMPT,62,3458.98,81,0,0,2128.5,-1.0,-1.0,2,0,62.2,0.0,0.0,0.0,0.0,0.0
2026-09-19 18:29:25,mfsweep_shard0,SPT_SMPT,62,3458.98,82,0,0,2154.7,-1.0,-1.0,2,0,72.8,0.0,0.0,0.0,0.0,0.0
2026-09-19 18:29:25,mfsweep_shard0,SPT_SMPT,62,3458.98,83,0,0,2181.0,-1.0,-1.0,2,0,83.1,0.0,0.0,0.0,0.0,0.0
2026-09-19 18:29:25,mfsweep_shard0,SPT_SMPT,62,3458.98,84,0,0,2207.3,-1.0,-1.0,2,0,66.7,0.0,0.0,0.0,0.0,0.0
2026-09-19 18:29:25,mfsweep_shard0,SPT_SMPT,62,3458.98,85,0,0,2233.6,-1.0,-1.0,2,0,60.7,0.0,0.0,0.0,0.0,0.0
2026-09-19 18:29:25,mfsweep_shard0,SPT_SMPT,62,3458.98,86,0,0,2259.9,-1.0,-1.0,2,0,86.4,0.0,0.0,0.0,0.0,0.0
2026-09-19 18:29:25,mfsweep_shard0,SPT_SMPT,62,3458.98,87,0,0,2286.1,-1.0,-1.0,2,0,70.3,0.0,0.0,0.0,0.0,0.0
2026-09-19 18:29:25,mfsweep_shard0,SPT_SMPT,62,3458.98,88,0,0,2312.4,-1.0,-1.0,2,0,56.5,0.0,0.0,0.0,0.0,0.0
2026-09-19 18:29:25,mfsweep_shard0,SPT_SMPT,62,3458.98,89,0,0,2338.7,-1.0,-1.0,2,0,55.1,0.0,0.0,0.0,0.0,0.0
2026-09-19 18:29:25,mfsweep_shard0,SPT_SMPT,62,3458.98,90,0,0,2365.0,-1.0,-1.0,2,0,57.1,0.0,0.0,0.0,0.0,0.0
2026-09-19 18:29:25,mfsweep_shard0,SPT_SMPT,62,3458.98,91,0,0,2391.2,-1.0,-1.0,2,0,74.2,0.0,0.0,0.0,0.0,0.0
2026-09-19 18:29:25,mfsweep_shard0,SPT_SMPT,62,3458.98,92,0,0,2417.5,-1.0,-1.0,2,0,79.6,0.0,0.0,0.0,0.0,0.0
2026-09-19 18:29:25,mfsweep_shard0,SPT_SMPT,62,3458.98,93,0,0,2443.8,-1.0,-1.0,2,0,67.4,0.0,0.0,0.0,0.0,0.0
2026-09-19 18:29:25,mfsweep_shard0,SPT_SMPT,62,3458.98,94,0,0,2470.1,-1.0,-1.0,2,0,55.6,0.0,0.0,0.0,0.0,0.0
2026-09-19 18:29:25,mfsweep_shard0,SPT_SMPT,62,3458.98,95,0,0,2496.4,-1.0,-1.0,2,0,66.1,0.0,0.0,0.0,0.0,0.0
2026-09-19 18:29:25,mfsweep_shard0,SPT_SMPT,62,3458.98,96,0,0,2522.6,-1.0,-1.0,2,0,86.4,0.0,0.0,0.0,0.0,0.0
2026-09-19 18:29:25,mfsweep_shard0,SPT_SMPT,62,3458.98,97,0,0,2548.9,-1.0,-1.0,2,0,71.0,0.0,0.0,0.0,0.0,0.0
2026-09-19 18:29:25,mfsweep_shard0,SPT_SMPT,62,3458.98,98,0,0,2575.2,-1.0,-1.0,2,0,85.6,0.0,0.0,0.0,0.0,0.0
2026-09-19 18:29:25,mfsweep_shard0,SPT_SMPT,62,3458.98,99,0,0,2601.5,-1.0,-1.0,2,0,81.9,0.0,0.0,0.0,0.0,0.0
2026-09-19 18:29:25,mfsweep_shard0,SPT_SMPT,62,3458.98,100,0,0,2627.7,-1.0,-1.0,2,0,53.9,0.0,0.0,0.0,0.0,0.0
2026-09-19 18:29:25,mfsweep_shard0,SPT_SMPT,62,3458.98,101,0,0,2654.0,-1.0,-1.0,2,0,77.3,0.0,0.0,0.0,0.0,0.0
2026-09-19 18:29:25,mfsweep_shard0,SPT_SMPT,62,3458.98,102,0,0,2680.3,-1.0,-1.0,2,0,76.0,0.0,0.0,0.0,0.0,0.0
2026-09-19 18:29:25,mfsweep_shard0,SPT_SMPT,62,3458.98,103,0,0,2706.6,-1.0,-1.0,2,0,71.2,0.0,0.0,0.0,0.0,0.0
2026-09-19 18:29:25,mfsweep_shard0,SPT_SMPT,62,3458.98,104,0,0,2732.9,-1.0,-1.0,2,0,62.3,0.0,0.0,0.0,0.0,0.0
2026-09-19 18:29:25,mfsweep_shard0,SPT_SMPT,62,3458.98,105,0,0,2759.1,-1.0,-1.0,2,0,74.7,0.0,0.0,0.0,0.0,0.0
2026-09-19 18:29:25,mfsweep_shard0,SPT_SMPT,62,3458.98,106,0,0,2785.4,-1.0,-1.0,2,0,57.2,0.0,0.0,0.0,0.0,0.0
2026-09-19 18:29:25,mfsweep_shard0,SPT_SMPT,62,3458.98,107,0,0,2811.7,-1.0,-1.0,2,0,67.9,0.0,0.0,0.0,0.0,0.0
2026-09-19 18:29:25,mfsweep_shard0,SPT_SMPT,62,3458.98,108,0,0,2838.0,-1.0,-1.0,2,0,68.5,0.0,0.0,0.0,0.0,0.0
2026-09-19 18:29:25,mfsweep_shard0,SPT_SMPT,62,3458.98,109,0,0,2864.2,-1.0,-1.0,2,0,85.0,0.0,0.0,0.0,0.0,0.0
2026-09-19 18:29:25,mfsweep_shard0,SPT_SMPT,62,3458.98,110,0,0,2890.5,-1.0,-1.0,2,0,82.4,0.0,0.0,0.0,0.0,0.0
2026-09-19 18:29:25,mfsweep_shard0,SPT_SMPT,62,3458.98,111,0,0,2916.8,-1.0,-1.0,2,0,62.2,0.0,0.0,0.0,0.0,0.0
2026-09-19 18:29:25,mfsweep_shard0,SPT_SMPT,62,3458.98,112,0,0,2943.1,-1.0,-1.0,2,0,70.0,0.0,0.0,0.0,0.0,0.0
2026-09-19 18:29:25,mfsweep_shard0,SPT_SMPT,62,3458.98,113,0,0,2969.3,-1.0,-1.0,2,0,59.4,0.0,0.0,0.0,0.0,0.0
2026-09-19 18:29:25,mfsweep_shard0,SPT_SMPT,62,3458.98,114,0,0,2995.6,-1.0,-1.0,2,0,83.6,0.0,0.0,0.0,0.0,0.0
2026-09-19 18:29:25,mfsweep_shard0,SPT_SMPT,62,3458.98,115,0,0,3021.9,-1.0,-1.0,2,0,82.2,0.0,0.0,0.0,0.0,0.0
2026-09-19 18:29:25,mfsweep_shard0,SPT_SMPT,62,3458.98,116,0,0,3048.2,-1.0,-1.0,2,0,63.4,0.0,0.0,0.0,0.0,0.0
2026-09-19 18:29:25,mfsweep_shard0,SPT_SMPT,62,3458.98,117,0,0,3074.5,-1.0,-1.0,2,0,74.6,0.0,0.0,0.0,0.0,0.0
2026-09-19 18:29:25,mfsweep_shard0,SPT_SMPT,62,3458.98,118,0,0,3100.7,-1.0,-1.0,2,0,73.6,0.0,0.0,0.0,0.0,0.0
2026-09-19 18:29:25,mfsweep_shard0,SPT_SMPT,62,3458.98,119,0,0,3127.0,-1.0,-1.0,2,0,58.5,0.0,0.0,0.0,0.0,0.0
2026-09-19 18:29:25,mfsweep_shard0,SPT_SMPT,62,3458.98,120,0,0,3153.3,-1.0,-1.0,2,0,78.7,0.0,0.0,0.0,0.0,0.0
2026-09-19 18:29:25,mfsweep_shard0,SPT_SMPT,62,3458.98,121,0,0,3179.6,-1.0,-1.0,2,0,71.3,0.0,0.0,0.0,0.0,0.0
2026-09-19 18:29:25,mfsweep_shard0,SPT_SMPT,62,3458.98,122,0,0,3205.8,-1.0,-1.0,2,0,79.2,0.0,0.0,0.0,0.0,0.0
2026-09-19 18:29:25,mfsweep_shard0,SPT_SMPT,62,3458.98,123,0,0,3232.1,-1.0,-1.0,2,0,71.0,0.0,0.0,0.0,0.0,0.0
2026-09-19 18:29:25,mfsweep_shard0,SPT_SMPT,62,3458.98,124,0,0,3258.4,-1.0,-1.0,2,0,53.5,0.0,0.0,0.0,0.0,0.0
2026-09-19 18:29:25,mfsweep_shard0,SPT_SMPT,62,3458.98,125,0,0,3284.7,-1.0,-1.0,2,0,64.2,0.0,0.0,0.0,0.0,0.0
2026-09-19 18:29:25,mfsweep_shard0,SPT_SMPT,62,3458.98,126,0,0,3311.0,-1.0,-1.0,2,0,54.1,0.0,0.0,0.0,0.0,0.0
2026-09-19 18:29:25,mfsweep_shard0,SPT_SMPT,62,3458.98,127,0,0,3337.2,-1.0,-1.0,2,0,84.2,0.0,0.0,0.0,0.0,0.0
2026-09-19 18:29:25,mfsweep_shard0,SPT_SMPT,62,3458.98,128,0,0,3363.5,-1.0,-1.0,2,0,82.5,0.0,0.0,0.0,0.0,0.0
2026-09-19 18:29:25,mfsweep_shard0,SPT_SMPT,62,3458.98,129,0,0,3389.8,-1.0,-1.0,2,0,80.9,0.0,0.0,0.0,0.0,0.0
2026-09-19 18:29:25,mfsweep_shard0,SPT_SMPT,62,3458.98,130,0,0,3416.1,-1.0,-1.0,2,0,63.7,0.0,0.0,0.0,0.0,0.0
2026-09-19 18:29:25,mfsweep_shard0,SPT_SMPT,62,3458.98,131,0,0,3442.3,-1.0,-1.0,2,0,55.4,0.0,0.0,0.0,0.0,0.0
2026-09-19 18:32:15,mfsweep_shard0,SPT_SMPT,63,4464.86,0,0,1,0.0,232.9,232.9,2,2,74.6,0.0,74.0,84.2,0.0,74.6
2026-09-19 18:32:15,mfsweep_shard0,SPT_SMPT,63,4464.86,1,0,1,26.3,283.4,257.1,2,2,54.4,0.0,88.2,93.6,20.9,54.4
2026-09-19 18:32:15,mfsweep_shard0,SPT_SMPT,63,4464.86,2,0,0,52.6,-1.0,-1.0,2,2,62.6,0.0,3920.0,299.0,84.6,62.6
2026-09-19 18:32:15,mfsweep_shard0,SPT_SMPT,63,4464.86,3,0,1,78.8,400.1,321.3,2,2,60.9,0.0,90.4,159.6,10.2,60.9
2026-09-19 18:32:15,mfsweep_shard0,SPT_SMPT,63,4464.86,4,0,0,105.1,-1.0,-1.0,2,2,77.8,0.0,3828.3,302.9,136.0,77.8
2026-09-19 18:32:15,mfsweep_shard0,SPT_SMPT,63,4464.86,5,0,0,131.4,-1.0,-1.0,2,2,75.9,0.0,3895.3,323.2,22.5,75.9
2026-09-19 18:32:15,mfsweep_shard0,SPT_SMPT,63,4464.86,6,0,0,157.7,-1.0,-1.0,2,2,83.0,0.0,3921.3,66.1,150.2,83.0
2026-09-19 18:32:15,mfsweep_shard0,SPT_SMPT,63,4464.86,7,0,0,183.9,-1.0,-1.0,2,2,56.4,0.1,3909.4,98.9,51.1,94.8
2026-09-19 18:32:15,mfsweep_shard0,SPT_SMPT,63,4464.86,8,0,0,210.2,-1.0,-1.0,2,2,67.5,0.0,4034.0,150.0,0.0,67.5
2026-09-19 18:32:15,mfsweep_shard0,SPT_SMPT,63,4464.86,9,0,0,236.5,-1.0,-1.0,2,1,54.5,0.1,3708.4,318.6,38.2,15.0
2026-09-19 18:32:15,mfsweep_shard0,SPT_SMPT,63,4464.86,10,0,0,262.8,-1.0,-1.0,2,1,60.7,0.2,3884.9,135.9,18.0,15.0
2026-09-19 18:32:15,mfsweep_shard0,SPT_SMPT,63,4464.86,11,0,0,289.1,-1.0,-1.0,2,2,70.2,0.0,2852.9,1252.1,0.0,70.2
2026-09-19 18:32:15,mfsweep_shard0,SPT_SMPT,63,4464.86,12,0,0,315.3,-1.0,-1.0,2,1,54.4,0.2,3164.7,793.3,0.0,15.0
2026-09-19 18:32:15,mfsweep_shard0,SPT_SMPT,63,4464.86,13,0,0,341.6,-1.0,-1.0,2,0,60.1,0.0,2774.1,1202.6,0.0,0.0
2026-09-19 18:32:15,mfsweep_shard0,SPT_SMPT,63,4464.86,14,0,0,367.9,-1.0,-1.0,2,0,75.0,0.2,3666.9,249.2,0.0,0.0
2026-09-19 18:32:15,mfsweep_shard0,SPT_SMPT,63,4464.86,15,0,0,394.2,-1.0,-1.0,2,0,71.5,0.3,3686.2,203.5,0.0,0.0
2026-09-19 18:32:15,mfsweep_shard0,SPT_SMPT,63,4464.86,16,0,0,420.4,-1.0,-1.0,2,0,60.8,0.3,3438.0,0.0,0.0,0.0
2026-09-19 18:32:15,mfsweep_shard0,SPT_SMPT,63,4464.86,17,0,0,446.7,-1.0,-1.0,2,0,73.0,0.3,3411.7,0.0,0.0,0.0
2026-09-19 18:32:15,mfsweep_shard0,SPT_SMPT,63,4464.86,18,0,0,473.0,-1.0,-1.0,2,0,80.2,0.4,3385.3,0.0,0.0,0.0
2026-09-19 18:32:15,mfsweep_shard0,SPT_SMPT,63,4464.86,19,0,0,499.3,-1.0,-1.0,2,0,53.7,0.5,3359.0,0.0,0.0,0.0
2026-09-19 18:32:15,mfsweep_shard0,SPT_SMPT,63,4464.86,20,0,0,525.6,-1.0,-1.0,2,0,80.1,0.6,3332.7,0.0,0.0,0.0
2026-09-19 18:32:15,mfsweep_shard0,SPT_SMPT,63,4464.86,21,0,0,551.8,-1.0,-1.0,2,0,76.5,0.7,3306.3,0.0,0.0,0.0
2026-09-19 18:32:15,mfsweep_shard0,SPT_SMPT,63,4464.86,22,0,0,578.1,-1.0,-1.0,2,0,64.7,0.7,3280.0,0.0,0.0,0.0
2026-09-19 18:32:15,mfsweep_shard0,SPT_SMPT,63,4464.86,23,0,0,604.4,-1.0,-1.0,2,0,58.6,0.8,3253.6,0.0,0.0,0.0
2026-09-19 18:32:15,mfsweep_shard0,SPT_SMPT,63,4464.86,24,0,0,630.7,-1.0,-1.0,2,0,85.1,0.9,3227.3,0.0,0.0,0.0
2026-09-19 18:32:15,mfsweep_shard0,SPT_SMPT,63,4464.86,25,0,0,656.9,-1.0,-1.0,2,0,64.6,1.0,3201.0,0.0,0.0,0.0
2026-09-19 18:32:15,mfsweep_shard0,SPT_SMPT,63,4464.86,26,0,0,683.2,-1.0,-1.0,2,0,56.6,1.0,3174.6,0.0,0.0,0.0
2026-09-19 18:32:15,mfsweep_shard0,SPT_SMPT,63,4464.86,27,0,0,709.5,-1.0,-1.0,2,0,56.7,1.1,3148.3,0.0,0.0,0.0
2026-09-19 18:32:15,mfsweep_shard0,SPT_SMPT,63,4464.86,28,0,0,735.8,-1.0,-1.0,2,0,81.5,1.2,3122.0,0.0,0.0,0.0
2026-09-19 18:32:15,mfsweep_shard0,SPT_SMPT,63,4464.86,29,0,0,762.0,-1.0,-1.0,2,0,73.4,1.3,3095.6,0.0,0.0,0.0
2026-09-19 18:32:15,mfsweep_shard0,SPT_SMPT,63,4464.86,30,0,0,788.3,-1.0,-1.0,2,0,80.1,1.4,3069.3,0.0,0.0,0.0
2026-09-19 18:32:15,mfsweep_shard0,SPT_SMPT,63,4464.86,31,0,0,814.6,-1.0,-1.0,2,0,77.6,1.5,3042.9,0.0,0.0,0.0
2026-09-19 18:32:15,mfsweep_shard0,SPT_SMPT,63,4464.86,32,0,0,840.9,-1.0,-1.0,2,0,71.2,1.5,3016.6,0.0,0.0,0.0
2026-09-19 18:32:15,mfsweep_shard0,SPT_SMPT,63,4464.86,33,0,0,867.2,-1.0,-1.0,2,0,85.6,1.6,2990.3,0.0,0.0,0.0
2026-09-19 18:32:15,mfsweep_shard0,SPT_SMPT,63,4464.86,34,0,0,893.4,-1.0,-1.0,2,0,66.0,1.7,2963.9,0.0,0.0,0.0
2026-09-19 18:32:15,mfsweep_shard0,SPT_SMPT,63,4464.86,35,0,0,919.7,-1.0,-1.0,2,0,71.7,1.8,2937.6,0.0,0.0,0.0
2026-09-19 18:32:15,mfsweep_shard0,SPT_SMPT,63,4464.86,36,0,0,946.0,-1.0,-1.0,2,0,80.9,1.8,2911.3,0.0,0.0,0.0
2026-09-19 18:32:15,mfsweep_shard0,SPT_SMPT,63,4464.86,37,0,0,972.3,-1.0,-1.0,2,0,73.9,1.9,2884.9,0.0,0.0,0.0
2026-09-19 18:32:15,mfsweep_shard0,SPT_SMPT,63,4464.86,38,0,0,998.5,-1.0,-1.0,2,0,81.9,2.0,2858.6,0.0,0.0,0.0
2026-09-19 18:32:15,mfsweep_shard0,SPT_SMPT,63,4464.86,39,0,0,1024.8,-1.0,-1.0,2,0,72.6,2.1,2832.2,0.0,0.0,0.0
2026-09-19 18:32:15,mfsweep_shard0,SPT_SMPT,63,4464.86,40,0,0,1051.1,-1.0,-1.0,2,0,76.8,2.2,2805.9,0.0,0.0,0.0
2026-09-19 18:32:15,mfsweep_shard0,SPT_SMPT,63,4464.86,41,0,0,1077.4,-1.0,-1.0,2,0,55.0,2.2,2779.6,0.0,0.0,0.0
2026-09-19 18:32:15,mfsweep_shard0,SPT_SMPT,63,4464.86,42,0,0,1103.7,-1.0,-1.0,2,0,61.0,2.3,2753.2,0.0,0.0,0.0
2026-09-19 18:32:15,mfsweep_shard0,SPT_SMPT,63,4464.86,43,0,0,1129.9,-1.0,-1.0,2,0,63.1,2.4,2726.9,0.0,0.0,0.0
2026-09-19 18:32:15,mfsweep_shard0,SPT_SMPT,63,4464.86,44,0,0,1156.2,-1.0,-1.0,2,0,56.1,2.5,2700.6,0.0,0.0,0.0
2026-09-19 18:32:15,mfsweep_shard0,SPT_SMPT,63,4464.86,45,0,0,1182.5,-1.0,-1.0,2,0,61.2,2.6,2674.2,0.0,0.0,0.0
2026-09-19 18:32:15,mfsweep_shard0,SPT_SMPT,63,4464.86,46,0,0,1208.8,-1.0,-1.0,2,0,56.8,2.7,2647.9,0.0,0.0,0.0
2026-09-19 18:32:15,mfsweep_shard0,SPT_SMPT,63,4464.86,47,0,0,1235.0,-1.0,-1.0,2,0,62.7,2.7,2621.5,0.0,0.0,0.0
2026-09-19 18:32:15,mfsweep_shard0,SPT_SMPT,63,4464.86,48,0,0,1261.3,-1.0,-1.0,2,0,74.5,2.8,2595.2,0.0,0.0,0.0
2026-09-19 18:32:15,mfsweep_shard0,SPT_SMPT,63,4464.86,49,0,0,1287.6,-1.0,-1.0,2,0,65.5,2.9,2568.9,0.0,0.0,0.0
2026-09-19 18:32:15,mfsweep_shard0,SPT_SMPT,63,4464.86,50,0,0,1313.9,-1.0,-1.0,2,0,65.7,3.0,2542.5,0.0,0.0,0.0
2026-09-19 18:32:15,mfsweep_shard0,SPT_SMPT,63,4464.86,51,0,0,1340.2,-1.0,-1.0,2,0,60.4,3.0,2516.2,0.0,0.0,0.0
2026-09-19 18:32:15,mfsweep_shard0,SPT_SMPT,63,4464.86,52,0,0,1366.4,-1.0,-1.0,2,0,62.3,3.1,2489.9,0.0,0.0,0.0
2026-09-19 18:32:15,mfsweep_shard0,SPT_SMPT,63,4464.86,53,0,0,1392.7,-1.0,-1.0,2,0,84.4,3.2,2463.5,0.0,0.0,0.0
2026-09-19 18:32:15,mfsweep_shard0,SPT_SMPT,63,4464.86,54,0,0,1419.0,-1.0,-1.0,2,0,74.9,2.5,2438.0,0.0,0.0,0.0
2026-09-19 18:32:15,mfsweep_shard0,SPT_SMPT,63,4464.86,55,0,0,1445.3,-1.0,-1.0,2,0,73.6,2.6,2411.7,0.0,0.0,0.0
2026-09-19 18:32:15,mfsweep_shard0,SPT_SMPT,63,4464.86,56,0,0,1471.5,-1.0,-1.0,2,0,59.2,1.7,2386.2,0.0,0.0,0.0
2026-09-19 18:32:15,mfsweep_shard0,SPT_SMPT,63,4464.86,57,0,0,1497.8,-1.0,-1.0,2,0,77.6,1.8,2359.9,0.0,0.0,0.0
2026-09-19 18:32:15,mfsweep_shard0,SPT_SMPT,63,4464.86,58,0,0,1524.1,-1.0,-1.0,2,0,58.9,1.8,2333.6,0.0,0.0,0.0
2026-09-19 18:32:15,mfsweep_shard0,SPT_SMPT,63,4464.86,59,0,0,1550.4,-1.0,-1.0,2,0,66.0,1.9,2307.3,0.0,0.0,0.0
2026-09-19 18:32:15,mfsweep_shard0,SPT_SMPT,63,4464.86,60,0,0,1576.6,-1.0,-1.0,2,0,86.2,1.9,2281.0,0.0,0.0,0.0
2026-09-19 18:32:15,mfsweep_shard0,SPT_SMPT,63,4464.86,61,0,0,1602.9,-1.0,-1.0,2,0,74.6,2.0,2254.7,0.0,0.0,0.0
2026-09-19 18:32:15,mfsweep_shard0,SPT_SMPT,63,4464.86,62,0,0,1629.2,-1.0,-1.0,2,0,71.9,2.0,2228.4,0.0,0.0,0.0
2026-09-19 18:32:15,mfsweep_shard0,SPT_SMPT,63,4464.86,63,0,0,1655.5,-1.0,-1.0,2,0,76.1,2.0,2202.1,0.0,0.0,0.0
2026-09-19 18:32:15,mfsweep_shard0,SPT_SMPT,63,4464.86,64,0,0,1681.8,-1.0,-1.0,2,0,81.3,2.1,2175.8,0.0,0.0,0.0
2026-09-19 18:32:15,mfsweep_shard0,SPT_SMPT,63,4464.86,65,0,0,1708.0,-1.0,-1.0,2,0,79.1,2.1,2149.5,0.0,0.0,0.0
2026-09-19 18:32:15,mfsweep_shard0,SPT_SMPT,63,4464.86,66,0,0,1734.3,-1.0,-1.0,2,0,61.1,2.1,2123.2,0.0,0.0,0.0
2026-09-19 18:32:15,mfsweep_shard0,SPT_SMPT,63,4464.86,67,0,0,1760.6,-1.0,-1.0,2,0,54.6,2.2,2096.9,0.0,0.0,0.0
2026-09-19 18:32:15,mfsweep_shard0,SPT_SMPT,63,4464.86,68,0,0,1786.9,-1.0,-1.0,2,0,63.9,2.2,2070.6,0.0,0.0,0.0
2026-09-19 18:32:15,mfsweep_shard0,SPT_SMPT,63,4464.86,69,0,0,1813.1,-1.0,-1.0,2,0,62.3,2.3,2044.3,0.0,0.0,0.0
2026-09-19 18:32:15,mfsweep_shard0,SPT_SMPT,63,4464.86,70,0,0,1839.4,-1.0,-1.0,2,0,60.5,2.3,2018.0,0.0,0.0,0.0
2026-09-19 18:32:15,mfsweep_shard0,SPT_SMPT,63,4464.86,71,0,0,1865.7,-1.0,-1.0,2,0,84.6,2.3,1991.8,0.0,0.0,0.0
2026-09-19 18:32:15,mfsweep_shard0,SPT_SMPT,63,4464.86,72,0,0,1892.0,-1.0,-1.0,2,0,82.4,2.4,1965.5,0.0,0.0,0.0
2026-09-19 18:32:15,mfsweep_shard0,SPT_SMPT,63,4464.86,73,0,0,1918.3,-1.0,-1.0,2,0,63.9,2.4,1939.2,0.0,0.0,0.0
2026-09-19 18:32:15,mfsweep_shard0,SPT_SMPT,63,4464.86,74,0,0,1944.5,-1.0,-1.0,2,0,75.1,2.5,1912.9,0.0,0.0,0.0
2026-09-19 18:32:15,mfsweep_shard0,SPT_SMPT,63,4464.86,75,0,0,1970.8,-1.0,-1.0,2,0,66.6,2.5,1886.6,0.0,0.0,0.0
2026-09-19 18:32:15,mfsweep_shard0,SPT_SMPT,63,4464.86,76,0,0,1997.1,-1.0,-1.0,2,0,83.7,2.6,1860.3,0.0,0.0,0.0
2026-09-19 18:32:15,mfsweep_shard0,SPT_SMPT,63,4464.86,77,0,0,2023.4,-1.0,-1.0,2,0,68.6,2.6,1834.0,0.0,0.0,0.0
2026-09-19 18:32:15,mfsweep_shard0,SPT_SMPT,63,4464.86,78,0,0,2049.6,-1.0,-1.0,2,0,62.2,2.6,1807.7,0.0,0.0,0.0
2026-09-19 18:32:15,mfsweep_shard0,SPT_SMPT,63,4464.86,79,0,0,2075.9,-1.0,-1.0,2,0,61.6,2.7,1781.4,0.0,0.0,0.0
2026-09-19 18:32:15,mfsweep_shard0,SPT_SMPT,63,4464.86,80,0,0,2102.2,-1.0,-1.0,2,0,72.0,2.7,1755.1,0.0,0.0,0.0
2026-09-19 18:32:15,mfsweep_shard0,SPT_SMPT,63,4464.86,81,0,0,2128.5,-1.0,-1.0,2,0,62.2,2.7,1728.8,0.0,0.0,0.0
2026-09-19 18:32:15,mfsweep_shard0,SPT_SMPT,63,4464.86,82,0,0,2154.7,-1.0,-1.0,2,0,72.8,2.8,1702.5,0.0,0.0,0.0
2026-09-19 18:32:15,mfsweep_shard0,SPT_SMPT,63,4464.86,83,0,0,2181.0,-1.0,-1.0,2,0,83.1,2.8,1676.2,0.0,0.0,0.0
2026-09-19 18:32:15,mfsweep_shard0,SPT_SMPT,63,4464.86,84,0,0,2207.3,-1.0,-1.0,2,0,66.7,2.9,1649.9,0.0,0.0,0.0
2026-09-19 18:32:15,mfsweep_shard0,SPT_SMPT,63,4464.86,85,0,0,2233.6,-1.0,-1.0,2,0,60.7,2.9,1623.6,0.0,0.0,0.0
2026-09-19 18:32:15,mfsweep_shard0,SPT_SMPT,63,4464.86,86,0,0,2259.9,-1.0,-1.0,2,0,86.4,2.9,1597.3,0.0,0.0,0.0
2026-09-19 18:32:15,mfsweep_shard0,SPT_SMPT,63,4464.86,87,0,0,2286.1,-1.0,-1.0,2,0,70.3,3.0,1571.0,0.0,0.0,0.0
2026-09-19 18:32:15,mfsweep_shard0,SPT_SMPT,63,4464.86,88,0,0,2312.4,-1.0,-1.0,2,0,56.5,3.0,1544.7,0.0,0.0,0.0
2026-09-19 18:32:15,mfsweep_shard0,SPT_SMPT,63,4464.86,89,0,0,2338.7,-1.0,-1.0,2,0,55.1,3.1,1518.4,0.0,0.0,0.0
2026-09-19 18:32:15,mfsweep_shard0,SPT_SMPT,63,4464.86,90,0,0,2365.0,-1.0,-1.0,2,0,57.1,3.1,1492.1,0.0,0.0,0.0
2026-09-19 18:32:15,mfsweep_shard0,SPT_SMPT,63,4464.86,91,0,0,2391.2,-1.0,-1.0,2,0,74.2,3.2,1465.8,0.0,0.0,0.0
2026-09-19 18:32:15,mfsweep_shard0,SPT_SMPT,63,4464.86,92,0,0,2417.5,-1.0,-1.0,2,0,79.6,3.2,1439.5,0.0,0.0,0.0
2026-09-19 18:32:15,mfsweep_shard0,SPT_SMPT,63,4464.86,93,0,0,2443.8,-1.0,-1.0,2,0,67.4,3.2,1413.2,0.0,0.0,0.0
2026-09-19 18:32:15,mfsweep_shard0,SPT_SMPT,63,4464.86,94,0,0,2470.1,-1.0,-1.0,2,0,55.6,3.3,1386.9,0.0,0.0,0.0
2026-09-19 18:32:15,mfsweep_shard0,SPT_SMPT,63,4464.86,95,0,0,2496.4,-1.0,-1.0,2,0,66.1,3.3,1360.6,0.0,0.0,0.0
2026-09-19 18:32:15,mfsweep_shard0,SPT_SMPT,63,4464.86,96,0,0,2522.6,-1.0,-1.0,2,0,86.4,3.3,1334.3,0.0,0.0,0.0
2026-09-19 18:32:15,mfsweep_shard0,SPT_SMPT,63,4464.86,97,0,0,2548.9,-1.0,-1.0,2,0,71.0,3.4,1308.0,0.0,0.0,0.0
2026-09-19 18:32:15,mfsweep_shard0,SPT_SMPT,63,4464.86,98,0,0,2575.2,-1.0,-1.0,2,0,85.6,3.4,1281.7,0.0,0.0,0.0
2026-09-19 18:32:15,mfsweep_shard0,SPT_SMPT,63,4464.86,99,0,0,2601.5,-1.0,-1.0,2,0,81.9,3.5,1255.4,0.0,0.0,0.0
2026-09-19 18:32:15,mfsweep_shard0,SPT_SMPT,63,4464.86,100,0,0,2627.7,-1.0,-1.0,2,0,53.9,3.5,1229.1,0.0,0.0,0.0
2026-09-19 18:32:15,mfsweep_shard0,SPT_SMPT,63,4464.86,101,0,0,2654.0,-1.0,-1.0,2,0,77.3,3.5,1202.8,0.0,0.0,0.0
2026-09-19 18:32:15,mfsweep_shard0,SPT_SMPT,63,4464.86,102,0,0,2680.3,-1.0,-1.0,2,0,76.0,3.6,1176.5,0.0,0.0,0.0
2026-09-19 18:32:15,mfsweep_shard0,SPT_SMPT,63,4464.86,103,0,0,2706.6,-1.0,-1.0,2,0,71.2,3.6,1150.2,0.0,0.0,0.0
2026-09-19 18:32:15,mfsweep_shard0,SPT_SMPT,63,4464.86,104,0,0,2732.9,-1.0,-1.0,2,0,62.3,3.7,1123.9,0.0,0.0,0.0
2026-09-19 18:32:15,mfsweep_shard0,SPT_SMPT,63,4464.86,105,0,0,2759.1,-1.0,-1.0,2,0,74.7,3.7,1097.6,0.0,0.0,0.0
2026-09-19 18:32:15,mfsweep_shard0,SPT_SMPT,63,4464.86,106,0,0,2785.4,-1.0,-1.0,2,0,57.2,3.8,1071.3,0.0,0.0,0.0
2026-09-19 18:32:15,mfsweep_shard0,SPT_SMPT,63,4464.86,107,0,0,2811.7,-1.0,-1.0,2,0,67.9,3.8,1045.0,0.0,0.0,0.0
2026-09-19 18:32:15,mfsweep_shard0,SPT_SMPT,63,4464.86,108,0,0,2838.0,-1.0,-1.0,2,0,68.5,3.8,1018.7,0.0,0.0,0.0
2026-09-19 18:32:15,mfsweep_shard0,SPT_SMPT,63,4464.86,109,0,0,2864.2,-1.0,-1.0,2,0,85.0,3.9,992.5,0.0,0.0,0.0
2026-09-19 18:32:15,mfsweep_shard0,SPT_SMPT,63,4464.86,110,0,0,2890.5,-1.0,-1.0,2,0,82.4,3.9,966.2,0.0,0.0,0.0
2026-09-19 18:32:15,mfsweep_shard0,SPT_SMPT,63,4464.86,111,0,0,2916.8,-1.0,-1.0,2,0,62.2,3.9,939.9,0.0,0.0,0.0
2026-09-19 18:32:15,mfsweep_shard0,SPT_SMPT,63,4464.86,112,0,0,2943.1,-1.0,-1.0,2,0,70.0,4.0,913.6,0.0,0.0,0.0
2026-09-19 18:32:15,mfsweep_shard0,SPT_SMPT,63,4464.86,113,0,0,2969.3,-1.0,-1.0,2,0,59.4,4.0,887.3,0.0,0.0,0.0
2026-09-19 18:32:15,mfsweep_shard0,SPT_SMPT,63,4464.86,114,0,0,2995.6,-1.0,-1.0,2,0,83.6,4.1,861.0,0.0,0.0,0.0
2026-09-19 18:32:15,mfsweep_shard0,SPT_SMPT,63,4464.86,115,0,0,3021.9,-1.0,-1.0,2,0,82.2,4.1,834.7,0.0,0.0,0.0
2026-09-19 18:32:15,mfsweep_shard0,SPT_SMPT,63,4464.86,116,0,0,3048.2,-1.0,-1.0,2,0,63.4,4.2,808.4,0.0,0.0,0.0
2026-09-19 18:32:15,mfsweep_shard0,SPT_SMPT,63,4464.86,117,0,0,3074.5,-1.0,-1.0,2,0,74.6,4.2,782.1,0.0,0.0,0.0
2026-09-19 18:32:15,mfsweep_shard0,SPT_SMPT,63,4464.86,118,0,0,3100.7,-1.0,-1.0,2,0,73.6,4.2,755.8,0.0,0.0,0.0
2026-09-19 18:32:15,mfsweep_shard0,SPT_SMPT,63,4464.86,119,0,0,3127.0,-1.0,-1.0,2,0,58.5,4.3,729.5,0.0,0.0,0.0
2026-09-19 18:32:15,mfsweep_shard0,SPT_SMPT,63,4464.86,120,0,0,3153.3,-1.0,-1.0,2,0,78.7,4.3,703.2,0.0,0.0,0.0
2026-09-19 18:32:15,mfsweep_shard0,SPT_SMPT,63,4464.86,121,0,0,3179.6,-1.0,-1.0,2,0,71.3,4.4,676.9,0.0,0.0,0.0
2026-09-19 18:32:15,mfsweep_shard0,SPT_SMPT,63,4464.86,122,0,0,3205.8,-1.0,-1.0,2,0,79.2,2.2,652.8,0.0,0.0,0.0
2026-09-19 18:32:15,mfsweep_shard0,SPT_SMPT,63,4464.86,123,0,0,3232.1,-1.0,-1.0,2,0,71.0,0.0,0.0,0.0,0.0,0.0
2026-09-19 18:32:15,mfsweep_shard0,SPT_SMPT,63,4464.86,124,0,0,3258.4,-1.0,-1.0,2,0,53.5,0.0,0.0,0.0,0.0,0.0
2026-09-19 18:32:15,mfsweep_shard0,SPT_SMPT,63,4464.86,125,0,0,3284.7,-1.0,-1.0,2,0,64.2,0.0,0.0,0.0,0.0,0.0
2026-09-19 18:32:15,mfsweep_shard0,SPT_SMPT,63,4464.86,126,0,0,3311.0,-1.0,-1.0,2,0,54.1,0.0,0.0,0.0,0.0,0.0
2026-09-19 18:32:15,mfsweep_shard0,SPT_SMPT,63,4464.86,127,0,0,3337.2,-1.0,-1.0,2,0,84.2,0.0,0.0,0.0,0.0,0.0
2026-09-19 18:32:15,mfsweep_shard0,SPT_SMPT,63,4464.86,128,0,0,3363.5,-1.0,-1.0,2,0,82.5,0.0,0.0,0.0,0.0,0.0
2026-09-19 18:32:15,mfsweep_shard0,SPT_SMPT,63,4464.86,129,0,0,3389.8,-1.0,-1.0,2,0,80.9,0.0,0.0,0.0,0.0,0.0
2026-09-19 18:32:15,mfsweep_shard0,SPT_SMPT,63,4464.86,130,0,0,3416.1,-1.0,-1.0,2,0,63.7,0.0,0.0,0.0,0.0,0.0
2026-09-19 18:32:15,mfsweep_shard0,SPT_SMPT,63,4464.86,131,0,0,3442.3,-1.0,-1.0,2,0,55.4,0.0,0.0,0.0,0.0,0.0
2026-09-19 18:32:15,mfsweep_shard0,SPT_SMPT,63,4464.86,132,0,0,3468.6,-1.0,-1.0,2,0,82.5,0.0,0.0,0.0,0.0,0.0
2026-09-19 18:32:15,mfsweep_shard0,SPT_SMPT,63,4464.86,133,0,0,3494.9,-1.0,-1.0,2,0,84.8,0.0,0.0,0.0,0.0,0.0
2026-09-19 18:32:15,mfsweep_shard0,SPT_SMPT,63,4464.86,134,0,0,3521.2,-1.0,-1.0,2,0,56.3,0.0,0.0,0.0,0.0,0.0
2026-09-19 18:32:15,mfsweep_shard0,SPT_SMPT,63,4464.86,135,0,0,3547.5,-1.0,-1.0,2,0,69.5,0.0,0.0,0.0,0.0,0.0
2026-09-19 18:32:15,mfsweep_shard0,SPT_SMPT,63,4464.86,136,0,0,3573.7,-1.0,-1.0,2,0,55.8,0.0,0.0,0.0,0.0,0.0
2026-09-19 18:34:31,mfsweep_shard0,SPT_SMPT,64,3566.58,0,0,1,0.0,232.9,232.9,2,2,74.6,0.0,74.0,84.2,0.0,74.6
2026-09-19 18:34:31,mfsweep_shard0,SPT_SMPT,64,3566.58,1,0,1,26.3,283.4,257.1,2,2,54.4,0.0,88.2,93.6,20.9,54.4
2026-09-19 18:34:31,mfsweep_shard0,SPT_SMPT,64,3566.58,2,0,0,52.6,-1.0,-1.0,2,2,62.6,0.0,2987.0,281.0,84.6,62.6
2026-09-19 18:34:31,mfsweep_shard0,SPT_SMPT,64,3566.58,3,0,1,78.8,367.3,288.5,2,2,60.9,0.0,90.4,126.9,10.2,60.9
2026-09-19 18:34:31,mfsweep_shard0,SPT_SMPT,64,3566.58,4,0,0,105.1,-1.0,-1.0,2,2,77.8,0.0,3109.2,54.7,136.0,77.8
2026-09-19 18:34:31,mfsweep_shard0,SPT_SMPT,64,3566.58,5,0,0,131.4,-1.0,-1.0,2,2,75.9,0.0,3176.9,64.4,22.5,75.9
2026-09-19 18:34:31,mfsweep_shard0,SPT_SMPT,64,3566.58,6,0,0,157.7,-1.0,-1.0,2,2,83.0,0.0,2973.7,76.6,191.8,83.0
2026-09-19 18:34:31,mfsweep_shard0,SPT_SMPT,64,3566.58,7,0,0,183.9,-1.0,-1.0,2,1,56.4,0.0,2305.0,949.7,3.1,23.5
2026-09-19 18:34:31,mfsweep_shard0,SPT_SMPT,64,3566.58,8,0,0,210.2,-1.0,-1.0,2,2,67.5,0.0,2421.1,834.0,33.0,67.5
2026-09-19 18:34:31,mfsweep_shard0,SPT_SMPT,64,3566.58,9,0,0,236.5,-1.0,-1.0,2,2,54.5,0.1,2490.9,646.9,42.1,54.5
2026-09-19 18:34:31,mfsweep_shard0,SPT_SMPT,64,3566.58,10,0,0,262.8,-1.0,-1.0,2,1,60.7,0.1,2654.1,453.7,0.0,15.0
2026-09-19 18:34:31,mfsweep_shard0,SPT_SMPT,64,3566.58,11,0,0,289.1,-1.0,-1.0,2,1,70.2,0.2,2984.6,277.0,0.0,15.0
2026-09-19 18:34:31,mfsweep_shard0,SPT_SMPT,64,3566.58,12,0,0,315.3,-1.0,-1.0,2,1,54.4,0.3,3055.1,73.7,0.0,15.0
2026-09-19 18:34:31,mfsweep_shard0,SPT_SMPT,64,3566.58,13,0,0,341.6,-1.0,-1.0,2,0,60.1,0.1,2891.7,257.5,0.0,0.0
2026-09-19 18:34:31,mfsweep_shard0,SPT_SMPT,64,3566.58,14,0,0,367.9,-1.0,-1.0,2,0,75.0,0.2,2709.8,201.4,0.0,0.0
2026-09-19 18:34:31,mfsweep_shard0,SPT_SMPT,64,3566.58,15,0,0,394.2,-1.0,-1.0,2,0,71.5,0.3,2704.7,180.2,0.0,0.0
2026-09-19 18:34:31,mfsweep_shard0,SPT_SMPT,64,3566.58,16,0,0,420.4,-1.0,-1.0,2,0,60.8,0.3,2678.4,0.0,0.0,0.0
2026-09-19 18:34:31,mfsweep_shard0,SPT_SMPT,64,3566.58,17,0,0,446.7,-1.0,-1.0,2,0,73.0,0.4,2652.1,0.0,0.0,0.0
2026-09-19 18:34:31,mfsweep_shard0,SPT_SMPT,64,3566.58,18,0,0,473.0,-1.0,-1.0,2,0,80.2,0.4,2625.8,0.0,0.0,0.0
2026-09-19 18:34:31,mfsweep_shard0,SPT_SMPT,64,3566.58,19,0,0,499.3,-1.0,-1.0,2,0,53.7,0.5,2599.4,0.0,0.0,0.0
2026-09-19 18:34:31,mfsweep_shard0,SPT_SMPT,64,3566.58,20,0,0,525.6,-1.0,-1.0,2,0,80.1,0.6,2573.1,0.0,0.0,0.0
2026-09-19 18:34:31,mfsweep_shard0,SPT_SMPT,64,3566.58,21,0,0,551.8,-1.0,-1.0,2,0,76.5,0.7,2546.7,0.0,0.0,0.0
2026-09-19 18:34:31,mfsweep_shard0,SPT_SMPT,64,3566.58,22,0,0,578.1,-1.0,-1.0,2,0,64.7,0.8,2520.4,0.0,0.0,0.0
2026-09-19 18:34:31,mfsweep_shard0,SPT_SMPT,64,3566.58,23,0,0,604.4,-1.0,-1.0,2,0,58.6,0.8,2494.1,0.0,0.0,0.0
2026-09-19 18:34:31,mfsweep_shard0,SPT_SMPT,64,3566.58,24,0,0,630.7,-1.0,-1.0,2,0,85.1,0.9,2467.7,0.0,0.0,0.0
2026-09-19 18:34:31,mfsweep_shard0,SPT_SMPT,64,3566.58,25,0,0,656.9,-1.0,-1.0,2,0,64.6,1.0,2441.4,0.0,0.0,0.0
2026-09-19 18:34:31,mfsweep_shard0,SPT_SMPT,64,3566.58,26,0,0,683.2,-1.0,-1.0,2,0,56.6,1.1,2415.1,0.0,0.0,0.0
2026-09-19 18:34:31,mfsweep_shard0,SPT_SMPT,64,3566.58,27,0,0,709.5,-1.0,-1.0,2,0,56.7,1.1,2388.7,0.0,0.0,0.0
2026-09-19 18:34:31,mfsweep_shard0,SPT_SMPT,64,3566.58,28,0,0,735.8,-1.0,-1.0,2,0,81.5,1.2,2362.4,0.0,0.0,0.0
2026-09-19 18:34:31,mfsweep_shard0,SPT_SMPT,64,3566.58,29,0,0,762.0,-1.0,-1.0,2,0,73.4,1.3,2336.0,0.0,0.0,0.0
2026-09-19 18:34:31,mfsweep_shard0,SPT_SMPT,64,3566.58,30,0,0,788.3,-1.0,-1.0,2,0,80.1,1.4,2309.7,0.0,0.0,0.0
2026-09-19 18:34:31,mfsweep_shard0,SPT_SMPT,64,3566.58,31,0,0,814.6,-1.0,-1.0,2,0,77.6,1.5,2283.4,0.0,0.0,0.0
2026-09-19 18:34:31,mfsweep_shard0,SPT_SMPT,64,3566.58,32,0,0,840.9,-1.0,-1.0,2,0,71.2,1.6,2257.0,0.0,0.0,0.0
2026-09-19 18:34:31,mfsweep_shard0,SPT_SMPT,64,3566.58,33,0,0,867.2,-1.0,-1.0,2,0,85.6,1.6,2230.7,0.0,0.0,0.0
2026-09-19 18:34:31,mfsweep_shard0,SPT_SMPT,64,3566.58,34,0,0,893.4,-1.0,-1.0,2,0,66.0,1.7,2204.4,0.0,0.0,0.0
2026-09-19 18:34:31,mfsweep_shard0,SPT_SMPT,64,3566.58,35,0,0,919.7,-1.0,-1.0,2,0,71.7,1.8,2178.0,0.0,0.0,0.0
2026-09-19 18:34:31,mfsweep_shard0,SPT_SMPT,64,3566.58,36,0,0,946.0,-1.0,-1.0,2,0,80.9,1.9,2151.7,0.0,0.0,0.0
2026-09-19 18:34:31,mfsweep_shard0,SPT_SMPT,64,3566.58,37,0,0,972.3,-1.0,-1.0,2,0,73.9,2.0,2125.3,0.0,0.0,0.0
2026-09-19 18:34:31,mfsweep_shard0,SPT_SMPT,64,3566.58,38,0,0,998.5,-1.0,-1.0,2,0,81.9,2.0,2099.0,0.0,0.0,0.0
2026-09-19 18:34:31,mfsweep_shard0,SPT_SMPT,64,3566.58,39,0,0,1024.8,-1.0,-1.0,2,0,72.6,2.1,2072.7,0.0,0.0,0.0
2026-09-19 18:34:31,mfsweep_shard0,SPT_SMPT,64,3566.58,40,0,0,1051.1,-1.0,-1.0,2,0,76.8,1.6,2046.9,0.0,0.0,0.0
2026-09-19 18:34:31,mfsweep_shard0,SPT_SMPT,64,3566.58,41,0,0,1077.4,-1.0,-1.0,2,0,55.0,1.7,2020.6,0.0,0.0,0.0
2026-09-19 18:34:31,mfsweep_shard0,SPT_SMPT,64,3566.58,42,0,0,1103.7,-1.0,-1.0,2,0,61.0,1.8,1994.2,0.0,0.0,0.0
2026-09-19 18:34:31,mfsweep_shard0,SPT_SMPT,64,3566.58,43,0,0,1129.9,-1.0,-1.0,2,0,63.1,1.8,1967.9,0.0,0.0,0.0
2026-09-19 18:34:31,mfsweep_shard0,SPT_SMPT,64,3566.58,44,0,0,1156.2,-1.0,-1.0,2,0,56.1,1.3,1942.2,0.0,0.0,0.0
2026-09-19 18:34:31,mfsweep_shard0,SPT_SMPT,64,3566.58,45,0,0,1182.5,-1.0,-1.0,2,0,61.2,1.3,1915.9,0.0,0.0,0.0
2026-09-19 18:34:31,mfsweep_shard0,SPT_SMPT,64,3566.58,46,0,0,1208.8,-1.0,-1.0,2,0,56.8,1.4,1889.6,0.0,0.0,0.0
2026-09-19 18:34:31,mfsweep_shard0,SPT_SMPT,64,3566.58,47,0,0,1235.0,-1.0,-1.0,2,0,62.7,1.4,1863.3,0.0,0.0,0.0
2026-09-19 18:34:31,mfsweep_shard0,SPT_SMPT,64,3566.58,48,0,0,1261.3,-1.0,-1.0,2,0,74.5,1.4,1837.0,0.0,0.0,0.0
2026-09-19 18:34:31,mfsweep_shard0,SPT_SMPT,64,3566.58,49,0,0,1287.6,-1.0,-1.0,2,0,65.5,1.5,1810.7,0.0,0.0,0.0
2026-09-19 18:34:31,mfsweep_shard0,SPT_SMPT,64,3566.58,50,0,0,1313.9,-1.0,-1.0,2,0,65.7,1.5,1784.4,0.0,0.0,0.0
2026-09-19 18:34:31,mfsweep_shard0,SPT_SMPT,64,3566.58,51,0,0,1340.2,-1.0,-1.0,2,0,60.4,1.5,1758.1,0.0,0.0,0.0
2026-09-19 18:34:31,mfsweep_shard0,SPT_SMPT,64,3566.58,52,0,0,1366.4,-1.0,-1.0,2,0,62.3,1.6,1731.8,0.0,0.0,0.0
2026-09-19 18:34:31,mfsweep_shard0,SPT_SMPT,64,3566.58,53,0,0,1392.7,-1.0,-1.0,2,0,84.4,1.6,1705.5,0.0,0.0,0.0
2026-09-19 18:34:31,mfsweep_shard0,SPT_SMPT,64,3566.58,54,0,0,1419.0,-1.0,-1.0,2,0,74.9,1.7,1679.2,0.0,0.0,0.0
2026-09-19 18:34:31,mfsweep_shard0,SPT_SMPT,64,3566.58,55,0,0,1445.3,-1.0,-1.0,2,0,73.6,1.7,1652.9,0.0,0.0,0.0
2026-09-19 18:34:31,mfsweep_shard0,SPT_SMPT,64,3566.58,56,0,0,1471.5,-1.0,-1.0,2,0,59.2,1.7,1626.7,0.0,0.0,0.0
2026-09-19 18:34:31,mfsweep_shard0,SPT_SMPT,64,3566.58,57,0,0,1497.8,-1.0,-1.0,2,0,77.6,1.8,1600.4,0.0,0.0,0.0
2026-09-19 18:34:31,mfsweep_shard0,SPT_SMPT,64,3566.58,58,0,0,1524.1,-1.0,-1.0,2,0,58.9,1.8,1574.1,0.0,0.0,0.0
2026-09-19 18:34:31,mfsweep_shard0,SPT_SMPT,64,3566.58,59,0,0,1550.4,-1.0,-1.0,2,0,66.0,1.9,1547.8,0.0,0.0,0.0
2026-09-19 18:34:31,mfsweep_shard0,SPT_SMPT,64,3566.58,60,0,0,1576.6,-1.0,-1.0,2,0,86.2,1.9,1521.5,0.0,0.0,0.0
2026-09-19 18:34:31,mfsweep_shard0,SPT_SMPT,64,3566.58,61,0,0,1602.9,-1.0,-1.0,2,0,74.6,2.0,1495.2,0.0,0.0,0.0
2026-09-19 18:34:31,mfsweep_shard0,SPT_SMPT,64,3566.58,62,0,0,1629.2,-1.0,-1.0,2,0,71.9,2.0,1468.9,0.0,0.0,0.0
2026-09-19 18:34:31,mfsweep_shard0,SPT_SMPT,64,3566.58,63,0,0,1655.5,-1.0,-1.0,2,0,76.1,2.0,1442.6,0.0,0.0,0.0
2026-09-19 18:34:31,mfsweep_shard0,SPT_SMPT,64,3566.58,64,0,0,1681.8,-1.0,-1.0,2,0,81.3,2.1,1416.3,0.0,0.0,0.0
2026-09-19 18:34:31,mfsweep_shard0,SPT_SMPT,64,3566.58,65,0,0,1708.0,-1.0,-1.0,2,0,79.1,2.1,1390.0,0.0,0.0,0.0
2026-09-19 18:34:31,mfsweep_shard0,SPT_SMPT,64,3566.58,66,0,0,1734.3,-1.0,-1.0,2,0,61.1,2.1,1363.7,0.0,0.0,0.0
2026-09-19 18:34:31,mfsweep_shard0,SPT_SMPT,64,3566.58,67,0,0,1760.6,-1.0,-1.0,2,0,54.6,2.2,1337.4,0.0,0.0,0.0
2026-09-19 18:34:31,mfsweep_shard0,SPT_SMPT,64,3566.58,68,0,0,1786.9,-1.0,-1.0,2,0,63.9,2.2,1311.1,0.0,0.0,0.0
2026-09-19 18:34:31,mfsweep_shard0,SPT_SMPT,64,3566.58,69,0,0,1813.1,-1.0,-1.0,2,0,62.3,2.3,1284.8,0.0,0.0,0.0
2026-09-19 18:34:31,mfsweep_shard0,SPT_SMPT,64,3566.58,70,0,0,1839.4,-1.0,-1.0,2,0,60.5,2.3,1258.5,0.0,0.0,0.0
2026-09-19 18:34:31,mfsweep_shard0,SPT_SMPT,64,3566.58,71,0,0,1865.7,-1.0,-1.0,2,0,84.6,2.3,1232.2,0.0,0.0,0.0
2026-09-19 18:34:31,mfsweep_shard0,SPT_SMPT,64,3566.58,72,0,0,1892.0,-1.0,-1.0,2,0,82.4,1.2,1207.1,0.0,0.0,0.0
2026-09-19 18:34:31,mfsweep_shard0,SPT_SMPT,64,3566.58,73,0,0,1918.3,-1.0,-1.0,2,0,63.9,1.2,1180.8,0.0,0.0,0.0
2026-09-19 18:34:31,mfsweep_shard0,SPT_SMPT,64,3566.58,74,0,0,1944.5,-1.0,-1.0,2,0,75.1,0.0,0.0,0.0,0.0,0.0
2026-09-19 18:34:31,mfsweep_shard0,SPT_SMPT,64,3566.58,75,0,0,1970.8,-1.0,-1.0,2,0,66.6,0.0,0.0,0.0,0.0,0.0
2026-09-19 18:34:31,mfsweep_shard0,SPT_SMPT,64,3566.58,76,0,0,1997.1,-1.0,-1.0,2,0,83.7,0.0,0.0,0.0,0.0,0.0
2026-09-19 18:34:31,mfsweep_shard0,SPT_SMPT,64,3566.58,77,0,0,2023.4,-1.0,-1.0,2,0,68.6,0.0,0.0,0.0,0.0,0.0
2026-09-19 18:34:31,mfsweep_shard0,SPT_SMPT,64,3566.58,78,0,0,2049.6,-1.0,-1.0,2,0,62.2,0.0,0.0,0.0,0.0,0.0
2026-09-19 18:34:31,mfsweep_shard0,SPT_SMPT,64,3566.58,79,0,0,2075.9,-1.0,-1.0,2,0,61.6,0.0,0.0,0.0,0.0,0.0
2026-09-19 18:34:31,mfsweep_shard0,SPT_SMPT,64,3566.58,80,0,0,2102.2,-1.0,-1.0,2,0,72.0,0.0,0.0,0.0,0.0,0.0
2026-09-19 18:34:31,mfsweep_shard0,SPT_SMPT,64,3566.58,81,0,0,2128.5,-1.0,-1.0,2,0,62.2,0.0,0.0,0.0,0.0,0.0
2026-09-19 18:34:31,mfsweep_shard0,SPT_SMPT,64,3566.58,82,0,0,2154.7,-1.0,-1.0,2,0,72.8,0.0,0.0,0.0,0.0,0.0
2026-09-19 18:34:31,mfsweep_shard0,SPT_SMPT,64,3566.58,83,0,0,2181.0,-1.0,-1.0,2,0,83.1,0.0,0.0,0.0,0.0,0.0
2026-09-19 18:34:31,mfsweep_shard0,SPT_SMPT,64,3566.58,84,0,0,2207.3,-1.0,-1.0,2,0,66.7,0.0,0.0,0.0,0.0,0.0
2026-09-19 18:34:31,mfsweep_shard0,SPT_SMPT,64,3566.58,85,0,0,2233.6,-1.0,-1.0,2,0,60.7,0.0,0.0,0.0,0.0,0.0
2026-09-19 18:34:31,mfsweep_shard0,SPT_SMPT,64,3566.58,86,0,0,2259.9,-1.0,-1.0,2,0,86.4,0.0,0.0,0.0,0.0,0.0
2026-09-19 18:34:31,mfsweep_shard0,SPT_SMPT,64,3566.58,87,0,0,2286.1,-1.0,-1.0,2,0,70.3,0.0,0.0,0.0,0.0,0.0
2026-09-19 18:34:31,mfsweep_shard0,SPT_SMPT,64,3566.58,88,0,0,2312.4,-1.0,-1.0,2,0,56.5,0.0,0.0,0.0,0.0,0.0
2026-09-19 18:34:31,mfsweep_shard0,SPT_SMPT,64,3566.58,89,0,0,2338.7,-1.0,-1.0,2,0,55.1,0.0,0.0,0.0,0.0,0.0
2026-09-19 18:34:31,mfsweep_shard0,SPT_SMPT,64,3566.58,90,0,0,2365.0,-1.0,-1.0,2,0,57.1,0.0,0.0,0.0,0.0,0.0
2026-09-19 18:34:31,mfsweep_shard0,SPT_SMPT,64,3566.58,91,0,0,2391.2,-1.0,-1.0,2,0,74.2,0.0,0.0,0.0,0.0,0.0
2026-09-19 18:34:31,mfsweep_shard0,SPT_SMPT,64,3566.58,92,0,0,2417.5,-1.0,-1.0,2,0,79.6,0.0,0.0,0.0,0.0,0.0
2026-09-19 18:34:31,mfsweep_shard0,SPT_SMPT,64,3566.58,93,0,0,2443.8,-1.0,-1.0,2,0,67.4,0.0,0.0,0.0,0.0,0.0
2026-09-19 18:34:31,mfsweep_shard0,SPT_SMPT,64,3566.58,94,0,0,2470.1,-1.0,-1.0,2,0,55.6,0.0,0.0,0.0,0.0,0.0
2026-09-19 18:34:31,mfsweep_shard0,SPT_SMPT,64,3566.58,95,0,0,2496.4,-1.0,-1.0,2,0,66.1,0.0,0.0,0.0,0.0,0.0
2026-09-19 18:34:31,mfsweep_shard0,SPT_SMPT,64,3566.58,96,0,0,2522.6,-1.0,-1.0,2,0,86.4,0.0,0.0,0.0,0.0,0.0
2026-09-19 18:34:31,mfsweep_shard0,SPT_SMPT,64,3566.58,97,0,0,2548.9,-1.0,-1.0,2,0,71.0,0.0,0.0,0.0,0.0,0.0
2026-09-19 18:34:31,mfsweep_shard0,SPT_SMPT,64,3566.58,98,0,0,2575.2,-1.0,-1.0,2,0,85.6,0.0,0.0,0.0,0.0,0.0
2026-09-19 18:34:31,mfsweep_shard0,SPT_SMPT,64,3566.58,99,0,0,2601.5,-1.0,-1.0,2,0,81.9,0.0,0.0,0.0,0.0,0.0
2026-09-19 18:34:31,mfsweep_shard0,SPT_SMPT,64,3566.58,100,0,0,2627.7,-1.0,-1.0,2,0,53.9,0.0,0.0,0.0,0.0,0.0
2026-09-19 18:34:31,mfsweep_shard0,SPT_SMPT,64,3566.58,101,0,0,2654.0,-1.0,-1.0,2,0,77.3,0.0,0.0,0.0,0.0,0.0
2026-09-19 18:34:31,mfsweep_shard0,SPT_SMPT,64,3566.58,102,0,0,2680.3,-1.0,-1.0,2,0,76.0,0.0,0.0,0.0,0.0,0.0
2026-09-19 18:34:31,mfsweep_shard0,SPT_SMPT,64,3566.58,103,0,0,2706.6,-1.0,-1.0,2,0,71.2,0.0,0.0,0.0,0.0,0.0
2026-09-19 18:34:31,mfsweep_shard0,SPT_SMPT,64,3566.58,104,0,0,2732.9,-1.0,-1.0,2,0,62.3,0.0,0.0,0.0,0.0,0.0
2026-09-19 18:34:31,mfsweep_shard0,SPT_SMPT,64,3566.58,105,0,0,2759.1,-1.0,-1.0,2,0,74.7,0.0,0.0,0.0,0.0,0.0
2026-09-19 18:34:31,mfsweep_shard0,SPT_SMPT,64,3566.58,106,0,0,2785.4,-1.0,-1.0,2,0,57.2,0.0,0.0,0.0,0.0,0.0
2026-09-19 18:34:31,mfsweep_shard0,SPT_SMPT,64,3566.58,107,0,0,2811.7,-1.0,-1.0,2,0,67.9,0.0,0.0,0.0,0.0,0.0
2026-09-19 18:34:31,mfsweep_shard0,SPT_SMPT,64,3566.58,108,0,0,2838.0,-1.0,-1.0,2,0,68.5,0.0,0.0,0.0,0.0,0.0
2026-09-19 18:34:31,mfsweep_shard0,SPT_SMPT,64,3566.58,109,0,0,2864.2,-1.0,-1.0,2,0,85.0,0.0,0.0,0.0,0.0,0.0
2026-09-19 18:34:31,mfsweep_shard0,SPT_SMPT,64,3566.58,110,0,0,2890.5,-1.0,-1.0,2,0,82.4,0.0,0.0,0.0,0.0,0.0
2026-09-19 18:34:31,mfsweep_shard0,SPT_SMPT,64,3566.58,111,0,0,2916.8,-1.0,-1.0,2,0,62.2,0.0,0.0,0.0,0.0,0.0
2026-09-19 18:34:31,mfsweep_shard0,SPT_SMPT,64,3566.58,112,0,0,2943.1,-1.0,-1.0,2,0,70.0,0.0,0.0,0.0,0.0,0.0
2026-09-19 18:34:31,mfsweep_shard0,SPT_SMPT,64,3566.58,113,0,0,2969.3,-1.0,-1.0,2,0,59.4,0.0,0.0,0.0,0.0,0.0
2026-09-19 18:34:31,mfsweep_shard0,SPT_SMPT,64,3566.58,114,0,0,2995.6,-1.0,-1.0,2,0,83.6,0.0,0.0,0.0,0.0,0.0
2026-09-19 18:34:31,mfsweep_shard0,SPT_SMPT,64,3566.58,115,0,0,3021.9,-1.0,-1.0,2,0,82.2,0.0,0.0,0.0,0.0,0.0
2026-09-19 18:34:31,mfsweep_shard0,SPT_SMPT,64,3566.58,116,0,0,3048.2,-1.0,-1.0,2,0,63.4,0.0,0.0,0.0,0.0,0.0
2026-09-19 18:34:31,mfsweep_shard0,SPT_SMPT,64,3566.58,117,0,0,3074.5,-1.0,-1.0,2,0,74.6,0.0,0.0,0.0,0.0,0.0
2026-09-19 18:34:31,mfsweep_shard0,SPT_SMPT,64,3566.58,118,0,0,3100.7,-1.0,-1.0,2,0,73.6,0.0,0.0,0.0,0.0,0.0
2026-09-19 18:34:31,mfsweep_shard0,SPT_SMPT,64,3566.58,119,0,0,3127.0,-1.0,-1.0,2,0,58.5,0.0,0.0,0.0,0.0,0.0
2026-09-19 18:34:31,mfsweep_shard0,SPT_SMPT,64,3566.58,120,0,0,3153.3,-1.0,-1.0,2,0,78.7,0.0,0.0,0.0,0.0,0.0
2026-09-19 18:34:31,mfsweep_shard0,SPT_SMPT,64,3566.58,121,0,0,3179.6,-1.0,-1.0,2,0,71.3,0.0,0.0,0.0,0.0,0.0
2026-09-19 18:34:31,mfsweep_shard0,SPT_SMPT,64,3566.58,122,0,0,3205.8,-1.0,-1.0,2,0,79.2,0.0,0.0,0.0,0.0,0.0
2026-09-19 18:34:31,mfsweep_shard0,SPT_SMPT,64,3566.58,123,0,0,3232.1,-1.0,-1.0,2,0,71.0,0.0,0.0,0.0,0.0,0.0
2026-09-19 18:34:31,mfsweep_shard0,SPT_SMPT,64,3566.58,124,0,0,3258.4,-1.0,-1.0,2,0,53.5,0.0,0.0,0.0,0.0,0.0
2026-09-19 18:34:31,mfsweep_shard0,SPT_SMPT,64,3566.58,125,0,0,3284.7,-1.0,-1.0,2,0,64.2,0.0,0.0,0.0,0.0,0.0
2026-09-19 18:34:31,mfsweep_shard0,SPT_SMPT,64,3566.58,126,0,0,3311.0,-1.0,-1.0,2,0,54.1,0.0,0.0,0.0,0.0,0.0
2026-09-19 18:34:31,mfsweep_shard0,SPT_SMPT,64,3566.58,127,0,0,3337.2,-1.0,-1.0,2,0,84.2,0.0,0.0,0.0,0.0,0.0
2026-09-19 18:34:31,mfsweep_shard0,SPT_SMPT,64,3566.58,128,0,0,3363.5,-1.0,-1.0,2,0,82.5,0.0,0.0,0.0,0.0,0.0
2026-09-19 18:34:31,mfsweep_shard0,SPT_SMPT,64,3566.58,129,0,0,3389.8,-1.0,-1.0,2,0,80.9,0.0,0.0,0.0,0.0,0.0
2026-09-19 18:34:31,mfsweep_shard0,SPT_SMPT,64,3566.58,130,0,0,3416.1,-1.0,-1.0,2,0,63.7,0.0,0.0,0.0,0.0,0.0
2026-09-19 18:34:31,mfsweep_shard0,SPT_SMPT,64,3566.58,131,0,0,3442.3,-1.0,-1.0,2,0,55.4,0.0,0.0,0.0,0.0,0.0
2026-09-19 18:34:31,mfsweep_shard0,SPT_SMPT,64,3566.58,132,0,0,3468.6,-1.0,-1.0,2,0,82.5,0.0,0.0,0.0,0.0,0.0
2026-09-19 18:34:31,mfsweep_shard0,SPT_SMPT,64,3566.58,133,0,0,3494.9,-1.0,-1.0,2,0,84.8,0.0,0.0,0.0,0.0,0.0
2026-09-19 18:34:31,mfsweep_shard0,SPT_SMPT,64,3566.58,134,0,0,3521.2,-1.0,-1.0,2,0,56.3,0.0,0.0,0.0,0.0,0.0
2026-09-19 18:34:31,mfsweep_shard0,SPT_SMPT,64,3566.58,135,0,0,3547.5,-1.0,-1.0,2,0,69.5,0.0,0.0,0.0,0.0,0.0
2026-09-19 18:36:59,mfsweep_shard0,SPT_SMPT,65,3952.98,0,0,1,0.0,232.9,232.9,2,2,74.6,0.0,74.0,84.2,0.0,74.6
2026-09-19 18:36:59,mfsweep_shard0,SPT_SMPT,65,3952.98,1,0,1,26.3,283.4,257.1,2,2,54.4,0.0,88.2,93.6,20.9,54.4
2026-09-19 18:36:59,mfsweep_shard0,SPT_SMPT,65,3952.98,2,0,0,52.6,-1.0,-1.0,2,2,62.6,0.0,3688.0,42.8,84.6,62.6
2026-09-19 18:36:59,mfsweep_shard0,SPT_SMPT,65,3952.98,3,0,0,78.8,-1.0,-1.0,2,2,60.9,0.0,3514.2,268.3,10.2,60.9
2026-09-19 18:36:59,mfsweep_shard0,SPT_SMPT,65,3952.98,4,0,0,105.1,-1.0,-1.0,2,2,77.8,0.0,3280.1,237.9,136.0,77.8
2026-09-19 18:36:59,mfsweep_shard0,SPT_SMPT,65,3952.98,5,0,0,131.4,-1.0,-1.0,2,2,75.9,0.1,889.3,2790.2,22.5,79.0
2026-09-19 18:36:59,mfsweep_shard0,SPT_SMPT,65,3952.98,6,0,0,157.7,-1.0,-1.0,2,2,83.0,0.0,3580.2,60.2,0.0,83.0
2026-09-19 18:36:59,mfsweep_shard0,SPT_SMPT,65,3952.98,7,0,0,183.9,-1.0,-1.0,2,1,56.4,0.1,3241.1,507.3,0.0,15.0
2026-09-19 18:36:59,mfsweep_shard0,SPT_SMPT,65,3952.98,8,0,0,210.2,-1.0,-1.0,2,1,67.4,0.2,2830.2,707.5,0.0,15.0
2026-09-19 18:36:59,mfsweep_shard0,SPT_SMPT,65,3952.98,9,0,0,236.5,-1.0,-1.0,2,1,54.5,0.2,3150.9,404.1,4.4,15.0
2026-09-19 18:36:59,mfsweep_shard0,SPT_SMPT,65,3952.98,10,0,0,262.8,-1.0,-1.0,2,0,60.7,0.0,3241.0,362.9,0.0,0.0
2026-09-19 18:36:59,mfsweep_shard0,SPT_SMPT,65,3952.98,11,0,0,289.1,-1.0,-1.0,2,0,70.2,0.2,3335.8,318.2,0.0,0.0
2026-09-19 18:36:59,mfsweep_shard0,SPT_SMPT,65,3952.98,12,0,0,315.3,-1.0,-1.0,2,0,54.4,0.4,3441.9,0.0,0.0,0.0
2026-09-19 18:36:59,mfsweep_shard0,SPT_SMPT,65,3952.98,13,0,0,341.6,-1.0,-1.0,2,0,60.1,0.5,3595.7,0.0,0.0,0.0
2026-09-19 18:36:59,mfsweep_shard0,SPT_SMPT,65,3952.98,14,0,0,367.9,-1.0,-1.0,2,0,75.0,0.7,3028.7,0.0,0.0,0.0
2026-09-19 18:36:59,mfsweep_shard0,SPT_SMPT,65,3952.98,15,0,0,394.2,-1.0,-1.0,2,0,71.5,0.6,3182.6,0.0,0.0,0.0
2026-09-19 18:36:59,mfsweep_shard0,SPT_SMPT,65,3952.98,16,0,0,420.4,-1.0,-1.0,2,0,60.8,0.8,3156.2,0.0,0.0,0.0
2026-09-19 18:36:59,mfsweep_shard0,SPT_SMPT,65,3952.98,17,0,0,446.7,-1.0,-1.0,2,0,73.0,0.8,1795.0,0.0,0.0,0.0
2026-09-19 18:36:59,mfsweep_shard0,SPT_SMPT,65,3952.98,18,0,0,473.0,-1.0,-1.0,2,0,80.2,0.7,1768.9,0.0,0.0,0.0
2026-09-19 18:36:59,mfsweep_shard0,SPT_SMPT,65,3952.98,19,0,0,499.3,-1.0,-1.0,2,0,53.7,0.8,1742.6,0.0,0.0,0.0
2026-09-19 18:36:59,mfsweep_shard0,SPT_SMPT,65,3952.98,20,0,0,525.6,-1.0,-1.0,2,0,80.1,0.9,1716.2,0.0,0.0,0.0
2026-09-19 18:36:59,mfsweep_shard0,SPT_SMPT,65,3952.98,21,0,0,551.8,-1.0,-1.0,2,0,76.5,0.9,1689.9,0.0,0.0,0.0
2026-09-19 18:36:59,mfsweep_shard0,SPT_SMPT,65,3952.98,22,0,0,578.1,-1.0,-1.0,2,0,64.7,1.0,1663.6,0.0,0.0,0.0
2026-09-19 18:36:59,mfsweep_shard0,SPT_SMPT,65,3952.98,23,0,0,604.4,-1.0,-1.0,2,0,58.6,1.1,1637.3,0.0,0.0,0.0
2026-09-19 18:36:59,mfsweep_shard0,SPT_SMPT,65,3952.98,24,0,0,630.7,-1.0,-1.0,2,0,85.1,1.2,1610.9,0.0,0.0,0.0
2026-09-19 18:36:59,mfsweep_shard0,SPT_SMPT,65,3952.98,25,0,0,656.9,-1.0,-1.0,2,0,64.6,1.2,1584.6,0.0,0.0,0.0
2026-09-19 18:36:59,mfsweep_shard0,SPT_SMPT,65,3952.98,26,0,0,683.2,-1.0,-1.0,2,0,56.6,1.3,1558.3,0.0,0.0,0.0
2026-09-19 18:36:59,mfsweep_shard0,SPT_SMPT,65,3952.98,27,0,0,709.5,-1.0,-1.0,2,0,56.7,1.4,1531.9,0.0,0.0,0.0
2026-09-19 18:36:59,mfsweep_shard0,SPT_SMPT,65,3952.98,28,0,0,735.8,-1.0,-1.0,2,0,81.5,1.5,1505.6,0.0,0.0,0.0
2026-09-19 18:36:59,mfsweep_shard0,SPT_SMPT,65,3952.98,29,0,0,762.0,-1.0,-1.0,2,0,73.4,1.6,1479.2,0.0,0.0,0.0
2026-09-19 18:36:59,mfsweep_shard0,SPT_SMPT,65,3952.98,30,0,0,788.3,-1.0,-1.0,2,0,80.1,1.2,1453.3,0.0,0.0,0.0
2026-09-19 18:36:59,mfsweep_shard0,SPT_SMPT,65,3952.98,31,0,0,814.6,-1.0,-1.0,2,0,77.6,1.3,1427.0,0.0,0.0,0.0
2026-09-19 18:36:59,mfsweep_shard0,SPT_SMPT,65,3952.98,32,0,0,840.9,-1.0,-1.0,2,0,71.2,1.4,1400.7,0.0,0.0,0.0
2026-09-19 18:36:59,mfsweep_shard0,SPT_SMPT,65,3952.98,33,0,0,867.2,-1.0,-1.0,2,0,85.6,1.4,1374.4,0.0,0.0,0.0
2026-09-19 18:36:59,mfsweep_shard0,SPT_SMPT,65,3952.98,34,0,0,893.4,-1.0,-1.0,2,0,66.0,1.5,1348.0,0.0,0.0,0.0
2026-09-19 18:36:59,mfsweep_shard0,SPT_SMPT,65,3952.98,35,0,0,919.7,-1.0,-1.0,2,0,71.7,1.5,1321.7,0.0,0.0,0.0
2026-09-19 18:36:59,mfsweep_shard0,SPT_SMPT,65,3952.98,36,0,0,946.0,-1.0,-1.0,2,0,80.9,1.6,1295.4,0.0,0.0,0.0
2026-09-19 18:36:59,mfsweep_shard0,SPT_SMPT,65,3952.98,37,0,0,972.3,-1.0,-1.0,2,0,73.9,1.7,1269.1,0.0,0.0,0.0
2026-09-19 18:36:59,mfsweep_shard0,SPT_SMPT,65,3952.98,38,0,0,998.5,-1.0,-1.0,2,0,81.9,1.7,1242.8,0.0,0.0,0.0
2026-09-19 18:36:59,mfsweep_shard0,SPT_SMPT,65,3952.98,39,0,0,1024.8,-1.0,-1.0,2,0,72.6,1.8,1216.4,0.0,0.0,0.0
2026-09-19 18:36:59,mfsweep_shard0,SPT_SMPT,65,3952.98,40,0,0,1051.1,-1.0,-1.0,2,0,76.8,1.8,1190.1,0.0,0.0,0.0
2026-09-19 18:36:59,mfsweep_shard0,SPT_SMPT,65,3952.98,41,0,0,1077.4,-1.0,-1.0,2,0,55.0,1.9,1163.8,0.0,0.0,0.0
2026-09-19 18:36:59,mfsweep_shard0,SPT_SMPT,65,3952.98,42,0,0,1103.7,-1.0,-1.0,2,0,61.0,1.9,1137.5,0.0,0.0,0.0
2026-09-19 18:36:59,mfsweep_shard0,SPT_SMPT,65,3952.98,43,0,0,1129.9,-1.0,-1.0,2,0,63.1,2.0,1111.2,0.0,0.0,0.0
2026-09-19 18:36:59,mfsweep_shard0,SPT_SMPT,65,3952.98,44,0,0,1156.2,-1.0,-1.0,2,0,56.1,2.1,1084.9,0.0,0.0,0.0
2026-09-19 18:36:59,mfsweep_shard0,SPT_SMPT,65,3952.98,45,0,0,1182.5,-1.0,-1.0,2,0,61.2,2.1,1058.5,0.0,0.0,0.0
2026-09-19 18:36:59,mfsweep_shard0,SPT_SMPT,65,3952.98,46,0,0,1208.8,-1.0,-1.0,2,0,56.8,2.2,1032.2,0.0,0.0,0.0
2026-09-19 18:36:59,mfsweep_shard0,SPT_SMPT,65,3952.98,47,0,0,1235.0,-1.0,-1.0,2,0,62.7,2.3,1005.9,0.0,0.0,0.0
2026-09-19 18:36:59,mfsweep_shard0,SPT_SMPT,65,3952.98,48,0,0,1261.3,-1.0,-1.0,2,0,74.5,2.3,979.6,0.0,0.0,0.0
2026-09-19 18:36:59,mfsweep_shard0,SPT_SMPT,65,3952.98,49,0,0,1287.6,-1.0,-1.0,2,0,65.5,2.4,953.3,0.0,0.0,0.0
2026-09-19 18:36:59,mfsweep_shard0,SPT_SMPT,65,3952.98,50,0,0,1313.9,-1.0,-1.0,2,0,65.7,2.4,927.0,0.0,0.0,0.0
2026-09-19 18:36:59,mfsweep_shard0,SPT_SMPT,65,3952.98,51,0,0,1340.2,-1.0,-1.0,2,0,60.4,2.5,900.6,0.0,0.0,0.0
2026-09-19 18:36:59,mfsweep_shard0,SPT_SMPT,65,3952.98,52,0,0,1366.4,-1.0,-1.0,2,0,62.3,2.6,874.3,0.0,0.0,0.0
2026-09-19 18:36:59,mfsweep_shard0,SPT_SMPT,65,3952.98,53,0,0,1392.7,-1.0,-1.0,2,0,84.4,2.6,848.0,0.0,0.0,0.0
2026-09-19 18:36:59,mfsweep_shard0,SPT_SMPT,65,3952.98,54,0,0,1419.0,-1.0,-1.0,2,0,74.9,2.7,821.7,0.0,0.0,0.0
2026-09-19 18:36:59,mfsweep_shard0,SPT_SMPT,65,3952.98,55,0,0,1445.3,-1.0,-1.0,2,0,73.6,2.7,795.4,0.0,0.0,0.0
2026-09-19 18:36:59,mfsweep_shard0,SPT_SMPT,65,3952.98,56,0,0,1471.5,-1.0,-1.0,2,0,59.2,1.9,770.0,0.0,0.0,0.0
2026-09-19 18:36:59,mfsweep_shard0,SPT_SMPT,65,3952.98,57,0,0,1497.8,-1.0,-1.0,2,0,77.6,1.0,744.6,0.0,0.0,0.0
2026-09-19 18:36:59,mfsweep_shard0,SPT_SMPT,65,3952.98,58,0,0,1524.1,-1.0,-1.0,2,0,58.9,1.0,718.3,0.0,0.0,0.0
2026-09-19 18:36:59,mfsweep_shard0,SPT_SMPT,65,3952.98,59,0,0,1550.4,-1.0,-1.0,2,0,66.0,1.0,692.1,0.0,0.0,0.0
2026-09-19 18:36:59,mfsweep_shard0,SPT_SMPT,65,3952.98,60,0,0,1576.6,-1.0,-1.0,2,0,86.2,1.0,665.8,0.0,0.0,0.0
2026-09-19 18:36:59,mfsweep_shard0,SPT_SMPT,65,3952.98,61,0,0,1602.9,-1.0,-1.0,2,0,74.6,1.1,639.5,0.0,0.0,0.0
2026-09-19 18:36:59,mfsweep_shard0,SPT_SMPT,65,3952.98,62,0,0,1629.2,-1.0,-1.0,2,0,71.9,1.1,613.2,0.0,0.0,0.0
2026-09-19 18:36:59,mfsweep_shard0,SPT_SMPT,65,3952.98,63,0,0,1655.5,-1.0,-1.0,2,0,76.1,1.1,587.0,0.0,0.0,0.0
2026-09-19 18:36:59,mfsweep_shard0,SPT_SMPT,65,3952.98,64,0,0,1681.8,-1.0,-1.0,2,0,81.3,1.1,560.7,0.0,0.0,0.0
2026-09-19 18:36:59,mfsweep_shard0,SPT_SMPT,65,3952.98,65,0,0,1708.0,-1.0,-1.0,2,0,79.1,1.1,534.4,0.0,0.0,0.0
2026-09-19 18:36:59,mfsweep_shard0,SPT_SMPT,65,3952.98,66,0,0,1734.3,-1.0,-1.0,2,0,61.1,1.1,508.1,0.0,0.0,0.0
2026-09-19 18:36:59,mfsweep_shard0,SPT_SMPT,65,3952.98,67,0,0,1760.6,-1.0,-1.0,2,0,54.6,1.2,481.8,0.0,0.0,0.0
2026-09-19 18:36:59,mfsweep_shard0,SPT_SMPT,65,3952.98,68,0,0,1786.9,-1.0,-1.0,2,0,63.9,1.2,455.6,0.0,0.0,0.0
2026-09-19 18:36:59,mfsweep_shard0,SPT_SMPT,65,3952.98,69,0,0,1813.1,-1.0,-1.0,2,0,62.3,1.2,429.3,0.0,0.0,0.0
2026-09-19 18:36:59,mfsweep_shard0,SPT_SMPT,65,3952.98,70,0,0,1839.4,-1.0,-1.0,2,0,60.5,1.2,403.0,0.0,0.0,0.0
2026-09-19 18:36:59,mfsweep_shard0,SPT_SMPT,65,3952.98,71,0,0,1865.7,-1.0,-1.0,2,0,84.6,1.2,376.7,0.0,0.0,0.0
2026-09-19 18:36:59,mfsweep_shard0,SPT_SMPT,65,3952.98,72,0,0,1892.0,-1.0,-1.0,2,0,82.4,1.3,350.5,0.0,0.0,0.0
2026-09-19 18:36:59,mfsweep_shard0,SPT_SMPT,65,3952.98,73,0,0,1918.3,-1.0,-1.0,2,0,63.9,1.3,324.2,0.0,0.0,0.0
2026-09-19 18:36:59,mfsweep_shard0,SPT_SMPT,65,3952.98,74,0,0,1944.5,-1.0,-1.0,2,0,75.1,1.3,297.9,0.0,0.0,0.0
2026-09-19 18:36:59,mfsweep_shard0,SPT_SMPT,65,3952.98,75,0,0,1970.8,-1.0,-1.0,2,0,66.6,1.3,271.6,0.0,0.0,0.0
2026-09-19 18:36:59,mfsweep_shard0,SPT_SMPT,65,3952.98,76,0,0,1997.1,-1.0,-1.0,2,0,83.7,1.4,245.3,0.0,0.0,0.0
2026-09-19 18:36:59,mfsweep_shard0,SPT_SMPT,65,3952.98,77,0,0,2023.4,-1.0,-1.0,2,0,68.6,1.4,219.1,0.0,0.0,0.0
2026-09-19 18:36:59,mfsweep_shard0,SPT_SMPT,65,3952.98,78,0,0,2049.6,-1.0,-1.0,2,0,62.2,1.4,192.8,0.0,0.0,0.0
2026-09-19 18:36:59,mfsweep_shard0,SPT_SMPT,65,3952.98,79,0,0,2075.9,-1.0,-1.0,2,0,61.6,1.4,166.5,0.0,0.0,0.0
2026-09-19 18:36:59,mfsweep_shard0,SPT_SMPT,65,3952.98,80,0,0,2102.2,-1.0,-1.0,2,0,72.0,1.4,140.2,0.0,0.0,0.0
2026-09-19 18:36:59,mfsweep_shard0,SPT_SMPT,65,3952.98,81,0,0,2128.5,-1.0,-1.0,2,0,62.2,1.4,114.0,0.0,0.0,0.0
2026-09-19 18:36:59,mfsweep_shard0,SPT_SMPT,65,3952.98,82,0,0,2154.7,-1.0,-1.0,2,0,72.8,1.5,87.7,0.0,0.0,0.0
2026-09-19 18:36:59,mfsweep_shard0,SPT_SMPT,65,3952.98,83,0,0,2181.0,-1.0,-1.0,2,0,83.1,1.5,61.4,0.0,0.0,0.0
2026-09-19 18:36:59,mfsweep_shard0,SPT_SMPT,65,3952.98,84,0,0,2207.3,-1.0,-1.0,2,0,66.7,1.5,35.1,0.0,0.0,0.0
2026-09-19 18:36:59,mfsweep_shard0,SPT_SMPT,65,3952.98,85,0,0,2233.6,-1.0,-1.0,2,0,60.7,1.5,8.8,0.0,0.0,0.0
2026-09-19 18:36:59,mfsweep_shard0,SPT_SMPT,65,3952.98,86,0,0,2259.9,-1.0,-1.0,2,0,86.4,0.0,0.0,0.0,0.0,0.0
2026-09-19 18:36:59,mfsweep_shard0,SPT_SMPT,65,3952.98,87,0,0,2286.1,-1.0,-1.0,2,0,70.3,0.0,0.0,0.0,0.0,0.0
2026-09-19 18:36:59,mfsweep_shard0,SPT_SMPT,65,3952.98,88,0,0,2312.4,-1.0,-1.0,2,0,56.5,0.0,0.0,0.0,0.0,0.0
2026-09-19 18:36:59,mfsweep_shard0,SPT_SMPT,65,3952.98,89,0,0,2338.7,-1.0,-1.0,2,0,55.1,0.0,0.0,0.0,0.0,0.0
2026-09-19 18:36:59,mfsweep_shard0,SPT_SMPT,65,3952.98,90,0,0,2365.0,-1.0,-1.0,2,0,57.1,0.0,0.0,0.0,0.0,0.0
2026-09-19 18:36:59,mfsweep_shard0,SPT_SMPT,65,3952.98,91,0,0,2391.2,-1.0,-1.0,2,0,74.2,0.0,0.0,0.0,0.0,0.0
2026-09-19 18:36:59,mfsweep_shard0,SPT_SMPT,65,3952.98,92,0,0,2417.5,-1.0,-1.0,2,0,79.6,0.0,0.0,0.0,0.0,0.0
2026-09-19 18:36:59,mfsweep_shard0,SPT_SMPT,65,3952.98,93,0,0,2443.8,-1.0,-1.0,2,0,67.4,0.0,0.0,0.0,0.0,0.0
2026-09-19 18:36:59,mfsweep_shard0,SPT_SMPT,65,3952.98,94,0,0,2470.1,-1.0,-1.0,2,0,55.6,0.0,0.0,0.0,0.0,0.0
2026-09-19 18:36:59,mfsweep_shard0,SPT_SMPT,65,3952.98,95,0,0,2496.4,-1.0,-1.0,2,0,66.1,0.0,0.0,0.0,0.0,0.0
2026-09-19 18:36:59,mfsweep_shard0,SPT_SMPT,65,3952.98,96,0,0,2522.6,-1.0,-1.0,2,0,86.4,0.0,0.0,0.0,0.0,0.0
2026-09-19 18:36:59,mfsweep_shard0,SPT_SMPT,65,3952.98,97,0,0,2548.9,-1.0,-1.0,2,0,71.0,0.0,0.0,0.0,0.0,0.0
2026-09-19 18:36:59,mfsweep_shard0,SPT_SMPT,65,3952.98,98,0,0,2575.2,-1.0,-1.0,2,0,85.6,0.0,0.0,0.0,0.0,0.0
2026-09-19 18:36:59,mfsweep_shard0,SPT_SMPT,65,3952.98,99,0,0,2601.5,-1.0,-1.0,2,0,81.9,0.0,0.0,0.0,0.0,0.0
2026-09-19 18:36:59,mfsweep_shard0,SPT_SMPT,65,3952.98,100,0,0,2627.7,-1.0,-1.0,2,0,53.9,0.0,0.0,0.0,0.0,0.0
2026-09-19 18:36:59,mfsweep_shard0,SPT_SMPT,65,3952.98,101,0,0,2654.0,-1.0,-1.0,2,0,77.3,0.0,0.0,0.0,0.0,0.0
2026-09-19 18:36:59,mfsweep_shard0,SPT_SMPT,65,3952.98,102,0,0,2680.3,-1.0,-1.0,2,0,76.0,0.0,0.0,0.0,0.0,0.0
2026-09-19 18:36:59,mfsweep_shard0,SPT_SMPT,65,3952.98,103,0,0,2706.6,-1.0,-1.0,2,0,71.2,0.0,0.0,0.0,0.0,0.0
2026-09-19 18:36:59,mfsweep_shard0,SPT_SMPT,65,3952.98,104,0,0,2732.9,-1.0,-1.0,2,0,62.3,0.0,0.0,0.0,0.0,0.0
2026-09-19 18:36:59,mfsweep_shard0,SPT_SMPT,65,3952.98,105,0,0,2759.1,-1.0,-1.0,2,0,74.7,0.0,0.0,0.0,0.0,0.0
2026-09-19 18:36:59,mfsweep_shard0,SPT_SMPT,65,3952.98,106,0,0,2785.4,-1.0,-1.0,2,0,57.2,0.0,0.0,0.0,0.0,0.0
2026-09-19 18:36:59,mfsweep_shard0,SPT_SMPT,65,3952.98,107,0,0,2811.7,-1.0,-1.0,2,0,67.9,0.0,0.0,0.0,0.0,0.0
2026-09-19 18:36:59,mfsweep_shard0,SPT_SMPT,65,3952.98,108,0,0,2838.0,-1.0,-1.0,2,0,68.5,0.0,0.0,0.0,0.0,0.0
2026-09-19 18:36:59,mfsweep_shard0,SPT_SMPT,65,3952.98,109,0,0,2864.2,-1.0,-1.0,2,0,85.0,0.0,0.0,0.0,0.0,0.0
2026-09-19 18:36:59,mfsweep_shard0,SPT_SMPT,65,3952.98,110,0,0,2890.5,-1.0,-1.0,2,0,82.4,0.0,0.0,0.0,0.0,0.0
2026-09-19 18:36:59,mfsweep_shard0,SPT_SMPT,65,3952.98,111,0,0,2916.8,-1.0,-1.0,2,0,62.2,0.0,0.0,0.0,0.0,0.0
2026-09-19 18:36:59,mfsweep_shard0,SPT_SMPT,65,3952.98,112,0,0,2943.1,-1.0,-1.0,2,0,70.0,0.0,0.0,0.0,0.0,0.0
2026-09-19 18:36:59,mfsweep_shard0,SPT_SMPT,65,3952.98,113,0,0,2969.3,-1.0,-1.0,2,0,59.4,0.0,0.0,0.0,0.0,0.0
2026-09-19 18:36:59,mfsweep_shard0,SPT_SMPT,65,3952.98,114,0,0,2995.6,-1.0,-1.0,2,0,83.6,0.0,0.0,0.0,0.0,0.0
2026-09-19 18:36:59,mfsweep_shard0,SPT_SMPT,65,3952.98,115,0,0,3021.9,-1.0,-1.0,2,0,82.2,0.0,0.0,0.0,0.0,0.0
2026-09-19 18:36:59,mfsweep_shard0,SPT_SMPT,65,3952.98,116,0,0,3048.2,-1.0,-1.0,2,0,63.4,0.0,0.0,0.0,0.0,0.0
2026-09-19 18:36:59,mfsweep_shard0,SPT_SMPT,65,3952.98,117,0,0,3074.5,-1.0,-1.0,2,0,74.6,0.0,0.0,0.0,0.0,0.0
2026-09-19 18:36:59,mfsweep_shard0,SPT_SMPT,65,3952.98,118,0,0,3100.7,-1.0,-1.0,2,0,73.6,0.0,0.0,0.0,0.0,0.0
2026-09-19 18:36:59,mfsweep_shard0,SPT_SMPT,65,3952.98,119,0,0,3127.0,-1.0,-1.0,2,0,58.5,0.0,0.0,0.0,0.0,0.0
2026-09-19 18:36:59,mfsweep_shard0,SPT_SMPT,65,3952.98,120,0,0,3153.3,-1.0,-1.0,2,0,78.7,0.0,0.0,0.0,0.0,0.0
2026-09-19 18:36:59,mfsweep_shard0,SPT_SMPT,65,3952.98,121,0,0,3179.6,-1.0,-1.0,2,0,71.3,0.0,0.0,0.0,0.0,0.0
2026-09-19 18:36:59,mfsweep_shard0,SPT_SMPT,65,3952.98,122,0,0,3205.8,-1.0,-1.0,2,0,79.2,0.0,0.0,0.0,0.0,0.0
2026-09-19 18:36:59,mfsweep_shard0,SPT_SMPT,65,3952.98,123,0,0,3232.1,-1.0,-1.0,2,0,71.0,0.0,0.0,0.0,0.0,0.0
2026-09-19 18:36:59,mfsweep_shard0,SPT_SMPT,65,3952.98,124,0,0,3258.4,-1.0,-1.0,2,0,53.5,0.0,0.0,0.0,0.0,0.0
2026-09-19 18:36:59,mfsweep_shard0,SPT_SMPT,65,3952.98,125,0,0,3284.7,-1.0,-1.0,2,0,64.2,0.0,0.0,0.0,0.0,0.0
2026-09-19 18:36:59,mfsweep_shard0,SPT_SMPT,65,3952.98,126,0,0,3311.0,-1.0,-1.0,2,0,54.1,0.0,0.0,0.0,0.0,0.0
2026-09-19 18:36:59,mfsweep_shard0,SPT_SMPT,65,3952.98,127,0,0,3337.2,-1.0,-1.0,2,0,84.2,0.0,0.0,0.0,0.0,0.0
2026-09-19 18:36:59,mfsweep_shard0,SPT_SMPT,65,3952.98,128,0,0,3363.5,-1.0,-1.0,2,0,82.5,0.0,0.0,0.0,0.0,0.0
2026-09-19 18:36:59,mfsweep_shard0,SPT_SMPT,65,3952.98,129,0,0,3389.8,-1.0,-1.0,2,0,80.9,0.0,0.0,0.0,0.0,0.0
2026-09-19 18:36:59,mfsweep_shard0,SPT_SMPT,65,3952.98,130,0,0,3416.1,-1.0,-1.0,2,0,63.7,0.0,0.0,0.0,0.0,0.0
2026-09-19 18:36:59,mfsweep_shard0,SPT_SMPT,65,3952.98,131,0,0,3442.3,-1.0,-1.0,2,0,55.4,0.0,0.0,0.0,0.0,0.0
2026-09-19 18:36:59,mfsweep_shard0,SPT_SMPT,65,3952.98,132,0,0,3468.6,-1.0,-1.0,2,0,82.5,0.0,0.0,0.0,0.0,0.0
2026-09-19 18:36:59,mfsweep_shard0,SPT_SMPT,65,3952.98,133,0,0,3494.9,-1.0,-1.0,2,0,84.8,0.0,0.0,0.0,0.0,0.0
2026-09-19 18:36:59,mfsweep_shard0,SPT_SMPT,65,3952.98,134,0,0,3521.2,-1.0,-1.0,2,0,56.3,0.0,0.0,0.0,0.0,0.0
2026-09-19 18:36:59,mfsweep_shard0,SPT_SMPT,65,3952.98,135,0,0,3547.5,-1.0,-1.0,2,0,69.5,0.0,0.0,0.0,0.0,0.0
2026-09-19 18:36:59,mfsweep_shard0,SPT_SMPT,65,3952.98,136,0,0,3573.7,-1.0,-1.0,2,0,55.8,0.0,0.0,0.0,0.0,0.0
2026-09-19 18:39:17,mfsweep_shard0,SPT_SMPT,66,3615.06,0,0,1,0.0,231.2,231.2,2,2,74.6,0.0,65.3,91.3,0.0,74.6
2026-09-19 18:39:17,mfsweep_shard0,SPT_SMPT,66,3615.06,1,0,1,26.3,276.7,250.4,2,2,54.4,0.0,73.6,87.4,34.9,54.4
2026-09-19 18:39:17,mfsweep_shard0,SPT_SMPT,66,3615.06,2,0,0,52.6,-1.0,-1.0,2,2,62.6,0.0,2973.9,308.9,91.9,62.6
2026-09-19 18:39:17,mfsweep_shard0,SPT_SMPT,66,3615.06,3,0,1,78.8,329.7,250.8,2,2,60.9,0.0,64.2,108.2,17.5,60.9
2026-09-19 18:39:17,mfsweep_shard0,SPT_SMPT,66,3615.06,4,0,0,105.1,-1.0,-1.0,2,2,77.8,0.0,2931.7,55.0,277.1,77.8
2026-09-19 18:39:17,mfsweep_shard0,SPT_SMPT,66,3615.06,5,0,0,131.4,-1.0,-1.0,2,2,75.9,0.0,3190.9,57.6,31.6,75.9
2026-09-19 18:39:17,mfsweep_shard0,SPT_SMPT,66,3615.06,6,0,0,157.7,-1.0,-1.0,2,2,83.0,0.0,315.4,2787.6,254.4,83.0
2026-09-19 18:39:17,mfsweep_shard0,SPT_SMPT,66,3615.06,7,0,0,183.9,-1.0,-1.0,2,2,56.4,0.0,3140.0,72.7,17.2,56.4
2026-09-19 18:39:17,mfsweep_shard0,SPT_SMPT,66,3615.06,8,0,0,210.2,-1.0,-1.0,2,2,67.5,0.0,3157.6,96.1,39.9,67.5
2026-09-19 18:39:17,mfsweep_shard0,SPT_SMPT,66,3615.06,9,0,0,236.5,-1.0,-1.0,2,2,54.5,0.0,3072.1,82.8,35.7,54.5
2026-09-19 18:39:17,mfsweep_shard0,SPT_SMPT,66,3615.06,10,0,0,262.8,-1.0,-1.0,2,1,60.7,0.0,3250.2,51.1,0.0,15.0
2026-09-19 18:39:17,mfsweep_shard0,SPT_SMPT,66,3615.06,11,0,0,289.1,-1.0,-1.0,2,1,70.2,0.3,3031.6,243.2,0.0,15.0
2026-09-19 18:39:17,mfsweep_shard0,SPT_SMPT,66,3615.06,12,0,0,315.3,-1.0,-1.0,2,1,54.4,0.5,3003.1,245.2,0.0,15.0
2026-09-19 18:39:17,mfsweep_shard0,SPT_SMPT,66,3615.06,13,0,0,341.6,-1.0,-1.0,2,0,60.1,0.0,2721.9,335.3,0.0,0.0
2026-09-19 18:39:17,mfsweep_shard0,SPT_SMPT,66,3615.06,14,0,0,367.9,-1.0,-1.0,2,0,75.0,0.2,2723.5,307.3,0.0,0.0
2026-09-19 18:39:17,mfsweep_shard0,SPT_SMPT,66,3615.06,15,0,0,394.2,-1.0,-1.0,2,0,71.5,0.4,2715.0,289.3,0.0,0.0
2026-09-19 18:39:17,mfsweep_shard0,SPT_SMPT,66,3615.06,16,0,0,420.4,-1.0,-1.0,2,0,60.8,0.0,87.4,0.0,0.0,0.0
2026-09-19 18:39:17,mfsweep_shard0,SPT_SMPT,66,3615.06,17,0,0,446.7,-1.0,-1.0,2,0,73.0,0.0,0.0,0.0,0.0,0.0
2026-09-19 18:39:17,mfsweep_shard0,SPT_SMPT,66,3615.06,18,0,0,473.0,-1.0,-1.0,2,0,80.2,0.0,0.0,0.0,0.0,0.0
2026-09-19 18:39:17,mfsweep_shard0,SPT_SMPT,66,3615.06,19,0,0,499.3,-1.0,-1.0,2,0,53.7,0.0,0.0,0.0,0.0,0.0
2026-09-19 18:39:17,mfsweep_shard0,SPT_SMPT,66,3615.06,20,0,0,525.6,-1.0,-1.0,2,0,80.1,0.0,0.0,0.0,0.0,0.0
2026-09-19 18:39:17,mfsweep_shard0,SPT_SMPT,66,3615.06,21,0,0,551.8,-1.0,-1.0,2,0,76.5,0.0,0.0,0.0,0.0,0.0
2026-09-19 18:39:17,mfsweep_shard0,SPT_SMPT,66,3615.06,22,0,0,578.1,-1.0,-1.0,2,0,64.7,0.0,0.0,0.0,0.0,0.0
2026-09-19 18:39:17,mfsweep_shard0,SPT_SMPT,66,3615.06,23,0,0,604.4,-1.0,-1.0,2,0,58.6,0.0,0.0,0.0,0.0,0.0
2026-09-19 18:39:17,mfsweep_shard0,SPT_SMPT,66,3615.06,24,0,0,630.7,-1.0,-1.0,2,0,85.1,0.0,0.0,0.0,0.0,0.0
2026-09-19 18:39:17,mfsweep_shard0,SPT_SMPT,66,3615.06,25,0,0,656.9,-1.0,-1.0,2,0,64.6,0.0,0.0,0.0,0.0,0.0
2026-09-19 18:39:17,mfsweep_shard0,SPT_SMPT,66,3615.06,26,0,0,683.2,-1.0,-1.0,2,0,56.6,0.0,0.0,0.0,0.0,0.0
2026-09-19 18:39:17,mfsweep_shard0,SPT_SMPT,66,3615.06,27,0,0,709.5,-1.0,-1.0,2,0,56.7,0.0,0.0,0.0,0.0,0.0
2026-09-19 18:39:17,mfsweep_shard0,SPT_SMPT,66,3615.06,28,0,0,735.8,-1.0,-1.0,2,0,81.5,0.0,0.0,0.0,0.0,0.0
2026-09-19 18:39:17,mfsweep_shard0,SPT_SMPT,66,3615.06,29,0,0,762.0,-1.0,-1.0,2,0,73.4,0.0,0.0,0.0,0.0,0.0
2026-09-19 18:39:17,mfsweep_shard0,SPT_SMPT,66,3615.06,30,0,0,788.3,-1.0,-1.0,2,0,80.1,0.0,0.0,0.0,0.0,0.0
2026-09-19 18:39:17,mfsweep_shard0,SPT_SMPT,66,3615.06,31,0,0,814.6,-1.0,-1.0,2,0,77.6,0.0,0.0,0.0,0.0,0.0
2026-09-19 18:39:17,mfsweep_shard0,SPT_SMPT,66,3615.06,32,0,0,840.9,-1.0,-1.0,2,0,71.2,0.0,0.0,0.0,0.0,0.0
2026-09-19 18:39:17,mfsweep_shard0,SPT_SMPT,66,3615.06,33,0,0,867.2,-1.0,-1.0,2,0,85.6,0.0,0.0,0.0,0.0,0.0
2026-09-19 18:39:17,mfsweep_shard0,SPT_SMPT,66,3615.06,34,0,0,893.4,-1.0,-1.0,2,0,66.0,0.0,0.0,0.0,0.0,0.0
2026-09-19 18:39:17,mfsweep_shard0,SPT_SMPT,66,3615.06,35,0,0,919.7,-1.0,-1.0,2,0,71.7,0.0,0.0,0.0,0.0,0.0
2026-09-19 18:39:17,mfsweep_shard0,SPT_SMPT,66,3615.06,36,0,0,946.0,-1.0,-1.0,2,0,80.9,0.0,0.0,0.0,0.0,0.0
2026-09-19 18:39:17,mfsweep_shard0,SPT_SMPT,66,3615.06,37,0,0,972.3,-1.0,-1.0,2,0,73.9,0.0,0.0,0.0,0.0,0.0
2026-09-19 18:39:17,mfsweep_shard0,SPT_SMPT,66,3615.06,38,0,0,998.5,-1.0,-1.0,2,0,81.9,0.0,0.0,0.0,0.0,0.0
2026-09-19 18:39:17,mfsweep_shard0,SPT_SMPT,66,3615.06,39,0,0,1024.8,-1.0,-1.0,2,0,72.6,0.0,0.0,0.0,0.0,0.0
2026-09-19 18:39:17,mfsweep_shard0,SPT_SMPT,66,3615.06,40,0,0,1051.1,-1.0,-1.0,2,0,76.8,0.0,0.0,0.0,0.0,0.0
2026-09-19 18:39:17,mfsweep_shard0,SPT_SMPT,66,3615.06,41,0,0,1077.4,-1.0,-1.0,2,0,55.0,0.0,0.0,0.0,0.0,0.0
2026-09-19 18:39:17,mfsweep_shard0,SPT_SMPT,66,3615.06,42,0,0,1103.7,-1.0,-1.0,2,0,61.0,0.0,0.0,0.0,0.0,0.0
2026-09-19 18:39:17,mfsweep_shard0,SPT_SMPT,66,3615.06,43,0,0,1129.9,-1.0,-1.0,2,0,63.1,0.0,0.0,0.0,0.0,0.0
2026-09-19 18:39:17,mfsweep_shard0,SPT_SMPT,66,3615.06,44,0,0,1156.2,-1.0,-1.0,2,0,56.1,0.0,0.0,0.0,0.0,0.0
2026-09-19 18:39:17,mfsweep_shard0,SPT_SMPT,66,3615.06,45,0,0,1182.5,-1.0,-1.0,2,0,61.2,0.0,0.0,0.0,0.0,0.0
2026-09-19 18:39:17,mfsweep_shard0,SPT_SMPT,66,3615.06,46,0,0,1208.8,-1.0,-1.0,2,0,56.8,0.0,0.0,0.0,0.0,0.0
2026-09-19 18:39:17,mfsweep_shard0,SPT_SMPT,66,3615.06,47,0,0,1235.0,-1.0,-1.0,2,0,62.7,0.0,0.0,0.0,0.0,0.0
2026-09-19 18:39:17,mfsweep_shard0,SPT_SMPT,66,3615.06,48,0,0,1261.3,-1.0,-1.0,2,0,74.5,0.0,0.0,0.0,0.0,0.0
2026-09-19 18:39:17,mfsweep_shard0,SPT_SMPT,66,3615.06,49,0,0,1287.6,-1.0,-1.0,2,0,65.5,0.0,0.0,0.0,0.0,0.0
2026-09-19 18:39:17,mfsweep_shard0,SPT_SMPT,66,3615.06,50,0,0,1313.9,-1.0,-1.0,2,0,65.7,0.0,0.0,0.0,0.0,0.0
2026-09-19 18:39:17,mfsweep_shard0,SPT_SMPT,66,3615.06,51,0,0,1340.2,-1.0,-1.0,2,0,60.4,0.0,0.0,0.0,0.0,0.0
2026-09-19 18:39:17,mfsweep_shard0,SPT_SMPT,66,3615.06,52,0,0,1366.4,-1.0,-1.0,2,0,62.3,0.0,0.0,0.0,0.0,0.0
2026-09-19 18:39:17,mfsweep_shard0,SPT_SMPT,66,3615.06,53,0,0,1392.7,-1.0,-1.0,2,0,84.4,0.0,0.0,0.0,0.0,0.0
2026-09-19 18:39:17,mfsweep_shard0,SPT_SMPT,66,3615.06,54,0,0,1419.0,-1.0,-1.0,2,0,74.9,0.0,0.0,0.0,0.0,0.0
2026-09-19 18:39:17,mfsweep_shard0,SPT_SMPT,66,3615.06,55,0,0,1445.3,-1.0,-1.0,2,0,73.6,0.0,0.0,0.0,0.0,0.0
2026-09-19 18:39:17,mfsweep_shard0,SPT_SMPT,66,3615.06,56,0,0,1471.5,-1.0,-1.0,2,0,59.2,0.0,0.0,0.0,0.0,0.0
2026-09-19 18:39:17,mfsweep_shard0,SPT_SMPT,66,3615.06,57,0,0,1497.8,-1.0,-1.0,2,0,77.6,0.0,0.0,0.0,0.0,0.0
2026-09-19 18:39:17,mfsweep_shard0,SPT_SMPT,66,3615.06,58,0,0,1524.1,-1.0,-1.0,2,0,58.9,0.0,0.0,0.0,0.0,0.0
2026-09-19 18:39:17,mfsweep_shard0,SPT_SMPT,66,3615.06,59,0,0,1550.4,-1.0,-1.0,2,0,66.0,0.0,0.0,0.0,0.0,0.0
2026-09-19 18:39:17,mfsweep_shard0,SPT_SMPT,66,3615.06,60,0,0,1576.6,-1.0,-1.0,2,0,86.2,0.0,0.0,0.0,0.0,0.0
2026-09-19 18:39:17,mfsweep_shard0,SPT_SMPT,66,3615.06,61,0,0,1602.9,-1.0,-1.0,2,0,74.6,0.0,0.0,0.0,0.0,0.0
2026-09-19 18:39:17,mfsweep_shard0,SPT_SMPT,66,3615.06,62,0,0,1629.2,-1.0,-1.0,2,0,71.9,0.0,0.0,0.0,0.0,0.0
2026-09-19 18:39:17,mfsweep_shard0,SPT_SMPT,66,3615.06,63,0,0,1655.5,-1.0,-1.0,2,0,76.1,0.0,0.0,0.0,0.0,0.0
2026-09-19 18:39:17,mfsweep_shard0,SPT_SMPT,66,3615.06,64,0,0,1681.8,-1.0,-1.0,2,0,81.3,0.0,0.0,0.0,0.0,0.0
2026-09-19 18:39:17,mfsweep_shard0,SPT_SMPT,66,3615.06,65,0,0,1708.0,-1.0,-1.0,2,0,79.1,0.0,0.0,0.0,0.0,0.0
2026-09-19 18:39:17,mfsweep_shard0,SPT_SMPT,66,3615.06,66,0,0,1734.3,-1.0,-1.0,2,0,61.1,0.0,0.0,0.0,0.0,0.0
2026-09-19 18:39:17,mfsweep_shard0,SPT_SMPT,66,3615.06,67,0,0,1760.6,-1.0,-1.0,2,0,54.6,0.0,0.0,0.0,0.0,0.0
2026-09-19 18:39:17,mfsweep_shard0,SPT_SMPT,66,3615.06,68,0,0,1786.9,-1.0,-1.0,2,0,63.9,0.0,0.0,0.0,0.0,0.0
2026-09-19 18:39:17,mfsweep_shard0,SPT_SMPT,66,3615.06,69,0,0,1813.1,-1.0,-1.0,2,0,62.3,0.0,0.0,0.0,0.0,0.0
2026-09-19 18:39:17,mfsweep_shard0,SPT_SMPT,66,3615.06,70,0,0,1839.4,-1.0,-1.0,2,0,60.5,0.0,0.0,0.0,0.0,0.0
2026-09-19 18:39:17,mfsweep_shard0,SPT_SMPT,66,3615.06,71,0,0,1865.7,-1.0,-1.0,2,0,84.6,0.0,0.0,0.0,0.0,0.0
2026-09-19 18:39:17,mfsweep_shard0,SPT_SMPT,66,3615.06,72,0,0,1892.0,-1.0,-1.0,2,0,82.4,0.0,0.0,0.0,0.0,0.0
2026-09-19 18:39:17,mfsweep_shard0,SPT_SMPT,66,3615.06,73,0,0,1918.3,-1.0,-1.0,2,0,63.9,0.0,0.0,0.0,0.0,0.0
2026-09-19 18:39:17,mfsweep_shard0,SPT_SMPT,66,3615.06,74,0,0,1944.5,-1.0,-1.0,2,0,75.1,0.0,0.0,0.0,0.0,0.0
2026-09-19 18:39:17,mfsweep_shard0,SPT_SMPT,66,3615.06,75,0,0,1970.8,-1.0,-1.0,2,0,66.6,0.0,0.0,0.0,0.0,0.0
2026-09-19 18:39:17,mfsweep_shard0,SPT_SMPT,66,3615.06,76,0,0,1997.1,-1.0,-1.0,2,0,83.7,0.0,0.0,0.0,0.0,0.0
2026-09-19 18:39:17,mfsweep_shard0,SPT_SMPT,66,3615.06,77,0,0,2023.4,-1.0,-1.0,2,0,68.6,0.0,0.0,0.0,0.0,0.0
2026-09-19 18:39:17,mfsweep_shard0,SPT_SMPT,66,3615.06,78,0,0,2049.6,-1.0,-1.0,2,0,62.2,0.0,0.0,0.0,0.0,0.0
2026-09-19 18:39:17,mfsweep_shard0,SPT_SMPT,66,3615.06,79,0,0,2075.9,-1.0,-1.0,2,0,61.6,0.0,0.0,0.0,0.0,0.0
2026-09-19 18:39:17,mfsweep_shard0,SPT_SMPT,66,3615.06,80,0,0,2102.2,-1.0,-1.0,2,0,72.0,0.0,0.0,0.0,0.0,0.0
2026-09-19 18:39:17,mfsweep_shard0,SPT_SMPT,66,3615.06,81,0,0,2128.5,-1.0,-1.0,2,0,62.2,0.0,0.0,0.0,0.0,0.0
2026-09-19 18:39:17,mfsweep_shard0,SPT_SMPT,66,3615.06,82,0,0,2154.7,-1.0,-1.0,2,0,72.8,0.0,0.0,0.0,0.0,0.0
2026-09-19 18:39:17,mfsweep_shard0,SPT_SMPT,66,3615.06,83,0,0,2181.0,-1.0,-1.0,2,0,83.1,0.0,0.0,0.0,0.0,0.0
2026-09-19 18:39:17,mfsweep_shard0,SPT_SMPT,66,3615.06,84,0,0,2207.3,-1.0,-1.0,2,0,66.7,0.0,0.0,0.0,0.0,0.0
2026-09-19 18:39:17,mfsweep_shard0,SPT_SMPT,66,3615.06,85,0,0,2233.6,-1.0,-1.0,2,0,60.7,0.0,0.0,0.0,0.0,0.0
2026-09-19 18:39:17,mfsweep_shard0,SPT_SMPT,66,3615.06,86,0,0,2259.9,-1.0,-1.0,2,0,86.4,0.0,0.0,0.0,0.0,0.0
2026-09-19 18:39:17,mfsweep_shard0,SPT_SMPT,66,3615.06,87,0,0,2286.1,-1.0,-1.0,2,0,70.3,0.0,0.0,0.0,0.0,0.0
2026-09-19 18:39:17,mfsweep_shard0,SPT_SMPT,66,3615.06,88,0,0,2312.4,-1.0,-1.0,2,0,56.5,0.0,0.0,0.0,0.0,0.0
2026-09-19 18:39:17,mfsweep_shard0,SPT_SMPT,66,3615.06,89,0,0,2338.7,-1.0,-1.0,2,0,55.1,0.0,0.0,0.0,0.0,0.0
2026-09-19 18:39:17,mfsweep_shard0,SPT_SMPT,66,3615.06,90,0,0,2365.0,-1.0,-1.0,2,0,57.1,0.0,0.0,0.0,0.0,0.0
2026-09-19 18:39:17,mfsweep_shard0,SPT_SMPT,66,3615.06,91,0,0,2391.2,-1.0,-1.0,2,0,74.2,0.0,0.0,0.0,0.0,0.0
2026-09-19 18:39:17,mfsweep_shard0,SPT_SMPT,66,3615.06,92,0,0,2417.5,-1.0,-1.0,2,0,79.6,0.0,0.0,0.0,0.0,0.0
2026-09-19 18:39:17,mfsweep_shard0,SPT_SMPT,66,3615.06,93,0,0,2443.8,-1.0,-1.0,2,0,67.4,0.0,0.0,0.0,0.0,0.0
2026-09-19 18:39:17,mfsweep_shard0,SPT_SMPT,66,3615.06,94,0,0,2470.1,-1.0,-1.0,2,0,55.6,0.0,0.0,0.0,0.0,0.0
2026-09-19 18:39:17,mfsweep_shard0,SPT_SMPT,66,3615.06,95,0,0,2496.4,-1.0,-1.0,2,0,66.1,0.0,0.0,0.0,0.0,0.0
2026-09-19 18:39:17,mfsweep_shard0,SPT_SMPT,66,3615.06,96,0,0,2522.6,-1.0,-1.0,2,0,86.4,0.0,0.0,0.0,0.0,0.0
2026-09-19 18:39:17,mfsweep_shard0,SPT_SMPT,66,3615.06,97,0,0,2548.9,-1.0,-1.0,2,0,71.0,0.0,0.0,0.0,0.0,0.0
2026-09-19 18:39:17,mfsweep_shard0,SPT_SMPT,66,3615.06,98,0,0,2575.2,-1.0,-1.0,2,0,85.6,0.0,0.0,0.0,0.0,0.0
2026-09-19 18:39:17,mfsweep_shard0,SPT_SMPT,66,3615.06,99,0,0,2601.5,-1.0,-1.0,2,0,81.9,0.0,0.0,0.0,0.0,0.0
2026-09-19 18:39:17,mfsweep_shard0,SPT_SMPT,66,3615.06,100,0,0,2627.7,-1.0,-1.0,2,0,53.9,0.0,0.0,0.0,0.0,0.0
2026-09-19 18:39:17,mfsweep_shard0,SPT_SMPT,66,3615.06,101,0,0,2654.0,-1.0,-1.0,2,0,77.3,0.0,0.0,0.0,0.0,0.0
2026-09-19 18:39:17,mfsweep_shard0,SPT_SMPT,66,3615.06,102,0,0,2680.3,-1.0,-1.0,2,0,76.0,0.0,0.0,0.0,0.0,0.0
2026-09-19 18:39:17,mfsweep_shard0,SPT_SMPT,66,3615.06,103,0,0,2706.6,-1.0,-1.0,2,0,71.2,0.0,0.0,0.0,0.0,0.0
2026-09-19 18:39:17,mfsweep_shard0,SPT_SMPT,66,3615.06,104,0,0,2732.9,-1.0,-1.0,2,0,62.3,0.0,0.0,0.0,0.0,0.0
2026-09-19 18:39:17,mfsweep_shard0,SPT_SMPT,66,3615.06,105,0,0,2759.1,-1.0,-1.0,2,0,74.7,0.0,0.0,0.0,0.0,0.0
2026-09-19 18:39:17,mfsweep_shard0,SPT_SMPT,66,3615.06,106,0,0,2785.4,-1.0,-1.0,2,0,57.2,0.0,0.0,0.0,0.0,0.0
2026-09-19 18:39:17,mfsweep_shard0,SPT_SMPT,66,3615.06,107,0,0,2811.7,-1.0,-1.0,2,0,67.9,0.0,0.0,0.0,0.0,0.0
2026-09-19 18:39:17,mfsweep_shard0,SPT_SMPT,66,3615.06,108,0,0,2838.0,-1.0,-1.0,2,0,68.5,0.0,0.0,0.0,0.0,0.0
2026-09-19 18:39:17,mfsweep_shard0,SPT_SMPT,66,3615.06,109,0,0,2864.2,-1.0,-1.0,2,0,85.0,0.0,0.0,0.0,0.0,0.0
2026-09-19 18:39:17,mfsweep_shard0,SPT_SMPT,66,3615.06,110,0,0,2890.5,-1.0,-1.0,2,0,82.4,0.0,0.0,0.0,0.0,0.0
2026-09-19 18:39:17,mfsweep_shard0,SPT_SMPT,66,3615.06,111,0,0,2916.8,-1.0,-1.0,2,0,62.2,0.0,0.0,0.0,0.0,0.0
2026-09-19 18:39:17,mfsweep_shard0,SPT_SMPT,66,3615.06,112,0,0,2943.1,-1.0,-1.0,2,0,70.0,0.0,0.0,0.0,0.0,0.0
2026-09-19 18:39:17,mfsweep_shard0,SPT_SMPT,66,3615.06,113,0,0,2969.3,-1.0,-1.0,2,0,59.4,0.0,0.0,0.0,0.0,0.0
2026-09-19 18:39:17,mfsweep_shard0,SPT_SMPT,66,3615.06,114,0,0,2995.6,-1.0,-1.0,2,0,83.6,0.0,0.0,0.0,0.0,0.0
2026-09-19 18:39:17,mfsweep_shard0,SPT_SMPT,66,3615.06,115,0,0,3021.9,-1.0,-1.0,2,0,82.2,0.0,0.0,0.0,0.0,0.0
2026-09-19 18:39:17,mfsweep_shard0,SPT_SMPT,66,3615.06,116,0,0,3048.2,-1.0,-1.0,2,0,63.4,0.0,0.0,0.0,0.0,0.0
2026-09-19 18:39:17,mfsweep_shard0,SPT_SMPT,66,3615.06,117,0,0,3074.5,-1.0,-1.0,2,0,74.6,0.0,0.0,0.0,0.0,0.0
2026-09-19 18:39:17,mfsweep_shard0,SPT_SMPT,66,3615.06,118,0,0,3100.7,-1.0,-1.0,2,0,73.6,0.0,0.0,0.0,0.0,0.0
2026-09-19 18:39:17,mfsweep_shard0,SPT_SMPT,66,3615.06,119,0,0,3127.0,-1.0,-1.0,2,0,58.5,0.0,0.0,0.0,0.0,0.0
2026-09-19 18:39:17,mfsweep_shard0,SPT_SMPT,66,3615.06,120,0,0,3153.3,-1.0,-1.0,2,0,78.7,0.0,0.0,0.0,0.0,0.0
2026-09-19 18:39:17,mfsweep_shard0,SPT_SMPT,66,3615.06,121,0,0,3179.6,-1.0,-1.0,2,0,71.3,0.0,0.0,0.0,0.0,0.0
2026-09-19 18:39:17,mfsweep_shard0,SPT_SMPT,66,3615.06,122,0,0,3205.8,-1.0,-1.0,2,0,79.2,0.0,0.0,0.0,0.0,0.0
2026-09-19 18:39:17,mfsweep_shard0,SPT_SMPT,66,3615.06,123,0,0,3232.1,-1.0,-1.0,2,0,71.0,0.0,0.0,0.0,0.0,0.0
2026-09-19 18:39:17,mfsweep_shard0,SPT_SMPT,66,3615.06,124,0,0,3258.4,-1.0,-1.0,2,0,53.5,0.0,0.0,0.0,0.0,0.0
2026-09-19 18:39:17,mfsweep_shard0,SPT_SMPT,66,3615.06,125,0,0,3284.7,-1.0,-1.0,2,0,64.2,0.0,0.0,0.0,0.0,0.0
2026-09-19 18:39:17,mfsweep_shard0,SPT_SMPT,66,3615.06,126,0,0,3311.0,-1.0,-1.0,2,0,54.1,0.0,0.0,0.0,0.0,0.0
2026-09-19 18:39:17,mfsweep_shard0,SPT_SMPT,66,3615.06,127,0,0,3337.2,-1.0,-1.0,2,0,84.2,0.0,0.0,0.0,0.0,0.0
2026-09-19 18:39:17,mfsweep_shard0,SPT_SMPT,66,3615.06,128,0,0,3363.5,-1.0,-1.0,2,0,82.5,0.0,0.0,0.0,0.0,0.0
2026-09-19 18:39:17,mfsweep_shard0,SPT_SMPT,66,3615.06,129,0,0,3389.8,-1.0,-1.0,2,0,80.9,0.0,0.0,0.0,0.0,0.0
2026-09-19 18:39:17,mfsweep_shard0,SPT_SMPT,66,3615.06,130,0,0,3416.1,-1.0,-1.0,2,0,63.7,0.0,0.0,0.0,0.0,0.0
2026-09-19 18:39:17,mfsweep_shard0,SPT_SMPT,66,3615.06,131,0,0,3442.3,-1.0,-1.0,2,0,55.4,0.0,0.0,0.0,0.0,0.0
2026-09-19 18:39:17,mfsweep_shard0,SPT_SMPT,66,3615.06,132,0,0,3468.6,-1.0,-1.0,2,0,82.5,0.0,0.0,0.0,0.0,0.0
2026-09-19 18:39:17,mfsweep_shard0,SPT_SMPT,66,3615.06,133,0,0,3494.9,-1.0,-1.0,2,0,84.8,0.0,0.0,0.0,0.0,0.0
2026-09-19 18:39:17,mfsweep_shard0,SPT_SMPT,66,3615.06,134,0,0,3521.2,-1.0,-1.0,2,0,56.3,0.0,0.0,0.0,0.0,0.0
2026-09-19 18:39:17,mfsweep_shard0,SPT_SMPT,66,3615.06,135,0,0,3547.5,-1.0,-1.0,2,0,69.5,0.0,0.0,0.0,0.0,0.0
2026-09-19 18:39:17,mfsweep_shard0,SPT_SMPT,66,3615.06,136,0,0,3573.7,-1.0,-1.0,2,0,55.8,0.0,0.0,0.0,0.0,0.0
2026-09-19 18:42:24,mfsweep_shard0,SPT_SMPT,67,4912.52,0,0,1,0.0,232.9,232.9,2,2,74.6,0.0,74.0,84.2,0.0,74.6
2026-09-19 18:42:24,mfsweep_shard0,SPT_SMPT,67,4912.52,1,0,1,26.3,283.4,257.1,2,2,54.4,0.0,88.2,93.6,20.9,54.4
2026-09-19 18:42:24,mfsweep_shard0,SPT_SMPT,67,4912.52,2,0,0,52.6,-1.0,-1.0,2,2,62.6,0.0,4424.7,270.9,84.6,62.6
2026-09-19 18:42:24,mfsweep_shard0,SPT_SMPT,67,4912.52,3,0,1,78.8,345.5,266.7,2,2,60.9,0.0,90.4,105.0,10.2,60.9
2026-09-19 18:42:24,mfsweep_shard0,SPT_SMPT,67,4912.52,4,0,0,105.1,-1.0,-1.0,2,2,77.8,0.0,4392.6,54.7,269.3,77.8
2026-09-19 18:42:24,mfsweep_shard0,SPT_SMPT,67,4912.52,5,0,0,131.4,-1.0,-1.0,2,2,75.9,0.0,4207.3,302.3,22.5,75.9
2026-09-19 18:42:24,mfsweep_shard0,SPT_SMPT,67,4912.52,6,0,0,157.7,-1.0,-1.0,2,2,83.0,0.0,4034.7,247.8,245.2,121.0
2026-09-19 18:42:24,mfsweep_shard0,SPT_SMPT,67,4912.52,7,0,0,183.9,-1.0,-1.0,2,2,56.4,0.0,4406.3,65.9,19.7,56.4
2026-09-19 18:42:24,mfsweep_shard0,SPT_SMPT,67,4912.52,8,0,0,210.2,-1.0,-1.0,2,2,67.5,0.0,4353.4,106.5,26.3,67.5
2026-09-19 18:42:24,mfsweep_shard0,SPT_SMPT,67,4912.52,9,0,0,236.5,-1.0,-1.0,2,2,54.5,0.0,1786.0,2824.0,8.9,54.5
2026-09-19 18:42:24,mfsweep_shard0,SPT_SMPT,67,4912.52,10,0,0,262.8,-1.0,-1.0,2,1,60.7,0.1,3790.6,766.3,0.0,15.0
2026-09-19 18:42:24,mfsweep_shard0,SPT_SMPT,67,4912.52,11,0,0,289.1,-1.0,-1.0,2,1,70.2,0.3,3598.5,932.0,0.0,15.0
2026-09-19 18:42:24,mfsweep_shard0,SPT_SMPT,67,4912.52,12,0,0,315.3,-1.0,-1.0,2,0,54.4,0.0,3929.2,421.2,0.0,0.0
2026-09-19 18:42:24,mfsweep_shard0,SPT_SMPT,67,4912.52,13,0,0,341.6,-1.0,-1.0,2,0,60.1,0.3,3596.8,869.4,0.0,0.0
2026-09-19 18:42:24,mfsweep_shard0,SPT_SMPT,67,4912.52,14,0,0,367.9,-1.0,-1.0,2,0,75.0,0.4,3873.9,205.6,0.0,0.0
2026-09-19 18:42:24,mfsweep_shard0,SPT_SMPT,67,4912.52,15,0,0,394.2,-1.0,-1.0,2,0,71.5,0.5,4053.2,0.0,0.0,0.0
2026-09-19 18:42:24,mfsweep_shard0,SPT_SMPT,67,4912.52,16,0,0,420.4,-1.0,-1.0,2,0,60.8,0.7,4026.8,0.0,0.0,0.0
2026-09-19 18:42:24,mfsweep_shard0,SPT_SMPT,67,4912.52,17,0,0,446.7,-1.0,-1.0,2,0,73.0,0.4,4000.7,0.0,0.0,0.0
2026-09-19 18:42:24,mfsweep_shard0,SPT_SMPT,67,4912.52,18,0,0,473.0,-1.0,-1.0,2,0,80.2,0.4,4154.6,0.0,0.0,0.0
2026-09-19 18:42:24,mfsweep_shard0,SPT_SMPT,67,4912.52,19,0,0,499.3,-1.0,-1.0,2,0,53.7,0.4,801.5,0.0,0.0,0.0
2026-09-19 18:42:24,mfsweep_shard0,SPT_SMPT,67,4912.52,20,0,0,525.6,-1.0,-1.0,2,0,80.1,0.5,775.1,0.0,0.0,0.0
2026-09-19 18:42:24,mfsweep_shard0,SPT_SMPT,67,4912.52,21,0,0,551.8,-1.0,-1.0,2,0,76.5,0.6,748.8,0.0,0.0,0.0
2026-09-19 18:42:24,mfsweep_shard0,SPT_SMPT,67,4912.52,22,0,0,578.1,-1.0,-1.0,2,0,64.7,0.6,722.5,0.0,0.0,0.0
2026-09-19 18:42:24,mfsweep_shard0,SPT_SMPT,67,4912.52,23,0,0,604.4,-1.0,-1.0,2,0,58.6,0.7,696.2,0.0,0.0,0.0
2026-09-19 18:42:24,mfsweep_shard0,SPT_SMPT,67,4912.52,24,0,0,630.7,-1.0,-1.0,2,0,85.1,0.7,669.9,0.0,0.0,0.0
2026-09-19 18:42:24,mfsweep_shard0,SPT_SMPT,67,4912.52,25,0,0,656.9,-1.0,-1.0,2,0,64.6,0.5,643.8,0.0,0.0,0.0
2026-09-19 18:42:24,mfsweep_shard0,SPT_SMPT,67,4912.52,26,0,0,683.2,-1.0,-1.0,2,0,56.6,0.3,617.8,0.0,0.0,0.0
2026-09-19 18:42:24,mfsweep_shard0,SPT_SMPT,67,4912.52,27,0,0,709.5,-1.0,-1.0,2,0,56.7,0.3,591.5,0.0,0.0,0.0
2026-09-19 18:42:24,mfsweep_shard0,SPT_SMPT,67,4912.52,28,0,0,735.8,-1.0,-1.0,2,0,81.5,0.3,565.2,0.0,0.0,0.0
2026-09-19 18:42:24,mfsweep_shard0,SPT_SMPT,67,4912.52,29,0,0,762.0,-1.0,-1.0,2,0,73.4,0.4,538.9,0.0,0.0,0.0
2026-09-19 18:42:24,mfsweep_shard0,SPT_SMPT,67,4912.52,30,0,0,788.3,-1.0,-1.0,2,0,80.1,0.4,512.7,0.0,0.0,0.0
2026-09-19 18:42:24,mfsweep_shard0,SPT_SMPT,67,4912.52,31,0,0,814.6,-1.0,-1.0,2,0,77.6,0.4,486.4,0.0,0.0,0.0
2026-09-19 18:42:24,mfsweep_shard0,SPT_SMPT,67,4912.52,32,0,0,840.9,-1.0,-1.0,2,0,71.2,0.4,460.1,0.0,0.0,0.0
2026-09-19 18:42:24,mfsweep_shard0,SPT_SMPT,67,4912.52,33,0,0,867.2,-1.0,-1.0,2,0,85.6,0.4,433.8,0.0,0.0,0.0
2026-09-19 18:42:24,mfsweep_shard0,SPT_SMPT,67,4912.52,34,0,0,893.4,-1.0,-1.0,2,0,66.0,0.5,407.6,0.0,0.0,0.0
2026-09-19 18:42:24,mfsweep_shard0,SPT_SMPT,67,4912.52,35,0,0,919.7,-1.0,-1.0,2,0,71.7,0.5,381.3,0.0,0.0,0.0
2026-09-19 18:42:24,mfsweep_shard0,SPT_SMPT,67,4912.52,36,0,0,946.0,-1.0,-1.0,2,0,80.9,0.5,355.0,0.0,0.0,0.0
2026-09-19 18:42:24,mfsweep_shard0,SPT_SMPT,67,4912.52,37,0,0,972.3,-1.0,-1.0,2,0,73.9,0.5,328.7,0.0,0.0,0.0
2026-09-19 18:42:24,mfsweep_shard0,SPT_SMPT,67,4912.52,38,0,0,998.5,-1.0,-1.0,2,0,81.9,0.6,302.4,0.0,0.0,0.0
2026-09-19 18:42:24,mfsweep_shard0,SPT_SMPT,67,4912.52,39,0,0,1024.8,-1.0,-1.0,2,0,72.6,0.6,276.2,0.0,0.0,0.0
2026-09-19 18:42:24,mfsweep_shard0,SPT_SMPT,67,4912.52,40,0,0,1051.1,-1.0,-1.0,2,0,76.8,0.6,249.9,0.0,0.0,0.0
2026-09-19 18:42:24,mfsweep_shard0,SPT_SMPT,67,4912.52,41,0,0,1077.4,-1.0,-1.0,2,0,55.0,0.6,223.6,0.0,0.0,0.0
2026-09-19 18:42:24,mfsweep_shard0,SPT_SMPT,67,4912.52,42,0,0,1103.7,-1.0,-1.0,2,0,61.0,0.6,197.3,0.0,0.0,0.0
2026-09-19 18:42:24,mfsweep_shard0,SPT_SMPT,67,4912.52,43,0,0,1129.9,-1.0,-1.0,2,0,63.1,0.6,171.1,0.0,0.0,0.0
2026-09-19 18:42:24,mfsweep_shard0,SPT_SMPT,67,4912.52,44,0,0,1156.2,-1.0,-1.0,2,0,56.1,0.7,144.8,0.0,0.0,0.0
2026-09-19 18:42:24,mfsweep_shard0,SPT_SMPT,67,4912.52,45,0,0,1182.5,-1.0,-1.0,2,0,61.2,0.7,118.5,0.0,0.0,0.0
2026-09-19 18:42:24,mfsweep_shard0,SPT_SMPT,67,4912.52,46,0,0,1208.8,-1.0,-1.0,2,0,56.8,0.7,92.2,0.0,0.0,0.0
2026-09-19 18:42:24,mfsweep_shard0,SPT_SMPT,67,4912.52,47,0,0,1235.0,-1.0,-1.0,2,0,62.7,0.7,65.9,0.0,0.0,0.0
2026-09-19 18:42:24,mfsweep_shard0,SPT_SMPT,67,4912.52,48,0,0,1261.3,-1.0,-1.0,2,0,74.5,0.7,39.7,0.0,0.0,0.0
2026-09-19 18:42:24,mfsweep_shard0,SPT_SMPT,67,4912.52,49,0,0,1287.6,-1.0,-1.0,2,0,65.5,0.8,13.4,0.0,0.0,0.0
2026-09-19 18:42:24,mfsweep_shard0,SPT_SMPT,67,4912.52,50,0,0,1313.9,-1.0,-1.0,2,0,65.7,0.0,0.0,0.0,0.0,0.0
2026-09-19 18:42:24,mfsweep_shard0,SPT_SMPT,67,4912.52,51,0,0,1340.2,-1.0,-1.0,2,0,60.4,0.0,0.0,0.0,0.0,0.0
2026-09-19 18:42:24,mfsweep_shard0,SPT_SMPT,67,4912.52,52,0,0,1366.4,-1.0,-1.0,2,0,62.3,0.0,0.0,0.0,0.0,0.0
2026-09-19 18:42:24,mfsweep_shard0,SPT_SMPT,67,4912.52,53,0,0,1392.7,-1.0,-1.0,2,0,84.4,0.0,0.0,0.0,0.0,0.0
2026-09-19 18:42:24,mfsweep_shard0,SPT_SMPT,67,4912.52,54,0,0,1419.0,-1.0,-1.0,2,0,74.9,0.0,0.0,0.0,0.0,0.0
2026-09-19 18:42:24,mfsweep_shard0,SPT_SMPT,67,4912.52,55,0,0,1445.3,-1.0,-1.0,2,0,73.6,0.0,0.0,0.0,0.0,0.0
2026-09-19 18:42:24,mfsweep_shard0,SPT_SMPT,67,4912.52,56,0,0,1471.5,-1.0,-1.0,2,0,59.2,0.0,0.0,0.0,0.0,0.0
2026-09-19 18:42:24,mfsweep_shard0,SPT_SMPT,67,4912.52,57,0,0,1497.8,-1.0,-1.0,2,0,77.6,0.0,0.0,0.0,0.0,0.0
2026-09-19 18:42:24,mfsweep_shard0,SPT_SMPT,67,4912.52,58,0,0,1524.1,-1.0,-1.0,2,0,58.9,0.0,0.0,0.0,0.0,0.0
2026-09-19 18:42:24,mfsweep_shard0,SPT_SMPT,67,4912.52,59,0,0,1550.4,-1.0,-1.0,2,0,66.0,0.0,0.0,0.0,0.0,0.0
2026-09-19 18:42:24,mfsweep_shard0,SPT_SMPT,67,4912.52,60,0,0,1576.6,-1.0,-1.0,2,0,86.2,0.0,0.0,0.0,0.0,0.0
2026-09-19 18:42:24,mfsweep_shard0,SPT_SMPT,67,4912.52,61,0,0,1602.9,-1.0,-1.0,2,0,74.6,0.0,0.0,0.0,0.0,0.0
2026-09-19 18:42:24,mfsweep_shard0,SPT_SMPT,67,4912.52,62,0,0,1629.2,-1.0,-1.0,2,0,71.9,0.0,0.0,0.0,0.0,0.0
2026-09-19 18:42:24,mfsweep_shard0,SPT_SMPT,67,4912.52,63,0,0,1655.5,-1.0,-1.0,2,0,76.1,0.0,0.0,0.0,0.0,0.0
2026-09-19 18:42:24,mfsweep_shard0,SPT_SMPT,67,4912.52,64,0,0,1681.8,-1.0,-1.0,2,0,81.3,0.0,0.0,0.0,0.0,0.0
2026-09-19 18:42:24,mfsweep_shard0,SPT_SMPT,67,4912.52,65,0,0,1708.0,-1.0,-1.0,2,0,79.1,0.0,0.0,0.0,0.0,0.0
2026-09-19 18:42:24,mfsweep_shard0,SPT_SMPT,67,4912.52,66,0,0,1734.3,-1.0,-1.0,2,0,61.1,0.0,0.0,0.0,0.0,0.0
2026-09-19 18:42:24,mfsweep_shard0,SPT_SMPT,67,4912.52,67,0,0,1760.6,-1.0,-1.0,2,0,54.6,0.0,0.0,0.0,0.0,0.0
2026-09-19 18:42:24,mfsweep_shard0,SPT_SMPT,67,4912.52,68,0,0,1786.9,-1.0,-1.0,2,0,63.9,0.0,0.0,0.0,0.0,0.0
2026-09-19 18:42:24,mfsweep_shard0,SPT_SMPT,67,4912.52,69,0,0,1813.1,-1.0,-1.0,2,0,62.3,0.0,0.0,0.0,0.0,0.0
2026-09-19 18:42:24,mfsweep_shard0,SPT_SMPT,67,4912.52,70,0,0,1839.4,-1.0,-1.0,2,0,60.5,0.0,0.0,0.0,0.0,0.0
2026-09-19 18:42:24,mfsweep_shard0,SPT_SMPT,67,4912.52,71,0,0,1865.7,-1.0,-1.0,2,0,84.6,0.0,0.0,0.0,0.0,0.0
2026-09-19 18:42:24,mfsweep_shard0,SPT_SMPT,67,4912.52,72,0,0,1892.0,-1.0,-1.0,2,0,82.4,0.0,0.0,0.0,0.0,0.0
2026-09-19 18:42:24,mfsweep_shard0,SPT_SMPT,67,4912.52,73,0,0,1918.3,-1.0,-1.0,2,0,63.9,0.0,0.0,0.0,0.0,0.0
2026-09-19 18:42:24,mfsweep_shard0,SPT_SMPT,67,4912.52,74,0,0,1944.5,-1.0,-1.0,2,0,75.1,0.0,0.0,0.0,0.0,0.0
2026-09-19 18:42:24,mfsweep_shard0,SPT_SMPT,67,4912.52,75,0,0,1970.8,-1.0,-1.0,2,0,66.6,0.0,0.0,0.0,0.0,0.0
2026-09-19 18:42:24,mfsweep_shard0,SPT_SMPT,67,4912.52,76,0,0,1997.1,-1.0,-1.0,2,0,83.7,0.0,0.0,0.0,0.0,0.0
2026-09-19 18:42:24,mfsweep_shard0,SPT_SMPT,67,4912.52,77,0,0,2023.4,-1.0,-1.0,2,0,68.6,0.0,0.0,0.0,0.0,0.0
2026-09-19 18:42:24,mfsweep_shard0,SPT_SMPT,67,4912.52,78,0,0,2049.6,-1.0,-1.0,2,0,62.2,0.0,0.0,0.0,0.0,0.0
2026-09-19 18:42:24,mfsweep_shard0,SPT_SMPT,67,4912.52,79,0,0,2075.9,-1.0,-1.0,2,0,61.6,0.0,0.0,0.0,0.0,0.0
2026-09-19 18:42:24,mfsweep_shard0,SPT_SMPT,67,4912.52,80,0,0,2102.2,-1.0,-1.0,2,0,72.0,0.0,0.0,0.0,0.0,0.0
2026-09-19 18:42:24,mfsweep_shard0,SPT_SMPT,67,4912.52,81,0,0,2128.5,-1.0,-1.0,2,0,62.2,0.0,0.0,0.0,0.0,0.0
2026-09-19 18:42:24,mfsweep_shard0,SPT_SMPT,67,4912.52,82,0,0,2154.7,-1.0,-1.0,2,0,72.8,0.0,0.0,0.0,0.0,0.0
2026-09-19 18:42:24,mfsweep_shard0,SPT_SMPT,67,4912.52,83,0,0,2181.0,-1.0,-1.0,2,0,83.1,0.0,0.0,0.0,0.0,0.0
2026-09-19 18:42:24,mfsweep_shard0,SPT_SMPT,67,4912.52,84,0,0,2207.3,-1.0,-1.0,2,0,66.7,0.0,0.0,0.0,0.0,0.0
2026-09-19 18:42:24,mfsweep_shard0,SPT_SMPT,67,4912.52,85,0,0,2233.6,-1.0,-1.0,2,0,60.7,0.0,0.0,0.0,0.0,0.0
2026-09-19 18:42:24,mfsweep_shard0,SPT_SMPT,67,4912.52,86,0,0,2259.9,-1.0,-1.0,2,0,86.4,0.0,0.0,0.0,0.0,0.0
2026-09-19 18:42:24,mfsweep_shard0,SPT_SMPT,67,4912.52,87,0,0,2286.1,-1.0,-1.0,2,0,70.3,0.0,0.0,0.0,0.0,0.0
2026-09-19 18:42:24,mfsweep_shard0,SPT_SMPT,67,4912.52,88,0,0,2312.4,-1.0,-1.0,2,0,56.5,0.0,0.0,0.0,0.0,0.0
2026-09-19 18:42:24,mfsweep_shard0,SPT_SMPT,67,4912.52,89,0,0,2338.7,-1.0,-1.0,2,0,55.1,0.0,0.0,0.0,0.0,0.0
2026-09-19 18:42:24,mfsweep_shard0,SPT_SMPT,67,4912.52,90,0,0,2365.0,-1.0,-1.0,2,0,57.1,0.0,0.0,0.0,0.0,0.0
2026-09-19 18:42:24,mfsweep_shard0,SPT_SMPT,67,4912.52,91,0,0,2391.2,-1.0,-1.0,2,0,74.2,0.0,0.0,0.0,0.0,0.0
2026-09-19 18:42:24,mfsweep_shard0,SPT_SMPT,67,4912.52,92,0,0,2417.5,-1.0,-1.0,2,0,79.6,0.0,0.0,0.0,0.0,0.0
2026-09-19 18:42:24,mfsweep_shard0,SPT_SMPT,67,4912.52,93,0,0,2443.8,-1.0,-1.0,2,0,67.4,0.0,0.0,0.0,0.0,0.0
2026-09-19 18:42:24,mfsweep_shard0,SPT_SMPT,67,4912.52,94,0,0,2470.1,-1.0,-1.0,2,0,55.6,0.0,0.0,0.0,0.0,0.0
2026-09-19 18:42:24,mfsweep_shard0,SPT_SMPT,67,4912.52,95,0,0,2496.4,-1.0,-1.0,2,0,66.1,0.0,0.0,0.0,0.0,0.0
2026-09-19 18:42:24,mfsweep_shard0,SPT_SMPT,67,4912.52,96,0,0,2522.6,-1.0,-1.0,2,0,86.4,0.0,0.0,0.0,0.0,0.0
2026-09-19 18:42:24,mfsweep_shard0,SPT_SMPT,67,4912.52,97,0,0,2548.9,-1.0,-1.0,2,0,71.0,0.0,0.0,0.0,0.0,0.0
2026-09-19 18:42:24,mfsweep_shard0,SPT_SMPT,67,4912.52,98,0,0,2575.2,-1.0,-1.0,2,0,85.6,0.0,0.0,0.0,0.0,0.0
2026-09-19 18:42:24,mfsweep_shard0,SPT_SMPT,67,4912.52,99,0,0,2601.5,-1.0,-1.0,2,0,81.9,0.0,0.0,0.0,0.0,0.0
2026-09-19 18:42:24,mfsweep_shard0,SPT_SMPT,67,4912.52,100,0,0,2627.7,-1.0,-1.0,2,0,53.9,0.0,0.0,0.0,0.0,0.0
2026-09-19 18:42:24,mfsweep_shard0,SPT_SMPT,67,4912.52,101,0,0,2654.0,-1.0,-1.0,2,0,77.3,0.0,0.0,0.0,0.0,0.0
2026-09-19 18:42:24,mfsweep_shard0,SPT_SMPT,67,4912.52,102,0,0,2680.3,-1.0,-1.0,2,0,76.0,0.0,0.0,0.0,0.0,0.0
2026-09-19 18:42:24,mfsweep_shard0,SPT_SMPT,67,4912.52,103,0,0,2706.6,-1.0,-1.0,2,0,71.2,0.0,0.0,0.0,0.0,0.0
2026-09-19 18:42:24,mfsweep_shard0,SPT_SMPT,67,4912.52,104,0,0,2732.9,-1.0,-1.0,2,0,62.3,0.0,0.0,0.0,0.0,0.0
2026-09-19 18:42:24,mfsweep_shard0,SPT_SMPT,67,4912.52,105,0,0,2759.1,-1.0,-1.0,2,0,74.7,0.0,0.0,0.0,0.0,0.0
2026-09-19 18:42:24,mfsweep_shard0,SPT_SMPT,67,4912.52,106,0,0,2785.4,-1.0,-1.0,2,0,57.2,0.0,0.0,0.0,0.0,0.0
2026-09-19 18:42:24,mfsweep_shard0,SPT_SMPT,67,4912.52,107,0,0,2811.7,-1.0,-1.0,2,0,67.9,0.0,0.0,0.0,0.0,0.0
2026-09-19 18:42:24,mfsweep_shard0,SPT_SMPT,67,4912.52,108,0,0,2838.0,-1.0,-1.0,2,0,68.5,0.0,0.0,0.0,0.0,0.0
2026-09-19 18:42:24,mfsweep_shard0,SPT_SMPT,67,4912.52,109,0,0,2864.2,-1.0,-1.0,2,0,85.0,0.0,0.0,0.0,0.0,0.0
2026-09-19 18:42:24,mfsweep_shard0,SPT_SMPT,67,4912.52,110,0,0,2890.5,-1.0,-1.0,2,0,82.4,0.0,0.0,0.0,0.0,0.0
2026-09-19 18:42:24,mfsweep_shard0,SPT_SMPT,67,4912.52,111,0,0,2916.8,-1.0,-1.0,2,0,62.2,0.0,0.0,0.0,0.0,0.0
2026-09-19 18:42:24,mfsweep_shard0,SPT_SMPT,67,4912.52,112,0,0,2943.1,-1.0,-1.0,2,0,70.0,0.0,0.0,0.0,0.0,0.0
2026-09-19 18:42:24,mfsweep_shard0,SPT_SMPT,67,4912.52,113,0,0,2969.3,-1.0,-1.0,2,0,59.4,0.0,0.0,0.0,0.0,0.0
2026-09-19 18:42:24,mfsweep_shard0,SPT_SMPT,67,4912.52,114,0,0,2995.6,-1.0,-1.0,2,0,83.6,0.0,0.0,0.0,0.0,0.0
2026-09-19 18:42:24,mfsweep_shard0,SPT_SMPT,67,4912.52,115,0,0,3021.9,-1.0,-1.0,2,0,82.2,0.0,0.0,0.0,0.0,0.0
2026-09-19 18:42:24,mfsweep_shard0,SPT_SMPT,67,4912.52,116,0,0,3048.2,-1.0,-1.0,2,0,63.4,0.0,0.0,0.0,0.0,0.0
2026-09-19 18:42:24,mfsweep_shard0,SPT_SMPT,67,4912.52,117,0,0,3074.5,-1.0,-1.0,2,0,74.6,0.0,0.0,0.0,0.0,0.0
2026-09-19 18:42:24,mfsweep_shard0,SPT_SMPT,67,4912.52,118,0,0,3100.7,-1.0,-1.0,2,0,73.6,0.0,0.0,0.0,0.0,0.0
2026-09-19 18:42:24,mfsweep_shard0,SPT_SMPT,67,4912.52,119,0,0,3127.0,-1.0,-1.0,2,0,58.5,0.0,0.0,0.0,0.0,0.0
2026-09-19 18:42:24,mfsweep_shard0,SPT_SMPT,67,4912.52,120,0,0,3153.3,-1.0,-1.0,2,0,78.7,0.0,0.0,0.0,0.0,0.0
2026-09-19 18:42:24,mfsweep_shard0,SPT_SMPT,67,4912.52,121,0,0,3179.6,-1.0,-1.0,2,0,71.3,0.0,0.0,0.0,0.0,0.0
2026-09-19 18:42:24,mfsweep_shard0,SPT_SMPT,67,4912.52,122,0,0,3205.8,-1.0,-1.0,2,0,79.2,0.0,0.0,0.0,0.0,0.0
2026-09-19 18:42:24,mfsweep_shard0,SPT_SMPT,67,4912.52,123,0,0,3232.1,-1.0,-1.0,2,0,71.0,0.0,0.0,0.0,0.0,0.0
2026-09-19 18:42:24,mfsweep_shard0,SPT_SMPT,67,4912.52,124,0,0,3258.4,-1.0,-1.0,2,0,53.5,0.0,0.0,0.0,0.0,0.0
2026-09-19 18:42:24,mfsweep_shard0,SPT_SMPT,67,4912.52,125,0,0,3284.7,-1.0,-1.0,2,0,64.2,0.0,0.0,0.0,0.0,0.0
2026-09-19 18:42:24,mfsweep_shard0,SPT_SMPT,67,4912.52,126,0,0,3311.0,-1.0,-1.0,2,0,54.1,0.0,0.0,0.0,0.0,0.0
2026-09-19 18:42:24,mfsweep_shard0,SPT_SMPT,67,4912.52,127,0,0,3337.2,-1.0,-1.0,2,0,84.2,0.0,0.0,0.0,0.0,0.0
2026-09-19 18:42:24,mfsweep_shard0,SPT_SMPT,67,4912.52,128,0,0,3363.5,-1.0,-1.0,2,0,82.5,0.0,0.0,0.0,0.0,0.0
2026-09-19 18:42:24,mfsweep_shard0,SPT_SMPT,67,4912.52,129,0,0,3389.8,-1.0,-1.0,2,0,80.9,0.0,0.0,0.0,0.0,0.0
2026-09-19 18:42:24,mfsweep_shard0,SPT_SMPT,67,4912.52,130,0,0,3416.1,-1.0,-1.0,2,0,63.7,0.0,0.0,0.0,0.0,0.0
2026-09-19 18:42:24,mfsweep_shard0,SPT_SMPT,67,4912.52,131,0,0,3442.3,-1.0,-1.0,2,0,55.4,0.0,0.0,0.0,0.0,0.0
2026-09-19 18:42:24,mfsweep_shard0,SPT_SMPT,67,4912.52,132,0,0,3468.6,-1.0,-1.0,2,0,82.5,0.0,0.0,0.0,0.0,0.0
2026-09-19 18:42:24,mfsweep_shard0,SPT_SMPT,67,4912.52,133,0,0,3494.9,-1.0,-1.0,2,0,84.8,0.0,0.0,0.0,0.0,0.0
2026-09-19 18:42:24,mfsweep_shard0,SPT_SMPT,67,4912.52,134,0,0,3521.2,-1.0,-1.0,2,0,56.3,0.0,0.0,0.0,0.0,0.0
2026-09-19 18:42:24,mfsweep_shard0,SPT_SMPT,67,4912.52,135,0,0,3547.5,-1.0,-1.0,2,0,69.5,0.0,0.0,0.0,0.0,0.0
2026-09-19 18:42:24,mfsweep_shard0,SPT_SMPT,67,4912.52,136,0,0,3573.7,-1.0,-1.0,2,0,55.8,0.0,0.0,0.0,0.0,0.0
2026-09-19 18:48:07,mfsweep_shard0,SPT_SMPT,68,8657.66,0,0,1,0.0,238.3,238.3,2,2,74.6,0.0,73.4,90.2,0.0,74.6
2026-09-19 18:48:07,mfsweep_shard0,SPT_SMPT,68,8657.66,1,0,1,26.3,288.3,262.0,2,2,54.4,0.0,100.1,91.5,16.0,54.4
2026-09-19 18:48:07,mfsweep_shard0,SPT_SMPT,68,8657.66,2,0,1,52.6,400.2,347.6,2,2,62.6,0.0,100.1,105.7,79.2,62.6
2026-09-19 18:48:07,mfsweep_shard0,SPT_SMPT,68,8657.66,3,0,1,78.8,336.4,257.6,2,2,60.9,0.0,89.6,102.5,4.6,60.9
2026-09-19 18:48:07,mfsweep_shard0,SPT_SMPT,68,8657.66,4,0,0,105.1,-1.0,-1.0,2,2,77.8,0.0,6839.3,1252.3,205.9,77.8
2026-09-19 18:48:07,mfsweep_shard0,SPT_SMPT,68,8657.66,5,0,1,131.4,432.0,300.6,2,2,75.9,0.0,71.7,129.0,24.1,75.9
2026-09-19 18:48:07,mfsweep_shard0,SPT_SMPT,68,8657.66,6,0,0,157.7,-1.0,-1.0,2,2,83.0,0.1,6059.3,2053.7,132.5,83.0
2026-09-19 18:48:07,mfsweep_shard0,SPT_SMPT,68,8657.66,7,0,1,183.9,463.1,279.1,2,2,56.4,0.0,37.3,150.3,35.1,56.4
2026-09-19 18:48:07,mfsweep_shard0,SPT_SMPT,68,8657.66,8,0,0,210.2,-1.0,-1.0,2,2,67.5,0.1,8188.0,82.3,40.2,67.5
2026-09-19 18:48:07,mfsweep_shard0,SPT_SMPT,68,8657.66,9,0,0,236.5,-1.0,-1.0,2,2,54.5,0.0,7041.2,1113.5,44.9,54.5
2026-09-19 18:48:07,mfsweep_shard0,SPT_SMPT,68,8657.66,10,0,0,262.8,-1.0,-1.0,2,1,60.7,0.2,7326.0,927.4,0.0,30.5
2026-09-19 18:48:07,mfsweep_shard0,SPT_SMPT,68,8657.66,11,0,0,289.1,-1.0,-1.0,2,1,70.2,0.5,6979.5,1262.7,0.0,15.0
2026-09-19 18:48:07,mfsweep_shard0,SPT_SMPT,68,8657.66,12,0,0,315.3,-1.0,-1.0,2,1,54.4,0.6,7246.7,969.1,0.0,15.0
2026-09-19 18:48:07,mfsweep_shard0,SPT_SMPT,68,8657.66,13,0,0,341.6,-1.0,-1.0,2,2,60.1,0.0,6090.1,2018.5,0.0,60.1
2026-09-19 18:48:07,mfsweep_shard0,SPT_SMPT,68,8657.66,14,0,0,367.9,-1.0,-1.0,2,1,75.0,1.0,7619.5,543.5,0.0,15.0
2026-09-19 18:48:07,mfsweep_shard0,SPT_SMPT,68,8657.66,15,0,0,394.2,-1.0,-1.0,2,0,71.5,21.3,6451.6,1712.5,0.0,0.0
2026-09-19 18:48:07,mfsweep_shard0,SPT_SMPT,68,8657.66,16,0,0,420.4,-1.0,-1.0,2,0,60.8,21.4,6245.8,1948.0,0.0,0.0
2026-09-19 18:48:07,mfsweep_shard0,SPT_SMPT,68,8657.66,17,0,0,446.7,-1.0,-1.0,2,0,73.0,21.7,7301.5,199.9,0.0,0.0
2026-09-19 18:48:07,mfsweep_shard0,SPT_SMPT,68,8657.66,18,0,0,473.0,-1.0,-1.0,2,0,80.2,22.0,7474.8,0.0,0.0,0.0
2026-09-19 18:48:07,mfsweep_shard0,SPT_SMPT,68,8657.66,19,0,0,499.3,-1.0,-1.0,2,0,53.7,22.1,7448.5,0.0,0.0,0.0
2026-09-19 18:48:07,mfsweep_shard0,SPT_SMPT,68,8657.66,20,0,0,525.6,-1.0,-1.0,2,0,80.1,22.2,7422.2,0.0,0.0,0.0
2026-09-19 18:48:07,mfsweep_shard0,SPT_SMPT,68,8657.66,21,0,0,551.8,-1.0,-1.0,2,0,76.5,21.9,7396.2,0.0,0.0,0.0
2026-09-19 18:48:07,mfsweep_shard0,SPT_SMPT,68,8657.66,22,0,0,578.1,-1.0,-1.0,2,0,64.7,22.0,7369.8,0.0,0.0,0.0
2026-09-19 18:48:07,mfsweep_shard0,SPT_SMPT,68,8657.66,23,0,0,604.4,-1.0,-1.0,2,0,58.6,22.2,7343.4,0.0,0.0,0.0
2026-09-19 18:48:07,mfsweep_shard0,SPT_SMPT,68,8657.66,24,0,0,630.7,-1.0,-1.0,2,0,85.1,22.3,7317.0,0.0,0.0,0.0
2026-09-19 18:48:07,mfsweep_shard0,SPT_SMPT,68,8657.66,25,0,0,656.9,-1.0,-1.0,2,0,64.6,22.4,7290.6,0.0,0.0,0.0
2026-09-19 18:48:07,mfsweep_shard0,SPT_SMPT,68,8657.66,26,0,0,683.2,-1.0,-1.0,2,0,56.6,22.6,7264.2,0.0,0.0,0.0
2026-09-19 18:48:07,mfsweep_shard0,SPT_SMPT,68,8657.66,27,0,0,709.5,-1.0,-1.0,2,0,56.7,22.7,7237.8,0.0,0.0,0.0
2026-09-19 18:48:07,mfsweep_shard0,SPT_SMPT,68,8657.66,28,0,0,735.8,-1.0,-1.0,2,0,81.5,22.9,7211.4,0.0,0.0,0.0
2026-09-19 18:48:07,mfsweep_shard0,SPT_SMPT,68,8657.66,29,0,0,762.0,-1.0,-1.0,2,0,73.4,23.0,7185.0,0.0,0.0,0.0
2026-09-19 18:48:07,mfsweep_shard0,SPT_SMPT,68,8657.66,30,0,0,788.3,-1.0,-1.0,2,0,80.1,23.2,7158.6,0.0,0.0,0.0
2026-09-19 18:48:07,mfsweep_shard0,SPT_SMPT,68,8657.66,31,0,0,814.6,-1.0,-1.0,2,0,77.6,23.0,7132.5,0.0,0.0,0.0
2026-09-19 18:48:07,mfsweep_shard0,SPT_SMPT,68,8657.66,32,0,0,840.9,-1.0,-1.0,2,0,71.2,23.1,7106.1,0.0,0.0,0.0
2026-09-19 18:48:07,mfsweep_shard0,SPT_SMPT,68,8657.66,33,0,0,867.2,-1.0,-1.0,2,0,85.6,23.2,7079.8,0.0,0.0,0.0
2026-09-19 18:48:07,mfsweep_shard0,SPT_SMPT,68,8657.66,34,0,0,893.4,-1.0,-1.0,2,0,66.0,23.3,7053.4,0.0,0.0,0.0
2026-09-19 18:48:07,mfsweep_shard0,SPT_SMPT,68,8657.66,35,0,0,919.7,-1.0,-1.0,2,0,71.7,23.4,7027.0,0.0,0.0,0.0
2026-09-19 18:48:07,mfsweep_shard0,SPT_SMPT,68,8657.66,36,0,0,946.0,-1.0,-1.0,2,0,80.9,23.6,7000.6,0.0,0.0,0.0
2026-09-19 18:48:07,mfsweep_shard0,SPT_SMPT,68,8657.66,37,0,0,972.3,-1.0,-1.0,2,0,73.9,23.7,6974.3,0.0,0.0,0.0
2026-09-19 18:48:07,mfsweep_shard0,SPT_SMPT,68,8657.66,38,0,0,998.5,-1.0,-1.0,2,0,81.9,23.8,6947.9,0.0,0.0,0.0
2026-09-19 18:48:07,mfsweep_shard0,SPT_SMPT,68,8657.66,39,0,0,1024.8,-1.0,-1.0,2,0,72.6,23.9,6921.5,0.0,0.0,0.0
2026-09-19 18:48:07,mfsweep_shard0,SPT_SMPT,68,8657.66,40,0,0,1051.1,-1.0,-1.0,2,0,76.8,24.0,6895.1,0.0,0.0,0.0
2026-09-19 18:48:07,mfsweep_shard0,SPT_SMPT,68,8657.66,41,0,0,1077.4,-1.0,-1.0,2,0,55.0,24.2,6868.8,0.0,0.0,0.0
2026-09-19 18:48:07,mfsweep_shard0,SPT_SMPT,68,8657.66,42,0,0,1103.7,-1.0,-1.0,2,0,61.0,24.3,6842.4,0.0,0.0,0.0
2026-09-19 18:48:07,mfsweep_shard0,SPT_SMPT,68,8657.66,43,0,0,1129.9,-1.0,-1.0,2,0,63.1,24.4,6816.0,0.0,0.0,0.0
2026-09-19 18:48:07,mfsweep_shard0,SPT_SMPT,68,8657.66,44,0,0,1156.2,-1.0,-1.0,2,0,56.1,24.5,6789.6,0.0,0.0,0.0
2026-09-19 18:48:07,mfsweep_shard0,SPT_SMPT,68,8657.66,45,0,0,1182.5,-1.0,-1.0,2,0,61.2,24.7,6763.2,0.0,0.0,0.0
2026-09-19 18:48:07,mfsweep_shard0,SPT_SMPT,68,8657.66,46,0,0,1208.8,-1.0,-1.0,2,0,56.8,24.8,6736.9,0.0,0.0,0.0
2026-09-19 18:48:07,mfsweep_shard0,SPT_SMPT,68,8657.66,47,0,0,1235.0,-1.0,-1.0,2,0,62.7,24.9,6710.5,0.0,0.0,0.0
2026-09-19 18:48:07,mfsweep_shard0,SPT_SMPT,68,8657.66,48,0,0,1261.3,-1.0,-1.0,2,0,74.5,25.0,6684.1,0.0,0.0,0.0
2026-09-19 18:48:07,mfsweep_shard0,SPT_SMPT,68,8657.66,49,0,0,1287.6,-1.0,-1.0,2,0,65.5,25.1,6657.7,0.0,0.0,0.0
2026-09-19 18:48:07,mfsweep_shard0,SPT_SMPT,68,8657.66,50,0,0,1313.9,-1.0,-1.0,2,0,65.7,25.2,6631.4,0.0,0.0,0.0
2026-09-19 18:48:07,mfsweep_shard0,SPT_SMPT,68,8657.66,51,0,0,1340.2,-1.0,-1.0,2,0,60.4,25.4,6605.0,0.0,0.0,0.0
2026-09-19 18:48:07,mfsweep_shard0,SPT_SMPT,68,8657.66,52,0,0,1366.4,-1.0,-1.0,2,0,62.3,25.5,6578.6,0.0,0.0,0.0
2026-09-19 18:48:07,mfsweep_shard0,SPT_SMPT,68,8657.66,53,0,0,1392.7,-1.0,-1.0,2,0,84.4,25.6,6552.2,0.0,0.0,0.0
2026-09-19 18:48:07,mfsweep_shard0,SPT_SMPT,68,8657.66,54,0,0,1419.0,-1.0,-1.0,2,0,74.9,25.7,6525.8,0.0,0.0,0.0
2026-09-19 18:48:07,mfsweep_shard0,SPT_SMPT,68,8657.66,55,0,0,1445.3,-1.0,-1.0,2,0,73.6,25.9,6499.5,0.0,0.0,0.0
2026-09-19 18:48:07,mfsweep_shard0,SPT_SMPT,68,8657.66,56,0,0,1471.5,-1.0,-1.0,2,0,59.2,26.0,6473.1,0.0,0.0,0.0
2026-09-19 18:48:07,mfsweep_shard0,SPT_SMPT,68,8657.66,57,0,0,1497.8,-1.0,-1.0,2,0,77.6,26.1,6446.7,0.0,0.0,0.0
2026-09-19 18:48:07,mfsweep_shard0,SPT_SMPT,68,8657.66,58,0,0,1524.1,-1.0,-1.0,2,0,58.9,26.2,6420.3,0.0,0.0,0.0
2026-09-19 18:48:07,mfsweep_shard0,SPT_SMPT,68,8657.66,59,0,0,1550.4,-1.0,-1.0,2,0,66.0,26.3,6394.0,0.0,0.0,0.0
2026-09-19 18:48:07,mfsweep_shard0,SPT_SMPT,68,8657.66,60,0,0,1576.6,-1.0,-1.0,2,0,86.2,26.5,6367.6,0.0,0.0,0.0
2026-09-19 18:48:07,mfsweep_shard0,SPT_SMPT,68,8657.66,61,0,0,1602.9,-1.0,-1.0,2,0,74.6,26.6,6341.2,0.0,0.0,0.0
2026-09-19 18:48:07,mfsweep_shard0,SPT_SMPT,68,8657.66,62,0,0,1629.2,-1.0,-1.0,2,0,71.9,26.7,6314.8,0.0,0.0,0.0
2026-09-19 18:48:07,mfsweep_shard0,SPT_SMPT,68,8657.66,63,0,0,1655.5,-1.0,-1.0,2,0,76.1,26.8,6288.5,0.0,0.0,0.0
2026-09-19 18:48:07,mfsweep_shard0,SPT_SMPT,68,8657.66,64,0,0,1681.8,-1.0,-1.0,2,0,81.3,26.9,6262.1,0.0,0.0,0.0
2026-09-19 18:48:07,mfsweep_shard0,SPT_SMPT,68,8657.66,65,0,0,1708.0,-1.0,-1.0,2,0,79.1,27.0,6235.7,0.0,0.0,0.0
2026-09-19 18:48:07,mfsweep_shard0,SPT_SMPT,68,8657.66,66,0,0,1734.3,-1.0,-1.0,2,0,61.1,27.2,6209.3,0.0,0.0,0.0
2026-09-19 18:48:07,mfsweep_shard0,SPT_SMPT,68,8657.66,67,0,0,1760.6,-1.0,-1.0,2,0,54.6,27.3,6182.9,0.0,0.0,0.0
2026-09-19 18:48:07,mfsweep_shard0,SPT_SMPT,68,8657.66,68,0,0,1786.9,-1.0,-1.0,2,0,63.9,27.4,6156.6,0.0,0.0,0.0
2026-09-19 18:48:07,mfsweep_shard0,SPT_SMPT,68,8657.66,69,0,0,1813.1,-1.0,-1.0,2,0,62.3,27.5,6130.2,0.0,0.0,0.0
2026-09-19 18:48:07,mfsweep_shard0,SPT_SMPT,68,8657.66,70,0,0,1839.4,-1.0,-1.0,2,0,60.5,27.7,6103.8,0.0,0.0,0.0
2026-09-19 18:48:07,mfsweep_shard0,SPT_SMPT,68,8657.66,71,0,0,1865.7,-1.0,-1.0,2,0,84.6,27.8,6077.4,0.0,0.0,0.0
2026-09-19 18:48:07,mfsweep_shard0,SPT_SMPT,68,8657.66,72,0,0,1892.0,-1.0,-1.0,2,0,82.4,27.9,6051.1,0.0,0.0,0.0
2026-09-19 18:48:07,mfsweep_shard0,SPT_SMPT,68,8657.66,73,0,0,1918.3,-1.0,-1.0,2,0,63.9,28.0,6024.7,0.0,0.0,0.0
2026-09-19 18:48:07,mfsweep_shard0,SPT_SMPT,68,8657.66,74,0,0,1944.5,-1.0,-1.0,2,0,75.1,28.1,5998.3,0.0,0.0,0.0
2026-09-19 18:48:07,mfsweep_shard0,SPT_SMPT,68,8657.66,75,0,0,1970.8,-1.0,-1.0,2,0,66.6,28.3,5971.9,0.0,0.0,0.0
2026-09-19 18:48:07,mfsweep_shard0,SPT_SMPT,68,8657.66,76,0,0,1997.1,-1.0,-1.0,2,0,83.7,28.4,5945.5,0.0,0.0,0.0
2026-09-19 18:48:07,mfsweep_shard0,SPT_SMPT,68,8657.66,77,0,0,2023.4,-1.0,-1.0,2,0,68.6,28.5,5919.2,0.0,0.0,0.0
2026-09-19 18:48:07,mfsweep_shard0,SPT_SMPT,68,8657.66,78,0,0,2049.6,-1.0,-1.0,2,0,62.2,28.6,5892.8,0.0,0.0,0.0
2026-09-19 18:48:07,mfsweep_shard0,SPT_SMPT,68,8657.66,79,0,0,2075.9,-1.0,-1.0,2,0,61.6,28.7,5866.4,0.0,0.0,0.0
2026-09-19 18:48:07,mfsweep_shard0,SPT_SMPT,68,8657.66,80,0,0,2102.2,-1.0,-1.0,2,0,72.0,28.8,5840.0,0.0,0.0,0.0
2026-09-19 18:48:07,mfsweep_shard0,SPT_SMPT,68,8657.66,81,0,0,2128.5,-1.0,-1.0,2,0,62.2,29.0,5813.7,0.0,0.0,0.0
2026-09-19 18:48:07,mfsweep_shard0,SPT_SMPT,68,8657.66,82,0,0,2154.7,-1.0,-1.0,2,0,72.8,29.1,5787.3,0.0,0.0,0.0
2026-09-19 18:48:07,mfsweep_shard0,SPT_SMPT,68,8657.66,83,0,0,2181.0,-1.0,-1.0,2,0,83.1,29.2,5760.9,0.0,0.0,0.0
2026-09-19 18:48:07,mfsweep_shard0,SPT_SMPT,68,8657.66,84,0,0,2207.3,-1.0,-1.0,2,0,66.7,29.3,5734.5,0.0,0.0,0.0
2026-09-19 18:48:07,mfsweep_shard0,SPT_SMPT,68,8657.66,85,0,0,2233.6,-1.0,-1.0,2,0,60.7,29.5,5708.1,0.0,0.0,0.0
2026-09-19 18:48:07,mfsweep_shard0,SPT_SMPT,68,8657.66,86,0,0,2259.9,-1.0,-1.0,2,0,86.4,29.6,5681.8,0.0,0.0,0.0
2026-09-19 18:48:07,mfsweep_shard0,SPT_SMPT,68,8657.66,87,0,0,2286.1,-1.0,-1.0,2,0,70.3,29.7,5655.4,0.0,0.0,0.0
2026-09-19 18:48:07,mfsweep_shard0,SPT_SMPT,68,8657.66,88,0,0,2312.4,-1.0,-1.0,2,0,56.5,29.8,5629.0,0.0,0.0,0.0
2026-09-19 18:48:07,mfsweep_shard0,SPT_SMPT,68,8657.66,89,0,0,2338.7,-1.0,-1.0,2,0,55.1,29.9,5602.6,0.0,0.0,0.0
2026-09-19 18:48:07,mfsweep_shard0,SPT_SMPT,68,8657.66,90,0,0,2365.0,-1.0,-1.0,2,0,57.1,30.1,5576.3,0.0,0.0,0.0
2026-09-19 18:48:07,mfsweep_shard0,SPT_SMPT,68,8657.66,91,0,0,2391.2,-1.0,-1.0,2,0,74.2,30.2,5549.9,0.0,0.0,0.0
2026-09-19 18:48:07,mfsweep_shard0,SPT_SMPT,68,8657.66,92,0,0,2417.5,-1.0,-1.0,2,0,79.6,30.3,5523.5,0.0,0.0,0.0
2026-09-19 18:48:07,mfsweep_shard0,SPT_SMPT,68,8657.66,93,0,0,2443.8,-1.0,-1.0,2,0,67.4,30.4,5497.1,0.0,0.0,0.0
2026-09-19 18:48:07,mfsweep_shard0,SPT_SMPT,68,8657.66,94,0,0,2470.1,-1.0,-1.0,2,0,55.6,30.5,5470.8,0.0,0.0,0.0
2026-09-19 18:48:07,mfsweep_shard0,SPT_SMPT,68,8657.66,95,0,0,2496.4,-1.0,-1.0,2,0,66.1,30.6,5444.4,0.0,0.0,0.0
2026-09-19 18:48:07,mfsweep_shard0,SPT_SMPT,68,8657.66,96,0,0,2522.6,-1.0,-1.0,2,0,86.4,30.8,5418.0,0.0,0.0,0.0
2026-09-19 18:48:07,mfsweep_shard0,SPT_SMPT,68,8657.66,97,0,0,2548.9,-1.0,-1.0,2,0,71.0,30.9,5391.6,0.0,0.0,0.0
2026-09-19 18:48:07,mfsweep_shard0,SPT_SMPT,68,8657.66,98,0,0,2575.2,-1.0,-1.0,2,0,85.6,31.0,5365.2,0.0,0.0,0.0
2026-09-19 18:48:07,mfsweep_shard0,SPT_SMPT,68,8657.66,99,0,0,2601.5,-1.0,-1.0,2,0,81.9,31.1,5338.9,0.0,0.0,0.0
2026-09-19 18:48:07,mfsweep_shard0,SPT_SMPT,68,8657.66,100,0,0,2627.7,-1.0,-1.0,2,0,53.9,31.3,5312.5,0.0,0.0,0.0
2026-09-19 18:48:07,mfsweep_shard0,SPT_SMPT,68,8657.66,101,0,0,2654.0,-1.0,-1.0,2,0,77.3,31.4,5286.1,0.0,0.0,0.0
2026-09-19 18:48:07,mfsweep_shard0,SPT_SMPT,68,8657.66,102,0,0,2680.3,-1.0,-1.0,2,0,76.0,31.5,5259.7,0.0,0.0,0.0
2026-09-19 18:48:07,mfsweep_shard0,SPT_SMPT,68,8657.66,103,0,0,2706.6,-1.0,-1.0,2,0,71.2,31.6,5233.4,0.0,0.0,0.0
2026-09-19 18:48:07,mfsweep_shard0,SPT_SMPT,68,8657.66,104,0,0,2732.9,-1.0,-1.0,2,0,62.3,31.7,5207.0,0.0,0.0,0.0
2026-09-19 18:48:07,mfsweep_shard0,SPT_SMPT,68,8657.66,105,0,0,2759.1,-1.0,-1.0,2,0,74.7,31.9,5180.6,0.0,0.0,0.0
2026-09-19 18:48:07,mfsweep_shard0,SPT_SMPT,68,8657.66,106,0,0,2785.4,-1.0,-1.0,2,0,57.2,32.0,5154.2,0.0,0.0,0.0
2026-09-19 18:48:07,mfsweep_shard0,SPT_SMPT,68,8657.66,107,0,0,2811.7,-1.0,-1.0,2,0,67.9,32.1,5127.8,0.0,0.0,0.0
2026-09-19 18:48:07,mfsweep_shard0,SPT_SMPT,68,8657.66,108,0,0,2838.0,-1.0,-1.0,2,0,68.5,32.2,5101.5,0.0,0.0,0.0
2026-09-19 18:48:07,mfsweep_shard0,SPT_SMPT,68,8657.66,109,0,0,2864.2,-1.0,-1.0,2,0,85.0,32.3,5075.1,0.0,0.0,0.0
2026-09-19 18:48:07,mfsweep_shard0,SPT_SMPT,68,8657.66,110,0,0,2890.5,-1.0,-1.0,2,0,82.4,32.4,5048.7,0.0,0.0,0.0
2026-09-19 18:48:07,mfsweep_shard0,SPT_SMPT,68,8657.66,111,0,0,2916.8,-1.0,-1.0,2,0,62.2,32.6,5022.3,0.0,0.0,0.0
2026-09-19 18:48:07,mfsweep_shard0,SPT_SMPT,68,8657.66,112,0,0,2943.1,-1.0,-1.0,2,0,70.0,32.7,4996.0,0.0,0.0,0.0
2026-09-19 18:48:07,mfsweep_shard0,SPT_SMPT,68,8657.66,113,0,0,2969.3,-1.0,-1.0,2,0,59.4,32.8,4969.6,0.0,0.0,0.0
2026-09-19 18:48:07,mfsweep_shard0,SPT_SMPT,68,8657.66,114,0,0,2995.6,-1.0,-1.0,2,0,83.6,32.9,4943.2,0.0,0.0,0.0
2026-09-19 18:48:07,mfsweep_shard0,SPT_SMPT,68,8657.66,115,0,0,3021.9,-1.0,-1.0,2,0,82.2,33.1,4916.8,0.0,0.0,0.0
2026-09-19 18:48:07,mfsweep_shard0,SPT_SMPT,68,8657.66,116,0,0,3048.2,-1.0,-1.0,2,0,63.4,33.2,4890.4,0.0,0.0,0.0
2026-09-19 18:48:07,mfsweep_shard0,SPT_SMPT,68,8657.66,117,0,0,3074.5,-1.0,-1.0,2,0,74.6,33.3,4864.1,0.0,0.0,0.0
2026-09-19 18:48:07,mfsweep_shard0,SPT_SMPT,68,8657.66,118,0,0,3100.7,-1.0,-1.0,2,0,73.6,33.4,4837.7,0.0,0.0,0.0
2026-09-19 18:48:07,mfsweep_shard0,SPT_SMPT,68,8657.66,119,0,0,3127.0,-1.0,-1.0,2,0,58.5,33.5,4811.3,0.0,0.0,0.0
2026-09-19 18:48:07,mfsweep_shard0,SPT_SMPT,68,8657.66,120,0,0,3153.3,-1.0,-1.0,2,0,78.7,33.7,4784.9,0.0,0.0,0.0
2026-09-19 18:48:07,mfsweep_shard0,SPT_SMPT,68,8657.66,121,0,0,3179.6,-1.0,-1.0,2,0,71.3,33.8,4758.6,0.0,0.0,0.0
2026-09-19 18:48:07,mfsweep_shard0,SPT_SMPT,68,8657.66,122,0,0,3205.8,-1.0,-1.0,2,0,79.2,31.8,4734.3,0.0,0.0,0.0
2026-09-19 18:48:07,mfsweep_shard0,SPT_SMPT,68,8657.66,123,0,0,3232.1,-1.0,-1.0,2,0,71.0,29.7,4710.1,0.0,0.0,0.0
2026-09-19 18:48:07,mfsweep_shard0,SPT_SMPT,68,8657.66,124,0,0,3258.4,-1.0,-1.0,2,0,53.5,29.8,4683.8,0.0,0.0,0.0
2026-09-19 18:48:07,mfsweep_shard0,SPT_SMPT,68,8657.66,125,0,0,3284.7,-1.0,-1.0,2,0,64.2,29.8,4657.5,0.0,0.0,0.0
2026-09-19 18:48:07,mfsweep_shard0,SPT_SMPT,68,8657.66,126,0,0,3311.0,-1.0,-1.0,2,0,54.1,29.9,4631.1,0.0,0.0,0.0
2026-09-19 18:48:07,mfsweep_shard0,SPT_SMPT,68,8657.66,127,0,0,3337.2,-1.0,-1.0,2,0,84.2,30.0,4604.8,0.0,0.0,0.0
2026-09-19 18:48:07,mfsweep_shard0,SPT_SMPT,68,8657.66,128,0,0,3363.5,-1.0,-1.0,2,0,82.5,30.1,4578.4,0.0,0.0,0.0
2026-09-19 18:48:07,mfsweep_shard0,SPT_SMPT,68,8657.66,129,0,0,3389.8,-1.0,-1.0,2,0,80.9,30.2,4552.1,0.0,0.0,0.0
2026-09-19 18:48:07,mfsweep_shard0,SPT_SMPT,68,8657.66,130,0,0,3416.1,-1.0,-1.0,2,0,63.7,30.3,4525.8,0.0,0.0,0.0
2026-09-19 18:48:07,mfsweep_shard0,SPT_SMPT,68,8657.66,131,0,0,3442.3,-1.0,-1.0,2,0,55.4,30.3,4499.4,0.0,0.0,0.0
2026-09-19 18:48:07,mfsweep_shard0,SPT_SMPT,68,8657.66,132,0,0,3468.6,-1.0,-1.0,2,0,82.5,30.4,4473.1,0.0,0.0,0.0
2026-09-19 18:48:07,mfsweep_shard0,SPT_SMPT,68,8657.66,133,0,0,3494.9,-1.0,-1.0,2,0,84.8,30.5,4446.8,0.0,0.0,0.0
2026-09-19 18:48:07,mfsweep_shard0,SPT_SMPT,68,8657.66,134,0,0,3521.2,-1.0,-1.0,2,0,56.3,30.6,4420.4,0.0,0.0,0.0
2026-09-19 18:48:07,mfsweep_shard0,SPT_SMPT,68,8657.66,135,0,0,3547.5,-1.0,-1.0,2,0,69.5,30.6,4394.1,0.0,0.0,0.0
2026-09-19 18:48:07,mfsweep_shard0,SPT_SMPT,68,8657.66,136,0,0,3573.7,-1.0,-1.0,2,0,55.8,30.7,4367.7,0.0,0.0,0.0
2026-09-19 18:50:58,mfsweep_shard0,SPT_SMPT,69,4467.54,0,0,1,0.0,232.9,232.9,2,2,74.6,0.0,74.0,84.2,0.0,74.6
2026-09-19 18:50:58,mfsweep_shard0,SPT_SMPT,69,4467.54,1,0,1,26.3,283.6,257.4,2,2,54.4,0.0,88.2,93.9,20.9,54.4
2026-09-19 18:50:58,mfsweep_shard0,SPT_SMPT,69,4467.54,2,0,0,52.6,-1.0,-1.0,2,2,62.6,0.0,4091.2,44.3,84.6,98.5
2026-09-19 18:50:58,mfsweep_shard0,SPT_SMPT,69,4467.54,3,0,0,78.8,-1.0,-1.0,2,2,60.9,0.0,544.0,3703.1,10.2,60.9
2026-09-19 18:50:58,mfsweep_shard0,SPT_SMPT,69,4467.54,4,0,0,105.1,-1.0,-1.0,2,1,77.8,0.0,3972.3,243.0,63.4,15.0
2026-09-19 18:50:58,mfsweep_shard0,SPT_SMPT,69,4467.54,5,0,0,131.4,-1.0,-1.0,2,1,75.8,0.2,3753.0,292.5,10.8,15.0
2026-09-19 18:50:58,mfsweep_shard0,SPT_SMPT,69,4467.54,6,0,0,157.7,-1.0,-1.0,2,2,83.0,0.0,3736.1,241.9,0.0,83.0
2026-09-19 18:50:58,mfsweep_shard0,SPT_SMPT,69,4467.54,7,0,0,183.9,-1.0,-1.0,2,1,56.4,0.3,3742.2,261.3,0.0,15.0
2026-09-19 18:50:58,mfsweep_shard0,SPT_SMPT,69,4467.54,8,0,0,210.2,-1.0,-1.0,2,1,67.4,0.3,3577.0,400.2,0.0,15.0
2026-09-19 18:50:58,mfsweep_shard0,SPT_SMPT,69,4467.54,9,0,0,236.5,-1.0,-1.0,2,1,54.5,0.5,3905.4,40.9,4.6,15.0
2026-09-19 18:50:58,mfsweep_shard0,SPT_SMPT,69,4467.54,10,0,0,262.8,-1.0,-1.0,2,0,60.7,14.0,3517.5,533.3,0.0,0.0
2026-09-19 18:50:58,mfsweep_shard0,SPT_SMPT,69,4467.54,11,0,0,289.1,-1.0,-1.0,2,0,70.2,14.1,3240.7,783.7,0.0,0.0
2026-09-19 18:50:58,mfsweep_shard0,SPT_SMPT,69,4467.54,12,0,0,315.3,-1.0,-1.0,2,0,54.4,14.2,3291.6,706.4,0.0,0.0
2026-09-19 18:50:58,mfsweep_shard0,SPT_SMPT,69,4467.54,13,0,0,341.6,-1.0,-1.0,2,0,60.1,14.3,3971.6,0.0,0.0,0.0
2026-09-19 18:50:58,mfsweep_shard0,SPT_SMPT,69,4467.54,14,0,0,367.9,-1.0,-1.0,2,0,75.0,14.5,3945.3,0.0,0.0,0.0
2026-09-19 18:50:58,mfsweep_shard0,SPT_SMPT,69,4467.54,15,0,0,394.2,-1.0,-1.0,2,0,71.5,14.7,3918.8,0.0,0.0,0.0
2026-09-19 18:50:58,mfsweep_shard0,SPT_SMPT,69,4467.54,16,0,0,420.4,-1.0,-1.0,2,0,60.8,14.8,3892.4,0.0,0.0,0.0
2026-09-19 18:50:58,mfsweep_shard0,SPT_SMPT,69,4467.54,17,0,0,446.7,-1.0,-1.0,2,0,73.0,14.7,3866.2,0.0,0.0,0.0
2026-09-19 18:50:58,mfsweep_shard0,SPT_SMPT,69,4467.54,18,0,0,473.0,-1.0,-1.0,2,0,80.2,14.8,3839.9,0.0,0.0,0.0
2026-09-19 18:50:58,mfsweep_shard0,SPT_SMPT,69,4467.54,19,0,0,499.3,-1.0,-1.0,2,0,53.7,15.0,3813.5,0.0,0.0,0.0
2026-09-19 18:50:58,mfsweep_shard0,SPT_SMPT,69,4467.54,20,0,0,525.6,-1.0,-1.0,2,0,80.1,15.1,3787.1,0.0,0.0,0.0
2026-09-19 18:50:58,mfsweep_shard0,SPT_SMPT,69,4467.54,21,0,0,551.8,-1.0,-1.0,2,0,76.5,15.2,3760.7,0.0,0.0,0.0
2026-09-19 18:50:58,mfsweep_shard0,SPT_SMPT,69,4467.54,22,0,0,578.1,-1.0,-1.0,2,0,64.7,15.3,3734.3,0.0,0.0,0.0
2026-09-19 18:50:58,mfsweep_shard0,SPT_SMPT,69,4467.54,23,0,0,604.4,-1.0,-1.0,2,0,58.6,15.5,3708.0,0.0,0.0,0.0
2026-09-19 18:50:58,mfsweep_shard0,SPT_SMPT,69,4467.54,24,0,0,630.7,-1.0,-1.0,2,0,85.1,15.6,3681.6,0.0,0.0,0.0
2026-09-19 18:50:58,mfsweep_shard0,SPT_SMPT,69,4467.54,25,0,0,656.9,-1.0,-1.0,2,0,64.6,15.7,3655.2,0.0,0.0,0.0
2026-09-19 18:50:58,mfsweep_shard0,SPT_SMPT,69,4467.54,26,0,0,683.2,-1.0,-1.0,2,0,56.6,15.8,3628.8,0.0,0.0,0.0
2026-09-19 18:50:58,mfsweep_shard0,SPT_SMPT,69,4467.54,27,0,0,709.5,-1.0,-1.0,2,0,56.7,15.9,3602.5,0.0,0.0,0.0
2026-09-19 18:50:58,mfsweep_shard0,SPT_SMPT,69,4467.54,28,0,0,735.8,-1.0,-1.0,2,0,81.5,16.0,3576.1,0.0,0.0,0.0
2026-09-19 18:50:58,mfsweep_shard0,SPT_SMPT,69,4467.54,29,0,0,762.0,-1.0,-1.0,2,0,73.4,16.2,3549.7,0.0,0.0,0.0
2026-09-19 18:50:58,mfsweep_shard0,SPT_SMPT,69,4467.54,30,0,0,788.3,-1.0,-1.0,2,0,80.1,16.3,3523.3,0.0,0.0,0.0
2026-09-19 18:50:58,mfsweep_shard0,SPT_SMPT,69,4467.54,31,0,0,814.6,-1.0,-1.0,2,0,77.6,16.4,3496.9,0.0,0.0,0.0
2026-09-19 18:50:58,mfsweep_shard0,SPT_SMPT,69,4467.54,32,0,0,840.9,-1.0,-1.0,2,0,71.2,16.5,3470.6,0.0,0.0,0.0
2026-09-19 18:50:58,mfsweep_shard0,SPT_SMPT,69,4467.54,33,0,0,867.2,-1.0,-1.0,2,0,85.6,16.6,3444.2,0.0,0.0,0.0
2026-09-19 18:50:58,mfsweep_shard0,SPT_SMPT,69,4467.54,34,0,0,893.4,-1.0,-1.0,2,0,66.0,16.8,3417.8,0.0,0.0,0.0
2026-09-19 18:50:58,mfsweep_shard0,SPT_SMPT,69,4467.54,35,0,0,919.7,-1.0,-1.0,2,0,71.7,16.9,3391.4,0.0,0.0,0.0
2026-09-19 18:50:58,mfsweep_shard0,SPT_SMPT,69,4467.54,36,0,0,946.0,-1.0,-1.0,2,0,80.9,16.5,3365.6,0.0,0.0,0.0
2026-09-19 18:50:58,mfsweep_shard0,SPT_SMPT,69,4467.54,37,0,0,972.3,-1.0,-1.0,2,0,73.9,2.2,3353.7,0.0,0.0,0.0
2026-09-19 18:50:58,mfsweep_shard0,SPT_SMPT,69,4467.54,38,0,0,998.5,-1.0,-1.0,2,0,81.9,1.7,3327.8,0.0,0.0,0.0
2026-09-19 18:50:58,mfsweep_shard0,SPT_SMPT,69,4467.54,39,0,0,1024.8,-1.0,-1.0,2,0,72.6,1.8,3301.5,0.0,0.0,0.0
2026-09-19 18:50:58,mfsweep_shard0,SPT_SMPT,69,4467.54,40,0,0,1051.1,-1.0,-1.0,2,0,76.8,1.8,3275.3,0.0,0.0,0.0
2026-09-19 18:50:58,mfsweep_shard0,SPT_SMPT,69,4467.54,41,0,0,1077.4,-1.0,-1.0,2,0,55.0,1.8,3248.9,0.0,0.0,0.0
2026-09-19 18:50:58,mfsweep_shard0,SPT_SMPT,69,4467.54,42,0,0,1103.7,-1.0,-1.0,2,0,61.0,1.9,3222.6,0.0,0.0,0.0
2026-09-19 18:50:58,mfsweep_shard0,SPT_SMPT,69,4467.54,43,0,0,1129.9,-1.0,-1.0,2,0,63.1,2.0,3196.3,0.0,0.0,0.0
2026-09-19 18:50:58,mfsweep_shard0,SPT_SMPT,69,4467.54,44,0,0,1156.2,-1.0,-1.0,2,0,56.1,2.0,3170.0,0.0,0.0,0.0
2026-09-19 18:50:58,mfsweep_shard0,SPT_SMPT,69,4467.54,45,0,0,1182.5,-1.0,-1.0,2,0,61.2,2.1,3143.7,0.0,0.0,0.0
2026-09-19 18:50:58,mfsweep_shard0,SPT_SMPT,69,4467.54,46,0,0,1208.8,-1.0,-1.0,2,0,56.8,2.2,3117.3,0.0,0.0,0.0
2026-09-19 18:50:58,mfsweep_shard0,SPT_SMPT,69,4467.54,47,0,0,1235.0,-1.0,-1.0,2,0,62.7,2.2,3091.0,0.0,0.0,0.0
2026-09-19 18:50:58,mfsweep_shard0,SPT_SMPT,69,4467.54,48,0,0,1261.3,-1.0,-1.0,2,0,74.5,2.3,3064.7,0.0,0.0,0.0
2026-09-19 18:50:58,mfsweep_shard0,SPT_SMPT,69,4467.54,49,0,0,1287.6,-1.0,-1.0,2,0,65.5,2.3,3038.4,0.0,0.0,0.0
2026-09-19 18:50:58,mfsweep_shard0,SPT_SMPT,69,4467.54,50,0,0,1313.9,-1.0,-1.0,2,0,65.7,2.4,3012.1,0.0,0.0,0.0
2026-09-19 18:50:58,mfsweep_shard0,SPT_SMPT,69,4467.54,51,0,0,1340.2,-1.0,-1.0,2,0,60.4,2.4,2985.8,0.0,0.0,0.0
2026-09-19 18:50:58,mfsweep_shard0,SPT_SMPT,69,4467.54,52,0,0,1366.4,-1.0,-1.0,2,0,62.3,2.5,2959.4,0.0,0.0,0.0
2026-09-19 18:50:58,mfsweep_shard0,SPT_SMPT,69,4467.54,53,0,0,1392.7,-1.0,-1.0,2,0,84.4,2.6,2933.1,0.0,0.0,0.0
2026-09-19 18:50:58,mfsweep_shard0,SPT_SMPT,69,4467.54,54,0,0,1419.0,-1.0,-1.0,2,0,74.9,2.6,2906.8,0.0,0.0,0.0
2026-09-19 18:50:58,mfsweep_shard0,SPT_SMPT,69,4467.54,55,0,0,1445.3,-1.0,-1.0,2,0,73.6,2.7,2880.5,0.0,0.0,0.0
2026-09-19 18:50:58,mfsweep_shard0,SPT_SMPT,69,4467.54,56,0,0,1471.5,-1.0,-1.0,2,0,59.2,2.7,2854.2,0.0,0.0,0.0
2026-09-19 18:50:58,mfsweep_shard0,SPT_SMPT,69,4467.54,57,0,0,1497.8,-1.0,-1.0,2,0,77.6,2.8,2827.9,0.0,0.0,0.0
2026-09-19 18:50:58,mfsweep_shard0,SPT_SMPT,69,4467.54,58,0,0,1524.1,-1.0,-1.0,2,0,58.9,2.9,2801.5,0.0,0.0,0.0
2026-09-19 18:50:58,mfsweep_shard0,SPT_SMPT,69,4467.54,59,0,0,1550.4,-1.0,-1.0,2,0,66.0,2.9,2775.2,0.0,0.0,0.0
2026-09-19 18:50:58,mfsweep_shard0,SPT_SMPT,69,4467.54,60,0,0,1576.6,-1.0,-1.0,2,0,86.2,1.1,2750.8,0.0,0.0,0.0
2026-09-19 18:50:58,mfsweep_shard0,SPT_SMPT,69,4467.54,61,0,0,1602.9,-1.0,-1.0,2,0,74.6,2.0,2723.6,0.0,0.0,0.0
2026-09-19 18:50:58,mfsweep_shard0,SPT_SMPT,69,4467.54,62,0,0,1629.2,-1.0,-1.0,2,0,71.9,2.1,2697.3,0.0,0.0,0.0
2026-09-19 18:50:58,mfsweep_shard0,SPT_SMPT,69,4467.54,63,0,0,1655.5,-1.0,-1.0,2,0,76.1,2.1,2671.0,0.0,0.0,0.0
2026-09-19 18:50:58,mfsweep_shard0,SPT_SMPT,69,4467.54,64,0,0,1681.8,-1.0,-1.0,2,0,81.3,1.1,2645.8,0.0,0.0,0.0
2026-09-19 18:50:58,mfsweep_shard0,SPT_SMPT,69,4467.54,65,0,0,1708.0,-1.0,-1.0,2,0,79.1,1.1,2619.5,0.0,0.0,0.0
2026-09-19 18:50:58,mfsweep_shard0,SPT_SMPT,69,4467.54,66,0,0,1734.3,-1.0,-1.0,2,0,61.1,1.1,2593.2,0.0,0.0,0.0
2026-09-19 18:50:58,mfsweep_shard0,SPT_SMPT,69,4467.54,67,0,0,1760.6,-1.0,-1.0,2,0,54.6,1.2,2566.9,0.0,0.0,0.0
2026-09-19 18:50:58,mfsweep_shard0,SPT_SMPT,69,4467.54,68,0,0,1786.9,-1.0,-1.0,2,0,63.9,1.2,2540.6,0.0,0.0,0.0
2026-09-19 18:50:58,mfsweep_shard0,SPT_SMPT,69,4467.54,69,0,0,1813.1,-1.0,-1.0,2,0,62.3,1.2,2514.4,0.0,0.0,0.0
2026-09-19 18:50:58,mfsweep_shard0,SPT_SMPT,69,4467.54,70,0,0,1839.4,-1.0,-1.0,2,0,60.5,1.2,2488.1,0.0,0.0,0.0
2026-09-19 18:50:58,mfsweep_shard0,SPT_SMPT,69,4467.54,71,0,0,1865.7,-1.0,-1.0,2,0,84.6,1.2,2461.8,0.0,0.0,0.0
2026-09-19 18:50:58,mfsweep_shard0,SPT_SMPT,69,4467.54,72,0,0,1892.0,-1.0,-1.0,2,0,82.4,1.3,2435.5,0.0,0.0,0.0
2026-09-19 18:50:58,mfsweep_shard0,SPT_SMPT,69,4467.54,73,0,0,1918.3,-1.0,-1.0,2,0,63.9,1.3,2409.3,0.0,0.0,0.0
2026-09-19 18:50:58,mfsweep_shard0,SPT_SMPT,69,4467.54,74,0,0,1944.5,-1.0,-1.0,2,0,75.1,1.3,2383.0,0.0,0.0,0.0
2026-09-19 18:50:58,mfsweep_shard0,SPT_SMPT,69,4467.54,75,0,0,1970.8,-1.0,-1.0,2,0,66.6,1.3,2356.7,0.0,0.0,0.0
2026-09-19 18:50:58,mfsweep_shard0,SPT_SMPT,69,4467.54,76,0,0,1997.1,-1.0,-1.0,2,0,83.7,1.4,2330.4,0.0,0.0,0.0
2026-09-19 18:50:58,mfsweep_shard0,SPT_SMPT,69,4467.54,77,0,0,2023.4,-1.0,-1.0,2,0,68.6,1.4,2304.1,0.0,0.0,0.0
2026-09-19 18:50:58,mfsweep_shard0,SPT_SMPT,69,4467.54,78,0,0,2049.6,-1.0,-1.0,2,0,62.2,1.4,2277.9,0.0,0.0,0.0
2026-09-19 18:50:58,mfsweep_shard0,SPT_SMPT,69,4467.54,79,0,0,2075.9,-1.0,-1.0,2,0,61.6,1.4,2251.6,0.0,0.0,0.0
2026-09-19 18:50:58,mfsweep_shard0,SPT_SMPT,69,4467.54,80,0,0,2102.2,-1.0,-1.0,2,0,72.0,1.4,2225.3,0.0,0.0,0.0
2026-09-19 18:50:58,mfsweep_shard0,SPT_SMPT,69,4467.54,81,0,0,2128.5,-1.0,-1.0,2,0,62.2,1.4,2199.0,0.0,0.0,0.0
2026-09-19 18:50:58,mfsweep_shard0,SPT_SMPT,69,4467.54,82,0,0,2154.7,-1.0,-1.0,2,0,72.8,1.5,2172.8,0.0,0.0,0.0
2026-09-19 18:50:58,mfsweep_shard0,SPT_SMPT,69,4467.54,83,0,0,2181.0,-1.0,-1.0,2,0,83.1,1.5,2146.5,0.0,0.0,0.0
2026-09-19 18:50:58,mfsweep_shard0,SPT_SMPT,69,4467.54,84,0,0,2207.3,-1.0,-1.0,2,0,66.7,1.5,2120.2,0.0,0.0,0.0
2026-09-19 18:50:58,mfsweep_shard0,SPT_SMPT,69,4467.54,85,0,0,2233.6,-1.0,-1.0,2,0,60.7,1.5,2093.9,0.0,0.0,0.0
2026-09-19 18:50:58,mfsweep_shard0,SPT_SMPT,69,4467.54,86,0,0,2259.9,-1.0,-1.0,2,0,86.4,1.5,2067.7,0.0,0.0,0.0
2026-09-19 18:50:58,mfsweep_shard0,SPT_SMPT,69,4467.54,87,0,0,2286.1,-1.0,-1.0,2,0,70.3,1.6,2041.4,0.0,0.0,0.0
2026-09-19 18:50:58,mfsweep_shard0,SPT_SMPT,69,4467.54,88,0,0,2312.4,-1.0,-1.0,2,0,56.5,1.6,2015.1,0.0,0.0,0.0
2026-09-19 18:50:58,mfsweep_shard0,SPT_SMPT,69,4467.54,89,0,0,2338.7,-1.0,-1.0,2,0,55.1,1.6,1988.8,0.0,0.0,0.0
2026-09-19 18:50:58,mfsweep_shard0,SPT_SMPT,69,4467.54,90,0,0,2365.0,-1.0,-1.0,2,0,57.1,1.6,1962.5,0.0,0.0,0.0
2026-09-19 18:50:58,mfsweep_shard0,SPT_SMPT,69,4467.54,91,0,0,2391.2,-1.0,-1.0,2,0,74.2,1.7,1936.3,0.0,0.0,0.0
2026-09-19 18:50:58,mfsweep_shard0,SPT_SMPT,69,4467.54,92,0,0,2417.5,-1.0,-1.0,2,0,79.6,1.7,1910.0,0.0,0.0,0.0
2026-09-19 18:50:58,mfsweep_shard0,SPT_SMPT,69,4467.54,93,0,0,2443.8,-1.0,-1.0,2,0,67.4,1.7,1883.7,0.0,0.0,0.0
2026-09-19 18:50:58,mfsweep_shard0,SPT_SMPT,69,4467.54,94,0,0,2470.1,-1.0,-1.0,2,0,55.6,1.7,1857.4,0.0,0.0,0.0
2026-09-19 18:50:58,mfsweep_shard0,SPT_SMPT,69,4467.54,95,0,0,2496.4,-1.0,-1.0,2,0,66.1,1.7,1831.2,0.0,0.0,0.0
2026-09-19 18:50:58,mfsweep_shard0,SPT_SMPT,69,4467.54,96,0,0,2522.6,-1.0,-1.0,2,0,86.4,1.7,1804.9,0.0,0.0,0.0
2026-09-19 18:50:58,mfsweep_shard0,SPT_SMPT,69,4467.54,97,0,0,2548.9,-1.0,-1.0,2,0,71.0,1.8,1778.6,0.0,0.0,0.0
2026-09-19 18:50:58,mfsweep_shard0,SPT_SMPT,69,4467.54,98,0,0,2575.2,-1.0,-1.0,2,0,85.6,1.8,1752.3,0.0,0.0,0.0
2026-09-19 18:50:58,mfsweep_shard0,SPT_SMPT,69,4467.54,99,0,0,2601.5,-1.0,-1.0,2,0,81.9,1.8,1726.0,0.0,0.0,0.0
2026-09-19 18:50:58,mfsweep_shard0,SPT_SMPT,69,4467.54,100,0,0,2627.7,-1.0,-1.0,2,0,53.9,1.8,1699.8,0.0,0.0,0.0
2026-09-19 18:50:58,mfsweep_shard0,SPT_SMPT,69,4467.54,101,0,0,2654.0,-1.0,-1.0,2,0,77.3,1.8,1673.5,0.0,0.0,0.0
2026-09-19 18:50:58,mfsweep_shard0,SPT_SMPT,69,4467.54,102,0,0,2680.3,-1.0,-1.0,2,0,76.0,1.9,1647.2,0.0,0.0,0.0
2026-09-19 18:50:58,mfsweep_shard0,SPT_SMPT,69,4467.54,103,0,0,2706.6,-1.0,-1.0,2,0,71.2,1.9,1620.9,0.0,0.0,0.0
2026-09-19 18:50:58,mfsweep_shard0,SPT_SMPT,69,4467.54,104,0,0,2732.9,-1.0,-1.0,2,0,62.3,1.9,1594.7,0.0,0.0,0.0
2026-09-19 18:50:58,mfsweep_shard0,SPT_SMPT,69,4467.54,105,0,0,2759.1,-1.0,-1.0,2,0,74.7,1.9,1568.4,0.0,0.0,0.0
2026-09-19 18:50:58,mfsweep_shard0,SPT_SMPT,69,4467.54,106,0,0,2785.4,-1.0,-1.0,2,0,57.2,2.0,1542.1,0.0,0.0,0.0
2026-09-19 18:50:58,mfsweep_shard0,SPT_SMPT,69,4467.54,107,0,0,2811.7,-1.0,-1.0,2,0,67.9,2.0,1515.8,0.0,0.0,0.0
2026-09-19 18:50:58,mfsweep_shard0,SPT_SMPT,69,4467.54,108,0,0,2838.0,-1.0,-1.0,2,0,68.5,2.0,1489.5,0.0,0.0,0.0
2026-09-19 18:50:58,mfsweep_shard0,SPT_SMPT,69,4467.54,109,0,0,2864.2,-1.0,-1.0,2,0,85.0,2.0,1463.3,0.0,0.0,0.0
2026-09-19 18:50:58,mfsweep_shard0,SPT_SMPT,69,4467.54,110,0,0,2890.5,-1.0,-1.0,2,0,82.4,2.0,1437.0,0.0,0.0,0.0
2026-09-19 18:50:58,mfsweep_shard0,SPT_SMPT,69,4467.54,111,0,0,2916.8,-1.0,-1.0,2,0,62.2,2.0,1410.7,0.0,0.0,0.0
2026-09-19 18:50:58,mfsweep_shard0,SPT_SMPT,69,4467.54,112,0,0,2943.1,-1.0,-1.0,2,0,70.0,2.1,1384.4,0.0,0.0,0.0
2026-09-19 18:50:58,mfsweep_shard0,SPT_SMPT,69,4467.54,113,0,0,2969.3,-1.0,-1.0,2,0,59.4,0.0,0.0,0.0,0.0,0.0
2026-09-19 18:50:58,mfsweep_shard0,SPT_SMPT,69,4467.54,114,0,0,2995.6,-1.0,-1.0,2,0,83.6,2.1,1331.9,0.0,0.0,0.0
2026-09-19 18:50:58,mfsweep_shard0,SPT_SMPT,69,4467.54,115,0,0,3021.9,-1.0,-1.0,2,0,82.2,2.1,1305.6,0.0,0.0,0.0
2026-09-19 18:50:58,mfsweep_shard0,SPT_SMPT,69,4467.54,116,0,0,3048.2,-1.0,-1.0,2,0,63.4,2.1,1279.3,0.0,0.0,0.0
2026-09-19 18:50:58,mfsweep_shard0,SPT_SMPT,69,4467.54,117,0,0,3074.5,-1.0,-1.0,2,0,74.6,2.1,1253.1,0.0,0.0,0.0
2026-09-19 18:50:58,mfsweep_shard0,SPT_SMPT,69,4467.54,118,0,0,3100.7,-1.0,-1.0,2,0,73.6,2.2,1226.8,0.0,0.0,0.0
2026-09-19 18:50:58,mfsweep_shard0,SPT_SMPT,69,4467.54,119,0,0,3127.0,-1.0,-1.0,2,0,58.5,2.2,1200.5,0.0,0.0,0.0
2026-09-19 18:50:58,mfsweep_shard0,SPT_SMPT,69,4467.54,120,0,0,3153.3,-1.0,-1.0,2,0,78.7,2.2,1174.2,0.0,0.0,0.0
2026-09-19 18:50:58,mfsweep_shard0,SPT_SMPT,69,4467.54,121,0,0,3179.6,-1.0,-1.0,2,0,71.3,2.2,1147.9,0.0,0.0,0.0
2026-09-19 18:50:58,mfsweep_shard0,SPT_SMPT,69,4467.54,122,0,0,3205.8,-1.0,-1.0,2,0,79.2,2.3,1121.7,0.0,0.0,0.0
2026-09-19 18:50:58,mfsweep_shard0,SPT_SMPT,69,4467.54,123,0,0,3232.1,-1.0,-1.0,2,0,71.0,0.0,0.0,0.0,0.0,0.0
2026-09-19 18:50:58,mfsweep_shard0,SPT_SMPT,69,4467.54,124,0,0,3258.4,-1.0,-1.0,2,0,53.5,0.0,0.0,0.0,0.0,0.0
2026-09-19 18:50:58,mfsweep_shard0,SPT_SMPT,69,4467.54,125,0,0,3284.7,-1.0,-1.0,2,0,64.2,0.0,0.0,0.0,0.0,0.0
2026-09-19 18:50:58,mfsweep_shard0,SPT_SMPT,69,4467.54,126,0,0,3311.0,-1.0,-1.0,2,0,54.1,0.0,0.0,0.0,0.0,0.0
2026-09-19 18:50:58,mfsweep_shard0,SPT_SMPT,69,4467.54,127,0,0,3337.2,-1.0,-1.0,2,0,84.2,0.0,0.0,0.0,0.0,0.0
2026-09-19 18:50:58,mfsweep_shard0,SPT_SMPT,69,4467.54,128,0,0,3363.5,-1.0,-1.0,2,0,82.5,0.0,0.0,0.0,0.0,0.0
2026-09-19 18:50:58,mfsweep_shard0,SPT_SMPT,69,4467.54,129,0,0,3389.8,-1.0,-1.0,2,0,80.9,0.0,0.0,0.0,0.0,0.0
2026-09-19 18:50:58,mfsweep_shard0,SPT_SMPT,69,4467.54,130,0,0,3416.1,-1.0,-1.0,2,0,63.7,0.0,0.0,0.0,0.0,0.0
2026-09-19 18:50:58,mfsweep_shard0,SPT_SMPT,69,4467.54,131,0,0,3442.3,-1.0,-1.0,2,0,55.4,0.0,0.0,0.0,0.0,0.0
2026-09-19 18:50:58,mfsweep_shard0,SPT_SMPT,69,4467.54,132,0,0,3468.6,-1.0,-1.0,2,0,82.5,0.0,0.0,0.0,0.0,0.0
2026-09-19 18:50:58,mfsweep_shard0,SPT_SMPT,69,4467.54,133,0,0,3494.9,-1.0,-1.0,2,0,84.8,0.0,0.0,0.0,0.0,0.0
2026-09-19 18:50:58,mfsweep_shard0,SPT_SMPT,69,4467.54,134,0,0,3521.2,-1.0,-1.0,2,0,56.3,0.0,0.0,0.0,0.0,0.0
2026-09-19 18:50:58,mfsweep_shard0,SPT_SMPT,69,4467.54,135,0,0,3547.5,-1.0,-1.0,2,0,69.5,0.0,0.0,0.0,0.0,0.0
2026-09-19 18:50:58,mfsweep_shard0,SPT_SMPT,69,4467.54,136,0,0,3573.7,-1.0,-1.0,2,0,55.8,0.0,0.0,0.0,0.0,0.0
2026-09-19 18:55:18,mfsweep_shard0,SPT_SMPT,70,6609.80,0,0,1,0.0,238.6,238.6,2,2,74.6,0.0,76.0,87.9,0.0,74.6
2026-09-19 18:55:18,mfsweep_shard0,SPT_SMPT,70,6609.80,1,0,1,26.3,270.9,244.6,2,2,54.4,0.0,93.9,75.4,20.9,54.4
2026-09-19 18:55:18,mfsweep_shard0,SPT_SMPT,70,6609.80,2,0,1,52.6,383.1,330.6,2,2,62.6,0.0,66.8,116.5,84.6,62.6
2026-09-19 18:55:18,mfsweep_shard0,SPT_SMPT,70,6609.80,3,0,1,78.8,300.3,221.5,2,2,60.9,0.0,78.0,74.4,8.2,60.9
2026-09-19 18:55:18,mfsweep_shard0,SPT_SMPT,70,6609.80,4,0,1,105.1,1857.8,1752.7,2,2,77.8,0.0,1011.1,648.8,0.0,92.8
2026-09-19 18:55:18,mfsweep_shard0,SPT_SMPT,70,6609.80,5,0,1,131.4,1876.7,1745.3,2,2,75.9,0.0,923.9,745.5,0.0,75.9
2026-09-19 18:55:18,mfsweep_shard0,SPT_SMPT,70,6609.80,6,0,1,157.7,1920.5,1762.8,2,2,83.0,0.1,1155.2,459.8,64.8,83.0
2026-09-19 18:55:18,mfsweep_shard0,SPT_SMPT,70,6609.80,7,0,1,183.9,1895.3,1711.3,2,2,56.4,0.0,980.3,641.3,33.2,56.4
2026-09-19 18:55:18,mfsweep_shard0,SPT_SMPT,70,6609.80,8,0,1,210.2,3413.4,3203.2,2,2,67.5,0.1,1925.0,1182.9,27.9,67.5
2026-09-19 18:55:18,mfsweep_shard0,SPT_SMPT,70,6609.80,9,0,0,236.5,-1.0,-1.0,2,2,54.5,0.1,5283.4,943.1,0.0,54.5
2026-09-19 18:55:18,mfsweep_shard0,SPT_SMPT,70,6609.80,10,0,1,262.8,1883.9,1621.1,2,2,60.8,0.0,796.4,737.9,26.1,60.8
2026-09-19 18:55:18,mfsweep_shard0,SPT_SMPT,70,6609.80,11,0,1,289.1,3394.4,3105.3,2,2,70.2,0.2,2692.9,342.0,0.0,70.2
2026-09-19 18:55:18,mfsweep_shard0,SPT_SMPT,70,6609.80,12,0,0,315.3,-1.0,-1.0,2,2,54.4,0.0,4425.2,1691.6,8.4,54.4
2026-09-19 18:55:18,mfsweep_shard0,SPT_SMPT,70,6609.80,13,0,0,341.6,-1.0,-1.0,2,1,60.1,0.0,5402.5,763.5,0.0,15.0
2026-09-19 18:55:18,mfsweep_shard0,SPT_SMPT,70,6609.80,14,0,0,367.9,-1.0,-1.0,2,1,75.0,0.2,4795.1,1408.2,3.4,15.0
2026-09-19 18:55:18,mfsweep_shard0,SPT_SMPT,70,6609.80,15,0,0,394.2,-1.0,-1.0,2,2,71.5,0.2,5096.5,776.0,71.1,71.5
2026-09-19 18:55:18,mfsweep_shard0,SPT_SMPT,70,6609.80,16,0,0,420.4,-1.0,-1.0,2,1,60.8,0.4,5130.2,1014.4,11.5,15.0
2026-09-19 18:55:18,mfsweep_shard0,SPT_SMPT,70,6609.80,17,0,0,446.7,-1.0,-1.0,2,0,73.0,0.2,4604.6,1454.7,0.0,0.0
2026-09-19 18:55:18,mfsweep_shard0,SPT_SMPT,70,6609.80,18,0,0,473.0,-1.0,-1.0,2,2,80.3,0.3,5665.7,121.6,125.7,80.3
2026-09-19 18:55:18,mfsweep_shard0,SPT_SMPT,70,6609.80,19,0,0,499.3,-1.0,-1.0,2,2,53.8,0.3,4930.2,825.2,33.7,53.8
2026-09-19 18:55:18,mfsweep_shard0,SPT_SMPT,70,6609.80,20,0,0,525.6,-1.0,-1.0,2,1,80.1,0.5,5200.4,821.4,29.1,15.0
2026-09-19 18:55:18,mfsweep_shard0,SPT_SMPT,70,6609.80,21,0,0,551.8,-1.0,-1.0,2,1,76.6,0.8,5512.0,478.9,33.5,15.0
2026-09-19 18:55:18,mfsweep_shard0,SPT_SMPT,70,6609.80,22,0,0,578.1,-1.0,-1.0,2,0,64.7,0.4,5451.2,563.6,0.0,0.0
2026-09-19 18:55:18,mfsweep_shard0,SPT_SMPT,70,6609.80,23,0,0,604.4,-1.0,-1.0,2,0,58.6,0.5,5673.5,226.3,0.0,0.0
2026-09-19 18:55:18,mfsweep_shard0,SPT_SMPT,70,6609.80,24,0,0,630.7,-1.0,-1.0,2,0,85.1,0.6,5873.6,0.0,0.0,0.0
2026-09-19 18:55:18,mfsweep_shard0,SPT_SMPT,70,6609.80,25,0,0,656.9,-1.0,-1.0,2,0,64.6,0.4,5847.4,0.0,0.0,0.0
2026-09-19 18:55:18,mfsweep_shard0,SPT_SMPT,70,6609.80,26,0,0,683.2,-1.0,-1.0,2,0,56.6,0.3,191.3,0.0,0.0,0.0
2026-09-19 18:55:18,mfsweep_shard0,SPT_SMPT,70,6609.80,27,0,0,709.5,-1.0,-1.0,2,0,56.7,0.3,165.0,0.0,0.0,0.0
2026-09-19 18:55:18,mfsweep_shard0,SPT_SMPT,70,6609.80,28,0,0,735.8,-1.0,-1.0,2,0,81.5,0.3,138.7,0.0,0.0,0.0
2026-09-19 18:55:18,mfsweep_shard0,SPT_SMPT,70,6609.80,29,0,0,762.0,-1.0,-1.0,2,0,73.4,0.3,112.4,0.0,0.0,0.0
2026-09-19 18:55:18,mfsweep_shard0,SPT_SMPT,70,6609.80,30,0,0,788.3,-1.0,-1.0,2,0,80.1,0.4,86.2,0.0,0.0,0.0
2026-09-19 18:55:18,mfsweep_shard0,SPT_SMPT,70,6609.80,31,0,0,814.6,-1.0,-1.0,2,0,77.6,0.4,59.9,0.0,0.0,0.0
2026-09-19 18:55:18,mfsweep_shard0,SPT_SMPT,70,6609.80,32,0,0,840.9,-1.0,-1.0,2,0,71.2,0.4,33.6,0.0,0.0,0.0
2026-09-19 18:55:18,mfsweep_shard0,SPT_SMPT,70,6609.80,33,0,0,867.2,-1.0,-1.0,2,0,85.6,0.4,7.3,0.0,0.0,0.0
2026-09-19 18:55:18,mfsweep_shard0,SPT_SMPT,70,6609.80,34,0,0,893.4,-1.0,-1.0,2,0,66.0,0.0,0.0,0.0,0.0,0.0
2026-09-19 18:55:18,mfsweep_shard0,SPT_SMPT,70,6609.80,35,0,0,919.7,-1.0,-1.0,2,0,71.7,0.0,0.0,0.0,0.0,0.0
2026-09-19 18:55:18,mfsweep_shard0,SPT_SMPT,70,6609.80,36,0,0,946.0,-1.0,-1.0,2,0,80.9,0.0,0.0,0.0,0.0,0.0
2026-09-19 18:55:18,mfsweep_shard0,SPT_SMPT,70,6609.80,37,0,0,972.3,-1.0,-1.0,2,0,73.9,0.0,0.0,0.0,0.0,0.0
2026-09-19 18:55:18,mfsweep_shard0,SPT_SMPT,70,6609.80,38,0,0,998.5,-1.0,-1.0,2,0,81.9,0.0,0.0,0.0,0.0,0.0
2026-09-19 18:55:18,mfsweep_shard0,SPT_SMPT,70,6609.80,39,0,0,1024.8,-1.0,-1.0,2,0,72.6,0.0,0.0,0.0,0.0,0.0
2026-09-19 18:55:18,mfsweep_shard0,SPT_SMPT,70,6609.80,40,0,0,1051.1,-1.0,-1.0,2,0,76.8,0.0,0.0,0.0,0.0,0.0
2026-09-19 18:55:18,mfsweep_shard0,SPT_SMPT,70,6609.80,41,0,0,1077.4,-1.0,-1.0,2,0,55.0,0.0,0.0,0.0,0.0,0.0
2026-09-19 18:55:18,mfsweep_shard0,SPT_SMPT,70,6609.80,42,0,0,1103.7,-1.0,-1.0,2,0,61.0,0.0,0.0,0.0,0.0,0.0
2026-09-19 18:55:18,mfsweep_shard0,SPT_SMPT,70,6609.80,43,0,0,1129.9,-1.0,-1.0,2,0,63.1,0.0,0.0,0.0,0.0,0.0
2026-09-19 18:55:18,mfsweep_shard0,SPT_SMPT,70,6609.80,44,0,0,1156.2,-1.0,-1.0,2,0,56.1,0.0,0.0,0.0,0.0,0.0
2026-09-19 18:55:18,mfsweep_shard0,SPT_SMPT,70,6609.80,45,0,0,1182.5,-1.0,-1.0,2,0,61.2,0.0,0.0,0.0,0.0,0.0
2026-09-19 18:55:18,mfsweep_shard0,SPT_SMPT,70,6609.80,46,0,0,1208.8,-1.0,-1.0,2,0,56.8,0.0,0.0,0.0,0.0,0.0
2026-09-19 18:55:18,mfsweep_shard0,SPT_SMPT,70,6609.80,47,0,0,1235.0,-1.0,-1.0,2,0,62.7,0.0,0.0,0.0,0.0,0.0
2026-09-19 18:55:18,mfsweep_shard0,SPT_SMPT,70,6609.80,48,0,0,1261.3,-1.0,-1.0,2,0,74.5,0.0,0.0,0.0,0.0,0.0
2026-09-19 18:55:18,mfsweep_shard0,SPT_SMPT,70,6609.80,49,0,0,1287.6,-1.0,-1.0,2,0,65.5,0.0,0.0,0.0,0.0,0.0
2026-09-19 18:55:18,mfsweep_shard0,SPT_SMPT,70,6609.80,50,0,0,1313.9,-1.0,-1.0,2,0,65.7,0.0,0.0,0.0,0.0,0.0
2026-09-19 18:55:18,mfsweep_shard0,SPT_SMPT,70,6609.80,51,0,0,1340.2,-1.0,-1.0,2,0,60.4,0.0,0.0,0.0,0.0,0.0
2026-09-19 18:55:18,mfsweep_shard0,SPT_SMPT,70,6609.80,52,0,0,1366.4,-1.0,-1.0,2,0,62.3,0.0,0.0,0.0,0.0,0.0
2026-09-19 18:55:18,mfsweep_shard0,SPT_SMPT,70,6609.80,53,0,0,1392.7,-1.0,-1.0,2,0,84.4,0.0,0.0,0.0,0.0,0.0
2026-09-19 18:55:18,mfsweep_shard0,SPT_SMPT,70,6609.80,54,0,0,1419.0,-1.0,-1.0,2,0,74.9,0.0,0.0,0.0,0.0,0.0
2026-09-19 18:55:18,mfsweep_shard0,SPT_SMPT,70,6609.80,55,0,0,1445.3,-1.0,-1.0,2,0,73.6,0.0,0.0,0.0,0.0,0.0
2026-09-19 18:55:18,mfsweep_shard0,SPT_SMPT,70,6609.80,56,0,0,1471.5,-1.0,-1.0,2,0,59.2,0.0,0.0,0.0,0.0,0.0
2026-09-19 18:55:18,mfsweep_shard0,SPT_SMPT,70,6609.80,57,0,0,1497.8,-1.0,-1.0,2,0,77.6,0.0,0.0,0.0,0.0,0.0
2026-09-19 18:55:18,mfsweep_shard0,SPT_SMPT,70,6609.80,58,0,0,1524.1,-1.0,-1.0,2,0,58.9,0.0,0.0,0.0,0.0,0.0
2026-09-19 18:55:18,mfsweep_shard0,SPT_SMPT,70,6609.80,59,0,0,1550.4,-1.0,-1.0,2,0,66.0,0.0,0.0,0.0,0.0,0.0
2026-09-19 18:55:18,mfsweep_shard0,SPT_SMPT,70,6609.80,60,0,0,1576.6,-1.0,-1.0,2,0,86.2,0.0,0.0,0.0,0.0,0.0
2026-09-19 18:55:18,mfsweep_shard0,SPT_SMPT,70,6609.80,61,0,0,1602.9,-1.0,-1.0,2,0,74.6,0.0,0.0,0.0,0.0,0.0
2026-09-19 18:55:18,mfsweep_shard0,SPT_SMPT,70,6609.80,62,0,0,1629.2,-1.0,-1.0,2,0,71.9,0.0,0.0,0.0,0.0,0.0
2026-09-19 18:55:18,mfsweep_shard0,SPT_SMPT,70,6609.80,63,0,0,1655.5,-1.0,-1.0,2,0,76.1,0.0,0.0,0.0,0.0,0.0
2026-09-19 18:55:18,mfsweep_shard0,SPT_SMPT,70,6609.80,64,0,0,1681.8,-1.0,-1.0,2,0,81.3,0.0,0.0,0.0,0.0,0.0
2026-09-19 18:55:18,mfsweep_shard0,SPT_SMPT,70,6609.80,65,0,0,1708.0,-1.0,-1.0,2,0,79.1,0.0,0.0,0.0,0.0,0.0
2026-09-19 18:55:18,mfsweep_shard0,SPT_SMPT,70,6609.80,66,0,0,1734.3,-1.0,-1.0,2,0,61.1,0.0,0.0,0.0,0.0,0.0
2026-09-19 18:55:18,mfsweep_shard0,SPT_SMPT,70,6609.80,67,0,0,1760.6,-1.0,-1.0,2,0,54.6,0.0,0.0,0.0,0.0,0.0
2026-09-19 18:55:18,mfsweep_shard0,SPT_SMPT,70,6609.80,68,0,0,1786.9,-1.0,-1.0,2,0,63.9,0.0,0.0,0.0,0.0,0.0
2026-09-19 18:55:18,mfsweep_shard0,SPT_SMPT,70,6609.80,69,0,0,1813.1,-1.0,-1.0,2,0,62.3,0.0,0.0,0.0,0.0,0.0
2026-09-19 18:55:18,mfsweep_shard0,SPT_SMPT,70,6609.80,70,0,0,1839.4,-1.0,-1.0,2,0,60.5,0.0,0.0,0.0,0.0,0.0
2026-09-19 18:55:18,mfsweep_shard0,SPT_SMPT,70,6609.80,71,0,0,1865.7,-1.0,-1.0,2,0,84.6,0.0,0.0,0.0,0.0,0.0
2026-09-19 18:55:18,mfsweep_shard0,SPT_SMPT,70,6609.80,72,0,0,1892.0,-1.0,-1.0,2,0,82.4,0.0,0.0,0.0,0.0,0.0
2026-09-19 18:55:18,mfsweep_shard0,SPT_SMPT,70,6609.80,73,0,0,1918.3,-1.0,-1.0,2,0,63.9,0.0,0.0,0.0,0.0,0.0
2026-09-19 18:55:18,mfsweep_shard0,SPT_SMPT,70,6609.80,74,0,0,1944.5,-1.0,-1.0,2,0,75.1,0.0,0.0,0.0,0.0,0.0
2026-09-19 18:55:18,mfsweep_shard0,SPT_SMPT,70,6609.80,75,0,0,1970.8,-1.0,-1.0,2,0,66.6,0.0,0.0,0.0,0.0,0.0
2026-09-19 18:55:18,mfsweep_shard0,SPT_SMPT,70,6609.80,76,0,0,1997.1,-1.0,-1.0,2,0,83.7,0.0,0.0,0.0,0.0,0.0
2026-09-19 18:55:18,mfsweep_shard0,SPT_SMPT,70,6609.80,77,0,0,2023.4,-1.0,-1.0,2,0,68.6,0.0,0.0,0.0,0.0,0.0
2026-09-19 18:55:18,mfsweep_shard0,SPT_SMPT,70,6609.80,78,0,0,2049.6,-1.0,-1.0,2,0,62.2,0.0,0.0,0.0,0.0,0.0
2026-09-19 18:55:18,mfsweep_shard0,SPT_SMPT,70,6609.80,79,0,0,2075.9,-1.0,-1.0,2,0,61.6,0.0,0.0,0.0,0.0,0.0
2026-09-19 18:55:18,mfsweep_shard0,SPT_SMPT,70,6609.80,80,0,0,2102.2,-1.0,-1.0,2,0,72.0,0.0,0.0,0.0,0.0,0.0
2026-09-19 18:55:18,mfsweep_shard0,SPT_SMPT,70,6609.80,81,0,0,2128.5,-1.0,-1.0,2,0,62.2,0.0,0.0,0.0,0.0,0.0
2026-09-19 18:55:18,mfsweep_shard0,SPT_SMPT,70,6609.80,82,0,0,2154.7,-1.0,-1.0,2,0,72.8,0.0,0.0,0.0,0.0,0.0
2026-09-19 18:55:18,mfsweep_shard0,SPT_SMPT,70,6609.80,83,0,0,2181.0,-1.0,-1.0,2,0,83.1,0.0,0.0,0.0,0.0,0.0
2026-09-19 18:55:18,mfsweep_shard0,SPT_SMPT,70,6609.80,84,0,0,2207.3,-1.0,-1.0,2,0,66.7,0.0,0.0,0.0,0.0,0.0
2026-09-19 18:55:18,mfsweep_shard0,SPT_SMPT,70,6609.80,85,0,0,2233.6,-1.0,-1.0,2,0,60.7,0.0,0.0,0.0,0.0,0.0
2026-09-19 18:55:18,mfsweep_shard0,SPT_SMPT,70,6609.80,86,0,0,2259.9,-1.0,-1.0,2,0,86.4,0.0,0.0,0.0,0.0,0.0
2026-09-19 18:55:18,mfsweep_shard0,SPT_SMPT,70,6609.80,87,0,0,2286.1,-1.0,-1.0,2,0,70.3,0.0,0.0,0.0,0.0,0.0
2026-09-19 18:55:18,mfsweep_shard0,SPT_SMPT,70,6609.80,88,0,0,2312.4,-1.0,-1.0,2,0,56.5,0.0,0.0,0.0,0.0,0.0
2026-09-19 18:55:18,mfsweep_shard0,SPT_SMPT,70,6609.80,89,0,0,2338.7,-1.0,-1.0,2,0,55.1,0.0,0.0,0.0,0.0,0.0
2026-09-19 18:55:18,mfsweep_shard0,SPT_SMPT,70,6609.80,90,0,0,2365.0,-1.0,-1.0,2,0,57.1,0.0,0.0,0.0,0.0,0.0
2026-09-19 18:55:18,mfsweep_shard0,SPT_SMPT,70,6609.80,91,0,0,2391.2,-1.0,-1.0,2,0,74.2,0.0,0.0,0.0,0.0,0.0
2026-09-19 18:55:18,mfsweep_shard0,SPT_SMPT,70,6609.80,92,0,0,2417.5,-1.0,-1.0,2,0,79.6,0.0,0.0,0.0,0.0,0.0
2026-09-19 18:55:18,mfsweep_shard0,SPT_SMPT,70,6609.80,93,0,0,2443.8,-1.0,-1.0,2,0,67.4,0.0,0.0,0.0,0.0,0.0
2026-09-19 18:55:18,mfsweep_shard0,SPT_SMPT,70,6609.80,94,0,0,2470.1,-1.0,-1.0,2,0,55.6,0.0,0.0,0.0,0.0,0.0
2026-09-19 18:55:18,mfsweep_shard0,SPT_SMPT,70,6609.80,95,0,0,2496.4,-1.0,-1.0,2,0,66.1,0.0,0.0,0.0,0.0,0.0
2026-09-19 18:55:18,mfsweep_shard0,SPT_SMPT,70,6609.80,96,0,0,2522.6,-1.0,-1.0,2,0,86.4,0.0,0.0,0.0,0.0,0.0
2026-09-19 18:55:18,mfsweep_shard0,SPT_SMPT,70,6609.80,97,0,0,2548.9,-1.0,-1.0,2,0,71.0,0.0,0.0,0.0,0.0,0.0
2026-09-19 18:55:18,mfsweep_shard0,SPT_SMPT,70,6609.80,98,0,0,2575.2,-1.0,-1.0,2,0,85.6,0.0,0.0,0.0,0.0,0.0
2026-09-19 18:55:18,mfsweep_shard0,SPT_SMPT,70,6609.80,99,0,0,2601.5,-1.0,-1.0,2,0,81.9,0.0,0.0,0.0,0.0,0.0
2026-09-19 18:55:18,mfsweep_shard0,SPT_SMPT,70,6609.80,100,0,0,2627.7,-1.0,-1.0,2,0,53.9,0.0,0.0,0.0,0.0,0.0
2026-09-19 18:55:18,mfsweep_shard0,SPT_SMPT,70,6609.80,101,0,0,2654.0,-1.0,-1.0,2,0,77.3,0.0,0.0,0.0,0.0,0.0
2026-09-19 18:55:18,mfsweep_shard0,SPT_SMPT,70,6609.80,102,0,0,2680.3,-1.0,-1.0,2,0,76.0,0.0,0.0,0.0,0.0,0.0
2026-09-19 18:55:18,mfsweep_shard0,SPT_SMPT,70,6609.80,103,0,0,2706.6,-1.0,-1.0,2,0,71.2,0.0,0.0,0.0,0.0,0.0
2026-09-19 18:55:18,mfsweep_shard0,SPT_SMPT,70,6609.80,104,0,0,2732.9,-1.0,-1.0,2,0,62.3,0.0,0.0,0.0,0.0,0.0
2026-09-19 18:55:18,mfsweep_shard0,SPT_SMPT,70,6609.80,105,0,0,2759.1,-1.0,-1.0,2,0,74.7,0.0,0.0,0.0,0.0,0.0
2026-09-19 18:55:18,mfsweep_shard0,SPT_SMPT,70,6609.80,106,0,0,2785.4,-1.0,-1.0,2,0,57.2,0.0,0.0,0.0,0.0,0.0
2026-09-19 18:55:18,mfsweep_shard0,SPT_SMPT,70,6609.80,107,0,0,2811.7,-1.0,-1.0,2,0,67.9,0.0,0.0,0.0,0.0,0.0
2026-09-19 18:55:18,mfsweep_shard0,SPT_SMPT,70,6609.80,108,0,0,2838.0,-1.0,-1.0,2,0,68.5,0.0,0.0,0.0,0.0,0.0
2026-09-19 18:55:18,mfsweep_shard0,SPT_SMPT,70,6609.80,109,0,0,2864.2,-1.0,-1.0,2,0,85.0,0.0,0.0,0.0,0.0,0.0
2026-09-19 18:55:18,mfsweep_shard0,SPT_SMPT,70,6609.80,110,0,0,2890.5,-1.0,-1.0,2,0,82.4,0.0,0.0,0.0,0.0,0.0
2026-09-19 18:55:18,mfsweep_shard0,SPT_SMPT,70,6609.80,111,0,0,2916.8,-1.0,-1.0,2,0,62.2,0.0,0.0,0.0,0.0,0.0
2026-09-19 18:55:18,mfsweep_shard0,SPT_SMPT,70,6609.80,112,0,0,2943.1,-1.0,-1.0,2,0,70.0,0.0,0.0,0.0,0.0,0.0
2026-09-19 18:55:18,mfsweep_shard0,SPT_SMPT,70,6609.80,113,0,0,2969.3,-1.0,-1.0,2,0,59.4,0.0,0.0,0.0,0.0,0.0
2026-09-19 18:55:18,mfsweep_shard0,SPT_SMPT,70,6609.80,114,0,0,2995.6,-1.0,-1.0,2,0,83.6,0.0,0.0,0.0,0.0,0.0
2026-09-19 18:55:18,mfsweep_shard0,SPT_SMPT,70,6609.80,115,0,0,3021.9,-1.0,-1.0,2,0,82.2,0.0,0.0,0.0,0.0,0.0
2026-09-19 18:55:18,mfsweep_shard0,SPT_SMPT,70,6609.80,116,0,0,3048.2,-1.0,-1.0,2,0,63.4,0.0,0.0,0.0,0.0,0.0
2026-09-19 18:55:18,mfsweep_shard0,SPT_SMPT,70,6609.80,117,0,0,3074.5,-1.0,-1.0,2,0,74.6,0.0,0.0,0.0,0.0,0.0
2026-09-19 18:55:18,mfsweep_shard0,SPT_SMPT,70,6609.80,118,0,0,3100.7,-1.0,-1.0,2,0,73.6,0.0,0.0,0.0,0.0,0.0
2026-09-19 18:55:18,mfsweep_shard0,SPT_SMPT,70,6609.80,119,0,0,3127.0,-1.0,-1.0,2,0,58.5,0.0,0.0,0.0,0.0,0.0
2026-09-19 18:55:18,mfsweep_shard0,SPT_SMPT,70,6609.80,120,0,0,3153.3,-1.0,-1.0,2,0,78.7,0.0,0.0,0.0,0.0,0.0
2026-09-19 18:55:18,mfsweep_shard0,SPT_SMPT,70,6609.80,121,0,0,3179.6,-1.0,-1.0,2,0,71.3,0.0,0.0,0.0,0.0,0.0
2026-09-19 18:55:18,mfsweep_shard0,SPT_SMPT,70,6609.80,122,0,0,3205.8,-1.0,-1.0,2,0,79.2,0.0,0.0,0.0,0.0,0.0
2026-09-19 18:55:18,mfsweep_shard0,SPT_SMPT,70,6609.80,123,0,0,3232.1,-1.0,-1.0,2,0,71.0,0.0,0.0,0.0,0.0,0.0
2026-09-19 18:55:18,mfsweep_shard0,SPT_SMPT,70,6609.80,124,0,0,3258.4,-1.0,-1.0,2,0,53.5,0.0,0.0,0.0,0.0,0.0
2026-09-19 18:55:18,mfsweep_shard0,SPT_SMPT,70,6609.80,125,0,0,3284.7,-1.0,-1.0,2,0,64.2,0.0,0.0,0.0,0.0,0.0
2026-09-19 18:55:18,mfsweep_shard0,SPT_SMPT,70,6609.80,126,0,0,3311.0,-1.0,-1.0,2,0,54.1,0.0,0.0,0.0,0.0,0.0
2026-09-19 18:55:18,mfsweep_shard0,SPT_SMPT,70,6609.80,127,0,0,3337.2,-1.0,-1.0,2,0,84.2,0.0,0.0,0.0,0.0,0.0
2026-09-19 18:55:18,mfsweep_shard0,SPT_SMPT,70,6609.80,128,0,0,3363.5,-1.0,-1.0,2,0,82.5,0.0,0.0,0.0,0.0,0.0
2026-09-19 18:55:18,mfsweep_shard0,SPT_SMPT,70,6609.80,129,0,0,3389.8,-1.0,-1.0,2,0,80.9,0.0,0.0,0.0,0.0,0.0
2026-09-19 18:55:18,mfsweep_shard0,SPT_SMPT,70,6609.80,130,0,0,3416.1,-1.0,-1.0,2,0,63.7,0.0,0.0,0.0,0.0,0.0
2026-09-19 18:55:18,mfsweep_shard0,SPT_SMPT,70,6609.80,131,0,0,3442.3,-1.0,-1.0,2,0,55.4,0.0,0.0,0.0,0.0,0.0
2026-09-19 18:55:18,mfsweep_shard0,SPT_SMPT,70,6609.80,132,0,0,3468.6,-1.0,-1.0,2,0,82.5,0.0,0.0,0.0,0.0,0.0
2026-09-19 18:55:18,mfsweep_shard0,SPT_SMPT,70,6609.80,133,0,0,3494.9,-1.0,-1.0,2,0,84.8,0.0,0.0,0.0,0.0,0.0
2026-09-19 18:55:18,mfsweep_shard0,SPT_SMPT,70,6609.80,134,0,0,3521.2,-1.0,-1.0,2,0,56.3,0.0,0.0,0.0,0.0,0.0
2026-09-19 18:55:18,mfsweep_shard0,SPT_SMPT,70,6609.80,135,0,0,3547.5,-1.0,-1.0,2,0,69.5,0.0,0.0,0.0,0.0,0.0
2026-09-19 18:55:18,mfsweep_shard0,SPT_SMPT,70,6609.80,136,0,0,3573.7,-1.0,-1.0,2,0,55.8,0.0,0.0,0.0,0.0,0.0
2026-09-19 18:58:40,mfsweep_shard0,SPT_SMPT,71,5209.70,0,0,1,0.0,229.5,229.5,2,2,74.6,0.0,75.6,79.2,0.0,74.6
2026-09-19 18:58:40,mfsweep_shard0,SPT_SMPT,71,5209.70,1,0,1,26.3,403.3,377.0,2,2,54.4,0.0,127.9,123.8,56.1,69.1
2026-09-19 18:58:40,mfsweep_shard0,SPT_SMPT,71,5209.70,2,0,1,52.6,432.2,379.7,2,2,62.6,0.0,122.8,125.3,68.9,62.6
2026-09-19 18:58:40,mfsweep_shard0,SPT_SMPT,71,5209.70,3,0,1,78.8,290.6,211.7,2,2,60.9,0.0,71.5,79.3,0.0,60.9
2026-09-19 18:58:40,mfsweep_shard0,SPT_SMPT,71,5209.70,4,0,1,105.1,519.1,414.0,2,2,77.8,0.1,93.0,88.6,154.5,77.8
2026-09-19 18:58:40,mfsweep_shard0,SPT_SMPT,71,5209.70,5,0,1,131.4,347.8,216.4,2,2,75.9,0.0,49.2,73.1,18.3,75.9
2026-09-19 18:58:40,mfsweep_shard0,SPT_SMPT,71,5209.70,6,0,1,157.7,456.1,298.5,2,2,83.0,0.0,67.3,112.5,35.7,83.0
2026-09-19 18:58:40,mfsweep_shard0,SPT_SMPT,71,5209.70,7,0,1,183.9,439.4,255.5,2,2,56.4,0.0,80.7,118.3,0.0,56.4
2026-09-19 18:58:40,mfsweep_shard0,SPT_SMPT,71,5209.70,8,0,1,210.2,1297.4,1087.2,2,2,67.5,0.0,583.7,176.1,259.8,67.5
2026-09-19 18:58:40,mfsweep_shard0,SPT_SMPT,71,5209.70,9,0,1,236.5,563.8,327.3,2,2,54.5,0.0,82.6,120.5,69.7,54.5
2026-09-19 18:58:40,mfsweep_shard0,SPT_SMPT,71,5209.70,10,0,1,262.8,597.6,334.8,2,2,60.8,0.0,94.8,175.2,4.0,60.8
2026-09-19 18:58:40,mfsweep_shard0,SPT_SMPT,71,5209.70,11,0,1,289.1,1308.7,1019.6,2,2,70.2,0.0,439.7,175.4,334.3,70.2
2026-09-19 18:58:40,mfsweep_shard0,SPT_SMPT,71,5209.70,12,0,1,315.3,1320.0,1004.7,2,2,54.4,0.1,721.3,174.9,29.8,78.7
2026-09-19 18:58:40,mfsweep_shard0,SPT_SMPT,71,5209.70,13,0,1,341.6,1336.6,994.9,2,2,60.1,0.1,711.0,161.6,62.1,60.1
2026-09-19 18:58:40,mfsweep_shard0,SPT_SMPT,71,5209.70,14,0,1,367.9,672.8,304.9,2,2,75.0,0.0,29.0,200.9,0.0,75.0
2026-09-19 18:58:40,mfsweep_shard0,SPT_SMPT,71,5209.70,15,0,0,394.2,-1.0,-1.0,2,2,71.5,0.2,4140.2,521.9,0.0,71.5
2026-09-19 18:58:40,mfsweep_shard0,SPT_SMPT,71,5209.70,16,0,1,420.4,1286.2,865.8,2,2,60.8,0.1,580.9,126.0,98.0,60.8
2026-09-19 18:58:40,mfsweep_shard0,SPT_SMPT,71,5209.70,17,0,0,446.7,-1.0,-1.0,2,2,73.0,0.1,4225.4,311.1,82.7,73.0
2026-09-19 18:58:40,mfsweep_shard0,SPT_SMPT,71,5209.70,18,0,0,473.0,-1.0,-1.0,2,2,80.3,0.0,3999.3,536.2,0.0,96.0
2026-09-19 18:58:40,mfsweep_shard0,SPT_SMPT,71,5209.70,19,0,0,499.3,-1.0,-1.0,2,2,53.8,0.1,864.3,3625.4,33.4,53.8
2026-09-19 18:58:40,mfsweep_shard0,SPT_SMPT,71,5209.70,20,0,0,525.6,-1.0,-1.0,2,1,80.1,0.2,3471.0,1038.6,0.0,15.0
2026-09-19 18:58:40,mfsweep_shard0,SPT_SMPT,71,5209.70,21,0,0,551.8,-1.0,-1.0,2,1,76.6,0.3,3892.4,594.9,0.0,15.0
2026-09-19 18:58:40,mfsweep_shard0,SPT_SMPT,71,5209.70,22,0,0,578.1,-1.0,-1.0,2,1,64.8,0.3,3522.0,992.8,0.0,15.0
2026-09-19 18:58:40,mfsweep_shard0,SPT_SMPT,71,5209.70,23,0,0,604.4,-1.0,-1.0,2,0,58.6,0.2,3396.1,1030.9,0.0,0.0
2026-09-19 18:58:40,mfsweep_shard0,SPT_SMPT,71,5209.70,24,0,0,630.7,-1.0,-1.0,2,0,85.1,0.3,3598.7,809.8,0.0,0.0
2026-09-19 18:58:40,mfsweep_shard0,SPT_SMPT,71,5209.70,25,0,0,656.9,-1.0,-1.0,2,0,64.6,0.4,3462.6,910.1,0.0,0.0
2026-09-19 18:58:40,mfsweep_shard0,SPT_SMPT,71,5209.70,26,0,0,683.2,-1.0,-1.0,2,0,56.6,0.4,4091.8,431.9,0.0,0.0
2026-09-19 18:58:40,mfsweep_shard0,SPT_SMPT,71,5209.70,27,0,0,709.5,-1.0,-1.0,2,0,56.7,0.6,3407.7,380.9,0.0,0.0
2026-09-19 18:58:40,mfsweep_shard0,SPT_SMPT,71,5209.70,28,0,0,735.8,-1.0,-1.0,2,0,81.5,0.6,3582.0,180.2,0.0,0.0
2026-09-19 18:58:40,mfsweep_shard0,SPT_SMPT,71,5209.70,29,0,0,762.0,-1.0,-1.0,2,0,73.4,0.7,3735.9,0.0,0.0,0.0
2026-09-19 18:58:40,mfsweep_shard0,SPT_SMPT,71,5209.70,30,0,0,788.3,-1.0,-1.0,2,0,80.1,0.7,3709.7,0.0,0.0,0.0
2026-09-19 18:58:40,mfsweep_shard0,SPT_SMPT,71,5209.70,31,0,0,814.6,-1.0,-1.0,2,0,77.6,0.8,3683.4,0.0,0.0,0.0
2026-09-19 18:58:40,mfsweep_shard0,SPT_SMPT,71,5209.70,32,0,0,840.9,-1.0,-1.0,2,0,71.2,0.7,3657.2,0.0,0.0,0.0
2026-09-19 18:58:40,mfsweep_shard0,SPT_SMPT,71,5209.70,33,0,0,867.2,-1.0,-1.0,2,0,85.6,0.7,3630.9,0.0,0.0,0.0
2026-09-19 18:58:40,mfsweep_shard0,SPT_SMPT,71,5209.70,34,0,0,893.4,-1.0,-1.0,2,0,66.0,0.8,3604.6,0.0,0.0,0.0
2026-09-19 18:58:40,mfsweep_shard0,SPT_SMPT,71,5209.70,35,0,0,919.7,-1.0,-1.0,2,0,71.7,0.8,3578.3,0.0,0.0,0.0
2026-09-19 18:58:40,mfsweep_shard0,SPT_SMPT,71,5209.70,36,0,0,946.0,-1.0,-1.0,2,0,80.9,0.9,3552.0,0.0,0.0,0.0
2026-09-19 18:58:40,mfsweep_shard0,SPT_SMPT,71,5209.70,37,0,0,972.3,-1.0,-1.0,2,0,73.9,1.0,3525.7,0.0,0.0,0.0
2026-09-19 18:58:40,mfsweep_shard0,SPT_SMPT,71,5209.70,38,0,0,998.5,-1.0,-1.0,2,0,81.9,1.0,3499.3,0.0,0.0,0.0
2026-09-19 18:58:40,mfsweep_shard0,SPT_SMPT,71,5209.70,39,0,0,1024.8,-1.0,-1.0,2,0,72.6,1.1,3473.0,0.0,0.0,0.0
2026-09-19 18:58:40,mfsweep_shard0,SPT_SMPT,71,5209.70,40,0,0,1051.1,-1.0,-1.0,2,0,76.8,1.1,3446.7,0.0,0.0,0.0
2026-09-19 18:58:40,mfsweep_shard0,SPT_SMPT,71,5209.70,41,0,0,1077.4,-1.0,-1.0,2,0,55.0,1.2,3420.4,0.0,0.0,0.0
2026-09-19 18:58:40,mfsweep_shard0,SPT_SMPT,71,5209.70,42,0,0,1103.7,-1.0,-1.0,2,0,61.0,1.2,3394.1,0.0,0.0,0.0
2026-09-19 18:58:40,mfsweep_shard0,SPT_SMPT,71,5209.70,43,0,0,1129.9,-1.0,-1.0,2,0,63.1,1.3,3367.8,0.0,0.0,0.0
2026-09-19 18:58:40,mfsweep_shard0,SPT_SMPT,71,5209.70,44,0,0,1156.2,-1.0,-1.0,2,0,56.1,1.4,3341.4,0.0,0.0,0.0
2026-09-19 18:58:40,mfsweep_shard0,SPT_SMPT,71,5209.70,45,0,0,1182.5,-1.0,-1.0,2,0,61.2,1.4,3315.1,0.0,0.0,0.0
2026-09-19 18:58:40,mfsweep_shard0,SPT_SMPT,71,5209.70,46,0,0,1208.8,-1.0,-1.0,2,0,56.8,1.5,3288.8,0.0,0.0,0.0
2026-09-19 18:58:40,mfsweep_shard0,SPT_SMPT,71,5209.70,47,0,0,1235.0,-1.0,-1.0,2,1,62.7,0.1,3379.1,49.6,0.0,15.0
2026-09-19 18:58:40,mfsweep_shard0,SPT_SMPT,71,5209.70,48,0,0,1261.3,-1.0,-1.0,2,0,74.5,0.5,3237.3,0.0,0.0,0.0
2026-09-19 18:58:40,mfsweep_shard0,SPT_SMPT,71,5209.70,49,0,0,1287.6,-1.0,-1.0,2,0,65.5,0.5,3211.0,0.0,0.0,0.0
2026-09-19 18:58:40,mfsweep_shard0,SPT_SMPT,71,5209.70,50,0,0,1313.9,-1.0,-1.0,2,0,65.7,0.5,3184.7,0.0,0.0,0.0
2026-09-19 18:58:40,mfsweep_shard0,SPT_SMPT,71,5209.70,51,0,0,1340.2,-1.0,-1.0,2,0,60.4,0.6,3158.4,0.0,0.0,0.0
2026-09-19 18:58:40,mfsweep_shard0,SPT_SMPT,71,5209.70,52,0,0,1366.4,-1.0,-1.0,2,0,62.3,0.6,3132.1,0.0,0.0,0.0
2026-09-19 18:58:40,mfsweep_shard0,SPT_SMPT,71,5209.70,53,0,0,1392.7,-1.0,-1.0,2,0,84.4,0.6,3105.9,0.0,0.0,0.0
2026-09-19 18:58:40,mfsweep_shard0,SPT_SMPT,71,5209.70,54,0,0,1419.0,-1.0,-1.0,2,0,74.9,0.6,3079.6,0.0,0.0,0.0
2026-09-19 18:58:40,mfsweep_shard0,SPT_SMPT,71,5209.70,55,0,0,1445.3,-1.0,-1.0,2,0,73.6,0.7,3053.3,0.0,0.0,0.0
2026-09-19 18:58:40,mfsweep_shard0,SPT_SMPT,71,5209.70,56,0,0,1471.5,-1.0,-1.0,2,0,59.2,0.7,3027.0,0.0,0.0,0.0
2026-09-19 18:58:40,mfsweep_shard0,SPT_SMPT,71,5209.70,57,0,0,1497.8,-1.0,-1.0,2,0,77.6,0.7,3000.8,0.0,0.0,0.0
2026-09-19 18:58:40,mfsweep_shard0,SPT_SMPT,71,5209.70,58,0,0,1524.1,-1.0,-1.0,2,0,58.9,0.7,2974.5,0.0,0.0,0.0
2026-09-19 18:58:40,mfsweep_shard0,SPT_SMPT,71,5209.70,59,0,0,1550.4,-1.0,-1.0,2,0,66.0,0.7,2948.2,0.0,0.0,0.0
2026-09-19 18:58:40,mfsweep_shard0,SPT_SMPT,71,5209.70,60,0,0,1576.6,-1.0,-1.0,2,0,86.2,0.8,2921.9,0.0,0.0,0.0
2026-09-19 18:58:40,mfsweep_shard0,SPT_SMPT,71,5209.70,61,0,0,1602.9,-1.0,-1.0,2,0,74.6,0.8,2895.6,0.0,0.0,0.0
2026-09-19 18:58:40,mfsweep_shard0,SPT_SMPT,71,5209.70,62,0,0,1629.2,-1.0,-1.0,2,0,71.9,0.8,2869.4,0.0,0.0,0.0
2026-09-19 18:58:40,mfsweep_shard0,SPT_SMPT,71,5209.70,63,0,0,1655.5,-1.0,-1.0,2,0,76.1,0.8,2843.1,0.0,0.0,0.0
2026-09-19 18:58:40,mfsweep_shard0,SPT_SMPT,71,5209.70,64,0,0,1681.8,-1.0,-1.0,2,0,81.3,0.8,2816.8,0.0,0.0,0.0
2026-09-19 18:58:40,mfsweep_shard0,SPT_SMPT,71,5209.70,65,0,0,1708.0,-1.0,-1.0,2,0,79.1,0.8,2790.5,0.0,0.0,0.0
2026-09-19 18:58:40,mfsweep_shard0,SPT_SMPT,71,5209.70,66,0,0,1734.3,-1.0,-1.0,2,0,61.1,0.9,2764.3,0.0,0.0,0.0
2026-09-19 18:58:40,mfsweep_shard0,SPT_SMPT,71,5209.70,67,0,0,1760.6,-1.0,-1.0,2,0,54.6,0.9,2738.0,0.0,0.0,0.0
2026-09-19 18:58:40,mfsweep_shard0,SPT_SMPT,71,5209.70,68,0,0,1786.9,-1.0,-1.0,2,0,63.9,0.1,2892.0,0.0,0.0,0.0
2026-09-19 18:58:40,mfsweep_shard0,SPT_SMPT,71,5209.70,69,0,0,1813.1,-1.0,-1.0,2,0,62.3,0.9,2685.4,0.0,0.0,0.0
2026-09-19 18:58:40,mfsweep_shard0,SPT_SMPT,71,5209.70,70,0,0,1839.4,-1.0,-1.0,2,0,60.5,0.9,2659.1,0.0,0.0,0.0
2026-09-19 18:58:40,mfsweep_shard0,SPT_SMPT,71,5209.70,71,0,0,1865.7,-1.0,-1.0,2,0,84.6,0.9,2632.9,0.0,0.0,0.0
2026-09-19 18:58:40,mfsweep_shard0,SPT_SMPT,71,5209.70,72,0,0,1892.0,-1.0,-1.0,2,0,82.4,0.1,2786.9,0.0,0.0,0.0
2026-09-19 18:58:40,mfsweep_shard0,SPT_SMPT,71,5209.70,73,0,0,1918.3,-1.0,-1.0,2,0,63.9,0.0,0.0,0.0,0.0,0.0
2026-09-19 18:58:40,mfsweep_shard0,SPT_SMPT,71,5209.70,74,0,0,1944.5,-1.0,-1.0,2,0,75.1,0.0,0.0,0.0,0.0,0.0
2026-09-19 18:58:40,mfsweep_shard0,SPT_SMPT,71,5209.70,75,0,0,1970.8,-1.0,-1.0,2,0,66.6,0.0,0.0,0.0,0.0,0.0
2026-09-19 18:58:40,mfsweep_shard0,SPT_SMPT,71,5209.70,76,0,0,1997.1,-1.0,-1.0,2,0,83.7,0.0,0.0,0.0,0.0,0.0
2026-09-19 18:58:40,mfsweep_shard0,SPT_SMPT,71,5209.70,77,0,0,2023.4,-1.0,-1.0,2,0,68.6,0.0,0.0,0.0,0.0,0.0
2026-09-19 18:58:40,mfsweep_shard0,SPT_SMPT,71,5209.70,78,0,0,2049.6,-1.0,-1.0,2,0,62.2,0.0,0.0,0.0,0.0,0.0
2026-09-19 18:58:40,mfsweep_shard0,SPT_SMPT,71,5209.70,79,0,0,2075.9,-1.0,-1.0,2,0,61.6,0.0,0.0,0.0,0.0,0.0
2026-09-19 18:58:40,mfsweep_shard0,SPT_SMPT,71,5209.70,80,0,0,2102.2,-1.0,-1.0,2,0,72.0,0.0,0.0,0.0,0.0,0.0
2026-09-19 18:58:40,mfsweep_shard0,SPT_SMPT,71,5209.70,81,0,0,2128.5,-1.0,-1.0,2,0,62.2,0.0,0.0,0.0,0.0,0.0
2026-09-19 18:58:40,mfsweep_shard0,SPT_SMPT,71,5209.70,82,0,0,2154.7,-1.0,-1.0,2,0,72.8,0.0,0.0,0.0,0.0,0.0
2026-09-19 18:58:40,mfsweep_shard0,SPT_SMPT,71,5209.70,83,0,0,2181.0,-1.0,-1.0,2,0,83.1,0.0,0.0,0.0,0.0,0.0
2026-09-19 18:58:40,mfsweep_shard0,SPT_SMPT,71,5209.70,84,0,0,2207.3,-1.0,-1.0,2,0,66.7,0.0,0.0,0.0,0.0,0.0
2026-09-19 18:58:40,mfsweep_shard0,SPT_SMPT,71,5209.70,85,0,0,2233.6,-1.0,-1.0,2,0,60.7,0.0,0.0,0.0,0.0,0.0
2026-09-19 18:58:40,mfsweep_shard0,SPT_SMPT,71,5209.70,86,0,0,2259.9,-1.0,-1.0,2,0,86.4,0.0,0.0,0.0,0.0,0.0
2026-09-19 18:58:40,mfsweep_shard0,SPT_SMPT,71,5209.70,87,0,0,2286.1,-1.0,-1.0,2,0,70.3,0.0,0.0,0.0,0.0,0.0
2026-09-19 18:58:40,mfsweep_shard0,SPT_SMPT,71,5209.70,88,0,0,2312.4,-1.0,-1.0,2,0,56.5,0.0,0.0,0.0,0.0,0.0
2026-09-19 18:58:40,mfsweep_shard0,SPT_SMPT,71,5209.70,89,0,0,2338.7,-1.0,-1.0,2,0,55.1,0.0,0.0,0.0,0.0,0.0
2026-09-19 18:58:40,mfsweep_shard0,SPT_SMPT,71,5209.70,90,0,0,2365.0,-1.0,-1.0,2,0,57.1,0.0,0.0,0.0,0.0,0.0
2026-09-19 18:58:40,mfsweep_shard0,SPT_SMPT,71,5209.70,91,0,0,2391.2,-1.0,-1.0,2,0,74.2,0.0,0.0,0.0,0.0,0.0
2026-09-19 18:58:40,mfsweep_shard0,SPT_SMPT,71,5209.70,92,0,0,2417.5,-1.0,-1.0,2,0,79.6,0.0,0.0,0.0,0.0,0.0
2026-09-19 18:58:40,mfsweep_shard0,SPT_SMPT,71,5209.70,93,0,0,2443.8,-1.0,-1.0,2,0,67.4,0.0,0.0,0.0,0.0,0.0
2026-09-19 18:58:40,mfsweep_shard0,SPT_SMPT,71,5209.70,94,0,0,2470.1,-1.0,-1.0,2,0,55.6,0.0,0.0,0.0,0.0,0.0
2026-09-19 18:58:40,mfsweep_shard0,SPT_SMPT,71,5209.70,95,0,0,2496.4,-1.0,-1.0,2,0,66.1,0.0,0.0,0.0,0.0,0.0
2026-09-19 18:58:40,mfsweep_shard0,SPT_SMPT,71,5209.70,96,0,0,2522.6,-1.0,-1.0,2,0,86.4,0.0,0.0,0.0,0.0,0.0
2026-09-19 18:58:40,mfsweep_shard0,SPT_SMPT,71,5209.70,97,0,0,2548.9,-1.0,-1.0,2,0,71.0,0.0,0.0,0.0,0.0,0.0
2026-09-19 18:58:40,mfsweep_shard0,SPT_SMPT,71,5209.70,98,0,0,2575.2,-1.0,-1.0,2,0,85.6,0.0,0.0,0.0,0.0,0.0
2026-09-19 18:58:40,mfsweep_shard0,SPT_SMPT,71,5209.70,99,0,0,2601.5,-1.0,-1.0,2,0,81.9,0.0,0.0,0.0,0.0,0.0
2026-09-19 18:58:40,mfsweep_shard0,SPT_SMPT,71,5209.70,100,0,0,2627.7,-1.0,-1.0,2,0,53.9,0.0,0.0,0.0,0.0,0.0
2026-09-19 18:58:40,mfsweep_shard0,SPT_SMPT,71,5209.70,101,0,0,2654.0,-1.0,-1.0,2,0,77.3,0.0,0.0,0.0,0.0,0.0
2026-09-19 18:58:40,mfsweep_shard0,SPT_SMPT,71,5209.70,102,0,0,2680.3,-1.0,-1.0,2,0,76.0,0.0,0.0,0.0,0.0,0.0
2026-09-19 18:58:40,mfsweep_shard0,SPT_SMPT,71,5209.70,103,0,0,2706.6,-1.0,-1.0,2,0,71.2,0.0,0.0,0.0,0.0,0.0
2026-09-19 18:58:40,mfsweep_shard0,SPT_SMPT,71,5209.70,104,0,0,2732.9,-1.0,-1.0,2,0,62.3,0.0,0.0,0.0,0.0,0.0
2026-09-19 18:58:40,mfsweep_shard0,SPT_SMPT,71,5209.70,105,0,0,2759.1,-1.0,-1.0,2,0,74.7,0.0,0.0,0.0,0.0,0.0
2026-09-19 18:58:40,mfsweep_shard0,SPT_SMPT,71,5209.70,106,0,0,2785.4,-1.0,-1.0,2,0,57.2,0.0,0.0,0.0,0.0,0.0
2026-09-19 18:58:40,mfsweep_shard0,SPT_SMPT,71,5209.70,107,0,0,2811.7,-1.0,-1.0,2,0,67.9,0.0,0.0,0.0,0.0,0.0
2026-09-19 18:58:40,mfsweep_shard0,SPT_SMPT,71,5209.70,108,0,0,2838.0,-1.0,-1.0,2,0,68.5,0.0,0.0,0.0,0.0,0.0
2026-09-19 18:58:40,mfsweep_shard0,SPT_SMPT,71,5209.70,109,0,0,2864.2,-1.0,-1.0,2,0,85.0,0.0,0.0,0.0,0.0,0.0
2026-09-19 18:58:40,mfsweep_shard0,SPT_SMPT,71,5209.70,110,0,0,2890.5,-1.0,-1.0,2,0,82.4,0.0,0.0,0.0,0.0,0.0
2026-09-19 18:58:40,mfsweep_shard0,SPT_SMPT,71,5209.70,111,0,0,2916.8,-1.0,-1.0,2,0,62.2,0.0,0.0,0.0,0.0,0.0
2026-09-19 18:58:40,mfsweep_shard0,SPT_SMPT,71,5209.70,112,0,0,2943.1,-1.0,-1.0,2,0,70.0,0.0,0.0,0.0,0.0,0.0
2026-09-19 18:58:40,mfsweep_shard0,SPT_SMPT,71,5209.70,113,0,0,2969.3,-1.0,-1.0,2,0,59.4,0.0,0.0,0.0,0.0,0.0
2026-09-19 18:58:40,mfsweep_shard0,SPT_SMPT,71,5209.70,114,0,0,2995.6,-1.0,-1.0,2,0,83.6,0.0,0.0,0.0,0.0,0.0
2026-09-19 18:58:40,mfsweep_shard0,SPT_SMPT,71,5209.70,115,0,0,3021.9,-1.0,-1.0,2,0,82.2,0.0,0.0,0.0,0.0,0.0
2026-09-19 18:58:40,mfsweep_shard0,SPT_SMPT,71,5209.70,116,0,0,3048.2,-1.0,-1.0,2,0,63.4,0.0,0.0,0.0,0.0,0.0
2026-09-19 18:58:40,mfsweep_shard0,SPT_SMPT,71,5209.70,117,0,0,3074.5,-1.0,-1.0,2,0,74.6,0.0,0.0,0.0,0.0,0.0
2026-09-19 18:58:40,mfsweep_shard0,SPT_SMPT,71,5209.70,118,0,0,3100.7,-1.0,-1.0,2,0,73.6,0.0,0.0,0.0,0.0,0.0
2026-09-19 18:58:40,mfsweep_shard0,SPT_SMPT,71,5209.70,119,0,0,3127.0,-1.0,-1.0,2,0,58.5,0.0,0.0,0.0,0.0,0.0
2026-09-19 18:58:40,mfsweep_shard0,SPT_SMPT,71,5209.70,120,0,0,3153.3,-1.0,-1.0,2,0,78.7,0.0,0.0,0.0,0.0,0.0
2026-09-19 18:58:40,mfsweep_shard0,SPT_SMPT,71,5209.70,121,0,0,3179.6,-1.0,-1.0,2,0,71.3,0.0,0.0,0.0,0.0,0.0
2026-09-19 18:58:40,mfsweep_shard0,SPT_SMPT,71,5209.70,122,0,0,3205.8,-1.0,-1.0,2,0,79.2,0.0,0.0,0.0,0.0,0.0
2026-09-19 18:58:40,mfsweep_shard0,SPT_SMPT,71,5209.70,123,0,0,3232.1,-1.0,-1.0,2,0,71.0,0.0,0.0,0.0,0.0,0.0
2026-09-19 18:58:40,mfsweep_shard0,SPT_SMPT,71,5209.70,124,0,0,3258.4,-1.0,-1.0,2,0,53.5,0.0,0.0,0.0,0.0,0.0
2026-09-19 18:58:40,mfsweep_shard0,SPT_SMPT,71,5209.70,125,0,0,3284.7,-1.0,-1.0,2,0,64.2,0.0,0.0,0.0,0.0,0.0
2026-09-19 18:58:40,mfsweep_shard0,SPT_SMPT,71,5209.70,126,0,0,3311.0,-1.0,-1.0,2,0,54.1,0.0,0.0,0.0,0.0,0.0
2026-09-19 18:58:40,mfsweep_shard0,SPT_SMPT,71,5209.70,127,0,0,3337.2,-1.0,-1.0,2,0,84.2,0.0,0.0,0.0,0.0,0.0
2026-09-19 18:58:40,mfsweep_shard0,SPT_SMPT,71,5209.70,128,0,0,3363.5,-1.0,-1.0,2,0,82.5,0.0,0.0,0.0,0.0,0.0
2026-09-19 18:58:40,mfsweep_shard0,SPT_SMPT,71,5209.70,129,0,0,3389.8,-1.0,-1.0,2,0,80.9,0.0,0.0,0.0,0.0,0.0
2026-09-19 18:58:40,mfsweep_shard0,SPT_SMPT,71,5209.70,130,0,0,3416.1,-1.0,-1.0,2,0,63.7,0.0,0.0,0.0,0.0,0.0
2026-09-19 18:58:40,mfsweep_shard0,SPT_SMPT,71,5209.70,131,0,0,3442.3,-1.0,-1.0,2,0,55.4,0.0,0.0,0.0,0.0,0.0
2026-09-19 18:58:40,mfsweep_shard0,SPT_SMPT,71,5209.70,132,0,0,3468.6,-1.0,-1.0,2,0,82.5,0.0,0.0,0.0,0.0,0.0
2026-09-19 18:58:40,mfsweep_shard0,SPT_SMPT,71,5209.70,133,0,0,3494.9,-1.0,-1.0,2,0,84.8,0.0,0.0,0.0,0.0,0.0
2026-09-19 18:58:40,mfsweep_shard0,SPT_SMPT,71,5209.70,134,0,0,3521.2,-1.0,-1.0,2,0,56.3,0.0,0.0,0.0,0.0,0.0
2026-09-19 18:58:40,mfsweep_shard0,SPT_SMPT,71,5209.70,135,0,0,3547.5,-1.0,-1.0,2,0,69.5,0.0,0.0,0.0,0.0,0.0
2026-09-19 18:58:40,mfsweep_shard0,SPT_SMPT,71,5209.70,136,0,0,3573.7,-1.0,-1.0,2,0,55.8,0.0,0.0,0.0,0.0,0.0
