timestamp,instance,rule,seed,makespan,zone_id,zone_name,aisle_type,flow_direction,traversal_count,block_events,total_block_time,mean_block_time,block_rate
2026-05-30 22:56:45,brandimarte_mk01,SPT_SMPT,42,4255.70,0,RowAisle0_Seg0,RowAisle,East,83,27,7.02,0.26,0.2455
2026-05-30 22:56:45,brandimarte_mk01,SPT_SMPT,42,4255.70,1,RowAisle0_Seg1,RowAisle,East,83,147,38.22,0.26,0.6391
2026-05-30 22:56:45,brandimarte_mk01,SPT_SMPT,42,4255.70,2,RowAisle0_Seg2,RowAisle,East,83,3,0.78,0.26,0.0349
2026-05-30 22:56:45,brandimarte_mk01,SPT_SMPT,42,4255.70,3,TopSpine_Seg0,SpineAisle,East,10,0,0.00,0.00,0.0000
2026-05-30 22:56:45,brandimarte_mk01,SPT_SMPT,42,4255.70,4,TopSpine_Seg1,SpineAisle,East,10,0,0.00,0.00,0.0000
2026-05-30 22:56:45,brandimarte_mk01,SPT_SMPT,42,4255.70,5,TopSpine_Seg2,SpineAisle,East,10,0,0.00,0.00,0.0000
2026-05-30 22:56:45,brandimarte_mk01,SPT_SMPT,42,4255.70,6,TopSpine_Seg3,SpineAisle,East,10,0,0.00,0.00,0.0000
2026-05-30 22:56:45,brandimarte_mk01,SPT_SMPT,42,4255.70,7,BotSpine_Seg0,SpineAisle,West,93,0,0.00,0.00,0.0000
2026-05-30 22:56:45,brandimarte_mk01,SPT_SMPT,42,4255.70,8,BotSpine_Seg1,SpineAisle,West,93,0,0.00,0.00,0.0000
2026-05-30 22:56:45,brandimarte_mk01,SPT_SMPT,42,4255.70,9,BotSpine_Seg2,SpineAisle,West,93,0,0.00,0.00,0.0000
2026-05-30 22:56:45,brandimarte_mk01,SPT_SMPT,42,4255.70,10,BotSpine_Seg3,SpineAisle,West,93,0,0.00,0.00,0.0000
2026-05-30 22:56:45,brandimarte_mk01,SPT_SMPT,42,4255.70,11,LeftVert_TopConn,VerticalAisle,North,10,0,0.00,0.00,0.0000
2026-05-30 22:56:45,brandimarte_mk01,SPT_SMPT,42,4255.70,12,LeftVert_Row0,VerticalAisle,North,93,640,166.40,0.26,0.8731
2026-05-30 22:56:45,brandimarte_mk01,SPT_SMPT,42,4255.70,13,LeftVert_BotConn,VerticalAisle,North,93,490,127.40,0.26,0.8405
2026-05-30 22:56:45,brandimarte_mk01,SPT_SMPT,42,4255.70,14,RightVert_TopConn,VerticalAisle,South,10,0,0.00,0.00,0.0000
2026-05-30 22:56:45,brandimarte_mk01,SPT_SMPT,42,4255.70,15,RightVert_Row0,VerticalAisle,South,93,7,1.82,0.26,0.0700
2026-05-30 22:56:45,brandimarte_mk01,SPT_SMPT,42,4255.70,16,RightVert_BotConn,VerticalAisle,South,93,8,2.08,0.26,0.0792
2026-05-30 22:58:34,brandimarte_mk01,SPT_SMPT,43,4366.67,0,RowAisle0_Seg0,RowAisle,East,83,26,6.76,0.26,0.2385
2026-05-30 22:58:34,brandimarte_mk01,SPT_SMPT,43,4366.67,1,RowAisle0_Seg1,RowAisle,East,83,134,34.84,0.26,0.6175
2026-05-30 22:58:34,brandimarte_mk01,SPT_SMPT,43,4366.67,2,RowAisle0_Seg2,RowAisle,East,83,3,0.78,0.26,0.0349
2026-05-30 22:58:34,brandimarte_mk01,SPT_SMPT,43,4366.67,3,TopSpine_Seg0,SpineAisle,East,10,0,0.00,0.00,0.0000
2026-05-30 22:58:34,brandimarte_mk01,SPT_SMPT,43,4366.67,4,TopSpine_Seg1,SpineAisle,East,10,0,0.00,0.00,0.0000
2026-05-30 22:58:34,brandimarte_mk01,SPT_SMPT,43,4366.67,5,TopSpine_Seg2,SpineAisle,East,10,0,0.00,0.00,0.0000
2026-05-30 22:58:34,brandimarte_mk01,SPT_SMPT,43,4366.67,6,TopSpine_Seg3,SpineAisle,East,10,0,0.00,0.00,0.0000
2026-05-30 22:58:34,brandimarte_mk01,SPT_SMPT,43,4366.67,7,BotSpine_Seg0,SpineAisle,West,93,0,0.00,0.00,0.0000
2026-05-30 22:58:34,brandimarte_mk01,SPT_SMPT,43,4366.67,8,BotSpine_Seg1,SpineAisle,West,93,0,0.00,0.00,0.0000
2026-05-30 22:58:34,brandimarte_mk01,SPT_SMPT,43,4366.67,9,BotSpine_Seg2,SpineAisle,West,93,0,0.00,0.00,0.0000
2026-05-30 22:58:34,brandimarte_mk01,SPT_SMPT,43,4366.67,10,BotSpine_Seg3,SpineAisle,West,93,0,0.00,0.00,0.0000
2026-05-30 22:58:34,brandimarte_mk01,SPT_SMPT,43,4366.67,11,LeftVert_TopConn,VerticalAisle,North,10,0,0.00,0.00,0.0000
2026-05-30 22:58:34,brandimarte_mk01,SPT_SMPT,43,4366.67,12,LeftVert_Row0,VerticalAisle,North,93,639,166.14,0.26,0.8730
2026-05-30 22:58:34,brandimarte_mk01,SPT_SMPT,43,4366.67,13,LeftVert_BotConn,VerticalAisle,North,93,475,123.50,0.26,0.8363
2026-05-30 22:58:34,brandimarte_mk01,SPT_SMPT,43,4366.67,14,RightVert_TopConn,VerticalAisle,South,10,0,0.00,0.00,0.0000
2026-05-30 22:58:34,brandimarte_mk01,SPT_SMPT,43,4366.67,15,RightVert_Row0,VerticalAisle,South,93,0,0.00,0.00,0.0000
2026-05-30 22:58:34,brandimarte_mk01,SPT_SMPT,43,4366.67,16,RightVert_BotConn,VerticalAisle,South,93,2,0.52,0.26,0.0211
2026-05-30 23:00:22,brandimarte_mk01,SPT_SMPT,44,4366.67,0,RowAisle0_Seg0,RowAisle,East,83,26,6.76,0.26,0.2385
2026-05-30 23:00:22,brandimarte_mk01,SPT_SMPT,44,4366.67,1,RowAisle0_Seg1,RowAisle,East,83,134,34.84,0.26,0.6175
2026-05-30 23:00:22,brandimarte_mk01,SPT_SMPT,44,4366.67,2,RowAisle0_Seg2,RowAisle,East,83,3,0.78,0.26,0.0349
2026-05-30 23:00:22,brandimarte_mk01,SPT_SMPT,44,4366.67,3,TopSpine_Seg0,SpineAisle,East,10,0,0.00,0.00,0.0000
2026-05-30 23:00:22,brandimarte_mk01,SPT_SMPT,44,4366.67,4,TopSpine_Seg1,SpineAisle,East,10,0,0.00,0.00,0.0000
2026-05-30 23:00:22,brandimarte_mk01,SPT_SMPT,44,4366.67,5,TopSpine_Seg2,SpineAisle,East,10,0,0.00,0.00,0.0000
2026-05-30 23:00:22,brandimarte_mk01,SPT_SMPT,44,4366.67,6,TopSpine_Seg3,SpineAisle,East,10,0,0.00,0.00,0.0000
2026-05-30 23:00:22,brandimarte_mk01,SPT_SMPT,44,4366.67,7,BotSpine_Seg0,SpineAisle,West,93,0,0.00,0.00,0.0000
2026-05-30 23:00:22,brandimarte_mk01,SPT_SMPT,44,4366.67,8,BotSpine_Seg1,SpineAisle,West,93,0,0.00,0.00,0.0000
2026-05-30 23:00:22,brandimarte_mk01,SPT_SMPT,44,4366.67,9,BotSpine_Seg2,SpineAisle,West,93,0,0.00,0.00,0.0000
2026-05-30 23:00:22,brandimarte_mk01,SPT_SMPT,44,4366.67,10,BotSpine_Seg3,SpineAisle,West,93,0,0.00,0.00,0.0000
2026-05-30 23:00:22,brandimarte_mk01,SPT_SMPT,44,4366.67,11,LeftVert_TopConn,VerticalAisle,North,10,0,0.00,0.00,0.0000
2026-05-30 23:00:22,brandimarte_mk01,SPT_SMPT,44,4366.67,12,LeftVert_Row0,VerticalAisle,North,93,639,166.14,0.26,0.8730
2026-05-30 23:00:22,brandimarte_mk01,SPT_SMPT,44,4366.67,13,LeftVert_BotConn,VerticalAisle,North,93,475,123.50,0.26,0.8363
2026-05-30 23:00:22,brandimarte_mk01,SPT_SMPT,44,4366.67,14,RightVert_TopConn,VerticalAisle,South,10,0,0.00,0.00,0.0000
2026-05-30 23:00:22,brandimarte_mk01,SPT_SMPT,44,4366.67,15,RightVert_Row0,VerticalAisle,South,93,0,0.00,0.00,0.0000
2026-05-30 23:00:22,brandimarte_mk01,SPT_SMPT,44,4366.67,16,RightVert_BotConn,VerticalAisle,South,93,2,0.52,0.26,0.0211
2026-05-30 23:05:05,brandimarte_mk03,SPT_SMPT,42,11300.00,0,RowAisle0_Seg0,RowAisle,East,256,143,37.18,0.26,0.3584
2026-05-30 23:05:05,brandimarte_mk03,SPT_SMPT,42,11300.00,1,RowAisle0_Seg1,RowAisle,East,256,69,17.94,0.26,0.2123
2026-05-30 23:05:05,brandimarte_mk03,SPT_SMPT,42,11300.00,2,RowAisle0_Seg2,RowAisle,East,256,81,21.06,0.26,0.2404
2026-05-30 23:05:05,brandimarte_mk03,SPT_SMPT,42,11300.00,3,RowAisle1_Seg0,RowAisle,West,106,55,14.30,0.26,0.3416
2026-05-30 23:05:05,brandimarte_mk03,SPT_SMPT,42,11300.00,4,RowAisle1_Seg1,RowAisle,West,106,66,17.16,0.26,0.3837
2026-05-30 23:05:05,brandimarte_mk03,SPT_SMPT,42,11300.00,5,RowAisle1_Seg2,RowAisle,West,106,402,104.52,0.26,0.7913
2026-05-30 23:05:05,brandimarte_mk03,SPT_SMPT,42,11300.00,6,TopSpine_Seg0,SpineAisle,East,15,0,0.00,0.00,0.0000
2026-05-30 23:05:05,brandimarte_mk03,SPT_SMPT,42,11300.00,7,TopSpine_Seg1,SpineAisle,East,15,0,0.00,0.00,0.0000
2026-05-30 23:05:05,brandimarte_mk03,SPT_SMPT,42,11300.00,8,TopSpine_Seg2,SpineAisle,East,15,0,0.00,0.00,0.0000
2026-05-30 23:05:05,brandimarte_mk03,SPT_SMPT,42,11300.00,9,TopSpine_Seg3,SpineAisle,East,15,0,0.00,0.00,0.0000
2026-05-30 23:05:05,brandimarte_mk03,SPT_SMPT,42,11300.00,10,BotSpine_Seg0,SpineAisle,West,165,0,0.00,0.00,0.0000
2026-05-30 23:05:05,brandimarte_mk03,SPT_SMPT,42,11300.00,11,BotSpine_Seg1,SpineAisle,West,165,0,0.00,0.00,0.0000
2026-05-30 23:05:05,brandimarte_mk03,SPT_SMPT,42,11300.00,12,BotSpine_Seg2,SpineAisle,West,165,0,0.00,0.00,0.0000
2026-05-30 23:05:05,brandimarte_mk03,SPT_SMPT,42,11300.00,13,BotSpine_Seg3,SpineAisle,West,165,0,0.00,0.00,0.0000
2026-05-30 23:05:05,brandimarte_mk03,SPT_SMPT,42,11300.00,14,LeftVert_TopConn,VerticalAisle,North,15,0,0.00,0.00,0.0000
2026-05-30 23:05:05,brandimarte_mk03,SPT_SMPT,42,11300.00,15,LeftVert_Row0,VerticalAisle,North,271,3147,818.22,0.26,0.9207
2026-05-30 23:05:05,brandimarte_mk03,SPT_SMPT,42,11300.00,16,LeftVert_Row1,VerticalAisle,North,271,168,43.68,0.26,0.3827
2026-05-30 23:05:05,brandimarte_mk03,SPT_SMPT,42,11300.00,17,LeftVert_BotConn,VerticalAisle,North,165,2049,532.74,0.26,0.9255
2026-05-30 23:05:05,brandimarte_mk03,SPT_SMPT,42,11300.00,18,RightVert_TopConn,VerticalAisle,South,15,0,0.00,0.00,0.0000
2026-05-30 23:05:05,brandimarte_mk03,SPT_SMPT,42,11300.00,19,RightVert_Row0,VerticalAisle,South,271,165,42.90,0.26,0.3784
2026-05-30 23:05:05,brandimarte_mk03,SPT_SMPT,42,11300.00,20,RightVert_Row1,VerticalAisle,South,271,80,20.80,0.26,0.2279
2026-05-30 23:05:05,brandimarte_mk03,SPT_SMPT,42,11300.00,21,RightVert_BotConn,VerticalAisle,South,165,0,0.00,0.00,0.0000
2026-05-30 23:09:49,brandimarte_mk03,SPT_SMPT,43,11300.00,0,RowAisle0_Seg0,RowAisle,East,256,143,37.18,0.26,0.3584
2026-05-30 23:09:49,brandimarte_mk03,SPT_SMPT,43,11300.00,1,RowAisle0_Seg1,RowAisle,East,256,69,17.94,0.26,0.2123
2026-05-30 23:09:49,brandimarte_mk03,SPT_SMPT,43,11300.00,2,RowAisle0_Seg2,RowAisle,East,256,81,21.06,0.26,0.2404
2026-05-30 23:09:49,brandimarte_mk03,SPT_SMPT,43,11300.00,3,RowAisle1_Seg0,RowAisle,West,106,55,14.30,0.26,0.3416
2026-05-30 23:09:49,brandimarte_mk03,SPT_SMPT,43,11300.00,4,RowAisle1_Seg1,RowAisle,West,106,66,17.17,0.26,0.3837
2026-05-30 23:09:49,brandimarte_mk03,SPT_SMPT,43,11300.00,5,RowAisle1_Seg2,RowAisle,West,106,402,104.52,0.26,0.7913
2026-05-30 23:09:49,brandimarte_mk03,SPT_SMPT,43,11300.00,6,TopSpine_Seg0,SpineAisle,East,15,0,0.00,0.00,0.0000
2026-05-30 23:09:49,brandimarte_mk03,SPT_SMPT,43,11300.00,7,TopSpine_Seg1,SpineAisle,East,15,0,0.00,0.00,0.0000
2026-05-30 23:09:49,brandimarte_mk03,SPT_SMPT,43,11300.00,8,TopSpine_Seg2,SpineAisle,East,15,0,0.00,0.00,0.0000
2026-05-30 23:09:49,brandimarte_mk03,SPT_SMPT,43,11300.00,9,TopSpine_Seg3,SpineAisle,East,15,0,0.00,0.00,0.0000
2026-05-30 23:09:49,brandimarte_mk03,SPT_SMPT,43,11300.00,10,BotSpine_Seg0,SpineAisle,West,165,0,0.00,0.00,0.0000
2026-05-30 23:09:49,brandimarte_mk03,SPT_SMPT,43,11300.00,11,BotSpine_Seg1,SpineAisle,West,165,0,0.00,0.00,0.0000
2026-05-30 23:09:49,brandimarte_mk03,SPT_SMPT,43,11300.00,12,BotSpine_Seg2,SpineAisle,West,165,0,0.00,0.00,0.0000
2026-05-30 23:09:49,brandimarte_mk03,SPT_SMPT,43,11300.00,13,BotSpine_Seg3,SpineAisle,West,165,0,0.00,0.00,0.0000
2026-05-30 23:09:49,brandimarte_mk03,SPT_SMPT,43,11300.00,14,LeftVert_TopConn,VerticalAisle,North,15,0,0.00,0.00,0.0000
2026-05-30 23:09:49,brandimarte_mk03,SPT_SMPT,43,11300.00,15,LeftVert_Row0,VerticalAisle,North,271,3147,818.22,0.26,0.9207
2026-05-30 23:09:49,brandimarte_mk03,SPT_SMPT,43,11300.00,16,LeftVert_Row1,VerticalAisle,North,271,168,43.68,0.26,0.3827
2026-05-30 23:09:49,brandimarte_mk03,SPT_SMPT,43,11300.00,17,LeftVert_BotConn,VerticalAisle,North,165,2049,532.73,0.26,0.9255
2026-05-30 23:09:49,brandimarte_mk03,SPT_SMPT,43,11300.00,18,RightVert_TopConn,VerticalAisle,South,15,0,0.00,0.00,0.0000
2026-05-30 23:09:49,brandimarte_mk03,SPT_SMPT,43,11300.00,19,RightVert_Row0,VerticalAisle,South,271,165,42.90,0.26,0.3784
2026-05-30 23:09:49,brandimarte_mk03,SPT_SMPT,43,11300.00,20,RightVert_Row1,VerticalAisle,South,271,80,20.80,0.26,0.2279
2026-05-30 23:09:49,brandimarte_mk03,SPT_SMPT,43,11300.00,21,RightVert_BotConn,VerticalAisle,South,165,0,0.00,0.00,0.0000
2026-05-30 23:14:32,brandimarte_mk03,SPT_SMPT,44,11300.00,0,RowAisle0_Seg0,RowAisle,East,256,142,36.92,0.26,0.3568
2026-05-30 23:14:32,brandimarte_mk03,SPT_SMPT,44,11300.00,1,RowAisle0_Seg1,RowAisle,East,256,69,17.94,0.26,0.2123
2026-05-30 23:14:32,brandimarte_mk03,SPT_SMPT,44,11300.00,2,RowAisle0_Seg2,RowAisle,East,256,80,20.80,0.26,0.2381
2026-05-30 23:14:32,brandimarte_mk03,SPT_SMPT,44,11300.00,3,RowAisle1_Seg0,RowAisle,West,106,56,14.55,0.26,0.3457
2026-05-30 23:14:32,brandimarte_mk03,SPT_SMPT,44,11300.00,4,RowAisle1_Seg1,RowAisle,West,106,64,16.64,0.26,0.3765
2026-05-30 23:14:32,brandimarte_mk03,SPT_SMPT,44,11300.00,5,RowAisle1_Seg2,RowAisle,West,106,403,104.78,0.26,0.7917
2026-05-30 23:14:32,brandimarte_mk03,SPT_SMPT,44,11300.00,6,TopSpine_Seg0,SpineAisle,East,15,0,0.00,0.00,0.0000
2026-05-30 23:14:32,brandimarte_mk03,SPT_SMPT,44,11300.00,7,TopSpine_Seg1,SpineAisle,East,15,0,0.00,0.00,0.0000
2026-05-30 23:14:32,brandimarte_mk03,SPT_SMPT,44,11300.00,8,TopSpine_Seg2,SpineAisle,East,15,0,0.00,0.00,0.0000
2026-05-30 23:14:32,brandimarte_mk03,SPT_SMPT,44,11300.00,9,TopSpine_Seg3,SpineAisle,East,15,0,0.00,0.00,0.0000
2026-05-30 23:14:32,brandimarte_mk03,SPT_SMPT,44,11300.00,10,BotSpine_Seg0,SpineAisle,West,165,0,0.00,0.00,0.0000
2026-05-30 23:14:32,brandimarte_mk03,SPT_SMPT,44,11300.00,11,BotSpine_Seg1,SpineAisle,West,165,0,0.00,0.00,0.0000
2026-05-30 23:14:32,brandimarte_mk03,SPT_SMPT,44,11300.00,12,BotSpine_Seg2,SpineAisle,West,165,0,0.00,0.00,0.0000
2026-05-30 23:14:32,brandimarte_mk03,SPT_SMPT,44,11300.00,13,BotSpine_Seg3,SpineAisle,West,165,0,0.00,0.00,0.0000
2026-05-30 23:14:32,brandimarte_mk03,SPT_SMPT,44,11300.00,14,LeftVert_TopConn,VerticalAisle,North,15,0,0.00,0.00,0.0000
2026-05-30 23:14:32,brandimarte_mk03,SPT_SMPT,44,11300.00,15,LeftVert_Row0,VerticalAisle,North,271,3147,818.23,0.26,0.9207
2026-05-30 23:14:32,brandimarte_mk03,SPT_SMPT,44,11300.00,16,LeftVert_Row1,VerticalAisle,North,271,166,43.16,0.26,0.3799
2026-05-30 23:14:32,brandimarte_mk03,SPT_SMPT,44,11300.00,17,LeftVert_BotConn,VerticalAisle,North,165,2048,532.49,0.26,0.9254
2026-05-30 23:14:32,brandimarte_mk03,SPT_SMPT,44,11300.00,18,RightVert_TopConn,VerticalAisle,South,15,0,0.00,0.00,0.0000
2026-05-30 23:14:32,brandimarte_mk03,SPT_SMPT,44,11300.00,19,RightVert_Row0,VerticalAisle,South,271,166,43.16,0.26,0.3799
2026-05-30 23:14:32,brandimarte_mk03,SPT_SMPT,44,11300.00,20,RightVert_Row1,VerticalAisle,South,271,79,20.54,0.26,0.2257
2026-05-30 23:14:32,brandimarte_mk03,SPT_SMPT,44,11300.00,21,RightVert_BotConn,VerticalAisle,South,165,0,0.00,0.00,0.0000
2026-05-30 23:17:39,brandimarte_mk04,SPT_SMPT,42,7466.67,0,RowAisle0_Seg0,RowAisle,East,149,671,174.46,0.26,0.8183
2026-05-30 23:17:39,brandimarte_mk04,SPT_SMPT,42,7466.67,1,RowAisle0_Seg1,RowAisle,East,149,282,73.32,0.26,0.6543
2026-05-30 23:17:39,brandimarte_mk04,SPT_SMPT,42,7466.67,2,RowAisle0_Seg2,RowAisle,East,149,23,5.98,0.26,0.1337
2026-05-30 23:17:39,brandimarte_mk04,SPT_SMPT,42,7466.67,3,RowAisle1_Seg0,RowAisle,West,59,22,5.72,0.26,0.2716
2026-05-30 23:17:39,brandimarte_mk04,SPT_SMPT,42,7466.67,4,RowAisle1_Seg1,RowAisle,West,59,0,0.00,0.00,0.0000
2026-05-30 23:17:39,brandimarte_mk04,SPT_SMPT,42,7466.67,5,RowAisle1_Seg2,RowAisle,West,59,0,0.00,0.00,0.0000
2026-05-30 23:17:39,brandimarte_mk04,SPT_SMPT,42,7466.67,6,TopSpine_Seg0,SpineAisle,East,15,0,0.00,0.00,0.0000
2026-05-30 23:17:39,brandimarte_mk04,SPT_SMPT,42,7466.67,7,TopSpine_Seg1,SpineAisle,East,15,0,0.00,0.00,0.0000
2026-05-30 23:17:39,brandimarte_mk04,SPT_SMPT,42,7466.67,8,TopSpine_Seg2,SpineAisle,East,15,0,0.00,0.00,0.0000
2026-05-30 23:17:39,brandimarte_mk04,SPT_SMPT,42,7466.67,9,TopSpine_Seg3,SpineAisle,East,15,0,0.00,0.00,0.0000
2026-05-30 23:17:39,brandimarte_mk04,SPT_SMPT,42,7466.67,10,BotSpine_Seg0,SpineAisle,West,105,0,0.00,0.00,0.0000
2026-05-30 23:17:39,brandimarte_mk04,SPT_SMPT,42,7466.67,11,BotSpine_Seg1,SpineAisle,West,105,0,0.00,0.00,0.0000
2026-05-30 23:17:39,brandimarte_mk04,SPT_SMPT,42,7466.67,12,BotSpine_Seg2,SpineAisle,West,105,0,0.00,0.00,0.0000
2026-05-30 23:17:39,brandimarte_mk04,SPT_SMPT,42,7466.67,13,BotSpine_Seg3,SpineAisle,West,105,0,0.00,0.00,0.0000
2026-05-30 23:17:39,brandimarte_mk04,SPT_SMPT,42,7466.67,14,LeftVert_TopConn,VerticalAisle,North,15,0,0.00,0.00,0.0000
2026-05-30 23:17:39,brandimarte_mk04,SPT_SMPT,42,7466.67,15,LeftVert_Row0,VerticalAisle,North,164,1292,335.92,0.26,0.8874
2026-05-30 23:17:39,brandimarte_mk04,SPT_SMPT,42,7466.67,16,LeftVert_Row1,VerticalAisle,North,164,495,128.70,0.26,0.7511
2026-05-30 23:17:39,brandimarte_mk04,SPT_SMPT,42,7466.67,17,LeftVert_BotConn,VerticalAisle,North,105,794,206.43,0.26,0.8832
2026-05-30 23:17:39,brandimarte_mk04,SPT_SMPT,42,7466.67,18,RightVert_TopConn,VerticalAisle,South,15,0,0.00,0.00,0.0000
2026-05-30 23:17:39,brandimarte_mk04,SPT_SMPT,42,7466.67,19,RightVert_Row0,VerticalAisle,South,164,3,0.78,0.26,0.0180
2026-05-30 23:17:39,brandimarte_mk04,SPT_SMPT,42,7466.67,20,RightVert_Row1,VerticalAisle,South,164,10,2.60,0.26,0.0575
2026-05-30 23:17:39,brandimarte_mk04,SPT_SMPT,42,7466.67,21,RightVert_BotConn,VerticalAisle,South,105,0,0.00,0.00,0.0000
2026-05-30 23:20:44,brandimarte_mk04,SPT_SMPT,43,7466.67,0,RowAisle0_Seg0,RowAisle,East,149,671,174.46,0.26,0.8183
2026-05-30 23:20:44,brandimarte_mk04,SPT_SMPT,43,7466.67,1,RowAisle0_Seg1,RowAisle,East,149,282,73.31,0.26,0.6543
2026-05-30 23:20:44,brandimarte_mk04,SPT_SMPT,43,7466.67,2,RowAisle0_Seg2,RowAisle,East,149,22,5.72,0.26,0.1287
2026-05-30 23:20:44,brandimarte_mk04,SPT_SMPT,43,7466.67,3,RowAisle1_Seg0,RowAisle,West,59,22,5.72,0.26,0.2716
2026-05-30 23:20:44,brandimarte_mk04,SPT_SMPT,43,7466.67,4,RowAisle1_Seg1,RowAisle,West,59,0,0.00,0.00,0.0000
2026-05-30 23:20:44,brandimarte_mk04,SPT_SMPT,43,7466.67,5,RowAisle1_Seg2,RowAisle,West,59,0,0.00,0.00,0.0000
2026-05-30 23:20:44,brandimarte_mk04,SPT_SMPT,43,7466.67,6,TopSpine_Seg0,SpineAisle,East,15,0,0.00,0.00,0.0000
2026-05-30 23:20:44,brandimarte_mk04,SPT_SMPT,43,7466.67,7,TopSpine_Seg1,SpineAisle,East,15,0,0.00,0.00,0.0000
2026-05-30 23:20:44,brandimarte_mk04,SPT_SMPT,43,7466.67,8,TopSpine_Seg2,SpineAisle,East,15,0,0.00,0.00,0.0000
2026-05-30 23:20:44,brandimarte_mk04,SPT_SMPT,43,7466.67,9,TopSpine_Seg3,SpineAisle,East,15,0,0.00,0.00,0.0000
2026-05-30 23:20:44,brandimarte_mk04,SPT_SMPT,43,7466.67,10,BotSpine_Seg0,SpineAisle,West,105,0,0.00,0.00,0.0000
2026-05-30 23:20:44,brandimarte_mk04,SPT_SMPT,43,7466.67,11,BotSpine_Seg1,SpineAisle,West,105,0,0.00,0.00,0.0000
2026-05-30 23:20:44,brandimarte_mk04,SPT_SMPT,43,7466.67,12,BotSpine_Seg2,SpineAisle,West,105,0,0.00,0.00,0.0000
2026-05-30 23:20:44,brandimarte_mk04,SPT_SMPT,43,7466.67,13,BotSpine_Seg3,SpineAisle,West,105,0,0.00,0.00,0.0000
2026-05-30 23:20:44,brandimarte_mk04,SPT_SMPT,43,7466.67,14,LeftVert_TopConn,VerticalAisle,North,15,0,0.00,0.00,0.0000
2026-05-30 23:20:44,brandimarte_mk04,SPT_SMPT,43,7466.67,15,LeftVert_Row0,VerticalAisle,North,164,1293,336.18,0.26,0.8874
2026-05-30 23:20:44,brandimarte_mk04,SPT_SMPT,43,7466.67,16,LeftVert_Row1,VerticalAisle,North,164,495,128.70,0.26,0.7511
2026-05-30 23:20:44,brandimarte_mk04,SPT_SMPT,43,7466.67,17,LeftVert_BotConn,VerticalAisle,North,105,794,206.46,0.26,0.8832
2026-05-30 23:20:44,brandimarte_mk04,SPT_SMPT,43,7466.67,18,RightVert_TopConn,VerticalAisle,South,15,0,0.00,0.00,0.0000
2026-05-30 23:20:44,brandimarte_mk04,SPT_SMPT,43,7466.67,19,RightVert_Row0,VerticalAisle,South,164,3,0.78,0.26,0.0180
2026-05-30 23:20:44,brandimarte_mk04,SPT_SMPT,43,7466.67,20,RightVert_Row1,VerticalAisle,South,164,10,2.60,0.26,0.0575
2026-05-30 23:20:44,brandimarte_mk04,SPT_SMPT,43,7466.67,21,RightVert_BotConn,VerticalAisle,South,105,0,0.00,0.00,0.0000
2026-05-30 23:23:50,brandimarte_mk04,SPT_SMPT,44,7466.67,0,RowAisle0_Seg0,RowAisle,East,149,671,174.46,0.26,0.8183
2026-05-30 23:23:50,brandimarte_mk04,SPT_SMPT,44,7466.67,1,RowAisle0_Seg1,RowAisle,East,149,282,73.32,0.26,0.6543
2026-05-30 23:23:50,brandimarte_mk04,SPT_SMPT,44,7466.67,2,RowAisle0_Seg2,RowAisle,East,149,22,5.72,0.26,0.1287
2026-05-30 23:23:50,brandimarte_mk04,SPT_SMPT,44,7466.67,3,RowAisle1_Seg0,RowAisle,West,59,22,5.72,0.26,0.2716
2026-05-30 23:23:50,brandimarte_mk04,SPT_SMPT,44,7466.67,4,RowAisle1_Seg1,RowAisle,West,59,0,0.00,0.00,0.0000
2026-05-30 23:23:50,brandimarte_mk04,SPT_SMPT,44,7466.67,5,RowAisle1_Seg2,RowAisle,West,59,0,0.00,0.00,0.0000
2026-05-30 23:23:50,brandimarte_mk04,SPT_SMPT,44,7466.67,6,TopSpine_Seg0,SpineAisle,East,15,0,0.00,0.00,0.0000
2026-05-30 23:23:50,brandimarte_mk04,SPT_SMPT,44,7466.67,7,TopSpine_Seg1,SpineAisle,East,15,0,0.00,0.00,0.0000
2026-05-30 23:23:50,brandimarte_mk04,SPT_SMPT,44,7466.67,8,TopSpine_Seg2,SpineAisle,East,15,0,0.00,0.00,0.0000
2026-05-30 23:23:50,brandimarte_mk04,SPT_SMPT,44,7466.67,9,TopSpine_Seg3,SpineAisle,East,15,0,0.00,0.00,0.0000
2026-05-30 23:23:50,brandimarte_mk04,SPT_SMPT,44,7466.67,10,BotSpine_Seg0,SpineAisle,West,105,0,0.00,0.00,0.0000
2026-05-30 23:23:50,brandimarte_mk04,SPT_SMPT,44,7466.67,11,BotSpine_Seg1,SpineAisle,West,105,0,0.00,0.00,0.0000
2026-05-30 23:23:50,brandimarte_mk04,SPT_SMPT,44,7466.67,12,BotSpine_Seg2,SpineAisle,West,105,0,0.00,0.00,0.0000
2026-05-30 23:23:50,brandimarte_mk04,SPT_SMPT,44,7466.67,13,BotSpine_Seg3,SpineAisle,West,105,0,0.00,0.00,0.0000
2026-05-30 23:23:50,brandimarte_mk04,SPT_SMPT,44,7466.67,14,LeftVert_TopConn,VerticalAisle,North,15,0,0.00,0.00,0.0000
2026-05-30 23:23:50,brandimarte_mk04,SPT_SMPT,44,7466.67,15,LeftVert_Row0,VerticalAisle,North,164,1293,336.20,0.26,0.8874
2026-05-30 23:23:50,brandimarte_mk04,SPT_SMPT,44,7466.67,16,LeftVert_Row1,VerticalAisle,North,164,495,128.70,0.26,0.7511
2026-05-30 23:23:50,brandimarte_mk04,SPT_SMPT,44,7466.67,17,LeftVert_BotConn,VerticalAisle,North,105,794,206.43,0.26,0.8832
2026-05-30 23:23:50,brandimarte_mk04,SPT_SMPT,44,7466.67,18,RightVert_TopConn,VerticalAisle,South,15,0,0.00,0.00,0.0000
2026-05-30 23:23:50,brandimarte_mk04,SPT_SMPT,44,7466.67,19,RightVert_Row0,VerticalAisle,South,164,3,0.79,0.26,0.0180
2026-05-30 23:23:50,brandimarte_mk04,SPT_SMPT,44,7466.67,20,RightVert_Row1,VerticalAisle,South,164,10,2.61,0.26,0.0575
2026-05-30 23:23:50,brandimarte_mk04,SPT_SMPT,44,7466.67,21,RightVert_BotConn,VerticalAisle,South,105,0,0.00,0.00,0.0000
2026-05-30 23:28:15,brandimarte_mk06,SPT_SMPT,42,10633.34,0,RowAisle0_Seg0,RowAisle,East,257,10,2.60,0.26,0.0375
2026-05-30 23:28:15,brandimarte_mk06,SPT_SMPT,42,10633.34,1,RowAisle0_Seg1,RowAisle,East,257,953,247.79,0.26,0.7876
2026-05-30 23:28:15,brandimarte_mk06,SPT_SMPT,42,10633.34,2,RowAisle0_Seg2,RowAisle,East,257,0,0.00,0.00,0.0000
2026-05-30 23:28:15,brandimarte_mk06,SPT_SMPT,42,10633.34,3,RowAisle0_Seg3,RowAisle,East,257,3,0.77,0.26,0.0115
2026-05-30 23:28:15,brandimarte_mk06,SPT_SMPT,42,10633.34,4,RowAisle1_Seg0,RowAisle,West,107,6,1.56,0.26,0.0531
2026-05-30 23:28:15,brandimarte_mk06,SPT_SMPT,42,10633.34,5,RowAisle1_Seg1,RowAisle,West,107,9,2.34,0.26,0.0776
2026-05-30 23:28:15,brandimarte_mk06,SPT_SMPT,42,10633.34,6,RowAisle1_Seg2,RowAisle,West,107,99,25.74,0.26,0.4806
2026-05-30 23:28:15,brandimarte_mk06,SPT_SMPT,42,10633.34,7,RowAisle1_Seg3,RowAisle,West,107,0,0.00,0.00,0.0000
2026-05-30 23:28:15,brandimarte_mk06,SPT_SMPT,42,10633.34,8,TopSpine_Seg0,SpineAisle,East,10,0,0.00,0.00,0.0000
2026-05-30 23:28:15,brandimarte_mk06,SPT_SMPT,42,10633.34,9,TopSpine_Seg1,SpineAisle,East,10,0,0.00,0.00,0.0000
2026-05-30 23:28:15,brandimarte_mk06,SPT_SMPT,42,10633.34,10,TopSpine_Seg2,SpineAisle,East,10,0,0.00,0.00,0.0000
2026-05-30 23:28:15,brandimarte_mk06,SPT_SMPT,42,10633.34,11,TopSpine_Seg3,SpineAisle,East,10,0,0.00,0.00,0.0000
2026-05-30 23:28:15,brandimarte_mk06,SPT_SMPT,42,10633.34,12,TopSpine_Seg4,SpineAisle,East,10,0,0.00,0.00,0.0000
2026-05-30 23:28:15,brandimarte_mk06,SPT_SMPT,42,10633.34,13,BotSpine_Seg0,SpineAisle,West,160,0,0.00,0.00,0.0000
2026-05-30 23:28:15,brandimarte_mk06,SPT_SMPT,42,10633.34,14,BotSpine_Seg1,SpineAisle,West,160,0,0.00,0.00,0.0000
2026-05-30 23:28:15,brandimarte_mk06,SPT_SMPT,42,10633.34,15,BotSpine_Seg2,SpineAisle,West,160,0,0.00,0.00,0.0000
2026-05-30 23:28:15,brandimarte_mk06,SPT_SMPT,42,10633.34,16,BotSpine_Seg3,SpineAisle,West,160,0,0.00,0.00,0.0000
2026-05-30 23:28:15,brandimarte_mk06,SPT_SMPT,42,10633.34,17,BotSpine_Seg4,SpineAisle,West,160,0,0.00,0.00,0.0000
2026-05-30 23:28:15,brandimarte_mk06,SPT_SMPT,42,10633.34,18,LeftVert_TopConn,VerticalAisle,North,10,0,0.00,0.00,0.0000
2026-05-30 23:28:15,brandimarte_mk06,SPT_SMPT,42,10633.34,19,LeftVert_Row0,VerticalAisle,North,267,770,200.18,0.26,0.7425
2026-05-30 23:28:15,brandimarte_mk06,SPT_SMPT,42,10633.34,20,LeftVert_Row1,VerticalAisle,North,267,202,52.52,0.26,0.4307
2026-05-30 23:28:15,brandimarte_mk06,SPT_SMPT,42,10633.34,21,LeftVert_BotConn,VerticalAisle,North,160,831,216.05,0.26,0.8385
2026-05-30 23:28:15,brandimarte_mk06,SPT_SMPT,42,10633.34,22,RightVert_TopConn,VerticalAisle,South,10,0,0.00,0.00,0.0000
2026-05-30 23:28:15,brandimarte_mk06,SPT_SMPT,42,10633.34,23,RightVert_Row0,VerticalAisle,South,267,3,0.79,0.26,0.0111
2026-05-30 23:28:15,brandimarte_mk06,SPT_SMPT,42,10633.34,24,RightVert_Row1,VerticalAisle,South,267,18,4.69,0.26,0.0632
2026-05-30 23:28:15,brandimarte_mk06,SPT_SMPT,42,10633.34,25,RightVert_BotConn,VerticalAisle,South,160,0,0.00,0.00,0.0000
2026-05-30 23:32:39,brandimarte_mk06,SPT_SMPT,43,10633.34,0,RowAisle0_Seg0,RowAisle,East,257,10,2.60,0.26,0.0375
2026-05-30 23:32:39,brandimarte_mk06,SPT_SMPT,43,10633.34,1,RowAisle0_Seg1,RowAisle,East,257,955,248.30,0.26,0.7880
2026-05-30 23:32:39,brandimarte_mk06,SPT_SMPT,43,10633.34,2,RowAisle0_Seg2,RowAisle,East,257,0,0.00,0.00,0.0000
2026-05-30 23:32:39,brandimarte_mk06,SPT_SMPT,43,10633.34,3,RowAisle0_Seg3,RowAisle,East,257,2,0.52,0.26,0.0077
2026-05-30 23:32:39,brandimarte_mk06,SPT_SMPT,43,10633.34,4,RowAisle1_Seg0,RowAisle,West,107,6,1.56,0.26,0.0531
2026-05-30 23:32:39,brandimarte_mk06,SPT_SMPT,43,10633.34,5,RowAisle1_Seg1,RowAisle,West,107,9,2.34,0.26,0.0776
2026-05-30 23:32:39,brandimarte_mk06,SPT_SMPT,43,10633.34,6,RowAisle1_Seg2,RowAisle,West,107,99,25.74,0.26,0.4806
2026-05-30 23:32:39,brandimarte_mk06,SPT_SMPT,43,10633.34,7,RowAisle1_Seg3,RowAisle,West,107,0,0.00,0.00,0.0000
2026-05-30 23:32:39,brandimarte_mk06,SPT_SMPT,43,10633.34,8,TopSpine_Seg0,SpineAisle,East,10,0,0.00,0.00,0.0000
2026-05-30 23:32:39,brandimarte_mk06,SPT_SMPT,43,10633.34,9,TopSpine_Seg1,SpineAisle,East,10,0,0.00,0.00,0.0000
2026-05-30 23:32:39,brandimarte_mk06,SPT_SMPT,43,10633.34,10,TopSpine_Seg2,SpineAisle,East,10,0,0.00,0.00,0.0000
2026-05-30 23:32:39,brandimarte_mk06,SPT_SMPT,43,10633.34,11,TopSpine_Seg3,SpineAisle,East,10,0,0.00,0.00,0.0000
2026-05-30 23:32:39,brandimarte_mk06,SPT_SMPT,43,10633.34,12,TopSpine_Seg4,SpineAisle,East,10,0,0.00,0.00,0.0000
2026-05-30 23:32:39,brandimarte_mk06,SPT_SMPT,43,10633.34,13,BotSpine_Seg0,SpineAisle,West,160,0,0.00,0.00,0.0000
2026-05-30 23:32:39,brandimarte_mk06,SPT_SMPT,43,10633.34,14,BotSpine_Seg1,SpineAisle,West,160,0,0.00,0.00,0.0000
2026-05-30 23:32:39,brandimarte_mk06,SPT_SMPT,43,10633.34,15,BotSpine_Seg2,SpineAisle,West,160,0,0.00,0.00,0.0000
2026-05-30 23:32:39,brandimarte_mk06,SPT_SMPT,43,10633.34,16,BotSpine_Seg3,SpineAisle,West,160,0,0.00,0.00,0.0000
2026-05-30 23:32:39,brandimarte_mk06,SPT_SMPT,43,10633.34,17,BotSpine_Seg4,SpineAisle,West,160,0,0.00,0.00,0.0000
2026-05-30 23:32:39,brandimarte_mk06,SPT_SMPT,43,10633.34,18,LeftVert_TopConn,VerticalAisle,North,10,0,0.00,0.00,0.0000
2026-05-30 23:32:39,brandimarte_mk06,SPT_SMPT,43,10633.34,19,LeftVert_Row0,VerticalAisle,North,267,770,200.22,0.26,0.7425
2026-05-30 23:32:39,brandimarte_mk06,SPT_SMPT,43,10633.34,20,LeftVert_Row1,VerticalAisle,North,267,202,52.52,0.26,0.4307
2026-05-30 23:32:39,brandimarte_mk06,SPT_SMPT,43,10633.34,21,LeftVert_BotConn,VerticalAisle,North,160,831,216.05,0.26,0.8385
2026-05-30 23:32:39,brandimarte_mk06,SPT_SMPT,43,10633.34,22,RightVert_TopConn,VerticalAisle,South,10,0,0.00,0.00,0.0000
2026-05-30 23:32:39,brandimarte_mk06,SPT_SMPT,43,10633.34,23,RightVert_Row0,VerticalAisle,South,267,4,1.05,0.26,0.0148
2026-05-30 23:32:39,brandimarte_mk06,SPT_SMPT,43,10633.34,24,RightVert_Row1,VerticalAisle,South,267,16,4.17,0.26,0.0565
2026-05-30 23:32:39,brandimarte_mk06,SPT_SMPT,43,10633.34,25,RightVert_BotConn,VerticalAisle,South,160,0,0.00,0.00,0.0000
2026-05-30 23:37:05,brandimarte_mk06,SPT_SMPT,44,10633.34,0,RowAisle0_Seg0,RowAisle,East,257,10,2.60,0.26,0.0375
2026-05-30 23:37:05,brandimarte_mk06,SPT_SMPT,44,10633.34,1,RowAisle0_Seg1,RowAisle,East,257,953,247.77,0.26,0.7876
2026-05-30 23:37:05,brandimarte_mk06,SPT_SMPT,44,10633.34,2,RowAisle0_Seg2,RowAisle,East,257,0,0.00,0.00,0.0000
2026-05-30 23:37:05,brandimarte_mk06,SPT_SMPT,44,10633.34,3,RowAisle0_Seg3,RowAisle,East,257,3,0.78,0.26,0.0115
2026-05-30 23:37:05,brandimarte_mk06,SPT_SMPT,44,10633.34,4,RowAisle1_Seg0,RowAisle,West,107,6,1.55,0.26,0.0531
2026-05-30 23:37:05,brandimarte_mk06,SPT_SMPT,44,10633.34,5,RowAisle1_Seg1,RowAisle,West,107,9,2.34,0.26,0.0776
2026-05-30 23:37:05,brandimarte_mk06,SPT_SMPT,44,10633.34,6,RowAisle1_Seg2,RowAisle,West,107,99,25.73,0.26,0.4806
2026-05-30 23:37:05,brandimarte_mk06,SPT_SMPT,44,10633.34,7,RowAisle1_Seg3,RowAisle,West,107,0,0.00,0.00,0.0000
2026-05-30 23:37:05,brandimarte_mk06,SPT_SMPT,44,10633.34,8,TopSpine_Seg0,SpineAisle,East,10,0,0.00,0.00,0.0000
2026-05-30 23:37:05,brandimarte_mk06,SPT_SMPT,44,10633.34,9,TopSpine_Seg1,SpineAisle,East,10,0,0.00,0.00,0.0000
2026-05-30 23:37:05,brandimarte_mk06,SPT_SMPT,44,10633.34,10,TopSpine_Seg2,SpineAisle,East,10,0,0.00,0.00,0.0000
2026-05-30 23:37:05,brandimarte_mk06,SPT_SMPT,44,10633.34,11,TopSpine_Seg3,SpineAisle,East,10,0,0.00,0.00,0.0000
2026-05-30 23:37:05,brandimarte_mk06,SPT_SMPT,44,10633.34,12,TopSpine_Seg4,SpineAisle,East,10,0,0.00,0.00,0.0000
2026-05-30 23:37:05,brandimarte_mk06,SPT_SMPT,44,10633.34,13,BotSpine_Seg0,SpineAisle,West,160,0,0.00,0.00,0.0000
2026-05-30 23:37:05,brandimarte_mk06,SPT_SMPT,44,10633.34,14,BotSpine_Seg1,SpineAisle,West,160,0,0.00,0.00,0.0000
2026-05-30 23:37:05,brandimarte_mk06,SPT_SMPT,44,10633.34,15,BotSpine_Seg2,SpineAisle,West,160,0,0.00,0.00,0.0000
2026-05-30 23:37:05,brandimarte_mk06,SPT_SMPT,44,10633.34,16,BotSpine_Seg3,SpineAisle,West,160,0,0.00,0.00,0.0000
2026-05-30 23:37:05,brandimarte_mk06,SPT_SMPT,44,10633.34,17,BotSpine_Seg4,SpineAisle,West,160,0,0.00,0.00,0.0000
2026-05-30 23:37:05,brandimarte_mk06,SPT_SMPT,44,10633.34,18,LeftVert_TopConn,VerticalAisle,North,10,0,0.00,0.00,0.0000
2026-05-30 23:37:05,brandimarte_mk06,SPT_SMPT,44,10633.34,19,LeftVert_Row0,VerticalAisle,North,267,770,200.21,0.26,0.7425
2026-05-30 23:37:05,brandimarte_mk06,SPT_SMPT,44,10633.34,20,LeftVert_Row1,VerticalAisle,North,267,202,52.52,0.26,0.4307
2026-05-30 23:37:05,brandimarte_mk06,SPT_SMPT,44,10633.34,21,LeftVert_BotConn,VerticalAisle,North,160,831,216.07,0.26,0.8385
2026-05-30 23:37:05,brandimarte_mk06,SPT_SMPT,44,10633.34,22,RightVert_TopConn,VerticalAisle,South,10,0,0.00,0.00,0.0000
2026-05-30 23:37:05,brandimarte_mk06,SPT_SMPT,44,10633.34,23,RightVert_Row0,VerticalAisle,South,267,3,0.77,0.26,0.0111
2026-05-30 23:37:05,brandimarte_mk06,SPT_SMPT,44,10633.34,24,RightVert_Row1,VerticalAisle,South,267,18,4.69,0.26,0.0632
2026-05-30 23:37:05,brandimarte_mk06,SPT_SMPT,44,10633.34,25,RightVert_BotConn,VerticalAisle,South,160,0,0.00,0.00,0.0000
2026-05-30 23:41:38,brandimarte_mk07,SPT_SMPT,42,11033.33,0,RowAisle0_Seg0,RowAisle,East,145,1446,375.99,0.26,0.9089
2026-05-30 23:41:38,brandimarte_mk07,SPT_SMPT,42,11033.33,1,RowAisle0_Seg1,RowAisle,East,145,391,101.66,0.26,0.7295
2026-05-30 23:41:38,brandimarte_mk07,SPT_SMPT,42,11033.33,2,RowAisle0_Seg2,RowAisle,East,145,3,0.78,0.26,0.0203
2026-05-30 23:41:38,brandimarte_mk07,SPT_SMPT,42,11033.33,3,TopSpine_Seg0,SpineAisle,East,20,0,0.00,0.00,0.0000
2026-05-30 23:41:38,brandimarte_mk07,SPT_SMPT,42,11033.33,4,TopSpine_Seg1,SpineAisle,East,20,0,0.00,0.00,0.0000
2026-05-30 23:41:38,brandimarte_mk07,SPT_SMPT,42,11033.33,5,TopSpine_Seg2,SpineAisle,East,20,0,0.00,0.00,0.0000
2026-05-30 23:41:38,brandimarte_mk07,SPT_SMPT,42,11033.33,6,TopSpine_Seg3,SpineAisle,East,20,0,0.00,0.00,0.0000
2026-05-30 23:41:38,brandimarte_mk07,SPT_SMPT,42,11033.33,7,BotSpine_Seg0,SpineAisle,West,165,0,0.00,0.00,0.0000
2026-05-30 23:41:38,brandimarte_mk07,SPT_SMPT,42,11033.33,8,BotSpine_Seg1,SpineAisle,West,165,0,0.00,0.00,0.0000
2026-05-30 23:41:38,brandimarte_mk07,SPT_SMPT,42,11033.33,9,BotSpine_Seg2,SpineAisle,West,165,0,0.00,0.00,0.0000
2026-05-30 23:41:38,brandimarte_mk07,SPT_SMPT,42,11033.33,10,BotSpine_Seg3,SpineAisle,West,165,0,0.00,0.00,0.0000
2026-05-30 23:41:38,brandimarte_mk07,SPT_SMPT,42,11033.33,11,LeftVert_TopConn,VerticalAisle,North,20,0,0.00,0.00,0.0000
2026-05-30 23:41:38,brandimarte_mk07,SPT_SMPT,42,11033.33,12,LeftVert_Row0,VerticalAisle,North,165,588,152.88,0.26,0.7809
2026-05-30 23:41:38,brandimarte_mk07,SPT_SMPT,42,11033.33,13,LeftVert_BotConn,VerticalAisle,North,165,914,237.63,0.26,0.8471
2026-05-30 23:41:38,brandimarte_mk07,SPT_SMPT,42,11033.33,14,RightVert_TopConn,VerticalAisle,South,20,0,0.00,0.00,0.0000
2026-05-30 23:41:38,brandimarte_mk07,SPT_SMPT,42,11033.33,15,RightVert_Row0,VerticalAisle,South,165,0,0.00,0.00,0.0000
2026-05-30 23:41:38,brandimarte_mk07,SPT_SMPT,42,11033.33,16,RightVert_BotConn,VerticalAisle,South,165,5,1.30,0.26,0.0294
2026-05-30 23:46:10,brandimarte_mk07,SPT_SMPT,43,11033.34,0,RowAisle0_Seg0,RowAisle,East,145,1446,375.97,0.26,0.9089
2026-05-30 23:46:10,brandimarte_mk07,SPT_SMPT,43,11033.34,1,RowAisle0_Seg1,RowAisle,East,145,391,101.66,0.26,0.7295
2026-05-30 23:46:10,brandimarte_mk07,SPT_SMPT,43,11033.34,2,RowAisle0_Seg2,RowAisle,East,145,2,0.52,0.26,0.0136
2026-05-30 23:46:10,brandimarte_mk07,SPT_SMPT,43,11033.34,3,TopSpine_Seg0,SpineAisle,East,20,0,0.00,0.00,0.0000
2026-05-30 23:46:10,brandimarte_mk07,SPT_SMPT,43,11033.34,4,TopSpine_Seg1,SpineAisle,East,20,0,0.00,0.00,0.0000
2026-05-30 23:46:10,brandimarte_mk07,SPT_SMPT,43,11033.34,5,TopSpine_Seg2,SpineAisle,East,20,0,0.00,0.00,0.0000
2026-05-30 23:46:10,brandimarte_mk07,SPT_SMPT,43,11033.34,6,TopSpine_Seg3,SpineAisle,East,20,0,0.00,0.00,0.0000
2026-05-30 23:46:10,brandimarte_mk07,SPT_SMPT,43,11033.34,7,BotSpine_Seg0,SpineAisle,West,165,0,0.00,0.00,0.0000
2026-05-30 23:46:10,brandimarte_mk07,SPT_SMPT,43,11033.34,8,BotSpine_Seg1,SpineAisle,West,165,0,0.00,0.00,0.0000
2026-05-30 23:46:10,brandimarte_mk07,SPT_SMPT,43,11033.34,9,BotSpine_Seg2,SpineAisle,West,165,0,0.00,0.00,0.0000
2026-05-30 23:46:10,brandimarte_mk07,SPT_SMPT,43,11033.34,10,BotSpine_Seg3,SpineAisle,West,165,0,0.00,0.00,0.0000
2026-05-30 23:46:10,brandimarte_mk07,SPT_SMPT,43,11033.34,11,LeftVert_TopConn,VerticalAisle,North,20,0,0.00,0.00,0.0000
2026-05-30 23:46:10,brandimarte_mk07,SPT_SMPT,43,11033.34,12,LeftVert_Row0,VerticalAisle,North,165,587,152.65,0.26,0.7806
2026-05-30 23:46:10,brandimarte_mk07,SPT_SMPT,43,11033.34,13,LeftVert_BotConn,VerticalAisle,North,165,914,237.64,0.26,0.8471
2026-05-30 23:46:10,brandimarte_mk07,SPT_SMPT,43,11033.34,14,RightVert_TopConn,VerticalAisle,South,20,0,0.00,0.00,0.0000
2026-05-30 23:46:10,brandimarte_mk07,SPT_SMPT,43,11033.34,15,RightVert_Row0,VerticalAisle,South,165,0,0.00,0.00,0.0000
2026-05-30 23:46:10,brandimarte_mk07,SPT_SMPT,43,11033.34,16,RightVert_BotConn,VerticalAisle,South,165,5,1.30,0.26,0.0294
2026-05-30 23:50:42,brandimarte_mk07,SPT_SMPT,44,11033.34,0,RowAisle0_Seg0,RowAisle,East,145,1446,375.93,0.26,0.9089
2026-05-30 23:50:42,brandimarte_mk07,SPT_SMPT,44,11033.34,1,RowAisle0_Seg1,RowAisle,East,145,391,101.66,0.26,0.7295
2026-05-30 23:50:42,brandimarte_mk07,SPT_SMPT,44,11033.34,2,RowAisle0_Seg2,RowAisle,East,145,3,0.77,0.26,0.0203
2026-05-30 23:50:42,brandimarte_mk07,SPT_SMPT,44,11033.34,3,TopSpine_Seg0,SpineAisle,East,20,0,0.00,0.00,0.0000
2026-05-30 23:50:42,brandimarte_mk07,SPT_SMPT,44,11033.34,4,TopSpine_Seg1,SpineAisle,East,20,0,0.00,0.00,0.0000
2026-05-30 23:50:42,brandimarte_mk07,SPT_SMPT,44,11033.34,5,TopSpine_Seg2,SpineAisle,East,20,0,0.00,0.00,0.0000
2026-05-30 23:50:42,brandimarte_mk07,SPT_SMPT,44,11033.34,6,TopSpine_Seg3,SpineAisle,East,20,0,0.00,0.00,0.0000
2026-05-30 23:50:42,brandimarte_mk07,SPT_SMPT,44,11033.34,7,BotSpine_Seg0,SpineAisle,West,165,0,0.00,0.00,0.0000
2026-05-30 23:50:42,brandimarte_mk07,SPT_SMPT,44,11033.34,8,BotSpine_Seg1,SpineAisle,West,165,0,0.00,0.00,0.0000
2026-05-30 23:50:42,brandimarte_mk07,SPT_SMPT,44,11033.34,9,BotSpine_Seg2,SpineAisle,West,165,0,0.00,0.00,0.0000
2026-05-30 23:50:42,brandimarte_mk07,SPT_SMPT,44,11033.34,10,BotSpine_Seg3,SpineAisle,West,165,0,0.00,0.00,0.0000
2026-05-30 23:50:42,brandimarte_mk07,SPT_SMPT,44,11033.34,11,LeftVert_TopConn,VerticalAisle,North,20,0,0.00,0.00,0.0000
2026-05-30 23:50:42,brandimarte_mk07,SPT_SMPT,44,11033.34,12,LeftVert_Row0,VerticalAisle,North,165,588,152.79,0.26,0.7809
2026-05-30 23:50:42,brandimarte_mk07,SPT_SMPT,44,11033.34,13,LeftVert_BotConn,VerticalAisle,North,165,915,237.67,0.26,0.8472
2026-05-30 23:50:42,brandimarte_mk07,SPT_SMPT,44,11033.34,14,RightVert_TopConn,VerticalAisle,South,20,0,0.00,0.00,0.0000
2026-05-30 23:50:42,brandimarte_mk07,SPT_SMPT,44,11033.34,15,RightVert_Row0,VerticalAisle,South,165,0,0.00,0.00,0.0000
2026-05-30 23:50:42,brandimarte_mk07,SPT_SMPT,44,11033.34,16,RightVert_BotConn,VerticalAisle,South,165,5,1.30,0.26,0.0294
2026-05-30 23:58:37,brandimarte_mk10,SPT_SMPT,42,18833.33,0,RowAisle0_Seg0,RowAisle,East,389,145,36.31,0.25,0.2715
2026-05-30 23:58:37,brandimarte_mk10,SPT_SMPT,42,18833.33,1,RowAisle0_Seg1,RowAisle,East,389,742,185.56,0.25,0.6561
2026-05-30 23:58:37,brandimarte_mk10,SPT_SMPT,42,18833.33,2,RowAisle0_Seg2,RowAisle,East,389,86,21.52,0.25,0.1811
2026-05-30 23:58:37,brandimarte_mk10,SPT_SMPT,42,18833.33,3,RowAisle0_Seg3,RowAisle,East,389,16,4.02,0.25,0.0395
2026-05-30 23:58:37,brandimarte_mk10,SPT_SMPT,42,18833.33,4,RowAisle1_Seg0,RowAisle,West,149,33,8.30,0.25,0.1813
2026-05-30 23:58:37,brandimarte_mk10,SPT_SMPT,42,18833.33,5,RowAisle1_Seg1,RowAisle,West,149,431,107.83,0.25,0.7431
2026-05-30 23:58:37,brandimarte_mk10,SPT_SMPT,42,18833.33,6,RowAisle1_Seg2,RowAisle,West,149,41,10.27,0.25,0.2158
2026-05-30 23:58:37,brandimarte_mk10,SPT_SMPT,42,18833.33,7,RowAisle1_Seg3,RowAisle,West,149,89,22.25,0.25,0.3739
2026-05-30 23:58:37,brandimarte_mk10,SPT_SMPT,42,18833.33,8,RowAisle2_Seg0,RowAisle,East,10,0,0.00,0.00,0.0000
2026-05-30 23:58:37,brandimarte_mk10,SPT_SMPT,42,18833.33,9,RowAisle2_Seg1,RowAisle,East,10,0,0.00,0.00,0.0000
2026-05-30 23:58:37,brandimarte_mk10,SPT_SMPT,42,18833.33,10,RowAisle2_Seg2,RowAisle,East,10,0,0.00,0.00,0.0000
2026-05-30 23:58:37,brandimarte_mk10,SPT_SMPT,42,18833.33,11,RowAisle2_Seg3,RowAisle,East,10,0,0.00,0.00,0.0000
2026-05-30 23:58:37,brandimarte_mk10,SPT_SMPT,42,18833.33,12,TopSpine_Seg0,SpineAisle,East,20,0,0.00,0.00,0.0000
2026-05-30 23:58:37,brandimarte_mk10,SPT_SMPT,42,18833.33,13,TopSpine_Seg1,SpineAisle,East,20,0,0.00,0.00,0.0000
2026-05-30 23:58:37,brandimarte_mk10,SPT_SMPT,42,18833.33,14,TopSpine_Seg2,SpineAisle,East,20,0,0.00,0.00,0.0000
2026-05-30 23:58:37,brandimarte_mk10,SPT_SMPT,42,18833.33,15,TopSpine_Seg3,SpineAisle,East,20,0,0.00,0.00,0.0000
2026-05-30 23:58:37,brandimarte_mk10,SPT_SMPT,42,18833.33,16,TopSpine_Seg4,SpineAisle,East,20,0,0.00,0.00,0.0000
2026-05-30 23:58:37,brandimarte_mk10,SPT_SMPT,42,18833.33,17,BotSpine_Seg0,SpineAisle,West,269,0,0.00,0.00,0.0000
2026-05-30 23:58:37,brandimarte_mk10,SPT_SMPT,42,18833.33,18,BotSpine_Seg1,SpineAisle,West,270,0,0.00,0.00,0.0000
2026-05-30 23:58:37,brandimarte_mk10,SPT_SMPT,42,18833.33,19,BotSpine_Seg2,SpineAisle,West,270,0,0.00,0.00,0.0000
2026-05-30 23:58:37,brandimarte_mk10,SPT_SMPT,42,18833.33,20,BotSpine_Seg3,SpineAisle,West,270,0,0.00,0.00,0.0000
2026-05-30 23:58:37,brandimarte_mk10,SPT_SMPT,42,18833.33,21,BotSpine_Seg4,SpineAisle,West,270,0,0.00,0.00,0.0000
2026-05-30 23:58:37,brandimarte_mk10,SPT_SMPT,42,18833.33,22,LeftVert_TopConn,VerticalAisle,North,20,0,0.00,0.00,0.0000
2026-05-30 23:58:37,brandimarte_mk10,SPT_SMPT,42,18833.33,23,LeftVert_Row0,VerticalAisle,North,409,1708,427.20,0.25,0.8068
2026-05-30 23:58:37,brandimarte_mk10,SPT_SMPT,42,18833.33,24,LeftVert_Row1,VerticalAisle,North,409,509,127.34,0.25,0.5545
2026-05-30 23:58:37,brandimarte_mk10,SPT_SMPT,42,18833.33,25,LeftVert_Row2,VerticalAisle,North,270,398,99.56,0.25,0.5958
2026-05-30 23:58:37,brandimarte_mk10,SPT_SMPT,42,18833.33,26,LeftVert_BotConn,VerticalAisle,North,270,723,180.86,0.25,0.7281
2026-05-30 23:58:37,brandimarte_mk10,SPT_SMPT,42,18833.33,27,RightVert_TopConn,VerticalAisle,South,20,0,0.00,0.00,0.0000
2026-05-30 23:58:37,brandimarte_mk10,SPT_SMPT,42,18833.33,28,RightVert_Row0,VerticalAisle,South,409,28,7.13,0.25,0.0641
2026-05-30 23:58:37,brandimarte_mk10,SPT_SMPT,42,18833.33,29,RightVert_Row1,VerticalAisle,South,409,86,21.61,0.25,0.1737
2026-05-30 23:58:37,brandimarte_mk10,SPT_SMPT,42,18833.33,30,RightVert_Row2,VerticalAisle,South,270,0,0.00,0.00,0.0000
2026-05-30 23:58:37,brandimarte_mk10,SPT_SMPT,42,18833.33,31,RightVert_BotConn,VerticalAisle,South,270,7,1.75,0.25,0.0253
2026-05-31 00:06:35,brandimarte_mk10,SPT_SMPT,43,18833.33,0,RowAisle0_Seg0,RowAisle,East,389,144,36.05,0.25,0.2702
2026-05-31 00:06:35,brandimarte_mk10,SPT_SMPT,43,18833.33,1,RowAisle0_Seg1,RowAisle,East,389,742,185.58,0.25,0.6561
2026-05-31 00:06:35,brandimarte_mk10,SPT_SMPT,43,18833.33,2,RowAisle0_Seg2,RowAisle,East,389,86,21.53,0.25,0.1811
2026-05-31 00:06:35,brandimarte_mk10,SPT_SMPT,43,18833.33,3,RowAisle0_Seg3,RowAisle,East,389,16,4.02,0.25,0.0395
2026-05-31 00:06:35,brandimarte_mk10,SPT_SMPT,43,18833.33,4,RowAisle1_Seg0,RowAisle,West,149,33,8.28,0.25,0.1813
2026-05-31 00:06:35,brandimarte_mk10,SPT_SMPT,43,18833.33,5,RowAisle1_Seg1,RowAisle,West,149,431,107.78,0.25,0.7431
2026-05-31 00:06:35,brandimarte_mk10,SPT_SMPT,43,18833.33,6,RowAisle1_Seg2,RowAisle,West,149,41,10.25,0.25,0.2158
2026-05-31 00:06:35,brandimarte_mk10,SPT_SMPT,43,18833.33,7,RowAisle1_Seg3,RowAisle,West,149,89,22.25,0.25,0.3739
2026-05-31 00:06:35,brandimarte_mk10,SPT_SMPT,43,18833.33,8,RowAisle2_Seg0,RowAisle,East,10,0,0.00,0.00,0.0000
2026-05-31 00:06:35,brandimarte_mk10,SPT_SMPT,43,18833.33,9,RowAisle2_Seg1,RowAisle,East,10,0,0.00,0.00,0.0000
2026-05-31 00:06:35,brandimarte_mk10,SPT_SMPT,43,18833.33,10,RowAisle2_Seg2,RowAisle,East,10,0,0.00,0.00,0.0000
2026-05-31 00:06:35,brandimarte_mk10,SPT_SMPT,43,18833.33,11,RowAisle2_Seg3,RowAisle,East,10,0,0.00,0.00,0.0000
2026-05-31 00:06:35,brandimarte_mk10,SPT_SMPT,43,18833.33,12,TopSpine_Seg0,SpineAisle,East,20,0,0.00,0.00,0.0000
2026-05-31 00:06:35,brandimarte_mk10,SPT_SMPT,43,18833.33,13,TopSpine_Seg1,SpineAisle,East,20,0,0.00,0.00,0.0000
2026-05-31 00:06:35,brandimarte_mk10,SPT_SMPT,43,18833.33,14,TopSpine_Seg2,SpineAisle,East,20,0,0.00,0.00,0.0000
2026-05-31 00:06:35,brandimarte_mk10,SPT_SMPT,43,18833.33,15,TopSpine_Seg3,SpineAisle,East,20,0,0.00,0.00,0.0000
2026-05-31 00:06:35,brandimarte_mk10,SPT_SMPT,43,18833.33,16,TopSpine_Seg4,SpineAisle,East,20,0,0.00,0.00,0.0000
2026-05-31 00:06:35,brandimarte_mk10,SPT_SMPT,43,18833.33,17,BotSpine_Seg0,SpineAisle,West,269,0,0.00,0.00,0.0000
2026-05-31 00:06:35,brandimarte_mk10,SPT_SMPT,43,18833.33,18,BotSpine_Seg1,SpineAisle,West,270,0,0.00,0.00,0.0000
2026-05-31 00:06:35,brandimarte_mk10,SPT_SMPT,43,18833.33,19,BotSpine_Seg2,SpineAisle,West,270,0,0.00,0.00,0.0000
2026-05-31 00:06:35,brandimarte_mk10,SPT_SMPT,43,18833.33,20,BotSpine_Seg3,SpineAisle,West,270,0,0.00,0.00,0.0000
2026-05-31 00:06:35,brandimarte_mk10,SPT_SMPT,43,18833.33,21,BotSpine_Seg4,SpineAisle,West,270,0,0.00,0.00,0.0000
2026-05-31 00:06:35,brandimarte_mk10,SPT_SMPT,43,18833.33,22,LeftVert_TopConn,VerticalAisle,North,20,0,0.00,0.00,0.0000
2026-05-31 00:06:35,brandimarte_mk10,SPT_SMPT,43,18833.33,23,LeftVert_Row0,VerticalAisle,North,409,1707,426.97,0.25,0.8067
2026-05-31 00:06:35,brandimarte_mk10,SPT_SMPT,43,18833.33,24,LeftVert_Row1,VerticalAisle,North,409,510,127.69,0.25,0.5550
2026-05-31 00:06:35,brandimarte_mk10,SPT_SMPT,43,18833.33,25,LeftVert_Row2,VerticalAisle,North,270,399,99.89,0.25,0.5964
2026-05-31 00:06:35,brandimarte_mk10,SPT_SMPT,43,18833.33,26,LeftVert_BotConn,VerticalAisle,North,270,723,180.88,0.25,0.7281
2026-05-31 00:06:35,brandimarte_mk10,SPT_SMPT,43,18833.33,27,RightVert_TopConn,VerticalAisle,South,20,0,0.00,0.00,0.0000
2026-05-31 00:06:35,brandimarte_mk10,SPT_SMPT,43,18833.33,28,RightVert_Row0,VerticalAisle,South,409,30,7.63,0.25,0.0683
2026-05-31 00:06:35,brandimarte_mk10,SPT_SMPT,43,18833.33,29,RightVert_Row1,VerticalAisle,South,409,87,21.83,0.25,0.1754
2026-05-31 00:06:35,brandimarte_mk10,SPT_SMPT,43,18833.33,30,RightVert_Row2,VerticalAisle,South,270,0,0.00,0.00,0.0000
2026-05-31 00:06:35,brandimarte_mk10,SPT_SMPT,43,18833.33,31,RightVert_BotConn,VerticalAisle,South,270,7,1.75,0.25,0.0253
2026-05-31 00:14:33,brandimarte_mk10,SPT_SMPT,44,18833.33,0,RowAisle0_Seg0,RowAisle,East,389,145,36.34,0.25,0.2715
2026-05-31 00:14:33,brandimarte_mk10,SPT_SMPT,44,18833.33,1,RowAisle0_Seg1,RowAisle,East,389,738,184.53,0.25,0.6548
2026-05-31 00:14:33,brandimarte_mk10,SPT_SMPT,44,18833.33,2,RowAisle0_Seg2,RowAisle,East,389,86,21.50,0.25,0.1811
2026-05-31 00:14:33,brandimarte_mk10,SPT_SMPT,44,18833.33,3,RowAisle0_Seg3,RowAisle,East,389,17,4.27,0.25,0.0419
2026-05-31 00:14:33,brandimarte_mk10,SPT_SMPT,44,18833.33,4,RowAisle1_Seg0,RowAisle,West,149,33,8.28,0.25,0.1813
2026-05-31 00:14:33,brandimarte_mk10,SPT_SMPT,44,18833.33,5,RowAisle1_Seg1,RowAisle,West,149,430,107.56,0.25,0.7427
2026-05-31 00:14:33,brandimarte_mk10,SPT_SMPT,44,18833.33,6,RowAisle1_Seg2,RowAisle,West,149,41,10.25,0.25,0.2158
2026-05-31 00:14:33,brandimarte_mk10,SPT_SMPT,44,18833.33,7,RowAisle1_Seg3,RowAisle,West,149,89,22.25,0.25,0.3739
2026-05-31 00:14:33,brandimarte_mk10,SPT_SMPT,44,18833.33,8,RowAisle2_Seg0,RowAisle,East,10,0,0.00,0.00,0.0000
2026-05-31 00:14:33,brandimarte_mk10,SPT_SMPT,44,18833.33,9,RowAisle2_Seg1,RowAisle,East,10,0,0.00,0.00,0.0000
2026-05-31 00:14:33,brandimarte_mk10,SPT_SMPT,44,18833.33,10,RowAisle2_Seg2,RowAisle,East,10,0,0.00,0.00,0.0000
2026-05-31 00:14:33,brandimarte_mk10,SPT_SMPT,44,18833.33,11,RowAisle2_Seg3,RowAisle,East,10,0,0.00,0.00,0.0000
2026-05-31 00:14:33,brandimarte_mk10,SPT_SMPT,44,18833.33,12,TopSpine_Seg0,SpineAisle,East,20,0,0.00,0.00,0.0000
2026-05-31 00:14:33,brandimarte_mk10,SPT_SMPT,44,18833.33,13,TopSpine_Seg1,SpineAisle,East,20,0,0.00,0.00,0.0000
2026-05-31 00:14:33,brandimarte_mk10,SPT_SMPT,44,18833.33,14,TopSpine_Seg2,SpineAisle,East,20,0,0.00,0.00,0.0000
2026-05-31 00:14:33,brandimarte_mk10,SPT_SMPT,44,18833.33,15,TopSpine_Seg3,SpineAisle,East,20,0,0.00,0.00,0.0000
2026-05-31 00:14:33,brandimarte_mk10,SPT_SMPT,44,18833.33,16,TopSpine_Seg4,SpineAisle,East,20,0,0.00,0.00,0.0000
2026-05-31 00:14:33,brandimarte_mk10,SPT_SMPT,44,18833.33,17,BotSpine_Seg0,SpineAisle,West,269,0,0.00,0.00,0.0000
2026-05-31 00:14:33,brandimarte_mk10,SPT_SMPT,44,18833.33,18,BotSpine_Seg1,SpineAisle,West,270,0,0.00,0.00,0.0000
2026-05-31 00:14:33,brandimarte_mk10,SPT_SMPT,44,18833.33,19,BotSpine_Seg2,SpineAisle,West,270,0,0.00,0.00,0.0000
2026-05-31 00:14:33,brandimarte_mk10,SPT_SMPT,44,18833.33,20,BotSpine_Seg3,SpineAisle,West,270,0,0.00,0.00,0.0000
2026-05-31 00:14:33,brandimarte_mk10,SPT_SMPT,44,18833.33,21,BotSpine_Seg4,SpineAisle,West,270,0,0.00,0.00,0.0000
2026-05-31 00:14:33,brandimarte_mk10,SPT_SMPT,44,18833.33,22,LeftVert_TopConn,VerticalAisle,North,20,0,0.00,0.00,0.0000
2026-05-31 00:14:33,brandimarte_mk10,SPT_SMPT,44,18833.33,23,LeftVert_Row0,VerticalAisle,North,409,1707,426.92,0.25,0.8067
2026-05-31 00:14:33,brandimarte_mk10,SPT_SMPT,44,18833.33,24,LeftVert_Row1,VerticalAisle,North,409,512,128.22,0.25,0.5559
2026-05-31 00:14:33,brandimarte_mk10,SPT_SMPT,44,18833.33,25,LeftVert_Row2,VerticalAisle,North,270,398,99.66,0.25,0.5958
2026-05-31 00:14:33,brandimarte_mk10,SPT_SMPT,44,18833.33,26,LeftVert_BotConn,VerticalAisle,North,270,723,180.88,0.25,0.7281
2026-05-31 00:14:33,brandimarte_mk10,SPT_SMPT,44,18833.33,27,RightVert_TopConn,VerticalAisle,South,20,0,0.00,0.00,0.0000
2026-05-31 00:14:33,brandimarte_mk10,SPT_SMPT,44,18833.33,28,RightVert_Row0,VerticalAisle,South,409,30,7.61,0.25,0.0683
2026-05-31 00:14:33,brandimarte_mk10,SPT_SMPT,44,18833.33,29,RightVert_Row1,VerticalAisle,South,409,85,21.41,0.25,0.1721
2026-05-31 00:14:33,brandimarte_mk10,SPT_SMPT,44,18833.33,30,RightVert_Row2,VerticalAisle,South,270,0,0.00,0.00,0.0000
2026-05-31 00:14:33,brandimarte_mk10,SPT_SMPT,44,18833.33,31,RightVert_BotConn,VerticalAisle,South,270,7,1.75,0.25,0.0253
2026-05-31 00:24:58,brandimarte_mk11,SPT_SMPT,42,25166.67,0,RowAisle0_Seg0,RowAisle,East,262,1279,319.94,0.25,0.8300
2026-05-31 00:24:58,brandimarte_mk11,SPT_SMPT,42,25166.67,1,RowAisle0_Seg1,RowAisle,East,262,61,15.28,0.25,0.1889
2026-05-31 00:24:58,brandimarte_mk11,SPT_SMPT,42,25166.67,2,RowAisle0_Seg2,RowAisle,East,262,18,4.53,0.25,0.0643
2026-05-31 00:24:58,brandimarte_mk11,SPT_SMPT,42,25166.67,3,TopSpine_Seg0,SpineAisle,East,30,0,0.00,0.00,0.0000
2026-05-31 00:24:58,brandimarte_mk11,SPT_SMPT,42,25166.67,4,TopSpine_Seg1,SpineAisle,East,30,0,0.00,0.00,0.0000
2026-05-31 00:24:58,brandimarte_mk11,SPT_SMPT,42,25166.67,5,TopSpine_Seg2,SpineAisle,East,30,0,0.00,0.00,0.0000
2026-05-31 00:24:58,brandimarte_mk11,SPT_SMPT,42,25166.67,6,TopSpine_Seg3,SpineAisle,East,30,0,0.00,0.00,0.0000
2026-05-31 00:24:58,brandimarte_mk11,SPT_SMPT,42,25166.67,7,BotSpine_Seg0,SpineAisle,West,292,0,0.00,0.00,0.0000
2026-05-31 00:24:58,brandimarte_mk11,SPT_SMPT,42,25166.67,8,BotSpine_Seg1,SpineAisle,West,292,0,0.00,0.00,0.0000
2026-05-31 00:24:58,brandimarte_mk11,SPT_SMPT,42,25166.67,9,BotSpine_Seg2,SpineAisle,West,292,0,0.00,0.00,0.0000
2026-05-31 00:24:58,brandimarte_mk11,SPT_SMPT,42,25166.67,10,BotSpine_Seg3,SpineAisle,West,292,0,0.00,0.00,0.0000
2026-05-31 00:24:58,brandimarte_mk11,SPT_SMPT,42,25166.67,11,LeftVert_TopConn,VerticalAisle,North,30,0,0.00,0.00,0.0000
2026-05-31 00:24:58,brandimarte_mk11,SPT_SMPT,42,25166.67,12,LeftVert_Row0,VerticalAisle,North,292,857,214.27,0.25,0.7459
2026-05-31 00:24:58,brandimarte_mk11,SPT_SMPT,42,25166.67,13,LeftVert_BotConn,VerticalAisle,North,292,696,174.05,0.25,0.7045
2026-05-31 00:24:58,brandimarte_mk11,SPT_SMPT,42,25166.67,14,RightVert_TopConn,VerticalAisle,South,30,0,0.00,0.00,0.0000
2026-05-31 00:24:58,brandimarte_mk11,SPT_SMPT,42,25166.67,15,RightVert_Row0,VerticalAisle,South,292,0,0.00,0.00,0.0000
2026-05-31 00:24:58,brandimarte_mk11,SPT_SMPT,42,25166.67,16,RightVert_BotConn,VerticalAisle,South,292,2,0.52,0.26,0.0068
2026-05-31 00:35:21,brandimarte_mk11,SPT_SMPT,43,25166.67,0,RowAisle0_Seg0,RowAisle,East,262,1278,319.66,0.25,0.8299
2026-05-31 00:35:21,brandimarte_mk11,SPT_SMPT,43,25166.67,1,RowAisle0_Seg1,RowAisle,East,262,61,15.27,0.25,0.1889
2026-05-31 00:35:21,brandimarte_mk11,SPT_SMPT,43,25166.67,2,RowAisle0_Seg2,RowAisle,East,262,18,4.53,0.25,0.0643
2026-05-31 00:35:21,brandimarte_mk11,SPT_SMPT,43,25166.67,3,TopSpine_Seg0,SpineAisle,East,30,0,0.00,0.00,0.0000
2026-05-31 00:35:21,brandimarte_mk11,SPT_SMPT,43,25166.67,4,TopSpine_Seg1,SpineAisle,East,30,0,0.00,0.00,0.0000
2026-05-31 00:35:21,brandimarte_mk11,SPT_SMPT,43,25166.67,5,TopSpine_Seg2,SpineAisle,East,30,0,0.00,0.00,0.0000
2026-05-31 00:35:21,brandimarte_mk11,SPT_SMPT,43,25166.67,6,TopSpine_Seg3,SpineAisle,East,30,0,0.00,0.00,0.0000
2026-05-31 00:35:21,brandimarte_mk11,SPT_SMPT,43,25166.67,7,BotSpine_Seg0,SpineAisle,West,292,0,0.00,0.00,0.0000
2026-05-31 00:35:21,brandimarte_mk11,SPT_SMPT,43,25166.67,8,BotSpine_Seg1,SpineAisle,West,292,0,0.00,0.00,0.0000
2026-05-31 00:35:21,brandimarte_mk11,SPT_SMPT,43,25166.67,9,BotSpine_Seg2,SpineAisle,West,292,0,0.00,0.00,0.0000
2026-05-31 00:35:21,brandimarte_mk11,SPT_SMPT,43,25166.67,10,BotSpine_Seg3,SpineAisle,West,292,0,0.00,0.00,0.0000
2026-05-31 00:35:21,brandimarte_mk11,SPT_SMPT,43,25166.67,11,LeftVert_TopConn,VerticalAisle,North,30,0,0.00,0.00,0.0000
2026-05-31 00:35:21,brandimarte_mk11,SPT_SMPT,43,25166.67,12,LeftVert_Row0,VerticalAisle,North,292,857,214.33,0.25,0.7459
2026-05-31 00:35:21,brandimarte_mk11,SPT_SMPT,43,25166.67,13,LeftVert_BotConn,VerticalAisle,North,292,696,174.14,0.25,0.7045
2026-05-31 00:35:21,brandimarte_mk11,SPT_SMPT,43,25166.67,14,RightVert_TopConn,VerticalAisle,South,30,0,0.00,0.00,0.0000
2026-05-31 00:35:21,brandimarte_mk11,SPT_SMPT,43,25166.67,15,RightVert_Row0,VerticalAisle,South,292,0,0.00,0.00,0.0000
2026-05-31 00:35:21,brandimarte_mk11,SPT_SMPT,43,25166.67,16,RightVert_BotConn,VerticalAisle,South,292,2,0.50,0.25,0.0068
2026-05-31 00:45:43,brandimarte_mk11,SPT_SMPT,44,25166.66,0,RowAisle0_Seg0,RowAisle,East,262,1277,319.48,0.25,0.8298
2026-05-31 00:45:43,brandimarte_mk11,SPT_SMPT,44,25166.66,1,RowAisle0_Seg1,RowAisle,East,262,62,15.52,0.25,0.1914
2026-05-31 00:45:43,brandimarte_mk11,SPT_SMPT,44,25166.66,2,RowAisle0_Seg2,RowAisle,East,262,17,4.31,0.25,0.0609
2026-05-31 00:45:43,brandimarte_mk11,SPT_SMPT,44,25166.66,3,TopSpine_Seg0,SpineAisle,East,30,0,0.00,0.00,0.0000
2026-05-31 00:45:43,brandimarte_mk11,SPT_SMPT,44,25166.66,4,TopSpine_Seg1,SpineAisle,East,30,0,0.00,0.00,0.0000
2026-05-31 00:45:43,brandimarte_mk11,SPT_SMPT,44,25166.66,5,TopSpine_Seg2,SpineAisle,East,30,0,0.00,0.00,0.0000
2026-05-31 00:45:43,brandimarte_mk11,SPT_SMPT,44,25166.66,6,TopSpine_Seg3,SpineAisle,East,30,0,0.00,0.00,0.0000
2026-05-31 00:45:43,brandimarte_mk11,SPT_SMPT,44,25166.66,7,BotSpine_Seg0,SpineAisle,West,292,0,0.00,0.00,0.0000
2026-05-31 00:45:43,brandimarte_mk11,SPT_SMPT,44,25166.66,8,BotSpine_Seg1,SpineAisle,West,292,0,0.00,0.00,0.0000
2026-05-31 00:45:43,brandimarte_mk11,SPT_SMPT,44,25166.66,9,BotSpine_Seg2,SpineAisle,West,292,0,0.00,0.00,0.0000
2026-05-31 00:45:43,brandimarte_mk11,SPT_SMPT,44,25166.66,10,BotSpine_Seg3,SpineAisle,West,292,0,0.00,0.00,0.0000
2026-05-31 00:45:43,brandimarte_mk11,SPT_SMPT,44,25166.66,11,LeftVert_TopConn,VerticalAisle,North,30,0,0.00,0.00,0.0000
2026-05-31 00:45:43,brandimarte_mk11,SPT_SMPT,44,25166.66,12,LeftVert_Row0,VerticalAisle,North,292,858,214.53,0.25,0.7461
2026-05-31 00:45:43,brandimarte_mk11,SPT_SMPT,44,25166.66,13,LeftVert_BotConn,VerticalAisle,North,292,696,174.03,0.25,0.7045
2026-05-31 00:45:43,brandimarte_mk11,SPT_SMPT,44,25166.66,14,RightVert_TopConn,VerticalAisle,South,30,0,0.00,0.00,0.0000
2026-05-31 00:45:43,brandimarte_mk11,SPT_SMPT,44,25166.66,15,RightVert_Row0,VerticalAisle,South,292,0,0.00,0.00,0.0000
2026-05-31 00:45:43,brandimarte_mk11,SPT_SMPT,44,25166.66,16,RightVert_BotConn,VerticalAisle,South,292,2,0.52,0.26,0.0068
2026-05-31 00:56:50,brandimarte_mk13,SPT_SMPT,42,26466.66,0,RowAisle0_Seg0,RowAisle,East,374,177,44.25,0.25,0.3212
2026-05-31 00:56:50,brandimarte_mk13,SPT_SMPT,42,26466.66,1,RowAisle0_Seg1,RowAisle,East,374,843,210.75,0.25,0.6927
2026-05-31 00:56:50,brandimarte_mk13,SPT_SMPT,42,26466.66,2,RowAisle0_Seg2,RowAisle,East,374,638,159.50,0.25,0.6304
2026-05-31 00:56:50,brandimarte_mk13,SPT_SMPT,42,26466.66,3,RowAisle0_Seg3,RowAisle,East,374,22,5.50,0.25,0.0556
2026-05-31 00:56:50,brandimarte_mk13,SPT_SMPT,42,26466.66,4,RowAisle1_Seg0,RowAisle,West,143,0,0.00,0.00,0.0000
2026-05-31 00:56:50,brandimarte_mk13,SPT_SMPT,42,26466.66,5,RowAisle1_Seg1,RowAisle,West,143,0,0.00,0.00,0.0000
2026-05-31 00:56:50,brandimarte_mk13,SPT_SMPT,42,26466.66,6,RowAisle1_Seg2,RowAisle,West,143,13,3.25,0.25,0.0833
2026-05-31 00:56:50,brandimarte_mk13,SPT_SMPT,42,26466.66,7,RowAisle1_Seg3,RowAisle,West,143,0,0.00,0.00,0.0000
2026-05-31 00:56:50,brandimarte_mk13,SPT_SMPT,42,26466.66,8,TopSpine_Seg0,SpineAisle,East,30,0,0.00,0.00,0.0000
2026-05-31 00:56:50,brandimarte_mk13,SPT_SMPT,42,26466.66,9,TopSpine_Seg1,SpineAisle,East,30,0,0.00,0.00,0.0000
2026-05-31 00:56:50,brandimarte_mk13,SPT_SMPT,42,26466.66,10,TopSpine_Seg2,SpineAisle,East,30,0,0.00,0.00,0.0000
2026-05-31 00:56:50,brandimarte_mk13,SPT_SMPT,42,26466.66,11,TopSpine_Seg3,SpineAisle,East,30,0,0.00,0.00,0.0000
2026-05-31 00:56:50,brandimarte_mk13,SPT_SMPT,42,26466.66,12,TopSpine_Seg4,SpineAisle,East,30,0,0.00,0.00,0.0000
2026-05-31 00:56:50,brandimarte_mk13,SPT_SMPT,42,26466.66,13,BotSpine_Seg0,SpineAisle,West,261,0,0.00,0.00,0.0000
2026-05-31 00:56:50,brandimarte_mk13,SPT_SMPT,42,26466.66,14,BotSpine_Seg1,SpineAisle,West,261,0,0.00,0.00,0.0000
2026-05-31 00:56:50,brandimarte_mk13,SPT_SMPT,42,26466.66,15,BotSpine_Seg2,SpineAisle,West,261,0,0.00,0.00,0.0000
2026-05-31 00:56:50,brandimarte_mk13,SPT_SMPT,42,26466.66,16,BotSpine_Seg3,SpineAisle,West,261,0,0.00,0.00,0.0000
2026-05-31 00:56:50,brandimarte_mk13,SPT_SMPT,42,26466.66,17,BotSpine_Seg4,SpineAisle,West,261,0,0.00,0.00,0.0000
2026-05-31 00:56:50,brandimarte_mk13,SPT_SMPT,42,26466.66,18,LeftVert_TopConn,VerticalAisle,North,30,0,0.00,0.00,0.0000
2026-05-31 00:56:50,brandimarte_mk13,SPT_SMPT,42,26466.66,19,LeftVert_Row0,VerticalAisle,North,404,1077,269.25,0.25,0.7272
2026-05-31 00:56:50,brandimarte_mk13,SPT_SMPT,42,26466.66,20,LeftVert_Row1,VerticalAisle,North,404,170,42.50,0.25,0.2962
2026-05-31 00:56:50,brandimarte_mk13,SPT_SMPT,42,26466.66,21,LeftVert_BotConn,VerticalAisle,North,261,440,110.00,0.25,0.6277
2026-05-31 00:56:50,brandimarte_mk13,SPT_SMPT,42,26466.66,22,RightVert_TopConn,VerticalAisle,South,30,0,0.00,0.00,0.0000
2026-05-31 00:56:50,brandimarte_mk13,SPT_SMPT,42,26466.66,23,RightVert_Row0,VerticalAisle,South,404,3,0.75,0.25,0.0074
2026-05-31 00:56:50,brandimarte_mk13,SPT_SMPT,42,26466.66,24,RightVert_Row1,VerticalAisle,South,404,6,1.50,0.25,0.0146
2026-05-31 00:56:50,brandimarte_mk13,SPT_SMPT,42,26466.66,25,RightVert_BotConn,VerticalAisle,South,261,0,0.00,0.00,0.0000
2026-05-31 01:07:53,brandimarte_mk13,SPT_SMPT,43,26466.66,0,RowAisle0_Seg0,RowAisle,East,374,177,44.25,0.25,0.3212
2026-05-31 01:07:53,brandimarte_mk13,SPT_SMPT,43,26466.66,1,RowAisle0_Seg1,RowAisle,East,374,844,211.00,0.25,0.6929
2026-05-31 01:07:53,brandimarte_mk13,SPT_SMPT,43,26466.66,2,RowAisle0_Seg2,RowAisle,East,374,637,159.25,0.25,0.6301
2026-05-31 01:07:53,brandimarte_mk13,SPT_SMPT,43,26466.66,3,RowAisle0_Seg3,RowAisle,East,374,26,6.50,0.25,0.0650
2026-05-31 01:07:53,brandimarte_mk13,SPT_SMPT,43,26466.66,4,RowAisle1_Seg0,RowAisle,West,143,0,0.00,0.00,0.0000
2026-05-31 01:07:53,brandimarte_mk13,SPT_SMPT,43,26466.66,5,RowAisle1_Seg1,RowAisle,West,143,0,0.00,0.00,0.0000
2026-05-31 01:07:53,brandimarte_mk13,SPT_SMPT,43,26466.66,6,RowAisle1_Seg2,RowAisle,West,143,12,3.00,0.25,0.0774
2026-05-31 01:07:53,brandimarte_mk13,SPT_SMPT,43,26466.66,7,RowAisle1_Seg3,RowAisle,West,143,0,0.00,0.00,0.0000
2026-05-31 01:07:53,brandimarte_mk13,SPT_SMPT,43,26466.66,8,TopSpine_Seg0,SpineAisle,East,30,0,0.00,0.00,0.0000
2026-05-31 01:07:53,brandimarte_mk13,SPT_SMPT,43,26466.66,9,TopSpine_Seg1,SpineAisle,East,30,0,0.00,0.00,0.0000
2026-05-31 01:07:53,brandimarte_mk13,SPT_SMPT,43,26466.66,10,TopSpine_Seg2,SpineAisle,East,30,0,0.00,0.00,0.0000
2026-05-31 01:07:53,brandimarte_mk13,SPT_SMPT,43,26466.66,11,TopSpine_Seg3,SpineAisle,East,30,0,0.00,0.00,0.0000
2026-05-31 01:07:53,brandimarte_mk13,SPT_SMPT,43,26466.66,12,TopSpine_Seg4,SpineAisle,East,30,0,0.00,0.00,0.0000
2026-05-31 01:07:53,brandimarte_mk13,SPT_SMPT,43,26466.66,13,BotSpine_Seg0,SpineAisle,West,261,0,0.00,0.00,0.0000
2026-05-31 01:07:53,brandimarte_mk13,SPT_SMPT,43,26466.66,14,BotSpine_Seg1,SpineAisle,West,261,0,0.00,0.00,0.0000
2026-05-31 01:07:53,brandimarte_mk13,SPT_SMPT,43,26466.66,15,BotSpine_Seg2,SpineAisle,West,261,0,0.00,0.00,0.0000
2026-05-31 01:07:53,brandimarte_mk13,SPT_SMPT,43,26466.66,16,BotSpine_Seg3,SpineAisle,West,261,0,0.00,0.00,0.0000
2026-05-31 01:07:53,brandimarte_mk13,SPT_SMPT,43,26466.66,17,BotSpine_Seg4,SpineAisle,West,261,0,0.00,0.00,0.0000
2026-05-31 01:07:53,brandimarte_mk13,SPT_SMPT,43,26466.66,18,LeftVert_TopConn,VerticalAisle,North,30,0,0.00,0.00,0.0000
2026-05-31 01:07:53,brandimarte_mk13,SPT_SMPT,43,26466.66,19,LeftVert_Row0,VerticalAisle,North,404,1080,270.00,0.25,0.7278
2026-05-31 01:07:53,brandimarte_mk13,SPT_SMPT,43,26466.66,20,LeftVert_Row1,VerticalAisle,North,404,169,42.25,0.25,0.2949
2026-05-31 01:07:53,brandimarte_mk13,SPT_SMPT,43,26466.66,21,LeftVert_BotConn,VerticalAisle,North,261,440,110.00,0.25,0.6277
2026-05-31 01:07:53,brandimarte_mk13,SPT_SMPT,43,26466.66,22,RightVert_TopConn,VerticalAisle,South,30,0,0.00,0.00,0.0000
2026-05-31 01:07:53,brandimarte_mk13,SPT_SMPT,43,26466.66,23,RightVert_Row0,VerticalAisle,South,404,2,0.50,0.25,0.0049
2026-05-31 01:07:53,brandimarte_mk13,SPT_SMPT,43,26466.66,24,RightVert_Row1,VerticalAisle,South,404,6,1.50,0.25,0.0146
2026-05-31 01:07:53,brandimarte_mk13,SPT_SMPT,43,26466.66,25,RightVert_BotConn,VerticalAisle,South,261,0,0.00,0.00,0.0000
2026-05-31 01:18:56,brandimarte_mk13,SPT_SMPT,44,26466.66,0,RowAisle0_Seg0,RowAisle,East,374,177,44.25,0.25,0.3212
2026-05-31 01:18:56,brandimarte_mk13,SPT_SMPT,44,26466.66,1,RowAisle0_Seg1,RowAisle,East,374,841,210.25,0.25,0.6922
2026-05-31 01:18:56,brandimarte_mk13,SPT_SMPT,44,26466.66,2,RowAisle0_Seg2,RowAisle,East,374,638,159.50,0.25,0.6304
2026-05-31 01:18:56,brandimarte_mk13,SPT_SMPT,44,26466.66,3,RowAisle0_Seg3,RowAisle,East,374,22,5.50,0.25,0.0556
2026-05-31 01:18:56,brandimarte_mk13,SPT_SMPT,44,26466.66,4,RowAisle1_Seg0,RowAisle,West,143,0,0.00,0.00,0.0000
2026-05-31 01:18:56,brandimarte_mk13,SPT_SMPT,44,26466.66,5,RowAisle1_Seg1,RowAisle,West,143,0,0.00,0.00,0.0000
2026-05-31 01:18:56,brandimarte_mk13,SPT_SMPT,44,26466.66,6,RowAisle1_Seg2,RowAisle,West,143,13,3.25,0.25,0.0833
2026-05-31 01:18:56,brandimarte_mk13,SPT_SMPT,44,26466.66,7,RowAisle1_Seg3,RowAisle,West,143,0,0.00,0.00,0.0000
2026-05-31 01:18:56,brandimarte_mk13,SPT_SMPT,44,26466.66,8,TopSpine_Seg0,SpineAisle,East,30,0,0.00,0.00,0.0000
2026-05-31 01:18:56,brandimarte_mk13,SPT_SMPT,44,26466.66,9,TopSpine_Seg1,SpineAisle,East,30,0,0.00,0.00,0.0000
2026-05-31 01:18:56,brandimarte_mk13,SPT_SMPT,44,26466.66,10,TopSpine_Seg2,SpineAisle,East,30,0,0.00,0.00,0.0000
2026-05-31 01:18:56,brandimarte_mk13,SPT_SMPT,44,26466.66,11,TopSpine_Seg3,SpineAisle,East,30,0,0.00,0.00,0.0000
2026-05-31 01:18:56,brandimarte_mk13,SPT_SMPT,44,26466.66,12,TopSpine_Seg4,SpineAisle,East,30,0,0.00,0.00,0.0000
2026-05-31 01:18:56,brandimarte_mk13,SPT_SMPT,44,26466.66,13,BotSpine_Seg0,SpineAisle,West,261,0,0.00,0.00,0.0000
2026-05-31 01:18:56,brandimarte_mk13,SPT_SMPT,44,26466.66,14,BotSpine_Seg1,SpineAisle,West,261,0,0.00,0.00,0.0000
2026-05-31 01:18:56,brandimarte_mk13,SPT_SMPT,44,26466.66,15,BotSpine_Seg2,SpineAisle,West,261,0,0.00,0.00,0.0000
2026-05-31 01:18:56,brandimarte_mk13,SPT_SMPT,44,26466.66,16,BotSpine_Seg3,SpineAisle,West,261,0,0.00,0.00,0.0000
2026-05-31 01:18:56,brandimarte_mk13,SPT_SMPT,44,26466.66,17,BotSpine_Seg4,SpineAisle,West,261,0,0.00,0.00,0.0000
2026-05-31 01:18:56,brandimarte_mk13,SPT_SMPT,44,26466.66,18,LeftVert_TopConn,VerticalAisle,North,30,0,0.00,0.00,0.0000
2026-05-31 01:18:56,brandimarte_mk13,SPT_SMPT,44,26466.66,19,LeftVert_Row0,VerticalAisle,North,404,1078,269.50,0.25,0.7274
2026-05-31 01:18:56,brandimarte_mk13,SPT_SMPT,44,26466.66,20,LeftVert_Row1,VerticalAisle,North,404,170,42.50,0.25,0.2962
2026-05-31 01:18:56,brandimarte_mk13,SPT_SMPT,44,26466.66,21,LeftVert_BotConn,VerticalAisle,North,261,440,110.00,0.25,0.6277
2026-05-31 01:18:56,brandimarte_mk13,SPT_SMPT,44,26466.66,22,RightVert_TopConn,VerticalAisle,South,30,0,0.00,0.00,0.0000
2026-05-31 01:18:56,brandimarte_mk13,SPT_SMPT,44,26466.66,23,RightVert_Row0,VerticalAisle,South,404,3,0.75,0.25,0.0074
2026-05-31 01:18:56,brandimarte_mk13,SPT_SMPT,44,26466.66,24,RightVert_Row1,VerticalAisle,South,404,6,1.50,0.25,0.0146
2026-05-31 01:18:56,brandimarte_mk13,SPT_SMPT,44,26466.66,25,RightVert_BotConn,VerticalAisle,South,261,0,0.00,0.00,0.0000
2026-05-31 01:28:33,brandimarte_mk15,SPT_SMPT,42,22700.00,0,RowAisle0_Seg0,RowAisle,East,451,909,227.25,0.25,0.6684
2026-05-31 01:28:33,brandimarte_mk15,SPT_SMPT,42,22700.00,1,RowAisle0_Seg1,RowAisle,East,451,320,80.00,0.25,0.4150
2026-05-31 01:28:33,brandimarte_mk15,SPT_SMPT,42,22700.00,2,RowAisle0_Seg2,RowAisle,East,451,1130,282.50,0.25,0.7147
2026-05-31 01:28:33,brandimarte_mk15,SPT_SMPT,42,22700.00,3,RowAisle0_Seg3,RowAisle,East,451,27,6.75,0.25,0.0565
2026-05-31 01:28:33,brandimarte_mk15,SPT_SMPT,42,22700.00,4,RowAisle1_Seg0,RowAisle,West,169,93,23.25,0.25,0.3550
2026-05-31 01:28:33,brandimarte_mk15,SPT_SMPT,42,22700.00,5,RowAisle1_Seg1,RowAisle,West,169,0,0.00,0.00,0.0000
2026-05-31 01:28:33,brandimarte_mk15,SPT_SMPT,42,22700.00,6,RowAisle1_Seg2,RowAisle,West,169,3,0.75,0.25,0.0174
2026-05-31 01:28:33,brandimarte_mk15,SPT_SMPT,42,22700.00,7,RowAisle1_Seg3,RowAisle,West,169,62,15.50,0.25,0.2684
2026-05-31 01:28:33,brandimarte_mk15,SPT_SMPT,42,22700.00,8,RowAisle2_Seg0,RowAisle,East,36,0,0.00,0.00,0.0000
2026-05-31 01:28:33,brandimarte_mk15,SPT_SMPT,42,22700.00,9,RowAisle2_Seg1,RowAisle,East,36,0,0.00,0.00,0.0000
2026-05-31 01:28:33,brandimarte_mk15,SPT_SMPT,42,22700.00,10,RowAisle2_Seg2,RowAisle,East,36,0,0.00,0.00,0.0000
2026-05-31 01:28:33,brandimarte_mk15,SPT_SMPT,42,22700.00,11,RowAisle2_Seg3,RowAisle,East,36,0,0.00,0.00,0.0000
2026-05-31 01:28:33,brandimarte_mk15,SPT_SMPT,42,22700.00,12,TopSpine_Seg0,SpineAisle,East,30,0,0.00,0.00,0.0000
2026-05-31 01:28:33,brandimarte_mk15,SPT_SMPT,42,22700.00,13,TopSpine_Seg1,SpineAisle,East,30,0,0.00,0.00,0.0000
2026-05-31 01:28:33,brandimarte_mk15,SPT_SMPT,42,22700.00,14,TopSpine_Seg2,SpineAisle,East,30,0,0.00,0.00,0.0000
2026-05-31 01:28:33,brandimarte_mk15,SPT_SMPT,42,22700.00,15,TopSpine_Seg3,SpineAisle,East,30,0,0.00,0.00,0.0000
2026-05-31 01:28:33,brandimarte_mk15,SPT_SMPT,42,22700.00,16,TopSpine_Seg4,SpineAisle,East,30,0,0.00,0.00,0.0000
2026-05-31 01:28:33,brandimarte_mk15,SPT_SMPT,42,22700.00,17,BotSpine_Seg0,SpineAisle,West,347,3,0.75,0.25,0.0086
2026-05-31 01:28:33,brandimarte_mk15,SPT_SMPT,42,22700.00,18,BotSpine_Seg1,SpineAisle,West,348,0,0.00,0.00,0.0000
2026-05-31 01:28:33,brandimarte_mk15,SPT_SMPT,42,22700.00,19,BotSpine_Seg2,SpineAisle,West,348,0,0.00,0.00,0.0000
2026-05-31 01:28:33,brandimarte_mk15,SPT_SMPT,42,22700.00,20,BotSpine_Seg3,SpineAisle,West,348,0,0.00,0.00,0.0000
2026-05-31 01:28:33,brandimarte_mk15,SPT_SMPT,42,22700.00,21,BotSpine_Seg4,SpineAisle,West,348,0,0.00,0.00,0.0000
2026-05-31 01:28:33,brandimarte_mk15,SPT_SMPT,42,22700.00,22,LeftVert_TopConn,VerticalAisle,North,30,0,0.00,0.00,0.0000
2026-05-31 01:28:33,brandimarte_mk15,SPT_SMPT,42,22700.00,23,LeftVert_Row0,VerticalAisle,North,481,2149,537.25,0.25,0.8171
2026-05-31 01:28:33,brandimarte_mk15,SPT_SMPT,42,22700.00,24,LeftVert_Row1,VerticalAisle,North,481,817,204.25,0.25,0.6294
2026-05-31 01:28:33,brandimarte_mk15,SPT_SMPT,42,22700.00,25,LeftVert_Row2,VerticalAisle,North,348,835,208.75,0.25,0.7058
2026-05-31 01:28:33,brandimarte_mk15,SPT_SMPT,42,22700.00,26,LeftVert_BotConn,VerticalAisle,North,348,1993,498.25,0.25,0.8513
2026-05-31 01:28:33,brandimarte_mk15,SPT_SMPT,42,22700.00,27,RightVert_TopConn,VerticalAisle,South,30,0,0.00,0.00,0.0000
2026-05-31 01:28:33,brandimarte_mk15,SPT_SMPT,42,22700.00,28,RightVert_Row0,VerticalAisle,South,481,12,3.00,0.25,0.0243
2026-05-31 01:28:33,brandimarte_mk15,SPT_SMPT,42,22700.00,29,RightVert_Row1,VerticalAisle,South,481,153,38.25,0.25,0.2413
2026-05-31 01:28:33,brandimarte_mk15,SPT_SMPT,42,22700.00,30,RightVert_Row2,VerticalAisle,South,348,53,13.25,0.25,0.1322
2026-05-31 01:28:33,brandimarte_mk15,SPT_SMPT,42,22700.00,31,RightVert_BotConn,VerticalAisle,South,348,62,15.50,0.25,0.1512
2026-05-31 01:38:10,brandimarte_mk15,SPT_SMPT,43,22700.00,0,RowAisle0_Seg0,RowAisle,East,451,913,228.25,0.25,0.6694
2026-05-31 01:38:10,brandimarte_mk15,SPT_SMPT,43,22700.00,1,RowAisle0_Seg1,RowAisle,East,451,315,78.75,0.25,0.4112
2026-05-31 01:38:10,brandimarte_mk15,SPT_SMPT,43,22700.00,2,RowAisle0_Seg2,RowAisle,East,451,1128,282.00,0.25,0.7144
2026-05-31 01:38:10,brandimarte_mk15,SPT_SMPT,43,22700.00,3,RowAisle0_Seg3,RowAisle,East,451,28,7.00,0.25,0.0585
2026-05-31 01:38:10,brandimarte_mk15,SPT_SMPT,43,22700.00,4,RowAisle1_Seg0,RowAisle,West,169,92,23.00,0.25,0.3525
2026-05-31 01:38:10,brandimarte_mk15,SPT_SMPT,43,22700.00,5,RowAisle1_Seg1,RowAisle,West,169,0,0.00,0.00,0.0000
2026-05-31 01:38:10,brandimarte_mk15,SPT_SMPT,43,22700.00,6,RowAisle1_Seg2,RowAisle,West,169,4,1.00,0.25,0.0231
2026-05-31 01:38:10,brandimarte_mk15,SPT_SMPT,43,22700.00,7,RowAisle1_Seg3,RowAisle,West,169,63,15.75,0.25,0.2716
2026-05-31 01:38:10,brandimarte_mk15,SPT_SMPT,43,22700.00,8,RowAisle2_Seg0,RowAisle,East,36,0,0.00,0.00,0.0000
2026-05-31 01:38:10,brandimarte_mk15,SPT_SMPT,43,22700.00,9,RowAisle2_Seg1,RowAisle,East,36,0,0.00,0.00,0.0000
2026-05-31 01:38:10,brandimarte_mk15,SPT_SMPT,43,22700.00,10,RowAisle2_Seg2,RowAisle,East,36,0,0.00,0.00,0.0000
2026-05-31 01:38:10,brandimarte_mk15,SPT_SMPT,43,22700.00,11,RowAisle2_Seg3,RowAisle,East,36,0,0.00,0.00,0.0000
2026-05-31 01:38:10,brandimarte_mk15,SPT_SMPT,43,22700.00,12,TopSpine_Seg0,SpineAisle,East,30,0,0.00,0.00,0.0000
2026-05-31 01:38:10,brandimarte_mk15,SPT_SMPT,43,22700.00,13,TopSpine_Seg1,SpineAisle,East,30,0,0.00,0.00,0.0000
2026-05-31 01:38:10,brandimarte_mk15,SPT_SMPT,43,22700.00,14,TopSpine_Seg2,SpineAisle,East,30,0,0.00,0.00,0.0000
2026-05-31 01:38:10,brandimarte_mk15,SPT_SMPT,43,22700.00,15,TopSpine_Seg3,SpineAisle,East,30,0,0.00,0.00,0.0000
2026-05-31 01:38:10,brandimarte_mk15,SPT_SMPT,43,22700.00,16,TopSpine_Seg4,SpineAisle,East,30,0,0.00,0.00,0.0000
2026-05-31 01:38:10,brandimarte_mk15,SPT_SMPT,43,22700.00,17,BotSpine_Seg0,SpineAisle,West,347,3,0.75,0.25,0.0086
2026-05-31 01:38:10,brandimarte_mk15,SPT_SMPT,43,22700.00,18,BotSpine_Seg1,SpineAisle,West,348,0,0.00,0.00,0.0000
2026-05-31 01:38:10,brandimarte_mk15,SPT_SMPT,43,22700.00,19,BotSpine_Seg2,SpineAisle,West,348,0,0.00,0.00,0.0000
2026-05-31 01:38:10,brandimarte_mk15,SPT_SMPT,43,22700.00,20,BotSpine_Seg3,SpineAisle,West,348,0,0.00,0.00,0.0000
2026-05-31 01:38:10,brandimarte_mk15,SPT_SMPT,43,22700.00,21,BotSpine_Seg4,SpineAisle,West,348,0,0.00,0.00,0.0000
2026-05-31 01:38:10,brandimarte_mk15,SPT_SMPT,43,22700.00,22,LeftVert_TopConn,VerticalAisle,North,30,0,0.00,0.00,0.0000
2026-05-31 01:38:10,brandimarte_mk15,SPT_SMPT,43,22700.00,23,LeftVert_Row0,VerticalAisle,North,481,2144,536.00,0.25,0.8168
2026-05-31 01:38:10,brandimarte_mk15,SPT_SMPT,43,22700.00,24,LeftVert_Row1,VerticalAisle,North,481,817,204.25,0.25,0.6294
2026-05-31 01:38:10,brandimarte_mk15,SPT_SMPT,43,22700.00,25,LeftVert_Row2,VerticalAisle,North,348,834,208.50,0.25,0.7056
2026-05-31 01:38:10,brandimarte_mk15,SPT_SMPT,43,22700.00,26,LeftVert_BotConn,VerticalAisle,North,348,1996,499.00,0.25,0.8515
2026-05-31 01:38:10,brandimarte_mk15,SPT_SMPT,43,22700.00,27,RightVert_TopConn,VerticalAisle,South,30,0,0.00,0.00,0.0000
2026-05-31 01:38:10,brandimarte_mk15,SPT_SMPT,43,22700.00,28,RightVert_Row0,VerticalAisle,South,481,12,3.00,0.25,0.0243
2026-05-31 01:38:10,brandimarte_mk15,SPT_SMPT,43,22700.00,29,RightVert_Row1,VerticalAisle,South,481,153,38.25,0.25,0.2413
2026-05-31 01:38:10,brandimarte_mk15,SPT_SMPT,43,22700.00,30,RightVert_Row2,VerticalAisle,South,348,53,13.25,0.25,0.1322
2026-05-31 01:38:10,brandimarte_mk15,SPT_SMPT,43,22700.00,31,RightVert_BotConn,VerticalAisle,South,348,63,15.75,0.25,0.1533
2026-05-31 01:47:49,brandimarte_mk15,SPT_SMPT,44,22700.03,0,RowAisle0_Seg0,RowAisle,East,451,911,227.75,0.25,0.6689
2026-05-31 01:47:49,brandimarte_mk15,SPT_SMPT,44,22700.03,1,RowAisle0_Seg1,RowAisle,East,451,318,79.50,0.25,0.4135
2026-05-31 01:47:49,brandimarte_mk15,SPT_SMPT,44,22700.03,2,RowAisle0_Seg2,RowAisle,East,451,1129,282.25,0.25,0.7146
2026-05-31 01:47:49,brandimarte_mk15,SPT_SMPT,44,22700.03,3,RowAisle0_Seg3,RowAisle,East,451,28,7.00,0.25,0.0585
2026-05-31 01:47:49,brandimarte_mk15,SPT_SMPT,44,22700.03,4,RowAisle1_Seg0,RowAisle,West,169,92,23.00,0.25,0.3525
2026-05-31 01:47:49,brandimarte_mk15,SPT_SMPT,44,22700.03,5,RowAisle1_Seg1,RowAisle,West,169,0,0.00,0.00,0.0000
2026-05-31 01:47:49,brandimarte_mk15,SPT_SMPT,44,22700.03,6,RowAisle1_Seg2,RowAisle,West,169,4,1.00,0.25,0.0231
2026-05-31 01:47:49,brandimarte_mk15,SPT_SMPT,44,22700.03,7,RowAisle1_Seg3,RowAisle,West,169,63,15.75,0.25,0.2716
2026-05-31 01:47:49,brandimarte_mk15,SPT_SMPT,44,22700.03,8,RowAisle2_Seg0,RowAisle,East,36,0,0.00,0.00,0.0000
2026-05-31 01:47:49,brandimarte_mk15,SPT_SMPT,44,22700.03,9,RowAisle2_Seg1,RowAisle,East,36,0,0.00,0.00,0.0000
2026-05-31 01:47:49,brandimarte_mk15,SPT_SMPT,44,22700.03,10,RowAisle2_Seg2,RowAisle,East,36,0,0.00,0.00,0.0000
2026-05-31 01:47:49,brandimarte_mk15,SPT_SMPT,44,22700.03,11,RowAisle2_Seg3,RowAisle,East,36,0,0.00,0.00,0.0000
2026-05-31 01:47:49,brandimarte_mk15,SPT_SMPT,44,22700.03,12,TopSpine_Seg0,SpineAisle,East,30,0,0.00,0.00,0.0000
2026-05-31 01:47:49,brandimarte_mk15,SPT_SMPT,44,22700.03,13,TopSpine_Seg1,SpineAisle,East,30,0,0.00,0.00,0.0000
2026-05-31 01:47:49,brandimarte_mk15,SPT_SMPT,44,22700.03,14,TopSpine_Seg2,SpineAisle,East,30,0,0.00,0.00,0.0000
2026-05-31 01:47:49,brandimarte_mk15,SPT_SMPT,44,22700.03,15,TopSpine_Seg3,SpineAisle,East,30,0,0.00,0.00,0.0000
2026-05-31 01:47:49,brandimarte_mk15,SPT_SMPT,44,22700.03,16,TopSpine_Seg4,SpineAisle,East,30,0,0.00,0.00,0.0000
2026-05-31 01:47:49,brandimarte_mk15,SPT_SMPT,44,22700.03,17,BotSpine_Seg0,SpineAisle,West,347,3,0.75,0.25,0.0086
2026-05-31 01:47:49,brandimarte_mk15,SPT_SMPT,44,22700.03,18,BotSpine_Seg1,SpineAisle,West,348,0,0.00,0.00,0.0000
2026-05-31 01:47:49,brandimarte_mk15,SPT_SMPT,44,22700.03,19,BotSpine_Seg2,SpineAisle,West,348,0,0.00,0.00,0.0000
2026-05-31 01:47:49,brandimarte_mk15,SPT_SMPT,44,22700.03,20,BotSpine_Seg3,SpineAisle,West,348,0,0.00,0.00,0.0000
2026-05-31 01:47:49,brandimarte_mk15,SPT_SMPT,44,22700.03,21,BotSpine_Seg4,SpineAisle,West,348,0,0.00,0.00,0.0000
2026-05-31 01:47:49,brandimarte_mk15,SPT_SMPT,44,22700.03,22,LeftVert_TopConn,VerticalAisle,North,30,0,0.00,0.00,0.0000
2026-05-31 01:47:49,brandimarte_mk15,SPT_SMPT,44,22700.03,23,LeftVert_Row0,VerticalAisle,North,481,2147,536.75,0.25,0.8170
2026-05-31 01:47:49,brandimarte_mk15,SPT_SMPT,44,22700.03,24,LeftVert_Row1,VerticalAisle,North,481,817,204.25,0.25,0.6294
2026-05-31 01:47:49,brandimarte_mk15,SPT_SMPT,44,22700.03,25,LeftVert_Row2,VerticalAisle,North,348,835,208.75,0.25,0.7058
2026-05-31 01:47:49,brandimarte_mk15,SPT_SMPT,44,22700.03,26,LeftVert_BotConn,VerticalAisle,North,348,1994,498.50,0.25,0.8514
2026-05-31 01:47:49,brandimarte_mk15,SPT_SMPT,44,22700.03,27,RightVert_TopConn,VerticalAisle,South,30,0,0.00,0.00,0.0000
2026-05-31 01:47:49,brandimarte_mk15,SPT_SMPT,44,22700.03,28,RightVert_Row0,VerticalAisle,South,481,12,3.00,0.25,0.0243
2026-05-31 01:47:49,brandimarte_mk15,SPT_SMPT,44,22700.03,29,RightVert_Row1,VerticalAisle,South,481,154,38.50,0.25,0.2425
2026-05-31 01:47:49,brandimarte_mk15,SPT_SMPT,44,22700.03,30,RightVert_Row2,VerticalAisle,South,348,53,13.25,0.25,0.1322
2026-05-31 01:47:49,brandimarte_mk15,SPT_SMPT,44,22700.03,31,RightVert_BotConn,VerticalAisle,South,348,63,15.75,0.25,0.1533
2026-05-30 22:57:26,brandimarte_mk01,SPT_SRWT,42,3891.16,0,RowAisle0_Seg0,RowAisle,East,81,66,17.16,0.26,0.4490
2026-05-30 22:57:26,brandimarte_mk01,SPT_SRWT,42,3891.16,1,RowAisle0_Seg1,RowAisle,East,81,883,229.58,0.26,0.9160
2026-05-30 22:57:26,brandimarte_mk01,SPT_SRWT,42,3891.16,2,RowAisle0_Seg2,RowAisle,East,81,6,1.56,0.26,0.0690
2026-05-30 22:57:26,brandimarte_mk01,SPT_SRWT,42,3891.16,3,TopSpine_Seg0,SpineAisle,East,10,0,0.00,0.00,0.0000
2026-05-30 22:57:26,brandimarte_mk01,SPT_SRWT,42,3891.16,4,TopSpine_Seg1,SpineAisle,East,10,0,0.00,0.00,0.0000
2026-05-30 22:57:26,brandimarte_mk01,SPT_SRWT,42,3891.16,5,TopSpine_Seg2,SpineAisle,East,10,0,0.00,0.00,0.0000
2026-05-30 22:57:26,brandimarte_mk01,SPT_SRWT,42,3891.16,6,TopSpine_Seg3,SpineAisle,East,10,0,0.00,0.00,0.0000
2026-05-30 22:57:26,brandimarte_mk01,SPT_SRWT,42,3891.16,7,BotSpine_Seg0,SpineAisle,West,91,0,0.00,0.00,0.0000
2026-05-30 22:57:26,brandimarte_mk01,SPT_SRWT,42,3891.16,8,BotSpine_Seg1,SpineAisle,West,91,0,0.00,0.00,0.0000
2026-05-30 22:57:26,brandimarte_mk01,SPT_SRWT,42,3891.16,9,BotSpine_Seg2,SpineAisle,West,91,0,0.00,0.00,0.0000
2026-05-30 22:57:26,brandimarte_mk01,SPT_SRWT,42,3891.16,10,BotSpine_Seg3,SpineAisle,West,91,0,0.00,0.00,0.0000
2026-05-30 22:57:26,brandimarte_mk01,SPT_SRWT,42,3891.16,11,LeftVert_TopConn,VerticalAisle,North,10,0,0.00,0.00,0.0000
2026-05-30 22:57:26,brandimarte_mk01,SPT_SRWT,42,3891.16,12,LeftVert_Row0,VerticalAisle,North,91,975,253.50,0.26,0.9146
2026-05-30 22:57:26,brandimarte_mk01,SPT_SRWT,42,3891.16,13,LeftVert_BotConn,VerticalAisle,North,91,407,105.82,0.26,0.8173
2026-05-30 22:57:26,brandimarte_mk01,SPT_SRWT,42,3891.16,14,RightVert_TopConn,VerticalAisle,South,10,0,0.00,0.00,0.0000
2026-05-30 22:57:26,brandimarte_mk01,SPT_SRWT,42,3891.16,15,RightVert_Row0,VerticalAisle,South,91,5,1.30,0.26,0.0521
2026-05-30 22:57:26,brandimarte_mk01,SPT_SRWT,42,3891.16,16,RightVert_BotConn,VerticalAisle,South,91,19,4.94,0.26,0.1727
2026-05-30 22:59:06,brandimarte_mk01,SPT_SRWT,43,4000.00,0,RowAisle0_Seg0,RowAisle,East,81,68,17.68,0.26,0.4564
2026-05-30 22:59:06,brandimarte_mk01,SPT_SRWT,43,4000.00,1,RowAisle0_Seg1,RowAisle,East,81,882,229.32,0.26,0.9159
2026-05-30 22:59:06,brandimarte_mk01,SPT_SRWT,43,4000.00,2,RowAisle0_Seg2,RowAisle,East,81,4,1.04,0.26,0.0471
2026-05-30 22:59:06,brandimarte_mk01,SPT_SRWT,43,4000.00,3,TopSpine_Seg0,SpineAisle,East,10,0,0.00,0.00,0.0000
2026-05-30 22:59:06,brandimarte_mk01,SPT_SRWT,43,4000.00,4,TopSpine_Seg1,SpineAisle,East,10,0,0.00,0.00,0.0000
2026-05-30 22:59:06,brandimarte_mk01,SPT_SRWT,43,4000.00,5,TopSpine_Seg2,SpineAisle,East,10,0,0.00,0.00,0.0000
2026-05-30 22:59:06,brandimarte_mk01,SPT_SRWT,43,4000.00,6,TopSpine_Seg3,SpineAisle,East,10,0,0.00,0.00,0.0000
2026-05-30 22:59:06,brandimarte_mk01,SPT_SRWT,43,4000.00,7,BotSpine_Seg0,SpineAisle,West,91,0,0.00,0.00,0.0000
2026-05-30 22:59:06,brandimarte_mk01,SPT_SRWT,43,4000.00,8,BotSpine_Seg1,SpineAisle,West,91,0,0.00,0.00,0.0000
2026-05-30 22:59:06,brandimarte_mk01,SPT_SRWT,43,4000.00,9,BotSpine_Seg2,SpineAisle,West,91,0,0.00,0.00,0.0000
2026-05-30 22:59:06,brandimarte_mk01,SPT_SRWT,43,4000.00,10,BotSpine_Seg3,SpineAisle,West,91,0,0.00,0.00,0.0000
2026-05-30 22:59:06,brandimarte_mk01,SPT_SRWT,43,4000.00,11,LeftVert_TopConn,VerticalAisle,North,10,0,0.00,0.00,0.0000
2026-05-30 22:59:06,brandimarte_mk01,SPT_SRWT,43,4000.00,12,LeftVert_Row0,VerticalAisle,North,91,963,250.38,0.26,0.9137
2026-05-30 22:59:06,brandimarte_mk01,SPT_SRWT,43,4000.00,13,LeftVert_BotConn,VerticalAisle,North,91,379,98.54,0.26,0.8064
2026-05-30 22:59:06,brandimarte_mk01,SPT_SRWT,43,4000.00,14,RightVert_TopConn,VerticalAisle,South,10,0,0.00,0.00,0.0000
2026-05-30 22:59:06,brandimarte_mk01,SPT_SRWT,43,4000.00,15,RightVert_Row0,VerticalAisle,South,91,0,0.00,0.00,0.0000
2026-05-30 22:59:06,brandimarte_mk01,SPT_SRWT,43,4000.00,16,RightVert_BotConn,VerticalAisle,South,91,9,2.34,0.26,0.0900
2026-05-30 23:00:45,brandimarte_mk01,SPT_SRWT,44,4000.00,0,RowAisle0_Seg0,RowAisle,East,81,67,17.42,0.26,0.4527
2026-05-30 23:00:45,brandimarte_mk01,SPT_SRWT,44,4000.00,1,RowAisle0_Seg1,RowAisle,East,81,882,229.32,0.26,0.9159
2026-05-30 23:00:45,brandimarte_mk01,SPT_SRWT,44,4000.00,2,RowAisle0_Seg2,RowAisle,East,81,4,1.04,0.26,0.0471
2026-05-30 23:00:45,brandimarte_mk01,SPT_SRWT,44,4000.00,3,TopSpine_Seg0,SpineAisle,East,10,0,0.00,0.00,0.0000
2026-05-30 23:00:45,brandimarte_mk01,SPT_SRWT,44,4000.00,4,TopSpine_Seg1,SpineAisle,East,10,0,0.00,0.00,0.0000
2026-05-30 23:00:45,brandimarte_mk01,SPT_SRWT,44,4000.00,5,TopSpine_Seg2,SpineAisle,East,10,0,0.00,0.00,0.0000
2026-05-30 23:00:45,brandimarte_mk01,SPT_SRWT,44,4000.00,6,TopSpine_Seg3,SpineAisle,East,10,0,0.00,0.00,0.0000
2026-05-30 23:00:45,brandimarte_mk01,SPT_SRWT,44,4000.00,7,BotSpine_Seg0,SpineAisle,West,91,0,0.00,0.00,0.0000
2026-05-30 23:00:45,brandimarte_mk01,SPT_SRWT,44,4000.00,8,BotSpine_Seg1,SpineAisle,West,91,0,0.00,0.00,0.0000
2026-05-30 23:00:45,brandimarte_mk01,SPT_SRWT,44,4000.00,9,BotSpine_Seg2,SpineAisle,West,91,0,0.00,0.00,0.0000
2026-05-30 23:00:45,brandimarte_mk01,SPT_SRWT,44,4000.00,10,BotSpine_Seg3,SpineAisle,West,91,0,0.00,0.00,0.0000
2026-05-30 23:00:45,brandimarte_mk01,SPT_SRWT,44,4000.00,11,LeftVert_TopConn,VerticalAisle,North,10,0,0.00,0.00,0.0000
2026-05-30 23:00:45,brandimarte_mk01,SPT_SRWT,44,4000.00,12,LeftVert_Row0,VerticalAisle,North,91,963,250.38,0.26,0.9137
2026-05-30 23:00:45,brandimarte_mk01,SPT_SRWT,44,4000.00,13,LeftVert_BotConn,VerticalAisle,North,91,380,98.80,0.26,0.8068
2026-05-30 23:00:45,brandimarte_mk01,SPT_SRWT,44,4000.00,14,RightVert_TopConn,VerticalAisle,South,10,0,0.00,0.00,0.0000
2026-05-30 23:00:45,brandimarte_mk01,SPT_SRWT,44,4000.00,15,RightVert_Row0,VerticalAisle,South,91,0,0.00,0.00,0.0000
2026-05-30 23:00:45,brandimarte_mk01,SPT_SRWT,44,4000.00,16,RightVert_BotConn,VerticalAisle,South,91,9,2.34,0.26,0.0900
2026-05-30 23:06:00,brandimarte_mk03,SPT_SRWT,42,12633.33,0,RowAisle0_Seg0,RowAisle,East,243,203,52.78,0.26,0.4552
2026-05-30 23:06:00,brandimarte_mk03,SPT_SRWT,42,12633.33,1,RowAisle0_Seg1,RowAisle,East,243,268,69.68,0.26,0.5245
2026-05-30 23:06:00,brandimarte_mk03,SPT_SRWT,42,12633.33,2,RowAisle0_Seg2,RowAisle,East,243,56,14.56,0.26,0.1873
2026-05-30 23:06:00,brandimarte_mk03,SPT_SRWT,42,12633.33,3,RowAisle1_Seg0,RowAisle,West,93,222,57.72,0.26,0.7048
2026-05-30 23:06:00,brandimarte_mk03,SPT_SRWT,42,12633.33,4,RowAisle1_Seg1,RowAisle,West,93,26,6.76,0.26,0.2185
2026-05-30 23:06:00,brandimarte_mk03,SPT_SRWT,42,12633.33,5,RowAisle1_Seg2,RowAisle,West,93,231,60.06,0.26,0.7130
2026-05-30 23:06:00,brandimarte_mk03,SPT_SRWT,42,12633.33,6,TopSpine_Seg0,SpineAisle,East,15,0,0.00,0.00,0.0000
2026-05-30 23:06:00,brandimarte_mk03,SPT_SRWT,42,12633.33,7,TopSpine_Seg1,SpineAisle,East,15,0,0.00,0.00,0.0000
2026-05-30 23:06:00,brandimarte_mk03,SPT_SRWT,42,12633.33,8,TopSpine_Seg2,SpineAisle,East,15,0,0.00,0.00,0.0000
2026-05-30 23:06:00,brandimarte_mk03,SPT_SRWT,42,12633.33,9,TopSpine_Seg3,SpineAisle,East,15,0,0.00,0.00,0.0000
2026-05-30 23:06:00,brandimarte_mk03,SPT_SRWT,42,12633.33,10,BotSpine_Seg0,SpineAisle,West,165,0,0.00,0.00,0.0000
2026-05-30 23:06:00,brandimarte_mk03,SPT_SRWT,42,12633.33,11,BotSpine_Seg1,SpineAisle,West,165,0,0.00,0.00,0.0000
2026-05-30 23:06:00,brandimarte_mk03,SPT_SRWT,42,12633.33,12,BotSpine_Seg2,SpineAisle,West,165,0,0.00,0.00,0.0000
2026-05-30 23:06:00,brandimarte_mk03,SPT_SRWT,42,12633.33,13,BotSpine_Seg3,SpineAisle,West,165,0,0.00,0.00,0.0000
2026-05-30 23:06:00,brandimarte_mk03,SPT_SRWT,42,12633.33,14,LeftVert_TopConn,VerticalAisle,North,15,0,0.00,0.00,0.0000
2026-05-30 23:06:00,brandimarte_mk03,SPT_SRWT,42,12633.33,15,LeftVert_Row0,VerticalAisle,North,258,1849,480.74,0.26,0.8776
2026-05-30 23:06:00,brandimarte_mk03,SPT_SRWT,42,12633.33,16,LeftVert_Row1,VerticalAisle,North,258,237,61.62,0.26,0.4788
2026-05-30 23:06:00,brandimarte_mk03,SPT_SRWT,42,12633.33,17,LeftVert_BotConn,VerticalAisle,North,165,2624,682.24,0.26,0.9408
2026-05-30 23:06:00,brandimarte_mk03,SPT_SRWT,42,12633.33,18,RightVert_TopConn,VerticalAisle,South,15,0,0.00,0.00,0.0000
2026-05-30 23:06:00,brandimarte_mk03,SPT_SRWT,42,12633.33,19,RightVert_Row0,VerticalAisle,South,258,11,2.86,0.26,0.0409
2026-05-30 23:06:00,brandimarte_mk03,SPT_SRWT,42,12633.33,20,RightVert_Row1,VerticalAisle,South,258,15,3.90,0.26,0.0549
2026-05-30 23:06:00,brandimarte_mk03,SPT_SRWT,42,12633.33,21,RightVert_BotConn,VerticalAisle,South,165,0,0.00,0.00,0.0000
2026-05-30 23:11:14,brandimarte_mk03,SPT_SRWT,43,12633.33,0,RowAisle0_Seg0,RowAisle,East,243,202,52.52,0.26,0.4539
2026-05-30 23:11:14,brandimarte_mk03,SPT_SRWT,43,12633.33,1,RowAisle0_Seg1,RowAisle,East,243,333,86.58,0.26,0.5781
2026-05-30 23:11:14,brandimarte_mk03,SPT_SRWT,43,12633.33,2,RowAisle0_Seg2,RowAisle,East,243,56,14.56,0.26,0.1873
2026-05-30 23:11:14,brandimarte_mk03,SPT_SRWT,43,12633.33,3,RowAisle1_Seg0,RowAisle,West,93,222,57.72,0.26,0.7048
2026-05-30 23:11:14,brandimarte_mk03,SPT_SRWT,43,12633.33,4,RowAisle1_Seg1,RowAisle,West,93,26,6.76,0.26,0.2185
2026-05-30 23:11:14,brandimarte_mk03,SPT_SRWT,43,12633.33,5,RowAisle1_Seg2,RowAisle,West,93,230,59.80,0.26,0.7121
2026-05-30 23:11:14,brandimarte_mk03,SPT_SRWT,43,12633.33,6,TopSpine_Seg0,SpineAisle,East,15,0,0.00,0.00,0.0000
2026-05-30 23:11:14,brandimarte_mk03,SPT_SRWT,43,12633.33,7,TopSpine_Seg1,SpineAisle,East,15,0,0.00,0.00,0.0000
2026-05-30 23:11:14,brandimarte_mk03,SPT_SRWT,43,12633.33,8,TopSpine_Seg2,SpineAisle,East,15,0,0.00,0.00,0.0000
2026-05-30 23:11:14,brandimarte_mk03,SPT_SRWT,43,12633.33,9,TopSpine_Seg3,SpineAisle,East,15,0,0.00,0.00,0.0000
2026-05-30 23:11:14,brandimarte_mk03,SPT_SRWT,43,12633.33,10,BotSpine_Seg0,SpineAisle,West,165,0,0.00,0.00,0.0000
2026-05-30 23:11:14,brandimarte_mk03,SPT_SRWT,43,12633.33,11,BotSpine_Seg1,SpineAisle,West,165,0,0.00,0.00,0.0000
2026-05-30 23:11:14,brandimarte_mk03,SPT_SRWT,43,12633.33,12,BotSpine_Seg2,SpineAisle,West,165,0,0.00,0.00,0.0000
2026-05-30 23:11:14,brandimarte_mk03,SPT_SRWT,43,12633.33,13,BotSpine_Seg3,SpineAisle,West,165,0,0.00,0.00,0.0000
2026-05-30 23:11:14,brandimarte_mk03,SPT_SRWT,43,12633.33,14,LeftVert_TopConn,VerticalAisle,North,15,0,0.00,0.00,0.0000
2026-05-30 23:11:14,brandimarte_mk03,SPT_SRWT,43,12633.33,15,LeftVert_Row0,VerticalAisle,North,258,1728,449.28,0.26,0.8701
2026-05-30 23:11:14,brandimarte_mk03,SPT_SRWT,43,12633.33,16,LeftVert_Row1,VerticalAisle,North,258,105,27.30,0.26,0.2893
2026-05-30 23:11:14,brandimarte_mk03,SPT_SRWT,43,12633.33,17,LeftVert_BotConn,VerticalAisle,North,165,2569,667.95,0.26,0.9396
2026-05-30 23:11:14,brandimarte_mk03,SPT_SRWT,43,12633.33,18,RightVert_TopConn,VerticalAisle,South,15,0,0.00,0.00,0.0000
2026-05-30 23:11:14,brandimarte_mk03,SPT_SRWT,43,12633.33,19,RightVert_Row0,VerticalAisle,South,258,13,3.39,0.26,0.0480
2026-05-30 23:11:14,brandimarte_mk03,SPT_SRWT,43,12633.33,20,RightVert_Row1,VerticalAisle,South,258,14,3.64,0.26,0.0515
2026-05-30 23:11:14,brandimarte_mk03,SPT_SRWT,43,12633.33,21,RightVert_BotConn,VerticalAisle,South,165,0,0.00,0.00,0.0000
2026-05-30 23:16:29,brandimarte_mk03,SPT_SRWT,44,12633.33,0,RowAisle0_Seg0,RowAisle,East,243,203,52.77,0.26,0.4552
2026-05-30 23:16:29,brandimarte_mk03,SPT_SRWT,44,12633.33,1,RowAisle0_Seg1,RowAisle,East,243,268,69.68,0.26,0.5245
2026-05-30 23:16:29,brandimarte_mk03,SPT_SRWT,44,12633.33,2,RowAisle0_Seg2,RowAisle,East,243,57,14.82,0.26,0.1900
2026-05-30 23:16:29,brandimarte_mk03,SPT_SRWT,44,12633.33,3,RowAisle1_Seg0,RowAisle,West,93,222,57.72,0.26,0.7048
2026-05-30 23:16:29,brandimarte_mk03,SPT_SRWT,44,12633.33,4,RowAisle1_Seg1,RowAisle,West,93,26,6.76,0.26,0.2185
2026-05-30 23:16:29,brandimarte_mk03,SPT_SRWT,44,12633.33,5,RowAisle1_Seg2,RowAisle,West,93,230,59.80,0.26,0.7121
2026-05-30 23:16:29,brandimarte_mk03,SPT_SRWT,44,12633.33,6,TopSpine_Seg0,SpineAisle,East,15,0,0.00,0.00,0.0000
2026-05-30 23:16:29,brandimarte_mk03,SPT_SRWT,44,12633.33,7,TopSpine_Seg1,SpineAisle,East,15,0,0.00,0.00,0.0000
2026-05-30 23:16:29,brandimarte_mk03,SPT_SRWT,44,12633.33,8,TopSpine_Seg2,SpineAisle,East,15,0,0.00,0.00,0.0000
2026-05-30 23:16:29,brandimarte_mk03,SPT_SRWT,44,12633.33,9,TopSpine_Seg3,SpineAisle,East,15,0,0.00,0.00,0.0000
2026-05-30 23:16:29,brandimarte_mk03,SPT_SRWT,44,12633.33,10,BotSpine_Seg0,SpineAisle,West,165,0,0.00,0.00,0.0000
2026-05-30 23:16:29,brandimarte_mk03,SPT_SRWT,44,12633.33,11,BotSpine_Seg1,SpineAisle,West,165,0,0.00,0.00,0.0000
2026-05-30 23:16:29,brandimarte_mk03,SPT_SRWT,44,12633.33,12,BotSpine_Seg2,SpineAisle,West,165,0,0.00,0.00,0.0000
2026-05-30 23:16:29,brandimarte_mk03,SPT_SRWT,44,12633.33,13,BotSpine_Seg3,SpineAisle,West,165,0,0.00,0.00,0.0000
2026-05-30 23:16:29,brandimarte_mk03,SPT_SRWT,44,12633.33,14,LeftVert_TopConn,VerticalAisle,North,15,0,0.00,0.00,0.0000
2026-05-30 23:16:29,brandimarte_mk03,SPT_SRWT,44,12633.33,15,LeftVert_Row0,VerticalAisle,North,258,1850,481.00,0.26,0.8776
2026-05-30 23:16:29,brandimarte_mk03,SPT_SRWT,44,12633.33,16,LeftVert_Row1,VerticalAisle,North,258,236,61.36,0.26,0.4777
2026-05-30 23:16:29,brandimarte_mk03,SPT_SRWT,44,12633.33,17,LeftVert_BotConn,VerticalAisle,North,165,2624,682.25,0.26,0.9408
2026-05-30 23:16:29,brandimarte_mk03,SPT_SRWT,44,12633.33,18,RightVert_TopConn,VerticalAisle,South,15,0,0.00,0.00,0.0000
2026-05-30 23:16:29,brandimarte_mk03,SPT_SRWT,44,12633.33,19,RightVert_Row0,VerticalAisle,South,258,12,3.11,0.26,0.0444
2026-05-30 23:16:29,brandimarte_mk03,SPT_SRWT,44,12633.33,20,RightVert_Row1,VerticalAisle,South,258,15,3.90,0.26,0.0549
2026-05-30 23:16:29,brandimarte_mk03,SPT_SRWT,44,12633.33,21,RightVert_BotConn,VerticalAisle,South,165,0,0.00,0.00,0.0000
2026-05-30 23:19:20,brandimarte_mk04,SPT_SRWT,42,6833.33,0,RowAisle0_Seg0,RowAisle,East,140,235,61.10,0.26,0.6267
2026-05-30 23:19:20,brandimarte_mk04,SPT_SRWT,42,6833.33,1,RowAisle0_Seg1,RowAisle,East,140,148,38.48,0.26,0.5139
2026-05-30 23:19:20,brandimarte_mk04,SPT_SRWT,42,6833.33,2,RowAisle0_Seg2,RowAisle,East,140,15,3.90,0.26,0.0968
2026-05-30 23:19:20,brandimarte_mk04,SPT_SRWT,42,6833.33,3,RowAisle1_Seg0,RowAisle,West,50,17,4.42,0.26,0.2537
2026-05-30 23:19:20,brandimarte_mk04,SPT_SRWT,42,6833.33,4,RowAisle1_Seg1,RowAisle,West,50,0,0.00,0.00,0.0000
2026-05-30 23:19:20,brandimarte_mk04,SPT_SRWT,42,6833.33,5,RowAisle1_Seg2,RowAisle,West,50,0,0.00,0.00,0.0000
2026-05-30 23:19:20,brandimarte_mk04,SPT_SRWT,42,6833.33,6,TopSpine_Seg0,SpineAisle,East,15,0,0.00,0.00,0.0000
2026-05-30 23:19:20,brandimarte_mk04,SPT_SRWT,42,6833.33,7,TopSpine_Seg1,SpineAisle,East,15,0,0.00,0.00,0.0000
2026-05-30 23:19:20,brandimarte_mk04,SPT_SRWT,42,6833.33,8,TopSpine_Seg2,SpineAisle,East,15,0,0.00,0.00,0.0000
2026-05-30 23:19:20,brandimarte_mk04,SPT_SRWT,42,6833.33,9,TopSpine_Seg3,SpineAisle,East,15,0,0.00,0.00,0.0000
2026-05-30 23:19:20,brandimarte_mk04,SPT_SRWT,42,6833.33,10,BotSpine_Seg0,SpineAisle,West,105,0,0.00,0.00,0.0000
2026-05-30 23:19:20,brandimarte_mk04,SPT_SRWT,42,6833.33,11,BotSpine_Seg1,SpineAisle,West,105,0,0.00,0.00,0.0000
2026-05-30 23:19:20,brandimarte_mk04,SPT_SRWT,42,6833.33,12,BotSpine_Seg2,SpineAisle,West,105,0,0.00,0.00,0.0000
2026-05-30 23:19:20,brandimarte_mk04,SPT_SRWT,42,6833.33,13,BotSpine_Seg3,SpineAisle,West,105,0,0.00,0.00,0.0000
2026-05-30 23:19:20,brandimarte_mk04,SPT_SRWT,42,6833.33,14,LeftVert_TopConn,VerticalAisle,North,15,0,0.00,0.00,0.0000
2026-05-30 23:19:20,brandimarte_mk04,SPT_SRWT,42,6833.33,15,LeftVert_Row0,VerticalAisle,North,155,1150,299.00,0.26,0.8812
2026-05-30 23:19:20,brandimarte_mk04,SPT_SRWT,42,6833.33,16,LeftVert_Row1,VerticalAisle,North,155,105,27.30,0.26,0.4038
2026-05-30 23:19:20,brandimarte_mk04,SPT_SRWT,42,6833.33,17,LeftVert_BotConn,VerticalAisle,North,105,638,165.89,0.26,0.8587
2026-05-30 23:19:20,brandimarte_mk04,SPT_SRWT,42,6833.33,18,RightVert_TopConn,VerticalAisle,South,15,0,0.00,0.00,0.0000
2026-05-30 23:19:20,brandimarte_mk04,SPT_SRWT,42,6833.33,19,RightVert_Row0,VerticalAisle,South,155,0,0.00,0.00,0.0000
2026-05-30 23:19:20,brandimarte_mk04,SPT_SRWT,42,6833.33,20,RightVert_Row1,VerticalAisle,South,155,0,0.00,0.00,0.0000
2026-05-30 23:19:20,brandimarte_mk04,SPT_SRWT,42,6833.33,21,RightVert_BotConn,VerticalAisle,South,105,0,0.00,0.00,0.0000
2026-05-30 23:22:10,brandimarte_mk04,SPT_SRWT,43,6833.34,0,RowAisle0_Seg0,RowAisle,East,140,235,61.10,0.26,0.6267
2026-05-30 23:22:10,brandimarte_mk04,SPT_SRWT,43,6833.34,1,RowAisle0_Seg1,RowAisle,East,140,148,38.48,0.26,0.5139
2026-05-30 23:22:10,brandimarte_mk04,SPT_SRWT,43,6833.34,2,RowAisle0_Seg2,RowAisle,East,140,15,3.90,0.26,0.0968
2026-05-30 23:22:10,brandimarte_mk04,SPT_SRWT,43,6833.34,3,RowAisle1_Seg0,RowAisle,West,50,17,4.42,0.26,0.2537
2026-05-30 23:22:10,brandimarte_mk04,SPT_SRWT,43,6833.34,4,RowAisle1_Seg1,RowAisle,West,50,0,0.00,0.00,0.0000
2026-05-30 23:22:10,brandimarte_mk04,SPT_SRWT,43,6833.34,5,RowAisle1_Seg2,RowAisle,West,50,0,0.00,0.00,0.0000
2026-05-30 23:22:10,brandimarte_mk04,SPT_SRWT,43,6833.34,6,TopSpine_Seg0,SpineAisle,East,15,0,0.00,0.00,0.0000
2026-05-30 23:22:10,brandimarte_mk04,SPT_SRWT,43,6833.34,7,TopSpine_Seg1,SpineAisle,East,15,0,0.00,0.00,0.0000
2026-05-30 23:22:10,brandimarte_mk04,SPT_SRWT,43,6833.34,8,TopSpine_Seg2,SpineAisle,East,15,0,0.00,0.00,0.0000
2026-05-30 23:22:10,brandimarte_mk04,SPT_SRWT,43,6833.34,9,TopSpine_Seg3,SpineAisle,East,15,0,0.00,0.00,0.0000
2026-05-30 23:22:10,brandimarte_mk04,SPT_SRWT,43,6833.34,10,BotSpine_Seg0,SpineAisle,West,105,0,0.00,0.00,0.0000
2026-05-30 23:22:10,brandimarte_mk04,SPT_SRWT,43,6833.34,11,BotSpine_Seg1,SpineAisle,West,105,0,0.00,0.00,0.0000
2026-05-30 23:22:10,brandimarte_mk04,SPT_SRWT,43,6833.34,12,BotSpine_Seg2,SpineAisle,West,105,0,0.00,0.00,0.0000
2026-05-30 23:22:10,brandimarte_mk04,SPT_SRWT,43,6833.34,13,BotSpine_Seg3,SpineAisle,West,105,0,0.00,0.00,0.0000
2026-05-30 23:22:10,brandimarte_mk04,SPT_SRWT,43,6833.34,14,LeftVert_TopConn,VerticalAisle,North,15,0,0.00,0.00,0.0000
2026-05-30 23:22:10,brandimarte_mk04,SPT_SRWT,43,6833.34,15,LeftVert_Row0,VerticalAisle,North,155,1152,299.51,0.26,0.8814
2026-05-30 23:22:10,brandimarte_mk04,SPT_SRWT,43,6833.34,16,LeftVert_Row1,VerticalAisle,North,155,106,27.55,0.26,0.4061
2026-05-30 23:22:10,brandimarte_mk04,SPT_SRWT,43,6833.34,17,LeftVert_BotConn,VerticalAisle,North,105,639,166.14,0.26,0.8589
2026-05-30 23:22:10,brandimarte_mk04,SPT_SRWT,43,6833.34,18,RightVert_TopConn,VerticalAisle,South,15,0,0.00,0.00,0.0000
2026-05-30 23:22:10,brandimarte_mk04,SPT_SRWT,43,6833.34,19,RightVert_Row0,VerticalAisle,South,155,0,0.00,0.00,0.0000
2026-05-30 23:22:10,brandimarte_mk04,SPT_SRWT,43,6833.34,20,RightVert_Row1,VerticalAisle,South,155,0,0.00,0.00,0.0000
2026-05-30 23:22:10,brandimarte_mk04,SPT_SRWT,43,6833.34,21,RightVert_BotConn,VerticalAisle,South,105,0,0.00,0.00,0.0000
2026-05-30 23:24:59,brandimarte_mk04,SPT_SRWT,44,6833.34,0,RowAisle0_Seg0,RowAisle,East,140,235,61.09,0.26,0.6267
2026-05-30 23:24:59,brandimarte_mk04,SPT_SRWT,44,6833.34,1,RowAisle0_Seg1,RowAisle,East,140,148,38.49,0.26,0.5139
2026-05-30 23:24:59,brandimarte_mk04,SPT_SRWT,44,6833.34,2,RowAisle0_Seg2,RowAisle,East,140,15,3.89,0.26,0.0968
2026-05-30 23:24:59,brandimarte_mk04,SPT_SRWT,44,6833.34,3,RowAisle1_Seg0,RowAisle,West,50,17,4.42,0.26,0.2537
2026-05-30 23:24:59,brandimarte_mk04,SPT_SRWT,44,6833.34,4,RowAisle1_Seg1,RowAisle,West,50,0,0.00,0.00,0.0000
2026-05-30 23:24:59,brandimarte_mk04,SPT_SRWT,44,6833.34,5,RowAisle1_Seg2,RowAisle,West,50,0,0.00,0.00,0.0000
2026-05-30 23:24:59,brandimarte_mk04,SPT_SRWT,44,6833.34,6,TopSpine_Seg0,SpineAisle,East,15,0,0.00,0.00,0.0000
2026-05-30 23:24:59,brandimarte_mk04,SPT_SRWT,44,6833.34,7,TopSpine_Seg1,SpineAisle,East,15,0,0.00,0.00,0.0000
2026-05-30 23:24:59,brandimarte_mk04,SPT_SRWT,44,6833.34,8,TopSpine_Seg2,SpineAisle,East,15,0,0.00,0.00,0.0000
2026-05-30 23:24:59,brandimarte_mk04,SPT_SRWT,44,6833.34,9,TopSpine_Seg3,SpineAisle,East,15,0,0.00,0.00,0.0000
2026-05-30 23:24:59,brandimarte_mk04,SPT_SRWT,44,6833.34,10,BotSpine_Seg0,SpineAisle,West,105,0,0.00,0.00,0.0000
2026-05-30 23:24:59,brandimarte_mk04,SPT_SRWT,44,6833.34,11,BotSpine_Seg1,SpineAisle,West,105,0,0.00,0.00,0.0000
2026-05-30 23:24:59,brandimarte_mk04,SPT_SRWT,44,6833.34,12,BotSpine_Seg2,SpineAisle,West,105,0,0.00,0.00,0.0000
2026-05-30 23:24:59,brandimarte_mk04,SPT_SRWT,44,6833.34,13,BotSpine_Seg3,SpineAisle,West,105,0,0.00,0.00,0.0000
2026-05-30 23:24:59,brandimarte_mk04,SPT_SRWT,44,6833.34,14,LeftVert_TopConn,VerticalAisle,North,15,0,0.00,0.00,0.0000
2026-05-30 23:24:59,brandimarte_mk04,SPT_SRWT,44,6833.34,15,LeftVert_Row0,VerticalAisle,North,155,1150,299.02,0.26,0.8812
2026-05-30 23:24:59,brandimarte_mk04,SPT_SRWT,44,6833.34,16,LeftVert_Row1,VerticalAisle,North,155,105,27.30,0.26,0.4038
2026-05-30 23:24:59,brandimarte_mk04,SPT_SRWT,44,6833.34,17,LeftVert_BotConn,VerticalAisle,North,105,638,165.90,0.26,0.8587
2026-05-30 23:24:59,brandimarte_mk04,SPT_SRWT,44,6833.34,18,RightVert_TopConn,VerticalAisle,South,15,0,0.00,0.00,0.0000
2026-05-30 23:24:59,brandimarte_mk04,SPT_SRWT,44,6833.34,19,RightVert_Row0,VerticalAisle,South,155,0,0.00,0.00,0.0000
2026-05-30 23:24:59,brandimarte_mk04,SPT_SRWT,44,6833.34,20,RightVert_Row1,VerticalAisle,South,155,0,0.00,0.00,0.0000
2026-05-30 23:24:59,brandimarte_mk04,SPT_SRWT,44,6833.34,21,RightVert_BotConn,VerticalAisle,South,105,0,0.00,0.00,0.0000
2026-05-30 23:29:30,brandimarte_mk06,SPT_SRWT,42,10900.01,0,RowAisle0_Seg0,RowAisle,East,222,551,143.26,0.26,0.7128
2026-05-30 23:29:30,brandimarte_mk06,SPT_SRWT,42,10900.01,1,RowAisle0_Seg1,RowAisle,East,222,792,205.89,0.26,0.7811
2026-05-30 23:29:30,brandimarte_mk06,SPT_SRWT,42,10900.01,2,RowAisle0_Seg2,RowAisle,East,222,876,227.77,0.26,0.7978
2026-05-30 23:29:30,brandimarte_mk06,SPT_SRWT,42,10900.01,3,RowAisle0_Seg3,RowAisle,East,222,18,4.69,0.26,0.0750
2026-05-30 23:29:30,brandimarte_mk06,SPT_SRWT,42,10900.01,4,RowAisle1_Seg0,RowAisle,West,72,83,21.58,0.26,0.5355
2026-05-30 23:29:30,brandimarte_mk06,SPT_SRWT,42,10900.01,5,RowAisle1_Seg1,RowAisle,West,72,5,1.30,0.26,0.0649
2026-05-30 23:29:30,brandimarte_mk06,SPT_SRWT,42,10900.01,6,RowAisle1_Seg2,RowAisle,West,72,0,0.00,0.00,0.0000
2026-05-30 23:29:30,brandimarte_mk06,SPT_SRWT,42,10900.01,7,RowAisle1_Seg3,RowAisle,West,72,0,0.00,0.00,0.0000
2026-05-30 23:29:30,brandimarte_mk06,SPT_SRWT,42,10900.01,8,TopSpine_Seg0,SpineAisle,East,10,0,0.00,0.00,0.0000
2026-05-30 23:29:30,brandimarte_mk06,SPT_SRWT,42,10900.01,9,TopSpine_Seg1,SpineAisle,East,10,0,0.00,0.00,0.0000
2026-05-30 23:29:30,brandimarte_mk06,SPT_SRWT,42,10900.01,10,TopSpine_Seg2,SpineAisle,East,10,0,0.00,0.00,0.0000
2026-05-30 23:29:30,brandimarte_mk06,SPT_SRWT,42,10900.01,11,TopSpine_Seg3,SpineAisle,East,10,0,0.00,0.00,0.0000
2026-05-30 23:29:30,brandimarte_mk06,SPT_SRWT,42,10900.01,12,TopSpine_Seg4,SpineAisle,East,10,0,0.00,0.00,0.0000
2026-05-30 23:29:30,brandimarte_mk06,SPT_SRWT,42,10900.01,13,BotSpine_Seg0,SpineAisle,West,160,0,0.00,0.00,0.0000
2026-05-30 23:29:30,brandimarte_mk06,SPT_SRWT,42,10900.01,14,BotSpine_Seg1,SpineAisle,West,160,0,0.00,0.00,0.0000
2026-05-30 23:29:30,brandimarte_mk06,SPT_SRWT,42,10900.01,15,BotSpine_Seg2,SpineAisle,West,160,0,0.00,0.00,0.0000
2026-05-30 23:29:30,brandimarte_mk06,SPT_SRWT,42,10900.01,16,BotSpine_Seg3,SpineAisle,West,160,0,0.00,0.00,0.0000
2026-05-30 23:29:30,brandimarte_mk06,SPT_SRWT,42,10900.01,17,BotSpine_Seg4,SpineAisle,West,160,0,0.00,0.00,0.0000
2026-05-30 23:29:30,brandimarte_mk06,SPT_SRWT,42,10900.01,18,LeftVert_TopConn,VerticalAisle,North,10,0,0.00,0.00,0.0000
2026-05-30 23:29:30,brandimarte_mk06,SPT_SRWT,42,10900.01,19,LeftVert_Row0,VerticalAisle,North,232,1854,482.04,0.26,0.8888
2026-05-30 23:29:30,brandimarte_mk06,SPT_SRWT,42,10900.01,20,LeftVert_Row1,VerticalAisle,North,232,381,99.07,0.26,0.6215
2026-05-30 23:29:30,brandimarte_mk06,SPT_SRWT,42,10900.01,21,LeftVert_BotConn,VerticalAisle,North,160,1852,481.52,0.26,0.9205
2026-05-30 23:29:30,brandimarte_mk06,SPT_SRWT,42,10900.01,22,RightVert_TopConn,VerticalAisle,South,10,0,0.00,0.00,0.0000
2026-05-30 23:29:30,brandimarte_mk06,SPT_SRWT,42,10900.01,23,RightVert_Row0,VerticalAisle,South,232,3,0.80,0.27,0.0128
2026-05-30 23:29:30,brandimarte_mk06,SPT_SRWT,42,10900.01,24,RightVert_Row1,VerticalAisle,South,232,9,2.33,0.26,0.0373
2026-05-30 23:29:30,brandimarte_mk06,SPT_SRWT,42,10900.01,25,RightVert_BotConn,VerticalAisle,South,160,0,0.00,0.00,0.0000
2026-05-30 23:34:01,brandimarte_mk06,SPT_SRWT,43,10900.00,0,RowAisle0_Seg0,RowAisle,East,222,550,142.99,0.26,0.7124
2026-05-30 23:34:01,brandimarte_mk06,SPT_SRWT,43,10900.00,1,RowAisle0_Seg1,RowAisle,East,222,791,205.63,0.26,0.7808
2026-05-30 23:34:01,brandimarte_mk06,SPT_SRWT,43,10900.00,2,RowAisle0_Seg2,RowAisle,East,222,877,228.02,0.26,0.7980
2026-05-30 23:34:01,brandimarte_mk06,SPT_SRWT,43,10900.00,3,RowAisle0_Seg3,RowAisle,East,222,18,4.69,0.26,0.0750
2026-05-30 23:34:01,brandimarte_mk06,SPT_SRWT,43,10900.00,4,RowAisle1_Seg0,RowAisle,West,72,83,21.59,0.26,0.5355
2026-05-30 23:34:01,brandimarte_mk06,SPT_SRWT,43,10900.00,5,RowAisle1_Seg1,RowAisle,West,72,5,1.30,0.26,0.0649
2026-05-30 23:34:01,brandimarte_mk06,SPT_SRWT,43,10900.00,6,RowAisle1_Seg2,RowAisle,West,72,0,0.00,0.00,0.0000
2026-05-30 23:34:01,brandimarte_mk06,SPT_SRWT,43,10900.00,7,RowAisle1_Seg3,RowAisle,West,72,0,0.00,0.00,0.0000
2026-05-30 23:34:01,brandimarte_mk06,SPT_SRWT,43,10900.00,8,TopSpine_Seg0,SpineAisle,East,10,0,0.00,0.00,0.0000
2026-05-30 23:34:01,brandimarte_mk06,SPT_SRWT,43,10900.00,9,TopSpine_Seg1,SpineAisle,East,10,0,0.00,0.00,0.0000
2026-05-30 23:34:01,brandimarte_mk06,SPT_SRWT,43,10900.00,10,TopSpine_Seg2,SpineAisle,East,10,0,0.00,0.00,0.0000
2026-05-30 23:34:01,brandimarte_mk06,SPT_SRWT,43,10900.00,11,TopSpine_Seg3,SpineAisle,East,10,0,0.00,0.00,0.0000
2026-05-30 23:34:01,brandimarte_mk06,SPT_SRWT,43,10900.00,12,TopSpine_Seg4,SpineAisle,East,10,0,0.00,0.00,0.0000
2026-05-30 23:34:01,brandimarte_mk06,SPT_SRWT,43,10900.00,13,BotSpine_Seg0,SpineAisle,West,160,0,0.00,0.00,0.0000
2026-05-30 23:34:01,brandimarte_mk06,SPT_SRWT,43,10900.00,14,BotSpine_Seg1,SpineAisle,West,160,0,0.00,0.00,0.0000
2026-05-30 23:34:01,brandimarte_mk06,SPT_SRWT,43,10900.00,15,BotSpine_Seg2,SpineAisle,West,160,0,0.00,0.00,0.0000
2026-05-30 23:34:01,brandimarte_mk06,SPT_SRWT,43,10900.00,16,BotSpine_Seg3,SpineAisle,West,160,0,0.00,0.00,0.0000
2026-05-30 23:34:01,brandimarte_mk06,SPT_SRWT,43,10900.00,17,BotSpine_Seg4,SpineAisle,West,160,0,0.00,0.00,0.0000
2026-05-30 23:34:01,brandimarte_mk06,SPT_SRWT,43,10900.00,18,LeftVert_TopConn,VerticalAisle,North,10,0,0.00,0.00,0.0000
2026-05-30 23:34:01,brandimarte_mk06,SPT_SRWT,43,10900.00,19,LeftVert_Row0,VerticalAisle,North,232,1854,482.01,0.26,0.8888
2026-05-30 23:34:01,brandimarte_mk06,SPT_SRWT,43,10900.00,20,LeftVert_Row1,VerticalAisle,North,232,380,98.81,0.26,0.6209
2026-05-30 23:34:01,brandimarte_mk06,SPT_SRWT,43,10900.00,21,LeftVert_BotConn,VerticalAisle,North,160,1851,481.27,0.26,0.9204
2026-05-30 23:34:01,brandimarte_mk06,SPT_SRWT,43,10900.00,22,RightVert_TopConn,VerticalAisle,South,10,0,0.00,0.00,0.0000
2026-05-30 23:34:01,brandimarte_mk06,SPT_SRWT,43,10900.00,23,RightVert_Row0,VerticalAisle,South,232,3,0.79,0.26,0.0128
2026-05-30 23:34:01,brandimarte_mk06,SPT_SRWT,43,10900.00,24,RightVert_Row1,VerticalAisle,South,232,9,2.33,0.26,0.0373
2026-05-30 23:34:01,brandimarte_mk06,SPT_SRWT,43,10900.00,25,RightVert_BotConn,VerticalAisle,South,160,0,0.00,0.00,0.0000
2026-05-30 23:38:32,brandimarte_mk06,SPT_SRWT,44,10900.00,0,RowAisle0_Seg0,RowAisle,East,222,550,142.98,0.26,0.7124
2026-05-30 23:38:32,brandimarte_mk06,SPT_SRWT,44,10900.00,1,RowAisle0_Seg1,RowAisle,East,222,791,205.64,0.26,0.7808
2026-05-30 23:38:32,brandimarte_mk06,SPT_SRWT,44,10900.00,2,RowAisle0_Seg2,RowAisle,East,222,877,228.02,0.26,0.7980
2026-05-30 23:38:32,brandimarte_mk06,SPT_SRWT,44,10900.00,3,RowAisle0_Seg3,RowAisle,East,222,18,4.69,0.26,0.0750
2026-05-30 23:38:32,brandimarte_mk06,SPT_SRWT,44,10900.00,4,RowAisle1_Seg0,RowAisle,West,72,83,21.58,0.26,0.5355
2026-05-30 23:38:32,brandimarte_mk06,SPT_SRWT,44,10900.00,5,RowAisle1_Seg1,RowAisle,West,72,5,1.30,0.26,0.0649
2026-05-30 23:38:32,brandimarte_mk06,SPT_SRWT,44,10900.00,6,RowAisle1_Seg2,RowAisle,West,72,0,0.00,0.00,0.0000
2026-05-30 23:38:32,brandimarte_mk06,SPT_SRWT,44,10900.00,7,RowAisle1_Seg3,RowAisle,West,72,0,0.00,0.00,0.0000
2026-05-30 23:38:32,brandimarte_mk06,SPT_SRWT,44,10900.00,8,TopSpine_Seg0,SpineAisle,East,10,0,0.00,0.00,0.0000
2026-05-30 23:38:32,brandimarte_mk06,SPT_SRWT,44,10900.00,9,TopSpine_Seg1,SpineAisle,East,10,0,0.00,0.00,0.0000
2026-05-30 23:38:32,brandimarte_mk06,SPT_SRWT,44,10900.00,10,TopSpine_Seg2,SpineAisle,East,10,0,0.00,0.00,0.0000
2026-05-30 23:38:32,brandimarte_mk06,SPT_SRWT,44,10900.00,11,TopSpine_Seg3,SpineAisle,East,10,0,0.00,0.00,0.0000
2026-05-30 23:38:32,brandimarte_mk06,SPT_SRWT,44,10900.00,12,TopSpine_Seg4,SpineAisle,East,10,0,0.00,0.00,0.0000
2026-05-30 23:38:32,brandimarte_mk06,SPT_SRWT,44,10900.00,13,BotSpine_Seg0,SpineAisle,West,160,0,0.00,0.00,0.0000
2026-05-30 23:38:32,brandimarte_mk06,SPT_SRWT,44,10900.00,14,BotSpine_Seg1,SpineAisle,West,160,0,0.00,0.00,0.0000
2026-05-30 23:38:32,brandimarte_mk06,SPT_SRWT,44,10900.00,15,BotSpine_Seg2,SpineAisle,West,160,0,0.00,0.00,0.0000
2026-05-30 23:38:32,brandimarte_mk06,SPT_SRWT,44,10900.00,16,BotSpine_Seg3,SpineAisle,West,160,0,0.00,0.00,0.0000
2026-05-30 23:38:32,brandimarte_mk06,SPT_SRWT,44,10900.00,17,BotSpine_Seg4,SpineAisle,West,160,0,0.00,0.00,0.0000
2026-05-30 23:38:32,brandimarte_mk06,SPT_SRWT,44,10900.00,18,LeftVert_TopConn,VerticalAisle,North,10,0,0.00,0.00,0.0000
2026-05-30 23:38:32,brandimarte_mk06,SPT_SRWT,44,10900.00,19,LeftVert_Row0,VerticalAisle,North,232,1855,482.29,0.26,0.8888
2026-05-30 23:38:32,brandimarte_mk06,SPT_SRWT,44,10900.00,20,LeftVert_Row1,VerticalAisle,North,232,380,98.81,0.26,0.6209
2026-05-30 23:38:32,brandimarte_mk06,SPT_SRWT,44,10900.00,21,LeftVert_BotConn,VerticalAisle,North,160,1851,481.27,0.26,0.9204
2026-05-30 23:38:32,brandimarte_mk06,SPT_SRWT,44,10900.00,22,RightVert_TopConn,VerticalAisle,South,10,0,0.00,0.00,0.0000
2026-05-30 23:38:32,brandimarte_mk06,SPT_SRWT,44,10900.00,23,RightVert_Row0,VerticalAisle,South,232,3,0.79,0.26,0.0128
2026-05-30 23:38:32,brandimarte_mk06,SPT_SRWT,44,10900.00,24,RightVert_Row1,VerticalAisle,South,232,9,2.32,0.26,0.0373
2026-05-30 23:38:32,brandimarte_mk06,SPT_SRWT,44,10900.00,25,RightVert_BotConn,VerticalAisle,South,160,0,0.00,0.00,0.0000
2026-05-30 23:42:01,brandimarte_mk07,SPT_SRWT,42,8466.66,0,RowAisle0_Seg0,RowAisle,East,150,1412,367.13,0.26,0.9040
2026-05-30 23:42:01,brandimarte_mk07,SPT_SRWT,42,8466.66,1,RowAisle0_Seg1,RowAisle,East,150,104,27.05,0.26,0.4094
2026-05-30 23:42:01,brandimarte_mk07,SPT_SRWT,42,8466.66,2,RowAisle0_Seg2,RowAisle,East,150,4,1.05,0.26,0.0260
2026-05-30 23:42:01,brandimarte_mk07,SPT_SRWT,42,8466.66,3,TopSpine_Seg0,SpineAisle,East,20,0,0.00,0.00,0.0000
2026-05-30 23:42:01,brandimarte_mk07,SPT_SRWT,42,8466.66,4,TopSpine_Seg1,SpineAisle,East,20,0,0.00,0.00,0.0000
2026-05-30 23:42:01,brandimarte_mk07,SPT_SRWT,42,8466.66,5,TopSpine_Seg2,SpineAisle,East,20,0,0.00,0.00,0.0000
2026-05-30 23:42:01,brandimarte_mk07,SPT_SRWT,42,8466.66,6,TopSpine_Seg3,SpineAisle,East,20,0,0.00,0.00,0.0000
2026-05-30 23:42:01,brandimarte_mk07,SPT_SRWT,42,8466.66,7,BotSpine_Seg0,SpineAisle,West,170,0,0.00,0.00,0.0000
2026-05-30 23:42:01,brandimarte_mk07,SPT_SRWT,42,8466.66,8,BotSpine_Seg1,SpineAisle,West,170,0,0.00,0.00,0.0000
2026-05-30 23:42:01,brandimarte_mk07,SPT_SRWT,42,8466.66,9,BotSpine_Seg2,SpineAisle,West,170,0,0.00,0.00,0.0000
2026-05-30 23:42:01,brandimarte_mk07,SPT_SRWT,42,8466.66,10,BotSpine_Seg3,SpineAisle,West,170,0,0.00,0.00,0.0000
2026-05-30 23:42:01,brandimarte_mk07,SPT_SRWT,42,8466.66,11,LeftVert_TopConn,VerticalAisle,North,20,0,0.00,0.00,0.0000
2026-05-30 23:42:01,brandimarte_mk07,SPT_SRWT,42,8466.66,12,LeftVert_Row0,VerticalAisle,North,170,281,73.06,0.26,0.6231
2026-05-30 23:42:01,brandimarte_mk07,SPT_SRWT,42,8466.66,13,LeftVert_BotConn,VerticalAisle,North,170,934,242.85,0.26,0.8460
2026-05-30 23:42:01,brandimarte_mk07,SPT_SRWT,42,8466.66,14,RightVert_TopConn,VerticalAisle,South,20,0,0.00,0.00,0.0000
2026-05-30 23:42:01,brandimarte_mk07,SPT_SRWT,42,8466.66,15,RightVert_Row0,VerticalAisle,South,170,0,0.00,0.00,0.0000
2026-05-30 23:42:01,brandimarte_mk07,SPT_SRWT,42,8466.66,16,RightVert_BotConn,VerticalAisle,South,170,5,1.30,0.26,0.0286
2026-05-30 23:45:32,brandimarte_mk07,SPT_SRWT,43,8466.66,0,RowAisle0_Seg0,RowAisle,East,150,1412,367.13,0.26,0.9040
2026-05-30 23:45:32,brandimarte_mk07,SPT_SRWT,43,8466.66,1,RowAisle0_Seg1,RowAisle,East,150,104,27.04,0.26,0.4094
2026-05-30 23:45:32,brandimarte_mk07,SPT_SRWT,43,8466.66,2,RowAisle0_Seg2,RowAisle,East,150,4,1.03,0.26,0.0260
2026-05-30 23:45:32,brandimarte_mk07,SPT_SRWT,43,8466.66,3,TopSpine_Seg0,SpineAisle,East,20,0,0.00,0.00,0.0000
2026-05-30 23:45:32,brandimarte_mk07,SPT_SRWT,43,8466.66,4,TopSpine_Seg1,SpineAisle,East,20,0,0.00,0.00,0.0000
2026-05-30 23:45:32,brandimarte_mk07,SPT_SRWT,43,8466.66,5,TopSpine_Seg2,SpineAisle,East,20,0,0.00,0.00,0.0000
2026-05-30 23:45:32,brandimarte_mk07,SPT_SRWT,43,8466.66,6,TopSpine_Seg3,SpineAisle,East,20,0,0.00,0.00,0.0000
2026-05-30 23:45:32,brandimarte_mk07,SPT_SRWT,43,8466.66,7,BotSpine_Seg0,SpineAisle,West,170,0,0.00,0.00,0.0000
2026-05-30 23:45:32,brandimarte_mk07,SPT_SRWT,43,8466.66,8,BotSpine_Seg1,SpineAisle,West,170,0,0.00,0.00,0.0000
2026-05-30 23:45:32,brandimarte_mk07,SPT_SRWT,43,8466.66,9,BotSpine_Seg2,SpineAisle,West,170,0,0.00,0.00,0.0000
2026-05-30 23:45:32,brandimarte_mk07,SPT_SRWT,43,8466.66,10,BotSpine_Seg3,SpineAisle,West,170,0,0.00,0.00,0.0000
2026-05-30 23:45:32,brandimarte_mk07,SPT_SRWT,43,8466.66,11,LeftVert_TopConn,VerticalAisle,North,20,0,0.00,0.00,0.0000
2026-05-30 23:45:32,brandimarte_mk07,SPT_SRWT,43,8466.66,12,LeftVert_Row0,VerticalAisle,North,170,281,73.05,0.26,0.6231
2026-05-30 23:45:32,brandimarte_mk07,SPT_SRWT,43,8466.66,13,LeftVert_BotConn,VerticalAisle,North,170,934,242.84,0.26,0.8460
2026-05-30 23:45:32,brandimarte_mk07,SPT_SRWT,43,8466.66,14,RightVert_TopConn,VerticalAisle,South,20,0,0.00,0.00,0.0000
2026-05-30 23:45:32,brandimarte_mk07,SPT_SRWT,43,8466.66,15,RightVert_Row0,VerticalAisle,South,170,0,0.00,0.00,0.0000
2026-05-30 23:45:32,brandimarte_mk07,SPT_SRWT,43,8466.66,16,RightVert_BotConn,VerticalAisle,South,170,5,1.30,0.26,0.0286
2026-05-30 23:49:02,brandimarte_mk07,SPT_SRWT,44,8466.66,0,RowAisle0_Seg0,RowAisle,East,150,1413,367.38,0.26,0.9040
2026-05-30 23:49:02,brandimarte_mk07,SPT_SRWT,44,8466.66,1,RowAisle0_Seg1,RowAisle,East,150,104,27.03,0.26,0.4094
2026-05-30 23:49:02,brandimarte_mk07,SPT_SRWT,44,8466.66,2,RowAisle0_Seg2,RowAisle,East,150,3,0.78,0.26,0.0196
2026-05-30 23:49:02,brandimarte_mk07,SPT_SRWT,44,8466.66,3,TopSpine_Seg0,SpineAisle,East,20,0,0.00,0.00,0.0000
2026-05-30 23:49:02,brandimarte_mk07,SPT_SRWT,44,8466.66,4,TopSpine_Seg1,SpineAisle,East,20,0,0.00,0.00,0.0000
2026-05-30 23:49:02,brandimarte_mk07,SPT_SRWT,44,8466.66,5,TopSpine_Seg2,SpineAisle,East,20,0,0.00,0.00,0.0000
2026-05-30 23:49:02,brandimarte_mk07,SPT_SRWT,44,8466.66,6,TopSpine_Seg3,SpineAisle,East,20,0,0.00,0.00,0.0000
2026-05-30 23:49:02,brandimarte_mk07,SPT_SRWT,44,8466.66,7,BotSpine_Seg0,SpineAisle,West,170,0,0.00,0.00,0.0000
2026-05-30 23:49:02,brandimarte_mk07,SPT_SRWT,44,8466.66,8,BotSpine_Seg1,SpineAisle,West,170,0,0.00,0.00,0.0000
2026-05-30 23:49:02,brandimarte_mk07,SPT_SRWT,44,8466.66,9,BotSpine_Seg2,SpineAisle,West,170,0,0.00,0.00,0.0000
2026-05-30 23:49:02,brandimarte_mk07,SPT_SRWT,44,8466.66,10,BotSpine_Seg3,SpineAisle,West,170,0,0.00,0.00,0.0000
2026-05-30 23:49:02,brandimarte_mk07,SPT_SRWT,44,8466.66,11,LeftVert_TopConn,VerticalAisle,North,20,0,0.00,0.00,0.0000
2026-05-30 23:49:02,brandimarte_mk07,SPT_SRWT,44,8466.66,12,LeftVert_Row0,VerticalAisle,North,170,282,73.33,0.26,0.6239
2026-05-30 23:49:02,brandimarte_mk07,SPT_SRWT,44,8466.66,13,LeftVert_BotConn,VerticalAisle,North,170,934,242.85,0.26,0.8460
2026-05-30 23:49:02,brandimarte_mk07,SPT_SRWT,44,8466.66,14,RightVert_TopConn,VerticalAisle,South,20,0,0.00,0.00,0.0000
2026-05-30 23:49:02,brandimarte_mk07,SPT_SRWT,44,8466.66,15,RightVert_Row0,VerticalAisle,South,170,0,0.00,0.00,0.0000
2026-05-30 23:49:02,brandimarte_mk07,SPT_SRWT,44,8466.66,16,RightVert_BotConn,VerticalAisle,South,170,5,1.30,0.26,0.0286
2026-05-30 23:56:28,brandimarte_mk10,SPT_SRWT,42,17833.33,0,RowAisle0_Seg0,RowAisle,East,361,317,79.41,0.25,0.4676
2026-05-30 23:56:28,brandimarte_mk10,SPT_SRWT,42,17833.33,1,RowAisle0_Seg1,RowAisle,East,361,1728,433.28,0.25,0.8272
2026-05-30 23:56:28,brandimarte_mk10,SPT_SRWT,42,17833.33,2,RowAisle0_Seg2,RowAisle,East,361,323,80.90,0.25,0.4722
2026-05-30 23:56:28,brandimarte_mk10,SPT_SRWT,42,17833.33,3,RowAisle0_Seg3,RowAisle,East,361,31,7.83,0.25,0.0791
2026-05-30 23:56:28,brandimarte_mk10,SPT_SRWT,42,17833.33,4,RowAisle1_Seg0,RowAisle,West,122,52,13.02,0.25,0.2989
2026-05-30 23:56:28,brandimarte_mk10,SPT_SRWT,42,17833.33,5,RowAisle1_Seg1,RowAisle,West,122,0,0.00,0.00,0.0000
2026-05-30 23:56:28,brandimarte_mk10,SPT_SRWT,42,17833.33,6,RowAisle1_Seg2,RowAisle,West,122,12,3.00,0.25,0.0896
2026-05-30 23:56:28,brandimarte_mk10,SPT_SRWT,42,17833.33,7,RowAisle1_Seg3,RowAisle,West,122,0,0.00,0.00,0.0000
2026-05-30 23:56:28,brandimarte_mk10,SPT_SRWT,42,17833.33,8,RowAisle2_Seg0,RowAisle,East,9,0,0.00,0.00,0.0000
2026-05-30 23:56:28,brandimarte_mk10,SPT_SRWT,42,17833.33,9,RowAisle2_Seg1,RowAisle,East,9,0,0.00,0.00,0.0000
2026-05-30 23:56:28,brandimarte_mk10,SPT_SRWT,42,17833.33,10,RowAisle2_Seg2,RowAisle,East,9,0,0.00,0.00,0.0000
2026-05-30 23:56:28,brandimarte_mk10,SPT_SRWT,42,17833.33,11,RowAisle2_Seg3,RowAisle,East,9,0,0.00,0.00,0.0000
2026-05-30 23:56:28,brandimarte_mk10,SPT_SRWT,42,17833.33,12,TopSpine_Seg0,SpineAisle,East,20,0,0.00,0.00,0.0000
2026-05-30 23:56:28,brandimarte_mk10,SPT_SRWT,42,17833.33,13,TopSpine_Seg1,SpineAisle,East,20,0,0.00,0.00,0.0000
2026-05-30 23:56:28,brandimarte_mk10,SPT_SRWT,42,17833.33,14,TopSpine_Seg2,SpineAisle,East,20,0,0.00,0.00,0.0000
2026-05-30 23:56:28,brandimarte_mk10,SPT_SRWT,42,17833.33,15,TopSpine_Seg3,SpineAisle,East,20,0,0.00,0.00,0.0000
2026-05-30 23:56:28,brandimarte_mk10,SPT_SRWT,42,17833.33,16,TopSpine_Seg4,SpineAisle,East,20,0,0.00,0.00,0.0000
2026-05-30 23:56:28,brandimarte_mk10,SPT_SRWT,42,17833.33,17,BotSpine_Seg0,SpineAisle,West,267,0,0.00,0.00,0.0000
2026-05-30 23:56:28,brandimarte_mk10,SPT_SRWT,42,17833.33,18,BotSpine_Seg1,SpineAisle,West,268,0,0.00,0.00,0.0000
2026-05-30 23:56:28,brandimarte_mk10,SPT_SRWT,42,17833.33,19,BotSpine_Seg2,SpineAisle,West,268,0,0.00,0.00,0.0000
2026-05-30 23:56:28,brandimarte_mk10,SPT_SRWT,42,17833.33,20,BotSpine_Seg3,SpineAisle,West,268,0,0.00,0.00,0.0000
2026-05-30 23:56:28,brandimarte_mk10,SPT_SRWT,42,17833.33,21,BotSpine_Seg4,SpineAisle,West,268,0,0.00,0.00,0.0000
2026-05-30 23:56:28,brandimarte_mk10,SPT_SRWT,42,17833.33,22,LeftVert_TopConn,VerticalAisle,North,20,0,0.00,0.00,0.0000
2026-05-30 23:56:28,brandimarte_mk10,SPT_SRWT,42,17833.33,23,LeftVert_Row0,VerticalAisle,North,381,1950,487.66,0.25,0.8366
2026-05-30 23:56:28,brandimarte_mk10,SPT_SRWT,42,17833.33,24,LeftVert_Row1,VerticalAisle,North,381,283,70.99,0.25,0.4262
2026-05-30 23:56:28,brandimarte_mk10,SPT_SRWT,42,17833.33,25,LeftVert_Row2,VerticalAisle,North,268,1104,276.14,0.25,0.8047
2026-05-30 23:56:28,brandimarte_mk10,SPT_SRWT,42,17833.33,26,LeftVert_BotConn,VerticalAisle,North,268,2399,599.89,0.25,0.8995
2026-05-30 23:56:28,brandimarte_mk10,SPT_SRWT,42,17833.33,27,RightVert_TopConn,VerticalAisle,South,20,0,0.00,0.00,0.0000
2026-05-30 23:56:28,brandimarte_mk10,SPT_SRWT,42,17833.33,28,RightVert_Row0,VerticalAisle,South,381,8,2.03,0.25,0.0206
2026-05-30 23:56:28,brandimarte_mk10,SPT_SRWT,42,17833.33,29,RightVert_Row1,VerticalAisle,South,381,37,9.30,0.25,0.0885
2026-05-30 23:56:28,brandimarte_mk10,SPT_SRWT,42,17833.33,30,RightVert_Row2,VerticalAisle,South,268,5,1.25,0.25,0.0183
2026-05-30 23:56:28,brandimarte_mk10,SPT_SRWT,42,17833.33,31,RightVert_BotConn,VerticalAisle,South,268,18,4.52,0.25,0.0629
2026-05-31 00:03:57,brandimarte_mk10,SPT_SRWT,43,17833.33,0,RowAisle0_Seg0,RowAisle,East,361,316,79.14,0.25,0.4668
2026-05-31 00:03:57,brandimarte_mk10,SPT_SRWT,43,17833.33,1,RowAisle0_Seg1,RowAisle,East,361,1733,433.36,0.25,0.8276
2026-05-31 00:03:57,brandimarte_mk10,SPT_SRWT,43,17833.33,2,RowAisle0_Seg2,RowAisle,East,361,323,80.80,0.25,0.4722
2026-05-31 00:03:57,brandimarte_mk10,SPT_SRWT,43,17833.33,3,RowAisle0_Seg3,RowAisle,East,361,31,7.83,0.25,0.0791
2026-05-31 00:03:57,brandimarte_mk10,SPT_SRWT,43,17833.33,4,RowAisle1_Seg0,RowAisle,West,122,50,12.52,0.25,0.2907
2026-05-31 00:03:57,brandimarte_mk10,SPT_SRWT,43,17833.33,5,RowAisle1_Seg1,RowAisle,West,122,1,0.27,0.27,0.0081
2026-05-31 00:03:57,brandimarte_mk10,SPT_SRWT,43,17833.33,6,RowAisle1_Seg2,RowAisle,West,122,12,3.00,0.25,0.0896
2026-05-31 00:03:57,brandimarte_mk10,SPT_SRWT,43,17833.33,7,RowAisle1_Seg3,RowAisle,West,122,0,0.00,0.00,0.0000
2026-05-31 00:03:57,brandimarte_mk10,SPT_SRWT,43,17833.33,8,RowAisle2_Seg0,RowAisle,East,9,0,0.00,0.00,0.0000
2026-05-31 00:03:57,brandimarte_mk10,SPT_SRWT,43,17833.33,9,RowAisle2_Seg1,RowAisle,East,9,0,0.00,0.00,0.0000
2026-05-31 00:03:57,brandimarte_mk10,SPT_SRWT,43,17833.33,10,RowAisle2_Seg2,RowAisle,East,9,0,0.00,0.00,0.0000
2026-05-31 00:03:57,brandimarte_mk10,SPT_SRWT,43,17833.33,11,RowAisle2_Seg3,RowAisle,East,9,0,0.00,0.00,0.0000
2026-05-31 00:03:57,brandimarte_mk10,SPT_SRWT,43,17833.33,12,TopSpine_Seg0,SpineAisle,East,20,0,0.00,0.00,0.0000
2026-05-31 00:03:57,brandimarte_mk10,SPT_SRWT,43,17833.33,13,TopSpine_Seg1,SpineAisle,East,20,0,0.00,0.00,0.0000
2026-05-31 00:03:57,brandimarte_mk10,SPT_SRWT,43,17833.33,14,TopSpine_Seg2,SpineAisle,East,20,0,0.00,0.00,0.0000
2026-05-31 00:03:57,brandimarte_mk10,SPT_SRWT,43,17833.33,15,TopSpine_Seg3,SpineAisle,East,20,0,0.00,0.00,0.0000
2026-05-31 00:03:57,brandimarte_mk10,SPT_SRWT,43,17833.33,16,TopSpine_Seg4,SpineAisle,East,20,0,0.00,0.00,0.0000
2026-05-31 00:03:57,brandimarte_mk10,SPT_SRWT,43,17833.33,17,BotSpine_Seg0,SpineAisle,West,267,0,0.00,0.00,0.0000
2026-05-31 00:03:57,brandimarte_mk10,SPT_SRWT,43,17833.33,18,BotSpine_Seg1,SpineAisle,West,268,0,0.00,0.00,0.0000
2026-05-31 00:03:57,brandimarte_mk10,SPT_SRWT,43,17833.33,19,BotSpine_Seg2,SpineAisle,West,268,0,0.00,0.00,0.0000
2026-05-31 00:03:57,brandimarte_mk10,SPT_SRWT,43,17833.33,20,BotSpine_Seg3,SpineAisle,West,268,0,0.00,0.00,0.0000
2026-05-31 00:03:57,brandimarte_mk10,SPT_SRWT,43,17833.33,21,BotSpine_Seg4,SpineAisle,West,268,0,0.00,0.00,0.0000
2026-05-31 00:03:57,brandimarte_mk10,SPT_SRWT,43,17833.33,22,LeftVert_TopConn,VerticalAisle,North,20,0,0.00,0.00,0.0000
2026-05-31 00:03:57,brandimarte_mk10,SPT_SRWT,43,17833.33,23,LeftVert_Row0,VerticalAisle,North,381,1950,487.69,0.25,0.8366
2026-05-31 00:03:57,brandimarte_mk10,SPT_SRWT,43,17833.33,24,LeftVert_Row1,VerticalAisle,North,381,281,70.30,0.25,0.4245
2026-05-31 00:03:57,brandimarte_mk10,SPT_SRWT,43,17833.33,25,LeftVert_Row2,VerticalAisle,North,268,1105,276.34,0.25,0.8048
2026-05-31 00:03:57,brandimarte_mk10,SPT_SRWT,43,17833.33,26,LeftVert_BotConn,VerticalAisle,North,268,2398,599.64,0.25,0.8995
2026-05-31 00:03:57,brandimarte_mk10,SPT_SRWT,43,17833.33,27,RightVert_TopConn,VerticalAisle,South,20,0,0.00,0.00,0.0000
2026-05-31 00:03:57,brandimarte_mk10,SPT_SRWT,43,17833.33,28,RightVert_Row0,VerticalAisle,South,381,9,2.27,0.25,0.0231
2026-05-31 00:03:57,brandimarte_mk10,SPT_SRWT,43,17833.33,29,RightVert_Row1,VerticalAisle,South,381,36,9.09,0.25,0.0863
2026-05-31 00:03:57,brandimarte_mk10,SPT_SRWT,43,17833.33,30,RightVert_Row2,VerticalAisle,South,268,5,1.25,0.25,0.0183
2026-05-31 00:03:57,brandimarte_mk10,SPT_SRWT,43,17833.33,31,RightVert_BotConn,VerticalAisle,South,268,18,4.53,0.25,0.0629
2026-05-31 00:11:39,brandimarte_mk10,SPT_SRWT,44,18366.66,0,RowAisle0_Seg0,RowAisle,East,369,614,153.64,0.25,0.6246
2026-05-31 00:11:39,brandimarte_mk10,SPT_SRWT,44,18366.66,1,RowAisle0_Seg1,RowAisle,East,369,1299,324.86,0.25,0.7788
2026-05-31 00:11:39,brandimarte_mk10,SPT_SRWT,44,18366.66,2,RowAisle0_Seg2,RowAisle,East,369,171,42.81,0.25,0.3167
2026-05-31 00:11:39,brandimarte_mk10,SPT_SRWT,44,18366.66,3,RowAisle0_Seg3,RowAisle,East,369,24,6.08,0.25,0.0611
2026-05-31 00:11:39,brandimarte_mk10,SPT_SRWT,44,18366.66,4,RowAisle1_Seg0,RowAisle,West,129,20,5.02,0.25,0.1342
2026-05-31 00:11:39,brandimarte_mk10,SPT_SRWT,44,18366.66,5,RowAisle1_Seg1,RowAisle,West,129,7,1.77,0.25,0.0515
2026-05-31 00:11:39,brandimarte_mk10,SPT_SRWT,44,18366.66,6,RowAisle1_Seg2,RowAisle,West,129,0,0.00,0.00,0.0000
2026-05-31 00:11:39,brandimarte_mk10,SPT_SRWT,44,18366.66,7,RowAisle1_Seg3,RowAisle,West,129,0,0.00,0.00,0.0000
2026-05-31 00:11:39,brandimarte_mk10,SPT_SRWT,44,18366.66,8,RowAisle2_Seg0,RowAisle,East,5,0,0.00,0.00,0.0000
2026-05-31 00:11:39,brandimarte_mk10,SPT_SRWT,44,18366.66,9,RowAisle2_Seg1,RowAisle,East,5,0,0.00,0.00,0.0000
2026-05-31 00:11:39,brandimarte_mk10,SPT_SRWT,44,18366.66,10,RowAisle2_Seg2,RowAisle,East,5,0,0.00,0.00,0.0000
2026-05-31 00:11:39,brandimarte_mk10,SPT_SRWT,44,18366.66,11,RowAisle2_Seg3,RowAisle,East,5,0,0.00,0.00,0.0000
2026-05-31 00:11:39,brandimarte_mk10,SPT_SRWT,44,18366.66,12,TopSpine_Seg0,SpineAisle,East,20,0,0.00,0.00,0.0000
2026-05-31 00:11:39,brandimarte_mk10,SPT_SRWT,44,18366.66,13,TopSpine_Seg1,SpineAisle,East,20,0,0.00,0.00,0.0000
2026-05-31 00:11:39,brandimarte_mk10,SPT_SRWT,44,18366.66,14,TopSpine_Seg2,SpineAisle,East,20,0,0.00,0.00,0.0000
2026-05-31 00:11:39,brandimarte_mk10,SPT_SRWT,44,18366.66,15,TopSpine_Seg3,SpineAisle,East,20,0,0.00,0.00,0.0000
2026-05-31 00:11:39,brandimarte_mk10,SPT_SRWT,44,18366.66,16,TopSpine_Seg4,SpineAisle,East,20,0,0.00,0.00,0.0000
2026-05-31 00:11:39,brandimarte_mk10,SPT_SRWT,44,18366.66,17,BotSpine_Seg0,SpineAisle,West,264,0,0.00,0.00,0.0000
2026-05-31 00:11:39,brandimarte_mk10,SPT_SRWT,44,18366.66,18,BotSpine_Seg1,SpineAisle,West,265,0,0.00,0.00,0.0000
2026-05-31 00:11:39,brandimarte_mk10,SPT_SRWT,44,18366.66,19,BotSpine_Seg2,SpineAisle,West,265,0,0.00,0.00,0.0000
2026-05-31 00:11:39,brandimarte_mk10,SPT_SRWT,44,18366.66,20,BotSpine_Seg3,SpineAisle,West,265,0,0.00,0.00,0.0000
2026-05-31 00:11:39,brandimarte_mk10,SPT_SRWT,44,18366.66,21,BotSpine_Seg4,SpineAisle,West,265,0,0.00,0.00,0.0000
2026-05-31 00:11:39,brandimarte_mk10,SPT_SRWT,44,18366.66,22,LeftVert_TopConn,VerticalAisle,North,20,0,0.00,0.00,0.0000
2026-05-31 00:11:39,brandimarte_mk10,SPT_SRWT,44,18366.66,23,LeftVert_Row0,VerticalAisle,North,389,2034,508.64,0.25,0.8395
2026-05-31 00:11:39,brandimarte_mk10,SPT_SRWT,44,18366.66,24,LeftVert_Row1,VerticalAisle,North,389,608,152.05,0.25,0.6098
2026-05-31 00:11:39,brandimarte_mk10,SPT_SRWT,44,18366.66,25,LeftVert_Row2,VerticalAisle,North,265,1314,328.67,0.25,0.8322
2026-05-31 00:11:39,brandimarte_mk10,SPT_SRWT,44,18366.66,26,LeftVert_BotConn,VerticalAisle,North,265,3487,872.02,0.25,0.9294
2026-05-31 00:11:39,brandimarte_mk10,SPT_SRWT,44,18366.66,27,RightVert_TopConn,VerticalAisle,South,20,0,0.00,0.00,0.0000
2026-05-31 00:11:39,brandimarte_mk10,SPT_SRWT,44,18366.66,28,RightVert_Row0,VerticalAisle,South,389,11,2.80,0.25,0.0275
2026-05-31 00:11:39,brandimarte_mk10,SPT_SRWT,44,18366.66,29,RightVert_Row1,VerticalAisle,South,389,46,11.56,0.25,0.1057
2026-05-31 00:11:39,brandimarte_mk10,SPT_SRWT,44,18366.66,30,RightVert_Row2,VerticalAisle,South,265,0,0.00,0.00,0.0000
2026-05-31 00:11:39,brandimarte_mk10,SPT_SRWT,44,18366.66,31,RightVert_BotConn,VerticalAisle,South,265,9,2.25,0.25,0.0328
2026-05-31 00:19:49,brandimarte_mk11,SPT_SRWT,42,19633.33,0,RowAisle0_Seg0,RowAisle,East,261,816,204.20,0.25,0.7577
2026-05-31 00:19:49,brandimarte_mk11,SPT_SRWT,42,19633.33,1,RowAisle0_Seg1,RowAisle,East,261,128,32.03,0.25,0.3290
2026-05-31 00:19:49,brandimarte_mk11,SPT_SRWT,42,19633.33,2,RowAisle0_Seg2,RowAisle,East,261,10,2.53,0.25,0.0369
2026-05-31 00:19:49,brandimarte_mk11,SPT_SRWT,42,19633.33,3,TopSpine_Seg0,SpineAisle,East,30,0,0.00,0.00,0.0000
2026-05-31 00:19:49,brandimarte_mk11,SPT_SRWT,42,19633.33,4,TopSpine_Seg1,SpineAisle,East,30,0,0.00,0.00,0.0000
2026-05-31 00:19:49,brandimarte_mk11,SPT_SRWT,42,19633.33,5,TopSpine_Seg2,SpineAisle,East,30,0,0.00,0.00,0.0000
2026-05-31 00:19:49,brandimarte_mk11,SPT_SRWT,42,19633.33,6,TopSpine_Seg3,SpineAisle,East,30,0,0.00,0.00,0.0000
2026-05-31 00:19:49,brandimarte_mk11,SPT_SRWT,42,19633.33,7,BotSpine_Seg0,SpineAisle,West,291,0,0.00,0.00,0.0000
2026-05-31 00:19:49,brandimarte_mk11,SPT_SRWT,42,19633.33,8,BotSpine_Seg1,SpineAisle,West,291,0,0.00,0.00,0.0000
2026-05-31 00:19:49,brandimarte_mk11,SPT_SRWT,42,19633.33,9,BotSpine_Seg2,SpineAisle,West,291,0,0.00,0.00,0.0000
2026-05-31 00:19:49,brandimarte_mk11,SPT_SRWT,42,19633.33,10,BotSpine_Seg3,SpineAisle,West,291,0,0.00,0.00,0.0000
2026-05-31 00:19:49,brandimarte_mk11,SPT_SRWT,42,19633.33,11,LeftVert_TopConn,VerticalAisle,North,30,0,0.00,0.00,0.0000
2026-05-31 00:19:49,brandimarte_mk11,SPT_SRWT,42,19633.33,12,LeftVert_Row0,VerticalAisle,North,291,856,214.11,0.25,0.7463
2026-05-31 00:19:49,brandimarte_mk11,SPT_SRWT,42,19633.33,13,LeftVert_BotConn,VerticalAisle,North,291,656,164.09,0.25,0.6927
2026-05-31 00:19:49,brandimarte_mk11,SPT_SRWT,42,19633.33,14,RightVert_TopConn,VerticalAisle,South,30,0,0.00,0.00,0.0000
2026-05-31 00:19:49,brandimarte_mk11,SPT_SRWT,42,19633.33,15,RightVert_Row0,VerticalAisle,South,291,0,0.00,0.00,0.0000
2026-05-31 00:19:49,brandimarte_mk11,SPT_SRWT,42,19633.33,16,RightVert_BotConn,VerticalAisle,South,291,4,1.00,0.25,0.0136
2026-05-31 00:27:57,brandimarte_mk11,SPT_SRWT,43,19633.34,0,RowAisle0_Seg0,RowAisle,East,261,819,204.98,0.25,0.7583
2026-05-31 00:27:57,brandimarte_mk11,SPT_SRWT,43,19633.34,1,RowAisle0_Seg1,RowAisle,East,261,128,32.06,0.25,0.3290
2026-05-31 00:27:57,brandimarte_mk11,SPT_SRWT,43,19633.34,2,RowAisle0_Seg2,RowAisle,East,261,9,2.33,0.26,0.0333
2026-05-31 00:27:57,brandimarte_mk11,SPT_SRWT,43,19633.34,3,TopSpine_Seg0,SpineAisle,East,30,0,0.00,0.00,0.0000
2026-05-31 00:27:57,brandimarte_mk11,SPT_SRWT,43,19633.34,4,TopSpine_Seg1,SpineAisle,East,30,0,0.00,0.00,0.0000
2026-05-31 00:27:57,brandimarte_mk11,SPT_SRWT,43,19633.34,5,TopSpine_Seg2,SpineAisle,East,30,0,0.00,0.00,0.0000
2026-05-31 00:27:57,brandimarte_mk11,SPT_SRWT,43,19633.34,6,TopSpine_Seg3,SpineAisle,East,30,0,0.00,0.00,0.0000
2026-05-31 00:27:57,brandimarte_mk11,SPT_SRWT,43,19633.34,7,BotSpine_Seg0,SpineAisle,West,291,0,0.00,0.00,0.0000
2026-05-31 00:27:57,brandimarte_mk11,SPT_SRWT,43,19633.34,8,BotSpine_Seg1,SpineAisle,West,291,0,0.00,0.00,0.0000
2026-05-31 00:27:57,brandimarte_mk11,SPT_SRWT,43,19633.34,9,BotSpine_Seg2,SpineAisle,West,291,0,0.00,0.00,0.0000
2026-05-31 00:27:57,brandimarte_mk11,SPT_SRWT,43,19633.34,10,BotSpine_Seg3,SpineAisle,West,291,0,0.00,0.00,0.0000
2026-05-31 00:27:57,brandimarte_mk11,SPT_SRWT,43,19633.34,11,LeftVert_TopConn,VerticalAisle,North,30,0,0.00,0.00,0.0000
2026-05-31 00:27:57,brandimarte_mk11,SPT_SRWT,43,19633.34,12,LeftVert_Row0,VerticalAisle,North,291,855,213.84,0.25,0.7461
2026-05-31 00:27:57,brandimarte_mk11,SPT_SRWT,43,19633.34,13,LeftVert_BotConn,VerticalAisle,North,291,657,164.33,0.25,0.6930
2026-05-31 00:27:57,brandimarte_mk11,SPT_SRWT,43,19633.34,14,RightVert_TopConn,VerticalAisle,South,30,0,0.00,0.00,0.0000
2026-05-31 00:27:57,brandimarte_mk11,SPT_SRWT,43,19633.34,15,RightVert_Row0,VerticalAisle,South,291,0,0.00,0.00,0.0000
2026-05-31 00:27:57,brandimarte_mk11,SPT_SRWT,43,19633.34,16,RightVert_BotConn,VerticalAisle,South,291,4,1.00,0.25,0.0136
2026-05-31 00:36:04,brandimarte_mk11,SPT_SRWT,44,19633.34,0,RowAisle0_Seg0,RowAisle,East,261,819,205.00,0.25,0.7583
2026-05-31 00:36:04,brandimarte_mk11,SPT_SRWT,44,19633.34,1,RowAisle0_Seg1,RowAisle,East,261,129,32.28,0.25,0.3308
2026-05-31 00:36:04,brandimarte_mk11,SPT_SRWT,44,19633.34,2,RowAisle0_Seg2,RowAisle,East,261,10,2.55,0.25,0.0369
2026-05-31 00:36:04,brandimarte_mk11,SPT_SRWT,44,19633.34,3,TopSpine_Seg0,SpineAisle,East,30,0,0.00,0.00,0.0000
2026-05-31 00:36:04,brandimarte_mk11,SPT_SRWT,44,19633.34,4,TopSpine_Seg1,SpineAisle,East,30,0,0.00,0.00,0.0000
2026-05-31 00:36:04,brandimarte_mk11,SPT_SRWT,44,19633.34,5,TopSpine_Seg2,SpineAisle,East,30,0,0.00,0.00,0.0000
2026-05-31 00:36:04,brandimarte_mk11,SPT_SRWT,44,19633.34,6,TopSpine_Seg3,SpineAisle,East,30,0,0.00,0.00,0.0000
2026-05-31 00:36:04,brandimarte_mk11,SPT_SRWT,44,19633.34,7,BotSpine_Seg0,SpineAisle,West,291,0,0.00,0.00,0.0000
2026-05-31 00:36:04,brandimarte_mk11,SPT_SRWT,44,19633.34,8,BotSpine_Seg1,SpineAisle,West,291,0,0.00,0.00,0.0000
2026-05-31 00:36:04,brandimarte_mk11,SPT_SRWT,44,19633.34,9,BotSpine_Seg2,SpineAisle,West,291,0,0.00,0.00,0.0000
2026-05-31 00:36:04,brandimarte_mk11,SPT_SRWT,44,19633.34,10,BotSpine_Seg3,SpineAisle,West,291,0,0.00,0.00,0.0000
2026-05-31 00:36:04,brandimarte_mk11,SPT_SRWT,44,19633.34,11,LeftVert_TopConn,VerticalAisle,North,30,0,0.00,0.00,0.0000
2026-05-31 00:36:04,brandimarte_mk11,SPT_SRWT,44,19633.34,12,LeftVert_Row0,VerticalAisle,North,291,857,214.31,0.25,0.7465
2026-05-31 00:36:04,brandimarte_mk11,SPT_SRWT,44,19633.34,13,LeftVert_BotConn,VerticalAisle,North,291,656,164.06,0.25,0.6927
2026-05-31 00:36:04,brandimarte_mk11,SPT_SRWT,44,19633.34,14,RightVert_TopConn,VerticalAisle,South,30,0,0.00,0.00,0.0000
2026-05-31 00:36:04,brandimarte_mk11,SPT_SRWT,44,19633.34,15,RightVert_Row0,VerticalAisle,South,291,0,0.00,0.00,0.0000
2026-05-31 00:36:04,brandimarte_mk11,SPT_SRWT,44,19633.34,16,RightVert_BotConn,VerticalAisle,South,291,4,1.02,0.25,0.0136
2026-05-31 00:43:55,brandimarte_mk13,SPT_SRWT,42,18700.00,0,RowAisle0_Seg0,RowAisle,East,368,2379,594.88,0.25,0.8660
2026-05-31 00:43:55,brandimarte_mk13,SPT_SRWT,42,18700.00,1,RowAisle0_Seg1,RowAisle,East,368,341,85.44,0.25,0.4810
2026-05-31 00:43:55,brandimarte_mk13,SPT_SRWT,42,18700.00,2,RowAisle0_Seg2,RowAisle,East,368,1169,292.33,0.25,0.7606
2026-05-31 00:43:55,brandimarte_mk13,SPT_SRWT,42,18700.00,3,RowAisle0_Seg3,RowAisle,East,368,39,9.80,0.25,0.0958
2026-05-31 00:43:55,brandimarte_mk13,SPT_SRWT,42,18700.00,4,RowAisle1_Seg0,RowAisle,West,137,173,43.30,0.25,0.5581
2026-05-31 00:43:55,brandimarte_mk13,SPT_SRWT,42,18700.00,5,RowAisle1_Seg1,RowAisle,West,137,316,79.05,0.25,0.6976
2026-05-31 00:43:55,brandimarte_mk13,SPT_SRWT,42,18700.00,6,RowAisle1_Seg2,RowAisle,West,137,117,29.27,0.25,0.4606
2026-05-31 00:43:55,brandimarte_mk13,SPT_SRWT,42,18700.00,7,RowAisle1_Seg3,RowAisle,West,137,0,0.00,0.00,0.0000
2026-05-31 00:43:55,brandimarte_mk13,SPT_SRWT,42,18700.00,8,TopSpine_Seg0,SpineAisle,East,30,0,0.00,0.00,0.0000
2026-05-31 00:43:55,brandimarte_mk13,SPT_SRWT,42,18700.00,9,TopSpine_Seg1,SpineAisle,East,30,0,0.00,0.00,0.0000
2026-05-31 00:43:55,brandimarte_mk13,SPT_SRWT,42,18700.00,10,TopSpine_Seg2,SpineAisle,East,30,0,0.00,0.00,0.0000
2026-05-31 00:43:55,brandimarte_mk13,SPT_SRWT,42,18700.00,11,TopSpine_Seg3,SpineAisle,East,30,0,0.00,0.00,0.0000
2026-05-31 00:43:55,brandimarte_mk13,SPT_SRWT,42,18700.00,12,TopSpine_Seg4,SpineAisle,East,30,0,0.00,0.00,0.0000
2026-05-31 00:43:55,brandimarte_mk13,SPT_SRWT,42,18700.00,13,BotSpine_Seg0,SpineAisle,West,261,0,0.00,0.00,0.0000
2026-05-31 00:43:55,brandimarte_mk13,SPT_SRWT,42,18700.00,14,BotSpine_Seg1,SpineAisle,West,261,0,0.00,0.00,0.0000
2026-05-31 00:43:55,brandimarte_mk13,SPT_SRWT,42,18700.00,15,BotSpine_Seg2,SpineAisle,West,261,0,0.00,0.00,0.0000
2026-05-31 00:43:55,brandimarte_mk13,SPT_SRWT,42,18700.00,16,BotSpine_Seg3,SpineAisle,West,261,0,0.00,0.00,0.0000
2026-05-31 00:43:55,brandimarte_mk13,SPT_SRWT,42,18700.00,17,BotSpine_Seg4,SpineAisle,West,261,0,0.00,0.00,0.0000
2026-05-31 00:43:55,brandimarte_mk13,SPT_SRWT,42,18700.00,18,LeftVert_TopConn,VerticalAisle,North,30,0,0.00,0.00,0.0000
2026-05-31 00:43:55,brandimarte_mk13,SPT_SRWT,42,18700.00,19,LeftVert_Row0,VerticalAisle,North,398,1706,426.67,0.25,0.8108
2026-05-31 00:43:55,brandimarte_mk13,SPT_SRWT,42,18700.00,20,LeftVert_Row1,VerticalAisle,North,398,1458,364.66,0.25,0.7856
2026-05-31 00:43:55,brandimarte_mk13,SPT_SRWT,42,18700.00,21,LeftVert_BotConn,VerticalAisle,North,261,1909,477.55,0.25,0.8797
2026-05-31 00:43:55,brandimarte_mk13,SPT_SRWT,42,18700.00,22,RightVert_TopConn,VerticalAisle,South,30,0,0.00,0.00,0.0000
2026-05-31 00:43:55,brandimarte_mk13,SPT_SRWT,42,18700.00,23,RightVert_Row0,VerticalAisle,South,398,3,0.75,0.25,0.0075
2026-05-31 00:43:55,brandimarte_mk13,SPT_SRWT,42,18700.00,24,RightVert_Row1,VerticalAisle,South,398,41,10.34,0.25,0.0934
2026-05-31 00:43:55,brandimarte_mk13,SPT_SRWT,42,18700.00,25,RightVert_BotConn,VerticalAisle,South,261,0,0.00,0.00,0.0000
2026-05-31 00:51:47,brandimarte_mk13,SPT_SRWT,43,18700.00,0,RowAisle0_Seg0,RowAisle,East,368,2379,594.75,0.25,0.8660
2026-05-31 00:51:47,brandimarte_mk13,SPT_SRWT,43,18700.00,1,RowAisle0_Seg1,RowAisle,East,368,347,86.75,0.25,0.4853
2026-05-31 00:51:47,brandimarte_mk13,SPT_SRWT,43,18700.00,2,RowAisle0_Seg2,RowAisle,East,368,1168,292.00,0.25,0.7604
2026-05-31 00:51:47,brandimarte_mk13,SPT_SRWT,43,18700.00,3,RowAisle0_Seg3,RowAisle,East,368,41,10.25,0.25,0.1002
2026-05-31 00:51:47,brandimarte_mk13,SPT_SRWT,43,18700.00,4,RowAisle1_Seg0,RowAisle,West,137,173,43.25,0.25,0.5581
2026-05-31 00:51:47,brandimarte_mk13,SPT_SRWT,43,18700.00,5,RowAisle1_Seg1,RowAisle,West,137,316,79.00,0.25,0.6976
2026-05-31 00:51:47,brandimarte_mk13,SPT_SRWT,43,18700.00,6,RowAisle1_Seg2,RowAisle,West,137,116,29.00,0.25,0.4585
2026-05-31 00:51:47,brandimarte_mk13,SPT_SRWT,43,18700.00,7,RowAisle1_Seg3,RowAisle,West,137,0,0.00,0.00,0.0000
2026-05-31 00:51:47,brandimarte_mk13,SPT_SRWT,43,18700.00,8,TopSpine_Seg0,SpineAisle,East,30,0,0.00,0.00,0.0000
2026-05-31 00:51:47,brandimarte_mk13,SPT_SRWT,43,18700.00,9,TopSpine_Seg1,SpineAisle,East,30,0,0.00,0.00,0.0000
2026-05-31 00:51:47,brandimarte_mk13,SPT_SRWT,43,18700.00,10,TopSpine_Seg2,SpineAisle,East,30,0,0.00,0.00,0.0000
2026-05-31 00:51:47,brandimarte_mk13,SPT_SRWT,43,18700.00,11,TopSpine_Seg3,SpineAisle,East,30,0,0.00,0.00,0.0000
2026-05-31 00:51:47,brandimarte_mk13,SPT_SRWT,43,18700.00,12,TopSpine_Seg4,SpineAisle,East,30,0,0.00,0.00,0.0000
2026-05-31 00:51:47,brandimarte_mk13,SPT_SRWT,43,18700.00,13,BotSpine_Seg0,SpineAisle,West,261,0,0.00,0.00,0.0000
2026-05-31 00:51:47,brandimarte_mk13,SPT_SRWT,43,18700.00,14,BotSpine_Seg1,SpineAisle,West,261,0,0.00,0.00,0.0000
2026-05-31 00:51:47,brandimarte_mk13,SPT_SRWT,43,18700.00,15,BotSpine_Seg2,SpineAisle,West,261,0,0.00,0.00,0.0000
2026-05-31 00:51:47,brandimarte_mk13,SPT_SRWT,43,18700.00,16,BotSpine_Seg3,SpineAisle,West,261,0,0.00,0.00,0.0000
2026-05-31 00:51:47,brandimarte_mk13,SPT_SRWT,43,18700.00,17,BotSpine_Seg4,SpineAisle,West,261,0,0.00,0.00,0.0000
2026-05-31 00:51:47,brandimarte_mk13,SPT_SRWT,43,18700.00,18,LeftVert_TopConn,VerticalAisle,North,30,0,0.00,0.00,0.0000
2026-05-31 00:51:47,brandimarte_mk13,SPT_SRWT,43,18700.00,19,LeftVert_Row0,VerticalAisle,North,398,1713,428.28,0.25,0.8115
2026-05-31 00:51:47,brandimarte_mk13,SPT_SRWT,43,18700.00,20,LeftVert_Row1,VerticalAisle,North,398,1458,364.53,0.25,0.7856
2026-05-31 00:51:47,brandimarte_mk13,SPT_SRWT,43,18700.00,21,LeftVert_BotConn,VerticalAisle,North,261,1911,477.75,0.25,0.8798
2026-05-31 00:51:47,brandimarte_mk13,SPT_SRWT,43,18700.00,22,RightVert_TopConn,VerticalAisle,South,30,0,0.00,0.00,0.0000
2026-05-31 00:51:47,brandimarte_mk13,SPT_SRWT,43,18700.00,23,RightVert_Row0,VerticalAisle,South,398,2,0.50,0.25,0.0050
2026-05-31 00:51:47,brandimarte_mk13,SPT_SRWT,43,18700.00,24,RightVert_Row1,VerticalAisle,South,398,44,11.00,0.25,0.0995
2026-05-31 00:51:47,brandimarte_mk13,SPT_SRWT,43,18700.00,25,RightVert_BotConn,VerticalAisle,South,261,0,0.00,0.00,0.0000
2026-05-31 00:59:40,brandimarte_mk13,SPT_SRWT,44,18700.00,0,RowAisle0_Seg0,RowAisle,East,368,2381,595.25,0.25,0.8661
2026-05-31 00:59:40,brandimarte_mk13,SPT_SRWT,44,18700.00,1,RowAisle0_Seg1,RowAisle,East,368,345,86.25,0.25,0.4839
2026-05-31 00:59:40,brandimarte_mk13,SPT_SRWT,44,18700.00,2,RowAisle0_Seg2,RowAisle,East,368,1168,292.00,0.25,0.7604
2026-05-31 00:59:40,brandimarte_mk13,SPT_SRWT,44,18700.00,3,RowAisle0_Seg3,RowAisle,East,368,41,10.25,0.25,0.1002
2026-05-31 00:59:40,brandimarte_mk13,SPT_SRWT,44,18700.00,4,RowAisle1_Seg0,RowAisle,West,137,175,43.75,0.25,0.5609
2026-05-31 00:59:40,brandimarte_mk13,SPT_SRWT,44,18700.00,5,RowAisle1_Seg1,RowAisle,West,137,316,79.00,0.25,0.6976
2026-05-31 00:59:40,brandimarte_mk13,SPT_SRWT,44,18700.00,6,RowAisle1_Seg2,RowAisle,West,137,117,29.25,0.25,0.4606
2026-05-31 00:59:40,brandimarte_mk13,SPT_SRWT,44,18700.00,7,RowAisle1_Seg3,RowAisle,West,137,0,0.00,0.00,0.0000
2026-05-31 00:59:40,brandimarte_mk13,SPT_SRWT,44,18700.00,8,TopSpine_Seg0,SpineAisle,East,30,0,0.00,0.00,0.0000
2026-05-31 00:59:40,brandimarte_mk13,SPT_SRWT,44,18700.00,9,TopSpine_Seg1,SpineAisle,East,30,0,0.00,0.00,0.0000
2026-05-31 00:59:40,brandimarte_mk13,SPT_SRWT,44,18700.00,10,TopSpine_Seg2,SpineAisle,East,30,0,0.00,0.00,0.0000
2026-05-31 00:59:40,brandimarte_mk13,SPT_SRWT,44,18700.00,11,TopSpine_Seg3,SpineAisle,East,30,0,0.00,0.00,0.0000
2026-05-31 00:59:40,brandimarte_mk13,SPT_SRWT,44,18700.00,12,TopSpine_Seg4,SpineAisle,East,30,0,0.00,0.00,0.0000
2026-05-31 00:59:40,brandimarte_mk13,SPT_SRWT,44,18700.00,13,BotSpine_Seg0,SpineAisle,West,261,0,0.00,0.00,0.0000
2026-05-31 00:59:40,brandimarte_mk13,SPT_SRWT,44,18700.00,14,BotSpine_Seg1,SpineAisle,West,261,0,0.00,0.00,0.0000
2026-05-31 00:59:40,brandimarte_mk13,SPT_SRWT,44,18700.00,15,BotSpine_Seg2,SpineAisle,West,261,0,0.00,0.00,0.0000
2026-05-31 00:59:40,brandimarte_mk13,SPT_SRWT,44,18700.00,16,BotSpine_Seg3,SpineAisle,West,261,0,0.00,0.00,0.0000
2026-05-31 00:59:40,brandimarte_mk13,SPT_SRWT,44,18700.00,17,BotSpine_Seg4,SpineAisle,West,261,0,0.00,0.00,0.0000
2026-05-31 00:59:40,brandimarte_mk13,SPT_SRWT,44,18700.00,18,LeftVert_TopConn,VerticalAisle,North,30,0,0.00,0.00,0.0000
2026-05-31 00:59:40,brandimarte_mk13,SPT_SRWT,44,18700.00,19,LeftVert_Row0,VerticalAisle,North,398,1708,427.00,0.25,0.8110
2026-05-31 00:59:40,brandimarte_mk13,SPT_SRWT,44,18700.00,20,LeftVert_Row1,VerticalAisle,North,398,1460,365.00,0.25,0.7858
2026-05-31 00:59:40,brandimarte_mk13,SPT_SRWT,44,18700.00,21,LeftVert_BotConn,VerticalAisle,North,261,1910,477.50,0.25,0.8798
2026-05-31 00:59:40,brandimarte_mk13,SPT_SRWT,44,18700.00,22,RightVert_TopConn,VerticalAisle,South,30,0,0.00,0.00,0.0000
2026-05-31 00:59:40,brandimarte_mk13,SPT_SRWT,44,18700.00,23,RightVert_Row0,VerticalAisle,South,398,2,0.50,0.25,0.0050
2026-05-31 00:59:40,brandimarte_mk13,SPT_SRWT,44,18700.00,24,RightVert_Row1,VerticalAisle,South,398,42,10.50,0.25,0.0955
2026-05-31 00:59:40,brandimarte_mk13,SPT_SRWT,44,18700.00,25,RightVert_BotConn,VerticalAisle,South,261,0,0.00,0.00,0.0000
2026-05-31 01:09:17,brandimarte_mk15,SPT_SRWT,42,22933.31,0,RowAisle0_Seg0,RowAisle,East,447,1374,343.50,0.25,0.7545
2026-05-31 01:09:17,brandimarte_mk15,SPT_SRWT,42,22933.31,1,RowAisle0_Seg1,RowAisle,East,447,1067,266.75,0.25,0.7048
2026-05-31 01:09:17,brandimarte_mk15,SPT_SRWT,42,22933.31,2,RowAisle0_Seg2,RowAisle,East,447,441,110.25,0.25,0.4966
2026-05-31 01:09:17,brandimarte_mk15,SPT_SRWT,42,22933.31,3,RowAisle0_Seg3,RowAisle,East,447,41,10.25,0.25,0.0840
2026-05-31 01:09:17,brandimarte_mk15,SPT_SRWT,42,22933.31,4,RowAisle1_Seg0,RowAisle,West,165,21,5.25,0.25,0.1129
2026-05-31 01:09:17,brandimarte_mk15,SPT_SRWT,42,22933.31,5,RowAisle1_Seg1,RowAisle,West,165,56,14.00,0.25,0.2534
2026-05-31 01:09:17,brandimarte_mk15,SPT_SRWT,42,22933.31,6,RowAisle1_Seg2,RowAisle,West,165,9,2.25,0.25,0.0517
2026-05-31 01:09:17,brandimarte_mk15,SPT_SRWT,42,22933.31,7,RowAisle1_Seg3,RowAisle,West,165,0,0.00,0.00,0.0000
2026-05-31 01:09:17,brandimarte_mk15,SPT_SRWT,42,22933.31,8,RowAisle2_Seg0,RowAisle,East,41,0,0.00,0.00,0.0000
2026-05-31 01:09:17,brandimarte_mk15,SPT_SRWT,42,22933.31,9,RowAisle2_Seg1,RowAisle,East,41,208,52.00,0.25,0.8353
2026-05-31 01:09:17,brandimarte_mk15,SPT_SRWT,42,22933.31,10,RowAisle2_Seg2,RowAisle,East,41,0,0.00,0.00,0.0000
2026-05-31 01:09:17,brandimarte_mk15,SPT_SRWT,42,22933.31,11,RowAisle2_Seg3,RowAisle,East,41,0,0.00,0.00,0.0000
2026-05-31 01:09:17,brandimarte_mk15,SPT_SRWT,42,22933.31,12,TopSpine_Seg0,SpineAisle,East,30,0,0.00,0.00,0.0000
2026-05-31 01:09:17,brandimarte_mk15,SPT_SRWT,42,22933.31,13,TopSpine_Seg1,SpineAisle,East,30,0,0.00,0.00,0.0000
2026-05-31 01:09:17,brandimarte_mk15,SPT_SRWT,42,22933.31,14,TopSpine_Seg2,SpineAisle,East,30,0,0.00,0.00,0.0000
2026-05-31 01:09:17,brandimarte_mk15,SPT_SRWT,42,22933.31,15,TopSpine_Seg3,SpineAisle,East,30,0,0.00,0.00,0.0000
2026-05-31 01:09:17,brandimarte_mk15,SPT_SRWT,42,22933.31,16,TopSpine_Seg4,SpineAisle,East,30,0,0.00,0.00,0.0000
2026-05-31 01:09:17,brandimarte_mk15,SPT_SRWT,42,22933.31,17,BotSpine_Seg0,SpineAisle,West,352,0,0.00,0.00,0.0000
2026-05-31 01:09:17,brandimarte_mk15,SPT_SRWT,42,22933.31,18,BotSpine_Seg1,SpineAisle,West,353,0,0.00,0.00,0.0000
2026-05-31 01:09:17,brandimarte_mk15,SPT_SRWT,42,22933.31,19,BotSpine_Seg2,SpineAisle,West,353,0,0.00,0.00,0.0000
2026-05-31 01:09:17,brandimarte_mk15,SPT_SRWT,42,22933.31,20,BotSpine_Seg3,SpineAisle,West,353,0,0.00,0.00,0.0000
2026-05-31 01:09:17,brandimarte_mk15,SPT_SRWT,42,22933.31,21,BotSpine_Seg4,SpineAisle,West,353,0,0.00,0.00,0.0000
2026-05-31 01:09:17,brandimarte_mk15,SPT_SRWT,42,22933.31,22,LeftVert_TopConn,VerticalAisle,North,30,0,0.00,0.00,0.0000
2026-05-31 01:09:17,brandimarte_mk15,SPT_SRWT,42,22933.31,23,LeftVert_Row0,VerticalAisle,North,477,1850,462.50,0.25,0.7950
2026-05-31 01:09:17,brandimarte_mk15,SPT_SRWT,42,22933.31,24,LeftVert_Row1,VerticalAisle,North,477,836,209.00,0.25,0.6367
2026-05-31 01:09:17,brandimarte_mk15,SPT_SRWT,42,22933.31,25,LeftVert_Row2,VerticalAisle,North,353,984,246.00,0.25,0.7360
2026-05-31 01:09:17,brandimarte_mk15,SPT_SRWT,42,22933.31,26,LeftVert_BotConn,VerticalAisle,North,353,3108,777.00,0.25,0.8980
2026-05-31 01:09:17,brandimarte_mk15,SPT_SRWT,42,22933.31,27,RightVert_TopConn,VerticalAisle,South,30,0,0.00,0.00,0.0000
2026-05-31 01:09:17,brandimarte_mk15,SPT_SRWT,42,22933.31,28,RightVert_Row0,VerticalAisle,South,477,22,5.50,0.25,0.0441
2026-05-31 01:09:17,brandimarte_mk15,SPT_SRWT,42,22933.31,29,RightVert_Row1,VerticalAisle,South,477,318,79.50,0.25,0.4000
2026-05-31 01:09:17,brandimarte_mk15,SPT_SRWT,42,22933.31,30,RightVert_Row2,VerticalAisle,South,353,15,3.75,0.25,0.0408
2026-05-31 01:09:17,brandimarte_mk15,SPT_SRWT,42,22933.31,31,RightVert_BotConn,VerticalAisle,South,353,22,5.50,0.25,0.0587
2026-05-31 01:18:58,brandimarte_mk15,SPT_SRWT,43,22933.34,0,RowAisle0_Seg0,RowAisle,East,447,1382,345.50,0.25,0.7556
2026-05-31 01:18:58,brandimarte_mk15,SPT_SRWT,43,22933.34,1,RowAisle0_Seg1,RowAisle,East,447,1096,274.00,0.25,0.7103
2026-05-31 01:18:58,brandimarte_mk15,SPT_SRWT,43,22933.34,2,RowAisle0_Seg2,RowAisle,East,447,461,115.25,0.25,0.5077
2026-05-31 01:18:58,brandimarte_mk15,SPT_SRWT,43,22933.34,3,RowAisle0_Seg3,RowAisle,East,447,63,15.75,0.25,0.1235
2026-05-31 01:18:58,brandimarte_mk15,SPT_SRWT,43,22933.34,4,RowAisle1_Seg0,RowAisle,West,165,39,9.75,0.25,0.1912
2026-05-31 01:18:58,brandimarte_mk15,SPT_SRWT,43,22933.34,5,RowAisle1_Seg1,RowAisle,West,165,39,9.75,0.25,0.1912
2026-05-31 01:18:58,brandimarte_mk15,SPT_SRWT,43,22933.34,6,RowAisle1_Seg2,RowAisle,West,165,0,0.00,0.00,0.0000
2026-05-31 01:18:58,brandimarte_mk15,SPT_SRWT,43,22933.34,7,RowAisle1_Seg3,RowAisle,West,165,0,0.00,0.00,0.0000
2026-05-31 01:18:58,brandimarte_mk15,SPT_SRWT,43,22933.34,8,RowAisle2_Seg0,RowAisle,East,41,0,0.00,0.00,0.0000
2026-05-31 01:18:58,brandimarte_mk15,SPT_SRWT,43,22933.34,9,RowAisle2_Seg1,RowAisle,East,41,208,52.00,0.25,0.8353
2026-05-31 01:18:58,brandimarte_mk15,SPT_SRWT,43,22933.34,10,RowAisle2_Seg2,RowAisle,East,41,0,0.00,0.00,0.0000
2026-05-31 01:18:58,brandimarte_mk15,SPT_SRWT,43,22933.34,11,RowAisle2_Seg3,RowAisle,East,41,0,0.00,0.00,0.0000
2026-05-31 01:18:58,brandimarte_mk15,SPT_SRWT,43,22933.34,12,TopSpine_Seg0,SpineAisle,East,30,0,0.00,0.00,0.0000
2026-05-31 01:18:58,brandimarte_mk15,SPT_SRWT,43,22933.34,13,TopSpine_Seg1,SpineAisle,East,30,0,0.00,0.00,0.0000
2026-05-31 01:18:58,brandimarte_mk15,SPT_SRWT,43,22933.34,14,TopSpine_Seg2,SpineAisle,East,30,0,0.00,0.00,0.0000
2026-05-31 01:18:58,brandimarte_mk15,SPT_SRWT,43,22933.34,15,TopSpine_Seg3,SpineAisle,East,30,0,0.00,0.00,0.0000
2026-05-31 01:18:58,brandimarte_mk15,SPT_SRWT,43,22933.34,16,TopSpine_Seg4,SpineAisle,East,30,0,0.00,0.00,0.0000
2026-05-31 01:18:58,brandimarte_mk15,SPT_SRWT,43,22933.34,17,BotSpine_Seg0,SpineAisle,West,352,0,0.00,0.00,0.0000
2026-05-31 01:18:58,brandimarte_mk15,SPT_SRWT,43,22933.34,18,BotSpine_Seg1,SpineAisle,West,353,0,0.00,0.00,0.0000
2026-05-31 01:18:58,brandimarte_mk15,SPT_SRWT,43,22933.34,19,BotSpine_Seg2,SpineAisle,West,353,0,0.00,0.00,0.0000
2026-05-31 01:18:58,brandimarte_mk15,SPT_SRWT,43,22933.34,20,BotSpine_Seg3,SpineAisle,West,353,0,0.00,0.00,0.0000
2026-05-31 01:18:58,brandimarte_mk15,SPT_SRWT,43,22933.34,21,BotSpine_Seg4,SpineAisle,West,353,0,0.00,0.00,0.0000
2026-05-31 01:18:58,brandimarte_mk15,SPT_SRWT,43,22933.34,22,LeftVert_TopConn,VerticalAisle,North,30,0,0.00,0.00,0.0000
2026-05-31 01:18:58,brandimarte_mk15,SPT_SRWT,43,22933.34,23,LeftVert_Row0,VerticalAisle,North,477,1898,474.50,0.25,0.7992
2026-05-31 01:18:58,brandimarte_mk15,SPT_SRWT,43,22933.34,24,LeftVert_Row1,VerticalAisle,North,477,841,210.25,0.25,0.6381
2026-05-31 01:18:58,brandimarte_mk15,SPT_SRWT,43,22933.34,25,LeftVert_Row2,VerticalAisle,North,353,970,242.50,0.25,0.7332
2026-05-31 01:18:58,brandimarte_mk15,SPT_SRWT,43,22933.34,26,LeftVert_BotConn,VerticalAisle,North,353,3112,778.00,0.25,0.8981
2026-05-31 01:18:58,brandimarte_mk15,SPT_SRWT,43,22933.34,27,RightVert_TopConn,VerticalAisle,South,30,0,0.00,0.00,0.0000
2026-05-31 01:18:58,brandimarte_mk15,SPT_SRWT,43,22933.34,28,RightVert_Row0,VerticalAisle,South,477,27,6.75,0.25,0.0536
2026-05-31 01:18:58,brandimarte_mk15,SPT_SRWT,43,22933.34,29,RightVert_Row1,VerticalAisle,South,477,342,85.50,0.25,0.4176
2026-05-31 01:18:58,brandimarte_mk15,SPT_SRWT,43,22933.34,30,RightVert_Row2,VerticalAisle,South,353,18,4.50,0.25,0.0485
2026-05-31 01:18:58,brandimarte_mk15,SPT_SRWT,43,22933.34,31,RightVert_BotConn,VerticalAisle,South,353,28,7.00,0.25,0.0735
2026-05-31 01:28:39,brandimarte_mk15,SPT_SRWT,44,22933.34,0,RowAisle0_Seg0,RowAisle,East,447,1374,343.50,0.25,0.7545
2026-05-31 01:28:39,brandimarte_mk15,SPT_SRWT,44,22933.34,1,RowAisle0_Seg1,RowAisle,East,447,1067,266.75,0.25,0.7048
2026-05-31 01:28:39,brandimarte_mk15,SPT_SRWT,44,22933.34,2,RowAisle0_Seg2,RowAisle,East,447,439,109.75,0.25,0.4955
2026-05-31 01:28:39,brandimarte_mk15,SPT_SRWT,44,22933.34,3,RowAisle0_Seg3,RowAisle,East,447,42,10.50,0.25,0.0859
2026-05-31 01:28:39,brandimarte_mk15,SPT_SRWT,44,22933.34,4,RowAisle1_Seg0,RowAisle,West,165,20,5.00,0.25,0.1081
2026-05-31 01:28:39,brandimarte_mk15,SPT_SRWT,44,22933.34,5,RowAisle1_Seg1,RowAisle,West,165,56,14.00,0.25,0.2534
2026-05-31 01:28:39,brandimarte_mk15,SPT_SRWT,44,22933.34,6,RowAisle1_Seg2,RowAisle,West,165,9,2.25,0.25,0.0517
2026-05-31 01:28:39,brandimarte_mk15,SPT_SRWT,44,22933.34,7,RowAisle1_Seg3,RowAisle,West,165,0,0.00,0.00,0.0000
2026-05-31 01:28:39,brandimarte_mk15,SPT_SRWT,44,22933.34,8,RowAisle2_Seg0,RowAisle,East,41,0,0.00,0.00,0.0000
2026-05-31 01:28:39,brandimarte_mk15,SPT_SRWT,44,22933.34,9,RowAisle2_Seg1,RowAisle,East,41,208,52.00,0.25,0.8353
2026-05-31 01:28:39,brandimarte_mk15,SPT_SRWT,44,22933.34,10,RowAisle2_Seg2,RowAisle,East,41,0,0.00,0.00,0.0000
2026-05-31 01:28:39,brandimarte_mk15,SPT_SRWT,44,22933.34,11,RowAisle2_Seg3,RowAisle,East,41,0,0.00,0.00,0.0000
2026-05-31 01:28:39,brandimarte_mk15,SPT_SRWT,44,22933.34,12,TopSpine_Seg0,SpineAisle,East,30,0,0.00,0.00,0.0000
2026-05-31 01:28:39,brandimarte_mk15,SPT_SRWT,44,22933.34,13,TopSpine_Seg1,SpineAisle,East,30,0,0.00,0.00,0.0000
2026-05-31 01:28:39,brandimarte_mk15,SPT_SRWT,44,22933.34,14,TopSpine_Seg2,SpineAisle,East,30,0,0.00,0.00,0.0000
2026-05-31 01:28:39,brandimarte_mk15,SPT_SRWT,44,22933.34,15,TopSpine_Seg3,SpineAisle,East,30,0,0.00,0.00,0.0000
2026-05-31 01:28:39,brandimarte_mk15,SPT_SRWT,44,22933.34,16,TopSpine_Seg4,SpineAisle,East,30,0,0.00,0.00,0.0000
2026-05-31 01:28:39,brandimarte_mk15,SPT_SRWT,44,22933.34,17,BotSpine_Seg0,SpineAisle,West,352,0,0.00,0.00,0.0000
2026-05-31 01:28:39,brandimarte_mk15,SPT_SRWT,44,22933.34,18,BotSpine_Seg1,SpineAisle,West,353,0,0.00,0.00,0.0000
2026-05-31 01:28:39,brandimarte_mk15,SPT_SRWT,44,22933.34,19,BotSpine_Seg2,SpineAisle,West,353,0,0.00,0.00,0.0000
2026-05-31 01:28:39,brandimarte_mk15,SPT_SRWT,44,22933.34,20,BotSpine_Seg3,SpineAisle,West,353,0,0.00,0.00,0.0000
2026-05-31 01:28:39,brandimarte_mk15,SPT_SRWT,44,22933.34,21,BotSpine_Seg4,SpineAisle,West,353,0,0.00,0.00,0.0000
2026-05-31 01:28:39,brandimarte_mk15,SPT_SRWT,44,22933.34,22,LeftVert_TopConn,VerticalAisle,North,30,0,0.00,0.00,0.0000
2026-05-31 01:28:39,brandimarte_mk15,SPT_SRWT,44,22933.34,23,LeftVert_Row0,VerticalAisle,North,477,1851,462.75,0.25,0.7951
2026-05-31 01:28:39,brandimarte_mk15,SPT_SRWT,44,22933.34,24,LeftVert_Row1,VerticalAisle,North,477,834,208.50,0.25,0.6362
2026-05-31 01:28:39,brandimarte_mk15,SPT_SRWT,44,22933.34,25,LeftVert_Row2,VerticalAisle,North,353,989,247.25,0.25,0.7370
2026-05-31 01:28:39,brandimarte_mk15,SPT_SRWT,44,22933.34,26,LeftVert_BotConn,VerticalAisle,North,353,3103,775.75,0.25,0.8979
2026-05-31 01:28:39,brandimarte_mk15,SPT_SRWT,44,22933.34,27,RightVert_TopConn,VerticalAisle,South,30,0,0.00,0.00,0.0000
2026-05-31 01:28:39,brandimarte_mk15,SPT_SRWT,44,22933.34,28,RightVert_Row0,VerticalAisle,South,477,23,5.75,0.25,0.0460
2026-05-31 01:28:39,brandimarte_mk15,SPT_SRWT,44,22933.34,29,RightVert_Row1,VerticalAisle,South,477,319,79.75,0.25,0.4008
2026-05-31 01:28:39,brandimarte_mk15,SPT_SRWT,44,22933.34,30,RightVert_Row2,VerticalAisle,South,353,16,4.00,0.25,0.0434
2026-05-31 01:28:39,brandimarte_mk15,SPT_SRWT,44,22933.34,31,RightVert_BotConn,VerticalAisle,South,353,22,5.50,0.25,0.0587
2026-05-30 23:00:16,brandimarte_mk01,LPT_MMUR,42,6223.31,0,RowAisle0_Seg0,RowAisle,East,78,31,8.06,0.26,0.2844
2026-05-30 23:00:16,brandimarte_mk01,LPT_MMUR,42,6223.31,1,RowAisle0_Seg1,RowAisle,East,78,358,93.08,0.26,0.8211
2026-05-30 23:00:16,brandimarte_mk01,LPT_MMUR,42,6223.31,2,RowAisle0_Seg2,RowAisle,East,78,3,0.78,0.26,0.0370
2026-05-30 23:00:16,brandimarte_mk01,LPT_MMUR,42,6223.31,3,TopSpine_Seg0,SpineAisle,East,10,0,0.00,0.00,0.0000
2026-05-30 23:00:16,brandimarte_mk01,LPT_MMUR,42,6223.31,4,TopSpine_Seg1,SpineAisle,East,10,0,0.00,0.00,0.0000
2026-05-30 23:00:16,brandimarte_mk01,LPT_MMUR,42,6223.31,5,TopSpine_Seg2,SpineAisle,East,10,0,0.00,0.00,0.0000
2026-05-30 23:00:16,brandimarte_mk01,LPT_MMUR,42,6223.31,6,TopSpine_Seg3,SpineAisle,East,10,0,0.00,0.00,0.0000
2026-05-30 23:00:16,brandimarte_mk01,LPT_MMUR,42,6223.31,7,BotSpine_Seg0,SpineAisle,West,88,0,0.00,0.00,0.0000
2026-05-30 23:00:16,brandimarte_mk01,LPT_MMUR,42,6223.31,8,BotSpine_Seg1,SpineAisle,West,88,0,0.00,0.00,0.0000
2026-05-30 23:00:16,brandimarte_mk01,LPT_MMUR,42,6223.31,9,BotSpine_Seg2,SpineAisle,West,88,0,0.00,0.00,0.0000
2026-05-30 23:00:16,brandimarte_mk01,LPT_MMUR,42,6223.31,10,BotSpine_Seg3,SpineAisle,West,88,0,0.00,0.00,0.0000
2026-05-30 23:00:16,brandimarte_mk01,LPT_MMUR,42,6223.31,11,LeftVert_TopConn,VerticalAisle,North,10,0,0.00,0.00,0.0000
2026-05-30 23:00:16,brandimarte_mk01,LPT_MMUR,42,6223.31,12,LeftVert_Row0,VerticalAisle,North,88,352,91.52,0.26,0.8000
2026-05-30 23:00:16,brandimarte_mk01,LPT_MMUR,42,6223.31,13,LeftVert_BotConn,VerticalAisle,North,88,143,37.18,0.26,0.6190
2026-05-30 23:00:16,brandimarte_mk01,LPT_MMUR,42,6223.31,14,RightVert_TopConn,VerticalAisle,South,10,0,0.00,0.00,0.0000
2026-05-30 23:00:16,brandimarte_mk01,LPT_MMUR,42,6223.31,15,RightVert_Row0,VerticalAisle,South,88,5,1.30,0.26,0.0538
2026-05-30 23:00:16,brandimarte_mk01,LPT_MMUR,42,6223.31,16,RightVert_BotConn,VerticalAisle,South,88,9,2.34,0.26,0.0928
2026-05-30 23:02:51,brandimarte_mk01,LPT_MMUR,43,6333.33,0,RowAisle0_Seg0,RowAisle,East,78,28,7.28,0.26,0.2642
2026-05-30 23:02:51,brandimarte_mk01,LPT_MMUR,43,6333.33,1,RowAisle0_Seg1,RowAisle,East,78,358,93.08,0.26,0.8211
2026-05-30 23:02:51,brandimarte_mk01,LPT_MMUR,43,6333.33,2,RowAisle0_Seg2,RowAisle,East,78,0,0.00,0.00,0.0000
2026-05-30 23:02:51,brandimarte_mk01,LPT_MMUR,43,6333.33,3,TopSpine_Seg0,SpineAisle,East,10,0,0.00,0.00,0.0000
2026-05-30 23:02:51,brandimarte_mk01,LPT_MMUR,43,6333.33,4,TopSpine_Seg1,SpineAisle,East,10,0,0.00,0.00,0.0000
2026-05-30 23:02:51,brandimarte_mk01,LPT_MMUR,43,6333.33,5,TopSpine_Seg2,SpineAisle,East,10,0,0.00,0.00,0.0000
2026-05-30 23:02:51,brandimarte_mk01,LPT_MMUR,43,6333.33,6,TopSpine_Seg3,SpineAisle,East,10,0,0.00,0.00,0.0000
2026-05-30 23:02:51,brandimarte_mk01,LPT_MMUR,43,6333.33,7,BotSpine_Seg0,SpineAisle,West,88,0,0.00,0.00,0.0000
2026-05-30 23:02:51,brandimarte_mk01,LPT_MMUR,43,6333.33,8,BotSpine_Seg1,SpineAisle,West,88,0,0.00,0.00,0.0000
2026-05-30 23:02:51,brandimarte_mk01,LPT_MMUR,43,6333.33,9,BotSpine_Seg2,SpineAisle,West,88,0,0.00,0.00,0.0000
2026-05-30 23:02:51,brandimarte_mk01,LPT_MMUR,43,6333.33,10,BotSpine_Seg3,SpineAisle,West,88,0,0.00,0.00,0.0000
2026-05-30 23:02:51,brandimarte_mk01,LPT_MMUR,43,6333.33,11,LeftVert_TopConn,VerticalAisle,North,10,0,0.00,0.00,0.0000
2026-05-30 23:02:51,brandimarte_mk01,LPT_MMUR,43,6333.33,12,LeftVert_Row0,VerticalAisle,North,88,341,88.66,0.26,0.7949
2026-05-30 23:02:51,brandimarte_mk01,LPT_MMUR,43,6333.33,13,LeftVert_BotConn,VerticalAisle,North,88,121,31.46,0.26,0.5789
2026-05-30 23:02:51,brandimarte_mk01,LPT_MMUR,43,6333.33,14,RightVert_TopConn,VerticalAisle,South,10,0,0.00,0.00,0.0000
2026-05-30 23:02:51,brandimarte_mk01,LPT_MMUR,43,6333.33,15,RightVert_Row0,VerticalAisle,South,88,0,0.00,0.00,0.0000
2026-05-30 23:02:51,brandimarte_mk01,LPT_MMUR,43,6333.33,16,RightVert_BotConn,VerticalAisle,South,88,0,0.00,0.00,0.0000
2026-05-30 23:05:26,brandimarte_mk01,LPT_MMUR,44,6333.33,0,RowAisle0_Seg0,RowAisle,East,78,28,7.28,0.26,0.2642
2026-05-30 23:05:26,brandimarte_mk01,LPT_MMUR,44,6333.33,1,RowAisle0_Seg1,RowAisle,East,78,358,93.08,0.26,0.8211
2026-05-30 23:05:26,brandimarte_mk01,LPT_MMUR,44,6333.33,2,RowAisle0_Seg2,RowAisle,East,78,0,0.00,0.00,0.0000
2026-05-30 23:05:26,brandimarte_mk01,LPT_MMUR,44,6333.33,3,TopSpine_Seg0,SpineAisle,East,10,0,0.00,0.00,0.0000
2026-05-30 23:05:26,brandimarte_mk01,LPT_MMUR,44,6333.33,4,TopSpine_Seg1,SpineAisle,East,10,0,0.00,0.00,0.0000
2026-05-30 23:05:26,brandimarte_mk01,LPT_MMUR,44,6333.33,5,TopSpine_Seg2,SpineAisle,East,10,0,0.00,0.00,0.0000
2026-05-30 23:05:26,brandimarte_mk01,LPT_MMUR,44,6333.33,6,TopSpine_Seg3,SpineAisle,East,10,0,0.00,0.00,0.0000
2026-05-30 23:05:26,brandimarte_mk01,LPT_MMUR,44,6333.33,7,BotSpine_Seg0,SpineAisle,West,88,0,0.00,0.00,0.0000
2026-05-30 23:05:26,brandimarte_mk01,LPT_MMUR,44,6333.33,8,BotSpine_Seg1,SpineAisle,West,88,0,0.00,0.00,0.0000
2026-05-30 23:05:26,brandimarte_mk01,LPT_MMUR,44,6333.33,9,BotSpine_Seg2,SpineAisle,West,88,0,0.00,0.00,0.0000
2026-05-30 23:05:26,brandimarte_mk01,LPT_MMUR,44,6333.33,10,BotSpine_Seg3,SpineAisle,West,88,0,0.00,0.00,0.0000
2026-05-30 23:05:26,brandimarte_mk01,LPT_MMUR,44,6333.33,11,LeftVert_TopConn,VerticalAisle,North,10,0,0.00,0.00,0.0000
2026-05-30 23:05:26,brandimarte_mk01,LPT_MMUR,44,6333.33,12,LeftVert_Row0,VerticalAisle,North,88,341,88.66,0.26,0.7949
2026-05-30 23:05:26,brandimarte_mk01,LPT_MMUR,44,6333.33,13,LeftVert_BotConn,VerticalAisle,North,88,121,31.46,0.26,0.5789
2026-05-30 23:05:26,brandimarte_mk01,LPT_MMUR,44,6333.33,14,RightVert_TopConn,VerticalAisle,South,10,0,0.00,0.00,0.0000
2026-05-30 23:05:26,brandimarte_mk01,LPT_MMUR,44,6333.33,15,RightVert_Row0,VerticalAisle,South,88,0,0.00,0.00,0.0000
2026-05-30 23:05:26,brandimarte_mk01,LPT_MMUR,44,6333.33,16,RightVert_BotConn,VerticalAisle,South,88,0,0.00,0.00,0.0000
2026-05-30 23:12:09,brandimarte_mk03,LPT_MMUR,42,16333.33,0,RowAisle0_Seg0,RowAisle,East,223,28,7.28,0.26,0.1116
2026-05-30 23:12:09,brandimarte_mk03,LPT_MMUR,42,16333.33,1,RowAisle0_Seg1,RowAisle,East,223,104,27.04,0.26,0.3180
2026-05-30 23:12:09,brandimarte_mk03,LPT_MMUR,42,16333.33,2,RowAisle0_Seg2,RowAisle,East,223,16,4.16,0.26,0.0669
2026-05-30 23:12:09,brandimarte_mk03,LPT_MMUR,42,16333.33,3,RowAisle1_Seg0,RowAisle,West,73,0,0.00,0.00,0.0000
2026-05-30 23:12:09,brandimarte_mk03,LPT_MMUR,42,16333.33,4,RowAisle1_Seg1,RowAisle,West,73,0,0.00,0.00,0.0000
2026-05-30 23:12:09,brandimarte_mk03,LPT_MMUR,42,16333.33,5,RowAisle1_Seg2,RowAisle,West,73,0,0.00,0.00,0.0000
2026-05-30 23:12:09,brandimarte_mk03,LPT_MMUR,42,16333.33,6,TopSpine_Seg0,SpineAisle,East,15,0,0.00,0.00,0.0000
2026-05-30 23:12:09,brandimarte_mk03,LPT_MMUR,42,16333.33,7,TopSpine_Seg1,SpineAisle,East,15,0,0.00,0.00,0.0000
2026-05-30 23:12:09,brandimarte_mk03,LPT_MMUR,42,16333.33,8,TopSpine_Seg2,SpineAisle,East,15,0,0.00,0.00,0.0000
2026-05-30 23:12:09,brandimarte_mk03,LPT_MMUR,42,16333.33,9,TopSpine_Seg3,SpineAisle,East,15,0,0.00,0.00,0.0000
2026-05-30 23:12:09,brandimarte_mk03,LPT_MMUR,42,16333.33,10,BotSpine_Seg0,SpineAisle,West,165,0,0.00,0.00,0.0000
2026-05-30 23:12:09,brandimarte_mk03,LPT_MMUR,42,16333.33,11,BotSpine_Seg1,SpineAisle,West,165,0,0.00,0.00,0.0000
2026-05-30 23:12:09,brandimarte_mk03,LPT_MMUR,42,16333.33,12,BotSpine_Seg2,SpineAisle,West,165,0,0.00,0.00,0.0000
2026-05-30 23:12:09,brandimarte_mk03,LPT_MMUR,42,16333.33,13,BotSpine_Seg3,SpineAisle,West,165,0,0.00,0.00,0.0000
2026-05-30 23:12:09,brandimarte_mk03,LPT_MMUR,42,16333.33,14,LeftVert_TopConn,VerticalAisle,North,15,0,0.00,0.00,0.0000
2026-05-30 23:12:09,brandimarte_mk03,LPT_MMUR,42,16333.33,15,LeftVert_Row0,VerticalAisle,North,238,1073,278.98,0.26,0.8185
2026-05-30 23:12:09,brandimarte_mk03,LPT_MMUR,42,16333.33,16,LeftVert_Row1,VerticalAisle,North,238,46,11.96,0.26,0.1620
2026-05-30 23:12:09,brandimarte_mk03,LPT_MMUR,42,16333.33,17,LeftVert_BotConn,VerticalAisle,North,165,355,92.30,0.26,0.6827
2026-05-30 23:12:09,brandimarte_mk03,LPT_MMUR,42,16333.33,18,RightVert_TopConn,VerticalAisle,South,15,0,0.00,0.00,0.0000
2026-05-30 23:12:09,brandimarte_mk03,LPT_MMUR,42,16333.33,19,RightVert_Row0,VerticalAisle,South,238,2,0.52,0.26,0.0083
2026-05-30 23:12:09,brandimarte_mk03,LPT_MMUR,42,16333.33,20,RightVert_Row1,VerticalAisle,South,238,2,0.52,0.26,0.0083
2026-05-30 23:12:09,brandimarte_mk03,LPT_MMUR,42,16333.33,21,RightVert_BotConn,VerticalAisle,South,165,0,0.00,0.00,0.0000
2026-05-30 23:18:51,brandimarte_mk03,LPT_MMUR,43,16333.34,0,RowAisle0_Seg0,RowAisle,East,223,28,7.28,0.26,0.1116
2026-05-30 23:18:51,brandimarte_mk03,LPT_MMUR,43,16333.34,1,RowAisle0_Seg1,RowAisle,East,223,104,27.04,0.26,0.3180
2026-05-30 23:18:51,brandimarte_mk03,LPT_MMUR,43,16333.34,2,RowAisle0_Seg2,RowAisle,East,223,16,4.16,0.26,0.0669
2026-05-30 23:18:51,brandimarte_mk03,LPT_MMUR,43,16333.34,3,RowAisle1_Seg0,RowAisle,West,73,0,0.00,0.00,0.0000
2026-05-30 23:18:51,brandimarte_mk03,LPT_MMUR,43,16333.34,4,RowAisle1_Seg1,RowAisle,West,73,0,0.00,0.00,0.0000
2026-05-30 23:18:51,brandimarte_mk03,LPT_MMUR,43,16333.34,5,RowAisle1_Seg2,RowAisle,West,73,0,0.00,0.00,0.0000
2026-05-30 23:18:51,brandimarte_mk03,LPT_MMUR,43,16333.34,6,TopSpine_Seg0,SpineAisle,East,15,0,0.00,0.00,0.0000
2026-05-30 23:18:51,brandimarte_mk03,LPT_MMUR,43,16333.34,7,TopSpine_Seg1,SpineAisle,East,15,0,0.00,0.00,0.0000
2026-05-30 23:18:51,brandimarte_mk03,LPT_MMUR,43,16333.34,8,TopSpine_Seg2,SpineAisle,East,15,0,0.00,0.00,0.0000
2026-05-30 23:18:51,brandimarte_mk03,LPT_MMUR,43,16333.34,9,TopSpine_Seg3,SpineAisle,East,15,0,0.00,0.00,0.0000
2026-05-30 23:18:51,brandimarte_mk03,LPT_MMUR,43,16333.34,10,BotSpine_Seg0,SpineAisle,West,165,0,0.00,0.00,0.0000
2026-05-30 23:18:51,brandimarte_mk03,LPT_MMUR,43,16333.34,11,BotSpine_Seg1,SpineAisle,West,165,0,0.00,0.00,0.0000
2026-05-30 23:18:51,brandimarte_mk03,LPT_MMUR,43,16333.34,12,BotSpine_Seg2,SpineAisle,West,165,0,0.00,0.00,0.0000
2026-05-30 23:18:51,brandimarte_mk03,LPT_MMUR,43,16333.34,13,BotSpine_Seg3,SpineAisle,West,165,0,0.00,0.00,0.0000
2026-05-30 23:18:51,brandimarte_mk03,LPT_MMUR,43,16333.34,14,LeftVert_TopConn,VerticalAisle,North,15,0,0.00,0.00,0.0000
2026-05-30 23:18:51,brandimarte_mk03,LPT_MMUR,43,16333.34,15,LeftVert_Row0,VerticalAisle,North,238,1074,279.23,0.26,0.8186
2026-05-30 23:18:51,brandimarte_mk03,LPT_MMUR,43,16333.34,16,LeftVert_Row1,VerticalAisle,North,238,46,11.96,0.26,0.1620
2026-05-30 23:18:51,brandimarte_mk03,LPT_MMUR,43,16333.34,17,LeftVert_BotConn,VerticalAisle,North,165,355,92.31,0.26,0.6827
2026-05-30 23:18:51,brandimarte_mk03,LPT_MMUR,43,16333.34,18,RightVert_TopConn,VerticalAisle,South,15,0,0.00,0.00,0.0000
2026-05-30 23:18:51,brandimarte_mk03,LPT_MMUR,43,16333.34,19,RightVert_Row0,VerticalAisle,South,238,2,0.52,0.26,0.0083
2026-05-30 23:18:51,brandimarte_mk03,LPT_MMUR,43,16333.34,20,RightVert_Row1,VerticalAisle,South,238,2,0.52,0.26,0.0083
2026-05-30 23:18:51,brandimarte_mk03,LPT_MMUR,43,16333.34,21,RightVert_BotConn,VerticalAisle,South,165,0,0.00,0.00,0.0000
2026-05-30 23:25:31,brandimarte_mk03,LPT_MMUR,44,16333.34,0,RowAisle0_Seg0,RowAisle,East,223,28,7.28,0.26,0.1116
2026-05-30 23:25:31,brandimarte_mk03,LPT_MMUR,44,16333.34,1,RowAisle0_Seg1,RowAisle,East,223,104,27.04,0.26,0.3180
2026-05-30 23:25:31,brandimarte_mk03,LPT_MMUR,44,16333.34,2,RowAisle0_Seg2,RowAisle,East,223,16,4.16,0.26,0.0669
2026-05-30 23:25:31,brandimarte_mk03,LPT_MMUR,44,16333.34,3,RowAisle1_Seg0,RowAisle,West,73,0,0.00,0.00,0.0000
2026-05-30 23:25:31,brandimarte_mk03,LPT_MMUR,44,16333.34,4,RowAisle1_Seg1,RowAisle,West,73,0,0.00,0.00,0.0000
2026-05-30 23:25:31,brandimarte_mk03,LPT_MMUR,44,16333.34,5,RowAisle1_Seg2,RowAisle,West,73,0,0.00,0.00,0.0000
2026-05-30 23:25:31,brandimarte_mk03,LPT_MMUR,44,16333.34,6,TopSpine_Seg0,SpineAisle,East,15,0,0.00,0.00,0.0000
2026-05-30 23:25:31,brandimarte_mk03,LPT_MMUR,44,16333.34,7,TopSpine_Seg1,SpineAisle,East,15,0,0.00,0.00,0.0000
2026-05-30 23:25:31,brandimarte_mk03,LPT_MMUR,44,16333.34,8,TopSpine_Seg2,SpineAisle,East,15,0,0.00,0.00,0.0000
2026-05-30 23:25:31,brandimarte_mk03,LPT_MMUR,44,16333.34,9,TopSpine_Seg3,SpineAisle,East,15,0,0.00,0.00,0.0000
2026-05-30 23:25:31,brandimarte_mk03,LPT_MMUR,44,16333.34,10,BotSpine_Seg0,SpineAisle,West,165,0,0.00,0.00,0.0000
2026-05-30 23:25:31,brandimarte_mk03,LPT_MMUR,44,16333.34,11,BotSpine_Seg1,SpineAisle,West,165,0,0.00,0.00,0.0000
2026-05-30 23:25:31,brandimarte_mk03,LPT_MMUR,44,16333.34,12,BotSpine_Seg2,SpineAisle,West,165,0,0.00,0.00,0.0000
2026-05-30 23:25:31,brandimarte_mk03,LPT_MMUR,44,16333.34,13,BotSpine_Seg3,SpineAisle,West,165,0,0.00,0.00,0.0000
2026-05-30 23:25:31,brandimarte_mk03,LPT_MMUR,44,16333.34,14,LeftVert_TopConn,VerticalAisle,North,15,0,0.00,0.00,0.0000
2026-05-30 23:25:31,brandimarte_mk03,LPT_MMUR,44,16333.34,15,LeftVert_Row0,VerticalAisle,North,238,1073,278.98,0.26,0.8185
2026-05-30 23:25:31,brandimarte_mk03,LPT_MMUR,44,16333.34,16,LeftVert_Row1,VerticalAisle,North,238,46,11.96,0.26,0.1620
2026-05-30 23:25:31,brandimarte_mk03,LPT_MMUR,44,16333.34,17,LeftVert_BotConn,VerticalAisle,North,165,355,92.29,0.26,0.6827
2026-05-30 23:25:31,brandimarte_mk03,LPT_MMUR,44,16333.34,18,RightVert_TopConn,VerticalAisle,South,15,0,0.00,0.00,0.0000
2026-05-30 23:25:31,brandimarte_mk03,LPT_MMUR,44,16333.34,19,RightVert_Row0,VerticalAisle,South,238,2,0.52,0.26,0.0083
2026-05-30 23:25:31,brandimarte_mk03,LPT_MMUR,44,16333.34,20,RightVert_Row1,VerticalAisle,South,238,2,0.52,0.26,0.0083
2026-05-30 23:25:31,brandimarte_mk03,LPT_MMUR,44,16333.34,21,RightVert_BotConn,VerticalAisle,South,165,0,0.00,0.00,0.0000
2026-05-30 23:28:34,brandimarte_mk04,LPT_MMUR,42,7400.00,0,RowAisle0_Seg0,RowAisle,East,135,490,127.40,0.26,0.7840
2026-05-30 23:28:34,brandimarte_mk04,LPT_MMUR,42,7400.00,1,RowAisle0_Seg1,RowAisle,East,135,227,59.03,0.26,0.6271
2026-05-30 23:28:34,brandimarte_mk04,LPT_MMUR,42,7400.00,2,RowAisle0_Seg2,RowAisle,East,135,12,3.12,0.26,0.0816
2026-05-30 23:28:34,brandimarte_mk04,LPT_MMUR,42,7400.00,3,RowAisle1_Seg0,RowAisle,West,45,0,0.00,0.00,0.0000
2026-05-30 23:28:34,brandimarte_mk04,LPT_MMUR,42,7400.00,4,RowAisle1_Seg1,RowAisle,West,45,0,0.00,0.00,0.0000
2026-05-30 23:28:34,brandimarte_mk04,LPT_MMUR,42,7400.00,5,RowAisle1_Seg2,RowAisle,West,45,0,0.00,0.00,0.0000
2026-05-30 23:28:34,brandimarte_mk04,LPT_MMUR,42,7400.00,6,TopSpine_Seg0,SpineAisle,East,15,0,0.00,0.00,0.0000
2026-05-30 23:28:34,brandimarte_mk04,LPT_MMUR,42,7400.00,7,TopSpine_Seg1,SpineAisle,East,15,0,0.00,0.00,0.0000
2026-05-30 23:28:34,brandimarte_mk04,LPT_MMUR,42,7400.00,8,TopSpine_Seg2,SpineAisle,East,15,0,0.00,0.00,0.0000
2026-05-30 23:28:34,brandimarte_mk04,LPT_MMUR,42,7400.00,9,TopSpine_Seg3,SpineAisle,East,15,0,0.00,0.00,0.0000
2026-05-30 23:28:34,brandimarte_mk04,LPT_MMUR,42,7400.00,10,BotSpine_Seg0,SpineAisle,West,105,0,0.00,0.00,0.0000
2026-05-30 23:28:34,brandimarte_mk04,LPT_MMUR,42,7400.00,11,BotSpine_Seg1,SpineAisle,West,105,0,0.00,0.00,0.0000
2026-05-30 23:28:34,brandimarte_mk04,LPT_MMUR,42,7400.00,12,BotSpine_Seg2,SpineAisle,West,105,0,0.00,0.00,0.0000
2026-05-30 23:28:34,brandimarte_mk04,LPT_MMUR,42,7400.00,13,BotSpine_Seg3,SpineAisle,West,105,0,0.00,0.00,0.0000
2026-05-30 23:28:34,brandimarte_mk04,LPT_MMUR,42,7400.00,14,LeftVert_TopConn,VerticalAisle,North,15,0,0.00,0.00,0.0000
2026-05-30 23:28:34,brandimarte_mk04,LPT_MMUR,42,7400.00,15,LeftVert_Row0,VerticalAisle,North,150,1213,315.38,0.26,0.8899
2026-05-30 23:28:34,brandimarte_mk04,LPT_MMUR,42,7400.00,16,LeftVert_Row1,VerticalAisle,North,150,387,100.65,0.26,0.7207
2026-05-30 23:28:34,brandimarte_mk04,LPT_MMUR,42,7400.00,17,LeftVert_BotConn,VerticalAisle,North,105,561,145.85,0.26,0.8423
2026-05-30 23:28:34,brandimarte_mk04,LPT_MMUR,42,7400.00,18,RightVert_TopConn,VerticalAisle,South,15,0,0.00,0.00,0.0000
2026-05-30 23:28:34,brandimarte_mk04,LPT_MMUR,42,7400.00,19,RightVert_Row0,VerticalAisle,South,150,4,1.04,0.26,0.0260
2026-05-30 23:28:34,brandimarte_mk04,LPT_MMUR,42,7400.00,20,RightVert_Row1,VerticalAisle,South,150,2,0.52,0.26,0.0132
2026-05-30 23:28:34,brandimarte_mk04,LPT_MMUR,42,7400.00,21,RightVert_BotConn,VerticalAisle,South,105,0,0.00,0.00,0.0000
2026-05-30 23:31:37,brandimarte_mk04,LPT_MMUR,43,7400.00,0,RowAisle0_Seg0,RowAisle,East,135,490,127.41,0.26,0.7840
2026-05-30 23:31:37,brandimarte_mk04,LPT_MMUR,43,7400.00,1,RowAisle0_Seg1,RowAisle,East,135,227,59.03,0.26,0.6271
2026-05-30 23:31:37,brandimarte_mk04,LPT_MMUR,43,7400.00,2,RowAisle0_Seg2,RowAisle,East,135,12,3.11,0.26,0.0816
2026-05-30 23:31:37,brandimarte_mk04,LPT_MMUR,43,7400.00,3,RowAisle1_Seg0,RowAisle,West,45,0,0.00,0.00,0.0000
2026-05-30 23:31:37,brandimarte_mk04,LPT_MMUR,43,7400.00,4,RowAisle1_Seg1,RowAisle,West,45,0,0.00,0.00,0.0000
2026-05-30 23:31:37,brandimarte_mk04,LPT_MMUR,43,7400.00,5,RowAisle1_Seg2,RowAisle,West,45,0,0.00,0.00,0.0000
2026-05-30 23:31:37,brandimarte_mk04,LPT_MMUR,43,7400.00,6,TopSpine_Seg0,SpineAisle,East,15,0,0.00,0.00,0.0000
2026-05-30 23:31:37,brandimarte_mk04,LPT_MMUR,43,7400.00,7,TopSpine_Seg1,SpineAisle,East,15,0,0.00,0.00,0.0000
2026-05-30 23:31:37,brandimarte_mk04,LPT_MMUR,43,7400.00,8,TopSpine_Seg2,SpineAisle,East,15,0,0.00,0.00,0.0000
2026-05-30 23:31:37,brandimarte_mk04,LPT_MMUR,43,7400.00,9,TopSpine_Seg3,SpineAisle,East,15,0,0.00,0.00,0.0000
2026-05-30 23:31:37,brandimarte_mk04,LPT_MMUR,43,7400.00,10,BotSpine_Seg0,SpineAisle,West,105,0,0.00,0.00,0.0000
2026-05-30 23:31:37,brandimarte_mk04,LPT_MMUR,43,7400.00,11,BotSpine_Seg1,SpineAisle,West,105,0,0.00,0.00,0.0000
2026-05-30 23:31:37,brandimarte_mk04,LPT_MMUR,43,7400.00,12,BotSpine_Seg2,SpineAisle,West,105,0,0.00,0.00,0.0000
2026-05-30 23:31:37,brandimarte_mk04,LPT_MMUR,43,7400.00,13,BotSpine_Seg3,SpineAisle,West,105,0,0.00,0.00,0.0000
2026-05-30 23:31:37,brandimarte_mk04,LPT_MMUR,43,7400.00,14,LeftVert_TopConn,VerticalAisle,North,15,0,0.00,0.00,0.0000
2026-05-30 23:31:37,brandimarte_mk04,LPT_MMUR,43,7400.00,15,LeftVert_Row0,VerticalAisle,North,150,1213,315.39,0.26,0.8899
2026-05-30 23:31:37,brandimarte_mk04,LPT_MMUR,43,7400.00,16,LeftVert_Row1,VerticalAisle,North,150,387,100.62,0.26,0.7207
2026-05-30 23:31:37,brandimarte_mk04,LPT_MMUR,43,7400.00,17,LeftVert_BotConn,VerticalAisle,North,105,561,145.87,0.26,0.8423
2026-05-30 23:31:37,brandimarte_mk04,LPT_MMUR,43,7400.00,18,RightVert_TopConn,VerticalAisle,South,15,0,0.00,0.00,0.0000
2026-05-30 23:31:37,brandimarte_mk04,LPT_MMUR,43,7400.00,19,RightVert_Row0,VerticalAisle,South,150,4,1.03,0.26,0.0260
2026-05-30 23:31:37,brandimarte_mk04,LPT_MMUR,43,7400.00,20,RightVert_Row1,VerticalAisle,South,150,2,0.52,0.26,0.0132
2026-05-30 23:31:37,brandimarte_mk04,LPT_MMUR,43,7400.00,21,RightVert_BotConn,VerticalAisle,South,105,0,0.00,0.00,0.0000
2026-05-30 23:34:41,brandimarte_mk04,LPT_MMUR,44,7400.00,0,RowAisle0_Seg0,RowAisle,East,135,490,127.40,0.26,0.7840
2026-05-30 23:34:41,brandimarte_mk04,LPT_MMUR,44,7400.00,1,RowAisle0_Seg1,RowAisle,East,135,227,59.02,0.26,0.6271
2026-05-30 23:34:41,brandimarte_mk04,LPT_MMUR,44,7400.00,2,RowAisle0_Seg2,RowAisle,East,135,12,3.12,0.26,0.0816
2026-05-30 23:34:41,brandimarte_mk04,LPT_MMUR,44,7400.00,3,RowAisle1_Seg0,RowAisle,West,45,0,0.00,0.00,0.0000
2026-05-30 23:34:41,brandimarte_mk04,LPT_MMUR,44,7400.00,4,RowAisle1_Seg1,RowAisle,West,45,0,0.00,0.00,0.0000
2026-05-30 23:34:41,brandimarte_mk04,LPT_MMUR,44,7400.00,5,RowAisle1_Seg2,RowAisle,West,45,0,0.00,0.00,0.0000
2026-05-30 23:34:41,brandimarte_mk04,LPT_MMUR,44,7400.00,6,TopSpine_Seg0,SpineAisle,East,15,0,0.00,0.00,0.0000
2026-05-30 23:34:41,brandimarte_mk04,LPT_MMUR,44,7400.00,7,TopSpine_Seg1,SpineAisle,East,15,0,0.00,0.00,0.0000
2026-05-30 23:34:41,brandimarte_mk04,LPT_MMUR,44,7400.00,8,TopSpine_Seg2,SpineAisle,East,15,0,0.00,0.00,0.0000
2026-05-30 23:34:41,brandimarte_mk04,LPT_MMUR,44,7400.00,9,TopSpine_Seg3,SpineAisle,East,15,0,0.00,0.00,0.0000
2026-05-30 23:34:41,brandimarte_mk04,LPT_MMUR,44,7400.00,10,BotSpine_Seg0,SpineAisle,West,105,0,0.00,0.00,0.0000
2026-05-30 23:34:41,brandimarte_mk04,LPT_MMUR,44,7400.00,11,BotSpine_Seg1,SpineAisle,West,105,0,0.00,0.00,0.0000
2026-05-30 23:34:41,brandimarte_mk04,LPT_MMUR,44,7400.00,12,BotSpine_Seg2,SpineAisle,West,105,0,0.00,0.00,0.0000
2026-05-30 23:34:41,brandimarte_mk04,LPT_MMUR,44,7400.00,13,BotSpine_Seg3,SpineAisle,West,105,0,0.00,0.00,0.0000
2026-05-30 23:34:41,brandimarte_mk04,LPT_MMUR,44,7400.00,14,LeftVert_TopConn,VerticalAisle,North,15,0,0.00,0.00,0.0000
2026-05-30 23:34:41,brandimarte_mk04,LPT_MMUR,44,7400.00,15,LeftVert_Row0,VerticalAisle,North,150,1214,315.66,0.26,0.8900
2026-05-30 23:34:41,brandimarte_mk04,LPT_MMUR,44,7400.00,16,LeftVert_Row1,VerticalAisle,North,150,387,100.63,0.26,0.7207
2026-05-30 23:34:41,brandimarte_mk04,LPT_MMUR,44,7400.00,17,LeftVert_BotConn,VerticalAisle,North,105,561,145.87,0.26,0.8423
2026-05-30 23:34:41,brandimarte_mk04,LPT_MMUR,44,7400.00,18,RightVert_TopConn,VerticalAisle,South,15,0,0.00,0.00,0.0000
2026-05-30 23:34:41,brandimarte_mk04,LPT_MMUR,44,7400.00,19,RightVert_Row0,VerticalAisle,South,150,4,1.04,0.26,0.0260
2026-05-30 23:34:41,brandimarte_mk04,LPT_MMUR,44,7400.00,20,RightVert_Row1,VerticalAisle,South,150,2,0.52,0.26,0.0132
2026-05-30 23:34:41,brandimarte_mk04,LPT_MMUR,44,7400.00,21,RightVert_BotConn,VerticalAisle,South,105,0,0.00,0.00,0.0000
2026-05-30 23:40:22,brandimarte_mk06,LPT_MMUR,42,14033.34,0,RowAisle0_Seg0,RowAisle,East,214,28,7.27,0.26,0.1157
2026-05-30 23:40:22,brandimarte_mk06,LPT_MMUR,42,14033.34,1,RowAisle0_Seg1,RowAisle,East,214,330,85.80,0.26,0.6066
2026-05-30 23:40:22,brandimarte_mk06,LPT_MMUR,42,14033.34,2,RowAisle0_Seg2,RowAisle,East,214,7,1.82,0.26,0.0317
2026-05-30 23:40:22,brandimarte_mk06,LPT_MMUR,42,14033.34,3,RowAisle0_Seg3,RowAisle,East,214,4,1.04,0.26,0.0183
2026-05-30 23:40:22,brandimarte_mk06,LPT_MMUR,42,14033.34,4,RowAisle1_Seg0,RowAisle,West,64,0,0.00,0.00,0.0000
2026-05-30 23:40:22,brandimarte_mk06,LPT_MMUR,42,14033.34,5,RowAisle1_Seg1,RowAisle,West,64,0,0.00,0.00,0.0000
2026-05-30 23:40:22,brandimarte_mk06,LPT_MMUR,42,14033.34,6,RowAisle1_Seg2,RowAisle,West,64,0,0.00,0.00,0.0000
2026-05-30 23:40:22,brandimarte_mk06,LPT_MMUR,42,14033.34,7,RowAisle1_Seg3,RowAisle,West,64,0,0.00,0.00,0.0000
2026-05-30 23:40:22,brandimarte_mk06,LPT_MMUR,42,14033.34,8,TopSpine_Seg0,SpineAisle,East,10,0,0.00,0.00,0.0000
2026-05-30 23:40:22,brandimarte_mk06,LPT_MMUR,42,14033.34,9,TopSpine_Seg1,SpineAisle,East,10,0,0.00,0.00,0.0000
2026-05-30 23:40:22,brandimarte_mk06,LPT_MMUR,42,14033.34,10,TopSpine_Seg2,SpineAisle,East,10,0,0.00,0.00,0.0000
2026-05-30 23:40:22,brandimarte_mk06,LPT_MMUR,42,14033.34,11,TopSpine_Seg3,SpineAisle,East,10,0,0.00,0.00,0.0000
2026-05-30 23:40:22,brandimarte_mk06,LPT_MMUR,42,14033.34,12,TopSpine_Seg4,SpineAisle,East,10,0,0.00,0.00,0.0000
2026-05-30 23:40:22,brandimarte_mk06,LPT_MMUR,42,14033.34,13,BotSpine_Seg0,SpineAisle,West,160,0,0.00,0.00,0.0000
2026-05-30 23:40:22,brandimarte_mk06,LPT_MMUR,42,14033.34,14,BotSpine_Seg1,SpineAisle,West,160,0,0.00,0.00,0.0000
2026-05-30 23:40:22,brandimarte_mk06,LPT_MMUR,42,14033.34,15,BotSpine_Seg2,SpineAisle,West,160,0,0.00,0.00,0.0000
2026-05-30 23:40:22,brandimarte_mk06,LPT_MMUR,42,14033.34,16,BotSpine_Seg3,SpineAisle,West,160,0,0.00,0.00,0.0000
2026-05-30 23:40:22,brandimarte_mk06,LPT_MMUR,42,14033.34,17,BotSpine_Seg4,SpineAisle,West,160,0,0.00,0.00,0.0000
2026-05-30 23:40:22,brandimarte_mk06,LPT_MMUR,42,14033.34,18,LeftVert_TopConn,VerticalAisle,North,10,0,0.00,0.00,0.0000
2026-05-30 23:40:22,brandimarte_mk06,LPT_MMUR,42,14033.34,19,LeftVert_Row0,VerticalAisle,North,224,1796,466.97,0.26,0.8891
2026-05-30 23:40:22,brandimarte_mk06,LPT_MMUR,42,14033.34,20,LeftVert_Row1,VerticalAisle,North,224,8,2.08,0.26,0.0345
2026-05-30 23:40:22,brandimarte_mk06,LPT_MMUR,42,14033.34,21,LeftVert_BotConn,VerticalAisle,North,160,788,204.88,0.26,0.8312
2026-05-30 23:40:22,brandimarte_mk06,LPT_MMUR,42,14033.34,22,RightVert_TopConn,VerticalAisle,South,10,0,0.00,0.00,0.0000
2026-05-30 23:40:22,brandimarte_mk06,LPT_MMUR,42,14033.34,23,RightVert_Row0,VerticalAisle,South,224,0,0.00,0.00,0.0000
2026-05-30 23:40:22,brandimarte_mk06,LPT_MMUR,42,14033.34,24,RightVert_Row1,VerticalAisle,South,224,0,0.00,0.00,0.0000
2026-05-30 23:40:22,brandimarte_mk06,LPT_MMUR,42,14033.34,25,RightVert_BotConn,VerticalAisle,South,160,0,0.00,0.00,0.0000
2026-05-30 23:46:03,brandimarte_mk06,LPT_MMUR,43,14033.34,0,RowAisle0_Seg0,RowAisle,East,214,28,7.28,0.26,0.1157
2026-05-30 23:46:03,brandimarte_mk06,LPT_MMUR,43,14033.34,1,RowAisle0_Seg1,RowAisle,East,214,331,86.06,0.26,0.6073
2026-05-30 23:46:03,brandimarte_mk06,LPT_MMUR,43,14033.34,2,RowAisle0_Seg2,RowAisle,East,214,7,1.82,0.26,0.0317
2026-05-30 23:46:03,brandimarte_mk06,LPT_MMUR,43,14033.34,3,RowAisle0_Seg3,RowAisle,East,214,4,1.04,0.26,0.0183
2026-05-30 23:46:03,brandimarte_mk06,LPT_MMUR,43,14033.34,4,RowAisle1_Seg0,RowAisle,West,64,0,0.00,0.00,0.0000
2026-05-30 23:46:03,brandimarte_mk06,LPT_MMUR,43,14033.34,5,RowAisle1_Seg1,RowAisle,West,64,0,0.00,0.00,0.0000
2026-05-30 23:46:03,brandimarte_mk06,LPT_MMUR,43,14033.34,6,RowAisle1_Seg2,RowAisle,West,64,0,0.00,0.00,0.0000
2026-05-30 23:46:03,brandimarte_mk06,LPT_MMUR,43,14033.34,7,RowAisle1_Seg3,RowAisle,West,64,0,0.00,0.00,0.0000
2026-05-30 23:46:03,brandimarte_mk06,LPT_MMUR,43,14033.34,8,TopSpine_Seg0,SpineAisle,East,10,0,0.00,0.00,0.0000
2026-05-30 23:46:03,brandimarte_mk06,LPT_MMUR,43,14033.34,9,TopSpine_Seg1,SpineAisle,East,10,0,0.00,0.00,0.0000
2026-05-30 23:46:03,brandimarte_mk06,LPT_MMUR,43,14033.34,10,TopSpine_Seg2,SpineAisle,East,10,0,0.00,0.00,0.0000
2026-05-30 23:46:03,brandimarte_mk06,LPT_MMUR,43,14033.34,11,TopSpine_Seg3,SpineAisle,East,10,0,0.00,0.00,0.0000
2026-05-30 23:46:03,brandimarte_mk06,LPT_MMUR,43,14033.34,12,TopSpine_Seg4,SpineAisle,East,10,0,0.00,0.00,0.0000
2026-05-30 23:46:03,brandimarte_mk06,LPT_MMUR,43,14033.34,13,BotSpine_Seg0,SpineAisle,West,160,0,0.00,0.00,0.0000
2026-05-30 23:46:03,brandimarte_mk06,LPT_MMUR,43,14033.34,14,BotSpine_Seg1,SpineAisle,West,160,0,0.00,0.00,0.0000
2026-05-30 23:46:03,brandimarte_mk06,LPT_MMUR,43,14033.34,15,BotSpine_Seg2,SpineAisle,West,160,0,0.00,0.00,0.0000
2026-05-30 23:46:03,brandimarte_mk06,LPT_MMUR,43,14033.34,16,BotSpine_Seg3,SpineAisle,West,160,0,0.00,0.00,0.0000
2026-05-30 23:46:03,brandimarte_mk06,LPT_MMUR,43,14033.34,17,BotSpine_Seg4,SpineAisle,West,160,0,0.00,0.00,0.0000
2026-05-30 23:46:03,brandimarte_mk06,LPT_MMUR,43,14033.34,18,LeftVert_TopConn,VerticalAisle,North,10,0,0.00,0.00,0.0000
2026-05-30 23:46:03,brandimarte_mk06,LPT_MMUR,43,14033.34,19,LeftVert_Row0,VerticalAisle,North,224,1797,467.20,0.26,0.8892
2026-05-30 23:46:03,brandimarte_mk06,LPT_MMUR,43,14033.34,20,LeftVert_Row1,VerticalAisle,North,224,8,2.08,0.26,0.0345
2026-05-30 23:46:03,brandimarte_mk06,LPT_MMUR,43,14033.34,21,LeftVert_BotConn,VerticalAisle,North,160,788,204.88,0.26,0.8312
2026-05-30 23:46:03,brandimarte_mk06,LPT_MMUR,43,14033.34,22,RightVert_TopConn,VerticalAisle,South,10,0,0.00,0.00,0.0000
2026-05-30 23:46:03,brandimarte_mk06,LPT_MMUR,43,14033.34,23,RightVert_Row0,VerticalAisle,South,224,0,0.00,0.00,0.0000
2026-05-30 23:46:03,brandimarte_mk06,LPT_MMUR,43,14033.34,24,RightVert_Row1,VerticalAisle,South,224,0,0.00,0.00,0.0000
2026-05-30 23:46:03,brandimarte_mk06,LPT_MMUR,43,14033.34,25,RightVert_BotConn,VerticalAisle,South,160,0,0.00,0.00,0.0000
2026-05-30 23:51:43,brandimarte_mk06,LPT_MMUR,44,14033.34,0,RowAisle0_Seg0,RowAisle,East,214,28,7.29,0.26,0.1157
2026-05-30 23:51:43,brandimarte_mk06,LPT_MMUR,44,14033.34,1,RowAisle0_Seg1,RowAisle,East,214,331,86.06,0.26,0.6073
2026-05-30 23:51:43,brandimarte_mk06,LPT_MMUR,44,14033.34,2,RowAisle0_Seg2,RowAisle,East,214,7,1.82,0.26,0.0317
2026-05-30 23:51:43,brandimarte_mk06,LPT_MMUR,44,14033.34,3,RowAisle0_Seg3,RowAisle,East,214,4,1.04,0.26,0.0183
2026-05-30 23:51:43,brandimarte_mk06,LPT_MMUR,44,14033.34,4,RowAisle1_Seg0,RowAisle,West,64,0,0.00,0.00,0.0000
2026-05-30 23:51:43,brandimarte_mk06,LPT_MMUR,44,14033.34,5,RowAisle1_Seg1,RowAisle,West,64,0,0.00,0.00,0.0000
2026-05-30 23:51:43,brandimarte_mk06,LPT_MMUR,44,14033.34,6,RowAisle1_Seg2,RowAisle,West,64,0,0.00,0.00,0.0000
2026-05-30 23:51:43,brandimarte_mk06,LPT_MMUR,44,14033.34,7,RowAisle1_Seg3,RowAisle,West,64,0,0.00,0.00,0.0000
2026-05-30 23:51:43,brandimarte_mk06,LPT_MMUR,44,14033.34,8,TopSpine_Seg0,SpineAisle,East,10,0,0.00,0.00,0.0000
2026-05-30 23:51:43,brandimarte_mk06,LPT_MMUR,44,14033.34,9,TopSpine_Seg1,SpineAisle,East,10,0,0.00,0.00,0.0000
2026-05-30 23:51:43,brandimarte_mk06,LPT_MMUR,44,14033.34,10,TopSpine_Seg2,SpineAisle,East,10,0,0.00,0.00,0.0000
2026-05-30 23:51:43,brandimarte_mk06,LPT_MMUR,44,14033.34,11,TopSpine_Seg3,SpineAisle,East,10,0,0.00,0.00,0.0000
2026-05-30 23:51:43,brandimarte_mk06,LPT_MMUR,44,14033.34,12,TopSpine_Seg4,SpineAisle,East,10,0,0.00,0.00,0.0000
2026-05-30 23:51:43,brandimarte_mk06,LPT_MMUR,44,14033.34,13,BotSpine_Seg0,SpineAisle,West,160,0,0.00,0.00,0.0000
2026-05-30 23:51:43,brandimarte_mk06,LPT_MMUR,44,14033.34,14,BotSpine_Seg1,SpineAisle,West,160,0,0.00,0.00,0.0000
2026-05-30 23:51:43,brandimarte_mk06,LPT_MMUR,44,14033.34,15,BotSpine_Seg2,SpineAisle,West,160,0,0.00,0.00,0.0000
2026-05-30 23:51:43,brandimarte_mk06,LPT_MMUR,44,14033.34,16,BotSpine_Seg3,SpineAisle,West,160,0,0.00,0.00,0.0000
2026-05-30 23:51:43,brandimarte_mk06,LPT_MMUR,44,14033.34,17,BotSpine_Seg4,SpineAisle,West,160,0,0.00,0.00,0.0000
2026-05-30 23:51:43,brandimarte_mk06,LPT_MMUR,44,14033.34,18,LeftVert_TopConn,VerticalAisle,North,10,0,0.00,0.00,0.0000
2026-05-30 23:51:43,brandimarte_mk06,LPT_MMUR,44,14033.34,19,LeftVert_Row0,VerticalAisle,North,224,1797,467.22,0.26,0.8892
2026-05-30 23:51:43,brandimarte_mk06,LPT_MMUR,44,14033.34,20,LeftVert_Row1,VerticalAisle,North,224,8,2.08,0.26,0.0345
2026-05-30 23:51:43,brandimarte_mk06,LPT_MMUR,44,14033.34,21,LeftVert_BotConn,VerticalAisle,North,160,788,204.88,0.26,0.8312
2026-05-30 23:51:43,brandimarte_mk06,LPT_MMUR,44,14033.34,22,RightVert_TopConn,VerticalAisle,South,10,0,0.00,0.00,0.0000
2026-05-30 23:51:43,brandimarte_mk06,LPT_MMUR,44,14033.34,23,RightVert_Row0,VerticalAisle,South,224,0,0.00,0.00,0.0000
2026-05-30 23:51:43,brandimarte_mk06,LPT_MMUR,44,14033.34,24,RightVert_Row1,VerticalAisle,South,224,0,0.00,0.00,0.0000
2026-05-30 23:51:43,brandimarte_mk06,LPT_MMUR,44,14033.34,25,RightVert_BotConn,VerticalAisle,South,160,0,0.00,0.00,0.0000
2026-05-30 23:58:49,brandimarte_mk07,LPT_MMUR,42,17300.00,0,RowAisle0_Seg0,RowAisle,East,133,111,27.77,0.25,0.4549
2026-05-30 23:58:49,brandimarte_mk07,LPT_MMUR,42,17300.00,1,RowAisle0_Seg1,RowAisle,East,133,8,2.00,0.25,0.0567
2026-05-30 23:58:49,brandimarte_mk07,LPT_MMUR,42,17300.00,2,RowAisle0_Seg2,RowAisle,East,133,2,0.50,0.25,0.0148
2026-05-30 23:58:49,brandimarte_mk07,LPT_MMUR,42,17300.00,3,TopSpine_Seg0,SpineAisle,East,20,0,0.00,0.00,0.0000
2026-05-30 23:58:49,brandimarte_mk07,LPT_MMUR,42,17300.00,4,TopSpine_Seg1,SpineAisle,East,20,0,0.00,0.00,0.0000
2026-05-30 23:58:49,brandimarte_mk07,LPT_MMUR,42,17300.00,5,TopSpine_Seg2,SpineAisle,East,20,0,0.00,0.00,0.0000
2026-05-30 23:58:49,brandimarte_mk07,LPT_MMUR,42,17300.00,6,TopSpine_Seg3,SpineAisle,East,20,0,0.00,0.00,0.0000
2026-05-30 23:58:49,brandimarte_mk07,LPT_MMUR,42,17300.00,7,BotSpine_Seg0,SpineAisle,West,153,0,0.00,0.00,0.0000
2026-05-30 23:58:49,brandimarte_mk07,LPT_MMUR,42,17300.00,8,BotSpine_Seg1,SpineAisle,West,153,0,0.00,0.00,0.0000
2026-05-30 23:58:49,brandimarte_mk07,LPT_MMUR,42,17300.00,9,BotSpine_Seg2,SpineAisle,West,153,0,0.00,0.00,0.0000
2026-05-30 23:58:49,brandimarte_mk07,LPT_MMUR,42,17300.00,10,BotSpine_Seg3,SpineAisle,West,153,0,0.00,0.00,0.0000
2026-05-30 23:58:49,brandimarte_mk07,LPT_MMUR,42,17300.00,11,LeftVert_TopConn,VerticalAisle,North,20,0,0.00,0.00,0.0000
2026-05-30 23:58:49,brandimarte_mk07,LPT_MMUR,42,17300.00,12,LeftVert_Row0,VerticalAisle,North,153,440,110.02,0.25,0.7420
2026-05-30 23:58:49,brandimarte_mk07,LPT_MMUR,42,17300.00,13,LeftVert_BotConn,VerticalAisle,North,153,158,39.53,0.25,0.5080
2026-05-30 23:58:49,brandimarte_mk07,LPT_MMUR,42,17300.00,14,RightVert_TopConn,VerticalAisle,South,20,0,0.00,0.00,0.0000
2026-05-30 23:58:49,brandimarte_mk07,LPT_MMUR,42,17300.00,15,RightVert_Row0,VerticalAisle,South,153,0,0.00,0.00,0.0000
2026-05-30 23:58:49,brandimarte_mk07,LPT_MMUR,42,17300.00,16,RightVert_BotConn,VerticalAisle,South,153,0,0.00,0.00,0.0000
2026-05-31 00:05:53,brandimarte_mk07,LPT_MMUR,43,17300.00,0,RowAisle0_Seg0,RowAisle,East,133,111,27.78,0.25,0.4549
2026-05-31 00:05:53,brandimarte_mk07,LPT_MMUR,43,17300.00,1,RowAisle0_Seg1,RowAisle,East,133,8,2.02,0.25,0.0567
2026-05-31 00:05:53,brandimarte_mk07,LPT_MMUR,43,17300.00,2,RowAisle0_Seg2,RowAisle,East,133,2,0.52,0.26,0.0148
2026-05-31 00:05:53,brandimarte_mk07,LPT_MMUR,43,17300.00,3,TopSpine_Seg0,SpineAisle,East,20,0,0.00,0.00,0.0000
2026-05-31 00:05:53,brandimarte_mk07,LPT_MMUR,43,17300.00,4,TopSpine_Seg1,SpineAisle,East,20,0,0.00,0.00,0.0000
2026-05-31 00:05:53,brandimarte_mk07,LPT_MMUR,43,17300.00,5,TopSpine_Seg2,SpineAisle,East,20,0,0.00,0.00,0.0000
2026-05-31 00:05:53,brandimarte_mk07,LPT_MMUR,43,17300.00,6,TopSpine_Seg3,SpineAisle,East,20,0,0.00,0.00,0.0000
2026-05-31 00:05:53,brandimarte_mk07,LPT_MMUR,43,17300.00,7,BotSpine_Seg0,SpineAisle,West,153,0,0.00,0.00,0.0000
2026-05-31 00:05:53,brandimarte_mk07,LPT_MMUR,43,17300.00,8,BotSpine_Seg1,SpineAisle,West,153,0,0.00,0.00,0.0000
2026-05-31 00:05:53,brandimarte_mk07,LPT_MMUR,43,17300.00,9,BotSpine_Seg2,SpineAisle,West,153,0,0.00,0.00,0.0000
2026-05-31 00:05:53,brandimarte_mk07,LPT_MMUR,43,17300.00,10,BotSpine_Seg3,SpineAisle,West,153,0,0.00,0.00,0.0000
2026-05-31 00:05:53,brandimarte_mk07,LPT_MMUR,43,17300.00,11,LeftVert_TopConn,VerticalAisle,North,20,0,0.00,0.00,0.0000
2026-05-31 00:05:53,brandimarte_mk07,LPT_MMUR,43,17300.00,12,LeftVert_Row0,VerticalAisle,North,153,439,109.80,0.25,0.7416
2026-05-31 00:05:53,brandimarte_mk07,LPT_MMUR,43,17300.00,13,LeftVert_BotConn,VerticalAisle,North,153,158,39.52,0.25,0.5080
2026-05-31 00:05:53,brandimarte_mk07,LPT_MMUR,43,17300.00,14,RightVert_TopConn,VerticalAisle,South,20,0,0.00,0.00,0.0000
2026-05-31 00:05:53,brandimarte_mk07,LPT_MMUR,43,17300.00,15,RightVert_Row0,VerticalAisle,South,153,0,0.00,0.00,0.0000
2026-05-31 00:05:53,brandimarte_mk07,LPT_MMUR,43,17300.00,16,RightVert_BotConn,VerticalAisle,South,153,0,0.00,0.00,0.0000
2026-05-31 00:12:57,brandimarte_mk07,LPT_MMUR,44,17300.00,0,RowAisle0_Seg0,RowAisle,East,133,111,27.75,0.25,0.4549
2026-05-31 00:12:57,brandimarte_mk07,LPT_MMUR,44,17300.00,1,RowAisle0_Seg1,RowAisle,East,133,8,2.02,0.25,0.0567
2026-05-31 00:12:57,brandimarte_mk07,LPT_MMUR,44,17300.00,2,RowAisle0_Seg2,RowAisle,East,133,2,0.50,0.25,0.0148
2026-05-31 00:12:57,brandimarte_mk07,LPT_MMUR,44,17300.00,3,TopSpine_Seg0,SpineAisle,East,20,0,0.00,0.00,0.0000
2026-05-31 00:12:57,brandimarte_mk07,LPT_MMUR,44,17300.00,4,TopSpine_Seg1,SpineAisle,East,20,0,0.00,0.00,0.0000
2026-05-31 00:12:57,brandimarte_mk07,LPT_MMUR,44,17300.00,5,TopSpine_Seg2,SpineAisle,East,20,0,0.00,0.00,0.0000
2026-05-31 00:12:57,brandimarte_mk07,LPT_MMUR,44,17300.00,6,TopSpine_Seg3,SpineAisle,East,20,0,0.00,0.00,0.0000
2026-05-31 00:12:57,brandimarte_mk07,LPT_MMUR,44,17300.00,7,BotSpine_Seg0,SpineAisle,West,153,0,0.00,0.00,0.0000
2026-05-31 00:12:57,brandimarte_mk07,LPT_MMUR,44,17300.00,8,BotSpine_Seg1,SpineAisle,West,153,0,0.00,0.00,0.0000
2026-05-31 00:12:57,brandimarte_mk07,LPT_MMUR,44,17300.00,9,BotSpine_Seg2,SpineAisle,West,153,0,0.00,0.00,0.0000
2026-05-31 00:12:57,brandimarte_mk07,LPT_MMUR,44,17300.00,10,BotSpine_Seg3,SpineAisle,West,153,0,0.00,0.00,0.0000
2026-05-31 00:12:57,brandimarte_mk07,LPT_MMUR,44,17300.00,11,LeftVert_TopConn,VerticalAisle,North,20,0,0.00,0.00,0.0000
2026-05-31 00:12:57,brandimarte_mk07,LPT_MMUR,44,17300.00,12,LeftVert_Row0,VerticalAisle,North,153,440,110.00,0.25,0.7420
2026-05-31 00:12:57,brandimarte_mk07,LPT_MMUR,44,17300.00,13,LeftVert_BotConn,VerticalAisle,North,153,158,39.52,0.25,0.5080
2026-05-31 00:12:57,brandimarte_mk07,LPT_MMUR,44,17300.00,14,RightVert_TopConn,VerticalAisle,South,20,0,0.00,0.00,0.0000
2026-05-31 00:12:57,brandimarte_mk07,LPT_MMUR,44,17300.00,15,RightVert_Row0,VerticalAisle,South,153,0,0.00,0.00,0.0000
2026-05-31 00:12:57,brandimarte_mk07,LPT_MMUR,44,17300.00,16,RightVert_BotConn,VerticalAisle,South,153,0,0.00,0.00,0.0000
2026-05-31 00:25:05,brandimarte_mk10,LPT_MMUR,42,29500.00,0,RowAisle0_Seg0,RowAisle,East,354,186,46.55,0.25,0.3444
2026-05-31 00:25:05,brandimarte_mk10,LPT_MMUR,42,29500.00,1,RowAisle0_Seg1,RowAisle,East,354,302,75.53,0.25,0.4604
2026-05-31 00:25:05,brandimarte_mk10,LPT_MMUR,42,29500.00,2,RowAisle0_Seg2,RowAisle,East,354,67,16.75,0.25,0.1591
2026-05-31 00:25:05,brandimarte_mk10,LPT_MMUR,42,29500.00,3,RowAisle0_Seg3,RowAisle,East,354,15,3.78,0.25,0.0407
2026-05-31 00:25:05,brandimarte_mk10,LPT_MMUR,42,29500.00,4,RowAisle1_Seg0,RowAisle,West,114,0,0.00,0.00,0.0000
2026-05-31 00:25:05,brandimarte_mk10,LPT_MMUR,42,29500.00,5,RowAisle1_Seg1,RowAisle,West,114,0,0.00,0.00,0.0000
2026-05-31 00:25:05,brandimarte_mk10,LPT_MMUR,42,29500.00,6,RowAisle1_Seg2,RowAisle,West,114,0,0.00,0.00,0.0000
2026-05-31 00:25:05,brandimarte_mk10,LPT_MMUR,42,29500.00,7,RowAisle1_Seg3,RowAisle,West,114,0,0.00,0.00,0.0000
2026-05-31 00:25:05,brandimarte_mk10,LPT_MMUR,42,29500.00,8,RowAisle2_Seg0,RowAisle,East,0,0,0.00,0.00,0.0000
2026-05-31 00:25:05,brandimarte_mk10,LPT_MMUR,42,29500.00,9,RowAisle2_Seg1,RowAisle,East,0,0,0.00,0.00,0.0000
2026-05-31 00:25:05,brandimarte_mk10,LPT_MMUR,42,29500.00,10,RowAisle2_Seg2,RowAisle,East,0,0,0.00,0.00,0.0000
2026-05-31 00:25:05,brandimarte_mk10,LPT_MMUR,42,29500.00,11,RowAisle2_Seg3,RowAisle,East,0,0,0.00,0.00,0.0000
2026-05-31 00:25:05,brandimarte_mk10,LPT_MMUR,42,29500.00,12,TopSpine_Seg0,SpineAisle,East,20,0,0.00,0.00,0.0000
2026-05-31 00:25:05,brandimarte_mk10,LPT_MMUR,42,29500.00,13,TopSpine_Seg1,SpineAisle,East,20,0,0.00,0.00,0.0000
2026-05-31 00:25:05,brandimarte_mk10,LPT_MMUR,42,29500.00,14,TopSpine_Seg2,SpineAisle,East,20,0,0.00,0.00,0.0000
2026-05-31 00:25:05,brandimarte_mk10,LPT_MMUR,42,29500.00,15,TopSpine_Seg3,SpineAisle,East,20,0,0.00,0.00,0.0000
2026-05-31 00:25:05,brandimarte_mk10,LPT_MMUR,42,29500.00,16,TopSpine_Seg4,SpineAisle,East,20,0,0.00,0.00,0.0000
2026-05-31 00:25:05,brandimarte_mk10,LPT_MMUR,42,29500.00,17,BotSpine_Seg0,SpineAisle,West,259,0,0.00,0.00,0.0000
2026-05-31 00:25:05,brandimarte_mk10,LPT_MMUR,42,29500.00,18,BotSpine_Seg1,SpineAisle,West,260,0,0.00,0.00,0.0000
2026-05-31 00:25:05,brandimarte_mk10,LPT_MMUR,42,29500.00,19,BotSpine_Seg2,SpineAisle,West,260,0,0.00,0.00,0.0000
2026-05-31 00:25:05,brandimarte_mk10,LPT_MMUR,42,29500.00,20,BotSpine_Seg3,SpineAisle,West,260,0,0.00,0.00,0.0000
2026-05-31 00:25:05,brandimarte_mk10,LPT_MMUR,42,29500.00,21,BotSpine_Seg4,SpineAisle,West,260,0,0.00,0.00,0.0000
2026-05-31 00:25:05,brandimarte_mk10,LPT_MMUR,42,29500.00,22,LeftVert_TopConn,VerticalAisle,North,20,0,0.00,0.00,0.0000
2026-05-31 00:25:05,brandimarte_mk10,LPT_MMUR,42,29500.00,23,LeftVert_Row0,VerticalAisle,North,374,1246,311.56,0.25,0.7691
2026-05-31 00:25:05,brandimarte_mk10,LPT_MMUR,42,29500.00,24,LeftVert_Row1,VerticalAisle,North,374,104,26.11,0.25,0.2176
2026-05-31 00:25:05,brandimarte_mk10,LPT_MMUR,42,29500.00,25,LeftVert_Row2,VerticalAisle,North,260,300,75.08,0.25,0.5357
2026-05-31 00:25:05,brandimarte_mk10,LPT_MMUR,42,29500.00,26,LeftVert_BotConn,VerticalAisle,North,260,505,126.34,0.25,0.6601
2026-05-31 00:25:05,brandimarte_mk10,LPT_MMUR,42,29500.00,27,RightVert_TopConn,VerticalAisle,South,20,0,0.00,0.00,0.0000
2026-05-31 00:25:05,brandimarte_mk10,LPT_MMUR,42,29500.00,28,RightVert_Row0,VerticalAisle,South,374,9,2.30,0.26,0.0235
2026-05-31 00:25:05,brandimarte_mk10,LPT_MMUR,42,29500.00,29,RightVert_Row1,VerticalAisle,South,374,25,6.28,0.25,0.0627
2026-05-31 00:25:05,brandimarte_mk10,LPT_MMUR,42,29500.00,30,RightVert_Row2,VerticalAisle,South,260,0,0.00,0.00,0.0000
2026-05-31 00:25:05,brandimarte_mk10,LPT_MMUR,42,29500.00,31,RightVert_BotConn,VerticalAisle,South,260,0,0.00,0.00,0.0000
2026-05-31 00:37:16,brandimarte_mk10,LPT_MMUR,43,29500.00,0,RowAisle0_Seg0,RowAisle,East,354,184,46.08,0.25,0.3420
2026-05-31 00:37:16,brandimarte_mk10,LPT_MMUR,43,29500.00,1,RowAisle0_Seg1,RowAisle,East,354,301,75.27,0.25,0.4595
2026-05-31 00:37:16,brandimarte_mk10,LPT_MMUR,43,29500.00,2,RowAisle0_Seg2,RowAisle,East,354,67,16.75,0.25,0.1591
2026-05-31 00:37:16,brandimarte_mk10,LPT_MMUR,43,29500.00,3,RowAisle0_Seg3,RowAisle,East,354,15,3.75,0.25,0.0407
2026-05-31 00:37:16,brandimarte_mk10,LPT_MMUR,43,29500.00,4,RowAisle1_Seg0,RowAisle,West,114,0,0.00,0.00,0.0000
2026-05-31 00:37:16,brandimarte_mk10,LPT_MMUR,43,29500.00,5,RowAisle1_Seg1,RowAisle,West,114,0,0.00,0.00,0.0000
2026-05-31 00:37:16,brandimarte_mk10,LPT_MMUR,43,29500.00,6,RowAisle1_Seg2,RowAisle,West,114,0,0.00,0.00,0.0000
2026-05-31 00:37:16,brandimarte_mk10,LPT_MMUR,43,29500.00,7,RowAisle1_Seg3,RowAisle,West,114,0,0.00,0.00,0.0000
2026-05-31 00:37:16,brandimarte_mk10,LPT_MMUR,43,29500.00,8,RowAisle2_Seg0,RowAisle,East,0,0,0.00,0.00,0.0000
2026-05-31 00:37:16,brandimarte_mk10,LPT_MMUR,43,29500.00,9,RowAisle2_Seg1,RowAisle,East,0,0,0.00,0.00,0.0000
2026-05-31 00:37:16,brandimarte_mk10,LPT_MMUR,43,29500.00,10,RowAisle2_Seg2,RowAisle,East,0,0,0.00,0.00,0.0000
2026-05-31 00:37:16,brandimarte_mk10,LPT_MMUR,43,29500.00,11,RowAisle2_Seg3,RowAisle,East,0,0,0.00,0.00,0.0000
2026-05-31 00:37:16,brandimarte_mk10,LPT_MMUR,43,29500.00,12,TopSpine_Seg0,SpineAisle,East,20,0,0.00,0.00,0.0000
2026-05-31 00:37:16,brandimarte_mk10,LPT_MMUR,43,29500.00,13,TopSpine_Seg1,SpineAisle,East,20,0,0.00,0.00,0.0000
2026-05-31 00:37:16,brandimarte_mk10,LPT_MMUR,43,29500.00,14,TopSpine_Seg2,SpineAisle,East,20,0,0.00,0.00,0.0000
2026-05-31 00:37:16,brandimarte_mk10,LPT_MMUR,43,29500.00,15,TopSpine_Seg3,SpineAisle,East,20,0,0.00,0.00,0.0000
2026-05-31 00:37:16,brandimarte_mk10,LPT_MMUR,43,29500.00,16,TopSpine_Seg4,SpineAisle,East,20,0,0.00,0.00,0.0000
2026-05-31 00:37:16,brandimarte_mk10,LPT_MMUR,43,29500.00,17,BotSpine_Seg0,SpineAisle,West,259,0,0.00,0.00,0.0000
2026-05-31 00:37:16,brandimarte_mk10,LPT_MMUR,43,29500.00,18,BotSpine_Seg1,SpineAisle,West,260,0,0.00,0.00,0.0000
2026-05-31 00:37:16,brandimarte_mk10,LPT_MMUR,43,29500.00,19,BotSpine_Seg2,SpineAisle,West,260,0,0.00,0.00,0.0000
2026-05-31 00:37:16,brandimarte_mk10,LPT_MMUR,43,29500.00,20,BotSpine_Seg3,SpineAisle,West,260,0,0.00,0.00,0.0000
2026-05-31 00:37:16,brandimarte_mk10,LPT_MMUR,43,29500.00,21,BotSpine_Seg4,SpineAisle,West,260,0,0.00,0.00,0.0000
2026-05-31 00:37:16,brandimarte_mk10,LPT_MMUR,43,29500.00,22,LeftVert_TopConn,VerticalAisle,North,20,0,0.00,0.00,0.0000
2026-05-31 00:37:16,brandimarte_mk10,LPT_MMUR,43,29500.00,23,LeftVert_Row0,VerticalAisle,North,374,1247,311.80,0.25,0.7693
2026-05-31 00:37:16,brandimarte_mk10,LPT_MMUR,43,29500.00,24,LeftVert_Row1,VerticalAisle,North,374,103,25.78,0.25,0.2159
2026-05-31 00:37:16,brandimarte_mk10,LPT_MMUR,43,29500.00,25,LeftVert_Row2,VerticalAisle,North,260,301,75.36,0.25,0.5365
2026-05-31 00:37:16,brandimarte_mk10,LPT_MMUR,43,29500.00,26,LeftVert_BotConn,VerticalAisle,North,260,505,126.30,0.25,0.6601
2026-05-31 00:37:16,brandimarte_mk10,LPT_MMUR,43,29500.00,27,RightVert_TopConn,VerticalAisle,South,20,0,0.00,0.00,0.0000
2026-05-31 00:37:16,brandimarte_mk10,LPT_MMUR,43,29500.00,28,RightVert_Row0,VerticalAisle,South,374,10,2.53,0.25,0.0260
2026-05-31 00:37:16,brandimarte_mk10,LPT_MMUR,43,29500.00,29,RightVert_Row1,VerticalAisle,South,374,25,6.28,0.25,0.0627
2026-05-31 00:37:16,brandimarte_mk10,LPT_MMUR,43,29500.00,30,RightVert_Row2,VerticalAisle,South,260,0,0.00,0.00,0.0000
2026-05-31 00:37:16,brandimarte_mk10,LPT_MMUR,43,29500.00,31,RightVert_BotConn,VerticalAisle,South,260,0,0.00,0.00,0.0000
2026-05-31 00:49:25,brandimarte_mk10,LPT_MMUR,44,29499.98,0,RowAisle0_Seg0,RowAisle,East,354,184,46.08,0.25,0.3420
2026-05-31 00:49:25,brandimarte_mk10,LPT_MMUR,44,29499.98,1,RowAisle0_Seg1,RowAisle,East,354,303,75.81,0.25,0.4612
2026-05-31 00:49:25,brandimarte_mk10,LPT_MMUR,44,29499.98,2,RowAisle0_Seg2,RowAisle,East,354,67,16.75,0.25,0.1591
2026-05-31 00:49:25,brandimarte_mk10,LPT_MMUR,44,29499.98,3,RowAisle0_Seg3,RowAisle,East,354,15,3.75,0.25,0.0407
2026-05-31 00:49:25,brandimarte_mk10,LPT_MMUR,44,29499.98,4,RowAisle1_Seg0,RowAisle,West,114,0,0.00,0.00,0.0000
2026-05-31 00:49:25,brandimarte_mk10,LPT_MMUR,44,29499.98,5,RowAisle1_Seg1,RowAisle,West,114,0,0.00,0.00,0.0000
2026-05-31 00:49:25,brandimarte_mk10,LPT_MMUR,44,29499.98,6,RowAisle1_Seg2,RowAisle,West,114,0,0.00,0.00,0.0000
2026-05-31 00:49:25,brandimarte_mk10,LPT_MMUR,44,29499.98,7,RowAisle1_Seg3,RowAisle,West,114,0,0.00,0.00,0.0000
2026-05-31 00:49:25,brandimarte_mk10,LPT_MMUR,44,29499.98,8,RowAisle2_Seg0,RowAisle,East,0,0,0.00,0.00,0.0000
2026-05-31 00:49:25,brandimarte_mk10,LPT_MMUR,44,29499.98,9,RowAisle2_Seg1,RowAisle,East,0,0,0.00,0.00,0.0000
2026-05-31 00:49:25,brandimarte_mk10,LPT_MMUR,44,29499.98,10,RowAisle2_Seg2,RowAisle,East,0,0,0.00,0.00,0.0000
2026-05-31 00:49:25,brandimarte_mk10,LPT_MMUR,44,29499.98,11,RowAisle2_Seg3,RowAisle,East,0,0,0.00,0.00,0.0000
2026-05-31 00:49:25,brandimarte_mk10,LPT_MMUR,44,29499.98,12,TopSpine_Seg0,SpineAisle,East,20,0,0.00,0.00,0.0000
2026-05-31 00:49:25,brandimarte_mk10,LPT_MMUR,44,29499.98,13,TopSpine_Seg1,SpineAisle,East,20,0,0.00,0.00,0.0000
2026-05-31 00:49:25,brandimarte_mk10,LPT_MMUR,44,29499.98,14,TopSpine_Seg2,SpineAisle,East,20,0,0.00,0.00,0.0000
2026-05-31 00:49:25,brandimarte_mk10,LPT_MMUR,44,29499.98,15,TopSpine_Seg3,SpineAisle,East,20,0,0.00,0.00,0.0000
2026-05-31 00:49:25,brandimarte_mk10,LPT_MMUR,44,29499.98,16,TopSpine_Seg4,SpineAisle,East,20,0,0.00,0.00,0.0000
2026-05-31 00:49:25,brandimarte_mk10,LPT_MMUR,44,29499.98,17,BotSpine_Seg0,SpineAisle,West,259,0,0.00,0.00,0.0000
2026-05-31 00:49:25,brandimarte_mk10,LPT_MMUR,44,29499.98,18,BotSpine_Seg1,SpineAisle,West,260,0,0.00,0.00,0.0000
2026-05-31 00:49:25,brandimarte_mk10,LPT_MMUR,44,29499.98,19,BotSpine_Seg2,SpineAisle,West,260,0,0.00,0.00,0.0000
2026-05-31 00:49:25,brandimarte_mk10,LPT_MMUR,44,29499.98,20,BotSpine_Seg3,SpineAisle,West,260,0,0.00,0.00,0.0000
2026-05-31 00:49:25,brandimarte_mk10,LPT_MMUR,44,29499.98,21,BotSpine_Seg4,SpineAisle,West,260,0,0.00,0.00,0.0000
2026-05-31 00:49:25,brandimarte_mk10,LPT_MMUR,44,29499.98,22,LeftVert_TopConn,VerticalAisle,North,20,0,0.00,0.00,0.0000
2026-05-31 00:49:25,brandimarte_mk10,LPT_MMUR,44,29499.98,23,LeftVert_Row0,VerticalAisle,North,374,1246,311.58,0.25,0.7691
2026-05-31 00:49:25,brandimarte_mk10,LPT_MMUR,44,29499.98,24,LeftVert_Row1,VerticalAisle,North,374,104,26.00,0.25,0.2176
2026-05-31 00:49:25,brandimarte_mk10,LPT_MMUR,44,29499.98,25,LeftVert_Row2,VerticalAisle,North,260,300,75.09,0.25,0.5357
2026-05-31 00:49:25,brandimarte_mk10,LPT_MMUR,44,29499.98,26,LeftVert_BotConn,VerticalAisle,North,260,505,126.27,0.25,0.6601
2026-05-31 00:49:25,brandimarte_mk10,LPT_MMUR,44,29499.98,27,RightVert_TopConn,VerticalAisle,South,20,0,0.00,0.00,0.0000
2026-05-31 00:49:25,brandimarte_mk10,LPT_MMUR,44,29499.98,28,RightVert_Row0,VerticalAisle,South,374,9,2.27,0.25,0.0235
2026-05-31 00:49:25,brandimarte_mk10,LPT_MMUR,44,29499.98,29,RightVert_Row1,VerticalAisle,South,374,25,6.28,0.25,0.0627
2026-05-31 00:49:25,brandimarte_mk10,LPT_MMUR,44,29499.98,30,RightVert_Row2,VerticalAisle,South,260,0,0.00,0.00,0.0000
2026-05-31 00:49:25,brandimarte_mk10,LPT_MMUR,44,29499.98,31,RightVert_BotConn,VerticalAisle,South,260,0,0.00,0.00,0.0000
2026-05-31 01:02:09,brandimarte_mk11,LPT_MMUR,42,30966.66,0,RowAisle0_Seg0,RowAisle,East,259,1292,323.00,0.25,0.8330
2026-05-31 01:02:09,brandimarte_mk11,LPT_MMUR,42,30966.66,1,RowAisle0_Seg1,RowAisle,East,259,140,35.00,0.25,0.3509
2026-05-31 01:02:09,brandimarte_mk11,LPT_MMUR,42,30966.66,2,RowAisle0_Seg2,RowAisle,East,259,8,2.00,0.25,0.0300
2026-05-31 01:02:09,brandimarte_mk11,LPT_MMUR,42,30966.66,3,TopSpine_Seg0,SpineAisle,East,30,0,0.00,0.00,0.0000
2026-05-31 01:02:09,brandimarte_mk11,LPT_MMUR,42,30966.66,4,TopSpine_Seg1,SpineAisle,East,30,0,0.00,0.00,0.0000
2026-05-31 01:02:09,brandimarte_mk11,LPT_MMUR,42,30966.66,5,TopSpine_Seg2,SpineAisle,East,30,0,0.00,0.00,0.0000
2026-05-31 01:02:09,brandimarte_mk11,LPT_MMUR,42,30966.66,6,TopSpine_Seg3,SpineAisle,East,30,0,0.00,0.00,0.0000
2026-05-31 01:02:09,brandimarte_mk11,LPT_MMUR,42,30966.66,7,BotSpine_Seg0,SpineAisle,West,289,0,0.00,0.00,0.0000
2026-05-31 01:02:09,brandimarte_mk11,LPT_MMUR,42,30966.66,8,BotSpine_Seg1,SpineAisle,West,289,0,0.00,0.00,0.0000
2026-05-31 01:02:09,brandimarte_mk11,LPT_MMUR,42,30966.66,9,BotSpine_Seg2,SpineAisle,West,289,0,0.00,0.00,0.0000
2026-05-31 01:02:09,brandimarte_mk11,LPT_MMUR,42,30966.66,10,BotSpine_Seg3,SpineAisle,West,289,0,0.00,0.00,0.0000
2026-05-31 01:02:09,brandimarte_mk11,LPT_MMUR,42,30966.66,11,LeftVert_TopConn,VerticalAisle,North,30,0,0.00,0.00,0.0000
2026-05-31 01:02:09,brandimarte_mk11,LPT_MMUR,42,30966.66,12,LeftVert_Row0,VerticalAisle,North,289,1452,363.00,0.25,0.8340
2026-05-31 01:02:09,brandimarte_mk11,LPT_MMUR,42,30966.66,13,LeftVert_BotConn,VerticalAisle,North,289,962,240.50,0.25,0.7690
2026-05-31 01:02:09,brandimarte_mk11,LPT_MMUR,42,30966.66,14,RightVert_TopConn,VerticalAisle,South,30,0,0.00,0.00,0.0000
2026-05-31 01:02:09,brandimarte_mk11,LPT_MMUR,42,30966.66,15,RightVert_Row0,VerticalAisle,South,289,0,0.00,0.00,0.0000
2026-05-31 01:02:09,brandimarte_mk11,LPT_MMUR,42,30966.66,16,RightVert_BotConn,VerticalAisle,South,289,5,1.25,0.25,0.0170
2026-05-31 01:14:49,brandimarte_mk11,LPT_MMUR,43,30966.69,0,RowAisle0_Seg0,RowAisle,East,259,1291,322.75,0.25,0.8329
2026-05-31 01:14:49,brandimarte_mk11,LPT_MMUR,43,30966.69,1,RowAisle0_Seg1,RowAisle,East,259,140,35.00,0.25,0.3509
2026-05-31 01:14:49,brandimarte_mk11,LPT_MMUR,43,30966.69,2,RowAisle0_Seg2,RowAisle,East,259,9,2.25,0.25,0.0336
2026-05-31 01:14:49,brandimarte_mk11,LPT_MMUR,43,30966.69,3,TopSpine_Seg0,SpineAisle,East,30,0,0.00,0.00,0.0000
2026-05-31 01:14:49,brandimarte_mk11,LPT_MMUR,43,30966.69,4,TopSpine_Seg1,SpineAisle,East,30,0,0.00,0.00,0.0000
2026-05-31 01:14:49,brandimarte_mk11,LPT_MMUR,43,30966.69,5,TopSpine_Seg2,SpineAisle,East,30,0,0.00,0.00,0.0000
2026-05-31 01:14:49,brandimarte_mk11,LPT_MMUR,43,30966.69,6,TopSpine_Seg3,SpineAisle,East,30,0,0.00,0.00,0.0000
2026-05-31 01:14:49,brandimarte_mk11,LPT_MMUR,43,30966.69,7,BotSpine_Seg0,SpineAisle,West,289,0,0.00,0.00,0.0000
2026-05-31 01:14:49,brandimarte_mk11,LPT_MMUR,43,30966.69,8,BotSpine_Seg1,SpineAisle,West,289,0,0.00,0.00,0.0000
2026-05-31 01:14:49,brandimarte_mk11,LPT_MMUR,43,30966.69,9,BotSpine_Seg2,SpineAisle,West,289,0,0.00,0.00,0.0000
2026-05-31 01:14:49,brandimarte_mk11,LPT_MMUR,43,30966.69,10,BotSpine_Seg3,SpineAisle,West,289,0,0.00,0.00,0.0000
2026-05-31 01:14:49,brandimarte_mk11,LPT_MMUR,43,30966.69,11,LeftVert_TopConn,VerticalAisle,North,30,0,0.00,0.00,0.0000
2026-05-31 01:14:49,brandimarte_mk11,LPT_MMUR,43,30966.69,12,LeftVert_Row0,VerticalAisle,North,289,1451,362.75,0.25,0.8339
2026-05-31 01:14:49,brandimarte_mk11,LPT_MMUR,43,30966.69,13,LeftVert_BotConn,VerticalAisle,North,289,961,240.25,0.25,0.7688
2026-05-31 01:14:49,brandimarte_mk11,LPT_MMUR,43,30966.69,14,RightVert_TopConn,VerticalAisle,South,30,0,0.00,0.00,0.0000
2026-05-31 01:14:49,brandimarte_mk11,LPT_MMUR,43,30966.69,15,RightVert_Row0,VerticalAisle,South,289,0,0.00,0.00,0.0000
2026-05-31 01:14:49,brandimarte_mk11,LPT_MMUR,43,30966.69,16,RightVert_BotConn,VerticalAisle,South,289,4,1.00,0.25,0.0137
2026-05-31 01:27:33,brandimarte_mk11,LPT_MMUR,44,30966.69,0,RowAisle0_Seg0,RowAisle,East,259,1292,323.00,0.25,0.8330
2026-05-31 01:27:33,brandimarte_mk11,LPT_MMUR,44,30966.69,1,RowAisle0_Seg1,RowAisle,East,259,140,35.00,0.25,0.3509
2026-05-31 01:27:33,brandimarte_mk11,LPT_MMUR,44,30966.69,2,RowAisle0_Seg2,RowAisle,East,259,8,2.00,0.25,0.0300
2026-05-31 01:27:33,brandimarte_mk11,LPT_MMUR,44,30966.69,3,TopSpine_Seg0,SpineAisle,East,30,0,0.00,0.00,0.0000
2026-05-31 01:27:33,brandimarte_mk11,LPT_MMUR,44,30966.69,4,TopSpine_Seg1,SpineAisle,East,30,0,0.00,0.00,0.0000
2026-05-31 01:27:33,brandimarte_mk11,LPT_MMUR,44,30966.69,5,TopSpine_Seg2,SpineAisle,East,30,0,0.00,0.00,0.0000
2026-05-31 01:27:33,brandimarte_mk11,LPT_MMUR,44,30966.69,6,TopSpine_Seg3,SpineAisle,East,30,0,0.00,0.00,0.0000
2026-05-31 01:27:33,brandimarte_mk11,LPT_MMUR,44,30966.69,7,BotSpine_Seg0,SpineAisle,West,289,0,0.00,0.00,0.0000
2026-05-31 01:27:33,brandimarte_mk11,LPT_MMUR,44,30966.69,8,BotSpine_Seg1,SpineAisle,West,289,0,0.00,0.00,0.0000
2026-05-31 01:27:33,brandimarte_mk11,LPT_MMUR,44,30966.69,9,BotSpine_Seg2,SpineAisle,West,289,0,0.00,0.00,0.0000
2026-05-31 01:27:33,brandimarte_mk11,LPT_MMUR,44,30966.69,10,BotSpine_Seg3,SpineAisle,West,289,0,0.00,0.00,0.0000
2026-05-31 01:27:33,brandimarte_mk11,LPT_MMUR,44,30966.69,11,LeftVert_TopConn,VerticalAisle,North,30,0,0.00,0.00,0.0000
2026-05-31 01:27:33,brandimarte_mk11,LPT_MMUR,44,30966.69,12,LeftVert_Row0,VerticalAisle,North,289,1452,363.00,0.25,0.8340
2026-05-31 01:27:33,brandimarte_mk11,LPT_MMUR,44,30966.69,13,LeftVert_BotConn,VerticalAisle,North,289,961,240.25,0.25,0.7688
2026-05-31 01:27:33,brandimarte_mk11,LPT_MMUR,44,30966.69,14,RightVert_TopConn,VerticalAisle,South,30,0,0.00,0.00,0.0000
2026-05-31 01:27:33,brandimarte_mk11,LPT_MMUR,44,30966.69,15,RightVert_Row0,VerticalAisle,South,289,0,0.00,0.00,0.0000
2026-05-31 01:27:33,brandimarte_mk11,LPT_MMUR,44,30966.69,16,RightVert_BotConn,VerticalAisle,South,289,4,1.00,0.25,0.0137
2026-05-31 01:48:58,brandimarte_mk13,LPT_MMUR,42,52100.00,0,RowAisle0_Seg0,RowAisle,East,329,239,59.75,0.25,0.4208
2026-05-31 01:48:58,brandimarte_mk13,LPT_MMUR,42,52100.00,1,RowAisle0_Seg1,RowAisle,East,329,360,90.00,0.25,0.5225
2026-05-31 01:48:58,brandimarte_mk13,LPT_MMUR,42,52100.00,2,RowAisle0_Seg2,RowAisle,East,329,215,53.75,0.25,0.3952
2026-05-31 01:48:58,brandimarte_mk13,LPT_MMUR,42,52100.00,3,RowAisle0_Seg3,RowAisle,East,329,11,2.75,0.25,0.0324
2026-05-31 01:48:58,brandimarte_mk13,LPT_MMUR,42,52100.00,4,RowAisle1_Seg0,RowAisle,West,98,0,0.00,0.00,0.0000
2026-05-31 01:48:58,brandimarte_mk13,LPT_MMUR,42,52100.00,5,RowAisle1_Seg1,RowAisle,West,98,0,0.00,0.00,0.0000
2026-05-31 01:48:58,brandimarte_mk13,LPT_MMUR,42,52100.00,6,RowAisle1_Seg2,RowAisle,West,98,0,0.00,0.00,0.0000
2026-05-31 01:48:58,brandimarte_mk13,LPT_MMUR,42,52100.00,7,RowAisle1_Seg3,RowAisle,West,98,0,0.00,0.00,0.0000
2026-05-31 01:48:58,brandimarte_mk13,LPT_MMUR,42,52100.00,8,TopSpine_Seg0,SpineAisle,East,30,0,0.00,0.00,0.0000
2026-05-31 01:48:58,brandimarte_mk13,LPT_MMUR,42,52100.00,9,TopSpine_Seg1,SpineAisle,East,30,0,0.00,0.00,0.0000
2026-05-31 01:48:58,brandimarte_mk13,LPT_MMUR,42,52100.00,10,TopSpine_Seg2,SpineAisle,East,30,0,0.00,0.00,0.0000
2026-05-31 01:48:58,brandimarte_mk13,LPT_MMUR,42,52100.00,11,TopSpine_Seg3,SpineAisle,East,30,0,0.00,0.00,0.0000
2026-05-31 01:48:58,brandimarte_mk13,LPT_MMUR,42,52100.00,12,TopSpine_Seg4,SpineAisle,East,30,0,0.00,0.00,0.0000
2026-05-31 01:48:58,brandimarte_mk13,LPT_MMUR,42,52100.00,13,BotSpine_Seg0,SpineAisle,West,261,0,0.00,0.00,0.0000
2026-05-31 01:48:58,brandimarte_mk13,LPT_MMUR,42,52100.00,14,BotSpine_Seg1,SpineAisle,West,261,0,0.00,0.00,0.0000
2026-05-31 01:48:58,brandimarte_mk13,LPT_MMUR,42,52100.00,15,BotSpine_Seg2,SpineAisle,West,261,0,0.00,0.00,0.0000
2026-05-31 01:48:58,brandimarte_mk13,LPT_MMUR,42,52100.00,16,BotSpine_Seg3,SpineAisle,West,261,0,0.00,0.00,0.0000
2026-05-31 01:48:58,brandimarte_mk13,LPT_MMUR,42,52100.00,17,BotSpine_Seg4,SpineAisle,West,261,0,0.00,0.00,0.0000
2026-05-31 01:48:58,brandimarte_mk13,LPT_MMUR,42,52100.00,18,LeftVert_TopConn,VerticalAisle,North,30,0,0.00,0.00,0.0000
2026-05-31 01:48:58,brandimarte_mk13,LPT_MMUR,42,52100.00,19,LeftVert_Row0,VerticalAisle,North,359,1314,328.50,0.25,0.7854
2026-05-31 01:48:58,brandimarte_mk13,LPT_MMUR,42,52100.00,20,LeftVert_Row1,VerticalAisle,North,359,0,0.00,0.00,0.0000
2026-05-31 01:48:58,brandimarte_mk13,LPT_MMUR,42,52100.00,21,LeftVert_BotConn,VerticalAisle,North,261,422,105.50,0.25,0.6179
2026-05-31 01:48:58,brandimarte_mk13,LPT_MMUR,42,52100.00,22,RightVert_TopConn,VerticalAisle,South,30,0,0.00,0.00,0.0000
2026-05-31 01:48:58,brandimarte_mk13,LPT_MMUR,42,52100.00,23,RightVert_Row0,VerticalAisle,South,359,0,0.00,0.00,0.0000
2026-05-31 01:48:58,brandimarte_mk13,LPT_MMUR,42,52100.00,24,RightVert_Row1,VerticalAisle,South,359,5,1.25,0.25,0.0137
2026-05-31 01:48:58,brandimarte_mk13,LPT_MMUR,42,52100.00,25,RightVert_BotConn,VerticalAisle,South,261,0,0.00,0.00,0.0000
2026-05-31 02:10:32,brandimarte_mk13,LPT_MMUR,43,52100.00,0,RowAisle0_Seg0,RowAisle,East,329,239,59.75,0.25,0.4208
2026-05-31 02:10:32,brandimarte_mk13,LPT_MMUR,43,52100.00,1,RowAisle0_Seg1,RowAisle,East,329,362,90.50,0.25,0.5239
2026-05-31 02:10:32,brandimarte_mk13,LPT_MMUR,43,52100.00,2,RowAisle0_Seg2,RowAisle,East,329,215,53.75,0.25,0.3952
2026-05-31 02:10:32,brandimarte_mk13,LPT_MMUR,43,52100.00,3,RowAisle0_Seg3,RowAisle,East,329,12,3.00,0.25,0.0352
2026-05-31 02:10:32,brandimarte_mk13,LPT_MMUR,43,52100.00,4,RowAisle1_Seg0,RowAisle,West,98,0,0.00,0.00,0.0000
2026-05-31 02:10:32,brandimarte_mk13,LPT_MMUR,43,52100.00,5,RowAisle1_Seg1,RowAisle,West,98,0,0.00,0.00,0.0000
2026-05-31 02:10:32,brandimarte_mk13,LPT_MMUR,43,52100.00,6,RowAisle1_Seg2,RowAisle,West,98,0,0.00,0.00,0.0000
2026-05-31 02:10:32,brandimarte_mk13,LPT_MMUR,43,52100.00,7,RowAisle1_Seg3,RowAisle,West,98,0,0.00,0.00,0.0000
2026-05-31 02:10:32,brandimarte_mk13,LPT_MMUR,43,52100.00,8,TopSpine_Seg0,SpineAisle,East,30,0,0.00,0.00,0.0000
2026-05-31 02:10:32,brandimarte_mk13,LPT_MMUR,43,52100.00,9,TopSpine_Seg1,SpineAisle,East,30,0,0.00,0.00,0.0000
2026-05-31 02:10:32,brandimarte_mk13,LPT_MMUR,43,52100.00,10,TopSpine_Seg2,SpineAisle,East,30,0,0.00,0.00,0.0000
2026-05-31 02:10:32,brandimarte_mk13,LPT_MMUR,43,52100.00,11,TopSpine_Seg3,SpineAisle,East,30,0,0.00,0.00,0.0000
2026-05-31 02:10:32,brandimarte_mk13,LPT_MMUR,43,52100.00,12,TopSpine_Seg4,SpineAisle,East,30,0,0.00,0.00,0.0000
2026-05-31 02:10:32,brandimarte_mk13,LPT_MMUR,43,52100.00,13,BotSpine_Seg0,SpineAisle,West,261,0,0.00,0.00,0.0000
2026-05-31 02:10:32,brandimarte_mk13,LPT_MMUR,43,52100.00,14,BotSpine_Seg1,SpineAisle,West,261,0,0.00,0.00,0.0000
2026-05-31 02:10:32,brandimarte_mk13,LPT_MMUR,43,52100.00,15,BotSpine_Seg2,SpineAisle,West,261,0,0.00,0.00,0.0000
2026-05-31 02:10:32,brandimarte_mk13,LPT_MMUR,43,52100.00,16,BotSpine_Seg3,SpineAisle,West,261,0,0.00,0.00,0.0000
2026-05-31 02:10:32,brandimarte_mk13,LPT_MMUR,43,52100.00,17,BotSpine_Seg4,SpineAisle,West,261,0,0.00,0.00,0.0000
2026-05-31 02:10:32,brandimarte_mk13,LPT_MMUR,43,52100.00,18,LeftVert_TopConn,VerticalAisle,North,30,0,0.00,0.00,0.0000
2026-05-31 02:10:32,brandimarte_mk13,LPT_MMUR,43,52100.00,19,LeftVert_Row0,VerticalAisle,North,359,1313,328.25,0.25,0.7853
2026-05-31 02:10:32,brandimarte_mk13,LPT_MMUR,43,52100.00,20,LeftVert_Row1,VerticalAisle,North,359,0,0.00,0.00,0.0000
2026-05-31 02:10:32,brandimarte_mk13,LPT_MMUR,43,52100.00,21,LeftVert_BotConn,VerticalAisle,North,261,422,105.50,0.25,0.6179
2026-05-31 02:10:32,brandimarte_mk13,LPT_MMUR,43,52100.00,22,RightVert_TopConn,VerticalAisle,South,30,0,0.00,0.00,0.0000
2026-05-31 02:10:32,brandimarte_mk13,LPT_MMUR,43,52100.00,23,RightVert_Row0,VerticalAisle,South,359,0,0.00,0.00,0.0000
2026-05-31 02:10:32,brandimarte_mk13,LPT_MMUR,43,52100.00,24,RightVert_Row1,VerticalAisle,South,359,4,1.00,0.25,0.0110
2026-05-31 02:10:32,brandimarte_mk13,LPT_MMUR,43,52100.00,25,RightVert_BotConn,VerticalAisle,South,261,0,0.00,0.00,0.0000
2026-05-31 02:31:55,brandimarte_mk13,LPT_MMUR,44,52100.00,0,RowAisle0_Seg0,RowAisle,East,329,239,59.75,0.25,0.4208
2026-05-31 02:31:55,brandimarte_mk13,LPT_MMUR,44,52100.00,1,RowAisle0_Seg1,RowAisle,East,329,360,90.00,0.25,0.5225
2026-05-31 02:31:55,brandimarte_mk13,LPT_MMUR,44,52100.00,2,RowAisle0_Seg2,RowAisle,East,329,216,54.00,0.25,0.3963
2026-05-31 02:31:55,brandimarte_mk13,LPT_MMUR,44,52100.00,3,RowAisle0_Seg3,RowAisle,East,329,11,2.75,0.25,0.0324
2026-05-31 02:31:55,brandimarte_mk13,LPT_MMUR,44,52100.00,4,RowAisle1_Seg0,RowAisle,West,98,0,0.00,0.00,0.0000
2026-05-31 02:31:55,brandimarte_mk13,LPT_MMUR,44,52100.00,5,RowAisle1_Seg1,RowAisle,West,98,0,0.00,0.00,0.0000
2026-05-31 02:31:55,brandimarte_mk13,LPT_MMUR,44,52100.00,6,RowAisle1_Seg2,RowAisle,West,98,0,0.00,0.00,0.0000
2026-05-31 02:31:55,brandimarte_mk13,LPT_MMUR,44,52100.00,7,RowAisle1_Seg3,RowAisle,West,98,0,0.00,0.00,0.0000
2026-05-31 02:31:55,brandimarte_mk13,LPT_MMUR,44,52100.00,8,TopSpine_Seg0,SpineAisle,East,30,0,0.00,0.00,0.0000
2026-05-31 02:31:55,brandimarte_mk13,LPT_MMUR,44,52100.00,9,TopSpine_Seg1,SpineAisle,East,30,0,0.00,0.00,0.0000
2026-05-31 02:31:55,brandimarte_mk13,LPT_MMUR,44,52100.00,10,TopSpine_Seg2,SpineAisle,East,30,0,0.00,0.00,0.0000
2026-05-31 02:31:55,brandimarte_mk13,LPT_MMUR,44,52100.00,11,TopSpine_Seg3,SpineAisle,East,30,0,0.00,0.00,0.0000
2026-05-31 02:31:55,brandimarte_mk13,LPT_MMUR,44,52100.00,12,TopSpine_Seg4,SpineAisle,East,30,0,0.00,0.00,0.0000
2026-05-31 02:31:55,brandimarte_mk13,LPT_MMUR,44,52100.00,13,BotSpine_Seg0,SpineAisle,West,261,0,0.00,0.00,0.0000
2026-05-31 02:31:55,brandimarte_mk13,LPT_MMUR,44,52100.00,14,BotSpine_Seg1,SpineAisle,West,261,0,0.00,0.00,0.0000
2026-05-31 02:31:55,brandimarte_mk13,LPT_MMUR,44,52100.00,15,BotSpine_Seg2,SpineAisle,West,261,0,0.00,0.00,0.0000
2026-05-31 02:31:55,brandimarte_mk13,LPT_MMUR,44,52100.00,16,BotSpine_Seg3,SpineAisle,West,261,0,0.00,0.00,0.0000
2026-05-31 02:31:55,brandimarte_mk13,LPT_MMUR,44,52100.00,17,BotSpine_Seg4,SpineAisle,West,261,0,0.00,0.00,0.0000
2026-05-31 02:31:55,brandimarte_mk13,LPT_MMUR,44,52100.00,18,LeftVert_TopConn,VerticalAisle,North,30,0,0.00,0.00,0.0000
2026-05-31 02:31:55,brandimarte_mk13,LPT_MMUR,44,52100.00,19,LeftVert_Row0,VerticalAisle,North,359,1314,328.50,0.25,0.7854
2026-05-31 02:31:55,brandimarte_mk13,LPT_MMUR,44,52100.00,20,LeftVert_Row1,VerticalAisle,North,359,0,0.00,0.00,0.0000
2026-05-31 02:31:55,brandimarte_mk13,LPT_MMUR,44,52100.00,21,LeftVert_BotConn,VerticalAisle,North,261,422,105.50,0.25,0.6179
2026-05-31 02:31:55,brandimarte_mk13,LPT_MMUR,44,52100.00,22,RightVert_TopConn,VerticalAisle,South,30,0,0.00,0.00,0.0000
2026-05-31 02:31:55,brandimarte_mk13,LPT_MMUR,44,52100.00,23,RightVert_Row0,VerticalAisle,South,359,0,0.00,0.00,0.0000
2026-05-31 02:31:55,brandimarte_mk13,LPT_MMUR,44,52100.00,24,RightVert_Row1,VerticalAisle,South,359,4,1.00,0.25,0.0110
2026-05-31 02:31:55,brandimarte_mk13,LPT_MMUR,44,52100.00,25,RightVert_BotConn,VerticalAisle,South,261,0,0.00,0.00,0.0000
2026-05-31 02:48:46,brandimarte_mk15,LPT_MMUR,42,40766.66,0,RowAisle0_Seg0,RowAisle,East,423,599,149.75,0.25,0.5861
2026-05-31 02:48:46,brandimarte_mk15,LPT_MMUR,42,40766.66,1,RowAisle0_Seg1,RowAisle,East,423,275,68.75,0.25,0.3940
2026-05-31 02:48:46,brandimarte_mk15,LPT_MMUR,42,40766.66,2,RowAisle0_Seg2,RowAisle,East,423,232,58.00,0.25,0.3542
2026-05-31 02:48:46,brandimarte_mk15,LPT_MMUR,42,40766.66,3,RowAisle0_Seg3,RowAisle,East,423,17,4.25,0.25,0.0386
2026-05-31 02:48:46,brandimarte_mk15,LPT_MMUR,42,40766.66,4,RowAisle1_Seg0,RowAisle,West,140,8,2.00,0.25,0.0541
2026-05-31 02:48:46,brandimarte_mk15,LPT_MMUR,42,40766.66,5,RowAisle1_Seg1,RowAisle,West,140,92,23.00,0.25,0.3966
2026-05-31 02:48:46,brandimarte_mk15,LPT_MMUR,42,40766.66,6,RowAisle1_Seg2,RowAisle,West,140,0,0.00,0.00,0.0000
2026-05-31 02:48:46,brandimarte_mk15,LPT_MMUR,42,40766.66,7,RowAisle1_Seg3,RowAisle,West,140,0,0.00,0.00,0.0000
2026-05-31 02:48:46,brandimarte_mk15,LPT_MMUR,42,40766.66,8,RowAisle2_Seg0,RowAisle,East,22,0,0.00,0.00,0.0000
2026-05-31 02:48:46,brandimarte_mk15,LPT_MMUR,42,40766.66,9,RowAisle2_Seg1,RowAisle,East,22,0,0.00,0.00,0.0000
2026-05-31 02:48:46,brandimarte_mk15,LPT_MMUR,42,40766.66,10,RowAisle2_Seg2,RowAisle,East,22,0,0.00,0.00,0.0000
2026-05-31 02:48:46,brandimarte_mk15,LPT_MMUR,42,40766.66,11,RowAisle2_Seg3,RowAisle,East,22,0,0.00,0.00,0.0000
2026-05-31 02:48:46,brandimarte_mk15,LPT_MMUR,42,40766.66,12,TopSpine_Seg0,SpineAisle,East,30,0,0.00,0.00,0.0000
2026-05-31 02:48:46,brandimarte_mk15,LPT_MMUR,42,40766.66,13,TopSpine_Seg1,SpineAisle,East,30,0,0.00,0.00,0.0000
2026-05-31 02:48:46,brandimarte_mk15,LPT_MMUR,42,40766.66,14,TopSpine_Seg2,SpineAisle,East,30,0,0.00,0.00,0.0000
2026-05-31 02:48:46,brandimarte_mk15,LPT_MMUR,42,40766.66,15,TopSpine_Seg3,SpineAisle,East,30,0,0.00,0.00,0.0000
2026-05-31 02:48:46,brandimarte_mk15,LPT_MMUR,42,40766.66,16,TopSpine_Seg4,SpineAisle,East,30,0,0.00,0.00,0.0000
2026-05-31 02:48:46,brandimarte_mk15,LPT_MMUR,42,40766.66,17,BotSpine_Seg0,SpineAisle,West,334,0,0.00,0.00,0.0000
2026-05-31 02:48:46,brandimarte_mk15,LPT_MMUR,42,40766.66,18,BotSpine_Seg1,SpineAisle,West,335,0,0.00,0.00,0.0000
2026-05-31 02:48:46,brandimarte_mk15,LPT_MMUR,42,40766.66,19,BotSpine_Seg2,SpineAisle,West,335,0,0.00,0.00,0.0000
2026-05-31 02:48:46,brandimarte_mk15,LPT_MMUR,42,40766.66,20,BotSpine_Seg3,SpineAisle,West,335,0,0.00,0.00,0.0000
2026-05-31 02:48:46,brandimarte_mk15,LPT_MMUR,42,40766.66,21,BotSpine_Seg4,SpineAisle,West,335,0,0.00,0.00,0.0000
2026-05-31 02:48:46,brandimarte_mk15,LPT_MMUR,42,40766.66,22,LeftVert_TopConn,VerticalAisle,North,30,0,0.00,0.00,0.0000
2026-05-31 02:48:46,brandimarte_mk15,LPT_MMUR,42,40766.66,23,LeftVert_Row0,VerticalAisle,North,453,1192,298.00,0.25,0.7246
2026-05-31 02:48:46,brandimarte_mk15,LPT_MMUR,42,40766.66,24,LeftVert_Row1,VerticalAisle,North,453,530,132.50,0.25,0.5392
2026-05-31 02:48:46,brandimarte_mk15,LPT_MMUR,42,40766.66,25,LeftVert_Row2,VerticalAisle,North,335,67,16.75,0.25,0.1667
2026-05-31 02:48:46,brandimarte_mk15,LPT_MMUR,42,40766.66,26,LeftVert_BotConn,VerticalAisle,North,335,567,141.75,0.25,0.6286
2026-05-31 02:48:46,brandimarte_mk15,LPT_MMUR,42,40766.66,27,RightVert_TopConn,VerticalAisle,South,30,0,0.00,0.00,0.0000
2026-05-31 02:48:46,brandimarte_mk15,LPT_MMUR,42,40766.66,28,RightVert_Row0,VerticalAisle,South,453,9,2.25,0.25,0.0195
2026-05-31 02:48:46,brandimarte_mk15,LPT_MMUR,42,40766.66,29,RightVert_Row1,VerticalAisle,South,453,40,10.00,0.25,0.0811
2026-05-31 02:48:46,brandimarte_mk15,LPT_MMUR,42,40766.66,30,RightVert_Row2,VerticalAisle,South,335,24,6.00,0.25,0.0669
2026-05-31 02:48:46,brandimarte_mk15,LPT_MMUR,42,40766.66,31,RightVert_BotConn,VerticalAisle,South,335,21,5.25,0.25,0.0590
2026-05-31 03:05:35,brandimarte_mk15,LPT_MMUR,43,40766.69,0,RowAisle0_Seg0,RowAisle,East,423,601,150.25,0.25,0.5869
2026-05-31 03:05:35,brandimarte_mk15,LPT_MMUR,43,40766.69,1,RowAisle0_Seg1,RowAisle,East,423,275,68.75,0.25,0.3940
2026-05-31 03:05:35,brandimarte_mk15,LPT_MMUR,43,40766.69,2,RowAisle0_Seg2,RowAisle,East,423,231,57.75,0.25,0.3532
2026-05-31 03:05:35,brandimarte_mk15,LPT_MMUR,43,40766.69,3,RowAisle0_Seg3,RowAisle,East,423,18,4.50,0.25,0.0408
2026-05-31 03:05:35,brandimarte_mk15,LPT_MMUR,43,40766.69,4,RowAisle1_Seg0,RowAisle,West,140,8,2.00,0.25,0.0541
2026-05-31 03:05:35,brandimarte_mk15,LPT_MMUR,43,40766.69,5,RowAisle1_Seg1,RowAisle,West,140,92,23.00,0.25,0.3966
2026-05-31 03:05:35,brandimarte_mk15,LPT_MMUR,43,40766.69,6,RowAisle1_Seg2,RowAisle,West,140,0,0.00,0.00,0.0000
2026-05-31 03:05:35,brandimarte_mk15,LPT_MMUR,43,40766.69,7,RowAisle1_Seg3,RowAisle,West,140,0,0.00,0.00,0.0000
2026-05-31 03:05:35,brandimarte_mk15,LPT_MMUR,43,40766.69,8,RowAisle2_Seg0,RowAisle,East,22,0,0.00,0.00,0.0000
2026-05-31 03:05:35,brandimarte_mk15,LPT_MMUR,43,40766.69,9,RowAisle2_Seg1,RowAisle,East,22,0,0.00,0.00,0.0000
2026-05-31 03:05:35,brandimarte_mk15,LPT_MMUR,43,40766.69,10,RowAisle2_Seg2,RowAisle,East,22,0,0.00,0.00,0.0000
2026-05-31 03:05:35,brandimarte_mk15,LPT_MMUR,43,40766.69,11,RowAisle2_Seg3,RowAisle,East,22,0,0.00,0.00,0.0000
2026-05-31 03:05:35,brandimarte_mk15,LPT_MMUR,43,40766.69,12,TopSpine_Seg0,SpineAisle,East,30,0,0.00,0.00,0.0000
2026-05-31 03:05:35,brandimarte_mk15,LPT_MMUR,43,40766.69,13,TopSpine_Seg1,SpineAisle,East,30,0,0.00,0.00,0.0000
2026-05-31 03:05:35,brandimarte_mk15,LPT_MMUR,43,40766.69,14,TopSpine_Seg2,SpineAisle,East,30,0,0.00,0.00,0.0000
2026-05-31 03:05:35,brandimarte_mk15,LPT_MMUR,43,40766.69,15,TopSpine_Seg3,SpineAisle,East,30,0,0.00,0.00,0.0000
2026-05-31 03:05:35,brandimarte_mk15,LPT_MMUR,43,40766.69,16,TopSpine_Seg4,SpineAisle,East,30,0,0.00,0.00,0.0000
2026-05-31 03:05:35,brandimarte_mk15,LPT_MMUR,43,40766.69,17,BotSpine_Seg0,SpineAisle,West,334,0,0.00,0.00,0.0000
2026-05-31 03:05:35,brandimarte_mk15,LPT_MMUR,43,40766.69,18,BotSpine_Seg1,SpineAisle,West,335,0,0.00,0.00,0.0000
2026-05-31 03:05:35,brandimarte_mk15,LPT_MMUR,43,40766.69,19,BotSpine_Seg2,SpineAisle,West,335,0,0.00,0.00,0.0000
2026-05-31 03:05:35,brandimarte_mk15,LPT_MMUR,43,40766.69,20,BotSpine_Seg3,SpineAisle,West,335,0,0.00,0.00,0.0000
2026-05-31 03:05:35,brandimarte_mk15,LPT_MMUR,43,40766.69,21,BotSpine_Seg4,SpineAisle,West,335,0,0.00,0.00,0.0000
2026-05-31 03:05:35,brandimarte_mk15,LPT_MMUR,43,40766.69,22,LeftVert_TopConn,VerticalAisle,North,30,0,0.00,0.00,0.0000
2026-05-31 03:05:35,brandimarte_mk15,LPT_MMUR,43,40766.69,23,LeftVert_Row0,VerticalAisle,North,453,1190,297.50,0.25,0.7243
2026-05-31 03:05:35,brandimarte_mk15,LPT_MMUR,43,40766.69,24,LeftVert_Row1,VerticalAisle,North,453,527,131.75,0.25,0.5378
2026-05-31 03:05:35,brandimarte_mk15,LPT_MMUR,43,40766.69,25,LeftVert_Row2,VerticalAisle,North,335,65,16.25,0.25,0.1625
2026-05-31 03:05:35,brandimarte_mk15,LPT_MMUR,43,40766.69,26,LeftVert_BotConn,VerticalAisle,North,335,568,142.00,0.25,0.6290
2026-05-31 03:05:35,brandimarte_mk15,LPT_MMUR,43,40766.69,27,RightVert_TopConn,VerticalAisle,South,30,0,0.00,0.00,0.0000
2026-05-31 03:05:35,brandimarte_mk15,LPT_MMUR,43,40766.69,28,RightVert_Row0,VerticalAisle,South,453,9,2.25,0.25,0.0195
2026-05-31 03:05:35,brandimarte_mk15,LPT_MMUR,43,40766.69,29,RightVert_Row1,VerticalAisle,South,453,40,10.00,0.25,0.0811
2026-05-31 03:05:35,brandimarte_mk15,LPT_MMUR,43,40766.69,30,RightVert_Row2,VerticalAisle,South,335,23,5.75,0.25,0.0642
2026-05-31 03:05:35,brandimarte_mk15,LPT_MMUR,43,40766.69,31,RightVert_BotConn,VerticalAisle,South,335,23,5.75,0.25,0.0642
2026-05-31 03:22:28,brandimarte_mk15,LPT_MMUR,44,40766.69,0,RowAisle0_Seg0,RowAisle,East,423,600,150.00,0.25,0.5865
2026-05-31 03:22:28,brandimarte_mk15,LPT_MMUR,44,40766.69,1,RowAisle0_Seg1,RowAisle,East,423,275,68.75,0.25,0.3940
2026-05-31 03:22:28,brandimarte_mk15,LPT_MMUR,44,40766.69,2,RowAisle0_Seg2,RowAisle,East,423,233,58.25,0.25,0.3552
2026-05-31 03:22:28,brandimarte_mk15,LPT_MMUR,44,40766.69,3,RowAisle0_Seg3,RowAisle,East,423,16,4.00,0.25,0.0364
2026-05-31 03:22:28,brandimarte_mk15,LPT_MMUR,44,40766.69,4,RowAisle1_Seg0,RowAisle,West,140,8,2.00,0.25,0.0541
2026-05-31 03:22:28,brandimarte_mk15,LPT_MMUR,44,40766.69,5,RowAisle1_Seg1,RowAisle,West,140,92,23.00,0.25,0.3966
2026-05-31 03:22:28,brandimarte_mk15,LPT_MMUR,44,40766.69,6,RowAisle1_Seg2,RowAisle,West,140,0,0.00,0.00,0.0000
2026-05-31 03:22:28,brandimarte_mk15,LPT_MMUR,44,40766.69,7,RowAisle1_Seg3,RowAisle,West,140,0,0.00,0.00,0.0000
2026-05-31 03:22:28,brandimarte_mk15,LPT_MMUR,44,40766.69,8,RowAisle2_Seg0,RowAisle,East,22,0,0.00,0.00,0.0000
2026-05-31 03:22:28,brandimarte_mk15,LPT_MMUR,44,40766.69,9,RowAisle2_Seg1,RowAisle,East,22,0,0.00,0.00,0.0000
2026-05-31 03:22:28,brandimarte_mk15,LPT_MMUR,44,40766.69,10,RowAisle2_Seg2,RowAisle,East,22,0,0.00,0.00,0.0000
2026-05-31 03:22:28,brandimarte_mk15,LPT_MMUR,44,40766.69,11,RowAisle2_Seg3,RowAisle,East,22,0,0.00,0.00,0.0000
2026-05-31 03:22:28,brandimarte_mk15,LPT_MMUR,44,40766.69,12,TopSpine_Seg0,SpineAisle,East,30,0,0.00,0.00,0.0000
2026-05-31 03:22:28,brandimarte_mk15,LPT_MMUR,44,40766.69,13,TopSpine_Seg1,SpineAisle,East,30,0,0.00,0.00,0.0000
2026-05-31 03:22:28,brandimarte_mk15,LPT_MMUR,44,40766.69,14,TopSpine_Seg2,SpineAisle,East,30,0,0.00,0.00,0.0000
2026-05-31 03:22:28,brandimarte_mk15,LPT_MMUR,44,40766.69,15,TopSpine_Seg3,SpineAisle,East,30,0,0.00,0.00,0.0000
2026-05-31 03:22:28,brandimarte_mk15,LPT_MMUR,44,40766.69,16,TopSpine_Seg4,SpineAisle,East,30,0,0.00,0.00,0.0000
2026-05-31 03:22:28,brandimarte_mk15,LPT_MMUR,44,40766.69,17,BotSpine_Seg0,SpineAisle,West,334,0,0.00,0.00,0.0000
2026-05-31 03:22:28,brandimarte_mk15,LPT_MMUR,44,40766.69,18,BotSpine_Seg1,SpineAisle,West,335,0,0.00,0.00,0.0000
2026-05-31 03:22:28,brandimarte_mk15,LPT_MMUR,44,40766.69,19,BotSpine_Seg2,SpineAisle,West,335,0,0.00,0.00,0.0000
2026-05-31 03:22:28,brandimarte_mk15,LPT_MMUR,44,40766.69,20,BotSpine_Seg3,SpineAisle,West,335,0,0.00,0.00,0.0000
2026-05-31 03:22:28,brandimarte_mk15,LPT_MMUR,44,40766.69,21,BotSpine_Seg4,SpineAisle,West,335,0,0.00,0.00,0.0000
2026-05-31 03:22:28,brandimarte_mk15,LPT_MMUR,44,40766.69,22,LeftVert_TopConn,VerticalAisle,North,30,0,0.00,0.00,0.0000
2026-05-31 03:22:28,brandimarte_mk15,LPT_MMUR,44,40766.69,23,LeftVert_Row0,VerticalAisle,North,453,1192,298.00,0.25,0.7246
2026-05-31 03:22:28,brandimarte_mk15,LPT_MMUR,44,40766.69,24,LeftVert_Row1,VerticalAisle,North,453,532,133.00,0.25,0.5401
2026-05-31 03:22:28,brandimarte_mk15,LPT_MMUR,44,40766.69,25,LeftVert_Row2,VerticalAisle,North,335,65,16.25,0.25,0.1625
2026-05-31 03:22:28,brandimarte_mk15,LPT_MMUR,44,40766.69,26,LeftVert_BotConn,VerticalAisle,North,335,566,141.50,0.25,0.6282
2026-05-31 03:22:28,brandimarte_mk15,LPT_MMUR,44,40766.69,27,RightVert_TopConn,VerticalAisle,South,30,0,0.00,0.00,0.0000
2026-05-31 03:22:28,brandimarte_mk15,LPT_MMUR,44,40766.69,28,RightVert_Row0,VerticalAisle,South,453,9,2.25,0.25,0.0195
2026-05-31 03:22:28,brandimarte_mk15,LPT_MMUR,44,40766.69,29,RightVert_Row1,VerticalAisle,South,453,41,10.25,0.25,0.0830
2026-05-31 03:22:28,brandimarte_mk15,LPT_MMUR,44,40766.69,30,RightVert_Row2,VerticalAisle,South,335,23,5.75,0.25,0.0642
2026-05-31 03:22:28,brandimarte_mk15,LPT_MMUR,44,40766.69,31,RightVert_BotConn,VerticalAisle,South,335,22,5.50,0.25,0.0616
2026-05-30 23:03:32,brandimarte_mk01,LPT_SMPT,42,4120.52,0,RowAisle0_Seg0,RowAisle,East,83,42,10.92,0.26,0.3360
2026-05-30 23:03:32,brandimarte_mk01,LPT_SMPT,42,4120.52,1,RowAisle0_Seg1,RowAisle,East,83,62,16.12,0.26,0.4276
2026-05-30 23:03:32,brandimarte_mk01,LPT_SMPT,42,4120.52,2,RowAisle0_Seg2,RowAisle,East,83,3,0.78,0.26,0.0349
2026-05-30 23:03:32,brandimarte_mk01,LPT_SMPT,42,4120.52,3,TopSpine_Seg0,SpineAisle,East,10,0,0.00,0.00,0.0000
2026-05-30 23:03:32,brandimarte_mk01,LPT_SMPT,42,4120.52,4,TopSpine_Seg1,SpineAisle,East,10,0,0.00,0.00,0.0000
2026-05-30 23:03:32,brandimarte_mk01,LPT_SMPT,42,4120.52,5,TopSpine_Seg2,SpineAisle,East,10,0,0.00,0.00,0.0000
2026-05-30 23:03:32,brandimarte_mk01,LPT_SMPT,42,4120.52,6,TopSpine_Seg3,SpineAisle,East,10,0,0.00,0.00,0.0000
2026-05-30 23:03:32,brandimarte_mk01,LPT_SMPT,42,4120.52,7,BotSpine_Seg0,SpineAisle,West,93,0,0.00,0.00,0.0000
2026-05-30 23:03:32,brandimarte_mk01,LPT_SMPT,42,4120.52,8,BotSpine_Seg1,SpineAisle,West,93,0,0.00,0.00,0.0000
2026-05-30 23:03:32,brandimarte_mk01,LPT_SMPT,42,4120.52,9,BotSpine_Seg2,SpineAisle,West,93,0,0.00,0.00,0.0000
2026-05-30 23:03:32,brandimarte_mk01,LPT_SMPT,42,4120.52,10,BotSpine_Seg3,SpineAisle,West,93,0,0.00,0.00,0.0000
2026-05-30 23:03:32,brandimarte_mk01,LPT_SMPT,42,4120.52,11,LeftVert_TopConn,VerticalAisle,North,10,0,0.00,0.00,0.0000
2026-05-30 23:03:32,brandimarte_mk01,LPT_SMPT,42,4120.52,12,LeftVert_Row0,VerticalAisle,North,93,804,209.04,0.26,0.8963
2026-05-30 23:03:32,brandimarte_mk01,LPT_SMPT,42,4120.52,13,LeftVert_BotConn,VerticalAisle,North,93,556,144.56,0.26,0.8567
2026-05-30 23:03:32,brandimarte_mk01,LPT_SMPT,42,4120.52,14,RightVert_TopConn,VerticalAisle,South,10,0,0.00,0.00,0.0000
2026-05-30 23:03:32,brandimarte_mk01,LPT_SMPT,42,4120.52,15,RightVert_Row0,VerticalAisle,South,93,7,1.82,0.26,0.0700
2026-05-30 23:03:32,brandimarte_mk01,LPT_SMPT,42,4120.52,16,RightVert_BotConn,VerticalAisle,South,93,8,2.08,0.26,0.0792
2026-05-30 23:05:17,brandimarte_mk01,LPT_SMPT,43,4233.33,0,RowAisle0_Seg0,RowAisle,East,83,42,10.92,0.26,0.3360
2026-05-30 23:05:17,brandimarte_mk01,LPT_SMPT,43,4233.33,1,RowAisle0_Seg1,RowAisle,East,83,49,12.74,0.26,0.3712
2026-05-30 23:05:17,brandimarte_mk01,LPT_SMPT,43,4233.33,2,RowAisle0_Seg2,RowAisle,East,83,3,0.78,0.26,0.0349
2026-05-30 23:05:17,brandimarte_mk01,LPT_SMPT,43,4233.33,3,TopSpine_Seg0,SpineAisle,East,10,0,0.00,0.00,0.0000
2026-05-30 23:05:17,brandimarte_mk01,LPT_SMPT,43,4233.33,4,TopSpine_Seg1,SpineAisle,East,10,0,0.00,0.00,0.0000
2026-05-30 23:05:17,brandimarte_mk01,LPT_SMPT,43,4233.33,5,TopSpine_Seg2,SpineAisle,East,10,0,0.00,0.00,0.0000
2026-05-30 23:05:17,brandimarte_mk01,LPT_SMPT,43,4233.33,6,TopSpine_Seg3,SpineAisle,East,10,0,0.00,0.00,0.0000
2026-05-30 23:05:17,brandimarte_mk01,LPT_SMPT,43,4233.33,7,BotSpine_Seg0,SpineAisle,West,93,0,0.00,0.00,0.0000
2026-05-30 23:05:17,brandimarte_mk01,LPT_SMPT,43,4233.33,8,BotSpine_Seg1,SpineAisle,West,93,0,0.00,0.00,0.0000
2026-05-30 23:05:17,brandimarte_mk01,LPT_SMPT,43,4233.33,9,BotSpine_Seg2,SpineAisle,West,93,0,0.00,0.00,0.0000
2026-05-30 23:05:17,brandimarte_mk01,LPT_SMPT,43,4233.33,10,BotSpine_Seg3,SpineAisle,West,93,0,0.00,0.00,0.0000
2026-05-30 23:05:17,brandimarte_mk01,LPT_SMPT,43,4233.33,11,LeftVert_TopConn,VerticalAisle,North,10,0,0.00,0.00,0.0000
2026-05-30 23:05:17,brandimarte_mk01,LPT_SMPT,43,4233.33,12,LeftVert_Row0,VerticalAisle,North,93,805,209.30,0.26,0.8964
2026-05-30 23:05:17,brandimarte_mk01,LPT_SMPT,43,4233.33,13,LeftVert_BotConn,VerticalAisle,North,93,550,143.00,0.26,0.8554
2026-05-30 23:05:17,brandimarte_mk01,LPT_SMPT,43,4233.33,14,RightVert_TopConn,VerticalAisle,South,10,0,0.00,0.00,0.0000
2026-05-30 23:05:17,brandimarte_mk01,LPT_SMPT,43,4233.33,15,RightVert_Row0,VerticalAisle,South,93,0,0.00,0.00,0.0000
2026-05-30 23:05:17,brandimarte_mk01,LPT_SMPT,43,4233.33,16,RightVert_BotConn,VerticalAisle,South,93,2,0.52,0.26,0.0211
2026-05-30 23:07:02,brandimarte_mk01,LPT_SMPT,44,4233.33,0,RowAisle0_Seg0,RowAisle,East,83,41,10.66,0.26,0.3306
2026-05-30 23:07:02,brandimarte_mk01,LPT_SMPT,44,4233.33,1,RowAisle0_Seg1,RowAisle,East,83,49,12.74,0.26,0.3712
2026-05-30 23:07:02,brandimarte_mk01,LPT_SMPT,44,4233.33,2,RowAisle0_Seg2,RowAisle,East,83,2,0.52,0.26,0.0235
2026-05-30 23:07:02,brandimarte_mk01,LPT_SMPT,44,4233.33,3,TopSpine_Seg0,SpineAisle,East,10,0,0.00,0.00,0.0000
2026-05-30 23:07:02,brandimarte_mk01,LPT_SMPT,44,4233.33,4,TopSpine_Seg1,SpineAisle,East,10,0,0.00,0.00,0.0000
2026-05-30 23:07:02,brandimarte_mk01,LPT_SMPT,44,4233.33,5,TopSpine_Seg2,SpineAisle,East,10,0,0.00,0.00,0.0000
2026-05-30 23:07:02,brandimarte_mk01,LPT_SMPT,44,4233.33,6,TopSpine_Seg3,SpineAisle,East,10,0,0.00,0.00,0.0000
2026-05-30 23:07:02,brandimarte_mk01,LPT_SMPT,44,4233.33,7,BotSpine_Seg0,SpineAisle,West,93,0,0.00,0.00,0.0000
2026-05-30 23:07:02,brandimarte_mk01,LPT_SMPT,44,4233.33,8,BotSpine_Seg1,SpineAisle,West,93,0,0.00,0.00,0.0000
2026-05-30 23:07:02,brandimarte_mk01,LPT_SMPT,44,4233.33,9,BotSpine_Seg2,SpineAisle,West,93,0,0.00,0.00,0.0000
2026-05-30 23:07:02,brandimarte_mk01,LPT_SMPT,44,4233.33,10,BotSpine_Seg3,SpineAisle,West,93,0,0.00,0.00,0.0000
2026-05-30 23:07:02,brandimarte_mk01,LPT_SMPT,44,4233.33,11,LeftVert_TopConn,VerticalAisle,North,10,0,0.00,0.00,0.0000
2026-05-30 23:07:02,brandimarte_mk01,LPT_SMPT,44,4233.33,12,LeftVert_Row0,VerticalAisle,North,93,805,209.30,0.26,0.8964
2026-05-30 23:07:02,brandimarte_mk01,LPT_SMPT,44,4233.33,13,LeftVert_BotConn,VerticalAisle,North,93,550,143.00,0.26,0.8554
2026-05-30 23:07:02,brandimarte_mk01,LPT_SMPT,44,4233.33,14,RightVert_TopConn,VerticalAisle,South,10,0,0.00,0.00,0.0000
2026-05-30 23:07:02,brandimarte_mk01,LPT_SMPT,44,4233.33,15,RightVert_Row0,VerticalAisle,South,93,0,0.00,0.00,0.0000
2026-05-30 23:07:02,brandimarte_mk01,LPT_SMPT,44,4233.33,16,RightVert_BotConn,VerticalAisle,South,93,2,0.52,0.26,0.0211
2026-05-30 23:11:54,brandimarte_mk03,LPT_SMPT,42,11633.33,0,RowAisle0_Seg0,RowAisle,East,256,247,64.21,0.26,0.4911
2026-05-30 23:11:54,brandimarte_mk03,LPT_SMPT,42,11633.33,1,RowAisle0_Seg1,RowAisle,East,256,233,60.58,0.26,0.4765
2026-05-30 23:11:54,brandimarte_mk03,LPT_SMPT,42,11633.33,2,RowAisle0_Seg2,RowAisle,East,256,131,34.06,0.26,0.3385
2026-05-30 23:11:54,brandimarte_mk03,LPT_SMPT,42,11633.33,3,RowAisle1_Seg0,RowAisle,West,106,95,24.70,0.26,0.4726
2026-05-30 23:11:54,brandimarte_mk03,LPT_SMPT,42,11633.33,4,RowAisle1_Seg1,RowAisle,West,106,57,14.82,0.26,0.3497
2026-05-30 23:11:54,brandimarte_mk03,LPT_SMPT,42,11633.33,5,RowAisle1_Seg2,RowAisle,West,106,886,230.36,0.26,0.8931
2026-05-30 23:11:54,brandimarte_mk03,LPT_SMPT,42,11633.33,6,TopSpine_Seg0,SpineAisle,East,15,0,0.00,0.00,0.0000
2026-05-30 23:11:54,brandimarte_mk03,LPT_SMPT,42,11633.33,7,TopSpine_Seg1,SpineAisle,East,15,0,0.00,0.00,0.0000
2026-05-30 23:11:54,brandimarte_mk03,LPT_SMPT,42,11633.33,8,TopSpine_Seg2,SpineAisle,East,15,0,0.00,0.00,0.0000
2026-05-30 23:11:54,brandimarte_mk03,LPT_SMPT,42,11633.33,9,TopSpine_Seg3,SpineAisle,East,15,0,0.00,0.00,0.0000
2026-05-30 23:11:54,brandimarte_mk03,LPT_SMPT,42,11633.33,10,BotSpine_Seg0,SpineAisle,West,165,0,0.00,0.00,0.0000
2026-05-30 23:11:54,brandimarte_mk03,LPT_SMPT,42,11633.33,11,BotSpine_Seg1,SpineAisle,West,165,0,0.00,0.00,0.0000
2026-05-30 23:11:54,brandimarte_mk03,LPT_SMPT,42,11633.33,12,BotSpine_Seg2,SpineAisle,West,165,0,0.00,0.00,0.0000
2026-05-30 23:11:54,brandimarte_mk03,LPT_SMPT,42,11633.33,13,BotSpine_Seg3,SpineAisle,West,165,0,0.00,0.00,0.0000
2026-05-30 23:11:54,brandimarte_mk03,LPT_SMPT,42,11633.33,14,LeftVert_TopConn,VerticalAisle,North,15,0,0.00,0.00,0.0000
2026-05-30 23:11:54,brandimarte_mk03,LPT_SMPT,42,11633.33,15,LeftVert_Row0,VerticalAisle,North,271,2838,737.88,0.26,0.9128
2026-05-30 23:11:54,brandimarte_mk03,LPT_SMPT,42,11633.33,16,LeftVert_Row1,VerticalAisle,North,271,462,120.12,0.26,0.6303
2026-05-30 23:11:54,brandimarte_mk03,LPT_SMPT,42,11633.33,17,LeftVert_BotConn,VerticalAisle,North,165,2043,531.18,0.26,0.9253
2026-05-30 23:11:54,brandimarte_mk03,LPT_SMPT,42,11633.33,18,RightVert_TopConn,VerticalAisle,South,15,0,0.00,0.00,0.0000
2026-05-30 23:11:54,brandimarte_mk03,LPT_SMPT,42,11633.33,19,RightVert_Row0,VerticalAisle,South,271,340,88.39,0.26,0.5565
2026-05-30 23:11:54,brandimarte_mk03,LPT_SMPT,42,11633.33,20,RightVert_Row1,VerticalAisle,South,271,100,26.00,0.26,0.2695
2026-05-30 23:11:54,brandimarte_mk03,LPT_SMPT,42,11633.33,21,RightVert_BotConn,VerticalAisle,South,165,0,0.00,0.00,0.0000
2026-05-30 23:16:46,brandimarte_mk03,LPT_SMPT,43,11633.33,0,RowAisle0_Seg0,RowAisle,East,256,247,64.21,0.26,0.4911
2026-05-30 23:16:46,brandimarte_mk03,LPT_SMPT,43,11633.33,1,RowAisle0_Seg1,RowAisle,East,256,233,60.59,0.26,0.4765
2026-05-30 23:16:46,brandimarte_mk03,LPT_SMPT,43,11633.33,2,RowAisle0_Seg2,RowAisle,East,256,132,34.32,0.26,0.3402
2026-05-30 23:16:46,brandimarte_mk03,LPT_SMPT,43,11633.33,3,RowAisle1_Seg0,RowAisle,West,106,97,25.22,0.26,0.4778
2026-05-30 23:16:46,brandimarte_mk03,LPT_SMPT,43,11633.33,4,RowAisle1_Seg1,RowAisle,West,106,56,14.56,0.26,0.3457
2026-05-30 23:16:46,brandimarte_mk03,LPT_SMPT,43,11633.33,5,RowAisle1_Seg2,RowAisle,West,106,886,230.36,0.26,0.8931
2026-05-30 23:16:46,brandimarte_mk03,LPT_SMPT,43,11633.33,6,TopSpine_Seg0,SpineAisle,East,15,0,0.00,0.00,0.0000
2026-05-30 23:16:46,brandimarte_mk03,LPT_SMPT,43,11633.33,7,TopSpine_Seg1,SpineAisle,East,15,0,0.00,0.00,0.0000
2026-05-30 23:16:46,brandimarte_mk03,LPT_SMPT,43,11633.33,8,TopSpine_Seg2,SpineAisle,East,15,0,0.00,0.00,0.0000
2026-05-30 23:16:46,brandimarte_mk03,LPT_SMPT,43,11633.33,9,TopSpine_Seg3,SpineAisle,East,15,0,0.00,0.00,0.0000
2026-05-30 23:16:46,brandimarte_mk03,LPT_SMPT,43,11633.33,10,BotSpine_Seg0,SpineAisle,West,165,0,0.00,0.00,0.0000
2026-05-30 23:16:46,brandimarte_mk03,LPT_SMPT,43,11633.33,11,BotSpine_Seg1,SpineAisle,West,165,0,0.00,0.00,0.0000
2026-05-30 23:16:46,brandimarte_mk03,LPT_SMPT,43,11633.33,12,BotSpine_Seg2,SpineAisle,West,165,0,0.00,0.00,0.0000
2026-05-30 23:16:46,brandimarte_mk03,LPT_SMPT,43,11633.33,13,BotSpine_Seg3,SpineAisle,West,165,0,0.00,0.00,0.0000
2026-05-30 23:16:46,brandimarte_mk03,LPT_SMPT,43,11633.33,14,LeftVert_TopConn,VerticalAisle,North,15,0,0.00,0.00,0.0000
2026-05-30 23:16:46,brandimarte_mk03,LPT_SMPT,43,11633.33,15,LeftVert_Row0,VerticalAisle,North,271,2836,737.37,0.26,0.9128
2026-05-30 23:16:46,brandimarte_mk03,LPT_SMPT,43,11633.33,16,LeftVert_Row1,VerticalAisle,North,271,462,120.13,0.26,0.6303
2026-05-30 23:16:46,brandimarte_mk03,LPT_SMPT,43,11633.33,17,LeftVert_BotConn,VerticalAisle,North,165,2042,530.92,0.26,0.9252
2026-05-30 23:16:46,brandimarte_mk03,LPT_SMPT,43,11633.33,18,RightVert_TopConn,VerticalAisle,South,15,0,0.00,0.00,0.0000
2026-05-30 23:16:46,brandimarte_mk03,LPT_SMPT,43,11633.33,19,RightVert_Row0,VerticalAisle,South,271,340,88.40,0.26,0.5565
2026-05-30 23:16:46,brandimarte_mk03,LPT_SMPT,43,11633.33,20,RightVert_Row1,VerticalAisle,South,271,100,25.99,0.26,0.2695
2026-05-30 23:16:46,brandimarte_mk03,LPT_SMPT,43,11633.33,21,RightVert_BotConn,VerticalAisle,South,165,0,0.00,0.00,0.0000
2026-05-30 23:21:37,brandimarte_mk03,LPT_SMPT,44,11633.33,0,RowAisle0_Seg0,RowAisle,East,256,247,64.21,0.26,0.4911
2026-05-30 23:21:37,brandimarte_mk03,LPT_SMPT,44,11633.33,1,RowAisle0_Seg1,RowAisle,East,256,233,60.58,0.26,0.4765
2026-05-30 23:21:37,brandimarte_mk03,LPT_SMPT,44,11633.33,2,RowAisle0_Seg2,RowAisle,East,256,130,33.80,0.26,0.3368
2026-05-30 23:21:37,brandimarte_mk03,LPT_SMPT,44,11633.33,3,RowAisle1_Seg0,RowAisle,West,106,95,24.71,0.26,0.4726
2026-05-30 23:21:37,brandimarte_mk03,LPT_SMPT,44,11633.33,4,RowAisle1_Seg1,RowAisle,West,106,56,14.56,0.26,0.3457
2026-05-30 23:21:37,brandimarte_mk03,LPT_SMPT,44,11633.33,5,RowAisle1_Seg2,RowAisle,West,106,886,230.37,0.26,0.8931
2026-05-30 23:21:37,brandimarte_mk03,LPT_SMPT,44,11633.33,6,TopSpine_Seg0,SpineAisle,East,15,0,0.00,0.00,0.0000
2026-05-30 23:21:37,brandimarte_mk03,LPT_SMPT,44,11633.33,7,TopSpine_Seg1,SpineAisle,East,15,0,0.00,0.00,0.0000
2026-05-30 23:21:37,brandimarte_mk03,LPT_SMPT,44,11633.33,8,TopSpine_Seg2,SpineAisle,East,15,0,0.00,0.00,0.0000
2026-05-30 23:21:37,brandimarte_mk03,LPT_SMPT,44,11633.33,9,TopSpine_Seg3,SpineAisle,East,15,0,0.00,0.00,0.0000
2026-05-30 23:21:37,brandimarte_mk03,LPT_SMPT,44,11633.33,10,BotSpine_Seg0,SpineAisle,West,165,0,0.00,0.00,0.0000
2026-05-30 23:21:37,brandimarte_mk03,LPT_SMPT,44,11633.33,11,BotSpine_Seg1,SpineAisle,West,165,0,0.00,0.00,0.0000
2026-05-30 23:21:37,brandimarte_mk03,LPT_SMPT,44,11633.33,12,BotSpine_Seg2,SpineAisle,West,165,0,0.00,0.00,0.0000
2026-05-30 23:21:37,brandimarte_mk03,LPT_SMPT,44,11633.33,13,BotSpine_Seg3,SpineAisle,West,165,0,0.00,0.00,0.0000
2026-05-30 23:21:37,brandimarte_mk03,LPT_SMPT,44,11633.33,14,LeftVert_TopConn,VerticalAisle,North,15,0,0.00,0.00,0.0000
2026-05-30 23:21:37,brandimarte_mk03,LPT_SMPT,44,11633.33,15,LeftVert_Row0,VerticalAisle,North,271,2838,737.86,0.26,0.9128
2026-05-30 23:21:37,brandimarte_mk03,LPT_SMPT,44,11633.33,16,LeftVert_Row1,VerticalAisle,North,271,461,119.87,0.26,0.6298
2026-05-30 23:21:37,brandimarte_mk03,LPT_SMPT,44,11633.33,17,LeftVert_BotConn,VerticalAisle,North,165,2043,531.19,0.26,0.9253
2026-05-30 23:21:37,brandimarte_mk03,LPT_SMPT,44,11633.33,18,RightVert_TopConn,VerticalAisle,South,15,0,0.00,0.00,0.0000
2026-05-30 23:21:37,brandimarte_mk03,LPT_SMPT,44,11633.33,19,RightVert_Row0,VerticalAisle,South,271,340,88.41,0.26,0.5565
2026-05-30 23:21:37,brandimarte_mk03,LPT_SMPT,44,11633.33,20,RightVert_Row1,VerticalAisle,South,271,99,25.74,0.26,0.2676
2026-05-30 23:21:37,brandimarte_mk03,LPT_SMPT,44,11633.33,21,RightVert_BotConn,VerticalAisle,South,165,0,0.00,0.00,0.0000
2026-05-30 23:24:32,brandimarte_mk04,LPT_SMPT,42,7000.00,0,RowAisle0_Seg0,RowAisle,East,149,397,103.22,0.26,0.7271
2026-05-30 23:24:32,brandimarte_mk04,LPT_SMPT,42,7000.00,1,RowAisle0_Seg1,RowAisle,East,149,24,6.23,0.26,0.1387
2026-05-30 23:24:32,brandimarte_mk04,LPT_SMPT,42,7000.00,2,RowAisle0_Seg2,RowAisle,East,149,5,1.30,0.26,0.0325
2026-05-30 23:24:32,brandimarte_mk04,LPT_SMPT,42,7000.00,3,RowAisle1_Seg0,RowAisle,West,59,20,5.20,0.26,0.2532
2026-05-30 23:24:32,brandimarte_mk04,LPT_SMPT,42,7000.00,4,RowAisle1_Seg1,RowAisle,West,59,40,10.40,0.26,0.4040
2026-05-30 23:24:32,brandimarte_mk04,LPT_SMPT,42,7000.00,5,RowAisle1_Seg2,RowAisle,West,59,0,0.00,0.00,0.0000
2026-05-30 23:24:32,brandimarte_mk04,LPT_SMPT,42,7000.00,6,TopSpine_Seg0,SpineAisle,East,15,0,0.00,0.00,0.0000
2026-05-30 23:24:32,brandimarte_mk04,LPT_SMPT,42,7000.00,7,TopSpine_Seg1,SpineAisle,East,15,0,0.00,0.00,0.0000
2026-05-30 23:24:32,brandimarte_mk04,LPT_SMPT,42,7000.00,8,TopSpine_Seg2,SpineAisle,East,15,0,0.00,0.00,0.0000
2026-05-30 23:24:32,brandimarte_mk04,LPT_SMPT,42,7000.00,9,TopSpine_Seg3,SpineAisle,East,15,0,0.00,0.00,0.0000
2026-05-30 23:24:32,brandimarte_mk04,LPT_SMPT,42,7000.00,10,BotSpine_Seg0,SpineAisle,West,105,0,0.00,0.00,0.0000
2026-05-30 23:24:32,brandimarte_mk04,LPT_SMPT,42,7000.00,11,BotSpine_Seg1,SpineAisle,West,105,0,0.00,0.00,0.0000
2026-05-30 23:24:32,brandimarte_mk04,LPT_SMPT,42,7000.00,12,BotSpine_Seg2,SpineAisle,West,105,0,0.00,0.00,0.0000
2026-05-30 23:24:32,brandimarte_mk04,LPT_SMPT,42,7000.00,13,BotSpine_Seg3,SpineAisle,West,105,0,0.00,0.00,0.0000
2026-05-30 23:24:32,brandimarte_mk04,LPT_SMPT,42,7000.00,14,LeftVert_TopConn,VerticalAisle,North,15,0,0.00,0.00,0.0000
2026-05-30 23:24:32,brandimarte_mk04,LPT_SMPT,42,7000.00,15,LeftVert_Row0,VerticalAisle,North,164,655,170.30,0.26,0.7998
2026-05-30 23:24:32,brandimarte_mk04,LPT_SMPT,42,7000.00,16,LeftVert_Row1,VerticalAisle,North,164,152,39.52,0.26,0.4810
2026-05-30 23:24:32,brandimarte_mk04,LPT_SMPT,42,7000.00,17,LeftVert_BotConn,VerticalAisle,North,105,321,83.46,0.26,0.7535
2026-05-30 23:24:32,brandimarte_mk04,LPT_SMPT,42,7000.00,18,RightVert_TopConn,VerticalAisle,South,15,0,0.00,0.00,0.0000
2026-05-30 23:24:32,brandimarte_mk04,LPT_SMPT,42,7000.00,19,RightVert_Row0,VerticalAisle,South,164,0,0.00,0.00,0.0000
2026-05-30 23:24:32,brandimarte_mk04,LPT_SMPT,42,7000.00,20,RightVert_Row1,VerticalAisle,South,164,0,0.00,0.00,0.0000
2026-05-30 23:24:32,brandimarte_mk04,LPT_SMPT,42,7000.00,21,RightVert_BotConn,VerticalAisle,South,105,4,1.04,0.26,0.0367
2026-05-30 23:27:27,brandimarte_mk04,LPT_SMPT,43,7000.00,0,RowAisle0_Seg0,RowAisle,East,149,397,103.22,0.26,0.7271
2026-05-30 23:27:27,brandimarte_mk04,LPT_SMPT,43,7000.00,1,RowAisle0_Seg1,RowAisle,East,149,24,6.24,0.26,0.1387
2026-05-30 23:27:27,brandimarte_mk04,LPT_SMPT,43,7000.00,2,RowAisle0_Seg2,RowAisle,East,149,5,1.30,0.26,0.0325
2026-05-30 23:27:27,brandimarte_mk04,LPT_SMPT,43,7000.00,3,RowAisle1_Seg0,RowAisle,West,59,20,5.20,0.26,0.2532
2026-05-30 23:27:27,brandimarte_mk04,LPT_SMPT,43,7000.00,4,RowAisle1_Seg1,RowAisle,West,59,40,10.40,0.26,0.4040
2026-05-30 23:27:27,brandimarte_mk04,LPT_SMPT,43,7000.00,5,RowAisle1_Seg2,RowAisle,West,59,0,0.00,0.00,0.0000
2026-05-30 23:27:27,brandimarte_mk04,LPT_SMPT,43,7000.00,6,TopSpine_Seg0,SpineAisle,East,15,0,0.00,0.00,0.0000
2026-05-30 23:27:27,brandimarte_mk04,LPT_SMPT,43,7000.00,7,TopSpine_Seg1,SpineAisle,East,15,0,0.00,0.00,0.0000
2026-05-30 23:27:27,brandimarte_mk04,LPT_SMPT,43,7000.00,8,TopSpine_Seg2,SpineAisle,East,15,0,0.00,0.00,0.0000
2026-05-30 23:27:27,brandimarte_mk04,LPT_SMPT,43,7000.00,9,TopSpine_Seg3,SpineAisle,East,15,0,0.00,0.00,0.0000
2026-05-30 23:27:27,brandimarte_mk04,LPT_SMPT,43,7000.00,10,BotSpine_Seg0,SpineAisle,West,105,0,0.00,0.00,0.0000
2026-05-30 23:27:27,brandimarte_mk04,LPT_SMPT,43,7000.00,11,BotSpine_Seg1,SpineAisle,West,105,0,0.00,0.00,0.0000
2026-05-30 23:27:27,brandimarte_mk04,LPT_SMPT,43,7000.00,12,BotSpine_Seg2,SpineAisle,West,105,0,0.00,0.00,0.0000
2026-05-30 23:27:27,brandimarte_mk04,LPT_SMPT,43,7000.00,13,BotSpine_Seg3,SpineAisle,West,105,0,0.00,0.00,0.0000
2026-05-30 23:27:27,brandimarte_mk04,LPT_SMPT,43,7000.00,14,LeftVert_TopConn,VerticalAisle,North,15,0,0.00,0.00,0.0000
2026-05-30 23:27:27,brandimarte_mk04,LPT_SMPT,43,7000.00,15,LeftVert_Row0,VerticalAisle,North,164,654,170.04,0.26,0.7995
2026-05-30 23:27:27,brandimarte_mk04,LPT_SMPT,43,7000.00,16,LeftVert_Row1,VerticalAisle,North,164,152,39.53,0.26,0.4810
2026-05-30 23:27:27,brandimarte_mk04,LPT_SMPT,43,7000.00,17,LeftVert_BotConn,VerticalAisle,North,105,321,83.45,0.26,0.7535
2026-05-30 23:27:27,brandimarte_mk04,LPT_SMPT,43,7000.00,18,RightVert_TopConn,VerticalAisle,South,15,0,0.00,0.00,0.0000
2026-05-30 23:27:27,brandimarte_mk04,LPT_SMPT,43,7000.00,19,RightVert_Row0,VerticalAisle,South,164,0,0.00,0.00,0.0000
2026-05-30 23:27:27,brandimarte_mk04,LPT_SMPT,43,7000.00,20,RightVert_Row1,VerticalAisle,South,164,0,0.00,0.00,0.0000
2026-05-30 23:27:27,brandimarte_mk04,LPT_SMPT,43,7000.00,21,RightVert_BotConn,VerticalAisle,South,105,4,1.04,0.26,0.0367
2026-05-30 23:30:22,brandimarte_mk04,LPT_SMPT,44,7000.00,0,RowAisle0_Seg0,RowAisle,East,149,398,103.48,0.26,0.7276
2026-05-30 23:30:22,brandimarte_mk04,LPT_SMPT,44,7000.00,1,RowAisle0_Seg1,RowAisle,East,149,24,6.24,0.26,0.1387
2026-05-30 23:30:22,brandimarte_mk04,LPT_SMPT,44,7000.00,2,RowAisle0_Seg2,RowAisle,East,149,5,1.30,0.26,0.0325
2026-05-30 23:30:22,brandimarte_mk04,LPT_SMPT,44,7000.00,3,RowAisle1_Seg0,RowAisle,West,59,19,4.94,0.26,0.2436
2026-05-30 23:30:22,brandimarte_mk04,LPT_SMPT,44,7000.00,4,RowAisle1_Seg1,RowAisle,West,59,40,10.40,0.26,0.4040
2026-05-30 23:30:22,brandimarte_mk04,LPT_SMPT,44,7000.00,5,RowAisle1_Seg2,RowAisle,West,59,0,0.00,0.00,0.0000
2026-05-30 23:30:22,brandimarte_mk04,LPT_SMPT,44,7000.00,6,TopSpine_Seg0,SpineAisle,East,15,0,0.00,0.00,0.0000
2026-05-30 23:30:22,brandimarte_mk04,LPT_SMPT,44,7000.00,7,TopSpine_Seg1,SpineAisle,East,15,0,0.00,0.00,0.0000
2026-05-30 23:30:22,brandimarte_mk04,LPT_SMPT,44,7000.00,8,TopSpine_Seg2,SpineAisle,East,15,0,0.00,0.00,0.0000
2026-05-30 23:30:22,brandimarte_mk04,LPT_SMPT,44,7000.00,9,TopSpine_Seg3,SpineAisle,East,15,0,0.00,0.00,0.0000
2026-05-30 23:30:22,brandimarte_mk04,LPT_SMPT,44,7000.00,10,BotSpine_Seg0,SpineAisle,West,105,0,0.00,0.00,0.0000
2026-05-30 23:30:22,brandimarte_mk04,LPT_SMPT,44,7000.00,11,BotSpine_Seg1,SpineAisle,West,105,0,0.00,0.00,0.0000
2026-05-30 23:30:22,brandimarte_mk04,LPT_SMPT,44,7000.00,12,BotSpine_Seg2,SpineAisle,West,105,0,0.00,0.00,0.0000
2026-05-30 23:30:22,brandimarte_mk04,LPT_SMPT,44,7000.00,13,BotSpine_Seg3,SpineAisle,West,105,0,0.00,0.00,0.0000
2026-05-30 23:30:22,brandimarte_mk04,LPT_SMPT,44,7000.00,14,LeftVert_TopConn,VerticalAisle,North,15,0,0.00,0.00,0.0000
2026-05-30 23:30:22,brandimarte_mk04,LPT_SMPT,44,7000.00,15,LeftVert_Row0,VerticalAisle,North,164,654,170.05,0.26,0.7995
2026-05-30 23:30:22,brandimarte_mk04,LPT_SMPT,44,7000.00,16,LeftVert_Row1,VerticalAisle,North,164,152,39.52,0.26,0.4810
2026-05-30 23:30:22,brandimarte_mk04,LPT_SMPT,44,7000.00,17,LeftVert_BotConn,VerticalAisle,North,105,321,83.46,0.26,0.7535
2026-05-30 23:30:22,brandimarte_mk04,LPT_SMPT,44,7000.00,18,RightVert_TopConn,VerticalAisle,South,15,0,0.00,0.00,0.0000
2026-05-30 23:30:22,brandimarte_mk04,LPT_SMPT,44,7000.00,19,RightVert_Row0,VerticalAisle,South,164,0,0.00,0.00,0.0000
2026-05-30 23:30:22,brandimarte_mk04,LPT_SMPT,44,7000.00,20,RightVert_Row1,VerticalAisle,South,164,0,0.00,0.00,0.0000
2026-05-30 23:30:22,brandimarte_mk04,LPT_SMPT,44,7000.00,21,RightVert_BotConn,VerticalAisle,South,105,4,1.05,0.26,0.0367
2026-05-30 23:34:54,brandimarte_mk06,LPT_SMPT,42,10833.34,0,RowAisle0_Seg0,RowAisle,East,257,0,0.00,0.00,0.0000
2026-05-30 23:34:54,brandimarte_mk06,LPT_SMPT,42,10833.34,1,RowAisle0_Seg1,RowAisle,East,257,1226,318.77,0.26,0.8267
2026-05-30 23:34:54,brandimarte_mk06,LPT_SMPT,42,10833.34,2,RowAisle0_Seg2,RowAisle,East,257,0,0.00,0.00,0.0000
2026-05-30 23:34:54,brandimarte_mk06,LPT_SMPT,42,10833.34,3,RowAisle0_Seg3,RowAisle,East,257,0,0.00,0.00,0.0000
2026-05-30 23:34:54,brandimarte_mk06,LPT_SMPT,42,10833.34,4,RowAisle1_Seg0,RowAisle,West,107,10,2.60,0.26,0.0855
2026-05-30 23:34:54,brandimarte_mk06,LPT_SMPT,42,10833.34,5,RowAisle1_Seg1,RowAisle,West,107,19,4.95,0.26,0.1508
2026-05-30 23:34:54,brandimarte_mk06,LPT_SMPT,42,10833.34,6,RowAisle1_Seg2,RowAisle,West,107,117,30.43,0.26,0.5223
2026-05-30 23:34:54,brandimarte_mk06,LPT_SMPT,42,10833.34,7,RowAisle1_Seg3,RowAisle,West,107,0,0.00,0.00,0.0000
2026-05-30 23:34:54,brandimarte_mk06,LPT_SMPT,42,10833.34,8,TopSpine_Seg0,SpineAisle,East,10,0,0.00,0.00,0.0000
2026-05-30 23:34:54,brandimarte_mk06,LPT_SMPT,42,10833.34,9,TopSpine_Seg1,SpineAisle,East,10,0,0.00,0.00,0.0000
2026-05-30 23:34:54,brandimarte_mk06,LPT_SMPT,42,10833.34,10,TopSpine_Seg2,SpineAisle,East,10,0,0.00,0.00,0.0000
2026-05-30 23:34:54,brandimarte_mk06,LPT_SMPT,42,10833.34,11,TopSpine_Seg3,SpineAisle,East,10,0,0.00,0.00,0.0000
2026-05-30 23:34:54,brandimarte_mk06,LPT_SMPT,42,10833.34,12,TopSpine_Seg4,SpineAisle,East,10,0,0.00,0.00,0.0000
2026-05-30 23:34:54,brandimarte_mk06,LPT_SMPT,42,10833.34,13,BotSpine_Seg0,SpineAisle,West,160,0,0.00,0.00,0.0000
2026-05-30 23:34:54,brandimarte_mk06,LPT_SMPT,42,10833.34,14,BotSpine_Seg1,SpineAisle,West,160,0,0.00,0.00,0.0000
2026-05-30 23:34:54,brandimarte_mk06,LPT_SMPT,42,10833.34,15,BotSpine_Seg2,SpineAisle,West,160,0,0.00,0.00,0.0000
2026-05-30 23:34:54,brandimarte_mk06,LPT_SMPT,42,10833.34,16,BotSpine_Seg3,SpineAisle,West,160,0,0.00,0.00,0.0000
2026-05-30 23:34:54,brandimarte_mk06,LPT_SMPT,42,10833.34,17,BotSpine_Seg4,SpineAisle,West,160,0,0.00,0.00,0.0000
2026-05-30 23:34:54,brandimarte_mk06,LPT_SMPT,42,10833.34,18,LeftVert_TopConn,VerticalAisle,North,10,0,0.00,0.00,0.0000
2026-05-30 23:34:54,brandimarte_mk06,LPT_SMPT,42,10833.34,19,LeftVert_Row0,VerticalAisle,North,267,489,127.16,0.26,0.6468
2026-05-30 23:34:54,brandimarte_mk06,LPT_SMPT,42,10833.34,20,LeftVert_Row1,VerticalAisle,North,267,102,26.52,0.26,0.2764
2026-05-30 23:34:54,brandimarte_mk06,LPT_SMPT,42,10833.34,21,LeftVert_BotConn,VerticalAisle,North,160,465,120.90,0.26,0.7440
2026-05-30 23:34:54,brandimarte_mk06,LPT_SMPT,42,10833.34,22,RightVert_TopConn,VerticalAisle,South,10,0,0.00,0.00,0.0000
2026-05-30 23:34:54,brandimarte_mk06,LPT_SMPT,42,10833.34,23,RightVert_Row0,VerticalAisle,South,267,0,0.00,0.00,0.0000
2026-05-30 23:34:54,brandimarte_mk06,LPT_SMPT,42,10833.34,24,RightVert_Row1,VerticalAisle,South,267,17,4.44,0.26,0.0599
2026-05-30 23:34:54,brandimarte_mk06,LPT_SMPT,42,10833.34,25,RightVert_BotConn,VerticalAisle,South,160,0,0.00,0.00,0.0000
2026-05-30 23:39:23,brandimarte_mk06,LPT_SMPT,43,10833.34,0,RowAisle0_Seg0,RowAisle,East,257,0,0.00,0.00,0.0000
2026-05-30 23:39:23,brandimarte_mk06,LPT_SMPT,43,10833.34,1,RowAisle0_Seg1,RowAisle,East,257,1225,318.49,0.26,0.8266
2026-05-30 23:39:23,brandimarte_mk06,LPT_SMPT,43,10833.34,2,RowAisle0_Seg2,RowAisle,East,257,0,0.00,0.00,0.0000
2026-05-30 23:39:23,brandimarte_mk06,LPT_SMPT,43,10833.34,3,RowAisle0_Seg3,RowAisle,East,257,0,0.00,0.00,0.0000
2026-05-30 23:39:23,brandimarte_mk06,LPT_SMPT,43,10833.34,4,RowAisle1_Seg0,RowAisle,West,107,10,2.60,0.26,0.0855
2026-05-30 23:39:23,brandimarte_mk06,LPT_SMPT,43,10833.34,5,RowAisle1_Seg1,RowAisle,West,107,19,4.93,0.26,0.1508
2026-05-30 23:39:23,brandimarte_mk06,LPT_SMPT,43,10833.34,6,RowAisle1_Seg2,RowAisle,West,107,117,30.43,0.26,0.5223
2026-05-30 23:39:23,brandimarte_mk06,LPT_SMPT,43,10833.34,7,RowAisle1_Seg3,RowAisle,West,107,0,0.00,0.00,0.0000
2026-05-30 23:39:23,brandimarte_mk06,LPT_SMPT,43,10833.34,8,TopSpine_Seg0,SpineAisle,East,10,0,0.00,0.00,0.0000
2026-05-30 23:39:23,brandimarte_mk06,LPT_SMPT,43,10833.34,9,TopSpine_Seg1,SpineAisle,East,10,0,0.00,0.00,0.0000
2026-05-30 23:39:23,brandimarte_mk06,LPT_SMPT,43,10833.34,10,TopSpine_Seg2,SpineAisle,East,10,0,0.00,0.00,0.0000
2026-05-30 23:39:23,brandimarte_mk06,LPT_SMPT,43,10833.34,11,TopSpine_Seg3,SpineAisle,East,10,0,0.00,0.00,0.0000
2026-05-30 23:39:23,brandimarte_mk06,LPT_SMPT,43,10833.34,12,TopSpine_Seg4,SpineAisle,East,10,0,0.00,0.00,0.0000
2026-05-30 23:39:23,brandimarte_mk06,LPT_SMPT,43,10833.34,13,BotSpine_Seg0,SpineAisle,West,160,0,0.00,0.00,0.0000
2026-05-30 23:39:23,brandimarte_mk06,LPT_SMPT,43,10833.34,14,BotSpine_Seg1,SpineAisle,West,160,0,0.00,0.00,0.0000
2026-05-30 23:39:23,brandimarte_mk06,LPT_SMPT,43,10833.34,15,BotSpine_Seg2,SpineAisle,West,160,0,0.00,0.00,0.0000
2026-05-30 23:39:23,brandimarte_mk06,LPT_SMPT,43,10833.34,16,BotSpine_Seg3,SpineAisle,West,160,0,0.00,0.00,0.0000
2026-05-30 23:39:23,brandimarte_mk06,LPT_SMPT,43,10833.34,17,BotSpine_Seg4,SpineAisle,West,160,0,0.00,0.00,0.0000
2026-05-30 23:39:23,brandimarte_mk06,LPT_SMPT,43,10833.34,18,LeftVert_TopConn,VerticalAisle,North,10,0,0.00,0.00,0.0000
2026-05-30 23:39:23,brandimarte_mk06,LPT_SMPT,43,10833.34,19,LeftVert_Row0,VerticalAisle,North,267,490,127.41,0.26,0.6473
2026-05-30 23:39:23,brandimarte_mk06,LPT_SMPT,43,10833.34,20,LeftVert_Row1,VerticalAisle,North,267,102,26.51,0.26,0.2764
2026-05-30 23:39:23,brandimarte_mk06,LPT_SMPT,43,10833.34,21,LeftVert_BotConn,VerticalAisle,North,160,466,121.16,0.26,0.7444
2026-05-30 23:39:23,brandimarte_mk06,LPT_SMPT,43,10833.34,22,RightVert_TopConn,VerticalAisle,South,10,0,0.00,0.00,0.0000
2026-05-30 23:39:23,brandimarte_mk06,LPT_SMPT,43,10833.34,23,RightVert_Row0,VerticalAisle,South,267,0,0.00,0.00,0.0000
2026-05-30 23:39:23,brandimarte_mk06,LPT_SMPT,43,10833.34,24,RightVert_Row1,VerticalAisle,South,267,18,4.69,0.26,0.0632
2026-05-30 23:39:23,brandimarte_mk06,LPT_SMPT,43,10833.34,25,RightVert_BotConn,VerticalAisle,South,160,0,0.00,0.00,0.0000
2026-05-30 23:43:52,brandimarte_mk06,LPT_SMPT,44,10833.34,0,RowAisle0_Seg0,RowAisle,East,257,0,0.00,0.00,0.0000
2026-05-30 23:43:52,brandimarte_mk06,LPT_SMPT,44,10833.34,1,RowAisle0_Seg1,RowAisle,East,257,1226,318.73,0.26,0.8267
2026-05-30 23:43:52,brandimarte_mk06,LPT_SMPT,44,10833.34,2,RowAisle0_Seg2,RowAisle,East,257,0,0.00,0.00,0.0000
2026-05-30 23:43:52,brandimarte_mk06,LPT_SMPT,44,10833.34,3,RowAisle0_Seg3,RowAisle,East,257,0,0.00,0.00,0.0000
2026-05-30 23:43:52,brandimarte_mk06,LPT_SMPT,44,10833.34,4,RowAisle1_Seg0,RowAisle,West,107,10,2.60,0.26,0.0855
2026-05-30 23:43:52,brandimarte_mk06,LPT_SMPT,44,10833.34,5,RowAisle1_Seg1,RowAisle,West,107,19,4.93,0.26,0.1508
2026-05-30 23:43:52,brandimarte_mk06,LPT_SMPT,44,10833.34,6,RowAisle1_Seg2,RowAisle,West,107,117,30.41,0.26,0.5223
2026-05-30 23:43:52,brandimarte_mk06,LPT_SMPT,44,10833.34,7,RowAisle1_Seg3,RowAisle,West,107,0,0.00,0.00,0.0000
2026-05-30 23:43:52,brandimarte_mk06,LPT_SMPT,44,10833.34,8,TopSpine_Seg0,SpineAisle,East,10,0,0.00,0.00,0.0000
2026-05-30 23:43:52,brandimarte_mk06,LPT_SMPT,44,10833.34,9,TopSpine_Seg1,SpineAisle,East,10,0,0.00,0.00,0.0000
2026-05-30 23:43:52,brandimarte_mk06,LPT_SMPT,44,10833.34,10,TopSpine_Seg2,SpineAisle,East,10,0,0.00,0.00,0.0000
2026-05-30 23:43:52,brandimarte_mk06,LPT_SMPT,44,10833.34,11,TopSpine_Seg3,SpineAisle,East,10,0,0.00,0.00,0.0000
2026-05-30 23:43:52,brandimarte_mk06,LPT_SMPT,44,10833.34,12,TopSpine_Seg4,SpineAisle,East,10,0,0.00,0.00,0.0000
2026-05-30 23:43:52,brandimarte_mk06,LPT_SMPT,44,10833.34,13,BotSpine_Seg0,SpineAisle,West,160,0,0.00,0.00,0.0000
2026-05-30 23:43:52,brandimarte_mk06,LPT_SMPT,44,10833.34,14,BotSpine_Seg1,SpineAisle,West,160,0,0.00,0.00,0.0000
2026-05-30 23:43:52,brandimarte_mk06,LPT_SMPT,44,10833.34,15,BotSpine_Seg2,SpineAisle,West,160,0,0.00,0.00,0.0000
2026-05-30 23:43:52,brandimarte_mk06,LPT_SMPT,44,10833.34,16,BotSpine_Seg3,SpineAisle,West,160,0,0.00,0.00,0.0000
2026-05-30 23:43:52,brandimarte_mk06,LPT_SMPT,44,10833.34,17,BotSpine_Seg4,SpineAisle,West,160,0,0.00,0.00,0.0000
2026-05-30 23:43:52,brandimarte_mk06,LPT_SMPT,44,10833.34,18,LeftVert_TopConn,VerticalAisle,North,10,0,0.00,0.00,0.0000
2026-05-30 23:43:52,brandimarte_mk06,LPT_SMPT,44,10833.34,19,LeftVert_Row0,VerticalAisle,North,267,489,127.13,0.26,0.6468
2026-05-30 23:43:52,brandimarte_mk06,LPT_SMPT,44,10833.34,20,LeftVert_Row1,VerticalAisle,North,267,102,26.53,0.26,0.2764
2026-05-30 23:43:52,brandimarte_mk06,LPT_SMPT,44,10833.34,21,LeftVert_BotConn,VerticalAisle,North,160,465,120.91,0.26,0.7440
2026-05-30 23:43:52,brandimarte_mk06,LPT_SMPT,44,10833.34,22,RightVert_TopConn,VerticalAisle,South,10,0,0.00,0.00,0.0000
2026-05-30 23:43:52,brandimarte_mk06,LPT_SMPT,44,10833.34,23,RightVert_Row0,VerticalAisle,South,267,1,0.27,0.27,0.0037
2026-05-30 23:43:52,brandimarte_mk06,LPT_SMPT,44,10833.34,24,RightVert_Row1,VerticalAisle,South,267,17,4.40,0.26,0.0599
2026-05-30 23:43:52,brandimarte_mk06,LPT_SMPT,44,10833.34,25,RightVert_BotConn,VerticalAisle,South,160,0,0.00,0.00,0.0000
2026-05-30 23:48:12,brandimarte_mk07,LPT_SMPT,42,10500.00,0,RowAisle0_Seg0,RowAisle,East,145,1801,468.23,0.26,0.9255
2026-05-30 23:48:12,brandimarte_mk07,LPT_SMPT,42,10500.00,1,RowAisle0_Seg1,RowAisle,East,145,91,23.66,0.26,0.3856
2026-05-30 23:48:12,brandimarte_mk07,LPT_SMPT,42,10500.00,2,RowAisle0_Seg2,RowAisle,East,145,2,0.52,0.26,0.0136
2026-05-30 23:48:12,brandimarte_mk07,LPT_SMPT,42,10500.00,3,TopSpine_Seg0,SpineAisle,East,20,0,0.00,0.00,0.0000
2026-05-30 23:48:12,brandimarte_mk07,LPT_SMPT,42,10500.00,4,TopSpine_Seg1,SpineAisle,East,20,0,0.00,0.00,0.0000
2026-05-30 23:48:12,brandimarte_mk07,LPT_SMPT,42,10500.00,5,TopSpine_Seg2,SpineAisle,East,20,0,0.00,0.00,0.0000
2026-05-30 23:48:12,brandimarte_mk07,LPT_SMPT,42,10500.00,6,TopSpine_Seg3,SpineAisle,East,20,0,0.00,0.00,0.0000
2026-05-30 23:48:12,brandimarte_mk07,LPT_SMPT,42,10500.00,7,BotSpine_Seg0,SpineAisle,West,165,0,0.00,0.00,0.0000
2026-05-30 23:48:12,brandimarte_mk07,LPT_SMPT,42,10500.00,8,BotSpine_Seg1,SpineAisle,West,165,0,0.00,0.00,0.0000
2026-05-30 23:48:12,brandimarte_mk07,LPT_SMPT,42,10500.00,9,BotSpine_Seg2,SpineAisle,West,165,0,0.00,0.00,0.0000
2026-05-30 23:48:12,brandimarte_mk07,LPT_SMPT,42,10500.00,10,BotSpine_Seg3,SpineAisle,West,165,0,0.00,0.00,0.0000
2026-05-30 23:48:12,brandimarte_mk07,LPT_SMPT,42,10500.00,11,LeftVert_TopConn,VerticalAisle,North,20,0,0.00,0.00,0.0000
2026-05-30 23:48:12,brandimarte_mk07,LPT_SMPT,42,10500.00,12,LeftVert_Row0,VerticalAisle,North,165,644,167.45,0.26,0.7960
2026-05-30 23:48:12,brandimarte_mk07,LPT_SMPT,42,10500.00,13,LeftVert_BotConn,VerticalAisle,North,165,1599,415.75,0.26,0.9065
2026-05-30 23:48:12,brandimarte_mk07,LPT_SMPT,42,10500.00,14,RightVert_TopConn,VerticalAisle,South,20,0,0.00,0.00,0.0000
2026-05-30 23:48:12,brandimarte_mk07,LPT_SMPT,42,10500.00,15,RightVert_Row0,VerticalAisle,South,165,0,0.00,0.00,0.0000
2026-05-30 23:48:12,brandimarte_mk07,LPT_SMPT,42,10500.00,16,RightVert_BotConn,VerticalAisle,South,165,2,0.52,0.26,0.0120
2026-05-30 23:52:32,brandimarte_mk07,LPT_SMPT,43,10500.00,0,RowAisle0_Seg0,RowAisle,East,145,1801,468.23,0.26,0.9255
2026-05-30 23:52:32,brandimarte_mk07,LPT_SMPT,43,10500.00,1,RowAisle0_Seg1,RowAisle,East,145,91,23.66,0.26,0.3856
2026-05-30 23:52:32,brandimarte_mk07,LPT_SMPT,43,10500.00,2,RowAisle0_Seg2,RowAisle,East,145,2,0.52,0.26,0.0136
2026-05-30 23:52:32,brandimarte_mk07,LPT_SMPT,43,10500.00,3,TopSpine_Seg0,SpineAisle,East,20,0,0.00,0.00,0.0000
2026-05-30 23:52:32,brandimarte_mk07,LPT_SMPT,43,10500.00,4,TopSpine_Seg1,SpineAisle,East,20,0,0.00,0.00,0.0000
2026-05-30 23:52:32,brandimarte_mk07,LPT_SMPT,43,10500.00,5,TopSpine_Seg2,SpineAisle,East,20,0,0.00,0.00,0.0000
2026-05-30 23:52:32,brandimarte_mk07,LPT_SMPT,43,10500.00,6,TopSpine_Seg3,SpineAisle,East,20,0,0.00,0.00,0.0000
2026-05-30 23:52:32,brandimarte_mk07,LPT_SMPT,43,10500.00,7,BotSpine_Seg0,SpineAisle,West,165,0,0.00,0.00,0.0000
2026-05-30 23:52:32,brandimarte_mk07,LPT_SMPT,43,10500.00,8,BotSpine_Seg1,SpineAisle,West,165,0,0.00,0.00,0.0000
2026-05-30 23:52:32,brandimarte_mk07,LPT_SMPT,43,10500.00,9,BotSpine_Seg2,SpineAisle,West,165,0,0.00,0.00,0.0000
2026-05-30 23:52:32,brandimarte_mk07,LPT_SMPT,43,10500.00,10,BotSpine_Seg3,SpineAisle,West,165,0,0.00,0.00,0.0000
2026-05-30 23:52:32,brandimarte_mk07,LPT_SMPT,43,10500.00,11,LeftVert_TopConn,VerticalAisle,North,20,0,0.00,0.00,0.0000
2026-05-30 23:52:32,brandimarte_mk07,LPT_SMPT,43,10500.00,12,LeftVert_Row0,VerticalAisle,North,165,643,167.21,0.26,0.7958
2026-05-30 23:52:32,brandimarte_mk07,LPT_SMPT,43,10500.00,13,LeftVert_BotConn,VerticalAisle,North,165,1599,415.73,0.26,0.9065
2026-05-30 23:52:32,brandimarte_mk07,LPT_SMPT,43,10500.00,14,RightVert_TopConn,VerticalAisle,South,20,0,0.00,0.00,0.0000
2026-05-30 23:52:32,brandimarte_mk07,LPT_SMPT,43,10500.00,15,RightVert_Row0,VerticalAisle,South,165,0,0.00,0.00,0.0000
2026-05-30 23:52:32,brandimarte_mk07,LPT_SMPT,43,10500.00,16,RightVert_BotConn,VerticalAisle,South,165,2,0.52,0.26,0.0120
2026-05-30 23:56:53,brandimarte_mk07,LPT_SMPT,44,10500.00,0,RowAisle0_Seg0,RowAisle,East,145,1800,468.00,0.26,0.9254
2026-05-30 23:56:53,brandimarte_mk07,LPT_SMPT,44,10500.00,1,RowAisle0_Seg1,RowAisle,East,145,91,23.66,0.26,0.3856
2026-05-30 23:56:53,brandimarte_mk07,LPT_SMPT,44,10500.00,2,RowAisle0_Seg2,RowAisle,East,145,2,0.52,0.26,0.0136
2026-05-30 23:56:53,brandimarte_mk07,LPT_SMPT,44,10500.00,3,TopSpine_Seg0,SpineAisle,East,20,0,0.00,0.00,0.0000
2026-05-30 23:56:53,brandimarte_mk07,LPT_SMPT,44,10500.00,4,TopSpine_Seg1,SpineAisle,East,20,0,0.00,0.00,0.0000
2026-05-30 23:56:53,brandimarte_mk07,LPT_SMPT,44,10500.00,5,TopSpine_Seg2,SpineAisle,East,20,0,0.00,0.00,0.0000
2026-05-30 23:56:53,brandimarte_mk07,LPT_SMPT,44,10500.00,6,TopSpine_Seg3,SpineAisle,East,20,0,0.00,0.00,0.0000
2026-05-30 23:56:53,brandimarte_mk07,LPT_SMPT,44,10500.00,7,BotSpine_Seg0,SpineAisle,West,165,0,0.00,0.00,0.0000
2026-05-30 23:56:53,brandimarte_mk07,LPT_SMPT,44,10500.00,8,BotSpine_Seg1,SpineAisle,West,165,0,0.00,0.00,0.0000
2026-05-30 23:56:53,brandimarte_mk07,LPT_SMPT,44,10500.00,9,BotSpine_Seg2,SpineAisle,West,165,0,0.00,0.00,0.0000
2026-05-30 23:56:53,brandimarte_mk07,LPT_SMPT,44,10500.00,10,BotSpine_Seg3,SpineAisle,West,165,0,0.00,0.00,0.0000
2026-05-30 23:56:53,brandimarte_mk07,LPT_SMPT,44,10500.00,11,LeftVert_TopConn,VerticalAisle,North,20,0,0.00,0.00,0.0000
2026-05-30 23:56:53,brandimarte_mk07,LPT_SMPT,44,10500.00,12,LeftVert_Row0,VerticalAisle,North,165,643,167.21,0.26,0.7958
2026-05-30 23:56:53,brandimarte_mk07,LPT_SMPT,44,10500.00,13,LeftVert_BotConn,VerticalAisle,North,165,1599,415.73,0.26,0.9065
2026-05-30 23:56:53,brandimarte_mk07,LPT_SMPT,44,10500.00,14,RightVert_TopConn,VerticalAisle,South,20,0,0.00,0.00,0.0000
2026-05-30 23:56:53,brandimarte_mk07,LPT_SMPT,44,10500.00,15,RightVert_Row0,VerticalAisle,South,165,0,0.00,0.00,0.0000
2026-05-30 23:56:53,brandimarte_mk07,LPT_SMPT,44,10500.00,16,RightVert_BotConn,VerticalAisle,South,165,2,0.52,0.26,0.0120
2026-05-31 00:04:34,brandimarte_mk10,LPT_SMPT,42,18133.34,0,RowAisle0_Seg0,RowAisle,East,394,91,22.81,0.25,0.1876
2026-05-31 00:04:34,brandimarte_mk10,LPT_SMPT,42,18133.34,1,RowAisle0_Seg1,RowAisle,East,394,884,221.13,0.25,0.6917
2026-05-31 00:04:34,brandimarte_mk10,LPT_SMPT,42,18133.34,2,RowAisle0_Seg2,RowAisle,East,394,290,72.55,0.25,0.4240
2026-05-31 00:04:34,brandimarte_mk10,LPT_SMPT,42,18133.34,3,RowAisle0_Seg3,RowAisle,East,394,32,8.03,0.25,0.0751
2026-05-31 00:04:34,brandimarte_mk10,LPT_SMPT,42,18133.34,4,RowAisle1_Seg0,RowAisle,West,154,78,19.55,0.25,0.3362
2026-05-31 00:04:34,brandimarte_mk10,LPT_SMPT,42,18133.34,5,RowAisle1_Seg1,RowAisle,West,154,194,48.58,0.25,0.5575
2026-05-31 00:04:34,brandimarte_mk10,LPT_SMPT,42,18133.34,6,RowAisle1_Seg2,RowAisle,West,154,228,57.02,0.25,0.5969
2026-05-31 00:04:34,brandimarte_mk10,LPT_SMPT,42,18133.34,7,RowAisle1_Seg3,RowAisle,West,154,4,1.00,0.25,0.0253
2026-05-31 00:04:34,brandimarte_mk10,LPT_SMPT,42,18133.34,8,RowAisle2_Seg0,RowAisle,East,5,0,0.00,0.00,0.0000
2026-05-31 00:04:34,brandimarte_mk10,LPT_SMPT,42,18133.34,9,RowAisle2_Seg1,RowAisle,East,5,0,0.00,0.00,0.0000
2026-05-31 00:04:34,brandimarte_mk10,LPT_SMPT,42,18133.34,10,RowAisle2_Seg2,RowAisle,East,5,0,0.00,0.00,0.0000
2026-05-31 00:04:34,brandimarte_mk10,LPT_SMPT,42,18133.34,11,RowAisle2_Seg3,RowAisle,East,5,0,0.00,0.00,0.0000
2026-05-31 00:04:34,brandimarte_mk10,LPT_SMPT,42,18133.34,12,TopSpine_Seg0,SpineAisle,East,20,0,0.00,0.00,0.0000
2026-05-31 00:04:34,brandimarte_mk10,LPT_SMPT,42,18133.34,13,TopSpine_Seg1,SpineAisle,East,20,0,0.00,0.00,0.0000
2026-05-31 00:04:34,brandimarte_mk10,LPT_SMPT,42,18133.34,14,TopSpine_Seg2,SpineAisle,East,20,0,0.00,0.00,0.0000
2026-05-31 00:04:34,brandimarte_mk10,LPT_SMPT,42,18133.34,15,TopSpine_Seg3,SpineAisle,East,20,0,0.00,0.00,0.0000
2026-05-31 00:04:34,brandimarte_mk10,LPT_SMPT,42,18133.34,16,TopSpine_Seg4,SpineAisle,East,20,0,0.00,0.00,0.0000
2026-05-31 00:04:34,brandimarte_mk10,LPT_SMPT,42,18133.34,17,BotSpine_Seg0,SpineAisle,West,264,0,0.00,0.00,0.0000
2026-05-31 00:04:34,brandimarte_mk10,LPT_SMPT,42,18133.34,18,BotSpine_Seg1,SpineAisle,West,265,0,0.00,0.00,0.0000
2026-05-31 00:04:34,brandimarte_mk10,LPT_SMPT,42,18133.34,19,BotSpine_Seg2,SpineAisle,West,265,0,0.00,0.00,0.0000
2026-05-31 00:04:34,brandimarte_mk10,LPT_SMPT,42,18133.34,20,BotSpine_Seg3,SpineAisle,West,265,0,0.00,0.00,0.0000
2026-05-31 00:04:34,brandimarte_mk10,LPT_SMPT,42,18133.34,21,BotSpine_Seg4,SpineAisle,West,265,0,0.00,0.00,0.0000
2026-05-31 00:04:34,brandimarte_mk10,LPT_SMPT,42,18133.34,22,LeftVert_TopConn,VerticalAisle,North,20,0,0.00,0.00,0.0000
2026-05-31 00:04:34,brandimarte_mk10,LPT_SMPT,42,18133.34,23,LeftVert_Row0,VerticalAisle,North,414,1774,443.72,0.25,0.8108
2026-05-31 00:04:34,brandimarte_mk10,LPT_SMPT,42,18133.34,24,LeftVert_Row1,VerticalAisle,North,414,479,119.84,0.25,0.5364
2026-05-31 00:04:34,brandimarte_mk10,LPT_SMPT,42,18133.34,25,LeftVert_Row2,VerticalAisle,North,265,518,129.80,0.25,0.6616
2026-05-31 00:04:34,brandimarte_mk10,LPT_SMPT,42,18133.34,26,LeftVert_BotConn,VerticalAisle,North,265,893,223.36,0.25,0.7712
2026-05-31 00:04:34,brandimarte_mk10,LPT_SMPT,42,18133.34,27,RightVert_TopConn,VerticalAisle,South,20,0,0.00,0.00,0.0000
2026-05-31 00:04:34,brandimarte_mk10,LPT_SMPT,42,18133.34,28,RightVert_Row0,VerticalAisle,South,414,30,7.59,0.25,0.0676
2026-05-31 00:04:34,brandimarte_mk10,LPT_SMPT,42,18133.34,29,RightVert_Row1,VerticalAisle,South,414,129,32.42,0.25,0.2376
2026-05-31 00:04:34,brandimarte_mk10,LPT_SMPT,42,18133.34,30,RightVert_Row2,VerticalAisle,South,265,0,0.00,0.00,0.0000
2026-05-31 00:04:34,brandimarte_mk10,LPT_SMPT,42,18133.34,31,RightVert_BotConn,VerticalAisle,South,265,0,0.00,0.00,0.0000
2026-05-31 00:12:13,brandimarte_mk10,LPT_SMPT,43,18133.33,0,RowAisle0_Seg0,RowAisle,East,394,90,22.56,0.25,0.1860
2026-05-31 00:12:13,brandimarte_mk10,LPT_SMPT,43,18133.33,1,RowAisle0_Seg1,RowAisle,East,394,884,221.16,0.25,0.6917
2026-05-31 00:12:13,brandimarte_mk10,LPT_SMPT,43,18133.33,2,RowAisle0_Seg2,RowAisle,East,394,290,72.53,0.25,0.4240
2026-05-31 00:12:13,brandimarte_mk10,LPT_SMPT,43,18133.33,3,RowAisle0_Seg3,RowAisle,East,394,33,8.30,0.25,0.0773
2026-05-31 00:12:13,brandimarte_mk10,LPT_SMPT,43,18133.33,4,RowAisle1_Seg0,RowAisle,West,154,78,19.55,0.25,0.3362
2026-05-31 00:12:13,brandimarte_mk10,LPT_SMPT,43,18133.33,5,RowAisle1_Seg1,RowAisle,West,154,195,48.80,0.25,0.5587
2026-05-31 00:12:13,brandimarte_mk10,LPT_SMPT,43,18133.33,6,RowAisle1_Seg2,RowAisle,West,154,228,57.00,0.25,0.5969
2026-05-31 00:12:13,brandimarte_mk10,LPT_SMPT,43,18133.33,7,RowAisle1_Seg3,RowAisle,West,154,4,1.00,0.25,0.0253
2026-05-31 00:12:13,brandimarte_mk10,LPT_SMPT,43,18133.33,8,RowAisle2_Seg0,RowAisle,East,5,0,0.00,0.00,0.0000
2026-05-31 00:12:13,brandimarte_mk10,LPT_SMPT,43,18133.33,9,RowAisle2_Seg1,RowAisle,East,5,0,0.00,0.00,0.0000
2026-05-31 00:12:13,brandimarte_mk10,LPT_SMPT,43,18133.33,10,RowAisle2_Seg2,RowAisle,East,5,0,0.00,0.00,0.0000
2026-05-31 00:12:13,brandimarte_mk10,LPT_SMPT,43,18133.33,11,RowAisle2_Seg3,RowAisle,East,5,0,0.00,0.00,0.0000
2026-05-31 00:12:13,brandimarte_mk10,LPT_SMPT,43,18133.33,12,TopSpine_Seg0,SpineAisle,East,20,0,0.00,0.00,0.0000
2026-05-31 00:12:13,brandimarte_mk10,LPT_SMPT,43,18133.33,13,TopSpine_Seg1,SpineAisle,East,20,0,0.00,0.00,0.0000
2026-05-31 00:12:13,brandimarte_mk10,LPT_SMPT,43,18133.33,14,TopSpine_Seg2,SpineAisle,East,20,0,0.00,0.00,0.0000
2026-05-31 00:12:13,brandimarte_mk10,LPT_SMPT,43,18133.33,15,TopSpine_Seg3,SpineAisle,East,20,0,0.00,0.00,0.0000
2026-05-31 00:12:13,brandimarte_mk10,LPT_SMPT,43,18133.33,16,TopSpine_Seg4,SpineAisle,East,20,0,0.00,0.00,0.0000
2026-05-31 00:12:13,brandimarte_mk10,LPT_SMPT,43,18133.33,17,BotSpine_Seg0,SpineAisle,West,264,0,0.00,0.00,0.0000
2026-05-31 00:12:13,brandimarte_mk10,LPT_SMPT,43,18133.33,18,BotSpine_Seg1,SpineAisle,West,265,0,0.00,0.00,0.0000
2026-05-31 00:12:13,brandimarte_mk10,LPT_SMPT,43,18133.33,19,BotSpine_Seg2,SpineAisle,West,265,0,0.00,0.00,0.0000
2026-05-31 00:12:13,brandimarte_mk10,LPT_SMPT,43,18133.33,20,BotSpine_Seg3,SpineAisle,West,265,0,0.00,0.00,0.0000
2026-05-31 00:12:13,brandimarte_mk10,LPT_SMPT,43,18133.33,21,BotSpine_Seg4,SpineAisle,West,265,0,0.00,0.00,0.0000
2026-05-31 00:12:13,brandimarte_mk10,LPT_SMPT,43,18133.33,22,LeftVert_TopConn,VerticalAisle,North,20,0,0.00,0.00,0.0000
2026-05-31 00:12:13,brandimarte_mk10,LPT_SMPT,43,18133.33,23,LeftVert_Row0,VerticalAisle,North,414,1777,444.41,0.25,0.8110
2026-05-31 00:12:13,brandimarte_mk10,LPT_SMPT,43,18133.33,24,LeftVert_Row1,VerticalAisle,North,414,477,119.48,0.25,0.5354
2026-05-31 00:12:13,brandimarte_mk10,LPT_SMPT,43,18133.33,25,LeftVert_Row2,VerticalAisle,North,265,519,129.86,0.25,0.6620
2026-05-31 00:12:13,brandimarte_mk10,LPT_SMPT,43,18133.33,26,LeftVert_BotConn,VerticalAisle,North,265,894,223.67,0.25,0.7714
2026-05-31 00:12:13,brandimarte_mk10,LPT_SMPT,43,18133.33,27,RightVert_TopConn,VerticalAisle,South,20,0,0.00,0.00,0.0000
2026-05-31 00:12:13,brandimarte_mk10,LPT_SMPT,43,18133.33,28,RightVert_Row0,VerticalAisle,South,414,29,7.39,0.25,0.0655
2026-05-31 00:12:13,brandimarte_mk10,LPT_SMPT,43,18133.33,29,RightVert_Row1,VerticalAisle,South,414,131,32.88,0.25,0.2404
2026-05-31 00:12:13,brandimarte_mk10,LPT_SMPT,43,18133.33,30,RightVert_Row2,VerticalAisle,South,265,0,0.00,0.00,0.0000
2026-05-31 00:12:13,brandimarte_mk10,LPT_SMPT,43,18133.33,31,RightVert_BotConn,VerticalAisle,South,265,0,0.00,0.00,0.0000
2026-05-31 00:19:55,brandimarte_mk10,LPT_SMPT,44,18133.33,0,RowAisle0_Seg0,RowAisle,East,394,90,22.58,0.25,0.1860
2026-05-31 00:19:55,brandimarte_mk10,LPT_SMPT,44,18133.33,1,RowAisle0_Seg1,RowAisle,East,394,886,221.66,0.25,0.6922
2026-05-31 00:19:55,brandimarte_mk10,LPT_SMPT,44,18133.33,2,RowAisle0_Seg2,RowAisle,East,394,290,72.50,0.25,0.4240
2026-05-31 00:19:55,brandimarte_mk10,LPT_SMPT,44,18133.33,3,RowAisle0_Seg3,RowAisle,East,394,32,8.03,0.25,0.0751
2026-05-31 00:19:55,brandimarte_mk10,LPT_SMPT,44,18133.33,4,RowAisle1_Seg0,RowAisle,West,154,72,18.03,0.25,0.3186
2026-05-31 00:19:55,brandimarte_mk10,LPT_SMPT,44,18133.33,5,RowAisle1_Seg1,RowAisle,West,154,233,58.33,0.25,0.6021
2026-05-31 00:19:55,brandimarte_mk10,LPT_SMPT,44,18133.33,6,RowAisle1_Seg2,RowAisle,West,154,227,56.78,0.25,0.5958
2026-05-31 00:19:55,brandimarte_mk10,LPT_SMPT,44,18133.33,7,RowAisle1_Seg3,RowAisle,West,154,4,1.00,0.25,0.0253
2026-05-31 00:19:55,brandimarte_mk10,LPT_SMPT,44,18133.33,8,RowAisle2_Seg0,RowAisle,East,5,0,0.00,0.00,0.0000
2026-05-31 00:19:55,brandimarte_mk10,LPT_SMPT,44,18133.33,9,RowAisle2_Seg1,RowAisle,East,5,0,0.00,0.00,0.0000
2026-05-31 00:19:55,brandimarte_mk10,LPT_SMPT,44,18133.33,10,RowAisle2_Seg2,RowAisle,East,5,0,0.00,0.00,0.0000
2026-05-31 00:19:55,brandimarte_mk10,LPT_SMPT,44,18133.33,11,RowAisle2_Seg3,RowAisle,East,5,0,0.00,0.00,0.0000
2026-05-31 00:19:55,brandimarte_mk10,LPT_SMPT,44,18133.33,12,TopSpine_Seg0,SpineAisle,East,20,0,0.00,0.00,0.0000
2026-05-31 00:19:55,brandimarte_mk10,LPT_SMPT,44,18133.33,13,TopSpine_Seg1,SpineAisle,East,20,0,0.00,0.00,0.0000
2026-05-31 00:19:55,brandimarte_mk10,LPT_SMPT,44,18133.33,14,TopSpine_Seg2,SpineAisle,East,20,0,0.00,0.00,0.0000
2026-05-31 00:19:55,brandimarte_mk10,LPT_SMPT,44,18133.33,15,TopSpine_Seg3,SpineAisle,East,20,0,0.00,0.00,0.0000
2026-05-31 00:19:55,brandimarte_mk10,LPT_SMPT,44,18133.33,16,TopSpine_Seg4,SpineAisle,East,20,0,0.00,0.00,0.0000
2026-05-31 00:19:55,brandimarte_mk10,LPT_SMPT,44,18133.33,17,BotSpine_Seg0,SpineAisle,West,264,0,0.00,0.00,0.0000
2026-05-31 00:19:55,brandimarte_mk10,LPT_SMPT,44,18133.33,18,BotSpine_Seg1,SpineAisle,West,265,0,0.00,0.00,0.0000
2026-05-31 00:19:55,brandimarte_mk10,LPT_SMPT,44,18133.33,19,BotSpine_Seg2,SpineAisle,West,265,0,0.00,0.00,0.0000
2026-05-31 00:19:55,brandimarte_mk10,LPT_SMPT,44,18133.33,20,BotSpine_Seg3,SpineAisle,West,265,0,0.00,0.00,0.0000
2026-05-31 00:19:55,brandimarte_mk10,LPT_SMPT,44,18133.33,21,BotSpine_Seg4,SpineAisle,West,265,0,0.00,0.00,0.0000
2026-05-31 00:19:55,brandimarte_mk10,LPT_SMPT,44,18133.33,22,LeftVert_TopConn,VerticalAisle,North,20,0,0.00,0.00,0.0000
2026-05-31 00:19:55,brandimarte_mk10,LPT_SMPT,44,18133.33,23,LeftVert_Row0,VerticalAisle,North,414,1773,443.44,0.25,0.8107
2026-05-31 00:19:55,brandimarte_mk10,LPT_SMPT,44,18133.33,24,LeftVert_Row1,VerticalAisle,North,414,456,114.08,0.25,0.5241
2026-05-31 00:19:55,brandimarte_mk10,LPT_SMPT,44,18133.33,25,LeftVert_Row2,VerticalAisle,North,265,521,130.52,0.25,0.6628
2026-05-31 00:19:55,brandimarte_mk10,LPT_SMPT,44,18133.33,26,LeftVert_BotConn,VerticalAisle,North,265,892,223.17,0.25,0.7710
2026-05-31 00:19:55,brandimarte_mk10,LPT_SMPT,44,18133.33,27,RightVert_TopConn,VerticalAisle,South,20,0,0.00,0.00,0.0000
2026-05-31 00:19:55,brandimarte_mk10,LPT_SMPT,44,18133.33,28,RightVert_Row0,VerticalAisle,South,414,30,7.59,0.25,0.0676
2026-05-31 00:19:55,brandimarte_mk10,LPT_SMPT,44,18133.33,29,RightVert_Row1,VerticalAisle,South,414,133,33.41,0.25,0.2431
2026-05-31 00:19:55,brandimarte_mk10,LPT_SMPT,44,18133.33,30,RightVert_Row2,VerticalAisle,South,265,0,0.00,0.00,0.0000
2026-05-31 00:19:55,brandimarte_mk10,LPT_SMPT,44,18133.33,31,RightVert_BotConn,VerticalAisle,South,265,0,0.00,0.00,0.0000
2026-05-31 00:30:09,brandimarte_mk11,LPT_SMPT,42,24633.33,0,RowAisle0_Seg0,RowAisle,East,262,1031,257.98,0.25,0.7974
2026-05-31 00:30:09,brandimarte_mk11,LPT_SMPT,42,24633.33,1,RowAisle0_Seg1,RowAisle,East,262,268,67.08,0.25,0.5057
2026-05-31 00:30:09,brandimarte_mk11,LPT_SMPT,42,24633.33,2,RowAisle0_Seg2,RowAisle,East,262,14,3.55,0.25,0.0507
2026-05-31 00:30:09,brandimarte_mk11,LPT_SMPT,42,24633.33,3,TopSpine_Seg0,SpineAisle,East,30,0,0.00,0.00,0.0000
2026-05-31 00:30:09,brandimarte_mk11,LPT_SMPT,42,24633.33,4,TopSpine_Seg1,SpineAisle,East,30,0,0.00,0.00,0.0000
2026-05-31 00:30:09,brandimarte_mk11,LPT_SMPT,42,24633.33,5,TopSpine_Seg2,SpineAisle,East,30,0,0.00,0.00,0.0000
2026-05-31 00:30:09,brandimarte_mk11,LPT_SMPT,42,24633.33,6,TopSpine_Seg3,SpineAisle,East,30,0,0.00,0.00,0.0000
2026-05-31 00:30:09,brandimarte_mk11,LPT_SMPT,42,24633.33,7,BotSpine_Seg0,SpineAisle,West,292,0,0.00,0.00,0.0000
2026-05-31 00:30:09,brandimarte_mk11,LPT_SMPT,42,24633.33,8,BotSpine_Seg1,SpineAisle,West,292,0,0.00,0.00,0.0000
2026-05-31 00:30:09,brandimarte_mk11,LPT_SMPT,42,24633.33,9,BotSpine_Seg2,SpineAisle,West,292,0,0.00,0.00,0.0000
2026-05-31 00:30:09,brandimarte_mk11,LPT_SMPT,42,24633.33,10,BotSpine_Seg3,SpineAisle,West,292,0,0.00,0.00,0.0000
2026-05-31 00:30:09,brandimarte_mk11,LPT_SMPT,42,24633.33,11,LeftVert_TopConn,VerticalAisle,North,30,0,0.00,0.00,0.0000
2026-05-31 00:30:09,brandimarte_mk11,LPT_SMPT,42,24633.33,12,LeftVert_Row0,VerticalAisle,North,292,1220,305.03,0.25,0.8069
2026-05-31 00:30:09,brandimarte_mk11,LPT_SMPT,42,24633.33,13,LeftVert_BotConn,VerticalAisle,North,292,921,230.30,0.25,0.7593
2026-05-31 00:30:09,brandimarte_mk11,LPT_SMPT,42,24633.33,14,RightVert_TopConn,VerticalAisle,South,30,0,0.00,0.00,0.0000
2026-05-31 00:30:09,brandimarte_mk11,LPT_SMPT,42,24633.33,15,RightVert_Row0,VerticalAisle,South,292,0,0.00,0.00,0.0000
2026-05-31 00:30:09,brandimarte_mk11,LPT_SMPT,42,24633.33,16,RightVert_BotConn,VerticalAisle,South,292,5,1.27,0.25,0.0168
2026-05-31 00:40:22,brandimarte_mk11,LPT_SMPT,43,24633.34,0,RowAisle0_Seg0,RowAisle,East,262,1032,258.22,0.25,0.7975
2026-05-31 00:40:22,brandimarte_mk11,LPT_SMPT,43,24633.34,1,RowAisle0_Seg1,RowAisle,East,262,268,67.08,0.25,0.5057
2026-05-31 00:40:22,brandimarte_mk11,LPT_SMPT,43,24633.34,2,RowAisle0_Seg2,RowAisle,East,262,11,2.77,0.25,0.0403
2026-05-31 00:40:22,brandimarte_mk11,LPT_SMPT,43,24633.34,3,TopSpine_Seg0,SpineAisle,East,30,0,0.00,0.00,0.0000
2026-05-31 00:40:22,brandimarte_mk11,LPT_SMPT,43,24633.34,4,TopSpine_Seg1,SpineAisle,East,30,0,0.00,0.00,0.0000
2026-05-31 00:40:22,brandimarte_mk11,LPT_SMPT,43,24633.34,5,TopSpine_Seg2,SpineAisle,East,30,0,0.00,0.00,0.0000
2026-05-31 00:40:22,brandimarte_mk11,LPT_SMPT,43,24633.34,6,TopSpine_Seg3,SpineAisle,East,30,0,0.00,0.00,0.0000
2026-05-31 00:40:22,brandimarte_mk11,LPT_SMPT,43,24633.34,7,BotSpine_Seg0,SpineAisle,West,292,0,0.00,0.00,0.0000
2026-05-31 00:40:22,brandimarte_mk11,LPT_SMPT,43,24633.34,8,BotSpine_Seg1,SpineAisle,West,292,0,0.00,0.00,0.0000
2026-05-31 00:40:22,brandimarte_mk11,LPT_SMPT,43,24633.34,9,BotSpine_Seg2,SpineAisle,West,292,0,0.00,0.00,0.0000
2026-05-31 00:40:22,brandimarte_mk11,LPT_SMPT,43,24633.34,10,BotSpine_Seg3,SpineAisle,West,292,0,0.00,0.00,0.0000
2026-05-31 00:40:22,brandimarte_mk11,LPT_SMPT,43,24633.34,11,LeftVert_TopConn,VerticalAisle,North,30,0,0.00,0.00,0.0000
2026-05-31 00:40:22,brandimarte_mk11,LPT_SMPT,43,24633.34,12,LeftVert_Row0,VerticalAisle,North,292,1219,304.78,0.25,0.8068
2026-05-31 00:40:22,brandimarte_mk11,LPT_SMPT,43,24633.34,13,LeftVert_BotConn,VerticalAisle,North,292,921,230.33,0.25,0.7593
2026-05-31 00:40:22,brandimarte_mk11,LPT_SMPT,43,24633.34,14,RightVert_TopConn,VerticalAisle,South,30,0,0.00,0.00,0.0000
2026-05-31 00:40:22,brandimarte_mk11,LPT_SMPT,43,24633.34,15,RightVert_Row0,VerticalAisle,South,292,0,0.00,0.00,0.0000
2026-05-31 00:40:22,brandimarte_mk11,LPT_SMPT,43,24633.34,16,RightVert_BotConn,VerticalAisle,South,292,6,1.50,0.25,0.0201
2026-05-31 00:50:34,brandimarte_mk11,LPT_SMPT,44,24633.34,0,RowAisle0_Seg0,RowAisle,East,262,1031,257.88,0.25,0.7974
2026-05-31 00:50:34,brandimarte_mk11,LPT_SMPT,44,24633.34,1,RowAisle0_Seg1,RowAisle,East,262,268,67.06,0.25,0.5057
2026-05-31 00:50:34,brandimarte_mk11,LPT_SMPT,44,24633.34,2,RowAisle0_Seg2,RowAisle,East,262,13,3.25,0.25,0.0473
2026-05-31 00:50:34,brandimarte_mk11,LPT_SMPT,44,24633.34,3,TopSpine_Seg0,SpineAisle,East,30,0,0.00,0.00,0.0000
2026-05-31 00:50:34,brandimarte_mk11,LPT_SMPT,44,24633.34,4,TopSpine_Seg1,SpineAisle,East,30,0,0.00,0.00,0.0000
2026-05-31 00:50:34,brandimarte_mk11,LPT_SMPT,44,24633.34,5,TopSpine_Seg2,SpineAisle,East,30,0,0.00,0.00,0.0000
2026-05-31 00:50:34,brandimarte_mk11,LPT_SMPT,44,24633.34,6,TopSpine_Seg3,SpineAisle,East,30,0,0.00,0.00,0.0000
2026-05-31 00:50:34,brandimarte_mk11,LPT_SMPT,44,24633.34,7,BotSpine_Seg0,SpineAisle,West,292,0,0.00,0.00,0.0000
2026-05-31 00:50:34,brandimarte_mk11,LPT_SMPT,44,24633.34,8,BotSpine_Seg1,SpineAisle,West,292,0,0.00,0.00,0.0000
2026-05-31 00:50:34,brandimarte_mk11,LPT_SMPT,44,24633.34,9,BotSpine_Seg2,SpineAisle,West,292,0,0.00,0.00,0.0000
2026-05-31 00:50:34,brandimarte_mk11,LPT_SMPT,44,24633.34,10,BotSpine_Seg3,SpineAisle,West,292,0,0.00,0.00,0.0000
2026-05-31 00:50:34,brandimarte_mk11,LPT_SMPT,44,24633.34,11,LeftVert_TopConn,VerticalAisle,North,30,0,0.00,0.00,0.0000
2026-05-31 00:50:34,brandimarte_mk11,LPT_SMPT,44,24633.34,12,LeftVert_Row0,VerticalAisle,North,292,1219,304.84,0.25,0.8068
2026-05-31 00:50:34,brandimarte_mk11,LPT_SMPT,44,24633.34,13,LeftVert_BotConn,VerticalAisle,North,292,920,230.11,0.25,0.7591
2026-05-31 00:50:34,brandimarte_mk11,LPT_SMPT,44,24633.34,14,RightVert_TopConn,VerticalAisle,South,30,0,0.00,0.00,0.0000
2026-05-31 00:50:34,brandimarte_mk11,LPT_SMPT,44,24633.34,15,RightVert_Row0,VerticalAisle,South,292,0,0.00,0.00,0.0000
2026-05-31 00:50:34,brandimarte_mk11,LPT_SMPT,44,24633.34,16,RightVert_BotConn,VerticalAisle,South,292,6,1.50,0.25,0.0201
2026-05-31 01:01:13,brandimarte_mk13,LPT_SMPT,42,25333.33,0,RowAisle0_Seg0,RowAisle,East,376,528,132.00,0.25,0.5841
2026-05-31 01:01:13,brandimarte_mk13,LPT_SMPT,42,25333.33,1,RowAisle0_Seg1,RowAisle,East,376,389,97.25,0.25,0.5085
2026-05-31 01:01:13,brandimarte_mk13,LPT_SMPT,42,25333.33,2,RowAisle0_Seg2,RowAisle,East,376,915,228.75,0.25,0.7088
2026-05-31 01:01:13,brandimarte_mk13,LPT_SMPT,42,25333.33,3,RowAisle0_Seg3,RowAisle,East,376,33,8.25,0.25,0.0807
2026-05-31 01:01:13,brandimarte_mk13,LPT_SMPT,42,25333.33,4,RowAisle1_Seg0,RowAisle,West,145,11,2.75,0.25,0.0705
2026-05-31 01:01:13,brandimarte_mk13,LPT_SMPT,42,25333.33,5,RowAisle1_Seg1,RowAisle,West,145,9,2.25,0.25,0.0584
2026-05-31 01:01:13,brandimarte_mk13,LPT_SMPT,42,25333.33,6,RowAisle1_Seg2,RowAisle,West,145,15,3.75,0.25,0.0938
2026-05-31 01:01:13,brandimarte_mk13,LPT_SMPT,42,25333.33,7,RowAisle1_Seg3,RowAisle,West,145,0,0.00,0.00,0.0000
2026-05-31 01:01:13,brandimarte_mk13,LPT_SMPT,42,25333.33,8,TopSpine_Seg0,SpineAisle,East,30,0,0.00,0.00,0.0000
2026-05-31 01:01:13,brandimarte_mk13,LPT_SMPT,42,25333.33,9,TopSpine_Seg1,SpineAisle,East,30,0,0.00,0.00,0.0000
2026-05-31 01:01:13,brandimarte_mk13,LPT_SMPT,42,25333.33,10,TopSpine_Seg2,SpineAisle,East,30,0,0.00,0.00,0.0000
2026-05-31 01:01:13,brandimarte_mk13,LPT_SMPT,42,25333.33,11,TopSpine_Seg3,SpineAisle,East,30,0,0.00,0.00,0.0000
2026-05-31 01:01:13,brandimarte_mk13,LPT_SMPT,42,25333.33,12,TopSpine_Seg4,SpineAisle,East,30,0,0.00,0.00,0.0000
2026-05-31 01:01:13,brandimarte_mk13,LPT_SMPT,42,25333.33,13,BotSpine_Seg0,SpineAisle,West,261,0,0.00,0.00,0.0000
2026-05-31 01:01:13,brandimarte_mk13,LPT_SMPT,42,25333.33,14,BotSpine_Seg1,SpineAisle,West,261,0,0.00,0.00,0.0000
2026-05-31 01:01:13,brandimarte_mk13,LPT_SMPT,42,25333.33,15,BotSpine_Seg2,SpineAisle,West,261,0,0.00,0.00,0.0000
2026-05-31 01:01:13,brandimarte_mk13,LPT_SMPT,42,25333.33,16,BotSpine_Seg3,SpineAisle,West,261,0,0.00,0.00,0.0000
2026-05-31 01:01:13,brandimarte_mk13,LPT_SMPT,42,25333.33,17,BotSpine_Seg4,SpineAisle,West,261,0,0.00,0.00,0.0000
2026-05-31 01:01:13,brandimarte_mk13,LPT_SMPT,42,25333.33,18,LeftVert_TopConn,VerticalAisle,North,30,0,0.00,0.00,0.0000
2026-05-31 01:01:13,brandimarte_mk13,LPT_SMPT,42,25333.33,19,LeftVert_Row0,VerticalAisle,North,406,1249,312.27,0.25,0.7547
2026-05-31 01:01:13,brandimarte_mk13,LPT_SMPT,42,25333.33,20,LeftVert_Row1,VerticalAisle,North,406,131,32.77,0.25,0.2439
2026-05-31 01:01:13,brandimarte_mk13,LPT_SMPT,42,25333.33,21,LeftVert_BotConn,VerticalAisle,North,261,1178,294.50,0.25,0.8186
2026-05-31 01:01:13,brandimarte_mk13,LPT_SMPT,42,25333.33,22,RightVert_TopConn,VerticalAisle,South,30,0,0.00,0.00,0.0000
2026-05-31 01:01:13,brandimarte_mk13,LPT_SMPT,42,25333.33,23,RightVert_Row0,VerticalAisle,South,406,5,1.25,0.25,0.0122
2026-05-31 01:01:13,brandimarte_mk13,LPT_SMPT,42,25333.33,24,RightVert_Row1,VerticalAisle,South,406,3,0.75,0.25,0.0073
2026-05-31 01:01:13,brandimarte_mk13,LPT_SMPT,42,25333.33,25,RightVert_BotConn,VerticalAisle,South,261,5,1.25,0.25,0.0188
2026-05-31 01:11:50,brandimarte_mk13,LPT_SMPT,43,25333.34,0,RowAisle0_Seg0,RowAisle,East,376,528,132.00,0.25,0.5841
2026-05-31 01:11:50,brandimarte_mk13,LPT_SMPT,43,25333.34,1,RowAisle0_Seg1,RowAisle,East,376,387,96.75,0.25,0.5072
2026-05-31 01:11:50,brandimarte_mk13,LPT_SMPT,43,25333.34,2,RowAisle0_Seg2,RowAisle,East,376,918,229.50,0.25,0.7094
2026-05-31 01:11:50,brandimarte_mk13,LPT_SMPT,43,25333.34,3,RowAisle0_Seg3,RowAisle,East,376,32,8.00,0.25,0.0784
2026-05-31 01:11:50,brandimarte_mk13,LPT_SMPT,43,25333.34,4,RowAisle1_Seg0,RowAisle,West,145,10,2.50,0.25,0.0645
2026-05-31 01:11:50,brandimarte_mk13,LPT_SMPT,43,25333.34,5,RowAisle1_Seg1,RowAisle,West,145,10,2.50,0.25,0.0645
2026-05-31 01:11:50,brandimarte_mk13,LPT_SMPT,43,25333.34,6,RowAisle1_Seg2,RowAisle,West,145,16,4.00,0.25,0.0994
2026-05-31 01:11:50,brandimarte_mk13,LPT_SMPT,43,25333.34,7,RowAisle1_Seg3,RowAisle,West,145,0,0.00,0.00,0.0000
2026-05-31 01:11:50,brandimarte_mk13,LPT_SMPT,43,25333.34,8,TopSpine_Seg0,SpineAisle,East,30,0,0.00,0.00,0.0000
2026-05-31 01:11:50,brandimarte_mk13,LPT_SMPT,43,25333.34,9,TopSpine_Seg1,SpineAisle,East,30,0,0.00,0.00,0.0000
2026-05-31 01:11:50,brandimarte_mk13,LPT_SMPT,43,25333.34,10,TopSpine_Seg2,SpineAisle,East,30,0,0.00,0.00,0.0000
2026-05-31 01:11:50,brandimarte_mk13,LPT_SMPT,43,25333.34,11,TopSpine_Seg3,SpineAisle,East,30,0,0.00,0.00,0.0000
2026-05-31 01:11:50,brandimarte_mk13,LPT_SMPT,43,25333.34,12,TopSpine_Seg4,SpineAisle,East,30,0,0.00,0.00,0.0000
2026-05-31 01:11:50,brandimarte_mk13,LPT_SMPT,43,25333.34,13,BotSpine_Seg0,SpineAisle,West,261,0,0.00,0.00,0.0000
2026-05-31 01:11:50,brandimarte_mk13,LPT_SMPT,43,25333.34,14,BotSpine_Seg1,SpineAisle,West,261,0,0.00,0.00,0.0000
2026-05-31 01:11:50,brandimarte_mk13,LPT_SMPT,43,25333.34,15,BotSpine_Seg2,SpineAisle,West,261,0,0.00,0.00,0.0000
2026-05-31 01:11:50,brandimarte_mk13,LPT_SMPT,43,25333.34,16,BotSpine_Seg3,SpineAisle,West,261,0,0.00,0.00,0.0000
2026-05-31 01:11:50,brandimarte_mk13,LPT_SMPT,43,25333.34,17,BotSpine_Seg4,SpineAisle,West,261,0,0.00,0.00,0.0000
2026-05-31 01:11:50,brandimarte_mk13,LPT_SMPT,43,25333.34,18,LeftVert_TopConn,VerticalAisle,North,30,0,0.00,0.00,0.0000
2026-05-31 01:11:50,brandimarte_mk13,LPT_SMPT,43,25333.34,19,LeftVert_Row0,VerticalAisle,North,406,1250,312.50,0.25,0.7548
2026-05-31 01:11:50,brandimarte_mk13,LPT_SMPT,43,25333.34,20,LeftVert_Row1,VerticalAisle,North,406,132,33.00,0.25,0.2454
2026-05-31 01:11:50,brandimarte_mk13,LPT_SMPT,43,25333.34,21,LeftVert_BotConn,VerticalAisle,North,261,1178,294.50,0.25,0.8186
2026-05-31 01:11:50,brandimarte_mk13,LPT_SMPT,43,25333.34,22,RightVert_TopConn,VerticalAisle,South,30,0,0.00,0.00,0.0000
2026-05-31 01:11:50,brandimarte_mk13,LPT_SMPT,43,25333.34,23,RightVert_Row0,VerticalAisle,South,406,5,1.25,0.25,0.0122
2026-05-31 01:11:50,brandimarte_mk13,LPT_SMPT,43,25333.34,24,RightVert_Row1,VerticalAisle,South,406,2,0.50,0.25,0.0049
2026-05-31 01:11:50,brandimarte_mk13,LPT_SMPT,43,25333.34,25,RightVert_BotConn,VerticalAisle,South,261,5,1.25,0.25,0.0188
2026-05-31 01:22:29,brandimarte_mk13,LPT_SMPT,44,25333.34,0,RowAisle0_Seg0,RowAisle,East,376,527,131.75,0.25,0.5836
2026-05-31 01:22:29,brandimarte_mk13,LPT_SMPT,44,25333.34,1,RowAisle0_Seg1,RowAisle,East,376,387,96.75,0.25,0.5072
2026-05-31 01:22:29,brandimarte_mk13,LPT_SMPT,44,25333.34,2,RowAisle0_Seg2,RowAisle,East,376,916,229.00,0.25,0.7090
2026-05-31 01:22:29,brandimarte_mk13,LPT_SMPT,44,25333.34,3,RowAisle0_Seg3,RowAisle,East,376,34,8.50,0.25,0.0829
2026-05-31 01:22:29,brandimarte_mk13,LPT_SMPT,44,25333.34,4,RowAisle1_Seg0,RowAisle,West,145,11,2.75,0.25,0.0705
2026-05-31 01:22:29,brandimarte_mk13,LPT_SMPT,44,25333.34,5,RowAisle1_Seg1,RowAisle,West,145,9,2.25,0.25,0.0584
2026-05-31 01:22:29,brandimarte_mk13,LPT_SMPT,44,25333.34,6,RowAisle1_Seg2,RowAisle,West,145,15,3.75,0.25,0.0938
2026-05-31 01:22:29,brandimarte_mk13,LPT_SMPT,44,25333.34,7,RowAisle1_Seg3,RowAisle,West,145,0,0.00,0.00,0.0000
2026-05-31 01:22:29,brandimarte_mk13,LPT_SMPT,44,25333.34,8,TopSpine_Seg0,SpineAisle,East,30,0,0.00,0.00,0.0000
2026-05-31 01:22:29,brandimarte_mk13,LPT_SMPT,44,25333.34,9,TopSpine_Seg1,SpineAisle,East,30,0,0.00,0.00,0.0000
2026-05-31 01:22:29,brandimarte_mk13,LPT_SMPT,44,25333.34,10,TopSpine_Seg2,SpineAisle,East,30,0,0.00,0.00,0.0000
2026-05-31 01:22:29,brandimarte_mk13,LPT_SMPT,44,25333.34,11,TopSpine_Seg3,SpineAisle,East,30,0,0.00,0.00,0.0000
2026-05-31 01:22:29,brandimarte_mk13,LPT_SMPT,44,25333.34,12,TopSpine_Seg4,SpineAisle,East,30,0,0.00,0.00,0.0000
2026-05-31 01:22:29,brandimarte_mk13,LPT_SMPT,44,25333.34,13,BotSpine_Seg0,SpineAisle,West,261,0,0.00,0.00,0.0000
2026-05-31 01:22:29,brandimarte_mk13,LPT_SMPT,44,25333.34,14,BotSpine_Seg1,SpineAisle,West,261,0,0.00,0.00,0.0000
2026-05-31 01:22:29,brandimarte_mk13,LPT_SMPT,44,25333.34,15,BotSpine_Seg2,SpineAisle,West,261,0,0.00,0.00,0.0000
2026-05-31 01:22:29,brandimarte_mk13,LPT_SMPT,44,25333.34,16,BotSpine_Seg3,SpineAisle,West,261,0,0.00,0.00,0.0000
2026-05-31 01:22:29,brandimarte_mk13,LPT_SMPT,44,25333.34,17,BotSpine_Seg4,SpineAisle,West,261,0,0.00,0.00,0.0000
2026-05-31 01:22:29,brandimarte_mk13,LPT_SMPT,44,25333.34,18,LeftVert_TopConn,VerticalAisle,North,30,0,0.00,0.00,0.0000
2026-05-31 01:22:29,brandimarte_mk13,LPT_SMPT,44,25333.34,19,LeftVert_Row0,VerticalAisle,North,406,1249,312.25,0.25,0.7547
2026-05-31 01:22:29,brandimarte_mk13,LPT_SMPT,44,25333.34,20,LeftVert_Row1,VerticalAisle,North,406,131,32.75,0.25,0.2439
2026-05-31 01:22:29,brandimarte_mk13,LPT_SMPT,44,25333.34,21,LeftVert_BotConn,VerticalAisle,North,261,1178,294.50,0.25,0.8186
2026-05-31 01:22:29,brandimarte_mk13,LPT_SMPT,44,25333.34,22,RightVert_TopConn,VerticalAisle,South,30,0,0.00,0.00,0.0000
2026-05-31 01:22:29,brandimarte_mk13,LPT_SMPT,44,25333.34,23,RightVert_Row0,VerticalAisle,South,406,4,1.00,0.25,0.0098
2026-05-31 01:22:29,brandimarte_mk13,LPT_SMPT,44,25333.34,24,RightVert_Row1,VerticalAisle,South,406,3,0.75,0.25,0.0073
2026-05-31 01:22:29,brandimarte_mk13,LPT_SMPT,44,25333.34,25,RightVert_BotConn,VerticalAisle,South,261,5,1.25,0.25,0.0188
2026-05-31 01:32:09,brandimarte_mk15,LPT_SMPT,42,22733.31,0,RowAisle0_Seg0,RowAisle,East,452,476,119.00,0.25,0.5129
2026-05-31 01:32:09,brandimarte_mk15,LPT_SMPT,42,22733.31,1,RowAisle0_Seg1,RowAisle,East,452,487,121.75,0.25,0.5186
2026-05-31 01:32:09,brandimarte_mk15,LPT_SMPT,42,22733.31,2,RowAisle0_Seg2,RowAisle,East,452,974,243.50,0.25,0.6830
2026-05-31 01:32:09,brandimarte_mk15,LPT_SMPT,42,22733.31,3,RowAisle0_Seg3,RowAisle,East,452,43,10.75,0.25,0.0869
2026-05-31 01:32:09,brandimarte_mk15,LPT_SMPT,42,22733.31,4,RowAisle1_Seg0,RowAisle,West,170,45,11.25,0.25,0.2093
2026-05-31 01:32:09,brandimarte_mk15,LPT_SMPT,42,22733.31,5,RowAisle1_Seg1,RowAisle,West,170,15,3.75,0.25,0.0811
2026-05-31 01:32:09,brandimarte_mk15,LPT_SMPT,42,22733.31,6,RowAisle1_Seg2,RowAisle,West,170,7,1.75,0.25,0.0395
2026-05-31 01:32:09,brandimarte_mk15,LPT_SMPT,42,22733.31,7,RowAisle1_Seg3,RowAisle,West,170,369,92.25,0.25,0.6846
2026-05-31 01:32:09,brandimarte_mk15,LPT_SMPT,42,22733.31,8,RowAisle2_Seg0,RowAisle,East,37,0,0.00,0.00,0.0000
2026-05-31 01:32:09,brandimarte_mk15,LPT_SMPT,42,22733.31,9,RowAisle2_Seg1,RowAisle,East,37,0,0.00,0.00,0.0000
2026-05-31 01:32:09,brandimarte_mk15,LPT_SMPT,42,22733.31,10,RowAisle2_Seg2,RowAisle,East,37,0,0.00,0.00,0.0000
2026-05-31 01:32:09,brandimarte_mk15,LPT_SMPT,42,22733.31,11,RowAisle2_Seg3,RowAisle,East,37,0,0.00,0.00,0.0000
2026-05-31 01:32:09,brandimarte_mk15,LPT_SMPT,42,22733.31,12,TopSpine_Seg0,SpineAisle,East,30,0,0.00,0.00,0.0000
2026-05-31 01:32:09,brandimarte_mk15,LPT_SMPT,42,22733.31,13,TopSpine_Seg1,SpineAisle,East,30,0,0.00,0.00,0.0000
2026-05-31 01:32:09,brandimarte_mk15,LPT_SMPT,42,22733.31,14,TopSpine_Seg2,SpineAisle,East,30,0,0.00,0.00,0.0000
2026-05-31 01:32:09,brandimarte_mk15,LPT_SMPT,42,22733.31,15,TopSpine_Seg3,SpineAisle,East,30,0,0.00,0.00,0.0000
2026-05-31 01:32:09,brandimarte_mk15,LPT_SMPT,42,22733.31,16,TopSpine_Seg4,SpineAisle,East,30,0,0.00,0.00,0.0000
2026-05-31 01:32:09,brandimarte_mk15,LPT_SMPT,42,22733.31,17,BotSpine_Seg0,SpineAisle,West,349,0,0.00,0.00,0.0000
2026-05-31 01:32:09,brandimarte_mk15,LPT_SMPT,42,22733.31,18,BotSpine_Seg1,SpineAisle,West,349,0,0.00,0.00,0.0000
2026-05-31 01:32:09,brandimarte_mk15,LPT_SMPT,42,22733.31,19,BotSpine_Seg2,SpineAisle,West,349,0,0.00,0.00,0.0000
2026-05-31 01:32:09,brandimarte_mk15,LPT_SMPT,42,22733.31,20,BotSpine_Seg3,SpineAisle,West,349,0,0.00,0.00,0.0000
2026-05-31 01:32:09,brandimarte_mk15,LPT_SMPT,42,22733.31,21,BotSpine_Seg4,SpineAisle,West,349,0,0.00,0.00,0.0000
2026-05-31 01:32:09,brandimarte_mk15,LPT_SMPT,42,22733.31,22,LeftVert_TopConn,VerticalAisle,North,30,0,0.00,0.00,0.0000
2026-05-31 01:32:09,brandimarte_mk15,LPT_SMPT,42,22733.31,23,LeftVert_Row0,VerticalAisle,North,482,2295,573.75,0.25,0.8264
2026-05-31 01:32:09,brandimarte_mk15,LPT_SMPT,42,22733.31,24,LeftVert_Row1,VerticalAisle,North,482,526,131.50,0.25,0.5218
2026-05-31 01:32:09,brandimarte_mk15,LPT_SMPT,42,22733.31,25,LeftVert_Row2,VerticalAisle,North,349,462,115.50,0.25,0.5697
2026-05-31 01:32:09,brandimarte_mk15,LPT_SMPT,42,22733.31,26,LeftVert_BotConn,VerticalAisle,North,349,1519,379.75,0.25,0.8132
2026-05-31 01:32:09,brandimarte_mk15,LPT_SMPT,42,22733.31,27,RightVert_TopConn,VerticalAisle,South,30,0,0.00,0.00,0.0000
2026-05-31 01:32:09,brandimarte_mk15,LPT_SMPT,42,22733.31,28,RightVert_Row0,VerticalAisle,South,482,239,59.75,0.25,0.3315
2026-05-31 01:32:09,brandimarte_mk15,LPT_SMPT,42,22733.31,29,RightVert_Row1,VerticalAisle,South,482,231,57.75,0.25,0.3240
2026-05-31 01:32:09,brandimarte_mk15,LPT_SMPT,42,22733.31,30,RightVert_Row2,VerticalAisle,South,349,32,8.00,0.25,0.0840
2026-05-31 01:32:09,brandimarte_mk15,LPT_SMPT,42,22733.31,31,RightVert_BotConn,VerticalAisle,South,349,54,13.50,0.25,0.1340
2026-05-31 01:41:48,brandimarte_mk15,LPT_SMPT,43,22733.34,0,RowAisle0_Seg0,RowAisle,East,452,475,118.75,0.25,0.5124
2026-05-31 01:41:48,brandimarte_mk15,LPT_SMPT,43,22733.34,1,RowAisle0_Seg1,RowAisle,East,452,485,121.25,0.25,0.5176
2026-05-31 01:41:48,brandimarte_mk15,LPT_SMPT,43,22733.34,2,RowAisle0_Seg2,RowAisle,East,452,975,243.75,0.25,0.6833
2026-05-31 01:41:48,brandimarte_mk15,LPT_SMPT,43,22733.34,3,RowAisle0_Seg3,RowAisle,East,452,43,10.75,0.25,0.0869
2026-05-31 01:41:48,brandimarte_mk15,LPT_SMPT,43,22733.34,4,RowAisle1_Seg0,RowAisle,West,170,45,11.25,0.25,0.2093
2026-05-31 01:41:48,brandimarte_mk15,LPT_SMPT,43,22733.34,5,RowAisle1_Seg1,RowAisle,West,170,15,3.75,0.25,0.0811
2026-05-31 01:41:48,brandimarte_mk15,LPT_SMPT,43,22733.34,6,RowAisle1_Seg2,RowAisle,West,170,6,1.50,0.25,0.0341
2026-05-31 01:41:48,brandimarte_mk15,LPT_SMPT,43,22733.34,7,RowAisle1_Seg3,RowAisle,West,170,368,92.00,0.25,0.6840
2026-05-31 01:41:48,brandimarte_mk15,LPT_SMPT,43,22733.34,8,RowAisle2_Seg0,RowAisle,East,37,0,0.00,0.00,0.0000
2026-05-31 01:41:48,brandimarte_mk15,LPT_SMPT,43,22733.34,9,RowAisle2_Seg1,RowAisle,East,37,0,0.00,0.00,0.0000
2026-05-31 01:41:48,brandimarte_mk15,LPT_SMPT,43,22733.34,10,RowAisle2_Seg2,RowAisle,East,37,0,0.00,0.00,0.0000
2026-05-31 01:41:48,brandimarte_mk15,LPT_SMPT,43,22733.34,11,RowAisle2_Seg3,RowAisle,East,37,0,0.00,0.00,0.0000
2026-05-31 01:41:48,brandimarte_mk15,LPT_SMPT,43,22733.34,12,TopSpine_Seg0,SpineAisle,East,30,0,0.00,0.00,0.0000
2026-05-31 01:41:48,brandimarte_mk15,LPT_SMPT,43,22733.34,13,TopSpine_Seg1,SpineAisle,East,30,0,0.00,0.00,0.0000
2026-05-31 01:41:48,brandimarte_mk15,LPT_SMPT,43,22733.34,14,TopSpine_Seg2,SpineAisle,East,30,0,0.00,0.00,0.0000
2026-05-31 01:41:48,brandimarte_mk15,LPT_SMPT,43,22733.34,15,TopSpine_Seg3,SpineAisle,East,30,0,0.00,0.00,0.0000
2026-05-31 01:41:48,brandimarte_mk15,LPT_SMPT,43,22733.34,16,TopSpine_Seg4,SpineAisle,East,30,0,0.00,0.00,0.0000
2026-05-31 01:41:48,brandimarte_mk15,LPT_SMPT,43,22733.34,17,BotSpine_Seg0,SpineAisle,West,349,0,0.00,0.00,0.0000
2026-05-31 01:41:48,brandimarte_mk15,LPT_SMPT,43,22733.34,18,BotSpine_Seg1,SpineAisle,West,349,0,0.00,0.00,0.0000
2026-05-31 01:41:48,brandimarte_mk15,LPT_SMPT,43,22733.34,19,BotSpine_Seg2,SpineAisle,West,349,0,0.00,0.00,0.0000
2026-05-31 01:41:48,brandimarte_mk15,LPT_SMPT,43,22733.34,20,BotSpine_Seg3,SpineAisle,West,349,0,0.00,0.00,0.0000
2026-05-31 01:41:48,brandimarte_mk15,LPT_SMPT,43,22733.34,21,BotSpine_Seg4,SpineAisle,West,349,0,0.00,0.00,0.0000
2026-05-31 01:41:48,brandimarte_mk15,LPT_SMPT,43,22733.34,22,LeftVert_TopConn,VerticalAisle,North,30,0,0.00,0.00,0.0000
2026-05-31 01:41:48,brandimarte_mk15,LPT_SMPT,43,22733.34,23,LeftVert_Row0,VerticalAisle,North,482,2295,573.75,0.25,0.8264
2026-05-31 01:41:48,brandimarte_mk15,LPT_SMPT,43,22733.34,24,LeftVert_Row1,VerticalAisle,North,482,526,131.50,0.25,0.5218
2026-05-31 01:41:48,brandimarte_mk15,LPT_SMPT,43,22733.34,25,LeftVert_Row2,VerticalAisle,North,349,459,114.75,0.25,0.5681
2026-05-31 01:41:48,brandimarte_mk15,LPT_SMPT,43,22733.34,26,LeftVert_BotConn,VerticalAisle,North,349,1520,380.00,0.25,0.8133
2026-05-31 01:41:48,brandimarte_mk15,LPT_SMPT,43,22733.34,27,RightVert_TopConn,VerticalAisle,South,30,0,0.00,0.00,0.0000
2026-05-31 01:41:48,brandimarte_mk15,LPT_SMPT,43,22733.34,28,RightVert_Row0,VerticalAisle,South,482,239,59.75,0.25,0.3315
2026-05-31 01:41:48,brandimarte_mk15,LPT_SMPT,43,22733.34,29,RightVert_Row1,VerticalAisle,South,482,223,55.75,0.25,0.3163
2026-05-31 01:41:48,brandimarte_mk15,LPT_SMPT,43,22733.34,30,RightVert_Row2,VerticalAisle,South,349,32,8.00,0.25,0.0840
2026-05-31 01:41:48,brandimarte_mk15,LPT_SMPT,43,22733.34,31,RightVert_BotConn,VerticalAisle,South,349,53,13.25,0.25,0.1318
2026-05-31 01:51:28,brandimarte_mk15,LPT_SMPT,44,22733.34,0,RowAisle0_Seg0,RowAisle,East,452,476,119.00,0.25,0.5129
2026-05-31 01:51:28,brandimarte_mk15,LPT_SMPT,44,22733.34,1,RowAisle0_Seg1,RowAisle,East,452,487,121.75,0.25,0.5186
2026-05-31 01:51:28,brandimarte_mk15,LPT_SMPT,44,22733.34,2,RowAisle0_Seg2,RowAisle,East,452,974,243.50,0.25,0.6830
2026-05-31 01:51:28,brandimarte_mk15,LPT_SMPT,44,22733.34,3,RowAisle0_Seg3,RowAisle,East,452,43,10.75,0.25,0.0869
2026-05-31 01:51:28,brandimarte_mk15,LPT_SMPT,44,22733.34,4,RowAisle1_Seg0,RowAisle,West,170,45,11.25,0.25,0.2093
2026-05-31 01:51:28,brandimarte_mk15,LPT_SMPT,44,22733.34,5,RowAisle1_Seg1,RowAisle,West,170,15,3.75,0.25,0.0811
2026-05-31 01:51:28,brandimarte_mk15,LPT_SMPT,44,22733.34,6,RowAisle1_Seg2,RowAisle,West,170,7,1.75,0.25,0.0395
2026-05-31 01:51:28,brandimarte_mk15,LPT_SMPT,44,22733.34,7,RowAisle1_Seg3,RowAisle,West,170,369,92.25,0.25,0.6846
2026-05-31 01:51:28,brandimarte_mk15,LPT_SMPT,44,22733.34,8,RowAisle2_Seg0,RowAisle,East,37,0,0.00,0.00,0.0000
2026-05-31 01:51:28,brandimarte_mk15,LPT_SMPT,44,22733.34,9,RowAisle2_Seg1,RowAisle,East,37,0,0.00,0.00,0.0000
2026-05-31 01:51:28,brandimarte_mk15,LPT_SMPT,44,22733.34,10,RowAisle2_Seg2,RowAisle,East,37,0,0.00,0.00,0.0000
2026-05-31 01:51:28,brandimarte_mk15,LPT_SMPT,44,22733.34,11,RowAisle2_Seg3,RowAisle,East,37,0,0.00,0.00,0.0000
2026-05-31 01:51:28,brandimarte_mk15,LPT_SMPT,44,22733.34,12,TopSpine_Seg0,SpineAisle,East,30,0,0.00,0.00,0.0000
2026-05-31 01:51:28,brandimarte_mk15,LPT_SMPT,44,22733.34,13,TopSpine_Seg1,SpineAisle,East,30,0,0.00,0.00,0.0000
2026-05-31 01:51:28,brandimarte_mk15,LPT_SMPT,44,22733.34,14,TopSpine_Seg2,SpineAisle,East,30,0,0.00,0.00,0.0000
2026-05-31 01:51:28,brandimarte_mk15,LPT_SMPT,44,22733.34,15,TopSpine_Seg3,SpineAisle,East,30,0,0.00,0.00,0.0000
2026-05-31 01:51:28,brandimarte_mk15,LPT_SMPT,44,22733.34,16,TopSpine_Seg4,SpineAisle,East,30,0,0.00,0.00,0.0000
2026-05-31 01:51:28,brandimarte_mk15,LPT_SMPT,44,22733.34,17,BotSpine_Seg0,SpineAisle,West,349,0,0.00,0.00,0.0000
2026-05-31 01:51:28,brandimarte_mk15,LPT_SMPT,44,22733.34,18,BotSpine_Seg1,SpineAisle,West,349,0,0.00,0.00,0.0000
2026-05-31 01:51:28,brandimarte_mk15,LPT_SMPT,44,22733.34,19,BotSpine_Seg2,SpineAisle,West,349,0,0.00,0.00,0.0000
2026-05-31 01:51:28,brandimarte_mk15,LPT_SMPT,44,22733.34,20,BotSpine_Seg3,SpineAisle,West,349,0,0.00,0.00,0.0000
2026-05-31 01:51:28,brandimarte_mk15,LPT_SMPT,44,22733.34,21,BotSpine_Seg4,SpineAisle,West,349,0,0.00,0.00,0.0000
2026-05-31 01:51:28,brandimarte_mk15,LPT_SMPT,44,22733.34,22,LeftVert_TopConn,VerticalAisle,North,30,0,0.00,0.00,0.0000
2026-05-31 01:51:28,brandimarte_mk15,LPT_SMPT,44,22733.34,23,LeftVert_Row0,VerticalAisle,North,482,2296,574.00,0.25,0.8265
2026-05-31 01:51:28,brandimarte_mk15,LPT_SMPT,44,22733.34,24,LeftVert_Row1,VerticalAisle,North,482,526,131.50,0.25,0.5218
2026-05-31 01:51:28,brandimarte_mk15,LPT_SMPT,44,22733.34,25,LeftVert_Row2,VerticalAisle,North,349,462,115.50,0.25,0.5697
2026-05-31 01:51:28,brandimarte_mk15,LPT_SMPT,44,22733.34,26,LeftVert_BotConn,VerticalAisle,North,349,1519,379.75,0.25,0.8132
2026-05-31 01:51:28,brandimarte_mk15,LPT_SMPT,44,22733.34,27,RightVert_TopConn,VerticalAisle,South,30,0,0.00,0.00,0.0000
2026-05-31 01:51:28,brandimarte_mk15,LPT_SMPT,44,22733.34,28,RightVert_Row0,VerticalAisle,South,482,238,59.50,0.25,0.3306
2026-05-31 01:51:28,brandimarte_mk15,LPT_SMPT,44,22733.34,29,RightVert_Row1,VerticalAisle,South,482,230,57.50,0.25,0.3230
2026-05-31 01:51:28,brandimarte_mk15,LPT_SMPT,44,22733.34,30,RightVert_Row2,VerticalAisle,South,349,32,8.00,0.25,0.0840
2026-05-31 01:51:28,brandimarte_mk15,LPT_SMPT,44,22733.34,31,RightVert_BotConn,VerticalAisle,South,349,54,13.50,0.25,0.1340
2026-05-30 23:12:50,brandimarte_mk01,SRT_SRWT,42,4022.53,0,RowAisle0_Seg0,RowAisle,East,80,66,17.16,0.26,0.4521
2026-05-30 23:12:50,brandimarte_mk01,SRT_SRWT,42,4022.53,1,RowAisle0_Seg1,RowAisle,East,80,351,91.26,0.26,0.8144
2026-05-30 23:12:50,brandimarte_mk01,SRT_SRWT,42,4022.53,2,RowAisle0_Seg2,RowAisle,East,80,10,2.60,0.26,0.1111
2026-05-30 23:12:50,brandimarte_mk01,SRT_SRWT,42,4022.53,3,TopSpine_Seg0,SpineAisle,East,10,0,0.00,0.00,0.0000
2026-05-30 23:12:50,brandimarte_mk01,SRT_SRWT,42,4022.53,4,TopSpine_Seg1,SpineAisle,East,10,0,0.00,0.00,0.0000
2026-05-30 23:12:50,brandimarte_mk01,SRT_SRWT,42,4022.53,5,TopSpine_Seg2,SpineAisle,East,10,0,0.00,0.00,0.0000
2026-05-30 23:12:50,brandimarte_mk01,SRT_SRWT,42,4022.53,6,TopSpine_Seg3,SpineAisle,East,10,0,0.00,0.00,0.0000
2026-05-30 23:12:50,brandimarte_mk01,SRT_SRWT,42,4022.53,7,BotSpine_Seg0,SpineAisle,West,90,0,0.00,0.00,0.0000
2026-05-30 23:12:50,brandimarte_mk01,SRT_SRWT,42,4022.53,8,BotSpine_Seg1,SpineAisle,West,90,0,0.00,0.00,0.0000
2026-05-30 23:12:50,brandimarte_mk01,SRT_SRWT,42,4022.53,9,BotSpine_Seg2,SpineAisle,West,90,0,0.00,0.00,0.0000
2026-05-30 23:12:50,brandimarte_mk01,SRT_SRWT,42,4022.53,10,BotSpine_Seg3,SpineAisle,West,90,0,0.00,0.00,0.0000
2026-05-30 23:12:50,brandimarte_mk01,SRT_SRWT,42,4022.53,11,LeftVert_TopConn,VerticalAisle,North,10,0,0.00,0.00,0.0000
2026-05-30 23:12:50,brandimarte_mk01,SRT_SRWT,42,4022.53,12,LeftVert_Row0,VerticalAisle,North,90,643,167.18,0.26,0.8772
2026-05-30 23:12:50,brandimarte_mk01,SRT_SRWT,42,4022.53,13,LeftVert_BotConn,VerticalAisle,North,90,362,94.12,0.26,0.8009
2026-05-30 23:12:50,brandimarte_mk01,SRT_SRWT,42,4022.53,14,RightVert_TopConn,VerticalAisle,South,10,0,0.00,0.00,0.0000
2026-05-30 23:12:50,brandimarte_mk01,SRT_SRWT,42,4022.53,15,RightVert_Row0,VerticalAisle,South,90,5,1.30,0.26,0.0526
2026-05-30 23:12:50,brandimarte_mk01,SRT_SRWT,42,4022.53,16,RightVert_BotConn,VerticalAisle,South,90,15,3.90,0.26,0.1429
2026-05-30 23:14:33,brandimarte_mk01,SRT_SRWT,43,4133.33,0,RowAisle0_Seg0,RowAisle,East,80,64,16.64,0.26,0.4444
2026-05-30 23:14:33,brandimarte_mk01,SRT_SRWT,43,4133.33,1,RowAisle0_Seg1,RowAisle,East,80,351,91.26,0.26,0.8144
2026-05-30 23:14:33,brandimarte_mk01,SRT_SRWT,43,4133.33,2,RowAisle0_Seg2,RowAisle,East,80,7,1.82,0.26,0.0805
2026-05-30 23:14:33,brandimarte_mk01,SRT_SRWT,43,4133.33,3,TopSpine_Seg0,SpineAisle,East,10,0,0.00,0.00,0.0000
2026-05-30 23:14:33,brandimarte_mk01,SRT_SRWT,43,4133.33,4,TopSpine_Seg1,SpineAisle,East,10,0,0.00,0.00,0.0000
2026-05-30 23:14:33,brandimarte_mk01,SRT_SRWT,43,4133.33,5,TopSpine_Seg2,SpineAisle,East,10,0,0.00,0.00,0.0000
2026-05-30 23:14:33,brandimarte_mk01,SRT_SRWT,43,4133.33,6,TopSpine_Seg3,SpineAisle,East,10,0,0.00,0.00,0.0000
2026-05-30 23:14:33,brandimarte_mk01,SRT_SRWT,43,4133.33,7,BotSpine_Seg0,SpineAisle,West,90,0,0.00,0.00,0.0000
2026-05-30 23:14:33,brandimarte_mk01,SRT_SRWT,43,4133.33,8,BotSpine_Seg1,SpineAisle,West,90,0,0.00,0.00,0.0000
2026-05-30 23:14:33,brandimarte_mk01,SRT_SRWT,43,4133.33,9,BotSpine_Seg2,SpineAisle,West,90,0,0.00,0.00,0.0000
2026-05-30 23:14:33,brandimarte_mk01,SRT_SRWT,43,4133.33,10,BotSpine_Seg3,SpineAisle,West,90,0,0.00,0.00,0.0000
2026-05-30 23:14:33,brandimarte_mk01,SRT_SRWT,43,4133.33,11,LeftVert_TopConn,VerticalAisle,North,10,0,0.00,0.00,0.0000
2026-05-30 23:14:33,brandimarte_mk01,SRT_SRWT,43,4133.33,12,LeftVert_Row0,VerticalAisle,North,90,630,163.80,0.26,0.8750
2026-05-30 23:14:33,brandimarte_mk01,SRT_SRWT,43,4133.33,13,LeftVert_BotConn,VerticalAisle,North,90,348,90.48,0.26,0.7945
2026-05-30 23:14:33,brandimarte_mk01,SRT_SRWT,43,4133.33,14,RightVert_TopConn,VerticalAisle,South,10,0,0.00,0.00,0.0000
2026-05-30 23:14:33,brandimarte_mk01,SRT_SRWT,43,4133.33,15,RightVert_Row0,VerticalAisle,South,90,0,0.00,0.00,0.0000
2026-05-30 23:14:33,brandimarte_mk01,SRT_SRWT,43,4133.33,16,RightVert_BotConn,VerticalAisle,South,90,6,1.56,0.26,0.0625
2026-05-30 23:16:15,brandimarte_mk01,SRT_SRWT,44,4133.33,0,RowAisle0_Seg0,RowAisle,East,80,65,16.90,0.26,0.4483
2026-05-30 23:16:15,brandimarte_mk01,SRT_SRWT,44,4133.33,1,RowAisle0_Seg1,RowAisle,East,80,351,91.26,0.26,0.8144
2026-05-30 23:16:15,brandimarte_mk01,SRT_SRWT,44,4133.33,2,RowAisle0_Seg2,RowAisle,East,80,7,1.82,0.26,0.0805
2026-05-30 23:16:15,brandimarte_mk01,SRT_SRWT,44,4133.33,3,TopSpine_Seg0,SpineAisle,East,10,0,0.00,0.00,0.0000
2026-05-30 23:16:15,brandimarte_mk01,SRT_SRWT,44,4133.33,4,TopSpine_Seg1,SpineAisle,East,10,0,0.00,0.00,0.0000
2026-05-30 23:16:15,brandimarte_mk01,SRT_SRWT,44,4133.33,5,TopSpine_Seg2,SpineAisle,East,10,0,0.00,0.00,0.0000
2026-05-30 23:16:15,brandimarte_mk01,SRT_SRWT,44,4133.33,6,TopSpine_Seg3,SpineAisle,East,10,0,0.00,0.00,0.0000
2026-05-30 23:16:15,brandimarte_mk01,SRT_SRWT,44,4133.33,7,BotSpine_Seg0,SpineAisle,West,90,0,0.00,0.00,0.0000
2026-05-30 23:16:15,brandimarte_mk01,SRT_SRWT,44,4133.33,8,BotSpine_Seg1,SpineAisle,West,90,0,0.00,0.00,0.0000
2026-05-30 23:16:15,brandimarte_mk01,SRT_SRWT,44,4133.33,9,BotSpine_Seg2,SpineAisle,West,90,0,0.00,0.00,0.0000
2026-05-30 23:16:15,brandimarte_mk01,SRT_SRWT,44,4133.33,10,BotSpine_Seg3,SpineAisle,West,90,0,0.00,0.00,0.0000
2026-05-30 23:16:15,brandimarte_mk01,SRT_SRWT,44,4133.33,11,LeftVert_TopConn,VerticalAisle,North,10,0,0.00,0.00,0.0000
2026-05-30 23:16:15,brandimarte_mk01,SRT_SRWT,44,4133.33,12,LeftVert_Row0,VerticalAisle,North,90,630,163.80,0.26,0.8750
2026-05-30 23:16:15,brandimarte_mk01,SRT_SRWT,44,4133.33,13,LeftVert_BotConn,VerticalAisle,North,90,348,90.48,0.26,0.7945
2026-05-30 23:16:15,brandimarte_mk01,SRT_SRWT,44,4133.33,14,RightVert_TopConn,VerticalAisle,South,10,0,0.00,0.00,0.0000
2026-05-30 23:16:15,brandimarte_mk01,SRT_SRWT,44,4133.33,15,RightVert_Row0,VerticalAisle,South,90,0,0.00,0.00,0.0000
2026-05-30 23:16:15,brandimarte_mk01,SRT_SRWT,44,4133.33,16,RightVert_BotConn,VerticalAisle,South,90,6,1.56,0.26,0.0625
2026-05-31 02:46:02,brandimarte_mk03,SRT_SRWT,42,500000.05,0,RowAisle0_Seg0,RowAisle,East,37,1975316,7.80,0.00,1.0000
2026-05-31 02:46:02,brandimarte_mk03,SRT_SRWT,42,500000.05,1,RowAisle0_Seg1,RowAisle,East,37,299,77.74,0.26,0.8899
2026-05-31 02:46:02,brandimarte_mk03,SRT_SRWT,42,500000.05,2,RowAisle0_Seg2,RowAisle,East,36,1975296,0.52,0.00,1.0000
2026-05-31 02:46:02,brandimarte_mk03,SRT_SRWT,42,500000.05,3,RowAisle1_Seg0,RowAisle,West,23,10,2.60,0.26,0.3030
2026-05-31 02:46:02,brandimarte_mk03,SRT_SRWT,42,500000.05,4,RowAisle1_Seg1,RowAisle,West,23,1975308,0.00,0.00,1.0000
2026-05-31 02:46:02,brandimarte_mk03,SRT_SRWT,42,500000.05,5,RowAisle1_Seg2,RowAisle,West,24,122,31.72,0.26,0.8356
2026-05-31 02:46:02,brandimarte_mk03,SRT_SRWT,42,500000.05,6,TopSpine_Seg0,SpineAisle,East,15,0,0.00,0.00,0.0000
2026-05-31 02:46:02,brandimarte_mk03,SRT_SRWT,42,500000.05,7,TopSpine_Seg1,SpineAisle,East,15,0,0.00,0.00,0.0000
2026-05-31 02:46:02,brandimarte_mk03,SRT_SRWT,42,500000.05,8,TopSpine_Seg2,SpineAisle,East,15,0,0.00,0.00,0.0000
2026-05-31 02:46:02,brandimarte_mk03,SRT_SRWT,42,500000.05,9,TopSpine_Seg3,SpineAisle,East,15,0,0.00,0.00,0.0000
2026-05-31 02:46:02,brandimarte_mk03,SRT_SRWT,42,500000.05,10,BotSpine_Seg0,SpineAisle,West,26,0,0.00,0.00,0.0000
2026-05-31 02:46:02,brandimarte_mk03,SRT_SRWT,42,500000.05,11,BotSpine_Seg1,SpineAisle,West,26,0,0.00,0.00,0.0000
2026-05-31 02:46:02,brandimarte_mk03,SRT_SRWT,42,500000.05,12,BotSpine_Seg2,SpineAisle,West,26,0,0.00,0.00,0.0000
2026-05-31 02:46:02,brandimarte_mk03,SRT_SRWT,42,500000.05,13,BotSpine_Seg3,SpineAisle,West,26,0,0.00,0.00,0.0000
2026-05-31 02:46:02,brandimarte_mk03,SRT_SRWT,42,500000.05,14,LeftVert_TopConn,VerticalAisle,North,15,0,0.00,0.00,0.0000
2026-05-31 02:46:02,brandimarte_mk03,SRT_SRWT,42,500000.05,15,LeftVert_Row0,VerticalAisle,North,53,52,13.52,0.26,0.4952
2026-05-31 02:46:02,brandimarte_mk03,SRT_SRWT,42,500000.05,16,LeftVert_Row1,VerticalAisle,North,53,3950239,0.52,0.00,1.0000
2026-05-31 02:46:02,brandimarte_mk03,SRT_SRWT,42,500000.05,17,LeftVert_BotConn,VerticalAisle,North,32,17761877,13.52,0.00,1.0000
2026-05-31 02:46:02,brandimarte_mk03,SRT_SRWT,42,500000.05,18,RightVert_TopConn,VerticalAisle,South,15,0,0.00,0.00,0.0000
2026-05-31 02:46:02,brandimarte_mk03,SRT_SRWT,42,500000.05,19,RightVert_Row0,VerticalAisle,South,51,104,27.04,0.26,0.6710
2026-05-31 02:46:02,brandimarte_mk03,SRT_SRWT,42,500000.05,20,RightVert_Row1,VerticalAisle,South,50,1975305,0.52,0.00,1.0000
2026-05-31 02:46:02,brandimarte_mk03,SRT_SRWT,42,500000.05,21,RightVert_BotConn,VerticalAisle,South,26,0,0.00,0.00,0.0000
2026-05-31 06:14:15,brandimarte_mk03,SRT_SRWT,43,500000.06,0,RowAisle0_Seg0,RowAisle,East,37,1993317,7.50,0.00,1.0000
2026-05-31 06:14:15,brandimarte_mk03,SRT_SRWT,43,500000.06,1,RowAisle0_Seg1,RowAisle,East,37,309,77.25,0.25,0.8931
2026-05-31 06:14:15,brandimarte_mk03,SRT_SRWT,43,500000.06,2,RowAisle0_Seg2,RowAisle,East,36,1993298,0.50,0.00,1.0000
2026-05-31 06:14:15,brandimarte_mk03,SRT_SRWT,43,500000.06,3,RowAisle1_Seg0,RowAisle,West,23,10,2.50,0.25,0.3030
2026-05-31 06:14:15,brandimarte_mk03,SRT_SRWT,43,500000.06,4,RowAisle1_Seg1,RowAisle,West,23,1993310,0.00,0.00,1.0000
2026-05-31 06:14:15,brandimarte_mk03,SRT_SRWT,43,500000.06,5,RowAisle1_Seg2,RowAisle,West,24,127,31.75,0.25,0.8411
2026-05-31 06:14:15,brandimarte_mk03,SRT_SRWT,43,500000.06,6,TopSpine_Seg0,SpineAisle,East,15,0,0.00,0.00,0.0000
2026-05-31 06:14:15,brandimarte_mk03,SRT_SRWT,43,500000.06,7,TopSpine_Seg1,SpineAisle,East,15,0,0.00,0.00,0.0000
2026-05-31 06:14:15,brandimarte_mk03,SRT_SRWT,43,500000.06,8,TopSpine_Seg2,SpineAisle,East,15,0,0.00,0.00,0.0000
2026-05-31 06:14:15,brandimarte_mk03,SRT_SRWT,43,500000.06,9,TopSpine_Seg3,SpineAisle,East,15,0,0.00,0.00,0.0000
2026-05-31 06:14:15,brandimarte_mk03,SRT_SRWT,43,500000.06,10,BotSpine_Seg0,SpineAisle,West,26,0,0.00,0.00,0.0000
2026-05-31 06:14:15,brandimarte_mk03,SRT_SRWT,43,500000.06,11,BotSpine_Seg1,SpineAisle,West,26,0,0.00,0.00,0.0000
2026-05-31 06:14:15,brandimarte_mk03,SRT_SRWT,43,500000.06,12,BotSpine_Seg2,SpineAisle,West,26,0,0.00,0.00,0.0000
2026-05-31 06:14:15,brandimarte_mk03,SRT_SRWT,43,500000.06,13,BotSpine_Seg3,SpineAisle,West,26,0,0.00,0.00,0.0000
2026-05-31 06:14:15,brandimarte_mk03,SRT_SRWT,43,500000.06,14,LeftVert_TopConn,VerticalAisle,North,15,0,0.00,0.00,0.0000
2026-05-31 06:14:15,brandimarte_mk03,SRT_SRWT,43,500000.06,15,LeftVert_Row0,VerticalAisle,North,53,54,13.50,0.25,0.5047
2026-05-31 06:14:15,brandimarte_mk03,SRT_SRWT,43,500000.06,16,LeftVert_Row1,VerticalAisle,North,53,3986230,0.50,0.00,1.0000
2026-05-31 06:14:15,brandimarte_mk03,SRT_SRWT,43,500000.06,17,LeftVert_BotConn,VerticalAisle,North,32,17923264,14.00,0.00,1.0000
2026-05-31 06:14:15,brandimarte_mk03,SRT_SRWT,43,500000.06,18,RightVert_TopConn,VerticalAisle,South,15,0,0.00,0.00,0.0000
2026-05-31 06:14:15,brandimarte_mk03,SRT_SRWT,43,500000.06,19,RightVert_Row0,VerticalAisle,South,51,109,27.25,0.25,0.6813
2026-05-31 06:14:15,brandimarte_mk03,SRT_SRWT,43,500000.06,20,RightVert_Row1,VerticalAisle,South,50,1993306,0.50,0.00,1.0000
2026-05-31 06:14:15,brandimarte_mk03,SRT_SRWT,43,500000.06,21,RightVert_BotConn,VerticalAisle,South,26,0,0.00,0.00,0.0000
2026-05-31 09:28:36,brandimarte_mk03,SRT_SRWT,44,500000.06,0,RowAisle0_Seg0,RowAisle,East,37,1993316,7.50,0.00,1.0000
2026-05-31 09:28:36,brandimarte_mk03,SRT_SRWT,44,500000.06,1,RowAisle0_Seg1,RowAisle,East,37,310,77.50,0.25,0.8934
2026-05-31 09:28:36,brandimarte_mk03,SRT_SRWT,44,500000.06,2,RowAisle0_Seg2,RowAisle,East,36,1993298,0.50,0.00,1.0000
2026-05-31 09:28:36,brandimarte_mk03,SRT_SRWT,44,500000.06,3,RowAisle1_Seg0,RowAisle,West,23,10,2.50,0.25,0.3030
2026-05-31 09:28:36,brandimarte_mk03,SRT_SRWT,44,500000.06,4,RowAisle1_Seg1,RowAisle,West,23,1993310,0.00,0.00,1.0000
2026-05-31 09:28:36,brandimarte_mk03,SRT_SRWT,44,500000.06,5,RowAisle1_Seg2,RowAisle,West,24,127,31.75,0.25,0.8411
2026-05-31 09:28:36,brandimarte_mk03,SRT_SRWT,44,500000.06,6,TopSpine_Seg0,SpineAisle,East,15,0,0.00,0.00,0.0000
2026-05-31 09:28:36,brandimarte_mk03,SRT_SRWT,44,500000.06,7,TopSpine_Seg1,SpineAisle,East,15,0,0.00,0.00,0.0000
2026-05-31 09:28:36,brandimarte_mk03,SRT_SRWT,44,500000.06,8,TopSpine_Seg2,SpineAisle,East,15,0,0.00,0.00,0.0000
2026-05-31 09:28:36,brandimarte_mk03,SRT_SRWT,44,500000.06,9,TopSpine_Seg3,SpineAisle,East,15,0,0.00,0.00,0.0000
2026-05-31 09:28:36,brandimarte_mk03,SRT_SRWT,44,500000.06,10,BotSpine_Seg0,SpineAisle,West,26,0,0.00,0.00,0.0000
2026-05-31 09:28:36,brandimarte_mk03,SRT_SRWT,44,500000.06,11,BotSpine_Seg1,SpineAisle,West,26,0,0.00,0.00,0.0000
2026-05-31 09:28:36,brandimarte_mk03,SRT_SRWT,44,500000.06,12,BotSpine_Seg2,SpineAisle,West,26,0,0.00,0.00,0.0000
2026-05-31 09:28:36,brandimarte_mk03,SRT_SRWT,44,500000.06,13,BotSpine_Seg3,SpineAisle,West,26,0,0.00,0.00,0.0000
2026-05-31 09:28:36,brandimarte_mk03,SRT_SRWT,44,500000.06,14,LeftVert_TopConn,VerticalAisle,North,15,0,0.00,0.00,0.0000
2026-05-31 09:28:36,brandimarte_mk03,SRT_SRWT,44,500000.06,15,LeftVert_Row0,VerticalAisle,North,53,56,14.00,0.25,0.5138
2026-05-31 09:28:36,brandimarte_mk03,SRT_SRWT,44,500000.06,16,LeftVert_Row1,VerticalAisle,North,53,3986230,0.50,0.00,1.0000
2026-05-31 09:28:36,brandimarte_mk03,SRT_SRWT,44,500000.06,17,LeftVert_BotConn,VerticalAisle,North,32,17923264,14.00,0.00,1.0000
2026-05-31 09:28:36,brandimarte_mk03,SRT_SRWT,44,500000.06,18,RightVert_TopConn,VerticalAisle,South,15,0,0.00,0.00,0.0000
2026-05-31 09:28:36,brandimarte_mk03,SRT_SRWT,44,500000.06,19,RightVert_Row0,VerticalAisle,South,51,109,27.25,0.25,0.6813
2026-05-31 09:28:36,brandimarte_mk03,SRT_SRWT,44,500000.06,20,RightVert_Row1,VerticalAisle,South,50,1993306,0.50,0.00,1.0000
2026-05-31 09:28:36,brandimarte_mk03,SRT_SRWT,44,500000.06,21,RightVert_BotConn,VerticalAisle,South,26,0,0.00,0.00,0.0000
2026-05-31 09:30:43,brandimarte_mk04,SRT_SRWT,42,6466.75,0,RowAisle0_Seg0,RowAisle,East,146,432,108.00,0.25,0.7474
2026-05-31 09:30:43,brandimarte_mk04,SRT_SRWT,42,6466.75,1,RowAisle0_Seg1,RowAisle,East,146,1118,279.50,0.25,0.8845
2026-05-31 09:30:43,brandimarte_mk04,SRT_SRWT,42,6466.75,2,RowAisle0_Seg2,RowAisle,East,146,35,8.75,0.25,0.1934
2026-05-31 09:30:43,brandimarte_mk04,SRT_SRWT,42,6466.75,3,RowAisle1_Seg0,RowAisle,West,56,143,35.75,0.25,0.7186
2026-05-31 09:30:43,brandimarte_mk04,SRT_SRWT,42,6466.75,4,RowAisle1_Seg1,RowAisle,West,56,93,23.25,0.25,0.6242
2026-05-31 09:30:43,brandimarte_mk04,SRT_SRWT,42,6466.75,5,RowAisle1_Seg2,RowAisle,West,56,71,17.75,0.25,0.5591
2026-05-31 09:30:43,brandimarte_mk04,SRT_SRWT,42,6466.75,6,TopSpine_Seg0,SpineAisle,East,15,0,0.00,0.00,0.0000
2026-05-31 09:30:43,brandimarte_mk04,SRT_SRWT,42,6466.75,7,TopSpine_Seg1,SpineAisle,East,15,0,0.00,0.00,0.0000
2026-05-31 09:30:43,brandimarte_mk04,SRT_SRWT,42,6466.75,8,TopSpine_Seg2,SpineAisle,East,15,0,0.00,0.00,0.0000
2026-05-31 09:30:43,brandimarte_mk04,SRT_SRWT,42,6466.75,9,TopSpine_Seg3,SpineAisle,East,15,0,0.00,0.00,0.0000
2026-05-31 09:30:43,brandimarte_mk04,SRT_SRWT,42,6466.75,10,BotSpine_Seg0,SpineAisle,West,105,0,0.00,0.00,0.0000
2026-05-31 09:30:43,brandimarte_mk04,SRT_SRWT,42,6466.75,11,BotSpine_Seg1,SpineAisle,West,105,0,0.00,0.00,0.0000
2026-05-31 09:30:43,brandimarte_mk04,SRT_SRWT,42,6466.75,12,BotSpine_Seg2,SpineAisle,West,105,0,0.00,0.00,0.0000
2026-05-31 09:30:43,brandimarte_mk04,SRT_SRWT,42,6466.75,13,BotSpine_Seg3,SpineAisle,West,105,0,0.00,0.00,0.0000
2026-05-31 09:30:43,brandimarte_mk04,SRT_SRWT,42,6466.75,14,LeftVert_TopConn,VerticalAisle,North,15,0,0.00,0.00,0.0000
2026-05-31 09:30:43,brandimarte_mk04,SRT_SRWT,42,6466.75,15,LeftVert_Row0,VerticalAisle,North,161,1115,278.75,0.25,0.8738
2026-05-31 09:30:43,brandimarte_mk04,SRT_SRWT,42,6466.75,16,LeftVert_Row1,VerticalAisle,North,161,440,110.00,0.25,0.7321
2026-05-31 09:30:43,brandimarte_mk04,SRT_SRWT,42,6466.75,17,LeftVert_BotConn,VerticalAisle,North,105,1242,310.50,0.25,0.9220
2026-05-31 09:30:43,brandimarte_mk04,SRT_SRWT,42,6466.75,18,RightVert_TopConn,VerticalAisle,South,15,0,0.00,0.00,0.0000
2026-05-31 09:30:43,brandimarte_mk04,SRT_SRWT,42,6466.75,19,RightVert_Row0,VerticalAisle,South,161,4,1.00,0.25,0.0242
2026-05-31 09:30:43,brandimarte_mk04,SRT_SRWT,42,6466.75,20,RightVert_Row1,VerticalAisle,South,161,39,9.75,0.25,0.1950
2026-05-31 09:30:43,brandimarte_mk04,SRT_SRWT,42,6466.75,21,RightVert_BotConn,VerticalAisle,South,105,0,0.00,0.00,0.0000
2026-05-31 09:32:49,brandimarte_mk04,SRT_SRWT,43,6466.75,0,RowAisle0_Seg0,RowAisle,East,146,431,107.75,0.25,0.7470
2026-05-31 09:32:49,brandimarte_mk04,SRT_SRWT,43,6466.75,1,RowAisle0_Seg1,RowAisle,East,146,1118,279.50,0.25,0.8845
2026-05-31 09:32:49,brandimarte_mk04,SRT_SRWT,43,6466.75,2,RowAisle0_Seg2,RowAisle,East,146,35,8.75,0.25,0.1934
2026-05-31 09:32:49,brandimarte_mk04,SRT_SRWT,43,6466.75,3,RowAisle1_Seg0,RowAisle,West,56,143,35.75,0.25,0.7186
2026-05-31 09:32:49,brandimarte_mk04,SRT_SRWT,43,6466.75,4,RowAisle1_Seg1,RowAisle,West,56,92,23.00,0.25,0.6216
2026-05-31 09:32:49,brandimarte_mk04,SRT_SRWT,43,6466.75,5,RowAisle1_Seg2,RowAisle,West,56,71,17.75,0.25,0.5591
2026-05-31 09:32:49,brandimarte_mk04,SRT_SRWT,43,6466.75,6,TopSpine_Seg0,SpineAisle,East,15,0,0.00,0.00,0.0000
2026-05-31 09:32:49,brandimarte_mk04,SRT_SRWT,43,6466.75,7,TopSpine_Seg1,SpineAisle,East,15,0,0.00,0.00,0.0000
2026-05-31 09:32:49,brandimarte_mk04,SRT_SRWT,43,6466.75,8,TopSpine_Seg2,SpineAisle,East,15,0,0.00,0.00,0.0000
2026-05-31 09:32:49,brandimarte_mk04,SRT_SRWT,43,6466.75,9,TopSpine_Seg3,SpineAisle,East,15,0,0.00,0.00,0.0000
2026-05-31 09:32:49,brandimarte_mk04,SRT_SRWT,43,6466.75,10,BotSpine_Seg0,SpineAisle,West,105,0,0.00,0.00,0.0000
2026-05-31 09:32:49,brandimarte_mk04,SRT_SRWT,43,6466.75,11,BotSpine_Seg1,SpineAisle,West,105,0,0.00,0.00,0.0000
2026-05-31 09:32:49,brandimarte_mk04,SRT_SRWT,43,6466.75,12,BotSpine_Seg2,SpineAisle,West,105,0,0.00,0.00,0.0000
2026-05-31 09:32:49,brandimarte_mk04,SRT_SRWT,43,6466.75,13,BotSpine_Seg3,SpineAisle,West,105,0,0.00,0.00,0.0000
2026-05-31 09:32:49,brandimarte_mk04,SRT_SRWT,43,6466.75,14,LeftVert_TopConn,VerticalAisle,North,15,0,0.00,0.00,0.0000
2026-05-31 09:32:49,brandimarte_mk04,SRT_SRWT,43,6466.75,15,LeftVert_Row0,VerticalAisle,North,161,1118,279.50,0.25,0.8741
2026-05-31 09:32:49,brandimarte_mk04,SRT_SRWT,43,6466.75,16,LeftVert_Row1,VerticalAisle,North,161,442,110.50,0.25,0.7330
2026-05-31 09:32:49,brandimarte_mk04,SRT_SRWT,43,6466.75,17,LeftVert_BotConn,VerticalAisle,North,105,1242,310.50,0.25,0.9220
2026-05-31 09:32:49,brandimarte_mk04,SRT_SRWT,43,6466.75,18,RightVert_TopConn,VerticalAisle,South,15,0,0.00,0.00,0.0000
2026-05-31 09:32:49,brandimarte_mk04,SRT_SRWT,43,6466.75,19,RightVert_Row0,VerticalAisle,South,161,4,1.00,0.25,0.0242
2026-05-31 09:32:49,brandimarte_mk04,SRT_SRWT,43,6466.75,20,RightVert_Row1,VerticalAisle,South,161,39,9.75,0.25,0.1950
2026-05-31 09:32:49,brandimarte_mk04,SRT_SRWT,43,6466.75,21,RightVert_BotConn,VerticalAisle,South,105,0,0.00,0.00,0.0000
2026-05-31 09:34:55,brandimarte_mk04,SRT_SRWT,44,6466.75,0,RowAisle0_Seg0,RowAisle,East,146,431,107.75,0.25,0.7470
2026-05-31 09:34:55,brandimarte_mk04,SRT_SRWT,44,6466.75,1,RowAisle0_Seg1,RowAisle,East,146,1118,279.50,0.25,0.8845
2026-05-31 09:34:55,brandimarte_mk04,SRT_SRWT,44,6466.75,2,RowAisle0_Seg2,RowAisle,East,146,35,8.75,0.25,0.1934
2026-05-31 09:34:55,brandimarte_mk04,SRT_SRWT,44,6466.75,3,RowAisle1_Seg0,RowAisle,West,56,143,35.75,0.25,0.7186
2026-05-31 09:34:55,brandimarte_mk04,SRT_SRWT,44,6466.75,4,RowAisle1_Seg1,RowAisle,West,56,92,23.00,0.25,0.6216
2026-05-31 09:34:55,brandimarte_mk04,SRT_SRWT,44,6466.75,5,RowAisle1_Seg2,RowAisle,West,56,71,17.75,0.25,0.5591
2026-05-31 09:34:55,brandimarte_mk04,SRT_SRWT,44,6466.75,6,TopSpine_Seg0,SpineAisle,East,15,0,0.00,0.00,0.0000
2026-05-31 09:34:55,brandimarte_mk04,SRT_SRWT,44,6466.75,7,TopSpine_Seg1,SpineAisle,East,15,0,0.00,0.00,0.0000
2026-05-31 09:34:55,brandimarte_mk04,SRT_SRWT,44,6466.75,8,TopSpine_Seg2,SpineAisle,East,15,0,0.00,0.00,0.0000
2026-05-31 09:34:55,brandimarte_mk04,SRT_SRWT,44,6466.75,9,TopSpine_Seg3,SpineAisle,East,15,0,0.00,0.00,0.0000
2026-05-31 09:34:55,brandimarte_mk04,SRT_SRWT,44,6466.75,10,BotSpine_Seg0,SpineAisle,West,105,0,0.00,0.00,0.0000
2026-05-31 09:34:55,brandimarte_mk04,SRT_SRWT,44,6466.75,11,BotSpine_Seg1,SpineAisle,West,105,0,0.00,0.00,0.0000
2026-05-31 09:34:55,brandimarte_mk04,SRT_SRWT,44,6466.75,12,BotSpine_Seg2,SpineAisle,West,105,0,0.00,0.00,0.0000
2026-05-31 09:34:55,brandimarte_mk04,SRT_SRWT,44,6466.75,13,BotSpine_Seg3,SpineAisle,West,105,0,0.00,0.00,0.0000
2026-05-31 09:34:55,brandimarte_mk04,SRT_SRWT,44,6466.75,14,LeftVert_TopConn,VerticalAisle,North,15,0,0.00,0.00,0.0000
2026-05-31 09:34:55,brandimarte_mk04,SRT_SRWT,44,6466.75,15,LeftVert_Row0,VerticalAisle,North,161,1117,279.25,0.25,0.8740
2026-05-31 09:34:55,brandimarte_mk04,SRT_SRWT,44,6466.75,16,LeftVert_Row1,VerticalAisle,North,161,442,110.50,0.25,0.7330
2026-05-31 09:34:55,brandimarte_mk04,SRT_SRWT,44,6466.75,17,LeftVert_BotConn,VerticalAisle,North,105,1242,310.50,0.25,0.9220
2026-05-31 09:34:55,brandimarte_mk04,SRT_SRWT,44,6466.75,18,RightVert_TopConn,VerticalAisle,South,15,0,0.00,0.00,0.0000
2026-05-31 09:34:55,brandimarte_mk04,SRT_SRWT,44,6466.75,19,RightVert_Row0,VerticalAisle,South,161,5,1.25,0.25,0.0301
2026-05-31 09:34:55,brandimarte_mk04,SRT_SRWT,44,6466.75,20,RightVert_Row1,VerticalAisle,South,161,39,9.75,0.25,0.1950
2026-05-31 09:34:55,brandimarte_mk04,SRT_SRWT,44,6466.75,21,RightVert_BotConn,VerticalAisle,South,105,0,0.00,0.00,0.0000
2026-05-31 09:38:25,brandimarte_mk06,SRT_SRWT,42,10933.25,0,RowAisle0_Seg0,RowAisle,East,224,1337,334.25,0.25,0.8565
2026-05-31 09:38:25,brandimarte_mk06,SRT_SRWT,42,10933.25,1,RowAisle0_Seg1,RowAisle,East,224,639,159.75,0.25,0.7404
2026-05-31 09:38:25,brandimarte_mk06,SRT_SRWT,42,10933.25,2,RowAisle0_Seg2,RowAisle,East,224,637,159.25,0.25,0.7398
2026-05-31 09:38:25,brandimarte_mk06,SRT_SRWT,42,10933.25,3,RowAisle0_Seg3,RowAisle,East,224,72,18.00,0.25,0.2432
2026-05-31 09:38:25,brandimarte_mk06,SRT_SRWT,42,10933.25,4,RowAisle1_Seg0,RowAisle,West,74,112,28.00,0.25,0.6022
2026-05-31 09:38:25,brandimarte_mk06,SRT_SRWT,42,10933.25,5,RowAisle1_Seg1,RowAisle,West,74,114,28.50,0.25,0.6064
2026-05-31 09:38:25,brandimarte_mk06,SRT_SRWT,42,10933.25,6,RowAisle1_Seg2,RowAisle,West,74,54,13.50,0.25,0.4219
2026-05-31 09:38:25,brandimarte_mk06,SRT_SRWT,42,10933.25,7,RowAisle1_Seg3,RowAisle,West,74,66,16.50,0.25,0.4714
2026-05-31 09:38:25,brandimarte_mk06,SRT_SRWT,42,10933.25,8,TopSpine_Seg0,SpineAisle,East,10,0,0.00,0.00,0.0000
2026-05-31 09:38:25,brandimarte_mk06,SRT_SRWT,42,10933.25,9,TopSpine_Seg1,SpineAisle,East,10,0,0.00,0.00,0.0000
2026-05-31 09:38:25,brandimarte_mk06,SRT_SRWT,42,10933.25,10,TopSpine_Seg2,SpineAisle,East,10,0,0.00,0.00,0.0000
2026-05-31 09:38:25,brandimarte_mk06,SRT_SRWT,42,10933.25,11,TopSpine_Seg3,SpineAisle,East,10,0,0.00,0.00,0.0000
2026-05-31 09:38:25,brandimarte_mk06,SRT_SRWT,42,10933.25,12,TopSpine_Seg4,SpineAisle,East,10,0,0.00,0.00,0.0000
2026-05-31 09:38:25,brandimarte_mk06,SRT_SRWT,42,10933.25,13,BotSpine_Seg0,SpineAisle,West,160,0,0.00,0.00,0.0000
2026-05-31 09:38:25,brandimarte_mk06,SRT_SRWT,42,10933.25,14,BotSpine_Seg1,SpineAisle,West,160,0,0.00,0.00,0.0000
2026-05-31 09:38:25,brandimarte_mk06,SRT_SRWT,42,10933.25,15,BotSpine_Seg2,SpineAisle,West,160,0,0.00,0.00,0.0000
2026-05-31 09:38:25,brandimarte_mk06,SRT_SRWT,42,10933.25,16,BotSpine_Seg3,SpineAisle,West,160,0,0.00,0.00,0.0000
2026-05-31 09:38:25,brandimarte_mk06,SRT_SRWT,42,10933.25,17,BotSpine_Seg4,SpineAisle,West,160,0,0.00,0.00,0.0000
2026-05-31 09:38:25,brandimarte_mk06,SRT_SRWT,42,10933.25,18,LeftVert_TopConn,VerticalAisle,North,10,0,0.00,0.00,0.0000
2026-05-31 09:38:25,brandimarte_mk06,SRT_SRWT,42,10933.25,19,LeftVert_Row0,VerticalAisle,North,234,2604,651.00,0.25,0.9175
2026-05-31 09:38:25,brandimarte_mk06,SRT_SRWT,42,10933.25,20,LeftVert_Row1,VerticalAisle,North,234,1065,266.25,0.25,0.8199
2026-05-31 09:38:25,brandimarte_mk06,SRT_SRWT,42,10933.25,21,LeftVert_BotConn,VerticalAisle,North,160,2906,726.50,0.25,0.9478
2026-05-31 09:38:25,brandimarte_mk06,SRT_SRWT,42,10933.25,22,RightVert_TopConn,VerticalAisle,South,10,0,0.00,0.00,0.0000
2026-05-31 09:38:25,brandimarte_mk06,SRT_SRWT,42,10933.25,23,RightVert_Row0,VerticalAisle,South,234,57,14.25,0.25,0.1959
2026-05-31 09:38:25,brandimarte_mk06,SRT_SRWT,42,10933.25,24,RightVert_Row1,VerticalAisle,South,234,60,15.00,0.25,0.2041
2026-05-31 09:38:25,brandimarte_mk06,SRT_SRWT,42,10933.25,25,RightVert_BotConn,VerticalAisle,South,160,0,0.00,0.00,0.0000
2026-05-31 09:41:56,brandimarte_mk06,SRT_SRWT,43,10933.38,0,RowAisle0_Seg0,RowAisle,East,224,1323,330.75,0.25,0.8552
2026-05-31 09:41:56,brandimarte_mk06,SRT_SRWT,43,10933.38,1,RowAisle0_Seg1,RowAisle,East,224,613,153.25,0.25,0.7324
2026-05-31 09:41:56,brandimarte_mk06,SRT_SRWT,43,10933.38,2,RowAisle0_Seg2,RowAisle,East,224,624,156.00,0.25,0.7358
2026-05-31 09:41:56,brandimarte_mk06,SRT_SRWT,43,10933.38,3,RowAisle0_Seg3,RowAisle,East,224,53,13.25,0.25,0.1913
2026-05-31 09:41:56,brandimarte_mk06,SRT_SRWT,43,10933.38,4,RowAisle1_Seg0,RowAisle,West,74,89,22.25,0.25,0.5460
2026-05-31 09:41:56,brandimarte_mk06,SRT_SRWT,43,10933.38,5,RowAisle1_Seg1,RowAisle,West,74,114,28.50,0.25,0.6064
2026-05-31 09:41:56,brandimarte_mk06,SRT_SRWT,43,10933.38,6,RowAisle1_Seg2,RowAisle,West,74,48,12.00,0.25,0.3934
2026-05-31 09:41:56,brandimarte_mk06,SRT_SRWT,43,10933.38,7,RowAisle1_Seg3,RowAisle,West,74,40,10.00,0.25,0.3509
2026-05-31 09:41:56,brandimarte_mk06,SRT_SRWT,43,10933.38,8,TopSpine_Seg0,SpineAisle,East,10,0,0.00,0.00,0.0000
2026-05-31 09:41:56,brandimarte_mk06,SRT_SRWT,43,10933.38,9,TopSpine_Seg1,SpineAisle,East,10,0,0.00,0.00,0.0000
2026-05-31 09:41:56,brandimarte_mk06,SRT_SRWT,43,10933.38,10,TopSpine_Seg2,SpineAisle,East,10,0,0.00,0.00,0.0000
2026-05-31 09:41:56,brandimarte_mk06,SRT_SRWT,43,10933.38,11,TopSpine_Seg3,SpineAisle,East,10,0,0.00,0.00,0.0000
2026-05-31 09:41:56,brandimarte_mk06,SRT_SRWT,43,10933.38,12,TopSpine_Seg4,SpineAisle,East,10,0,0.00,0.00,0.0000
2026-05-31 09:41:56,brandimarte_mk06,SRT_SRWT,43,10933.38,13,BotSpine_Seg0,SpineAisle,West,160,0,0.00,0.00,0.0000
2026-05-31 09:41:56,brandimarte_mk06,SRT_SRWT,43,10933.38,14,BotSpine_Seg1,SpineAisle,West,160,0,0.00,0.00,0.0000
2026-05-31 09:41:56,brandimarte_mk06,SRT_SRWT,43,10933.38,15,BotSpine_Seg2,SpineAisle,West,160,0,0.00,0.00,0.0000
2026-05-31 09:41:56,brandimarte_mk06,SRT_SRWT,43,10933.38,16,BotSpine_Seg3,SpineAisle,West,160,0,0.00,0.00,0.0000
2026-05-31 09:41:56,brandimarte_mk06,SRT_SRWT,43,10933.38,17,BotSpine_Seg4,SpineAisle,West,160,0,0.00,0.00,0.0000
2026-05-31 09:41:56,brandimarte_mk06,SRT_SRWT,43,10933.38,18,LeftVert_TopConn,VerticalAisle,North,10,0,0.00,0.00,0.0000
2026-05-31 09:41:56,brandimarte_mk06,SRT_SRWT,43,10933.38,19,LeftVert_Row0,VerticalAisle,North,234,2588,647.00,0.25,0.9171
2026-05-31 09:41:56,brandimarte_mk06,SRT_SRWT,43,10933.38,20,LeftVert_Row1,VerticalAisle,North,234,1068,267.00,0.25,0.8203
2026-05-31 09:41:56,brandimarte_mk06,SRT_SRWT,43,10933.38,21,LeftVert_BotConn,VerticalAisle,North,160,2907,726.75,0.25,0.9478
2026-05-31 09:41:56,brandimarte_mk06,SRT_SRWT,43,10933.38,22,RightVert_TopConn,VerticalAisle,South,10,0,0.00,0.00,0.0000
2026-05-31 09:41:56,brandimarte_mk06,SRT_SRWT,43,10933.38,23,RightVert_Row0,VerticalAisle,South,234,36,9.00,0.25,0.1333
2026-05-31 09:41:56,brandimarte_mk06,SRT_SRWT,43,10933.38,24,RightVert_Row1,VerticalAisle,South,234,48,12.00,0.25,0.1702
2026-05-31 09:41:56,brandimarte_mk06,SRT_SRWT,43,10933.38,25,RightVert_BotConn,VerticalAisle,South,160,0,0.00,0.00,0.0000
2026-05-31 09:45:25,brandimarte_mk06,SRT_SRWT,44,10933.38,0,RowAisle0_Seg0,RowAisle,East,224,1354,338.50,0.25,0.8580
2026-05-31 09:45:25,brandimarte_mk06,SRT_SRWT,44,10933.38,1,RowAisle0_Seg1,RowAisle,East,224,646,161.50,0.25,0.7425
2026-05-31 09:45:25,brandimarte_mk06,SRT_SRWT,44,10933.38,2,RowAisle0_Seg2,RowAisle,East,224,652,163.00,0.25,0.7443
2026-05-31 09:45:25,brandimarte_mk06,SRT_SRWT,44,10933.38,3,RowAisle0_Seg3,RowAisle,East,224,119,29.75,0.25,0.3469
2026-05-31 09:45:25,brandimarte_mk06,SRT_SRWT,44,10933.38,4,RowAisle1_Seg0,RowAisle,West,74,134,33.50,0.25,0.6442
2026-05-31 09:45:25,brandimarte_mk06,SRT_SRWT,44,10933.38,5,RowAisle1_Seg1,RowAisle,West,74,101,25.25,0.25,0.5771
2026-05-31 09:45:25,brandimarte_mk06,SRT_SRWT,44,10933.38,6,RowAisle1_Seg2,RowAisle,West,74,104,26.00,0.25,0.5843
2026-05-31 09:45:25,brandimarte_mk06,SRT_SRWT,44,10933.38,7,RowAisle1_Seg3,RowAisle,West,74,32,8.00,0.25,0.3019
2026-05-31 09:45:25,brandimarte_mk06,SRT_SRWT,44,10933.38,8,TopSpine_Seg0,SpineAisle,East,10,0,0.00,0.00,0.0000
2026-05-31 09:45:25,brandimarte_mk06,SRT_SRWT,44,10933.38,9,TopSpine_Seg1,SpineAisle,East,10,0,0.00,0.00,0.0000
2026-05-31 09:45:25,brandimarte_mk06,SRT_SRWT,44,10933.38,10,TopSpine_Seg2,SpineAisle,East,10,0,0.00,0.00,0.0000
2026-05-31 09:45:25,brandimarte_mk06,SRT_SRWT,44,10933.38,11,TopSpine_Seg3,SpineAisle,East,10,0,0.00,0.00,0.0000
2026-05-31 09:45:25,brandimarte_mk06,SRT_SRWT,44,10933.38,12,TopSpine_Seg4,SpineAisle,East,10,0,0.00,0.00,0.0000
2026-05-31 09:45:25,brandimarte_mk06,SRT_SRWT,44,10933.38,13,BotSpine_Seg0,SpineAisle,West,160,0,0.00,0.00,0.0000
2026-05-31 09:45:25,brandimarte_mk06,SRT_SRWT,44,10933.38,14,BotSpine_Seg1,SpineAisle,West,160,0,0.00,0.00,0.0000
2026-05-31 09:45:25,brandimarte_mk06,SRT_SRWT,44,10933.38,15,BotSpine_Seg2,SpineAisle,West,160,0,0.00,0.00,0.0000
2026-05-31 09:45:25,brandimarte_mk06,SRT_SRWT,44,10933.38,16,BotSpine_Seg3,SpineAisle,West,160,0,0.00,0.00,0.0000
2026-05-31 09:45:25,brandimarte_mk06,SRT_SRWT,44,10933.38,17,BotSpine_Seg4,SpineAisle,West,160,0,0.00,0.00,0.0000
2026-05-31 09:45:25,brandimarte_mk06,SRT_SRWT,44,10933.38,18,LeftVert_TopConn,VerticalAisle,North,10,0,0.00,0.00,0.0000
2026-05-31 09:45:25,brandimarte_mk06,SRT_SRWT,44,10933.38,19,LeftVert_Row0,VerticalAisle,North,234,2610,652.50,0.25,0.9177
2026-05-31 09:45:25,brandimarte_mk06,SRT_SRWT,44,10933.38,20,LeftVert_Row1,VerticalAisle,North,234,1089,272.25,0.25,0.8231
2026-05-31 09:45:25,brandimarte_mk06,SRT_SRWT,44,10933.38,21,LeftVert_BotConn,VerticalAisle,North,160,2902,725.50,0.25,0.9477
2026-05-31 09:45:25,brandimarte_mk06,SRT_SRWT,44,10933.38,22,RightVert_TopConn,VerticalAisle,South,10,0,0.00,0.00,0.0000
2026-05-31 09:45:25,brandimarte_mk06,SRT_SRWT,44,10933.38,23,RightVert_Row0,VerticalAisle,South,234,19,4.75,0.25,0.0751
2026-05-31 09:45:25,brandimarte_mk06,SRT_SRWT,44,10933.38,24,RightVert_Row1,VerticalAisle,South,234,122,30.50,0.25,0.3427
2026-05-31 09:45:25,brandimarte_mk06,SRT_SRWT,44,10933.38,25,RightVert_BotConn,VerticalAisle,South,160,0,0.00,0.00,0.0000
2026-05-31 09:48:00,brandimarte_mk07,SRT_SRWT,42,8166.63,0,RowAisle0_Seg0,RowAisle,East,152,536,134.00,0.25,0.7791
2026-05-31 09:48:00,brandimarte_mk07,SRT_SRWT,42,8166.63,1,RowAisle0_Seg1,RowAisle,East,152,515,128.75,0.25,0.7721
2026-05-31 09:48:00,brandimarte_mk07,SRT_SRWT,42,8166.63,2,RowAisle0_Seg2,RowAisle,East,152,2,0.50,0.25,0.0130
2026-05-31 09:48:00,brandimarte_mk07,SRT_SRWT,42,8166.63,3,TopSpine_Seg0,SpineAisle,East,20,0,0.00,0.00,0.0000
2026-05-31 09:48:00,brandimarte_mk07,SRT_SRWT,42,8166.63,4,TopSpine_Seg1,SpineAisle,East,20,0,0.00,0.00,0.0000
2026-05-31 09:48:00,brandimarte_mk07,SRT_SRWT,42,8166.63,5,TopSpine_Seg2,SpineAisle,East,20,0,0.00,0.00,0.0000
2026-05-31 09:48:00,brandimarte_mk07,SRT_SRWT,42,8166.63,6,TopSpine_Seg3,SpineAisle,East,20,0,0.00,0.00,0.0000
2026-05-31 09:48:00,brandimarte_mk07,SRT_SRWT,42,8166.63,7,BotSpine_Seg0,SpineAisle,West,172,0,0.00,0.00,0.0000
2026-05-31 09:48:00,brandimarte_mk07,SRT_SRWT,42,8166.63,8,BotSpine_Seg1,SpineAisle,West,172,0,0.00,0.00,0.0000
2026-05-31 09:48:00,brandimarte_mk07,SRT_SRWT,42,8166.63,9,BotSpine_Seg2,SpineAisle,West,172,0,0.00,0.00,0.0000
2026-05-31 09:48:00,brandimarte_mk07,SRT_SRWT,42,8166.63,10,BotSpine_Seg3,SpineAisle,West,172,0,0.00,0.00,0.0000
2026-05-31 09:48:00,brandimarte_mk07,SRT_SRWT,42,8166.63,11,LeftVert_TopConn,VerticalAisle,North,20,0,0.00,0.00,0.0000
2026-05-31 09:48:00,brandimarte_mk07,SRT_SRWT,42,8166.63,12,LeftVert_Row0,VerticalAisle,North,172,577,144.25,0.25,0.7704
2026-05-31 09:48:00,brandimarte_mk07,SRT_SRWT,42,8166.63,13,LeftVert_BotConn,VerticalAisle,North,172,527,131.75,0.25,0.7539
2026-05-31 09:48:00,brandimarte_mk07,SRT_SRWT,42,8166.63,14,RightVert_TopConn,VerticalAisle,South,20,0,0.00,0.00,0.0000
2026-05-31 09:48:00,brandimarte_mk07,SRT_SRWT,42,8166.63,15,RightVert_Row0,VerticalAisle,South,172,0,0.00,0.00,0.0000
2026-05-31 09:48:00,brandimarte_mk07,SRT_SRWT,42,8166.63,16,RightVert_BotConn,VerticalAisle,South,172,8,2.00,0.25,0.0444
2026-05-31 09:50:35,brandimarte_mk07,SRT_SRWT,43,8166.63,0,RowAisle0_Seg0,RowAisle,East,152,536,134.00,0.25,0.7791
2026-05-31 09:50:35,brandimarte_mk07,SRT_SRWT,43,8166.63,1,RowAisle0_Seg1,RowAisle,East,152,515,128.75,0.25,0.7721
2026-05-31 09:50:35,brandimarte_mk07,SRT_SRWT,43,8166.63,2,RowAisle0_Seg2,RowAisle,East,152,2,0.50,0.25,0.0130
2026-05-31 09:50:35,brandimarte_mk07,SRT_SRWT,43,8166.63,3,TopSpine_Seg0,SpineAisle,East,20,0,0.00,0.00,0.0000
2026-05-31 09:50:35,brandimarte_mk07,SRT_SRWT,43,8166.63,4,TopSpine_Seg1,SpineAisle,East,20,0,0.00,0.00,0.0000
2026-05-31 09:50:35,brandimarte_mk07,SRT_SRWT,43,8166.63,5,TopSpine_Seg2,SpineAisle,East,20,0,0.00,0.00,0.0000
2026-05-31 09:50:35,brandimarte_mk07,SRT_SRWT,43,8166.63,6,TopSpine_Seg3,SpineAisle,East,20,0,0.00,0.00,0.0000
2026-05-31 09:50:35,brandimarte_mk07,SRT_SRWT,43,8166.63,7,BotSpine_Seg0,SpineAisle,West,172,0,0.00,0.00,0.0000
2026-05-31 09:50:35,brandimarte_mk07,SRT_SRWT,43,8166.63,8,BotSpine_Seg1,SpineAisle,West,172,0,0.00,0.00,0.0000
2026-05-31 09:50:35,brandimarte_mk07,SRT_SRWT,43,8166.63,9,BotSpine_Seg2,SpineAisle,West,172,0,0.00,0.00,0.0000
2026-05-31 09:50:35,brandimarte_mk07,SRT_SRWT,43,8166.63,10,BotSpine_Seg3,SpineAisle,West,172,0,0.00,0.00,0.0000
2026-05-31 09:50:35,brandimarte_mk07,SRT_SRWT,43,8166.63,11,LeftVert_TopConn,VerticalAisle,North,20,0,0.00,0.00,0.0000
2026-05-31 09:50:35,brandimarte_mk07,SRT_SRWT,43,8166.63,12,LeftVert_Row0,VerticalAisle,North,172,578,144.50,0.25,0.7707
2026-05-31 09:50:35,brandimarte_mk07,SRT_SRWT,43,8166.63,13,LeftVert_BotConn,VerticalAisle,North,172,527,131.75,0.25,0.7539
2026-05-31 09:50:35,brandimarte_mk07,SRT_SRWT,43,8166.63,14,RightVert_TopConn,VerticalAisle,South,20,0,0.00,0.00,0.0000
2026-05-31 09:50:35,brandimarte_mk07,SRT_SRWT,43,8166.63,15,RightVert_Row0,VerticalAisle,South,172,0,0.00,0.00,0.0000
2026-05-31 09:50:35,brandimarte_mk07,SRT_SRWT,43,8166.63,16,RightVert_BotConn,VerticalAisle,South,172,9,2.25,0.25,0.0497
2026-05-31 09:53:10,brandimarte_mk07,SRT_SRWT,44,8166.63,0,RowAisle0_Seg0,RowAisle,East,152,536,134.00,0.25,0.7791
2026-05-31 09:53:10,brandimarte_mk07,SRT_SRWT,44,8166.63,1,RowAisle0_Seg1,RowAisle,East,152,514,128.50,0.25,0.7718
2026-05-31 09:53:10,brandimarte_mk07,SRT_SRWT,44,8166.63,2,RowAisle0_Seg2,RowAisle,East,152,3,0.75,0.25,0.0194
2026-05-31 09:53:10,brandimarte_mk07,SRT_SRWT,44,8166.63,3,TopSpine_Seg0,SpineAisle,East,20,0,0.00,0.00,0.0000
2026-05-31 09:53:10,brandimarte_mk07,SRT_SRWT,44,8166.63,4,TopSpine_Seg1,SpineAisle,East,20,0,0.00,0.00,0.0000
2026-05-31 09:53:10,brandimarte_mk07,SRT_SRWT,44,8166.63,5,TopSpine_Seg2,SpineAisle,East,20,0,0.00,0.00,0.0000
2026-05-31 09:53:10,brandimarte_mk07,SRT_SRWT,44,8166.63,6,TopSpine_Seg3,SpineAisle,East,20,0,0.00,0.00,0.0000
2026-05-31 09:53:10,brandimarte_mk07,SRT_SRWT,44,8166.63,7,BotSpine_Seg0,SpineAisle,West,172,0,0.00,0.00,0.0000
2026-05-31 09:53:10,brandimarte_mk07,SRT_SRWT,44,8166.63,8,BotSpine_Seg1,SpineAisle,West,172,0,0.00,0.00,0.0000
2026-05-31 09:53:10,brandimarte_mk07,SRT_SRWT,44,8166.63,9,BotSpine_Seg2,SpineAisle,West,172,0,0.00,0.00,0.0000
2026-05-31 09:53:10,brandimarte_mk07,SRT_SRWT,44,8166.63,10,BotSpine_Seg3,SpineAisle,West,172,0,0.00,0.00,0.0000
2026-05-31 09:53:10,brandimarte_mk07,SRT_SRWT,44,8166.63,11,LeftVert_TopConn,VerticalAisle,North,20,0,0.00,0.00,0.0000
2026-05-31 09:53:10,brandimarte_mk07,SRT_SRWT,44,8166.63,12,LeftVert_Row0,VerticalAisle,North,172,578,144.50,0.25,0.7707
2026-05-31 09:53:10,brandimarte_mk07,SRT_SRWT,44,8166.63,13,LeftVert_BotConn,VerticalAisle,North,172,527,131.75,0.25,0.7539
2026-05-31 09:53:10,brandimarte_mk07,SRT_SRWT,44,8166.63,14,RightVert_TopConn,VerticalAisle,South,20,0,0.00,0.00,0.0000
2026-05-31 09:53:10,brandimarte_mk07,SRT_SRWT,44,8166.63,15,RightVert_Row0,VerticalAisle,South,172,0,0.00,0.00,0.0000
2026-05-31 09:53:10,brandimarte_mk07,SRT_SRWT,44,8166.63,16,RightVert_BotConn,VerticalAisle,South,172,10,2.50,0.25,0.0549
2026-05-31 09:59:15,brandimarte_mk10,SRT_SRWT,42,19300.00,0,RowAisle0_Seg0,RowAisle,East,366,2420,605.00,0.25,0.8686
2026-05-31 09:59:15,brandimarte_mk10,SRT_SRWT,42,19300.00,1,RowAisle0_Seg1,RowAisle,East,366,744,186.00,0.25,0.6703
2026-05-31 09:59:15,brandimarte_mk10,SRT_SRWT,42,19300.00,2,RowAisle0_Seg2,RowAisle,East,366,384,96.00,0.25,0.5120
2026-05-31 09:59:15,brandimarte_mk10,SRT_SRWT,42,19300.00,3,RowAisle0_Seg3,RowAisle,East,366,52,13.00,0.25,0.1244
2026-05-31 09:59:15,brandimarte_mk10,SRT_SRWT,42,19300.00,4,RowAisle1_Seg0,RowAisle,West,126,182,45.50,0.25,0.5909
2026-05-31 09:59:15,brandimarte_mk10,SRT_SRWT,42,19300.00,5,RowAisle1_Seg1,RowAisle,West,126,48,12.00,0.25,0.2759
2026-05-31 09:59:15,brandimarte_mk10,SRT_SRWT,42,19300.00,6,RowAisle1_Seg2,RowAisle,West,126,33,8.25,0.25,0.2075
2026-05-31 09:59:15,brandimarte_mk10,SRT_SRWT,42,19300.00,7,RowAisle1_Seg3,RowAisle,West,126,10,2.50,0.25,0.0735
2026-05-31 09:59:15,brandimarte_mk10,SRT_SRWT,42,19300.00,8,RowAisle2_Seg0,RowAisle,East,9,0,0.00,0.00,0.0000
2026-05-31 09:59:15,brandimarte_mk10,SRT_SRWT,42,19300.00,9,RowAisle2_Seg1,RowAisle,East,9,0,0.00,0.00,0.0000
2026-05-31 09:59:15,brandimarte_mk10,SRT_SRWT,42,19300.00,10,RowAisle2_Seg2,RowAisle,East,9,0,0.00,0.00,0.0000
2026-05-31 09:59:15,brandimarte_mk10,SRT_SRWT,42,19300.00,11,RowAisle2_Seg3,RowAisle,East,9,0,0.00,0.00,0.0000
2026-05-31 09:59:15,brandimarte_mk10,SRT_SRWT,42,19300.00,12,TopSpine_Seg0,SpineAisle,East,20,0,0.00,0.00,0.0000
2026-05-31 09:59:15,brandimarte_mk10,SRT_SRWT,42,19300.00,13,TopSpine_Seg1,SpineAisle,East,20,0,0.00,0.00,0.0000
2026-05-31 09:59:15,brandimarte_mk10,SRT_SRWT,42,19300.00,14,TopSpine_Seg2,SpineAisle,East,20,0,0.00,0.00,0.0000
2026-05-31 09:59:15,brandimarte_mk10,SRT_SRWT,42,19300.00,15,TopSpine_Seg3,SpineAisle,East,20,0,0.00,0.00,0.0000
2026-05-31 09:59:15,brandimarte_mk10,SRT_SRWT,42,19300.00,16,TopSpine_Seg4,SpineAisle,East,20,0,0.00,0.00,0.0000
2026-05-31 09:59:15,brandimarte_mk10,SRT_SRWT,42,19300.00,17,BotSpine_Seg0,SpineAisle,West,268,0,0.00,0.00,0.0000
2026-05-31 09:59:15,brandimarte_mk10,SRT_SRWT,42,19300.00,18,BotSpine_Seg1,SpineAisle,West,269,0,0.00,0.00,0.0000
2026-05-31 09:59:15,brandimarte_mk10,SRT_SRWT,42,19300.00,19,BotSpine_Seg2,SpineAisle,West,269,0,0.00,0.00,0.0000
2026-05-31 09:59:15,brandimarte_mk10,SRT_SRWT,42,19300.00,20,BotSpine_Seg3,SpineAisle,West,269,0,0.00,0.00,0.0000
2026-05-31 09:59:15,brandimarte_mk10,SRT_SRWT,42,19300.00,21,BotSpine_Seg4,SpineAisle,West,269,0,0.00,0.00,0.0000
2026-05-31 09:59:15,brandimarte_mk10,SRT_SRWT,42,19300.00,22,LeftVert_TopConn,VerticalAisle,North,20,0,0.00,0.00,0.0000
2026-05-31 09:59:15,brandimarte_mk10,SRT_SRWT,42,19300.00,23,LeftVert_Row0,VerticalAisle,North,386,1584,396.00,0.25,0.8041
2026-05-31 09:59:15,brandimarte_mk10,SRT_SRWT,42,19300.00,24,LeftVert_Row1,VerticalAisle,North,386,2006,501.50,0.25,0.8386
2026-05-31 09:59:15,brandimarte_mk10,SRT_SRWT,42,19300.00,25,LeftVert_Row2,VerticalAisle,North,269,435,108.75,0.25,0.6179
2026-05-31 09:59:15,brandimarte_mk10,SRT_SRWT,42,19300.00,26,LeftVert_BotConn,VerticalAisle,North,269,3524,881.00,0.25,0.9291
2026-05-31 09:59:15,brandimarte_mk10,SRT_SRWT,42,19300.00,27,RightVert_TopConn,VerticalAisle,South,20,0,0.00,0.00,0.0000
2026-05-31 09:59:15,brandimarte_mk10,SRT_SRWT,42,19300.00,28,RightVert_Row0,VerticalAisle,South,386,27,6.75,0.25,0.0654
2026-05-31 09:59:15,brandimarte_mk10,SRT_SRWT,42,19300.00,29,RightVert_Row1,VerticalAisle,South,386,125,31.25,0.25,0.2446
2026-05-31 09:59:15,brandimarte_mk10,SRT_SRWT,42,19300.00,30,RightVert_Row2,VerticalAisle,South,269,20,5.00,0.25,0.0692
2026-05-31 09:59:15,brandimarte_mk10,SRT_SRWT,42,19300.00,31,RightVert_BotConn,VerticalAisle,South,269,19,4.75,0.25,0.0660
2026-05-31 10:05:05,brandimarte_mk10,SRT_SRWT,43,18300.00,0,RowAisle0_Seg0,RowAisle,East,356,1580,395.00,0.25,0.8161
2026-05-31 10:05:05,brandimarte_mk10,SRT_SRWT,43,18300.00,1,RowAisle0_Seg1,RowAisle,East,356,1127,281.75,0.25,0.7599
2026-05-31 10:05:05,brandimarte_mk10,SRT_SRWT,43,18300.00,2,RowAisle0_Seg2,RowAisle,East,356,161,40.25,0.25,0.3114
2026-05-31 10:05:05,brandimarte_mk10,SRT_SRWT,43,18300.00,3,RowAisle0_Seg3,RowAisle,East,356,19,4.75,0.25,0.0507
2026-05-31 10:05:05,brandimarte_mk10,SRT_SRWT,43,18300.00,4,RowAisle1_Seg0,RowAisle,West,116,165,41.25,0.25,0.5872
2026-05-31 10:05:05,brandimarte_mk10,SRT_SRWT,43,18300.00,5,RowAisle1_Seg1,RowAisle,West,116,96,24.00,0.25,0.4528
2026-05-31 10:05:05,brandimarte_mk10,SRT_SRWT,43,18300.00,6,RowAisle1_Seg2,RowAisle,West,116,2,0.50,0.25,0.0169
2026-05-31 10:05:05,brandimarte_mk10,SRT_SRWT,43,18300.00,7,RowAisle1_Seg3,RowAisle,West,116,0,0.00,0.00,0.0000
2026-05-31 10:05:05,brandimarte_mk10,SRT_SRWT,43,18300.00,8,RowAisle2_Seg0,RowAisle,East,9,0,0.00,0.00,0.0000
2026-05-31 10:05:05,brandimarte_mk10,SRT_SRWT,43,18300.00,9,RowAisle2_Seg1,RowAisle,East,9,0,0.00,0.00,0.0000
2026-05-31 10:05:05,brandimarte_mk10,SRT_SRWT,43,18300.00,10,RowAisle2_Seg2,RowAisle,East,9,0,0.00,0.00,0.0000
2026-05-31 10:05:05,brandimarte_mk10,SRT_SRWT,43,18300.00,11,RowAisle2_Seg3,RowAisle,East,9,0,0.00,0.00,0.0000
2026-05-31 10:05:05,brandimarte_mk10,SRT_SRWT,43,18300.00,12,TopSpine_Seg0,SpineAisle,East,20,0,0.00,0.00,0.0000
2026-05-31 10:05:05,brandimarte_mk10,SRT_SRWT,43,18300.00,13,TopSpine_Seg1,SpineAisle,East,20,0,0.00,0.00,0.0000
2026-05-31 10:05:05,brandimarte_mk10,SRT_SRWT,43,18300.00,14,TopSpine_Seg2,SpineAisle,East,20,0,0.00,0.00,0.0000
2026-05-31 10:05:05,brandimarte_mk10,SRT_SRWT,43,18300.00,15,TopSpine_Seg3,SpineAisle,East,20,0,0.00,0.00,0.0000
2026-05-31 10:05:05,brandimarte_mk10,SRT_SRWT,43,18300.00,16,TopSpine_Seg4,SpineAisle,East,20,0,0.00,0.00,0.0000
2026-05-31 10:05:05,brandimarte_mk10,SRT_SRWT,43,18300.00,17,BotSpine_Seg0,SpineAisle,West,268,11,2.75,0.25,0.0394
2026-05-31 10:05:05,brandimarte_mk10,SRT_SRWT,43,18300.00,18,BotSpine_Seg1,SpineAisle,West,269,2,0.50,0.25,0.0074
2026-05-31 10:05:05,brandimarte_mk10,SRT_SRWT,43,18300.00,19,BotSpine_Seg2,SpineAisle,West,269,0,0.00,0.00,0.0000
2026-05-31 10:05:05,brandimarte_mk10,SRT_SRWT,43,18300.00,20,BotSpine_Seg3,SpineAisle,West,269,0,0.00,0.00,0.0000
2026-05-31 10:05:05,brandimarte_mk10,SRT_SRWT,43,18300.00,21,BotSpine_Seg4,SpineAisle,West,269,0,0.00,0.00,0.0000
2026-05-31 10:05:05,brandimarte_mk10,SRT_SRWT,43,18300.00,22,LeftVert_TopConn,VerticalAisle,North,20,0,0.00,0.00,0.0000
2026-05-31 10:05:05,brandimarte_mk10,SRT_SRWT,43,18300.00,23,LeftVert_Row0,VerticalAisle,North,376,1600,400.00,0.25,0.8097
2026-05-31 10:05:05,brandimarte_mk10,SRT_SRWT,43,18300.00,24,LeftVert_Row1,VerticalAisle,North,376,1495,373.75,0.25,0.7990
2026-05-31 10:05:05,brandimarte_mk10,SRT_SRWT,43,18300.00,25,LeftVert_Row2,VerticalAisle,North,269,250,62.50,0.25,0.4817
2026-05-31 10:05:05,brandimarte_mk10,SRT_SRWT,43,18300.00,26,LeftVert_BotConn,VerticalAisle,North,269,3229,807.25,0.25,0.9231
2026-05-31 10:05:05,brandimarte_mk10,SRT_SRWT,43,18300.00,27,RightVert_TopConn,VerticalAisle,South,20,0,0.00,0.00,0.0000
2026-05-31 10:05:05,brandimarte_mk10,SRT_SRWT,43,18300.00,28,RightVert_Row0,VerticalAisle,South,376,15,3.75,0.25,0.0384
2026-05-31 10:05:05,brandimarte_mk10,SRT_SRWT,43,18300.00,29,RightVert_Row1,VerticalAisle,South,376,52,13.00,0.25,0.1215
2026-05-31 10:05:05,brandimarte_mk10,SRT_SRWT,43,18300.00,30,RightVert_Row2,VerticalAisle,South,269,0,0.00,0.00,0.0000
2026-05-31 10:05:05,brandimarte_mk10,SRT_SRWT,43,18300.00,31,RightVert_BotConn,VerticalAisle,South,269,0,0.00,0.00,0.0000
2026-05-31 10:10:43,brandimarte_mk10,SRT_SRWT,44,17666.63,0,RowAisle0_Seg0,RowAisle,East,354,1998,499.50,0.25,0.8495
2026-05-31 10:10:43,brandimarte_mk10,SRT_SRWT,44,17666.63,1,RowAisle0_Seg1,RowAisle,East,354,1569,392.25,0.25,0.8159
2026-05-31 10:10:43,brandimarte_mk10,SRT_SRWT,44,17666.63,2,RowAisle0_Seg2,RowAisle,East,354,174,43.50,0.25,0.3295
2026-05-31 10:10:43,brandimarte_mk10,SRT_SRWT,44,17666.63,3,RowAisle0_Seg3,RowAisle,East,354,64,16.00,0.25,0.1531
2026-05-31 10:10:43,brandimarte_mk10,SRT_SRWT,44,17666.63,4,RowAisle1_Seg0,RowAisle,West,114,232,58.00,0.25,0.6705
2026-05-31 10:10:43,brandimarte_mk10,SRT_SRWT,44,17666.63,5,RowAisle1_Seg1,RowAisle,West,114,248,62.00,0.25,0.6851
2026-05-31 10:10:43,brandimarte_mk10,SRT_SRWT,44,17666.63,6,RowAisle1_Seg2,RowAisle,West,114,34,8.50,0.25,0.2297
2026-05-31 10:10:43,brandimarte_mk10,SRT_SRWT,44,17666.63,7,RowAisle1_Seg3,RowAisle,West,114,15,3.75,0.25,0.1163
2026-05-31 10:10:43,brandimarte_mk10,SRT_SRWT,44,17666.63,8,RowAisle2_Seg0,RowAisle,East,12,0,0.00,0.00,0.0000
2026-05-31 10:10:43,brandimarte_mk10,SRT_SRWT,44,17666.63,9,RowAisle2_Seg1,RowAisle,East,12,0,0.00,0.00,0.0000
2026-05-31 10:10:43,brandimarte_mk10,SRT_SRWT,44,17666.63,10,RowAisle2_Seg2,RowAisle,East,12,0,0.00,0.00,0.0000
2026-05-31 10:10:43,brandimarte_mk10,SRT_SRWT,44,17666.63,11,RowAisle2_Seg3,RowAisle,East,12,0,0.00,0.00,0.0000
2026-05-31 10:10:43,brandimarte_mk10,SRT_SRWT,44,17666.63,12,TopSpine_Seg0,SpineAisle,East,20,0,0.00,0.00,0.0000
2026-05-31 10:10:43,brandimarte_mk10,SRT_SRWT,44,17666.63,13,TopSpine_Seg1,SpineAisle,East,20,0,0.00,0.00,0.0000
2026-05-31 10:10:43,brandimarte_mk10,SRT_SRWT,44,17666.63,14,TopSpine_Seg2,SpineAisle,East,20,0,0.00,0.00,0.0000
2026-05-31 10:10:43,brandimarte_mk10,SRT_SRWT,44,17666.63,15,TopSpine_Seg3,SpineAisle,East,20,0,0.00,0.00,0.0000
2026-05-31 10:10:43,brandimarte_mk10,SRT_SRWT,44,17666.63,16,TopSpine_Seg4,SpineAisle,East,20,0,0.00,0.00,0.0000
2026-05-31 10:10:43,brandimarte_mk10,SRT_SRWT,44,17666.63,17,BotSpine_Seg0,SpineAisle,West,271,0,0.00,0.00,0.0000
2026-05-31 10:10:43,brandimarte_mk10,SRT_SRWT,44,17666.63,18,BotSpine_Seg1,SpineAisle,West,272,0,0.00,0.00,0.0000
2026-05-31 10:10:43,brandimarte_mk10,SRT_SRWT,44,17666.63,19,BotSpine_Seg2,SpineAisle,West,272,0,0.00,0.00,0.0000
2026-05-31 10:10:43,brandimarte_mk10,SRT_SRWT,44,17666.63,20,BotSpine_Seg3,SpineAisle,West,272,0,0.00,0.00,0.0000
2026-05-31 10:10:43,brandimarte_mk10,SRT_SRWT,44,17666.63,21,BotSpine_Seg4,SpineAisle,West,272,0,0.00,0.00,0.0000
2026-05-31 10:10:43,brandimarte_mk10,SRT_SRWT,44,17666.63,22,LeftVert_TopConn,VerticalAisle,North,20,0,0.00,0.00,0.0000
2026-05-31 10:10:43,brandimarte_mk10,SRT_SRWT,44,17666.63,23,LeftVert_Row0,VerticalAisle,North,374,2002,500.50,0.25,0.8426
2026-05-31 10:10:43,brandimarte_mk10,SRT_SRWT,44,17666.63,24,LeftVert_Row1,VerticalAisle,North,374,1931,482.75,0.25,0.8377
2026-05-31 10:10:43,brandimarte_mk10,SRT_SRWT,44,17666.63,25,LeftVert_Row2,VerticalAisle,North,272,377,94.25,0.25,0.5809
2026-05-31 10:10:43,brandimarte_mk10,SRT_SRWT,44,17666.63,26,LeftVert_BotConn,VerticalAisle,North,272,3631,907.75,0.25,0.9303
2026-05-31 10:10:43,brandimarte_mk10,SRT_SRWT,44,17666.63,27,RightVert_TopConn,VerticalAisle,South,20,0,0.00,0.00,0.0000
2026-05-31 10:10:43,brandimarte_mk10,SRT_SRWT,44,17666.63,28,RightVert_Row0,VerticalAisle,South,374,26,6.50,0.25,0.0650
2026-05-31 10:10:43,brandimarte_mk10,SRT_SRWT,44,17666.63,29,RightVert_Row1,VerticalAisle,South,374,110,27.50,0.25,0.2273
2026-05-31 10:10:43,brandimarte_mk10,SRT_SRWT,44,17666.63,30,RightVert_Row2,VerticalAisle,South,272,7,1.75,0.25,0.0251
2026-05-31 10:10:43,brandimarte_mk10,SRT_SRWT,44,17666.63,31,RightVert_BotConn,VerticalAisle,South,272,13,3.25,0.25,0.0456
2026-05-31 10:17:17,brandimarte_mk11,SRT_SRWT,42,20733.38,0,RowAisle0_Seg0,RowAisle,East,260,993,248.25,0.25,0.7925
2026-05-31 10:17:17,brandimarte_mk11,SRT_SRWT,42,20733.38,1,RowAisle0_Seg1,RowAisle,East,260,180,45.00,0.25,0.4091
2026-05-31 10:17:17,brandimarte_mk11,SRT_SRWT,42,20733.38,2,RowAisle0_Seg2,RowAisle,East,260,12,3.00,0.25,0.0441
2026-05-31 10:17:17,brandimarte_mk11,SRT_SRWT,42,20733.38,3,TopSpine_Seg0,SpineAisle,East,30,0,0.00,0.00,0.0000
2026-05-31 10:17:17,brandimarte_mk11,SRT_SRWT,42,20733.38,4,TopSpine_Seg1,SpineAisle,East,30,0,0.00,0.00,0.0000
2026-05-31 10:17:17,brandimarte_mk11,SRT_SRWT,42,20733.38,5,TopSpine_Seg2,SpineAisle,East,30,0,0.00,0.00,0.0000
2026-05-31 10:17:17,brandimarte_mk11,SRT_SRWT,42,20733.38,6,TopSpine_Seg3,SpineAisle,East,30,0,0.00,0.00,0.0000
2026-05-31 10:17:17,brandimarte_mk11,SRT_SRWT,42,20733.38,7,BotSpine_Seg0,SpineAisle,West,290,0,0.00,0.00,0.0000
2026-05-31 10:17:17,brandimarte_mk11,SRT_SRWT,42,20733.38,8,BotSpine_Seg1,SpineAisle,West,290,0,0.00,0.00,0.0000
2026-05-31 10:17:17,brandimarte_mk11,SRT_SRWT,42,20733.38,9,BotSpine_Seg2,SpineAisle,West,290,0,0.00,0.00,0.0000
2026-05-31 10:17:17,brandimarte_mk11,SRT_SRWT,42,20733.38,10,BotSpine_Seg3,SpineAisle,West,290,0,0.00,0.00,0.0000
2026-05-31 10:17:17,brandimarte_mk11,SRT_SRWT,42,20733.38,11,LeftVert_TopConn,VerticalAisle,North,30,0,0.00,0.00,0.0000
2026-05-31 10:17:17,brandimarte_mk11,SRT_SRWT,42,20733.38,12,LeftVert_Row0,VerticalAisle,North,290,1085,271.25,0.25,0.7891
2026-05-31 10:17:17,brandimarte_mk11,SRT_SRWT,42,20733.38,13,LeftVert_BotConn,VerticalAisle,North,290,944,236.00,0.25,0.7650
2026-05-31 10:17:17,brandimarte_mk11,SRT_SRWT,42,20733.38,14,RightVert_TopConn,VerticalAisle,South,30,0,0.00,0.00,0.0000
2026-05-31 10:17:17,brandimarte_mk11,SRT_SRWT,42,20733.38,15,RightVert_Row0,VerticalAisle,South,290,0,0.00,0.00,0.0000
2026-05-31 10:17:17,brandimarte_mk11,SRT_SRWT,42,20733.38,16,RightVert_BotConn,VerticalAisle,South,290,2,0.50,0.25,0.0068
2026-05-31 10:23:49,brandimarte_mk11,SRT_SRWT,43,20733.38,0,RowAisle0_Seg0,RowAisle,East,260,995,248.75,0.25,0.7928
2026-05-31 10:23:49,brandimarte_mk11,SRT_SRWT,43,20733.38,1,RowAisle0_Seg1,RowAisle,East,260,180,45.00,0.25,0.4091
2026-05-31 10:23:49,brandimarte_mk11,SRT_SRWT,43,20733.38,2,RowAisle0_Seg2,RowAisle,East,260,10,2.50,0.25,0.0370
2026-05-31 10:23:49,brandimarte_mk11,SRT_SRWT,43,20733.38,3,TopSpine_Seg0,SpineAisle,East,30,0,0.00,0.00,0.0000
2026-05-31 10:23:49,brandimarte_mk11,SRT_SRWT,43,20733.38,4,TopSpine_Seg1,SpineAisle,East,30,0,0.00,0.00,0.0000
2026-05-31 10:23:49,brandimarte_mk11,SRT_SRWT,43,20733.38,5,TopSpine_Seg2,SpineAisle,East,30,0,0.00,0.00,0.0000
2026-05-31 10:23:49,brandimarte_mk11,SRT_SRWT,43,20733.38,6,TopSpine_Seg3,SpineAisle,East,30,0,0.00,0.00,0.0000
2026-05-31 10:23:49,brandimarte_mk11,SRT_SRWT,43,20733.38,7,BotSpine_Seg0,SpineAisle,West,290,0,0.00,0.00,0.0000
2026-05-31 10:23:49,brandimarte_mk11,SRT_SRWT,43,20733.38,8,BotSpine_Seg1,SpineAisle,West,290,0,0.00,0.00,0.0000
2026-05-31 10:23:49,brandimarte_mk11,SRT_SRWT,43,20733.38,9,BotSpine_Seg2,SpineAisle,West,290,0,0.00,0.00,0.0000
2026-05-31 10:23:49,brandimarte_mk11,SRT_SRWT,43,20733.38,10,BotSpine_Seg3,SpineAisle,West,290,0,0.00,0.00,0.0000
2026-05-31 10:23:49,brandimarte_mk11,SRT_SRWT,43,20733.38,11,LeftVert_TopConn,VerticalAisle,North,30,0,0.00,0.00,0.0000
2026-05-31 10:23:49,brandimarte_mk11,SRT_SRWT,43,20733.38,12,LeftVert_Row0,VerticalAisle,North,290,1086,271.50,0.25,0.7892
2026-05-31 10:23:49,brandimarte_mk11,SRT_SRWT,43,20733.38,13,LeftVert_BotConn,VerticalAisle,North,290,948,237.00,0.25,0.7658
2026-05-31 10:23:49,brandimarte_mk11,SRT_SRWT,43,20733.38,14,RightVert_TopConn,VerticalAisle,South,30,0,0.00,0.00,0.0000
2026-05-31 10:23:49,brandimarte_mk11,SRT_SRWT,43,20733.38,15,RightVert_Row0,VerticalAisle,South,290,0,0.00,0.00,0.0000
2026-05-31 10:23:49,brandimarte_mk11,SRT_SRWT,43,20733.38,16,RightVert_BotConn,VerticalAisle,South,290,2,0.50,0.25,0.0068
2026-05-31 10:30:14,brandimarte_mk11,SRT_SRWT,44,20733.25,0,RowAisle0_Seg0,RowAisle,East,260,991,247.75,0.25,0.7922
2026-05-31 10:30:14,brandimarte_mk11,SRT_SRWT,44,20733.25,1,RowAisle0_Seg1,RowAisle,East,260,180,45.00,0.25,0.4091
2026-05-31 10:30:14,brandimarte_mk11,SRT_SRWT,44,20733.25,2,RowAisle0_Seg2,RowAisle,East,260,9,2.25,0.25,0.0335
2026-05-31 10:30:14,brandimarte_mk11,SRT_SRWT,44,20733.25,3,TopSpine_Seg0,SpineAisle,East,30,0,0.00,0.00,0.0000
2026-05-31 10:30:14,brandimarte_mk11,SRT_SRWT,44,20733.25,4,TopSpine_Seg1,SpineAisle,East,30,0,0.00,0.00,0.0000
2026-05-31 10:30:14,brandimarte_mk11,SRT_SRWT,44,20733.25,5,TopSpine_Seg2,SpineAisle,East,30,0,0.00,0.00,0.0000
2026-05-31 10:30:14,brandimarte_mk11,SRT_SRWT,44,20733.25,6,TopSpine_Seg3,SpineAisle,East,30,0,0.00,0.00,0.0000
2026-05-31 10:30:14,brandimarte_mk11,SRT_SRWT,44,20733.25,7,BotSpine_Seg0,SpineAisle,West,290,0,0.00,0.00,0.0000
2026-05-31 10:30:14,brandimarte_mk11,SRT_SRWT,44,20733.25,8,BotSpine_Seg1,SpineAisle,West,290,0,0.00,0.00,0.0000
2026-05-31 10:30:14,brandimarte_mk11,SRT_SRWT,44,20733.25,9,BotSpine_Seg2,SpineAisle,West,290,0,0.00,0.00,0.0000
2026-05-31 10:30:14,brandimarte_mk11,SRT_SRWT,44,20733.25,10,BotSpine_Seg3,SpineAisle,West,290,0,0.00,0.00,0.0000
2026-05-31 10:30:14,brandimarte_mk11,SRT_SRWT,44,20733.25,11,LeftVert_TopConn,VerticalAisle,North,30,0,0.00,0.00,0.0000
2026-05-31 10:30:14,brandimarte_mk11,SRT_SRWT,44,20733.25,12,LeftVert_Row0,VerticalAisle,North,290,1089,272.25,0.25,0.7897
2026-05-31 10:30:14,brandimarte_mk11,SRT_SRWT,44,20733.25,13,LeftVert_BotConn,VerticalAisle,North,290,943,235.75,0.25,0.7648
2026-05-31 10:30:14,brandimarte_mk11,SRT_SRWT,44,20733.25,14,RightVert_TopConn,VerticalAisle,South,30,0,0.00,0.00,0.0000
2026-05-31 10:30:14,brandimarte_mk11,SRT_SRWT,44,20733.25,15,RightVert_Row0,VerticalAisle,South,290,0,0.00,0.00,0.0000
2026-05-31 10:30:14,brandimarte_mk11,SRT_SRWT,44,20733.25,16,RightVert_BotConn,VerticalAisle,South,290,2,0.50,0.25,0.0068
2026-05-31 10:36:11,brandimarte_mk13,SRT_SRWT,42,18966.63,0,RowAisle0_Seg0,RowAisle,East,378,1686,421.50,0.25,0.8169
2026-05-31 10:36:11,brandimarte_mk13,SRT_SRWT,42,18966.63,1,RowAisle0_Seg1,RowAisle,East,378,1119,279.75,0.25,0.7475
2026-05-31 10:36:11,brandimarte_mk13,SRT_SRWT,42,18966.63,2,RowAisle0_Seg2,RowAisle,East,378,879,219.75,0.25,0.6993
2026-05-31 10:36:11,brandimarte_mk13,SRT_SRWT,42,18966.63,3,RowAisle0_Seg3,RowAisle,East,378,60,15.00,0.25,0.1370
2026-05-31 10:36:11,brandimarte_mk13,SRT_SRWT,42,18966.63,4,RowAisle1_Seg0,RowAisle,West,147,22,5.50,0.25,0.1302
2026-05-31 10:36:11,brandimarte_mk13,SRT_SRWT,42,18966.63,5,RowAisle1_Seg1,RowAisle,West,147,345,86.25,0.25,0.7012
2026-05-31 10:36:11,brandimarte_mk13,SRT_SRWT,42,18966.63,6,RowAisle1_Seg2,RowAisle,West,147,30,7.50,0.25,0.1695
2026-05-31 10:36:11,brandimarte_mk13,SRT_SRWT,42,18966.63,7,RowAisle1_Seg3,RowAisle,West,147,0,0.00,0.00,0.0000
2026-05-31 10:36:11,brandimarte_mk13,SRT_SRWT,42,18966.63,8,TopSpine_Seg0,SpineAisle,East,30,0,0.00,0.00,0.0000
2026-05-31 10:36:11,brandimarte_mk13,SRT_SRWT,42,18966.63,9,TopSpine_Seg1,SpineAisle,East,30,0,0.00,0.00,0.0000
2026-05-31 10:36:11,brandimarte_mk13,SRT_SRWT,42,18966.63,10,TopSpine_Seg2,SpineAisle,East,30,0,0.00,0.00,0.0000
2026-05-31 10:36:11,brandimarte_mk13,SRT_SRWT,42,18966.63,11,TopSpine_Seg3,SpineAisle,East,30,0,0.00,0.00,0.0000
2026-05-31 10:36:11,brandimarte_mk13,SRT_SRWT,42,18966.63,12,TopSpine_Seg4,SpineAisle,East,30,0,0.00,0.00,0.0000
2026-05-31 10:36:11,brandimarte_mk13,SRT_SRWT,42,18966.63,13,BotSpine_Seg0,SpineAisle,West,261,0,0.00,0.00,0.0000
2026-05-31 10:36:11,brandimarte_mk13,SRT_SRWT,42,18966.63,14,BotSpine_Seg1,SpineAisle,West,261,0,0.00,0.00,0.0000
2026-05-31 10:36:11,brandimarte_mk13,SRT_SRWT,42,18966.63,15,BotSpine_Seg2,SpineAisle,West,261,0,0.00,0.00,0.0000
2026-05-31 10:36:11,brandimarte_mk13,SRT_SRWT,42,18966.63,16,BotSpine_Seg3,SpineAisle,West,261,0,0.00,0.00,0.0000
2026-05-31 10:36:11,brandimarte_mk13,SRT_SRWT,42,18966.63,17,BotSpine_Seg4,SpineAisle,West,261,0,0.00,0.00,0.0000
2026-05-31 10:36:11,brandimarte_mk13,SRT_SRWT,42,18966.63,18,LeftVert_TopConn,VerticalAisle,North,30,0,0.00,0.00,0.0000
2026-05-31 10:36:11,brandimarte_mk13,SRT_SRWT,42,18966.63,19,LeftVert_Row0,VerticalAisle,North,408,3019,754.75,0.25,0.8809
2026-05-31 10:36:11,brandimarte_mk13,SRT_SRWT,42,18966.63,20,LeftVert_Row1,VerticalAisle,North,408,1199,299.75,0.25,0.7461
2026-05-31 10:36:11,brandimarte_mk13,SRT_SRWT,42,18966.63,21,LeftVert_BotConn,VerticalAisle,North,261,7553,1888.25,0.25,0.9666
2026-05-31 10:36:11,brandimarte_mk13,SRT_SRWT,42,18966.63,22,RightVert_TopConn,VerticalAisle,South,30,0,0.00,0.00,0.0000
2026-05-31 10:36:11,brandimarte_mk13,SRT_SRWT,42,18966.63,23,RightVert_Row0,VerticalAisle,South,408,10,2.50,0.25,0.0239
2026-05-31 10:36:11,brandimarte_mk13,SRT_SRWT,42,18966.63,24,RightVert_Row1,VerticalAisle,South,408,40,10.00,0.25,0.0893
2026-05-31 10:36:11,brandimarte_mk13,SRT_SRWT,42,18966.63,25,RightVert_BotConn,VerticalAisle,South,261,3,0.75,0.25,0.0114
2026-05-31 10:42:06,brandimarte_mk13,SRT_SRWT,43,18966.63,0,RowAisle0_Seg0,RowAisle,East,378,1683,420.75,0.25,0.8166
2026-05-31 10:42:06,brandimarte_mk13,SRT_SRWT,43,18966.63,1,RowAisle0_Seg1,RowAisle,East,378,1121,280.25,0.25,0.7478
2026-05-31 10:42:06,brandimarte_mk13,SRT_SRWT,43,18966.63,2,RowAisle0_Seg2,RowAisle,East,378,882,220.50,0.25,0.7000
2026-05-31 10:42:06,brandimarte_mk13,SRT_SRWT,43,18966.63,3,RowAisle0_Seg3,RowAisle,East,378,60,15.00,0.25,0.1370
2026-05-31 10:42:06,brandimarte_mk13,SRT_SRWT,43,18966.63,4,RowAisle1_Seg0,RowAisle,West,147,20,5.00,0.25,0.1198
2026-05-31 10:42:06,brandimarte_mk13,SRT_SRWT,43,18966.63,5,RowAisle1_Seg1,RowAisle,West,147,346,86.50,0.25,0.7018
2026-05-31 10:42:06,brandimarte_mk13,SRT_SRWT,43,18966.63,6,RowAisle1_Seg2,RowAisle,West,147,29,7.25,0.25,0.1648
2026-05-31 10:42:06,brandimarte_mk13,SRT_SRWT,43,18966.63,7,RowAisle1_Seg3,RowAisle,West,147,0,0.00,0.00,0.0000
2026-05-31 10:42:06,brandimarte_mk13,SRT_SRWT,43,18966.63,8,TopSpine_Seg0,SpineAisle,East,30,0,0.00,0.00,0.0000
2026-05-31 10:42:06,brandimarte_mk13,SRT_SRWT,43,18966.63,9,TopSpine_Seg1,SpineAisle,East,30,0,0.00,0.00,0.0000
2026-05-31 10:42:06,brandimarte_mk13,SRT_SRWT,43,18966.63,10,TopSpine_Seg2,SpineAisle,East,30,0,0.00,0.00,0.0000
2026-05-31 10:42:06,brandimarte_mk13,SRT_SRWT,43,18966.63,11,TopSpine_Seg3,SpineAisle,East,30,0,0.00,0.00,0.0000
2026-05-31 10:42:06,brandimarte_mk13,SRT_SRWT,43,18966.63,12,TopSpine_Seg4,SpineAisle,East,30,0,0.00,0.00,0.0000
2026-05-31 10:42:06,brandimarte_mk13,SRT_SRWT,43,18966.63,13,BotSpine_Seg0,SpineAisle,West,261,0,0.00,0.00,0.0000
2026-05-31 10:42:06,brandimarte_mk13,SRT_SRWT,43,18966.63,14,BotSpine_Seg1,SpineAisle,West,261,0,0.00,0.00,0.0000
2026-05-31 10:42:06,brandimarte_mk13,SRT_SRWT,43,18966.63,15,BotSpine_Seg2,SpineAisle,West,261,0,0.00,0.00,0.0000
2026-05-31 10:42:06,brandimarte_mk13,SRT_SRWT,43,18966.63,16,BotSpine_Seg3,SpineAisle,West,261,0,0.00,0.00,0.0000
2026-05-31 10:42:06,brandimarte_mk13,SRT_SRWT,43,18966.63,17,BotSpine_Seg4,SpineAisle,West,261,0,0.00,0.00,0.0000
2026-05-31 10:42:06,brandimarte_mk13,SRT_SRWT,43,18966.63,18,LeftVert_TopConn,VerticalAisle,North,30,0,0.00,0.00,0.0000
2026-05-31 10:42:06,brandimarte_mk13,SRT_SRWT,43,18966.63,19,LeftVert_Row0,VerticalAisle,North,408,3030,757.50,0.25,0.8813
2026-05-31 10:42:06,brandimarte_mk13,SRT_SRWT,43,18966.63,20,LeftVert_Row1,VerticalAisle,North,408,1248,312.00,0.25,0.7536
2026-05-31 10:42:06,brandimarte_mk13,SRT_SRWT,43,18966.63,21,LeftVert_BotConn,VerticalAisle,North,261,7484,1871.00,0.25,0.9663
2026-05-31 10:42:06,brandimarte_mk13,SRT_SRWT,43,18966.63,22,RightVert_TopConn,VerticalAisle,South,30,0,0.00,0.00,0.0000
2026-05-31 10:42:06,brandimarte_mk13,SRT_SRWT,43,18966.63,23,RightVert_Row0,VerticalAisle,South,408,9,2.25,0.25,0.0216
2026-05-31 10:42:06,brandimarte_mk13,SRT_SRWT,43,18966.63,24,RightVert_Row1,VerticalAisle,South,408,39,9.75,0.25,0.0872
2026-05-31 10:42:06,brandimarte_mk13,SRT_SRWT,43,18966.63,25,RightVert_BotConn,VerticalAisle,South,261,3,0.75,0.25,0.0114
2026-05-31 10:48:03,brandimarte_mk13,SRT_SRWT,44,18966.63,0,RowAisle0_Seg0,RowAisle,East,378,1690,422.50,0.25,0.8172
2026-05-31 10:48:03,brandimarte_mk13,SRT_SRWT,44,18966.63,1,RowAisle0_Seg1,RowAisle,East,378,1118,279.50,0.25,0.7473
2026-05-31 10:48:03,brandimarte_mk13,SRT_SRWT,44,18966.63,2,RowAisle0_Seg2,RowAisle,East,378,881,220.25,0.25,0.6998
2026-05-31 10:48:03,brandimarte_mk13,SRT_SRWT,44,18966.63,3,RowAisle0_Seg3,RowAisle,East,378,62,15.50,0.25,0.1409
2026-05-31 10:48:03,brandimarte_mk13,SRT_SRWT,44,18966.63,4,RowAisle1_Seg0,RowAisle,West,147,22,5.50,0.25,0.1302
2026-05-31 10:48:03,brandimarte_mk13,SRT_SRWT,44,18966.63,5,RowAisle1_Seg1,RowAisle,West,147,345,86.25,0.25,0.7012
2026-05-31 10:48:03,brandimarte_mk13,SRT_SRWT,44,18966.63,6,RowAisle1_Seg2,RowAisle,West,147,31,7.75,0.25,0.1742
2026-05-31 10:48:03,brandimarte_mk13,SRT_SRWT,44,18966.63,7,RowAisle1_Seg3,RowAisle,West,147,0,0.00,0.00,0.0000
2026-05-31 10:48:03,brandimarte_mk13,SRT_SRWT,44,18966.63,8,TopSpine_Seg0,SpineAisle,East,30,0,0.00,0.00,0.0000
2026-05-31 10:48:03,brandimarte_mk13,SRT_SRWT,44,18966.63,9,TopSpine_Seg1,SpineAisle,East,30,0,0.00,0.00,0.0000
2026-05-31 10:48:03,brandimarte_mk13,SRT_SRWT,44,18966.63,10,TopSpine_Seg2,SpineAisle,East,30,0,0.00,0.00,0.0000
2026-05-31 10:48:03,brandimarte_mk13,SRT_SRWT,44,18966.63,11,TopSpine_Seg3,SpineAisle,East,30,0,0.00,0.00,0.0000
2026-05-31 10:48:03,brandimarte_mk13,SRT_SRWT,44,18966.63,12,TopSpine_Seg4,SpineAisle,East,30,0,0.00,0.00,0.0000
2026-05-31 10:48:03,brandimarte_mk13,SRT_SRWT,44,18966.63,13,BotSpine_Seg0,SpineAisle,West,261,0,0.00,0.00,0.0000
2026-05-31 10:48:03,brandimarte_mk13,SRT_SRWT,44,18966.63,14,BotSpine_Seg1,SpineAisle,West,261,0,0.00,0.00,0.0000
2026-05-31 10:48:03,brandimarte_mk13,SRT_SRWT,44,18966.63,15,BotSpine_Seg2,SpineAisle,West,261,0,0.00,0.00,0.0000
2026-05-31 10:48:03,brandimarte_mk13,SRT_SRWT,44,18966.63,16,BotSpine_Seg3,SpineAisle,West,261,0,0.00,0.00,0.0000
2026-05-31 10:48:03,brandimarte_mk13,SRT_SRWT,44,18966.63,17,BotSpine_Seg4,SpineAisle,West,261,0,0.00,0.00,0.0000
2026-05-31 10:48:03,brandimarte_mk13,SRT_SRWT,44,18966.63,18,LeftVert_TopConn,VerticalAisle,North,30,0,0.00,0.00,0.0000
2026-05-31 10:48:03,brandimarte_mk13,SRT_SRWT,44,18966.63,19,LeftVert_Row0,VerticalAisle,North,408,3014,753.50,0.25,0.8808
2026-05-31 10:48:03,brandimarte_mk13,SRT_SRWT,44,18966.63,20,LeftVert_Row1,VerticalAisle,North,408,1204,301.00,0.25,0.7469
2026-05-31 10:48:03,brandimarte_mk13,SRT_SRWT,44,18966.63,21,LeftVert_BotConn,VerticalAisle,North,261,7547,1886.75,0.25,0.9666
2026-05-31 10:48:03,brandimarte_mk13,SRT_SRWT,44,18966.63,22,RightVert_TopConn,VerticalAisle,South,30,0,0.00,0.00,0.0000
2026-05-31 10:48:03,brandimarte_mk13,SRT_SRWT,44,18966.63,23,RightVert_Row0,VerticalAisle,South,408,7,1.75,0.25,0.0169
2026-05-31 10:48:03,brandimarte_mk13,SRT_SRWT,44,18966.63,24,RightVert_Row1,VerticalAisle,South,408,38,9.50,0.25,0.0852
2026-05-31 10:48:03,brandimarte_mk13,SRT_SRWT,44,18966.63,25,RightVert_BotConn,VerticalAisle,South,261,3,0.75,0.25,0.0114
2026-05-31 10:55:08,brandimarte_mk15,SRT_SRWT,42,22433.38,0,RowAisle0_Seg0,RowAisle,East,430,1270,317.50,0.25,0.7471
2026-05-31 10:55:08,brandimarte_mk15,SRT_SRWT,42,22433.38,1,RowAisle0_Seg1,RowAisle,East,430,1043,260.75,0.25,0.7081
2026-05-31 10:55:08,brandimarte_mk15,SRT_SRWT,42,22433.38,2,RowAisle0_Seg2,RowAisle,East,430,799,199.75,0.25,0.6501
2026-05-31 10:55:08,brandimarte_mk15,SRT_SRWT,42,22433.38,3,RowAisle0_Seg3,RowAisle,East,430,40,10.00,0.25,0.0851
2026-05-31 10:55:08,brandimarte_mk15,SRT_SRWT,42,22433.38,4,RowAisle1_Seg0,RowAisle,West,149,6,1.50,0.25,0.0387
2026-05-31 10:55:08,brandimarte_mk15,SRT_SRWT,42,22433.38,5,RowAisle1_Seg1,RowAisle,West,149,0,0.00,0.00,0.0000
2026-05-31 10:55:08,brandimarte_mk15,SRT_SRWT,42,22433.38,6,RowAisle1_Seg2,RowAisle,West,149,4,1.00,0.25,0.0261
2026-05-31 10:55:08,brandimarte_mk15,SRT_SRWT,42,22433.38,7,RowAisle1_Seg3,RowAisle,West,149,48,12.00,0.25,0.2437
2026-05-31 10:55:08,brandimarte_mk15,SRT_SRWT,42,22433.38,8,RowAisle2_Seg0,RowAisle,East,46,0,0.00,0.00,0.0000
2026-05-31 10:55:08,brandimarte_mk15,SRT_SRWT,42,22433.38,9,RowAisle2_Seg1,RowAisle,East,46,0,0.00,0.00,0.0000
2026-05-31 10:55:08,brandimarte_mk15,SRT_SRWT,42,22433.38,10,RowAisle2_Seg2,RowAisle,East,46,0,0.00,0.00,0.0000
2026-05-31 10:55:08,brandimarte_mk15,SRT_SRWT,42,22433.38,11,RowAisle2_Seg3,RowAisle,East,46,0,0.00,0.00,0.0000
2026-05-31 10:55:08,brandimarte_mk15,SRT_SRWT,42,22433.38,12,TopSpine_Seg0,SpineAisle,East,30,0,0.00,0.00,0.0000
2026-05-31 10:55:08,brandimarte_mk15,SRT_SRWT,42,22433.38,13,TopSpine_Seg1,SpineAisle,East,30,0,0.00,0.00,0.0000
2026-05-31 10:55:08,brandimarte_mk15,SRT_SRWT,42,22433.38,14,TopSpine_Seg2,SpineAisle,East,30,0,0.00,0.00,0.0000
2026-05-31 10:55:08,brandimarte_mk15,SRT_SRWT,42,22433.38,15,TopSpine_Seg3,SpineAisle,East,30,0,0.00,0.00,0.0000
2026-05-31 10:55:08,brandimarte_mk15,SRT_SRWT,42,22433.38,16,TopSpine_Seg4,SpineAisle,East,30,0,0.00,0.00,0.0000
2026-05-31 10:55:08,brandimarte_mk15,SRT_SRWT,42,22433.38,17,BotSpine_Seg0,SpineAisle,West,356,0,0.00,0.00,0.0000
2026-05-31 10:55:08,brandimarte_mk15,SRT_SRWT,42,22433.38,18,BotSpine_Seg1,SpineAisle,West,357,0,0.00,0.00,0.0000
2026-05-31 10:55:08,brandimarte_mk15,SRT_SRWT,42,22433.38,19,BotSpine_Seg2,SpineAisle,West,357,0,0.00,0.00,0.0000
2026-05-31 10:55:08,brandimarte_mk15,SRT_SRWT,42,22433.38,20,BotSpine_Seg3,SpineAisle,West,357,0,0.00,0.00,0.0000
2026-05-31 10:55:08,brandimarte_mk15,SRT_SRWT,42,22433.38,21,BotSpine_Seg4,SpineAisle,West,357,0,0.00,0.00,0.0000
2026-05-31 10:55:08,brandimarte_mk15,SRT_SRWT,42,22433.38,22,LeftVert_TopConn,VerticalAisle,North,30,0,0.00,0.00,0.0000
2026-05-31 10:55:08,brandimarte_mk15,SRT_SRWT,42,22433.38,23,LeftVert_Row0,VerticalAisle,North,460,982,245.50,0.25,0.6810
2026-05-31 10:55:08,brandimarte_mk15,SRT_SRWT,42,22433.38,24,LeftVert_Row1,VerticalAisle,North,460,649,162.25,0.25,0.5852
2026-05-31 10:55:08,brandimarte_mk15,SRT_SRWT,42,22433.38,25,LeftVert_Row2,VerticalAisle,North,357,517,129.25,0.25,0.5915
2026-05-31 10:55:08,brandimarte_mk15,SRT_SRWT,42,22433.38,26,LeftVert_BotConn,VerticalAisle,North,357,1303,325.75,0.25,0.7849
2026-05-31 10:55:08,brandimarte_mk15,SRT_SRWT,42,22433.38,27,RightVert_TopConn,VerticalAisle,South,30,0,0.00,0.00,0.0000
2026-05-31 10:55:08,brandimarte_mk15,SRT_SRWT,42,22433.38,28,RightVert_Row0,VerticalAisle,South,460,24,6.00,0.25,0.0496
2026-05-31 10:55:08,brandimarte_mk15,SRT_SRWT,42,22433.38,29,RightVert_Row1,VerticalAisle,South,460,214,53.50,0.25,0.3175
2026-05-31 10:55:08,brandimarte_mk15,SRT_SRWT,42,22433.38,30,RightVert_Row2,VerticalAisle,South,357,34,8.50,0.25,0.0870
2026-05-31 10:55:08,brandimarte_mk15,SRT_SRWT,42,22433.38,31,RightVert_BotConn,VerticalAisle,South,357,44,11.00,0.25,0.1097
2026-05-31 11:02:12,brandimarte_mk15,SRT_SRWT,43,22433.38,0,RowAisle0_Seg0,RowAisle,East,430,1269,317.25,0.25,0.7469
2026-05-31 11:02:12,brandimarte_mk15,SRT_SRWT,43,22433.38,1,RowAisle0_Seg1,RowAisle,East,430,1043,260.75,0.25,0.7081
2026-05-31 11:02:12,brandimarte_mk15,SRT_SRWT,43,22433.38,2,RowAisle0_Seg2,RowAisle,East,430,798,199.50,0.25,0.6498
2026-05-31 11:02:12,brandimarte_mk15,SRT_SRWT,43,22433.38,3,RowAisle0_Seg3,RowAisle,East,430,41,10.25,0.25,0.0870
2026-05-31 11:02:12,brandimarte_mk15,SRT_SRWT,43,22433.38,4,RowAisle1_Seg0,RowAisle,West,149,6,1.50,0.25,0.0387
2026-05-31 11:02:12,brandimarte_mk15,SRT_SRWT,43,22433.38,5,RowAisle1_Seg1,RowAisle,West,149,0,0.00,0.00,0.0000
2026-05-31 11:02:12,brandimarte_mk15,SRT_SRWT,43,22433.38,6,RowAisle1_Seg2,RowAisle,West,149,4,1.00,0.25,0.0261
2026-05-31 11:02:12,brandimarte_mk15,SRT_SRWT,43,22433.38,7,RowAisle1_Seg3,RowAisle,West,149,48,12.00,0.25,0.2437
2026-05-31 11:02:12,brandimarte_mk15,SRT_SRWT,43,22433.38,8,RowAisle2_Seg0,RowAisle,East,46,0,0.00,0.00,0.0000
2026-05-31 11:02:12,brandimarte_mk15,SRT_SRWT,43,22433.38,9,RowAisle2_Seg1,RowAisle,East,46,0,0.00,0.00,0.0000
2026-05-31 11:02:12,brandimarte_mk15,SRT_SRWT,43,22433.38,10,RowAisle2_Seg2,RowAisle,East,46,0,0.00,0.00,0.0000
2026-05-31 11:02:12,brandimarte_mk15,SRT_SRWT,43,22433.38,11,RowAisle2_Seg3,RowAisle,East,46,0,0.00,0.00,0.0000
2026-05-31 11:02:12,brandimarte_mk15,SRT_SRWT,43,22433.38,12,TopSpine_Seg0,SpineAisle,East,30,0,0.00,0.00,0.0000
2026-05-31 11:02:12,brandimarte_mk15,SRT_SRWT,43,22433.38,13,TopSpine_Seg1,SpineAisle,East,30,0,0.00,0.00,0.0000
2026-05-31 11:02:12,brandimarte_mk15,SRT_SRWT,43,22433.38,14,TopSpine_Seg2,SpineAisle,East,30,0,0.00,0.00,0.0000
2026-05-31 11:02:12,brandimarte_mk15,SRT_SRWT,43,22433.38,15,TopSpine_Seg3,SpineAisle,East,30,0,0.00,0.00,0.0000
2026-05-31 11:02:12,brandimarte_mk15,SRT_SRWT,43,22433.38,16,TopSpine_Seg4,SpineAisle,East,30,0,0.00,0.00,0.0000
2026-05-31 11:02:12,brandimarte_mk15,SRT_SRWT,43,22433.38,17,BotSpine_Seg0,SpineAisle,West,356,0,0.00,0.00,0.0000
2026-05-31 11:02:12,brandimarte_mk15,SRT_SRWT,43,22433.38,18,BotSpine_Seg1,SpineAisle,West,357,0,0.00,0.00,0.0000
2026-05-31 11:02:12,brandimarte_mk15,SRT_SRWT,43,22433.38,19,BotSpine_Seg2,SpineAisle,West,357,0,0.00,0.00,0.0000
2026-05-31 11:02:12,brandimarte_mk15,SRT_SRWT,43,22433.38,20,BotSpine_Seg3,SpineAisle,West,357,0,0.00,0.00,0.0000
2026-05-31 11:02:12,brandimarte_mk15,SRT_SRWT,43,22433.38,21,BotSpine_Seg4,SpineAisle,West,357,0,0.00,0.00,0.0000
2026-05-31 11:02:12,brandimarte_mk15,SRT_SRWT,43,22433.38,22,LeftVert_TopConn,VerticalAisle,North,30,0,0.00,0.00,0.0000
2026-05-31 11:02:12,brandimarte_mk15,SRT_SRWT,43,22433.38,23,LeftVert_Row0,VerticalAisle,North,460,985,246.25,0.25,0.6817
2026-05-31 11:02:12,brandimarte_mk15,SRT_SRWT,43,22433.38,24,LeftVert_Row1,VerticalAisle,North,460,651,162.75,0.25,0.5860
2026-05-31 11:02:12,brandimarte_mk15,SRT_SRWT,43,22433.38,25,LeftVert_Row2,VerticalAisle,North,357,521,130.25,0.25,0.5934
2026-05-31 11:02:12,brandimarte_mk15,SRT_SRWT,43,22433.38,26,LeftVert_BotConn,VerticalAisle,North,357,1305,326.25,0.25,0.7852
2026-05-31 11:02:12,brandimarte_mk15,SRT_SRWT,43,22433.38,27,RightVert_TopConn,VerticalAisle,South,30,0,0.00,0.00,0.0000
2026-05-31 11:02:12,brandimarte_mk15,SRT_SRWT,43,22433.38,28,RightVert_Row0,VerticalAisle,South,460,24,6.00,0.25,0.0496
2026-05-31 11:02:12,brandimarte_mk15,SRT_SRWT,43,22433.38,29,RightVert_Row1,VerticalAisle,South,460,213,53.25,0.25,0.3165
2026-05-31 11:02:12,brandimarte_mk15,SRT_SRWT,43,22433.38,30,RightVert_Row2,VerticalAisle,South,357,33,8.25,0.25,0.0846
2026-05-31 11:02:12,brandimarte_mk15,SRT_SRWT,43,22433.38,31,RightVert_BotConn,VerticalAisle,South,357,47,11.75,0.25,0.1163
2026-05-31 11:09:18,brandimarte_mk15,SRT_SRWT,44,22433.25,0,RowAisle0_Seg0,RowAisle,East,430,1270,317.50,0.25,0.7471
2026-05-31 11:09:18,brandimarte_mk15,SRT_SRWT,44,22433.25,1,RowAisle0_Seg1,RowAisle,East,430,1045,261.25,0.25,0.7085
2026-05-31 11:09:18,brandimarte_mk15,SRT_SRWT,44,22433.25,2,RowAisle0_Seg2,RowAisle,East,430,800,200.00,0.25,0.6504
2026-05-31 11:09:18,brandimarte_mk15,SRT_SRWT,44,22433.25,3,RowAisle0_Seg3,RowAisle,East,430,37,9.25,0.25,0.0792
2026-05-31 11:09:18,brandimarte_mk15,SRT_SRWT,44,22433.25,4,RowAisle1_Seg0,RowAisle,West,149,5,1.25,0.25,0.0325
2026-05-31 11:09:18,brandimarte_mk15,SRT_SRWT,44,22433.25,5,RowAisle1_Seg1,RowAisle,West,149,0,0.00,0.00,0.0000
2026-05-31 11:09:18,brandimarte_mk15,SRT_SRWT,44,22433.25,6,RowAisle1_Seg2,RowAisle,West,149,4,1.00,0.25,0.0261
2026-05-31 11:09:18,brandimarte_mk15,SRT_SRWT,44,22433.25,7,RowAisle1_Seg3,RowAisle,West,149,49,12.25,0.25,0.2475
2026-05-31 11:09:18,brandimarte_mk15,SRT_SRWT,44,22433.25,8,RowAisle2_Seg0,RowAisle,East,46,0,0.00,0.00,0.0000
2026-05-31 11:09:18,brandimarte_mk15,SRT_SRWT,44,22433.25,9,RowAisle2_Seg1,RowAisle,East,46,0,0.00,0.00,0.0000
2026-05-31 11:09:18,brandimarte_mk15,SRT_SRWT,44,22433.25,10,RowAisle2_Seg2,RowAisle,East,46,0,0.00,0.00,0.0000
2026-05-31 11:09:18,brandimarte_mk15,SRT_SRWT,44,22433.25,11,RowAisle2_Seg3,RowAisle,East,46,0,0.00,0.00,0.0000
2026-05-31 11:09:18,brandimarte_mk15,SRT_SRWT,44,22433.25,12,TopSpine_Seg0,SpineAisle,East,30,0,0.00,0.00,0.0000
2026-05-31 11:09:18,brandimarte_mk15,SRT_SRWT,44,22433.25,13,TopSpine_Seg1,SpineAisle,East,30,0,0.00,0.00,0.0000
2026-05-31 11:09:18,brandimarte_mk15,SRT_SRWT,44,22433.25,14,TopSpine_Seg2,SpineAisle,East,30,0,0.00,0.00,0.0000
2026-05-31 11:09:18,brandimarte_mk15,SRT_SRWT,44,22433.25,15,TopSpine_Seg3,SpineAisle,East,30,0,0.00,0.00,0.0000
2026-05-31 11:09:18,brandimarte_mk15,SRT_SRWT,44,22433.25,16,TopSpine_Seg4,SpineAisle,East,30,0,0.00,0.00,0.0000
2026-05-31 11:09:18,brandimarte_mk15,SRT_SRWT,44,22433.25,17,BotSpine_Seg0,SpineAisle,West,356,0,0.00,0.00,0.0000
2026-05-31 11:09:18,brandimarte_mk15,SRT_SRWT,44,22433.25,18,BotSpine_Seg1,SpineAisle,West,357,0,0.00,0.00,0.0000
2026-05-31 11:09:18,brandimarte_mk15,SRT_SRWT,44,22433.25,19,BotSpine_Seg2,SpineAisle,West,357,0,0.00,0.00,0.0000
2026-05-31 11:09:18,brandimarte_mk15,SRT_SRWT,44,22433.25,20,BotSpine_Seg3,SpineAisle,West,357,0,0.00,0.00,0.0000
2026-05-31 11:09:18,brandimarte_mk15,SRT_SRWT,44,22433.25,21,BotSpine_Seg4,SpineAisle,West,357,0,0.00,0.00,0.0000
2026-05-31 11:09:18,brandimarte_mk15,SRT_SRWT,44,22433.25,22,LeftVert_TopConn,VerticalAisle,North,30,0,0.00,0.00,0.0000
2026-05-31 11:09:18,brandimarte_mk15,SRT_SRWT,44,22433.25,23,LeftVert_Row0,VerticalAisle,North,460,983,245.75,0.25,0.6812
2026-05-31 11:09:18,brandimarte_mk15,SRT_SRWT,44,22433.25,24,LeftVert_Row1,VerticalAisle,North,460,651,162.75,0.25,0.5860
2026-05-31 11:09:18,brandimarte_mk15,SRT_SRWT,44,22433.25,25,LeftVert_Row2,VerticalAisle,North,357,518,129.50,0.25,0.5920
2026-05-31 11:09:18,brandimarte_mk15,SRT_SRWT,44,22433.25,26,LeftVert_BotConn,VerticalAisle,North,357,1302,325.50,0.25,0.7848
2026-05-31 11:09:18,brandimarte_mk15,SRT_SRWT,44,22433.25,27,RightVert_TopConn,VerticalAisle,South,30,0,0.00,0.00,0.0000
2026-05-31 11:09:18,brandimarte_mk15,SRT_SRWT,44,22433.25,28,RightVert_Row0,VerticalAisle,South,460,20,5.00,0.25,0.0417
2026-05-31 11:09:18,brandimarte_mk15,SRT_SRWT,44,22433.25,29,RightVert_Row1,VerticalAisle,South,460,216,54.00,0.25,0.3195
2026-05-31 11:09:18,brandimarte_mk15,SRT_SRWT,44,22433.25,30,RightVert_Row2,VerticalAisle,South,357,33,8.25,0.25,0.0846
2026-05-31 11:09:18,brandimarte_mk15,SRT_SRWT,44,22433.25,31,RightVert_BotConn,VerticalAisle,South,357,44,11.00,0.25,0.1097
2026-05-30 23:16:11,brandimarte_mk01,SRT_SMPT,42,4289.32,0,RowAisle0_Seg0,RowAisle,East,83,182,47.32,0.26,0.6868
2026-05-30 23:16:11,brandimarte_mk01,SRT_SMPT,42,4289.32,1,RowAisle0_Seg1,RowAisle,East,83,432,112.32,0.26,0.8388
2026-05-30 23:16:11,brandimarte_mk01,SRT_SMPT,42,4289.32,2,RowAisle0_Seg2,RowAisle,East,83,4,1.04,0.26,0.0460
2026-05-30 23:16:11,brandimarte_mk01,SRT_SMPT,42,4289.32,3,TopSpine_Seg0,SpineAisle,East,10,0,0.00,0.00,0.0000
2026-05-30 23:16:11,brandimarte_mk01,SRT_SMPT,42,4289.32,4,TopSpine_Seg1,SpineAisle,East,10,0,0.00,0.00,0.0000
2026-05-30 23:16:11,brandimarte_mk01,SRT_SMPT,42,4289.32,5,TopSpine_Seg2,SpineAisle,East,10,0,0.00,0.00,0.0000
2026-05-30 23:16:11,brandimarte_mk01,SRT_SMPT,42,4289.32,6,TopSpine_Seg3,SpineAisle,East,10,0,0.00,0.00,0.0000
2026-05-30 23:16:11,brandimarte_mk01,SRT_SMPT,42,4289.32,7,BotSpine_Seg0,SpineAisle,West,93,3,0.78,0.26,0.0313
2026-05-30 23:16:11,brandimarte_mk01,SRT_SMPT,42,4289.32,8,BotSpine_Seg1,SpineAisle,West,93,0,0.00,0.00,0.0000
2026-05-30 23:16:11,brandimarte_mk01,SRT_SMPT,42,4289.32,9,BotSpine_Seg2,SpineAisle,West,93,0,0.00,0.00,0.0000
2026-05-30 23:16:11,brandimarte_mk01,SRT_SMPT,42,4289.32,10,BotSpine_Seg3,SpineAisle,West,93,0,0.00,0.00,0.0000
2026-05-30 23:16:11,brandimarte_mk01,SRT_SMPT,42,4289.32,11,LeftVert_TopConn,VerticalAisle,North,10,0,0.00,0.00,0.0000
2026-05-30 23:16:11,brandimarte_mk01,SRT_SMPT,42,4289.32,12,LeftVert_Row0,VerticalAisle,North,93,940,244.40,0.26,0.9100
2026-05-30 23:16:11,brandimarte_mk01,SRT_SMPT,42,4289.32,13,LeftVert_BotConn,VerticalAisle,North,93,579,150.54,0.26,0.8616
2026-05-30 23:16:11,brandimarte_mk01,SRT_SMPT,42,4289.32,14,RightVert_TopConn,VerticalAisle,South,10,0,0.00,0.00,0.0000
2026-05-30 23:16:11,brandimarte_mk01,SRT_SMPT,42,4289.32,15,RightVert_Row0,VerticalAisle,South,93,7,1.82,0.26,0.0700
2026-05-30 23:16:11,brandimarte_mk01,SRT_SMPT,42,4289.32,16,RightVert_BotConn,VerticalAisle,South,93,7,1.82,0.26,0.0700
2026-05-30 23:17:59,brandimarte_mk01,SRT_SMPT,43,4400.00,0,RowAisle0_Seg0,RowAisle,East,83,181,47.06,0.26,0.6856
2026-05-30 23:17:59,brandimarte_mk01,SRT_SMPT,43,4400.00,1,RowAisle0_Seg1,RowAisle,East,83,418,108.68,0.26,0.8343
2026-05-30 23:17:59,brandimarte_mk01,SRT_SMPT,43,4400.00,2,RowAisle0_Seg2,RowAisle,East,83,4,1.04,0.26,0.0460
2026-05-30 23:17:59,brandimarte_mk01,SRT_SMPT,43,4400.00,3,TopSpine_Seg0,SpineAisle,East,10,0,0.00,0.00,0.0000
2026-05-30 23:17:59,brandimarte_mk01,SRT_SMPT,43,4400.00,4,TopSpine_Seg1,SpineAisle,East,10,0,0.00,0.00,0.0000
2026-05-30 23:17:59,brandimarte_mk01,SRT_SMPT,43,4400.00,5,TopSpine_Seg2,SpineAisle,East,10,0,0.00,0.00,0.0000
2026-05-30 23:17:59,brandimarte_mk01,SRT_SMPT,43,4400.00,6,TopSpine_Seg3,SpineAisle,East,10,0,0.00,0.00,0.0000
2026-05-30 23:17:59,brandimarte_mk01,SRT_SMPT,43,4400.00,7,BotSpine_Seg0,SpineAisle,West,93,2,0.52,0.26,0.0211
2026-05-30 23:17:59,brandimarte_mk01,SRT_SMPT,43,4400.00,8,BotSpine_Seg1,SpineAisle,West,93,0,0.00,0.00,0.0000
2026-05-30 23:17:59,brandimarte_mk01,SRT_SMPT,43,4400.00,9,BotSpine_Seg2,SpineAisle,West,93,0,0.00,0.00,0.0000
2026-05-30 23:17:59,brandimarte_mk01,SRT_SMPT,43,4400.00,10,BotSpine_Seg3,SpineAisle,West,93,0,0.00,0.00,0.0000
2026-05-30 23:17:59,brandimarte_mk01,SRT_SMPT,43,4400.00,11,LeftVert_TopConn,VerticalAisle,North,10,0,0.00,0.00,0.0000
2026-05-30 23:17:59,brandimarte_mk01,SRT_SMPT,43,4400.00,12,LeftVert_Row0,VerticalAisle,North,93,938,243.88,0.26,0.9098
2026-05-30 23:17:59,brandimarte_mk01,SRT_SMPT,43,4400.00,13,LeftVert_BotConn,VerticalAisle,North,93,563,146.38,0.26,0.8582
2026-05-30 23:17:59,brandimarte_mk01,SRT_SMPT,43,4400.00,14,RightVert_TopConn,VerticalAisle,South,10,0,0.00,0.00,0.0000
2026-05-30 23:17:59,brandimarte_mk01,SRT_SMPT,43,4400.00,15,RightVert_Row0,VerticalAisle,South,93,0,0.00,0.00,0.0000
2026-05-30 23:17:59,brandimarte_mk01,SRT_SMPT,43,4400.00,16,RightVert_BotConn,VerticalAisle,South,93,0,0.00,0.00,0.0000
2026-05-30 23:19:48,brandimarte_mk01,SRT_SMPT,44,4400.00,0,RowAisle0_Seg0,RowAisle,East,83,181,47.06,0.26,0.6856
2026-05-30 23:19:48,brandimarte_mk01,SRT_SMPT,44,4400.00,1,RowAisle0_Seg1,RowAisle,East,83,418,108.68,0.26,0.8343
2026-05-30 23:19:48,brandimarte_mk01,SRT_SMPT,44,4400.00,2,RowAisle0_Seg2,RowAisle,East,83,4,1.04,0.26,0.0460
2026-05-30 23:19:48,brandimarte_mk01,SRT_SMPT,44,4400.00,3,TopSpine_Seg0,SpineAisle,East,10,0,0.00,0.00,0.0000
2026-05-30 23:19:48,brandimarte_mk01,SRT_SMPT,44,4400.00,4,TopSpine_Seg1,SpineAisle,East,10,0,0.00,0.00,0.0000
2026-05-30 23:19:48,brandimarte_mk01,SRT_SMPT,44,4400.00,5,TopSpine_Seg2,SpineAisle,East,10,0,0.00,0.00,0.0000
2026-05-30 23:19:48,brandimarte_mk01,SRT_SMPT,44,4400.00,6,TopSpine_Seg3,SpineAisle,East,10,0,0.00,0.00,0.0000
2026-05-30 23:19:48,brandimarte_mk01,SRT_SMPT,44,4400.00,7,BotSpine_Seg0,SpineAisle,West,93,2,0.52,0.26,0.0211
2026-05-30 23:19:48,brandimarte_mk01,SRT_SMPT,44,4400.00,8,BotSpine_Seg1,SpineAisle,West,93,0,0.00,0.00,0.0000
2026-05-30 23:19:48,brandimarte_mk01,SRT_SMPT,44,4400.00,9,BotSpine_Seg2,SpineAisle,West,93,0,0.00,0.00,0.0000
2026-05-30 23:19:48,brandimarte_mk01,SRT_SMPT,44,4400.00,10,BotSpine_Seg3,SpineAisle,West,93,0,0.00,0.00,0.0000
2026-05-30 23:19:48,brandimarte_mk01,SRT_SMPT,44,4400.00,11,LeftVert_TopConn,VerticalAisle,North,10,0,0.00,0.00,0.0000
2026-05-30 23:19:48,brandimarte_mk01,SRT_SMPT,44,4400.00,12,LeftVert_Row0,VerticalAisle,North,93,938,243.88,0.26,0.9098
2026-05-30 23:19:48,brandimarte_mk01,SRT_SMPT,44,4400.00,13,LeftVert_BotConn,VerticalAisle,North,93,562,146.12,0.26,0.8580
2026-05-30 23:19:48,brandimarte_mk01,SRT_SMPT,44,4400.00,14,RightVert_TopConn,VerticalAisle,South,10,0,0.00,0.00,0.0000
2026-05-30 23:19:48,brandimarte_mk01,SRT_SMPT,44,4400.00,15,RightVert_Row0,VerticalAisle,South,93,0,0.00,0.00,0.0000
2026-05-30 23:19:48,brandimarte_mk01,SRT_SMPT,44,4400.00,16,RightVert_BotConn,VerticalAisle,South,93,0,0.00,0.00,0.0000
2026-05-30 23:24:50,brandimarte_mk03,SRT_SMPT,42,12233.33,0,RowAisle0_Seg0,RowAisle,East,256,127,33.02,0.26,0.3316
2026-05-30 23:24:50,brandimarte_mk03,SRT_SMPT,42,12233.33,1,RowAisle0_Seg1,RowAisle,East,256,23,5.98,0.26,0.0824
2026-05-30 23:24:50,brandimarte_mk03,SRT_SMPT,42,12233.33,2,RowAisle0_Seg2,RowAisle,East,256,60,15.60,0.26,0.1899
2026-05-30 23:24:50,brandimarte_mk03,SRT_SMPT,42,12233.33,3,RowAisle1_Seg0,RowAisle,West,106,70,18.20,0.26,0.3977
2026-05-30 23:24:50,brandimarte_mk03,SRT_SMPT,42,12233.33,4,RowAisle1_Seg1,RowAisle,West,106,85,22.10,0.26,0.4450
2026-05-30 23:24:50,brandimarte_mk03,SRT_SMPT,42,12233.33,5,RowAisle1_Seg2,RowAisle,West,106,831,216.06,0.26,0.8869
2026-05-30 23:24:50,brandimarte_mk03,SRT_SMPT,42,12233.33,6,TopSpine_Seg0,SpineAisle,East,15,0,0.00,0.00,0.0000
2026-05-30 23:24:50,brandimarte_mk03,SRT_SMPT,42,12233.33,7,TopSpine_Seg1,SpineAisle,East,15,0,0.00,0.00,0.0000
2026-05-30 23:24:50,brandimarte_mk03,SRT_SMPT,42,12233.33,8,TopSpine_Seg2,SpineAisle,East,15,0,0.00,0.00,0.0000
2026-05-30 23:24:50,brandimarte_mk03,SRT_SMPT,42,12233.33,9,TopSpine_Seg3,SpineAisle,East,15,0,0.00,0.00,0.0000
2026-05-30 23:24:50,brandimarte_mk03,SRT_SMPT,42,12233.33,10,BotSpine_Seg0,SpineAisle,West,165,0,0.00,0.00,0.0000
2026-05-30 23:24:50,brandimarte_mk03,SRT_SMPT,42,12233.33,11,BotSpine_Seg1,SpineAisle,West,165,0,0.00,0.00,0.0000
2026-05-30 23:24:50,brandimarte_mk03,SRT_SMPT,42,12233.33,12,BotSpine_Seg2,SpineAisle,West,165,0,0.00,0.00,0.0000
2026-05-30 23:24:50,brandimarte_mk03,SRT_SMPT,42,12233.33,13,BotSpine_Seg3,SpineAisle,West,165,0,0.00,0.00,0.0000
2026-05-30 23:24:50,brandimarte_mk03,SRT_SMPT,42,12233.33,14,LeftVert_TopConn,VerticalAisle,North,15,0,0.00,0.00,0.0000
2026-05-30 23:24:50,brandimarte_mk03,SRT_SMPT,42,12233.33,15,LeftVert_Row0,VerticalAisle,North,271,2054,534.05,0.26,0.8834
2026-05-30 23:24:50,brandimarte_mk03,SRT_SMPT,42,12233.33,16,LeftVert_Row1,VerticalAisle,North,271,135,35.09,0.26,0.3325
2026-05-30 23:24:50,brandimarte_mk03,SRT_SMPT,42,12233.33,17,LeftVert_BotConn,VerticalAisle,North,165,1109,288.34,0.26,0.8705
2026-05-30 23:24:50,brandimarte_mk03,SRT_SMPT,42,12233.33,18,RightVert_TopConn,VerticalAisle,South,15,0,0.00,0.00,0.0000
2026-05-30 23:24:50,brandimarte_mk03,SRT_SMPT,42,12233.33,19,RightVert_Row0,VerticalAisle,South,271,9,2.34,0.26,0.0321
2026-05-30 23:24:50,brandimarte_mk03,SRT_SMPT,42,12233.33,20,RightVert_Row1,VerticalAisle,South,271,71,18.46,0.26,0.2076
2026-05-30 23:24:50,brandimarte_mk03,SRT_SMPT,42,12233.33,21,RightVert_BotConn,VerticalAisle,South,165,0,0.00,0.00,0.0000
2026-05-30 23:29:55,brandimarte_mk03,SRT_SMPT,43,12233.34,0,RowAisle0_Seg0,RowAisle,East,256,128,33.28,0.26,0.3333
2026-05-30 23:29:55,brandimarte_mk03,SRT_SMPT,43,12233.34,1,RowAisle0_Seg1,RowAisle,East,256,23,5.98,0.26,0.0824
2026-05-30 23:29:55,brandimarte_mk03,SRT_SMPT,43,12233.34,2,RowAisle0_Seg2,RowAisle,East,256,60,15.60,0.26,0.1899
2026-05-30 23:29:55,brandimarte_mk03,SRT_SMPT,43,12233.34,3,RowAisle1_Seg0,RowAisle,West,106,70,18.20,0.26,0.3977
2026-05-30 23:29:55,brandimarte_mk03,SRT_SMPT,43,12233.34,4,RowAisle1_Seg1,RowAisle,West,106,85,22.10,0.26,0.4450
2026-05-30 23:29:55,brandimarte_mk03,SRT_SMPT,43,12233.34,5,RowAisle1_Seg2,RowAisle,West,106,831,216.06,0.26,0.8869
2026-05-30 23:29:55,brandimarte_mk03,SRT_SMPT,43,12233.34,6,TopSpine_Seg0,SpineAisle,East,15,0,0.00,0.00,0.0000
2026-05-30 23:29:55,brandimarte_mk03,SRT_SMPT,43,12233.34,7,TopSpine_Seg1,SpineAisle,East,15,0,0.00,0.00,0.0000
2026-05-30 23:29:55,brandimarte_mk03,SRT_SMPT,43,12233.34,8,TopSpine_Seg2,SpineAisle,East,15,0,0.00,0.00,0.0000
2026-05-30 23:29:55,brandimarte_mk03,SRT_SMPT,43,12233.34,9,TopSpine_Seg3,SpineAisle,East,15,0,0.00,0.00,0.0000
2026-05-30 23:29:55,brandimarte_mk03,SRT_SMPT,43,12233.34,10,BotSpine_Seg0,SpineAisle,West,165,0,0.00,0.00,0.0000
2026-05-30 23:29:55,brandimarte_mk03,SRT_SMPT,43,12233.34,11,BotSpine_Seg1,SpineAisle,West,165,0,0.00,0.00,0.0000
2026-05-30 23:29:55,brandimarte_mk03,SRT_SMPT,43,12233.34,12,BotSpine_Seg2,SpineAisle,West,165,0,0.00,0.00,0.0000
2026-05-30 23:29:55,brandimarte_mk03,SRT_SMPT,43,12233.34,13,BotSpine_Seg3,SpineAisle,West,165,0,0.00,0.00,0.0000
2026-05-30 23:29:55,brandimarte_mk03,SRT_SMPT,43,12233.34,14,LeftVert_TopConn,VerticalAisle,North,15,0,0.00,0.00,0.0000
2026-05-30 23:29:55,brandimarte_mk03,SRT_SMPT,43,12233.34,15,LeftVert_Row0,VerticalAisle,North,271,2053,533.78,0.26,0.8834
2026-05-30 23:29:55,brandimarte_mk03,SRT_SMPT,43,12233.34,16,LeftVert_Row1,VerticalAisle,North,271,135,35.10,0.26,0.3325
2026-05-30 23:29:55,brandimarte_mk03,SRT_SMPT,43,12233.34,17,LeftVert_BotConn,VerticalAisle,North,165,1109,288.33,0.26,0.8705
2026-05-30 23:29:55,brandimarte_mk03,SRT_SMPT,43,12233.34,18,RightVert_TopConn,VerticalAisle,South,15,0,0.00,0.00,0.0000
2026-05-30 23:29:55,brandimarte_mk03,SRT_SMPT,43,12233.34,19,RightVert_Row0,VerticalAisle,South,271,9,2.34,0.26,0.0321
2026-05-30 23:29:55,brandimarte_mk03,SRT_SMPT,43,12233.34,20,RightVert_Row1,VerticalAisle,South,271,71,18.46,0.26,0.2076
2026-05-30 23:29:55,brandimarte_mk03,SRT_SMPT,43,12233.34,21,RightVert_BotConn,VerticalAisle,South,165,0,0.00,0.00,0.0000
2026-05-30 23:34:59,brandimarte_mk03,SRT_SMPT,44,12233.34,0,RowAisle0_Seg0,RowAisle,East,256,127,33.02,0.26,0.3316
2026-05-30 23:34:59,brandimarte_mk03,SRT_SMPT,44,12233.34,1,RowAisle0_Seg1,RowAisle,East,256,23,5.98,0.26,0.0824
2026-05-30 23:34:59,brandimarte_mk03,SRT_SMPT,44,12233.34,2,RowAisle0_Seg2,RowAisle,East,256,60,15.61,0.26,0.1899
2026-05-30 23:34:59,brandimarte_mk03,SRT_SMPT,44,12233.34,3,RowAisle1_Seg0,RowAisle,West,106,70,18.20,0.26,0.3977
2026-05-30 23:34:59,brandimarte_mk03,SRT_SMPT,44,12233.34,4,RowAisle1_Seg1,RowAisle,West,106,85,22.11,0.26,0.4450
2026-05-30 23:34:59,brandimarte_mk03,SRT_SMPT,44,12233.34,5,RowAisle1_Seg2,RowAisle,West,106,831,216.06,0.26,0.8869
2026-05-30 23:34:59,brandimarte_mk03,SRT_SMPT,44,12233.34,6,TopSpine_Seg0,SpineAisle,East,15,0,0.00,0.00,0.0000
2026-05-30 23:34:59,brandimarte_mk03,SRT_SMPT,44,12233.34,7,TopSpine_Seg1,SpineAisle,East,15,0,0.00,0.00,0.0000
2026-05-30 23:34:59,brandimarte_mk03,SRT_SMPT,44,12233.34,8,TopSpine_Seg2,SpineAisle,East,15,0,0.00,0.00,0.0000
2026-05-30 23:34:59,brandimarte_mk03,SRT_SMPT,44,12233.34,9,TopSpine_Seg3,SpineAisle,East,15,0,0.00,0.00,0.0000
2026-05-30 23:34:59,brandimarte_mk03,SRT_SMPT,44,12233.34,10,BotSpine_Seg0,SpineAisle,West,165,0,0.00,0.00,0.0000
2026-05-30 23:34:59,brandimarte_mk03,SRT_SMPT,44,12233.34,11,BotSpine_Seg1,SpineAisle,West,165,0,0.00,0.00,0.0000
2026-05-30 23:34:59,brandimarte_mk03,SRT_SMPT,44,12233.34,12,BotSpine_Seg2,SpineAisle,West,165,0,0.00,0.00,0.0000
2026-05-30 23:34:59,brandimarte_mk03,SRT_SMPT,44,12233.34,13,BotSpine_Seg3,SpineAisle,West,165,0,0.00,0.00,0.0000
2026-05-30 23:34:59,brandimarte_mk03,SRT_SMPT,44,12233.34,14,LeftVert_TopConn,VerticalAisle,North,15,0,0.00,0.00,0.0000
2026-05-30 23:34:59,brandimarte_mk03,SRT_SMPT,44,12233.34,15,LeftVert_Row0,VerticalAisle,North,271,2054,534.05,0.26,0.8834
2026-05-30 23:34:59,brandimarte_mk03,SRT_SMPT,44,12233.34,16,LeftVert_Row1,VerticalAisle,North,271,135,35.11,0.26,0.3325
2026-05-30 23:34:59,brandimarte_mk03,SRT_SMPT,44,12233.34,17,LeftVert_BotConn,VerticalAisle,North,165,1109,288.36,0.26,0.8705
2026-05-30 23:34:59,brandimarte_mk03,SRT_SMPT,44,12233.34,18,RightVert_TopConn,VerticalAisle,South,15,0,0.00,0.00,0.0000
2026-05-30 23:34:59,brandimarte_mk03,SRT_SMPT,44,12233.34,19,RightVert_Row0,VerticalAisle,South,271,9,2.34,0.26,0.0321
2026-05-30 23:34:59,brandimarte_mk03,SRT_SMPT,44,12233.34,20,RightVert_Row1,VerticalAisle,South,271,71,18.47,0.26,0.2076
2026-05-30 23:34:59,brandimarte_mk03,SRT_SMPT,44,12233.34,21,RightVert_BotConn,VerticalAisle,South,165,0,0.00,0.00,0.0000
2026-05-30 23:38:15,brandimarte_mk04,SRT_SMPT,42,7900.00,0,RowAisle0_Seg0,RowAisle,East,149,18,4.68,0.26,0.1078
2026-05-30 23:38:15,brandimarte_mk04,SRT_SMPT,42,7900.00,1,RowAisle0_Seg1,RowAisle,East,149,192,49.92,0.26,0.5630
2026-05-30 23:38:15,brandimarte_mk04,SRT_SMPT,42,7900.00,2,RowAisle0_Seg2,RowAisle,East,149,17,4.41,0.26,0.1024
2026-05-30 23:38:15,brandimarte_mk04,SRT_SMPT,42,7900.00,3,RowAisle1_Seg0,RowAisle,West,59,0,0.00,0.00,0.0000
2026-05-30 23:38:15,brandimarte_mk04,SRT_SMPT,42,7900.00,4,RowAisle1_Seg1,RowAisle,West,59,0,0.00,0.00,0.0000
2026-05-30 23:38:15,brandimarte_mk04,SRT_SMPT,42,7900.00,5,RowAisle1_Seg2,RowAisle,West,59,0,0.00,0.00,0.0000
2026-05-30 23:38:15,brandimarte_mk04,SRT_SMPT,42,7900.00,6,TopSpine_Seg0,SpineAisle,East,15,0,0.00,0.00,0.0000
2026-05-30 23:38:15,brandimarte_mk04,SRT_SMPT,42,7900.00,7,TopSpine_Seg1,SpineAisle,East,15,0,0.00,0.00,0.0000
2026-05-30 23:38:15,brandimarte_mk04,SRT_SMPT,42,7900.00,8,TopSpine_Seg2,SpineAisle,East,15,0,0.00,0.00,0.0000
2026-05-30 23:38:15,brandimarte_mk04,SRT_SMPT,42,7900.00,9,TopSpine_Seg3,SpineAisle,East,15,0,0.00,0.00,0.0000
2026-05-30 23:38:15,brandimarte_mk04,SRT_SMPT,42,7900.00,10,BotSpine_Seg0,SpineAisle,West,105,0,0.00,0.00,0.0000
2026-05-30 23:38:15,brandimarte_mk04,SRT_SMPT,42,7900.00,11,BotSpine_Seg1,SpineAisle,West,105,0,0.00,0.00,0.0000
2026-05-30 23:38:15,brandimarte_mk04,SRT_SMPT,42,7900.00,12,BotSpine_Seg2,SpineAisle,West,105,0,0.00,0.00,0.0000
2026-05-30 23:38:15,brandimarte_mk04,SRT_SMPT,42,7900.00,13,BotSpine_Seg3,SpineAisle,West,105,0,0.00,0.00,0.0000
2026-05-30 23:38:15,brandimarte_mk04,SRT_SMPT,42,7900.00,14,LeftVert_TopConn,VerticalAisle,North,15,0,0.00,0.00,0.0000
2026-05-30 23:38:15,brandimarte_mk04,SRT_SMPT,42,7900.00,15,LeftVert_Row0,VerticalAisle,North,164,730,189.80,0.26,0.8166
2026-05-30 23:38:15,brandimarte_mk04,SRT_SMPT,42,7900.00,16,LeftVert_Row1,VerticalAisle,North,164,226,58.77,0.26,0.5795
2026-05-30 23:38:15,brandimarte_mk04,SRT_SMPT,42,7900.00,17,LeftVert_BotConn,VerticalAisle,North,105,541,140.67,0.26,0.8375
2026-05-30 23:38:15,brandimarte_mk04,SRT_SMPT,42,7900.00,18,RightVert_TopConn,VerticalAisle,South,15,0,0.00,0.00,0.0000
2026-05-30 23:38:15,brandimarte_mk04,SRT_SMPT,42,7900.00,19,RightVert_Row0,VerticalAisle,South,164,0,0.00,0.00,0.0000
2026-05-30 23:38:15,brandimarte_mk04,SRT_SMPT,42,7900.00,20,RightVert_Row1,VerticalAisle,South,164,4,1.04,0.26,0.0238
2026-05-30 23:38:15,brandimarte_mk04,SRT_SMPT,42,7900.00,21,RightVert_BotConn,VerticalAisle,South,105,0,0.00,0.00,0.0000
2026-05-30 23:41:29,brandimarte_mk04,SRT_SMPT,43,7900.00,0,RowAisle0_Seg0,RowAisle,East,149,18,4.68,0.26,0.1078
2026-05-30 23:41:29,brandimarte_mk04,SRT_SMPT,43,7900.00,1,RowAisle0_Seg1,RowAisle,East,149,193,50.18,0.26,0.5643
2026-05-30 23:41:29,brandimarte_mk04,SRT_SMPT,43,7900.00,2,RowAisle0_Seg2,RowAisle,East,149,18,4.68,0.26,0.1078
2026-05-30 23:41:29,brandimarte_mk04,SRT_SMPT,43,7900.00,3,RowAisle1_Seg0,RowAisle,West,59,0,0.00,0.00,0.0000
2026-05-30 23:41:29,brandimarte_mk04,SRT_SMPT,43,7900.00,4,RowAisle1_Seg1,RowAisle,West,59,0,0.00,0.00,0.0000
2026-05-30 23:41:29,brandimarte_mk04,SRT_SMPT,43,7900.00,5,RowAisle1_Seg2,RowAisle,West,59,0,0.00,0.00,0.0000
2026-05-30 23:41:29,brandimarte_mk04,SRT_SMPT,43,7900.00,6,TopSpine_Seg0,SpineAisle,East,15,0,0.00,0.00,0.0000
2026-05-30 23:41:29,brandimarte_mk04,SRT_SMPT,43,7900.00,7,TopSpine_Seg1,SpineAisle,East,15,0,0.00,0.00,0.0000
2026-05-30 23:41:29,brandimarte_mk04,SRT_SMPT,43,7900.00,8,TopSpine_Seg2,SpineAisle,East,15,0,0.00,0.00,0.0000
2026-05-30 23:41:29,brandimarte_mk04,SRT_SMPT,43,7900.00,9,TopSpine_Seg3,SpineAisle,East,15,0,0.00,0.00,0.0000
2026-05-30 23:41:29,brandimarte_mk04,SRT_SMPT,43,7900.00,10,BotSpine_Seg0,SpineAisle,West,105,0,0.00,0.00,0.0000
2026-05-30 23:41:29,brandimarte_mk04,SRT_SMPT,43,7900.00,11,BotSpine_Seg1,SpineAisle,West,105,0,0.00,0.00,0.0000
2026-05-30 23:41:29,brandimarte_mk04,SRT_SMPT,43,7900.00,12,BotSpine_Seg2,SpineAisle,West,105,0,0.00,0.00,0.0000
2026-05-30 23:41:29,brandimarte_mk04,SRT_SMPT,43,7900.00,13,BotSpine_Seg3,SpineAisle,West,105,0,0.00,0.00,0.0000
2026-05-30 23:41:29,brandimarte_mk04,SRT_SMPT,43,7900.00,14,LeftVert_TopConn,VerticalAisle,North,15,0,0.00,0.00,0.0000
2026-05-30 23:41:29,brandimarte_mk04,SRT_SMPT,43,7900.00,15,LeftVert_Row0,VerticalAisle,North,164,731,190.06,0.26,0.8168
2026-05-30 23:41:29,brandimarte_mk04,SRT_SMPT,43,7900.00,16,LeftVert_Row1,VerticalAisle,North,164,226,58.76,0.26,0.5795
2026-05-30 23:41:29,brandimarte_mk04,SRT_SMPT,43,7900.00,17,LeftVert_BotConn,VerticalAisle,North,105,541,140.66,0.26,0.8375
2026-05-30 23:41:29,brandimarte_mk04,SRT_SMPT,43,7900.00,18,RightVert_TopConn,VerticalAisle,South,15,0,0.00,0.00,0.0000
2026-05-30 23:41:29,brandimarte_mk04,SRT_SMPT,43,7900.00,19,RightVert_Row0,VerticalAisle,South,164,0,0.00,0.00,0.0000
2026-05-30 23:41:29,brandimarte_mk04,SRT_SMPT,43,7900.00,20,RightVert_Row1,VerticalAisle,South,164,4,1.04,0.26,0.0238
2026-05-30 23:41:29,brandimarte_mk04,SRT_SMPT,43,7900.00,21,RightVert_BotConn,VerticalAisle,South,105,0,0.00,0.00,0.0000
2026-05-30 23:44:45,brandimarte_mk04,SRT_SMPT,44,7900.00,0,RowAisle0_Seg0,RowAisle,East,149,19,4.94,0.26,0.1131
2026-05-30 23:44:45,brandimarte_mk04,SRT_SMPT,44,7900.00,1,RowAisle0_Seg1,RowAisle,East,149,192,49.93,0.26,0.5630
2026-05-30 23:44:45,brandimarte_mk04,SRT_SMPT,44,7900.00,2,RowAisle0_Seg2,RowAisle,East,149,19,4.96,0.26,0.1131
2026-05-30 23:44:45,brandimarte_mk04,SRT_SMPT,44,7900.00,3,RowAisle1_Seg0,RowAisle,West,59,0,0.00,0.00,0.0000
2026-05-30 23:44:45,brandimarte_mk04,SRT_SMPT,44,7900.00,4,RowAisle1_Seg1,RowAisle,West,59,0,0.00,0.00,0.0000
2026-05-30 23:44:45,brandimarte_mk04,SRT_SMPT,44,7900.00,5,RowAisle1_Seg2,RowAisle,West,59,0,0.00,0.00,0.0000
2026-05-30 23:44:45,brandimarte_mk04,SRT_SMPT,44,7900.00,6,TopSpine_Seg0,SpineAisle,East,15,0,0.00,0.00,0.0000
2026-05-30 23:44:45,brandimarte_mk04,SRT_SMPT,44,7900.00,7,TopSpine_Seg1,SpineAisle,East,15,0,0.00,0.00,0.0000
2026-05-30 23:44:45,brandimarte_mk04,SRT_SMPT,44,7900.00,8,TopSpine_Seg2,SpineAisle,East,15,0,0.00,0.00,0.0000
2026-05-30 23:44:45,brandimarte_mk04,SRT_SMPT,44,7900.00,9,TopSpine_Seg3,SpineAisle,East,15,0,0.00,0.00,0.0000
2026-05-30 23:44:45,brandimarte_mk04,SRT_SMPT,44,7900.00,10,BotSpine_Seg0,SpineAisle,West,105,0,0.00,0.00,0.0000
2026-05-30 23:44:45,brandimarte_mk04,SRT_SMPT,44,7900.00,11,BotSpine_Seg1,SpineAisle,West,105,0,0.00,0.00,0.0000
2026-05-30 23:44:45,brandimarte_mk04,SRT_SMPT,44,7900.00,12,BotSpine_Seg2,SpineAisle,West,105,0,0.00,0.00,0.0000
2026-05-30 23:44:45,brandimarte_mk04,SRT_SMPT,44,7900.00,13,BotSpine_Seg3,SpineAisle,West,105,0,0.00,0.00,0.0000
2026-05-30 23:44:45,brandimarte_mk04,SRT_SMPT,44,7900.00,14,LeftVert_TopConn,VerticalAisle,North,15,0,0.00,0.00,0.0000
2026-05-30 23:44:45,brandimarte_mk04,SRT_SMPT,44,7900.00,15,LeftVert_Row0,VerticalAisle,North,164,730,189.77,0.26,0.8166
2026-05-30 23:44:45,brandimarte_mk04,SRT_SMPT,44,7900.00,16,LeftVert_Row1,VerticalAisle,North,164,226,58.76,0.26,0.5795
2026-05-30 23:44:45,brandimarte_mk04,SRT_SMPT,44,7900.00,17,LeftVert_BotConn,VerticalAisle,North,105,541,140.68,0.26,0.8375
2026-05-30 23:44:45,brandimarte_mk04,SRT_SMPT,44,7900.00,18,RightVert_TopConn,VerticalAisle,South,15,0,0.00,0.00,0.0000
2026-05-30 23:44:45,brandimarte_mk04,SRT_SMPT,44,7900.00,19,RightVert_Row0,VerticalAisle,South,164,0,0.00,0.00,0.0000
2026-05-30 23:44:45,brandimarte_mk04,SRT_SMPT,44,7900.00,20,RightVert_Row1,VerticalAisle,South,164,4,1.04,0.26,0.0238
2026-05-30 23:44:45,brandimarte_mk04,SRT_SMPT,44,7900.00,21,RightVert_BotConn,VerticalAisle,South,105,0,0.00,0.00,0.0000
2026-05-30 23:49:10,brandimarte_mk06,SRT_SMPT,42,10800.00,0,RowAisle0_Seg0,RowAisle,East,257,29,7.54,0.26,0.1014
2026-05-30 23:49:10,brandimarte_mk06,SRT_SMPT,42,10800.00,1,RowAisle0_Seg1,RowAisle,East,257,876,227.77,0.26,0.7732
2026-05-30 23:49:10,brandimarte_mk06,SRT_SMPT,42,10800.00,2,RowAisle0_Seg2,RowAisle,East,257,0,0.00,0.00,0.0000
2026-05-30 23:49:10,brandimarte_mk06,SRT_SMPT,42,10800.00,3,RowAisle0_Seg3,RowAisle,East,257,6,1.56,0.26,0.0228
2026-05-30 23:49:10,brandimarte_mk06,SRT_SMPT,42,10800.00,4,RowAisle1_Seg0,RowAisle,West,107,27,7.02,0.26,0.2015
2026-05-30 23:49:10,brandimarte_mk06,SRT_SMPT,42,10800.00,5,RowAisle1_Seg1,RowAisle,West,107,19,4.95,0.26,0.1508
2026-05-30 23:49:10,brandimarte_mk06,SRT_SMPT,42,10800.00,6,RowAisle1_Seg2,RowAisle,West,107,378,98.27,0.26,0.7794
2026-05-30 23:49:10,brandimarte_mk06,SRT_SMPT,42,10800.00,7,RowAisle1_Seg3,RowAisle,West,107,7,1.82,0.26,0.0614
2026-05-30 23:49:10,brandimarte_mk06,SRT_SMPT,42,10800.00,8,TopSpine_Seg0,SpineAisle,East,10,0,0.00,0.00,0.0000
2026-05-30 23:49:10,brandimarte_mk06,SRT_SMPT,42,10800.00,9,TopSpine_Seg1,SpineAisle,East,10,0,0.00,0.00,0.0000
2026-05-30 23:49:10,brandimarte_mk06,SRT_SMPT,42,10800.00,10,TopSpine_Seg2,SpineAisle,East,10,0,0.00,0.00,0.0000
2026-05-30 23:49:10,brandimarte_mk06,SRT_SMPT,42,10800.00,11,TopSpine_Seg3,SpineAisle,East,10,0,0.00,0.00,0.0000
2026-05-30 23:49:10,brandimarte_mk06,SRT_SMPT,42,10800.00,12,TopSpine_Seg4,SpineAisle,East,10,0,0.00,0.00,0.0000
2026-05-30 23:49:10,brandimarte_mk06,SRT_SMPT,42,10800.00,13,BotSpine_Seg0,SpineAisle,West,160,0,0.00,0.00,0.0000
2026-05-30 23:49:10,brandimarte_mk06,SRT_SMPT,42,10800.00,14,BotSpine_Seg1,SpineAisle,West,160,0,0.00,0.00,0.0000
2026-05-30 23:49:10,brandimarte_mk06,SRT_SMPT,42,10800.00,15,BotSpine_Seg2,SpineAisle,West,160,0,0.00,0.00,0.0000
2026-05-30 23:49:10,brandimarte_mk06,SRT_SMPT,42,10800.00,16,BotSpine_Seg3,SpineAisle,West,160,0,0.00,0.00,0.0000
2026-05-30 23:49:10,brandimarte_mk06,SRT_SMPT,42,10800.00,17,BotSpine_Seg4,SpineAisle,West,160,0,0.00,0.00,0.0000
2026-05-30 23:49:10,brandimarte_mk06,SRT_SMPT,42,10800.00,18,LeftVert_TopConn,VerticalAisle,North,10,0,0.00,0.00,0.0000
2026-05-30 23:49:10,brandimarte_mk06,SRT_SMPT,42,10800.00,19,LeftVert_Row0,VerticalAisle,North,267,540,140.36,0.26,0.6691
2026-05-30 23:49:10,brandimarte_mk06,SRT_SMPT,42,10800.00,20,LeftVert_Row1,VerticalAisle,North,267,64,16.63,0.26,0.1934
2026-05-30 23:49:10,brandimarte_mk06,SRT_SMPT,42,10800.00,21,LeftVert_BotConn,VerticalAisle,North,160,326,84.76,0.26,0.6708
2026-05-30 23:49:10,brandimarte_mk06,SRT_SMPT,42,10800.00,22,RightVert_TopConn,VerticalAisle,South,10,0,0.00,0.00,0.0000
2026-05-30 23:49:10,brandimarte_mk06,SRT_SMPT,42,10800.00,23,RightVert_Row0,VerticalAisle,South,267,2,0.52,0.26,0.0074
2026-05-30 23:49:10,brandimarte_mk06,SRT_SMPT,42,10800.00,24,RightVert_Row1,VerticalAisle,South,267,156,40.56,0.26,0.3688
2026-05-30 23:49:10,brandimarte_mk06,SRT_SMPT,42,10800.00,25,RightVert_BotConn,VerticalAisle,South,160,0,0.00,0.00,0.0000
2026-05-30 23:53:37,brandimarte_mk06,SRT_SMPT,43,10800.01,0,RowAisle0_Seg0,RowAisle,East,257,29,7.54,0.26,0.1014
2026-05-30 23:53:37,brandimarte_mk06,SRT_SMPT,43,10800.01,1,RowAisle0_Seg1,RowAisle,East,257,876,227.77,0.26,0.7732
2026-05-30 23:53:37,brandimarte_mk06,SRT_SMPT,43,10800.01,2,RowAisle0_Seg2,RowAisle,East,257,0,0.00,0.00,0.0000
2026-05-30 23:53:37,brandimarte_mk06,SRT_SMPT,43,10800.01,3,RowAisle0_Seg3,RowAisle,East,257,6,1.56,0.26,0.0228
2026-05-30 23:53:37,brandimarte_mk06,SRT_SMPT,43,10800.01,4,RowAisle1_Seg0,RowAisle,West,107,27,7.02,0.26,0.2015
2026-05-30 23:53:37,brandimarte_mk06,SRT_SMPT,43,10800.01,5,RowAisle1_Seg1,RowAisle,West,107,19,4.95,0.26,0.1508
2026-05-30 23:53:37,brandimarte_mk06,SRT_SMPT,43,10800.01,6,RowAisle1_Seg2,RowAisle,West,107,378,98.27,0.26,0.7794
2026-05-30 23:53:37,brandimarte_mk06,SRT_SMPT,43,10800.01,7,RowAisle1_Seg3,RowAisle,West,107,7,1.82,0.26,0.0614
2026-05-30 23:53:37,brandimarte_mk06,SRT_SMPT,43,10800.01,8,TopSpine_Seg0,SpineAisle,East,10,0,0.00,0.00,0.0000
2026-05-30 23:53:37,brandimarte_mk06,SRT_SMPT,43,10800.01,9,TopSpine_Seg1,SpineAisle,East,10,0,0.00,0.00,0.0000
2026-05-30 23:53:37,brandimarte_mk06,SRT_SMPT,43,10800.01,10,TopSpine_Seg2,SpineAisle,East,10,0,0.00,0.00,0.0000
2026-05-30 23:53:37,brandimarte_mk06,SRT_SMPT,43,10800.01,11,TopSpine_Seg3,SpineAisle,East,10,0,0.00,0.00,0.0000
2026-05-30 23:53:37,brandimarte_mk06,SRT_SMPT,43,10800.01,12,TopSpine_Seg4,SpineAisle,East,10,0,0.00,0.00,0.0000
2026-05-30 23:53:37,brandimarte_mk06,SRT_SMPT,43,10800.01,13,BotSpine_Seg0,SpineAisle,West,160,0,0.00,0.00,0.0000
2026-05-30 23:53:37,brandimarte_mk06,SRT_SMPT,43,10800.01,14,BotSpine_Seg1,SpineAisle,West,160,0,0.00,0.00,0.0000
2026-05-30 23:53:37,brandimarte_mk06,SRT_SMPT,43,10800.01,15,BotSpine_Seg2,SpineAisle,West,160,0,0.00,0.00,0.0000
2026-05-30 23:53:37,brandimarte_mk06,SRT_SMPT,43,10800.01,16,BotSpine_Seg3,SpineAisle,West,160,0,0.00,0.00,0.0000
2026-05-30 23:53:37,brandimarte_mk06,SRT_SMPT,43,10800.01,17,BotSpine_Seg4,SpineAisle,West,160,0,0.00,0.00,0.0000
2026-05-30 23:53:37,brandimarte_mk06,SRT_SMPT,43,10800.01,18,LeftVert_TopConn,VerticalAisle,North,10,0,0.00,0.00,0.0000
2026-05-30 23:53:37,brandimarte_mk06,SRT_SMPT,43,10800.01,19,LeftVert_Row0,VerticalAisle,North,267,540,140.37,0.26,0.6691
2026-05-30 23:53:37,brandimarte_mk06,SRT_SMPT,43,10800.01,20,LeftVert_Row1,VerticalAisle,North,267,64,16.63,0.26,0.1934
2026-05-30 23:53:37,brandimarte_mk06,SRT_SMPT,43,10800.01,21,LeftVert_BotConn,VerticalAisle,North,160,326,84.76,0.26,0.6708
2026-05-30 23:53:37,brandimarte_mk06,SRT_SMPT,43,10800.01,22,RightVert_TopConn,VerticalAisle,South,10,0,0.00,0.00,0.0000
2026-05-30 23:53:37,brandimarte_mk06,SRT_SMPT,43,10800.01,23,RightVert_Row0,VerticalAisle,South,267,2,0.52,0.26,0.0074
2026-05-30 23:53:37,brandimarte_mk06,SRT_SMPT,43,10800.01,24,RightVert_Row1,VerticalAisle,South,267,156,40.56,0.26,0.3688
2026-05-30 23:53:37,brandimarte_mk06,SRT_SMPT,43,10800.01,25,RightVert_BotConn,VerticalAisle,South,160,0,0.00,0.00,0.0000
2026-05-30 23:58:06,brandimarte_mk06,SRT_SMPT,44,10800.00,0,RowAisle0_Seg0,RowAisle,East,257,29,7.55,0.26,0.1014
2026-05-30 23:58:06,brandimarte_mk06,SRT_SMPT,44,10800.00,1,RowAisle0_Seg1,RowAisle,East,257,876,227.77,0.26,0.7732
2026-05-30 23:58:06,brandimarte_mk06,SRT_SMPT,44,10800.00,2,RowAisle0_Seg2,RowAisle,East,257,0,0.00,0.00,0.0000
2026-05-30 23:58:06,brandimarte_mk06,SRT_SMPT,44,10800.00,3,RowAisle0_Seg3,RowAisle,East,257,6,1.56,0.26,0.0228
2026-05-30 23:58:06,brandimarte_mk06,SRT_SMPT,44,10800.00,4,RowAisle1_Seg0,RowAisle,West,107,27,7.01,0.26,0.2015
2026-05-30 23:58:06,brandimarte_mk06,SRT_SMPT,44,10800.00,5,RowAisle1_Seg1,RowAisle,West,107,19,4.94,0.26,0.1508
2026-05-30 23:58:06,brandimarte_mk06,SRT_SMPT,44,10800.00,6,RowAisle1_Seg2,RowAisle,West,107,378,98.28,0.26,0.7794
2026-05-30 23:58:06,brandimarte_mk06,SRT_SMPT,44,10800.00,7,RowAisle1_Seg3,RowAisle,West,107,7,1.82,0.26,0.0614
2026-05-30 23:58:06,brandimarte_mk06,SRT_SMPT,44,10800.00,8,TopSpine_Seg0,SpineAisle,East,10,0,0.00,0.00,0.0000
2026-05-30 23:58:06,brandimarte_mk06,SRT_SMPT,44,10800.00,9,TopSpine_Seg1,SpineAisle,East,10,0,0.00,0.00,0.0000
2026-05-30 23:58:06,brandimarte_mk06,SRT_SMPT,44,10800.00,10,TopSpine_Seg2,SpineAisle,East,10,0,0.00,0.00,0.0000
2026-05-30 23:58:06,brandimarte_mk06,SRT_SMPT,44,10800.00,11,TopSpine_Seg3,SpineAisle,East,10,0,0.00,0.00,0.0000
2026-05-30 23:58:06,brandimarte_mk06,SRT_SMPT,44,10800.00,12,TopSpine_Seg4,SpineAisle,East,10,0,0.00,0.00,0.0000
2026-05-30 23:58:06,brandimarte_mk06,SRT_SMPT,44,10800.00,13,BotSpine_Seg0,SpineAisle,West,160,0,0.00,0.00,0.0000
2026-05-30 23:58:06,brandimarte_mk06,SRT_SMPT,44,10800.00,14,BotSpine_Seg1,SpineAisle,West,160,0,0.00,0.00,0.0000
2026-05-30 23:58:06,brandimarte_mk06,SRT_SMPT,44,10800.00,15,BotSpine_Seg2,SpineAisle,West,160,0,0.00,0.00,0.0000
2026-05-30 23:58:06,brandimarte_mk06,SRT_SMPT,44,10800.00,16,BotSpine_Seg3,SpineAisle,West,160,0,0.00,0.00,0.0000
2026-05-30 23:58:06,brandimarte_mk06,SRT_SMPT,44,10800.00,17,BotSpine_Seg4,SpineAisle,West,160,0,0.00,0.00,0.0000
2026-05-30 23:58:06,brandimarte_mk06,SRT_SMPT,44,10800.00,18,LeftVert_TopConn,VerticalAisle,North,10,0,0.00,0.00,0.0000
2026-05-30 23:58:06,brandimarte_mk06,SRT_SMPT,44,10800.00,19,LeftVert_Row0,VerticalAisle,North,267,540,140.38,0.26,0.6691
2026-05-30 23:58:06,brandimarte_mk06,SRT_SMPT,44,10800.00,20,LeftVert_Row1,VerticalAisle,North,267,64,16.63,0.26,0.1934
2026-05-30 23:58:06,brandimarte_mk06,SRT_SMPT,44,10800.00,21,LeftVert_BotConn,VerticalAisle,North,160,326,84.76,0.26,0.6708
2026-05-30 23:58:06,brandimarte_mk06,SRT_SMPT,44,10800.00,22,RightVert_TopConn,VerticalAisle,South,10,0,0.00,0.00,0.0000
2026-05-30 23:58:06,brandimarte_mk06,SRT_SMPT,44,10800.00,23,RightVert_Row0,VerticalAisle,South,267,2,0.52,0.26,0.0074
2026-05-30 23:58:06,brandimarte_mk06,SRT_SMPT,44,10800.00,24,RightVert_Row1,VerticalAisle,South,267,156,40.56,0.26,0.3688
2026-05-30 23:58:06,brandimarte_mk06,SRT_SMPT,44,10800.00,25,RightVert_BotConn,VerticalAisle,South,160,0,0.00,0.00,0.0000
2026-05-31 00:02:44,brandimarte_mk07,SRT_SMPT,42,11166.66,0,RowAisle0_Seg0,RowAisle,East,145,802,208.53,0.26,0.8469
2026-05-31 00:02:44,brandimarte_mk07,SRT_SMPT,42,11166.66,1,RowAisle0_Seg1,RowAisle,East,145,89,23.15,0.26,0.3803
2026-05-31 00:02:44,brandimarte_mk07,SRT_SMPT,42,11166.66,2,RowAisle0_Seg2,RowAisle,East,145,2,0.52,0.26,0.0136
2026-05-31 00:02:44,brandimarte_mk07,SRT_SMPT,42,11166.66,3,TopSpine_Seg0,SpineAisle,East,20,0,0.00,0.00,0.0000
2026-05-31 00:02:44,brandimarte_mk07,SRT_SMPT,42,11166.66,4,TopSpine_Seg1,SpineAisle,East,20,0,0.00,0.00,0.0000
2026-05-31 00:02:44,brandimarte_mk07,SRT_SMPT,42,11166.66,5,TopSpine_Seg2,SpineAisle,East,20,0,0.00,0.00,0.0000
2026-05-31 00:02:44,brandimarte_mk07,SRT_SMPT,42,11166.66,6,TopSpine_Seg3,SpineAisle,East,20,0,0.00,0.00,0.0000
2026-05-31 00:02:44,brandimarte_mk07,SRT_SMPT,42,11166.66,7,BotSpine_Seg0,SpineAisle,West,165,0,0.00,0.00,0.0000
2026-05-31 00:02:44,brandimarte_mk07,SRT_SMPT,42,11166.66,8,BotSpine_Seg1,SpineAisle,West,165,0,0.00,0.00,0.0000
2026-05-31 00:02:44,brandimarte_mk07,SRT_SMPT,42,11166.66,9,BotSpine_Seg2,SpineAisle,West,165,0,0.00,0.00,0.0000
2026-05-31 00:02:44,brandimarte_mk07,SRT_SMPT,42,11166.66,10,BotSpine_Seg3,SpineAisle,West,165,0,0.00,0.00,0.0000
2026-05-31 00:02:44,brandimarte_mk07,SRT_SMPT,42,11166.66,11,LeftVert_TopConn,VerticalAisle,North,20,0,0.00,0.00,0.0000
2026-05-31 00:02:44,brandimarte_mk07,SRT_SMPT,42,11166.66,12,LeftVert_Row0,VerticalAisle,North,165,174,45.25,0.26,0.5133
2026-05-31 00:02:44,brandimarte_mk07,SRT_SMPT,42,11166.66,13,LeftVert_BotConn,VerticalAisle,North,165,629,163.55,0.26,0.7922
2026-05-31 00:02:44,brandimarte_mk07,SRT_SMPT,42,11166.66,14,RightVert_TopConn,VerticalAisle,South,20,0,0.00,0.00,0.0000
2026-05-31 00:02:44,brandimarte_mk07,SRT_SMPT,42,11166.66,15,RightVert_Row0,VerticalAisle,South,165,0,0.00,0.00,0.0000
2026-05-31 00:02:44,brandimarte_mk07,SRT_SMPT,42,11166.66,16,RightVert_BotConn,VerticalAisle,South,165,0,0.00,0.00,0.0000
2026-05-31 00:07:19,brandimarte_mk07,SRT_SMPT,43,11166.67,0,RowAisle0_Seg0,RowAisle,East,145,803,208.78,0.26,0.8470
2026-05-31 00:07:19,brandimarte_mk07,SRT_SMPT,43,11166.67,1,RowAisle0_Seg1,RowAisle,East,145,89,23.15,0.26,0.3803
2026-05-31 00:07:19,brandimarte_mk07,SRT_SMPT,43,11166.67,2,RowAisle0_Seg2,RowAisle,East,145,2,0.52,0.26,0.0136
2026-05-31 00:07:19,brandimarte_mk07,SRT_SMPT,43,11166.67,3,TopSpine_Seg0,SpineAisle,East,20,0,0.00,0.00,0.0000
2026-05-31 00:07:19,brandimarte_mk07,SRT_SMPT,43,11166.67,4,TopSpine_Seg1,SpineAisle,East,20,0,0.00,0.00,0.0000
2026-05-31 00:07:19,brandimarte_mk07,SRT_SMPT,43,11166.67,5,TopSpine_Seg2,SpineAisle,East,20,0,0.00,0.00,0.0000
2026-05-31 00:07:19,brandimarte_mk07,SRT_SMPT,43,11166.67,6,TopSpine_Seg3,SpineAisle,East,20,0,0.00,0.00,0.0000
2026-05-31 00:07:19,brandimarte_mk07,SRT_SMPT,43,11166.67,7,BotSpine_Seg0,SpineAisle,West,165,0,0.00,0.00,0.0000
2026-05-31 00:07:19,brandimarte_mk07,SRT_SMPT,43,11166.67,8,BotSpine_Seg1,SpineAisle,West,165,0,0.00,0.00,0.0000
2026-05-31 00:07:19,brandimarte_mk07,SRT_SMPT,43,11166.67,9,BotSpine_Seg2,SpineAisle,West,165,0,0.00,0.00,0.0000
2026-05-31 00:07:19,brandimarte_mk07,SRT_SMPT,43,11166.67,10,BotSpine_Seg3,SpineAisle,West,165,0,0.00,0.00,0.0000
2026-05-31 00:07:19,brandimarte_mk07,SRT_SMPT,43,11166.67,11,LeftVert_TopConn,VerticalAisle,North,20,0,0.00,0.00,0.0000
2026-05-31 00:07:19,brandimarte_mk07,SRT_SMPT,43,11166.67,12,LeftVert_Row0,VerticalAisle,North,165,173,44.98,0.26,0.5118
2026-05-31 00:07:19,brandimarte_mk07,SRT_SMPT,43,11166.67,13,LeftVert_BotConn,VerticalAisle,North,165,630,163.80,0.26,0.7925
2026-05-31 00:07:19,brandimarte_mk07,SRT_SMPT,43,11166.67,14,RightVert_TopConn,VerticalAisle,South,20,0,0.00,0.00,0.0000
2026-05-31 00:07:19,brandimarte_mk07,SRT_SMPT,43,11166.67,15,RightVert_Row0,VerticalAisle,South,165,0,0.00,0.00,0.0000
2026-05-31 00:07:19,brandimarte_mk07,SRT_SMPT,43,11166.67,16,RightVert_BotConn,VerticalAisle,South,165,0,0.00,0.00,0.0000
2026-05-31 00:11:55,brandimarte_mk07,SRT_SMPT,44,11166.67,0,RowAisle0_Seg0,RowAisle,East,145,817,209.46,0.26,0.8493
2026-05-31 00:11:55,brandimarte_mk07,SRT_SMPT,44,11166.67,1,RowAisle0_Seg1,RowAisle,East,145,89,23.05,0.26,0.3803
2026-05-31 00:11:55,brandimarte_mk07,SRT_SMPT,44,11166.67,2,RowAisle0_Seg2,RowAisle,East,145,2,0.53,0.27,0.0136
2026-05-31 00:11:55,brandimarte_mk07,SRT_SMPT,44,11166.67,3,TopSpine_Seg0,SpineAisle,East,20,0,0.00,0.00,0.0000
2026-05-31 00:11:55,brandimarte_mk07,SRT_SMPT,44,11166.67,4,TopSpine_Seg1,SpineAisle,East,20,0,0.00,0.00,0.0000
2026-05-31 00:11:55,brandimarte_mk07,SRT_SMPT,44,11166.67,5,TopSpine_Seg2,SpineAisle,East,20,0,0.00,0.00,0.0000
2026-05-31 00:11:55,brandimarte_mk07,SRT_SMPT,44,11166.67,6,TopSpine_Seg3,SpineAisle,East,20,0,0.00,0.00,0.0000
2026-05-31 00:11:55,brandimarte_mk07,SRT_SMPT,44,11166.67,7,BotSpine_Seg0,SpineAisle,West,165,0,0.00,0.00,0.0000
2026-05-31 00:11:55,brandimarte_mk07,SRT_SMPT,44,11166.67,8,BotSpine_Seg1,SpineAisle,West,165,0,0.00,0.00,0.0000
2026-05-31 00:11:55,brandimarte_mk07,SRT_SMPT,44,11166.67,9,BotSpine_Seg2,SpineAisle,West,165,0,0.00,0.00,0.0000
2026-05-31 00:11:55,brandimarte_mk07,SRT_SMPT,44,11166.67,10,BotSpine_Seg3,SpineAisle,West,165,0,0.00,0.00,0.0000
2026-05-31 00:11:55,brandimarte_mk07,SRT_SMPT,44,11166.67,11,LeftVert_TopConn,VerticalAisle,North,20,0,0.00,0.00,0.0000
2026-05-31 00:11:55,brandimarte_mk07,SRT_SMPT,44,11166.67,12,LeftVert_Row0,VerticalAisle,North,165,175,45.25,0.26,0.5147
2026-05-31 00:11:55,brandimarte_mk07,SRT_SMPT,44,11166.67,13,LeftVert_BotConn,VerticalAisle,North,165,641,164.23,0.26,0.7953
2026-05-31 00:11:55,brandimarte_mk07,SRT_SMPT,44,11166.67,14,RightVert_TopConn,VerticalAisle,South,20,0,0.00,0.00,0.0000
2026-05-31 00:11:55,brandimarte_mk07,SRT_SMPT,44,11166.67,15,RightVert_Row0,VerticalAisle,South,165,0,0.00,0.00,0.0000
2026-05-31 00:11:55,brandimarte_mk07,SRT_SMPT,44,11166.67,16,RightVert_BotConn,VerticalAisle,South,165,0,0.00,0.00,0.0000
2026-05-31 00:19:47,brandimarte_mk10,SRT_SMPT,42,18766.67,0,RowAisle0_Seg0,RowAisle,East,393,174,43.63,0.25,0.3069
2026-05-31 00:19:47,brandimarte_mk10,SRT_SMPT,42,18766.67,1,RowAisle0_Seg1,RowAisle,East,393,715,178.94,0.25,0.6453
2026-05-31 00:19:47,brandimarte_mk10,SRT_SMPT,42,18766.67,2,RowAisle0_Seg2,RowAisle,East,393,88,22.00,0.25,0.1830
2026-05-31 00:19:47,brandimarte_mk10,SRT_SMPT,42,18766.67,3,RowAisle0_Seg3,RowAisle,East,393,30,7.55,0.25,0.0709
2026-05-31 00:19:47,brandimarte_mk10,SRT_SMPT,42,18766.67,4,RowAisle1_Seg0,RowAisle,West,153,35,8.77,0.25,0.1862
2026-05-31 00:19:47,brandimarte_mk10,SRT_SMPT,42,18766.67,5,RowAisle1_Seg1,RowAisle,West,153,1340,335.09,0.25,0.8975
2026-05-31 00:19:47,brandimarte_mk10,SRT_SMPT,42,18766.67,6,RowAisle1_Seg2,RowAisle,West,153,9,2.25,0.25,0.0556
2026-05-31 00:19:47,brandimarte_mk10,SRT_SMPT,42,18766.67,7,RowAisle1_Seg3,RowAisle,West,153,0,0.00,0.00,0.0000
2026-05-31 00:19:47,brandimarte_mk10,SRT_SMPT,42,18766.67,8,RowAisle2_Seg0,RowAisle,East,7,0,0.00,0.00,0.0000
2026-05-31 00:19:47,brandimarte_mk10,SRT_SMPT,42,18766.67,9,RowAisle2_Seg1,RowAisle,East,7,0,0.00,0.00,0.0000
2026-05-31 00:19:47,brandimarte_mk10,SRT_SMPT,42,18766.67,10,RowAisle2_Seg2,RowAisle,East,7,0,0.00,0.00,0.0000
2026-05-31 00:19:47,brandimarte_mk10,SRT_SMPT,42,18766.67,11,RowAisle2_Seg3,RowAisle,East,7,0,0.00,0.00,0.0000
2026-05-31 00:19:47,brandimarte_mk10,SRT_SMPT,42,18766.67,12,TopSpine_Seg0,SpineAisle,East,20,0,0.00,0.00,0.0000
2026-05-31 00:19:47,brandimarte_mk10,SRT_SMPT,42,18766.67,13,TopSpine_Seg1,SpineAisle,East,20,0,0.00,0.00,0.0000
2026-05-31 00:19:47,brandimarte_mk10,SRT_SMPT,42,18766.67,14,TopSpine_Seg2,SpineAisle,East,20,0,0.00,0.00,0.0000
2026-05-31 00:19:47,brandimarte_mk10,SRT_SMPT,42,18766.67,15,TopSpine_Seg3,SpineAisle,East,20,0,0.00,0.00,0.0000
2026-05-31 00:19:47,brandimarte_mk10,SRT_SMPT,42,18766.67,16,TopSpine_Seg4,SpineAisle,East,20,0,0.00,0.00,0.0000
2026-05-31 00:19:47,brandimarte_mk10,SRT_SMPT,42,18766.67,17,BotSpine_Seg0,SpineAisle,West,266,0,0.00,0.00,0.0000
2026-05-31 00:19:47,brandimarte_mk10,SRT_SMPT,42,18766.67,18,BotSpine_Seg1,SpineAisle,West,267,0,0.00,0.00,0.0000
2026-05-31 00:19:47,brandimarte_mk10,SRT_SMPT,42,18766.67,19,BotSpine_Seg2,SpineAisle,West,267,0,0.00,0.00,0.0000
2026-05-31 00:19:47,brandimarte_mk10,SRT_SMPT,42,18766.67,20,BotSpine_Seg3,SpineAisle,West,267,0,0.00,0.00,0.0000
2026-05-31 00:19:47,brandimarte_mk10,SRT_SMPT,42,18766.67,21,BotSpine_Seg4,SpineAisle,West,267,0,0.00,0.00,0.0000
2026-05-31 00:19:47,brandimarte_mk10,SRT_SMPT,42,18766.67,22,LeftVert_TopConn,VerticalAisle,North,20,0,0.00,0.00,0.0000
2026-05-31 00:19:47,brandimarte_mk10,SRT_SMPT,42,18766.67,23,LeftVert_Row0,VerticalAisle,North,413,2309,577.44,0.25,0.8483
2026-05-31 00:19:47,brandimarte_mk10,SRT_SMPT,42,18766.67,24,LeftVert_Row1,VerticalAisle,North,413,610,152.72,0.25,0.5963
2026-05-31 00:19:47,brandimarte_mk10,SRT_SMPT,42,18766.67,25,LeftVert_Row2,VerticalAisle,North,267,1143,285.98,0.25,0.8106
2026-05-31 00:19:47,brandimarte_mk10,SRT_SMPT,42,18766.67,26,LeftVert_BotConn,VerticalAisle,North,267,1769,442.47,0.25,0.8689
2026-05-31 00:19:47,brandimarte_mk10,SRT_SMPT,42,18766.67,27,RightVert_TopConn,VerticalAisle,South,20,0,0.00,0.00,0.0000
2026-05-31 00:19:47,brandimarte_mk10,SRT_SMPT,42,18766.67,28,RightVert_Row0,VerticalAisle,South,413,19,4.78,0.25,0.0440
2026-05-31 00:19:47,brandimarte_mk10,SRT_SMPT,42,18766.67,29,RightVert_Row1,VerticalAisle,South,413,77,19.38,0.25,0.1571
2026-05-31 00:19:47,brandimarte_mk10,SRT_SMPT,42,18766.67,30,RightVert_Row2,VerticalAisle,South,267,11,2.75,0.25,0.0396
2026-05-31 00:19:47,brandimarte_mk10,SRT_SMPT,42,18766.67,31,RightVert_BotConn,VerticalAisle,South,267,13,3.30,0.25,0.0464
2026-05-31 00:27:36,brandimarte_mk10,SRT_SMPT,43,18766.67,0,RowAisle0_Seg0,RowAisle,East,393,172,43.16,0.25,0.3044
2026-05-31 00:27:36,brandimarte_mk10,SRT_SMPT,43,18766.67,1,RowAisle0_Seg1,RowAisle,East,393,711,177.91,0.25,0.6440
2026-05-31 00:27:36,brandimarte_mk10,SRT_SMPT,43,18766.67,2,RowAisle0_Seg2,RowAisle,East,393,87,21.75,0.25,0.1813
2026-05-31 00:27:36,brandimarte_mk10,SRT_SMPT,43,18766.67,3,RowAisle0_Seg3,RowAisle,East,393,29,7.30,0.25,0.0687
2026-05-31 00:27:36,brandimarte_mk10,SRT_SMPT,43,18766.67,4,RowAisle1_Seg0,RowAisle,West,153,34,8.58,0.25,0.1818
2026-05-31 00:27:36,brandimarte_mk10,SRT_SMPT,43,18766.67,5,RowAisle1_Seg1,RowAisle,West,153,1339,334.81,0.25,0.8975
2026-05-31 00:27:36,brandimarte_mk10,SRT_SMPT,43,18766.67,6,RowAisle1_Seg2,RowAisle,West,153,9,2.25,0.25,0.0556
2026-05-31 00:27:36,brandimarte_mk10,SRT_SMPT,43,18766.67,7,RowAisle1_Seg3,RowAisle,West,153,0,0.00,0.00,0.0000
2026-05-31 00:27:36,brandimarte_mk10,SRT_SMPT,43,18766.67,8,RowAisle2_Seg0,RowAisle,East,7,0,0.00,0.00,0.0000
2026-05-31 00:27:36,brandimarte_mk10,SRT_SMPT,43,18766.67,9,RowAisle2_Seg1,RowAisle,East,7,0,0.00,0.00,0.0000
2026-05-31 00:27:36,brandimarte_mk10,SRT_SMPT,43,18766.67,10,RowAisle2_Seg2,RowAisle,East,7,0,0.00,0.00,0.0000
2026-05-31 00:27:36,brandimarte_mk10,SRT_SMPT,43,18766.67,11,RowAisle2_Seg3,RowAisle,East,7,0,0.00,0.00,0.0000
2026-05-31 00:27:36,brandimarte_mk10,SRT_SMPT,43,18766.67,12,TopSpine_Seg0,SpineAisle,East,20,0,0.00,0.00,0.0000
2026-05-31 00:27:36,brandimarte_mk10,SRT_SMPT,43,18766.67,13,TopSpine_Seg1,SpineAisle,East,20,0,0.00,0.00,0.0000
2026-05-31 00:27:36,brandimarte_mk10,SRT_SMPT,43,18766.67,14,TopSpine_Seg2,SpineAisle,East,20,0,0.00,0.00,0.0000
2026-05-31 00:27:36,brandimarte_mk10,SRT_SMPT,43,18766.67,15,TopSpine_Seg3,SpineAisle,East,20,0,0.00,0.00,0.0000
2026-05-31 00:27:36,brandimarte_mk10,SRT_SMPT,43,18766.67,16,TopSpine_Seg4,SpineAisle,East,20,0,0.00,0.00,0.0000
2026-05-31 00:27:36,brandimarte_mk10,SRT_SMPT,43,18766.67,17,BotSpine_Seg0,SpineAisle,West,266,0,0.00,0.00,0.0000
2026-05-31 00:27:36,brandimarte_mk10,SRT_SMPT,43,18766.67,18,BotSpine_Seg1,SpineAisle,West,267,0,0.00,0.00,0.0000
2026-05-31 00:27:36,brandimarte_mk10,SRT_SMPT,43,18766.67,19,BotSpine_Seg2,SpineAisle,West,267,0,0.00,0.00,0.0000
2026-05-31 00:27:36,brandimarte_mk10,SRT_SMPT,43,18766.67,20,BotSpine_Seg3,SpineAisle,West,267,0,0.00,0.00,0.0000
2026-05-31 00:27:36,brandimarte_mk10,SRT_SMPT,43,18766.67,21,BotSpine_Seg4,SpineAisle,West,267,0,0.00,0.00,0.0000
2026-05-31 00:27:36,brandimarte_mk10,SRT_SMPT,43,18766.67,22,LeftVert_TopConn,VerticalAisle,North,20,0,0.00,0.00,0.0000
2026-05-31 00:27:36,brandimarte_mk10,SRT_SMPT,43,18766.67,23,LeftVert_Row0,VerticalAisle,North,413,2312,578.17,0.25,0.8484
2026-05-31 00:27:36,brandimarte_mk10,SRT_SMPT,43,18766.67,24,LeftVert_Row1,VerticalAisle,North,413,607,151.91,0.25,0.5951
2026-05-31 00:27:36,brandimarte_mk10,SRT_SMPT,43,18766.67,25,LeftVert_Row2,VerticalAisle,North,267,1149,287.38,0.25,0.8114
2026-05-31 00:27:36,brandimarte_mk10,SRT_SMPT,43,18766.67,26,LeftVert_BotConn,VerticalAisle,North,267,1769,442.39,0.25,0.8689
2026-05-31 00:27:36,brandimarte_mk10,SRT_SMPT,43,18766.67,27,RightVert_TopConn,VerticalAisle,South,20,0,0.00,0.00,0.0000
2026-05-31 00:27:36,brandimarte_mk10,SRT_SMPT,43,18766.67,28,RightVert_Row0,VerticalAisle,South,413,17,4.33,0.25,0.0395
2026-05-31 00:27:36,brandimarte_mk10,SRT_SMPT,43,18766.67,29,RightVert_Row1,VerticalAisle,South,413,85,21.42,0.25,0.1707
2026-05-31 00:27:36,brandimarte_mk10,SRT_SMPT,43,18766.67,30,RightVert_Row2,VerticalAisle,South,267,11,2.75,0.25,0.0396
2026-05-31 00:27:36,brandimarte_mk10,SRT_SMPT,43,18766.67,31,RightVert_BotConn,VerticalAisle,South,267,14,3.53,0.25,0.0498
2026-05-31 00:35:28,brandimarte_mk10,SRT_SMPT,44,18766.67,0,RowAisle0_Seg0,RowAisle,East,393,161,40.38,0.25,0.2906
2026-05-31 00:35:28,brandimarte_mk10,SRT_SMPT,44,18766.67,1,RowAisle0_Seg1,RowAisle,East,393,709,177.34,0.25,0.6434
2026-05-31 00:35:28,brandimarte_mk10,SRT_SMPT,44,18766.67,2,RowAisle0_Seg2,RowAisle,East,393,80,20.02,0.25,0.1691
2026-05-31 00:35:28,brandimarte_mk10,SRT_SMPT,44,18766.67,3,RowAisle0_Seg3,RowAisle,East,393,29,7.28,0.25,0.0687
2026-05-31 00:35:28,brandimarte_mk10,SRT_SMPT,44,18766.67,4,RowAisle1_Seg0,RowAisle,West,153,26,6.55,0.25,0.1453
2026-05-31 00:35:28,brandimarte_mk10,SRT_SMPT,44,18766.67,5,RowAisle1_Seg1,RowAisle,West,153,1339,334.83,0.25,0.8975
2026-05-31 00:35:28,brandimarte_mk10,SRT_SMPT,44,18766.67,6,RowAisle1_Seg2,RowAisle,West,153,9,2.25,0.25,0.0556
2026-05-31 00:35:28,brandimarte_mk10,SRT_SMPT,44,18766.67,7,RowAisle1_Seg3,RowAisle,West,153,0,0.00,0.00,0.0000
2026-05-31 00:35:28,brandimarte_mk10,SRT_SMPT,44,18766.67,8,RowAisle2_Seg0,RowAisle,East,7,0,0.00,0.00,0.0000
2026-05-31 00:35:28,brandimarte_mk10,SRT_SMPT,44,18766.67,9,RowAisle2_Seg1,RowAisle,East,7,0,0.00,0.00,0.0000
2026-05-31 00:35:28,brandimarte_mk10,SRT_SMPT,44,18766.67,10,RowAisle2_Seg2,RowAisle,East,7,0,0.00,0.00,0.0000
2026-05-31 00:35:28,brandimarte_mk10,SRT_SMPT,44,18766.67,11,RowAisle2_Seg3,RowAisle,East,7,0,0.00,0.00,0.0000
2026-05-31 00:35:28,brandimarte_mk10,SRT_SMPT,44,18766.67,12,TopSpine_Seg0,SpineAisle,East,20,0,0.00,0.00,0.0000
2026-05-31 00:35:28,brandimarte_mk10,SRT_SMPT,44,18766.67,13,TopSpine_Seg1,SpineAisle,East,20,0,0.00,0.00,0.0000
2026-05-31 00:35:28,brandimarte_mk10,SRT_SMPT,44,18766.67,14,TopSpine_Seg2,SpineAisle,East,20,0,0.00,0.00,0.0000
2026-05-31 00:35:28,brandimarte_mk10,SRT_SMPT,44,18766.67,15,TopSpine_Seg3,SpineAisle,East,20,0,0.00,0.00,0.0000
2026-05-31 00:35:28,brandimarte_mk10,SRT_SMPT,44,18766.67,16,TopSpine_Seg4,SpineAisle,East,20,0,0.00,0.00,0.0000
2026-05-31 00:35:28,brandimarte_mk10,SRT_SMPT,44,18766.67,17,BotSpine_Seg0,SpineAisle,West,266,0,0.00,0.00,0.0000
2026-05-31 00:35:28,brandimarte_mk10,SRT_SMPT,44,18766.67,18,BotSpine_Seg1,SpineAisle,West,267,0,0.00,0.00,0.0000
2026-05-31 00:35:28,brandimarte_mk10,SRT_SMPT,44,18766.67,19,BotSpine_Seg2,SpineAisle,West,267,0,0.00,0.00,0.0000
2026-05-31 00:35:28,brandimarte_mk10,SRT_SMPT,44,18766.67,20,BotSpine_Seg3,SpineAisle,West,267,0,0.00,0.00,0.0000
2026-05-31 00:35:28,brandimarte_mk10,SRT_SMPT,44,18766.67,21,BotSpine_Seg4,SpineAisle,West,267,0,0.00,0.00,0.0000
2026-05-31 00:35:28,brandimarte_mk10,SRT_SMPT,44,18766.67,22,LeftVert_TopConn,VerticalAisle,North,20,0,0.00,0.00,0.0000
2026-05-31 00:35:28,brandimarte_mk10,SRT_SMPT,44,18766.67,23,LeftVert_Row0,VerticalAisle,North,413,2305,576.50,0.25,0.8481
2026-05-31 00:35:28,brandimarte_mk10,SRT_SMPT,44,18766.67,24,LeftVert_Row1,VerticalAisle,North,413,628,157.22,0.25,0.6033
2026-05-31 00:35:28,brandimarte_mk10,SRT_SMPT,44,18766.67,25,LeftVert_Row2,VerticalAisle,North,267,1144,286.20,0.25,0.8108
2026-05-31 00:35:28,brandimarte_mk10,SRT_SMPT,44,18766.67,26,LeftVert_BotConn,VerticalAisle,North,267,1769,442.36,0.25,0.8689
2026-05-31 00:35:28,brandimarte_mk10,SRT_SMPT,44,18766.67,27,RightVert_TopConn,VerticalAisle,South,20,0,0.00,0.00,0.0000
2026-05-31 00:35:28,brandimarte_mk10,SRT_SMPT,44,18766.67,28,RightVert_Row0,VerticalAisle,South,413,22,5.53,0.25,0.0506
2026-05-31 00:35:28,brandimarte_mk10,SRT_SMPT,44,18766.67,29,RightVert_Row1,VerticalAisle,South,413,86,21.66,0.25,0.1723
2026-05-31 00:35:28,brandimarte_mk10,SRT_SMPT,44,18766.67,30,RightVert_Row2,VerticalAisle,South,267,10,2.50,0.25,0.0361
2026-05-31 00:35:28,brandimarte_mk10,SRT_SMPT,44,18766.67,31,RightVert_BotConn,VerticalAisle,South,267,12,3.00,0.25,0.0430
2026-05-31 00:46:15,brandimarte_mk11,SRT_SMPT,42,26300.02,0,RowAisle0_Seg0,RowAisle,East,262,999,249.88,0.25,0.7922
2026-05-31 00:46:15,brandimarte_mk11,SRT_SMPT,42,26300.02,1,RowAisle0_Seg1,RowAisle,East,262,87,21.78,0.25,0.2493
2026-05-31 00:46:15,brandimarte_mk11,SRT_SMPT,42,26300.02,2,RowAisle0_Seg2,RowAisle,East,262,15,3.80,0.25,0.0542
2026-05-31 00:46:15,brandimarte_mk11,SRT_SMPT,42,26300.02,3,TopSpine_Seg0,SpineAisle,East,30,0,0.00,0.00,0.0000
2026-05-31 00:46:15,brandimarte_mk11,SRT_SMPT,42,26300.02,4,TopSpine_Seg1,SpineAisle,East,30,0,0.00,0.00,0.0000
2026-05-31 00:46:15,brandimarte_mk11,SRT_SMPT,42,26300.02,5,TopSpine_Seg2,SpineAisle,East,30,0,0.00,0.00,0.0000
2026-05-31 00:46:15,brandimarte_mk11,SRT_SMPT,42,26300.02,6,TopSpine_Seg3,SpineAisle,East,30,0,0.00,0.00,0.0000
2026-05-31 00:46:15,brandimarte_mk11,SRT_SMPT,42,26300.02,7,BotSpine_Seg0,SpineAisle,West,292,0,0.00,0.00,0.0000
2026-05-31 00:46:15,brandimarte_mk11,SRT_SMPT,42,26300.02,8,BotSpine_Seg1,SpineAisle,West,292,0,0.00,0.00,0.0000
2026-05-31 00:46:15,brandimarte_mk11,SRT_SMPT,42,26300.02,9,BotSpine_Seg2,SpineAisle,West,292,0,0.00,0.00,0.0000
2026-05-31 00:46:15,brandimarte_mk11,SRT_SMPT,42,26300.02,10,BotSpine_Seg3,SpineAisle,West,292,0,0.00,0.00,0.0000
2026-05-31 00:46:15,brandimarte_mk11,SRT_SMPT,42,26300.02,11,LeftVert_TopConn,VerticalAisle,North,30,0,0.00,0.00,0.0000
2026-05-31 00:46:15,brandimarte_mk11,SRT_SMPT,42,26300.02,12,LeftVert_Row0,VerticalAisle,North,292,731,182.80,0.25,0.7146
2026-05-31 00:46:15,brandimarte_mk11,SRT_SMPT,42,26300.02,13,LeftVert_BotConn,VerticalAisle,North,292,630,157.56,0.25,0.6833
2026-05-31 00:46:15,brandimarte_mk11,SRT_SMPT,42,26300.02,14,RightVert_TopConn,VerticalAisle,South,30,0,0.00,0.00,0.0000
2026-05-31 00:46:15,brandimarte_mk11,SRT_SMPT,42,26300.02,15,RightVert_Row0,VerticalAisle,South,292,0,0.00,0.00,0.0000
2026-05-31 00:46:15,brandimarte_mk11,SRT_SMPT,42,26300.02,16,RightVert_BotConn,VerticalAisle,South,292,2,0.52,0.26,0.0068
2026-05-31 00:57:03,brandimarte_mk11,SRT_SMPT,43,26300.00,0,RowAisle0_Seg0,RowAisle,East,262,1000,250.14,0.25,0.7924
2026-05-31 00:57:03,brandimarte_mk11,SRT_SMPT,43,26300.00,1,RowAisle0_Seg1,RowAisle,East,262,89,22.27,0.25,0.2536
2026-05-31 00:57:03,brandimarte_mk11,SRT_SMPT,43,26300.00,2,RowAisle0_Seg2,RowAisle,East,262,14,3.58,0.26,0.0507
2026-05-31 00:57:03,brandimarte_mk11,SRT_SMPT,43,26300.00,3,TopSpine_Seg0,SpineAisle,East,30,0,0.00,0.00,0.0000
2026-05-31 00:57:03,brandimarte_mk11,SRT_SMPT,43,26300.00,4,TopSpine_Seg1,SpineAisle,East,30,0,0.00,0.00,0.0000
2026-05-31 00:57:03,brandimarte_mk11,SRT_SMPT,43,26300.00,5,TopSpine_Seg2,SpineAisle,East,30,0,0.00,0.00,0.0000
2026-05-31 00:57:03,brandimarte_mk11,SRT_SMPT,43,26300.00,6,TopSpine_Seg3,SpineAisle,East,30,0,0.00,0.00,0.0000
2026-05-31 00:57:03,brandimarte_mk11,SRT_SMPT,43,26300.00,7,BotSpine_Seg0,SpineAisle,West,292,0,0.00,0.00,0.0000
2026-05-31 00:57:03,brandimarte_mk11,SRT_SMPT,43,26300.00,8,BotSpine_Seg1,SpineAisle,West,292,0,0.00,0.00,0.0000
2026-05-31 00:57:03,brandimarte_mk11,SRT_SMPT,43,26300.00,9,BotSpine_Seg2,SpineAisle,West,292,0,0.00,0.00,0.0000
2026-05-31 00:57:03,brandimarte_mk11,SRT_SMPT,43,26300.00,10,BotSpine_Seg3,SpineAisle,West,292,0,0.00,0.00,0.0000
2026-05-31 00:57:03,brandimarte_mk11,SRT_SMPT,43,26300.00,11,LeftVert_TopConn,VerticalAisle,North,30,0,0.00,0.00,0.0000
2026-05-31 00:57:03,brandimarte_mk11,SRT_SMPT,43,26300.00,12,LeftVert_Row0,VerticalAisle,North,292,730,182.58,0.25,0.7143
2026-05-31 00:57:03,brandimarte_mk11,SRT_SMPT,43,26300.00,13,LeftVert_BotConn,VerticalAisle,North,292,632,158.09,0.25,0.6840
2026-05-31 00:57:03,brandimarte_mk11,SRT_SMPT,43,26300.00,14,RightVert_TopConn,VerticalAisle,South,30,0,0.00,0.00,0.0000
2026-05-31 00:57:03,brandimarte_mk11,SRT_SMPT,43,26300.00,15,RightVert_Row0,VerticalAisle,South,292,0,0.00,0.00,0.0000
2026-05-31 00:57:03,brandimarte_mk11,SRT_SMPT,43,26300.00,16,RightVert_BotConn,VerticalAisle,South,292,2,0.50,0.25,0.0068
2026-05-31 01:07:49,brandimarte_mk11,SRT_SMPT,44,26300.00,0,RowAisle0_Seg0,RowAisle,East,262,1001,250.28,0.25,0.7926
2026-05-31 01:07:49,brandimarte_mk11,SRT_SMPT,44,26300.00,1,RowAisle0_Seg1,RowAisle,East,262,87,21.80,0.25,0.2493
2026-05-31 01:07:49,brandimarte_mk11,SRT_SMPT,44,26300.00,2,RowAisle0_Seg2,RowAisle,East,262,16,4.05,0.25,0.0576
2026-05-31 01:07:49,brandimarte_mk11,SRT_SMPT,44,26300.00,3,TopSpine_Seg0,SpineAisle,East,30,0,0.00,0.00,0.0000
2026-05-31 01:07:49,brandimarte_mk11,SRT_SMPT,44,26300.00,4,TopSpine_Seg1,SpineAisle,East,30,0,0.00,0.00,0.0000
2026-05-31 01:07:49,brandimarte_mk11,SRT_SMPT,44,26300.00,5,TopSpine_Seg2,SpineAisle,East,30,0,0.00,0.00,0.0000
2026-05-31 01:07:49,brandimarte_mk11,SRT_SMPT,44,26300.00,6,TopSpine_Seg3,SpineAisle,East,30,0,0.00,0.00,0.0000
2026-05-31 01:07:49,brandimarte_mk11,SRT_SMPT,44,26300.00,7,BotSpine_Seg0,SpineAisle,West,292,0,0.00,0.00,0.0000
2026-05-31 01:07:49,brandimarte_mk11,SRT_SMPT,44,26300.00,8,BotSpine_Seg1,SpineAisle,West,292,0,0.00,0.00,0.0000
2026-05-31 01:07:49,brandimarte_mk11,SRT_SMPT,44,26300.00,9,BotSpine_Seg2,SpineAisle,West,292,0,0.00,0.00,0.0000
2026-05-31 01:07:49,brandimarte_mk11,SRT_SMPT,44,26300.00,10,BotSpine_Seg3,SpineAisle,West,292,0,0.00,0.00,0.0000
2026-05-31 01:07:49,brandimarte_mk11,SRT_SMPT,44,26300.00,11,LeftVert_TopConn,VerticalAisle,North,30,0,0.00,0.00,0.0000
2026-05-31 01:07:49,brandimarte_mk11,SRT_SMPT,44,26300.00,12,LeftVert_Row0,VerticalAisle,North,292,725,181.34,0.25,0.7129
2026-05-31 01:07:49,brandimarte_mk11,SRT_SMPT,44,26300.00,13,LeftVert_BotConn,VerticalAisle,North,292,633,158.33,0.25,0.6843
2026-05-31 01:07:49,brandimarte_mk11,SRT_SMPT,44,26300.00,14,RightVert_TopConn,VerticalAisle,South,30,0,0.00,0.00,0.0000
2026-05-31 01:07:49,brandimarte_mk11,SRT_SMPT,44,26300.00,15,RightVert_Row0,VerticalAisle,South,292,0,0.00,0.00,0.0000
2026-05-31 01:07:49,brandimarte_mk11,SRT_SMPT,44,26300.00,16,RightVert_BotConn,VerticalAisle,South,292,2,0.52,0.26,0.0068
2026-05-31 01:19:15,brandimarte_mk13,SRT_SMPT,42,27566.66,0,RowAisle0_Seg0,RowAisle,East,375,580,145.00,0.25,0.6073
2026-05-31 01:19:15,brandimarte_mk13,SRT_SMPT,42,27566.66,1,RowAisle0_Seg1,RowAisle,East,375,681,170.25,0.25,0.6449
2026-05-31 01:19:15,brandimarte_mk13,SRT_SMPT,42,27566.66,2,RowAisle0_Seg2,RowAisle,East,375,1208,302.00,0.25,0.7631
2026-05-31 01:19:15,brandimarte_mk13,SRT_SMPT,42,27566.66,3,RowAisle0_Seg3,RowAisle,East,375,40,10.00,0.25,0.0964
2026-05-31 01:19:15,brandimarte_mk13,SRT_SMPT,42,27566.66,4,RowAisle1_Seg0,RowAisle,West,144,27,6.75,0.25,0.1579
2026-05-31 01:19:15,brandimarte_mk13,SRT_SMPT,42,27566.66,5,RowAisle1_Seg1,RowAisle,West,144,0,0.00,0.00,0.0000
2026-05-31 01:19:15,brandimarte_mk13,SRT_SMPT,42,27566.66,6,RowAisle1_Seg2,RowAisle,West,144,0,0.00,0.00,0.0000
2026-05-31 01:19:15,brandimarte_mk13,SRT_SMPT,42,27566.66,7,RowAisle1_Seg3,RowAisle,West,144,0,0.00,0.00,0.0000
2026-05-31 01:19:15,brandimarte_mk13,SRT_SMPT,42,27566.66,8,TopSpine_Seg0,SpineAisle,East,30,0,0.00,0.00,0.0000
2026-05-31 01:19:15,brandimarte_mk13,SRT_SMPT,42,27566.66,9,TopSpine_Seg1,SpineAisle,East,30,0,0.00,0.00,0.0000
2026-05-31 01:19:15,brandimarte_mk13,SRT_SMPT,42,27566.66,10,TopSpine_Seg2,SpineAisle,East,30,0,0.00,0.00,0.0000
2026-05-31 01:19:15,brandimarte_mk13,SRT_SMPT,42,27566.66,11,TopSpine_Seg3,SpineAisle,East,30,0,0.00,0.00,0.0000
2026-05-31 01:19:15,brandimarte_mk13,SRT_SMPT,42,27566.66,12,TopSpine_Seg4,SpineAisle,East,30,0,0.00,0.00,0.0000
2026-05-31 01:19:15,brandimarte_mk13,SRT_SMPT,42,27566.66,13,BotSpine_Seg0,SpineAisle,West,261,0,0.00,0.00,0.0000
2026-05-31 01:19:15,brandimarte_mk13,SRT_SMPT,42,27566.66,14,BotSpine_Seg1,SpineAisle,West,261,0,0.00,0.00,0.0000
2026-05-31 01:19:15,brandimarte_mk13,SRT_SMPT,42,27566.66,15,BotSpine_Seg2,SpineAisle,West,261,0,0.00,0.00,0.0000
2026-05-31 01:19:15,brandimarte_mk13,SRT_SMPT,42,27566.66,16,BotSpine_Seg3,SpineAisle,West,261,0,0.00,0.00,0.0000
2026-05-31 01:19:15,brandimarte_mk13,SRT_SMPT,42,27566.66,17,BotSpine_Seg4,SpineAisle,West,261,0,0.00,0.00,0.0000
2026-05-31 01:19:15,brandimarte_mk13,SRT_SMPT,42,27566.66,18,LeftVert_TopConn,VerticalAisle,North,30,0,0.00,0.00,0.0000
2026-05-31 01:19:15,brandimarte_mk13,SRT_SMPT,42,27566.66,19,LeftVert_Row0,VerticalAisle,North,405,1385,346.25,0.25,0.7737
2026-05-31 01:19:15,brandimarte_mk13,SRT_SMPT,42,27566.66,20,LeftVert_Row1,VerticalAisle,North,405,432,108.00,0.25,0.5161
2026-05-31 01:19:15,brandimarte_mk13,SRT_SMPT,42,27566.66,21,LeftVert_BotConn,VerticalAisle,North,261,1437,359.25,0.25,0.8463
2026-05-31 01:19:15,brandimarte_mk13,SRT_SMPT,42,27566.66,22,RightVert_TopConn,VerticalAisle,South,30,0,0.00,0.00,0.0000
2026-05-31 01:19:15,brandimarte_mk13,SRT_SMPT,42,27566.66,23,RightVert_Row0,VerticalAisle,South,405,10,2.50,0.25,0.0241
2026-05-31 01:19:15,brandimarte_mk13,SRT_SMPT,42,27566.66,24,RightVert_Row1,VerticalAisle,South,405,8,2.00,0.25,0.0194
2026-05-31 01:19:15,brandimarte_mk13,SRT_SMPT,42,27566.66,25,RightVert_BotConn,VerticalAisle,South,261,0,0.00,0.00,0.0000
2026-05-31 01:30:42,brandimarte_mk13,SRT_SMPT,43,27566.66,0,RowAisle0_Seg0,RowAisle,East,375,580,145.00,0.25,0.6073
2026-05-31 01:30:42,brandimarte_mk13,SRT_SMPT,43,27566.66,1,RowAisle0_Seg1,RowAisle,East,375,684,171.00,0.25,0.6459
2026-05-31 01:30:42,brandimarte_mk13,SRT_SMPT,43,27566.66,2,RowAisle0_Seg2,RowAisle,East,375,1206,301.50,0.25,0.7628
2026-05-31 01:30:42,brandimarte_mk13,SRT_SMPT,43,27566.66,3,RowAisle0_Seg3,RowAisle,East,375,42,10.50,0.25,0.1007
2026-05-31 01:30:42,brandimarte_mk13,SRT_SMPT,43,27566.66,4,RowAisle1_Seg0,RowAisle,West,144,27,6.75,0.25,0.1579
2026-05-31 01:30:42,brandimarte_mk13,SRT_SMPT,43,27566.66,5,RowAisle1_Seg1,RowAisle,West,144,0,0.00,0.00,0.0000
2026-05-31 01:30:42,brandimarte_mk13,SRT_SMPT,43,27566.66,6,RowAisle1_Seg2,RowAisle,West,144,0,0.00,0.00,0.0000
2026-05-31 01:30:42,brandimarte_mk13,SRT_SMPT,43,27566.66,7,RowAisle1_Seg3,RowAisle,West,144,0,0.00,0.00,0.0000
2026-05-31 01:30:42,brandimarte_mk13,SRT_SMPT,43,27566.66,8,TopSpine_Seg0,SpineAisle,East,30,0,0.00,0.00,0.0000
2026-05-31 01:30:42,brandimarte_mk13,SRT_SMPT,43,27566.66,9,TopSpine_Seg1,SpineAisle,East,30,0,0.00,0.00,0.0000
2026-05-31 01:30:42,brandimarte_mk13,SRT_SMPT,43,27566.66,10,TopSpine_Seg2,SpineAisle,East,30,0,0.00,0.00,0.0000
2026-05-31 01:30:42,brandimarte_mk13,SRT_SMPT,43,27566.66,11,TopSpine_Seg3,SpineAisle,East,30,0,0.00,0.00,0.0000
2026-05-31 01:30:42,brandimarte_mk13,SRT_SMPT,43,27566.66,12,TopSpine_Seg4,SpineAisle,East,30,0,0.00,0.00,0.0000
2026-05-31 01:30:42,brandimarte_mk13,SRT_SMPT,43,27566.66,13,BotSpine_Seg0,SpineAisle,West,261,0,0.00,0.00,0.0000
2026-05-31 01:30:42,brandimarte_mk13,SRT_SMPT,43,27566.66,14,BotSpine_Seg1,SpineAisle,West,261,0,0.00,0.00,0.0000
2026-05-31 01:30:42,brandimarte_mk13,SRT_SMPT,43,27566.66,15,BotSpine_Seg2,SpineAisle,West,261,0,0.00,0.00,0.0000
2026-05-31 01:30:42,brandimarte_mk13,SRT_SMPT,43,27566.66,16,BotSpine_Seg3,SpineAisle,West,261,0,0.00,0.00,0.0000
2026-05-31 01:30:42,brandimarte_mk13,SRT_SMPT,43,27566.66,17,BotSpine_Seg4,SpineAisle,West,261,0,0.00,0.00,0.0000
2026-05-31 01:30:42,brandimarte_mk13,SRT_SMPT,43,27566.66,18,LeftVert_TopConn,VerticalAisle,North,30,0,0.00,0.00,0.0000
2026-05-31 01:30:42,brandimarte_mk13,SRT_SMPT,43,27566.66,19,LeftVert_Row0,VerticalAisle,North,405,1386,346.50,0.25,0.7739
2026-05-31 01:30:42,brandimarte_mk13,SRT_SMPT,43,27566.66,20,LeftVert_Row1,VerticalAisle,North,405,435,108.75,0.25,0.5179
2026-05-31 01:30:42,brandimarte_mk13,SRT_SMPT,43,27566.66,21,LeftVert_BotConn,VerticalAisle,North,261,1438,359.50,0.25,0.8464
2026-05-31 01:30:42,brandimarte_mk13,SRT_SMPT,43,27566.66,22,RightVert_TopConn,VerticalAisle,South,30,0,0.00,0.00,0.0000
2026-05-31 01:30:42,brandimarte_mk13,SRT_SMPT,43,27566.66,23,RightVert_Row0,VerticalAisle,South,405,7,1.75,0.25,0.0170
2026-05-31 01:30:42,brandimarte_mk13,SRT_SMPT,43,27566.66,24,RightVert_Row1,VerticalAisle,South,405,6,1.50,0.25,0.0146
2026-05-31 01:30:42,brandimarte_mk13,SRT_SMPT,43,27566.66,25,RightVert_BotConn,VerticalAisle,South,261,0,0.00,0.00,0.0000
2026-05-31 01:42:09,brandimarte_mk13,SRT_SMPT,44,27566.66,0,RowAisle0_Seg0,RowAisle,East,375,580,145.00,0.25,0.6073
2026-05-31 01:42:09,brandimarte_mk13,SRT_SMPT,44,27566.66,1,RowAisle0_Seg1,RowAisle,East,375,679,169.75,0.25,0.6442
2026-05-31 01:42:09,brandimarte_mk13,SRT_SMPT,44,27566.66,2,RowAisle0_Seg2,RowAisle,East,375,1208,302.00,0.25,0.7631
2026-05-31 01:42:09,brandimarte_mk13,SRT_SMPT,44,27566.66,3,RowAisle0_Seg3,RowAisle,East,375,38,9.50,0.25,0.0920
2026-05-31 01:42:09,brandimarte_mk13,SRT_SMPT,44,27566.66,4,RowAisle1_Seg0,RowAisle,West,144,27,6.75,0.25,0.1579
2026-05-31 01:42:09,brandimarte_mk13,SRT_SMPT,44,27566.66,5,RowAisle1_Seg1,RowAisle,West,144,0,0.00,0.00,0.0000
2026-05-31 01:42:09,brandimarte_mk13,SRT_SMPT,44,27566.66,6,RowAisle1_Seg2,RowAisle,West,144,0,0.00,0.00,0.0000
2026-05-31 01:42:09,brandimarte_mk13,SRT_SMPT,44,27566.66,7,RowAisle1_Seg3,RowAisle,West,144,0,0.00,0.00,0.0000
2026-05-31 01:42:09,brandimarte_mk13,SRT_SMPT,44,27566.66,8,TopSpine_Seg0,SpineAisle,East,30,0,0.00,0.00,0.0000
2026-05-31 01:42:09,brandimarte_mk13,SRT_SMPT,44,27566.66,9,TopSpine_Seg1,SpineAisle,East,30,0,0.00,0.00,0.0000
2026-05-31 01:42:09,brandimarte_mk13,SRT_SMPT,44,27566.66,10,TopSpine_Seg2,SpineAisle,East,30,0,0.00,0.00,0.0000
2026-05-31 01:42:09,brandimarte_mk13,SRT_SMPT,44,27566.66,11,TopSpine_Seg3,SpineAisle,East,30,0,0.00,0.00,0.0000
2026-05-31 01:42:09,brandimarte_mk13,SRT_SMPT,44,27566.66,12,TopSpine_Seg4,SpineAisle,East,30,0,0.00,0.00,0.0000
2026-05-31 01:42:09,brandimarte_mk13,SRT_SMPT,44,27566.66,13,BotSpine_Seg0,SpineAisle,West,261,0,0.00,0.00,0.0000
2026-05-31 01:42:09,brandimarte_mk13,SRT_SMPT,44,27566.66,14,BotSpine_Seg1,SpineAisle,West,261,0,0.00,0.00,0.0000
2026-05-31 01:42:09,brandimarte_mk13,SRT_SMPT,44,27566.66,15,BotSpine_Seg2,SpineAisle,West,261,0,0.00,0.00,0.0000
2026-05-31 01:42:09,brandimarte_mk13,SRT_SMPT,44,27566.66,16,BotSpine_Seg3,SpineAisle,West,261,0,0.00,0.00,0.0000
2026-05-31 01:42:09,brandimarte_mk13,SRT_SMPT,44,27566.66,17,BotSpine_Seg4,SpineAisle,West,261,0,0.00,0.00,0.0000
2026-05-31 01:42:09,brandimarte_mk13,SRT_SMPT,44,27566.66,18,LeftVert_TopConn,VerticalAisle,North,30,0,0.00,0.00,0.0000
2026-05-31 01:42:09,brandimarte_mk13,SRT_SMPT,44,27566.66,19,LeftVert_Row0,VerticalAisle,North,405,1386,346.50,0.25,0.7739
2026-05-31 01:42:09,brandimarte_mk13,SRT_SMPT,44,27566.66,20,LeftVert_Row1,VerticalAisle,North,405,432,108.00,0.25,0.5161
2026-05-31 01:42:09,brandimarte_mk13,SRT_SMPT,44,27566.66,21,LeftVert_BotConn,VerticalAisle,North,261,1437,359.25,0.25,0.8463
2026-05-31 01:42:09,brandimarte_mk13,SRT_SMPT,44,27566.66,22,RightVert_TopConn,VerticalAisle,South,30,0,0.00,0.00,0.0000
2026-05-31 01:42:09,brandimarte_mk13,SRT_SMPT,44,27566.66,23,RightVert_Row0,VerticalAisle,South,405,10,2.50,0.25,0.0241
2026-05-31 01:42:09,brandimarte_mk13,SRT_SMPT,44,27566.66,24,RightVert_Row1,VerticalAisle,South,405,8,2.00,0.25,0.0194
2026-05-31 01:42:09,brandimarte_mk13,SRT_SMPT,44,27566.66,25,RightVert_BotConn,VerticalAisle,South,261,0,0.00,0.00,0.0000
2026-05-31 01:52:23,brandimarte_mk15,SRT_SMPT,42,24400.00,0,RowAisle0_Seg0,RowAisle,East,448,322,80.50,0.25,0.4182
2026-05-31 01:52:23,brandimarte_mk15,SRT_SMPT,42,24400.00,1,RowAisle0_Seg1,RowAisle,East,448,669,167.25,0.25,0.5989
2026-05-31 01:52:23,brandimarte_mk15,SRT_SMPT,42,24400.00,2,RowAisle0_Seg2,RowAisle,East,448,881,220.25,0.25,0.6629
2026-05-31 01:52:23,brandimarte_mk15,SRT_SMPT,42,24400.00,3,RowAisle0_Seg3,RowAisle,East,448,31,7.75,0.25,0.0647
2026-05-31 01:52:23,brandimarte_mk15,SRT_SMPT,42,24400.00,4,RowAisle1_Seg0,RowAisle,West,166,40,10.00,0.25,0.1942
2026-05-31 01:52:23,brandimarte_mk15,SRT_SMPT,42,24400.00,5,RowAisle1_Seg1,RowAisle,West,166,22,5.50,0.25,0.1170
2026-05-31 01:52:23,brandimarte_mk15,SRT_SMPT,42,24400.00,6,RowAisle1_Seg2,RowAisle,West,166,4,1.00,0.25,0.0235
2026-05-31 01:52:23,brandimarte_mk15,SRT_SMPT,42,24400.00,7,RowAisle1_Seg3,RowAisle,West,166,191,47.75,0.25,0.5350
2026-05-31 01:52:23,brandimarte_mk15,SRT_SMPT,42,24400.00,8,RowAisle2_Seg0,RowAisle,East,37,0,0.00,0.00,0.0000
2026-05-31 01:52:23,brandimarte_mk15,SRT_SMPT,42,24400.00,9,RowAisle2_Seg1,RowAisle,East,37,0,0.00,0.00,0.0000
2026-05-31 01:52:23,brandimarte_mk15,SRT_SMPT,42,24400.00,10,RowAisle2_Seg2,RowAisle,East,37,0,0.00,0.00,0.0000
2026-05-31 01:52:23,brandimarte_mk15,SRT_SMPT,42,24400.00,11,RowAisle2_Seg3,RowAisle,East,37,0,0.00,0.00,0.0000
2026-05-31 01:52:23,brandimarte_mk15,SRT_SMPT,42,24400.00,12,TopSpine_Seg0,SpineAisle,East,30,0,0.00,0.00,0.0000
2026-05-31 01:52:23,brandimarte_mk15,SRT_SMPT,42,24400.00,13,TopSpine_Seg1,SpineAisle,East,30,0,0.00,0.00,0.0000
2026-05-31 01:52:23,brandimarte_mk15,SRT_SMPT,42,24400.00,14,TopSpine_Seg2,SpineAisle,East,30,0,0.00,0.00,0.0000
2026-05-31 01:52:23,brandimarte_mk15,SRT_SMPT,42,24400.00,15,TopSpine_Seg3,SpineAisle,East,30,0,0.00,0.00,0.0000
2026-05-31 01:52:23,brandimarte_mk15,SRT_SMPT,42,24400.00,16,TopSpine_Seg4,SpineAisle,East,30,0,0.00,0.00,0.0000
2026-05-31 01:52:23,brandimarte_mk15,SRT_SMPT,42,24400.00,17,BotSpine_Seg0,SpineAisle,West,348,0,0.00,0.00,0.0000
2026-05-31 01:52:23,brandimarte_mk15,SRT_SMPT,42,24400.00,18,BotSpine_Seg1,SpineAisle,West,349,0,0.00,0.00,0.0000
2026-05-31 01:52:23,brandimarte_mk15,SRT_SMPT,42,24400.00,19,BotSpine_Seg2,SpineAisle,West,349,0,0.00,0.00,0.0000
2026-05-31 01:52:23,brandimarte_mk15,SRT_SMPT,42,24400.00,20,BotSpine_Seg3,SpineAisle,West,349,0,0.00,0.00,0.0000
2026-05-31 01:52:23,brandimarte_mk15,SRT_SMPT,42,24400.00,21,BotSpine_Seg4,SpineAisle,West,349,0,0.00,0.00,0.0000
2026-05-31 01:52:23,brandimarte_mk15,SRT_SMPT,42,24400.00,22,LeftVert_TopConn,VerticalAisle,North,30,0,0.00,0.00,0.0000
2026-05-31 01:52:23,brandimarte_mk15,SRT_SMPT,42,24400.00,23,LeftVert_Row0,VerticalAisle,North,478,2280,570.00,0.25,0.8267
2026-05-31 01:52:23,brandimarte_mk15,SRT_SMPT,42,24400.00,24,LeftVert_Row1,VerticalAisle,North,478,444,111.00,0.25,0.4816
2026-05-31 01:52:23,brandimarte_mk15,SRT_SMPT,42,24400.00,25,LeftVert_Row2,VerticalAisle,North,349,1346,336.50,0.25,0.7941
2026-05-31 01:52:23,brandimarte_mk15,SRT_SMPT,42,24400.00,26,LeftVert_BotConn,VerticalAisle,North,349,2402,600.50,0.25,0.8731
2026-05-31 01:52:23,brandimarte_mk15,SRT_SMPT,42,24400.00,27,RightVert_TopConn,VerticalAisle,South,30,0,0.00,0.00,0.0000
2026-05-31 01:52:23,brandimarte_mk15,SRT_SMPT,42,24400.00,28,RightVert_Row0,VerticalAisle,South,478,95,23.75,0.25,0.1658
2026-05-31 01:52:23,brandimarte_mk15,SRT_SMPT,42,24400.00,29,RightVert_Row1,VerticalAisle,South,478,156,39.00,0.25,0.2461
2026-05-31 01:52:23,brandimarte_mk15,SRT_SMPT,42,24400.00,30,RightVert_Row2,VerticalAisle,South,349,0,0.00,0.00,0.0000
2026-05-31 01:52:23,brandimarte_mk15,SRT_SMPT,42,24400.00,31,RightVert_BotConn,VerticalAisle,South,349,16,4.00,0.25,0.0438
2026-05-31 02:02:40,brandimarte_mk15,SRT_SMPT,43,24400.00,0,RowAisle0_Seg0,RowAisle,East,448,317,79.25,0.25,0.4144
2026-05-31 02:02:40,brandimarte_mk15,SRT_SMPT,43,24400.00,1,RowAisle0_Seg1,RowAisle,East,448,672,168.00,0.25,0.6000
2026-05-31 02:02:40,brandimarte_mk15,SRT_SMPT,43,24400.00,2,RowAisle0_Seg2,RowAisle,East,448,879,219.75,0.25,0.6624
2026-05-31 02:02:40,brandimarte_mk15,SRT_SMPT,43,24400.00,3,RowAisle0_Seg3,RowAisle,East,448,31,7.75,0.25,0.0647
2026-05-31 02:02:40,brandimarte_mk15,SRT_SMPT,43,24400.00,4,RowAisle1_Seg0,RowAisle,West,166,44,11.00,0.25,0.2095
2026-05-31 02:02:40,brandimarte_mk15,SRT_SMPT,43,24400.00,5,RowAisle1_Seg1,RowAisle,West,166,20,5.00,0.25,0.1075
2026-05-31 02:02:40,brandimarte_mk15,SRT_SMPT,43,24400.00,6,RowAisle1_Seg2,RowAisle,West,166,4,1.00,0.25,0.0235
2026-05-31 02:02:40,brandimarte_mk15,SRT_SMPT,43,24400.00,7,RowAisle1_Seg3,RowAisle,West,166,191,47.75,0.25,0.5350
2026-05-31 02:02:40,brandimarte_mk15,SRT_SMPT,43,24400.00,8,RowAisle2_Seg0,RowAisle,East,37,0,0.00,0.00,0.0000
2026-05-31 02:02:40,brandimarte_mk15,SRT_SMPT,43,24400.00,9,RowAisle2_Seg1,RowAisle,East,37,0,0.00,0.00,0.0000
2026-05-31 02:02:40,brandimarte_mk15,SRT_SMPT,43,24400.00,10,RowAisle2_Seg2,RowAisle,East,37,0,0.00,0.00,0.0000
2026-05-31 02:02:40,brandimarte_mk15,SRT_SMPT,43,24400.00,11,RowAisle2_Seg3,RowAisle,East,37,0,0.00,0.00,0.0000
2026-05-31 02:02:40,brandimarte_mk15,SRT_SMPT,43,24400.00,12,TopSpine_Seg0,SpineAisle,East,30,0,0.00,0.00,0.0000
2026-05-31 02:02:40,brandimarte_mk15,SRT_SMPT,43,24400.00,13,TopSpine_Seg1,SpineAisle,East,30,0,0.00,0.00,0.0000
2026-05-31 02:02:40,brandimarte_mk15,SRT_SMPT,43,24400.00,14,TopSpine_Seg2,SpineAisle,East,30,0,0.00,0.00,0.0000
2026-05-31 02:02:40,brandimarte_mk15,SRT_SMPT,43,24400.00,15,TopSpine_Seg3,SpineAisle,East,30,0,0.00,0.00,0.0000
2026-05-31 02:02:40,brandimarte_mk15,SRT_SMPT,43,24400.00,16,TopSpine_Seg4,SpineAisle,East,30,0,0.00,0.00,0.0000
2026-05-31 02:02:40,brandimarte_mk15,SRT_SMPT,43,24400.00,17,BotSpine_Seg0,SpineAisle,West,348,0,0.00,0.00,0.0000
2026-05-31 02:02:40,brandimarte_mk15,SRT_SMPT,43,24400.00,18,BotSpine_Seg1,SpineAisle,West,349,0,0.00,0.00,0.0000
2026-05-31 02:02:40,brandimarte_mk15,SRT_SMPT,43,24400.00,19,BotSpine_Seg2,SpineAisle,West,349,0,0.00,0.00,0.0000
2026-05-31 02:02:40,brandimarte_mk15,SRT_SMPT,43,24400.00,20,BotSpine_Seg3,SpineAisle,West,349,0,0.00,0.00,0.0000
2026-05-31 02:02:40,brandimarte_mk15,SRT_SMPT,43,24400.00,21,BotSpine_Seg4,SpineAisle,West,349,0,0.00,0.00,0.0000
2026-05-31 02:02:40,brandimarte_mk15,SRT_SMPT,43,24400.00,22,LeftVert_TopConn,VerticalAisle,North,30,0,0.00,0.00,0.0000
2026-05-31 02:02:40,brandimarte_mk15,SRT_SMPT,43,24400.00,23,LeftVert_Row0,VerticalAisle,North,478,2279,569.75,0.25,0.8266
2026-05-31 02:02:40,brandimarte_mk15,SRT_SMPT,43,24400.00,24,LeftVert_Row1,VerticalAisle,North,478,437,109.25,0.25,0.4776
2026-05-31 02:02:40,brandimarte_mk15,SRT_SMPT,43,24400.00,25,LeftVert_Row2,VerticalAisle,North,349,1348,337.00,0.25,0.7943
2026-05-31 02:02:40,brandimarte_mk15,SRT_SMPT,43,24400.00,26,LeftVert_BotConn,VerticalAisle,North,349,2399,599.75,0.25,0.8730
2026-05-31 02:02:40,brandimarte_mk15,SRT_SMPT,43,24400.00,27,RightVert_TopConn,VerticalAisle,South,30,0,0.00,0.00,0.0000
2026-05-31 02:02:40,brandimarte_mk15,SRT_SMPT,43,24400.00,28,RightVert_Row0,VerticalAisle,South,478,95,23.75,0.25,0.1658
2026-05-31 02:02:40,brandimarte_mk15,SRT_SMPT,43,24400.00,29,RightVert_Row1,VerticalAisle,South,478,153,38.25,0.25,0.2425
2026-05-31 02:02:40,brandimarte_mk15,SRT_SMPT,43,24400.00,30,RightVert_Row2,VerticalAisle,South,349,0,0.00,0.00,0.0000
2026-05-31 02:02:40,brandimarte_mk15,SRT_SMPT,43,24400.00,31,RightVert_BotConn,VerticalAisle,South,349,16,4.00,0.25,0.0438
2026-05-31 02:12:56,brandimarte_mk15,SRT_SMPT,44,24400.00,0,RowAisle0_Seg0,RowAisle,East,448,318,79.50,0.25,0.4151
2026-05-31 02:12:56,brandimarte_mk15,SRT_SMPT,44,24400.00,1,RowAisle0_Seg1,RowAisle,East,448,674,168.50,0.25,0.6007
2026-05-31 02:12:56,brandimarte_mk15,SRT_SMPT,44,24400.00,2,RowAisle0_Seg2,RowAisle,East,448,881,220.25,0.25,0.6629
2026-05-31 02:12:56,brandimarte_mk15,SRT_SMPT,44,24400.00,3,RowAisle0_Seg3,RowAisle,East,448,31,7.75,0.25,0.0647
2026-05-31 02:12:56,brandimarte_mk15,SRT_SMPT,44,24400.00,4,RowAisle1_Seg0,RowAisle,West,166,40,10.00,0.25,0.1942
2026-05-31 02:12:56,brandimarte_mk15,SRT_SMPT,44,24400.00,5,RowAisle1_Seg1,RowAisle,West,166,21,5.25,0.25,0.1123
2026-05-31 02:12:56,brandimarte_mk15,SRT_SMPT,44,24400.00,6,RowAisle1_Seg2,RowAisle,West,166,4,1.00,0.25,0.0235
2026-05-31 02:12:56,brandimarte_mk15,SRT_SMPT,44,24400.00,7,RowAisle1_Seg3,RowAisle,West,166,191,47.75,0.25,0.5350
2026-05-31 02:12:56,brandimarte_mk15,SRT_SMPT,44,24400.00,8,RowAisle2_Seg0,RowAisle,East,37,0,0.00,0.00,0.0000
2026-05-31 02:12:56,brandimarte_mk15,SRT_SMPT,44,24400.00,9,RowAisle2_Seg1,RowAisle,East,37,0,0.00,0.00,0.0000
2026-05-31 02:12:56,brandimarte_mk15,SRT_SMPT,44,24400.00,10,RowAisle2_Seg2,RowAisle,East,37,0,0.00,0.00,0.0000
2026-05-31 02:12:56,brandimarte_mk15,SRT_SMPT,44,24400.00,11,RowAisle2_Seg3,RowAisle,East,37,0,0.00,0.00,0.0000
2026-05-31 02:12:56,brandimarte_mk15,SRT_SMPT,44,24400.00,12,TopSpine_Seg0,SpineAisle,East,30,0,0.00,0.00,0.0000
2026-05-31 02:12:56,brandimarte_mk15,SRT_SMPT,44,24400.00,13,TopSpine_Seg1,SpineAisle,East,30,0,0.00,0.00,0.0000
2026-05-31 02:12:56,brandimarte_mk15,SRT_SMPT,44,24400.00,14,TopSpine_Seg2,SpineAisle,East,30,0,0.00,0.00,0.0000
2026-05-31 02:12:56,brandimarte_mk15,SRT_SMPT,44,24400.00,15,TopSpine_Seg3,SpineAisle,East,30,0,0.00,0.00,0.0000
2026-05-31 02:12:56,brandimarte_mk15,SRT_SMPT,44,24400.00,16,TopSpine_Seg4,SpineAisle,East,30,0,0.00,0.00,0.0000
2026-05-31 02:12:56,brandimarte_mk15,SRT_SMPT,44,24400.00,17,BotSpine_Seg0,SpineAisle,West,348,0,0.00,0.00,0.0000
2026-05-31 02:12:56,brandimarte_mk15,SRT_SMPT,44,24400.00,18,BotSpine_Seg1,SpineAisle,West,349,0,0.00,0.00,0.0000
2026-05-31 02:12:56,brandimarte_mk15,SRT_SMPT,44,24400.00,19,BotSpine_Seg2,SpineAisle,West,349,0,0.00,0.00,0.0000
2026-05-31 02:12:56,brandimarte_mk15,SRT_SMPT,44,24400.00,20,BotSpine_Seg3,SpineAisle,West,349,0,0.00,0.00,0.0000
2026-05-31 02:12:56,brandimarte_mk15,SRT_SMPT,44,24400.00,21,BotSpine_Seg4,SpineAisle,West,349,0,0.00,0.00,0.0000
2026-05-31 02:12:56,brandimarte_mk15,SRT_SMPT,44,24400.00,22,LeftVert_TopConn,VerticalAisle,North,30,0,0.00,0.00,0.0000
2026-05-31 02:12:56,brandimarte_mk15,SRT_SMPT,44,24400.00,23,LeftVert_Row0,VerticalAisle,North,478,2281,570.25,0.25,0.8267
2026-05-31 02:12:56,brandimarte_mk15,SRT_SMPT,44,24400.00,24,LeftVert_Row1,VerticalAisle,North,478,443,110.75,0.25,0.4810
2026-05-31 02:12:56,brandimarte_mk15,SRT_SMPT,44,24400.00,25,LeftVert_Row2,VerticalAisle,North,349,1347,336.75,0.25,0.7942
2026-05-31 02:12:56,brandimarte_mk15,SRT_SMPT,44,24400.00,26,LeftVert_BotConn,VerticalAisle,North,349,2401,600.25,0.25,0.8731
2026-05-31 02:12:56,brandimarte_mk15,SRT_SMPT,44,24400.00,27,RightVert_TopConn,VerticalAisle,South,30,0,0.00,0.00,0.0000
2026-05-31 02:12:56,brandimarte_mk15,SRT_SMPT,44,24400.00,28,RightVert_Row0,VerticalAisle,South,478,96,24.00,0.25,0.1672
2026-05-31 02:12:56,brandimarte_mk15,SRT_SMPT,44,24400.00,29,RightVert_Row1,VerticalAisle,South,478,153,38.25,0.25,0.2425
2026-05-31 02:12:56,brandimarte_mk15,SRT_SMPT,44,24400.00,30,RightVert_Row2,VerticalAisle,South,349,0,0.00,0.00,0.0000
2026-05-31 02:12:56,brandimarte_mk15,SRT_SMPT,44,24400.00,31,RightVert_BotConn,VerticalAisle,South,349,16,4.00,0.25,0.0438
2026-05-30 23:17:02,brandimarte_mk01,LRT_MMUR,42,6254.49,0,RowAisle0_Seg0,RowAisle,East,78,20,5.20,0.26,0.2041
2026-05-30 23:17:02,brandimarte_mk01,LRT_MMUR,42,6254.49,1,RowAisle0_Seg1,RowAisle,East,78,335,87.10,0.26,0.8111
2026-05-30 23:17:02,brandimarte_mk01,LRT_MMUR,42,6254.49,2,RowAisle0_Seg2,RowAisle,East,78,3,0.78,0.26,0.0370
2026-05-30 23:17:02,brandimarte_mk01,LRT_MMUR,42,6254.49,3,TopSpine_Seg0,SpineAisle,East,10,0,0.00,0.00,0.0000
2026-05-30 23:17:02,brandimarte_mk01,LRT_MMUR,42,6254.49,4,TopSpine_Seg1,SpineAisle,East,10,0,0.00,0.00,0.0000
2026-05-30 23:17:02,brandimarte_mk01,LRT_MMUR,42,6254.49,5,TopSpine_Seg2,SpineAisle,East,10,0,0.00,0.00,0.0000
2026-05-30 23:17:02,brandimarte_mk01,LRT_MMUR,42,6254.49,6,TopSpine_Seg3,SpineAisle,East,10,0,0.00,0.00,0.0000
2026-05-30 23:17:02,brandimarte_mk01,LRT_MMUR,42,6254.49,7,BotSpine_Seg0,SpineAisle,West,88,0,0.00,0.00,0.0000
2026-05-30 23:17:02,brandimarte_mk01,LRT_MMUR,42,6254.49,8,BotSpine_Seg1,SpineAisle,West,88,0,0.00,0.00,0.0000
2026-05-30 23:17:02,brandimarte_mk01,LRT_MMUR,42,6254.49,9,BotSpine_Seg2,SpineAisle,West,88,0,0.00,0.00,0.0000
2026-05-30 23:17:02,brandimarte_mk01,LRT_MMUR,42,6254.49,10,BotSpine_Seg3,SpineAisle,West,88,0,0.00,0.00,0.0000
2026-05-30 23:17:02,brandimarte_mk01,LRT_MMUR,42,6254.49,11,LeftVert_TopConn,VerticalAisle,North,10,0,0.00,0.00,0.0000
2026-05-30 23:17:02,brandimarte_mk01,LRT_MMUR,42,6254.49,12,LeftVert_Row0,VerticalAisle,North,88,202,52.52,0.26,0.6966
2026-05-30 23:17:02,brandimarte_mk01,LRT_MMUR,42,6254.49,13,LeftVert_BotConn,VerticalAisle,North,88,169,43.94,0.26,0.6576
2026-05-30 23:17:02,brandimarte_mk01,LRT_MMUR,42,6254.49,14,RightVert_TopConn,VerticalAisle,South,10,0,0.00,0.00,0.0000
2026-05-30 23:17:02,brandimarte_mk01,LRT_MMUR,42,6254.49,15,RightVert_Row0,VerticalAisle,South,88,5,1.30,0.26,0.0538
2026-05-30 23:17:02,brandimarte_mk01,LRT_MMUR,42,6254.49,16,RightVert_BotConn,VerticalAisle,South,88,9,2.34,0.26,0.0928
2026-05-30 23:19:36,brandimarte_mk01,LRT_MMUR,43,6366.67,0,RowAisle0_Seg0,RowAisle,East,78,20,5.20,0.26,0.2041
2026-05-30 23:19:36,brandimarte_mk01,LRT_MMUR,43,6366.67,1,RowAisle0_Seg1,RowAisle,East,78,335,87.10,0.26,0.8111
2026-05-30 23:19:36,brandimarte_mk01,LRT_MMUR,43,6366.67,2,RowAisle0_Seg2,RowAisle,East,78,0,0.00,0.00,0.0000
2026-05-30 23:19:36,brandimarte_mk01,LRT_MMUR,43,6366.67,3,TopSpine_Seg0,SpineAisle,East,10,0,0.00,0.00,0.0000
2026-05-30 23:19:36,brandimarte_mk01,LRT_MMUR,43,6366.67,4,TopSpine_Seg1,SpineAisle,East,10,0,0.00,0.00,0.0000
2026-05-30 23:19:36,brandimarte_mk01,LRT_MMUR,43,6366.67,5,TopSpine_Seg2,SpineAisle,East,10,0,0.00,0.00,0.0000
2026-05-30 23:19:36,brandimarte_mk01,LRT_MMUR,43,6366.67,6,TopSpine_Seg3,SpineAisle,East,10,0,0.00,0.00,0.0000
2026-05-30 23:19:36,brandimarte_mk01,LRT_MMUR,43,6366.67,7,BotSpine_Seg0,SpineAisle,West,88,0,0.00,0.00,0.0000
2026-05-30 23:19:36,brandimarte_mk01,LRT_MMUR,43,6366.67,8,BotSpine_Seg1,SpineAisle,West,88,0,0.00,0.00,0.0000
2026-05-30 23:19:36,brandimarte_mk01,LRT_MMUR,43,6366.67,9,BotSpine_Seg2,SpineAisle,West,88,0,0.00,0.00,0.0000
2026-05-30 23:19:36,brandimarte_mk01,LRT_MMUR,43,6366.67,10,BotSpine_Seg3,SpineAisle,West,88,0,0.00,0.00,0.0000
2026-05-30 23:19:36,brandimarte_mk01,LRT_MMUR,43,6366.67,11,LeftVert_TopConn,VerticalAisle,North,10,0,0.00,0.00,0.0000
2026-05-30 23:19:36,brandimarte_mk01,LRT_MMUR,43,6366.67,12,LeftVert_Row0,VerticalAisle,North,88,194,50.44,0.26,0.6879
2026-05-30 23:19:36,brandimarte_mk01,LRT_MMUR,43,6366.67,13,LeftVert_BotConn,VerticalAisle,North,88,163,42.38,0.26,0.6494
2026-05-30 23:19:36,brandimarte_mk01,LRT_MMUR,43,6366.67,14,RightVert_TopConn,VerticalAisle,South,10,0,0.00,0.00,0.0000
2026-05-30 23:19:36,brandimarte_mk01,LRT_MMUR,43,6366.67,15,RightVert_Row0,VerticalAisle,South,88,0,0.00,0.00,0.0000
2026-05-30 23:19:36,brandimarte_mk01,LRT_MMUR,43,6366.67,16,RightVert_BotConn,VerticalAisle,South,88,0,0.00,0.00,0.0000
2026-05-30 23:22:10,brandimarte_mk01,LRT_MMUR,44,6366.67,0,RowAisle0_Seg0,RowAisle,East,78,19,4.94,0.26,0.1959
2026-05-30 23:22:10,brandimarte_mk01,LRT_MMUR,44,6366.67,1,RowAisle0_Seg1,RowAisle,East,78,335,87.10,0.26,0.8111
2026-05-30 23:22:10,brandimarte_mk01,LRT_MMUR,44,6366.67,2,RowAisle0_Seg2,RowAisle,East,78,0,0.00,0.00,0.0000
2026-05-30 23:22:10,brandimarte_mk01,LRT_MMUR,44,6366.67,3,TopSpine_Seg0,SpineAisle,East,10,0,0.00,0.00,0.0000
2026-05-30 23:22:10,brandimarte_mk01,LRT_MMUR,44,6366.67,4,TopSpine_Seg1,SpineAisle,East,10,0,0.00,0.00,0.0000
2026-05-30 23:22:10,brandimarte_mk01,LRT_MMUR,44,6366.67,5,TopSpine_Seg2,SpineAisle,East,10,0,0.00,0.00,0.0000
2026-05-30 23:22:10,brandimarte_mk01,LRT_MMUR,44,6366.67,6,TopSpine_Seg3,SpineAisle,East,10,0,0.00,0.00,0.0000
2026-05-30 23:22:10,brandimarte_mk01,LRT_MMUR,44,6366.67,7,BotSpine_Seg0,SpineAisle,West,88,0,0.00,0.00,0.0000
2026-05-30 23:22:10,brandimarte_mk01,LRT_MMUR,44,6366.67,8,BotSpine_Seg1,SpineAisle,West,88,0,0.00,0.00,0.0000
2026-05-30 23:22:10,brandimarte_mk01,LRT_MMUR,44,6366.67,9,BotSpine_Seg2,SpineAisle,West,88,0,0.00,0.00,0.0000
2026-05-30 23:22:10,brandimarte_mk01,LRT_MMUR,44,6366.67,10,BotSpine_Seg3,SpineAisle,West,88,0,0.00,0.00,0.0000
2026-05-30 23:22:10,brandimarte_mk01,LRT_MMUR,44,6366.67,11,LeftVert_TopConn,VerticalAisle,North,10,0,0.00,0.00,0.0000
2026-05-30 23:22:10,brandimarte_mk01,LRT_MMUR,44,6366.67,12,LeftVert_Row0,VerticalAisle,North,88,194,50.44,0.26,0.6879
2026-05-30 23:22:10,brandimarte_mk01,LRT_MMUR,44,6366.67,13,LeftVert_BotConn,VerticalAisle,North,88,162,42.12,0.26,0.6480
2026-05-30 23:22:10,brandimarte_mk01,LRT_MMUR,44,6366.67,14,RightVert_TopConn,VerticalAisle,South,10,0,0.00,0.00,0.0000
2026-05-30 23:22:10,brandimarte_mk01,LRT_MMUR,44,6366.67,15,RightVert_Row0,VerticalAisle,South,88,0,0.00,0.00,0.0000
2026-05-30 23:22:10,brandimarte_mk01,LRT_MMUR,44,6366.67,16,RightVert_BotConn,VerticalAisle,South,88,0,0.00,0.00,0.0000
2026-05-30 23:28:41,brandimarte_mk03,LRT_MMUR,42,15966.67,0,RowAisle0_Seg0,RowAisle,East,227,308,80.08,0.26,0.5757
2026-05-30 23:28:41,brandimarte_mk03,LRT_MMUR,42,15966.67,1,RowAisle0_Seg1,RowAisle,East,227,125,32.50,0.26,0.3551
2026-05-30 23:28:41,brandimarte_mk03,LRT_MMUR,42,15966.67,2,RowAisle0_Seg2,RowAisle,East,227,24,6.24,0.26,0.0956
2026-05-30 23:28:41,brandimarte_mk03,LRT_MMUR,42,15966.67,3,RowAisle1_Seg0,RowAisle,West,77,77,20.02,0.26,0.5000
2026-05-30 23:28:41,brandimarte_mk03,LRT_MMUR,42,15966.67,4,RowAisle1_Seg1,RowAisle,West,77,12,3.12,0.26,0.1348
2026-05-30 23:28:41,brandimarte_mk03,LRT_MMUR,42,15966.67,5,RowAisle1_Seg2,RowAisle,West,77,45,11.70,0.26,0.3689
2026-05-30 23:28:41,brandimarte_mk03,LRT_MMUR,42,15966.67,6,TopSpine_Seg0,SpineAisle,East,15,0,0.00,0.00,0.0000
2026-05-30 23:28:41,brandimarte_mk03,LRT_MMUR,42,15966.67,7,TopSpine_Seg1,SpineAisle,East,15,0,0.00,0.00,0.0000
2026-05-30 23:28:41,brandimarte_mk03,LRT_MMUR,42,15966.67,8,TopSpine_Seg2,SpineAisle,East,15,0,0.00,0.00,0.0000
2026-05-30 23:28:41,brandimarte_mk03,LRT_MMUR,42,15966.67,9,TopSpine_Seg3,SpineAisle,East,15,0,0.00,0.00,0.0000
2026-05-30 23:28:41,brandimarte_mk03,LRT_MMUR,42,15966.67,10,BotSpine_Seg0,SpineAisle,West,165,0,0.00,0.00,0.0000
2026-05-30 23:28:41,brandimarte_mk03,LRT_MMUR,42,15966.67,11,BotSpine_Seg1,SpineAisle,West,165,0,0.00,0.00,0.0000
2026-05-30 23:28:41,brandimarte_mk03,LRT_MMUR,42,15966.67,12,BotSpine_Seg2,SpineAisle,West,165,0,0.00,0.00,0.0000
2026-05-30 23:28:41,brandimarte_mk03,LRT_MMUR,42,15966.67,13,BotSpine_Seg3,SpineAisle,West,165,0,0.00,0.00,0.0000
2026-05-30 23:28:41,brandimarte_mk03,LRT_MMUR,42,15966.67,14,LeftVert_TopConn,VerticalAisle,North,15,0,0.00,0.00,0.0000
2026-05-30 23:28:41,brandimarte_mk03,LRT_MMUR,42,15966.67,15,LeftVert_Row0,VerticalAisle,North,242,1465,380.89,0.26,0.8582
2026-05-30 23:28:41,brandimarte_mk03,LRT_MMUR,42,15966.67,16,LeftVert_Row1,VerticalAisle,North,242,261,67.86,0.26,0.5189
2026-05-30 23:28:41,brandimarte_mk03,LRT_MMUR,42,15966.67,17,LeftVert_BotConn,VerticalAisle,North,165,632,164.32,0.26,0.7930
2026-05-30 23:28:41,brandimarte_mk03,LRT_MMUR,42,15966.67,18,RightVert_TopConn,VerticalAisle,South,15,0,0.00,0.00,0.0000
2026-05-30 23:28:41,brandimarte_mk03,LRT_MMUR,42,15966.67,19,RightVert_Row0,VerticalAisle,South,242,2,0.52,0.26,0.0082
2026-05-30 23:28:41,brandimarte_mk03,LRT_MMUR,42,15966.67,20,RightVert_Row1,VerticalAisle,South,242,3,0.78,0.26,0.0122
2026-05-30 23:28:41,brandimarte_mk03,LRT_MMUR,42,15966.67,21,RightVert_BotConn,VerticalAisle,South,165,0,0.00,0.00,0.0000
2026-05-30 23:35:15,brandimarte_mk03,LRT_MMUR,43,15966.67,0,RowAisle0_Seg0,RowAisle,East,227,307,79.83,0.26,0.5749
2026-05-30 23:35:15,brandimarte_mk03,LRT_MMUR,43,15966.67,1,RowAisle0_Seg1,RowAisle,East,227,127,33.03,0.26,0.3588
2026-05-30 23:35:15,brandimarte_mk03,LRT_MMUR,43,15966.67,2,RowAisle0_Seg2,RowAisle,East,227,25,6.50,0.26,0.0992
2026-05-30 23:35:15,brandimarte_mk03,LRT_MMUR,43,15966.67,3,RowAisle1_Seg0,RowAisle,West,77,78,20.28,0.26,0.5032
2026-05-30 23:35:15,brandimarte_mk03,LRT_MMUR,43,15966.67,4,RowAisle1_Seg1,RowAisle,West,77,11,2.86,0.26,0.1250
2026-05-30 23:35:15,brandimarte_mk03,LRT_MMUR,43,15966.67,5,RowAisle1_Seg2,RowAisle,West,77,45,11.70,0.26,0.3689
2026-05-30 23:35:15,brandimarte_mk03,LRT_MMUR,43,15966.67,6,TopSpine_Seg0,SpineAisle,East,15,0,0.00,0.00,0.0000
2026-05-30 23:35:15,brandimarte_mk03,LRT_MMUR,43,15966.67,7,TopSpine_Seg1,SpineAisle,East,15,0,0.00,0.00,0.0000
2026-05-30 23:35:15,brandimarte_mk03,LRT_MMUR,43,15966.67,8,TopSpine_Seg2,SpineAisle,East,15,0,0.00,0.00,0.0000
2026-05-30 23:35:15,brandimarte_mk03,LRT_MMUR,43,15966.67,9,TopSpine_Seg3,SpineAisle,East,15,0,0.00,0.00,0.0000
2026-05-30 23:35:15,brandimarte_mk03,LRT_MMUR,43,15966.67,10,BotSpine_Seg0,SpineAisle,West,165,0,0.00,0.00,0.0000
2026-05-30 23:35:15,brandimarte_mk03,LRT_MMUR,43,15966.67,11,BotSpine_Seg1,SpineAisle,West,165,0,0.00,0.00,0.0000
2026-05-30 23:35:15,brandimarte_mk03,LRT_MMUR,43,15966.67,12,BotSpine_Seg2,SpineAisle,West,165,0,0.00,0.00,0.0000
2026-05-30 23:35:15,brandimarte_mk03,LRT_MMUR,43,15966.67,13,BotSpine_Seg3,SpineAisle,West,165,0,0.00,0.00,0.0000
2026-05-30 23:35:15,brandimarte_mk03,LRT_MMUR,43,15966.67,14,LeftVert_TopConn,VerticalAisle,North,15,0,0.00,0.00,0.0000
2026-05-30 23:35:15,brandimarte_mk03,LRT_MMUR,43,15966.67,15,LeftVert_Row0,VerticalAisle,North,242,1467,381.42,0.26,0.8584
2026-05-30 23:35:15,brandimarte_mk03,LRT_MMUR,43,15966.67,16,LeftVert_Row1,VerticalAisle,North,242,260,67.61,0.26,0.5179
2026-05-30 23:35:15,brandimarte_mk03,LRT_MMUR,43,15966.67,17,LeftVert_BotConn,VerticalAisle,North,165,632,164.31,0.26,0.7930
2026-05-30 23:35:15,brandimarte_mk03,LRT_MMUR,43,15966.67,18,RightVert_TopConn,VerticalAisle,South,15,0,0.00,0.00,0.0000
2026-05-30 23:35:15,brandimarte_mk03,LRT_MMUR,43,15966.67,19,RightVert_Row0,VerticalAisle,South,242,2,0.52,0.26,0.0082
2026-05-30 23:35:15,brandimarte_mk03,LRT_MMUR,43,15966.67,20,RightVert_Row1,VerticalAisle,South,242,2,0.52,0.26,0.0082
2026-05-30 23:35:15,brandimarte_mk03,LRT_MMUR,43,15966.67,21,RightVert_BotConn,VerticalAisle,South,165,0,0.00,0.00,0.0000
2026-05-30 23:41:45,brandimarte_mk03,LRT_MMUR,44,15966.67,0,RowAisle0_Seg0,RowAisle,East,227,308,80.08,0.26,0.5757
2026-05-30 23:41:45,brandimarte_mk03,LRT_MMUR,44,15966.67,1,RowAisle0_Seg1,RowAisle,East,227,125,32.50,0.26,0.3551
2026-05-30 23:41:45,brandimarte_mk03,LRT_MMUR,44,15966.67,2,RowAisle0_Seg2,RowAisle,East,227,24,6.24,0.26,0.0956
2026-05-30 23:41:45,brandimarte_mk03,LRT_MMUR,44,15966.67,3,RowAisle1_Seg0,RowAisle,West,77,77,20.02,0.26,0.5000
2026-05-30 23:41:45,brandimarte_mk03,LRT_MMUR,44,15966.67,4,RowAisle1_Seg1,RowAisle,West,77,12,3.12,0.26,0.1348
2026-05-30 23:41:45,brandimarte_mk03,LRT_MMUR,44,15966.67,5,RowAisle1_Seg2,RowAisle,West,77,45,11.70,0.26,0.3689
2026-05-30 23:41:45,brandimarte_mk03,LRT_MMUR,44,15966.67,6,TopSpine_Seg0,SpineAisle,East,15,0,0.00,0.00,0.0000
2026-05-30 23:41:45,brandimarte_mk03,LRT_MMUR,44,15966.67,7,TopSpine_Seg1,SpineAisle,East,15,0,0.00,0.00,0.0000
2026-05-30 23:41:45,brandimarte_mk03,LRT_MMUR,44,15966.67,8,TopSpine_Seg2,SpineAisle,East,15,0,0.00,0.00,0.0000
2026-05-30 23:41:45,brandimarte_mk03,LRT_MMUR,44,15966.67,9,TopSpine_Seg3,SpineAisle,East,15,0,0.00,0.00,0.0000
2026-05-30 23:41:45,brandimarte_mk03,LRT_MMUR,44,15966.67,10,BotSpine_Seg0,SpineAisle,West,165,0,0.00,0.00,0.0000
2026-05-30 23:41:45,brandimarte_mk03,LRT_MMUR,44,15966.67,11,BotSpine_Seg1,SpineAisle,West,165,0,0.00,0.00,0.0000
2026-05-30 23:41:45,brandimarte_mk03,LRT_MMUR,44,15966.67,12,BotSpine_Seg2,SpineAisle,West,165,0,0.00,0.00,0.0000
2026-05-30 23:41:45,brandimarte_mk03,LRT_MMUR,44,15966.67,13,BotSpine_Seg3,SpineAisle,West,165,0,0.00,0.00,0.0000
2026-05-30 23:41:45,brandimarte_mk03,LRT_MMUR,44,15966.67,14,LeftVert_TopConn,VerticalAisle,North,15,0,0.00,0.00,0.0000
2026-05-30 23:41:45,brandimarte_mk03,LRT_MMUR,44,15966.67,15,LeftVert_Row0,VerticalAisle,North,242,1465,380.90,0.26,0.8582
2026-05-30 23:41:45,brandimarte_mk03,LRT_MMUR,44,15966.67,16,LeftVert_Row1,VerticalAisle,North,242,261,67.86,0.26,0.5189
2026-05-30 23:41:45,brandimarte_mk03,LRT_MMUR,44,15966.67,17,LeftVert_BotConn,VerticalAisle,North,165,633,164.59,0.26,0.7932
2026-05-30 23:41:45,brandimarte_mk03,LRT_MMUR,44,15966.67,18,RightVert_TopConn,VerticalAisle,South,15,0,0.00,0.00,0.0000
2026-05-30 23:41:45,brandimarte_mk03,LRT_MMUR,44,15966.67,19,RightVert_Row0,VerticalAisle,South,242,2,0.52,0.26,0.0082
2026-05-30 23:41:45,brandimarte_mk03,LRT_MMUR,44,15966.67,20,RightVert_Row1,VerticalAisle,South,242,3,0.78,0.26,0.0122
2026-05-30 23:41:45,brandimarte_mk03,LRT_MMUR,44,15966.67,21,RightVert_BotConn,VerticalAisle,South,165,0,0.00,0.00,0.0000
2026-05-30 23:45:13,brandimarte_mk04,LRT_MMUR,42,8433.34,0,RowAisle0_Seg0,RowAisle,East,163,80,20.80,0.26,0.3292
2026-05-30 23:45:13,brandimarte_mk04,LRT_MMUR,42,8433.34,1,RowAisle0_Seg1,RowAisle,East,163,0,0.00,0.00,0.0000
2026-05-30 23:45:13,brandimarte_mk04,LRT_MMUR,42,8433.34,2,RowAisle0_Seg2,RowAisle,East,163,7,1.82,0.26,0.0412
2026-05-30 23:45:13,brandimarte_mk04,LRT_MMUR,42,8433.34,3,RowAisle1_Seg0,RowAisle,West,73,56,14.56,0.26,0.4341
2026-05-30 23:45:13,brandimarte_mk04,LRT_MMUR,42,8433.34,4,RowAisle1_Seg1,RowAisle,West,73,69,17.94,0.26,0.4859
2026-05-30 23:45:13,brandimarte_mk04,LRT_MMUR,42,8433.34,5,RowAisle1_Seg2,RowAisle,West,73,0,0.00,0.00,0.0000
2026-05-30 23:45:13,brandimarte_mk04,LRT_MMUR,42,8433.34,6,TopSpine_Seg0,SpineAisle,East,15,0,0.00,0.00,0.0000
2026-05-30 23:45:13,brandimarte_mk04,LRT_MMUR,42,8433.34,7,TopSpine_Seg1,SpineAisle,East,15,0,0.00,0.00,0.0000
2026-05-30 23:45:13,brandimarte_mk04,LRT_MMUR,42,8433.34,8,TopSpine_Seg2,SpineAisle,East,15,0,0.00,0.00,0.0000
2026-05-30 23:45:13,brandimarte_mk04,LRT_MMUR,42,8433.34,9,TopSpine_Seg3,SpineAisle,East,15,0,0.00,0.00,0.0000
2026-05-30 23:45:13,brandimarte_mk04,LRT_MMUR,42,8433.34,10,BotSpine_Seg0,SpineAisle,West,105,0,0.00,0.00,0.0000
2026-05-30 23:45:13,brandimarte_mk04,LRT_MMUR,42,8433.34,11,BotSpine_Seg1,SpineAisle,West,105,0,0.00,0.00,0.0000
2026-05-30 23:45:13,brandimarte_mk04,LRT_MMUR,42,8433.34,12,BotSpine_Seg2,SpineAisle,West,105,0,0.00,0.00,0.0000
2026-05-30 23:45:13,brandimarte_mk04,LRT_MMUR,42,8433.34,13,BotSpine_Seg3,SpineAisle,West,105,0,0.00,0.00,0.0000
2026-05-30 23:45:13,brandimarte_mk04,LRT_MMUR,42,8433.34,14,LeftVert_TopConn,VerticalAisle,North,15,0,0.00,0.00,0.0000
2026-05-30 23:45:13,brandimarte_mk04,LRT_MMUR,42,8433.34,15,LeftVert_Row0,VerticalAisle,North,178,1128,293.29,0.26,0.8637
2026-05-30 23:45:13,brandimarte_mk04,LRT_MMUR,42,8433.34,16,LeftVert_Row1,VerticalAisle,North,178,561,145.85,0.26,0.7591
2026-05-30 23:45:13,brandimarte_mk04,LRT_MMUR,42,8433.34,17,LeftVert_BotConn,VerticalAisle,North,105,742,192.93,0.26,0.8760
2026-05-30 23:45:13,brandimarte_mk04,LRT_MMUR,42,8433.34,18,RightVert_TopConn,VerticalAisle,South,15,0,0.00,0.00,0.0000
2026-05-30 23:45:13,brandimarte_mk04,LRT_MMUR,42,8433.34,19,RightVert_Row0,VerticalAisle,South,178,3,0.77,0.26,0.0166
2026-05-30 23:45:13,brandimarte_mk04,LRT_MMUR,42,8433.34,20,RightVert_Row1,VerticalAisle,South,178,10,2.60,0.26,0.0532
2026-05-30 23:45:13,brandimarte_mk04,LRT_MMUR,42,8433.34,21,RightVert_BotConn,VerticalAisle,South,105,0,0.00,0.00,0.0000
2026-05-30 23:48:40,brandimarte_mk04,LRT_MMUR,43,8433.34,0,RowAisle0_Seg0,RowAisle,East,163,80,20.80,0.26,0.3292
2026-05-30 23:48:40,brandimarte_mk04,LRT_MMUR,43,8433.34,1,RowAisle0_Seg1,RowAisle,East,163,0,0.00,0.00,0.0000
2026-05-30 23:48:40,brandimarte_mk04,LRT_MMUR,43,8433.34,2,RowAisle0_Seg2,RowAisle,East,163,7,1.82,0.26,0.0412
2026-05-30 23:48:40,brandimarte_mk04,LRT_MMUR,43,8433.34,3,RowAisle1_Seg0,RowAisle,West,73,56,14.55,0.26,0.4341
2026-05-30 23:48:40,brandimarte_mk04,LRT_MMUR,43,8433.34,4,RowAisle1_Seg1,RowAisle,West,73,69,17.94,0.26,0.4859
2026-05-30 23:48:40,brandimarte_mk04,LRT_MMUR,43,8433.34,5,RowAisle1_Seg2,RowAisle,West,73,0,0.00,0.00,0.0000
2026-05-30 23:48:40,brandimarte_mk04,LRT_MMUR,43,8433.34,6,TopSpine_Seg0,SpineAisle,East,15,0,0.00,0.00,0.0000
2026-05-30 23:48:40,brandimarte_mk04,LRT_MMUR,43,8433.34,7,TopSpine_Seg1,SpineAisle,East,15,0,0.00,0.00,0.0000
2026-05-30 23:48:40,brandimarte_mk04,LRT_MMUR,43,8433.34,8,TopSpine_Seg2,SpineAisle,East,15,0,0.00,0.00,0.0000
2026-05-30 23:48:40,brandimarte_mk04,LRT_MMUR,43,8433.34,9,TopSpine_Seg3,SpineAisle,East,15,0,0.00,0.00,0.0000
2026-05-30 23:48:40,brandimarte_mk04,LRT_MMUR,43,8433.34,10,BotSpine_Seg0,SpineAisle,West,105,0,0.00,0.00,0.0000
2026-05-30 23:48:40,brandimarte_mk04,LRT_MMUR,43,8433.34,11,BotSpine_Seg1,SpineAisle,West,105,0,0.00,0.00,0.0000
2026-05-30 23:48:40,brandimarte_mk04,LRT_MMUR,43,8433.34,12,BotSpine_Seg2,SpineAisle,West,105,0,0.00,0.00,0.0000
2026-05-30 23:48:40,brandimarte_mk04,LRT_MMUR,43,8433.34,13,BotSpine_Seg3,SpineAisle,West,105,0,0.00,0.00,0.0000
2026-05-30 23:48:40,brandimarte_mk04,LRT_MMUR,43,8433.34,14,LeftVert_TopConn,VerticalAisle,North,15,0,0.00,0.00,0.0000
2026-05-30 23:48:40,brandimarte_mk04,LRT_MMUR,43,8433.34,15,LeftVert_Row0,VerticalAisle,North,178,1128,293.28,0.26,0.8637
2026-05-30 23:48:40,brandimarte_mk04,LRT_MMUR,43,8433.34,16,LeftVert_Row1,VerticalAisle,North,178,561,145.87,0.26,0.7591
2026-05-30 23:48:40,brandimarte_mk04,LRT_MMUR,43,8433.34,17,LeftVert_BotConn,VerticalAisle,North,105,742,192.91,0.26,0.8760
2026-05-30 23:48:40,brandimarte_mk04,LRT_MMUR,43,8433.34,18,RightVert_TopConn,VerticalAisle,South,15,0,0.00,0.00,0.0000
2026-05-30 23:48:40,brandimarte_mk04,LRT_MMUR,43,8433.34,19,RightVert_Row0,VerticalAisle,South,178,3,0.78,0.26,0.0166
2026-05-30 23:48:40,brandimarte_mk04,LRT_MMUR,43,8433.34,20,RightVert_Row1,VerticalAisle,South,178,10,2.60,0.26,0.0532
2026-05-30 23:48:40,brandimarte_mk04,LRT_MMUR,43,8433.34,21,RightVert_BotConn,VerticalAisle,South,105,0,0.00,0.00,0.0000
2026-05-30 23:52:07,brandimarte_mk04,LRT_MMUR,44,8433.33,0,RowAisle0_Seg0,RowAisle,East,163,80,20.80,0.26,0.3292
2026-05-30 23:52:07,brandimarte_mk04,LRT_MMUR,44,8433.33,1,RowAisle0_Seg1,RowAisle,East,163,0,0.00,0.00,0.0000
2026-05-30 23:52:07,brandimarte_mk04,LRT_MMUR,44,8433.33,2,RowAisle0_Seg2,RowAisle,East,163,7,1.82,0.26,0.0412
2026-05-30 23:52:07,brandimarte_mk04,LRT_MMUR,44,8433.33,3,RowAisle1_Seg0,RowAisle,West,73,56,14.55,0.26,0.4341
2026-05-30 23:52:07,brandimarte_mk04,LRT_MMUR,44,8433.33,4,RowAisle1_Seg1,RowAisle,West,73,69,17.94,0.26,0.4859
2026-05-30 23:52:07,brandimarte_mk04,LRT_MMUR,44,8433.33,5,RowAisle1_Seg2,RowAisle,West,73,0,0.00,0.00,0.0000
2026-05-30 23:52:07,brandimarte_mk04,LRT_MMUR,44,8433.33,6,TopSpine_Seg0,SpineAisle,East,15,0,0.00,0.00,0.0000
2026-05-30 23:52:07,brandimarte_mk04,LRT_MMUR,44,8433.33,7,TopSpine_Seg1,SpineAisle,East,15,0,0.00,0.00,0.0000
2026-05-30 23:52:07,brandimarte_mk04,LRT_MMUR,44,8433.33,8,TopSpine_Seg2,SpineAisle,East,15,0,0.00,0.00,0.0000
2026-05-30 23:52:07,brandimarte_mk04,LRT_MMUR,44,8433.33,9,TopSpine_Seg3,SpineAisle,East,15,0,0.00,0.00,0.0000
2026-05-30 23:52:07,brandimarte_mk04,LRT_MMUR,44,8433.33,10,BotSpine_Seg0,SpineAisle,West,105,0,0.00,0.00,0.0000
2026-05-30 23:52:07,brandimarte_mk04,LRT_MMUR,44,8433.33,11,BotSpine_Seg1,SpineAisle,West,105,0,0.00,0.00,0.0000
2026-05-30 23:52:07,brandimarte_mk04,LRT_MMUR,44,8433.33,12,BotSpine_Seg2,SpineAisle,West,105,0,0.00,0.00,0.0000
2026-05-30 23:52:07,brandimarte_mk04,LRT_MMUR,44,8433.33,13,BotSpine_Seg3,SpineAisle,West,105,0,0.00,0.00,0.0000
2026-05-30 23:52:07,brandimarte_mk04,LRT_MMUR,44,8433.33,14,LeftVert_TopConn,VerticalAisle,North,15,0,0.00,0.00,0.0000
2026-05-30 23:52:07,brandimarte_mk04,LRT_MMUR,44,8433.33,15,LeftVert_Row0,VerticalAisle,North,178,1128,293.25,0.26,0.8637
2026-05-30 23:52:07,brandimarte_mk04,LRT_MMUR,44,8433.33,16,LeftVert_Row1,VerticalAisle,North,178,561,145.86,0.26,0.7591
2026-05-30 23:52:07,brandimarte_mk04,LRT_MMUR,44,8433.33,17,LeftVert_BotConn,VerticalAisle,North,105,742,192.91,0.26,0.8760
2026-05-30 23:52:07,brandimarte_mk04,LRT_MMUR,44,8433.33,18,RightVert_TopConn,VerticalAisle,South,15,0,0.00,0.00,0.0000
2026-05-30 23:52:07,brandimarte_mk04,LRT_MMUR,44,8433.33,19,RightVert_Row0,VerticalAisle,South,178,3,0.78,0.26,0.0166
2026-05-30 23:52:07,brandimarte_mk04,LRT_MMUR,44,8433.33,20,RightVert_Row1,VerticalAisle,South,178,10,2.61,0.26,0.0532
2026-05-30 23:52:07,brandimarte_mk04,LRT_MMUR,44,8433.33,21,RightVert_BotConn,VerticalAisle,South,105,0,0.00,0.00,0.0000
2026-05-30 23:57:53,brandimarte_mk06,LRT_MMUR,42,14166.67,0,RowAisle0_Seg0,RowAisle,East,211,35,9.09,0.26,0.1423
2026-05-30 23:57:53,brandimarte_mk06,LRT_MMUR,42,14166.67,1,RowAisle0_Seg1,RowAisle,East,211,107,27.82,0.26,0.3365
2026-05-30 23:57:53,brandimarte_mk06,LRT_MMUR,42,14166.67,2,RowAisle0_Seg2,RowAisle,East,211,0,0.00,0.00,0.0000
2026-05-30 23:57:53,brandimarte_mk06,LRT_MMUR,42,14166.67,3,RowAisle0_Seg3,RowAisle,East,211,0,0.00,0.00,0.0000
2026-05-30 23:57:53,brandimarte_mk06,LRT_MMUR,42,14166.67,4,RowAisle1_Seg0,RowAisle,West,61,0,0.00,0.00,0.0000
2026-05-30 23:57:53,brandimarte_mk06,LRT_MMUR,42,14166.67,5,RowAisle1_Seg1,RowAisle,West,61,0,0.00,0.00,0.0000
2026-05-30 23:57:53,brandimarte_mk06,LRT_MMUR,42,14166.67,6,RowAisle1_Seg2,RowAisle,West,61,0,0.00,0.00,0.0000
2026-05-30 23:57:53,brandimarte_mk06,LRT_MMUR,42,14166.67,7,RowAisle1_Seg3,RowAisle,West,61,0,0.00,0.00,0.0000
2026-05-30 23:57:53,brandimarte_mk06,LRT_MMUR,42,14166.67,8,TopSpine_Seg0,SpineAisle,East,10,0,0.00,0.00,0.0000
2026-05-30 23:57:53,brandimarte_mk06,LRT_MMUR,42,14166.67,9,TopSpine_Seg1,SpineAisle,East,10,0,0.00,0.00,0.0000
2026-05-30 23:57:53,brandimarte_mk06,LRT_MMUR,42,14166.67,10,TopSpine_Seg2,SpineAisle,East,10,0,0.00,0.00,0.0000
2026-05-30 23:57:53,brandimarte_mk06,LRT_MMUR,42,14166.67,11,TopSpine_Seg3,SpineAisle,East,10,0,0.00,0.00,0.0000
2026-05-30 23:57:53,brandimarte_mk06,LRT_MMUR,42,14166.67,12,TopSpine_Seg4,SpineAisle,East,10,0,0.00,0.00,0.0000
2026-05-30 23:57:53,brandimarte_mk06,LRT_MMUR,42,14166.67,13,BotSpine_Seg0,SpineAisle,West,160,0,0.00,0.00,0.0000
2026-05-30 23:57:53,brandimarte_mk06,LRT_MMUR,42,14166.67,14,BotSpine_Seg1,SpineAisle,West,160,0,0.00,0.00,0.0000
2026-05-30 23:57:53,brandimarte_mk06,LRT_MMUR,42,14166.67,15,BotSpine_Seg2,SpineAisle,West,160,0,0.00,0.00,0.0000
2026-05-30 23:57:53,brandimarte_mk06,LRT_MMUR,42,14166.67,16,BotSpine_Seg3,SpineAisle,West,160,0,0.00,0.00,0.0000
2026-05-30 23:57:53,brandimarte_mk06,LRT_MMUR,42,14166.67,17,BotSpine_Seg4,SpineAisle,West,160,0,0.00,0.00,0.0000
2026-05-30 23:57:53,brandimarte_mk06,LRT_MMUR,42,14166.67,18,LeftVert_TopConn,VerticalAisle,North,10,0,0.00,0.00,0.0000
2026-05-30 23:57:53,brandimarte_mk06,LRT_MMUR,42,14166.67,19,LeftVert_Row0,VerticalAisle,North,221,735,191.12,0.26,0.7688
2026-05-30 23:57:53,brandimarte_mk06,LRT_MMUR,42,14166.67,20,LeftVert_Row1,VerticalAisle,North,221,39,10.14,0.26,0.1500
2026-05-30 23:57:53,brandimarte_mk06,LRT_MMUR,42,14166.67,21,LeftVert_BotConn,VerticalAisle,North,160,163,42.38,0.26,0.5046
2026-05-30 23:57:53,brandimarte_mk06,LRT_MMUR,42,14166.67,22,RightVert_TopConn,VerticalAisle,South,10,0,0.00,0.00,0.0000
2026-05-30 23:57:53,brandimarte_mk06,LRT_MMUR,42,14166.67,23,RightVert_Row0,VerticalAisle,South,221,0,0.00,0.00,0.0000
2026-05-30 23:57:53,brandimarte_mk06,LRT_MMUR,42,14166.67,24,RightVert_Row1,VerticalAisle,South,221,0,0.00,0.00,0.0000
2026-05-30 23:57:53,brandimarte_mk06,LRT_MMUR,42,14166.67,25,RightVert_BotConn,VerticalAisle,South,160,5,1.30,0.26,0.0303
2026-05-31 00:03:40,brandimarte_mk06,LRT_MMUR,43,14166.67,0,RowAisle0_Seg0,RowAisle,East,211,35,9.09,0.26,0.1423
2026-05-31 00:03:40,brandimarte_mk06,LRT_MMUR,43,14166.67,1,RowAisle0_Seg1,RowAisle,East,211,108,28.06,0.26,0.3386
2026-05-31 00:03:40,brandimarte_mk06,LRT_MMUR,43,14166.67,2,RowAisle0_Seg2,RowAisle,East,211,0,0.00,0.00,0.0000
2026-05-31 00:03:40,brandimarte_mk06,LRT_MMUR,43,14166.67,3,RowAisle0_Seg3,RowAisle,East,211,0,0.00,0.00,0.0000
2026-05-31 00:03:40,brandimarte_mk06,LRT_MMUR,43,14166.67,4,RowAisle1_Seg0,RowAisle,West,61,0,0.00,0.00,0.0000
2026-05-31 00:03:40,brandimarte_mk06,LRT_MMUR,43,14166.67,5,RowAisle1_Seg1,RowAisle,West,61,0,0.00,0.00,0.0000
2026-05-31 00:03:40,brandimarte_mk06,LRT_MMUR,43,14166.67,6,RowAisle1_Seg2,RowAisle,West,61,0,0.00,0.00,0.0000
2026-05-31 00:03:40,brandimarte_mk06,LRT_MMUR,43,14166.67,7,RowAisle1_Seg3,RowAisle,West,61,0,0.00,0.00,0.0000
2026-05-31 00:03:40,brandimarte_mk06,LRT_MMUR,43,14166.67,8,TopSpine_Seg0,SpineAisle,East,10,0,0.00,0.00,0.0000
2026-05-31 00:03:40,brandimarte_mk06,LRT_MMUR,43,14166.67,9,TopSpine_Seg1,SpineAisle,East,10,0,0.00,0.00,0.0000
2026-05-31 00:03:40,brandimarte_mk06,LRT_MMUR,43,14166.67,10,TopSpine_Seg2,SpineAisle,East,10,0,0.00,0.00,0.0000
2026-05-31 00:03:40,brandimarte_mk06,LRT_MMUR,43,14166.67,11,TopSpine_Seg3,SpineAisle,East,10,0,0.00,0.00,0.0000
2026-05-31 00:03:40,brandimarte_mk06,LRT_MMUR,43,14166.67,12,TopSpine_Seg4,SpineAisle,East,10,0,0.00,0.00,0.0000
2026-05-31 00:03:40,brandimarte_mk06,LRT_MMUR,43,14166.67,13,BotSpine_Seg0,SpineAisle,West,160,0,0.00,0.00,0.0000
2026-05-31 00:03:40,brandimarte_mk06,LRT_MMUR,43,14166.67,14,BotSpine_Seg1,SpineAisle,West,160,0,0.00,0.00,0.0000
2026-05-31 00:03:40,brandimarte_mk06,LRT_MMUR,43,14166.67,15,BotSpine_Seg2,SpineAisle,West,160,0,0.00,0.00,0.0000
2026-05-31 00:03:40,brandimarte_mk06,LRT_MMUR,43,14166.67,16,BotSpine_Seg3,SpineAisle,West,160,0,0.00,0.00,0.0000
2026-05-31 00:03:40,brandimarte_mk06,LRT_MMUR,43,14166.67,17,BotSpine_Seg4,SpineAisle,West,160,0,0.00,0.00,0.0000
2026-05-31 00:03:40,brandimarte_mk06,LRT_MMUR,43,14166.67,18,LeftVert_TopConn,VerticalAisle,North,10,0,0.00,0.00,0.0000
2026-05-31 00:03:40,brandimarte_mk06,LRT_MMUR,43,14166.67,19,LeftVert_Row0,VerticalAisle,North,221,734,190.84,0.26,0.7686
2026-05-31 00:03:40,brandimarte_mk06,LRT_MMUR,43,14166.67,20,LeftVert_Row1,VerticalAisle,North,221,39,10.13,0.26,0.1500
2026-05-31 00:03:40,brandimarte_mk06,LRT_MMUR,43,14166.67,21,LeftVert_BotConn,VerticalAisle,North,160,163,42.38,0.26,0.5046
2026-05-31 00:03:40,brandimarte_mk06,LRT_MMUR,43,14166.67,22,RightVert_TopConn,VerticalAisle,South,10,0,0.00,0.00,0.0000
2026-05-31 00:03:40,brandimarte_mk06,LRT_MMUR,43,14166.67,23,RightVert_Row0,VerticalAisle,South,221,0,0.00,0.00,0.0000
2026-05-31 00:03:40,brandimarte_mk06,LRT_MMUR,43,14166.67,24,RightVert_Row1,VerticalAisle,South,221,0,0.00,0.00,0.0000
2026-05-31 00:03:40,brandimarte_mk06,LRT_MMUR,43,14166.67,25,RightVert_BotConn,VerticalAisle,South,160,5,1.30,0.26,0.0303
2026-05-31 00:09:26,brandimarte_mk06,LRT_MMUR,44,14166.67,0,RowAisle0_Seg0,RowAisle,East,211,35,9.10,0.26,0.1423
2026-05-31 00:09:26,brandimarte_mk06,LRT_MMUR,44,14166.67,1,RowAisle0_Seg1,RowAisle,East,211,107,27.82,0.26,0.3365
2026-05-31 00:09:26,brandimarte_mk06,LRT_MMUR,44,14166.67,2,RowAisle0_Seg2,RowAisle,East,211,0,0.00,0.00,0.0000
2026-05-31 00:09:26,brandimarte_mk06,LRT_MMUR,44,14166.67,3,RowAisle0_Seg3,RowAisle,East,211,0,0.00,0.00,0.0000
2026-05-31 00:09:26,brandimarte_mk06,LRT_MMUR,44,14166.67,4,RowAisle1_Seg0,RowAisle,West,61,0,0.00,0.00,0.0000
2026-05-31 00:09:26,brandimarte_mk06,LRT_MMUR,44,14166.67,5,RowAisle1_Seg1,RowAisle,West,61,0,0.00,0.00,0.0000
2026-05-31 00:09:26,brandimarte_mk06,LRT_MMUR,44,14166.67,6,RowAisle1_Seg2,RowAisle,West,61,0,0.00,0.00,0.0000
2026-05-31 00:09:26,brandimarte_mk06,LRT_MMUR,44,14166.67,7,RowAisle1_Seg3,RowAisle,West,61,0,0.00,0.00,0.0000
2026-05-31 00:09:26,brandimarte_mk06,LRT_MMUR,44,14166.67,8,TopSpine_Seg0,SpineAisle,East,10,0,0.00,0.00,0.0000
2026-05-31 00:09:26,brandimarte_mk06,LRT_MMUR,44,14166.67,9,TopSpine_Seg1,SpineAisle,East,10,0,0.00,0.00,0.0000
2026-05-31 00:09:26,brandimarte_mk06,LRT_MMUR,44,14166.67,10,TopSpine_Seg2,SpineAisle,East,10,0,0.00,0.00,0.0000
2026-05-31 00:09:26,brandimarte_mk06,LRT_MMUR,44,14166.67,11,TopSpine_Seg3,SpineAisle,East,10,0,0.00,0.00,0.0000
2026-05-31 00:09:26,brandimarte_mk06,LRT_MMUR,44,14166.67,12,TopSpine_Seg4,SpineAisle,East,10,0,0.00,0.00,0.0000
2026-05-31 00:09:26,brandimarte_mk06,LRT_MMUR,44,14166.67,13,BotSpine_Seg0,SpineAisle,West,160,0,0.00,0.00,0.0000
2026-05-31 00:09:26,brandimarte_mk06,LRT_MMUR,44,14166.67,14,BotSpine_Seg1,SpineAisle,West,160,0,0.00,0.00,0.0000
2026-05-31 00:09:26,brandimarte_mk06,LRT_MMUR,44,14166.67,15,BotSpine_Seg2,SpineAisle,West,160,0,0.00,0.00,0.0000
2026-05-31 00:09:26,brandimarte_mk06,LRT_MMUR,44,14166.67,16,BotSpine_Seg3,SpineAisle,West,160,0,0.00,0.00,0.0000
2026-05-31 00:09:26,brandimarte_mk06,LRT_MMUR,44,14166.67,17,BotSpine_Seg4,SpineAisle,West,160,0,0.00,0.00,0.0000
2026-05-31 00:09:26,brandimarte_mk06,LRT_MMUR,44,14166.67,18,LeftVert_TopConn,VerticalAisle,North,10,0,0.00,0.00,0.0000
2026-05-31 00:09:26,brandimarte_mk06,LRT_MMUR,44,14166.67,19,LeftVert_Row0,VerticalAisle,North,221,736,191.20,0.26,0.7691
2026-05-31 00:09:26,brandimarte_mk06,LRT_MMUR,44,14166.67,20,LeftVert_Row1,VerticalAisle,North,221,39,10.14,0.26,0.1500
2026-05-31 00:09:26,brandimarte_mk06,LRT_MMUR,44,14166.67,21,LeftVert_BotConn,VerticalAisle,North,160,164,42.38,0.26,0.5062
2026-05-31 00:09:26,brandimarte_mk06,LRT_MMUR,44,14166.67,22,RightVert_TopConn,VerticalAisle,South,10,0,0.00,0.00,0.0000
2026-05-31 00:09:26,brandimarte_mk06,LRT_MMUR,44,14166.67,23,RightVert_Row0,VerticalAisle,South,221,0,0.00,0.00,0.0000
2026-05-31 00:09:26,brandimarte_mk06,LRT_MMUR,44,14166.67,24,RightVert_Row1,VerticalAisle,South,221,0,0.00,0.00,0.0000
2026-05-31 00:09:26,brandimarte_mk06,LRT_MMUR,44,14166.67,25,RightVert_BotConn,VerticalAisle,South,160,5,1.25,0.25,0.0303
2026-05-31 00:16:25,brandimarte_mk07,LRT_MMUR,42,17066.67,0,RowAisle0_Seg0,RowAisle,East,128,109,27.25,0.25,0.4599
2026-05-31 00:16:25,brandimarte_mk07,LRT_MMUR,42,17066.67,1,RowAisle0_Seg1,RowAisle,East,128,0,0.00,0.00,0.0000
2026-05-31 00:16:25,brandimarte_mk07,LRT_MMUR,42,17066.67,2,RowAisle0_Seg2,RowAisle,East,128,0,0.00,0.00,0.0000
2026-05-31 00:16:25,brandimarte_mk07,LRT_MMUR,42,17066.67,3,TopSpine_Seg0,SpineAisle,East,20,0,0.00,0.00,0.0000
2026-05-31 00:16:25,brandimarte_mk07,LRT_MMUR,42,17066.67,4,TopSpine_Seg1,SpineAisle,East,20,0,0.00,0.00,0.0000
2026-05-31 00:16:25,brandimarte_mk07,LRT_MMUR,42,17066.67,5,TopSpine_Seg2,SpineAisle,East,20,0,0.00,0.00,0.0000
2026-05-31 00:16:25,brandimarte_mk07,LRT_MMUR,42,17066.67,6,TopSpine_Seg3,SpineAisle,East,20,0,0.00,0.00,0.0000
2026-05-31 00:16:25,brandimarte_mk07,LRT_MMUR,42,17066.67,7,BotSpine_Seg0,SpineAisle,West,148,0,0.00,0.00,0.0000
2026-05-31 00:16:25,brandimarte_mk07,LRT_MMUR,42,17066.67,8,BotSpine_Seg1,SpineAisle,West,148,0,0.00,0.00,0.0000
2026-05-31 00:16:25,brandimarte_mk07,LRT_MMUR,42,17066.67,9,BotSpine_Seg2,SpineAisle,West,148,0,0.00,0.00,0.0000
2026-05-31 00:16:25,brandimarte_mk07,LRT_MMUR,42,17066.67,10,BotSpine_Seg3,SpineAisle,West,148,0,0.00,0.00,0.0000
2026-05-31 00:16:25,brandimarte_mk07,LRT_MMUR,42,17066.67,11,LeftVert_TopConn,VerticalAisle,North,20,0,0.00,0.00,0.0000
2026-05-31 00:16:25,brandimarte_mk07,LRT_MMUR,42,17066.67,12,LeftVert_Row0,VerticalAisle,North,148,121,30.25,0.25,0.4498
2026-05-31 00:16:25,brandimarte_mk07,LRT_MMUR,42,17066.67,13,LeftVert_BotConn,VerticalAisle,North,148,52,13.02,0.25,0.2600
2026-05-31 00:16:25,brandimarte_mk07,LRT_MMUR,42,17066.67,14,RightVert_TopConn,VerticalAisle,South,20,0,0.00,0.00,0.0000
2026-05-31 00:16:25,brandimarte_mk07,LRT_MMUR,42,17066.67,15,RightVert_Row0,VerticalAisle,South,148,0,0.00,0.00,0.0000
2026-05-31 00:16:25,brandimarte_mk07,LRT_MMUR,42,17066.67,16,RightVert_BotConn,VerticalAisle,South,148,0,0.00,0.00,0.0000
2026-05-31 00:23:23,brandimarte_mk07,LRT_MMUR,43,17066.67,0,RowAisle0_Seg0,RowAisle,East,128,109,27.25,0.25,0.4599
2026-05-31 00:23:23,brandimarte_mk07,LRT_MMUR,43,17066.67,1,RowAisle0_Seg1,RowAisle,East,128,0,0.00,0.00,0.0000
2026-05-31 00:23:23,brandimarte_mk07,LRT_MMUR,43,17066.67,2,RowAisle0_Seg2,RowAisle,East,128,0,0.00,0.00,0.0000
2026-05-31 00:23:23,brandimarte_mk07,LRT_MMUR,43,17066.67,3,TopSpine_Seg0,SpineAisle,East,20,0,0.00,0.00,0.0000
2026-05-31 00:23:23,brandimarte_mk07,LRT_MMUR,43,17066.67,4,TopSpine_Seg1,SpineAisle,East,20,0,0.00,0.00,0.0000
2026-05-31 00:23:23,brandimarte_mk07,LRT_MMUR,43,17066.67,5,TopSpine_Seg2,SpineAisle,East,20,0,0.00,0.00,0.0000
2026-05-31 00:23:23,brandimarte_mk07,LRT_MMUR,43,17066.67,6,TopSpine_Seg3,SpineAisle,East,20,0,0.00,0.00,0.0000
2026-05-31 00:23:23,brandimarte_mk07,LRT_MMUR,43,17066.67,7,BotSpine_Seg0,SpineAisle,West,148,0,0.00,0.00,0.0000
2026-05-31 00:23:23,brandimarte_mk07,LRT_MMUR,43,17066.67,8,BotSpine_Seg1,SpineAisle,West,148,0,0.00,0.00,0.0000
2026-05-31 00:23:23,brandimarte_mk07,LRT_MMUR,43,17066.67,9,BotSpine_Seg2,SpineAisle,West,148,0,0.00,0.00,0.0000
2026-05-31 00:23:23,brandimarte_mk07,LRT_MMUR,43,17066.67,10,BotSpine_Seg3,SpineAisle,West,148,0,0.00,0.00,0.0000
2026-05-31 00:23:23,brandimarte_mk07,LRT_MMUR,43,17066.67,11,LeftVert_TopConn,VerticalAisle,North,20,0,0.00,0.00,0.0000
2026-05-31 00:23:23,brandimarte_mk07,LRT_MMUR,43,17066.67,12,LeftVert_Row0,VerticalAisle,North,148,121,30.30,0.25,0.4498
2026-05-31 00:23:23,brandimarte_mk07,LRT_MMUR,43,17066.67,13,LeftVert_BotConn,VerticalAisle,North,148,52,13.02,0.25,0.2600
2026-05-31 00:23:23,brandimarte_mk07,LRT_MMUR,43,17066.67,14,RightVert_TopConn,VerticalAisle,South,20,0,0.00,0.00,0.0000
2026-05-31 00:23:23,brandimarte_mk07,LRT_MMUR,43,17066.67,15,RightVert_Row0,VerticalAisle,South,148,0,0.00,0.00,0.0000
2026-05-31 00:23:23,brandimarte_mk07,LRT_MMUR,43,17066.67,16,RightVert_BotConn,VerticalAisle,South,148,0,0.00,0.00,0.0000
2026-05-31 00:30:21,brandimarte_mk07,LRT_MMUR,44,17066.67,0,RowAisle0_Seg0,RowAisle,East,128,109,27.25,0.25,0.4599
2026-05-31 00:30:21,brandimarte_mk07,LRT_MMUR,44,17066.67,1,RowAisle0_Seg1,RowAisle,East,128,0,0.00,0.00,0.0000
2026-05-31 00:30:21,brandimarte_mk07,LRT_MMUR,44,17066.67,2,RowAisle0_Seg2,RowAisle,East,128,0,0.00,0.00,0.0000
2026-05-31 00:30:21,brandimarte_mk07,LRT_MMUR,44,17066.67,3,TopSpine_Seg0,SpineAisle,East,20,0,0.00,0.00,0.0000
2026-05-31 00:30:21,brandimarte_mk07,LRT_MMUR,44,17066.67,4,TopSpine_Seg1,SpineAisle,East,20,0,0.00,0.00,0.0000
2026-05-31 00:30:21,brandimarte_mk07,LRT_MMUR,44,17066.67,5,TopSpine_Seg2,SpineAisle,East,20,0,0.00,0.00,0.0000
2026-05-31 00:30:21,brandimarte_mk07,LRT_MMUR,44,17066.67,6,TopSpine_Seg3,SpineAisle,East,20,0,0.00,0.00,0.0000
2026-05-31 00:30:21,brandimarte_mk07,LRT_MMUR,44,17066.67,7,BotSpine_Seg0,SpineAisle,West,148,0,0.00,0.00,0.0000
2026-05-31 00:30:21,brandimarte_mk07,LRT_MMUR,44,17066.67,8,BotSpine_Seg1,SpineAisle,West,148,0,0.00,0.00,0.0000
2026-05-31 00:30:21,brandimarte_mk07,LRT_MMUR,44,17066.67,9,BotSpine_Seg2,SpineAisle,West,148,0,0.00,0.00,0.0000
2026-05-31 00:30:21,brandimarte_mk07,LRT_MMUR,44,17066.67,10,BotSpine_Seg3,SpineAisle,West,148,0,0.00,0.00,0.0000
2026-05-31 00:30:21,brandimarte_mk07,LRT_MMUR,44,17066.67,11,LeftVert_TopConn,VerticalAisle,North,20,0,0.00,0.00,0.0000
2026-05-31 00:30:21,brandimarte_mk07,LRT_MMUR,44,17066.67,12,LeftVert_Row0,VerticalAisle,North,148,120,30.06,0.25,0.4478
2026-05-31 00:30:21,brandimarte_mk07,LRT_MMUR,44,17066.67,13,LeftVert_BotConn,VerticalAisle,North,148,52,13.02,0.25,0.2600
2026-05-31 00:30:21,brandimarte_mk07,LRT_MMUR,44,17066.67,14,RightVert_TopConn,VerticalAisle,South,20,0,0.00,0.00,0.0000
2026-05-31 00:30:21,brandimarte_mk07,LRT_MMUR,44,17066.67,15,RightVert_Row0,VerticalAisle,South,148,0,0.00,0.00,0.0000
2026-05-31 00:30:21,brandimarte_mk07,LRT_MMUR,44,17066.67,16,RightVert_BotConn,VerticalAisle,South,148,0,0.00,0.00,0.0000
2026-05-31 00:40:44,brandimarte_mk10,LRT_MMUR,42,25100.02,0,RowAisle0_Seg0,RowAisle,East,407,95,23.77,0.25,0.1892
2026-05-31 00:40:44,brandimarte_mk10,LRT_MMUR,42,25100.02,1,RowAisle0_Seg1,RowAisle,East,407,194,48.50,0.25,0.3228
2026-05-31 00:40:44,brandimarte_mk10,LRT_MMUR,42,25100.02,2,RowAisle0_Seg2,RowAisle,East,407,0,0.00,0.00,0.0000
2026-05-31 00:40:44,brandimarte_mk10,LRT_MMUR,42,25100.02,3,RowAisle0_Seg3,RowAisle,East,407,0,0.00,0.00,0.0000
2026-05-31 00:40:44,brandimarte_mk10,LRT_MMUR,42,25100.02,4,RowAisle1_Seg0,RowAisle,West,167,36,9.09,0.25,0.1773
2026-05-31 00:40:44,brandimarte_mk10,LRT_MMUR,42,25100.02,5,RowAisle1_Seg1,RowAisle,West,167,188,47.06,0.25,0.5296
2026-05-31 00:40:44,brandimarte_mk10,LRT_MMUR,42,25100.02,6,RowAisle1_Seg2,RowAisle,West,167,0,0.00,0.00,0.0000
2026-05-31 00:40:44,brandimarte_mk10,LRT_MMUR,42,25100.02,7,RowAisle1_Seg3,RowAisle,West,167,0,0.00,0.00,0.0000
2026-05-31 00:40:44,brandimarte_mk10,LRT_MMUR,42,25100.02,8,RowAisle2_Seg0,RowAisle,East,2,0,0.00,0.00,0.0000
2026-05-31 00:40:44,brandimarte_mk10,LRT_MMUR,42,25100.02,9,RowAisle2_Seg1,RowAisle,East,2,0,0.00,0.00,0.0000
2026-05-31 00:40:44,brandimarte_mk10,LRT_MMUR,42,25100.02,10,RowAisle2_Seg2,RowAisle,East,2,0,0.00,0.00,0.0000
2026-05-31 00:40:44,brandimarte_mk10,LRT_MMUR,42,25100.02,11,RowAisle2_Seg3,RowAisle,East,2,0,0.00,0.00,0.0000
2026-05-31 00:40:44,brandimarte_mk10,LRT_MMUR,42,25100.02,12,TopSpine_Seg0,SpineAisle,East,20,0,0.00,0.00,0.0000
2026-05-31 00:40:44,brandimarte_mk10,LRT_MMUR,42,25100.02,13,TopSpine_Seg1,SpineAisle,East,20,0,0.00,0.00,0.0000
2026-05-31 00:40:44,brandimarte_mk10,LRT_MMUR,42,25100.02,14,TopSpine_Seg2,SpineAisle,East,20,0,0.00,0.00,0.0000
2026-05-31 00:40:44,brandimarte_mk10,LRT_MMUR,42,25100.02,15,TopSpine_Seg3,SpineAisle,East,20,0,0.00,0.00,0.0000
2026-05-31 00:40:44,brandimarte_mk10,LRT_MMUR,42,25100.02,16,TopSpine_Seg4,SpineAisle,East,20,0,0.00,0.00,0.0000
2026-05-31 00:40:44,brandimarte_mk10,LRT_MMUR,42,25100.02,17,BotSpine_Seg0,SpineAisle,West,261,0,0.00,0.00,0.0000
2026-05-31 00:40:44,brandimarte_mk10,LRT_MMUR,42,25100.02,18,BotSpine_Seg1,SpineAisle,West,262,0,0.00,0.00,0.0000
2026-05-31 00:40:44,brandimarte_mk10,LRT_MMUR,42,25100.02,19,BotSpine_Seg2,SpineAisle,West,262,0,0.00,0.00,0.0000
2026-05-31 00:40:44,brandimarte_mk10,LRT_MMUR,42,25100.02,20,BotSpine_Seg3,SpineAisle,West,262,0,0.00,0.00,0.0000
2026-05-31 00:40:44,brandimarte_mk10,LRT_MMUR,42,25100.02,21,BotSpine_Seg4,SpineAisle,West,262,0,0.00,0.00,0.0000
2026-05-31 00:40:44,brandimarte_mk10,LRT_MMUR,42,25100.02,22,LeftVert_TopConn,VerticalAisle,North,20,0,0.00,0.00,0.0000
2026-05-31 00:40:44,brandimarte_mk10,LRT_MMUR,42,25100.02,23,LeftVert_Row0,VerticalAisle,North,427,599,149.86,0.25,0.5838
2026-05-31 00:40:44,brandimarte_mk10,LRT_MMUR,42,25100.02,24,LeftVert_Row1,VerticalAisle,North,427,270,67.53,0.25,0.3874
2026-05-31 00:40:44,brandimarte_mk10,LRT_MMUR,42,25100.02,25,LeftVert_Row2,VerticalAisle,North,262,50,12.58,0.25,0.1603
2026-05-31 00:40:44,brandimarte_mk10,LRT_MMUR,42,25100.02,26,LeftVert_BotConn,VerticalAisle,North,262,446,111.56,0.25,0.6299
2026-05-31 00:40:44,brandimarte_mk10,LRT_MMUR,42,25100.02,27,RightVert_TopConn,VerticalAisle,South,20,0,0.00,0.00,0.0000
2026-05-31 00:40:44,brandimarte_mk10,LRT_MMUR,42,25100.02,28,RightVert_Row0,VerticalAisle,South,427,6,1.53,0.26,0.0139
2026-05-31 00:40:44,brandimarte_mk10,LRT_MMUR,42,25100.02,29,RightVert_Row1,VerticalAisle,South,427,24,6.02,0.25,0.0532
2026-05-31 00:40:44,brandimarte_mk10,LRT_MMUR,42,25100.02,30,RightVert_Row2,VerticalAisle,South,262,0,0.00,0.00,0.0000
2026-05-31 00:40:44,brandimarte_mk10,LRT_MMUR,42,25100.02,31,RightVert_BotConn,VerticalAisle,South,262,0,0.00,0.00,0.0000
2026-05-31 00:51:10,brandimarte_mk10,LRT_MMUR,43,25100.00,0,RowAisle0_Seg0,RowAisle,East,407,95,23.86,0.25,0.1892
2026-05-31 00:51:10,brandimarte_mk10,LRT_MMUR,43,25100.00,1,RowAisle0_Seg1,RowAisle,East,407,195,48.80,0.25,0.3239
2026-05-31 00:51:10,brandimarte_mk10,LRT_MMUR,43,25100.00,2,RowAisle0_Seg2,RowAisle,East,407,0,0.00,0.00,0.0000
2026-05-31 00:51:10,brandimarte_mk10,LRT_MMUR,43,25100.00,3,RowAisle0_Seg3,RowAisle,East,407,0,0.00,0.00,0.0000
2026-05-31 00:51:10,brandimarte_mk10,LRT_MMUR,43,25100.00,4,RowAisle1_Seg0,RowAisle,West,167,36,9.11,0.25,0.1773
2026-05-31 00:51:10,brandimarte_mk10,LRT_MMUR,43,25100.00,5,RowAisle1_Seg1,RowAisle,West,167,188,47.08,0.25,0.5296
2026-05-31 00:51:10,brandimarte_mk10,LRT_MMUR,43,25100.00,6,RowAisle1_Seg2,RowAisle,West,167,0,0.00,0.00,0.0000
2026-05-31 00:51:10,brandimarte_mk10,LRT_MMUR,43,25100.00,7,RowAisle1_Seg3,RowAisle,West,167,0,0.00,0.00,0.0000
2026-05-31 00:51:10,brandimarte_mk10,LRT_MMUR,43,25100.00,8,RowAisle2_Seg0,RowAisle,East,2,0,0.00,0.00,0.0000
2026-05-31 00:51:10,brandimarte_mk10,LRT_MMUR,43,25100.00,9,RowAisle2_Seg1,RowAisle,East,2,0,0.00,0.00,0.0000
2026-05-31 00:51:10,brandimarte_mk10,LRT_MMUR,43,25100.00,10,RowAisle2_Seg2,RowAisle,East,2,0,0.00,0.00,0.0000
2026-05-31 00:51:10,brandimarte_mk10,LRT_MMUR,43,25100.00,11,RowAisle2_Seg3,RowAisle,East,2,0,0.00,0.00,0.0000
2026-05-31 00:51:10,brandimarte_mk10,LRT_MMUR,43,25100.00,12,TopSpine_Seg0,SpineAisle,East,20,0,0.00,0.00,0.0000
2026-05-31 00:51:10,brandimarte_mk10,LRT_MMUR,43,25100.00,13,TopSpine_Seg1,SpineAisle,East,20,0,0.00,0.00,0.0000
2026-05-31 00:51:10,brandimarte_mk10,LRT_MMUR,43,25100.00,14,TopSpine_Seg2,SpineAisle,East,20,0,0.00,0.00,0.0000
2026-05-31 00:51:10,brandimarte_mk10,LRT_MMUR,43,25100.00,15,TopSpine_Seg3,SpineAisle,East,20,0,0.00,0.00,0.0000
2026-05-31 00:51:10,brandimarte_mk10,LRT_MMUR,43,25100.00,16,TopSpine_Seg4,SpineAisle,East,20,0,0.00,0.00,0.0000
2026-05-31 00:51:10,brandimarte_mk10,LRT_MMUR,43,25100.00,17,BotSpine_Seg0,SpineAisle,West,261,0,0.00,0.00,0.0000
2026-05-31 00:51:10,brandimarte_mk10,LRT_MMUR,43,25100.00,18,BotSpine_Seg1,SpineAisle,West,262,0,0.00,0.00,0.0000
2026-05-31 00:51:10,brandimarte_mk10,LRT_MMUR,43,25100.00,19,BotSpine_Seg2,SpineAisle,West,262,0,0.00,0.00,0.0000
2026-05-31 00:51:10,brandimarte_mk10,LRT_MMUR,43,25100.00,20,BotSpine_Seg3,SpineAisle,West,262,0,0.00,0.00,0.0000
2026-05-31 00:51:10,brandimarte_mk10,LRT_MMUR,43,25100.00,21,BotSpine_Seg4,SpineAisle,West,262,0,0.00,0.00,0.0000
2026-05-31 00:51:10,brandimarte_mk10,LRT_MMUR,43,25100.00,22,LeftVert_TopConn,VerticalAisle,North,20,0,0.00,0.00,0.0000
2026-05-31 00:51:10,brandimarte_mk10,LRT_MMUR,43,25100.00,23,LeftVert_Row0,VerticalAisle,North,427,600,150.08,0.25,0.5842
2026-05-31 00:51:10,brandimarte_mk10,LRT_MMUR,43,25100.00,24,LeftVert_Row1,VerticalAisle,North,427,270,67.63,0.25,0.3874
2026-05-31 00:51:10,brandimarte_mk10,LRT_MMUR,43,25100.00,25,LeftVert_Row2,VerticalAisle,North,262,50,12.58,0.25,0.1603
2026-05-31 00:51:10,brandimarte_mk10,LRT_MMUR,43,25100.00,26,LeftVert_BotConn,VerticalAisle,North,262,446,111.58,0.25,0.6299
2026-05-31 00:51:10,brandimarte_mk10,LRT_MMUR,43,25100.00,27,RightVert_TopConn,VerticalAisle,South,20,0,0.00,0.00,0.0000
2026-05-31 00:51:10,brandimarte_mk10,LRT_MMUR,43,25100.00,28,RightVert_Row0,VerticalAisle,South,427,5,1.27,0.25,0.0116
2026-05-31 00:51:10,brandimarte_mk10,LRT_MMUR,43,25100.00,29,RightVert_Row1,VerticalAisle,South,427,23,5.78,0.25,0.0511
2026-05-31 00:51:10,brandimarte_mk10,LRT_MMUR,43,25100.00,30,RightVert_Row2,VerticalAisle,South,262,0,0.00,0.00,0.0000
2026-05-31 00:51:10,brandimarte_mk10,LRT_MMUR,43,25100.00,31,RightVert_BotConn,VerticalAisle,South,262,0,0.00,0.00,0.0000
2026-05-31 01:01:36,brandimarte_mk10,LRT_MMUR,44,25100.02,0,RowAisle0_Seg0,RowAisle,East,407,96,24.08,0.25,0.1909
2026-05-31 01:01:36,brandimarte_mk10,LRT_MMUR,44,25100.02,1,RowAisle0_Seg1,RowAisle,East,407,195,48.78,0.25,0.3239
2026-05-31 01:01:36,brandimarte_mk10,LRT_MMUR,44,25100.02,2,RowAisle0_Seg2,RowAisle,East,407,0,0.00,0.00,0.0000
2026-05-31 01:01:36,brandimarte_mk10,LRT_MMUR,44,25100.02,3,RowAisle0_Seg3,RowAisle,East,407,0,0.00,0.00,0.0000
2026-05-31 01:01:36,brandimarte_mk10,LRT_MMUR,44,25100.02,4,RowAisle1_Seg0,RowAisle,West,167,36,9.06,0.25,0.1773
2026-05-31 01:01:36,brandimarte_mk10,LRT_MMUR,44,25100.02,5,RowAisle1_Seg1,RowAisle,West,167,188,47.06,0.25,0.5296
2026-05-31 01:01:36,brandimarte_mk10,LRT_MMUR,44,25100.02,6,RowAisle1_Seg2,RowAisle,West,167,0,0.00,0.00,0.0000
2026-05-31 01:01:36,brandimarte_mk10,LRT_MMUR,44,25100.02,7,RowAisle1_Seg3,RowAisle,West,167,0,0.00,0.00,0.0000
2026-05-31 01:01:36,brandimarte_mk10,LRT_MMUR,44,25100.02,8,RowAisle2_Seg0,RowAisle,East,2,0,0.00,0.00,0.0000
2026-05-31 01:01:36,brandimarte_mk10,LRT_MMUR,44,25100.02,9,RowAisle2_Seg1,RowAisle,East,2,0,0.00,0.00,0.0000
2026-05-31 01:01:36,brandimarte_mk10,LRT_MMUR,44,25100.02,10,RowAisle2_Seg2,RowAisle,East,2,0,0.00,0.00,0.0000
2026-05-31 01:01:36,brandimarte_mk10,LRT_MMUR,44,25100.02,11,RowAisle2_Seg3,RowAisle,East,2,0,0.00,0.00,0.0000
2026-05-31 01:01:36,brandimarte_mk10,LRT_MMUR,44,25100.02,12,TopSpine_Seg0,SpineAisle,East,20,0,0.00,0.00,0.0000
2026-05-31 01:01:36,brandimarte_mk10,LRT_MMUR,44,25100.02,13,TopSpine_Seg1,SpineAisle,East,20,0,0.00,0.00,0.0000
2026-05-31 01:01:36,brandimarte_mk10,LRT_MMUR,44,25100.02,14,TopSpine_Seg2,SpineAisle,East,20,0,0.00,0.00,0.0000
2026-05-31 01:01:36,brandimarte_mk10,LRT_MMUR,44,25100.02,15,TopSpine_Seg3,SpineAisle,East,20,0,0.00,0.00,0.0000
2026-05-31 01:01:36,brandimarte_mk10,LRT_MMUR,44,25100.02,16,TopSpine_Seg4,SpineAisle,East,20,0,0.00,0.00,0.0000
2026-05-31 01:01:36,brandimarte_mk10,LRT_MMUR,44,25100.02,17,BotSpine_Seg0,SpineAisle,West,261,0,0.00,0.00,0.0000
2026-05-31 01:01:36,brandimarte_mk10,LRT_MMUR,44,25100.02,18,BotSpine_Seg1,SpineAisle,West,262,0,0.00,0.00,0.0000
2026-05-31 01:01:36,brandimarte_mk10,LRT_MMUR,44,25100.02,19,BotSpine_Seg2,SpineAisle,West,262,0,0.00,0.00,0.0000
2026-05-31 01:01:36,brandimarte_mk10,LRT_MMUR,44,25100.02,20,BotSpine_Seg3,SpineAisle,West,262,0,0.00,0.00,0.0000
2026-05-31 01:01:36,brandimarte_mk10,LRT_MMUR,44,25100.02,21,BotSpine_Seg4,SpineAisle,West,262,0,0.00,0.00,0.0000
2026-05-31 01:01:36,brandimarte_mk10,LRT_MMUR,44,25100.02,22,LeftVert_TopConn,VerticalAisle,North,20,0,0.00,0.00,0.0000
2026-05-31 01:01:36,brandimarte_mk10,LRT_MMUR,44,25100.02,23,LeftVert_Row0,VerticalAisle,North,427,600,150.08,0.25,0.5842
2026-05-31 01:01:36,brandimarte_mk10,LRT_MMUR,44,25100.02,24,LeftVert_Row1,VerticalAisle,North,427,269,67.38,0.25,0.3865
2026-05-31 01:01:36,brandimarte_mk10,LRT_MMUR,44,25100.02,25,LeftVert_Row2,VerticalAisle,North,262,50,12.53,0.25,0.1603
2026-05-31 01:01:36,brandimarte_mk10,LRT_MMUR,44,25100.02,26,LeftVert_BotConn,VerticalAisle,North,262,446,111.58,0.25,0.6299
2026-05-31 01:01:36,brandimarte_mk10,LRT_MMUR,44,25100.02,27,RightVert_TopConn,VerticalAisle,South,20,0,0.00,0.00,0.0000
2026-05-31 01:01:36,brandimarte_mk10,LRT_MMUR,44,25100.02,28,RightVert_Row0,VerticalAisle,South,427,6,1.55,0.26,0.0139
2026-05-31 01:01:36,brandimarte_mk10,LRT_MMUR,44,25100.02,29,RightVert_Row1,VerticalAisle,South,427,24,6.02,0.25,0.0532
2026-05-31 01:01:36,brandimarte_mk10,LRT_MMUR,44,25100.02,30,RightVert_Row2,VerticalAisle,South,262,0,0.00,0.00,0.0000
2026-05-31 01:01:36,brandimarte_mk10,LRT_MMUR,44,25100.02,31,RightVert_BotConn,VerticalAisle,South,262,0,0.00,0.00,0.0000
2026-05-31 01:14:20,brandimarte_mk11,LRT_MMUR,42,31000.00,0,RowAisle0_Seg0,RowAisle,East,259,973,243.25,0.25,0.7898
2026-05-31 01:14:20,brandimarte_mk11,LRT_MMUR,42,31000.00,1,RowAisle0_Seg1,RowAisle,East,259,151,37.75,0.25,0.3683
2026-05-31 01:14:20,brandimarte_mk11,LRT_MMUR,42,31000.00,2,RowAisle0_Seg2,RowAisle,East,259,14,3.50,0.25,0.0513
2026-05-31 01:14:20,brandimarte_mk11,LRT_MMUR,42,31000.00,3,TopSpine_Seg0,SpineAisle,East,30,0,0.00,0.00,0.0000
2026-05-31 01:14:20,brandimarte_mk11,LRT_MMUR,42,31000.00,4,TopSpine_Seg1,SpineAisle,East,30,0,0.00,0.00,0.0000
2026-05-31 01:14:20,brandimarte_mk11,LRT_MMUR,42,31000.00,5,TopSpine_Seg2,SpineAisle,East,30,0,0.00,0.00,0.0000
2026-05-31 01:14:20,brandimarte_mk11,LRT_MMUR,42,31000.00,6,TopSpine_Seg3,SpineAisle,East,30,0,0.00,0.00,0.0000
2026-05-31 01:14:20,brandimarte_mk11,LRT_MMUR,42,31000.00,7,BotSpine_Seg0,SpineAisle,West,289,0,0.00,0.00,0.0000
2026-05-31 01:14:20,brandimarte_mk11,LRT_MMUR,42,31000.00,8,BotSpine_Seg1,SpineAisle,West,289,0,0.00,0.00,0.0000
2026-05-31 01:14:20,brandimarte_mk11,LRT_MMUR,42,31000.00,9,BotSpine_Seg2,SpineAisle,West,289,0,0.00,0.00,0.0000
2026-05-31 01:14:20,brandimarte_mk11,LRT_MMUR,42,31000.00,10,BotSpine_Seg3,SpineAisle,West,289,0,0.00,0.00,0.0000
2026-05-31 01:14:20,brandimarte_mk11,LRT_MMUR,42,31000.00,11,LeftVert_TopConn,VerticalAisle,North,30,0,0.00,0.00,0.0000
2026-05-31 01:14:20,brandimarte_mk11,LRT_MMUR,42,31000.00,12,LeftVert_Row0,VerticalAisle,North,289,1357,339.25,0.25,0.8244
2026-05-31 01:14:20,brandimarte_mk11,LRT_MMUR,42,31000.00,13,LeftVert_BotConn,VerticalAisle,North,289,1068,267.00,0.25,0.7870
2026-05-31 01:14:20,brandimarte_mk11,LRT_MMUR,42,31000.00,14,RightVert_TopConn,VerticalAisle,South,30,0,0.00,0.00,0.0000
2026-05-31 01:14:20,brandimarte_mk11,LRT_MMUR,42,31000.00,15,RightVert_Row0,VerticalAisle,South,289,0,0.00,0.00,0.0000
2026-05-31 01:14:20,brandimarte_mk11,LRT_MMUR,42,31000.00,16,RightVert_BotConn,VerticalAisle,South,289,5,1.25,0.25,0.0170
2026-05-31 01:27:03,brandimarte_mk11,LRT_MMUR,43,31000.00,0,RowAisle0_Seg0,RowAisle,East,259,972,243.00,0.25,0.7896
2026-05-31 01:27:03,brandimarte_mk11,LRT_MMUR,43,31000.00,1,RowAisle0_Seg1,RowAisle,East,259,149,37.25,0.25,0.3652
2026-05-31 01:27:03,brandimarte_mk11,LRT_MMUR,43,31000.00,2,RowAisle0_Seg2,RowAisle,East,259,17,4.25,0.25,0.0616
2026-05-31 01:27:03,brandimarte_mk11,LRT_MMUR,43,31000.00,3,TopSpine_Seg0,SpineAisle,East,30,0,0.00,0.00,0.0000
2026-05-31 01:27:03,brandimarte_mk11,LRT_MMUR,43,31000.00,4,TopSpine_Seg1,SpineAisle,East,30,0,0.00,0.00,0.0000
2026-05-31 01:27:03,brandimarte_mk11,LRT_MMUR,43,31000.00,5,TopSpine_Seg2,SpineAisle,East,30,0,0.00,0.00,0.0000
2026-05-31 01:27:03,brandimarte_mk11,LRT_MMUR,43,31000.00,6,TopSpine_Seg3,SpineAisle,East,30,0,0.00,0.00,0.0000
2026-05-31 01:27:03,brandimarte_mk11,LRT_MMUR,43,31000.00,7,BotSpine_Seg0,SpineAisle,West,289,0,0.00,0.00,0.0000
2026-05-31 01:27:03,brandimarte_mk11,LRT_MMUR,43,31000.00,8,BotSpine_Seg1,SpineAisle,West,289,0,0.00,0.00,0.0000
2026-05-31 01:27:03,brandimarte_mk11,LRT_MMUR,43,31000.00,9,BotSpine_Seg2,SpineAisle,West,289,0,0.00,0.00,0.0000
2026-05-31 01:27:03,brandimarte_mk11,LRT_MMUR,43,31000.00,10,BotSpine_Seg3,SpineAisle,West,289,0,0.00,0.00,0.0000
2026-05-31 01:27:03,brandimarte_mk11,LRT_MMUR,43,31000.00,11,LeftVert_TopConn,VerticalAisle,North,30,0,0.00,0.00,0.0000
2026-05-31 01:27:03,brandimarte_mk11,LRT_MMUR,43,31000.00,12,LeftVert_Row0,VerticalAisle,North,289,1357,339.25,0.25,0.8244
2026-05-31 01:27:03,brandimarte_mk11,LRT_MMUR,43,31000.00,13,LeftVert_BotConn,VerticalAisle,North,289,1068,267.00,0.25,0.7870
2026-05-31 01:27:03,brandimarte_mk11,LRT_MMUR,43,31000.00,14,RightVert_TopConn,VerticalAisle,South,30,0,0.00,0.00,0.0000
2026-05-31 01:27:03,brandimarte_mk11,LRT_MMUR,43,31000.00,15,RightVert_Row0,VerticalAisle,South,289,0,0.00,0.00,0.0000
2026-05-31 01:27:03,brandimarte_mk11,LRT_MMUR,43,31000.00,16,RightVert_BotConn,VerticalAisle,South,289,5,1.25,0.25,0.0170
2026-05-31 01:39:46,brandimarte_mk11,LRT_MMUR,44,31000.00,0,RowAisle0_Seg0,RowAisle,East,259,974,243.50,0.25,0.7899
2026-05-31 01:39:46,brandimarte_mk11,LRT_MMUR,44,31000.00,1,RowAisle0_Seg1,RowAisle,East,259,151,37.75,0.25,0.3683
2026-05-31 01:39:46,brandimarte_mk11,LRT_MMUR,44,31000.00,2,RowAisle0_Seg2,RowAisle,East,259,14,3.50,0.25,0.0513
2026-05-31 01:39:46,brandimarte_mk11,LRT_MMUR,44,31000.00,3,TopSpine_Seg0,SpineAisle,East,30,0,0.00,0.00,0.0000
2026-05-31 01:39:46,brandimarte_mk11,LRT_MMUR,44,31000.00,4,TopSpine_Seg1,SpineAisle,East,30,0,0.00,0.00,0.0000
2026-05-31 01:39:46,brandimarte_mk11,LRT_MMUR,44,31000.00,5,TopSpine_Seg2,SpineAisle,East,30,0,0.00,0.00,0.0000
2026-05-31 01:39:46,brandimarte_mk11,LRT_MMUR,44,31000.00,6,TopSpine_Seg3,SpineAisle,East,30,0,0.00,0.00,0.0000
2026-05-31 01:39:46,brandimarte_mk11,LRT_MMUR,44,31000.00,7,BotSpine_Seg0,SpineAisle,West,289,0,0.00,0.00,0.0000
2026-05-31 01:39:46,brandimarte_mk11,LRT_MMUR,44,31000.00,8,BotSpine_Seg1,SpineAisle,West,289,0,0.00,0.00,0.0000
2026-05-31 01:39:46,brandimarte_mk11,LRT_MMUR,44,31000.00,9,BotSpine_Seg2,SpineAisle,West,289,0,0.00,0.00,0.0000
2026-05-31 01:39:46,brandimarte_mk11,LRT_MMUR,44,31000.00,10,BotSpine_Seg3,SpineAisle,West,289,0,0.00,0.00,0.0000
2026-05-31 01:39:46,brandimarte_mk11,LRT_MMUR,44,31000.00,11,LeftVert_TopConn,VerticalAisle,North,30,0,0.00,0.00,0.0000
2026-05-31 01:39:46,brandimarte_mk11,LRT_MMUR,44,31000.00,12,LeftVert_Row0,VerticalAisle,North,289,1356,339.00,0.25,0.8243
2026-05-31 01:39:46,brandimarte_mk11,LRT_MMUR,44,31000.00,13,LeftVert_BotConn,VerticalAisle,North,289,1068,267.00,0.25,0.7870
2026-05-31 01:39:46,brandimarte_mk11,LRT_MMUR,44,31000.00,14,RightVert_TopConn,VerticalAisle,South,30,0,0.00,0.00,0.0000
2026-05-31 01:39:46,brandimarte_mk11,LRT_MMUR,44,31000.00,15,RightVert_Row0,VerticalAisle,South,289,0,0.00,0.00,0.0000
2026-05-31 01:39:46,brandimarte_mk11,LRT_MMUR,44,31000.00,16,RightVert_BotConn,VerticalAisle,South,289,4,1.00,0.25,0.0137
2026-05-31 02:01:12,brandimarte_mk13,LRT_MMUR,42,51833.34,0,RowAisle0_Seg0,RowAisle,East,328,738,184.50,0.25,0.6923
2026-05-31 02:01:12,brandimarte_mk13,LRT_MMUR,42,51833.34,1,RowAisle0_Seg1,RowAisle,East,328,122,30.50,0.25,0.2711
2026-05-31 02:01:12,brandimarte_mk13,LRT_MMUR,42,51833.34,2,RowAisle0_Seg2,RowAisle,East,328,171,42.75,0.25,0.3427
2026-05-31 02:01:12,brandimarte_mk13,LRT_MMUR,42,51833.34,3,RowAisle0_Seg3,RowAisle,East,328,4,1.00,0.25,0.0120
2026-05-31 02:01:12,brandimarte_mk13,LRT_MMUR,42,51833.34,4,RowAisle1_Seg0,RowAisle,West,97,0,0.00,0.00,0.0000
2026-05-31 02:01:12,brandimarte_mk13,LRT_MMUR,42,51833.34,5,RowAisle1_Seg1,RowAisle,West,97,0,0.00,0.00,0.0000
2026-05-31 02:01:12,brandimarte_mk13,LRT_MMUR,42,51833.34,6,RowAisle1_Seg2,RowAisle,West,97,0,0.00,0.00,0.0000
2026-05-31 02:01:12,brandimarte_mk13,LRT_MMUR,42,51833.34,7,RowAisle1_Seg3,RowAisle,West,97,0,0.00,0.00,0.0000
2026-05-31 02:01:12,brandimarte_mk13,LRT_MMUR,42,51833.34,8,TopSpine_Seg0,SpineAisle,East,30,0,0.00,0.00,0.0000
2026-05-31 02:01:12,brandimarte_mk13,LRT_MMUR,42,51833.34,9,TopSpine_Seg1,SpineAisle,East,30,0,0.00,0.00,0.0000
2026-05-31 02:01:12,brandimarte_mk13,LRT_MMUR,42,51833.34,10,TopSpine_Seg2,SpineAisle,East,30,0,0.00,0.00,0.0000
2026-05-31 02:01:12,brandimarte_mk13,LRT_MMUR,42,51833.34,11,TopSpine_Seg3,SpineAisle,East,30,0,0.00,0.00,0.0000
2026-05-31 02:01:12,brandimarte_mk13,LRT_MMUR,42,51833.34,12,TopSpine_Seg4,SpineAisle,East,30,0,0.00,0.00,0.0000
2026-05-31 02:01:12,brandimarte_mk13,LRT_MMUR,42,51833.34,13,BotSpine_Seg0,SpineAisle,West,261,0,0.00,0.00,0.0000
2026-05-31 02:01:12,brandimarte_mk13,LRT_MMUR,42,51833.34,14,BotSpine_Seg1,SpineAisle,West,261,0,0.00,0.00,0.0000
2026-05-31 02:01:12,brandimarte_mk13,LRT_MMUR,42,51833.34,15,BotSpine_Seg2,SpineAisle,West,261,0,0.00,0.00,0.0000
2026-05-31 02:01:12,brandimarte_mk13,LRT_MMUR,42,51833.34,16,BotSpine_Seg3,SpineAisle,West,261,0,0.00,0.00,0.0000
2026-05-31 02:01:12,brandimarte_mk13,LRT_MMUR,42,51833.34,17,BotSpine_Seg4,SpineAisle,West,261,0,0.00,0.00,0.0000
2026-05-31 02:01:12,brandimarte_mk13,LRT_MMUR,42,51833.34,18,LeftVert_TopConn,VerticalAisle,North,30,0,0.00,0.00,0.0000
2026-05-31 02:01:12,brandimarte_mk13,LRT_MMUR,42,51833.34,19,LeftVert_Row0,VerticalAisle,North,358,414,103.50,0.25,0.5363
2026-05-31 02:01:12,brandimarte_mk13,LRT_MMUR,42,51833.34,20,LeftVert_Row1,VerticalAisle,North,358,316,79.00,0.25,0.4688
2026-05-31 02:01:12,brandimarte_mk13,LRT_MMUR,42,51833.34,21,LeftVert_BotConn,VerticalAisle,North,261,415,103.75,0.25,0.6139
2026-05-31 02:01:12,brandimarte_mk13,LRT_MMUR,42,51833.34,22,RightVert_TopConn,VerticalAisle,South,30,0,0.00,0.00,0.0000
2026-05-31 02:01:12,brandimarte_mk13,LRT_MMUR,42,51833.34,23,RightVert_Row0,VerticalAisle,South,358,0,0.00,0.00,0.0000
2026-05-31 02:01:12,brandimarte_mk13,LRT_MMUR,42,51833.34,24,RightVert_Row1,VerticalAisle,South,358,0,0.00,0.00,0.0000
2026-05-31 02:01:12,brandimarte_mk13,LRT_MMUR,42,51833.34,25,RightVert_BotConn,VerticalAisle,South,261,0,0.00,0.00,0.0000
2026-05-31 02:22:34,brandimarte_mk13,LRT_MMUR,43,51833.31,0,RowAisle0_Seg0,RowAisle,East,328,738,184.50,0.25,0.6923
2026-05-31 02:22:34,brandimarte_mk13,LRT_MMUR,43,51833.31,1,RowAisle0_Seg1,RowAisle,East,328,123,30.75,0.25,0.2727
2026-05-31 02:22:34,brandimarte_mk13,LRT_MMUR,43,51833.31,2,RowAisle0_Seg2,RowAisle,East,328,170,42.50,0.25,0.3414
2026-05-31 02:22:34,brandimarte_mk13,LRT_MMUR,43,51833.31,3,RowAisle0_Seg3,RowAisle,East,328,4,1.00,0.25,0.0120
2026-05-31 02:22:34,brandimarte_mk13,LRT_MMUR,43,51833.31,4,RowAisle1_Seg0,RowAisle,West,97,0,0.00,0.00,0.0000
2026-05-31 02:22:34,brandimarte_mk13,LRT_MMUR,43,51833.31,5,RowAisle1_Seg1,RowAisle,West,97,0,0.00,0.00,0.0000
2026-05-31 02:22:34,brandimarte_mk13,LRT_MMUR,43,51833.31,6,RowAisle1_Seg2,RowAisle,West,97,0,0.00,0.00,0.0000
2026-05-31 02:22:34,brandimarte_mk13,LRT_MMUR,43,51833.31,7,RowAisle1_Seg3,RowAisle,West,97,0,0.00,0.00,0.0000
2026-05-31 02:22:34,brandimarte_mk13,LRT_MMUR,43,51833.31,8,TopSpine_Seg0,SpineAisle,East,30,0,0.00,0.00,0.0000
2026-05-31 02:22:34,brandimarte_mk13,LRT_MMUR,43,51833.31,9,TopSpine_Seg1,SpineAisle,East,30,0,0.00,0.00,0.0000
2026-05-31 02:22:34,brandimarte_mk13,LRT_MMUR,43,51833.31,10,TopSpine_Seg2,SpineAisle,East,30,0,0.00,0.00,0.0000
2026-05-31 02:22:34,brandimarte_mk13,LRT_MMUR,43,51833.31,11,TopSpine_Seg3,SpineAisle,East,30,0,0.00,0.00,0.0000
2026-05-31 02:22:34,brandimarte_mk13,LRT_MMUR,43,51833.31,12,TopSpine_Seg4,SpineAisle,East,30,0,0.00,0.00,0.0000
2026-05-31 02:22:34,brandimarte_mk13,LRT_MMUR,43,51833.31,13,BotSpine_Seg0,SpineAisle,West,261,0,0.00,0.00,0.0000
2026-05-31 02:22:34,brandimarte_mk13,LRT_MMUR,43,51833.31,14,BotSpine_Seg1,SpineAisle,West,261,0,0.00,0.00,0.0000
2026-05-31 02:22:34,brandimarte_mk13,LRT_MMUR,43,51833.31,15,BotSpine_Seg2,SpineAisle,West,261,0,0.00,0.00,0.0000
2026-05-31 02:22:34,brandimarte_mk13,LRT_MMUR,43,51833.31,16,BotSpine_Seg3,SpineAisle,West,261,0,0.00,0.00,0.0000
2026-05-31 02:22:34,brandimarte_mk13,LRT_MMUR,43,51833.31,17,BotSpine_Seg4,SpineAisle,West,261,0,0.00,0.00,0.0000
2026-05-31 02:22:34,brandimarte_mk13,LRT_MMUR,43,51833.31,18,LeftVert_TopConn,VerticalAisle,North,30,0,0.00,0.00,0.0000
2026-05-31 02:22:34,brandimarte_mk13,LRT_MMUR,43,51833.31,19,LeftVert_Row0,VerticalAisle,North,358,414,103.50,0.25,0.5363
2026-05-31 02:22:34,brandimarte_mk13,LRT_MMUR,43,51833.31,20,LeftVert_Row1,VerticalAisle,North,358,316,79.00,0.25,0.4688
2026-05-31 02:22:34,brandimarte_mk13,LRT_MMUR,43,51833.31,21,LeftVert_BotConn,VerticalAisle,North,261,415,103.75,0.25,0.6139
2026-05-31 02:22:34,brandimarte_mk13,LRT_MMUR,43,51833.31,22,RightVert_TopConn,VerticalAisle,South,30,0,0.00,0.00,0.0000
2026-05-31 02:22:34,brandimarte_mk13,LRT_MMUR,43,51833.31,23,RightVert_Row0,VerticalAisle,South,358,0,0.00,0.00,0.0000
2026-05-31 02:22:34,brandimarte_mk13,LRT_MMUR,43,51833.31,24,RightVert_Row1,VerticalAisle,South,358,0,0.00,0.00,0.0000
2026-05-31 02:22:34,brandimarte_mk13,LRT_MMUR,43,51833.31,25,RightVert_BotConn,VerticalAisle,South,261,0,0.00,0.00,0.0000
2026-05-31 02:43:56,brandimarte_mk13,LRT_MMUR,44,51833.34,0,RowAisle0_Seg0,RowAisle,East,328,738,184.50,0.25,0.6923
2026-05-31 02:43:56,brandimarte_mk13,LRT_MMUR,44,51833.34,1,RowAisle0_Seg1,RowAisle,East,328,123,30.75,0.25,0.2727
2026-05-31 02:43:56,brandimarte_mk13,LRT_MMUR,44,51833.34,2,RowAisle0_Seg2,RowAisle,East,328,171,42.75,0.25,0.3427
2026-05-31 02:43:56,brandimarte_mk13,LRT_MMUR,44,51833.34,3,RowAisle0_Seg3,RowAisle,East,328,4,1.00,0.25,0.0120
2026-05-31 02:43:56,brandimarte_mk13,LRT_MMUR,44,51833.34,4,RowAisle1_Seg0,RowAisle,West,97,0,0.00,0.00,0.0000
2026-05-31 02:43:56,brandimarte_mk13,LRT_MMUR,44,51833.34,5,RowAisle1_Seg1,RowAisle,West,97,0,0.00,0.00,0.0000
2026-05-31 02:43:56,brandimarte_mk13,LRT_MMUR,44,51833.34,6,RowAisle1_Seg2,RowAisle,West,97,0,0.00,0.00,0.0000
2026-05-31 02:43:56,brandimarte_mk13,LRT_MMUR,44,51833.34,7,RowAisle1_Seg3,RowAisle,West,97,0,0.00,0.00,0.0000
2026-05-31 02:43:56,brandimarte_mk13,LRT_MMUR,44,51833.34,8,TopSpine_Seg0,SpineAisle,East,30,0,0.00,0.00,0.0000
2026-05-31 02:43:56,brandimarte_mk13,LRT_MMUR,44,51833.34,9,TopSpine_Seg1,SpineAisle,East,30,0,0.00,0.00,0.0000
2026-05-31 02:43:56,brandimarte_mk13,LRT_MMUR,44,51833.34,10,TopSpine_Seg2,SpineAisle,East,30,0,0.00,0.00,0.0000
2026-05-31 02:43:56,brandimarte_mk13,LRT_MMUR,44,51833.34,11,TopSpine_Seg3,SpineAisle,East,30,0,0.00,0.00,0.0000
2026-05-31 02:43:56,brandimarte_mk13,LRT_MMUR,44,51833.34,12,TopSpine_Seg4,SpineAisle,East,30,0,0.00,0.00,0.0000
2026-05-31 02:43:56,brandimarte_mk13,LRT_MMUR,44,51833.34,13,BotSpine_Seg0,SpineAisle,West,261,0,0.00,0.00,0.0000
2026-05-31 02:43:56,brandimarte_mk13,LRT_MMUR,44,51833.34,14,BotSpine_Seg1,SpineAisle,West,261,0,0.00,0.00,0.0000
2026-05-31 02:43:56,brandimarte_mk13,LRT_MMUR,44,51833.34,15,BotSpine_Seg2,SpineAisle,West,261,0,0.00,0.00,0.0000
2026-05-31 02:43:56,brandimarte_mk13,LRT_MMUR,44,51833.34,16,BotSpine_Seg3,SpineAisle,West,261,0,0.00,0.00,0.0000
2026-05-31 02:43:56,brandimarte_mk13,LRT_MMUR,44,51833.34,17,BotSpine_Seg4,SpineAisle,West,261,0,0.00,0.00,0.0000
2026-05-31 02:43:56,brandimarte_mk13,LRT_MMUR,44,51833.34,18,LeftVert_TopConn,VerticalAisle,North,30,0,0.00,0.00,0.0000
2026-05-31 02:43:56,brandimarte_mk13,LRT_MMUR,44,51833.34,19,LeftVert_Row0,VerticalAisle,North,358,414,103.50,0.25,0.5363
2026-05-31 02:43:56,brandimarte_mk13,LRT_MMUR,44,51833.34,20,LeftVert_Row1,VerticalAisle,North,358,316,79.00,0.25,0.4688
2026-05-31 02:43:56,brandimarte_mk13,LRT_MMUR,44,51833.34,21,LeftVert_BotConn,VerticalAisle,North,261,415,103.75,0.25,0.6139
2026-05-31 02:43:56,brandimarte_mk13,LRT_MMUR,44,51833.34,22,RightVert_TopConn,VerticalAisle,South,30,0,0.00,0.00,0.0000
2026-05-31 02:43:56,brandimarte_mk13,LRT_MMUR,44,51833.34,23,RightVert_Row0,VerticalAisle,South,358,0,0.00,0.00,0.0000
2026-05-31 02:43:56,brandimarte_mk13,LRT_MMUR,44,51833.34,24,RightVert_Row1,VerticalAisle,South,358,0,0.00,0.00,0.0000
2026-05-31 02:43:56,brandimarte_mk13,LRT_MMUR,44,51833.34,25,RightVert_BotConn,VerticalAisle,South,261,0,0.00,0.00,0.0000
2026-05-31 02:59:53,brandimarte_mk15,LRT_MMUR,42,38633.31,0,RowAisle0_Seg0,RowAisle,East,417,665,166.25,0.25,0.6146
2026-05-31 02:59:53,brandimarte_mk15,LRT_MMUR,42,38633.31,1,RowAisle0_Seg1,RowAisle,East,417,190,47.50,0.25,0.3130
2026-05-31 02:59:53,brandimarte_mk15,LRT_MMUR,42,38633.31,2,RowAisle0_Seg2,RowAisle,East,417,169,42.25,0.25,0.2884
2026-05-31 02:59:53,brandimarte_mk15,LRT_MMUR,42,38633.31,3,RowAisle0_Seg3,RowAisle,East,417,11,2.75,0.25,0.0257
2026-05-31 02:59:53,brandimarte_mk15,LRT_MMUR,42,38633.31,4,RowAisle1_Seg0,RowAisle,West,135,31,7.75,0.25,0.1867
2026-05-31 02:59:53,brandimarte_mk15,LRT_MMUR,42,38633.31,5,RowAisle1_Seg1,RowAisle,West,135,0,0.00,0.00,0.0000
2026-05-31 02:59:53,brandimarte_mk15,LRT_MMUR,42,38633.31,6,RowAisle1_Seg2,RowAisle,West,135,0,0.00,0.00,0.0000
2026-05-31 02:59:53,brandimarte_mk15,LRT_MMUR,42,38633.31,7,RowAisle1_Seg3,RowAisle,West,135,0,0.00,0.00,0.0000
2026-05-31 02:59:53,brandimarte_mk15,LRT_MMUR,42,38633.31,8,RowAisle2_Seg0,RowAisle,East,25,0,0.00,0.00,0.0000
2026-05-31 02:59:53,brandimarte_mk15,LRT_MMUR,42,38633.31,9,RowAisle2_Seg1,RowAisle,East,25,0,0.00,0.00,0.0000
2026-05-31 02:59:53,brandimarte_mk15,LRT_MMUR,42,38633.31,10,RowAisle2_Seg2,RowAisle,East,25,0,0.00,0.00,0.0000
2026-05-31 02:59:53,brandimarte_mk15,LRT_MMUR,42,38633.31,11,RowAisle2_Seg3,RowAisle,East,25,0,0.00,0.00,0.0000
2026-05-31 02:59:53,brandimarte_mk15,LRT_MMUR,42,38633.31,12,TopSpine_Seg0,SpineAisle,East,30,0,0.00,0.00,0.0000
2026-05-31 02:59:53,brandimarte_mk15,LRT_MMUR,42,38633.31,13,TopSpine_Seg1,SpineAisle,East,30,0,0.00,0.00,0.0000
2026-05-31 02:59:53,brandimarte_mk15,LRT_MMUR,42,38633.31,14,TopSpine_Seg2,SpineAisle,East,30,0,0.00,0.00,0.0000
2026-05-31 02:59:53,brandimarte_mk15,LRT_MMUR,42,38633.31,15,TopSpine_Seg3,SpineAisle,East,30,0,0.00,0.00,0.0000
2026-05-31 02:59:53,brandimarte_mk15,LRT_MMUR,42,38633.31,16,TopSpine_Seg4,SpineAisle,East,30,0,0.00,0.00,0.0000
2026-05-31 02:59:53,brandimarte_mk15,LRT_MMUR,42,38633.31,17,BotSpine_Seg0,SpineAisle,West,336,0,0.00,0.00,0.0000
2026-05-31 02:59:53,brandimarte_mk15,LRT_MMUR,42,38633.31,18,BotSpine_Seg1,SpineAisle,West,337,0,0.00,0.00,0.0000
2026-05-31 02:59:53,brandimarte_mk15,LRT_MMUR,42,38633.31,19,BotSpine_Seg2,SpineAisle,West,337,0,0.00,0.00,0.0000
2026-05-31 02:59:53,brandimarte_mk15,LRT_MMUR,42,38633.31,20,BotSpine_Seg3,SpineAisle,West,337,0,0.00,0.00,0.0000
2026-05-31 02:59:53,brandimarte_mk15,LRT_MMUR,42,38633.31,21,BotSpine_Seg4,SpineAisle,West,337,0,0.00,0.00,0.0000
2026-05-31 02:59:53,brandimarte_mk15,LRT_MMUR,42,38633.31,22,LeftVert_TopConn,VerticalAisle,North,30,0,0.00,0.00,0.0000
2026-05-31 02:59:53,brandimarte_mk15,LRT_MMUR,42,38633.31,23,LeftVert_Row0,VerticalAisle,North,447,1045,261.25,0.25,0.7004
2026-05-31 02:59:53,brandimarte_mk15,LRT_MMUR,42,38633.31,24,LeftVert_Row1,VerticalAisle,North,447,471,117.75,0.25,0.5131
2026-05-31 02:59:53,brandimarte_mk15,LRT_MMUR,42,38633.31,25,LeftVert_Row2,VerticalAisle,North,337,183,45.75,0.25,0.3519
2026-05-31 02:59:53,brandimarte_mk15,LRT_MMUR,42,38633.31,26,LeftVert_BotConn,VerticalAisle,North,337,864,216.00,0.25,0.7194
2026-05-31 02:59:53,brandimarte_mk15,LRT_MMUR,42,38633.31,27,RightVert_TopConn,VerticalAisle,South,30,0,0.00,0.00,0.0000
2026-05-31 02:59:53,brandimarte_mk15,LRT_MMUR,42,38633.31,28,RightVert_Row0,VerticalAisle,South,447,11,2.75,0.25,0.0240
2026-05-31 02:59:53,brandimarte_mk15,LRT_MMUR,42,38633.31,29,RightVert_Row1,VerticalAisle,South,447,312,78.00,0.25,0.4111
2026-05-31 02:59:53,brandimarte_mk15,LRT_MMUR,42,38633.31,30,RightVert_Row2,VerticalAisle,South,337,9,2.25,0.25,0.0260
2026-05-31 02:59:53,brandimarte_mk15,LRT_MMUR,42,38633.31,31,RightVert_BotConn,VerticalAisle,South,337,20,5.00,0.25,0.0560
2026-05-31 03:15:55,brandimarte_mk15,LRT_MMUR,43,38633.38,0,RowAisle0_Seg0,RowAisle,East,417,666,166.50,0.25,0.6150
2026-05-31 03:15:55,brandimarte_mk15,LRT_MMUR,43,38633.38,1,RowAisle0_Seg1,RowAisle,East,417,193,48.25,0.25,0.3164
2026-05-31 03:15:55,brandimarte_mk15,LRT_MMUR,43,38633.38,2,RowAisle0_Seg2,RowAisle,East,417,169,42.25,0.25,0.2884
2026-05-31 03:15:55,brandimarte_mk15,LRT_MMUR,43,38633.38,3,RowAisle0_Seg3,RowAisle,East,417,12,3.00,0.25,0.0280
2026-05-31 03:15:55,brandimarte_mk15,LRT_MMUR,43,38633.38,4,RowAisle1_Seg0,RowAisle,West,135,31,7.75,0.25,0.1867
2026-05-31 03:15:55,brandimarte_mk15,LRT_MMUR,43,38633.38,5,RowAisle1_Seg1,RowAisle,West,135,0,0.00,0.00,0.0000
2026-05-31 03:15:55,brandimarte_mk15,LRT_MMUR,43,38633.38,6,RowAisle1_Seg2,RowAisle,West,135,0,0.00,0.00,0.0000
2026-05-31 03:15:55,brandimarte_mk15,LRT_MMUR,43,38633.38,7,RowAisle1_Seg3,RowAisle,West,135,0,0.00,0.00,0.0000
2026-05-31 03:15:55,brandimarte_mk15,LRT_MMUR,43,38633.38,8,RowAisle2_Seg0,RowAisle,East,25,0,0.00,0.00,0.0000
2026-05-31 03:15:55,brandimarte_mk15,LRT_MMUR,43,38633.38,9,RowAisle2_Seg1,RowAisle,East,25,0,0.00,0.00,0.0000
2026-05-31 03:15:55,brandimarte_mk15,LRT_MMUR,43,38633.38,10,RowAisle2_Seg2,RowAisle,East,25,0,0.00,0.00,0.0000
2026-05-31 03:15:55,brandimarte_mk15,LRT_MMUR,43,38633.38,11,RowAisle2_Seg3,RowAisle,East,25,0,0.00,0.00,0.0000
2026-05-31 03:15:55,brandimarte_mk15,LRT_MMUR,43,38633.38,12,TopSpine_Seg0,SpineAisle,East,30,0,0.00,0.00,0.0000
2026-05-31 03:15:55,brandimarte_mk15,LRT_MMUR,43,38633.38,13,TopSpine_Seg1,SpineAisle,East,30,0,0.00,0.00,0.0000
2026-05-31 03:15:55,brandimarte_mk15,LRT_MMUR,43,38633.38,14,TopSpine_Seg2,SpineAisle,East,30,0,0.00,0.00,0.0000
2026-05-31 03:15:55,brandimarte_mk15,LRT_MMUR,43,38633.38,15,TopSpine_Seg3,SpineAisle,East,30,0,0.00,0.00,0.0000
2026-05-31 03:15:55,brandimarte_mk15,LRT_MMUR,43,38633.38,16,TopSpine_Seg4,SpineAisle,East,30,0,0.00,0.00,0.0000
2026-05-31 03:15:55,brandimarte_mk15,LRT_MMUR,43,38633.38,17,BotSpine_Seg0,SpineAisle,West,336,0,0.00,0.00,0.0000
2026-05-31 03:15:55,brandimarte_mk15,LRT_MMUR,43,38633.38,18,BotSpine_Seg1,SpineAisle,West,337,0,0.00,0.00,0.0000
2026-05-31 03:15:55,brandimarte_mk15,LRT_MMUR,43,38633.38,19,BotSpine_Seg2,SpineAisle,West,337,0,0.00,0.00,0.0000
2026-05-31 03:15:55,brandimarte_mk15,LRT_MMUR,43,38633.38,20,BotSpine_Seg3,SpineAisle,West,337,0,0.00,0.00,0.0000
2026-05-31 03:15:55,brandimarte_mk15,LRT_MMUR,43,38633.38,21,BotSpine_Seg4,SpineAisle,West,337,0,0.00,0.00,0.0000
2026-05-31 03:15:55,brandimarte_mk15,LRT_MMUR,43,38633.38,22,LeftVert_TopConn,VerticalAisle,North,30,0,0.00,0.00,0.0000
2026-05-31 03:15:55,brandimarte_mk15,LRT_MMUR,43,38633.38,23,LeftVert_Row0,VerticalAisle,North,447,1045,261.25,0.25,0.7004
2026-05-31 03:15:55,brandimarte_mk15,LRT_MMUR,43,38633.38,24,LeftVert_Row1,VerticalAisle,North,447,470,117.50,0.25,0.5125
2026-05-31 03:15:55,brandimarte_mk15,LRT_MMUR,43,38633.38,25,LeftVert_Row2,VerticalAisle,North,337,180,45.00,0.25,0.3482
2026-05-31 03:15:55,brandimarte_mk15,LRT_MMUR,43,38633.38,26,LeftVert_BotConn,VerticalAisle,North,337,866,216.50,0.25,0.7199
2026-05-31 03:15:55,brandimarte_mk15,LRT_MMUR,43,38633.38,27,RightVert_TopConn,VerticalAisle,South,30,0,0.00,0.00,0.0000
2026-05-31 03:15:55,brandimarte_mk15,LRT_MMUR,43,38633.38,28,RightVert_Row0,VerticalAisle,South,447,12,3.00,0.25,0.0261
2026-05-31 03:15:55,brandimarte_mk15,LRT_MMUR,43,38633.38,29,RightVert_Row1,VerticalAisle,South,447,309,77.25,0.25,0.4087
2026-05-31 03:15:55,brandimarte_mk15,LRT_MMUR,43,38633.38,30,RightVert_Row2,VerticalAisle,South,337,9,2.25,0.25,0.0260
2026-05-31 03:15:55,brandimarte_mk15,LRT_MMUR,43,38633.38,31,RightVert_BotConn,VerticalAisle,South,337,21,5.25,0.25,0.0587
2026-05-31 03:31:56,brandimarte_mk15,LRT_MMUR,44,38633.38,0,RowAisle0_Seg0,RowAisle,East,417,667,166.75,0.25,0.6153
2026-05-31 03:31:56,brandimarte_mk15,LRT_MMUR,44,38633.38,1,RowAisle0_Seg1,RowAisle,East,417,193,48.25,0.25,0.3164
2026-05-31 03:31:56,brandimarte_mk15,LRT_MMUR,44,38633.38,2,RowAisle0_Seg2,RowAisle,East,417,169,42.25,0.25,0.2884
2026-05-31 03:31:56,brandimarte_mk15,LRT_MMUR,44,38633.38,3,RowAisle0_Seg3,RowAisle,East,417,12,3.00,0.25,0.0280
2026-05-31 03:31:56,brandimarte_mk15,LRT_MMUR,44,38633.38,4,RowAisle1_Seg0,RowAisle,West,135,31,7.75,0.25,0.1867
2026-05-31 03:31:56,brandimarte_mk15,LRT_MMUR,44,38633.38,5,RowAisle1_Seg1,RowAisle,West,135,0,0.00,0.00,0.0000
2026-05-31 03:31:56,brandimarte_mk15,LRT_MMUR,44,38633.38,6,RowAisle1_Seg2,RowAisle,West,135,0,0.00,0.00,0.0000
2026-05-31 03:31:56,brandimarte_mk15,LRT_MMUR,44,38633.38,7,RowAisle1_Seg3,RowAisle,West,135,0,0.00,0.00,0.0000
2026-05-31 03:31:56,brandimarte_mk15,LRT_MMUR,44,38633.38,8,RowAisle2_Seg0,RowAisle,East,25,0,0.00,0.00,0.0000
2026-05-31 03:31:56,brandimarte_mk15,LRT_MMUR,44,38633.38,9,RowAisle2_Seg1,RowAisle,East,25,0,0.00,0.00,0.0000
2026-05-31 03:31:56,brandimarte_mk15,LRT_MMUR,44,38633.38,10,RowAisle2_Seg2,RowAisle,East,25,0,0.00,0.00,0.0000
2026-05-31 03:31:56,brandimarte_mk15,LRT_MMUR,44,38633.38,11,RowAisle2_Seg3,RowAisle,East,25,0,0.00,0.00,0.0000
2026-05-31 03:31:56,brandimarte_mk15,LRT_MMUR,44,38633.38,12,TopSpine_Seg0,SpineAisle,East,30,0,0.00,0.00,0.0000
2026-05-31 03:31:56,brandimarte_mk15,LRT_MMUR,44,38633.38,13,TopSpine_Seg1,SpineAisle,East,30,0,0.00,0.00,0.0000
2026-05-31 03:31:56,brandimarte_mk15,LRT_MMUR,44,38633.38,14,TopSpine_Seg2,SpineAisle,East,30,0,0.00,0.00,0.0000
2026-05-31 03:31:56,brandimarte_mk15,LRT_MMUR,44,38633.38,15,TopSpine_Seg3,SpineAisle,East,30,0,0.00,0.00,0.0000
2026-05-31 03:31:56,brandimarte_mk15,LRT_MMUR,44,38633.38,16,TopSpine_Seg4,SpineAisle,East,30,0,0.00,0.00,0.0000
2026-05-31 03:31:56,brandimarte_mk15,LRT_MMUR,44,38633.38,17,BotSpine_Seg0,SpineAisle,West,336,0,0.00,0.00,0.0000
2026-05-31 03:31:56,brandimarte_mk15,LRT_MMUR,44,38633.38,18,BotSpine_Seg1,SpineAisle,West,337,0,0.00,0.00,0.0000
2026-05-31 03:31:56,brandimarte_mk15,LRT_MMUR,44,38633.38,19,BotSpine_Seg2,SpineAisle,West,337,0,0.00,0.00,0.0000
2026-05-31 03:31:56,brandimarte_mk15,LRT_MMUR,44,38633.38,20,BotSpine_Seg3,SpineAisle,West,337,0,0.00,0.00,0.0000
2026-05-31 03:31:56,brandimarte_mk15,LRT_MMUR,44,38633.38,21,BotSpine_Seg4,SpineAisle,West,337,0,0.00,0.00,0.0000
2026-05-31 03:31:56,brandimarte_mk15,LRT_MMUR,44,38633.38,22,LeftVert_TopConn,VerticalAisle,North,30,0,0.00,0.00,0.0000
2026-05-31 03:31:56,brandimarte_mk15,LRT_MMUR,44,38633.38,23,LeftVert_Row0,VerticalAisle,North,447,1042,260.50,0.25,0.6998
2026-05-31 03:31:56,brandimarte_mk15,LRT_MMUR,44,38633.38,24,LeftVert_Row1,VerticalAisle,North,447,466,116.50,0.25,0.5104
2026-05-31 03:31:56,brandimarte_mk15,LRT_MMUR,44,38633.38,25,LeftVert_Row2,VerticalAisle,North,337,179,44.75,0.25,0.3469
2026-05-31 03:31:56,brandimarte_mk15,LRT_MMUR,44,38633.38,26,LeftVert_BotConn,VerticalAisle,North,337,867,216.75,0.25,0.7201
2026-05-31 03:31:56,brandimarte_mk15,LRT_MMUR,44,38633.38,27,RightVert_TopConn,VerticalAisle,South,30,0,0.00,0.00,0.0000
2026-05-31 03:31:56,brandimarte_mk15,LRT_MMUR,44,38633.38,28,RightVert_Row0,VerticalAisle,South,447,11,2.75,0.25,0.0240
2026-05-31 03:31:56,brandimarte_mk15,LRT_MMUR,44,38633.38,29,RightVert_Row1,VerticalAisle,South,447,311,77.75,0.25,0.4103
2026-05-31 03:31:56,brandimarte_mk15,LRT_MMUR,44,38633.38,30,RightVert_Row2,VerticalAisle,South,337,9,2.25,0.25,0.0260
2026-05-31 03:31:56,brandimarte_mk15,LRT_MMUR,44,38633.38,31,RightVert_BotConn,VerticalAisle,South,337,20,5.00,0.25,0.0560
2026-05-30 23:16:17,brandimarte_mk01,SDT_SRWT,42,4122.94,0,RowAisle0_Seg0,RowAisle,East,78,74,19.24,0.26,0.4868
2026-05-30 23:16:17,brandimarte_mk01,SDT_SRWT,42,4122.94,1,RowAisle0_Seg1,RowAisle,East,78,458,119.08,0.26,0.8545
2026-05-30 23:16:17,brandimarte_mk01,SDT_SRWT,42,4122.94,2,RowAisle0_Seg2,RowAisle,East,78,8,2.08,0.26,0.0930
2026-05-30 23:16:17,brandimarte_mk01,SDT_SRWT,42,4122.94,3,TopSpine_Seg0,SpineAisle,East,10,0,0.00,0.00,0.0000
2026-05-30 23:16:17,brandimarte_mk01,SDT_SRWT,42,4122.94,4,TopSpine_Seg1,SpineAisle,East,10,0,0.00,0.00,0.0000
2026-05-30 23:16:17,brandimarte_mk01,SDT_SRWT,42,4122.94,5,TopSpine_Seg2,SpineAisle,East,10,0,0.00,0.00,0.0000
2026-05-30 23:16:17,brandimarte_mk01,SDT_SRWT,42,4122.94,6,TopSpine_Seg3,SpineAisle,East,10,0,0.00,0.00,0.0000
2026-05-30 23:16:17,brandimarte_mk01,SDT_SRWT,42,4122.94,7,BotSpine_Seg0,SpineAisle,West,88,0,0.00,0.00,0.0000
2026-05-30 23:16:17,brandimarte_mk01,SDT_SRWT,42,4122.94,8,BotSpine_Seg1,SpineAisle,West,88,0,0.00,0.00,0.0000
2026-05-30 23:16:17,brandimarte_mk01,SDT_SRWT,42,4122.94,9,BotSpine_Seg2,SpineAisle,West,88,0,0.00,0.00,0.0000
2026-05-30 23:16:17,brandimarte_mk01,SDT_SRWT,42,4122.94,10,BotSpine_Seg3,SpineAisle,West,88,0,0.00,0.00,0.0000
2026-05-30 23:16:17,brandimarte_mk01,SDT_SRWT,42,4122.94,11,LeftVert_TopConn,VerticalAisle,North,10,0,0.00,0.00,0.0000
2026-05-30 23:16:17,brandimarte_mk01,SDT_SRWT,42,4122.94,12,LeftVert_Row0,VerticalAisle,North,88,719,186.94,0.26,0.8910
2026-05-30 23:16:17,brandimarte_mk01,SDT_SRWT,42,4122.94,13,LeftVert_BotConn,VerticalAisle,North,88,676,175.76,0.26,0.8848
2026-05-30 23:16:17,brandimarte_mk01,SDT_SRWT,42,4122.94,14,RightVert_TopConn,VerticalAisle,South,10,0,0.00,0.00,0.0000
2026-05-30 23:16:17,brandimarte_mk01,SDT_SRWT,42,4122.94,15,RightVert_Row0,VerticalAisle,South,88,5,1.30,0.26,0.0538
2026-05-30 23:16:17,brandimarte_mk01,SDT_SRWT,42,4122.94,16,RightVert_BotConn,VerticalAisle,South,88,26,6.76,0.26,0.2281
2026-05-30 23:18:00,brandimarte_mk01,SDT_SRWT,43,4233.33,0,RowAisle0_Seg0,RowAisle,East,78,71,18.46,0.26,0.4765
2026-05-30 23:18:00,brandimarte_mk01,SDT_SRWT,43,4233.33,1,RowAisle0_Seg1,RowAisle,East,78,458,119.08,0.26,0.8545
2026-05-30 23:18:00,brandimarte_mk01,SDT_SRWT,43,4233.33,2,RowAisle0_Seg2,RowAisle,East,78,7,1.82,0.26,0.0824
2026-05-30 23:18:00,brandimarte_mk01,SDT_SRWT,43,4233.33,3,TopSpine_Seg0,SpineAisle,East,10,0,0.00,0.00,0.0000
2026-05-30 23:18:00,brandimarte_mk01,SDT_SRWT,43,4233.33,4,TopSpine_Seg1,SpineAisle,East,10,0,0.00,0.00,0.0000
2026-05-30 23:18:00,brandimarte_mk01,SDT_SRWT,43,4233.33,5,TopSpine_Seg2,SpineAisle,East,10,0,0.00,0.00,0.0000
2026-05-30 23:18:00,brandimarte_mk01,SDT_SRWT,43,4233.33,6,TopSpine_Seg3,SpineAisle,East,10,0,0.00,0.00,0.0000
2026-05-30 23:18:00,brandimarte_mk01,SDT_SRWT,43,4233.33,7,BotSpine_Seg0,SpineAisle,West,88,0,0.00,0.00,0.0000
2026-05-30 23:18:00,brandimarte_mk01,SDT_SRWT,43,4233.33,8,BotSpine_Seg1,SpineAisle,West,88,0,0.00,0.00,0.0000
2026-05-30 23:18:00,brandimarte_mk01,SDT_SRWT,43,4233.33,9,BotSpine_Seg2,SpineAisle,West,88,0,0.00,0.00,0.0000
2026-05-30 23:18:00,brandimarte_mk01,SDT_SRWT,43,4233.33,10,BotSpine_Seg3,SpineAisle,West,88,0,0.00,0.00,0.0000
2026-05-30 23:18:00,brandimarte_mk01,SDT_SRWT,43,4233.33,11,LeftVert_TopConn,VerticalAisle,North,10,0,0.00,0.00,0.0000
2026-05-30 23:18:00,brandimarte_mk01,SDT_SRWT,43,4233.33,12,LeftVert_Row0,VerticalAisle,North,88,709,184.34,0.26,0.8896
2026-05-30 23:18:00,brandimarte_mk01,SDT_SRWT,43,4233.33,13,LeftVert_BotConn,VerticalAisle,North,88,659,171.34,0.26,0.8822
2026-05-30 23:18:00,brandimarte_mk01,SDT_SRWT,43,4233.33,14,RightVert_TopConn,VerticalAisle,South,10,0,0.00,0.00,0.0000
2026-05-30 23:18:00,brandimarte_mk01,SDT_SRWT,43,4233.33,15,RightVert_Row0,VerticalAisle,South,88,0,0.00,0.00,0.0000
2026-05-30 23:18:00,brandimarte_mk01,SDT_SRWT,43,4233.33,16,RightVert_BotConn,VerticalAisle,South,88,17,4.42,0.26,0.1619
2026-05-30 23:19:44,brandimarte_mk01,SDT_SRWT,44,4233.33,0,RowAisle0_Seg0,RowAisle,East,78,73,18.98,0.26,0.4834
2026-05-30 23:19:44,brandimarte_mk01,SDT_SRWT,44,4233.33,1,RowAisle0_Seg1,RowAisle,East,78,457,118.82,0.26,0.8542
2026-05-30 23:19:44,brandimarte_mk01,SDT_SRWT,44,4233.33,2,RowAisle0_Seg2,RowAisle,East,78,6,1.56,0.26,0.0714
2026-05-30 23:19:44,brandimarte_mk01,SDT_SRWT,44,4233.33,3,TopSpine_Seg0,SpineAisle,East,10,0,0.00,0.00,0.0000
2026-05-30 23:19:44,brandimarte_mk01,SDT_SRWT,44,4233.33,4,TopSpine_Seg1,SpineAisle,East,10,0,0.00,0.00,0.0000
2026-05-30 23:19:44,brandimarte_mk01,SDT_SRWT,44,4233.33,5,TopSpine_Seg2,SpineAisle,East,10,0,0.00,0.00,0.0000
2026-05-30 23:19:44,brandimarte_mk01,SDT_SRWT,44,4233.33,6,TopSpine_Seg3,SpineAisle,East,10,0,0.00,0.00,0.0000
2026-05-30 23:19:44,brandimarte_mk01,SDT_SRWT,44,4233.33,7,BotSpine_Seg0,SpineAisle,West,88,0,0.00,0.00,0.0000
2026-05-30 23:19:44,brandimarte_mk01,SDT_SRWT,44,4233.33,8,BotSpine_Seg1,SpineAisle,West,88,0,0.00,0.00,0.0000
2026-05-30 23:19:44,brandimarte_mk01,SDT_SRWT,44,4233.33,9,BotSpine_Seg2,SpineAisle,West,88,0,0.00,0.00,0.0000
2026-05-30 23:19:44,brandimarte_mk01,SDT_SRWT,44,4233.33,10,BotSpine_Seg3,SpineAisle,West,88,0,0.00,0.00,0.0000
2026-05-30 23:19:44,brandimarte_mk01,SDT_SRWT,44,4233.33,11,LeftVert_TopConn,VerticalAisle,North,10,0,0.00,0.00,0.0000
2026-05-30 23:19:44,brandimarte_mk01,SDT_SRWT,44,4233.33,12,LeftVert_Row0,VerticalAisle,North,88,708,184.08,0.26,0.8894
2026-05-30 23:19:44,brandimarte_mk01,SDT_SRWT,44,4233.33,13,LeftVert_BotConn,VerticalAisle,North,88,658,171.08,0.26,0.8820
2026-05-30 23:19:44,brandimarte_mk01,SDT_SRWT,44,4233.33,14,RightVert_TopConn,VerticalAisle,South,10,0,0.00,0.00,0.0000
2026-05-30 23:19:44,brandimarte_mk01,SDT_SRWT,44,4233.33,15,RightVert_Row0,VerticalAisle,South,88,0,0.00,0.00,0.0000
2026-05-30 23:19:44,brandimarte_mk01,SDT_SRWT,44,4233.33,16,RightVert_BotConn,VerticalAisle,South,88,17,4.42,0.26,0.1619
2026-05-30 23:25:02,brandimarte_mk03,SDT_SRWT,42,12933.33,0,RowAisle0_Seg0,RowAisle,East,240,82,21.32,0.26,0.2547
2026-05-30 23:25:02,brandimarte_mk03,SDT_SRWT,42,12933.33,1,RowAisle0_Seg1,RowAisle,East,240,202,52.52,0.26,0.4570
2026-05-30 23:25:02,brandimarte_mk03,SDT_SRWT,42,12933.33,2,RowAisle0_Seg2,RowAisle,East,240,42,10.92,0.26,0.1489
2026-05-30 23:25:02,brandimarte_mk03,SDT_SRWT,42,12933.33,3,RowAisle1_Seg0,RowAisle,West,90,28,7.28,0.26,0.2373
2026-05-30 23:25:02,brandimarte_mk03,SDT_SRWT,42,12933.33,4,RowAisle1_Seg1,RowAisle,West,90,6,1.56,0.26,0.0625
2026-05-30 23:25:02,brandimarte_mk03,SDT_SRWT,42,12933.33,5,RowAisle1_Seg2,RowAisle,West,90,414,107.64,0.26,0.8214
2026-05-30 23:25:02,brandimarte_mk03,SDT_SRWT,42,12933.33,6,TopSpine_Seg0,SpineAisle,East,15,0,0.00,0.00,0.0000
2026-05-30 23:25:02,brandimarte_mk03,SDT_SRWT,42,12933.33,7,TopSpine_Seg1,SpineAisle,East,15,0,0.00,0.00,0.0000
2026-05-30 23:25:02,brandimarte_mk03,SDT_SRWT,42,12933.33,8,TopSpine_Seg2,SpineAisle,East,15,0,0.00,0.00,0.0000
2026-05-30 23:25:02,brandimarte_mk03,SDT_SRWT,42,12933.33,9,TopSpine_Seg3,SpineAisle,East,15,0,0.00,0.00,0.0000
2026-05-30 23:25:02,brandimarte_mk03,SDT_SRWT,42,12933.33,10,BotSpine_Seg0,SpineAisle,West,165,0,0.00,0.00,0.0000
2026-05-30 23:25:02,brandimarte_mk03,SDT_SRWT,42,12933.33,11,BotSpine_Seg1,SpineAisle,West,165,0,0.00,0.00,0.0000
2026-05-30 23:25:02,brandimarte_mk03,SDT_SRWT,42,12933.33,12,BotSpine_Seg2,SpineAisle,West,165,0,0.00,0.00,0.0000
2026-05-30 23:25:02,brandimarte_mk03,SDT_SRWT,42,12933.33,13,BotSpine_Seg3,SpineAisle,West,165,0,0.00,0.00,0.0000
2026-05-30 23:25:02,brandimarte_mk03,SDT_SRWT,42,12933.33,14,LeftVert_TopConn,VerticalAisle,North,15,0,0.00,0.00,0.0000
2026-05-30 23:25:02,brandimarte_mk03,SDT_SRWT,42,12933.33,15,LeftVert_Row0,VerticalAisle,North,255,1118,290.67,0.26,0.8143
2026-05-30 23:25:02,brandimarte_mk03,SDT_SRWT,42,12933.33,16,LeftVert_Row1,VerticalAisle,North,255,40,10.40,0.26,0.1356
2026-05-30 23:25:02,brandimarte_mk03,SDT_SRWT,42,12933.33,17,LeftVert_BotConn,VerticalAisle,North,165,600,156.00,0.26,0.7843
2026-05-30 23:25:02,brandimarte_mk03,SDT_SRWT,42,12933.33,18,RightVert_TopConn,VerticalAisle,South,15,0,0.00,0.00,0.0000
2026-05-30 23:25:02,brandimarte_mk03,SDT_SRWT,42,12933.33,19,RightVert_Row0,VerticalAisle,South,255,89,23.14,0.26,0.2587
2026-05-30 23:25:02,brandimarte_mk03,SDT_SRWT,42,12933.33,20,RightVert_Row1,VerticalAisle,South,255,15,3.90,0.26,0.0556
2026-05-30 23:25:02,brandimarte_mk03,SDT_SRWT,42,12933.33,21,RightVert_BotConn,VerticalAisle,South,165,0,0.00,0.00,0.0000
2026-05-30 23:30:21,brandimarte_mk03,SDT_SRWT,43,12933.33,0,RowAisle0_Seg0,RowAisle,East,240,82,21.32,0.26,0.2547
2026-05-30 23:30:21,brandimarte_mk03,SDT_SRWT,43,12933.33,1,RowAisle0_Seg1,RowAisle,East,240,202,52.52,0.26,0.4570
2026-05-30 23:30:21,brandimarte_mk03,SDT_SRWT,43,12933.33,2,RowAisle0_Seg2,RowAisle,East,240,42,10.92,0.26,0.1489
2026-05-30 23:30:21,brandimarte_mk03,SDT_SRWT,43,12933.33,3,RowAisle1_Seg0,RowAisle,West,90,28,7.28,0.26,0.2373
2026-05-30 23:30:21,brandimarte_mk03,SDT_SRWT,43,12933.33,4,RowAisle1_Seg1,RowAisle,West,90,6,1.56,0.26,0.0625
2026-05-30 23:30:21,brandimarte_mk03,SDT_SRWT,43,12933.33,5,RowAisle1_Seg2,RowAisle,West,90,414,107.63,0.26,0.8214
2026-05-30 23:30:21,brandimarte_mk03,SDT_SRWT,43,12933.33,6,TopSpine_Seg0,SpineAisle,East,15,0,0.00,0.00,0.0000
2026-05-30 23:30:21,brandimarte_mk03,SDT_SRWT,43,12933.33,7,TopSpine_Seg1,SpineAisle,East,15,0,0.00,0.00,0.0000
2026-05-30 23:30:21,brandimarte_mk03,SDT_SRWT,43,12933.33,8,TopSpine_Seg2,SpineAisle,East,15,0,0.00,0.00,0.0000
2026-05-30 23:30:21,brandimarte_mk03,SDT_SRWT,43,12933.33,9,TopSpine_Seg3,SpineAisle,East,15,0,0.00,0.00,0.0000
2026-05-30 23:30:21,brandimarte_mk03,SDT_SRWT,43,12933.33,10,BotSpine_Seg0,SpineAisle,West,165,0,0.00,0.00,0.0000
2026-05-30 23:30:21,brandimarte_mk03,SDT_SRWT,43,12933.33,11,BotSpine_Seg1,SpineAisle,West,165,0,0.00,0.00,0.0000
2026-05-30 23:30:21,brandimarte_mk03,SDT_SRWT,43,12933.33,12,BotSpine_Seg2,SpineAisle,West,165,0,0.00,0.00,0.0000
2026-05-30 23:30:21,brandimarte_mk03,SDT_SRWT,43,12933.33,13,BotSpine_Seg3,SpineAisle,West,165,0,0.00,0.00,0.0000
2026-05-30 23:30:21,brandimarte_mk03,SDT_SRWT,43,12933.33,14,LeftVert_TopConn,VerticalAisle,North,15,0,0.00,0.00,0.0000
2026-05-30 23:30:21,brandimarte_mk03,SDT_SRWT,43,12933.33,15,LeftVert_Row0,VerticalAisle,North,255,1118,290.69,0.26,0.8143
2026-05-30 23:30:21,brandimarte_mk03,SDT_SRWT,43,12933.33,16,LeftVert_Row1,VerticalAisle,North,255,40,10.41,0.26,0.1356
2026-05-30 23:30:21,brandimarte_mk03,SDT_SRWT,43,12933.33,17,LeftVert_BotConn,VerticalAisle,North,165,600,156.00,0.26,0.7843
2026-05-30 23:30:21,brandimarte_mk03,SDT_SRWT,43,12933.33,18,RightVert_TopConn,VerticalAisle,South,15,0,0.00,0.00,0.0000
2026-05-30 23:30:21,brandimarte_mk03,SDT_SRWT,43,12933.33,19,RightVert_Row0,VerticalAisle,South,255,89,23.14,0.26,0.2587
2026-05-30 23:30:21,brandimarte_mk03,SDT_SRWT,43,12933.33,20,RightVert_Row1,VerticalAisle,South,255,15,3.90,0.26,0.0556
2026-05-30 23:30:21,brandimarte_mk03,SDT_SRWT,43,12933.33,21,RightVert_BotConn,VerticalAisle,South,165,0,0.00,0.00,0.0000
2026-05-30 23:35:41,brandimarte_mk03,SDT_SRWT,44,12933.34,0,RowAisle0_Seg0,RowAisle,East,240,82,21.32,0.26,0.2547
2026-05-30 23:35:41,brandimarte_mk03,SDT_SRWT,44,12933.34,1,RowAisle0_Seg1,RowAisle,East,240,202,52.52,0.26,0.4570
2026-05-30 23:35:41,brandimarte_mk03,SDT_SRWT,44,12933.34,2,RowAisle0_Seg2,RowAisle,East,240,42,10.91,0.26,0.1489
2026-05-30 23:35:41,brandimarte_mk03,SDT_SRWT,44,12933.34,3,RowAisle1_Seg0,RowAisle,West,90,29,7.55,0.26,0.2437
2026-05-30 23:35:41,brandimarte_mk03,SDT_SRWT,44,12933.34,4,RowAisle1_Seg1,RowAisle,West,90,6,1.56,0.26,0.0625
2026-05-30 23:35:41,brandimarte_mk03,SDT_SRWT,44,12933.34,5,RowAisle1_Seg2,RowAisle,West,90,413,107.38,0.26,0.8211
2026-05-30 23:35:41,brandimarte_mk03,SDT_SRWT,44,12933.34,6,TopSpine_Seg0,SpineAisle,East,15,0,0.00,0.00,0.0000
2026-05-30 23:35:41,brandimarte_mk03,SDT_SRWT,44,12933.34,7,TopSpine_Seg1,SpineAisle,East,15,0,0.00,0.00,0.0000
2026-05-30 23:35:41,brandimarte_mk03,SDT_SRWT,44,12933.34,8,TopSpine_Seg2,SpineAisle,East,15,0,0.00,0.00,0.0000
2026-05-30 23:35:41,brandimarte_mk03,SDT_SRWT,44,12933.34,9,TopSpine_Seg3,SpineAisle,East,15,0,0.00,0.00,0.0000
2026-05-30 23:35:41,brandimarte_mk03,SDT_SRWT,44,12933.34,10,BotSpine_Seg0,SpineAisle,West,165,0,0.00,0.00,0.0000
2026-05-30 23:35:41,brandimarte_mk03,SDT_SRWT,44,12933.34,11,BotSpine_Seg1,SpineAisle,West,165,0,0.00,0.00,0.0000
2026-05-30 23:35:41,brandimarte_mk03,SDT_SRWT,44,12933.34,12,BotSpine_Seg2,SpineAisle,West,165,0,0.00,0.00,0.0000
2026-05-30 23:35:41,brandimarte_mk03,SDT_SRWT,44,12933.34,13,BotSpine_Seg3,SpineAisle,West,165,0,0.00,0.00,0.0000
2026-05-30 23:35:41,brandimarte_mk03,SDT_SRWT,44,12933.34,14,LeftVert_TopConn,VerticalAisle,North,15,0,0.00,0.00,0.0000
2026-05-30 23:35:41,brandimarte_mk03,SDT_SRWT,44,12933.34,15,LeftVert_Row0,VerticalAisle,North,255,1118,290.68,0.26,0.8143
2026-05-30 23:35:41,brandimarte_mk03,SDT_SRWT,44,12933.34,16,LeftVert_Row1,VerticalAisle,North,255,40,10.41,0.26,0.1356
2026-05-30 23:35:41,brandimarte_mk03,SDT_SRWT,44,12933.34,17,LeftVert_BotConn,VerticalAisle,North,165,600,156.00,0.26,0.7843
2026-05-30 23:35:41,brandimarte_mk03,SDT_SRWT,44,12933.34,18,RightVert_TopConn,VerticalAisle,South,15,0,0.00,0.00,0.0000
2026-05-30 23:35:41,brandimarte_mk03,SDT_SRWT,44,12933.34,19,RightVert_Row0,VerticalAisle,South,255,88,22.88,0.26,0.2566
2026-05-30 23:35:41,brandimarte_mk03,SDT_SRWT,44,12933.34,20,RightVert_Row1,VerticalAisle,South,255,15,3.90,0.26,0.0556
2026-05-30 23:35:41,brandimarte_mk03,SDT_SRWT,44,12933.34,21,RightVert_BotConn,VerticalAisle,South,165,0,0.00,0.00,0.0000
2026-05-30 23:38:23,brandimarte_mk04,SDT_SRWT,42,6500.00,0,RowAisle0_Seg0,RowAisle,East,140,368,95.68,0.26,0.7244
2026-05-30 23:38:23,brandimarte_mk04,SDT_SRWT,42,6500.00,1,RowAisle0_Seg1,RowAisle,East,140,423,109.99,0.26,0.7513
2026-05-30 23:38:23,brandimarte_mk04,SDT_SRWT,42,6500.00,2,RowAisle0_Seg2,RowAisle,East,140,10,2.60,0.26,0.0667
2026-05-30 23:38:23,brandimarte_mk04,SDT_SRWT,42,6500.00,3,RowAisle1_Seg0,RowAisle,West,50,17,4.42,0.26,0.2537
2026-05-30 23:38:23,brandimarte_mk04,SDT_SRWT,42,6500.00,4,RowAisle1_Seg1,RowAisle,West,50,0,0.00,0.00,0.0000
2026-05-30 23:38:23,brandimarte_mk04,SDT_SRWT,42,6500.00,5,RowAisle1_Seg2,RowAisle,West,50,0,0.00,0.00,0.0000
2026-05-30 23:38:23,brandimarte_mk04,SDT_SRWT,42,6500.00,6,TopSpine_Seg0,SpineAisle,East,15,0,0.00,0.00,0.0000
2026-05-30 23:38:23,brandimarte_mk04,SDT_SRWT,42,6500.00,7,TopSpine_Seg1,SpineAisle,East,15,0,0.00,0.00,0.0000
2026-05-30 23:38:23,brandimarte_mk04,SDT_SRWT,42,6500.00,8,TopSpine_Seg2,SpineAisle,East,15,0,0.00,0.00,0.0000
2026-05-30 23:38:23,brandimarte_mk04,SDT_SRWT,42,6500.00,9,TopSpine_Seg3,SpineAisle,East,15,0,0.00,0.00,0.0000
2026-05-30 23:38:23,brandimarte_mk04,SDT_SRWT,42,6500.00,10,BotSpine_Seg0,SpineAisle,West,105,0,0.00,0.00,0.0000
2026-05-30 23:38:23,brandimarte_mk04,SDT_SRWT,42,6500.00,11,BotSpine_Seg1,SpineAisle,West,105,0,0.00,0.00,0.0000
2026-05-30 23:38:23,brandimarte_mk04,SDT_SRWT,42,6500.00,12,BotSpine_Seg2,SpineAisle,West,105,0,0.00,0.00,0.0000
2026-05-30 23:38:23,brandimarte_mk04,SDT_SRWT,42,6500.00,13,BotSpine_Seg3,SpineAisle,West,105,0,0.00,0.00,0.0000
2026-05-30 23:38:23,brandimarte_mk04,SDT_SRWT,42,6500.00,14,LeftVert_TopConn,VerticalAisle,North,15,0,0.00,0.00,0.0000
2026-05-30 23:38:23,brandimarte_mk04,SDT_SRWT,42,6500.00,15,LeftVert_Row0,VerticalAisle,North,155,678,176.28,0.26,0.8139
2026-05-30 23:38:23,brandimarte_mk04,SDT_SRWT,42,6500.00,16,LeftVert_Row1,VerticalAisle,North,155,51,13.26,0.26,0.2476
2026-05-30 23:38:23,brandimarte_mk04,SDT_SRWT,42,6500.00,17,LeftVert_BotConn,VerticalAisle,North,105,619,160.93,0.26,0.8550
2026-05-30 23:38:23,brandimarte_mk04,SDT_SRWT,42,6500.00,18,RightVert_TopConn,VerticalAisle,South,15,0,0.00,0.00,0.0000
2026-05-30 23:38:23,brandimarte_mk04,SDT_SRWT,42,6500.00,19,RightVert_Row0,VerticalAisle,South,155,2,0.52,0.26,0.0127
2026-05-30 23:38:23,brandimarte_mk04,SDT_SRWT,42,6500.00,20,RightVert_Row1,VerticalAisle,South,155,2,0.52,0.26,0.0127
2026-05-30 23:38:23,brandimarte_mk04,SDT_SRWT,42,6500.00,21,RightVert_BotConn,VerticalAisle,South,105,0,0.00,0.00,0.0000
2026-05-30 23:41:03,brandimarte_mk04,SDT_SRWT,43,6500.00,0,RowAisle0_Seg0,RowAisle,East,140,366,95.16,0.26,0.7233
2026-05-30 23:41:03,brandimarte_mk04,SDT_SRWT,43,6500.00,1,RowAisle0_Seg1,RowAisle,East,140,423,109.98,0.26,0.7513
2026-05-30 23:41:03,brandimarte_mk04,SDT_SRWT,43,6500.00,2,RowAisle0_Seg2,RowAisle,East,140,10,2.60,0.26,0.0667
2026-05-30 23:41:03,brandimarte_mk04,SDT_SRWT,43,6500.00,3,RowAisle1_Seg0,RowAisle,West,50,17,4.42,0.26,0.2537
2026-05-30 23:41:03,brandimarte_mk04,SDT_SRWT,43,6500.00,4,RowAisle1_Seg1,RowAisle,West,50,0,0.00,0.00,0.0000
2026-05-30 23:41:03,brandimarte_mk04,SDT_SRWT,43,6500.00,5,RowAisle1_Seg2,RowAisle,West,50,0,0.00,0.00,0.0000
2026-05-30 23:41:03,brandimarte_mk04,SDT_SRWT,43,6500.00,6,TopSpine_Seg0,SpineAisle,East,15,0,0.00,0.00,0.0000
2026-05-30 23:41:03,brandimarte_mk04,SDT_SRWT,43,6500.00,7,TopSpine_Seg1,SpineAisle,East,15,0,0.00,0.00,0.0000
2026-05-30 23:41:03,brandimarte_mk04,SDT_SRWT,43,6500.00,8,TopSpine_Seg2,SpineAisle,East,15,0,0.00,0.00,0.0000
2026-05-30 23:41:03,brandimarte_mk04,SDT_SRWT,43,6500.00,9,TopSpine_Seg3,SpineAisle,East,15,0,0.00,0.00,0.0000
2026-05-30 23:41:03,brandimarte_mk04,SDT_SRWT,43,6500.00,10,BotSpine_Seg0,SpineAisle,West,105,0,0.00,0.00,0.0000
2026-05-30 23:41:03,brandimarte_mk04,SDT_SRWT,43,6500.00,11,BotSpine_Seg1,SpineAisle,West,105,0,0.00,0.00,0.0000
2026-05-30 23:41:03,brandimarte_mk04,SDT_SRWT,43,6500.00,12,BotSpine_Seg2,SpineAisle,West,105,0,0.00,0.00,0.0000
2026-05-30 23:41:03,brandimarte_mk04,SDT_SRWT,43,6500.00,13,BotSpine_Seg3,SpineAisle,West,105,0,0.00,0.00,0.0000
2026-05-30 23:41:03,brandimarte_mk04,SDT_SRWT,43,6500.00,14,LeftVert_TopConn,VerticalAisle,North,15,0,0.00,0.00,0.0000
2026-05-30 23:41:03,brandimarte_mk04,SDT_SRWT,43,6500.00,15,LeftVert_Row0,VerticalAisle,North,155,679,176.54,0.26,0.8141
2026-05-30 23:41:03,brandimarte_mk04,SDT_SRWT,43,6500.00,16,LeftVert_Row1,VerticalAisle,North,155,51,13.27,0.26,0.2476
2026-05-30 23:41:03,brandimarte_mk04,SDT_SRWT,43,6500.00,17,LeftVert_BotConn,VerticalAisle,North,105,619,160.96,0.26,0.8550
2026-05-30 23:41:03,brandimarte_mk04,SDT_SRWT,43,6500.00,18,RightVert_TopConn,VerticalAisle,South,15,0,0.00,0.00,0.0000
2026-05-30 23:41:03,brandimarte_mk04,SDT_SRWT,43,6500.00,19,RightVert_Row0,VerticalAisle,South,155,2,0.52,0.26,0.0127
2026-05-30 23:41:03,brandimarte_mk04,SDT_SRWT,43,6500.00,20,RightVert_Row1,VerticalAisle,South,155,2,0.52,0.26,0.0127
2026-05-30 23:41:03,brandimarte_mk04,SDT_SRWT,43,6500.00,21,RightVert_BotConn,VerticalAisle,South,105,0,0.00,0.00,0.0000
2026-05-30 23:43:45,brandimarte_mk04,SDT_SRWT,44,6500.00,0,RowAisle0_Seg0,RowAisle,East,140,367,95.42,0.26,0.7239
2026-05-30 23:43:45,brandimarte_mk04,SDT_SRWT,44,6500.00,1,RowAisle0_Seg1,RowAisle,East,140,423,109.97,0.26,0.7513
2026-05-30 23:43:45,brandimarte_mk04,SDT_SRWT,44,6500.00,2,RowAisle0_Seg2,RowAisle,East,140,9,2.33,0.26,0.0604
2026-05-30 23:43:45,brandimarte_mk04,SDT_SRWT,44,6500.00,3,RowAisle1_Seg0,RowAisle,West,50,17,4.42,0.26,0.2537
2026-05-30 23:43:45,brandimarte_mk04,SDT_SRWT,44,6500.00,4,RowAisle1_Seg1,RowAisle,West,50,0,0.00,0.00,0.0000
2026-05-30 23:43:45,brandimarte_mk04,SDT_SRWT,44,6500.00,5,RowAisle1_Seg2,RowAisle,West,50,0,0.00,0.00,0.0000
2026-05-30 23:43:45,brandimarte_mk04,SDT_SRWT,44,6500.00,6,TopSpine_Seg0,SpineAisle,East,15,0,0.00,0.00,0.0000
2026-05-30 23:43:45,brandimarte_mk04,SDT_SRWT,44,6500.00,7,TopSpine_Seg1,SpineAisle,East,15,0,0.00,0.00,0.0000
2026-05-30 23:43:45,brandimarte_mk04,SDT_SRWT,44,6500.00,8,TopSpine_Seg2,SpineAisle,East,15,0,0.00,0.00,0.0000
2026-05-30 23:43:45,brandimarte_mk04,SDT_SRWT,44,6500.00,9,TopSpine_Seg3,SpineAisle,East,15,0,0.00,0.00,0.0000
2026-05-30 23:43:45,brandimarte_mk04,SDT_SRWT,44,6500.00,10,BotSpine_Seg0,SpineAisle,West,105,0,0.00,0.00,0.0000
2026-05-30 23:43:45,brandimarte_mk04,SDT_SRWT,44,6500.00,11,BotSpine_Seg1,SpineAisle,West,105,0,0.00,0.00,0.0000
2026-05-30 23:43:45,brandimarte_mk04,SDT_SRWT,44,6500.00,12,BotSpine_Seg2,SpineAisle,West,105,0,0.00,0.00,0.0000
2026-05-30 23:43:45,brandimarte_mk04,SDT_SRWT,44,6500.00,13,BotSpine_Seg3,SpineAisle,West,105,0,0.00,0.00,0.0000
2026-05-30 23:43:45,brandimarte_mk04,SDT_SRWT,44,6500.00,14,LeftVert_TopConn,VerticalAisle,North,15,0,0.00,0.00,0.0000
2026-05-30 23:43:45,brandimarte_mk04,SDT_SRWT,44,6500.00,15,LeftVert_Row0,VerticalAisle,North,155,678,176.28,0.26,0.8139
2026-05-30 23:43:45,brandimarte_mk04,SDT_SRWT,44,6500.00,16,LeftVert_Row1,VerticalAisle,North,155,49,12.74,0.26,0.2402
2026-05-30 23:43:45,brandimarte_mk04,SDT_SRWT,44,6500.00,17,LeftVert_BotConn,VerticalAisle,North,105,619,160.96,0.26,0.8550
2026-05-30 23:43:45,brandimarte_mk04,SDT_SRWT,44,6500.00,18,RightVert_TopConn,VerticalAisle,South,15,0,0.00,0.00,0.0000
2026-05-30 23:43:45,brandimarte_mk04,SDT_SRWT,44,6500.00,19,RightVert_Row0,VerticalAisle,South,155,2,0.52,0.26,0.0127
2026-05-30 23:43:45,brandimarte_mk04,SDT_SRWT,44,6500.00,20,RightVert_Row1,VerticalAisle,South,155,3,0.78,0.26,0.0190
2026-05-30 23:43:45,brandimarte_mk04,SDT_SRWT,44,6500.00,21,RightVert_BotConn,VerticalAisle,South,105,0,0.00,0.00,0.0000
2026-05-30 23:48:02,brandimarte_mk06,SDT_SRWT,42,10500.00,0,RowAisle0_Seg0,RowAisle,East,223,694,180.45,0.26,0.7568
2026-05-30 23:48:02,brandimarte_mk06,SDT_SRWT,42,10500.00,1,RowAisle0_Seg1,RowAisle,East,223,1529,397.56,0.26,0.8727
2026-05-30 23:48:02,brandimarte_mk06,SDT_SRWT,42,10500.00,2,RowAisle0_Seg2,RowAisle,East,223,259,67.34,0.26,0.5373
2026-05-30 23:48:02,brandimarte_mk06,SDT_SRWT,42,10500.00,3,RowAisle0_Seg3,RowAisle,East,223,28,7.28,0.26,0.1116
2026-05-30 23:48:02,brandimarte_mk06,SDT_SRWT,42,10500.00,4,RowAisle1_Seg0,RowAisle,West,73,58,15.08,0.26,0.4427
2026-05-30 23:48:02,brandimarte_mk06,SDT_SRWT,42,10500.00,5,RowAisle1_Seg1,RowAisle,West,73,61,15.85,0.26,0.4552
2026-05-30 23:48:02,brandimarte_mk06,SDT_SRWT,42,10500.00,6,RowAisle1_Seg2,RowAisle,West,73,27,7.02,0.26,0.2700
2026-05-30 23:48:02,brandimarte_mk06,SDT_SRWT,42,10500.00,7,RowAisle1_Seg3,RowAisle,West,73,39,10.14,0.26,0.3482
2026-05-30 23:48:02,brandimarte_mk06,SDT_SRWT,42,10500.00,8,TopSpine_Seg0,SpineAisle,East,10,0,0.00,0.00,0.0000
2026-05-30 23:48:02,brandimarte_mk06,SDT_SRWT,42,10500.00,9,TopSpine_Seg1,SpineAisle,East,10,0,0.00,0.00,0.0000
2026-05-30 23:48:02,brandimarte_mk06,SDT_SRWT,42,10500.00,10,TopSpine_Seg2,SpineAisle,East,10,0,0.00,0.00,0.0000
2026-05-30 23:48:02,brandimarte_mk06,SDT_SRWT,42,10500.00,11,TopSpine_Seg3,SpineAisle,East,10,0,0.00,0.00,0.0000
2026-05-30 23:48:02,brandimarte_mk06,SDT_SRWT,42,10500.00,12,TopSpine_Seg4,SpineAisle,East,10,0,0.00,0.00,0.0000
2026-05-30 23:48:02,brandimarte_mk06,SDT_SRWT,42,10500.00,13,BotSpine_Seg0,SpineAisle,West,160,0,0.00,0.00,0.0000
2026-05-30 23:48:02,brandimarte_mk06,SDT_SRWT,42,10500.00,14,BotSpine_Seg1,SpineAisle,West,160,0,0.00,0.00,0.0000
2026-05-30 23:48:02,brandimarte_mk06,SDT_SRWT,42,10500.00,15,BotSpine_Seg2,SpineAisle,West,160,0,0.00,0.00,0.0000
2026-05-30 23:48:02,brandimarte_mk06,SDT_SRWT,42,10500.00,16,BotSpine_Seg3,SpineAisle,West,160,0,0.00,0.00,0.0000
2026-05-30 23:48:02,brandimarte_mk06,SDT_SRWT,42,10500.00,17,BotSpine_Seg4,SpineAisle,West,160,0,0.00,0.00,0.0000
2026-05-30 23:48:02,brandimarte_mk06,SDT_SRWT,42,10500.00,18,LeftVert_TopConn,VerticalAisle,North,10,0,0.00,0.00,0.0000
2026-05-30 23:48:02,brandimarte_mk06,SDT_SRWT,42,10500.00,19,LeftVert_Row0,VerticalAisle,North,233,2903,754.74,0.26,0.9257
2026-05-30 23:48:02,brandimarte_mk06,SDT_SRWT,42,10500.00,20,LeftVert_Row1,VerticalAisle,North,233,557,144.83,0.26,0.7051
2026-05-30 23:48:02,brandimarte_mk06,SDT_SRWT,42,10500.00,21,LeftVert_BotConn,VerticalAisle,North,160,1682,437.34,0.26,0.9131
2026-05-30 23:48:02,brandimarte_mk06,SDT_SRWT,42,10500.00,22,RightVert_TopConn,VerticalAisle,South,10,0,0.00,0.00,0.0000
2026-05-30 23:48:02,brandimarte_mk06,SDT_SRWT,42,10500.00,23,RightVert_Row0,VerticalAisle,South,233,18,4.67,0.26,0.0717
2026-05-30 23:48:02,brandimarte_mk06,SDT_SRWT,42,10500.00,24,RightVert_Row1,VerticalAisle,South,233,25,6.50,0.26,0.0969
2026-05-30 23:48:02,brandimarte_mk06,SDT_SRWT,42,10500.00,25,RightVert_BotConn,VerticalAisle,South,160,0,0.00,0.00,0.0000
2026-05-30 23:52:20,brandimarte_mk06,SDT_SRWT,43,10500.00,0,RowAisle0_Seg0,RowAisle,East,223,694,180.43,0.26,0.7568
2026-05-30 23:52:20,brandimarte_mk06,SDT_SRWT,43,10500.00,1,RowAisle0_Seg1,RowAisle,East,223,1529,397.56,0.26,0.8727
2026-05-30 23:52:20,brandimarte_mk06,SDT_SRWT,43,10500.00,2,RowAisle0_Seg2,RowAisle,East,223,259,67.34,0.26,0.5373
2026-05-30 23:52:20,brandimarte_mk06,SDT_SRWT,43,10500.00,3,RowAisle0_Seg3,RowAisle,East,223,28,7.28,0.26,0.1116
2026-05-30 23:52:20,brandimarte_mk06,SDT_SRWT,43,10500.00,4,RowAisle1_Seg0,RowAisle,West,73,58,15.08,0.26,0.4427
2026-05-30 23:52:20,brandimarte_mk06,SDT_SRWT,43,10500.00,5,RowAisle1_Seg1,RowAisle,West,73,61,15.85,0.26,0.4552
2026-05-30 23:52:20,brandimarte_mk06,SDT_SRWT,43,10500.00,6,RowAisle1_Seg2,RowAisle,West,73,27,7.02,0.26,0.2700
2026-05-30 23:52:20,brandimarte_mk06,SDT_SRWT,43,10500.00,7,RowAisle1_Seg3,RowAisle,West,73,39,10.14,0.26,0.3482
2026-05-30 23:52:20,brandimarte_mk06,SDT_SRWT,43,10500.00,8,TopSpine_Seg0,SpineAisle,East,10,0,0.00,0.00,0.0000
2026-05-30 23:52:20,brandimarte_mk06,SDT_SRWT,43,10500.00,9,TopSpine_Seg1,SpineAisle,East,10,0,0.00,0.00,0.0000
2026-05-30 23:52:20,brandimarte_mk06,SDT_SRWT,43,10500.00,10,TopSpine_Seg2,SpineAisle,East,10,0,0.00,0.00,0.0000
2026-05-30 23:52:20,brandimarte_mk06,SDT_SRWT,43,10500.00,11,TopSpine_Seg3,SpineAisle,East,10,0,0.00,0.00,0.0000
2026-05-30 23:52:20,brandimarte_mk06,SDT_SRWT,43,10500.00,12,TopSpine_Seg4,SpineAisle,East,10,0,0.00,0.00,0.0000
2026-05-30 23:52:20,brandimarte_mk06,SDT_SRWT,43,10500.00,13,BotSpine_Seg0,SpineAisle,West,160,0,0.00,0.00,0.0000
2026-05-30 23:52:20,brandimarte_mk06,SDT_SRWT,43,10500.00,14,BotSpine_Seg1,SpineAisle,West,160,0,0.00,0.00,0.0000
2026-05-30 23:52:20,brandimarte_mk06,SDT_SRWT,43,10500.00,15,BotSpine_Seg2,SpineAisle,West,160,0,0.00,0.00,0.0000
2026-05-30 23:52:20,brandimarte_mk06,SDT_SRWT,43,10500.00,16,BotSpine_Seg3,SpineAisle,West,160,0,0.00,0.00,0.0000
2026-05-30 23:52:20,brandimarte_mk06,SDT_SRWT,43,10500.00,17,BotSpine_Seg4,SpineAisle,West,160,0,0.00,0.00,0.0000
2026-05-30 23:52:20,brandimarte_mk06,SDT_SRWT,43,10500.00,18,LeftVert_TopConn,VerticalAisle,North,10,0,0.00,0.00,0.0000
2026-05-30 23:52:20,brandimarte_mk06,SDT_SRWT,43,10500.00,19,LeftVert_Row0,VerticalAisle,North,233,2903,754.74,0.26,0.9257
2026-05-30 23:52:20,brandimarte_mk06,SDT_SRWT,43,10500.00,20,LeftVert_Row1,VerticalAisle,North,233,557,144.81,0.26,0.7051
2026-05-30 23:52:20,brandimarte_mk06,SDT_SRWT,43,10500.00,21,LeftVert_BotConn,VerticalAisle,North,160,1682,437.34,0.26,0.9131
2026-05-30 23:52:20,brandimarte_mk06,SDT_SRWT,43,10500.00,22,RightVert_TopConn,VerticalAisle,South,10,0,0.00,0.00,0.0000
2026-05-30 23:52:20,brandimarte_mk06,SDT_SRWT,43,10500.00,23,RightVert_Row0,VerticalAisle,South,233,18,4.67,0.26,0.0717
2026-05-30 23:52:20,brandimarte_mk06,SDT_SRWT,43,10500.00,24,RightVert_Row1,VerticalAisle,South,233,25,6.50,0.26,0.0969
2026-05-30 23:52:20,brandimarte_mk06,SDT_SRWT,43,10500.00,25,RightVert_BotConn,VerticalAisle,South,160,0,0.00,0.00,0.0000
2026-05-30 23:56:39,brandimarte_mk06,SDT_SRWT,44,10500.00,0,RowAisle0_Seg0,RowAisle,East,223,694,180.44,0.26,0.7568
2026-05-30 23:56:39,brandimarte_mk06,SDT_SRWT,44,10500.00,1,RowAisle0_Seg1,RowAisle,East,223,1531,398.08,0.26,0.8729
2026-05-30 23:56:39,brandimarte_mk06,SDT_SRWT,44,10500.00,2,RowAisle0_Seg2,RowAisle,East,223,259,67.34,0.26,0.5373
2026-05-30 23:56:39,brandimarte_mk06,SDT_SRWT,44,10500.00,3,RowAisle0_Seg3,RowAisle,East,223,29,7.54,0.26,0.1151
2026-05-30 23:56:39,brandimarte_mk06,SDT_SRWT,44,10500.00,4,RowAisle1_Seg0,RowAisle,West,73,58,15.08,0.26,0.4427
2026-05-30 23:56:39,brandimarte_mk06,SDT_SRWT,44,10500.00,5,RowAisle1_Seg1,RowAisle,West,73,61,15.86,0.26,0.4552
2026-05-30 23:56:39,brandimarte_mk06,SDT_SRWT,44,10500.00,6,RowAisle1_Seg2,RowAisle,West,73,27,7.02,0.26,0.2700
2026-05-30 23:56:39,brandimarte_mk06,SDT_SRWT,44,10500.00,7,RowAisle1_Seg3,RowAisle,West,73,39,10.14,0.26,0.3482
2026-05-30 23:56:39,brandimarte_mk06,SDT_SRWT,44,10500.00,8,TopSpine_Seg0,SpineAisle,East,10,0,0.00,0.00,0.0000
2026-05-30 23:56:39,brandimarte_mk06,SDT_SRWT,44,10500.00,9,TopSpine_Seg1,SpineAisle,East,10,0,0.00,0.00,0.0000
2026-05-30 23:56:39,brandimarte_mk06,SDT_SRWT,44,10500.00,10,TopSpine_Seg2,SpineAisle,East,10,0,0.00,0.00,0.0000
2026-05-30 23:56:39,brandimarte_mk06,SDT_SRWT,44,10500.00,11,TopSpine_Seg3,SpineAisle,East,10,0,0.00,0.00,0.0000
2026-05-30 23:56:39,brandimarte_mk06,SDT_SRWT,44,10500.00,12,TopSpine_Seg4,SpineAisle,East,10,0,0.00,0.00,0.0000
2026-05-30 23:56:39,brandimarte_mk06,SDT_SRWT,44,10500.00,13,BotSpine_Seg0,SpineAisle,West,160,0,0.00,0.00,0.0000
2026-05-30 23:56:39,brandimarte_mk06,SDT_SRWT,44,10500.00,14,BotSpine_Seg1,SpineAisle,West,160,0,0.00,0.00,0.0000
2026-05-30 23:56:39,brandimarte_mk06,SDT_SRWT,44,10500.00,15,BotSpine_Seg2,SpineAisle,West,160,0,0.00,0.00,0.0000
2026-05-30 23:56:39,brandimarte_mk06,SDT_SRWT,44,10500.00,16,BotSpine_Seg3,SpineAisle,West,160,0,0.00,0.00,0.0000
2026-05-30 23:56:39,brandimarte_mk06,SDT_SRWT,44,10500.00,17,BotSpine_Seg4,SpineAisle,West,160,0,0.00,0.00,0.0000
2026-05-30 23:56:39,brandimarte_mk06,SDT_SRWT,44,10500.00,18,LeftVert_TopConn,VerticalAisle,North,10,0,0.00,0.00,0.0000
2026-05-30 23:56:39,brandimarte_mk06,SDT_SRWT,44,10500.00,19,LeftVert_Row0,VerticalAisle,North,233,2909,756.36,0.26,0.9258
2026-05-30 23:56:39,brandimarte_mk06,SDT_SRWT,44,10500.00,20,LeftVert_Row1,VerticalAisle,North,233,557,144.82,0.26,0.7051
2026-05-30 23:56:39,brandimarte_mk06,SDT_SRWT,44,10500.00,21,LeftVert_BotConn,VerticalAisle,North,160,1680,436.80,0.26,0.9130
2026-05-30 23:56:39,brandimarte_mk06,SDT_SRWT,44,10500.00,22,RightVert_TopConn,VerticalAisle,South,10,0,0.00,0.00,0.0000
2026-05-30 23:56:39,brandimarte_mk06,SDT_SRWT,44,10500.00,23,RightVert_Row0,VerticalAisle,South,233,18,4.67,0.26,0.0717
2026-05-30 23:56:39,brandimarte_mk06,SDT_SRWT,44,10500.00,24,RightVert_Row1,VerticalAisle,South,233,24,6.24,0.26,0.0934
2026-05-30 23:56:39,brandimarte_mk06,SDT_SRWT,44,10500.00,25,RightVert_BotConn,VerticalAisle,South,160,0,0.00,0.00,0.0000
2026-05-31 00:00:16,brandimarte_mk07,SDT_SRWT,42,8700.00,0,RowAisle0_Seg0,RowAisle,East,154,1085,282.09,0.26,0.8757
2026-05-31 00:00:16,brandimarte_mk07,SDT_SRWT,42,8700.00,1,RowAisle0_Seg1,RowAisle,East,154,198,51.48,0.26,0.5625
2026-05-31 00:00:16,brandimarte_mk07,SDT_SRWT,42,8700.00,2,RowAisle0_Seg2,RowAisle,East,154,7,1.82,0.26,0.0435
2026-05-31 00:00:16,brandimarte_mk07,SDT_SRWT,42,8700.00,3,TopSpine_Seg0,SpineAisle,East,20,0,0.00,0.00,0.0000
2026-05-31 00:00:16,brandimarte_mk07,SDT_SRWT,42,8700.00,4,TopSpine_Seg1,SpineAisle,East,20,0,0.00,0.00,0.0000
2026-05-31 00:00:16,brandimarte_mk07,SDT_SRWT,42,8700.00,5,TopSpine_Seg2,SpineAisle,East,20,0,0.00,0.00,0.0000
2026-05-31 00:00:16,brandimarte_mk07,SDT_SRWT,42,8700.00,6,TopSpine_Seg3,SpineAisle,East,20,0,0.00,0.00,0.0000
2026-05-31 00:00:16,brandimarte_mk07,SDT_SRWT,42,8700.00,7,BotSpine_Seg0,SpineAisle,West,174,0,0.00,0.00,0.0000
2026-05-31 00:00:16,brandimarte_mk07,SDT_SRWT,42,8700.00,8,BotSpine_Seg1,SpineAisle,West,174,0,0.00,0.00,0.0000
2026-05-31 00:00:16,brandimarte_mk07,SDT_SRWT,42,8700.00,9,BotSpine_Seg2,SpineAisle,West,174,0,0.00,0.00,0.0000
2026-05-31 00:00:16,brandimarte_mk07,SDT_SRWT,42,8700.00,10,BotSpine_Seg3,SpineAisle,West,174,0,0.00,0.00,0.0000
2026-05-31 00:00:16,brandimarte_mk07,SDT_SRWT,42,8700.00,11,LeftVert_TopConn,VerticalAisle,North,20,0,0.00,0.00,0.0000
2026-05-31 00:00:16,brandimarte_mk07,SDT_SRWT,42,8700.00,12,LeftVert_Row0,VerticalAisle,North,174,538,139.90,0.26,0.7556
2026-05-31 00:00:16,brandimarte_mk07,SDT_SRWT,42,8700.00,13,LeftVert_BotConn,VerticalAisle,North,174,546,141.96,0.26,0.7583
2026-05-31 00:00:16,brandimarte_mk07,SDT_SRWT,42,8700.00,14,RightVert_TopConn,VerticalAisle,South,20,0,0.00,0.00,0.0000
2026-05-31 00:00:16,brandimarte_mk07,SDT_SRWT,42,8700.00,15,RightVert_Row0,VerticalAisle,South,174,0,0.00,0.00,0.0000
2026-05-31 00:00:16,brandimarte_mk07,SDT_SRWT,42,8700.00,16,RightVert_BotConn,VerticalAisle,South,174,7,1.83,0.26,0.0387
2026-05-31 00:03:52,brandimarte_mk07,SDT_SRWT,43,8700.00,0,RowAisle0_Seg0,RowAisle,East,154,1085,282.10,0.26,0.8757
2026-05-31 00:03:52,brandimarte_mk07,SDT_SRWT,43,8700.00,1,RowAisle0_Seg1,RowAisle,East,154,198,51.49,0.26,0.5625
2026-05-31 00:03:52,brandimarte_mk07,SDT_SRWT,43,8700.00,2,RowAisle0_Seg2,RowAisle,East,154,7,1.80,0.26,0.0435
2026-05-31 00:03:52,brandimarte_mk07,SDT_SRWT,43,8700.00,3,TopSpine_Seg0,SpineAisle,East,20,0,0.00,0.00,0.0000
2026-05-31 00:03:52,brandimarte_mk07,SDT_SRWT,43,8700.00,4,TopSpine_Seg1,SpineAisle,East,20,0,0.00,0.00,0.0000
2026-05-31 00:03:52,brandimarte_mk07,SDT_SRWT,43,8700.00,5,TopSpine_Seg2,SpineAisle,East,20,0,0.00,0.00,0.0000
2026-05-31 00:03:52,brandimarte_mk07,SDT_SRWT,43,8700.00,6,TopSpine_Seg3,SpineAisle,East,20,0,0.00,0.00,0.0000
2026-05-31 00:03:52,brandimarte_mk07,SDT_SRWT,43,8700.00,7,BotSpine_Seg0,SpineAisle,West,174,0,0.00,0.00,0.0000
2026-05-31 00:03:52,brandimarte_mk07,SDT_SRWT,43,8700.00,8,BotSpine_Seg1,SpineAisle,West,174,0,0.00,0.00,0.0000
2026-05-31 00:03:52,brandimarte_mk07,SDT_SRWT,43,8700.00,9,BotSpine_Seg2,SpineAisle,West,174,0,0.00,0.00,0.0000
2026-05-31 00:03:52,brandimarte_mk07,SDT_SRWT,43,8700.00,10,BotSpine_Seg3,SpineAisle,West,174,0,0.00,0.00,0.0000
2026-05-31 00:03:52,brandimarte_mk07,SDT_SRWT,43,8700.00,11,LeftVert_TopConn,VerticalAisle,North,20,0,0.00,0.00,0.0000
2026-05-31 00:03:52,brandimarte_mk07,SDT_SRWT,43,8700.00,12,LeftVert_Row0,VerticalAisle,North,174,538,139.88,0.26,0.7556
2026-05-31 00:03:52,brandimarte_mk07,SDT_SRWT,43,8700.00,13,LeftVert_BotConn,VerticalAisle,North,174,546,141.95,0.26,0.7583
2026-05-31 00:03:52,brandimarte_mk07,SDT_SRWT,43,8700.00,14,RightVert_TopConn,VerticalAisle,South,20,0,0.00,0.00,0.0000
2026-05-31 00:03:52,brandimarte_mk07,SDT_SRWT,43,8700.00,15,RightVert_Row0,VerticalAisle,South,174,0,0.00,0.00,0.0000
2026-05-31 00:03:52,brandimarte_mk07,SDT_SRWT,43,8700.00,16,RightVert_BotConn,VerticalAisle,South,174,7,1.82,0.26,0.0387
2026-05-31 00:07:28,brandimarte_mk07,SDT_SRWT,44,8700.00,0,RowAisle0_Seg0,RowAisle,East,154,1085,282.09,0.26,0.8757
2026-05-31 00:07:28,brandimarte_mk07,SDT_SRWT,44,8700.00,1,RowAisle0_Seg1,RowAisle,East,154,198,51.48,0.26,0.5625
2026-05-31 00:07:28,brandimarte_mk07,SDT_SRWT,44,8700.00,2,RowAisle0_Seg2,RowAisle,East,154,7,1.82,0.26,0.0435
2026-05-31 00:07:28,brandimarte_mk07,SDT_SRWT,44,8700.00,3,TopSpine_Seg0,SpineAisle,East,20,0,0.00,0.00,0.0000
2026-05-31 00:07:28,brandimarte_mk07,SDT_SRWT,44,8700.00,4,TopSpine_Seg1,SpineAisle,East,20,0,0.00,0.00,0.0000
2026-05-31 00:07:28,brandimarte_mk07,SDT_SRWT,44,8700.00,5,TopSpine_Seg2,SpineAisle,East,20,0,0.00,0.00,0.0000
2026-05-31 00:07:28,brandimarte_mk07,SDT_SRWT,44,8700.00,6,TopSpine_Seg3,SpineAisle,East,20,0,0.00,0.00,0.0000
2026-05-31 00:07:28,brandimarte_mk07,SDT_SRWT,44,8700.00,7,BotSpine_Seg0,SpineAisle,West,174,0,0.00,0.00,0.0000
2026-05-31 00:07:28,brandimarte_mk07,SDT_SRWT,44,8700.00,8,BotSpine_Seg1,SpineAisle,West,174,0,0.00,0.00,0.0000
2026-05-31 00:07:28,brandimarte_mk07,SDT_SRWT,44,8700.00,9,BotSpine_Seg2,SpineAisle,West,174,0,0.00,0.00,0.0000
2026-05-31 00:07:28,brandimarte_mk07,SDT_SRWT,44,8700.00,10,BotSpine_Seg3,SpineAisle,West,174,0,0.00,0.00,0.0000
2026-05-31 00:07:28,brandimarte_mk07,SDT_SRWT,44,8700.00,11,LeftVert_TopConn,VerticalAisle,North,20,0,0.00,0.00,0.0000
2026-05-31 00:07:28,brandimarte_mk07,SDT_SRWT,44,8700.00,12,LeftVert_Row0,VerticalAisle,North,174,538,139.88,0.26,0.7556
2026-05-31 00:07:28,brandimarte_mk07,SDT_SRWT,44,8700.00,13,LeftVert_BotConn,VerticalAisle,North,174,545,141.70,0.26,0.7580
2026-05-31 00:07:28,brandimarte_mk07,SDT_SRWT,44,8700.00,14,RightVert_TopConn,VerticalAisle,South,20,0,0.00,0.00,0.0000
2026-05-31 00:07:28,brandimarte_mk07,SDT_SRWT,44,8700.00,15,RightVert_Row0,VerticalAisle,South,174,0,0.00,0.00,0.0000
2026-05-31 00:07:28,brandimarte_mk07,SDT_SRWT,44,8700.00,16,RightVert_BotConn,VerticalAisle,South,174,7,1.82,0.26,0.0387
2026-05-31 00:15:06,brandimarte_mk10,SDT_SRWT,42,18366.66,0,RowAisle0_Seg0,RowAisle,East,361,717,179.39,0.25,0.6651
2026-05-31 00:15:06,brandimarte_mk10,SDT_SRWT,42,18366.66,1,RowAisle0_Seg1,RowAisle,East,361,1330,332.69,0.25,0.7865
2026-05-31 00:15:06,brandimarte_mk10,SDT_SRWT,42,18366.66,2,RowAisle0_Seg2,RowAisle,East,361,76,19.05,0.25,0.1739
2026-05-31 00:15:06,brandimarte_mk10,SDT_SRWT,42,18366.66,3,RowAisle0_Seg3,RowAisle,East,361,71,17.78,0.25,0.1644
2026-05-31 00:15:06,brandimarte_mk10,SDT_SRWT,42,18366.66,4,RowAisle1_Seg0,RowAisle,West,121,76,19.02,0.25,0.3858
2026-05-31 00:15:06,brandimarte_mk10,SDT_SRWT,42,18366.66,5,RowAisle1_Seg1,RowAisle,West,121,105,26.27,0.25,0.4646
2026-05-31 00:15:06,brandimarte_mk10,SDT_SRWT,42,18366.66,6,RowAisle1_Seg2,RowAisle,West,121,34,8.52,0.25,0.2194
2026-05-31 00:15:06,brandimarte_mk10,SDT_SRWT,42,18366.66,7,RowAisle1_Seg3,RowAisle,West,121,18,4.50,0.25,0.1295
2026-05-31 00:15:06,brandimarte_mk10,SDT_SRWT,42,18366.66,8,RowAisle2_Seg0,RowAisle,East,4,0,0.00,0.00,0.0000
2026-05-31 00:15:06,brandimarte_mk10,SDT_SRWT,42,18366.66,9,RowAisle2_Seg1,RowAisle,East,4,0,0.00,0.00,0.0000
2026-05-31 00:15:06,brandimarte_mk10,SDT_SRWT,42,18366.66,10,RowAisle2_Seg2,RowAisle,East,4,0,0.00,0.00,0.0000
2026-05-31 00:15:06,brandimarte_mk10,SDT_SRWT,42,18366.66,11,RowAisle2_Seg3,RowAisle,East,4,0,0.00,0.00,0.0000
2026-05-31 00:15:06,brandimarte_mk10,SDT_SRWT,42,18366.66,12,TopSpine_Seg0,SpineAisle,East,20,0,0.00,0.00,0.0000
2026-05-31 00:15:06,brandimarte_mk10,SDT_SRWT,42,18366.66,13,TopSpine_Seg1,SpineAisle,East,20,0,0.00,0.00,0.0000
2026-05-31 00:15:06,brandimarte_mk10,SDT_SRWT,42,18366.66,14,TopSpine_Seg2,SpineAisle,East,20,0,0.00,0.00,0.0000
2026-05-31 00:15:06,brandimarte_mk10,SDT_SRWT,42,18366.66,15,TopSpine_Seg3,SpineAisle,East,20,0,0.00,0.00,0.0000
2026-05-31 00:15:06,brandimarte_mk10,SDT_SRWT,42,18366.66,16,TopSpine_Seg4,SpineAisle,East,20,0,0.00,0.00,0.0000
2026-05-31 00:15:06,brandimarte_mk10,SDT_SRWT,42,18366.66,17,BotSpine_Seg0,SpineAisle,West,263,0,0.00,0.00,0.0000
2026-05-31 00:15:06,brandimarte_mk10,SDT_SRWT,42,18366.66,18,BotSpine_Seg1,SpineAisle,West,264,0,0.00,0.00,0.0000
2026-05-31 00:15:06,brandimarte_mk10,SDT_SRWT,42,18366.66,19,BotSpine_Seg2,SpineAisle,West,264,0,0.00,0.00,0.0000
2026-05-31 00:15:06,brandimarte_mk10,SDT_SRWT,42,18366.66,20,BotSpine_Seg3,SpineAisle,West,264,0,0.00,0.00,0.0000
2026-05-31 00:15:06,brandimarte_mk10,SDT_SRWT,42,18366.66,21,BotSpine_Seg4,SpineAisle,West,264,0,0.00,0.00,0.0000
2026-05-31 00:15:06,brandimarte_mk10,SDT_SRWT,42,18366.66,22,LeftVert_TopConn,VerticalAisle,North,20,0,0.00,0.00,0.0000
2026-05-31 00:15:06,brandimarte_mk10,SDT_SRWT,42,18366.66,23,LeftVert_Row0,VerticalAisle,North,381,2672,668.23,0.25,0.8752
2026-05-31 00:15:06,brandimarte_mk10,SDT_SRWT,42,18366.66,24,LeftVert_Row1,VerticalAisle,North,381,642,160.77,0.25,0.6276
2026-05-31 00:15:06,brandimarte_mk10,SDT_SRWT,42,18366.66,25,LeftVert_Row2,VerticalAisle,North,264,1301,325.39,0.25,0.8313
2026-05-31 00:15:06,brandimarte_mk10,SDT_SRWT,42,18366.66,26,LeftVert_BotConn,VerticalAisle,North,264,3653,913.47,0.25,0.9326
2026-05-31 00:15:06,brandimarte_mk10,SDT_SRWT,42,18366.66,27,RightVert_TopConn,VerticalAisle,South,20,0,0.00,0.00,0.0000
2026-05-31 00:15:06,brandimarte_mk10,SDT_SRWT,42,18366.66,28,RightVert_Row0,VerticalAisle,South,381,33,8.36,0.25,0.0797
2026-05-31 00:15:06,brandimarte_mk10,SDT_SRWT,42,18366.66,29,RightVert_Row1,VerticalAisle,South,381,77,19.30,0.25,0.1681
2026-05-31 00:15:06,brandimarte_mk10,SDT_SRWT,42,18366.66,30,RightVert_Row2,VerticalAisle,South,264,0,0.00,0.00,0.0000
2026-05-31 00:15:06,brandimarte_mk10,SDT_SRWT,42,18366.66,31,RightVert_BotConn,VerticalAisle,South,264,0,0.00,0.00,0.0000
2026-05-31 00:22:46,brandimarte_mk10,SDT_SRWT,43,18366.67,0,RowAisle0_Seg0,RowAisle,East,361,708,177.17,0.25,0.6623
2026-05-31 00:22:46,brandimarte_mk10,SDT_SRWT,43,18366.67,1,RowAisle0_Seg1,RowAisle,East,361,1315,328.80,0.25,0.7846
2026-05-31 00:22:46,brandimarte_mk10,SDT_SRWT,43,18366.67,2,RowAisle0_Seg2,RowAisle,East,361,69,17.36,0.25,0.1605
2026-05-31 00:22:46,brandimarte_mk10,SDT_SRWT,43,18366.67,3,RowAisle0_Seg3,RowAisle,East,361,48,12.02,0.25,0.1174
2026-05-31 00:22:46,brandimarte_mk10,SDT_SRWT,43,18366.67,4,RowAisle1_Seg0,RowAisle,West,121,58,14.53,0.25,0.3240
2026-05-31 00:22:46,brandimarte_mk10,SDT_SRWT,43,18366.67,5,RowAisle1_Seg1,RowAisle,West,121,77,19.28,0.25,0.3889
2026-05-31 00:22:46,brandimarte_mk10,SDT_SRWT,43,18366.67,6,RowAisle1_Seg2,RowAisle,West,121,23,5.77,0.25,0.1597
2026-05-31 00:22:46,brandimarte_mk10,SDT_SRWT,43,18366.67,7,RowAisle1_Seg3,RowAisle,West,121,0,0.00,0.00,0.0000
2026-05-31 00:22:46,brandimarte_mk10,SDT_SRWT,43,18366.67,8,RowAisle2_Seg0,RowAisle,East,4,0,0.00,0.00,0.0000
2026-05-31 00:22:46,brandimarte_mk10,SDT_SRWT,43,18366.67,9,RowAisle2_Seg1,RowAisle,East,4,0,0.00,0.00,0.0000
2026-05-31 00:22:46,brandimarte_mk10,SDT_SRWT,43,18366.67,10,RowAisle2_Seg2,RowAisle,East,4,0,0.00,0.00,0.0000
2026-05-31 00:22:46,brandimarte_mk10,SDT_SRWT,43,18366.67,11,RowAisle2_Seg3,RowAisle,East,4,0,0.00,0.00,0.0000
2026-05-31 00:22:46,brandimarte_mk10,SDT_SRWT,43,18366.67,12,TopSpine_Seg0,SpineAisle,East,20,0,0.00,0.00,0.0000
2026-05-31 00:22:46,brandimarte_mk10,SDT_SRWT,43,18366.67,13,TopSpine_Seg1,SpineAisle,East,20,0,0.00,0.00,0.0000
2026-05-31 00:22:46,brandimarte_mk10,SDT_SRWT,43,18366.67,14,TopSpine_Seg2,SpineAisle,East,20,0,0.00,0.00,0.0000
2026-05-31 00:22:46,brandimarte_mk10,SDT_SRWT,43,18366.67,15,TopSpine_Seg3,SpineAisle,East,20,0,0.00,0.00,0.0000
2026-05-31 00:22:46,brandimarte_mk10,SDT_SRWT,43,18366.67,16,TopSpine_Seg4,SpineAisle,East,20,0,0.00,0.00,0.0000
2026-05-31 00:22:46,brandimarte_mk10,SDT_SRWT,43,18366.67,17,BotSpine_Seg0,SpineAisle,West,263,0,0.00,0.00,0.0000
2026-05-31 00:22:46,brandimarte_mk10,SDT_SRWT,43,18366.67,18,BotSpine_Seg1,SpineAisle,West,264,0,0.00,0.00,0.0000
2026-05-31 00:22:46,brandimarte_mk10,SDT_SRWT,43,18366.67,19,BotSpine_Seg2,SpineAisle,West,264,0,0.00,0.00,0.0000
2026-05-31 00:22:46,brandimarte_mk10,SDT_SRWT,43,18366.67,20,BotSpine_Seg3,SpineAisle,West,264,0,0.00,0.00,0.0000
2026-05-31 00:22:46,brandimarte_mk10,SDT_SRWT,43,18366.67,21,BotSpine_Seg4,SpineAisle,West,264,0,0.00,0.00,0.0000
2026-05-31 00:22:46,brandimarte_mk10,SDT_SRWT,43,18366.67,22,LeftVert_TopConn,VerticalAisle,North,20,0,0.00,0.00,0.0000
2026-05-31 00:22:46,brandimarte_mk10,SDT_SRWT,43,18366.67,23,LeftVert_Row0,VerticalAisle,North,381,2656,664.27,0.25,0.8745
2026-05-31 00:22:46,brandimarte_mk10,SDT_SRWT,43,18366.67,24,LeftVert_Row1,VerticalAisle,North,381,646,161.55,0.25,0.6290
2026-05-31 00:22:46,brandimarte_mk10,SDT_SRWT,43,18366.67,25,LeftVert_Row2,VerticalAisle,North,264,1301,325.38,0.25,0.8313
2026-05-31 00:22:46,brandimarte_mk10,SDT_SRWT,43,18366.67,26,LeftVert_BotConn,VerticalAisle,North,264,3679,919.81,0.25,0.9330
2026-05-31 00:22:46,brandimarte_mk10,SDT_SRWT,43,18366.67,27,RightVert_TopConn,VerticalAisle,South,20,0,0.00,0.00,0.0000
2026-05-31 00:22:46,brandimarte_mk10,SDT_SRWT,43,18366.67,28,RightVert_Row0,VerticalAisle,South,381,18,4.59,0.26,0.0451
2026-05-31 00:22:46,brandimarte_mk10,SDT_SRWT,43,18366.67,29,RightVert_Row1,VerticalAisle,South,381,64,16.06,0.25,0.1438
2026-05-31 00:22:46,brandimarte_mk10,SDT_SRWT,43,18366.67,30,RightVert_Row2,VerticalAisle,South,264,0,0.00,0.00,0.0000
2026-05-31 00:22:46,brandimarte_mk10,SDT_SRWT,43,18366.67,31,RightVert_BotConn,VerticalAisle,South,264,0,0.00,0.00,0.0000
2026-05-31 00:30:24,brandimarte_mk10,SDT_SRWT,44,18366.67,0,RowAisle0_Seg0,RowAisle,East,361,719,179.92,0.25,0.6657
2026-05-31 00:30:24,brandimarte_mk10,SDT_SRWT,44,18366.67,1,RowAisle0_Seg1,RowAisle,East,361,1304,326.09,0.25,0.7832
2026-05-31 00:30:24,brandimarte_mk10,SDT_SRWT,44,18366.67,2,RowAisle0_Seg2,RowAisle,East,361,71,17.80,0.25,0.1644
2026-05-31 00:30:24,brandimarte_mk10,SDT_SRWT,44,18366.67,3,RowAisle0_Seg3,RowAisle,East,361,46,11.55,0.25,0.1130
2026-05-31 00:30:24,brandimarte_mk10,SDT_SRWT,44,18366.67,4,RowAisle1_Seg0,RowAisle,West,121,55,13.77,0.25,0.3125
2026-05-31 00:30:24,brandimarte_mk10,SDT_SRWT,44,18366.67,5,RowAisle1_Seg1,RowAisle,West,121,109,27.28,0.25,0.4739
2026-05-31 00:30:24,brandimarte_mk10,SDT_SRWT,44,18366.67,6,RowAisle1_Seg2,RowAisle,West,121,22,5.55,0.25,0.1538
2026-05-31 00:30:24,brandimarte_mk10,SDT_SRWT,44,18366.67,7,RowAisle1_Seg3,RowAisle,West,121,0,0.00,0.00,0.0000
2026-05-31 00:30:24,brandimarte_mk10,SDT_SRWT,44,18366.67,8,RowAisle2_Seg0,RowAisle,East,4,0,0.00,0.00,0.0000
2026-05-31 00:30:24,brandimarte_mk10,SDT_SRWT,44,18366.67,9,RowAisle2_Seg1,RowAisle,East,4,0,0.00,0.00,0.0000
2026-05-31 00:30:24,brandimarte_mk10,SDT_SRWT,44,18366.67,10,RowAisle2_Seg2,RowAisle,East,4,0,0.00,0.00,0.0000
2026-05-31 00:30:24,brandimarte_mk10,SDT_SRWT,44,18366.67,11,RowAisle2_Seg3,RowAisle,East,4,0,0.00,0.00,0.0000
2026-05-31 00:30:24,brandimarte_mk10,SDT_SRWT,44,18366.67,12,TopSpine_Seg0,SpineAisle,East,20,0,0.00,0.00,0.0000
2026-05-31 00:30:24,brandimarte_mk10,SDT_SRWT,44,18366.67,13,TopSpine_Seg1,SpineAisle,East,20,0,0.00,0.00,0.0000
2026-05-31 00:30:24,brandimarte_mk10,SDT_SRWT,44,18366.67,14,TopSpine_Seg2,SpineAisle,East,20,0,0.00,0.00,0.0000
2026-05-31 00:30:24,brandimarte_mk10,SDT_SRWT,44,18366.67,15,TopSpine_Seg3,SpineAisle,East,20,0,0.00,0.00,0.0000
2026-05-31 00:30:24,brandimarte_mk10,SDT_SRWT,44,18366.67,16,TopSpine_Seg4,SpineAisle,East,20,0,0.00,0.00,0.0000
2026-05-31 00:30:24,brandimarte_mk10,SDT_SRWT,44,18366.67,17,BotSpine_Seg0,SpineAisle,West,263,0,0.00,0.00,0.0000
2026-05-31 00:30:24,brandimarte_mk10,SDT_SRWT,44,18366.67,18,BotSpine_Seg1,SpineAisle,West,264,0,0.00,0.00,0.0000
2026-05-31 00:30:24,brandimarte_mk10,SDT_SRWT,44,18366.67,19,BotSpine_Seg2,SpineAisle,West,264,0,0.00,0.00,0.0000
2026-05-31 00:30:24,brandimarte_mk10,SDT_SRWT,44,18366.67,20,BotSpine_Seg3,SpineAisle,West,264,0,0.00,0.00,0.0000
2026-05-31 00:30:24,brandimarte_mk10,SDT_SRWT,44,18366.67,21,BotSpine_Seg4,SpineAisle,West,264,0,0.00,0.00,0.0000
2026-05-31 00:30:24,brandimarte_mk10,SDT_SRWT,44,18366.67,22,LeftVert_TopConn,VerticalAisle,North,20,0,0.00,0.00,0.0000
2026-05-31 00:30:24,brandimarte_mk10,SDT_SRWT,44,18366.67,23,LeftVert_Row0,VerticalAisle,North,381,2658,664.72,0.25,0.8746
2026-05-31 00:30:24,brandimarte_mk10,SDT_SRWT,44,18366.67,24,LeftVert_Row1,VerticalAisle,North,381,613,153.28,0.25,0.6167
2026-05-31 00:30:24,brandimarte_mk10,SDT_SRWT,44,18366.67,25,LeftVert_Row2,VerticalAisle,North,264,1301,325.42,0.25,0.8313
2026-05-31 00:30:24,brandimarte_mk10,SDT_SRWT,44,18366.67,26,LeftVert_BotConn,VerticalAisle,North,264,3677,919.39,0.25,0.9330
2026-05-31 00:30:24,brandimarte_mk10,SDT_SRWT,44,18366.67,27,RightVert_TopConn,VerticalAisle,South,20,0,0.00,0.00,0.0000
2026-05-31 00:30:24,brandimarte_mk10,SDT_SRWT,44,18366.67,28,RightVert_Row0,VerticalAisle,South,381,16,4.06,0.25,0.0403
2026-05-31 00:30:24,brandimarte_mk10,SDT_SRWT,44,18366.67,29,RightVert_Row1,VerticalAisle,South,381,63,15.80,0.25,0.1419
2026-05-31 00:30:24,brandimarte_mk10,SDT_SRWT,44,18366.67,30,RightVert_Row2,VerticalAisle,South,264,0,0.00,0.00,0.0000
2026-05-31 00:30:24,brandimarte_mk10,SDT_SRWT,44,18366.67,31,RightVert_BotConn,VerticalAisle,South,264,0,0.00,0.00,0.0000
2026-05-31 00:38:34,brandimarte_mk11,SDT_SRWT,42,19766.67,0,RowAisle0_Seg0,RowAisle,East,260,857,214.39,0.25,0.7672
2026-05-31 00:38:34,brandimarte_mk11,SDT_SRWT,42,19766.67,1,RowAisle0_Seg1,RowAisle,East,260,67,16.75,0.25,0.2049
2026-05-31 00:38:34,brandimarte_mk11,SDT_SRWT,42,19766.67,2,RowAisle0_Seg2,RowAisle,East,260,9,2.27,0.25,0.0335
2026-05-31 00:38:34,brandimarte_mk11,SDT_SRWT,42,19766.67,3,TopSpine_Seg0,SpineAisle,East,30,0,0.00,0.00,0.0000
2026-05-31 00:38:34,brandimarte_mk11,SDT_SRWT,42,19766.67,4,TopSpine_Seg1,SpineAisle,East,30,0,0.00,0.00,0.0000
2026-05-31 00:38:34,brandimarte_mk11,SDT_SRWT,42,19766.67,5,TopSpine_Seg2,SpineAisle,East,30,0,0.00,0.00,0.0000
2026-05-31 00:38:34,brandimarte_mk11,SDT_SRWT,42,19766.67,6,TopSpine_Seg3,SpineAisle,East,30,0,0.00,0.00,0.0000
2026-05-31 00:38:34,brandimarte_mk11,SDT_SRWT,42,19766.67,7,BotSpine_Seg0,SpineAisle,West,290,0,0.00,0.00,0.0000
2026-05-31 00:38:34,brandimarte_mk11,SDT_SRWT,42,19766.67,8,BotSpine_Seg1,SpineAisle,West,290,0,0.00,0.00,0.0000
2026-05-31 00:38:34,brandimarte_mk11,SDT_SRWT,42,19766.67,9,BotSpine_Seg2,SpineAisle,West,290,0,0.00,0.00,0.0000
2026-05-31 00:38:34,brandimarte_mk11,SDT_SRWT,42,19766.67,10,BotSpine_Seg3,SpineAisle,West,290,0,0.00,0.00,0.0000
2026-05-31 00:38:34,brandimarte_mk11,SDT_SRWT,42,19766.67,11,LeftVert_TopConn,VerticalAisle,North,30,0,0.00,0.00,0.0000
2026-05-31 00:38:34,brandimarte_mk11,SDT_SRWT,42,19766.67,12,LeftVert_Row0,VerticalAisle,North,290,1412,353.08,0.25,0.8296
2026-05-31 00:38:34,brandimarte_mk11,SDT_SRWT,42,19766.67,13,LeftVert_BotConn,VerticalAisle,North,290,1084,271.11,0.25,0.7889
2026-05-31 00:38:34,brandimarte_mk11,SDT_SRWT,42,19766.67,14,RightVert_TopConn,VerticalAisle,South,30,0,0.00,0.00,0.0000
2026-05-31 00:38:34,brandimarte_mk11,SDT_SRWT,42,19766.67,15,RightVert_Row0,VerticalAisle,South,290,0,0.00,0.00,0.0000
2026-05-31 00:38:34,brandimarte_mk11,SDT_SRWT,42,19766.67,16,RightVert_BotConn,VerticalAisle,South,290,4,1.02,0.25,0.0136
2026-05-31 00:46:40,brandimarte_mk11,SDT_SRWT,43,19766.67,0,RowAisle0_Seg0,RowAisle,East,260,856,214.09,0.25,0.7670
2026-05-31 00:46:40,brandimarte_mk11,SDT_SRWT,43,19766.67,1,RowAisle0_Seg1,RowAisle,East,260,68,17.05,0.25,0.2073
2026-05-31 00:46:40,brandimarte_mk11,SDT_SRWT,43,19766.67,2,RowAisle0_Seg2,RowAisle,East,260,7,1.77,0.25,0.0262
2026-05-31 00:46:40,brandimarte_mk11,SDT_SRWT,43,19766.67,3,TopSpine_Seg0,SpineAisle,East,30,0,0.00,0.00,0.0000
2026-05-31 00:46:40,brandimarte_mk11,SDT_SRWT,43,19766.67,4,TopSpine_Seg1,SpineAisle,East,30,0,0.00,0.00,0.0000
2026-05-31 00:46:40,brandimarte_mk11,SDT_SRWT,43,19766.67,5,TopSpine_Seg2,SpineAisle,East,30,0,0.00,0.00,0.0000
2026-05-31 00:46:40,brandimarte_mk11,SDT_SRWT,43,19766.67,6,TopSpine_Seg3,SpineAisle,East,30,0,0.00,0.00,0.0000
2026-05-31 00:46:40,brandimarte_mk11,SDT_SRWT,43,19766.67,7,BotSpine_Seg0,SpineAisle,West,290,0,0.00,0.00,0.0000
2026-05-31 00:46:40,brandimarte_mk11,SDT_SRWT,43,19766.67,8,BotSpine_Seg1,SpineAisle,West,290,0,0.00,0.00,0.0000
2026-05-31 00:46:40,brandimarte_mk11,SDT_SRWT,43,19766.67,9,BotSpine_Seg2,SpineAisle,West,290,0,0.00,0.00,0.0000
2026-05-31 00:46:40,brandimarte_mk11,SDT_SRWT,43,19766.67,10,BotSpine_Seg3,SpineAisle,West,290,0,0.00,0.00,0.0000
2026-05-31 00:46:40,brandimarte_mk11,SDT_SRWT,43,19766.67,11,LeftVert_TopConn,VerticalAisle,North,30,0,0.00,0.00,0.0000
2026-05-31 00:46:40,brandimarte_mk11,SDT_SRWT,43,19766.67,12,LeftVert_Row0,VerticalAisle,North,290,1413,353.31,0.25,0.8297
2026-05-31 00:46:40,brandimarte_mk11,SDT_SRWT,43,19766.67,13,LeftVert_BotConn,VerticalAisle,North,290,1084,271.11,0.25,0.7889
2026-05-31 00:46:40,brandimarte_mk11,SDT_SRWT,43,19766.67,14,RightVert_TopConn,VerticalAisle,South,30,0,0.00,0.00,0.0000
2026-05-31 00:46:40,brandimarte_mk11,SDT_SRWT,43,19766.67,15,RightVert_Row0,VerticalAisle,South,290,0,0.00,0.00,0.0000
2026-05-31 00:46:40,brandimarte_mk11,SDT_SRWT,43,19766.67,16,RightVert_BotConn,VerticalAisle,South,290,4,1.00,0.25,0.0136
2026-05-31 00:54:48,brandimarte_mk11,SDT_SRWT,44,19766.67,0,RowAisle0_Seg0,RowAisle,East,260,855,213.94,0.25,0.7668
2026-05-31 00:54:48,brandimarte_mk11,SDT_SRWT,44,19766.67,1,RowAisle0_Seg1,RowAisle,East,260,67,16.78,0.25,0.2049
2026-05-31 00:54:48,brandimarte_mk11,SDT_SRWT,44,19766.67,2,RowAisle0_Seg2,RowAisle,East,260,9,2.25,0.25,0.0335
2026-05-31 00:54:48,brandimarte_mk11,SDT_SRWT,44,19766.67,3,TopSpine_Seg0,SpineAisle,East,30,0,0.00,0.00,0.0000
2026-05-31 00:54:48,brandimarte_mk11,SDT_SRWT,44,19766.67,4,TopSpine_Seg1,SpineAisle,East,30,0,0.00,0.00,0.0000
2026-05-31 00:54:48,brandimarte_mk11,SDT_SRWT,44,19766.67,5,TopSpine_Seg2,SpineAisle,East,30,0,0.00,0.00,0.0000
2026-05-31 00:54:48,brandimarte_mk11,SDT_SRWT,44,19766.67,6,TopSpine_Seg3,SpineAisle,East,30,0,0.00,0.00,0.0000
2026-05-31 00:54:48,brandimarte_mk11,SDT_SRWT,44,19766.67,7,BotSpine_Seg0,SpineAisle,West,290,0,0.00,0.00,0.0000
2026-05-31 00:54:48,brandimarte_mk11,SDT_SRWT,44,19766.67,8,BotSpine_Seg1,SpineAisle,West,290,0,0.00,0.00,0.0000
2026-05-31 00:54:48,brandimarte_mk11,SDT_SRWT,44,19766.67,9,BotSpine_Seg2,SpineAisle,West,290,0,0.00,0.00,0.0000
2026-05-31 00:54:48,brandimarte_mk11,SDT_SRWT,44,19766.67,10,BotSpine_Seg3,SpineAisle,West,290,0,0.00,0.00,0.0000
2026-05-31 00:54:48,brandimarte_mk11,SDT_SRWT,44,19766.67,11,LeftVert_TopConn,VerticalAisle,North,30,0,0.00,0.00,0.0000
2026-05-31 00:54:48,brandimarte_mk11,SDT_SRWT,44,19766.67,12,LeftVert_Row0,VerticalAisle,North,290,1414,353.56,0.25,0.8298
2026-05-31 00:54:48,brandimarte_mk11,SDT_SRWT,44,19766.67,13,LeftVert_BotConn,VerticalAisle,North,290,1084,271.03,0.25,0.7889
2026-05-31 00:54:48,brandimarte_mk11,SDT_SRWT,44,19766.67,14,RightVert_TopConn,VerticalAisle,South,30,0,0.00,0.00,0.0000
2026-05-31 00:54:48,brandimarte_mk11,SDT_SRWT,44,19766.67,15,RightVert_Row0,VerticalAisle,South,290,0,0.00,0.00,0.0000
2026-05-31 00:54:48,brandimarte_mk11,SDT_SRWT,44,19766.67,16,RightVert_BotConn,VerticalAisle,South,290,4,1.00,0.25,0.0136
2026-05-31 01:02:25,brandimarte_mk13,SDT_SRWT,42,18166.67,0,RowAisle0_Seg0,RowAisle,East,373,2107,526.98,0.25,0.8496
2026-05-31 01:02:25,brandimarte_mk13,SDT_SRWT,42,18166.67,1,RowAisle0_Seg1,RowAisle,East,373,980,245.23,0.25,0.7243
2026-05-31 01:02:25,brandimarte_mk13,SDT_SRWT,42,18166.67,2,RowAisle0_Seg2,RowAisle,East,373,675,168.83,0.25,0.6441
2026-05-31 01:02:25,brandimarte_mk13,SDT_SRWT,42,18166.67,3,RowAisle0_Seg3,RowAisle,East,373,55,13.81,0.25,0.1285
2026-05-31 01:02:25,brandimarte_mk13,SDT_SRWT,42,18166.67,4,RowAisle1_Seg0,RowAisle,West,142,57,14.30,0.25,0.2864
2026-05-31 01:02:25,brandimarte_mk13,SDT_SRWT,42,18166.67,5,RowAisle1_Seg1,RowAisle,West,142,307,76.80,0.25,0.6837
2026-05-31 01:02:25,brandimarte_mk13,SDT_SRWT,42,18166.67,6,RowAisle1_Seg2,RowAisle,West,142,28,7.02,0.25,0.1647
2026-05-31 01:02:25,brandimarte_mk13,SDT_SRWT,42,18166.67,7,RowAisle1_Seg3,RowAisle,West,142,0,0.00,0.00,0.0000
2026-05-31 01:02:25,brandimarte_mk13,SDT_SRWT,42,18166.67,8,TopSpine_Seg0,SpineAisle,East,30,0,0.00,0.00,0.0000
2026-05-31 01:02:25,brandimarte_mk13,SDT_SRWT,42,18166.67,9,TopSpine_Seg1,SpineAisle,East,30,0,0.00,0.00,0.0000
2026-05-31 01:02:25,brandimarte_mk13,SDT_SRWT,42,18166.67,10,TopSpine_Seg2,SpineAisle,East,30,0,0.00,0.00,0.0000
2026-05-31 01:02:25,brandimarte_mk13,SDT_SRWT,42,18166.67,11,TopSpine_Seg3,SpineAisle,East,30,0,0.00,0.00,0.0000
2026-05-31 01:02:25,brandimarte_mk13,SDT_SRWT,42,18166.67,12,TopSpine_Seg4,SpineAisle,East,30,0,0.00,0.00,0.0000
2026-05-31 01:02:25,brandimarte_mk13,SDT_SRWT,42,18166.67,13,BotSpine_Seg0,SpineAisle,West,261,0,0.00,0.00,0.0000
2026-05-31 01:02:25,brandimarte_mk13,SDT_SRWT,42,18166.67,14,BotSpine_Seg1,SpineAisle,West,261,0,0.00,0.00,0.0000
2026-05-31 01:02:25,brandimarte_mk13,SDT_SRWT,42,18166.67,15,BotSpine_Seg2,SpineAisle,West,261,0,0.00,0.00,0.0000
2026-05-31 01:02:25,brandimarte_mk13,SDT_SRWT,42,18166.67,16,BotSpine_Seg3,SpineAisle,West,261,0,0.00,0.00,0.0000
2026-05-31 01:02:25,brandimarte_mk13,SDT_SRWT,42,18166.67,17,BotSpine_Seg4,SpineAisle,West,261,0,0.00,0.00,0.0000
2026-05-31 01:02:25,brandimarte_mk13,SDT_SRWT,42,18166.67,18,LeftVert_TopConn,VerticalAisle,North,30,0,0.00,0.00,0.0000
2026-05-31 01:02:25,brandimarte_mk13,SDT_SRWT,42,18166.67,19,LeftVert_Row0,VerticalAisle,North,403,1770,442.67,0.25,0.8145
2026-05-31 01:02:25,brandimarte_mk13,SDT_SRWT,42,18166.67,20,LeftVert_Row1,VerticalAisle,North,403,868,217.09,0.25,0.6829
2026-05-31 01:02:25,brandimarte_mk13,SDT_SRWT,42,18166.67,21,LeftVert_BotConn,VerticalAisle,North,261,2948,737.13,0.25,0.9187
2026-05-31 01:02:25,brandimarte_mk13,SDT_SRWT,42,18166.67,22,RightVert_TopConn,VerticalAisle,South,30,0,0.00,0.00,0.0000
2026-05-31 01:02:25,brandimarte_mk13,SDT_SRWT,42,18166.67,23,RightVert_Row0,VerticalAisle,South,403,12,3.06,0.26,0.0289
2026-05-31 01:02:25,brandimarte_mk13,SDT_SRWT,42,18166.67,24,RightVert_Row1,VerticalAisle,South,403,23,5.80,0.25,0.0540
2026-05-31 01:02:25,brandimarte_mk13,SDT_SRWT,42,18166.67,25,RightVert_BotConn,VerticalAisle,South,261,6,1.52,0.25,0.0225
2026-05-31 01:09:59,brandimarte_mk13,SDT_SRWT,43,18166.69,0,RowAisle0_Seg0,RowAisle,East,373,2108,527.00,0.25,0.8497
2026-05-31 01:09:59,brandimarte_mk13,SDT_SRWT,43,18166.69,1,RowAisle0_Seg1,RowAisle,East,373,983,245.75,0.25,0.7249
2026-05-31 01:09:59,brandimarte_mk13,SDT_SRWT,43,18166.69,2,RowAisle0_Seg2,RowAisle,East,373,675,168.75,0.25,0.6441
2026-05-31 01:09:59,brandimarte_mk13,SDT_SRWT,43,18166.69,3,RowAisle0_Seg3,RowAisle,East,373,54,13.50,0.25,0.1265
2026-05-31 01:09:59,brandimarte_mk13,SDT_SRWT,43,18166.69,4,RowAisle1_Seg0,RowAisle,West,142,56,14.00,0.25,0.2828
2026-05-31 01:09:59,brandimarte_mk13,SDT_SRWT,43,18166.69,5,RowAisle1_Seg1,RowAisle,West,142,306,76.50,0.25,0.6830
2026-05-31 01:09:59,brandimarte_mk13,SDT_SRWT,43,18166.69,6,RowAisle1_Seg2,RowAisle,West,142,27,6.75,0.25,0.1598
2026-05-31 01:09:59,brandimarte_mk13,SDT_SRWT,43,18166.69,7,RowAisle1_Seg3,RowAisle,West,142,0,0.00,0.00,0.0000
2026-05-31 01:09:59,brandimarte_mk13,SDT_SRWT,43,18166.69,8,TopSpine_Seg0,SpineAisle,East,30,0,0.00,0.00,0.0000
2026-05-31 01:09:59,brandimarte_mk13,SDT_SRWT,43,18166.69,9,TopSpine_Seg1,SpineAisle,East,30,0,0.00,0.00,0.0000
2026-05-31 01:09:59,brandimarte_mk13,SDT_SRWT,43,18166.69,10,TopSpine_Seg2,SpineAisle,East,30,0,0.00,0.00,0.0000
2026-05-31 01:09:59,brandimarte_mk13,SDT_SRWT,43,18166.69,11,TopSpine_Seg3,SpineAisle,East,30,0,0.00,0.00,0.0000
2026-05-31 01:09:59,brandimarte_mk13,SDT_SRWT,43,18166.69,12,TopSpine_Seg4,SpineAisle,East,30,0,0.00,0.00,0.0000
2026-05-31 01:09:59,brandimarte_mk13,SDT_SRWT,43,18166.69,13,BotSpine_Seg0,SpineAisle,West,261,0,0.00,0.00,0.0000
2026-05-31 01:09:59,brandimarte_mk13,SDT_SRWT,43,18166.69,14,BotSpine_Seg1,SpineAisle,West,261,0,0.00,0.00,0.0000
2026-05-31 01:09:59,brandimarte_mk13,SDT_SRWT,43,18166.69,15,BotSpine_Seg2,SpineAisle,West,261,0,0.00,0.00,0.0000
2026-05-31 01:09:59,brandimarte_mk13,SDT_SRWT,43,18166.69,16,BotSpine_Seg3,SpineAisle,West,261,0,0.00,0.00,0.0000
2026-05-31 01:09:59,brandimarte_mk13,SDT_SRWT,43,18166.69,17,BotSpine_Seg4,SpineAisle,West,261,0,0.00,0.00,0.0000
2026-05-31 01:09:59,brandimarte_mk13,SDT_SRWT,43,18166.69,18,LeftVert_TopConn,VerticalAisle,North,30,0,0.00,0.00,0.0000
2026-05-31 01:09:59,brandimarte_mk13,SDT_SRWT,43,18166.69,19,LeftVert_Row0,VerticalAisle,North,403,1773,443.25,0.25,0.8148
2026-05-31 01:09:59,brandimarte_mk13,SDT_SRWT,43,18166.69,20,LeftVert_Row1,VerticalAisle,North,403,868,217.00,0.25,0.6829
2026-05-31 01:09:59,brandimarte_mk13,SDT_SRWT,43,18166.69,21,LeftVert_BotConn,VerticalAisle,North,261,2950,737.50,0.25,0.9187
2026-05-31 01:09:59,brandimarte_mk13,SDT_SRWT,43,18166.69,22,RightVert_TopConn,VerticalAisle,South,30,0,0.00,0.00,0.0000
2026-05-31 01:09:59,brandimarte_mk13,SDT_SRWT,43,18166.69,23,RightVert_Row0,VerticalAisle,South,403,11,2.75,0.25,0.0266
2026-05-31 01:09:59,brandimarte_mk13,SDT_SRWT,43,18166.69,24,RightVert_Row1,VerticalAisle,South,403,24,6.00,0.25,0.0562
2026-05-31 01:09:59,brandimarte_mk13,SDT_SRWT,43,18166.69,25,RightVert_BotConn,VerticalAisle,South,261,6,1.50,0.25,0.0225
2026-05-31 01:17:36,brandimarte_mk13,SDT_SRWT,44,18166.69,0,RowAisle0_Seg0,RowAisle,East,373,2110,527.50,0.25,0.8498
2026-05-31 01:17:36,brandimarte_mk13,SDT_SRWT,44,18166.69,1,RowAisle0_Seg1,RowAisle,East,373,982,245.50,0.25,0.7247
2026-05-31 01:17:36,brandimarte_mk13,SDT_SRWT,44,18166.69,2,RowAisle0_Seg2,RowAisle,East,373,676,169.00,0.25,0.6444
2026-05-31 01:17:36,brandimarte_mk13,SDT_SRWT,44,18166.69,3,RowAisle0_Seg3,RowAisle,East,373,54,13.50,0.25,0.1265
2026-05-31 01:17:36,brandimarte_mk13,SDT_SRWT,44,18166.69,4,RowAisle1_Seg0,RowAisle,West,142,55,13.75,0.25,0.2792
2026-05-31 01:17:36,brandimarte_mk13,SDT_SRWT,44,18166.69,5,RowAisle1_Seg1,RowAisle,West,142,308,77.00,0.25,0.6844
2026-05-31 01:17:36,brandimarte_mk13,SDT_SRWT,44,18166.69,6,RowAisle1_Seg2,RowAisle,West,142,27,6.75,0.25,0.1598
2026-05-31 01:17:36,brandimarte_mk13,SDT_SRWT,44,18166.69,7,RowAisle1_Seg3,RowAisle,West,142,0,0.00,0.00,0.0000
2026-05-31 01:17:36,brandimarte_mk13,SDT_SRWT,44,18166.69,8,TopSpine_Seg0,SpineAisle,East,30,0,0.00,0.00,0.0000
2026-05-31 01:17:36,brandimarte_mk13,SDT_SRWT,44,18166.69,9,TopSpine_Seg1,SpineAisle,East,30,0,0.00,0.00,0.0000
2026-05-31 01:17:36,brandimarte_mk13,SDT_SRWT,44,18166.69,10,TopSpine_Seg2,SpineAisle,East,30,0,0.00,0.00,0.0000
2026-05-31 01:17:36,brandimarte_mk13,SDT_SRWT,44,18166.69,11,TopSpine_Seg3,SpineAisle,East,30,0,0.00,0.00,0.0000
2026-05-31 01:17:36,brandimarte_mk13,SDT_SRWT,44,18166.69,12,TopSpine_Seg4,SpineAisle,East,30,0,0.00,0.00,0.0000
2026-05-31 01:17:36,brandimarte_mk13,SDT_SRWT,44,18166.69,13,BotSpine_Seg0,SpineAisle,West,261,0,0.00,0.00,0.0000
2026-05-31 01:17:36,brandimarte_mk13,SDT_SRWT,44,18166.69,14,BotSpine_Seg1,SpineAisle,West,261,0,0.00,0.00,0.0000
2026-05-31 01:17:36,brandimarte_mk13,SDT_SRWT,44,18166.69,15,BotSpine_Seg2,SpineAisle,West,261,0,0.00,0.00,0.0000
2026-05-31 01:17:36,brandimarte_mk13,SDT_SRWT,44,18166.69,16,BotSpine_Seg3,SpineAisle,West,261,0,0.00,0.00,0.0000
2026-05-31 01:17:36,brandimarte_mk13,SDT_SRWT,44,18166.69,17,BotSpine_Seg4,SpineAisle,West,261,0,0.00,0.00,0.0000
2026-05-31 01:17:36,brandimarte_mk13,SDT_SRWT,44,18166.69,18,LeftVert_TopConn,VerticalAisle,North,30,0,0.00,0.00,0.0000
2026-05-31 01:17:36,brandimarte_mk13,SDT_SRWT,44,18166.69,19,LeftVert_Row0,VerticalAisle,North,403,1770,442.50,0.25,0.8145
2026-05-31 01:17:36,brandimarte_mk13,SDT_SRWT,44,18166.69,20,LeftVert_Row1,VerticalAisle,North,403,869,217.25,0.25,0.6832
2026-05-31 01:17:36,brandimarte_mk13,SDT_SRWT,44,18166.69,21,LeftVert_BotConn,VerticalAisle,North,261,2948,737.00,0.25,0.9187
2026-05-31 01:17:36,brandimarte_mk13,SDT_SRWT,44,18166.69,22,RightVert_TopConn,VerticalAisle,South,30,0,0.00,0.00,0.0000
2026-05-31 01:17:36,brandimarte_mk13,SDT_SRWT,44,18166.69,23,RightVert_Row0,VerticalAisle,South,403,12,3.00,0.25,0.0289
2026-05-31 01:17:36,brandimarte_mk13,SDT_SRWT,44,18166.69,24,RightVert_Row1,VerticalAisle,South,403,24,6.00,0.25,0.0562
2026-05-31 01:17:36,brandimarte_mk13,SDT_SRWT,44,18166.69,25,RightVert_BotConn,VerticalAisle,South,261,6,1.50,0.25,0.0225
2026-05-31 01:27:17,brandimarte_mk15,SDT_SRWT,42,23100.00,0,RowAisle0_Seg0,RowAisle,East,446,760,190.00,0.25,0.6302
2026-05-31 01:27:17,brandimarte_mk15,SDT_SRWT,42,23100.00,1,RowAisle0_Seg1,RowAisle,East,446,1026,256.50,0.25,0.6970
2026-05-31 01:27:17,brandimarte_mk15,SDT_SRWT,42,23100.00,2,RowAisle0_Seg2,RowAisle,East,446,869,217.25,0.25,0.6608
2026-05-31 01:27:17,brandimarte_mk15,SDT_SRWT,42,23100.00,3,RowAisle0_Seg3,RowAisle,East,446,46,11.50,0.25,0.0935
2026-05-31 01:27:17,brandimarte_mk15,SDT_SRWT,42,23100.00,4,RowAisle1_Seg0,RowAisle,West,167,261,65.25,0.25,0.6098
2026-05-31 01:27:17,brandimarte_mk15,SDT_SRWT,42,23100.00,5,RowAisle1_Seg1,RowAisle,West,167,101,25.25,0.25,0.3769
2026-05-31 01:27:17,brandimarte_mk15,SDT_SRWT,42,23100.00,6,RowAisle1_Seg2,RowAisle,West,167,93,23.25,0.25,0.3577
2026-05-31 01:27:17,brandimarte_mk15,SDT_SRWT,42,23100.00,7,RowAisle1_Seg3,RowAisle,West,167,46,11.50,0.25,0.2160
2026-05-31 01:27:17,brandimarte_mk15,SDT_SRWT,42,23100.00,8,RowAisle2_Seg0,RowAisle,East,47,0,0.00,0.00,0.0000
2026-05-31 01:27:17,brandimarte_mk15,SDT_SRWT,42,23100.00,9,RowAisle2_Seg1,RowAisle,East,47,112,28.00,0.25,0.7044
2026-05-31 01:27:17,brandimarte_mk15,SDT_SRWT,42,23100.00,10,RowAisle2_Seg2,RowAisle,East,47,0,0.00,0.00,0.0000
2026-05-31 01:27:17,brandimarte_mk15,SDT_SRWT,42,23100.00,11,RowAisle2_Seg3,RowAisle,East,47,0,0.00,0.00,0.0000
2026-05-31 01:27:17,brandimarte_mk15,SDT_SRWT,42,23100.00,12,TopSpine_Seg0,SpineAisle,East,30,0,0.00,0.00,0.0000
2026-05-31 01:27:17,brandimarte_mk15,SDT_SRWT,42,23100.00,13,TopSpine_Seg1,SpineAisle,East,30,0,0.00,0.00,0.0000
2026-05-31 01:27:17,brandimarte_mk15,SDT_SRWT,42,23100.00,14,TopSpine_Seg2,SpineAisle,East,30,0,0.00,0.00,0.0000
2026-05-31 01:27:17,brandimarte_mk15,SDT_SRWT,42,23100.00,15,TopSpine_Seg3,SpineAisle,East,30,0,0.00,0.00,0.0000
2026-05-31 01:27:17,brandimarte_mk15,SDT_SRWT,42,23100.00,16,TopSpine_Seg4,SpineAisle,East,30,0,0.00,0.00,0.0000
2026-05-31 01:27:17,brandimarte_mk15,SDT_SRWT,42,23100.00,17,BotSpine_Seg0,SpineAisle,West,355,0,0.00,0.00,0.0000
2026-05-31 01:27:17,brandimarte_mk15,SDT_SRWT,42,23100.00,18,BotSpine_Seg1,SpineAisle,West,356,0,0.00,0.00,0.0000
2026-05-31 01:27:17,brandimarte_mk15,SDT_SRWT,42,23100.00,19,BotSpine_Seg2,SpineAisle,West,356,0,0.00,0.00,0.0000
2026-05-31 01:27:17,brandimarte_mk15,SDT_SRWT,42,23100.00,20,BotSpine_Seg3,SpineAisle,West,356,0,0.00,0.00,0.0000
2026-05-31 01:27:17,brandimarte_mk15,SDT_SRWT,42,23100.00,21,BotSpine_Seg4,SpineAisle,West,356,0,0.00,0.00,0.0000
2026-05-31 01:27:17,brandimarte_mk15,SDT_SRWT,42,23100.00,22,LeftVert_TopConn,VerticalAisle,North,30,0,0.00,0.00,0.0000
2026-05-31 01:27:17,brandimarte_mk15,SDT_SRWT,42,23100.00,23,LeftVert_Row0,VerticalAisle,North,476,1645,411.25,0.25,0.7756
2026-05-31 01:27:17,brandimarte_mk15,SDT_SRWT,42,23100.00,24,LeftVert_Row1,VerticalAisle,North,476,780,195.00,0.25,0.6210
2026-05-31 01:27:17,brandimarte_mk15,SDT_SRWT,42,23100.00,25,LeftVert_Row2,VerticalAisle,North,356,356,89.00,0.25,0.5000
2026-05-31 01:27:17,brandimarte_mk15,SDT_SRWT,42,23100.00,26,LeftVert_BotConn,VerticalAisle,North,356,1562,390.50,0.25,0.8144
2026-05-31 01:27:17,brandimarte_mk15,SDT_SRWT,42,23100.00,27,RightVert_TopConn,VerticalAisle,South,30,0,0.00,0.00,0.0000
2026-05-31 01:27:17,brandimarte_mk15,SDT_SRWT,42,23100.00,28,RightVert_Row0,VerticalAisle,South,476,26,6.50,0.25,0.0518
2026-05-31 01:27:17,brandimarte_mk15,SDT_SRWT,42,23100.00,29,RightVert_Row1,VerticalAisle,South,476,294,73.50,0.25,0.3818
2026-05-31 01:27:17,brandimarte_mk15,SDT_SRWT,42,23100.00,30,RightVert_Row2,VerticalAisle,South,356,1,0.25,0.25,0.0028
2026-05-31 01:27:17,brandimarte_mk15,SDT_SRWT,42,23100.00,31,RightVert_BotConn,VerticalAisle,South,356,37,9.25,0.25,0.0941
2026-05-31 01:37:00,brandimarte_mk15,SDT_SRWT,43,23100.00,0,RowAisle0_Seg0,RowAisle,East,446,759,189.75,0.25,0.6299
2026-05-31 01:37:00,brandimarte_mk15,SDT_SRWT,43,23100.00,1,RowAisle0_Seg1,RowAisle,East,446,1036,259.00,0.25,0.6991
2026-05-31 01:37:00,brandimarte_mk15,SDT_SRWT,43,23100.00,2,RowAisle0_Seg2,RowAisle,East,446,868,217.00,0.25,0.6606
2026-05-31 01:37:00,brandimarte_mk15,SDT_SRWT,43,23100.00,3,RowAisle0_Seg3,RowAisle,East,446,55,13.75,0.25,0.1098
2026-05-31 01:37:00,brandimarte_mk15,SDT_SRWT,43,23100.00,4,RowAisle1_Seg0,RowAisle,West,167,260,65.00,0.25,0.6089
2026-05-31 01:37:00,brandimarte_mk15,SDT_SRWT,43,23100.00,5,RowAisle1_Seg1,RowAisle,West,167,100,25.00,0.25,0.3745
2026-05-31 01:37:00,brandimarte_mk15,SDT_SRWT,43,23100.00,6,RowAisle1_Seg2,RowAisle,West,167,93,23.25,0.25,0.3577
2026-05-31 01:37:00,brandimarte_mk15,SDT_SRWT,43,23100.00,7,RowAisle1_Seg3,RowAisle,West,167,54,13.50,0.25,0.2443
2026-05-31 01:37:00,brandimarte_mk15,SDT_SRWT,43,23100.00,8,RowAisle2_Seg0,RowAisle,East,47,0,0.00,0.00,0.0000
2026-05-31 01:37:00,brandimarte_mk15,SDT_SRWT,43,23100.00,9,RowAisle2_Seg1,RowAisle,East,47,112,28.00,0.25,0.7044
2026-05-31 01:37:00,brandimarte_mk15,SDT_SRWT,43,23100.00,10,RowAisle2_Seg2,RowAisle,East,47,0,0.00,0.00,0.0000
2026-05-31 01:37:00,brandimarte_mk15,SDT_SRWT,43,23100.00,11,RowAisle2_Seg3,RowAisle,East,47,0,0.00,0.00,0.0000
2026-05-31 01:37:00,brandimarte_mk15,SDT_SRWT,43,23100.00,12,TopSpine_Seg0,SpineAisle,East,30,0,0.00,0.00,0.0000
2026-05-31 01:37:00,brandimarte_mk15,SDT_SRWT,43,23100.00,13,TopSpine_Seg1,SpineAisle,East,30,0,0.00,0.00,0.0000
2026-05-31 01:37:00,brandimarte_mk15,SDT_SRWT,43,23100.00,14,TopSpine_Seg2,SpineAisle,East,30,0,0.00,0.00,0.0000
2026-05-31 01:37:00,brandimarte_mk15,SDT_SRWT,43,23100.00,15,TopSpine_Seg3,SpineAisle,East,30,0,0.00,0.00,0.0000
2026-05-31 01:37:00,brandimarte_mk15,SDT_SRWT,43,23100.00,16,TopSpine_Seg4,SpineAisle,East,30,0,0.00,0.00,0.0000
2026-05-31 01:37:00,brandimarte_mk15,SDT_SRWT,43,23100.00,17,BotSpine_Seg0,SpineAisle,West,355,0,0.00,0.00,0.0000
2026-05-31 01:37:00,brandimarte_mk15,SDT_SRWT,43,23100.00,18,BotSpine_Seg1,SpineAisle,West,356,0,0.00,0.00,0.0000
2026-05-31 01:37:00,brandimarte_mk15,SDT_SRWT,43,23100.00,19,BotSpine_Seg2,SpineAisle,West,356,0,0.00,0.00,0.0000
2026-05-31 01:37:00,brandimarte_mk15,SDT_SRWT,43,23100.00,20,BotSpine_Seg3,SpineAisle,West,356,0,0.00,0.00,0.0000
2026-05-31 01:37:00,brandimarte_mk15,SDT_SRWT,43,23100.00,21,BotSpine_Seg4,SpineAisle,West,356,0,0.00,0.00,0.0000
2026-05-31 01:37:00,brandimarte_mk15,SDT_SRWT,43,23100.00,22,LeftVert_TopConn,VerticalAisle,North,30,0,0.00,0.00,0.0000
2026-05-31 01:37:00,brandimarte_mk15,SDT_SRWT,43,23100.00,23,LeftVert_Row0,VerticalAisle,North,476,1645,411.25,0.25,0.7756
2026-05-31 01:37:00,brandimarte_mk15,SDT_SRWT,43,23100.00,24,LeftVert_Row1,VerticalAisle,North,476,785,196.25,0.25,0.6225
2026-05-31 01:37:00,brandimarte_mk15,SDT_SRWT,43,23100.00,25,LeftVert_Row2,VerticalAisle,North,356,347,86.75,0.25,0.4936
2026-05-31 01:37:00,brandimarte_mk15,SDT_SRWT,43,23100.00,26,LeftVert_BotConn,VerticalAisle,North,356,1564,391.00,0.25,0.8146
2026-05-31 01:37:00,brandimarte_mk15,SDT_SRWT,43,23100.00,27,RightVert_TopConn,VerticalAisle,South,30,0,0.00,0.00,0.0000
2026-05-31 01:37:00,brandimarte_mk15,SDT_SRWT,43,23100.00,28,RightVert_Row0,VerticalAisle,South,476,27,6.75,0.25,0.0537
2026-05-31 01:37:00,brandimarte_mk15,SDT_SRWT,43,23100.00,29,RightVert_Row1,VerticalAisle,South,476,292,73.00,0.25,0.3802
2026-05-31 01:37:00,brandimarte_mk15,SDT_SRWT,43,23100.00,30,RightVert_Row2,VerticalAisle,South,356,0,0.00,0.00,0.0000
2026-05-31 01:37:00,brandimarte_mk15,SDT_SRWT,43,23100.00,31,RightVert_BotConn,VerticalAisle,South,356,27,6.75,0.25,0.0705
2026-05-31 01:46:44,brandimarte_mk15,SDT_SRWT,44,23100.00,0,RowAisle0_Seg0,RowAisle,East,446,759,189.75,0.25,0.6299
2026-05-31 01:46:44,brandimarte_mk15,SDT_SRWT,44,23100.00,1,RowAisle0_Seg1,RowAisle,East,446,1038,259.50,0.25,0.6995
2026-05-31 01:46:44,brandimarte_mk15,SDT_SRWT,44,23100.00,2,RowAisle0_Seg2,RowAisle,East,446,868,217.00,0.25,0.6606
2026-05-31 01:46:44,brandimarte_mk15,SDT_SRWT,44,23100.00,3,RowAisle0_Seg3,RowAisle,East,446,56,14.00,0.25,0.1116
2026-05-31 01:46:44,brandimarte_mk15,SDT_SRWT,44,23100.00,4,RowAisle1_Seg0,RowAisle,West,167,262,65.50,0.25,0.6107
2026-05-31 01:46:44,brandimarte_mk15,SDT_SRWT,44,23100.00,5,RowAisle1_Seg1,RowAisle,West,167,101,25.25,0.25,0.3769
2026-05-31 01:46:44,brandimarte_mk15,SDT_SRWT,44,23100.00,6,RowAisle1_Seg2,RowAisle,West,167,91,22.75,0.25,0.3527
2026-05-31 01:46:44,brandimarte_mk15,SDT_SRWT,44,23100.00,7,RowAisle1_Seg3,RowAisle,West,167,54,13.50,0.25,0.2443
2026-05-31 01:46:44,brandimarte_mk15,SDT_SRWT,44,23100.00,8,RowAisle2_Seg0,RowAisle,East,47,0,0.00,0.00,0.0000
2026-05-31 01:46:44,brandimarte_mk15,SDT_SRWT,44,23100.00,9,RowAisle2_Seg1,RowAisle,East,47,112,28.00,0.25,0.7044
2026-05-31 01:46:44,brandimarte_mk15,SDT_SRWT,44,23100.00,10,RowAisle2_Seg2,RowAisle,East,47,0,0.00,0.00,0.0000
2026-05-31 01:46:44,brandimarte_mk15,SDT_SRWT,44,23100.00,11,RowAisle2_Seg3,RowAisle,East,47,0,0.00,0.00,0.0000
2026-05-31 01:46:44,brandimarte_mk15,SDT_SRWT,44,23100.00,12,TopSpine_Seg0,SpineAisle,East,30,0,0.00,0.00,0.0000
2026-05-31 01:46:44,brandimarte_mk15,SDT_SRWT,44,23100.00,13,TopSpine_Seg1,SpineAisle,East,30,0,0.00,0.00,0.0000
2026-05-31 01:46:44,brandimarte_mk15,SDT_SRWT,44,23100.00,14,TopSpine_Seg2,SpineAisle,East,30,0,0.00,0.00,0.0000
2026-05-31 01:46:44,brandimarte_mk15,SDT_SRWT,44,23100.00,15,TopSpine_Seg3,SpineAisle,East,30,0,0.00,0.00,0.0000
2026-05-31 01:46:44,brandimarte_mk15,SDT_SRWT,44,23100.00,16,TopSpine_Seg4,SpineAisle,East,30,0,0.00,0.00,0.0000
2026-05-31 01:46:44,brandimarte_mk15,SDT_SRWT,44,23100.00,17,BotSpine_Seg0,SpineAisle,West,355,0,0.00,0.00,0.0000
2026-05-31 01:46:44,brandimarte_mk15,SDT_SRWT,44,23100.00,18,BotSpine_Seg1,SpineAisle,West,356,0,0.00,0.00,0.0000
2026-05-31 01:46:44,brandimarte_mk15,SDT_SRWT,44,23100.00,19,BotSpine_Seg2,SpineAisle,West,356,0,0.00,0.00,0.0000
2026-05-31 01:46:44,brandimarte_mk15,SDT_SRWT,44,23100.00,20,BotSpine_Seg3,SpineAisle,West,356,0,0.00,0.00,0.0000
2026-05-31 01:46:44,brandimarte_mk15,SDT_SRWT,44,23100.00,21,BotSpine_Seg4,SpineAisle,West,356,0,0.00,0.00,0.0000
2026-05-31 01:46:44,brandimarte_mk15,SDT_SRWT,44,23100.00,22,LeftVert_TopConn,VerticalAisle,North,30,0,0.00,0.00,0.0000
2026-05-31 01:46:44,brandimarte_mk15,SDT_SRWT,44,23100.00,23,LeftVert_Row0,VerticalAisle,North,476,1647,411.75,0.25,0.7758
2026-05-31 01:46:44,brandimarte_mk15,SDT_SRWT,44,23100.00,24,LeftVert_Row1,VerticalAisle,North,476,784,196.00,0.25,0.6222
2026-05-31 01:46:44,brandimarte_mk15,SDT_SRWT,44,23100.00,25,LeftVert_Row2,VerticalAisle,North,356,346,86.50,0.25,0.4929
2026-05-31 01:46:44,brandimarte_mk15,SDT_SRWT,44,23100.00,26,LeftVert_BotConn,VerticalAisle,North,356,1566,391.50,0.25,0.8148
2026-05-31 01:46:44,brandimarte_mk15,SDT_SRWT,44,23100.00,27,RightVert_TopConn,VerticalAisle,South,30,0,0.00,0.00,0.0000
2026-05-31 01:46:44,brandimarte_mk15,SDT_SRWT,44,23100.00,28,RightVert_Row0,VerticalAisle,South,476,26,6.50,0.25,0.0518
2026-05-31 01:46:44,brandimarte_mk15,SDT_SRWT,44,23100.00,29,RightVert_Row1,VerticalAisle,South,476,288,72.00,0.25,0.3770
2026-05-31 01:46:44,brandimarte_mk15,SDT_SRWT,44,23100.00,30,RightVert_Row2,VerticalAisle,South,356,0,0.00,0.00,0.0000
2026-05-31 01:46:44,brandimarte_mk15,SDT_SRWT,44,23100.00,31,RightVert_BotConn,VerticalAisle,South,356,27,6.75,0.25,0.0705
2026-05-30 23:21:43,brandimarte_mk01,Random,42,4155.15,0,RowAisle0_Seg0,RowAisle,East,82,69,17.94,0.26,0.4570
2026-05-30 23:21:43,brandimarte_mk01,Random,42,4155.15,1,RowAisle0_Seg1,RowAisle,East,82,17,4.42,0.26,0.1717
2026-05-30 23:21:43,brandimarte_mk01,Random,42,4155.15,2,RowAisle0_Seg2,RowAisle,East,82,6,1.56,0.26,0.0682
2026-05-30 23:21:43,brandimarte_mk01,Random,42,4155.15,3,TopSpine_Seg0,SpineAisle,East,10,0,0.00,0.00,0.0000
2026-05-30 23:21:43,brandimarte_mk01,Random,42,4155.15,4,TopSpine_Seg1,SpineAisle,East,10,0,0.00,0.00,0.0000
2026-05-30 23:21:43,brandimarte_mk01,Random,42,4155.15,5,TopSpine_Seg2,SpineAisle,East,10,0,0.00,0.00,0.0000
2026-05-30 23:21:43,brandimarte_mk01,Random,42,4155.15,6,TopSpine_Seg3,SpineAisle,East,10,0,0.00,0.00,0.0000
2026-05-30 23:21:43,brandimarte_mk01,Random,42,4155.15,7,BotSpine_Seg0,SpineAisle,West,92,0,0.00,0.00,0.0000
2026-05-30 23:21:43,brandimarte_mk01,Random,42,4155.15,8,BotSpine_Seg1,SpineAisle,West,92,0,0.00,0.00,0.0000
2026-05-30 23:21:43,brandimarte_mk01,Random,42,4155.15,9,BotSpine_Seg2,SpineAisle,West,92,0,0.00,0.00,0.0000
2026-05-30 23:21:43,brandimarte_mk01,Random,42,4155.15,10,BotSpine_Seg3,SpineAisle,West,92,0,0.00,0.00,0.0000
2026-05-30 23:21:43,brandimarte_mk01,Random,42,4155.15,11,LeftVert_TopConn,VerticalAisle,North,10,0,0.00,0.00,0.0000
2026-05-30 23:21:43,brandimarte_mk01,Random,42,4155.15,12,LeftVert_Row0,VerticalAisle,North,92,626,162.76,0.26,0.8719
2026-05-30 23:21:43,brandimarte_mk01,Random,42,4155.15,13,LeftVert_BotConn,VerticalAisle,North,92,566,147.16,0.26,0.8602
2026-05-30 23:21:43,brandimarte_mk01,Random,42,4155.15,14,RightVert_TopConn,VerticalAisle,South,10,0,0.00,0.00,0.0000
2026-05-30 23:21:43,brandimarte_mk01,Random,42,4155.15,15,RightVert_Row0,VerticalAisle,South,92,5,1.30,0.26,0.0515
2026-05-30 23:21:43,brandimarte_mk01,Random,42,4155.15,16,RightVert_BotConn,VerticalAisle,South,92,9,2.34,0.26,0.0891
2026-05-30 23:23:27,brandimarte_mk01,Random,43,4233.33,0,RowAisle0_Seg0,RowAisle,East,81,19,4.94,0.26,0.1900
2026-05-30 23:23:27,brandimarte_mk01,Random,43,4233.33,1,RowAisle0_Seg1,RowAisle,East,81,558,145.08,0.26,0.8732
2026-05-30 23:23:27,brandimarte_mk01,Random,43,4233.33,2,RowAisle0_Seg2,RowAisle,East,81,8,2.08,0.26,0.0899
2026-05-30 23:23:27,brandimarte_mk01,Random,43,4233.33,3,TopSpine_Seg0,SpineAisle,East,10,0,0.00,0.00,0.0000
2026-05-30 23:23:27,brandimarte_mk01,Random,43,4233.33,4,TopSpine_Seg1,SpineAisle,East,10,0,0.00,0.00,0.0000
2026-05-30 23:23:27,brandimarte_mk01,Random,43,4233.33,5,TopSpine_Seg2,SpineAisle,East,10,0,0.00,0.00,0.0000
2026-05-30 23:23:27,brandimarte_mk01,Random,43,4233.33,6,TopSpine_Seg3,SpineAisle,East,10,0,0.00,0.00,0.0000
2026-05-30 23:23:27,brandimarte_mk01,Random,43,4233.33,7,BotSpine_Seg0,SpineAisle,West,91,0,0.00,0.00,0.0000
2026-05-30 23:23:27,brandimarte_mk01,Random,43,4233.33,8,BotSpine_Seg1,SpineAisle,West,91,0,0.00,0.00,0.0000
2026-05-30 23:23:27,brandimarte_mk01,Random,43,4233.33,9,BotSpine_Seg2,SpineAisle,West,91,0,0.00,0.00,0.0000
2026-05-30 23:23:27,brandimarte_mk01,Random,43,4233.33,10,BotSpine_Seg3,SpineAisle,West,91,0,0.00,0.00,0.0000
2026-05-30 23:23:27,brandimarte_mk01,Random,43,4233.33,11,LeftVert_TopConn,VerticalAisle,North,10,0,0.00,0.00,0.0000
2026-05-30 23:23:27,brandimarte_mk01,Random,43,4233.33,12,LeftVert_Row0,VerticalAisle,North,91,452,117.52,0.26,0.8324
2026-05-30 23:23:27,brandimarte_mk01,Random,43,4233.33,13,LeftVert_BotConn,VerticalAisle,North,91,311,80.86,0.26,0.7736
2026-05-30 23:23:27,brandimarte_mk01,Random,43,4233.33,14,RightVert_TopConn,VerticalAisle,South,10,0,0.00,0.00,0.0000
2026-05-30 23:23:27,brandimarte_mk01,Random,43,4233.33,15,RightVert_Row0,VerticalAisle,South,91,0,0.00,0.00,0.0000
2026-05-30 23:23:27,brandimarte_mk01,Random,43,4233.33,16,RightVert_BotConn,VerticalAisle,South,91,8,2.08,0.26,0.0808
2026-05-30 23:25:29,brandimarte_mk01,Random,44,4933.33,0,RowAisle0_Seg0,RowAisle,East,81,85,22.10,0.26,0.5120
2026-05-30 23:25:29,brandimarte_mk01,Random,44,4933.33,1,RowAisle0_Seg1,RowAisle,East,81,475,123.50,0.26,0.8543
2026-05-30 23:25:29,brandimarte_mk01,Random,44,4933.33,2,RowAisle0_Seg2,RowAisle,East,81,2,0.52,0.26,0.0241
2026-05-30 23:25:29,brandimarte_mk01,Random,44,4933.33,3,TopSpine_Seg0,SpineAisle,East,10,0,0.00,0.00,0.0000
2026-05-30 23:25:29,brandimarte_mk01,Random,44,4933.33,4,TopSpine_Seg1,SpineAisle,East,10,0,0.00,0.00,0.0000
2026-05-30 23:25:29,brandimarte_mk01,Random,44,4933.33,5,TopSpine_Seg2,SpineAisle,East,10,0,0.00,0.00,0.0000
2026-05-30 23:25:29,brandimarte_mk01,Random,44,4933.33,6,TopSpine_Seg3,SpineAisle,East,10,0,0.00,0.00,0.0000
2026-05-30 23:25:29,brandimarte_mk01,Random,44,4933.33,7,BotSpine_Seg0,SpineAisle,West,91,0,0.00,0.00,0.0000
2026-05-30 23:25:29,brandimarte_mk01,Random,44,4933.33,8,BotSpine_Seg1,SpineAisle,West,91,0,0.00,0.00,0.0000
2026-05-30 23:25:29,brandimarte_mk01,Random,44,4933.33,9,BotSpine_Seg2,SpineAisle,West,91,0,0.00,0.00,0.0000
2026-05-30 23:25:29,brandimarte_mk01,Random,44,4933.33,10,BotSpine_Seg3,SpineAisle,West,91,0,0.00,0.00,0.0000
2026-05-30 23:25:29,brandimarte_mk01,Random,44,4933.33,11,LeftVert_TopConn,VerticalAisle,North,10,0,0.00,0.00,0.0000
2026-05-30 23:25:29,brandimarte_mk01,Random,44,4933.33,12,LeftVert_Row0,VerticalAisle,North,91,744,193.44,0.26,0.8910
2026-05-30 23:25:29,brandimarte_mk01,Random,44,4933.33,13,LeftVert_BotConn,VerticalAisle,North,91,499,129.74,0.26,0.8458
2026-05-30 23:25:29,brandimarte_mk01,Random,44,4933.33,14,RightVert_TopConn,VerticalAisle,South,10,0,0.00,0.00,0.0000
2026-05-30 23:25:29,brandimarte_mk01,Random,44,4933.33,15,RightVert_Row0,VerticalAisle,South,91,0,0.00,0.00,0.0000
2026-05-30 23:25:29,brandimarte_mk01,Random,44,4933.33,16,RightVert_BotConn,VerticalAisle,South,91,4,1.04,0.26,0.0421
2026-05-30 23:31:00,brandimarte_mk03,Random,42,13300.00,0,RowAisle0_Seg0,RowAisle,East,257,127,33.02,0.26,0.3307
2026-05-30 23:31:00,brandimarte_mk03,Random,42,13300.00,1,RowAisle0_Seg1,RowAisle,East,257,817,212.42,0.26,0.7607
2026-05-30 23:31:00,brandimarte_mk03,Random,42,13300.00,2,RowAisle0_Seg2,RowAisle,East,257,106,27.56,0.26,0.2920
2026-05-30 23:31:00,brandimarte_mk03,Random,42,13300.00,3,RowAisle1_Seg0,RowAisle,West,107,78,20.28,0.26,0.4216
2026-05-30 23:31:00,brandimarte_mk03,Random,42,13300.00,4,RowAisle1_Seg1,RowAisle,West,107,75,19.50,0.26,0.4121
2026-05-30 23:31:00,brandimarte_mk03,Random,42,13300.00,5,RowAisle1_Seg2,RowAisle,West,107,609,158.34,0.26,0.8506
2026-05-30 23:31:00,brandimarte_mk03,Random,42,13300.00,6,TopSpine_Seg0,SpineAisle,East,15,0,0.00,0.00,0.0000
2026-05-30 23:31:00,brandimarte_mk03,Random,42,13300.00,7,TopSpine_Seg1,SpineAisle,East,15,0,0.00,0.00,0.0000
2026-05-30 23:31:00,brandimarte_mk03,Random,42,13300.00,8,TopSpine_Seg2,SpineAisle,East,15,0,0.00,0.00,0.0000
2026-05-30 23:31:00,brandimarte_mk03,Random,42,13300.00,9,TopSpine_Seg3,SpineAisle,East,15,0,0.00,0.00,0.0000
2026-05-30 23:31:00,brandimarte_mk03,Random,42,13300.00,10,BotSpine_Seg0,SpineAisle,West,165,0,0.00,0.00,0.0000
2026-05-30 23:31:00,brandimarte_mk03,Random,42,13300.00,11,BotSpine_Seg1,SpineAisle,West,165,0,0.00,0.00,0.0000
2026-05-30 23:31:00,brandimarte_mk03,Random,42,13300.00,12,BotSpine_Seg2,SpineAisle,West,165,0,0.00,0.00,0.0000
2026-05-30 23:31:00,brandimarte_mk03,Random,42,13300.00,13,BotSpine_Seg3,SpineAisle,West,165,0,0.00,0.00,0.0000
2026-05-30 23:31:00,brandimarte_mk03,Random,42,13300.00,14,LeftVert_TopConn,VerticalAisle,North,15,0,0.00,0.00,0.0000
2026-05-30 23:31:00,brandimarte_mk03,Random,42,13300.00,15,LeftVert_Row0,VerticalAisle,North,272,1345,349.70,0.26,0.8318
2026-05-30 23:31:00,brandimarte_mk03,Random,42,13300.00,16,LeftVert_Row1,VerticalAisle,North,272,159,41.34,0.26,0.3689
2026-05-30 23:31:00,brandimarte_mk03,Random,42,13300.00,17,LeftVert_BotConn,VerticalAisle,North,165,1294,336.43,0.26,0.8869
2026-05-30 23:31:00,brandimarte_mk03,Random,42,13300.00,18,RightVert_TopConn,VerticalAisle,South,15,0,0.00,0.00,0.0000
2026-05-30 23:31:00,brandimarte_mk03,Random,42,13300.00,19,RightVert_Row0,VerticalAisle,South,272,267,69.42,0.26,0.4954
2026-05-30 23:31:00,brandimarte_mk03,Random,42,13300.00,20,RightVert_Row1,VerticalAisle,South,272,75,19.50,0.26,0.2161
2026-05-30 23:31:00,brandimarte_mk03,Random,42,13300.00,21,RightVert_BotConn,VerticalAisle,South,165,0,0.00,0.00,0.0000
2026-05-30 23:35:50,brandimarte_mk03,Random,43,11600.00,0,RowAisle0_Seg0,RowAisle,East,249,132,34.32,0.26,0.3465
2026-05-30 23:35:50,brandimarte_mk03,Random,43,11600.00,1,RowAisle0_Seg1,RowAisle,East,249,375,97.50,0.26,0.6010
2026-05-30 23:35:50,brandimarte_mk03,Random,43,11600.00,2,RowAisle0_Seg2,RowAisle,East,249,59,15.34,0.26,0.1916
2026-05-30 23:35:50,brandimarte_mk03,Random,43,11600.00,3,RowAisle1_Seg0,RowAisle,West,99,165,42.90,0.26,0.6250
2026-05-30 23:35:50,brandimarte_mk03,Random,43,11600.00,4,RowAisle1_Seg1,RowAisle,West,99,17,4.42,0.26,0.1466
2026-05-30 23:35:50,brandimarte_mk03,Random,43,11600.00,5,RowAisle1_Seg2,RowAisle,West,99,169,43.94,0.26,0.6306
2026-05-30 23:35:50,brandimarte_mk03,Random,43,11600.00,6,TopSpine_Seg0,SpineAisle,East,15,0,0.00,0.00,0.0000
2026-05-30 23:35:50,brandimarte_mk03,Random,43,11600.00,7,TopSpine_Seg1,SpineAisle,East,15,0,0.00,0.00,0.0000
2026-05-30 23:35:50,brandimarte_mk03,Random,43,11600.00,8,TopSpine_Seg2,SpineAisle,East,15,0,0.00,0.00,0.0000
2026-05-30 23:35:50,brandimarte_mk03,Random,43,11600.00,9,TopSpine_Seg3,SpineAisle,East,15,0,0.00,0.00,0.0000
2026-05-30 23:35:50,brandimarte_mk03,Random,43,11600.00,10,BotSpine_Seg0,SpineAisle,West,165,0,0.00,0.00,0.0000
2026-05-30 23:35:50,brandimarte_mk03,Random,43,11600.00,11,BotSpine_Seg1,SpineAisle,West,165,0,0.00,0.00,0.0000
2026-05-30 23:35:50,brandimarte_mk03,Random,43,11600.00,12,BotSpine_Seg2,SpineAisle,West,165,0,0.00,0.00,0.0000
2026-05-30 23:35:50,brandimarte_mk03,Random,43,11600.00,13,BotSpine_Seg3,SpineAisle,West,165,0,0.00,0.00,0.0000
2026-05-30 23:35:50,brandimarte_mk03,Random,43,11600.00,14,LeftVert_TopConn,VerticalAisle,North,15,0,0.00,0.00,0.0000
2026-05-30 23:35:50,brandimarte_mk03,Random,43,11600.00,15,LeftVert_Row0,VerticalAisle,North,264,1860,483.59,0.26,0.8757
2026-05-30 23:35:50,brandimarte_mk03,Random,43,11600.00,16,LeftVert_Row1,VerticalAisle,North,264,244,63.44,0.26,0.4803
2026-05-30 23:35:50,brandimarte_mk03,Random,43,11600.00,17,LeftVert_BotConn,VerticalAisle,North,165,1140,296.38,0.26,0.8736
2026-05-30 23:35:50,brandimarte_mk03,Random,43,11600.00,18,RightVert_TopConn,VerticalAisle,South,15,0,0.00,0.00,0.0000
2026-05-30 23:35:50,brandimarte_mk03,Random,43,11600.00,19,RightVert_Row0,VerticalAisle,South,264,54,14.04,0.26,0.1698
2026-05-30 23:35:50,brandimarte_mk03,Random,43,11600.00,20,RightVert_Row1,VerticalAisle,South,264,20,5.20,0.26,0.0704
2026-05-30 23:35:50,brandimarte_mk03,Random,43,11600.00,21,RightVert_BotConn,VerticalAisle,South,165,6,1.56,0.26,0.0351
2026-05-31 03:05:37,brandimarte_mk03,Random,44,500000.02,0,RowAisle0_Seg0,RowAisle,East,76,1973197,16.89,0.00,1.0000
2026-05-31 03:05:37,brandimarte_mk03,Random,44,500000.02,1,RowAisle0_Seg1,RowAisle,East,76,293,76.18,0.26,0.7940
2026-05-31 03:05:37,brandimarte_mk03,Random,44,500000.02,2,RowAisle0_Seg2,RowAisle,East,75,1973150,4.43,0.00,1.0000
2026-05-31 03:05:37,brandimarte_mk03,Random,44,500000.02,3,RowAisle1_Seg0,RowAisle,West,39,0,0.00,0.00,0.0000
2026-05-31 03:05:37,brandimarte_mk03,Random,44,500000.02,4,RowAisle1_Seg1,RowAisle,West,39,1973159,1.30,0.00,1.0000
2026-05-31 03:05:37,brandimarte_mk03,Random,44,500000.02,5,RowAisle1_Seg2,RowAisle,West,40,565,146.90,0.26,0.9339
2026-05-31 03:05:37,brandimarte_mk03,Random,44,500000.02,6,TopSpine_Seg0,SpineAisle,East,15,0,0.00,0.00,0.0000
2026-05-31 03:05:37,brandimarte_mk03,Random,44,500000.02,7,TopSpine_Seg1,SpineAisle,East,15,0,0.00,0.00,0.0000
2026-05-31 03:05:37,brandimarte_mk03,Random,44,500000.02,8,TopSpine_Seg2,SpineAisle,East,15,0,0.00,0.00,0.0000
2026-05-31 03:05:37,brandimarte_mk03,Random,44,500000.02,9,TopSpine_Seg3,SpineAisle,East,15,0,0.00,0.00,0.0000
2026-05-31 03:05:37,brandimarte_mk03,Random,44,500000.02,10,BotSpine_Seg0,SpineAisle,West,49,0,0.00,0.00,0.0000
2026-05-31 03:05:37,brandimarte_mk03,Random,44,500000.02,11,BotSpine_Seg1,SpineAisle,West,49,0,0.00,0.00,0.0000
2026-05-31 03:05:37,brandimarte_mk03,Random,44,500000.02,12,BotSpine_Seg2,SpineAisle,West,49,0,0.00,0.00,0.0000
2026-05-31 03:05:37,brandimarte_mk03,Random,44,500000.02,13,BotSpine_Seg3,SpineAisle,West,49,0,0.00,0.00,0.0000
2026-05-31 03:05:37,brandimarte_mk03,Random,44,500000.02,14,LeftVert_TopConn,VerticalAisle,North,15,0,0.00,0.00,0.0000
2026-05-31 03:05:37,brandimarte_mk03,Random,44,500000.02,15,LeftVert_Row0,VerticalAisle,North,92,1295,336.70,0.26,0.9337
2026-05-31 03:05:37,brandimarte_mk03,Random,44,500000.02,16,LeftVert_Row1,VerticalAisle,North,92,3946497,56.16,0.00,1.0000
2026-05-31 03:05:37,brandimarte_mk03,Random,44,500000.02,17,LeftVert_BotConn,VerticalAisle,North,55,17743577,262.09,0.00,1.0000
2026-05-31 03:05:37,brandimarte_mk03,Random,44,500000.02,18,RightVert_TopConn,VerticalAisle,South,15,0,0.00,0.00,0.0000
2026-05-31 03:05:37,brandimarte_mk03,Random,44,500000.02,19,RightVert_Row0,VerticalAisle,South,90,567,147.43,0.26,0.8630
2026-05-31 03:05:37,brandimarte_mk03,Random,44,500000.02,20,RightVert_Row1,VerticalAisle,South,89,1973155,1.04,0.00,1.0000
2026-05-31 03:05:37,brandimarte_mk03,Random,44,500000.02,21,RightVert_BotConn,VerticalAisle,South,49,0,0.00,0.00,0.0000
2026-05-31 03:08:27,brandimarte_mk04,Random,42,6800.00,0,RowAisle0_Seg0,RowAisle,East,147,407,101.75,0.25,0.7347
2026-05-31 03:08:27,brandimarte_mk04,Random,42,6800.00,1,RowAisle0_Seg1,RowAisle,East,147,454,113.50,0.25,0.7554
2026-05-31 03:08:27,brandimarte_mk04,Random,42,6800.00,2,RowAisle0_Seg2,RowAisle,East,147,39,9.75,0.25,0.2097
2026-05-31 03:08:27,brandimarte_mk04,Random,42,6800.00,3,RowAisle1_Seg0,RowAisle,West,57,13,3.25,0.25,0.1857
2026-05-31 03:08:27,brandimarte_mk04,Random,42,6800.00,4,RowAisle1_Seg1,RowAisle,West,57,19,4.75,0.25,0.2500
2026-05-31 03:08:27,brandimarte_mk04,Random,42,6800.00,5,RowAisle1_Seg2,RowAisle,West,57,0,0.00,0.00,0.0000
2026-05-31 03:08:27,brandimarte_mk04,Random,42,6800.00,6,TopSpine_Seg0,SpineAisle,East,15,0,0.00,0.00,0.0000
2026-05-31 03:08:27,brandimarte_mk04,Random,42,6800.00,7,TopSpine_Seg1,SpineAisle,East,15,0,0.00,0.00,0.0000
2026-05-31 03:08:27,brandimarte_mk04,Random,42,6800.00,8,TopSpine_Seg2,SpineAisle,East,15,0,0.00,0.00,0.0000
2026-05-31 03:08:27,brandimarte_mk04,Random,42,6800.00,9,TopSpine_Seg3,SpineAisle,East,15,0,0.00,0.00,0.0000
2026-05-31 03:08:27,brandimarte_mk04,Random,42,6800.00,10,BotSpine_Seg0,SpineAisle,West,105,0,0.00,0.00,0.0000
2026-05-31 03:08:27,brandimarte_mk04,Random,42,6800.00,11,BotSpine_Seg1,SpineAisle,West,105,0,0.00,0.00,0.0000
2026-05-31 03:08:27,brandimarte_mk04,Random,42,6800.00,12,BotSpine_Seg2,SpineAisle,West,105,0,0.00,0.00,0.0000
2026-05-31 03:08:27,brandimarte_mk04,Random,42,6800.00,13,BotSpine_Seg3,SpineAisle,West,105,0,0.00,0.00,0.0000
2026-05-31 03:08:27,brandimarte_mk04,Random,42,6800.00,14,LeftVert_TopConn,VerticalAisle,North,15,0,0.00,0.00,0.0000
2026-05-31 03:08:27,brandimarte_mk04,Random,42,6800.00,15,LeftVert_Row0,VerticalAisle,North,162,1594,398.50,0.25,0.9077
2026-05-31 03:08:27,brandimarte_mk04,Random,42,6800.00,16,LeftVert_Row1,VerticalAisle,North,162,235,58.75,0.25,0.5919
2026-05-31 03:08:27,brandimarte_mk04,Random,42,6800.00,17,LeftVert_BotConn,VerticalAisle,North,105,1439,359.75,0.25,0.9320
2026-05-31 03:08:27,brandimarte_mk04,Random,42,6800.00,18,RightVert_TopConn,VerticalAisle,South,15,0,0.00,0.00,0.0000
2026-05-31 03:08:27,brandimarte_mk04,Random,42,6800.00,19,RightVert_Row0,VerticalAisle,South,162,1,0.25,0.25,0.0061
2026-05-31 03:08:27,brandimarte_mk04,Random,42,6800.00,20,RightVert_Row1,VerticalAisle,South,162,37,9.25,0.25,0.1859
2026-05-31 03:08:27,brandimarte_mk04,Random,42,6800.00,21,RightVert_BotConn,VerticalAisle,South,105,0,0.00,0.00,0.0000
2026-05-31 03:11:23,brandimarte_mk04,Random,43,7033.31,0,RowAisle0_Seg0,RowAisle,East,150,591,147.75,0.25,0.7976
2026-05-31 03:11:23,brandimarte_mk04,Random,43,7033.31,1,RowAisle0_Seg1,RowAisle,East,150,19,4.75,0.25,0.1124
2026-05-31 03:11:23,brandimarte_mk04,Random,43,7033.31,2,RowAisle0_Seg2,RowAisle,East,150,16,4.00,0.25,0.0964
2026-05-31 03:11:23,brandimarte_mk04,Random,43,7033.31,3,RowAisle1_Seg0,RowAisle,West,60,17,4.25,0.25,0.2208
2026-05-31 03:11:23,brandimarte_mk04,Random,43,7033.31,4,RowAisle1_Seg1,RowAisle,West,60,20,5.00,0.25,0.2500
2026-05-31 03:11:23,brandimarte_mk04,Random,43,7033.31,5,RowAisle1_Seg2,RowAisle,West,60,0,0.00,0.00,0.0000
2026-05-31 03:11:23,brandimarte_mk04,Random,43,7033.31,6,TopSpine_Seg0,SpineAisle,East,15,0,0.00,0.00,0.0000
2026-05-31 03:11:23,brandimarte_mk04,Random,43,7033.31,7,TopSpine_Seg1,SpineAisle,East,15,0,0.00,0.00,0.0000
2026-05-31 03:11:23,brandimarte_mk04,Random,43,7033.31,8,TopSpine_Seg2,SpineAisle,East,15,0,0.00,0.00,0.0000
2026-05-31 03:11:23,brandimarte_mk04,Random,43,7033.31,9,TopSpine_Seg3,SpineAisle,East,15,0,0.00,0.00,0.0000
2026-05-31 03:11:23,brandimarte_mk04,Random,43,7033.31,10,BotSpine_Seg0,SpineAisle,West,105,0,0.00,0.00,0.0000
2026-05-31 03:11:23,brandimarte_mk04,Random,43,7033.31,11,BotSpine_Seg1,SpineAisle,West,105,0,0.00,0.00,0.0000
2026-05-31 03:11:23,brandimarte_mk04,Random,43,7033.31,12,BotSpine_Seg2,SpineAisle,West,105,0,0.00,0.00,0.0000
2026-05-31 03:11:23,brandimarte_mk04,Random,43,7033.31,13,BotSpine_Seg3,SpineAisle,West,105,0,0.00,0.00,0.0000
2026-05-31 03:11:23,brandimarte_mk04,Random,43,7033.31,14,LeftVert_TopConn,VerticalAisle,North,15,0,0.00,0.00,0.0000
2026-05-31 03:11:23,brandimarte_mk04,Random,43,7033.31,15,LeftVert_Row0,VerticalAisle,North,165,992,248.00,0.25,0.8574
2026-05-31 03:11:23,brandimarte_mk04,Random,43,7033.31,16,LeftVert_Row1,VerticalAisle,North,165,267,66.75,0.25,0.6181
2026-05-31 03:11:23,brandimarte_mk04,Random,43,7033.31,17,LeftVert_BotConn,VerticalAisle,North,105,575,143.75,0.25,0.8456
2026-05-31 03:11:23,brandimarte_mk04,Random,43,7033.31,18,RightVert_TopConn,VerticalAisle,South,15,0,0.00,0.00,0.0000
2026-05-31 03:11:23,brandimarte_mk04,Random,43,7033.31,19,RightVert_Row0,VerticalAisle,South,165,1,0.25,0.25,0.0060
2026-05-31 03:11:23,brandimarte_mk04,Random,43,7033.31,20,RightVert_Row1,VerticalAisle,South,165,16,4.00,0.25,0.0884
2026-05-31 03:11:23,brandimarte_mk04,Random,43,7033.31,21,RightVert_BotConn,VerticalAisle,South,105,0,0.00,0.00,0.0000
2026-05-31 03:14:11,brandimarte_mk04,Random,44,6733.31,0,RowAisle0_Seg0,RowAisle,East,144,137,34.25,0.25,0.4875
2026-05-31 03:14:11,brandimarte_mk04,Random,44,6733.31,1,RowAisle0_Seg1,RowAisle,East,144,32,8.00,0.25,0.1818
2026-05-31 03:14:11,brandimarte_mk04,Random,44,6733.31,2,RowAisle0_Seg2,RowAisle,East,144,8,2.00,0.25,0.0526
2026-05-31 03:14:11,brandimarte_mk04,Random,44,6733.31,3,RowAisle1_Seg0,RowAisle,West,54,31,7.75,0.25,0.3647
2026-05-31 03:14:11,brandimarte_mk04,Random,44,6733.31,4,RowAisle1_Seg1,RowAisle,West,54,0,0.00,0.00,0.0000
2026-05-31 03:14:11,brandimarte_mk04,Random,44,6733.31,5,RowAisle1_Seg2,RowAisle,West,54,0,0.00,0.00,0.0000
2026-05-31 03:14:11,brandimarte_mk04,Random,44,6733.31,6,TopSpine_Seg0,SpineAisle,East,15,0,0.00,0.00,0.0000
2026-05-31 03:14:11,brandimarte_mk04,Random,44,6733.31,7,TopSpine_Seg1,SpineAisle,East,15,0,0.00,0.00,0.0000
2026-05-31 03:14:11,brandimarte_mk04,Random,44,6733.31,8,TopSpine_Seg2,SpineAisle,East,15,0,0.00,0.00,0.0000
2026-05-31 03:14:11,brandimarte_mk04,Random,44,6733.31,9,TopSpine_Seg3,SpineAisle,East,15,0,0.00,0.00,0.0000
2026-05-31 03:14:11,brandimarte_mk04,Random,44,6733.31,10,BotSpine_Seg0,SpineAisle,West,105,0,0.00,0.00,0.0000
2026-05-31 03:14:11,brandimarte_mk04,Random,44,6733.31,11,BotSpine_Seg1,SpineAisle,West,105,0,0.00,0.00,0.0000
2026-05-31 03:14:11,brandimarte_mk04,Random,44,6733.31,12,BotSpine_Seg2,SpineAisle,West,105,0,0.00,0.00,0.0000
2026-05-31 03:14:11,brandimarte_mk04,Random,44,6733.31,13,BotSpine_Seg3,SpineAisle,West,105,0,0.00,0.00,0.0000
2026-05-31 03:14:11,brandimarte_mk04,Random,44,6733.31,14,LeftVert_TopConn,VerticalAisle,North,15,0,0.00,0.00,0.0000
2026-05-31 03:14:11,brandimarte_mk04,Random,44,6733.31,15,LeftVert_Row0,VerticalAisle,North,159,810,202.50,0.25,0.8359
2026-05-31 03:14:11,brandimarte_mk04,Random,44,6733.31,16,LeftVert_Row1,VerticalAisle,North,159,192,48.00,0.25,0.5470
2026-05-31 03:14:11,brandimarte_mk04,Random,44,6733.31,17,LeftVert_BotConn,VerticalAisle,North,105,385,96.25,0.25,0.7857
2026-05-31 03:14:11,brandimarte_mk04,Random,44,6733.31,18,RightVert_TopConn,VerticalAisle,South,15,0,0.00,0.00,0.0000
2026-05-31 03:14:11,brandimarte_mk04,Random,44,6733.31,19,RightVert_Row0,VerticalAisle,South,159,0,0.00,0.00,0.0000
2026-05-31 03:14:11,brandimarte_mk04,Random,44,6733.31,20,RightVert_Row1,VerticalAisle,South,159,2,0.50,0.25,0.0124
2026-05-31 03:14:11,brandimarte_mk04,Random,44,6733.31,21,RightVert_BotConn,VerticalAisle,South,105,0,0.00,0.00,0.0000
2026-05-31 03:18:50,brandimarte_mk06,Random,42,11300.00,0,RowAisle0_Seg0,RowAisle,East,245,132,33.00,0.25,0.3501
2026-05-31 03:18:50,brandimarte_mk06,Random,42,11300.00,1,RowAisle0_Seg1,RowAisle,East,245,733,183.25,0.25,0.7495
2026-05-31 03:18:50,brandimarte_mk06,Random,42,11300.00,2,RowAisle0_Seg2,RowAisle,East,245,20,5.00,0.25,0.0755
2026-05-31 03:18:50,brandimarte_mk06,Random,42,11300.00,3,RowAisle0_Seg3,RowAisle,East,245,149,37.25,0.25,0.3782
2026-05-31 03:18:50,brandimarte_mk06,Random,42,11300.00,4,RowAisle1_Seg0,RowAisle,West,95,122,30.50,0.25,0.5622
2026-05-31 03:18:50,brandimarte_mk06,Random,42,11300.00,5,RowAisle1_Seg1,RowAisle,West,95,42,10.50,0.25,0.3066
2026-05-31 03:18:50,brandimarte_mk06,Random,42,11300.00,6,RowAisle1_Seg2,RowAisle,West,95,639,159.75,0.25,0.8706
2026-05-31 03:18:50,brandimarte_mk06,Random,42,11300.00,7,RowAisle1_Seg3,RowAisle,West,95,7,1.75,0.25,0.0686
2026-05-31 03:18:50,brandimarte_mk06,Random,42,11300.00,8,TopSpine_Seg0,SpineAisle,East,10,0,0.00,0.00,0.0000
2026-05-31 03:18:50,brandimarte_mk06,Random,42,11300.00,9,TopSpine_Seg1,SpineAisle,East,10,0,0.00,0.00,0.0000
2026-05-31 03:18:50,brandimarte_mk06,Random,42,11300.00,10,TopSpine_Seg2,SpineAisle,East,10,0,0.00,0.00,0.0000
2026-05-31 03:18:50,brandimarte_mk06,Random,42,11300.00,11,TopSpine_Seg3,SpineAisle,East,10,0,0.00,0.00,0.0000
2026-05-31 03:18:50,brandimarte_mk06,Random,42,11300.00,12,TopSpine_Seg4,SpineAisle,East,10,0,0.00,0.00,0.0000
2026-05-31 03:18:50,brandimarte_mk06,Random,42,11300.00,13,BotSpine_Seg0,SpineAisle,West,160,0,0.00,0.00,0.0000
2026-05-31 03:18:50,brandimarte_mk06,Random,42,11300.00,14,BotSpine_Seg1,SpineAisle,West,160,0,0.00,0.00,0.0000
2026-05-31 03:18:50,brandimarte_mk06,Random,42,11300.00,15,BotSpine_Seg2,SpineAisle,West,160,0,0.00,0.00,0.0000
2026-05-31 03:18:50,brandimarte_mk06,Random,42,11300.00,16,BotSpine_Seg3,SpineAisle,West,160,0,0.00,0.00,0.0000
2026-05-31 03:18:50,brandimarte_mk06,Random,42,11300.00,17,BotSpine_Seg4,SpineAisle,West,160,0,0.00,0.00,0.0000
2026-05-31 03:18:50,brandimarte_mk06,Random,42,11300.00,18,LeftVert_TopConn,VerticalAisle,North,10,0,0.00,0.00,0.0000
2026-05-31 03:18:50,brandimarte_mk06,Random,42,11300.00,19,LeftVert_Row0,VerticalAisle,North,255,1098,274.50,0.25,0.8115
2026-05-31 03:18:50,brandimarte_mk06,Random,42,11300.00,20,LeftVert_Row1,VerticalAisle,North,255,160,40.00,0.25,0.3855
2026-05-31 03:18:50,brandimarte_mk06,Random,42,11300.00,21,LeftVert_BotConn,VerticalAisle,North,160,870,217.50,0.25,0.8447
2026-05-31 03:18:50,brandimarte_mk06,Random,42,11300.00,22,RightVert_TopConn,VerticalAisle,South,10,0,0.00,0.00,0.0000
2026-05-31 03:18:50,brandimarte_mk06,Random,42,11300.00,23,RightVert_Row0,VerticalAisle,South,255,1,0.25,0.25,0.0039
2026-05-31 03:18:50,brandimarte_mk06,Random,42,11300.00,24,RightVert_Row1,VerticalAisle,South,255,391,97.75,0.25,0.6053
2026-05-31 03:18:50,brandimarte_mk06,Random,42,11300.00,25,RightVert_BotConn,VerticalAisle,South,160,0,0.00,0.00,0.0000
2026-05-31 03:23:13,brandimarte_mk06,Random,43,10566.63,0,RowAisle0_Seg0,RowAisle,East,243,523,130.75,0.25,0.6828
2026-05-31 03:23:13,brandimarte_mk06,Random,43,10566.63,1,RowAisle0_Seg1,RowAisle,East,243,1376,344.00,0.25,0.8499
2026-05-31 03:23:13,brandimarte_mk06,Random,43,10566.63,2,RowAisle0_Seg2,RowAisle,East,243,216,54.00,0.25,0.4706
2026-05-31 03:23:13,brandimarte_mk06,Random,43,10566.63,3,RowAisle0_Seg3,RowAisle,East,243,12,3.00,0.25,0.0471
2026-05-31 03:23:13,brandimarte_mk06,Random,43,10566.63,4,RowAisle1_Seg0,RowAisle,West,93,29,7.25,0.25,0.2377
2026-05-31 03:23:13,brandimarte_mk06,Random,43,10566.63,5,RowAisle1_Seg1,RowAisle,West,93,15,3.75,0.25,0.1389
2026-05-31 03:23:13,brandimarte_mk06,Random,43,10566.63,6,RowAisle1_Seg2,RowAisle,West,93,54,13.50,0.25,0.3673
2026-05-31 03:23:13,brandimarte_mk06,Random,43,10566.63,7,RowAisle1_Seg3,RowAisle,West,93,8,2.00,0.25,0.0792
2026-05-31 03:23:13,brandimarte_mk06,Random,43,10566.63,8,TopSpine_Seg0,SpineAisle,East,10,0,0.00,0.00,0.0000
2026-05-31 03:23:13,brandimarte_mk06,Random,43,10566.63,9,TopSpine_Seg1,SpineAisle,East,10,0,0.00,0.00,0.0000
2026-05-31 03:23:13,brandimarte_mk06,Random,43,10566.63,10,TopSpine_Seg2,SpineAisle,East,10,0,0.00,0.00,0.0000
2026-05-31 03:23:13,brandimarte_mk06,Random,43,10566.63,11,TopSpine_Seg3,SpineAisle,East,10,0,0.00,0.00,0.0000
2026-05-31 03:23:13,brandimarte_mk06,Random,43,10566.63,12,TopSpine_Seg4,SpineAisle,East,10,0,0.00,0.00,0.0000
2026-05-31 03:23:13,brandimarte_mk06,Random,43,10566.63,13,BotSpine_Seg0,SpineAisle,West,160,0,0.00,0.00,0.0000
2026-05-31 03:23:13,brandimarte_mk06,Random,43,10566.63,14,BotSpine_Seg1,SpineAisle,West,160,0,0.00,0.00,0.0000
2026-05-31 03:23:13,brandimarte_mk06,Random,43,10566.63,15,BotSpine_Seg2,SpineAisle,West,160,0,0.00,0.00,0.0000
2026-05-31 03:23:13,brandimarte_mk06,Random,43,10566.63,16,BotSpine_Seg3,SpineAisle,West,160,0,0.00,0.00,0.0000
2026-05-31 03:23:13,brandimarte_mk06,Random,43,10566.63,17,BotSpine_Seg4,SpineAisle,West,160,0,0.00,0.00,0.0000
2026-05-31 03:23:13,brandimarte_mk06,Random,43,10566.63,18,LeftVert_TopConn,VerticalAisle,North,10,0,0.00,0.00,0.0000
2026-05-31 03:23:13,brandimarte_mk06,Random,43,10566.63,19,LeftVert_Row0,VerticalAisle,North,253,2212,553.00,0.25,0.8974
2026-05-31 03:23:13,brandimarte_mk06,Random,43,10566.63,20,LeftVert_Row1,VerticalAisle,North,253,179,44.75,0.25,0.4144
2026-05-31 03:23:13,brandimarte_mk06,Random,43,10566.63,21,LeftVert_BotConn,VerticalAisle,North,160,2043,510.75,0.25,0.9274
2026-05-31 03:23:13,brandimarte_mk06,Random,43,10566.63,22,RightVert_TopConn,VerticalAisle,South,10,0,0.00,0.00,0.0000
2026-05-31 03:23:13,brandimarte_mk06,Random,43,10566.63,23,RightVert_Row0,VerticalAisle,South,253,2,0.50,0.25,0.0078
2026-05-31 03:23:13,brandimarte_mk06,Random,43,10566.63,24,RightVert_Row1,VerticalAisle,South,253,25,6.25,0.25,0.0899
2026-05-31 03:23:13,brandimarte_mk06,Random,43,10566.63,25,RightVert_BotConn,VerticalAisle,South,160,0,0.00,0.00,0.0000
2026-05-31 03:27:53,brandimarte_mk06,Random,44,11300.00,0,RowAisle0_Seg0,RowAisle,East,235,1153,288.25,0.25,0.8307
2026-05-31 03:27:53,brandimarte_mk06,Random,44,11300.00,1,RowAisle0_Seg1,RowAisle,East,235,847,211.75,0.25,0.7828
2026-05-31 03:27:53,brandimarte_mk06,Random,44,11300.00,2,RowAisle0_Seg2,RowAisle,East,235,817,204.25,0.25,0.7766
2026-05-31 03:27:53,brandimarte_mk06,Random,44,11300.00,3,RowAisle0_Seg3,RowAisle,East,235,124,31.00,0.25,0.3454
2026-05-31 03:27:53,brandimarte_mk06,Random,44,11300.00,4,RowAisle1_Seg0,RowAisle,West,85,41,10.25,0.25,0.3254
2026-05-31 03:27:53,brandimarte_mk06,Random,44,11300.00,5,RowAisle1_Seg1,RowAisle,West,85,17,4.25,0.25,0.1667
2026-05-31 03:27:53,brandimarte_mk06,Random,44,11300.00,6,RowAisle1_Seg2,RowAisle,West,85,337,84.25,0.25,0.7986
2026-05-31 03:27:53,brandimarte_mk06,Random,44,11300.00,7,RowAisle1_Seg3,RowAisle,West,85,1,0.25,0.25,0.0116
2026-05-31 03:27:53,brandimarte_mk06,Random,44,11300.00,8,TopSpine_Seg0,SpineAisle,East,10,0,0.00,0.00,0.0000
2026-05-31 03:27:53,brandimarte_mk06,Random,44,11300.00,9,TopSpine_Seg1,SpineAisle,East,10,0,0.00,0.00,0.0000
2026-05-31 03:27:53,brandimarte_mk06,Random,44,11300.00,10,TopSpine_Seg2,SpineAisle,East,10,0,0.00,0.00,0.0000
2026-05-31 03:27:53,brandimarte_mk06,Random,44,11300.00,11,TopSpine_Seg3,SpineAisle,East,10,0,0.00,0.00,0.0000
2026-05-31 03:27:53,brandimarte_mk06,Random,44,11300.00,12,TopSpine_Seg4,SpineAisle,East,10,0,0.00,0.00,0.0000
2026-05-31 03:27:53,brandimarte_mk06,Random,44,11300.00,13,BotSpine_Seg0,SpineAisle,West,160,0,0.00,0.00,0.0000
2026-05-31 03:27:53,brandimarte_mk06,Random,44,11300.00,14,BotSpine_Seg1,SpineAisle,West,160,0,0.00,0.00,0.0000
2026-05-31 03:27:53,brandimarte_mk06,Random,44,11300.00,15,BotSpine_Seg2,SpineAisle,West,160,0,0.00,0.00,0.0000
2026-05-31 03:27:53,brandimarte_mk06,Random,44,11300.00,16,BotSpine_Seg3,SpineAisle,West,160,0,0.00,0.00,0.0000
2026-05-31 03:27:53,brandimarte_mk06,Random,44,11300.00,17,BotSpine_Seg4,SpineAisle,West,160,0,0.00,0.00,0.0000
2026-05-31 03:27:53,brandimarte_mk06,Random,44,11300.00,18,LeftVert_TopConn,VerticalAisle,North,10,0,0.00,0.00,0.0000
2026-05-31 03:27:53,brandimarte_mk06,Random,44,11300.00,19,LeftVert_Row0,VerticalAisle,North,245,1421,355.25,0.25,0.8529
2026-05-31 03:27:53,brandimarte_mk06,Random,44,11300.00,20,LeftVert_Row1,VerticalAisle,North,245,1233,308.25,0.25,0.8342
2026-05-31 03:27:53,brandimarte_mk06,Random,44,11300.00,21,LeftVert_BotConn,VerticalAisle,North,160,1333,333.25,0.25,0.8928
2026-05-31 03:27:53,brandimarte_mk06,Random,44,11300.00,22,RightVert_TopConn,VerticalAisle,South,10,0,0.00,0.00,0.0000
2026-05-31 03:27:53,brandimarte_mk06,Random,44,11300.00,23,RightVert_Row0,VerticalAisle,South,245,4,1.00,0.25,0.0161
2026-05-31 03:27:53,brandimarte_mk06,Random,44,11300.00,24,RightVert_Row1,VerticalAisle,South,245,223,55.75,0.25,0.4765
2026-05-31 03:27:53,brandimarte_mk06,Random,44,11300.00,25,RightVert_BotConn,VerticalAisle,South,160,0,0.00,0.00,0.0000
2026-05-31 03:32:00,brandimarte_mk07,Random,42,9966.69,0,RowAisle0_Seg0,RowAisle,East,147,696,174.00,0.25,0.8256
2026-05-31 03:32:00,brandimarte_mk07,Random,42,9966.69,1,RowAisle0_Seg1,RowAisle,East,147,293,73.25,0.25,0.6659
2026-05-31 03:32:00,brandimarte_mk07,Random,42,9966.69,2,RowAisle0_Seg2,RowAisle,East,147,2,0.50,0.25,0.0134
2026-05-31 03:32:00,brandimarte_mk07,Random,42,9966.69,3,TopSpine_Seg0,SpineAisle,East,20,0,0.00,0.00,0.0000
2026-05-31 03:32:00,brandimarte_mk07,Random,42,9966.69,4,TopSpine_Seg1,SpineAisle,East,20,0,0.00,0.00,0.0000
2026-05-31 03:32:00,brandimarte_mk07,Random,42,9966.69,5,TopSpine_Seg2,SpineAisle,East,20,0,0.00,0.00,0.0000
2026-05-31 03:32:00,brandimarte_mk07,Random,42,9966.69,6,TopSpine_Seg3,SpineAisle,East,20,0,0.00,0.00,0.0000
2026-05-31 03:32:00,brandimarte_mk07,Random,42,9966.69,7,BotSpine_Seg0,SpineAisle,West,167,0,0.00,0.00,0.0000
2026-05-31 03:32:00,brandimarte_mk07,Random,42,9966.69,8,BotSpine_Seg1,SpineAisle,West,167,0,0.00,0.00,0.0000
2026-05-31 03:32:00,brandimarte_mk07,Random,42,9966.69,9,BotSpine_Seg2,SpineAisle,West,167,0,0.00,0.00,0.0000
2026-05-31 03:32:00,brandimarte_mk07,Random,42,9966.69,10,BotSpine_Seg3,SpineAisle,West,167,0,0.00,0.00,0.0000
2026-05-31 03:32:00,brandimarte_mk07,Random,42,9966.69,11,LeftVert_TopConn,VerticalAisle,North,20,0,0.00,0.00,0.0000
2026-05-31 03:32:00,brandimarte_mk07,Random,42,9966.69,12,LeftVert_Row0,VerticalAisle,North,167,1043,260.75,0.25,0.8620
2026-05-31 03:32:00,brandimarte_mk07,Random,42,9966.69,13,LeftVert_BotConn,VerticalAisle,North,167,1102,275.50,0.25,0.8684
2026-05-31 03:32:00,brandimarte_mk07,Random,42,9966.69,14,RightVert_TopConn,VerticalAisle,South,20,0,0.00,0.00,0.0000
2026-05-31 03:32:00,brandimarte_mk07,Random,42,9966.69,15,RightVert_Row0,VerticalAisle,South,167,0,0.00,0.00,0.0000
2026-05-31 03:32:00,brandimarte_mk07,Random,42,9966.69,16,RightVert_BotConn,VerticalAisle,South,167,1,0.25,0.25,0.0060
2026-05-31 03:35:56,brandimarte_mk07,Random,43,9533.31,0,RowAisle0_Seg0,RowAisle,East,145,1644,411.00,0.25,0.9189
2026-05-31 03:35:56,brandimarte_mk07,Random,43,9533.31,1,RowAisle0_Seg1,RowAisle,East,145,207,51.75,0.25,0.5881
2026-05-31 03:35:56,brandimarte_mk07,Random,43,9533.31,2,RowAisle0_Seg2,RowAisle,East,145,2,0.50,0.25,0.0136
2026-05-31 03:35:56,brandimarte_mk07,Random,43,9533.31,3,TopSpine_Seg0,SpineAisle,East,20,0,0.00,0.00,0.0000
2026-05-31 03:35:56,brandimarte_mk07,Random,43,9533.31,4,TopSpine_Seg1,SpineAisle,East,20,0,0.00,0.00,0.0000
2026-05-31 03:35:56,brandimarte_mk07,Random,43,9533.31,5,TopSpine_Seg2,SpineAisle,East,20,0,0.00,0.00,0.0000
2026-05-31 03:35:56,brandimarte_mk07,Random,43,9533.31,6,TopSpine_Seg3,SpineAisle,East,20,0,0.00,0.00,0.0000
2026-05-31 03:35:56,brandimarte_mk07,Random,43,9533.31,7,BotSpine_Seg0,SpineAisle,West,165,0,0.00,0.00,0.0000
2026-05-31 03:35:56,brandimarte_mk07,Random,43,9533.31,8,BotSpine_Seg1,SpineAisle,West,165,0,0.00,0.00,0.0000
2026-05-31 03:35:56,brandimarte_mk07,Random,43,9533.31,9,BotSpine_Seg2,SpineAisle,West,165,0,0.00,0.00,0.0000
2026-05-31 03:35:56,brandimarte_mk07,Random,43,9533.31,10,BotSpine_Seg3,SpineAisle,West,165,0,0.00,0.00,0.0000
2026-05-31 03:35:56,brandimarte_mk07,Random,43,9533.31,11,LeftVert_TopConn,VerticalAisle,North,20,0,0.00,0.00,0.0000
2026-05-31 03:35:56,brandimarte_mk07,Random,43,9533.31,12,LeftVert_Row0,VerticalAisle,North,165,131,32.75,0.25,0.4426
2026-05-31 03:35:56,brandimarte_mk07,Random,43,9533.31,13,LeftVert_BotConn,VerticalAisle,North,165,1210,302.50,0.25,0.8800
2026-05-31 03:35:56,brandimarte_mk07,Random,43,9533.31,14,RightVert_TopConn,VerticalAisle,South,20,0,0.00,0.00,0.0000
2026-05-31 03:35:56,brandimarte_mk07,Random,43,9533.31,15,RightVert_Row0,VerticalAisle,South,165,0,0.00,0.00,0.0000
2026-05-31 03:35:56,brandimarte_mk07,Random,43,9533.31,16,RightVert_BotConn,VerticalAisle,South,165,6,1.50,0.25,0.0351
2026-05-31 03:39:50,brandimarte_mk07,Random,44,9466.63,0,RowAisle0_Seg0,RowAisle,East,144,1235,308.75,0.25,0.8956
2026-05-31 03:39:50,brandimarte_mk07,Random,44,9466.63,1,RowAisle0_Seg1,RowAisle,East,144,184,46.00,0.25,0.5610
2026-05-31 03:39:50,brandimarte_mk07,Random,44,9466.63,2,RowAisle0_Seg2,RowAisle,East,144,3,0.75,0.25,0.0204
2026-05-31 03:39:50,brandimarte_mk07,Random,44,9466.63,3,TopSpine_Seg0,SpineAisle,East,20,0,0.00,0.00,0.0000
2026-05-31 03:39:50,brandimarte_mk07,Random,44,9466.63,4,TopSpine_Seg1,SpineAisle,East,20,0,0.00,0.00,0.0000
2026-05-31 03:39:50,brandimarte_mk07,Random,44,9466.63,5,TopSpine_Seg2,SpineAisle,East,20,0,0.00,0.00,0.0000
2026-05-31 03:39:50,brandimarte_mk07,Random,44,9466.63,6,TopSpine_Seg3,SpineAisle,East,20,0,0.00,0.00,0.0000
2026-05-31 03:39:50,brandimarte_mk07,Random,44,9466.63,7,BotSpine_Seg0,SpineAisle,West,164,0,0.00,0.00,0.0000
2026-05-31 03:39:50,brandimarte_mk07,Random,44,9466.63,8,BotSpine_Seg1,SpineAisle,West,164,0,0.00,0.00,0.0000
2026-05-31 03:39:50,brandimarte_mk07,Random,44,9466.63,9,BotSpine_Seg2,SpineAisle,West,164,0,0.00,0.00,0.0000
2026-05-31 03:39:50,brandimarte_mk07,Random,44,9466.63,10,BotSpine_Seg3,SpineAisle,West,164,0,0.00,0.00,0.0000
2026-05-31 03:39:50,brandimarte_mk07,Random,44,9466.63,11,LeftVert_TopConn,VerticalAisle,North,20,0,0.00,0.00,0.0000
2026-05-31 03:39:50,brandimarte_mk07,Random,44,9466.63,12,LeftVert_Row0,VerticalAisle,North,164,644,161.00,0.25,0.7970
2026-05-31 03:39:50,brandimarte_mk07,Random,44,9466.63,13,LeftVert_BotConn,VerticalAisle,North,164,553,138.25,0.25,0.7713
2026-05-31 03:39:50,brandimarte_mk07,Random,44,9466.63,14,RightVert_TopConn,VerticalAisle,South,20,0,0.00,0.00,0.0000
2026-05-31 03:39:50,brandimarte_mk07,Random,44,9466.63,15,RightVert_Row0,VerticalAisle,South,164,0,0.00,0.00,0.0000
2026-05-31 03:39:50,brandimarte_mk07,Random,44,9466.63,16,RightVert_BotConn,VerticalAisle,South,164,15,3.75,0.25,0.0838
2026-05-31 03:47:32,brandimarte_mk10,Random,42,18400.00,0,RowAisle0_Seg0,RowAisle,East,397,352,88.00,0.25,0.4700
2026-05-31 03:47:32,brandimarte_mk10,Random,42,18400.00,1,RowAisle0_Seg1,RowAisle,East,397,686,171.50,0.25,0.6334
2026-05-31 03:47:32,brandimarte_mk10,Random,42,18400.00,2,RowAisle0_Seg2,RowAisle,East,397,325,81.25,0.25,0.4501
2026-05-31 03:47:32,brandimarte_mk10,Random,42,18400.00,3,RowAisle0_Seg3,RowAisle,East,397,32,8.00,0.25,0.0746
2026-05-31 03:47:32,brandimarte_mk10,Random,42,18400.00,4,RowAisle1_Seg0,RowAisle,West,157,42,10.50,0.25,0.2111
2026-05-31 03:47:32,brandimarte_mk10,Random,42,18400.00,5,RowAisle1_Seg1,RowAisle,West,157,353,88.25,0.25,0.6922
2026-05-31 03:47:32,brandimarte_mk10,Random,42,18400.00,6,RowAisle1_Seg2,RowAisle,West,157,16,4.00,0.25,0.0925
2026-05-31 03:47:32,brandimarte_mk10,Random,42,18400.00,7,RowAisle1_Seg3,RowAisle,West,157,0,0.00,0.00,0.0000
2026-05-31 03:47:32,brandimarte_mk10,Random,42,18400.00,8,RowAisle2_Seg0,RowAisle,East,5,0,0.00,0.00,0.0000
2026-05-31 03:47:32,brandimarte_mk10,Random,42,18400.00,9,RowAisle2_Seg1,RowAisle,East,5,0,0.00,0.00,0.0000
2026-05-31 03:47:32,brandimarte_mk10,Random,42,18400.00,10,RowAisle2_Seg2,RowAisle,East,5,0,0.00,0.00,0.0000
2026-05-31 03:47:32,brandimarte_mk10,Random,42,18400.00,11,RowAisle2_Seg3,RowAisle,East,5,0,0.00,0.00,0.0000
2026-05-31 03:47:32,brandimarte_mk10,Random,42,18400.00,12,TopSpine_Seg0,SpineAisle,East,20,0,0.00,0.00,0.0000
2026-05-31 03:47:32,brandimarte_mk10,Random,42,18400.00,13,TopSpine_Seg1,SpineAisle,East,20,0,0.00,0.00,0.0000
2026-05-31 03:47:32,brandimarte_mk10,Random,42,18400.00,14,TopSpine_Seg2,SpineAisle,East,20,0,0.00,0.00,0.0000
2026-05-31 03:47:32,brandimarte_mk10,Random,42,18400.00,15,TopSpine_Seg3,SpineAisle,East,20,0,0.00,0.00,0.0000
2026-05-31 03:47:32,brandimarte_mk10,Random,42,18400.00,16,TopSpine_Seg4,SpineAisle,East,20,0,0.00,0.00,0.0000
2026-05-31 03:47:32,brandimarte_mk10,Random,42,18400.00,17,BotSpine_Seg0,SpineAisle,West,265,0,0.00,0.00,0.0000
2026-05-31 03:47:32,brandimarte_mk10,Random,42,18400.00,18,BotSpine_Seg1,SpineAisle,West,265,0,0.00,0.00,0.0000
2026-05-31 03:47:32,brandimarte_mk10,Random,42,18400.00,19,BotSpine_Seg2,SpineAisle,West,265,0,0.00,0.00,0.0000
2026-05-31 03:47:32,brandimarte_mk10,Random,42,18400.00,20,BotSpine_Seg3,SpineAisle,West,265,0,0.00,0.00,0.0000
2026-05-31 03:47:32,brandimarte_mk10,Random,42,18400.00,21,BotSpine_Seg4,SpineAisle,West,265,0,0.00,0.00,0.0000
2026-05-31 03:47:32,brandimarte_mk10,Random,42,18400.00,22,LeftVert_TopConn,VerticalAisle,North,20,0,0.00,0.00,0.0000
2026-05-31 03:47:32,brandimarte_mk10,Random,42,18400.00,23,LeftVert_Row0,VerticalAisle,North,417,2297,574.25,0.25,0.8464
2026-05-31 03:47:32,brandimarte_mk10,Random,42,18400.00,24,LeftVert_Row1,VerticalAisle,North,417,518,129.50,0.25,0.5540
2026-05-31 03:47:32,brandimarte_mk10,Random,42,18400.00,25,LeftVert_Row2,VerticalAisle,North,265,994,248.50,0.25,0.7895
2026-05-31 03:47:32,brandimarte_mk10,Random,42,18400.00,26,LeftVert_BotConn,VerticalAisle,North,265,1619,404.75,0.25,0.8593
2026-05-31 03:47:32,brandimarte_mk10,Random,42,18400.00,27,RightVert_TopConn,VerticalAisle,South,20,0,0.00,0.00,0.0000
2026-05-31 03:47:32,brandimarte_mk10,Random,42,18400.00,28,RightVert_Row0,VerticalAisle,South,417,21,5.25,0.25,0.0479
2026-05-31 03:47:32,brandimarte_mk10,Random,42,18400.00,29,RightVert_Row1,VerticalAisle,South,417,87,21.75,0.25,0.1726
2026-05-31 03:47:32,brandimarte_mk10,Random,42,18400.00,30,RightVert_Row2,VerticalAisle,South,265,8,2.00,0.25,0.0293
2026-05-31 03:47:32,brandimarte_mk10,Random,42,18400.00,31,RightVert_BotConn,VerticalAisle,South,265,3,0.75,0.25,0.0112
2026-05-31 03:55:22,brandimarte_mk10,Random,43,18766.69,0,RowAisle0_Seg0,RowAisle,East,402,585,146.25,0.25,0.5927
2026-05-31 03:55:22,brandimarte_mk10,Random,43,18766.69,1,RowAisle0_Seg1,RowAisle,East,402,1110,277.50,0.25,0.7341
2026-05-31 03:55:22,brandimarte_mk10,Random,43,18766.69,2,RowAisle0_Seg2,RowAisle,East,402,108,27.00,0.25,0.2118
2026-05-31 03:55:22,brandimarte_mk10,Random,43,18766.69,3,RowAisle0_Seg3,RowAisle,East,402,48,12.00,0.25,0.1067
2026-05-31 03:55:22,brandimarte_mk10,Random,43,18766.69,4,RowAisle1_Seg0,RowAisle,West,162,117,29.25,0.25,0.4194
2026-05-31 03:55:22,brandimarte_mk10,Random,43,18766.69,5,RowAisle1_Seg1,RowAisle,West,162,983,245.75,0.25,0.8585
2026-05-31 03:55:22,brandimarte_mk10,Random,43,18766.69,6,RowAisle1_Seg2,RowAisle,West,162,95,23.75,0.25,0.3696
2026-05-31 03:55:22,brandimarte_mk10,Random,43,18766.69,7,RowAisle1_Seg3,RowAisle,West,162,515,128.75,0.25,0.7607
2026-05-31 03:55:22,brandimarte_mk10,Random,43,18766.69,8,RowAisle2_Seg0,RowAisle,East,2,0,0.00,0.00,0.0000
2026-05-31 03:55:22,brandimarte_mk10,Random,43,18766.69,9,RowAisle2_Seg1,RowAisle,East,2,0,0.00,0.00,0.0000
2026-05-31 03:55:22,brandimarte_mk10,Random,43,18766.69,10,RowAisle2_Seg2,RowAisle,East,2,0,0.00,0.00,0.0000
2026-05-31 03:55:22,brandimarte_mk10,Random,43,18766.69,11,RowAisle2_Seg3,RowAisle,East,2,0,0.00,0.00,0.0000
2026-05-31 03:55:22,brandimarte_mk10,Random,43,18766.69,12,TopSpine_Seg0,SpineAisle,East,20,0,0.00,0.00,0.0000
2026-05-31 03:55:22,brandimarte_mk10,Random,43,18766.69,13,TopSpine_Seg1,SpineAisle,East,20,0,0.00,0.00,0.0000
2026-05-31 03:55:22,brandimarte_mk10,Random,43,18766.69,14,TopSpine_Seg2,SpineAisle,East,20,0,0.00,0.00,0.0000
2026-05-31 03:55:22,brandimarte_mk10,Random,43,18766.69,15,TopSpine_Seg3,SpineAisle,East,20,0,0.00,0.00,0.0000
2026-05-31 03:55:22,brandimarte_mk10,Random,43,18766.69,16,TopSpine_Seg4,SpineAisle,East,20,0,0.00,0.00,0.0000
2026-05-31 03:55:22,brandimarte_mk10,Random,43,18766.69,17,BotSpine_Seg0,SpineAisle,West,261,0,0.00,0.00,0.0000
2026-05-31 03:55:22,brandimarte_mk10,Random,43,18766.69,18,BotSpine_Seg1,SpineAisle,West,262,0,0.00,0.00,0.0000
2026-05-31 03:55:22,brandimarte_mk10,Random,43,18766.69,19,BotSpine_Seg2,SpineAisle,West,262,0,0.00,0.00,0.0000
2026-05-31 03:55:22,brandimarte_mk10,Random,43,18766.69,20,BotSpine_Seg3,SpineAisle,West,262,0,0.00,0.00,0.0000
2026-05-31 03:55:22,brandimarte_mk10,Random,43,18766.69,21,BotSpine_Seg4,SpineAisle,West,262,0,0.00,0.00,0.0000
2026-05-31 03:55:22,brandimarte_mk10,Random,43,18766.69,22,LeftVert_TopConn,VerticalAisle,North,20,0,0.00,0.00,0.0000
2026-05-31 03:55:22,brandimarte_mk10,Random,43,18766.69,23,LeftVert_Row0,VerticalAisle,North,422,1915,478.75,0.25,0.8194
2026-05-31 03:55:22,brandimarte_mk10,Random,43,18766.69,24,LeftVert_Row1,VerticalAisle,North,422,998,249.50,0.25,0.7028
2026-05-31 03:55:22,brandimarte_mk10,Random,43,18766.69,25,LeftVert_Row2,VerticalAisle,North,262,1055,263.75,0.25,0.8011
2026-05-31 03:55:22,brandimarte_mk10,Random,43,18766.69,26,LeftVert_BotConn,VerticalAisle,North,262,1474,368.50,0.25,0.8491
2026-05-31 03:55:22,brandimarte_mk10,Random,43,18766.69,27,RightVert_TopConn,VerticalAisle,South,20,0,0.00,0.00,0.0000
2026-05-31 03:55:22,brandimarte_mk10,Random,43,18766.69,28,RightVert_Row0,VerticalAisle,South,422,209,52.25,0.25,0.3312
2026-05-31 03:55:22,brandimarte_mk10,Random,43,18766.69,29,RightVert_Row1,VerticalAisle,South,422,177,44.25,0.25,0.2955
2026-05-31 03:55:22,brandimarte_mk10,Random,43,18766.69,30,RightVert_Row2,VerticalAisle,South,262,0,0.00,0.00,0.0000
2026-05-31 03:55:22,brandimarte_mk10,Random,43,18766.69,31,RightVert_BotConn,VerticalAisle,South,262,0,0.00,0.00,0.0000
2026-05-31 04:03:49,brandimarte_mk10,Random,44,20233.31,0,RowAisle0_Seg0,RowAisle,East,409,358,89.50,0.25,0.4668
2026-05-31 04:03:49,brandimarte_mk10,Random,44,20233.31,1,RowAisle0_Seg1,RowAisle,East,409,615,153.75,0.25,0.6006
2026-05-31 04:03:49,brandimarte_mk10,Random,44,20233.31,2,RowAisle0_Seg2,RowAisle,East,409,206,51.50,0.25,0.3350
2026-05-31 04:03:49,brandimarte_mk10,Random,44,20233.31,3,RowAisle0_Seg3,RowAisle,East,409,58,14.50,0.25,0.1242
2026-05-31 04:03:49,brandimarte_mk10,Random,44,20233.31,4,RowAisle1_Seg0,RowAisle,West,169,79,19.75,0.25,0.3185
2026-05-31 04:03:49,brandimarte_mk10,Random,44,20233.31,5,RowAisle1_Seg1,RowAisle,West,169,929,232.25,0.25,0.8461
2026-05-31 04:03:49,brandimarte_mk10,Random,44,20233.31,6,RowAisle1_Seg2,RowAisle,West,169,53,13.25,0.25,0.2387
2026-05-31 04:03:49,brandimarte_mk10,Random,44,20233.31,7,RowAisle1_Seg3,RowAisle,West,169,455,113.75,0.25,0.7292
2026-05-31 04:03:49,brandimarte_mk10,Random,44,20233.31,8,RowAisle2_Seg0,RowAisle,East,4,0,0.00,0.00,0.0000
2026-05-31 04:03:49,brandimarte_mk10,Random,44,20233.31,9,RowAisle2_Seg1,RowAisle,East,4,0,0.00,0.00,0.0000
2026-05-31 04:03:49,brandimarte_mk10,Random,44,20233.31,10,RowAisle2_Seg2,RowAisle,East,4,0,0.00,0.00,0.0000
2026-05-31 04:03:49,brandimarte_mk10,Random,44,20233.31,11,RowAisle2_Seg3,RowAisle,East,4,0,0.00,0.00,0.0000
2026-05-31 04:03:49,brandimarte_mk10,Random,44,20233.31,12,TopSpine_Seg0,SpineAisle,East,20,0,0.00,0.00,0.0000
2026-05-31 04:03:49,brandimarte_mk10,Random,44,20233.31,13,TopSpine_Seg1,SpineAisle,East,20,0,0.00,0.00,0.0000
2026-05-31 04:03:49,brandimarte_mk10,Random,44,20233.31,14,TopSpine_Seg2,SpineAisle,East,20,0,0.00,0.00,0.0000
2026-05-31 04:03:49,brandimarte_mk10,Random,44,20233.31,15,TopSpine_Seg3,SpineAisle,East,20,0,0.00,0.00,0.0000
2026-05-31 04:03:49,brandimarte_mk10,Random,44,20233.31,16,TopSpine_Seg4,SpineAisle,East,20,0,0.00,0.00,0.0000
2026-05-31 04:03:49,brandimarte_mk10,Random,44,20233.31,17,BotSpine_Seg0,SpineAisle,West,263,0,0.00,0.00,0.0000
2026-05-31 04:03:49,brandimarte_mk10,Random,44,20233.31,18,BotSpine_Seg1,SpineAisle,West,264,0,0.00,0.00,0.0000
2026-05-31 04:03:49,brandimarte_mk10,Random,44,20233.31,19,BotSpine_Seg2,SpineAisle,West,264,0,0.00,0.00,0.0000
2026-05-31 04:03:49,brandimarte_mk10,Random,44,20233.31,20,BotSpine_Seg3,SpineAisle,West,264,0,0.00,0.00,0.0000
2026-05-31 04:03:49,brandimarte_mk10,Random,44,20233.31,21,BotSpine_Seg4,SpineAisle,West,264,0,0.00,0.00,0.0000
2026-05-31 04:03:49,brandimarte_mk10,Random,44,20233.31,22,LeftVert_TopConn,VerticalAisle,North,20,0,0.00,0.00,0.0000
2026-05-31 04:03:49,brandimarte_mk10,Random,44,20233.31,23,LeftVert_Row0,VerticalAisle,North,429,1834,458.50,0.25,0.8104
2026-05-31 04:03:49,brandimarte_mk10,Random,44,20233.31,24,LeftVert_Row1,VerticalAisle,North,429,753,188.25,0.25,0.6371
2026-05-31 04:03:49,brandimarte_mk10,Random,44,20233.31,25,LeftVert_Row2,VerticalAisle,North,264,144,36.00,0.25,0.3529
2026-05-31 04:03:49,brandimarte_mk10,Random,44,20233.31,26,LeftVert_BotConn,VerticalAisle,North,264,814,203.50,0.25,0.7551
2026-05-31 04:03:49,brandimarte_mk10,Random,44,20233.31,27,RightVert_TopConn,VerticalAisle,South,20,0,0.00,0.00,0.0000
2026-05-31 04:03:49,brandimarte_mk10,Random,44,20233.31,28,RightVert_Row0,VerticalAisle,South,429,259,64.75,0.25,0.3765
2026-05-31 04:03:49,brandimarte_mk10,Random,44,20233.31,29,RightVert_Row1,VerticalAisle,South,429,100,25.00,0.25,0.1890
2026-05-31 04:03:49,brandimarte_mk10,Random,44,20233.31,30,RightVert_Row2,VerticalAisle,South,264,0,0.00,0.00,0.0000
2026-05-31 04:03:49,brandimarte_mk10,Random,44,20233.31,31,RightVert_BotConn,VerticalAisle,South,264,0,0.00,0.00,0.0000
2026-05-31 04:13:15,brandimarte_mk11,Random,42,22866.69,0,RowAisle0_Seg0,RowAisle,East,258,2154,538.50,0.25,0.8930
2026-05-31 04:13:15,brandimarte_mk11,Random,42,22866.69,1,RowAisle0_Seg1,RowAisle,East,258,109,27.25,0.25,0.2970
2026-05-31 04:13:15,brandimarte_mk11,Random,42,22866.69,2,RowAisle0_Seg2,RowAisle,East,258,20,5.00,0.25,0.0719
2026-05-31 04:13:15,brandimarte_mk11,Random,42,22866.69,3,TopSpine_Seg0,SpineAisle,East,30,0,0.00,0.00,0.0000
2026-05-31 04:13:15,brandimarte_mk11,Random,42,22866.69,4,TopSpine_Seg1,SpineAisle,East,30,0,0.00,0.00,0.0000
2026-05-31 04:13:15,brandimarte_mk11,Random,42,22866.69,5,TopSpine_Seg2,SpineAisle,East,30,0,0.00,0.00,0.0000
2026-05-31 04:13:15,brandimarte_mk11,Random,42,22866.69,6,TopSpine_Seg3,SpineAisle,East,30,0,0.00,0.00,0.0000
2026-05-31 04:13:15,brandimarte_mk11,Random,42,22866.69,7,BotSpine_Seg0,SpineAisle,West,288,3,0.75,0.25,0.0103
2026-05-31 04:13:15,brandimarte_mk11,Random,42,22866.69,8,BotSpine_Seg1,SpineAisle,West,288,0,0.00,0.00,0.0000
2026-05-31 04:13:15,brandimarte_mk11,Random,42,22866.69,9,BotSpine_Seg2,SpineAisle,West,288,0,0.00,0.00,0.0000
2026-05-31 04:13:15,brandimarte_mk11,Random,42,22866.69,10,BotSpine_Seg3,SpineAisle,West,288,0,0.00,0.00,0.0000
2026-05-31 04:13:15,brandimarte_mk11,Random,42,22866.69,11,LeftVert_TopConn,VerticalAisle,North,30,0,0.00,0.00,0.0000
2026-05-31 04:13:15,brandimarte_mk11,Random,42,22866.69,12,LeftVert_Row0,VerticalAisle,North,288,1973,493.25,0.25,0.8726
2026-05-31 04:13:15,brandimarte_mk11,Random,42,22866.69,13,LeftVert_BotConn,VerticalAisle,North,288,2336,584.00,0.25,0.8902
2026-05-31 04:13:15,brandimarte_mk11,Random,42,22866.69,14,RightVert_TopConn,VerticalAisle,South,30,0,0.00,0.00,0.0000
2026-05-31 04:13:15,brandimarte_mk11,Random,42,22866.69,15,RightVert_Row0,VerticalAisle,South,288,0,0.00,0.00,0.0000
2026-05-31 04:13:15,brandimarte_mk11,Random,42,22866.69,16,RightVert_BotConn,VerticalAisle,South,288,7,1.75,0.25,0.0237
2026-05-31 04:22:31,brandimarte_mk11,Random,43,22500.00,0,RowAisle0_Seg0,RowAisle,East,263,1173,293.25,0.25,0.8169
2026-05-31 04:22:31,brandimarte_mk11,Random,43,22500.00,1,RowAisle0_Seg1,RowAisle,East,263,111,27.75,0.25,0.2968
2026-05-31 04:22:31,brandimarte_mk11,Random,43,22500.00,2,RowAisle0_Seg2,RowAisle,East,263,11,2.75,0.25,0.0401
2026-05-31 04:22:31,brandimarte_mk11,Random,43,22500.00,3,TopSpine_Seg0,SpineAisle,East,30,0,0.00,0.00,0.0000
2026-05-31 04:22:31,brandimarte_mk11,Random,43,22500.00,4,TopSpine_Seg1,SpineAisle,East,30,0,0.00,0.00,0.0000
2026-05-31 04:22:31,brandimarte_mk11,Random,43,22500.00,5,TopSpine_Seg2,SpineAisle,East,30,0,0.00,0.00,0.0000
2026-05-31 04:22:31,brandimarte_mk11,Random,43,22500.00,6,TopSpine_Seg3,SpineAisle,East,30,0,0.00,0.00,0.0000
2026-05-31 04:22:31,brandimarte_mk11,Random,43,22500.00,7,BotSpine_Seg0,SpineAisle,West,293,0,0.00,0.00,0.0000
2026-05-31 04:22:31,brandimarte_mk11,Random,43,22500.00,8,BotSpine_Seg1,SpineAisle,West,293,0,0.00,0.00,0.0000
2026-05-31 04:22:31,brandimarte_mk11,Random,43,22500.00,9,BotSpine_Seg2,SpineAisle,West,293,0,0.00,0.00,0.0000
2026-05-31 04:22:31,brandimarte_mk11,Random,43,22500.00,10,BotSpine_Seg3,SpineAisle,West,293,0,0.00,0.00,0.0000
2026-05-31 04:22:31,brandimarte_mk11,Random,43,22500.00,11,LeftVert_TopConn,VerticalAisle,North,30,0,0.00,0.00,0.0000
2026-05-31 04:22:31,brandimarte_mk11,Random,43,22500.00,12,LeftVert_Row0,VerticalAisle,North,293,979,244.75,0.25,0.7697
2026-05-31 04:22:31,brandimarte_mk11,Random,43,22500.00,13,LeftVert_BotConn,VerticalAisle,North,293,768,192.00,0.25,0.7238
2026-05-31 04:22:31,brandimarte_mk11,Random,43,22500.00,14,RightVert_TopConn,VerticalAisle,South,30,0,0.00,0.00,0.0000
2026-05-31 04:22:31,brandimarte_mk11,Random,43,22500.00,15,RightVert_Row0,VerticalAisle,South,293,0,0.00,0.00,0.0000
2026-05-31 04:22:31,brandimarte_mk11,Random,43,22500.00,16,RightVert_BotConn,VerticalAisle,South,293,10,2.50,0.25,0.0330
2026-05-31 04:32:18,brandimarte_mk11,Random,44,23900.00,0,RowAisle0_Seg0,RowAisle,East,258,829,207.25,0.25,0.7626
2026-05-31 04:32:18,brandimarte_mk11,Random,44,23900.00,1,RowAisle0_Seg1,RowAisle,East,258,146,36.50,0.25,0.3614
2026-05-31 04:32:18,brandimarte_mk11,Random,44,23900.00,2,RowAisle0_Seg2,RowAisle,East,258,14,3.50,0.25,0.0515
2026-05-31 04:32:18,brandimarte_mk11,Random,44,23900.00,3,TopSpine_Seg0,SpineAisle,East,30,0,0.00,0.00,0.0000
2026-05-31 04:32:18,brandimarte_mk11,Random,44,23900.00,4,TopSpine_Seg1,SpineAisle,East,30,0,0.00,0.00,0.0000
2026-05-31 04:32:18,brandimarte_mk11,Random,44,23900.00,5,TopSpine_Seg2,SpineAisle,East,30,0,0.00,0.00,0.0000
2026-05-31 04:32:18,brandimarte_mk11,Random,44,23900.00,6,TopSpine_Seg3,SpineAisle,East,30,0,0.00,0.00,0.0000
2026-05-31 04:32:18,brandimarte_mk11,Random,44,23900.00,7,BotSpine_Seg0,SpineAisle,West,288,0,0.00,0.00,0.0000
2026-05-31 04:32:18,brandimarte_mk11,Random,44,23900.00,8,BotSpine_Seg1,SpineAisle,West,288,0,0.00,0.00,0.0000
2026-05-31 04:32:18,brandimarte_mk11,Random,44,23900.00,9,BotSpine_Seg2,SpineAisle,West,288,0,0.00,0.00,0.0000
2026-05-31 04:32:18,brandimarte_mk11,Random,44,23900.00,10,BotSpine_Seg3,SpineAisle,West,288,0,0.00,0.00,0.0000
2026-05-31 04:32:18,brandimarte_mk11,Random,44,23900.00,11,LeftVert_TopConn,VerticalAisle,North,30,0,0.00,0.00,0.0000
2026-05-31 04:32:18,brandimarte_mk11,Random,44,23900.00,12,LeftVert_Row0,VerticalAisle,North,288,1072,268.00,0.25,0.7882
2026-05-31 04:32:18,brandimarte_mk11,Random,44,23900.00,13,LeftVert_BotConn,VerticalAisle,North,288,1039,259.75,0.25,0.7830
2026-05-31 04:32:18,brandimarte_mk11,Random,44,23900.00,14,RightVert_TopConn,VerticalAisle,South,30,0,0.00,0.00,0.0000
2026-05-31 04:32:18,brandimarte_mk11,Random,44,23900.00,15,RightVert_Row0,VerticalAisle,South,288,0,0.00,0.00,0.0000
2026-05-31 04:32:18,brandimarte_mk11,Random,44,23900.00,16,RightVert_BotConn,VerticalAisle,South,288,7,1.75,0.25,0.0237
2026-05-31 04:43:51,brandimarte_mk13,Random,42,27966.63,0,RowAisle0_Seg0,RowAisle,East,368,561,140.25,0.25,0.6039
2026-05-31 04:43:51,brandimarte_mk13,Random,42,27966.63,1,RowAisle0_Seg1,RowAisle,East,368,909,227.25,0.25,0.7118
2026-05-31 04:43:51,brandimarte_mk13,Random,42,27966.63,2,RowAisle0_Seg2,RowAisle,East,368,603,150.75,0.25,0.6210
2026-05-31 04:43:51,brandimarte_mk13,Random,42,27966.63,3,RowAisle0_Seg3,RowAisle,East,368,38,9.50,0.25,0.0936
2026-05-31 04:43:51,brandimarte_mk13,Random,42,27966.63,4,RowAisle1_Seg0,RowAisle,West,137,24,6.00,0.25,0.1491
2026-05-31 04:43:51,brandimarte_mk13,Random,42,27966.63,5,RowAisle1_Seg1,RowAisle,West,137,177,44.25,0.25,0.5637
2026-05-31 04:43:51,brandimarte_mk13,Random,42,27966.63,6,RowAisle1_Seg2,RowAisle,West,137,0,0.00,0.00,0.0000
2026-05-31 04:43:51,brandimarte_mk13,Random,42,27966.63,7,RowAisle1_Seg3,RowAisle,West,137,0,0.00,0.00,0.0000
2026-05-31 04:43:51,brandimarte_mk13,Random,42,27966.63,8,TopSpine_Seg0,SpineAisle,East,30,0,0.00,0.00,0.0000
2026-05-31 04:43:51,brandimarte_mk13,Random,42,27966.63,9,TopSpine_Seg1,SpineAisle,East,30,0,0.00,0.00,0.0000
2026-05-31 04:43:51,brandimarte_mk13,Random,42,27966.63,10,TopSpine_Seg2,SpineAisle,East,30,0,0.00,0.00,0.0000
2026-05-31 04:43:51,brandimarte_mk13,Random,42,27966.63,11,TopSpine_Seg3,SpineAisle,East,30,0,0.00,0.00,0.0000
2026-05-31 04:43:51,brandimarte_mk13,Random,42,27966.63,12,TopSpine_Seg4,SpineAisle,East,30,0,0.00,0.00,0.0000
2026-05-31 04:43:51,brandimarte_mk13,Random,42,27966.63,13,BotSpine_Seg0,SpineAisle,West,261,0,0.00,0.00,0.0000
2026-05-31 04:43:51,brandimarte_mk13,Random,42,27966.63,14,BotSpine_Seg1,SpineAisle,West,261,0,0.00,0.00,0.0000
2026-05-31 04:43:51,brandimarte_mk13,Random,42,27966.63,15,BotSpine_Seg2,SpineAisle,West,261,0,0.00,0.00,0.0000
2026-05-31 04:43:51,brandimarte_mk13,Random,42,27966.63,16,BotSpine_Seg3,SpineAisle,West,261,0,0.00,0.00,0.0000
2026-05-31 04:43:51,brandimarte_mk13,Random,42,27966.63,17,BotSpine_Seg4,SpineAisle,West,261,0,0.00,0.00,0.0000
2026-05-31 04:43:51,brandimarte_mk13,Random,42,27966.63,18,LeftVert_TopConn,VerticalAisle,North,30,0,0.00,0.00,0.0000
2026-05-31 04:43:51,brandimarte_mk13,Random,42,27966.63,19,LeftVert_Row0,VerticalAisle,North,398,2301,575.25,0.25,0.8525
2026-05-31 04:43:51,brandimarte_mk13,Random,42,27966.63,20,LeftVert_Row1,VerticalAisle,North,398,512,128.00,0.25,0.5626
2026-05-31 04:43:51,brandimarte_mk13,Random,42,27966.63,21,LeftVert_BotConn,VerticalAisle,North,261,1383,345.75,0.25,0.8412
2026-05-31 04:43:51,brandimarte_mk13,Random,42,27966.63,22,RightVert_TopConn,VerticalAisle,South,30,0,0.00,0.00,0.0000
2026-05-31 04:43:51,brandimarte_mk13,Random,42,27966.63,23,RightVert_Row0,VerticalAisle,South,398,3,0.75,0.25,0.0075
2026-05-31 04:43:51,brandimarte_mk13,Random,42,27966.63,24,RightVert_Row1,VerticalAisle,South,398,15,3.75,0.25,0.0363
2026-05-31 04:43:51,brandimarte_mk13,Random,42,27966.63,25,RightVert_BotConn,VerticalAisle,South,261,0,0.00,0.00,0.0000
2026-05-31 04:53:18,brandimarte_mk13,Random,43,22700.00,0,RowAisle0_Seg0,RowAisle,East,375,1873,468.25,0.25,0.8332
2026-05-31 04:53:18,brandimarte_mk13,Random,43,22700.00,1,RowAisle0_Seg1,RowAisle,East,375,871,217.75,0.25,0.6990
2026-05-31 04:53:18,brandimarte_mk13,Random,43,22700.00,2,RowAisle0_Seg2,RowAisle,East,375,1560,390.00,0.25,0.8062
2026-05-31 04:53:18,brandimarte_mk13,Random,43,22700.00,3,RowAisle0_Seg3,RowAisle,East,375,54,13.50,0.25,0.1259
2026-05-31 04:53:18,brandimarte_mk13,Random,43,22700.00,4,RowAisle1_Seg0,RowAisle,West,144,369,92.25,0.25,0.7193
2026-05-31 04:53:18,brandimarte_mk13,Random,43,22700.00,5,RowAisle1_Seg1,RowAisle,West,144,49,12.25,0.25,0.2539
2026-05-31 04:53:18,brandimarte_mk13,Random,43,22700.00,6,RowAisle1_Seg2,RowAisle,West,144,13,3.25,0.25,0.0828
2026-05-31 04:53:18,brandimarte_mk13,Random,43,22700.00,7,RowAisle1_Seg3,RowAisle,West,144,0,0.00,0.00,0.0000
2026-05-31 04:53:18,brandimarte_mk13,Random,43,22700.00,8,TopSpine_Seg0,SpineAisle,East,30,0,0.00,0.00,0.0000
2026-05-31 04:53:18,brandimarte_mk13,Random,43,22700.00,9,TopSpine_Seg1,SpineAisle,East,30,0,0.00,0.00,0.0000
2026-05-31 04:53:18,brandimarte_mk13,Random,43,22700.00,10,TopSpine_Seg2,SpineAisle,East,30,0,0.00,0.00,0.0000
2026-05-31 04:53:18,brandimarte_mk13,Random,43,22700.00,11,TopSpine_Seg3,SpineAisle,East,30,0,0.00,0.00,0.0000
2026-05-31 04:53:18,brandimarte_mk13,Random,43,22700.00,12,TopSpine_Seg4,SpineAisle,East,30,0,0.00,0.00,0.0000
2026-05-31 04:53:18,brandimarte_mk13,Random,43,22700.00,13,BotSpine_Seg0,SpineAisle,West,261,0,0.00,0.00,0.0000
2026-05-31 04:53:18,brandimarte_mk13,Random,43,22700.00,14,BotSpine_Seg1,SpineAisle,West,261,0,0.00,0.00,0.0000
2026-05-31 04:53:18,brandimarte_mk13,Random,43,22700.00,15,BotSpine_Seg2,SpineAisle,West,261,0,0.00,0.00,0.0000
2026-05-31 04:53:18,brandimarte_mk13,Random,43,22700.00,16,BotSpine_Seg3,SpineAisle,West,261,0,0.00,0.00,0.0000
2026-05-31 04:53:18,brandimarte_mk13,Random,43,22700.00,17,BotSpine_Seg4,SpineAisle,West,261,0,0.00,0.00,0.0000
2026-05-31 04:53:18,brandimarte_mk13,Random,43,22700.00,18,LeftVert_TopConn,VerticalAisle,North,30,0,0.00,0.00,0.0000
2026-05-31 04:53:18,brandimarte_mk13,Random,43,22700.00,19,LeftVert_Row0,VerticalAisle,North,405,2584,646.00,0.25,0.8645
2026-05-31 04:53:18,brandimarte_mk13,Random,43,22700.00,20,LeftVert_Row1,VerticalAisle,North,405,1938,484.50,0.25,0.8271
2026-05-31 04:53:18,brandimarte_mk13,Random,43,22700.00,21,LeftVert_BotConn,VerticalAisle,North,261,4821,1205.25,0.25,0.9486
2026-05-31 04:53:18,brandimarte_mk13,Random,43,22700.00,22,RightVert_TopConn,VerticalAisle,South,30,0,0.00,0.00,0.0000
2026-05-31 04:53:18,brandimarte_mk13,Random,43,22700.00,23,RightVert_Row0,VerticalAisle,South,405,7,1.75,0.25,0.0170
2026-05-31 04:53:18,brandimarte_mk13,Random,43,22700.00,24,RightVert_Row1,VerticalAisle,South,405,28,7.00,0.25,0.0647
2026-05-31 04:53:18,brandimarte_mk13,Random,43,22700.00,25,RightVert_BotConn,VerticalAisle,South,261,7,1.75,0.25,0.0261
2026-05-31 05:03:07,brandimarte_mk13,Random,44,23700.00,0,RowAisle0_Seg0,RowAisle,East,366,1277,319.25,0.25,0.7772
2026-05-31 05:03:07,brandimarte_mk13,Random,44,23700.00,1,RowAisle0_Seg1,RowAisle,East,366,448,112.00,0.25,0.5504
2026-05-31 05:03:07,brandimarte_mk13,Random,44,23700.00,2,RowAisle0_Seg2,RowAisle,East,366,1906,476.50,0.25,0.8389
2026-05-31 05:03:07,brandimarte_mk13,Random,44,23700.00,3,RowAisle0_Seg3,RowAisle,East,366,47,11.75,0.25,0.1138
2026-05-31 05:03:07,brandimarte_mk13,Random,44,23700.00,4,RowAisle1_Seg0,RowAisle,West,135,62,15.50,0.25,0.3147
2026-05-31 05:03:07,brandimarte_mk13,Random,44,23700.00,5,RowAisle1_Seg1,RowAisle,West,135,11,2.75,0.25,0.0753
2026-05-31 05:03:07,brandimarte_mk13,Random,44,23700.00,6,RowAisle1_Seg2,RowAisle,West,135,2,0.50,0.25,0.0146
2026-05-31 05:03:07,brandimarte_mk13,Random,44,23700.00,7,RowAisle1_Seg3,RowAisle,West,135,0,0.00,0.00,0.0000
2026-05-31 05:03:07,brandimarte_mk13,Random,44,23700.00,8,TopSpine_Seg0,SpineAisle,East,30,0,0.00,0.00,0.0000
2026-05-31 05:03:07,brandimarte_mk13,Random,44,23700.00,9,TopSpine_Seg1,SpineAisle,East,30,0,0.00,0.00,0.0000
2026-05-31 05:03:07,brandimarte_mk13,Random,44,23700.00,10,TopSpine_Seg2,SpineAisle,East,30,0,0.00,0.00,0.0000
2026-05-31 05:03:07,brandimarte_mk13,Random,44,23700.00,11,TopSpine_Seg3,SpineAisle,East,30,0,0.00,0.00,0.0000
2026-05-31 05:03:07,brandimarte_mk13,Random,44,23700.00,12,TopSpine_Seg4,SpineAisle,East,30,0,0.00,0.00,0.0000
2026-05-31 05:03:07,brandimarte_mk13,Random,44,23700.00,13,BotSpine_Seg0,SpineAisle,West,261,0,0.00,0.00,0.0000
2026-05-31 05:03:07,brandimarte_mk13,Random,44,23700.00,14,BotSpine_Seg1,SpineAisle,West,261,0,0.00,0.00,0.0000
2026-05-31 05:03:07,brandimarte_mk13,Random,44,23700.00,15,BotSpine_Seg2,SpineAisle,West,261,0,0.00,0.00,0.0000
2026-05-31 05:03:07,brandimarte_mk13,Random,44,23700.00,16,BotSpine_Seg3,SpineAisle,West,261,0,0.00,0.00,0.0000
2026-05-31 05:03:07,brandimarte_mk13,Random,44,23700.00,17,BotSpine_Seg4,SpineAisle,West,261,0,0.00,0.00,0.0000
2026-05-31 05:03:07,brandimarte_mk13,Random,44,23700.00,18,LeftVert_TopConn,VerticalAisle,North,30,0,0.00,0.00,0.0000
2026-05-31 05:03:07,brandimarte_mk13,Random,44,23700.00,19,LeftVert_Row0,VerticalAisle,North,396,628,157.00,0.25,0.6133
2026-05-31 05:03:07,brandimarte_mk13,Random,44,23700.00,20,LeftVert_Row1,VerticalAisle,North,396,681,170.25,0.25,0.6323
2026-05-31 05:03:07,brandimarte_mk13,Random,44,23700.00,21,LeftVert_BotConn,VerticalAisle,North,261,630,157.50,0.25,0.7071
2026-05-31 05:03:07,brandimarte_mk13,Random,44,23700.00,22,RightVert_TopConn,VerticalAisle,South,30,0,0.00,0.00,0.0000
2026-05-31 05:03:07,brandimarte_mk13,Random,44,23700.00,23,RightVert_Row0,VerticalAisle,South,396,3,0.75,0.25,0.0075
2026-05-31 05:03:07,brandimarte_mk13,Random,44,23700.00,24,RightVert_Row1,VerticalAisle,South,396,15,3.75,0.25,0.0365
2026-05-31 05:03:07,brandimarte_mk13,Random,44,23700.00,25,RightVert_BotConn,VerticalAisle,South,261,5,1.25,0.25,0.0188
2026-05-31 05:13:48,brandimarte_mk15,Random,42,25600.00,0,RowAisle0_Seg0,RowAisle,East,434,103,25.75,0.25,0.1918
2026-05-31 05:13:48,brandimarte_mk15,Random,42,25600.00,1,RowAisle0_Seg1,RowAisle,East,434,558,139.50,0.25,0.5625
2026-05-31 05:13:48,brandimarte_mk15,Random,42,25600.00,2,RowAisle0_Seg2,RowAisle,East,434,367,91.75,0.25,0.4582
2026-05-31 05:13:48,brandimarte_mk15,Random,42,25600.00,3,RowAisle0_Seg3,RowAisle,East,434,99,24.75,0.25,0.1857
2026-05-31 05:13:48,brandimarte_mk15,Random,42,25600.00,4,RowAisle1_Seg0,RowAisle,West,157,83,20.75,0.25,0.3458
2026-05-31 05:13:48,brandimarte_mk15,Random,42,25600.00,5,RowAisle1_Seg1,RowAisle,West,157,22,5.50,0.25,0.1229
2026-05-31 05:13:48,brandimarte_mk15,Random,42,25600.00,6,RowAisle1_Seg2,RowAisle,West,157,55,13.75,0.25,0.2594
2026-05-31 05:13:48,brandimarte_mk15,Random,42,25600.00,7,RowAisle1_Seg3,RowAisle,West,157,237,59.25,0.25,0.6015
2026-05-31 05:13:48,brandimarte_mk15,Random,42,25600.00,8,RowAisle2_Seg0,RowAisle,East,62,0,0.00,0.00,0.0000
2026-05-31 05:13:48,brandimarte_mk15,Random,42,25600.00,9,RowAisle2_Seg1,RowAisle,East,62,0,0.00,0.00,0.0000
2026-05-31 05:13:48,brandimarte_mk15,Random,42,25600.00,10,RowAisle2_Seg2,RowAisle,East,62,0,0.00,0.00,0.0000
2026-05-31 05:13:48,brandimarte_mk15,Random,42,25600.00,11,RowAisle2_Seg3,RowAisle,East,62,0,0.00,0.00,0.0000
2026-05-31 05:13:48,brandimarte_mk15,Random,42,25600.00,12,TopSpine_Seg0,SpineAisle,East,30,0,0.00,0.00,0.0000
2026-05-31 05:13:48,brandimarte_mk15,Random,42,25600.00,13,TopSpine_Seg1,SpineAisle,East,30,0,0.00,0.00,0.0000
2026-05-31 05:13:48,brandimarte_mk15,Random,42,25600.00,14,TopSpine_Seg2,SpineAisle,East,30,0,0.00,0.00,0.0000
2026-05-31 05:13:48,brandimarte_mk15,Random,42,25600.00,15,TopSpine_Seg3,SpineAisle,East,30,0,0.00,0.00,0.0000
2026-05-31 05:13:48,brandimarte_mk15,Random,42,25600.00,16,TopSpine_Seg4,SpineAisle,East,30,0,0.00,0.00,0.0000
2026-05-31 05:13:48,brandimarte_mk15,Random,42,25600.00,17,BotSpine_Seg0,SpineAisle,West,368,0,0.00,0.00,0.0000
2026-05-31 05:13:48,brandimarte_mk15,Random,42,25600.00,18,BotSpine_Seg1,SpineAisle,West,369,0,0.00,0.00,0.0000
2026-05-31 05:13:48,brandimarte_mk15,Random,42,25600.00,19,BotSpine_Seg2,SpineAisle,West,369,0,0.00,0.00,0.0000
2026-05-31 05:13:48,brandimarte_mk15,Random,42,25600.00,20,BotSpine_Seg3,SpineAisle,West,369,0,0.00,0.00,0.0000
2026-05-31 05:13:48,brandimarte_mk15,Random,42,25600.00,21,BotSpine_Seg4,SpineAisle,West,369,0,0.00,0.00,0.0000
2026-05-31 05:13:48,brandimarte_mk15,Random,42,25600.00,22,LeftVert_TopConn,VerticalAisle,North,30,0,0.00,0.00,0.0000
2026-05-31 05:13:48,brandimarte_mk15,Random,42,25600.00,23,LeftVert_Row0,VerticalAisle,North,464,1327,331.75,0.25,0.7409
2026-05-31 05:13:48,brandimarte_mk15,Random,42,25600.00,24,LeftVert_Row1,VerticalAisle,North,464,396,99.00,0.25,0.4605
2026-05-31 05:13:48,brandimarte_mk15,Random,42,25600.00,25,LeftVert_Row2,VerticalAisle,North,369,560,140.00,0.25,0.6028
2026-05-31 05:13:48,brandimarte_mk15,Random,42,25600.00,26,LeftVert_BotConn,VerticalAisle,North,369,1033,258.25,0.25,0.7368
2026-05-31 05:13:48,brandimarte_mk15,Random,42,25600.00,27,RightVert_TopConn,VerticalAisle,South,30,0,0.00,0.00,0.0000
2026-05-31 05:13:48,brandimarte_mk15,Random,42,25600.00,28,RightVert_Row0,VerticalAisle,South,464,126,31.50,0.25,0.2136
2026-05-31 05:13:48,brandimarte_mk15,Random,42,25600.00,29,RightVert_Row1,VerticalAisle,South,464,279,69.75,0.25,0.3755
2026-05-31 05:13:48,brandimarte_mk15,Random,42,25600.00,30,RightVert_Row2,VerticalAisle,South,369,32,8.00,0.25,0.0798
2026-05-31 05:13:48,brandimarte_mk15,Random,42,25600.00,31,RightVert_BotConn,VerticalAisle,South,369,41,10.25,0.25,0.1000
2026-05-31 05:23:45,brandimarte_mk15,Random,43,23533.31,0,RowAisle0_Seg0,RowAisle,East,454,267,66.75,0.25,0.3703
2026-05-31 05:23:45,brandimarte_mk15,Random,43,23533.31,1,RowAisle0_Seg1,RowAisle,East,454,699,174.75,0.25,0.6062
2026-05-31 05:23:45,brandimarte_mk15,Random,43,23533.31,2,RowAisle0_Seg2,RowAisle,East,454,237,59.25,0.25,0.3430
2026-05-31 05:23:45,brandimarte_mk15,Random,43,23533.31,3,RowAisle0_Seg3,RowAisle,East,454,30,7.50,0.25,0.0620
2026-05-31 05:23:45,brandimarte_mk15,Random,43,23533.31,4,RowAisle1_Seg0,RowAisle,West,175,5,1.25,0.25,0.0278
2026-05-31 05:23:45,brandimarte_mk15,Random,43,23533.31,5,RowAisle1_Seg1,RowAisle,West,175,27,6.75,0.25,0.1337
2026-05-31 05:23:45,brandimarte_mk15,Random,43,23533.31,6,RowAisle1_Seg2,RowAisle,West,175,0,0.00,0.00,0.0000
2026-05-31 05:23:45,brandimarte_mk15,Random,43,23533.31,7,RowAisle1_Seg3,RowAisle,West,175,8,2.00,0.25,0.0437
2026-05-31 05:23:45,brandimarte_mk15,Random,43,23533.31,8,RowAisle2_Seg0,RowAisle,East,51,0,0.00,0.00,0.0000
2026-05-31 05:23:45,brandimarte_mk15,Random,43,23533.31,9,RowAisle2_Seg1,RowAisle,East,51,400,100.00,0.25,0.8869
2026-05-31 05:23:45,brandimarte_mk15,Random,43,23533.31,10,RowAisle2_Seg2,RowAisle,East,51,0,0.00,0.00,0.0000
2026-05-31 05:23:45,brandimarte_mk15,Random,43,23533.31,11,RowAisle2_Seg3,RowAisle,East,51,0,0.00,0.00,0.0000
2026-05-31 05:23:45,brandimarte_mk15,Random,43,23533.31,12,TopSpine_Seg0,SpineAisle,East,30,0,0.00,0.00,0.0000
2026-05-31 05:23:45,brandimarte_mk15,Random,43,23533.31,13,TopSpine_Seg1,SpineAisle,East,30,0,0.00,0.00,0.0000
2026-05-31 05:23:45,brandimarte_mk15,Random,43,23533.31,14,TopSpine_Seg2,SpineAisle,East,30,0,0.00,0.00,0.0000
2026-05-31 05:23:45,brandimarte_mk15,Random,43,23533.31,15,TopSpine_Seg3,SpineAisle,East,30,0,0.00,0.00,0.0000
2026-05-31 05:23:45,brandimarte_mk15,Random,43,23533.31,16,TopSpine_Seg4,SpineAisle,East,30,0,0.00,0.00,0.0000
2026-05-31 05:23:45,brandimarte_mk15,Random,43,23533.31,17,BotSpine_Seg0,SpineAisle,West,359,0,0.00,0.00,0.0000
2026-05-31 05:23:45,brandimarte_mk15,Random,43,23533.31,18,BotSpine_Seg1,SpineAisle,West,360,0,0.00,0.00,0.0000
2026-05-31 05:23:45,brandimarte_mk15,Random,43,23533.31,19,BotSpine_Seg2,SpineAisle,West,360,0,0.00,0.00,0.0000
2026-05-31 05:23:45,brandimarte_mk15,Random,43,23533.31,20,BotSpine_Seg3,SpineAisle,West,360,0,0.00,0.00,0.0000
2026-05-31 05:23:45,brandimarte_mk15,Random,43,23533.31,21,BotSpine_Seg4,SpineAisle,West,360,0,0.00,0.00,0.0000
2026-05-31 05:23:45,brandimarte_mk15,Random,43,23533.31,22,LeftVert_TopConn,VerticalAisle,North,30,0,0.00,0.00,0.0000
2026-05-31 05:23:45,brandimarte_mk15,Random,43,23533.31,23,LeftVert_Row0,VerticalAisle,North,484,1219,304.75,0.25,0.7158
2026-05-31 05:23:45,brandimarte_mk15,Random,43,23533.31,24,LeftVert_Row1,VerticalAisle,North,484,390,97.50,0.25,0.4462
2026-05-31 05:23:45,brandimarte_mk15,Random,43,23533.31,25,LeftVert_Row2,VerticalAisle,North,360,638,159.50,0.25,0.6393
2026-05-31 05:23:45,brandimarte_mk15,Random,43,23533.31,26,LeftVert_BotConn,VerticalAisle,North,360,1232,308.00,0.25,0.7739
2026-05-31 05:23:45,brandimarte_mk15,Random,43,23533.31,27,RightVert_TopConn,VerticalAisle,South,30,0,0.00,0.00,0.0000
2026-05-31 05:23:45,brandimarte_mk15,Random,43,23533.31,28,RightVert_Row0,VerticalAisle,South,484,17,4.25,0.25,0.0339
2026-05-31 05:23:45,brandimarte_mk15,Random,43,23533.31,29,RightVert_Row1,VerticalAisle,South,484,296,74.00,0.25,0.3795
2026-05-31 05:23:45,brandimarte_mk15,Random,43,23533.31,30,RightVert_Row2,VerticalAisle,South,360,52,13.00,0.25,0.1262
2026-05-31 05:23:45,brandimarte_mk15,Random,43,23533.31,31,RightVert_BotConn,VerticalAisle,South,360,64,16.00,0.25,0.1509
2026-05-31 05:34:37,brandimarte_mk15,Random,44,25766.69,0,RowAisle0_Seg0,RowAisle,East,447,461,115.25,0.25,0.5077
2026-05-31 05:34:37,brandimarte_mk15,Random,44,25766.69,1,RowAisle0_Seg1,RowAisle,East,447,354,88.50,0.25,0.4419
2026-05-31 05:34:37,brandimarte_mk15,Random,44,25766.69,2,RowAisle0_Seg2,RowAisle,East,447,192,48.00,0.25,0.3005
2026-05-31 05:34:37,brandimarte_mk15,Random,44,25766.69,3,RowAisle0_Seg3,RowAisle,East,447,65,16.25,0.25,0.1270
2026-05-31 05:34:37,brandimarte_mk15,Random,44,25766.69,4,RowAisle1_Seg0,RowAisle,West,168,7,1.75,0.25,0.0400
2026-05-31 05:34:37,brandimarte_mk15,Random,44,25766.69,5,RowAisle1_Seg1,RowAisle,West,168,130,32.50,0.25,0.4362
2026-05-31 05:34:37,brandimarte_mk15,Random,44,25766.69,6,RowAisle1_Seg2,RowAisle,West,168,6,1.50,0.25,0.0345
2026-05-31 05:34:37,brandimarte_mk15,Random,44,25766.69,7,RowAisle1_Seg3,RowAisle,West,168,71,17.75,0.25,0.2971
2026-05-31 05:34:37,brandimarte_mk15,Random,44,25766.69,8,RowAisle2_Seg0,RowAisle,East,64,0,0.00,0.00,0.0000
2026-05-31 05:34:37,brandimarte_mk15,Random,44,25766.69,9,RowAisle2_Seg1,RowAisle,East,64,0,0.00,0.00,0.0000
2026-05-31 05:34:37,brandimarte_mk15,Random,44,25766.69,10,RowAisle2_Seg2,RowAisle,East,64,0,0.00,0.00,0.0000
2026-05-31 05:34:37,brandimarte_mk15,Random,44,25766.69,11,RowAisle2_Seg3,RowAisle,East,64,0,0.00,0.00,0.0000
2026-05-31 05:34:37,brandimarte_mk15,Random,44,25766.69,12,TopSpine_Seg0,SpineAisle,East,30,0,0.00,0.00,0.0000
2026-05-31 05:34:37,brandimarte_mk15,Random,44,25766.69,13,TopSpine_Seg1,SpineAisle,East,30,0,0.00,0.00,0.0000
2026-05-31 05:34:37,brandimarte_mk15,Random,44,25766.69,14,TopSpine_Seg2,SpineAisle,East,30,0,0.00,0.00,0.0000
2026-05-31 05:34:37,brandimarte_mk15,Random,44,25766.69,15,TopSpine_Seg3,SpineAisle,East,30,0,0.00,0.00,0.0000
2026-05-31 05:34:37,brandimarte_mk15,Random,44,25766.69,16,TopSpine_Seg4,SpineAisle,East,30,0,0.00,0.00,0.0000
2026-05-31 05:34:37,brandimarte_mk15,Random,44,25766.69,17,BotSpine_Seg0,SpineAisle,West,372,0,0.00,0.00,0.0000
2026-05-31 05:34:37,brandimarte_mk15,Random,44,25766.69,18,BotSpine_Seg1,SpineAisle,West,373,0,0.00,0.00,0.0000
2026-05-31 05:34:37,brandimarte_mk15,Random,44,25766.69,19,BotSpine_Seg2,SpineAisle,West,373,0,0.00,0.00,0.0000
2026-05-31 05:34:37,brandimarte_mk15,Random,44,25766.69,20,BotSpine_Seg3,SpineAisle,West,373,0,0.00,0.00,0.0000
2026-05-31 05:34:37,brandimarte_mk15,Random,44,25766.69,21,BotSpine_Seg4,SpineAisle,West,373,0,0.00,0.00,0.0000
2026-05-31 05:34:37,brandimarte_mk15,Random,44,25766.69,22,LeftVert_TopConn,VerticalAisle,North,30,0,0.00,0.00,0.0000
2026-05-31 05:34:37,brandimarte_mk15,Random,44,25766.69,23,LeftVert_Row0,VerticalAisle,North,477,1893,473.25,0.25,0.7987
2026-05-31 05:34:37,brandimarte_mk15,Random,44,25766.69,24,LeftVert_Row1,VerticalAisle,North,477,163,40.75,0.25,0.2547
2026-05-31 05:34:37,brandimarte_mk15,Random,44,25766.69,25,LeftVert_Row2,VerticalAisle,North,373,694,173.50,0.25,0.6504
2026-05-31 05:34:37,brandimarte_mk15,Random,44,25766.69,26,LeftVert_BotConn,VerticalAisle,North,373,1095,273.75,0.25,0.7459
2026-05-31 05:34:37,brandimarte_mk15,Random,44,25766.69,27,RightVert_TopConn,VerticalAisle,South,30,0,0.00,0.00,0.0000
2026-05-31 05:34:37,brandimarte_mk15,Random,44,25766.69,28,RightVert_Row0,VerticalAisle,South,477,17,4.25,0.25,0.0344
2026-05-31 05:34:37,brandimarte_mk15,Random,44,25766.69,29,RightVert_Row1,VerticalAisle,South,477,287,71.75,0.25,0.3757
2026-05-31 05:34:37,brandimarte_mk15,Random,44,25766.69,30,RightVert_Row2,VerticalAisle,South,373,30,7.50,0.25,0.0744
2026-05-31 05:34:37,brandimarte_mk15,Random,44,25766.69,31,RightVert_BotConn,VerticalAisle,South,373,64,16.00,0.25,0.1465
