timestamp,instance,rule,seed,makespan,job_id,is_dynamic,completed,arrival_time,exit_time,flow_time,total_operations,completed_ops,work_content,time_needs_routing,time_waiting_pickup,time_in_transit,time_queued,time_processing
2026-09-19 17:35:42,mfsweep_shard0,SPT_SMPT,42,6472.86,0,0,1,0.0,218.7,218.7,2,2,74.6,0.0,47.4,96.6,0.0,74.6
2026-09-19 17:35:42,mfsweep_shard0,SPT_SMPT,42,6472.86,1,0,1,26.3,276.8,250.5,2,2,54.4,0.0,51.5,126.3,18.3,54.4
2026-09-19 17:35:42,mfsweep_shard0,SPT_SMPT,42,6472.86,2,0,1,52.6,375.8,323.3,2,2,62.6,0.0,78.9,102.3,79.4,62.6
2026-09-19 17:35:42,mfsweep_shard0,SPT_SMPT,42,6472.86,3,0,1,78.8,353.7,274.8,2,2,60.9,0.0,91.2,121.1,1.6,60.9
2026-09-19 17:35:42,mfsweep_shard0,SPT_SMPT,42,6472.86,4,0,1,105.1,463.5,358.4,2,2,77.8,0.0,109.9,128.4,42.2,77.8
2026-09-19 17:35:42,mfsweep_shard0,SPT_SMPT,42,6472.86,5,0,1,131.4,387.4,256.0,2,2,75.9,0.0,75.6,104.5,0.0,75.9
2026-09-19 17:35:42,mfsweep_shard0,SPT_SMPT,42,6472.86,6,0,1,157.7,4447.7,4290.0,2,2,83.0,0.0,100.0,223.0,3884.0,83.0
2026-09-19 17:35:42,mfsweep_shard0,SPT_SMPT,42,6472.86,7,0,1,183.9,456.4,272.5,2,2,56.4,0.0,14.3,154.0,47.8,56.4
2026-09-19 17:35:42,mfsweep_shard0,SPT_SMPT,42,6472.86,8,0,1,210.2,702.4,492.2,2,2,67.5,0.0,7.3,149.0,268.4,67.5
2026-09-19 17:35:42,mfsweep_shard0,SPT_SMPT,42,6472.86,9,0,1,236.5,496.2,259.7,2,2,54.5,0.0,70.6,104.5,30.0,54.5
2026-09-19 17:35:42,mfsweep_shard0,SPT_SMPT,42,6472.86,10,0,1,262.8,578.2,315.4,2,2,60.8,0.0,65.8,148.2,40.6,60.8
2026-09-19 17:35:42,mfsweep_shard0,SPT_SMPT,42,6472.86,11,0,1,289.1,799.5,510.4,2,2,70.2,0.0,92.4,121.4,226.3,70.2
2026-09-19 17:35:42,mfsweep_shard0,SPT_SMPT,42,6472.86,12,0,1,315.3,595.4,280.1,2,2,54.4,0.0,51.7,132.6,41.3,54.4
2026-09-19 17:35:42,mfsweep_shard0,SPT_SMPT,42,6472.86,13,0,1,341.6,668.4,326.8,2,2,60.1,0.0,49.8,150.0,66.9,60.1
2026-09-19 17:35:42,mfsweep_shard0,SPT_SMPT,42,6472.86,14,0,1,367.9,1999.8,1631.9,2,2,75.0,0.1,100.7,184.9,1271.2,75.0
2026-09-19 17:35:42,mfsweep_shard0,SPT_SMPT,42,6472.86,15,0,1,394.2,1220.2,826.0,2,2,71.5,0.0,94.2,143.5,516.7,71.5
2026-09-19 17:35:42,mfsweep_shard0,SPT_SMPT,42,6472.86,16,0,1,420.4,675.6,255.1,2,2,60.8,0.0,33.5,132.4,28.4,60.8
2026-09-19 17:35:42,mfsweep_shard0,SPT_SMPT,42,6472.86,17,0,1,446.7,2102.8,1656.0,2,2,73.0,0.1,210.3,172.1,1200.5,73.0
2026-09-19 17:35:42,mfsweep_shard0,SPT_SMPT,42,6472.86,18,0,1,473.0,3092.9,2619.9,2,2,80.3,0.1,101.9,163.3,2274.3,80.3
2026-09-19 17:35:42,mfsweep_shard0,SPT_SMPT,42,6472.86,19,0,1,499.3,777.0,277.7,2,2,53.8,0.0,42.6,150.3,31.1,53.8
2026-09-19 17:35:42,mfsweep_shard0,SPT_SMPT,42,6472.86,20,0,1,525.6,2955.5,2430.0,2,2,80.1,0.1,147.9,171.9,2029.9,80.1
2026-09-19 17:35:42,mfsweep_shard0,SPT_SMPT,42,6472.86,21,0,1,551.8,2654.0,2102.2,2,2,76.6,0.1,134.7,164.3,1726.5,76.6
2026-09-19 17:35:42,mfsweep_shard0,SPT_SMPT,42,6472.86,22,0,1,578.1,1051.0,472.9,2,2,64.8,0.0,101.9,132.3,173.9,64.8
2026-09-19 17:35:42,mfsweep_shard0,SPT_SMPT,42,6472.86,23,0,1,604.4,915.1,310.7,2,2,58.7,0.0,85.3,156.0,10.7,58.7
2026-09-19 17:35:42,mfsweep_shard0,SPT_SMPT,42,6472.86,24,0,1,630.7,5368.4,4737.7,2,2,85.1,0.2,300.1,195.7,4156.6,85.1
2026-09-19 17:35:42,mfsweep_shard0,SPT_SMPT,42,6472.86,25,0,1,656.9,1019.3,362.4,2,2,64.7,0.0,110.7,109.5,77.6,64.7
2026-09-19 17:35:42,mfsweep_shard0,SPT_SMPT,42,6472.86,26,0,1,683.2,908.0,224.7,2,2,56.6,0.0,9.7,129.3,29.1,56.6
2026-09-19 17:35:42,mfsweep_shard0,SPT_SMPT,42,6472.86,27,0,1,709.5,967.9,258.4,2,2,56.7,0.0,81.5,108.9,11.1,56.7
2026-09-19 17:35:42,mfsweep_shard0,SPT_SMPT,42,6472.86,28,0,1,735.8,3272.8,2537.0,2,2,81.5,0.2,169.6,199.8,2085.9,81.5
2026-09-19 17:35:42,mfsweep_shard0,SPT_SMPT,42,6472.86,29,0,1,762.0,2295.4,1533.4,2,2,73.5,0.2,155.9,210.8,1093.0,73.5
2026-09-19 17:35:42,mfsweep_shard0,SPT_SMPT,42,6472.86,30,0,1,788.3,3040.3,2252.0,2,2,80.2,0.2,170.4,166.9,1834.2,80.2
2026-09-19 17:35:42,mfsweep_shard0,SPT_SMPT,42,6472.86,31,0,1,814.6,2838.8,2024.2,2,2,77.6,0.2,240.9,178.7,1526.8,77.6
2026-09-19 17:35:42,mfsweep_shard0,SPT_SMPT,42,6472.86,32,0,1,840.9,1108.6,267.8,2,2,71.2,0.0,79.1,115.5,2.0,71.2
2026-09-19 17:35:42,mfsweep_shard0,SPT_SMPT,42,6472.86,33,0,1,867.2,6330.0,5462.9,2,2,85.7,0.3,345.3,225.2,4805.9,86.0
2026-09-19 17:35:42,mfsweep_shard0,SPT_SMPT,42,6472.86,34,0,1,893.4,1191.2,297.7,2,2,66.0,0.0,70.7,135.5,25.5,66.0
2026-09-19 17:35:42,mfsweep_shard0,SPT_SMPT,42,6472.86,35,0,1,919.7,1320.9,401.2,2,2,71.8,0.0,75.2,175.8,78.4,71.8
2026-09-19 17:35:42,mfsweep_shard0,SPT_SMPT,42,6472.86,36,0,1,946.0,3175.6,2229.6,2,2,80.9,0.3,291.7,152.9,1703.8,80.9
2026-09-19 17:35:42,mfsweep_shard0,SPT_SMPT,42,6472.86,37,0,1,972.3,2415.4,1443.2,2,2,74.0,0.3,209.2,147.4,1012.3,74.0
2026-09-19 17:35:42,mfsweep_shard0,SPT_SMPT,42,6472.86,38,0,1,998.5,5133.5,4134.9,2,2,82.0,0.4,353.6,200.6,3498.3,82.0
2026-09-19 17:35:42,mfsweep_shard0,SPT_SMPT,42,6472.86,39,0,1,1024.8,2160.6,1135.8,2,2,72.6,0.3,231.3,148.1,683.5,72.6
2026-09-19 17:35:42,mfsweep_shard0,SPT_SMPT,42,6472.86,40,0,1,1051.1,2708.6,1657.5,2,2,76.8,0.3,228.6,161.2,1190.5,76.8
2026-09-19 17:35:42,mfsweep_shard0,SPT_SMPT,42,6472.86,41,0,1,1077.4,1313.8,236.4,2,2,55.1,0.0,16.4,146.9,18.0,55.1
2026-09-19 17:35:42,mfsweep_shard0,SPT_SMPT,42,6472.86,42,0,1,1103.7,1441.3,337.6,2,2,61.1,0.0,122.2,136.2,18.1,61.1
2026-09-19 17:35:42,mfsweep_shard0,SPT_SMPT,42,6472.86,43,0,1,1129.9,1343.0,213.1,2,2,63.1,0.0,24.7,121.2,4.1,63.1
2026-09-19 17:35:42,mfsweep_shard0,SPT_SMPT,42,6472.86,44,0,1,1156.2,1463.7,307.5,2,2,56.2,0.0,59.8,154.7,36.8,56.2
2026-09-19 17:35:42,mfsweep_shard0,SPT_SMPT,42,6472.86,45,0,1,1182.5,1589.0,406.5,2,2,61.2,0.0,148.5,158.9,37.8,61.2
2026-09-19 17:35:42,mfsweep_shard0,SPT_SMPT,42,6472.86,46,0,1,1208.8,1470.8,262.0,2,2,56.9,0.0,27.0,126.1,52.0,56.9
2026-09-19 17:35:42,mfsweep_shard0,SPT_SMPT,42,6472.86,47,0,1,1235.0,1787.3,552.2,2,2,62.7,0.0,126.5,137.3,225.7,62.7
2026-09-19 17:35:42,mfsweep_shard0,SPT_SMPT,42,6472.86,48,0,1,1261.3,2466.7,1205.4,2,2,74.5,0.4,303.1,180.5,647.0,74.5
2026-09-19 17:35:42,mfsweep_shard0,SPT_SMPT,42,6472.86,49,0,1,1287.6,1596.1,308.5,2,2,65.6,0.0,84.4,152.4,6.1,65.6
2026-09-19 17:35:42,mfsweep_shard0,SPT_SMPT,42,6472.86,50,0,1,1313.9,1814.4,500.5,2,2,65.8,0.0,21.9,158.3,254.6,65.8
2026-09-19 17:35:42,mfsweep_shard0,SPT_SMPT,42,6472.86,51,0,1,1340.2,1619.1,278.9,2,2,60.5,0.0,45.5,132.4,40.6,60.5
2026-09-19 17:35:42,mfsweep_shard0,SPT_SMPT,42,6472.86,52,0,1,1366.4,1704.0,337.5,2,2,62.4,0.0,121.5,138.9,14.8,62.4
2026-09-19 17:35:42,mfsweep_shard0,SPT_SMPT,42,6472.86,53,0,1,1392.7,5979.4,4586.7,2,2,84.5,0.6,404.2,190.5,3906.9,84.5
2026-09-19 17:35:42,mfsweep_shard0,SPT_SMPT,42,6472.86,54,0,1,1419.0,2583.4,1164.4,2,2,74.9,0.4,287.5,191.9,609.6,74.9
2026-09-19 17:35:42,mfsweep_shard0,SPT_SMPT,42,6472.86,55,0,1,1445.3,2344.5,899.2,2,2,73.6,0.4,253.4,189.3,382.4,73.6
2026-09-19 17:35:42,mfsweep_shard0,SPT_SMPT,42,6472.86,56,0,1,1471.5,1731.7,260.2,2,2,59.2,0.0,57.5,135.5,8.0,59.2
2026-09-19 17:35:42,mfsweep_shard0,SPT_SMPT,42,6472.86,57,0,1,1497.8,2768.1,1270.2,2,2,77.6,0.4,254.5,241.6,696.1,77.6
2026-09-19 17:35:42,mfsweep_shard0,SPT_SMPT,42,6472.86,58,0,1,1524.1,2182.7,658.6,2,2,58.9,0.5,269.0,262.5,63.8,62.8
2026-09-19 17:35:42,mfsweep_shard0,SPT_SMPT,42,6472.86,59,0,1,1550.4,2224.9,674.5,2,2,66.1,0.5,326.9,151.9,129.2,66.1
2026-09-19 17:35:42,mfsweep_shard0,SPT_SMPT,42,6472.86,60,0,1,1576.6,2077.2,500.5,2,2,86.2,0.0,275.6,129.2,9.5,86.2
2026-09-19 17:35:42,mfsweep_shard0,SPT_SMPT,42,6472.86,61,0,1,1602.9,2524.2,921.3,2,2,74.7,0.5,308.6,160.2,377.3,74.7
2026-09-19 17:35:42,mfsweep_shard0,SPT_SMPT,42,6472.86,62,0,1,1629.2,2070.1,440.9,2,2,71.9,0.0,193.0,153.6,22.4,71.9
2026-09-19 17:35:42,mfsweep_shard0,SPT_SMPT,42,6472.86,63,0,1,1655.5,2084.3,428.8,2,2,76.1,0.0,222.6,127.0,3.1,76.1
2026-09-19 17:35:42,mfsweep_shard0,SPT_SMPT,42,6472.86,64,0,1,1681.8,3287.4,1605.7,2,2,81.4,0.5,396.7,134.0,993.1,81.4
2026-09-19 17:35:42,mfsweep_shard0,SPT_SMPT,42,6472.86,65,0,1,1708.0,2891.0,1183.0,2,2,79.2,0.0,49.8,99.5,954.5,79.2
2026-09-19 17:35:42,mfsweep_shard0,SPT_SMPT,42,6472.86,66,0,1,1734.3,2217.6,483.3,2,2,61.1,0.0,282.6,139.6,0.0,61.1
2026-09-19 17:35:42,mfsweep_shard0,SPT_SMPT,42,6472.86,67,0,1,1760.6,2302.5,541.9,2,2,54.6,0.0,359.4,127.9,0.0,54.6
2026-09-19 17:35:42,mfsweep_shard0,SPT_SMPT,42,6472.86,68,0,1,1786.9,2483.4,696.5,2,2,64.0,0.0,424.2,107.4,100.9,64.0
2026-09-19 17:35:42,mfsweep_shard0,SPT_SMPT,42,6472.86,69,0,1,1813.1,2386.4,573.2,2,2,62.4,0.0,346.7,110.3,53.8,62.4
2026-09-19 17:35:42,mfsweep_shard0,SPT_SMPT,42,6472.86,70,0,1,1839.4,2327.0,487.6,2,2,60.5,0.0,298.2,112.9,16.0,60.5
2026-09-19 17:35:42,mfsweep_shard0,SPT_SMPT,42,6472.86,71,0,1,1865.7,6049.0,4183.3,2,2,84.7,0.3,578.4,195.9,3324.0,84.7
2026-09-19 17:35:42,mfsweep_shard0,SPT_SMPT,42,6472.86,72,0,1,1892.0,5426.1,3534.1,2,2,82.5,0.4,615.5,199.3,2636.5,82.5
2026-09-19 17:35:42,mfsweep_shard0,SPT_SMPT,42,6472.86,73,0,1,1918.3,2398.0,479.7,2,2,63.9,0.0,250.4,105.3,60.0,63.9
2026-09-19 17:35:42,mfsweep_shard0,SPT_SMPT,42,6472.86,74,0,1,1944.5,4563.6,2619.1,2,2,75.2,0.3,515.6,205.8,1822.2,75.2
2026-09-19 17:35:42,mfsweep_shard0,SPT_SMPT,42,6472.86,75,0,1,1970.8,2541.5,570.7,2,2,66.6,0.0,323.7,105.0,75.4,66.6
2026-09-19 17:35:42,mfsweep_shard0,SPT_SMPT,42,6472.86,76,0,1,1997.1,5840.8,3843.7,2,2,83.7,0.5,596.7,198.8,2963.9,83.7
2026-09-19 17:35:42,mfsweep_shard0,SPT_SMPT,42,6472.86,77,0,1,2023.4,3121.3,1097.9,2,2,68.7,0.0,282.6,108.9,637.7,68.7
2026-09-19 17:35:42,mfsweep_shard0,SPT_SMPT,42,6472.86,78,0,1,2049.6,2625.6,576.0,2,2,62.3,0.0,324.4,98.3,91.0,62.3
2026-09-19 17:35:42,mfsweep_shard0,SPT_SMPT,42,6472.86,79,0,1,2075.9,2566.9,491.0,2,2,61.7,0.0,297.7,104.8,26.8,61.7
2026-09-19 17:35:42,mfsweep_shard0,SPT_SMPT,42,6472.86,80,0,1,2102.2,3383.5,1281.3,2,2,72.1,0.1,380.9,162.5,665.8,72.1
2026-09-19 17:35:42,mfsweep_shard0,SPT_SMPT,42,6472.86,81,0,1,2128.5,2775.2,646.7,2,2,62.2,0.0,378.7,149.1,46.9,72.0
2026-09-19 17:35:42,mfsweep_shard0,SPT_SMPT,42,6472.86,82,0,1,2154.7,3714.5,1559.8,2,2,72.8,0.2,351.3,174.1,961.3,72.8
2026-09-19 17:35:42,mfsweep_shard0,SPT_SMPT,42,6472.86,83,0,1,2181.0,5703.4,3522.4,2,2,83.2,0.6,631.6,266.4,2540.7,83.2
2026-09-19 17:35:42,mfsweep_shard0,SPT_SMPT,42,6472.86,84,0,1,2207.3,2715.6,508.3,2,2,66.7,0.0,310.1,104.5,27.0,66.7
2026-09-19 17:35:42,mfsweep_shard0,SPT_SMPT,42,6472.86,85,0,1,2233.6,2637.4,403.8,2,2,60.8,0.1,236.2,100.4,6.4,60.8
2026-09-19 17:35:42,mfsweep_shard0,SPT_SMPT,42,6472.86,86,0,1,2259.9,6472.9,4213.0,2,2,86.5,0.8,610.1,200.4,3315.3,86.5
2026-09-19 17:35:42,mfsweep_shard0,SPT_SMPT,42,6472.86,87,0,1,2286.1,3376.3,1090.2,2,2,70.4,0.3,338.5,165.4,466.8,119.1
2026-09-19 17:35:42,mfsweep_shard0,SPT_SMPT,42,6472.86,88,0,1,2312.4,2782.2,469.8,2,2,56.5,0.1,273.6,112.6,26.9,56.5
2026-09-19 17:35:42,mfsweep_shard0,SPT_SMPT,42,6472.86,89,0,1,2338.7,2850.4,511.7,2,2,55.1,0.1,342.7,106.9,6.8,55.1
2026-09-19 17:35:42,mfsweep_shard0,SPT_SMPT,42,6472.86,90,0,1,2365.0,2902.8,537.8,2,2,57.2,0.2,339.7,108.7,32.1,57.2
2026-09-19 17:35:42,mfsweep_shard0,SPT_SMPT,42,6472.86,91,0,1,2391.2,4038.1,1646.9,2,2,74.3,0.6,500.9,159.5,863.8,122.1
2026-09-19 17:35:42,mfsweep_shard0,SPT_SMPT,42,6472.86,92,0,1,2417.5,4578.1,2160.6,2,2,79.7,0.7,604.2,231.0,1245.0,79.7
2026-09-19 17:35:42,mfsweep_shard0,SPT_SMPT,42,6472.86,93,0,1,2443.8,2997.0,553.2,2,2,67.5,0.0,260.6,101.9,123.2,67.5
2026-09-19 17:35:42,mfsweep_shard0,SPT_SMPT,42,6472.86,94,0,1,2470.1,2938.1,468.0,2,2,55.6,0.0,297.0,110.5,4.9,55.6
2026-09-19 17:35:42,mfsweep_shard0,SPT_SMPT,42,6472.86,95,0,1,2496.4,2989.8,493.4,2,2,66.1,0.0,247.1,108.7,71.4,66.1
2026-09-19 17:35:42,mfsweep_shard0,SPT_SMPT,42,6472.86,96,0,1,2522.6,6401.4,3878.8,2,2,86.4,0.9,758.3,194.4,2838.7,86.4
2026-09-19 17:35:42,mfsweep_shard0,SPT_SMPT,42,6472.86,97,0,1,2548.9,3454.3,905.4,2,2,71.0,0.3,490.1,146.7,197.4,71.0
2026-09-19 17:35:42,mfsweep_shard0,SPT_SMPT,42,6472.86,98,0,1,2575.2,6259.4,3684.2,2,2,85.6,1.0,790.3,194.2,2613.1,85.6
2026-09-19 17:35:42,mfsweep_shard0,SPT_SMPT,42,6472.86,99,0,1,2601.5,5066.5,2465.1,2,2,82.0,0.9,763.7,196.9,1421.6,82.0
2026-09-19 17:35:42,mfsweep_shard0,SPT_SMPT,42,6472.86,100,0,1,2627.7,3069.9,442.2,2,2,53.9,0.0,236.4,107.1,44.7,53.9
2026-09-19 17:35:42,mfsweep_shard0,SPT_SMPT,42,6472.86,101,0,1,2654.0,4806.2,2152.2,2,2,77.3,0.9,728.9,181.1,1164.0,77.3
2026-09-19 17:35:42,mfsweep_shard0,SPT_SMPT,42,6472.86,102,0,1,2680.3,4743.4,2063.1,2,2,76.0,1.0,794.5,193.8,997.8,76.0
2026-09-19 17:35:42,mfsweep_shard0,SPT_SMPT,42,6472.86,103,0,1,2706.6,3656.5,949.9,2,2,71.3,0.4,524.0,147.7,206.6,71.3
2026-09-19 17:35:42,mfsweep_shard0,SPT_SMPT,42,6472.86,104,0,1,2732.9,3517.9,785.0,2,2,62.4,0.4,483.9,165.4,72.9,62.4
2026-09-19 17:35:42,mfsweep_shard0,SPT_SMPT,42,6472.86,105,0,1,2759.1,4643.5,1884.4,2,2,74.7,1.1,807.9,204.5,796.2,74.7
2026-09-19 17:35:42,mfsweep_shard0,SPT_SMPT,42,6472.86,106,0,1,2785.4,3392.4,607.0,2,2,57.2,0.0,387.4,128.3,34.0,57.2
2026-09-19 17:35:42,mfsweep_shard0,SPT_SMPT,42,6472.86,107,0,1,2811.7,3600.4,788.7,2,2,67.9,0.4,511.3,120.8,88.3,67.9
2026-09-19 17:35:42,mfsweep_shard0,SPT_SMPT,42,6472.86,108,0,1,2838.0,3428.4,590.5,2,2,68.5,0.0,412.3,94.2,15.4,68.5
2026-09-19 17:35:42,mfsweep_shard0,SPT_SMPT,42,6472.86,109,0,1,2864.2,6188.8,3324.6,2,2,85.0,1.4,913.8,161.5,2162.9,85.0
2026-09-19 17:35:42,mfsweep_shard0,SPT_SMPT,42,6472.86,110,0,1,2890.5,5500.2,2609.7,2,2,82.4,1.0,1003.5,132.9,1324.6,147.7
2026-09-19 17:35:42,mfsweep_shard0,SPT_SMPT,42,6472.86,111,0,1,2916.8,3576.8,660.0,2,2,62.2,0.0,488.0,109.4,0.4,62.2
2026-09-19 17:35:42,mfsweep_shard0,SPT_SMPT,42,6472.86,112,0,1,2943.1,3588.7,645.6,2,2,70.1,0.0,456.0,106.1,13.4,70.1
2026-09-19 17:35:42,mfsweep_shard0,SPT_SMPT,42,6472.86,113,0,1,2969.3,3673.8,704.5,2,2,59.4,0.0,487.7,107.9,49.4,59.4
2026-09-19 17:35:42,mfsweep_shard0,SPT_SMPT,42,6472.86,114,0,1,2995.6,5772.1,2776.4,2,2,83.7,0.7,778.0,150.4,1763.7,83.7
2026-09-19 17:35:42,mfsweep_shard0,SPT_SMPT,42,6472.86,115,0,1,3021.9,5200.7,2178.8,2,2,82.3,0.5,650.7,142.2,1303.2,82.3
2026-09-19 17:35:42,mfsweep_shard0,SPT_SMPT,42,6472.86,116,0,1,3048.2,3693.2,645.1,2,2,63.4,0.0,424.6,116.0,41.0,63.4
2026-09-19 17:35:42,mfsweep_shard0,SPT_SMPT,42,6472.86,117,0,1,3074.5,4682.9,1608.4,2,2,74.6,0.5,654.8,148.0,723.2,82.0
2026-09-19 17:35:42,mfsweep_shard0,SPT_SMPT,42,6472.86,118,0,1,3100.7,3996.8,896.1,2,2,73.6,0.0,437.8,123.8,260.8,73.6
2026-09-19 17:35:42,mfsweep_shard0,SPT_SMPT,42,6472.86,119,0,1,3127.0,3887.4,760.4,2,2,58.6,0.0,541.2,124.6,36.1,58.6
2026-09-19 17:35:42,mfsweep_shard0,SPT_SMPT,42,6472.86,120,0,1,3153.3,4869.4,1716.1,2,2,78.7,0.5,632.4,143.3,861.2,78.7
2026-09-19 17:35:42,mfsweep_shard0,SPT_SMPT,42,6472.86,121,0,1,3179.6,3894.7,715.1,2,2,71.3,0.0,507.5,119.1,17.1,71.3
2026-09-19 17:35:42,mfsweep_shard0,SPT_SMPT,42,6472.86,122,0,1,3205.8,4934.1,1728.3,2,2,79.2,0.5,596.1,150.1,902.4,79.2
2026-09-19 17:35:42,mfsweep_shard0,SPT_SMPT,42,6472.86,123,0,1,3232.1,3901.8,669.6,2,2,71.0,0.0,390.2,110.5,97.9,71.0
2026-09-19 17:35:42,mfsweep_shard0,SPT_SMPT,42,6472.86,124,0,1,3258.4,4092.4,834.0,2,2,53.6,0.0,593.4,127.1,59.8,53.6
2026-09-19 17:35:42,mfsweep_shard0,SPT_SMPT,42,6472.86,125,0,1,3284.7,3913.0,628.4,2,2,64.2,0.0,423.0,113.9,27.2,64.2
2026-09-19 17:35:42,mfsweep_shard0,SPT_SMPT,42,6472.86,126,0,1,3311.0,4111.0,800.1,2,2,54.2,0.0,554.0,108.4,83.5,54.2
2026-09-19 17:35:42,mfsweep_shard0,SPT_SMPT,42,6472.86,127,0,1,3337.2,5909.9,2572.7,2,2,84.2,0.8,876.2,150.9,1460.7,84.2
2026-09-19 17:35:42,mfsweep_shard0,SPT_SMPT,42,6472.86,128,0,1,3363.5,5635.3,2271.8,2,2,82.5,0.8,935.1,147.3,1106.0,82.5
2026-09-19 17:35:42,mfsweep_shard0,SPT_SMPT,42,6472.86,129,0,1,3389.8,4999.6,1609.8,2,2,81.0,0.6,789.5,142.5,596.3,81.0
2026-09-19 17:35:42,mfsweep_shard0,SPT_SMPT,42,6472.86,130,0,1,3416.1,4177.9,761.8,2,2,63.7,0.0,535.0,94.1,68.9,63.7
2026-09-19 17:35:42,mfsweep_shard0,SPT_SMPT,42,6472.86,131,0,1,3442.3,4143.5,701.1,2,2,55.5,0.0,532.8,98.8,14.0,55.5
2026-09-19 17:35:42,mfsweep_shard0,SPT_SMPT,42,6472.86,132,0,1,3468.6,5567.7,2099.1,2,2,82.5,0.9,907.1,147.3,961.4,82.5
2026-09-19 17:35:42,mfsweep_shard0,SPT_SMPT,42,6472.86,133,0,1,3494.9,6118.8,2623.9,2,2,84.8,0.9,904.6,161.0,1472.5,84.8
2026-09-19 17:35:42,mfsweep_shard0,SPT_SMPT,42,6472.86,134,0,1,3521.2,4257.9,736.7,2,2,56.4,0.0,511.0,95.9,73.4,56.4
2026-09-19 17:35:42,mfsweep_shard0,SPT_SMPT,42,6472.86,135,0,1,3547.5,4312.2,764.8,2,2,69.6,0.0,472.6,87.6,135.0,69.6
2026-09-19 17:35:42,mfsweep_shard0,SPT_SMPT,42,6472.86,136,0,1,3573.7,4216.1,642.3,2,2,55.8,0.0,440.8,95.2,50.5,55.8
2026-09-19 17:42:26,mfsweep_shard0,SPT_SMPT,43,7206.26,0,0,1,0.0,216.3,216.3,2,2,74.6,0.0,67.5,74.1,0.0,74.6
2026-09-19 17:42:26,mfsweep_shard0,SPT_SMPT,43,7206.26,1,0,1,26.3,236.8,210.5,2,2,54.4,0.0,47.3,87.4,21.4,54.4
2026-09-19 17:42:26,mfsweep_shard0,SPT_SMPT,43,7206.26,2,0,1,52.6,383.4,330.8,2,2,62.6,0.0,80.0,103.0,85.2,62.6
2026-09-19 17:42:26,mfsweep_shard0,SPT_SMPT,43,7206.26,3,0,1,78.8,304.7,225.8,2,2,60.9,0.0,77.9,75.7,11.3,60.9
2026-09-19 17:42:26,mfsweep_shard0,SPT_SMPT,43,7206.26,4,0,1,105.1,2452.4,2347.3,2,2,77.8,0.0,149.9,162.6,1956.8,77.8
2026-09-19 17:42:26,mfsweep_shard0,SPT_SMPT,43,7206.26,5,0,1,131.4,1082.4,951.0,2,2,75.9,0.0,106.0,213.2,546.0,85.8
2026-09-19 17:42:26,mfsweep_shard0,SPT_SMPT,43,7206.26,6,0,1,157.7,1395.8,1238.1,2,2,83.0,0.1,167.0,224.2,763.8,83.0
2026-09-19 17:42:26,mfsweep_shard0,SPT_SMPT,43,7206.26,7,0,1,183.9,493.0,309.0,2,2,56.4,0.0,89.5,160.3,2.8,56.4
2026-09-19 17:42:26,mfsweep_shard0,SPT_SMPT,43,7206.26,8,0,1,210.2,438.0,227.7,2,2,67.5,0.0,39.4,117.2,3.7,67.5
2026-09-19 17:42:26,mfsweep_shard0,SPT_SMPT,43,7206.26,9,0,1,236.5,514.3,277.8,2,2,54.5,0.0,76.8,111.0,35.5,54.5
2026-09-19 17:42:26,mfsweep_shard0,SPT_SMPT,43,7206.26,10,0,1,262.8,588.8,326.0,2,2,60.8,0.0,110.2,137.3,17.7,60.8
2026-09-19 17:42:26,mfsweep_shard0,SPT_SMPT,43,7206.26,11,0,1,289.1,675.6,386.5,2,2,70.2,0.0,82.1,163.3,70.9,70.2
2026-09-19 17:42:26,mfsweep_shard0,SPT_SMPT,43,7206.26,12,0,1,315.3,548.3,232.9,2,2,54.4,0.0,25.0,138.6,14.9,54.4
2026-09-19 17:42:26,mfsweep_shard0,SPT_SMPT,43,7206.26,13,0,1,341.6,722.2,380.6,2,2,60.1,0.0,149.8,142.5,28.2,60.1
2026-09-19 17:42:26,mfsweep_shard0,SPT_SMPT,43,7206.26,14,0,1,367.9,2263.3,1895.4,2,2,75.0,0.2,277.0,250.2,1293.0,75.0
2026-09-19 17:42:26,mfsweep_shard0,SPT_SMPT,43,7206.26,15,0,1,394.2,1239.6,845.4,2,2,71.5,0.1,155.5,162.0,412.3,115.5
2026-09-19 17:42:26,mfsweep_shard0,SPT_SMPT,43,7206.26,16,0,1,420.4,761.7,341.2,2,2,60.8,0.0,117.8,146.1,16.5,60.8
2026-09-19 17:42:26,mfsweep_shard0,SPT_SMPT,43,7206.26,17,0,1,446.7,2079.2,1632.5,2,2,73.0,0.2,289.2,260.9,980.4,101.7
2026-09-19 17:42:26,mfsweep_shard0,SPT_SMPT,43,7206.26,18,0,1,473.0,2667.3,2194.3,2,2,80.3,0.3,310.5,233.1,1570.1,80.3
2026-09-19 17:42:26,mfsweep_shard0,SPT_SMPT,43,7206.26,19,0,1,499.3,715.1,215.8,2,2,53.8,0.0,40.7,116.8,4.6,53.8
2026-09-19 17:42:26,mfsweep_shard0,SPT_SMPT,43,7206.26,20,0,1,525.6,2524.8,1999.3,2,2,80.1,0.3,281.5,184.8,1452.5,80.1
2026-09-19 17:42:26,mfsweep_shard0,SPT_SMPT,43,7206.26,21,0,1,551.8,1471.4,919.6,2,2,76.6,0.4,261.2,177.3,404.1,76.6
2026-09-19 17:42:26,mfsweep_shard0,SPT_SMPT,43,7206.26,22,0,1,578.1,846.7,268.6,2,2,64.8,0.0,79.5,121.7,2.6,64.8
2026-09-19 17:42:26,mfsweep_shard0,SPT_SMPT,43,7206.26,23,0,1,604.4,864.2,259.8,2,2,58.7,0.0,72.1,123.0,6.0,58.7
2026-09-19 17:42:26,mfsweep_shard0,SPT_SMPT,43,7206.26,24,0,1,630.7,998.4,367.7,2,2,85.1,0.0,104.5,178.1,0.0,85.1
2026-09-19 17:42:26,mfsweep_shard0,SPT_SMPT,43,7206.26,25,0,1,656.9,1133.3,476.4,2,2,64.7,0.2,173.6,201.3,36.6,64.7
2026-09-19 17:42:26,mfsweep_shard0,SPT_SMPT,43,7206.26,26,0,1,683.2,1160.4,477.2,2,2,56.6,0.2,161.1,207.6,51.7,56.6
2026-09-19 17:42:26,mfsweep_shard0,SPT_SMPT,43,7206.26,27,0,1,709.5,1017.3,307.8,2,2,56.7,0.0,121.9,129.1,0.0,56.7
2026-09-19 17:42:26,mfsweep_shard0,SPT_SMPT,43,7206.26,28,0,1,735.8,3997.0,3261.3,2,2,81.5,44.6,330.1,199.3,2605.7,81.5
2026-09-19 17:42:26,mfsweep_shard0,SPT_SMPT,43,7206.26,29,0,1,762.0,1464.2,702.2,2,2,73.5,0.3,310.1,133.7,184.5,73.5
2026-09-19 17:42:26,mfsweep_shard0,SPT_SMPT,43,7206.26,30,0,1,788.3,2559.9,1771.5,2,2,80.2,0.4,248.5,132.0,1310.5,80.2
2026-09-19 17:42:26,mfsweep_shard0,SPT_SMPT,43,7206.26,31,0,1,814.6,2381.4,1566.8,2,2,77.6,0.4,334.5,113.5,1040.7,77.6
2026-09-19 17:42:26,mfsweep_shard0,SPT_SMPT,43,7206.26,32,0,1,840.9,1251.3,410.4,2,2,71.2,0.0,237.0,102.2,0.0,71.2
2026-09-19 17:42:26,mfsweep_shard0,SPT_SMPT,43,7206.26,33,0,1,867.2,4786.4,3919.3,2,2,85.7,94.7,436.0,205.5,3097.4,85.7
2026-09-19 17:42:26,mfsweep_shard0,SPT_SMPT,43,7206.26,34,0,1,893.4,1296.5,403.1,2,2,66.0,0.0,171.3,115.5,50.3,66.0
2026-09-19 17:42:26,mfsweep_shard0,SPT_SMPT,43,7206.26,35,0,1,919.7,1566.8,647.1,2,2,71.8,0.2,348.8,159.1,56.5,82.4
2026-09-19 17:42:26,mfsweep_shard0,SPT_SMPT,43,7206.26,36,0,1,946.0,2836.3,1890.3,2,2,80.9,0.3,286.1,180.6,1342.4,80.9
2026-09-19 17:42:26,mfsweep_shard0,SPT_SMPT,43,7206.26,37,0,1,972.3,2151.2,1179.0,2,2,74.0,0.3,288.5,166.4,649.7,74.0
2026-09-19 17:42:26,mfsweep_shard0,SPT_SMPT,43,7206.26,38,0,1,998.5,5812.7,4814.2,2,2,82.0,94.9,546.3,182.1,3908.9,82.0
2026-09-19 17:42:26,mfsweep_shard0,SPT_SMPT,43,7206.26,39,0,1,1024.8,2019.9,995.0,2,2,72.6,0.3,283.9,143.3,494.9,72.6
2026-09-19 17:42:26,mfsweep_shard0,SPT_SMPT,43,7206.26,40,0,1,1051.1,2324.4,1273.3,2,2,76.8,0.3,380.0,113.8,702.3,76.8
2026-09-19 17:42:26,mfsweep_shard0,SPT_SMPT,43,7206.26,41,0,1,1077.4,1629.0,551.6,2,2,55.1,0.4,375.4,114.6,6.3,55.1
2026-09-19 17:42:26,mfsweep_shard0,SPT_SMPT,43,7206.26,42,0,1,1103.7,1685.4,581.7,2,2,61.1,0.4,347.9,113.5,58.9,61.1
2026-09-19 17:42:26,mfsweep_shard0,SPT_SMPT,43,7206.26,43,0,1,1129.9,1824.4,694.4,2,2,63.1,0.0,268.9,112.2,250.2,63.1
2026-09-19 17:42:26,mfsweep_shard0,SPT_SMPT,43,7206.26,44,0,1,1156.2,1597.7,441.5,2,2,56.2,0.0,236.0,122.4,26.9,56.2
2026-09-19 17:42:26,mfsweep_shard0,SPT_SMPT,43,7206.26,45,0,1,1182.5,1699.1,516.6,2,2,61.2,0.0,203.3,139.5,112.5,61.2
2026-09-19 17:42:26,mfsweep_shard0,SPT_SMPT,43,7206.26,46,0,1,1208.8,1738.8,530.0,2,2,56.9,0.0,311.4,145.1,16.7,56.9
2026-09-19 17:42:26,mfsweep_shard0,SPT_SMPT,43,7206.26,47,0,1,1235.0,1678.1,443.1,2,2,62.7,0.0,284.2,93.5,2.6,62.7
2026-09-19 17:42:26,mfsweep_shard0,SPT_SMPT,43,7206.26,48,0,1,1261.3,2212.8,951.4,2,2,74.5,0.0,344.0,112.5,420.5,74.5
2026-09-19 17:42:26,mfsweep_shard0,SPT_SMPT,43,7206.26,49,0,1,1287.6,1914.4,626.8,2,2,65.6,0.0,318.4,114.5,128.2,65.6
2026-09-19 17:42:26,mfsweep_shard0,SPT_SMPT,43,7206.26,50,0,1,1313.9,1966.9,653.0,2,2,65.8,0.0,231.7,117.2,238.4,65.8
2026-09-19 17:42:26,mfsweep_shard0,SPT_SMPT,43,7206.26,51,0,1,1340.2,1770.9,430.8,2,2,60.5,0.0,222.5,119.5,28.3,60.5
2026-09-19 17:42:26,mfsweep_shard0,SPT_SMPT,43,7206.26,52,0,1,1366.4,1873.0,506.6,2,2,62.4,0.0,247.7,108.1,88.5,62.4
2026-09-19 17:42:26,mfsweep_shard0,SPT_SMPT,43,7206.26,53,0,1,1392.7,1831.4,438.7,2,2,84.5,0.0,216.4,110.5,27.3,84.5
2026-09-19 17:42:26,mfsweep_shard0,SPT_SMPT,43,7206.26,54,0,1,1419.0,2878.5,1459.5,2,2,74.9,0.1,322.0,133.5,929.0,74.9
2026-09-19 17:42:26,mfsweep_shard0,SPT_SMPT,43,7206.26,55,0,1,1445.3,1851.0,405.7,2,2,73.6,0.0,197.5,115.2,19.4,73.6
2026-09-19 17:42:26,mfsweep_shard0,SPT_SMPT,43,7206.26,56,0,1,1471.5,1938.7,467.2,2,2,59.2,0.0,255.3,103.5,49.2,59.2
2026-09-19 17:42:26,mfsweep_shard0,SPT_SMPT,43,7206.26,57,0,1,1497.8,5258.5,3760.7,2,2,77.6,94.7,591.0,167.3,2830.1,77.6
2026-09-19 17:42:26,mfsweep_shard0,SPT_SMPT,43,7206.26,58,0,1,1524.1,1950.5,426.4,2,2,58.9,0.0,214.4,104.3,48.7,58.9
2026-09-19 17:42:26,mfsweep_shard0,SPT_SMPT,43,7206.26,59,0,1,1550.4,2036.7,486.3,2,2,66.1,0.0,220.1,102.7,97.3,66.1
2026-09-19 17:42:26,mfsweep_shard0,SPT_SMPT,43,7206.26,60,0,1,1576.6,6121.4,4544.8,2,2,86.2,94.8,624.1,236.3,3503.4,86.2
2026-09-19 17:42:26,mfsweep_shard0,SPT_SMPT,43,7206.26,61,0,1,1602.9,2674.4,1071.5,2,2,74.7,0.1,232.3,169.9,594.6,74.7
2026-09-19 17:42:26,mfsweep_shard0,SPT_SMPT,43,7206.26,62,0,1,1629.2,2091.0,461.8,2,2,71.9,0.0,248.7,106.1,35.0,71.9
2026-09-19 17:42:26,mfsweep_shard0,SPT_SMPT,43,7206.26,63,0,1,1655.5,4901.1,3245.6,2,2,76.1,94.9,650.1,221.1,2203.4,76.1
2026-09-19 17:42:26,mfsweep_shard0,SPT_SMPT,43,7206.26,64,0,1,1681.8,5647.5,3965.7,2,2,81.4,95.0,635.1,195.6,2958.7,81.4
2026-09-19 17:42:26,mfsweep_shard0,SPT_SMPT,43,7206.26,65,0,1,1708.0,5386.3,3678.3,2,2,79.2,95.1,577.4,201.8,2724.8,79.2
2026-09-19 17:42:26,mfsweep_shard0,SPT_SMPT,43,7206.26,66,0,1,1734.3,2220.0,485.7,2,2,61.1,0.0,205.9,106.1,112.6,61.1
2026-09-19 17:42:26,mfsweep_shard0,SPT_SMPT,43,7206.26,67,0,1,1760.6,2098.1,337.5,2,2,54.6,0.0,167.6,102.7,12.5,54.6
2026-09-19 17:42:26,mfsweep_shard0,SPT_SMPT,43,7206.26,68,0,1,1786.9,2358.1,571.3,2,2,64.0,0.0,175.7,106.4,225.2,64.0
2026-09-19 17:42:26,mfsweep_shard0,SPT_SMPT,43,7206.26,69,0,1,1813.1,2275.1,461.9,2,2,62.4,0.0,248.7,112.8,38.0,62.4
2026-09-19 17:42:26,mfsweep_shard0,SPT_SMPT,43,7206.26,70,0,1,1839.4,2163.0,323.6,2,2,60.5,0.0,146.4,103.5,13.1,60.5
2026-09-19 17:42:26,mfsweep_shard0,SPT_SMPT,43,7206.26,71,0,1,1865.7,6464.2,4598.5,2,2,84.7,95.2,535.5,223.3,3659.8,84.7
2026-09-19 17:42:26,mfsweep_shard0,SPT_SMPT,43,7206.26,72,0,1,1892.0,6173.6,4281.6,2,2,82.5,95.3,597.2,255.3,3251.3,82.5
2026-09-19 17:42:26,mfsweep_shard0,SPT_SMPT,43,7206.26,73,0,1,1918.3,2282.2,363.9,2,2,63.9,0.0,76.6,112.1,111.3,63.9
2026-09-19 17:42:26,mfsweep_shard0,SPT_SMPT,43,7206.26,74,0,1,1944.5,5073.1,3128.5,2,2,75.2,95.3,537.3,188.3,2232.4,75.2
2026-09-19 17:42:26,mfsweep_shard0,SPT_SMPT,43,7206.26,75,0,1,1970.8,3330.7,1359.9,2,2,66.6,0.5,434.9,150.7,685.9,88.0
2026-09-19 17:42:26,mfsweep_shard0,SPT_SMPT,43,7206.26,76,0,1,1997.1,6656.5,4659.4,2,2,83.7,95.6,719.2,299.8,3461.0,83.7
2026-09-19 17:42:26,mfsweep_shard0,SPT_SMPT,43,7206.26,77,0,1,2023.4,4185.1,2161.8,2,2,68.7,44.9,549.1,145.4,1353.7,68.7
2026-09-19 17:42:26,mfsweep_shard0,SPT_SMPT,43,7206.26,78,0,1,2049.6,2410.8,361.2,2,2,62.3,0.0,141.9,111.3,45.7,62.3
2026-09-19 17:42:26,mfsweep_shard0,SPT_SMPT,43,7206.26,79,0,1,2075.9,2468.9,392.9,2,2,61.7,0.0,185.3,109.7,36.2,61.7
2026-09-19 17:42:26,mfsweep_shard0,SPT_SMPT,43,7206.26,80,0,1,2102.2,2848.4,746.2,2,2,72.1,0.3,351.2,140.9,181.7,72.1
2026-09-19 17:42:26,mfsweep_shard0,SPT_SMPT,43,7206.26,81,0,1,2128.5,2488.1,359.6,2,2,62.2,0.0,155.0,109.7,32.7,62.2
2026-09-19 17:42:26,mfsweep_shard0,SPT_SMPT,43,7206.26,82,0,1,2154.7,2829.3,674.5,2,2,72.8,0.3,329.4,207.3,63.8,73.7
2026-09-19 17:42:26,mfsweep_shard0,SPT_SMPT,43,7206.26,83,0,1,2181.0,6715.2,4534.2,2,2,83.2,95.5,673.6,275.8,3396.1,93.2
2026-09-19 17:42:26,mfsweep_shard0,SPT_SMPT,43,7206.26,84,0,1,2207.3,2869.2,661.9,2,2,66.7,0.4,380.2,138.6,76.0,66.7
2026-09-19 17:42:26,mfsweep_shard0,SPT_SMPT,43,7206.26,85,0,1,2233.6,2977.5,744.0,2,2,60.8,0.7,494.2,109.2,69.0,70.8
2026-09-19 17:42:26,mfsweep_shard0,SPT_SMPT,43,7206.26,86,0,1,2259.9,7206.3,4946.4,2,2,86.5,96.1,951.3,234.4,3578.2,86.5
2026-09-19 17:42:26,mfsweep_shard0,SPT_SMPT,43,7206.26,87,0,1,2286.1,2714.8,428.7,2,2,70.4,0.0,267.2,91.1,0.0,70.4
2026-09-19 17:42:26,mfsweep_shard0,SPT_SMPT,43,7206.26,88,0,1,2312.4,3058.2,745.8,2,2,56.5,0.4,479.2,125.6,84.1,56.5
2026-09-19 17:42:26,mfsweep_shard0,SPT_SMPT,43,7206.26,89,0,1,2338.7,2970.4,631.7,2,2,55.1,0.8,427.7,119.4,28.8,55.1
2026-09-19 17:42:26,mfsweep_shard0,SPT_SMPT,43,7206.26,90,0,1,2365.0,3120.7,755.7,2,2,57.2,0.4,441.7,111.0,145.4,57.2
2026-09-19 17:42:26,mfsweep_shard0,SPT_SMPT,43,7206.26,91,0,1,2391.2,4908.4,2517.2,2,2,74.3,95.5,618.4,170.3,1531.2,101.7
2026-09-19 17:42:26,mfsweep_shard0,SPT_SMPT,43,7206.26,92,0,1,2417.5,5515.2,3097.7,2,2,79.7,95.6,624.5,152.3,2145.6,79.7
2026-09-19 17:42:26,mfsweep_shard0,SPT_SMPT,43,7206.26,93,0,1,2443.8,3409.2,965.4,2,2,67.5,0.0,467.8,109.7,320.4,67.5
2026-09-19 17:42:26,mfsweep_shard0,SPT_SMPT,43,7206.26,94,0,1,2470.1,3093.4,623.3,2,2,55.6,0.0,443.1,105.3,19.3,55.6
2026-09-19 17:42:26,mfsweep_shard0,SPT_SMPT,43,7206.26,95,0,1,2496.4,3187.9,691.6,2,2,66.1,0.0,440.9,109.2,75.3,66.1
2026-09-19 17:42:26,mfsweep_shard0,SPT_SMPT,43,7206.26,96,0,1,2522.6,7134.8,4612.2,2,2,86.4,95.5,822.2,224.3,3383.8,86.4
2026-09-19 17:42:26,mfsweep_shard0,SPT_SMPT,43,7206.26,97,0,1,2548.9,4351.2,1802.3,2,2,71.0,44.5,439.1,86.3,1161.4,71.0
2026-09-19 17:42:26,mfsweep_shard0,SPT_SMPT,43,7206.26,98,0,1,2575.2,7063.4,4488.2,2,2,85.6,95.7,852.0,233.4,3221.5,85.6
2026-09-19 17:42:26,mfsweep_shard0,SPT_SMPT,43,7206.26,99,0,1,2601.5,5874.3,3272.9,2,2,82.0,95.4,677.1,159.4,2196.1,144.7
2026-09-19 17:42:26,mfsweep_shard0,SPT_SMPT,43,7206.26,100,0,1,2627.7,3195.0,567.3,2,2,53.9,0.0,336.9,117.3,59.1,53.9
2026-09-19 17:42:26,mfsweep_shard0,SPT_SMPT,43,7206.26,101,0,1,2654.0,5196.4,2542.4,2,2,77.3,95.3,574.9,138.3,1656.6,77.3
2026-09-19 17:42:26,mfsweep_shard0,SPT_SMPT,43,7206.26,102,0,1,2680.3,5133.6,2453.3,2,2,76.0,95.3,588.2,138.3,1555.4,76.0
2026-09-19 17:42:26,mfsweep_shard0,SPT_SMPT,43,7206.26,103,0,1,2706.6,4463.5,1756.9,2,2,71.3,44.6,403.7,91.0,1146.4,71.3
2026-09-19 17:42:26,mfsweep_shard0,SPT_SMPT,43,7206.26,104,0,1,2732.9,3273.1,540.2,2,2,62.4,0.0,335.8,111.0,31.1,62.4
2026-09-19 17:42:26,mfsweep_shard0,SPT_SMPT,43,7206.26,105,0,1,2759.1,5008.5,2249.4,2,2,74.7,95.4,633.6,165.9,1279.9,74.7
2026-09-19 17:42:26,mfsweep_shard0,SPT_SMPT,43,7206.26,106,0,1,2785.4,3311.8,526.4,2,2,57.2,0.0,279.7,124.0,65.4,57.2
2026-09-19 17:42:26,mfsweep_shard0,SPT_SMPT,43,7206.26,107,0,1,2811.7,3615.5,803.8,2,2,67.9,0.0,284.4,105.3,346.2,67.9
2026-09-19 17:42:26,mfsweep_shard0,SPT_SMPT,43,7206.26,108,0,1,2838.0,4004.1,1166.2,2,2,68.5,44.6,372.1,159.8,513.3,76.3
2026-09-19 17:42:26,mfsweep_shard0,SPT_SMPT,43,7206.26,109,0,1,2864.2,6992.8,4128.6,2,2,85.0,96.0,927.8,283.5,2736.2,85.0
2026-09-19 17:42:26,mfsweep_shard0,SPT_SMPT,43,7206.26,110,0,1,2890.5,6242.8,3352.3,2,2,82.4,95.9,746.2,190.1,2188.5,131.6
2026-09-19 17:42:26,mfsweep_shard0,SPT_SMPT,43,7206.26,111,0,1,2916.8,3462.5,545.7,2,2,62.2,0.1,320.8,113.9,48.7,62.2
2026-09-19 17:42:26,mfsweep_shard0,SPT_SMPT,43,7206.26,112,0,1,2943.1,4294.7,1351.7,2,2,70.1,44.7,368.1,98.8,769.9,70.1
2026-09-19 17:42:26,mfsweep_shard0,SPT_SMPT,43,7206.26,113,0,1,2969.3,3469.6,500.3,2,2,59.4,0.1,288.8,105.1,46.9,59.4
2026-09-19 17:42:26,mfsweep_shard0,SPT_SMPT,43,7206.26,114,0,1,2995.6,6783.9,3788.3,2,2,83.7,96.4,915.0,246.7,2446.5,83.7
2026-09-19 17:42:26,mfsweep_shard0,SPT_SMPT,43,7206.26,115,0,1,3021.9,5940.7,2918.8,2,2,82.3,96.0,730.4,153.7,1856.4,82.3
2026-09-19 17:42:26,mfsweep_shard0,SPT_SMPT,43,7206.26,116,0,1,3048.2,3557.7,509.5,2,2,63.4,0.2,277.6,114.1,54.2,63.4
2026-09-19 17:42:26,mfsweep_shard0,SPT_SMPT,43,7206.26,117,0,1,3074.5,5015.8,1941.3,2,2,74.6,95.8,580.2,185.6,1005.1,74.6
2026-09-19 17:42:26,mfsweep_shard0,SPT_SMPT,43,7206.26,118,0,1,3100.7,4578.4,1477.7,2,2,73.6,44.9,321.3,116.4,921.4,73.6
2026-09-19 17:42:26,mfsweep_shard0,SPT_SMPT,43,7206.26,119,0,1,3127.0,3593.8,466.7,2,2,58.6,0.2,238.8,116.5,52.7,58.6
2026-09-19 17:42:26,mfsweep_shard0,SPT_SMPT,43,7206.26,120,0,1,3153.3,5322.7,2169.4,2,2,78.7,95.7,567.0,134.1,1293.8,78.7
2026-09-19 17:42:26,mfsweep_shard0,SPT_SMPT,43,7206.26,121,0,1,3179.6,4519.3,1339.7,2,2,71.3,44.8,333.0,87.1,803.5,71.3
2026-09-19 17:42:26,mfsweep_shard0,SPT_SMPT,43,7206.26,122,0,1,3205.8,5451.0,2245.2,2,2,79.2,95.8,558.3,140.9,1371.0,79.2
2026-09-19 17:42:26,mfsweep_shard0,SPT_SMPT,43,7206.26,123,0,1,3232.1,4406.7,1174.6,2,2,71.0,44.9,326.4,102.9,629.4,71.0
2026-09-19 17:42:26,mfsweep_shard0,SPT_SMPT,43,7206.26,124,0,1,3258.4,3663.2,404.8,2,2,53.6,0.0,230.6,120.1,0.5,53.6
2026-09-19 17:42:26,mfsweep_shard0,SPT_SMPT,43,7206.26,125,0,1,3284.7,4048.9,764.2,2,2,64.2,44.9,349.8,104.2,201.2,64.2
2026-09-19 17:42:26,mfsweep_shard0,SPT_SMPT,43,7206.26,126,0,1,3311.0,3729.8,418.9,2,2,54.2,0.0,176.3,120.7,67.7,54.2
2026-09-19 17:42:26,mfsweep_shard0,SPT_SMPT,43,7206.26,127,0,1,3337.2,6853.1,3515.8,2,2,84.2,96.6,900.2,242.5,2192.3,84.2
2026-09-19 17:42:26,mfsweep_shard0,SPT_SMPT,43,7206.26,128,0,1,3363.5,6520.4,3156.9,2,2,82.5,96.6,877.1,211.3,1846.2,125.8
2026-09-19 17:42:26,mfsweep_shard0,SPT_SMPT,43,7206.26,129,0,1,3389.8,5581.2,2191.4,2,2,81.0,95.9,539.9,143.3,1331.3,81.0
2026-09-19 17:42:26,mfsweep_shard0,SPT_SMPT,43,7206.26,130,0,1,3416.1,3776.5,360.4,2,2,63.7,0.0,88.7,110.1,97.8,63.7
2026-09-19 17:42:26,mfsweep_shard0,SPT_SMPT,43,7206.26,131,0,1,3442.3,3755.4,313.1,2,2,55.5,0.0,106.6,116.0,35.0,55.5
2026-09-19 17:42:26,mfsweep_shard0,SPT_SMPT,43,7206.26,132,0,1,3468.6,6310.3,2841.7,2,2,82.5,96.5,904.8,196.1,1561.8,82.5
2026-09-19 17:42:26,mfsweep_shard0,SPT_SMPT,43,7206.26,133,0,1,3494.9,6922.8,3427.9,2,2,84.8,97.0,1118.9,233.7,1893.6,84.8
2026-09-19 17:42:26,mfsweep_shard0,SPT_SMPT,43,7206.26,134,0,1,3521.2,4132.0,610.8,2,2,56.4,45.0,249.7,107.6,152.1,56.4
2026-09-19 17:42:26,mfsweep_shard0,SPT_SMPT,43,7206.26,135,0,1,3547.5,4240.2,692.7,2,2,69.6,45.0,286.2,166.0,125.9,69.6
2026-09-19 17:42:26,mfsweep_shard0,SPT_SMPT,43,7206.26,136,0,1,3573.7,4090.1,516.4,2,2,55.8,45.0,225.7,107.1,60.1,78.5
2026-09-19 17:48:15,mfsweep_shard0,SPT_SMPT,44,6704.48,0,0,1,0.0,215.5,215.5,2,2,74.6,0.0,67.5,73.3,0.0,74.6
2026-09-19 17:48:15,mfsweep_shard0,SPT_SMPT,44,6704.48,1,0,1,26.3,255.3,229.1,2,2,54.4,0.0,77.8,75.4,21.4,54.4
2026-09-19 17:48:15,mfsweep_shard0,SPT_SMPT,44,6704.48,2,0,1,52.6,361.9,309.3,2,2,62.6,0.0,60.8,100.6,85.2,62.6
2026-09-19 17:48:15,mfsweep_shard0,SPT_SMPT,44,6704.48,3,0,1,78.8,310.4,231.6,2,2,60.9,0.0,75.8,83.5,11.3,60.9
2026-09-19 17:48:15,mfsweep_shard0,SPT_SMPT,44,6704.48,4,0,1,105.1,1109.1,1004.0,2,2,77.8,0.0,109.9,127.4,688.9,77.8
2026-09-19 17:48:15,mfsweep_shard0,SPT_SMPT,44,6704.48,5,0,1,131.4,436.7,305.3,2,2,75.9,0.0,55.2,125.7,48.5,75.9
2026-09-19 17:48:15,mfsweep_shard0,SPT_SMPT,44,6704.48,6,0,1,157.7,1322.3,1164.6,2,2,83.0,0.1,116.6,176.7,788.3,83.0
2026-09-19 17:48:15,mfsweep_shard0,SPT_SMPT,44,6704.48,7,0,1,183.9,452.9,269.0,2,2,56.4,0.0,57.4,102.7,52.4,56.4
2026-09-19 17:48:15,mfsweep_shard0,SPT_SMPT,44,6704.48,8,0,1,210.2,599.7,389.5,2,2,67.5,0.0,55.6,81.7,184.8,67.5
2026-09-19 17:48:15,mfsweep_shard0,SPT_SMPT,44,6704.48,9,0,1,236.5,558.0,321.5,2,2,54.5,0.0,135.5,117.3,14.1,54.5
2026-09-19 17:48:15,mfsweep_shard0,SPT_SMPT,44,6704.48,10,0,1,262.8,577.4,314.6,2,2,60.8,0.0,63.8,113.4,76.7,60.8
2026-09-19 17:48:15,mfsweep_shard0,SPT_SMPT,44,6704.48,11,0,1,289.1,949.7,660.6,2,2,70.2,0.1,99.7,170.6,320.1,70.2
2026-09-19 17:48:15,mfsweep_shard0,SPT_SMPT,44,6704.48,12,0,1,315.3,720.2,404.9,2,2,54.4,0.1,79.8,177.9,64.5,82.6
2026-09-19 17:48:15,mfsweep_shard0,SPT_SMPT,44,6704.48,13,0,1,341.6,838.7,497.1,2,2,60.1,0.1,159.7,166.7,110.6,60.1
2026-09-19 17:48:15,mfsweep_shard0,SPT_SMPT,44,6704.48,14,0,1,367.9,1059.9,692.0,2,2,75.0,0.1,121.9,146.5,348.5,75.0
2026-09-19 17:48:15,mfsweep_shard0,SPT_SMPT,44,6704.48,15,0,1,394.2,990.9,596.8,2,2,71.5,0.2,157.2,178.7,189.2,71.5
2026-09-19 17:48:15,mfsweep_shard0,SPT_SMPT,44,6704.48,16,0,1,420.4,820.0,399.6,2,2,60.8,0.2,134.5,169.8,34.3,60.8
2026-09-19 17:48:15,mfsweep_shard0,SPT_SMPT,44,6704.48,17,0,1,446.7,684.2,237.5,2,2,73.0,0.0,34.8,129.7,0.0,73.0
2026-09-19 17:48:15,mfsweep_shard0,SPT_SMPT,44,6704.48,18,0,1,473.0,1233.6,760.6,2,2,80.3,0.0,138.4,136.7,405.2,80.3
2026-09-19 17:48:15,mfsweep_shard0,SPT_SMPT,44,6704.48,19,0,1,499.3,874.3,375.0,2,2,53.8,0.0,126.8,150.8,43.6,53.8
2026-09-19 17:48:15,mfsweep_shard0,SPT_SMPT,44,6704.48,20,0,1,525.6,1176.9,651.3,2,2,80.1,0.0,134.2,142.4,294.5,80.1
2026-09-19 17:48:15,mfsweep_shard0,SPT_SMPT,44,6704.48,21,0,1,551.8,928.2,376.3,2,2,76.6,0.1,178.2,121.4,0.0,76.6
2026-09-19 17:48:15,mfsweep_shard0,SPT_SMPT,44,6704.48,22,0,1,578.1,974.6,396.5,2,2,64.8,0.0,136.2,108.5,87.0,64.8
2026-09-19 17:48:15,mfsweep_shard0,SPT_SMPT,44,6704.48,23,0,1,604.4,935.2,330.9,2,2,58.7,0.0,104.3,118.6,49.3,58.7
2026-09-19 17:48:15,mfsweep_shard0,SPT_SMPT,44,6704.48,24,0,1,630.7,4307.8,3677.2,2,2,85.1,0.0,429.7,333.2,2814.4,99.7
2026-09-19 17:48:15,mfsweep_shard0,SPT_SMPT,44,6704.48,25,0,1,656.9,1206.5,549.5,2,2,64.7,0.0,203.9,149.1,131.8,64.7
2026-09-19 17:48:15,mfsweep_shard0,SPT_SMPT,44,6704.48,26,0,1,683.2,1130.2,446.9,2,2,56.6,0.1,155.2,146.3,88.8,56.6
2026-09-19 17:48:15,mfsweep_shard0,SPT_SMPT,44,6704.48,27,0,1,709.5,1165.1,455.6,2,2,56.7,0.0,172.8,172.8,53.2,56.7
2026-09-19 17:48:15,mfsweep_shard0,SPT_SMPT,44,6704.48,28,0,1,735.8,5419.4,4683.7,2,2,81.5,0.2,509.2,378.7,3714.0,81.5
2026-09-19 17:48:15,mfsweep_shard0,SPT_SMPT,44,6704.48,29,0,1,762.0,1086.2,324.1,2,2,73.5,0.0,63.7,110.2,76.7,73.5
2026-09-19 17:48:15,mfsweep_shard0,SPT_SMPT,44,6704.48,30,0,1,788.3,2374.5,1586.2,2,2,80.2,0.2,278.6,202.7,1024.5,80.2
2026-09-19 17:48:15,mfsweep_shard0,SPT_SMPT,44,6704.48,31,0,1,814.6,4824.9,4010.3,2,2,77.6,0.4,696.4,366.3,2869.6,77.6
2026-09-19 17:48:15,mfsweep_shard0,SPT_SMPT,44,6704.48,32,0,1,840.9,1268.4,427.5,2,2,71.2,0.0,184.3,107.9,64.0,71.2
2026-09-19 17:48:15,mfsweep_shard0,SPT_SMPT,44,6704.48,33,0,1,867.2,1597.9,730.8,2,2,85.7,0.1,294.2,157.1,193.7,85.7
2026-09-19 17:48:15,mfsweep_shard0,SPT_SMPT,44,6704.48,34,0,1,893.4,1586.2,692.7,2,2,66.0,0.1,241.8,275.9,68.1,106.8
2026-09-19 17:48:15,mfsweep_shard0,SPT_SMPT,44,6704.48,35,0,1,919.7,1288.0,368.3,2,2,71.8,0.0,107.8,100.4,88.3,71.8
2026-09-19 17:48:15,mfsweep_shard0,SPT_SMPT,44,6704.48,36,0,1,946.0,5313.6,4367.6,2,2,80.9,0.6,810.0,382.4,3093.6,80.9
2026-09-19 17:48:15,mfsweep_shard0,SPT_SMPT,44,6704.48,37,0,1,972.3,1344.5,372.3,2,2,74.0,0.0,135.3,137.5,25.4,74.0
2026-09-19 17:48:15,mfsweep_shard0,SPT_SMPT,44,6704.48,38,0,1,998.5,3524.8,2526.2,2,2,82.0,0.6,524.0,254.6,1665.1,82.0
2026-09-19 17:48:15,mfsweep_shard0,SPT_SMPT,44,6704.48,39,0,1,1024.8,2477.5,1452.7,2,2,72.6,0.5,466.9,205.3,707.4,72.6
2026-09-19 17:48:15,mfsweep_shard0,SPT_SMPT,44,6704.48,40,0,1,1051.1,3641.5,2590.4,2,2,76.8,0.8,695.5,281.0,1522.4,90.7
2026-09-19 17:48:15,mfsweep_shard0,SPT_SMPT,44,6704.48,41,0,1,1077.4,1499.9,422.5,2,2,55.1,0.2,241.3,126.0,0.0,55.1
2026-09-19 17:48:15,mfsweep_shard0,SPT_SMPT,44,6704.48,42,0,1,1103.7,1721.5,617.9,2,2,61.1,0.2,244.1,154.5,158.0,61.1
2026-09-19 17:48:15,mfsweep_shard0,SPT_SMPT,44,6704.48,43,0,1,1129.9,1901.0,771.0,2,2,63.1,0.2,281.8,152.9,272.9,63.1
2026-09-19 17:48:15,mfsweep_shard0,SPT_SMPT,44,6704.48,44,0,1,1156.2,1661.5,505.3,2,2,56.2,0.3,302.1,123.9,22.8,56.2
2026-09-19 17:48:15,mfsweep_shard0,SPT_SMPT,44,6704.48,45,0,1,1182.5,1816.4,634.0,2,2,61.2,0.3,298.4,131.2,142.9,61.2
2026-09-19 17:48:15,mfsweep_shard0,SPT_SMPT,44,6704.48,46,0,1,1208.8,1709.9,501.1,2,2,56.9,0.0,261.6,126.0,56.5,56.9
2026-09-19 17:48:15,mfsweep_shard0,SPT_SMPT,44,6704.48,47,0,1,1235.0,1846.7,611.7,2,2,62.7,0.0,239.0,134.6,175.3,62.7
2026-09-19 17:48:15,mfsweep_shard0,SPT_SMPT,44,6704.48,48,0,1,1261.3,2808.4,1547.1,2,2,74.5,0.3,476.3,196.4,799.3,74.7
2026-09-19 17:48:15,mfsweep_shard0,SPT_SMPT,44,6704.48,49,0,1,1287.6,2129.4,841.8,2,2,65.6,0.2,391.5,158.7,167.1,124.3
2026-09-19 17:48:15,mfsweep_shard0,SPT_SMPT,44,6704.48,50,0,1,1313.9,2228.8,915.0,2,2,65.8,0.2,363.6,168.1,317.3,65.8
2026-09-19 17:48:15,mfsweep_shard0,SPT_SMPT,44,6704.48,51,0,1,1340.2,1998.5,658.4,2,2,60.5,0.1,285.8,180.3,131.7,60.5
2026-09-19 17:48:15,mfsweep_shard0,SPT_SMPT,44,6704.48,52,0,1,1366.4,1738.8,372.4,2,2,62.4,0.0,194.2,115.7,0.0,62.4
2026-09-19 17:48:15,mfsweep_shard0,SPT_SMPT,44,6704.48,53,0,1,1392.7,1853.8,461.1,2,2,84.5,0.0,228.4,117.0,31.2,84.5
2026-09-19 17:48:15,mfsweep_shard0,SPT_SMPT,44,6704.48,54,0,1,1419.0,2917.9,1498.9,2,2,74.9,0.2,309.8,157.9,956.1,74.9
2026-09-19 17:48:15,mfsweep_shard0,SPT_SMPT,44,6704.48,55,0,1,1445.3,2519.8,1074.6,2,2,73.6,0.2,379.8,153.7,467.2,73.6
2026-09-19 17:48:15,mfsweep_shard0,SPT_SMPT,44,6704.48,56,0,1,1471.5,1861.0,389.5,2,2,59.2,0.0,178.9,109.0,42.4,59.2
2026-09-19 17:48:15,mfsweep_shard0,SPT_SMPT,44,6704.48,57,0,1,1497.8,4729.6,3231.8,2,2,77.6,0.8,696.3,368.5,2043.8,122.4
2026-09-19 17:48:15,mfsweep_shard0,SPT_SMPT,44,6704.48,58,0,1,1524.1,2005.7,481.6,2,2,58.9,0.0,269.1,122.8,30.8,58.9
2026-09-19 17:48:15,mfsweep_shard0,SPT_SMPT,44,6704.48,59,0,1,1550.4,2012.8,462.5,2,2,66.1,0.0,209.3,120.2,66.9,66.1
2026-09-19 17:48:15,mfsweep_shard0,SPT_SMPT,44,6704.48,60,0,1,1576.6,6421.1,4844.4,2,2,86.2,0.9,909.9,376.5,3464.6,92.5
2026-09-19 17:48:15,mfsweep_shard0,SPT_SMPT,44,6704.48,61,0,1,1602.9,2865.4,1262.5,2,2,74.7,0.3,342.5,167.5,677.5,74.7
2026-09-19 17:48:15,mfsweep_shard0,SPT_SMPT,44,6704.48,62,0,1,1629.2,2094.3,465.1,2,2,71.9,0.0,184.1,126.1,82.9,71.9
2026-09-19 17:48:15,mfsweep_shard0,SPT_SMPT,44,6704.48,63,0,1,1655.5,3070.0,1414.5,2,2,76.1,0.3,346.7,184.4,807.0,76.1
2026-09-19 17:48:15,mfsweep_shard0,SPT_SMPT,44,6704.48,64,0,1,1681.8,5488.6,3806.8,2,2,81.4,1.1,883.1,284.4,2556.8,81.4
2026-09-19 17:48:15,mfsweep_shard0,SPT_SMPT,44,6704.48,65,0,1,1708.0,4867.9,3159.9,2,2,79.2,1.2,921.2,276.8,1881.4,79.2
2026-09-19 17:48:15,mfsweep_shard0,SPT_SMPT,44,6704.48,66,0,1,1734.3,2169.1,434.8,2,2,61.1,0.0,236.9,107.4,29.4,61.1
2026-09-19 17:48:15,mfsweep_shard0,SPT_SMPT,44,6704.48,67,0,1,1760.6,2589.0,828.4,2,2,54.6,0.4,567.2,188.4,17.9,54.6
2026-09-19 17:48:15,mfsweep_shard0,SPT_SMPT,44,6704.48,68,0,1,1786.9,2702.4,915.6,2,2,64.0,0.4,470.5,159.9,214.1,70.7
2026-09-19 17:48:15,mfsweep_shard0,SPT_SMPT,44,6704.48,69,0,1,1813.1,2429.1,615.9,2,2,62.4,0.0,390.5,163.0,0.0,62.4
2026-09-19 17:48:15,mfsweep_shard0,SPT_SMPT,44,6704.48,70,0,1,1839.4,2561.0,721.5,2,2,60.5,0.4,485.4,144.4,30.8,60.5
2026-09-19 17:48:15,mfsweep_shard0,SPT_SMPT,44,6704.48,71,0,1,1865.7,2421.9,556.2,2,2,84.7,0.0,338.5,123.7,9.4,84.7
2026-09-19 17:48:15,mfsweep_shard0,SPT_SMPT,44,6704.48,72,0,1,1892.0,5912.1,4020.1,2,2,82.5,1.5,1059.7,270.6,2560.5,127.9
2026-09-19 17:48:15,mfsweep_shard0,SPT_SMPT,44,6704.48,73,0,1,1918.3,2630.5,712.2,2,2,63.9,0.5,441.0,111.2,95.7,63.9
2026-09-19 17:48:15,mfsweep_shard0,SPT_SMPT,44,6704.48,74,0,1,1944.5,2979.6,1035.1,2,2,75.2,0.1,421.7,124.8,409.1,79.4
2026-09-19 17:48:15,mfsweep_shard0,SPT_SMPT,44,6704.48,75,0,1,1970.8,2744.4,773.6,2,2,66.6,0.1,489.2,105.5,112.2,66.6
2026-09-19 17:48:15,mfsweep_shard0,SPT_SMPT,44,6704.48,76,0,1,1997.1,2613.7,616.7,2,2,83.7,0.1,427.2,105.6,0.0,83.7
2026-09-19 17:48:15,mfsweep_shard0,SPT_SMPT,44,6704.48,77,0,1,2023.4,2673.1,649.8,2,2,68.7,0.2,425.8,111.5,43.6,68.7
2026-09-19 17:48:15,mfsweep_shard0,SPT_SMPT,44,6704.48,78,0,1,2049.6,2756.0,706.4,2,2,62.3,0.1,500.1,111.3,32.7,62.3
2026-09-19 17:48:15,mfsweep_shard0,SPT_SMPT,44,6704.48,79,0,1,2075.9,2684.9,609.0,2,2,61.7,0.1,414.4,113.9,18.9,61.7
2026-09-19 17:48:15,mfsweep_shard0,SPT_SMPT,44,6704.48,80,0,1,2102.2,3648.7,1546.5,2,2,72.1,0.2,502.1,179.0,793.1,72.1
2026-09-19 17:48:15,mfsweep_shard0,SPT_SMPT,44,6704.48,81,0,1,2128.5,2815.6,687.1,2,2,62.2,0.0,468.7,112.3,43.9,62.2
2026-09-19 17:48:15,mfsweep_shard0,SPT_SMPT,44,6704.48,82,0,1,2154.7,3967.9,1813.2,2,2,72.8,0.3,523.9,163.8,1052.3,72.8
2026-09-19 17:48:15,mfsweep_shard0,SPT_SMPT,44,6704.48,83,0,1,2181.0,6165.5,3984.5,2,2,83.2,1.1,1027.6,285.7,2568.9,101.2
2026-09-19 17:48:15,mfsweep_shard0,SPT_SMPT,44,6704.48,84,0,1,2207.3,2877.3,670.0,2,2,66.7,0.0,333.2,110.5,159.5,66.7
2026-09-19 17:48:15,mfsweep_shard0,SPT_SMPT,44,6704.48,85,0,1,2233.6,2822.8,589.2,2,2,60.8,0.0,381.2,108.4,38.7,60.8
2026-09-19 17:48:15,mfsweep_shard0,SPT_SMPT,44,6704.48,86,0,1,2259.9,6704.5,4444.6,2,2,86.5,1.3,1164.5,306.5,2885.8,86.5
2026-09-19 17:48:15,mfsweep_shard0,SPT_SMPT,44,6704.48,87,0,1,2286.1,3246.0,959.9,2,2,70.4,0.0,438.2,111.6,339.7,70.4
2026-09-19 17:48:15,mfsweep_shard0,SPT_SMPT,44,6704.48,88,0,1,2312.4,3047.7,735.2,2,2,56.5,0.0,483.1,123.8,71.9,56.5
2026-09-19 17:48:15,mfsweep_shard0,SPT_SMPT,44,6704.48,89,0,1,2338.7,2952.6,613.9,2,2,55.1,0.0,403.6,108.2,47.0,55.1
2026-09-19 17:48:15,mfsweep_shard0,SPT_SMPT,44,6704.48,90,0,1,2365.0,3115.4,750.5,2,2,57.2,0.0,423.3,115.5,154.6,57.2
2026-09-19 17:48:15,mfsweep_shard0,SPT_SMPT,44,6704.48,91,0,1,2391.2,4020.0,1628.8,2,2,74.3,0.3,535.2,166.4,852.6,74.3
2026-09-19 17:48:15,mfsweep_shard0,SPT_SMPT,44,6704.48,92,0,1,2417.5,5247.4,2829.9,2,2,79.7,1.2,911.5,189.1,1648.5,79.7
2026-09-19 17:48:15,mfsweep_shard0,SPT_SMPT,44,6704.48,93,0,1,2443.8,3144.3,700.5,2,2,67.5,0.0,366.6,114.9,151.5,67.5
2026-09-19 17:48:15,mfsweep_shard0,SPT_SMPT,44,6704.48,94,0,1,2470.1,2986.9,516.8,2,2,55.6,0.0,338.2,104.8,18.1,55.6
2026-09-19 17:48:15,mfsweep_shard0,SPT_SMPT,44,6704.48,95,0,1,2496.4,3158.0,661.7,2,2,66.1,0.0,427.7,105.0,62.7,66.1
2026-09-19 17:48:15,mfsweep_shard0,SPT_SMPT,44,6704.48,96,0,1,2522.6,6633.0,4110.4,2,2,86.4,1.6,1183.9,302.6,2535.8,86.4
2026-09-19 17:48:15,mfsweep_shard0,SPT_SMPT,44,6704.48,97,0,1,2548.9,3334.8,785.9,2,2,71.0,0.0,376.0,108.2,230.7,71.0
2026-09-19 17:48:15,mfsweep_shard0,SPT_SMPT,44,6704.48,98,0,1,2575.2,6561.6,3986.5,2,2,85.6,1.8,1172.3,301.1,2425.6,85.6
2026-09-19 17:48:15,mfsweep_shard0,SPT_SMPT,44,6704.48,99,0,1,2601.5,5614.9,3013.4,2,2,82.0,1.7,1020.6,186.3,1722.9,82.0
2026-09-19 17:48:15,mfsweep_shard0,SPT_SMPT,44,6704.48,100,0,1,2627.7,3267.3,639.5,2,2,53.9,0.0,433.0,119.6,33.0,53.9
2026-09-19 17:48:15,mfsweep_shard0,SPT_SMPT,44,6704.48,101,0,1,2654.0,5118.5,2464.5,2,2,77.3,1.6,1052.3,206.5,1126.8,77.3
2026-09-19 17:48:15,mfsweep_shard0,SPT_SMPT,44,6704.48,102,0,1,2680.3,5055.7,2375.4,2,2,76.0,1.7,1123.2,197.0,977.5,76.0
2026-09-19 17:48:15,mfsweep_shard0,SPT_SMPT,44,6704.48,103,0,1,2706.6,3727.3,1020.8,2,2,71.3,0.5,742.6,185.2,21.2,71.3
2026-09-19 17:48:15,mfsweep_shard0,SPT_SMPT,44,6704.48,104,0,1,2732.9,3341.9,609.1,2,2,62.4,0.0,413.6,105.1,28.0,62.4
2026-09-19 17:48:15,mfsweep_shard0,SPT_SMPT,44,6704.48,105,0,1,2759.1,4314.9,1555.8,2,2,74.7,1.2,791.3,180.2,459.7,123.4
2026-09-19 17:48:15,mfsweep_shard0,SPT_SMPT,44,6704.48,106,0,1,2785.4,3720.3,934.9,2,2,57.2,0.6,601.0,158.1,87.9,87.3
2026-09-19 17:48:15,mfsweep_shard0,SPT_SMPT,44,6704.48,107,0,1,2811.7,3845.5,1033.8,2,2,67.9,0.6,607.0,169.8,188.5,67.9
2026-09-19 17:48:15,mfsweep_shard0,SPT_SMPT,44,6704.48,108,0,1,2838.0,3911.3,1073.3,2,2,68.5,0.6,624.0,150.1,230.1,68.5
2026-09-19 17:48:15,mfsweep_shard0,SPT_SMPT,44,6704.48,109,0,1,2864.2,6491.1,3626.8,2,2,85.0,2.6,1445.4,347.6,1676.3,154.8
2026-09-19 17:48:15,mfsweep_shard0,SPT_SMPT,44,6704.48,110,0,1,2890.5,5749.6,2859.1,2,2,82.4,2.3,1197.1,228.4,1348.7,82.4
2026-09-19 17:48:15,mfsweep_shard0,SPT_SMPT,44,6704.48,111,0,1,2916.8,3656.0,739.2,2,2,62.2,0.2,501.1,132.9,42.8,62.2
2026-09-19 17:48:15,mfsweep_shard0,SPT_SMPT,44,6704.48,112,0,1,2943.1,3688.8,745.7,2,2,70.1,0.2,579.3,93.7,2.5,70.1
2026-09-19 17:48:15,mfsweep_shard0,SPT_SMPT,44,6704.48,113,0,1,2969.3,3803.5,834.2,2,2,59.4,0.2,639.2,124.4,10.9,59.4
2026-09-19 17:48:15,mfsweep_shard0,SPT_SMPT,44,6704.48,114,0,1,2995.6,6233.7,3238.1,2,2,83.7,2.2,1372.9,272.1,1507.2,83.7
2026-09-19 17:48:15,mfsweep_shard0,SPT_SMPT,44,6704.48,115,0,1,3021.9,5682.2,2660.3,2,2,82.3,2.1,1329.5,152.4,1094.0,82.3
2026-09-19 17:48:15,mfsweep_shard0,SPT_SMPT,44,6704.48,116,0,1,3048.2,3867.7,819.6,2,2,63.4,0.3,640.6,111.5,3.7,63.4
2026-09-19 17:48:15,mfsweep_shard0,SPT_SMPT,44,6704.48,117,0,1,3074.5,4418.2,1343.7,2,2,74.6,0.7,813.5,168.2,286.6,74.6
2026-09-19 17:48:15,mfsweep_shard0,SPT_SMPT,44,6704.48,118,0,1,3100.7,3935.1,834.4,2,2,73.6,0.3,630.7,117.0,12.7,73.6
2026-09-19 17:48:15,mfsweep_shard0,SPT_SMPT,44,6704.48,119,0,1,3127.0,3942.2,815.2,2,2,58.6,0.0,612.1,118.1,26.5,58.6
2026-09-19 17:48:15,mfsweep_shard0,SPT_SMPT,44,6704.48,120,0,1,3153.3,4813.1,1659.8,2,2,78.7,0.9,1041.2,195.7,343.3,78.7
2026-09-19 17:48:15,mfsweep_shard0,SPT_SMPT,44,6704.48,121,0,1,3179.6,4995.2,1815.6,2,2,71.3,1.3,1164.1,141.4,391.6,117.2
2026-09-19 17:48:15,mfsweep_shard0,SPT_SMPT,44,6704.48,122,0,1,3205.8,5182.2,1976.4,2,2,79.2,1.4,1117.9,143.5,634.4,79.2
2026-09-19 17:48:15,mfsweep_shard0,SPT_SMPT,44,6704.48,123,0,1,3232.1,4190.6,958.5,2,2,71.0,0.0,558.6,161.5,167.3,71.0
2026-09-19 17:48:15,mfsweep_shard0,SPT_SMPT,44,6704.48,124,0,1,3258.4,4002.7,744.3,2,2,53.6,0.0,545.5,107.9,37.3,53.6
2026-09-19 17:48:15,mfsweep_shard0,SPT_SMPT,44,6704.48,125,0,1,3284.7,4197.8,913.1,2,2,64.2,0.0,587.6,167.7,93.5,64.2
2026-09-19 17:48:15,mfsweep_shard0,SPT_SMPT,44,6704.48,126,0,1,3311.0,4037.4,726.4,2,2,54.2,0.0,519.6,111.5,41.1,54.2
2026-09-19 17:48:15,mfsweep_shard0,SPT_SMPT,44,6704.48,127,0,1,3337.2,6109.4,2772.2,2,2,84.2,2.0,1422.9,227.8,1035.3,84.2
2026-09-19 17:48:15,mfsweep_shard0,SPT_SMPT,44,6704.48,128,0,1,3363.5,6021.5,2658.0,2,2,82.5,2.1,1425.4,190.1,957.9,82.5
2026-09-19 17:48:15,mfsweep_shard0,SPT_SMPT,44,6704.48,129,0,1,3389.8,5548.0,2158.2,2,2,81.0,1.9,1283.6,143.1,641.6,88.1
2026-09-19 17:48:15,mfsweep_shard0,SPT_SMPT,44,6704.48,130,0,1,3416.1,4938.4,1522.3,2,2,63.7,1.6,1163.6,139.1,146.8,71.1
2026-09-19 17:48:15,mfsweep_shard0,SPT_SMPT,44,6704.48,131,0,1,3442.3,4897.2,1454.8,2,2,55.5,1.7,1233.9,110.3,53.4,55.5
2026-09-19 17:48:15,mfsweep_shard0,SPT_SMPT,44,6704.48,132,0,1,3468.6,6097.4,2628.8,2,2,82.5,2.4,1496.6,138.7,908.6,82.5
2026-09-19 17:48:15,mfsweep_shard0,SPT_SMPT,44,6704.48,133,0,1,3494.9,6042.3,2547.4,2,2,84.8,2.5,1513.3,143.7,803.1,84.8
2026-09-19 17:48:15,mfsweep_shard0,SPT_SMPT,44,6704.48,134,0,1,3521.2,4614.5,1093.3,2,2,56.4,0.0,859.2,123.5,54.2,56.4
2026-09-19 17:48:15,mfsweep_shard0,SPT_SMPT,44,6704.48,135,0,1,3547.5,4621.7,1074.2,2,2,69.6,0.0,873.8,123.0,7.8,69.6
2026-09-19 17:48:15,mfsweep_shard0,SPT_SMPT,44,6704.48,136,0,1,3573.7,4628.8,1055.1,2,2,55.8,0.0,811.1,130.3,57.9,55.8
2026-09-19 17:53:26,mfsweep_shard0,SPT_SMPT,45,6930.44,0,0,1,0.0,248.0,248.0,2,2,74.6,0.0,67.5,105.8,0.0,74.6
2026-09-19 17:53:26,mfsweep_shard0,SPT_SMPT,45,6930.44,1,0,1,26.3,259.8,233.5,2,2,54.4,0.0,47.4,110.3,21.4,54.4
2026-09-19 17:53:26,mfsweep_shard0,SPT_SMPT,45,6930.44,2,0,1,52.6,348.5,296.0,2,2,62.6,0.0,58.7,89.4,85.2,62.6
2026-09-19 17:53:26,mfsweep_shard0,SPT_SMPT,45,6930.44,3,0,1,78.8,327.0,248.2,2,2,60.9,0.0,88.5,87.4,11.3,60.9
2026-09-19 17:53:26,mfsweep_shard0,SPT_SMPT,45,6930.44,4,0,1,105.1,521.3,416.1,2,2,77.8,0.0,123.8,125.9,88.6,77.8
2026-09-19 17:53:26,mfsweep_shard0,SPT_SMPT,45,6930.44,5,0,1,131.4,659.5,528.1,2,2,75.9,0.0,149.9,139.1,152.3,86.7
2026-09-19 17:53:26,mfsweep_shard0,SPT_SMPT,45,6930.44,6,0,1,157.7,724.7,567.1,2,2,83.0,0.1,133.1,140.2,210.7,83.0
2026-09-19 17:53:26,mfsweep_shard0,SPT_SMPT,45,6930.44,7,0,1,183.9,550.7,366.8,2,2,56.4,0.1,181.6,126.5,2.1,56.4
2026-09-19 17:53:26,mfsweep_shard0,SPT_SMPT,45,6930.44,8,0,1,210.2,736.6,526.3,2,2,67.5,0.0,82.9,153.0,214.7,75.6
2026-09-19 17:53:26,mfsweep_shard0,SPT_SMPT,45,6930.44,9,0,1,236.5,590.8,354.3,2,2,54.5,0.0,80.6,169.6,49.5,54.5
2026-09-19 17:53:26,mfsweep_shard0,SPT_SMPT,45,6930.44,10,0,1,262.8,607.3,344.6,2,2,60.8,0.0,105.8,98.7,79.3,60.8
2026-09-19 17:53:26,mfsweep_shard0,SPT_SMPT,45,6930.44,11,0,1,289.1,543.5,254.4,2,2,70.2,0.0,71.6,112.6,0.0,70.2
2026-09-19 17:53:26,mfsweep_shard0,SPT_SMPT,45,6930.44,12,0,1,315.3,626.8,311.5,2,2,54.4,0.0,126.3,110.0,20.8,54.4
2026-09-19 17:53:26,mfsweep_shard0,SPT_SMPT,45,6930.44,13,0,1,341.6,680.8,339.2,2,2,60.1,0.0,79.4,120.1,79.6,60.1
2026-09-19 17:53:26,mfsweep_shard0,SPT_SMPT,45,6930.44,14,0,1,367.9,2602.8,2234.9,2,2,75.0,0.0,188.2,248.0,1702.7,96.0
2026-09-19 17:53:26,mfsweep_shard0,SPT_SMPT,45,6930.44,15,0,1,394.2,1450.0,1055.8,2,2,71.5,0.1,183.7,213.8,586.7,71.5
2026-09-19 17:53:26,mfsweep_shard0,SPT_SMPT,45,6930.44,16,0,1,420.4,748.3,327.8,2,2,60.8,0.0,81.3,126.4,59.3,60.8
2026-09-19 17:53:26,mfsweep_shard0,SPT_SMPT,45,6930.44,17,0,1,446.7,2487.6,2040.9,2,2,73.0,0.2,308.1,261.4,1398.2,73.0
2026-09-19 17:53:26,mfsweep_shard0,SPT_SMPT,45,6930.44,18,0,1,473.0,4679.6,4206.6,2,2,80.3,0.2,222.5,303.6,3600.1,80.3
2026-09-19 17:53:26,mfsweep_shard0,SPT_SMPT,45,6930.44,19,0,1,499.3,831.2,331.9,2,2,53.8,0.0,133.9,127.7,16.6,53.8
2026-09-19 17:53:26,mfsweep_shard0,SPT_SMPT,45,6930.44,20,0,1,525.6,1184.1,658.6,2,2,80.1,0.2,181.4,154.9,242.0,80.1
2026-09-19 17:53:26,mfsweep_shard0,SPT_SMPT,45,6930.44,21,0,1,551.8,3703.9,3152.1,2,2,76.6,0.3,294.1,209.7,2545.7,102.4
2026-09-19 17:53:26,mfsweep_shard0,SPT_SMPT,45,6930.44,22,0,1,578.1,949.6,371.5,2,2,64.8,0.0,91.7,137.0,78.0,64.8
2026-09-19 17:53:26,mfsweep_shard0,SPT_SMPT,45,6930.44,23,0,1,604.4,856.8,252.4,2,2,58.7,0.0,64.2,118.0,11.5,58.7
2026-09-19 17:53:26,mfsweep_shard0,SPT_SMPT,45,6930.44,24,0,1,630.7,6322.6,5691.9,2,2,85.1,0.4,335.0,262.9,5008.5,85.1
2026-09-19 17:53:26,mfsweep_shard0,SPT_SMPT,45,6930.44,25,0,1,656.9,1331.1,674.2,2,2,64.7,0.3,271.8,169.9,139.5,92.8
2026-09-19 17:53:26,mfsweep_shard0,SPT_SMPT,45,6930.44,26,0,1,683.2,977.3,294.0,2,2,56.6,0.0,101.2,132.1,4.2,56.6
2026-09-19 17:53:26,mfsweep_shard0,SPT_SMPT,45,6930.44,27,0,1,709.5,995.8,286.3,2,2,56.7,0.0,73.4,142.5,13.7,56.7
2026-09-19 17:53:26,mfsweep_shard0,SPT_SMPT,45,6930.44,28,0,1,735.8,5415.9,4680.1,2,2,81.5,0.6,358.3,214.1,4025.6,81.5
2026-09-19 17:53:26,mfsweep_shard0,SPT_SMPT,45,6930.44,29,0,1,762.0,1238.1,476.1,2,2,73.5,0.5,189.5,107.6,105.0,73.5
2026-09-19 17:53:26,mfsweep_shard0,SPT_SMPT,45,6930.44,30,0,1,788.3,1113.0,324.7,2,2,80.2,0.0,126.1,118.4,0.0,80.2
2026-09-19 17:53:26,mfsweep_shard0,SPT_SMPT,45,6930.44,31,0,1,814.6,4138.4,3323.8,2,2,77.6,0.5,329.9,181.8,2715.7,95.9
2026-09-19 17:53:26,mfsweep_shard0,SPT_SMPT,45,6930.44,32,0,1,840.9,1427.0,586.1,2,2,71.2,0.4,286.3,122.2,106.0,71.2
2026-09-19 17:53:26,mfsweep_shard0,SPT_SMPT,45,6930.44,33,0,1,867.2,6787.6,5920.4,2,2,85.7,0.7,542.8,245.4,5045.9,85.7
2026-09-19 17:53:26,mfsweep_shard0,SPT_SMPT,45,6930.44,34,0,1,893.4,1363.2,469.7,2,2,66.0,0.2,263.3,107.6,32.5,66.0
2026-09-19 17:53:26,mfsweep_shard0,SPT_SMPT,45,6930.44,35,0,1,919.7,2707.9,1788.2,2,2,71.8,0.4,353.2,172.4,1190.4,71.8
2026-09-19 17:53:26,mfsweep_shard0,SPT_SMPT,45,6930.44,36,0,1,946.0,5283.4,4337.4,2,2,80.9,0.4,391.9,182.6,3681.5,80.9
2026-09-19 17:53:26,mfsweep_shard0,SPT_SMPT,45,6930.44,37,0,1,972.3,3373.9,2401.6,2,2,74.0,0.2,418.3,176.6,1732.6,74.0
2026-09-19 17:53:26,mfsweep_shard0,SPT_SMPT,45,6930.44,38,0,1,998.5,5549.8,4551.2,2,2,82.0,0.5,504.0,195.4,3769.4,82.0
2026-09-19 17:53:26,mfsweep_shard0,SPT_SMPT,45,6930.44,39,0,1,1024.8,3200.8,2176.0,2,2,72.6,0.3,325.9,159.9,1617.3,72.6
2026-09-19 17:53:26,mfsweep_shard0,SPT_SMPT,45,6930.44,40,0,1,1051.1,4199.0,3147.9,2,2,76.8,0.4,380.0,169.9,2520.7,76.8
2026-09-19 17:53:26,mfsweep_shard0,SPT_SMPT,45,6930.44,41,0,1,1077.4,1518.9,441.5,2,2,55.1,0.0,190.1,146.3,42.0,63.1
2026-09-19 17:53:26,mfsweep_shard0,SPT_SMPT,45,6930.44,42,0,1,1103.7,1571.0,467.4,2,2,61.1,0.0,181.2,147.1,78.0,61.1
2026-09-19 17:53:26,mfsweep_shard0,SPT_SMPT,45,6930.44,43,0,1,1129.9,2055.4,925.5,2,2,63.1,0.1,174.0,150.7,537.6,63.1
2026-09-19 17:53:26,mfsweep_shard0,SPT_SMPT,45,6930.44,44,0,1,1156.2,1578.2,422.0,2,2,56.2,0.1,139.2,149.2,77.3,56.2
2026-09-19 17:53:26,mfsweep_shard0,SPT_SMPT,45,6930.44,45,0,1,1182.5,1636.4,453.9,2,2,61.2,0.0,135.4,125.4,131.8,61.2
2026-09-19 17:53:26,mfsweep_shard0,SPT_SMPT,45,6930.44,46,0,1,1208.8,1663.4,454.7,2,2,56.9,0.1,184.5,149.4,63.8,56.9
2026-09-19 17:53:26,mfsweep_shard0,SPT_SMPT,45,6930.44,47,0,1,1235.0,1922.2,687.2,2,2,62.7,0.0,94.8,158.6,371.0,62.7
2026-09-19 17:53:26,mfsweep_shard0,SPT_SMPT,45,6930.44,48,0,1,1261.3,3437.9,2176.6,2,2,74.5,0.3,303.4,153.9,1644.4,74.5
2026-09-19 17:53:26,mfsweep_shard0,SPT_SMPT,45,6930.44,49,0,1,1287.6,2291.0,1003.4,2,2,65.6,0.0,109.9,88.1,739.8,65.6
2026-09-19 17:53:26,mfsweep_shard0,SPT_SMPT,45,6930.44,50,0,1,1313.9,2595.7,1281.8,2,2,65.8,0.3,245.2,182.0,788.5,65.8
2026-09-19 17:53:26,mfsweep_shard0,SPT_SMPT,45,6930.44,51,0,1,1340.2,1753.8,413.6,2,2,60.5,0.0,164.9,108.7,79.5,60.5
2026-09-19 17:53:26,mfsweep_shard0,SPT_SMPT,45,6930.44,52,0,1,1366.4,1898.3,531.9,2,2,62.4,0.0,145.6,115.7,208.2,62.4
2026-09-19 17:53:26,mfsweep_shard0,SPT_SMPT,45,6930.44,53,0,1,1392.7,6437.0,5044.3,2,2,84.5,0.7,623.8,249.8,4085.5,84.5
2026-09-19 17:53:26,mfsweep_shard0,SPT_SMPT,45,6930.44,54,0,1,1419.0,3554.5,2135.5,2,2,74.9,0.4,250.1,158.4,1651.7,74.9
2026-09-19 17:53:26,mfsweep_shard0,SPT_SMPT,45,6930.44,55,0,1,1445.3,3316.7,1871.5,2,2,73.6,0.4,260.6,167.2,1369.6,73.6
2026-09-19 17:53:26,mfsweep_shard0,SPT_SMPT,45,6930.44,56,0,1,1471.5,1800.9,329.4,2,2,59.2,0.0,122.1,126.9,21.2,59.2
2026-09-19 17:53:26,mfsweep_shard0,SPT_SMPT,45,6930.44,57,0,1,1497.8,4258.2,2760.4,2,2,77.6,0.6,411.4,196.2,2074.6,77.6
2026-09-19 17:53:26,mfsweep_shard0,SPT_SMPT,45,6930.44,58,0,1,1524.1,1874.6,350.5,2,2,58.9,0.0,119.1,135.7,36.7,58.9
2026-09-19 17:53:26,mfsweep_shard0,SPT_SMPT,45,6930.44,59,0,1,1550.4,2700.8,1150.4,2,2,66.1,0.4,296.7,191.4,595.8,66.1
2026-09-19 17:53:26,mfsweep_shard0,SPT_SMPT,45,6930.44,60,0,1,1576.6,6027.4,4450.8,2,2,86.2,0.9,481.8,225.1,3656.9,86.2
2026-09-19 17:53:26,mfsweep_shard0,SPT_SMPT,45,6930.44,61,0,1,1602.9,3480.9,1878.0,2,2,74.7,0.5,268.2,159.4,1375.2,74.7
2026-09-19 17:53:26,mfsweep_shard0,SPT_SMPT,45,6930.44,62,0,1,1629.2,3080.7,1451.5,2,2,71.9,0.5,270.4,156.8,951.8,71.9
2026-09-19 17:53:26,mfsweep_shard0,SPT_SMPT,45,6930.44,63,0,1,1655.5,3681.9,2026.5,2,2,76.1,0.5,301.2,168.5,1480.1,76.1
2026-09-19 17:53:26,mfsweep_shard0,SPT_SMPT,45,6930.44,64,0,1,1681.8,4747.4,3065.7,2,2,81.4,0.9,515.6,228.7,2239.1,81.4
2026-09-19 17:53:26,mfsweep_shard0,SPT_SMPT,45,6930.44,65,0,1,1708.0,4863.4,3155.4,2,2,79.2,1.0,540.2,243.0,2292.0,79.2
2026-09-19 17:53:26,mfsweep_shard0,SPT_SMPT,45,6930.44,66,0,1,1734.3,2007.1,272.8,2,2,61.1,0.0,62.7,140.1,8.8,61.1
2026-09-19 17:53:26,mfsweep_shard0,SPT_SMPT,45,6930.44,67,0,1,1760.6,2029.5,268.9,2,2,54.6,0.0,62.3,147.8,4.2,54.6
2026-09-19 17:53:26,mfsweep_shard0,SPT_SMPT,45,6930.44,68,0,1,1786.9,2268.9,482.0,2,2,64.0,0.0,90.4,118.0,209.6,64.0
2026-09-19 17:53:26,mfsweep_shard0,SPT_SMPT,45,6930.44,69,0,1,1813.1,2155.3,342.2,2,2,62.4,0.0,39.5,154.5,85.8,62.4
2026-09-19 17:53:26,mfsweep_shard0,SPT_SMPT,45,6930.44,70,0,1,1839.4,2128.4,289.0,2,2,60.5,0.0,50.2,167.2,11.1,60.5
2026-09-19 17:53:26,mfsweep_shard0,SPT_SMPT,45,6930.44,71,0,1,1865.7,6506.6,4640.9,2,2,84.7,1.2,689.8,264.4,3600.9,84.7
2026-09-19 17:53:26,mfsweep_shard0,SPT_SMPT,45,6930.44,72,0,1,1892.0,5751.9,3859.9,2,2,82.5,1.1,614.7,206.6,2955.2,82.5
2026-09-19 17:53:26,mfsweep_shard0,SPT_SMPT,45,6930.44,73,0,1,1918.3,2251.5,333.2,2,2,63.9,0.0,142.0,119.1,8.2,63.9
2026-09-19 17:53:26,mfsweep_shard0,SPT_SMPT,45,6930.44,74,0,1,1944.5,3614.1,1669.6,2,2,75.2,0.6,368.4,165.7,1059.7,75.2
2026-09-19 17:53:26,mfsweep_shard0,SPT_SMPT,45,6930.44,75,0,1,1970.8,2914.5,943.7,2,2,66.6,0.6,359.1,173.7,343.7,66.6
2026-09-19 17:53:26,mfsweep_shard0,SPT_SMPT,45,6930.44,76,0,1,1997.1,6065.3,4068.2,2,2,83.7,1.3,699.2,195.2,3088.8,83.7
2026-09-19 17:53:26,mfsweep_shard0,SPT_SMPT,45,6930.44,77,0,1,2023.4,3022.3,998.9,2,2,68.7,0.7,377.8,164.4,387.5,68.7
2026-09-19 17:53:26,mfsweep_shard0,SPT_SMPT,45,6930.44,78,0,1,2049.6,2793.9,744.2,2,2,62.3,0.7,384.7,193.5,103.1,62.3
2026-09-19 17:53:26,mfsweep_shard0,SPT_SMPT,45,6930.44,79,0,1,2075.9,2360.8,284.9,2,2,61.7,0.0,57.6,156.8,8.8,61.7
2026-09-19 17:53:26,mfsweep_shard0,SPT_SMPT,45,6930.44,80,0,1,2102.2,3128.2,1026.0,2,2,72.1,0.7,439.7,179.7,333.8,72.1
2026-09-19 17:53:26,mfsweep_shard0,SPT_SMPT,45,6930.44,81,0,1,2128.5,2856.6,728.1,2,2,62.2,0.7,382.9,180.2,93.6,70.7
2026-09-19 17:53:26,mfsweep_shard0,SPT_SMPT,45,6930.44,82,0,1,2154.7,3264.0,1109.3,2,2,72.8,0.8,414.2,174.5,447.0,72.8
2026-09-19 17:53:26,mfsweep_shard0,SPT_SMPT,45,6930.44,83,0,1,2181.0,2678.5,497.5,2,2,83.2,0.0,293.9,120.3,0.0,83.2
2026-09-19 17:53:26,mfsweep_shard0,SPT_SMPT,45,6930.44,84,0,1,2207.3,2968.3,761.0,2,2,66.7,0.8,406.1,127.3,160.2,66.7
2026-09-19 17:53:26,mfsweep_shard0,SPT_SMPT,45,6930.44,85,0,1,2233.6,2824.7,591.1,2,2,60.8,0.0,398.3,130.2,1.9,60.8
2026-09-19 17:53:26,mfsweep_shard0,SPT_SMPT,45,6930.44,86,0,1,2259.9,6930.4,4670.6,2,2,86.5,0.8,842.8,206.7,3533.8,86.5
2026-09-19 17:53:26,mfsweep_shard0,SPT_SMPT,45,6930.44,87,0,1,2286.1,3207.8,921.7,2,2,70.4,0.0,424.1,118.1,309.1,70.4
2026-09-19 17:53:26,mfsweep_shard0,SPT_SMPT,45,6930.44,88,0,1,2312.4,2892.8,580.4,2,2,56.5,0.0,404.2,119.6,0.0,56.5
2026-09-19 17:53:26,mfsweep_shard0,SPT_SMPT,45,6930.44,89,0,1,2338.7,2975.5,636.8,2,2,55.1,0.0,443.0,119.1,19.6,55.1
2026-09-19 17:53:26,mfsweep_shard0,SPT_SMPT,45,6930.44,90,0,1,2365.0,2982.6,617.7,2,2,57.2,0.0,422.5,117.5,20.5,57.2
2026-09-19 17:53:26,mfsweep_shard0,SPT_SMPT,45,6930.44,91,0,1,2391.2,3769.4,1378.2,2,2,74.3,0.0,402.9,154.5,746.5,74.3
2026-09-19 17:53:26,mfsweep_shard0,SPT_SMPT,45,6930.44,92,0,1,2417.5,5217.5,2800.0,2,2,79.7,0.7,752.0,179.8,1787.9,79.7
2026-09-19 17:53:26,mfsweep_shard0,SPT_SMPT,45,6930.44,93,0,1,2443.8,3116.5,672.7,2,2,67.5,0.0,321.7,117.3,166.2,67.5
2026-09-19 17:53:26,mfsweep_shard0,SPT_SMPT,45,6930.44,94,0,1,2470.1,3087.7,617.6,2,2,55.6,0.0,368.7,121.4,71.9,55.6
2026-09-19 17:53:26,mfsweep_shard0,SPT_SMPT,45,6930.44,95,0,1,2496.4,3058.3,561.9,2,2,66.1,0.0,349.6,106.9,39.3,66.1
2026-09-19 17:53:26,mfsweep_shard0,SPT_SMPT,45,6930.44,96,0,1,2522.6,6859.0,4336.4,2,2,86.4,1.0,904.4,226.2,3118.4,86.4
2026-09-19 17:53:26,mfsweep_shard0,SPT_SMPT,45,6930.44,97,0,1,2548.9,3351.5,802.6,2,2,71.0,0.0,331.1,112.8,287.6,71.0
2026-09-19 17:53:26,mfsweep_shard0,SPT_SMPT,45,6930.44,98,0,1,2575.2,6717.0,4141.8,2,2,85.6,1.1,892.5,224.1,2938.5,85.6
2026-09-19 17:53:26,mfsweep_shard0,SPT_SMPT,45,6930.44,99,0,1,2601.5,5482.8,2881.4,2,2,82.0,0.9,812.4,195.4,1790.7,82.0
2026-09-19 17:53:26,mfsweep_shard0,SPT_SMPT,45,6930.44,100,0,1,2627.7,3149.2,521.4,2,2,53.9,0.0,364.0,99.9,3.7,53.9
2026-09-19 17:53:26,mfsweep_shard0,SPT_SMPT,45,6930.44,101,0,1,2654.0,4870.6,2216.6,2,2,77.3,0.9,858.0,235.5,1044.9,77.3
2026-09-19 17:53:26,mfsweep_shard0,SPT_SMPT,45,6930.44,102,0,1,2680.3,4338.1,1657.8,2,2,76.0,0.6,631.0,148.8,801.4,76.0
2026-09-19 17:53:26,mfsweep_shard0,SPT_SMPT,45,6930.44,103,0,1,2706.6,3878.1,1171.5,2,2,71.3,0.2,489.1,162.3,448.8,71.3
2026-09-19 17:53:26,mfsweep_shard0,SPT_SMPT,45,6930.44,104,0,1,2732.9,3299.5,566.6,2,2,62.4,0.0,379.6,106.6,18.0,62.4
2026-09-19 17:53:26,mfsweep_shard0,SPT_SMPT,45,6930.44,105,0,1,2759.1,3902.6,1143.5,2,2,74.7,0.2,480.4,143.8,444.4,74.7
2026-09-19 17:53:26,mfsweep_shard0,SPT_SMPT,45,6930.44,106,0,1,2785.4,3403.7,618.3,2,2,57.2,0.0,399.8,109.7,51.5,57.2
2026-09-19 17:53:26,mfsweep_shard0,SPT_SMPT,45,6930.44,107,0,1,2811.7,3499.8,688.1,2,2,67.9,0.0,341.4,105.9,172.9,67.9
2026-09-19 17:53:26,mfsweep_shard0,SPT_SMPT,45,6930.44,108,0,1,2838.0,3951.4,1113.5,2,2,68.5,0.2,557.0,159.7,319.2,77.4
2026-09-19 17:53:26,mfsweep_shard0,SPT_SMPT,45,6930.44,109,0,1,2864.2,6646.4,3782.1,2,2,85.0,1.4,1119.4,227.7,2348.6,85.0
2026-09-19 17:53:26,mfsweep_shard0,SPT_SMPT,45,6930.44,110,0,1,2890.5,5684.5,2793.9,2,2,82.4,1.1,884.3,194.9,1631.2,82.4
2026-09-19 17:53:26,mfsweep_shard0,SPT_SMPT,45,6930.44,111,0,1,2916.8,3430.7,513.9,2,2,62.2,0.0,300.0,109.5,42.1,62.2
2026-09-19 17:53:26,mfsweep_shard0,SPT_SMPT,45,6930.44,112,0,1,2943.1,4016.3,1073.2,2,2,70.1,0.3,520.7,160.5,321.7,70.1
2026-09-19 17:53:26,mfsweep_shard0,SPT_SMPT,45,6930.44,113,0,1,2969.3,3492.5,523.2,2,2,59.4,0.0,311.6,106.6,45.4,59.4
2026-09-19 17:53:26,mfsweep_shard0,SPT_SMPT,45,6930.44,114,0,1,2995.6,6133.9,3138.3,2,2,83.7,1.4,1033.8,192.1,1825.7,85.3
2026-09-19 17:53:26,mfsweep_shard0,SPT_SMPT,45,6930.44,115,0,1,3021.9,5617.0,2595.1,2,2,82.3,1.3,1026.5,187.6,1297.5,82.3
2026-09-19 17:53:26,mfsweep_shard0,SPT_SMPT,45,6930.44,116,0,1,3048.2,3594.8,546.6,2,2,63.4,0.0,327.6,112.3,43.3,63.4
2026-09-19 17:53:26,mfsweep_shard0,SPT_SMPT,45,6930.44,117,0,1,3074.5,5089.2,2014.7,2,2,74.6,1.3,959.3,184.7,794.8,74.6
2026-09-19 17:53:26,mfsweep_shard0,SPT_SMPT,45,6930.44,118,0,1,3100.7,5030.1,1929.3,2,2,73.6,1.4,985.1,195.6,673.6,73.6
2026-09-19 17:53:26,mfsweep_shard0,SPT_SMPT,45,6930.44,119,0,1,3127.0,3806.3,679.3,2,2,58.6,0.0,465.6,116.5,38.7,58.6
2026-09-19 17:53:26,mfsweep_shard0,SPT_SMPT,45,6930.44,120,0,1,3153.3,5153.4,2000.1,2,2,78.7,1.5,1043.1,185.2,691.6,78.7
2026-09-19 17:53:26,mfsweep_shard0,SPT_SMPT,45,6930.44,121,0,1,3179.6,4912.7,1733.1,2,2,71.3,1.5,1063.0,197.5,399.8,71.3
2026-09-19 17:53:26,mfsweep_shard0,SPT_SMPT,45,6930.44,122,0,1,3205.8,3868.8,662.9,2,2,79.2,0.1,484.4,99.2,0.0,79.2
2026-09-19 17:53:26,mfsweep_shard0,SPT_SMPT,45,6930.44,123,0,1,3232.1,4418.1,1186.0,2,2,71.0,0.7,861.8,125.3,114.7,83.5
2026-09-19 17:53:26,mfsweep_shard0,SPT_SMPT,45,6930.44,124,0,1,3258.4,4295.3,1036.9,2,2,53.6,0.1,824.8,114.9,43.6,53.6
2026-09-19 17:53:26,mfsweep_shard0,SPT_SMPT,45,6930.44,125,0,1,3284.7,4265.5,980.8,2,2,64.2,0.1,769.2,119.2,17.1,75.2
2026-09-19 17:53:26,mfsweep_shard0,SPT_SMPT,45,6930.44,126,0,1,3311.0,4272.6,961.7,2,2,54.2,0.1,739.2,116.8,51.3,54.2
2026-09-19 17:53:26,mfsweep_shard0,SPT_SMPT,45,6930.44,127,0,1,3337.2,6368.5,3031.3,2,2,84.2,1.1,950.5,222.7,1725.4,131.6
2026-09-19 17:53:26,mfsweep_shard0,SPT_SMPT,45,6930.44,128,0,1,3363.5,5889.5,2526.0,2,2,82.5,0.7,758.0,184.2,1500.5,82.5
2026-09-19 17:53:26,mfsweep_shard0,SPT_SMPT,45,6930.44,129,0,1,3389.8,5349.4,1959.6,2,2,81.0,0.8,1094.7,148.5,634.6,81.0
2026-09-19 17:53:26,mfsweep_shard0,SPT_SMPT,45,6930.44,130,0,1,3416.1,4543.9,1127.8,2,2,63.7,0.1,801.8,96.7,165.5,63.7
2026-09-19 17:53:26,mfsweep_shard0,SPT_SMPT,45,6930.44,131,0,1,3442.3,4439.0,996.6,2,2,55.5,0.1,791.6,110.8,38.8,55.5
2026-09-19 17:53:26,mfsweep_shard0,SPT_SMPT,45,6930.44,132,0,1,3468.6,5819.4,2350.8,2,2,82.5,0.7,1086.5,138.1,1043.0,82.5
2026-09-19 17:53:26,mfsweep_shard0,SPT_SMPT,45,6930.44,133,0,1,3494.9,6576.4,3081.5,2,2,84.8,1.1,1283.2,194.1,1518.2,84.8
2026-09-19 17:53:26,mfsweep_shard0,SPT_SMPT,45,6930.44,134,0,1,3521.2,4468.4,947.2,2,2,56.4,0.0,759.9,80.3,50.6,56.4
2026-09-19 17:53:26,mfsweep_shard0,SPT_SMPT,45,6930.44,135,0,1,3547.5,4970.9,1423.5,2,2,69.6,0.7,1074.4,150.1,120.3,78.0
2026-09-19 17:53:26,mfsweep_shard0,SPT_SMPT,45,6930.44,136,0,1,3573.7,4497.8,924.1,2,2,55.8,0.0,759.3,98.0,10.9,55.8
2026-09-19 17:58:41,mfsweep_shard0,SPT_SMPT,46,6960.56,0,0,1,0.0,248.0,248.0,2,2,74.6,0.0,67.5,105.8,0.0,74.6
2026-09-19 17:58:41,mfsweep_shard0,SPT_SMPT,46,6960.56,1,0,1,26.3,259.8,233.5,2,2,54.4,0.0,47.4,110.3,21.4,54.4
2026-09-19 17:58:41,mfsweep_shard0,SPT_SMPT,46,6960.56,2,0,1,52.6,389.7,337.2,2,2,62.6,0.0,95.2,94.1,85.2,62.6
2026-09-19 17:58:41,mfsweep_shard0,SPT_SMPT,46,6960.56,3,0,1,78.8,353.5,274.7,2,2,60.9,0.0,96.8,105.6,11.3,60.9
2026-09-19 17:58:41,mfsweep_shard0,SPT_SMPT,46,6960.56,4,0,1,105.1,793.6,688.4,2,2,77.8,0.0,73.3,145.9,391.4,77.8
2026-09-19 17:58:41,mfsweep_shard0,SPT_SMPT,46,6960.56,5,0,1,131.4,753.0,621.6,2,2,75.9,0.0,145.3,145.4,243.4,87.5
2026-09-19 17:58:41,mfsweep_shard0,SPT_SMPT,46,6960.56,6,0,1,157.7,863.4,705.8,2,2,83.0,0.1,112.6,154.7,355.3,83.0
2026-09-19 17:58:41,mfsweep_shard0,SPT_SMPT,46,6960.56,7,0,1,183.9,542.2,358.3,2,2,56.4,0.1,116.5,146.0,39.2,56.4
2026-09-19 17:58:41,mfsweep_shard0,SPT_SMPT,46,6960.56,8,0,1,210.2,427.6,217.4,2,2,67.5,0.0,27.4,122.5,0.0,67.5
2026-09-19 17:58:41,mfsweep_shard0,SPT_SMPT,46,6960.56,9,0,1,236.5,535.2,298.7,2,2,54.5,0.0,70.5,139.3,34.4,54.5
2026-09-19 17:58:41,mfsweep_shard0,SPT_SMPT,46,6960.56,10,0,1,262.8,649.9,387.1,2,2,60.8,0.0,137.9,132.0,56.4,60.8
2026-09-19 17:58:41,mfsweep_shard0,SPT_SMPT,46,6960.56,11,0,1,289.1,687.2,398.2,2,2,70.2,0.0,64.3,157.8,105.9,70.2
2026-09-19 17:58:41,mfsweep_shard0,SPT_SMPT,46,6960.56,12,0,1,315.3,613.3,298.0,2,2,54.4,0.0,97.2,137.0,9.4,54.4
2026-09-19 17:58:41,mfsweep_shard0,SPT_SMPT,46,6960.56,13,0,1,341.6,699.0,357.4,2,2,60.1,0.0,116.8,140.9,39.6,60.1
2026-09-19 17:58:41,mfsweep_shard0,SPT_SMPT,46,6960.56,14,0,1,367.9,1543.6,1175.7,2,2,75.0,0.0,151.1,156.0,793.5,75.0
2026-09-19 17:58:41,mfsweep_shard0,SPT_SMPT,46,6960.56,15,0,1,394.2,656.9,262.8,2,2,71.5,0.0,63.6,127.7,0.0,71.5
2026-09-19 17:58:41,mfsweep_shard0,SPT_SMPT,46,6960.56,16,0,1,420.4,718.6,298.1,2,2,60.8,0.0,42.3,99.9,95.1,60.8
2026-09-19 17:58:41,mfsweep_shard0,SPT_SMPT,46,6960.56,17,0,1,446.7,805.5,358.8,2,2,73.0,0.0,68.3,118.0,99.4,73.0
2026-09-19 17:58:41,mfsweep_shard0,SPT_SMPT,46,6960.56,18,0,1,473.0,1241.6,768.6,2,2,80.3,0.0,140.3,200.1,337.9,90.2
2026-09-19 17:58:41,mfsweep_shard0,SPT_SMPT,46,6960.56,19,0,1,499.3,829.7,330.4,2,2,53.8,0.0,100.5,126.9,49.2,53.8
2026-09-19 17:58:41,mfsweep_shard0,SPT_SMPT,46,6960.56,20,0,1,525.6,1745.0,1219.4,2,2,80.1,0.1,97.9,157.3,884.1,80.1
2026-09-19 17:58:41,mfsweep_shard0,SPT_SMPT,46,6960.56,21,0,1,551.8,1604.7,1052.9,2,2,76.6,0.1,121.8,170.9,683.6,76.6
2026-09-19 17:58:41,mfsweep_shard0,SPT_SMPT,46,6960.56,22,0,1,578.1,950.2,372.1,2,2,64.8,0.0,97.9,125.9,83.5,64.8
2026-09-19 17:58:41,mfsweep_shard0,SPT_SMPT,46,6960.56,23,0,1,604.4,902.9,298.5,2,2,58.7,0.0,102.3,122.5,15.1,58.7
2026-09-19 17:58:41,mfsweep_shard0,SPT_SMPT,46,6960.56,24,0,1,630.7,2440.6,1809.9,2,2,85.1,0.1,221.5,216.8,1285.1,86.4
2026-09-19 17:58:41,mfsweep_shard0,SPT_SMPT,46,6960.56,25,0,1,656.9,1098.9,442.0,2,2,64.7,0.0,167.0,112.6,97.7,64.7
2026-09-19 17:58:41,mfsweep_shard0,SPT_SMPT,46,6960.56,26,0,1,683.2,984.5,301.2,2,2,56.6,0.0,99.2,109.2,36.2,56.6
2026-09-19 17:58:41,mfsweep_shard0,SPT_SMPT,46,6960.56,27,0,1,709.5,977.4,267.9,2,2,56.7,0.0,48.2,111.1,51.8,56.7
2026-09-19 17:58:41,mfsweep_shard0,SPT_SMPT,46,6960.56,28,0,1,735.8,1871.5,1135.7,2,2,81.5,0.1,177.5,162.0,714.6,81.5
2026-09-19 17:58:41,mfsweep_shard0,SPT_SMPT,46,6960.56,29,0,1,762.0,1113.4,351.4,2,2,73.5,0.0,114.4,105.8,57.7,73.5
2026-09-19 17:58:41,mfsweep_shard0,SPT_SMPT,46,6960.56,30,0,1,788.3,1800.5,1012.2,2,2,80.2,0.2,113.5,160.7,657.6,80.2
2026-09-19 17:58:41,mfsweep_shard0,SPT_SMPT,46,6960.56,31,0,1,814.6,1664.1,849.5,2,2,77.6,0.2,173.2,153.2,445.3,77.6
2026-09-19 17:58:41,mfsweep_shard0,SPT_SMPT,46,6960.56,32,0,1,840.9,1335.8,494.9,2,2,71.2,0.2,171.8,185.9,65.7,71.2
2026-09-19 17:58:41,mfsweep_shard0,SPT_SMPT,46,6960.56,33,0,1,867.2,2124.2,1257.1,2,2,85.7,0.2,238.7,174.6,757.9,85.7
2026-09-19 17:58:41,mfsweep_shard0,SPT_SMPT,46,6960.56,34,0,1,893.4,1369.2,475.8,2,2,66.0,0.2,157.2,179.7,58.9,79.7
2026-09-19 17:58:41,mfsweep_shard0,SPT_SMPT,46,6960.56,35,0,1,919.7,1212.7,293.0,2,2,71.8,0.0,67.4,153.9,0.0,71.8
2026-09-19 17:58:41,mfsweep_shard0,SPT_SMPT,46,6960.56,36,0,1,946.0,1250.3,304.3,2,2,80.9,0.0,107.9,115.5,0.0,80.9
2026-09-19 17:58:41,mfsweep_shard0,SPT_SMPT,46,6960.56,37,0,1,972.3,1489.1,516.8,2,2,74.0,0.0,173.4,154.6,114.8,74.0
2026-09-19 17:58:41,mfsweep_shard0,SPT_SMPT,46,6960.56,38,0,1,998.5,1931.7,933.1,2,2,82.0,0.0,160.4,142.4,548.3,82.0
2026-09-19 17:58:41,mfsweep_shard0,SPT_SMPT,46,6960.56,39,0,1,1024.8,1435.2,410.3,2,2,72.6,0.0,173.2,129.4,35.1,72.6
2026-09-19 17:58:41,mfsweep_shard0,SPT_SMPT,46,6960.56,40,0,1,1051.1,2534.3,1483.2,2,2,76.8,0.1,379.1,208.3,819.0,76.8
2026-09-19 17:58:41,mfsweep_shard0,SPT_SMPT,46,6960.56,41,0,1,1077.4,1461.7,384.3,2,2,55.1,0.0,207.3,122.0,0.0,55.1
2026-09-19 17:58:41,mfsweep_shard0,SPT_SMPT,46,6960.56,42,0,1,1103.7,1454.5,350.8,2,2,61.1,0.0,142.3,118.3,29.1,61.1
2026-09-19 17:58:41,mfsweep_shard0,SPT_SMPT,46,6960.56,43,0,1,1129.9,1908.3,778.4,2,2,63.1,0.0,178.6,107.7,429.0,63.1
2026-09-19 17:58:41,mfsweep_shard0,SPT_SMPT,46,6960.56,44,0,1,1156.2,1531.9,375.7,2,2,56.2,0.0,185.5,116.0,17.9,56.2
2026-09-19 17:58:41,mfsweep_shard0,SPT_SMPT,46,6960.56,45,0,1,1182.5,1611.8,429.3,2,2,61.2,0.0,122.9,111.8,133.4,61.2
2026-09-19 17:58:41,mfsweep_shard0,SPT_SMPT,46,6960.56,46,0,1,1208.8,1555.3,346.5,2,2,56.9,0.0,93.7,121.2,74.7,56.9
2026-09-19 17:58:41,mfsweep_shard0,SPT_SMPT,46,6960.56,47,0,1,1235.0,1764.3,529.3,2,2,62.7,0.0,99.5,121.2,245.8,62.7
2026-09-19 17:58:41,mfsweep_shard0,SPT_SMPT,46,6960.56,48,0,1,1261.3,2630.9,1369.5,2,2,74.5,0.1,250.6,186.2,858.1,74.5
2026-09-19 17:58:41,mfsweep_shard0,SPT_SMPT,46,6960.56,49,0,1,1287.6,1915.5,627.9,2,2,65.6,0.0,76.8,113.7,371.9,65.6
2026-09-19 17:58:41,mfsweep_shard0,SPT_SMPT,46,6960.56,50,0,1,1313.9,2008.0,694.1,2,2,65.8,0.0,151.2,116.5,360.7,65.8
2026-09-19 17:58:41,mfsweep_shard0,SPT_SMPT,46,6960.56,51,0,1,1340.2,1678.4,338.2,2,2,60.5,0.0,84.9,111.0,81.8,60.5
2026-09-19 17:58:41,mfsweep_shard0,SPT_SMPT,46,6960.56,52,0,1,1366.4,1671.2,304.8,2,2,62.4,0.0,87.1,111.0,44.2,62.4
2026-09-19 17:58:41,mfsweep_shard0,SPT_SMPT,46,6960.56,53,0,1,1392.7,5025.9,3633.2,2,2,84.5,0.2,414.5,349.8,2784.3,84.5
2026-09-19 17:58:41,mfsweep_shard0,SPT_SMPT,46,6960.56,54,0,1,1419.0,5077.6,3658.7,2,2,74.9,0.4,547.4,341.1,2694.8,74.9
2026-09-19 17:58:41,mfsweep_shard0,SPT_SMPT,46,6960.56,55,0,1,1445.3,2567.2,1121.9,2,2,73.6,0.3,338.7,189.8,494.9,98.2
2026-09-19 17:58:41,mfsweep_shard0,SPT_SMPT,46,6960.56,56,0,1,1471.5,1807.6,336.0,2,2,59.2,0.0,132.9,100.6,43.3,59.2
2026-09-19 17:58:41,mfsweep_shard0,SPT_SMPT,46,6960.56,57,0,1,1497.8,3418.2,1920.4,2,2,77.6,0.4,402.1,293.7,1146.6,77.6
2026-09-19 17:58:41,mfsweep_shard0,SPT_SMPT,46,6960.56,58,0,1,1524.1,1819.0,294.9,2,2,58.9,0.0,76.8,106.1,53.0,58.9
2026-09-19 17:58:41,mfsweep_shard0,SPT_SMPT,46,6960.56,59,0,1,1550.4,2145.0,594.6,2,2,66.1,0.2,101.9,203.5,208.1,80.9
2026-09-19 17:58:41,mfsweep_shard0,SPT_SMPT,46,6960.56,60,0,1,1576.6,6169.2,4592.5,2,2,86.2,0.7,610.0,421.7,3473.8,86.2
2026-09-19 17:58:41,mfsweep_shard0,SPT_SMPT,46,6960.56,61,0,1,1602.9,3473.8,1870.9,2,2,74.7,0.7,539.2,285.4,970.9,74.7
2026-09-19 17:58:41,mfsweep_shard0,SPT_SMPT,46,6960.56,62,0,1,1629.2,2232.6,603.4,2,2,71.9,0.3,225.2,169.0,137.0,71.9
2026-09-19 17:58:41,mfsweep_shard0,SPT_SMPT,46,6960.56,63,0,1,1655.5,4486.9,2831.4,2,2,76.1,0.9,731.5,352.8,1670.0,76.1
2026-09-19 17:58:41,mfsweep_shard0,SPT_SMPT,46,6960.56,64,0,1,1681.8,5834.9,4153.1,2,2,81.4,1.1,847.1,393.2,2830.4,81.4
2026-09-19 17:58:41,mfsweep_shard0,SPT_SMPT,46,6960.56,65,0,1,1708.0,5277.4,3569.4,2,2,79.2,1.3,870.8,407.9,2210.2,79.2
2026-09-19 17:58:41,mfsweep_shard0,SPT_SMPT,46,6960.56,66,0,1,1734.3,2285.0,550.6,2,2,61.1,0.3,269.9,169.0,47.4,64.0
2026-09-19 17:58:41,mfsweep_shard0,SPT_SMPT,46,6960.56,67,0,1,1760.6,2131.4,370.8,2,2,54.6,0.0,132.6,127.8,55.8,54.6
2026-09-19 17:58:41,mfsweep_shard0,SPT_SMPT,46,6960.56,68,0,1,1786.9,2164.4,377.5,2,2,64.0,0.0,211.3,102.2,0.0,64.0
2026-09-19 17:58:41,mfsweep_shard0,SPT_SMPT,46,6960.56,69,0,1,1813.1,2178.0,364.9,2,2,62.4,0.0,160.0,105.1,37.3,62.4
2026-09-19 17:58:41,mfsweep_shard0,SPT_SMPT,46,6960.56,70,0,1,1839.4,2318.7,479.3,2,2,60.5,0.3,266.1,122.6,29.7,60.5
2026-09-19 17:58:41,mfsweep_shard0,SPT_SMPT,46,6960.56,71,0,1,1865.7,6564.9,4699.2,2,2,84.7,1.2,1017.1,354.1,3242.2,84.7
2026-09-19 17:58:41,mfsweep_shard0,SPT_SMPT,46,6960.56,72,0,1,1892.0,6221.7,4329.7,2,2,82.5,1.1,1031.8,327.5,2814.6,154.7
2026-09-19 17:58:41,mfsweep_shard0,SPT_SMPT,46,6960.56,73,0,1,1918.3,2672.8,754.6,2,2,63.9,0.3,471.4,133.6,85.3,63.9
2026-09-19 17:58:41,mfsweep_shard0,SPT_SMPT,46,6960.56,74,0,1,1944.5,5447.7,3503.2,2,2,75.2,1.3,1144.7,342.5,1919.6,95.2
2026-09-19 17:58:41,mfsweep_shard0,SPT_SMPT,46,6960.56,75,0,1,1970.8,3080.7,1109.9,2,2,66.6,0.6,638.9,184.7,219.1,66.6
2026-09-19 17:58:41,mfsweep_shard0,SPT_SMPT,46,6960.56,76,0,1,1997.1,6426.1,4429.0,2,2,83.7,1.5,1161.2,338.6,2844.0,83.7
2026-09-19 17:58:41,mfsweep_shard0,SPT_SMPT,46,6960.56,77,0,1,2023.4,3581.7,1558.3,2,2,68.7,0.9,845.1,211.6,432.1,68.7
2026-09-19 17:58:41,mfsweep_shard0,SPT_SMPT,46,6960.56,78,0,1,2049.6,2768.8,719.2,2,2,62.3,0.4,527.4,98.1,31.0,62.3
2026-09-19 17:58:41,mfsweep_shard0,SPT_SMPT,46,6960.56,79,0,1,2075.9,2809.3,733.4,2,2,61.7,0.4,474.7,116.0,80.5,61.7
2026-09-19 17:58:41,mfsweep_shard0,SPT_SMPT,46,6960.56,80,0,1,2102.2,4605.4,2503.2,2,2,72.1,1.0,1054.6,273.6,1102.0,72.1
2026-09-19 17:58:41,mfsweep_shard0,SPT_SMPT,46,6960.56,81,0,1,2128.5,3205.6,1077.1,2,2,62.2,0.3,664.0,144.5,170.1,98.1
2026-09-19 17:58:41,mfsweep_shard0,SPT_SMPT,46,6960.56,82,0,1,2154.7,2816.5,661.8,2,2,72.8,0.0,500.7,88.1,0.0,72.8
2026-09-19 17:58:41,mfsweep_shard0,SPT_SMPT,46,6960.56,83,0,1,2181.0,6357.4,4176.4,2,2,83.2,1.2,1063.7,247.8,2780.6,83.2
2026-09-19 17:58:41,mfsweep_shard0,SPT_SMPT,46,6960.56,84,0,1,2207.3,2987.6,780.3,2,2,66.7,0.0,517.6,103.8,92.2,66.7
2026-09-19 17:58:41,mfsweep_shard0,SPT_SMPT,46,6960.56,85,0,1,2233.6,2999.4,765.8,2,2,60.8,0.0,552.3,118.1,34.6,60.8
2026-09-19 17:58:41,mfsweep_shard0,SPT_SMPT,46,6960.56,86,0,1,2259.9,6889.2,4629.3,2,2,86.5,1.3,1097.0,277.5,3167.1,86.5
2026-09-19 17:58:41,mfsweep_shard0,SPT_SMPT,46,6960.56,87,0,1,2286.1,3023.1,736.9,2,2,70.4,0.0,419.0,109.7,137.8,70.4
2026-09-19 17:58:41,mfsweep_shard0,SPT_SMPT,46,6960.56,88,0,1,2312.4,3011.2,698.8,2,2,56.5,0.0,483.7,107.1,51.4,56.5
2026-09-19 17:58:41,mfsweep_shard0,SPT_SMPT,46,6960.56,89,0,1,2338.7,3073.5,734.8,2,2,55.1,0.0,525.7,95.7,58.3,55.1
2026-09-19 17:58:41,mfsweep_shard0,SPT_SMPT,46,6960.56,90,0,1,2365.0,3169.6,804.6,2,2,57.2,0.0,615.6,118.0,13.8,57.2
2026-09-19 17:58:41,mfsweep_shard0,SPT_SMPT,46,6960.56,91,0,1,2391.2,4612.7,2221.4,2,2,74.3,0.9,1043.5,231.6,871.3,74.3
2026-09-19 17:58:41,mfsweep_shard0,SPT_SMPT,46,6960.56,92,0,1,2417.5,5702.6,3285.1,2,2,79.7,1.3,1189.9,250.9,1763.3,79.7
2026-09-19 17:58:41,mfsweep_shard0,SPT_SMPT,46,6960.56,93,0,1,2443.8,3293.9,850.1,2,2,67.5,0.0,565.1,112.3,105.2,67.5
2026-09-19 17:58:41,mfsweep_shard0,SPT_SMPT,46,6960.56,94,0,1,2470.1,3198.5,728.4,2,2,55.6,0.0,527.6,99.3,45.9,55.6
2026-09-19 17:58:41,mfsweep_shard0,SPT_SMPT,46,6960.56,95,0,1,2496.4,3589.0,1092.6,2,2,66.1,0.4,766.2,174.5,68.3,83.2
2026-09-19 17:58:41,mfsweep_shard0,SPT_SMPT,46,6960.56,96,0,1,2522.6,6960.6,4437.9,2,2,86.4,1.6,1397.4,272.3,2614.2,152.5
2026-09-19 17:58:41,mfsweep_shard0,SPT_SMPT,46,6960.56,97,0,1,2548.9,3669.1,1120.2,2,2,71.0,0.4,779.1,167.5,102.1,71.0
2026-09-19 17:58:41,mfsweep_shard0,SPT_SMPT,46,6960.56,98,0,1,2575.2,6705.3,4130.1,2,2,85.6,1.7,1370.5,257.7,2414.6,85.6
2026-09-19 17:58:41,mfsweep_shard0,SPT_SMPT,46,6960.56,99,0,1,2601.5,5901.8,3300.4,2,2,82.0,1.7,1302.6,278.4,1635.7,82.0
2026-09-19 17:58:41,mfsweep_shard0,SPT_SMPT,46,6960.56,100,0,1,2627.7,3508.1,880.4,2,2,53.9,0.0,696.7,127.1,2.6,53.9
2026-09-19 17:58:41,mfsweep_shard0,SPT_SMPT,46,6960.56,101,0,1,2654.0,5510.5,2856.5,2,2,77.3,1.8,1312.3,283.9,1181.3,77.3
2026-09-19 17:58:41,mfsweep_shard0,SPT_SMPT,46,6960.56,102,0,1,2680.3,3561.0,880.7,2,2,76.0,0.0,633.4,147.1,24.1,76.0
2026-09-19 17:58:41,mfsweep_shard0,SPT_SMPT,46,6960.56,103,0,1,2706.6,4191.6,1485.0,2,2,71.3,0.9,941.8,125.4,345.6,71.3
2026-09-19 17:58:41,mfsweep_shard0,SPT_SMPT,46,6960.56,104,0,1,2732.9,3734.9,1002.0,2,2,62.4,0.5,758.9,108.0,72.2,62.4
2026-09-19 17:58:41,mfsweep_shard0,SPT_SMPT,46,6960.56,105,0,1,2759.1,5388.1,2628.9,2,2,74.7,1.4,1424.5,242.1,886.2,74.7
2026-09-19 17:58:41,mfsweep_shard0,SPT_SMPT,46,6960.56,106,0,1,2785.4,3695.3,909.9,2,2,57.2,0.0,717.3,109.1,26.2,57.2
2026-09-19 17:58:41,mfsweep_shard0,SPT_SMPT,46,6960.56,107,0,1,2811.7,4080.6,1268.9,2,2,67.9,0.5,918.8,119.0,118.6,112.0
2026-09-19 17:58:41,mfsweep_shard0,SPT_SMPT,46,6960.56,108,0,1,2838.0,4116.8,1278.8,2,2,68.5,0.5,918.2,105.8,185.8,68.5
2026-09-19 17:58:41,mfsweep_shard0,SPT_SMPT,46,6960.56,109,0,1,2864.2,3946.3,1082.0,2,2,85.0,0.0,870.3,126.6,0.0,85.0
2026-09-19 17:58:41,mfsweep_shard0,SPT_SMPT,46,6960.56,110,0,1,2890.5,6039.6,3149.1,2,2,82.4,1.1,1194.3,239.3,1632.0,82.4
2026-09-19 17:58:41,mfsweep_shard0,SPT_SMPT,46,6960.56,111,0,1,2916.8,3953.5,1036.7,2,2,62.2,0.0,807.1,114.2,53.2,62.2
2026-09-19 17:58:41,mfsweep_shard0,SPT_SMPT,46,6960.56,112,0,1,2943.1,3984.5,1041.4,2,2,70.1,0.0,730.3,99.1,142.0,70.1
2026-09-19 17:58:41,mfsweep_shard0,SPT_SMPT,46,6960.56,113,0,1,2969.3,3960.7,991.4,2,2,59.4,0.0,762.6,109.0,60.3,59.4
2026-09-19 17:58:41,mfsweep_shard0,SPT_SMPT,46,6960.56,114,0,1,2995.6,5256.5,2260.9,2,2,83.7,0.8,1049.3,272.3,854.8,83.7
2026-09-19 17:58:41,mfsweep_shard0,SPT_SMPT,46,6960.56,115,0,1,3021.9,5969.1,2947.2,2,2,82.3,1.2,1139.2,132.9,1591.7,82.3
2026-09-19 17:58:41,mfsweep_shard0,SPT_SMPT,46,6960.56,116,0,1,3048.2,3967.7,919.6,2,2,63.4,0.0,628.6,147.8,79.8,63.4
2026-09-19 17:58:41,mfsweep_shard0,SPT_SMPT,46,6960.56,117,0,1,3074.5,5327.9,2253.4,2,2,74.6,1.2,1322.1,175.7,663.5,90.9
2026-09-19 17:58:41,mfsweep_shard0,SPT_SMPT,46,6960.56,118,0,1,3100.7,4904.8,1804.1,2,2,73.6,0.5,1044.8,136.3,548.8,73.6
2026-09-19 17:58:41,mfsweep_shard0,SPT_SMPT,46,6960.56,119,0,1,3127.0,4128.5,1001.5,2,2,58.6,0.1,831.8,97.8,13.2,58.6
2026-09-19 17:58:41,mfsweep_shard0,SPT_SMPT,46,6960.56,120,0,1,3153.3,5573.7,2420.4,2,2,78.7,1.4,1385.0,138.3,817.1,78.7
2026-09-19 17:58:41,mfsweep_shard0,SPT_SMPT,46,6960.56,121,0,1,3179.6,4677.2,1497.7,2,2,71.3,0.6,1096.7,127.4,201.5,71.3
2026-09-19 17:58:41,mfsweep_shard0,SPT_SMPT,46,6960.56,122,0,1,3205.8,5638.4,2432.6,2,2,79.2,1.5,1386.2,144.3,821.4,79.2
2026-09-19 17:58:41,mfsweep_shard0,SPT_SMPT,46,6960.56,123,0,1,3232.1,4844.7,1612.6,2,2,71.0,0.7,1036.8,141.7,362.3,71.0
2026-09-19 17:58:41,mfsweep_shard0,SPT_SMPT,46,6960.56,124,0,1,3258.4,4267.0,1008.6,2,2,53.6,0.2,773.4,114.2,67.3,53.6
2026-09-19 17:58:41,mfsweep_shard0,SPT_SMPT,46,6960.56,125,0,1,3284.7,4684.8,1400.2,2,2,64.2,0.8,1008.2,139.7,187.3,64.2
2026-09-19 17:58:41,mfsweep_shard0,SPT_SMPT,46,6960.56,126,0,1,3311.0,4296.8,985.9,2,2,54.2,0.2,734.0,117.5,79.9,54.2
2026-09-19 17:58:41,mfsweep_shard0,SPT_SMPT,46,6960.56,127,0,1,3337.2,6495.3,3158.0,2,2,84.2,1.8,1391.4,150.4,1530.3,84.2
2026-09-19 17:58:41,mfsweep_shard0,SPT_SMPT,46,6960.56,128,0,1,3363.5,6289.2,2925.7,2,2,82.5,2.0,1393.2,165.4,1282.6,82.5
2026-09-19 17:58:41,mfsweep_shard0,SPT_SMPT,46,6960.56,129,0,1,3389.8,5768.6,2378.8,2,2,81.0,1.9,1301.2,150.5,844.2,81.0
2026-09-19 17:58:41,mfsweep_shard0,SPT_SMPT,46,6960.56,130,0,1,3416.1,4747.9,1331.8,2,2,63.7,1.0,999.6,144.7,93.3,93.2
2026-09-19 17:58:41,mfsweep_shard0,SPT_SMPT,46,6960.56,131,0,1,3442.3,4655.2,1212.9,2,2,55.5,0.3,956.0,149.7,51.3,55.5
2026-09-19 17:58:41,mfsweep_shard0,SPT_SMPT,46,6960.56,132,0,1,3468.6,4662.5,1193.8,2,2,82.5,0.3,959.8,96.8,54.4,82.5
2026-09-19 17:58:41,mfsweep_shard0,SPT_SMPT,46,6960.56,133,0,1,3494.9,6634.7,3139.8,2,2,84.8,1.5,1127.0,105.0,1821.5,84.8
2026-09-19 17:58:41,mfsweep_shard0,SPT_SMPT,46,6960.56,134,0,1,3521.2,4640.9,1119.8,2,2,56.4,0.4,890.7,136.9,35.3,56.4
2026-09-19 17:58:41,mfsweep_shard0,SPT_SMPT,46,6960.56,135,0,1,3547.5,4648.1,1100.7,2,2,69.6,0.4,829.9,126.7,74.1,69.6
2026-09-19 17:58:41,mfsweep_shard0,SPT_SMPT,46,6960.56,136,0,1,3573.7,4789.2,1215.4,2,2,55.8,0.6,1019.8,80.5,58.8,55.8
2026-09-19 18:04:32,mfsweep_shard0,SPT_SMPT,47,7921.60,0,0,1,0.0,220.2,220.2,2,2,74.6,0.0,66.8,78.8,0.0,74.6
2026-09-19 18:04:32,mfsweep_shard0,SPT_SMPT,47,7921.60,1,0,1,26.3,390.4,364.2,2,2,54.4,0.0,111.7,134.2,38.3,79.9
2026-09-19 18:04:32,mfsweep_shard0,SPT_SMPT,47,7921.60,2,0,1,52.6,634.4,581.8,2,2,62.6,0.0,161.7,156.6,176.1,87.4
2026-09-19 18:04:32,mfsweep_shard0,SPT_SMPT,47,7921.60,3,0,1,78.8,368.3,289.5,2,2,60.9,0.0,97.5,131.0,0.0,60.9
2026-09-19 18:04:32,mfsweep_shard0,SPT_SMPT,47,7921.60,4,0,1,105.1,4103.9,3998.7,2,2,77.8,0.1,256.4,191.5,3472.9,77.8
2026-09-19 18:04:32,mfsweep_shard0,SPT_SMPT,47,7921.60,5,0,1,131.4,4219.3,4087.9,2,2,75.9,0.1,327.9,205.7,3478.3,75.9
2026-09-19 18:04:32,mfsweep_shard0,SPT_SMPT,47,7921.60,6,0,1,157.7,5602.6,5444.9,2,2,83.0,0.2,347.4,245.5,4768.9,83.0
2026-09-19 18:04:32,mfsweep_shard0,SPT_SMPT,47,7921.60,7,0,1,183.9,447.4,263.4,2,2,56.4,0.0,84.8,122.2,0.0,56.4
2026-09-19 18:04:32,mfsweep_shard0,SPT_SMPT,47,7921.60,8,0,1,210.2,440.3,230.1,2,2,67.5,0.0,14.5,124.8,23.2,67.5
2026-09-19 18:04:32,mfsweep_shard0,SPT_SMPT,47,7921.60,9,0,1,236.5,509.6,273.1,2,2,54.5,0.0,59.2,128.2,31.2,54.5
2026-09-19 18:04:32,mfsweep_shard0,SPT_SMPT,47,7921.60,10,0,1,262.8,577.8,315.0,2,2,60.8,0.0,81.5,151.6,21.1,60.8
2026-09-19 18:04:32,mfsweep_shard0,SPT_SMPT,47,7921.60,11,0,1,289.1,866.4,577.3,2,2,70.2,0.0,67.5,123.0,316.6,70.2
2026-09-19 18:04:32,mfsweep_shard0,SPT_SMPT,47,7921.60,12,0,1,315.3,677.6,362.3,2,2,54.4,0.0,174.5,122.2,11.1,54.4
2026-09-19 18:04:32,mfsweep_shard0,SPT_SMPT,47,7921.60,13,0,1,341.6,710.5,368.9,2,2,60.1,0.0,106.4,140.1,62.2,60.1
2026-09-19 18:04:32,mfsweep_shard0,SPT_SMPT,47,7921.60,14,0,1,367.9,2463.6,2095.7,2,2,75.0,0.2,173.8,153.7,1693.1,75.0
2026-09-19 18:04:32,mfsweep_shard0,SPT_SMPT,47,7921.60,15,0,1,394.2,1248.6,854.4,2,2,71.5,0.0,101.1,123.2,558.6,71.5
2026-09-19 18:04:32,mfsweep_shard0,SPT_SMPT,47,7921.60,16,0,1,420.4,754.0,333.6,2,2,60.8,0.0,68.2,126.4,78.1,60.8
2026-09-19 18:04:32,mfsweep_shard0,SPT_SMPT,47,7921.60,17,0,1,446.7,1687.9,1241.2,2,2,73.0,0.1,43.1,175.4,949.6,73.0
2026-09-19 18:04:32,mfsweep_shard0,SPT_SMPT,47,7921.60,18,0,1,473.0,6169.5,5696.5,2,2,80.3,0.3,417.8,229.9,4968.3,80.3
2026-09-19 18:04:32,mfsweep_shard0,SPT_SMPT,47,7921.60,19,0,1,499.3,781.3,282.0,2,2,53.8,0.0,76.4,140.1,11.7,53.8
2026-09-19 18:04:32,mfsweep_shard0,SPT_SMPT,47,7921.60,20,0,1,525.6,4823.0,4297.4,2,2,80.1,0.4,365.5,279.2,3572.1,80.1
2026-09-19 18:04:32,mfsweep_shard0,SPT_SMPT,47,7921.60,21,0,1,551.8,4226.6,3674.8,2,2,76.6,0.4,335.6,245.3,3016.8,76.6
2026-09-19 18:04:32,mfsweep_shard0,SPT_SMPT,47,7921.60,22,0,1,578.1,788.5,210.4,2,2,64.8,0.0,23.8,116.0,5.8,64.8
2026-09-19 18:04:32,mfsweep_shard0,SPT_SMPT,47,7921.60,23,0,1,604.4,928.0,323.6,2,2,58.7,0.0,92.6,119.9,52.5,58.7
2026-09-19 18:04:32,mfsweep_shard0,SPT_SMPT,47,7921.60,24,0,1,630.7,7280.9,6650.2,2,2,85.1,0.6,539.1,274.1,5751.3,85.1
2026-09-19 18:04:32,mfsweep_shard0,SPT_SMPT,47,7921.60,25,0,1,656.9,1030.2,373.3,2,2,64.7,0.0,55.8,131.8,121.0,64.7
2026-09-19 18:04:32,mfsweep_shard0,SPT_SMPT,47,7921.60,26,0,1,683.2,920.9,237.7,2,2,56.6,0.0,62.9,112.1,6.1,56.6
2026-09-19 18:04:32,mfsweep_shard0,SPT_SMPT,47,7921.60,27,0,1,709.5,1071.2,361.7,2,2,56.7,0.0,61.1,196.8,46.4,57.4
2026-09-19 18:04:32,mfsweep_shard0,SPT_SMPT,47,7921.60,28,0,1,735.8,6433.7,5698.0,2,2,81.5,0.7,510.1,302.1,4803.5,81.5
2026-09-19 18:04:32,mfsweep_shard0,SPT_SMPT,47,7921.60,29,0,1,762.0,1800.7,1038.7,2,2,73.5,0.2,171.5,192.3,601.3,73.5
2026-09-19 18:04:32,mfsweep_shard0,SPT_SMPT,47,7921.60,30,0,1,788.3,6103.8,5315.5,2,2,80.2,0.9,565.7,277.8,4390.9,80.2
2026-09-19 18:04:32,mfsweep_shard0,SPT_SMPT,47,7921.60,31,0,1,814.6,4877.5,4062.9,2,2,77.6,0.9,520.9,308.2,3155.3,77.6
2026-09-19 18:04:32,mfsweep_shard0,SPT_SMPT,47,7921.60,32,0,1,840.9,1054.8,213.9,2,2,71.2,0.0,14.0,104.5,24.1,71.2
2026-09-19 18:04:32,mfsweep_shard0,SPT_SMPT,47,7921.60,33,0,1,867.2,7707.6,6840.4,2,2,85.7,1.1,728.7,289.5,5679.9,141.2
2026-09-19 18:04:32,mfsweep_shard0,SPT_SMPT,47,7921.60,34,0,1,893.4,1130.3,236.9,2,2,66.0,0.0,29.4,106.3,35.1,66.0
2026-09-19 18:04:32,mfsweep_shard0,SPT_SMPT,47,7921.60,35,0,1,919.7,1255.7,336.0,2,2,71.8,0.0,33.4,133.1,97.7,71.8
2026-09-19 18:04:32,mfsweep_shard0,SPT_SMPT,47,7921.60,36,0,1,946.0,6234.9,5288.9,2,2,80.9,1.2,693.2,261.1,4252.5,80.9
2026-09-19 18:04:32,mfsweep_shard0,SPT_SMPT,47,7921.60,37,0,1,972.3,1812.7,840.4,2,2,74.0,0.3,238.0,163.1,365.1,74.0
2026-09-19 18:04:32,mfsweep_shard0,SPT_SMPT,47,7921.60,38,0,1,998.5,6500.7,5502.2,2,2,82.0,1.4,732.1,265.5,4421.2,82.0
2026-09-19 18:04:32,mfsweep_shard0,SPT_SMPT,47,7921.60,39,0,1,1024.8,1363.7,338.8,2,2,72.6,0.0,104.2,138.8,23.2,72.6
2026-09-19 18:04:32,mfsweep_shard0,SPT_SMPT,47,7921.60,40,0,1,1051.1,4949.8,3898.7,2,2,76.8,1.3,731.2,288.6,2800.8,76.8
2026-09-19 18:04:32,mfsweep_shard0,SPT_SMPT,47,7921.60,41,0,1,1077.4,1391.6,314.2,2,2,55.1,0.0,78.8,124.3,56.0,55.1
2026-09-19 18:04:32,mfsweep_shard0,SPT_SMPT,47,7921.60,42,0,1,1103.7,1494.2,390.5,2,2,61.1,0.0,82.5,121.7,125.3,61.1
2026-09-19 18:04:32,mfsweep_shard0,SPT_SMPT,47,7921.60,43,0,1,1129.9,1958.1,828.2,2,2,63.1,0.4,240.9,174.5,349.3,63.1
2026-09-19 18:04:32,mfsweep_shard0,SPT_SMPT,47,7921.60,44,0,1,1156.2,1403.4,247.2,2,2,56.2,0.0,65.0,124.0,1.9,56.2
2026-09-19 18:04:32,mfsweep_shard0,SPT_SMPT,47,7921.60,45,0,1,1182.5,1548.6,366.1,2,2,61.2,0.0,60.5,152.4,92.0,61.2
2026-09-19 18:04:32,mfsweep_shard0,SPT_SMPT,47,7921.60,46,0,1,1208.8,1487.0,278.3,2,2,56.9,0.0,51.2,132.4,37.8,56.9
2026-09-19 18:04:32,mfsweep_shard0,SPT_SMPT,47,7921.60,47,0,1,1235.0,1883.2,648.2,2,2,62.7,0.4,256.4,191.9,136.7,62.7
2026-09-19 18:04:32,mfsweep_shard0,SPT_SMPT,47,7921.60,48,0,1,1261.3,2151.0,889.7,2,2,74.5,0.4,244.8,180.5,389.4,74.5
2026-09-19 18:04:32,mfsweep_shard0,SPT_SMPT,47,7921.60,49,0,1,1287.6,2022.7,735.1,2,2,65.6,0.4,278.8,194.0,196.2,65.6
2026-09-19 18:04:32,mfsweep_shard0,SPT_SMPT,47,7921.60,50,0,1,1313.9,2083.7,769.8,2,2,65.8,0.5,301.4,177.6,224.6,65.8
2026-09-19 18:04:32,mfsweep_shard0,SPT_SMPT,47,7921.60,51,0,1,1340.2,1900.5,560.3,2,2,60.5,0.0,291.0,167.4,0.0,101.9
2026-09-19 18:04:32,mfsweep_shard0,SPT_SMPT,47,7921.60,52,0,1,1366.4,1917.8,551.3,2,2,62.4,0.5,282.5,161.8,30.6,75.9
2026-09-19 18:04:32,mfsweep_shard0,SPT_SMPT,47,7921.60,53,0,1,1392.7,1773.7,381.0,2,2,84.5,0.0,159.7,136.9,0.0,84.5
2026-09-19 18:04:32,mfsweep_shard0,SPT_SMPT,47,7921.60,54,0,1,1419.0,2556.6,1137.7,2,2,74.9,0.3,459.0,135.7,467.7,74.9
2026-09-19 18:04:32,mfsweep_shard0,SPT_SMPT,47,7921.60,55,0,1,1445.3,2098.4,653.2,2,2,73.6,0.0,233.6,136.4,209.5,73.6
2026-09-19 18:04:32,mfsweep_shard0,SPT_SMPT,47,7921.60,56,0,1,1471.5,1989.0,517.5,2,2,59.2,0.0,336.1,122.2,0.0,59.2
2026-09-19 18:04:32,mfsweep_shard0,SPT_SMPT,47,7921.60,57,0,1,1497.8,5663.2,4165.4,2,2,77.6,1.2,935.3,263.7,2887.5,77.6
2026-09-19 18:04:32,mfsweep_shard0,SPT_SMPT,47,7921.60,58,0,1,1524.1,2011.0,486.9,2,2,58.9,0.0,312.6,106.4,9.0,58.9
2026-09-19 18:04:32,mfsweep_shard0,SPT_SMPT,47,7921.60,59,0,1,1550.4,2246.0,695.6,2,2,66.1,0.1,343.4,165.4,105.9,80.8
2026-09-19 18:04:32,mfsweep_shard0,SPT_SMPT,47,7921.60,60,0,1,1576.6,7778.8,6202.1,2,2,86.2,1.4,1041.5,277.8,4795.2,86.2
2026-09-19 18:04:32,mfsweep_shard0,SPT_SMPT,47,7921.60,61,0,1,1602.9,4614.8,3011.9,2,2,74.7,1.0,806.4,230.1,1899.7,74.7
2026-09-19 18:04:32,mfsweep_shard0,SPT_SMPT,47,7921.60,62,0,1,1629.2,4317.9,2688.7,2,2,71.9,0.8,759.1,183.3,1673.5,71.9
2026-09-19 18:04:32,mfsweep_shard0,SPT_SMPT,47,7921.60,63,0,1,1655.5,2131.3,475.8,2,2,76.1,0.0,264.8,104.8,30.1,76.1
2026-09-19 18:04:32,mfsweep_shard0,SPT_SMPT,47,7921.60,64,0,1,1681.8,6367.2,4685.5,2,2,81.4,1.6,1115.0,211.0,3276.5,81.4
2026-09-19 18:04:32,mfsweep_shard0,SPT_SMPT,47,7921.60,65,0,1,1708.0,5910.2,4202.2,2,2,79.2,1.6,1082.5,199.3,2839.6,79.2
2026-09-19 18:04:32,mfsweep_shard0,SPT_SMPT,47,7921.60,66,0,1,1734.3,2280.6,546.3,2,2,61.1,0.0,321.4,120.3,43.5,61.1
2026-09-19 18:04:32,mfsweep_shard0,SPT_SMPT,47,7921.60,67,0,1,1760.6,2597.3,836.7,2,2,54.6,0.5,600.2,111.5,40.9,83.6
2026-09-19 18:04:32,mfsweep_shard0,SPT_SMPT,47,7921.60,68,0,1,1786.9,2456.3,669.5,2,2,64.0,0.0,470.0,135.5,0.0,64.0
2026-09-19 18:04:32,mfsweep_shard0,SPT_SMPT,47,7921.60,69,0,1,1813.1,2470.7,657.6,2,2,62.4,0.0,379.6,128.2,87.3,62.4
2026-09-19 18:04:32,mfsweep_shard0,SPT_SMPT,47,7921.60,70,0,1,1839.4,2477.8,638.4,2,2,60.5,0.0,420.8,118.3,38.7,60.5
2026-09-19 18:04:32,mfsweep_shard0,SPT_SMPT,47,7921.60,71,0,1,1865.7,7341.8,5476.1,2,2,84.7,1.3,991.1,252.9,4103.4,127.3
2026-09-19 18:04:32,mfsweep_shard0,SPT_SMPT,47,7921.60,72,0,1,1892.0,6702.8,4810.8,2,2,82.5,1.4,943.6,208.5,3574.9,82.5
2026-09-19 18:04:32,mfsweep_shard0,SPT_SMPT,47,7921.60,73,0,1,1918.3,2609.1,690.8,2,2,63.9,0.0,444.0,124.3,58.6,63.9
2026-09-19 18:04:32,mfsweep_shard0,SPT_SMPT,47,7921.60,74,0,1,1944.5,5723.6,3779.1,2,2,75.2,1.4,1101.5,236.8,2318.2,121.0
2026-09-19 18:04:32,mfsweep_shard0,SPT_SMPT,47,7921.60,75,0,1,1970.8,2702.6,731.8,2,2,66.6,0.0,473.2,122.5,69.4,66.6
2026-09-19 18:04:32,mfsweep_shard0,SPT_SMPT,47,7921.60,76,0,1,1997.1,7043.3,5046.3,2,2,83.7,1.5,1212.3,199.9,3548.8,83.7
2026-09-19 18:04:32,mfsweep_shard0,SPT_SMPT,47,7921.60,77,0,1,2023.4,3936.9,1913.5,2,2,68.7,0.0,451.9,95.7,1297.3,68.7
2026-09-19 18:04:32,mfsweep_shard0,SPT_SMPT,47,7921.60,78,0,1,2049.6,2796.3,746.7,2,2,62.3,0.0,411.8,114.4,158.1,62.3
2026-09-19 18:04:32,mfsweep_shard0,SPT_SMPT,47,7921.60,79,0,1,2075.9,2709.7,633.7,2,2,61.7,0.0,438.2,108.4,25.4,61.7
2026-09-19 18:04:32,mfsweep_shard0,SPT_SMPT,47,7921.60,80,0,1,2102.2,4336.6,2234.4,2,2,72.1,0.5,684.0,167.0,1310.8,72.1
2026-09-19 18:04:32,mfsweep_shard0,SPT_SMPT,47,7921.60,81,0,1,2128.5,2789.3,660.8,2,2,62.2,0.0,428.7,119.4,50.5,62.2
2026-09-19 18:04:32,mfsweep_shard0,SPT_SMPT,47,7921.60,82,0,1,2154.7,5064.7,2910.0,2,2,72.8,1.3,1112.1,224.2,1499.5,72.8
2026-09-19 18:04:32,mfsweep_shard0,SPT_SMPT,47,7921.60,83,0,1,2181.0,6906.0,4725.0,2,2,83.2,1.7,1204.7,193.4,3242.0,83.2
2026-09-19 18:04:32,mfsweep_shard0,SPT_SMPT,47,7921.60,84,0,1,2207.3,2892.3,685.0,2,2,66.7,0.0,408.9,113.1,96.2,66.7
2026-09-19 18:04:32,mfsweep_shard0,SPT_SMPT,47,7921.60,85,0,1,2233.6,3128.4,894.9,2,2,60.8,0.0,433.4,177.9,222.8,60.8
2026-09-19 18:04:32,mfsweep_shard0,SPT_SMPT,47,7921.60,86,0,1,2259.9,7921.6,5661.7,2,2,86.5,1.9,1326.0,284.9,3957.9,91.1
2026-09-19 18:04:32,mfsweep_shard0,SPT_SMPT,47,7921.60,87,0,1,2286.1,4646.8,2360.7,2,2,70.4,1.0,842.7,164.5,1269.4,83.1
2026-09-19 18:04:32,mfsweep_shard0,SPT_SMPT,47,7921.60,88,0,1,2312.4,3014.6,702.1,2,2,56.5,0.0,395.2,110.5,139.8,56.5
2026-09-19 18:04:32,mfsweep_shard0,SPT_SMPT,47,7921.60,89,0,1,2338.7,2926.5,587.8,2,2,55.1,0.1,371.8,103.8,57.1,55.1
2026-09-19 18:04:32,mfsweep_shard0,SPT_SMPT,47,7921.60,90,0,1,2365.0,3021.7,656.8,2,2,57.2,0.1,338.5,111.6,149.5,57.2
2026-09-19 18:04:32,mfsweep_shard0,SPT_SMPT,47,7921.60,91,0,1,2391.2,5071.8,2680.5,2,2,74.3,1.6,1025.4,231.0,1348.2,74.3
2026-09-19 18:04:32,mfsweep_shard0,SPT_SMPT,47,7921.60,92,0,1,2417.5,6039.1,3621.6,2,2,79.7,2.1,1222.6,196.0,2121.3,79.7
2026-09-19 18:04:32,mfsweep_shard0,SPT_SMPT,47,7921.60,93,0,1,2443.8,3341.1,897.3,2,2,67.5,0.2,356.7,106.4,366.6,67.5
2026-09-19 18:04:32,mfsweep_shard0,SPT_SMPT,47,7921.60,94,0,1,2470.1,2958.5,488.4,2,2,55.6,0.2,316.4,102.2,14.1,55.6
2026-09-19 18:04:32,mfsweep_shard0,SPT_SMPT,47,7921.60,95,0,1,2496.4,3272.1,775.7,2,2,66.1,0.2,323.9,111.0,274.4,66.1
2026-09-19 18:04:32,mfsweep_shard0,SPT_SMPT,47,7921.60,96,0,1,2522.6,7850.2,5327.5,2,2,86.4,1.8,1468.3,316.2,3454.7,86.4
2026-09-19 18:04:32,mfsweep_shard0,SPT_SMPT,47,7921.60,97,0,1,2548.9,4722.3,2173.4,2,2,71.0,1.4,844.2,157.2,1099.7,71.0
2026-09-19 18:04:32,mfsweep_shard0,SPT_SMPT,47,7921.60,98,0,1,2575.2,7552.1,4977.0,2,2,85.6,2.5,1311.8,234.5,3342.6,85.6
2026-09-19 18:04:32,mfsweep_shard0,SPT_SMPT,47,7921.60,99,0,1,2601.5,4564.9,1963.4,2,2,82.0,1.0,741.7,170.1,968.7,82.0
2026-09-19 18:04:32,mfsweep_shard0,SPT_SMPT,47,7921.60,100,0,1,2627.7,3086.2,458.5,2,2,53.9,0.3,241.6,115.7,46.9,53.9
2026-09-19 18:04:32,mfsweep_shard0,SPT_SMPT,47,7921.60,101,0,1,2654.0,5775.1,3121.1,2,2,77.3,1.7,1235.9,266.9,1504.5,112.1
2026-09-19 18:04:32,mfsweep_shard0,SPT_SMPT,47,7921.60,102,0,1,2680.3,4578.8,1898.5,2,2,76.0,0.7,595.6,167.0,1059.1,76.0
2026-09-19 18:04:32,mfsweep_shard0,SPT_SMPT,47,7921.60,103,0,1,2706.6,4586.0,1879.5,2,2,71.3,0.8,671.4,152.8,983.3,71.3
2026-09-19 18:04:32,mfsweep_shard0,SPT_SMPT,47,7921.60,104,0,1,2732.9,3145.0,412.1,2,2,62.4,0.0,211.5,112.9,25.4,62.4
2026-09-19 18:04:32,mfsweep_shard0,SPT_SMPT,47,7921.60,105,0,1,2759.1,5454.8,2695.7,2,2,74.7,1.9,1080.5,144.0,1394.6,74.7
2026-09-19 18:04:32,mfsweep_shard0,SPT_SMPT,47,7921.60,106,0,1,2785.4,3217.3,431.9,2,2,57.2,0.0,259.4,110.0,5.3,57.2
2026-09-19 18:04:32,mfsweep_shard0,SPT_SMPT,47,7921.60,107,0,1,2811.7,3676.5,864.8,2,2,67.9,0.0,256.9,101.4,438.6,67.9
2026-09-19 18:04:32,mfsweep_shard0,SPT_SMPT,47,7921.60,108,0,1,2838.0,3882.7,1044.8,2,2,68.5,0.0,205.5,94.4,676.3,68.5
2026-09-19 18:04:32,mfsweep_shard0,SPT_SMPT,47,7921.60,109,0,1,2864.2,7481.6,4617.3,2,2,85.0,2.5,1358.4,178.4,2993.0,85.0
2026-09-19 18:04:32,mfsweep_shard0,SPT_SMPT,47,7921.60,110,0,1,2890.5,6635.4,3744.9,2,2,82.4,2.5,1328.5,144.6,2186.9,82.4
2026-09-19 18:04:32,mfsweep_shard0,SPT_SMPT,47,7921.60,111,0,1,2916.8,3312.9,396.1,2,2,62.2,0.0,165.3,106.1,62.4,62.2
2026-09-19 18:04:32,mfsweep_shard0,SPT_SMPT,47,7921.60,112,0,1,2943.1,5165.1,2222.0,2,2,70.1,2.1,1126.5,173.2,850.3,70.1
2026-09-19 18:04:32,mfsweep_shard0,SPT_SMPT,47,7921.60,113,0,1,2969.3,3539.1,569.8,2,2,59.4,0.0,233.0,136.1,134.6,66.0
2026-09-19 18:04:32,mfsweep_shard0,SPT_SMPT,47,7921.60,114,0,1,2995.6,6974.6,3979.0,2,2,83.7,2.6,1343.9,176.0,2372.8,83.7
2026-09-19 18:04:32,mfsweep_shard0,SPT_SMPT,47,7921.60,115,0,1,3021.9,6568.0,3546.1,2,2,82.3,2.7,1289.3,146.3,2025.5,82.3
2026-09-19 18:04:32,mfsweep_shard0,SPT_SMPT,47,7921.60,116,0,1,3048.2,3444.7,396.5,2,2,63.4,0.1,179.2,106.1,47.7,63.4
2026-09-19 18:04:32,mfsweep_shard0,SPT_SMPT,47,7921.60,117,0,1,3074.5,5394.6,2320.2,2,2,74.6,2.3,1110.0,143.2,990.0,74.6
2026-09-19 18:04:32,mfsweep_shard0,SPT_SMPT,47,7921.60,118,0,1,3100.7,5335.5,2234.8,2,2,73.6,2.4,1122.3,141.9,894.6,73.6
2026-09-19 18:04:32,mfsweep_shard0,SPT_SMPT,47,7921.60,119,0,1,3127.0,3474.0,347.0,2,2,58.6,0.1,129.8,108.2,50.4,58.6
2026-09-19 18:04:32,mfsweep_shard0,SPT_SMPT,47,7921.60,120,0,1,3153.3,5845.6,2692.3,2,2,78.7,2.9,1334.6,148.3,1127.8,78.7
2026-09-19 18:04:32,mfsweep_shard0,SPT_SMPT,47,7921.60,121,0,1,3179.6,5186.7,2007.1,2,2,71.3,2.4,1138.8,188.2,606.4,71.3
2026-09-19 18:04:32,mfsweep_shard0,SPT_SMPT,47,7921.60,122,0,1,3205.8,5974.0,2768.1,2,2,79.2,3.0,1294.7,146.7,1244.5,79.2
2026-09-19 18:04:32,mfsweep_shard0,SPT_SMPT,47,7921.60,123,0,1,3232.1,5222.3,1990.2,2,2,71.0,2.6,1069.1,143.0,704.5,71.0
2026-09-19 18:04:32,mfsweep_shard0,SPT_SMPT,47,7921.60,124,0,1,3258.4,3467.0,208.6,2,2,53.6,0.0,24.8,106.9,23.3,53.6
2026-09-19 18:04:32,mfsweep_shard0,SPT_SMPT,47,7921.60,125,0,1,3284.7,3636.0,351.3,2,2,64.2,0.0,85.2,121.2,80.7,64.2
2026-09-19 18:04:32,mfsweep_shard0,SPT_SMPT,47,7921.60,126,0,1,3311.0,3552.4,241.5,2,2,54.2,0.0,57.5,117.8,12.0,54.2
2026-09-19 18:04:32,mfsweep_shard0,SPT_SMPT,47,7921.60,127,0,1,3337.2,7112.5,3775.3,2,2,84.2,3.2,1415.3,164.1,2108.5,84.2
2026-09-19 18:04:32,mfsweep_shard0,SPT_SMPT,47,7921.60,128,0,1,3363.5,6837.8,3474.3,2,2,82.5,3.3,1362.5,166.4,1859.6,82.5
2026-09-19 18:04:32,mfsweep_shard0,SPT_SMPT,47,7921.60,129,0,1,3389.8,6301.4,2911.6,2,2,81.0,3.3,1453.6,213.8,1159.2,81.7
2026-09-19 18:04:32,mfsweep_shard0,SPT_SMPT,47,7921.60,130,0,1,3416.1,3717.5,301.5,2,2,63.7,0.0,42.5,151.2,44.0,63.7
2026-09-19 18:04:32,mfsweep_shard0,SPT_SMPT,47,7921.60,131,0,1,3442.3,3748.1,305.7,2,2,55.5,0.1,89.4,135.0,25.8,55.5
2026-09-19 18:04:32,mfsweep_shard0,SPT_SMPT,47,7921.60,132,0,1,3468.6,6770.3,3301.7,2,2,82.5,3.4,1390.0,181.1,1644.7,82.5
2026-09-19 18:04:32,mfsweep_shard0,SPT_SMPT,47,7921.60,133,0,1,3494.9,7411.6,3916.7,2,2,84.8,3.6,1525.7,163.6,2138.9,84.8
2026-09-19 18:04:32,mfsweep_shard0,SPT_SMPT,47,7921.60,134,0,1,3521.2,3829.7,308.5,2,2,56.4,0.0,69.4,68.4,114.3,56.4
2026-09-19 18:04:32,mfsweep_shard0,SPT_SMPT,47,7921.60,135,0,1,3547.5,5276.4,1728.9,2,2,69.6,2.9,1160.8,130.5,307.3,127.4
2026-09-19 18:04:32,mfsweep_shard0,SPT_SMPT,47,7921.60,136,0,1,3573.7,3787.9,214.1,2,2,55.8,0.0,35.0,83.7,39.5,55.8
2026-09-19 18:10:32,mfsweep_shard0,SPT_SMPT,48,7922.92,0,0,1,0.0,248.0,248.0,2,2,74.6,0.0,67.5,105.8,0.0,74.6
2026-09-19 18:10:32,mfsweep_shard0,SPT_SMPT,48,7922.92,1,0,1,26.3,259.8,233.5,2,2,54.4,0.0,47.4,110.3,21.4,54.4
2026-09-19 18:10:32,mfsweep_shard0,SPT_SMPT,48,7922.92,2,0,1,52.6,397.0,344.5,2,2,62.6,0.0,113.1,83.5,85.2,62.6
2026-09-19 18:10:32,mfsweep_shard0,SPT_SMPT,48,7922.92,3,0,1,78.8,369.4,290.5,2,2,60.9,0.0,96.8,121.4,11.3,60.9
2026-09-19 18:10:32,mfsweep_shard0,SPT_SMPT,48,7922.92,4,0,1,105.1,859.9,754.8,2,2,77.8,0.0,236.9,204.3,235.7,77.8
2026-09-19 18:10:32,mfsweep_shard0,SPT_SMPT,48,7922.92,5,0,1,131.4,469.1,337.7,2,2,75.9,0.0,109.2,137.8,14.8,75.9
2026-09-19 18:10:32,mfsweep_shard0,SPT_SMPT,48,7922.92,6,0,1,157.7,6536.0,6378.4,2,2,83.0,0.1,519.7,432.9,5342.7,83.0
2026-09-19 18:10:32,mfsweep_shard0,SPT_SMPT,48,7922.92,7,0,1,183.9,716.2,532.3,2,2,56.4,0.1,172.3,222.9,80.6,56.4
2026-09-19 18:10:32,mfsweep_shard0,SPT_SMPT,48,7922.92,8,0,1,210.2,500.1,289.9,2,2,67.5,0.0,83.4,119.6,19.4,67.5
2026-09-19 18:10:32,mfsweep_shard0,SPT_SMPT,48,7922.92,9,0,1,236.5,691.8,455.3,2,2,54.5,0.1,165.5,163.9,35.2,90.5
2026-09-19 18:10:32,mfsweep_shard0,SPT_SMPT,48,7922.92,10,0,1,262.8,955.8,693.0,2,2,60.8,0.2,242.8,238.6,150.7,60.8
2026-09-19 18:10:32,mfsweep_shard0,SPT_SMPT,48,7922.92,11,0,1,289.1,780.4,491.4,2,2,70.2,0.1,151.0,185.7,84.4,70.2
2026-09-19 18:10:32,mfsweep_shard0,SPT_SMPT,48,7922.92,12,0,1,315.3,597.6,282.3,2,2,54.4,0.0,94.0,133.9,0.0,54.4
2026-09-19 18:10:32,mfsweep_shard0,SPT_SMPT,48,7922.92,13,0,1,341.6,913.8,572.2,2,2,60.1,0.1,229.1,185.4,58.9,98.7
2026-09-19 18:10:32,mfsweep_shard0,SPT_SMPT,48,7922.92,14,0,1,367.9,3523.9,3156.0,2,2,75.0,0.2,445.6,265.4,2322.3,122.5
2026-09-19 18:10:32,mfsweep_shard0,SPT_SMPT,48,7922.92,15,0,1,394.2,1535.1,1140.9,2,2,71.5,0.2,293.9,257.3,495.7,93.8
2026-09-19 18:10:32,mfsweep_shard0,SPT_SMPT,48,7922.92,16,0,1,420.4,1248.7,828.3,2,2,60.8,0.2,380.2,168.9,183.5,95.5
2026-09-19 18:10:32,mfsweep_shard0,SPT_SMPT,48,7922.92,17,0,1,446.7,1652.9,1206.1,2,2,73.0,0.1,527.6,209.5,381.6,87.3
2026-09-19 18:10:32,mfsweep_shard0,SPT_SMPT,48,7922.92,18,0,1,473.0,4398.7,3925.7,2,2,80.3,0.2,595.5,357.7,2892.0,80.3
2026-09-19 18:10:32,mfsweep_shard0,SPT_SMPT,48,7922.92,19,0,1,499.3,970.3,471.0,2,2,53.8,0.0,229.1,188.2,0.0,53.8
2026-09-19 18:10:32,mfsweep_shard0,SPT_SMPT,48,7922.92,20,0,1,525.6,4515.0,3989.4,2,2,80.1,0.3,687.1,292.4,2929.4,80.1
2026-09-19 18:10:32,mfsweep_shard0,SPT_SMPT,48,7922.92,21,0,1,551.8,1046.9,495.1,2,2,76.6,0.0,304.9,94.2,19.4,76.6
2026-09-19 18:10:32,mfsweep_shard0,SPT_SMPT,48,7922.92,22,0,1,578.1,1126.3,548.2,2,2,64.8,0.0,252.4,152.3,78.7,64.8
2026-09-19 18:10:32,mfsweep_shard0,SPT_SMPT,48,7922.92,23,0,1,604.4,1035.1,430.7,2,2,58.7,0.0,275.5,91.3,5.3,58.7
2026-09-19 18:10:32,mfsweep_shard0,SPT_SMPT,48,7922.92,24,0,1,630.7,7341.8,6711.2,2,2,85.1,0.5,924.5,358.4,5342.7,85.1
2026-09-19 18:10:32,mfsweep_shard0,SPT_SMPT,48,7922.92,25,0,1,656.9,1315.1,658.2,2,2,64.7,0.0,320.2,119.9,153.4,64.7
2026-09-19 18:10:32,mfsweep_shard0,SPT_SMPT,48,7922.92,26,0,1,683.2,1220.8,537.6,2,2,56.6,0.0,337.7,114.4,28.9,56.6
2026-09-19 18:10:32,mfsweep_shard0,SPT_SMPT,48,7922.92,27,0,1,709.5,1159.9,450.4,2,2,56.7,0.0,270.9,108.9,13.8,56.7
2026-09-19 18:10:32,mfsweep_shard0,SPT_SMPT,48,7922.92,28,0,1,735.8,6331.5,5595.7,2,2,81.5,0.6,796.2,278.7,4438.7,81.5
2026-09-19 18:10:32,mfsweep_shard0,SPT_SMPT,48,7922.92,29,0,1,762.0,2545.0,1783.0,2,2,73.5,0.3,482.4,162.4,1064.5,73.5
2026-09-19 18:10:32,mfsweep_shard0,SPT_SMPT,48,7922.92,30,0,1,788.3,6133.1,5344.8,2,2,80.2,0.7,784.0,266.7,4213.1,80.2
2026-09-19 18:10:32,mfsweep_shard0,SPT_SMPT,48,7922.92,31,0,1,814.6,4023.9,3209.3,2,2,77.6,0.7,658.0,247.7,2225.3,77.6
2026-09-19 18:10:32,mfsweep_shard0,SPT_SMPT,48,7922.92,32,0,1,840.9,1394.8,554.0,2,2,71.2,0.0,229.8,118.3,134.6,71.2
2026-09-19 18:10:32,mfsweep_shard0,SPT_SMPT,48,7922.92,33,0,1,867.2,6748.0,5880.8,2,2,85.7,1.0,1010.8,338.9,4444.4,85.7
2026-09-19 18:10:32,mfsweep_shard0,SPT_SMPT,48,7922.92,34,0,1,893.4,1365.0,471.5,2,2,66.0,0.0,240.4,123.5,41.6,66.0
2026-09-19 18:10:32,mfsweep_shard0,SPT_SMPT,48,7922.92,35,0,1,919.7,1659.9,740.2,2,2,71.8,0.3,299.9,186.5,181.7,71.8
2026-09-19 18:10:32,mfsweep_shard0,SPT_SMPT,48,7922.92,36,0,1,946.0,6199.5,5253.5,2,2,80.9,1.1,997.7,294.9,3879.0,80.9
2026-09-19 18:10:32,mfsweep_shard0,SPT_SMPT,48,7922.92,37,0,1,972.3,3589.2,2616.9,2,2,74.0,0.7,605.8,192.0,1744.4,74.0
2026-09-19 18:10:32,mfsweep_shard0,SPT_SMPT,48,7922.92,38,0,1,998.5,6627.0,5628.4,2,2,82.0,1.3,1048.9,357.3,4126.7,94.2
2026-09-19 18:10:32,mfsweep_shard0,SPT_SMPT,48,7922.92,39,0,1,1024.8,2493.5,1468.7,2,2,72.6,0.6,524.6,153.8,706.8,82.9
2026-09-19 18:10:32,mfsweep_shard0,SPT_SMPT,48,7922.92,40,0,1,1051.1,4085.7,3034.6,2,2,76.8,1.1,811.7,249.5,1895.5,76.8
2026-09-19 18:10:32,mfsweep_shard0,SPT_SMPT,48,7922.92,41,0,1,1077.4,1682.9,605.5,2,2,55.1,0.4,355.7,170.9,23.5,55.1
2026-09-19 18:10:32,mfsweep_shard0,SPT_SMPT,48,7922.92,42,0,1,1103.7,1811.9,708.2,2,2,61.1,0.4,341.0,158.7,147.0,61.1
2026-09-19 18:10:32,mfsweep_shard0,SPT_SMPT,48,7922.92,43,0,1,1129.9,2074.4,944.5,2,2,63.1,0.4,369.2,165.1,346.6,63.1
2026-09-19 18:10:32,mfsweep_shard0,SPT_SMPT,48,7922.92,44,0,1,1156.2,1781.2,625.0,2,2,56.2,0.5,395.5,144.7,28.1,56.2
2026-09-19 18:10:32,mfsweep_shard0,SPT_SMPT,48,7922.92,45,0,1,1182.5,1621.4,438.9,2,2,61.2,0.0,240.7,129.9,7.0,61.2
2026-09-19 18:10:32,mfsweep_shard0,SPT_SMPT,48,7922.92,46,0,1,1208.8,1797.6,588.8,2,2,56.9,0.0,336.2,142.6,53.1,56.9
2026-09-19 18:10:32,mfsweep_shard0,SPT_SMPT,48,7922.92,47,0,1,1235.0,1905.8,670.7,2,2,62.7,0.0,312.5,140.0,155.5,62.7
2026-09-19 18:10:32,mfsweep_shard0,SPT_SMPT,48,7922.92,48,0,1,1261.3,3645.1,2383.7,2,2,74.5,0.6,623.5,150.2,1534.9,74.5
2026-09-19 18:10:32,mfsweep_shard0,SPT_SMPT,48,7922.92,49,0,1,1287.6,1804.7,517.1,2,2,65.6,0.0,323.6,125.8,2.0,65.6
2026-09-19 18:10:32,mfsweep_shard0,SPT_SMPT,48,7922.92,50,0,1,1313.9,2117.7,803.8,2,2,65.8,0.0,405.5,148.5,184.0,65.8
2026-09-19 18:10:32,mfsweep_shard0,SPT_SMPT,48,7922.92,51,0,1,1340.2,1984.5,644.4,2,2,60.5,0.0,301.3,162.3,87.0,93.8
2026-09-19 18:10:32,mfsweep_shard0,SPT_SMPT,48,7922.92,52,0,1,1366.4,1947.1,580.7,2,2,62.4,0.0,369.1,111.8,37.4,62.4
2026-09-19 18:10:32,mfsweep_shard0,SPT_SMPT,48,7922.92,53,0,1,1392.7,7190.9,5798.2,2,2,84.5,1.3,1227.4,308.0,4177.0,84.5
2026-09-19 18:10:32,mfsweep_shard0,SPT_SMPT,48,7922.92,54,0,1,1419.0,4138.3,2719.3,2,2,74.9,1.0,936.2,193.5,1513.7,74.9
2026-09-19 18:10:32,mfsweep_shard0,SPT_SMPT,48,7922.92,55,0,1,1445.3,2713.1,1267.8,2,2,73.6,0.4,460.3,117.3,616.2,73.6
2026-09-19 18:10:32,mfsweep_shard0,SPT_SMPT,48,7922.92,56,0,1,1471.5,2028.0,556.5,2,2,59.2,0.0,343.9,107.8,45.6,59.2
2026-09-19 18:10:32,mfsweep_shard0,SPT_SMPT,48,7922.92,57,0,1,1497.8,4792.5,3294.7,2,2,77.6,1.3,1124.1,288.5,1803.1,77.6
2026-09-19 18:10:32,mfsweep_shard0,SPT_SMPT,48,7922.92,58,0,1,1524.1,1991.7,467.6,2,2,58.9,0.0,263.4,114.9,30.3,58.9
2026-09-19 18:10:32,mfsweep_shard0,SPT_SMPT,48,7922.92,59,0,1,1550.4,2173.2,622.8,2,2,66.1,0.0,294.7,151.4,73.9,102.8
2026-09-19 18:10:32,mfsweep_shard0,SPT_SMPT,48,7922.92,60,0,1,1576.6,7851.5,6274.8,2,2,86.2,1.7,1502.6,420.6,4154.1,195.7
2026-09-19 18:10:32,mfsweep_shard0,SPT_SMPT,48,7922.92,61,0,1,1602.9,3706.6,2103.6,2,2,74.7,0.8,799.1,177.7,1051.3,74.7
2026-09-19 18:10:32,mfsweep_shard0,SPT_SMPT,48,7922.92,62,0,1,1629.2,2239.2,610.0,2,2,71.9,0.0,360.2,122.6,55.2,71.9
2026-09-19 18:10:32,mfsweep_shard0,SPT_SMPT,48,7922.92,63,0,1,1655.5,4522.0,2866.5,2,2,76.1,1.4,1157.5,350.0,1281.5,76.1
2026-09-19 18:10:32,mfsweep_shard0,SPT_SMPT,48,7922.92,64,0,1,1681.8,2392.3,710.5,2,2,81.4,0.0,437.3,175.1,15.6,82.4
2026-09-19 18:10:32,mfsweep_shard0,SPT_SMPT,48,7922.92,65,0,1,1708.0,6003.7,4295.7,2,2,79.2,1.7,1323.5,239.1,2652.3,79.2
2026-09-19 18:10:32,mfsweep_shard0,SPT_SMPT,48,7922.92,66,0,1,1734.3,2406.8,672.5,2,2,61.1,0.0,393.3,122.5,95.5,61.1
2026-09-19 18:10:32,mfsweep_shard0,SPT_SMPT,48,7922.92,67,0,1,1760.6,2414.0,653.4,2,2,54.6,0.1,471.9,124.3,2.6,54.6
2026-09-19 18:10:32,mfsweep_shard0,SPT_SMPT,48,7922.92,68,0,1,1786.9,2421.1,634.3,2,2,64.0,0.1,327.6,121.2,121.4,64.0
2026-09-19 18:10:32,mfsweep_shard0,SPT_SMPT,48,7922.92,69,0,1,1813.1,2640.2,827.1,2,2,62.4,0.1,559.8,122.2,82.6,62.4
2026-09-19 18:10:32,mfsweep_shard0,SPT_SMPT,48,7922.92,70,0,1,1839.4,2558.5,719.0,2,2,60.5,0.1,506.3,116.0,36.1,60.5
2026-09-19 18:10:32,mfsweep_shard0,SPT_SMPT,48,7922.92,71,0,1,1865.7,7614.1,5748.4,2,2,84.7,1.8,1639.4,364.0,3658.5,84.7
2026-09-19 18:10:32,mfsweep_shard0,SPT_SMPT,48,7922.92,72,0,1,1892.0,6765.8,4873.8,2,2,82.5,1.7,1454.6,261.8,3073.1,82.5
2026-09-19 18:10:32,mfsweep_shard0,SPT_SMPT,48,7922.92,73,0,1,1918.3,2651.8,733.5,2,2,63.9,0.2,528.4,100.4,40.7,63.9
2026-09-19 18:10:32,mfsweep_shard0,SPT_SMPT,48,7922.92,74,0,1,1944.5,5814.1,3869.6,2,2,75.2,1.4,1487.2,209.7,2096.0,75.2
2026-09-19 18:10:32,mfsweep_shard0,SPT_SMPT,48,7922.92,75,0,1,1970.8,2939.3,968.5,2,2,66.6,0.0,556.0,100.5,240.8,71.3
2026-09-19 18:10:32,mfsweep_shard0,SPT_SMPT,48,7922.92,76,0,1,1997.1,7119.9,5122.8,2,2,83.7,2.0,1663.1,297.0,3077.0,83.7
2026-09-19 18:10:32,mfsweep_shard0,SPT_SMPT,48,7922.92,77,0,1,2023.4,3761.0,1737.6,2,2,68.7,0.6,864.2,132.1,672.0,68.7
2026-09-19 18:10:32,mfsweep_shard0,SPT_SMPT,48,7922.92,78,0,1,2049.6,2834.0,784.3,2,2,62.3,0.0,530.3,183.2,8.5,62.3
2026-09-19 18:10:32,mfsweep_shard0,SPT_SMPT,48,7922.92,79,0,1,2075.9,2786.7,710.8,2,2,61.7,0.0,461.8,146.0,41.4,61.7
2026-09-19 18:10:32,mfsweep_shard0,SPT_SMPT,48,7922.92,80,0,1,2102.2,4215.5,2113.3,2,2,72.1,1.0,1078.9,227.4,734.1,72.1
2026-09-19 18:10:32,mfsweep_shard0,SPT_SMPT,48,7922.92,81,0,1,2128.5,2897.5,769.0,2,2,62.2,0.1,531.9,98.8,76.0,62.2
2026-09-19 18:10:32,mfsweep_shard0,SPT_SMPT,48,7922.92,82,0,1,2154.7,4618.0,2463.2,2,2,72.8,1.5,1321.8,237.5,796.2,106.3
2026-09-19 18:10:32,mfsweep_shard0,SPT_SMPT,48,7922.92,83,0,1,2181.0,7475.3,5294.3,2,2,83.2,2.4,1854.7,347.1,2963.6,126.4
2026-09-19 18:10:32,mfsweep_shard0,SPT_SMPT,48,7922.92,84,0,1,2207.3,4828.3,2621.0,2,2,66.7,1.8,1602.4,258.9,637.2,120.7
2026-09-19 18:10:32,mfsweep_shard0,SPT_SMPT,48,7922.92,85,0,1,2233.6,2875.4,641.8,2,2,60.8,0.0,477.3,99.1,4.6,60.8
2026-09-19 18:10:32,mfsweep_shard0,SPT_SMPT,48,7922.92,86,0,1,2259.9,7922.9,5663.1,2,2,86.5,2.7,1964.0,376.6,3233.4,86.5
2026-09-19 18:10:32,mfsweep_shard0,SPT_SMPT,48,7922.92,87,0,1,2286.1,5519.6,3233.4,2,2,70.4,2.0,1614.1,275.9,1265.1,76.4
2026-09-19 18:10:32,mfsweep_shard0,SPT_SMPT,48,7922.92,88,0,1,2312.4,3065.4,753.0,2,2,56.5,0.0,458.5,144.7,93.2,56.5
2026-09-19 18:10:32,mfsweep_shard0,SPT_SMPT,48,7922.92,89,0,1,2338.7,3021.8,683.1,2,2,55.1,0.0,453.2,154.8,19.9,55.1
2026-09-19 18:10:32,mfsweep_shard0,SPT_SMPT,48,7922.92,90,0,1,2365.0,3158.6,793.7,2,2,57.2,0.0,453.4,185.8,97.3,57.2
2026-09-19 18:10:32,mfsweep_shard0,SPT_SMPT,48,7922.92,91,0,1,2391.2,5694.3,3303.0,2,2,74.3,2.1,1590.3,223.0,1413.4,74.3
2026-09-19 18:10:32,mfsweep_shard0,SPT_SMPT,48,7922.92,92,0,1,2417.5,4500.4,2082.8,2,2,79.7,1.3,1348.2,226.4,427.3,79.7
2026-09-19 18:10:32,mfsweep_shard0,SPT_SMPT,48,7922.92,93,0,1,2443.8,4244.7,1800.9,2,2,67.5,0.7,1114.0,196.1,422.6,67.5
2026-09-19 18:10:32,mfsweep_shard0,SPT_SMPT,48,7922.92,94,0,1,2470.1,3077.2,607.1,2,2,55.6,0.1,389.9,105.6,55.9,55.6
2026-09-19 18:10:32,mfsweep_shard0,SPT_SMPT,48,7922.92,95,0,1,2496.4,3255.7,759.3,2,2,66.1,0.1,359.2,114.4,219.5,66.1
2026-09-19 18:10:32,mfsweep_shard0,SPT_SMPT,48,7922.92,96,0,1,2522.6,4201.0,1678.3,2,2,86.4,0.8,1094.9,150.8,345.4,86.4
2026-09-19 18:10:32,mfsweep_shard0,SPT_SMPT,48,7922.92,97,0,1,2548.9,4264.9,1715.9,2,2,71.0,0.8,1194.2,132.9,317.0,71.0
2026-09-19 18:10:32,mfsweep_shard0,SPT_SMPT,48,7922.92,98,0,1,2575.2,4276.6,1701.4,2,2,85.6,0.9,1068.6,152.1,394.2,85.6
2026-09-19 18:10:32,mfsweep_shard0,SPT_SMPT,48,7922.92,99,0,1,2601.5,6401.3,3799.8,2,2,82.0,2.4,1707.5,151.4,1856.6,82.0
2026-09-19 18:10:32,mfsweep_shard0,SPT_SMPT,48,7922.92,100,0,1,2627.7,3181.5,553.7,2,2,53.9,0.2,350.8,115.2,33.6,53.9
2026-09-19 18:10:32,mfsweep_shard0,SPT_SMPT,48,7922.92,101,0,1,2654.0,5875.9,3221.9,2,2,77.3,2.5,1714.6,167.3,1260.2,77.3
2026-09-19 18:10:32,mfsweep_shard0,SPT_SMPT,48,7922.92,102,0,1,2680.3,4807.0,2126.7,2,2,76.0,2.2,1649.4,150.1,249.0,76.0
2026-09-19 18:10:32,mfsweep_shard0,SPT_SMPT,48,7922.92,103,0,1,2706.6,4821.2,2114.6,2,2,71.3,2.2,1608.8,164.3,267.9,71.3
2026-09-19 18:10:32,mfsweep_shard0,SPT_SMPT,48,7922.92,104,0,1,2732.9,3193.2,460.3,2,2,62.4,0.3,258.5,109.2,30.0,62.4
2026-09-19 18:10:32,mfsweep_shard0,SPT_SMPT,48,7922.92,105,0,1,2759.1,5753.4,2994.3,2,2,74.7,2.5,1734.8,100.3,1081.9,74.7
2026-09-19 18:10:32,mfsweep_shard0,SPT_SMPT,48,7922.92,106,0,1,2785.4,3289.1,503.7,2,2,57.2,0.0,277.0,112.3,57.1,57.2
2026-09-19 18:10:32,mfsweep_shard0,SPT_SMPT,48,7922.92,107,0,1,2811.7,4799.8,1988.1,2,2,67.9,2.2,1513.9,175.1,228.9,67.9
2026-09-19 18:10:32,mfsweep_shard0,SPT_SMPT,48,7922.92,108,0,1,2838.0,5355.1,2517.2,2,2,68.5,2.7,1704.9,96.4,644.7,68.5
2026-09-19 18:10:32,mfsweep_shard0,SPT_SMPT,48,7922.92,109,0,1,2864.2,4814.1,1949.8,2,2,85.0,2.3,1588.2,152.2,122.2,85.0
2026-09-19 18:10:32,mfsweep_shard0,SPT_SMPT,48,7922.92,110,0,1,2890.5,6837.6,3947.0,2,2,82.4,3.2,1943.6,158.1,1740.2,101.9
2026-09-19 18:10:32,mfsweep_shard0,SPT_SMPT,48,7922.92,111,0,1,2916.8,4913.4,1996.6,2,2,62.2,2.9,1666.3,115.2,104.1,108.2
2026-09-19 18:10:32,mfsweep_shard0,SPT_SMPT,48,7922.92,112,0,1,2943.1,5464.7,2521.7,2,2,70.1,3.0,1697.0,92.0,659.6,70.1
2026-09-19 18:10:32,mfsweep_shard0,SPT_SMPT,48,7922.92,113,0,1,2969.3,4901.8,1932.5,2,2,59.4,3.1,1707.8,113.9,48.3,59.4
2026-09-19 18:10:32,mfsweep_shard0,SPT_SMPT,48,7922.92,114,0,1,2995.6,7407.1,4411.5,2,2,83.7,4.1,2049.1,220.6,2054.0,83.7
2026-09-19 18:10:32,mfsweep_shard0,SPT_SMPT,48,7922.92,115,0,1,3021.9,3824.1,802.2,2,2,82.3,0.0,548.7,127.0,44.1,82.3
2026-09-19 18:10:32,mfsweep_shard0,SPT_SMPT,48,7922.92,116,0,1,3048.2,5012.1,1963.9,2,2,63.4,3.2,1674.5,117.8,105.0,63.4
2026-09-19 18:10:32,mfsweep_shard0,SPT_SMPT,48,7922.92,117,0,1,3074.5,3816.7,742.2,2,2,74.6,0.0,554.4,87.4,25.7,74.6
2026-09-19 18:10:32,mfsweep_shard0,SPT_SMPT,48,7922.92,118,0,1,3100.7,5634.5,2533.8,2,2,73.6,3.3,1617.2,112.8,726.8,73.6
2026-09-19 18:10:32,mfsweep_shard0,SPT_SMPT,48,7922.92,119,0,1,3127.0,5102.1,1975.1,2,2,58.6,2.3,1682.0,106.1,126.1,58.6
2026-09-19 18:10:32,mfsweep_shard0,SPT_SMPT,48,7922.92,120,0,1,3153.3,5940.1,2786.8,2,2,78.7,2.4,1660.2,99.1,946.5,78.7
2026-09-19 18:10:32,mfsweep_shard0,SPT_SMPT,48,7922.92,121,0,1,3179.6,5576.4,2396.8,2,2,71.3,2.4,1642.0,91.8,589.3,71.3
2026-09-19 18:10:32,mfsweep_shard0,SPT_SMPT,48,7922.92,122,0,1,3205.8,6068.4,2862.6,2,2,79.2,2.5,1575.7,86.6,1118.5,79.2
2026-09-19 18:10:32,mfsweep_shard0,SPT_SMPT,48,7922.92,123,0,1,3232.1,4237.6,1005.5,2,2,71.0,0.0,766.7,110.3,57.5,71.0
2026-09-19 18:10:32,mfsweep_shard0,SPT_SMPT,48,7922.92,124,0,1,3258.4,5036.4,1778.0,2,2,53.6,1.6,1590.7,107.6,24.5,53.6
2026-09-19 18:10:32,mfsweep_shard0,SPT_SMPT,48,7922.92,125,0,1,3284.7,5153.5,1868.8,2,2,64.2,0.0,1593.6,99.1,111.9,64.2
2026-09-19 18:10:32,mfsweep_shard0,SPT_SMPT,48,7922.92,126,0,1,3311.0,5063.2,1752.2,2,2,54.2,0.0,1531.5,113.9,52.7,54.2
2026-09-19 18:10:32,mfsweep_shard0,SPT_SMPT,48,7922.92,127,0,1,3337.2,7544.5,4207.2,2,2,84.2,1.1,2038.1,232.6,1851.2,84.2
2026-09-19 18:10:32,mfsweep_shard0,SPT_SMPT,48,7922.92,128,0,1,3363.5,6972.6,3609.1,2,2,82.5,0.6,1822.5,153.5,1549.9,82.5
2026-09-19 18:10:32,mfsweep_shard0,SPT_SMPT,48,7922.92,129,0,1,3389.8,6265.0,2875.2,2,2,81.0,0.0,1549.3,99.1,1145.7,81.0
2026-09-19 18:10:32,mfsweep_shard0,SPT_SMPT,48,7922.92,130,0,1,3416.1,5182.9,1766.9,2,2,63.7,0.0,1551.5,99.8,51.8,63.7
2026-09-19 18:10:32,mfsweep_shard0,SPT_SMPT,48,7922.92,131,0,1,3442.3,5219.0,1776.6,2,2,55.5,0.0,1554.5,86.8,79.8,55.5
2026-09-19 18:10:32,mfsweep_shard0,SPT_SMPT,48,7922.92,132,0,1,3468.6,6905.1,3436.4,2,2,82.5,0.6,1774.9,146.2,1432.2,82.5
2026-09-19 18:10:32,mfsweep_shard0,SPT_SMPT,48,7922.92,133,0,1,3494.9,7683.9,4189.0,2,2,84.8,1.4,1964.3,217.3,1921.3,84.8
2026-09-19 18:10:32,mfsweep_shard0,SPT_SMPT,48,7922.92,134,0,1,3521.2,5301.1,1780.0,2,2,56.4,0.0,1472.8,94.1,156.6,56.4
2026-09-19 18:10:32,mfsweep_shard0,SPT_SMPT,48,7922.92,135,0,1,3547.5,5409.2,1861.7,2,2,69.6,0.0,1455.7,86.8,249.6,69.6
2026-09-19 18:10:32,mfsweep_shard0,SPT_SMPT,48,7922.92,136,0,1,3573.7,5260.3,1686.6,2,2,55.8,0.0,1453.3,115.8,61.6,55.8
2026-09-19 18:15:55,mfsweep_shard0,SPT_SMPT,49,7218.28,0,0,1,0.0,418.3,418.3,2,2,74.6,0.0,116.9,129.9,84.5,87.0
2026-09-19 18:15:55,mfsweep_shard0,SPT_SMPT,49,7218.28,1,0,1,26.3,199.6,173.4,2,2,54.4,0.0,36.5,82.4,0.0,54.4
2026-09-19 18:15:55,mfsweep_shard0,SPT_SMPT,49,7218.28,2,0,1,52.6,361.6,309.1,2,2,62.6,0.0,67.4,120.9,58.2,62.6
2026-09-19 18:15:55,mfsweep_shard0,SPT_SMPT,49,7218.28,3,0,1,78.8,295.5,216.7,2,2,60.9,0.0,47.1,98.0,10.6,60.9
2026-09-19 18:15:55,mfsweep_shard0,SPT_SMPT,49,7218.28,4,0,1,105.1,2130.9,2025.8,2,2,77.8,0.0,169.1,171.2,1607.6,77.8
2026-09-19 18:15:55,mfsweep_shard0,SPT_SMPT,49,7218.28,5,0,1,131.4,478.3,346.9,2,2,75.9,0.0,90.7,119.9,60.5,75.9
2026-09-19 18:15:55,mfsweep_shard0,SPT_SMPT,49,7218.28,6,0,1,157.7,4281.1,4123.4,2,2,83.0,0.1,232.9,217.4,3590.1,83.0
2026-09-19 18:15:55,mfsweep_shard0,SPT_SMPT,49,7218.28,7,0,1,183.9,499.8,315.9,2,2,56.4,0.0,56.7,135.3,67.4,56.4
2026-09-19 18:15:55,mfsweep_shard0,SPT_SMPT,49,7218.28,8,0,1,210.2,840.8,630.6,2,2,67.5,0.0,72.6,138.6,351.9,67.5
2026-09-19 18:15:55,mfsweep_shard0,SPT_SMPT,49,7218.28,9,0,1,236.5,506.9,270.4,2,2,54.5,0.0,59.0,134.7,22.1,54.5
2026-09-19 18:15:55,mfsweep_shard0,SPT_SMPT,49,7218.28,10,0,1,262.8,639.7,376.9,2,2,60.8,0.0,24.8,121.2,170.1,60.8
2026-09-19 18:15:55,mfsweep_shard0,SPT_SMPT,49,7218.28,11,0,1,289.1,1052.9,763.8,2,2,70.2,0.0,67.9,131.3,494.3,70.2
2026-09-19 18:15:55,mfsweep_shard0,SPT_SMPT,49,7218.28,12,0,1,315.3,580.7,265.3,2,2,54.4,0.0,66.9,136.5,7.5,54.4
2026-09-19 18:15:55,mfsweep_shard0,SPT_SMPT,49,7218.28,13,0,1,341.6,632.5,290.9,2,2,60.1,0.0,78.0,148.5,4.3,60.1
2026-09-19 18:15:55,mfsweep_shard0,SPT_SMPT,49,7218.28,14,0,1,367.9,1918.1,1550.2,2,2,75.0,0.1,135.1,202.7,1137.3,75.0
2026-09-19 18:15:55,mfsweep_shard0,SPT_SMPT,49,7218.28,15,0,1,394.2,1211.5,817.3,2,2,71.5,0.0,149.4,163.4,432.8,71.6
2026-09-19 18:15:55,mfsweep_shard0,SPT_SMPT,49,7218.28,16,0,1,420.4,770.0,349.6,2,2,60.8,0.0,99.9,137.5,51.3,60.8
2026-09-19 18:15:55,mfsweep_shard0,SPT_SMPT,49,7218.28,17,0,1,446.7,1723.0,1276.3,2,2,73.0,0.1,99.0,171.4,932.8,73.0
2026-09-19 18:15:55,mfsweep_shard0,SPT_SMPT,49,7218.28,18,0,1,473.0,3011.0,2538.0,2,2,80.3,0.2,402.8,255.0,1799.7,80.3
2026-09-19 18:15:55,mfsweep_shard0,SPT_SMPT,49,7218.28,19,0,1,499.3,715.3,216.0,2,2,53.8,0.0,54.9,105.0,2.3,53.8
2026-09-19 18:15:55,mfsweep_shard0,SPT_SMPT,49,7218.28,20,0,1,525.6,2841.4,2315.8,2,2,80.1,0.3,303.5,199.3,1732.6,80.1
2026-09-19 18:15:55,mfsweep_shard0,SPT_SMPT,49,7218.28,21,0,1,551.8,2230.7,1678.9,2,2,76.6,0.3,378.6,223.7,999.7,76.6
2026-09-19 18:15:55,mfsweep_shard0,SPT_SMPT,49,7218.28,22,0,1,578.1,912.9,334.8,2,2,64.8,0.0,64.5,114.9,90.6,64.8
2026-09-19 18:15:55,mfsweep_shard0,SPT_SMPT,49,7218.28,23,0,1,604.4,868.7,264.3,2,2,58.7,0.0,71.0,102.2,32.4,58.7
2026-09-19 18:15:55,mfsweep_shard0,SPT_SMPT,49,7218.28,24,0,1,630.7,4468.5,3837.8,2,2,85.1,0.4,360.3,261.5,3130.5,85.1
2026-09-19 18:15:55,mfsweep_shard0,SPT_SMPT,49,7218.28,25,0,1,656.9,977.3,320.3,2,2,64.7,0.0,103.2,114.7,37.8,64.7
2026-09-19 18:15:55,mfsweep_shard0,SPT_SMPT,49,7218.28,26,0,1,683.2,1000.9,317.7,2,2,56.6,0.0,105.7,143.5,11.8,56.6
2026-09-19 18:15:55,mfsweep_shard0,SPT_SMPT,49,7218.28,27,0,1,709.5,993.8,284.3,2,2,56.7,0.0,12.0,139.9,75.7,56.7
2026-09-19 18:15:55,mfsweep_shard0,SPT_SMPT,49,7218.28,28,0,1,735.8,5050.0,4314.2,2,2,81.5,0.5,507.9,295.4,3428.9,81.5
2026-09-19 18:15:55,mfsweep_shard0,SPT_SMPT,49,7218.28,29,0,1,762.0,1972.9,1210.9,2,2,73.5,0.4,224.3,198.8,672.1,115.2
2026-09-19 18:15:55,mfsweep_shard0,SPT_SMPT,49,7218.28,30,0,1,788.3,2904.6,2116.3,2,2,80.2,0.6,394.5,232.9,1408.1,80.2
2026-09-19 18:15:55,mfsweep_shard0,SPT_SMPT,49,7218.28,31,0,1,814.6,2779.8,1965.2,2,2,77.6,0.6,397.3,225.8,1263.8,77.6
2026-09-19 18:15:55,mfsweep_shard0,SPT_SMPT,49,7218.28,32,0,1,840.9,1199.7,358.9,2,2,71.2,0.0,50.4,131.3,105.9,71.2
2026-09-19 18:15:55,mfsweep_shard0,SPT_SMPT,49,7218.28,33,0,1,867.2,6694.4,5827.2,2,2,85.7,0.8,681.3,329.0,4730.4,85.7
2026-09-19 18:15:55,mfsweep_shard0,SPT_SMPT,49,7218.28,34,0,1,893.4,1108.3,214.9,2,2,66.0,0.0,17.3,130.5,1.0,66.0
2026-09-19 18:15:55,mfsweep_shard0,SPT_SMPT,49,7218.28,35,0,1,919.7,1323.6,403.9,2,2,71.8,0.0,58.8,135.7,137.6,71.8
2026-09-19 18:15:55,mfsweep_shard0,SPT_SMPT,49,7218.28,36,0,1,946.0,3018.0,2072.0,2,2,80.9,0.7,395.1,228.7,1366.6,80.9
2026-09-19 18:15:55,mfsweep_shard0,SPT_SMPT,49,7218.28,37,0,1,972.3,2461.7,1489.5,2,2,74.0,0.8,495.3,219.6,699.8,74.0
2026-09-19 18:15:55,mfsweep_shard0,SPT_SMPT,49,7218.28,38,0,1,998.5,6145.7,5147.1,2,2,82.0,1.1,785.0,316.4,3962.3,82.4
2026-09-19 18:15:55,mfsweep_shard0,SPT_SMPT,49,7218.28,39,0,1,1024.8,2271.4,1246.5,2,2,72.6,0.9,523.1,176.2,473.7,72.6
2026-09-19 18:15:55,mfsweep_shard0,SPT_SMPT,49,7218.28,40,0,1,1051.1,2649.4,1598.3,2,2,76.8,1.0,535.5,248.3,736.7,76.8
2026-09-19 18:15:55,mfsweep_shard0,SPT_SMPT,49,7218.28,41,0,1,1077.4,1330.8,253.4,2,2,55.1,0.0,21.0,120.7,56.7,55.1
2026-09-19 18:15:55,mfsweep_shard0,SPT_SMPT,49,7218.28,42,0,1,1103.7,1432.1,328.5,2,2,61.1,0.0,48.5,144.8,74.1,61.1
2026-09-19 18:15:55,mfsweep_shard0,SPT_SMPT,49,7218.28,43,0,1,1129.9,1896.5,766.5,2,2,63.1,0.4,342.4,153.5,207.2,63.1
2026-09-19 18:15:55,mfsweep_shard0,SPT_SMPT,49,7218.28,44,0,1,1156.2,1454.3,298.1,2,2,56.2,0.0,116.8,123.0,2.1,56.2
2026-09-19 18:15:55,mfsweep_shard0,SPT_SMPT,49,7218.28,45,0,1,1182.5,1482.3,299.8,2,2,61.2,0.0,56.9,97.0,84.7,61.2
2026-09-19 18:15:55,mfsweep_shard0,SPT_SMPT,49,7218.28,46,0,1,1208.8,1509.5,300.8,2,2,56.9,0.0,96.5,131.8,15.5,56.9
2026-09-19 18:15:55,mfsweep_shard0,SPT_SMPT,49,7218.28,47,0,1,1235.0,2404.8,1169.8,2,2,62.7,1.1,587.6,195.9,272.2,113.0
2026-09-19 18:15:55,mfsweep_shard0,SPT_SMPT,49,7218.28,48,0,1,1261.3,2516.4,1255.1,2,2,74.5,1.1,569.0,169.0,441.5,74.5
2026-09-19 18:15:55,mfsweep_shard0,SPT_SMPT,49,7218.28,49,0,1,1287.6,1965.8,678.2,2,2,65.6,0.4,257.6,213.0,141.5,65.6
2026-09-19 18:15:55,mfsweep_shard0,SPT_SMPT,49,7218.28,50,0,1,1313.9,1911.0,597.1,2,2,65.8,0.5,274.1,181.1,75.7,65.8
2026-09-19 18:15:55,mfsweep_shard0,SPT_SMPT,49,7218.28,51,0,1,1340.2,1951.1,610.9,2,2,60.5,0.5,351.9,172.0,26.1,60.5
2026-09-19 18:15:55,mfsweep_shard0,SPT_SMPT,49,7218.28,52,0,1,1366.4,1958.4,592.0,2,2,62.4,0.5,324.9,151.6,52.6,62.4
2026-09-19 18:15:55,mfsweep_shard0,SPT_SMPT,49,7218.28,53,0,1,1392.7,1763.3,370.6,2,2,84.5,0.0,135.5,150.6,0.0,84.5
2026-09-19 18:15:55,mfsweep_shard0,SPT_SMPT,49,7218.28,54,0,1,1419.0,2586.6,1167.6,2,2,74.9,1.3,675.1,124.4,291.9,74.9
2026-09-19 18:15:55,mfsweep_shard0,SPT_SMPT,49,7218.28,55,0,1,1445.3,2161.0,715.7,2,2,73.6,0.4,520.6,121.0,0.0,73.6
2026-09-19 18:15:55,mfsweep_shard0,SPT_SMPT,49,7218.28,56,0,1,1471.5,2365.1,893.5,2,2,59.2,0.8,644.0,122.6,66.9,59.2
2026-09-19 18:15:55,mfsweep_shard0,SPT_SMPT,49,7218.28,57,0,1,1497.8,2684.9,1187.1,2,2,77.6,0.0,600.5,109.6,399.3,77.6
2026-09-19 18:15:55,mfsweep_shard0,SPT_SMPT,49,7218.28,58,0,1,1524.1,2311.9,787.8,2,2,58.9,0.0,613.4,107.5,7.9,58.9
2026-09-19 18:15:55,mfsweep_shard0,SPT_SMPT,49,7218.28,59,0,1,1550.4,2347.5,797.1,2,2,66.1,0.0,611.9,119.1,0.0,66.1
2026-09-19 18:15:55,mfsweep_shard0,SPT_SMPT,49,7218.28,60,0,1,1576.6,7218.3,5641.6,2,2,86.2,0.4,1044.4,279.0,4231.7,86.2
2026-09-19 18:15:55,mfsweep_shard0,SPT_SMPT,49,7218.28,61,0,1,1602.9,3111.9,1508.9,2,2,74.7,0.1,692.6,170.1,571.6,74.7
2026-09-19 18:15:55,mfsweep_shard0,SPT_SMPT,49,7218.28,62,0,1,1629.2,2439.5,810.3,2,2,71.9,0.0,588.4,111.0,38.9,71.9
2026-09-19 18:15:55,mfsweep_shard0,SPT_SMPT,49,7218.28,63,0,1,1655.5,3307.7,1652.3,2,2,76.1,0.2,766.1,152.7,657.2,76.1
2026-09-19 18:15:55,mfsweep_shard0,SPT_SMPT,49,7218.28,64,0,1,1681.8,6011.8,4330.0,2,2,81.4,0.5,1027.1,252.6,2968.4,81.4
2026-09-19 18:15:55,mfsweep_shard0,SPT_SMPT,49,7218.28,65,0,1,1708.0,4353.4,2645.4,2,2,79.2,0.4,786.9,214.1,1564.8,79.2
2026-09-19 18:15:55,mfsweep_shard0,SPT_SMPT,49,7218.28,66,0,1,1734.3,2553.4,819.1,2,2,61.1,0.0,571.6,114.4,71.9,61.1
2026-09-19 18:15:55,mfsweep_shard0,SPT_SMPT,49,7218.28,67,0,1,1760.6,2491.5,730.9,2,2,54.6,0.0,536.3,109.7,30.3,54.6
2026-09-19 18:15:55,mfsweep_shard0,SPT_SMPT,49,7218.28,68,0,1,1786.9,2718.3,931.4,2,2,64.0,0.0,544.1,112.6,210.7,64.0
2026-09-19 18:15:55,mfsweep_shard0,SPT_SMPT,49,7218.28,69,0,1,1813.1,2534.0,720.9,2,2,62.4,0.0,540.3,98.6,19.6,62.4
2026-09-19 18:15:55,mfsweep_shard0,SPT_SMPT,49,7218.28,70,0,1,1839.4,2619.7,780.2,2,2,60.5,0.0,590.6,114.1,14.9,60.5
2026-09-19 18:15:55,mfsweep_shard0,SPT_SMPT,49,7218.28,71,0,1,1865.7,6936.7,5071.0,2,2,84.7,0.7,1098.8,295.1,3591.7,84.7
2026-09-19 18:15:55,mfsweep_shard0,SPT_SMPT,49,7218.28,72,0,1,1892.0,3202.1,1310.1,2,2,82.5,0.1,702.5,144.8,380.3,82.5
2026-09-19 18:15:55,mfsweep_shard0,SPT_SMPT,49,7218.28,73,0,1,1918.3,2633.1,714.8,2,2,63.9,0.0,535.4,103.2,12.3,63.9
2026-09-19 18:15:55,mfsweep_shard0,SPT_SMPT,49,7218.28,74,0,1,1944.5,5564.1,3619.6,2,2,75.2,0.8,988.2,233.4,2289.6,107.5
2026-09-19 18:15:55,mfsweep_shard0,SPT_SMPT,49,7218.28,75,0,1,1970.8,2786.8,816.0,2,2,66.6,0.0,471.8,111.3,166.3,66.6
2026-09-19 18:15:55,mfsweep_shard0,SPT_SMPT,49,7218.28,76,0,1,1997.1,6560.8,4563.7,2,2,83.7,0.9,1051.6,239.2,3188.3,83.7
2026-09-19 18:15:55,mfsweep_shard0,SPT_SMPT,49,7218.28,77,0,1,2023.4,4643.5,2620.1,2,2,68.7,0.9,1105.3,203.8,1189.5,120.7
2026-09-19 18:15:55,mfsweep_shard0,SPT_SMPT,49,7218.28,78,0,1,2049.6,2772.7,723.0,2,2,62.3,0.0,528.9,99.6,32.2,62.3
2026-09-19 18:15:55,mfsweep_shard0,SPT_SMPT,49,7218.28,79,0,1,2075.9,2881.4,805.4,2,2,61.7,0.0,540.8,149.7,53.2,61.7
2026-09-19 18:15:55,mfsweep_shard0,SPT_SMPT,49,7218.28,80,0,1,2102.2,5165.5,3063.3,2,2,72.1,1.1,1175.8,313.2,1501.1,72.1
2026-09-19 18:15:55,mfsweep_shard0,SPT_SMPT,49,7218.28,81,0,1,2128.5,2935.4,806.9,2,2,62.2,0.0,526.2,136.0,82.5,62.2
2026-09-19 18:15:55,mfsweep_shard0,SPT_SMPT,49,7218.28,82,0,1,2154.7,5172.7,3018.0,2,2,72.8,1.2,1180.7,271.7,1491.5,72.8
2026-09-19 18:15:55,mfsweep_shard0,SPT_SMPT,49,7218.28,83,0,1,2181.0,3227.4,1046.3,2,2,83.2,0.3,697.4,167.1,98.3,83.2
2026-09-19 18:15:55,mfsweep_shard0,SPT_SMPT,49,7218.28,84,0,1,2207.3,3324.3,1117.0,2,2,66.7,0.7,846.2,108.1,95.3,66.7
2026-09-19 18:15:55,mfsweep_shard0,SPT_SMPT,49,7218.28,85,0,1,2233.6,3234.5,1001.0,2,2,60.8,0.4,680.6,152.9,89.3,77.8
2026-09-19 18:15:55,mfsweep_shard0,SPT_SMPT,49,7218.28,86,0,1,2259.9,3104.7,844.8,2,2,86.5,0.1,630.8,93.4,34.1,86.5
2026-09-19 18:15:55,mfsweep_shard0,SPT_SMPT,49,7218.28,87,0,1,2286.1,3267.5,981.3,2,2,70.4,0.4,719.6,141.9,49.0,70.4
2026-09-19 18:15:55,mfsweep_shard0,SPT_SMPT,49,7218.28,88,0,1,2312.4,3097.1,784.7,2,2,56.5,0.2,607.7,96.0,24.3,56.5
2026-09-19 18:15:55,mfsweep_shard0,SPT_SMPT,49,7218.28,89,0,1,2338.7,3450.2,1111.5,2,2,55.1,0.8,913.3,101.9,40.3,55.1
2026-09-19 18:15:55,mfsweep_shard0,SPT_SMPT,49,7218.28,90,0,1,2365.0,3408.9,1043.9,2,2,57.2,0.9,826.4,116.5,43.0,57.2
2026-09-19 18:15:55,mfsweep_shard0,SPT_SMPT,49,7218.28,91,0,1,2391.2,5266.1,2874.9,2,2,74.3,1.3,1209.3,226.1,1364.0,74.3
2026-09-19 18:15:55,mfsweep_shard0,SPT_SMPT,49,7218.28,92,0,1,2417.5,5879.5,3462.0,2,2,79.7,1.4,1181.4,205.0,1994.5,79.7
2026-09-19 18:15:55,mfsweep_shard0,SPT_SMPT,49,7218.28,93,0,1,2443.8,3462.1,1018.3,2,2,67.5,0.7,819.4,96.5,34.3,67.5
2026-09-19 18:15:55,mfsweep_shard0,SPT_SMPT,49,7218.28,94,0,1,2470.1,3555.1,1085.0,2,2,55.6,0.7,901.5,111.5,15.6,55.6
2026-09-19 18:15:55,mfsweep_shard0,SPT_SMPT,49,7218.28,95,0,1,2496.4,3639.0,1142.6,2,2,66.1,0.7,878.2,118.8,78.8,66.1
2026-09-19 18:15:55,mfsweep_shard0,SPT_SMPT,49,7218.28,96,0,1,2522.6,6816.1,4293.4,2,2,86.4,1.7,1308.4,264.2,2632.7,86.4
2026-09-19 18:15:55,mfsweep_shard0,SPT_SMPT,49,7218.28,97,0,1,2548.9,4886.1,2337.1,2,2,71.0,1.5,1138.3,175.9,950.5,71.0
2026-09-19 18:15:55,mfsweep_shard0,SPT_SMPT,49,7218.28,98,0,1,2575.2,7147.1,4571.9,2,2,85.6,2.0,1385.0,243.8,2855.5,85.6
2026-09-19 18:15:55,mfsweep_shard0,SPT_SMPT,49,7218.28,99,0,1,2601.5,6078.7,3477.3,2,2,82.0,1.6,1239.7,148.7,2005.3,82.0
2026-09-19 18:15:55,mfsweep_shard0,SPT_SMPT,49,7218.28,100,0,1,2627.7,3547.8,920.1,2,2,53.9,0.6,709.1,107.7,48.8,53.9
2026-09-19 18:15:55,mfsweep_shard0,SPT_SMPT,49,7218.28,101,0,1,2654.0,5687.4,3033.4,2,2,77.3,1.1,1312.8,189.7,1452.6,77.3
2026-09-19 18:15:55,mfsweep_shard0,SPT_SMPT,49,7218.28,102,0,1,2680.3,5624.6,2944.3,2,2,76.0,0.8,1052.6,206.8,1608.2,76.0
2026-09-19 18:15:55,mfsweep_shard0,SPT_SMPT,49,7218.28,103,0,1,2706.6,4592.2,1885.6,2,2,71.3,0.5,866.7,227.2,720.1,71.3
2026-09-19 18:15:55,mfsweep_shard0,SPT_SMPT,49,7218.28,104,0,1,2732.9,3673.7,940.9,2,2,62.4,0.0,731.4,103.5,43.6,62.4
2026-09-19 18:15:55,mfsweep_shard0,SPT_SMPT,49,7218.28,105,0,1,2759.1,5503.4,2744.3,2,2,74.7,0.8,1321.0,235.2,1109.9,77.4
2026-09-19 18:15:55,mfsweep_shard0,SPT_SMPT,49,7218.28,106,0,1,2785.4,3729.6,944.2,2,2,57.2,0.0,724.7,120.9,41.3,57.2
2026-09-19 18:15:55,mfsweep_shard0,SPT_SMPT,49,7218.28,107,0,1,2811.7,3861.4,1049.7,2,2,67.9,0.0,710.2,105.1,166.5,67.9
2026-09-19 18:15:55,mfsweep_shard0,SPT_SMPT,49,7218.28,108,0,1,2838.0,4606.3,1768.3,2,2,68.5,0.5,877.3,245.3,576.7,68.5
2026-09-19 18:15:55,mfsweep_shard0,SPT_SMPT,49,7218.28,109,0,1,2864.2,7076.5,4212.3,2,2,85.0,1.1,1272.7,246.5,2607.0,85.0
2026-09-19 18:15:55,mfsweep_shard0,SPT_SMPT,49,7218.28,110,0,1,2890.5,6280.4,3389.8,2,2,82.4,1.3,1216.2,145.8,1944.1,82.4
2026-09-19 18:15:55,mfsweep_shard0,SPT_SMPT,49,7218.28,111,0,1,2916.8,3736.7,819.9,2,2,62.2,0.0,599.1,126.7,31.9,62.2
2026-09-19 18:15:55,mfsweep_shard0,SPT_SMPT,49,7218.28,112,0,1,2943.1,4829.6,1886.5,2,2,70.1,1.0,1056.2,92.3,667.0,70.1
2026-09-19 18:15:55,mfsweep_shard0,SPT_SMPT,49,7218.28,113,0,1,2969.3,3822.0,852.7,2,2,59.4,0.0,635.2,118.6,39.4,59.4
2026-09-19 18:15:55,mfsweep_shard0,SPT_SMPT,49,7218.28,114,0,1,2995.6,6484.0,3488.4,2,2,83.7,1.4,1208.4,143.2,2051.7,83.7
2026-09-19 18:15:55,mfsweep_shard0,SPT_SMPT,49,7218.28,115,0,1,3021.9,6212.9,3191.0,2,2,82.3,1.5,1193.6,156.2,1757.4,82.3
2026-09-19 18:15:55,mfsweep_shard0,SPT_SMPT,49,7218.28,116,0,1,3048.2,3922.3,874.1,2,2,63.4,0.0,616.3,111.6,82.8,63.4
2026-09-19 18:15:55,mfsweep_shard0,SPT_SMPT,49,7218.28,117,0,1,3074.5,5444.3,2369.8,2,2,74.6,1.5,1224.0,148.2,921.4,74.6
2026-09-19 18:15:55,mfsweep_shard0,SPT_SMPT,49,7218.28,118,0,1,3100.7,5384.1,2283.4,2,2,73.6,1.6,1287.6,150.3,770.4,73.6
2026-09-19 18:15:55,mfsweep_shard0,SPT_SMPT,49,7218.28,119,0,1,3127.0,3895.4,768.3,2,2,58.6,0.0,577.4,104.5,27.8,58.6
2026-09-19 18:15:55,mfsweep_shard0,SPT_SMPT,49,7218.28,120,0,1,3153.3,5750.6,2597.3,2,2,78.7,1.7,1205.7,159.6,1151.6,78.7
2026-09-19 18:15:55,mfsweep_shard0,SPT_SMPT,49,7218.28,121,0,1,3179.6,5287.6,2108.0,2,2,71.3,1.7,1176.8,183.0,675.1,71.3
2026-09-19 18:15:55,mfsweep_shard0,SPT_SMPT,49,7218.28,122,0,1,3205.8,5815.3,2609.5,2,2,79.2,1.8,1214.5,148.2,1165.8,79.2
2026-09-19 18:15:55,mfsweep_shard0,SPT_SMPT,49,7218.28,123,0,1,3232.1,5331.7,2099.6,2,2,71.0,1.8,1238.0,140.7,607.4,111.7
2026-09-19 18:15:55,mfsweep_shard0,SPT_SMPT,49,7218.28,124,0,1,3258.4,4063.3,804.9,2,2,53.6,0.0,604.9,108.2,38.3,53.6
2026-09-19 18:15:55,mfsweep_shard0,SPT_SMPT,49,7218.28,125,0,1,3284.7,4033.0,748.3,2,2,64.2,0.0,541.2,122.2,20.6,64.2
2026-09-19 18:15:55,mfsweep_shard0,SPT_SMPT,49,7218.28,126,0,1,3311.0,4044.6,733.6,2,2,54.2,0.0,463.5,117.2,98.8,54.2
2026-09-19 18:15:55,mfsweep_shard0,SPT_SMPT,49,7218.28,127,0,1,3337.2,6867.1,3529.9,2,2,84.2,2.1,1275.1,197.2,1930.6,124.9
2026-09-19 18:15:55,mfsweep_shard0,SPT_SMPT,49,7218.28,128,0,1,3363.5,6415.4,3051.9,2,2,82.5,2.0,1212.9,136.8,1617.8,82.5
2026-09-19 18:15:55,mfsweep_shard0,SPT_SMPT,49,7218.28,129,0,1,3389.8,5945.4,2555.7,2,2,81.0,2.0,1216.5,150.5,1105.6,81.0
2026-09-19 18:15:55,mfsweep_shard0,SPT_SMPT,49,7218.28,130,0,1,3416.1,4720.0,1303.9,2,2,63.7,1.5,943.3,112.0,183.4,63.7
2026-09-19 18:15:55,mfsweep_shard0,SPT_SMPT,49,7218.28,131,0,1,3442.3,4092.7,650.4,2,2,55.5,0.0,477.4,111.6,5.9,55.5
2026-09-19 18:15:55,mfsweep_shard0,SPT_SMPT,49,7218.28,132,0,1,3468.6,6347.9,2879.2,2,2,82.5,2.1,1263.3,154.3,1377.0,82.5
2026-09-19 18:15:55,mfsweep_shard0,SPT_SMPT,49,7218.28,133,0,1,3494.9,7006.5,3511.6,2,2,84.8,2.4,1321.9,200.0,1902.5,84.8
2026-09-19 18:15:55,mfsweep_shard0,SPT_SMPT,49,7218.28,134,0,1,3521.2,4137.5,616.3,2,2,56.4,0.0,420.5,100.9,38.4,56.4
2026-09-19 18:15:55,mfsweep_shard0,SPT_SMPT,49,7218.28,135,0,1,3547.5,4775.0,1227.6,2,2,69.6,1.6,900.8,109.2,146.4,69.6
2026-09-19 18:15:55,mfsweep_shard0,SPT_SMPT,49,7218.28,136,0,1,3573.7,4673.9,1100.2,2,2,55.8,1.6,877.7,113.3,29.5,78.1
2026-09-19 18:21:41,mfsweep_shard0,SPT_SMPT,50,7516.98,0,0,1,0.0,248.0,248.0,2,2,74.6,0.0,67.5,105.8,0.0,74.6
2026-09-19 18:21:41,mfsweep_shard0,SPT_SMPT,50,7516.98,1,0,1,26.3,259.8,233.5,2,2,54.4,0.0,47.4,110.3,21.4,54.4
2026-09-19 18:21:41,mfsweep_shard0,SPT_SMPT,50,7516.98,2,0,1,52.6,397.0,344.5,2,2,62.6,0.0,113.1,83.5,85.2,62.6
2026-09-19 18:21:41,mfsweep_shard0,SPT_SMPT,50,7516.98,3,0,1,78.8,369.4,290.5,2,2,60.9,0.0,96.8,121.4,11.3,60.9
2026-09-19 18:21:41,mfsweep_shard0,SPT_SMPT,50,7516.98,4,0,1,105.1,2966.8,2861.6,2,2,77.8,0.0,318.1,260.4,2205.3,77.8
2026-09-19 18:21:41,mfsweep_shard0,SPT_SMPT,50,7516.98,5,0,1,131.4,468.3,336.9,2,2,75.9,0.0,109.2,137.0,14.8,75.9
2026-09-19 18:21:41,mfsweep_shard0,SPT_SMPT,50,7516.98,6,0,1,157.7,4549.5,4391.8,2,2,83.0,0.1,300.4,287.6,3720.7,83.0
2026-09-19 18:21:41,mfsweep_shard0,SPT_SMPT,50,7516.98,7,0,1,183.9,566.9,383.0,2,2,56.4,0.0,110.3,153.1,63.1,56.4
2026-09-19 18:21:41,mfsweep_shard0,SPT_SMPT,50,7516.98,8,0,1,210.2,496.5,286.3,2,2,67.5,0.0,83.4,116.0,19.4,67.5
2026-09-19 18:21:41,mfsweep_shard0,SPT_SMPT,50,7516.98,9,0,1,236.5,524.3,287.8,2,2,54.5,0.0,61.0,137.0,35.2,54.5
2026-09-19 18:21:41,mfsweep_shard0,SPT_SMPT,50,7516.98,10,0,1,262.8,682.1,419.3,2,2,60.8,0.0,17.7,157.5,183.4,60.8
2026-09-19 18:21:41,mfsweep_shard0,SPT_SMPT,50,7516.98,11,0,1,289.1,845.9,556.8,2,2,70.2,0.0,59.4,156.8,270.4,70.2
2026-09-19 18:21:41,mfsweep_shard0,SPT_SMPT,50,7516.98,12,0,1,315.3,574.1,258.7,2,2,54.4,0.0,44.4,144.1,15.8,54.4
2026-09-19 18:21:41,mfsweep_shard0,SPT_SMPT,50,7516.98,13,0,1,341.6,693.9,352.3,2,2,60.1,0.0,92.1,155.2,44.9,60.1
2026-09-19 18:21:41,mfsweep_shard0,SPT_SMPT,50,7516.98,14,0,1,367.9,1190.2,822.4,2,2,75.0,0.1,63.3,170.6,513.4,75.0
2026-09-19 18:21:41,mfsweep_shard0,SPT_SMPT,50,7516.98,15,0,1,394.2,1259.4,865.2,2,2,71.5,0.1,105.9,177.3,476.8,105.2
2026-09-19 18:21:41,mfsweep_shard0,SPT_SMPT,50,7516.98,16,0,1,420.4,792.3,371.9,2,2,60.8,0.0,124.2,147.2,39.7,60.8
2026-09-19 18:21:41,mfsweep_shard0,SPT_SMPT,50,7516.98,17,0,1,446.7,1354.0,907.3,2,2,73.0,0.1,131.9,172.5,529.7,73.0
2026-09-19 18:21:41,mfsweep_shard0,SPT_SMPT,50,7516.98,18,0,1,473.0,4956.2,4483.2,2,2,80.3,0.3,446.0,314.7,3641.8,80.3
2026-09-19 18:21:41,mfsweep_shard0,SPT_SMPT,50,7516.98,19,0,1,499.3,705.7,206.4,2,2,53.8,0.0,11.0,116.2,25.4,53.8
2026-09-19 18:21:41,mfsweep_shard0,SPT_SMPT,50,7516.98,20,0,1,525.6,2851.3,2325.7,2,2,80.1,0.4,352.3,307.8,1585.0,80.1
2026-09-19 18:21:41,mfsweep_shard0,SPT_SMPT,50,7516.98,21,0,1,551.8,1818.0,1266.2,2,2,76.6,0.3,274.0,218.5,696.8,76.6
2026-09-19 18:21:41,mfsweep_shard0,SPT_SMPT,50,7516.98,22,0,1,578.1,884.2,306.1,2,2,64.8,0.0,67.6,124.0,49.7,64.8
2026-09-19 18:21:41,mfsweep_shard0,SPT_SMPT,50,7516.98,23,0,1,604.4,1061.5,457.1,2,2,58.7,0.0,135.1,139.6,123.6,58.7
2026-09-19 18:21:41,mfsweep_shard0,SPT_SMPT,50,7516.98,24,0,1,630.7,5686.0,5055.4,2,2,85.1,0.7,704.6,404.9,3860.0,85.1
2026-09-19 18:21:41,mfsweep_shard0,SPT_SMPT,50,7516.98,25,0,1,656.9,949.5,292.6,2,2,64.7,0.0,79.8,128.7,19.4,64.7
2026-09-19 18:21:41,mfsweep_shard0,SPT_SMPT,50,7516.98,26,0,1,683.2,969.9,286.7,2,2,56.6,0.0,58.9,136.5,34.6,56.6
2026-09-19 18:21:41,mfsweep_shard0,SPT_SMPT,50,7516.98,27,0,1,709.5,1030.7,321.2,2,2,56.7,0.0,119.6,117.5,27.4,56.7
2026-09-19 18:21:41,mfsweep_shard0,SPT_SMPT,50,7516.98,28,0,1,735.8,6079.6,5343.8,2,2,81.5,0.8,709.0,515.8,4036.6,81.5
2026-09-19 18:21:41,mfsweep_shard0,SPT_SMPT,50,7516.98,29,0,1,762.0,2391.0,1629.0,2,2,73.5,0.6,501.6,300.5,748.3,77.9
2026-09-19 18:21:41,mfsweep_shard0,SPT_SMPT,50,7516.98,30,0,1,788.3,5339.9,4551.6,2,2,80.2,1.1,820.3,406.6,3243.5,80.2
2026-09-19 18:21:41,mfsweep_shard0,SPT_SMPT,50,7516.98,31,0,1,814.6,2974.0,2159.4,2,2,77.6,0.9,672.4,310.9,1097.5,77.6
2026-09-19 18:21:41,mfsweep_shard0,SPT_SMPT,50,7516.98,32,0,1,840.9,1403.8,562.9,2,2,71.2,0.0,264.0,202.4,19.6,76.8
2026-09-19 18:21:41,mfsweep_shard0,SPT_SMPT,50,7516.98,33,0,1,867.2,1237.3,370.1,2,2,85.7,0.0,140.8,143.6,0.0,85.7
2026-09-19 18:21:41,mfsweep_shard0,SPT_SMPT,50,7516.98,34,0,1,893.4,1455.8,562.4,2,2,66.0,0.3,295.5,152.9,47.7,66.0
2026-09-19 18:21:41,mfsweep_shard0,SPT_SMPT,50,7516.98,35,0,1,919.7,1877.8,958.1,2,2,71.8,0.7,489.4,176.8,212.9,78.3
2026-09-19 18:21:41,mfsweep_shard0,SPT_SMPT,50,7516.98,36,0,1,946.0,5728.0,4782.0,2,2,80.9,1.2,1029.5,451.7,3218.8,80.9
2026-09-19 18:21:41,mfsweep_shard0,SPT_SMPT,50,7516.98,37,0,1,972.3,2444.9,1472.6,2,2,74.0,0.7,663.9,208.0,526.0,74.0
2026-09-19 18:21:41,mfsweep_shard0,SPT_SMPT,50,7516.98,38,0,1,998.5,1418.5,420.0,2,2,82.0,0.0,229.6,108.4,0.0,82.0
2026-09-19 18:21:41,mfsweep_shard0,SPT_SMPT,50,7516.98,39,0,1,1024.8,1592.1,567.3,2,2,72.6,0.0,251.4,105.6,137.6,72.6
2026-09-19 18:21:41,mfsweep_shard0,SPT_SMPT,50,7516.98,40,0,1,1051.1,1532.2,481.1,2,2,76.8,0.0,282.3,122.0,0.0,76.8
2026-09-19 18:21:41,mfsweep_shard0,SPT_SMPT,50,7516.98,41,0,1,1077.4,1539.4,462.0,2,2,55.1,0.0,240.0,122.5,44.4,55.1
2026-09-19 18:21:41,mfsweep_shard0,SPT_SMPT,50,7516.98,42,0,1,1103.7,1550.7,447.0,2,2,61.1,0.0,194.2,120.1,71.6,61.1
2026-09-19 18:21:41,mfsweep_shard0,SPT_SMPT,50,7516.98,43,0,1,1129.9,2087.4,957.5,2,2,63.1,0.3,506.3,153.9,191.2,105.9
2026-09-19 18:21:41,mfsweep_shard0,SPT_SMPT,50,7516.98,44,0,1,1156.2,1962.7,806.5,2,2,56.2,0.3,536.1,129.7,84.2,56.2
2026-09-19 18:21:41,mfsweep_shard0,SPT_SMPT,50,7516.98,45,0,1,1182.5,2043.1,860.6,2,2,61.2,0.3,520.6,141.4,137.0,61.2
2026-09-19 18:21:41,mfsweep_shard0,SPT_SMPT,50,7516.98,46,0,1,1208.8,2001.1,792.3,2,2,56.9,0.4,480.9,149.2,105.0,56.9
2026-09-19 18:21:41,mfsweep_shard0,SPT_SMPT,50,7516.98,47,0,1,1235.0,1810.9,575.9,2,2,62.7,0.0,352.5,103.1,57.6,62.7
2026-09-19 18:21:41,mfsweep_shard0,SPT_SMPT,50,7516.98,48,0,1,1261.3,1829.5,568.2,2,2,74.5,0.0,349.8,88.5,55.4,74.5
2026-09-19 18:21:41,mfsweep_shard0,SPT_SMPT,50,7516.98,49,0,1,1287.6,2251.4,963.8,2,2,65.6,0.4,589.8,121.1,187.0,65.6
2026-09-19 18:21:41,mfsweep_shard0,SPT_SMPT,50,7516.98,50,0,1,1313.9,1993.8,680.0,2,2,65.8,0.0,514.7,99.5,0.0,65.8
2026-09-19 18:21:41,mfsweep_shard0,SPT_SMPT,50,7516.98,51,0,1,1340.2,2035.8,695.7,2,2,60.5,0.0,510.0,92.2,33.0,60.5
2026-09-19 18:21:41,mfsweep_shard0,SPT_SMPT,50,7516.98,52,0,1,1366.4,2094.7,728.3,2,2,62.4,0.0,480.7,109.1,76.1,62.4
2026-09-19 18:21:41,mfsweep_shard0,SPT_SMPT,50,7516.98,53,0,1,1392.7,2279.4,886.7,2,2,84.5,0.0,520.3,102.9,179.1,84.5
2026-09-19 18:21:41,mfsweep_shard0,SPT_SMPT,50,7516.98,54,0,1,1419.0,2303.5,884.6,2,2,74.9,0.0,593.9,109.4,106.3,74.9
2026-09-19 18:21:41,mfsweep_shard0,SPT_SMPT,50,7516.98,55,0,1,1445.3,2120.2,674.9,2,2,73.6,0.0,493.6,107.7,0.0,73.6
2026-09-19 18:21:41,mfsweep_shard0,SPT_SMPT,50,7516.98,56,0,1,1471.5,2272.2,800.6,2,2,59.2,0.0,590.9,105.6,44.9,59.2
2026-09-19 18:21:41,mfsweep_shard0,SPT_SMPT,50,7516.98,57,0,1,1497.8,3318.1,1820.2,2,2,77.6,0.3,763.5,196.0,781.8,78.6
2026-09-19 18:21:41,mfsweep_shard0,SPT_SMPT,50,7516.98,58,0,1,1524.1,2286.7,762.6,2,2,58.9,0.0,527.4,145.6,30.7,58.9
2026-09-19 18:21:41,mfsweep_shard0,SPT_SMPT,50,7516.98,59,0,1,1550.4,2336.6,786.2,2,2,66.1,0.0,599.0,101.9,19.2,66.1
2026-09-19 18:21:41,mfsweep_shard0,SPT_SMPT,50,7516.98,60,0,1,1576.6,7445.6,5868.9,2,2,86.2,0.8,1033.4,420.0,4328.5,86.2
2026-09-19 18:21:41,mfsweep_shard0,SPT_SMPT,50,7516.98,61,0,1,1602.9,2461.6,858.6,2,2,74.7,0.0,613.4,96.7,73.8,74.7
2026-09-19 18:21:41,mfsweep_shard0,SPT_SMPT,50,7516.98,62,0,1,1629.2,2310.7,681.5,2,2,71.9,0.0,430.1,99.3,80.2,71.9
2026-09-19 18:21:41,mfsweep_shard0,SPT_SMPT,50,7516.98,63,0,1,1655.5,2571.9,916.4,2,2,76.1,0.0,674.1,97.0,69.2,76.1
2026-09-19 18:21:41,mfsweep_shard0,SPT_SMPT,50,7516.98,64,0,1,1681.8,5811.2,4129.4,2,2,81.4,0.9,1114.3,281.5,2651.4,81.4
2026-09-19 18:21:41,mfsweep_shard0,SPT_SMPT,50,7516.98,65,0,1,1708.0,4617.2,2909.2,2,2,79.2,0.6,938.4,217.0,1674.1,79.2
2026-09-19 18:21:41,mfsweep_shard0,SPT_SMPT,50,7516.98,66,0,1,1734.3,2700.3,966.0,2,2,61.1,0.0,664.1,97.5,143.3,61.1
2026-09-19 18:21:41,mfsweep_shard0,SPT_SMPT,50,7516.98,67,0,1,1760.6,2560.1,799.5,2,2,54.6,0.0,627.6,109.5,7.9,54.6
2026-09-19 18:21:41,mfsweep_shard0,SPT_SMPT,50,7516.98,68,0,1,1786.9,3391.3,1604.4,2,2,64.0,0.5,887.0,153.0,468.0,95.9
2026-09-19 18:21:41,mfsweep_shard0,SPT_SMPT,50,7516.98,69,0,1,1813.1,3042.4,1229.2,2,2,62.4,0.3,761.3,150.6,254.7,62.4
2026-09-19 18:21:41,mfsweep_shard0,SPT_SMPT,50,7516.98,70,0,1,1839.4,2664.0,824.6,2,2,60.5,0.0,556.1,125.9,82.1,60.5
2026-09-19 18:21:41,mfsweep_shard0,SPT_SMPT,50,7516.98,71,0,1,1865.7,7304.6,5438.9,2,2,84.7,1.3,1318.6,377.3,3657.1,84.7
2026-09-19 18:21:41,mfsweep_shard0,SPT_SMPT,50,7516.98,72,0,1,1892.0,6893.9,5001.9,2,2,82.5,1.4,1301.7,387.4,3229.0,82.5
2026-09-19 18:21:41,mfsweep_shard0,SPT_SMPT,50,7516.98,73,0,1,1918.3,3140.3,1222.1,2,2,63.9,0.4,747.7,150.8,259.3,63.9
2026-09-19 18:21:41,mfsweep_shard0,SPT_SMPT,50,7516.98,74,0,1,1944.5,5454.9,3510.3,2,2,75.2,1.2,1187.6,274.0,1972.4,75.2
2026-09-19 18:21:41,mfsweep_shard0,SPT_SMPT,50,7516.98,75,0,1,1970.8,3419.3,1448.5,2,2,66.6,0.7,930.3,152.7,298.1,66.6
2026-09-19 18:21:41,mfsweep_shard0,SPT_SMPT,50,7516.98,76,0,1,1997.1,7165.8,5168.7,2,2,83.7,1.8,1420.6,400.9,3261.7,83.7
2026-09-19 18:21:41,mfsweep_shard0,SPT_SMPT,50,7516.98,77,0,1,2023.4,3504.7,1481.3,2,2,68.7,0.8,911.7,154.8,345.3,68.7
2026-09-19 18:21:41,mfsweep_shard0,SPT_SMPT,50,7516.98,78,0,1,2049.6,3061.5,1011.9,2,2,62.3,0.5,699.0,162.3,86.9,63.3
2026-09-19 18:21:41,mfsweep_shard0,SPT_SMPT,50,7516.98,79,0,1,2075.9,2763.3,687.4,2,2,61.7,0.0,494.2,119.3,12.1,61.7
2026-09-19 18:21:41,mfsweep_shard0,SPT_SMPT,50,7516.98,80,0,1,2102.2,4733.0,2630.8,2,2,72.1,0.6,1139.6,252.6,1165.0,73.0
2026-09-19 18:21:41,mfsweep_shard0,SPT_SMPT,50,7516.98,81,0,1,2128.5,2959.7,831.2,2,2,62.2,0.0,618.3,150.6,0.0,62.2
2026-09-19 18:21:41,mfsweep_shard0,SPT_SMPT,50,7516.98,82,0,1,2154.7,4740.2,2585.4,2,2,72.8,1.2,1145.4,195.1,1170.9,72.8
2026-09-19 18:21:41,mfsweep_shard0,SPT_SMPT,50,7516.98,83,0,1,2181.0,7097.1,4916.1,2,2,83.2,1.7,1638.9,375.3,2817.0,83.2
2026-09-19 18:21:41,mfsweep_shard0,SPT_SMPT,50,7516.98,84,0,1,2207.3,3303.8,1096.5,2,2,66.7,0.1,839.2,159.2,31.2,66.7
2026-09-19 18:21:41,mfsweep_shard0,SPT_SMPT,50,7516.98,85,0,1,2233.6,3310.9,1077.3,2,2,60.8,0.2,835.9,159.2,21.2,60.8
2026-09-19 18:21:41,mfsweep_shard0,SPT_SMPT,50,7516.98,86,0,1,2259.9,3325.2,1065.3,2,2,86.5,0.2,749.2,146.1,83.4,86.5
2026-09-19 18:21:41,mfsweep_shard0,SPT_SMPT,50,7516.98,87,0,1,2286.1,3585.4,1299.3,2,2,70.4,0.2,1073.2,133.0,22.5,70.4
2026-09-19 18:21:41,mfsweep_shard0,SPT_SMPT,50,7516.98,88,0,1,2312.4,3700.8,1388.3,2,2,56.5,0.3,1071.6,177.3,82.6,56.5
2026-09-19 18:21:41,mfsweep_shard0,SPT_SMPT,50,7516.98,89,0,1,2338.7,3689.2,1350.5,2,2,55.1,0.3,1077.0,178.1,28.1,67.0
2026-09-19 18:21:41,mfsweep_shard0,SPT_SMPT,50,7516.98,90,0,1,2365.0,3604.5,1239.6,2,2,57.2,0.4,1024.9,145.9,5.5,63.0
2026-09-19 18:21:41,mfsweep_shard0,SPT_SMPT,50,7516.98,91,0,1,2391.2,5070.6,2679.4,2,2,74.3,1.0,1141.2,223.3,1239.7,74.3
2026-09-19 18:21:41,mfsweep_shard0,SPT_SMPT,50,7516.98,92,0,1,2417.5,5462.1,3044.6,2,2,79.7,1.3,1292.3,230.8,1440.6,79.7
2026-09-19 18:21:41,mfsweep_shard0,SPT_SMPT,50,7516.98,93,0,1,2443.8,3831.0,1387.2,2,2,67.5,0.5,993.5,129.1,196.7,67.5
2026-09-19 18:21:41,mfsweep_shard0,SPT_SMPT,50,7516.98,94,0,1,2470.1,3622.1,1152.0,2,2,55.6,0.5,976.3,117.6,2.0,55.6
2026-09-19 18:21:41,mfsweep_shard0,SPT_SMPT,50,7516.98,95,0,1,2496.4,3803.7,1307.4,2,2,66.1,0.5,1041.6,125.4,73.6,66.1
2026-09-19 18:21:41,mfsweep_shard0,SPT_SMPT,50,7516.98,96,0,1,2522.6,7517.0,4994.3,2,2,86.4,2.1,1765.4,371.0,2769.4,86.4
2026-09-19 18:21:41,mfsweep_shard0,SPT_SMPT,50,7516.98,97,0,1,2548.9,5177.9,2629.0,2,2,71.0,1.3,1357.5,189.2,961.1,119.8
2026-09-19 18:21:41,mfsweep_shard0,SPT_SMPT,50,7516.98,98,0,1,2575.2,6020.4,3445.2,2,2,85.6,1.9,1652.4,328.0,1377.3,85.6
2026-09-19 18:21:41,mfsweep_shard0,SPT_SMPT,50,7516.98,99,0,1,2601.5,6759.1,4157.6,2,2,82.0,1.7,1797.6,361.4,1892.8,104.1
2026-09-19 18:21:41,mfsweep_shard0,SPT_SMPT,50,7516.98,100,0,1,2627.7,3759.6,1131.9,2,2,53.9,0.0,968.8,108.7,0.4,53.9
2026-09-19 18:21:41,mfsweep_shard0,SPT_SMPT,50,7516.98,101,0,1,2654.0,6498.3,3844.2,2,2,77.3,1.9,1869.6,326.3,1569.1,77.3
2026-09-19 18:21:41,mfsweep_shard0,SPT_SMPT,50,7516.98,102,0,1,2680.3,6148.8,3468.5,2,2,76.0,2.1,2014.5,234.8,1136.4,80.6
2026-09-19 18:21:41,mfsweep_shard0,SPT_SMPT,50,7516.98,103,0,1,2706.6,5201.0,2494.4,2,2,71.3,0.9,1386.1,150.9,885.3,71.3
2026-09-19 18:21:41,mfsweep_shard0,SPT_SMPT,50,7516.98,104,0,1,2732.9,3941.6,1208.7,2,2,62.4,0.0,1008.7,101.7,36.0,62.4
2026-09-19 18:21:41,mfsweep_shard0,SPT_SMPT,50,7516.98,105,0,1,2759.1,5572.1,2813.0,2,2,74.7,1.3,1539.5,230.2,967.2,74.7
2026-09-19 18:21:41,mfsweep_shard0,SPT_SMPT,50,7516.98,106,0,1,2785.4,3865.0,1079.6,2,2,57.2,0.0,891.6,106.4,24.4,57.2
2026-09-19 18:21:41,mfsweep_shard0,SPT_SMPT,50,7516.98,107,0,1,2811.7,4148.1,1336.4,2,2,67.9,0.0,884.5,104.3,279.6,67.9
2026-09-19 18:21:41,mfsweep_shard0,SPT_SMPT,50,7516.98,108,0,1,2838.0,4839.6,2001.6,2,2,68.5,0.6,1178.1,170.8,583.6,68.5
2026-09-19 18:21:41,mfsweep_shard0,SPT_SMPT,50,7516.98,109,0,1,2864.2,6011.1,3146.9,2,2,85.0,1.9,1742.3,296.4,1021.2,85.0
2026-09-19 18:21:41,mfsweep_shard0,SPT_SMPT,50,7516.98,110,0,1,2890.5,6826.5,3936.0,2,2,82.4,2.5,2054.7,235.6,1560.7,82.4
2026-09-19 18:21:41,mfsweep_shard0,SPT_SMPT,50,7516.98,111,0,1,2916.8,4009.2,1092.4,2,2,62.2,0.0,899.2,105.0,25.9,62.2
2026-09-19 18:21:41,mfsweep_shard0,SPT_SMPT,50,7516.98,112,0,1,2943.1,4846.6,1903.6,2,2,70.1,0.6,1127.8,169.9,535.2,70.1
2026-09-19 18:21:41,mfsweep_shard0,SPT_SMPT,50,7516.98,113,0,1,2969.3,4039.9,1070.5,2,2,59.4,0.0,858.6,114.2,38.3,59.4
2026-09-19 18:21:41,mfsweep_shard0,SPT_SMPT,50,7516.98,114,0,1,2995.6,5978.4,2982.8,2,2,83.7,2.1,1799.7,268.3,828.9,83.7
2026-09-19 18:21:41,mfsweep_shard0,SPT_SMPT,50,7516.98,115,0,1,3021.9,5952.0,2930.1,2,2,82.3,2.2,1808.3,291.7,732.4,95.4
2026-09-19 18:21:41,mfsweep_shard0,SPT_SMPT,50,7516.98,116,0,1,3048.2,4051.4,1003.2,2,2,63.4,0.0,810.9,95.2,33.7,63.4
2026-09-19 18:21:41,mfsweep_shard0,SPT_SMPT,50,7516.98,117,0,1,3074.5,6200.9,3126.5,2,2,74.6,2.7,1964.9,328.3,715.4,115.2
2026-09-19 18:21:41,mfsweep_shard0,SPT_SMPT,50,7516.98,118,0,1,3100.7,6436.0,3335.2,2,2,73.6,3.0,2150.9,226.3,881.4,73.6
2026-09-19 18:21:41,mfsweep_shard0,SPT_SMPT,50,7516.98,119,0,1,3127.0,4103.3,976.3,2,2,58.6,0.0,779.1,102.7,35.8,58.6
2026-09-19 18:21:41,mfsweep_shard0,SPT_SMPT,50,7516.98,120,0,1,3153.3,6561.9,3408.7,2,2,78.7,3.3,2163.7,236.7,926.3,78.7
2026-09-19 18:21:41,mfsweep_shard0,SPT_SMPT,50,7516.98,121,0,1,3179.6,6336.0,3156.4,2,2,71.3,3.4,2175.0,252.3,654.4,71.3
2026-09-19 18:21:41,mfsweep_shard0,SPT_SMPT,50,7516.98,122,0,1,3205.8,6626.2,3420.3,2,2,79.2,3.6,2219.7,241.4,876.4,79.2
2026-09-19 18:21:41,mfsweep_shard0,SPT_SMPT,50,7516.98,123,0,1,3232.1,6289.8,3057.6,2,2,71.0,3.8,2265.6,239.5,400.1,148.6
2026-09-19 18:21:41,mfsweep_shard0,SPT_SMPT,50,7516.98,124,0,1,3258.4,4251.9,993.5,2,2,53.6,0.1,737.3,120.1,82.5,53.6
2026-09-19 18:21:41,mfsweep_shard0,SPT_SMPT,50,7516.98,125,0,1,3284.7,4282.3,997.6,2,2,64.2,0.2,734.1,112.6,86.5,64.2
2026-09-19 18:21:41,mfsweep_shard0,SPT_SMPT,50,7516.98,126,0,1,3311.0,4275.1,964.1,2,2,54.2,0.2,764.1,132.9,12.8,54.2
2026-09-19 18:21:41,mfsweep_shard0,SPT_SMPT,50,7516.98,127,0,1,3337.2,7235.0,3897.7,2,2,84.2,3.4,2030.7,237.2,1542.3,84.2
2026-09-19 18:21:41,mfsweep_shard0,SPT_SMPT,50,7516.98,128,0,1,3363.5,7028.9,3665.4,2,2,82.5,4.2,2298.5,233.3,1046.9,82.5
2026-09-19 18:21:41,mfsweep_shard0,SPT_SMPT,50,7516.98,129,0,1,3389.8,6692.1,3302.3,2,2,81.0,4.4,2383.3,236.7,589.8,88.1
2026-09-19 18:21:41,mfsweep_shard0,SPT_SMPT,50,7516.98,130,0,1,3416.1,4329.0,913.0,2,2,63.7,0.3,722.4,92.6,33.9,63.7
2026-09-19 18:21:41,mfsweep_shard0,SPT_SMPT,50,7516.98,131,0,1,3442.3,4376.0,933.6,2,2,55.5,0.3,730.6,127.2,20.0,55.5
2026-09-19 18:21:41,mfsweep_shard0,SPT_SMPT,50,7516.98,132,0,1,3468.6,6961.4,3492.8,2,2,82.5,4.6,2344.7,229.9,831.1,82.5
2026-09-19 18:21:41,mfsweep_shard0,SPT_SMPT,50,7516.98,133,0,1,3494.9,7374.4,3879.5,2,2,84.8,4.8,2410.2,243.4,1136.3,84.8
2026-09-19 18:21:41,mfsweep_shard0,SPT_SMPT,50,7516.98,134,0,1,3521.2,6377.8,2856.6,2,2,56.4,5.0,2439.5,185.9,162.4,63.8
2026-09-19 18:21:41,mfsweep_shard0,SPT_SMPT,50,7516.98,135,0,1,3547.5,5160.3,1612.8,2,2,69.6,1.3,1205.5,172.8,163.7,69.6
2026-09-19 18:21:41,mfsweep_shard0,SPT_SMPT,50,7516.98,136,0,1,3573.7,4414.4,840.7,2,2,55.8,0.5,648.3,91.8,44.3,55.8
2026-09-19 18:26:17,mfsweep_shard0,SPT_SMPT,51,6114.56,0,0,1,0.0,437.3,437.3,2,2,74.6,0.0,154.3,142.3,31.9,108.9
2026-09-19 18:26:17,mfsweep_shard0,SPT_SMPT,51,6114.56,1,0,1,26.3,226.5,200.2,2,2,54.4,0.0,47.0,98.9,0.0,54.4
2026-09-19 18:26:17,mfsweep_shard0,SPT_SMPT,51,6114.56,2,0,1,52.6,283.7,231.1,2,2,62.6,0.0,67.0,86.2,15.2,62.6
2026-09-19 18:26:17,mfsweep_shard0,SPT_SMPT,51,6114.56,3,0,1,78.8,344.1,265.2,2,2,60.9,0.0,74.2,125.0,5.2,60.9
2026-09-19 18:26:17,mfsweep_shard0,SPT_SMPT,51,6114.56,4,0,1,105.1,490.9,385.7,2,2,77.8,0.0,78.5,111.2,118.2,77.8
2026-09-19 18:26:17,mfsweep_shard0,SPT_SMPT,51,6114.56,5,0,1,131.4,456.7,325.3,2,2,75.9,0.0,71.9,146.6,30.9,75.9
2026-09-19 18:26:17,mfsweep_shard0,SPT_SMPT,51,6114.56,6,0,1,157.7,4302.8,4145.2,2,2,83.0,0.0,229.5,216.5,3616.1,83.0
2026-09-19 18:26:17,mfsweep_shard0,SPT_SMPT,51,6114.56,7,0,1,183.9,420.6,236.6,2,2,56.4,0.0,58.7,121.4,0.0,56.4
2026-09-19 18:26:17,mfsweep_shard0,SPT_SMPT,51,6114.56,8,0,1,210.2,699.7,489.4,2,2,67.5,0.0,114.5,125.6,181.9,67.5
2026-09-19 18:26:17,mfsweep_shard0,SPT_SMPT,51,6114.56,9,0,1,236.5,479.0,242.5,2,2,54.5,0.0,55.2,86.3,46.4,54.5
2026-09-19 18:26:17,mfsweep_shard0,SPT_SMPT,51,6114.56,10,0,1,262.8,565.5,302.7,2,2,60.8,0.0,83.8,129.2,28.9,60.8
2026-09-19 18:26:17,mfsweep_shard0,SPT_SMPT,51,6114.56,11,0,1,289.1,728.0,439.0,2,2,70.2,0.0,12.8,135.0,221.0,70.2
2026-09-19 18:26:17,mfsweep_shard0,SPT_SMPT,51,6114.56,12,0,1,315.3,582.3,266.9,2,2,54.4,0.0,80.1,116.5,15.9,54.4
2026-09-19 18:26:17,mfsweep_shard0,SPT_SMPT,51,6114.56,13,0,1,341.6,610.2,268.6,2,2,60.1,0.0,69.9,114.4,24.1,60.1
2026-09-19 18:26:17,mfsweep_shard0,SPT_SMPT,51,6114.56,14,0,1,367.9,2955.0,2587.1,2,2,75.0,0.1,267.0,218.3,1996.4,105.3
2026-09-19 18:26:17,mfsweep_shard0,SPT_SMPT,51,6114.56,15,0,1,394.2,1105.6,711.4,2,2,71.5,0.0,75.5,143.8,420.6,71.5
2026-09-19 18:26:17,mfsweep_shard0,SPT_SMPT,51,6114.56,16,0,1,420.4,716.3,295.9,2,2,60.8,0.0,71.2,127.9,35.9,60.8
2026-09-19 18:26:17,mfsweep_shard0,SPT_SMPT,51,6114.56,17,0,1,446.7,1389.0,942.3,2,2,73.0,0.0,98.1,130.8,640.4,73.0
2026-09-19 18:26:17,mfsweep_shard0,SPT_SMPT,51,6114.56,18,0,1,473.0,2496.2,2023.2,2,2,80.3,0.1,47.6,172.7,1722.5,80.3
2026-09-19 18:26:17,mfsweep_shard0,SPT_SMPT,51,6114.56,19,0,1,499.3,855.8,356.5,2,2,53.8,0.0,125.8,128.4,48.4,53.8
2026-09-19 18:26:17,mfsweep_shard0,SPT_SMPT,51,6114.56,20,0,1,525.6,3910.2,3384.6,2,2,80.1,0.2,341.3,194.6,2768.5,80.1
2026-09-19 18:26:17,mfsweep_shard0,SPT_SMPT,51,6114.56,21,0,1,551.8,3600.0,3048.2,2,2,76.6,0.2,298.5,224.0,2448.9,76.6
2026-09-19 18:26:17,mfsweep_shard0,SPT_SMPT,51,6114.56,22,0,1,578.1,774.4,196.3,2,2,64.8,0.0,4.9,122.2,4.4,64.8
2026-09-19 18:26:17,mfsweep_shard0,SPT_SMPT,51,6114.56,23,0,1,604.4,869.6,265.2,2,2,58.7,0.0,39.3,128.2,39.0,58.7
2026-09-19 18:26:17,mfsweep_shard0,SPT_SMPT,51,6114.56,24,0,1,630.7,4548.3,3917.6,2,2,85.1,0.3,323.7,181.3,3327.2,85.1
2026-09-19 18:26:17,mfsweep_shard0,SPT_SMPT,51,6114.56,25,0,1,656.9,916.5,259.6,2,2,64.7,0.0,80.7,99.8,14.4,64.7
2026-09-19 18:26:17,mfsweep_shard0,SPT_SMPT,51,6114.56,26,0,1,683.2,981.6,298.4,2,2,56.6,0.0,58.7,144.3,38.7,56.6
2026-09-19 18:26:17,mfsweep_shard0,SPT_SMPT,51,6114.56,27,0,1,709.5,1015.1,305.6,2,2,56.7,0.0,49.0,108.7,91.1,56.7
2026-09-19 18:26:17,mfsweep_shard0,SPT_SMPT,51,6114.56,28,0,1,735.8,4103.7,3367.9,2,2,81.5,0.3,354.6,203.1,2728.3,81.5
2026-09-19 18:26:17,mfsweep_shard0,SPT_SMPT,51,6114.56,29,0,1,762.0,2589.3,1827.2,2,2,73.5,0.2,112.4,233.2,1395.5,85.9
2026-09-19 18:26:17,mfsweep_shard0,SPT_SMPT,51,6114.56,30,0,1,788.3,3963.7,3175.4,2,2,80.2,0.4,317.6,241.4,2535.8,80.2
2026-09-19 18:26:17,mfsweep_shard0,SPT_SMPT,51,6114.56,31,0,1,814.6,3773.6,2959.0,2,2,77.6,0.5,401.3,300.5,2179.1,77.6
2026-09-19 18:26:17,mfsweep_shard0,SPT_SMPT,51,6114.56,32,0,1,840.9,1236.0,395.1,2,2,71.2,0.0,53.7,205.5,64.6,71.2
2026-09-19 18:26:17,mfsweep_shard0,SPT_SMPT,51,6114.56,33,0,1,867.2,4618.9,3751.8,2,2,85.7,0.5,372.0,217.0,3076.6,85.7
2026-09-19 18:26:17,mfsweep_shard0,SPT_SMPT,51,6114.56,34,0,1,893.4,1131.6,238.2,2,2,66.0,0.0,36.7,127.4,8.0,66.0
2026-09-19 18:26:17,mfsweep_shard0,SPT_SMPT,51,6114.56,35,0,1,919.7,1258.1,338.4,2,2,71.8,0.0,125.6,126.6,14.4,71.8
2026-09-19 18:26:17,mfsweep_shard0,SPT_SMPT,51,6114.56,36,0,1,946.0,4033.7,3087.7,2,2,80.9,0.6,419.2,248.5,2338.4,80.9
2026-09-19 18:26:17,mfsweep_shard0,SPT_SMPT,51,6114.56,37,0,1,972.3,3067.6,2095.4,2,2,74.0,0.7,441.9,259.1,1271.0,122.7
2026-09-19 18:26:17,mfsweep_shard0,SPT_SMPT,51,6114.56,38,0,1,998.5,4157.6,3159.1,2,2,82.0,0.7,444.3,247.2,2384.9,82.0
2026-09-19 18:26:17,mfsweep_shard0,SPT_SMPT,51,6114.56,39,0,1,1024.8,1270.0,245.1,2,2,72.6,0.0,18.1,121.2,33.2,72.6
2026-09-19 18:26:17,mfsweep_shard0,SPT_SMPT,51,6114.56,40,0,1,1051.1,3643.2,2592.1,2,2,76.8,0.8,486.0,264.8,1763.7,76.8
2026-09-19 18:26:17,mfsweep_shard0,SPT_SMPT,51,6114.56,41,0,1,1077.4,1381.9,304.6,2,2,55.1,0.0,61.1,132.9,55.5,55.1
2026-09-19 18:26:17,mfsweep_shard0,SPT_SMPT,51,6114.56,42,0,1,1103.7,1455.5,351.8,2,2,61.1,0.0,64.5,141.7,84.5,61.1
2026-09-19 18:26:17,mfsweep_shard0,SPT_SMPT,51,6114.56,43,0,1,1129.9,1893.4,763.4,2,2,63.1,0.0,136.5,187.7,376.1,63.1
2026-09-19 18:26:17,mfsweep_shard0,SPT_SMPT,51,6114.56,44,0,1,1156.2,1467.4,311.2,2,2,56.2,0.0,83.2,156.8,15.0,56.2
2026-09-19 18:26:17,mfsweep_shard0,SPT_SMPT,51,6114.56,45,0,1,1182.5,1580.7,398.2,2,2,61.2,0.0,73.4,118.3,145.2,61.2
2026-09-19 18:26:17,mfsweep_shard0,SPT_SMPT,51,6114.56,46,0,1,1208.8,1525.0,316.2,2,2,56.9,0.0,47.3,139.6,72.4,56.9
2026-09-19 18:26:17,mfsweep_shard0,SPT_SMPT,51,6114.56,47,0,1,1235.0,1798.7,563.6,2,2,62.7,0.0,91.5,136.5,272.9,62.7
2026-09-19 18:26:17,mfsweep_shard0,SPT_SMPT,51,6114.56,48,0,1,1261.3,2940.6,1679.3,2,2,74.5,0.6,438.3,212.4,953.5,74.5
2026-09-19 18:26:17,mfsweep_shard0,SPT_SMPT,51,6114.56,49,0,1,1287.6,1917.6,630.0,2,2,65.6,0.0,123.5,124.0,316.9,65.6
2026-09-19 18:26:17,mfsweep_shard0,SPT_SMPT,51,6114.56,50,0,1,1313.9,1985.5,671.6,2,2,65.8,0.0,111.3,130.8,363.7,65.8
2026-09-19 18:26:17,mfsweep_shard0,SPT_SMPT,51,6114.56,51,0,1,1340.2,1658.7,318.6,2,2,60.5,0.0,96.3,129.5,32.3,60.5
2026-09-19 18:26:17,mfsweep_shard0,SPT_SMPT,51,6114.56,52,0,1,1366.4,1679.4,313.0,2,2,62.4,0.0,115.9,121.9,12.8,62.4
2026-09-19 18:26:17,mfsweep_shard0,SPT_SMPT,51,6114.56,53,0,1,1392.7,4409.0,3016.3,2,2,84.5,0.9,587.7,136.2,2207.1,84.5
2026-09-19 18:26:17,mfsweep_shard0,SPT_SMPT,51,6114.56,54,0,1,1419.0,3106.2,1687.2,2,2,74.9,1.0,564.6,147.9,898.9,74.9
2026-09-19 18:26:17,mfsweep_shard0,SPT_SMPT,51,6114.56,55,0,1,1445.3,2726.1,1280.9,2,2,73.6,0.4,254.0,159.1,793.8,73.6
2026-09-19 18:26:17,mfsweep_shard0,SPT_SMPT,51,6114.56,56,0,1,1471.5,1763.6,292.0,2,2,59.2,0.0,62.9,149.5,20.4,59.2
2026-09-19 18:26:17,mfsweep_shard0,SPT_SMPT,51,6114.56,57,0,1,1497.8,3715.5,2217.6,2,2,77.6,1.0,620.0,180.2,1338.8,77.6
2026-09-19 18:26:17,mfsweep_shard0,SPT_SMPT,51,6114.56,58,0,1,1524.1,1791.5,267.4,2,2,58.9,0.0,41.8,127.4,39.2,58.9
2026-09-19 18:26:17,mfsweep_shard0,SPT_SMPT,51,6114.56,59,0,1,1550.4,2309.3,759.0,2,2,66.1,0.0,70.9,188.5,433.5,66.1
2026-09-19 18:26:17,mfsweep_shard0,SPT_SMPT,51,6114.56,60,0,1,1576.6,4695.8,3119.2,2,2,86.2,1.1,596.7,174.2,2261.1,86.2
2026-09-19 18:26:17,mfsweep_shard0,SPT_SMPT,51,6114.56,61,0,1,1602.9,2742.5,1139.6,2,2,74.7,0.5,297.2,167.5,599.8,74.7
2026-09-19 18:26:17,mfsweep_shard0,SPT_SMPT,51,6114.56,62,0,1,1629.2,2792.6,1163.4,2,2,71.9,0.5,378.3,181.7,530.9,71.9
2026-09-19 18:26:17,mfsweep_shard0,SPT_SMPT,51,6114.56,63,0,1,1655.5,3502.1,1846.6,2,2,76.1,0.8,442.0,206.7,1120.9,76.1
2026-09-19 18:26:17,mfsweep_shard0,SPT_SMPT,51,6114.56,64,0,1,1681.8,2735.3,1053.6,2,2,81.4,0.5,272.6,153.1,546.0,81.4
2026-09-19 18:26:17,mfsweep_shard0,SPT_SMPT,51,6114.56,65,0,1,1708.0,3839.6,2131.5,2,2,79.2,1.2,627.9,187.2,1236.0,79.2
2026-09-19 18:26:17,mfsweep_shard0,SPT_SMPT,51,6114.56,66,0,1,1734.3,2009.4,275.1,2,2,61.1,0.0,69.2,121.2,23.6,61.1
2026-09-19 18:26:17,mfsweep_shard0,SPT_SMPT,51,6114.56,67,0,1,1760.6,2060.8,300.2,2,2,54.6,0.0,73.0,134.7,37.9,54.6
2026-09-19 18:26:17,mfsweep_shard0,SPT_SMPT,51,6114.56,68,0,1,1786.9,2133.1,346.3,2,2,64.0,0.0,65.6,157.6,59.1,64.0
2026-09-19 18:26:17,mfsweep_shard0,SPT_SMPT,51,6114.56,69,0,1,1813.1,2154.3,341.2,2,2,62.4,0.0,88.0,134.6,56.2,62.4
2026-09-19 18:26:17,mfsweep_shard0,SPT_SMPT,51,6114.56,70,0,1,1839.4,2161.6,322.2,2,2,60.5,0.0,78.7,160.0,22.9,60.5
2026-09-19 18:26:17,mfsweep_shard0,SPT_SMPT,51,6114.56,71,0,1,1865.7,4479.7,2614.0,2,2,84.7,1.3,626.7,155.5,1745.9,84.7
2026-09-19 18:26:17,mfsweep_shard0,SPT_SMPT,51,6114.56,72,0,1,1892.0,4251.1,2359.2,2,2,82.5,1.4,658.6,176.3,1440.5,82.5
2026-09-19 18:26:17,mfsweep_shard0,SPT_SMPT,51,6114.56,73,0,1,1918.3,2248.1,329.8,2,2,63.9,0.0,71.1,113.4,81.5,63.9
2026-09-19 18:26:17,mfsweep_shard0,SPT_SMPT,51,6114.56,74,0,1,1944.5,3465.3,1520.8,2,2,75.2,1.4,696.6,184.4,563.2,75.2
2026-09-19 18:26:17,mfsweep_shard0,SPT_SMPT,51,6114.56,75,0,1,1970.8,2350.7,379.9,2,2,66.6,0.0,93.0,127.7,92.6,66.6
2026-09-19 18:26:17,mfsweep_shard0,SPT_SMPT,51,6114.56,76,0,1,1997.1,4339.6,2342.5,2,2,83.7,1.5,661.7,167.0,1428.7,83.7
2026-09-19 18:26:17,mfsweep_shard0,SPT_SMPT,51,6114.56,77,0,1,2023.4,3293.8,1270.4,2,2,68.7,1.6,758.5,183.3,258.4,68.7
2026-09-19 18:26:17,mfsweep_shard0,SPT_SMPT,51,6114.56,78,0,1,2049.6,3236.4,1186.8,2,2,62.3,1.6,799.6,186.9,136.3,62.3
2026-09-19 18:26:17,mfsweep_shard0,SPT_SMPT,51,6114.56,79,0,1,2075.9,2603.8,527.9,2,2,61.7,0.0,293.7,131.8,40.7,61.7
2026-09-19 18:26:17,mfsweep_shard0,SPT_SMPT,51,6114.56,80,0,1,2102.2,3409.7,1307.5,2,2,72.1,1.7,691.3,158.4,384.1,72.1
2026-09-19 18:26:17,mfsweep_shard0,SPT_SMPT,51,6114.56,81,0,1,2128.5,3156.3,1027.8,2,2,62.2,1.7,719.4,191.6,47.3,67.8
2026-09-19 18:26:17,mfsweep_shard0,SPT_SMPT,51,6114.56,82,0,1,2154.7,2753.8,599.1,2,2,72.8,0.0,417.0,109.2,0.0,72.8
2026-09-19 18:26:17,mfsweep_shard0,SPT_SMPT,51,6114.56,83,0,1,2181.0,3023.2,842.2,2,2,83.2,0.7,573.2,171.9,13.2,83.2
2026-09-19 18:26:17,mfsweep_shard0,SPT_SMPT,51,6114.56,84,0,1,2207.3,3030.3,823.0,2,2,66.7,0.0,625.6,130.7,0.0,66.7
2026-09-19 18:26:17,mfsweep_shard0,SPT_SMPT,51,6114.56,85,0,1,2233.6,3179.5,945.9,2,2,60.8,0.0,728.2,127.8,29.1,60.8
2026-09-19 18:26:17,mfsweep_shard0,SPT_SMPT,51,6114.56,86,0,1,2259.9,6114.6,3854.7,2,2,86.5,0.0,807.2,200.2,2716.0,131.2
2026-09-19 18:26:17,mfsweep_shard0,SPT_SMPT,51,6114.56,87,0,1,2286.1,3347.8,1061.7,2,2,70.4,0.0,714.5,118.2,158.6,70.4
2026-09-19 18:26:17,mfsweep_shard0,SPT_SMPT,51,6114.56,88,0,1,2312.4,3324.7,1012.3,2,2,56.5,0.0,822.6,113.6,19.5,56.5
2026-09-19 18:26:17,mfsweep_shard0,SPT_SMPT,51,6114.56,89,0,1,2338.7,3249.9,911.2,2,2,55.1,0.0,736.4,119.6,0.0,55.1
2026-09-19 18:26:17,mfsweep_shard0,SPT_SMPT,51,6114.56,90,0,1,2365.0,3305.3,940.4,2,2,57.2,0.0,708.1,111.8,63.2,57.2
2026-09-19 18:26:17,mfsweep_shard0,SPT_SMPT,51,6114.56,91,0,1,2391.2,3359.4,968.2,2,2,74.3,0.0,685.5,114.2,94.2,74.3
2026-09-19 18:26:17,mfsweep_shard0,SPT_SMPT,51,6114.56,92,0,1,2417.5,5170.9,2753.4,2,2,79.7,0.1,740.2,127.3,1806.2,79.7
2026-09-19 18:26:17,mfsweep_shard0,SPT_SMPT,51,6114.56,93,0,1,2443.8,3592.9,1149.1,2,2,67.5,0.0,748.8,128.2,204.7,67.5
2026-09-19 18:26:17,mfsweep_shard0,SPT_SMPT,51,6114.56,94,0,1,2470.1,3451.8,981.8,2,2,55.6,0.0,735.3,136.5,54.3,55.6
2026-09-19 18:26:17,mfsweep_shard0,SPT_SMPT,51,6114.56,95,0,1,2496.4,3490.5,994.1,2,2,66.1,0.0,740.6,103.3,81.9,68.3
2026-09-19 18:26:17,mfsweep_shard0,SPT_SMPT,51,6114.56,96,0,1,2522.6,6043.1,3520.5,2,2,86.4,0.1,803.5,245.9,2384.6,86.4
2026-09-19 18:26:17,mfsweep_shard0,SPT_SMPT,51,6114.56,97,0,1,2548.9,3662.2,1113.3,2,2,71.0,0.0,712.3,110.3,219.7,71.0
2026-09-19 18:26:17,mfsweep_shard0,SPT_SMPT,51,6114.56,98,0,1,2575.2,5392.7,2817.6,2,2,85.6,0.1,827.5,182.7,1721.6,85.6
2026-09-19 18:26:17,mfsweep_shard0,SPT_SMPT,51,6114.56,99,0,1,2601.5,4835.6,2234.1,2,2,82.0,0.1,660.8,123.0,1368.3,82.0
2026-09-19 18:26:17,mfsweep_shard0,SPT_SMPT,51,6114.56,100,0,1,2627.7,3531.0,903.2,2,2,53.9,0.0,736.9,101.2,11.2,53.9
2026-09-19 18:26:17,mfsweep_shard0,SPT_SMPT,51,6114.56,101,0,1,2654.0,4913.6,2259.6,2,2,77.3,0.1,747.4,129.5,1305.3,77.3
2026-09-19 18:26:17,mfsweep_shard0,SPT_SMPT,51,6114.56,102,0,1,2680.3,4988.0,2307.7,2,2,76.0,0.1,847.9,166.2,1206.1,87.3
2026-09-19 18:26:17,mfsweep_shard0,SPT_SMPT,51,6114.56,103,0,1,2706.6,4509.1,1802.5,2,2,71.3,0.0,689.4,166.9,874.9,71.3
2026-09-19 18:26:17,mfsweep_shard0,SPT_SMPT,51,6114.56,104,0,1,2732.9,3655.1,922.2,2,2,62.4,0.0,723.0,109.5,27.3,62.4
2026-09-19 18:26:17,mfsweep_shard0,SPT_SMPT,51,6114.56,105,0,1,2759.1,4746.2,1987.1,2,2,74.7,0.0,707.4,93.6,1111.4,74.7
2026-09-19 18:26:17,mfsweep_shard0,SPT_SMPT,51,6114.56,106,0,1,2785.4,3739.7,954.3,2,2,57.2,0.0,690.6,186.9,19.6,57.2
2026-09-19 18:26:17,mfsweep_shard0,SPT_SMPT,51,6114.56,107,0,1,2811.7,3747.0,935.3,2,2,67.9,0.0,727.9,112.1,27.4,67.9
2026-09-19 18:26:17,mfsweep_shard0,SPT_SMPT,51,6114.56,108,0,1,2838.0,3934.5,1096.6,2,2,68.5,0.1,748.8,114.4,164.7,68.5
2026-09-19 18:26:17,mfsweep_shard0,SPT_SMPT,51,6114.56,109,0,1,2864.2,5971.7,3107.5,2,2,85.0,0.3,921.5,162.7,1938.0,85.0
2026-09-19 18:26:17,mfsweep_shard0,SPT_SMPT,51,6114.56,110,0,1,2890.5,5559.1,2668.6,2,2,82.4,0.4,888.1,161.9,1535.7,82.4
2026-09-19 18:26:17,mfsweep_shard0,SPT_SMPT,51,6114.56,111,0,1,2916.8,3832.4,915.6,2,2,62.2,0.1,696.0,111.8,45.4,62.2
2026-09-19 18:26:17,mfsweep_shard0,SPT_SMPT,51,6114.56,112,0,1,2943.1,4040.7,1097.6,2,2,70.1,0.1,723.4,120.4,183.7,70.1
2026-09-19 18:26:17,mfsweep_shard0,SPT_SMPT,51,6114.56,113,0,1,2969.3,3846.8,877.4,2,2,59.4,0.2,659.5,105.1,53.3,59.4
2026-09-19 18:26:17,mfsweep_shard0,SPT_SMPT,51,6114.56,114,0,1,2995.6,5762.8,2767.1,2,2,83.7,0.5,956.6,173.1,1553.3,83.7
2026-09-19 18:26:17,mfsweep_shard0,SPT_SMPT,51,6114.56,115,0,1,3021.9,5435.3,2413.4,2,2,82.3,0.6,978.1,175.2,1177.3,82.3
2026-09-19 18:26:17,mfsweep_shard0,SPT_SMPT,51,6114.56,116,0,1,3048.2,3975.2,927.1,2,2,63.4,0.2,718.3,100.4,44.8,63.4
2026-09-19 18:26:17,mfsweep_shard0,SPT_SMPT,51,6114.56,117,0,1,3074.5,4681.2,1606.8,2,2,74.6,0.2,731.0,93.6,707.3,74.6
2026-09-19 18:26:17,mfsweep_shard0,SPT_SMPT,51,6114.56,118,0,1,3100.7,4626.6,1525.9,2,2,73.6,0.2,691.8,99.3,660.9,73.6
2026-09-19 18:26:17,mfsweep_shard0,SPT_SMPT,51,6114.56,119,0,1,3127.0,4017.1,890.1,2,2,58.6,0.3,693.6,100.4,37.3,58.6
2026-09-19 18:26:17,mfsweep_shard0,SPT_SMPT,51,6114.56,120,0,1,3153.3,5042.1,1888.8,2,2,78.7,0.5,834.2,124.2,851.1,78.7
2026-09-19 18:26:17,mfsweep_shard0,SPT_SMPT,51,6114.56,121,0,1,3179.6,4563.0,1383.4,2,2,71.3,0.3,709.5,92.3,510.0,71.3
2026-09-19 18:26:17,mfsweep_shard0,SPT_SMPT,51,6114.56,122,0,1,3205.8,5106.3,1900.4,2,2,79.2,0.6,889.9,129.9,800.8,79.2
2026-09-19 18:26:17,mfsweep_shard0,SPT_SMPT,51,6114.56,123,0,1,3232.1,4173.6,941.4,2,2,71.0,0.4,687.2,112.9,70.0,71.0
2026-09-19 18:26:17,mfsweep_shard0,SPT_SMPT,51,6114.56,124,0,1,3258.4,4115.4,857.0,2,2,53.6,0.4,674.5,105.0,23.6,53.6
2026-09-19 18:26:17,mfsweep_shard0,SPT_SMPT,51,6114.56,125,0,1,3284.7,4264.7,980.0,2,2,64.2,0.4,707.1,111.3,97.0,64.2
2026-09-19 18:26:17,mfsweep_shard0,SPT_SMPT,51,6114.56,126,0,1,3311.0,4216.5,905.5,2,2,54.2,0.4,692.8,103.5,54.6,54.2
2026-09-19 18:26:17,mfsweep_shard0,SPT_SMPT,51,6114.56,127,0,1,3337.2,5831.9,2494.7,2,2,84.2,0.9,903.6,187.2,1318.8,84.2
2026-09-19 18:26:17,mfsweep_shard0,SPT_SMPT,51,6114.56,128,0,1,3363.5,5694.1,2330.6,2,2,82.5,1.0,969.9,193.1,1084.0,82.5
2026-09-19 18:26:17,mfsweep_shard0,SPT_SMPT,51,6114.56,129,0,1,3389.8,5491.7,2101.9,2,2,81.0,0.7,1012.2,207.4,769.6,112.0
2026-09-19 18:26:17,mfsweep_shard0,SPT_SMPT,51,6114.56,130,0,1,3416.1,4394.9,978.8,2,2,63.7,0.0,721.6,87.6,105.9,63.7
2026-09-19 18:26:17,mfsweep_shard0,SPT_SMPT,51,6114.56,131,0,1,3442.3,4291.1,848.7,2,2,55.5,0.0,650.0,115.2,28.0,55.5
2026-09-19 18:26:17,mfsweep_shard0,SPT_SMPT,51,6114.56,132,0,1,3468.6,5626.6,2158.0,2,2,82.5,0.7,1029.6,174.9,870.2,82.5
2026-09-19 18:26:17,mfsweep_shard0,SPT_SMPT,51,6114.56,133,0,1,3494.9,5901.7,2406.8,2,2,84.8,0.8,1074.6,191.8,1054.9,84.8
2026-09-19 18:26:17,mfsweep_shard0,SPT_SMPT,51,6114.56,134,0,1,3521.2,4309.9,788.7,2,2,56.4,0.0,625.8,88.4,18.1,56.4
2026-09-19 18:26:17,mfsweep_shard0,SPT_SMPT,51,6114.56,135,0,1,3547.5,4450.5,903.0,2,2,69.6,0.0,660.3,124.6,48.4,69.6
2026-09-19 18:26:17,mfsweep_shard0,SPT_SMPT,51,6114.56,136,0,1,3573.7,4354.3,780.6,2,2,55.8,0.0,608.6,94.1,22.0,55.8
2026-09-19 18:31:03,mfsweep_shard0,SPT_SMPT,52,6340.58,0,0,1,0.0,230.1,230.1,2,2,74.6,0.0,67.3,88.2,0.0,74.6
2026-09-19 18:31:03,mfsweep_shard0,SPT_SMPT,52,6340.58,1,0,1,26.3,441.3,415.0,2,2,54.4,0.0,154.6,135.2,43.0,82.1
2026-09-19 18:31:03,mfsweep_shard0,SPT_SMPT,52,6340.58,2,0,1,52.6,421.8,369.3,2,2,62.6,0.0,67.5,158.1,81.0,62.6
2026-09-19 18:31:03,mfsweep_shard0,SPT_SMPT,52,6340.58,3,0,1,78.8,314.4,235.6,2,2,60.9,0.0,43.7,131.0,0.0,60.9
2026-09-19 18:31:03,mfsweep_shard0,SPT_SMPT,52,6340.58,4,0,1,105.1,959.8,854.7,2,2,77.8,0.1,171.1,134.9,464.1,84.6
2026-09-19 18:31:03,mfsweep_shard0,SPT_SMPT,52,6340.58,5,0,1,131.4,520.7,389.3,2,2,75.9,0.0,75.4,103.4,134.6,75.9
2026-09-19 18:31:03,mfsweep_shard0,SPT_SMPT,52,6340.58,6,0,1,157.7,2218.2,2060.5,2,2,83.0,0.1,257.3,202.5,1517.7,83.0
2026-09-19 18:31:03,mfsweep_shard0,SPT_SMPT,52,6340.58,7,0,1,183.9,474.4,290.5,2,2,56.4,0.0,66.4,132.8,34.8,56.4
2026-09-19 18:31:03,mfsweep_shard0,SPT_SMPT,52,6340.58,8,0,1,210.2,462.6,252.3,2,2,67.5,0.0,74.6,110.2,0.0,67.5
2026-09-19 18:31:03,mfsweep_shard0,SPT_SMPT,52,6340.58,9,0,1,236.5,532.4,295.9,2,2,54.5,0.0,82.8,158.6,0.0,54.5
2026-09-19 18:31:03,mfsweep_shard0,SPT_SMPT,52,6340.58,10,0,1,262.8,539.6,276.8,2,2,60.8,0.0,25.3,162.3,28.4,60.8
2026-09-19 18:31:03,mfsweep_shard0,SPT_SMPT,52,6340.58,11,0,1,289.1,815.0,525.9,2,2,70.2,0.1,112.1,167.4,165.5,80.8
2026-09-19 18:31:03,mfsweep_shard0,SPT_SMPT,52,6340.58,12,0,1,315.3,614.2,298.8,2,2,54.4,0.0,80.9,140.4,23.1,54.4
2026-09-19 18:31:03,mfsweep_shard0,SPT_SMPT,52,6340.58,13,0,1,341.6,714.1,372.5,2,2,60.1,0.0,159.4,114.5,38.5,60.1
2026-09-19 18:31:03,mfsweep_shard0,SPT_SMPT,52,6340.58,14,0,1,367.9,894.8,527.0,2,2,75.0,0.1,118.5,144.8,188.6,75.0
2026-09-19 18:31:03,mfsweep_shard0,SPT_SMPT,52,6340.58,15,0,1,394.2,677.2,283.0,2,2,71.5,0.0,106.2,97.4,7.9,71.5
2026-09-19 18:31:03,mfsweep_shard0,SPT_SMPT,52,6340.58,16,0,1,420.4,753.1,332.7,2,2,60.8,0.0,76.4,95.8,99.6,60.8
2026-09-19 18:31:03,mfsweep_shard0,SPT_SMPT,52,6340.58,17,0,1,446.7,875.4,428.6,2,2,73.0,0.0,145.7,107.5,102.4,73.0
2026-09-19 18:31:03,mfsweep_shard0,SPT_SMPT,52,6340.58,18,0,1,473.0,1244.1,771.1,2,2,80.3,0.1,247.1,199.1,183.1,141.7
2026-09-19 18:31:03,mfsweep_shard0,SPT_SMPT,52,6340.58,19,0,1,499.3,1035.5,536.3,2,2,53.8,0.0,268.0,174.2,40.2,53.8
2026-09-19 18:31:03,mfsweep_shard0,SPT_SMPT,52,6340.58,20,0,1,525.6,1870.3,1344.8,2,2,80.1,0.2,279.8,245.5,739.2,80.1
2026-09-19 18:31:03,mfsweep_shard0,SPT_SMPT,52,6340.58,21,0,1,551.8,1753.0,1201.2,2,2,76.6,0.3,307.6,254.5,562.2,76.6
2026-09-19 18:31:03,mfsweep_shard0,SPT_SMPT,52,6340.58,22,0,1,578.1,1346.0,767.9,2,2,64.8,0.3,301.1,215.3,186.6,64.8
2026-09-19 18:31:03,mfsweep_shard0,SPT_SMPT,52,6340.58,23,0,1,604.4,858.5,254.1,2,2,58.7,0.0,67.5,111.8,16.2,58.7
2026-09-19 18:31:03,mfsweep_shard0,SPT_SMPT,52,6340.58,24,0,1,630.7,2273.9,1643.2,2,2,85.1,0.3,248.1,199.6,1085.2,110.1
2026-09-19 18:31:03,mfsweep_shard0,SPT_SMPT,52,6340.58,25,0,1,656.9,1367.5,710.6,2,2,64.7,0.4,266.8,157.4,221.3,64.7
2026-09-19 18:31:03,mfsweep_shard0,SPT_SMPT,52,6340.58,26,0,1,683.2,1001.7,318.5,2,2,56.6,0.0,88.0,99.9,73.9,56.6
2026-09-19 18:31:03,mfsweep_shard0,SPT_SMPT,52,6340.58,27,0,1,709.5,1325.0,615.5,2,2,56.7,0.4,294.7,172.0,75.7,72.7
2026-09-19 18:31:03,mfsweep_shard0,SPT_SMPT,52,6340.58,28,0,1,735.8,2077.6,1341.9,2,2,81.5,0.5,302.1,165.0,792.9,81.5
2026-09-19 18:31:03,mfsweep_shard0,SPT_SMPT,52,6340.58,29,0,1,762.0,1631.2,869.1,2,2,73.5,0.5,366.2,154.0,274.9,73.5
2026-09-19 18:31:03,mfsweep_shard0,SPT_SMPT,52,6340.58,30,0,1,788.3,1957.2,1168.9,2,2,80.2,0.2,300.0,162.3,596.2,110.2
2026-09-19 18:31:03,mfsweep_shard0,SPT_SMPT,52,6340.58,31,0,1,814.6,1810.9,996.3,2,2,77.6,0.3,283.7,157.3,477.4,77.6
2026-09-19 18:31:03,mfsweep_shard0,SPT_SMPT,52,6340.58,32,0,1,840.9,1229.5,388.7,2,2,71.2,0.0,202.6,114.8,0.0,71.2
2026-09-19 18:31:03,mfsweep_shard0,SPT_SMPT,52,6340.58,33,0,1,867.2,2361.3,1494.1,2,2,85.7,0.3,316.8,128.9,962.5,85.7
2026-09-19 18:31:03,mfsweep_shard0,SPT_SMPT,52,6340.58,34,0,1,893.4,1456.0,562.6,2,2,66.0,0.0,307.2,109.9,79.4,66.0
2026-09-19 18:31:03,mfsweep_shard0,SPT_SMPT,52,6340.58,35,0,1,919.7,1517.4,597.7,2,2,71.8,0.0,281.6,127.8,116.5,71.8
2026-09-19 18:31:03,mfsweep_shard0,SPT_SMPT,52,6340.58,36,0,1,946.0,2019.3,1073.3,2,2,80.9,0.0,250.2,125.0,617.2,80.9
2026-09-19 18:31:03,mfsweep_shard0,SPT_SMPT,52,6340.58,37,0,1,972.3,1695.1,722.8,2,2,74.0,0.0,290.6,121.6,236.7,74.0
2026-09-19 18:31:03,mfsweep_shard0,SPT_SMPT,52,6340.58,38,0,1,998.5,2149.5,1150.9,2,2,82.0,0.0,191.5,122.1,755.3,82.0
2026-09-19 18:31:03,mfsweep_shard0,SPT_SMPT,52,6340.58,39,0,1,1024.8,1587.8,563.0,2,2,72.6,0.0,205.7,112.5,172.1,72.6
2026-09-19 18:31:03,mfsweep_shard0,SPT_SMPT,52,6340.58,40,0,1,1051.1,4216.2,3165.1,2,2,76.8,0.0,475.4,261.5,2347.8,80.4
2026-09-19 18:31:03,mfsweep_shard0,SPT_SMPT,52,6340.58,41,0,1,1077.4,1448.9,371.6,2,2,55.1,0.0,202.0,105.1,9.4,55.1
2026-09-19 18:31:03,mfsweep_shard0,SPT_SMPT,52,6340.58,42,0,1,1103.7,1533.9,430.3,2,2,61.1,0.0,212.5,115.7,41.0,61.1
2026-09-19 18:31:03,mfsweep_shard0,SPT_SMPT,52,6340.58,43,0,1,1129.9,1923.2,793.3,2,2,63.1,0.1,197.2,114.9,418.0,63.1
2026-09-19 18:31:03,mfsweep_shard0,SPT_SMPT,52,6340.58,44,0,1,1156.2,1576.1,419.9,2,2,56.2,0.1,204.9,108.2,50.6,56.2
2026-09-19 18:31:03,mfsweep_shard0,SPT_SMPT,52,6340.58,45,0,1,1182.5,1602.3,419.8,2,2,61.2,0.1,157.5,111.6,89.4,61.2
2026-09-19 18:31:03,mfsweep_shard0,SPT_SMPT,52,6340.58,46,0,1,1208.8,1688.0,479.2,2,2,56.9,0.1,223.9,117.5,80.8,56.9
2026-09-19 18:31:03,mfsweep_shard0,SPT_SMPT,52,6340.58,47,0,1,1235.0,1830.0,595.0,2,2,62.7,0.2,246.1,106.3,179.6,62.7
2026-09-19 18:31:03,mfsweep_shard0,SPT_SMPT,52,6340.58,48,0,1,1261.3,2436.7,1175.4,2,2,74.5,0.2,188.9,158.1,753.7,74.5
2026-09-19 18:31:03,mfsweep_shard0,SPT_SMPT,52,6340.58,49,0,1,1287.6,2012.3,724.7,2,2,65.6,0.0,197.5,120.6,340.9,65.6
2026-09-19 18:31:03,mfsweep_shard0,SPT_SMPT,52,6340.58,50,0,1,1313.9,2026.4,712.5,2,2,65.8,0.0,176.3,126.1,344.3,65.8
2026-09-19 18:31:03,mfsweep_shard0,SPT_SMPT,52,6340.58,51,0,1,1340.2,1711.3,371.1,2,2,60.5,0.0,139.0,125.8,45.8,60.5
2026-09-19 18:31:03,mfsweep_shard0,SPT_SMPT,52,6340.58,52,0,1,1366.4,1769.2,402.8,2,2,62.4,0.0,215.3,105.8,19.3,62.4
2026-09-19 18:31:03,mfsweep_shard0,SPT_SMPT,52,6340.58,53,0,1,1392.7,5735.4,4342.7,2,2,84.5,0.2,440.7,229.8,3587.6,84.5
2026-09-19 18:31:03,mfsweep_shard0,SPT_SMPT,52,6340.58,54,0,1,1419.0,3129.5,1710.5,2,2,74.9,0.2,414.3,204.7,1016.3,74.9
2026-09-19 18:31:03,mfsweep_shard0,SPT_SMPT,52,6340.58,55,0,1,1445.3,2705.9,1260.6,2,2,73.6,0.2,358.3,167.3,661.2,73.6
2026-09-19 18:31:03,mfsweep_shard0,SPT_SMPT,52,6340.58,56,0,1,1471.5,1822.8,351.2,2,2,59.2,0.0,173.7,101.2,17.1,59.2
2026-09-19 18:31:03,mfsweep_shard0,SPT_SMPT,52,6340.58,57,0,1,1497.8,4571.9,3074.1,2,2,77.6,0.4,582.6,278.2,2135.3,77.6
2026-09-19 18:31:03,mfsweep_shard0,SPT_SMPT,52,6340.58,58,0,1,1524.1,1903.8,379.7,2,2,58.9,0.0,173.4,105.6,41.7,58.9
2026-09-19 18:31:03,mfsweep_shard0,SPT_SMPT,52,6340.58,59,0,1,1550.4,2538.9,988.6,2,2,66.1,0.2,246.7,149.3,526.4,66.1
2026-09-19 18:31:03,mfsweep_shard0,SPT_SMPT,52,6340.58,60,0,1,1576.6,6197.7,4621.1,2,2,86.2,0.5,658.9,269.4,3541.8,150.4
2026-09-19 18:31:03,mfsweep_shard0,SPT_SMPT,52,6340.58,61,0,1,1602.9,3028.0,1425.1,2,2,74.7,0.4,413.3,214.1,722.6,74.7
2026-09-19 18:31:03,mfsweep_shard0,SPT_SMPT,52,6340.58,62,0,1,1629.2,2803.3,1174.1,2,2,71.9,0.4,449.3,166.0,486.5,71.9
2026-09-19 18:31:03,mfsweep_shard0,SPT_SMPT,52,6340.58,63,0,1,1655.5,3752.3,2096.8,2,2,76.1,0.5,564.5,221.6,1234.1,76.1
2026-09-19 18:31:03,mfsweep_shard0,SPT_SMPT,52,6340.58,64,0,1,1681.8,5055.9,3374.2,2,2,81.4,0.8,664.3,253.0,2374.7,81.4
2026-09-19 18:31:03,mfsweep_shard0,SPT_SMPT,52,6340.58,65,0,1,1708.0,4860.7,3152.7,2,2,79.2,0.9,734.8,244.4,2093.4,79.2
2026-09-19 18:31:03,mfsweep_shard0,SPT_SMPT,52,6340.58,66,0,1,1734.3,2089.4,355.1,2,2,61.1,0.0,173.5,105.6,14.9,61.1
2026-09-19 18:31:03,mfsweep_shard0,SPT_SMPT,52,6340.58,67,0,1,1760.6,2163.8,403.3,2,2,54.6,0.0,205.6,110.3,32.8,54.6
2026-09-19 18:31:03,mfsweep_shard0,SPT_SMPT,52,6340.58,68,0,1,1786.9,2546.0,759.1,2,2,64.0,0.3,306.8,176.4,178.7,96.9
2026-09-19 18:31:03,mfsweep_shard0,SPT_SMPT,52,6340.58,69,0,1,1813.1,2156.7,343.5,2,2,62.4,0.0,160.8,107.7,12.7,62.4
2026-09-19 18:31:03,mfsweep_shard0,SPT_SMPT,52,6340.58,70,0,1,1839.4,2230.2,390.7,2,2,60.5,0.0,197.7,117.3,15.2,60.5
2026-09-19 18:31:03,mfsweep_shard0,SPT_SMPT,52,6340.58,71,0,1,1865.7,5805.1,3939.4,2,2,84.7,1.0,823.8,252.7,2777.1,84.7
2026-09-19 18:31:03,mfsweep_shard0,SPT_SMPT,52,6340.58,72,0,1,1892.0,5325.0,3433.0,2,2,82.5,1.2,820.0,236.4,2293.0,82.5
2026-09-19 18:31:03,mfsweep_shard0,SPT_SMPT,52,6340.58,73,0,1,1918.3,2285.6,367.3,2,2,63.9,0.0,150.5,117.0,35.9,63.9
2026-09-19 18:31:03,mfsweep_shard0,SPT_SMPT,52,6340.58,74,0,1,1944.5,3640.2,1695.7,2,2,75.2,0.8,540.3,205.0,874.4,75.2
2026-09-19 18:31:03,mfsweep_shard0,SPT_SMPT,52,6340.58,75,0,1,1970.8,2838.7,867.9,2,2,66.6,0.7,467.7,160.5,157.2,81.9
2026-09-19 18:31:03,mfsweep_shard0,SPT_SMPT,52,6340.58,76,0,1,1997.1,2513.8,516.7,2,2,83.7,0.0,339.8,93.2,0.0,83.7
2026-09-19 18:31:03,mfsweep_shard0,SPT_SMPT,52,6340.58,77,0,1,2023.4,3184.6,1161.3,2,2,68.7,0.9,664.6,208.1,218.9,68.7
2026-09-19 18:31:03,mfsweep_shard0,SPT_SMPT,52,6340.58,78,0,1,2049.6,2506.7,457.1,2,2,62.3,0.0,246.0,121.4,27.4,62.3
2026-09-19 18:31:03,mfsweep_shard0,SPT_SMPT,52,6340.58,79,0,1,2075.9,2698.8,622.9,2,2,61.7,0.4,438.5,122.4,0.0,61.7
2026-09-19 18:31:03,mfsweep_shard0,SPT_SMPT,52,6340.58,80,0,1,2102.2,2682.6,580.4,2,2,72.1,0.4,358.1,147.4,2.4,72.1
2026-09-19 18:31:03,mfsweep_shard0,SPT_SMPT,52,6340.58,81,0,1,2128.5,2715.7,587.2,2,2,62.2,0.0,365.0,114.2,45.7,62.2
2026-09-19 18:31:03,mfsweep_shard0,SPT_SMPT,52,6340.58,82,0,1,2154.7,3507.3,1352.5,2,2,72.8,0.6,583.4,175.0,520.6,72.8
2026-09-19 18:31:03,mfsweep_shard0,SPT_SMPT,52,6340.58,83,0,1,2181.0,5528.2,3347.2,2,2,83.2,1.1,864.8,210.5,2187.6,83.2
2026-09-19 18:31:03,mfsweep_shard0,SPT_SMPT,52,6340.58,84,0,1,2207.3,2845.8,638.5,2,2,66.7,0.4,424.7,100.4,46.3,66.7
2026-09-19 18:31:03,mfsweep_shard0,SPT_SMPT,52,6340.58,85,0,1,2233.6,3297.1,1063.5,2,2,60.8,0.3,655.4,168.5,149.5,89.8
2026-09-19 18:31:03,mfsweep_shard0,SPT_SMPT,52,6340.58,86,0,1,2259.9,6340.6,4080.7,2,2,86.5,0.9,974.9,226.2,2792.3,86.5
2026-09-19 18:31:03,mfsweep_shard0,SPT_SMPT,52,6340.58,87,0,1,2286.1,3455.2,1169.0,2,2,70.4,0.4,631.5,167.0,299.9,70.4
2026-09-19 18:31:03,mfsweep_shard0,SPT_SMPT,52,6340.58,88,0,1,2312.4,3219.7,907.3,2,2,56.5,0.4,630.7,163.1,56.6,56.5
2026-09-19 18:31:03,mfsweep_shard0,SPT_SMPT,52,6340.58,89,0,1,2338.7,3088.1,749.4,2,2,55.1,0.0,573.2,98.3,22.8,55.1
2026-09-19 18:31:03,mfsweep_shard0,SPT_SMPT,52,6340.58,90,0,1,2365.0,3071.9,707.0,2,2,57.2,0.0,490.4,130.2,29.2,57.2
2026-09-19 18:31:03,mfsweep_shard0,SPT_SMPT,52,6340.58,91,0,1,2391.2,3581.0,1189.8,2,2,74.3,0.0,599.4,130.4,385.7,74.3
2026-09-19 18:31:03,mfsweep_shard0,SPT_SMPT,52,6340.58,92,0,1,2417.5,4989.6,2572.1,2,2,79.7,0.6,867.4,171.4,1453.0,79.7
2026-09-19 18:31:03,mfsweep_shard0,SPT_SMPT,52,6340.58,93,0,1,2443.8,3398.9,955.1,2,2,67.5,0.0,604.3,121.6,161.7,67.5
2026-09-19 18:31:03,mfsweep_shard0,SPT_SMPT,52,6340.58,94,0,1,2470.1,3240.9,770.8,2,2,55.6,0.0,564.0,122.1,29.0,55.6
2026-09-19 18:31:03,mfsweep_shard0,SPT_SMPT,52,6340.58,95,0,1,2496.4,3339.6,843.3,2,2,66.1,0.0,610.8,102.6,63.7,66.1
2026-09-19 18:31:03,mfsweep_shard0,SPT_SMPT,52,6340.58,96,0,1,2522.6,6269.1,3746.5,2,2,86.4,0.7,916.7,166.7,2575.9,86.4
2026-09-19 18:31:03,mfsweep_shard0,SPT_SMPT,52,6340.58,97,0,1,2548.9,3328.0,779.1,2,2,71.0,0.0,592.3,115.7,0.0,71.0
2026-09-19 18:31:03,mfsweep_shard0,SPT_SMPT,52,6340.58,98,0,1,2575.2,6015.4,3440.3,2,2,85.6,0.5,799.4,149.9,2404.9,85.6
2026-09-19 18:31:03,mfsweep_shard0,SPT_SMPT,52,6340.58,99,0,1,2601.5,5122.9,2521.4,2,2,82.0,0.5,833.5,155.3,1450.1,82.0
2026-09-19 18:31:03,mfsweep_shard0,SPT_SMPT,52,6340.58,100,0,1,2627.7,3379.9,752.2,2,2,53.9,0.0,560.8,111.6,25.9,53.9
2026-09-19 18:31:03,mfsweep_shard0,SPT_SMPT,52,6340.58,101,0,1,2654.0,4629.1,1975.1,2,2,77.3,0.6,817.2,174.3,905.6,77.3
2026-09-19 18:31:03,mfsweep_shard0,SPT_SMPT,52,6340.58,102,0,1,2680.3,3391.8,711.5,2,2,76.0,0.0,519.0,108.4,8.0,76.0
2026-09-19 18:31:03,mfsweep_shard0,SPT_SMPT,52,6340.58,103,0,1,2706.6,3882.4,1175.8,2,2,71.3,0.0,546.6,107.9,450.0,71.3
2026-09-19 18:31:03,mfsweep_shard0,SPT_SMPT,52,6340.58,104,0,1,2732.9,3490.8,757.9,2,2,62.4,0.0,551.2,103.7,40.6,62.4
2026-09-19 18:31:03,mfsweep_shard0,SPT_SMPT,52,6340.58,105,0,1,2759.1,4319.4,1560.3,2,2,74.7,0.3,681.6,160.7,642.9,74.7
2026-09-19 18:31:03,mfsweep_shard0,SPT_SMPT,52,6340.58,106,0,1,2785.4,3514.3,728.9,2,2,57.2,0.0,511.5,111.0,49.2,57.2
2026-09-19 18:31:03,mfsweep_shard0,SPT_SMPT,52,6340.58,107,0,1,2811.7,3573.9,762.3,2,2,67.9,0.0,502.9,119.3,72.1,67.9
2026-09-19 18:31:03,mfsweep_shard0,SPT_SMPT,52,6340.58,108,0,1,2838.0,3767.1,929.1,2,2,68.5,0.0,595.3,119.9,145.3,68.5
2026-09-19 18:31:03,mfsweep_shard0,SPT_SMPT,52,6340.58,109,0,1,2864.2,5944.9,3080.6,2,2,85.0,0.6,845.3,141.3,2008.4,85.0
2026-09-19 18:31:03,mfsweep_shard0,SPT_SMPT,52,6340.58,110,0,1,2890.5,5257.6,2367.0,2,2,82.4,0.7,798.9,144.9,1340.1,82.4
2026-09-19 18:31:03,mfsweep_shard0,SPT_SMPT,52,6340.58,111,0,1,2916.8,3594.5,677.7,2,2,62.2,0.0,485.0,114.9,15.6,62.2
2026-09-19 18:31:03,mfsweep_shard0,SPT_SMPT,52,6340.58,112,0,1,2943.1,3785.6,842.6,2,2,70.1,0.0,502.3,122.7,147.5,70.1
2026-09-19 18:31:03,mfsweep_shard0,SPT_SMPT,52,6340.58,113,0,1,2969.3,3662.6,693.2,2,2,59.4,0.0,492.6,116.5,24.7,59.4
2026-09-19 18:31:03,mfsweep_shard0,SPT_SMPT,52,6340.58,114,0,1,2995.6,5596.8,2601.2,2,2,83.7,0.7,751.1,151.9,1613.7,83.7
2026-09-19 18:31:03,mfsweep_shard0,SPT_SMPT,52,6340.58,115,0,1,3021.9,5190.1,2168.2,2,2,82.3,0.8,853.8,143.9,1087.5,82.3
2026-09-19 18:31:03,mfsweep_shard0,SPT_SMPT,52,6340.58,116,0,1,3048.2,3774.2,726.0,2,2,63.4,0.0,521.6,119.6,21.3,63.4
2026-09-19 18:31:03,mfsweep_shard0,SPT_SMPT,52,6340.58,117,0,1,3074.5,4693.3,1618.9,2,2,74.6,0.8,860.5,187.1,495.9,74.6
2026-09-19 18:31:03,mfsweep_shard0,SPT_SMPT,52,6340.58,118,0,1,3100.7,3938.5,837.7,2,2,73.6,0.0,462.7,98.3,203.0,73.6
2026-09-19 18:31:03,mfsweep_shard0,SPT_SMPT,52,6340.58,119,0,1,3127.0,3916.6,789.6,2,2,58.6,0.0,603.7,113.4,14.0,58.6
2026-09-19 18:31:03,mfsweep_shard0,SPT_SMPT,52,6340.58,120,0,1,3153.3,4797.1,1643.8,2,2,78.7,0.9,939.6,146.0,478.7,78.7
2026-09-19 18:31:03,mfsweep_shard0,SPT_SMPT,52,6340.58,121,0,1,3179.6,4326.5,1147.0,2,2,71.3,0.5,800.7,163.9,110.5,71.3
2026-09-19 18:31:03,mfsweep_shard0,SPT_SMPT,52,6340.58,122,0,1,3205.8,4925.4,1719.6,2,2,79.2,1.0,983.6,144.7,511.1,79.2
2026-09-19 18:31:03,mfsweep_shard0,SPT_SMPT,52,6340.58,123,0,1,3232.1,4025.8,793.7,2,2,71.0,0.1,590.7,110.0,21.8,71.0
2026-09-19 18:31:03,mfsweep_shard0,SPT_SMPT,52,6340.58,124,0,1,3258.4,4376.0,1117.6,2,2,53.6,0.6,793.5,146.4,111.1,66.0
2026-09-19 18:31:03,mfsweep_shard0,SPT_SMPT,52,6340.58,125,0,1,3284.7,4238.4,953.8,2,2,64.2,0.1,694.5,158.0,36.9,64.2
2026-09-19 18:31:03,mfsweep_shard0,SPT_SMPT,52,6340.58,126,0,1,3311.0,4412.1,1101.1,2,2,54.2,0.7,765.3,150.3,130.6,54.2
2026-09-19 18:31:03,mfsweep_shard0,SPT_SMPT,52,6340.58,127,0,1,3337.2,5666.0,2328.8,2,2,84.2,1.1,933.7,142.9,1166.9,84.2
2026-09-19 18:31:03,mfsweep_shard0,SPT_SMPT,52,6340.58,128,0,1,3363.5,5460.0,2096.5,2,2,82.5,1.2,937.6,140.5,934.7,82.5
2026-09-19 18:31:03,mfsweep_shard0,SPT_SMPT,52,6340.58,129,0,1,3389.8,4291.2,901.4,2,2,81.0,0.2,672.2,90.6,57.4,81.0
2026-09-19 18:31:03,mfsweep_shard0,SPT_SMPT,52,6340.58,130,0,1,3416.1,4732.9,1316.8,2,2,63.7,1.3,943.8,109.4,171.3,91.0
2026-09-19 18:31:03,mfsweep_shard0,SPT_SMPT,52,6340.58,131,0,1,3442.3,4338.0,895.7,2,2,55.5,0.6,637.9,106.2,95.5,55.5
2026-09-19 18:31:03,mfsweep_shard0,SPT_SMPT,52,6340.58,132,0,1,3468.6,5392.5,1923.9,2,2,82.5,0.8,924.8,102.1,813.6,82.5
2026-09-19 18:31:03,mfsweep_shard0,SPT_SMPT,52,6340.58,133,0,1,3494.9,5874.9,2380.0,2,2,84.8,0.8,904.2,111.8,1278.4,84.8
2026-09-19 18:31:03,mfsweep_shard0,SPT_SMPT,52,6340.58,134,0,1,3521.2,4419.1,897.9,2,2,56.4,0.3,662.5,108.2,70.6,56.4
2026-09-19 18:31:03,mfsweep_shard0,SPT_SMPT,52,6340.58,135,0,1,3547.5,4617.5,1070.1,2,2,69.6,0.3,801.5,117.5,81.1,69.6
2026-09-19 18:31:03,mfsweep_shard0,SPT_SMPT,52,6340.58,136,0,1,3573.7,4663.8,1090.1,2,2,55.8,0.0,840.2,91.8,102.2,55.8
2026-09-19 18:36:05,mfsweep_shard0,SPT_SMPT,53,6601.16,0,0,1,0.0,248.0,248.0,2,2,74.6,0.0,67.5,105.8,0.0,74.6
2026-09-19 18:36:05,mfsweep_shard0,SPT_SMPT,53,6601.16,1,0,1,26.3,259.8,233.5,2,2,54.4,0.0,47.4,110.3,21.4,54.4
2026-09-19 18:36:05,mfsweep_shard0,SPT_SMPT,53,6601.16,2,0,1,52.6,335.1,282.6,2,2,62.6,0.0,53.8,80.9,85.2,62.6
2026-09-19 18:36:05,mfsweep_shard0,SPT_SMPT,53,6601.16,3,0,1,78.8,313.7,234.9,2,2,60.9,0.0,85.1,77.5,11.3,60.9
2026-09-19 18:36:05,mfsweep_shard0,SPT_SMPT,53,6601.16,4,0,1,105.1,518.6,413.4,2,2,77.8,0.0,120.5,132.4,82.7,77.8
2026-09-19 18:36:05,mfsweep_shard0,SPT_SMPT,53,6601.16,5,0,1,131.4,639.5,508.1,2,2,75.9,0.0,148.6,145.4,133.3,80.8
2026-09-19 18:36:05,mfsweep_shard0,SPT_SMPT,53,6601.16,6,0,1,157.7,702.6,544.9,2,2,83.0,0.1,116.2,145.1,200.6,83.0
2026-09-19 18:36:05,mfsweep_shard0,SPT_SMPT,53,6601.16,7,0,1,183.9,556.2,372.3,2,2,56.4,0.0,104.9,196.2,0.0,71.2
2026-09-19 18:36:05,mfsweep_shard0,SPT_SMPT,53,6601.16,8,0,1,210.2,651.4,441.1,2,2,67.5,0.0,113.2,239.6,7.3,81.1
2026-09-19 18:36:05,mfsweep_shard0,SPT_SMPT,53,6601.16,9,0,1,236.5,533.3,296.8,2,2,54.5,0.0,84.2,107.7,50.4,54.5
2026-09-19 18:36:05,mfsweep_shard0,SPT_SMPT,53,6601.16,10,0,1,262.8,563.3,300.6,2,2,60.8,0.0,66.0,91.4,82.3,60.8
2026-09-19 18:36:05,mfsweep_shard0,SPT_SMPT,53,6601.16,11,0,1,289.1,743.6,454.6,2,2,70.2,0.0,67.7,113.6,203.0,70.2
2026-09-19 18:36:05,mfsweep_shard0,SPT_SMPT,53,6601.16,12,0,1,315.3,589.3,274.0,2,2,54.4,0.0,75.7,117.8,26.0,54.4
2026-09-19 18:36:05,mfsweep_shard0,SPT_SMPT,53,6601.16,13,0,1,341.6,690.9,349.2,2,2,60.1,0.0,123.8,137.8,27.6,60.1
2026-09-19 18:36:05,mfsweep_shard0,SPT_SMPT,53,6601.16,14,0,1,367.9,1187.8,820.0,2,2,75.0,0.0,67.2,186.0,491.7,75.0
2026-09-19 18:36:05,mfsweep_shard0,SPT_SMPT,53,6601.16,15,0,1,394.2,940.5,546.3,2,2,71.5,0.1,75.0,160.5,239.3,71.5
2026-09-19 18:36:05,mfsweep_shard0,SPT_SMPT,53,6601.16,16,0,1,420.4,731.8,311.4,2,2,60.8,0.0,125.3,118.0,7.2,60.8
2026-09-19 18:36:05,mfsweep_shard0,SPT_SMPT,53,6601.16,17,0,1,446.7,2194.3,1747.6,2,2,73.0,0.1,220.5,212.0,1242.0,73.0
2026-09-19 18:36:05,mfsweep_shard0,SPT_SMPT,53,6601.16,18,0,1,473.0,4715.8,4242.8,2,2,80.3,0.1,392.9,258.2,3511.3,80.3
2026-09-19 18:36:05,mfsweep_shard0,SPT_SMPT,53,6601.16,19,0,1,499.3,832.7,333.4,2,2,53.8,0.0,123.9,118.0,37.7,53.8
2026-09-19 18:36:05,mfsweep_shard0,SPT_SMPT,53,6601.16,20,0,1,525.6,4138.6,3613.1,2,2,80.1,0.2,400.9,256.6,2875.3,80.1
2026-09-19 18:36:05,mfsweep_shard0,SPT_SMPT,53,6601.16,21,0,1,551.8,2248.9,1697.1,2,2,76.6,0.3,259.3,210.5,1150.4,76.6
2026-09-19 18:36:05,mfsweep_shard0,SPT_SMPT,53,6601.16,22,0,1,578.1,1267.4,689.3,2,2,64.8,0.3,231.0,150.6,218.4,89.1
2026-09-19 18:36:05,mfsweep_shard0,SPT_SMPT,53,6601.16,23,0,1,604.4,1035.8,431.4,2,2,58.7,0.2,199.2,136.9,36.4,58.7
2026-09-19 18:36:05,mfsweep_shard0,SPT_SMPT,53,6601.16,24,0,1,630.7,933.3,302.7,2,2,85.1,0.0,90.0,121.1,6.5,85.1
2026-09-19 18:36:05,mfsweep_shard0,SPT_SMPT,53,6601.16,25,0,1,656.9,908.7,251.8,2,2,64.7,0.0,97.8,89.3,0.0,64.7
2026-09-19 18:36:05,mfsweep_shard0,SPT_SMPT,53,6601.16,26,0,1,683.2,1054.0,370.8,2,2,56.6,0.0,130.6,172.1,11.5,56.6
2026-09-19 18:36:05,mfsweep_shard0,SPT_SMPT,53,6601.16,27,0,1,709.5,1072.9,363.4,2,2,56.7,0.0,124.0,106.0,76.6,56.7
2026-09-19 18:36:05,mfsweep_shard0,SPT_SMPT,53,6601.16,28,0,1,735.8,5544.4,4808.6,2,2,81.5,0.3,447.6,237.4,4041.7,81.5
2026-09-19 18:36:05,mfsweep_shard0,SPT_SMPT,53,6601.16,29,0,1,762.0,1227.0,464.9,2,2,73.5,0.0,250.1,103.0,38.3,73.5
2026-09-19 18:36:05,mfsweep_shard0,SPT_SMPT,53,6601.16,30,0,1,788.3,4775.2,3986.9,2,2,80.2,0.3,372.6,316.2,3217.6,80.2
2026-09-19 18:36:05,mfsweep_shard0,SPT_SMPT,53,6601.16,31,0,1,814.6,3399.8,2585.2,2,2,77.6,0.4,377.0,173.8,1956.3,77.6
2026-09-19 18:36:05,mfsweep_shard0,SPT_SMPT,53,6601.16,32,0,1,840.9,1289.4,448.5,2,2,71.2,0.2,199.6,108.7,68.8,71.2
2026-09-19 18:36:05,mfsweep_shard0,SPT_SMPT,53,6601.16,33,0,1,867.2,6367.5,5500.4,2,2,85.7,0.6,572.0,303.8,4538.4,85.7
2026-09-19 18:36:05,mfsweep_shard0,SPT_SMPT,53,6601.16,34,0,1,893.4,1180.6,287.2,2,2,66.0,0.0,98.9,122.3,0.0,66.0
2026-09-19 18:36:05,mfsweep_shard0,SPT_SMPT,53,6601.16,35,0,1,919.7,1387.7,467.9,2,2,71.8,0.2,178.9,132.9,84.2,71.8
2026-09-19 18:36:05,mfsweep_shard0,SPT_SMPT,53,6601.16,36,0,1,946.0,4918.5,3972.5,2,2,80.9,0.5,490.0,250.0,3151.1,80.9
2026-09-19 18:36:05,mfsweep_shard0,SPT_SMPT,53,6601.16,37,0,1,972.3,2749.5,1777.3,2,2,74.0,0.2,250.8,155.0,1297.2,74.0
2026-09-19 18:36:05,mfsweep_shard0,SPT_SMPT,53,6601.16,38,0,1,998.5,5611.3,4612.8,2,2,82.0,0.7,574.8,244.5,3710.8,82.0
2026-09-19 18:36:05,mfsweep_shard0,SPT_SMPT,53,6601.16,39,0,1,1024.8,2313.9,1289.0,2,2,72.6,0.3,255.5,178.4,782.3,72.6
2026-09-19 18:36:05,mfsweep_shard0,SPT_SMPT,53,6601.16,40,0,1,1051.1,3100.8,2049.7,2,2,76.8,0.3,255.3,156.3,1561.0,76.8
2026-09-19 18:36:05,mfsweep_shard0,SPT_SMPT,53,6601.16,41,0,1,1077.4,1394.8,317.4,2,2,55.1,0.0,116.3,106.4,39.6,55.1
2026-09-19 18:36:05,mfsweep_shard0,SPT_SMPT,53,6601.16,42,0,1,1103.7,1487.1,383.5,2,2,61.1,0.0,162.8,102.7,56.9,61.1
2026-09-19 18:36:05,mfsweep_shard0,SPT_SMPT,53,6601.16,43,0,1,1129.9,1882.5,752.5,2,2,63.1,0.0,177.4,133.1,378.9,63.1
2026-09-19 18:36:05,mfsweep_shard0,SPT_SMPT,53,6601.16,44,0,1,1156.2,1494.3,338.1,2,2,56.2,0.0,98.4,116.2,67.3,56.2
2026-09-19 18:36:05,mfsweep_shard0,SPT_SMPT,53,6601.16,45,0,1,1182.5,1601.8,419.3,2,2,61.2,0.0,54.1,101.0,202.9,61.2
2026-09-19 18:36:05,mfsweep_shard0,SPT_SMPT,53,6601.16,46,0,1,1208.8,1558.1,349.4,2,2,56.9,0.0,97.6,112.8,82.0,56.9
2026-09-19 18:36:05,mfsweep_shard0,SPT_SMPT,53,6601.16,47,0,1,1235.0,1749.7,514.7,2,2,62.7,0.0,65.3,110.3,276.4,62.7
2026-09-19 18:36:05,mfsweep_shard0,SPT_SMPT,53,6601.16,48,0,1,1261.3,2811.4,1550.0,2,2,74.5,0.3,188.5,154.5,1132.3,74.5
2026-09-19 18:36:05,mfsweep_shard0,SPT_SMPT,53,6601.16,49,0,1,1287.6,1905.1,617.5,2,2,65.6,0.0,42.4,111.0,398.5,65.6
2026-09-19 18:36:05,mfsweep_shard0,SPT_SMPT,53,6601.16,50,0,1,1313.9,1988.8,675.0,2,2,65.8,0.0,138.9,123.5,346.8,65.8
2026-09-19 18:36:05,mfsweep_shard0,SPT_SMPT,53,6601.16,51,0,1,1340.2,1585.2,245.1,2,2,60.5,0.0,35.6,137.5,11.4,60.5
2026-09-19 18:36:05,mfsweep_shard0,SPT_SMPT,53,6601.16,52,0,1,1366.4,1727.7,361.3,2,2,62.4,0.0,60.0,142.2,96.6,62.4
2026-09-19 18:36:05,mfsweep_shard0,SPT_SMPT,53,6601.16,53,0,1,1392.7,6157.1,4764.4,2,2,84.5,0.9,487.9,365.2,3825.9,84.5
2026-09-19 18:36:05,mfsweep_shard0,SPT_SMPT,53,6601.16,54,0,1,1419.0,2929.7,1510.7,2,2,74.9,0.3,268.7,158.1,1008.6,74.9
2026-09-19 18:36:05,mfsweep_shard0,SPT_SMPT,53,6601.16,55,0,1,1445.3,2702.0,1256.7,2,2,73.6,0.4,240.9,153.4,788.4,73.6
2026-09-19 18:36:05,mfsweep_shard0,SPT_SMPT,53,6601.16,56,0,1,1471.5,1756.8,285.2,2,2,59.2,0.0,79.1,130.5,16.4,59.2
2026-09-19 18:36:05,mfsweep_shard0,SPT_SMPT,53,6601.16,57,0,1,1497.8,3208.2,1710.4,2,2,77.6,0.4,308.2,191.1,1133.2,77.6
2026-09-19 18:36:05,mfsweep_shard0,SPT_SMPT,53,6601.16,58,0,1,1524.1,1875.3,351.2,2,2,58.9,0.0,70.7,178.1,43.4,58.9
2026-09-19 18:36:05,mfsweep_shard0,SPT_SMPT,53,6601.16,59,0,1,1550.4,2395.8,845.4,2,2,66.1,0.4,247.1,145.6,386.2,66.1
2026-09-19 18:36:05,mfsweep_shard0,SPT_SMPT,53,6601.16,60,0,1,1576.6,6529.8,4953.1,2,2,86.2,1.1,697.1,296.8,3810.2,148.0
2026-09-19 18:36:05,mfsweep_shard0,SPT_SMPT,53,6601.16,61,0,1,1602.9,2879.3,1276.4,2,2,74.7,0.4,256.6,178.1,766.5,74.7
2026-09-19 18:36:05,mfsweep_shard0,SPT_SMPT,53,6601.16,62,0,1,1629.2,2648.4,1019.2,2,2,71.9,0.5,317.8,168.3,460.8,71.9
2026-09-19 18:36:05,mfsweep_shard0,SPT_SMPT,53,6601.16,63,0,1,1655.5,3078.6,1423.1,2,2,76.1,0.5,328.5,167.5,850.5,76.1
2026-09-19 18:36:05,mfsweep_shard0,SPT_SMPT,53,6601.16,64,0,1,1681.8,4967.8,3286.1,2,2,81.4,1.1,617.6,255.3,2330.7,81.4
2026-09-19 18:36:05,mfsweep_shard0,SPT_SMPT,53,6601.16,65,0,1,1708.0,4254.1,2546.1,2,2,79.2,0.9,589.5,264.8,1611.7,79.2
2026-09-19 18:36:05,mfsweep_shard0,SPT_SMPT,53,6601.16,66,0,1,1734.3,2075.8,341.5,2,2,61.1,0.0,62.2,143.3,74.9,61.1
2026-09-19 18:36:05,mfsweep_shard0,SPT_SMPT,53,6601.16,67,0,1,1760.6,2019.8,259.2,2,2,54.6,0.0,55.1,140.1,9.4,54.6
2026-09-19 18:36:05,mfsweep_shard0,SPT_SMPT,53,6601.16,68,0,1,1786.9,2439.9,653.0,2,2,64.0,0.5,353.1,191.4,44.1,64.0
2026-09-19 18:36:05,mfsweep_shard0,SPT_SMPT,53,6601.16,69,0,1,1813.1,2321.0,507.8,2,2,62.4,0.0,250.2,153.8,41.3,62.4
2026-09-19 18:36:05,mfsweep_shard0,SPT_SMPT,53,6601.16,70,0,1,1839.4,2475.7,636.2,2,2,60.5,0.6,377.4,162.0,26.0,70.2
2026-09-19 18:36:05,mfsweep_shard0,SPT_SMPT,53,6601.16,71,0,1,1865.7,2353.8,488.1,2,2,84.7,0.0,296.2,107.2,0.0,84.7
2026-09-19 18:36:05,mfsweep_shard0,SPT_SMPT,53,6601.16,72,0,1,1892.0,2334.4,442.4,2,2,82.5,0.0,216.8,135.3,7.8,82.5
2026-09-19 18:36:05,mfsweep_shard0,SPT_SMPT,53,6601.16,73,0,1,1918.3,2539.5,621.3,2,2,63.9,0.6,362.3,133.5,61.0,63.9
2026-09-19 18:36:05,mfsweep_shard0,SPT_SMPT,53,6601.16,74,0,1,1944.5,3010.3,1065.8,2,2,75.2,0.0,363.1,120.0,507.5,75.2
2026-09-19 18:36:05,mfsweep_shard0,SPT_SMPT,53,6601.16,75,0,1,1970.8,2592.8,622.0,2,2,66.6,0.0,400.7,113.8,40.9,66.6
2026-09-19 18:36:05,mfsweep_shard0,SPT_SMPT,53,6601.16,76,0,1,1997.1,2604.5,607.5,2,2,83.7,0.0,402.3,113.4,8.0,83.7
2026-09-19 18:36:05,mfsweep_shard0,SPT_SMPT,53,6601.16,77,0,1,2023.4,3359.7,1336.3,2,2,68.7,0.0,586.3,152.1,529.1,68.7
2026-09-19 18:36:05,mfsweep_shard0,SPT_SMPT,53,6601.16,78,0,1,2049.6,2900.7,851.0,2,2,62.3,0.0,379.4,110.3,299.0,62.3
2026-09-19 18:36:05,mfsweep_shard0,SPT_SMPT,53,6601.16,79,0,1,2075.9,2619.0,543.1,2,2,61.7,0.0,312.5,113.1,55.8,61.7
2026-09-19 18:36:05,mfsweep_shard0,SPT_SMPT,53,6601.16,80,0,1,2102.2,3485.0,1382.8,2,2,72.1,0.3,553.6,149.1,607.7,72.1
2026-09-19 18:36:05,mfsweep_shard0,SPT_SMPT,53,6601.16,81,0,1,2128.5,2660.1,531.6,2,2,62.2,0.0,333.6,107.4,28.3,62.2
2026-09-19 18:36:05,mfsweep_shard0,SPT_SMPT,53,6601.16,82,0,1,2154.7,3686.3,1531.5,2,2,72.8,0.3,529.0,158.7,770.6,72.8
2026-09-19 18:36:05,mfsweep_shard0,SPT_SMPT,53,6601.16,83,0,1,2181.0,6087.7,3906.7,2,2,83.2,1.0,904.4,275.5,2640.6,85.1
2026-09-19 18:36:05,mfsweep_shard0,SPT_SMPT,53,6601.16,84,0,1,2207.3,3021.9,814.6,2,2,66.7,0.0,322.0,116.2,309.7,66.7
2026-09-19 18:36:05,mfsweep_shard0,SPT_SMPT,53,6601.16,85,0,1,2233.6,2763.4,529.8,2,2,60.8,0.0,293.2,109.2,66.5,60.8
2026-09-19 18:36:05,mfsweep_shard0,SPT_SMPT,53,6601.16,86,0,1,2259.9,5980.5,3720.6,2,2,86.5,1.2,905.3,265.6,2462.1,86.5
2026-09-19 18:36:05,mfsweep_shard0,SPT_SMPT,53,6601.16,87,0,1,2286.1,3644.5,1358.4,2,2,70.4,0.4,570.0,162.9,554.7,70.4
2026-09-19 18:36:05,mfsweep_shard0,SPT_SMPT,53,6601.16,88,0,1,2312.4,2782.5,470.1,2,2,56.5,0.0,230.4,122.2,60.9,56.5
2026-09-19 18:36:05,mfsweep_shard0,SPT_SMPT,53,6601.16,89,0,1,2338.7,2827.9,489.2,2,2,55.1,0.0,323.2,96.2,14.7,55.1
2026-09-19 18:36:05,mfsweep_shard0,SPT_SMPT,53,6601.16,90,0,1,2365.0,2886.4,521.4,2,2,57.2,0.0,275.7,155.8,32.7,57.2
2026-09-19 18:36:05,mfsweep_shard0,SPT_SMPT,53,6601.16,91,0,1,2391.2,5031.1,2639.8,2,2,74.3,1.2,965.6,276.3,1276.6,120.1
2026-09-19 18:36:05,mfsweep_shard0,SPT_SMPT,53,6601.16,92,0,1,2417.5,3392.7,975.2,2,2,79.7,0.2,587.3,181.8,126.2,79.7
2026-09-19 18:36:05,mfsweep_shard0,SPT_SMPT,53,6601.16,93,0,1,2443.8,3568.5,1124.7,2,2,67.5,0.6,617.1,152.2,287.4,67.5
2026-09-19 18:36:05,mfsweep_shard0,SPT_SMPT,53,6601.16,94,0,1,2470.1,2955.8,485.7,2,2,55.6,0.0,296.6,95.7,37.8,55.6
2026-09-19 18:36:05,mfsweep_shard0,SPT_SMPT,53,6601.16,95,0,1,2496.4,3517.0,1020.6,2,2,66.1,0.6,698.4,148.4,56.3,116.9
2026-09-19 18:36:05,mfsweep_shard0,SPT_SMPT,53,6601.16,96,0,1,2522.6,6601.2,4078.5,2,2,86.4,1.6,1145.8,268.8,2575.9,86.4
2026-09-19 18:36:05,mfsweep_shard0,SPT_SMPT,53,6601.16,97,0,1,2548.9,3189.8,640.9,2,2,71.0,0.1,409.9,124.0,35.9,71.0
2026-09-19 18:36:05,mfsweep_shard0,SPT_SMPT,53,6601.16,98,0,1,2575.2,3432.9,857.7,2,2,85.6,0.1,563.7,97.1,111.1,85.6
2026-09-19 18:36:05,mfsweep_shard0,SPT_SMPT,53,6601.16,99,0,1,2601.5,3201.2,599.7,2,2,82.0,0.2,424.5,88.0,5.1,82.0
2026-09-19 18:36:05,mfsweep_shard0,SPT_SMPT,53,6601.16,100,0,1,2627.7,3455.2,827.5,2,2,53.9,0.4,632.6,111.1,29.5,53.9
2026-09-19 18:36:05,mfsweep_shard0,SPT_SMPT,53,6601.16,101,0,1,2654.0,3447.9,793.9,2,2,77.3,0.3,561.4,101.7,53.2,77.3
2026-09-19 18:36:05,mfsweep_shard0,SPT_SMPT,53,6601.16,102,0,1,2680.3,3412.9,732.6,2,2,76.0,0.0,530.1,110.8,15.7,76.0
2026-09-19 18:36:05,mfsweep_shard0,SPT_SMPT,53,6601.16,103,0,1,2706.6,3556.7,850.2,2,2,71.3,0.0,677.9,101.0,0.0,71.3
2026-09-19 18:36:05,mfsweep_shard0,SPT_SMPT,53,6601.16,104,0,1,2732.9,3611.8,879.0,2,2,62.4,0.0,696.4,99.5,20.7,62.4
2026-09-19 18:36:05,mfsweep_shard0,SPT_SMPT,53,6601.16,105,0,1,2759.1,5284.0,2524.9,2,2,74.7,0.8,1090.9,237.4,1121.0,74.7
2026-09-19 18:36:05,mfsweep_shard0,SPT_SMPT,53,6601.16,106,0,1,2785.4,3737.9,952.5,2,2,57.2,0.0,759.8,102.2,33.2,57.2
2026-09-19 18:36:05,mfsweep_shard0,SPT_SMPT,53,6601.16,107,0,1,2811.7,3891.2,1079.5,2,2,67.9,0.0,666.9,134.9,209.7,67.9
2026-09-19 18:36:05,mfsweep_shard0,SPT_SMPT,53,6601.16,108,0,1,2838.0,4261.3,1423.3,2,2,68.5,0.4,808.7,163.9,381.8,68.5
2026-09-19 18:36:05,mfsweep_shard0,SPT_SMPT,53,6601.16,109,0,1,2864.2,6296.9,3432.7,2,2,85.0,1.1,1187.3,230.6,1928.6,85.0
2026-09-19 18:36:05,mfsweep_shard0,SPT_SMPT,53,6601.16,110,0,1,2890.5,5746.0,2855.5,2,2,82.4,1.0,1078.7,187.5,1505.8,82.4
2026-09-19 18:36:05,mfsweep_shard0,SPT_SMPT,53,6601.16,111,0,1,2916.8,3751.4,834.6,2,2,62.2,0.1,608.2,103.0,61.2,62.2
2026-09-19 18:36:05,mfsweep_shard0,SPT_SMPT,53,6601.16,112,0,1,2943.1,4338.6,1395.5,2,2,70.1,0.5,804.7,157.6,362.7,70.1
2026-09-19 18:36:05,mfsweep_shard0,SPT_SMPT,53,6601.16,113,0,1,2969.3,3839.5,870.1,2,2,59.4,0.1,677.2,109.2,24.1,59.4
2026-09-19 18:36:05,mfsweep_shard0,SPT_SMPT,53,6601.16,114,0,1,2995.6,6022.1,3026.5,2,2,83.7,1.4,1271.3,213.8,1456.3,83.7
2026-09-19 18:36:05,mfsweep_shard0,SPT_SMPT,53,6601.16,115,0,1,3021.9,5678.6,2656.7,2,2,82.3,1.2,1175.7,177.6,1219.9,82.3
2026-09-19 18:36:05,mfsweep_shard0,SPT_SMPT,53,6601.16,116,0,1,3048.2,3879.6,831.4,2,2,63.4,0.2,635.2,97.0,35.6,63.4
2026-09-19 18:36:05,mfsweep_shard0,SPT_SMPT,53,6601.16,117,0,1,3074.5,5120.0,2045.5,2,2,74.6,1.3,1185.1,176.3,608.1,74.6
2026-09-19 18:36:05,mfsweep_shard0,SPT_SMPT,53,6601.16,118,0,1,3100.7,5224.3,2123.6,2,2,73.6,1.4,1176.8,177.6,694.1,73.6
2026-09-19 18:36:05,mfsweep_shard0,SPT_SMPT,53,6601.16,119,0,1,3127.0,3935.9,808.9,2,2,58.6,0.2,588.7,107.9,53.4,58.6
2026-09-19 18:36:05,mfsweep_shard0,SPT_SMPT,53,6601.16,120,0,1,3153.3,5347.7,2194.4,2,2,78.7,1.5,1192.5,189.1,732.6,78.7
2026-09-19 18:36:05,mfsweep_shard0,SPT_SMPT,53,6601.16,121,0,1,3179.6,5165.7,1986.1,2,2,71.3,1.6,1189.4,195.8,482.0,117.3
2026-09-19 18:36:05,mfsweep_shard0,SPT_SMPT,53,6601.16,122,0,1,3205.8,5411.9,2206.1,2,2,79.2,1.7,1224.5,177.0,723.6,79.2
2026-09-19 18:36:05,mfsweep_shard0,SPT_SMPT,53,6601.16,123,0,1,3232.1,4568.2,1336.1,2,2,71.0,0.9,755.2,156.5,352.5,71.0
2026-09-19 18:36:05,mfsweep_shard0,SPT_SMPT,53,6601.16,124,0,1,3258.4,4372.6,1114.2,2,2,53.6,0.9,784.6,174.5,92.4,61.7
2026-09-19 18:36:05,mfsweep_shard0,SPT_SMPT,53,6601.16,125,0,1,3284.7,4512.7,1228.0,2,2,64.2,0.9,817.1,144.4,199.4,66.2
2026-09-19 18:36:05,mfsweep_shard0,SPT_SMPT,53,6601.16,126,0,1,3311.0,4391.3,1080.4,2,2,54.2,1.0,737.9,161.2,126.1,54.2
2026-09-19 18:36:05,mfsweep_shard0,SPT_SMPT,53,6601.16,127,0,1,3337.2,4240.1,902.9,2,2,84.2,0.4,640.8,159.2,18.3,84.2
2026-09-19 18:36:05,mfsweep_shard0,SPT_SMPT,53,6601.16,128,0,1,3363.5,4273.0,909.5,2,2,82.5,0.5,737.5,89.1,0.0,82.5
2026-09-19 18:36:05,mfsweep_shard0,SPT_SMPT,53,6601.16,129,0,1,3389.8,5477.9,2088.1,2,2,81.0,1.4,1245.4,154.0,606.3,81.0
2026-09-19 18:36:05,mfsweep_shard0,SPT_SMPT,53,6601.16,130,0,1,3416.1,4463.0,1046.9,2,2,63.7,0.6,775.9,108.0,98.7,63.7
2026-09-19 18:36:05,mfsweep_shard0,SPT_SMPT,53,6601.16,131,0,1,3442.3,4432.7,990.4,2,2,55.5,0.6,755.5,113.8,65.1,55.5
2026-09-19 18:36:05,mfsweep_shard0,SPT_SMPT,53,6601.16,132,0,1,3468.6,5813.5,2344.9,2,2,82.5,1.1,1275.7,126.7,858.9,82.5
2026-09-19 18:36:05,mfsweep_shard0,SPT_SMPT,53,6601.16,133,0,1,3494.9,6226.9,2732.0,2,2,84.8,1.4,1368.8,190.2,1086.8,84.8
2026-09-19 18:36:05,mfsweep_shard0,SPT_SMPT,53,6601.16,134,0,1,3521.2,4384.1,862.9,2,2,56.4,0.0,684.5,103.0,19.0,56.4
2026-09-19 18:36:05,mfsweep_shard0,SPT_SMPT,53,6601.16,135,0,1,3547.5,4450.3,902.8,2,2,69.6,0.0,672.2,88.9,72.1,69.6
2026-09-19 18:36:05,mfsweep_shard0,SPT_SMPT,53,6601.16,136,0,1,3573.7,4497.8,924.1,2,2,55.8,0.0,750.8,97.5,19.9,55.8
2026-09-19 18:41:49,mfsweep_shard0,SPT_SMPT,54,7592.74,0,0,1,0.0,446.5,446.5,2,2,74.6,0.0,80.9,182.6,108.3,74.6
2026-09-19 18:41:49,mfsweep_shard0,SPT_SMPT,54,7592.74,1,0,1,26.3,274.2,247.9,2,2,54.4,0.0,38.9,145.7,8.9,54.4
2026-09-19 18:41:49,mfsweep_shard0,SPT_SMPT,54,7592.74,2,0,1,52.6,256.7,204.1,2,2,62.6,0.0,35.4,106.1,0.0,62.6
2026-09-19 18:41:49,mfsweep_shard0,SPT_SMPT,54,7592.74,3,0,1,78.8,344.4,265.5,2,2,60.9,0.0,87.9,115.4,1.3,60.9
2026-09-19 18:41:49,mfsweep_shard0,SPT_SMPT,54,7592.74,4,0,1,105.1,1241.5,1136.4,2,2,77.8,0.0,162.0,173.8,722.7,77.8
2026-09-19 18:41:49,mfsweep_shard0,SPT_SMPT,54,7592.74,5,0,1,131.4,1272.0,1140.6,2,2,75.9,0.1,154.8,208.3,701.5,75.9
2026-09-19 18:41:49,mfsweep_shard0,SPT_SMPT,54,7592.74,6,0,1,157.7,3786.1,3628.4,2,2,83.0,0.2,327.9,347.9,2869.5,83.0
2026-09-19 18:41:49,mfsweep_shard0,SPT_SMPT,54,7592.74,7,0,1,183.9,439.3,255.4,2,2,56.4,0.0,35.7,124.0,39.2,56.4
2026-09-19 18:41:49,mfsweep_shard0,SPT_SMPT,54,7592.74,8,0,1,210.2,860.1,649.9,2,2,67.5,0.1,200.3,188.3,193.7,67.5
2026-09-19 18:41:49,mfsweep_shard0,SPT_SMPT,54,7592.74,9,0,1,236.5,472.6,236.1,2,2,54.5,0.0,34.5,122.7,24.2,54.5
2026-09-19 18:41:49,mfsweep_shard0,SPT_SMPT,54,7592.74,10,0,1,262.8,754.0,491.2,2,2,60.8,0.1,91.4,152.9,148.4,98.3
2026-09-19 18:41:49,mfsweep_shard0,SPT_SMPT,54,7592.74,11,0,1,289.1,1264.9,975.9,2,2,70.2,0.3,231.1,147.3,527.0,70.2
2026-09-19 18:41:49,mfsweep_shard0,SPT_SMPT,54,7592.74,12,0,1,315.3,496.1,180.8,2,2,54.4,0.0,15.4,100.7,10.3,54.4
2026-09-19 18:41:49,mfsweep_shard0,SPT_SMPT,54,7592.74,13,0,1,341.6,616.0,274.4,2,2,60.1,0.0,90.7,122.5,1.1,60.1
2026-09-19 18:41:49,mfsweep_shard0,SPT_SMPT,54,7592.74,14,0,1,367.9,1744.5,1376.6,2,2,75.0,0.4,239.2,220.9,841.2,75.0
2026-09-19 18:41:49,mfsweep_shard0,SPT_SMPT,54,7592.74,15,0,1,394.2,721.9,327.7,2,2,71.5,0.0,127.7,128.5,0.0,71.5
2026-09-19 18:41:49,mfsweep_shard0,SPT_SMPT,54,7592.74,16,0,1,420.4,899.4,479.0,2,2,60.8,0.2,184.3,172.4,61.3,60.8
2026-09-19 18:41:49,mfsweep_shard0,SPT_SMPT,54,7592.74,17,0,1,446.7,687.0,240.2,2,2,73.0,0.0,41.7,125.5,0.0,73.0
2026-09-19 18:41:49,mfsweep_shard0,SPT_SMPT,54,7592.74,18,0,1,473.0,729.2,256.2,2,2,80.3,0.0,27.9,132.3,15.7,80.3
2026-09-19 18:41:49,mfsweep_shard0,SPT_SMPT,54,7592.74,19,0,1,499.3,817.7,318.4,2,2,53.8,0.0,114.6,150.0,0.0,53.8
2026-09-19 18:41:49,mfsweep_shard0,SPT_SMPT,54,7592.74,20,0,1,525.6,5344.8,4819.3,2,2,80.1,0.4,529.7,388.5,3795.7,105.0
2026-09-19 18:41:49,mfsweep_shard0,SPT_SMPT,54,7592.74,21,0,1,551.8,1800.4,1248.6,2,2,76.6,0.4,372.1,168.5,631.0,76.6
2026-09-19 18:41:49,mfsweep_shard0,SPT_SMPT,54,7592.74,22,0,1,578.1,954.2,376.1,2,2,64.8,0.1,188.2,106.5,16.5,64.8
2026-09-19 18:41:49,mfsweep_shard0,SPT_SMPT,54,7592.74,23,0,1,604.4,984.9,380.5,2,2,58.7,0.0,163.0,130.7,28.1,58.7
2026-09-19 18:41:49,mfsweep_shard0,SPT_SMPT,54,7592.74,24,0,1,630.7,7237.5,6606.8,2,2,85.1,0.7,642.0,356.2,5512.7,95.3
2026-09-19 18:41:49,mfsweep_shard0,SPT_SMPT,54,7592.74,25,0,1,656.9,1353.2,696.3,2,2,64.7,0.5,349.0,134.1,124.7,88.0
2026-09-19 18:41:49,mfsweep_shard0,SPT_SMPT,54,7592.74,26,0,1,683.2,1016.9,333.7,2,2,56.6,0.0,101.7,110.9,64.4,56.6
2026-09-19 18:41:49,mfsweep_shard0,SPT_SMPT,54,7592.74,27,0,1,709.5,1064.5,355.0,2,2,56.7,0.0,86.3,121.3,90.5,56.7
2026-09-19 18:41:49,mfsweep_shard0,SPT_SMPT,54,7592.74,28,0,1,735.8,6129.9,5394.1,2,2,81.5,0.9,723.5,369.9,4218.2,81.5
2026-09-19 18:41:49,mfsweep_shard0,SPT_SMPT,54,7592.74,29,0,1,762.0,1076.3,314.2,2,2,73.5,0.0,111.3,129.5,0.0,73.5
2026-09-19 18:41:49,mfsweep_shard0,SPT_SMPT,54,7592.74,30,0,1,788.3,6019.1,5230.8,2,2,80.2,1.0,769.1,372.7,3971.5,116.5
2026-09-19 18:41:49,mfsweep_shard0,SPT_SMPT,54,7592.74,31,0,1,814.6,2274.8,1460.2,2,2,77.6,0.7,354.7,182.2,806.7,115.8
2026-09-19 18:41:49,mfsweep_shard0,SPT_SMPT,54,7592.74,32,0,1,840.9,1448.4,607.5,2,2,71.2,0.5,191.8,114.6,229.4,71.2
2026-09-19 18:41:49,mfsweep_shard0,SPT_SMPT,54,7592.74,33,0,1,867.2,7378.7,6511.6,2,2,85.7,1.0,775.5,436.5,5212.9,85.7
2026-09-19 18:41:49,mfsweep_shard0,SPT_SMPT,54,7592.74,34,0,1,893.4,1406.6,513.2,2,2,66.0,0.3,212.5,167.6,22.6,110.2
2026-09-19 18:41:49,mfsweep_shard0,SPT_SMPT,54,7592.74,35,0,1,919.7,1858.9,939.2,2,2,71.8,0.5,281.3,209.0,376.7,71.8
2026-09-19 18:41:49,mfsweep_shard0,SPT_SMPT,54,7592.74,36,0,1,946.0,6061.2,5115.2,2,2,80.9,1.5,876.8,389.2,3766.8,80.9
2026-09-19 18:41:49,mfsweep_shard0,SPT_SMPT,54,7592.74,37,0,1,972.3,2334.7,1362.5,2,2,74.0,0.7,461.5,197.3,629.0,74.0
2026-09-19 18:41:49,mfsweep_shard0,SPT_SMPT,54,7592.74,38,0,1,998.5,6208.1,5209.6,2,2,82.0,1.2,927.9,394.3,3804.2,82.0
2026-09-19 18:41:49,mfsweep_shard0,SPT_SMPT,54,7592.74,39,0,1,1024.8,2924.3,1899.5,2,2,72.6,0.7,670.3,266.6,889.4,72.6
2026-09-19 18:41:49,mfsweep_shard0,SPT_SMPT,54,7592.74,40,0,1,1051.1,4248.4,3197.3,2,2,76.8,1.0,793.2,314.0,2012.3,76.8
2026-09-19 18:41:49,mfsweep_shard0,SPT_SMPT,54,7592.74,41,0,1,1077.4,1436.7,359.3,2,2,55.1,0.0,147.5,129.5,27.3,55.1
2026-09-19 18:41:49,mfsweep_shard0,SPT_SMPT,54,7592.74,42,0,1,1103.7,1591.2,487.5,2,2,61.1,0.0,174.0,122.8,129.7,61.1
2026-09-19 18:41:49,mfsweep_shard0,SPT_SMPT,54,7592.74,43,0,1,1129.9,2474.5,1344.6,2,2,63.1,0.6,581.2,215.0,484.8,63.1
2026-09-19 18:41:49,mfsweep_shard0,SPT_SMPT,54,7592.74,44,0,1,1156.2,1503.3,347.1,2,2,56.2,0.0,150.8,110.3,29.8,56.2
2026-09-19 18:41:49,mfsweep_shard0,SPT_SMPT,54,7592.74,45,0,1,1182.5,1942.9,760.4,2,2,61.2,0.4,327.3,179.4,192.1,61.2
2026-09-19 18:41:49,mfsweep_shard0,SPT_SMPT,54,7592.74,46,0,1,1208.8,1584.1,375.3,2,2,56.9,0.0,143.0,128.7,46.7,56.9
2026-09-19 18:41:49,mfsweep_shard0,SPT_SMPT,54,7592.74,47,0,1,1235.0,2378.5,1143.4,2,2,62.7,0.6,526.5,206.7,311.5,98.1
2026-09-19 18:41:49,mfsweep_shard0,SPT_SMPT,54,7592.74,48,0,1,1261.3,3901.3,2640.0,2,2,74.5,1.0,824.8,318.4,1421.2,74.5
2026-09-19 18:41:49,mfsweep_shard0,SPT_SMPT,54,7592.74,49,0,1,1287.6,2482.3,1194.7,2,2,65.6,0.7,527.9,192.9,407.6,65.6
2026-09-19 18:41:49,mfsweep_shard0,SPT_SMPT,54,7592.74,50,0,1,1313.9,2579.8,1265.9,2,2,65.8,0.7,648.2,181.7,369.5,65.8
2026-09-19 18:41:49,mfsweep_shard0,SPT_SMPT,54,7592.74,51,0,1,1340.2,1979.2,639.0,2,2,60.5,0.4,320.8,164.6,76.1,77.0
2026-09-19 18:41:49,mfsweep_shard0,SPT_SMPT,54,7592.74,52,0,1,1366.4,2072.7,706.3,2,2,62.4,0.5,315.2,158.1,170.1,62.4
2026-09-19 18:41:49,mfsweep_shard0,SPT_SMPT,54,7592.74,53,0,1,1392.7,6958.0,5565.3,2,2,84.5,1.8,1077.0,377.2,4024.8,84.5
2026-09-19 18:41:49,mfsweep_shard0,SPT_SMPT,54,7592.74,54,0,1,1419.0,5459.8,4040.8,2,2,74.9,1.7,1083.4,375.9,2504.9,74.9
2026-09-19 18:41:49,mfsweep_shard0,SPT_SMPT,54,7592.74,55,0,1,1445.3,1844.4,399.1,2,2,73.6,0.0,189.7,135.0,0.7,73.6
2026-09-19 18:41:49,mfsweep_shard0,SPT_SMPT,54,7592.74,56,0,1,1471.5,1851.6,380.1,2,2,59.2,0.0,214.8,100.3,5.8,59.2
2026-09-19 18:41:49,mfsweep_shard0,SPT_SMPT,54,7592.74,57,0,1,1497.8,5466.8,3969.0,2,2,77.6,1.3,1093.3,331.9,2464.9,77.6
2026-09-19 18:41:49,mfsweep_shard0,SPT_SMPT,54,7592.74,58,0,1,1524.1,2016.6,492.5,2,2,58.9,0.0,273.3,127.8,32.4,58.9
2026-09-19 18:41:49,mfsweep_shard0,SPT_SMPT,54,7592.74,59,0,1,1550.4,3034.5,1484.1,2,2,66.1,0.7,914.3,241.5,205.9,121.8
2026-09-19 18:41:49,mfsweep_shard0,SPT_SMPT,54,7592.74,60,0,1,1576.6,7449.9,5873.3,2,2,86.2,1.7,1430.3,327.0,4028.1,86.2
2026-09-19 18:41:49,mfsweep_shard0,SPT_SMPT,54,7592.74,61,0,1,1602.9,3908.4,2305.4,2,2,74.7,1.1,1059.0,259.4,911.3,74.7
2026-09-19 18:41:49,mfsweep_shard0,SPT_SMPT,54,7592.74,62,0,1,1629.2,3069.7,1440.5,2,2,71.9,0.9,991.4,159.6,216.8,71.9
2026-09-19 18:41:49,mfsweep_shard0,SPT_SMPT,54,7592.74,63,0,1,1655.5,2396.0,740.5,2,2,76.1,0.0,522.3,99.7,42.4,76.1
2026-09-19 18:41:49,mfsweep_shard0,SPT_SMPT,54,7592.74,64,0,1,1681.8,2438.2,756.5,2,2,81.4,0.0,571.0,104.1,0.0,81.4
2026-09-19 18:41:49,mfsweep_shard0,SPT_SMPT,54,7592.74,65,0,1,1708.0,2403.1,695.0,2,2,79.2,0.0,395.1,103.6,117.2,79.2
2026-09-19 18:41:49,mfsweep_shard0,SPT_SMPT,54,7592.74,66,0,1,1734.3,2648.2,913.9,2,2,61.1,0.5,669.6,90.0,92.6,61.1
2026-09-19 18:41:49,mfsweep_shard0,SPT_SMPT,54,7592.74,67,0,1,1760.6,2597.2,836.6,2,2,54.6,0.5,669.2,85.4,26.9,54.6
2026-09-19 18:41:49,mfsweep_shard0,SPT_SMPT,54,7592.74,68,0,1,1786.9,2607.8,821.0,2,2,64.0,0.0,669.6,87.4,0.0,64.0
2026-09-19 18:41:49,mfsweep_shard0,SPT_SMPT,54,7592.74,69,0,1,1813.1,2860.0,1046.9,2,2,62.4,0.0,802.2,98.6,83.7,62.4
2026-09-19 18:41:49,mfsweep_shard0,SPT_SMPT,54,7592.74,70,0,1,1839.4,2636.9,797.5,2,2,60.5,0.0,624.4,102.7,9.9,60.5
2026-09-19 18:41:49,mfsweep_shard0,SPT_SMPT,54,7592.74,71,0,1,1865.7,7027.6,5161.9,2,2,84.7,1.1,1085.1,232.2,3758.8,84.7
2026-09-19 18:41:49,mfsweep_shard0,SPT_SMPT,54,7592.74,72,0,1,1892.0,6478.8,4586.8,2,2,82.5,1.2,1143.6,251.7,3107.8,82.5
2026-09-19 18:41:49,mfsweep_shard0,SPT_SMPT,54,7592.74,73,0,1,1918.3,2871.9,953.7,2,2,63.9,0.0,694.2,109.0,86.5,63.9
2026-09-19 18:41:49,mfsweep_shard0,SPT_SMPT,54,7592.74,74,0,1,1944.5,5576.8,3632.3,2,2,75.2,0.9,1065.5,216.2,2274.5,75.2
2026-09-19 18:41:49,mfsweep_shard0,SPT_SMPT,54,7592.74,75,0,1,1970.8,2889.3,918.5,2,2,66.6,0.0,679.7,97.8,74.4,66.6
2026-09-19 18:41:49,mfsweep_shard0,SPT_SMPT,54,7592.74,76,0,1,1997.1,6819.3,4822.3,2,2,83.7,1.4,1214.5,255.9,3266.7,83.7
2026-09-19 18:41:49,mfsweep_shard0,SPT_SMPT,54,7592.74,77,0,1,2023.4,2942.1,918.7,2,2,68.7,0.0,578.7,99.6,171.6,68.7
2026-09-19 18:41:49,mfsweep_shard0,SPT_SMPT,54,7592.74,78,0,1,2049.6,2901.2,851.6,2,2,62.3,0.0,645.1,103.0,41.2,62.3
2026-09-19 18:41:49,mfsweep_shard0,SPT_SMPT,54,7592.74,79,0,1,2075.9,3115.8,1039.8,2,2,61.7,0.0,839.4,94.6,44.1,61.7
2026-09-19 18:41:49,mfsweep_shard0,SPT_SMPT,54,7592.74,80,0,1,2102.2,4006.1,1903.9,2,2,72.1,0.4,972.0,159.9,699.5,72.1
2026-09-19 18:41:49,mfsweep_shard0,SPT_SMPT,54,7592.74,81,0,1,2128.5,3155.1,1026.7,2,2,62.2,0.0,803.4,95.9,65.0,62.2
2026-09-19 18:41:49,mfsweep_shard0,SPT_SMPT,54,7592.74,82,0,1,2154.7,4309.3,2154.5,2,2,72.8,0.8,1043.3,162.1,875.5,72.8
2026-09-19 18:41:49,mfsweep_shard0,SPT_SMPT,54,7592.74,83,0,1,2181.0,6682.0,4501.0,2,2,83.2,1.5,1448.4,251.2,2716.6,83.2
2026-09-19 18:41:49,mfsweep_shard0,SPT_SMPT,54,7592.74,84,0,1,2207.3,3256.0,1048.7,2,2,66.7,0.0,754.1,107.7,120.2,66.7
2026-09-19 18:41:49,mfsweep_shard0,SPT_SMPT,54,7592.74,85,0,1,2233.6,3203.9,970.4,2,2,60.8,0.0,750.3,107.9,51.3,60.8
2026-09-19 18:41:49,mfsweep_shard0,SPT_SMPT,54,7592.74,86,0,1,2259.9,7592.7,5332.9,2,2,86.5,1.6,1435.3,240.3,3569.2,86.5
2026-09-19 18:41:49,mfsweep_shard0,SPT_SMPT,54,7592.74,87,0,1,2286.1,4013.2,1727.0,2,2,70.4,0.5,900.3,171.4,584.4,70.4
2026-09-19 18:41:49,mfsweep_shard0,SPT_SMPT,54,7592.74,88,0,1,2312.4,3341.4,1029.0,2,2,56.5,0.0,708.1,157.5,100.4,63.0
2026-09-19 18:41:49,mfsweep_shard0,SPT_SMPT,54,7592.74,89,0,1,2338.7,3263.1,924.4,2,2,55.1,0.0,653.1,147.9,68.3,55.1
2026-09-19 18:41:49,mfsweep_shard0,SPT_SMPT,54,7592.74,90,0,1,2365.0,3384.0,1019.0,2,2,57.2,0.1,700.1,138.2,123.5,57.2
2026-09-19 18:41:49,mfsweep_shard0,SPT_SMPT,54,7592.74,91,0,1,2391.2,4360.4,1969.2,2,2,74.3,0.9,1095.6,159.5,638.9,74.3
2026-09-19 18:41:49,mfsweep_shard0,SPT_SMPT,54,7592.74,92,0,1,2417.5,5827.8,3410.3,2,2,79.7,1.3,1284.5,229.0,1815.8,79.7
2026-09-19 18:41:49,mfsweep_shard0,SPT_SMPT,54,7592.74,93,0,1,2443.8,3627.6,1183.8,2,2,67.5,0.1,693.9,111.4,304.0,74.5
2026-09-19 18:41:49,mfsweep_shard0,SPT_SMPT,54,7592.74,94,0,1,2470.1,3395.6,925.6,2,2,55.6,0.1,729.4,107.2,33.2,55.6
2026-09-19 18:41:49,mfsweep_shard0,SPT_SMPT,54,7592.74,95,0,1,2496.4,3561.8,1065.4,2,2,66.1,0.2,659.7,107.5,232.0,66.1
2026-09-19 18:41:49,mfsweep_shard0,SPT_SMPT,54,7592.74,96,0,1,2522.6,7521.3,4998.7,2,2,86.4,2.0,1480.3,241.1,3188.9,86.4
2026-09-19 18:41:49,mfsweep_shard0,SPT_SMPT,54,7592.74,97,0,1,2548.9,4095.6,1546.7,2,2,71.0,0.8,932.9,160.2,381.8,71.0
2026-09-19 18:41:49,mfsweep_shard0,SPT_SMPT,54,7592.74,98,0,1,2575.2,7308.1,4732.9,2,2,85.6,2.2,1596.5,225.0,2823.6,85.6
2026-09-19 18:41:49,mfsweep_shard0,SPT_SMPT,54,7592.74,99,0,1,2601.5,6278.0,3676.5,2,2,82.0,2.4,1592.3,241.4,1758.5,82.0
2026-09-19 18:41:49,mfsweep_shard0,SPT_SMPT,54,7592.74,100,0,1,2627.7,3479.5,851.8,2,2,53.9,0.4,658.1,122.2,17.2,53.9
2026-09-19 18:41:49,mfsweep_shard0,SPT_SMPT,54,7592.74,101,0,1,2654.0,5698.9,3044.9,2,2,77.3,1.9,1354.2,194.9,1416.6,77.3
2026-09-19 18:41:49,mfsweep_shard0,SPT_SMPT,54,7592.74,102,0,1,2680.3,5637.1,2956.8,2,2,76.0,2.0,1366.2,194.6,1317.9,76.0
2026-09-19 18:41:49,mfsweep_shard0,SPT_SMPT,54,7592.74,103,0,1,2706.6,5025.3,2318.7,2,2,71.3,1.6,1170.7,150.4,924.8,71.3
2026-09-19 18:41:49,mfsweep_shard0,SPT_SMPT,54,7592.74,104,0,1,2732.9,3506.6,773.7,2,2,62.4,0.5,583.1,110.5,17.2,62.4
2026-09-19 18:41:49,mfsweep_shard0,SPT_SMPT,54,7592.74,105,0,1,2759.1,5583.9,2824.8,2,2,74.7,2.2,1320.8,231.5,1173.5,96.6
2026-09-19 18:41:49,mfsweep_shard0,SPT_SMPT,54,7592.74,106,0,1,2785.4,3615.7,830.3,2,2,57.2,0.6,619.3,124.3,28.9,57.2
2026-09-19 18:41:49,mfsweep_shard0,SPT_SMPT,54,7592.74,107,0,1,2811.7,4449.0,1637.3,2,2,67.9,1.9,1230.4,174.6,162.6,67.9
2026-09-19 18:41:49,mfsweep_shard0,SPT_SMPT,54,7592.74,108,0,1,2838.0,4609.8,1771.8,2,2,68.5,2.0,1201.1,165.2,335.0,68.5
2026-09-19 18:41:49,mfsweep_shard0,SPT_SMPT,54,7592.74,109,0,1,2864.2,7167.4,4303.1,2,2,85.0,3.2,1656.9,241.3,2316.7,85.0
2026-09-19 18:41:49,mfsweep_shard0,SPT_SMPT,54,7592.74,110,0,1,2890.5,6411.4,3520.9,2,2,82.4,3.3,1676.8,250.7,1507.6,82.4
2026-09-19 18:41:49,mfsweep_shard0,SPT_SMPT,54,7592.74,111,0,1,2916.8,4515.3,1598.5,2,2,62.2,2.2,1187.8,169.9,163.4,75.2
2026-09-19 18:41:49,mfsweep_shard0,SPT_SMPT,54,7592.74,112,0,1,2943.1,4022.2,1079.2,2,2,70.1,0.8,837.7,98.3,72.3,70.1
2026-09-19 18:41:49,mfsweep_shard0,SPT_SMPT,54,7592.74,113,0,1,2969.3,4331.6,1362.2,2,2,59.4,1.7,1088.9,163.2,41.2,67.3
2026-09-19 18:41:49,mfsweep_shard0,SPT_SMPT,54,7592.74,114,0,1,2995.6,6750.6,3755.0,2,2,83.7,3.0,1441.1,241.3,1985.9,83.7
2026-09-19 18:41:49,mfsweep_shard0,SPT_SMPT,54,7592.74,115,0,1,3021.9,4037.8,1015.9,2,2,82.3,1.0,798.3,119.7,14.6,82.3
2026-09-19 18:41:49,mfsweep_shard0,SPT_SMPT,54,7592.74,116,0,1,3048.2,4056.2,1008.1,2,2,63.4,0.5,842.2,93.7,8.2,63.4
2026-09-19 18:41:49,mfsweep_shard0,SPT_SMPT,54,7592.74,117,0,1,3074.5,5204.0,2129.6,2,2,74.6,2.0,1174.0,110.0,769.0,74.6
2026-09-19 18:41:49,mfsweep_shard0,SPT_SMPT,54,7592.74,118,0,1,3100.7,5140.2,2039.5,2,2,73.6,0.7,1161.8,105.0,698.3,73.6
2026-09-19 18:41:49,mfsweep_shard0,SPT_SMPT,54,7592.74,119,0,1,3127.0,4503.6,1376.6,2,2,58.6,0.7,1169.1,131.0,17.2,58.6
2026-09-19 18:41:49,mfsweep_shard0,SPT_SMPT,54,7592.74,120,0,1,3153.3,4391.8,1238.5,2,2,78.7,0.0,1042.9,90.2,26.6,78.7
2026-09-19 18:41:49,mfsweep_shard0,SPT_SMPT,54,7592.74,121,0,1,3179.6,5081.1,1901.5,2,2,71.3,0.0,1184.8,93.1,552.2,71.3
2026-09-19 18:41:49,mfsweep_shard0,SPT_SMPT,54,7592.74,122,0,1,3205.8,5763.6,2557.8,2,2,79.2,0.6,1447.4,146.1,884.4,79.2
2026-09-19 18:41:49,mfsweep_shard0,SPT_SMPT,54,7592.74,123,0,1,3232.1,4968.5,1736.4,2,2,71.0,0.0,1143.0,96.5,425.9,71.0
2026-09-19 18:41:49,mfsweep_shard0,SPT_SMPT,54,7592.74,124,0,1,3258.4,4632.6,1374.2,2,2,53.6,0.0,1152.7,117.5,50.4,53.6
2026-09-19 18:41:49,mfsweep_shard0,SPT_SMPT,54,7592.74,125,0,1,3284.7,4858.0,1573.3,2,2,64.2,0.0,1165.3,93.9,249.9,64.2
2026-09-19 18:41:49,mfsweep_shard0,SPT_SMPT,54,7592.74,126,0,1,3311.0,4657.1,1346.1,2,2,54.2,0.0,1102.6,108.9,80.4,54.2
2026-09-19 18:41:49,mfsweep_shard0,SPT_SMPT,54,7592.74,127,0,1,3337.2,6888.5,3551.3,2,2,84.2,1.3,1650.1,191.6,1624.0,84.2
2026-09-19 18:41:49,mfsweep_shard0,SPT_SMPT,54,7592.74,128,0,1,3363.5,6613.8,3250.3,2,2,82.5,1.4,1653.1,188.2,1325.0,82.5
2026-09-19 18:41:49,mfsweep_shard0,SPT_SMPT,54,7592.74,129,0,1,3389.8,6344.0,2954.2,2,2,81.0,1.5,1697.3,201.7,972.7,81.0
2026-09-19 18:41:49,mfsweep_shard0,SPT_SMPT,54,7592.74,130,0,1,3416.1,4809.2,1393.2,2,2,63.7,0.0,1048.2,98.8,182.4,63.7
2026-09-19 18:41:49,mfsweep_shard0,SPT_SMPT,54,7592.74,131,0,1,3442.3,4693.5,1251.2,2,2,55.5,0.0,1065.7,98.0,31.9,55.5
2026-09-19 18:41:49,mfsweep_shard0,SPT_SMPT,54,7592.74,132,0,1,3468.6,6546.3,3077.7,2,2,82.5,1.5,1769.6,175.5,1048.6,82.5
2026-09-19 18:41:49,mfsweep_shard0,SPT_SMPT,54,7592.74,133,0,1,3494.9,7097.4,3602.5,2,2,84.8,1.6,1705.5,160.7,1649.9,84.8
2026-09-19 18:41:49,mfsweep_shard0,SPT_SMPT,54,7592.74,134,0,1,3521.2,4722.9,1201.7,2,2,56.4,0.0,1040.3,92.0,13.0,56.4
2026-09-19 18:41:49,mfsweep_shard0,SPT_SMPT,54,7592.74,135,0,1,3547.5,4913.0,1365.6,2,2,69.6,0.0,1025.8,99.1,171.1,69.6
2026-09-19 18:41:49,mfsweep_shard0,SPT_SMPT,54,7592.74,136,0,1,3573.7,4760.1,1186.3,2,2,55.8,0.0,1001.5,97.2,31.7,55.8
2026-09-19 18:46:43,mfsweep_shard0,SPT_SMPT,55,6661.32,0,0,1,0.0,248.0,248.0,2,2,74.6,0.0,67.5,105.8,0.0,74.6
2026-09-19 18:46:43,mfsweep_shard0,SPT_SMPT,55,6661.32,1,0,1,26.3,259.8,233.5,2,2,54.4,0.0,47.4,110.3,21.4,54.4
2026-09-19 18:46:43,mfsweep_shard0,SPT_SMPT,55,6661.32,2,0,1,52.6,389.7,337.2,2,2,62.6,0.0,95.2,94.1,85.2,62.6
2026-09-19 18:46:43,mfsweep_shard0,SPT_SMPT,55,6661.32,3,0,1,78.8,353.5,274.7,2,2,60.9,0.0,96.8,105.6,11.3,60.9
2026-09-19 18:46:43,mfsweep_shard0,SPT_SMPT,55,6661.32,4,0,1,105.1,771.3,666.2,2,2,77.8,0.0,70.2,164.1,354.0,77.8
2026-09-19 18:46:43,mfsweep_shard0,SPT_SMPT,55,6661.32,5,0,1,131.4,706.9,575.5,2,2,75.9,0.0,137.4,144.3,204.0,89.8
2026-09-19 18:46:43,mfsweep_shard0,SPT_SMPT,55,6661.32,6,0,1,157.7,841.2,683.6,2,2,83.0,0.1,128.2,152.1,320.2,83.0
2026-09-19 18:46:43,mfsweep_shard0,SPT_SMPT,55,6661.32,7,0,1,183.9,538.8,354.9,2,2,56.4,0.1,131.4,127.8,39.1,56.4
2026-09-19 18:46:43,mfsweep_shard0,SPT_SMPT,55,6661.32,8,0,1,210.2,425.3,215.1,2,2,67.5,0.0,27.5,120.1,0.0,67.5
2026-09-19 18:46:43,mfsweep_shard0,SPT_SMPT,55,6661.32,9,0,1,236.5,527.0,290.5,2,2,54.5,0.0,60.5,141.1,34.3,54.5
2026-09-19 18:46:43,mfsweep_shard0,SPT_SMPT,55,6661.32,10,0,1,262.8,590.2,327.4,2,2,60.8,0.0,121.8,130.4,14.4,60.8
2026-09-19 18:46:43,mfsweep_shard0,SPT_SMPT,55,6661.32,11,0,1,289.1,642.6,353.5,2,2,70.2,0.0,64.2,150.5,68.5,70.2
2026-09-19 18:46:43,mfsweep_shard0,SPT_SMPT,55,6661.32,12,0,1,315.3,619.3,304.0,2,2,54.4,0.0,71.3,178.2,0.0,54.4
2026-09-19 18:46:43,mfsweep_shard0,SPT_SMPT,55,6661.32,13,0,1,341.6,673.4,331.8,2,2,60.1,0.0,105.8,151.8,14.1,60.1
2026-09-19 18:46:43,mfsweep_shard0,SPT_SMPT,55,6661.32,14,0,1,367.9,1394.0,1026.1,2,2,75.0,0.0,102.5,153.8,694.7,75.0
2026-09-19 18:46:43,mfsweep_shard0,SPT_SMPT,55,6661.32,15,0,1,394.2,788.7,394.6,2,2,71.5,0.1,70.6,127.4,124.9,71.5
2026-09-19 18:46:43,mfsweep_shard0,SPT_SMPT,55,6661.32,16,0,1,420.4,731.1,310.7,2,2,60.8,0.0,80.4,124.8,44.6,60.8
2026-09-19 18:46:43,mfsweep_shard0,SPT_SMPT,55,6661.32,17,0,1,446.7,1108.1,661.4,2,2,73.0,0.0,94.5,133.1,360.7,73.0
2026-09-19 18:46:43,mfsweep_shard0,SPT_SMPT,55,6661.32,18,0,1,473.0,5355.3,4882.3,2,2,80.3,0.0,318.7,220.2,4263.1,80.3
2026-09-19 18:46:43,mfsweep_shard0,SPT_SMPT,55,6661.32,19,0,1,499.3,812.9,313.6,2,2,53.8,0.0,137.3,105.0,17.5,53.8
2026-09-19 18:46:43,mfsweep_shard0,SPT_SMPT,55,6661.32,20,0,1,525.6,1514.4,988.8,2,2,80.1,0.1,129.7,132.5,646.4,80.1
2026-09-19 18:46:43,mfsweep_shard0,SPT_SMPT,55,6661.32,21,0,1,551.8,1410.2,858.4,2,2,76.6,0.1,104.1,134.6,543.0,76.6
2026-09-19 18:46:43,mfsweep_shard0,SPT_SMPT,55,6661.32,22,0,1,578.1,925.4,347.3,2,2,64.8,0.0,79.8,108.6,94.1,64.8
2026-09-19 18:46:43,mfsweep_shard0,SPT_SMPT,55,6661.32,23,0,1,604.4,824.6,220.2,2,2,58.7,0.0,40.3,111.0,10.2,58.7
2026-09-19 18:46:43,mfsweep_shard0,SPT_SMPT,55,6661.32,24,0,1,630.7,6306.1,5675.4,2,2,85.1,0.2,333.7,180.9,5007.0,153.6
2026-09-19 18:46:43,mfsweep_shard0,SPT_SMPT,55,6661.32,25,0,1,656.9,1011.8,354.8,2,2,64.7,0.0,98.8,119.9,71.5,64.7
2026-09-19 18:46:43,mfsweep_shard0,SPT_SMPT,55,6661.32,26,0,1,683.2,972.2,289.0,2,2,56.6,0.0,54.5,116.0,61.9,56.6
2026-09-19 18:46:43,mfsweep_shard0,SPT_SMPT,55,6661.32,27,0,1,709.5,1068.7,359.2,2,2,56.7,0.0,146.5,142.5,13.4,56.7
2026-09-19 18:46:43,mfsweep_shard0,SPT_SMPT,55,6661.32,28,0,1,735.8,5554.0,4818.2,2,2,81.5,0.3,344.1,187.0,4205.3,81.5
2026-09-19 18:46:43,mfsweep_shard0,SPT_SMPT,55,6661.32,29,0,1,762.0,1469.3,707.3,2,2,73.5,0.2,138.9,157.5,337.2,73.5
2026-09-19 18:46:43,mfsweep_shard0,SPT_SMPT,55,6661.32,30,0,1,788.3,5290.5,4502.2,2,2,80.2,0.4,309.0,250.2,3862.4,80.2
2026-09-19 18:46:43,mfsweep_shard0,SPT_SMPT,55,6661.32,31,0,1,814.6,4968.2,4153.6,2,2,77.6,0.5,431.3,239.3,3404.9,77.6
2026-09-19 18:46:43,mfsweep_shard0,SPT_SMPT,55,6661.32,32,0,1,840.9,1184.8,343.9,2,2,71.2,0.0,77.2,142.0,53.4,71.2
2026-09-19 18:46:43,mfsweep_shard0,SPT_SMPT,55,6661.32,33,0,1,867.2,6447.3,5580.1,2,2,85.7,0.6,512.2,193.8,4787.9,85.7
2026-09-19 18:46:43,mfsweep_shard0,SPT_SMPT,55,6661.32,34,0,1,893.4,1283.6,390.1,2,2,66.0,0.0,143.1,127.7,53.3,66.0
2026-09-19 18:46:43,mfsweep_shard0,SPT_SMPT,55,6661.32,35,0,1,919.7,1196.3,276.6,2,2,71.8,0.0,31.3,140.7,32.8,71.8
2026-09-19 18:46:43,mfsweep_shard0,SPT_SMPT,55,6661.32,36,0,1,946.0,5421.2,4475.2,2,2,80.9,0.7,511.1,214.1,3668.3,80.9
2026-09-19 18:46:43,mfsweep_shard0,SPT_SMPT,55,6661.32,37,0,1,972.3,3576.0,2603.8,2,2,74.0,0.7,457.6,229.3,1842.2,74.0
2026-09-19 18:46:43,mfsweep_shard0,SPT_SMPT,55,6661.32,38,0,1,998.5,5687.9,4689.4,2,2,82.0,0.7,364.0,223.2,4019.4,82.0
2026-09-19 18:46:43,mfsweep_shard0,SPT_SMPT,55,6661.32,39,0,1,1024.8,3391.3,2366.5,2,2,72.6,0.7,230.1,208.1,1847.4,80.2
2026-09-19 18:46:43,mfsweep_shard0,SPT_SMPT,55,6661.32,40,0,1,1051.1,3691.8,2640.7,2,2,76.8,0.9,403.7,229.2,1930.2,76.8
2026-09-19 18:46:43,mfsweep_shard0,SPT_SMPT,55,6661.32,41,0,1,1077.4,1322.2,244.8,2,2,55.1,0.0,52.5,137.2,0.0,55.1
2026-09-19 18:46:43,mfsweep_shard0,SPT_SMPT,55,6661.32,42,0,1,1103.7,1498.2,394.5,2,2,61.1,0.2,151.3,116.7,43.3,83.0
2026-09-19 18:46:43,mfsweep_shard0,SPT_SMPT,55,6661.32,43,0,1,1129.9,1893.3,763.3,2,2,63.1,0.3,130.9,182.0,387.1,63.1
2026-09-19 18:46:43,mfsweep_shard0,SPT_SMPT,55,6661.32,44,0,1,1156.2,1462.3,306.1,2,2,56.2,0.0,77.0,137.3,35.6,56.2
2026-09-19 18:46:43,mfsweep_shard0,SPT_SMPT,55,6661.32,45,0,1,1182.5,1525.2,342.7,2,2,61.2,0.0,147.4,101.4,32.6,61.2
2026-09-19 18:46:43,mfsweep_shard0,SPT_SMPT,55,6661.32,46,0,1,1208.8,1621.8,413.0,2,2,56.9,0.0,236.8,110.5,8.8,56.9
2026-09-19 18:46:43,mfsweep_shard0,SPT_SMPT,55,6661.32,47,0,1,1235.0,1705.9,470.8,2,2,62.7,0.0,217.0,105.8,85.3,62.7
2026-09-19 18:46:43,mfsweep_shard0,SPT_SMPT,55,6661.32,48,0,1,1261.3,3698.9,2437.5,2,2,74.5,0.4,349.5,207.9,1805.3,74.5
2026-09-19 18:46:43,mfsweep_shard0,SPT_SMPT,55,6661.32,49,0,1,1287.6,1900.3,612.7,2,2,65.6,0.0,157.8,107.4,281.9,65.6
2026-09-19 18:46:43,mfsweep_shard0,SPT_SMPT,55,6661.32,50,0,1,1313.9,2278.4,964.5,2,2,65.8,0.0,190.6,111.3,596.9,65.8
2026-09-19 18:46:43,mfsweep_shard0,SPT_SMPT,55,6661.32,51,0,1,1340.2,1649.6,309.5,2,2,60.5,0.0,121.8,100.4,26.8,60.5
2026-09-19 18:46:43,mfsweep_shard0,SPT_SMPT,55,6661.32,52,0,1,1366.4,1731.5,365.1,2,2,62.4,0.0,139.6,117.0,46.1,62.4
2026-09-19 18:46:43,mfsweep_shard0,SPT_SMPT,55,6661.32,53,0,1,1392.7,6096.3,4703.6,2,2,84.5,0.5,311.4,177.3,4130.0,84.5
2026-09-19 18:46:43,mfsweep_shard0,SPT_SMPT,55,6661.32,54,0,1,1419.0,4598.9,3179.9,2,2,74.9,0.5,367.6,188.1,2548.7,74.9
2026-09-19 18:46:43,mfsweep_shard0,SPT_SMPT,55,6661.32,55,0,1,1445.3,3384.2,1939.0,2,2,73.6,0.3,225.5,202.5,1437.0,73.6
2026-09-19 18:46:43,mfsweep_shard0,SPT_SMPT,55,6661.32,56,0,1,1471.5,1790.2,318.7,2,2,59.2,0.0,84.1,96.5,78.9,59.2
2026-09-19 18:46:43,mfsweep_shard0,SPT_SMPT,55,6661.32,57,0,1,1497.8,4906.1,3408.2,2,2,77.6,0.7,394.7,140.7,2794.6,77.6
2026-09-19 18:46:43,mfsweep_shard0,SPT_SMPT,55,6661.32,58,0,1,1524.1,1776.7,252.6,2,2,58.9,0.0,80.1,97.8,15.8,58.9
2026-09-19 18:46:43,mfsweep_shard0,SPT_SMPT,55,6661.32,59,0,1,1550.4,2303.6,753.3,2,2,66.1,0.0,60.6,114.9,511.7,66.1
2026-09-19 18:46:43,mfsweep_shard0,SPT_SMPT,55,6661.32,60,0,1,1576.6,6518.5,4941.8,2,2,86.2,0.8,396.8,153.1,4305.0,86.2
2026-09-19 18:46:43,mfsweep_shard0,SPT_SMPT,55,6661.32,61,0,1,1602.9,4478.8,2875.9,2,2,74.7,0.9,397.3,147.9,2255.2,74.7
2026-09-19 18:46:43,mfsweep_shard0,SPT_SMPT,55,6661.32,62,0,1,1629.2,3815.4,2186.2,2,2,71.9,0.9,445.0,175.0,1493.4,71.9
2026-09-19 18:46:43,mfsweep_shard0,SPT_SMPT,55,6661.32,63,0,1,1655.5,4781.7,3126.2,2,2,76.1,1.0,423.6,172.5,2452.9,76.1
2026-09-19 18:46:43,mfsweep_shard0,SPT_SMPT,55,6661.32,64,0,1,1681.8,5487.5,3805.7,2,2,81.4,1.0,419.5,207.3,3096.5,81.4
2026-09-19 18:46:43,mfsweep_shard0,SPT_SMPT,55,6661.32,65,0,1,1708.0,5096.0,3387.9,2,2,79.2,1.1,449.3,189.9,2668.5,79.2
2026-09-19 18:46:43,mfsweep_shard0,SPT_SMPT,55,6661.32,66,0,1,1734.3,1930.3,196.0,2,2,61.1,0.0,17.9,71.8,45.2,61.1
2026-09-19 18:46:43,mfsweep_shard0,SPT_SMPT,55,6661.32,67,0,1,1760.6,2010.5,249.9,2,2,54.6,0.0,42.2,136.8,16.3,54.6
2026-09-19 18:46:43,mfsweep_shard0,SPT_SMPT,55,6661.32,68,0,1,1786.9,2079.0,292.1,2,2,64.0,0.0,21.9,108.7,97.5,64.0
2026-09-19 18:46:43,mfsweep_shard0,SPT_SMPT,55,6661.32,69,0,1,1813.1,2086.2,273.1,2,2,62.4,0.0,75.3,116.5,18.8,62.4
2026-09-19 18:46:43,mfsweep_shard0,SPT_SMPT,55,6661.32,70,0,1,1839.4,2176.4,336.9,2,2,60.5,0.0,113.8,150.0,12.6,60.5
2026-09-19 18:46:43,mfsweep_shard0,SPT_SMPT,55,6661.32,71,0,1,1865.7,6166.0,4300.3,2,2,84.7,1.1,450.0,137.8,3626.7,84.7
2026-09-19 18:46:43,mfsweep_shard0,SPT_SMPT,55,6661.32,72,0,1,1892.0,5890.0,3998.0,2,2,82.5,1.2,525.9,146.6,3241.9,82.5
2026-09-19 18:46:43,mfsweep_shard0,SPT_SMPT,55,6661.32,73,0,1,1918.3,2203.4,285.1,2,2,63.9,0.0,58.0,123.0,40.2,63.9
2026-09-19 18:46:43,mfsweep_shard0,SPT_SMPT,55,6661.32,74,0,1,1944.5,4659.5,2715.0,2,2,75.2,1.3,476.4,157.3,2004.8,75.2
2026-09-19 18:46:43,mfsweep_shard0,SPT_SMPT,55,6661.32,75,0,1,1970.8,2510.1,539.3,2,2,66.6,0.0,45.6,116.6,310.4,66.6
2026-09-19 18:46:43,mfsweep_shard0,SPT_SMPT,55,6661.32,76,0,1,1997.1,6026.9,4029.8,2,2,83.7,1.3,516.7,142.7,3285.3,83.7
2026-09-19 18:46:43,mfsweep_shard0,SPT_SMPT,55,6661.32,77,0,1,2023.4,2926.3,902.9,2,2,68.7,0.0,45.7,127.2,661.3,68.7
2026-09-19 18:46:43,mfsweep_shard0,SPT_SMPT,55,6661.32,78,0,1,2049.6,2484.0,434.4,2,2,62.3,0.0,109.6,128.7,133.8,62.3
2026-09-19 18:46:43,mfsweep_shard0,SPT_SMPT,55,6661.32,79,0,1,2075.9,2391.1,315.2,2,2,61.7,0.0,89.4,121.2,43.0,61.7
2026-09-19 18:46:43,mfsweep_shard0,SPT_SMPT,55,6661.32,80,0,1,2102.2,3822.5,1720.3,2,2,72.1,1.4,549.7,192.9,904.1,72.1
2026-09-19 18:46:43,mfsweep_shard0,SPT_SMPT,55,6661.32,81,0,1,2128.5,2398.3,269.8,2,2,62.2,0.0,55.4,121.7,30.5,62.2
2026-09-19 18:46:43,mfsweep_shard0,SPT_SMPT,55,6661.32,82,0,1,2154.7,3908.7,1754.0,2,2,72.8,1.5,577.2,182.0,920.5,72.8
2026-09-19 18:46:43,mfsweep_shard0,SPT_SMPT,55,6661.32,83,0,1,2181.0,5958.2,3777.2,2,2,83.2,1.5,549.7,169.5,2973.2,83.2
2026-09-19 18:46:43,mfsweep_shard0,SPT_SMPT,55,6661.32,84,0,1,2207.3,2787.5,580.2,2,2,66.7,0.0,77.8,158.8,275.2,68.3
2026-09-19 18:46:43,mfsweep_shard0,SPT_SMPT,55,6661.32,85,0,1,2233.6,2517.2,283.6,2,2,60.8,0.0,72.3,120.6,29.9,60.8
2026-09-19 18:46:43,mfsweep_shard0,SPT_SMPT,55,6661.32,86,0,1,2259.9,6661.3,4401.5,2,2,86.5,1.6,527.2,162.5,3623.7,86.5
2026-09-19 18:46:43,mfsweep_shard0,SPT_SMPT,55,6661.32,87,0,1,2286.1,3058.4,772.3,2,2,70.4,0.0,155.7,169.8,376.4,70.4
2026-09-19 18:46:43,mfsweep_shard0,SPT_SMPT,55,6661.32,88,0,1,2312.4,2639.5,327.1,2,2,56.5,0.0,66.1,147.9,56.5,56.5
2026-09-19 18:46:43,mfsweep_shard0,SPT_SMPT,55,6661.32,89,0,1,2338.7,2583.4,244.7,2,2,55.1,0.0,48.1,139.4,2.1,55.1
2026-09-19 18:46:43,mfsweep_shard0,SPT_SMPT,55,6661.32,90,0,1,2365.0,2651.3,286.3,2,2,57.2,0.0,62.6,149.0,17.5,57.2
2026-09-19 18:46:43,mfsweep_shard0,SPT_SMPT,55,6661.32,91,0,1,2391.2,4423.0,2031.8,2,2,74.3,1.6,608.7,162.2,1184.9,74.3
2026-09-19 18:46:43,mfsweep_shard0,SPT_SMPT,55,6661.32,92,0,1,2417.5,5224.9,2807.3,2,2,79.7,1.7,636.2,146.6,1943.1,79.7
2026-09-19 18:46:43,mfsweep_shard0,SPT_SMPT,55,6661.32,93,0,1,2443.8,2895.8,452.0,2,2,67.5,0.0,132.3,123.5,128.6,67.5
2026-09-19 18:46:43,mfsweep_shard0,SPT_SMPT,55,6661.32,94,0,1,2470.1,2759.5,289.5,2,2,55.6,0.0,81.0,139.1,13.7,55.6
2026-09-19 18:46:43,mfsweep_shard0,SPT_SMPT,55,6661.32,95,0,1,2496.4,2794.6,298.2,2,2,66.1,0.0,104.0,107.9,20.2,66.1
2026-09-19 18:46:43,mfsweep_shard0,SPT_SMPT,55,6661.32,96,0,1,2522.6,6589.9,4067.2,2,2,86.4,1.7,646.7,164.8,3167.6,86.4
2026-09-19 18:46:43,mfsweep_shard0,SPT_SMPT,55,6661.32,97,0,1,2548.9,3421.0,872.1,2,2,71.0,1.2,273.4,118.0,408.5,71.0
2026-09-19 18:46:43,mfsweep_shard0,SPT_SMPT,55,6661.32,98,0,1,2575.2,6376.7,3801.5,2,2,85.6,1.9,588.5,173.9,2951.6,85.6
2026-09-19 18:46:43,mfsweep_shard0,SPT_SMPT,55,6661.32,99,0,1,2601.5,5620.9,3019.5,2,2,82.0,1.9,622.5,170.8,2142.3,82.0
2026-09-19 18:46:43,mfsweep_shard0,SPT_SMPT,55,6661.32,100,0,1,2627.7,2919.1,291.4,2,2,53.9,0.0,82.0,143.3,12.2,53.9
2026-09-19 18:46:43,mfsweep_shard0,SPT_SMPT,55,6661.32,101,0,1,2654.0,4843.0,2189.0,2,2,77.3,2.0,666.4,163.3,1280.0,77.3
2026-09-19 18:46:43,mfsweep_shard0,SPT_SMPT,55,6661.32,102,0,1,2680.3,4724.7,2044.4,2,2,76.0,2.0,695.3,151.3,1119.8,76.0
2026-09-19 18:46:43,mfsweep_shard0,SPT_SMPT,55,6661.32,103,0,1,2706.6,4326.5,1619.9,2,2,71.3,2.1,711.4,173.4,661.8,71.3
2026-09-19 18:46:43,mfsweep_shard0,SPT_SMPT,55,6661.32,104,0,1,2732.9,3090.6,357.7,2,2,62.4,0.0,77.7,141.2,76.4,62.4
2026-09-19 18:46:43,mfsweep_shard0,SPT_SMPT,55,6661.32,105,0,1,2759.1,4542.6,1783.4,2,2,74.7,2.2,653.6,156.0,897.0,74.7
2026-09-19 18:46:43,mfsweep_shard0,SPT_SMPT,55,6661.32,106,0,1,2785.4,3083.5,298.1,2,2,57.2,0.0,53.2,158.4,29.3,57.2
2026-09-19 18:46:43,mfsweep_shard0,SPT_SMPT,55,6661.32,107,0,1,2811.7,3961.4,1149.7,2,2,67.9,2.2,697.9,181.5,160.9,107.2
2026-09-19 18:46:43,mfsweep_shard0,SPT_SMPT,55,6661.32,108,0,1,2838.0,4058.7,1220.7,2,2,68.5,2.3,740.2,196.3,213.5,68.5
2026-09-19 18:46:43,mfsweep_shard0,SPT_SMPT,55,6661.32,109,0,1,2864.2,6236.0,3371.7,2,2,85.0,2.3,694.1,143.0,2447.3,85.0
2026-09-19 18:46:43,mfsweep_shard0,SPT_SMPT,55,6661.32,110,0,1,2890.5,5822.6,2932.1,2,2,82.4,2.4,727.2,166.1,1953.9,82.4
2026-09-19 18:46:43,mfsweep_shard0,SPT_SMPT,55,6661.32,111,0,1,2916.8,3997.7,1080.9,2,2,62.2,2.4,735.1,209.0,62.4,71.9
2026-09-19 18:46:43,mfsweep_shard0,SPT_SMPT,55,6661.32,112,0,1,2943.1,3439.6,496.5,2,2,70.1,0.0,290.8,135.6,0.0,70.1
2026-09-19 18:46:43,mfsweep_shard0,SPT_SMPT,55,6661.32,113,0,1,2969.3,3844.5,875.1,2,2,59.4,0.0,667.0,148.6,0.0,59.4
2026-09-19 18:46:43,mfsweep_shard0,SPT_SMPT,55,6661.32,114,0,1,2995.6,3851.6,855.9,2,2,83.7,0.0,583.5,147.1,41.6,83.7
2026-09-19 18:46:43,mfsweep_shard0,SPT_SMPT,55,6661.32,115,0,1,3021.9,5755.2,2733.3,2,2,82.3,0.0,756.2,107.0,1787.8,82.3
2026-09-19 18:46:43,mfsweep_shard0,SPT_SMPT,55,6661.32,116,0,1,3048.2,4065.9,1017.7,2,2,63.4,0.0,791.3,117.7,45.2,63.4
2026-09-19 18:46:43,mfsweep_shard0,SPT_SMPT,55,6661.32,117,0,1,3074.5,4115.0,1040.5,2,2,74.6,0.0,802.2,143.9,19.7,74.6
2026-09-19 18:46:43,mfsweep_shard0,SPT_SMPT,55,6661.32,118,0,1,3100.7,4103.2,1002.5,2,2,73.6,0.0,826.6,101.5,0.8,73.6
2026-09-19 18:46:43,mfsweep_shard0,SPT_SMPT,55,6661.32,119,0,1,3127.0,4134.6,1007.6,2,2,58.6,0.0,797.4,102.6,49.0,58.6
2026-09-19 18:46:43,mfsweep_shard0,SPT_SMPT,55,6661.32,120,0,1,3153.3,5032.3,1879.1,2,2,78.7,0.0,804.9,108.8,886.6,78.7
2026-09-19 18:46:43,mfsweep_shard0,SPT_SMPT,55,6661.32,121,0,1,3179.6,4370.0,1190.5,2,2,71.3,0.0,738.3,98.2,282.6,71.3
2026-09-19 18:46:43,mfsweep_shard0,SPT_SMPT,55,6661.32,122,0,1,3205.8,5160.7,1954.9,2,2,79.2,0.0,742.4,103.4,1029.8,79.2
2026-09-19 18:46:43,mfsweep_shard0,SPT_SMPT,55,6661.32,123,0,1,3232.1,4281.4,1049.2,2,2,71.0,0.0,800.0,103.6,74.5,71.0
2026-09-19 18:46:43,mfsweep_shard0,SPT_SMPT,55,6661.32,124,0,1,3258.4,4166.5,908.1,2,2,53.6,0.0,710.8,120.3,23.4,53.6
2026-09-19 18:46:43,mfsweep_shard0,SPT_SMPT,55,6661.32,125,0,1,3284.7,4211.1,926.5,2,2,64.2,0.0,740.4,113.0,8.8,64.2
2026-09-19 18:46:43,mfsweep_shard0,SPT_SMPT,55,6661.32,126,0,1,3311.0,4264.1,953.1,2,2,54.2,0.0,717.2,110.3,71.5,54.2
2026-09-19 18:46:43,mfsweep_shard0,SPT_SMPT,55,6661.32,127,0,1,3337.2,4234.9,897.7,2,2,84.2,0.0,693.6,119.9,0.0,84.2
2026-09-19 18:46:43,mfsweep_shard0,SPT_SMPT,55,6661.32,128,0,1,3363.5,4695.3,1331.8,2,2,82.5,0.0,728.7,94.1,426.5,82.5
2026-09-19 18:46:43,mfsweep_shard0,SPT_SMPT,55,6661.32,129,0,1,3389.8,4560.3,1170.5,2,2,81.0,0.0,757.6,100.9,231.0,81.0
2026-09-19 18:46:43,mfsweep_shard0,SPT_SMPT,55,6661.32,130,0,1,3416.1,4362.8,946.7,2,2,63.7,0.0,748.9,90.2,43.8,63.7
2026-09-19 18:46:43,mfsweep_shard0,SPT_SMPT,55,6661.32,131,0,1,3442.3,4312.6,870.3,2,2,55.5,0.0,686.9,98.3,29.5,55.5
2026-09-19 18:46:43,mfsweep_shard0,SPT_SMPT,55,6661.32,132,0,1,3468.6,4628.3,1159.7,2,2,82.5,0.0,679.5,85.5,312.1,82.5
2026-09-19 18:46:43,mfsweep_shard0,SPT_SMPT,55,6661.32,133,0,1,3494.9,4766.9,1272.0,2,2,84.8,0.0,672.4,94.1,420.7,84.8
2026-09-19 18:46:43,mfsweep_shard0,SPT_SMPT,55,6661.32,134,0,1,3521.2,4440.8,919.6,2,2,56.4,0.0,707.7,99.1,56.4,56.4
2026-09-19 18:46:43,mfsweep_shard0,SPT_SMPT,55,6661.32,135,0,1,3547.5,4494.8,947.4,2,2,69.6,0.0,652.0,96.2,129.5,69.6
2026-09-19 18:46:43,mfsweep_shard0,SPT_SMPT,55,6661.32,136,0,1,3573.7,4404.9,831.2,2,2,55.8,0.0,648.8,94.6,31.9,55.8
2026-09-19 18:52:18,mfsweep_shard0,SPT_SMPT,56,7501.26,0,0,1,0.0,248.0,248.0,2,2,74.6,0.0,67.5,105.8,0.0,74.6
2026-09-19 18:52:18,mfsweep_shard0,SPT_SMPT,56,7501.26,1,0,1,26.3,259.8,233.5,2,2,54.4,0.0,47.4,110.3,21.4,54.4
2026-09-19 18:52:18,mfsweep_shard0,SPT_SMPT,56,7501.26,2,0,1,52.6,390.0,337.4,2,2,62.6,0.0,95.4,94.1,85.2,62.6
2026-09-19 18:52:18,mfsweep_shard0,SPT_SMPT,56,7501.26,3,0,1,78.8,353.8,274.9,2,2,60.9,0.0,96.8,105.8,11.3,60.9
2026-09-19 18:52:18,mfsweep_shard0,SPT_SMPT,56,7501.26,4,0,1,105.1,770.7,665.6,2,2,77.8,0.0,82.2,147.2,358.3,77.8
2026-09-19 18:52:18,mfsweep_shard0,SPT_SMPT,56,7501.26,5,0,1,131.4,707.7,576.3,2,2,75.9,0.0,138.2,140.2,203.8,94.1
2026-09-19 18:52:18,mfsweep_shard0,SPT_SMPT,56,7501.26,6,0,1,157.7,822.5,664.8,2,2,83.0,0.1,106.0,151.4,324.4,83.0
2026-09-19 18:52:18,mfsweep_shard0,SPT_SMPT,56,7501.26,7,0,1,183.9,542.5,358.5,2,2,56.4,0.1,122.4,140.6,39.0,56.4
2026-09-19 18:52:18,mfsweep_shard0,SPT_SMPT,56,7501.26,8,0,1,210.2,425.8,215.6,2,2,67.5,0.0,27.6,120.5,0.0,67.5
2026-09-19 18:52:18,mfsweep_shard0,SPT_SMPT,56,7501.26,9,0,1,236.5,502.3,265.8,2,2,54.5,0.0,61.2,115.9,34.2,54.5
2026-09-19 18:52:18,mfsweep_shard0,SPT_SMPT,56,7501.26,10,0,1,262.8,585.2,322.5,2,2,60.8,0.0,126.9,122.9,11.9,60.8
2026-09-19 18:52:18,mfsweep_shard0,SPT_SMPT,56,7501.26,11,0,1,289.1,664.4,375.3,2,2,70.2,0.0,68.1,168.4,68.5,70.2
2026-09-19 18:52:18,mfsweep_shard0,SPT_SMPT,56,7501.26,12,0,1,315.3,758.8,443.4,2,2,54.4,0.0,183.2,143.9,51.3,65.0
2026-09-19 18:52:18,mfsweep_shard0,SPT_SMPT,56,7501.26,13,0,1,341.6,719.2,377.6,2,2,60.1,0.0,118.7,156.7,42.1,60.1
2026-09-19 18:52:18,mfsweep_shard0,SPT_SMPT,56,7501.26,14,0,1,367.9,657.2,289.3,2,2,75.0,0.0,48.7,160.5,5.1,75.0
2026-09-19 18:52:18,mfsweep_shard0,SPT_SMPT,56,7501.26,15,0,1,394.2,578.1,183.9,2,2,71.5,0.0,16.8,95.6,0.0,71.5
2026-09-19 18:52:18,mfsweep_shard0,SPT_SMPT,56,7501.26,16,0,1,420.4,800.5,380.0,2,2,60.8,0.0,98.2,99.1,121.9,60.8
2026-09-19 18:52:18,mfsweep_shard0,SPT_SMPT,56,7501.26,17,0,1,446.7,1375.9,929.2,2,2,73.0,0.0,74.4,106.9,674.8,73.0
2026-09-19 18:52:18,mfsweep_shard0,SPT_SMPT,56,7501.26,18,0,1,473.0,4473.8,4000.8,2,2,80.3,0.0,171.0,211.5,3538.0,80.3
2026-09-19 18:52:18,mfsweep_shard0,SPT_SMPT,56,7501.26,19,0,1,499.3,884.4,385.2,2,2,53.8,0.0,156.1,138.3,37.0,53.8
2026-09-19 18:52:18,mfsweep_shard0,SPT_SMPT,56,7501.26,20,0,1,525.6,2336.2,1810.6,2,2,80.1,0.0,87.8,170.6,1472.0,80.1
2026-09-19 18:52:18,mfsweep_shard0,SPT_SMPT,56,7501.26,21,0,1,551.8,4588.7,4036.9,2,2,76.6,0.1,234.2,215.9,3510.1,76.6
2026-09-19 18:52:18,mfsweep_shard0,SPT_SMPT,56,7501.26,22,0,1,578.1,920.7,342.6,2,2,64.8,0.0,121.1,122.7,34.0,64.8
2026-09-19 18:52:18,mfsweep_shard0,SPT_SMPT,56,7501.26,23,0,1,604.4,1024.0,419.6,2,2,58.7,0.0,139.4,119.6,101.9,58.7
2026-09-19 18:52:18,mfsweep_shard0,SPT_SMPT,56,7501.26,24,0,1,630.7,5354.8,4724.2,2,2,85.1,0.2,286.2,234.7,4117.9,85.1
2026-09-19 18:52:18,mfsweep_shard0,SPT_SMPT,56,7501.26,25,0,1,656.9,1091.9,435.0,2,2,64.7,0.0,95.3,116.0,159.0,64.7
2026-09-19 18:52:18,mfsweep_shard0,SPT_SMPT,56,7501.26,26,0,1,683.2,913.5,230.3,2,2,56.6,0.0,50.4,120.9,2.3,56.6
2026-09-19 18:52:18,mfsweep_shard0,SPT_SMPT,56,7501.26,27,0,1,709.5,968.1,258.6,2,2,56.7,0.0,64.4,110.2,27.2,56.7
2026-09-19 18:52:18,mfsweep_shard0,SPT_SMPT,56,7501.26,28,0,1,735.8,6111.2,5375.4,2,2,81.5,0.3,309.5,195.0,4789.2,81.5
2026-09-19 18:52:18,mfsweep_shard0,SPT_SMPT,56,7501.26,29,0,1,762.0,2453.0,1690.9,2,2,73.5,0.1,181.7,183.8,1251.8,73.5
2026-09-19 18:52:18,mfsweep_shard0,SPT_SMPT,56,7501.26,30,0,1,788.3,5846.5,5058.2,2,2,80.2,0.4,452.9,239.2,4285.5,80.2
2026-09-19 18:52:18,mfsweep_shard0,SPT_SMPT,56,7501.26,31,0,1,814.6,4807.5,3992.9,2,2,77.6,0.4,327.3,271.9,3315.6,77.6
2026-09-19 18:52:18,mfsweep_shard0,SPT_SMPT,56,7501.26,32,0,1,840.9,1114.7,273.8,2,2,71.2,0.0,46.4,151.7,4.5,71.2
2026-09-19 18:52:18,mfsweep_shard0,SPT_SMPT,56,7501.26,33,0,1,867.2,6533.7,5666.6,2,2,85.7,0.6,526.9,286.5,4767.0,85.7
2026-09-19 18:52:18,mfsweep_shard0,SPT_SMPT,56,7501.26,34,0,1,893.4,1210.1,316.7,2,2,66.0,0.0,57.2,143.0,50.4,66.0
2026-09-19 18:52:18,mfsweep_shard0,SPT_SMPT,56,7501.26,35,0,1,919.7,1244.1,324.4,2,2,71.8,0.0,123.2,96.2,33.2,71.8
2026-09-19 18:52:18,mfsweep_shard0,SPT_SMPT,56,7501.26,36,0,1,946.0,5912.4,4966.4,2,2,80.9,0.7,452.6,228.7,4203.5,80.9
2026-09-19 18:52:18,mfsweep_shard0,SPT_SMPT,56,7501.26,37,0,1,972.3,2681.6,1709.4,2,2,74.0,0.4,282.9,183.7,1168.5,74.0
2026-09-19 18:52:18,mfsweep_shard0,SPT_SMPT,56,7501.26,38,0,1,998.5,6178.2,5179.6,2,2,82.0,0.8,521.8,258.9,4316.1,82.0
2026-09-19 18:52:18,mfsweep_shard0,SPT_SMPT,56,7501.26,39,0,1,1024.8,1315.0,290.2,2,2,72.6,0.0,47.2,142.7,27.6,72.6
2026-09-19 18:52:18,mfsweep_shard0,SPT_SMPT,56,7501.26,40,0,1,1051.1,5477.1,4426.0,2,2,76.8,0.9,599.7,298.5,3450.1,76.8
2026-09-19 18:52:18,mfsweep_shard0,SPT_SMPT,56,7501.26,41,0,1,1077.4,1348.8,271.4,2,2,55.1,0.0,40.3,122.5,53.5,55.1
2026-09-19 18:52:18,mfsweep_shard0,SPT_SMPT,56,7501.26,42,0,1,1103.7,1495.9,392.2,2,2,61.1,0.0,92.6,159.1,79.4,61.1
2026-09-19 18:52:18,mfsweep_shard0,SPT_SMPT,56,7501.26,43,0,1,1129.9,1840.4,710.5,2,2,63.1,0.0,24.1,159.9,463.4,63.1
2026-09-19 18:52:18,mfsweep_shard0,SPT_SMPT,56,7501.26,44,0,1,1156.2,1479.3,323.1,2,2,56.2,0.0,101.8,151.8,13.3,56.2
2026-09-19 18:52:18,mfsweep_shard0,SPT_SMPT,56,7501.26,45,0,1,1182.5,1576.7,394.2,2,2,61.2,0.0,73.2,124.0,135.7,61.2
2026-09-19 18:52:18,mfsweep_shard0,SPT_SMPT,56,7501.26,46,0,1,1208.8,1503.0,294.2,2,2,56.9,0.0,78.7,124.5,34.1,56.9
2026-09-19 18:52:18,mfsweep_shard0,SPT_SMPT,56,7501.26,47,0,1,1235.0,1738.0,503.0,2,2,62.7,0.0,54.2,152.1,233.9,62.7
2026-09-19 18:52:18,mfsweep_shard0,SPT_SMPT,56,7501.26,48,0,1,1261.3,2736.3,1475.0,2,2,74.5,0.5,317.2,194.6,888.2,74.5
2026-09-19 18:52:18,mfsweep_shard0,SPT_SMPT,56,7501.26,49,0,1,1287.6,1920.0,632.4,2,2,65.6,0.0,68.2,123.8,374.8,65.6
2026-09-19 18:52:18,mfsweep_shard0,SPT_SMPT,56,7501.26,50,0,1,1313.9,1953.6,639.8,2,2,65.8,0.0,72.9,130.0,371.1,65.8
2026-09-19 18:52:18,mfsweep_shard0,SPT_SMPT,56,7501.26,51,0,1,1340.2,1598.6,258.4,2,2,60.5,0.0,31.4,149.5,17.0,60.5
2026-09-19 18:52:18,mfsweep_shard0,SPT_SMPT,56,7501.26,52,0,1,1366.4,1656.9,290.5,2,2,62.4,0.0,50.8,137.0,40.3,62.4
2026-09-19 18:52:18,mfsweep_shard0,SPT_SMPT,56,7501.26,53,0,1,1392.7,6905.0,5512.3,2,2,84.5,1.1,667.3,256.9,4502.6,84.5
2026-09-19 18:52:18,mfsweep_shard0,SPT_SMPT,56,7501.26,54,0,1,1419.0,4595.7,3176.8,2,2,74.9,0.8,414.1,247.2,2439.8,74.9
2026-09-19 18:52:18,mfsweep_shard0,SPT_SMPT,56,7501.26,55,0,1,1445.3,2460.0,1014.7,2,2,73.6,0.4,227.9,183.4,529.5,73.6
2026-09-19 18:52:18,mfsweep_shard0,SPT_SMPT,56,7501.26,56,0,1,1471.5,1766.5,294.9,2,2,59.2,0.0,15.5,130.3,89.9,59.2
2026-09-19 18:52:18,mfsweep_shard0,SPT_SMPT,56,7501.26,57,0,1,1497.8,5469.8,3972.0,2,2,77.6,1.2,721.5,272.7,2898.9,77.6
2026-09-19 18:52:18,mfsweep_shard0,SPT_SMPT,56,7501.26,58,0,1,1524.1,1759.3,235.2,2,2,58.9,0.0,44.3,118.3,13.6,58.9
2026-09-19 18:52:18,mfsweep_shard0,SPT_SMPT,56,7501.26,59,0,1,1550.4,2659.1,1108.8,2,2,66.1,0.4,384.1,183.9,474.4,66.1
2026-09-19 18:52:18,mfsweep_shard0,SPT_SMPT,56,7501.26,60,0,1,1576.6,7090.6,5514.0,2,2,86.2,1.4,824.5,279.3,4322.6,86.2
2026-09-19 18:52:18,mfsweep_shard0,SPT_SMPT,56,7501.26,61,0,1,1602.9,4692.7,3089.8,2,2,74.7,1.0,560.4,229.7,2224.1,74.7
2026-09-19 18:52:18,mfsweep_shard0,SPT_SMPT,56,7501.26,62,0,1,1629.2,2811.9,1182.7,2,2,71.9,0.8,530.1,192.5,387.3,71.9
2026-09-19 18:52:18,mfsweep_shard0,SPT_SMPT,56,7501.26,63,0,1,1655.5,4887.4,3231.9,2,2,76.1,1.3,670.3,254.2,2229.8,76.1
2026-09-19 18:52:18,mfsweep_shard0,SPT_SMPT,56,7501.26,64,0,1,1681.8,6044.7,4363.0,2,2,81.4,1.6,842.9,270.9,3166.2,81.4
2026-09-19 18:52:18,mfsweep_shard0,SPT_SMPT,56,7501.26,65,0,1,1708.0,5653.0,3944.9,2,2,79.2,1.7,950.0,284.7,2629.4,79.2
2026-09-19 18:52:18,mfsweep_shard0,SPT_SMPT,56,7501.26,66,0,1,1734.3,1996.4,262.1,2,2,61.1,0.0,43.6,123.5,33.8,61.1
2026-09-19 18:52:18,mfsweep_shard0,SPT_SMPT,56,7501.26,67,0,1,1760.6,2073.6,313.1,2,2,54.6,0.0,87.4,142.7,28.3,54.6
2026-09-19 18:52:18,mfsweep_shard0,SPT_SMPT,56,7501.26,68,0,1,1786.9,2167.6,380.8,2,2,64.0,0.0,75.6,136.2,104.9,64.0
2026-09-19 18:52:18,mfsweep_shard0,SPT_SMPT,56,7501.26,69,0,1,1813.1,2066.6,253.4,2,2,62.4,0.0,17.5,155.8,17.8,62.4
2026-09-19 18:52:18,mfsweep_shard0,SPT_SMPT,56,7501.26,70,0,1,1839.4,2136.5,297.1,2,2,60.5,0.0,64.6,135.7,36.2,60.5
2026-09-19 18:52:18,mfsweep_shard0,SPT_SMPT,56,7501.26,71,0,1,1865.7,7148.1,5282.4,2,2,84.7,1.9,1032.5,306.8,3801.1,140.0
2026-09-19 18:52:18,mfsweep_shard0,SPT_SMPT,56,7501.26,72,0,1,1892.0,6388.1,4496.1,2,2,82.5,1.9,995.6,286.7,3129.4,82.5
2026-09-19 18:52:18,mfsweep_shard0,SPT_SMPT,56,7501.26,73,0,1,1918.3,2880.9,962.7,2,2,63.9,1.0,565.3,185.0,115.2,96.1
2026-09-19 18:52:18,mfsweep_shard0,SPT_SMPT,56,7501.26,74,0,1,1944.5,5549.3,3604.8,2,2,75.2,2.1,1052.0,292.2,2179.0,79.6
2026-09-19 18:52:18,mfsweep_shard0,SPT_SMPT,56,7501.26,75,0,1,1970.8,2892.5,921.7,2,2,66.6,1.1,548.3,204.3,101.5,66.6
2026-09-19 18:52:18,mfsweep_shard0,SPT_SMPT,56,7501.26,76,0,1,1997.1,2445.9,448.8,2,2,83.7,0.0,197.0,168.1,0.0,83.7
2026-09-19 18:52:18,mfsweep_shard0,SPT_SMPT,56,7501.26,77,0,1,2023.4,2492.9,469.5,2,2,68.7,0.0,307.4,93.4,0.0,68.7
2026-09-19 18:52:18,mfsweep_shard0,SPT_SMPT,56,7501.26,78,0,1,2049.6,2757.6,707.9,2,2,62.3,0.0,498.4,147.2,0.0,62.3
2026-09-19 18:52:18,mfsweep_shard0,SPT_SMPT,56,7501.26,79,0,1,2075.9,2717.5,641.6,2,2,61.7,0.0,407.5,130.8,41.6,61.7
2026-09-19 18:52:18,mfsweep_shard0,SPT_SMPT,56,7501.26,80,0,1,2102.2,2750.4,648.2,2,2,72.1,0.0,473.3,102.8,0.0,72.1
2026-09-19 18:52:18,mfsweep_shard0,SPT_SMPT,56,7501.26,81,0,1,2128.5,3178.8,1050.3,2,2,62.2,0.0,667.3,91.0,229.8,62.2
2026-09-19 18:52:18,mfsweep_shard0,SPT_SMPT,56,7501.26,82,0,1,2154.7,4919.8,2765.0,2,2,72.8,0.8,986.7,202.6,1473.5,101.5
2026-09-19 18:52:18,mfsweep_shard0,SPT_SMPT,56,7501.26,83,0,1,2181.0,6563.2,4382.2,2,2,83.2,1.2,1250.5,235.1,2812.2,83.2
2026-09-19 18:52:18,mfsweep_shard0,SPT_SMPT,56,7501.26,84,0,1,2207.3,3286.7,1079.4,2,2,66.7,0.0,535.5,106.6,370.6,66.7
2026-09-19 18:52:18,mfsweep_shard0,SPT_SMPT,56,7501.26,85,0,1,2233.6,2980.3,746.7,2,2,60.8,0.0,590.1,93.1,2.7,60.8
2026-09-19 18:52:18,mfsweep_shard0,SPT_SMPT,56,7501.26,86,0,1,2259.9,7501.3,5241.4,2,2,86.5,1.3,1250.3,258.2,3645.1,86.5
2026-09-19 18:52:18,mfsweep_shard0,SPT_SMPT,56,7501.26,87,0,1,2286.1,4185.8,1899.6,2,2,70.4,0.1,519.7,79.8,1229.7,70.4
2026-09-19 18:52:18,mfsweep_shard0,SPT_SMPT,56,7501.26,88,0,1,2312.4,3008.3,695.9,2,2,56.5,0.1,511.7,99.3,28.2,56.5
2026-09-19 18:52:18,mfsweep_shard0,SPT_SMPT,56,7501.26,89,0,1,2338.7,3015.5,676.8,2,2,55.1,0.1,503.9,103.5,14.1,55.1
2026-09-19 18:52:18,mfsweep_shard0,SPT_SMPT,56,7501.26,90,0,1,2365.0,3105.3,740.3,2,2,57.2,0.1,542.8,102.4,37.8,57.2
2026-09-19 18:52:18,mfsweep_shard0,SPT_SMPT,56,7501.26,91,0,1,2391.2,5152.9,2761.6,2,2,74.3,1.0,925.9,144.9,1615.5,74.3
2026-09-19 18:52:18,mfsweep_shard0,SPT_SMPT,56,7501.26,92,0,1,2417.5,5781.9,3364.3,2,2,79.7,1.4,1111.0,197.7,1974.5,79.7
2026-09-19 18:52:18,mfsweep_shard0,SPT_SMPT,56,7501.26,93,0,1,2443.8,3650.0,1206.2,2,2,67.5,0.2,501.1,109.0,528.5,67.5
2026-09-19 18:52:18,mfsweep_shard0,SPT_SMPT,56,7501.26,94,0,1,2470.1,3136.7,666.6,2,2,55.6,0.2,471.9,111.8,27.0,55.6
2026-09-19 18:52:18,mfsweep_shard0,SPT_SMPT,56,7501.26,95,0,1,2496.4,3269.1,772.8,2,2,66.1,0.2,518.0,110.0,78.4,66.1
2026-09-19 18:52:18,mfsweep_shard0,SPT_SMPT,56,7501.26,96,0,1,2522.6,7429.8,4907.2,2,2,86.4,1.7,1210.9,243.3,3364.7,86.4
2026-09-19 18:52:18,mfsweep_shard0,SPT_SMPT,56,7501.26,97,0,1,2548.9,4242.2,1693.3,2,2,71.0,0.3,413.9,95.7,1112.4,71.0
2026-09-19 18:52:18,mfsweep_shard0,SPT_SMPT,56,7501.26,98,0,1,2575.2,7358.4,4783.2,2,2,85.6,1.9,1243.4,265.2,3187.2,85.6
2026-09-19 18:52:18,mfsweep_shard0,SPT_SMPT,56,7501.26,99,0,1,2601.5,4927.0,2325.6,2,2,82.0,0.9,730.5,197.4,1314.8,82.0
2026-09-19 18:52:18,mfsweep_shard0,SPT_SMPT,56,7501.26,100,0,1,2627.7,3214.3,586.6,2,2,53.9,0.3,415.1,106.6,10.6,53.9
2026-09-19 18:52:18,mfsweep_shard0,SPT_SMPT,56,7501.26,101,0,1,2654.0,4856.6,2202.6,2,2,77.3,0.9,783.9,146.5,1193.9,77.3
2026-09-19 18:52:18,mfsweep_shard0,SPT_SMPT,56,7501.26,102,0,1,2680.3,4901.2,2220.9,2,2,76.0,1.0,772.3,179.8,1191.8,76.0
2026-09-19 18:52:18,mfsweep_shard0,SPT_SMPT,56,7501.26,103,0,1,2706.6,4981.9,2275.3,2,2,71.3,1.5,915.1,99.8,1135.5,123.4
2026-09-19 18:52:18,mfsweep_shard0,SPT_SMPT,56,7501.26,104,0,1,2732.9,3330.0,597.1,2,2,62.4,0.4,394.9,106.9,20.0,74.9
2026-09-19 18:52:18,mfsweep_shard0,SPT_SMPT,56,7501.26,105,0,1,2759.1,4934.3,2175.2,2,2,74.7,0.7,849.6,169.9,1080.3,74.7
2026-09-19 18:52:18,mfsweep_shard0,SPT_SMPT,56,7501.26,106,0,1,2785.4,3421.1,635.7,2,2,57.2,0.0,407.8,149.0,21.7,57.2
2026-09-19 18:52:18,mfsweep_shard0,SPT_SMPT,56,7501.26,107,0,1,2811.7,3967.3,1155.6,2,2,67.9,0.0,368.0,86.6,633.1,67.9
2026-09-19 18:52:18,mfsweep_shard0,SPT_SMPT,56,7501.26,108,0,1,2838.0,4021.3,1183.4,2,2,68.5,0.0,362.0,77.5,675.3,68.5
2026-09-19 18:52:18,mfsweep_shard0,SPT_SMPT,56,7501.26,109,0,1,2864.2,7287.8,4423.6,2,2,85.0,1.3,1078.1,218.9,3040.3,85.0
2026-09-19 18:52:18,mfsweep_shard0,SPT_SMPT,56,7501.26,110,0,1,2890.5,6312.9,3422.3,2,2,82.4,1.6,1069.2,132.1,2137.0,82.4
2026-09-19 18:52:18,mfsweep_shard0,SPT_SMPT,56,7501.26,111,0,1,2916.8,3428.2,511.4,2,2,62.2,0.0,308.5,99.3,41.3,62.2
2026-09-19 18:52:18,mfsweep_shard0,SPT_SMPT,56,7501.26,112,0,1,2943.1,4130.9,1187.8,2,2,70.1,0.0,350.4,87.1,680.3,70.1
2026-09-19 18:52:18,mfsweep_shard0,SPT_SMPT,56,7501.26,113,0,1,2969.3,3523.5,554.1,2,2,59.4,0.0,366.1,113.9,14.7,59.4
2026-09-19 18:52:18,mfsweep_shard0,SPT_SMPT,56,7501.26,114,0,1,2995.6,6766.4,3770.8,2,2,83.7,1.9,1170.3,158.4,2356.5,83.7
2026-09-19 18:52:18,mfsweep_shard0,SPT_SMPT,56,7501.26,115,0,1,3021.9,6245.4,3223.5,2,2,82.3,1.8,1104.8,149.7,1885.0,82.3
2026-09-19 18:52:18,mfsweep_shard0,SPT_SMPT,56,7501.26,116,0,1,3048.2,3565.4,517.2,2,2,63.4,0.0,305.2,111.0,37.6,63.4
2026-09-19 18:52:18,mfsweep_shard0,SPT_SMPT,56,7501.26,117,0,1,3074.5,5212.0,2137.5,2,2,74.6,1.3,881.9,93.0,1086.6,74.6
2026-09-19 18:52:18,mfsweep_shard0,SPT_SMPT,56,7501.26,118,0,1,3100.7,5093.1,1992.4,2,2,73.6,1.4,814.7,98.2,1004.4,73.6
2026-09-19 18:52:18,mfsweep_shard0,SPT_SMPT,56,7501.26,119,0,1,3127.0,3586.9,459.8,2,2,58.6,0.0,242.9,110.8,47.5,58.6
2026-09-19 18:52:18,mfsweep_shard0,SPT_SMPT,56,7501.26,120,0,1,3153.3,5588.3,2435.1,2,2,78.7,1.9,995.7,145.6,1213.2,78.7
2026-09-19 18:52:18,mfsweep_shard0,SPT_SMPT,56,7501.26,121,0,1,3179.6,5035.0,1855.4,2,2,71.3,1.5,793.3,95.4,893.9,71.3
2026-09-19 18:52:18,mfsweep_shard0,SPT_SMPT,56,7501.26,122,0,1,3205.8,5716.7,2510.9,2,2,79.2,2.0,1028.6,153.9,1247.1,79.2
2026-09-19 18:52:18,mfsweep_shard0,SPT_SMPT,56,7501.26,123,0,1,3232.1,4297.8,1065.6,2,2,71.0,0.0,242.0,95.2,657.3,71.0
2026-09-19 18:52:18,mfsweep_shard0,SPT_SMPT,56,7501.26,124,0,1,3258.4,3657.3,398.9,2,2,53.6,0.0,201.3,109.8,34.2,53.6
2026-09-19 18:52:18,mfsweep_shard0,SPT_SMPT,56,7501.26,125,0,1,3284.7,3833.6,548.9,2,2,64.2,0.0,211.2,92.8,180.6,64.2
2026-09-19 18:52:18,mfsweep_shard0,SPT_SMPT,56,7501.26,126,0,1,3311.0,3685.7,374.7,2,2,54.2,0.0,205.7,105.8,9.0,54.2
2026-09-19 18:52:18,mfsweep_shard0,SPT_SMPT,56,7501.26,127,0,1,3337.2,6835.6,3498.3,2,2,84.2,2.2,1078.8,152.7,2180.4,84.2
2026-09-19 18:52:18,mfsweep_shard0,SPT_SMPT,56,7501.26,128,0,1,3363.5,6697.7,3334.2,2,2,82.5,2.3,1106.3,151.9,1991.2,82.5
2026-09-19 18:52:18,mfsweep_shard0,SPT_SMPT,56,7501.26,129,0,1,3389.8,5978.4,2588.6,2,2,81.0,2.2,978.6,149.2,1377.6,81.0
2026-09-19 18:52:18,mfsweep_shard0,SPT_SMPT,56,7501.26,130,0,1,3416.1,3762.1,346.0,2,2,63.7,0.0,161.7,92.1,28.5,63.7
2026-09-19 18:52:18,mfsweep_shard0,SPT_SMPT,56,7501.26,131,0,1,3442.3,3804.1,361.8,2,2,55.5,0.0,160.0,98.8,47.5,55.5
2026-09-19 18:52:18,mfsweep_shard0,SPT_SMPT,56,7501.26,132,0,1,3468.6,6630.2,3161.6,2,2,82.5,2.5,1145.0,137.3,1780.0,96.9
2026-09-19 18:52:18,mfsweep_shard0,SPT_SMPT,56,7501.26,133,0,1,3494.9,7217.8,3722.9,2,2,84.8,2.7,1267.5,175.1,2192.9,84.8
2026-09-19 18:52:18,mfsweep_shard0,SPT_SMPT,56,7501.26,134,0,1,3521.2,3914.9,393.8,2,2,56.4,0.0,189.5,110.6,30.4,63.2
2026-09-19 18:52:18,mfsweep_shard0,SPT_SMPT,56,7501.26,135,0,1,3547.5,4075.4,527.9,2,2,69.6,0.0,173.5,113.5,171.3,69.6
2026-09-19 18:52:18,mfsweep_shard0,SPT_SMPT,56,7501.26,136,0,1,3573.7,3877.0,303.3,2,2,55.8,0.0,90.6,113.6,43.1,55.8
2026-09-19 18:57:12,mfsweep_shard0,SPT_SMPT,57,6627.04,0,0,1,0.0,298.6,298.6,2,2,74.6,0.0,95.2,94.9,5.8,102.7
2026-09-19 18:57:12,mfsweep_shard0,SPT_SMPT,57,6627.04,1,0,1,26.3,214.4,188.1,2,2,54.4,0.0,58.7,75.0,0.0,54.4
2026-09-19 18:57:12,mfsweep_shard0,SPT_SMPT,57,6627.04,2,0,1,52.6,335.5,283.0,2,2,62.6,0.0,105.0,80.4,34.8,62.6
2026-09-19 18:57:12,mfsweep_shard0,SPT_SMPT,57,6627.04,3,0,1,78.8,328.4,249.6,2,2,60.9,0.0,79.1,109.6,0.0,60.9
2026-09-19 18:57:12,mfsweep_shard0,SPT_SMPT,57,6627.04,4,0,1,105.1,321.2,216.0,2,2,77.8,0.0,49.3,88.9,0.0,77.8
2026-09-19 18:57:12,mfsweep_shard0,SPT_SMPT,57,6627.04,5,0,1,131.4,2989.6,2858.2,2,2,75.9,0.0,196.1,195.4,2390.9,75.9
2026-09-19 18:57:12,mfsweep_shard0,SPT_SMPT,57,6627.04,6,0,1,157.7,4267.4,4109.8,2,2,83.0,0.1,336.7,274.8,3415.1,83.0
2026-09-19 18:57:12,mfsweep_shard0,SPT_SMPT,57,6627.04,7,0,1,183.9,450.8,266.8,2,2,56.4,0.0,60.0,133.4,17.0,56.4
2026-09-19 18:57:12,mfsweep_shard0,SPT_SMPT,57,6627.04,8,0,1,210.2,483.3,273.1,2,2,67.5,0.0,82.3,110.5,12.9,67.5
2026-09-19 18:57:12,mfsweep_shard0,SPT_SMPT,57,6627.04,9,0,1,236.5,539.5,303.0,2,2,54.5,0.0,107.0,132.6,8.9,54.5
2026-09-19 18:57:12,mfsweep_shard0,SPT_SMPT,57,6627.04,10,0,1,262.8,517.2,254.4,2,2,60.8,0.0,56.8,106.3,30.5,60.8
2026-09-19 18:57:12,mfsweep_shard0,SPT_SMPT,57,6627.04,11,0,1,289.1,683.2,394.2,2,2,70.2,0.0,56.3,111.3,156.4,70.2
2026-09-19 18:57:12,mfsweep_shard0,SPT_SMPT,57,6627.04,12,0,1,315.3,592.8,277.4,2,2,54.4,0.0,69.8,144.0,9.2,54.4
2026-09-19 18:57:12,mfsweep_shard0,SPT_SMPT,57,6627.04,13,0,1,341.6,599.9,258.2,2,2,60.1,0.0,17.5,137.8,42.8,60.1
2026-09-19 18:57:12,mfsweep_shard0,SPT_SMPT,57,6627.04,14,0,1,367.9,798.0,430.1,2,2,75.0,0.1,66.4,181.8,106.8,75.0
2026-09-19 18:57:12,mfsweep_shard0,SPT_SMPT,57,6627.04,15,0,1,394.2,1022.8,628.6,2,2,71.5,0.1,160.7,167.5,228.8,71.5
2026-09-19 18:57:12,mfsweep_shard0,SPT_SMPT,57,6627.04,16,0,1,420.4,966.4,546.0,2,2,60.8,0.1,174.3,151.6,157.9,62.1
2026-09-19 18:57:12,mfsweep_shard0,SPT_SMPT,57,6627.04,17,0,1,446.7,830.9,384.2,2,2,73.0,0.0,130.5,122.6,58.0,73.0
2026-09-19 18:57:12,mfsweep_shard0,SPT_SMPT,57,6627.04,18,0,1,473.0,783.6,310.6,2,2,80.3,0.0,115.2,109.1,6.0,80.3
2026-09-19 18:57:12,mfsweep_shard0,SPT_SMPT,57,6627.04,19,0,1,499.3,863.2,363.9,2,2,53.8,0.1,105.9,148.5,43.4,66.0
2026-09-19 18:57:12,mfsweep_shard0,SPT_SMPT,57,6627.04,20,0,1,525.6,790.8,265.2,2,2,80.1,0.0,82.3,102.8,0.0,80.1
2026-09-19 18:57:12,mfsweep_shard0,SPT_SMPT,57,6627.04,21,0,1,551.8,1939.7,1387.8,2,2,76.6,0.1,157.2,172.6,981.2,76.6
2026-09-19 18:57:12,mfsweep_shard0,SPT_SMPT,57,6627.04,22,0,1,578.1,998.3,420.2,2,2,64.8,0.0,70.5,123.4,161.5,64.8
2026-09-19 18:57:12,mfsweep_shard0,SPT_SMPT,57,6627.04,23,0,1,604.4,899.4,295.1,2,2,58.7,0.0,74.4,125.5,36.4,58.7
2026-09-19 18:57:12,mfsweep_shard0,SPT_SMPT,57,6627.04,24,0,1,630.7,6284.5,5653.8,2,2,85.1,0.2,392.4,291.0,4832.2,138.0
2026-09-19 18:57:12,mfsweep_shard0,SPT_SMPT,57,6627.04,25,0,1,656.9,1090.6,433.7,2,2,64.7,0.0,183.6,134.4,51.0,64.7
2026-09-19 18:57:12,mfsweep_shard0,SPT_SMPT,57,6627.04,26,0,1,683.2,1237.4,554.2,2,2,56.6,0.1,221.0,158.5,86.4,88.2
2026-09-19 18:57:12,mfsweep_shard0,SPT_SMPT,57,6627.04,27,0,1,709.5,1259.7,550.2,2,2,56.7,0.2,268.0,125.5,99.7,56.7
2026-09-19 18:57:12,mfsweep_shard0,SPT_SMPT,57,6627.04,28,0,1,735.8,1015.6,279.8,2,2,81.5,0.0,99.1,90.6,8.5,81.5
2026-09-19 18:57:12,mfsweep_shard0,SPT_SMPT,57,6627.04,29,0,1,762.0,1150.8,388.7,2,2,73.5,0.0,102.2,95.8,117.2,73.5
2026-09-19 18:57:12,mfsweep_shard0,SPT_SMPT,57,6627.04,30,0,1,788.3,5196.7,4408.3,2,2,80.2,0.5,478.8,228.5,3620.5,80.2
2026-09-19 18:57:12,mfsweep_shard0,SPT_SMPT,57,6627.04,31,0,1,814.6,3382.9,2568.3,2,2,77.6,0.4,362.7,224.7,1902.8,77.6
2026-09-19 18:57:12,mfsweep_shard0,SPT_SMPT,57,6627.04,32,0,1,840.9,1337.6,496.7,2,2,71.2,0.2,176.2,123.5,125.6,71.2
2026-09-19 18:57:12,mfsweep_shard0,SPT_SMPT,57,6627.04,33,0,1,867.2,1143.7,276.5,2,2,85.7,0.0,73.6,117.3,0.0,85.7
2026-09-19 18:57:12,mfsweep_shard0,SPT_SMPT,57,6627.04,34,0,1,893.4,1271.5,378.0,2,2,66.0,0.0,133.7,117.0,61.3,66.0
2026-09-19 18:57:12,mfsweep_shard0,SPT_SMPT,57,6627.04,35,0,1,919.7,2045.5,1125.8,2,2,71.8,0.1,243.9,175.8,634.2,71.8
2026-09-19 18:57:12,mfsweep_shard0,SPT_SMPT,57,6627.04,36,0,1,946.0,5262.1,4316.1,2,2,80.9,0.4,562.5,252.2,3419.9,80.9
2026-09-19 18:57:12,mfsweep_shard0,SPT_SMPT,57,6627.04,37,0,1,972.3,2688.2,1716.0,2,2,74.0,0.2,225.7,149.3,1266.8,74.0
2026-09-19 18:57:12,mfsweep_shard0,SPT_SMPT,57,6627.04,38,0,1,998.5,5528.3,4529.7,2,2,82.0,0.6,600.9,244.6,3601.7,82.0
2026-09-19 18:57:12,mfsweep_shard0,SPT_SMPT,57,6627.04,39,0,1,1024.8,2396.7,1371.8,2,2,72.6,0.2,227.7,170.4,900.9,72.6
2026-09-19 18:57:12,mfsweep_shard0,SPT_SMPT,57,6627.04,40,0,1,1051.1,4383.9,3332.8,2,2,76.8,0.7,630.7,287.5,2292.9,121.1
2026-09-19 18:57:12,mfsweep_shard0,SPT_SMPT,57,6627.04,41,0,1,1077.4,1371.3,293.9,2,2,55.1,0.0,86.2,105.3,47.3,55.1
2026-09-19 18:57:12,mfsweep_shard0,SPT_SMPT,57,6627.04,42,0,1,1103.7,1446.9,343.3,2,2,61.1,0.0,135.5,137.8,8.9,61.1
2026-09-19 18:57:12,mfsweep_shard0,SPT_SMPT,57,6627.04,43,0,1,1129.9,1834.2,704.2,2,2,63.1,0.0,102.2,112.6,426.4,63.1
2026-09-19 18:57:12,mfsweep_shard0,SPT_SMPT,57,6627.04,44,0,1,1156.2,1479.8,323.6,2,2,56.2,0.0,69.5,125.6,72.3,56.2
2026-09-19 18:57:12,mfsweep_shard0,SPT_SMPT,57,6627.04,45,0,1,1182.5,1610.9,428.4,2,2,61.2,0.0,147.8,109.2,110.2,61.2
2026-09-19 18:57:12,mfsweep_shard0,SPT_SMPT,57,6627.04,46,0,1,1208.8,1509.7,300.9,2,2,56.9,0.0,43.5,116.6,83.8,56.9
2026-09-19 18:57:12,mfsweep_shard0,SPT_SMPT,57,6627.04,47,0,1,1235.0,1757.4,522.4,2,2,62.7,0.0,87.3,109.2,263.1,62.7
2026-09-19 18:57:12,mfsweep_shard0,SPT_SMPT,57,6627.04,48,0,1,1261.3,2737.7,1476.4,2,2,74.5,0.3,232.9,169.0,999.7,74.5
2026-09-19 18:57:12,mfsweep_shard0,SPT_SMPT,57,6627.04,49,0,1,1287.6,2052.7,765.1,2,2,65.6,0.3,192.8,184.7,321.8,65.6
2026-09-19 18:57:12,mfsweep_shard0,SPT_SMPT,57,6627.04,50,0,1,1313.9,2138.1,824.2,2,2,65.8,0.3,257.7,173.2,327.2,65.8
2026-09-19 18:57:12,mfsweep_shard0,SPT_SMPT,57,6627.04,51,0,1,1340.2,1594.4,254.3,2,2,60.5,0.0,60.9,106.9,26.0,60.5
2026-09-19 18:57:12,mfsweep_shard0,SPT_SMPT,57,6627.04,52,0,1,1366.4,1679.9,313.5,2,2,62.4,0.0,29.8,127.4,93.9,62.4
2026-09-19 18:57:12,mfsweep_shard0,SPT_SMPT,57,6627.04,53,0,1,1392.7,6074.7,4682.0,2,2,84.5,0.9,534.2,247.2,3815.3,84.5
2026-09-19 18:57:12,mfsweep_shard0,SPT_SMPT,57,6627.04,54,0,1,1419.0,2869.0,1450.0,2,2,74.9,0.4,240.6,189.6,944.5,74.9
2026-09-19 18:57:12,mfsweep_shard0,SPT_SMPT,57,6627.04,55,0,1,1445.3,2629.2,1183.9,2,2,73.6,0.4,236.0,193.7,680.2,73.6
2026-09-19 18:57:12,mfsweep_shard0,SPT_SMPT,57,6627.04,56,0,1,1471.5,1733.2,261.6,2,2,59.2,0.0,11.2,150.8,40.4,59.2
2026-09-19 18:57:12,mfsweep_shard0,SPT_SMPT,57,6627.04,57,0,1,1497.8,3499.4,2001.5,2,2,77.6,0.7,469.7,293.0,1150.8,87.3
2026-09-19 18:57:12,mfsweep_shard0,SPT_SMPT,57,6627.04,58,0,1,1524.1,2177.3,653.2,2,2,58.9,0.4,328.1,174.5,77.7,72.4
2026-09-19 18:57:12,mfsweep_shard0,SPT_SMPT,57,6627.04,59,0,1,1550.4,2219.5,669.1,2,2,66.1,0.4,269.6,194.1,139.0,66.1
2026-09-19 18:57:12,mfsweep_shard0,SPT_SMPT,57,6627.04,60,0,1,1576.6,6426.3,4849.6,2,2,86.2,1.1,709.4,246.4,3806.5,86.2
2026-09-19 18:57:12,mfsweep_shard0,SPT_SMPT,57,6627.04,61,0,1,1602.9,2801.4,1198.5,2,2,74.7,0.5,338.2,167.5,617.7,74.7
2026-09-19 18:57:12,mfsweep_shard0,SPT_SMPT,57,6627.04,62,0,1,1629.2,2268.0,638.8,2,2,71.9,0.5,330.5,121.0,114.8,71.9
2026-09-19 18:57:12,mfsweep_shard0,SPT_SMPT,57,6627.04,63,0,1,1655.5,2038.3,382.8,2,2,76.1,0.0,189.3,117.4,0.0,76.1
2026-09-19 18:57:12,mfsweep_shard0,SPT_SMPT,57,6627.04,64,0,1,1681.8,5394.4,3712.6,2,2,81.4,0.7,446.1,204.7,2979.7,81.4
2026-09-19 18:57:12,mfsweep_shard0,SPT_SMPT,57,6627.04,65,0,1,1708.0,2193.3,485.3,2,2,79.2,0.0,270.6,135.5,0.0,79.2
2026-09-19 18:57:12,mfsweep_shard0,SPT_SMPT,57,6627.04,66,0,1,1734.3,2226.6,492.3,2,2,61.1,0.0,257.4,116.8,57.0,61.1
2026-09-19 18:57:12,mfsweep_shard0,SPT_SMPT,57,6627.04,67,0,1,1760.6,2301.4,540.8,2,2,54.6,0.0,313.8,120.5,51.9,54.6
2026-09-19 18:57:12,mfsweep_shard0,SPT_SMPT,57,6627.04,68,0,1,1786.9,2403.9,617.0,2,2,64.0,0.1,349.6,118.2,85.2,64.0
2026-09-19 18:57:12,mfsweep_shard0,SPT_SMPT,57,6627.04,69,0,1,1813.1,2248.5,435.3,2,2,62.4,0.1,266.5,105.9,0.5,62.4
2026-09-19 18:57:12,mfsweep_shard0,SPT_SMPT,57,6627.04,70,0,1,1839.4,2486.0,646.6,2,2,60.5,0.1,333.4,163.3,62.0,87.8
2026-09-19 18:57:12,mfsweep_shard0,SPT_SMPT,57,6627.04,71,0,1,1865.7,6144.4,4278.7,2,2,84.7,0.9,733.8,242.5,3216.8,84.7
2026-09-19 18:57:12,mfsweep_shard0,SPT_SMPT,57,6627.04,72,0,1,1892.0,5663.1,3771.1,2,2,82.5,1.0,770.8,249.3,2667.5,82.5
2026-09-19 18:57:12,mfsweep_shard0,SPT_SMPT,57,6627.04,73,0,1,1918.3,2523.3,605.0,2,2,63.9,0.1,267.4,152.4,121.2,63.9
2026-09-19 18:57:12,mfsweep_shard0,SPT_SMPT,57,6627.04,74,0,1,1944.5,2928.7,984.2,2,2,75.2,0.1,305.6,152.4,450.9,75.2
2026-09-19 18:57:12,mfsweep_shard0,SPT_SMPT,57,6627.04,75,0,1,1970.8,2570.5,599.7,2,2,66.6,0.1,332.4,111.7,88.9,66.6
2026-09-19 18:57:12,mfsweep_shard0,SPT_SMPT,57,6627.04,76,0,1,1997.1,5936.1,3939.0,2,2,83.7,1.0,823.2,205.2,2825.9,83.7
2026-09-19 18:57:12,mfsweep_shard0,SPT_SMPT,57,6627.04,77,0,1,2023.4,2516.2,492.8,2,2,68.7,0.0,294.5,120.6,8.9,68.7
2026-09-19 18:57:12,mfsweep_shard0,SPT_SMPT,57,6627.04,78,0,1,2049.6,2610.4,560.8,2,2,62.3,0.0,296.9,106.9,94.7,62.3
2026-09-19 18:57:12,mfsweep_shard0,SPT_SMPT,57,6627.04,79,0,1,2075.9,2530.5,454.6,2,2,61.7,0.0,236.9,113.6,42.3,61.7
2026-09-19 18:57:12,mfsweep_shard0,SPT_SMPT,57,6627.04,80,0,1,2102.2,3236.4,1134.2,2,2,72.1,0.0,343.8,120.1,598.1,72.1
2026-09-19 18:57:12,mfsweep_shard0,SPT_SMPT,57,6627.04,81,0,1,2128.5,2622.2,493.7,2,2,62.2,0.0,281.8,116.8,32.8,62.2
2026-09-19 18:57:12,mfsweep_shard0,SPT_SMPT,57,6627.04,82,0,1,2154.7,3506.4,1351.6,2,2,72.8,0.3,390.3,187.5,700.7,72.8
2026-09-19 18:57:12,mfsweep_shard0,SPT_SMPT,57,6627.04,83,0,1,2181.0,5798.8,3617.8,2,2,83.2,0.8,642.4,207.4,2684.0,83.2
2026-09-19 18:57:12,mfsweep_shard0,SPT_SMPT,57,6627.04,84,0,1,2207.3,2761.2,553.9,2,2,66.7,0.0,273.8,115.7,97.6,66.7
2026-09-19 18:57:12,mfsweep_shard0,SPT_SMPT,57,6627.04,85,0,1,2233.6,2695.3,461.7,2,2,60.8,0.0,233.4,123.5,44.0,60.8
2026-09-19 18:57:12,mfsweep_shard0,SPT_SMPT,57,6627.04,86,0,1,2259.9,6627.0,4367.2,2,2,86.5,0.9,703.5,199.1,3352.3,111.5
2026-09-19 18:57:12,mfsweep_shard0,SPT_SMPT,57,6627.04,87,0,1,2286.1,3103.8,817.7,2,2,70.4,0.0,179.5,131.3,436.5,70.4
2026-09-19 18:57:12,mfsweep_shard0,SPT_SMPT,57,6627.04,88,0,1,2312.4,2835.4,522.9,2,2,56.5,0.0,276.6,112.9,76.9,56.5
2026-09-19 18:57:12,mfsweep_shard0,SPT_SMPT,57,6627.04,89,0,1,2338.7,2754.1,415.4,2,2,55.1,0.0,219.0,102.2,39.1,55.1
2026-09-19 18:57:12,mfsweep_shard0,SPT_SMPT,57,6627.04,90,0,1,2365.0,2921.6,556.6,2,2,57.2,0.0,302.9,111.0,85.4,57.2
2026-09-19 18:57:12,mfsweep_shard0,SPT_SMPT,57,6627.04,91,0,1,2391.2,3590.4,1199.1,2,2,74.3,0.4,407.5,156.5,560.4,74.3
2026-09-19 18:57:12,mfsweep_shard0,SPT_SMPT,57,6627.04,92,0,1,2417.5,4391.0,1973.5,2,2,79.7,1.0,678.7,227.1,987.1,79.7
2026-09-19 18:57:12,mfsweep_shard0,SPT_SMPT,57,6627.04,93,0,1,2443.8,2982.5,538.7,2,2,67.5,0.0,244.9,113.4,112.9,67.5
2026-09-19 18:57:12,mfsweep_shard0,SPT_SMPT,57,6627.04,94,0,1,2470.1,2886.5,416.5,2,2,55.6,0.0,242.9,112.8,5.1,55.6
2026-09-19 18:57:12,mfsweep_shard0,SPT_SMPT,57,6627.04,95,0,1,2496.4,2970.9,474.6,2,2,66.1,0.0,279.0,107.1,22.3,66.1
2026-09-19 18:57:12,mfsweep_shard0,SPT_SMPT,57,6627.04,96,0,1,2522.6,6497.7,3975.0,2,2,86.4,1.0,693.8,191.8,3002.1,86.4
2026-09-19 18:57:12,mfsweep_shard0,SPT_SMPT,57,6627.04,97,0,1,2548.9,3133.7,584.8,2,2,71.0,0.0,215.6,105.3,192.8,71.0
2026-09-19 18:57:12,mfsweep_shard0,SPT_SMPT,57,6627.04,98,0,1,2575.2,6355.1,3779.9,2,2,85.6,1.1,727.7,200.6,2764.9,85.6
2026-09-19 18:57:12,mfsweep_shard0,SPT_SMPT,57,6627.04,99,0,1,2601.5,5461.3,2859.8,2,2,82.0,1.1,766.7,187.6,1822.5,82.0
2026-09-19 18:57:12,mfsweep_shard0,SPT_SMPT,57,6627.04,100,0,1,2627.7,3110.9,483.2,2,2,53.9,0.0,263.8,119.4,46.0,53.9
2026-09-19 18:57:12,mfsweep_shard0,SPT_SMPT,57,6627.04,101,0,1,2654.0,5003.1,2349.1,2,2,77.3,1.2,791.1,192.0,1287.4,77.3
2026-09-19 18:57:12,mfsweep_shard0,SPT_SMPT,57,6627.04,102,0,1,2680.3,4941.3,2261.0,2,2,76.0,1.2,813.5,193.3,1176.9,76.0
2026-09-19 18:57:12,mfsweep_shard0,SPT_SMPT,57,6627.04,103,0,1,2706.6,4043.7,1337.1,2,2,71.3,0.9,763.7,189.9,311.4,71.3
2026-09-19 18:57:12,mfsweep_shard0,SPT_SMPT,57,6627.04,104,0,1,2732.9,3720.0,987.1,2,2,62.4,0.5,569.9,167.7,186.7,62.4
2026-09-19 18:57:12,mfsweep_shard0,SPT_SMPT,57,6627.04,105,0,1,2759.1,4879.8,2120.7,2,2,74.7,1.4,790.5,192.3,1061.8,74.7
2026-09-19 18:57:12,mfsweep_shard0,SPT_SMPT,57,6627.04,106,0,1,2785.4,3650.0,864.6,2,2,57.2,0.6,568.5,169.8,36.4,89.3
2026-09-19 18:57:12,mfsweep_shard0,SPT_SMPT,57,6627.04,107,0,1,2811.7,4126.2,1314.6,2,2,67.9,1.0,753.3,159.5,332.9,67.9
2026-09-19 18:57:12,mfsweep_shard0,SPT_SMPT,57,6627.04,108,0,1,2838.0,3513.4,675.5,2,2,68.5,0.0,489.5,117.5,0.0,68.5
2026-09-19 18:57:12,mfsweep_shard0,SPT_SMPT,57,6627.04,109,0,1,2864.2,6214.4,3350.1,2,2,85.0,0.9,993.7,158.8,2111.7,85.0
2026-09-19 18:57:12,mfsweep_shard0,SPT_SMPT,57,6627.04,110,0,1,2890.5,5595.7,2705.2,2,2,82.4,0.9,1000.8,156.5,1464.5,82.4
2026-09-19 18:57:12,mfsweep_shard0,SPT_SMPT,57,6627.04,111,0,1,2916.8,3677.2,760.4,2,2,62.2,0.0,545.0,126.2,27.0,62.2
2026-09-19 18:57:12,mfsweep_shard0,SPT_SMPT,57,6627.04,112,0,1,2943.1,4480.4,1537.3,2,2,70.1,1.0,981.5,178.1,306.7,70.1
2026-09-19 18:57:12,mfsweep_shard0,SPT_SMPT,57,6627.04,113,0,1,2969.3,4084.0,1114.7,2,2,59.4,0.6,803.5,109.9,98.5,102.1
2026-09-19 18:57:12,mfsweep_shard0,SPT_SMPT,57,6627.04,114,0,1,2995.6,5867.4,2871.8,2,2,83.7,1.1,982.7,162.0,1642.5,83.7
2026-09-19 18:57:12,mfsweep_shard0,SPT_SMPT,57,6627.04,115,0,1,3021.9,3941.7,919.8,2,2,82.3,0.0,647.5,132.3,46.7,93.2
2026-09-19 18:57:12,mfsweep_shard0,SPT_SMPT,57,6627.04,116,0,1,3048.2,3949.0,900.8,2,2,63.4,0.1,554.9,124.3,158.1,63.4
2026-09-19 18:57:12,mfsweep_shard0,SPT_SMPT,57,6627.04,117,0,1,3074.5,4765.5,1691.1,2,2,74.6,0.5,746.3,148.5,721.1,74.6
2026-09-19 18:57:12,mfsweep_shard0,SPT_SMPT,57,6627.04,118,0,1,3100.7,3956.2,855.4,2,2,73.6,0.0,468.1,131.3,182.4,73.6
2026-09-19 18:57:12,mfsweep_shard0,SPT_SMPT,57,6627.04,119,0,1,3127.0,3963.3,836.3,2,2,58.6,0.0,598.6,122.5,56.6,58.6
2026-09-19 18:57:12,mfsweep_shard0,SPT_SMPT,57,6627.04,120,0,1,3153.3,5067.3,1914.0,2,2,78.7,0.6,679.7,158.1,996.9,78.7
2026-09-19 18:57:12,mfsweep_shard0,SPT_SMPT,57,6627.04,121,0,1,3179.6,3970.5,790.9,2,2,71.3,0.0,533.5,113.4,72.6,71.3
2026-09-19 18:57:12,mfsweep_shard0,SPT_SMPT,57,6627.04,122,0,1,3205.8,5131.0,1925.2,2,2,79.2,0.6,951.8,158.1,735.4,79.2
2026-09-19 18:57:12,mfsweep_shard0,SPT_SMPT,57,6627.04,123,0,1,3232.1,4712.1,1480.0,2,2,71.0,0.6,946.7,149.8,311.9,71.0
2026-09-19 18:57:12,mfsweep_shard0,SPT_SMPT,57,6627.04,124,0,1,3258.4,4468.9,1210.5,2,2,53.6,0.6,965.7,160.7,28.3,55.2
2026-09-19 18:57:12,mfsweep_shard0,SPT_SMPT,57,6627.04,125,0,1,3284.7,4652.5,1367.8,2,2,64.2,0.6,945.6,174.8,182.5,64.2
2026-09-19 18:57:12,mfsweep_shard0,SPT_SMPT,57,6627.04,126,0,1,3311.0,4553.0,1242.0,2,2,54.2,0.6,955.3,196.4,35.4,54.2
2026-09-19 18:57:12,mfsweep_shard0,SPT_SMPT,57,6627.04,127,0,1,3337.2,6005.3,2668.1,2,2,84.2,0.7,993.6,104.7,1484.9,84.2
2026-09-19 18:57:12,mfsweep_shard0,SPT_SMPT,57,6627.04,128,0,1,3363.5,4420.4,1056.9,2,2,82.5,0.0,861.5,112.8,0.0,82.5
2026-09-19 18:57:12,mfsweep_shard0,SPT_SMPT,57,6627.04,129,0,1,3389.8,5328.0,1938.2,2,2,81.0,0.0,949.0,103.9,804.4,81.0
2026-09-19 18:57:12,mfsweep_shard0,SPT_SMPT,57,6627.04,130,0,1,3416.1,4616.2,1200.2,2,2,63.7,0.0,1019.2,103.9,13.4,63.7
2026-09-19 18:57:12,mfsweep_shard0,SPT_SMPT,57,6627.04,131,0,1,3442.3,4576.2,1133.9,2,2,55.5,0.0,933.2,109.3,35.8,55.5
2026-09-19 18:57:12,mfsweep_shard0,SPT_SMPT,57,6627.04,132,0,1,3468.6,5730.6,2262.0,2,2,82.5,0.0,908.4,104.1,1166.9,82.5
2026-09-19 18:57:12,mfsweep_shard0,SPT_SMPT,57,6627.04,133,0,1,3494.9,4590.7,1095.8,2,2,84.8,0.0,879.0,113.6,18.4,84.8
2026-09-19 18:57:12,mfsweep_shard0,SPT_SMPT,57,6627.04,134,0,1,3521.2,4637.6,1116.4,2,2,56.4,0.0,955.6,86.8,17.6,56.4
2026-09-19 18:57:12,mfsweep_shard0,SPT_SMPT,57,6627.04,135,0,1,3547.5,4820.6,1273.1,2,2,69.6,0.0,980.6,122.0,87.5,83.1
2026-09-19 18:57:12,mfsweep_shard0,SPT_SMPT,57,6627.04,136,0,1,3573.7,4667.0,1093.3,2,2,55.8,0.0,932.9,97.2,7.3,55.8
2026-09-19 19:03:08,mfsweep_shard0,SPT_SMPT,58,8137.56,0,0,1,0.0,434.2,434.2,2,2,74.6,0.0,106.3,138.0,56.3,133.6
2026-09-19 19:03:08,mfsweep_shard0,SPT_SMPT,58,8137.56,1,0,1,26.3,427.1,400.8,2,2,54.4,0.1,124.3,146.6,75.5,54.4
2026-09-19 19:03:08,mfsweep_shard0,SPT_SMPT,58,8137.56,2,0,1,52.6,288.0,235.5,2,2,62.6,0.0,47.2,125.6,0.0,62.6
2026-09-19 19:03:08,mfsweep_shard0,SPT_SMPT,58,8137.56,3,0,1,78.8,321.2,242.3,2,2,60.9,0.0,54.9,124.3,2.2,60.9
2026-09-19 19:03:08,mfsweep_shard0,SPT_SMPT,58,8137.56,4,0,1,105.1,4857.3,4752.2,2,2,77.8,3.4,227.9,219.3,4223.7,77.8
2026-09-19 19:03:08,mfsweep_shard0,SPT_SMPT,58,8137.56,5,0,1,131.4,1602.5,1471.1,2,2,75.9,0.0,29.2,190.1,1175.8,75.9
2026-09-19 19:03:08,mfsweep_shard0,SPT_SMPT,58,8137.56,6,0,1,157.7,3543.2,3385.6,2,2,83.0,3.5,179.1,239.5,2880.4,83.0
2026-09-19 19:03:08,mfsweep_shard0,SPT_SMPT,58,8137.56,7,0,1,183.9,532.1,348.1,2,2,56.4,0.0,70.9,124.5,96.2,56.4
2026-09-19 19:03:08,mfsweep_shard0,SPT_SMPT,58,8137.56,8,0,1,210.2,778.5,568.3,2,2,67.5,0.0,75.6,150.0,275.2,67.5
2026-09-19 19:03:08,mfsweep_shard0,SPT_SMPT,58,8137.56,9,0,1,236.5,504.2,267.7,2,2,54.5,0.0,56.0,153.2,4.0,54.5
2026-09-19 19:03:08,mfsweep_shard0,SPT_SMPT,58,8137.56,10,0,1,262.8,633.9,371.1,2,2,60.8,0.0,132.8,150.5,27.0,60.8
2026-09-19 19:03:08,mfsweep_shard0,SPT_SMPT,58,8137.56,11,0,1,289.1,908.2,619.1,2,2,70.2,0.0,54.1,149.5,345.3,70.2
2026-09-19 19:03:08,mfsweep_shard0,SPT_SMPT,58,8137.56,12,0,1,315.3,558.2,242.9,2,2,54.4,0.0,62.8,121.9,3.7,54.4
2026-09-19 19:03:08,mfsweep_shard0,SPT_SMPT,58,8137.56,13,0,1,341.6,655.3,313.7,2,2,60.1,0.0,115.8,135.5,2.3,60.1
2026-09-19 19:03:08,mfsweep_shard0,SPT_SMPT,58,8137.56,14,0,1,367.9,1706.7,1338.9,2,2,75.0,0.1,167.3,171.4,925.1,75.0
2026-09-19 19:03:08,mfsweep_shard0,SPT_SMPT,58,8137.56,15,0,1,394.2,1210.7,816.5,2,2,71.5,0.0,93.4,157.3,494.3,71.5
2026-09-19 19:03:08,mfsweep_shard0,SPT_SMPT,58,8137.56,16,0,1,420.4,712.4,292.0,2,2,60.8,0.0,64.5,145.3,21.3,60.8
2026-09-19 19:03:08,mfsweep_shard0,SPT_SMPT,58,8137.56,17,0,1,446.7,1714.0,1267.3,2,2,73.0,0.1,118.5,162.3,913.3,73.0
2026-09-19 19:03:08,mfsweep_shard0,SPT_SMPT,58,8137.56,18,0,1,473.0,6432.1,5959.1,2,2,80.3,3.7,543.7,227.9,5103.6,80.3
2026-09-19 19:03:08,mfsweep_shard0,SPT_SMPT,58,8137.56,19,0,1,499.3,801.4,302.2,2,2,53.8,0.0,79.0,119.1,50.3,53.8
2026-09-19 19:03:08,mfsweep_shard0,SPT_SMPT,58,8137.56,20,0,1,525.6,6299.4,5773.8,2,2,80.1,3.8,522.4,230.0,4937.4,80.1
2026-09-19 19:03:08,mfsweep_shard0,SPT_SMPT,58,8137.56,21,0,1,551.8,4972.8,4421.0,2,2,76.6,3.9,317.4,233.6,3789.5,76.6
2026-09-19 19:03:08,mfsweep_shard0,SPT_SMPT,58,8137.56,22,0,1,578.1,813.1,235.0,2,2,64.8,0.0,54.2,92.8,23.1,64.8
2026-09-19 19:03:08,mfsweep_shard0,SPT_SMPT,58,8137.56,23,0,1,604.4,1069.7,465.3,2,2,58.7,0.0,96.0,196.0,114.6,58.7
2026-09-19 19:03:08,mfsweep_shard0,SPT_SMPT,58,8137.56,24,0,1,630.7,5420.3,4789.6,2,2,85.1,4.1,405.2,329.9,3965.2,85.1
2026-09-19 19:03:08,mfsweep_shard0,SPT_SMPT,58,8137.56,25,0,1,656.9,1053.2,396.3,2,2,64.7,0.0,18.7,143.5,169.4,64.7
2026-09-19 19:03:08,mfsweep_shard0,SPT_SMPT,58,8137.56,26,0,1,683.2,948.9,265.6,2,2,56.6,0.0,44.5,138.9,25.6,56.6
2026-09-19 19:03:08,mfsweep_shard0,SPT_SMPT,58,8137.56,27,0,1,709.5,956.1,246.6,2,2,56.7,0.0,30.0,126.4,33.5,56.7
2026-09-19 19:03:08,mfsweep_shard0,SPT_SMPT,58,8137.56,28,0,1,735.8,6807.6,6071.8,2,2,81.5,4.3,593.5,342.6,5022.9,108.5
2026-09-19 19:03:08,mfsweep_shard0,SPT_SMPT,58,8137.56,29,0,1,762.0,2054.2,1292.1,2,2,73.5,0.4,220.4,197.8,800.1,73.5
2026-09-19 19:03:08,mfsweep_shard0,SPT_SMPT,58,8137.56,30,0,1,788.3,6365.0,5576.7,2,2,80.2,4.5,523.9,232.9,4735.3,80.2
2026-09-19 19:03:08,mfsweep_shard0,SPT_SMPT,58,8137.56,31,0,1,814.6,5978.1,5163.5,2,2,77.6,4.7,569.8,282.0,4229.4,77.6
2026-09-19 19:03:08,mfsweep_shard0,SPT_SMPT,58,8137.56,32,0,1,840.9,1093.5,252.7,2,2,71.2,0.0,48.0,119.8,13.6,71.2
2026-09-19 19:03:08,mfsweep_shard0,SPT_SMPT,58,8137.56,33,0,1,867.2,7647.9,6780.7,2,2,85.7,4.8,649.0,346.3,5694.9,85.7
2026-09-19 19:03:08,mfsweep_shard0,SPT_SMPT,58,8137.56,34,0,1,893.4,1217.8,324.3,2,2,66.0,0.0,87.2,164.3,6.8,66.0
2026-09-19 19:03:08,mfsweep_shard0,SPT_SMPT,58,8137.56,35,0,1,919.7,1320.6,400.8,2,2,71.8,0.0,84.2,136.2,108.6,71.8
2026-09-19 19:03:08,mfsweep_shard0,SPT_SMPT,58,8137.56,36,0,1,946.0,6656.1,5710.1,2,2,80.9,5.0,681.7,333.0,4600.5,89.8
2026-09-19 19:03:08,mfsweep_shard0,SPT_SMPT,58,8137.56,37,0,1,972.3,4980.0,4007.8,2,2,74.0,4.8,537.0,261.4,3130.6,74.0
2026-09-19 19:03:08,mfsweep_shard0,SPT_SMPT,58,8137.56,38,0,1,998.5,7002.5,6004.0,2,2,82.0,5.4,876.7,324.1,4715.8,82.0
2026-09-19 19:03:08,mfsweep_shard0,SPT_SMPT,58,8137.56,39,0,1,1024.8,4642.1,3617.3,2,2,72.6,4.8,500.6,228.0,2809.8,74.1
2026-09-19 19:03:08,mfsweep_shard0,SPT_SMPT,58,8137.56,40,0,1,1051.1,5442.3,4391.2,2,2,76.8,5.5,820.1,306.9,3182.0,76.8
2026-09-19 19:03:08,mfsweep_shard0,SPT_SMPT,58,8137.56,41,0,1,1077.4,1308.8,231.4,2,2,55.1,0.0,14.0,148.7,13.6,55.1
2026-09-19 19:03:08,mfsweep_shard0,SPT_SMPT,58,8137.56,42,0,1,1103.7,1411.7,308.0,2,2,61.1,0.0,48.6,198.1,0.2,61.1
2026-09-19 19:03:08,mfsweep_shard0,SPT_SMPT,58,8137.56,43,0,1,1129.9,1795.4,665.5,2,2,63.1,0.4,272.4,190.3,139.3,63.1
2026-09-19 19:03:08,mfsweep_shard0,SPT_SMPT,58,8137.56,44,0,1,1156.2,1442.7,286.5,2,2,56.2,0.0,79.7,138.3,12.2,56.2
2026-09-19 19:03:08,mfsweep_shard0,SPT_SMPT,58,8137.56,45,0,1,1182.5,1449.9,267.5,2,2,61.2,0.0,38.0,125.4,42.9,61.2
2026-09-19 19:03:08,mfsweep_shard0,SPT_SMPT,58,8137.56,46,0,1,1208.8,1835.5,626.7,2,2,56.9,0.4,246.5,196.3,88.6,94.9
2026-09-19 19:03:08,mfsweep_shard0,SPT_SMPT,58,8137.56,47,0,1,1235.0,2150.0,915.0,2,2,62.7,0.8,499.6,194.3,157.5,62.7
2026-09-19 19:03:08,mfsweep_shard0,SPT_SMPT,58,8137.56,48,0,1,1261.3,5075.5,3814.2,2,2,74.5,5.3,687.6,228.9,2817.8,74.5
2026-09-19 19:03:08,mfsweep_shard0,SPT_SMPT,58,8137.56,49,0,1,1287.6,2305.9,1018.3,2,2,65.6,0.8,447.7,188.3,315.8,65.6
2026-09-19 19:03:08,mfsweep_shard0,SPT_SMPT,58,8137.56,50,0,1,1313.9,1728.3,414.5,2,2,65.8,0.0,210.3,138.3,0.0,65.8
2026-09-19 19:03:08,mfsweep_shard0,SPT_SMPT,58,8137.56,51,0,1,1340.2,1882.0,541.9,2,2,60.5,0.0,331.7,136.1,13.5,60.5
2026-09-19 19:03:08,mfsweep_shard0,SPT_SMPT,58,8137.56,52,0,1,1366.4,2271.8,905.4,2,2,62.4,0.4,519.5,122.9,167.7,94.9
2026-09-19 19:03:08,mfsweep_shard0,SPT_SMPT,58,8137.56,53,0,1,1392.7,1867.4,474.7,2,2,84.5,0.0,257.3,126.6,6.2,84.5
2026-09-19 19:03:08,mfsweep_shard0,SPT_SMPT,58,8137.56,54,0,1,1419.0,5670.4,4251.4,2,2,74.9,5.5,965.7,200.5,2990.3,89.4
2026-09-19 19:03:08,mfsweep_shard0,SPT_SMPT,58,8137.56,55,0,1,1445.3,2035.2,590.0,2,2,73.6,0.0,393.8,122.5,0.0,73.6
2026-09-19 19:03:08,mfsweep_shard0,SPT_SMPT,58,8137.56,56,0,1,1471.5,2177.5,706.0,2,2,59.2,0.0,503.0,126.4,17.4,59.2
2026-09-19 19:03:08,mfsweep_shard0,SPT_SMPT,58,8137.56,57,0,1,1497.8,2047.0,549.2,2,2,77.6,0.0,301.0,118.3,52.2,77.6
2026-09-19 19:03:08,mfsweep_shard0,SPT_SMPT,58,8137.56,58,0,1,1524.1,2238.3,714.2,2,2,58.9,0.0,476.6,129.5,49.2,58.9
2026-09-19 19:03:08,mfsweep_shard0,SPT_SMPT,58,8137.56,59,0,1,1550.4,3159.1,1608.8,2,2,66.1,0.0,456.7,142.5,943.5,66.1
2026-09-19 19:03:08,mfsweep_shard0,SPT_SMPT,58,8137.56,60,0,1,1576.6,7994.7,6418.1,2,2,86.2,5.4,1008.0,319.1,4999.4,86.2
2026-09-19 19:03:08,mfsweep_shard0,SPT_SMPT,58,8137.56,61,0,1,1602.9,5092.8,3489.9,2,2,74.7,4.8,695.1,173.4,2541.9,74.7
2026-09-19 19:03:08,mfsweep_shard0,SPT_SMPT,58,8137.56,62,0,1,1629.2,3550.4,1921.2,2,2,71.9,4.6,476.6,130.2,1237.9,71.9
2026-09-19 19:03:08,mfsweep_shard0,SPT_SMPT,58,8137.56,63,0,1,1655.5,5853.2,4197.7,2,2,76.1,5.4,940.4,242.7,2933.1,76.1
2026-09-19 19:03:08,mfsweep_shard0,SPT_SMPT,58,8137.56,64,0,1,1681.8,6727.5,5045.7,2,2,81.4,5.7,1025.8,294.9,3637.9,81.4
2026-09-19 19:03:08,mfsweep_shard0,SPT_SMPT,58,8137.56,65,0,1,1708.0,6105.9,4397.8,2,2,79.2,5.7,965.3,138.0,3209.7,79.2
2026-09-19 19:03:08,mfsweep_shard0,SPT_SMPT,58,8137.56,66,0,1,1734.3,2461.8,727.4,2,2,61.1,0.0,408.9,119.1,138.3,61.1
2026-09-19 19:03:08,mfsweep_shard0,SPT_SMPT,58,8137.56,67,0,1,1760.6,2348.9,588.3,2,2,54.6,0.0,367.7,112.1,53.8,54.6
2026-09-19 19:03:08,mfsweep_shard0,SPT_SMPT,58,8137.56,68,0,1,1786.9,2993.8,1206.9,2,2,64.0,0.0,383.8,128.7,630.4,64.0
2026-09-19 19:03:08,mfsweep_shard0,SPT_SMPT,58,8137.56,69,0,1,1813.1,2489.6,676.5,2,2,62.4,0.0,365.3,108.2,140.6,62.4
2026-09-19 19:03:08,mfsweep_shard0,SPT_SMPT,58,8137.56,70,0,1,1839.4,2365.4,526.0,2,2,60.5,0.0,307.0,109.0,49.5,60.5
2026-09-19 19:03:08,mfsweep_shard0,SPT_SMPT,58,8137.56,71,0,1,1865.7,6614.2,4748.5,2,2,84.7,5.9,1014.2,181.2,3462.6,84.7
2026-09-19 19:03:08,mfsweep_shard0,SPT_SMPT,58,8137.56,72,0,1,1892.0,7137.2,5245.3,2,2,82.5,6.2,1082.2,192.0,3882.5,82.5
2026-09-19 19:03:08,mfsweep_shard0,SPT_SMPT,58,8137.56,73,0,1,1918.3,2971.6,1053.4,2,2,63.9,0.0,350.2,125.3,513.8,63.9
2026-09-19 19:03:08,mfsweep_shard0,SPT_SMPT,58,8137.56,74,0,1,1944.5,5731.0,3786.5,2,2,75.2,6.0,913.2,148.1,2643.9,75.2
2026-09-19 19:03:08,mfsweep_shard0,SPT_SMPT,58,8137.56,75,0,1,1970.8,3322.0,1351.2,2,2,66.6,0.0,311.6,106.9,866.1,66.6
2026-09-19 19:03:08,mfsweep_shard0,SPT_SMPT,58,8137.56,76,0,1,1997.1,7477.8,5480.7,2,2,83.7,6.5,1080.8,196.7,4113.0,83.7
2026-09-19 19:03:08,mfsweep_shard0,SPT_SMPT,58,8137.56,77,0,1,2023.4,4138.4,2115.1,2,2,68.7,5.0,418.4,97.2,1525.8,68.7
2026-09-19 19:03:08,mfsweep_shard0,SPT_SMPT,58,8137.56,78,0,1,2049.6,2847.2,797.6,2,2,62.3,0.0,316.3,122.5,296.5,62.3
2026-09-19 19:03:08,mfsweep_shard0,SPT_SMPT,58,8137.56,79,0,1,2075.9,2546.7,470.7,2,2,61.7,0.0,297.7,107.4,3.9,61.7
2026-09-19 19:03:08,mfsweep_shard0,SPT_SMPT,58,8137.56,80,0,1,2102.2,4585.0,2482.8,2,2,72.1,5.1,407.5,94.1,1904.1,72.1
2026-09-19 19:03:08,mfsweep_shard0,SPT_SMPT,58,8137.56,81,0,1,2128.5,2588.7,460.2,2,2,62.2,0.0,264.3,107.1,26.5,62.2
2026-09-19 19:03:08,mfsweep_shard0,SPT_SMPT,58,8137.56,82,0,1,2154.7,4700.4,2545.7,2,2,72.8,5.2,391.4,99.3,1977.0,72.8
2026-09-19 19:03:08,mfsweep_shard0,SPT_SMPT,58,8137.56,83,0,1,2181.0,7340.4,5159.4,2,2,83.2,6.8,1057.4,200.6,3811.4,83.2
2026-09-19 19:03:08,mfsweep_shard0,SPT_SMPT,58,8137.56,84,0,1,2207.3,3583.6,1376.3,2,2,66.7,5.3,335.0,116.7,847.4,71.9
2026-09-19 19:03:08,mfsweep_shard0,SPT_SMPT,58,8137.56,85,0,1,2233.6,2605.4,371.8,2,2,60.8,0.0,173.3,112.4,25.4,60.8
2026-09-19 19:03:08,mfsweep_shard0,SPT_SMPT,58,8137.56,86,0,1,2259.9,8137.6,5877.7,2,2,86.5,7.0,1091.1,242.6,4450.6,86.5
2026-09-19 19:03:08,mfsweep_shard0,SPT_SMPT,58,8137.56,87,0,1,2286.1,4302.9,2016.7,2,2,70.4,5.4,382.0,94.9,1464.1,70.4
2026-09-19 19:03:08,mfsweep_shard0,SPT_SMPT,58,8137.56,88,0,1,2312.4,2673.2,360.8,2,2,56.5,0.0,170.1,119.6,14.5,56.5
2026-09-19 19:03:08,mfsweep_shard0,SPT_SMPT,58,8137.56,89,0,1,2338.7,2727.5,388.8,2,2,55.1,0.0,198.8,102.4,32.4,55.1
2026-09-19 19:03:08,mfsweep_shard0,SPT_SMPT,58,8137.56,90,0,1,2365.0,2715.6,350.6,2,2,57.2,0.0,127.3,98.8,67.3,57.2
2026-09-19 19:03:08,mfsweep_shard0,SPT_SMPT,58,8137.56,91,0,1,2391.2,5553.3,3162.1,2,2,74.3,6.8,879.7,173.4,2001.6,100.5
2026-09-19 19:03:08,mfsweep_shard0,SPT_SMPT,58,8137.56,92,0,1,2417.5,6234.8,3817.2,2,2,79.7,6.9,845.6,145.3,2739.8,79.7
2026-09-19 19:03:08,mfsweep_shard0,SPT_SMPT,58,8137.56,93,0,1,2443.8,3636.6,1192.8,2,2,67.5,5.6,324.0,115.9,679.8,67.5
2026-09-19 19:03:08,mfsweep_shard0,SPT_SMPT,58,8137.56,94,0,1,2470.1,2840.1,370.0,2,2,55.6,0.0,148.8,138.3,27.2,55.6
2026-09-19 19:03:08,mfsweep_shard0,SPT_SMPT,58,8137.56,95,0,1,2496.4,3192.7,696.3,2,2,66.1,0.0,131.7,107.7,390.8,66.1
2026-09-19 19:03:08,mfsweep_shard0,SPT_SMPT,58,8137.56,96,0,1,2522.6,8066.1,5543.5,2,2,86.4,7.6,1090.6,244.7,4114.2,86.4
2026-09-19 19:03:08,mfsweep_shard0,SPT_SMPT,58,8137.56,97,0,1,2548.9,4359.4,1810.4,2,2,71.0,5.7,268.2,91.7,1373.9,71.0
2026-09-19 19:03:08,mfsweep_shard0,SPT_SMPT,58,8137.56,98,0,1,2575.2,7923.5,5348.4,2,2,85.6,7.8,1148.8,276.9,3829.3,85.6
2026-09-19 19:03:08,mfsweep_shard0,SPT_SMPT,58,8137.56,99,0,1,2601.5,6869.6,4268.2,2,2,82.0,7.9,1033.0,201.1,2944.2,82.0
2026-09-19 19:03:08,mfsweep_shard0,SPT_SMPT,58,8137.56,100,0,1,2627.7,2854.5,226.7,2,2,53.9,0.0,26.9,124.3,21.6,53.9
2026-09-19 19:03:08,mfsweep_shard0,SPT_SMPT,58,8137.56,101,0,1,2654.0,5915.0,3260.9,2,2,77.3,7.0,761.4,196.3,2218.8,77.3
2026-09-19 19:03:08,mfsweep_shard0,SPT_SMPT,58,8137.56,102,0,1,2680.3,5791.5,3111.2,2,2,76.0,7.6,869.0,165.0,1993.6,76.0
2026-09-19 19:03:08,mfsweep_shard0,SPT_SMPT,58,8137.56,103,0,1,2706.6,4471.6,1765.0,2,2,71.3,6.0,313.8,109.4,1264.5,71.3
2026-09-19 19:03:08,mfsweep_shard0,SPT_SMPT,58,8137.56,104,0,1,2732.9,3048.2,315.4,2,2,62.4,0.0,73.7,166.1,13.1,62.4
2026-09-19 19:03:08,mfsweep_shard0,SPT_SMPT,58,8137.56,105,0,1,2759.1,5588.2,2829.0,2,2,74.7,7.8,1013.9,189.5,1543.1,74.7
2026-09-19 19:03:08,mfsweep_shard0,SPT_SMPT,58,8137.56,106,0,1,2785.4,3104.9,319.5,2,2,57.2,0.0,95.1,149.0,18.1,57.2
2026-09-19 19:03:08,mfsweep_shard0,SPT_SMPT,58,8137.56,107,0,1,2811.7,3677.4,865.7,2,2,67.9,6.1,313.1,147.9,330.7,67.9
2026-09-19 19:03:08,mfsweep_shard0,SPT_SMPT,58,8137.56,108,0,1,2838.0,4084.3,1246.3,2,2,68.5,6.2,303.5,115.7,752.4,68.5
2026-09-19 19:03:08,mfsweep_shard0,SPT_SMPT,58,8137.56,109,0,1,2864.2,7853.0,4988.7,2,2,85.0,8.7,1249.2,241.8,3404.0,85.0
2026-09-19 19:03:08,mfsweep_shard0,SPT_SMPT,58,8137.56,110,0,1,2890.5,5270.0,2379.5,2,2,82.4,7.0,675.0,195.9,1419.3,82.4
2026-09-19 19:03:08,mfsweep_shard0,SPT_SMPT,58,8137.56,111,0,1,2916.8,3283.8,367.0,2,2,62.2,0.0,83.2,156.3,65.3,62.2
2026-09-19 19:03:08,mfsweep_shard0,SPT_SMPT,58,8137.56,112,0,1,2943.1,4248.0,1305.0,2,2,70.1,6.3,300.3,104.7,823.6,70.1
2026-09-19 19:03:08,mfsweep_shard0,SPT_SMPT,58,8137.56,113,0,1,2969.3,3219.6,250.2,2,2,59.4,0.0,55.2,116.8,18.7,59.4
2026-09-19 19:03:08,mfsweep_shard0,SPT_SMPT,58,8137.56,114,0,1,2995.6,7409.1,4413.4,2,2,83.7,8.3,1172.5,313.2,2820.8,98.7
2026-09-19 19:03:08,mfsweep_shard0,SPT_SMPT,58,8137.56,115,0,1,3021.9,7069.8,4047.9,2,2,82.3,8.5,1117.7,250.2,2589.3,82.3
2026-09-19 19:03:08,mfsweep_shard0,SPT_SMPT,58,8137.56,116,0,1,3048.2,3498.2,450.0,2,2,63.4,0.0,93.3,254.7,38.7,63.4
2026-09-19 19:03:08,mfsweep_shard0,SPT_SMPT,58,8137.56,117,0,1,3074.5,5247.6,2173.1,2,2,74.6,7.3,630.8,160.0,1300.4,74.6
2026-09-19 19:03:08,mfsweep_shard0,SPT_SMPT,58,8137.56,118,0,1,3100.7,5617.4,2516.7,2,2,73.6,6.5,1048.7,240.5,1113.7,107.2
2026-09-19 19:03:08,mfsweep_shard0,SPT_SMPT,58,8137.56,119,0,1,3127.0,3817.3,690.2,2,2,58.6,5.5,381.2,113.3,131.6,58.6
2026-09-19 19:03:08,mfsweep_shard0,SPT_SMPT,58,8137.56,120,0,1,3153.3,6041.2,2888.0,2,2,78.7,8.7,1157.3,145.8,1497.4,78.7
2026-09-19 19:03:08,mfsweep_shard0,SPT_SMPT,58,8137.56,121,0,1,3179.6,4527.4,1347.9,2,2,71.3,5.6,323.2,113.9,821.6,83.5
2026-09-19 19:03:08,mfsweep_shard0,SPT_SMPT,58,8137.56,122,0,1,3205.8,6169.6,2963.8,2,2,79.2,8.9,1057.2,160.7,1657.8,79.2
2026-09-19 19:03:08,mfsweep_shard0,SPT_SMPT,58,8137.56,123,0,1,3232.1,4414.9,1182.8,2,2,71.0,4.6,312.4,104.0,690.7,71.0
2026-09-19 19:03:08,mfsweep_shard0,SPT_SMPT,58,8137.56,124,0,1,3258.4,3762.8,504.4,2,2,53.6,0.0,309.6,121.7,19.6,53.6
2026-09-19 19:03:08,mfsweep_shard0,SPT_SMPT,58,8137.56,125,0,1,3284.7,4031.3,746.6,2,2,64.2,0.0,327.1,96.5,258.7,64.2
2026-09-19 19:03:08,mfsweep_shard0,SPT_SMPT,58,8137.56,126,0,1,3311.0,3805.6,494.7,2,2,54.2,0.0,169.2,235.5,35.7,54.2
2026-09-19 19:03:08,mfsweep_shard0,SPT_SMPT,58,8137.56,127,0,1,3337.2,7783.0,4445.7,2,2,84.2,3.0,1258.9,349.5,2711.4,122.9
2026-09-19 19:03:08,mfsweep_shard0,SPT_SMPT,58,8137.56,128,0,1,3363.5,7272.3,3908.8,2,2,82.5,3.0,1348.2,211.4,2263.6,82.5
2026-09-19 19:03:08,mfsweep_shard0,SPT_SMPT,58,8137.56,129,0,1,3389.8,6935.6,3545.8,2,2,81.0,3.1,1348.6,215.3,1897.9,81.0
2026-09-19 19:03:08,mfsweep_shard0,SPT_SMPT,58,8137.56,130,0,1,3416.1,3858.0,441.9,2,2,63.7,0.0,241.7,110.5,25.9,63.7
2026-09-19 19:03:08,mfsweep_shard0,SPT_SMPT,58,8137.56,131,0,1,3442.3,3905.1,462.8,2,2,55.5,0.0,254.5,92.6,60.2,55.5
2026-09-19 19:03:08,mfsweep_shard0,SPT_SMPT,58,8137.56,132,0,1,3468.6,7204.7,3736.1,2,2,82.5,3.2,1328.5,195.7,2126.2,82.5
2026-09-19 19:03:08,mfsweep_shard0,SPT_SMPT,58,8137.56,133,0,1,3494.9,7713.8,4218.9,2,2,84.8,3.4,1432.0,219.5,2479.1,84.8
2026-09-19 19:03:08,mfsweep_shard0,SPT_SMPT,58,8137.56,134,0,1,3521.2,3941.3,420.1,2,2,56.4,0.0,217.3,97.0,49.4,56.4
2026-09-19 19:03:08,mfsweep_shard0,SPT_SMPT,58,8137.56,135,0,1,3547.5,4192.5,645.0,2,2,69.6,0.0,167.2,103.2,305.0,69.6
2026-09-19 19:03:08,mfsweep_shard0,SPT_SMPT,58,8137.56,136,0,1,3573.7,3981.6,407.8,2,2,55.8,0.0,174.2,86.8,90.9,55.8
2026-09-19 19:07:30,mfsweep_shard0,SPT_SMPT,59,5924.42,0,0,1,0.0,185.9,185.9,2,2,74.6,0.0,43.0,68.2,0.0,74.6
2026-09-19 19:07:30,mfsweep_shard0,SPT_SMPT,59,5924.42,1,0,1,26.3,201.9,175.7,2,2,54.4,0.0,48.7,72.6,0.0,54.4
2026-09-19 19:07:30,mfsweep_shard0,SPT_SMPT,59,5924.42,2,0,1,52.6,344.3,291.7,2,2,62.6,0.0,93.6,114.4,21.0,62.6
2026-09-19 19:07:30,mfsweep_shard0,SPT_SMPT,59,5924.42,3,0,1,78.8,351.4,272.5,2,2,60.9,0.0,78.9,104.0,28.7,60.9
2026-09-19 19:07:30,mfsweep_shard0,SPT_SMPT,59,5924.42,4,0,1,105.1,395.1,290.0,2,2,77.8,0.0,53.6,113.1,45.4,77.8
2026-09-19 19:07:30,mfsweep_shard0,SPT_SMPT,59,5924.42,5,0,1,131.4,941.8,810.4,2,2,75.9,0.0,142.7,138.2,453.6,75.9
2026-09-19 19:07:30,mfsweep_shard0,SPT_SMPT,59,5924.42,6,0,1,157.7,1002.8,845.1,2,2,83.0,0.1,133.8,126.5,501.8,83.0
2026-09-19 19:07:30,mfsweep_shard0,SPT_SMPT,59,5924.42,7,0,1,183.9,477.4,293.5,2,2,56.4,0.0,82.4,138.1,16.6,56.4
2026-09-19 19:07:30,mfsweep_shard0,SPT_SMPT,59,5924.42,8,0,1,210.2,588.2,378.0,2,2,67.5,0.0,25.3,129.2,155.9,67.5
2026-09-19 19:07:30,mfsweep_shard0,SPT_SMPT,59,5924.42,9,0,1,236.5,484.7,248.2,2,2,54.5,0.0,56.3,134.4,2.9,54.5
2026-09-19 19:07:30,mfsweep_shard0,SPT_SMPT,59,5924.42,10,0,1,262.8,491.8,229.0,2,2,60.8,0.0,7.2,151.5,9.5,60.8
2026-09-19 19:07:30,mfsweep_shard0,SPT_SMPT,59,5924.42,11,0,1,289.1,755.9,466.8,2,2,70.2,0.0,40.2,152.4,204.0,70.2
2026-09-19 19:07:30,mfsweep_shard0,SPT_SMPT,59,5924.42,12,0,1,315.3,576.6,261.2,2,2,54.4,0.0,66.1,139.4,1.3,54.4
2026-09-19 19:07:30,mfsweep_shard0,SPT_SMPT,59,5924.42,13,0,1,341.6,684.0,342.4,2,2,60.1,0.0,85.2,184.3,12.7,60.1
2026-09-19 19:07:30,mfsweep_shard0,SPT_SMPT,59,5924.42,14,0,1,367.9,1414.0,1046.1,2,2,75.0,0.1,179.8,194.4,573.8,98.0
2026-09-19 19:07:30,mfsweep_shard0,SPT_SMPT,59,5924.42,15,0,1,394.2,991.2,597.1,2,2,71.5,0.1,183.7,136.5,205.3,71.5
2026-09-19 19:07:30,mfsweep_shard0,SPT_SMPT,59,5924.42,16,0,1,420.4,691.2,270.8,2,2,60.8,0.0,67.7,132.1,10.1,60.8
2026-09-19 19:07:30,mfsweep_shard0,SPT_SMPT,59,5924.42,17,0,1,446.7,1057.6,610.9,2,2,73.0,0.1,123.5,143.2,271.1,73.0
2026-09-19 19:07:30,mfsweep_shard0,SPT_SMPT,59,5924.42,18,0,1,473.0,3022.9,2549.9,2,2,80.3,0.2,369.8,199.2,1872.6,108.1
2026-09-19 19:07:30,mfsweep_shard0,SPT_SMPT,59,5924.42,19,0,1,499.3,1102.5,603.2,2,2,53.8,0.2,234.3,169.8,91.7,107.2
2026-09-19 19:07:30,mfsweep_shard0,SPT_SMPT,59,5924.42,20,0,1,525.6,949.1,423.5,2,2,80.1,0.2,115.3,145.3,82.6,80.1
2026-09-19 19:07:30,mfsweep_shard0,SPT_SMPT,59,5924.42,21,0,1,551.8,1243.8,692.0,2,2,76.6,0.2,195.3,224.7,191.9,79.8
2026-09-19 19:07:30,mfsweep_shard0,SPT_SMPT,59,5924.42,22,0,1,578.1,1201.3,623.2,2,2,64.8,0.4,282.9,171.8,103.3,64.8
2026-09-19 19:07:30,mfsweep_shard0,SPT_SMPT,59,5924.42,23,0,1,604.4,854.9,250.5,2,2,58.7,0.0,45.5,146.3,0.0,58.7
2026-09-19 19:07:30,mfsweep_shard0,SPT_SMPT,59,5924.42,24,0,1,630.7,3566.4,2935.7,2,2,85.1,0.2,288.4,272.0,2290.0,85.1
2026-09-19 19:07:30,mfsweep_shard0,SPT_SMPT,59,5924.42,25,0,1,656.9,1316.9,660.0,2,2,64.7,0.2,285.4,166.1,143.6,64.7
2026-09-19 19:07:30,mfsweep_shard0,SPT_SMPT,59,5924.42,26,0,1,683.2,1232.1,548.9,2,2,56.6,0.1,269.7,148.8,73.7,56.6
2026-09-19 19:07:30,mfsweep_shard0,SPT_SMPT,59,5924.42,27,0,1,709.5,1265.9,556.4,2,2,56.7,0.2,242.5,172.0,85.0,56.7
2026-09-19 19:07:30,mfsweep_shard0,SPT_SMPT,59,5924.42,28,0,1,735.8,3226.9,2491.1,2,2,81.5,0.3,409.1,185.4,1814.8,81.5
2026-09-19 19:07:30,mfsweep_shard0,SPT_SMPT,59,5924.42,29,0,1,762.0,1372.5,610.4,2,2,73.5,0.0,275.3,112.7,148.9,73.5
2026-09-19 19:07:30,mfsweep_shard0,SPT_SMPT,59,5924.42,30,0,1,788.3,1561.8,773.5,2,2,80.2,0.0,304.1,105.7,283.4,80.2
2026-09-19 19:07:30,mfsweep_shard0,SPT_SMPT,59,5924.42,31,0,1,814.6,1507.1,692.5,2,2,77.6,0.0,257.9,107.8,249.2,77.6
2026-09-19 19:07:30,mfsweep_shard0,SPT_SMPT,59,5924.42,32,0,1,840.9,1300.3,459.4,2,2,71.2,0.0,226.2,102.7,59.2,71.2
2026-09-19 19:07:30,mfsweep_shard0,SPT_SMPT,59,5924.42,33,0,1,867.2,3652.7,2785.6,2,2,85.7,0.1,260.4,160.7,2278.7,85.7
2026-09-19 19:07:30,mfsweep_shard0,SPT_SMPT,59,5924.42,34,0,1,893.4,1350.3,456.9,2,2,66.0,0.0,269.1,102.7,19.0,66.0
2026-09-19 19:07:30,mfsweep_shard0,SPT_SMPT,59,5924.42,35,0,1,919.7,1391.8,472.1,2,2,71.8,0.0,243.8,104.0,52.5,71.8
2026-09-19 19:07:30,mfsweep_shard0,SPT_SMPT,59,5924.42,36,0,1,946.0,3094.3,2148.3,2,2,80.9,0.1,301.2,155.0,1611.0,80.9
2026-09-19 19:07:30,mfsweep_shard0,SPT_SMPT,59,5924.42,37,0,1,972.3,1488.2,515.9,2,2,74.0,0.1,222.6,110.8,108.5,74.0
2026-09-19 19:07:30,mfsweep_shard0,SPT_SMPT,59,5924.42,38,0,1,998.5,3311.7,2313.1,2,2,82.0,0.2,284.6,162.3,1784.0,82.0
2026-09-19 19:07:30,mfsweep_shard0,SPT_SMPT,59,5924.42,39,0,1,1024.8,1480.9,456.1,2,2,72.6,0.1,198.4,108.7,76.3,72.6
2026-09-19 19:07:30,mfsweep_shard0,SPT_SMPT,59,5924.42,40,0,1,1051.1,2184.9,1133.8,2,2,76.8,0.3,245.3,175.3,636.1,76.8
2026-09-19 19:07:30,mfsweep_shard0,SPT_SMPT,59,5924.42,41,0,1,1077.4,1576.5,499.1,2,2,55.1,0.2,290.2,117.5,36.1,55.1
2026-09-19 19:07:30,mfsweep_shard0,SPT_SMPT,59,5924.42,42,0,1,1103.7,1646.6,542.9,2,2,61.1,0.0,251.5,93.9,136.5,61.1
2026-09-19 19:07:30,mfsweep_shard0,SPT_SMPT,59,5924.42,43,0,1,1129.9,2059.1,929.2,2,2,63.1,0.0,285.2,119.3,461.6,63.1
2026-09-19 19:07:30,mfsweep_shard0,SPT_SMPT,59,5924.42,44,0,1,1156.2,1616.9,460.7,2,2,56.2,0.0,255.8,104.8,43.9,56.2
2026-09-19 19:07:30,mfsweep_shard0,SPT_SMPT,59,5924.42,45,0,1,1182.5,1749.8,567.3,2,2,61.2,0.0,239.7,114.4,152.0,61.2
2026-09-19 19:07:30,mfsweep_shard0,SPT_SMPT,59,5924.42,46,0,1,1208.8,1639.4,430.6,2,2,56.9,0.0,199.2,102.7,71.8,56.9
2026-09-19 19:07:30,mfsweep_shard0,SPT_SMPT,59,5924.42,47,0,1,1235.0,1841.7,606.7,2,2,62.7,0.0,172.8,118.1,253.0,62.7
2026-09-19 19:07:30,mfsweep_shard0,SPT_SMPT,59,5924.42,48,0,1,1261.3,2657.6,1396.3,2,2,74.5,0.2,347.2,169.6,804.9,74.5
2026-09-19 19:07:30,mfsweep_shard0,SPT_SMPT,59,5924.42,49,0,1,1287.6,2221.0,933.4,2,2,65.6,0.2,357.4,209.1,301.1,65.6
2026-09-19 19:07:30,mfsweep_shard0,SPT_SMPT,59,5924.42,50,0,1,1313.9,2306.3,992.4,2,2,65.8,0.2,341.0,172.9,412.5,65.8
2026-09-19 19:07:30,mfsweep_shard0,SPT_SMPT,59,5924.42,51,0,1,1340.2,1779.9,439.8,2,2,60.5,0.0,218.4,116.7,44.1,60.5
2026-09-19 19:07:30,mfsweep_shard0,SPT_SMPT,59,5924.42,52,0,1,1366.4,1830.0,463.6,2,2,62.4,0.1,258.8,91.3,51.0,62.4
2026-09-19 19:07:30,mfsweep_shard0,SPT_SMPT,59,5924.42,53,0,1,1392.7,3448.0,2055.3,2,2,84.5,0.3,311.5,150.6,1508.5,84.5
2026-09-19 19:07:30,mfsweep_shard0,SPT_SMPT,59,5924.42,54,0,1,1419.0,2780.3,1361.3,2,2,74.9,0.3,411.3,236.7,638.1,74.9
2026-09-19 19:07:30,mfsweep_shard0,SPT_SMPT,59,5924.42,55,0,1,1445.3,2602.5,1157.2,2,2,73.6,0.4,455.8,163.8,463.5,73.6
2026-09-19 19:07:30,mfsweep_shard0,SPT_SMPT,59,5924.42,56,0,1,1471.5,1914.6,443.0,2,2,59.2,0.0,230.1,117.0,36.6,59.2
2026-09-19 19:07:30,mfsweep_shard0,SPT_SMPT,59,5924.42,57,0,1,1497.8,2905.2,1407.4,2,2,77.6,0.3,347.6,151.6,830.2,77.6
2026-09-19 19:07:30,mfsweep_shard0,SPT_SMPT,59,5924.42,58,0,1,1524.1,1971.4,447.3,2,2,58.9,0.1,212.1,120.9,55.3,58.9
2026-09-19 19:07:30,mfsweep_shard0,SPT_SMPT,59,5924.42,59,0,1,1550.4,2392.4,842.0,2,2,66.1,0.3,264.7,158.1,352.8,66.1
2026-09-19 19:07:30,mfsweep_shard0,SPT_SMPT,59,5924.42,60,0,1,1576.6,3710.8,2134.2,2,2,86.2,0.3,252.0,150.9,1644.7,86.2
2026-09-19 19:07:30,mfsweep_shard0,SPT_SMPT,59,5924.42,61,0,1,1602.9,2721.9,1118.9,2,2,74.7,0.4,287.8,150.3,605.7,74.7
2026-09-19 19:07:30,mfsweep_shard0,SPT_SMPT,59,5924.42,62,0,1,1629.2,2537.0,907.8,2,2,71.9,0.4,320.3,156.0,359.1,71.9
2026-09-19 19:07:30,mfsweep_shard0,SPT_SMPT,59,5924.42,63,0,1,1655.5,2840.8,1185.3,2,2,76.1,0.4,315.4,155.5,637.8,76.1
2026-09-19 19:07:30,mfsweep_shard0,SPT_SMPT,59,5924.42,64,0,1,1681.8,3165.3,1483.5,2,2,81.4,0.4,309.5,160.7,931.5,81.4
2026-09-19 19:07:30,mfsweep_shard0,SPT_SMPT,59,5924.42,65,0,1,1708.0,2964.9,1256.9,2,2,79.2,0.4,342.4,168.8,666.1,79.2
2026-09-19 19:07:30,mfsweep_shard0,SPT_SMPT,59,5924.42,66,0,1,1734.3,2322.8,588.5,2,2,61.1,0.4,296.0,171.4,51.9,68.8
2026-09-19 19:07:30,mfsweep_shard0,SPT_SMPT,59,5924.42,67,0,1,1760.6,2207.0,446.4,2,2,54.6,0.0,189.9,173.7,28.2,54.6
2026-09-19 19:07:30,mfsweep_shard0,SPT_SMPT,59,5924.42,68,0,1,1786.9,2240.0,453.2,2,2,64.0,0.0,283.2,98.0,7.9,64.0
2026-09-19 19:07:30,mfsweep_shard0,SPT_SMPT,59,5924.42,69,0,1,1813.1,2228.3,415.1,2,2,62.4,0.0,214.6,122.4,15.7,62.4
2026-09-19 19:07:30,mfsweep_shard0,SPT_SMPT,59,5924.42,70,0,1,1839.4,2442.7,603.3,2,2,60.5,0.0,374.5,120.8,47.4,60.5
2026-09-19 19:07:30,mfsweep_shard0,SPT_SMPT,59,5924.42,71,0,1,1865.7,3510.8,1645.1,2,2,84.7,0.0,305.9,133.8,1120.7,84.7
2026-09-19 19:07:30,mfsweep_shard0,SPT_SMPT,59,5924.42,72,0,1,1892.0,3361.4,1469.4,2,2,82.5,0.0,285.7,126.3,975.0,82.5
2026-09-19 19:07:30,mfsweep_shard0,SPT_SMPT,59,5924.42,73,0,1,1918.3,2484.5,566.3,2,2,63.9,0.0,334.2,98.7,69.4,63.9
2026-09-19 19:07:30,mfsweep_shard0,SPT_SMPT,59,5924.42,74,0,1,1944.5,4520.6,2576.0,2,2,75.2,0.0,342.1,97.5,2061.2,75.2
2026-09-19 19:07:30,mfsweep_shard0,SPT_SMPT,59,5924.42,75,0,1,1970.8,2467.0,496.2,2,2,66.6,0.0,324.0,105.6,0.0,66.6
2026-09-19 19:07:30,mfsweep_shard0,SPT_SMPT,59,5924.42,76,0,1,1997.1,5444.1,3447.0,2,2,83.7,0.0,342.5,96.2,2924.5,83.7
2026-09-19 19:07:30,mfsweep_shard0,SPT_SMPT,59,5924.42,77,0,1,2023.4,2504.1,480.7,2,2,68.7,0.0,258.6,115.7,37.7,68.7
2026-09-19 19:07:30,mfsweep_shard0,SPT_SMPT,59,5924.42,78,0,1,2049.6,2674.2,624.6,2,2,62.3,0.0,252.8,111.1,198.4,62.3
2026-09-19 19:07:30,mfsweep_shard0,SPT_SMPT,59,5924.42,79,0,1,2075.9,2590.8,514.9,2,2,61.7,0.0,286.1,119.3,47.8,61.7
2026-09-19 19:07:30,mfsweep_shard0,SPT_SMPT,59,5924.42,80,0,1,2102.2,4165.4,2063.2,2,2,72.1,0.0,286.9,94.9,1609.3,72.1
2026-09-19 19:07:30,mfsweep_shard0,SPT_SMPT,59,5924.42,81,0,1,2128.5,2621.8,493.3,2,2,62.2,0.0,221.3,113.1,96.6,62.2
2026-09-19 19:07:30,mfsweep_shard0,SPT_SMPT,59,5924.42,82,0,1,2154.7,4222.8,2068.0,2,2,72.8,0.0,219.1,93.9,1682.2,72.8
2026-09-19 19:07:30,mfsweep_shard0,SPT_SMPT,59,5924.42,83,0,1,2181.0,5306.7,3125.7,2,2,83.2,0.0,211.2,102.2,2729.1,83.2
2026-09-19 19:07:30,mfsweep_shard0,SPT_SMPT,59,5924.42,84,0,1,2207.3,2852.6,645.3,2,2,66.7,0.0,200.8,111.6,266.2,66.7
2026-09-19 19:07:30,mfsweep_shard0,SPT_SMPT,59,5924.42,85,0,1,2233.6,2681.4,447.8,2,2,60.8,0.0,254.0,112.8,20.1,60.8
2026-09-19 19:07:30,mfsweep_shard0,SPT_SMPT,59,5924.42,86,0,1,2259.9,5642.7,3382.8,2,2,86.5,0.0,297.4,118.9,2880.1,86.5
2026-09-19 19:07:30,mfsweep_shard0,SPT_SMPT,59,5924.42,87,0,1,2286.1,3318.9,1032.8,2,2,70.4,0.0,296.7,106.1,559.6,70.4
2026-09-19 19:07:30,mfsweep_shard0,SPT_SMPT,59,5924.42,88,0,1,2312.4,2756.5,444.1,2,2,56.5,0.0,250.4,108.4,28.7,56.5
2026-09-19 19:07:30,mfsweep_shard0,SPT_SMPT,59,5924.42,89,0,1,2338.7,2787.3,448.6,2,2,55.1,0.0,238.5,101.9,53.0,55.1
2026-09-19 19:07:30,mfsweep_shard0,SPT_SMPT,59,5924.42,90,0,1,2365.0,2798.9,434.0,2,2,57.2,0.0,236.6,109.0,31.2,57.2
2026-09-19 19:07:30,mfsweep_shard0,SPT_SMPT,59,5924.42,91,0,1,2391.2,4340.6,1949.4,2,2,74.3,0.0,181.5,94.4,1599.2,74.3
2026-09-19 19:07:30,mfsweep_shard0,SPT_SMPT,59,5924.42,92,0,1,2417.5,4836.0,2418.4,2,2,79.7,0.0,206.6,100.4,2031.8,79.7
2026-09-19 19:07:30,mfsweep_shard0,SPT_SMPT,59,5924.42,93,0,1,2443.8,3051.4,607.6,2,2,67.5,0.0,299.3,103.2,137.5,67.5
2026-09-19 19:07:30,mfsweep_shard0,SPT_SMPT,59,5924.42,94,0,1,2470.1,2947.4,477.3,2,2,55.6,0.0,258.6,121.4,41.7,55.6
2026-09-19 19:07:30,mfsweep_shard0,SPT_SMPT,59,5924.42,95,0,1,2496.4,2994.5,498.2,2,2,66.1,0.0,285.2,110.5,36.3,66.1
2026-09-19 19:07:30,mfsweep_shard0,SPT_SMPT,59,5924.42,96,0,1,2522.6,5924.4,3401.8,2,2,86.4,0.0,245.2,125.4,2944.8,86.4
2026-09-19 19:07:30,mfsweep_shard0,SPT_SMPT,59,5924.42,97,0,1,2548.9,3578.2,1029.3,2,2,71.0,0.0,187.7,109.0,661.6,71.0
2026-09-19 19:07:30,mfsweep_shard0,SPT_SMPT,59,5924.42,98,0,1,2575.2,5853.0,3277.8,2,2,85.6,0.1,304.3,113.9,2774.0,85.6
2026-09-19 19:07:30,mfsweep_shard0,SPT_SMPT,59,5924.42,99,0,1,2601.5,4968.9,2367.4,2,2,82.0,0.1,236.5,86.3,1962.5,82.0
2026-09-19 19:07:30,mfsweep_shard0,SPT_SMPT,59,5924.42,100,0,1,2627.7,3080.5,452.7,2,2,53.9,0.1,232.9,107.1,58.7,53.9
2026-09-19 19:07:30,mfsweep_shard0,SPT_SMPT,59,5924.42,101,0,1,2654.0,4643.9,1989.9,2,2,77.3,0.1,200.5,93.3,1618.6,77.3
2026-09-19 19:07:30,mfsweep_shard0,SPT_SMPT,59,5924.42,102,0,1,2680.3,4581.1,1900.8,2,2,76.0,0.1,192.6,86.8,1545.2,76.0
2026-09-19 19:07:30,mfsweep_shard0,SPT_SMPT,59,5924.42,103,0,1,2706.6,4052.1,1345.5,2,2,71.3,0.1,221.7,93.1,959.4,71.3
2026-09-19 19:07:30,mfsweep_shard0,SPT_SMPT,59,5924.42,104,0,1,2732.9,3130.0,397.2,2,2,62.4,0.1,182.3,93.6,58.7,62.4
2026-09-19 19:07:30,mfsweep_shard0,SPT_SMPT,59,5924.42,105,0,1,2759.1,4459.9,1700.8,2,2,74.7,0.2,171.3,90.7,1363.9,74.7
2026-09-19 19:07:30,mfsweep_shard0,SPT_SMPT,59,5924.42,106,0,1,2785.4,3176.9,391.5,2,2,57.2,0.2,161.3,122.7,50.0,57.2
2026-09-19 19:07:30,mfsweep_shard0,SPT_SMPT,59,5924.42,107,0,1,2811.7,3184.1,372.5,2,2,67.9,0.0,114.3,121.7,68.5,67.9
2026-09-19 19:07:30,mfsweep_shard0,SPT_SMPT,59,5924.42,108,0,1,2838.0,3238.6,400.6,2,2,68.5,0.0,202.1,106.9,23.1,68.5
2026-09-19 19:07:30,mfsweep_shard0,SPT_SMPT,59,5924.42,109,0,1,2864.2,5782.4,2918.2,2,2,85.0,0.1,267.5,200.1,2365.5,85.0
2026-09-19 19:07:30,mfsweep_shard0,SPT_SMPT,59,5924.42,110,0,1,2890.5,5103.5,2213.0,2,2,82.4,0.0,198.5,87.0,1845.1,82.4
2026-09-19 19:07:30,mfsweep_shard0,SPT_SMPT,59,5924.42,111,0,1,2916.8,3373.1,456.3,2,2,62.2,0.0,246.2,112.1,35.7,62.2
2026-09-19 19:07:30,mfsweep_shard0,SPT_SMPT,59,5924.42,112,0,1,2943.1,3517.8,574.7,2,2,70.1,0.0,204.2,115.2,185.2,70.1
2026-09-19 19:07:30,mfsweep_shard0,SPT_SMPT,59,5924.42,113,0,1,2969.3,3380.2,410.9,2,2,59.4,0.1,199.5,113.9,38.0,59.4
2026-09-19 19:07:30,mfsweep_shard0,SPT_SMPT,59,5924.42,114,0,1,2995.6,5375.4,2379.7,2,2,83.7,0.1,208.1,90.2,1997.6,83.7
2026-09-19 19:07:30,mfsweep_shard0,SPT_SMPT,59,5924.42,115,0,1,3021.9,5036.1,2014.2,2,2,82.3,0.1,183.4,86.8,1661.6,82.3
2026-09-19 19:07:30,mfsweep_shard0,SPT_SMPT,59,5924.42,116,0,1,3048.2,3421.8,373.6,2,2,63.4,0.1,178.8,103.0,28.3,63.4
2026-09-19 19:07:30,mfsweep_shard0,SPT_SMPT,59,5924.42,117,0,1,3074.5,4400.7,1326.3,2,2,74.6,0.0,192.3,96.5,962.8,74.6
2026-09-19 19:07:30,mfsweep_shard0,SPT_SMPT,59,5924.42,118,0,1,3100.7,4281.9,1181.1,2,2,73.6,0.0,190.8,93.1,823.6,73.6
2026-09-19 19:07:30,mfsweep_shard0,SPT_SMPT,59,5924.42,119,0,1,3127.0,3524.9,397.9,2,2,58.6,0.0,189.7,106.1,43.5,58.6
2026-09-19 19:07:30,mfsweep_shard0,SPT_SMPT,59,5924.42,120,0,1,3153.3,4707.1,1553.8,2,2,78.7,0.0,162.2,93.1,1219.8,78.7
2026-09-19 19:07:30,mfsweep_shard0,SPT_SMPT,59,5924.42,121,0,1,3179.6,4107.9,928.3,2,2,71.3,0.0,147.7,92.8,616.4,71.3
2026-09-19 19:07:30,mfsweep_shard0,SPT_SMPT,59,5924.42,122,0,1,3205.8,4771.8,1566.0,2,2,79.2,0.0,190.8,92.0,1203.9,79.2
2026-09-19 19:07:30,mfsweep_shard0,SPT_SMPT,59,5924.42,123,0,1,3232.1,3995.3,763.2,2,2,71.0,0.0,173.5,86.3,432.3,71.0
2026-09-19 19:07:30,mfsweep_shard0,SPT_SMPT,59,5924.42,124,0,1,3258.4,3671.4,413.0,2,2,53.6,0.0,191.1,113.6,54.7,53.6
2026-09-19 19:07:30,mfsweep_shard0,SPT_SMPT,59,5924.42,125,0,1,3284.7,3884.7,600.1,2,2,64.2,0.0,153.3,95.7,286.9,64.2
2026-09-19 19:07:30,mfsweep_shard0,SPT_SMPT,59,5924.42,126,0,1,3311.0,3659.9,348.9,2,2,54.2,0.0,133.8,117.5,43.4,54.2
2026-09-19 19:07:30,mfsweep_shard0,SPT_SMPT,59,5924.42,127,0,1,3337.2,5513.2,2176.0,2,2,84.2,0.0,133.2,95.4,1863.2,84.2
2026-09-19 19:07:30,mfsweep_shard0,SPT_SMPT,59,5924.42,128,0,1,3363.5,5238.6,1875.1,2,2,82.5,0.0,184.3,94.4,1513.8,82.5
2026-09-19 19:07:30,mfsweep_shard0,SPT_SMPT,59,5924.42,129,0,1,3389.8,4902.4,1512.6,2,2,81.0,0.0,152.8,86.8,1192.0,81.0
2026-09-19 19:07:30,mfsweep_shard0,SPT_SMPT,59,5924.42,130,0,1,3416.1,3729.4,313.3,2,2,63.7,0.0,107.6,104.3,37.7,63.7
2026-09-19 19:07:30,mfsweep_shard0,SPT_SMPT,59,5924.42,131,0,1,3442.3,3765.8,323.5,2,2,55.5,0.0,134.0,95.2,38.9,55.5
2026-09-19 19:07:30,mfsweep_shard0,SPT_SMPT,59,5924.42,132,0,1,3468.6,5171.0,1702.4,2,2,82.5,0.0,109.8,96.2,1413.9,82.5
2026-09-19 19:07:30,mfsweep_shard0,SPT_SMPT,59,5924.42,133,0,1,3494.9,5712.4,2217.5,2,2,84.8,0.1,169.2,124.6,1834.0,89.6
2026-09-19 19:07:30,mfsweep_shard0,SPT_SMPT,59,5924.42,134,0,1,3521.2,3795.2,274.1,2,2,56.4,0.0,101.9,96.7,19.0,56.4
2026-09-19 19:07:30,mfsweep_shard0,SPT_SMPT,59,5924.42,135,0,1,3547.5,3939.8,392.3,2,2,69.6,0.0,127.3,83.7,111.7,69.6
2026-09-19 19:07:30,mfsweep_shard0,SPT_SMPT,59,5924.42,136,0,1,3573.7,3836.0,262.3,2,2,55.8,0.0,85.9,80.1,40.4,55.8
2026-09-19 19:12:34,mfsweep_shard0,SPT_SMPT,60,6770.62,0,0,1,0.0,234.7,234.7,2,2,74.6,0.0,57.8,102.2,0.0,74.6
2026-09-19 19:12:34,mfsweep_shard0,SPT_SMPT,60,6770.62,1,0,1,26.3,347.9,321.6,2,2,54.4,0.0,124.8,123.9,18.3,54.6
2026-09-19 19:12:34,mfsweep_shard0,SPT_SMPT,60,6770.62,2,0,1,52.6,841.0,788.4,2,2,62.6,0.0,126.4,183.2,368.6,110.2
2026-09-19 19:12:34,mfsweep_shard0,SPT_SMPT,60,6770.62,3,0,1,78.8,869.1,790.2,2,2,60.9,0.1,218.0,223.6,243.7,104.8
2026-09-19 19:12:34,mfsweep_shard0,SPT_SMPT,60,6770.62,4,0,1,105.1,1634.8,1529.7,2,2,77.8,0.1,124.1,193.9,1133.8,77.8
2026-09-19 19:12:34,mfsweep_shard0,SPT_SMPT,60,6770.62,5,0,1,131.4,361.1,229.7,2,2,75.9,0.0,32.7,89.3,31.9,75.9
2026-09-19 19:12:34,mfsweep_shard0,SPT_SMPT,60,6770.62,6,0,1,157.7,1969.7,1812.1,2,2,83.0,0.1,214.9,215.8,1298.3,83.0
2026-09-19 19:12:34,mfsweep_shard0,SPT_SMPT,60,6770.62,7,0,1,183.9,410.3,226.3,2,2,56.4,0.0,59.2,95.7,14.9,56.4
2026-09-19 19:12:34,mfsweep_shard0,SPT_SMPT,60,6770.62,8,0,1,210.2,510.9,300.7,2,2,67.5,0.0,90.2,143.0,0.0,67.5
2026-09-19 19:12:34,mfsweep_shard0,SPT_SMPT,60,6770.62,9,0,1,236.5,650.6,414.1,2,2,54.5,0.0,143.0,140.9,75.7,54.5
2026-09-19 19:12:34,mfsweep_shard0,SPT_SMPT,60,6770.62,10,0,1,262.8,703.1,440.4,2,2,60.8,0.0,115.1,104.8,159.7,60.8
2026-09-19 19:12:34,mfsweep_shard0,SPT_SMPT,60,6770.62,11,0,1,289.1,1158.6,869.5,2,2,70.2,0.1,168.7,140.4,490.1,70.2
2026-09-19 19:12:34,mfsweep_shard0,SPT_SMPT,60,6770.62,12,0,1,315.3,533.1,217.7,2,2,54.4,0.0,13.8,111.3,38.2,54.4
2026-09-19 19:12:34,mfsweep_shard0,SPT_SMPT,60,6770.62,13,0,1,341.6,643.4,301.7,2,2,60.1,0.0,28.7,149.8,63.2,60.1
2026-09-19 19:12:34,mfsweep_shard0,SPT_SMPT,60,6770.62,14,0,1,367.9,1527.2,1159.4,2,2,75.0,0.1,164.6,146.9,772.7,75.0
2026-09-19 19:12:34,mfsweep_shard0,SPT_SMPT,60,6770.62,15,0,1,394.2,1199.3,805.2,2,2,71.5,0.1,174.6,142.3,416.7,71.5
2026-09-19 19:12:34,mfsweep_shard0,SPT_SMPT,60,6770.62,16,0,1,420.4,720.0,299.5,2,2,60.8,0.0,42.7,129.8,66.2,60.8
2026-09-19 19:12:34,mfsweep_shard0,SPT_SMPT,60,6770.62,17,0,1,446.7,1407.3,960.6,2,2,73.0,0.1,181.7,157.3,548.5,73.0
2026-09-19 19:12:34,mfsweep_shard0,SPT_SMPT,60,6770.62,18,0,1,473.0,1847.2,1374.2,2,2,80.3,0.1,194.8,164.4,934.6,80.3
2026-09-19 19:12:34,mfsweep_shard0,SPT_SMPT,60,6770.62,19,0,1,499.3,786.6,287.3,2,2,53.8,0.0,47.5,154.2,31.8,53.8
2026-09-19 19:12:34,mfsweep_shard0,SPT_SMPT,60,6770.62,20,0,1,525.6,1705.6,1180.0,2,2,80.1,0.2,177.3,167.2,755.2,80.1
2026-09-19 19:12:34,mfsweep_shard0,SPT_SMPT,60,6770.62,21,0,1,551.8,1580.2,1028.4,2,2,76.6,0.2,200.5,206.3,544.8,76.6
2026-09-19 19:12:34,mfsweep_shard0,SPT_SMPT,60,6770.62,22,0,1,578.1,1344.6,766.5,2,2,64.8,0.2,194.0,173.5,333.9,64.8
2026-09-19 19:12:34,mfsweep_shard0,SPT_SMPT,60,6770.62,23,0,1,604.4,975.8,371.5,2,2,58.7,0.0,144.9,135.7,32.2,58.7
2026-09-19 19:12:34,mfsweep_shard0,SPT_SMPT,60,6770.62,24,0,1,630.7,2393.9,1763.2,2,2,85.1,0.2,228.4,238.8,1172.2,123.5
2026-09-19 19:12:34,mfsweep_shard0,SPT_SMPT,60,6770.62,25,0,1,656.9,1302.1,645.2,2,2,64.7,0.2,233.1,167.7,179.4,64.7
2026-09-19 19:12:34,mfsweep_shard0,SPT_SMPT,60,6770.62,26,0,1,683.2,955.5,272.3,2,2,56.6,0.0,82.0,123.8,9.9,56.6
2026-09-19 19:12:34,mfsweep_shard0,SPT_SMPT,60,6770.62,27,0,1,709.5,1258.7,549.2,2,2,56.7,0.3,218.3,188.3,56.2,86.2
2026-09-19 19:12:34,mfsweep_shard0,SPT_SMPT,60,6770.62,28,0,1,735.8,1914.6,1178.8,2,2,81.5,0.3,212.1,167.4,717.5,81.5
2026-09-19 19:12:34,mfsweep_shard0,SPT_SMPT,60,6770.62,29,0,1,762.0,1461.1,699.1,2,2,73.5,0.3,227.6,155.8,241.9,73.5
2026-09-19 19:12:34,mfsweep_shard0,SPT_SMPT,60,6770.62,30,0,1,788.3,1775.6,987.3,2,2,80.2,0.3,228.7,154.8,523.3,80.2
2026-09-19 19:12:34,mfsweep_shard0,SPT_SMPT,60,6770.62,31,0,1,814.6,1173.2,358.6,2,2,77.6,0.0,162.5,118.4,0.0,77.6
2026-09-19 19:12:34,mfsweep_shard0,SPT_SMPT,60,6770.62,32,0,1,840.9,1251.7,410.8,2,2,71.2,0.0,208.7,130.8,0.0,71.2
2026-09-19 19:12:34,mfsweep_shard0,SPT_SMPT,60,6770.62,33,0,1,867.2,4215.0,3347.9,2,2,85.7,0.0,298.7,213.4,2750.0,85.7
2026-09-19 19:12:34,mfsweep_shard0,SPT_SMPT,60,6770.62,34,0,1,893.4,1278.2,384.7,2,2,66.0,0.0,130.7,138.1,49.9,66.0
2026-09-19 19:12:34,mfsweep_shard0,SPT_SMPT,60,6770.62,35,0,1,919.7,1332.7,413.0,2,2,71.8,0.0,215.8,116.5,8.9,71.8
2026-09-19 19:12:34,mfsweep_shard0,SPT_SMPT,60,6770.62,36,0,1,946.0,3452.4,2506.4,2,2,80.9,0.1,319.7,164.2,1941.6,80.9
2026-09-19 19:12:34,mfsweep_shard0,SPT_SMPT,60,6770.62,37,0,1,972.3,2508.8,1536.6,2,2,74.0,0.1,317.2,164.1,981.3,74.0
2026-09-19 19:12:34,mfsweep_shard0,SPT_SMPT,60,6770.62,38,0,1,998.5,4747.4,3748.9,2,2,82.0,0.2,362.2,197.9,3106.7,82.0
2026-09-19 19:12:34,mfsweep_shard0,SPT_SMPT,60,6770.62,39,0,1,1024.8,1438.8,414.0,2,2,72.6,0.0,196.9,119.1,25.4,72.6
2026-09-19 19:12:34,mfsweep_shard0,SPT_SMPT,60,6770.62,40,0,1,1051.1,3237.7,2186.6,2,2,76.8,0.1,310.0,173.7,1626.0,76.8
2026-09-19 19:12:34,mfsweep_shard0,SPT_SMPT,60,6770.62,41,0,1,1077.4,1431.8,354.4,2,2,55.1,0.0,153.2,115.2,30.9,55.1
2026-09-19 19:12:34,mfsweep_shard0,SPT_SMPT,60,6770.62,42,0,1,1103.7,1513.0,409.4,2,2,61.1,0.0,168.1,109.7,70.4,61.1
2026-09-19 19:12:34,mfsweep_shard0,SPT_SMPT,60,6770.62,43,0,1,1129.9,1787.3,657.4,2,2,63.1,0.0,221.6,105.1,267.6,63.1
2026-09-19 19:12:34,mfsweep_shard0,SPT_SMPT,60,6770.62,44,0,1,1156.2,1520.2,364.0,2,2,56.2,0.0,179.1,110.0,18.7,56.2
2026-09-19 19:12:34,mfsweep_shard0,SPT_SMPT,60,6770.62,45,0,1,1182.5,1653.5,471.0,2,2,61.2,0.0,202.1,112.1,95.6,61.2
2026-09-19 19:12:34,mfsweep_shard0,SPT_SMPT,60,6770.62,46,0,1,1208.8,1591.9,383.1,2,2,56.9,0.0,176.0,113.9,36.3,56.9
2026-09-19 19:12:34,mfsweep_shard0,SPT_SMPT,60,6770.62,47,0,1,1235.0,1728.8,493.7,2,2,62.7,0.0,175.4,108.9,146.7,62.7
2026-09-19 19:12:34,mfsweep_shard0,SPT_SMPT,60,6770.62,48,0,1,1261.3,2892.3,1630.9,2,2,74.5,0.1,192.7,138.4,1225.2,74.5
2026-09-19 19:12:34,mfsweep_shard0,SPT_SMPT,60,6770.62,49,0,1,1287.6,1984.2,696.6,2,2,65.6,0.0,142.2,122.7,366.1,65.6
2026-09-19 19:12:34,mfsweep_shard0,SPT_SMPT,60,6770.62,50,0,1,1313.9,1991.3,677.4,2,2,65.8,0.0,129.1,120.7,361.9,65.8
2026-09-19 19:12:34,mfsweep_shard0,SPT_SMPT,60,6770.62,51,0,1,1340.2,1688.1,347.9,2,2,60.5,0.0,173.9,97.5,16.1,60.5
2026-09-19 19:12:34,mfsweep_shard0,SPT_SMPT,60,6770.62,52,0,1,1366.4,1881.9,515.5,2,2,62.4,0.0,199.8,113.6,139.7,62.4
2026-09-19 19:12:34,mfsweep_shard0,SPT_SMPT,60,6770.62,53,0,1,1392.7,5244.8,3852.1,2,2,84.5,0.3,443.4,233.5,3090.5,84.5
2026-09-19 19:12:34,mfsweep_shard0,SPT_SMPT,60,6770.62,54,0,1,1419.0,3031.4,1612.4,2,2,74.9,0.2,193.5,151.4,1192.3,74.9
2026-09-19 19:12:34,mfsweep_shard0,SPT_SMPT,60,6770.62,55,0,1,1445.3,2849.5,1404.2,2,2,73.6,0.2,235.6,161.2,933.5,73.6
2026-09-19 19:12:34,mfsweep_shard0,SPT_SMPT,60,6770.62,56,0,1,1471.5,1830.6,359.1,2,2,59.2,0.0,151.6,109.5,38.8,59.2
2026-09-19 19:12:34,mfsweep_shard0,SPT_SMPT,60,6770.62,57,0,1,1497.8,3244.9,1747.1,2,2,77.6,0.2,163.4,177.4,1328.4,77.6
2026-09-19 19:12:34,mfsweep_shard0,SPT_SMPT,60,6770.62,58,0,1,1524.1,1818.8,294.7,2,2,58.9,0.0,117.8,97.7,20.2,58.9
2026-09-19 19:12:34,mfsweep_shard0,SPT_SMPT,60,6770.62,59,0,1,1550.4,2103.5,553.2,2,2,66.1,0.0,191.4,149.9,145.8,66.1
2026-09-19 19:12:34,mfsweep_shard0,SPT_SMPT,60,6770.62,60,0,1,1576.6,6628.6,5052.0,2,2,86.2,0.5,561.1,268.2,4136.0,86.2
2026-09-19 19:12:34,mfsweep_shard0,SPT_SMPT,60,6770.62,61,0,1,1602.9,2956.9,1354.0,2,2,74.7,0.3,283.3,150.8,844.8,74.7
2026-09-19 19:12:34,mfsweep_shard0,SPT_SMPT,60,6770.62,62,0,1,1629.2,2516.1,886.9,2,2,71.9,0.3,261.3,174.0,379.3,71.9
2026-09-19 19:12:34,mfsweep_shard0,SPT_SMPT,60,6770.62,63,0,1,1655.5,3151.9,1496.4,2,2,76.1,0.3,316.2,153.9,949.8,76.1
2026-09-19 19:12:34,mfsweep_shard0,SPT_SMPT,60,6770.62,64,0,1,1681.8,5299.0,3617.2,2,2,81.4,0.6,545.3,251.9,2738.1,81.4
2026-09-19 19:12:34,mfsweep_shard0,SPT_SMPT,60,6770.62,65,0,1,1708.0,4330.3,2622.3,2,2,79.2,0.6,487.1,216.2,1839.2,79.2
2026-09-19 19:12:34,mfsweep_shard0,SPT_SMPT,60,6770.62,66,0,1,1734.3,2231.5,497.2,2,2,61.1,0.0,181.3,132.1,122.7,61.1
2026-09-19 19:12:34,mfsweep_shard0,SPT_SMPT,60,6770.62,67,0,1,1760.6,2121.0,360.4,2,2,54.6,0.0,155.4,110.5,39.9,54.6
2026-09-19 19:12:34,mfsweep_shard0,SPT_SMPT,60,6770.62,68,0,1,1786.9,2666.0,879.2,2,2,64.0,0.4,279.0,152.4,383.4,64.0
2026-09-19 19:12:34,mfsweep_shard0,SPT_SMPT,60,6770.62,69,0,1,1813.1,2243.2,430.1,2,2,62.4,0.0,109.9,120.1,137.7,62.4
2026-09-19 19:12:34,mfsweep_shard0,SPT_SMPT,60,6770.62,70,0,1,1839.4,2128.1,288.7,2,2,60.5,0.0,69.3,119.1,39.7,60.5
2026-09-19 19:12:34,mfsweep_shard0,SPT_SMPT,60,6770.62,71,0,1,1865.7,6326.9,4461.2,2,2,84.7,0.8,726.1,293.9,3355.7,84.7
2026-09-19 19:12:34,mfsweep_shard0,SPT_SMPT,60,6770.62,72,0,1,1892.0,5766.7,3874.7,2,2,82.5,1.0,605.7,294.3,2891.3,82.5
2026-09-19 19:12:34,mfsweep_shard0,SPT_SMPT,60,6770.62,73,0,1,1918.3,2590.8,672.5,2,2,63.9,0.4,310.5,158.9,138.8,63.9
2026-09-19 19:12:34,mfsweep_shard0,SPT_SMPT,60,6770.62,74,0,1,1944.5,3090.6,1146.0,2,2,75.2,0.4,323.1,175.5,571.8,75.2
2026-09-19 19:12:34,mfsweep_shard0,SPT_SMPT,60,6770.62,75,0,1,1970.8,2725.7,754.9,2,2,66.6,0.5,281.9,183.9,222.1,66.6
2026-09-19 19:12:34,mfsweep_shard0,SPT_SMPT,60,6770.62,76,0,1,1997.1,6188.1,4191.0,2,2,83.7,1.2,737.9,315.8,3052.4,83.7
2026-09-19 19:12:34,mfsweep_shard0,SPT_SMPT,60,6770.62,77,0,1,2023.4,2487.3,463.9,2,2,68.7,0.0,252.7,131.3,11.2,68.7
2026-09-19 19:12:34,mfsweep_shard0,SPT_SMPT,60,6770.62,78,0,1,2049.6,2624.3,574.6,2,2,62.3,0.5,283.8,161.6,33.1,95.6
2026-09-19 19:12:34,mfsweep_shard0,SPT_SMPT,60,6770.62,79,0,1,2075.9,2530.4,454.5,2,2,61.7,0.0,280.0,112.7,0.0,61.7
2026-09-19 19:12:34,mfsweep_shard0,SPT_SMPT,60,6770.62,80,0,1,2102.2,2523.1,420.9,2,2,72.1,0.0,214.1,134.7,0.0,72.1
2026-09-19 19:12:34,mfsweep_shard0,SPT_SMPT,60,6770.62,81,0,1,2128.5,2975.8,847.3,2,2,62.2,0.0,298.2,220.0,266.9,62.2
2026-09-19 19:12:34,mfsweep_shard0,SPT_SMPT,60,6770.62,82,0,1,2154.7,2785.8,631.1,2,2,72.8,0.0,366.2,116.7,75.3,72.8
2026-09-19 19:12:34,mfsweep_shard0,SPT_SMPT,60,6770.62,83,0,1,2181.0,2743.4,562.3,2,2,83.2,0.0,354.6,124.6,0.0,83.2
2026-09-19 19:12:34,mfsweep_shard0,SPT_SMPT,60,6770.62,84,0,1,2207.3,3122.5,915.2,2,2,66.7,0.0,434.9,109.2,304.4,66.7
2026-09-19 19:12:34,mfsweep_shard0,SPT_SMPT,60,6770.62,85,0,1,2233.6,2816.9,583.3,2,2,60.8,0.0,377.0,106.3,39.2,60.8
2026-09-19 19:12:34,mfsweep_shard0,SPT_SMPT,60,6770.62,86,0,1,2259.9,6770.6,4510.8,2,2,86.5,0.8,876.1,301.6,3245.8,86.5
2026-09-19 19:12:34,mfsweep_shard0,SPT_SMPT,60,6770.62,87,0,1,2286.1,3338.2,1052.1,2,2,70.4,0.0,447.7,145.4,388.6,70.4
2026-09-19 19:12:34,mfsweep_shard0,SPT_SMPT,60,6770.62,88,0,1,2312.4,2914.0,601.5,2,2,56.5,0.0,387.4,113.9,42.2,58.0
2026-09-19 19:12:34,mfsweep_shard0,SPT_SMPT,60,6770.62,89,0,1,2338.7,2797.6,458.9,2,2,55.1,0.0,280.3,103.2,20.2,55.1
2026-09-19 19:12:34,mfsweep_shard0,SPT_SMPT,60,6770.62,90,0,1,2365.0,2885.1,520.1,2,2,57.2,0.0,325.9,111.3,25.8,57.2
2026-09-19 19:12:34,mfsweep_shard0,SPT_SMPT,60,6770.62,91,0,1,2391.2,3524.9,1133.6,2,2,74.3,0.3,489.3,154.0,415.7,74.3
2026-09-19 19:12:34,mfsweep_shard0,SPT_SMPT,60,6770.62,92,0,1,2417.5,4815.6,2398.1,2,2,79.7,0.7,662.2,217.3,1438.1,79.7
2026-09-19 19:12:34,mfsweep_shard0,SPT_SMPT,60,6770.62,93,0,1,2443.8,3547.1,1103.3,2,2,67.5,0.4,553.0,165.2,303.1,81.6
2026-09-19 19:12:34,mfsweep_shard0,SPT_SMPT,60,6770.62,94,0,1,2470.1,2968.7,498.6,2,2,55.6,0.0,335.8,105.8,1.3,55.6
2026-09-19 19:12:34,mfsweep_shard0,SPT_SMPT,60,6770.62,95,0,1,2496.4,3062.4,566.0,2,2,66.1,0.0,354.7,117.0,28.2,66.1
2026-09-19 19:12:34,mfsweep_shard0,SPT_SMPT,60,6770.62,96,0,1,2522.6,5698.3,3175.7,2,2,86.4,1.1,831.7,262.6,1993.9,86.4
2026-09-19 19:12:34,mfsweep_shard0,SPT_SMPT,60,6770.62,97,0,1,2548.9,4337.5,1788.6,2,2,71.0,0.7,687.3,226.4,803.2,71.0
2026-09-19 19:12:34,mfsweep_shard0,SPT_SMPT,60,6770.62,98,0,1,2575.2,6699.2,4124.0,2,2,85.6,1.4,936.5,316.3,2750.4,119.4
2026-09-19 19:12:34,mfsweep_shard0,SPT_SMPT,60,6770.62,99,0,1,2601.5,5353.7,2752.2,2,2,82.0,1.2,908.9,250.5,1509.7,82.0
2026-09-19 19:12:34,mfsweep_shard0,SPT_SMPT,60,6770.62,100,0,1,2627.7,3134.2,506.5,2,2,53.9,0.0,318.3,103.2,31.0,53.9
2026-09-19 19:12:34,mfsweep_shard0,SPT_SMPT,60,6770.62,101,0,1,2654.0,3459.6,805.6,2,2,77.3,0.2,549.9,172.9,5.2,77.3
2026-09-19 19:12:34,mfsweep_shard0,SPT_SMPT,60,6770.62,102,0,1,2680.3,3492.6,812.3,2,2,76.0,0.2,557.8,140.1,38.2,76.0
2026-09-19 19:12:34,mfsweep_shard0,SPT_SMPT,60,6770.62,103,0,1,2706.6,3301.9,595.3,2,2,71.3,0.0,395.1,123.4,5.5,71.3
2026-09-19 19:12:34,mfsweep_shard0,SPT_SMPT,60,6770.62,104,0,1,2732.9,3680.8,947.9,2,2,62.4,0.4,595.3,158.8,125.5,68.0
2026-09-19 19:12:34,mfsweep_shard0,SPT_SMPT,60,6770.62,105,0,1,2759.1,4893.4,2134.3,2,2,74.7,1.0,931.4,228.4,898.7,74.7
2026-09-19 19:12:34,mfsweep_shard0,SPT_SMPT,60,6770.62,106,0,1,2785.4,3639.3,853.9,2,2,57.2,0.7,657.1,117.1,21.9,57.2
2026-09-19 19:12:34,mfsweep_shard0,SPT_SMPT,60,6770.62,107,0,1,2811.7,3876.9,1065.3,2,2,67.9,0.7,597.7,109.7,289.3,67.9
2026-09-19 19:12:34,mfsweep_shard0,SPT_SMPT,60,6770.62,108,0,1,2838.0,4432.8,1594.8,2,2,68.5,0.8,834.3,155.9,535.3,68.5
2026-09-19 19:12:34,mfsweep_shard0,SPT_SMPT,60,6770.62,109,0,1,2864.2,6466.7,3602.5,2,2,85.0,1.1,1077.9,238.8,2199.7,85.0
2026-09-19 19:12:34,mfsweep_shard0,SPT_SMPT,60,6770.62,110,0,1,2890.5,5848.5,2958.0,2,2,82.4,1.2,1096.7,237.9,1539.7,82.4
2026-09-19 19:12:34,mfsweep_shard0,SPT_SMPT,60,6770.62,111,0,1,2916.8,3673.7,756.9,2,2,62.2,0.0,557.6,98.8,38.2,62.2
2026-09-19 19:12:34,mfsweep_shard0,SPT_SMPT,60,6770.62,112,0,1,2943.1,4475.5,1532.4,2,2,70.1,0.4,793.7,169.6,498.7,70.1
2026-09-19 19:12:34,mfsweep_shard0,SPT_SMPT,60,6770.62,113,0,1,2969.3,3739.3,769.9,2,2,59.4,0.0,575.4,108.5,26.6,59.4
2026-09-19 19:12:34,mfsweep_shard0,SPT_SMPT,60,6770.62,114,0,1,2995.6,6119.4,3123.8,2,2,83.7,1.3,1146.3,240.1,1652.4,83.7
2026-09-19 19:12:34,mfsweep_shard0,SPT_SMPT,60,6770.62,115,0,1,3021.9,5915.8,2893.9,2,2,82.3,1.4,1186.7,239.1,1350.6,116.1
2026-09-19 19:12:34,mfsweep_shard0,SPT_SMPT,60,6770.62,116,0,1,3048.2,3778.6,730.4,2,2,63.4,0.0,523.8,111.6,31.6,63.4
2026-09-19 19:12:34,mfsweep_shard0,SPT_SMPT,60,6770.62,117,0,1,3074.5,5096.2,2021.7,2,2,74.6,0.8,880.6,149.4,916.2,74.6
2026-09-19 19:12:34,mfsweep_shard0,SPT_SMPT,60,6770.62,118,0,1,3100.7,5036.6,1935.8,2,2,73.6,0.8,920.0,156.0,785.4,73.6
2026-09-19 19:12:34,mfsweep_shard0,SPT_SMPT,60,6770.62,119,0,1,3127.0,3869.9,742.8,2,2,58.6,0.0,514.7,113.2,56.3,58.6
2026-09-19 19:12:34,mfsweep_shard0,SPT_SMPT,60,6770.62,120,0,1,3153.3,5426.6,2273.3,2,2,78.7,1.2,1010.0,202.8,962.9,96.3
2026-09-19 19:12:34,mfsweep_shard0,SPT_SMPT,60,6770.62,121,0,1,3179.6,4977.4,1797.9,2,2,71.3,0.9,942.3,147.2,636.2,71.3
2026-09-19 19:12:34,mfsweep_shard0,SPT_SMPT,60,6770.62,122,0,1,3205.8,5491.3,2285.4,2,2,79.2,1.3,1034.7,200.4,969.9,79.2
2026-09-19 19:12:34,mfsweep_shard0,SPT_SMPT,60,6770.62,123,0,1,3232.1,4925.3,1693.2,2,2,71.0,1.0,947.0,147.0,497.9,100.3
2026-09-19 19:12:34,mfsweep_shard0,SPT_SMPT,60,6770.62,124,0,1,3258.4,3974.0,715.6,2,2,53.6,0.0,529.5,120.3,12.2,53.6
2026-09-19 19:12:34,mfsweep_shard0,SPT_SMPT,60,6770.62,125,0,1,3284.7,4482.6,1198.0,2,2,64.2,0.6,689.1,163.9,280.1,64.2
2026-09-19 19:12:34,mfsweep_shard0,SPT_SMPT,60,6770.62,126,0,1,3311.0,3966.9,656.0,2,2,54.2,0.0,427.9,137.2,36.6,54.2
2026-09-19 19:12:34,mfsweep_shard0,SPT_SMPT,60,6770.62,127,0,1,3337.2,6257.3,2920.1,2,2,84.2,1.8,1206.7,233.9,1393.5,84.2
2026-09-19 19:12:34,mfsweep_shard0,SPT_SMPT,60,6770.62,128,0,1,3363.5,6050.8,2687.3,2,2,82.5,1.9,1268.0,238.4,1096.4,82.5
2026-09-19 19:12:34,mfsweep_shard0,SPT_SMPT,60,6770.62,129,0,1,3389.8,5556.8,2167.0,2,2,81.0,1.5,1104.5,195.6,784.4,81.0
2026-09-19 19:12:34,mfsweep_shard0,SPT_SMPT,60,6770.62,130,0,1,3416.1,4047.8,631.8,2,2,63.7,0.0,412.0,92.9,63.1,63.7
2026-09-19 19:12:34,mfsweep_shard0,SPT_SMPT,60,6770.62,131,0,1,3442.3,4018.0,575.7,2,2,55.5,0.0,400.5,94.7,24.9,55.5
2026-09-19 19:12:34,mfsweep_shard0,SPT_SMPT,60,6770.62,132,0,1,3468.6,5983.3,2514.6,2,2,82.5,2.1,1358.5,229.0,842.5,82.5
2026-09-19 19:12:34,mfsweep_shard0,SPT_SMPT,60,6770.62,133,0,1,3494.9,6396.7,2901.8,2,2,84.8,2.2,1442.8,206.3,1165.8,84.8
2026-09-19 19:12:34,mfsweep_shard0,SPT_SMPT,60,6770.62,134,0,1,3521.2,4560.7,1039.6,2,2,56.4,0.7,654.5,165.1,162.9,56.4
2026-09-19 19:12:34,mfsweep_shard0,SPT_SMPT,60,6770.62,135,0,1,3547.5,4615.8,1068.3,2,2,69.6,0.7,659.0,147.4,191.6,69.6
2026-09-19 19:12:34,mfsweep_shard0,SPT_SMPT,60,6770.62,136,0,1,3573.7,4522.0,948.3,2,2,55.8,0.8,664.7,139.6,52.1,91.2
2026-09-19 19:17:56,mfsweep_shard0,SPT_SMPT,61,7465.62,0,0,1,0.0,220.4,220.4,2,2,74.6,0.0,54.0,91.8,0.0,74.6
2026-09-19 19:17:56,mfsweep_shard0,SPT_SMPT,61,7465.62,1,0,1,26.3,270.6,244.3,2,2,54.4,0.0,57.6,114.0,18.3,54.4
2026-09-19 19:17:56,mfsweep_shard0,SPT_SMPT,61,7465.62,2,0,1,52.6,327.7,275.1,2,2,62.6,0.0,86.3,90.5,35.7,62.6
2026-09-19 19:17:56,mfsweep_shard0,SPT_SMPT,61,7465.62,3,0,1,78.8,401.1,322.2,2,2,60.9,0.0,76.8,143.5,41.0,60.9
2026-09-19 19:17:56,mfsweep_shard0,SPT_SMPT,61,7465.62,4,0,1,105.1,785.7,680.6,2,2,77.8,0.0,115.7,155.2,331.9,77.8
2026-09-19 19:17:56,mfsweep_shard0,SPT_SMPT,61,7465.62,5,0,1,131.4,443.3,311.9,2,2,75.9,0.0,77.2,88.7,70.1,75.9
2026-09-19 19:17:56,mfsweep_shard0,SPT_SMPT,61,7465.62,6,0,1,157.7,804.5,646.9,2,2,83.0,0.1,83.8,173.0,307.0,83.0
2026-09-19 19:17:56,mfsweep_shard0,SPT_SMPT,61,7465.62,7,0,1,183.9,678.6,494.7,2,2,56.4,0.1,142.5,169.2,117.8,65.0
2026-09-19 19:17:56,mfsweep_shard0,SPT_SMPT,61,7465.62,8,0,1,210.2,506.8,296.6,2,2,67.5,0.0,71.1,152.0,6.0,67.5
2026-09-19 19:17:56,mfsweep_shard0,SPT_SMPT,61,7465.62,9,0,1,236.5,499.6,263.1,2,2,54.5,0.0,65.1,143.4,0.0,54.5
2026-09-19 19:17:56,mfsweep_shard0,SPT_SMPT,61,7465.62,10,0,1,262.8,492.4,229.6,2,2,60.8,0.0,47.8,121.1,0.0,60.8
2026-09-19 19:17:56,mfsweep_shard0,SPT_SMPT,61,7465.62,11,0,1,289.1,602.3,313.3,2,2,70.2,0.0,71.7,155.3,16.1,70.2
2026-09-19 19:17:56,mfsweep_shard0,SPT_SMPT,61,7465.62,12,0,1,315.3,626.1,310.8,2,2,54.4,0.0,55.0,148.2,53.1,54.4
2026-09-19 19:17:56,mfsweep_shard0,SPT_SMPT,61,7465.62,13,0,1,341.6,724.8,383.2,2,2,60.1,0.0,82.2,116.5,124.5,60.1
2026-09-19 19:17:56,mfsweep_shard0,SPT_SMPT,61,7465.62,14,0,1,367.9,618.8,250.9,2,2,75.0,0.0,62.8,113.1,0.0,75.0
2026-09-19 19:17:56,mfsweep_shard0,SPT_SMPT,61,7465.62,15,0,1,394.2,1034.0,639.9,2,2,71.5,0.0,211.3,158.8,195.3,74.4
2026-09-19 19:17:56,mfsweep_shard0,SPT_SMPT,61,7465.62,16,0,1,420.4,693.2,272.8,2,2,60.8,0.0,85.8,126.1,0.0,60.8
2026-09-19 19:17:56,mfsweep_shard0,SPT_SMPT,61,7465.62,17,0,1,446.7,1094.2,647.5,2,2,73.0,0.1,162.8,164.5,247.2,73.0
2026-09-19 19:17:56,mfsweep_shard0,SPT_SMPT,61,7465.62,18,0,1,473.0,838.4,365.4,2,2,80.3,0.0,72.9,154.4,57.8,80.3
2026-09-19 19:17:56,mfsweep_shard0,SPT_SMPT,61,7465.62,19,0,1,499.3,876.0,376.7,2,2,53.8,0.1,121.3,127.2,74.4,53.8
2026-09-19 19:17:56,mfsweep_shard0,SPT_SMPT,61,7465.62,20,0,1,525.6,1165.6,640.0,2,2,80.1,0.1,189.9,123.2,246.7,80.1
2026-09-19 19:17:56,mfsweep_shard0,SPT_SMPT,61,7465.62,21,0,1,551.8,773.9,222.1,2,2,76.6,0.0,49.0,96.5,0.0,76.6
2026-09-19 19:17:56,mfsweep_shard0,SPT_SMPT,61,7465.62,22,0,1,578.1,970.4,392.3,2,2,64.8,0.0,140.2,114.5,72.8,64.8
2026-09-19 19:17:56,mfsweep_shard0,SPT_SMPT,61,7465.62,23,0,1,604.4,926.2,321.8,2,2,58.7,0.0,100.4,108.2,54.5,58.7
2026-09-19 19:17:56,mfsweep_shard0,SPT_SMPT,61,7465.62,24,0,1,630.7,4541.1,3910.4,2,2,85.1,0.0,307.6,392.0,3109.7,101.1
2026-09-19 19:17:56,mfsweep_shard0,SPT_SMPT,61,7465.62,25,0,1,656.9,958.6,301.7,2,2,64.7,0.0,129.1,107.9,0.0,64.7
2026-09-19 19:17:56,mfsweep_shard0,SPT_SMPT,61,7465.62,26,0,1,683.2,1051.4,368.2,2,2,56.6,0.0,160.3,112.0,39.2,56.6
2026-09-19 19:17:56,mfsweep_shard0,SPT_SMPT,61,7465.62,27,0,1,709.5,982.2,272.7,2,2,56.7,0.0,101.5,114.5,0.0,56.7
2026-09-19 19:17:56,mfsweep_shard0,SPT_SMPT,61,7465.62,28,0,1,735.8,2493.1,1757.3,2,2,81.5,0.1,137.3,164.1,1371.9,84.0
2026-09-19 19:17:56,mfsweep_shard0,SPT_SMPT,61,7465.62,29,0,1,762.0,2608.1,1846.1,2,2,73.5,0.1,280.4,164.6,1327.6,73.5
2026-09-19 19:17:56,mfsweep_shard0,SPT_SMPT,61,7465.62,30,0,1,788.3,5203.5,4415.1,2,2,80.2,0.2,310.5,403.7,3620.6,80.2
2026-09-19 19:17:56,mfsweep_shard0,SPT_SMPT,61,7465.62,31,0,1,814.6,1087.1,272.5,2,2,77.6,0.0,59.2,105.0,30.6,77.6
2026-09-19 19:17:56,mfsweep_shard0,SPT_SMPT,61,7465.62,32,0,1,840.9,1188.1,347.2,2,2,71.2,0.0,163.5,108.8,3.7,71.2
2026-09-19 19:17:56,mfsweep_shard0,SPT_SMPT,61,7465.62,33,0,1,867.2,4040.6,3173.4,2,2,85.7,0.2,326.7,168.1,2592.8,85.7
2026-09-19 19:17:56,mfsweep_shard0,SPT_SMPT,61,7465.62,34,0,1,893.4,1195.4,301.9,2,2,66.0,0.0,98.2,106.0,31.6,66.0
2026-09-19 19:17:56,mfsweep_shard0,SPT_SMPT,61,7465.62,35,0,1,919.7,1301.2,381.5,2,2,71.8,0.0,183.8,115.3,10.6,71.8
2026-09-19 19:17:56,mfsweep_shard0,SPT_SMPT,61,7465.62,36,0,1,946.0,5571.8,4625.8,2,2,80.9,0.4,478.0,389.7,3676.9,80.9
2026-09-19 19:17:56,mfsweep_shard0,SPT_SMPT,61,7465.62,37,0,1,972.3,2869.9,1897.6,2,2,74.0,0.2,229.0,168.4,1426.0,74.0
2026-09-19 19:17:56,mfsweep_shard0,SPT_SMPT,61,7465.62,38,0,1,998.5,6262.2,5263.7,2,2,82.0,0.6,569.4,357.1,4254.7,82.0
2026-09-19 19:17:56,mfsweep_shard0,SPT_SMPT,61,7465.62,39,0,1,1024.8,1420.8,396.0,2,2,72.6,0.0,121.0,134.5,67.9,72.6
2026-09-19 19:17:56,mfsweep_shard0,SPT_SMPT,61,7465.62,40,0,1,1051.1,5694.2,4643.1,2,2,76.8,0.7,615.4,444.9,3505.3,76.8
2026-09-19 19:17:56,mfsweep_shard0,SPT_SMPT,61,7465.62,41,0,1,1077.4,1333.3,256.0,2,2,55.1,0.0,68.8,126.8,5.3,55.1
2026-09-19 19:17:56,mfsweep_shard0,SPT_SMPT,61,7465.62,42,0,1,1103.7,1449.0,345.3,2,2,61.1,0.0,121.6,109.3,53.3,61.1
2026-09-19 19:17:56,mfsweep_shard0,SPT_SMPT,61,7465.62,43,0,1,1129.9,1752.8,622.9,2,2,63.1,0.0,24.9,124.6,410.2,63.1
2026-09-19 19:17:56,mfsweep_shard0,SPT_SMPT,61,7465.62,44,0,1,1156.2,1456.2,300.0,2,2,56.2,0.0,95.9,115.8,32.0,56.2
2026-09-19 19:17:56,mfsweep_shard0,SPT_SMPT,61,7465.62,45,0,1,1182.5,1550.9,368.4,2,2,61.2,0.0,66.9,163.3,77.0,61.2
2026-09-19 19:17:56,mfsweep_shard0,SPT_SMPT,61,7465.62,46,0,1,1208.8,1586.1,377.3,2,2,56.9,0.0,126.6,166.3,27.5,56.9
2026-09-19 19:17:56,mfsweep_shard0,SPT_SMPT,61,7465.62,47,0,1,1235.0,1741.3,506.3,2,2,62.7,0.0,99.1,143.6,200.9,62.7
2026-09-19 19:17:56,mfsweep_shard0,SPT_SMPT,61,7465.62,48,0,1,1261.3,2972.8,1711.5,2,2,74.5,0.3,257.5,184.6,1194.6,74.5
2026-09-19 19:17:56,mfsweep_shard0,SPT_SMPT,61,7465.62,49,0,1,1287.6,1878.8,591.2,2,2,65.6,0.0,95.4,157.6,272.6,65.6
2026-09-19 19:17:56,mfsweep_shard0,SPT_SMPT,61,7465.62,50,0,1,1313.9,1965.3,651.4,2,2,65.8,0.0,91.7,151.3,342.7,65.8
2026-09-19 19:17:56,mfsweep_shard0,SPT_SMPT,61,7465.62,51,0,1,1340.2,1620.3,280.2,2,2,60.5,0.0,72.3,101.8,45.6,60.5
2026-09-19 19:17:56,mfsweep_shard0,SPT_SMPT,61,7465.62,52,0,1,1366.4,1613.2,246.8,2,2,62.4,0.0,20.1,128.5,35.8,62.4
2026-09-19 19:17:56,mfsweep_shard0,SPT_SMPT,61,7465.62,53,0,1,1392.7,4280.4,2887.7,2,2,84.5,0.6,453.0,284.4,2065.3,84.5
2026-09-19 19:17:56,mfsweep_shard0,SPT_SMPT,61,7465.62,54,0,1,1419.0,5263.9,3844.9,2,2,74.9,0.9,545.5,453.3,2767.0,78.3
2026-09-19 19:17:56,mfsweep_shard0,SPT_SMPT,61,7465.62,55,0,1,1445.3,2615.4,1170.1,2,2,73.6,0.3,143.8,196.2,756.2,73.6
2026-09-19 19:17:56,mfsweep_shard0,SPT_SMPT,61,7465.62,56,0,1,1471.5,1734.1,262.6,2,2,59.2,0.0,35.1,142.5,25.7,59.2
2026-09-19 19:17:56,mfsweep_shard0,SPT_SMPT,61,7465.62,57,0,1,1497.8,4251.5,2753.7,2,2,77.6,0.7,412.8,352.4,1910.1,77.6
2026-09-19 19:17:56,mfsweep_shard0,SPT_SMPT,61,7465.62,58,0,1,1524.1,1871.6,347.5,2,2,58.9,0.0,67.2,171.4,50.0,58.9
2026-09-19 19:17:56,mfsweep_shard0,SPT_SMPT,61,7465.62,59,0,1,1550.4,1992.3,441.9,2,2,66.1,0.0,69.5,129.7,176.6,66.1
2026-09-19 19:17:56,mfsweep_shard0,SPT_SMPT,61,7465.62,60,0,1,1576.6,6841.9,5265.2,2,2,86.2,1.1,752.9,340.3,4084.7,86.2
2026-09-19 19:17:56,mfsweep_shard0,SPT_SMPT,61,7465.62,61,0,1,1602.9,4298.7,2695.8,2,2,74.7,0.9,575.5,231.5,1813.2,74.7
2026-09-19 19:17:56,mfsweep_shard0,SPT_SMPT,61,7465.62,62,0,1,1629.2,2701.8,1072.6,2,2,71.9,0.4,234.7,230.4,535.2,71.9
2026-09-19 19:17:56,mfsweep_shard0,SPT_SMPT,61,7465.62,63,0,1,1655.5,4655.6,3000.1,2,2,76.1,1.3,691.1,218.0,2013.6,76.1
2026-09-19 19:17:56,mfsweep_shard0,SPT_SMPT,61,7465.62,64,0,1,1681.8,4266.1,2584.3,2,2,81.4,1.2,596.3,266.0,1639.5,81.4
2026-09-19 19:17:56,mfsweep_shard0,SPT_SMPT,61,7465.62,65,0,1,1708.0,5933.5,4225.4,2,2,79.2,1.7,847.0,264.8,3032.8,79.2
2026-09-19 19:17:56,mfsweep_shard0,SPT_SMPT,61,7465.62,66,0,1,1734.3,2074.6,340.3,2,2,61.1,0.0,87.6,135.8,55.8,61.1
2026-09-19 19:17:56,mfsweep_shard0,SPT_SMPT,61,7465.62,67,0,1,1760.6,2023.7,263.2,2,2,54.6,0.0,62.5,124.2,21.8,54.6
2026-09-19 19:17:56,mfsweep_shard0,SPT_SMPT,61,7465.62,68,0,1,1786.9,2305.0,518.1,2,2,64.0,0.0,90.7,161.9,201.5,64.0
2026-09-19 19:17:56,mfsweep_shard0,SPT_SMPT,61,7465.62,69,0,1,1813.1,2211.9,398.7,2,2,62.4,0.0,115.3,156.6,64.4,62.4
2026-09-19 19:17:56,mfsweep_shard0,SPT_SMPT,61,7465.62,70,0,1,1839.4,2086.3,246.9,2,2,60.5,0.0,37.3,117.2,31.8,60.5
2026-09-19 19:17:56,mfsweep_shard0,SPT_SMPT,61,7465.62,71,0,1,1865.7,7036.7,5171.0,2,2,84.7,1.9,945.6,287.6,3847.8,88.2
2026-09-19 19:17:56,mfsweep_shard0,SPT_SMPT,61,7465.62,72,0,1,1892.0,6464.3,4572.4,2,2,82.5,2.0,1005.1,267.8,3214.9,82.5
2026-09-19 19:17:56,mfsweep_shard0,SPT_SMPT,61,7465.62,73,0,1,1918.3,2219.0,300.8,2,2,63.9,0.0,79.7,121.3,35.9,63.9
2026-09-19 19:17:56,mfsweep_shard0,SPT_SMPT,61,7465.62,74,0,1,1944.5,5687.0,3742.5,2,2,75.2,2.2,1016.1,281.6,2360.4,82.2
2026-09-19 19:17:56,mfsweep_shard0,SPT_SMPT,61,7465.62,75,0,1,1970.8,3378.3,1407.5,2,2,66.6,0.9,504.3,171.6,639.9,90.8
2026-09-19 19:17:56,mfsweep_shard0,SPT_SMPT,61,7465.62,76,0,1,1997.1,6897.9,4900.8,2,2,83.7,2.4,1067.9,243.5,3442.5,144.5
2026-09-19 19:17:56,mfsweep_shard0,SPT_SMPT,61,7465.62,77,0,1,2023.4,4273.3,2250.0,2,2,68.7,1.9,731.2,196.6,1251.6,68.7
2026-09-19 19:17:56,mfsweep_shard0,SPT_SMPT,61,7465.62,78,0,1,2049.6,2297.7,248.1,2,2,62.3,0.0,22.7,154.2,8.9,62.3
2026-09-19 19:17:56,mfsweep_shard0,SPT_SMPT,61,7465.62,79,0,1,2075.9,2355.5,279.6,2,2,61.7,0.0,62.7,126.0,29.2,61.7
2026-09-19 19:17:56,mfsweep_shard0,SPT_SMPT,61,7465.62,80,0,1,2102.2,4662.7,2560.5,2,2,72.1,2.2,894.3,253.4,1338.5,72.1
2026-09-19 19:17:56,mfsweep_shard0,SPT_SMPT,61,7465.62,81,0,1,2128.5,2980.1,851.6,2,2,62.2,1.0,505.1,203.9,33.2,108.3
2026-09-19 19:17:56,mfsweep_shard0,SPT_SMPT,61,7465.62,82,0,1,2154.7,2902.9,748.1,2,2,72.8,0.6,454.0,191.7,29.0,72.8
2026-09-19 19:17:56,mfsweep_shard0,SPT_SMPT,61,7465.62,83,0,1,2181.0,2917.3,736.3,2,2,83.2,0.6,443.0,152.1,57.4,83.2
2026-09-19 19:17:56,mfsweep_shard0,SPT_SMPT,61,7465.62,84,0,1,2207.3,2890.7,683.4,2,2,66.7,0.6,463.7,152.3,0.0,66.7
2026-09-19 19:17:56,mfsweep_shard0,SPT_SMPT,61,7465.62,85,0,1,2233.6,3165.2,931.6,2,2,60.8,1.1,578.6,133.1,158.0,60.8
2026-09-19 19:17:56,mfsweep_shard0,SPT_SMPT,61,7465.62,86,0,1,2259.9,7394.2,5134.4,2,2,86.5,2.3,1045.8,241.7,3758.2,86.5
2026-09-19 19:17:56,mfsweep_shard0,SPT_SMPT,61,7465.62,87,0,1,2286.1,2910.2,624.1,2,2,70.4,0.0,399.2,115.0,39.5,70.4
2026-09-19 19:17:56,mfsweep_shard0,SPT_SMPT,61,7465.62,88,0,1,2312.4,3097.9,785.5,2,2,56.5,0.5,598.3,114.8,15.4,56.5
2026-09-19 19:17:56,mfsweep_shard0,SPT_SMPT,61,7465.62,89,0,1,2338.7,3037.9,699.2,2,2,55.1,0.0,543.9,99.3,0.9,55.1
2026-09-19 19:17:56,mfsweep_shard0,SPT_SMPT,61,7465.62,90,0,1,2365.0,3131.7,766.7,2,2,57.2,0.0,530.3,100.3,79.0,57.2
2026-09-19 19:17:56,mfsweep_shard0,SPT_SMPT,61,7465.62,91,0,1,2391.2,5324.5,2933.2,2,2,74.3,1.7,1090.1,164.3,1590.7,86.5
2026-09-19 19:17:56,mfsweep_shard0,SPT_SMPT,61,7465.62,92,0,1,2417.5,6062.4,3644.8,2,2,79.7,2.0,1211.2,194.6,2157.3,79.7
2026-09-19 19:17:56,mfsweep_shard0,SPT_SMPT,61,7465.62,93,0,1,2443.8,3650.5,1206.7,2,2,67.5,0.0,515.2,99.3,524.6,67.5
2026-09-19 19:17:56,mfsweep_shard0,SPT_SMPT,61,7465.62,94,0,1,2470.1,3218.0,748.0,2,2,55.6,0.0,526.9,122.8,42.6,55.6
2026-09-19 19:17:56,mfsweep_shard0,SPT_SMPT,61,7465.62,95,0,1,2496.4,3278.9,782.5,2,2,66.1,0.0,530.5,117.8,68.1,66.1
2026-09-19 19:17:56,mfsweep_shard0,SPT_SMPT,61,7465.62,96,0,1,2522.6,7465.6,4943.0,2,2,86.4,2.2,1306.8,221.4,3299.6,113.0
2026-09-19 19:17:56,mfsweep_shard0,SPT_SMPT,61,7465.62,97,0,1,2548.9,4759.1,2210.2,2,2,71.0,1.7,962.4,171.7,1003.4,71.0
2026-09-19 19:17:56,mfsweep_shard0,SPT_SMPT,61,7465.62,98,0,1,2575.2,7247.1,4671.9,2,2,85.6,2.4,1262.1,199.9,3121.9,85.6
2026-09-19 19:17:56,mfsweep_shard0,SPT_SMPT,61,7465.62,99,0,1,2601.5,6195.3,3593.8,2,2,82.0,2.4,1248.2,184.3,2076.9,82.0
2026-09-19 19:17:56,mfsweep_shard0,SPT_SMPT,61,7465.62,100,0,1,2627.7,3271.6,643.9,2,2,53.9,0.2,400.3,116.3,73.2,53.9
2026-09-19 19:17:56,mfsweep_shard0,SPT_SMPT,61,7465.62,101,0,1,2654.0,5805.7,3151.6,2,2,77.3,2.5,1219.7,198.8,1653.3,77.3
2026-09-19 19:17:56,mfsweep_shard0,SPT_SMPT,61,7465.62,102,0,1,2680.3,5743.4,3063.1,2,2,76.0,2.6,1218.7,212.1,1553.7,76.0
2026-09-19 19:17:56,mfsweep_shard0,SPT_SMPT,61,7465.62,103,0,1,2706.6,4922.4,2215.8,2,2,71.3,2.1,917.0,149.2,1076.3,71.3
2026-09-19 19:17:56,mfsweep_shard0,SPT_SMPT,61,7465.62,104,0,1,2732.9,3408.8,676.0,2,2,62.4,0.0,421.0,109.3,83.2,62.4
2026-09-19 19:17:56,mfsweep_shard0,SPT_SMPT,61,7465.62,105,0,1,2759.1,5394.2,2635.1,2,2,74.7,2.5,1113.2,160.6,1284.1,74.7
2026-09-19 19:17:56,mfsweep_shard0,SPT_SMPT,61,7465.62,106,0,1,2785.4,3401.6,616.2,2,2,57.2,0.0,398.5,116.1,44.3,57.2
2026-09-19 19:17:56,mfsweep_shard0,SPT_SMPT,61,7465.62,107,0,1,2811.7,4398.7,1587.1,2,2,67.9,1.7,701.6,95.8,720.1,67.9
2026-09-19 19:17:56,mfsweep_shard0,SPT_SMPT,61,7465.62,108,0,1,2838.0,4766.2,1928.3,2,2,68.5,2.3,920.4,175.0,754.3,76.2
2026-09-19 19:17:56,mfsweep_shard0,SPT_SMPT,61,7465.62,109,0,1,2864.2,7176.5,4312.3,2,2,85.0,3.2,1360.8,207.0,2656.2,85.0
2026-09-19 19:17:56,mfsweep_shard0,SPT_SMPT,61,7465.62,110,0,1,2890.5,6396.9,3506.4,2,2,82.4,3.2,1358.9,205.2,1856.6,82.4
2026-09-19 19:17:56,mfsweep_shard0,SPT_SMPT,61,7465.62,111,0,1,2916.8,3451.2,534.4,2,2,62.2,0.0,330.4,114.1,27.6,62.2
2026-09-19 19:17:56,mfsweep_shard0,SPT_SMPT,61,7465.62,112,0,1,2943.1,4858.1,1915.0,2,2,70.1,2.5,987.1,175.5,679.8,70.1
2026-09-19 19:17:56,mfsweep_shard0,SPT_SMPT,61,7465.62,113,0,1,2969.3,3550.6,581.2,2,2,59.4,0.0,365.8,120.8,35.1,59.4
2026-09-19 19:17:56,mfsweep_shard0,SPT_SMPT,61,7465.62,114,0,1,2995.6,6668.0,3672.4,2,2,83.7,3.4,1308.9,202.3,2074.1,83.7
2026-09-19 19:17:56,mfsweep_shard0,SPT_SMPT,61,7465.62,115,0,1,3021.9,6329.5,3307.6,2,2,82.3,3.5,1338.9,195.6,1687.3,82.3
2026-09-19 19:17:56,mfsweep_shard0,SPT_SMPT,61,7465.62,116,0,1,3048.2,3584.1,535.9,2,2,63.4,0.0,313.3,113.8,45.5,63.4
2026-09-19 19:17:56,mfsweep_shard0,SPT_SMPT,61,7465.62,117,0,1,3074.5,5436.5,2362.1,2,2,74.6,3.2,1194.4,157.2,932.6,74.6
2026-09-19 19:17:56,mfsweep_shard0,SPT_SMPT,61,7465.62,118,0,1,3100.7,5097.1,1996.4,2,2,73.6,2.8,1015.0,151.9,753.0,73.6
2026-09-19 19:17:56,mfsweep_shard0,SPT_SMPT,61,7465.62,119,0,1,3127.0,3617.7,490.7,2,2,58.6,0.0,304.2,110.6,17.3,58.6
2026-09-19 19:17:56,mfsweep_shard0,SPT_SMPT,61,7465.62,120,0,1,3153.3,5869.8,2716.6,2,2,78.7,3.8,1384.2,196.3,1053.6,78.7
2026-09-19 19:17:56,mfsweep_shard0,SPT_SMPT,61,7465.62,121,0,1,3179.6,5033.3,1853.7,2,2,71.3,3.0,945.5,147.9,686.0,71.3
2026-09-19 19:17:56,mfsweep_shard0,SPT_SMPT,61,7465.62,122,0,1,3205.8,5998.2,2792.4,2,2,79.2,4.0,1406.8,200.6,1101.7,79.2
2026-09-19 19:17:56,mfsweep_shard0,SPT_SMPT,61,7465.62,123,0,1,3232.1,4872.7,1640.6,2,2,71.0,3.2,915.5,172.8,478.2,71.0
2026-09-19 19:17:56,mfsweep_shard0,SPT_SMPT,61,7465.62,124,0,1,3258.4,3685.5,427.1,2,2,53.6,0.0,216.6,110.1,46.8,53.6
2026-09-19 19:17:56,mfsweep_shard0,SPT_SMPT,61,7465.62,125,0,1,3284.7,4309.4,1024.7,2,2,64.2,2.5,635.7,97.3,225.0,64.2
2026-09-19 19:17:56,mfsweep_shard0,SPT_SMPT,61,7465.62,126,0,1,3311.0,3754.0,443.1,2,2,54.2,0.0,218.6,111.5,58.7,54.2
2026-09-19 19:17:56,mfsweep_shard0,SPT_SMPT,61,7465.62,127,0,1,3337.2,6967.1,3629.9,2,2,84.2,4.4,1412.0,205.3,1924.0,84.2
2026-09-19 19:17:56,mfsweep_shard0,SPT_SMPT,61,7465.62,128,0,1,3363.5,6599.4,3235.9,2,2,82.5,4.4,1403.7,200.5,1544.7,82.5
2026-09-19 19:17:56,mfsweep_shard0,SPT_SMPT,61,7465.62,129,0,1,3389.8,6128.3,2738.5,2,2,81.0,4.5,1451.6,190.6,1010.8,81.0
2026-09-19 19:17:56,mfsweep_shard0,SPT_SMPT,61,7465.62,130,0,1,3416.1,3857.8,441.7,2,2,63.7,0.0,227.4,85.0,65.6,63.7
2026-09-19 19:17:56,mfsweep_shard0,SPT_SMPT,61,7465.62,131,0,1,3442.3,3772.7,330.4,2,2,55.5,0.0,166.6,102.6,5.7,55.5
2026-09-19 19:17:56,mfsweep_shard0,SPT_SMPT,61,7465.62,132,0,1,3468.6,6531.8,3063.2,2,2,82.5,4.6,1446.6,189.5,1339.9,82.5
2026-09-19 19:17:56,mfsweep_shard0,SPT_SMPT,61,7465.62,133,0,1,3494.9,7106.5,3611.6,2,2,84.8,4.9,1569.1,192.0,1760.8,84.8
2026-09-19 19:17:56,mfsweep_shard0,SPT_SMPT,61,7465.62,134,0,1,3521.2,3813.8,292.6,2,2,56.4,0.0,142.3,80.2,13.7,56.4
2026-09-19 19:17:56,mfsweep_shard0,SPT_SMPT,61,7465.62,135,0,1,3547.5,4976.5,1429.0,2,2,69.6,3.7,1005.6,136.7,213.5,69.6
2026-09-19 19:17:56,mfsweep_shard0,SPT_SMPT,61,7465.62,136,0,1,3573.7,4345.9,772.1,2,2,55.8,2.9,547.9,86.0,44.9,90.4
2026-09-19 19:22:30,mfsweep_shard0,SPT_SMPT,62,6441.16,0,0,1,0.0,423.8,423.8,2,2,74.6,0.0,113.4,132.0,95.3,83.0
2026-09-19 19:22:30,mfsweep_shard0,SPT_SMPT,62,6441.16,1,0,1,26.3,373.7,347.4,2,2,54.4,0.1,148.4,106.2,38.4,54.4
2026-09-19 19:22:30,mfsweep_shard0,SPT_SMPT,62,6441.16,2,0,1,52.6,356.1,303.6,2,2,62.6,0.0,101.1,104.9,35.0,62.6
2026-09-19 19:22:30,mfsweep_shard0,SPT_SMPT,62,6441.16,3,0,1,78.8,270.1,191.3,2,2,60.9,0.0,15.4,114.9,0.0,60.9
2026-09-19 19:22:30,mfsweep_shard0,SPT_SMPT,62,6441.16,4,0,1,105.1,488.6,383.4,2,2,77.8,0.0,95.7,190.6,4.4,92.8
2026-09-19 19:22:30,mfsweep_shard0,SPT_SMPT,62,6441.16,5,0,1,131.4,398.0,266.6,2,2,75.9,0.0,76.5,114.2,0.0,75.9
2026-09-19 19:22:30,mfsweep_shard0,SPT_SMPT,62,6441.16,6,0,1,157.7,1216.9,1059.2,2,2,83.0,0.0,74.0,178.7,723.5,83.0
2026-09-19 19:22:30,mfsweep_shard0,SPT_SMPT,62,6441.16,7,0,1,183.9,431.0,247.0,2,2,56.4,0.0,62.8,118.0,9.8,56.4
2026-09-19 19:22:30,mfsweep_shard0,SPT_SMPT,62,6441.16,8,0,1,210.2,911.3,701.0,2,2,67.5,0.1,118.4,179.0,336.1,67.5
2026-09-19 19:22:30,mfsweep_shard0,SPT_SMPT,62,6441.16,9,0,1,236.5,500.4,263.9,2,2,54.5,0.0,33.7,114.1,61.6,54.5
2026-09-19 19:22:30,mfsweep_shard0,SPT_SMPT,62,6441.16,10,0,1,262.8,570.7,307.9,2,2,60.8,0.0,110.7,127.1,9.4,60.8
2026-09-19 19:22:30,mfsweep_shard0,SPT_SMPT,62,6441.16,11,0,1,289.1,964.6,675.6,2,2,70.2,0.1,173.3,147.7,284.3,70.2
2026-09-19 19:22:30,mfsweep_shard0,SPT_SMPT,62,6441.16,12,0,1,315.3,779.5,464.2,2,2,54.4,0.1,172.7,162.0,40.2,89.2
2026-09-19 19:22:30,mfsweep_shard0,SPT_SMPT,62,6441.16,13,0,1,341.6,749.6,408.0,2,2,60.1,0.1,158.8,167.3,21.7,60.1
2026-09-19 19:22:30,mfsweep_shard0,SPT_SMPT,62,6441.16,14,0,1,367.9,1077.3,709.4,2,2,75.0,0.1,196.2,146.8,291.3,75.0
2026-09-19 19:22:30,mfsweep_shard0,SPT_SMPT,62,6441.16,15,0,1,394.2,1033.5,639.3,2,2,71.5,0.2,154.3,157.7,255.7,71.5
2026-09-19 19:22:30,mfsweep_shard0,SPT_SMPT,62,6441.16,16,0,1,420.4,847.1,426.6,2,2,60.8,0.2,158.9,113.1,93.5,60.8
2026-09-19 19:22:30,mfsweep_shard0,SPT_SMPT,62,6441.16,17,0,1,446.7,661.3,214.6,2,2,73.0,0.0,26.3,115.2,0.0,73.0
2026-09-19 19:22:30,mfsweep_shard0,SPT_SMPT,62,6441.16,18,0,1,473.0,1163.8,690.8,2,2,80.3,0.0,56.4,128.9,425.2,80.3
2026-09-19 19:22:30,mfsweep_shard0,SPT_SMPT,62,6441.16,19,0,1,499.3,806.8,307.5,2,2,53.8,0.0,91.6,140.9,21.3,53.8
2026-09-19 19:22:30,mfsweep_shard0,SPT_SMPT,62,6441.16,20,0,1,525.6,3277.1,2751.6,2,2,80.1,0.0,270.7,218.0,2182.7,80.1
2026-09-19 19:22:30,mfsweep_shard0,SPT_SMPT,62,6441.16,21,0,1,551.8,868.4,316.6,2,2,76.6,0.0,119.6,117.1,3.3,76.6
2026-09-19 19:22:30,mfsweep_shard0,SPT_SMPT,62,6441.16,22,0,1,578.1,923.0,344.9,2,2,64.8,0.0,118.9,131.3,29.9,64.8
2026-09-19 19:22:30,mfsweep_shard0,SPT_SMPT,62,6441.16,23,0,1,604.4,942.5,338.1,2,2,58.7,0.0,138.4,127.8,13.2,58.7
2026-09-19 19:22:30,mfsweep_shard0,SPT_SMPT,62,6441.16,24,0,1,630.7,4119.2,3488.6,2,2,85.1,0.1,277.1,212.3,2913.9,85.1
2026-09-19 19:22:30,mfsweep_shard0,SPT_SMPT,62,6441.16,25,0,1,656.9,1070.1,413.2,2,2,64.7,0.0,93.6,120.1,134.8,64.7
2026-09-19 19:22:30,mfsweep_shard0,SPT_SMPT,62,6441.16,26,0,1,683.2,976.5,293.2,2,2,56.6,0.0,96.5,110.5,29.6,56.6
2026-09-19 19:22:30,mfsweep_shard0,SPT_SMPT,62,6441.16,27,0,1,709.5,1063.0,353.5,2,2,56.7,0.0,101.9,146.6,39.1,66.0
2026-09-19 19:22:30,mfsweep_shard0,SPT_SMPT,62,6441.16,28,0,1,735.8,2149.8,1414.0,2,2,81.5,0.1,183.6,155.1,993.7,81.5
2026-09-19 19:22:30,mfsweep_shard0,SPT_SMPT,62,6441.16,29,0,1,762.0,2550.6,1788.5,2,2,73.5,0.2,313.7,162.7,1238.4,73.5
2026-09-19 19:22:30,mfsweep_shard0,SPT_SMPT,62,6441.16,30,0,1,788.3,3347.5,2559.2,2,2,80.2,0.3,275.4,170.2,2033.1,80.2
2026-09-19 19:22:30,mfsweep_shard0,SPT_SMPT,62,6441.16,31,0,1,814.6,3226.0,2411.4,2,2,77.6,0.3,301.6,156.7,1858.5,94.4
2026-09-19 19:22:30,mfsweep_shard0,SPT_SMPT,62,6441.16,32,0,1,840.9,1183.2,342.3,2,2,71.2,0.0,132.3,103.8,34.9,71.2
2026-09-19 19:22:30,mfsweep_shard0,SPT_SMPT,62,6441.16,33,0,1,867.2,6141.3,5274.1,2,2,85.7,0.4,353.0,177.5,4657.6,85.7
2026-09-19 19:22:30,mfsweep_shard0,SPT_SMPT,62,6441.16,34,0,1,893.4,1199.5,306.0,2,2,66.0,0.0,76.3,110.5,53.2,66.0
2026-09-19 19:22:30,mfsweep_shard0,SPT_SMPT,62,6441.16,35,0,1,919.7,1304.3,384.6,2,2,71.8,0.0,100.7,144.8,67.3,71.8
2026-09-19 19:22:30,mfsweep_shard0,SPT_SMPT,62,6441.16,36,0,1,946.0,4195.1,3249.1,2,2,80.9,0.5,381.4,189.8,2556.1,121.4
2026-09-19 19:22:30,mfsweep_shard0,SPT_SMPT,62,6441.16,37,0,1,972.3,2166.0,1193.7,2,2,74.0,0.2,239.3,154.5,725.7,74.0
2026-09-19 19:22:30,mfsweep_shard0,SPT_SMPT,62,6441.16,38,0,1,998.5,2247.6,1249.1,2,2,82.0,0.2,235.0,134.3,797.5,82.0
2026-09-19 19:22:30,mfsweep_shard0,SPT_SMPT,62,6441.16,39,0,1,1024.8,1334.4,309.6,2,2,72.6,0.0,89.8,118.0,29.1,72.6
2026-09-19 19:22:30,mfsweep_shard0,SPT_SMPT,62,6441.16,40,0,1,1051.1,2157.0,1105.9,2,2,76.8,0.2,155.1,177.0,696.7,76.8
2026-09-19 19:22:30,mfsweep_shard0,SPT_SMPT,62,6441.16,41,0,1,1077.4,1327.3,250.0,2,2,55.1,0.0,37.0,124.3,33.6,55.1
2026-09-19 19:22:30,mfsweep_shard0,SPT_SMPT,62,6441.16,42,0,1,1103.7,1435.7,332.1,2,2,61.1,0.0,126.3,117.5,27.2,61.1
2026-09-19 19:22:30,mfsweep_shard0,SPT_SMPT,62,6441.16,43,0,1,1129.9,1754.5,624.6,2,2,63.1,0.0,123.4,128.3,309.8,63.1
2026-09-19 19:22:30,mfsweep_shard0,SPT_SMPT,62,6441.16,44,0,1,1156.2,1468.6,312.4,2,2,56.2,0.0,117.2,129.8,9.2,56.2
2026-09-19 19:22:30,mfsweep_shard0,SPT_SMPT,62,6441.16,45,0,1,1182.5,1518.7,336.3,2,2,61.2,0.0,76.7,142.3,56.0,61.2
2026-09-19 19:22:30,mfsweep_shard0,SPT_SMPT,62,6441.16,46,0,1,1208.8,1628.9,420.1,2,2,56.9,0.0,171.4,156.1,35.7,56.9
2026-09-19 19:22:30,mfsweep_shard0,SPT_SMPT,62,6441.16,47,0,1,1235.0,1560.9,325.9,2,2,62.7,0.0,48.3,189.1,25.7,62.7
2026-09-19 19:22:30,mfsweep_shard0,SPT_SMPT,62,6441.16,48,0,1,1261.3,2951.7,1690.4,2,2,74.5,0.4,287.4,208.1,1086.5,108.0
2026-09-19 19:22:30,mfsweep_shard0,SPT_SMPT,62,6441.16,49,0,1,1287.6,1817.1,529.5,2,2,65.6,0.0,62.6,124.8,276.6,65.6
2026-09-19 19:22:30,mfsweep_shard0,SPT_SMPT,62,6441.16,50,0,1,1313.9,1920.8,607.0,2,2,65.8,0.0,64.4,141.6,335.2,65.8
2026-09-19 19:22:30,mfsweep_shard0,SPT_SMPT,62,6441.16,51,0,1,1340.2,1612.4,272.3,2,2,60.5,0.0,21.4,163.0,27.3,60.5
2026-09-19 19:22:30,mfsweep_shard0,SPT_SMPT,62,6441.16,52,0,1,1366.4,1645.2,278.8,2,2,62.4,0.0,48.0,106.1,62.3,62.4
2026-09-19 19:22:30,mfsweep_shard0,SPT_SMPT,62,6441.16,53,0,1,1392.7,5860.3,4467.6,2,2,84.5,0.6,398.2,240.3,3744.1,84.5
2026-09-19 19:22:30,mfsweep_shard0,SPT_SMPT,62,6441.16,54,0,1,1419.0,2212.8,793.8,2,2,74.9,0.5,221.3,160.4,336.7,74.9
2026-09-19 19:22:30,mfsweep_shard0,SPT_SMPT,62,6441.16,55,0,1,1445.3,2582.0,1136.8,2,2,73.6,0.7,316.3,187.0,559.2,73.6
2026-09-19 19:22:30,mfsweep_shard0,SPT_SMPT,62,6441.16,56,0,1,1471.5,1747.3,275.7,2,2,59.2,0.0,36.7,143.8,36.0,59.2
2026-09-19 19:22:30,mfsweep_shard0,SPT_SMPT,62,6441.16,57,0,1,1497.8,3135.5,1637.7,2,2,77.6,0.7,386.0,177.9,995.4,77.6
2026-09-19 19:22:30,mfsweep_shard0,SPT_SMPT,62,6441.16,58,0,1,1524.1,1833.7,309.6,2,2,58.9,0.0,113.4,135.5,1.8,58.9
2026-09-19 19:22:30,mfsweep_shard0,SPT_SMPT,62,6441.16,59,0,1,1550.4,2321.8,771.4,2,2,66.1,0.8,353.0,185.4,144.5,87.7
2026-09-19 19:22:30,mfsweep_shard0,SPT_SMPT,62,6441.16,60,0,1,1576.6,6212.5,4635.8,2,2,86.2,1.0,554.0,209.4,3785.1,86.2
2026-09-19 19:22:30,mfsweep_shard0,SPT_SMPT,62,6441.16,61,0,1,1602.9,3021.2,1418.3,2,2,74.7,0.9,412.7,185.2,744.9,74.7
2026-09-19 19:22:30,mfsweep_shard0,SPT_SMPT,62,6441.16,62,0,1,1629.2,2407.0,777.8,2,2,71.9,1.0,399.9,179.0,126.1,71.9
2026-09-19 19:22:30,mfsweep_shard0,SPT_SMPT,62,6441.16,63,0,1,1655.5,3083.4,1427.9,2,2,76.1,1.0,410.3,173.2,767.3,76.1
2026-09-19 19:22:30,mfsweep_shard0,SPT_SMPT,62,6441.16,64,0,1,1681.8,5112.1,3430.3,2,2,81.4,1.3,661.8,170.5,2515.4,81.4
2026-09-19 19:22:30,mfsweep_shard0,SPT_SMPT,62,6441.16,65,0,1,1708.0,2012.3,304.2,2,2,79.2,0.0,123.1,101.9,0.0,79.2
2026-09-19 19:22:30,mfsweep_shard0,SPT_SMPT,62,6441.16,66,0,1,1734.3,2059.3,325.0,2,2,61.1,0.0,129.1,126.9,7.8,61.1
2026-09-19 19:22:30,mfsweep_shard0,SPT_SMPT,62,6441.16,67,0,1,1760.6,2442.8,682.2,2,2,54.6,1.2,465.3,113.9,47.3,54.6
2026-09-19 19:22:30,mfsweep_shard0,SPT_SMPT,62,6441.16,68,0,1,1786.9,2100.1,313.3,2,2,64.0,0.0,102.6,124.7,22.0,64.0
2026-09-19 19:22:30,mfsweep_shard0,SPT_SMPT,62,6441.16,69,0,1,1813.1,2285.1,472.0,2,2,62.4,0.0,215.4,135.7,58.4,62.4
2026-09-19 19:22:30,mfsweep_shard0,SPT_SMPT,62,6441.16,70,0,1,1839.4,2488.8,649.3,2,2,60.5,0.0,411.2,109.4,68.2,60.5
2026-09-19 19:22:30,mfsweep_shard0,SPT_SMPT,62,6441.16,71,0,1,1865.7,2450.0,584.3,2,2,84.7,0.0,379.3,120.3,0.0,84.7
2026-09-19 19:22:30,mfsweep_shard0,SPT_SMPT,62,6441.16,72,0,1,1892.0,5381.1,3489.2,2,2,82.5,0.3,615.2,174.4,2616.8,82.5
2026-09-19 19:22:30,mfsweep_shard0,SPT_SMPT,62,6441.16,73,0,1,1918.3,2617.7,699.5,2,2,63.9,0.0,406.1,162.0,38.6,92.7
2026-09-19 19:22:30,mfsweep_shard0,SPT_SMPT,62,6441.16,74,0,1,1944.5,2624.8,680.3,2,2,75.2,0.0,453.9,140.5,10.7,75.2
2026-09-19 19:22:30,mfsweep_shard0,SPT_SMPT,62,6441.16,75,0,1,1970.8,2631.9,661.1,2,2,66.6,0.1,401.1,133.9,50.5,75.5
2026-09-19 19:22:30,mfsweep_shard0,SPT_SMPT,62,6441.16,76,0,1,1997.1,5721.7,3724.6,2,2,83.7,0.4,612.8,165.8,2861.9,83.7
2026-09-19 19:22:30,mfsweep_shard0,SPT_SMPT,62,6441.16,77,0,1,2023.4,2841.5,818.1,2,2,68.7,0.1,446.1,148.0,155.2,68.7
2026-09-19 19:22:30,mfsweep_shard0,SPT_SMPT,62,6441.16,78,0,1,2049.6,2799.9,750.3,2,2,62.3,0.1,435.0,155.7,97.2,62.3
2026-09-19 19:22:30,mfsweep_shard0,SPT_SMPT,62,6441.16,79,0,1,2075.9,2704.3,628.3,2,2,61.7,0.2,394.7,125.7,46.1,61.7
2026-09-19 19:22:30,mfsweep_shard0,SPT_SMPT,62,6441.16,80,0,1,2102.2,2898.5,796.3,2,2,72.1,0.1,409.3,113.6,201.2,72.1
2026-09-19 19:22:30,mfsweep_shard0,SPT_SMPT,62,6441.16,81,0,1,2128.5,2746.8,618.3,2,2,62.2,0.1,385.2,117.7,53.1,62.2
2026-09-19 19:22:30,mfsweep_shard0,SPT_SMPT,62,6441.16,82,0,1,2154.7,2782.5,627.8,2,2,72.8,0.1,462.8,92.0,0.0,72.8
2026-09-19 19:22:30,mfsweep_shard0,SPT_SMPT,62,6441.16,83,0,1,2181.0,5584.3,3403.3,2,2,83.2,0.3,528.3,120.3,2671.2,83.2
2026-09-19 19:22:30,mfsweep_shard0,SPT_SMPT,62,6441.16,84,0,1,2207.3,2819.3,612.0,2,2,66.7,0.2,412.4,128.5,4.1,66.7
2026-09-19 19:22:30,mfsweep_shard0,SPT_SMPT,62,6441.16,85,0,1,2233.6,2858.0,624.4,2,2,60.8,0.2,425.2,104.2,34.0,60.8
2026-09-19 19:22:30,mfsweep_shard0,SPT_SMPT,62,6441.16,86,0,1,2259.9,6441.2,4181.3,2,2,86.5,0.4,545.2,152.9,3367.4,115.5
2026-09-19 19:22:30,mfsweep_shard0,SPT_SMPT,62,6441.16,87,0,1,2286.1,3201.4,915.3,2,2,70.4,0.2,355.8,103.1,385.8,70.4
2026-09-19 19:22:30,mfsweep_shard0,SPT_SMPT,62,6441.16,88,0,1,2312.4,2910.0,597.6,2,2,56.5,0.2,395.5,100.8,44.4,56.5
2026-09-19 19:22:30,mfsweep_shard0,SPT_SMPT,62,6441.16,89,0,1,2338.7,2877.3,538.6,2,2,55.1,0.3,328.5,106.6,48.1,55.1
2026-09-19 19:22:30,mfsweep_shard0,SPT_SMPT,62,6441.16,90,0,1,2365.0,2968.3,603.4,2,2,57.2,0.0,312.8,114.6,118.8,57.2
2026-09-19 19:22:30,mfsweep_shard0,SPT_SMPT,62,6441.16,91,0,1,2391.2,4245.7,1854.5,2,2,74.3,0.2,471.7,120.1,1188.1,74.3
2026-09-19 19:22:30,mfsweep_shard0,SPT_SMPT,62,6441.16,92,0,1,2417.5,4979.8,2562.3,2,2,79.7,0.3,485.5,128.6,1868.2,79.7
2026-09-19 19:22:30,mfsweep_shard0,SPT_SMPT,62,6441.16,93,0,1,2443.8,3056.5,612.7,2,2,67.5,0.0,385.0,119.1,41.0,67.5
2026-09-19 19:22:30,mfsweep_shard0,SPT_SMPT,62,6441.16,94,0,1,2470.1,3090.5,620.4,2,2,55.6,0.0,453.4,108.8,2.5,55.6
2026-09-19 19:22:30,mfsweep_shard0,SPT_SMPT,62,6441.16,95,0,1,2496.4,3189.7,693.3,2,2,66.1,0.0,397.3,104.3,125.5,66.1
2026-09-19 19:22:30,mfsweep_shard0,SPT_SMPT,62,6441.16,96,0,1,2522.6,6283.9,3761.2,2,2,86.4,0.3,553.0,124.6,2996.8,86.4
2026-09-19 19:22:30,mfsweep_shard0,SPT_SMPT,62,6441.16,97,0,1,2548.9,3245.2,696.3,2,2,71.0,0.1,358.2,102.8,164.2,71.0
2026-09-19 19:22:30,mfsweep_shard0,SPT_SMPT,62,6441.16,98,0,1,2575.2,6070.6,3495.5,2,2,85.6,0.4,566.9,126.3,2716.3,85.6
2026-09-19 19:22:30,mfsweep_shard0,SPT_SMPT,62,6441.16,99,0,1,2601.5,5179.0,2577.6,2,2,82.0,0.4,505.8,119.9,1869.5,82.0
2026-09-19 19:22:30,mfsweep_shard0,SPT_SMPT,62,6441.16,100,0,1,2627.7,3147.1,519.4,2,2,53.9,0.2,342.0,114.5,8.8,53.9
2026-09-19 19:22:30,mfsweep_shard0,SPT_SMPT,62,6441.16,101,0,1,2654.0,4787.2,2133.2,2,2,77.3,0.5,494.9,133.0,1427.5,77.3
2026-09-19 19:22:30,mfsweep_shard0,SPT_SMPT,62,6441.16,102,0,1,2680.3,4310.5,1630.2,2,2,76.0,0.5,470.1,135.2,948.3,76.0
2026-09-19 19:22:30,mfsweep_shard0,SPT_SMPT,62,6441.16,103,0,1,2706.6,4359.1,1652.5,2,2,71.3,0.5,507.7,126.4,946.7,71.3
2026-09-19 19:22:30,mfsweep_shard0,SPT_SMPT,62,6441.16,104,0,1,2732.9,3407.7,674.8,2,2,62.4,0.2,395.2,117.5,99.5,62.4
2026-09-19 19:22:30,mfsweep_shard0,SPT_SMPT,62,6441.16,105,0,1,2759.1,4724.9,1965.8,2,2,74.7,0.6,536.5,124.9,1229.2,74.7
2026-09-19 19:22:30,mfsweep_shard0,SPT_SMPT,62,6441.16,106,0,1,2785.4,3320.3,534.9,2,2,57.2,0.3,316.2,108.8,52.4,57.2
2026-09-19 19:22:30,mfsweep_shard0,SPT_SMPT,62,6441.16,107,0,1,2811.7,3443.2,631.5,2,2,67.9,0.0,321.5,113.0,129.1,67.9
2026-09-19 19:22:30,mfsweep_shard0,SPT_SMPT,62,6441.16,108,0,1,2838.0,3498.2,660.3,2,2,68.5,0.0,291.2,118.6,182.0,68.5
2026-09-19 19:22:30,mfsweep_shard0,SPT_SMPT,62,6441.16,109,0,1,2864.2,6000.1,3135.8,2,2,85.0,0.4,540.2,127.6,2382.6,85.0
2026-09-19 19:22:30,mfsweep_shard0,SPT_SMPT,62,6441.16,110,0,1,2890.5,5313.7,2423.2,2,2,82.4,0.4,547.2,118.6,1674.5,82.4
2026-09-19 19:22:30,mfsweep_shard0,SPT_SMPT,62,6441.16,111,0,1,2916.8,3414.9,498.1,2,2,62.2,0.0,276.6,118.8,40.4,62.2
2026-09-19 19:22:30,mfsweep_shard0,SPT_SMPT,62,6441.16,112,0,1,2943.1,3735.3,792.2,2,2,70.1,0.0,389.1,118.0,215.1,70.1
2026-09-19 19:22:30,mfsweep_shard0,SPT_SMPT,62,6441.16,113,0,1,2969.3,3591.6,622.3,2,2,59.4,0.0,407.2,126.0,29.5,59.4
2026-09-19 19:22:30,mfsweep_shard0,SPT_SMPT,62,6441.16,114,0,1,2995.6,5653.0,2657.3,2,2,83.7,0.5,631.0,141.6,1800.6,83.7
2026-09-19 19:22:30,mfsweep_shard0,SPT_SMPT,62,6441.16,115,0,1,3021.9,5246.3,2224.4,2,2,82.3,0.5,598.1,139.1,1404.4,82.3
2026-09-19 19:22:30,mfsweep_shard0,SPT_SMPT,62,6441.16,116,0,1,3048.2,3625.5,577.3,2,2,63.4,0.0,286.0,108.8,119.1,63.4
2026-09-19 19:22:30,mfsweep_shard0,SPT_SMPT,62,6441.16,117,0,1,3074.5,4665.2,1590.8,2,2,74.6,0.5,610.1,135.3,770.2,74.6
2026-09-19 19:22:30,mfsweep_shard0,SPT_SMPT,62,6441.16,118,0,1,3100.7,4454.3,1353.6,2,2,73.6,0.5,634.2,129.9,515.4,73.6
2026-09-19 19:22:30,mfsweep_shard0,SPT_SMPT,62,6441.16,119,0,1,3127.0,3613.7,486.7,2,2,58.6,0.0,249.0,101.5,77.5,58.6
2026-09-19 19:22:30,mfsweep_shard0,SPT_SMPT,62,6441.16,120,0,1,3153.3,4850.9,1697.6,2,2,78.7,0.5,653.0,121.3,844.0,78.7
2026-09-19 19:22:30,mfsweep_shard0,SPT_SMPT,62,6441.16,121,0,1,3179.6,4606.1,1426.5,2,2,71.3,0.6,636.1,136.2,582.3,71.3
2026-09-19 19:22:30,mfsweep_shard0,SPT_SMPT,62,6441.16,122,0,1,3205.8,4915.1,1709.3,2,2,79.2,0.6,620.2,133.4,875.8,79.2
2026-09-19 19:22:30,mfsweep_shard0,SPT_SMPT,62,6441.16,123,0,1,3232.1,4495.2,1263.1,2,2,71.0,0.6,623.7,135.7,432.1,71.0
2026-09-19 19:22:30,mfsweep_shard0,SPT_SMPT,62,6441.16,124,0,1,3258.4,3728.3,469.9,2,2,53.6,0.0,240.8,111.3,64.2,53.6
2026-09-19 19:22:30,mfsweep_shard0,SPT_SMPT,62,6441.16,125,0,1,3284.7,3989.4,704.8,2,2,64.2,0.0,240.6,90.8,309.1,64.2
2026-09-19 19:22:30,mfsweep_shard0,SPT_SMPT,62,6441.16,126,0,1,3311.0,3786.5,475.5,2,2,54.2,0.0,235.8,99.1,86.4,54.2
2026-09-19 19:22:30,mfsweep_shard0,SPT_SMPT,62,6441.16,127,0,1,3337.2,5790.8,2453.6,2,2,84.2,0.6,553.6,126.6,1688.6,84.2
2026-09-19 19:22:30,mfsweep_shard0,SPT_SMPT,62,6441.16,128,0,1,3363.5,5516.2,2152.7,2,2,82.5,0.6,626.7,127.6,1315.2,82.5
2026-09-19 19:22:30,mfsweep_shard0,SPT_SMPT,62,6441.16,129,0,1,3389.8,5045.7,1656.0,2,2,81.0,0.7,577.9,138.3,858.2,81.0
2026-09-19 19:22:30,mfsweep_shard0,SPT_SMPT,62,6441.16,130,0,1,3416.1,3939.7,523.7,2,2,63.7,0.0,172.5,107.8,179.6,63.7
2026-09-19 19:22:30,mfsweep_shard0,SPT_SMPT,62,6441.16,131,0,1,3442.3,3815.9,373.5,2,2,55.5,0.0,171.2,101.7,45.1,55.5
2026-09-19 19:22:30,mfsweep_shard0,SPT_SMPT,62,6441.16,132,0,1,3468.6,5448.6,1980.0,2,2,82.5,0.7,577.2,122.1,1197.6,82.5
2026-09-19 19:22:30,mfsweep_shard0,SPT_SMPT,62,6441.16,133,0,1,3494.9,5930.1,2435.2,2,2,84.8,0.7,574.3,124.9,1650.5,84.8
2026-09-19 19:22:30,mfsweep_shard0,SPT_SMPT,62,6441.16,134,0,1,3521.2,3850.2,329.1,2,2,56.4,0.0,125.3,96.0,51.3,56.4
2026-09-19 19:22:30,mfsweep_shard0,SPT_SMPT,62,6441.16,135,0,1,3547.5,4549.3,1001.8,2,2,69.6,0.7,570.0,119.1,217.6,94.5
2026-09-19 19:22:30,mfsweep_shard0,SPT_SMPT,62,6441.16,136,0,1,3573.7,3891.5,317.8,2,2,55.8,0.0,124.4,88.5,49.0,55.8
2026-09-19 19:26:41,mfsweep_shard0,SPT_SMPT,63,5781.94,0,0,1,0.0,248.9,248.9,2,2,74.6,0.0,68.8,105.5,0.0,74.6
2026-09-19 19:26:41,mfsweep_shard0,SPT_SMPT,63,5781.94,1,0,1,26.3,260.6,234.3,2,2,54.4,0.0,48.4,110.8,20.6,54.4
2026-09-19 19:26:41,mfsweep_shard0,SPT_SMPT,63,5781.94,2,0,1,52.6,338.9,286.3,2,2,62.6,0.0,42.7,96.5,84.6,62.6
2026-09-19 19:26:41,mfsweep_shard0,SPT_SMPT,63,5781.94,3,0,1,78.8,346.1,267.3,2,2,60.9,0.0,94.9,101.2,10.2,60.9
2026-09-19 19:26:41,mfsweep_shard0,SPT_SMPT,63,5781.94,4,0,1,105.1,687.5,582.4,2,2,77.8,0.0,126.8,139.4,238.3,77.8
2026-09-19 19:26:41,mfsweep_shard0,SPT_SMPT,63,5781.94,5,0,1,131.4,460.7,329.3,2,2,75.9,0.0,139.6,99.7,14.1,75.9
2026-09-19 19:26:41,mfsweep_shard0,SPT_SMPT,63,5781.94,6,0,1,157.7,1509.8,1352.2,2,2,83.0,0.1,124.3,153.0,991.9,83.0
2026-09-19 19:26:41,mfsweep_shard0,SPT_SMPT,63,5781.94,7,0,1,183.9,515.8,331.8,2,2,56.4,0.0,53.1,174.4,46.9,57.4
2026-09-19 19:26:41,mfsweep_shard0,SPT_SMPT,63,5781.94,8,0,1,210.2,485.7,275.5,2,2,67.5,0.0,72.4,122.5,13.1,67.5
2026-09-19 19:26:41,mfsweep_shard0,SPT_SMPT,63,5781.94,9,0,1,236.5,756.8,520.3,2,2,54.5,0.1,185.2,182.7,97.8,54.5
2026-09-19 19:26:41,mfsweep_shard0,SPT_SMPT,63,5781.94,10,0,1,262.8,626.7,363.9,2,2,60.8,0.0,137.7,156.0,9.4,60.8
2026-09-19 19:26:41,mfsweep_shard0,SPT_SMPT,63,5781.94,11,0,1,289.1,828.3,539.3,2,2,70.2,0.1,161.6,174.1,133.3,70.2
2026-09-19 19:26:41,mfsweep_shard0,SPT_SMPT,63,5781.94,12,0,1,315.3,723.0,407.7,2,2,54.4,0.1,141.3,178.2,26.9,61.2
2026-09-19 19:26:41,mfsweep_shard0,SPT_SMPT,63,5781.94,13,0,1,341.6,615.2,273.6,2,2,60.1,0.0,64.5,149.0,0.0,60.1
2026-09-19 19:26:41,mfsweep_shard0,SPT_SMPT,63,5781.94,14,0,1,367.9,936.1,568.2,2,2,75.0,0.0,179.2,118.4,195.6,75.0
2026-09-19 19:26:41,mfsweep_shard0,SPT_SMPT,63,5781.94,15,0,1,394.2,850.4,456.2,2,2,71.5,0.0,104.7,127.9,152.0,71.5
2026-09-19 19:26:41,mfsweep_shard0,SPT_SMPT,63,5781.94,16,0,1,420.4,730.1,309.7,2,2,60.8,0.0,126.2,117.8,4.8,60.8
2026-09-19 19:26:41,mfsweep_shard0,SPT_SMPT,63,5781.94,17,0,1,446.7,1064.3,617.6,2,2,73.0,0.0,264.8,167.2,112.6,73.0
2026-09-19 19:26:41,mfsweep_shard0,SPT_SMPT,63,5781.94,18,0,1,473.0,1353.8,880.8,2,2,80.3,0.0,218.2,163.5,382.0,117.1
2026-09-19 19:26:41,mfsweep_shard0,SPT_SMPT,63,5781.94,19,0,1,499.3,1008.2,508.9,2,2,53.8,0.1,221.7,158.0,75.4,53.8
2026-09-19 19:26:41,mfsweep_shard0,SPT_SMPT,63,5781.94,20,0,1,525.6,1153.6,628.1,2,2,80.1,0.1,226.4,117.7,203.7,80.1
2026-09-19 19:26:41,mfsweep_shard0,SPT_SMPT,63,5781.94,21,0,1,551.8,892.8,341.0,2,2,76.6,0.0,147.3,100.0,17.1,76.6
2026-09-19 19:26:41,mfsweep_shard0,SPT_SMPT,63,5781.94,22,0,1,578.1,929.0,350.9,2,2,64.8,0.0,114.4,101.3,70.3,64.8
2026-09-19 19:26:41,mfsweep_shard0,SPT_SMPT,63,5781.94,23,0,1,604.4,957.7,353.3,2,2,58.7,0.1,112.7,108.2,73.6,58.7
2026-09-19 19:26:41,mfsweep_shard0,SPT_SMPT,63,5781.94,24,0,1,630.7,1570.1,939.4,2,2,85.1,0.1,97.3,118.7,638.1,85.1
2026-09-19 19:26:41,mfsweep_shard0,SPT_SMPT,63,5781.94,25,0,1,656.9,979.1,322.2,2,2,64.7,0.0,133.0,124.5,0.0,64.7
2026-09-19 19:26:41,mfsweep_shard0,SPT_SMPT,63,5781.94,26,0,1,683.2,1139.3,456.1,2,2,56.6,0.0,197.3,146.8,54.3,57.8
2026-09-19 19:26:41,mfsweep_shard0,SPT_SMPT,63,5781.94,27,0,1,709.5,1032.5,323.0,2,2,56.7,0.0,107.4,108.3,50.6,56.7
2026-09-19 19:26:41,mfsweep_shard0,SPT_SMPT,63,5781.94,28,0,1,735.8,1422.3,686.5,2,2,81.5,0.0,216.2,149.5,239.3,81.5
2026-09-19 19:26:41,mfsweep_shard0,SPT_SMPT,63,5781.94,29,0,1,762.0,1081.7,319.6,2,2,73.5,0.0,148.9,89.3,7.9,73.5
2026-09-19 19:26:41,mfsweep_shard0,SPT_SMPT,63,5781.94,30,0,1,788.3,1301.6,513.3,2,2,80.2,0.1,229.7,108.7,94.6,80.2
2026-09-19 19:26:41,mfsweep_shard0,SPT_SMPT,63,5781.94,31,0,1,814.6,1245.6,431.0,2,2,77.6,0.0,212.1,126.4,14.8,77.6
2026-09-19 19:26:41,mfsweep_shard0,SPT_SMPT,63,5781.94,32,0,1,840.9,1146.6,305.7,2,2,71.2,0.0,108.2,89.6,36.6,71.2
2026-09-19 19:26:41,mfsweep_shard0,SPT_SMPT,63,5781.94,33,0,1,867.2,1653.4,786.2,2,2,85.7,0.0,186.6,118.7,395.3,85.7
2026-09-19 19:26:41,mfsweep_shard0,SPT_SMPT,63,5781.94,34,0,1,893.4,1274.6,381.1,2,2,66.0,0.0,205.3,109.8,0.0,66.0
2026-09-19 19:26:41,mfsweep_shard0,SPT_SMPT,63,5781.94,35,0,1,919.7,1325.6,405.9,2,2,71.8,0.0,178.8,115.6,39.7,71.8
2026-09-19 19:26:41,mfsweep_shard0,SPT_SMPT,63,5781.94,36,0,1,946.0,1767.1,821.1,2,2,80.9,0.0,206.5,155.2,378.5,80.9
2026-09-19 19:26:41,mfsweep_shard0,SPT_SMPT,63,5781.94,37,0,1,972.3,3438.4,2466.1,2,2,74.0,0.1,283.1,220.1,1888.9,74.0
2026-09-19 19:26:41,mfsweep_shard0,SPT_SMPT,63,5781.94,38,0,1,998.5,4348.5,3349.9,2,2,82.0,0.1,310.1,256.5,2665.5,117.7
2026-09-19 19:26:41,mfsweep_shard0,SPT_SMPT,63,5781.94,39,0,1,1024.8,2780.7,1755.9,2,2,72.6,0.2,269.2,224.3,1152.3,110.0
2026-09-19 19:26:41,mfsweep_shard0,SPT_SMPT,63,5781.94,40,0,1,1051.1,3836.3,2785.2,2,2,76.8,0.2,385.3,202.3,2120.5,76.8
2026-09-19 19:26:41,mfsweep_shard0,SPT_SMPT,63,5781.94,41,0,1,1077.4,1388.4,311.1,2,2,55.1,0.0,136.0,106.7,13.2,55.1
2026-09-19 19:26:41,mfsweep_shard0,SPT_SMPT,63,5781.94,42,0,1,1103.7,1438.9,335.3,2,2,61.1,0.0,122.7,108.5,43.0,61.1
2026-09-19 19:26:41,mfsweep_shard0,SPT_SMPT,63,5781.94,43,0,1,1129.9,1759.9,630.0,2,2,63.1,0.1,153.6,177.5,235.6,63.1
2026-09-19 19:26:41,mfsweep_shard0,SPT_SMPT,63,5781.94,44,0,1,1156.2,1456.2,300.0,2,2,56.2,0.0,77.3,116.6,49.9,56.2
2026-09-19 19:26:41,mfsweep_shard0,SPT_SMPT,63,5781.94,45,0,1,1182.5,1516.9,334.4,2,2,61.2,0.0,101.9,107.3,64.0,61.2
2026-09-19 19:26:41,mfsweep_shard0,SPT_SMPT,63,5781.94,46,0,1,1208.8,1498.1,289.4,2,2,56.9,0.0,88.5,101.0,42.9,56.9
2026-09-19 19:26:41,mfsweep_shard0,SPT_SMPT,63,5781.94,47,0,1,1235.0,1610.3,375.2,2,2,62.7,0.0,138.1,116.8,57.5,62.7
2026-09-19 19:26:41,mfsweep_shard0,SPT_SMPT,63,5781.94,48,0,1,1261.3,3539.6,2278.3,2,2,74.5,0.3,316.5,211.9,1675.1,74.5
2026-09-19 19:26:41,mfsweep_shard0,SPT_SMPT,63,5781.94,49,0,1,1287.6,2020.0,732.4,2,2,65.6,0.2,290.6,157.0,219.1,65.6
2026-09-19 19:26:41,mfsweep_shard0,SPT_SMPT,63,5781.94,50,0,1,1313.9,2078.0,764.1,2,2,65.8,0.2,188.4,150.4,359.3,65.8
2026-09-19 19:26:41,mfsweep_shard0,SPT_SMPT,63,5781.94,51,0,1,1340.2,1793.4,453.2,2,2,60.5,0.2,163.2,189.3,32.9,67.6
2026-09-19 19:26:41,mfsweep_shard0,SPT_SMPT,63,5781.94,52,0,1,1366.4,1976.6,610.2,2,2,62.4,0.2,203.3,158.3,170.5,77.8
2026-09-19 19:26:41,mfsweep_shard0,SPT_SMPT,63,5781.94,53,0,1,1392.7,5357.6,3964.9,2,2,84.5,0.5,472.6,205.7,3201.6,84.5
2026-09-19 19:26:41,mfsweep_shard0,SPT_SMPT,63,5781.94,54,0,1,1419.0,3662.3,2243.3,2,2,74.9,0.5,379.5,155.0,1633.3,74.9
2026-09-19 19:26:41,mfsweep_shard0,SPT_SMPT,63,5781.94,55,0,1,1445.3,2902.7,1457.4,2,2,73.6,0.6,424.2,195.5,763.5,73.6
2026-09-19 19:26:41,mfsweep_shard0,SPT_SMPT,63,5781.94,56,0,1,1471.5,1889.1,417.6,2,2,59.2,0.0,209.6,137.2,11.6,59.2
2026-09-19 19:26:41,mfsweep_shard0,SPT_SMPT,63,5781.94,57,0,1,1497.8,3906.9,2409.0,2,2,77.6,0.3,371.6,184.1,1775.5,77.6
2026-09-19 19:26:41,mfsweep_shard0,SPT_SMPT,63,5781.94,58,0,1,1524.1,1916.2,392.1,2,2,58.9,0.0,160.9,124.5,47.8,58.9
2026-09-19 19:26:41,mfsweep_shard0,SPT_SMPT,63,5781.94,59,0,1,1550.4,1959.9,409.6,2,2,66.1,0.0,223.7,119.8,0.0,66.1
2026-09-19 19:26:41,mfsweep_shard0,SPT_SMPT,63,5781.94,60,0,1,1576.6,5639.1,4062.5,2,2,86.2,0.3,399.4,215.5,3361.0,86.2
2026-09-19 19:26:41,mfsweep_shard0,SPT_SMPT,63,5781.94,61,0,1,1602.9,3599.0,1996.1,2,2,74.7,0.2,288.7,177.5,1454.9,74.7
2026-09-19 19:26:41,mfsweep_shard0,SPT_SMPT,63,5781.94,62,0,1,1629.2,1991.2,362.0,2,2,71.9,0.0,132.8,130.1,27.2,71.9
2026-09-19 19:26:41,mfsweep_shard0,SPT_SMPT,63,5781.94,63,0,1,1655.5,3792.0,2136.5,2,2,76.1,0.2,296.1,158.5,1605.5,76.1
2026-09-19 19:26:41,mfsweep_shard0,SPT_SMPT,63,5781.94,64,0,1,1681.8,4007.3,2325.5,2,2,81.4,0.3,264.1,150.4,1829.4,81.4
2026-09-19 19:26:41,mfsweep_shard0,SPT_SMPT,63,5781.94,65,0,1,1708.0,3952.2,2244.2,2,2,79.2,0.3,250.4,151.7,1762.6,79.2
2026-09-19 19:26:41,mfsweep_shard0,SPT_SMPT,63,5781.94,66,0,1,1734.3,2031.8,297.5,2,2,61.1,0.0,84.7,107.1,44.5,61.1
2026-09-19 19:26:41,mfsweep_shard0,SPT_SMPT,63,5781.94,67,0,1,1760.6,2139.0,378.4,2,2,54.6,0.0,117.6,120.3,85.8,54.6
2026-09-19 19:26:41,mfsweep_shard0,SPT_SMPT,63,5781.94,68,0,1,1786.9,2292.8,505.9,2,2,64.0,0.0,90.7,116.8,234.4,64.0
2026-09-19 19:26:41,mfsweep_shard0,SPT_SMPT,63,5781.94,69,0,1,1813.1,2146.1,332.9,2,2,62.4,0.0,82.3,125.6,62.7,62.4
2026-09-19 19:26:41,mfsweep_shard0,SPT_SMPT,63,5781.94,70,0,1,1839.4,2169.1,329.7,2,2,60.5,0.0,100.5,113.1,55.6,60.5
2026-09-19 19:26:41,mfsweep_shard0,SPT_SMPT,63,5781.94,71,0,1,1865.7,4282.8,2417.1,2,2,84.7,0.4,229.8,224.8,1877.4,84.7
2026-09-19 19:26:41,mfsweep_shard0,SPT_SMPT,63,5781.94,72,0,1,1892.0,4514.2,2622.2,2,2,82.5,0.5,341.0,215.0,1983.2,82.5
2026-09-19 19:26:41,mfsweep_shard0,SPT_SMPT,63,5781.94,73,0,1,1918.3,2263.8,345.5,2,2,63.9,0.0,92.2,109.8,79.6,63.9
2026-09-19 19:26:41,mfsweep_shard0,SPT_SMPT,63,5781.94,74,0,1,1944.5,3705.9,1761.4,2,2,75.2,0.3,291.4,169.2,1225.2,75.2
2026-09-19 19:26:41,mfsweep_shard0,SPT_SMPT,63,5781.94,75,0,1,1970.8,2304.6,333.8,2,2,66.6,0.0,95.4,112.5,59.3,66.6
2026-09-19 19:26:41,mfsweep_shard0,SPT_SMPT,63,5781.94,76,0,1,1997.1,5288.1,3291.0,2,2,83.7,0.6,505.4,214.7,2486.5,83.7
2026-09-19 19:26:41,mfsweep_shard0,SPT_SMPT,63,5781.94,77,0,1,2023.4,2888.4,865.0,2,2,68.7,0.4,330.2,179.5,286.3,68.7
2026-09-19 19:26:41,mfsweep_shard0,SPT_SMPT,63,5781.94,78,0,1,2049.6,2361.1,311.4,2,2,62.3,0.0,117.6,110.5,21.0,62.3
2026-09-19 19:26:41,mfsweep_shard0,SPT_SMPT,63,5781.94,79,0,1,2075.9,2459.0,383.1,2,2,61.7,0.0,136.9,127.3,57.1,61.7
2026-09-19 19:26:41,mfsweep_shard0,SPT_SMPT,63,5781.94,80,0,1,2102.2,3297.5,1195.3,2,2,72.1,0.4,294.9,147.0,680.9,72.1
2026-09-19 19:26:41,mfsweep_shard0,SPT_SMPT,63,5781.94,81,0,1,2128.5,2466.1,337.6,2,2,62.2,0.0,95.3,126.3,53.8,62.2
2026-09-19 19:26:41,mfsweep_shard0,SPT_SMPT,63,5781.94,82,0,1,2154.7,3354.3,1199.5,2,2,72.8,0.4,256.2,163.7,706.3,72.8
2026-09-19 19:26:41,mfsweep_shard0,SPT_SMPT,63,5781.94,83,0,1,2181.0,5150.8,2969.8,2,2,83.2,0.8,453.4,205.7,2226.6,83.2
2026-09-19 19:26:41,mfsweep_shard0,SPT_SMPT,63,5781.94,84,0,1,2207.3,2978.9,771.6,2,2,66.7,0.5,294.0,191.8,201.0,84.4
2026-09-19 19:26:41,mfsweep_shard0,SPT_SMPT,63,5781.94,85,0,1,2233.6,2493.0,259.4,2,2,60.8,0.0,28.4,119.6,50.6,60.8
2026-09-19 19:26:41,mfsweep_shard0,SPT_SMPT,63,5781.94,86,0,1,2259.9,5781.9,3522.1,2,2,86.5,0.9,529.4,196.7,2708.7,86.5
2026-09-19 19:26:41,mfsweep_shard0,SPT_SMPT,63,5781.94,87,0,1,2286.1,3154.9,868.8,2,2,70.4,0.5,319.8,168.2,309.9,70.4
2026-09-19 19:26:41,mfsweep_shard0,SPT_SMPT,63,5781.94,88,0,1,2312.4,2567.1,254.7,2,2,56.5,0.0,37.2,117.1,43.9,56.5
2026-09-19 19:26:41,mfsweep_shard0,SPT_SMPT,63,5781.94,89,0,1,2338.7,2580.9,242.2,2,2,55.1,0.0,60.6,106.4,20.1,55.1
2026-09-19 19:26:41,mfsweep_shard0,SPT_SMPT,63,5781.94,90,0,1,2365.0,3038.8,673.9,2,2,57.2,0.5,340.1,183.0,93.1,57.2
2026-09-19 19:26:41,mfsweep_shard0,SPT_SMPT,63,5781.94,91,0,1,2391.2,3482.3,1091.1,2,2,74.3,0.6,318.3,181.5,516.5,74.3
2026-09-19 19:26:41,mfsweep_shard0,SPT_SMPT,63,5781.94,92,0,1,2417.5,2859.4,441.8,2,2,79.7,0.0,172.0,182.8,7.3,79.7
2026-09-19 19:26:41,mfsweep_shard0,SPT_SMPT,63,5781.94,93,0,1,2443.8,2895.6,451.8,2,2,67.5,0.0,278.6,101.8,3.8,67.5
2026-09-19 19:26:41,mfsweep_shard0,SPT_SMPT,63,5781.94,94,0,1,2470.1,3012.7,542.6,2,2,55.6,0.6,339.5,136.2,10.6,55.6
2026-09-19 19:26:41,mfsweep_shard0,SPT_SMPT,63,5781.94,95,0,1,2496.4,3093.5,597.1,2,2,66.1,0.0,313.7,131.4,85.9,66.1
2026-09-19 19:26:41,mfsweep_shard0,SPT_SMPT,63,5781.94,96,0,1,2522.6,5710.5,3187.9,2,2,86.4,0.5,520.5,170.7,2409.8,86.4
2026-09-19 19:26:41,mfsweep_shard0,SPT_SMPT,63,5781.94,97,0,1,2548.9,3256.9,708.0,2,2,71.0,0.0,353.4,117.1,166.5,71.0
2026-09-19 19:26:41,mfsweep_shard0,SPT_SMPT,63,5781.94,98,0,1,2575.2,5567.9,2992.7,2,2,85.6,0.5,593.3,166.7,2146.6,85.6
2026-09-19 19:26:41,mfsweep_shard0,SPT_SMPT,63,5781.94,99,0,1,2601.5,3128.4,527.0,2,2,82.0,0.0,343.9,101.1,0.0,82.0
2026-09-19 19:26:41,mfsweep_shard0,SPT_SMPT,63,5781.94,100,0,1,2627.7,3188.2,560.4,2,2,53.9,0.0,372.9,113.0,20.6,53.9
2026-09-19 19:26:41,mfsweep_shard0,SPT_SMPT,63,5781.94,101,0,1,2654.0,4754.1,2100.1,2,2,77.3,0.4,520.8,146.9,1354.7,77.3
2026-09-19 19:26:41,mfsweep_shard0,SPT_SMPT,63,5781.94,102,0,1,2680.3,4581.9,1901.6,2,2,76.0,0.4,529.7,150.9,1144.6,76.0
2026-09-19 19:26:41,mfsweep_shard0,SPT_SMPT,63,5781.94,103,0,1,2706.6,3166.8,460.2,2,2,71.3,0.0,258.0,108.1,22.8,71.3
2026-09-19 19:26:41,mfsweep_shard0,SPT_SMPT,63,5781.94,104,0,1,2732.9,3264.2,531.3,2,2,62.4,0.0,285.4,111.8,71.8,62.4
2026-09-19 19:26:41,mfsweep_shard0,SPT_SMPT,63,5781.94,105,0,1,2759.1,3463.5,704.4,2,2,74.7,0.0,267.0,114.1,248.6,74.7
2026-09-19 19:26:41,mfsweep_shard0,SPT_SMPT,63,5781.94,106,0,1,2785.4,3243.4,458.0,2,2,57.2,0.0,262.7,108.8,29.3,57.2
2026-09-19 19:26:41,mfsweep_shard0,SPT_SMPT,63,5781.94,107,0,1,2811.7,3347.1,535.4,2,2,67.9,0.0,260.0,107.8,99.7,67.9
2026-09-19 19:26:41,mfsweep_shard0,SPT_SMPT,63,5781.94,108,0,1,2838.0,3361.3,523.4,2,2,68.5,0.0,288.7,107.6,58.6,68.5
2026-09-19 19:26:41,mfsweep_shard0,SPT_SMPT,63,5781.94,109,0,1,2864.2,5497.3,2633.1,2,2,85.0,0.5,520.8,141.3,1885.4,85.0
2026-09-19 19:26:41,mfsweep_shard0,SPT_SMPT,63,5781.94,110,0,1,2890.5,5082.6,2192.1,2,2,82.4,0.5,591.9,190.9,1313.8,95.0
2026-09-19 19:26:41,mfsweep_shard0,SPT_SMPT,63,5781.94,111,0,1,2916.8,3556.1,639.3,2,2,62.2,0.0,339.1,133.6,104.4,62.2
2026-09-19 19:26:41,mfsweep_shard0,SPT_SMPT,63,5781.94,112,0,1,2943.1,3717.6,774.6,2,2,70.1,0.1,412.7,154.0,137.7,70.1
2026-09-19 19:26:41,mfsweep_shard0,SPT_SMPT,63,5781.94,113,0,1,2969.3,3475.2,505.9,2,2,59.4,0.0,218.1,176.5,51.8,59.4
2026-09-19 19:26:41,mfsweep_shard0,SPT_SMPT,63,5781.94,114,0,1,2995.6,5219.4,2223.8,2,2,83.7,0.6,522.9,144.5,1472.2,83.7
2026-09-19 19:26:41,mfsweep_shard0,SPT_SMPT,63,5781.94,115,0,1,3021.9,5015.2,1993.3,2,2,82.3,0.7,573.7,182.8,1153.9,82.3
2026-09-19 19:26:41,mfsweep_shard0,SPT_SMPT,63,5781.94,116,0,1,3048.2,3630.3,582.1,2,2,63.4,0.1,385.6,111.5,21.5,63.4
2026-09-19 19:26:41,mfsweep_shard0,SPT_SMPT,63,5781.94,117,0,1,3074.5,4692.3,1617.8,2,2,74.6,0.7,611.7,143.8,755.7,105.9
2026-09-19 19:26:41,mfsweep_shard0,SPT_SMPT,63,5781.94,118,0,1,3100.7,4632.2,1531.4,2,2,73.6,0.8,661.2,143.3,632.3,93.8
2026-09-19 19:26:41,mfsweep_shard0,SPT_SMPT,63,5781.94,119,0,1,3127.0,3610.8,483.8,2,2,58.6,0.2,265.4,107.8,51.8,58.6
2026-09-19 19:26:41,mfsweep_shard0,SPT_SMPT,63,5781.94,120,0,1,3153.3,4818.3,1665.0,2,2,78.7,1.0,628.9,146.3,810.1,78.7
2026-09-19 19:26:41,mfsweep_shard0,SPT_SMPT,63,5781.94,121,0,1,3179.6,4141.9,962.3,2,2,71.3,0.3,299.0,108.3,483.4,71.3
2026-09-19 19:26:41,mfsweep_shard0,SPT_SMPT,63,5781.94,122,0,1,3205.8,4882.0,1676.1,2,2,79.2,0.9,639.2,146.6,810.2,79.2
2026-09-19 19:26:41,mfsweep_shard0,SPT_SMPT,63,5781.94,123,0,1,3232.1,3724.8,492.7,2,2,71.0,0.0,304.2,113.8,3.7,71.0
2026-09-19 19:26:41,mfsweep_shard0,SPT_SMPT,63,5781.94,124,0,1,3258.4,3859.1,600.7,2,2,53.6,0.0,404.6,109.2,33.3,53.6
2026-09-19 19:26:41,mfsweep_shard0,SPT_SMPT,63,5781.94,125,0,1,3284.7,3926.4,641.7,2,2,64.2,0.0,346.9,105.6,125.0,64.2
2026-09-19 19:26:41,mfsweep_shard0,SPT_SMPT,63,5781.94,126,0,1,3311.0,3799.2,488.3,2,2,54.2,0.0,293.2,105.5,35.4,54.2
2026-09-19 19:26:41,mfsweep_shard0,SPT_SMPT,63,5781.94,127,0,1,3337.2,4546.0,1208.7,2,2,84.2,0.4,478.8,188.7,456.6,84.2
2026-09-19 19:26:41,mfsweep_shard0,SPT_SMPT,63,5781.94,128,0,1,3363.5,4500.3,1136.8,2,2,82.5,0.5,526.6,168.2,359.0,82.5
2026-09-19 19:26:41,mfsweep_shard0,SPT_SMPT,63,5781.94,129,0,1,3389.8,4948.4,1558.7,2,2,81.0,0.8,624.0,100.3,752.5,81.0
2026-09-19 19:26:41,mfsweep_shard0,SPT_SMPT,63,5781.94,130,0,1,3416.1,3880.6,464.5,2,2,63.7,0.0,265.6,111.5,23.6,63.7
2026-09-19 19:26:41,mfsweep_shard0,SPT_SMPT,63,5781.94,131,0,1,3442.3,3945.2,502.8,2,2,55.5,0.0,303.7,104.0,39.6,55.5
2026-09-19 19:26:41,mfsweep_shard0,SPT_SMPT,63,5781.94,132,0,1,3468.6,4533.6,1065.0,2,2,82.5,0.5,614.5,201.1,166.4,82.5
2026-09-19 19:26:41,mfsweep_shard0,SPT_SMPT,63,5781.94,133,0,1,3494.9,5427.3,1932.4,2,2,84.8,0.5,478.9,133.3,1234.9,84.8
2026-09-19 19:26:41,mfsweep_shard0,SPT_SMPT,63,5781.94,134,0,1,3521.2,4026.3,505.1,2,2,56.4,0.0,316.6,91.7,40.3,56.4
2026-09-19 19:26:41,mfsweep_shard0,SPT_SMPT,63,5781.94,135,0,1,3547.5,4101.9,554.5,2,2,69.6,0.0,236.9,111.2,136.7,69.6
2026-09-19 19:26:41,mfsweep_shard0,SPT_SMPT,63,5781.94,136,0,1,3573.7,3987.7,414.0,2,2,55.8,0.1,266.5,85.6,5.9,55.8
2026-09-19 19:31:57,mfsweep_shard0,SPT_SMPT,64,7243.18,0,0,1,0.0,248.5,248.5,2,2,74.6,0.0,68.3,105.5,0.0,74.6
2026-09-19 19:31:57,mfsweep_shard0,SPT_SMPT,64,7243.18,1,0,1,26.3,260.3,234.0,2,2,54.4,0.0,48.0,110.5,21.1,54.4
2026-09-19 19:31:57,mfsweep_shard0,SPT_SMPT,64,7243.18,2,0,1,52.6,375.5,323.0,2,2,62.6,0.0,73.5,102.0,84.9,62.6
2026-09-19 19:31:57,mfsweep_shard0,SPT_SMPT,64,7243.18,3,0,1,78.8,352.4,273.6,2,2,60.9,0.0,85.6,116.5,10.6,60.9
2026-09-19 19:31:57,mfsweep_shard0,SPT_SMPT,64,7243.18,4,0,1,105.1,1063.7,958.5,2,2,77.8,0.0,110.6,134.3,635.7,77.8
2026-09-19 19:31:57,mfsweep_shard0,SPT_SMPT,64,7243.18,5,0,1,131.4,446.8,315.4,2,2,75.9,0.0,104.0,123.3,12.2,75.9
2026-09-19 19:31:57,mfsweep_shard0,SPT_SMPT,64,7243.18,6,0,1,157.7,3983.9,3826.3,2,2,83.0,0.1,318.8,292.5,3131.9,83.0
2026-09-19 19:31:57,mfsweep_shard0,SPT_SMPT,64,7243.18,7,0,1,183.9,537.2,353.2,2,2,56.4,0.0,96.9,172.5,27.4,56.4
2026-09-19 19:31:57,mfsweep_shard0,SPT_SMPT,64,7243.18,8,0,1,210.2,702.6,492.4,2,2,67.5,0.0,58.5,173.1,193.3,67.5
2026-09-19 19:31:57,mfsweep_shard0,SPT_SMPT,64,7243.18,9,0,1,236.5,469.0,232.5,2,2,54.5,0.0,56.9,115.6,5.4,54.5
2026-09-19 19:31:57,mfsweep_shard0,SPT_SMPT,64,7243.18,10,0,1,262.8,569.6,306.9,2,2,60.8,0.0,76.9,111.7,57.5,60.8
2026-09-19 19:31:57,mfsweep_shard0,SPT_SMPT,64,7243.18,11,0,1,289.1,887.0,598.0,2,2,70.2,0.1,82.0,169.0,227.7,119.2
2026-09-19 19:31:57,mfsweep_shard0,SPT_SMPT,64,7243.18,12,0,1,315.3,616.5,301.2,2,2,54.4,0.0,87.8,120.8,38.2,54.4
2026-09-19 19:31:57,mfsweep_shard0,SPT_SMPT,64,7243.18,13,0,1,341.6,648.2,306.5,2,2,60.1,0.0,86.3,130.1,30.1,60.1
2026-09-19 19:31:57,mfsweep_shard0,SPT_SMPT,64,7243.18,14,0,1,367.9,1428.3,1060.4,2,2,75.0,0.2,197.0,229.5,558.7,75.0
2026-09-19 19:31:57,mfsweep_shard0,SPT_SMPT,64,7243.18,15,0,1,394.2,1114.1,719.9,2,2,71.5,0.2,152.2,161.2,283.8,122.6
2026-09-19 19:31:57,mfsweep_shard0,SPT_SMPT,64,7243.18,16,0,1,420.4,734.6,314.1,2,2,60.8,0.0,95.5,123.6,34.2,60.8
2026-09-19 19:31:57,mfsweep_shard0,SPT_SMPT,64,7243.18,17,0,1,446.7,1786.7,1340.0,2,2,73.0,0.3,259.0,194.2,813.5,73.0
2026-09-19 19:31:57,mfsweep_shard0,SPT_SMPT,64,7243.18,18,0,1,473.0,4655.5,4182.5,2,2,80.3,0.4,551.7,384.5,3165.6,80.3
2026-09-19 19:31:57,mfsweep_shard0,SPT_SMPT,64,7243.18,19,0,1,499.3,905.5,406.3,2,2,53.8,0.2,129.6,157.2,65.5,53.8
2026-09-19 19:31:57,mfsweep_shard0,SPT_SMPT,64,7243.18,20,0,1,525.6,4051.1,3525.5,2,2,80.1,0.5,471.9,314.5,2658.4,80.1
2026-09-19 19:31:57,mfsweep_shard0,SPT_SMPT,64,7243.18,21,0,1,551.8,846.8,295.0,2,2,76.6,0.0,81.5,136.9,0.0,76.6
2026-09-19 19:31:57,mfsweep_shard0,SPT_SMPT,64,7243.18,22,0,1,578.1,879.8,301.7,2,2,64.8,0.0,130.1,103.3,3.4,64.8
2026-09-19 19:31:57,mfsweep_shard0,SPT_SMPT,64,7243.18,23,0,1,604.4,1235.6,631.2,2,2,58.7,0.4,221.0,178.1,173.0,58.7
2026-09-19 19:31:57,mfsweep_shard0,SPT_SMPT,64,7243.18,24,0,1,630.7,5461.6,4830.9,2,2,85.1,0.6,774.4,347.0,3623.9,85.1
2026-09-19 19:31:57,mfsweep_shard0,SPT_SMPT,64,7243.18,25,0,1,656.9,1512.6,855.6,2,2,64.7,0.3,344.4,147.5,253.5,109.9
2026-09-19 19:31:57,mfsweep_shard0,SPT_SMPT,64,7243.18,26,0,1,683.2,1192.1,508.9,2,2,56.6,0.2,259.3,128.1,64.7,56.6
2026-09-19 19:31:57,mfsweep_shard0,SPT_SMPT,64,7243.18,27,0,1,709.5,1254.7,545.2,2,2,56.7,0.0,297.8,118.0,72.6,56.7
2026-09-19 19:31:57,mfsweep_shard0,SPT_SMPT,64,7243.18,28,0,1,735.8,6116.6,5380.8,2,2,81.5,0.6,846.8,338.2,4113.7,81.5
2026-09-19 19:31:57,mfsweep_shard0,SPT_SMPT,64,7243.18,29,0,1,762.0,2078.5,1316.4,2,2,73.5,0.2,319.8,181.4,741.6,73.5
2026-09-19 19:31:57,mfsweep_shard0,SPT_SMPT,64,7243.18,30,0,1,788.3,5537.4,4749.0,2,2,80.2,0.8,890.4,310.5,3467.2,80.2
2026-09-19 19:31:57,mfsweep_shard0,SPT_SMPT,64,7243.18,31,0,1,814.6,2999.2,2184.6,2,2,77.6,0.5,465.2,198.5,1403.4,117.1
2026-09-19 19:31:57,mfsweep_shard0,SPT_SMPT,64,7243.18,32,0,1,840.9,1534.7,693.8,2,2,71.2,0.3,240.9,148.7,232.7,71.2
2026-09-19 19:31:57,mfsweep_shard0,SPT_SMPT,64,7243.18,33,0,1,867.2,6705.9,5838.8,2,2,85.7,1.1,1029.9,406.4,4269.1,132.2
2026-09-19 19:31:57,mfsweep_shard0,SPT_SMPT,64,7243.18,34,0,1,893.4,1672.3,778.8,2,2,66.0,0.3,312.7,166.3,233.6,66.0
2026-09-19 19:31:57,mfsweep_shard0,SPT_SMPT,64,7243.18,35,0,1,919.7,1620.9,701.2,2,2,71.8,0.3,378.1,142.9,108.1,71.8
2026-09-19 19:31:57,mfsweep_shard0,SPT_SMPT,64,7243.18,36,0,1,946.0,5917.8,4971.8,2,2,80.9,1.3,1108.3,321.9,3459.4,80.9
2026-09-19 19:31:57,mfsweep_shard0,SPT_SMPT,64,7243.18,37,0,1,972.3,2130.5,1158.3,2,2,74.0,0.4,411.0,181.2,482.3,83.4
2026-09-19 19:31:57,mfsweep_shard0,SPT_SMPT,64,7243.18,38,0,1,998.5,6458.1,5459.5,2,2,82.0,1.3,1271.3,436.1,3642.9,107.8
2026-09-19 19:31:57,mfsweep_shard0,SPT_SMPT,64,7243.18,39,0,1,1024.8,1699.4,674.6,2,2,72.6,0.2,346.4,185.5,70.0,72.6
2026-09-19 19:31:57,mfsweep_shard0,SPT_SMPT,64,7243.18,40,0,1,1051.1,2247.9,1196.8,2,2,76.8,0.1,380.5,173.4,565.9,76.8
2026-09-19 19:31:57,mfsweep_shard0,SPT_SMPT,64,7243.18,41,0,1,1077.4,1825.7,748.3,2,2,55.1,0.1,408.2,241.4,16.8,81.8
2026-09-19 19:31:57,mfsweep_shard0,SPT_SMPT,64,7243.18,42,0,1,1103.7,1604.3,500.7,2,2,61.1,0.0,265.1,174.5,0.0,61.1
2026-09-19 19:31:57,mfsweep_shard0,SPT_SMPT,64,7243.18,43,0,1,1129.9,1579.8,449.8,2,2,63.1,0.0,284.7,102.0,0.0,63.1
2026-09-19 19:31:57,mfsweep_shard0,SPT_SMPT,64,7243.18,44,0,1,1156.2,1754.6,598.4,2,2,56.2,0.0,435.4,100.3,6.5,56.2
2026-09-19 19:31:57,mfsweep_shard0,SPT_SMPT,64,7243.18,45,0,1,1182.5,1920.6,738.1,2,2,61.2,0.1,401.6,152.5,122.8,61.2
2026-09-19 19:31:57,mfsweep_shard0,SPT_SMPT,64,7243.18,46,0,1,1208.8,1869.7,660.9,2,2,56.9,0.0,405.2,105.7,93.1,56.9
2026-09-19 19:31:57,mfsweep_shard0,SPT_SMPT,64,7243.18,47,0,1,1235.0,1962.5,727.5,2,2,62.7,0.0,400.1,92.6,171.9,62.7
2026-09-19 19:31:57,mfsweep_shard0,SPT_SMPT,64,7243.18,48,0,1,1261.3,2186.7,925.4,2,2,74.5,0.0,394.8,109.2,346.9,74.5
2026-09-19 19:31:57,mfsweep_shard0,SPT_SMPT,64,7243.18,49,0,1,1287.6,2019.8,732.2,2,2,65.6,0.0,369.2,116.4,181.0,65.6
2026-09-19 19:31:57,mfsweep_shard0,SPT_SMPT,64,7243.18,50,0,1,1313.9,1862.5,548.6,2,2,65.8,0.0,369.8,113.1,0.0,65.8
2026-09-19 19:31:57,mfsweep_shard0,SPT_SMPT,64,7243.18,51,0,1,1340.2,1893.6,553.4,2,2,60.5,0.0,342.2,111.8,38.9,60.5
2026-09-19 19:31:57,mfsweep_shard0,SPT_SMPT,64,7243.18,52,0,1,1366.4,1981.9,615.5,2,2,62.4,0.0,396.5,118.3,38.3,62.4
2026-09-19 19:31:57,mfsweep_shard0,SPT_SMPT,64,7243.18,53,0,1,1392.7,7103.8,5711.1,2,2,84.5,1.3,1170.5,369.3,4085.5,84.5
2026-09-19 19:31:57,mfsweep_shard0,SPT_SMPT,64,7243.18,54,0,1,1419.0,3124.6,1705.6,2,2,74.9,0.3,488.1,173.8,968.6,74.9
2026-09-19 19:31:57,mfsweep_shard0,SPT_SMPT,64,7243.18,55,0,1,1445.3,2204.0,758.8,2,2,73.6,0.0,334.4,110.1,240.6,73.6
2026-09-19 19:31:57,mfsweep_shard0,SPT_SMPT,64,7243.18,56,0,1,1471.5,1989.0,517.4,2,2,59.2,0.0,304.4,116.8,36.9,59.2
2026-09-19 19:31:57,mfsweep_shard0,SPT_SMPT,64,7243.18,57,0,1,1497.8,4893.2,3395.4,2,2,77.6,1.1,1095.0,273.1,1917.7,108.4
2026-09-19 19:31:57,mfsweep_shard0,SPT_SMPT,64,7243.18,58,0,1,1524.1,2061.0,536.9,2,2,58.9,0.0,325.4,110.5,42.1,58.9
2026-09-19 19:31:57,mfsweep_shard0,SPT_SMPT,64,7243.18,59,0,1,1550.4,2102.4,552.1,2,2,66.1,0.0,356.4,105.5,24.1,66.1
2026-09-19 19:31:57,mfsweep_shard0,SPT_SMPT,64,7243.18,60,0,1,1576.6,6411.7,4835.0,2,2,86.2,1.6,1239.0,359.8,3143.3,91.4
2026-09-19 19:31:57,mfsweep_shard0,SPT_SMPT,64,7243.18,61,0,1,1602.9,2562.5,959.6,2,2,74.7,0.0,365.4,113.9,405.6,74.7
2026-09-19 19:31:57,mfsweep_shard0,SPT_SMPT,64,7243.18,62,0,1,1629.2,2164.6,535.4,2,2,71.9,0.1,329.5,108.8,25.1,71.9
2026-09-19 19:31:57,mfsweep_shard0,SPT_SMPT,64,7243.18,63,0,1,1655.5,3117.5,1462.0,2,2,76.1,0.3,504.0,167.2,714.3,76.1
2026-09-19 19:31:57,mfsweep_shard0,SPT_SMPT,64,7243.18,64,0,1,1681.8,6050.1,4368.4,2,2,81.4,1.7,1211.2,309.0,2765.1,81.4
2026-09-19 19:31:57,mfsweep_shard0,SPT_SMPT,64,7243.18,65,0,1,1708.0,5587.6,3879.6,2,2,79.2,1.9,1262.4,294.1,2242.1,79.2
2026-09-19 19:31:57,mfsweep_shard0,SPT_SMPT,64,7243.18,66,0,1,1734.3,2336.7,602.4,2,2,61.1,0.1,355.7,123.6,61.8,61.1
2026-09-19 19:31:57,mfsweep_shard0,SPT_SMPT,64,7243.18,67,0,1,1760.6,2270.2,509.7,2,2,54.6,0.2,315.0,114.0,26.0,54.6
2026-09-19 19:31:57,mfsweep_shard0,SPT_SMPT,64,7243.18,68,0,1,1786.9,2457.1,670.3,2,2,64.0,0.2,333.0,117.8,155.3,64.0
2026-09-19 19:31:57,mfsweep_shard0,SPT_SMPT,64,7243.18,69,0,1,1813.1,2361.0,547.8,2,2,62.4,0.2,317.1,115.1,53.1,62.4
2026-09-19 19:31:57,mfsweep_shard0,SPT_SMPT,64,7243.18,70,0,1,1839.4,2343.8,504.4,2,2,60.5,0.2,299.5,115.6,28.6,60.5
2026-09-19 19:31:57,mfsweep_shard0,SPT_SMPT,64,7243.18,71,0,1,1865.7,7173.4,5307.7,2,2,84.7,2.4,1565.5,394.0,3261.2,84.7
2026-09-19 19:31:57,mfsweep_shard0,SPT_SMPT,64,7243.18,72,0,1,1892.0,6829.0,4937.0,2,2,82.5,2.3,1530.0,390.9,2885.2,128.7
2026-09-19 19:31:57,mfsweep_shard0,SPT_SMPT,64,7243.18,73,0,1,1918.3,2490.0,571.8,2,2,63.9,0.0,379.5,114.8,13.5,63.9
2026-09-19 19:31:57,mfsweep_shard0,SPT_SMPT,64,7243.18,74,0,1,1944.5,4156.6,2212.0,2,2,75.2,1.0,921.8,227.8,986.2,75.2
2026-09-19 19:31:57,mfsweep_shard0,SPT_SMPT,64,7243.18,75,0,1,1970.8,2647.2,676.4,2,2,66.6,0.0,406.0,113.3,90.4,66.6
2026-09-19 19:31:57,mfsweep_shard0,SPT_SMPT,64,7243.18,76,0,1,1997.1,4826.1,2829.1,2,2,83.7,1.7,1310.9,264.3,1168.4,83.7
2026-09-19 19:31:57,mfsweep_shard0,SPT_SMPT,64,7243.18,77,0,1,2023.4,3426.8,1403.4,2,2,68.7,0.5,615.8,159.2,559.3,68.7
2026-09-19 19:31:57,mfsweep_shard0,SPT_SMPT,64,7243.18,78,0,1,2049.6,2569.6,519.9,2,2,62.3,0.0,326.8,115.6,15.2,62.3
2026-09-19 19:31:57,mfsweep_shard0,SPT_SMPT,64,7243.18,79,0,1,2075.9,2692.0,616.0,2,2,61.7,0.0,388.1,110.1,56.2,61.7
2026-09-19 19:31:57,mfsweep_shard0,SPT_SMPT,64,7243.18,80,0,1,2102.2,4163.8,2061.6,2,2,72.1,1.2,889.9,226.8,820.5,123.1
2026-09-19 19:31:57,mfsweep_shard0,SPT_SMPT,64,7243.18,81,0,1,2128.5,2754.2,625.8,2,2,62.2,0.0,271.2,118.3,174.0,62.2
2026-09-19 19:31:57,mfsweep_shard0,SPT_SMPT,64,7243.18,82,0,1,2154.7,4405.1,2250.4,2,2,72.8,1.6,1029.9,237.3,892.5,89.2
2026-09-19 19:31:57,mfsweep_shard0,SPT_SMPT,64,7243.18,83,0,1,2181.0,4902.3,2721.3,2,2,83.2,1.9,1244.8,264.5,1126.8,83.2
2026-09-19 19:31:57,mfsweep_shard0,SPT_SMPT,64,7243.18,84,0,1,2207.3,3205.7,998.4,2,2,66.7,0.5,573.4,155.9,201.9,66.7
2026-09-19 19:31:57,mfsweep_shard0,SPT_SMPT,64,7243.18,85,0,1,2233.6,2733.0,499.4,2,2,60.8,0.0,267.8,109.3,61.5,60.8
2026-09-19 19:31:57,mfsweep_shard0,SPT_SMPT,64,7243.18,86,0,1,2259.9,6331.7,4071.8,2,2,86.5,2.6,1496.0,392.0,2027.3,153.9
2026-09-19 19:31:57,mfsweep_shard0,SPT_SMPT,64,7243.18,87,0,1,2286.1,3485.0,1198.9,2,2,70.4,0.6,523.2,157.7,447.0,70.4
2026-09-19 19:31:57,mfsweep_shard0,SPT_SMPT,64,7243.18,88,0,1,2312.4,3297.0,984.5,2,2,56.5,0.6,581.7,201.7,136.0,64.6
2026-09-19 19:31:57,mfsweep_shard0,SPT_SMPT,64,7243.18,89,0,1,2338.7,3240.3,901.6,2,2,55.1,0.6,533.2,203.5,78.6,85.6
2026-09-19 19:31:57,mfsweep_shard0,SPT_SMPT,64,7243.18,90,0,1,2365.0,3333.1,968.1,2,2,57.2,0.6,606.4,195.7,108.3,57.2
2026-09-19 19:31:57,mfsweep_shard0,SPT_SMPT,64,7243.18,91,0,1,2391.2,4495.0,2103.8,2,2,74.3,1.9,1224.0,217.8,585.8,74.3
2026-09-19 19:31:57,mfsweep_shard0,SPT_SMPT,64,7243.18,92,0,1,2417.5,4859.2,2441.7,2,2,79.7,2.4,1415.6,244.0,700.1,79.7
2026-09-19 19:31:57,mfsweep_shard0,SPT_SMPT,64,7243.18,93,0,1,2443.8,3360.7,916.9,2,2,67.5,0.8,542.6,154.6,151.5,67.5
2026-09-19 19:31:57,mfsweep_shard0,SPT_SMPT,64,7243.18,94,0,1,2470.1,3146.6,676.5,2,2,55.6,0.1,371.2,186.5,63.0,55.6
2026-09-19 19:31:57,mfsweep_shard0,SPT_SMPT,64,7243.18,95,0,1,2496.4,3153.8,657.5,2,2,66.1,0.1,418.8,142.4,30.0,66.1
2026-09-19 19:31:57,mfsweep_shard0,SPT_SMPT,64,7243.18,96,0,1,2522.6,3186.9,664.2,2,2,86.4,0.1,456.5,95.8,25.3,86.4
2026-09-19 19:31:57,mfsweep_shard0,SPT_SMPT,64,7243.18,97,0,1,2548.9,3531.0,982.1,2,2,71.0,0.2,594.5,113.4,203.1,71.0
2026-09-19 19:31:57,mfsweep_shard0,SPT_SMPT,64,7243.18,98,0,1,2575.2,4810.1,2234.9,2,2,85.6,1.9,1358.9,243.0,545.5,85.6
2026-09-19 19:31:57,mfsweep_shard0,SPT_SMPT,64,7243.18,99,0,1,2601.5,3308.7,707.3,2,2,82.0,0.0,499.7,119.1,6.5,82.0
2026-09-19 19:31:57,mfsweep_shard0,SPT_SMPT,64,7243.18,100,0,1,2627.7,3382.6,754.9,2,2,53.9,0.0,572.3,103.7,24.8,53.9
2026-09-19 19:31:57,mfsweep_shard0,SPT_SMPT,64,7243.18,101,0,1,2654.0,5787.7,3133.7,2,2,77.3,2.1,1476.3,174.7,1403.3,77.3
2026-09-19 19:31:57,mfsweep_shard0,SPT_SMPT,64,7243.18,102,0,1,2680.3,3450.9,770.6,2,2,76.0,0.0,573.8,111.3,9.4,76.0
2026-09-19 19:31:57,mfsweep_shard0,SPT_SMPT,64,7243.18,103,0,1,2706.6,3789.9,1083.4,2,2,71.3,0.0,510.1,106.6,395.4,71.3
2026-09-19 19:31:57,mfsweep_shard0,SPT_SMPT,64,7243.18,104,0,1,2732.9,3458.1,725.2,2,2,62.4,0.0,527.0,112.8,23.1,62.4
2026-09-19 19:31:57,mfsweep_shard0,SPT_SMPT,64,7243.18,105,0,1,2759.1,5661.9,2902.7,2,2,74.7,2.2,1439.1,179.0,1179.8,102.6
2026-09-19 19:31:57,mfsweep_shard0,SPT_SMPT,64,7243.18,106,0,1,2785.4,3553.2,767.8,2,2,57.2,0.0,576.3,119.0,15.2,57.2
2026-09-19 19:31:57,mfsweep_shard0,SPT_SMPT,64,7243.18,107,0,1,2811.7,3721.2,909.6,2,2,67.9,0.0,577.1,124.0,140.5,67.9
2026-09-19 19:31:57,mfsweep_shard0,SPT_SMPT,64,7243.18,108,0,1,2838.0,3728.4,890.5,2,2,68.5,0.0,520.9,115.1,185.9,68.5
2026-09-19 19:31:57,mfsweep_shard0,SPT_SMPT,64,7243.18,109,0,1,2864.2,6369.1,3504.9,2,2,85.0,2.4,1607.0,208.6,1601.8,85.0
2026-09-19 19:31:57,mfsweep_shard0,SPT_SMPT,64,7243.18,110,0,1,2890.5,6525.5,3635.0,2,2,82.4,2.7,1633.3,234.1,1682.4,82.4
2026-09-19 19:31:57,mfsweep_shard0,SPT_SMPT,64,7243.18,111,0,1,2916.8,3735.6,818.8,2,2,62.2,0.0,631.3,119.5,5.7,62.2
2026-09-19 19:31:57,mfsweep_shard0,SPT_SMPT,64,7243.18,112,0,1,2943.1,3749.7,806.6,2,2,70.1,0.0,479.2,109.7,147.6,70.1
2026-09-19 19:31:57,mfsweep_shard0,SPT_SMPT,64,7243.18,113,0,1,2969.3,3742.7,773.4,2,2,59.4,0.0,567.9,112.5,33.5,59.4
2026-09-19 19:31:57,mfsweep_shard0,SPT_SMPT,64,7243.18,114,0,1,2995.6,6965.1,3969.5,2,2,83.7,2.9,1963.9,285.0,1634.0,83.7
2026-09-19 19:31:57,mfsweep_shard0,SPT_SMPT,64,7243.18,115,0,1,3021.9,6404.5,3382.6,2,2,82.3,3.0,1884.8,252.1,1160.5,82.3
2026-09-19 19:31:57,mfsweep_shard0,SPT_SMPT,64,7243.18,116,0,1,3048.2,4886.0,1837.9,2,2,63.4,1.5,1473.0,217.5,82.4,63.4
2026-09-19 19:31:57,mfsweep_shard0,SPT_SMPT,64,7243.18,117,0,1,3074.5,4391.0,1316.5,2,2,74.6,0.0,1106.9,135.0,0.0,74.6
2026-09-19 19:31:57,mfsweep_shard0,SPT_SMPT,64,7243.18,118,0,1,3100.7,4398.1,1297.3,2,2,73.6,0.0,986.2,132.1,105.4,73.6
2026-09-19 19:31:57,mfsweep_shard0,SPT_SMPT,64,7243.18,119,0,1,3127.0,4412.3,1285.3,2,2,58.6,0.0,1033.9,128.6,64.2,58.6
2026-09-19 19:31:57,mfsweep_shard0,SPT_SMPT,64,7243.18,120,0,1,3153.3,4674.0,1520.8,2,2,78.7,0.1,1205.1,169.5,23.8,122.3
2026-09-19 19:31:57,mfsweep_shard0,SPT_SMPT,64,7243.18,121,0,1,3179.6,5727.2,2547.6,2,2,71.3,2.2,1724.8,139.1,556.7,124.7
2026-09-19 19:31:57,mfsweep_shard0,SPT_SMPT,64,7243.18,122,0,1,3205.8,5851.9,2646.1,2,2,79.2,2.3,1761.2,136.8,666.5,79.2
2026-09-19 19:31:57,mfsweep_shard0,SPT_SMPT,64,7243.18,123,0,1,3232.1,5308.3,2076.2,2,2,71.0,0.5,1524.7,99.2,380.8,71.0
2026-09-19 19:31:57,mfsweep_shard0,SPT_SMPT,64,7243.18,124,0,1,3258.4,4979.6,1721.2,2,2,53.6,0.5,1529.2,118.5,19.4,53.6
2026-09-19 19:31:57,mfsweep_shard0,SPT_SMPT,64,7243.18,125,0,1,3284.7,5063.0,1778.3,2,2,64.2,0.0,1504.5,114.3,95.2,64.2
2026-09-19 19:31:57,mfsweep_shard0,SPT_SMPT,64,7243.18,126,0,1,3311.0,5002.7,1691.8,2,2,54.2,0.0,1474.9,108.8,53.9,54.2
2026-09-19 19:31:57,mfsweep_shard0,SPT_SMPT,64,7243.18,127,0,1,3337.2,7034.3,3697.1,2,2,84.2,1.3,2016.1,220.0,1375.5,84.2
2026-09-19 19:31:57,mfsweep_shard0,SPT_SMPT,64,7243.18,128,0,1,3363.5,6761.6,3398.1,2,2,82.5,1.4,2082.5,214.8,1016.8,82.5
2026-09-19 19:31:57,mfsweep_shard0,SPT_SMPT,64,7243.18,129,0,1,3389.8,5983.8,2594.0,2,2,81.0,0.9,1815.9,146.1,550.1,81.0
2026-09-19 19:31:57,mfsweep_shard0,SPT_SMPT,64,7243.18,130,0,1,3416.1,5156.5,1740.4,2,2,63.7,0.0,1491.4,88.5,96.8,63.7
2026-09-19 19:31:57,mfsweep_shard0,SPT_SMPT,64,7243.18,131,0,1,3442.3,5081.5,1639.2,2,2,55.5,0.0,1450.6,109.7,23.4,55.5
2026-09-19 19:31:57,mfsweep_shard0,SPT_SMPT,64,7243.18,132,0,1,3468.6,6896.5,3427.9,2,2,82.5,1.5,2085.5,231.2,1027.2,82.5
2026-09-19 19:31:57,mfsweep_shard0,SPT_SMPT,64,7243.18,133,0,1,3494.9,7243.2,3748.3,2,2,84.8,1.6,2120.4,229.0,1312.4,84.8
2026-09-19 19:31:57,mfsweep_shard0,SPT_SMPT,64,7243.18,134,0,1,3521.2,5110.9,1589.7,2,2,56.4,0.0,1418.6,85.3,29.4,56.4
2026-09-19 19:31:57,mfsweep_shard0,SPT_SMPT,64,7243.18,135,0,1,3547.5,5251.8,1704.4,2,2,69.6,0.0,1428.5,88.9,117.3,69.6
2026-09-19 19:31:57,mfsweep_shard0,SPT_SMPT,64,7243.18,136,0,1,3573.7,5197.7,1624.0,2,2,55.8,0.0,1485.6,73.7,8.9,55.8
2026-09-19 19:36:49,mfsweep_shard0,SPT_SMPT,65,7145.66,0,0,1,0.0,248.2,248.2,2,2,74.6,0.0,68.8,104.7,0.0,74.6
2026-09-19 19:36:49,mfsweep_shard0,SPT_SMPT,65,7145.66,1,0,1,26.3,259.8,233.5,2,2,54.4,0.0,47.8,110.5,20.8,54.4
2026-09-19 19:36:49,mfsweep_shard0,SPT_SMPT,65,7145.66,2,0,1,52.6,376.2,323.6,2,2,62.6,0.0,80.8,95.7,84.4,62.6
2026-09-19 19:36:49,mfsweep_shard0,SPT_SMPT,65,7145.66,3,0,1,78.8,337.1,258.3,2,2,60.9,0.0,97.0,90.2,10.1,60.9
2026-09-19 19:36:49,mfsweep_shard0,SPT_SMPT,65,7145.66,4,0,1,105.1,699.9,594.8,2,2,77.8,0.0,95.0,133.4,288.5,77.8
2026-09-19 19:36:49,mfsweep_shard0,SPT_SMPT,65,7145.66,5,0,1,131.4,632.9,501.5,2,2,75.9,0.0,131.7,151.7,139.6,78.4
2026-09-19 19:36:49,mfsweep_shard0,SPT_SMPT,65,7145.66,6,0,1,157.7,729.5,571.8,2,2,83.0,0.1,62.7,159.8,266.2,83.0
2026-09-19 19:36:49,mfsweep_shard0,SPT_SMPT,65,7145.66,7,0,1,183.9,522.2,338.3,2,2,56.4,0.1,111.8,124.7,45.3,56.4
2026-09-19 19:36:49,mfsweep_shard0,SPT_SMPT,65,7145.66,8,0,1,210.2,409.8,199.6,2,2,67.5,0.0,29.2,102.9,0.0,67.5
2026-09-19 19:36:49,mfsweep_shard0,SPT_SMPT,65,7145.66,9,0,1,236.5,495.2,258.7,2,2,54.5,0.0,50.8,140.0,13.4,54.5
2026-09-19 19:36:49,mfsweep_shard0,SPT_SMPT,65,7145.66,10,0,1,262.8,566.9,304.1,2,2,60.8,0.0,123.0,105.2,15.1,60.8
2026-09-19 19:36:49,mfsweep_shard0,SPT_SMPT,65,7145.66,11,0,1,289.1,596.9,307.8,2,2,70.2,0.0,110.0,127.5,0.0,70.2
2026-09-19 19:36:49,mfsweep_shard0,SPT_SMPT,65,7145.66,12,0,1,315.3,656.4,341.1,2,2,54.4,0.0,143.6,122.8,20.3,54.4
2026-09-19 19:36:49,mfsweep_shard0,SPT_SMPT,65,7145.66,13,0,1,341.6,649.2,307.6,2,2,60.1,0.0,77.7,117.3,52.5,60.1
2026-09-19 19:36:49,mfsweep_shard0,SPT_SMPT,65,7145.66,14,0,1,367.9,804.0,436.2,2,2,75.0,0.0,44.8,158.2,158.1,75.0
2026-09-19 19:36:49,mfsweep_shard0,SPT_SMPT,65,7145.66,15,0,1,394.2,959.9,565.7,2,2,71.5,0.1,130.6,198.5,160.9,75.7
2026-09-19 19:36:49,mfsweep_shard0,SPT_SMPT,65,7145.66,16,0,1,420.4,871.1,450.6,2,2,60.8,0.1,174.4,150.4,32.1,93.7
2026-09-19 19:36:49,mfsweep_shard0,SPT_SMPT,65,7145.66,17,0,1,446.7,1090.3,643.6,2,2,73.0,0.1,161.6,145.3,263.5,73.0
2026-09-19 19:36:49,mfsweep_shard0,SPT_SMPT,65,7145.66,18,0,1,473.0,1261.4,788.4,2,2,80.3,0.1,166.6,145.2,396.3,80.3
2026-09-19 19:36:49,mfsweep_shard0,SPT_SMPT,65,7145.66,19,0,1,499.3,864.0,364.7,2,2,53.8,0.1,119.0,156.2,35.7,53.8
2026-09-19 19:36:49,mfsweep_shard0,SPT_SMPT,65,7145.66,20,0,1,525.6,1206.0,680.5,2,2,80.1,0.1,220.0,120.2,260.0,80.1
2026-09-19 19:36:49,mfsweep_shard0,SPT_SMPT,65,7145.66,21,0,1,551.8,1123.8,571.9,2,2,76.6,0.0,145.0,121.4,228.9,76.6
2026-09-19 19:36:49,mfsweep_shard0,SPT_SMPT,65,7145.66,22,0,1,578.1,1002.8,424.7,2,2,64.8,0.0,200.3,104.4,55.2,64.8
2026-09-19 19:36:49,mfsweep_shard0,SPT_SMPT,65,7145.66,23,0,1,604.4,913.1,308.7,2,2,58.7,0.0,142.3,107.7,0.0,58.7
2026-09-19 19:36:49,mfsweep_shard0,SPT_SMPT,65,7145.66,24,0,1,630.7,984.1,353.5,2,2,85.1,0.0,124.9,107.2,36.1,85.1
2026-09-19 19:36:49,mfsweep_shard0,SPT_SMPT,65,7145.66,25,0,1,656.9,1056.5,399.6,2,2,64.7,0.0,161.2,144.0,29.8,64.7
2026-09-19 19:36:49,mfsweep_shard0,SPT_SMPT,65,7145.66,26,0,1,683.2,1014.6,331.4,2,2,56.6,0.1,122.2,143.5,8.9,56.6
2026-09-19 19:36:49,mfsweep_shard0,SPT_SMPT,65,7145.66,27,0,1,709.5,1130.9,421.4,2,2,56.7,0.1,188.5,149.0,27.1,56.7
2026-09-19 19:36:49,mfsweep_shard0,SPT_SMPT,65,7145.66,28,0,1,735.8,4397.5,3661.7,2,2,81.5,0.1,351.0,292.6,2936.6,81.5
2026-09-19 19:36:49,mfsweep_shard0,SPT_SMPT,65,7145.66,29,0,1,762.0,2442.2,1680.2,2,2,73.5,0.1,177.6,198.1,1230.8,73.5
2026-09-19 19:36:49,mfsweep_shard0,SPT_SMPT,65,7145.66,30,0,1,788.3,3538.1,2749.8,2,2,80.2,0.1,292.3,237.0,2140.2,80.2
2026-09-19 19:36:49,mfsweep_shard0,SPT_SMPT,65,7145.66,31,0,1,814.6,2004.9,1190.3,2,2,77.6,0.1,154.0,158.0,800.6,77.6
2026-09-19 19:36:49,mfsweep_shard0,SPT_SMPT,65,7145.66,32,0,1,840.9,1198.9,358.0,2,2,71.2,0.0,120.7,83.0,83.0,71.2
2026-09-19 19:36:49,mfsweep_shard0,SPT_SMPT,65,7145.66,33,0,1,867.2,4874.0,4006.9,2,2,85.7,0.2,477.9,383.4,3059.7,85.7
2026-09-19 19:36:49,mfsweep_shard0,SPT_SMPT,65,7145.66,34,0,1,893.4,1335.0,441.6,2,2,66.0,0.0,219.7,124.8,31.1,66.0
2026-09-19 19:36:49,mfsweep_shard0,SPT_SMPT,65,7145.66,35,0,1,919.7,1235.4,315.7,2,2,71.8,0.0,125.4,107.1,11.4,71.8
2026-09-19 19:36:49,mfsweep_shard0,SPT_SMPT,65,7145.66,36,0,1,946.0,5590.7,4644.7,2,2,80.9,0.4,519.4,391.6,3652.5,80.9
2026-09-19 19:36:49,mfsweep_shard0,SPT_SMPT,65,7145.66,37,0,1,972.3,3336.2,2363.9,2,2,74.0,0.3,348.9,189.8,1751.0,74.0
2026-09-19 19:36:49,mfsweep_shard0,SPT_SMPT,65,7145.66,38,0,1,998.5,6388.6,5390.0,2,2,82.0,0.6,664.9,460.2,4182.4,82.0
2026-09-19 19:36:49,mfsweep_shard0,SPT_SMPT,65,7145.66,39,0,1,1024.8,2109.7,1084.8,2,2,72.6,0.2,154.2,161.2,696.6,72.6
2026-09-19 19:36:49,mfsweep_shard0,SPT_SMPT,65,7145.66,40,0,1,1051.1,5651.1,4600.0,2,2,76.8,0.8,674.2,452.8,3395.5,76.8
2026-09-19 19:36:49,mfsweep_shard0,SPT_SMPT,65,7145.66,41,0,1,1077.4,1368.3,290.9,2,2,55.1,0.0,84.0,127.0,24.9,55.1
2026-09-19 19:36:49,mfsweep_shard0,SPT_SMPT,65,7145.66,42,0,1,1103.7,1545.4,441.7,2,2,61.1,0.0,159.8,117.1,103.7,61.1
2026-09-19 19:36:49,mfsweep_shard0,SPT_SMPT,65,7145.66,43,0,1,1129.9,1375.4,245.4,2,2,63.1,0.0,52.1,114.5,15.7,63.1
2026-09-19 19:36:49,mfsweep_shard0,SPT_SMPT,65,7145.66,44,0,1,1156.2,1396.4,240.2,2,2,56.2,0.0,52.6,102.5,28.8,56.2
2026-09-19 19:36:49,mfsweep_shard0,SPT_SMPT,65,7145.66,45,0,1,1182.5,1578.6,396.1,2,2,61.2,0.0,83.5,132.8,118.6,61.2
2026-09-19 19:36:49,mfsweep_shard0,SPT_SMPT,65,7145.66,46,0,1,1208.8,1477.1,268.3,2,2,56.9,0.0,35.0,148.8,27.6,56.9
2026-09-19 19:36:49,mfsweep_shard0,SPT_SMPT,65,7145.66,47,0,1,1235.0,1720.4,485.3,2,2,62.7,0.0,66.8,128.5,227.2,62.7
2026-09-19 19:36:49,mfsweep_shard0,SPT_SMPT,65,7145.66,48,0,1,1261.3,3649.1,2387.8,2,2,74.5,0.6,452.6,282.6,1541.3,110.7
2026-09-19 19:36:49,mfsweep_shard0,SPT_SMPT,65,7145.66,49,0,1,1287.6,1837.2,549.6,2,2,65.6,0.0,24.3,134.8,324.9,65.6
2026-09-19 19:36:49,mfsweep_shard0,SPT_SMPT,65,7145.66,50,0,1,1313.9,2143.3,829.4,2,2,65.8,0.2,186.0,170.2,364.5,108.4
2026-09-19 19:36:49,mfsweep_shard0,SPT_SMPT,65,7145.66,51,0,1,1340.2,1663.7,323.6,2,2,60.5,0.0,104.5,125.5,33.0,60.5
2026-09-19 19:36:49,mfsweep_shard0,SPT_SMPT,65,7145.66,52,0,1,1366.4,1641.5,275.1,2,2,62.4,0.0,79.0,119.5,14.1,62.4
2026-09-19 19:36:49,mfsweep_shard0,SPT_SMPT,65,7145.66,53,0,1,1392.7,4600.3,3207.6,2,2,84.5,0.8,636.1,375.5,2108.5,86.7
2026-09-19 19:36:49,mfsweep_shard0,SPT_SMPT,65,7145.66,54,0,1,1419.0,5441.9,4022.9,2,2,74.9,1.1,844.6,417.1,2685.0,75.2
2026-09-19 19:36:49,mfsweep_shard0,SPT_SMPT,65,7145.66,55,0,1,1445.3,2764.7,1319.4,2,2,73.6,0.5,340.9,216.1,644.0,117.9
2026-09-19 19:36:49,mfsweep_shard0,SPT_SMPT,65,7145.66,56,0,1,1471.5,1761.1,289.5,2,2,59.2,0.0,86.5,122.3,21.6,59.2
2026-09-19 19:36:49,mfsweep_shard0,SPT_SMPT,65,7145.66,57,0,1,1497.8,4540.5,3042.6,2,2,77.6,1.1,678.4,369.9,1915.8,77.6
2026-09-19 19:36:49,mfsweep_shard0,SPT_SMPT,65,7145.66,58,0,1,1524.1,1753.9,229.8,2,2,58.9,0.0,21.8,129.7,19.4,58.9
2026-09-19 19:36:49,mfsweep_shard0,SPT_SMPT,65,7145.66,59,0,1,1550.4,2177.9,627.6,2,2,66.1,0.4,217.5,162.2,181.5,66.1
2026-09-19 19:36:49,mfsweep_shard0,SPT_SMPT,65,7145.66,60,0,1,1576.6,4586.3,3009.7,2,2,86.2,1.2,840.9,306.2,1775.2,86.2
2026-09-19 19:36:49,mfsweep_shard0,SPT_SMPT,65,7145.66,61,0,1,1602.9,3662.0,2059.1,2,2,74.7,1.1,689.8,246.6,1047.0,74.7
2026-09-19 19:36:49,mfsweep_shard0,SPT_SMPT,65,7145.66,62,0,1,1629.2,2379.5,750.3,2,2,71.9,0.4,217.2,171.8,289.0,71.9
2026-09-19 19:36:49,mfsweep_shard0,SPT_SMPT,65,7145.66,63,0,1,1655.5,4989.0,3333.6,2,2,76.1,1.5,956.1,353.2,1946.6,76.1
2026-09-19 19:36:49,mfsweep_shard0,SPT_SMPT,65,7145.66,64,0,1,1681.8,6254.7,4572.9,2,2,81.4,1.8,1215.5,312.8,2961.5,81.4
2026-09-19 19:36:49,mfsweep_shard0,SPT_SMPT,65,7145.66,65,0,1,1708.0,2050.0,342.0,2,2,79.2,0.0,131.4,131.5,0.0,79.2
2026-09-19 19:36:49,mfsweep_shard0,SPT_SMPT,65,7145.66,66,0,1,1734.3,2277.0,542.7,2,2,61.1,0.0,252.3,143.0,86.3,61.1
2026-09-19 19:36:49,mfsweep_shard0,SPT_SMPT,65,7145.66,67,0,1,1760.6,2212.0,451.4,2,2,54.6,0.0,224.1,137.5,35.1,54.6
2026-09-19 19:36:49,mfsweep_shard0,SPT_SMPT,65,7145.66,68,0,1,1786.9,2308.4,521.5,2,2,64.0,0.0,237.4,103.1,117.0,64.0
2026-09-19 19:36:49,mfsweep_shard0,SPT_SMPT,65,7145.66,69,0,1,1813.1,2301.2,488.1,2,2,62.4,0.0,306.3,109.3,10.1,62.4
2026-09-19 19:36:49,mfsweep_shard0,SPT_SMPT,65,7145.66,70,0,1,1839.4,2246.7,407.3,2,2,60.5,0.0,223.9,114.8,8.0,60.5
2026-09-19 19:36:49,mfsweep_shard0,SPT_SMPT,65,7145.66,71,0,1,1865.7,6933.9,5068.2,2,2,84.7,1.2,1028.2,311.0,3643.1,84.7
2026-09-19 19:36:49,mfsweep_shard0,SPT_SMPT,65,7145.66,72,0,1,1892.0,3630.3,1738.3,2,2,82.5,0.3,505.2,249.9,900.4,82.5
2026-09-19 19:36:49,mfsweep_shard0,SPT_SMPT,65,7145.66,73,0,1,1918.3,2404.6,486.3,2,2,63.9,0.0,240.2,113.3,68.9,63.9
2026-09-19 19:36:49,mfsweep_shard0,SPT_SMPT,65,7145.66,74,0,1,1944.5,3642.0,1697.4,2,2,75.2,0.4,553.4,190.7,877.8,75.2
2026-09-19 19:36:49,mfsweep_shard0,SPT_SMPT,65,7145.66,75,0,1,1970.8,2456.8,486.0,2,2,66.6,0.0,220.1,99.5,99.8,66.6
2026-09-19 19:36:49,mfsweep_shard0,SPT_SMPT,65,7145.66,76,0,1,1997.1,5819.8,3822.8,2,2,83.7,1.1,837.3,245.5,2655.1,83.7
2026-09-19 19:36:49,mfsweep_shard0,SPT_SMPT,65,7145.66,77,0,1,2023.4,2584.3,561.0,2,2,68.7,0.0,205.7,120.3,166.3,68.7
2026-09-19 19:36:49,mfsweep_shard0,SPT_SMPT,65,7145.66,78,0,1,2049.6,2591.5,541.9,2,2,62.3,0.0,315.0,117.1,47.5,62.3
2026-09-19 19:36:49,mfsweep_shard0,SPT_SMPT,65,7145.66,79,0,1,2075.9,2752.9,677.0,2,2,61.7,0.0,430.0,160.3,23.3,63.4
2026-09-19 19:36:49,mfsweep_shard0,SPT_SMPT,65,7145.66,80,0,1,2102.2,2612.4,510.2,2,2,72.1,0.0,170.2,153.0,114.9,72.1
2026-09-19 19:36:49,mfsweep_shard0,SPT_SMPT,65,7145.66,81,0,1,2128.5,2605.2,476.7,2,2,62.2,0.0,233.7,153.0,27.8,62.2
2026-09-19 19:36:49,mfsweep_shard0,SPT_SMPT,65,7145.66,82,0,1,2154.7,2715.6,560.8,2,2,72.8,0.0,282.3,150.0,55.6,72.8
2026-09-19 19:36:49,mfsweep_shard0,SPT_SMPT,65,7145.66,83,0,1,2181.0,6726.4,4545.4,2,2,83.2,1.3,845.6,291.1,3290.5,116.9
2026-09-19 19:36:49,mfsweep_shard0,SPT_SMPT,65,7145.66,84,0,1,2207.3,2938.0,730.7,2,2,66.7,0.1,411.5,138.7,113.7,66.7
2026-09-19 19:36:49,mfsweep_shard0,SPT_SMPT,65,7145.66,85,0,1,2233.6,3029.8,796.2,2,2,60.8,0.1,440.4,175.3,109.7,70.6
2026-09-19 19:36:49,mfsweep_shard0,SPT_SMPT,65,7145.66,86,0,1,2259.9,3669.3,1409.4,2,2,86.5,0.4,868.1,297.2,157.2,86.5
2026-09-19 19:36:49,mfsweep_shard0,SPT_SMPT,65,7145.66,87,0,1,2286.1,3839.7,1553.5,2,2,70.4,0.7,890.3,113.5,478.7,70.4
2026-09-19 19:36:49,mfsweep_shard0,SPT_SMPT,65,7145.66,88,0,1,2312.4,2856.4,544.0,2,2,56.5,0.0,371.6,95.0,20.7,56.5
2026-09-19 19:36:49,mfsweep_shard0,SPT_SMPT,65,7145.66,89,0,1,2338.7,2885.2,546.5,2,2,55.1,0.1,349.5,96.3,45.6,55.1
2026-09-19 19:36:49,mfsweep_shard0,SPT_SMPT,65,7145.66,90,0,1,2365.0,2980.1,615.2,2,2,57.2,0.1,419.8,98.5,39.6,57.2
2026-09-19 19:36:49,mfsweep_shard0,SPT_SMPT,65,7145.66,91,0,1,2391.2,4996.3,2605.1,2,2,74.3,1.5,1110.5,158.2,1260.5,74.3
2026-09-19 19:36:49,mfsweep_shard0,SPT_SMPT,65,7145.66,92,0,1,2417.5,5907.0,3489.5,2,2,79.7,1.9,1261.0,217.3,1929.6,79.7
2026-09-19 19:36:49,mfsweep_shard0,SPT_SMPT,65,7145.66,93,0,1,2443.8,3786.6,1342.8,2,2,67.5,1.0,871.1,112.5,290.7,67.5
2026-09-19 19:36:49,mfsweep_shard0,SPT_SMPT,65,7145.66,94,0,1,2470.1,3016.3,546.2,2,2,55.6,0.2,339.3,108.2,42.9,55.6
2026-09-19 19:36:49,mfsweep_shard0,SPT_SMPT,65,7145.66,95,0,1,2496.4,3071.9,575.5,2,2,66.1,0.2,299.6,93.0,116.6,66.1
2026-09-19 19:36:49,mfsweep_shard0,SPT_SMPT,65,7145.66,96,0,1,2522.6,7145.7,4623.0,2,2,86.4,2.1,1228.3,189.3,3116.9,86.4
2026-09-19 19:36:49,mfsweep_shard0,SPT_SMPT,65,7145.66,97,0,1,2548.9,4559.9,2011.0,2,2,71.0,1.7,1032.3,128.6,777.3,71.0
2026-09-19 19:36:49,mfsweep_shard0,SPT_SMPT,65,7145.66,98,0,1,2575.2,7074.3,4499.1,2,2,85.6,2.4,1284.3,188.2,2938.5,85.6
2026-09-19 19:36:49,mfsweep_shard0,SPT_SMPT,65,7145.66,99,0,1,2601.5,6321.6,3720.2,2,2,82.0,2.3,1315.8,188.1,2132.0,82.0
2026-09-19 19:36:49,mfsweep_shard0,SPT_SMPT,65,7145.66,100,0,1,2627.7,3690.0,1062.3,2,2,53.9,1.1,809.9,106.1,61.2,84.0
2026-09-19 19:36:49,mfsweep_shard0,SPT_SMPT,65,7145.66,101,0,1,2654.0,5994.5,3340.5,2,2,77.3,2.5,1320.9,200.9,1738.8,77.3
2026-09-19 19:36:49,mfsweep_shard0,SPT_SMPT,65,7145.66,102,0,1,2680.3,5936.2,3255.9,2,2,76.0,2.7,1380.4,194.8,1500.9,177.2
2026-09-19 19:36:49,mfsweep_shard0,SPT_SMPT,65,7145.66,103,0,1,2706.6,5089.8,2383.2,2,2,71.3,2.3,1166.4,162.0,981.2,71.3
2026-09-19 19:36:49,mfsweep_shard0,SPT_SMPT,65,7145.66,104,0,1,2732.9,3373.0,640.1,2,2,62.4,0.0,450.7,104.7,22.4,62.4
2026-09-19 19:36:49,mfsweep_shard0,SPT_SMPT,65,7145.66,105,0,1,2759.1,5381.5,2622.4,2,2,74.7,2.4,1181.9,164.3,1199.0,74.7
2026-09-19 19:36:49,mfsweep_shard0,SPT_SMPT,65,7145.66,106,0,1,2785.4,3682.9,897.5,2,2,57.2,0.0,700.9,99.5,39.9,57.2
2026-09-19 19:36:49,mfsweep_shard0,SPT_SMPT,65,7145.66,107,0,1,2811.7,3703.0,891.3,2,2,67.9,0.0,637.4,105.3,80.7,67.9
2026-09-19 19:36:49,mfsweep_shard0,SPT_SMPT,65,7145.66,108,0,1,2838.0,3988.5,1150.6,2,2,68.5,0.0,843.8,98.2,140.0,68.5
2026-09-19 19:36:49,mfsweep_shard0,SPT_SMPT,65,7145.66,109,0,1,2864.2,3872.5,1008.3,2,2,85.0,0.0,839.2,84.1,0.0,85.0
2026-09-19 19:36:49,mfsweep_shard0,SPT_SMPT,65,7145.66,110,0,1,2890.5,6523.3,3632.7,2,2,82.4,1.7,1384.1,190.8,1973.7,82.4
2026-09-19 19:36:49,mfsweep_shard0,SPT_SMPT,65,7145.66,111,0,1,2916.8,3880.0,963.2,2,2,62.2,0.0,792.9,98.5,9.5,62.2
2026-09-19 19:36:49,mfsweep_shard0,SPT_SMPT,65,7145.66,112,0,1,2943.1,4607.4,1664.3,2,2,70.1,0.9,1013.1,101.0,479.2,70.1
2026-09-19 19:36:49,mfsweep_shard0,SPT_SMPT,65,7145.66,113,0,1,2969.3,3887.2,917.9,2,2,59.4,0.1,757.9,88.5,12.0,59.4
2026-09-19 19:36:49,mfsweep_shard0,SPT_SMPT,65,7145.66,114,0,1,2995.6,6795.1,3799.5,2,2,83.7,1.9,1398.2,190.7,2125.0,83.7
2026-09-19 19:36:49,mfsweep_shard0,SPT_SMPT,65,7145.66,115,0,1,3021.9,6455.8,3433.9,2,2,82.3,2.1,1404.3,191.5,1753.8,82.3
2026-09-19 19:36:49,mfsweep_shard0,SPT_SMPT,65,7145.66,116,0,1,3048.2,4040.5,992.3,2,2,63.4,0.1,712.9,108.3,107.5,63.4
2026-09-19 19:36:49,mfsweep_shard0,SPT_SMPT,65,7145.66,117,0,1,3074.5,5322.3,2247.9,2,2,74.6,1.6,1142.1,145.5,884.0,74.6
2026-09-19 19:36:49,mfsweep_shard0,SPT_SMPT,65,7145.66,118,0,1,3100.7,5262.2,2161.5,2,2,73.6,1.7,1179.3,146.9,760.0,73.6
2026-09-19 19:36:49,mfsweep_shard0,SPT_SMPT,65,7145.66,119,0,1,3127.0,4028.6,901.6,2,2,58.6,0.2,716.7,99.3,26.9,58.6
2026-09-19 19:36:49,mfsweep_shard0,SPT_SMPT,65,7145.66,120,0,1,3153.3,6058.6,2905.4,2,2,78.7,2.4,1433.8,214.4,1176.0,78.7
2026-09-19 19:36:49,mfsweep_shard0,SPT_SMPT,65,7145.66,121,0,1,3179.6,5111.3,1931.8,2,2,71.3,1.9,1155.9,184.8,517.9,71.3
2026-09-19 19:36:49,mfsweep_shard0,SPT_SMPT,65,7145.66,122,0,1,3205.8,6122.4,2916.5,2,2,79.2,2.6,1432.8,188.2,1213.7,79.2
2026-09-19 19:36:49,mfsweep_shard0,SPT_SMPT,65,7145.66,123,0,1,3232.1,5149.0,1916.9,2,2,71.0,2.0,1188.1,139.7,516.1,71.0
2026-09-19 19:36:49,mfsweep_shard0,SPT_SMPT,65,7145.66,124,0,1,3258.4,4113.5,855.1,2,2,53.6,0.3,661.7,111.7,27.9,53.6
2026-09-19 19:36:49,mfsweep_shard0,SPT_SMPT,65,7145.66,125,0,1,3284.7,4167.4,882.7,2,2,64.2,0.3,632.8,110.6,74.8,64.2
2026-09-19 19:36:49,mfsweep_shard0,SPT_SMPT,65,7145.66,126,0,1,3311.0,4155.5,844.6,2,2,54.2,0.3,659.5,107.0,23.5,54.2
2026-09-19 19:36:49,mfsweep_shard0,SPT_SMPT,65,7145.66,127,0,1,3337.2,6864.3,3527.0,2,2,84.2,2.8,1460.9,197.3,1781.7,84.2
2026-09-19 19:36:49,mfsweep_shard0,SPT_SMPT,65,7145.66,128,0,1,3363.5,6658.3,3294.8,2,2,82.5,3.0,1476.1,196.5,1536.6,82.5
2026-09-19 19:36:49,mfsweep_shard0,SPT_SMPT,65,7145.66,129,0,1,3389.8,6188.3,2798.6,2,2,81.0,3.1,1537.6,201.8,975.1,81.0
2026-09-19 19:36:49,mfsweep_shard0,SPT_SMPT,65,7145.66,130,0,1,3416.1,4691.3,1275.3,2,2,63.7,1.4,915.4,97.5,197.2,63.7
2026-09-19 19:36:49,mfsweep_shard0,SPT_SMPT,65,7145.66,131,0,1,3442.3,4209.7,767.3,2,2,55.5,0.0,604.3,91.0,16.5,55.5
2026-09-19 19:36:49,mfsweep_shard0,SPT_SMPT,65,7145.66,132,0,1,3468.6,6590.8,3122.1,2,2,82.5,2.9,1499.4,195.6,1341.8,82.5
2026-09-19 19:36:49,mfsweep_shard0,SPT_SMPT,65,7145.66,133,0,1,3494.9,7003.7,3508.8,2,2,84.8,3.0,1579.4,195.8,1645.8,84.8
2026-09-19 19:36:49,mfsweep_shard0,SPT_SMPT,65,7145.66,134,0,1,3521.2,4257.9,736.7,2,2,56.4,0.0,562.9,94.0,23.4,56.4
2026-09-19 19:36:49,mfsweep_shard0,SPT_SMPT,65,7145.66,135,0,1,3547.5,5204.1,1656.6,2,2,69.6,2.2,1166.4,137.7,229.5,120.8
2026-09-19 19:36:49,mfsweep_shard0,SPT_SMPT,65,7145.66,136,0,1,3573.7,4646.2,1072.5,2,2,55.8,1.6,812.0,100.0,68.9,90.0
2026-09-19 19:41:35,mfsweep_shard0,SPT_SMPT,66,7338.20,0,0,1,0.0,257.3,257.3,2,2,74.6,0.0,76.1,106.5,0.0,74.6
2026-09-19 19:41:35,mfsweep_shard0,SPT_SMPT,66,7338.20,1,0,1,26.3,328.7,302.4,2,2,54.4,0.0,99.4,127.5,21.1,54.4
2026-09-19 19:41:35,mfsweep_shard0,SPT_SMPT,66,7338.20,2,0,1,52.6,382.3,329.7,2,2,62.6,0.0,95.7,86.7,84.7,62.6
2026-09-19 19:41:35,mfsweep_shard0,SPT_SMPT,66,7338.20,3,0,1,78.8,321.6,242.8,2,2,60.9,0.0,46.0,134.0,1.8,60.9
2026-09-19 19:41:35,mfsweep_shard0,SPT_SMPT,66,7338.20,4,0,1,105.1,3053.7,2948.6,2,2,77.8,0.0,436.5,375.5,2058.6,77.8
2026-09-19 19:41:35,mfsweep_shard0,SPT_SMPT,66,7338.20,5,0,1,131.4,447.0,315.6,2,2,75.9,0.0,48.3,115.2,76.1,75.9
2026-09-19 19:41:35,mfsweep_shard0,SPT_SMPT,66,7338.20,6,0,1,157.7,1223.6,1065.9,2,2,83.0,0.1,95.1,273.8,614.0,83.0
2026-09-19 19:41:35,mfsweep_shard0,SPT_SMPT,66,7338.20,7,0,1,183.9,476.4,292.4,2,2,56.4,0.0,64.0,118.8,53.1,56.4
2026-09-19 19:41:35,mfsweep_shard0,SPT_SMPT,66,7338.20,8,0,1,210.2,795.9,585.7,2,2,67.5,0.1,91.0,151.9,275.2,67.5
2026-09-19 19:41:35,mfsweep_shard0,SPT_SMPT,66,7338.20,9,0,1,236.5,469.1,232.6,2,2,54.5,0.0,13.0,134.8,30.2,54.5
2026-09-19 19:41:35,mfsweep_shard0,SPT_SMPT,66,7338.20,10,0,1,262.8,581.5,318.7,2,2,60.8,0.0,71.8,174.5,11.6,60.8
2026-09-19 19:41:35,mfsweep_shard0,SPT_SMPT,66,7338.20,11,0,1,289.1,850.0,560.9,2,2,70.2,0.1,130.2,146.7,213.6,70.2
2026-09-19 19:41:35,mfsweep_shard0,SPT_SMPT,66,7338.20,12,0,1,315.3,604.5,289.1,2,2,54.4,0.0,83.1,107.0,44.6,54.4
2026-09-19 19:41:35,mfsweep_shard0,SPT_SMPT,66,7338.20,13,0,1,341.6,663.0,321.3,2,2,60.1,0.0,89.4,140.3,31.5,60.1
2026-09-19 19:41:35,mfsweep_shard0,SPT_SMPT,66,7338.20,14,0,1,367.9,1803.4,1435.5,2,2,75.0,0.2,406.1,345.8,608.3,75.0
2026-09-19 19:41:35,mfsweep_shard0,SPT_SMPT,66,7338.20,15,0,1,394.2,1320.2,926.0,2,2,71.5,0.3,306.6,247.2,300.5,71.5
2026-09-19 19:41:35,mfsweep_shard0,SPT_SMPT,66,7338.20,16,0,1,420.4,688.7,268.3,2,2,60.8,0.0,54.8,131.0,21.6,60.8
2026-09-19 19:41:35,mfsweep_shard0,SPT_SMPT,66,7338.20,17,0,1,446.7,1418.5,971.7,2,2,73.0,0.3,307.6,297.0,293.8,73.0
2026-09-19 19:41:35,mfsweep_shard0,SPT_SMPT,66,7338.20,18,0,1,473.0,1872.8,1399.8,2,2,80.3,0.4,466.4,394.1,458.7,80.3
2026-09-19 19:41:35,mfsweep_shard0,SPT_SMPT,66,7338.20,19,0,1,499.3,903.8,404.5,2,2,53.8,0.2,140.0,133.1,55.0,76.2
2026-09-19 19:41:35,mfsweep_shard0,SPT_SMPT,66,7338.20,20,0,1,525.6,1705.7,1180.1,2,2,80.1,0.6,563.2,260.0,276.2,80.1
2026-09-19 19:41:35,mfsweep_shard0,SPT_SMPT,66,7338.20,21,0,1,551.8,754.0,202.2,2,2,76.6,0.0,35.0,90.6,0.0,76.6
2026-09-19 19:41:35,mfsweep_shard0,SPT_SMPT,66,7338.20,22,0,1,578.1,1308.3,730.2,2,2,64.8,0.3,373.5,204.1,87.6,64.8
2026-09-19 19:41:35,mfsweep_shard0,SPT_SMPT,66,7338.20,23,0,1,604.4,1188.1,583.7,2,2,58.7,0.2,303.5,167.2,43.8,69.1
2026-09-19 19:41:35,mfsweep_shard0,SPT_SMPT,66,7338.20,24,0,1,630.7,1065.2,434.6,2,2,85.1,0.0,240.7,108.7,0.0,85.1
2026-09-19 19:41:35,mfsweep_shard0,SPT_SMPT,66,7338.20,25,0,1,656.9,1202.7,545.8,2,2,64.7,0.0,218.4,115.5,147.2,64.7
2026-09-19 19:41:35,mfsweep_shard0,SPT_SMPT,66,7338.20,26,0,1,683.2,1079.2,396.0,2,2,56.6,0.0,196.7,100.4,42.2,56.6
2026-09-19 19:41:35,mfsweep_shard0,SPT_SMPT,66,7338.20,27,0,1,709.5,1090.7,381.2,2,2,56.7,0.0,198.6,96.4,29.5,56.7
2026-09-19 19:41:35,mfsweep_shard0,SPT_SMPT,66,7338.20,28,0,1,735.8,1043.0,307.3,2,2,81.5,0.0,103.8,90.0,31.9,81.5
2026-09-19 19:41:35,mfsweep_shard0,SPT_SMPT,66,7338.20,29,0,1,762.0,3167.4,2405.4,2,2,73.5,0.4,562.3,314.3,1402.6,125.7
2026-09-19 19:41:35,mfsweep_shard0,SPT_SMPT,66,7338.20,30,0,1,788.3,1411.4,623.1,2,2,80.2,0.0,285.5,157.7,42.3,137.4
2026-09-19 19:41:35,mfsweep_shard0,SPT_SMPT,66,7338.20,31,0,1,814.6,2334.3,1519.7,2,2,77.6,0.5,483.2,240.4,718.0,77.6
2026-09-19 19:41:35,mfsweep_shard0,SPT_SMPT,66,7338.20,32,0,1,840.9,1761.8,920.9,2,2,71.2,0.5,553.6,166.1,101.6,99.1
2026-09-19 19:41:35,mfsweep_shard0,SPT_SMPT,66,7338.20,33,0,1,867.2,5533.8,4666.6,2,2,85.7,0.7,851.7,296.3,3432.2,85.7
2026-09-19 19:41:35,mfsweep_shard0,SPT_SMPT,66,7338.20,34,0,1,893.4,1516.3,622.9,2,2,66.0,0.0,404.5,124.5,27.8,66.0
2026-09-19 19:41:35,mfsweep_shard0,SPT_SMPT,66,7338.20,35,0,1,919.7,1483.9,564.2,2,2,71.8,0.0,343.2,110.1,39.1,71.8
2026-09-19 19:41:35,mfsweep_shard0,SPT_SMPT,66,7338.20,36,0,1,946.0,4688.7,3742.7,2,2,80.9,0.5,813.4,262.0,2585.9,80.9
2026-09-19 19:41:35,mfsweep_shard0,SPT_SMPT,66,7338.20,37,0,1,972.3,3618.6,2646.3,2,2,74.0,0.6,727.5,215.0,1629.3,74.0
2026-09-19 19:41:35,mfsweep_shard0,SPT_SMPT,66,7338.20,38,0,1,998.5,6326.8,5328.2,2,2,82.0,0.8,989.3,279.0,3977.2,82.0
2026-09-19 19:41:35,mfsweep_shard0,SPT_SMPT,66,7338.20,39,0,1,1024.8,1796.3,771.5,2,2,72.6,0.4,446.8,119.0,92.8,112.5
2026-09-19 19:41:35,mfsweep_shard0,SPT_SMPT,66,7338.20,40,0,1,1051.1,1644.4,593.3,2,2,76.8,0.0,390.6,107.5,18.4,76.8
2026-09-19 19:41:35,mfsweep_shard0,SPT_SMPT,66,7338.20,41,0,1,1077.4,1820.0,742.6,2,2,55.1,0.1,415.9,162.7,81.8,82.1
2026-09-19 19:41:35,mfsweep_shard0,SPT_SMPT,66,7338.20,42,0,1,1103.7,1962.7,859.1,2,2,61.1,0.2,437.2,169.5,191.1,61.1
2026-09-19 19:41:35,mfsweep_shard0,SPT_SMPT,66,7338.20,43,0,1,1129.9,2418.2,1288.2,2,2,63.1,0.3,434.4,204.5,586.0,63.1
2026-09-19 19:41:35,mfsweep_shard0,SPT_SMPT,66,7338.20,44,0,1,1156.2,1831.7,675.5,2,2,56.2,0.5,416.9,113.8,88.2,56.2
2026-09-19 19:41:35,mfsweep_shard0,SPT_SMPT,66,7338.20,45,0,1,1182.5,2040.1,857.6,2,2,61.2,0.0,445.4,115.8,235.2,61.2
2026-09-19 19:41:35,mfsweep_shard0,SPT_SMPT,66,7338.20,46,0,1,1208.8,1900.7,692.0,2,2,56.9,0.0,494.4,105.0,35.7,56.9
2026-09-19 19:41:35,mfsweep_shard0,SPT_SMPT,66,7338.20,47,0,1,1235.0,2382.6,1147.5,2,2,62.7,0.2,561.3,173.0,329.7,83.3
2026-09-19 19:41:35,mfsweep_shard0,SPT_SMPT,66,7338.20,48,0,1,1261.3,4315.1,3053.8,2,2,74.5,0.6,923.3,272.2,1783.2,74.5
2026-09-19 19:41:35,mfsweep_shard0,SPT_SMPT,66,7338.20,49,0,1,1287.6,2507.7,1220.1,2,2,65.6,0.2,562.1,169.5,422.7,65.6
2026-09-19 19:41:35,mfsweep_shard0,SPT_SMPT,66,7338.20,50,0,1,1313.9,2848.7,1534.9,2,2,65.8,0.4,697.1,168.7,583.5,85.2
2026-09-19 19:41:35,mfsweep_shard0,SPT_SMPT,66,7338.20,51,0,1,1340.2,2013.0,672.8,2,2,60.5,0.0,467.1,113.0,32.1,60.5
2026-09-19 19:41:35,mfsweep_shard0,SPT_SMPT,66,7338.20,52,0,1,1366.4,2100.1,733.6,2,2,62.4,0.0,496.5,104.5,70.2,62.4
2026-09-19 19:41:35,mfsweep_shard0,SPT_SMPT,66,7338.20,53,0,1,1392.7,6803.9,5411.2,2,2,84.5,0.9,1083.3,277.5,3965.0,84.5
2026-09-19 19:41:35,mfsweep_shard0,SPT_SMPT,66,7338.20,54,0,1,1419.0,4751.0,3332.0,2,2,74.9,0.9,1111.3,275.4,1869.4,74.9
2026-09-19 19:41:35,mfsweep_shard0,SPT_SMPT,66,7338.20,55,0,1,1445.3,3717.9,2272.7,2,2,73.6,0.8,989.5,221.0,987.6,73.6
2026-09-19 19:41:35,mfsweep_shard0,SPT_SMPT,66,7338.20,56,0,1,1471.5,2111.8,640.3,2,2,59.2,0.0,439.1,103.8,38.1,59.2
2026-09-19 19:41:35,mfsweep_shard0,SPT_SMPT,66,7338.20,57,0,1,1497.8,5821.7,4323.9,2,2,77.6,1.2,1236.7,333.7,2674.7,77.6
2026-09-19 19:41:35,mfsweep_shard0,SPT_SMPT,66,7338.20,58,0,1,1524.1,2185.2,661.1,2,2,58.9,0.0,471.1,111.5,19.5,58.9
2026-09-19 19:41:35,mfsweep_shard0,SPT_SMPT,66,7338.20,59,0,1,1550.4,2922.4,1372.0,2,2,66.1,0.6,731.2,156.1,418.0,66.1
2026-09-19 19:41:35,mfsweep_shard0,SPT_SMPT,66,7338.20,60,0,1,1576.6,7054.8,5478.1,2,2,86.2,1.4,1288.0,332.4,3770.2,86.2
2026-09-19 19:41:35,mfsweep_shard0,SPT_SMPT,66,7338.20,61,0,1,1602.9,4430.6,2827.7,2,2,74.7,1.3,1085.7,292.3,1373.8,74.7
2026-09-19 19:41:35,mfsweep_shard0,SPT_SMPT,66,7338.20,62,0,1,1629.2,3174.5,1545.3,2,2,71.9,1.0,875.2,223.4,373.7,71.9
2026-09-19 19:41:35,mfsweep_shard0,SPT_SMPT,66,7338.20,63,0,1,1655.5,5692.2,4036.7,2,2,76.1,1.7,1348.4,330.1,2280.4,76.1
2026-09-19 19:41:35,mfsweep_shard0,SPT_SMPT,66,7338.20,64,0,1,1681.8,2389.7,708.0,2,2,81.4,0.0,486.8,139.8,0.0,81.4
2026-09-19 19:41:35,mfsweep_shard0,SPT_SMPT,66,7338.20,65,0,1,1708.0,2396.9,688.9,2,2,79.2,0.0,483.9,123.8,2.1,79.2
2026-09-19 19:41:35,mfsweep_shard0,SPT_SMPT,66,7338.20,66,0,1,1734.3,2591.7,857.4,2,2,61.1,0.4,607.2,129.2,59.5,61.1
2026-09-19 19:41:35,mfsweep_shard0,SPT_SMPT,66,7338.20,67,0,1,1760.6,2535.7,775.1,2,2,54.6,0.0,556.5,127.9,36.1,54.6
2026-09-19 19:41:35,mfsweep_shard0,SPT_SMPT,66,7338.20,68,0,1,1786.9,2705.1,918.2,2,2,64.0,0.0,551.9,148.5,153.8,64.0
2026-09-19 19:41:35,mfsweep_shard0,SPT_SMPT,66,7338.20,69,0,1,1813.1,2631.8,818.7,2,2,62.4,0.0,592.4,103.2,60.7,62.4
2026-09-19 19:41:35,mfsweep_shard0,SPT_SMPT,66,7338.20,70,0,1,1839.4,2643.7,804.3,2,2,60.5,0.0,582.0,109.3,52.5,60.5
2026-09-19 19:41:35,mfsweep_shard0,SPT_SMPT,66,7338.20,71,0,1,1865.7,6873.5,5007.8,2,2,84.7,1.1,1159.6,236.3,3526.1,84.7
2026-09-19 19:41:35,mfsweep_shard0,SPT_SMPT,66,7338.20,72,0,1,1892.0,2575.1,683.1,2,2,82.5,0.0,473.3,98.0,29.3,82.5
2026-09-19 19:41:35,mfsweep_shard0,SPT_SMPT,66,7338.20,73,0,1,1918.3,2690.7,772.4,2,2,63.9,0.0,557.1,115.5,35.9,63.9
2026-09-19 19:41:35,mfsweep_shard0,SPT_SMPT,66,7338.20,74,0,1,1944.5,5647.3,3702.8,2,2,75.2,1.1,1163.5,266.2,2196.8,75.2
2026-09-19 19:41:35,mfsweep_shard0,SPT_SMPT,66,7338.20,75,0,1,1970.8,2811.9,841.1,2,2,66.6,0.0,598.5,120.1,55.9,66.6
2026-09-19 19:41:35,mfsweep_shard0,SPT_SMPT,66,7338.20,76,0,1,1997.1,6734.4,4737.4,2,2,83.7,1.4,1263.2,246.5,3142.6,83.7
2026-09-19 19:41:35,mfsweep_shard0,SPT_SMPT,66,7338.20,77,0,1,2023.4,3474.5,1451.2,2,2,68.7,0.4,727.5,167.2,487.4,68.7
2026-09-19 19:41:35,mfsweep_shard0,SPT_SMPT,66,7338.20,78,0,1,2049.6,2819.1,769.4,2,2,62.3,0.0,546.3,120.9,39.9,62.3
2026-09-19 19:41:35,mfsweep_shard0,SPT_SMPT,66,7338.20,79,0,1,2075.9,2826.2,750.3,2,2,61.7,0.0,544.3,117.2,27.1,61.7
2026-09-19 19:41:35,mfsweep_shard0,SPT_SMPT,66,7338.20,80,0,1,2102.2,3822.4,1720.2,2,2,72.1,0.7,990.7,168.4,488.3,72.1
2026-09-19 19:41:35,mfsweep_shard0,SPT_SMPT,66,7338.20,81,0,1,2128.5,3251.9,1123.4,2,2,62.2,0.4,850.8,170.2,30.0,72.0
2026-09-19 19:41:35,mfsweep_shard0,SPT_SMPT,66,7338.20,82,0,1,2154.7,4437.7,2283.0,2,2,72.8,1.0,1119.6,232.6,856.9,72.8
2026-09-19 19:41:35,mfsweep_shard0,SPT_SMPT,66,7338.20,83,0,1,2181.0,6597.1,4416.1,2,2,83.2,1.6,1483.0,211.2,2637.1,83.2
2026-09-19 19:41:35,mfsweep_shard0,SPT_SMPT,66,7338.20,84,0,1,2207.3,3412.9,1205.6,2,2,66.7,0.0,877.0,118.1,143.7,66.7
2026-09-19 19:41:35,mfsweep_shard0,SPT_SMPT,66,7338.20,85,0,1,2233.6,3295.6,1062.0,2,2,60.8,0.0,870.6,121.8,8.9,60.8
2026-09-19 19:41:35,mfsweep_shard0,SPT_SMPT,66,7338.20,86,0,1,2259.9,7338.2,5078.3,2,2,86.5,1.3,1575.6,257.8,3157.2,86.5
2026-09-19 19:41:35,mfsweep_shard0,SPT_SMPT,66,7338.20,87,0,1,2286.1,3755.8,1469.7,2,2,70.4,0.4,1071.6,136.8,179.5,81.5
2026-09-19 19:41:35,mfsweep_shard0,SPT_SMPT,66,7338.20,88,0,1,2312.4,3360.3,1047.9,2,2,56.5,0.0,804.6,118.4,68.3,56.5
2026-09-19 19:41:35,mfsweep_shard0,SPT_SMPT,66,7338.20,89,0,1,2338.7,3288.4,949.7,2,2,55.1,0.0,744.5,119.9,30.1,55.1
2026-09-19 19:41:35,mfsweep_shard0,SPT_SMPT,66,7338.20,90,0,1,2365.0,3396.5,1031.5,2,2,57.2,0.1,847.0,127.2,0.0,57.2
2026-09-19 19:41:35,mfsweep_shard0,SPT_SMPT,66,7338.20,91,0,1,2391.2,4845.3,2454.1,2,2,74.3,0.7,1240.6,148.6,990.0,74.3
2026-09-19 19:41:35,mfsweep_shard0,SPT_SMPT,66,7338.20,92,0,1,2417.5,6127.4,3709.9,2,2,79.7,1.1,1327.8,194.2,2107.0,79.7
2026-09-19 19:41:35,mfsweep_shard0,SPT_SMPT,66,7338.20,93,0,1,2443.8,3452.5,1008.7,2,2,67.5,0.1,814.9,110.3,15.9,67.5
2026-09-19 19:41:35,mfsweep_shard0,SPT_SMPT,66,7338.20,94,0,1,2470.1,3604.4,1134.3,2,2,55.6,0.1,905.1,120.6,52.8,55.6
2026-09-19 19:41:35,mfsweep_shard0,SPT_SMPT,66,7338.20,95,0,1,2496.4,3611.5,1115.1,2,2,66.1,0.1,904.7,127.7,16.4,66.1
2026-09-19 19:41:35,mfsweep_shard0,SPT_SMPT,66,7338.20,96,0,1,2522.6,7266.8,4744.1,2,2,86.4,1.3,1373.2,238.8,3044.5,86.4
2026-09-19 19:41:35,mfsweep_shard0,SPT_SMPT,66,7338.20,97,0,1,2548.9,3625.7,1076.8,2,2,71.0,0.2,810.9,121.5,73.2,71.0
2026-09-19 19:41:35,mfsweep_shard0,SPT_SMPT,66,7338.20,98,0,1,2575.2,7195.4,4620.2,2,2,85.6,1.4,1409.4,229.1,2894.7,85.6
2026-09-19 19:41:35,mfsweep_shard0,SPT_SMPT,66,7338.20,99,0,1,2601.5,6259.8,3658.3,2,2,82.0,1.5,1400.4,198.4,1976.1,82.0
2026-09-19 19:41:35,mfsweep_shard0,SPT_SMPT,66,7338.20,100,0,1,2627.7,3789.0,1161.3,2,2,53.9,0.3,956.2,101.0,49.9,53.9
2026-09-19 19:41:35,mfsweep_shard0,SPT_SMPT,66,7338.20,101,0,1,2654.0,5999.1,3345.0,2,2,77.3,1.6,1574.2,205.5,1486.4,77.3
2026-09-19 19:41:35,mfsweep_shard0,SPT_SMPT,66,7338.20,102,0,1,2680.3,5875.8,3195.5,2,2,76.0,1.7,1655.6,209.9,1252.2,76.0
2026-09-19 19:41:35,mfsweep_shard0,SPT_SMPT,66,7338.20,103,0,1,2706.6,4529.6,1823.0,2,2,71.3,0.8,1198.0,163.7,389.3,71.3
2026-09-19 19:41:35,mfsweep_shard0,SPT_SMPT,66,7338.20,104,0,1,2732.9,3896.5,1163.7,2,2,62.4,0.3,941.8,102.3,56.9,62.4
2026-09-19 19:41:35,mfsweep_shard0,SPT_SMPT,66,7338.20,105,0,1,2759.1,5936.3,3177.1,2,2,74.7,1.9,1694.6,191.7,1122.7,166.2
2026-09-19 19:41:35,mfsweep_shard0,SPT_SMPT,66,7338.20,106,0,1,2785.4,3908.2,1122.8,2,2,57.2,0.4,925.2,99.7,40.3,57.2
2026-09-19 19:41:35,mfsweep_shard0,SPT_SMPT,66,7338.20,107,0,1,2811.7,4052.2,1240.6,2,2,67.9,0.4,901.3,103.5,167.4,67.9
2026-09-19 19:41:35,mfsweep_shard0,SPT_SMPT,66,7338.20,108,0,1,2838.0,4910.8,2072.8,2,2,68.5,1.3,1401.6,179.6,377.0,113.3
2026-09-19 19:41:35,mfsweep_shard0,SPT_SMPT,66,7338.20,109,0,1,2864.2,7124.8,4260.5,2,2,85.0,1.7,1687.1,229.1,2194.4,148.2
2026-09-19 19:41:35,mfsweep_shard0,SPT_SMPT,66,7338.20,110,0,1,2890.5,6461.4,3570.9,2,2,82.4,1.7,1683.4,202.7,1600.6,82.4
2026-09-19 19:41:35,mfsweep_shard0,SPT_SMPT,66,7338.20,111,0,1,2916.8,4035.7,1118.9,2,2,62.2,0.0,805.9,126.1,124.6,62.2
2026-09-19 19:41:35,mfsweep_shard0,SPT_SMPT,66,7338.20,112,0,1,2943.1,5174.0,2230.9,2,2,70.1,1.1,1392.2,182.1,585.5,70.1
2026-09-19 19:41:35,mfsweep_shard0,SPT_SMPT,66,7338.20,113,0,1,2969.3,3949.2,979.9,2,2,59.4,0.0,785.1,98.7,36.6,59.4
2026-09-19 19:41:35,mfsweep_shard0,SPT_SMPT,66,7338.20,114,0,1,2995.6,6665.7,3670.1,2,2,83.7,1.9,1680.7,190.1,1711.3,86.1
2026-09-19 19:41:35,mfsweep_shard0,SPT_SMPT,66,7338.20,115,0,1,3021.9,6394.0,3372.1,2,2,82.3,2.0,1783.0,189.4,1315.4,82.3
2026-09-19 19:41:35,mfsweep_shard0,SPT_SMPT,66,7338.20,116,0,1,3048.2,4114.1,1066.0,2,2,63.4,0.1,874.0,121.8,6.6,63.4
2026-09-19 19:41:35,mfsweep_shard0,SPT_SMPT,66,7338.20,117,0,1,3074.5,5348.1,2273.6,2,2,74.6,1.3,1408.5,146.4,642.8,74.6
2026-09-19 19:41:35,mfsweep_shard0,SPT_SMPT,66,7338.20,118,0,1,3100.7,5288.9,2188.2,2,2,73.6,1.4,1413.1,143.6,556.5,73.6
2026-09-19 19:41:35,mfsweep_shard0,SPT_SMPT,66,7338.20,119,0,1,3127.0,4467.4,1340.4,2,2,58.6,0.2,1113.8,118.5,49.3,58.6
2026-09-19 19:41:35,mfsweep_shard0,SPT_SMPT,66,7338.20,120,0,1,3153.3,6062.2,2909.0,2,2,78.7,2.3,1795.0,199.7,833.2,78.7
2026-09-19 19:41:35,mfsweep_shard0,SPT_SMPT,66,7338.20,121,0,1,3179.6,5229.8,2050.3,2,2,71.3,1.6,1410.8,97.5,469.0,71.3
2026-09-19 19:41:35,mfsweep_shard0,SPT_SMPT,66,7338.20,122,0,1,3205.8,4816.4,1610.6,2,2,79.2,1.0,1306.7,134.4,89.2,79.2
2026-09-19 19:41:35,mfsweep_shard0,SPT_SMPT,66,7338.20,123,0,1,3232.1,4823.9,1591.8,2,2,71.0,1.1,1215.6,147.9,156.2,71.0
2026-09-19 19:41:35,mfsweep_shard0,SPT_SMPT,66,7338.20,124,0,1,3258.4,4838.2,1579.8,2,2,53.6,1.1,1294.2,149.2,79.2,56.0
2026-09-19 19:41:35,mfsweep_shard0,SPT_SMPT,66,7338.20,125,0,1,3284.7,5003.6,1718.9,2,2,64.2,1.8,1393.5,98.5,160.8,64.2
2026-09-19 19:41:35,mfsweep_shard0,SPT_SMPT,66,7338.20,126,0,1,3311.0,4953.4,1642.5,2,2,54.2,1.9,1418.9,120.3,47.1,54.2
2026-09-19 19:41:35,mfsweep_shard0,SPT_SMPT,66,7338.20,127,0,1,3337.2,4520.0,1182.8,2,2,84.2,0.5,955.8,133.6,8.6,84.2
2026-09-19 19:41:35,mfsweep_shard0,SPT_SMPT,66,7338.20,128,0,1,3363.5,4567.2,1203.7,2,2,82.5,0.6,1010.2,110.4,0.0,82.5
2026-09-19 19:41:35,mfsweep_shard0,SPT_SMPT,66,7338.20,129,0,1,3389.8,6192.9,2803.1,2,2,81.0,2.1,1746.9,152.9,820.2,81.0
2026-09-19 19:41:35,mfsweep_shard0,SPT_SMPT,66,7338.20,130,0,1,3416.1,4831.1,1415.0,2,2,63.7,0.7,1228.1,121.0,1.6,63.7
2026-09-19 19:41:35,mfsweep_shard0,SPT_SMPT,66,7338.20,131,0,1,3442.3,4974.1,1531.8,2,2,55.5,1.4,1343.8,118.8,12.4,55.5
2026-09-19 19:41:35,mfsweep_shard0,SPT_SMPT,66,7338.20,132,0,1,3468.6,6528.9,3060.3,2,2,82.5,2.3,1738.8,135.6,1101.1,82.5
2026-09-19 19:41:35,mfsweep_shard0,SPT_SMPT,66,7338.20,133,0,1,3494.9,5836.3,2341.4,2,2,84.8,1.3,1621.9,179.7,453.7,84.8
2026-09-19 19:41:35,mfsweep_shard0,SPT_SMPT,66,7338.20,134,0,1,3521.2,5078.1,1557.0,2,2,56.4,0.8,1339.2,95.5,65.1,56.4
2026-09-19 19:41:35,mfsweep_shard0,SPT_SMPT,66,7338.20,135,0,1,3547.5,5036.3,1488.8,2,2,69.6,0.8,1324.5,92.2,1.7,69.6
2026-09-19 19:41:35,mfsweep_shard0,SPT_SMPT,66,7338.20,136,0,1,3573.7,5118.5,1544.7,2,2,55.8,0.9,1310.9,133.3,36.4,63.3
2026-09-19 19:45:45,mfsweep_shard0,SPT_SMPT,67,6406.68,0,0,1,0.0,248.5,248.5,2,2,74.6,0.0,68.6,105.3,0.0,74.6
2026-09-19 19:45:45,mfsweep_shard0,SPT_SMPT,67,6406.68,1,0,1,26.3,260.1,233.8,2,2,54.4,0.0,47.9,110.5,21.0,54.4
2026-09-19 19:45:45,mfsweep_shard0,SPT_SMPT,67,6406.68,2,0,1,52.6,397.9,345.4,2,2,62.6,0.0,113.9,84.2,84.6,62.6
2026-09-19 19:45:45,mfsweep_shard0,SPT_SMPT,67,6406.68,3,0,1,78.8,369.8,291.0,2,2,60.9,0.0,97.5,122.2,10.3,60.9
2026-09-19 19:45:45,mfsweep_shard0,SPT_SMPT,67,6406.68,4,0,1,105.1,1673.3,1568.2,2,2,77.8,0.0,141.6,173.3,1175.5,77.8
2026-09-19 19:45:45,mfsweep_shard0,SPT_SMPT,67,6406.68,5,0,1,131.4,444.7,313.3,2,2,75.9,0.0,110.3,112.5,14.6,75.9
2026-09-19 19:45:45,mfsweep_shard0,SPT_SMPT,67,6406.68,6,0,1,157.7,1860.0,1702.4,2,2,83.0,0.1,178.3,215.6,1225.4,83.0
2026-09-19 19:45:45,mfsweep_shard0,SPT_SMPT,67,6406.68,7,0,1,183.9,593.5,409.6,2,2,56.4,0.0,118.8,172.0,62.3,56.4
2026-09-19 19:45:45,mfsweep_shard0,SPT_SMPT,67,6406.68,8,0,1,210.2,478.2,268.0,2,2,67.5,0.0,68.0,114.0,18.5,67.5
2026-09-19 19:45:45,mfsweep_shard0,SPT_SMPT,67,6406.68,9,0,1,236.5,505.3,268.8,2,2,54.5,0.0,42.3,137.3,34.6,54.5
2026-09-19 19:45:45,mfsweep_shard0,SPT_SMPT,67,6406.68,10,0,1,262.8,933.3,670.5,2,2,60.8,0.1,138.1,174.5,257.0,100.9
2026-09-19 19:45:45,mfsweep_shard0,SPT_SMPT,67,6406.68,11,0,1,289.1,772.2,483.1,2,2,70.2,0.1,46.7,180.0,186.1,70.2
2026-09-19 19:45:45,mfsweep_shard0,SPT_SMPT,67,6406.68,12,0,1,315.3,663.8,348.4,2,2,54.4,0.0,143.4,119.5,31.0,54.4
2026-09-19 19:45:45,mfsweep_shard0,SPT_SMPT,67,6406.68,13,0,1,341.6,623.3,281.7,2,2,60.1,0.0,75.4,123.0,23.2,60.1
2026-09-19 19:45:45,mfsweep_shard0,SPT_SMPT,67,6406.68,14,0,1,367.9,1172.3,804.4,2,2,75.0,0.2,219.2,237.4,272.6,75.0
2026-09-19 19:45:45,mfsweep_shard0,SPT_SMPT,67,6406.68,15,0,1,394.2,1443.8,1049.6,2,2,71.5,0.3,260.5,193.0,524.3,71.5
2026-09-19 19:45:45,mfsweep_shard0,SPT_SMPT,67,6406.68,16,0,1,420.4,707.6,287.2,2,2,60.8,0.0,91.2,127.2,7.9,60.8
2026-09-19 19:45:45,mfsweep_shard0,SPT_SMPT,67,6406.68,17,0,1,446.7,1511.2,1064.5,2,2,73.0,0.3,256.7,202.5,531.9,73.0
2026-09-19 19:45:45,mfsweep_shard0,SPT_SMPT,67,6406.68,18,0,1,473.0,906.4,433.4,2,2,80.3,0.2,196.5,137.6,18.8,80.3
2026-09-19 19:45:45,mfsweep_shard0,SPT_SMPT,67,6406.68,19,0,1,499.3,714.9,215.6,2,2,53.8,0.0,18.3,122.9,20.7,53.8
2026-09-19 19:45:45,mfsweep_shard0,SPT_SMPT,67,6406.68,20,0,1,525.6,899.1,373.6,2,2,80.1,0.0,151.4,142.0,0.0,80.1
2026-09-19 19:45:45,mfsweep_shard0,SPT_SMPT,67,6406.68,21,0,1,551.8,948.2,396.4,2,2,76.6,0.0,110.8,143.5,65.5,76.6
2026-09-19 19:45:45,mfsweep_shard0,SPT_SMPT,67,6406.68,22,0,1,578.1,1351.7,773.6,2,2,64.8,0.2,317.6,168.7,222.3,64.8
2026-09-19 19:45:45,mfsweep_shard0,SPT_SMPT,67,6406.68,23,0,1,604.4,986.7,382.3,2,2,58.7,0.0,170.1,110.8,42.7,58.7
2026-09-19 19:45:45,mfsweep_shard0,SPT_SMPT,67,6406.68,24,0,1,630.7,5585.4,4954.7,2,2,85.1,0.2,416.6,246.2,4206.7,85.1
2026-09-19 19:45:45,mfsweep_shard0,SPT_SMPT,67,6406.68,25,0,1,656.9,1296.7,639.8,2,2,64.7,0.2,238.1,172.0,164.9,64.7
2026-09-19 19:45:45,mfsweep_shard0,SPT_SMPT,67,6406.68,26,0,1,683.2,1006.0,322.8,2,2,56.6,0.0,148.2,116.7,1.3,56.6
2026-09-19 19:45:45,mfsweep_shard0,SPT_SMPT,67,6406.68,27,0,1,709.5,1250.7,541.2,2,2,56.7,0.2,255.7,164.2,37.1,84.0
2026-09-19 19:45:45,mfsweep_shard0,SPT_SMPT,67,6406.68,28,0,1,735.8,1874.1,1138.3,2,2,81.5,0.2,278.2,173.0,605.4,81.5
2026-09-19 19:45:45,mfsweep_shard0,SPT_SMPT,67,6406.68,29,0,1,762.0,1557.8,795.8,2,2,73.5,0.2,274.8,155.4,291.8,73.5
2026-09-19 19:45:45,mfsweep_shard0,SPT_SMPT,67,6406.68,30,0,1,788.3,1761.3,973.0,2,2,80.2,0.3,246.2,159.2,487.2,80.2
2026-09-19 19:45:45,mfsweep_shard0,SPT_SMPT,67,6406.68,31,0,1,814.6,1624.5,809.9,2,2,77.6,0.3,234.5,155.5,342.0,77.6
2026-09-19 19:45:45,mfsweep_shard0,SPT_SMPT,67,6406.68,32,0,1,840.9,1157.6,316.7,2,2,71.2,0.0,134.8,110.7,0.0,71.2
2026-09-19 19:45:45,mfsweep_shard0,SPT_SMPT,67,6406.68,33,0,1,867.2,5922.6,5055.5,2,2,85.7,0.4,480.3,207.0,4282.1,85.7
2026-09-19 19:45:45,mfsweep_shard0,SPT_SMPT,67,6406.68,34,0,1,893.4,1388.6,495.2,2,2,66.0,0.0,244.9,107.6,76.6,66.0
2026-09-19 19:45:45,mfsweep_shard0,SPT_SMPT,67,6406.68,35,0,1,919.7,1321.2,401.5,2,2,71.8,0.0,209.6,117.8,2.3,71.8
2026-09-19 19:45:45,mfsweep_shard0,SPT_SMPT,67,6406.68,36,0,1,946.0,4796.8,3850.8,2,2,80.9,0.1,411.0,191.9,3166.8,80.9
2026-09-19 19:45:45,mfsweep_shard0,SPT_SMPT,67,6406.68,37,0,1,972.3,1339.9,367.6,2,2,74.0,0.0,130.6,117.7,45.3,74.0
2026-09-19 19:45:45,mfsweep_shard0,SPT_SMPT,67,6406.68,38,0,1,998.5,5235.5,4237.0,2,2,82.0,0.3,532.2,235.8,3386.8,82.0
2026-09-19 19:45:45,mfsweep_shard0,SPT_SMPT,67,6406.68,39,0,1,1024.8,3841.0,2816.2,2,2,72.6,0.2,356.3,214.1,2172.9,72.6
2026-09-19 19:45:45,mfsweep_shard0,SPT_SMPT,67,6406.68,40,0,1,1051.1,1470.6,419.5,2,2,76.8,0.0,221.2,101.0,20.4,76.8
2026-09-19 19:45:45,mfsweep_shard0,SPT_SMPT,67,6406.68,41,0,1,1077.4,1492.5,415.1,2,2,55.1,0.0,187.8,106.3,65.9,55.1
2026-09-19 19:45:45,mfsweep_shard0,SPT_SMPT,67,6406.68,42,0,1,1103.7,1485.3,381.6,2,2,61.1,0.0,117.5,107.8,95.3,61.1
2026-09-19 19:45:45,mfsweep_shard0,SPT_SMPT,67,6406.68,43,0,1,1129.9,1530.6,400.6,2,2,63.1,0.0,127.8,103.5,106.2,63.1
2026-09-19 19:45:45,mfsweep_shard0,SPT_SMPT,67,6406.68,44,0,1,1156.2,1685.2,529.0,2,2,56.2,0.0,203.4,188.5,77.9,59.0
2026-09-19 19:45:45,mfsweep_shard0,SPT_SMPT,67,6406.68,45,0,1,1182.5,2032.2,849.7,2,2,61.2,0.2,309.9,245.4,163.1,131.1
2026-09-19 19:45:45,mfsweep_shard0,SPT_SMPT,67,6406.68,46,0,1,1208.8,1703.8,495.1,2,2,56.9,0.1,216.1,189.3,32.8,56.9
2026-09-19 19:45:45,mfsweep_shard0,SPT_SMPT,67,6406.68,47,0,1,1235.0,1631.5,396.5,2,2,62.7,0.0,148.0,141.3,44.4,62.7
2026-09-19 19:45:45,mfsweep_shard0,SPT_SMPT,67,6406.68,48,0,1,1261.3,4035.0,2773.7,2,2,74.5,0.4,467.7,251.5,1979.6,74.5
2026-09-19 19:45:45,mfsweep_shard0,SPT_SMPT,67,6406.68,49,0,1,1287.6,2956.0,1668.4,2,2,65.6,0.3,357.6,189.6,1055.3,65.6
2026-09-19 19:45:45,mfsweep_shard0,SPT_SMPT,67,6406.68,50,0,1,1313.9,3084.4,1770.5,2,2,65.8,0.3,530.3,155.6,1018.6,65.8
2026-09-19 19:45:45,mfsweep_shard0,SPT_SMPT,67,6406.68,51,0,1,1340.2,2119.0,778.9,2,2,60.5,0.3,506.3,167.1,44.7,60.5
2026-09-19 19:45:45,mfsweep_shard0,SPT_SMPT,67,6406.68,52,0,1,1366.4,2237.8,871.4,2,2,62.4,0.4,455.2,154.2,199.2,62.4
2026-09-19 19:45:45,mfsweep_shard0,SPT_SMPT,67,6406.68,53,0,1,1392.7,2001.2,608.5,2,2,84.5,0.2,410.4,111.8,1.6,84.5
2026-09-19 19:45:45,mfsweep_shard0,SPT_SMPT,67,6406.68,54,0,1,1419.0,4528.7,3109.8,2,2,74.9,0.4,627.6,215.6,2191.1,74.9
2026-09-19 19:45:45,mfsweep_shard0,SPT_SMPT,67,6406.68,55,0,1,1445.3,1892.9,447.7,2,2,73.6,0.0,270.0,96.3,7.8,73.6
2026-09-19 19:45:45,mfsweep_shard0,SPT_SMPT,67,6406.68,56,0,1,1471.5,2199.2,727.6,2,2,59.2,0.3,403.9,153.6,78.3,91.6
2026-09-19 19:45:45,mfsweep_shard0,SPT_SMPT,67,6406.68,57,0,1,1497.8,4665.3,3167.5,2,2,77.6,0.7,554.7,157.3,2377.1,77.6
2026-09-19 19:45:45,mfsweep_shard0,SPT_SMPT,67,6406.68,58,0,1,1524.1,2154.7,630.6,2,2,58.9,0.3,412.1,117.7,41.5,58.9
2026-09-19 19:45:45,mfsweep_shard0,SPT_SMPT,67,6406.68,59,0,1,1550.4,1994.0,443.7,2,2,66.1,0.0,249.4,125.0,3.2,66.1
2026-09-19 19:45:45,mfsweep_shard0,SPT_SMPT,67,6406.68,60,0,1,1576.6,6335.2,4758.6,2,2,86.2,0.4,672.5,220.5,3778.9,86.2
2026-09-19 19:45:45,mfsweep_shard0,SPT_SMPT,67,6406.68,61,0,1,1602.9,4142.5,2539.6,2,2,74.7,0.4,577.5,176.9,1710.1,74.7
2026-09-19 19:45:45,mfsweep_shard0,SPT_SMPT,67,6406.68,62,0,1,1629.2,3951.5,2322.3,2,2,71.9,0.3,533.7,162.2,1554.3,71.9
2026-09-19 19:45:45,mfsweep_shard0,SPT_SMPT,67,6406.68,63,0,1,1655.5,4602.2,2946.7,2,2,76.1,0.4,618.0,139.3,2112.9,76.1
2026-09-19 19:45:45,mfsweep_shard0,SPT_SMPT,67,6406.68,64,0,1,1681.8,4861.2,3179.4,2,2,81.4,0.5,610.0,139.8,2347.8,81.4
2026-09-19 19:45:45,mfsweep_shard0,SPT_SMPT,67,6406.68,65,0,1,1708.0,4728.4,3020.4,2,2,79.2,0.6,616.2,145.9,2178.5,79.2
2026-09-19 19:45:45,mfsweep_shard0,SPT_SMPT,67,6406.68,66,0,1,1734.3,2290.0,555.7,2,2,61.1,0.1,359.6,102.9,32.0,61.1
2026-09-19 19:45:45,mfsweep_shard0,SPT_SMPT,67,6406.68,67,0,1,1760.6,2297.1,536.5,2,2,54.6,0.2,310.3,111.8,59.6,54.6
2026-09-19 19:45:45,mfsweep_shard0,SPT_SMPT,67,6406.68,68,0,1,1786.9,2493.5,706.6,2,2,64.0,0.2,342.2,111.3,188.9,64.0
2026-09-19 19:45:45,mfsweep_shard0,SPT_SMPT,67,6406.68,69,0,1,1813.1,2426.9,613.8,2,2,62.4,0.2,361.7,111.3,78.2,62.4
2026-09-19 19:45:45,mfsweep_shard0,SPT_SMPT,67,6406.68,70,0,1,1839.4,2393.2,553.8,2,2,60.5,0.2,320.4,118.6,54.2,60.5
2026-09-19 19:45:45,mfsweep_shard0,SPT_SMPT,67,6406.68,71,0,1,1865.7,6194.1,4328.4,2,2,84.7,0.9,803.3,243.2,3196.3,84.7
2026-09-19 19:45:45,mfsweep_shard0,SPT_SMPT,67,6406.68,72,0,1,1892.0,5437.7,3545.7,2,2,82.5,0.9,681.1,196.3,2585.0,82.5
2026-09-19 19:45:45,mfsweep_shard0,SPT_SMPT,67,6406.68,73,0,1,1918.3,2481.9,563.6,2,2,63.9,0.3,293.6,111.5,94.3,63.9
2026-09-19 19:45:45,mfsweep_shard0,SPT_SMPT,67,6406.68,74,0,1,1944.5,4558.1,2613.5,2,2,75.2,0.6,620.8,139.4,1777.6,75.2
2026-09-19 19:45:45,mfsweep_shard0,SPT_SMPT,67,6406.68,75,0,1,1970.8,3240.9,1270.1,2,2,66.6,0.0,228.0,131.3,844.1,66.6
2026-09-19 19:45:45,mfsweep_shard0,SPT_SMPT,67,6406.68,76,0,1,1997.1,5986.6,3989.5,2,2,83.7,0.9,843.2,234.8,2826.9,83.7
2026-09-19 19:45:45,mfsweep_shard0,SPT_SMPT,67,6406.68,77,0,1,2023.4,4226.1,2202.7,2,2,68.7,0.7,660.3,160.7,1310.6,70.4
2026-09-19 19:45:45,mfsweep_shard0,SPT_SMPT,67,6406.68,78,0,1,2049.6,2857.5,807.8,2,2,62.3,0.0,262.1,137.3,346.1,62.3
2026-09-19 19:45:45,mfsweep_shard0,SPT_SMPT,67,6406.68,79,0,1,2075.9,2562.6,486.7,2,2,61.7,0.0,265.7,121.8,37.5,61.7
2026-09-19 19:45:45,mfsweep_shard0,SPT_SMPT,67,6406.68,80,0,1,2102.2,4318.8,2216.6,2,2,72.1,0.7,606.2,170.6,1366.9,72.1
2026-09-19 19:45:45,mfsweep_shard0,SPT_SMPT,67,6406.68,81,0,1,2128.5,2625.5,497.0,2,2,62.2,0.0,214.0,109.3,111.4,62.2
2026-09-19 19:45:45,mfsweep_shard0,SPT_SMPT,67,6406.68,82,0,1,2154.7,4413.0,2258.2,2,2,72.8,0.8,598.1,170.7,1415.8,72.8
2026-09-19 19:45:45,mfsweep_shard0,SPT_SMPT,67,6406.68,83,0,1,2181.0,5635.1,3454.1,2,2,83.2,1.1,692.8,192.8,2484.3,83.2
2026-09-19 19:45:45,mfsweep_shard0,SPT_SMPT,67,6406.68,84,0,1,2207.3,3499.5,1292.2,2,2,66.7,0.0,197.2,146.6,881.7,66.7
2026-09-19 19:45:45,mfsweep_shard0,SPT_SMPT,67,6406.68,85,0,1,2233.6,2613.8,380.2,2,2,60.8,0.0,210.7,108.3,0.3,60.8
2026-09-19 19:45:45,mfsweep_shard0,SPT_SMPT,67,6406.68,86,0,1,2259.9,6406.7,4146.8,2,2,86.5,1.2,811.1,225.7,3022.3,86.5
2026-09-19 19:45:45,mfsweep_shard0,SPT_SMPT,67,6406.68,87,0,1,2286.1,4311.6,2025.5,2,2,70.4,0.9,702.9,167.6,1083.8,70.4
2026-09-19 19:45:45,mfsweep_shard0,SPT_SMPT,67,6406.68,88,0,1,2312.4,2771.8,459.4,2,2,56.5,0.0,203.9,121.0,77.9,56.5
2026-09-19 19:45:45,mfsweep_shard0,SPT_SMPT,67,6406.68,89,0,1,2338.7,2664.5,325.8,2,2,55.1,0.0,115.7,116.6,38.3,55.1
2026-09-19 19:45:45,mfsweep_shard0,SPT_SMPT,67,6406.68,90,0,1,2365.0,2814.8,449.8,2,2,57.2,0.0,127.4,125.3,140.0,57.2
2026-09-19 19:45:45,mfsweep_shard0,SPT_SMPT,67,6406.68,91,0,1,2391.2,4434.9,2043.7,2,2,74.3,0.9,564.9,159.1,1244.5,74.3
2026-09-19 19:45:45,mfsweep_shard0,SPT_SMPT,67,6406.68,92,0,1,2417.5,4135.2,1717.7,2,2,79.7,0.5,421.8,174.0,1041.7,79.7
2026-09-19 19:45:45,mfsweep_shard0,SPT_SMPT,67,6406.68,93,0,1,2443.8,3516.1,1072.3,2,2,67.5,0.0,110.3,122.8,771.6,67.5
2026-09-19 19:45:45,mfsweep_shard0,SPT_SMPT,67,6406.68,94,0,1,2470.1,2764.6,294.5,2,2,55.6,0.0,53.8,126.8,58.3,55.6
2026-09-19 19:45:45,mfsweep_shard0,SPT_SMPT,67,6406.68,95,0,1,2496.4,3175.8,679.4,2,2,66.1,0.0,48.6,118.0,446.7,66.1
2026-09-19 19:45:45,mfsweep_shard0,SPT_SMPT,67,6406.68,96,0,1,2522.6,4175.5,1652.8,2,2,86.4,0.5,505.2,164.2,896.5,86.4
2026-09-19 19:45:45,mfsweep_shard0,SPT_SMPT,67,6406.68,97,0,1,2548.9,4186.9,1638.0,2,2,71.0,0.6,384.1,149.7,1032.7,71.0
2026-09-19 19:45:45,mfsweep_shard0,SPT_SMPT,67,6406.68,98,0,1,2575.2,4208.5,1633.3,2,2,85.6,0.6,343.3,161.7,1042.0,85.6
2026-09-19 19:45:45,mfsweep_shard0,SPT_SMPT,67,6406.68,99,0,1,2601.5,5168.6,2567.1,2,2,82.0,0.8,390.9,209.3,1858.8,107.3
2026-09-19 19:45:45,mfsweep_shard0,SPT_SMPT,67,6406.68,100,0,1,2627.7,2931.7,304.0,2,2,53.9,0.0,61.8,147.1,41.2,53.9
2026-09-19 19:45:45,mfsweep_shard0,SPT_SMPT,67,6406.68,101,0,1,2654.0,4163.0,1509.0,2,2,77.3,0.6,420.9,160.6,849.5,77.3
2026-09-19 19:45:45,mfsweep_shard0,SPT_SMPT,67,6406.68,102,0,1,2680.3,4289.3,1609.0,2,2,76.0,0.6,516.6,192.9,822.7,76.0
2026-09-19 19:45:45,mfsweep_shard0,SPT_SMPT,67,6406.68,103,0,1,2706.6,4540.4,1833.8,2,2,71.3,0.7,579.6,161.9,1020.3,71.3
2026-09-19 19:45:45,mfsweep_shard0,SPT_SMPT,67,6406.68,104,0,1,2732.9,3035.6,302.7,2,2,62.4,0.0,75.6,135.3,29.5,62.4
2026-09-19 19:45:45,mfsweep_shard0,SPT_SMPT,67,6406.68,105,0,1,2759.1,4983.8,2224.7,2,2,74.7,0.7,679.1,239.9,1222.1,82.9
2026-09-19 19:45:45,mfsweep_shard0,SPT_SMPT,67,6406.68,106,0,1,2785.4,3063.4,278.0,2,2,57.2,0.0,18.2,160.1,42.5,57.2
2026-09-19 19:45:45,mfsweep_shard0,SPT_SMPT,67,6406.68,107,0,1,2811.7,4398.5,1586.9,2,2,67.9,0.7,630.3,150.9,691.1,113.8
2026-09-19 19:45:45,mfsweep_shard0,SPT_SMPT,67,6406.68,108,0,1,2838.0,4391.5,1553.6,2,2,68.5,0.7,651.5,190.7,642.1,68.5
2026-09-19 19:45:45,mfsweep_shard0,SPT_SMPT,67,6406.68,109,0,1,2864.2,6264.1,3399.8,2,2,85.0,1.0,800.3,197.0,2316.6,85.0
2026-09-19 19:45:45,mfsweep_shard0,SPT_SMPT,67,6406.68,110,0,1,2890.5,5370.2,2479.7,2,2,82.4,0.8,666.3,124.4,1605.8,82.4
2026-09-19 19:45:45,mfsweep_shard0,SPT_SMPT,67,6406.68,111,0,1,2916.8,3116.0,199.2,2,2,62.2,0.0,19.4,105.3,12.2,62.2
2026-09-19 19:45:45,mfsweep_shard0,SPT_SMPT,67,6406.68,112,0,1,2943.1,4485.5,1542.4,2,2,70.1,0.8,647.2,178.4,645.9,70.1
2026-09-19 19:45:45,mfsweep_shard0,SPT_SMPT,67,6406.68,113,0,1,2969.3,3336.9,367.5,2,2,59.4,0.0,139.7,155.8,12.6,59.4
2026-09-19 19:45:45,mfsweep_shard0,SPT_SMPT,67,6406.68,114,0,1,2995.6,6055.2,3059.6,2,2,83.7,1.1,862.8,186.5,1901.4,107.8
2026-09-19 19:45:45,mfsweep_shard0,SPT_SMPT,67,6406.68,115,0,1,3021.9,5302.8,2280.9,2,2,82.3,0.8,654.5,154.0,1389.3,82.3
2026-09-19 19:45:45,mfsweep_shard0,SPT_SMPT,67,6406.68,116,0,1,3048.2,3383.3,335.1,2,2,63.4,0.0,77.7,147.3,46.7,63.4
2026-09-19 19:45:45,mfsweep_shard0,SPT_SMPT,67,6406.68,117,0,1,3074.5,4848.1,1773.6,2,2,74.6,0.8,661.0,160.7,876.5,74.6
2026-09-19 19:45:45,mfsweep_shard0,SPT_SMPT,67,6406.68,118,0,1,3100.7,4789.0,1688.2,2,2,73.6,0.9,681.8,168.0,764.0,73.6
2026-09-19 19:45:45,mfsweep_shard0,SPT_SMPT,67,6406.68,119,0,1,3127.0,3405.0,277.9,2,2,58.6,0.0,60.0,154.8,4.6,58.6
2026-09-19 19:45:45,mfsweep_shard0,SPT_SMPT,67,6406.68,120,0,1,3153.3,4998.4,1845.1,2,2,78.7,0.9,693.7,209.2,862.6,78.7
2026-09-19 19:45:45,mfsweep_shard0,SPT_SMPT,67,6406.68,121,0,1,3179.6,4737.8,1558.2,2,2,71.3,0.9,717.8,188.4,579.7,71.3
2026-09-19 19:45:45,mfsweep_shard0,SPT_SMPT,67,6406.68,122,0,1,3205.8,5040.7,1834.8,2,2,79.2,0.9,785.6,179.7,789.3,79.2
2026-09-19 19:45:45,mfsweep_shard0,SPT_SMPT,67,6406.68,123,0,1,3232.1,4497.3,1265.1,2,2,71.0,1.0,765.1,182.7,245.3,71.0
2026-09-19 19:45:45,mfsweep_shard0,SPT_SMPT,67,6406.68,124,0,1,3258.4,3612.6,354.2,2,2,53.6,0.0,109.2,142.6,48.9,53.6
2026-09-19 19:45:45,mfsweep_shard0,SPT_SMPT,67,6406.68,125,0,1,3284.7,3527.8,243.1,2,2,64.2,0.0,62.0,103.0,13.8,64.2
2026-09-19 19:45:45,mfsweep_shard0,SPT_SMPT,67,6406.68,126,0,1,3311.0,3600.8,289.9,2,2,54.2,0.0,30.0,152.5,53.1,54.2
2026-09-19 19:45:45,mfsweep_shard0,SPT_SMPT,67,6406.68,127,0,1,3337.2,6124.4,2787.2,2,2,84.2,1.3,962.0,206.0,1533.8,84.2
2026-09-19 19:45:45,mfsweep_shard0,SPT_SMPT,67,6406.68,128,0,1,3363.5,5769.1,2405.6,2,2,82.5,1.2,877.1,149.8,1294.9,82.5
2026-09-19 19:45:45,mfsweep_shard0,SPT_SMPT,67,6406.68,129,0,1,3389.8,5101.6,1711.9,2,2,81.0,1.0,785.4,150.9,693.6,81.0
2026-09-19 19:45:45,mfsweep_shard0,SPT_SMPT,67,6406.68,130,0,1,3416.1,3685.0,268.9,2,2,63.7,0.0,74.5,129.5,1.2,63.7
2026-09-19 19:45:45,mfsweep_shard0,SPT_SMPT,67,6406.68,131,0,1,3442.3,4592.4,1150.0,2,2,55.5,1.0,932.3,157.4,3.8,55.5
2026-09-19 19:45:45,mfsweep_shard0,SPT_SMPT,67,6406.68,132,0,1,3468.6,5701.6,2233.0,2,2,82.5,1.3,936.1,130.8,1056.5,108.4
2026-09-19 19:45:45,mfsweep_shard0,SPT_SMPT,67,6406.68,133,0,1,3494.9,4521.7,1026.8,2,2,84.8,0.0,818.6,123.4,0.0,84.8
2026-09-19 19:45:45,mfsweep_shard0,SPT_SMPT,67,6406.68,134,0,1,3521.2,4674.0,1152.9,2,2,56.4,1.1,814.9,142.4,138.1,56.4
2026-09-19 19:45:45,mfsweep_shard0,SPT_SMPT,67,6406.68,135,0,1,3547.5,4504.5,957.0,2,2,69.6,0.0,783.3,104.1,0.0,69.6
2026-09-19 19:45:45,mfsweep_shard0,SPT_SMPT,67,6406.68,136,0,1,3573.7,4632.2,1058.5,2,2,55.8,0.0,861.0,110.6,30.9,55.8
2026-09-19 19:50:31,mfsweep_shard0,SPT_SMPT,68,7011.84,0,0,1,0.0,200.3,200.3,2,2,74.6,0.0,39.9,85.8,0.0,74.6
2026-09-19 19:50:31,mfsweep_shard0,SPT_SMPT,68,7011.84,1,0,1,26.3,310.5,284.3,2,2,54.4,0.0,92.0,114.3,23.6,54.4
2026-09-19 19:50:31,mfsweep_shard0,SPT_SMPT,68,7011.84,2,0,1,52.6,342.4,289.8,2,2,62.6,0.0,84.8,119.3,23.1,62.6
2026-09-19 19:50:31,mfsweep_shard0,SPT_SMPT,68,7011.84,3,0,1,78.8,402.2,323.3,2,2,60.9,0.0,93.7,125.3,43.4,60.9
2026-09-19 19:50:31,mfsweep_shard0,SPT_SMPT,68,7011.84,4,0,1,105.1,1040.5,935.4,2,2,77.8,0.0,123.3,144.4,589.9,77.8
2026-09-19 19:50:31,mfsweep_shard0,SPT_SMPT,68,7011.84,5,0,1,131.4,442.8,311.4,2,2,75.9,0.0,59.3,101.8,74.4,75.9
2026-09-19 19:50:31,mfsweep_shard0,SPT_SMPT,68,7011.84,6,0,1,157.7,603.6,445.9,2,2,83.0,0.1,30.0,163.7,169.1,83.0
2026-09-19 19:50:31,mfsweep_shard0,SPT_SMPT,68,7011.84,7,0,1,183.9,466.3,282.3,2,2,56.4,0.0,37.6,141.1,47.2,56.4
2026-09-19 19:50:31,mfsweep_shard0,SPT_SMPT,68,7011.84,8,0,1,210.2,866.1,655.9,2,2,67.5,0.1,120.6,171.5,296.3,67.5
2026-09-19 19:50:31,mfsweep_shard0,SPT_SMPT,68,7011.84,9,0,1,236.5,698.3,461.8,2,2,54.5,0.1,145.0,183.0,40.3,93.5
2026-09-19 19:50:31,mfsweep_shard0,SPT_SMPT,68,7011.84,10,0,1,262.8,811.4,548.6,2,2,60.8,0.1,132.7,181.4,173.7,60.8
2026-09-19 19:50:31,mfsweep_shard0,SPT_SMPT,68,7011.84,11,0,1,289.1,544.4,255.3,2,2,70.2,0.0,27.9,157.2,0.0,70.2
2026-09-19 19:50:31,mfsweep_shard0,SPT_SMPT,68,7011.84,12,0,1,315.3,717.0,401.6,2,2,54.4,0.1,169.0,140.7,37.4,54.4
2026-09-19 19:50:31,mfsweep_shard0,SPT_SMPT,68,7011.84,13,0,1,341.6,757.5,415.9,2,2,60.1,0.0,130.3,159.6,61.4,64.6
2026-09-19 19:50:31,mfsweep_shard0,SPT_SMPT,68,7011.84,14,0,1,367.9,981.1,613.2,2,2,75.0,0.0,83.5,127.6,327.0,75.0
2026-09-19 19:50:31,mfsweep_shard0,SPT_SMPT,68,7011.84,15,0,1,394.2,908.7,514.6,2,2,71.5,0.0,109.7,111.9,221.4,71.5
2026-09-19 19:50:31,mfsweep_shard0,SPT_SMPT,68,7011.84,16,0,1,420.4,705.4,284.9,2,2,60.8,0.0,99.3,124.8,0.0,60.8
2026-09-19 19:50:31,mfsweep_shard0,SPT_SMPT,68,7011.84,17,0,1,446.7,777.1,330.4,2,2,73.0,0.0,135.8,121.5,0.0,73.0
2026-09-19 19:50:31,mfsweep_shard0,SPT_SMPT,68,7011.84,18,0,1,473.0,1882.1,1409.1,2,2,80.3,0.0,114.3,177.8,1036.7,80.3
2026-09-19 19:50:31,mfsweep_shard0,SPT_SMPT,68,7011.84,19,0,1,499.3,830.9,331.6,2,2,53.8,0.0,109.0,138.0,30.8,53.8
2026-09-19 19:50:31,mfsweep_shard0,SPT_SMPT,68,7011.84,20,0,1,525.6,2457.5,1931.9,2,2,80.1,0.0,147.1,213.5,1491.1,80.1
2026-09-19 19:50:31,mfsweep_shard0,SPT_SMPT,68,7011.84,21,0,1,551.8,885.5,333.7,2,2,76.6,0.0,91.4,135.8,29.9,76.6
2026-09-19 19:50:31,mfsweep_shard0,SPT_SMPT,68,7011.84,22,0,1,578.1,1106.6,528.5,2,2,64.8,0.0,113.6,126.3,223.7,64.8
2026-09-19 19:50:31,mfsweep_shard0,SPT_SMPT,68,7011.84,23,0,1,604.4,892.6,288.2,2,2,58.7,0.0,75.3,116.1,38.1,58.7
2026-09-19 19:50:31,mfsweep_shard0,SPT_SMPT,68,7011.84,24,0,1,630.7,5495.4,4864.7,2,2,85.1,0.1,372.2,348.6,4058.7,85.1
2026-09-19 19:50:31,mfsweep_shard0,SPT_SMPT,68,7011.84,25,0,1,656.9,1068.7,411.7,2,2,64.7,0.0,92.3,106.5,148.2,64.7
2026-09-19 19:50:31,mfsweep_shard0,SPT_SMPT,68,7011.84,26,0,1,683.2,966.8,283.6,2,2,56.6,0.0,94.5,104.5,28.0,56.6
2026-09-19 19:50:31,mfsweep_shard0,SPT_SMPT,68,7011.84,27,0,1,709.5,973.9,264.4,2,2,56.7,0.0,48.6,108.1,51.0,56.7
2026-09-19 19:50:31,mfsweep_shard0,SPT_SMPT,68,7011.84,28,0,1,735.8,5436.4,4700.6,2,2,81.5,0.2,454.2,342.7,3822.0,81.5
2026-09-19 19:50:31,mfsweep_shard0,SPT_SMPT,68,7011.84,29,0,1,762.0,1988.6,1226.5,2,2,73.5,0.1,190.6,166.7,795.6,73.5
2026-09-19 19:50:31,mfsweep_shard0,SPT_SMPT,68,7011.84,30,0,1,788.3,5326.4,4538.1,2,2,80.2,0.4,438.3,333.5,3685.6,80.2
2026-09-19 19:50:31,mfsweep_shard0,SPT_SMPT,68,7011.84,31,0,1,814.6,2395.3,1580.7,2,2,77.6,0.2,236.8,202.3,1063.7,77.6
2026-09-19 19:50:31,mfsweep_shard0,SPT_SMPT,68,7011.84,32,0,1,840.9,1144.9,304.0,2,2,71.2,0.0,71.9,107.8,53.1,71.2
2026-09-19 19:50:31,mfsweep_shard0,SPT_SMPT,68,7011.84,33,0,1,867.2,5018.6,4151.4,2,2,85.7,0.4,389.2,299.5,3376.6,85.7
2026-09-19 19:50:31,mfsweep_shard0,SPT_SMPT,68,7011.84,34,0,1,893.4,1216.3,322.8,2,2,66.0,0.0,95.0,134.5,27.3,66.0
2026-09-19 19:50:31,mfsweep_shard0,SPT_SMPT,68,7011.84,35,0,1,919.7,1287.2,367.4,2,2,71.8,0.0,67.0,116.1,112.6,71.8
2026-09-19 19:50:31,mfsweep_shard0,SPT_SMPT,68,7011.84,36,0,1,946.0,5538.1,4592.1,2,2,80.9,0.6,535.3,336.5,3638.8,80.9
2026-09-19 19:50:31,mfsweep_shard0,SPT_SMPT,68,7011.84,37,0,1,972.3,2690.8,1718.6,2,2,74.0,0.5,339.8,247.3,1045.0,85.9
2026-09-19 19:50:31,mfsweep_shard0,SPT_SMPT,68,7011.84,38,0,1,998.5,5932.6,4934.1,2,2,82.0,0.8,620.7,351.7,3878.8,82.0
2026-09-19 19:50:31,mfsweep_shard0,SPT_SMPT,68,7011.84,39,0,1,1024.8,1337.1,312.3,2,2,72.6,0.0,75.2,105.5,58.8,72.6
2026-09-19 19:50:31,mfsweep_shard0,SPT_SMPT,68,7011.84,40,0,1,1051.1,5185.3,4134.2,2,2,76.8,0.8,639.1,330.8,3086.8,76.8
2026-09-19 19:50:31,mfsweep_shard0,SPT_SMPT,68,7011.84,41,0,1,1077.4,1344.3,266.9,2,2,55.1,0.0,92.4,113.8,5.7,55.1
2026-09-19 19:50:31,mfsweep_shard0,SPT_SMPT,68,7011.84,42,0,1,1103.7,1435.1,331.5,2,2,61.1,0.0,15.7,125.5,129.2,61.1
2026-09-19 19:50:31,mfsweep_shard0,SPT_SMPT,68,7011.84,43,0,1,1129.9,1727.5,597.6,2,2,63.1,0.0,82.1,163.7,279.9,71.9
2026-09-19 19:50:31,mfsweep_shard0,SPT_SMPT,68,7011.84,44,0,1,1156.2,1428.0,271.8,2,2,56.2,0.0,48.4,152.4,14.8,56.2
2026-09-19 19:50:31,mfsweep_shard0,SPT_SMPT,68,7011.84,45,0,1,1182.5,1532.0,349.6,2,2,61.2,0.1,30.7,142.3,115.3,61.2
2026-09-19 19:50:31,mfsweep_shard0,SPT_SMPT,68,7011.84,46,0,1,1208.8,1539.3,330.5,2,2,56.9,0.0,97.9,153.8,21.9,56.9
2026-09-19 19:50:31,mfsweep_shard0,SPT_SMPT,68,7011.84,47,0,1,1235.0,1692.0,457.0,2,2,62.7,0.0,90.5,127.3,176.4,62.7
2026-09-19 19:50:31,mfsweep_shard0,SPT_SMPT,68,7011.84,48,0,1,1261.3,2757.2,1495.9,2,2,74.5,0.6,427.1,280.8,712.9,74.5
2026-09-19 19:50:31,mfsweep_shard0,SPT_SMPT,68,7011.84,49,0,1,1287.6,1981.4,693.8,2,2,65.6,0.3,193.9,177.7,256.3,65.6
2026-09-19 19:50:31,mfsweep_shard0,SPT_SMPT,68,7011.84,50,0,1,1313.9,2101.7,787.8,2,2,65.8,0.3,169.9,154.9,396.9,65.8
2026-09-19 19:50:31,mfsweep_shard0,SPT_SMPT,68,7011.84,51,0,1,1340.2,1583.0,242.8,2,2,60.5,0.0,26.4,136.5,19.4,60.5
2026-09-19 19:50:31,mfsweep_shard0,SPT_SMPT,68,7011.84,52,0,1,1366.4,1660.4,293.9,2,2,62.4,0.0,62.2,151.0,18.4,62.4
2026-09-19 19:50:31,mfsweep_shard0,SPT_SMPT,68,7011.84,53,0,1,1392.7,6220.0,4827.3,2,2,84.5,1.2,780.8,451.3,3509.6,84.5
2026-09-19 19:50:31,mfsweep_shard0,SPT_SMPT,68,7011.84,54,0,1,1419.0,3753.5,2334.6,2,2,74.9,1.0,595.6,330.1,1332.9,74.9
2026-09-19 19:50:31,mfsweep_shard0,SPT_SMPT,68,7011.84,55,0,1,1445.3,4723.6,3278.4,2,2,73.6,1.0,701.0,330.1,2172.6,73.6
2026-09-19 19:50:31,mfsweep_shard0,SPT_SMPT,68,7011.84,56,0,1,1471.5,2057.5,585.9,2,2,59.2,0.4,207.4,208.7,71.8,97.7
2026-09-19 19:50:31,mfsweep_shard0,SPT_SMPT,68,7011.84,57,0,1,1497.8,2609.4,1111.6,2,2,77.6,0.7,475.7,210.4,347.2,77.6
2026-09-19 19:50:31,mfsweep_shard0,SPT_SMPT,68,7011.84,58,0,1,1524.1,1916.8,392.7,2,2,58.9,0.0,191.9,141.9,0.0,58.9
2026-09-19 19:50:31,mfsweep_shard0,SPT_SMPT,68,7011.84,59,0,1,1550.4,2165.2,614.8,2,2,66.1,0.4,259.9,173.2,115.2,66.1
2026-09-19 19:50:31,mfsweep_shard0,SPT_SMPT,68,7011.84,60,0,1,1576.6,6406.8,4830.1,2,2,86.2,1.3,914.0,268.5,3560.1,86.2
2026-09-19 19:50:31,mfsweep_shard0,SPT_SMPT,68,7011.84,61,0,1,1602.9,2626.8,1023.9,2,2,74.7,0.8,492.6,160.9,294.9,74.7
2026-09-19 19:50:31,mfsweep_shard0,SPT_SMPT,68,7011.84,62,0,1,1629.2,2214.7,585.5,2,2,71.9,0.0,277.3,118.4,117.9,71.9
2026-09-19 19:50:31,mfsweep_shard0,SPT_SMPT,68,7011.84,63,0,1,1655.5,5079.0,3423.5,2,2,76.1,1.0,984.0,209.3,2146.8,82.4
2026-09-19 19:50:31,mfsweep_shard0,SPT_SMPT,68,7011.84,64,0,1,1681.8,2128.5,446.7,2,2,81.4,0.0,243.2,120.3,1.8,81.4
2026-09-19 19:50:31,mfsweep_shard0,SPT_SMPT,68,7011.84,65,0,1,1708.0,2203.5,495.4,2,2,79.2,0.0,313.2,103.1,0.0,79.2
2026-09-19 19:50:31,mfsweep_shard0,SPT_SMPT,68,7011.84,66,0,1,1734.3,2437.3,703.0,2,2,61.1,0.0,492.5,101.9,47.5,61.1
2026-09-19 19:50:31,mfsweep_shard0,SPT_SMPT,68,7011.84,67,0,1,1760.6,2813.0,1052.4,2,2,54.6,0.7,784.5,119.9,89.4,57.9
2026-09-19 19:50:31,mfsweep_shard0,SPT_SMPT,68,7011.84,68,0,1,1786.9,2518.3,731.4,2,2,64.0,0.1,515.6,103.1,48.7,64.0
2026-09-19 19:50:31,mfsweep_shard0,SPT_SMPT,68,7011.84,69,0,1,1813.1,2870.0,1056.9,2,2,62.4,0.7,721.2,127.9,144.7,62.4
2026-09-19 19:50:31,mfsweep_shard0,SPT_SMPT,68,7011.84,70,0,1,1839.4,2475.6,636.2,2,2,60.5,0.0,392.4,98.6,84.6,60.5
2026-09-19 19:50:31,mfsweep_shard0,SPT_SMPT,68,7011.84,71,0,1,1865.7,6871.3,5005.6,2,2,84.7,0.8,1015.2,311.5,3574.9,103.2
2026-09-19 19:50:31,mfsweep_shard0,SPT_SMPT,68,7011.84,72,0,1,1892.0,2698.0,806.0,2,2,82.5,0.0,618.9,104.6,0.0,82.5
2026-09-19 19:50:31,mfsweep_shard0,SPT_SMPT,68,7011.84,73,0,1,1918.3,3281.4,1363.1,2,2,63.9,0.0,765.6,97.7,435.8,63.9
2026-09-19 19:50:31,mfsweep_shard0,SPT_SMPT,68,7011.84,74,0,1,1944.5,2797.6,853.1,2,2,75.2,0.0,682.3,95.6,0.0,75.2
2026-09-19 19:50:31,mfsweep_shard0,SPT_SMPT,68,7011.84,75,0,1,1970.8,3456.6,1485.8,2,2,66.6,0.0,657.0,114.5,647.7,66.6
2026-09-19 19:50:31,mfsweep_shard0,SPT_SMPT,68,7011.84,76,0,1,1997.1,6732.4,4735.4,2,2,83.7,0.9,1261.5,286.1,3006.9,179.9
2026-09-19 19:50:31,mfsweep_shard0,SPT_SMPT,68,7011.84,77,0,1,2023.4,3869.3,1845.9,2,2,68.7,0.3,855.2,178.0,743.7,68.7
2026-09-19 19:50:31,mfsweep_shard0,SPT_SMPT,68,7011.84,78,0,1,2049.6,2892.2,842.5,2,2,62.3,0.0,670.7,103.8,5.7,62.3
2026-09-19 19:50:31,mfsweep_shard0,SPT_SMPT,68,7011.84,79,0,1,2075.9,2924.9,848.9,2,2,61.7,0.0,671.5,102.6,13.2,61.7
2026-09-19 19:50:31,mfsweep_shard0,SPT_SMPT,68,7011.84,80,0,1,2102.2,4607.2,2505.0,2,2,72.1,0.3,785.5,140.7,1506.4,72.1
2026-09-19 19:50:31,mfsweep_shard0,SPT_SMPT,68,7011.84,81,0,1,2128.5,3026.3,897.8,2,2,62.2,0.0,685.7,115.6,34.2,62.2
2026-09-19 19:50:31,mfsweep_shard0,SPT_SMPT,68,7011.84,82,0,1,2154.7,4666.0,2511.3,2,2,72.8,0.4,760.8,140.0,1537.4,72.8
2026-09-19 19:50:31,mfsweep_shard0,SPT_SMPT,68,7011.84,83,0,1,2181.0,6068.3,3887.2,2,2,83.2,0.9,1036.2,216.0,2550.9,83.2
2026-09-19 19:50:31,mfsweep_shard0,SPT_SMPT,68,7011.84,84,0,1,2207.3,3862.3,1655.0,2,2,66.7,0.4,730.2,179.8,677.9,66.7
2026-09-19 19:50:31,mfsweep_shard0,SPT_SMPT,68,7011.84,85,0,1,2233.6,3054.4,820.8,2,2,60.8,0.0,609.8,101.5,48.7,60.8
2026-09-19 19:50:31,mfsweep_shard0,SPT_SMPT,68,7011.84,86,0,1,2259.9,6557.7,4297.8,2,2,86.5,1.2,1253.4,271.1,2685.7,86.5
2026-09-19 19:50:31,mfsweep_shard0,SPT_SMPT,68,7011.84,87,0,1,2286.1,4241.7,1955.5,2,2,70.4,0.4,739.2,166.2,979.4,70.4
2026-09-19 19:50:31,mfsweep_shard0,SPT_SMPT,68,7011.84,88,0,1,2312.4,3157.5,845.1,2,2,56.5,0.0,618.7,118.6,51.3,56.5
2026-09-19 19:50:31,mfsweep_shard0,SPT_SMPT,68,7011.84,89,0,1,2338.7,3061.4,722.7,2,2,55.1,0.0,507.0,108.4,52.2,55.1
2026-09-19 19:50:31,mfsweep_shard0,SPT_SMPT,68,7011.84,90,0,1,2365.0,3191.3,826.3,2,2,57.2,0.0,555.6,108.3,105.1,57.2
2026-09-19 19:50:31,mfsweep_shard0,SPT_SMPT,68,7011.84,91,0,1,2391.2,4841.5,2450.2,2,2,74.3,0.5,719.6,149.7,1506.2,74.3
2026-09-19 19:50:31,mfsweep_shard0,SPT_SMPT,68,7011.84,92,0,1,2417.5,5732.7,3315.2,2,2,79.7,1.2,1076.0,214.5,1925.2,98.4
2026-09-19 19:50:31,mfsweep_shard0,SPT_SMPT,68,7011.84,93,0,1,2443.8,3908.2,1464.4,2,2,67.5,0.5,684.1,172.5,539.8,67.5
2026-09-19 19:50:31,mfsweep_shard0,SPT_SMPT,68,7011.84,94,0,1,2470.1,3179.7,709.7,2,2,55.6,0.0,501.8,112.8,39.4,55.6
2026-09-19 19:50:31,mfsweep_shard0,SPT_SMPT,68,7011.84,95,0,1,2496.4,3429.7,933.3,2,2,66.1,0.0,509.8,119.8,237.5,66.1
2026-09-19 19:50:31,mfsweep_shard0,SPT_SMPT,68,7011.84,96,0,1,2522.6,6663.7,4141.1,2,2,86.4,1.5,1374.4,308.4,2370.4,86.4
2026-09-19 19:50:31,mfsweep_shard0,SPT_SMPT,68,7011.84,97,0,1,2548.9,4270.0,1721.1,2,2,71.0,0.5,710.3,170.3,769.0,71.0
2026-09-19 19:50:31,mfsweep_shard0,SPT_SMPT,68,7011.84,98,0,1,2575.2,7011.8,4436.7,2,2,85.6,1.7,1445.1,296.7,2607.5,85.6
2026-09-19 19:50:31,mfsweep_shard0,SPT_SMPT,68,7011.84,99,0,1,2601.5,5865.6,3264.2,2,2,82.0,1.4,1178.8,196.2,1805.8,82.0
2026-09-19 19:50:31,mfsweep_shard0,SPT_SMPT,68,7011.84,100,0,1,2627.7,3304.9,677.1,2,2,53.9,0.0,472.4,115.9,34.9,53.9
2026-09-19 19:50:31,mfsweep_shard0,SPT_SMPT,68,7011.84,101,0,1,2654.0,5545.3,2891.3,2,2,77.3,1.2,1079.3,208.4,1504.5,97.8
2026-09-19 19:50:31,mfsweep_shard0,SPT_SMPT,68,7011.84,102,0,1,2680.3,5212.2,2531.9,2,2,76.0,1.0,891.8,150.6,1410.4,78.1
2026-09-19 19:50:31,mfsweep_shard0,SPT_SMPT,68,7011.84,103,0,1,2706.6,4502.5,1795.9,2,2,71.3,0.6,667.5,150.7,905.8,71.3
2026-09-19 19:50:31,mfsweep_shard0,SPT_SMPT,68,7011.84,104,0,1,2732.9,3338.0,605.2,2,2,62.4,0.0,422.7,106.1,14.0,62.4
2026-09-19 19:50:31,mfsweep_shard0,SPT_SMPT,68,7011.84,105,0,1,2759.1,4904.9,2145.8,2,2,74.7,0.7,729.7,134.1,1206.6,74.7
2026-09-19 19:50:31,mfsweep_shard0,SPT_SMPT,68,7011.84,106,0,1,2785.4,3553.9,768.5,2,2,57.2,0.0,493.0,176.5,30.1,68.8
2026-09-19 19:50:31,mfsweep_shard0,SPT_SMPT,68,7011.84,107,0,1,2811.7,4012.2,1200.5,2,2,67.9,0.7,717.1,230.7,184.1,67.9
2026-09-19 19:50:31,mfsweep_shard0,SPT_SMPT,68,7011.84,108,0,1,2838.0,4139.2,1301.2,2,2,68.5,0.7,785.4,236.0,210.6,68.5
2026-09-19 19:50:31,mfsweep_shard0,SPT_SMPT,68,7011.84,109,0,1,2864.2,6941.3,4077.0,2,2,85.0,1.9,1272.6,268.8,2448.7,85.0
2026-09-19 19:50:31,mfsweep_shard0,SPT_SMPT,68,7011.84,110,0,1,2890.5,5613.6,2723.1,2,2,82.4,1.5,1061.2,239.2,1338.7,82.4
2026-09-19 19:50:31,mfsweep_shard0,SPT_SMPT,68,7011.84,111,0,1,2916.8,3520.3,603.5,2,2,62.2,0.1,433.8,104.6,2.8,62.2
2026-09-19 19:50:31,mfsweep_shard0,SPT_SMPT,68,7011.84,112,0,1,2943.1,4180.8,1237.7,2,2,70.1,0.8,761.8,151.5,253.5,70.1
2026-09-19 19:50:31,mfsweep_shard0,SPT_SMPT,68,7011.84,113,0,1,2969.3,4004.9,1035.5,2,2,59.4,0.9,729.0,166.2,55.0,84.4
2026-09-19 19:50:31,mfsweep_shard0,SPT_SMPT,68,7011.84,114,0,1,2995.6,6265.4,3269.8,2,2,83.7,1.9,1188.0,235.3,1753.2,91.3
2026-09-19 19:50:31,mfsweep_shard0,SPT_SMPT,68,7011.84,115,0,1,3021.9,5557.9,2536.0,2,2,82.3,1.9,1209.0,204.0,1038.8,82.3
2026-09-19 19:50:31,mfsweep_shard0,SPT_SMPT,68,7011.84,116,0,1,3048.2,3973.7,925.6,2,2,63.4,0.3,630.9,164.7,66.3,63.4
2026-09-19 19:50:31,mfsweep_shard0,SPT_SMPT,68,7011.84,117,0,1,3074.5,3919.9,845.4,2,2,74.6,0.3,637.4,116.5,16.6,74.6
2026-09-19 19:50:31,mfsweep_shard0,SPT_SMPT,68,7011.84,118,0,1,3100.7,4782.7,1682.0,2,2,73.6,1.2,737.5,103.9,765.9,73.6
2026-09-19 19:50:31,mfsweep_shard0,SPT_SMPT,68,7011.84,119,0,1,3127.0,4086.7,959.7,2,2,58.6,0.9,736.0,134.3,30.0,58.6
2026-09-19 19:50:31,mfsweep_shard0,SPT_SMPT,68,7011.84,120,0,1,3153.3,5606.5,2453.2,2,2,78.7,1.6,1246.5,107.5,1018.8,78.7
2026-09-19 19:50:31,mfsweep_shard0,SPT_SMPT,68,7011.84,121,0,1,3179.6,4551.1,1371.5,2,2,71.3,0.5,761.3,96.4,442.0,71.3
2026-09-19 19:50:31,mfsweep_shard0,SPT_SMPT,68,7011.84,122,0,1,3205.8,5668.6,2462.7,2,2,79.2,1.5,1237.5,111.9,1032.6,79.2
2026-09-19 19:50:31,mfsweep_shard0,SPT_SMPT,68,7011.84,123,0,1,3232.1,4019.3,787.2,2,2,71.0,0.0,626.3,89.8,0.0,71.0
2026-09-19 19:50:31,mfsweep_shard0,SPT_SMPT,68,7011.84,124,0,1,3258.4,4419.0,1160.6,2,2,53.6,0.0,876.3,209.6,21.2,53.6
2026-09-19 19:50:31,mfsweep_shard0,SPT_SMPT,68,7011.84,125,0,1,3284.7,4387.3,1102.6,2,2,64.2,0.0,831.2,182.9,6.2,82.4
2026-09-19 19:50:31,mfsweep_shard0,SPT_SMPT,68,7011.84,126,0,1,3311.0,4404.6,1093.7,2,2,54.2,0.0,799.3,180.7,59.5,54.2
2026-09-19 19:50:31,mfsweep_shard0,SPT_SMPT,68,7011.84,127,0,1,3337.2,6801.6,3464.4,2,2,84.2,1.9,1593.9,237.0,1547.4,84.2
2026-09-19 19:50:31,mfsweep_shard0,SPT_SMPT,68,7011.84,128,0,1,3363.5,4493.2,1129.7,2,2,82.5,0.1,775.8,145.4,73.6,134.8
2026-09-19 19:50:31,mfsweep_shard0,SPT_SMPT,68,7011.84,129,0,1,3389.8,5799.2,2409.4,2,2,81.0,1.4,1286.3,96.1,944.6,81.0
2026-09-19 19:50:31,mfsweep_shard0,SPT_SMPT,68,7011.84,130,0,1,3416.1,4447.8,1031.8,2,2,63.7,0.0,753.9,107.7,106.5,63.7
2026-09-19 19:50:31,mfsweep_shard0,SPT_SMPT,68,7011.84,131,0,1,3442.3,4411.8,969.4,2,2,55.5,0.0,722.2,148.3,43.5,55.5
2026-09-19 19:50:31,mfsweep_shard0,SPT_SMPT,68,7011.84,132,0,1,3468.6,6000.1,2531.5,2,2,82.5,1.4,1318.7,100.3,1028.6,82.5
2026-09-19 19:50:31,mfsweep_shard0,SPT_SMPT,68,7011.84,133,0,1,3494.9,4658.8,1163.9,2,2,84.8,0.0,769.5,107.2,202.4,84.8
2026-09-19 19:50:31,mfsweep_shard0,SPT_SMPT,68,7011.84,134,0,1,3521.2,4439.9,918.7,2,2,56.4,0.0,720.4,109.0,32.9,56.4
2026-09-19 19:50:31,mfsweep_shard0,SPT_SMPT,68,7011.84,135,0,1,3547.5,4592.5,1045.1,2,2,69.6,0.0,763.2,109.5,102.7,69.6
2026-09-19 19:50:31,mfsweep_shard0,SPT_SMPT,68,7011.84,136,0,1,3573.7,4536.2,962.5,2,2,55.8,0.0,746.3,110.3,50.1,55.8
2026-09-19 19:54:16,mfsweep_shard0,SPT_SMPT,69,6448.34,0,0,1,0.0,248.3,248.3,2,2,74.6,0.0,68.6,105.1,0.0,74.6
2026-09-19 19:54:16,mfsweep_shard0,SPT_SMPT,69,6448.34,1,0,1,26.3,260.1,233.8,2,2,54.4,0.0,47.8,110.5,21.1,54.4
2026-09-19 19:54:16,mfsweep_shard0,SPT_SMPT,69,6448.34,2,0,1,52.6,628.5,576.0,2,2,62.6,0.0,111.6,127.8,238.6,97.9
2026-09-19 19:54:16,mfsweep_shard0,SPT_SMPT,69,6448.34,3,0,1,78.8,335.4,256.6,2,2,60.9,0.0,97.3,88.0,10.4,60.9
2026-09-19 19:54:16,mfsweep_shard0,SPT_SMPT,69,6448.34,4,0,1,105.1,747.7,642.6,2,2,77.8,0.0,125.1,142.5,297.1,77.8
2026-09-19 19:54:16,mfsweep_shard0,SPT_SMPT,69,6448.34,5,0,1,131.4,683.9,552.5,2,2,75.9,0.1,133.1,154.7,188.7,75.9
2026-09-19 19:54:16,mfsweep_shard0,SPT_SMPT,69,6448.34,6,0,1,157.7,806.5,648.9,2,2,83.0,0.1,107.7,152.1,305.9,83.0
2026-09-19 19:54:16,mfsweep_shard0,SPT_SMPT,69,6448.34,7,0,1,183.9,508.1,324.1,2,2,56.4,0.1,84.3,124.2,59.1,56.4
2026-09-19 19:54:16,mfsweep_shard0,SPT_SMPT,69,6448.34,8,0,1,210.2,451.8,241.6,2,2,67.5,0.0,63.6,110.5,0.0,67.5
2026-09-19 19:54:16,mfsweep_shard0,SPT_SMPT,69,6448.34,9,0,1,236.5,480.8,244.3,2,2,54.5,0.0,56.4,128.7,4.6,54.5
2026-09-19 19:54:16,mfsweep_shard0,SPT_SMPT,69,6448.34,10,0,1,262.8,575.1,312.3,2,2,60.8,0.0,107.5,125.2,18.8,60.8
2026-09-19 19:54:16,mfsweep_shard0,SPT_SMPT,69,6448.34,11,0,1,289.1,611.3,322.3,2,2,70.2,0.0,135.2,116.8,0.0,70.2
2026-09-19 19:54:16,mfsweep_shard0,SPT_SMPT,69,6448.34,12,0,1,315.3,604.1,288.8,2,2,54.4,0.0,84.4,118.3,31.7,54.4
2026-09-19 19:54:16,mfsweep_shard0,SPT_SMPT,69,6448.34,13,0,1,341.6,695.5,353.9,2,2,60.1,0.0,87.3,115.6,90.9,60.1
2026-09-19 19:54:16,mfsweep_shard0,SPT_SMPT,69,6448.34,14,0,1,367.9,1196.5,828.7,2,2,75.0,0.0,91.8,114.5,547.3,75.0
2026-09-19 19:54:16,mfsweep_shard0,SPT_SMPT,69,6448.34,15,0,1,394.2,859.8,465.6,2,2,71.5,0.0,83.8,155.8,154.5,71.5
2026-09-19 19:54:16,mfsweep_shard0,SPT_SMPT,69,6448.34,16,0,1,420.4,724.6,304.1,2,2,60.8,0.0,115.3,103.8,24.2,60.8
2026-09-19 19:54:16,mfsweep_shard0,SPT_SMPT,69,6448.34,17,0,1,446.7,1130.8,684.0,2,2,73.0,0.0,81.9,121.5,407.7,73.0
2026-09-19 19:54:16,mfsweep_shard0,SPT_SMPT,69,6448.34,18,0,1,473.0,5218.2,4745.2,2,2,80.3,0.0,304.9,238.8,4121.2,80.3
2026-09-19 19:54:16,mfsweep_shard0,SPT_SMPT,69,6448.34,19,0,1,499.3,765.5,266.2,2,2,53.8,0.0,78.8,102.5,31.2,53.8
2026-09-19 19:54:16,mfsweep_shard0,SPT_SMPT,69,6448.34,20,0,1,525.6,4403.1,3877.5,2,2,80.1,0.1,370.4,290.1,3136.7,80.1
2026-09-19 19:54:16,mfsweep_shard0,SPT_SMPT,69,6448.34,21,0,1,551.8,2171.6,1619.7,2,2,76.6,0.1,131.3,164.5,1247.3,76.6
2026-09-19 19:54:16,mfsweep_shard0,SPT_SMPT,69,6448.34,22,0,1,578.1,895.5,317.4,2,2,64.8,0.0,83.2,144.8,24.6,64.8
2026-09-19 19:54:16,mfsweep_shard0,SPT_SMPT,69,6448.34,23,0,1,604.4,984.1,379.7,2,2,58.7,0.0,124.7,104.6,91.7,58.7
2026-09-19 19:54:16,mfsweep_shard0,SPT_SMPT,69,6448.34,24,0,1,630.7,3677.0,3046.4,2,2,85.1,0.2,294.8,184.1,2482.1,85.1
2026-09-19 19:54:16,mfsweep_shard0,SPT_SMPT,69,6448.34,25,0,1,656.9,1067.9,410.9,2,2,64.7,0.0,47.1,132.8,166.3,64.7
2026-09-19 19:54:16,mfsweep_shard0,SPT_SMPT,69,6448.34,26,0,1,683.2,952.4,269.2,2,2,56.6,0.0,66.1,132.3,14.2,56.6
2026-09-19 19:54:16,mfsweep_shard0,SPT_SMPT,69,6448.34,27,0,1,709.5,945.4,235.9,2,2,56.7,0.0,34.7,131.8,12.6,56.7
2026-09-19 19:54:16,mfsweep_shard0,SPT_SMPT,69,6448.34,28,0,1,735.8,5482.9,4747.1,2,2,81.5,0.3,365.7,244.7,4054.9,81.5
2026-09-19 19:54:16,mfsweep_shard0,SPT_SMPT,69,6448.34,29,0,1,762.0,1138.0,376.0,2,2,73.5,0.0,14.2,142.9,145.4,73.5
2026-09-19 19:54:16,mfsweep_shard0,SPT_SMPT,69,6448.34,30,0,1,788.3,2057.0,1268.7,2,2,80.2,0.1,41.6,183.2,963.6,80.2
2026-09-19 19:54:16,mfsweep_shard0,SPT_SMPT,69,6448.34,31,0,1,814.6,4147.4,3332.8,2,2,77.6,0.4,332.4,294.0,2628.4,77.6
2026-09-19 19:54:16,mfsweep_shard0,SPT_SMPT,69,6448.34,32,0,1,840.9,1349.1,508.2,2,2,71.2,13.9,134.7,176.0,112.3,71.2
2026-09-19 19:54:16,mfsweep_shard0,SPT_SMPT,69,6448.34,33,0,1,867.2,3735.4,2868.3,2,2,85.7,14.3,331.6,284.6,2140.2,97.6
2026-09-19 19:54:16,mfsweep_shard0,SPT_SMPT,69,6448.34,34,0,1,893.4,1309.4,416.0,2,2,66.0,14.0,93.5,201.4,41.1,66.0
2026-09-19 19:54:16,mfsweep_shard0,SPT_SMPT,69,6448.34,35,0,1,919.7,2178.6,1258.9,2,2,71.8,14.1,214.4,215.2,743.4,71.8
2026-09-19 19:54:16,mfsweep_shard0,SPT_SMPT,69,6448.34,36,0,1,946.0,5284.6,4338.6,2,2,80.9,14.6,664.4,221.9,3356.7,80.9
2026-09-19 19:54:16,mfsweep_shard0,SPT_SMPT,69,6448.34,37,0,1,972.3,2607.7,1635.5,2,2,74.0,0.2,223.6,216.6,1121.1,74.0
2026-09-19 19:54:16,mfsweep_shard0,SPT_SMPT,69,6448.34,38,0,1,998.5,3643.5,2645.0,2,2,82.0,0.5,323.4,255.0,1984.1,82.0
2026-09-19 19:54:16,mfsweep_shard0,SPT_SMPT,69,6448.34,39,0,1,1024.8,2259.3,1234.5,2,2,72.6,0.3,207.6,164.7,789.3,72.6
2026-09-19 19:54:16,mfsweep_shard0,SPT_SMPT,69,6448.34,40,0,1,1051.1,3695.2,2644.1,2,2,76.8,0.6,474.2,171.3,1921.2,76.8
2026-09-19 19:54:16,mfsweep_shard0,SPT_SMPT,69,6448.34,41,0,1,1077.4,1337.3,259.9,2,2,55.1,0.0,79.8,98.8,26.2,55.1
2026-09-19 19:54:16,mfsweep_shard0,SPT_SMPT,69,6448.34,42,0,1,1103.7,1593.5,489.8,2,2,61.1,0.0,181.3,131.8,115.7,61.1
2026-09-19 19:54:16,mfsweep_shard0,SPT_SMPT,69,6448.34,43,0,1,1129.9,1449.2,319.3,2,2,63.1,0.0,95.4,143.3,17.4,63.1
2026-09-19 19:54:16,mfsweep_shard0,SPT_SMPT,69,6448.34,44,0,1,1156.2,1471.8,315.6,2,2,56.2,0.0,90.0,122.9,46.4,56.2
2026-09-19 19:54:16,mfsweep_shard0,SPT_SMPT,69,6448.34,45,0,1,1182.5,1607.8,425.3,2,2,61.2,0.0,35.1,116.6,212.4,61.2
2026-09-19 19:54:16,mfsweep_shard0,SPT_SMPT,69,6448.34,46,0,1,1208.8,1479.0,270.2,2,2,56.9,0.0,31.0,131.2,51.1,56.9
2026-09-19 19:54:16,mfsweep_shard0,SPT_SMPT,69,6448.34,47,0,1,1235.0,1752.0,516.9,2,2,62.7,0.0,69.5,147.3,237.4,62.7
2026-09-19 19:54:16,mfsweep_shard0,SPT_SMPT,69,6448.34,48,0,1,1261.3,2682.4,1421.1,2,2,74.5,0.3,193.8,162.3,990.1,74.5
2026-09-19 19:54:16,mfsweep_shard0,SPT_SMPT,69,6448.34,49,0,1,1287.6,1860.2,572.6,2,2,65.6,0.0,77.5,150.0,279.5,65.6
2026-09-19 19:54:16,mfsweep_shard0,SPT_SMPT,69,6448.34,50,0,1,1313.9,1888.3,574.4,2,2,65.8,0.0,21.5,126.5,360.6,65.8
2026-09-19 19:54:16,mfsweep_shard0,SPT_SMPT,69,6448.34,51,0,1,1340.2,1600.6,260.5,2,2,60.5,0.0,49.2,140.3,10.5,60.5
2026-09-19 19:54:16,mfsweep_shard0,SPT_SMPT,69,6448.34,52,0,1,1366.4,1720.8,354.4,2,2,62.4,0.0,75.4,136.6,80.0,62.4
2026-09-19 19:54:16,mfsweep_shard0,SPT_SMPT,69,6448.34,53,0,1,1392.7,5958.8,4566.1,2,2,84.5,1.0,752.1,272.1,3456.4,84.5
2026-09-19 19:54:16,mfsweep_shard0,SPT_SMPT,69,6448.34,54,0,1,1419.0,4504.6,3085.7,2,2,74.9,1.1,787.2,201.4,2014.1,81.9
2026-09-19 19:54:16,mfsweep_shard0,SPT_SMPT,69,6448.34,55,0,1,1445.3,2565.0,1119.8,2,2,73.6,0.4,225.4,176.3,644.0,73.6
2026-09-19 19:54:16,mfsweep_shard0,SPT_SMPT,69,6448.34,56,0,1,1471.5,1709.1,237.5,2,2,59.2,0.0,21.4,135.1,21.7,59.2
2026-09-19 19:54:16,mfsweep_shard0,SPT_SMPT,69,6448.34,57,0,1,1497.8,4816.2,3318.3,2,2,77.6,1.2,657.6,239.8,2342.2,77.6
2026-09-19 19:54:16,mfsweep_shard0,SPT_SMPT,69,6448.34,58,0,1,1524.1,1871.7,347.6,2,2,58.9,0.0,78.0,191.5,19.2,58.9
2026-09-19 19:54:16,mfsweep_shard0,SPT_SMPT,69,6448.34,59,0,1,1550.4,2445.4,895.0,2,2,66.1,0.4,300.5,165.0,334.9,94.3
2026-09-19 19:54:16,mfsweep_shard0,SPT_SMPT,69,6448.34,60,0,1,1576.6,6305.5,4728.9,2,2,86.2,1.4,707.4,246.6,3687.2,86.2
2026-09-19 19:54:16,mfsweep_shard0,SPT_SMPT,69,6448.34,61,0,1,1602.9,2742.1,1139.2,2,2,74.7,0.5,296.0,182.4,585.6,74.7
2026-09-19 19:54:16,mfsweep_shard0,SPT_SMPT,69,6448.34,62,0,1,1629.2,2500.9,871.7,2,2,71.9,0.5,254.6,165.2,379.4,71.9
2026-09-19 19:54:16,mfsweep_shard0,SPT_SMPT,69,6448.34,63,0,1,1655.5,4251.2,2595.7,2,2,76.1,1.3,669.7,224.0,1624.4,76.1
2026-09-19 19:54:16,mfsweep_shard0,SPT_SMPT,69,6448.34,64,0,1,1681.8,5416.4,3734.6,2,2,81.4,1.6,782.8,249.5,2619.4,81.4
2026-09-19 19:54:16,mfsweep_shard0,SPT_SMPT,69,6448.34,65,0,1,1708.0,4886.9,3178.9,2,2,79.2,1.7,919.6,251.3,1927.1,79.2
2026-09-19 19:54:16,mfsweep_shard0,SPT_SMPT,69,6448.34,66,0,1,1734.3,2317.9,583.6,2,2,61.1,0.5,293.9,207.5,20.6,61.1
2026-09-19 19:54:16,mfsweep_shard0,SPT_SMPT,69,6448.34,67,0,1,1760.6,2185.7,425.1,2,2,54.6,0.0,213.5,157.0,0.0,54.6
2026-09-19 19:54:16,mfsweep_shard0,SPT_SMPT,69,6448.34,68,0,1,1786.9,2388.4,601.6,2,2,64.0,0.0,320.1,142.4,75.1,64.0
2026-09-19 19:54:16,mfsweep_shard0,SPT_SMPT,69,6448.34,69,0,1,1813.1,2335.5,522.4,2,2,62.4,0.0,323.3,128.8,7.8,62.4
2026-09-19 19:54:16,mfsweep_shard0,SPT_SMPT,69,6448.34,70,0,1,1839.4,2354.9,515.5,2,2,60.5,0.0,315.2,122.5,17.3,60.5
2026-09-19 19:54:16,mfsweep_shard0,SPT_SMPT,69,6448.34,71,0,1,1865.7,2405.0,539.3,2,2,84.7,0.0,301.1,115.0,38.5,84.7
2026-09-19 19:54:16,mfsweep_shard0,SPT_SMPT,69,6448.34,72,0,1,1892.0,2457.1,565.1,2,2,82.5,0.0,354.4,109.3,18.9,82.5
2026-09-19 19:54:16,mfsweep_shard0,SPT_SMPT,69,6448.34,73,0,1,1918.3,2512.7,594.4,2,2,63.9,0.0,352.1,118.0,60.3,63.9
2026-09-19 19:54:16,mfsweep_shard0,SPT_SMPT,69,6448.34,74,0,1,1944.5,3657.5,1712.9,2,2,75.2,0.6,443.8,134.6,1058.9,75.2
2026-09-19 19:54:16,mfsweep_shard0,SPT_SMPT,69,6448.34,75,0,1,1970.8,2719.8,749.0,2,2,66.6,0.0,310.1,116.6,255.7,66.6
2026-09-19 19:54:16,mfsweep_shard0,SPT_SMPT,69,6448.34,76,0,1,1997.1,6094.6,4097.5,2,2,83.7,1.1,705.9,184.1,3122.7,83.7
2026-09-19 19:54:16,mfsweep_shard0,SPT_SMPT,69,6448.34,77,0,1,2023.4,2995.9,972.6,2,2,68.7,0.0,265.9,126.1,511.9,68.7
2026-09-19 19:54:16,mfsweep_shard0,SPT_SMPT,69,6448.34,78,0,1,2049.6,2532.0,482.4,2,2,62.3,0.0,257.1,118.8,44.1,62.3
2026-09-19 19:54:16,mfsweep_shard0,SPT_SMPT,69,6448.34,79,0,1,2075.9,2619.3,543.4,2,2,61.7,0.0,279.9,119.5,82.3,61.7
2026-09-19 19:54:16,mfsweep_shard0,SPT_SMPT,69,6448.34,80,0,1,2102.2,4395.8,2293.6,2,2,72.1,0.9,664.6,181.4,1374.6,72.1
2026-09-19 19:54:16,mfsweep_shard0,SPT_SMPT,69,6448.34,81,0,1,2128.5,2626.4,497.9,2,2,62.2,0.0,289.2,108.0,38.4,62.2
2026-09-19 19:54:16,mfsweep_shard0,SPT_SMPT,69,6448.34,82,0,1,2154.7,4511.9,2357.2,2,2,72.8,1.2,712.1,149.6,1421.4,72.8
2026-09-19 19:54:16,mfsweep_shard0,SPT_SMPT,69,6448.34,83,0,1,2181.0,6026.3,3845.3,2,2,83.2,1.3,833.8,189.3,2715.8,105.0
2026-09-19 19:54:16,mfsweep_shard0,SPT_SMPT,69,6448.34,84,0,1,2207.3,2849.4,642.1,2,2,66.7,0.0,341.2,117.0,117.1,66.7
2026-09-19 19:54:16,mfsweep_shard0,SPT_SMPT,69,6448.34,85,0,1,2233.6,2856.6,623.0,2,2,60.8,0.0,397.6,124.0,40.5,60.8
2026-09-19 19:54:16,mfsweep_shard0,SPT_SMPT,69,6448.34,86,0,1,2259.9,6448.3,4188.5,2,2,86.5,1.4,803.0,193.1,3104.5,86.5
2026-09-19 19:54:16,mfsweep_shard0,SPT_SMPT,69,6448.34,87,0,1,2286.1,3182.8,896.6,2,2,70.4,0.0,298.8,115.6,411.9,70.4
2026-09-19 19:54:16,mfsweep_shard0,SPT_SMPT,69,6448.34,88,0,1,2312.4,2863.8,551.3,2,2,56.5,0.0,310.7,120.1,63.9,56.5
2026-09-19 19:54:16,mfsweep_shard0,SPT_SMPT,69,6448.34,89,0,1,2338.7,2870.9,532.2,2,2,55.1,0.0,343.1,118.1,15.9,55.1
2026-09-19 19:54:16,mfsweep_shard0,SPT_SMPT,69,6448.34,90,0,1,2365.0,2939.3,574.3,2,2,57.2,0.0,284.3,116.3,116.5,57.2
2026-09-19 19:54:16,mfsweep_shard0,SPT_SMPT,69,6448.34,91,0,1,2391.2,4627.1,2235.9,2,2,74.3,1.4,876.9,181.2,1102.1,74.3
2026-09-19 19:54:16,mfsweep_shard0,SPT_SMPT,69,6448.34,92,0,1,2417.5,5153.4,2735.9,2,2,79.7,1.5,927.3,154.1,1573.3,79.7
2026-09-19 19:54:16,mfsweep_shard0,SPT_SMPT,69,6448.34,93,0,1,2443.8,3025.8,582.0,2,2,67.5,0.0,384.3,111.3,18.9,67.5
2026-09-19 19:54:16,mfsweep_shard0,SPT_SMPT,69,6448.34,94,0,1,2470.1,3060.0,589.9,2,2,55.6,0.0,423.0,104.2,7.0,55.6
2026-09-19 19:54:16,mfsweep_shard0,SPT_SMPT,69,6448.34,95,0,1,2496.4,3086.9,590.6,2,2,66.1,0.0,404.5,99.3,20.7,66.1
2026-09-19 19:54:16,mfsweep_shard0,SPT_SMPT,69,6448.34,96,0,1,2522.6,6376.9,3854.3,2,2,86.4,1.7,1048.6,192.0,2525.5,86.4
2026-09-19 19:54:16,mfsweep_shard0,SPT_SMPT,69,6448.34,97,0,1,2548.9,3247.4,698.5,2,2,71.0,0.0,374.9,150.3,91.8,81.4
2026-09-19 19:54:16,mfsweep_shard0,SPT_SMPT,69,6448.34,98,0,1,2575.2,6234.3,3659.1,2,2,85.6,1.8,1102.3,237.6,2231.8,85.6
2026-09-19 19:54:16,mfsweep_shard0,SPT_SMPT,69,6448.34,99,0,1,2601.5,5549.8,2948.4,2,2,82.0,1.8,1030.9,190.2,1643.5,82.0
2026-09-19 19:54:16,mfsweep_shard0,SPT_SMPT,69,6448.34,100,0,1,2627.7,3308.2,680.5,2,2,53.9,0.0,417.4,173.2,36.0,53.9
2026-09-19 19:54:16,mfsweep_shard0,SPT_SMPT,69,6448.34,101,0,1,2654.0,4753.9,2099.9,2,2,77.3,1.8,958.5,137.1,925.1,77.3
2026-09-19 19:54:16,mfsweep_shard0,SPT_SMPT,69,6448.34,102,0,1,2680.3,4702.4,2022.1,2,2,76.0,1.9,983.4,193.1,767.6,76.0
2026-09-19 19:54:16,mfsweep_shard0,SPT_SMPT,69,6448.34,103,0,1,2706.6,4561.1,1854.5,2,2,71.3,2.0,1076.0,144.6,558.3,73.5
2026-09-19 19:54:16,mfsweep_shard0,SPT_SMPT,69,6448.34,104,0,1,2732.9,3194.4,461.6,2,2,62.4,0.0,253.6,98.0,47.5,62.4
2026-09-19 19:54:16,mfsweep_shard0,SPT_SMPT,69,6448.34,105,0,1,2759.1,4497.4,1738.3,2,2,74.7,1.6,902.2,158.3,601.5,74.7
2026-09-19 19:54:16,mfsweep_shard0,SPT_SMPT,69,6448.34,106,0,1,2785.4,3347.8,562.4,2,2,57.2,0.0,343.7,97.5,63.9,57.2
2026-09-19 19:54:16,mfsweep_shard0,SPT_SMPT,69,6448.34,107,0,1,2811.7,3407.6,595.9,2,2,67.9,0.0,335.7,106.7,85.6,67.9
2026-09-19 19:54:16,mfsweep_shard0,SPT_SMPT,69,6448.34,108,0,1,2838.0,3728.3,890.4,2,2,68.5,1.2,549.1,98.8,172.8,68.5
2026-09-19 19:54:16,mfsweep_shard0,SPT_SMPT,69,6448.34,109,0,1,2864.2,4479.2,1614.9,2,2,85.0,1.7,886.0,137.4,504.8,85.0
2026-09-19 19:54:16,mfsweep_shard0,SPT_SMPT,69,6448.34,110,0,1,2890.5,5684.5,2794.0,2,2,82.4,1.8,747.8,141.8,1820.1,82.4
2026-09-19 19:54:16,mfsweep_shard0,SPT_SMPT,69,6448.34,111,0,1,2916.8,3858.2,941.4,2,2,62.2,0.6,580.7,177.2,100.3,82.6
2026-09-19 19:54:16,mfsweep_shard0,SPT_SMPT,69,6448.34,112,0,1,2943.1,3503.8,560.8,2,2,70.1,0.0,306.6,180.7,3.3,70.1
2026-09-19 19:54:16,mfsweep_shard0,SPT_SMPT,69,6448.34,113,0,1,2969.3,3778.7,809.4,2,2,59.4,1.3,576.9,97.5,49.9,83.8
2026-09-19 19:54:16,mfsweep_shard0,SPT_SMPT,69,6448.34,114,0,1,2995.6,4519.0,1523.4,2,2,83.7,1.9,781.1,149.8,506.8,83.7
2026-09-19 19:54:16,mfsweep_shard0,SPT_SMPT,69,6448.34,115,0,1,3021.9,5617.1,2595.2,2,2,82.3,2.0,792.2,128.6,1590.2,82.3
2026-09-19 19:54:16,mfsweep_shard0,SPT_SMPT,69,6448.34,116,0,1,3048.2,3928.2,880.0,2,2,63.4,1.4,514.6,121.3,179.2,63.4
2026-09-19 19:54:16,mfsweep_shard0,SPT_SMPT,69,6448.34,117,0,1,3074.5,4490.4,1415.9,2,2,74.6,2.1,828.9,129.6,380.7,74.6
2026-09-19 19:54:16,mfsweep_shard0,SPT_SMPT,69,6448.34,118,0,1,3100.7,3520.9,420.2,2,2,73.6,0.1,254.8,75.9,15.8,73.6
2026-09-19 19:54:16,mfsweep_shard0,SPT_SMPT,69,6448.34,119,0,1,3127.0,3830.5,703.5,2,2,58.6,1.6,507.7,108.0,27.7,58.6
2026-09-19 19:54:16,mfsweep_shard0,SPT_SMPT,69,6448.34,120,0,1,3153.3,4597.4,1444.2,2,2,78.7,2.3,939.6,159.7,263.9,78.7
2026-09-19 19:54:16,mfsweep_shard0,SPT_SMPT,69,6448.34,121,0,1,3179.6,4929.2,1749.6,2,2,71.3,1.5,1019.9,125.8,531.1,71.3
2026-09-19 19:54:16,mfsweep_shard0,SPT_SMPT,69,6448.34,122,0,1,3205.8,5088.3,1882.4,2,2,79.2,0.8,1044.5,113.3,644.6,79.2
2026-09-19 19:54:16,mfsweep_shard0,SPT_SMPT,69,6448.34,123,0,1,3232.1,4680.9,1448.8,2,2,71.0,0.7,979.8,117.9,279.4,71.0
2026-09-19 19:54:16,mfsweep_shard0,SPT_SMPT,69,6448.34,124,0,1,3258.4,3921.1,662.7,2,2,53.6,0.0,459.3,110.5,39.3,53.6
2026-09-19 19:54:16,mfsweep_shard0,SPT_SMPT,69,6448.34,125,0,1,3284.7,4716.8,1432.1,2,2,64.2,0.7,1057.6,131.4,178.1,64.2
2026-09-19 19:54:16,mfsweep_shard0,SPT_SMPT,69,6448.34,126,0,1,3311.0,3985.3,674.3,2,2,54.2,0.0,450.1,109.3,60.8,54.2
2026-09-19 19:54:16,mfsweep_shard0,SPT_SMPT,69,6448.34,127,0,1,3337.2,6163.7,2826.5,2,2,84.2,0.9,1124.6,176.0,1440.8,84.2
2026-09-19 19:54:16,mfsweep_shard0,SPT_SMPT,69,6448.34,128,0,1,3363.5,5824.3,2460.8,2,2,82.5,0.8,1089.7,145.4,1142.3,82.5
2026-09-19 19:54:16,mfsweep_shard0,SPT_SMPT,69,6448.34,129,0,1,3389.8,5350.0,1960.3,2,2,81.0,0.9,1057.5,143.7,677.2,81.0
2026-09-19 19:54:16,mfsweep_shard0,SPT_SMPT,69,6448.34,130,0,1,3416.1,4794.1,1378.1,2,2,63.7,0.8,981.4,139.9,152.0,104.0
2026-09-19 19:54:16,mfsweep_shard0,SPT_SMPT,69,6448.34,131,0,1,3442.3,4610.2,1167.8,2,2,55.5,0.0,1007.2,96.5,8.6,55.5
2026-09-19 19:54:16,mfsweep_shard0,SPT_SMPT,69,6448.34,132,0,1,3468.6,5752.0,2283.4,2,2,82.5,0.9,1054.5,138.3,1007.1,82.5
2026-09-19 19:54:16,mfsweep_shard0,SPT_SMPT,69,6448.34,133,0,1,3494.9,4634.3,1139.4,2,2,84.8,0.0,930.2,114.8,9.5,84.8
2026-09-19 19:54:16,mfsweep_shard0,SPT_SMPT,69,6448.34,134,0,1,3521.2,4746.2,1225.0,2,2,56.4,0.8,1011.0,129.1,27.7,56.4
2026-09-19 19:54:16,mfsweep_shard0,SPT_SMPT,69,6448.34,135,0,1,3547.5,5024.6,1477.1,2,2,69.6,1.0,1082.0,134.3,190.2,69.6
2026-09-19 19:54:16,mfsweep_shard0,SPT_SMPT,69,6448.34,136,0,1,3573.7,4969.5,1395.8,2,2,55.8,1.0,1162.9,109.1,56.8,66.0
2026-09-19 19:58:18,mfsweep_shard0,SPT_SMPT,70,7089.98,0,0,1,0.0,220.9,220.9,2,2,74.6,0.0,68.8,77.5,0.0,74.6
2026-09-19 19:58:18,mfsweep_shard0,SPT_SMPT,70,7089.98,1,0,1,26.3,259.0,232.8,2,2,54.4,0.0,83.4,74.2,20.7,54.4
2026-09-19 19:58:18,mfsweep_shard0,SPT_SMPT,70,7089.98,2,0,1,52.6,396.2,343.6,2,2,62.6,0.0,101.1,95.2,84.6,62.6
2026-09-19 19:58:18,mfsweep_shard0,SPT_SMPT,70,7089.98,3,0,1,78.8,296.2,217.3,2,2,60.9,0.0,73.7,72.5,10.3,60.9
2026-09-19 19:58:18,mfsweep_shard0,SPT_SMPT,70,7089.98,4,0,1,105.1,998.2,893.1,2,2,77.8,0.0,101.3,253.9,445.9,91.9
2026-09-19 19:58:18,mfsweep_shard0,SPT_SMPT,70,7089.98,5,0,1,131.4,1390.3,1258.9,2,2,75.9,0.0,191.3,237.5,754.2,75.9
2026-09-19 19:58:18,mfsweep_shard0,SPT_SMPT,70,7089.98,6,0,1,157.7,434.9,277.2,2,2,83.0,0.1,63.4,125.5,5.3,83.0
2026-09-19 19:58:18,mfsweep_shard0,SPT_SMPT,70,7089.98,7,0,1,183.9,502.8,318.9,2,2,56.4,0.0,69.5,184.0,8.9,56.4
2026-09-19 19:58:18,mfsweep_shard0,SPT_SMPT,70,7089.98,8,0,1,210.2,679.9,469.7,2,2,67.5,0.0,91.4,154.2,156.6,67.5
2026-09-19 19:58:18,mfsweep_shard0,SPT_SMPT,70,7089.98,9,0,1,236.5,510.0,273.5,2,2,54.5,0.0,96.1,97.2,25.7,54.5
2026-09-19 19:58:18,mfsweep_shard0,SPT_SMPT,70,7089.98,10,0,1,262.8,594.6,331.8,2,2,60.8,0.0,110.2,100.7,60.1,60.8
2026-09-19 19:58:18,mfsweep_shard0,SPT_SMPT,70,7089.98,11,0,1,289.1,1089.8,800.7,2,2,70.2,0.1,122.6,136.7,471.1,70.2
2026-09-19 19:58:18,mfsweep_shard0,SPT_SMPT,70,7089.98,12,0,1,315.3,550.4,235.1,2,2,54.4,0.0,70.0,105.5,5.2,54.4
2026-09-19 19:58:18,mfsweep_shard0,SPT_SMPT,70,7089.98,13,0,1,341.6,672.9,331.2,2,2,60.1,0.0,90.7,145.8,34.6,60.1
2026-09-19 19:58:18,mfsweep_shard0,SPT_SMPT,70,7089.98,14,0,1,367.9,1816.3,1448.4,2,2,75.0,0.1,251.1,276.9,845.3,75.0
2026-09-19 19:58:18,mfsweep_shard0,SPT_SMPT,70,7089.98,15,0,1,394.2,1452.7,1058.6,2,2,71.5,0.2,255.8,222.5,486.6,93.5
2026-09-19 19:58:18,mfsweep_shard0,SPT_SMPT,70,7089.98,16,0,1,420.4,802.6,382.1,2,2,60.8,0.0,68.6,170.3,82.3,60.8
2026-09-19 19:58:18,mfsweep_shard0,SPT_SMPT,70,7089.98,17,0,1,446.7,1510.7,1064.0,2,2,73.0,0.3,250.2,187.8,552.7,73.0
2026-09-19 19:58:18,mfsweep_shard0,SPT_SMPT,70,7089.98,18,0,1,473.0,2224.9,1751.9,2,2,80.3,0.3,463.9,335.4,872.0,80.3
2026-09-19 19:58:18,mfsweep_shard0,SPT_SMPT,70,7089.98,19,0,1,499.3,780.3,281.1,2,2,53.8,0.0,65.5,147.9,14.0,53.8
2026-09-19 19:58:18,mfsweep_shard0,SPT_SMPT,70,7089.98,20,0,1,525.6,2320.0,1794.4,2,2,80.1,0.5,531.8,284.3,839.3,138.5
2026-09-19 19:58:18,mfsweep_shard0,SPT_SMPT,70,7089.98,21,0,1,551.8,1926.6,1374.8,2,2,76.6,0.6,428.3,266.5,602.9,76.6
2026-09-19 19:58:18,mfsweep_shard0,SPT_SMPT,70,7089.98,22,0,1,578.1,864.2,286.1,2,2,64.8,0.0,91.4,125.1,4.9,64.8
2026-09-19 19:58:18,mfsweep_shard0,SPT_SMPT,70,7089.98,23,0,1,604.4,835.2,230.8,2,2,58.7,0.0,17.6,114.3,40.2,58.7
2026-09-19 19:58:18,mfsweep_shard0,SPT_SMPT,70,7089.98,24,0,1,630.7,2937.8,2307.1,2,2,85.1,0.7,652.0,312.8,1256.5,85.1
2026-09-19 19:58:18,mfsweep_shard0,SPT_SMPT,70,7089.98,25,0,1,656.9,1217.6,560.7,2,2,64.7,0.2,180.2,199.9,100.1,80.2
2026-09-19 19:58:18,mfsweep_shard0,SPT_SMPT,70,7089.98,26,0,1,683.2,1116.6,433.4,2,2,56.6,0.2,157.3,200.0,19.3,56.6
2026-09-19 19:58:18,mfsweep_shard0,SPT_SMPT,70,7089.98,27,0,1,709.5,1149.6,440.1,2,2,56.7,0.3,165.8,160.6,56.7,56.7
2026-09-19 19:58:18,mfsweep_shard0,SPT_SMPT,70,7089.98,28,0,1,735.8,2792.4,2056.6,2,2,81.5,0.7,676.7,248.9,1048.9,81.5
2026-09-19 19:58:18,mfsweep_shard0,SPT_SMPT,70,7089.98,29,0,1,762.0,1933.7,1171.7,2,2,73.5,0.6,514.6,229.0,353.9,73.5
2026-09-19 19:58:18,mfsweep_shard0,SPT_SMPT,70,7089.98,30,0,1,788.3,2678.8,1890.5,2,2,80.2,0.9,770.6,288.5,744.5,86.0
2026-09-19 19:58:18,mfsweep_shard0,SPT_SMPT,70,7089.98,31,0,1,814.6,1256.9,442.3,2,2,77.6,0.0,259.4,105.2,0.0,77.6
2026-09-19 19:58:18,mfsweep_shard0,SPT_SMPT,70,7089.98,32,0,1,840.9,1268.7,427.8,2,2,71.2,0.0,200.8,110.1,45.7,71.2
2026-09-19 19:58:18,mfsweep_shard0,SPT_SMPT,70,7089.98,33,0,1,867.2,3008.8,2141.6,2,2,85.7,0.8,680.6,245.5,1129.1,85.7
2026-09-19 19:58:18,mfsweep_shard0,SPT_SMPT,70,7089.98,34,0,1,893.4,1614.2,720.8,2,2,66.0,0.3,466.8,127.8,53.5,72.4
2026-09-19 19:58:18,mfsweep_shard0,SPT_SMPT,70,7089.98,35,0,1,919.7,2553.1,1633.4,2,2,71.8,0.9,826.7,242.5,443.8,119.4
2026-09-19 19:58:18,mfsweep_shard0,SPT_SMPT,70,7089.98,36,0,1,946.0,2738.0,1792.0,2,2,80.9,1.0,828.3,247.2,634.5,80.9
2026-09-19 19:58:18,mfsweep_shard0,SPT_SMPT,70,7089.98,37,0,1,972.3,1437.5,465.3,2,2,74.0,0.0,238.6,143.4,9.4,74.0
2026-09-19 19:58:18,mfsweep_shard0,SPT_SMPT,70,7089.98,38,0,1,998.5,2885.9,1887.3,2,2,82.0,1.1,788.7,241.0,774.5,82.0
2026-09-19 19:58:18,mfsweep_shard0,SPT_SMPT,70,7089.98,39,0,1,1024.8,2594.6,1569.8,2,2,72.6,1.2,879.2,216.0,400.8,72.6
2026-09-19 19:58:18,mfsweep_shard0,SPT_SMPT,70,7089.98,40,0,1,1051.1,1634.6,583.5,2,2,76.8,0.0,404.3,102.4,0.0,76.8
2026-09-19 19:58:18,mfsweep_shard0,SPT_SMPT,70,7089.98,41,0,1,1077.4,1658.7,581.3,2,2,55.1,0.0,376.4,111.9,37.9,55.1
2026-09-19 19:58:18,mfsweep_shard0,SPT_SMPT,70,7089.98,42,0,1,1103.7,1838.4,734.8,2,2,61.1,0.0,478.9,121.2,73.6,61.1
2026-09-19 19:58:18,mfsweep_shard0,SPT_SMPT,70,7089.98,43,0,1,1129.9,2490.4,1360.5,2,2,63.1,0.7,844.9,218.3,204.7,91.9
2026-09-19 19:58:18,mfsweep_shard0,SPT_SMPT,70,7089.98,44,0,1,1156.2,2341.3,1185.1,2,2,56.2,0.8,862.1,201.5,41.9,78.8
2026-09-19 19:58:18,mfsweep_shard0,SPT_SMPT,70,7089.98,45,0,1,1182.5,2436.2,1253.8,2,2,61.2,0.8,866.7,164.7,160.4,61.2
2026-09-19 19:58:18,mfsweep_shard0,SPT_SMPT,70,7089.98,46,0,1,1208.8,2231.9,1023.2,2,2,56.9,0.6,821.8,133.7,10.1,56.9
2026-09-19 19:58:18,mfsweep_shard0,SPT_SMPT,70,7089.98,47,0,1,1235.0,1894.1,659.1,2,2,62.7,0.0,441.5,152.6,2.3,62.7
2026-09-19 19:58:18,mfsweep_shard0,SPT_SMPT,70,7089.98,48,0,1,1261.3,2088.8,827.5,2,2,74.5,0.4,626.7,118.0,7.9,74.5
2026-09-19 19:58:18,mfsweep_shard0,SPT_SMPT,70,7089.98,49,0,1,1287.6,2103.0,815.4,2,2,65.6,0.0,562.1,121.4,66.3,65.6
2026-09-19 19:58:18,mfsweep_shard0,SPT_SMPT,70,7089.98,50,0,1,1313.9,2273.5,959.7,2,2,65.8,0.0,636.9,115.1,141.8,65.8
2026-09-19 19:58:18,mfsweep_shard0,SPT_SMPT,70,7089.98,51,0,1,1340.2,2393.2,1053.0,2,2,60.5,0.3,764.3,159.2,68.8,60.5
2026-09-19 19:58:18,mfsweep_shard0,SPT_SMPT,70,7089.98,52,0,1,1366.4,2069.9,703.5,2,2,62.4,0.0,521.6,119.5,0.0,62.4
2026-09-19 19:58:18,mfsweep_shard0,SPT_SMPT,70,7089.98,53,0,1,1392.7,2286.4,893.7,2,2,84.5,0.0,700.0,101.4,7.9,84.5
2026-09-19 19:58:18,mfsweep_shard0,SPT_SMPT,70,7089.98,54,0,1,1419.0,2455.5,1036.5,2,2,74.9,0.0,800.9,160.6,0.0,74.9
2026-09-19 19:58:18,mfsweep_shard0,SPT_SMPT,70,7089.98,55,0,1,1445.3,3106.6,1661.3,2,2,73.6,0.0,883.9,202.8,500.9,73.6
2026-09-19 19:58:18,mfsweep_shard0,SPT_SMPT,70,7089.98,56,0,1,1471.5,2577.3,1105.7,2,2,59.2,0.0,860.2,113.0,73.3,59.2
2026-09-19 19:58:18,mfsweep_shard0,SPT_SMPT,70,7089.98,57,0,1,1497.8,4218.5,2720.6,2,2,77.6,0.0,939.6,183.4,1519.9,77.6
2026-09-19 19:58:18,mfsweep_shard0,SPT_SMPT,70,7089.98,58,0,1,1524.1,2520.5,996.4,2,2,58.9,0.0,827.4,98.0,12.1,58.9
2026-09-19 19:58:18,mfsweep_shard0,SPT_SMPT,70,7089.98,59,0,1,1550.4,2610.9,1060.5,2,2,66.1,0.0,835.4,94.0,65.1,66.1
2026-09-19 19:58:18,mfsweep_shard0,SPT_SMPT,70,7089.98,60,0,1,1576.6,5330.6,3753.9,2,2,86.2,0.1,1021.7,276.5,2369.4,86.2
2026-09-19 19:58:18,mfsweep_shard0,SPT_SMPT,70,7089.98,61,0,1,1602.9,4275.1,2672.1,2,2,74.7,0.2,933.5,168.0,1495.8,74.7
2026-09-19 19:58:18,mfsweep_shard0,SPT_SMPT,70,7089.98,62,0,1,1629.2,2645.7,1016.5,2,2,71.9,0.0,762.0,103.5,79.1,71.9
2026-09-19 19:58:18,mfsweep_shard0,SPT_SMPT,70,7089.98,63,0,1,1655.5,3161.6,1506.1,2,2,76.1,0.1,807.7,157.4,464.7,76.1
2026-09-19 19:58:18,mfsweep_shard0,SPT_SMPT,70,7089.98,64,0,1,1681.8,5956.3,4274.5,2,2,81.4,0.3,1120.1,275.3,2797.5,81.4
2026-09-19 19:58:18,mfsweep_shard0,SPT_SMPT,70,7089.98,65,0,1,1708.0,5805.6,4097.5,2,2,79.2,0.4,1150.5,271.0,2596.5,79.2
2026-09-19 19:58:18,mfsweep_shard0,SPT_SMPT,70,7089.98,66,0,1,1734.3,2809.0,1074.7,2,2,61.1,0.0,773.5,112.3,127.7,61.1
2026-09-19 19:58:18,mfsweep_shard0,SPT_SMPT,70,7089.98,67,0,1,1760.6,2671.8,911.2,2,2,54.6,0.0,745.7,99.8,11.1,54.6
2026-09-19 19:58:18,mfsweep_shard0,SPT_SMPT,70,7089.98,68,0,1,1786.9,2916.7,1129.9,2,2,64.0,0.0,720.9,105.8,239.1,64.0
2026-09-19 19:58:18,mfsweep_shard0,SPT_SMPT,70,7089.98,69,0,1,1813.1,2816.2,1003.0,2,2,62.4,0.0,745.5,101.8,93.3,62.4
2026-09-19 19:58:18,mfsweep_shard0,SPT_SMPT,70,7089.98,70,0,1,1839.4,2749.8,910.4,2,2,60.5,0.0,712.9,110.6,26.3,60.5
2026-09-19 19:58:18,mfsweep_shard0,SPT_SMPT,70,7089.98,71,0,1,1865.7,6501.0,4635.3,2,2,84.7,0.5,1179.4,325.4,3045.4,84.7
2026-09-19 19:58:18,mfsweep_shard0,SPT_SMPT,70,7089.98,72,0,1,1892.0,6346.0,4454.0,2,2,82.5,0.6,1282.0,266.3,2822.6,82.5
2026-09-19 19:58:18,mfsweep_shard0,SPT_SMPT,70,7089.98,73,0,1,1918.3,2904.9,986.7,2,2,63.9,0.0,767.9,117.3,37.6,63.9
2026-09-19 19:58:18,mfsweep_shard0,SPT_SMPT,70,7089.98,74,0,1,1944.5,4560.9,2616.4,2,2,75.2,0.6,1146.4,259.3,1134.9,75.2
2026-09-19 19:58:18,mfsweep_shard0,SPT_SMPT,70,7089.98,75,0,1,1970.8,3373.6,1402.8,2,2,66.6,0.4,891.2,140.6,267.0,103.5
2026-09-19 19:58:18,mfsweep_shard0,SPT_SMPT,70,7089.98,76,0,1,1997.1,6741.4,4744.4,2,2,83.7,0.9,1399.4,316.8,2943.6,83.7
2026-09-19 19:58:18,mfsweep_shard0,SPT_SMPT,70,7089.98,77,0,1,2023.4,3661.5,1638.1,2,2,68.7,0.5,968.3,170.2,430.5,68.7
2026-09-19 19:58:18,mfsweep_shard0,SPT_SMPT,70,7089.98,78,0,1,2049.6,3518.3,1468.6,2,2,62.3,0.5,1000.7,162.1,243.0,62.3
2026-09-19 19:58:18,mfsweep_shard0,SPT_SMPT,70,7089.98,79,0,1,2075.9,3001.6,925.7,2,2,61.7,0.0,720.6,107.5,35.8,61.7
2026-09-19 19:58:18,mfsweep_shard0,SPT_SMPT,70,7089.98,80,0,1,2102.2,5099.7,2997.5,2,2,72.1,0.9,1331.0,248.0,1303.8,113.8
2026-09-19 19:58:18,mfsweep_shard0,SPT_SMPT,70,7089.98,81,0,1,2128.5,3331.5,1203.0,2,2,62.2,0.3,933.7,154.2,42.0,72.8
2026-09-19 19:58:18,mfsweep_shard0,SPT_SMPT,70,7089.98,82,0,1,2154.7,5157.0,3002.3,2,2,72.8,1.0,1305.4,176.3,1446.8,72.8
2026-09-19 19:58:18,mfsweep_shard0,SPT_SMPT,70,7089.98,83,0,1,2181.0,3427.7,1246.7,2,2,83.2,0.4,921.0,109.8,132.3,83.2
2026-09-19 19:58:18,mfsweep_shard0,SPT_SMPT,70,7089.98,84,0,1,2207.3,3386.4,1179.1,2,2,66.7,0.4,917.4,117.8,76.8,66.7
2026-09-19 19:58:18,mfsweep_shard0,SPT_SMPT,70,7089.98,85,0,1,2233.6,3346.0,1112.4,2,2,60.8,0.4,905.8,119.5,26.0,60.8
2026-09-19 19:58:18,mfsweep_shard0,SPT_SMPT,70,7089.98,86,0,1,2259.9,7090.0,4830.1,2,2,86.5,1.0,1566.8,297.6,2878.4,86.5
2026-09-19 19:58:18,mfsweep_shard0,SPT_SMPT,70,7089.98,87,0,1,2286.1,3324.2,1038.1,2,2,70.4,0.0,837.1,122.8,7.8,70.4
2026-09-19 19:58:18,mfsweep_shard0,SPT_SMPT,70,7089.98,88,0,1,2312.4,3338.8,1026.3,2,2,56.5,0.0,808.9,109.8,51.1,56.5
2026-09-19 19:58:18,mfsweep_shard0,SPT_SMPT,70,7089.98,89,0,1,2338.7,3455.4,1116.7,2,2,55.1,0.0,942.1,108.2,11.3,55.1
2026-09-19 19:58:18,mfsweep_shard0,SPT_SMPT,70,7089.98,90,0,1,2365.0,3504.6,1139.6,2,2,57.2,0.0,941.2,103.5,37.7,57.2
2026-09-19 19:58:18,mfsweep_shard0,SPT_SMPT,70,7089.98,91,0,1,2391.2,5443.8,3052.6,2,2,74.3,0.6,1475.2,319.1,1183.3,74.3
2026-09-19 19:58:18,mfsweep_shard0,SPT_SMPT,70,7089.98,92,0,1,2417.5,6006.6,3589.1,2,2,79.7,0.8,1462.9,276.5,1756.5,92.4
2026-09-19 19:58:18,mfsweep_shard0,SPT_SMPT,70,7089.98,93,0,1,2443.8,3560.0,1116.2,2,2,67.5,0.0,920.6,123.3,4.8,67.5
2026-09-19 19:58:18,mfsweep_shard0,SPT_SMPT,70,7089.98,94,0,1,2470.1,3743.3,1273.2,2,2,55.6,0.0,988.7,144.4,84.5,55.6
2026-09-19 19:58:18,mfsweep_shard0,SPT_SMPT,70,7089.98,95,0,1,2496.4,3784.7,1288.3,2,2,66.1,0.0,986.0,131.5,104.7,66.1
2026-09-19 19:58:18,mfsweep_shard0,SPT_SMPT,70,7089.98,96,0,1,2522.6,4634.8,2112.2,2,2,86.4,0.3,1111.7,158.4,755.3,86.4
2026-09-19 19:58:18,mfsweep_shard0,SPT_SMPT,70,7089.98,97,0,1,2548.9,4469.1,1920.2,2,2,71.0,0.4,1184.6,132.2,532.0,71.0
2026-09-19 19:58:18,mfsweep_shard0,SPT_SMPT,70,7089.98,98,0,1,2575.2,4506.4,1931.2,2,2,85.6,0.4,1130.7,144.1,570.4,85.6
2026-09-19 19:58:18,mfsweep_shard0,SPT_SMPT,70,7089.98,99,0,1,2601.5,4585.8,1984.4,2,2,82.0,0.5,1303.1,138.1,460.8,82.0
2026-09-19 19:58:18,mfsweep_shard0,SPT_SMPT,70,7089.98,100,0,1,2627.7,3695.0,1067.3,2,2,53.9,0.1,904.3,100.3,8.6,53.9
2026-09-19 19:58:18,mfsweep_shard0,SPT_SMPT,70,7089.98,101,0,1,2654.0,5677.7,3023.7,2,2,77.3,0.9,1497.0,137.7,1310.8,77.3
2026-09-19 19:58:18,mfsweep_shard0,SPT_SMPT,70,7089.98,102,0,1,2680.3,5615.9,2935.6,2,2,76.0,1.0,1411.8,142.2,1304.6,76.0
2026-09-19 19:58:18,mfsweep_shard0,SPT_SMPT,70,7089.98,103,0,1,2706.6,4986.3,2279.8,2,2,71.3,0.9,1318.3,98.5,790.9,71.3
2026-09-19 19:58:18,mfsweep_shard0,SPT_SMPT,70,7089.98,104,0,1,2732.9,3806.1,1073.2,2,2,62.4,0.2,843.9,118.6,48.1,62.4
2026-09-19 19:58:18,mfsweep_shard0,SPT_SMPT,70,7089.98,105,0,1,2759.1,5481.7,2722.6,2,2,74.7,1.2,1400.5,182.4,1063.8,74.7
2026-09-19 19:58:18,mfsweep_shard0,SPT_SMPT,70,7089.98,106,0,1,2785.4,3929.5,1144.1,2,2,57.2,0.3,892.3,109.5,84.9,57.2
2026-09-19 19:58:18,mfsweep_shard0,SPT_SMPT,70,7089.98,107,0,1,2811.7,3894.5,1082.8,2,2,67.9,0.3,843.3,106.8,64.5,67.9
2026-09-19 19:58:18,mfsweep_shard0,SPT_SMPT,70,7089.98,108,0,1,2838.0,4600.2,1762.3,2,2,68.5,1.1,1216.9,108.7,367.0,68.6
2026-09-19 19:58:18,mfsweep_shard0,SPT_SMPT,70,7089.98,109,0,1,2864.2,7018.5,4154.3,2,2,85.0,1.6,1641.7,200.9,2225.1,85.0
2026-09-19 19:58:18,mfsweep_shard0,SPT_SMPT,70,7089.98,110,0,1,2890.5,6278.5,3388.0,2,2,82.4,1.6,1409.0,163.1,1731.8,82.4
2026-09-19 19:58:18,mfsweep_shard0,SPT_SMPT,70,7089.98,111,0,1,2916.8,4030.7,1113.9,2,2,62.2,0.3,842.4,154.1,54.8,62.2
2026-09-19 19:58:18,mfsweep_shard0,SPT_SMPT,70,7089.98,112,0,1,2943.1,4729.2,1786.1,2,2,70.1,1.3,1236.5,118.0,360.3,70.1
2026-09-19 19:58:18,mfsweep_shard0,SPT_SMPT,70,7089.98,113,0,1,2969.3,3984.8,1015.5,2,2,59.4,0.5,810.3,104.8,40.4,59.4
2026-09-19 19:58:18,mfsweep_shard0,SPT_SMPT,70,7089.98,114,0,1,2995.6,6809.6,3814.0,2,2,83.7,2.0,1595.7,189.2,1927.6,99.4
2026-09-19 19:58:18,mfsweep_shard0,SPT_SMPT,70,7089.98,115,0,1,3021.9,6211.1,3189.2,2,2,82.3,2.0,1460.8,143.9,1500.3,82.3
2026-09-19 19:58:18,mfsweep_shard0,SPT_SMPT,70,7089.98,116,0,1,3048.2,4042.5,994.3,2,2,63.4,0.6,775.9,113.0,41.4,63.4
2026-09-19 19:58:18,mfsweep_shard0,SPT_SMPT,70,7089.98,117,0,1,3074.5,5554.4,2480.0,2,2,74.6,1.9,1442.0,141.6,819.7,74.6
2026-09-19 19:58:18,mfsweep_shard0,SPT_SMPT,70,7089.98,118,0,1,3100.7,5488.9,2388.2,2,2,73.6,2.0,1358.8,155.1,756.4,115.8
2026-09-19 19:58:18,mfsweep_shard0,SPT_SMPT,70,7089.98,119,0,1,3127.0,4108.7,981.7,2,2,58.6,0.7,757.2,118.8,46.5,58.6
2026-09-19 19:58:18,mfsweep_shard0,SPT_SMPT,70,7089.98,120,0,1,3153.3,5741.9,2588.6,2,2,78.7,2.2,1352.1,149.1,1006.5,78.7
2026-09-19 19:58:18,mfsweep_shard0,SPT_SMPT,70,7089.98,121,0,1,3179.6,5042.2,1862.6,2,2,71.3,1.9,1167.2,103.0,519.1,71.3
2026-09-19 19:58:18,mfsweep_shard0,SPT_SMPT,70,7089.98,122,0,1,3205.8,6077.9,2872.0,2,2,79.2,2.6,1460.7,147.4,1134.3,127.1
2026-09-19 19:58:18,mfsweep_shard0,SPT_SMPT,70,7089.98,123,0,1,3232.1,4834.2,1602.1,2,2,71.0,2.1,1182.3,94.8,252.0,71.0
2026-09-19 19:58:18,mfsweep_shard0,SPT_SMPT,70,7089.98,124,0,1,3258.4,4674.7,1416.3,2,2,53.6,2.1,1193.6,101.5,49.9,69.1
2026-09-19 19:58:18,mfsweep_shard0,SPT_SMPT,70,7089.98,125,0,1,3284.7,4722.2,1437.5,2,2,64.2,2.2,1180.9,119.0,71.1,64.2
2026-09-19 19:58:18,mfsweep_shard0,SPT_SMPT,70,7089.98,126,0,1,3311.0,4312.6,1001.6,2,2,54.2,1.0,843.8,95.4,7.3,54.2
2026-09-19 19:58:18,mfsweep_shard0,SPT_SMPT,70,7089.98,127,0,1,3337.2,6878.8,3541.5,2,2,84.2,3.1,1580.1,189.4,1684.7,84.2
2026-09-19 19:58:18,mfsweep_shard0,SPT_SMPT,70,7089.98,128,0,1,3363.5,6628.7,3265.2,2,2,82.5,3.2,1550.3,203.8,1425.4,82.5
2026-09-19 19:58:18,mfsweep_shard0,SPT_SMPT,70,7089.98,129,0,1,3389.8,6144.3,2754.6,2,2,81.0,1.8,1532.6,147.9,991.3,81.0
2026-09-19 19:58:18,mfsweep_shard0,SPT_SMPT,70,7089.98,130,0,1,3416.1,4646.4,1230.4,2,2,63.7,0.0,996.8,110.6,59.2,63.7
2026-09-19 19:58:18,mfsweep_shard0,SPT_SMPT,70,7089.98,131,0,1,3442.3,4663.0,1220.7,2,2,55.5,0.0,1004.0,104.4,56.7,55.5
2026-09-19 19:58:18,mfsweep_shard0,SPT_SMPT,70,7089.98,132,0,1,3468.6,6560.1,3091.5,2,2,82.5,0.9,1537.5,191.8,1224.8,136.5
2026-09-19 19:58:18,mfsweep_shard0,SPT_SMPT,70,7089.98,133,0,1,3494.9,6948.5,3453.6,2,2,84.8,1.1,1638.4,192.0,1537.4,84.8
2026-09-19 19:58:18,mfsweep_shard0,SPT_SMPT,70,7089.98,134,0,1,3521.2,4785.9,1264.7,2,2,56.4,0.0,1075.5,100.2,32.6,56.4
2026-09-19 19:58:18,mfsweep_shard0,SPT_SMPT,70,7089.98,135,0,1,3547.5,4929.6,1382.1,2,2,69.6,0.0,1177.6,80.5,54.5,69.6
2026-09-19 19:58:18,mfsweep_shard0,SPT_SMPT,70,7089.98,136,0,1,3573.7,4875.5,1301.8,2,2,55.8,0.0,1134.8,81.7,29.5,55.8
2026-09-19 20:01:59,mfsweep_shard0,SPT_SMPT,71,6899.52,0,0,1,0.0,245.8,245.8,2,2,74.6,0.0,80.9,90.2,0.0,74.6
2026-09-19 20:01:59,mfsweep_shard0,SPT_SMPT,71,6899.52,1,0,1,26.3,303.9,277.6,2,2,54.4,0.0,58.9,121.9,28.7,68.1
2026-09-19 20:01:59,mfsweep_shard0,SPT_SMPT,71,6899.52,2,0,1,52.6,373.5,320.9,2,2,62.6,0.0,83.7,125.6,49.0,62.6
2026-09-19 20:01:59,mfsweep_shard0,SPT_SMPT,71,6899.52,3,0,1,78.8,265.2,186.4,2,2,60.9,0.0,50.9,74.5,0.0,60.9
2026-09-19 20:01:59,mfsweep_shard0,SPT_SMPT,71,6899.52,4,0,1,105.1,681.0,575.9,2,2,77.8,0.1,178.5,137.0,121.4,138.9
2026-09-19 20:01:59,mfsweep_shard0,SPT_SMPT,71,6899.52,5,0,1,131.4,466.0,334.6,2,2,75.9,0.0,75.0,81.6,102.1,75.9
2026-09-19 20:01:59,mfsweep_shard0,SPT_SMPT,71,6899.52,6,0,1,157.7,1941.6,1783.9,2,2,83.0,0.0,320.5,242.2,1138.2,83.0
2026-09-19 20:01:59,mfsweep_shard0,SPT_SMPT,71,6899.52,7,0,1,183.9,426.0,242.0,2,2,56.4,0.0,53.3,132.3,0.0,56.4
2026-09-19 20:01:59,mfsweep_shard0,SPT_SMPT,71,6899.52,8,0,1,210.2,458.9,248.7,2,2,67.5,0.0,49.0,121.8,10.4,67.5
2026-09-19 20:01:59,mfsweep_shard0,SPT_SMPT,71,6899.52,9,0,1,236.5,487.3,250.8,2,2,54.5,0.0,45.0,104.5,46.7,54.5
2026-09-19 20:01:59,mfsweep_shard0,SPT_SMPT,71,6899.52,10,0,1,262.8,666.2,403.5,2,2,60.8,0.0,98.8,145.8,59.0,99.9
2026-09-19 20:01:59,mfsweep_shard0,SPT_SMPT,71,6899.52,11,0,1,289.1,839.4,550.3,2,2,70.2,0.1,58.0,139.4,282.6,70.2
2026-09-19 20:01:59,mfsweep_shard0,SPT_SMPT,71,6899.52,12,0,1,315.3,545.0,229.7,2,2,54.4,0.0,42.0,124.8,8.4,54.4
2026-09-19 20:01:59,mfsweep_shard0,SPT_SMPT,71,6899.52,13,0,1,341.6,730.2,388.5,2,2,60.1,0.0,145.0,149.0,10.4,84.1
2026-09-19 20:01:59,mfsweep_shard0,SPT_SMPT,71,6899.52,14,0,1,367.9,1342.9,975.0,2,2,75.0,0.1,147.6,168.7,528.1,130.5
2026-09-19 20:01:59,mfsweep_shard0,SPT_SMPT,71,6899.52,15,0,1,394.2,930.4,536.2,2,2,71.5,0.2,218.8,96.8,149.0,71.5
2026-09-19 20:01:59,mfsweep_shard0,SPT_SMPT,71,6899.52,16,0,1,420.4,800.6,380.2,2,2,60.8,0.1,124.3,135.6,59.4,60.8
2026-09-19 20:01:59,mfsweep_shard0,SPT_SMPT,71,6899.52,17,0,1,446.7,968.2,521.4,2,2,73.0,0.2,168.0,91.1,189.1,73.0
2026-09-19 20:01:59,mfsweep_shard0,SPT_SMPT,71,6899.52,18,0,1,473.0,742.7,269.7,2,2,80.3,0.0,80.3,109.1,0.0,80.3
2026-09-19 20:01:59,mfsweep_shard0,SPT_SMPT,71,6899.52,19,0,1,499.3,784.4,285.1,2,2,53.8,0.0,108.8,109.5,13.0,53.8
2026-09-19 20:01:59,mfsweep_shard0,SPT_SMPT,71,6899.52,20,0,1,525.6,871.3,345.7,2,2,80.1,0.0,149.7,115.8,0.0,80.1
2026-09-19 20:01:59,mfsweep_shard0,SPT_SMPT,71,6899.52,21,0,1,551.8,1467.8,916.0,2,2,76.6,0.0,225.5,158.3,455.6,76.6
2026-09-19 20:01:59,mfsweep_shard0,SPT_SMPT,71,6899.52,22,0,1,578.1,1100.3,522.2,2,2,64.8,0.1,123.2,139.7,194.5,64.8
2026-09-19 20:01:59,mfsweep_shard0,SPT_SMPT,71,6899.52,23,0,1,604.4,895.1,290.7,2,2,58.7,0.0,84.0,115.3,32.7,58.7
2026-09-19 20:01:59,mfsweep_shard0,SPT_SMPT,71,6899.52,24,0,1,630.7,5540.5,4909.8,2,2,85.1,0.1,543.7,336.1,3944.7,85.1
2026-09-19 20:01:59,mfsweep_shard0,SPT_SMPT,71,6899.52,25,0,1,656.9,1175.3,518.4,2,2,64.7,0.1,129.1,146.7,177.8,64.7
2026-09-19 20:01:59,mfsweep_shard0,SPT_SMPT,71,6899.52,26,0,1,683.2,915.3,232.0,2,2,56.6,0.0,18.5,103.8,53.2,56.6
2026-09-19 20:01:59,mfsweep_shard0,SPT_SMPT,71,6899.52,27,0,1,709.5,1153.8,444.3,2,2,56.7,0.1,181.5,142.6,41.3,78.7
2026-09-19 20:01:59,mfsweep_shard0,SPT_SMPT,71,6899.52,28,0,1,735.8,3354.6,2618.9,2,2,81.5,0.2,348.3,232.4,1956.4,81.5
2026-09-19 20:01:59,mfsweep_shard0,SPT_SMPT,71,6899.52,29,0,1,762.0,1026.7,264.6,2,2,73.5,0.0,72.8,110.4,7.9,73.5
2026-09-19 20:01:59,mfsweep_shard0,SPT_SMPT,71,6899.52,30,0,1,788.3,4898.7,4110.4,2,2,80.2,0.5,584.2,365.0,3080.6,80.2
2026-09-19 20:01:59,mfsweep_shard0,SPT_SMPT,71,6899.52,31,0,1,814.6,3955.2,3140.6,2,2,77.6,0.6,563.2,278.0,2220.4,78.5
2026-09-19 20:01:59,mfsweep_shard0,SPT_SMPT,71,6899.52,32,0,1,840.9,1246.3,405.4,2,2,71.2,0.0,73.9,108.4,151.9,71.2
2026-09-19 20:01:59,mfsweep_shard0,SPT_SMPT,71,6899.52,33,0,1,867.2,5832.5,4965.3,2,2,85.7,0.7,689.4,325.6,3864.0,85.7
2026-09-19 20:01:59,mfsweep_shard0,SPT_SMPT,71,6899.52,34,0,1,893.4,1293.8,400.4,2,2,66.0,0.0,204.7,96.4,33.2,66.0
2026-09-19 20:01:59,mfsweep_shard0,SPT_SMPT,71,6899.52,35,0,1,919.7,1300.9,381.2,2,2,71.8,0.0,200.7,100.8,7.8,71.8
2026-09-19 20:01:59,mfsweep_shard0,SPT_SMPT,71,6899.52,36,0,1,946.0,5602.0,4656.0,2,2,80.9,0.7,766.5,286.6,3521.2,80.9
2026-09-19 20:01:59,mfsweep_shard0,SPT_SMPT,71,6899.52,37,0,1,972.3,2035.3,1063.1,2,2,74.0,0.2,252.2,156.0,580.8,74.0
2026-09-19 20:01:59,mfsweep_shard0,SPT_SMPT,71,6899.52,38,0,1,998.5,6299.5,5300.9,2,2,82.0,1.0,804.1,375.9,4001.6,118.3
2026-09-19 20:01:59,mfsweep_shard0,SPT_SMPT,71,6899.52,39,0,1,1024.8,1364.8,339.9,2,2,72.6,0.0,128.6,101.1,37.6,72.6
2026-09-19 20:01:59,mfsweep_shard0,SPT_SMPT,71,6899.52,40,0,1,1051.1,3398.2,2347.1,2,2,76.8,0.6,369.2,192.2,1708.2,76.8
2026-09-19 20:01:59,mfsweep_shard0,SPT_SMPT,71,6899.52,41,0,1,1077.4,1448.9,371.5,2,2,55.1,0.0,127.0,129.8,59.7,55.1
2026-09-19 20:01:59,mfsweep_shard0,SPT_SMPT,71,6899.52,42,0,1,1103.7,1376.5,272.8,2,2,61.1,0.0,74.2,103.5,34.0,61.1
2026-09-19 20:01:59,mfsweep_shard0,SPT_SMPT,71,6899.52,43,0,1,1129.9,1633.3,503.3,2,2,63.1,0.0,39.8,102.8,297.6,63.1
2026-09-19 20:01:59,mfsweep_shard0,SPT_SMPT,71,6899.52,44,0,1,1156.2,1505.8,349.6,2,2,56.2,0.0,75.8,184.1,33.5,56.2
2026-09-19 20:01:59,mfsweep_shard0,SPT_SMPT,71,6899.52,45,0,1,1182.5,1456.2,273.7,2,2,61.2,0.0,74.3,122.0,16.1,61.2
2026-09-19 20:01:59,mfsweep_shard0,SPT_SMPT,71,6899.52,46,0,1,1208.8,1479.7,270.9,2,2,56.9,0.0,85.4,111.0,17.6,56.9
2026-09-19 20:01:59,mfsweep_shard0,SPT_SMPT,71,6899.52,47,0,1,1235.0,1592.6,357.6,2,2,62.7,0.0,89.4,115.8,89.7,62.7
2026-09-19 20:01:59,mfsweep_shard0,SPT_SMPT,71,6899.52,48,0,1,1261.3,2329.6,1068.3,2,2,74.5,0.2,261.5,163.0,569.1,74.5
2026-09-19 20:01:59,mfsweep_shard0,SPT_SMPT,71,6899.52,49,0,1,1287.6,1660.3,372.7,2,2,65.6,0.0,100.8,113.0,93.3,65.6
2026-09-19 20:01:59,mfsweep_shard0,SPT_SMPT,71,6899.52,50,0,1,1313.9,2159.8,845.9,2,2,65.8,0.2,293.2,172.2,314.4,65.8
2026-09-19 20:01:59,mfsweep_shard0,SPT_SMPT,71,6899.52,51,0,1,1340.2,1768.8,428.7,2,2,60.5,0.0,242.3,104.5,21.4,60.5
2026-09-19 20:01:59,mfsweep_shard0,SPT_SMPT,71,6899.52,52,0,1,1366.4,2100.7,734.3,2,2,62.4,0.3,310.4,166.0,195.2,62.4
2026-09-19 20:01:59,mfsweep_shard0,SPT_SMPT,71,6899.52,53,0,1,1392.7,6022.0,4629.3,2,2,84.5,1.3,881.9,338.5,3323.1,84.5
2026-09-19 20:01:59,mfsweep_shard0,SPT_SMPT,71,6899.52,54,0,1,1419.0,3458.2,2039.2,2,2,74.9,0.8,487.3,180.2,1268.6,102.2
2026-09-19 20:01:59,mfsweep_shard0,SPT_SMPT,71,6899.52,55,0,1,1445.3,2271.5,826.3,2,2,73.6,0.3,259.5,164.0,328.8,73.6
2026-09-19 20:01:59,mfsweep_shard0,SPT_SMPT,71,6899.52,56,0,1,1471.5,2023.7,552.2,2,2,59.2,0.3,232.3,168.3,79.8,71.4
2026-09-19 20:01:59,mfsweep_shard0,SPT_SMPT,71,6899.52,57,0,1,1497.8,4692.5,3194.7,2,2,77.6,1.3,729.9,272.4,2113.5,77.6
2026-09-19 20:01:59,mfsweep_shard0,SPT_SMPT,71,6899.52,58,0,1,1524.1,1754.3,230.2,2,2,58.9,0.0,12.4,105.6,53.2,58.9
2026-09-19 20:01:59,mfsweep_shard0,SPT_SMPT,71,6899.52,59,0,1,1550.4,1956.3,405.9,2,2,66.1,0.0,161.3,178.5,0.0,66.1
2026-09-19 20:01:59,mfsweep_shard0,SPT_SMPT,71,6899.52,60,0,1,1576.6,6756.7,5180.0,2,2,86.2,1.8,1132.7,389.8,3569.6,86.2
2026-09-19 20:01:59,mfsweep_shard0,SPT_SMPT,71,6899.52,61,0,1,1602.9,1993.7,390.8,2,2,74.7,0.0,210.2,105.9,0.0,74.7
2026-09-19 20:01:59,mfsweep_shard0,SPT_SMPT,71,6899.52,62,0,1,1629.2,2219.5,590.3,2,2,71.9,0.0,260.6,153.6,104.0,71.9
2026-09-19 20:01:59,mfsweep_shard0,SPT_SMPT,71,6899.52,63,0,1,1655.5,4058.4,2402.9,2,2,76.1,1.1,772.2,243.5,1310.0,76.1
2026-09-19 20:01:59,mfsweep_shard0,SPT_SMPT,71,6899.52,64,0,1,1681.8,5891.6,4209.9,2,2,81.4,1.7,1060.7,306.1,2760.1,81.4
2026-09-19 20:01:59,mfsweep_shard0,SPT_SMPT,71,6899.52,65,0,1,1708.0,2252.4,544.3,2,2,79.2,0.0,306.1,133.4,13.4,91.5
2026-09-19 20:01:59,mfsweep_shard0,SPT_SMPT,71,6899.52,66,0,1,1734.3,2200.0,465.7,2,2,61.1,0.0,298.4,106.2,0.0,61.1
2026-09-19 20:01:59,mfsweep_shard0,SPT_SMPT,71,6899.52,67,0,1,1760.6,2381.2,620.6,2,2,54.6,0.0,335.2,149.3,80.2,55.9
2026-09-19 20:01:59,mfsweep_shard0,SPT_SMPT,71,6899.52,68,0,1,1786.9,2341.0,554.2,2,2,64.0,0.0,299.8,95.6,94.8,64.0
2026-09-19 20:01:59,mfsweep_shard0,SPT_SMPT,71,6899.52,69,0,1,1813.1,2430.8,617.6,2,2,62.4,0.1,327.6,152.0,75.6,62.4
2026-09-19 20:01:59,mfsweep_shard0,SPT_SMPT,71,6899.52,70,0,1,1839.4,2304.4,465.0,2,2,60.5,0.0,244.5,96.9,63.1,60.5
2026-09-19 20:01:59,mfsweep_shard0,SPT_SMPT,71,6899.52,71,0,1,1865.7,2603.8,738.1,2,2,84.7,0.0,347.4,102.3,203.7,84.7
2026-09-19 20:01:59,mfsweep_shard0,SPT_SMPT,71,6899.52,72,0,1,1892.0,2423.6,531.7,2,2,82.5,0.0,224.6,95.8,128.8,82.5
2026-09-19 20:01:59,mfsweep_shard0,SPT_SMPT,71,6899.52,73,0,1,1918.3,2454.1,535.8,2,2,63.9,0.0,249.3,118.5,104.1,63.9
2026-09-19 20:01:59,mfsweep_shard0,SPT_SMPT,71,6899.52,74,0,1,1944.5,4072.9,2128.4,2,2,75.2,1.3,792.9,211.2,1047.8,75.2
2026-09-19 20:01:59,mfsweep_shard0,SPT_SMPT,71,6899.52,75,0,1,1970.8,2610.9,640.1,2,2,66.6,0.0,262.8,118.0,192.6,66.6
2026-09-19 20:01:59,mfsweep_shard0,SPT_SMPT,71,6899.52,76,0,1,1997.1,2442.3,445.2,2,2,83.7,0.0,263.7,97.3,0.5,83.7
2026-09-19 20:01:59,mfsweep_shard0,SPT_SMPT,71,6899.52,77,0,1,2023.4,2694.2,670.8,2,2,68.7,0.0,287.5,117.0,197.6,68.7
2026-09-19 20:01:59,mfsweep_shard0,SPT_SMPT,71,6899.52,78,0,1,2049.6,2589.3,539.7,2,2,62.3,0.0,285.3,111.3,80.8,62.3
2026-09-19 20:01:59,mfsweep_shard0,SPT_SMPT,71,6899.52,79,0,1,2075.9,2476.3,400.4,2,2,61.7,0.0,224.0,97.5,17.3,61.7
2026-09-19 20:01:59,mfsweep_shard0,SPT_SMPT,71,6899.52,80,0,1,2102.2,2738.1,635.9,2,2,72.1,0.0,217.9,100.5,245.4,72.1
2026-09-19 20:01:59,mfsweep_shard0,SPT_SMPT,71,6899.52,81,0,1,2128.5,2596.6,468.1,2,2,62.2,0.0,261.4,105.0,39.4,62.2
2026-09-19 20:01:59,mfsweep_shard0,SPT_SMPT,71,6899.52,82,0,1,2154.7,3534.0,1379.3,2,2,72.8,0.6,439.1,119.9,746.8,72.8
2026-09-19 20:01:59,mfsweep_shard0,SPT_SMPT,71,6899.52,83,0,1,2181.0,6475.1,4294.1,2,2,83.2,1.8,1284.1,338.6,2586.4,83.2
2026-09-19 20:01:59,mfsweep_shard0,SPT_SMPT,71,6899.52,84,0,1,2207.3,2840.3,633.0,2,2,66.7,0.0,343.0,117.8,105.5,66.7
2026-09-19 20:01:59,mfsweep_shard0,SPT_SMPT,71,6899.52,85,0,1,2233.6,2805.7,572.2,2,2,60.8,0.0,333.7,131.0,46.6,60.8
2026-09-19 20:01:59,mfsweep_shard0,SPT_SMPT,71,6899.52,86,0,1,2259.9,6899.5,4639.7,2,2,86.5,2.0,1380.7,346.4,2824.2,86.5
2026-09-19 20:01:59,mfsweep_shard0,SPT_SMPT,71,6899.52,87,0,1,2286.1,3577.5,1291.3,2,2,70.4,0.7,582.0,131.7,506.6,70.4
2026-09-19 20:01:59,mfsweep_shard0,SPT_SMPT,71,6899.52,88,0,1,2312.4,2933.7,621.3,2,2,56.5,0.0,367.1,121.9,75.7,56.5
2026-09-19 20:01:59,mfsweep_shard0,SPT_SMPT,71,6899.52,89,0,1,2338.7,2866.6,527.9,2,2,55.1,0.0,329.3,108.3,35.1,55.1
2026-09-19 20:01:59,mfsweep_shard0,SPT_SMPT,71,6899.52,90,0,1,2365.0,2994.6,629.6,2,2,57.2,0.0,330.9,117.6,123.9,57.2
2026-09-19 20:01:59,mfsweep_shard0,SPT_SMPT,71,6899.52,91,0,1,2391.2,4164.9,1773.7,2,2,74.3,1.3,821.6,220.4,656.1,74.3
2026-09-19 20:01:59,mfsweep_shard0,SPT_SMPT,71,6899.52,92,0,1,2417.5,5007.5,2589.9,2,2,79.7,1.8,1103.9,279.9,1124.6,79.7
2026-09-19 20:01:59,mfsweep_shard0,SPT_SMPT,71,6899.52,93,0,1,2443.8,3224.7,780.9,2,2,67.5,0.0,291.0,113.1,309.3,67.5
2026-09-19 20:01:59,mfsweep_shard0,SPT_SMPT,71,6899.52,94,0,1,2470.1,2967.2,497.2,2,2,55.6,0.0,279.0,113.3,49.2,55.6
2026-09-19 20:01:59,mfsweep_shard0,SPT_SMPT,71,6899.52,95,0,1,2496.4,3061.2,564.9,2,2,66.1,0.0,230.7,107.8,160.2,66.1
2026-09-19 20:01:59,mfsweep_shard0,SPT_SMPT,71,6899.52,96,0,1,2522.6,6828.1,4305.4,2,2,86.4,2.4,1367.7,318.6,2530.3,86.4
2026-09-19 20:01:59,mfsweep_shard0,SPT_SMPT,71,6899.52,97,0,1,2548.9,3646.1,1097.1,2,2,71.0,0.9,522.0,129.9,373.3,71.0
2026-09-19 20:01:59,mfsweep_shard0,SPT_SMPT,71,6899.52,98,0,1,2575.2,6685.5,4110.3,2,2,85.6,2.7,1420.1,333.4,2268.5,85.6
2026-09-19 20:01:59,mfsweep_shard0,SPT_SMPT,71,6899.52,99,0,1,2601.5,6056.4,3454.9,2,2,82.0,2.8,1432.9,291.3,1646.0,82.0
2026-09-19 20:01:59,mfsweep_shard0,SPT_SMPT,71,6899.52,100,0,1,2627.7,3054.1,426.4,2,2,53.9,0.0,251.0,114.3,7.1,53.9
2026-09-19 20:01:59,mfsweep_shard0,SPT_SMPT,71,6899.52,101,0,1,2654.0,5353.6,2699.6,2,2,77.3,2.3,1189.2,246.9,1183.9,77.3
2026-09-19 20:01:59,mfsweep_shard0,SPT_SMPT,71,6899.52,102,0,1,2680.3,4201.3,1521.0,2,2,76.0,1.8,902.1,213.9,327.2,76.0
2026-09-19 20:01:59,mfsweep_shard0,SPT_SMPT,71,6899.52,103,0,1,2706.6,5014.7,2308.1,2,2,71.3,2.5,1295.9,269.8,668.5,71.3
2026-09-19 20:01:59,mfsweep_shard0,SPT_SMPT,71,6899.52,104,0,1,2732.9,3156.6,423.8,2,2,62.4,0.0,211.7,117.3,32.4,62.4
2026-09-19 20:01:59,mfsweep_shard0,SPT_SMPT,71,6899.52,105,0,1,2759.1,5291.8,2532.7,2,2,74.7,2.7,1293.7,230.9,930.8,74.7
2026-09-19 20:01:59,mfsweep_shard0,SPT_SMPT,71,6899.52,106,0,1,2785.4,3149.4,364.0,2,2,57.2,0.0,157.9,112.2,36.7,57.2
2026-09-19 20:01:59,mfsweep_shard0,SPT_SMPT,71,6899.52,107,0,1,2811.7,4290.0,1478.3,2,2,67.9,2.1,1035.0,247.5,85.3,108.4
2026-09-19 20:01:59,mfsweep_shard0,SPT_SMPT,71,6899.52,108,0,1,2838.0,4459.8,1621.9,2,2,68.5,2.2,1021.0,187.4,342.8,68.5
2026-09-19 20:01:59,mfsweep_shard0,SPT_SMPT,71,6899.52,109,0,1,2864.2,6614.9,3750.7,2,2,85.0,3.7,1722.4,385.7,1541.1,97.9
2026-09-19 20:01:59,mfsweep_shard0,SPT_SMPT,71,6899.52,110,0,1,2890.5,6340.5,3449.9,2,2,82.4,3.9,1771.4,338.8,1253.4,82.4
2026-09-19 20:01:59,mfsweep_shard0,SPT_SMPT,71,6899.52,111,0,1,2916.8,4297.2,1380.4,2,2,62.2,2.4,1023.9,203.1,80.0,70.9
2026-09-19 20:01:59,mfsweep_shard0,SPT_SMPT,71,6899.52,112,0,1,2943.1,5052.5,2109.4,2,2,70.1,2.7,1484.2,213.6,276.9,132.0
2026-09-19 20:01:59,mfsweep_shard0,SPT_SMPT,71,6899.52,113,0,1,2969.3,4157.7,1188.3,2,2,59.4,0.8,854.0,220.9,29.8,82.9
2026-09-19 20:01:59,mfsweep_shard0,SPT_SMPT,71,6899.52,114,0,1,2995.6,3634.1,638.5,2,2,83.7,0.0,443.8,95.1,15.9,83.7
2026-09-19 20:01:59,mfsweep_shard0,SPT_SMPT,71,6899.52,115,0,1,3021.9,4186.7,1164.8,2,2,82.3,0.8,941.1,122.2,18.5,82.3
2026-09-19 20:01:59,mfsweep_shard0,SPT_SMPT,71,6899.52,116,0,1,3048.2,4410.2,1362.0,2,2,63.4,1.2,1085.8,121.9,89.6,63.4
2026-09-19 20:01:59,mfsweep_shard0,SPT_SMPT,71,6899.52,117,0,1,3074.5,4272.6,1198.2,2,2,74.6,0.0,869.9,125.4,128.2,74.6
2026-09-19 20:01:59,mfsweep_shard0,SPT_SMPT,71,6899.52,118,0,1,3100.7,5233.4,2132.7,2,2,73.6,1.4,1434.1,142.6,480.9,73.6
2026-09-19 20:01:59,mfsweep_shard0,SPT_SMPT,71,6899.52,119,0,1,3127.0,4361.4,1234.4,2,2,58.6,0.6,1014.4,123.4,37.3,58.6
2026-09-19 20:01:59,mfsweep_shard0,SPT_SMPT,71,6899.52,120,0,1,3153.3,5418.8,2265.5,2,2,78.7,0.9,857.7,136.7,1191.5,78.7
2026-09-19 20:01:59,mfsweep_shard0,SPT_SMPT,71,6899.52,121,0,1,3179.6,5173.5,1994.0,2,2,71.3,1.6,1396.3,144.3,380.4,71.3
2026-09-19 20:01:59,mfsweep_shard0,SPT_SMPT,71,6899.52,122,0,1,3205.8,5662.6,2456.7,2,2,79.2,1.3,1628.9,151.4,579.7,95.5
2026-09-19 20:01:59,mfsweep_shard0,SPT_SMPT,71,6899.52,123,0,1,3232.1,5125.0,1892.9,2,2,71.0,1.0,1434.0,158.4,228.4,71.0
2026-09-19 20:01:59,mfsweep_shard0,SPT_SMPT,71,6899.52,124,0,1,3258.4,4417.5,1159.1,2,2,53.6,0.0,973.9,122.3,9.3,53.6
2026-09-19 20:01:59,mfsweep_shard0,SPT_SMPT,71,6899.52,125,0,1,3284.7,4442.4,1157.7,2,2,64.2,0.0,919.8,123.6,50.1,64.2
2026-09-19 20:01:59,mfsweep_shard0,SPT_SMPT,71,6899.52,126,0,1,3311.0,4670.7,1359.8,2,2,54.2,0.0,1179.8,125.8,0.0,54.2
2026-09-19 20:01:59,mfsweep_shard0,SPT_SMPT,71,6899.52,127,0,1,3337.2,4678.0,1340.7,2,2,84.2,0.0,1101.0,124.3,31.3,84.2
2026-09-19 20:01:59,mfsweep_shard0,SPT_SMPT,71,6899.52,128,0,1,3363.5,6407.0,3043.5,2,2,82.5,1.4,1650.7,246.6,1062.2,82.5
2026-09-19 20:01:59,mfsweep_shard0,SPT_SMPT,71,6899.52,129,0,1,3389.8,6122.8,2733.0,2,2,81.0,1.4,1584.1,207.9,796.2,143.5
2026-09-19 20:01:59,mfsweep_shard0,SPT_SMPT,71,6899.52,130,0,1,3416.1,4685.2,1269.2,2,2,63.7,0.0,1010.9,128.6,66.0,63.7
2026-09-19 20:01:59,mfsweep_shard0,SPT_SMPT,71,6899.52,131,0,1,3442.3,4699.5,1257.2,2,2,55.5,0.0,995.1,136.3,70.2,55.5
2026-09-19 20:01:59,mfsweep_shard0,SPT_SMPT,71,6899.52,132,0,1,3468.6,4977.4,1508.8,2,2,82.5,0.0,1245.2,144.7,36.4,82.5
2026-09-19 20:01:59,mfsweep_shard0,SPT_SMPT,71,6899.52,133,0,1,3494.9,6544.9,3050.0,2,2,84.8,1.6,1879.6,207.8,876.2,84.8
2026-09-19 20:01:59,mfsweep_shard0,SPT_SMPT,71,6899.52,134,0,1,3521.2,5088.8,1567.7,2,2,56.4,0.0,1392.5,118.8,0.0,56.4
2026-09-19 20:01:59,mfsweep_shard0,SPT_SMPT,71,6899.52,135,0,1,3547.5,5204.1,1656.6,2,2,69.6,0.0,1466.8,90.7,29.5,69.6
2026-09-19 20:01:59,mfsweep_shard0,SPT_SMPT,71,6899.52,136,0,1,3573.7,5158.8,1585.1,2,2,55.8,0.0,1421.4,100.0,7.8,55.8
