timestamp,instance,rule,seed,makespan,job_id,is_dynamic,completed,arrival_time,exit_time,flow_time,total_operations,completed_ops,work_content,time_needs_routing,time_waiting_pickup,time_in_transit,time_queued,time_processing
2026-09-19 22:29:50,mfsweep_shard0,LRT_MMUR,42,4640.90,0,0,1,0.0,213.8,213.8,2,2,74.6,0.0,57.4,81.8,0.0,74.6
2026-09-19 22:29:50,mfsweep_shard0,LRT_MMUR,42,4640.90,1,0,1,26.3,257.4,231.1,2,2,54.4,0.0,82.5,70.6,23.6,54.4
2026-09-19 22:29:50,mfsweep_shard0,LRT_MMUR,42,4640.90,2,0,1,52.6,355.5,303.0,2,2,62.6,0.0,115.3,113.2,7.7,66.9
2026-09-19 22:29:50,mfsweep_shard0,LRT_MMUR,42,4640.90,3,0,1,78.8,299.3,220.5,2,2,60.9,0.0,71.3,68.0,20.3,60.9
2026-09-19 22:29:50,mfsweep_shard0,LRT_MMUR,42,4640.90,4,0,1,105.1,340.1,235.0,2,2,77.8,0.0,43.4,113.7,0.0,77.8
2026-09-19 22:29:50,mfsweep_shard0,LRT_MMUR,42,4640.90,5,0,1,131.4,476.4,345.0,2,2,75.9,0.0,109.5,127.0,32.6,75.9
2026-09-19 22:29:50,mfsweep_shard0,LRT_MMUR,42,4640.90,6,0,1,157.7,378.5,220.8,2,2,83.0,0.0,47.3,90.5,0.0,83.0
2026-09-19 22:29:50,mfsweep_shard0,LRT_MMUR,42,4640.90,7,0,1,183.9,527.0,343.1,2,2,56.4,0.0,106.0,127.2,53.5,56.4
2026-09-19 22:29:50,mfsweep_shard0,LRT_MMUR,42,4640.90,8,0,1,210.2,602.9,392.7,2,2,67.5,0.1,149.1,122.9,44.8,75.9
2026-09-19 22:29:50,mfsweep_shard0,LRT_MMUR,42,4640.90,9,0,1,236.5,449.7,213.2,2,2,54.5,0.0,77.9,80.8,0.0,54.5
2026-09-19 22:29:50,mfsweep_shard0,LRT_MMUR,42,4640.90,10,0,1,262.8,698.1,435.3,2,2,60.8,0.1,200.9,75.7,98.0,60.8
2026-09-19 22:29:50,mfsweep_shard0,LRT_MMUR,42,4640.90,11,0,1,289.1,561.7,272.6,2,2,70.2,0.0,88.9,79.8,33.7,70.2
2026-09-19 22:29:50,mfsweep_shard0,LRT_MMUR,42,4640.90,12,0,1,315.3,752.9,437.6,2,2,54.4,0.0,95.1,82.7,205.4,54.4
2026-09-19 22:29:50,mfsweep_shard0,LRT_MMUR,42,4640.90,13,0,1,341.6,682.8,341.2,2,2,60.1,0.0,79.2,78.5,123.3,60.1
2026-09-19 22:29:50,mfsweep_shard0,LRT_MMUR,42,4640.90,14,0,1,367.9,665.1,297.2,2,2,75.0,0.0,141.2,81.0,0.0,75.0
2026-09-19 22:29:50,mfsweep_shard0,LRT_MMUR,42,4640.90,15,0,1,394.2,676.0,281.9,2,2,71.5,0.0,125.6,84.7,0.0,71.5
2026-09-19 22:29:50,mfsweep_shard0,LRT_MMUR,42,4640.90,16,0,1,420.4,927.2,506.7,2,2,60.8,0.0,64.1,88.1,293.7,60.8
2026-09-19 22:29:50,mfsweep_shard0,LRT_MMUR,42,4640.90,17,0,1,446.7,702.7,256.0,2,2,73.0,0.0,72.6,98.0,12.4,73.0
2026-09-19 22:29:50,mfsweep_shard0,LRT_MMUR,42,4640.90,18,0,1,473.0,757.6,284.6,2,2,80.3,0.0,67.3,105.8,31.2,80.3
2026-09-19 22:29:50,mfsweep_shard0,LRT_MMUR,42,4640.90,19,0,1,499.3,963.3,464.0,2,2,53.8,0.0,62.9,89.7,257.7,53.8
2026-09-19 22:29:50,mfsweep_shard0,LRT_MMUR,42,4640.90,20,0,1,525.6,825.8,300.2,2,2,80.1,0.0,69.8,80.9,69.3,80.1
2026-09-19 22:29:50,mfsweep_shard0,LRT_MMUR,42,4640.90,21,0,1,551.8,880.1,328.3,2,2,76.6,0.0,70.3,80.1,101.2,76.6
2026-09-19 22:29:50,mfsweep_shard0,LRT_MMUR,42,4640.90,22,0,1,578.1,875.2,297.1,2,2,64.8,0.0,119.7,74.3,38.4,64.8
2026-09-19 22:29:50,mfsweep_shard0,LRT_MMUR,42,4640.90,23,0,1,604.4,821.1,216.7,2,2,58.7,0.0,80.1,77.9,0.0,58.7
2026-09-19 22:29:50,mfsweep_shard0,LRT_MMUR,42,4640.90,24,0,1,630.7,931.6,301.0,2,2,85.1,0.0,94.6,94.8,26.4,85.1
2026-09-19 22:29:50,mfsweep_shard0,LRT_MMUR,42,4640.90,25,0,1,656.9,1418.0,761.0,2,2,64.7,0.0,151.2,129.3,415.9,64.7
2026-09-19 22:29:50,mfsweep_shard0,LRT_MMUR,42,4640.90,26,0,1,683.2,1656.7,973.5,2,2,56.6,0.0,140.6,113.4,662.8,56.6
2026-09-19 22:29:50,mfsweep_shard0,LRT_MMUR,42,4640.90,27,0,1,709.5,1599.9,890.4,2,2,56.7,0.1,123.2,156.1,554.2,56.7
2026-09-19 22:29:50,mfsweep_shard0,LRT_MMUR,42,4640.90,28,0,1,735.8,1016.6,280.8,2,2,81.5,0.0,82.3,103.1,13.8,81.5
2026-09-19 22:29:50,mfsweep_shard0,LRT_MMUR,42,4640.90,29,0,1,762.0,1130.5,368.5,2,2,73.5,0.0,85.6,99.2,110.2,73.5
2026-09-19 22:29:50,mfsweep_shard0,LRT_MMUR,42,4640.90,30,0,1,788.3,1079.7,291.3,2,2,80.2,0.0,106.4,87.8,17.0,80.2
2026-09-19 22:29:50,mfsweep_shard0,LRT_MMUR,42,4640.90,31,0,1,814.6,1189.0,374.4,2,2,77.6,0.0,149.5,115.9,31.3,77.6
2026-09-19 22:29:50,mfsweep_shard0,LRT_MMUR,42,4640.90,32,0,1,840.9,1485.6,644.7,2,2,71.2,0.1,221.8,152.4,144.6,125.7
2026-09-19 22:29:50,mfsweep_shard0,LRT_MMUR,42,4640.90,33,0,1,867.2,1121.3,254.1,2,2,85.7,0.0,78.2,90.2,0.0,85.7
2026-09-19 22:29:50,mfsweep_shard0,LRT_MMUR,42,4640.90,34,0,1,893.4,1449.6,556.1,2,2,66.0,0.0,124.0,177.6,175.3,79.3
2026-09-19 22:29:50,mfsweep_shard0,LRT_MMUR,42,4640.90,35,0,1,919.7,1197.8,278.1,2,2,71.8,0.0,65.6,140.8,0.0,71.8
2026-09-19 22:29:50,mfsweep_shard0,LRT_MMUR,42,4640.90,36,0,1,946.0,1267.4,321.4,2,2,80.9,0.0,53.5,134.0,52.9,80.9
2026-09-19 22:29:50,mfsweep_shard0,LRT_MMUR,42,4640.90,37,0,1,972.3,1344.3,372.0,2,2,74.0,0.0,74.2,156.9,66.9,74.0
2026-09-19 22:29:50,mfsweep_shard0,LRT_MMUR,42,4640.90,38,0,1,998.5,1408.3,409.7,2,2,82.0,0.0,83.0,186.5,58.2,82.0
2026-09-19 22:29:50,mfsweep_shard0,LRT_MMUR,42,4640.90,39,0,1,1024.8,1262.9,238.1,2,2,72.6,0.0,54.2,111.3,0.0,72.6
2026-09-19 22:29:50,mfsweep_shard0,LRT_MMUR,42,4640.90,40,0,1,1051.1,1427.2,376.1,2,2,76.8,0.0,186.2,89.7,23.3,76.8
2026-09-19 22:29:50,mfsweep_shard0,LRT_MMUR,42,4640.90,41,0,1,1077.4,1680.1,602.7,2,2,55.1,0.0,94.1,90.5,363.0,55.1
2026-09-19 22:29:50,mfsweep_shard0,LRT_MMUR,42,4640.90,42,0,1,1103.7,1651.8,548.2,2,2,61.1,0.0,144.8,80.7,261.6,61.1
2026-09-19 22:29:50,mfsweep_shard0,LRT_MMUR,42,4640.90,43,0,1,1129.9,1494.9,365.0,2,2,63.1,0.0,222.0,79.1,0.8,63.1
2026-09-19 22:29:50,mfsweep_shard0,LRT_MMUR,42,4640.90,44,0,1,1156.2,1638.0,481.8,2,2,56.2,0.0,218.4,148.7,58.4,56.2
2026-09-19 22:29:50,mfsweep_shard0,LRT_MMUR,42,4640.90,45,0,1,1182.5,1661.0,478.5,2,2,61.2,0.1,278.1,133.3,5.8,61.2
2026-09-19 22:29:50,mfsweep_shard0,LRT_MMUR,42,4640.90,46,0,1,1208.8,1904.8,696.1,2,2,56.9,0.1,274.1,160.6,204.3,56.9
2026-09-19 22:29:50,mfsweep_shard0,LRT_MMUR,42,4640.90,47,0,1,1235.0,1633.5,398.4,2,2,62.7,0.0,205.1,77.0,53.5,62.7
2026-09-19 22:29:50,mfsweep_shard0,LRT_MMUR,42,4640.90,48,0,1,1261.3,1595.2,333.9,2,2,74.5,0.0,82.0,141.9,35.4,74.5
2026-09-19 22:29:50,mfsweep_shard0,LRT_MMUR,42,4640.90,49,0,1,1287.6,1768.6,481.0,2,2,65.6,0.0,160.7,225.4,29.3,65.6
2026-09-19 22:29:50,mfsweep_shard0,LRT_MMUR,42,4640.90,50,0,1,1313.9,1689.3,375.4,2,2,65.8,0.0,128.5,149.6,31.5,65.8
2026-09-19 22:29:50,mfsweep_shard0,LRT_MMUR,42,4640.90,51,0,1,1340.2,1699.3,359.1,2,2,60.5,0.0,124.3,109.6,64.8,60.5
2026-09-19 22:29:50,mfsweep_shard0,LRT_MMUR,42,4640.90,52,0,1,1366.4,1830.2,463.8,2,2,62.4,0.0,132.2,174.1,95.0,62.4
2026-09-19 22:29:50,mfsweep_shard0,LRT_MMUR,42,4640.90,53,0,1,1392.7,1752.9,360.2,2,2,84.5,0.0,191.6,79.3,4.9,84.5
2026-09-19 22:29:50,mfsweep_shard0,LRT_MMUR,42,4640.90,54,0,1,1419.0,1736.2,317.3,2,2,74.9,0.0,142.4,99.8,0.0,74.9
2026-09-19 22:29:50,mfsweep_shard0,LRT_MMUR,42,4640.90,55,0,1,1445.3,1848.9,403.7,2,2,73.6,0.0,168.4,68.1,93.5,73.6
2026-09-19 22:29:50,mfsweep_shard0,LRT_MMUR,42,4640.90,56,0,1,1471.5,2200.0,728.4,2,2,59.2,0.0,112.9,141.9,398.7,75.0
2026-09-19 22:29:50,mfsweep_shard0,LRT_MMUR,42,4640.90,57,0,1,1497.8,1890.4,392.6,2,2,77.6,0.0,112.4,202.6,0.0,77.6
2026-09-19 22:29:50,mfsweep_shard0,LRT_MMUR,42,4640.90,58,0,1,1524.1,2024.1,500.0,2,2,58.9,0.0,85.8,355.2,0.0,58.9
2026-09-19 22:29:50,mfsweep_shard0,LRT_MMUR,42,4640.90,59,0,1,1550.4,2101.4,551.0,2,2,66.1,0.0,152.7,293.8,38.5,66.1
2026-09-19 22:29:50,mfsweep_shard0,LRT_MMUR,42,4640.90,60,0,1,1576.6,1998.2,421.5,2,2,86.2,0.0,71.4,200.3,63.6,86.2
2026-09-19 22:29:50,mfsweep_shard0,LRT_MMUR,42,4640.90,61,0,1,1602.9,1938.0,335.1,2,2,74.7,0.0,53.4,197.8,9.2,74.7
2026-09-19 22:29:50,mfsweep_shard0,LRT_MMUR,42,4640.90,62,0,1,1629.2,2097.0,467.8,2,2,71.9,0.0,74.7,140.4,180.7,71.9
2026-09-19 22:29:50,mfsweep_shard0,LRT_MMUR,42,4640.90,63,0,1,1655.5,2092.3,436.8,2,2,76.1,0.0,97.9,225.8,36.9,76.1
2026-09-19 22:29:50,mfsweep_shard0,LRT_MMUR,42,4640.90,64,0,1,1681.8,2298.3,616.5,2,2,81.4,0.0,134.6,202.4,198.1,81.4
2026-09-19 22:29:50,mfsweep_shard0,LRT_MMUR,42,4640.90,65,0,1,1708.0,2047.7,339.6,2,2,79.2,0.0,117.0,85.4,58.1,79.2
2026-09-19 22:29:50,mfsweep_shard0,LRT_MMUR,42,4640.90,66,0,1,1734.3,2219.0,484.7,2,2,61.1,0.0,121.7,72.6,229.3,61.1
2026-09-19 22:29:50,mfsweep_shard0,LRT_MMUR,42,4640.90,67,0,1,1760.6,2848.0,1087.4,2,2,54.6,0.0,169.2,162.2,701.3,54.6
2026-09-19 22:29:50,mfsweep_shard0,LRT_MMUR,42,4640.90,68,0,1,1786.9,2033.4,246.6,2,2,64.0,0.0,101.4,81.1,0.0,64.0
2026-09-19 22:29:50,mfsweep_shard0,LRT_MMUR,42,4640.90,69,0,1,1813.1,2611.3,798.2,2,2,62.4,0.0,138.0,97.2,500.6,62.4
2026-09-19 22:29:50,mfsweep_shard0,LRT_MMUR,42,4640.90,70,0,1,1839.4,2774.5,935.1,2,2,60.5,0.0,133.4,176.8,564.4,60.5
2026-09-19 22:29:50,mfsweep_shard0,LRT_MMUR,42,4640.90,71,0,1,1865.7,2141.4,275.7,2,2,84.7,0.0,44.8,131.4,14.8,84.7
2026-09-19 22:29:50,mfsweep_shard0,LRT_MMUR,42,4640.90,72,0,1,1892.0,2260.1,368.1,2,2,82.5,0.0,81.6,136.9,67.2,82.5
2026-09-19 22:29:50,mfsweep_shard0,LRT_MMUR,42,4640.90,73,0,1,1918.3,2602.7,684.5,2,2,63.9,0.0,141.3,217.7,261.4,63.9
2026-09-19 22:29:50,mfsweep_shard0,LRT_MMUR,42,4640.90,74,0,1,1944.5,2351.5,407.0,2,2,75.2,0.0,144.9,141.3,45.6,75.2
2026-09-19 22:29:50,mfsweep_shard0,LRT_MMUR,42,4640.90,75,0,1,1970.8,2513.4,542.6,2,2,66.6,0.0,141.0,163.1,171.9,66.6
2026-09-19 22:29:50,mfsweep_shard0,LRT_MMUR,42,4640.90,76,0,1,1997.1,2311.1,314.0,2,2,83.7,0.0,75.9,154.3,0.0,83.7
2026-09-19 22:29:50,mfsweep_shard0,LRT_MMUR,42,4640.90,77,0,1,2023.4,2419.1,395.8,2,2,68.7,0.0,128.2,155.6,43.2,68.7
2026-09-19 22:29:50,mfsweep_shard0,LRT_MMUR,42,4640.90,78,0,1,2049.6,2668.5,618.9,2,2,62.3,0.0,146.4,95.9,314.2,62.3
2026-09-19 22:29:50,mfsweep_shard0,LRT_MMUR,42,4640.90,79,0,1,2075.9,2815.6,739.7,2,2,61.7,0.0,138.5,183.3,356.2,61.7
2026-09-19 22:29:50,mfsweep_shard0,LRT_MMUR,42,4640.90,80,0,1,2102.2,2442.7,340.5,2,2,72.1,0.0,99.2,169.2,0.0,72.1
2026-09-19 22:29:50,mfsweep_shard0,LRT_MMUR,42,4640.90,81,0,1,2128.5,2496.8,368.4,2,2,62.2,0.0,175.8,116.4,13.9,62.2
2026-09-19 22:29:50,mfsweep_shard0,LRT_MMUR,42,4640.90,82,0,1,2154.7,2647.1,492.4,2,2,72.8,0.0,137.1,161.4,121.0,72.8
2026-09-19 22:29:50,mfsweep_shard0,LRT_MMUR,42,4640.90,83,0,1,2181.0,2554.4,373.4,2,2,83.2,0.0,105.5,142.7,42.0,83.2
2026-09-19 22:29:50,mfsweep_shard0,LRT_MMUR,42,4640.90,84,0,1,2207.3,3054.6,847.3,2,2,66.7,0.0,143.8,134.6,502.1,66.7
2026-09-19 22:29:50,mfsweep_shard0,LRT_MMUR,42,4640.90,85,0,1,2233.6,3115.8,882.3,2,2,60.8,0.0,153.3,103.4,555.2,70.3
2026-09-19 22:29:50,mfsweep_shard0,LRT_MMUR,42,4640.90,86,0,1,2259.9,2752.1,492.2,2,2,86.5,0.0,126.2,228.6,50.9,86.5
2026-09-19 22:29:50,mfsweep_shard0,LRT_MMUR,42,4640.90,87,0,1,2286.1,2924.9,638.7,2,2,70.4,0.0,88.9,78.7,400.8,70.4
2026-09-19 22:29:50,mfsweep_shard0,LRT_MMUR,42,4640.90,88,0,1,2312.4,3204.9,892.5,2,2,56.5,0.0,93.2,104.4,638.3,56.5
2026-09-19 22:29:50,mfsweep_shard0,LRT_MMUR,42,4640.90,89,0,1,2338.7,3335.9,997.2,2,2,55.1,0.0,226.4,196.8,507.8,66.2
2026-09-19 22:29:50,mfsweep_shard0,LRT_MMUR,42,4640.90,90,0,1,2365.0,3154.2,789.3,2,2,57.2,0.0,116.4,188.9,423.7,60.3
2026-09-19 22:29:50,mfsweep_shard0,LRT_MMUR,42,4640.90,91,0,1,2391.2,2893.2,502.0,2,2,74.3,0.1,180.9,80.2,166.5,74.3
2026-09-19 22:29:50,mfsweep_shard0,LRT_MMUR,42,4640.90,92,0,1,2417.5,2792.9,375.3,2,2,79.7,0.1,116.7,143.4,35.5,79.7
2026-09-19 22:29:50,mfsweep_shard0,LRT_MMUR,42,4640.90,93,0,1,2443.8,2992.7,548.9,2,2,67.5,0.1,124.9,94.0,262.5,67.5
2026-09-19 22:29:50,mfsweep_shard0,LRT_MMUR,42,4640.90,94,0,1,2470.1,3313.9,843.8,2,2,55.6,0.0,172.9,116.6,498.6,55.6
2026-09-19 22:29:50,mfsweep_shard0,LRT_MMUR,42,4640.90,95,0,1,2496.4,3063.8,567.5,2,2,66.1,0.0,133.3,102.3,265.7,66.1
2026-09-19 22:29:50,mfsweep_shard0,LRT_MMUR,42,4640.90,96,0,1,2522.6,2866.1,343.5,2,2,86.4,0.0,117.1,133.5,6.4,86.4
2026-09-19 22:29:50,mfsweep_shard0,LRT_MMUR,42,4640.90,97,0,1,2548.9,3698.8,1149.8,2,2,71.0,0.0,263.9,229.1,585.8,71.0
2026-09-19 22:29:50,mfsweep_shard0,LRT_MMUR,42,4640.90,98,0,1,2575.2,2920.4,345.2,2,2,85.6,0.0,123.0,124.9,11.7,85.6
2026-09-19 22:29:50,mfsweep_shard0,LRT_MMUR,42,4640.90,99,0,1,2601.5,2983.5,382.0,2,2,82.0,0.0,64.5,136.6,99.0,82.0
2026-09-19 22:29:50,mfsweep_shard0,LRT_MMUR,42,4640.90,100,0,1,2627.7,2838.7,210.9,2,2,53.9,0.0,64.4,92.6,0.0,53.9
2026-09-19 22:29:50,mfsweep_shard0,LRT_MMUR,42,4640.90,101,0,1,2654.0,3068.5,414.5,2,2,77.3,0.0,104.8,106.1,126.3,77.3
2026-09-19 22:29:50,mfsweep_shard0,LRT_MMUR,42,4640.90,102,0,1,2680.3,3106.6,426.3,2,2,76.0,0.0,51.2,118.8,180.2,76.0
2026-09-19 22:29:50,mfsweep_shard0,LRT_MMUR,42,4640.90,103,0,1,2706.6,3608.8,902.3,2,2,71.3,0.0,132.1,106.8,592.0,71.3
2026-09-19 22:29:50,mfsweep_shard0,LRT_MMUR,42,4640.90,104,0,1,2732.9,4275.5,1542.6,2,2,62.4,0.0,95.9,147.8,1236.6,62.4
2026-09-19 22:29:50,mfsweep_shard0,LRT_MMUR,42,4640.90,105,0,1,2759.1,3387.0,627.9,2,2,74.7,0.0,223.5,150.8,178.9,74.7
2026-09-19 22:29:50,mfsweep_shard0,LRT_MMUR,42,4640.90,106,0,1,2785.4,4481.4,1696.0,2,2,57.2,0.1,168.5,205.6,1264.6,57.3
2026-09-19 22:29:50,mfsweep_shard0,LRT_MMUR,42,4640.90,107,0,1,2811.7,4129.7,1318.0,2,2,67.9,0.1,131.6,130.2,941.1,115.0
2026-09-19 22:29:50,mfsweep_shard0,LRT_MMUR,42,4640.90,108,0,1,2838.0,3721.0,883.0,2,2,68.5,0.0,93.7,93.9,626.9,68.5
2026-09-19 22:29:50,mfsweep_shard0,LRT_MMUR,42,4640.90,109,0,1,2864.2,3173.5,309.3,2,2,85.0,0.0,97.0,72.6,54.7,85.0
2026-09-19 22:29:50,mfsweep_shard0,LRT_MMUR,42,4640.90,110,0,1,2890.5,3273.6,383.1,2,2,82.4,0.0,160.5,84.6,55.5,82.4
2026-09-19 22:29:50,mfsweep_shard0,LRT_MMUR,42,4640.90,111,0,1,2916.8,3305.3,388.5,2,2,62.2,0.0,172.3,142.0,11.9,62.2
2026-09-19 22:29:50,mfsweep_shard0,LRT_MMUR,42,4640.90,112,0,1,2943.1,3666.4,723.3,2,2,70.1,0.0,169.8,106.8,355.9,90.8
2026-09-19 22:29:50,mfsweep_shard0,LRT_MMUR,42,4640.90,113,0,1,2969.3,4323.8,1354.4,2,2,59.4,0.1,249.5,132.4,913.0,59.4
2026-09-19 22:29:50,mfsweep_shard0,LRT_MMUR,42,4640.90,114,0,1,2995.6,3449.9,454.3,2,2,83.7,0.1,235.1,91.6,43.9,83.7
2026-09-19 22:29:50,mfsweep_shard0,LRT_MMUR,42,4640.90,115,0,1,3021.9,3368.3,346.4,2,2,82.3,0.0,151.0,77.5,35.6,82.3
2026-09-19 22:29:50,mfsweep_shard0,LRT_MMUR,42,4640.90,116,0,1,3048.2,3354.2,306.0,2,2,63.4,0.0,154.5,85.8,2.2,63.4
2026-09-19 22:29:50,mfsweep_shard0,LRT_MMUR,42,4640.90,117,0,1,3074.5,3525.6,451.2,2,2,74.6,0.0,181.4,83.5,111.6,74.6
2026-09-19 22:29:50,mfsweep_shard0,LRT_MMUR,42,4640.90,118,0,1,3100.7,3405.3,304.6,2,2,73.6,0.0,104.3,81.4,45.2,73.6
2026-09-19 22:29:50,mfsweep_shard0,LRT_MMUR,42,4640.90,119,0,1,3127.0,3463.6,336.6,2,2,58.6,0.0,184.3,82.7,11.1,58.6
2026-09-19 22:29:50,mfsweep_shard0,LRT_MMUR,42,4640.90,120,0,1,3153.3,3661.5,508.2,2,2,78.7,0.1,302.5,81.1,45.9,78.7
2026-09-19 22:29:50,mfsweep_shard0,LRT_MMUR,42,4640.90,121,0,1,3179.6,3603.7,424.1,2,2,71.3,0.0,205.7,71.5,75.5,71.3
2026-09-19 22:29:50,mfsweep_shard0,LRT_MMUR,42,4640.90,122,0,1,3205.8,3507.1,301.2,2,2,79.2,0.0,121.0,70.7,30.3,79.2
2026-09-19 22:29:50,mfsweep_shard0,LRT_MMUR,42,4640.90,123,0,1,3232.1,4022.2,790.1,2,2,71.0,0.0,150.0,130.1,439.0,71.0
2026-09-19 22:29:50,mfsweep_shard0,LRT_MMUR,42,4640.90,124,0,1,3258.4,4640.9,1382.5,2,2,53.6,0.0,221.2,248.0,859.7,53.6
2026-09-19 22:29:50,mfsweep_shard0,LRT_MMUR,42,4640.90,125,0,1,3284.7,4179.5,894.8,2,2,64.2,0.0,60.4,162.1,608.1,64.2
2026-09-19 22:29:50,mfsweep_shard0,LRT_MMUR,42,4640.90,126,0,1,3311.0,4602.9,1292.0,2,2,54.2,0.1,145.2,223.5,869.0,54.2
2026-09-19 22:29:50,mfsweep_shard0,LRT_MMUR,42,4640.90,127,0,1,3337.2,3833.3,496.1,2,2,84.2,0.0,141.6,166.2,104.0,84.2
2026-09-19 22:29:50,mfsweep_shard0,LRT_MMUR,42,4640.90,128,0,1,3363.5,3900.3,536.8,2,2,82.5,0.0,98.9,268.4,86.9,82.5
2026-09-19 22:29:50,mfsweep_shard0,LRT_MMUR,42,4640.90,129,0,1,3389.8,3966.8,577.0,2,2,81.0,0.0,45.4,180.0,270.6,81.0
2026-09-19 22:29:50,mfsweep_shard0,LRT_MMUR,42,4640.90,130,0,1,3416.1,4227.6,811.5,2,2,63.7,0.0,56.3,196.1,495.4,63.7
2026-09-19 22:29:50,mfsweep_shard0,LRT_MMUR,42,4640.90,131,0,1,3442.3,4563.2,1120.9,2,2,55.5,0.1,214.1,200.6,650.6,55.5
2026-09-19 22:29:50,mfsweep_shard0,LRT_MMUR,42,4640.90,132,0,1,3468.6,3739.1,270.5,2,2,82.5,0.0,99.0,77.2,11.8,82.5
2026-09-19 22:29:50,mfsweep_shard0,LRT_MMUR,42,4640.90,133,0,1,3494.9,3782.9,288.0,2,2,84.8,0.0,119.6,75.1,8.4,84.8
2026-09-19 22:29:50,mfsweep_shard0,LRT_MMUR,42,4640.90,134,0,1,3521.2,4523.3,1002.2,2,2,56.4,0.1,195.0,121.5,629.2,56.4
2026-09-19 22:29:50,mfsweep_shard0,LRT_MMUR,42,4640.90,135,0,1,3547.5,4077.4,529.9,2,2,69.6,0.0,139.6,90.8,230.0,69.6
2026-09-19 22:29:50,mfsweep_shard0,LRT_MMUR,42,4640.90,136,0,1,3573.7,4439.8,866.1,2,2,55.8,0.1,178.2,130.6,501.3,55.8
2026-09-19 22:34:46,mfsweep_shard0,LRT_MMUR,43,5467.00,0,0,1,0.0,203.4,203.4,2,2,74.6,0.0,59.6,69.2,0.0,74.6
2026-09-19 22:34:46,mfsweep_shard0,LRT_MMUR,43,5467.00,1,0,1,26.3,266.0,239.7,2,2,54.4,0.0,66.4,82.9,36.0,54.4
2026-09-19 22:34:46,mfsweep_shard0,LRT_MMUR,43,5467.00,2,0,1,52.6,247.9,195.4,2,2,62.6,0.0,60.8,71.9,0.0,62.6
2026-09-19 22:34:46,mfsweep_shard0,LRT_MMUR,43,5467.00,3,0,1,78.8,444.3,365.5,2,2,60.9,0.0,115.1,154.5,19.9,75.9
2026-09-19 22:34:46,mfsweep_shard0,LRT_MMUR,43,5467.00,4,0,1,105.1,315.8,210.6,2,2,77.8,0.0,60.8,72.0,0.0,77.8
2026-09-19 22:34:46,mfsweep_shard0,LRT_MMUR,43,5467.00,5,0,1,131.4,502.7,371.3,2,2,75.9,0.0,85.5,133.6,45.8,106.4
2026-09-19 22:34:46,mfsweep_shard0,LRT_MMUR,43,5467.00,6,0,1,157.7,557.1,399.4,2,2,83.0,0.1,99.5,141.4,75.5,83.0
2026-09-19 22:34:46,mfsweep_shard0,LRT_MMUR,43,5467.00,7,0,1,183.9,419.1,235.2,2,2,56.4,0.0,54.7,124.0,0.0,56.4
2026-09-19 22:34:46,mfsweep_shard0,LRT_MMUR,43,5467.00,8,0,1,210.2,606.2,396.0,2,2,67.5,0.0,109.7,152.1,66.7,67.5
2026-09-19 22:34:46,mfsweep_shard0,LRT_MMUR,43,5467.00,9,0,1,236.5,679.7,443.2,2,2,54.5,0.0,72.1,66.7,249.9,54.5
2026-09-19 22:34:46,mfsweep_shard0,LRT_MMUR,43,5467.00,10,0,1,262.8,642.5,379.7,2,2,60.8,0.0,79.7,71.1,168.1,60.8
2026-09-19 22:34:46,mfsweep_shard0,LRT_MMUR,43,5467.00,11,0,1,289.1,588.5,299.4,2,2,70.2,0.0,148.8,80.4,0.0,70.2
2026-09-19 22:34:46,mfsweep_shard0,LRT_MMUR,43,5467.00,12,0,1,315.3,561.8,246.5,2,2,54.4,0.0,104.6,87.4,0.0,54.4
2026-09-19 22:34:46,mfsweep_shard0,LRT_MMUR,43,5467.00,13,0,1,341.6,620.0,278.4,2,2,60.1,0.0,89.4,100.2,28.7,60.1
2026-09-19 22:34:46,mfsweep_shard0,LRT_MMUR,43,5467.00,14,0,1,367.9,693.6,325.7,2,2,75.0,0.0,107.2,136.6,6.9,75.0
2026-09-19 22:34:46,mfsweep_shard0,LRT_MMUR,43,5467.00,15,0,1,394.2,791.5,397.4,2,2,71.5,0.0,79.8,93.4,152.6,71.5
2026-09-19 22:34:46,mfsweep_shard0,LRT_MMUR,43,5467.00,16,0,1,420.4,856.1,435.7,2,2,60.8,0.0,172.4,79.1,123.3,60.8
2026-09-19 22:34:46,mfsweep_shard0,LRT_MMUR,43,5467.00,17,0,1,446.7,796.3,349.6,2,2,73.0,0.0,123.4,100.1,53.1,73.0
2026-09-19 22:34:46,mfsweep_shard0,LRT_MMUR,43,5467.00,18,0,1,473.0,809.3,336.3,2,2,80.3,0.0,85.4,170.7,0.0,80.3
2026-09-19 22:34:46,mfsweep_shard0,LRT_MMUR,43,5467.00,19,0,1,499.3,3905.7,3406.4,2,2,53.8,44.1,350.7,489.2,2468.7,53.8
2026-09-19 22:34:46,mfsweep_shard0,LRT_MMUR,43,5467.00,20,0,1,525.6,1315.9,790.4,2,2,80.1,0.0,181.6,335.0,140.5,133.2
2026-09-19 22:34:46,mfsweep_shard0,LRT_MMUR,43,5467.00,21,0,1,551.8,1342.1,790.3,2,2,76.6,0.1,186.1,324.6,202.9,76.6
2026-09-19 22:34:46,mfsweep_shard0,LRT_MMUR,43,5467.00,22,0,1,578.1,3736.6,3158.5,2,2,64.8,0.2,484.0,366.9,2242.6,64.8
2026-09-19 22:34:46,mfsweep_shard0,LRT_MMUR,43,5467.00,23,0,1,604.4,863.2,258.8,2,2,58.7,0.0,90.7,72.0,37.3,58.7
2026-09-19 22:34:46,mfsweep_shard0,LRT_MMUR,43,5467.00,24,0,1,630.7,1148.2,517.6,2,2,85.1,0.1,202.5,127.7,102.1,85.1
2026-09-19 22:34:46,mfsweep_shard0,LRT_MMUR,43,5467.00,25,0,1,656.9,3796.5,3139.6,2,2,64.7,0.3,559.2,442.3,2073.1,64.7
2026-09-19 22:34:46,mfsweep_shard0,LRT_MMUR,43,5467.00,26,0,1,683.2,2965.3,2282.1,2,2,56.6,0.3,361.6,331.8,1531.8,56.6
2026-09-19 22:34:46,mfsweep_shard0,LRT_MMUR,43,5467.00,27,0,1,709.5,1031.3,321.8,2,2,56.7,0.0,144.3,120.8,0.0,56.7
2026-09-19 22:34:46,mfsweep_shard0,LRT_MMUR,43,5467.00,28,0,1,735.8,1106.4,370.6,2,2,81.5,0.2,178.6,107.8,2.6,81.5
2026-09-19 22:34:46,mfsweep_shard0,LRT_MMUR,43,5467.00,29,0,1,762.0,1205.6,443.6,2,2,73.5,0.0,91.7,278.3,0.0,73.5
2026-09-19 22:34:46,mfsweep_shard0,LRT_MMUR,43,5467.00,30,0,1,788.3,1153.1,364.8,2,2,80.2,0.0,74.9,111.1,98.6,80.2
2026-09-19 22:34:46,mfsweep_shard0,LRT_MMUR,43,5467.00,31,0,1,814.6,1408.9,594.3,2,2,77.6,0.1,187.3,241.1,68.4,97.3
2026-09-19 22:34:46,mfsweep_shard0,LRT_MMUR,43,5467.00,32,0,1,840.9,1325.3,484.4,2,2,71.2,0.0,180.6,182.8,49.8,71.2
2026-09-19 22:34:46,mfsweep_shard0,LRT_MMUR,43,5467.00,33,0,1,867.2,1563.5,696.4,2,2,85.7,0.0,191.0,315.4,61.9,128.1
2026-09-19 22:34:46,mfsweep_shard0,LRT_MMUR,43,5467.00,34,0,1,893.4,2255.7,1362.2,2,2,66.0,0.1,200.1,348.3,711.8,101.9
2026-09-19 22:34:46,mfsweep_shard0,LRT_MMUR,43,5467.00,35,0,1,919.7,1984.9,1065.1,2,2,71.8,0.1,137.0,255.6,600.7,71.8
2026-09-19 22:34:46,mfsweep_shard0,LRT_MMUR,43,5467.00,36,0,1,946.0,1467.3,521.3,2,2,80.9,0.1,92.1,263.2,85.0,80.9
2026-09-19 22:34:46,mfsweep_shard0,LRT_MMUR,43,5467.00,37,0,1,972.3,1702.2,729.9,2,2,74.0,0.1,173.5,261.1,221.2,74.0
2026-09-19 22:34:46,mfsweep_shard0,LRT_MMUR,43,5467.00,38,0,1,998.5,1430.8,432.3,2,2,82.0,0.0,108.7,241.5,0.0,82.0
2026-09-19 22:34:46,mfsweep_shard0,LRT_MMUR,43,5467.00,39,0,1,1024.8,1933.8,909.0,2,2,72.6,0.1,217.7,207.7,410.9,72.6
2026-09-19 22:34:46,mfsweep_shard0,LRT_MMUR,43,5467.00,40,0,1,1051.1,1630.9,579.8,2,2,76.8,0.1,174.4,164.4,164.0,76.8
2026-09-19 22:34:46,mfsweep_shard0,LRT_MMUR,43,5467.00,41,0,1,1077.4,4742.0,3664.7,2,2,55.1,94.8,684.3,394.0,2436.5,55.1
2026-09-19 22:34:46,mfsweep_shard0,LRT_MMUR,43,5467.00,42,0,1,1103.7,3300.0,2196.4,2,2,61.1,0.2,439.9,322.6,1372.5,61.1
2026-09-19 22:34:46,mfsweep_shard0,LRT_MMUR,43,5467.00,43,0,1,1129.9,3183.4,2053.5,2,2,63.1,0.3,334.3,321.5,1334.3,63.1
2026-09-19 22:34:46,mfsweep_shard0,LRT_MMUR,43,5467.00,44,0,1,1156.2,5228.5,4072.3,2,2,56.2,95.0,578.1,347.0,2996.1,56.2
2026-09-19 22:34:46,mfsweep_shard0,LRT_MMUR,43,5467.00,45,0,1,1182.5,3948.9,2766.4,2,2,61.2,44.5,381.9,269.8,2008.9,61.2
2026-09-19 22:34:46,mfsweep_shard0,LRT_MMUR,43,5467.00,46,0,1,1208.8,5146.0,3937.3,2,2,56.9,95.1,677.5,413.2,2694.5,56.9
2026-09-19 22:34:46,mfsweep_shard0,LRT_MMUR,43,5467.00,47,0,1,1235.0,1594.6,359.6,2,2,62.7,0.0,115.7,133.1,48.0,62.7
2026-09-19 22:34:46,mfsweep_shard0,LRT_MMUR,43,5467.00,48,0,1,1261.3,1585.5,324.2,2,2,74.5,0.0,89.0,160.7,0.0,74.5
2026-09-19 22:34:46,mfsweep_shard0,LRT_MMUR,43,5467.00,49,0,1,1287.6,2218.7,931.1,2,2,65.6,0.2,205.0,281.3,379.0,65.6
2026-09-19 22:34:46,mfsweep_shard0,LRT_MMUR,43,5467.00,50,0,1,1313.9,3695.8,2381.9,2,2,65.8,0.6,428.0,384.8,1452.7,115.8
2026-09-19 22:34:46,mfsweep_shard0,LRT_MMUR,43,5467.00,51,0,1,1340.2,5018.4,3678.2,2,2,60.5,95.3,884.7,452.7,2185.0,60.5
2026-09-19 22:34:46,mfsweep_shard0,LRT_MMUR,43,5467.00,52,0,1,1366.4,3823.7,2457.3,2,2,62.4,0.8,614.8,383.5,1395.9,62.4
2026-09-19 22:34:46,mfsweep_shard0,LRT_MMUR,43,5467.00,53,0,1,1392.7,1770.4,377.7,2,2,84.5,0.1,127.9,136.7,28.5,84.5
2026-09-19 22:34:46,mfsweep_shard0,LRT_MMUR,43,5467.00,54,0,1,1419.0,1725.2,306.2,2,2,74.9,0.0,115.3,116.0,0.0,74.9
2026-09-19 22:34:46,mfsweep_shard0,LRT_MMUR,43,5467.00,55,0,1,1445.3,1885.8,440.6,2,2,73.6,0.1,80.4,109.4,176.9,73.6
2026-09-19 22:34:46,mfsweep_shard0,LRT_MMUR,43,5467.00,56,0,1,1471.5,5062.0,3590.4,2,2,59.2,95.4,662.5,312.3,2460.9,59.2
2026-09-19 22:34:46,mfsweep_shard0,LRT_MMUR,43,5467.00,57,0,1,1497.8,1860.6,362.8,2,2,77.6,0.0,77.3,132.6,75.3,77.6
2026-09-19 22:34:46,mfsweep_shard0,LRT_MMUR,43,5467.00,58,0,1,1524.1,2503.6,979.5,2,2,58.9,0.0,121.1,232.3,567.2,58.9
2026-09-19 22:34:46,mfsweep_shard0,LRT_MMUR,43,5467.00,59,0,1,1550.4,2227.9,677.5,2,2,66.1,0.0,83.1,214.3,314.0,66.1
2026-09-19 22:34:46,mfsweep_shard0,LRT_MMUR,43,5467.00,60,0,1,1576.6,1899.1,322.4,2,2,86.2,0.0,136.6,99.6,0.0,86.2
2026-09-19 22:34:46,mfsweep_shard0,LRT_MMUR,43,5467.00,61,0,1,1602.9,1943.2,340.3,2,2,74.7,0.0,112.8,97.5,55.3,74.7
2026-09-19 22:34:46,mfsweep_shard0,LRT_MMUR,43,5467.00,62,0,1,1629.2,2181.5,552.3,2,2,71.9,0.0,175.3,85.8,219.2,71.9
2026-09-19 22:34:46,mfsweep_shard0,LRT_MMUR,43,5467.00,63,0,1,1655.5,2097.1,441.6,2,2,76.1,0.0,85.8,95.4,184.2,76.1
2026-09-19 22:34:46,mfsweep_shard0,LRT_MMUR,43,5467.00,64,0,1,1681.8,2006.8,325.0,2,2,81.4,0.0,112.2,96.5,35.0,81.4
2026-09-19 22:34:46,mfsweep_shard0,LRT_MMUR,43,5467.00,65,0,1,1708.0,2059.8,351.7,2,2,79.2,0.0,128.9,79.6,64.1,79.2
2026-09-19 22:34:46,mfsweep_shard0,LRT_MMUR,43,5467.00,66,0,1,1734.3,2409.5,675.2,2,2,61.1,0.0,104.2,148.7,361.2,61.1
2026-09-19 22:34:46,mfsweep_shard0,LRT_MMUR,43,5467.00,67,0,1,1760.6,2521.5,760.9,2,2,54.6,0.0,81.6,164.7,460.0,54.6
2026-09-19 22:34:46,mfsweep_shard0,LRT_MMUR,43,5467.00,68,0,1,1786.9,2282.6,495.7,2,2,64.0,0.0,90.9,123.8,217.1,64.0
2026-09-19 22:34:46,mfsweep_shard0,LRT_MMUR,43,5467.00,69,0,1,1813.1,2332.3,519.2,2,2,62.4,0.0,86.2,120.1,250.4,62.4
2026-09-19 22:34:46,mfsweep_shard0,LRT_MMUR,43,5467.00,70,0,1,1839.4,2486.2,646.8,2,2,60.5,0.0,109.7,164.6,312.0,60.5
2026-09-19 22:34:46,mfsweep_shard0,LRT_MMUR,43,5467.00,71,0,1,1865.7,2160.0,294.3,2,2,84.7,0.0,104.7,104.9,0.0,84.7
2026-09-19 22:34:46,mfsweep_shard0,LRT_MMUR,43,5467.00,72,0,1,1892.0,2390.7,498.7,2,2,82.5,0.0,191.6,202.5,22.1,82.5
2026-09-19 22:34:46,mfsweep_shard0,LRT_MMUR,43,5467.00,73,0,1,1918.3,2996.0,1077.7,2,2,63.9,0.3,237.6,296.5,479.5,63.9
2026-09-19 22:34:46,mfsweep_shard0,LRT_MMUR,43,5467.00,74,0,1,1944.5,2468.3,523.7,2,2,75.2,0.0,22.2,362.4,63.8,75.2
2026-09-19 22:34:46,mfsweep_shard0,LRT_MMUR,43,5467.00,75,0,1,1970.8,3046.5,1075.7,2,2,66.6,0.3,275.8,255.7,477.3,66.6
2026-09-19 22:34:46,mfsweep_shard0,LRT_MMUR,43,5467.00,76,0,1,1997.1,2450.0,452.9,2,2,83.7,0.0,109.5,246.5,13.1,83.7
2026-09-19 22:34:46,mfsweep_shard0,LRT_MMUR,43,5467.00,77,0,1,2023.4,3096.8,1073.5,2,2,68.7,0.4,318.3,300.7,384.1,70.0
2026-09-19 22:34:46,mfsweep_shard0,LRT_MMUR,43,5467.00,78,0,1,2049.6,3254.9,1205.2,2,2,62.3,0.4,318.4,289.1,535.1,62.3
2026-09-19 22:34:46,mfsweep_shard0,LRT_MMUR,43,5467.00,79,0,1,2075.9,3013.2,937.3,2,2,61.7,0.4,175.6,332.5,367.1,61.7
2026-09-19 22:34:46,mfsweep_shard0,LRT_MMUR,43,5467.00,80,0,1,2102.2,2534.1,431.9,2,2,72.1,0.0,59.9,261.3,38.6,72.1
2026-09-19 22:34:46,mfsweep_shard0,LRT_MMUR,43,5467.00,81,0,1,2128.5,4932.9,2804.4,2,2,62.2,95.3,838.1,189.8,1619.0,62.2
2026-09-19 22:34:46,mfsweep_shard0,LRT_MMUR,43,5467.00,82,0,1,2154.7,2717.3,562.6,2,2,72.8,0.0,166.8,157.2,165.7,72.8
2026-09-19 22:34:46,mfsweep_shard0,LRT_MMUR,43,5467.00,83,0,1,2181.0,2682.8,501.8,2,2,83.2,0.0,147.4,154.8,116.3,83.2
2026-09-19 22:34:46,mfsweep_shard0,LRT_MMUR,43,5467.00,84,0,1,2207.3,3155.6,948.3,2,2,66.7,0.4,358.9,291.1,231.2,66.7
2026-09-19 22:34:46,mfsweep_shard0,LRT_MMUR,43,5467.00,85,0,1,2233.6,4971.8,2738.2,2,2,60.8,95.4,554.3,184.8,1842.8,60.8
2026-09-19 22:34:46,mfsweep_shard0,LRT_MMUR,43,5467.00,86,0,1,2259.9,2594.0,334.1,2,2,86.5,0.0,73.6,153.0,21.1,86.5
2026-09-19 22:34:46,mfsweep_shard0,LRT_MMUR,43,5467.00,87,0,1,2286.1,2584.6,298.4,2,2,70.4,0.0,84.4,143.6,0.0,70.4
2026-09-19 22:34:46,mfsweep_shard0,LRT_MMUR,43,5467.00,88,0,1,2312.4,2616.5,304.0,2,2,56.5,0.0,112.2,135.3,0.0,56.5
2026-09-19 22:34:46,mfsweep_shard0,LRT_MMUR,43,5467.00,89,0,1,2338.7,2675.1,336.4,2,2,55.1,0.0,99.9,161.8,19.5,55.1
2026-09-19 22:34:46,mfsweep_shard0,LRT_MMUR,43,5467.00,90,0,1,2365.0,2817.4,452.5,2,2,57.2,0.0,232.2,144.9,18.2,57.2
2026-09-19 22:34:46,mfsweep_shard0,LRT_MMUR,43,5467.00,91,0,1,2391.2,2822.2,431.0,2,2,74.3,0.0,120.1,197.4,39.1,74.3
2026-09-19 22:34:46,mfsweep_shard0,LRT_MMUR,43,5467.00,92,0,1,2417.5,2827.9,410.4,2,2,79.7,0.0,163.9,138.4,28.4,79.7
2026-09-19 22:34:46,mfsweep_shard0,LRT_MMUR,43,5467.00,93,0,1,2443.8,2884.6,440.8,2,2,67.5,0.0,113.2,139.9,120.1,67.5
2026-09-19 22:34:46,mfsweep_shard0,LRT_MMUR,43,5467.00,94,0,1,2470.1,5310.0,2839.9,2,2,55.6,95.1,549.4,243.0,1896.8,55.6
2026-09-19 22:34:46,mfsweep_shard0,LRT_MMUR,43,5467.00,95,0,1,2496.4,3314.1,817.7,2,2,66.1,0.3,272.7,204.4,263.6,76.8
2026-09-19 22:34:46,mfsweep_shard0,LRT_MMUR,43,5467.00,96,0,1,2522.6,3286.5,763.9,2,2,86.4,0.0,350.1,283.9,43.4,86.4
2026-09-19 22:34:46,mfsweep_shard0,LRT_MMUR,43,5467.00,97,0,1,2548.9,3585.8,1036.9,2,2,71.0,0.0,466.7,232.1,252.0,86.0
2026-09-19 22:34:46,mfsweep_shard0,LRT_MMUR,43,5467.00,98,0,1,2575.2,3165.3,590.1,2,2,85.6,0.0,126.1,344.0,34.4,85.6
2026-09-19 22:34:46,mfsweep_shard0,LRT_MMUR,43,5467.00,99,0,1,2601.5,3440.0,838.5,2,2,82.0,0.3,467.2,225.7,63.3,82.0
2026-09-19 22:34:46,mfsweep_shard0,LRT_MMUR,43,5467.00,100,0,1,2627.7,5429.0,2801.3,2,2,53.9,95.2,455.8,163.5,2032.8,53.9
2026-09-19 22:34:46,mfsweep_shard0,LRT_MMUR,43,5467.00,101,0,1,2654.0,3309.4,655.4,2,2,77.3,0.0,422.1,155.0,1.0,77.3
2026-09-19 22:34:46,mfsweep_shard0,LRT_MMUR,43,5467.00,102,0,1,2680.3,3468.6,788.3,2,2,76.0,0.0,394.3,247.6,70.3,76.0
2026-09-19 22:34:46,mfsweep_shard0,LRT_MMUR,43,5467.00,103,0,1,2706.6,3211.5,504.9,2,2,71.3,0.0,255.5,166.1,12.0,71.3
2026-09-19 22:34:46,mfsweep_shard0,LRT_MMUR,43,5467.00,104,0,1,2732.9,4572.1,1839.2,2,2,62.4,44.3,435.1,179.4,1086.9,93.5
2026-09-19 22:34:46,mfsweep_shard0,LRT_MMUR,43,5467.00,105,0,1,2759.1,3532.2,773.1,2,2,74.7,0.0,396.8,206.0,95.6,74.7
2026-09-19 22:34:46,mfsweep_shard0,LRT_MMUR,43,5467.00,106,0,1,2785.4,5104.7,2319.3,2,2,57.2,95.0,567.7,263.2,1336.2,57.2
2026-09-19 22:34:46,mfsweep_shard0,LRT_MMUR,43,5467.00,107,0,1,2811.7,3655.9,844.2,2,2,67.9,0.0,399.2,237.2,139.9,67.9
2026-09-19 22:34:46,mfsweep_shard0,LRT_MMUR,43,5467.00,108,0,1,2838.0,4378.5,1540.5,2,2,68.5,44.4,506.2,181.3,740.1,68.5
2026-09-19 22:34:46,mfsweep_shard0,LRT_MMUR,43,5467.00,109,0,1,2864.2,3396.4,532.2,2,2,85.0,0.0,239.9,149.8,57.5,85.0
2026-09-19 22:34:46,mfsweep_shard0,LRT_MMUR,43,5467.00,110,0,1,2890.5,3352.3,461.7,2,2,82.4,0.0,259.5,114.4,5.4,82.4
2026-09-19 22:34:46,mfsweep_shard0,LRT_MMUR,43,5467.00,111,0,1,2916.8,4919.2,2002.4,2,2,62.2,95.0,511.0,260.3,1039.9,96.2
2026-09-19 22:34:46,mfsweep_shard0,LRT_MMUR,43,5467.00,112,0,1,2943.1,4270.4,1327.3,2,2,70.1,44.5,295.7,162.3,754.8,70.1
2026-09-19 22:34:46,mfsweep_shard0,LRT_MMUR,43,5467.00,113,0,1,2969.3,4845.4,1876.1,2,2,59.4,95.1,462.3,260.1,999.1,59.4
2026-09-19 22:34:46,mfsweep_shard0,LRT_MMUR,43,5467.00,114,0,1,2995.6,3478.0,482.4,2,2,83.7,0.0,185.2,123.7,89.8,83.7
2026-09-19 22:34:46,mfsweep_shard0,LRT_MMUR,43,5467.00,115,0,1,3021.9,3554.9,533.0,2,2,82.3,0.0,232.2,176.8,41.8,82.3
2026-09-19 22:34:46,mfsweep_shard0,LRT_MMUR,43,5467.00,116,0,1,3048.2,4524.2,1476.0,2,2,63.4,44.6,276.8,205.7,885.4,63.4
2026-09-19 22:34:46,mfsweep_shard0,LRT_MMUR,43,5467.00,117,0,1,3074.5,3732.1,657.6,2,2,74.6,0.0,180.5,80.4,322.1,74.6
2026-09-19 22:34:46,mfsweep_shard0,LRT_MMUR,43,5467.00,118,0,1,3100.7,3801.3,700.5,2,2,73.6,0.0,173.3,155.8,297.8,73.6
2026-09-19 22:34:46,mfsweep_shard0,LRT_MMUR,43,5467.00,119,0,1,3127.0,4896.4,1769.4,2,2,58.6,95.2,330.6,204.6,1080.4,58.6
2026-09-19 22:34:46,mfsweep_shard0,LRT_MMUR,43,5467.00,120,0,1,3153.3,3674.1,520.8,2,2,78.7,0.0,117.4,127.7,196.9,78.7
2026-09-19 22:34:46,mfsweep_shard0,LRT_MMUR,43,5467.00,121,0,1,3179.6,4214.8,1035.2,2,2,71.3,44.6,165.0,230.8,510.6,84.1
2026-09-19 22:34:46,mfsweep_shard0,LRT_MMUR,43,5467.00,122,0,1,3205.8,3623.1,417.3,2,2,79.2,0.0,187.8,143.1,7.1,79.2
2026-09-19 22:34:46,mfsweep_shard0,LRT_MMUR,43,5467.00,123,0,1,3232.1,4104.7,872.5,2,2,71.0,44.7,314.9,206.7,235.3,71.0
2026-09-19 22:34:46,mfsweep_shard0,LRT_MMUR,43,5467.00,124,0,1,3258.4,5467.0,2208.6,2,2,53.6,95.3,231.9,306.6,1521.1,53.6
2026-09-19 22:34:46,mfsweep_shard0,LRT_MMUR,43,5467.00,125,0,1,3284.7,4427.1,1142.4,2,2,64.2,44.7,187.1,182.2,664.1,64.2
2026-09-19 22:34:46,mfsweep_shard0,LRT_MMUR,43,5467.00,126,0,1,3311.0,5389.6,2078.6,2,2,54.2,95.5,380.7,186.7,1361.6,54.2
2026-09-19 22:34:46,mfsweep_shard0,LRT_MMUR,43,5467.00,127,0,1,3337.2,3749.0,411.8,2,2,84.2,0.0,160.1,137.9,29.5,84.2
2026-09-19 22:34:46,mfsweep_shard0,LRT_MMUR,43,5467.00,128,0,1,3363.5,3786.8,423.3,2,2,82.5,0.0,104.4,166.3,70.0,82.5
2026-09-19 22:34:46,mfsweep_shard0,LRT_MMUR,43,5467.00,129,0,1,3389.8,3719.3,329.5,2,2,81.0,0.0,84.8,163.7,0.0,81.0
2026-09-19 22:34:46,mfsweep_shard0,LRT_MMUR,43,5467.00,130,0,1,3416.1,4476.4,1060.3,2,2,63.7,44.9,256.2,101.9,593.6,63.7
2026-09-19 22:34:46,mfsweep_shard0,LRT_MMUR,43,5467.00,131,0,1,3442.3,5351.0,1908.6,2,2,55.5,95.6,423.2,146.4,1188.0,55.5
2026-09-19 22:34:46,mfsweep_shard0,LRT_MMUR,43,5467.00,132,0,1,3468.6,4159.1,690.5,2,2,82.5,45.0,321.0,113.0,128.9,82.5
2026-09-19 22:34:46,mfsweep_shard0,LRT_MMUR,43,5467.00,133,0,1,3494.9,4109.4,614.5,2,2,84.8,44.8,263.9,162.6,53.3,90.0
2026-09-19 22:34:46,mfsweep_shard0,LRT_MMUR,43,5467.00,134,0,1,3521.2,5188.0,1666.8,2,2,56.4,95.7,334.2,216.9,963.7,56.4
2026-09-19 22:34:46,mfsweep_shard0,LRT_MMUR,43,5467.00,135,0,1,3547.5,4324.4,776.9,2,2,69.6,44.7,221.2,190.1,251.3,69.6
2026-09-19 22:34:46,mfsweep_shard0,LRT_MMUR,43,5467.00,136,0,1,3573.7,5269.9,1696.2,2,2,55.8,95.9,351.8,162.5,1030.2,55.8
2026-09-19 22:39:15,mfsweep_shard0,LRT_MMUR,44,5164.34,0,0,1,0.0,214.0,214.0,2,2,74.6,0.0,58.4,80.9,0.0,74.6
2026-09-19 22:39:15,mfsweep_shard0,LRT_MMUR,44,5164.34,1,0,1,26.3,253.2,227.0,2,2,54.4,0.0,65.3,70.2,37.0,54.4
2026-09-19 22:39:15,mfsweep_shard0,LRT_MMUR,44,5164.34,2,0,1,52.6,291.5,239.0,2,2,62.6,0.0,59.6,116.7,0.0,62.6
2026-09-19 22:39:15,mfsweep_shard0,LRT_MMUR,44,5164.34,3,0,1,78.8,329.5,250.7,2,2,60.9,0.0,49.9,126.3,13.5,60.9
2026-09-19 22:39:15,mfsweep_shard0,LRT_MMUR,44,5164.34,4,0,1,105.1,298.4,193.2,2,2,77.8,0.0,42.1,73.3,0.0,77.8
2026-09-19 22:39:15,mfsweep_shard0,LRT_MMUR,44,5164.34,5,0,1,131.4,464.4,333.0,2,2,75.9,0.0,111.0,116.6,21.6,83.8
2026-09-19 22:39:15,mfsweep_shard0,LRT_MMUR,44,5164.34,6,0,1,157.7,393.5,235.9,2,2,83.0,0.0,79.0,73.8,0.0,83.0
2026-09-19 22:39:15,mfsweep_shard0,LRT_MMUR,44,5164.34,7,0,1,183.9,605.4,421.5,2,2,56.4,0.0,99.1,90.1,153.2,79.0
2026-09-19 22:39:15,mfsweep_shard0,LRT_MMUR,44,5164.34,8,0,1,210.2,500.8,290.6,2,2,67.5,0.0,60.4,78.4,84.3,67.5
2026-09-19 22:39:15,mfsweep_shard0,LRT_MMUR,44,5164.34,9,0,1,236.5,949.8,713.3,2,2,54.5,0.1,183.4,113.9,343.3,72.6
2026-09-19 22:39:15,mfsweep_shard0,LRT_MMUR,44,5164.34,10,0,1,262.8,561.3,298.6,2,2,60.8,0.0,56.6,151.4,29.7,60.8
2026-09-19 22:39:15,mfsweep_shard0,LRT_MMUR,44,5164.34,11,0,1,289.1,515.0,226.0,2,2,70.2,0.0,53.9,96.2,5.7,70.2
2026-09-19 22:39:15,mfsweep_shard0,LRT_MMUR,44,5164.34,12,0,1,315.3,983.3,668.0,2,2,54.4,0.0,80.3,126.3,406.9,54.4
2026-09-19 22:39:15,mfsweep_shard0,LRT_MMUR,44,5164.34,13,0,1,341.6,557.0,215.4,2,2,60.1,0.0,49.4,87.1,18.9,60.1
2026-09-19 22:39:15,mfsweep_shard0,LRT_MMUR,44,5164.34,14,0,1,367.9,879.7,511.8,2,2,75.0,0.1,135.6,142.0,105.7,128.5
2026-09-19 22:39:15,mfsweep_shard0,LRT_MMUR,44,5164.34,15,0,1,394.2,632.2,238.0,2,2,71.5,0.0,76.1,90.4,0.0,71.5
2026-09-19 22:39:15,mfsweep_shard0,LRT_MMUR,44,5164.34,16,0,1,420.4,918.5,498.1,2,2,60.8,0.0,80.4,74.0,282.9,60.8
2026-09-19 22:39:15,mfsweep_shard0,LRT_MMUR,44,5164.34,17,0,1,446.7,692.6,245.9,2,2,73.0,0.0,73.0,89.8,10.0,73.0
2026-09-19 22:39:15,mfsweep_shard0,LRT_MMUR,44,5164.34,18,0,1,473.0,739.1,266.1,2,2,80.3,0.0,84.0,72.9,28.9,80.3
2026-09-19 22:39:15,mfsweep_shard0,LRT_MMUR,44,5164.34,19,0,1,499.3,1061.6,562.3,2,2,53.8,0.0,111.0,111.9,285.6,53.8
2026-09-19 22:39:15,mfsweep_shard0,LRT_MMUR,44,5164.34,20,0,1,525.6,793.4,267.9,2,2,80.1,0.0,97.3,84.4,6.0,80.1
2026-09-19 22:39:15,mfsweep_shard0,LRT_MMUR,44,5164.34,21,0,1,551.8,779.0,227.2,2,2,76.6,0.0,45.6,105.0,0.0,76.6
2026-09-19 22:39:15,mfsweep_shard0,LRT_MMUR,44,5164.34,22,0,1,578.1,833.8,255.7,2,2,64.8,0.0,62.4,79.8,48.7,64.8
2026-09-19 22:39:15,mfsweep_shard0,LRT_MMUR,44,5164.34,23,0,1,604.4,884.5,280.1,2,2,58.7,0.0,57.8,94.9,68.7,58.7
2026-09-19 22:39:15,mfsweep_shard0,LRT_MMUR,44,5164.34,24,0,1,630.7,954.6,324.0,2,2,85.1,0.0,75.4,147.1,16.3,85.1
2026-09-19 22:39:15,mfsweep_shard0,LRT_MMUR,44,5164.34,25,0,1,656.9,3365.1,2708.1,2,2,64.7,0.0,373.6,398.8,1847.6,88.1
2026-09-19 22:39:15,mfsweep_shard0,LRT_MMUR,44,5164.34,26,0,1,683.2,1736.5,1053.3,2,2,56.6,0.1,123.0,305.1,568.5,56.6
2026-09-19 22:39:15,mfsweep_shard0,LRT_MMUR,44,5164.34,27,0,1,709.5,4780.2,4070.7,2,2,56.7,0.2,632.6,555.9,2813.8,68.3
2026-09-19 22:39:15,mfsweep_shard0,LRT_MMUR,44,5164.34,28,0,1,735.8,1009.7,273.9,2,2,81.5,0.0,92.9,76.8,22.7,81.5
2026-09-19 22:39:15,mfsweep_shard0,LRT_MMUR,44,5164.34,29,0,1,762.0,1075.2,313.1,2,2,73.5,0.0,85.8,77.8,76.0,73.5
2026-09-19 22:39:15,mfsweep_shard0,LRT_MMUR,44,5164.34,30,0,1,788.3,1014.1,225.8,2,2,80.2,0.0,68.1,77.5,0.0,80.2
2026-09-19 22:39:15,mfsweep_shard0,LRT_MMUR,44,5164.34,31,0,1,814.6,1093.3,278.7,2,2,77.6,0.0,87.0,80.3,33.7,77.6
2026-09-19 22:39:15,mfsweep_shard0,LRT_MMUR,44,5164.34,32,0,1,840.9,1488.5,647.6,2,2,71.2,0.0,183.1,89.2,304.1,71.2
2026-09-19 22:39:15,mfsweep_shard0,LRT_MMUR,44,5164.34,33,0,1,867.2,1168.0,300.8,2,2,85.7,0.0,68.3,145.7,1.2,85.7
2026-09-19 22:39:15,mfsweep_shard0,LRT_MMUR,44,5164.34,34,0,1,893.4,2006.4,1113.0,2,2,66.0,0.2,270.4,350.4,375.4,116.6
2026-09-19 22:39:15,mfsweep_shard0,LRT_MMUR,44,5164.34,35,0,1,919.7,1404.1,484.4,2,2,71.8,0.0,214.3,179.0,19.3,71.8
2026-09-19 22:39:15,mfsweep_shard0,LRT_MMUR,44,5164.34,36,0,1,946.0,1270.8,324.8,2,2,80.9,0.0,104.1,87.4,52.4,80.9
2026-09-19 22:39:15,mfsweep_shard0,LRT_MMUR,44,5164.34,37,0,1,972.3,1284.3,312.0,2,2,74.0,0.0,113.6,91.8,32.6,74.0
2026-09-19 22:39:15,mfsweep_shard0,LRT_MMUR,44,5164.34,38,0,1,998.5,1582.3,583.7,2,2,82.0,0.0,155.5,313.8,32.4,82.0
2026-09-19 22:39:15,mfsweep_shard0,LRT_MMUR,44,5164.34,39,0,1,1024.8,1577.5,552.7,2,2,72.6,0.0,219.7,171.5,76.0,85.4
2026-09-19 22:39:15,mfsweep_shard0,LRT_MMUR,44,5164.34,40,0,1,1051.1,1462.2,411.1,2,2,76.8,0.0,96.4,218.8,19.0,76.8
2026-09-19 22:39:15,mfsweep_shard0,LRT_MMUR,44,5164.34,41,0,1,1077.4,1430.8,353.4,2,2,55.1,0.0,131.1,167.3,0.0,55.1
2026-09-19 22:39:15,mfsweep_shard0,LRT_MMUR,44,5164.34,42,0,1,1103.7,1377.2,273.6,2,2,61.1,0.0,114.8,97.6,0.0,61.1
2026-09-19 22:39:15,mfsweep_shard0,LRT_MMUR,44,5164.34,43,0,1,1129.9,1715.9,585.9,2,2,63.1,0.0,266.6,153.0,103.2,63.1
2026-09-19 22:39:15,mfsweep_shard0,LRT_MMUR,44,5164.34,44,0,1,1156.2,1623.8,467.6,2,2,56.2,0.0,166.2,89.9,155.3,56.2
2026-09-19 22:39:15,mfsweep_shard0,LRT_MMUR,44,5164.34,45,0,1,1182.5,1498.0,315.6,2,2,61.2,0.0,72.0,182.3,0.0,61.2
2026-09-19 22:39:15,mfsweep_shard0,LRT_MMUR,44,5164.34,46,0,1,1208.8,2321.0,1112.3,2,2,56.9,0.2,164.8,301.6,588.7,56.9
2026-09-19 22:39:15,mfsweep_shard0,LRT_MMUR,44,5164.34,47,0,1,1235.0,3992.6,2757.6,2,2,62.7,0.3,365.9,462.9,1865.7,62.7
2026-09-19 22:39:15,mfsweep_shard0,LRT_MMUR,44,5164.34,48,0,1,1261.3,1707.0,445.7,2,2,74.5,0.0,181.1,119.3,70.8,74.5
2026-09-19 22:39:15,mfsweep_shard0,LRT_MMUR,44,5164.34,49,0,1,1287.6,2147.6,860.0,2,2,65.6,0.2,219.1,249.4,325.7,65.6
2026-09-19 22:39:15,mfsweep_shard0,LRT_MMUR,44,5164.34,50,0,1,1313.9,2091.1,777.2,2,2,65.8,0.3,262.6,262.6,186.0,65.8
2026-09-19 22:39:15,mfsweep_shard0,LRT_MMUR,44,5164.34,51,0,1,1340.2,2073.2,733.0,2,2,60.5,0.3,225.6,279.3,167.4,60.5
2026-09-19 22:39:15,mfsweep_shard0,LRT_MMUR,44,5164.34,52,0,1,1366.4,4387.3,3020.8,2,2,62.4,0.4,438.2,468.1,2048.7,65.4
2026-09-19 22:39:15,mfsweep_shard0,LRT_MMUR,44,5164.34,53,0,1,1392.7,1858.2,465.5,2,2,84.5,0.0,29.5,324.8,26.7,84.5
2026-09-19 22:39:15,mfsweep_shard0,LRT_MMUR,44,5164.34,54,0,1,1419.0,1955.2,536.2,2,2,74.9,0.2,260.7,168.0,29.0,78.2
2026-09-19 22:39:15,mfsweep_shard0,LRT_MMUR,44,5164.34,55,0,1,1445.3,1818.3,373.0,2,2,73.6,0.2,159.3,139.5,0.3,73.6
2026-09-19 22:39:15,mfsweep_shard0,LRT_MMUR,44,5164.34,56,0,1,1471.5,4523.0,3051.4,2,2,59.2,0.7,548.6,388.5,2054.5,59.2
2026-09-19 22:39:15,mfsweep_shard0,LRT_MMUR,44,5164.34,57,0,1,1497.8,1801.8,304.0,2,2,77.6,0.0,40.2,186.2,0.0,77.6
2026-09-19 22:39:15,mfsweep_shard0,LRT_MMUR,44,5164.34,58,0,1,1524.1,4567.5,3043.4,2,2,58.9,0.6,573.8,406.6,2003.5,58.9
2026-09-19 22:39:15,mfsweep_shard0,LRT_MMUR,44,5164.34,59,0,1,1550.4,1792.7,242.3,2,2,66.1,0.0,81.0,95.2,0.0,66.1
2026-09-19 22:39:15,mfsweep_shard0,LRT_MMUR,44,5164.34,60,0,1,1576.6,2269.7,693.0,2,2,86.2,0.0,211.5,344.9,50.3,86.2
2026-09-19 22:39:15,mfsweep_shard0,LRT_MMUR,44,5164.34,61,0,1,1602.9,1935.1,332.2,2,2,74.7,0.0,81.3,134.8,41.4,74.7
2026-09-19 22:39:15,mfsweep_shard0,LRT_MMUR,44,5164.34,62,0,1,1629.2,1914.4,285.2,2,2,71.9,0.0,58.2,155.0,0.0,71.9
2026-09-19 22:39:15,mfsweep_shard0,LRT_MMUR,44,5164.34,63,0,1,1655.5,2815.0,1159.5,2,2,76.1,0.3,360.5,403.9,318.7,76.1
2026-09-19 22:39:15,mfsweep_shard0,LRT_MMUR,44,5164.34,64,0,1,1681.8,2521.3,839.6,2,2,81.4,0.2,293.3,309.8,93.9,142.3
2026-09-19 22:39:15,mfsweep_shard0,LRT_MMUR,44,5164.34,65,0,1,1708.0,2423.0,715.0,2,2,79.2,0.3,196.5,317.3,121.8,79.2
2026-09-19 22:39:15,mfsweep_shard0,LRT_MMUR,44,5164.34,66,0,1,1734.3,2068.4,334.1,2,2,61.1,0.0,99.1,173.9,0.0,61.1
2026-09-19 22:39:15,mfsweep_shard0,LRT_MMUR,44,5164.34,67,0,1,1760.6,5010.9,3250.3,2,2,54.6,0.7,527.2,532.6,2135.3,54.6
2026-09-19 22:39:15,mfsweep_shard0,LRT_MMUR,44,5164.34,68,0,1,1786.9,3920.5,2133.6,2,2,64.0,0.5,520.4,525.5,969.4,117.8
2026-09-19 22:39:15,mfsweep_shard0,LRT_MMUR,44,5164.34,69,0,1,1813.1,4040.8,2227.7,2,2,62.4,0.6,458.6,358.7,1347.5,62.4
2026-09-19 22:39:15,mfsweep_shard0,LRT_MMUR,44,5164.34,70,0,1,1839.4,4479.4,2639.9,2,2,60.5,0.8,479.4,491.2,1608.1,60.5
2026-09-19 22:39:15,mfsweep_shard0,LRT_MMUR,44,5164.34,71,0,1,1865.7,2918.1,1052.4,2,2,84.7,0.5,381.6,414.1,133.6,122.5
2026-09-19 22:39:15,mfsweep_shard0,LRT_MMUR,44,5164.34,72,0,1,1892.0,2282.5,390.5,2,2,82.5,0.0,132.5,175.5,0.0,82.5
2026-09-19 22:39:15,mfsweep_shard0,LRT_MMUR,44,5164.34,73,0,1,1918.3,3915.8,1997.5,2,2,63.9,0.7,514.8,481.2,936.9,63.9
2026-09-19 22:39:15,mfsweep_shard0,LRT_MMUR,44,5164.34,74,0,1,1944.5,2768.3,823.8,2,2,75.2,0.0,288.3,443.9,16.3,75.2
2026-09-19 22:39:15,mfsweep_shard0,LRT_MMUR,44,5164.34,75,0,1,1970.8,2351.8,381.0,2,2,66.6,0.0,100.5,169.2,44.6,66.6
2026-09-19 22:39:15,mfsweep_shard0,LRT_MMUR,44,5164.34,76,0,1,1997.1,2959.6,962.5,2,2,83.7,0.3,277.0,375.0,220.5,89.7
2026-09-19 22:39:15,mfsweep_shard0,LRT_MMUR,44,5164.34,77,0,1,2023.4,2373.6,350.3,2,2,68.7,0.0,85.2,163.9,32.5,68.7
2026-09-19 22:39:15,mfsweep_shard0,LRT_MMUR,44,5164.34,78,0,1,2049.6,4357.2,2307.5,2,2,62.3,0.6,557.8,344.0,1342.9,62.3
2026-09-19 22:39:15,mfsweep_shard0,LRT_MMUR,44,5164.34,79,0,1,2075.9,4433.3,2357.4,2,2,61.7,0.7,479.6,390.0,1425.4,61.7
2026-09-19 22:39:15,mfsweep_shard0,LRT_MMUR,44,5164.34,80,0,1,2102.2,3161.2,1059.0,2,2,72.1,0.3,290.0,281.4,415.2,72.1
2026-09-19 22:39:15,mfsweep_shard0,LRT_MMUR,44,5164.34,81,0,1,2128.5,4235.3,2106.8,2,2,62.2,0.8,581.0,415.6,1047.2,62.2
2026-09-19 22:39:15,mfsweep_shard0,LRT_MMUR,44,5164.34,82,0,1,2154.7,3069.0,914.3,2,2,72.8,0.4,386.8,241.5,212.7,72.8
2026-09-19 22:39:15,mfsweep_shard0,LRT_MMUR,44,5164.34,83,0,1,2181.0,2750.1,569.0,2,2,83.2,0.0,257.1,204.8,24.0,83.2
2026-09-19 22:39:15,mfsweep_shard0,LRT_MMUR,44,5164.34,84,0,1,2207.3,2754.9,547.6,2,2,66.7,0.0,193.3,164.7,122.8,66.7
2026-09-19 22:39:15,mfsweep_shard0,LRT_MMUR,44,5164.34,85,0,1,2233.6,2824.4,590.9,2,2,60.8,0.0,239.3,236.8,54.0,60.8
2026-09-19 22:39:15,mfsweep_shard0,LRT_MMUR,44,5164.34,86,0,1,2259.9,2904.1,644.2,2,2,86.5,0.0,286.7,227.2,43.8,86.5
2026-09-19 22:39:15,mfsweep_shard0,LRT_MMUR,44,5164.34,87,0,1,2286.1,3204.4,918.3,2,2,70.4,0.0,203.6,156.3,488.1,70.4
2026-09-19 22:39:15,mfsweep_shard0,LRT_MMUR,44,5164.34,88,0,1,2312.4,4160.4,1847.9,2,2,56.5,0.5,335.5,334.6,1120.8,56.5
2026-09-19 22:39:15,mfsweep_shard0,LRT_MMUR,44,5164.34,89,0,1,2338.7,4970.7,2632.0,2,2,55.1,0.5,327.3,287.1,1962.0,55.1
2026-09-19 22:39:15,mfsweep_shard0,LRT_MMUR,44,5164.34,90,0,1,2365.0,4656.3,2291.3,2,2,57.2,0.6,279.0,314.0,1640.5,57.2
2026-09-19 22:39:15,mfsweep_shard0,LRT_MMUR,44,5164.34,91,0,1,2391.2,3042.4,651.2,2,2,74.3,0.0,103.8,173.7,299.4,74.3
2026-09-19 22:39:15,mfsweep_shard0,LRT_MMUR,44,5164.34,92,0,1,2417.5,2696.5,279.0,2,2,79.7,0.0,45.0,149.0,5.3,79.7
2026-09-19 22:39:15,mfsweep_shard0,LRT_MMUR,44,5164.34,93,0,1,2443.8,3248.5,804.7,2,2,67.5,0.0,180.5,151.8,404.9,67.5
2026-09-19 22:39:15,mfsweep_shard0,LRT_MMUR,44,5164.34,94,0,1,2470.1,4890.2,2420.1,2,2,55.6,0.6,421.9,357.3,1584.7,55.6
2026-09-19 22:39:15,mfsweep_shard0,LRT_MMUR,44,5164.34,95,0,1,2496.4,3351.2,854.8,2,2,66.1,0.0,224.6,236.7,327.3,66.1
2026-09-19 22:39:15,mfsweep_shard0,LRT_MMUR,44,5164.34,96,0,1,2522.6,3253.3,730.7,2,2,86.4,0.0,277.9,331.2,35.2,86.4
2026-09-19 22:39:15,mfsweep_shard0,LRT_MMUR,44,5164.34,97,0,1,2548.9,2913.6,364.6,2,2,71.0,0.0,181.6,112.0,0.0,71.0
2026-09-19 22:39:15,mfsweep_shard0,LRT_MMUR,44,5164.34,98,0,1,2575.2,3018.2,443.0,2,2,85.6,0.0,201.2,123.7,32.4,85.6
2026-09-19 22:39:15,mfsweep_shard0,LRT_MMUR,44,5164.34,99,0,1,2601.5,3550.4,948.9,2,2,82.0,0.1,370.4,302.1,194.4,82.0
2026-09-19 22:39:15,mfsweep_shard0,LRT_MMUR,44,5164.34,100,0,1,2627.7,3755.9,1128.2,2,2,53.9,0.1,208.9,283.9,551.2,84.1
2026-09-19 22:39:15,mfsweep_shard0,LRT_MMUR,44,5164.34,101,0,1,2654.0,3166.1,512.0,2,2,77.3,0.0,187.4,231.5,15.7,77.3
2026-09-19 22:39:15,mfsweep_shard0,LRT_MMUR,44,5164.34,102,0,1,2680.3,3558.9,878.6,2,2,76.0,0.0,261.5,288.3,252.8,76.0
2026-09-19 22:39:15,mfsweep_shard0,LRT_MMUR,44,5164.34,103,0,1,2706.6,3182.2,475.6,2,2,71.3,0.0,94.8,232.0,77.6,71.3
2026-09-19 22:39:15,mfsweep_shard0,LRT_MMUR,44,5164.34,104,0,1,2732.9,3624.7,891.8,2,2,62.4,0.1,162.8,250.1,416.5,62.4
2026-09-19 22:39:15,mfsweep_shard0,LRT_MMUR,44,5164.34,105,0,1,2759.1,3587.9,828.7,2,2,74.7,0.0,162.4,285.2,306.4,74.7
2026-09-19 22:39:15,mfsweep_shard0,LRT_MMUR,44,5164.34,106,0,1,2785.4,3682.5,897.1,2,2,57.2,0.1,98.7,176.8,564.2,57.2
2026-09-19 22:39:15,mfsweep_shard0,LRT_MMUR,44,5164.34,107,0,1,2811.7,3243.7,432.0,2,2,67.9,0.0,90.0,268.0,6.1,67.9
2026-09-19 22:39:15,mfsweep_shard0,LRT_MMUR,44,5164.34,108,0,1,2838.0,3637.2,799.2,2,2,68.5,0.0,246.1,132.1,352.5,68.5
2026-09-19 22:39:15,mfsweep_shard0,LRT_MMUR,44,5164.34,109,0,1,2864.2,3322.8,458.6,2,2,85.0,0.0,77.5,178.8,117.2,85.0
2026-09-19 22:39:15,mfsweep_shard0,LRT_MMUR,44,5164.34,110,0,1,2890.5,3177.6,287.0,2,2,82.4,0.0,39.3,165.3,0.0,82.4
2026-09-19 22:39:15,mfsweep_shard0,LRT_MMUR,44,5164.34,111,0,1,2916.8,3714.9,798.1,2,2,62.2,0.0,115.6,117.9,502.4,62.2
2026-09-19 22:39:15,mfsweep_shard0,LRT_MMUR,44,5164.34,112,0,1,2943.1,3839.9,896.8,2,2,70.1,0.0,316.3,188.0,313.5,79.0
2026-09-19 22:39:15,mfsweep_shard0,LRT_MMUR,44,5164.34,113,0,1,2969.3,4271.8,1302.5,2,2,59.4,0.3,125.3,133.5,983.9,59.4
2026-09-19 22:39:15,mfsweep_shard0,LRT_MMUR,44,5164.34,114,0,1,2995.6,3293.4,297.8,2,2,83.7,0.0,94.7,97.9,21.5,83.7
2026-09-19 22:39:15,mfsweep_shard0,LRT_MMUR,44,5164.34,115,0,1,3021.9,3482.6,460.7,2,2,82.3,0.0,93.5,166.8,118.1,82.3
2026-09-19 22:39:15,mfsweep_shard0,LRT_MMUR,44,5164.34,116,0,1,3048.2,3947.6,899.5,2,2,63.4,0.0,81.9,86.4,667.7,63.4
2026-09-19 22:39:15,mfsweep_shard0,LRT_MMUR,44,5164.34,117,0,1,3074.5,3583.0,508.6,2,2,74.6,0.0,94.3,160.1,179.5,74.6
2026-09-19 22:39:15,mfsweep_shard0,LRT_MMUR,44,5164.34,118,0,1,3100.7,3632.4,531.7,2,2,73.6,0.0,127.6,179.9,150.5,73.6
2026-09-19 22:39:15,mfsweep_shard0,LRT_MMUR,44,5164.34,119,0,1,3127.0,4610.4,1483.4,2,2,58.6,0.3,178.6,146.2,1099.7,58.6
2026-09-19 22:39:15,mfsweep_shard0,LRT_MMUR,44,5164.34,120,0,1,3153.3,3573.9,420.6,2,2,78.7,0.0,203.6,138.2,0.1,78.7
2026-09-19 22:39:15,mfsweep_shard0,LRT_MMUR,44,5164.34,121,0,1,3179.6,3770.1,590.6,2,2,71.3,0.0,142.4,193.9,182.9,71.3
2026-09-19 22:39:15,mfsweep_shard0,LRT_MMUR,44,5164.34,122,0,1,3205.8,3619.9,414.0,2,2,79.2,0.0,81.7,217.5,35.5,79.2
2026-09-19 22:39:15,mfsweep_shard0,LRT_MMUR,44,5164.34,123,0,1,3232.1,3818.7,586.6,2,2,71.0,0.0,225.1,192.5,97.9,71.0
2026-09-19 22:39:15,mfsweep_shard0,LRT_MMUR,44,5164.34,124,0,1,3258.4,5164.3,1905.9,2,2,53.6,0.4,452.3,280.7,1089.1,83.4
2026-09-19 22:39:15,mfsweep_shard0,LRT_MMUR,44,5164.34,125,0,1,3284.7,3827.3,542.6,2,2,64.2,0.0,197.6,193.6,87.1,64.2
2026-09-19 22:39:15,mfsweep_shard0,LRT_MMUR,44,5164.34,126,0,1,3311.0,5049.5,1738.5,2,2,54.2,0.4,484.5,263.8,935.5,54.2
2026-09-19 22:39:15,mfsweep_shard0,LRT_MMUR,44,5164.34,127,0,1,3337.2,3911.1,573.9,2,2,84.2,0.0,302.2,187.5,0.0,84.2
2026-09-19 22:39:15,mfsweep_shard0,LRT_MMUR,44,5164.34,128,0,1,3363.5,4049.4,685.9,2,2,82.5,0.0,242.7,231.4,129.2,82.5
2026-09-19 22:39:15,mfsweep_shard0,LRT_MMUR,44,5164.34,129,0,1,3389.8,3929.2,539.4,2,2,81.0,0.0,237.9,177.3,43.1,81.0
2026-09-19 22:39:15,mfsweep_shard0,LRT_MMUR,44,5164.34,130,0,1,3416.1,4338.7,922.7,2,2,63.7,0.0,237.6,223.8,397.5,63.7
2026-09-19 22:39:15,mfsweep_shard0,LRT_MMUR,44,5164.34,131,0,1,3442.3,4931.2,1488.9,2,2,55.5,0.2,417.7,243.9,771.6,55.5
2026-09-19 22:39:15,mfsweep_shard0,LRT_MMUR,44,5164.34,132,0,1,3468.6,4276.3,807.7,2,2,82.5,0.0,307.7,234.0,183.5,82.5
2026-09-19 22:39:15,mfsweep_shard0,LRT_MMUR,44,5164.34,133,0,1,3494.9,3974.9,480.0,2,2,84.8,0.0,224.0,157.0,14.1,84.8
2026-09-19 22:39:15,mfsweep_shard0,LRT_MMUR,44,5164.34,134,0,1,3521.2,4808.8,1287.6,2,2,56.4,0.2,472.6,204.7,553.8,56.4
2026-09-19 22:39:15,mfsweep_shard0,LRT_MMUR,44,5164.34,135,0,1,3547.5,4304.1,756.7,2,2,69.6,0.1,162.2,264.6,241.2,88.5
2026-09-19 22:39:15,mfsweep_shard0,LRT_MMUR,44,5164.34,136,0,1,3573.7,4850.2,1276.5,2,2,55.8,0.3,313.7,263.9,642.8,55.8
2026-09-19 22:43:22,mfsweep_shard0,LRT_MMUR,45,4718.08,0,0,1,0.0,208.6,208.6,2,2,74.6,0.0,59.6,74.4,0.0,74.6
2026-09-19 22:43:22,mfsweep_shard0,LRT_MMUR,45,4718.08,1,0,1,26.3,255.2,228.9,2,2,54.4,0.0,61.3,77.2,36.0,54.4
2026-09-19 22:43:22,mfsweep_shard0,LRT_MMUR,45,4718.08,2,0,1,52.6,250.7,198.1,2,2,62.6,0.0,58.7,76.8,0.0,62.6
2026-09-19 22:43:22,mfsweep_shard0,LRT_MMUR,45,4718.08,3,0,1,78.8,298.8,219.9,2,2,60.9,0.0,88.4,70.6,0.0,60.9
2026-09-19 22:43:22,mfsweep_shard0,LRT_MMUR,45,4718.08,4,0,1,105.1,335.7,230.6,2,2,77.8,0.0,43.6,109.2,0.0,77.8
2026-09-19 22:43:22,mfsweep_shard0,LRT_MMUR,45,4718.08,5,0,1,131.4,574.2,442.8,2,2,75.9,0.0,115.8,173.2,53.6,100.2
2026-09-19 22:43:22,mfsweep_shard0,LRT_MMUR,45,4718.08,6,0,1,157.7,491.7,334.0,2,2,83.0,0.0,96.8,118.8,35.3,83.0
2026-09-19 22:43:22,mfsweep_shard0,LRT_MMUR,45,4718.08,7,0,1,183.9,409.2,225.2,2,2,56.4,0.0,76.4,75.9,16.5,56.4
2026-09-19 22:43:22,mfsweep_shard0,LRT_MMUR,45,4718.08,8,0,1,210.2,619.5,409.3,2,2,67.5,0.0,95.1,81.5,165.1,67.5
2026-09-19 22:43:22,mfsweep_shard0,LRT_MMUR,45,4718.08,9,0,1,236.5,736.5,500.0,2,2,54.5,0.0,115.0,144.9,185.5,54.5
2026-09-19 22:43:22,mfsweep_shard0,LRT_MMUR,45,4718.08,10,0,1,262.8,638.0,375.2,2,2,60.8,0.0,64.5,88.0,161.9,60.8
2026-09-19 22:43:22,mfsweep_shard0,LRT_MMUR,45,4718.08,11,0,1,289.1,569.4,280.3,2,2,70.2,0.0,54.2,155.8,0.0,70.2
2026-09-19 22:43:22,mfsweep_shard0,LRT_MMUR,45,4718.08,12,0,1,315.3,624.1,308.8,2,2,54.4,0.0,80.2,174.2,0.0,54.4
2026-09-19 22:43:22,mfsweep_shard0,LRT_MMUR,45,4718.08,13,0,1,341.6,722.2,380.6,2,2,60.1,0.0,72.2,137.8,110.5,60.1
2026-09-19 22:43:22,mfsweep_shard0,LRT_MMUR,45,4718.08,14,0,1,367.9,610.1,242.2,2,2,75.0,0.0,84.1,76.4,6.6,75.0
2026-09-19 22:43:22,mfsweep_shard0,LRT_MMUR,45,4718.08,15,0,1,394.2,671.3,277.1,2,2,71.5,0.0,105.9,77.2,22.5,71.5
2026-09-19 22:43:22,mfsweep_shard0,LRT_MMUR,45,4718.08,16,0,1,420.4,1114.9,694.5,2,2,60.8,0.0,87.8,101.9,443.9,60.8
2026-09-19 22:43:22,mfsweep_shard0,LRT_MMUR,45,4718.08,17,0,1,446.7,685.2,238.5,2,2,73.0,0.0,53.6,98.0,13.8,73.0
2026-09-19 22:43:22,mfsweep_shard0,LRT_MMUR,45,4718.08,18,0,1,473.0,753.9,280.9,2,2,80.3,0.0,78.2,85.8,36.7,80.3
2026-09-19 22:43:22,mfsweep_shard0,LRT_MMUR,45,4718.08,19,0,1,499.3,2096.8,1597.5,2,2,53.8,0.0,103.1,162.1,1278.5,53.8
2026-09-19 22:43:22,mfsweep_shard0,LRT_MMUR,45,4718.08,20,0,1,525.6,816.7,291.2,2,2,80.1,0.0,74.8,93.6,42.6,80.1
2026-09-19 22:43:22,mfsweep_shard0,LRT_MMUR,45,4718.08,21,0,1,551.8,935.3,383.5,2,2,76.6,0.0,98.0,76.0,132.9,76.6
2026-09-19 22:43:22,mfsweep_shard0,LRT_MMUR,45,4718.08,22,0,1,578.1,996.1,418.0,2,2,64.8,0.0,111.8,122.5,118.8,64.8
2026-09-19 22:43:22,mfsweep_shard0,LRT_MMUR,45,4718.08,23,0,1,604.4,2046.7,1442.3,2,2,58.7,0.1,200.2,165.3,1018.1,58.7
2026-09-19 22:43:22,mfsweep_shard0,LRT_MMUR,45,4718.08,24,0,1,630.7,890.1,259.5,2,2,85.1,0.0,90.9,74.2,9.2,85.1
2026-09-19 22:43:22,mfsweep_shard0,LRT_MMUR,45,4718.08,25,0,1,656.9,1053.8,396.9,2,2,64.7,0.0,65.9,81.9,184.4,64.7
2026-09-19 22:43:22,mfsweep_shard0,LRT_MMUR,45,4718.08,26,0,1,683.2,939.9,256.7,2,2,56.6,0.0,57.5,142.6,0.0,56.6
2026-09-19 22:43:22,mfsweep_shard0,LRT_MMUR,45,4718.08,27,0,1,709.5,2055.7,1346.2,2,2,56.7,0.1,288.6,207.4,793.5,56.7
2026-09-19 22:43:22,mfsweep_shard0,LRT_MMUR,45,4718.08,28,0,1,735.8,1492.2,756.4,2,2,81.5,0.1,356.2,94.3,159.1,146.6
2026-09-19 22:43:22,mfsweep_shard0,LRT_MMUR,45,4718.08,29,0,1,762.0,1842.0,1080.0,2,2,73.5,0.2,333.4,122.2,550.7,73.5
2026-09-19 22:43:22,mfsweep_shard0,LRT_MMUR,45,4718.08,30,0,1,788.3,1434.5,646.2,2,2,80.2,0.2,333.8,99.2,94.5,118.5
2026-09-19 22:43:22,mfsweep_shard0,LRT_MMUR,45,4718.08,31,0,1,814.6,1680.7,866.1,2,2,77.6,0.3,354.2,168.3,265.8,77.6
2026-09-19 22:43:22,mfsweep_shard0,LRT_MMUR,45,4718.08,32,0,1,840.9,1255.4,414.5,2,2,71.2,0.4,229.2,106.7,7.0,71.2
2026-09-19 22:43:22,mfsweep_shard0,LRT_MMUR,45,4718.08,33,0,1,867.2,1346.8,479.6,2,2,85.7,0.2,231.6,130.2,32.0,85.7
2026-09-19 22:43:22,mfsweep_shard0,LRT_MMUR,45,4718.08,34,0,1,893.4,1992.7,1099.3,2,2,66.0,0.2,122.3,121.4,760.1,95.3
2026-09-19 22:43:22,mfsweep_shard0,LRT_MMUR,45,4718.08,35,0,1,919.7,1959.9,1040.1,2,2,71.8,0.2,216.0,92.8,659.4,71.8
2026-09-19 22:43:22,mfsweep_shard0,LRT_MMUR,45,4718.08,36,0,1,946.0,1676.0,730.0,2,2,80.9,0.2,367.5,129.5,151.9,80.9
2026-09-19 22:43:22,mfsweep_shard0,LRT_MMUR,45,4718.08,37,0,1,972.3,1828.2,856.0,2,2,74.0,0.0,174.6,120.6,486.8,74.0
2026-09-19 22:43:22,mfsweep_shard0,LRT_MMUR,45,4718.08,38,0,1,998.5,1457.0,458.4,2,2,82.0,0.0,229.7,98.0,48.7,82.0
2026-09-19 22:43:22,mfsweep_shard0,LRT_MMUR,45,4718.08,39,0,1,1024.8,1896.2,871.4,2,2,72.6,0.0,72.4,103.7,622.7,72.6
2026-09-19 22:43:22,mfsweep_shard0,LRT_MMUR,45,4718.08,40,0,1,1051.1,1760.4,709.3,2,2,76.8,0.0,130.4,254.4,247.7,76.8
2026-09-19 22:43:22,mfsweep_shard0,LRT_MMUR,45,4718.08,41,0,1,1077.4,1452.3,374.9,2,2,55.1,0.0,79.7,215.8,24.4,55.1
2026-09-19 22:43:22,mfsweep_shard0,LRT_MMUR,45,4718.08,42,0,1,1103.7,1395.4,291.7,2,2,61.1,0.0,36.9,193.7,0.0,61.1
2026-09-19 22:43:22,mfsweep_shard0,LRT_MMUR,45,4718.08,43,0,1,1129.9,1633.1,503.2,2,2,63.1,0.0,78.6,218.6,142.8,63.1
2026-09-19 22:43:22,mfsweep_shard0,LRT_MMUR,45,4718.08,44,0,1,1156.2,2474.6,1318.4,2,2,56.2,0.0,256.2,324.2,681.8,56.2
2026-09-19 22:43:22,mfsweep_shard0,LRT_MMUR,45,4718.08,45,0,1,1182.5,2111.4,928.9,2,2,61.2,0.0,122.7,195.2,549.7,61.2
2026-09-19 22:43:22,mfsweep_shard0,LRT_MMUR,45,4718.08,46,0,1,1208.8,2243.9,1035.1,2,2,56.9,0.0,127.3,197.1,653.8,56.9
2026-09-19 22:43:22,mfsweep_shard0,LRT_MMUR,45,4718.08,47,0,1,1235.0,1729.7,494.6,2,2,62.7,0.0,98.9,234.5,98.5,62.7
2026-09-19 22:43:22,mfsweep_shard0,LRT_MMUR,45,4718.08,48,0,1,1261.3,1544.1,282.8,2,2,74.5,0.0,86.9,99.4,22.0,74.5
2026-09-19 22:43:22,mfsweep_shard0,LRT_MMUR,45,4718.08,49,0,1,1287.6,1671.3,383.7,2,2,65.6,0.0,169.6,105.7,42.8,65.6
2026-09-19 22:43:22,mfsweep_shard0,LRT_MMUR,45,4718.08,50,0,1,1313.9,2116.2,802.3,2,2,65.8,0.0,311.3,95.3,329.9,65.8
2026-09-19 22:43:22,mfsweep_shard0,LRT_MMUR,45,4718.08,51,0,1,1340.2,1581.5,241.3,2,2,60.5,0.0,105.6,75.2,0.0,60.5
2026-09-19 22:43:22,mfsweep_shard0,LRT_MMUR,45,4718.08,52,0,1,1366.4,2132.2,765.8,2,2,62.4,0.0,183.7,93.8,425.9,62.4
2026-09-19 22:43:22,mfsweep_shard0,LRT_MMUR,45,4718.08,53,0,1,1392.7,1781.7,389.0,2,2,84.5,0.0,142.5,147.1,14.9,84.5
2026-09-19 22:43:22,mfsweep_shard0,LRT_MMUR,45,4718.08,54,0,1,1419.0,1868.9,449.9,2,2,74.9,0.0,151.7,147.8,75.4,74.9
2026-09-19 22:43:22,mfsweep_shard0,LRT_MMUR,45,4718.08,55,0,1,1445.3,1987.9,542.7,2,2,73.6,0.0,286.5,122.6,59.9,73.6
2026-09-19 22:43:22,mfsweep_shard0,LRT_MMUR,45,4718.08,56,0,1,1471.5,2356.2,884.6,2,2,59.2,0.0,321.8,184.7,318.9,59.2
2026-09-19 22:43:22,mfsweep_shard0,LRT_MMUR,45,4718.08,57,0,1,1497.8,1922.6,424.8,2,2,77.6,0.0,153.1,174.3,19.7,77.6
2026-09-19 22:43:22,mfsweep_shard0,LRT_MMUR,45,4718.08,58,0,1,1524.1,2235.1,711.0,2,2,58.9,0.0,176.0,128.6,347.5,58.9
2026-09-19 22:43:22,mfsweep_shard0,LRT_MMUR,45,4718.08,59,0,1,1550.4,1983.2,432.8,2,2,66.1,0.0,148.7,121.8,96.2,66.1
2026-09-19 22:43:22,mfsweep_shard0,LRT_MMUR,45,4718.08,60,0,1,1576.6,2038.4,461.7,2,2,86.2,0.0,229.7,139.7,6.1,86.2
2026-09-19 22:43:22,mfsweep_shard0,LRT_MMUR,45,4718.08,61,0,1,1602.9,1901.1,298.2,2,2,74.7,0.0,107.5,116.0,0.0,74.7
2026-09-19 22:43:22,mfsweep_shard0,LRT_MMUR,45,4718.08,62,0,1,1629.2,2570.8,941.6,2,2,71.9,0.0,192.1,245.0,432.6,71.9
2026-09-19 22:43:22,mfsweep_shard0,LRT_MMUR,45,4718.08,63,0,1,1655.5,2196.5,541.0,2,2,76.1,0.0,112.5,170.1,182.2,76.1
2026-09-19 22:43:22,mfsweep_shard0,LRT_MMUR,45,4718.08,64,0,1,1681.8,2051.3,369.6,2,2,81.4,0.0,87.6,155.8,44.8,81.4
2026-09-19 22:43:22,mfsweep_shard0,LRT_MMUR,45,4718.08,65,0,1,1708.0,2205.5,497.4,2,2,79.2,0.0,171.8,189.6,56.8,79.2
2026-09-19 22:43:22,mfsweep_shard0,LRT_MMUR,45,4718.08,66,0,1,1734.3,2398.0,663.6,2,2,61.1,0.0,54.3,240.1,308.1,61.1
2026-09-19 22:43:22,mfsweep_shard0,LRT_MMUR,45,4718.08,67,0,1,1760.6,3213.3,1452.7,2,2,54.6,0.1,70.5,449.9,877.6,54.6
2026-09-19 22:43:22,mfsweep_shard0,LRT_MMUR,45,4718.08,68,0,1,1786.9,2831.4,1044.5,2,2,64.0,0.1,173.9,244.1,528.2,98.2
2026-09-19 22:43:22,mfsweep_shard0,LRT_MMUR,45,4718.08,69,0,1,1813.1,2952.0,1138.9,2,2,62.4,0.1,133.5,258.3,684.6,62.4
2026-09-19 22:43:22,mfsweep_shard0,LRT_MMUR,45,4718.08,70,0,1,1839.4,3222.5,1383.1,2,2,60.5,0.2,220.0,322.8,779.6,60.5
2026-09-19 22:43:22,mfsweep_shard0,LRT_MMUR,45,4718.08,71,0,1,1865.7,2170.0,304.3,2,2,84.7,0.0,47.4,148.2,24.1,84.7
2026-09-19 22:43:22,mfsweep_shard0,LRT_MMUR,45,4718.08,72,0,1,1892.0,2702.2,810.2,2,2,82.5,0.2,350.2,343.4,34.0,82.5
2026-09-19 22:43:22,mfsweep_shard0,LRT_MMUR,45,4718.08,73,0,1,1918.3,2887.9,969.7,2,2,63.9,0.1,241.2,316.0,348.4,63.9
2026-09-19 22:43:22,mfsweep_shard0,LRT_MMUR,45,4718.08,74,0,1,1944.5,2780.0,835.5,2,2,75.2,0.3,435.3,235.8,59.8,104.2
2026-09-19 22:43:22,mfsweep_shard0,LRT_MMUR,45,4718.08,75,0,1,1970.8,2812.8,842.0,2,2,66.6,0.2,184.4,136.2,454.6,66.6
2026-09-19 22:43:22,mfsweep_shard0,LRT_MMUR,45,4718.08,76,0,1,1997.1,2406.7,409.7,2,2,83.7,0.0,157.2,128.8,39.9,83.7
2026-09-19 22:43:22,mfsweep_shard0,LRT_MMUR,45,4718.08,77,0,1,2023.4,2770.9,747.5,2,2,68.7,0.4,337.4,198.4,142.5,68.7
2026-09-19 22:43:22,mfsweep_shard0,LRT_MMUR,45,4718.08,78,0,1,2049.6,2979.9,930.3,2,2,62.3,0.2,108.0,179.1,580.7,62.3
2026-09-19 22:43:22,mfsweep_shard0,LRT_MMUR,45,4718.08,79,0,1,2075.9,2342.4,266.4,2,2,61.7,0.0,83.2,118.0,3.6,61.7
2026-09-19 22:43:22,mfsweep_shard0,LRT_MMUR,45,4718.08,80,0,1,2102.2,2651.9,549.7,2,2,72.1,0.3,233.9,202.8,34.6,78.2
2026-09-19 22:43:22,mfsweep_shard0,LRT_MMUR,45,4718.08,81,0,1,2128.5,3057.4,929.0,2,2,62.2,0.2,341.8,133.3,391.5,62.2
2026-09-19 22:43:22,mfsweep_shard0,LRT_MMUR,45,4718.08,82,0,1,2154.7,2536.3,381.6,2,2,72.8,0.0,147.6,130.1,31.1,72.8
2026-09-19 22:43:22,mfsweep_shard0,LRT_MMUR,45,4718.08,83,0,1,2181.0,2579.9,398.8,2,2,83.2,0.0,156.1,159.5,0.0,83.2
2026-09-19 22:43:22,mfsweep_shard0,LRT_MMUR,45,4718.08,84,0,1,2207.3,3195.6,988.3,2,2,66.7,0.0,239.7,134.5,547.4,66.7
2026-09-19 22:43:22,mfsweep_shard0,LRT_MMUR,45,4718.08,85,0,1,2233.6,3158.9,925.4,2,2,60.8,0.0,107.1,152.5,604.9,60.8
2026-09-19 22:43:22,mfsweep_shard0,LRT_MMUR,45,4718.08,86,0,1,2259.9,2642.8,382.9,2,2,86.5,0.0,72.9,223.6,0.0,86.5
2026-09-19 22:43:22,mfsweep_shard0,LRT_MMUR,45,4718.08,87,0,1,2286.1,2656.7,370.5,2,2,70.4,0.0,88.1,183.1,29.0,70.4
2026-09-19 22:43:22,mfsweep_shard0,LRT_MMUR,45,4718.08,88,0,1,2312.4,3337.9,1025.4,2,2,56.5,0.0,133.6,170.9,664.4,56.5
2026-09-19 22:43:22,mfsweep_shard0,LRT_MMUR,45,4718.08,89,0,1,2338.7,3361.3,1022.6,2,2,55.1,0.0,97.6,162.6,707.3,55.1
2026-09-19 22:43:22,mfsweep_shard0,LRT_MMUR,45,4718.08,90,0,1,2365.0,3241.2,876.3,2,2,57.2,0.1,109.4,206.8,502.9,57.2
2026-09-19 22:43:22,mfsweep_shard0,LRT_MMUR,45,4718.08,91,0,1,2391.2,3176.8,785.5,2,2,74.3,0.1,254.6,220.5,236.1,74.3
2026-09-19 22:43:22,mfsweep_shard0,LRT_MMUR,45,4718.08,92,0,1,2417.5,2721.0,303.5,2,2,79.7,0.0,49.6,174.0,0.2,79.7
2026-09-19 22:43:22,mfsweep_shard0,LRT_MMUR,45,4718.08,93,0,1,2443.8,2817.5,373.7,2,2,67.5,0.0,82.4,181.8,42.0,67.5
2026-09-19 22:43:22,mfsweep_shard0,LRT_MMUR,45,4718.08,94,0,1,2470.1,3350.3,880.3,2,2,55.6,0.0,65.8,117.3,641.5,55.6
2026-09-19 22:43:22,mfsweep_shard0,LRT_MMUR,45,4718.08,95,0,1,2496.4,3274.5,778.1,2,2,66.1,0.0,127.2,119.1,465.7,66.1
2026-09-19 22:43:22,mfsweep_shard0,LRT_MMUR,45,4718.08,96,0,1,2522.6,2875.3,352.7,2,2,86.4,0.0,85.2,140.4,40.7,86.4
2026-09-19 22:43:22,mfsweep_shard0,LRT_MMUR,45,4718.08,97,0,1,2548.9,3136.5,587.6,2,2,71.0,0.0,91.9,157.0,267.6,71.0
2026-09-19 22:43:22,mfsweep_shard0,LRT_MMUR,45,4718.08,98,0,1,2575.2,2924.8,349.6,2,2,85.6,0.0,75.0,163.0,26.0,85.6
2026-09-19 22:43:22,mfsweep_shard0,LRT_MMUR,45,4718.08,99,0,1,2601.5,2985.2,383.8,2,2,82.0,0.0,68.0,134.1,99.6,82.0
2026-09-19 22:43:22,mfsweep_shard0,LRT_MMUR,45,4718.08,100,0,1,2627.7,3401.1,773.4,2,2,53.9,0.0,116.5,128.7,474.2,53.9
2026-09-19 22:43:22,mfsweep_shard0,LRT_MMUR,45,4718.08,101,0,1,2654.0,3282.2,628.2,2,2,77.3,0.0,297.6,226.3,26.9,77.3
2026-09-19 22:43:22,mfsweep_shard0,LRT_MMUR,45,4718.08,102,0,1,2680.3,3167.6,487.3,2,2,76.0,0.0,82.7,242.4,86.1,76.0
2026-09-19 22:43:22,mfsweep_shard0,LRT_MMUR,45,4718.08,103,0,1,2706.6,3247.7,541.1,2,2,71.3,0.0,201.2,224.0,44.7,71.3
2026-09-19 22:43:22,mfsweep_shard0,LRT_MMUR,45,4718.08,104,0,1,2732.9,2997.3,264.4,2,2,62.4,0.0,134.9,67.1,0.0,62.4
2026-09-19 22:43:22,mfsweep_shard0,LRT_MMUR,45,4718.08,105,0,1,2759.1,3574.4,815.2,2,2,74.7,0.0,259.8,111.5,369.2,74.7
2026-09-19 22:43:22,mfsweep_shard0,LRT_MMUR,45,4718.08,106,0,1,2785.4,4419.8,1634.4,2,2,57.2,0.0,305.5,188.1,1083.6,57.2
2026-09-19 22:43:22,mfsweep_shard0,LRT_MMUR,45,4718.08,107,0,1,2811.7,3963.4,1151.7,2,2,67.9,0.1,200.3,204.1,679.3,67.9
2026-09-19 22:43:22,mfsweep_shard0,LRT_MMUR,45,4718.08,108,0,1,2838.0,3883.9,1045.9,2,2,68.5,0.1,247.8,141.5,588.0,68.5
2026-09-19 22:43:22,mfsweep_shard0,LRT_MMUR,45,4718.08,109,0,1,2864.2,3286.9,422.6,2,2,85.0,0.0,200.1,113.9,23.6,85.0
2026-09-19 22:43:22,mfsweep_shard0,LRT_MMUR,45,4718.08,110,0,1,2890.5,3365.8,475.3,2,2,82.4,0.0,211.7,150.5,30.6,82.4
2026-09-19 22:43:22,mfsweep_shard0,LRT_MMUR,45,4718.08,111,0,1,2916.8,4093.5,1176.7,2,2,62.2,0.1,235.4,232.4,613.5,95.3
2026-09-19 22:43:22,mfsweep_shard0,LRT_MMUR,45,4718.08,112,0,1,2943.1,4231.8,1288.7,2,2,70.1,0.1,204.8,259.8,753.9,70.1
2026-09-19 22:43:22,mfsweep_shard0,LRT_MMUR,45,4718.08,113,0,1,2969.3,4226.5,1257.2,2,2,59.4,0.2,368.2,201.8,592.5,94.5
2026-09-19 22:43:22,mfsweep_shard0,LRT_MMUR,45,4718.08,114,0,1,2995.6,3356.5,360.9,2,2,83.7,0.0,102.9,156.3,18.0,83.7
2026-09-19 22:43:22,mfsweep_shard0,LRT_MMUR,45,4718.08,115,0,1,3021.9,3524.1,502.2,2,2,82.3,0.0,199.4,168.5,52.0,82.3
2026-09-19 22:43:22,mfsweep_shard0,LRT_MMUR,45,4718.08,116,0,1,3048.2,4377.1,1328.9,2,2,63.4,0.2,285.8,192.7,786.8,63.4
2026-09-19 22:43:22,mfsweep_shard0,LRT_MMUR,45,4718.08,117,0,1,3074.5,3616.1,541.7,2,2,74.6,0.0,73.2,156.0,237.9,74.6
2026-09-19 22:43:22,mfsweep_shard0,LRT_MMUR,45,4718.08,118,0,1,3100.7,3916.3,815.6,2,2,73.6,0.2,316.4,210.2,203.2,85.6
2026-09-19 22:43:22,mfsweep_shard0,LRT_MMUR,45,4718.08,119,0,1,3127.0,3845.5,718.5,2,2,58.6,0.2,291.7,174.2,193.9,58.6
2026-09-19 22:43:22,mfsweep_shard0,LRT_MMUR,45,4718.08,120,0,1,3153.3,3487.6,334.3,2,2,78.7,0.0,57.1,192.1,6.3,78.7
2026-09-19 22:43:22,mfsweep_shard0,LRT_MMUR,45,4718.08,121,0,1,3179.6,4175.7,996.2,2,2,71.3,0.3,183.5,277.3,463.7,71.3
2026-09-19 22:43:22,mfsweep_shard0,LRT_MMUR,45,4718.08,122,0,1,3205.8,4118.9,913.0,2,2,79.2,0.1,203.7,315.4,305.8,88.1
2026-09-19 22:43:22,mfsweep_shard0,LRT_MMUR,45,4718.08,123,0,1,3232.1,3930.8,698.7,2,2,71.0,0.3,178.7,332.5,116.2,71.0
2026-09-19 22:43:22,mfsweep_shard0,LRT_MMUR,45,4718.08,124,0,1,3258.4,4718.1,1459.7,2,2,53.6,0.3,281.0,180.1,908.1,90.1
2026-09-19 22:43:22,mfsweep_shard0,LRT_MMUR,45,4718.08,125,0,1,3284.7,4280.0,995.3,2,2,64.2,0.3,220.9,255.8,454.2,64.2
2026-09-19 22:43:22,mfsweep_shard0,LRT_MMUR,45,4718.08,126,0,1,3311.0,4539.7,1228.7,2,2,54.2,0.0,246.6,227.9,685.5,68.6
2026-09-19 22:43:22,mfsweep_shard0,LRT_MMUR,45,4718.08,127,0,1,3337.2,3741.6,404.4,2,2,84.2,0.0,154.2,107.9,58.1,84.2
2026-09-19 22:43:22,mfsweep_shard0,LRT_MMUR,45,4718.08,128,0,1,3363.5,3763.8,400.3,2,2,82.5,0.0,210.4,107.4,0.0,82.5
2026-09-19 22:43:22,mfsweep_shard0,LRT_MMUR,45,4718.08,129,0,1,3389.8,4058.6,668.9,2,2,81.0,0.2,173.9,174.3,188.1,132.4
2026-09-19 22:43:22,mfsweep_shard0,LRT_MMUR,45,4718.08,130,0,1,3416.1,4329.3,913.2,2,2,63.7,0.2,187.8,160.5,501.0,63.7
2026-09-19 22:43:22,mfsweep_shard0,LRT_MMUR,45,4718.08,131,0,1,3442.3,4501.1,1058.7,2,2,55.5,0.0,53.4,381.3,568.6,55.5
2026-09-19 22:43:22,mfsweep_shard0,LRT_MMUR,45,4718.08,132,0,1,3468.6,3921.1,452.5,2,2,82.5,0.0,148.5,219.5,2.0,82.5
2026-09-19 22:43:22,mfsweep_shard0,LRT_MMUR,45,4718.08,133,0,1,3494.9,3990.5,495.6,2,2,84.8,0.0,134.7,243.5,32.7,84.8
2026-09-19 22:43:22,mfsweep_shard0,LRT_MMUR,45,4718.08,134,0,1,3521.2,3775.8,254.7,2,2,56.4,0.0,66.4,131.8,0.0,56.4
2026-09-19 22:43:22,mfsweep_shard0,LRT_MMUR,45,4718.08,135,0,1,3547.5,3958.2,410.7,2,2,69.6,0.0,186.6,99.8,54.7,69.6
2026-09-19 22:43:22,mfsweep_shard0,LRT_MMUR,45,4718.08,136,0,1,3573.7,4460.1,886.3,2,2,55.8,0.0,154.5,107.6,568.3,55.8
2026-09-19 22:47:32,mfsweep_shard0,LRT_MMUR,46,4805.54,0,0,1,0.0,203.4,203.4,2,2,74.6,0.0,59.6,69.2,0.0,74.6
2026-09-19 22:47:32,mfsweep_shard0,LRT_MMUR,46,4805.54,1,0,1,26.3,250.9,224.6,2,2,54.4,0.0,66.4,67.9,36.0,54.4
2026-09-19 22:47:32,mfsweep_shard0,LRT_MMUR,46,4805.54,2,0,1,52.6,244.5,192.0,2,2,62.6,0.0,60.8,68.5,0.0,62.6
2026-09-19 22:47:32,mfsweep_shard0,LRT_MMUR,46,4805.54,3,0,1,78.8,294.1,215.2,2,2,60.9,0.0,66.9,67.5,19.9,60.9
2026-09-19 22:47:32,mfsweep_shard0,LRT_MMUR,46,4805.54,4,0,1,105.1,298.9,193.8,2,2,77.8,0.0,44.7,71.2,0.0,77.8
2026-09-19 22:47:32,mfsweep_shard0,LRT_MMUR,46,4805.54,5,0,1,131.4,370.8,239.4,2,2,75.9,0.0,49.7,76.9,36.8,75.9
2026-09-19 22:47:32,mfsweep_shard0,LRT_MMUR,46,4805.54,6,0,1,157.7,517.7,360.0,2,2,83.0,0.0,89.8,145.7,30.0,94.4
2026-09-19 22:47:32,mfsweep_shard0,LRT_MMUR,46,4805.54,7,0,1,183.9,768.9,584.9,2,2,56.4,0.0,134.4,180.7,213.4,56.4
2026-09-19 22:47:32,mfsweep_shard0,LRT_MMUR,46,4805.54,8,0,1,210.2,649.2,439.0,2,2,67.5,0.1,141.9,132.1,75.6,89.4
2026-09-19 22:47:32,mfsweep_shard0,LRT_MMUR,46,4805.54,9,0,1,236.5,485.0,248.5,2,2,54.5,0.0,100.9,93.0,0.0,54.5
2026-09-19 22:47:32,mfsweep_shard0,LRT_MMUR,46,4805.54,10,0,1,262.8,750.9,488.1,2,2,60.8,0.0,141.6,82.6,203.1,60.8
2026-09-19 22:47:32,mfsweep_shard0,LRT_MMUR,46,4805.54,11,0,1,289.1,581.4,292.4,2,2,70.2,0.0,74.0,77.9,70.2,70.2
2026-09-19 22:47:32,mfsweep_shard0,LRT_MMUR,46,4805.54,12,0,1,315.3,532.0,216.7,2,2,54.4,0.0,86.0,76.2,0.0,54.4
2026-09-19 22:47:32,mfsweep_shard0,LRT_MMUR,46,4805.54,13,0,1,341.6,577.0,235.3,2,2,60.1,0.0,86.8,81.4,7.0,60.1
2026-09-19 22:47:32,mfsweep_shard0,LRT_MMUR,46,4805.54,14,0,1,367.9,667.4,299.5,2,2,75.0,0.0,82.9,141.5,0.0,75.0
2026-09-19 22:47:32,mfsweep_shard0,LRT_MMUR,46,4805.54,15,0,1,394.2,736.6,342.5,2,2,71.5,0.0,92.4,168.6,9.9,71.5
2026-09-19 22:47:32,mfsweep_shard0,LRT_MMUR,46,4805.54,16,0,1,420.4,970.9,550.5,2,2,60.8,0.0,111.2,191.7,186.7,60.8
2026-09-19 22:47:32,mfsweep_shard0,LRT_MMUR,46,4805.54,17,0,1,446.7,841.0,394.3,2,2,73.0,0.0,115.0,174.6,31.7,73.0
2026-09-19 22:47:32,mfsweep_shard0,LRT_MMUR,46,4805.54,18,0,1,473.0,896.0,423.0,2,2,80.3,0.0,65.5,221.4,55.8,80.3
2026-09-19 22:47:32,mfsweep_shard0,LRT_MMUR,46,4805.54,19,0,1,499.3,984.8,485.5,2,2,53.8,0.0,88.8,79.3,263.6,53.8
2026-09-19 22:47:32,mfsweep_shard0,LRT_MMUR,46,4805.54,20,0,1,525.6,800.1,274.6,2,2,80.1,0.0,111.8,71.8,10.9,80.1
2026-09-19 22:47:32,mfsweep_shard0,LRT_MMUR,46,4805.54,21,0,1,551.8,877.2,325.4,2,2,76.6,0.0,141.3,82.2,25.3,76.6
2026-09-19 22:47:32,mfsweep_shard0,LRT_MMUR,46,4805.54,22,0,1,578.1,818.4,240.3,2,2,64.8,0.0,96.9,78.6,0.0,64.8
2026-09-19 22:47:32,mfsweep_shard0,LRT_MMUR,46,4805.54,23,0,1,604.4,1287.5,683.1,2,2,58.7,0.0,147.1,118.4,359.0,58.7
2026-09-19 22:47:32,mfsweep_shard0,LRT_MMUR,46,4805.54,24,0,1,630.7,1030.0,399.4,2,2,85.1,0.0,169.3,96.0,48.8,85.1
2026-09-19 22:47:32,mfsweep_shard0,LRT_MMUR,46,4805.54,25,0,1,656.9,966.4,309.5,2,2,64.7,0.0,127.0,92.0,25.8,64.7
2026-09-19 22:47:32,mfsweep_shard0,LRT_MMUR,46,4805.54,26,0,1,683.2,1381.8,698.6,2,2,56.6,0.0,106.2,97.2,438.6,56.6
2026-09-19 22:47:32,mfsweep_shard0,LRT_MMUR,46,4805.54,27,0,1,709.5,1394.6,685.1,2,2,56.7,0.0,140.0,131.0,357.3,56.7
2026-09-19 22:47:32,mfsweep_shard0,LRT_MMUR,46,4805.54,28,0,1,735.8,1056.7,320.9,2,2,81.5,0.0,58.9,120.6,59.8,81.5
2026-09-19 22:47:32,mfsweep_shard0,LRT_MMUR,46,4805.54,29,0,1,762.0,1241.9,479.8,2,2,73.5,0.0,76.8,154.4,175.2,73.5
2026-09-19 22:47:32,mfsweep_shard0,LRT_MMUR,46,4805.54,30,0,1,788.3,1108.8,320.5,2,2,80.2,0.0,87.9,71.0,81.3,80.2
2026-09-19 22:47:32,mfsweep_shard0,LRT_MMUR,46,4805.54,31,0,1,814.6,1190.0,375.4,2,2,77.6,0.0,111.8,82.2,103.7,77.6
2026-09-19 22:47:32,mfsweep_shard0,LRT_MMUR,46,4805.54,32,0,1,840.9,1589.7,748.8,2,2,71.2,0.0,139.9,108.3,429.3,71.2
2026-09-19 22:47:32,mfsweep_shard0,LRT_MMUR,46,4805.54,33,0,1,867.2,1139.3,272.1,2,2,85.7,0.0,106.5,80.0,0.0,85.7
2026-09-19 22:47:32,mfsweep_shard0,LRT_MMUR,46,4805.54,34,0,1,893.4,1673.7,780.3,2,2,66.0,0.0,161.2,100.2,452.8,66.0
2026-09-19 22:47:32,mfsweep_shard0,LRT_MMUR,46,4805.54,35,0,1,919.7,1222.4,302.7,2,2,71.8,0.0,101.0,110.1,19.9,71.8
2026-09-19 22:47:32,mfsweep_shard0,LRT_MMUR,46,4805.54,36,0,1,946.0,1273.6,327.6,2,2,80.9,0.0,126.1,86.7,33.8,80.9
2026-09-19 22:47:32,mfsweep_shard0,LRT_MMUR,46,4805.54,37,0,1,972.3,1474.7,502.4,2,2,74.0,0.0,102.2,88.8,237.5,74.0
2026-09-19 22:47:32,mfsweep_shard0,LRT_MMUR,46,4805.54,38,0,1,998.5,1324.5,325.9,2,2,82.0,0.0,98.6,116.6,28.7,82.0
2026-09-19 22:47:32,mfsweep_shard0,LRT_MMUR,46,4805.54,39,0,1,1024.8,1534.7,509.9,2,2,72.6,0.0,88.4,123.4,225.5,72.6
2026-09-19 22:47:32,mfsweep_shard0,LRT_MMUR,46,4805.54,40,0,1,1051.1,1452.3,401.2,2,2,76.8,0.0,148.6,85.2,90.6,76.8
2026-09-19 22:47:32,mfsweep_shard0,LRT_MMUR,46,4805.54,41,0,1,1077.4,1725.1,647.7,2,2,55.1,0.0,147.0,92.4,353.2,55.1
2026-09-19 22:47:32,mfsweep_shard0,LRT_MMUR,46,4805.54,42,0,1,1103.7,1351.8,248.2,2,2,61.1,0.0,77.4,109.7,0.0,61.1
2026-09-19 22:47:32,mfsweep_shard0,LRT_MMUR,46,4805.54,43,0,1,1129.9,1422.6,292.7,2,2,63.1,0.0,85.7,143.9,0.0,63.1
2026-09-19 22:47:32,mfsweep_shard0,LRT_MMUR,46,4805.54,44,0,1,1156.2,1470.0,313.8,2,2,56.2,0.0,88.2,144.7,24.7,56.2
2026-09-19 22:47:32,mfsweep_shard0,LRT_MMUR,46,4805.54,45,0,1,1182.5,1501.8,319.3,2,2,61.2,0.0,85.2,159.0,13.9,61.2
2026-09-19 22:47:32,mfsweep_shard0,LRT_MMUR,46,4805.54,46,0,1,1208.8,1932.2,723.4,2,2,56.9,0.0,70.1,140.8,455.6,56.9
2026-09-19 22:47:32,mfsweep_shard0,LRT_MMUR,46,4805.54,47,0,1,1235.0,1691.2,456.1,2,2,62.7,0.0,88.4,157.1,147.8,62.7
2026-09-19 22:47:32,mfsweep_shard0,LRT_MMUR,46,4805.54,48,0,1,1261.3,1641.2,379.9,2,2,74.5,0.0,139.4,123.5,42.5,74.5
2026-09-19 22:47:32,mfsweep_shard0,LRT_MMUR,46,4805.54,49,0,1,1287.6,1664.1,376.5,2,2,65.6,0.0,138.1,89.7,83.1,65.6
2026-09-19 22:47:32,mfsweep_shard0,LRT_MMUR,46,4805.54,50,0,1,1313.9,1793.1,479.2,2,2,65.8,0.0,218.1,125.8,69.5,65.8
2026-09-19 22:47:32,mfsweep_shard0,LRT_MMUR,46,4805.54,51,0,1,1340.2,1923.0,582.8,2,2,60.5,0.0,214.6,98.8,209.0,60.5
2026-09-19 22:47:32,mfsweep_shard0,LRT_MMUR,46,4805.54,52,0,1,1366.4,1866.0,499.6,2,2,62.4,0.0,153.3,113.6,170.3,62.4
2026-09-19 22:47:32,mfsweep_shard0,LRT_MMUR,46,4805.54,53,0,1,1392.7,1761.1,368.4,2,2,84.5,0.0,130.8,118.0,35.1,84.5
2026-09-19 22:47:32,mfsweep_shard0,LRT_MMUR,46,4805.54,54,0,1,1419.0,1729.9,310.9,2,2,74.9,0.0,117.8,118.1,0.0,74.9
2026-09-19 22:47:32,mfsweep_shard0,LRT_MMUR,46,4805.54,55,0,1,1445.3,1807.0,361.7,2,2,73.6,0.0,107.1,134.2,46.7,73.6
2026-09-19 22:47:32,mfsweep_shard0,LRT_MMUR,46,4805.54,56,0,1,1471.5,2312.3,840.8,2,2,59.2,0.0,143.8,125.6,512.2,59.2
2026-09-19 22:47:32,mfsweep_shard0,LRT_MMUR,46,4805.54,57,0,1,1497.8,1884.2,386.4,2,2,77.6,0.0,147.9,153.2,7.7,77.6
2026-09-19 22:47:32,mfsweep_shard0,LRT_MMUR,46,4805.54,58,0,1,1524.1,2361.2,837.1,2,2,58.9,0.0,128.2,161.8,488.2,58.9
2026-09-19 22:47:32,mfsweep_shard0,LRT_MMUR,46,4805.54,59,0,1,1550.4,1913.6,363.2,2,2,66.1,0.0,147.8,139.8,9.6,66.1
2026-09-19 22:47:32,mfsweep_shard0,LRT_MMUR,46,4805.54,60,0,1,1576.6,2138.5,561.9,2,2,86.2,0.1,177.6,209.2,74.3,100.7
2026-09-19 22:47:32,mfsweep_shard0,LRT_MMUR,46,4805.54,61,0,1,1602.9,2174.4,571.5,2,2,74.7,0.1,192.7,123.3,180.8,74.7
2026-09-19 22:47:32,mfsweep_shard0,LRT_MMUR,46,4805.54,62,0,1,1629.2,2234.8,605.6,2,2,71.9,0.1,111.7,146.2,275.7,71.9
2026-09-19 22:47:32,mfsweep_shard0,LRT_MMUR,46,4805.54,63,0,1,1655.5,2028.7,373.2,2,2,76.1,0.0,107.3,156.6,33.1,76.1
2026-09-19 22:47:32,mfsweep_shard0,LRT_MMUR,46,4805.54,64,0,1,1681.8,1974.2,292.5,2,2,81.4,0.0,70.6,111.8,28.7,81.4
2026-09-19 22:47:32,mfsweep_shard0,LRT_MMUR,46,4805.54,65,0,1,1708.0,2143.0,435.0,2,2,79.2,0.0,140.0,193.3,0.0,101.6
2026-09-19 22:47:32,mfsweep_shard0,LRT_MMUR,46,4805.54,66,0,1,1734.3,2253.0,518.7,2,2,61.1,0.0,84.7,121.1,251.8,61.1
2026-09-19 22:47:32,mfsweep_shard0,LRT_MMUR,46,4805.54,67,0,1,1760.6,3837.7,2077.1,2,2,54.6,0.0,151.7,233.9,1636.8,54.6
2026-09-19 22:47:32,mfsweep_shard0,LRT_MMUR,46,4805.54,68,0,1,1786.9,2784.4,997.6,2,2,64.0,0.0,149.0,321.8,462.8,64.0
2026-09-19 22:47:32,mfsweep_shard0,LRT_MMUR,46,4805.54,69,0,1,1813.1,4403.1,2590.0,2,2,62.4,0.1,324.6,368.9,1834.1,62.4
2026-09-19 22:47:32,mfsweep_shard0,LRT_MMUR,46,4805.54,70,0,1,1839.4,4636.5,2797.0,2,2,60.5,0.2,428.3,338.7,1969.3,60.5
2026-09-19 22:47:32,mfsweep_shard0,LRT_MMUR,46,4805.54,71,0,1,1865.7,2247.0,381.3,2,2,84.7,0.0,124.5,113.0,59.1,84.7
2026-09-19 22:47:32,mfsweep_shard0,LRT_MMUR,46,4805.54,72,0,1,1892.0,2352.2,460.3,2,2,82.5,0.0,184.0,139.0,54.8,82.5
2026-09-19 22:47:32,mfsweep_shard0,LRT_MMUR,46,4805.54,73,0,1,1918.3,4355.2,2436.9,2,2,63.9,0.3,366.3,310.5,1651.6,108.3
2026-09-19 22:47:32,mfsweep_shard0,LRT_MMUR,46,4805.54,74,0,1,1944.5,2371.2,426.6,2,2,75.2,0.0,164.7,97.4,89.3,75.2
2026-09-19 22:47:32,mfsweep_shard0,LRT_MMUR,46,4805.54,75,0,1,1970.8,2750.2,779.4,2,2,66.6,0.2,328.7,192.0,191.9,66.6
2026-09-19 22:47:32,mfsweep_shard0,LRT_MMUR,46,4805.54,76,0,1,1997.1,2563.5,566.5,2,2,83.7,0.2,246.0,163.6,72.7,84.0
2026-09-19 22:47:32,mfsweep_shard0,LRT_MMUR,46,4805.54,77,0,1,2023.4,2704.6,681.2,2,2,68.7,0.3,292.8,177.4,142.1,68.7
2026-09-19 22:47:32,mfsweep_shard0,LRT_MMUR,46,4805.54,78,0,1,2049.6,2405.8,356.1,2,2,62.3,0.0,142.2,141.3,10.4,62.3
2026-09-19 22:47:32,mfsweep_shard0,LRT_MMUR,46,4805.54,79,0,1,2075.9,4591.6,2515.6,2,2,61.7,0.2,336.3,252.7,1864.7,61.7
2026-09-19 22:47:32,mfsweep_shard0,LRT_MMUR,46,4805.54,80,0,1,2102.2,2641.4,539.2,2,2,72.1,0.2,169.8,216.5,35.1,117.5
2026-09-19 22:47:32,mfsweep_shard0,LRT_MMUR,46,4805.54,81,0,1,2128.5,4544.3,2415.8,2,2,62.2,0.2,210.4,361.3,1781.7,62.2
2026-09-19 22:47:32,mfsweep_shard0,LRT_MMUR,46,4805.54,82,0,1,2154.7,2478.4,323.7,2,2,72.8,0.0,114.7,116.9,19.1,72.8
2026-09-19 22:47:32,mfsweep_shard0,LRT_MMUR,46,4805.54,83,0,1,2181.0,2515.1,334.0,2,2,83.2,0.0,70.3,158.0,22.6,83.2
2026-09-19 22:47:32,mfsweep_shard0,LRT_MMUR,46,4805.54,84,0,1,2207.3,2957.9,750.6,2,2,66.7,0.0,128.7,244.3,310.9,66.7
2026-09-19 22:47:32,mfsweep_shard0,LRT_MMUR,46,4805.54,85,0,1,2233.6,2985.9,752.3,2,2,60.8,0.0,51.9,288.7,350.8,60.8
2026-09-19 22:47:32,mfsweep_shard0,LRT_MMUR,46,4805.54,86,0,1,2259.9,2670.1,410.3,2,2,86.5,0.0,126.7,188.1,9.0,86.5
2026-09-19 22:47:32,mfsweep_shard0,LRT_MMUR,46,4805.54,87,0,1,2286.1,2851.9,565.8,2,2,70.4,0.0,69.7,222.7,203.1,70.4
2026-09-19 22:47:32,mfsweep_shard0,LRT_MMUR,46,4805.54,88,0,1,2312.4,3063.4,751.0,2,2,56.5,0.0,101.2,175.6,417.6,56.5
2026-09-19 22:47:32,mfsweep_shard0,LRT_MMUR,46,4805.54,89,0,1,2338.7,2607.3,268.6,2,2,55.1,0.0,88.7,124.8,0.0,55.1
2026-09-19 22:47:32,mfsweep_shard0,LRT_MMUR,46,4805.54,90,0,1,2365.0,3045.2,680.2,2,2,57.2,0.0,136.8,182.0,304.2,57.2
2026-09-19 22:47:32,mfsweep_shard0,LRT_MMUR,46,4805.54,91,0,1,2391.2,2722.3,331.1,2,2,74.3,0.0,59.2,141.7,55.8,74.3
2026-09-19 22:47:32,mfsweep_shard0,LRT_MMUR,46,4805.54,92,0,1,2417.5,2829.0,411.5,2,2,79.7,0.0,138.4,166.9,26.5,79.7
2026-09-19 22:47:32,mfsweep_shard0,LRT_MMUR,46,4805.54,93,0,1,2443.8,2874.8,431.0,2,2,67.5,0.0,131.0,145.3,87.2,67.5
2026-09-19 22:47:32,mfsweep_shard0,LRT_MMUR,46,4805.54,94,0,1,2470.1,3144.2,674.1,2,2,55.6,0.0,113.3,160.7,344.5,55.6
2026-09-19 22:47:32,mfsweep_shard0,LRT_MMUR,46,4805.54,95,0,1,2496.4,4306.9,1810.5,2,2,66.1,0.1,267.0,180.5,1296.7,66.1
2026-09-19 22:47:32,mfsweep_shard0,LRT_MMUR,46,4805.54,96,0,1,2522.6,2911.8,389.2,2,2,86.4,0.0,130.2,172.5,0.0,86.4
2026-09-19 22:47:32,mfsweep_shard0,LRT_MMUR,46,4805.54,97,0,1,2548.9,3894.3,1345.3,2,2,71.0,0.2,151.9,183.2,939.1,71.0
2026-09-19 22:47:32,mfsweep_shard0,LRT_MMUR,46,4805.54,98,0,1,2575.2,2953.2,378.0,2,2,85.6,0.0,102.7,144.7,45.0,85.6
2026-09-19 22:47:32,mfsweep_shard0,LRT_MMUR,46,4805.54,99,0,1,2601.5,2995.0,393.6,2,2,82.0,0.0,87.8,129.9,93.9,82.0
2026-09-19 22:47:32,mfsweep_shard0,LRT_MMUR,46,4805.54,100,0,1,2627.7,4805.5,2177.8,2,2,53.9,0.2,298.7,147.3,1677.7,53.9
2026-09-19 22:47:32,mfsweep_shard0,LRT_MMUR,46,4805.54,101,0,1,2654.0,3076.9,422.9,2,2,77.3,0.0,170.3,141.3,34.0,77.3
2026-09-19 22:47:32,mfsweep_shard0,LRT_MMUR,46,4805.54,102,0,1,2680.3,3139.4,459.1,2,2,76.0,0.0,128.2,121.8,133.0,76.0
2026-09-19 22:47:32,mfsweep_shard0,LRT_MMUR,46,4805.54,103,0,1,2706.6,3285.0,578.5,2,2,71.3,0.0,223.8,158.0,125.4,71.3
2026-09-19 22:47:32,mfsweep_shard0,LRT_MMUR,46,4805.54,104,0,1,2732.9,4449.9,1717.0,2,2,62.4,0.2,203.9,177.1,1273.4,62.4
2026-09-19 22:47:32,mfsweep_shard0,LRT_MMUR,46,4805.54,105,0,1,2759.1,3191.2,432.1,2,2,74.7,0.0,93.6,199.4,64.4,74.7
2026-09-19 22:47:32,mfsweep_shard0,LRT_MMUR,46,4805.54,106,0,1,2785.4,4767.2,1981.8,2,2,57.2,0.2,249.7,241.7,1432.9,57.2
2026-09-19 22:47:32,mfsweep_shard0,LRT_MMUR,46,4805.54,107,0,1,2811.7,4255.2,1443.5,2,2,67.9,0.3,264.8,209.0,901.6,67.9
2026-09-19 22:47:32,mfsweep_shard0,LRT_MMUR,46,4805.54,108,0,1,2838.0,4202.9,1364.9,2,2,68.5,0.3,121.0,256.5,918.6,68.5
2026-09-19 22:47:32,mfsweep_shard0,LRT_MMUR,46,4805.54,109,0,1,2864.2,3346.1,481.9,2,2,85.0,0.0,99.4,250.4,47.1,85.0
2026-09-19 22:47:32,mfsweep_shard0,LRT_MMUR,46,4805.54,110,0,1,2890.5,3497.1,606.6,2,2,82.4,0.0,92.5,250.1,181.5,82.4
2026-09-19 22:47:32,mfsweep_shard0,LRT_MMUR,46,4805.54,111,0,1,2916.8,4497.7,1580.9,2,2,62.2,0.3,200.8,286.2,1031.4,62.2
2026-09-19 22:47:32,mfsweep_shard0,LRT_MMUR,46,4805.54,112,0,1,2943.1,4148.8,1205.7,2,2,70.1,0.3,79.2,193.6,862.6,70.1
2026-09-19 22:47:32,mfsweep_shard0,LRT_MMUR,46,4805.54,113,0,1,2969.3,4681.5,1712.1,2,2,59.4,0.3,133.7,154.3,1364.3,59.4
2026-09-19 22:47:32,mfsweep_shard0,LRT_MMUR,46,4805.54,114,0,1,2995.6,3428.6,432.9,2,2,83.7,0.0,94.7,146.5,108.0,83.7
2026-09-19 22:47:32,mfsweep_shard0,LRT_MMUR,46,4805.54,115,0,1,3021.9,3516.0,494.1,2,2,82.3,0.0,62.8,120.5,228.5,82.3
2026-09-19 22:47:32,mfsweep_shard0,LRT_MMUR,46,4805.54,116,0,1,3048.2,3362.3,314.1,2,2,63.4,0.0,94.7,156.0,0.0,63.4
2026-09-19 22:47:32,mfsweep_shard0,LRT_MMUR,46,4805.54,117,0,1,3074.5,3700.3,625.8,2,2,74.6,0.0,181.9,134.0,235.2,74.6
2026-09-19 22:47:32,mfsweep_shard0,LRT_MMUR,46,4805.54,118,0,1,3100.7,3732.1,631.4,2,2,73.6,0.0,177.4,98.4,281.9,73.6
2026-09-19 22:47:32,mfsweep_shard0,LRT_MMUR,46,4805.54,119,0,1,3127.0,4724.4,1597.4,2,2,58.6,0.3,176.2,161.8,1200.5,58.6
2026-09-19 22:47:32,mfsweep_shard0,LRT_MMUR,46,4805.54,120,0,1,3153.3,3646.9,493.7,2,2,78.7,0.1,153.7,107.8,153.4,78.7
2026-09-19 22:47:32,mfsweep_shard0,LRT_MMUR,46,4805.54,121,0,1,3179.6,4097.1,917.5,2,2,71.3,0.4,339.8,131.7,329.1,116.7
2026-09-19 22:47:32,mfsweep_shard0,LRT_MMUR,46,4805.54,122,0,1,3205.8,3580.6,374.8,2,2,79.2,0.0,134.0,141.6,19.9,79.2
2026-09-19 22:47:32,mfsweep_shard0,LRT_MMUR,46,4805.54,123,0,1,3232.1,3981.2,749.1,2,2,71.0,0.4,186.3,157.9,333.5,71.0
2026-09-19 22:47:32,mfsweep_shard0,LRT_MMUR,46,4805.54,124,0,1,3258.4,3585.3,326.9,2,2,53.6,0.0,119.6,153.7,0.0,53.6
2026-09-19 22:47:32,mfsweep_shard0,LRT_MMUR,46,4805.54,125,0,1,3284.7,3637.4,352.8,2,2,64.2,0.0,141.8,132.1,14.7,64.2
2026-09-19 22:47:32,mfsweep_shard0,LRT_MMUR,46,4805.54,126,0,1,3311.0,4092.3,781.4,2,2,54.2,0.0,119.2,105.3,502.6,54.2
2026-09-19 22:47:32,mfsweep_shard0,LRT_MMUR,46,4805.54,127,0,1,3337.2,3705.0,367.7,2,2,84.2,0.0,128.7,140.7,14.1,84.2
2026-09-19 22:47:32,mfsweep_shard0,LRT_MMUR,46,4805.54,128,0,1,3363.5,3737.4,373.9,2,2,82.5,0.0,62.0,183.9,45.4,82.5
2026-09-19 22:47:32,mfsweep_shard0,LRT_MMUR,46,4805.54,129,0,1,3389.8,3918.9,529.1,2,2,81.0,0.0,83.3,159.7,205.0,81.0
2026-09-19 22:47:32,mfsweep_shard0,LRT_MMUR,46,4805.54,130,0,1,3416.1,3985.6,569.5,2,2,63.7,0.0,53.2,155.1,297.5,63.7
2026-09-19 22:47:32,mfsweep_shard0,LRT_MMUR,46,4805.54,131,0,1,3442.3,4052.0,609.6,2,2,55.5,0.0,54.2,161.3,338.6,55.5
2026-09-19 22:47:32,mfsweep_shard0,LRT_MMUR,46,4805.54,132,0,1,3468.6,3851.7,383.1,2,2,82.5,0.0,88.7,143.6,68.2,82.5
2026-09-19 22:47:32,mfsweep_shard0,LRT_MMUR,46,4805.54,133,0,1,3494.9,4041.6,546.7,2,2,84.8,0.0,259.2,153.3,42.3,91.8
2026-09-19 22:47:32,mfsweep_shard0,LRT_MMUR,46,4805.54,134,0,1,3521.2,4013.8,492.6,2,2,56.4,0.0,149.0,92.4,194.8,56.4
2026-09-19 22:47:32,mfsweep_shard0,LRT_MMUR,46,4805.54,135,0,1,3547.5,3963.4,415.9,2,2,69.6,0.0,118.5,97.2,130.5,69.6
2026-09-19 22:47:32,mfsweep_shard0,LRT_MMUR,46,4805.54,136,0,1,3573.7,3831.0,257.3,2,2,55.8,0.0,113.0,88.4,0.0,55.8
2026-09-19 22:51:26,mfsweep_shard0,LRT_MMUR,47,4485.26,0,0,1,0.0,203.4,203.4,2,2,74.6,0.0,59.6,69.2,0.0,74.6
2026-09-19 22:51:26,mfsweep_shard0,LRT_MMUR,47,4485.26,1,0,1,26.3,851.6,825.4,2,2,54.4,0.0,139.8,178.7,427.0,79.9
2026-09-19 22:51:26,mfsweep_shard0,LRT_MMUR,47,4485.26,2,0,1,52.6,247.7,195.1,2,2,62.6,0.0,63.9,68.5,0.0,62.6
2026-09-19 22:51:26,mfsweep_shard0,LRT_MMUR,47,4485.26,3,0,1,78.8,283.7,204.9,2,2,60.9,0.0,60.7,63.3,19.9,60.9
2026-09-19 22:51:26,mfsweep_shard0,LRT_MMUR,47,4485.26,4,0,1,105.1,308.6,203.5,2,2,77.8,0.0,47.4,78.2,0.0,77.8
2026-09-19 22:51:26,mfsweep_shard0,LRT_MMUR,47,4485.26,5,0,1,131.4,616.2,484.8,2,2,75.9,0.0,86.7,116.8,205.4,75.9
2026-09-19 22:51:26,mfsweep_shard0,LRT_MMUR,47,4485.26,6,0,1,157.7,557.7,400.0,2,2,83.0,0.1,111.9,121.8,29.1,137.2
2026-09-19 22:51:26,mfsweep_shard0,LRT_MMUR,47,4485.26,7,0,1,183.9,824.2,640.2,2,2,56.4,0.1,185.8,139.4,258.5,56.4
2026-09-19 22:51:26,mfsweep_shard0,LRT_MMUR,47,4485.26,8,0,1,210.2,492.6,282.4,2,2,67.5,0.0,81.0,100.2,33.7,67.5
2026-09-19 22:51:26,mfsweep_shard0,LRT_MMUR,47,4485.26,9,0,1,236.5,446.4,209.9,2,2,54.5,0.0,88.0,67.3,0.0,54.5
2026-09-19 22:51:26,mfsweep_shard0,LRT_MMUR,47,4485.26,10,0,1,262.8,740.9,478.1,2,2,60.8,0.0,79.5,84.5,253.3,60.8
2026-09-19 22:51:26,mfsweep_shard0,LRT_MMUR,47,4485.26,11,0,1,289.1,709.8,420.8,2,2,70.2,0.0,91.0,89.2,170.4,70.2
2026-09-19 22:51:26,mfsweep_shard0,LRT_MMUR,47,4485.26,12,0,1,315.3,576.4,261.1,2,2,54.4,0.0,108.5,98.1,0.0,54.4
2026-09-19 22:51:26,mfsweep_shard0,LRT_MMUR,47,4485.26,13,0,1,341.6,745.7,404.0,2,2,60.1,0.0,109.0,77.6,157.4,60.1
2026-09-19 22:51:26,mfsweep_shard0,LRT_MMUR,47,4485.26,14,0,1,367.9,700.5,332.6,2,2,75.0,0.0,104.5,99.8,53.3,75.0
2026-09-19 22:51:26,mfsweep_shard0,LRT_MMUR,47,4485.26,15,0,1,394.2,652.2,258.1,2,2,71.5,0.0,73.4,88.1,25.0,71.5
2026-09-19 22:51:26,mfsweep_shard0,LRT_MMUR,47,4485.26,16,0,1,420.4,705.0,284.6,2,2,60.8,0.0,77.5,136.0,10.3,60.8
2026-09-19 22:51:26,mfsweep_shard0,LRT_MMUR,47,4485.26,17,0,1,446.7,897.3,450.6,2,2,73.0,0.0,103.4,193.2,81.0,73.0
2026-09-19 22:51:26,mfsweep_shard0,LRT_MMUR,47,4485.26,18,0,1,473.0,793.2,320.2,2,2,80.3,0.0,123.8,87.5,28.7,80.3
2026-09-19 22:51:26,mfsweep_shard0,LRT_MMUR,47,4485.26,19,0,1,499.3,1155.4,656.1,2,2,53.8,0.0,100.2,79.4,422.7,53.8
2026-09-19 22:51:26,mfsweep_shard0,LRT_MMUR,47,4485.26,20,0,1,525.6,933.8,408.3,2,2,80.1,0.0,150.2,124.9,52.9,80.1
2026-09-19 22:51:26,mfsweep_shard0,LRT_MMUR,47,4485.26,21,0,1,551.8,980.4,428.6,2,2,76.6,0.0,233.5,106.5,12.0,76.6
2026-09-19 22:51:26,mfsweep_shard0,LRT_MMUR,47,4485.26,22,0,1,578.1,1044.1,466.0,2,2,64.8,0.0,92.8,80.2,228.2,64.8
2026-09-19 22:51:26,mfsweep_shard0,LRT_MMUR,47,4485.26,23,0,1,604.4,1097.0,492.7,2,2,58.7,0.0,78.2,101.3,254.5,58.7
2026-09-19 22:51:26,mfsweep_shard0,LRT_MMUR,47,4485.26,24,0,1,630.7,998.4,367.8,2,2,85.1,0.0,119.8,101.8,60.9,85.1
2026-09-19 22:51:26,mfsweep_shard0,LRT_MMUR,47,4485.26,25,0,1,656.9,956.8,299.8,2,2,64.7,0.0,110.8,124.4,0.0,64.7
2026-09-19 22:51:26,mfsweep_shard0,LRT_MMUR,47,4485.26,26,0,1,683.2,1581.4,898.2,2,2,56.6,0.0,111.8,106.4,623.4,56.6
2026-09-19 22:51:26,mfsweep_shard0,LRT_MMUR,47,4485.26,27,0,1,709.5,1528.9,819.4,2,2,56.7,0.0,112.7,142.5,507.4,56.7
2026-09-19 22:51:26,mfsweep_shard0,LRT_MMUR,47,4485.26,28,0,1,735.8,1062.6,326.9,2,2,81.5,0.0,117.2,114.9,13.2,81.5
2026-09-19 22:51:26,mfsweep_shard0,LRT_MMUR,47,4485.26,29,0,1,762.0,1271.5,509.5,2,2,73.5,0.0,72.6,112.8,250.5,73.5
2026-09-19 22:51:26,mfsweep_shard0,LRT_MMUR,47,4485.26,30,0,1,788.3,1160.2,371.9,2,2,80.2,0.0,70.2,155.5,66.0,80.2
2026-09-19 22:51:26,mfsweep_shard0,LRT_MMUR,47,4485.26,31,0,1,814.6,1092.6,278.0,2,2,77.6,0.0,81.8,112.0,6.6,77.6
2026-09-19 22:51:26,mfsweep_shard0,LRT_MMUR,47,4485.26,32,0,1,840.9,1446.2,605.3,2,2,71.2,0.0,110.8,138.6,284.7,71.2
2026-09-19 22:51:26,mfsweep_shard0,LRT_MMUR,47,4485.26,33,0,1,867.2,1215.4,348.3,2,2,85.7,0.0,83.8,127.7,51.1,85.7
2026-09-19 22:51:26,mfsweep_shard0,LRT_MMUR,47,4485.26,34,0,1,893.4,1494.7,601.3,2,2,66.0,0.0,115.5,127.4,292.4,66.0
2026-09-19 22:51:26,mfsweep_shard0,LRT_MMUR,47,4485.26,35,0,1,919.7,1389.0,469.3,2,2,71.8,0.0,76.7,79.4,241.4,71.8
2026-09-19 22:51:26,mfsweep_shard0,LRT_MMUR,47,4485.26,36,0,1,946.0,1329.4,383.4,2,2,80.9,0.0,160.9,86.4,55.2,80.9
2026-09-19 22:51:26,mfsweep_shard0,LRT_MMUR,47,4485.26,37,0,1,972.3,1253.8,281.5,2,2,74.0,0.0,129.8,77.7,0.0,74.0
2026-09-19 22:51:26,mfsweep_shard0,LRT_MMUR,47,4485.26,38,0,1,998.5,1301.8,303.2,2,2,82.0,0.0,109.7,75.1,36.3,82.0
2026-09-19 22:51:26,mfsweep_shard0,LRT_MMUR,47,4485.26,39,0,1,1024.8,1413.6,388.8,2,2,72.6,0.0,169.4,67.9,78.8,72.6
2026-09-19 22:51:26,mfsweep_shard0,LRT_MMUR,47,4485.26,40,0,1,1051.1,1361.1,310.0,2,2,76.8,0.0,112.0,78.8,42.4,76.8
2026-09-19 22:51:26,mfsweep_shard0,LRT_MMUR,47,4485.26,41,0,1,1077.4,2231.9,1154.5,2,2,55.1,0.0,291.4,171.4,636.7,55.1
2026-09-19 22:51:26,mfsweep_shard0,LRT_MMUR,47,4485.26,42,0,1,1103.7,2015.9,912.2,2,2,61.1,0.0,268.9,176.8,405.4,61.1
2026-09-19 22:51:26,mfsweep_shard0,LRT_MMUR,47,4485.26,43,0,1,1129.9,1476.3,346.4,2,2,63.1,0.0,136.3,82.2,64.9,63.1
2026-09-19 22:51:26,mfsweep_shard0,LRT_MMUR,47,4485.26,44,0,1,1156.2,2165.6,1009.4,2,2,56.2,0.1,200.9,127.2,625.1,56.2
2026-09-19 22:51:26,mfsweep_shard0,LRT_MMUR,47,4485.26,45,0,1,1182.5,1975.6,793.2,2,2,61.2,0.1,240.5,161.0,292.7,98.9
2026-09-19 22:51:26,mfsweep_shard0,LRT_MMUR,47,4485.26,46,0,1,1208.8,2136.1,927.3,2,2,56.9,0.1,151.7,175.5,543.1,56.9
2026-09-19 22:51:26,mfsweep_shard0,LRT_MMUR,47,4485.26,47,0,1,1235.0,1533.3,298.3,2,2,62.7,0.0,81.6,134.0,19.9,62.7
2026-09-19 22:51:26,mfsweep_shard0,LRT_MMUR,47,4485.26,48,0,1,1261.3,1564.7,303.4,2,2,74.5,0.0,76.3,152.6,0.0,74.5
2026-09-19 22:51:26,mfsweep_shard0,LRT_MMUR,47,4485.26,49,0,1,1287.6,1639.7,352.1,2,2,65.6,0.0,91.7,184.6,10.2,65.6
2026-09-19 22:51:26,mfsweep_shard0,LRT_MMUR,47,4485.26,50,0,1,1313.9,1775.5,461.6,2,2,65.8,0.0,100.9,186.9,108.0,65.8
2026-09-19 22:51:26,mfsweep_shard0,LRT_MMUR,47,4485.26,51,0,1,1340.2,2077.7,737.5,2,2,60.5,0.0,151.2,244.6,281.2,60.5
2026-09-19 22:51:26,mfsweep_shard0,LRT_MMUR,47,4485.26,52,0,1,1366.4,2002.5,636.1,2,2,62.4,0.0,178.5,109.1,286.1,62.4
2026-09-19 22:51:26,mfsweep_shard0,LRT_MMUR,47,4485.26,53,0,1,1392.7,1703.5,310.8,2,2,84.5,0.0,124.6,100.8,0.9,84.5
2026-09-19 22:51:26,mfsweep_shard0,LRT_MMUR,47,4485.26,54,0,1,1419.0,1842.4,423.5,2,2,74.9,0.0,188.9,146.3,13.3,74.9
2026-09-19 22:51:26,mfsweep_shard0,LRT_MMUR,47,4485.26,55,0,1,1445.3,1825.0,379.7,2,2,73.6,0.0,134.0,158.7,13.3,73.6
2026-09-19 22:51:26,mfsweep_shard0,LRT_MMUR,47,4485.26,56,0,1,1471.5,1898.2,426.7,2,2,59.2,0.0,229.6,137.8,0.0,59.2
2026-09-19 22:51:26,mfsweep_shard0,LRT_MMUR,47,4485.26,57,0,1,1497.8,2034.5,536.6,2,2,77.6,0.0,236.5,188.0,34.5,77.6
2026-09-19 22:51:26,mfsweep_shard0,LRT_MMUR,47,4485.26,58,0,1,1524.1,1885.6,361.5,2,2,58.9,0.0,107.9,171.6,23.1,58.9
2026-09-19 22:51:26,mfsweep_shard0,LRT_MMUR,47,4485.26,59,0,1,1550.4,3857.1,2306.7,2,2,66.1,0.0,351.4,456.2,1420.6,78.6
2026-09-19 22:51:26,mfsweep_shard0,LRT_MMUR,47,4485.26,60,0,1,1576.6,2113.7,537.0,2,2,86.2,0.0,269.1,169.5,12.1,86.2
2026-09-19 22:51:26,mfsweep_shard0,LRT_MMUR,47,4485.26,61,0,1,1602.9,2558.7,955.8,2,2,74.7,0.1,255.7,187.1,438.3,74.7
2026-09-19 22:51:26,mfsweep_shard0,LRT_MMUR,47,4485.26,62,0,1,1629.2,2572.0,942.8,2,2,71.9,0.1,216.6,203.3,450.9,71.9
2026-09-19 22:51:26,mfsweep_shard0,LRT_MMUR,47,4485.26,63,0,1,1655.5,2401.4,745.9,2,2,76.1,0.1,145.4,184.5,339.8,76.1
2026-09-19 22:51:26,mfsweep_shard0,LRT_MMUR,47,4485.26,64,0,1,1681.8,2280.3,598.5,2,2,81.4,0.1,161.3,226.4,127.3,83.5
2026-09-19 22:51:26,mfsweep_shard0,LRT_MMUR,47,4485.26,65,0,1,1708.0,2335.9,627.8,2,2,79.2,0.1,198.5,181.9,168.1,79.2
2026-09-19 22:51:26,mfsweep_shard0,LRT_MMUR,47,4485.26,66,0,1,1734.3,4011.5,2277.2,2,2,61.1,0.2,374.2,366.5,1475.2,61.1
2026-09-19 22:51:26,mfsweep_shard0,LRT_MMUR,47,4485.26,67,0,1,1760.6,2236.8,476.2,2,2,54.6,0.0,168.0,147.3,106.2,54.6
2026-09-19 22:51:26,mfsweep_shard0,LRT_MMUR,47,4485.26,68,0,1,1786.9,2060.0,273.1,2,2,64.0,0.0,24.6,143.3,41.2,64.0
2026-09-19 22:51:26,mfsweep_shard0,LRT_MMUR,47,4485.26,69,0,1,1813.1,2020.7,207.5,2,2,62.4,0.0,34.1,111.0,0.0,62.4
2026-09-19 22:51:26,mfsweep_shard0,LRT_MMUR,47,4485.26,70,0,1,1839.4,4046.3,2206.9,2,2,60.5,0.2,262.3,323.3,1560.7,60.5
2026-09-19 22:51:26,mfsweep_shard0,LRT_MMUR,47,4485.26,71,0,1,1865.7,2140.9,275.2,2,2,84.7,0.0,52.4,96.7,41.4,84.7
2026-09-19 22:51:26,mfsweep_shard0,LRT_MMUR,47,4485.26,72,0,1,1892.0,2227.5,335.5,2,2,82.5,0.0,68.8,123.7,60.5,82.5
2026-09-19 22:51:26,mfsweep_shard0,LRT_MMUR,47,4485.26,73,0,1,1918.3,3904.1,1985.8,2,2,63.9,0.2,360.9,375.3,1185.5,63.9
2026-09-19 22:51:26,mfsweep_shard0,LRT_MMUR,47,4485.26,74,0,1,1944.5,2467.2,522.7,2,2,75.2,0.0,47.6,109.2,290.7,75.2
2026-09-19 22:51:26,mfsweep_shard0,LRT_MMUR,47,4485.26,75,0,1,1970.8,2476.5,505.7,2,2,66.6,0.0,108.8,186.1,144.2,66.6
2026-09-19 22:51:26,mfsweep_shard0,LRT_MMUR,47,4485.26,76,0,1,1997.1,2313.8,316.7,2,2,83.7,0.0,91.5,141.4,0.0,83.7
2026-09-19 22:51:26,mfsweep_shard0,LRT_MMUR,47,4485.26,77,0,1,2023.4,2370.6,347.2,2,2,68.7,0.0,65.5,156.8,56.1,68.7
2026-09-19 22:51:26,mfsweep_shard0,LRT_MMUR,47,4485.26,78,0,1,2049.6,2949.8,900.1,2,2,62.3,0.0,208.3,204.9,424.6,62.3
2026-09-19 22:51:26,mfsweep_shard0,LRT_MMUR,47,4485.26,79,0,1,2075.9,2977.5,901.5,2,2,61.7,0.0,111.7,224.2,503.9,61.7
2026-09-19 22:51:26,mfsweep_shard0,LRT_MMUR,47,4485.26,80,0,1,2102.2,2434.5,332.3,2,2,72.1,0.0,130.8,125.8,3.6,72.1
2026-09-19 22:51:26,mfsweep_shard0,LRT_MMUR,47,4485.26,81,0,1,2128.5,2931.6,803.1,2,2,62.2,0.0,110.6,195.3,435.0,62.2
2026-09-19 22:51:26,mfsweep_shard0,LRT_MMUR,47,4485.26,82,0,1,2154.7,2640.8,486.1,2,2,72.8,0.0,93.6,145.6,174.0,72.8
2026-09-19 22:51:26,mfsweep_shard0,LRT_MMUR,47,4485.26,83,0,1,2181.0,2517.0,336.0,2,2,83.2,0.0,64.0,163.1,25.6,83.2
2026-09-19 22:51:26,mfsweep_shard0,LRT_MMUR,47,4485.26,84,0,1,2207.3,2823.2,615.9,2,2,66.7,0.0,144.3,203.3,201.5,66.7
2026-09-19 22:51:26,mfsweep_shard0,LRT_MMUR,47,4485.26,85,0,1,2233.6,3067.4,833.8,2,2,60.8,0.0,134.3,192.7,446.0,60.8
2026-09-19 22:51:26,mfsweep_shard0,LRT_MMUR,47,4485.26,86,0,1,2259.9,2594.7,334.8,2,2,86.5,0.0,103.1,119.1,26.1,86.5
2026-09-19 22:51:26,mfsweep_shard0,LRT_MMUR,47,4485.26,87,0,1,2286.1,2759.4,473.3,2,2,70.4,0.0,170.0,118.3,114.6,70.4
2026-09-19 22:51:26,mfsweep_shard0,LRT_MMUR,47,4485.26,88,0,1,2312.4,3099.6,787.2,2,2,56.5,0.0,123.8,235.9,370.9,56.5
2026-09-19 22:51:26,mfsweep_shard0,LRT_MMUR,47,4485.26,89,0,1,2338.7,3140.0,801.3,2,2,55.1,0.0,113.6,222.9,409.6,55.1
2026-09-19 22:51:26,mfsweep_shard0,LRT_MMUR,47,4485.26,90,0,1,2365.0,2717.5,352.5,2,2,57.2,0.0,124.0,171.3,0.0,57.2
2026-09-19 22:51:26,mfsweep_shard0,LRT_MMUR,47,4485.26,91,0,1,2391.2,2786.3,395.1,2,2,74.3,0.0,118.2,187.7,14.9,74.3
2026-09-19 22:51:26,mfsweep_shard0,LRT_MMUR,47,4485.26,92,0,1,2417.5,2845.3,427.7,2,2,79.7,0.0,125.0,222.3,0.7,79.7
2026-09-19 22:51:26,mfsweep_shard0,LRT_MMUR,47,4485.26,93,0,1,2443.8,2945.0,501.2,2,2,67.5,0.0,126.6,150.2,157.0,67.5
2026-09-19 22:51:26,mfsweep_shard0,LRT_MMUR,47,4485.26,94,0,1,2470.1,3511.5,1041.4,2,2,55.6,0.1,363.2,385.7,236.7,55.6
2026-09-19 22:51:26,mfsweep_shard0,LRT_MMUR,47,4485.26,95,0,1,2496.4,2968.3,471.9,2,2,66.1,0.0,177.8,173.3,54.7,66.1
2026-09-19 22:51:26,mfsweep_shard0,LRT_MMUR,47,4485.26,96,0,1,2522.6,3072.2,549.6,2,2,86.4,0.0,293.2,133.9,25.1,97.3
2026-09-19 22:51:26,mfsweep_shard0,LRT_MMUR,47,4485.26,97,0,1,2548.9,3724.0,1175.1,2,2,71.0,0.1,281.3,335.5,456.5,101.6
2026-09-19 22:51:26,mfsweep_shard0,LRT_MMUR,47,4485.26,98,0,1,2575.2,3494.3,919.1,2,2,85.6,0.3,385.9,376.6,56.4,99.9
2026-09-19 22:51:26,mfsweep_shard0,LRT_MMUR,47,4485.26,99,0,1,2601.5,3004.4,402.9,2,2,82.0,0.1,221.7,99.1,0.0,82.0
2026-09-19 22:51:26,mfsweep_shard0,LRT_MMUR,47,4485.26,100,0,1,2627.7,4213.3,1585.6,2,2,53.9,0.2,321.9,198.4,1011.1,53.9
2026-09-19 22:51:26,mfsweep_shard0,LRT_MMUR,47,4485.26,101,0,1,2654.0,3234.1,580.1,2,2,77.3,0.0,196.3,306.4,0.0,77.3
2026-09-19 22:51:26,mfsweep_shard0,LRT_MMUR,47,4485.26,102,0,1,2680.3,3095.1,414.8,2,2,76.0,0.0,160.5,112.1,66.1,76.0
2026-09-19 22:51:26,mfsweep_shard0,LRT_MMUR,47,4485.26,103,0,1,2706.6,3735.2,1028.6,2,2,71.3,0.1,293.5,142.2,521.5,71.3
2026-09-19 22:51:26,mfsweep_shard0,LRT_MMUR,47,4485.26,104,0,1,2732.9,3319.1,586.2,2,2,62.4,0.0,202.9,299.0,21.9,62.4
2026-09-19 22:51:26,mfsweep_shard0,LRT_MMUR,47,4485.26,105,0,1,2759.1,3686.5,927.3,2,2,74.7,0.2,287.9,294.1,270.4,74.7
2026-09-19 22:51:26,mfsweep_shard0,LRT_MMUR,47,4485.26,106,0,1,2785.4,4175.7,1390.3,2,2,57.2,0.0,164.9,292.6,875.4,57.2
2026-09-19 22:51:26,mfsweep_shard0,LRT_MMUR,47,4485.26,107,0,1,2811.7,3807.0,995.3,2,2,67.9,0.2,243.9,143.9,539.5,67.9
2026-09-19 22:51:26,mfsweep_shard0,LRT_MMUR,47,4485.26,108,0,1,2838.0,3414.4,576.4,2,2,68.5,0.0,181.9,326.0,0.0,68.5
2026-09-19 22:51:26,mfsweep_shard0,LRT_MMUR,47,4485.26,109,0,1,2864.2,3612.8,748.6,2,2,85.0,0.0,246.3,391.1,26.2,85.0
2026-09-19 22:51:26,mfsweep_shard0,LRT_MMUR,47,4485.26,110,0,1,2890.5,3562.0,671.5,2,2,82.4,0.0,165.2,384.8,39.0,82.4
2026-09-19 22:51:26,mfsweep_shard0,LRT_MMUR,47,4485.26,111,0,1,2916.8,3951.6,1034.8,2,2,62.2,0.0,124.5,198.6,649.4,62.2
2026-09-19 22:51:26,mfsweep_shard0,LRT_MMUR,47,4485.26,112,0,1,2943.1,3776.6,833.6,2,2,70.1,0.0,190.9,233.7,338.9,70.1
2026-09-19 22:51:26,mfsweep_shard0,LRT_MMUR,47,4485.26,113,0,1,2969.3,4090.2,1120.8,2,2,59.4,0.0,186.5,255.8,619.0,59.4
2026-09-19 22:51:26,mfsweep_shard0,LRT_MMUR,47,4485.26,114,0,1,2995.6,3695.6,700.0,2,2,83.7,0.0,234.6,316.9,64.7,83.7
2026-09-19 22:51:26,mfsweep_shard0,LRT_MMUR,47,4485.26,115,0,1,3021.9,3762.8,740.9,2,2,82.3,0.0,170.0,386.6,102.0,82.3
2026-09-19 22:51:26,mfsweep_shard0,LRT_MMUR,47,4485.26,116,0,1,3048.2,4188.6,1140.4,2,2,63.4,0.0,187.5,265.2,624.3,63.4
2026-09-19 22:51:26,mfsweep_shard0,LRT_MMUR,47,4485.26,117,0,1,3074.5,3548.5,474.0,2,2,74.6,0.0,127.8,271.6,0.0,74.6
2026-09-19 22:51:26,mfsweep_shard0,LRT_MMUR,47,4485.26,118,0,1,3100.7,3472.1,371.3,2,2,73.6,0.0,102.4,195.3,0.0,73.6
2026-09-19 22:51:26,mfsweep_shard0,LRT_MMUR,47,4485.26,119,0,1,3127.0,4132.2,1005.2,2,2,58.6,0.0,105.0,146.5,695.1,58.6
2026-09-19 22:51:26,mfsweep_shard0,LRT_MMUR,47,4485.26,120,0,1,3153.3,3878.8,725.5,2,2,78.7,0.0,88.3,244.0,314.5,78.7
2026-09-19 22:51:26,mfsweep_shard0,LRT_MMUR,47,4485.26,121,0,1,3179.6,3933.1,753.6,2,2,71.3,0.0,68.8,243.9,369.4,71.3
2026-09-19 22:51:26,mfsweep_shard0,LRT_MMUR,47,4485.26,122,0,1,3205.8,3813.8,608.0,2,2,79.2,0.0,54.0,270.7,204.0,79.2
2026-09-19 22:51:26,mfsweep_shard0,LRT_MMUR,47,4485.26,123,0,1,3232.1,4002.3,770.2,2,2,71.0,0.0,56.0,203.9,439.2,71.0
2026-09-19 22:51:26,mfsweep_shard0,LRT_MMUR,47,4485.26,124,0,1,3258.4,4485.3,1226.9,2,2,53.6,0.0,55.3,231.0,848.4,92.1
2026-09-19 22:51:26,mfsweep_shard0,LRT_MMUR,47,4485.26,125,0,1,3284.7,4051.1,766.4,2,2,64.2,0.0,75.0,295.7,331.4,64.2
2026-09-19 22:51:26,mfsweep_shard0,LRT_MMUR,47,4485.26,126,0,1,3311.0,4351.2,1040.2,2,2,54.2,0.0,53.4,290.4,642.2,54.2
2026-09-19 22:51:26,mfsweep_shard0,LRT_MMUR,47,4485.26,127,0,1,3337.2,3640.1,302.8,2,2,84.2,0.0,71.1,138.8,8.7,84.2
2026-09-19 22:51:26,mfsweep_shard0,LRT_MMUR,47,4485.26,128,0,1,3363.5,3719.5,356.0,2,2,82.5,0.0,98.2,123.5,51.8,82.5
2026-09-19 22:51:26,mfsweep_shard0,LRT_MMUR,47,4485.26,129,0,1,3389.8,3838.2,448.4,2,2,81.0,0.0,102.6,264.0,0.8,81.0
2026-09-19 22:51:26,mfsweep_shard0,LRT_MMUR,47,4485.26,130,0,1,3416.1,4085.7,669.6,2,2,63.7,0.0,48.5,144.5,412.8,63.7
2026-09-19 22:51:26,mfsweep_shard0,LRT_MMUR,47,4485.26,131,0,1,3442.3,4312.6,870.3,2,2,55.5,0.0,121.6,280.8,412.4,55.5
2026-09-19 22:51:26,mfsweep_shard0,LRT_MMUR,47,4485.26,132,0,1,3468.6,3897.4,428.8,2,2,82.5,0.0,90.7,200.8,54.7,82.5
2026-09-19 22:51:26,mfsweep_shard0,LRT_MMUR,47,4485.26,133,0,1,3494.9,3970.0,475.1,2,2,84.8,0.0,107.6,237.0,45.8,84.8
2026-09-19 22:51:26,mfsweep_shard0,LRT_MMUR,47,4485.26,134,0,1,3521.2,4230.8,709.6,2,2,56.4,0.0,80.4,268.4,304.4,56.4
2026-09-19 22:51:26,mfsweep_shard0,LRT_MMUR,47,4485.26,135,0,1,3547.5,4141.0,593.6,2,2,69.6,0.1,86.1,201.0,223.6,82.8
2026-09-19 22:51:26,mfsweep_shard0,LRT_MMUR,47,4485.26,136,0,1,3573.7,4271.0,697.3,2,2,55.8,0.1,122.9,198.7,319.8,55.8
2026-09-19 22:56:40,mfsweep_shard0,LRT_MMUR,48,6192.16,0,0,1,0.0,203.4,203.4,2,2,74.6,0.0,59.6,69.2,0.0,74.6
2026-09-19 22:56:40,mfsweep_shard0,LRT_MMUR,48,6192.16,1,0,1,26.3,253.8,227.5,2,2,54.4,0.0,66.4,70.7,36.0,54.4
2026-09-19 22:56:40,mfsweep_shard0,LRT_MMUR,48,6192.16,2,0,1,52.6,244.5,192.0,2,2,62.6,0.0,60.8,68.5,0.0,62.6
2026-09-19 22:56:40,mfsweep_shard0,LRT_MMUR,48,6192.16,3,0,1,78.8,283.2,204.4,2,2,60.9,0.0,60.7,62.8,19.9,60.9
2026-09-19 22:56:40,mfsweep_shard0,LRT_MMUR,48,6192.16,4,0,1,105.1,692.0,586.9,2,2,77.8,0.0,207.0,154.2,82.6,143.1
2026-09-19 22:56:40,mfsweep_shard0,LRT_MMUR,48,6192.16,5,0,1,131.4,823.8,692.4,2,2,75.9,0.1,277.7,176.8,161.9,75.9
2026-09-19 22:56:40,mfsweep_shard0,LRT_MMUR,48,6192.16,6,0,1,157.7,482.2,324.6,2,2,83.0,0.0,50.2,158.8,32.5,83.0
2026-09-19 22:56:40,mfsweep_shard0,LRT_MMUR,48,6192.16,7,0,1,183.9,431.1,247.1,2,2,56.4,0.0,66.6,124.0,0.0,56.4
2026-09-19 22:56:40,mfsweep_shard0,LRT_MMUR,48,6192.16,8,0,1,210.2,958.4,748.2,2,2,67.5,0.1,194.3,123.5,362.9,67.5
2026-09-19 22:56:40,mfsweep_shard0,LRT_MMUR,48,6192.16,9,0,1,236.5,1046.6,810.1,2,2,54.5,0.1,158.3,106.0,491.2,54.5
2026-09-19 22:56:40,mfsweep_shard0,LRT_MMUR,48,6192.16,10,0,1,262.8,459.7,197.0,2,2,60.8,0.0,64.1,72.1,0.0,60.8
2026-09-19 22:56:40,mfsweep_shard0,LRT_MMUR,48,6192.16,11,0,1,289.1,544.8,255.7,2,2,70.2,0.0,98.9,83.8,2.8,70.2
2026-09-19 22:56:40,mfsweep_shard0,LRT_MMUR,48,6192.16,12,0,1,315.3,630.7,315.3,2,2,54.4,0.0,141.5,110.3,9.1,54.4
2026-09-19 22:56:40,mfsweep_shard0,LRT_MMUR,48,6192.16,13,0,1,341.6,653.8,312.2,2,2,60.1,0.0,127.1,97.6,27.4,60.1
2026-09-19 22:56:40,mfsweep_shard0,LRT_MMUR,48,6192.16,14,0,1,367.9,860.9,493.0,2,2,75.0,0.0,120.9,95.5,201.6,75.0
2026-09-19 22:56:40,mfsweep_shard0,LRT_MMUR,48,6192.16,15,0,1,394.2,953.7,559.6,2,2,71.5,0.0,148.5,117.3,222.1,71.5
2026-09-19 22:56:40,mfsweep_shard0,LRT_MMUR,48,6192.16,16,0,1,420.4,1004.1,583.7,2,2,60.8,0.0,183.7,79.9,259.2,60.8
2026-09-19 22:56:40,mfsweep_shard0,LRT_MMUR,48,6192.16,17,0,1,446.7,1701.5,1254.8,2,2,73.0,0.0,257.7,475.1,449.0,73.0
2026-09-19 22:56:40,mfsweep_shard0,LRT_MMUR,48,6192.16,18,0,1,473.0,736.6,263.6,2,2,80.3,0.0,64.4,101.4,17.6,80.3
2026-09-19 22:56:40,mfsweep_shard0,LRT_MMUR,48,6192.16,19,0,1,499.3,802.2,302.9,2,2,53.8,0.0,72.6,176.5,0.0,53.8
2026-09-19 22:56:40,mfsweep_shard0,LRT_MMUR,48,6192.16,20,0,1,525.6,1332.5,807.0,2,2,80.1,0.0,244.2,214.8,218.7,129.3
2026-09-19 22:56:40,mfsweep_shard0,LRT_MMUR,48,6192.16,21,0,1,551.8,1926.2,1374.4,2,2,76.6,0.1,418.8,350.8,477.7,127.0
2026-09-19 22:56:40,mfsweep_shard0,LRT_MMUR,48,6192.16,22,0,1,578.1,874.0,295.9,2,2,64.8,0.0,126.7,80.5,23.9,64.8
2026-09-19 22:56:40,mfsweep_shard0,LRT_MMUR,48,6192.16,23,0,1,604.4,4638.9,4034.5,2,2,58.7,0.1,662.9,301.6,3011.2,58.7
2026-09-19 22:56:40,mfsweep_shard0,LRT_MMUR,48,6192.16,24,0,1,630.7,962.9,332.2,2,2,85.1,0.0,157.0,87.8,2.3,85.1
2026-09-19 22:56:40,mfsweep_shard0,LRT_MMUR,48,6192.16,25,0,1,656.9,3143.9,2487.0,2,2,64.7,0.2,230.5,237.9,1953.7,64.7
2026-09-19 22:56:40,mfsweep_shard0,LRT_MMUR,48,6192.16,26,0,1,683.2,5750.6,5067.4,2,2,56.6,0.3,585.4,339.6,4085.4,56.6
2026-09-19 22:56:40,mfsweep_shard0,LRT_MMUR,48,6192.16,27,0,1,709.5,5708.4,4998.9,2,2,56.7,0.4,577.3,325.6,4038.8,56.7
2026-09-19 22:56:40,mfsweep_shard0,LRT_MMUR,48,6192.16,28,0,1,735.8,1135.1,399.3,2,2,81.5,0.0,179.5,113.9,24.4,81.5
2026-09-19 22:56:40,mfsweep_shard0,LRT_MMUR,48,6192.16,29,0,1,762.0,1026.8,264.7,2,2,73.5,0.0,82.3,109.0,0.0,73.5
2026-09-19 22:56:40,mfsweep_shard0,LRT_MMUR,48,6192.16,30,0,1,788.3,1252.6,464.3,2,2,80.2,0.0,179.4,103.7,101.0,80.2
2026-09-19 22:56:40,mfsweep_shard0,LRT_MMUR,48,6192.16,31,0,1,814.6,1491.4,676.8,2,2,77.6,0.0,182.3,181.2,235.5,77.6
2026-09-19 22:56:40,mfsweep_shard0,LRT_MMUR,48,6192.16,32,0,1,840.9,1761.0,920.1,2,2,71.2,0.2,235.7,353.7,259.3,71.2
2026-09-19 22:56:40,mfsweep_shard0,LRT_MMUR,48,6192.16,33,0,1,867.2,1278.8,411.6,2,2,85.7,0.0,75.7,245.8,4.4,85.7
2026-09-19 22:56:40,mfsweep_shard0,LRT_MMUR,48,6192.16,34,0,1,893.4,1963.7,1070.2,2,2,66.0,0.0,91.8,331.2,581.1,66.0
2026-09-19 22:56:40,mfsweep_shard0,LRT_MMUR,48,6192.16,35,0,1,919.7,1588.3,668.6,2,2,71.8,0.0,40.3,279.3,277.3,71.8
2026-09-19 22:56:40,mfsweep_shard0,LRT_MMUR,48,6192.16,36,0,1,946.0,1346.2,400.2,2,2,80.9,0.0,107.6,189.3,22.4,80.9
2026-09-19 22:56:40,mfsweep_shard0,LRT_MMUR,48,6192.16,37,0,1,972.3,1574.3,602.1,2,2,74.0,0.0,104.1,281.3,142.6,74.0
2026-09-19 22:56:40,mfsweep_shard0,LRT_MMUR,48,6192.16,38,0,1,998.5,1257.4,258.8,2,2,82.0,0.0,54.2,122.6,0.0,82.0
2026-09-19 22:56:40,mfsweep_shard0,LRT_MMUR,48,6192.16,39,0,1,1024.8,1622.9,598.0,2,2,72.6,0.0,172.0,166.8,186.6,72.6
2026-09-19 22:56:40,mfsweep_shard0,LRT_MMUR,48,6192.16,40,0,1,1051.1,1482.6,431.5,2,2,76.8,0.0,168.8,168.4,17.5,76.8
2026-09-19 22:56:40,mfsweep_shard0,LRT_MMUR,48,6192.16,41,0,1,1077.4,3971.0,2893.7,2,2,55.1,0.2,380.8,235.0,2222.6,55.1
2026-09-19 22:56:40,mfsweep_shard0,LRT_MMUR,48,6192.16,42,0,1,1103.7,5273.2,4169.5,2,2,61.1,0.3,652.1,265.9,3190.1,61.1
2026-09-19 22:56:40,mfsweep_shard0,LRT_MMUR,48,6192.16,43,0,1,1129.9,3176.5,2046.6,2,2,63.1,0.1,149.0,173.1,1661.2,63.1
2026-09-19 22:56:40,mfsweep_shard0,LRT_MMUR,48,6192.16,44,0,1,1156.2,5874.0,4717.8,2,2,56.2,0.5,545.4,307.8,3808.0,56.2
2026-09-19 22:56:40,mfsweep_shard0,LRT_MMUR,48,6192.16,45,0,1,1182.5,4043.5,2861.0,2,2,61.2,0.4,363.6,275.3,2160.4,61.2
2026-09-19 22:56:40,mfsweep_shard0,LRT_MMUR,48,6192.16,46,0,1,1208.8,5667.3,4458.5,2,2,56.9,0.6,670.2,274.8,3456.1,56.9
2026-09-19 22:56:40,mfsweep_shard0,LRT_MMUR,48,6192.16,47,0,1,1235.0,3288.8,2053.7,2,2,62.7,0.2,345.5,163.0,1482.2,62.7
2026-09-19 22:56:40,mfsweep_shard0,LRT_MMUR,48,6192.16,48,0,1,1261.3,1687.1,425.8,2,2,74.5,0.0,140.1,171.2,39.9,74.5
2026-09-19 22:56:40,mfsweep_shard0,LRT_MMUR,48,6192.16,49,0,1,1287.6,3042.2,1754.6,2,2,65.6,0.2,145.2,272.2,1271.4,65.6
2026-09-19 22:56:40,mfsweep_shard0,LRT_MMUR,48,6192.16,50,0,1,1313.9,1738.7,424.8,2,2,65.8,0.0,98.5,234.0,26.5,65.8
2026-09-19 22:56:40,mfsweep_shard0,LRT_MMUR,48,6192.16,51,0,1,1340.2,1691.8,351.6,2,2,60.5,0.0,113.8,177.3,0.0,60.5
2026-09-19 22:56:40,mfsweep_shard0,LRT_MMUR,48,6192.16,52,0,1,1366.4,1682.6,316.1,2,2,62.4,0.0,72.0,181.7,0.0,62.4
2026-09-19 22:56:40,mfsweep_shard0,LRT_MMUR,48,6192.16,53,0,1,1392.7,2140.9,748.2,2,2,84.5,0.0,200.2,379.7,83.8,84.5
2026-09-19 22:56:40,mfsweep_shard0,LRT_MMUR,48,6192.16,54,0,1,1419.0,2258.5,839.5,2,2,74.9,0.1,161.4,323.5,231.3,123.2
2026-09-19 22:56:40,mfsweep_shard0,LRT_MMUR,48,6192.16,55,0,1,1445.3,2763.7,1318.5,2,2,73.6,0.4,391.6,288.6,564.3,73.6
2026-09-19 22:56:40,mfsweep_shard0,LRT_MMUR,48,6192.16,56,0,1,1471.5,5453.0,3981.5,2,2,59.2,0.8,800.9,443.2,2677.3,59.2
2026-09-19 22:56:40,mfsweep_shard0,LRT_MMUR,48,6192.16,57,0,1,1497.8,2018.6,520.8,2,2,77.6,0.1,93.7,314.5,34.9,77.6
2026-09-19 22:56:40,mfsweep_shard0,LRT_MMUR,48,6192.16,58,0,1,1524.1,5497.5,3973.4,2,2,58.9,0.8,544.1,671.4,2686.1,71.0
2026-09-19 22:56:40,mfsweep_shard0,LRT_MMUR,48,6192.16,59,0,1,1550.4,2028.1,477.8,2,2,66.1,0.0,102.1,303.4,6.2,66.1
2026-09-19 22:56:40,mfsweep_shard0,LRT_MMUR,48,6192.16,60,0,1,1576.6,2069.8,493.2,2,2,86.2,0.1,88.8,296.1,22.0,86.2
2026-09-19 22:56:40,mfsweep_shard0,LRT_MMUR,48,6192.16,61,0,1,1602.9,2723.1,1120.1,2,2,74.7,0.3,256.2,305.9,483.1,74.7
2026-09-19 22:56:40,mfsweep_shard0,LRT_MMUR,48,6192.16,62,0,1,1629.2,2854.0,1224.8,2,2,71.9,0.5,318.1,211.2,587.9,107.1
2026-09-19 22:56:40,mfsweep_shard0,LRT_MMUR,48,6192.16,63,0,1,1655.5,2154.7,499.3,2,2,76.1,0.1,57.4,197.8,167.8,76.1
2026-09-19 22:56:40,mfsweep_shard0,LRT_MMUR,48,6192.16,64,0,1,1681.8,2009.4,327.7,2,2,81.4,0.0,39.8,206.5,0.0,81.4
2026-09-19 22:56:40,mfsweep_shard0,LRT_MMUR,48,6192.16,65,0,1,1708.0,2640.2,932.1,2,2,79.2,0.4,263.6,369.8,170.0,128.3
2026-09-19 22:56:40,mfsweep_shard0,LRT_MMUR,48,6192.16,66,0,1,1734.3,5227.7,3493.4,2,2,61.1,1.0,704.9,432.8,2293.7,61.1
2026-09-19 22:56:40,mfsweep_shard0,LRT_MMUR,48,6192.16,67,0,1,1760.6,6076.1,4315.6,2,2,54.6,1.1,808.4,496.8,2954.8,54.6
2026-09-19 22:56:40,mfsweep_shard0,LRT_MMUR,48,6192.16,68,0,1,1786.9,3189.9,1403.1,2,2,64.0,0.4,343.2,272.4,723.1,64.0
2026-09-19 22:56:40,mfsweep_shard0,LRT_MMUR,48,6192.16,69,0,1,1813.1,3279.7,1466.5,2,2,62.4,0.5,318.2,226.9,858.5,62.4
2026-09-19 22:56:40,mfsweep_shard0,LRT_MMUR,48,6192.16,70,0,1,1839.4,5364.4,3525.0,2,2,60.5,1.2,646.0,268.5,2548.9,60.5
2026-09-19 22:56:40,mfsweep_shard0,LRT_MMUR,48,6192.16,71,0,1,1865.7,2512.7,647.0,2,2,84.7,0.5,297.8,226.9,10.8,111.0
2026-09-19 22:56:40,mfsweep_shard0,LRT_MMUR,48,6192.16,72,0,1,1892.0,2604.1,712.1,2,2,82.5,0.6,304.4,275.1,49.6,82.5
2026-09-19 22:56:40,mfsweep_shard0,LRT_MMUR,48,6192.16,73,0,1,1918.3,2366.5,448.3,2,2,63.9,0.0,162.8,221.5,0.0,63.9
2026-09-19 22:56:40,mfsweep_shard0,LRT_MMUR,48,6192.16,74,0,1,1944.5,2458.0,513.5,2,2,75.2,0.0,134.8,239.5,64.0,75.2
2026-09-19 22:56:40,mfsweep_shard0,LRT_MMUR,48,6192.16,75,0,1,1970.8,2937.6,966.8,2,2,66.6,0.0,18.7,220.6,660.9,66.6
2026-09-19 22:56:40,mfsweep_shard0,LRT_MMUR,48,6192.16,76,0,1,1997.1,2380.5,383.4,2,2,83.7,0.0,32.7,266.9,0.0,83.7
2026-09-19 22:56:40,mfsweep_shard0,LRT_MMUR,48,6192.16,77,0,1,2023.4,2928.5,905.1,2,2,68.7,0.0,100.0,232.3,504.1,68.7
2026-09-19 22:56:40,mfsweep_shard0,LRT_MMUR,48,6192.16,78,0,1,2049.6,3391.5,1341.9,2,2,62.3,0.0,151.9,233.3,894.3,62.3
2026-09-19 22:56:40,mfsweep_shard0,LRT_MMUR,48,6192.16,79,0,1,2075.9,5181.1,3105.1,2,2,61.7,0.8,625.3,377.1,2023.8,78.2
2026-09-19 22:56:40,mfsweep_shard0,LRT_MMUR,48,6192.16,80,0,1,2102.2,2567.6,465.4,2,2,72.1,0.0,258.4,129.0,6.0,72.1
2026-09-19 22:56:40,mfsweep_shard0,LRT_MMUR,48,6192.16,81,0,1,2128.5,3360.3,1231.8,2,2,62.2,0.0,233.7,238.8,697.1,62.2
2026-09-19 22:56:40,mfsweep_shard0,LRT_MMUR,48,6192.16,82,0,1,2154.7,2804.9,650.2,2,2,72.8,0.0,157.1,162.5,257.6,72.8
2026-09-19 22:56:40,mfsweep_shard0,LRT_MMUR,48,6192.16,83,0,1,2181.0,2713.8,532.8,2,2,83.2,0.0,265.8,134.2,49.5,83.2
2026-09-19 22:56:40,mfsweep_shard0,LRT_MMUR,48,6192.16,84,0,1,2207.3,4239.8,2032.5,2,2,66.7,0.3,461.4,407.7,1096.3,66.7
2026-09-19 22:56:40,mfsweep_shard0,LRT_MMUR,48,6192.16,85,0,1,2233.6,5319.5,3085.9,2,2,60.8,0.6,649.7,399.9,1974.9,60.8
2026-09-19 22:56:40,mfsweep_shard0,LRT_MMUR,48,6192.16,86,0,1,2259.9,2690.4,430.6,2,2,86.5,0.0,160.3,182.6,1.2,86.5
2026-09-19 22:56:40,mfsweep_shard0,LRT_MMUR,48,6192.16,87,0,1,2286.1,3608.0,1321.9,2,2,70.4,0.1,348.5,296.4,606.5,70.4
2026-09-19 22:56:40,mfsweep_shard0,LRT_MMUR,48,6192.16,88,0,1,2312.4,5791.5,3479.1,2,2,56.5,0.7,485.2,320.4,2616.2,56.5
2026-09-19 22:56:40,mfsweep_shard0,LRT_MMUR,48,6192.16,89,0,1,2338.7,6036.0,3697.3,2,2,55.1,0.8,547.2,339.9,2754.3,55.1
2026-09-19 22:56:40,mfsweep_shard0,LRT_MMUR,48,6192.16,90,0,1,2365.0,5624.8,3259.9,2,2,57.2,0.9,512.6,442.9,2246.4,57.2
2026-09-19 22:56:40,mfsweep_shard0,LRT_MMUR,48,6192.16,91,0,1,2391.2,3081.1,689.9,2,2,74.3,0.2,170.2,260.3,184.9,74.3
2026-09-19 22:56:40,mfsweep_shard0,LRT_MMUR,48,6192.16,92,0,1,2417.5,2791.8,374.3,2,2,79.7,0.0,107.0,178.4,9.1,79.7
2026-09-19 22:56:40,mfsweep_shard0,LRT_MMUR,48,6192.16,93,0,1,2443.8,4323.0,1879.2,2,2,67.5,0.7,587.8,403.8,819.4,67.5
2026-09-19 22:56:40,mfsweep_shard0,LRT_MMUR,48,6192.16,94,0,1,2470.1,5955.5,3485.4,2,2,55.6,1.0,586.1,310.4,2532.2,55.6
2026-09-19 22:56:40,mfsweep_shard0,LRT_MMUR,48,6192.16,95,0,1,2496.4,4989.6,2493.2,2,2,66.1,1.1,761.8,416.6,1247.5,66.1
2026-09-19 22:56:40,mfsweep_shard0,LRT_MMUR,48,6192.16,96,0,1,2522.6,2949.9,427.2,2,2,86.4,0.0,141.5,137.3,62.1,86.4
2026-09-19 22:56:40,mfsweep_shard0,LRT_MMUR,48,6192.16,97,0,1,2548.9,4175.1,1626.1,2,2,71.0,0.8,544.5,428.4,581.4,71.0
2026-09-19 22:56:40,mfsweep_shard0,LRT_MMUR,48,6192.16,98,0,1,2575.2,3217.4,642.2,2,2,85.6,0.3,228.0,203.1,106.5,104.2
2026-09-19 22:56:40,mfsweep_shard0,LRT_MMUR,48,6192.16,99,0,1,2601.5,3245.4,644.0,2,2,82.0,0.3,247.1,184.4,130.3,82.0
2026-09-19 22:56:40,mfsweep_shard0,LRT_MMUR,48,6192.16,100,0,1,2627.7,6154.2,3526.5,2,2,53.9,1.3,793.8,439.7,2237.6,53.9
2026-09-19 22:56:40,mfsweep_shard0,LRT_MMUR,48,6192.16,101,0,1,2654.0,3311.3,657.3,2,2,77.3,0.3,218.4,203.9,157.3,77.3
2026-09-19 22:56:40,mfsweep_shard0,LRT_MMUR,48,6192.16,102,0,1,2680.3,3368.8,688.5,2,2,76.0,0.3,226.4,246.5,139.2,76.0
2026-09-19 22:56:40,mfsweep_shard0,LRT_MMUR,48,6192.16,103,0,1,2706.6,3783.6,1077.0,2,2,71.3,0.6,399.0,244.8,331.1,101.6
2026-09-19 22:56:40,mfsweep_shard0,LRT_MMUR,48,6192.16,104,0,1,2732.9,4720.0,1987.1,2,2,62.4,1.5,663.7,329.6,930.0,62.4
2026-09-19 22:56:40,mfsweep_shard0,LRT_MMUR,48,6192.16,105,0,1,2759.1,3171.8,412.7,2,2,74.7,0.0,114.8,172.0,51.1,74.7
2026-09-19 22:56:40,mfsweep_shard0,LRT_MMUR,48,6192.16,106,0,1,2785.4,5583.3,2797.9,2,2,57.2,1.2,741.9,260.7,1736.9,57.2
2026-09-19 22:56:40,mfsweep_shard0,LRT_MMUR,48,6192.16,107,0,1,2811.7,3712.8,901.1,2,2,67.9,0.0,16.7,285.7,530.8,67.9
2026-09-19 22:56:40,mfsweep_shard0,LRT_MMUR,48,6192.16,108,0,1,2838.0,3185.5,347.5,2,2,68.5,0.0,97.4,181.6,0.0,68.5
2026-09-19 22:56:40,mfsweep_shard0,LRT_MMUR,48,6192.16,109,0,1,2864.2,3284.3,420.1,2,2,85.0,0.0,118.0,212.2,4.8,85.0
2026-09-19 22:56:40,mfsweep_shard0,LRT_MMUR,48,6192.16,110,0,1,2890.5,3470.9,580.4,2,2,82.4,0.0,257.2,202.1,38.6,82.4
2026-09-19 22:56:40,mfsweep_shard0,LRT_MMUR,48,6192.16,111,0,1,2916.8,5135.0,2218.2,2,2,62.2,1.0,400.0,281.0,1474.1,62.2
2026-09-19 22:56:40,mfsweep_shard0,LRT_MMUR,48,6192.16,112,0,1,2943.1,3659.2,716.1,2,2,70.1,0.0,23.1,184.2,438.7,70.1
2026-09-19 22:56:40,mfsweep_shard0,LRT_MMUR,48,6192.16,113,0,1,2969.3,5409.4,2440.1,2,2,59.4,1.0,407.3,288.2,1684.1,59.4
2026-09-19 22:56:40,mfsweep_shard0,LRT_MMUR,48,6192.16,114,0,1,2995.6,4475.0,1479.4,2,2,83.7,0.6,670.9,428.8,293.6,85.5
2026-09-19 22:56:40,mfsweep_shard0,LRT_MMUR,48,6192.16,115,0,1,3021.9,3552.0,530.1,2,2,82.3,0.0,224.0,183.6,40.2,82.3
2026-09-19 22:56:40,mfsweep_shard0,LRT_MMUR,48,6192.16,116,0,1,3048.2,5087.2,2039.0,2,2,63.4,1.1,416.0,200.3,1358.2,63.4
2026-09-19 22:56:40,mfsweep_shard0,LRT_MMUR,48,6192.16,117,0,1,3074.5,4792.6,1718.2,2,2,74.6,1.1,762.0,429.6,450.8,74.6
2026-09-19 22:56:40,mfsweep_shard0,LRT_MMUR,48,6192.16,118,0,1,3100.7,3567.1,466.4,2,2,73.6,0.0,99.6,218.7,74.4,73.6
2026-09-19 22:56:40,mfsweep_shard0,LRT_MMUR,48,6192.16,119,0,1,3127.0,5540.5,2413.5,2,2,58.6,1.1,663.1,311.6,1379.0,58.6
2026-09-19 22:56:40,mfsweep_shard0,LRT_MMUR,48,6192.16,120,0,1,3153.3,3571.8,418.5,2,2,78.7,0.0,229.8,110.0,0.0,78.7
2026-09-19 22:56:40,mfsweep_shard0,LRT_MMUR,48,6192.16,121,0,1,3179.6,3621.4,441.9,2,2,71.3,0.1,154.7,149.3,66.5,71.3
2026-09-19 22:56:40,mfsweep_shard0,LRT_MMUR,48,6192.16,122,0,1,3205.8,4327.9,1122.0,2,2,79.2,0.7,676.5,272.6,93.0,79.2
2026-09-19 22:56:40,mfsweep_shard0,LRT_MMUR,48,6192.16,123,0,1,3232.1,4839.3,1607.2,2,2,71.0,1.2,885.7,275.0,374.2,71.0
2026-09-19 22:56:40,mfsweep_shard0,LRT_MMUR,48,6192.16,124,0,1,3258.4,6192.2,2933.8,2,2,53.6,1.2,622.7,275.2,1981.1,53.6
2026-09-19 22:56:40,mfsweep_shard0,LRT_MMUR,48,6192.16,125,0,1,3284.7,5039.4,1754.7,2,2,64.2,1.3,800.1,194.8,694.3,64.2
2026-09-19 22:56:40,mfsweep_shard0,LRT_MMUR,48,6192.16,126,0,1,3311.0,6114.7,2803.8,2,2,54.2,1.3,793.0,200.8,1754.5,54.2
2026-09-19 22:56:40,mfsweep_shard0,LRT_MMUR,48,6192.16,127,0,1,3337.2,4355.1,1017.8,2,2,84.2,0.8,667.4,174.5,51.3,123.8
2026-09-19 22:56:40,mfsweep_shard0,LRT_MMUR,48,6192.16,128,0,1,3363.5,4541.9,1178.4,2,2,82.5,0.8,628.7,187.5,278.9,82.5
2026-09-19 22:56:40,mfsweep_shard0,LRT_MMUR,48,6192.16,129,0,1,3389.8,4128.0,738.3,2,2,81.0,0.0,390.2,232.1,34.9,81.0
2026-09-19 22:56:40,mfsweep_shard0,LRT_MMUR,48,6192.16,130,0,1,3416.1,4365.2,949.1,2,2,63.7,0.0,461.5,358.9,36.9,91.8
2026-09-19 22:56:40,mfsweep_shard0,LRT_MMUR,48,6192.16,131,0,1,3442.3,5996.5,2554.1,2,2,55.5,1.4,729.0,225.4,1542.9,55.5
2026-09-19 22:56:40,mfsweep_shard0,LRT_MMUR,48,6192.16,132,0,1,3468.6,4939.1,1470.5,2,2,82.5,0.6,772.9,240.0,336.0,120.9
2026-09-19 22:56:40,mfsweep_shard0,LRT_MMUR,48,6192.16,133,0,1,3494.9,4405.2,910.3,2,2,84.8,0.0,498.3,258.3,69.0,84.8
2026-09-19 22:56:40,mfsweep_shard0,LRT_MMUR,48,6192.16,134,0,1,3521.2,5833.5,2312.3,2,2,56.4,0.7,635.3,261.4,1358.5,56.4
2026-09-19 22:56:40,mfsweep_shard0,LRT_MMUR,48,6192.16,135,0,1,3547.5,4871.0,1323.5,2,2,69.6,0.7,765.6,198.5,289.1,69.6
2026-09-19 22:56:40,mfsweep_shard0,LRT_MMUR,48,6192.16,136,0,1,3573.7,5915.4,2341.7,2,2,55.8,0.7,366.3,146.6,1772.3,55.8
2026-09-19 23:00:48,mfsweep_shard0,LRT_MMUR,49,4763.50,0,0,1,0.0,276.8,276.8,2,2,74.6,0.0,82.7,97.4,9.6,87.0
2026-09-19 23:00:48,mfsweep_shard0,LRT_MMUR,49,4763.50,1,0,1,26.3,212.1,185.8,2,2,54.4,0.0,58.1,73.3,0.0,54.4
2026-09-19 23:00:48,mfsweep_shard0,LRT_MMUR,49,4763.50,2,0,1,52.6,338.3,285.7,2,2,62.6,0.0,72.2,72.5,78.4,62.6
2026-09-19 23:00:48,mfsweep_shard0,LRT_MMUR,49,4763.50,3,0,1,78.8,262.8,184.0,2,2,60.9,0.0,50.5,72.5,0.0,60.9
2026-09-19 23:00:48,mfsweep_shard0,LRT_MMUR,49,4763.50,4,0,1,105.1,329.5,224.4,2,2,77.8,0.0,68.9,77.6,0.0,77.8
2026-09-19 23:00:48,mfsweep_shard0,LRT_MMUR,49,4763.50,5,0,1,131.4,387.2,255.8,2,2,75.9,0.0,74.2,70.6,35.0,75.9
2026-09-19 23:00:48,mfsweep_shard0,LRT_MMUR,49,4763.50,6,0,1,157.7,483.0,325.4,2,2,83.0,0.0,112.1,114.9,9.2,89.1
2026-09-19 23:00:48,mfsweep_shard0,LRT_MMUR,49,4763.50,7,0,1,183.9,519.2,335.3,2,2,56.4,0.1,75.4,151.8,51.6,56.4
2026-09-19 23:00:48,mfsweep_shard0,LRT_MMUR,49,4763.50,8,0,1,210.2,607.2,397.0,2,2,67.5,0.0,123.0,171.3,35.2,67.5
2026-09-19 23:00:48,mfsweep_shard0,LRT_MMUR,49,4763.50,9,0,1,236.5,533.3,296.8,2,2,54.5,0.0,62.7,179.5,0.0,54.5
2026-09-19 23:00:48,mfsweep_shard0,LRT_MMUR,49,4763.50,10,0,1,262.8,616.6,353.8,2,2,60.8,0.0,114.8,97.2,80.9,60.8
2026-09-19 23:00:48,mfsweep_shard0,LRT_MMUR,49,4763.50,11,0,1,289.1,602.4,313.3,2,2,70.2,0.0,123.4,97.5,22.2,70.2
2026-09-19 23:00:48,mfsweep_shard0,LRT_MMUR,49,4763.50,12,0,1,315.3,621.5,306.1,2,2,54.4,0.0,89.6,156.3,5.7,54.4
2026-09-19 23:00:48,mfsweep_shard0,LRT_MMUR,49,4763.50,13,0,1,341.6,570.6,229.0,2,2,60.1,0.0,84.0,84.8,0.0,60.1
2026-09-19 23:00:48,mfsweep_shard0,LRT_MMUR,49,4763.50,14,0,1,367.9,681.4,313.5,2,2,75.0,0.0,96.2,104.6,37.7,75.0
2026-09-19 23:00:48,mfsweep_shard0,LRT_MMUR,49,4763.50,15,0,1,394.2,911.9,517.7,2,2,71.5,0.0,90.8,108.2,247.1,71.5
2026-09-19 23:00:48,mfsweep_shard0,LRT_MMUR,49,4763.50,16,0,1,420.4,976.4,555.9,2,2,60.8,0.0,112.3,125.6,257.1,60.8
2026-09-19 23:00:48,mfsweep_shard0,LRT_MMUR,49,4763.50,17,0,1,446.7,864.3,417.6,2,2,73.0,0.0,99.3,151.6,93.7,73.0
2026-09-19 23:00:48,mfsweep_shard0,LRT_MMUR,49,4763.50,18,0,1,473.0,750.4,277.4,2,2,80.3,0.0,64.5,124.8,7.8,80.3
2026-09-19 23:00:48,mfsweep_shard0,LRT_MMUR,49,4763.50,19,0,1,499.3,994.2,494.9,2,2,53.8,0.0,49.7,148.4,243.0,53.8
2026-09-19 23:00:48,mfsweep_shard0,LRT_MMUR,49,4763.50,20,0,1,525.6,841.1,315.5,2,2,80.1,0.0,78.1,121.7,35.6,80.1
2026-09-19 23:00:48,mfsweep_shard0,LRT_MMUR,49,4763.50,21,0,1,551.8,980.8,429.0,2,2,76.6,0.0,88.0,232.8,31.6,76.6
2026-09-19 23:00:48,mfsweep_shard0,LRT_MMUR,49,4763.50,22,0,1,578.1,1077.2,499.1,2,2,64.8,0.0,137.1,188.1,109.1,64.8
2026-09-19 23:00:48,mfsweep_shard0,LRT_MMUR,49,4763.50,23,0,1,604.4,1124.5,520.1,2,2,58.7,0.0,86.5,199.0,175.9,58.7
2026-09-19 23:00:48,mfsweep_shard0,LRT_MMUR,49,4763.50,24,0,1,630.7,893.7,263.0,2,2,85.1,0.0,85.3,92.6,0.0,85.1
2026-09-19 23:00:48,mfsweep_shard0,LRT_MMUR,49,4763.50,25,0,1,656.9,1072.5,415.5,2,2,64.7,0.0,117.8,95.4,137.6,64.7
2026-09-19 23:00:48,mfsweep_shard0,LRT_MMUR,49,4763.50,26,0,1,683.2,1115.3,432.1,2,2,56.6,0.0,89.4,78.0,208.1,56.6
2026-09-19 23:00:48,mfsweep_shard0,LRT_MMUR,49,4763.50,27,0,1,709.5,939.0,229.5,2,2,56.7,0.0,87.4,85.4,0.0,56.7
2026-09-19 23:00:48,mfsweep_shard0,LRT_MMUR,49,4763.50,28,0,1,735.8,1029.2,293.5,2,2,81.5,0.0,120.5,91.4,0.0,81.5
2026-09-19 23:00:48,mfsweep_shard0,LRT_MMUR,49,4763.50,29,0,1,762.0,1470.5,708.4,2,2,73.5,0.0,227.1,123.7,284.1,73.5
2026-09-19 23:00:48,mfsweep_shard0,LRT_MMUR,49,4763.50,30,0,1,788.3,1103.2,314.8,2,2,80.2,0.0,122.7,94.3,17.6,80.2
2026-09-19 23:00:48,mfsweep_shard0,LRT_MMUR,49,4763.50,31,0,1,814.6,1384.2,569.6,2,2,77.6,0.1,244.3,115.9,131.6,77.6
2026-09-19 23:00:48,mfsweep_shard0,LRT_MMUR,49,4763.50,32,0,1,840.9,1570.6,729.7,2,2,71.2,0.1,307.0,95.6,255.7,71.2
2026-09-19 23:00:48,mfsweep_shard0,LRT_MMUR,49,4763.50,33,0,1,867.2,1347.7,480.5,2,2,85.7,0.1,166.8,160.4,48.9,104.3
2026-09-19 23:00:48,mfsweep_shard0,LRT_MMUR,49,4763.50,34,0,1,893.4,1228.2,334.8,2,2,66.0,0.1,131.5,137.1,0.0,66.0
2026-09-19 23:00:48,mfsweep_shard0,LRT_MMUR,49,4763.50,35,0,1,919.7,1502.2,582.5,2,2,71.8,0.0,91.3,228.4,191.0,71.8
2026-09-19 23:00:48,mfsweep_shard0,LRT_MMUR,49,4763.50,36,0,1,946.0,1335.1,389.1,2,2,80.9,0.0,122.7,139.2,46.2,80.9
2026-09-19 23:00:48,mfsweep_shard0,LRT_MMUR,49,4763.50,37,0,1,972.3,1302.6,330.3,2,2,74.0,0.0,92.2,164.2,0.0,74.0
2026-09-19 23:00:48,mfsweep_shard0,LRT_MMUR,49,4763.50,38,0,1,998.5,1424.4,425.9,2,2,82.0,0.0,86.9,227.2,29.7,82.0
2026-09-19 23:00:48,mfsweep_shard0,LRT_MMUR,49,4763.50,39,0,1,1024.8,1727.1,702.2,2,2,72.6,0.0,203.0,245.1,137.7,116.4
2026-09-19 23:00:48,mfsweep_shard0,LRT_MMUR,49,4763.50,40,0,1,1051.1,1497.3,446.2,2,2,76.8,0.0,114.0,142.3,113.1,76.8
2026-09-19 23:00:48,mfsweep_shard0,LRT_MMUR,49,4763.50,41,0,1,1077.4,1420.0,342.6,2,2,55.1,0.0,156.5,109.3,21.8,55.1
2026-09-19 23:00:48,mfsweep_shard0,LRT_MMUR,49,4763.50,42,0,1,1103.7,1808.2,704.5,2,2,61.1,0.0,120.4,134.8,388.2,61.1
2026-09-19 23:00:48,mfsweep_shard0,LRT_MMUR,49,4763.50,43,0,1,1129.9,1388.8,258.9,2,2,63.1,0.0,94.8,100.9,0.0,63.1
2026-09-19 23:00:48,mfsweep_shard0,LRT_MMUR,49,4763.50,44,0,1,1156.2,1484.2,328.0,2,2,56.2,0.0,119.4,112.9,39.4,56.2
2026-09-19 23:00:48,mfsweep_shard0,LRT_MMUR,49,4763.50,45,0,1,1182.5,1552.3,369.9,2,2,61.2,0.0,166.5,102.8,39.3,61.2
2026-09-19 23:00:48,mfsweep_shard0,LRT_MMUR,49,4763.50,46,0,1,1208.8,1919.4,710.7,2,2,56.9,0.0,136.1,120.4,397.2,56.9
2026-09-19 23:00:48,mfsweep_shard0,LRT_MMUR,49,4763.50,47,0,1,1235.0,1685.4,450.4,2,2,62.7,0.0,238.5,144.9,4.2,62.7
2026-09-19 23:00:48,mfsweep_shard0,LRT_MMUR,49,4763.50,48,0,1,1261.3,1609.5,348.2,2,2,74.5,0.0,123.0,130.8,19.9,74.5
2026-09-19 23:00:48,mfsweep_shard0,LRT_MMUR,49,4763.50,49,0,1,1287.6,1825.1,537.5,2,2,65.6,0.0,189.4,117.6,164.9,65.6
2026-09-19 23:00:48,mfsweep_shard0,LRT_MMUR,49,4763.50,50,0,1,1313.9,1736.2,422.3,2,2,65.8,0.0,86.7,105.5,164.3,65.8
2026-09-19 23:00:48,mfsweep_shard0,LRT_MMUR,49,4763.50,51,0,1,1340.2,1838.5,498.4,2,2,60.5,0.0,98.5,119.9,219.5,60.5
2026-09-19 23:00:48,mfsweep_shard0,LRT_MMUR,49,4763.50,52,0,1,1366.4,1626.6,260.2,2,2,62.4,0.0,79.1,118.7,0.0,62.4
2026-09-19 23:00:48,mfsweep_shard0,LRT_MMUR,49,4763.50,53,0,1,1392.7,1680.6,287.9,2,2,84.5,0.0,66.0,124.4,13.0,84.5
2026-09-19 23:00:48,mfsweep_shard0,LRT_MMUR,49,4763.50,54,0,1,1419.0,1758.7,339.7,2,2,74.9,0.0,129.5,108.5,26.7,74.9
2026-09-19 23:00:48,mfsweep_shard0,LRT_MMUR,49,4763.50,55,0,1,1445.3,2365.4,920.1,2,2,73.6,0.0,192.2,248.3,341.3,138.3
2026-09-19 23:00:48,mfsweep_shard0,LRT_MMUR,49,4763.50,56,0,1,1471.5,2766.2,1294.7,2,2,59.2,0.1,385.5,170.1,679.9,59.2
2026-09-19 23:00:48,mfsweep_shard0,LRT_MMUR,49,4763.50,57,0,1,1497.8,1874.4,376.6,2,2,77.6,0.0,89.1,205.6,4.2,77.6
2026-09-19 23:00:48,mfsweep_shard0,LRT_MMUR,49,4763.50,58,0,1,1524.1,2789.4,1265.3,2,2,58.9,0.1,347.6,153.3,703.9,60.4
2026-09-19 23:00:48,mfsweep_shard0,LRT_MMUR,49,4763.50,59,0,1,1550.4,2541.8,991.5,2,2,66.1,0.1,172.7,272.7,479.8,66.1
2026-09-19 23:00:48,mfsweep_shard0,LRT_MMUR,49,4763.50,60,0,1,1576.6,1951.0,374.3,2,2,86.2,0.1,174.3,71.0,42.6,86.2
2026-09-19 23:00:48,mfsweep_shard0,LRT_MMUR,49,4763.50,61,0,1,1602.9,2385.3,782.4,2,2,74.7,0.2,282.6,205.4,219.5,74.7
2026-09-19 23:00:48,mfsweep_shard0,LRT_MMUR,49,4763.50,62,0,1,1629.2,2463.0,833.8,2,2,71.9,0.1,102.4,171.1,488.3,71.9
2026-09-19 23:00:48,mfsweep_shard0,LRT_MMUR,49,4763.50,63,0,1,1655.5,2060.8,405.3,2,2,76.1,0.0,167.1,162.1,0.0,76.1
2026-09-19 23:00:48,mfsweep_shard0,LRT_MMUR,49,4763.50,64,0,1,1681.8,2069.3,387.5,2,2,81.4,0.0,29.1,228.3,48.8,81.4
2026-09-19 23:00:48,mfsweep_shard0,LRT_MMUR,49,4763.50,65,0,1,1708.0,2110.9,402.9,2,2,79.2,0.0,123.8,146.9,53.0,79.2
2026-09-19 23:00:48,mfsweep_shard0,LRT_MMUR,49,4763.50,66,0,1,1734.3,2734.0,999.7,2,2,61.1,0.0,167.6,234.5,536.5,61.1
2026-09-19 23:00:48,mfsweep_shard0,LRT_MMUR,49,4763.50,67,0,1,1760.6,2868.5,1107.9,2,2,54.6,0.0,159.0,153.9,740.3,54.6
2026-09-19 23:00:48,mfsweep_shard0,LRT_MMUR,49,4763.50,68,0,1,1786.9,2573.7,786.8,2,2,64.0,0.0,111.9,118.5,492.3,64.0
2026-09-19 23:00:48,mfsweep_shard0,LRT_MMUR,49,4763.50,69,0,1,1813.1,2696.8,883.6,2,2,62.4,0.0,125.4,118.4,577.4,62.4
2026-09-19 23:00:48,mfsweep_shard0,LRT_MMUR,49,4763.50,70,0,1,1839.4,2710.7,871.3,2,2,60.5,0.0,161.3,206.4,443.1,60.5
2026-09-19 23:00:48,mfsweep_shard0,LRT_MMUR,49,4763.50,71,0,1,1865.7,2298.6,432.9,2,2,84.7,0.0,84.6,208.8,54.8,84.7
2026-09-19 23:00:48,mfsweep_shard0,LRT_MMUR,49,4763.50,72,0,1,1892.0,2202.0,310.0,2,2,82.5,0.0,88.1,92.5,47.0,82.5
2026-09-19 23:00:48,mfsweep_shard0,LRT_MMUR,49,4763.50,73,0,1,1918.3,2656.0,737.7,2,2,63.9,0.0,195.1,165.2,313.4,63.9
2026-09-19 23:00:48,mfsweep_shard0,LRT_MMUR,49,4763.50,74,0,1,1944.5,2390.0,445.5,2,2,75.2,0.0,212.5,157.8,0.0,75.2
2026-09-19 23:00:48,mfsweep_shard0,LRT_MMUR,49,4763.50,75,0,1,1970.8,2407.9,437.1,2,2,66.6,0.0,214.4,142.2,13.9,66.6
2026-09-19 23:00:48,mfsweep_shard0,LRT_MMUR,49,4763.50,76,0,1,1997.1,2467.9,470.8,2,2,83.7,0.0,201.9,131.3,53.9,83.7
2026-09-19 23:00:48,mfsweep_shard0,LRT_MMUR,49,4763.50,77,0,1,2023.4,2804.6,781.3,2,2,68.7,0.0,122.2,146.4,443.9,68.7
2026-09-19 23:00:48,mfsweep_shard0,LRT_MMUR,49,4763.50,78,0,1,2049.6,2967.7,918.0,2,2,62.3,0.0,197.4,118.8,539.5,62.3
2026-09-19 23:00:48,mfsweep_shard0,LRT_MMUR,49,4763.50,79,0,1,2075.9,4299.0,2223.1,2,2,61.7,0.0,303.9,219.6,1637.9,61.7
2026-09-19 23:00:48,mfsweep_shard0,LRT_MMUR,49,4763.50,80,0,1,2102.2,2560.1,457.9,2,2,72.1,0.0,141.8,205.1,38.9,72.1
2026-09-19 23:00:48,mfsweep_shard0,LRT_MMUR,49,4763.50,81,0,1,2128.5,4251.8,2123.3,2,2,62.2,0.1,321.9,218.6,1495.3,87.5
2026-09-19 23:00:48,mfsweep_shard0,LRT_MMUR,49,4763.50,82,0,1,2154.7,2569.0,414.2,2,2,72.8,0.0,94.0,210.3,37.0,72.8
2026-09-19 23:00:48,mfsweep_shard0,LRT_MMUR,49,4763.50,83,0,1,2181.0,2784.7,603.7,2,2,83.2,0.0,199.1,200.2,121.1,83.2
2026-09-19 23:00:48,mfsweep_shard0,LRT_MMUR,49,4763.50,84,0,1,2207.3,2859.2,651.9,2,2,66.7,0.0,129.2,126.1,329.8,66.7
2026-09-19 23:00:48,mfsweep_shard0,LRT_MMUR,49,4763.50,85,0,1,2233.6,4344.2,2110.6,2,2,60.8,0.1,278.0,300.6,1471.1,60.8
2026-09-19 23:00:48,mfsweep_shard0,LRT_MMUR,49,4763.50,86,0,1,2259.9,2619.4,359.6,2,2,86.5,0.0,56.9,175.9,40.3,86.5
2026-09-19 23:00:48,mfsweep_shard0,LRT_MMUR,49,4763.50,87,0,1,2286.1,2775.4,489.2,2,2,70.4,0.0,52.6,226.3,139.9,70.4
2026-09-19 23:00:48,mfsweep_shard0,LRT_MMUR,49,4763.50,88,0,1,2312.4,4601.0,2288.6,2,2,56.5,0.1,292.0,350.6,1586.2,59.6
2026-09-19 23:00:48,mfsweep_shard0,LRT_MMUR,49,4763.50,89,0,1,2338.7,4763.5,2424.8,2,2,55.1,0.1,197.2,275.8,1896.6,55.1
2026-09-19 23:00:48,mfsweep_shard0,LRT_MMUR,49,4763.50,90,0,1,2365.0,2738.7,373.8,2,2,57.2,0.0,133.8,162.6,20.2,57.2
2026-09-19 23:00:48,mfsweep_shard0,LRT_MMUR,49,4763.50,91,0,1,2391.2,2651.6,260.3,2,2,74.3,0.0,43.5,142.6,0.0,74.3
2026-09-19 23:00:48,mfsweep_shard0,LRT_MMUR,49,4763.50,92,0,1,2417.5,2771.0,353.5,2,2,79.7,0.0,111.2,129.3,33.3,79.7
2026-09-19 23:00:48,mfsweep_shard0,LRT_MMUR,49,4763.50,93,0,1,2443.8,4010.8,1567.0,2,2,67.5,0.1,141.8,157.9,1199.7,67.5
2026-09-19 23:00:48,mfsweep_shard0,LRT_MMUR,49,4763.50,94,0,1,2470.1,4683.0,2212.9,2,2,55.6,0.2,203.1,212.1,1741.9,55.6
2026-09-19 23:00:48,mfsweep_shard0,LRT_MMUR,49,4763.50,95,0,1,2496.4,4061.3,1565.0,2,2,66.1,0.2,174.2,178.1,1146.4,66.1
2026-09-19 23:00:48,mfsweep_shard0,LRT_MMUR,49,4763.50,96,0,1,2522.6,2939.9,417.2,2,2,86.4,0.0,108.9,177.8,44.1,86.4
2026-09-19 23:00:48,mfsweep_shard0,LRT_MMUR,49,4763.50,97,0,1,2548.9,2818.9,270.0,2,2,71.0,0.0,53.8,125.0,20.1,71.0
2026-09-19 23:00:48,mfsweep_shard0,LRT_MMUR,49,4763.50,98,0,1,2575.2,3001.1,425.9,2,2,85.6,0.0,81.7,157.8,100.8,85.6
2026-09-19 23:00:48,mfsweep_shard0,LRT_MMUR,49,4763.50,99,0,1,2601.5,3035.8,434.3,2,2,82.0,0.0,94.8,130.2,127.3,82.0
2026-09-19 23:00:48,mfsweep_shard0,LRT_MMUR,49,4763.50,100,0,1,2627.7,4478.0,1850.3,2,2,53.9,0.3,175.5,170.1,1450.5,53.9
2026-09-19 23:00:48,mfsweep_shard0,LRT_MMUR,49,4763.50,101,0,1,2654.0,3108.9,454.8,2,2,77.3,0.0,131.6,141.9,104.0,77.3
2026-09-19 23:00:48,mfsweep_shard0,LRT_MMUR,49,4763.50,102,0,1,2680.3,3219.7,539.4,2,2,76.0,0.0,45.5,150.8,267.1,76.0
2026-09-19 23:00:48,mfsweep_shard0,LRT_MMUR,49,4763.50,103,0,1,2706.6,3483.4,776.8,2,2,71.3,0.0,138.6,127.5,439.5,71.3
2026-09-19 23:00:48,mfsweep_shard0,LRT_MMUR,49,4763.50,104,0,1,2732.9,4157.4,1424.5,2,2,62.4,0.2,171.3,136.0,1054.6,62.4
2026-09-19 23:00:48,mfsweep_shard0,LRT_MMUR,49,4763.50,105,0,1,2759.1,3413.9,654.8,2,2,74.7,0.0,66.5,83.5,430.1,74.7
2026-09-19 23:00:48,mfsweep_shard0,LRT_MMUR,49,4763.50,106,0,1,2785.4,4515.1,1729.7,2,2,57.2,0.3,215.2,109.1,1347.9,57.2
2026-09-19 23:00:48,mfsweep_shard0,LRT_MMUR,49,4763.50,107,0,1,2811.7,3957.2,1145.5,2,2,67.9,0.3,358.3,167.5,544.0,75.5
2026-09-19 23:00:48,mfsweep_shard0,LRT_MMUR,49,4763.50,108,0,1,2838.0,3579.6,741.6,2,2,68.5,0.0,114.2,81.2,477.7,68.5
2026-09-19 23:00:48,mfsweep_shard0,LRT_MMUR,49,4763.50,109,0,1,2864.2,3167.6,303.3,2,2,85.0,0.0,78.1,81.2,59.0,85.0
2026-09-19 23:00:48,mfsweep_shard0,LRT_MMUR,49,4763.50,110,0,1,2890.5,3365.3,474.8,2,2,82.4,0.0,152.5,128.0,111.9,82.4
2026-09-19 23:00:48,mfsweep_shard0,LRT_MMUR,49,4763.50,111,0,1,2916.8,4205.2,1288.4,2,2,62.2,0.3,207.9,138.2,879.8,62.2
2026-09-19 23:00:48,mfsweep_shard0,LRT_MMUR,49,4763.50,112,0,1,2943.1,3536.9,593.8,2,2,70.1,0.0,88.2,81.6,353.9,70.1
2026-09-19 23:00:48,mfsweep_shard0,LRT_MMUR,49,4763.50,113,0,1,2969.3,4558.9,1589.6,2,2,59.4,0.4,302.8,182.0,1000.7,103.7
2026-09-19 23:00:48,mfsweep_shard0,LRT_MMUR,49,4763.50,114,0,1,2995.6,3288.1,292.5,2,2,83.7,0.0,57.7,94.4,56.8,83.7
2026-09-19 23:00:48,mfsweep_shard0,LRT_MMUR,49,4763.50,115,0,1,3021.9,3306.1,284.2,2,2,82.3,0.0,68.9,133.0,0.0,82.3
2026-09-19 23:00:48,mfsweep_shard0,LRT_MMUR,49,4763.50,116,0,1,3048.2,3731.6,683.4,2,2,63.4,0.0,66.2,141.2,412.7,63.4
2026-09-19 23:00:48,mfsweep_shard0,LRT_MMUR,49,4763.50,117,0,1,3074.5,3383.8,309.3,2,2,74.6,0.0,71.5,103.5,59.7,74.6
2026-09-19 23:00:48,mfsweep_shard0,LRT_MMUR,49,4763.50,118,0,1,3100.7,3583.9,483.2,2,2,73.6,0.0,84.7,94.1,230.7,73.6
2026-09-19 23:00:48,mfsweep_shard0,LRT_MMUR,49,4763.50,119,0,1,3127.0,3812.4,685.4,2,2,58.6,0.0,131.0,97.0,398.8,58.6
2026-09-19 23:00:48,mfsweep_shard0,LRT_MMUR,49,4763.50,120,0,1,3153.3,3431.6,278.3,2,2,78.7,0.0,79.9,68.9,50.8,78.7
2026-09-19 23:00:48,mfsweep_shard0,LRT_MMUR,49,4763.50,121,0,1,3179.6,3754.4,574.8,2,2,71.3,0.0,202.6,96.2,204.6,71.3
2026-09-19 23:00:48,mfsweep_shard0,LRT_MMUR,49,4763.50,122,0,1,3205.8,3500.4,294.5,2,2,79.2,0.0,73.7,101.1,40.5,79.2
2026-09-19 23:00:48,mfsweep_shard0,LRT_MMUR,49,4763.50,123,0,1,3232.1,3673.0,440.9,2,2,71.0,0.0,53.7,101.4,214.7,71.0
2026-09-19 23:00:48,mfsweep_shard0,LRT_MMUR,49,4763.50,124,0,1,3258.4,3440.4,182.0,2,2,53.6,0.0,57.8,70.6,0.0,53.6
2026-09-19 23:00:48,mfsweep_shard0,LRT_MMUR,49,4763.50,125,0,1,3284.7,3566.2,281.5,2,2,64.2,0.0,96.1,113.7,7.4,64.2
2026-09-19 23:00:48,mfsweep_shard0,LRT_MMUR,49,4763.50,126,0,1,3311.0,3543.9,233.0,2,2,54.2,0.0,74.3,74.5,30.0,54.2
2026-09-19 23:00:48,mfsweep_shard0,LRT_MMUR,49,4763.50,127,0,1,3337.2,3636.5,299.2,2,2,84.2,0.0,81.4,112.2,21.5,84.2
2026-09-19 23:00:48,mfsweep_shard0,LRT_MMUR,49,4763.50,128,0,1,3363.5,3660.4,296.9,2,2,82.5,0.0,65.4,75.6,73.4,82.5
2026-09-19 23:00:48,mfsweep_shard0,LRT_MMUR,49,4763.50,129,0,1,3389.8,3853.4,463.6,2,2,81.0,0.0,69.4,71.9,241.4,81.0
2026-09-19 23:00:48,mfsweep_shard0,LRT_MMUR,49,4763.50,130,0,1,3416.1,4110.6,694.5,2,2,63.7,0.0,68.3,194.9,367.5,63.7
2026-09-19 23:00:48,mfsweep_shard0,LRT_MMUR,49,4763.50,131,0,1,3442.3,4722.8,1280.5,2,2,55.5,0.2,164.3,72.7,987.8,55.5
2026-09-19 23:00:48,mfsweep_shard0,LRT_MMUR,49,4763.50,132,0,1,3468.6,3722.9,254.3,2,2,82.5,0.0,51.1,108.8,11.8,82.5
2026-09-19 23:00:48,mfsweep_shard0,LRT_MMUR,49,4763.50,133,0,1,3494.9,3817.3,322.4,2,2,84.8,0.0,108.5,86.7,42.3,84.8
2026-09-19 23:00:48,mfsweep_shard0,LRT_MMUR,49,4763.50,134,0,1,3521.2,4641.8,1120.6,2,2,56.4,0.2,156.0,95.1,812.9,56.4
2026-09-19 23:00:48,mfsweep_shard0,LRT_MMUR,49,4763.50,135,0,1,3547.5,3904.9,357.4,2,2,69.6,0.0,118.1,84.9,84.8,69.6
2026-09-19 23:00:48,mfsweep_shard0,LRT_MMUR,49,4763.50,136,0,1,3573.7,3893.5,319.8,2,2,55.8,0.0,129.2,134.8,0.0,55.8
2026-09-19 23:04:50,mfsweep_shard0,LRT_MMUR,50,4664.32,0,0,1,0.0,203.4,203.4,2,2,74.6,0.0,59.6,69.2,0.0,74.6
2026-09-19 23:04:50,mfsweep_shard0,LRT_MMUR,50,4664.32,1,0,1,26.3,255.6,229.3,2,2,54.4,0.0,66.4,72.5,36.0,54.4
2026-09-19 23:04:50,mfsweep_shard0,LRT_MMUR,50,4664.32,2,0,1,52.6,246.9,194.3,2,2,62.6,0.0,60.8,70.9,0.0,62.6
2026-09-19 23:04:50,mfsweep_shard0,LRT_MMUR,50,4664.32,3,0,1,78.8,288.9,210.1,2,2,60.9,0.0,65.1,64.1,19.9,60.9
2026-09-19 23:04:50,mfsweep_shard0,LRT_MMUR,50,4664.32,4,0,1,105.1,300.5,195.4,2,2,77.8,0.0,48.1,69.4,0.0,77.8
2026-09-19 23:04:50,mfsweep_shard0,LRT_MMUR,50,4664.32,5,0,1,131.4,497.5,366.1,2,2,75.9,0.0,71.8,118.4,55.7,120.2
2026-09-19 23:04:50,mfsweep_shard0,LRT_MMUR,50,4664.32,6,0,1,157.7,443.2,285.5,2,2,83.0,0.0,84.5,118.0,0.0,83.0
2026-09-19 23:04:50,mfsweep_shard0,LRT_MMUR,50,4664.32,7,0,1,183.9,664.0,480.1,2,2,56.4,0.1,109.2,132.5,181.9,56.4
2026-09-19 23:04:50,mfsweep_shard0,LRT_MMUR,50,4664.32,8,0,1,210.2,554.5,344.3,2,2,67.5,0.0,78.0,66.3,132.4,67.5
2026-09-19 23:04:50,mfsweep_shard0,LRT_MMUR,50,4664.32,9,0,1,236.5,714.2,477.7,2,2,54.5,0.0,91.1,82.2,249.9,54.5
2026-09-19 23:04:50,mfsweep_shard0,LRT_MMUR,50,4664.32,10,0,1,262.8,604.0,341.2,2,2,60.8,0.0,82.6,75.4,122.4,60.8
2026-09-19 23:04:50,mfsweep_shard0,LRT_MMUR,50,4664.32,11,0,1,289.1,535.6,246.6,2,2,70.2,0.0,99.8,76.6,0.0,70.2
2026-09-19 23:04:50,mfsweep_shard0,LRT_MMUR,50,4664.32,12,0,1,315.3,531.1,215.7,2,2,54.4,0.0,75.7,85.6,0.0,54.4
2026-09-19 23:04:50,mfsweep_shard0,LRT_MMUR,50,4664.32,13,0,1,341.6,738.7,397.1,2,2,60.1,0.0,59.3,85.5,192.1,60.1
2026-09-19 23:04:50,mfsweep_shard0,LRT_MMUR,50,4664.32,14,0,1,367.9,579.6,211.7,2,2,75.0,0.0,50.8,83.2,2.6,75.0
2026-09-19 23:04:50,mfsweep_shard0,LRT_MMUR,50,4664.32,15,0,1,394.2,650.1,255.9,2,2,71.5,0.0,57.3,86.3,40.7,71.5
2026-09-19 23:04:50,mfsweep_shard0,LRT_MMUR,50,4664.32,16,0,1,420.4,696.4,275.9,2,2,60.8,0.0,75.5,77.7,61.8,60.8
2026-09-19 23:04:50,mfsweep_shard0,LRT_MMUR,50,4664.32,17,0,1,446.7,677.5,230.8,2,2,73.0,0.0,84.6,73.2,0.0,73.0
2026-09-19 23:04:50,mfsweep_shard0,LRT_MMUR,50,4664.32,18,0,1,473.0,743.1,270.1,2,2,80.3,0.0,96.9,71.6,21.3,80.3
2026-09-19 23:04:50,mfsweep_shard0,LRT_MMUR,50,4664.32,19,0,1,499.3,1103.2,604.0,2,2,53.8,0.0,135.2,73.7,341.2,53.8
2026-09-19 23:04:50,mfsweep_shard0,LRT_MMUR,50,4664.32,20,0,1,525.6,792.3,266.7,2,2,80.1,0.0,74.4,75.0,37.2,80.1
2026-09-19 23:04:50,mfsweep_shard0,LRT_MMUR,50,4664.32,21,0,1,551.8,859.8,308.0,2,2,76.6,0.0,85.6,80.7,65.0,76.6
2026-09-19 23:04:50,mfsweep_shard0,LRT_MMUR,50,4664.32,22,0,1,578.1,985.5,407.4,2,2,64.8,0.0,110.9,94.3,137.5,64.8
2026-09-19 23:04:50,mfsweep_shard0,LRT_MMUR,50,4664.32,23,0,1,604.4,1026.4,422.0,2,2,58.7,0.0,68.5,136.0,158.8,58.7
2026-09-19 23:04:50,mfsweep_shard0,LRT_MMUR,50,4664.32,24,0,1,630.7,930.8,300.1,2,2,85.1,0.0,52.4,155.5,7.1,85.1
2026-09-19 23:04:50,mfsweep_shard0,LRT_MMUR,50,4664.32,25,0,1,656.9,865.8,208.9,2,2,64.7,0.0,52.9,81.1,10.2,64.7
2026-09-19 23:04:50,mfsweep_shard0,LRT_MMUR,50,4664.32,26,0,1,683.2,903.6,220.3,2,2,56.6,0.0,78.8,83.5,1.4,56.6
2026-09-19 23:04:50,mfsweep_shard0,LRT_MMUR,50,4664.32,27,0,1,709.5,1037.8,328.3,2,2,56.7,0.0,106.7,77.8,87.1,56.7
2026-09-19 23:04:50,mfsweep_shard0,LRT_MMUR,50,4664.32,28,0,1,735.8,990.2,254.4,2,2,81.5,0.0,84.8,86.9,1.2,81.5
2026-09-19 23:04:50,mfsweep_shard0,LRT_MMUR,50,4664.32,29,0,1,762.0,994.6,232.5,2,2,73.5,0.0,77.1,81.9,0.0,73.5
2026-09-19 23:04:50,mfsweep_shard0,LRT_MMUR,50,4664.32,30,0,1,788.3,1066.5,278.2,2,2,80.2,0.0,89.5,72.5,35.9,80.2
2026-09-19 23:04:50,mfsweep_shard0,LRT_MMUR,50,4664.32,31,0,1,814.6,1280.0,465.4,2,2,77.6,0.0,225.8,126.3,25.1,88.2
2026-09-19 23:04:50,mfsweep_shard0,LRT_MMUR,50,4664.32,32,0,1,840.9,1447.2,606.3,2,2,71.2,0.0,112.0,107.6,296.8,89.8
2026-09-19 23:04:50,mfsweep_shard0,LRT_MMUR,50,4664.32,33,0,1,867.2,1190.7,323.6,2,2,85.7,0.0,63.4,174.5,0.0,85.7
2026-09-19 23:04:50,mfsweep_shard0,LRT_MMUR,50,4664.32,34,0,1,893.4,1151.2,257.8,2,2,66.0,0.0,85.8,95.7,10.3,66.0
2026-09-19 23:04:50,mfsweep_shard0,LRT_MMUR,50,4664.32,35,0,1,919.7,1374.8,455.1,2,2,71.8,0.0,117.8,83.2,182.3,71.8
2026-09-19 23:04:50,mfsweep_shard0,LRT_MMUR,50,4664.32,36,0,1,946.0,1229.7,283.7,2,2,80.9,0.0,71.2,98.0,33.6,80.9
2026-09-19 23:04:50,mfsweep_shard0,LRT_MMUR,50,4664.32,37,0,1,972.3,1335.7,363.5,2,2,74.0,0.0,139.5,80.9,69.0,74.0
2026-09-19 23:04:50,mfsweep_shard0,LRT_MMUR,50,4664.32,38,0,1,998.5,1386.7,388.2,2,2,82.0,0.0,180.4,77.5,48.3,82.0
2026-09-19 23:04:50,mfsweep_shard0,LRT_MMUR,50,4664.32,39,0,1,1024.8,1455.6,430.7,2,2,72.6,0.0,165.3,99.3,93.5,72.6
2026-09-19 23:04:50,mfsweep_shard0,LRT_MMUR,50,4664.32,40,0,1,1051.1,1323.8,272.7,2,2,76.8,0.0,113.7,82.2,0.0,76.8
2026-09-19 23:04:50,mfsweep_shard0,LRT_MMUR,50,4664.32,41,0,1,1077.4,4510.5,3433.2,2,2,55.1,0.0,408.7,239.5,2729.8,55.1
2026-09-19 23:04:50,mfsweep_shard0,LRT_MMUR,50,4664.32,42,0,1,1103.7,1890.8,787.2,2,2,61.1,0.0,225.1,131.2,369.6,61.1
2026-09-19 23:04:50,mfsweep_shard0,LRT_MMUR,50,4664.32,43,0,1,1129.9,1481.1,351.1,2,2,63.1,0.0,143.8,81.7,62.6,63.1
2026-09-19 23:04:50,mfsweep_shard0,LRT_MMUR,50,4664.32,44,0,1,1156.2,4390.4,3234.2,2,2,56.2,0.2,469.7,222.7,2462.4,79.3
2026-09-19 23:04:50,mfsweep_shard0,LRT_MMUR,50,4664.32,45,0,1,1182.5,1589.4,406.9,2,2,61.2,0.0,107.2,99.8,138.6,61.2
2026-09-19 23:04:50,mfsweep_shard0,LRT_MMUR,50,4664.32,46,0,1,1208.8,2203.0,994.3,2,2,56.9,0.1,221.8,176.2,539.3,56.9
2026-09-19 23:04:50,mfsweep_shard0,LRT_MMUR,50,4664.32,47,0,1,1235.0,1537.5,302.4,2,2,62.7,0.0,102.6,109.2,27.9,62.7
2026-09-19 23:04:50,mfsweep_shard0,LRT_MMUR,50,4664.32,48,0,1,1261.3,1575.9,314.6,2,2,74.5,0.0,97.5,142.6,0.0,74.5
2026-09-19 23:04:50,mfsweep_shard0,LRT_MMUR,50,4664.32,49,0,1,1287.6,1705.2,417.6,2,2,65.6,0.0,61.6,202.6,87.8,65.6
2026-09-19 23:04:50,mfsweep_shard0,LRT_MMUR,50,4664.32,50,0,1,1313.9,1671.5,357.6,2,2,65.8,0.0,93.8,164.7,33.4,65.8
2026-09-19 23:04:50,mfsweep_shard0,LRT_MMUR,50,4664.32,51,0,1,1340.2,1985.3,645.2,2,2,60.5,0.1,121.5,227.5,235.6,60.5
2026-09-19 23:04:50,mfsweep_shard0,LRT_MMUR,50,4664.32,52,0,1,1366.4,1687.3,320.8,2,2,62.4,0.0,65.1,154.4,38.9,62.4
2026-09-19 23:04:50,mfsweep_shard0,LRT_MMUR,50,4664.32,53,0,1,1392.7,1648.9,256.2,2,2,84.5,0.0,79.9,91.8,0.0,84.5
2026-09-19 23:04:50,mfsweep_shard0,LRT_MMUR,50,4664.32,54,0,1,1419.0,1787.9,368.9,2,2,74.9,0.0,157.8,100.4,35.7,74.9
2026-09-19 23:04:50,mfsweep_shard0,LRT_MMUR,50,4664.32,55,0,1,1445.3,1846.7,401.4,2,2,73.6,0.1,129.8,131.2,66.7,73.6
2026-09-19 23:04:50,mfsweep_shard0,LRT_MMUR,50,4664.32,56,0,1,1471.5,2042.9,571.3,2,2,59.2,0.1,207.3,182.7,122.0,59.2
2026-09-19 23:04:50,mfsweep_shard0,LRT_MMUR,50,4664.32,57,0,1,1497.8,1976.1,478.3,2,2,77.6,0.1,273.3,109.3,18.0,77.6
2026-09-19 23:04:50,mfsweep_shard0,LRT_MMUR,50,4664.32,58,0,1,1524.1,2108.9,584.8,2,2,58.9,0.0,141.2,87.4,297.2,58.9
2026-09-19 23:04:50,mfsweep_shard0,LRT_MMUR,50,4664.32,59,0,1,1550.4,2051.8,501.4,2,2,66.1,0.0,327.0,108.3,0.0,66.1
2026-09-19 23:04:50,mfsweep_shard0,LRT_MMUR,50,4664.32,60,0,1,1576.6,1832.4,255.8,2,2,86.2,0.0,64.1,105.4,0.0,86.2
2026-09-19 23:04:50,mfsweep_shard0,LRT_MMUR,50,4664.32,61,0,1,1602.9,2029.5,426.6,2,2,74.7,0.0,61.3,248.7,41.9,74.7
2026-09-19 23:04:50,mfsweep_shard0,LRT_MMUR,50,4664.32,62,0,1,1629.2,2248.9,619.7,2,2,71.9,0.0,80.9,227.5,239.4,71.9
2026-09-19 23:04:50,mfsweep_shard0,LRT_MMUR,50,4664.32,63,0,1,1655.5,2267.8,612.3,2,2,76.1,0.0,132.1,255.3,148.7,76.1
2026-09-19 23:04:50,mfsweep_shard0,LRT_MMUR,50,4664.32,64,0,1,1681.8,2081.1,399.3,2,2,81.4,0.0,64.7,196.8,56.5,81.4
2026-09-19 23:04:50,mfsweep_shard0,LRT_MMUR,50,4664.32,65,0,1,1708.0,2138.6,430.6,2,2,79.2,0.0,112.5,219.4,19.5,79.2
2026-09-19 23:04:50,mfsweep_shard0,LRT_MMUR,50,4664.32,66,0,1,1734.3,2400.8,666.5,2,2,61.1,0.0,130.6,148.6,326.1,61.1
2026-09-19 23:04:50,mfsweep_shard0,LRT_MMUR,50,4664.32,67,0,1,1760.6,2542.3,781.7,2,2,54.6,0.0,154.8,135.3,436.9,54.6
2026-09-19 23:04:50,mfsweep_shard0,LRT_MMUR,50,4664.32,68,0,1,1786.9,2317.9,531.1,2,2,64.0,0.0,152.4,93.5,221.2,64.0
2026-09-19 23:04:50,mfsweep_shard0,LRT_MMUR,50,4664.32,69,0,1,1813.1,2445.9,632.7,2,2,62.4,0.0,165.6,148.7,255.8,62.7
2026-09-19 23:04:50,mfsweep_shard0,LRT_MMUR,50,4664.32,70,0,1,1839.4,2494.2,654.7,2,2,60.5,0.0,209.0,132.7,252.4,60.5
2026-09-19 23:04:50,mfsweep_shard0,LRT_MMUR,50,4664.32,71,0,1,1865.7,2552.0,686.3,2,2,84.7,0.0,333.9,197.7,59.3,95.3
2026-09-19 23:04:50,mfsweep_shard0,LRT_MMUR,50,4664.32,72,0,1,1892.0,2387.1,495.1,2,2,82.5,0.0,229.5,133.1,49.9,82.5
2026-09-19 23:04:50,mfsweep_shard0,LRT_MMUR,50,4664.32,73,0,1,1918.3,2322.7,404.4,2,2,63.9,0.1,220.6,109.7,10.1,63.9
2026-09-19 23:04:50,mfsweep_shard0,LRT_MMUR,50,4664.32,74,0,1,1944.5,2475.6,531.1,2,2,75.2,0.0,159.4,110.0,186.5,75.2
2026-09-19 23:04:50,mfsweep_shard0,LRT_MMUR,50,4664.32,75,0,1,1970.8,3417.0,1446.2,2,2,66.6,0.1,322.1,239.5,817.9,66.6
2026-09-19 23:04:50,mfsweep_shard0,LRT_MMUR,50,4664.32,76,0,1,1997.1,2391.9,394.9,2,2,83.7,0.0,128.1,132.1,50.9,83.7
2026-09-19 23:04:50,mfsweep_shard0,LRT_MMUR,50,4664.32,77,0,1,2023.4,3027.8,1004.5,2,2,68.7,0.1,213.2,292.9,429.6,68.7
2026-09-19 23:04:50,mfsweep_shard0,LRT_MMUR,50,4664.32,78,0,1,2049.6,4076.8,2027.2,2,2,62.3,0.2,210.5,246.2,1508.0,62.3
2026-09-19 23:04:50,mfsweep_shard0,LRT_MMUR,50,4664.32,79,0,1,2075.9,4219.0,2143.1,2,2,61.7,0.3,227.4,232.9,1620.8,61.7
2026-09-19 23:04:50,mfsweep_shard0,LRT_MMUR,50,4664.32,80,0,1,2102.2,3628.9,1526.7,2,2,72.1,0.3,375.8,216.8,861.7,72.1
2026-09-19 23:04:50,mfsweep_shard0,LRT_MMUR,50,4664.32,81,0,1,2128.5,4172.3,2043.8,2,2,62.2,0.4,379.4,320.0,1281.9,62.2
2026-09-19 23:04:50,mfsweep_shard0,LRT_MMUR,50,4664.32,82,0,1,2154.7,2725.4,570.7,2,2,72.8,0.0,119.6,229.7,148.6,72.8
2026-09-19 23:04:50,mfsweep_shard0,LRT_MMUR,50,4664.32,83,0,1,2181.0,2662.8,481.8,2,2,83.2,0.0,120.8,240.9,36.9,83.2
2026-09-19 23:04:50,mfsweep_shard0,LRT_MMUR,50,4664.32,84,0,1,2207.3,3903.8,1696.5,2,2,66.7,0.5,466.5,287.7,875.2,66.7
2026-09-19 23:04:50,mfsweep_shard0,LRT_MMUR,50,4664.32,85,0,1,2233.6,4263.7,2030.1,2,2,60.8,0.5,458.4,254.6,1255.8,60.8
2026-09-19 23:04:50,mfsweep_shard0,LRT_MMUR,50,4664.32,86,0,1,2259.9,2672.2,412.3,2,2,86.5,0.0,150.4,173.2,2.2,86.5
2026-09-19 23:04:50,mfsweep_shard0,LRT_MMUR,50,4664.32,87,0,1,2286.1,2994.0,707.8,2,2,70.4,0.2,175.8,236.1,225.4,70.4
2026-09-19 23:04:50,mfsweep_shard0,LRT_MMUR,50,4664.32,88,0,1,2312.4,4347.9,2035.4,2,2,56.5,0.6,444.6,312.1,1221.7,56.5
2026-09-19 23:04:50,mfsweep_shard0,LRT_MMUR,50,4664.32,89,0,1,2338.7,4591.2,2252.5,2,2,55.1,0.7,364.5,220.5,1611.7,55.1
2026-09-19 23:04:50,mfsweep_shard0,LRT_MMUR,50,4664.32,90,0,1,2365.0,4311.8,1946.8,2,2,57.2,0.7,358.2,231.8,1299.0,57.2
2026-09-19 23:04:50,mfsweep_shard0,LRT_MMUR,50,4664.32,91,0,1,2391.2,3201.0,809.8,2,2,74.3,0.3,217.1,341.4,176.7,74.3
2026-09-19 23:04:50,mfsweep_shard0,LRT_MMUR,50,4664.32,92,0,1,2417.5,3509.2,1091.7,2,2,79.7,0.8,567.9,310.8,107.6,104.6
2026-09-19 23:04:50,mfsweep_shard0,LRT_MMUR,50,4664.32,93,0,1,2443.8,2774.5,330.7,2,2,67.5,0.0,19.3,236.1,7.7,67.5
2026-09-19 23:04:50,mfsweep_shard0,LRT_MMUR,50,4664.32,94,0,1,2470.1,4550.4,2080.3,2,2,55.6,0.9,378.1,242.4,1370.6,88.3
2026-09-19 23:04:50,mfsweep_shard0,LRT_MMUR,50,4664.32,95,0,1,2496.4,3941.1,1444.7,2,2,66.1,0.6,267.4,249.1,861.5,66.1
2026-09-19 23:04:50,mfsweep_shard0,LRT_MMUR,50,4664.32,96,0,1,2522.6,3007.8,485.2,2,2,86.4,0.0,31.0,352.6,15.1,86.4
2026-09-19 23:04:50,mfsweep_shard0,LRT_MMUR,50,4664.32,97,0,1,2548.9,3689.9,1140.9,2,2,71.0,0.6,340.0,291.1,438.2,71.0
2026-09-19 23:04:50,mfsweep_shard0,LRT_MMUR,50,4664.32,98,0,1,2575.2,3287.7,712.5,2,2,85.6,0.0,296.3,298.0,32.6,85.6
2026-09-19 23:04:50,mfsweep_shard0,LRT_MMUR,50,4664.32,99,0,1,2601.5,3444.3,842.8,2,2,82.0,0.0,132.9,588.0,32.1,89.8
2026-09-19 23:04:50,mfsweep_shard0,LRT_MMUR,50,4664.32,100,0,1,2627.7,4630.6,2002.9,2,2,53.9,0.1,165.5,474.0,1309.3,53.9
2026-09-19 23:04:50,mfsweep_shard0,LRT_MMUR,50,4664.32,101,0,1,2654.0,3230.6,576.6,2,2,77.3,0.0,234.3,264.9,0.0,77.3
2026-09-19 23:04:50,mfsweep_shard0,LRT_MMUR,50,4664.32,102,0,1,2680.3,3249.7,569.4,2,2,76.0,0.0,167.9,206.6,118.8,76.0
2026-09-19 23:04:50,mfsweep_shard0,LRT_MMUR,50,4664.32,103,0,1,2706.6,3646.9,940.4,2,2,71.3,0.0,156.9,210.4,501.7,71.3
2026-09-19 23:04:50,mfsweep_shard0,LRT_MMUR,50,4664.32,104,0,1,2732.9,4030.7,1297.8,2,2,62.4,0.1,214.7,201.5,819.2,62.4
2026-09-19 23:04:50,mfsweep_shard0,LRT_MMUR,50,4664.32,105,0,1,2759.1,3263.5,504.4,2,2,74.7,0.0,133.2,280.4,16.1,74.7
2026-09-19 23:04:50,mfsweep_shard0,LRT_MMUR,50,4664.32,106,0,1,2785.4,3217.2,431.8,2,2,57.2,0.0,27.1,347.0,0.5,57.2
2026-09-19 23:04:50,mfsweep_shard0,LRT_MMUR,50,4664.32,107,0,1,2811.7,3890.0,1078.3,2,2,67.9,0.1,91.5,253.3,665.6,67.9
2026-09-19 23:04:50,mfsweep_shard0,LRT_MMUR,50,4664.32,108,0,1,2838.0,3876.7,1038.7,2,2,68.5,0.0,164.5,256.6,549.1,68.5
2026-09-19 23:04:50,mfsweep_shard0,LRT_MMUR,50,4664.32,109,0,1,2864.2,3336.5,472.3,2,2,85.0,0.0,104.1,263.7,19.5,85.0
2026-09-19 23:04:50,mfsweep_shard0,LRT_MMUR,50,4664.32,110,0,1,2890.5,3403.6,513.1,2,2,82.4,0.0,39.1,307.6,83.9,82.4
2026-09-19 23:04:50,mfsweep_shard0,LRT_MMUR,50,4664.32,111,0,1,2916.8,4125.2,1208.4,2,2,62.2,0.3,149.6,297.0,680.0,81.5
2026-09-19 23:04:50,mfsweep_shard0,LRT_MMUR,50,4664.32,112,0,1,2943.1,3728.0,784.9,2,2,70.1,0.3,287.2,195.8,231.5,70.1
2026-09-19 23:04:50,mfsweep_shard0,LRT_MMUR,50,4664.32,113,0,1,2969.3,3453.7,484.4,2,2,59.4,0.0,129.6,255.5,39.8,59.4
2026-09-19 23:04:50,mfsweep_shard0,LRT_MMUR,50,4664.32,114,0,1,2995.6,3550.8,555.2,2,2,83.7,0.4,183.4,280.8,6.9,83.7
2026-09-19 23:04:50,mfsweep_shard0,LRT_MMUR,50,4664.32,115,0,1,3021.9,3611.6,589.7,2,2,82.3,0.0,261.2,221.6,24.5,82.4
2026-09-19 23:04:50,mfsweep_shard0,LRT_MMUR,50,4664.32,116,0,1,3048.2,3982.8,934.6,2,2,63.4,0.0,112.2,237.9,521.0,63.4
2026-09-19 23:04:50,mfsweep_shard0,LRT_MMUR,50,4664.32,117,0,1,3074.5,4190.7,1116.3,2,2,74.6,0.0,179.0,271.2,591.4,74.6
2026-09-19 23:04:50,mfsweep_shard0,LRT_MMUR,50,4664.32,118,0,1,3100.7,4249.9,1149.2,2,2,73.6,0.0,312.4,144.8,618.3,73.6
2026-09-19 23:04:50,mfsweep_shard0,LRT_MMUR,50,4664.32,119,0,1,3127.0,4502.5,1375.5,2,2,58.6,0.1,303.8,263.9,749.2,58.6
2026-09-19 23:04:50,mfsweep_shard0,LRT_MMUR,50,4664.32,120,0,1,3153.3,4130.9,977.6,2,2,78.7,0.1,362.7,185.4,350.6,78.7
2026-09-19 23:04:50,mfsweep_shard0,LRT_MMUR,50,4664.32,121,0,1,3179.6,3518.2,338.6,2,2,71.3,0.0,144.3,123.0,0.0,71.3
2026-09-19 23:04:50,mfsweep_shard0,LRT_MMUR,50,4664.32,122,0,1,3205.8,3703.2,497.3,2,2,79.2,0.0,214.0,130.8,73.3,79.2
2026-09-19 23:04:50,mfsweep_shard0,LRT_MMUR,50,4664.32,123,0,1,3232.1,4306.5,1074.4,2,2,71.0,0.1,201.4,203.8,598.0,71.0
2026-09-19 23:04:50,mfsweep_shard0,LRT_MMUR,50,4664.32,124,0,1,3258.4,4664.3,1405.9,2,2,53.6,0.1,175.2,152.8,1024.2,53.6
2026-09-19 23:04:50,mfsweep_shard0,LRT_MMUR,50,4664.32,125,0,1,3284.7,4412.0,1127.3,2,2,64.2,0.1,296.3,222.5,544.1,64.2
2026-09-19 23:04:50,mfsweep_shard0,LRT_MMUR,50,4664.32,126,0,1,3311.0,4626.0,1315.0,2,2,54.2,0.2,198.2,187.4,875.0,54.2
2026-09-19 23:04:50,mfsweep_shard0,LRT_MMUR,50,4664.32,127,0,1,3337.2,3720.6,383.4,2,2,84.2,0.0,102.3,165.6,31.3,84.2
2026-09-19 23:04:50,mfsweep_shard0,LRT_MMUR,50,4664.32,128,0,1,3363.5,3954.6,591.1,2,2,82.5,0.2,140.8,215.8,151.9,82.5
2026-09-19 23:04:50,mfsweep_shard0,LRT_MMUR,50,4664.32,129,0,1,3389.8,3936.1,546.3,2,2,81.0,0.2,159.3,169.3,136.5,81.0
2026-09-19 23:04:50,mfsweep_shard0,LRT_MMUR,50,4664.32,130,0,1,3416.1,4458.9,1042.8,2,2,63.7,0.2,131.4,199.9,647.6,63.7
2026-09-19 23:04:50,mfsweep_shard0,LRT_MMUR,50,4664.32,131,0,1,3442.3,4585.3,1143.0,2,2,55.5,0.3,203.9,170.8,712.6,55.5
2026-09-19 23:04:50,mfsweep_shard0,LRT_MMUR,50,4664.32,132,0,1,3468.6,4068.0,599.4,2,2,82.5,0.3,158.6,151.4,206.6,82.5
2026-09-19 23:04:50,mfsweep_shard0,LRT_MMUR,50,4664.32,133,0,1,3494.9,3999.9,505.0,2,2,84.8,0.3,158.4,149.5,91.9,104.9
2026-09-19 23:04:50,mfsweep_shard0,LRT_MMUR,50,4664.32,134,0,1,3521.2,3791.7,270.5,2,2,56.4,0.0,116.0,78.6,19.5,56.4
2026-09-19 23:04:50,mfsweep_shard0,LRT_MMUR,50,4664.32,135,0,1,3547.5,4359.9,812.5,2,2,69.6,0.3,294.6,76.1,371.9,69.6
2026-09-19 23:04:50,mfsweep_shard0,LRT_MMUR,50,4664.32,136,0,1,3573.7,4545.3,971.6,2,2,55.8,0.3,108.2,89.6,717.6,55.8
2026-09-19 23:09:04,mfsweep_shard0,LRT_MMUR,51,4912.90,0,0,1,0.0,446.2,446.2,2,2,74.6,0.0,108.7,125.1,103.4,108.9
2026-09-19 23:09:04,mfsweep_shard0,LRT_MMUR,51,4912.90,1,0,1,26.3,494.2,467.9,2,2,54.4,0.1,96.0,148.7,168.7,54.4
2026-09-19 23:09:04,mfsweep_shard0,LRT_MMUR,51,4912.90,2,0,1,52.6,256.8,204.2,2,2,62.6,0.0,68.2,73.4,0.0,62.6
2026-09-19 23:09:04,mfsweep_shard0,LRT_MMUR,51,4912.90,3,0,1,78.8,279.4,200.5,2,2,60.9,0.0,67.2,72.4,0.0,60.9
2026-09-19 23:09:04,mfsweep_shard0,LRT_MMUR,51,4912.90,4,0,1,105.1,338.3,233.1,2,2,77.8,0.0,41.3,113.9,0.2,77.8
2026-09-19 23:09:04,mfsweep_shard0,LRT_MMUR,51,4912.90,5,0,1,131.4,414.4,283.0,2,2,75.9,0.0,75.9,131.1,0.0,75.9
2026-09-19 23:09:04,mfsweep_shard0,LRT_MMUR,51,4912.90,6,0,1,157.7,463.6,306.0,2,2,83.0,0.0,50.9,142.8,29.2,83.0
2026-09-19 23:09:04,mfsweep_shard0,LRT_MMUR,51,4912.90,7,0,1,183.9,573.1,389.1,2,2,56.4,0.0,67.3,153.0,112.4,56.4
2026-09-19 23:09:04,mfsweep_shard0,LRT_MMUR,51,4912.90,8,0,1,210.2,538.4,328.2,2,2,67.5,0.0,72.7,143.1,44.9,67.5
2026-09-19 23:09:04,mfsweep_shard0,LRT_MMUR,51,4912.90,9,0,1,236.5,813.2,576.7,2,2,54.5,0.0,95.5,70.5,356.2,54.5
2026-09-19 23:09:04,mfsweep_shard0,LRT_MMUR,51,4912.90,10,0,1,262.8,764.7,501.9,2,2,60.8,0.0,135.6,148.4,133.8,84.1
2026-09-19 23:09:04,mfsweep_shard0,LRT_MMUR,51,4912.90,11,0,1,289.1,592.0,302.9,2,2,70.2,0.0,92.8,139.9,0.0,70.2
2026-09-19 23:09:04,mfsweep_shard0,LRT_MMUR,51,4912.90,12,0,1,315.3,852.4,537.1,2,2,54.4,0.0,169.0,99.3,214.3,54.4
2026-09-19 23:09:04,mfsweep_shard0,LRT_MMUR,51,4912.90,13,0,1,341.6,610.4,268.8,2,2,60.1,0.0,96.7,99.8,12.1,60.1
2026-09-19 23:09:04,mfsweep_shard0,LRT_MMUR,51,4912.90,14,0,1,367.9,656.0,288.1,2,2,75.0,0.0,110.3,98.0,4.7,75.0
2026-09-19 23:09:04,mfsweep_shard0,LRT_MMUR,51,4912.90,15,0,1,394.2,723.8,329.6,2,2,71.5,0.0,109.4,107.4,41.3,71.5
2026-09-19 23:09:04,mfsweep_shard0,LRT_MMUR,51,4912.90,16,0,1,420.4,641.6,221.2,2,2,60.8,0.0,74.3,86.0,0.0,60.8
2026-09-19 23:09:04,mfsweep_shard0,LRT_MMUR,51,4912.90,17,0,1,446.7,728.6,281.9,2,2,73.0,0.0,87.4,100.6,20.8,73.0
2026-09-19 23:09:04,mfsweep_shard0,LRT_MMUR,51,4912.90,18,0,1,473.0,789.5,316.5,2,2,80.3,0.0,92.9,111.8,31.6,80.3
2026-09-19 23:09:04,mfsweep_shard0,LRT_MMUR,51,4912.90,19,0,1,499.3,1134.8,635.6,2,2,53.8,0.0,59.1,95.1,427.5,53.8
2026-09-19 23:09:04,mfsweep_shard0,LRT_MMUR,51,4912.90,20,0,1,525.6,844.7,319.1,2,2,80.1,0.0,80.9,133.9,24.2,80.1
2026-09-19 23:09:04,mfsweep_shard0,LRT_MMUR,51,4912.90,21,0,1,551.8,956.9,405.1,2,2,76.6,0.0,79.1,103.3,146.1,76.6
2026-09-19 23:09:04,mfsweep_shard0,LRT_MMUR,51,4912.90,22,0,1,578.1,1046.5,468.4,2,2,64.8,0.0,120.6,98.1,184.9,64.8
2026-09-19 23:09:04,mfsweep_shard0,LRT_MMUR,51,4912.90,23,0,1,604.4,1091.7,487.3,2,2,58.7,0.0,68.3,84.6,275.7,58.7
2026-09-19 23:09:04,mfsweep_shard0,LRT_MMUR,51,4912.90,24,0,1,630.7,889.2,258.6,2,2,85.1,0.0,78.0,78.8,16.5,85.1
2026-09-19 23:09:04,mfsweep_shard0,LRT_MMUR,51,4912.90,25,0,1,656.9,1068.6,411.6,2,2,64.7,0.0,101.9,80.9,164.1,64.7
2026-09-19 23:09:04,mfsweep_shard0,LRT_MMUR,51,4912.90,26,0,1,683.2,903.5,220.3,2,2,56.6,0.0,89.5,74.2,0.0,56.6
2026-09-19 23:09:04,mfsweep_shard0,LRT_MMUR,51,4912.90,27,0,1,709.5,947.5,238.0,2,2,56.7,0.0,91.1,81.8,8.3,56.7
2026-09-19 23:09:04,mfsweep_shard0,LRT_MMUR,51,4912.90,28,0,1,735.8,1039.1,303.3,2,2,81.5,0.0,136.1,85.7,0.0,81.5
2026-09-19 23:09:04,mfsweep_shard0,LRT_MMUR,51,4912.90,29,0,1,762.0,1557.9,795.9,2,2,73.5,0.0,161.6,199.9,324.7,109.6
2026-09-19 23:09:04,mfsweep_shard0,LRT_MMUR,51,4912.90,30,0,1,788.3,1217.3,429.0,2,2,80.2,0.0,147.0,201.7,0.0,80.2
2026-09-19 23:09:04,mfsweep_shard0,LRT_MMUR,51,4912.90,31,0,1,814.6,1186.2,371.6,2,2,77.6,0.0,72.0,163.8,58.1,77.6
2026-09-19 23:09:04,mfsweep_shard0,LRT_MMUR,51,4912.90,32,0,1,840.9,1697.1,856.2,2,2,71.2,0.1,151.3,142.8,490.8,71.2
2026-09-19 23:09:04,mfsweep_shard0,LRT_MMUR,51,4912.90,33,0,1,867.2,1493.6,626.4,2,2,85.7,0.1,226.3,286.8,27.5,85.7
2026-09-19 23:09:04,mfsweep_shard0,LRT_MMUR,51,4912.90,34,0,1,893.4,1815.0,921.6,2,2,66.0,0.1,363.6,92.8,399.0,66.0
2026-09-19 23:09:04,mfsweep_shard0,LRT_MMUR,51,4912.90,35,0,1,919.7,1678.7,759.0,2,2,71.8,0.1,189.0,102.4,395.8,71.8
2026-09-19 23:09:04,mfsweep_shard0,LRT_MMUR,51,4912.90,36,0,1,946.0,1302.9,356.9,2,2,80.9,0.1,161.9,92.8,21.1,80.9
2026-09-19 23:09:04,mfsweep_shard0,LRT_MMUR,51,4912.90,37,0,1,972.3,1298.4,326.1,2,2,74.0,0.0,138.9,113.2,0.0,74.0
2026-09-19 23:09:04,mfsweep_shard0,LRT_MMUR,51,4912.90,38,0,1,998.5,1383.2,384.7,2,2,82.0,0.0,140.0,104.3,58.4,82.0
2026-09-19 23:09:04,mfsweep_shard0,LRT_MMUR,51,4912.90,39,0,1,1024.8,1666.2,641.4,2,2,72.6,0.0,199.4,112.6,256.8,72.6
2026-09-19 23:09:04,mfsweep_shard0,LRT_MMUR,51,4912.90,40,0,1,1051.1,1529.9,478.8,2,2,76.8,0.0,147.2,142.0,112.9,76.8
2026-09-19 23:09:04,mfsweep_shard0,LRT_MMUR,51,4912.90,41,0,1,1077.4,1801.5,724.1,2,2,55.1,0.0,131.7,111.5,425.8,55.1
2026-09-19 23:09:04,mfsweep_shard0,LRT_MMUR,51,4912.90,42,0,1,1103.7,1432.3,328.7,2,2,61.1,0.0,147.9,119.7,0.0,61.1
2026-09-19 23:09:04,mfsweep_shard0,LRT_MMUR,51,4912.90,43,0,1,1129.9,1488.9,359.0,2,2,63.1,0.0,23.0,236.9,36.0,63.1
2026-09-19 23:09:04,mfsweep_shard0,LRT_MMUR,51,4912.90,44,0,1,1156.2,1520.8,364.6,2,2,56.2,0.0,118.8,184.3,5.3,56.2
2026-09-19 23:09:04,mfsweep_shard0,LRT_MMUR,51,4912.90,45,0,1,1182.5,1985.0,802.5,2,2,61.2,0.0,227.3,201.8,312.2,61.2
2026-09-19 23:09:04,mfsweep_shard0,LRT_MMUR,51,4912.90,46,0,1,1208.8,2088.3,879.6,2,2,56.9,0.1,262.7,178.9,381.1,56.9
2026-09-19 23:09:04,mfsweep_shard0,LRT_MMUR,51,4912.90,47,0,1,1235.0,1703.0,467.9,2,2,62.7,0.1,154.6,167.0,67.6,78.6
2026-09-19 23:09:04,mfsweep_shard0,LRT_MMUR,51,4912.90,48,0,1,1261.3,1692.6,431.3,2,2,74.5,0.0,157.1,164.6,35.1,74.5
2026-09-19 23:09:04,mfsweep_shard0,LRT_MMUR,51,4912.90,49,0,1,1287.6,1847.4,559.8,2,2,65.6,0.1,164.8,167.5,161.8,65.6
2026-09-19 23:09:04,mfsweep_shard0,LRT_MMUR,51,4912.90,50,0,1,1313.9,1580.3,266.4,2,2,65.8,0.0,74.6,126.1,0.0,65.8
2026-09-19 23:09:04,mfsweep_shard0,LRT_MMUR,51,4912.90,51,0,1,1340.2,2000.1,659.9,2,2,60.5,0.0,78.5,179.2,341.7,60.5
2026-09-19 23:09:04,mfsweep_shard0,LRT_MMUR,51,4912.90,52,0,1,1366.4,1922.2,555.8,2,2,62.4,0.0,51.9,127.9,313.5,62.4
2026-09-19 23:09:04,mfsweep_shard0,LRT_MMUR,51,4912.90,53,0,1,1392.7,1732.1,339.4,2,2,84.5,0.0,76.5,163.6,14.7,84.5
2026-09-19 23:09:04,mfsweep_shard0,LRT_MMUR,51,4912.90,54,0,1,1419.0,1856.5,437.5,2,2,74.9,0.0,147.6,165.4,49.4,74.9
2026-09-19 23:09:04,mfsweep_shard0,LRT_MMUR,51,4912.90,55,0,1,1445.3,2022.9,577.7,2,2,73.6,0.0,120.2,258.1,125.7,73.6
2026-09-19 23:09:04,mfsweep_shard0,LRT_MMUR,51,4912.90,56,0,1,1471.5,1860.9,389.4,2,2,59.2,0.0,158.7,171.5,0.0,59.2
2026-09-19 23:09:04,mfsweep_shard0,LRT_MMUR,51,4912.90,57,0,1,1497.8,1810.3,312.4,2,2,77.6,0.0,44.3,190.6,0.0,77.6
2026-09-19 23:09:04,mfsweep_shard0,LRT_MMUR,51,4912.90,58,0,1,1524.1,2653.8,1129.7,2,2,58.9,0.0,116.3,382.6,567.1,63.8
2026-09-19 23:09:04,mfsweep_shard0,LRT_MMUR,51,4912.90,59,0,1,1550.4,2466.8,916.4,2,2,66.1,0.0,117.3,258.4,474.6,66.1
2026-09-19 23:09:04,mfsweep_shard0,LRT_MMUR,51,4912.90,60,0,1,1576.6,1987.9,411.3,2,2,86.2,0.0,113.8,163.9,47.4,86.2
2026-09-19 23:09:04,mfsweep_shard0,LRT_MMUR,51,4912.90,61,0,1,1602.9,1898.8,295.8,2,2,74.7,0.0,149.0,72.2,0.0,74.7
2026-09-19 23:09:04,mfsweep_shard0,LRT_MMUR,51,4912.90,62,0,1,1629.2,2367.2,738.0,2,2,71.9,0.0,144.4,113.5,408.2,71.9
2026-09-19 23:09:04,mfsweep_shard0,LRT_MMUR,51,4912.90,63,0,1,1655.5,2321.8,666.3,2,2,76.1,0.0,255.0,117.9,217.2,76.1
2026-09-19 23:09:04,mfsweep_shard0,LRT_MMUR,51,4912.90,64,0,1,1681.8,2130.5,448.7,2,2,81.4,0.0,205.8,104.9,56.6,81.4
2026-09-19 23:09:04,mfsweep_shard0,LRT_MMUR,51,4912.90,65,0,1,1708.0,2188.4,480.4,2,2,79.2,0.0,205.4,94.0,101.8,79.2
2026-09-19 23:09:04,mfsweep_shard0,LRT_MMUR,51,4912.90,66,0,1,1734.3,2576.4,842.1,2,2,61.1,0.0,119.1,207.7,454.1,61.1
2026-09-19 23:09:04,mfsweep_shard0,LRT_MMUR,51,4912.90,67,0,1,1760.6,2729.7,969.1,2,2,54.6,0.0,178.8,259.2,476.5,54.6
2026-09-19 23:09:04,mfsweep_shard0,LRT_MMUR,51,4912.90,68,0,1,1786.9,2540.5,753.7,2,2,64.0,0.0,175.2,233.7,280.8,64.0
2026-09-19 23:09:04,mfsweep_shard0,LRT_MMUR,51,4912.90,69,0,1,1813.1,2567.8,754.7,2,2,62.4,0.0,133.7,279.5,279.1,62.4
2026-09-19 23:09:04,mfsweep_shard0,LRT_MMUR,51,4912.90,70,0,1,1839.4,4653.5,2814.0,2,2,60.5,0.0,241.3,376.6,2135.5,60.5
2026-09-19 23:09:04,mfsweep_shard0,LRT_MMUR,51,4912.90,71,0,1,1865.7,2291.7,426.0,2,2,84.7,0.0,146.4,156.3,38.6,84.7
2026-09-19 23:09:04,mfsweep_shard0,LRT_MMUR,51,4912.90,72,0,1,1892.0,2626.9,734.9,2,2,82.5,0.0,235.8,272.3,144.3,82.5
2026-09-19 23:09:04,mfsweep_shard0,LRT_MMUR,51,4912.90,73,0,1,1918.3,2354.6,436.4,2,2,63.9,0.0,150.3,209.9,12.2,63.9
2026-09-19 23:09:04,mfsweep_shard0,LRT_MMUR,51,4912.90,74,0,1,1944.5,2412.6,468.1,2,2,75.2,0.0,135.5,221.4,36.0,75.2
2026-09-19 23:09:04,mfsweep_shard0,LRT_MMUR,51,4912.90,75,0,1,1970.8,4274.7,2303.9,2,2,66.6,0.1,126.8,337.4,1773.0,66.6
2026-09-19 23:09:04,mfsweep_shard0,LRT_MMUR,51,4912.90,76,0,1,1997.1,2248.7,251.7,2,2,83.7,0.0,91.7,76.2,0.0,83.7
2026-09-19 23:09:04,mfsweep_shard0,LRT_MMUR,51,4912.90,77,0,1,2023.4,2845.9,822.5,2,2,68.7,0.1,136.2,181.4,436.2,68.7
2026-09-19 23:09:04,mfsweep_shard0,LRT_MMUR,51,4912.90,78,0,1,2049.6,4516.1,2466.5,2,2,62.3,0.2,90.5,189.3,2124.3,62.3
2026-09-19 23:09:04,mfsweep_shard0,LRT_MMUR,51,4912.90,79,0,1,2075.9,4562.2,2486.3,2,2,61.7,0.2,117.3,173.2,2133.9,61.7
2026-09-19 23:09:04,mfsweep_shard0,LRT_MMUR,51,4912.90,80,0,1,2102.2,2769.6,667.4,2,2,72.1,0.1,242.5,183.0,140.8,101.0
2026-09-19 23:09:04,mfsweep_shard0,LRT_MMUR,51,4912.90,81,0,1,2128.5,2504.4,375.9,2,2,62.2,0.2,167.5,145.9,0.2,62.2
2026-09-19 23:09:04,mfsweep_shard0,LRT_MMUR,51,4912.90,82,0,1,2154.7,2425.4,270.7,2,2,72.8,0.0,101.4,96.4,0.0,72.8
2026-09-19 23:09:04,mfsweep_shard0,LRT_MMUR,51,4912.90,83,0,1,2181.0,2563.5,382.5,2,2,83.2,0.0,127.8,144.4,27.1,83.2
2026-09-19 23:09:04,mfsweep_shard0,LRT_MMUR,51,4912.90,84,0,1,2207.3,4223.7,2016.4,2,2,66.7,0.1,254.0,194.6,1500.9,66.7
2026-09-19 23:09:04,mfsweep_shard0,LRT_MMUR,51,4912.90,85,0,1,2233.6,4608.6,2375.0,2,2,60.8,0.1,181.2,209.2,1923.6,60.8
2026-09-19 23:09:04,mfsweep_shard0,LRT_MMUR,51,4912.90,86,0,1,2259.9,2718.1,458.2,2,2,86.5,0.0,162.0,188.8,20.9,86.5
2026-09-19 23:09:04,mfsweep_shard0,LRT_MMUR,51,4912.90,87,0,1,2286.1,2827.1,540.9,2,2,70.4,0.0,103.8,142.5,224.2,70.4
2026-09-19 23:09:04,mfsweep_shard0,LRT_MMUR,51,4912.90,88,0,1,2312.4,2796.1,483.7,2,2,56.5,0.0,159.3,267.8,0.0,56.5
2026-09-19 23:09:04,mfsweep_shard0,LRT_MMUR,51,4912.90,89,0,1,2338.7,2817.9,479.2,2,2,55.1,0.0,144.4,209.4,70.3,55.1
2026-09-19 23:09:04,mfsweep_shard0,LRT_MMUR,51,4912.90,90,0,1,2365.0,2713.3,348.4,2,2,57.2,0.0,74.7,206.0,10.5,57.2
2026-09-19 23:09:04,mfsweep_shard0,LRT_MMUR,51,4912.90,91,0,1,2391.2,3950.8,1559.6,2,2,74.3,0.2,195.6,345.7,943.8,74.3
2026-09-19 23:09:04,mfsweep_shard0,LRT_MMUR,51,4912.90,92,0,1,2417.5,2950.1,532.6,2,2,79.7,0.1,81.9,292.0,59.0,99.6
2026-09-19 23:09:04,mfsweep_shard0,LRT_MMUR,51,4912.90,93,0,1,2443.8,4171.4,1727.6,2,2,67.5,0.2,203.5,330.9,1125.6,67.5
2026-09-19 23:09:04,mfsweep_shard0,LRT_MMUR,51,4912.90,94,0,1,2470.1,3055.4,585.3,2,2,55.6,0.0,73.2,306.3,150.2,55.6
2026-09-19 23:09:04,mfsweep_shard0,LRT_MMUR,51,4912.90,95,0,1,2496.4,3029.7,533.3,2,2,66.1,0.0,112.0,244.4,110.8,66.1
2026-09-19 23:09:04,mfsweep_shard0,LRT_MMUR,51,4912.90,96,0,1,2522.6,2897.4,374.8,2,2,86.4,0.0,85.5,202.8,0.0,86.4
2026-09-19 23:09:04,mfsweep_shard0,LRT_MMUR,51,4912.90,97,0,1,2548.9,2988.8,439.9,2,2,71.0,0.0,154.1,168.9,45.9,71.0
2026-09-19 23:09:04,mfsweep_shard0,LRT_MMUR,51,4912.90,98,0,1,2575.2,3083.6,508.4,2,2,85.6,0.1,146.6,220.0,56.1,85.6
2026-09-19 23:09:04,mfsweep_shard0,LRT_MMUR,51,4912.90,99,0,1,2601.5,3013.0,411.5,2,2,82.0,0.1,181.9,120.2,27.4,82.0
2026-09-19 23:09:04,mfsweep_shard0,LRT_MMUR,51,4912.90,100,0,1,2627.7,4835.2,2207.5,2,2,53.9,0.2,269.0,203.2,1681.1,53.9
2026-09-19 23:09:04,mfsweep_shard0,LRT_MMUR,51,4912.90,101,0,1,2654.0,3197.7,543.7,2,2,77.3,0.0,61.8,199.7,204.8,77.3
2026-09-19 23:09:04,mfsweep_shard0,LRT_MMUR,51,4912.90,102,0,1,2680.3,3025.0,344.7,2,2,76.0,0.0,102.5,166.1,0.0,76.0
2026-09-19 23:09:04,mfsweep_shard0,LRT_MMUR,51,4912.90,103,0,1,2706.6,3064.6,358.0,2,2,71.3,0.0,82.9,175.0,28.8,71.3
2026-09-19 23:09:04,mfsweep_shard0,LRT_MMUR,51,4912.90,104,0,1,2732.9,4468.3,1735.4,2,2,62.4,0.2,200.3,239.5,1213.6,81.9
2026-09-19 23:09:04,mfsweep_shard0,LRT_MMUR,51,4912.90,105,0,1,2759.1,3318.2,559.1,2,2,74.7,0.1,213.8,240.6,29.9,74.7
2026-09-19 23:09:04,mfsweep_shard0,LRT_MMUR,51,4912.90,106,0,1,2785.4,4739.2,1953.8,2,2,57.2,0.3,245.9,194.7,1455.7,57.2
2026-09-19 23:09:04,mfsweep_shard0,LRT_MMUR,51,4912.90,107,0,1,2811.7,3193.0,381.3,2,2,67.9,0.0,129.7,131.7,51.9,67.9
2026-09-19 23:09:04,mfsweep_shard0,LRT_MMUR,51,4912.90,108,0,1,2838.0,3175.0,337.0,2,2,68.5,0.0,152.9,115.6,0.0,68.5
2026-09-19 23:09:04,mfsweep_shard0,LRT_MMUR,51,4912.90,109,0,1,2864.2,3473.7,609.4,2,2,85.0,0.3,208.1,227.1,60.6,113.3
2026-09-19 23:09:04,mfsweep_shard0,LRT_MMUR,51,4912.90,110,0,1,2890.5,3391.0,500.5,2,2,82.4,0.0,250.0,130.9,37.1,82.4
2026-09-19 23:09:04,mfsweep_shard0,LRT_MMUR,51,4912.90,111,0,1,2916.8,3434.1,517.3,2,2,62.2,0.0,209.5,173.3,72.2,62.2
2026-09-19 23:09:04,mfsweep_shard0,LRT_MMUR,51,4912.90,112,0,1,2943.1,3259.9,316.9,2,2,70.1,0.0,118.7,128.1,0.0,70.1
2026-09-19 23:09:04,mfsweep_shard0,LRT_MMUR,51,4912.90,113,0,1,2969.3,3238.7,269.3,2,2,59.4,0.0,29.6,180.2,0.0,59.4
2026-09-19 23:09:04,mfsweep_shard0,LRT_MMUR,51,4912.90,114,0,1,2995.6,3408.2,412.6,2,2,83.7,0.0,55.3,218.5,55.1,83.7
2026-09-19 23:09:04,mfsweep_shard0,LRT_MMUR,51,4912.90,115,0,1,3021.9,3523.3,501.4,2,2,82.3,0.0,156.6,251.0,11.4,82.3
2026-09-19 23:09:04,mfsweep_shard0,LRT_MMUR,51,4912.90,116,0,1,3048.2,4421.5,1373.4,2,2,63.4,0.0,145.3,205.5,959.2,63.4
2026-09-19 23:09:04,mfsweep_shard0,LRT_MMUR,51,4912.90,117,0,1,3074.5,3887.9,813.5,2,2,74.6,0.0,123.8,166.0,449.1,74.6
2026-09-19 23:09:04,mfsweep_shard0,LRT_MMUR,51,4912.90,118,0,1,3100.7,4007.2,906.4,2,2,73.6,0.0,111.0,164.9,556.8,73.6
2026-09-19 23:09:04,mfsweep_shard0,LRT_MMUR,51,4912.90,119,0,1,3127.0,4697.6,1570.6,2,2,58.6,0.0,123.5,184.2,1204.3,58.6
2026-09-19 23:09:04,mfsweep_shard0,LRT_MMUR,51,4912.90,120,0,1,3153.3,3828.6,675.3,2,2,78.7,0.0,160.9,258.7,176.4,79.3
2026-09-19 23:09:04,mfsweep_shard0,LRT_MMUR,51,4912.90,121,0,1,3179.6,4062.9,883.4,2,2,71.3,0.0,50.6,179.5,581.8,71.3
2026-09-19 23:09:04,mfsweep_shard0,LRT_MMUR,51,4912.90,122,0,1,3205.8,3632.5,426.6,2,2,79.2,0.0,94.4,169.5,83.4,79.2
2026-09-19 23:09:04,mfsweep_shard0,LRT_MMUR,51,4912.90,123,0,1,3232.1,4119.5,887.4,2,2,71.0,0.0,45.4,139.6,631.3,71.0
2026-09-19 23:09:04,mfsweep_shard0,LRT_MMUR,51,4912.90,124,0,1,3258.4,4912.9,1654.5,2,2,53.6,0.0,130.1,202.0,1268.8,53.6
2026-09-19 23:09:04,mfsweep_shard0,LRT_MMUR,51,4912.90,125,0,1,3284.7,4324.5,1039.8,2,2,64.2,0.0,105.4,149.8,720.3,64.2
2026-09-19 23:09:04,mfsweep_shard0,LRT_MMUR,51,4912.90,126,0,1,3311.0,4873.8,1562.8,2,2,54.2,0.1,171.9,153.9,1174.6,62.4
2026-09-19 23:09:04,mfsweep_shard0,LRT_MMUR,51,4912.90,127,0,1,3337.2,3709.8,372.5,2,2,84.2,0.0,121.2,102.9,64.2,84.2
2026-09-19 23:09:04,mfsweep_shard0,LRT_MMUR,51,4912.90,128,0,1,3363.5,3673.1,309.6,2,2,82.5,0.0,59.2,161.8,6.0,82.5
2026-09-19 23:09:04,mfsweep_shard0,LRT_MMUR,51,4912.90,129,0,1,3389.8,3766.1,376.3,2,2,81.0,0.0,80.8,149.2,65.3,81.0
2026-09-19 23:09:04,mfsweep_shard0,LRT_MMUR,51,4912.90,130,0,1,3416.1,4372.6,956.5,2,2,63.7,0.0,64.2,154.4,674.2,63.7
2026-09-19 23:09:04,mfsweep_shard0,LRT_MMUR,51,4912.90,131,0,1,3442.3,3955.5,513.1,2,2,55.5,0.0,118.8,123.0,215.8,55.5
2026-09-19 23:09:04,mfsweep_shard0,LRT_MMUR,51,4912.90,132,0,1,3468.6,3714.6,245.9,2,2,82.5,0.0,56.0,107.4,0.0,82.5
2026-09-19 23:09:04,mfsweep_shard0,LRT_MMUR,51,4912.90,133,0,1,3494.9,3778.1,283.2,2,2,84.8,0.0,60.7,87.1,50.6,84.8
2026-09-19 23:09:04,mfsweep_shard0,LRT_MMUR,51,4912.90,134,0,1,3521.2,3874.0,352.8,2,2,56.4,0.0,94.3,100.4,101.7,56.4
2026-09-19 23:09:04,mfsweep_shard0,LRT_MMUR,51,4912.90,135,0,1,3547.5,3833.2,285.8,2,2,69.6,0.0,87.8,94.2,34.2,69.6
2026-09-19 23:09:04,mfsweep_shard0,LRT_MMUR,51,4912.90,136,0,1,3573.7,3915.9,342.2,2,2,55.8,0.0,88.0,81.7,116.6,55.8
2026-09-19 23:13:45,mfsweep_shard0,LRT_MMUR,52,5351.86,0,0,1,0.0,211.2,211.2,2,2,74.6,0.0,63.2,73.3,0.0,74.6
2026-09-19 23:13:45,mfsweep_shard0,LRT_MMUR,52,5351.86,1,0,1,26.3,2512.6,2486.3,2,2,54.4,0.0,249.2,215.7,1940.0,81.4
2026-09-19 23:13:45,mfsweep_shard0,LRT_MMUR,52,5351.86,2,0,1,52.6,256.9,204.4,2,2,62.6,0.0,42.7,99.1,0.0,62.6
2026-09-19 23:13:45,mfsweep_shard0,LRT_MMUR,52,5351.86,3,0,1,78.8,407.4,328.5,2,2,60.9,0.0,97.2,77.6,92.8,60.9
2026-09-19 23:13:45,mfsweep_shard0,LRT_MMUR,52,5351.86,4,0,1,105.1,327.7,222.6,2,2,77.8,0.0,68.0,66.4,10.3,77.8
2026-09-19 23:13:45,mfsweep_shard0,LRT_MMUR,52,5351.86,5,0,1,131.4,573.8,442.4,2,2,75.9,0.0,97.9,122.5,87.9,134.0
2026-09-19 23:13:45,mfsweep_shard0,LRT_MMUR,52,5351.86,6,0,1,157.7,555.0,397.3,2,2,83.0,0.1,136.7,141.8,35.8,83.0
2026-09-19 23:13:45,mfsweep_shard0,LRT_MMUR,52,5351.86,7,0,1,183.9,452.6,268.6,2,2,56.4,0.0,78.8,133.4,0.0,56.4
2026-09-19 23:13:45,mfsweep_shard0,LRT_MMUR,52,5351.86,8,0,1,210.2,886.0,675.7,2,2,67.5,0.1,204.0,113.3,262.5,95.8
2026-09-19 23:13:45,mfsweep_shard0,LRT_MMUR,52,5351.86,9,0,1,236.5,2473.8,2237.3,2,2,54.5,0.1,273.9,187.3,1721.5,54.5
2026-09-19 23:13:45,mfsweep_shard0,LRT_MMUR,52,5351.86,10,0,1,262.8,965.8,703.0,2,2,60.8,0.1,207.9,139.3,294.9,60.8
2026-09-19 23:13:45,mfsweep_shard0,LRT_MMUR,52,5351.86,11,0,1,289.1,672.6,383.5,2,2,70.2,0.0,233.4,79.9,0.0,70.2
2026-09-19 23:13:45,mfsweep_shard0,LRT_MMUR,52,5351.86,12,0,1,315.3,2526.4,2211.0,2,2,54.4,0.1,273.4,151.8,1731.4,54.4
2026-09-19 23:13:45,mfsweep_shard0,LRT_MMUR,52,5351.86,13,0,1,341.6,2257.5,1915.9,2,2,60.1,0.1,283.1,230.1,1342.5,60.1
2026-09-19 23:13:45,mfsweep_shard0,LRT_MMUR,52,5351.86,14,0,1,367.9,666.5,298.6,2,2,75.0,0.0,95.2,104.1,24.3,75.0
2026-09-19 23:13:45,mfsweep_shard0,LRT_MMUR,52,5351.86,15,0,1,394.2,872.7,478.5,2,2,71.5,0.0,188.7,100.4,117.9,71.5
2026-09-19 23:13:45,mfsweep_shard0,LRT_MMUR,52,5351.86,16,0,1,420.4,957.3,536.9,2,2,60.8,0.0,119.6,102.0,254.5,60.8
2026-09-19 23:13:45,mfsweep_shard0,LRT_MMUR,52,5351.86,17,0,1,446.7,774.8,328.0,2,2,73.0,0.0,67.1,110.0,77.9,73.0
2026-09-19 23:13:45,mfsweep_shard0,LRT_MMUR,52,5351.86,18,0,1,473.0,722.8,249.8,2,2,80.3,0.0,61.8,93.8,13.9,80.3
2026-09-19 23:13:45,mfsweep_shard0,LRT_MMUR,52,5351.86,19,0,1,499.3,1225.2,725.9,2,2,53.8,0.1,230.9,295.2,146.0,53.8
2026-09-19 23:13:45,mfsweep_shard0,LRT_MMUR,52,5351.86,20,0,1,525.6,917.3,391.7,2,2,80.1,0.0,88.3,213.2,10.1,80.1
2026-09-19 23:13:45,mfsweep_shard0,LRT_MMUR,52,5351.86,21,0,1,551.8,1739.1,1187.3,2,2,76.6,0.2,322.1,218.7,535.3,111.0
2026-09-19 23:13:45,mfsweep_shard0,LRT_MMUR,52,5351.86,22,0,1,578.1,2227.2,1649.1,2,2,64.8,0.2,435.1,285.5,863.6,64.8
2026-09-19 23:13:45,mfsweep_shard0,LRT_MMUR,52,5351.86,23,0,1,604.4,2310.4,1706.0,2,2,58.7,0.1,399.1,330.8,917.3,58.7
2026-09-19 23:13:45,mfsweep_shard0,LRT_MMUR,52,5351.86,24,0,1,630.7,1053.3,422.7,2,2,85.1,0.1,139.1,153.3,31.4,98.8
2026-09-19 23:13:45,mfsweep_shard0,LRT_MMUR,52,5351.86,25,0,1,656.9,2222.5,1565.6,2,2,64.7,0.2,257.6,352.4,890.7,64.7
2026-09-19 23:13:45,mfsweep_shard0,LRT_MMUR,52,5351.86,26,0,1,683.2,2491.6,1808.4,2,2,56.6,0.2,267.5,277.6,1206.5,56.6
2026-09-19 23:13:45,mfsweep_shard0,LRT_MMUR,52,5351.86,27,0,1,709.5,2367.2,1657.7,2,2,56.7,0.2,202.5,169.4,1228.9,56.7
2026-09-19 23:13:45,mfsweep_shard0,LRT_MMUR,52,5351.86,28,0,1,735.8,1526.0,790.2,2,2,81.5,0.3,239.1,165.9,253.4,131.5
2026-09-19 23:13:45,mfsweep_shard0,LRT_MMUR,52,5351.86,29,0,1,762.0,1821.6,1059.5,2,2,73.5,0.4,282.1,164.1,539.5,73.5
2026-09-19 23:13:45,mfsweep_shard0,LRT_MMUR,52,5351.86,30,0,1,788.3,1592.9,804.6,2,2,80.2,0.3,230.4,129.0,364.8,80.2
2026-09-19 23:13:45,mfsweep_shard0,LRT_MMUR,52,5351.86,31,0,1,814.6,1302.8,488.2,2,2,77.6,0.0,209.8,189.0,11.8,77.6
2026-09-19 23:13:45,mfsweep_shard0,LRT_MMUR,52,5351.86,32,0,1,840.9,1973.6,1132.7,2,2,71.2,0.0,170.0,226.1,665.3,71.2
2026-09-19 23:13:45,mfsweep_shard0,LRT_MMUR,52,5351.86,33,0,1,867.2,1293.6,426.5,2,2,85.7,0.0,104.3,212.6,23.9,85.7
2026-09-19 23:13:45,mfsweep_shard0,LRT_MMUR,52,5351.86,34,0,1,893.4,2065.6,1172.1,2,2,66.0,0.0,179.3,235.2,691.6,66.0
2026-09-19 23:13:45,mfsweep_shard0,LRT_MMUR,52,5351.86,35,0,1,919.7,1869.3,949.6,2,2,71.8,0.0,148.2,164.8,564.8,71.8
2026-09-19 23:13:45,mfsweep_shard0,LRT_MMUR,52,5351.86,36,0,1,946.0,1579.4,633.4,2,2,80.9,0.0,287.4,105.4,159.6,80.9
2026-09-19 23:13:45,mfsweep_shard0,LRT_MMUR,52,5351.86,37,0,1,972.3,1762.7,790.4,2,2,74.0,0.0,207.0,190.1,319.3,74.0
2026-09-19 23:13:45,mfsweep_shard0,LRT_MMUR,52,5351.86,38,0,1,998.5,1378.0,379.5,2,2,82.0,0.1,189.6,79.4,28.4,82.0
2026-09-19 23:13:45,mfsweep_shard0,LRT_MMUR,52,5351.86,39,0,1,1024.8,1835.5,810.7,2,2,72.6,0.0,211.6,81.8,444.7,72.6
2026-09-19 23:13:45,mfsweep_shard0,LRT_MMUR,52,5351.86,40,0,1,1051.1,1321.7,270.6,2,2,76.8,0.0,130.3,63.4,0.0,76.8
2026-09-19 23:13:45,mfsweep_shard0,LRT_MMUR,52,5351.86,41,0,1,1077.4,1588.2,510.8,2,2,55.1,0.0,278.8,176.9,0.0,55.1
2026-09-19 23:13:45,mfsweep_shard0,LRT_MMUR,52,5351.86,42,0,1,1103.7,1517.4,413.7,2,2,61.1,0.0,175.6,171.4,5.6,61.1
2026-09-19 23:13:45,mfsweep_shard0,LRT_MMUR,52,5351.86,43,0,1,1129.9,1653.0,523.0,2,2,63.1,0.0,234.2,189.4,36.3,63.1
2026-09-19 23:13:45,mfsweep_shard0,LRT_MMUR,52,5351.86,44,0,1,1156.2,2149.0,992.8,2,2,56.2,0.0,216.6,234.1,486.0,56.2
2026-09-19 23:13:45,mfsweep_shard0,LRT_MMUR,52,5351.86,45,0,1,1182.5,1883.4,700.9,2,2,61.2,0.0,195.2,173.5,271.0,61.2
2026-09-19 23:13:45,mfsweep_shard0,LRT_MMUR,52,5351.86,46,0,1,1208.8,1938.0,729.3,2,2,56.9,0.0,33.2,164.4,474.7,56.9
2026-09-19 23:13:45,mfsweep_shard0,LRT_MMUR,52,5351.86,47,0,1,1235.0,1892.5,657.5,2,2,62.7,0.0,292.3,166.0,136.4,62.7
2026-09-19 23:13:45,mfsweep_shard0,LRT_MMUR,52,5351.86,48,0,1,1261.3,1722.0,460.6,2,2,74.5,0.0,188.1,163.9,34.1,74.5
2026-09-19 23:13:45,mfsweep_shard0,LRT_MMUR,52,5351.86,49,0,1,1287.6,1776.7,489.1,2,2,65.6,0.0,122.2,226.0,75.2,65.6
2026-09-19 23:13:45,mfsweep_shard0,LRT_MMUR,52,5351.86,50,0,1,1313.9,1748.5,434.6,2,2,65.8,0.0,243.8,95.7,29.4,65.8
2026-09-19 23:13:45,mfsweep_shard0,LRT_MMUR,52,5351.86,51,0,1,1340.2,1961.2,621.0,2,2,60.5,0.0,241.7,94.6,224.3,60.5
2026-09-19 23:13:45,mfsweep_shard0,LRT_MMUR,52,5351.86,52,0,1,1366.4,1753.4,387.0,2,2,62.4,0.0,195.0,107.4,22.2,62.4
2026-09-19 23:13:45,mfsweep_shard0,LRT_MMUR,52,5351.86,53,0,1,1392.7,1786.3,393.6,2,2,84.5,0.0,227.8,79.1,2.2,84.5
2026-09-19 23:13:45,mfsweep_shard0,LRT_MMUR,52,5351.86,54,0,1,1419.0,1905.9,486.9,2,2,74.9,0.0,297.8,94.6,19.5,74.9
2026-09-19 23:13:45,mfsweep_shard0,LRT_MMUR,52,5351.86,55,0,1,1445.3,3026.6,1581.3,2,2,73.6,0.0,340.1,285.9,881.7,73.6
2026-09-19 23:13:45,mfsweep_shard0,LRT_MMUR,52,5351.86,56,0,1,1471.5,1636.1,164.6,2,2,59.2,0.0,34.8,70.5,0.0,59.2
2026-09-19 23:13:45,mfsweep_shard0,LRT_MMUR,52,5351.86,57,0,1,1497.8,1951.8,454.0,2,2,77.6,0.0,243.6,115.5,17.3,77.6
2026-09-19 23:13:45,mfsweep_shard0,LRT_MMUR,52,5351.86,58,0,1,1524.1,5024.0,3499.9,2,2,58.9,0.1,643.7,279.7,2517.5,58.9
2026-09-19 23:13:45,mfsweep_shard0,LRT_MMUR,52,5351.86,59,0,1,1550.4,4415.1,2864.7,2,2,66.1,0.2,655.1,410.9,1732.5,66.1
2026-09-19 23:13:45,mfsweep_shard0,LRT_MMUR,52,5351.86,60,0,1,1576.6,2262.2,685.6,2,2,86.2,0.1,258.6,293.2,33.2,100.4
2026-09-19 23:13:45,mfsweep_shard0,LRT_MMUR,52,5351.86,61,0,1,1602.9,2153.8,550.9,2,2,74.7,0.1,298.0,151.8,26.3,74.7
2026-09-19 23:13:45,mfsweep_shard0,LRT_MMUR,52,5351.86,62,0,1,1629.2,3418.7,1789.5,2,2,71.9,0.2,323.9,223.0,1170.4,71.9
2026-09-19 23:13:45,mfsweep_shard0,LRT_MMUR,52,5351.86,63,0,1,1655.5,2455.5,800.0,2,2,76.1,0.2,256.9,284.3,182.4,76.1
2026-09-19 23:13:45,mfsweep_shard0,LRT_MMUR,52,5351.86,64,0,1,1681.8,2276.0,594.3,2,2,81.4,0.0,127.9,281.7,103.3,81.4
2026-09-19 23:13:45,mfsweep_shard0,LRT_MMUR,52,5351.86,65,0,1,1708.0,2319.0,610.9,2,2,79.2,0.0,224.6,292.9,14.3,79.2
2026-09-19 23:13:45,mfsweep_shard0,LRT_MMUR,52,5351.86,66,0,1,1734.3,4844.5,3110.1,2,2,61.1,0.2,448.0,490.3,2110.6,61.1
2026-09-19 23:13:45,mfsweep_shard0,LRT_MMUR,52,5351.86,67,0,1,1760.6,4500.8,2740.3,2,2,54.6,0.3,717.3,487.6,1480.5,54.6
2026-09-19 23:13:45,mfsweep_shard0,LRT_MMUR,52,5351.86,68,0,1,1786.9,4703.2,2916.4,2,2,64.0,0.4,600.8,596.1,1655.2,64.0
2026-09-19 23:13:45,mfsweep_shard0,LRT_MMUR,52,5351.86,69,0,1,1813.1,4600.3,2787.2,2,2,62.4,0.5,366.2,451.9,1906.3,62.4
2026-09-19 23:13:45,mfsweep_shard0,LRT_MMUR,52,5351.86,70,0,1,1839.4,4935.7,3096.3,2,2,60.5,0.5,497.9,501.8,2035.6,60.5
2026-09-19 23:13:45,mfsweep_shard0,LRT_MMUR,52,5351.86,71,0,1,1865.7,2545.1,679.4,2,2,84.7,0.2,253.3,302.4,4.2,119.3
2026-09-19 23:13:45,mfsweep_shard0,LRT_MMUR,52,5351.86,72,0,1,1892.0,2648.9,756.9,2,2,82.5,0.2,308.0,243.3,122.8,82.5
2026-09-19 23:13:45,mfsweep_shard0,LRT_MMUR,52,5351.86,73,0,1,1918.3,2323.6,405.4,2,2,63.9,0.0,81.9,232.0,27.6,63.9
2026-09-19 23:13:45,mfsweep_shard0,LRT_MMUR,52,5351.86,74,0,1,1944.5,2328.5,383.9,2,2,75.2,0.0,111.7,182.7,14.4,75.2
2026-09-19 23:13:45,mfsweep_shard0,LRT_MMUR,52,5351.86,75,0,1,1970.8,4452.7,2481.9,2,2,66.6,0.7,421.8,406.3,1586.6,66.6
2026-09-19 23:13:45,mfsweep_shard0,LRT_MMUR,52,5351.86,76,0,1,1997.1,2577.5,580.5,2,2,83.7,0.3,169.6,237.9,88.9,83.7
2026-09-19 23:13:45,mfsweep_shard0,LRT_MMUR,52,5351.86,77,0,1,2023.4,2415.4,392.0,2,2,68.7,0.0,155.8,167.5,0.0,68.7
2026-09-19 23:13:45,mfsweep_shard0,LRT_MMUR,52,5351.86,78,0,1,2049.6,2393.5,343.8,2,2,62.3,0.0,63.3,212.3,6.0,62.3
2026-09-19 23:13:45,mfsweep_shard0,LRT_MMUR,52,5351.86,79,0,1,2075.9,2407.0,331.1,2,2,61.7,0.0,42.3,201.9,25.2,61.7
2026-09-19 23:13:45,mfsweep_shard0,LRT_MMUR,52,5351.86,80,0,1,2102.2,3350.0,1247.8,2,2,72.1,0.0,312.4,209.1,654.2,72.1
2026-09-19 23:13:45,mfsweep_shard0,LRT_MMUR,52,5351.86,81,0,1,2128.5,4550.4,2421.9,2,2,62.2,0.5,450.3,353.9,1555.0,62.2
2026-09-19 23:13:45,mfsweep_shard0,LRT_MMUR,52,5351.86,82,0,1,2154.7,3076.4,921.6,2,2,72.8,0.0,304.4,294.1,250.2,72.8
2026-09-19 23:13:45,mfsweep_shard0,LRT_MMUR,52,5351.86,83,0,1,2181.0,2834.6,653.6,2,2,83.2,0.0,249.6,255.6,65.1,83.2
2026-09-19 23:13:45,mfsweep_shard0,LRT_MMUR,52,5351.86,84,0,1,2207.3,4107.9,1900.6,2,2,66.7,0.4,351.6,320.8,1161.2,66.7
2026-09-19 23:13:45,mfsweep_shard0,LRT_MMUR,52,5351.86,85,0,1,2233.6,4890.8,2657.2,2,2,60.8,0.6,618.9,316.1,1660.8,60.8
2026-09-19 23:13:45,mfsweep_shard0,LRT_MMUR,52,5351.86,86,0,1,2259.9,2782.6,522.8,2,2,86.5,0.0,204.3,181.6,50.4,86.5
2026-09-19 23:13:45,mfsweep_shard0,LRT_MMUR,52,5351.86,87,0,1,2286.1,4013.2,1727.1,2,2,70.4,0.2,388.4,218.6,1049.5,70.4
2026-09-19 23:13:45,mfsweep_shard0,LRT_MMUR,52,5351.86,88,0,1,2312.4,5193.5,2881.0,2,2,56.5,0.6,559.6,413.1,1851.1,56.5
2026-09-19 23:13:45,mfsweep_shard0,LRT_MMUR,52,5351.86,89,0,1,2338.7,5274.2,2935.5,2,2,55.1,0.7,543.3,353.1,1983.3,55.1
2026-09-19 23:13:45,mfsweep_shard0,LRT_MMUR,52,5351.86,90,0,1,2365.0,5152.5,2787.6,2,2,57.2,0.8,481.4,404.0,1844.2,57.2
2026-09-19 23:13:45,mfsweep_shard0,LRT_MMUR,52,5351.86,91,0,1,2391.2,2918.7,527.4,2,2,74.3,0.0,167.4,201.8,83.9,74.3
2026-09-19 23:13:45,mfsweep_shard0,LRT_MMUR,52,5351.86,92,0,1,2417.5,2901.7,484.1,2,2,79.7,0.0,114.0,184.7,105.7,79.7
2026-09-19 23:13:45,mfsweep_shard0,LRT_MMUR,52,5351.86,93,0,1,2443.8,4164.6,1720.8,2,2,67.5,0.6,272.9,333.7,1046.1,67.5
2026-09-19 23:13:45,mfsweep_shard0,LRT_MMUR,52,5351.86,94,0,1,2470.1,5234.7,2764.6,2,2,55.6,0.9,502.1,462.3,1743.7,55.6
2026-09-19 23:13:45,mfsweep_shard0,LRT_MMUR,52,5351.86,95,0,1,2496.4,4277.5,1781.1,2,2,66.1,0.7,415.6,452.5,846.2,66.1
2026-09-19 23:13:45,mfsweep_shard0,LRT_MMUR,52,5351.86,96,0,1,2522.6,3002.8,480.2,2,2,86.4,0.0,121.7,272.1,0.0,86.4
2026-09-19 23:13:45,mfsweep_shard0,LRT_MMUR,52,5351.86,97,0,1,2548.9,3950.9,1401.9,2,2,71.0,0.4,213.1,183.7,908.7,96.1
2026-09-19 23:13:45,mfsweep_shard0,LRT_MMUR,52,5351.86,98,0,1,2575.2,3007.6,432.5,2,2,85.6,0.0,100.0,242.4,4.4,85.6
2026-09-19 23:13:45,mfsweep_shard0,LRT_MMUR,52,5351.86,99,0,1,2601.5,3132.0,530.5,2,2,82.0,0.1,111.9,274.6,58.5,85.5
2026-09-19 23:13:45,mfsweep_shard0,LRT_MMUR,52,5351.86,100,0,1,2627.7,3244.2,616.4,2,2,53.9,0.0,91.7,204.6,266.2,53.9
2026-09-19 23:13:45,mfsweep_shard0,LRT_MMUR,52,5351.86,101,0,1,2654.0,3145.4,491.4,2,2,77.3,0.0,146.2,244.6,23.2,77.3
2026-09-19 23:13:45,mfsweep_shard0,LRT_MMUR,52,5351.86,102,0,1,2680.3,3176.2,495.9,2,2,76.0,0.0,93.5,224.0,102.2,76.0
2026-09-19 23:13:45,mfsweep_shard0,LRT_MMUR,52,5351.86,103,0,1,2706.6,3441.3,734.7,2,2,71.3,0.0,68.9,136.7,457.7,71.3
2026-09-19 23:13:45,mfsweep_shard0,LRT_MMUR,52,5351.86,104,0,1,2732.9,4799.0,2066.1,2,2,62.4,1.0,529.5,252.7,1220.5,62.4
2026-09-19 23:13:45,mfsweep_shard0,LRT_MMUR,52,5351.86,105,0,1,2759.1,3127.3,368.2,2,2,74.7,0.0,106.4,155.0,32.0,74.7
2026-09-19 23:13:45,mfsweep_shard0,LRT_MMUR,52,5351.86,106,0,1,2785.4,5109.8,2324.4,2,2,57.2,1.1,443.6,238.5,1584.0,57.2
2026-09-19 23:13:45,mfsweep_shard0,LRT_MMUR,52,5351.86,107,0,1,2811.7,4259.2,1447.5,2,2,67.9,0.8,388.9,214.0,775.9,67.9
2026-09-19 23:13:45,mfsweep_shard0,LRT_MMUR,52,5351.86,108,0,1,2838.0,4605.1,1767.1,2,2,68.5,1.2,513.5,316.4,812.1,124.0
2026-09-19 23:13:45,mfsweep_shard0,LRT_MMUR,52,5351.86,109,0,1,2864.2,3340.5,476.2,2,2,85.0,0.0,211.7,119.7,59.9,85.0
2026-09-19 23:13:45,mfsweep_shard0,LRT_MMUR,52,5351.86,110,0,1,2890.5,3300.4,409.9,2,2,82.4,0.0,187.5,126.2,13.8,82.4
2026-09-19 23:13:45,mfsweep_shard0,LRT_MMUR,52,5351.86,111,0,1,2916.8,3203.9,287.1,2,2,62.2,0.0,121.3,103.5,0.0,62.2
2026-09-19 23:13:45,mfsweep_shard0,LRT_MMUR,52,5351.86,112,0,1,2943.1,3309.4,366.3,2,2,70.1,0.0,95.7,200.6,0.0,70.1
2026-09-19 23:13:45,mfsweep_shard0,LRT_MMUR,52,5351.86,113,0,1,2969.3,4980.7,2011.4,2,2,59.4,0.8,378.7,267.2,1305.3,59.4
2026-09-19 23:13:45,mfsweep_shard0,LRT_MMUR,52,5351.86,114,0,1,2995.6,3427.9,432.3,2,2,83.7,0.0,121.8,166.5,60.3,83.7
2026-09-19 23:13:45,mfsweep_shard0,LRT_MMUR,52,5351.86,115,0,1,3021.9,3377.0,355.1,2,2,82.3,0.0,81.8,177.7,13.3,82.3
2026-09-19 23:13:45,mfsweep_shard0,LRT_MMUR,52,5351.86,116,0,1,3048.2,4751.0,1702.9,2,2,63.4,0.8,323.4,347.8,967.5,63.4
2026-09-19 23:13:45,mfsweep_shard0,LRT_MMUR,52,5351.86,117,0,1,3074.5,3643.4,568.9,2,2,74.6,0.0,196.9,128.5,168.9,74.6
2026-09-19 23:13:45,mfsweep_shard0,LRT_MMUR,52,5351.86,118,0,1,3100.7,3648.3,547.5,2,2,73.6,0.0,35.5,90.6,347.7,73.6
2026-09-19 23:13:45,mfsweep_shard0,LRT_MMUR,52,5351.86,119,0,1,3127.0,5068.2,1941.2,2,2,58.6,0.8,515.2,229.9,1136.6,58.6
2026-09-19 23:13:45,mfsweep_shard0,LRT_MMUR,52,5351.86,120,0,1,3153.3,3634.8,481.5,2,2,78.7,0.0,224.6,103.0,75.2,78.7
2026-09-19 23:13:45,mfsweep_shard0,LRT_MMUR,52,5351.86,121,0,1,3179.6,3815.9,636.3,2,2,71.3,0.0,184.1,143.8,237.0,71.3
2026-09-19 23:13:45,mfsweep_shard0,LRT_MMUR,52,5351.86,122,0,1,3205.8,3656.9,451.1,2,2,79.2,0.0,216.2,118.6,37.0,79.2
2026-09-19 23:13:45,mfsweep_shard0,LRT_MMUR,52,5351.86,123,0,1,3232.1,3779.2,547.1,2,2,71.0,0.0,106.0,120.1,249.8,71.0
2026-09-19 23:13:45,mfsweep_shard0,LRT_MMUR,52,5351.86,124,0,1,3258.4,5351.9,2093.5,2,2,53.6,0.9,453.3,312.6,1273.2,53.6
2026-09-19 23:13:45,mfsweep_shard0,LRT_MMUR,52,5351.86,125,0,1,3284.7,4653.7,1369.0,2,2,64.2,0.9,566.2,229.1,508.5,64.2
2026-09-19 23:13:45,mfsweep_shard0,LRT_MMUR,52,5351.86,126,0,1,3311.0,5313.9,2002.9,2,2,54.2,0.9,532.6,231.2,1184.0,54.2
2026-09-19 23:13:45,mfsweep_shard0,LRT_MMUR,52,5351.86,127,0,1,3337.2,4008.4,671.1,2,2,84.2,0.0,309.6,249.7,16.1,95.6
2026-09-19 23:13:45,mfsweep_shard0,LRT_MMUR,52,5351.86,128,0,1,3363.5,3883.5,520.0,2,2,82.5,0.0,114.5,314.8,8.2,82.5
2026-09-19 23:13:45,mfsweep_shard0,LRT_MMUR,52,5351.86,129,0,1,3389.8,3910.8,521.0,2,2,81.0,0.0,63.2,308.9,67.8,81.0
2026-09-19 23:13:45,mfsweep_shard0,LRT_MMUR,52,5351.86,130,0,1,3416.1,4350.8,934.7,2,2,63.7,0.0,442.4,193.7,234.9,63.7
2026-09-19 23:13:45,mfsweep_shard0,LRT_MMUR,52,5351.86,131,0,1,3442.3,4334.5,892.1,2,2,55.5,0.0,295.8,184.1,356.7,55.5
2026-09-19 23:13:45,mfsweep_shard0,LRT_MMUR,52,5351.86,132,0,1,3468.6,4249.6,781.0,2,2,82.5,0.0,338.5,201.5,158.5,82.5
2026-09-19 23:13:45,mfsweep_shard0,LRT_MMUR,52,5351.86,133,0,1,3494.9,3938.0,443.1,2,2,84.8,0.0,209.8,134.0,14.5,84.8
2026-09-19 23:13:45,mfsweep_shard0,LRT_MMUR,52,5351.86,134,0,1,3521.2,4389.3,868.1,2,2,56.4,0.0,385.3,155.1,271.3,56.4
2026-09-19 23:13:45,mfsweep_shard0,LRT_MMUR,52,5351.86,135,0,1,3547.5,3892.3,344.8,2,2,69.6,0.0,161.3,103.6,10.3,69.6
2026-09-19 23:13:45,mfsweep_shard0,LRT_MMUR,52,5351.86,136,0,1,3573.7,4281.9,708.2,2,2,55.8,0.0,185.0,159.0,308.3,55.8
2026-09-19 23:18:43,mfsweep_shard0,LRT_MMUR,53,5625.42,0,0,1,0.0,206.6,206.6,2,2,74.6,0.0,60.7,71.3,0.0,74.6
2026-09-19 23:18:43,mfsweep_shard0,LRT_MMUR,53,5625.42,1,0,1,26.3,247.6,221.3,2,2,54.4,0.0,63.0,67.9,36.0,54.4
2026-09-19 23:18:43,mfsweep_shard0,LRT_MMUR,53,5625.42,2,0,1,52.6,309.3,256.7,2,2,62.6,0.0,75.1,101.9,17.1,62.6
2026-09-19 23:18:43,mfsweep_shard0,LRT_MMUR,53,5625.42,3,0,1,78.8,340.6,261.8,2,2,60.9,0.0,82.1,67.1,51.6,60.9
2026-09-19 23:18:43,mfsweep_shard0,LRT_MMUR,53,5625.42,4,0,1,105.1,349.8,244.7,2,2,77.8,0.0,43.1,123.7,0.0,77.8
2026-09-19 23:18:43,mfsweep_shard0,LRT_MMUR,53,5625.42,5,0,1,131.4,421.1,289.7,2,2,75.9,0.0,48.3,125.8,39.7,75.9
2026-09-19 23:18:43,mfsweep_shard0,LRT_MMUR,53,5625.42,6,0,1,157.7,572.2,414.6,2,2,83.0,0.0,92.2,154.1,20.3,147.9
2026-09-19 23:18:43,mfsweep_shard0,LRT_MMUR,53,5625.42,7,0,1,183.9,707.1,523.2,2,2,56.4,0.1,94.4,111.0,261.3,56.4
2026-09-19 23:18:43,mfsweep_shard0,LRT_MMUR,53,5625.42,8,0,1,210.2,649.2,439.0,2,2,67.5,0.1,132.1,147.5,91.9,67.5
2026-09-19 23:18:43,mfsweep_shard0,LRT_MMUR,53,5625.42,9,0,1,236.5,497.4,260.9,2,2,54.5,0.0,110.1,76.3,19.9,54.5
2026-09-19 23:18:43,mfsweep_shard0,LRT_MMUR,53,5625.42,10,0,1,262.8,688.7,425.9,2,2,60.8,0.1,137.8,76.6,150.6,60.8
2026-09-19 23:18:43,mfsweep_shard0,LRT_MMUR,53,5625.42,11,0,1,289.1,607.3,318.2,2,2,70.2,0.0,84.8,102.8,60.4,70.2
2026-09-19 23:18:43,mfsweep_shard0,LRT_MMUR,53,5625.42,12,0,1,315.3,517.4,202.1,2,2,54.4,0.0,69.6,78.1,0.0,54.4
2026-09-19 23:18:43,mfsweep_shard0,LRT_MMUR,53,5625.42,13,0,1,341.6,626.1,284.5,2,2,60.1,0.0,114.8,109.5,0.0,60.1
2026-09-19 23:18:43,mfsweep_shard0,LRT_MMUR,53,5625.42,14,0,1,367.9,702.7,334.9,2,2,75.0,0.0,136.0,99.1,24.7,75.0
2026-09-19 23:18:43,mfsweep_shard0,LRT_MMUR,53,5625.42,15,0,1,394.2,1961.8,1567.6,2,2,71.5,0.0,430.6,158.2,907.3,71.5
2026-09-19 23:18:43,mfsweep_shard0,LRT_MMUR,53,5625.42,16,0,1,420.4,3119.5,2699.0,2,2,60.8,0.1,491.8,325.5,1788.4,93.2
2026-09-19 23:18:43,mfsweep_shard0,LRT_MMUR,53,5625.42,17,0,1,446.7,1277.8,831.0,2,2,73.0,0.2,267.5,293.2,141.4,128.7
2026-09-19 23:18:43,mfsweep_shard0,LRT_MMUR,53,5625.42,18,0,1,473.0,752.0,279.0,2,2,80.3,0.0,60.4,99.3,39.1,80.3
2026-09-19 23:18:43,mfsweep_shard0,LRT_MMUR,53,5625.42,19,0,1,499.3,4551.1,4051.8,2,2,53.8,0.3,547.3,434.1,3016.3,53.8
2026-09-19 23:18:43,mfsweep_shard0,LRT_MMUR,53,5625.42,20,0,1,525.6,1628.6,1103.1,2,2,80.1,0.3,403.5,210.1,383.6,105.5
2026-09-19 23:18:43,mfsweep_shard0,LRT_MMUR,53,5625.42,21,0,1,551.8,1731.1,1179.3,2,2,76.6,0.4,425.5,176.3,470.8,106.2
2026-09-19 23:18:43,mfsweep_shard0,LRT_MMUR,53,5625.42,22,0,1,578.1,946.5,368.4,2,2,64.8,0.0,129.4,174.2,0.0,64.8
2026-09-19 23:18:43,mfsweep_shard0,LRT_MMUR,53,5625.42,23,0,1,604.4,3239.3,2634.9,2,2,58.7,0.4,322.7,313.5,1939.7,58.7
2026-09-19 23:18:43,mfsweep_shard0,LRT_MMUR,53,5625.42,24,0,1,630.7,974.9,344.3,2,2,85.1,0.0,182.1,77.0,0.0,85.1
2026-09-19 23:18:43,mfsweep_shard0,LRT_MMUR,53,5625.42,25,0,1,656.9,2134.1,1477.1,2,2,64.7,0.5,426.8,197.7,787.4,64.8
2026-09-19 23:18:43,mfsweep_shard0,LRT_MMUR,53,5625.42,26,0,1,683.2,937.7,254.5,2,2,56.6,0.0,88.9,72.4,36.5,56.6
2026-09-19 23:18:43,mfsweep_shard0,LRT_MMUR,53,5625.42,27,0,1,709.5,5384.3,4674.8,2,2,56.7,0.4,850.9,502.2,3245.8,75.5
2026-09-19 23:18:43,mfsweep_shard0,LRT_MMUR,53,5625.42,28,0,1,735.8,1471.8,736.0,2,2,81.5,0.5,310.1,173.4,170.6,81.5
2026-09-19 23:18:43,mfsweep_shard0,LRT_MMUR,53,5625.42,29,0,1,762.0,1782.1,1020.1,2,2,73.5,0.3,312.3,135.0,498.9,73.5
2026-09-19 23:18:43,mfsweep_shard0,LRT_MMUR,53,5625.42,30,0,1,788.3,1218.1,429.8,2,2,80.2,0.2,206.0,119.9,23.5,80.2
2026-09-19 23:18:43,mfsweep_shard0,LRT_MMUR,53,5625.42,31,0,1,814.6,1252.5,437.9,2,2,77.6,0.2,147.5,145.5,67.1,77.6
2026-09-19 23:18:43,mfsweep_shard0,LRT_MMUR,53,5625.42,32,0,1,840.9,1296.6,455.8,2,2,71.2,0.0,166.6,109.5,108.5,71.2
2026-09-19 23:18:43,mfsweep_shard0,LRT_MMUR,53,5625.42,33,0,1,867.2,1398.7,531.6,2,2,85.7,0.0,227.9,209.6,8.4,85.7
2026-09-19 23:18:43,mfsweep_shard0,LRT_MMUR,53,5625.42,34,0,1,893.4,2013.7,1120.3,2,2,66.0,0.0,216.7,215.1,622.3,66.0
2026-09-19 23:18:43,mfsweep_shard0,LRT_MMUR,53,5625.42,35,0,1,919.7,1208.9,289.2,2,2,71.8,0.0,46.8,113.9,56.7,71.8
2026-09-19 23:18:43,mfsweep_shard0,LRT_MMUR,53,5625.42,36,0,1,946.0,1541.5,595.5,2,2,80.9,0.0,108.6,260.4,145.6,80.9
2026-09-19 23:18:43,mfsweep_shard0,LRT_MMUR,53,5625.42,37,0,1,972.3,1758.4,786.1,2,2,74.0,0.0,92.1,233.8,386.2,74.0
2026-09-19 23:18:43,mfsweep_shard0,LRT_MMUR,53,5625.42,38,0,1,998.5,1426.2,427.6,2,2,82.0,0.0,78.2,203.9,63.5,82.0
2026-09-19 23:18:43,mfsweep_shard0,LRT_MMUR,53,5625.42,39,0,1,1024.8,1830.6,805.8,2,2,72.6,0.0,16.2,102.5,614.5,72.6
2026-09-19 23:18:43,mfsweep_shard0,LRT_MMUR,53,5625.42,40,0,1,1051.1,1702.4,651.3,2,2,76.8,0.0,94.7,156.5,323.2,76.8
2026-09-19 23:18:43,mfsweep_shard0,LRT_MMUR,53,5625.42,41,0,1,1077.4,5547.3,4469.9,2,2,55.1,0.3,723.7,552.5,3127.6,65.7
2026-09-19 23:18:43,mfsweep_shard0,LRT_MMUR,53,5625.42,42,0,1,1103.7,3049.5,1945.8,2,2,61.1,0.1,222.6,240.3,1421.8,61.1
2026-09-19 23:18:43,mfsweep_shard0,LRT_MMUR,53,5625.42,43,0,1,1129.9,2694.3,1564.4,2,2,63.1,0.1,128.6,229.4,1099.5,106.8
2026-09-19 23:18:43,mfsweep_shard0,LRT_MMUR,53,5625.42,44,0,1,1156.2,5466.8,4310.6,2,2,56.2,0.5,799.7,397.9,3056.4,56.2
2026-09-19 23:18:43,mfsweep_shard0,LRT_MMUR,53,5625.42,45,0,1,1182.5,2977.4,1794.9,2,2,61.2,0.2,294.3,298.8,1140.4,61.2
2026-09-19 23:18:43,mfsweep_shard0,LRT_MMUR,53,5625.42,46,0,1,1208.8,3262.8,2054.0,2,2,56.9,0.2,137.7,185.1,1674.0,56.9
2026-09-19 23:18:43,mfsweep_shard0,LRT_MMUR,53,5625.42,47,0,1,1235.0,2754.9,1519.8,2,2,62.7,0.2,98.1,244.7,1114.1,62.7
2026-09-19 23:18:43,mfsweep_shard0,LRT_MMUR,53,5625.42,48,0,1,1261.3,1582.5,321.2,2,2,74.5,0.0,62.5,184.2,0.0,74.5
2026-09-19 23:18:43,mfsweep_shard0,LRT_MMUR,53,5625.42,49,0,1,1287.6,1995.1,707.5,2,2,65.6,0.0,181.7,210.5,200.2,115.1
2026-09-19 23:18:43,mfsweep_shard0,LRT_MMUR,53,5625.42,50,0,1,1313.9,1578.0,264.1,2,2,65.8,0.0,78.5,119.8,0.0,65.8
2026-09-19 23:18:43,mfsweep_shard0,LRT_MMUR,53,5625.42,51,0,1,1340.2,1633.5,293.3,2,2,60.5,0.0,115.0,117.8,0.0,60.5
2026-09-19 23:18:43,mfsweep_shard0,LRT_MMUR,53,5625.42,52,0,1,1366.4,1670.3,303.9,2,2,62.4,0.0,115.9,124.1,1.5,62.4
2026-09-19 23:18:43,mfsweep_shard0,LRT_MMUR,53,5625.42,53,0,1,1392.7,1760.6,367.9,2,2,84.5,0.0,124.8,151.1,7.5,84.5
2026-09-19 23:18:43,mfsweep_shard0,LRT_MMUR,53,5625.42,54,0,1,1419.0,1873.5,454.6,2,2,74.9,0.0,86.4,127.7,165.4,74.9
2026-09-19 23:18:43,mfsweep_shard0,LRT_MMUR,53,5625.42,55,0,1,1445.3,1952.8,507.5,2,2,73.6,0.0,160.8,151.9,121.1,73.6
2026-09-19 23:18:43,mfsweep_shard0,LRT_MMUR,53,5625.42,56,0,1,1471.5,3230.7,1759.1,2,2,59.2,0.0,241.6,252.2,1176.1,89.2
2026-09-19 23:18:43,mfsweep_shard0,LRT_MMUR,53,5625.42,57,0,1,1497.8,1814.1,316.2,2,2,77.6,0.0,79.0,101.1,58.5,77.6
2026-09-19 23:18:43,mfsweep_shard0,LRT_MMUR,53,5625.42,58,0,1,1524.1,1866.8,342.7,2,2,58.9,0.0,46.9,236.9,0.0,58.9
2026-09-19 23:18:43,mfsweep_shard0,LRT_MMUR,53,5625.42,59,0,1,1550.4,2597.5,1047.1,2,2,66.1,0.0,97.4,265.2,618.5,66.1
2026-09-19 23:18:43,mfsweep_shard0,LRT_MMUR,53,5625.42,60,0,1,1576.6,2160.6,584.0,2,2,86.2,0.0,150.2,308.6,39.0,86.2
2026-09-19 23:18:43,mfsweep_shard0,LRT_MMUR,53,5625.42,61,0,1,1602.9,2364.7,761.8,2,2,74.7,0.0,75.8,271.2,340.1,74.7
2026-09-19 23:18:43,mfsweep_shard0,LRT_MMUR,53,5625.42,62,0,1,1629.2,2473.1,843.9,2,2,71.9,0.0,122.1,223.3,426.5,71.9
2026-09-19 23:18:43,mfsweep_shard0,LRT_MMUR,53,5625.42,63,0,1,1655.5,2105.6,450.2,2,2,76.1,0.0,116.4,95.1,162.5,76.1
2026-09-19 23:18:43,mfsweep_shard0,LRT_MMUR,53,5625.42,64,0,1,1681.8,1999.7,317.9,2,2,81.4,0.0,97.8,104.9,33.8,81.4
2026-09-19 23:18:43,mfsweep_shard0,LRT_MMUR,53,5625.42,65,0,1,1708.0,2115.0,407.0,2,2,79.2,0.0,170.7,99.2,57.8,79.2
2026-09-19 23:18:43,mfsweep_shard0,LRT_MMUR,53,5625.42,66,0,1,1734.3,2963.5,1229.2,2,2,61.1,0.0,95.6,138.5,933.9,61.1
2026-09-19 23:18:43,mfsweep_shard0,LRT_MMUR,53,5625.42,67,0,1,1760.6,5587.5,3826.9,2,2,54.6,0.5,709.0,387.6,2675.1,54.6
2026-09-19 23:18:43,mfsweep_shard0,LRT_MMUR,53,5625.42,68,0,1,1786.9,2667.3,880.4,2,2,64.0,0.0,123.7,140.5,552.2,64.0
2026-09-19 23:18:43,mfsweep_shard0,LRT_MMUR,53,5625.42,69,0,1,1813.1,2860.4,1047.3,2,2,62.4,0.0,117.3,204.3,663.3,62.4
2026-09-19 23:18:43,mfsweep_shard0,LRT_MMUR,53,5625.42,70,0,1,1839.4,3083.6,1244.1,2,2,60.5,0.0,179.4,115.6,888.7,60.5
2026-09-19 23:18:43,mfsweep_shard0,LRT_MMUR,53,5625.42,71,0,1,1865.7,2216.7,351.0,2,2,84.7,0.0,144.3,115.1,7.0,84.7
2026-09-19 23:18:43,mfsweep_shard0,LRT_MMUR,53,5625.42,72,0,1,1892.0,2342.2,450.2,2,2,82.5,0.0,177.1,166.0,24.6,82.5
2026-09-19 23:18:43,mfsweep_shard0,LRT_MMUR,53,5625.42,73,0,1,1918.3,2716.7,798.5,2,2,63.9,0.0,204.0,222.5,308.1,63.9
2026-09-19 23:18:43,mfsweep_shard0,LRT_MMUR,53,5625.42,74,0,1,1944.5,2440.5,496.0,2,2,75.2,0.0,202.6,215.5,2.7,75.2
2026-09-19 23:18:43,mfsweep_shard0,LRT_MMUR,53,5625.42,75,0,1,1970.8,2491.2,520.4,2,2,66.6,0.0,80.2,236.6,137.0,66.6
2026-09-19 23:18:43,mfsweep_shard0,LRT_MMUR,53,5625.42,76,0,1,1997.1,2296.2,299.1,2,2,83.7,0.0,95.5,119.9,0.0,83.7
2026-09-19 23:18:43,mfsweep_shard0,LRT_MMUR,53,5625.42,77,0,1,2023.4,2412.6,389.3,2,2,68.7,0.0,140.0,142.2,38.3,68.7
2026-09-19 23:18:43,mfsweep_shard0,LRT_MMUR,53,5625.42,78,0,1,2049.6,5162.2,3112.6,2,2,62.3,0.5,796.9,477.5,1775.4,62.3
2026-09-19 23:18:43,mfsweep_shard0,LRT_MMUR,53,5625.42,79,0,1,2075.9,2360.2,284.3,2,2,61.7,0.0,103.7,106.3,12.6,61.7
2026-09-19 23:18:43,mfsweep_shard0,LRT_MMUR,53,5625.42,80,0,1,2102.2,2767.4,665.2,2,2,72.1,0.0,218.1,275.2,96.0,75.9
2026-09-19 23:18:43,mfsweep_shard0,LRT_MMUR,53,5625.42,81,0,1,2128.5,5208.8,3080.4,2,2,62.2,0.6,566.8,462.4,1988.3,62.2
2026-09-19 23:18:43,mfsweep_shard0,LRT_MMUR,53,5625.42,82,0,1,2154.7,2468.8,314.0,2,2,72.8,0.0,61.1,137.6,42.4,72.8
2026-09-19 23:18:43,mfsweep_shard0,LRT_MMUR,53,5625.42,83,0,1,2181.0,2649.9,468.9,2,2,83.2,0.0,187.0,198.7,0.0,83.2
2026-09-19 23:18:43,mfsweep_shard0,LRT_MMUR,53,5625.42,84,0,1,2207.3,2908.7,701.4,2,2,66.7,0.1,141.3,247.2,246.0,66.7
2026-09-19 23:18:43,mfsweep_shard0,LRT_MMUR,53,5625.42,85,0,1,2233.6,5255.2,3021.6,2,2,60.8,0.7,623.9,330.2,2006.0,60.8
2026-09-19 23:18:43,mfsweep_shard0,LRT_MMUR,53,5625.42,86,0,1,2259.9,2645.2,385.3,2,2,86.5,0.0,114.7,124.0,60.1,86.5
2026-09-19 23:18:43,mfsweep_shard0,LRT_MMUR,53,5625.42,87,0,1,2286.1,2782.0,495.9,2,2,70.4,0.0,131.6,153.1,140.8,70.4
2026-09-19 23:18:43,mfsweep_shard0,LRT_MMUR,53,5625.42,88,0,1,2312.4,4689.9,2377.4,2,2,56.5,0.7,272.2,304.3,1743.7,56.5
2026-09-19 23:18:43,mfsweep_shard0,LRT_MMUR,53,5625.42,89,0,1,2338.7,4363.9,2025.2,2,2,55.1,0.5,591.4,292.1,1086.2,55.1
2026-09-19 23:18:43,mfsweep_shard0,LRT_MMUR,53,5625.42,90,0,1,2365.0,4323.8,1958.8,2,2,57.2,0.5,580.1,277.5,1043.5,57.2
2026-09-19 23:18:43,mfsweep_shard0,LRT_MMUR,53,5625.42,91,0,1,2391.2,2986.5,595.3,2,2,74.3,0.0,223.1,249.0,48.9,74.3
2026-09-19 23:18:43,mfsweep_shard0,LRT_MMUR,53,5625.42,92,0,1,2417.5,4143.8,1726.3,2,2,79.7,0.6,552.4,414.9,645.9,112.4
2026-09-19 23:18:43,mfsweep_shard0,LRT_MMUR,53,5625.42,93,0,1,2443.8,4069.6,1625.8,2,2,67.5,0.7,388.9,349.5,819.3,67.5
2026-09-19 23:18:43,mfsweep_shard0,LRT_MMUR,53,5625.42,94,0,1,2470.1,2748.7,278.6,2,2,55.6,0.0,96.3,119.1,7.5,55.6
2026-09-19 23:18:43,mfsweep_shard0,LRT_MMUR,53,5625.42,95,0,1,2496.4,2950.1,453.7,2,2,66.1,0.0,165.7,213.2,8.6,66.1
2026-09-19 23:18:43,mfsweep_shard0,LRT_MMUR,53,5625.42,96,0,1,2522.6,3278.2,755.5,2,2,86.4,0.2,319.6,225.7,56.2,153.8
2026-09-19 23:18:43,mfsweep_shard0,LRT_MMUR,53,5625.42,97,0,1,2548.9,2945.5,396.6,2,2,71.0,0.0,138.5,167.4,19.7,71.0
2026-09-19 23:18:43,mfsweep_shard0,LRT_MMUR,53,5625.42,98,0,1,2575.2,3382.3,807.2,2,2,85.6,0.2,320.1,296.0,91.8,99.0
2026-09-19 23:18:43,mfsweep_shard0,LRT_MMUR,53,5625.42,99,0,1,2601.5,2954.9,353.4,2,2,82.0,0.0,75.7,166.4,29.3,82.0
2026-09-19 23:18:43,mfsweep_shard0,LRT_MMUR,53,5625.42,100,0,1,2627.7,2936.3,308.5,2,2,53.9,0.1,43.7,210.9,0.0,53.9
2026-09-19 23:18:43,mfsweep_shard0,LRT_MMUR,53,5625.42,101,0,1,2654.0,3203.7,549.7,2,2,77.3,0.0,92.8,370.7,8.9,77.3
2026-09-19 23:18:43,mfsweep_shard0,LRT_MMUR,53,5625.42,102,0,1,2680.3,3142.3,462.0,2,2,76.0,0.0,57.0,319.2,7.1,78.7
2026-09-19 23:18:43,mfsweep_shard0,LRT_MMUR,53,5625.42,103,0,1,2706.6,4760.8,2054.2,2,2,71.3,1.1,696.3,407.6,784.0,165.1
2026-09-19 23:18:43,mfsweep_shard0,LRT_MMUR,53,5625.42,104,0,1,2732.9,5114.4,2381.5,2,2,62.4,1.4,711.5,385.5,1220.8,62.4
2026-09-19 23:18:43,mfsweep_shard0,LRT_MMUR,53,5625.42,105,0,1,2759.1,4312.2,1553.1,2,2,74.7,0.9,618.7,343.1,515.8,74.7
2026-09-19 23:18:43,mfsweep_shard0,LRT_MMUR,53,5625.42,106,0,1,2785.4,4980.0,2194.6,2,2,57.2,1.3,646.8,415.5,1073.7,57.2
2026-09-19 23:18:43,mfsweep_shard0,LRT_MMUR,53,5625.42,107,0,1,2811.7,4779.3,1967.6,2,2,67.9,1.4,778.5,302.6,817.2,67.9
2026-09-19 23:18:43,mfsweep_shard0,LRT_MMUR,53,5625.42,108,0,1,2838.0,3088.2,250.3,2,2,68.5,0.0,55.2,123.5,3.0,68.5
2026-09-19 23:18:43,mfsweep_shard0,LRT_MMUR,53,5625.42,109,0,1,2864.2,3258.2,394.0,2,2,85.0,0.0,150.5,141.2,17.3,85.0
2026-09-19 23:18:43,mfsweep_shard0,LRT_MMUR,53,5625.42,110,0,1,2890.5,3512.7,622.2,2,2,82.4,0.0,139.1,132.8,267.7,82.4
2026-09-19 23:18:43,mfsweep_shard0,LRT_MMUR,53,5625.42,111,0,1,2916.8,4685.5,1768.7,2,2,62.2,1.0,539.3,282.3,883.8,62.2
2026-09-19 23:18:43,mfsweep_shard0,LRT_MMUR,53,5625.42,112,0,1,2943.1,4212.3,1269.2,2,2,70.1,0.8,365.5,222.4,610.5,70.1
2026-09-19 23:18:43,mfsweep_shard0,LRT_MMUR,53,5625.42,113,0,1,2969.3,5299.0,2329.7,2,2,59.4,1.5,682.1,322.2,1264.4,59.4
2026-09-19 23:18:43,mfsweep_shard0,LRT_MMUR,53,5625.42,114,0,1,2995.6,3447.9,452.3,2,2,83.7,0.0,198.2,109.4,61.0,83.7
2026-09-19 23:18:43,mfsweep_shard0,LRT_MMUR,53,5625.42,115,0,1,3021.9,3941.2,919.3,2,2,82.3,0.5,357.2,215.4,227.6,118.6
2026-09-19 23:18:43,mfsweep_shard0,LRT_MMUR,53,5625.42,116,0,1,3048.2,5026.2,1978.0,2,2,63.4,1.7,683.4,335.2,894.4,63.4
2026-09-19 23:18:43,mfsweep_shard0,LRT_MMUR,53,5625.42,117,0,1,3074.5,4262.0,1187.6,2,2,74.6,0.9,504.2,259.3,348.5,74.6
2026-09-19 23:18:43,mfsweep_shard0,LRT_MMUR,53,5625.42,118,0,1,3100.7,4370.1,1269.3,2,2,73.6,1.0,561.2,322.3,311.3,73.6
2026-09-19 23:18:43,mfsweep_shard0,LRT_MMUR,53,5625.42,119,0,1,3127.0,5343.2,2216.1,2,2,58.6,1.0,490.6,316.2,1349.7,58.6
2026-09-19 23:18:43,mfsweep_shard0,LRT_MMUR,53,5625.42,120,0,1,3153.3,3691.1,537.8,2,2,78.7,0.0,136.8,167.2,155.1,78.7
2026-09-19 23:18:43,mfsweep_shard0,LRT_MMUR,53,5625.42,121,0,1,3179.6,4427.8,1248.2,2,2,71.3,0.5,314.0,278.4,584.0,71.3
2026-09-19 23:18:43,mfsweep_shard0,LRT_MMUR,53,5625.42,122,0,1,3205.8,3577.7,371.9,2,2,79.2,0.1,92.2,164.3,36.1,79.2
2026-09-19 23:18:43,mfsweep_shard0,LRT_MMUR,53,5625.42,123,0,1,3232.1,3536.2,304.1,2,2,71.0,0.0,84.3,148.7,0.0,71.0
2026-09-19 23:18:43,mfsweep_shard0,LRT_MMUR,53,5625.42,124,0,1,3258.4,5625.4,2367.0,2,2,53.6,1.4,673.6,274.0,1364.4,53.6
2026-09-19 23:18:43,mfsweep_shard0,LRT_MMUR,53,5625.42,125,0,1,3284.7,4998.2,1713.5,2,2,64.2,1.5,487.3,245.7,872.4,106.7
2026-09-19 23:18:43,mfsweep_shard0,LRT_MMUR,53,5625.42,126,0,1,3311.0,4881.2,1570.2,2,2,54.2,1.6,447.8,245.7,821.0,54.2
2026-09-19 23:18:43,mfsweep_shard0,LRT_MMUR,53,5625.42,127,0,1,3337.2,3703.6,366.3,2,2,84.2,0.0,137.8,129.5,14.8,84.2
2026-09-19 23:18:43,mfsweep_shard0,LRT_MMUR,53,5625.42,128,0,1,3363.5,3740.5,377.0,2,2,82.5,0.0,64.9,177.9,51.7,82.5
2026-09-19 23:18:43,mfsweep_shard0,LRT_MMUR,53,5625.42,129,0,1,3389.8,3845.4,455.6,2,2,81.0,0.0,30.2,240.6,103.8,81.0
2026-09-19 23:18:43,mfsweep_shard0,LRT_MMUR,53,5625.42,130,0,1,3416.1,5067.6,1651.6,2,2,63.7,1.7,619.1,348.2,618.9,63.7
2026-09-19 23:18:43,mfsweep_shard0,LRT_MMUR,53,5625.42,131,0,1,3442.3,5507.8,2065.5,2,2,55.5,1.4,784.7,325.4,898.6,55.5
2026-09-19 23:18:43,mfsweep_shard0,LRT_MMUR,53,5625.42,132,0,1,3468.6,3934.3,465.6,2,2,82.5,0.0,227.4,155.7,0.0,82.5
2026-09-19 23:18:43,mfsweep_shard0,LRT_MMUR,53,5625.42,133,0,1,3494.9,3904.7,409.8,2,2,84.8,0.0,193.2,109.2,22.6,84.8
2026-09-19 23:18:43,mfsweep_shard0,LRT_MMUR,53,5625.42,134,0,1,3521.2,5426.2,1905.1,2,2,56.4,1.2,593.6,181.4,1072.5,56.4
2026-09-19 23:18:43,mfsweep_shard0,LRT_MMUR,53,5625.42,135,0,1,3547.5,4153.0,605.5,2,2,69.6,0.0,379.5,109.3,47.2,69.6
2026-09-19 23:18:43,mfsweep_shard0,LRT_MMUR,53,5625.42,136,0,1,3573.7,4157.6,583.9,2,2,55.8,0.0,423.0,100.5,4.6,55.8
2026-09-19 23:23:27,mfsweep_shard0,LRT_MMUR,54,5590.28,0,0,1,0.0,236.2,236.2,2,2,74.6,0.0,51.8,109.7,0.0,74.6
2026-09-19 23:23:27,mfsweep_shard0,LRT_MMUR,54,5590.28,1,0,1,26.3,335.2,308.9,2,2,54.4,0.0,53.8,125.7,75.0,54.4
2026-09-19 23:23:27,mfsweep_shard0,LRT_MMUR,54,5590.28,2,0,1,52.6,289.0,236.4,2,2,62.6,0.0,65.0,72.8,36.0,62.6
2026-09-19 23:23:27,mfsweep_shard0,LRT_MMUR,54,5590.28,3,0,1,78.8,266.2,187.4,2,2,60.9,0.0,58.2,68.3,0.0,60.9
2026-09-19 23:23:27,mfsweep_shard0,LRT_MMUR,54,5590.28,4,0,1,105.1,345.0,239.9,2,2,77.8,0.0,75.5,76.8,9.7,77.8
2026-09-19 23:23:27,mfsweep_shard0,LRT_MMUR,54,5590.28,5,0,1,131.4,340.5,209.1,2,2,75.9,0.0,64.2,69.0,0.0,75.9
2026-09-19 23:23:27,mfsweep_shard0,LRT_MMUR,54,5590.28,6,0,1,157.7,418.8,261.2,2,2,83.0,0.0,62.8,81.4,33.9,83.0
2026-09-19 23:23:27,mfsweep_shard0,LRT_MMUR,54,5590.28,7,0,1,183.9,560.0,376.0,2,2,56.4,0.0,79.5,70.5,169.6,56.4
2026-09-19 23:23:27,mfsweep_shard0,LRT_MMUR,54,5590.28,8,0,1,210.2,467.1,256.8,2,2,67.5,0.0,69.3,71.0,49.0,67.5
2026-09-19 23:23:27,mfsweep_shard0,LRT_MMUR,54,5590.28,9,0,1,236.5,599.0,362.5,2,2,54.5,0.0,77.2,85.3,145.3,54.5
2026-09-19 23:23:27,mfsweep_shard0,LRT_MMUR,54,5590.28,10,0,1,262.8,516.0,253.2,2,2,60.8,0.0,77.2,70.5,44.8,60.8
2026-09-19 23:23:27,mfsweep_shard0,LRT_MMUR,54,5590.28,11,0,1,289.1,528.7,239.6,2,2,70.2,0.0,60.3,109.1,0.0,70.2
2026-09-19 23:23:27,mfsweep_shard0,LRT_MMUR,54,5590.28,12,0,1,315.3,575.0,259.7,2,2,54.4,0.0,59.4,137.6,8.2,54.4
2026-09-19 23:23:27,mfsweep_shard0,LRT_MMUR,54,5590.28,13,0,1,341.6,622.2,280.6,2,2,60.1,0.0,55.7,164.8,0.0,60.1
2026-09-19 23:23:27,mfsweep_shard0,LRT_MMUR,54,5590.28,14,0,1,367.9,645.0,277.1,2,2,75.0,0.0,49.7,134.6,17.7,75.0
2026-09-19 23:23:27,mfsweep_shard0,LRT_MMUR,54,5590.28,15,0,1,394.2,826.4,432.2,2,2,71.5,0.0,62.7,133.1,164.9,71.5
2026-09-19 23:23:27,mfsweep_shard0,LRT_MMUR,54,5590.28,16,0,1,420.4,890.1,469.6,2,2,60.8,0.0,122.6,83.1,203.1,60.8
2026-09-19 23:23:27,mfsweep_shard0,LRT_MMUR,54,5590.28,17,0,1,446.7,715.9,269.2,2,2,73.0,0.0,99.2,68.5,28.4,73.0
2026-09-19 23:23:27,mfsweep_shard0,LRT_MMUR,54,5590.28,18,0,1,473.0,763.6,290.6,2,2,80.3,0.0,117.5,91.4,1.4,80.3
2026-09-19 23:23:27,mfsweep_shard0,LRT_MMUR,54,5590.28,19,0,1,499.3,918.0,418.7,2,2,53.8,0.0,108.5,96.6,159.8,53.8
2026-09-19 23:23:27,mfsweep_shard0,LRT_MMUR,54,5590.28,20,0,1,525.6,1065.7,540.1,2,2,80.1,0.0,117.9,201.9,111.3,109.0
2026-09-19 23:23:27,mfsweep_shard0,LRT_MMUR,54,5590.28,21,0,1,551.8,798.6,246.7,2,2,76.6,0.0,84.3,85.8,0.0,76.6
2026-09-19 23:23:27,mfsweep_shard0,LRT_MMUR,54,5590.28,22,0,1,578.1,1121.5,543.4,2,2,64.8,0.1,149.5,110.7,218.3,64.8
2026-09-19 23:23:27,mfsweep_shard0,LRT_MMUR,54,5590.28,23,0,1,604.4,4093.5,3489.1,2,2,58.7,0.1,340.1,479.0,2611.3,58.7
2026-09-19 23:23:27,mfsweep_shard0,LRT_MMUR,54,5590.28,24,0,1,630.7,1001.4,370.7,2,2,85.1,0.0,78.8,170.7,36.1,85.1
2026-09-19 23:23:27,mfsweep_shard0,LRT_MMUR,54,5590.28,25,0,1,656.9,931.9,275.0,2,2,64.7,0.0,92.7,117.6,0.0,64.7
2026-09-19 23:23:27,mfsweep_shard0,LRT_MMUR,54,5590.28,26,0,1,683.2,941.3,258.1,2,2,56.6,0.0,88.7,88.7,24.1,56.6
2026-09-19 23:23:27,mfsweep_shard0,LRT_MMUR,54,5590.28,27,0,1,709.5,1796.3,1086.8,2,2,56.7,0.1,239.5,213.9,576.6,56.7
2026-09-19 23:23:27,mfsweep_shard0,LRT_MMUR,54,5590.28,28,0,1,735.8,1006.2,270.4,2,2,81.5,0.0,67.9,94.9,26.1,81.5
2026-09-19 23:23:27,mfsweep_shard0,LRT_MMUR,54,5590.28,29,0,1,762.0,1090.0,328.0,2,2,73.5,0.0,112.7,141.8,0.0,73.5
2026-09-19 23:23:27,mfsweep_shard0,LRT_MMUR,54,5590.28,30,0,1,788.3,1484.7,696.3,2,2,80.2,0.1,333.7,203.4,79.0,80.2
2026-09-19 23:23:27,mfsweep_shard0,LRT_MMUR,54,5590.28,31,0,1,814.6,1599.5,784.9,2,2,77.6,0.1,437.9,85.8,163.1,98.0
2026-09-19 23:23:27,mfsweep_shard0,LRT_MMUR,54,5590.28,32,0,1,840.9,1346.2,505.3,2,2,71.2,0.1,208.3,118.9,106.8,71.2
2026-09-19 23:23:27,mfsweep_shard0,LRT_MMUR,54,5590.28,33,0,1,867.2,1405.0,537.8,2,2,85.7,0.1,193.4,149.8,77.1,117.5
2026-09-19 23:23:27,mfsweep_shard0,LRT_MMUR,54,5590.28,34,0,1,893.4,1395.4,502.0,2,2,66.0,0.1,225.5,93.5,116.9,66.0
2026-09-19 23:23:27,mfsweep_shard0,LRT_MMUR,54,5590.28,35,0,1,919.7,2587.9,1668.2,2,2,71.8,0.3,378.9,176.0,1041.3,71.8
2026-09-19 23:23:27,mfsweep_shard0,LRT_MMUR,54,5590.28,36,0,1,946.0,1284.2,338.2,2,2,80.9,0.0,159.8,97.4,0.0,80.9
2026-09-19 23:23:27,mfsweep_shard0,LRT_MMUR,54,5590.28,37,0,1,972.3,1611.9,639.7,2,2,74.0,0.0,220.0,109.0,236.7,74.0
2026-09-19 23:23:27,mfsweep_shard0,LRT_MMUR,54,5590.28,38,0,1,998.5,1372.4,373.8,2,2,82.0,0.0,160.5,131.3,0.0,82.0
2026-09-19 23:23:27,mfsweep_shard0,LRT_MMUR,54,5590.28,39,0,1,1024.8,2497.6,1472.8,2,2,72.6,0.1,367.2,187.4,796.5,121.5
2026-09-19 23:23:27,mfsweep_shard0,LRT_MMUR,54,5590.28,40,0,1,1051.1,1563.3,512.2,2,2,76.8,0.0,222.9,81.4,131.1,76.8
2026-09-19 23:23:27,mfsweep_shard0,LRT_MMUR,54,5590.28,41,0,1,1077.4,5332.0,4254.6,2,2,55.1,0.2,699.4,470.2,3029.8,55.1
2026-09-19 23:23:27,mfsweep_shard0,LRT_MMUR,54,5590.28,42,0,1,1103.7,4833.2,3729.5,2,2,61.1,0.3,750.6,435.0,2482.5,61.1
2026-09-19 23:23:27,mfsweep_shard0,LRT_MMUR,54,5590.28,43,0,1,1129.9,4176.4,3046.4,2,2,63.1,0.4,657.1,505.8,1820.1,63.1
2026-09-19 23:23:27,mfsweep_shard0,LRT_MMUR,54,5590.28,44,0,1,1156.2,5350.5,4194.3,2,2,56.2,0.6,783.8,509.7,2844.1,56.2
2026-09-19 23:23:27,mfsweep_shard0,LRT_MMUR,54,5590.28,45,0,1,1182.5,1522.0,339.5,2,2,61.2,0.0,146.5,131.8,0.0,61.2
2026-09-19 23:23:27,mfsweep_shard0,LRT_MMUR,54,5590.28,46,0,1,1208.8,5184.2,3975.5,2,2,56.9,0.5,704.4,597.2,2616.5,56.9
2026-09-19 23:23:27,mfsweep_shard0,LRT_MMUR,54,5590.28,47,0,1,1235.0,1625.9,390.9,2,2,62.7,0.0,146.2,182.0,0.0,62.7
2026-09-19 23:23:27,mfsweep_shard0,LRT_MMUR,54,5590.28,48,0,1,1261.3,1590.3,329.0,2,2,74.5,0.0,84.4,134.9,35.1,74.5
2026-09-19 23:23:27,mfsweep_shard0,LRT_MMUR,54,5590.28,49,0,1,1287.6,3463.4,2175.8,2,2,65.6,0.4,390.5,404.3,1261.6,119.0
2026-09-19 23:23:27,mfsweep_shard0,LRT_MMUR,54,5590.28,50,0,1,1313.9,1714.6,400.8,2,2,65.8,0.0,115.1,185.9,34.0,65.8
2026-09-19 23:23:27,mfsweep_shard0,LRT_MMUR,54,5590.28,51,0,1,1340.2,4924.1,3583.9,2,2,60.5,0.6,540.9,583.4,2398.6,60.5
2026-09-19 23:23:27,mfsweep_shard0,LRT_MMUR,54,5590.28,52,0,1,1366.4,4646.5,3280.1,2,2,62.4,0.7,733.2,599.3,1884.5,62.4
2026-09-19 23:23:27,mfsweep_shard0,LRT_MMUR,54,5590.28,53,0,1,1392.7,1850.8,458.1,2,2,84.5,0.0,32.3,335.7,5.7,84.5
2026-09-19 23:23:27,mfsweep_shard0,LRT_MMUR,54,5590.28,54,0,1,1419.0,2079.3,660.3,2,2,74.9,0.1,200.1,346.7,38.4,74.9
2026-09-19 23:23:27,mfsweep_shard0,LRT_MMUR,54,5590.28,55,0,1,1445.3,2182.6,737.3,2,2,73.6,0.0,213.1,311.7,138.8,73.6
2026-09-19 23:23:27,mfsweep_shard0,LRT_MMUR,54,5590.28,56,0,1,1471.5,5012.7,3541.1,2,2,59.2,0.8,683.5,538.7,2259.0,59.2
2026-09-19 23:23:27,mfsweep_shard0,LRT_MMUR,54,5590.28,57,0,1,1497.8,2084.0,586.2,2,2,77.6,0.0,126.8,317.2,64.5,77.6
2026-09-19 23:23:27,mfsweep_shard0,LRT_MMUR,54,5590.28,58,0,1,1524.1,5056.0,3531.9,2,2,58.9,0.8,599.2,657.3,2215.7,58.9
2026-09-19 23:23:27,mfsweep_shard0,LRT_MMUR,54,5590.28,59,0,1,1550.4,2643.5,1093.2,2,2,66.1,0.3,401.2,225.0,400.6,66.1
2026-09-19 23:23:27,mfsweep_shard0,LRT_MMUR,54,5590.28,60,0,1,1576.6,2111.8,535.2,2,2,86.2,0.0,173.6,266.9,8.4,86.2
2026-09-19 23:23:27,mfsweep_shard0,LRT_MMUR,54,5590.28,61,0,1,1602.9,2069.9,466.9,2,2,74.7,0.0,134.1,258.2,0.0,74.7
2026-09-19 23:23:27,mfsweep_shard0,LRT_MMUR,54,5590.28,62,0,1,1629.2,2574.7,945.5,2,2,71.9,0.3,290.9,213.1,369.3,71.9
2026-09-19 23:23:27,mfsweep_shard0,LRT_MMUR,54,5590.28,63,0,1,1655.5,2199.0,543.5,2,2,76.1,0.0,289.5,177.8,0.0,76.1
2026-09-19 23:23:27,mfsweep_shard0,LRT_MMUR,54,5590.28,64,0,1,1681.8,2394.0,712.2,2,2,81.4,0.0,139.7,325.5,115.0,132.0
2026-09-19 23:23:27,mfsweep_shard0,LRT_MMUR,54,5590.28,65,0,1,1708.0,2408.0,699.9,2,2,79.2,0.0,112.8,278.7,229.3,79.2
2026-09-19 23:23:27,mfsweep_shard0,LRT_MMUR,54,5590.28,66,0,1,1734.3,4786.5,3052.2,2,2,61.1,0.7,542.0,537.4,1911.0,61.1
2026-09-19 23:23:27,mfsweep_shard0,LRT_MMUR,54,5590.28,67,0,1,1760.6,2207.6,447.0,2,2,54.6,0.0,123.6,268.7,0.1,54.6
2026-09-19 23:23:27,mfsweep_shard0,LRT_MMUR,54,5590.28,68,0,1,1786.9,3525.8,1738.9,2,2,64.0,0.5,444.1,396.8,833.5,64.0
2026-09-19 23:23:27,mfsweep_shard0,LRT_MMUR,54,5590.28,69,0,1,1813.1,4598.6,2785.4,2,2,62.4,0.8,412.1,426.0,1884.2,62.4
2026-09-19 23:23:27,mfsweep_shard0,LRT_MMUR,54,5590.28,70,0,1,1839.4,4878.1,3038.6,2,2,60.5,0.8,565.2,505.1,1907.0,60.5
2026-09-19 23:23:27,mfsweep_shard0,LRT_MMUR,54,5590.28,71,0,1,1865.7,2279.5,413.8,2,2,84.7,0.0,113.0,160.5,55.6,84.7
2026-09-19 23:23:27,mfsweep_shard0,LRT_MMUR,54,5590.28,72,0,1,1892.0,2216.2,324.3,2,2,82.5,0.0,21.6,208.4,11.8,82.5
2026-09-19 23:23:27,mfsweep_shard0,LRT_MMUR,54,5590.28,73,0,1,1918.3,3205.1,1286.8,2,2,63.9,0.0,216.1,314.6,692.2,63.9
2026-09-19 23:23:27,mfsweep_shard0,LRT_MMUR,54,5590.28,74,0,1,1944.5,2617.8,673.3,2,2,75.2,0.0,230.6,254.0,113.5,75.2
2026-09-19 23:23:27,mfsweep_shard0,LRT_MMUR,54,5590.28,75,0,1,1970.8,2519.5,548.7,2,2,66.6,0.0,255.6,226.5,0.0,66.6
2026-09-19 23:23:27,mfsweep_shard0,LRT_MMUR,54,5590.28,76,0,1,1997.1,2583.1,586.0,2,2,83.7,0.0,249.5,233.2,19.5,83.7
2026-09-19 23:23:27,mfsweep_shard0,LRT_MMUR,54,5590.28,77,0,1,2023.4,3150.9,1127.5,2,2,68.7,0.0,292.7,232.4,533.7,68.7
2026-09-19 23:23:27,mfsweep_shard0,LRT_MMUR,54,5590.28,78,0,1,2049.6,3269.1,1219.4,2,2,62.3,0.1,341.8,241.4,573.9,62.3
2026-09-19 23:23:27,mfsweep_shard0,LRT_MMUR,54,5590.28,79,0,1,2075.9,3408.4,1332.5,2,2,61.7,0.1,278.7,279.3,712.7,61.7
2026-09-19 23:23:27,mfsweep_shard0,LRT_MMUR,54,5590.28,80,0,1,2102.2,2968.0,865.8,2,2,72.1,0.1,201.5,234.1,358.1,72.1
2026-09-19 23:23:27,mfsweep_shard0,LRT_MMUR,54,5590.28,81,0,1,2128.5,3430.6,1302.1,2,2,62.2,0.1,307.0,265.6,667.2,62.2
2026-09-19 23:23:27,mfsweep_shard0,LRT_MMUR,54,5590.28,82,0,1,2154.7,2954.1,799.4,2,2,72.8,0.1,191.5,271.3,263.6,72.8
2026-09-19 23:23:27,mfsweep_shard0,LRT_MMUR,54,5590.28,83,0,1,2181.0,2752.5,571.5,2,2,83.2,0.0,173.3,259.6,55.4,83.2
2026-09-19 23:23:27,mfsweep_shard0,LRT_MMUR,54,5590.28,84,0,1,2207.3,3132.4,925.1,2,2,66.7,0.0,121.2,271.3,465.9,66.7
2026-09-19 23:23:27,mfsweep_shard0,LRT_MMUR,54,5590.28,85,0,1,2233.6,3476.7,1243.2,2,2,60.8,0.0,155.0,252.7,774.6,60.8
2026-09-19 23:23:27,mfsweep_shard0,LRT_MMUR,54,5590.28,86,0,1,2259.9,2713.5,453.6,2,2,86.5,0.0,60.2,266.1,40.8,86.5
2026-09-19 23:23:27,mfsweep_shard0,LRT_MMUR,54,5590.28,87,0,1,2286.1,3096.0,809.9,2,2,70.4,0.0,114.6,294.3,330.6,70.4
2026-09-19 23:23:27,mfsweep_shard0,LRT_MMUR,54,5590.28,88,0,1,2312.4,3567.2,1254.8,2,2,56.5,0.0,125.6,219.7,853.0,56.5
2026-09-19 23:23:27,mfsweep_shard0,LRT_MMUR,54,5590.28,89,0,1,2338.7,3550.7,1212.0,2,2,55.1,0.0,96.6,175.5,884.8,55.1
2026-09-19 23:23:27,mfsweep_shard0,LRT_MMUR,54,5590.28,90,0,1,2365.0,3454.0,1089.0,2,2,57.2,0.0,84.5,212.2,735.2,57.2
2026-09-19 23:23:27,mfsweep_shard0,LRT_MMUR,54,5590.28,91,0,1,2391.2,2852.0,460.7,2,2,74.3,0.0,78.4,212.9,95.1,74.3
2026-09-19 23:23:27,mfsweep_shard0,LRT_MMUR,54,5590.28,92,0,1,2417.5,2797.0,379.5,2,2,79.7,0.0,27.3,215.5,56.9,79.7
2026-09-19 23:23:27,mfsweep_shard0,LRT_MMUR,54,5590.28,93,0,1,2443.8,2984.2,540.4,2,2,67.5,0.0,210.9,247.1,14.9,67.5
2026-09-19 23:23:27,mfsweep_shard0,LRT_MMUR,54,5590.28,94,0,1,2470.1,2886.1,416.1,2,2,55.6,0.0,126.8,233.6,0.0,55.6
2026-09-19 23:23:27,mfsweep_shard0,LRT_MMUR,54,5590.28,95,0,1,2496.4,4453.9,1957.5,2,2,66.1,0.6,455.9,302.6,1132.3,66.1
2026-09-19 23:23:27,mfsweep_shard0,LRT_MMUR,54,5590.28,96,0,1,2522.6,2926.7,404.0,2,2,86.4,0.0,100.6,196.3,20.6,86.4
2026-09-19 23:23:27,mfsweep_shard0,LRT_MMUR,54,5590.28,97,0,1,2548.9,3897.9,1349.0,2,2,71.0,0.3,313.4,226.5,737.7,71.0
2026-09-19 23:23:27,mfsweep_shard0,LRT_MMUR,54,5590.28,98,0,1,2575.2,3049.4,474.3,2,2,85.6,0.0,140.9,208.1,39.6,85.6
2026-09-19 23:23:27,mfsweep_shard0,LRT_MMUR,54,5590.28,99,0,1,2601.5,3044.8,443.3,2,2,82.0,0.0,83.4,188.4,89.5,82.0
2026-09-19 23:23:27,mfsweep_shard0,LRT_MMUR,54,5590.28,100,0,1,2627.7,5551.2,2923.4,2,2,53.9,0.7,481.2,309.6,2078.0,53.9
2026-09-19 23:23:27,mfsweep_shard0,LRT_MMUR,54,5590.28,101,0,1,2654.0,3186.6,532.6,2,2,77.3,0.0,215.7,226.4,13.1,77.3
2026-09-19 23:23:27,mfsweep_shard0,LRT_MMUR,54,5590.28,102,0,1,2680.3,3572.0,891.7,2,2,76.0,0.4,335.1,296.6,175.4,84.3
2026-09-19 23:23:27,mfsweep_shard0,LRT_MMUR,54,5590.28,103,0,1,2706.6,3840.3,1133.8,2,2,71.3,0.4,435.5,308.5,318.0,71.3
2026-09-19 23:23:27,mfsweep_shard0,LRT_MMUR,54,5590.28,104,0,1,2732.9,4693.2,1960.4,2,2,62.4,0.7,382.3,339.8,1175.2,62.4
2026-09-19 23:23:27,mfsweep_shard0,LRT_MMUR,54,5590.28,105,0,1,2759.1,3635.9,876.8,2,2,74.7,0.5,328.5,272.4,200.7,74.7
2026-09-19 23:23:27,mfsweep_shard0,LRT_MMUR,54,5590.28,106,0,1,2785.4,5141.8,2356.4,2,2,57.2,0.8,528.1,352.7,1417.6,57.2
2026-09-19 23:23:27,mfsweep_shard0,LRT_MMUR,54,5590.28,107,0,1,2811.7,4402.2,1590.5,2,2,67.9,0.8,497.3,296.6,705.7,90.1
2026-09-19 23:23:27,mfsweep_shard0,LRT_MMUR,54,5590.28,108,0,1,2838.0,3997.9,1160.0,2,2,68.5,0.5,357.6,228.9,504.5,68.5
2026-09-19 23:23:27,mfsweep_shard0,LRT_MMUR,54,5590.28,109,0,1,2864.2,3195.8,331.6,2,2,85.0,0.0,15.0,208.6,22.9,85.0
2026-09-19 23:23:27,mfsweep_shard0,LRT_MMUR,54,5590.28,110,0,1,2890.5,3341.7,451.2,2,2,82.4,0.0,124.7,206.6,37.5,82.4
2026-09-19 23:23:27,mfsweep_shard0,LRT_MMUR,54,5590.28,111,0,1,2916.8,4741.0,1824.2,2,2,62.2,0.9,495.2,291.2,974.8,62.2
2026-09-19 23:23:27,mfsweep_shard0,LRT_MMUR,54,5590.28,112,0,1,2943.1,3948.0,1004.9,2,2,70.1,0.5,382.3,218.7,333.2,70.1
2026-09-19 23:23:27,mfsweep_shard0,LRT_MMUR,54,5590.28,113,0,1,2969.3,4967.9,1998.6,2,2,59.4,0.4,181.3,195.9,1561.4,59.4
2026-09-19 23:23:27,mfsweep_shard0,LRT_MMUR,54,5590.28,114,0,1,2995.6,3458.6,463.0,2,2,83.7,0.0,227.3,152.1,0.0,83.7
2026-09-19 23:23:27,mfsweep_shard0,LRT_MMUR,54,5590.28,115,0,1,3021.9,3500.8,478.9,2,2,82.3,0.0,153.3,198.7,44.5,82.3
2026-09-19 23:23:27,mfsweep_shard0,LRT_MMUR,54,5590.28,116,0,1,3048.2,3472.4,424.2,2,2,63.4,0.0,196.6,120.4,43.8,63.4
2026-09-19 23:23:27,mfsweep_shard0,LRT_MMUR,54,5590.28,117,0,1,3074.5,3791.0,716.5,2,2,74.6,0.0,348.8,115.4,177.7,74.6
2026-09-19 23:23:27,mfsweep_shard0,LRT_MMUR,54,5590.28,118,0,1,3100.7,3481.5,380.8,2,2,73.6,0.0,76.4,168.1,62.6,73.6
2026-09-19 23:23:27,mfsweep_shard0,LRT_MMUR,54,5590.28,119,0,1,3127.0,5100.2,1973.1,2,2,58.6,0.4,459.3,186.6,1268.2,58.6
2026-09-19 23:23:27,mfsweep_shard0,LRT_MMUR,54,5590.28,120,0,1,3153.3,3736.5,583.2,2,2,78.7,0.0,363.1,135.5,5.8,78.7
2026-09-19 23:23:27,mfsweep_shard0,LRT_MMUR,54,5590.28,121,0,1,3179.6,3853.4,673.9,2,2,71.3,0.0,467.1,135.3,0.0,71.3
2026-09-19 23:23:27,mfsweep_shard0,LRT_MMUR,54,5590.28,122,0,1,3205.8,4309.0,1103.2,2,2,79.2,0.0,470.2,139.1,414.7,79.2
2026-09-19 23:23:27,mfsweep_shard0,LRT_MMUR,54,5590.28,123,0,1,3232.1,3805.0,572.9,2,2,71.0,0.0,366.8,133.3,1.7,71.0
2026-09-19 23:23:27,mfsweep_shard0,LRT_MMUR,54,5590.28,124,0,1,3258.4,5590.3,2331.9,2,2,53.6,0.1,429.3,259.7,1578.7,64.0
2026-09-19 23:23:27,mfsweep_shard0,LRT_MMUR,54,5590.28,125,0,1,3284.7,4502.5,1217.8,2,2,64.2,0.1,390.8,156.0,606.8,64.2
2026-09-19 23:23:27,mfsweep_shard0,LRT_MMUR,54,5590.28,126,0,1,3311.0,5512.8,2201.9,2,2,54.2,0.2,476.3,122.7,1548.6,54.2
2026-09-19 23:23:27,mfsweep_shard0,LRT_MMUR,54,5590.28,127,0,1,3337.2,3934.0,596.8,2,2,84.2,0.0,297.8,193.8,20.9,84.2
2026-09-19 23:23:27,mfsweep_shard0,LRT_MMUR,54,5590.28,128,0,1,3363.5,3982.7,619.2,2,2,82.5,0.0,251.9,127.5,157.2,82.5
2026-09-19 23:23:27,mfsweep_shard0,LRT_MMUR,54,5590.28,129,0,1,3389.8,4290.4,900.6,2,2,81.0,0.1,371.1,180.9,246.1,102.3
2026-09-19 23:23:27,mfsweep_shard0,LRT_MMUR,54,5590.28,130,0,1,3416.1,4551.8,1135.7,2,2,63.7,0.1,279.2,97.5,695.2,63.7
2026-09-19 23:23:27,mfsweep_shard0,LRT_MMUR,54,5590.28,131,0,1,3442.3,5473.1,2030.8,2,2,55.5,0.3,454.9,196.3,1323.9,55.5
2026-09-19 23:23:27,mfsweep_shard0,LRT_MMUR,54,5590.28,132,0,1,3468.6,4163.0,694.4,2,2,82.5,0.0,258.5,143.4,209.9,82.5
2026-09-19 23:23:27,mfsweep_shard0,LRT_MMUR,54,5590.28,133,0,1,3494.9,3885.2,390.3,2,2,84.8,0.0,139.2,126.0,40.3,84.8
2026-09-19 23:23:27,mfsweep_shard0,LRT_MMUR,54,5590.28,134,0,1,3521.2,5391.3,1870.1,2,2,56.4,0.3,293.0,170.0,1312.8,94.0
2026-09-19 23:23:27,mfsweep_shard0,LRT_MMUR,54,5590.28,135,0,1,3547.5,4349.9,802.5,2,2,69.6,0.2,229.1,195.2,308.4,69.6
2026-09-19 23:23:27,mfsweep_shard0,LRT_MMUR,54,5590.28,136,0,1,3573.7,5433.2,1859.5,2,2,55.8,0.4,306.2,188.5,1308.7,55.8
2026-09-19 23:27:29,mfsweep_shard0,LRT_MMUR,55,4624.90,0,0,1,0.0,203.4,203.4,2,2,74.6,0.0,59.6,69.2,0.0,74.6
2026-09-19 23:27:29,mfsweep_shard0,LRT_MMUR,55,4624.90,1,0,1,26.3,249.0,222.7,2,2,54.4,0.0,59.2,73.1,36.0,54.4
2026-09-19 23:27:29,mfsweep_shard0,LRT_MMUR,55,4624.90,2,0,1,52.6,263.1,210.6,2,2,62.6,0.0,67.5,80.4,0.0,62.6
2026-09-19 23:27:29,mfsweep_shard0,LRT_MMUR,55,4624.90,3,0,1,78.8,317.2,238.4,2,2,60.9,0.0,76.6,85.3,15.5,60.9
2026-09-19 23:27:29,mfsweep_shard0,LRT_MMUR,55,4624.90,4,0,1,105.1,348.5,243.4,2,2,77.8,0.0,46.5,119.1,0.0,77.8
2026-09-19 23:27:29,mfsweep_shard0,LRT_MMUR,55,4624.90,5,0,1,131.4,482.1,350.7,2,2,75.9,0.0,49.4,114.4,111.0,75.9
2026-09-19 23:27:29,mfsweep_shard0,LRT_MMUR,55,4624.90,6,0,1,157.7,414.0,256.4,2,2,83.0,0.0,47.9,123.8,1.7,83.0
2026-09-19 23:27:29,mfsweep_shard0,LRT_MMUR,55,4624.90,7,0,1,183.9,686.1,502.2,2,2,56.4,0.0,69.5,114.4,261.8,56.4
2026-09-19 23:27:29,mfsweep_shard0,LRT_MMUR,55,4624.90,8,0,1,210.2,538.3,328.0,2,2,67.5,0.0,83.3,82.8,94.4,67.5
2026-09-19 23:27:29,mfsweep_shard0,LRT_MMUR,55,4624.90,9,0,1,236.5,713.4,476.9,2,2,54.5,0.0,58.7,87.0,276.6,54.5
2026-09-19 23:27:29,mfsweep_shard0,LRT_MMUR,55,4624.90,10,0,1,262.8,649.3,386.6,2,2,60.8,0.0,116.9,115.1,93.8,60.8
2026-09-19 23:27:29,mfsweep_shard0,LRT_MMUR,55,4624.90,11,0,1,289.1,578.8,289.8,2,2,70.2,0.0,79.3,106.5,33.7,70.2
2026-09-19 23:27:29,mfsweep_shard0,LRT_MMUR,55,4624.90,12,0,1,315.3,520.5,205.1,2,2,54.4,0.0,61.0,89.7,0.0,54.4
2026-09-19 23:27:29,mfsweep_shard0,LRT_MMUR,55,4624.90,13,0,1,341.6,681.4,339.7,2,2,60.1,0.0,137.9,111.9,17.4,72.5
2026-09-19 23:27:29,mfsweep_shard0,LRT_MMUR,55,4624.90,14,0,1,367.9,761.8,393.9,2,2,75.0,0.0,122.5,107.3,32.2,131.8
2026-09-19 23:27:29,mfsweep_shard0,LRT_MMUR,55,4624.90,15,0,1,394.2,951.5,557.4,2,2,71.5,0.1,129.3,122.3,234.2,71.5
2026-09-19 23:27:29,mfsweep_shard0,LRT_MMUR,55,4624.90,16,0,1,420.4,978.8,558.4,2,2,60.8,0.1,163.6,86.1,247.8,60.8
2026-09-19 23:27:29,mfsweep_shard0,LRT_MMUR,55,4624.90,17,0,1,446.7,822.1,375.4,2,2,73.0,0.1,156.0,101.4,44.9,73.0
2026-09-19 23:27:29,mfsweep_shard0,LRT_MMUR,55,4624.90,18,0,1,473.0,789.5,316.5,2,2,80.3,0.0,65.7,160.4,10.2,80.3
2026-09-19 23:27:29,mfsweep_shard0,LRT_MMUR,55,4624.90,19,0,1,499.3,1041.7,542.4,2,2,53.8,0.0,169.2,149.6,169.9,53.8
2026-09-19 23:27:29,mfsweep_shard0,LRT_MMUR,55,4624.90,20,0,1,525.6,915.0,389.4,2,2,80.1,0.0,73.5,188.6,47.1,80.1
2026-09-19 23:27:29,mfsweep_shard0,LRT_MMUR,55,4624.90,21,0,1,551.8,865.1,313.3,2,2,76.6,0.0,92.6,87.6,56.5,76.6
2026-09-19 23:27:29,mfsweep_shard0,LRT_MMUR,55,4624.90,22,0,1,578.1,919.7,341.6,2,2,64.8,0.0,83.1,108.7,85.0,64.8
2026-09-19 23:27:29,mfsweep_shard0,LRT_MMUR,55,4624.90,23,0,1,604.4,974.4,370.0,2,2,58.7,0.0,122.1,90.0,99.2,58.7
2026-09-19 23:27:29,mfsweep_shard0,LRT_MMUR,55,4624.90,24,0,1,630.7,1084.7,454.1,2,2,85.1,0.0,186.6,124.1,58.2,85.1
2026-09-19 23:27:29,mfsweep_shard0,LRT_MMUR,55,4624.90,25,0,1,656.9,1326.6,669.7,2,2,64.7,0.0,144.3,95.0,365.7,64.7
2026-09-19 23:27:29,mfsweep_shard0,LRT_MMUR,55,4624.90,26,0,1,683.2,1402.8,719.6,2,2,56.6,0.0,126.1,99.4,437.5,56.6
2026-09-19 23:27:29,mfsweep_shard0,LRT_MMUR,55,4624.90,27,0,1,709.5,1366.9,657.4,2,2,56.7,0.0,116.2,85.9,398.5,56.7
2026-09-19 23:27:29,mfsweep_shard0,LRT_MMUR,55,4624.90,28,0,1,735.8,1050.4,314.6,2,2,81.5,0.0,133.5,83.5,16.1,81.5
2026-09-19 23:27:29,mfsweep_shard0,LRT_MMUR,55,4624.90,29,0,1,762.0,1203.8,441.7,2,2,73.5,0.0,150.0,93.7,124.6,73.5
2026-09-19 23:27:29,mfsweep_shard0,LRT_MMUR,55,4624.90,30,0,1,788.3,1160.5,372.1,2,2,80.2,0.0,86.3,128.4,77.2,80.2
2026-09-19 23:27:29,mfsweep_shard0,LRT_MMUR,55,4624.90,31,0,1,814.6,1407.4,592.8,2,2,77.6,0.0,163.8,270.9,80.4,77.6
2026-09-19 23:27:29,mfsweep_shard0,LRT_MMUR,55,4624.90,32,0,1,840.9,1272.9,432.0,2,2,71.2,0.0,67.0,133.6,160.1,71.2
2026-09-19 23:27:29,mfsweep_shard0,LRT_MMUR,55,4624.90,33,0,1,867.2,1199.0,331.9,2,2,85.7,0.0,88.3,156.5,1.4,85.7
2026-09-19 23:27:29,mfsweep_shard0,LRT_MMUR,55,4624.90,34,0,1,893.4,1487.4,593.9,2,2,66.0,0.0,187.1,217.1,123.7,66.0
2026-09-19 23:27:29,mfsweep_shard0,LRT_MMUR,55,4624.90,35,0,1,919.7,1822.2,902.5,2,2,71.8,0.0,192.3,165.9,472.4,71.8
2026-09-19 23:27:29,mfsweep_shard0,LRT_MMUR,55,4624.90,36,0,1,946.0,1321.7,375.7,2,2,80.9,0.0,172.8,95.3,26.7,80.9
2026-09-19 23:27:29,mfsweep_shard0,LRT_MMUR,55,4624.90,37,0,1,972.3,1750.1,777.9,2,2,74.0,0.1,300.5,109.4,293.9,74.0
2026-09-19 23:27:29,mfsweep_shard0,LRT_MMUR,55,4624.90,38,0,1,998.5,1549.9,551.4,2,2,82.0,0.1,286.8,96.2,74.4,93.9
2026-09-19 23:27:29,mfsweep_shard0,LRT_MMUR,55,4624.90,39,0,1,1024.8,1412.1,387.2,2,2,72.6,0.1,78.2,112.0,124.3,72.6
2026-09-19 23:27:29,mfsweep_shard0,LRT_MMUR,55,4624.90,40,0,1,1051.1,1607.2,556.1,2,2,76.8,0.1,191.3,112.5,175.3,76.8
2026-09-19 23:27:29,mfsweep_shard0,LRT_MMUR,55,4624.90,41,0,1,1077.4,2183.4,1106.0,2,2,55.1,0.1,224.6,118.0,708.1,55.1
2026-09-19 23:27:29,mfsweep_shard0,LRT_MMUR,55,4624.90,42,0,1,1103.7,1417.0,313.3,2,2,61.1,0.0,105.7,111.1,35.4,61.1
2026-09-19 23:27:29,mfsweep_shard0,LRT_MMUR,55,4624.90,43,0,1,1129.9,1917.2,787.3,2,2,63.1,0.0,109.0,113.9,501.3,63.1
2026-09-19 23:27:29,mfsweep_shard0,LRT_MMUR,55,4624.90,44,0,1,1156.2,2144.1,987.9,2,2,56.2,0.0,73.7,112.9,745.1,56.2
2026-09-19 23:27:29,mfsweep_shard0,LRT_MMUR,55,4624.90,45,0,1,1182.5,2080.7,898.2,2,2,61.2,0.0,199.1,132.1,505.8,61.2
2026-09-19 23:27:29,mfsweep_shard0,LRT_MMUR,55,4624.90,46,0,1,1208.8,2053.9,845.2,2,2,56.9,0.0,38.3,143.3,606.7,56.9
2026-09-19 23:27:29,mfsweep_shard0,LRT_MMUR,55,4624.90,47,0,1,1235.0,2024.0,789.0,2,2,62.7,0.0,98.9,143.0,484.3,62.7
2026-09-19 23:27:29,mfsweep_shard0,LRT_MMUR,55,4624.90,48,0,1,1261.3,1661.8,400.5,2,2,74.5,0.0,149.4,133.4,43.1,74.5
2026-09-19 23:27:29,mfsweep_shard0,LRT_MMUR,55,4624.90,49,0,1,1287.6,1881.5,593.9,2,2,65.6,0.0,149.5,130.5,248.3,65.6
2026-09-19 23:27:29,mfsweep_shard0,LRT_MMUR,55,4624.90,50,0,1,1313.9,1895.4,581.5,2,2,65.8,0.0,104.6,165.4,245.7,65.8
2026-09-19 23:27:29,mfsweep_shard0,LRT_MMUR,55,4624.90,51,0,1,1340.2,1625.1,284.9,2,2,60.5,0.0,62.7,161.7,0.0,60.5
2026-09-19 23:27:29,mfsweep_shard0,LRT_MMUR,55,4624.90,52,0,1,1366.4,1966.4,600.0,2,2,62.4,0.0,111.0,294.8,131.8,62.4
2026-09-19 23:27:29,mfsweep_shard0,LRT_MMUR,55,4624.90,53,0,1,1392.7,1735.8,343.1,2,2,84.5,0.0,74.5,184.1,0.0,84.5
2026-09-19 23:27:29,mfsweep_shard0,LRT_MMUR,55,4624.90,54,0,1,1419.0,1795.8,376.9,2,2,74.9,0.0,76.7,177.8,47.3,74.9
2026-09-19 23:27:29,mfsweep_shard0,LRT_MMUR,55,4624.90,55,0,1,1445.3,2046.3,601.0,2,2,73.6,0.1,191.7,149.6,186.1,73.6
2026-09-19 23:27:29,mfsweep_shard0,LRT_MMUR,55,4624.90,56,0,1,1471.5,4501.6,3030.1,2,2,59.2,0.1,454.7,406.4,2109.8,59.2
2026-09-19 23:27:29,mfsweep_shard0,LRT_MMUR,55,4624.90,57,0,1,1497.8,1997.1,499.2,2,2,77.6,0.1,203.8,171.2,14.6,109.6
2026-09-19 23:27:29,mfsweep_shard0,LRT_MMUR,55,4624.90,58,0,1,1524.1,4545.9,3021.8,2,2,58.9,0.2,271.1,340.6,2351.0,58.9
2026-09-19 23:27:29,mfsweep_shard0,LRT_MMUR,55,4624.90,59,0,1,1550.4,3414.5,1864.1,2,2,66.1,0.2,242.6,521.8,1020.0,79.4
2026-09-19 23:27:29,mfsweep_shard0,LRT_MMUR,55,4624.90,60,0,1,1576.6,1886.2,309.6,2,2,86.2,0.1,101.0,122.2,0.0,86.2
2026-09-19 23:27:29,mfsweep_shard0,LRT_MMUR,55,4624.90,61,0,1,1602.9,2566.5,963.6,2,2,74.7,0.1,289.8,300.8,298.2,74.7
2026-09-19 23:27:29,mfsweep_shard0,LRT_MMUR,55,4624.90,62,0,1,1629.2,2964.1,1334.9,2,2,71.9,0.2,230.9,441.9,539.5,122.4
2026-09-19 23:27:29,mfsweep_shard0,LRT_MMUR,55,4624.90,63,0,1,1655.5,2499.5,844.0,2,2,76.1,0.2,167.6,417.8,105.7,152.8
2026-09-19 23:27:29,mfsweep_shard0,LRT_MMUR,55,4624.90,64,0,1,1681.8,2178.7,496.9,2,2,81.4,0.0,115.5,257.2,42.8,81.4
2026-09-19 23:27:29,mfsweep_shard0,LRT_MMUR,55,4624.90,65,0,1,1708.0,2114.5,406.4,2,2,79.2,0.0,84.5,210.4,32.4,79.2
2026-09-19 23:27:29,mfsweep_shard0,LRT_MMUR,55,4624.90,66,0,1,1734.3,3445.5,1711.2,2,2,61.1,0.4,354.0,428.3,867.4,61.1
2026-09-19 23:27:29,mfsweep_shard0,LRT_MMUR,55,4624.90,67,0,1,1760.6,2218.5,457.9,2,2,54.6,0.0,68.4,129.8,205.1,54.6
2026-09-19 23:27:29,mfsweep_shard0,LRT_MMUR,55,4624.90,68,0,1,1786.9,4081.1,2294.3,2,2,64.0,0.5,549.6,335.7,1344.6,64.0
2026-09-19 23:27:29,mfsweep_shard0,LRT_MMUR,55,4624.90,69,0,1,1813.1,4131.6,2318.5,2,2,62.4,0.7,593.1,277.5,1384.8,62.4
2026-09-19 23:27:29,mfsweep_shard0,LRT_MMUR,55,4624.90,70,0,1,1839.4,4410.2,2570.7,2,2,60.5,0.7,361.2,396.7,1751.6,60.5
2026-09-19 23:27:29,mfsweep_shard0,LRT_MMUR,55,4624.90,71,0,1,1865.7,2201.1,335.4,2,2,84.7,0.0,78.5,172.3,0.0,84.7
2026-09-19 23:27:29,mfsweep_shard0,LRT_MMUR,55,4624.90,72,0,1,1892.0,2434.6,542.6,2,2,82.5,0.0,151.2,170.7,138.3,82.5
2026-09-19 23:27:29,mfsweep_shard0,LRT_MMUR,55,4624.90,73,0,1,1918.3,2213.7,295.4,2,2,63.9,0.0,41.0,154.9,35.6,63.9
2026-09-19 23:27:29,mfsweep_shard0,LRT_MMUR,55,4624.90,74,0,1,1944.5,2388.5,443.9,2,2,75.2,0.0,94.7,243.2,30.8,75.2
2026-09-19 23:27:29,mfsweep_shard0,LRT_MMUR,55,4624.90,75,0,1,1970.8,3739.7,1768.9,2,2,66.6,0.6,509.3,331.5,843.4,84.2
2026-09-19 23:27:29,mfsweep_shard0,LRT_MMUR,55,4624.90,76,0,1,1997.1,2462.5,465.4,2,2,83.7,0.0,149.7,188.4,43.6,83.7
2026-09-19 23:27:29,mfsweep_shard0,LRT_MMUR,55,4624.90,77,0,1,2023.4,3121.8,1098.5,2,2,68.7,0.2,170.5,113.3,745.8,68.7
2026-09-19 23:27:29,mfsweep_shard0,LRT_MMUR,55,4624.90,78,0,1,2049.6,4223.6,2174.0,2,2,62.3,0.7,467.8,323.8,1319.5,62.3
2026-09-19 23:27:29,mfsweep_shard0,LRT_MMUR,55,4624.90,79,0,1,2075.9,4365.8,2289.9,2,2,61.7,0.6,392.3,444.1,1391.2,61.7
2026-09-19 23:27:29,mfsweep_shard0,LRT_MMUR,55,4624.90,80,0,1,2102.2,2752.5,650.3,2,2,72.1,0.0,139.2,193.6,245.4,72.1
2026-09-19 23:27:29,mfsweep_shard0,LRT_MMUR,55,4624.90,81,0,1,2128.5,4318.0,2189.5,2,2,62.2,0.6,553.1,358.7,1215.0,62.2
2026-09-19 23:27:29,mfsweep_shard0,LRT_MMUR,55,4624.90,82,0,1,2154.7,2645.1,490.3,2,2,72.8,0.0,94.0,206.9,116.6,72.8
2026-09-19 23:27:29,mfsweep_shard0,LRT_MMUR,55,4624.90,83,0,1,2181.0,2600.5,419.5,2,2,83.2,0.0,91.9,204.5,39.9,83.2
2026-09-19 23:27:29,mfsweep_shard0,LRT_MMUR,55,4624.90,84,0,1,2207.3,2676.0,468.7,2,2,66.7,0.0,90.0,199.5,112.4,66.7
2026-09-19 23:27:29,mfsweep_shard0,LRT_MMUR,55,4624.90,85,0,1,2233.6,2747.9,514.3,2,2,60.8,0.0,148.9,229.1,75.6,60.8
2026-09-19 23:27:29,mfsweep_shard0,LRT_MMUR,55,4624.90,86,0,1,2259.9,2614.3,354.4,2,2,86.5,0.0,74.9,185.4,7.7,86.5
2026-09-19 23:27:29,mfsweep_shard0,LRT_MMUR,55,4624.90,87,0,1,2286.1,2562.1,276.0,2,2,70.4,0.0,73.5,132.1,0.0,70.4
2026-09-19 23:27:29,mfsweep_shard0,LRT_MMUR,55,4624.90,88,0,1,2312.4,3106.4,794.0,2,2,56.5,0.0,55.9,128.9,552.6,56.5
2026-09-19 23:27:29,mfsweep_shard0,LRT_MMUR,55,4624.90,89,0,1,2338.7,2797.4,458.7,2,2,55.1,0.0,83.0,306.8,0.0,68.9
2026-09-19 23:27:29,mfsweep_shard0,LRT_MMUR,55,4624.90,90,0,1,2365.0,3079.5,714.5,2,2,57.2,0.0,71.4,156.0,429.9,57.2
2026-09-19 23:27:29,mfsweep_shard0,LRT_MMUR,55,4624.90,91,0,1,2391.2,3138.1,746.9,2,2,74.3,0.0,274.4,361.4,36.8,74.3
2026-09-19 23:27:29,mfsweep_shard0,LRT_MMUR,55,4624.90,92,0,1,2417.5,2757.8,340.2,2,2,79.7,0.0,100.6,136.9,23.1,79.7
2026-09-19 23:27:29,mfsweep_shard0,LRT_MMUR,55,4624.90,93,0,1,2443.8,2870.6,426.8,2,2,67.5,0.0,119.0,134.0,106.4,67.5
2026-09-19 23:27:29,mfsweep_shard0,LRT_MMUR,55,4624.90,94,0,1,2470.1,3202.4,732.3,2,2,55.6,0.0,153.9,112.9,409.8,55.6
2026-09-19 23:27:29,mfsweep_shard0,LRT_MMUR,55,4624.90,95,0,1,2496.4,3007.2,510.8,2,2,66.1,0.0,96.7,84.3,263.6,66.1
2026-09-19 23:27:29,mfsweep_shard0,LRT_MMUR,55,4624.90,96,0,1,2522.6,2889.3,366.7,2,2,86.4,0.0,164.6,104.8,10.8,86.4
2026-09-19 23:27:29,mfsweep_shard0,LRT_MMUR,55,4624.90,97,0,1,2548.9,3074.6,525.7,2,2,71.0,0.0,250.2,114.4,90.0,71.0
2026-09-19 23:27:29,mfsweep_shard0,LRT_MMUR,55,4624.90,98,0,1,2575.2,2952.4,377.2,2,2,85.6,0.0,86.9,83.8,120.9,85.6
2026-09-19 23:27:29,mfsweep_shard0,LRT_MMUR,55,4624.90,99,0,1,2601.5,2911.1,309.7,2,2,82.0,0.0,96.3,120.1,11.2,82.0
2026-09-19 23:27:29,mfsweep_shard0,LRT_MMUR,55,4624.90,100,0,1,2627.7,4624.9,1997.2,2,2,53.9,0.6,303.2,257.5,1381.9,53.9
2026-09-19 23:27:29,mfsweep_shard0,LRT_MMUR,55,4624.90,101,0,1,2654.0,3206.7,552.7,2,2,77.3,0.0,129.0,298.5,47.9,77.3
2026-09-19 23:27:29,mfsweep_shard0,LRT_MMUR,55,4624.90,102,0,1,2680.3,3087.2,406.9,2,2,76.0,0.0,56.0,274.8,0.0,76.0
2026-09-19 23:27:29,mfsweep_shard0,LRT_MMUR,55,4624.90,103,0,1,2706.6,3987.4,1280.8,2,2,71.3,0.4,492.7,358.6,357.8,71.3
2026-09-19 23:27:29,mfsweep_shard0,LRT_MMUR,55,4624.90,104,0,1,2732.9,4179.3,1446.4,2,2,62.4,0.4,380.0,357.3,646.3,62.4
2026-09-19 23:27:29,mfsweep_shard0,LRT_MMUR,55,4624.90,105,0,1,2759.1,3845.6,1086.5,2,2,74.7,0.5,345.0,368.8,280.5,91.7
2026-09-19 23:27:29,mfsweep_shard0,LRT_MMUR,55,4624.90,106,0,1,2785.4,4584.9,1799.5,2,2,57.2,0.5,290.8,301.2,1149.7,57.2
2026-09-19 23:27:29,mfsweep_shard0,LRT_MMUR,55,4624.90,107,0,1,2811.7,3681.2,869.5,2,2,67.9,0.6,233.5,384.9,182.6,67.9
2026-09-19 23:27:29,mfsweep_shard0,LRT_MMUR,55,4624.90,108,0,1,2838.0,4035.8,1197.8,2,2,68.5,0.6,433.8,225.7,469.3,68.5
2026-09-19 23:27:29,mfsweep_shard0,LRT_MMUR,55,4624.90,109,0,1,2864.2,3197.5,333.2,2,2,85.0,0.0,29.5,170.2,48.5,85.0
2026-09-19 23:27:29,mfsweep_shard0,LRT_MMUR,55,4624.90,110,0,1,2890.5,3252.3,361.8,2,2,82.4,0.0,32.7,170.3,76.3,82.4
2026-09-19 23:27:29,mfsweep_shard0,LRT_MMUR,55,4624.90,111,0,1,2916.8,4276.3,1359.5,2,2,62.2,0.6,322.6,244.1,729.9,62.2
2026-09-19 23:27:29,mfsweep_shard0,LRT_MMUR,55,4624.90,112,0,1,2943.1,3490.8,547.7,2,2,70.1,0.0,244.2,173.3,60.0,70.1
2026-09-19 23:27:29,mfsweep_shard0,LRT_MMUR,55,4624.90,113,0,1,2969.3,4455.7,1486.4,2,2,59.4,0.7,449.7,244.7,731.8,59.4
2026-09-19 23:27:29,mfsweep_shard0,LRT_MMUR,55,4624.90,114,0,1,2995.6,3944.3,948.7,2,2,83.7,0.7,484.7,299.8,64.4,99.1
2026-09-19 23:27:29,mfsweep_shard0,LRT_MMUR,55,4624.90,115,0,1,3021.9,3459.5,437.6,2,2,82.3,0.0,101.8,207.3,46.3,82.3
2026-09-19 23:27:29,mfsweep_shard0,LRT_MMUR,55,4624.90,116,0,1,3048.2,4090.2,1042.1,2,2,63.4,0.4,283.9,217.8,476.6,63.4
2026-09-19 23:27:29,mfsweep_shard0,LRT_MMUR,55,4624.90,117,0,1,3074.5,3690.6,616.2,2,2,74.6,0.0,225.2,316.3,0.0,74.6
2026-09-19 23:27:29,mfsweep_shard0,LRT_MMUR,55,4624.90,118,0,1,3100.7,3607.1,506.3,2,2,73.6,0.0,115.9,287.0,29.8,73.6
2026-09-19 23:27:29,mfsweep_shard0,LRT_MMUR,55,4624.90,119,0,1,3127.0,3615.9,488.9,2,2,58.6,0.0,154.9,266.2,9.2,58.6
2026-09-19 23:27:29,mfsweep_shard0,LRT_MMUR,55,4624.90,120,0,1,3153.3,3655.1,501.9,2,2,78.7,0.0,101.7,271.4,50.1,78.7
2026-09-19 23:27:29,mfsweep_shard0,LRT_MMUR,55,4624.90,121,0,1,3179.6,3822.5,642.9,2,2,71.3,0.4,347.8,191.2,32.1,71.3
2026-09-19 23:27:29,mfsweep_shard0,LRT_MMUR,55,4624.90,122,0,1,3205.8,3871.9,666.1,2,2,79.2,0.0,240.0,317.1,29.7,79.2
2026-09-19 23:27:29,mfsweep_shard0,LRT_MMUR,55,4624.90,123,0,1,3232.1,3771.8,539.7,2,2,71.0,0.0,205.2,263.4,0.0,71.0
2026-09-19 23:27:29,mfsweep_shard0,LRT_MMUR,55,4624.90,124,0,1,3258.4,4541.3,1282.9,2,2,53.6,0.0,432.4,216.6,580.3,53.6
2026-09-19 23:27:29,mfsweep_shard0,LRT_MMUR,55,4624.90,125,0,1,3284.7,4370.5,1085.8,2,2,64.2,0.1,426.3,236.1,359.0,64.2
2026-09-19 23:27:29,mfsweep_shard0,LRT_MMUR,55,4624.90,126,0,1,3311.0,3917.8,606.8,2,2,54.2,0.1,294.0,196.7,61.9,54.2
2026-09-19 23:27:29,mfsweep_shard0,LRT_MMUR,55,4624.90,127,0,1,3337.2,3966.2,628.9,2,2,84.2,0.1,326.6,205.0,13.1,84.2
2026-09-19 23:27:29,mfsweep_shard0,LRT_MMUR,55,4624.90,128,0,1,3363.5,4014.7,651.2,2,2,82.5,0.1,324.9,171.4,72.2,82.5
2026-09-19 23:27:29,mfsweep_shard0,LRT_MMUR,55,4624.90,129,0,1,3389.8,4264.4,874.6,2,2,81.0,0.1,357.8,292.5,143.2,81.0
2026-09-19 23:27:29,mfsweep_shard0,LRT_MMUR,55,4624.90,130,0,1,3416.1,4415.5,999.4,2,2,63.7,0.1,363.9,240.0,331.7,63.7
2026-09-19 23:27:29,mfsweep_shard0,LRT_MMUR,55,4624.90,131,0,1,3442.3,4497.3,1054.9,2,2,55.5,0.1,313.5,242.7,443.2,55.5
2026-09-19 23:27:29,mfsweep_shard0,LRT_MMUR,55,4624.90,132,0,1,3468.6,4198.1,729.5,2,2,82.5,0.1,352.0,205.5,53.5,118.4
2026-09-19 23:27:29,mfsweep_shard0,LRT_MMUR,55,4624.90,133,0,1,3494.9,4136.3,641.4,2,2,84.8,0.2,307.1,200.1,46.3,87.7
2026-09-19 23:27:29,mfsweep_shard0,LRT_MMUR,55,4624.90,134,0,1,3521.2,4460.5,939.3,2,2,56.4,0.2,250.9,244.0,387.8,56.4
2026-09-19 23:27:29,mfsweep_shard0,LRT_MMUR,55,4624.90,135,0,1,3547.5,4322.8,775.3,2,2,69.6,0.2,209.2,191.7,304.7,69.6
2026-09-19 23:27:29,mfsweep_shard0,LRT_MMUR,55,4624.90,136,0,1,3573.7,4076.8,503.0,2,2,55.8,0.2,242.8,186.1,18.1,55.8
2026-09-19 23:31:27,mfsweep_shard0,LRT_MMUR,56,4576.92,0,0,1,0.0,209.4,209.4,2,2,74.6,0.0,63.0,71.8,0.0,74.6
2026-09-19 23:31:27,mfsweep_shard0,LRT_MMUR,56,4576.92,1,0,1,26.3,270.0,243.7,2,2,54.4,0.0,81.3,72.0,36.0,54.4
2026-09-19 23:31:27,mfsweep_shard0,LRT_MMUR,56,4576.92,2,0,1,52.6,251.2,198.7,2,2,62.6,0.0,62.3,73.7,0.0,62.6
2026-09-19 23:31:27,mfsweep_shard0,LRT_MMUR,56,4576.92,3,0,1,78.8,298.0,219.2,2,2,60.9,0.0,64.6,82.6,11.1,60.9
2026-09-19 23:31:27,mfsweep_shard0,LRT_MMUR,56,4576.92,4,0,1,105.1,468.9,363.8,2,2,77.8,0.0,123.0,127.6,0.0,113.2
2026-09-19 23:31:27,mfsweep_shard0,LRT_MMUR,56,4576.92,5,0,1,131.4,493.4,362.0,2,2,75.9,0.0,133.9,129.0,23.2,75.9
2026-09-19 23:31:27,mfsweep_shard0,LRT_MMUR,56,4576.92,6,0,1,157.7,542.5,384.9,2,2,83.0,0.0,131.7,119.0,7.3,126.9
2026-09-19 23:31:27,mfsweep_shard0,LRT_MMUR,56,4576.92,7,0,1,183.9,704.8,520.9,2,2,56.4,0.1,121.1,79.9,263.5,56.4
2026-09-19 23:31:27,mfsweep_shard0,LRT_MMUR,56,4576.92,8,0,1,210.2,426.0,215.8,2,2,67.5,0.0,70.1,78.1,0.0,67.5
2026-09-19 23:31:27,mfsweep_shard0,LRT_MMUR,56,4576.92,9,0,1,236.5,737.1,500.6,2,2,54.5,0.0,91.5,69.2,285.3,54.5
2026-09-19 23:31:27,mfsweep_shard0,LRT_MMUR,56,4576.92,10,0,1,262.8,616.5,353.7,2,2,60.8,0.0,62.9,84.7,145.3,60.8
2026-09-19 23:31:27,mfsweep_shard0,LRT_MMUR,56,4576.92,11,0,1,289.1,561.5,272.5,2,2,70.2,0.0,53.4,80.8,68.0,70.2
2026-09-19 23:31:27,mfsweep_shard0,LRT_MMUR,56,4576.92,12,0,1,315.3,791.4,476.0,2,2,54.4,0.0,59.6,105.8,256.2,54.4
2026-09-19 23:31:27,mfsweep_shard0,LRT_MMUR,56,4576.92,13,0,1,341.6,648.2,306.6,2,2,60.1,0.0,45.2,96.7,104.6,60.1
2026-09-19 23:31:27,mfsweep_shard0,LRT_MMUR,56,4576.92,14,0,1,367.9,634.3,266.4,2,2,75.0,0.0,69.3,122.0,0.0,75.0
2026-09-19 23:31:27,mfsweep_shard0,LRT_MMUR,56,4576.92,15,0,1,394.2,875.7,481.5,2,2,71.5,0.0,53.2,124.9,231.8,71.5
2026-09-19 23:31:27,mfsweep_shard0,LRT_MMUR,56,4576.92,16,0,1,420.4,971.3,550.8,2,2,60.8,0.0,87.1,151.2,251.7,60.8
2026-09-19 23:31:27,mfsweep_shard0,LRT_MMUR,56,4576.92,17,0,1,446.7,835.6,388.9,2,2,73.0,0.0,96.7,62.9,156.2,73.0
2026-09-19 23:31:27,mfsweep_shard0,LRT_MMUR,56,4576.92,18,0,1,473.0,695.2,222.2,2,2,80.3,0.0,69.9,69.9,2.1,80.3
2026-09-19 23:31:27,mfsweep_shard0,LRT_MMUR,56,4576.92,19,0,1,499.3,1007.5,508.2,2,2,53.8,0.0,136.5,81.1,236.9,53.8
2026-09-19 23:31:27,mfsweep_shard0,LRT_MMUR,56,4576.92,20,0,1,525.6,772.4,246.8,2,2,80.1,0.0,73.5,79.6,13.6,80.1
2026-09-19 23:31:27,mfsweep_shard0,LRT_MMUR,56,4576.92,21,0,1,551.8,786.5,234.7,2,2,76.6,0.0,80.4,77.6,0.0,76.6
2026-09-19 23:31:27,mfsweep_shard0,LRT_MMUR,56,4576.92,22,0,1,578.1,844.5,266.4,2,2,64.8,0.0,85.4,76.0,40.2,64.8
2026-09-19 23:31:27,mfsweep_shard0,LRT_MMUR,56,4576.92,23,0,1,604.4,953.0,348.6,2,2,58.7,0.0,104.3,90.1,95.4,58.7
2026-09-19 23:31:27,mfsweep_shard0,LRT_MMUR,56,4576.92,24,0,1,630.7,1025.9,395.2,2,2,85.1,0.0,148.9,116.2,30.5,99.7
2026-09-19 23:31:27,mfsweep_shard0,LRT_MMUR,56,4576.92,25,0,1,656.9,880.4,223.5,2,2,64.7,0.0,79.8,78.7,0.3,64.7
2026-09-19 23:31:27,mfsweep_shard0,LRT_MMUR,56,4576.92,26,0,1,683.2,1137.9,454.6,2,2,56.6,0.0,85.8,95.3,216.9,56.6
2026-09-19 23:31:27,mfsweep_shard0,LRT_MMUR,56,4576.92,27,0,1,709.5,1128.4,418.9,2,2,56.7,0.0,97.4,152.6,112.2,56.7
2026-09-19 23:31:27,mfsweep_shard0,LRT_MMUR,56,4576.92,28,0,1,735.8,1260.6,524.8,2,2,81.5,0.0,132.0,228.8,80.3,83.7
2026-09-19 23:31:27,mfsweep_shard0,LRT_MMUR,56,4576.92,29,0,1,762.0,1119.4,357.3,2,2,73.5,0.0,58.4,185.3,40.1,73.5
2026-09-19 23:31:27,mfsweep_shard0,LRT_MMUR,56,4576.92,30,0,1,788.3,1076.4,288.0,2,2,80.2,0.0,95.3,101.8,10.8,80.2
2026-09-19 23:31:27,mfsweep_shard0,LRT_MMUR,56,4576.92,31,0,1,814.6,1067.1,252.5,2,2,77.6,0.0,87.4,87.4,0.0,77.6
2026-09-19 23:31:27,mfsweep_shard0,LRT_MMUR,56,4576.92,32,0,1,840.9,1439.6,598.7,2,2,71.2,0.0,141.3,91.1,295.1,71.2
2026-09-19 23:31:27,mfsweep_shard0,LRT_MMUR,56,4576.92,33,0,1,867.2,1206.8,339.6,2,2,85.7,0.0,103.6,87.1,63.2,85.7
2026-09-19 23:31:27,mfsweep_shard0,LRT_MMUR,56,4576.92,34,0,1,893.4,1486.5,593.1,2,2,66.0,0.0,53.7,113.4,359.9,66.0
2026-09-19 23:31:27,mfsweep_shard0,LRT_MMUR,56,4576.92,35,0,1,919.7,1390.2,470.5,2,2,71.8,0.0,72.8,118.0,207.9,71.8
2026-09-19 23:31:27,mfsweep_shard0,LRT_MMUR,56,4576.92,36,0,1,946.0,1332.1,386.1,2,2,80.9,0.0,118.1,108.7,78.2,80.9
2026-09-19 23:31:27,mfsweep_shard0,LRT_MMUR,56,4576.92,37,0,1,972.3,1434.8,462.5,2,2,74.0,0.0,71.4,223.2,94.0,74.0
2026-09-19 23:31:27,mfsweep_shard0,LRT_MMUR,56,4576.92,38,0,1,998.5,1282.4,283.9,2,2,82.0,0.0,123.9,78.0,0.0,82.0
2026-09-19 23:31:27,mfsweep_shard0,LRT_MMUR,56,4576.92,39,0,1,1024.8,1312.4,287.5,2,2,72.6,0.0,77.6,121.7,15.7,72.6
2026-09-19 23:31:27,mfsweep_shard0,LRT_MMUR,56,4576.92,40,0,1,1051.1,1380.7,329.6,2,2,76.8,0.0,110.9,97.5,44.4,76.8
2026-09-19 23:31:27,mfsweep_shard0,LRT_MMUR,56,4576.92,41,0,1,1077.4,1616.0,538.7,2,2,55.1,0.0,97.2,73.6,312.8,55.1
2026-09-19 23:31:27,mfsweep_shard0,LRT_MMUR,56,4576.92,42,0,1,1103.7,1542.8,439.1,2,2,61.1,0.0,95.4,103.5,179.2,61.1
2026-09-19 23:31:27,mfsweep_shard0,LRT_MMUR,56,4576.92,43,0,1,1129.9,1557.4,427.5,2,2,63.1,0.0,142.4,113.6,108.3,63.1
2026-09-19 23:31:27,mfsweep_shard0,LRT_MMUR,56,4576.92,44,0,1,1156.2,1575.4,419.2,2,2,56.2,0.0,65.8,126.2,171.0,56.2
2026-09-19 23:31:27,mfsweep_shard0,LRT_MMUR,56,4576.92,45,0,1,1182.5,1467.7,285.2,2,2,61.2,0.0,55.0,169.0,0.0,61.2
2026-09-19 23:31:27,mfsweep_shard0,LRT_MMUR,56,4576.92,46,0,1,1208.8,3674.9,2466.2,2,2,56.9,0.0,243.0,465.9,1700.3,56.9
2026-09-19 23:31:27,mfsweep_shard0,LRT_MMUR,56,4576.92,47,0,1,1235.0,1664.9,429.9,2,2,62.7,0.0,86.9,82.8,197.3,62.7
2026-09-19 23:31:27,mfsweep_shard0,LRT_MMUR,56,4576.92,48,0,1,1261.3,1507.6,246.3,2,2,74.5,0.0,76.7,72.4,22.7,74.5
2026-09-19 23:31:27,mfsweep_shard0,LRT_MMUR,56,4576.92,49,0,1,1287.6,1562.1,274.5,2,2,65.6,0.0,88.9,88.0,32.0,65.6
2026-09-19 23:31:27,mfsweep_shard0,LRT_MMUR,56,4576.92,50,0,1,1313.9,1620.8,306.9,2,2,65.8,0.0,105.7,89.1,46.4,65.8
2026-09-19 23:31:27,mfsweep_shard0,LRT_MMUR,56,4576.92,51,0,1,1340.2,3618.1,2278.0,2,2,60.5,0.1,277.4,466.8,1473.2,60.5
2026-09-19 23:31:27,mfsweep_shard0,LRT_MMUR,56,4576.92,52,0,1,1366.4,1735.0,368.5,2,2,62.4,0.0,148.0,116.4,41.8,62.4
2026-09-19 23:31:27,mfsweep_shard0,LRT_MMUR,56,4576.92,53,0,1,1392.7,1834.8,442.1,2,2,84.5,0.0,105.4,236.8,15.3,84.5
2026-09-19 23:31:27,mfsweep_shard0,LRT_MMUR,56,4576.92,54,0,1,1419.0,2235.4,816.4,2,2,74.9,0.1,190.7,232.6,318.0,74.9
2026-09-19 23:31:27,mfsweep_shard0,LRT_MMUR,56,4576.92,55,0,1,1445.3,2591.5,1146.2,2,2,73.6,0.1,285.7,301.1,452.4,106.9
2026-09-19 23:31:27,mfsweep_shard0,LRT_MMUR,56,4576.92,56,0,1,1471.5,2501.0,1029.5,2,2,59.2,0.2,294.5,304.6,371.0,59.2
2026-09-19 23:31:27,mfsweep_shard0,LRT_MMUR,56,4576.92,57,0,1,1497.8,2108.1,610.3,2,2,77.6,0.1,195.6,147.8,163.9,102.9
2026-09-19 23:31:27,mfsweep_shard0,LRT_MMUR,56,4576.92,58,0,1,1524.1,2613.9,1089.8,2,2,58.9,0.2,241.8,274.7,489.8,83.3
2026-09-19 23:31:27,mfsweep_shard0,LRT_MMUR,56,4576.92,59,0,1,1550.4,1875.0,324.6,2,2,66.1,0.0,170.1,88.5,0.0,66.1
2026-09-19 23:31:27,mfsweep_shard0,LRT_MMUR,56,4576.92,60,0,1,1576.6,1908.6,331.9,2,2,86.2,0.0,129.5,90.3,25.9,86.2
2026-09-19 23:31:27,mfsweep_shard0,LRT_MMUR,56,4576.92,61,0,1,1602.9,2252.3,649.4,2,2,74.7,0.0,129.2,109.3,336.3,74.7
2026-09-19 23:31:27,mfsweep_shard0,LRT_MMUR,56,4576.92,62,0,1,1629.2,3072.2,1443.0,2,2,71.9,0.2,408.0,375.1,544.8,115.0
2026-09-19 23:31:27,mfsweep_shard0,LRT_MMUR,56,4576.92,63,0,1,1655.5,2141.0,485.5,2,2,76.1,0.0,146.6,125.1,137.6,76.1
2026-09-19 23:31:27,mfsweep_shard0,LRT_MMUR,56,4576.92,64,0,1,1681.8,2018.7,336.9,2,2,81.4,0.0,101.5,116.3,37.8,81.4
2026-09-19 23:31:27,mfsweep_shard0,LRT_MMUR,56,4576.92,65,0,1,1708.0,1986.1,278.0,2,2,79.2,0.0,87.8,111.0,0.0,79.2
2026-09-19 23:31:27,mfsweep_shard0,LRT_MMUR,56,4576.92,66,0,1,1734.3,3450.7,1716.4,2,2,61.1,0.0,305.2,194.1,1156.0,61.1
2026-09-19 23:31:27,mfsweep_shard0,LRT_MMUR,56,4576.92,67,0,1,1760.6,2080.3,319.7,2,2,54.6,0.0,145.2,109.7,10.1,54.6
2026-09-19 23:31:27,mfsweep_shard0,LRT_MMUR,56,4576.92,68,0,1,1786.9,3260.4,1473.5,2,2,64.0,0.1,237.3,219.8,952.4,64.0
2026-09-19 23:31:27,mfsweep_shard0,LRT_MMUR,56,4576.92,69,0,1,1813.1,2177.9,364.8,2,2,62.4,0.0,124.9,140.4,37.1,62.4
2026-09-19 23:31:27,mfsweep_shard0,LRT_MMUR,56,4576.92,70,0,1,1839.4,3577.2,1737.8,2,2,60.5,0.1,296.2,222.9,1158.0,60.5
2026-09-19 23:31:27,mfsweep_shard0,LRT_MMUR,56,4576.92,71,0,1,1865.7,2529.8,664.1,2,2,84.7,0.1,180.9,277.3,62.8,143.1
2026-09-19 23:31:27,mfsweep_shard0,LRT_MMUR,56,4576.92,72,0,1,1892.0,2862.9,970.9,2,2,82.5,0.2,371.2,319.7,153.3,126.5
2026-09-19 23:31:27,mfsweep_shard0,LRT_MMUR,56,4576.92,73,0,1,1918.3,3349.3,1431.1,2,2,63.9,0.2,197.7,219.4,949.9,63.9
2026-09-19 23:31:27,mfsweep_shard0,LRT_MMUR,56,4576.92,74,0,1,1944.5,2477.4,532.8,2,2,75.2,0.0,134.6,266.8,56.2,75.2
2026-09-19 23:31:27,mfsweep_shard0,LRT_MMUR,56,4576.92,75,0,1,1970.8,3239.2,1268.4,2,2,66.6,0.1,167.2,226.0,808.4,66.6
2026-09-19 23:31:27,mfsweep_shard0,LRT_MMUR,56,4576.92,76,0,1,1997.1,2305.7,308.6,2,2,83.7,0.0,92.1,132.7,0.0,83.7
2026-09-19 23:31:27,mfsweep_shard0,LRT_MMUR,56,4576.92,77,0,1,2023.4,3159.9,1136.5,2,2,68.7,0.2,258.4,275.9,533.4,68.7
2026-09-19 23:31:27,mfsweep_shard0,LRT_MMUR,56,4576.92,78,0,1,2049.6,3403.3,1353.7,2,2,62.3,0.2,226.3,220.3,844.6,62.3
2026-09-19 23:31:27,mfsweep_shard0,LRT_MMUR,56,4576.92,79,0,1,2075.9,3469.3,1393.4,2,2,61.7,0.2,275.9,102.9,952.7,61.7
2026-09-19 23:31:27,mfsweep_shard0,LRT_MMUR,56,4576.92,80,0,1,2102.2,2457.5,355.3,2,2,72.1,0.0,96.4,169.4,17.4,72.1
2026-09-19 23:31:27,mfsweep_shard0,LRT_MMUR,56,4576.92,81,0,1,2128.5,2422.7,294.2,2,2,62.2,0.0,51.5,180.5,0.0,62.2
2026-09-19 23:31:27,mfsweep_shard0,LRT_MMUR,56,4576.92,82,0,1,2154.7,2665.9,511.2,2,2,72.8,0.2,231.3,191.3,15.5,72.8
2026-09-19 23:31:27,mfsweep_shard0,LRT_MMUR,56,4576.92,83,0,1,2181.0,2683.6,502.6,2,2,83.2,0.3,223.5,187.5,8.2,83.2
2026-09-19 23:31:27,mfsweep_shard0,LRT_MMUR,56,4576.92,84,0,1,2207.3,3173.9,966.6,2,2,66.7,0.1,106.0,290.3,503.5,66.7
2026-09-19 23:31:27,mfsweep_shard0,LRT_MMUR,56,4576.92,85,0,1,2233.6,3546.0,1312.4,2,2,60.8,0.1,186.1,293.3,772.1,60.8
2026-09-19 23:31:27,mfsweep_shard0,LRT_MMUR,56,4576.92,86,0,1,2259.9,2644.9,385.1,2,2,86.5,0.0,32.8,217.7,48.0,86.5
2026-09-19 23:31:27,mfsweep_shard0,LRT_MMUR,56,4576.92,87,0,1,2286.1,3086.3,800.2,2,2,70.4,0.0,106.9,250.9,372.0,70.4
2026-09-19 23:31:27,mfsweep_shard0,LRT_MMUR,56,4576.92,88,0,1,2312.4,3697.3,1384.9,2,2,56.5,0.0,172.3,205.4,950.6,56.5
2026-09-19 23:31:27,mfsweep_shard0,LRT_MMUR,56,4576.92,89,0,1,2338.7,3794.2,1455.5,2,2,55.1,0.0,174.9,178.1,1047.4,55.1
2026-09-19 23:31:27,mfsweep_shard0,LRT_MMUR,56,4576.92,90,0,1,2365.0,3641.5,1276.6,2,2,57.2,0.0,233.3,220.1,766.0,57.2
2026-09-19 23:31:27,mfsweep_shard0,LRT_MMUR,56,4576.92,91,0,1,2391.2,2889.8,498.6,2,2,74.3,0.0,47.3,280.8,96.2,74.3
2026-09-19 23:31:27,mfsweep_shard0,LRT_MMUR,56,4576.92,92,0,1,2417.5,2836.6,419.1,2,2,79.7,0.0,22.0,275.7,41.7,79.7
2026-09-19 23:31:27,mfsweep_shard0,LRT_MMUR,56,4576.92,93,0,1,2443.8,3109.3,665.5,2,2,67.5,0.0,40.1,244.1,313.7,67.5
2026-09-19 23:31:27,mfsweep_shard0,LRT_MMUR,56,4576.92,94,0,1,2470.1,3757.9,1287.8,2,2,55.6,0.0,81.7,207.3,943.1,55.6
2026-09-19 23:31:27,mfsweep_shard0,LRT_MMUR,56,4576.92,95,0,1,2496.4,2989.7,493.3,2,2,66.1,0.0,36.0,391.2,0.0,66.1
2026-09-19 23:31:27,mfsweep_shard0,LRT_MMUR,56,4576.92,96,0,1,2522.6,3118.7,596.0,2,2,86.4,0.0,87.6,388.6,33.4,86.4
2026-09-19 23:31:27,mfsweep_shard0,LRT_MMUR,56,4576.92,97,0,1,2548.9,2845.2,296.3,2,2,71.0,0.0,21.5,203.7,0.0,71.0
2026-09-19 23:31:27,mfsweep_shard0,LRT_MMUR,56,4576.92,98,0,1,2575.2,3127.8,552.6,2,2,85.6,0.0,167.9,199.6,99.5,85.6
2026-09-19 23:31:27,mfsweep_shard0,LRT_MMUR,56,4576.92,99,0,1,2601.5,2894.6,293.1,2,2,82.0,0.0,21.8,138.5,50.8,82.0
2026-09-19 23:31:27,mfsweep_shard0,LRT_MMUR,56,4576.92,100,0,1,2627.7,4537.8,1910.1,2,2,53.9,0.0,300.9,270.7,1284.5,53.9
2026-09-19 23:31:27,mfsweep_shard0,LRT_MMUR,56,4576.92,101,0,1,2654.0,3211.5,557.4,2,2,77.3,0.0,104.1,291.4,84.5,77.3
2026-09-19 23:31:27,mfsweep_shard0,LRT_MMUR,56,4576.92,102,0,1,2680.3,3269.1,588.8,2,2,76.0,0.0,75.9,190.5,246.3,76.0
2026-09-19 23:31:27,mfsweep_shard0,LRT_MMUR,56,4576.92,103,0,1,2706.6,3459.9,753.3,2,2,71.3,0.0,138.7,253.9,289.4,71.3
2026-09-19 23:31:27,mfsweep_shard0,LRT_MMUR,56,4576.92,104,0,1,2732.9,4160.3,1427.5,2,2,62.4,0.1,171.6,304.5,870.0,81.3
2026-09-19 23:31:27,mfsweep_shard0,LRT_MMUR,56,4576.92,105,0,1,2759.1,3398.5,639.4,2,2,74.7,0.0,71.2,182.7,310.8,74.7
2026-09-19 23:31:27,mfsweep_shard0,LRT_MMUR,56,4576.92,106,0,1,2785.4,4337.7,1552.3,2,2,57.2,0.1,131.1,260.1,1103.9,57.2
2026-09-19 23:31:27,mfsweep_shard0,LRT_MMUR,56,4576.92,107,0,1,2811.7,3830.7,1019.1,2,2,67.9,0.1,143.3,191.5,616.2,67.9
2026-09-19 23:31:27,mfsweep_shard0,LRT_MMUR,56,4576.92,108,0,1,2838.0,3776.4,938.4,2,2,68.5,0.1,144.3,214.1,474.1,105.8
2026-09-19 23:31:27,mfsweep_shard0,LRT_MMUR,56,4576.92,109,0,1,2864.2,3319.1,454.8,2,2,85.0,0.0,154.4,213.6,1.7,85.0
2026-09-19 23:31:27,mfsweep_shard0,LRT_MMUR,56,4576.92,110,0,1,2890.5,3234.8,344.2,2,2,82.4,0.0,52.3,164.1,45.3,82.4
2026-09-19 23:31:27,mfsweep_shard0,LRT_MMUR,56,4576.92,111,0,1,2916.8,4207.0,1290.2,2,2,62.2,0.1,103.8,210.7,913.4,62.2
2026-09-19 23:31:27,mfsweep_shard0,LRT_MMUR,56,4576.92,112,0,1,2943.1,3183.5,240.4,2,2,70.1,0.0,62.9,107.4,0.0,70.1
2026-09-19 23:31:27,mfsweep_shard0,LRT_MMUR,56,4576.92,113,0,1,2969.3,4252.0,1282.6,2,2,59.4,0.1,127.8,138.8,956.5,59.4
2026-09-19 23:31:27,mfsweep_shard0,LRT_MMUR,56,4576.92,114,0,1,2995.6,3306.0,310.4,2,2,83.7,0.0,52.7,121.1,52.9,83.7
2026-09-19 23:31:27,mfsweep_shard0,LRT_MMUR,56,4576.92,115,0,1,3021.9,3380.7,358.8,2,2,82.3,0.0,69.2,126.9,80.3,82.3
2026-09-19 23:31:27,mfsweep_shard0,LRT_MMUR,56,4576.92,116,0,1,3048.2,3924.2,876.0,2,2,63.4,0.0,119.0,178.6,515.0,63.4
2026-09-19 23:31:27,mfsweep_shard0,LRT_MMUR,56,4576.92,117,0,1,3074.5,3539.1,464.7,2,2,74.6,0.0,86.0,153.6,150.4,74.6
2026-09-19 23:31:27,mfsweep_shard0,LRT_MMUR,56,4576.92,118,0,1,3100.7,3613.8,513.0,2,2,73.6,0.0,54.2,193.7,191.5,73.6
2026-09-19 23:31:27,mfsweep_shard0,LRT_MMUR,56,4576.92,119,0,1,3127.0,4294.9,1167.9,2,2,58.6,0.1,191.1,133.2,784.9,58.6
2026-09-19 23:31:27,mfsweep_shard0,LRT_MMUR,56,4576.92,120,0,1,3153.3,3455.4,302.1,2,2,78.7,0.0,101.2,87.4,34.8,78.7
2026-09-19 23:31:27,mfsweep_shard0,LRT_MMUR,56,4576.92,121,0,1,3179.6,3719.3,539.7,2,2,71.3,0.0,141.0,127.7,199.6,71.3
2026-09-19 23:31:27,mfsweep_shard0,LRT_MMUR,56,4576.92,122,0,1,3205.8,3572.7,366.9,2,2,79.2,0.0,125.8,161.3,0.5,79.2
2026-09-19 23:31:27,mfsweep_shard0,LRT_MMUR,56,4576.92,123,0,1,3232.1,3767.3,535.2,2,2,71.0,0.0,165.1,92.4,206.7,71.0
2026-09-19 23:31:27,mfsweep_shard0,LRT_MMUR,56,4576.92,124,0,1,3258.4,4576.9,1318.5,2,2,53.6,0.1,121.8,118.3,1024.7,53.6
2026-09-19 23:31:27,mfsweep_shard0,LRT_MMUR,56,4576.92,125,0,1,3284.7,3875.1,590.4,2,2,64.2,0.0,131.3,118.4,276.5,64.2
2026-09-19 23:31:27,mfsweep_shard0,LRT_MMUR,56,4576.92,126,0,1,3311.0,4499.5,1188.5,2,2,54.2,0.2,196.6,142.3,795.3,54.2
2026-09-19 23:31:27,mfsweep_shard0,LRT_MMUR,56,4576.92,127,0,1,3337.2,3785.6,448.3,2,2,84.2,0.0,224.6,139.5,0.0,84.2
2026-09-19 23:31:27,mfsweep_shard0,LRT_MMUR,56,4576.92,128,0,1,3363.5,3821.5,458.0,2,2,82.5,0.0,82.5,228.8,64.1,82.5
2026-09-19 23:31:27,mfsweep_shard0,LRT_MMUR,56,4576.92,129,0,1,3389.8,4019.3,629.5,2,2,81.0,0.0,90.9,224.9,232.7,81.0
2026-09-19 23:31:27,mfsweep_shard0,LRT_MMUR,56,4576.92,130,0,1,3416.1,4112.4,696.3,2,2,63.7,0.0,40.8,259.2,332.6,63.7
2026-09-19 23:31:27,mfsweep_shard0,LRT_MMUR,56,4576.92,131,0,1,3442.3,4459.7,1017.4,2,2,55.5,0.0,65.9,202.8,693.2,55.5
2026-09-19 23:31:27,mfsweep_shard0,LRT_MMUR,56,4576.92,132,0,1,3468.6,3944.5,475.9,2,2,82.5,0.0,126.2,166.4,100.8,82.5
2026-09-19 23:31:27,mfsweep_shard0,LRT_MMUR,56,4576.92,133,0,1,3494.9,3879.7,384.8,2,2,84.8,0.0,94.2,183.6,22.1,84.8
2026-09-19 23:31:27,mfsweep_shard0,LRT_MMUR,56,4576.92,134,0,1,3521.2,4378.5,857.3,2,2,56.4,0.0,49.3,154.4,597.2,56.4
2026-09-19 23:31:27,mfsweep_shard0,LRT_MMUR,56,4576.92,135,0,1,3547.5,4065.1,517.7,2,2,69.6,0.0,50.8,168.7,228.6,69.6
2026-09-19 23:31:27,mfsweep_shard0,LRT_MMUR,56,4576.92,136,0,1,3573.7,4419.9,846.2,2,2,55.8,0.0,124.1,134.4,519.2,68.4
2026-09-19 23:36:27,mfsweep_shard0,LRT_MMUR,57,5974.18,0,0,1,0.0,328.1,328.1,2,2,74.6,0.0,105.2,117.0,3.2,102.7
2026-09-19 23:36:27,mfsweep_shard0,LRT_MMUR,57,5974.18,1,0,1,26.3,1148.9,1122.6,2,2,54.4,0.1,226.6,203.7,637.8,54.4
2026-09-19 23:36:27,mfsweep_shard0,LRT_MMUR,57,5974.18,2,0,1,52.6,258.3,205.8,2,2,62.6,0.0,70.3,72.9,0.0,62.6
2026-09-19 23:36:27,mfsweep_shard0,LRT_MMUR,57,5974.18,3,0,1,78.8,841.6,762.8,2,2,60.9,0.1,235.7,186.9,217.0,123.1
2026-09-19 23:36:27,mfsweep_shard0,LRT_MMUR,57,5974.18,4,0,1,105.1,365.8,260.7,2,2,77.8,0.0,54.3,128.5,0.0,77.8
2026-09-19 23:36:27,mfsweep_shard0,LRT_MMUR,57,5974.18,5,0,1,131.4,450.8,319.4,2,2,75.9,0.0,67.6,134.0,41.9,75.9
2026-09-19 23:36:27,mfsweep_shard0,LRT_MMUR,57,5974.18,6,0,1,157.7,472.8,315.2,2,2,83.0,0.0,69.9,162.2,0.0,83.0
2026-09-19 23:36:27,mfsweep_shard0,LRT_MMUR,57,5974.18,7,0,1,183.9,1010.3,826.4,2,2,56.4,0.1,227.8,176.2,365.9,56.4
2026-09-19 23:36:27,mfsweep_shard0,LRT_MMUR,57,5974.18,8,0,1,210.2,531.2,321.0,2,2,67.5,0.0,100.3,94.3,58.9,67.5
2026-09-19 23:36:27,mfsweep_shard0,LRT_MMUR,57,5974.18,9,0,1,236.5,992.3,755.8,2,2,54.5,0.1,186.6,162.6,352.0,54.5
2026-09-19 23:36:27,mfsweep_shard0,LRT_MMUR,57,5974.18,10,0,1,262.8,615.2,352.4,2,2,60.8,0.1,94.8,137.4,59.3,60.8
2026-09-19 23:36:27,mfsweep_shard0,LRT_MMUR,57,5974.18,11,0,1,289.1,787.4,498.3,2,2,70.2,0.0,173.8,94.0,154.2,76.4
2026-09-19 23:36:27,mfsweep_shard0,LRT_MMUR,57,5974.18,12,0,1,315.3,1114.4,799.0,2,2,54.4,0.1,332.6,114.0,297.9,54.4
2026-09-19 23:36:27,mfsweep_shard0,LRT_MMUR,57,5974.18,13,0,1,341.6,933.4,591.8,2,2,60.1,0.0,134.2,127.5,270.1,60.1
2026-09-19 23:36:27,mfsweep_shard0,LRT_MMUR,57,5974.18,14,0,1,367.9,697.0,329.2,2,2,75.0,0.0,104.5,117.8,31.8,75.0
2026-09-19 23:36:27,mfsweep_shard0,LRT_MMUR,57,5974.18,15,0,1,394.2,747.6,353.4,2,2,71.5,0.0,80.2,104.8,96.8,71.5
2026-09-19 23:36:27,mfsweep_shard0,LRT_MMUR,57,5974.18,16,0,1,420.4,846.4,426.0,2,2,60.8,0.0,93.2,114.2,157.7,60.8
2026-09-19 23:36:27,mfsweep_shard0,LRT_MMUR,57,5974.18,17,0,1,446.7,774.2,327.5,2,2,73.0,0.0,138.9,115.6,0.0,73.0
2026-09-19 23:36:27,mfsweep_shard0,LRT_MMUR,57,5974.18,18,0,1,473.0,947.6,474.6,2,2,80.3,0.0,200.1,194.2,0.0,80.3
2026-09-19 23:36:27,mfsweep_shard0,LRT_MMUR,57,5974.18,19,0,1,499.3,5935.1,5435.8,2,2,53.8,0.0,491.2,509.5,4381.3,53.8
2026-09-19 23:36:27,mfsweep_shard0,LRT_MMUR,57,5974.18,20,0,1,525.6,938.0,412.4,2,2,80.1,0.0,112.1,204.3,15.8,80.1
2026-09-19 23:36:27,mfsweep_shard0,LRT_MMUR,57,5974.18,21,0,1,551.8,1172.5,620.6,2,2,76.6,0.0,204.6,301.1,38.3,76.6
2026-09-19 23:36:27,mfsweep_shard0,LRT_MMUR,57,5974.18,22,0,1,578.1,1020.7,442.6,2,2,64.8,0.0,94.4,210.1,73.2,64.8
2026-09-19 23:36:27,mfsweep_shard0,LRT_MMUR,57,5974.18,23,0,1,604.4,1153.3,549.0,2,2,58.7,0.1,113.8,263.3,98.8,73.0
2026-09-19 23:36:27,mfsweep_shard0,LRT_MMUR,57,5974.18,24,0,1,630.7,1258.1,627.4,2,2,85.1,0.1,247.5,240.0,54.7,85.1
2026-09-19 23:36:27,mfsweep_shard0,LRT_MMUR,57,5974.18,25,0,1,656.9,4795.8,4138.8,2,2,64.7,0.2,569.4,429.8,3074.8,64.7
2026-09-19 23:36:27,mfsweep_shard0,LRT_MMUR,57,5974.18,26,0,1,683.2,5534.8,4851.6,2,2,56.6,0.3,598.8,361.8,3834.1,56.6
2026-09-19 23:36:27,mfsweep_shard0,LRT_MMUR,57,5974.18,27,0,1,709.5,942.8,233.3,2,2,56.7,0.0,98.3,78.3,0.0,56.7
2026-09-19 23:36:27,mfsweep_shard0,LRT_MMUR,57,5974.18,28,0,1,735.8,1398.7,662.9,2,2,81.5,0.2,247.8,162.6,87.0,165.4
2026-09-19 23:36:27,mfsweep_shard0,LRT_MMUR,57,5974.18,29,0,1,762.0,1781.7,1019.7,2,2,73.5,0.2,171.5,116.0,658.6,73.5
2026-09-19 23:36:27,mfsweep_shard0,LRT_MMUR,57,5974.18,30,0,1,788.3,1057.2,268.9,2,2,80.2,0.0,68.2,85.9,34.6,80.2
2026-09-19 23:36:27,mfsweep_shard0,LRT_MMUR,57,5974.18,31,0,1,814.6,1563.8,749.2,2,2,77.6,0.0,177.8,312.8,178.3,80.4
2026-09-19 23:36:27,mfsweep_shard0,LRT_MMUR,57,5974.18,32,0,1,840.9,1952.7,1111.8,2,2,71.2,0.1,256.6,199.1,584.8,71.2
2026-09-19 23:36:27,mfsweep_shard0,LRT_MMUR,57,5974.18,33,0,1,867.2,1318.4,451.2,2,2,85.7,0.0,112.2,197.2,56.2,85.7
2026-09-19 23:36:27,mfsweep_shard0,LRT_MMUR,57,5974.18,34,0,1,893.4,4433.6,3540.2,2,2,66.0,0.3,407.9,531.3,2534.6,66.0
2026-09-19 23:36:27,mfsweep_shard0,LRT_MMUR,57,5974.18,35,0,1,919.7,2637.8,1718.1,2,2,71.8,0.1,238.3,214.2,1144.6,120.8
2026-09-19 23:36:27,mfsweep_shard0,LRT_MMUR,57,5974.18,36,0,1,946.0,1488.2,542.2,2,2,80.9,0.0,147.0,99.1,215.2,80.9
2026-09-19 23:36:27,mfsweep_shard0,LRT_MMUR,57,5974.18,37,0,1,972.3,1680.2,707.9,2,2,74.0,0.0,134.8,181.2,317.9,74.0
2026-09-19 23:36:27,mfsweep_shard0,LRT_MMUR,57,5974.18,38,0,1,998.5,1454.5,456.0,2,2,82.0,0.0,163.3,181.2,29.4,82.0
2026-09-19 23:36:27,mfsweep_shard0,LRT_MMUR,57,5974.18,39,0,1,1024.8,1879.1,854.3,2,2,72.6,0.0,69.9,266.3,445.5,72.6
2026-09-19 23:36:27,mfsweep_shard0,LRT_MMUR,57,5974.18,40,0,1,1051.1,1627.9,576.8,2,2,76.8,0.0,71.6,192.2,236.2,76.8
2026-09-19 23:36:27,mfsweep_shard0,LRT_MMUR,57,5974.18,41,0,1,1077.4,5778.7,4701.3,2,2,55.1,0.5,414.4,463.1,3768.3,55.1
2026-09-19 23:36:27,mfsweep_shard0,LRT_MMUR,57,5974.18,42,0,1,1103.7,5273.2,4169.6,2,2,61.1,0.6,499.7,524.2,3084.0,61.1
2026-09-19 23:36:27,mfsweep_shard0,LRT_MMUR,57,5974.18,43,0,1,1129.9,5039.9,3909.9,2,2,63.1,0.7,583.0,506.8,2756.4,63.1
2026-09-19 23:36:27,mfsweep_shard0,LRT_MMUR,57,5974.18,44,0,1,1156.2,5617.5,4461.3,2,2,56.2,0.8,828.6,537.3,3038.5,56.2
2026-09-19 23:36:27,mfsweep_shard0,LRT_MMUR,57,5974.18,45,0,1,1182.5,1510.6,328.1,2,2,61.2,0.0,115.4,151.5,0.0,61.2
2026-09-19 23:36:27,mfsweep_shard0,LRT_MMUR,57,5974.18,46,0,1,1208.8,2343.1,1134.3,2,2,56.9,0.0,122.3,169.7,785.5,56.9
2026-09-19 23:36:27,mfsweep_shard0,LRT_MMUR,57,5974.18,47,0,1,1235.0,1684.9,449.9,2,2,62.7,0.0,100.1,161.9,125.2,62.7
2026-09-19 23:36:27,mfsweep_shard0,LRT_MMUR,57,5974.18,48,0,1,1261.3,1559.2,297.8,2,2,74.5,0.0,94.5,96.3,32.4,74.5
2026-09-19 23:36:27,mfsweep_shard0,LRT_MMUR,57,5974.18,49,0,1,1287.6,1663.0,375.4,2,2,65.6,0.0,81.4,214.2,14.1,65.6
2026-09-19 23:36:27,mfsweep_shard0,LRT_MMUR,57,5974.18,50,0,1,1313.9,1776.8,462.9,2,2,65.8,0.0,94.4,245.9,56.8,65.8
2026-09-19 23:36:27,mfsweep_shard0,LRT_MMUR,57,5974.18,51,0,1,1340.2,2215.6,875.4,2,2,60.5,0.0,80.1,191.1,543.7,60.5
2026-09-19 23:36:27,mfsweep_shard0,LRT_MMUR,57,5974.18,52,0,1,1366.4,2110.9,744.4,2,2,62.4,0.0,33.2,209.6,439.2,62.4
2026-09-19 23:36:27,mfsweep_shard0,LRT_MMUR,57,5974.18,53,0,1,1392.7,1827.2,434.5,2,2,84.5,0.0,110.3,190.4,49.3,84.5
2026-09-19 23:36:27,mfsweep_shard0,LRT_MMUR,57,5974.18,54,0,1,1419.0,2016.5,597.5,2,2,74.9,0.0,221.7,184.0,116.9,74.9
2026-09-19 23:36:27,mfsweep_shard0,LRT_MMUR,57,5974.18,55,0,1,1445.3,2089.1,643.8,2,2,73.6,0.0,195.3,152.8,222.1,73.6
2026-09-19 23:36:27,mfsweep_shard0,LRT_MMUR,57,5974.18,56,0,1,1471.5,2357.2,885.6,2,2,59.2,0.0,304.7,167.1,354.6,59.2
2026-09-19 23:36:27,mfsweep_shard0,LRT_MMUR,57,5974.18,57,0,1,1497.8,1865.8,368.0,2,2,77.6,0.0,127.3,117.4,45.7,77.6
2026-09-19 23:36:27,mfsweep_shard0,LRT_MMUR,57,5974.18,58,0,1,1524.1,2282.6,758.5,2,2,58.9,0.0,125.8,122.3,451.4,58.9
2026-09-19 23:36:27,mfsweep_shard0,LRT_MMUR,57,5974.18,59,0,1,1550.4,2166.1,615.7,2,2,66.1,0.0,187.0,121.8,240.8,66.1
2026-09-19 23:36:27,mfsweep_shard0,LRT_MMUR,57,5974.18,60,0,1,1576.6,2039.3,462.6,2,2,86.2,0.0,198.0,158.0,20.4,86.2
2026-09-19 23:36:27,mfsweep_shard0,LRT_MMUR,57,5974.18,61,0,1,1602.9,2001.4,398.5,2,2,74.7,0.0,126.8,178.8,18.2,74.7
2026-09-19 23:36:27,mfsweep_shard0,LRT_MMUR,57,5974.18,62,0,1,1629.2,2576.7,947.5,2,2,71.9,0.0,136.9,129.5,609.1,71.9
2026-09-19 23:36:27,mfsweep_shard0,LRT_MMUR,57,5974.18,63,0,1,1655.5,2418.7,763.2,2,2,76.1,0.0,147.8,165.9,373.4,76.1
2026-09-19 23:36:27,mfsweep_shard0,LRT_MMUR,57,5974.18,64,0,1,1681.8,2149.2,467.4,2,2,81.4,0.0,222.0,153.5,10.6,81.4
2026-09-19 23:36:27,mfsweep_shard0,LRT_MMUR,57,5974.18,65,0,1,1708.0,2093.8,385.8,2,2,79.2,0.0,118.3,132.3,55.9,79.2
2026-09-19 23:36:27,mfsweep_shard0,LRT_MMUR,57,5974.18,66,0,1,1734.3,5227.8,3493.5,2,2,61.1,0.7,504.6,393.8,2533.3,61.1
2026-09-19 23:36:27,mfsweep_shard0,LRT_MMUR,57,5974.18,67,0,1,1760.6,5818.8,4058.3,2,2,54.6,0.8,520.6,295.3,3187.0,54.6
2026-09-19 23:36:27,mfsweep_shard0,LRT_MMUR,57,5974.18,68,0,1,1786.9,4893.9,3107.1,2,2,64.0,0.8,529.0,366.6,2146.7,64.0
2026-09-19 23:36:27,mfsweep_shard0,LRT_MMUR,57,5974.18,69,0,1,1813.1,5086.7,3273.5,2,2,62.4,0.9,660.3,379.3,2170.6,62.4
2026-09-19 23:36:27,mfsweep_shard0,LRT_MMUR,57,5974.18,70,0,1,1839.4,5364.5,3525.1,2,2,60.5,1.0,894.3,517.6,2051.7,60.5
2026-09-19 23:36:27,mfsweep_shard0,LRT_MMUR,57,5974.18,71,0,1,1865.7,2211.0,345.3,2,2,84.7,0.0,80.7,143.6,36.4,84.7
2026-09-19 23:36:27,mfsweep_shard0,LRT_MMUR,57,5974.18,72,0,1,1892.0,2268.4,376.5,2,2,82.5,0.0,118.1,160.5,15.4,82.5
2026-09-19 23:36:27,mfsweep_shard0,LRT_MMUR,57,5974.18,73,0,1,1918.3,4943.4,3025.2,2,2,63.9,1.1,622.2,382.3,1955.7,63.9
2026-09-19 23:36:27,mfsweep_shard0,LRT_MMUR,57,5974.18,74,0,1,1944.5,2516.4,571.9,2,2,75.2,0.0,168.6,144.1,184.0,75.2
2026-09-19 23:36:27,mfsweep_shard0,LRT_MMUR,57,5974.18,75,0,1,1970.8,4380.5,2409.7,2,2,66.6,1.2,639.9,475.4,1192.7,100.6
2026-09-19 23:36:27,mfsweep_shard0,LRT_MMUR,57,5974.18,76,0,1,1997.1,2347.9,350.8,2,2,83.7,0.0,123.7,117.6,25.8,83.7
2026-09-19 23:36:27,mfsweep_shard0,LRT_MMUR,57,5974.18,77,0,1,2023.4,2694.1,670.8,2,2,68.7,0.0,116.5,145.6,339.9,68.7
2026-09-19 23:36:27,mfsweep_shard0,LRT_MMUR,57,5974.18,78,0,1,2049.6,5134.5,3084.9,2,2,62.3,1.2,1010.5,452.1,1538.9,82.1
2026-09-19 23:36:27,mfsweep_shard0,LRT_MMUR,57,5974.18,79,0,1,2075.9,2398.0,322.1,2,2,61.7,0.0,128.9,131.4,0.0,61.7
2026-09-19 23:36:27,mfsweep_shard0,LRT_MMUR,57,5974.18,80,0,1,2102.2,2534.8,432.6,2,2,72.1,0.0,221.2,114.7,24.6,72.1
2026-09-19 23:36:27,mfsweep_shard0,LRT_MMUR,57,5974.18,81,0,1,2128.5,5181.1,3052.6,2,2,62.2,1.3,840.5,430.0,1718.6,62.2
2026-09-19 23:36:27,mfsweep_shard0,LRT_MMUR,57,5974.18,82,0,1,2154.7,2581.1,426.3,2,2,72.8,0.0,91.5,261.9,0.0,72.8
2026-09-19 23:36:27,mfsweep_shard0,LRT_MMUR,57,5974.18,83,0,1,2181.0,2642.2,461.2,2,2,83.2,0.0,103.3,239.8,34.9,83.2
2026-09-19 23:36:27,mfsweep_shard0,LRT_MMUR,57,5974.18,84,0,1,2207.3,4411.2,2203.9,2,2,66.7,1.1,466.2,495.6,1174.3,66.7
2026-09-19 23:36:27,mfsweep_shard0,LRT_MMUR,57,5974.18,85,0,1,2233.6,5319.6,3086.0,2,2,60.8,1.1,634.5,399.8,1989.7,60.8
2026-09-19 23:36:27,mfsweep_shard0,LRT_MMUR,57,5974.18,86,0,1,2259.9,2831.0,571.2,2,2,86.5,0.0,216.3,246.6,21.8,86.5
2026-09-19 23:36:27,mfsweep_shard0,LRT_MMUR,57,5974.18,87,0,1,2286.1,3871.1,1585.0,2,2,70.4,0.4,405.8,387.8,671.6,119.3
2026-09-19 23:36:27,mfsweep_shard0,LRT_MMUR,57,5974.18,88,0,1,2312.4,5576.9,3264.5,2,2,56.5,1.2,578.6,444.1,2184.1,56.5
2026-09-19 23:36:27,mfsweep_shard0,LRT_MMUR,57,5974.18,89,0,1,2338.7,5739.2,3400.5,2,2,55.1,1.2,699.8,291.0,2353.4,55.1
2026-09-19 23:36:27,mfsweep_shard0,LRT_MMUR,57,5974.18,90,0,1,2365.0,5493.8,3128.9,2,2,57.2,1.3,582.4,250.2,2237.8,57.2
2026-09-19 23:36:27,mfsweep_shard0,LRT_MMUR,57,5974.18,91,0,1,2391.2,2797.2,405.9,2,2,74.3,0.0,71.3,96.0,164.4,74.3
2026-09-19 23:36:27,mfsweep_shard0,LRT_MMUR,57,5974.18,92,0,1,2417.5,2787.8,370.2,2,2,79.7,0.0,100.0,102.2,88.4,79.7
2026-09-19 23:36:27,mfsweep_shard0,LRT_MMUR,57,5974.18,93,0,1,2443.8,3674.7,1230.9,2,2,67.5,0.5,223.3,278.2,661.4,67.5
2026-09-19 23:36:27,mfsweep_shard0,LRT_MMUR,57,5974.18,94,0,1,2470.1,5658.7,3188.6,2,2,55.6,1.4,744.9,316.1,2070.5,55.6
2026-09-19 23:36:27,mfsweep_shard0,LRT_MMUR,57,5974.18,95,0,1,2496.4,4492.7,1996.3,2,2,66.1,1.4,793.7,549.4,585.6,66.1
2026-09-19 23:36:27,mfsweep_shard0,LRT_MMUR,57,5974.18,96,0,1,2522.6,2869.4,346.8,2,2,86.4,0.0,108.3,103.7,48.3,86.4
2026-09-19 23:36:27,mfsweep_shard0,LRT_MMUR,57,5974.18,97,0,1,2548.9,3085.5,536.6,2,2,71.0,0.0,99.1,121.7,244.7,71.0
2026-09-19 23:36:27,mfsweep_shard0,LRT_MMUR,57,5974.18,98,0,1,2575.2,3145.9,570.7,2,2,85.6,0.0,234.1,166.7,84.3,85.6
2026-09-19 23:36:27,mfsweep_shard0,LRT_MMUR,57,5974.18,99,0,1,2601.5,3076.2,474.8,2,2,82.0,0.0,228.7,150.6,13.6,82.0
2026-09-19 23:36:27,mfsweep_shard0,LRT_MMUR,57,5974.18,100,0,1,2627.7,5896.9,3269.2,2,2,53.9,1.5,731.7,390.4,2091.6,53.9
2026-09-19 23:36:27,mfsweep_shard0,LRT_MMUR,57,5974.18,101,0,1,2654.0,3196.0,542.0,2,2,77.3,0.0,189.4,196.4,52.0,104.1
2026-09-19 23:36:27,mfsweep_shard0,LRT_MMUR,57,5974.18,102,0,1,2680.3,3222.8,542.5,2,2,76.0,0.0,219.2,164.3,82.9,76.0
2026-09-19 23:36:27,mfsweep_shard0,LRT_MMUR,57,5974.18,103,0,1,2706.6,3122.8,416.2,2,2,71.3,0.0,140.8,183.6,20.6,71.3
2026-09-19 23:36:27,mfsweep_shard0,LRT_MMUR,57,5974.18,104,0,1,2732.9,3561.2,828.3,2,2,62.4,0.0,250.9,224.2,290.9,62.4
2026-09-19 23:36:27,mfsweep_shard0,LRT_MMUR,57,5974.18,105,0,1,2759.1,3186.8,427.6,2,2,74.7,0.0,106.5,198.4,48.0,74.7
2026-09-19 23:36:27,mfsweep_shard0,LRT_MMUR,57,5974.18,106,0,1,2785.4,5451.1,2665.7,2,2,57.2,1.6,754.0,402.1,1450.8,57.2
2026-09-19 23:36:27,mfsweep_shard0,LRT_MMUR,57,5974.18,107,0,1,2811.7,3472.2,660.5,2,2,67.9,0.0,250.7,218.8,123.0,67.9
2026-09-19 23:36:27,mfsweep_shard0,LRT_MMUR,57,5974.18,108,0,1,2838.0,3485.5,647.6,2,2,68.5,0.0,231.2,189.4,158.4,68.5
2026-09-19 23:36:27,mfsweep_shard0,LRT_MMUR,57,5974.18,109,0,1,2864.2,3516.0,651.7,2,2,85.0,0.0,305.8,247.0,13.9,85.0
2026-09-19 23:36:27,mfsweep_shard0,LRT_MMUR,57,5974.18,110,0,1,2890.5,3466.6,576.1,2,2,82.4,0.0,203.9,251.0,38.7,82.4
2026-09-19 23:36:27,mfsweep_shard0,LRT_MMUR,57,5974.18,111,0,1,2916.8,3494.7,577.9,2,2,62.2,0.0,231.9,283.7,0.0,62.2
2026-09-19 23:36:27,mfsweep_shard0,LRT_MMUR,57,5974.18,112,0,1,2943.1,3476.7,533.6,2,2,70.1,0.0,109.3,318.3,36.0,70.1
2026-09-19 23:36:27,mfsweep_shard0,LRT_MMUR,57,5974.18,113,0,1,2969.3,5409.5,2440.1,2,2,59.4,1.1,543.8,434.8,1401.1,59.4
2026-09-19 23:36:27,mfsweep_shard0,LRT_MMUR,57,5974.18,114,0,1,2995.6,3504.1,508.5,2,2,83.7,0.0,52.8,329.2,42.8,83.7
2026-09-19 23:36:27,mfsweep_shard0,LRT_MMUR,57,5974.18,115,0,1,3021.9,3594.5,572.6,2,2,82.3,0.0,95.5,331.2,63.6,82.3
2026-09-19 23:36:27,mfsweep_shard0,LRT_MMUR,57,5974.18,116,0,1,3048.2,4991.2,1943.0,2,2,63.4,1.1,862.6,423.4,592.6,63.4
2026-09-19 23:36:27,mfsweep_shard0,LRT_MMUR,57,5974.18,117,0,1,3074.5,4547.2,1472.8,2,2,74.6,1.1,902.0,405.4,59.3,104.9
2026-09-19 23:36:27,mfsweep_shard0,LRT_MMUR,57,5974.18,118,0,1,3100.7,4636.1,1535.4,2,2,73.6,0.6,547.4,421.3,492.4,73.6
2026-09-19 23:36:27,mfsweep_shard0,LRT_MMUR,57,5974.18,119,0,1,3127.0,4364.6,1237.6,2,2,58.6,0.6,697.7,348.4,132.3,58.6
2026-09-19 23:36:27,mfsweep_shard0,LRT_MMUR,57,5974.18,120,0,1,3153.3,3862.5,709.2,2,2,78.7,0.0,406.5,217.8,6.2,78.7
2026-09-19 23:36:27,mfsweep_shard0,LRT_MMUR,57,5974.18,121,0,1,3179.6,4055.5,876.0,2,2,71.3,0.0,458.3,324.0,22.3,71.3
2026-09-19 23:36:27,mfsweep_shard0,LRT_MMUR,57,5974.18,122,0,1,3205.8,4046.7,840.9,2,2,79.2,0.1,506.7,254.8,0.0,79.2
2026-09-19 23:36:27,mfsweep_shard0,LRT_MMUR,57,5974.18,123,0,1,3232.1,4691.6,1459.5,2,2,71.0,0.6,682.1,270.7,435.0,71.0
2026-09-19 23:36:27,mfsweep_shard0,LRT_MMUR,57,5974.18,124,0,1,3258.4,5974.2,2715.8,2,2,53.6,0.6,536.3,311.8,1813.6,53.6
2026-09-19 23:36:27,mfsweep_shard0,LRT_MMUR,57,5974.18,125,0,1,3284.7,4845.6,1560.9,2,2,64.2,0.7,686.5,267.8,541.7,64.2
2026-09-19 23:36:27,mfsweep_shard0,LRT_MMUR,57,5974.18,126,0,1,3311.0,5857.4,2546.5,2,2,54.2,0.7,515.2,251.4,1724.9,54.2
2026-09-19 23:36:27,mfsweep_shard0,LRT_MMUR,57,5974.18,127,0,1,3337.2,4065.0,727.7,2,2,84.2,0.0,261.1,324.8,57.6,84.2
2026-09-19 23:36:27,mfsweep_shard0,LRT_MMUR,57,5974.18,128,0,1,3363.5,4060.3,696.8,2,2,82.5,0.0,292.1,281.4,40.7,82.5
2026-09-19 23:36:27,mfsweep_shard0,LRT_MMUR,57,5974.18,129,0,1,3389.8,4576.9,1187.2,2,2,81.0,0.7,460.3,327.9,305.4,92.9
2026-09-19 23:36:27,mfsweep_shard0,LRT_MMUR,57,5974.18,130,0,1,3416.1,4425.0,1008.9,2,2,63.7,0.0,591.3,353.9,0.0,63.7
2026-09-19 23:36:27,mfsweep_shard0,LRT_MMUR,57,5974.18,131,0,1,3442.3,5698.6,2256.2,2,2,55.5,0.7,426.5,328.9,1444.6,55.5
2026-09-19 23:36:27,mfsweep_shard0,LRT_MMUR,57,5974.18,132,0,1,3468.6,4069.7,601.1,2,2,82.5,0.0,87.8,320.9,109.9,82.5
2026-09-19 23:36:27,mfsweep_shard0,LRT_MMUR,57,5974.18,133,0,1,3494.9,4102.6,607.7,2,2,84.8,0.0,229.7,262.1,31.0,84.8
2026-09-19 23:36:27,mfsweep_shard0,LRT_MMUR,57,5974.18,134,0,1,3521.2,4465.1,943.9,2,2,56.4,0.0,572.0,315.5,0.0,56.4
2026-09-19 23:36:27,mfsweep_shard0,LRT_MMUR,57,5974.18,135,0,1,3547.5,4746.7,1199.3,2,2,69.6,0.7,518.2,267.1,343.7,69.6
2026-09-19 23:36:27,mfsweep_shard0,LRT_MMUR,57,5974.18,136,0,1,3573.7,4486.2,912.4,2,2,55.8,0.0,615.6,241.0,0.0,55.8
2026-09-19 23:40:27,mfsweep_shard0,LRT_MMUR,58,4459.48,0,0,1,0.0,452.1,452.1,2,2,74.6,0.0,109.2,102.4,138.5,102.0
2026-09-19 23:40:27,mfsweep_shard0,LRT_MMUR,58,4459.48,1,0,1,26.3,208.8,182.5,2,2,54.4,0.0,52.9,70.4,4.8,54.4
2026-09-19 23:40:27,mfsweep_shard0,LRT_MMUR,58,4459.48,2,0,1,52.6,501.4,448.8,2,2,62.6,0.0,103.9,80.8,201.5,62.6
2026-09-19 23:40:27,mfsweep_shard0,LRT_MMUR,58,4459.48,3,0,1,78.8,564.1,485.2,2,2,60.9,0.0,61.4,136.9,226.1,60.9
2026-09-19 23:40:27,mfsweep_shard0,LRT_MMUR,58,4459.48,4,0,1,105.1,314.4,209.3,2,2,77.8,0.0,64.6,66.8,0.0,77.8
2026-09-19 23:40:27,mfsweep_shard0,LRT_MMUR,58,4459.48,5,0,1,131.4,380.0,248.6,2,2,75.9,0.0,72.7,80.6,19.4,75.9
2026-09-19 23:40:27,mfsweep_shard0,LRT_MMUR,58,4459.48,6,0,1,157.7,403.2,245.5,2,2,83.0,0.0,85.2,77.3,0.0,83.0
2026-09-19 23:40:27,mfsweep_shard0,LRT_MMUR,58,4459.48,7,0,1,183.9,507.6,323.7,2,2,56.4,0.0,68.9,84.7,113.6,56.4
2026-09-19 23:40:27,mfsweep_shard0,LRT_MMUR,58,4459.48,8,0,1,210.2,462.0,251.8,2,2,67.5,0.0,61.2,102.2,20.9,67.5
2026-09-19 23:40:27,mfsweep_shard0,LRT_MMUR,58,4459.48,9,0,1,236.5,545.8,309.3,2,2,54.5,0.0,56.7,82.4,115.7,54.5
2026-09-19 23:40:27,mfsweep_shard0,LRT_MMUR,58,4459.48,10,0,1,262.8,523.1,260.3,2,2,60.8,0.0,48.5,151.0,0.0,60.8
2026-09-19 23:40:27,mfsweep_shard0,LRT_MMUR,58,4459.48,11,0,1,289.1,592.1,303.0,2,2,70.2,0.0,90.1,128.4,14.3,70.2
2026-09-19 23:40:27,mfsweep_shard0,LRT_MMUR,58,4459.48,12,0,1,315.3,978.5,663.1,2,2,54.4,0.0,97.2,93.5,418.0,54.4
2026-09-19 23:40:27,mfsweep_shard0,LRT_MMUR,58,4459.48,13,0,1,341.6,622.3,280.6,2,2,60.1,0.0,80.1,93.0,47.4,60.1
2026-09-19 23:40:27,mfsweep_shard0,LRT_MMUR,58,4459.48,14,0,1,367.9,663.9,296.1,2,2,75.0,0.0,105.0,85.4,30.6,75.0
2026-09-19 23:40:27,mfsweep_shard0,LRT_MMUR,58,4459.48,15,0,1,394.2,849.0,454.8,2,2,71.5,0.0,85.5,124.0,173.8,71.5
2026-09-19 23:40:27,mfsweep_shard0,LRT_MMUR,58,4459.48,16,0,1,420.4,913.1,492.7,2,2,60.8,0.0,95.2,138.5,198.0,60.8
2026-09-19 23:40:27,mfsweep_shard0,LRT_MMUR,58,4459.48,17,0,1,446.7,723.9,277.2,2,2,73.0,0.0,90.1,87.2,26.9,73.0
2026-09-19 23:40:27,mfsweep_shard0,LRT_MMUR,58,4459.48,18,0,1,473.0,779.5,306.5,2,2,80.3,0.0,109.0,99.2,18.0,80.3
2026-09-19 23:40:27,mfsweep_shard0,LRT_MMUR,58,4459.48,19,0,1,499.3,738.4,239.1,2,2,53.8,0.0,95.0,83.8,6.5,53.8
2026-09-19 23:40:27,mfsweep_shard0,LRT_MMUR,58,4459.48,20,0,1,525.6,796.3,270.8,2,2,80.1,0.0,84.6,94.7,11.3,80.1
2026-09-19 23:40:27,mfsweep_shard0,LRT_MMUR,58,4459.48,21,0,1,551.8,869.4,317.6,2,2,76.6,0.0,107.4,80.9,52.7,76.6
2026-09-19 23:40:27,mfsweep_shard0,LRT_MMUR,58,4459.48,22,0,1,578.1,908.7,330.6,2,2,64.8,0.0,92.1,84.0,89.7,64.8
2026-09-19 23:40:27,mfsweep_shard0,LRT_MMUR,58,4459.48,23,0,1,604.4,974.0,369.6,2,2,58.7,0.0,78.3,109.7,122.9,58.7
2026-09-19 23:40:27,mfsweep_shard0,LRT_MMUR,58,4459.48,24,0,1,630.7,950.1,319.5,2,2,85.1,0.0,67.7,160.8,5.9,85.1
2026-09-19 23:40:27,mfsweep_shard0,LRT_MMUR,58,4459.48,25,0,1,656.9,968.2,311.2,2,2,64.7,0.0,76.7,140.8,29.1,64.7
2026-09-19 23:40:27,mfsweep_shard0,LRT_MMUR,58,4459.48,26,0,1,683.2,1455.9,772.7,2,2,56.6,0.0,95.8,185.5,434.8,56.6
2026-09-19 23:40:27,mfsweep_shard0,LRT_MMUR,58,4459.48,27,0,1,709.5,1381.0,671.5,2,2,56.7,0.0,78.0,83.2,453.5,56.7
2026-09-19 23:40:27,mfsweep_shard0,LRT_MMUR,58,4459.48,28,0,1,735.8,1058.1,322.4,2,2,81.5,0.0,145.4,91.0,4.5,81.5
2026-09-19 23:40:27,mfsweep_shard0,LRT_MMUR,58,4459.48,29,0,1,762.0,1288.0,526.0,2,2,73.5,0.0,73.8,92.3,286.4,73.5
2026-09-19 23:40:27,mfsweep_shard0,LRT_MMUR,58,4459.48,30,0,1,788.3,1099.3,310.9,2,2,80.2,0.0,106.6,69.7,54.5,80.2
2026-09-19 23:40:27,mfsweep_shard0,LRT_MMUR,58,4459.48,31,0,1,814.6,1135.9,321.3,2,2,77.6,0.0,136.8,92.3,14.5,77.6
2026-09-19 23:40:27,mfsweep_shard0,LRT_MMUR,58,4459.48,32,0,1,840.9,1347.2,506.3,2,2,71.2,0.0,137.6,96.2,201.3,71.2
2026-09-19 23:40:27,mfsweep_shard0,LRT_MMUR,58,4459.48,33,0,1,867.2,1212.6,345.4,2,2,85.7,0.0,102.7,95.9,61.1,85.7
2026-09-19 23:40:27,mfsweep_shard0,LRT_MMUR,58,4459.48,34,0,1,893.4,1594.4,701.0,2,2,66.0,0.0,205.6,147.2,282.1,66.0
2026-09-19 23:40:27,mfsweep_shard0,LRT_MMUR,58,4459.48,35,0,1,919.7,1155.2,235.4,2,2,71.8,0.0,56.8,106.8,0.0,71.8
2026-09-19 23:40:27,mfsweep_shard0,LRT_MMUR,58,4459.48,36,0,1,946.0,1297.1,351.1,2,2,80.9,0.0,52.5,102.4,115.3,80.9
2026-09-19 23:40:27,mfsweep_shard0,LRT_MMUR,58,4459.48,37,0,1,972.3,1509.9,537.6,2,2,74.0,0.1,120.7,148.7,181.8,86.3
2026-09-19 23:40:27,mfsweep_shard0,LRT_MMUR,58,4459.48,38,0,1,998.5,1231.7,233.1,2,2,82.0,0.0,52.3,92.3,6.6,82.0
2026-09-19 23:40:27,mfsweep_shard0,LRT_MMUR,58,4459.48,39,0,1,1024.8,1270.0,245.2,2,2,72.6,0.0,77.5,95.0,0.0,72.6
2026-09-19 23:40:27,mfsweep_shard0,LRT_MMUR,58,4459.48,40,0,1,1051.1,1394.4,343.3,2,2,76.8,0.0,140.4,76.6,49.5,76.8
2026-09-19 23:40:27,mfsweep_shard0,LRT_MMUR,58,4459.48,41,0,1,1077.4,1795.6,718.2,2,2,55.1,0.0,174.5,76.6,412.1,55.1
2026-09-19 23:40:27,mfsweep_shard0,LRT_MMUR,58,4459.48,42,0,1,1103.7,1483.4,379.7,2,2,61.1,0.0,138.0,76.3,104.3,61.1
2026-09-19 23:40:27,mfsweep_shard0,LRT_MMUR,58,4459.48,43,0,1,1129.9,1446.7,316.8,2,2,63.1,0.0,136.8,83.6,33.2,63.1
2026-09-19 23:40:27,mfsweep_shard0,LRT_MMUR,58,4459.48,44,0,1,1156.2,1740.2,584.0,2,2,56.2,0.0,79.9,192.1,255.7,56.2
2026-09-19 23:40:27,mfsweep_shard0,LRT_MMUR,58,4459.48,45,0,1,1182.5,1622.3,439.8,2,2,61.2,0.0,74.9,195.2,108.4,61.2
2026-09-19 23:40:27,mfsweep_shard0,LRT_MMUR,58,4459.48,46,0,1,1208.8,1683.5,474.8,2,2,56.9,0.0,149.2,157.5,111.1,56.9
2026-09-19 23:40:27,mfsweep_shard0,LRT_MMUR,58,4459.48,47,0,1,1235.0,1693.1,458.0,2,2,62.7,0.0,188.8,121.2,85.3,62.7
2026-09-19 23:40:27,mfsweep_shard0,LRT_MMUR,58,4459.48,48,0,1,1261.3,1533.3,272.0,2,2,74.5,0.0,119.5,75.7,2.3,74.5
2026-09-19 23:40:27,mfsweep_shard0,LRT_MMUR,58,4459.48,49,0,1,1287.6,1599.2,311.6,2,2,65.6,0.0,113.2,93.1,39.7,65.6
2026-09-19 23:40:27,mfsweep_shard0,LRT_MMUR,58,4459.48,50,0,1,1313.9,1973.9,660.1,2,2,65.8,0.0,181.0,118.6,294.7,65.8
2026-09-19 23:40:27,mfsweep_shard0,LRT_MMUR,58,4459.48,51,0,1,1340.2,2016.8,676.7,2,2,60.5,0.0,152.6,91.6,372.0,60.5
2026-09-19 23:40:27,mfsweep_shard0,LRT_MMUR,58,4459.48,52,0,1,1366.4,1702.6,336.2,2,2,62.4,0.0,141.8,87.2,44.9,62.4
2026-09-19 23:40:27,mfsweep_shard0,LRT_MMUR,58,4459.48,53,0,1,1392.7,1749.8,357.1,2,2,84.5,0.0,126.6,115.5,30.5,84.5
2026-09-19 23:40:27,mfsweep_shard0,LRT_MMUR,58,4459.48,54,0,1,1419.0,1828.3,409.3,2,2,74.9,0.0,126.9,111.1,96.4,74.9
2026-09-19 23:40:27,mfsweep_shard0,LRT_MMUR,58,4459.48,55,0,1,1445.3,1930.5,485.3,2,2,73.6,0.0,139.6,147.5,124.5,73.6
2026-09-19 23:40:27,mfsweep_shard0,LRT_MMUR,58,4459.48,56,0,1,1471.5,2087.4,615.9,2,2,59.2,0.0,146.8,139.7,270.2,59.2
2026-09-19 23:40:27,mfsweep_shard0,LRT_MMUR,58,4459.48,57,0,1,1497.8,1870.2,372.4,2,2,77.6,0.0,126.5,165.9,2.3,77.6
2026-09-19 23:40:27,mfsweep_shard0,LRT_MMUR,58,4459.48,58,0,1,1524.1,2119.3,595.2,2,2,58.9,0.0,125.6,165.7,244.9,58.9
2026-09-19 23:40:27,mfsweep_shard0,LRT_MMUR,58,4459.48,59,0,1,1550.4,2324.2,773.8,2,2,66.1,0.0,229.4,117.3,361.1,66.1
2026-09-19 23:40:27,mfsweep_shard0,LRT_MMUR,58,4459.48,60,0,1,1576.6,1911.8,335.1,2,2,86.2,0.0,82.4,166.5,0.0,86.2
2026-09-19 23:40:27,mfsweep_shard0,LRT_MMUR,58,4459.48,61,0,1,1602.9,1994.5,391.6,2,2,74.7,0.0,101.0,143.6,72.3,74.7
2026-09-19 23:40:27,mfsweep_shard0,LRT_MMUR,58,4459.48,62,0,1,1629.2,2287.9,658.7,2,2,71.9,0.0,101.9,226.8,258.0,71.9
2026-09-19 23:40:27,mfsweep_shard0,LRT_MMUR,58,4459.48,63,0,1,1655.5,2134.9,479.4,2,2,76.1,0.0,78.2,284.0,41.0,76.1
2026-09-19 23:40:27,mfsweep_shard0,LRT_MMUR,58,4459.48,64,0,1,1681.8,2099.9,418.2,2,2,81.4,0.0,123.7,197.2,15.9,81.4
2026-09-19 23:40:27,mfsweep_shard0,LRT_MMUR,58,4459.48,65,0,1,1708.0,2215.0,507.0,2,2,79.2,0.0,193.7,227.4,6.7,79.2
2026-09-19 23:40:27,mfsweep_shard0,LRT_MMUR,58,4459.48,66,0,1,1734.3,2425.8,691.5,2,2,61.1,0.0,64.9,171.4,394.1,61.1
2026-09-19 23:40:27,mfsweep_shard0,LRT_MMUR,58,4459.48,67,0,1,1760.6,2493.6,733.0,2,2,54.6,0.0,130.9,102.4,445.1,54.6
2026-09-19 23:40:27,mfsweep_shard0,LRT_MMUR,58,4459.48,68,0,1,1786.9,2352.7,565.8,2,2,64.0,0.0,91.6,127.4,282.8,64.0
2026-09-19 23:40:27,mfsweep_shard0,LRT_MMUR,58,4459.48,69,0,1,1813.1,2416.6,603.5,2,2,62.4,0.0,140.8,105.6,294.8,62.4
2026-09-19 23:40:27,mfsweep_shard0,LRT_MMUR,58,4459.48,70,0,1,1839.4,2223.7,384.3,2,2,60.5,0.0,199.6,124.2,0.0,60.5
2026-09-19 23:40:27,mfsweep_shard0,LRT_MMUR,58,4459.48,71,0,1,1865.7,2305.2,439.5,2,2,84.7,0.0,193.8,110.4,50.7,84.7
2026-09-19 23:40:27,mfsweep_shard0,LRT_MMUR,58,4459.48,72,0,1,1892.0,2365.1,473.1,2,2,82.5,0.0,204.2,108.8,77.7,82.5
2026-09-19 23:40:27,mfsweep_shard0,LRT_MMUR,58,4459.48,73,0,1,1918.3,3042.1,1123.9,2,2,63.9,0.0,255.8,176.4,627.7,63.9
2026-09-19 23:40:27,mfsweep_shard0,LRT_MMUR,58,4459.48,74,0,1,1944.5,2505.7,561.2,2,2,75.2,0.0,223.8,126.0,136.2,75.2
2026-09-19 23:40:27,mfsweep_shard0,LRT_MMUR,58,4459.48,75,0,1,1970.8,2996.4,1025.6,2,2,66.6,0.1,156.2,195.9,606.9,66.6
2026-09-19 23:40:27,mfsweep_shard0,LRT_MMUR,58,4459.48,76,0,1,1997.1,2435.5,438.4,2,2,83.7,0.0,156.7,150.2,47.7,83.7
2026-09-19 23:40:27,mfsweep_shard0,LRT_MMUR,58,4459.48,77,0,1,2023.4,2891.4,868.0,2,2,68.7,0.1,199.0,188.6,411.7,68.7
2026-09-19 23:40:27,mfsweep_shard0,LRT_MMUR,58,4459.48,78,0,1,2049.6,3109.3,1059.7,2,2,62.3,0.1,263.3,180.0,554.0,62.3
2026-09-19 23:40:27,mfsweep_shard0,LRT_MMUR,58,4459.48,79,0,1,2075.9,4169.1,2093.2,2,2,61.7,3.5,214.9,293.8,1475.7,105.3
2026-09-19 23:40:27,mfsweep_shard0,LRT_MMUR,58,4459.48,80,0,1,2102.2,2484.3,382.1,2,2,72.1,0.0,178.4,122.6,9.0,72.1
2026-09-19 23:40:27,mfsweep_shard0,LRT_MMUR,58,4459.48,81,0,1,2128.5,3237.5,1109.0,2,2,62.2,0.1,230.4,274.5,541.7,62.2
2026-09-19 23:40:27,mfsweep_shard0,LRT_MMUR,58,4459.48,82,0,1,2154.7,2776.4,621.7,2,2,72.8,0.2,118.0,275.0,151.1,77.4
2026-09-19 23:40:27,mfsweep_shard0,LRT_MMUR,58,4459.48,83,0,1,2181.0,2666.1,485.1,2,2,83.2,0.0,112.0,265.2,24.7,83.2
2026-09-19 23:40:27,mfsweep_shard0,LRT_MMUR,58,4459.48,84,0,1,2207.3,2501.2,293.9,2,2,66.7,0.0,95.6,131.5,0.0,66.7
2026-09-19 23:40:27,mfsweep_shard0,LRT_MMUR,58,4459.48,85,0,1,2233.6,2643.8,410.2,2,2,60.8,0.0,81.6,153.1,114.8,60.8
2026-09-19 23:40:27,mfsweep_shard0,LRT_MMUR,58,4459.48,86,0,1,2259.9,2510.7,250.8,2,2,86.5,0.0,30.5,123.5,10.4,86.5
2026-09-19 23:40:27,mfsweep_shard0,LRT_MMUR,58,4459.48,87,0,1,2286.1,2604.4,318.3,2,2,70.4,0.0,108.9,134.5,4.5,70.4
2026-09-19 23:40:27,mfsweep_shard0,LRT_MMUR,58,4459.48,88,0,1,2312.4,4340.8,2028.4,2,2,56.5,3.5,174.6,231.0,1562.7,56.5
2026-09-19 23:40:27,mfsweep_shard0,LRT_MMUR,58,4459.48,89,0,1,2338.7,4421.5,2082.8,2,2,55.1,3.5,222.7,309.0,1492.5,55.1
2026-09-19 23:40:27,mfsweep_shard0,LRT_MMUR,58,4459.48,90,0,1,2365.0,3469.6,1104.7,2,2,57.2,3.7,134.2,232.6,677.0,57.2
2026-09-19 23:40:27,mfsweep_shard0,LRT_MMUR,58,4459.48,91,0,1,2391.2,2696.9,305.7,2,2,74.3,0.0,109.6,94.4,27.4,74.3
2026-09-19 23:40:27,mfsweep_shard0,LRT_MMUR,58,4459.48,92,0,1,2417.5,2826.9,409.4,2,2,79.7,0.0,155.9,153.7,20.1,79.7
2026-09-19 23:40:27,mfsweep_shard0,LRT_MMUR,58,4459.48,93,0,1,2443.8,2937.1,493.3,2,2,67.5,0.0,174.8,130.3,120.7,67.5
2026-09-19 23:40:27,mfsweep_shard0,LRT_MMUR,58,4459.48,94,0,1,2470.1,4380.3,1910.2,2,2,55.6,3.6,101.2,360.0,1389.7,55.6
2026-09-19 23:40:27,mfsweep_shard0,LRT_MMUR,58,4459.48,95,0,1,2496.4,2730.4,234.1,2,2,66.1,0.0,52.2,115.7,0.0,66.1
2026-09-19 23:40:27,mfsweep_shard0,LRT_MMUR,58,4459.48,96,0,1,2522.6,2872.7,350.1,2,2,86.4,0.0,139.4,124.3,0.0,86.4
2026-09-19 23:40:27,mfsweep_shard0,LRT_MMUR,58,4459.48,97,0,1,2548.9,3257.5,708.6,2,2,71.0,0.0,142.4,194.4,300.8,71.0
2026-09-19 23:40:27,mfsweep_shard0,LRT_MMUR,58,4459.48,98,0,1,2575.2,2867.8,292.7,2,2,85.6,0.0,60.0,147.0,0.0,85.6
2026-09-19 23:40:27,mfsweep_shard0,LRT_MMUR,58,4459.48,99,0,1,2601.5,2923.2,321.8,2,2,82.0,0.0,115.0,116.6,8.1,82.0
2026-09-19 23:40:27,mfsweep_shard0,LRT_MMUR,58,4459.48,100,0,1,2627.7,3281.9,654.1,2,2,53.9,0.0,154.4,171.0,274.8,53.9
2026-09-19 23:40:27,mfsweep_shard0,LRT_MMUR,58,4459.48,101,0,1,2654.0,2979.0,325.0,2,2,77.3,0.0,112.0,124.0,11.7,77.3
2026-09-19 23:40:27,mfsweep_shard0,LRT_MMUR,58,4459.48,102,0,1,2680.3,3113.7,433.4,2,2,76.0,0.0,174.2,114.3,68.9,76.0
2026-09-19 23:40:27,mfsweep_shard0,LRT_MMUR,58,4459.48,103,0,1,2706.6,3148.0,441.4,2,2,71.3,0.0,126.5,183.5,60.1,71.3
2026-09-19 23:40:27,mfsweep_shard0,LRT_MMUR,58,4459.48,104,0,1,2732.9,3519.5,786.6,2,2,62.4,3.7,104.0,280.1,336.5,62.4
2026-09-19 23:40:27,mfsweep_shard0,LRT_MMUR,58,4459.48,105,0,1,2759.1,3087.0,327.9,2,2,74.7,0.0,83.0,170.1,0.0,74.7
2026-09-19 23:40:27,mfsweep_shard0,LRT_MMUR,58,4459.48,106,0,1,2785.4,4298.2,1512.8,2,2,57.2,3.7,151.6,156.8,1143.4,57.2
2026-09-19 23:40:27,mfsweep_shard0,LRT_MMUR,58,4459.48,107,0,1,2811.7,3216.8,405.1,2,2,67.9,0.0,52.5,214.1,70.6,67.9
2026-09-19 23:40:27,mfsweep_shard0,LRT_MMUR,58,4459.48,108,0,1,2838.0,4029.9,1191.9,2,2,68.5,3.8,230.1,202.0,687.5,68.5
2026-09-19 23:40:27,mfsweep_shard0,LRT_MMUR,58,4459.48,109,0,1,2864.2,3225.4,361.2,2,2,85.0,0.0,133.3,125.3,17.6,85.0
2026-09-19 23:40:27,mfsweep_shard0,LRT_MMUR,58,4459.48,110,0,1,2890.5,3323.2,432.7,2,2,82.4,0.0,170.7,133.1,46.4,82.4
2026-09-19 23:40:27,mfsweep_shard0,LRT_MMUR,58,4459.48,111,0,1,2916.8,4122.6,1205.8,2,2,62.2,3.8,208.3,75.6,855.9,62.2
2026-09-19 23:40:27,mfsweep_shard0,LRT_MMUR,58,4459.48,112,0,1,2943.1,4002.7,1059.6,2,2,70.1,3.9,216.6,117.3,624.8,97.0
2026-09-19 23:40:27,mfsweep_shard0,LRT_MMUR,58,4459.48,113,0,1,2969.3,4212.4,1243.1,2,2,59.4,4.0,244.2,91.2,844.3,59.4
2026-09-19 23:40:27,mfsweep_shard0,LRT_MMUR,58,4459.48,114,0,1,2995.6,3377.0,381.3,2,2,83.7,0.0,118.8,135.2,43.6,83.7
2026-09-19 23:40:27,mfsweep_shard0,LRT_MMUR,58,4459.48,115,0,1,3021.9,3751.1,729.2,2,2,82.3,3.7,404.0,192.0,47.2,82.3
2026-09-19 23:40:27,mfsweep_shard0,LRT_MMUR,58,4459.48,116,0,1,3048.2,4074.7,1026.5,2,2,63.4,4.1,259.9,111.6,587.5,63.4
2026-09-19 23:40:27,mfsweep_shard0,LRT_MMUR,58,4459.48,117,0,1,3074.5,3769.2,694.8,2,2,74.6,3.7,218.7,195.8,195.8,80.8
2026-09-19 23:40:27,mfsweep_shard0,LRT_MMUR,58,4459.48,118,0,1,3100.7,3805.9,705.2,2,2,73.6,4.1,220.2,126.4,280.9,73.6
2026-09-19 23:40:27,mfsweep_shard0,LRT_MMUR,58,4459.48,119,0,1,3127.0,4257.1,1130.1,2,2,58.6,3.9,182.7,158.4,726.5,58.6
2026-09-19 23:40:27,mfsweep_shard0,LRT_MMUR,58,4459.48,120,0,1,3153.3,3595.7,442.4,2,2,78.7,3.8,95.5,248.0,16.4,78.7
2026-09-19 23:40:27,mfsweep_shard0,LRT_MMUR,58,4459.48,121,0,1,3179.6,3862.3,682.7,2,2,71.3,4.0,147.6,167.1,292.6,71.3
2026-09-19 23:40:27,mfsweep_shard0,LRT_MMUR,58,4459.48,122,0,1,3205.8,3688.3,482.5,2,2,79.2,4.1,179.1,164.8,55.2,79.2
2026-09-19 23:40:27,mfsweep_shard0,LRT_MMUR,58,4459.48,123,0,1,3232.1,3917.2,685.1,2,2,71.0,4.1,180.7,112.8,316.4,71.0
2026-09-19 23:40:27,mfsweep_shard0,LRT_MMUR,58,4459.48,124,0,1,3258.4,4459.5,1201.1,2,2,53.6,0.0,221.4,167.5,758.6,53.6
2026-09-19 23:40:27,mfsweep_shard0,LRT_MMUR,58,4459.48,125,0,1,3284.7,4057.8,773.1,2,2,64.2,0.0,234.7,208.4,265.7,64.2
2026-09-19 23:40:27,mfsweep_shard0,LRT_MMUR,58,4459.48,126,0,1,3311.0,3715.8,404.8,2,2,54.2,0.0,134.8,215.8,0.0,54.2
2026-09-19 23:40:27,mfsweep_shard0,LRT_MMUR,58,4459.48,127,0,1,3337.2,3728.3,391.1,2,2,84.2,0.0,52.7,229.6,24.6,84.2
2026-09-19 23:40:27,mfsweep_shard0,LRT_MMUR,58,4459.48,128,0,1,3363.5,3778.7,415.2,2,2,82.5,0.0,89.0,175.2,68.4,82.5
2026-09-19 23:40:27,mfsweep_shard0,LRT_MMUR,58,4459.48,129,0,1,3389.8,4118.2,728.4,2,2,81.0,0.1,84.3,199.3,300.1,144.6
2026-09-19 23:40:27,mfsweep_shard0,LRT_MMUR,58,4459.48,130,0,1,3416.1,4220.9,804.9,2,2,63.7,0.1,78.0,228.7,434.4,63.7
2026-09-19 23:40:27,mfsweep_shard0,LRT_MMUR,58,4459.48,131,0,1,3442.3,4345.6,903.3,2,2,55.5,0.1,144.7,146.2,556.9,55.5
2026-09-19 23:40:27,mfsweep_shard0,LRT_MMUR,58,4459.48,132,0,1,3468.6,3817.6,349.0,2,2,82.5,0.0,72.6,138.2,55.6,82.5
2026-09-19 23:40:27,mfsweep_shard0,LRT_MMUR,58,4459.48,133,0,1,3494.9,3889.5,394.6,2,2,84.8,0.0,108.0,154.3,47.5,84.8
2026-09-19 23:40:27,mfsweep_shard0,LRT_MMUR,58,4459.48,134,0,1,3521.2,4263.1,741.9,2,2,56.4,0.1,162.2,172.5,350.8,56.4
2026-09-19 23:40:27,mfsweep_shard0,LRT_MMUR,58,4459.48,135,0,1,3547.5,4173.8,626.4,2,2,69.6,0.1,178.2,167.5,211.0,69.6
2026-09-19 23:40:27,mfsweep_shard0,LRT_MMUR,58,4459.48,136,0,1,3573.7,4303.1,729.4,2,2,55.8,0.2,182.7,135.8,354.9,55.8
2026-09-19 23:44:05,mfsweep_shard0,LRT_MMUR,59,4098.64,0,0,1,0.0,216.3,216.3,2,2,74.6,0.0,67.2,74.4,0.0,74.6
2026-09-19 23:44:05,mfsweep_shard0,LRT_MMUR,59,4098.64,1,0,1,26.3,206.8,180.5,2,2,54.4,0.0,58.5,67.6,0.0,54.4
2026-09-19 23:44:05,mfsweep_shard0,LRT_MMUR,59,4098.64,2,0,1,52.6,257.1,204.5,2,2,62.6,0.0,42.7,99.2,0.0,62.6
2026-09-19 23:44:05,mfsweep_shard0,LRT_MMUR,59,4098.64,3,0,1,78.8,311.6,232.7,2,2,60.9,0.0,67.7,74.1,30.0,60.9
2026-09-19 23:44:05,mfsweep_shard0,LRT_MMUR,59,4098.64,4,0,1,105.1,325.2,220.1,2,2,77.8,0.0,65.6,76.6,0.0,77.8
2026-09-19 23:44:05,mfsweep_shard0,LRT_MMUR,59,4098.64,5,0,1,131.4,384.2,252.8,2,2,75.9,0.0,54.7,112.3,9.9,75.9
2026-09-19 23:44:05,mfsweep_shard0,LRT_MMUR,59,4098.64,6,0,1,157.7,450.2,292.6,2,2,83.0,0.0,50.8,125.0,33.7,83.0
2026-09-19 23:44:05,mfsweep_shard0,LRT_MMUR,59,4098.64,7,0,1,183.9,370.1,186.2,2,2,56.4,0.0,51.2,78.5,0.0,56.4
2026-09-19 23:44:05,mfsweep_shard0,LRT_MMUR,59,4098.64,8,0,1,210.2,433.3,223.1,2,2,67.5,0.0,69.1,82.0,4.6,67.5
2026-09-19 23:44:05,mfsweep_shard0,LRT_MMUR,59,4098.64,9,0,1,236.5,512.5,276.0,2,2,54.5,0.0,77.7,83.8,59.9,54.5
2026-09-19 23:44:05,mfsweep_shard0,LRT_MMUR,59,4098.64,10,0,1,262.8,474.4,211.6,2,2,60.8,0.0,71.8,75.7,3.3,60.8
2026-09-19 23:44:05,mfsweep_shard0,LRT_MMUR,59,4098.64,11,0,1,289.1,497.0,208.0,2,2,70.2,0.0,60.0,77.7,0.0,70.2
2026-09-19 23:44:05,mfsweep_shard0,LRT_MMUR,59,4098.64,12,0,1,315.3,746.8,431.5,2,2,54.4,0.0,98.8,75.9,202.4,54.4
2026-09-19 23:44:05,mfsweep_shard0,LRT_MMUR,59,4098.64,13,0,1,341.6,559.3,217.7,2,2,60.1,0.0,77.8,74.1,5.7,60.1
2026-09-19 23:44:05,mfsweep_shard0,LRT_MMUR,59,4098.64,14,0,1,367.9,605.1,237.2,2,2,75.0,0.0,77.2,71.0,13.9,75.0
2026-09-19 23:44:05,mfsweep_shard0,LRT_MMUR,59,4098.64,15,0,1,394.2,696.2,302.0,2,2,71.5,0.0,93.4,73.0,64.0,71.5
2026-09-19 23:44:05,mfsweep_shard0,LRT_MMUR,59,4098.64,16,0,1,420.4,656.7,236.3,2,2,60.8,0.0,45.4,130.0,0.0,60.8
2026-09-19 23:44:05,mfsweep_shard0,LRT_MMUR,59,4098.64,17,0,1,446.7,728.2,281.5,2,2,73.0,0.0,75.9,104.8,27.8,73.0
2026-09-19 23:44:05,mfsweep_shard0,LRT_MMUR,59,4098.64,18,0,1,473.0,791.3,318.3,2,2,80.3,0.0,60.2,128.7,49.2,80.3
2026-09-19 23:44:05,mfsweep_shard0,LRT_MMUR,59,4098.64,19,0,1,499.3,1304.1,804.8,2,2,53.8,0.0,172.7,264.2,301.8,66.0
2026-09-19 23:44:05,mfsweep_shard0,LRT_MMUR,59,4098.64,20,0,1,525.6,839.2,313.7,2,2,80.1,0.0,71.5,72.4,89.6,80.1
2026-09-19 23:44:05,mfsweep_shard0,LRT_MMUR,59,4098.64,21,0,1,551.8,805.3,253.4,2,2,76.6,0.0,87.6,89.2,0.0,76.6
2026-09-19 23:44:05,mfsweep_shard0,LRT_MMUR,59,4098.64,22,0,1,578.1,859.5,281.4,2,2,64.8,0.0,88.7,83.8,44.1,64.8
2026-09-19 23:44:05,mfsweep_shard0,LRT_MMUR,59,4098.64,23,0,1,604.4,1009.7,405.3,2,2,58.7,0.0,80.0,81.2,185.4,58.7
2026-09-19 23:44:05,mfsweep_shard0,LRT_MMUR,59,4098.64,24,0,1,630.7,924.5,293.9,2,2,85.1,0.0,85.7,93.7,29.3,85.1
2026-09-19 23:44:05,mfsweep_shard0,LRT_MMUR,59,4098.64,25,0,1,656.9,973.2,316.3,2,2,64.7,0.0,67.6,92.5,91.5,64.7
2026-09-19 23:44:05,mfsweep_shard0,LRT_MMUR,59,4098.64,26,0,1,683.2,1294.7,611.5,2,2,56.6,0.0,167.0,179.7,207.8,56.9
2026-09-19 23:44:05,mfsweep_shard0,LRT_MMUR,59,4098.64,27,0,1,709.5,1050.9,341.4,2,2,56.7,0.0,45.2,89.2,150.3,56.7
2026-09-19 23:44:05,mfsweep_shard0,LRT_MMUR,59,4098.64,28,0,1,735.8,1328.0,592.2,2,2,81.5,0.0,157.3,218.3,135.1,81.5
2026-09-19 23:44:05,mfsweep_shard0,LRT_MMUR,59,4098.64,29,0,1,762.0,1523.4,761.3,2,2,73.5,0.1,187.9,135.3,311.1,127.0
2026-09-19 23:44:05,mfsweep_shard0,LRT_MMUR,59,4098.64,30,0,1,788.3,1457.7,669.4,2,2,80.2,0.1,237.6,143.8,207.7,80.2
2026-09-19 23:44:05,mfsweep_shard0,LRT_MMUR,59,4098.64,31,0,1,814.6,1369.1,554.5,2,2,77.6,0.1,108.6,114.2,254.1,77.6
2026-09-19 23:44:05,mfsweep_shard0,LRT_MMUR,59,4098.64,32,0,1,840.9,1130.0,289.1,2,2,71.2,0.0,117.7,95.6,4.6,71.2
2026-09-19 23:44:05,mfsweep_shard0,LRT_MMUR,59,4098.64,33,0,1,867.2,1258.0,390.9,2,2,85.7,0.1,195.2,103.4,6.5,85.7
2026-09-19 23:44:05,mfsweep_shard0,LRT_MMUR,59,4098.64,34,0,1,893.4,1211.0,317.6,2,2,66.0,0.0,114.5,132.7,4.2,66.0
2026-09-19 23:44:05,mfsweep_shard0,LRT_MMUR,59,4098.64,35,0,1,919.7,1569.9,650.2,2,2,71.8,0.0,130.4,136.6,311.4,71.8
2026-09-19 23:44:05,mfsweep_shard0,LRT_MMUR,59,4098.64,36,0,1,946.0,1560.9,614.9,2,2,80.9,0.0,288.3,124.5,121.1,80.9
2026-09-19 23:44:05,mfsweep_shard0,LRT_MMUR,59,4098.64,37,0,1,972.3,1359.6,387.3,2,2,74.0,0.0,214.3,99.1,0.0,74.0
2026-09-19 23:44:05,mfsweep_shard0,LRT_MMUR,59,4098.64,38,0,1,998.5,1432.7,434.2,2,2,82.0,0.1,213.5,114.7,23.9,82.0
2026-09-19 23:44:05,mfsweep_shard0,LRT_MMUR,59,4098.64,39,0,1,1024.8,1657.1,632.3,2,2,72.6,0.0,171.3,151.3,237.1,72.6
2026-09-19 23:44:05,mfsweep_shard0,LRT_MMUR,59,4098.64,40,0,1,1051.1,1611.6,560.5,2,2,76.8,0.0,146.3,197.6,139.8,76.8
2026-09-19 23:44:05,mfsweep_shard0,LRT_MMUR,59,4098.64,41,0,1,1077.4,2166.1,1088.8,2,2,55.1,0.0,215.7,153.9,625.7,93.4
2026-09-19 23:44:05,mfsweep_shard0,LRT_MMUR,59,4098.64,42,0,1,1103.7,1915.7,812.0,2,2,61.1,0.0,225.7,94.6,430.6,61.1
2026-09-19 23:44:05,mfsweep_shard0,LRT_MMUR,59,4098.64,43,0,1,1129.9,1812.6,682.7,2,2,63.1,0.0,90.8,177.7,351.0,63.1
2026-09-19 23:44:05,mfsweep_shard0,LRT_MMUR,59,4098.64,44,0,1,1156.2,1638.4,482.2,2,2,56.2,0.0,141.1,188.7,96.2,56.2
2026-09-19 23:44:05,mfsweep_shard0,LRT_MMUR,59,4098.64,45,0,1,1182.5,1881.2,698.7,2,2,61.2,0.0,123.4,189.4,324.7,61.2
2026-09-19 23:44:05,mfsweep_shard0,LRT_MMUR,59,4098.64,46,0,1,1208.8,1967.5,758.8,2,2,56.9,0.0,78.5,193.0,430.4,56.9
2026-09-19 23:44:05,mfsweep_shard0,LRT_MMUR,59,4098.64,47,0,1,1235.0,1821.8,586.7,2,2,62.7,0.0,138.6,103.5,281.8,62.7
2026-09-19 23:44:05,mfsweep_shard0,LRT_MMUR,59,4098.64,48,0,1,1261.3,1702.4,441.1,2,2,74.5,0.0,207.8,119.9,38.8,74.5
2026-09-19 23:44:05,mfsweep_shard0,LRT_MMUR,59,4098.64,49,0,1,1287.6,1852.2,564.6,2,2,65.6,0.0,261.0,114.9,123.0,65.6
2026-09-19 23:44:05,mfsweep_shard0,LRT_MMUR,59,4098.64,50,0,1,1313.9,1758.4,444.5,2,2,65.8,0.0,203.0,143.5,32.2,65.8
2026-09-19 23:44:05,mfsweep_shard0,LRT_MMUR,59,4098.64,51,0,1,1340.2,1616.3,276.1,2,2,60.5,0.0,120.4,95.2,0.0,60.5
2026-09-19 23:44:05,mfsweep_shard0,LRT_MMUR,59,4098.64,52,0,1,1366.4,2481.6,1115.2,2,2,62.4,0.0,138.8,205.7,708.3,62.4
2026-09-19 23:44:05,mfsweep_shard0,LRT_MMUR,59,4098.64,53,0,1,1392.7,1817.3,424.6,2,2,84.5,0.0,131.3,165.9,42.9,84.5
2026-09-19 23:44:05,mfsweep_shard0,LRT_MMUR,59,4098.64,54,0,1,1419.0,1949.6,530.6,2,2,74.9,0.0,165.1,143.0,147.6,74.9
2026-09-19 23:44:05,mfsweep_shard0,LRT_MMUR,59,4098.64,55,0,1,1445.3,1735.9,290.6,2,2,73.6,0.0,109.6,107.4,0.0,73.6
2026-09-19 23:44:05,mfsweep_shard0,LRT_MMUR,59,4098.64,56,0,1,1471.5,1748.8,277.3,2,2,59.2,0.0,90.6,100.3,27.1,59.2
2026-09-19 23:44:05,mfsweep_shard0,LRT_MMUR,59,4098.64,57,0,1,1497.8,1909.2,411.4,2,2,77.6,0.0,124.8,146.9,62.1,77.6
2026-09-19 23:44:05,mfsweep_shard0,LRT_MMUR,59,4098.64,58,0,1,1524.1,2571.2,1047.1,2,2,58.9,0.0,94.1,158.8,735.2,58.9
2026-09-19 23:44:05,mfsweep_shard0,LRT_MMUR,59,4098.64,59,0,1,1550.4,2371.5,821.2,2,2,66.1,0.0,92.3,102.2,560.6,66.1
2026-09-19 23:44:05,mfsweep_shard0,LRT_MMUR,59,4098.64,60,0,1,1576.6,2023.3,446.7,2,2,86.2,0.0,144.5,195.0,21.0,86.2
2026-09-19 23:44:05,mfsweep_shard0,LRT_MMUR,59,4098.64,61,0,1,1602.9,2274.2,671.3,2,2,74.7,0.0,199.4,63.8,333.5,74.7
2026-09-19 23:44:05,mfsweep_shard0,LRT_MMUR,59,4098.64,62,0,1,1629.2,2311.9,682.7,2,2,71.9,0.1,116.9,83.8,410.0,71.9
2026-09-19 23:44:05,mfsweep_shard0,LRT_MMUR,59,4098.64,63,0,1,1655.5,2206.2,550.7,2,2,76.1,0.0,172.4,73.9,228.2,76.1
2026-09-19 23:44:05,mfsweep_shard0,LRT_MMUR,59,4098.64,64,0,1,1681.8,2077.5,395.7,2,2,81.4,0.0,176.7,78.6,59.1,81.4
2026-09-19 23:44:05,mfsweep_shard0,LRT_MMUR,59,4098.64,65,0,1,1708.0,2157.6,449.6,2,2,79.2,0.0,268.1,80.7,21.6,79.2
2026-09-19 23:44:05,mfsweep_shard0,LRT_MMUR,59,4098.64,66,0,1,1734.3,2521.9,787.6,2,2,61.1,0.0,275.7,95.5,355.3,61.1
2026-09-19 23:44:05,mfsweep_shard0,LRT_MMUR,59,4098.64,67,0,1,1760.6,3201.7,1441.1,2,2,54.6,0.0,308.8,178.5,897.7,56.1
2026-09-19 23:44:05,mfsweep_shard0,LRT_MMUR,59,4098.64,68,0,1,1786.9,2418.5,631.7,2,2,64.0,0.0,219.3,108.0,240.4,64.0
2026-09-19 23:44:05,mfsweep_shard0,LRT_MMUR,59,4098.64,69,0,1,1813.1,2111.6,298.5,2,2,62.4,0.0,165.5,70.6,0.0,62.4
2026-09-19 23:44:05,mfsweep_shard0,LRT_MMUR,59,4098.64,70,0,1,1839.4,2143.8,304.4,2,2,60.5,0.0,159.2,84.6,0.0,60.5
2026-09-19 23:44:05,mfsweep_shard0,LRT_MMUR,59,4098.64,71,0,1,1865.7,2230.9,365.2,2,2,84.7,0.0,129.3,118.7,32.4,84.7
2026-09-19 23:44:05,mfsweep_shard0,LRT_MMUR,59,4098.64,72,0,1,1892.0,2297.4,405.4,2,2,82.5,0.0,156.2,103.9,62.8,82.5
2026-09-19 23:44:05,mfsweep_shard0,LRT_MMUR,59,4098.64,73,0,1,1918.3,2614.8,696.6,2,2,63.9,0.0,165.5,194.5,272.7,63.9
2026-09-19 23:44:05,mfsweep_shard0,LRT_MMUR,59,4098.64,74,0,1,1944.5,2476.8,532.2,2,2,75.2,0.0,195.3,239.4,22.3,75.2
2026-09-19 23:44:05,mfsweep_shard0,LRT_MMUR,59,4098.64,75,0,1,1970.8,2628.9,658.1,2,2,66.6,0.0,226.7,182.0,182.8,66.6
2026-09-19 23:44:05,mfsweep_shard0,LRT_MMUR,59,4098.64,76,0,1,1997.1,2532.9,535.8,2,2,83.7,0.0,166.3,251.9,33.9,83.7
2026-09-19 23:44:05,mfsweep_shard0,LRT_MMUR,59,4098.64,77,0,1,2023.4,2397.0,373.6,2,2,68.7,0.0,117.3,187.6,0.0,68.7
2026-09-19 23:44:05,mfsweep_shard0,LRT_MMUR,59,4098.64,78,0,1,2049.6,2895.6,845.9,2,2,62.3,0.0,157.8,248.4,377.4,62.3
2026-09-19 23:44:05,mfsweep_shard0,LRT_MMUR,59,4098.64,79,0,1,2075.9,2642.3,566.3,2,2,61.7,0.0,149.4,119.2,236.0,61.7
2026-09-19 23:44:05,mfsweep_shard0,LRT_MMUR,59,4098.64,80,0,1,2102.2,2551.7,449.5,2,2,72.1,0.0,123.8,94.8,158.8,72.1
2026-09-19 23:44:05,mfsweep_shard0,LRT_MMUR,59,4098.64,81,0,1,2128.5,2383.6,255.1,2,2,62.2,0.0,104.2,88.7,0.0,62.2
2026-09-19 23:44:05,mfsweep_shard0,LRT_MMUR,59,4098.64,82,0,1,2154.7,2582.8,428.1,2,2,72.8,0.0,158.9,130.3,66.1,72.8
2026-09-19 23:44:05,mfsweep_shard0,LRT_MMUR,59,4098.64,83,0,1,2181.0,2547.0,366.0,2,2,83.2,0.0,119.1,114.9,48.7,83.2
2026-09-19 23:44:05,mfsweep_shard0,LRT_MMUR,59,4098.64,84,0,1,2207.3,2710.5,503.2,2,2,66.7,0.0,138.8,84.8,212.9,66.7
2026-09-19 23:44:05,mfsweep_shard0,LRT_MMUR,59,4098.64,85,0,1,2233.6,2977.5,744.0,2,2,60.8,0.0,149.4,126.4,407.4,60.8
2026-09-19 23:44:05,mfsweep_shard0,LRT_MMUR,59,4098.64,86,0,1,2259.9,2596.1,336.3,2,2,86.5,0.0,97.5,95.1,57.2,86.5
2026-09-19 23:44:05,mfsweep_shard0,LRT_MMUR,59,4098.64,87,0,1,2286.1,2678.9,392.7,2,2,70.4,0.0,138.7,85.5,98.1,70.4
2026-09-19 23:44:05,mfsweep_shard0,LRT_MMUR,59,4098.64,88,0,1,2312.4,3063.8,751.4,2,2,56.5,0.0,210.7,152.4,331.8,56.5
2026-09-19 23:44:05,mfsweep_shard0,LRT_MMUR,59,4098.64,89,0,1,2338.7,3101.1,762.4,2,2,55.1,0.0,147.8,138.1,421.4,55.1
2026-09-19 23:44:05,mfsweep_shard0,LRT_MMUR,59,4098.64,90,0,1,2365.0,3026.1,661.1,2,2,57.2,0.0,169.9,113.9,320.2,57.2
2026-09-19 23:44:05,mfsweep_shard0,LRT_MMUR,59,4098.64,91,0,1,2391.2,2942.4,551.2,2,2,74.3,0.0,216.5,257.2,3.1,74.3
2026-09-19 23:44:05,mfsweep_shard0,LRT_MMUR,59,4098.64,92,0,1,2417.5,2871.4,453.9,2,2,79.7,0.0,187.5,186.6,0.0,79.7
2026-09-19 23:44:05,mfsweep_shard0,LRT_MMUR,59,4098.64,93,0,1,2443.8,2866.5,422.7,2,2,67.5,0.0,132.0,192.8,30.4,67.5
2026-09-19 23:44:05,mfsweep_shard0,LRT_MMUR,59,4098.64,94,0,1,2470.1,3183.5,713.4,2,2,55.6,0.0,196.1,279.7,181.9,55.6
2026-09-19 23:44:05,mfsweep_shard0,LRT_MMUR,59,4098.64,95,0,1,2496.4,3077.6,581.2,2,2,66.1,0.0,80.6,206.4,228.0,66.1
2026-09-19 23:44:05,mfsweep_shard0,LRT_MMUR,59,4098.64,96,0,1,2522.6,2960.3,437.7,2,2,86.4,0.0,123.8,195.8,31.7,86.4
2026-09-19 23:44:05,mfsweep_shard0,LRT_MMUR,59,4098.64,97,0,1,2548.9,3152.6,603.7,2,2,71.0,0.0,115.4,273.4,143.9,71.0
2026-09-19 23:44:05,mfsweep_shard0,LRT_MMUR,59,4098.64,98,0,1,2575.2,2950.9,375.7,2,2,85.6,0.0,68.5,101.1,120.5,85.6
2026-09-19 23:44:05,mfsweep_shard0,LRT_MMUR,59,4098.64,99,0,1,2601.5,3068.5,467.0,2,2,82.0,0.0,179.6,113.0,92.5,82.0
2026-09-19 23:44:05,mfsweep_shard0,LRT_MMUR,59,4098.64,100,0,1,2627.7,3210.9,583.2,2,2,53.9,0.0,97.6,103.1,328.5,53.9
2026-09-19 23:44:05,mfsweep_shard0,LRT_MMUR,59,4098.64,101,0,1,2654.0,3012.9,358.9,2,2,77.3,0.0,202.2,79.4,0.0,77.3
2026-09-19 23:44:05,mfsweep_shard0,LRT_MMUR,59,4098.64,102,0,1,2680.3,3021.6,341.3,2,2,76.0,0.0,149.2,83.3,32.8,76.0
2026-09-19 23:44:05,mfsweep_shard0,LRT_MMUR,59,4098.64,103,0,1,2706.6,3091.8,385.2,2,2,71.3,0.0,164.9,101.7,47.3,71.3
2026-09-19 23:44:05,mfsweep_shard0,LRT_MMUR,59,4098.64,104,0,1,2732.9,3980.5,1247.6,2,2,62.4,0.0,201.3,131.8,852.1,62.4
2026-09-19 23:44:05,mfsweep_shard0,LRT_MMUR,59,4098.64,105,0,1,2759.1,3377.4,618.3,2,2,74.7,0.0,310.2,120.2,113.2,74.7
2026-09-19 23:44:05,mfsweep_shard0,LRT_MMUR,59,4098.64,106,0,1,2785.4,4062.1,1276.7,2,2,57.2,0.1,188.2,201.4,829.9,57.2
2026-09-19 23:44:05,mfsweep_shard0,LRT_MMUR,59,4098.64,107,0,1,2811.7,3874.4,1062.7,2,2,67.9,0.1,156.2,144.2,694.3,67.9
2026-09-19 23:44:05,mfsweep_shard0,LRT_MMUR,59,4098.64,108,0,1,2838.0,3820.9,982.9,2,2,68.5,0.1,245.0,222.2,447.1,68.5
2026-09-19 23:44:05,mfsweep_shard0,LRT_MMUR,59,4098.64,109,0,1,2864.2,3206.4,342.2,2,2,85.0,0.0,84.2,124.6,48.3,85.0
2026-09-19 23:44:05,mfsweep_shard0,LRT_MMUR,59,4098.64,110,0,1,2890.5,3514.4,623.9,2,2,82.4,0.1,220.1,266.2,55.1,82.4
2026-09-19 23:44:05,mfsweep_shard0,LRT_MMUR,59,4098.64,111,0,1,2916.8,4017.9,1101.1,2,2,62.2,0.1,172.2,120.8,745.8,62.2
2026-09-19 23:44:05,mfsweep_shard0,LRT_MMUR,59,4098.64,112,0,1,2943.1,3781.3,838.2,2,2,70.1,0.1,150.9,223.6,393.4,70.1
2026-09-19 23:44:05,mfsweep_shard0,LRT_MMUR,59,4098.64,113,0,1,2969.3,3532.4,563.0,2,2,59.4,0.0,144.9,358.5,0.2,59.4
2026-09-19 23:44:05,mfsweep_shard0,LRT_MMUR,59,4098.64,114,0,1,2995.6,3699.3,703.7,2,2,83.7,0.2,259.9,243.4,66.7,133.5
2026-09-19 23:44:05,mfsweep_shard0,LRT_MMUR,59,4098.64,115,0,1,3021.9,3754.0,732.1,2,2,82.3,0.2,241.8,280.6,127.2,82.3
2026-09-19 23:44:05,mfsweep_shard0,LRT_MMUR,59,4098.64,116,0,1,3048.2,3927.0,878.8,2,2,63.4,0.2,224.3,206.8,384.1,63.4
2026-09-19 23:44:05,mfsweep_shard0,LRT_MMUR,59,4098.64,117,0,1,3074.5,3661.5,587.1,2,2,74.6,0.0,68.6,431.0,0.0,87.4
2026-09-19 23:44:05,mfsweep_shard0,LRT_MMUR,59,4098.64,118,0,1,3100.7,3601.7,501.0,2,2,73.6,0.0,42.2,370.4,14.8,73.6
2026-09-19 23:44:05,mfsweep_shard0,LRT_MMUR,59,4098.64,119,0,1,3127.0,3758.8,631.7,2,2,58.6,0.0,244.3,328.8,0.0,58.6
2026-09-19 23:44:05,mfsweep_shard0,LRT_MMUR,59,4098.64,120,0,1,3153.3,3545.7,392.4,2,2,78.7,0.0,110.4,186.7,16.5,78.7
2026-09-19 23:44:05,mfsweep_shard0,LRT_MMUR,59,4098.64,121,0,1,3179.6,3625.4,445.9,2,2,71.3,0.0,170.8,203.6,0.0,71.3
2026-09-19 23:44:05,mfsweep_shard0,LRT_MMUR,59,4098.64,122,0,1,3205.8,3971.3,765.4,2,2,79.2,0.0,186.0,219.9,280.3,79.2
2026-09-19 23:44:05,mfsweep_shard0,LRT_MMUR,59,4098.64,123,0,1,3232.1,3592.3,360.2,2,2,71.0,0.0,87.7,139.9,61.5,71.0
2026-09-19 23:44:05,mfsweep_shard0,LRT_MMUR,59,4098.64,124,0,1,3258.4,4098.6,840.2,2,2,53.6,0.0,54.8,86.9,645.0,53.6
2026-09-19 23:44:05,mfsweep_shard0,LRT_MMUR,59,4098.64,125,0,1,3284.7,3582.8,298.2,2,2,64.2,0.0,103.3,130.6,0.0,64.2
2026-09-19 23:44:05,mfsweep_shard0,LRT_MMUR,59,4098.64,126,0,1,3311.0,4056.8,745.8,2,2,54.2,0.0,81.8,259.6,350.2,54.2
2026-09-19 23:44:05,mfsweep_shard0,LRT_MMUR,59,4098.64,127,0,1,3337.2,3744.8,407.5,2,2,84.2,0.0,91.0,199.3,33.0,84.2
2026-09-19 23:44:05,mfsweep_shard0,LRT_MMUR,59,4098.64,128,0,1,3363.5,3786.1,422.6,2,2,82.5,0.0,72.5,249.8,17.8,82.5
2026-09-19 23:44:05,mfsweep_shard0,LRT_MMUR,59,4098.64,129,0,1,3389.8,3908.5,518.7,2,2,81.0,0.0,90.1,240.2,107.3,81.0
2026-09-19 23:44:05,mfsweep_shard0,LRT_MMUR,59,4098.64,130,0,1,3416.1,4022.5,606.5,2,2,63.7,0.0,36.9,231.6,274.2,63.7
2026-09-19 23:44:05,mfsweep_shard0,LRT_MMUR,59,4098.64,131,0,1,3442.3,3976.0,533.7,2,2,55.5,0.0,47.8,193.9,236.5,55.5
2026-09-19 23:44:05,mfsweep_shard0,LRT_MMUR,59,4098.64,132,0,1,3468.6,3838.2,369.6,2,2,82.5,0.0,55.3,197.1,34.7,82.5
2026-09-19 23:44:05,mfsweep_shard0,LRT_MMUR,59,4098.64,133,0,1,3494.9,3796.0,301.1,2,2,84.8,0.0,63.4,124.5,28.4,84.8
2026-09-19 23:44:05,mfsweep_shard0,LRT_MMUR,59,4098.64,134,0,1,3521.2,3892.0,370.8,2,2,56.4,0.0,78.9,139.3,96.1,56.4
2026-09-19 23:44:05,mfsweep_shard0,LRT_MMUR,59,4098.64,135,0,1,3547.5,3852.0,304.5,2,2,69.6,0.0,48.0,113.6,73.4,69.6
2026-09-19 23:44:05,mfsweep_shard0,LRT_MMUR,59,4098.64,136,0,1,3573.7,3936.4,362.7,2,2,55.8,0.0,69.5,111.3,126.0,55.8
2026-09-19 23:48:19,mfsweep_shard0,LRT_MMUR,60,4895.50,0,0,1,0.0,206.8,206.8,2,2,74.6,0.0,59.6,72.6,0.0,74.6
2026-09-19 23:48:19,mfsweep_shard0,LRT_MMUR,60,4895.50,1,0,1,26.3,311.5,285.2,2,2,54.4,0.0,98.4,96.1,36.0,54.6
2026-09-19 23:48:19,mfsweep_shard0,LRT_MMUR,60,4895.50,2,0,1,52.6,254.7,202.1,2,2,62.6,0.0,68.6,70.9,0.0,62.6
2026-09-19 23:48:19,mfsweep_shard0,LRT_MMUR,60,4895.50,3,0,1,78.8,1696.5,1617.7,2,2,60.9,0.0,240.3,196.0,1103.6,77.8
2026-09-19 23:48:19,mfsweep_shard0,LRT_MMUR,60,4895.50,4,0,1,105.1,455.8,350.7,2,2,77.8,0.0,48.2,140.3,84.3,77.8
2026-09-19 23:48:19,mfsweep_shard0,LRT_MMUR,60,4895.50,5,0,1,131.4,682.0,550.6,2,2,75.9,0.0,115.0,154.0,181.2,100.4
2026-09-19 23:48:19,mfsweep_shard0,LRT_MMUR,60,4895.50,6,0,1,157.7,379.3,221.6,2,2,83.0,0.0,52.3,85.5,0.8,83.0
2026-09-19 23:48:19,mfsweep_shard0,LRT_MMUR,60,4895.50,7,0,1,183.9,1928.7,1744.7,2,2,56.4,0.1,285.2,167.5,1235.5,56.4
2026-09-19 23:48:19,mfsweep_shard0,LRT_MMUR,60,4895.50,8,0,1,210.2,1538.0,1327.8,2,2,67.5,0.1,253.6,154.6,830.2,89.3
2026-09-19 23:48:19,mfsweep_shard0,LRT_MMUR,60,4895.50,9,0,1,236.5,442.6,206.1,2,2,54.5,0.0,66.1,85.4,0.0,54.5
2026-09-19 23:48:19,mfsweep_shard0,LRT_MMUR,60,4895.50,10,0,1,262.8,480.6,217.8,2,2,60.8,0.0,64.1,72.2,20.8,60.8
2026-09-19 23:48:19,mfsweep_shard0,LRT_MMUR,60,4895.50,11,0,1,289.1,565.9,276.8,2,2,70.2,0.0,99.3,72.9,34.3,70.2
2026-09-19 23:48:19,mfsweep_shard0,LRT_MMUR,60,4895.50,12,0,1,315.3,639.6,324.2,2,2,54.4,0.0,118.3,76.1,75.4,54.4
2026-09-19 23:48:19,mfsweep_shard0,LRT_MMUR,60,4895.50,13,0,1,341.6,623.0,281.4,2,2,60.1,0.0,72.2,149.1,0.0,60.1
2026-09-19 23:48:19,mfsweep_shard0,LRT_MMUR,60,4895.50,14,0,1,367.9,747.2,379.3,2,2,75.0,0.0,75.6,161.8,66.9,75.0
2026-09-19 23:48:19,mfsweep_shard0,LRT_MMUR,60,4895.50,15,0,1,394.2,945.4,551.2,2,2,71.5,0.0,109.6,131.1,238.9,71.5
2026-09-19 23:48:19,mfsweep_shard0,LRT_MMUR,60,4895.50,16,0,1,420.4,1686.8,1266.4,2,2,60.8,0.1,226.0,126.1,853.3,60.8
2026-09-19 23:48:19,mfsweep_shard0,LRT_MMUR,60,4895.50,17,0,1,446.7,885.3,438.5,2,2,73.0,0.0,235.6,101.7,28.2,73.0
2026-09-19 23:48:19,mfsweep_shard0,LRT_MMUR,60,4895.50,18,0,1,473.0,880.6,407.6,2,2,80.3,0.0,194.5,123.8,9.0,80.3
2026-09-19 23:48:19,mfsweep_shard0,LRT_MMUR,60,4895.50,19,0,1,499.3,810.0,310.7,2,2,53.8,0.0,153.6,103.3,0.0,53.8
2026-09-19 23:48:19,mfsweep_shard0,LRT_MMUR,60,4895.50,20,0,1,525.6,936.0,410.4,2,2,80.1,0.0,137.0,97.0,96.3,80.1
2026-09-19 23:48:19,mfsweep_shard0,LRT_MMUR,60,4895.50,21,0,1,551.8,871.3,319.5,2,2,76.6,0.0,124.0,118.9,0.0,76.6
2026-09-19 23:48:19,mfsweep_shard0,LRT_MMUR,60,4895.50,22,0,1,578.1,1015.1,437.0,2,2,64.8,0.0,125.1,129.8,117.2,64.8
2026-09-19 23:48:19,mfsweep_shard0,LRT_MMUR,60,4895.50,23,0,1,604.4,1738.9,1134.5,2,2,58.7,0.0,241.0,156.6,665.0,71.9
2026-09-19 23:48:19,mfsweep_shard0,LRT_MMUR,60,4895.50,24,0,1,630.7,950.1,319.4,2,2,85.1,0.0,84.7,130.6,18.9,85.1
2026-09-19 23:48:19,mfsweep_shard0,LRT_MMUR,60,4895.50,25,0,1,656.9,1122.6,465.6,2,2,64.7,0.0,186.4,105.1,109.5,64.7
2026-09-19 23:48:19,mfsweep_shard0,LRT_MMUR,60,4895.50,26,0,1,683.2,1788.4,1105.2,2,2,56.6,0.0,289.3,137.6,621.7,56.6
2026-09-19 23:48:19,mfsweep_shard0,LRT_MMUR,60,4895.50,27,0,1,709.5,1822.9,1113.4,2,2,56.7,0.0,178.0,153.8,724.9,56.7
2026-09-19 23:48:19,mfsweep_shard0,LRT_MMUR,60,4895.50,28,0,1,735.8,1019.5,283.7,2,2,81.5,0.0,73.5,123.1,5.5,81.5
2026-09-19 23:48:19,mfsweep_shard0,LRT_MMUR,60,4895.50,29,0,1,762.0,1051.3,289.3,2,2,73.5,0.0,46.0,144.8,24.9,73.5
2026-09-19 23:48:19,mfsweep_shard0,LRT_MMUR,60,4895.50,30,0,1,788.3,1165.1,376.8,2,2,80.2,0.0,76.8,176.3,43.5,80.2
2026-09-19 23:48:19,mfsweep_shard0,LRT_MMUR,60,4895.50,31,0,1,814.6,1183.2,368.6,2,2,77.6,0.0,44.4,210.1,36.5,77.6
2026-09-19 23:48:19,mfsweep_shard0,LRT_MMUR,60,4895.50,32,0,1,840.9,1448.5,607.6,2,2,71.2,0.0,138.3,148.7,249.4,71.2
2026-09-19 23:48:19,mfsweep_shard0,LRT_MMUR,60,4895.50,33,0,1,867.2,1313.8,446.6,2,2,85.7,0.0,98.5,208.2,54.2,85.7
2026-09-19 23:48:19,mfsweep_shard0,LRT_MMUR,60,4895.50,34,0,1,893.4,1568.1,674.7,2,2,66.0,0.0,147.3,186.4,274.9,66.0
2026-09-19 23:48:19,mfsweep_shard0,LRT_MMUR,60,4895.50,35,0,1,919.7,1387.1,467.3,2,2,71.8,0.0,166.5,178.9,50.2,71.8
2026-09-19 23:48:19,mfsweep_shard0,LRT_MMUR,60,4895.50,36,0,1,946.0,1393.3,447.3,2,2,80.9,0.0,187.1,136.8,42.5,80.9
2026-09-19 23:48:19,mfsweep_shard0,LRT_MMUR,60,4895.50,37,0,1,972.3,1346.4,374.2,2,2,74.0,0.0,97.7,111.3,91.1,74.0
2026-09-19 23:48:19,mfsweep_shard0,LRT_MMUR,60,4895.50,38,0,1,998.5,1453.4,454.8,2,2,82.0,0.0,168.8,148.2,55.9,82.0
2026-09-19 23:48:19,mfsweep_shard0,LRT_MMUR,60,4895.50,39,0,1,1024.8,1404.1,379.3,2,2,72.6,0.0,148.6,158.1,0.0,72.6
2026-09-19 23:48:19,mfsweep_shard0,LRT_MMUR,60,4895.50,40,0,1,1051.1,1508.3,457.2,2,2,76.8,0.0,87.4,157.0,136.0,76.8
2026-09-19 23:48:19,mfsweep_shard0,LRT_MMUR,60,4895.50,41,0,1,1077.4,1773.5,696.2,2,2,55.1,0.0,178.1,110.0,353.0,55.1
2026-09-19 23:48:19,mfsweep_shard0,LRT_MMUR,60,4895.50,42,0,1,1103.7,1596.7,493.1,2,2,61.1,0.0,112.8,102.8,216.4,61.1
2026-09-19 23:48:19,mfsweep_shard0,LRT_MMUR,60,4895.50,43,0,1,1129.9,1591.2,461.3,2,2,63.1,0.0,79.0,82.7,236.4,63.1
2026-09-19 23:48:19,mfsweep_shard0,LRT_MMUR,60,4895.50,44,0,1,1156.2,1610.9,454.7,2,2,56.2,0.0,84.0,68.2,246.2,56.2
2026-09-19 23:48:19,mfsweep_shard0,LRT_MMUR,60,4895.50,45,0,1,1182.5,1417.2,234.7,2,2,61.2,0.0,99.9,73.6,0.0,61.2
2026-09-19 23:48:19,mfsweep_shard0,LRT_MMUR,60,4895.50,46,0,1,1208.8,1529.2,320.4,2,2,56.9,0.0,137.7,97.5,28.3,56.9
2026-09-19 23:48:19,mfsweep_shard0,LRT_MMUR,60,4895.50,47,0,1,1235.0,1480.8,245.8,2,2,62.7,0.0,103.7,79.3,0.0,62.7
2026-09-19 23:48:19,mfsweep_shard0,LRT_MMUR,60,4895.50,48,0,1,1261.3,1582.1,320.8,2,2,74.5,0.0,127.4,87.6,31.2,74.5
2026-09-19 23:48:19,mfsweep_shard0,LRT_MMUR,60,4895.50,49,0,1,1287.6,1705.0,417.4,2,2,65.6,0.0,155.6,99.6,96.6,65.6
2026-09-19 23:48:19,mfsweep_shard0,LRT_MMUR,60,4895.50,50,0,1,1313.9,1625.4,311.5,2,2,65.8,0.0,129.8,77.0,39.0,65.8
2026-09-19 23:48:19,mfsweep_shard0,LRT_MMUR,60,4895.50,51,0,1,1340.2,2304.0,963.8,2,2,60.5,0.0,345.1,76.7,481.6,60.5
2026-09-19 23:48:19,mfsweep_shard0,LRT_MMUR,60,4895.50,52,0,1,1366.4,1779.8,413.4,2,2,62.4,0.0,210.6,98.5,41.8,62.4
2026-09-19 23:48:19,mfsweep_shard0,LRT_MMUR,60,4895.50,53,0,1,1392.7,1836.3,443.6,2,2,84.5,0.0,245.9,100.1,13.0,84.5
2026-09-19 23:48:19,mfsweep_shard0,LRT_MMUR,60,4895.50,54,0,1,1419.0,1969.7,550.7,2,2,74.9,0.0,222.8,89.7,163.2,74.9
2026-09-19 23:48:19,mfsweep_shard0,LRT_MMUR,60,4895.50,55,0,1,1445.3,1980.1,534.8,2,2,73.6,0.0,186.1,92.3,182.8,73.6
2026-09-19 23:48:19,mfsweep_shard0,LRT_MMUR,60,4895.50,56,0,1,1471.5,2140.7,669.1,2,2,59.2,0.0,177.4,84.5,348.0,59.2
2026-09-19 23:48:19,mfsweep_shard0,LRT_MMUR,60,4895.50,57,0,1,1497.8,1919.6,421.7,2,2,77.6,0.0,167.0,112.8,64.3,77.6
2026-09-19 23:48:19,mfsweep_shard0,LRT_MMUR,60,4895.50,58,0,1,1524.1,2192.9,668.8,2,2,58.9,0.0,116.2,79.3,414.3,58.9
2026-09-19 23:48:19,mfsweep_shard0,LRT_MMUR,60,4895.50,59,0,1,1550.4,2016.5,466.1,2,2,66.1,0.0,135.4,87.6,177.0,66.1
2026-09-19 23:48:19,mfsweep_shard0,LRT_MMUR,60,4895.50,60,0,1,1576.6,2227.5,650.8,2,2,86.2,0.0,422.1,119.9,22.6,86.2
2026-09-19 23:48:19,mfsweep_shard0,LRT_MMUR,60,4895.50,61,0,1,1602.9,1993.9,391.0,2,2,74.7,0.0,201.3,109.5,5.4,74.7
2026-09-19 23:48:19,mfsweep_shard0,LRT_MMUR,60,4895.50,62,0,1,1629.2,2470.6,841.4,2,2,71.9,0.0,140.6,97.6,531.3,71.9
2026-09-19 23:48:19,mfsweep_shard0,LRT_MMUR,60,4895.50,63,0,1,1655.5,2396.8,741.3,2,2,76.1,0.0,166.1,109.5,389.5,76.1
2026-09-19 23:48:19,mfsweep_shard0,LRT_MMUR,60,4895.50,64,0,1,1681.8,2232.3,550.5,2,2,81.4,0.0,262.1,145.7,61.3,81.4
2026-09-19 23:48:19,mfsweep_shard0,LRT_MMUR,60,4895.50,65,0,1,1708.0,2164.2,456.1,2,2,79.2,0.0,152.8,137.5,86.6,79.2
2026-09-19 23:48:19,mfsweep_shard0,LRT_MMUR,60,4895.50,66,0,1,1734.3,2691.6,957.3,2,2,61.1,0.0,102.9,115.5,677.9,61.1
2026-09-19 23:48:19,mfsweep_shard0,LRT_MMUR,60,4895.50,67,0,1,1760.6,2804.0,1043.4,2,2,54.6,0.0,165.1,98.8,724.9,54.6
2026-09-19 23:48:19,mfsweep_shard0,LRT_MMUR,60,4895.50,68,0,1,1786.9,2573.2,786.4,2,2,64.0,0.0,96.1,113.9,512.5,64.0
2026-09-19 23:48:19,mfsweep_shard0,LRT_MMUR,60,4895.50,69,0,1,1813.1,2725.6,912.5,2,2,62.4,0.0,175.8,162.7,511.5,62.4
2026-09-19 23:48:19,mfsweep_shard0,LRT_MMUR,60,4895.50,70,0,1,1839.4,2786.0,946.6,2,2,60.5,0.0,225.0,193.9,467.1,60.5
2026-09-19 23:48:19,mfsweep_shard0,LRT_MMUR,60,4895.50,71,0,1,1865.7,2246.1,380.4,2,2,84.7,0.0,127.8,135.2,32.7,84.7
2026-09-19 23:48:19,mfsweep_shard0,LRT_MMUR,60,4895.50,72,0,1,1892.0,2283.1,391.1,2,2,82.5,0.0,157.6,76.2,74.9,82.5
2026-09-19 23:48:19,mfsweep_shard0,LRT_MMUR,60,4895.50,73,0,1,1918.3,2760.9,842.6,2,2,63.9,0.0,231.2,113.6,433.8,63.9
2026-09-19 23:48:19,mfsweep_shard0,LRT_MMUR,60,4895.50,74,0,1,1944.5,2405.9,461.4,2,2,75.2,0.0,189.7,69.5,127.1,75.2
2026-09-19 23:48:19,mfsweep_shard0,LRT_MMUR,60,4895.50,75,0,1,1970.8,2526.3,555.5,2,2,66.6,0.0,131.9,64.5,292.5,66.6
2026-09-19 23:48:19,mfsweep_shard0,LRT_MMUR,60,4895.50,76,0,1,1997.1,2347.8,350.8,2,2,83.7,0.0,162.8,75.3,28.9,83.7
2026-09-19 23:48:19,mfsweep_shard0,LRT_MMUR,60,4895.50,77,0,1,2023.4,2273.3,249.9,2,2,68.7,0.0,112.7,68.0,0.5,68.7
2026-09-19 23:48:19,mfsweep_shard0,LRT_MMUR,60,4895.50,78,0,1,2049.6,2452.0,402.4,2,2,62.3,0.0,221.9,77.9,40.3,62.3
2026-09-19 23:48:19,mfsweep_shard0,LRT_MMUR,60,4895.50,79,0,1,2075.9,2669.6,593.7,2,2,61.7,0.0,108.6,82.8,340.6,61.7
2026-09-19 23:48:19,mfsweep_shard0,LRT_MMUR,60,4895.50,80,0,1,2102.2,2568.0,465.8,2,2,72.1,0.0,128.3,168.2,97.2,72.1
2026-09-19 23:48:19,mfsweep_shard0,LRT_MMUR,60,4895.50,81,0,1,2128.5,2765.2,636.8,2,2,62.2,0.0,239.6,118.7,216.2,62.2
2026-09-19 23:48:19,mfsweep_shard0,LRT_MMUR,60,4895.50,82,0,1,2154.7,2486.7,332.0,2,2,72.8,0.0,146.4,88.5,24.2,72.8
2026-09-19 23:48:19,mfsweep_shard0,LRT_MMUR,60,4895.50,83,0,1,2181.0,2551.4,370.4,2,2,83.2,0.0,161.2,83.9,42.1,83.2
2026-09-19 23:48:19,mfsweep_shard0,LRT_MMUR,60,4895.50,84,0,1,2207.3,2534.4,327.1,2,2,66.7,0.0,169.9,90.5,0.0,66.7
2026-09-19 23:48:19,mfsweep_shard0,LRT_MMUR,60,4895.50,85,0,1,2233.6,2678.8,445.2,2,2,60.8,0.0,97.8,142.7,143.9,60.8
2026-09-19 23:48:19,mfsweep_shard0,LRT_MMUR,60,4895.50,86,0,1,2259.9,2580.6,320.7,2,2,86.5,0.0,89.1,115.7,29.4,86.5
2026-09-19 23:48:19,mfsweep_shard0,LRT_MMUR,60,4895.50,87,0,1,2286.1,2776.4,490.2,2,2,70.4,0.0,193.4,129.0,97.5,70.4
2026-09-19 23:48:19,mfsweep_shard0,LRT_MMUR,60,4895.50,88,0,1,2312.4,4735.2,2422.8,2,2,56.5,0.0,315.2,489.1,1527.0,91.4
2026-09-19 23:48:19,mfsweep_shard0,LRT_MMUR,60,4895.50,89,0,1,2338.7,4817.4,2478.7,2,2,55.1,0.1,455.9,484.8,1473.6,64.4
2026-09-19 23:48:19,mfsweep_shard0,LRT_MMUR,60,4895.50,90,0,1,2365.0,3152.9,788.0,2,2,57.2,0.0,120.9,283.9,326.0,57.2
2026-09-19 23:48:19,mfsweep_shard0,LRT_MMUR,60,4895.50,91,0,1,2391.2,2799.3,408.0,2,2,74.3,0.0,120.7,179.9,33.1,74.3
2026-09-19 23:48:19,mfsweep_shard0,LRT_MMUR,60,4895.50,92,0,1,2417.5,2711.7,294.2,2,2,79.7,0.0,105.5,92.0,17.0,79.7
2026-09-19 23:48:19,mfsweep_shard0,LRT_MMUR,60,4895.50,93,0,1,2443.8,3054.4,610.6,2,2,67.5,0.0,129.2,106.1,307.8,67.5
2026-09-19 23:48:19,mfsweep_shard0,LRT_MMUR,60,4895.50,94,0,1,2470.1,3610.6,1140.6,2,2,55.6,0.1,60.8,216.0,808.0,55.6
2026-09-19 23:48:19,mfsweep_shard0,LRT_MMUR,60,4895.50,95,0,1,2496.4,3223.8,727.4,2,2,66.1,0.0,314.2,174.5,172.6,66.1
2026-09-19 23:48:19,mfsweep_shard0,LRT_MMUR,60,4895.50,96,0,1,2522.6,2886.5,363.9,2,2,86.4,0.0,119.5,149.3,8.6,86.4
2026-09-19 23:48:19,mfsweep_shard0,LRT_MMUR,60,4895.50,97,0,1,2548.9,2938.3,389.4,2,2,71.0,0.0,113.9,185.7,18.7,71.0
2026-09-19 23:48:19,mfsweep_shard0,LRT_MMUR,60,4895.50,98,0,1,2575.2,3006.1,431.0,2,2,85.6,0.0,100.6,218.0,26.7,85.6
2026-09-19 23:48:19,mfsweep_shard0,LRT_MMUR,60,4895.50,99,0,1,2601.5,2979.7,378.3,2,2,82.0,0.0,101.5,194.7,0.0,82.0
2026-09-19 23:48:19,mfsweep_shard0,LRT_MMUR,60,4895.50,100,0,1,2627.7,4895.5,2267.8,2,2,53.9,0.2,372.5,499.6,1341.5,53.9
2026-09-19 23:48:19,mfsweep_shard0,LRT_MMUR,60,4895.50,101,0,1,2654.0,3085.7,431.7,2,2,77.3,0.0,78.3,276.1,0.0,77.3
2026-09-19 23:48:19,mfsweep_shard0,LRT_MMUR,60,4895.50,102,0,1,2680.3,3191.8,511.5,2,2,76.0,0.0,102.1,272.5,60.8,76.0
2026-09-19 23:48:19,mfsweep_shard0,LRT_MMUR,60,4895.50,103,0,1,2706.6,3232.9,526.3,2,2,71.3,0.0,210.7,211.6,32.7,71.3
2026-09-19 23:48:19,mfsweep_shard0,LRT_MMUR,60,4895.50,104,0,1,2732.9,3642.7,909.9,2,2,62.4,0.1,274.4,313.1,259.9,62.4
2026-09-19 23:48:19,mfsweep_shard0,LRT_MMUR,60,4895.50,105,0,1,2759.1,3148.1,389.0,2,2,74.7,0.0,150.5,118.2,45.6,74.7
2026-09-19 23:48:19,mfsweep_shard0,LRT_MMUR,60,4895.50,106,0,1,2785.4,4776.8,1991.4,2,2,57.2,0.4,346.4,375.0,1172.2,97.3
2026-09-19 23:48:19,mfsweep_shard0,LRT_MMUR,60,4895.50,107,0,1,2811.7,4290.3,1478.7,2,2,67.9,0.3,183.3,314.7,912.5,67.9
2026-09-19 23:48:19,mfsweep_shard0,LRT_MMUR,60,4895.50,108,0,1,2838.0,3762.5,924.5,2,2,68.5,0.3,321.2,266.1,268.5,68.5
2026-09-19 23:48:19,mfsweep_shard0,LRT_MMUR,60,4895.50,109,0,1,2864.2,3336.4,472.1,2,2,85.0,0.0,228.6,131.2,27.3,85.0
2026-09-19 23:48:19,mfsweep_shard0,LRT_MMUR,60,4895.50,110,0,1,2890.5,3615.4,724.9,2,2,82.4,0.1,228.6,258.7,108.9,128.6
2026-09-19 23:48:19,mfsweep_shard0,LRT_MMUR,60,4895.50,111,0,1,2916.8,4435.2,1518.4,2,2,62.2,0.3,254.4,286.9,914.6,62.2
2026-09-19 23:48:19,mfsweep_shard0,LRT_MMUR,60,4895.50,112,0,1,2943.1,3310.4,367.3,2,2,70.1,0.0,140.6,124.3,32.4,70.1
2026-09-19 23:48:19,mfsweep_shard0,LRT_MMUR,60,4895.50,113,0,1,2969.3,4479.0,1509.7,2,2,59.4,0.4,264.8,293.2,891.9,59.4
2026-09-19 23:48:19,mfsweep_shard0,LRT_MMUR,60,4895.50,114,0,1,2995.6,3341.2,345.6,2,2,83.7,0.1,96.0,136.5,29.3,83.7
2026-09-19 23:48:19,mfsweep_shard0,LRT_MMUR,60,4895.50,115,0,1,3021.9,3255.8,233.9,2,2,82.3,0.0,46.8,104.8,0.0,82.3
2026-09-19 23:48:19,mfsweep_shard0,LRT_MMUR,60,4895.50,116,0,1,3048.2,4387.4,1339.2,2,2,63.4,0.4,317.1,309.6,648.7,63.4
2026-09-19 23:48:19,mfsweep_shard0,LRT_MMUR,60,4895.50,117,0,1,3074.5,3443.9,369.4,2,2,74.6,0.0,70.8,121.0,103.0,74.6
2026-09-19 23:48:19,mfsweep_shard0,LRT_MMUR,60,4895.50,118,0,1,3100.7,4181.1,1080.4,2,2,73.6,0.4,307.5,311.8,387.1,73.6
2026-09-19 23:48:19,mfsweep_shard0,LRT_MMUR,60,4895.50,119,0,1,3127.0,4523.2,1396.2,2,2,58.6,0.3,243.2,280.4,813.8,58.6
2026-09-19 23:48:19,mfsweep_shard0,LRT_MMUR,60,4895.50,120,0,1,3153.3,4123.1,969.8,2,2,78.7,0.5,263.9,309.6,264.3,131.5
2026-09-19 23:48:19,mfsweep_shard0,LRT_MMUR,60,4895.50,121,0,1,3179.6,4238.0,1058.5,2,2,71.3,0.3,193.9,256.3,536.6,71.3
2026-09-19 23:48:19,mfsweep_shard0,LRT_MMUR,60,4895.50,122,0,1,3205.8,3878.4,672.6,2,2,79.2,0.3,297.9,289.9,5.1,79.2
2026-09-19 23:48:19,mfsweep_shard0,LRT_MMUR,60,4895.50,123,0,1,3232.1,3596.8,364.6,2,2,71.0,0.0,132.3,161.2,0.0,71.0
2026-09-19 23:48:19,mfsweep_shard0,LRT_MMUR,60,4895.50,124,0,1,3258.4,3703.7,445.3,2,2,53.6,0.0,188.4,155.2,48.2,53.6
2026-09-19 23:48:19,mfsweep_shard0,LRT_MMUR,60,4895.50,125,0,1,3284.7,3663.4,378.7,2,2,64.2,0.0,70.9,174.5,69.1,64.2
2026-09-19 23:48:19,mfsweep_shard0,LRT_MMUR,60,4895.50,126,0,1,3311.0,4856.0,1545.1,2,2,54.2,0.4,322.9,304.6,863.0,54.2
2026-09-19 23:48:19,mfsweep_shard0,LRT_MMUR,60,4895.50,127,0,1,3337.2,3994.8,657.5,2,2,84.2,0.2,230.4,251.0,77.4,98.5
2026-09-19 23:48:19,mfsweep_shard0,LRT_MMUR,60,4895.50,128,0,1,3363.5,3883.0,519.5,2,2,82.5,0.3,304.6,131.3,0.8,82.5
2026-09-19 23:48:19,mfsweep_shard0,LRT_MMUR,60,4895.50,129,0,1,3389.8,4059.4,669.6,2,2,81.0,0.3,173.1,304.7,110.6,81.0
2026-09-19 23:48:19,mfsweep_shard0,LRT_MMUR,60,4895.50,130,0,1,3416.1,4339.6,923.5,2,2,63.7,0.3,316.9,116.5,426.2,63.7
2026-09-19 23:48:19,mfsweep_shard0,LRT_MMUR,60,4895.50,131,0,1,3442.3,3771.3,329.0,2,2,55.5,0.0,164.6,108.9,0.0,55.5
2026-09-19 23:48:19,mfsweep_shard0,LRT_MMUR,60,4895.50,132,0,1,3468.6,3781.1,312.5,2,2,82.5,0.1,96.0,113.9,20.0,82.5
2026-09-19 23:48:19,mfsweep_shard0,LRT_MMUR,60,4895.50,133,0,1,3494.9,3928.7,433.8,2,2,84.8,0.0,201.3,106.3,41.4,84.8
2026-09-19 23:48:19,mfsweep_shard0,LRT_MMUR,60,4895.50,134,0,1,3521.2,4693.1,1171.9,2,2,56.4,0.1,270.9,127.2,717.3,56.4
2026-09-19 23:48:19,mfsweep_shard0,LRT_MMUR,60,4895.50,135,0,1,3547.5,4050.8,503.3,2,2,69.6,0.0,311.1,100.5,22.1,69.6
2026-09-19 23:48:19,mfsweep_shard0,LRT_MMUR,60,4895.50,136,0,1,3573.7,3999.1,425.4,2,2,55.8,0.0,216.1,147.0,6.4,55.8
2026-09-19 23:52:25,mfsweep_shard0,LRT_MMUR,61,5080.82,0,0,1,0.0,206.6,206.6,2,2,74.6,0.0,59.6,72.3,0.0,74.6
2026-09-19 23:52:25,mfsweep_shard0,LRT_MMUR,61,5080.82,1,0,1,26.3,250.5,224.2,2,2,54.4,0.0,61.8,72.8,35.2,54.4
2026-09-19 23:52:25,mfsweep_shard0,LRT_MMUR,61,5080.82,2,0,1,52.6,446.2,393.6,2,2,62.6,0.0,124.9,97.8,76.0,94.8
2026-09-19 23:52:25,mfsweep_shard0,LRT_MMUR,61,5080.82,3,0,1,78.8,508.8,430.0,2,2,60.9,0.0,157.6,108.7,102.7,60.9
2026-09-19 23:52:25,mfsweep_shard0,LRT_MMUR,61,5080.82,4,0,1,105.1,375.4,270.3,2,2,77.8,0.0,66.4,126.1,0.0,77.8
2026-09-19 23:52:25,mfsweep_shard0,LRT_MMUR,61,5080.82,5,0,1,131.4,411.4,280.0,2,2,75.9,0.0,53.7,126.3,24.1,75.9
2026-09-19 23:52:25,mfsweep_shard0,LRT_MMUR,61,5080.82,6,0,1,157.7,389.4,231.8,2,2,83.0,0.0,59.9,88.9,0.0,83.0
2026-09-19 23:52:25,mfsweep_shard0,LRT_MMUR,61,5080.82,7,0,1,183.9,490.8,306.8,2,2,56.4,0.0,106.6,138.6,5.2,56.4
2026-09-19 23:52:25,mfsweep_shard0,LRT_MMUR,61,5080.82,8,0,1,210.2,469.3,259.1,2,2,67.5,0.0,104.3,83.8,3.5,67.5
2026-09-19 23:52:25,mfsweep_shard0,LRT_MMUR,61,5080.82,9,0,1,236.5,624.6,388.1,2,2,54.5,0.0,82.1,70.5,180.9,54.5
2026-09-19 23:52:25,mfsweep_shard0,LRT_MMUR,61,5080.82,10,0,1,262.8,578.9,316.2,2,2,60.8,0.0,87.2,98.5,69.7,60.8
2026-09-19 23:52:25,mfsweep_shard0,LRT_MMUR,61,5080.82,11,0,1,289.1,535.8,246.8,2,2,70.2,0.0,54.9,98.5,23.1,70.2
2026-09-19 23:52:25,mfsweep_shard0,LRT_MMUR,61,5080.82,12,0,1,315.3,656.5,341.1,2,2,54.4,0.0,50.2,99.8,136.6,54.4
2026-09-19 23:52:25,mfsweep_shard0,LRT_MMUR,61,5080.82,13,0,1,341.6,1194.2,852.6,2,2,60.1,0.0,151.8,206.8,433.9,60.1
2026-09-19 23:52:25,mfsweep_shard0,LRT_MMUR,61,5080.82,14,0,1,367.9,688.2,320.3,2,2,75.0,0.0,66.4,140.0,38.9,75.0
2026-09-19 23:52:25,mfsweep_shard0,LRT_MMUR,61,5080.82,15,0,1,394.2,636.6,242.4,2,2,71.5,0.0,93.9,77.0,0.0,71.5
2026-09-19 23:52:25,mfsweep_shard0,LRT_MMUR,61,5080.82,16,0,1,420.4,1077.4,657.0,2,2,60.8,0.1,150.9,122.3,322.9,60.8
2026-09-19 23:52:25,mfsweep_shard0,LRT_MMUR,61,5080.82,17,0,1,446.7,1131.7,685.0,2,2,73.0,0.1,245.5,127.7,238.7,73.0
2026-09-19 23:52:25,mfsweep_shard0,LRT_MMUR,61,5080.82,18,0,1,473.0,1038.3,565.3,2,2,80.3,0.1,184.8,161.7,125.2,93.5
2026-09-19 23:52:25,mfsweep_shard0,LRT_MMUR,61,5080.82,19,0,1,499.3,2266.4,1767.1,2,2,53.8,0.1,459.3,210.5,1034.1,63.1
2026-09-19 23:52:25,mfsweep_shard0,LRT_MMUR,61,5080.82,20,0,1,525.6,785.4,259.9,2,2,80.1,0.0,98.8,80.9,0.0,80.1
2026-09-19 23:52:25,mfsweep_shard0,LRT_MMUR,61,5080.82,21,0,1,551.8,799.5,247.7,2,2,76.6,0.0,83.2,86.5,1.4,76.6
2026-09-19 23:52:25,mfsweep_shard0,LRT_MMUR,61,5080.82,22,0,1,578.1,868.6,290.5,2,2,64.8,0.0,101.8,102.1,21.9,64.8
2026-09-19 23:52:25,mfsweep_shard0,LRT_MMUR,61,5080.82,23,0,1,604.4,1212.2,607.8,2,2,58.7,0.0,108.6,160.1,280.3,58.7
2026-09-19 23:52:25,mfsweep_shard0,LRT_MMUR,61,5080.82,24,0,1,630.7,936.8,306.2,2,2,85.1,0.0,72.5,103.6,44.9,85.1
2026-09-19 23:52:25,mfsweep_shard0,LRT_MMUR,61,5080.82,25,0,1,656.9,980.6,323.7,2,2,64.7,0.0,84.5,174.6,0.0,64.7
2026-09-19 23:52:25,mfsweep_shard0,LRT_MMUR,61,5080.82,26,0,1,683.2,1425.1,741.9,2,2,56.6,0.0,67.9,162.9,454.5,56.6
2026-09-19 23:52:25,mfsweep_shard0,LRT_MMUR,61,5080.82,27,0,1,709.5,1384.2,674.7,2,2,56.7,0.0,181.6,224.0,212.3,56.9
2026-09-19 23:52:25,mfsweep_shard0,LRT_MMUR,61,5080.82,28,0,1,735.8,1082.1,346.3,2,2,81.5,0.0,141.1,120.2,3.5,81.5
2026-09-19 23:52:25,mfsweep_shard0,LRT_MMUR,61,5080.82,29,0,1,762.0,1263.8,501.7,2,2,73.5,0.0,140.9,126.7,153.9,80.2
2026-09-19 23:52:25,mfsweep_shard0,LRT_MMUR,61,5080.82,30,0,1,788.3,1243.0,454.7,2,2,80.2,0.0,200.9,132.8,40.8,80.2
2026-09-19 23:52:25,mfsweep_shard0,LRT_MMUR,61,5080.82,31,0,1,814.6,1122.5,307.9,2,2,77.6,0.0,76.8,144.0,9.4,77.6
2026-09-19 23:52:25,mfsweep_shard0,LRT_MMUR,61,5080.82,32,0,1,840.9,1360.7,519.8,2,2,71.2,0.0,112.9,94.6,241.0,71.2
2026-09-19 23:52:25,mfsweep_shard0,LRT_MMUR,61,5080.82,33,0,1,867.2,1317.4,450.2,2,2,85.7,0.0,190.3,127.4,46.8,85.7
2026-09-19 23:52:25,mfsweep_shard0,LRT_MMUR,61,5080.82,34,0,1,893.4,1949.6,1056.2,2,2,66.0,0.1,372.4,322.1,291.6,70.0
2026-09-19 23:52:25,mfsweep_shard0,LRT_MMUR,61,5080.82,35,0,1,919.7,1989.9,1070.1,2,2,71.8,0.1,332.6,279.8,386.0,71.8
2026-09-19 23:52:25,mfsweep_shard0,LRT_MMUR,61,5080.82,36,0,1,946.0,1322.0,376.0,2,2,80.9,0.0,173.9,112.6,8.5,80.9
2026-09-19 23:52:25,mfsweep_shard0,LRT_MMUR,61,5080.82,37,0,1,972.3,1451.9,479.6,2,2,74.0,0.1,103.7,182.0,119.9,74.0
2026-09-19 23:52:25,mfsweep_shard0,LRT_MMUR,61,5080.82,38,0,1,998.5,1277.1,278.5,2,2,82.0,0.0,100.3,96.2,0.0,82.0
2026-09-19 23:52:25,mfsweep_shard0,LRT_MMUR,61,5080.82,39,0,1,1024.8,1795.4,770.6,2,2,72.6,0.2,318.5,194.0,150.7,107.2
2026-09-19 23:52:25,mfsweep_shard0,LRT_MMUR,61,5080.82,40,0,1,1051.1,1409.4,358.3,2,2,76.8,0.0,120.1,122.8,38.7,76.8
2026-09-19 23:52:25,mfsweep_shard0,LRT_MMUR,61,5080.82,41,0,1,1077.4,2223.4,1146.0,2,2,55.1,0.2,130.9,206.3,753.5,55.1
2026-09-19 23:52:25,mfsweep_shard0,LRT_MMUR,61,5080.82,42,0,1,1103.7,2103.6,1000.0,2,2,61.1,0.2,219.8,237.8,481.0,61.1
2026-09-19 23:52:25,mfsweep_shard0,LRT_MMUR,61,5080.82,43,0,1,1129.9,2011.3,881.4,2,2,63.1,0.3,123.1,203.8,491.2,63.1
2026-09-19 23:52:25,mfsweep_shard0,LRT_MMUR,61,5080.82,44,0,1,1156.2,2196.7,1040.5,2,2,56.2,0.3,119.1,161.8,703.1,56.2
2026-09-19 23:52:25,mfsweep_shard0,LRT_MMUR,61,5080.82,45,0,1,1182.5,2042.6,860.2,2,2,61.2,0.2,168.6,205.9,424.2,61.2
2026-09-19 23:52:25,mfsweep_shard0,LRT_MMUR,61,5080.82,46,0,1,1208.8,2271.2,1062.5,2,2,56.9,0.4,319.7,161.1,524.5,56.9
2026-09-19 23:52:25,mfsweep_shard0,LRT_MMUR,61,5080.82,47,0,1,1235.0,2034.0,799.0,2,2,62.7,0.2,197.1,185.8,353.1,62.7
2026-09-19 23:52:25,mfsweep_shard0,LRT_MMUR,61,5080.82,48,0,1,1261.3,1683.0,421.7,2,2,74.5,0.2,169.9,95.6,28.0,127.9
2026-09-19 23:52:25,mfsweep_shard0,LRT_MMUR,61,5080.82,49,0,1,1287.6,1592.7,305.1,2,2,65.6,0.0,133.4,96.9,9.2,65.6
2026-09-19 23:52:25,mfsweep_shard0,LRT_MMUR,61,5080.82,50,0,1,1313.9,1748.2,434.3,2,2,65.8,0.4,163.4,100.1,104.6,65.8
2026-09-19 23:52:25,mfsweep_shard0,LRT_MMUR,61,5080.82,51,0,1,1340.2,2284.8,944.7,2,2,60.5,0.2,305.3,98.8,479.8,60.5
2026-09-19 23:52:25,mfsweep_shard0,LRT_MMUR,61,5080.82,52,0,1,1366.4,1583.2,216.7,2,2,62.4,0.0,62.6,91.8,0.0,62.4
2026-09-19 23:52:25,mfsweep_shard0,LRT_MMUR,61,5080.82,53,0,1,1392.7,2116.6,723.9,2,2,84.5,0.0,160.5,358.2,56.9,148.3
2026-09-19 23:52:25,mfsweep_shard0,LRT_MMUR,61,5080.82,54,0,1,1419.0,2357.8,938.8,2,2,74.9,0.1,185.5,295.5,382.8,74.9
2026-09-19 23:52:25,mfsweep_shard0,LRT_MMUR,61,5080.82,55,0,1,1445.3,1944.9,499.6,2,2,73.6,0.0,120.0,306.0,0.0,73.6
2026-09-19 23:52:25,mfsweep_shard0,LRT_MMUR,61,5080.82,56,0,1,1471.5,2817.6,1346.1,2,2,59.2,0.1,328.6,287.5,670.7,59.2
2026-09-19 23:52:25,mfsweep_shard0,LRT_MMUR,61,5080.82,57,0,1,1497.8,1994.6,496.8,2,2,77.6,0.1,89.3,236.3,93.5,77.6
2026-09-19 23:52:25,mfsweep_shard0,LRT_MMUR,61,5080.82,58,0,1,1524.1,2702.2,1178.1,2,2,58.9,0.1,122.2,300.8,696.1,58.9
2026-09-19 23:52:25,mfsweep_shard0,LRT_MMUR,61,5080.82,59,0,1,1550.4,1892.6,342.3,2,2,66.1,0.0,125.5,146.5,4.2,66.1
2026-09-19 23:52:25,mfsweep_shard0,LRT_MMUR,61,5080.82,60,0,1,1576.6,2047.3,470.7,2,2,86.2,0.0,85.0,229.6,60.4,95.6
2026-09-19 23:52:25,mfsweep_shard0,LRT_MMUR,61,5080.82,61,0,1,1602.9,2420.7,817.8,2,2,74.7,0.0,160.4,98.1,484.6,74.7
2026-09-19 23:52:25,mfsweep_shard0,LRT_MMUR,61,5080.82,62,0,1,1629.2,2476.2,847.0,2,2,71.9,0.0,169.9,112.6,492.6,71.9
2026-09-19 23:52:25,mfsweep_shard0,LRT_MMUR,61,5080.82,63,0,1,1655.5,2318.1,662.6,2,2,76.1,0.0,172.7,87.2,326.5,76.1
2026-09-19 23:52:25,mfsweep_shard0,LRT_MMUR,61,5080.82,64,0,1,1681.8,2175.5,493.8,2,2,81.4,0.0,172.1,129.8,110.5,81.4
2026-09-19 23:52:25,mfsweep_shard0,LRT_MMUR,61,5080.82,65,0,1,1708.0,2244.7,536.7,2,2,79.2,0.0,189.3,129.3,138.9,79.2
2026-09-19 23:52:25,mfsweep_shard0,LRT_MMUR,61,5080.82,66,0,1,1734.3,2629.9,895.6,2,2,61.1,0.0,89.1,140.7,604.6,61.1
2026-09-19 23:52:25,mfsweep_shard0,LRT_MMUR,61,5080.82,67,0,1,1760.6,2805.1,1044.5,2,2,54.6,0.0,115.1,156.9,718.0,54.6
2026-09-19 23:52:25,mfsweep_shard0,LRT_MMUR,61,5080.82,68,0,1,1786.9,2522.6,735.8,2,2,64.0,0.0,42.9,129.3,499.6,64.0
2026-09-19 23:52:25,mfsweep_shard0,LRT_MMUR,61,5080.82,69,0,1,1813.1,2571.7,758.6,2,2,62.4,0.0,126.4,133.4,436.3,62.4
2026-09-19 23:52:25,mfsweep_shard0,LRT_MMUR,61,5080.82,70,0,1,1839.4,3970.6,2131.2,2,2,60.5,0.0,181.2,366.4,1515.9,67.5
2026-09-19 23:52:25,mfsweep_shard0,LRT_MMUR,61,5080.82,71,0,1,1865.7,2370.9,505.2,2,2,84.7,0.0,93.0,283.8,43.7,84.7
2026-09-19 23:52:25,mfsweep_shard0,LRT_MMUR,61,5080.82,72,0,1,1892.0,2214.2,322.2,2,2,82.5,0.0,125.7,114.0,0.0,82.5
2026-09-19 23:52:25,mfsweep_shard0,LRT_MMUR,61,5080.82,73,0,1,1918.3,2362.2,443.9,2,2,63.9,0.0,263.4,116.6,0.0,63.9
2026-09-19 23:52:25,mfsweep_shard0,LRT_MMUR,61,5080.82,74,0,1,1944.5,2434.5,490.0,2,2,75.2,0.0,161.4,155.9,97.5,75.2
2026-09-19 23:52:25,mfsweep_shard0,LRT_MMUR,61,5080.82,75,0,1,1970.8,3358.5,1387.7,2,2,66.6,0.1,203.3,175.8,941.8,66.6
2026-09-19 23:52:25,mfsweep_shard0,LRT_MMUR,61,5080.82,76,0,1,1997.1,2480.7,483.6,2,2,83.7,0.0,116.3,228.5,55.1,83.7
2026-09-19 23:52:25,mfsweep_shard0,LRT_MMUR,61,5080.82,77,0,1,2023.4,3242.7,1219.4,2,2,68.7,0.1,234.9,169.3,746.4,68.7
2026-09-19 23:52:25,mfsweep_shard0,LRT_MMUR,61,5080.82,78,0,1,2049.6,3370.2,1320.5,2,2,62.3,0.1,251.6,176.9,829.6,62.3
2026-09-19 23:52:25,mfsweep_shard0,LRT_MMUR,61,5080.82,79,0,1,2075.9,4520.4,2444.4,2,2,61.7,0.1,583.1,277.5,1522.0,61.7
2026-09-19 23:52:25,mfsweep_shard0,LRT_MMUR,61,5080.82,80,0,1,2102.2,2494.7,392.5,2,2,72.1,0.0,132.8,126.4,61.2,72.1
2026-09-19 23:52:25,mfsweep_shard0,LRT_MMUR,61,5080.82,81,0,1,2128.5,4797.3,2668.8,2,2,62.2,0.2,841.9,270.8,1465.0,90.9
2026-09-19 23:52:25,mfsweep_shard0,LRT_MMUR,61,5080.82,82,0,1,2154.7,2692.0,537.3,2,2,72.8,0.0,151.2,127.8,185.4,72.8
2026-09-19 23:52:25,mfsweep_shard0,LRT_MMUR,61,5080.82,83,0,1,2181.0,2567.1,386.0,2,2,83.2,0.0,141.1,160.8,0.9,83.2
2026-09-19 23:52:25,mfsweep_shard0,LRT_MMUR,61,5080.82,84,0,1,2207.3,3295.5,1088.2,2,2,66.7,0.2,76.6,179.5,765.3,66.7
2026-09-19 23:52:25,mfsweep_shard0,LRT_MMUR,61,5080.82,85,0,1,2233.6,4591.8,2358.2,2,2,60.8,0.4,502.9,312.9,1481.3,60.8
2026-09-19 23:52:25,mfsweep_shard0,LRT_MMUR,61,5080.82,86,0,1,2259.9,2623.8,363.9,2,2,86.5,0.0,111.4,152.8,13.3,86.5
2026-09-19 23:52:25,mfsweep_shard0,LRT_MMUR,61,5080.82,87,0,1,2286.1,2873.4,587.3,2,2,70.4,0.2,77.4,222.0,195.6,92.2
2026-09-19 23:52:25,mfsweep_shard0,LRT_MMUR,61,5080.82,88,0,1,2312.4,4882.4,2570.0,2,2,56.5,0.5,601.2,372.3,1539.5,56.5
2026-09-19 23:52:25,mfsweep_shard0,LRT_MMUR,61,5080.82,89,0,1,2338.7,5003.1,2664.4,2,2,55.1,0.6,364.1,363.4,1881.2,55.1
2026-09-19 23:52:25,mfsweep_shard0,LRT_MMUR,61,5080.82,90,0,1,2365.0,4165.7,1800.8,2,2,57.2,0.6,294.5,414.3,1034.2,57.2
2026-09-19 23:52:25,mfsweep_shard0,LRT_MMUR,61,5080.82,91,0,1,2391.2,3140.7,749.5,2,2,74.3,0.3,205.7,256.5,212.7,74.3
2026-09-19 23:52:25,mfsweep_shard0,LRT_MMUR,61,5080.82,92,0,1,2417.5,2924.4,506.8,2,2,79.7,0.3,240.2,171.1,15.6,79.7
2026-09-19 23:52:25,mfsweep_shard0,LRT_MMUR,61,5080.82,93,0,1,2443.8,2796.5,352.7,2,2,67.5,0.0,107.6,159.9,17.7,67.5
2026-09-19 23:52:25,mfsweep_shard0,LRT_MMUR,61,5080.82,94,0,1,2470.1,4117.0,1646.9,2,2,55.6,0.7,490.6,233.6,866.3,55.6
2026-09-19 23:52:25,mfsweep_shard0,LRT_MMUR,61,5080.82,95,0,1,2496.4,2822.1,325.7,2,2,66.1,0.0,146.2,113.4,0.0,66.1
2026-09-19 23:52:25,mfsweep_shard0,LRT_MMUR,61,5080.82,96,0,1,2522.6,2964.2,441.5,2,2,86.4,0.3,243.4,106.9,4.5,86.4
2026-09-19 23:52:25,mfsweep_shard0,LRT_MMUR,61,5080.82,97,0,1,2548.9,3206.1,657.2,2,2,71.0,0.3,221.5,136.0,228.3,71.0
2026-09-19 23:52:25,mfsweep_shard0,LRT_MMUR,61,5080.82,98,0,1,2575.2,3075.6,500.4,2,2,85.6,0.0,194.6,130.6,89.6,85.6
2026-09-19 23:52:25,mfsweep_shard0,LRT_MMUR,61,5080.82,99,0,1,2601.5,3121.8,520.4,2,2,82.0,0.0,273.9,117.2,47.3,82.0
2026-09-19 23:52:25,mfsweep_shard0,LRT_MMUR,61,5080.82,100,0,1,2627.7,3816.6,1188.9,2,2,53.9,0.0,268.7,179.0,687.2,53.9
2026-09-19 23:52:25,mfsweep_shard0,LRT_MMUR,61,5080.82,101,0,1,2654.0,3187.5,533.5,2,2,77.3,0.0,204.5,128.8,122.8,77.3
2026-09-19 23:52:25,mfsweep_shard0,LRT_MMUR,61,5080.82,102,0,1,2680.3,3038.6,358.3,2,2,76.0,0.0,162.0,120.3,0.0,76.0
2026-09-19 23:52:25,mfsweep_shard0,LRT_MMUR,61,5080.82,103,0,1,2706.6,3560.1,853.5,2,2,71.3,0.0,246.1,187.6,348.5,71.3
2026-09-19 23:52:25,mfsweep_shard0,LRT_MMUR,61,5080.82,104,0,1,2732.9,3656.2,923.3,2,2,62.4,0.0,138.7,200.6,521.7,62.4
2026-09-19 23:52:25,mfsweep_shard0,LRT_MMUR,61,5080.82,105,0,1,2759.1,3451.7,692.5,2,2,74.7,0.0,130.1,189.4,298.3,74.7
2026-09-19 23:52:25,mfsweep_shard0,LRT_MMUR,61,5080.82,106,0,1,2785.4,3780.9,995.5,2,2,57.2,0.0,89.3,141.1,707.8,57.2
2026-09-19 23:52:25,mfsweep_shard0,LRT_MMUR,61,5080.82,107,0,1,2811.7,3618.2,806.5,2,2,67.9,0.0,120.0,226.7,391.9,67.9
2026-09-19 23:52:25,mfsweep_shard0,LRT_MMUR,61,5080.82,108,0,1,2838.0,3642.1,804.2,2,2,68.5,0.0,132.3,233.2,370.1,68.5
2026-09-19 23:52:25,mfsweep_shard0,LRT_MMUR,61,5080.82,109,0,1,2864.2,3314.6,450.4,2,2,85.0,0.0,108.8,177.3,79.2,85.0
2026-09-19 23:52:25,mfsweep_shard0,LRT_MMUR,61,5080.82,110,0,1,2890.5,3285.9,395.4,2,2,82.4,0.0,132.0,178.3,2.6,82.4
2026-09-19 23:52:25,mfsweep_shard0,LRT_MMUR,61,5080.82,111,0,1,2916.8,3736.1,819.3,2,2,62.2,0.0,133.1,285.7,338.2,62.2
2026-09-19 23:52:25,mfsweep_shard0,LRT_MMUR,61,5080.82,112,0,1,2943.1,4701.4,1758.3,2,2,70.1,0.4,391.6,329.1,935.3,101.9
2026-09-19 23:52:25,mfsweep_shard0,LRT_MMUR,61,5080.82,113,0,1,2969.3,3761.9,792.5,2,2,59.4,0.0,183.9,131.4,417.8,59.4
2026-09-19 23:52:25,mfsweep_shard0,LRT_MMUR,61,5080.82,114,0,1,2995.6,3460.4,464.8,2,2,83.7,0.0,149.1,157.2,74.7,83.7
2026-09-19 23:52:25,mfsweep_shard0,LRT_MMUR,61,5080.82,115,0,1,3021.9,3414.5,392.6,2,2,82.3,0.0,177.6,132.6,0.0,82.3
2026-09-19 23:52:25,mfsweep_shard0,LRT_MMUR,61,5080.82,116,0,1,3048.2,3433.3,385.1,2,2,63.4,0.0,170.2,144.8,6.7,63.4
2026-09-19 23:52:25,mfsweep_shard0,LRT_MMUR,61,5080.82,117,0,1,3074.5,3587.8,513.4,2,2,74.6,0.0,113.0,179.0,146.7,74.6
2026-09-19 23:52:25,mfsweep_shard0,LRT_MMUR,61,5080.82,118,0,1,3100.7,3683.3,582.6,2,2,73.6,0.0,130.6,147.2,231.2,73.6
2026-09-19 23:52:25,mfsweep_shard0,LRT_MMUR,61,5080.82,119,0,1,3127.0,4840.3,1713.3,2,2,58.6,0.5,410.1,205.9,1038.2,58.6
2026-09-19 23:52:25,mfsweep_shard0,LRT_MMUR,61,5080.82,120,0,1,3153.3,3609.5,456.2,2,2,78.7,0.0,210.5,155.0,12.0,78.7
2026-09-19 23:52:25,mfsweep_shard0,LRT_MMUR,61,5080.82,121,0,1,3179.6,4229.5,1050.0,2,2,71.3,0.4,232.7,190.9,554.7,71.3
2026-09-19 23:52:25,mfsweep_shard0,LRT_MMUR,61,5080.82,122,0,1,3205.8,3524.5,318.6,2,2,79.2,0.0,73.0,120.4,45.9,79.2
2026-09-19 23:52:25,mfsweep_shard0,LRT_MMUR,61,5080.82,123,0,1,3232.1,4388.1,1155.9,2,2,71.0,0.5,290.0,231.4,562.9,71.0
2026-09-19 23:52:25,mfsweep_shard0,LRT_MMUR,61,5080.82,124,0,1,3258.4,5080.8,1822.4,2,2,53.6,0.6,397.2,280.3,1090.8,53.6
2026-09-19 23:52:25,mfsweep_shard0,LRT_MMUR,61,5080.82,125,0,1,3284.7,4202.3,917.6,2,2,64.2,0.3,327.5,215.4,310.2,64.2
2026-09-19 23:52:25,mfsweep_shard0,LRT_MMUR,61,5080.82,126,0,1,3311.0,5042.9,1731.9,2,2,54.2,0.5,355.7,302.7,1018.8,54.2
2026-09-19 23:52:25,mfsweep_shard0,LRT_MMUR,61,5080.82,127,0,1,3337.2,3753.4,416.1,2,2,84.2,0.0,102.4,216.7,12.8,84.2
2026-09-19 23:52:25,mfsweep_shard0,LRT_MMUR,61,5080.82,128,0,1,3363.5,4330.6,967.1,2,2,82.5,0.6,300.6,299.1,164.3,202.5
2026-09-19 23:52:25,mfsweep_shard0,LRT_MMUR,61,5080.82,129,0,1,3389.8,3798.2,408.4,2,2,81.0,0.0,65.2,213.8,48.4,81.0
2026-09-19 23:52:25,mfsweep_shard0,LRT_MMUR,61,5080.82,130,0,1,3416.1,4749.5,1333.5,2,2,63.7,0.8,451.9,257.9,559.1,63.7
2026-09-19 23:52:25,mfsweep_shard0,LRT_MMUR,61,5080.82,131,0,1,3442.3,4963.6,1521.3,2,2,55.5,0.9,355.3,264.9,844.7,55.5
2026-09-19 23:52:25,mfsweep_shard0,LRT_MMUR,61,5080.82,132,0,1,3468.6,4261.9,793.3,2,2,82.5,0.7,210.9,306.7,192.5,82.5
2026-09-19 23:52:25,mfsweep_shard0,LRT_MMUR,61,5080.82,133,0,1,3494.9,3830.5,335.6,2,2,84.8,0.0,39.5,207.1,4.2,84.8
2026-09-19 23:52:25,mfsweep_shard0,LRT_MMUR,61,5080.82,134,0,1,3521.2,4551.5,1030.3,2,2,56.4,0.9,268.2,323.6,381.2,56.4
2026-09-19 23:52:25,mfsweep_shard0,LRT_MMUR,61,5080.82,135,0,1,3547.5,4645.8,1098.3,2,2,69.6,1.0,379.5,306.4,341.9,69.6
2026-09-19 23:52:25,mfsweep_shard0,LRT_MMUR,61,5080.82,136,0,1,3573.7,4922.6,1348.9,2,2,55.8,0.7,214.0,302.3,776.1,55.8
