timestamp,instance,rule,seed,makespan,zone_id,zone_name,aisle_type,flow_direction,traversal_count,block_events,total_block_time,mean_block_time,block_rate
2026-06-12 22:17:24,50j_25m_agv15,SPT_SMPT,42,16464.48,0,RowAisle0_Seg0,RowAisle,East,294,188,48.88,0.26,0.3900
2026-06-12 22:17:24,50j_25m_agv15,SPT_SMPT,42,16464.48,1,RowAisle0_Seg1,RowAisle,East,294,213,55.38,0.26,0.4201
2026-06-12 22:17:24,50j_25m_agv15,SPT_SMPT,42,16464.48,2,RowAisle0_Seg2,RowAisle,East,294,86,22.36,0.26,0.2263
2026-06-12 22:17:24,50j_25m_agv15,SPT_SMPT,42,16464.48,3,RowAisle0_Seg3,RowAisle,East,294,64,16.64,0.26,0.1788
2026-06-12 22:17:24,50j_25m_agv15,SPT_SMPT,42,16464.48,4,RowAisle0_Seg4,RowAisle,East,294,8,2.08,0.26,0.0265
2026-06-12 22:17:24,50j_25m_agv15,SPT_SMPT,42,16464.48,5,RowAisle1_Seg0,RowAisle,West,112,13,3.38,0.26,0.1040
2026-06-12 22:17:24,50j_25m_agv15,SPT_SMPT,42,16464.48,6,RowAisle1_Seg1,RowAisle,West,112,9,2.34,0.26,0.0744
2026-06-12 22:17:24,50j_25m_agv15,SPT_SMPT,42,16464.48,7,RowAisle1_Seg2,RowAisle,West,112,2,0.52,0.26,0.0175
2026-06-12 22:17:24,50j_25m_agv15,SPT_SMPT,42,16464.48,8,RowAisle1_Seg3,RowAisle,West,112,0,0.00,0.00,0.0000
2026-06-12 22:17:24,50j_25m_agv15,SPT_SMPT,42,16464.48,9,RowAisle1_Seg4,RowAisle,West,112,72,18.72,0.26,0.3913
2026-06-12 22:17:24,50j_25m_agv15,SPT_SMPT,42,16464.48,10,RowAisle2_Seg0,RowAisle,East,218,200,52.00,0.26,0.4785
2026-06-12 22:17:24,50j_25m_agv15,SPT_SMPT,42,16464.48,11,RowAisle2_Seg1,RowAisle,East,218,28,7.28,0.26,0.1138
2026-06-12 22:17:24,50j_25m_agv15,SPT_SMPT,42,16464.48,12,RowAisle2_Seg2,RowAisle,East,218,193,50.18,0.26,0.4696
2026-06-12 22:17:24,50j_25m_agv15,SPT_SMPT,42,16464.48,13,RowAisle2_Seg3,RowAisle,East,218,35,9.10,0.26,0.1383
2026-06-12 22:17:24,50j_25m_agv15,SPT_SMPT,42,16464.48,14,RowAisle2_Seg4,RowAisle,East,218,18,4.68,0.26,0.0763
2026-06-12 22:17:24,50j_25m_agv15,SPT_SMPT,42,16464.48,15,RowAisle3_Seg0,RowAisle,West,158,4,1.04,0.26,0.0247
2026-06-12 22:17:24,50j_25m_agv15,SPT_SMPT,42,16464.48,16,RowAisle3_Seg1,RowAisle,West,158,19,4.94,0.26,0.1073
2026-06-12 22:17:24,50j_25m_agv15,SPT_SMPT,42,16464.48,17,RowAisle3_Seg2,RowAisle,West,158,32,8.32,0.26,0.1684
2026-06-12 22:17:24,50j_25m_agv15,SPT_SMPT,42,16464.48,18,RowAisle3_Seg3,RowAisle,West,158,52,13.52,0.26,0.2476
2026-06-12 22:17:24,50j_25m_agv15,SPT_SMPT,42,16464.48,19,RowAisle3_Seg4,RowAisle,West,158,0,0.00,0.00,0.0000
2026-06-12 22:17:24,50j_25m_agv15,SPT_SMPT,42,16464.48,20,TopSpine_Seg0,SpineAisle,East,50,0,0.00,0.00,0.0000
2026-06-12 22:17:24,50j_25m_agv15,SPT_SMPT,42,16464.48,21,TopSpine_Seg1,SpineAisle,East,50,0,0.00,0.00,0.0000
2026-06-12 22:17:24,50j_25m_agv15,SPT_SMPT,42,16464.48,22,TopSpine_Seg2,SpineAisle,East,50,0,0.00,0.00,0.0000
2026-06-12 22:17:24,50j_25m_agv15,SPT_SMPT,42,16464.48,23,TopSpine_Seg3,SpineAisle,East,50,0,0.00,0.00,0.0000
2026-06-12 22:17:24,50j_25m_agv15,SPT_SMPT,42,16464.48,24,TopSpine_Seg4,SpineAisle,East,50,0,0.00,0.00,0.0000
2026-06-12 22:17:24,50j_25m_agv15,SPT_SMPT,42,16464.48,25,TopSpine_Seg5,SpineAisle,East,50,0,0.00,0.00,0.0000
2026-06-12 22:17:24,50j_25m_agv15,SPT_SMPT,42,16464.48,26,BotSpine_Seg0,SpineAisle,West,292,0,0.00,0.00,0.0000
2026-06-12 22:17:24,50j_25m_agv15,SPT_SMPT,42,16464.48,27,BotSpine_Seg1,SpineAisle,West,292,0,0.00,0.00,0.0000
2026-06-12 22:17:24,50j_25m_agv15,SPT_SMPT,42,16464.48,28,BotSpine_Seg2,SpineAisle,West,292,0,0.00,0.00,0.0000
2026-06-12 22:17:24,50j_25m_agv15,SPT_SMPT,42,16464.48,29,BotSpine_Seg3,SpineAisle,West,292,0,0.00,0.00,0.0000
2026-06-12 22:17:24,50j_25m_agv15,SPT_SMPT,42,16464.48,30,BotSpine_Seg4,SpineAisle,West,292,0,0.00,0.00,0.0000
2026-06-12 22:17:24,50j_25m_agv15,SPT_SMPT,42,16464.48,31,BotSpine_Seg5,SpineAisle,West,292,0,0.00,0.00,0.0000
2026-06-12 22:17:24,50j_25m_agv15,SPT_SMPT,42,16464.48,32,LeftVert_TopConn,VerticalAisle,North,50,0,0.00,0.00,0.0000
2026-06-12 22:17:24,50j_25m_agv15,SPT_SMPT,42,16464.48,33,LeftVert_Row0,VerticalAisle,North,344,348,90.48,0.26,0.5029
2026-06-12 22:17:24,50j_25m_agv15,SPT_SMPT,42,16464.48,34,LeftVert_Row1,VerticalAisle,North,344,390,101.40,0.26,0.5313
2026-06-12 22:17:24,50j_25m_agv15,SPT_SMPT,42,16464.48,35,LeftVert_Row2,VerticalAisle,North,450,238,61.88,0.26,0.3459
2026-06-12 22:17:24,50j_25m_agv15,SPT_SMPT,42,16464.48,36,LeftVert_Row3,VerticalAisle,North,450,170,44.20,0.26,0.2742
2026-06-12 22:17:24,50j_25m_agv15,SPT_SMPT,42,16464.48,37,LeftVert_BotConn,VerticalAisle,North,292,680,176.80,0.26,0.6996
2026-06-12 22:17:24,50j_25m_agv15,SPT_SMPT,42,16464.48,38,RightVert_TopConn,VerticalAisle,South,50,0,0.00,0.00,0.0000
2026-06-12 22:17:24,50j_25m_agv15,SPT_SMPT,42,16464.48,39,RightVert_Row0,VerticalAisle,South,344,97,25.22,0.26,0.2200
2026-06-12 22:17:24,50j_25m_agv15,SPT_SMPT,42,16464.48,40,RightVert_Row1,VerticalAisle,South,344,147,38.22,0.26,0.2994
2026-06-12 22:17:24,50j_25m_agv15,SPT_SMPT,42,16464.48,41,RightVert_Row2,VerticalAisle,South,450,222,57.72,0.26,0.3304
2026-06-12 22:17:24,50j_25m_agv15,SPT_SMPT,42,16464.48,42,RightVert_Row3,VerticalAisle,South,450,261,67.86,0.26,0.3671
2026-06-12 22:17:24,50j_25m_agv15,SPT_SMPT,42,16464.48,43,RightVert_BotConn,VerticalAisle,South,292,11,2.86,0.26,0.0363
2026-06-12 22:25:33,50j_25m_agv15,SPT_SMPT,43,16600.00,0,RowAisle0_Seg0,RowAisle,East,325,82,21.32,0.26,0.2015
2026-06-12 22:25:33,50j_25m_agv15,SPT_SMPT,43,16600.00,1,RowAisle0_Seg1,RowAisle,East,325,82,21.32,0.26,0.2015
2026-06-12 22:25:33,50j_25m_agv15,SPT_SMPT,43,16600.00,2,RowAisle0_Seg2,RowAisle,East,325,211,54.86,0.26,0.3937
2026-06-12 22:25:33,50j_25m_agv15,SPT_SMPT,43,16600.00,3,RowAisle0_Seg3,RowAisle,East,325,61,15.86,0.26,0.1580
2026-06-12 22:25:33,50j_25m_agv15,SPT_SMPT,43,16600.00,4,RowAisle0_Seg4,RowAisle,East,325,0,0.00,0.00,0.0000
2026-06-12 22:25:33,50j_25m_agv15,SPT_SMPT,43,16600.00,5,RowAisle1_Seg0,RowAisle,West,126,0,0.00,0.00,0.0000
2026-06-12 22:25:33,50j_25m_agv15,SPT_SMPT,43,16600.00,6,RowAisle1_Seg1,RowAisle,West,126,0,0.00,0.00,0.0000
2026-06-12 22:25:33,50j_25m_agv15,SPT_SMPT,43,16600.00,7,RowAisle1_Seg2,RowAisle,West,126,13,3.38,0.26,0.0935
2026-06-12 22:25:33,50j_25m_agv15,SPT_SMPT,43,16600.00,8,RowAisle1_Seg3,RowAisle,West,126,0,0.00,0.00,0.0000
2026-06-12 22:25:33,50j_25m_agv15,SPT_SMPT,43,16600.00,9,RowAisle1_Seg4,RowAisle,West,126,0,0.00,0.00,0.0000
2026-06-12 22:25:33,50j_25m_agv15,SPT_SMPT,43,16600.00,10,RowAisle2_Seg0,RowAisle,East,206,35,9.10,0.26,0.1452
2026-06-12 22:25:33,50j_25m_agv15,SPT_SMPT,43,16600.00,11,RowAisle2_Seg1,RowAisle,East,206,110,28.60,0.26,0.3481
2026-06-12 22:25:33,50j_25m_agv15,SPT_SMPT,43,16600.00,12,RowAisle2_Seg2,RowAisle,East,206,20,5.20,0.26,0.0885
2026-06-12 22:25:33,50j_25m_agv15,SPT_SMPT,43,16600.00,13,RowAisle2_Seg3,RowAisle,East,206,90,23.40,0.26,0.3041
2026-06-12 22:25:33,50j_25m_agv15,SPT_SMPT,43,16600.00,14,RowAisle2_Seg4,RowAisle,East,206,26,6.76,0.26,0.1121
2026-06-12 22:25:33,50j_25m_agv15,SPT_SMPT,43,16600.00,15,RowAisle3_Seg0,RowAisle,West,162,6,1.56,0.26,0.0357
2026-06-12 22:25:33,50j_25m_agv15,SPT_SMPT,43,16600.00,16,RowAisle3_Seg1,RowAisle,West,162,6,1.56,0.26,0.0357
2026-06-12 22:25:33,50j_25m_agv15,SPT_SMPT,43,16600.00,17,RowAisle3_Seg2,RowAisle,West,162,0,0.00,0.00,0.0000
2026-06-12 22:25:33,50j_25m_agv15,SPT_SMPT,43,16600.00,18,RowAisle3_Seg3,RowAisle,West,162,54,14.04,0.26,0.2500
2026-06-12 22:25:33,50j_25m_agv15,SPT_SMPT,43,16600.00,19,RowAisle3_Seg4,RowAisle,West,162,96,24.96,0.26,0.3721
2026-06-12 22:25:33,50j_25m_agv15,SPT_SMPT,43,16600.00,20,TopSpine_Seg0,SpineAisle,East,50,0,0.00,0.00,0.0000
2026-06-12 22:25:33,50j_25m_agv15,SPT_SMPT,43,16600.00,21,TopSpine_Seg1,SpineAisle,East,50,0,0.00,0.00,0.0000
2026-06-12 22:25:33,50j_25m_agv15,SPT_SMPT,43,16600.00,22,TopSpine_Seg2,SpineAisle,East,50,0,0.00,0.00,0.0000
2026-06-12 22:25:33,50j_25m_agv15,SPT_SMPT,43,16600.00,23,TopSpine_Seg3,SpineAisle,East,50,0,0.00,0.00,0.0000
2026-06-12 22:25:33,50j_25m_agv15,SPT_SMPT,43,16600.00,24,TopSpine_Seg4,SpineAisle,East,50,0,0.00,0.00,0.0000
2026-06-12 22:25:33,50j_25m_agv15,SPT_SMPT,43,16600.00,25,TopSpine_Seg5,SpineAisle,East,50,0,0.00,0.00,0.0000
2026-06-12 22:25:33,50j_25m_agv15,SPT_SMPT,43,16600.00,26,BotSpine_Seg0,SpineAisle,West,293,0,0.00,0.00,0.0000
2026-06-12 22:25:33,50j_25m_agv15,SPT_SMPT,43,16600.00,27,BotSpine_Seg1,SpineAisle,West,293,0,0.00,0.00,0.0000
2026-06-12 22:25:33,50j_25m_agv15,SPT_SMPT,43,16600.00,28,BotSpine_Seg2,SpineAisle,West,293,0,0.00,0.00,0.0000
2026-06-12 22:25:33,50j_25m_agv15,SPT_SMPT,43,16600.00,29,BotSpine_Seg3,SpineAisle,West,293,0,0.00,0.00,0.0000
2026-06-12 22:25:33,50j_25m_agv15,SPT_SMPT,43,16600.00,30,BotSpine_Seg4,SpineAisle,West,293,0,0.00,0.00,0.0000
2026-06-12 22:25:33,50j_25m_agv15,SPT_SMPT,43,16600.00,31,BotSpine_Seg5,SpineAisle,West,293,0,0.00,0.00,0.0000
2026-06-12 22:25:33,50j_25m_agv15,SPT_SMPT,43,16600.00,32,LeftVert_TopConn,VerticalAisle,North,50,0,0.00,0.00,0.0000
2026-06-12 22:25:33,50j_25m_agv15,SPT_SMPT,43,16600.00,33,LeftVert_Row0,VerticalAisle,North,375,194,50.44,0.26,0.3409
2026-06-12 22:25:33,50j_25m_agv15,SPT_SMPT,43,16600.00,34,LeftVert_Row1,VerticalAisle,North,375,515,133.91,0.26,0.5787
2026-06-12 22:25:33,50j_25m_agv15,SPT_SMPT,43,16600.00,35,LeftVert_Row2,VerticalAisle,North,455,386,100.36,0.26,0.4590
2026-06-12 22:25:33,50j_25m_agv15,SPT_SMPT,43,16600.00,36,LeftVert_Row3,VerticalAisle,North,455,250,65.00,0.26,0.3546
2026-06-12 22:25:33,50j_25m_agv15,SPT_SMPT,43,16600.00,37,LeftVert_BotConn,VerticalAisle,North,293,818,212.68,0.26,0.7363
2026-06-12 22:25:33,50j_25m_agv15,SPT_SMPT,43,16600.00,38,RightVert_TopConn,VerticalAisle,South,50,0,0.00,0.00,0.0000
2026-06-12 22:25:33,50j_25m_agv15,SPT_SMPT,43,16600.00,39,RightVert_Row0,VerticalAisle,South,375,112,29.12,0.26,0.2300
2026-06-12 22:25:33,50j_25m_agv15,SPT_SMPT,43,16600.00,40,RightVert_Row1,VerticalAisle,South,375,366,95.16,0.26,0.4939
2026-06-12 22:25:33,50j_25m_agv15,SPT_SMPT,43,16600.00,41,RightVert_Row2,VerticalAisle,South,455,290,75.40,0.26,0.3893
2026-06-12 22:25:33,50j_25m_agv15,SPT_SMPT,43,16600.00,42,RightVert_Row3,VerticalAisle,South,455,37,9.62,0.26,0.0752
2026-06-12 22:25:33,50j_25m_agv15,SPT_SMPT,43,16600.00,43,RightVert_BotConn,VerticalAisle,South,293,9,2.34,0.26,0.0298
2026-06-12 22:33:25,50j_25m_agv15,SPT_SMPT,44,16933.34,0,RowAisle0_Seg0,RowAisle,East,310,183,47.59,0.26,0.3712
2026-06-12 22:33:25,50j_25m_agv15,SPT_SMPT,44,16933.34,1,RowAisle0_Seg1,RowAisle,East,310,343,89.19,0.26,0.5253
2026-06-12 22:33:25,50j_25m_agv15,SPT_SMPT,44,16933.34,2,RowAisle0_Seg2,RowAisle,East,310,303,78.78,0.26,0.4943
2026-06-12 22:33:25,50j_25m_agv15,SPT_SMPT,44,16933.34,3,RowAisle0_Seg3,RowAisle,East,310,58,15.08,0.26,0.1576
2026-06-12 22:33:25,50j_25m_agv15,SPT_SMPT,44,16933.34,4,RowAisle0_Seg4,RowAisle,East,310,19,4.94,0.26,0.0578
2026-06-12 22:33:25,50j_25m_agv15,SPT_SMPT,44,16933.34,5,RowAisle1_Seg0,RowAisle,West,122,0,0.00,0.00,0.0000
2026-06-12 22:33:25,50j_25m_agv15,SPT_SMPT,44,16933.34,6,RowAisle1_Seg1,RowAisle,West,122,0,0.00,0.00,0.0000
2026-06-12 22:33:25,50j_25m_agv15,SPT_SMPT,44,16933.34,7,RowAisle1_Seg2,RowAisle,West,122,0,0.00,0.00,0.0000
2026-06-12 22:33:25,50j_25m_agv15,SPT_SMPT,44,16933.34,8,RowAisle1_Seg3,RowAisle,West,122,31,8.06,0.26,0.2026
2026-06-12 22:33:25,50j_25m_agv15,SPT_SMPT,44,16933.34,9,RowAisle1_Seg4,RowAisle,West,122,44,11.44,0.26,0.2651
2026-06-12 22:33:25,50j_25m_agv15,SPT_SMPT,44,16933.34,10,RowAisle2_Seg0,RowAisle,East,223,231,60.06,0.26,0.5088
2026-06-12 22:33:25,50j_25m_agv15,SPT_SMPT,44,16933.34,11,RowAisle2_Seg1,RowAisle,East,223,235,61.10,0.26,0.5131
2026-06-12 22:33:25,50j_25m_agv15,SPT_SMPT,44,16933.34,12,RowAisle2_Seg2,RowAisle,East,223,0,0.00,0.00,0.0000
2026-06-12 22:33:25,50j_25m_agv15,SPT_SMPT,44,16933.34,13,RowAisle2_Seg3,RowAisle,East,223,82,21.32,0.26,0.2689
2026-06-12 22:33:25,50j_25m_agv15,SPT_SMPT,44,16933.34,14,RowAisle2_Seg4,RowAisle,East,223,4,1.04,0.26,0.0176
2026-06-12 22:33:25,50j_25m_agv15,SPT_SMPT,44,16933.34,15,RowAisle3_Seg0,RowAisle,West,164,0,0.00,0.00,0.0000
2026-06-12 22:33:25,50j_25m_agv15,SPT_SMPT,44,16933.34,16,RowAisle3_Seg1,RowAisle,West,164,0,0.00,0.00,0.0000
2026-06-12 22:33:25,50j_25m_agv15,SPT_SMPT,44,16933.34,17,RowAisle3_Seg2,RowAisle,West,164,52,13.52,0.26,0.2407
2026-06-12 22:33:25,50j_25m_agv15,SPT_SMPT,44,16933.34,18,RowAisle3_Seg3,RowAisle,West,164,6,1.56,0.26,0.0353
2026-06-12 22:33:25,50j_25m_agv15,SPT_SMPT,44,16933.34,19,RowAisle3_Seg4,RowAisle,West,164,60,15.60,0.26,0.2679
2026-06-12 22:33:25,50j_25m_agv15,SPT_SMPT,44,16933.34,20,TopSpine_Seg0,SpineAisle,East,50,0,0.00,0.00,0.0000
2026-06-12 22:33:25,50j_25m_agv15,SPT_SMPT,44,16933.34,21,TopSpine_Seg1,SpineAisle,East,50,0,0.00,0.00,0.0000
2026-06-12 22:33:25,50j_25m_agv15,SPT_SMPT,44,16933.34,22,TopSpine_Seg2,SpineAisle,East,50,0,0.00,0.00,0.0000
2026-06-12 22:33:25,50j_25m_agv15,SPT_SMPT,44,16933.34,23,TopSpine_Seg3,SpineAisle,East,50,0,0.00,0.00,0.0000
2026-06-12 22:33:25,50j_25m_agv15,SPT_SMPT,44,16933.34,24,TopSpine_Seg4,SpineAisle,East,50,0,0.00,0.00,0.0000
2026-06-12 22:33:25,50j_25m_agv15,SPT_SMPT,44,16933.34,25,TopSpine_Seg5,SpineAisle,East,50,0,0.00,0.00,0.0000
2026-06-12 22:33:25,50j_25m_agv15,SPT_SMPT,44,16933.34,26,BotSpine_Seg0,SpineAisle,West,297,0,0.00,0.00,0.0000
2026-06-12 22:33:25,50j_25m_agv15,SPT_SMPT,44,16933.34,27,BotSpine_Seg1,SpineAisle,West,297,0,0.00,0.00,0.0000
2026-06-12 22:33:25,50j_25m_agv15,SPT_SMPT,44,16933.34,28,BotSpine_Seg2,SpineAisle,West,297,0,0.00,0.00,0.0000
2026-06-12 22:33:25,50j_25m_agv15,SPT_SMPT,44,16933.34,29,BotSpine_Seg3,SpineAisle,West,297,0,0.00,0.00,0.0000
2026-06-12 22:33:25,50j_25m_agv15,SPT_SMPT,44,16933.34,30,BotSpine_Seg4,SpineAisle,West,297,0,0.00,0.00,0.0000
2026-06-12 22:33:25,50j_25m_agv15,SPT_SMPT,44,16933.34,31,BotSpine_Seg5,SpineAisle,West,297,0,0.00,0.00,0.0000
2026-06-12 22:33:25,50j_25m_agv15,SPT_SMPT,44,16933.34,32,LeftVert_TopConn,VerticalAisle,North,50,0,0.00,0.00,0.0000
2026-06-12 22:33:25,50j_25m_agv15,SPT_SMPT,44,16933.34,33,LeftVert_Row0,VerticalAisle,North,360,149,38.74,0.26,0.2927
2026-06-12 22:33:25,50j_25m_agv15,SPT_SMPT,44,16933.34,34,LeftVert_Row1,VerticalAisle,North,360,466,121.13,0.26,0.5642
2026-06-12 22:33:25,50j_25m_agv15,SPT_SMPT,44,16933.34,35,LeftVert_Row2,VerticalAisle,North,461,341,88.66,0.26,0.4252
2026-06-12 22:33:25,50j_25m_agv15,SPT_SMPT,44,16933.34,36,LeftVert_Row3,VerticalAisle,North,461,329,85.53,0.26,0.4165
2026-06-12 22:33:25,50j_25m_agv15,SPT_SMPT,44,16933.34,37,LeftVert_BotConn,VerticalAisle,North,297,995,258.71,0.26,0.7701
2026-06-12 22:33:25,50j_25m_agv15,SPT_SMPT,44,16933.34,38,RightVert_TopConn,VerticalAisle,South,50,0,0.00,0.00,0.0000
2026-06-12 22:33:25,50j_25m_agv15,SPT_SMPT,44,16933.34,39,RightVert_Row0,VerticalAisle,South,360,145,37.70,0.26,0.2871
2026-06-12 22:33:25,50j_25m_agv15,SPT_SMPT,44,16933.34,40,RightVert_Row1,VerticalAisle,South,360,354,92.04,0.26,0.4958
2026-06-12 22:33:25,50j_25m_agv15,SPT_SMPT,44,16933.34,41,RightVert_Row2,VerticalAisle,South,461,261,67.88,0.26,0.3615
2026-06-12 22:33:25,50j_25m_agv15,SPT_SMPT,44,16933.34,42,RightVert_Row3,VerticalAisle,South,461,114,29.64,0.26,0.1983
2026-06-12 22:33:25,50j_25m_agv15,SPT_SMPT,44,16933.34,43,RightVert_BotConn,VerticalAisle,South,297,6,1.56,0.26,0.0198
2026-06-12 22:17:49,50j_25m_agv15,SPT_SRWT,42,16397.14,0,RowAisle0_Seg0,RowAisle,East,369,877,228.02,0.26,0.7039
2026-06-12 22:17:49,50j_25m_agv15,SPT_SRWT,42,16397.14,1,RowAisle0_Seg1,RowAisle,East,369,514,133.64,0.26,0.5821
2026-06-12 22:17:49,50j_25m_agv15,SPT_SRWT,42,16397.14,2,RowAisle0_Seg2,RowAisle,East,369,1003,260.78,0.26,0.7310
2026-06-12 22:17:49,50j_25m_agv15,SPT_SRWT,42,16397.14,3,RowAisle0_Seg3,RowAisle,East,369,84,21.84,0.26,0.1854
2026-06-12 22:17:49,50j_25m_agv15,SPT_SRWT,42,16397.14,4,RowAisle0_Seg4,RowAisle,East,369,9,2.34,0.26,0.0238
2026-06-12 22:17:49,50j_25m_agv15,SPT_SRWT,42,16397.14,5,RowAisle1_Seg0,RowAisle,West,128,8,2.08,0.26,0.0588
2026-06-12 22:17:49,50j_25m_agv15,SPT_SRWT,42,16397.14,6,RowAisle1_Seg1,RowAisle,West,128,13,3.38,0.26,0.0922
2026-06-12 22:17:49,50j_25m_agv15,SPT_SRWT,42,16397.14,7,RowAisle1_Seg2,RowAisle,West,128,24,6.24,0.26,0.1579
2026-06-12 22:17:49,50j_25m_agv15,SPT_SRWT,42,16397.14,8,RowAisle1_Seg3,RowAisle,West,128,0,0.00,0.00,0.0000
2026-06-12 22:17:49,50j_25m_agv15,SPT_SRWT,42,16397.14,9,RowAisle1_Seg4,RowAisle,West,128,0,0.00,0.00,0.0000
2026-06-12 22:17:49,50j_25m_agv15,SPT_SRWT,42,16397.14,10,RowAisle2_Seg0,RowAisle,East,45,0,0.00,0.00,0.0000
2026-06-12 22:17:49,50j_25m_agv15,SPT_SRWT,42,16397.14,11,RowAisle2_Seg1,RowAisle,East,45,0,0.00,0.00,0.0000
2026-06-12 22:17:49,50j_25m_agv15,SPT_SRWT,42,16397.14,12,RowAisle2_Seg2,RowAisle,East,45,85,22.10,0.26,0.6538
2026-06-12 22:17:49,50j_25m_agv15,SPT_SRWT,42,16397.14,13,RowAisle2_Seg3,RowAisle,East,45,0,0.00,0.00,0.0000
2026-06-12 22:17:49,50j_25m_agv15,SPT_SRWT,42,16397.14,14,RowAisle2_Seg4,RowAisle,East,45,0,0.00,0.00,0.0000
2026-06-12 22:17:49,50j_25m_agv15,SPT_SRWT,42,16397.14,15,RowAisle3_Seg0,RowAisle,West,44,0,0.00,0.00,0.0000
2026-06-12 22:17:49,50j_25m_agv15,SPT_SRWT,42,16397.14,16,RowAisle3_Seg1,RowAisle,West,44,0,0.00,0.00,0.0000
2026-06-12 22:17:49,50j_25m_agv15,SPT_SRWT,42,16397.14,17,RowAisle3_Seg2,RowAisle,West,44,0,0.00,0.00,0.0000
2026-06-12 22:17:49,50j_25m_agv15,SPT_SRWT,42,16397.14,18,RowAisle3_Seg3,RowAisle,West,44,0,0.00,0.00,0.0000
2026-06-12 22:17:49,50j_25m_agv15,SPT_SRWT,42,16397.14,19,RowAisle3_Seg4,RowAisle,West,44,0,0.00,0.00,0.0000
2026-06-12 22:17:49,50j_25m_agv15,SPT_SRWT,42,16397.14,20,TopSpine_Seg0,SpineAisle,East,50,0,0.00,0.00,0.0000
2026-06-12 22:17:49,50j_25m_agv15,SPT_SRWT,42,16397.14,21,TopSpine_Seg1,SpineAisle,East,50,0,0.00,0.00,0.0000
2026-06-12 22:17:49,50j_25m_agv15,SPT_SRWT,42,16397.14,22,TopSpine_Seg2,SpineAisle,East,50,0,0.00,0.00,0.0000
2026-06-12 22:17:49,50j_25m_agv15,SPT_SRWT,42,16397.14,23,TopSpine_Seg3,SpineAisle,East,50,0,0.00,0.00,0.0000
2026-06-12 22:17:49,50j_25m_agv15,SPT_SRWT,42,16397.14,24,TopSpine_Seg4,SpineAisle,East,50,0,0.00,0.00,0.0000
2026-06-12 22:17:49,50j_25m_agv15,SPT_SRWT,42,16397.14,25,TopSpine_Seg5,SpineAisle,East,50,0,0.00,0.00,0.0000
2026-06-12 22:17:49,50j_25m_agv15,SPT_SRWT,42,16397.14,26,BotSpine_Seg0,SpineAisle,West,291,0,0.00,0.00,0.0000
2026-06-12 22:17:49,50j_25m_agv15,SPT_SRWT,42,16397.14,27,BotSpine_Seg1,SpineAisle,West,291,0,0.00,0.00,0.0000
2026-06-12 22:17:49,50j_25m_agv15,SPT_SRWT,42,16397.14,28,BotSpine_Seg2,SpineAisle,West,291,0,0.00,0.00,0.0000
2026-06-12 22:17:49,50j_25m_agv15,SPT_SRWT,42,16397.14,29,BotSpine_Seg3,SpineAisle,West,291,0,0.00,0.00,0.0000
2026-06-12 22:17:49,50j_25m_agv15,SPT_SRWT,42,16397.14,30,BotSpine_Seg4,SpineAisle,West,292,0,0.00,0.00,0.0000
2026-06-12 22:17:49,50j_25m_agv15,SPT_SRWT,42,16397.14,31,BotSpine_Seg5,SpineAisle,West,292,0,0.00,0.00,0.0000
2026-06-12 22:17:49,50j_25m_agv15,SPT_SRWT,42,16397.14,32,LeftVert_TopConn,VerticalAisle,North,50,0,0.00,0.00,0.0000
2026-06-12 22:17:49,50j_25m_agv15,SPT_SRWT,42,16397.14,33,LeftVert_Row0,VerticalAisle,North,419,861,223.86,0.26,0.6727
2026-06-12 22:17:49,50j_25m_agv15,SPT_SRWT,42,16397.14,34,LeftVert_Row1,VerticalAisle,North,419,412,107.12,0.26,0.4958
2026-06-12 22:17:49,50j_25m_agv15,SPT_SRWT,42,16397.14,35,LeftVert_Row2,VerticalAisle,North,336,95,24.70,0.26,0.2204
2026-06-12 22:17:49,50j_25m_agv15,SPT_SRWT,42,16397.14,36,LeftVert_Row3,VerticalAisle,North,336,80,20.80,0.26,0.1923
2026-06-12 22:17:49,50j_25m_agv15,SPT_SRWT,42,16397.14,37,LeftVert_BotConn,VerticalAisle,North,292,888,230.88,0.26,0.7525
2026-06-12 22:17:49,50j_25m_agv15,SPT_SRWT,42,16397.14,38,RightVert_TopConn,VerticalAisle,South,50,0,0.00,0.00,0.0000
2026-06-12 22:17:49,50j_25m_agv15,SPT_SRWT,42,16397.14,39,RightVert_Row0,VerticalAisle,South,419,133,34.58,0.26,0.2409
2026-06-12 22:17:49,50j_25m_agv15,SPT_SRWT,42,16397.14,40,RightVert_Row1,VerticalAisle,South,419,99,25.74,0.26,0.1911
2026-06-12 22:17:49,50j_25m_agv15,SPT_SRWT,42,16397.14,41,RightVert_Row2,VerticalAisle,South,336,122,31.72,0.26,0.2664
2026-06-12 22:17:49,50j_25m_agv15,SPT_SRWT,42,16397.14,42,RightVert_Row3,VerticalAisle,South,336,0,0.00,0.00,0.0000
2026-06-12 22:17:49,50j_25m_agv15,SPT_SRWT,42,16397.14,43,RightVert_BotConn,VerticalAisle,South,292,0,0.00,0.00,0.0000
2026-06-12 22:25:40,50j_25m_agv15,SPT_SRWT,43,16500.00,0,RowAisle0_Seg0,RowAisle,East,365,765,198.89,0.26,0.6770
2026-06-12 22:25:40,50j_25m_agv15,SPT_SRWT,43,16500.00,1,RowAisle0_Seg1,RowAisle,East,365,1356,352.56,0.26,0.7879
2026-06-12 22:25:40,50j_25m_agv15,SPT_SRWT,43,16500.00,2,RowAisle0_Seg2,RowAisle,East,365,768,199.68,0.26,0.6778
2026-06-12 22:25:40,50j_25m_agv15,SPT_SRWT,43,16500.00,3,RowAisle0_Seg3,RowAisle,East,365,450,117.00,0.26,0.5521
2026-06-12 22:25:40,50j_25m_agv15,SPT_SRWT,43,16500.00,4,RowAisle0_Seg4,RowAisle,East,365,33,8.58,0.26,0.0829
2026-06-12 22:25:40,50j_25m_agv15,SPT_SRWT,43,16500.00,5,RowAisle1_Seg0,RowAisle,West,122,11,2.86,0.26,0.0827
2026-06-12 22:25:40,50j_25m_agv15,SPT_SRWT,43,16500.00,6,RowAisle1_Seg1,RowAisle,West,122,0,0.00,0.00,0.0000
2026-06-12 22:25:40,50j_25m_agv15,SPT_SRWT,43,16500.00,7,RowAisle1_Seg2,RowAisle,West,122,0,0.00,0.00,0.0000
2026-06-12 22:25:40,50j_25m_agv15,SPT_SRWT,43,16500.00,8,RowAisle1_Seg3,RowAisle,West,122,0,0.00,0.00,0.0000
2026-06-12 22:25:40,50j_25m_agv15,SPT_SRWT,43,16500.00,9,RowAisle1_Seg4,RowAisle,West,122,0,0.00,0.00,0.0000
2026-06-12 22:25:40,50j_25m_agv15,SPT_SRWT,43,16500.00,10,RowAisle2_Seg0,RowAisle,East,46,1,0.26,0.26,0.0213
2026-06-12 22:25:40,50j_25m_agv15,SPT_SRWT,43,16500.00,11,RowAisle2_Seg1,RowAisle,East,46,1,0.26,0.26,0.0213
2026-06-12 22:25:40,50j_25m_agv15,SPT_SRWT,43,16500.00,12,RowAisle2_Seg2,RowAisle,East,46,112,29.12,0.26,0.7089
2026-06-12 22:25:40,50j_25m_agv15,SPT_SRWT,43,16500.00,13,RowAisle2_Seg3,RowAisle,East,46,0,0.00,0.00,0.0000
2026-06-12 22:25:40,50j_25m_agv15,SPT_SRWT,43,16500.00,14,RowAisle2_Seg4,RowAisle,East,46,0,0.00,0.00,0.0000
2026-06-12 22:25:40,50j_25m_agv15,SPT_SRWT,43,16500.00,15,RowAisle3_Seg0,RowAisle,West,46,7,1.82,0.26,0.1321
2026-06-12 22:25:40,50j_25m_agv15,SPT_SRWT,43,16500.00,16,RowAisle3_Seg1,RowAisle,West,46,2,0.52,0.26,0.0417
2026-06-12 22:25:40,50j_25m_agv15,SPT_SRWT,43,16500.00,17,RowAisle3_Seg2,RowAisle,West,46,0,0.00,0.00,0.0000
2026-06-12 22:25:40,50j_25m_agv15,SPT_SRWT,43,16500.00,18,RowAisle3_Seg3,RowAisle,West,46,39,10.14,0.26,0.4588
2026-06-12 22:25:40,50j_25m_agv15,SPT_SRWT,43,16500.00,19,RowAisle3_Seg4,RowAisle,West,46,0,0.00,0.00,0.0000
2026-06-12 22:25:40,50j_25m_agv15,SPT_SRWT,43,16500.00,20,TopSpine_Seg0,SpineAisle,East,50,0,0.00,0.00,0.0000
2026-06-12 22:25:40,50j_25m_agv15,SPT_SRWT,43,16500.00,21,TopSpine_Seg1,SpineAisle,East,50,0,0.00,0.00,0.0000
2026-06-12 22:25:40,50j_25m_agv15,SPT_SRWT,43,16500.00,22,TopSpine_Seg2,SpineAisle,East,50,0,0.00,0.00,0.0000
2026-06-12 22:25:40,50j_25m_agv15,SPT_SRWT,43,16500.00,23,TopSpine_Seg3,SpineAisle,East,50,0,0.00,0.00,0.0000
2026-06-12 22:25:40,50j_25m_agv15,SPT_SRWT,43,16500.00,24,TopSpine_Seg4,SpineAisle,East,50,0,0.00,0.00,0.0000
2026-06-12 22:25:40,50j_25m_agv15,SPT_SRWT,43,16500.00,25,TopSpine_Seg5,SpineAisle,East,50,0,0.00,0.00,0.0000
2026-06-12 22:25:40,50j_25m_agv15,SPT_SRWT,43,16500.00,26,BotSpine_Seg0,SpineAisle,West,292,0,0.00,0.00,0.0000
2026-06-12 22:25:40,50j_25m_agv15,SPT_SRWT,43,16500.00,27,BotSpine_Seg1,SpineAisle,West,292,0,0.00,0.00,0.0000
2026-06-12 22:25:40,50j_25m_agv15,SPT_SRWT,43,16500.00,28,BotSpine_Seg2,SpineAisle,West,292,0,0.00,0.00,0.0000
2026-06-12 22:25:40,50j_25m_agv15,SPT_SRWT,43,16500.00,29,BotSpine_Seg3,SpineAisle,West,292,0,0.00,0.00,0.0000
2026-06-12 22:25:40,50j_25m_agv15,SPT_SRWT,43,16500.00,30,BotSpine_Seg4,SpineAisle,West,293,0,0.00,0.00,0.0000
2026-06-12 22:25:40,50j_25m_agv15,SPT_SRWT,43,16500.00,31,BotSpine_Seg5,SpineAisle,West,293,0,0.00,0.00,0.0000
2026-06-12 22:25:40,50j_25m_agv15,SPT_SRWT,43,16500.00,32,LeftVert_TopConn,VerticalAisle,North,50,0,0.00,0.00,0.0000
2026-06-12 22:25:40,50j_25m_agv15,SPT_SRWT,43,16500.00,33,LeftVert_Row0,VerticalAisle,North,415,1262,328.11,0.26,0.7525
2026-06-12 22:25:40,50j_25m_agv15,SPT_SRWT,43,16500.00,34,LeftVert_Row1,VerticalAisle,North,415,484,125.84,0.26,0.5384
2026-06-12 22:25:40,50j_25m_agv15,SPT_SRWT,43,16500.00,35,LeftVert_Row2,VerticalAisle,North,339,325,84.49,0.26,0.4895
2026-06-12 22:25:40,50j_25m_agv15,SPT_SRWT,43,16500.00,36,LeftVert_Row3,VerticalAisle,North,339,49,12.74,0.26,0.1263
2026-06-12 22:25:40,50j_25m_agv15,SPT_SRWT,43,16500.00,37,LeftVert_BotConn,VerticalAisle,North,293,1098,285.48,0.26,0.7894
2026-06-12 22:25:40,50j_25m_agv15,SPT_SRWT,43,16500.00,38,RightVert_TopConn,VerticalAisle,South,50,0,0.00,0.00,0.0000
2026-06-12 22:25:40,50j_25m_agv15,SPT_SRWT,43,16500.00,39,RightVert_Row0,VerticalAisle,South,415,100,26.00,0.26,0.1942
2026-06-12 22:25:40,50j_25m_agv15,SPT_SRWT,43,16500.00,40,RightVert_Row1,VerticalAisle,South,415,118,30.69,0.26,0.2214
2026-06-12 22:25:40,50j_25m_agv15,SPT_SRWT,43,16500.00,41,RightVert_Row2,VerticalAisle,South,339,122,31.72,0.26,0.2646
2026-06-12 22:25:40,50j_25m_agv15,SPT_SRWT,43,16500.00,42,RightVert_Row3,VerticalAisle,South,339,7,1.82,0.26,0.0202
2026-06-12 22:25:40,50j_25m_agv15,SPT_SRWT,43,16500.00,43,RightVert_BotConn,VerticalAisle,South,293,0,0.00,0.00,0.0000
2026-06-12 22:33:14,50j_25m_agv15,SPT_SRWT,44,16666.67,0,RowAisle0_Seg0,RowAisle,East,365,455,118.30,0.26,0.5549
2026-06-12 22:33:14,50j_25m_agv15,SPT_SRWT,44,16666.67,1,RowAisle0_Seg1,RowAisle,East,365,529,137.54,0.26,0.5917
2026-06-12 22:33:14,50j_25m_agv15,SPT_SRWT,44,16666.67,2,RowAisle0_Seg2,RowAisle,East,365,653,169.78,0.26,0.6415
2026-06-12 22:33:14,50j_25m_agv15,SPT_SRWT,44,16666.67,3,RowAisle0_Seg3,RowAisle,East,365,490,127.40,0.26,0.5731
2026-06-12 22:33:14,50j_25m_agv15,SPT_SRWT,44,16666.67,4,RowAisle0_Seg4,RowAisle,East,365,31,8.05,0.26,0.0783
2026-06-12 22:33:14,50j_25m_agv15,SPT_SRWT,44,16666.67,5,RowAisle1_Seg0,RowAisle,West,118,4,1.04,0.26,0.0328
2026-06-12 22:33:14,50j_25m_agv15,SPT_SRWT,44,16666.67,6,RowAisle1_Seg1,RowAisle,West,118,2,0.52,0.26,0.0167
2026-06-12 22:33:14,50j_25m_agv15,SPT_SRWT,44,16666.67,7,RowAisle1_Seg2,RowAisle,West,118,10,2.60,0.26,0.0781
2026-06-12 22:33:14,50j_25m_agv15,SPT_SRWT,44,16666.67,8,RowAisle1_Seg3,RowAisle,West,118,22,5.72,0.26,0.1571
2026-06-12 22:33:14,50j_25m_agv15,SPT_SRWT,44,16666.67,9,RowAisle1_Seg4,RowAisle,West,118,5,1.30,0.26,0.0407
2026-06-12 22:33:14,50j_25m_agv15,SPT_SRWT,44,16666.67,10,RowAisle2_Seg0,RowAisle,East,46,0,0.00,0.00,0.0000
2026-06-12 22:33:14,50j_25m_agv15,SPT_SRWT,44,16666.67,11,RowAisle2_Seg1,RowAisle,East,46,0,0.00,0.00,0.0000
2026-06-12 22:33:14,50j_25m_agv15,SPT_SRWT,44,16666.67,12,RowAisle2_Seg2,RowAisle,East,46,0,0.00,0.00,0.0000
2026-06-12 22:33:14,50j_25m_agv15,SPT_SRWT,44,16666.67,13,RowAisle2_Seg3,RowAisle,East,46,0,0.00,0.00,0.0000
2026-06-12 22:33:14,50j_25m_agv15,SPT_SRWT,44,16666.67,14,RowAisle2_Seg4,RowAisle,East,46,0,0.00,0.00,0.0000
2026-06-12 22:33:14,50j_25m_agv15,SPT_SRWT,44,16666.67,15,RowAisle3_Seg0,RowAisle,West,46,8,2.08,0.26,0.1481
2026-06-12 22:33:14,50j_25m_agv15,SPT_SRWT,44,16666.67,16,RowAisle3_Seg1,RowAisle,West,46,9,2.34,0.26,0.1636
2026-06-12 22:33:14,50j_25m_agv15,SPT_SRWT,44,16666.67,17,RowAisle3_Seg2,RowAisle,West,46,32,8.32,0.26,0.4103
2026-06-12 22:33:14,50j_25m_agv15,SPT_SRWT,44,16666.67,18,RowAisle3_Seg3,RowAisle,West,46,0,0.00,0.00,0.0000
2026-06-12 22:33:14,50j_25m_agv15,SPT_SRWT,44,16666.67,19,RowAisle3_Seg4,RowAisle,West,46,0,0.00,0.00,0.0000
2026-06-12 22:33:14,50j_25m_agv15,SPT_SRWT,44,16666.67,20,TopSpine_Seg0,SpineAisle,East,50,0,0.00,0.00,0.0000
2026-06-12 22:33:14,50j_25m_agv15,SPT_SRWT,44,16666.67,21,TopSpine_Seg1,SpineAisle,East,50,0,0.00,0.00,0.0000
2026-06-12 22:33:14,50j_25m_agv15,SPT_SRWT,44,16666.67,22,TopSpine_Seg2,SpineAisle,East,50,0,0.00,0.00,0.0000
2026-06-12 22:33:14,50j_25m_agv15,SPT_SRWT,44,16666.67,23,TopSpine_Seg3,SpineAisle,East,50,0,0.00,0.00,0.0000
2026-06-12 22:33:14,50j_25m_agv15,SPT_SRWT,44,16666.67,24,TopSpine_Seg4,SpineAisle,East,50,0,0.00,0.00,0.0000
2026-06-12 22:33:14,50j_25m_agv15,SPT_SRWT,44,16666.67,25,TopSpine_Seg5,SpineAisle,East,50,0,0.00,0.00,0.0000
2026-06-12 22:33:14,50j_25m_agv15,SPT_SRWT,44,16666.67,26,BotSpine_Seg0,SpineAisle,West,296,0,0.00,0.00,0.0000
2026-06-12 22:33:14,50j_25m_agv15,SPT_SRWT,44,16666.67,27,BotSpine_Seg1,SpineAisle,West,296,0,0.00,0.00,0.0000
2026-06-12 22:33:14,50j_25m_agv15,SPT_SRWT,44,16666.67,28,BotSpine_Seg2,SpineAisle,West,296,0,0.00,0.00,0.0000
2026-06-12 22:33:14,50j_25m_agv15,SPT_SRWT,44,16666.67,29,BotSpine_Seg3,SpineAisle,West,296,0,0.00,0.00,0.0000
2026-06-12 22:33:14,50j_25m_agv15,SPT_SRWT,44,16666.67,30,BotSpine_Seg4,SpineAisle,West,297,0,0.00,0.00,0.0000
2026-06-12 22:33:14,50j_25m_agv15,SPT_SRWT,44,16666.67,31,BotSpine_Seg5,SpineAisle,West,297,0,0.00,0.00,0.0000
2026-06-12 22:33:14,50j_25m_agv15,SPT_SRWT,44,16666.67,32,LeftVert_TopConn,VerticalAisle,North,50,0,0.00,0.00,0.0000
2026-06-12 22:33:14,50j_25m_agv15,SPT_SRWT,44,16666.67,33,LeftVert_Row0,VerticalAisle,North,415,974,253.25,0.26,0.7012
2026-06-12 22:33:14,50j_25m_agv15,SPT_SRWT,44,16666.67,34,LeftVert_Row1,VerticalAisle,North,415,627,162.99,0.26,0.6017
2026-06-12 22:33:14,50j_25m_agv15,SPT_SRWT,44,16666.67,35,LeftVert_Row2,VerticalAisle,North,343,213,55.39,0.26,0.3831
2026-06-12 22:33:14,50j_25m_agv15,SPT_SRWT,44,16666.67,36,LeftVert_Row3,VerticalAisle,North,343,80,20.80,0.26,0.1891
2026-06-12 22:33:14,50j_25m_agv15,SPT_SRWT,44,16666.67,37,LeftVert_BotConn,VerticalAisle,North,297,1029,267.53,0.26,0.7760
2026-06-12 22:33:14,50j_25m_agv15,SPT_SRWT,44,16666.67,38,RightVert_TopConn,VerticalAisle,South,50,0,0.00,0.00,0.0000
2026-06-12 22:33:14,50j_25m_agv15,SPT_SRWT,44,16666.67,39,RightVert_Row0,VerticalAisle,South,415,125,32.50,0.26,0.2315
2026-06-12 22:33:14,50j_25m_agv15,SPT_SRWT,44,16666.67,40,RightVert_Row1,VerticalAisle,South,415,112,29.13,0.26,0.2125
2026-06-12 22:33:14,50j_25m_agv15,SPT_SRWT,44,16666.67,41,RightVert_Row2,VerticalAisle,South,343,154,40.05,0.26,0.3099
2026-06-12 22:33:14,50j_25m_agv15,SPT_SRWT,44,16666.67,42,RightVert_Row3,VerticalAisle,South,343,11,2.86,0.26,0.0311
2026-06-12 22:33:14,50j_25m_agv15,SPT_SRWT,44,16666.67,43,RightVert_BotConn,VerticalAisle,South,297,0,0.00,0.00,0.0000
2026-06-12 22:18:39,50j_25m_agv15,LPT_MMUR,42,16997.43,0,RowAisle0_Seg0,RowAisle,East,389,1169,303.94,0.26,0.7503
2026-06-12 22:18:39,50j_25m_agv15,LPT_MMUR,42,16997.43,1,RowAisle0_Seg1,RowAisle,East,389,402,104.52,0.26,0.5082
2026-06-12 22:18:39,50j_25m_agv15,LPT_MMUR,42,16997.43,2,RowAisle0_Seg2,RowAisle,East,389,417,108.42,0.26,0.5174
2026-06-12 22:18:39,50j_25m_agv15,LPT_MMUR,42,16997.43,3,RowAisle0_Seg3,RowAisle,East,389,228,59.28,0.26,0.3695
2026-06-12 22:18:39,50j_25m_agv15,LPT_MMUR,42,16997.43,4,RowAisle0_Seg4,RowAisle,East,389,20,5.20,0.26,0.0489
2026-06-12 22:18:39,50j_25m_agv15,LPT_MMUR,42,16997.43,5,RowAisle1_Seg0,RowAisle,West,147,0,0.00,0.00,0.0000
2026-06-12 22:18:39,50j_25m_agv15,LPT_MMUR,42,16997.43,6,RowAisle1_Seg1,RowAisle,West,147,0,0.00,0.00,0.0000
2026-06-12 22:18:39,50j_25m_agv15,LPT_MMUR,42,16997.43,7,RowAisle1_Seg2,RowAisle,West,147,0,0.00,0.00,0.0000
2026-06-12 22:18:39,50j_25m_agv15,LPT_MMUR,42,16997.43,8,RowAisle1_Seg3,RowAisle,West,147,0,0.00,0.00,0.0000
2026-06-12 22:18:39,50j_25m_agv15,LPT_MMUR,42,16997.43,9,RowAisle1_Seg4,RowAisle,West,147,0,0.00,0.00,0.0000
2026-06-12 22:18:39,50j_25m_agv15,LPT_MMUR,42,16997.43,10,RowAisle2_Seg0,RowAisle,East,0,0,0.00,0.00,0.0000
2026-06-12 22:18:39,50j_25m_agv15,LPT_MMUR,42,16997.43,11,RowAisle2_Seg1,RowAisle,East,0,0,0.00,0.00,0.0000
2026-06-12 22:18:39,50j_25m_agv15,LPT_MMUR,42,16997.43,12,RowAisle2_Seg2,RowAisle,East,0,0,0.00,0.00,0.0000
2026-06-12 22:18:39,50j_25m_agv15,LPT_MMUR,42,16997.43,13,RowAisle2_Seg3,RowAisle,East,0,0,0.00,0.00,0.0000
2026-06-12 22:18:39,50j_25m_agv15,LPT_MMUR,42,16997.43,14,RowAisle2_Seg4,RowAisle,East,0,0,0.00,0.00,0.0000
2026-06-12 22:18:39,50j_25m_agv15,LPT_MMUR,42,16997.43,15,RowAisle3_Seg0,RowAisle,West,0,0,0.00,0.00,0.0000
2026-06-12 22:18:39,50j_25m_agv15,LPT_MMUR,42,16997.43,16,RowAisle3_Seg1,RowAisle,West,0,0,0.00,0.00,0.0000
2026-06-12 22:18:39,50j_25m_agv15,LPT_MMUR,42,16997.43,17,RowAisle3_Seg2,RowAisle,West,0,0,0.00,0.00,0.0000
2026-06-12 22:18:39,50j_25m_agv15,LPT_MMUR,42,16997.43,18,RowAisle3_Seg3,RowAisle,West,0,0,0.00,0.00,0.0000
2026-06-12 22:18:39,50j_25m_agv15,LPT_MMUR,42,16997.43,19,RowAisle3_Seg4,RowAisle,West,0,0,0.00,0.00,0.0000
2026-06-12 22:18:39,50j_25m_agv15,LPT_MMUR,42,16997.43,20,TopSpine_Seg0,SpineAisle,East,50,0,0.00,0.00,0.0000
2026-06-12 22:18:39,50j_25m_agv15,LPT_MMUR,42,16997.43,21,TopSpine_Seg1,SpineAisle,East,50,0,0.00,0.00,0.0000
2026-06-12 22:18:39,50j_25m_agv15,LPT_MMUR,42,16997.43,22,TopSpine_Seg2,SpineAisle,East,50,0,0.00,0.00,0.0000
2026-06-12 22:18:39,50j_25m_agv15,LPT_MMUR,42,16997.43,23,TopSpine_Seg3,SpineAisle,East,50,0,0.00,0.00,0.0000
2026-06-12 22:18:39,50j_25m_agv15,LPT_MMUR,42,16997.43,24,TopSpine_Seg4,SpineAisle,East,50,0,0.00,0.00,0.0000
2026-06-12 22:18:39,50j_25m_agv15,LPT_MMUR,42,16997.43,25,TopSpine_Seg5,SpineAisle,East,50,0,0.00,0.00,0.0000
2026-06-12 22:18:39,50j_25m_agv15,LPT_MMUR,42,16997.43,26,BotSpine_Seg0,SpineAisle,West,291,0,0.00,0.00,0.0000
2026-06-12 22:18:39,50j_25m_agv15,LPT_MMUR,42,16997.43,27,BotSpine_Seg1,SpineAisle,West,291,0,0.00,0.00,0.0000
2026-06-12 22:18:39,50j_25m_agv15,LPT_MMUR,42,16997.43,28,BotSpine_Seg2,SpineAisle,West,291,0,0.00,0.00,0.0000
2026-06-12 22:18:39,50j_25m_agv15,LPT_MMUR,42,16997.43,29,BotSpine_Seg3,SpineAisle,West,291,0,0.00,0.00,0.0000
2026-06-12 22:18:39,50j_25m_agv15,LPT_MMUR,42,16997.43,30,BotSpine_Seg4,SpineAisle,West,292,0,0.00,0.00,0.0000
2026-06-12 22:18:39,50j_25m_agv15,LPT_MMUR,42,16997.43,31,BotSpine_Seg5,SpineAisle,West,292,0,0.00,0.00,0.0000
2026-06-12 22:18:39,50j_25m_agv15,LPT_MMUR,42,16997.43,32,LeftVert_TopConn,VerticalAisle,North,50,0,0.00,0.00,0.0000
2026-06-12 22:18:39,50j_25m_agv15,LPT_MMUR,42,16997.43,33,LeftVert_Row0,VerticalAisle,North,439,1166,303.16,0.26,0.7265
2026-06-12 22:18:39,50j_25m_agv15,LPT_MMUR,42,16997.43,34,LeftVert_Row1,VerticalAisle,North,439,756,196.56,0.26,0.6326
2026-06-12 22:18:39,50j_25m_agv15,LPT_MMUR,42,16997.43,35,LeftVert_Row2,VerticalAisle,North,292,38,9.88,0.26,0.1152
2026-06-12 22:18:39,50j_25m_agv15,LPT_MMUR,42,16997.43,36,LeftVert_Row3,VerticalAisle,North,292,48,12.48,0.26,0.1412
2026-06-12 22:18:39,50j_25m_agv15,LPT_MMUR,42,16997.43,37,LeftVert_BotConn,VerticalAisle,North,292,887,230.63,0.26,0.7523
2026-06-12 22:18:39,50j_25m_agv15,LPT_MMUR,42,16997.43,38,RightVert_TopConn,VerticalAisle,South,50,0,0.00,0.00,0.0000
2026-06-12 22:18:39,50j_25m_agv15,LPT_MMUR,42,16997.43,39,RightVert_Row0,VerticalAisle,South,439,98,25.48,0.26,0.1825
2026-06-12 22:18:39,50j_25m_agv15,LPT_MMUR,42,16997.43,40,RightVert_Row1,VerticalAisle,South,439,73,18.98,0.26,0.1426
2026-06-12 22:18:39,50j_25m_agv15,LPT_MMUR,42,16997.43,41,RightVert_Row2,VerticalAisle,South,292,0,0.00,0.00,0.0000
2026-06-12 22:18:39,50j_25m_agv15,LPT_MMUR,42,16997.43,42,RightVert_Row3,VerticalAisle,South,292,0,0.00,0.00,0.0000
2026-06-12 22:18:39,50j_25m_agv15,LPT_MMUR,42,16997.43,43,RightVert_BotConn,VerticalAisle,South,292,0,0.00,0.00,0.0000
2026-06-12 22:27:00,50j_25m_agv15,LPT_MMUR,43,17700.00,0,RowAisle0_Seg0,RowAisle,East,393,450,116.99,0.26,0.5338
2026-06-12 22:27:00,50j_25m_agv15,LPT_MMUR,43,17700.00,1,RowAisle0_Seg1,RowAisle,East,393,586,152.36,0.26,0.5986
2026-06-12 22:27:00,50j_25m_agv15,LPT_MMUR,43,17700.00,2,RowAisle0_Seg2,RowAisle,East,393,909,236.34,0.26,0.6982
2026-06-12 22:27:00,50j_25m_agv15,LPT_MMUR,43,17700.00,3,RowAisle0_Seg3,RowAisle,East,393,240,62.40,0.26,0.3791
2026-06-12 22:27:00,50j_25m_agv15,LPT_MMUR,43,17700.00,4,RowAisle0_Seg4,RowAisle,East,393,15,3.90,0.26,0.0368
2026-06-12 22:27:00,50j_25m_agv15,LPT_MMUR,43,17700.00,5,RowAisle1_Seg0,RowAisle,West,150,0,0.00,0.00,0.0000
2026-06-12 22:27:00,50j_25m_agv15,LPT_MMUR,43,17700.00,6,RowAisle1_Seg1,RowAisle,West,150,0,0.00,0.00,0.0000
2026-06-12 22:27:00,50j_25m_agv15,LPT_MMUR,43,17700.00,7,RowAisle1_Seg2,RowAisle,West,150,0,0.00,0.00,0.0000
2026-06-12 22:27:00,50j_25m_agv15,LPT_MMUR,43,17700.00,8,RowAisle1_Seg3,RowAisle,West,150,0,0.00,0.00,0.0000
2026-06-12 22:27:00,50j_25m_agv15,LPT_MMUR,43,17700.00,9,RowAisle1_Seg4,RowAisle,West,150,0,0.00,0.00,0.0000
2026-06-12 22:27:00,50j_25m_agv15,LPT_MMUR,43,17700.00,10,RowAisle2_Seg0,RowAisle,East,0,0,0.00,0.00,0.0000
2026-06-12 22:27:00,50j_25m_agv15,LPT_MMUR,43,17700.00,11,RowAisle2_Seg1,RowAisle,East,0,0,0.00,0.00,0.0000
2026-06-12 22:27:00,50j_25m_agv15,LPT_MMUR,43,17700.00,12,RowAisle2_Seg2,RowAisle,East,0,0,0.00,0.00,0.0000
2026-06-12 22:27:00,50j_25m_agv15,LPT_MMUR,43,17700.00,13,RowAisle2_Seg3,RowAisle,East,0,0,0.00,0.00,0.0000
2026-06-12 22:27:00,50j_25m_agv15,LPT_MMUR,43,17700.00,14,RowAisle2_Seg4,RowAisle,East,0,0,0.00,0.00,0.0000
2026-06-12 22:27:00,50j_25m_agv15,LPT_MMUR,43,17700.00,15,RowAisle3_Seg0,RowAisle,West,0,0,0.00,0.00,0.0000
2026-06-12 22:27:00,50j_25m_agv15,LPT_MMUR,43,17700.00,16,RowAisle3_Seg1,RowAisle,West,0,0,0.00,0.00,0.0000
2026-06-12 22:27:00,50j_25m_agv15,LPT_MMUR,43,17700.00,17,RowAisle3_Seg2,RowAisle,West,0,0,0.00,0.00,0.0000
2026-06-12 22:27:00,50j_25m_agv15,LPT_MMUR,43,17700.00,18,RowAisle3_Seg3,RowAisle,West,0,0,0.00,0.00,0.0000
2026-06-12 22:27:00,50j_25m_agv15,LPT_MMUR,43,17700.00,19,RowAisle3_Seg4,RowAisle,West,0,0,0.00,0.00,0.0000
2026-06-12 22:27:00,50j_25m_agv15,LPT_MMUR,43,17700.00,20,TopSpine_Seg0,SpineAisle,East,50,0,0.00,0.00,0.0000
2026-06-12 22:27:00,50j_25m_agv15,LPT_MMUR,43,17700.00,21,TopSpine_Seg1,SpineAisle,East,50,0,0.00,0.00,0.0000
2026-06-12 22:27:00,50j_25m_agv15,LPT_MMUR,43,17700.00,22,TopSpine_Seg2,SpineAisle,East,50,0,0.00,0.00,0.0000
2026-06-12 22:27:00,50j_25m_agv15,LPT_MMUR,43,17700.00,23,TopSpine_Seg3,SpineAisle,East,50,0,0.00,0.00,0.0000
2026-06-12 22:27:00,50j_25m_agv15,LPT_MMUR,43,17700.00,24,TopSpine_Seg4,SpineAisle,East,50,0,0.00,0.00,0.0000
2026-06-12 22:27:00,50j_25m_agv15,LPT_MMUR,43,17700.00,25,TopSpine_Seg5,SpineAisle,East,50,0,0.00,0.00,0.0000
2026-06-12 22:27:00,50j_25m_agv15,LPT_MMUR,43,17700.00,26,BotSpine_Seg0,SpineAisle,West,292,0,0.00,0.00,0.0000
2026-06-12 22:27:00,50j_25m_agv15,LPT_MMUR,43,17700.00,27,BotSpine_Seg1,SpineAisle,West,292,0,0.00,0.00,0.0000
2026-06-12 22:27:00,50j_25m_agv15,LPT_MMUR,43,17700.00,28,BotSpine_Seg2,SpineAisle,West,292,0,0.00,0.00,0.0000
2026-06-12 22:27:00,50j_25m_agv15,LPT_MMUR,43,17700.00,29,BotSpine_Seg3,SpineAisle,West,292,0,0.00,0.00,0.0000
2026-06-12 22:27:00,50j_25m_agv15,LPT_MMUR,43,17700.00,30,BotSpine_Seg4,SpineAisle,West,293,0,0.00,0.00,0.0000
2026-06-12 22:27:00,50j_25m_agv15,LPT_MMUR,43,17700.00,31,BotSpine_Seg5,SpineAisle,West,293,0,0.00,0.00,0.0000
2026-06-12 22:27:00,50j_25m_agv15,LPT_MMUR,43,17700.00,32,LeftVert_TopConn,VerticalAisle,North,50,0,0.00,0.00,0.0000
2026-06-12 22:27:00,50j_25m_agv15,LPT_MMUR,43,17700.00,33,LeftVert_Row0,VerticalAisle,North,443,471,122.46,0.26,0.5153
2026-06-12 22:27:00,50j_25m_agv15,LPT_MMUR,43,17700.00,34,LeftVert_Row1,VerticalAisle,North,443,583,151.57,0.26,0.5682
2026-06-12 22:27:00,50j_25m_agv15,LPT_MMUR,43,17700.00,35,LeftVert_Row2,VerticalAisle,North,293,22,5.72,0.26,0.0698
2026-06-12 22:27:00,50j_25m_agv15,LPT_MMUR,43,17700.00,36,LeftVert_Row3,VerticalAisle,North,293,22,5.72,0.26,0.0698
2026-06-12 22:27:00,50j_25m_agv15,LPT_MMUR,43,17700.00,37,LeftVert_BotConn,VerticalAisle,North,293,794,206.45,0.26,0.7305
2026-06-12 22:27:00,50j_25m_agv15,LPT_MMUR,43,17700.00,38,RightVert_TopConn,VerticalAisle,South,50,0,0.00,0.00,0.0000
2026-06-12 22:27:00,50j_25m_agv15,LPT_MMUR,43,17700.00,39,RightVert_Row0,VerticalAisle,South,443,96,24.97,0.26,0.1781
2026-06-12 22:27:00,50j_25m_agv15,LPT_MMUR,43,17700.00,40,RightVert_Row1,VerticalAisle,South,443,101,26.27,0.26,0.1857
2026-06-12 22:27:00,50j_25m_agv15,LPT_MMUR,43,17700.00,41,RightVert_Row2,VerticalAisle,South,293,0,0.00,0.00,0.0000
2026-06-12 22:27:00,50j_25m_agv15,LPT_MMUR,43,17700.00,42,RightVert_Row3,VerticalAisle,South,293,0,0.00,0.00,0.0000
2026-06-12 22:27:00,50j_25m_agv15,LPT_MMUR,43,17700.00,43,RightVert_BotConn,VerticalAisle,South,293,0,0.00,0.00,0.0000
2026-06-12 22:34:48,50j_25m_agv15,LPT_MMUR,44,18566.67,0,RowAisle0_Seg0,RowAisle,East,386,1036,269.37,0.26,0.7286
2026-06-12 22:34:48,50j_25m_agv15,LPT_MMUR,44,18566.67,1,RowAisle0_Seg1,RowAisle,East,386,571,148.46,0.26,0.5967
2026-06-12 22:34:48,50j_25m_agv15,LPT_MMUR,44,18566.67,2,RowAisle0_Seg2,RowAisle,East,386,467,121.42,0.26,0.5475
2026-06-12 22:34:48,50j_25m_agv15,LPT_MMUR,44,18566.67,3,RowAisle0_Seg3,RowAisle,East,386,305,79.30,0.26,0.4414
2026-06-12 22:34:48,50j_25m_agv15,LPT_MMUR,44,18566.67,4,RowAisle0_Seg4,RowAisle,East,386,32,8.32,0.26,0.0766
2026-06-12 22:34:48,50j_25m_agv15,LPT_MMUR,44,18566.67,5,RowAisle1_Seg0,RowAisle,West,139,0,0.00,0.00,0.0000
2026-06-12 22:34:48,50j_25m_agv15,LPT_MMUR,44,18566.67,6,RowAisle1_Seg1,RowAisle,West,139,0,0.00,0.00,0.0000
2026-06-12 22:34:48,50j_25m_agv15,LPT_MMUR,44,18566.67,7,RowAisle1_Seg2,RowAisle,West,139,0,0.00,0.00,0.0000
2026-06-12 22:34:48,50j_25m_agv15,LPT_MMUR,44,18566.67,8,RowAisle1_Seg3,RowAisle,West,139,0,0.00,0.00,0.0000
2026-06-12 22:34:48,50j_25m_agv15,LPT_MMUR,44,18566.67,9,RowAisle1_Seg4,RowAisle,West,139,0,0.00,0.00,0.0000
2026-06-12 22:34:48,50j_25m_agv15,LPT_MMUR,44,18566.67,10,RowAisle2_Seg0,RowAisle,East,0,0,0.00,0.00,0.0000
2026-06-12 22:34:48,50j_25m_agv15,LPT_MMUR,44,18566.67,11,RowAisle2_Seg1,RowAisle,East,0,0,0.00,0.00,0.0000
2026-06-12 22:34:48,50j_25m_agv15,LPT_MMUR,44,18566.67,12,RowAisle2_Seg2,RowAisle,East,0,0,0.00,0.00,0.0000
2026-06-12 22:34:48,50j_25m_agv15,LPT_MMUR,44,18566.67,13,RowAisle2_Seg3,RowAisle,East,0,0,0.00,0.00,0.0000
2026-06-12 22:34:48,50j_25m_agv15,LPT_MMUR,44,18566.67,14,RowAisle2_Seg4,RowAisle,East,0,0,0.00,0.00,0.0000
2026-06-12 22:34:48,50j_25m_agv15,LPT_MMUR,44,18566.67,15,RowAisle3_Seg0,RowAisle,West,0,0,0.00,0.00,0.0000
2026-06-12 22:34:48,50j_25m_agv15,LPT_MMUR,44,18566.67,16,RowAisle3_Seg1,RowAisle,West,0,0,0.00,0.00,0.0000
2026-06-12 22:34:48,50j_25m_agv15,LPT_MMUR,44,18566.67,17,RowAisle3_Seg2,RowAisle,West,0,0,0.00,0.00,0.0000
2026-06-12 22:34:48,50j_25m_agv15,LPT_MMUR,44,18566.67,18,RowAisle3_Seg3,RowAisle,West,0,0,0.00,0.00,0.0000
2026-06-12 22:34:48,50j_25m_agv15,LPT_MMUR,44,18566.67,19,RowAisle3_Seg4,RowAisle,West,0,0,0.00,0.00,0.0000
2026-06-12 22:34:48,50j_25m_agv15,LPT_MMUR,44,18566.67,20,TopSpine_Seg0,SpineAisle,East,50,0,0.00,0.00,0.0000
2026-06-12 22:34:48,50j_25m_agv15,LPT_MMUR,44,18566.67,21,TopSpine_Seg1,SpineAisle,East,50,0,0.00,0.00,0.0000
2026-06-12 22:34:48,50j_25m_agv15,LPT_MMUR,44,18566.67,22,TopSpine_Seg2,SpineAisle,East,50,0,0.00,0.00,0.0000
2026-06-12 22:34:48,50j_25m_agv15,LPT_MMUR,44,18566.67,23,TopSpine_Seg3,SpineAisle,East,50,0,0.00,0.00,0.0000
2026-06-12 22:34:48,50j_25m_agv15,LPT_MMUR,44,18566.67,24,TopSpine_Seg4,SpineAisle,East,50,0,0.00,0.00,0.0000
2026-06-12 22:34:48,50j_25m_agv15,LPT_MMUR,44,18566.67,25,TopSpine_Seg5,SpineAisle,East,50,0,0.00,0.00,0.0000
2026-06-12 22:34:48,50j_25m_agv15,LPT_MMUR,44,18566.67,26,BotSpine_Seg0,SpineAisle,West,296,0,0.00,0.00,0.0000
2026-06-12 22:34:48,50j_25m_agv15,LPT_MMUR,44,18566.67,27,BotSpine_Seg1,SpineAisle,West,296,0,0.00,0.00,0.0000
2026-06-12 22:34:48,50j_25m_agv15,LPT_MMUR,44,18566.67,28,BotSpine_Seg2,SpineAisle,West,296,0,0.00,0.00,0.0000
2026-06-12 22:34:48,50j_25m_agv15,LPT_MMUR,44,18566.67,29,BotSpine_Seg3,SpineAisle,West,296,0,0.00,0.00,0.0000
2026-06-12 22:34:48,50j_25m_agv15,LPT_MMUR,44,18566.67,30,BotSpine_Seg4,SpineAisle,West,297,0,0.00,0.00,0.0000
2026-06-12 22:34:48,50j_25m_agv15,LPT_MMUR,44,18566.67,31,BotSpine_Seg5,SpineAisle,West,297,0,0.00,0.00,0.0000
2026-06-12 22:34:48,50j_25m_agv15,LPT_MMUR,44,18566.67,32,LeftVert_TopConn,VerticalAisle,North,50,0,0.00,0.00,0.0000
2026-06-12 22:34:48,50j_25m_agv15,LPT_MMUR,44,18566.67,33,LeftVert_Row0,VerticalAisle,North,436,336,87.36,0.26,0.4352
2026-06-12 22:34:48,50j_25m_agv15,LPT_MMUR,44,18566.67,34,LeftVert_Row1,VerticalAisle,North,436,805,209.32,0.26,0.6487
2026-06-12 22:34:48,50j_25m_agv15,LPT_MMUR,44,18566.67,35,LeftVert_Row2,VerticalAisle,North,297,25,6.51,0.26,0.0776
2026-06-12 22:34:48,50j_25m_agv15,LPT_MMUR,44,18566.67,36,LeftVert_Row3,VerticalAisle,North,297,25,6.52,0.26,0.0776
2026-06-12 22:34:48,50j_25m_agv15,LPT_MMUR,44,18566.67,37,LeftVert_BotConn,VerticalAisle,North,297,841,218.67,0.26,0.7390
2026-06-12 22:34:48,50j_25m_agv15,LPT_MMUR,44,18566.67,38,RightVert_TopConn,VerticalAisle,South,50,0,0.00,0.00,0.0000
2026-06-12 22:34:48,50j_25m_agv15,LPT_MMUR,44,18566.67,39,RightVert_Row0,VerticalAisle,South,436,104,27.04,0.26,0.1926
2026-06-12 22:34:48,50j_25m_agv15,LPT_MMUR,44,18566.67,40,RightVert_Row1,VerticalAisle,South,436,79,20.54,0.26,0.1534
2026-06-12 22:34:48,50j_25m_agv15,LPT_MMUR,44,18566.67,41,RightVert_Row2,VerticalAisle,South,297,0,0.00,0.00,0.0000
2026-06-12 22:34:48,50j_25m_agv15,LPT_MMUR,44,18566.67,42,RightVert_Row3,VerticalAisle,South,297,0,0.00,0.00,0.0000
2026-06-12 22:34:48,50j_25m_agv15,LPT_MMUR,44,18566.67,43,RightVert_BotConn,VerticalAisle,South,297,0,0.00,0.00,0.0000
2026-06-12 22:18:38,50j_25m_agv15,LPT_SMPT,42,16531.36,0,RowAisle0_Seg0,RowAisle,East,292,146,37.96,0.26,0.3333
2026-06-12 22:18:38,50j_25m_agv15,LPT_SMPT,42,16531.36,1,RowAisle0_Seg1,RowAisle,East,292,174,45.24,0.26,0.3734
2026-06-12 22:18:38,50j_25m_agv15,LPT_SMPT,42,16531.36,2,RowAisle0_Seg2,RowAisle,East,292,128,33.28,0.26,0.3048
2026-06-12 22:18:38,50j_25m_agv15,LPT_SMPT,42,16531.36,3,RowAisle0_Seg3,RowAisle,East,292,224,58.24,0.26,0.4341
2026-06-12 22:18:38,50j_25m_agv15,LPT_SMPT,42,16531.36,4,RowAisle0_Seg4,RowAisle,East,292,13,3.38,0.26,0.0426
2026-06-12 22:18:38,50j_25m_agv15,LPT_SMPT,42,16531.36,5,RowAisle1_Seg0,RowAisle,West,110,0,0.00,0.00,0.0000
2026-06-12 22:18:38,50j_25m_agv15,LPT_SMPT,42,16531.36,6,RowAisle1_Seg1,RowAisle,West,110,0,0.00,0.00,0.0000
2026-06-12 22:18:38,50j_25m_agv15,LPT_SMPT,42,16531.36,7,RowAisle1_Seg2,RowAisle,West,110,13,3.38,0.26,0.1057
2026-06-12 22:18:38,50j_25m_agv15,LPT_SMPT,42,16531.36,8,RowAisle1_Seg3,RowAisle,West,110,3,0.78,0.26,0.0265
2026-06-12 22:18:38,50j_25m_agv15,LPT_SMPT,42,16531.36,9,RowAisle1_Seg4,RowAisle,West,110,43,11.18,0.26,0.2810
2026-06-12 22:18:38,50j_25m_agv15,LPT_SMPT,42,16531.36,10,RowAisle2_Seg0,RowAisle,East,220,49,12.74,0.26,0.1822
2026-06-12 22:18:38,50j_25m_agv15,LPT_SMPT,42,16531.36,11,RowAisle2_Seg1,RowAisle,East,220,130,33.80,0.26,0.3714
2026-06-12 22:18:38,50j_25m_agv15,LPT_SMPT,42,16531.36,12,RowAisle2_Seg2,RowAisle,East,220,21,5.46,0.26,0.0871
2026-06-12 22:18:38,50j_25m_agv15,LPT_SMPT,42,16531.36,13,RowAisle2_Seg3,RowAisle,East,220,66,17.16,0.26,0.2308
2026-06-12 22:18:38,50j_25m_agv15,LPT_SMPT,42,16531.36,14,RowAisle2_Seg4,RowAisle,East,220,4,1.04,0.26,0.0179
2026-06-12 22:18:38,50j_25m_agv15,LPT_SMPT,42,16531.36,15,RowAisle3_Seg0,RowAisle,West,160,8,2.08,0.26,0.0476
2026-06-12 22:18:38,50j_25m_agv15,LPT_SMPT,42,16531.36,16,RowAisle3_Seg1,RowAisle,West,160,29,7.54,0.26,0.1534
2026-06-12 22:18:38,50j_25m_agv15,LPT_SMPT,42,16531.36,17,RowAisle3_Seg2,RowAisle,West,160,12,3.12,0.26,0.0698
2026-06-12 22:18:38,50j_25m_agv15,LPT_SMPT,42,16531.36,18,RowAisle3_Seg3,RowAisle,West,160,51,13.26,0.26,0.2417
2026-06-12 22:18:38,50j_25m_agv15,LPT_SMPT,42,16531.36,19,RowAisle3_Seg4,RowAisle,West,160,50,13.00,0.26,0.2381
2026-06-12 22:18:38,50j_25m_agv15,LPT_SMPT,42,16531.36,20,TopSpine_Seg0,SpineAisle,East,50,0,0.00,0.00,0.0000
2026-06-12 22:18:38,50j_25m_agv15,LPT_SMPT,42,16531.36,21,TopSpine_Seg1,SpineAisle,East,50,0,0.00,0.00,0.0000
2026-06-12 22:18:38,50j_25m_agv15,LPT_SMPT,42,16531.36,22,TopSpine_Seg2,SpineAisle,East,50,0,0.00,0.00,0.0000
2026-06-12 22:18:38,50j_25m_agv15,LPT_SMPT,42,16531.36,23,TopSpine_Seg3,SpineAisle,East,50,0,0.00,0.00,0.0000
2026-06-12 22:18:38,50j_25m_agv15,LPT_SMPT,42,16531.36,24,TopSpine_Seg4,SpineAisle,East,50,0,0.00,0.00,0.0000
2026-06-12 22:18:38,50j_25m_agv15,LPT_SMPT,42,16531.36,25,TopSpine_Seg5,SpineAisle,East,50,0,0.00,0.00,0.0000
2026-06-12 22:18:38,50j_25m_agv15,LPT_SMPT,42,16531.36,26,BotSpine_Seg0,SpineAisle,West,291,0,0.00,0.00,0.0000
2026-06-12 22:18:38,50j_25m_agv15,LPT_SMPT,42,16531.36,27,BotSpine_Seg1,SpineAisle,West,291,0,0.00,0.00,0.0000
2026-06-12 22:18:38,50j_25m_agv15,LPT_SMPT,42,16531.36,28,BotSpine_Seg2,SpineAisle,West,291,0,0.00,0.00,0.0000
2026-06-12 22:18:38,50j_25m_agv15,LPT_SMPT,42,16531.36,29,BotSpine_Seg3,SpineAisle,West,291,0,0.00,0.00,0.0000
2026-06-12 22:18:38,50j_25m_agv15,LPT_SMPT,42,16531.36,30,BotSpine_Seg4,SpineAisle,West,292,0,0.00,0.00,0.0000
2026-06-12 22:18:38,50j_25m_agv15,LPT_SMPT,42,16531.36,31,BotSpine_Seg5,SpineAisle,West,292,0,0.00,0.00,0.0000
2026-06-12 22:18:38,50j_25m_agv15,LPT_SMPT,42,16531.36,32,LeftVert_TopConn,VerticalAisle,North,50,0,0.00,0.00,0.0000
2026-06-12 22:18:38,50j_25m_agv15,LPT_SMPT,42,16531.36,33,LeftVert_Row0,VerticalAisle,North,342,361,93.86,0.26,0.5135
2026-06-12 22:18:38,50j_25m_agv15,LPT_SMPT,42,16531.36,34,LeftVert_Row1,VerticalAisle,North,342,362,94.12,0.26,0.5142
2026-06-12 22:18:38,50j_25m_agv15,LPT_SMPT,42,16531.36,35,LeftVert_Row2,VerticalAisle,North,452,454,118.04,0.26,0.5011
2026-06-12 22:18:38,50j_25m_agv15,LPT_SMPT,42,16531.36,36,LeftVert_Row3,VerticalAisle,North,452,364,94.64,0.26,0.4461
2026-06-12 22:18:38,50j_25m_agv15,LPT_SMPT,42,16531.36,37,LeftVert_BotConn,VerticalAisle,North,292,699,181.74,0.26,0.7053
2026-06-12 22:18:38,50j_25m_agv15,LPT_SMPT,42,16531.36,38,RightVert_TopConn,VerticalAisle,South,50,0,0.00,0.00,0.0000
2026-06-12 22:18:38,50j_25m_agv15,LPT_SMPT,42,16531.36,39,RightVert_Row0,VerticalAisle,South,342,104,27.04,0.26,0.2332
2026-06-12 22:18:38,50j_25m_agv15,LPT_SMPT,42,16531.36,40,RightVert_Row1,VerticalAisle,South,342,151,39.26,0.26,0.3063
2026-06-12 22:18:38,50j_25m_agv15,LPT_SMPT,42,16531.36,41,RightVert_Row2,VerticalAisle,South,452,311,80.86,0.26,0.4076
2026-06-12 22:18:38,50j_25m_agv15,LPT_SMPT,42,16531.36,42,RightVert_Row3,VerticalAisle,South,452,62,16.12,0.26,0.1206
2026-06-12 22:18:38,50j_25m_agv15,LPT_SMPT,42,16531.36,43,RightVert_BotConn,VerticalAisle,South,292,13,3.38,0.26,0.0426
2026-06-12 22:26:39,50j_25m_agv15,LPT_SMPT,43,16700.00,0,RowAisle0_Seg0,RowAisle,East,326,39,10.14,0.26,0.1068
2026-06-12 22:26:39,50j_25m_agv15,LPT_SMPT,43,16700.00,1,RowAisle0_Seg1,RowAisle,East,326,45,11.70,0.26,0.1213
2026-06-12 22:26:39,50j_25m_agv15,LPT_SMPT,43,16700.00,2,RowAisle0_Seg2,RowAisle,East,326,128,33.28,0.26,0.2819
2026-06-12 22:26:39,50j_25m_agv15,LPT_SMPT,43,16700.00,3,RowAisle0_Seg3,RowAisle,East,326,234,60.84,0.26,0.4179
2026-06-12 22:26:39,50j_25m_agv15,LPT_SMPT,43,16700.00,4,RowAisle0_Seg4,RowAisle,East,326,38,9.88,0.26,0.1044
2026-06-12 22:26:39,50j_25m_agv15,LPT_SMPT,43,16700.00,5,RowAisle1_Seg0,RowAisle,West,127,0,0.00,0.00,0.0000
2026-06-12 22:26:39,50j_25m_agv15,LPT_SMPT,43,16700.00,6,RowAisle1_Seg1,RowAisle,West,127,0,0.00,0.00,0.0000
2026-06-12 22:26:39,50j_25m_agv15,LPT_SMPT,43,16700.00,7,RowAisle1_Seg2,RowAisle,West,127,8,2.08,0.26,0.0593
2026-06-12 22:26:39,50j_25m_agv15,LPT_SMPT,43,16700.00,8,RowAisle1_Seg3,RowAisle,West,127,20,5.20,0.26,0.1361
2026-06-12 22:26:39,50j_25m_agv15,LPT_SMPT,43,16700.00,9,RowAisle1_Seg4,RowAisle,West,127,0,0.00,0.00,0.0000
2026-06-12 22:26:39,50j_25m_agv15,LPT_SMPT,43,16700.00,10,RowAisle2_Seg0,RowAisle,East,206,14,3.64,0.26,0.0636
2026-06-12 22:26:39,50j_25m_agv15,LPT_SMPT,43,16700.00,11,RowAisle2_Seg1,RowAisle,East,206,119,30.94,0.26,0.3662
2026-06-12 22:26:39,50j_25m_agv15,LPT_SMPT,43,16700.00,12,RowAisle2_Seg2,RowAisle,East,206,10,2.60,0.26,0.0463
2026-06-12 22:26:39,50j_25m_agv15,LPT_SMPT,43,16700.00,13,RowAisle2_Seg3,RowAisle,East,206,114,29.64,0.26,0.3563
2026-06-12 22:26:39,50j_25m_agv15,LPT_SMPT,43,16700.00,14,RowAisle2_Seg4,RowAisle,East,206,6,1.56,0.26,0.0283
2026-06-12 22:26:39,50j_25m_agv15,LPT_SMPT,43,16700.00,15,RowAisle3_Seg0,RowAisle,West,162,11,2.86,0.26,0.0636
2026-06-12 22:26:39,50j_25m_agv15,LPT_SMPT,43,16700.00,16,RowAisle3_Seg1,RowAisle,West,162,39,10.14,0.26,0.1940
2026-06-12 22:26:39,50j_25m_agv15,LPT_SMPT,43,16700.00,17,RowAisle3_Seg2,RowAisle,West,162,0,0.00,0.00,0.0000
2026-06-12 22:26:39,50j_25m_agv15,LPT_SMPT,43,16700.00,18,RowAisle3_Seg3,RowAisle,West,162,2,0.52,0.26,0.0122
2026-06-12 22:26:39,50j_25m_agv15,LPT_SMPT,43,16700.00,19,RowAisle3_Seg4,RowAisle,West,162,53,13.78,0.26,0.2465
2026-06-12 22:26:39,50j_25m_agv15,LPT_SMPT,43,16700.00,20,TopSpine_Seg0,SpineAisle,East,50,0,0.00,0.00,0.0000
2026-06-12 22:26:39,50j_25m_agv15,LPT_SMPT,43,16700.00,21,TopSpine_Seg1,SpineAisle,East,50,0,0.00,0.00,0.0000
2026-06-12 22:26:39,50j_25m_agv15,LPT_SMPT,43,16700.00,22,TopSpine_Seg2,SpineAisle,East,50,0,0.00,0.00,0.0000
2026-06-12 22:26:39,50j_25m_agv15,LPT_SMPT,43,16700.00,23,TopSpine_Seg3,SpineAisle,East,50,0,0.00,0.00,0.0000
2026-06-12 22:26:39,50j_25m_agv15,LPT_SMPT,43,16700.00,24,TopSpine_Seg4,SpineAisle,East,50,0,0.00,0.00,0.0000
2026-06-12 22:26:39,50j_25m_agv15,LPT_SMPT,43,16700.00,25,TopSpine_Seg5,SpineAisle,East,50,0,0.00,0.00,0.0000
2026-06-12 22:26:39,50j_25m_agv15,LPT_SMPT,43,16700.00,26,BotSpine_Seg0,SpineAisle,West,293,0,0.00,0.00,0.0000
2026-06-12 22:26:39,50j_25m_agv15,LPT_SMPT,43,16700.00,27,BotSpine_Seg1,SpineAisle,West,293,0,0.00,0.00,0.0000
2026-06-12 22:26:39,50j_25m_agv15,LPT_SMPT,43,16700.00,28,BotSpine_Seg2,SpineAisle,West,293,0,0.00,0.00,0.0000
2026-06-12 22:26:39,50j_25m_agv15,LPT_SMPT,43,16700.00,29,BotSpine_Seg3,SpineAisle,West,293,0,0.00,0.00,0.0000
2026-06-12 22:26:39,50j_25m_agv15,LPT_SMPT,43,16700.00,30,BotSpine_Seg4,SpineAisle,West,293,0,0.00,0.00,0.0000
2026-06-12 22:26:39,50j_25m_agv15,LPT_SMPT,43,16700.00,31,BotSpine_Seg5,SpineAisle,West,293,0,0.00,0.00,0.0000
2026-06-12 22:26:39,50j_25m_agv15,LPT_SMPT,43,16700.00,32,LeftVert_TopConn,VerticalAisle,North,50,0,0.00,0.00,0.0000
2026-06-12 22:26:39,50j_25m_agv15,LPT_SMPT,43,16700.00,33,LeftVert_Row0,VerticalAisle,North,376,274,71.24,0.26,0.4215
2026-06-12 22:26:39,50j_25m_agv15,LPT_SMPT,43,16700.00,34,LeftVert_Row1,VerticalAisle,North,376,409,106.33,0.26,0.5210
2026-06-12 22:26:39,50j_25m_agv15,LPT_SMPT,43,16700.00,35,LeftVert_Row2,VerticalAisle,North,455,205,53.30,0.26,0.3106
2026-06-12 22:26:39,50j_25m_agv15,LPT_SMPT,43,16700.00,36,LeftVert_Row3,VerticalAisle,North,455,231,60.05,0.26,0.3367
2026-06-12 22:26:39,50j_25m_agv15,LPT_SMPT,43,16700.00,37,LeftVert_BotConn,VerticalAisle,North,293,676,175.75,0.26,0.6976
2026-06-12 22:26:39,50j_25m_agv15,LPT_SMPT,43,16700.00,38,RightVert_TopConn,VerticalAisle,South,50,0,0.00,0.00,0.0000
2026-06-12 22:26:39,50j_25m_agv15,LPT_SMPT,43,16700.00,39,RightVert_Row0,VerticalAisle,South,376,111,28.86,0.26,0.2279
2026-06-12 22:26:39,50j_25m_agv15,LPT_SMPT,43,16700.00,40,RightVert_Row1,VerticalAisle,South,376,268,69.68,0.26,0.4161
2026-06-12 22:26:39,50j_25m_agv15,LPT_SMPT,43,16700.00,41,RightVert_Row2,VerticalAisle,South,455,298,77.48,0.26,0.3958
2026-06-12 22:26:39,50j_25m_agv15,LPT_SMPT,43,16700.00,42,RightVert_Row3,VerticalAisle,South,455,88,22.88,0.26,0.1621
2026-06-12 22:26:39,50j_25m_agv15,LPT_SMPT,43,16700.00,43,RightVert_BotConn,VerticalAisle,South,293,3,0.78,0.26,0.0101
2026-06-12 22:34:08,50j_25m_agv15,LPT_SMPT,44,16966.67,0,RowAisle0_Seg0,RowAisle,East,310,231,60.06,0.26,0.4270
2026-06-12 22:34:08,50j_25m_agv15,LPT_SMPT,44,16966.67,1,RowAisle0_Seg1,RowAisle,East,310,219,56.94,0.26,0.4140
2026-06-12 22:34:08,50j_25m_agv15,LPT_SMPT,44,16966.67,2,RowAisle0_Seg2,RowAisle,East,310,277,72.02,0.26,0.4719
2026-06-12 22:34:08,50j_25m_agv15,LPT_SMPT,44,16966.67,3,RowAisle0_Seg3,RowAisle,East,310,313,81.38,0.26,0.5024
2026-06-12 22:34:08,50j_25m_agv15,LPT_SMPT,44,16966.67,4,RowAisle0_Seg4,RowAisle,East,310,43,11.19,0.26,0.1218
2026-06-12 22:34:08,50j_25m_agv15,LPT_SMPT,44,16966.67,5,RowAisle1_Seg0,RowAisle,West,122,0,0.00,0.00,0.0000
2026-06-12 22:34:08,50j_25m_agv15,LPT_SMPT,44,16966.67,6,RowAisle1_Seg1,RowAisle,West,122,0,0.00,0.00,0.0000
2026-06-12 22:34:08,50j_25m_agv15,LPT_SMPT,44,16966.67,7,RowAisle1_Seg2,RowAisle,West,122,0,0.00,0.00,0.0000
2026-06-12 22:34:08,50j_25m_agv15,LPT_SMPT,44,16966.67,8,RowAisle1_Seg3,RowAisle,West,122,23,5.98,0.26,0.1586
2026-06-12 22:34:08,50j_25m_agv15,LPT_SMPT,44,16966.67,9,RowAisle1_Seg4,RowAisle,West,122,0,0.00,0.00,0.0000
2026-06-12 22:34:08,50j_25m_agv15,LPT_SMPT,44,16966.67,10,RowAisle2_Seg0,RowAisle,East,223,194,50.44,0.26,0.4652
2026-06-12 22:34:08,50j_25m_agv15,LPT_SMPT,44,16966.67,11,RowAisle2_Seg1,RowAisle,East,223,194,50.45,0.26,0.4652
2026-06-12 22:34:08,50j_25m_agv15,LPT_SMPT,44,16966.67,12,RowAisle2_Seg2,RowAisle,East,223,4,1.04,0.26,0.0176
2026-06-12 22:34:08,50j_25m_agv15,LPT_SMPT,44,16966.67,13,RowAisle2_Seg3,RowAisle,East,223,161,41.86,0.26,0.4193
2026-06-12 22:34:08,50j_25m_agv15,LPT_SMPT,44,16966.67,14,RowAisle2_Seg4,RowAisle,East,223,8,2.08,0.26,0.0346
2026-06-12 22:34:08,50j_25m_agv15,LPT_SMPT,44,16966.67,15,RowAisle3_Seg0,RowAisle,West,164,1,0.26,0.26,0.0061
2026-06-12 22:34:08,50j_25m_agv15,LPT_SMPT,44,16966.67,16,RowAisle3_Seg1,RowAisle,West,164,0,0.00,0.00,0.0000
2026-06-12 22:34:08,50j_25m_agv15,LPT_SMPT,44,16966.67,17,RowAisle3_Seg2,RowAisle,West,164,124,32.24,0.26,0.4306
2026-06-12 22:34:08,50j_25m_agv15,LPT_SMPT,44,16966.67,18,RowAisle3_Seg3,RowAisle,West,164,110,28.60,0.26,0.4015
2026-06-12 22:34:08,50j_25m_agv15,LPT_SMPT,44,16966.67,19,RowAisle3_Seg4,RowAisle,West,164,114,29.64,0.26,0.4101
2026-06-12 22:34:08,50j_25m_agv15,LPT_SMPT,44,16966.67,20,TopSpine_Seg0,SpineAisle,East,50,0,0.00,0.00,0.0000
2026-06-12 22:34:08,50j_25m_agv15,LPT_SMPT,44,16966.67,21,TopSpine_Seg1,SpineAisle,East,50,0,0.00,0.00,0.0000
2026-06-12 22:34:08,50j_25m_agv15,LPT_SMPT,44,16966.67,22,TopSpine_Seg2,SpineAisle,East,50,0,0.00,0.00,0.0000
2026-06-12 22:34:08,50j_25m_agv15,LPT_SMPT,44,16966.67,23,TopSpine_Seg3,SpineAisle,East,50,0,0.00,0.00,0.0000
2026-06-12 22:34:08,50j_25m_agv15,LPT_SMPT,44,16966.67,24,TopSpine_Seg4,SpineAisle,East,50,0,0.00,0.00,0.0000
2026-06-12 22:34:08,50j_25m_agv15,LPT_SMPT,44,16966.67,25,TopSpine_Seg5,SpineAisle,East,50,0,0.00,0.00,0.0000
2026-06-12 22:34:08,50j_25m_agv15,LPT_SMPT,44,16966.67,26,BotSpine_Seg0,SpineAisle,West,296,0,0.00,0.00,0.0000
2026-06-12 22:34:08,50j_25m_agv15,LPT_SMPT,44,16966.67,27,BotSpine_Seg1,SpineAisle,West,296,0,0.00,0.00,0.0000
2026-06-12 22:34:08,50j_25m_agv15,LPT_SMPT,44,16966.67,28,BotSpine_Seg2,SpineAisle,West,296,0,0.00,0.00,0.0000
2026-06-12 22:34:08,50j_25m_agv15,LPT_SMPT,44,16966.67,29,BotSpine_Seg3,SpineAisle,West,296,0,0.00,0.00,0.0000
2026-06-12 22:34:08,50j_25m_agv15,LPT_SMPT,44,16966.67,30,BotSpine_Seg4,SpineAisle,West,297,0,0.00,0.00,0.0000
2026-06-12 22:34:08,50j_25m_agv15,LPT_SMPT,44,16966.67,31,BotSpine_Seg5,SpineAisle,West,297,0,0.00,0.00,0.0000
2026-06-12 22:34:08,50j_25m_agv15,LPT_SMPT,44,16966.67,32,LeftVert_TopConn,VerticalAisle,North,50,0,0.00,0.00,0.0000
2026-06-12 22:34:08,50j_25m_agv15,LPT_SMPT,44,16966.67,33,LeftVert_Row0,VerticalAisle,North,360,445,115.70,0.26,0.5528
2026-06-12 22:34:08,50j_25m_agv15,LPT_SMPT,44,16966.67,34,LeftVert_Row1,VerticalAisle,North,360,444,115.43,0.26,0.5522
2026-06-12 22:34:08,50j_25m_agv15,LPT_SMPT,44,16966.67,35,LeftVert_Row2,VerticalAisle,North,461,107,27.82,0.26,0.1884
2026-06-12 22:34:08,50j_25m_agv15,LPT_SMPT,44,16966.67,36,LeftVert_Row3,VerticalAisle,North,461,128,33.29,0.26,0.2173
2026-06-12 22:34:08,50j_25m_agv15,LPT_SMPT,44,16966.67,37,LeftVert_BotConn,VerticalAisle,North,297,960,249.60,0.26,0.7637
2026-06-12 22:34:08,50j_25m_agv15,LPT_SMPT,44,16966.67,38,RightVert_TopConn,VerticalAisle,South,50,0,0.00,0.00,0.0000
2026-06-12 22:34:08,50j_25m_agv15,LPT_SMPT,44,16966.67,39,RightVert_Row0,VerticalAisle,South,360,144,37.43,0.26,0.2857
2026-06-12 22:34:08,50j_25m_agv15,LPT_SMPT,44,16966.67,40,RightVert_Row1,VerticalAisle,South,360,170,44.20,0.26,0.3208
2026-06-12 22:34:08,50j_25m_agv15,LPT_SMPT,44,16966.67,41,RightVert_Row2,VerticalAisle,South,461,318,82.69,0.26,0.4082
2026-06-12 22:34:08,50j_25m_agv15,LPT_SMPT,44,16966.67,42,RightVert_Row3,VerticalAisle,South,461,115,29.90,0.26,0.1997
2026-06-12 22:34:08,50j_25m_agv15,LPT_SMPT,44,16966.67,43,RightVert_BotConn,VerticalAisle,South,297,7,1.82,0.26,0.0230
2026-06-12 22:19:13,50j_25m_agv15,SRT_SRWT,42,16337.73,0,RowAisle0_Seg0,RowAisle,East,367,1020,265.20,0.26,0.7354
2026-06-12 22:19:13,50j_25m_agv15,SRT_SRWT,42,16337.73,1,RowAisle0_Seg1,RowAisle,East,367,305,79.30,0.26,0.4539
2026-06-12 22:19:13,50j_25m_agv15,SRT_SRWT,42,16337.73,2,RowAisle0_Seg2,RowAisle,East,367,266,69.16,0.26,0.4202
2026-06-12 22:19:13,50j_25m_agv15,SRT_SRWT,42,16337.73,3,RowAisle0_Seg3,RowAisle,East,367,73,18.98,0.26,0.1659
2026-06-12 22:19:13,50j_25m_agv15,SRT_SRWT,42,16337.73,4,RowAisle0_Seg4,RowAisle,East,367,9,2.34,0.26,0.0239
2026-06-12 22:19:13,50j_25m_agv15,SRT_SRWT,42,16337.73,5,RowAisle1_Seg0,RowAisle,West,126,0,0.00,0.00,0.0000
2026-06-12 22:19:13,50j_25m_agv15,SRT_SRWT,42,16337.73,6,RowAisle1_Seg1,RowAisle,West,126,0,0.00,0.00,0.0000
2026-06-12 22:19:13,50j_25m_agv15,SRT_SRWT,42,16337.73,7,RowAisle1_Seg2,RowAisle,West,126,0,0.00,0.00,0.0000
2026-06-12 22:19:13,50j_25m_agv15,SRT_SRWT,42,16337.73,8,RowAisle1_Seg3,RowAisle,West,126,0,0.00,0.00,0.0000
2026-06-12 22:19:13,50j_25m_agv15,SRT_SRWT,42,16337.73,9,RowAisle1_Seg4,RowAisle,West,126,0,0.00,0.00,0.0000
2026-06-12 22:19:13,50j_25m_agv15,SRT_SRWT,42,16337.73,10,RowAisle2_Seg0,RowAisle,East,47,0,0.00,0.00,0.0000
2026-06-12 22:19:13,50j_25m_agv15,SRT_SRWT,42,16337.73,11,RowAisle2_Seg1,RowAisle,East,47,0,0.00,0.00,0.0000
2026-06-12 22:19:13,50j_25m_agv15,SRT_SRWT,42,16337.73,12,RowAisle2_Seg2,RowAisle,East,47,0,0.00,0.00,0.0000
2026-06-12 22:19:13,50j_25m_agv15,SRT_SRWT,42,16337.73,13,RowAisle2_Seg3,RowAisle,East,47,0,0.00,0.00,0.0000
2026-06-12 22:19:13,50j_25m_agv15,SRT_SRWT,42,16337.73,14,RowAisle2_Seg4,RowAisle,East,47,0,0.00,0.00,0.0000
2026-06-12 22:19:13,50j_25m_agv15,SRT_SRWT,42,16337.73,15,RowAisle3_Seg0,RowAisle,West,46,0,0.00,0.00,0.0000
2026-06-12 22:19:13,50j_25m_agv15,SRT_SRWT,42,16337.73,16,RowAisle3_Seg1,RowAisle,West,46,0,0.00,0.00,0.0000
2026-06-12 22:19:13,50j_25m_agv15,SRT_SRWT,42,16337.73,17,RowAisle3_Seg2,RowAisle,West,46,0,0.00,0.00,0.0000
2026-06-12 22:19:13,50j_25m_agv15,SRT_SRWT,42,16337.73,18,RowAisle3_Seg3,RowAisle,West,46,1,0.26,0.26,0.0213
2026-06-12 22:19:13,50j_25m_agv15,SRT_SRWT,42,16337.73,19,RowAisle3_Seg4,RowAisle,West,46,50,13.00,0.26,0.5208
2026-06-12 22:19:13,50j_25m_agv15,SRT_SRWT,42,16337.73,20,TopSpine_Seg0,SpineAisle,East,50,0,0.00,0.00,0.0000
2026-06-12 22:19:13,50j_25m_agv15,SRT_SRWT,42,16337.73,21,TopSpine_Seg1,SpineAisle,East,50,0,0.00,0.00,0.0000
2026-06-12 22:19:13,50j_25m_agv15,SRT_SRWT,42,16337.73,22,TopSpine_Seg2,SpineAisle,East,50,0,0.00,0.00,0.0000
2026-06-12 22:19:13,50j_25m_agv15,SRT_SRWT,42,16337.73,23,TopSpine_Seg3,SpineAisle,East,50,0,0.00,0.00,0.0000
2026-06-12 22:19:13,50j_25m_agv15,SRT_SRWT,42,16337.73,24,TopSpine_Seg4,SpineAisle,East,50,0,0.00,0.00,0.0000
2026-06-12 22:19:13,50j_25m_agv15,SRT_SRWT,42,16337.73,25,TopSpine_Seg5,SpineAisle,East,50,0,0.00,0.00,0.0000
2026-06-12 22:19:13,50j_25m_agv15,SRT_SRWT,42,16337.73,26,BotSpine_Seg0,SpineAisle,West,291,0,0.00,0.00,0.0000
2026-06-12 22:19:13,50j_25m_agv15,SRT_SRWT,42,16337.73,27,BotSpine_Seg1,SpineAisle,West,291,0,0.00,0.00,0.0000
2026-06-12 22:19:13,50j_25m_agv15,SRT_SRWT,42,16337.73,28,BotSpine_Seg2,SpineAisle,West,291,0,0.00,0.00,0.0000
2026-06-12 22:19:13,50j_25m_agv15,SRT_SRWT,42,16337.73,29,BotSpine_Seg3,SpineAisle,West,291,0,0.00,0.00,0.0000
2026-06-12 22:19:13,50j_25m_agv15,SRT_SRWT,42,16337.73,30,BotSpine_Seg4,SpineAisle,West,292,0,0.00,0.00,0.0000
2026-06-12 22:19:13,50j_25m_agv15,SRT_SRWT,42,16337.73,31,BotSpine_Seg5,SpineAisle,West,292,0,0.00,0.00,0.0000
2026-06-12 22:19:13,50j_25m_agv15,SRT_SRWT,42,16337.73,32,LeftVert_TopConn,VerticalAisle,North,50,0,0.00,0.00,0.0000
2026-06-12 22:19:13,50j_25m_agv15,SRT_SRWT,42,16337.73,33,LeftVert_Row0,VerticalAisle,North,417,733,190.58,0.26,0.6374
2026-06-12 22:19:13,50j_25m_agv15,SRT_SRWT,42,16337.73,34,LeftVert_Row1,VerticalAisle,North,417,447,116.22,0.26,0.5174
2026-06-12 22:19:13,50j_25m_agv15,SRT_SRWT,42,16337.73,35,LeftVert_Row2,VerticalAisle,North,338,109,28.34,0.26,0.2438
2026-06-12 22:19:13,50j_25m_agv15,SRT_SRWT,42,16337.73,36,LeftVert_Row3,VerticalAisle,North,338,125,32.50,0.26,0.2700
2026-06-12 22:19:13,50j_25m_agv15,SRT_SRWT,42,16337.73,37,LeftVert_BotConn,VerticalAisle,North,292,820,213.20,0.26,0.7374
2026-06-12 22:19:13,50j_25m_agv15,SRT_SRWT,42,16337.73,38,RightVert_TopConn,VerticalAisle,South,50,0,0.00,0.00,0.0000
2026-06-12 22:19:13,50j_25m_agv15,SRT_SRWT,42,16337.73,39,RightVert_Row0,VerticalAisle,South,417,132,34.32,0.26,0.2404
2026-06-12 22:19:13,50j_25m_agv15,SRT_SRWT,42,16337.73,40,RightVert_Row1,VerticalAisle,South,417,121,31.46,0.26,0.2249
2026-06-12 22:19:13,50j_25m_agv15,SRT_SRWT,42,16337.73,41,RightVert_Row2,VerticalAisle,South,338,108,28.08,0.26,0.2422
2026-06-12 22:19:13,50j_25m_agv15,SRT_SRWT,42,16337.73,42,RightVert_Row3,VerticalAisle,South,338,0,0.00,0.00,0.0000
2026-06-12 22:19:13,50j_25m_agv15,SRT_SRWT,42,16337.73,43,RightVert_BotConn,VerticalAisle,South,292,0,0.00,0.00,0.0000
2026-06-12 22:27:37,50j_25m_agv15,SRT_SRWT,43,16600.00,0,RowAisle0_Seg0,RowAisle,East,373,940,244.39,0.26,0.7159
2026-06-12 22:27:37,50j_25m_agv15,SRT_SRWT,43,16600.00,1,RowAisle0_Seg1,RowAisle,East,373,1035,269.10,0.26,0.7351
2026-06-12 22:27:37,50j_25m_agv15,SRT_SRWT,43,16600.00,2,RowAisle0_Seg2,RowAisle,East,373,731,190.06,0.26,0.6621
2026-06-12 22:27:37,50j_25m_agv15,SRT_SRWT,43,16600.00,3,RowAisle0_Seg3,RowAisle,East,373,626,162.76,0.26,0.6266
2026-06-12 22:27:37,50j_25m_agv15,SRT_SRWT,43,16600.00,4,RowAisle0_Seg4,RowAisle,East,373,88,22.88,0.26,0.1909
2026-06-12 22:27:37,50j_25m_agv15,SRT_SRWT,43,16600.00,5,RowAisle1_Seg0,RowAisle,West,130,8,2.08,0.26,0.0580
2026-06-12 22:27:37,50j_25m_agv15,SRT_SRWT,43,16600.00,6,RowAisle1_Seg1,RowAisle,West,130,12,3.12,0.26,0.0845
2026-06-12 22:27:37,50j_25m_agv15,SRT_SRWT,43,16600.00,7,RowAisle1_Seg2,RowAisle,West,130,0,0.00,0.00,0.0000
2026-06-12 22:27:37,50j_25m_agv15,SRT_SRWT,43,16600.00,8,RowAisle1_Seg3,RowAisle,West,130,2,0.52,0.26,0.0152
2026-06-12 22:27:37,50j_25m_agv15,SRT_SRWT,43,16600.00,9,RowAisle1_Seg4,RowAisle,West,130,25,6.50,0.26,0.1613
2026-06-12 22:27:37,50j_25m_agv15,SRT_SRWT,43,16600.00,10,RowAisle2_Seg0,RowAisle,East,44,0,0.00,0.00,0.0000
2026-06-12 22:27:37,50j_25m_agv15,SRT_SRWT,43,16600.00,11,RowAisle2_Seg1,RowAisle,East,44,0,0.00,0.00,0.0000
2026-06-12 22:27:37,50j_25m_agv15,SRT_SRWT,43,16600.00,12,RowAisle2_Seg2,RowAisle,East,44,0,0.00,0.00,0.0000
2026-06-12 22:27:37,50j_25m_agv15,SRT_SRWT,43,16600.00,13,RowAisle2_Seg3,RowAisle,East,44,67,17.42,0.26,0.6036
2026-06-12 22:27:37,50j_25m_agv15,SRT_SRWT,43,16600.00,14,RowAisle2_Seg4,RowAisle,East,44,2,0.52,0.26,0.0435
2026-06-12 22:27:37,50j_25m_agv15,SRT_SRWT,43,16600.00,15,RowAisle3_Seg0,RowAisle,West,44,0,0.00,0.00,0.0000
2026-06-12 22:27:37,50j_25m_agv15,SRT_SRWT,43,16600.00,16,RowAisle3_Seg1,RowAisle,West,44,0,0.00,0.00,0.0000
2026-06-12 22:27:37,50j_25m_agv15,SRT_SRWT,43,16600.00,17,RowAisle3_Seg2,RowAisle,West,44,0,0.00,0.00,0.0000
2026-06-12 22:27:37,50j_25m_agv15,SRT_SRWT,43,16600.00,18,RowAisle3_Seg3,RowAisle,West,44,0,0.00,0.00,0.0000
2026-06-12 22:27:37,50j_25m_agv15,SRT_SRWT,43,16600.00,19,RowAisle3_Seg4,RowAisle,West,44,0,0.00,0.00,0.0000
2026-06-12 22:27:37,50j_25m_agv15,SRT_SRWT,43,16600.00,20,TopSpine_Seg0,SpineAisle,East,50,0,0.00,0.00,0.0000
2026-06-12 22:27:37,50j_25m_agv15,SRT_SRWT,43,16600.00,21,TopSpine_Seg1,SpineAisle,East,50,0,0.00,0.00,0.0000
2026-06-12 22:27:37,50j_25m_agv15,SRT_SRWT,43,16600.00,22,TopSpine_Seg2,SpineAisle,East,50,0,0.00,0.00,0.0000
2026-06-12 22:27:37,50j_25m_agv15,SRT_SRWT,43,16600.00,23,TopSpine_Seg3,SpineAisle,East,50,0,0.00,0.00,0.0000
2026-06-12 22:27:37,50j_25m_agv15,SRT_SRWT,43,16600.00,24,TopSpine_Seg4,SpineAisle,East,50,0,0.00,0.00,0.0000
2026-06-12 22:27:37,50j_25m_agv15,SRT_SRWT,43,16600.00,25,TopSpine_Seg5,SpineAisle,East,50,0,0.00,0.00,0.0000
2026-06-12 22:27:37,50j_25m_agv15,SRT_SRWT,43,16600.00,26,BotSpine_Seg0,SpineAisle,West,292,0,0.00,0.00,0.0000
2026-06-12 22:27:37,50j_25m_agv15,SRT_SRWT,43,16600.00,27,BotSpine_Seg1,SpineAisle,West,292,0,0.00,0.00,0.0000
2026-06-12 22:27:37,50j_25m_agv15,SRT_SRWT,43,16600.00,28,BotSpine_Seg2,SpineAisle,West,292,0,0.00,0.00,0.0000
2026-06-12 22:27:37,50j_25m_agv15,SRT_SRWT,43,16600.00,29,BotSpine_Seg3,SpineAisle,West,292,0,0.00,0.00,0.0000
2026-06-12 22:27:37,50j_25m_agv15,SRT_SRWT,43,16600.00,30,BotSpine_Seg4,SpineAisle,West,293,0,0.00,0.00,0.0000
2026-06-12 22:27:37,50j_25m_agv15,SRT_SRWT,43,16600.00,31,BotSpine_Seg5,SpineAisle,West,293,0,0.00,0.00,0.0000
2026-06-12 22:27:37,50j_25m_agv15,SRT_SRWT,43,16600.00,32,LeftVert_TopConn,VerticalAisle,North,50,0,0.00,0.00,0.0000
2026-06-12 22:27:37,50j_25m_agv15,SRT_SRWT,43,16600.00,33,LeftVert_Row0,VerticalAisle,North,423,709,184.34,0.26,0.6263
2026-06-12 22:27:37,50j_25m_agv15,SRT_SRWT,43,16600.00,34,LeftVert_Row1,VerticalAisle,North,423,578,150.29,0.26,0.5774
2026-06-12 22:27:37,50j_25m_agv15,SRT_SRWT,43,16600.00,35,LeftVert_Row2,VerticalAisle,North,337,189,49.14,0.26,0.3593
2026-06-12 22:27:37,50j_25m_agv15,SRT_SRWT,43,16600.00,36,LeftVert_Row3,VerticalAisle,North,337,63,16.38,0.26,0.1575
2026-06-12 22:27:37,50j_25m_agv15,SRT_SRWT,43,16600.00,37,LeftVert_BotConn,VerticalAisle,North,293,1028,267.29,0.26,0.7782
2026-06-12 22:27:37,50j_25m_agv15,SRT_SRWT,43,16600.00,38,RightVert_TopConn,VerticalAisle,South,50,0,0.00,0.00,0.0000
2026-06-12 22:27:37,50j_25m_agv15,SRT_SRWT,43,16600.00,39,RightVert_Row0,VerticalAisle,South,423,95,24.70,0.26,0.1834
2026-06-12 22:27:37,50j_25m_agv15,SRT_SRWT,43,16600.00,40,RightVert_Row1,VerticalAisle,South,423,197,51.22,0.26,0.3177
2026-06-12 22:27:37,50j_25m_agv15,SRT_SRWT,43,16600.00,41,RightVert_Row2,VerticalAisle,South,337,157,40.82,0.26,0.3178
2026-06-12 22:27:37,50j_25m_agv15,SRT_SRWT,43,16600.00,42,RightVert_Row3,VerticalAisle,South,337,4,1.04,0.26,0.0117
2026-06-12 22:27:37,50j_25m_agv15,SRT_SRWT,43,16600.00,43,RightVert_BotConn,VerticalAisle,South,293,0,0.00,0.00,0.0000
2026-06-12 22:35:00,50j_25m_agv15,SRT_SRWT,44,16833.34,0,RowAisle0_Seg0,RowAisle,East,364,1105,287.30,0.26,0.7522
2026-06-12 22:35:00,50j_25m_agv15,SRT_SRWT,44,16833.34,1,RowAisle0_Seg1,RowAisle,East,364,486,126.35,0.26,0.5718
2026-06-12 22:35:00,50j_25m_agv15,SRT_SRWT,44,16833.34,2,RowAisle0_Seg2,RowAisle,East,364,224,58.23,0.26,0.3810
2026-06-12 22:35:00,50j_25m_agv15,SRT_SRWT,44,16833.34,3,RowAisle0_Seg3,RowAisle,East,364,170,44.20,0.26,0.3184
2026-06-12 22:35:00,50j_25m_agv15,SRT_SRWT,44,16833.34,4,RowAisle0_Seg4,RowAisle,East,364,19,4.94,0.26,0.0496
2026-06-12 22:35:00,50j_25m_agv15,SRT_SRWT,44,16833.34,5,RowAisle1_Seg0,RowAisle,West,117,4,1.04,0.26,0.0331
2026-06-12 22:35:00,50j_25m_agv15,SRT_SRWT,44,16833.34,6,RowAisle1_Seg1,RowAisle,West,117,2,0.52,0.26,0.0168
2026-06-12 22:35:00,50j_25m_agv15,SRT_SRWT,44,16833.34,7,RowAisle1_Seg2,RowAisle,West,117,0,0.00,0.00,0.0000
2026-06-12 22:35:00,50j_25m_agv15,SRT_SRWT,44,16833.34,8,RowAisle1_Seg3,RowAisle,West,117,0,0.00,0.00,0.0000
2026-06-12 22:35:00,50j_25m_agv15,SRT_SRWT,44,16833.34,9,RowAisle1_Seg4,RowAisle,West,117,0,0.00,0.00,0.0000
2026-06-12 22:35:00,50j_25m_agv15,SRT_SRWT,44,16833.34,10,RowAisle2_Seg0,RowAisle,East,46,0,0.00,0.00,0.0000
2026-06-12 22:35:00,50j_25m_agv15,SRT_SRWT,44,16833.34,11,RowAisle2_Seg1,RowAisle,East,46,0,0.00,0.00,0.0000
2026-06-12 22:35:00,50j_25m_agv15,SRT_SRWT,44,16833.34,12,RowAisle2_Seg2,RowAisle,East,46,0,0.00,0.00,0.0000
2026-06-12 22:35:00,50j_25m_agv15,SRT_SRWT,44,16833.34,13,RowAisle2_Seg3,RowAisle,East,46,0,0.00,0.00,0.0000
2026-06-12 22:35:00,50j_25m_agv15,SRT_SRWT,44,16833.34,14,RowAisle2_Seg4,RowAisle,East,46,0,0.00,0.00,0.0000
2026-06-12 22:35:00,50j_25m_agv15,SRT_SRWT,44,16833.34,15,RowAisle3_Seg0,RowAisle,West,46,1,0.26,0.26,0.0213
2026-06-12 22:35:00,50j_25m_agv15,SRT_SRWT,44,16833.34,16,RowAisle3_Seg1,RowAisle,West,46,0,0.00,0.00,0.0000
2026-06-12 22:35:00,50j_25m_agv15,SRT_SRWT,44,16833.34,17,RowAisle3_Seg2,RowAisle,West,46,41,10.66,0.26,0.4713
2026-06-12 22:35:00,50j_25m_agv15,SRT_SRWT,44,16833.34,18,RowAisle3_Seg3,RowAisle,West,46,0,0.00,0.00,0.0000
2026-06-12 22:35:00,50j_25m_agv15,SRT_SRWT,44,16833.34,19,RowAisle3_Seg4,RowAisle,West,46,0,0.00,0.00,0.0000
2026-06-12 22:35:00,50j_25m_agv15,SRT_SRWT,44,16833.34,20,TopSpine_Seg0,SpineAisle,East,50,0,0.00,0.00,0.0000
2026-06-12 22:35:00,50j_25m_agv15,SRT_SRWT,44,16833.34,21,TopSpine_Seg1,SpineAisle,East,50,0,0.00,0.00,0.0000
2026-06-12 22:35:00,50j_25m_agv15,SRT_SRWT,44,16833.34,22,TopSpine_Seg2,SpineAisle,East,50,0,0.00,0.00,0.0000
2026-06-12 22:35:00,50j_25m_agv15,SRT_SRWT,44,16833.34,23,TopSpine_Seg3,SpineAisle,East,50,0,0.00,0.00,0.0000
2026-06-12 22:35:00,50j_25m_agv15,SRT_SRWT,44,16833.34,24,TopSpine_Seg4,SpineAisle,East,50,0,0.00,0.00,0.0000
2026-06-12 22:35:00,50j_25m_agv15,SRT_SRWT,44,16833.34,25,TopSpine_Seg5,SpineAisle,East,50,0,0.00,0.00,0.0000
2026-06-12 22:35:00,50j_25m_agv15,SRT_SRWT,44,16833.34,26,BotSpine_Seg0,SpineAisle,West,296,0,0.00,0.00,0.0000
2026-06-12 22:35:00,50j_25m_agv15,SRT_SRWT,44,16833.34,27,BotSpine_Seg1,SpineAisle,West,296,0,0.00,0.00,0.0000
2026-06-12 22:35:00,50j_25m_agv15,SRT_SRWT,44,16833.34,28,BotSpine_Seg2,SpineAisle,West,296,0,0.00,0.00,0.0000
2026-06-12 22:35:00,50j_25m_agv15,SRT_SRWT,44,16833.34,29,BotSpine_Seg3,SpineAisle,West,296,0,0.00,0.00,0.0000
2026-06-12 22:35:00,50j_25m_agv15,SRT_SRWT,44,16833.34,30,BotSpine_Seg4,SpineAisle,West,297,0,0.00,0.00,0.0000
2026-06-12 22:35:00,50j_25m_agv15,SRT_SRWT,44,16833.34,31,BotSpine_Seg5,SpineAisle,West,297,0,0.00,0.00,0.0000
2026-06-12 22:35:00,50j_25m_agv15,SRT_SRWT,44,16833.34,32,LeftVert_TopConn,VerticalAisle,North,50,0,0.00,0.00,0.0000
2026-06-12 22:35:00,50j_25m_agv15,SRT_SRWT,44,16833.34,33,LeftVert_Row0,VerticalAisle,North,414,741,192.66,0.26,0.6416
2026-06-12 22:35:00,50j_25m_agv15,SRT_SRWT,44,16833.34,34,LeftVert_Row1,VerticalAisle,North,414,720,187.21,0.26,0.6349
2026-06-12 22:35:00,50j_25m_agv15,SRT_SRWT,44,16833.34,35,LeftVert_Row2,VerticalAisle,North,343,411,106.86,0.26,0.5451
2026-06-12 22:35:00,50j_25m_agv15,SRT_SRWT,44,16833.34,36,LeftVert_Row3,VerticalAisle,North,343,73,18.98,0.26,0.1755
2026-06-12 22:35:00,50j_25m_agv15,SRT_SRWT,44,16833.34,37,LeftVert_BotConn,VerticalAisle,North,297,1090,283.40,0.26,0.7859
2026-06-12 22:35:00,50j_25m_agv15,SRT_SRWT,44,16833.34,38,RightVert_TopConn,VerticalAisle,South,50,0,0.00,0.00,0.0000
2026-06-12 22:35:00,50j_25m_agv15,SRT_SRWT,44,16833.34,39,RightVert_Row0,VerticalAisle,South,414,125,32.49,0.26,0.2319
2026-06-12 22:35:00,50j_25m_agv15,SRT_SRWT,44,16833.34,40,RightVert_Row1,VerticalAisle,South,414,101,26.26,0.26,0.1961
2026-06-12 22:35:00,50j_25m_agv15,SRT_SRWT,44,16833.34,41,RightVert_Row2,VerticalAisle,South,343,187,48.62,0.26,0.3528
2026-06-12 22:35:00,50j_25m_agv15,SRT_SRWT,44,16833.34,42,RightVert_Row3,VerticalAisle,South,343,4,1.04,0.26,0.0115
2026-06-12 22:35:00,50j_25m_agv15,SRT_SRWT,44,16833.34,43,RightVert_BotConn,VerticalAisle,South,297,0,0.00,0.00,0.0000
2026-06-12 22:19:20,50j_25m_agv15,SRT_SMPT,42,16765.01,0,RowAisle0_Seg0,RowAisle,East,294,80,20.80,0.26,0.2139
2026-06-12 22:19:20,50j_25m_agv15,SRT_SMPT,42,16765.01,1,RowAisle0_Seg1,RowAisle,East,294,253,65.78,0.26,0.4625
2026-06-12 22:19:20,50j_25m_agv15,SRT_SMPT,42,16765.01,2,RowAisle0_Seg2,RowAisle,East,294,229,59.54,0.26,0.4379
2026-06-12 22:19:20,50j_25m_agv15,SRT_SMPT,42,16765.01,3,RowAisle0_Seg3,RowAisle,East,294,152,39.52,0.26,0.3408
2026-06-12 22:19:20,50j_25m_agv15,SRT_SMPT,42,16765.01,4,RowAisle0_Seg4,RowAisle,East,294,21,5.46,0.26,0.0667
2026-06-12 22:19:20,50j_25m_agv15,SRT_SMPT,42,16765.01,5,RowAisle1_Seg0,RowAisle,West,112,4,1.04,0.26,0.0345
2026-06-12 22:19:20,50j_25m_agv15,SRT_SMPT,42,16765.01,6,RowAisle1_Seg1,RowAisle,West,112,2,0.52,0.26,0.0175
2026-06-12 22:19:20,50j_25m_agv15,SRT_SMPT,42,16765.01,7,RowAisle1_Seg2,RowAisle,West,112,28,7.28,0.26,0.2000
2026-06-12 22:19:20,50j_25m_agv15,SRT_SMPT,42,16765.01,8,RowAisle1_Seg3,RowAisle,West,112,1,0.26,0.26,0.0088
2026-06-12 22:19:20,50j_25m_agv15,SRT_SMPT,42,16765.01,9,RowAisle1_Seg4,RowAisle,West,112,5,1.30,0.26,0.0427
2026-06-12 22:19:20,50j_25m_agv15,SRT_SMPT,42,16765.01,10,RowAisle2_Seg0,RowAisle,East,218,45,11.70,0.26,0.1711
2026-06-12 22:19:20,50j_25m_agv15,SRT_SMPT,42,16765.01,11,RowAisle2_Seg1,RowAisle,East,218,88,22.88,0.26,0.2876
2026-06-12 22:19:20,50j_25m_agv15,SRT_SMPT,42,16765.01,12,RowAisle2_Seg2,RowAisle,East,218,11,2.86,0.26,0.0480
2026-06-12 22:19:20,50j_25m_agv15,SRT_SMPT,42,16765.01,13,RowAisle2_Seg3,RowAisle,East,218,75,19.50,0.26,0.2560
2026-06-12 22:19:20,50j_25m_agv15,SRT_SMPT,42,16765.01,14,RowAisle2_Seg4,RowAisle,East,218,0,0.00,0.00,0.0000
2026-06-12 22:19:20,50j_25m_agv15,SRT_SMPT,42,16765.01,15,RowAisle3_Seg0,RowAisle,West,158,9,2.34,0.26,0.0539
2026-06-12 22:19:20,50j_25m_agv15,SRT_SMPT,42,16765.01,16,RowAisle3_Seg1,RowAisle,West,158,88,22.88,0.26,0.3577
2026-06-12 22:19:20,50j_25m_agv15,SRT_SMPT,42,16765.01,17,RowAisle3_Seg2,RowAisle,West,158,75,19.50,0.26,0.3219
2026-06-12 22:19:20,50j_25m_agv15,SRT_SMPT,42,16765.01,18,RowAisle3_Seg3,RowAisle,West,158,0,0.00,0.00,0.0000
2026-06-12 22:19:20,50j_25m_agv15,SRT_SMPT,42,16765.01,19,RowAisle3_Seg4,RowAisle,West,158,7,1.82,0.26,0.0424
2026-06-12 22:19:20,50j_25m_agv15,SRT_SMPT,42,16765.01,20,TopSpine_Seg0,SpineAisle,East,50,0,0.00,0.00,0.0000
2026-06-12 22:19:20,50j_25m_agv15,SRT_SMPT,42,16765.01,21,TopSpine_Seg1,SpineAisle,East,50,0,0.00,0.00,0.0000
2026-06-12 22:19:20,50j_25m_agv15,SRT_SMPT,42,16765.01,22,TopSpine_Seg2,SpineAisle,East,50,0,0.00,0.00,0.0000
2026-06-12 22:19:20,50j_25m_agv15,SRT_SMPT,42,16765.01,23,TopSpine_Seg3,SpineAisle,East,50,0,0.00,0.00,0.0000
2026-06-12 22:19:20,50j_25m_agv15,SRT_SMPT,42,16765.01,24,TopSpine_Seg4,SpineAisle,East,50,0,0.00,0.00,0.0000
2026-06-12 22:19:20,50j_25m_agv15,SRT_SMPT,42,16765.01,25,TopSpine_Seg5,SpineAisle,East,50,0,0.00,0.00,0.0000
2026-06-12 22:19:20,50j_25m_agv15,SRT_SMPT,42,16765.01,26,BotSpine_Seg0,SpineAisle,West,292,0,0.00,0.00,0.0000
2026-06-12 22:19:20,50j_25m_agv15,SRT_SMPT,42,16765.01,27,BotSpine_Seg1,SpineAisle,West,292,0,0.00,0.00,0.0000
2026-06-12 22:19:20,50j_25m_agv15,SRT_SMPT,42,16765.01,28,BotSpine_Seg2,SpineAisle,West,292,0,0.00,0.00,0.0000
2026-06-12 22:19:20,50j_25m_agv15,SRT_SMPT,42,16765.01,29,BotSpine_Seg3,SpineAisle,West,292,0,0.00,0.00,0.0000
2026-06-12 22:19:20,50j_25m_agv15,SRT_SMPT,42,16765.01,30,BotSpine_Seg4,SpineAisle,West,292,0,0.00,0.00,0.0000
2026-06-12 22:19:20,50j_25m_agv15,SRT_SMPT,42,16765.01,31,BotSpine_Seg5,SpineAisle,West,292,0,0.00,0.00,0.0000
2026-06-12 22:19:20,50j_25m_agv15,SRT_SMPT,42,16765.01,32,LeftVert_TopConn,VerticalAisle,North,50,0,0.00,0.00,0.0000
2026-06-12 22:19:20,50j_25m_agv15,SRT_SMPT,42,16765.01,33,LeftVert_Row0,VerticalAisle,North,344,158,41.08,0.26,0.3147
2026-06-12 22:19:20,50j_25m_agv15,SRT_SMPT,42,16765.01,34,LeftVert_Row1,VerticalAisle,North,344,301,78.26,0.26,0.4667
2026-06-12 22:19:20,50j_25m_agv15,SRT_SMPT,42,16765.01,35,LeftVert_Row2,VerticalAisle,North,450,113,29.38,0.26,0.2007
2026-06-12 22:19:20,50j_25m_agv15,SRT_SMPT,42,16765.01,36,LeftVert_Row3,VerticalAisle,North,450,179,46.54,0.26,0.2846
2026-06-12 22:19:20,50j_25m_agv15,SRT_SMPT,42,16765.01,37,LeftVert_BotConn,VerticalAisle,North,292,721,187.46,0.26,0.7117
2026-06-12 22:19:20,50j_25m_agv15,SRT_SMPT,42,16765.01,38,RightVert_TopConn,VerticalAisle,South,50,0,0.00,0.00,0.0000
2026-06-12 22:19:20,50j_25m_agv15,SRT_SMPT,42,16765.01,39,RightVert_Row0,VerticalAisle,South,344,104,27.04,0.26,0.2321
2026-06-12 22:19:20,50j_25m_agv15,SRT_SMPT,42,16765.01,40,RightVert_Row1,VerticalAisle,South,344,114,29.64,0.26,0.2489
2026-06-12 22:19:20,50j_25m_agv15,SRT_SMPT,42,16765.01,41,RightVert_Row2,VerticalAisle,South,450,404,105.04,0.26,0.4731
2026-06-12 22:19:20,50j_25m_agv15,SRT_SMPT,42,16765.01,42,RightVert_Row3,VerticalAisle,South,450,166,43.16,0.26,0.2695
2026-06-12 22:19:20,50j_25m_agv15,SRT_SMPT,42,16765.01,43,RightVert_BotConn,VerticalAisle,South,292,13,3.38,0.26,0.0426
2026-06-12 22:27:28,50j_25m_agv15,SRT_SMPT,43,16700.00,0,RowAisle0_Seg0,RowAisle,East,325,120,31.20,0.26,0.2697
2026-06-12 22:27:28,50j_25m_agv15,SRT_SMPT,43,16700.00,1,RowAisle0_Seg1,RowAisle,East,325,61,15.86,0.26,0.1580
2026-06-12 22:27:28,50j_25m_agv15,SRT_SMPT,43,16700.00,2,RowAisle0_Seg2,RowAisle,East,325,290,75.40,0.26,0.4715
2026-06-12 22:27:28,50j_25m_agv15,SRT_SMPT,43,16700.00,3,RowAisle0_Seg3,RowAisle,East,325,129,33.54,0.26,0.2841
2026-06-12 22:27:28,50j_25m_agv15,SRT_SMPT,43,16700.00,4,RowAisle0_Seg4,RowAisle,East,325,16,4.16,0.26,0.0469
2026-06-12 22:27:28,50j_25m_agv15,SRT_SMPT,43,16700.00,5,RowAisle1_Seg0,RowAisle,West,126,0,0.00,0.00,0.0000
2026-06-12 22:27:28,50j_25m_agv15,SRT_SMPT,43,16700.00,6,RowAisle1_Seg1,RowAisle,West,126,0,0.00,0.00,0.0000
2026-06-12 22:27:28,50j_25m_agv15,SRT_SMPT,43,16700.00,7,RowAisle1_Seg2,RowAisle,West,126,0,0.00,0.00,0.0000
2026-06-12 22:27:28,50j_25m_agv15,SRT_SMPT,43,16700.00,8,RowAisle1_Seg3,RowAisle,West,126,59,15.34,0.26,0.3189
2026-06-12 22:27:28,50j_25m_agv15,SRT_SMPT,43,16700.00,9,RowAisle1_Seg4,RowAisle,West,126,0,0.00,0.00,0.0000
2026-06-12 22:27:28,50j_25m_agv15,SRT_SMPT,43,16700.00,10,RowAisle2_Seg0,RowAisle,East,206,7,1.82,0.26,0.0329
2026-06-12 22:27:28,50j_25m_agv15,SRT_SMPT,43,16700.00,11,RowAisle2_Seg1,RowAisle,East,206,283,73.58,0.26,0.5787
2026-06-12 22:27:28,50j_25m_agv15,SRT_SMPT,43,16700.00,12,RowAisle2_Seg2,RowAisle,East,206,87,22.62,0.26,0.2969
2026-06-12 22:27:28,50j_25m_agv15,SRT_SMPT,43,16700.00,13,RowAisle2_Seg3,RowAisle,East,206,133,34.59,0.26,0.3923
2026-06-12 22:27:28,50j_25m_agv15,SRT_SMPT,43,16700.00,14,RowAisle2_Seg4,RowAisle,East,206,7,1.82,0.26,0.0329
2026-06-12 22:27:28,50j_25m_agv15,SRT_SMPT,43,16700.00,15,RowAisle3_Seg0,RowAisle,West,162,5,1.30,0.26,0.0299
2026-06-12 22:27:28,50j_25m_agv15,SRT_SMPT,43,16700.00,16,RowAisle3_Seg1,RowAisle,West,162,6,1.56,0.26,0.0357
2026-06-12 22:27:28,50j_25m_agv15,SRT_SMPT,43,16700.00,17,RowAisle3_Seg2,RowAisle,West,162,45,11.70,0.26,0.2174
2026-06-12 22:27:28,50j_25m_agv15,SRT_SMPT,43,16700.00,18,RowAisle3_Seg3,RowAisle,West,162,0,0.00,0.00,0.0000
2026-06-12 22:27:28,50j_25m_agv15,SRT_SMPT,43,16700.00,19,RowAisle3_Seg4,RowAisle,West,162,0,0.00,0.00,0.0000
2026-06-12 22:27:28,50j_25m_agv15,SRT_SMPT,43,16700.00,20,TopSpine_Seg0,SpineAisle,East,50,0,0.00,0.00,0.0000
2026-06-12 22:27:28,50j_25m_agv15,SRT_SMPT,43,16700.00,21,TopSpine_Seg1,SpineAisle,East,50,0,0.00,0.00,0.0000
2026-06-12 22:27:28,50j_25m_agv15,SRT_SMPT,43,16700.00,22,TopSpine_Seg2,SpineAisle,East,50,0,0.00,0.00,0.0000
2026-06-12 22:27:28,50j_25m_agv15,SRT_SMPT,43,16700.00,23,TopSpine_Seg3,SpineAisle,East,50,0,0.00,0.00,0.0000
2026-06-12 22:27:28,50j_25m_agv15,SRT_SMPT,43,16700.00,24,TopSpine_Seg4,SpineAisle,East,50,0,0.00,0.00,0.0000
2026-06-12 22:27:28,50j_25m_agv15,SRT_SMPT,43,16700.00,25,TopSpine_Seg5,SpineAisle,East,50,0,0.00,0.00,0.0000
2026-06-12 22:27:28,50j_25m_agv15,SRT_SMPT,43,16700.00,26,BotSpine_Seg0,SpineAisle,West,293,0,0.00,0.00,0.0000
2026-06-12 22:27:28,50j_25m_agv15,SRT_SMPT,43,16700.00,27,BotSpine_Seg1,SpineAisle,West,293,0,0.00,0.00,0.0000
2026-06-12 22:27:28,50j_25m_agv15,SRT_SMPT,43,16700.00,28,BotSpine_Seg2,SpineAisle,West,293,0,0.00,0.00,0.0000
2026-06-12 22:27:28,50j_25m_agv15,SRT_SMPT,43,16700.00,29,BotSpine_Seg3,SpineAisle,West,293,0,0.00,0.00,0.0000
2026-06-12 22:27:28,50j_25m_agv15,SRT_SMPT,43,16700.00,30,BotSpine_Seg4,SpineAisle,West,293,0,0.00,0.00,0.0000
2026-06-12 22:27:28,50j_25m_agv15,SRT_SMPT,43,16700.00,31,BotSpine_Seg5,SpineAisle,West,293,0,0.00,0.00,0.0000
2026-06-12 22:27:28,50j_25m_agv15,SRT_SMPT,43,16700.00,32,LeftVert_TopConn,VerticalAisle,North,50,0,0.00,0.00,0.0000
2026-06-12 22:27:28,50j_25m_agv15,SRT_SMPT,43,16700.00,33,LeftVert_Row0,VerticalAisle,North,375,301,78.26,0.26,0.4453
2026-06-12 22:27:28,50j_25m_agv15,SRT_SMPT,43,16700.00,34,LeftVert_Row1,VerticalAisle,North,375,395,102.70,0.26,0.5130
2026-06-12 22:27:28,50j_25m_agv15,SRT_SMPT,43,16700.00,35,LeftVert_Row2,VerticalAisle,North,455,198,51.48,0.26,0.3032
2026-06-12 22:27:28,50j_25m_agv15,SRT_SMPT,43,16700.00,36,LeftVert_Row3,VerticalAisle,North,455,236,61.37,0.26,0.3415
2026-06-12 22:27:28,50j_25m_agv15,SRT_SMPT,43,16700.00,37,LeftVert_BotConn,VerticalAisle,North,293,844,219.44,0.26,0.7423
2026-06-12 22:27:28,50j_25m_agv15,SRT_SMPT,43,16700.00,38,RightVert_TopConn,VerticalAisle,South,50,0,0.00,0.00,0.0000
2026-06-12 22:27:28,50j_25m_agv15,SRT_SMPT,43,16700.00,39,RightVert_Row0,VerticalAisle,South,375,101,26.26,0.26,0.2122
2026-06-12 22:27:28,50j_25m_agv15,SRT_SMPT,43,16700.00,40,RightVert_Row1,VerticalAisle,South,375,274,71.23,0.26,0.4222
2026-06-12 22:27:28,50j_25m_agv15,SRT_SMPT,43,16700.00,41,RightVert_Row2,VerticalAisle,South,455,319,82.95,0.26,0.4121
2026-06-12 22:27:28,50j_25m_agv15,SRT_SMPT,43,16700.00,42,RightVert_Row3,VerticalAisle,South,455,31,8.06,0.26,0.0638
2026-06-12 22:27:28,50j_25m_agv15,SRT_SMPT,43,16700.00,43,RightVert_BotConn,VerticalAisle,South,293,11,2.86,0.26,0.0362
2026-06-12 22:34:49,50j_25m_agv15,SRT_SMPT,44,17200.00,0,RowAisle0_Seg0,RowAisle,East,310,279,72.54,0.26,0.4737
2026-06-12 22:34:49,50j_25m_agv15,SRT_SMPT,44,17200.00,1,RowAisle0_Seg1,RowAisle,East,310,150,39.00,0.26,0.3261
2026-06-12 22:34:49,50j_25m_agv15,SRT_SMPT,44,17200.00,2,RowAisle0_Seg2,RowAisle,East,310,276,71.76,0.26,0.4710
2026-06-12 22:34:49,50j_25m_agv15,SRT_SMPT,44,17200.00,3,RowAisle0_Seg3,RowAisle,East,310,146,37.96,0.26,0.3202
2026-06-12 22:34:49,50j_25m_agv15,SRT_SMPT,44,17200.00,4,RowAisle0_Seg4,RowAisle,East,310,20,5.20,0.26,0.0606
2026-06-12 22:34:49,50j_25m_agv15,SRT_SMPT,44,17200.00,5,RowAisle1_Seg0,RowAisle,West,122,0,0.00,0.00,0.0000
2026-06-12 22:34:49,50j_25m_agv15,SRT_SMPT,44,17200.00,6,RowAisle1_Seg1,RowAisle,West,122,0,0.00,0.00,0.0000
2026-06-12 22:34:49,50j_25m_agv15,SRT_SMPT,44,17200.00,7,RowAisle1_Seg2,RowAisle,West,122,0,0.00,0.00,0.0000
2026-06-12 22:34:49,50j_25m_agv15,SRT_SMPT,44,17200.00,8,RowAisle1_Seg3,RowAisle,West,122,74,19.25,0.26,0.3776
2026-06-12 22:34:49,50j_25m_agv15,SRT_SMPT,44,17200.00,9,RowAisle1_Seg4,RowAisle,West,122,58,15.07,0.26,0.3222
2026-06-12 22:34:49,50j_25m_agv15,SRT_SMPT,44,17200.00,10,RowAisle2_Seg0,RowAisle,East,223,111,28.86,0.26,0.3323
2026-06-12 22:34:49,50j_25m_agv15,SRT_SMPT,44,17200.00,11,RowAisle2_Seg1,RowAisle,East,223,22,5.72,0.26,0.0898
2026-06-12 22:34:49,50j_25m_agv15,SRT_SMPT,44,17200.00,12,RowAisle2_Seg2,RowAisle,East,223,77,20.02,0.26,0.2567
2026-06-12 22:34:49,50j_25m_agv15,SRT_SMPT,44,17200.00,13,RowAisle2_Seg3,RowAisle,East,223,140,36.40,0.26,0.3857
2026-06-12 22:34:49,50j_25m_agv15,SRT_SMPT,44,17200.00,14,RowAisle2_Seg4,RowAisle,East,223,23,5.98,0.26,0.0935
2026-06-12 22:34:49,50j_25m_agv15,SRT_SMPT,44,17200.00,15,RowAisle3_Seg0,RowAisle,West,164,2,0.52,0.26,0.0120
2026-06-12 22:34:49,50j_25m_agv15,SRT_SMPT,44,17200.00,16,RowAisle3_Seg1,RowAisle,West,164,5,1.30,0.26,0.0296
2026-06-12 22:34:49,50j_25m_agv15,SRT_SMPT,44,17200.00,17,RowAisle3_Seg2,RowAisle,West,164,43,11.18,0.26,0.2077
2026-06-12 22:34:49,50j_25m_agv15,SRT_SMPT,44,17200.00,18,RowAisle3_Seg3,RowAisle,West,164,9,2.34,0.26,0.0520
2026-06-12 22:34:49,50j_25m_agv15,SRT_SMPT,44,17200.00,19,RowAisle3_Seg4,RowAisle,West,164,104,27.04,0.26,0.3881
2026-06-12 22:34:49,50j_25m_agv15,SRT_SMPT,44,17200.00,20,TopSpine_Seg0,SpineAisle,East,50,0,0.00,0.00,0.0000
2026-06-12 22:34:49,50j_25m_agv15,SRT_SMPT,44,17200.00,21,TopSpine_Seg1,SpineAisle,East,50,0,0.00,0.00,0.0000
2026-06-12 22:34:49,50j_25m_agv15,SRT_SMPT,44,17200.00,22,TopSpine_Seg2,SpineAisle,East,50,0,0.00,0.00,0.0000
2026-06-12 22:34:49,50j_25m_agv15,SRT_SMPT,44,17200.00,23,TopSpine_Seg3,SpineAisle,East,50,0,0.00,0.00,0.0000
2026-06-12 22:34:49,50j_25m_agv15,SRT_SMPT,44,17200.00,24,TopSpine_Seg4,SpineAisle,East,50,0,0.00,0.00,0.0000
2026-06-12 22:34:49,50j_25m_agv15,SRT_SMPT,44,17200.00,25,TopSpine_Seg5,SpineAisle,East,50,0,0.00,0.00,0.0000
2026-06-12 22:34:49,50j_25m_agv15,SRT_SMPT,44,17200.00,26,BotSpine_Seg0,SpineAisle,West,296,0,0.00,0.00,0.0000
2026-06-12 22:34:49,50j_25m_agv15,SRT_SMPT,44,17200.00,27,BotSpine_Seg1,SpineAisle,West,296,0,0.00,0.00,0.0000
2026-06-12 22:34:49,50j_25m_agv15,SRT_SMPT,44,17200.00,28,BotSpine_Seg2,SpineAisle,West,296,0,0.00,0.00,0.0000
2026-06-12 22:34:49,50j_25m_agv15,SRT_SMPT,44,17200.00,29,BotSpine_Seg3,SpineAisle,West,296,0,0.00,0.00,0.0000
2026-06-12 22:34:49,50j_25m_agv15,SRT_SMPT,44,17200.00,30,BotSpine_Seg4,SpineAisle,West,297,0,0.00,0.00,0.0000
2026-06-12 22:34:49,50j_25m_agv15,SRT_SMPT,44,17200.00,31,BotSpine_Seg5,SpineAisle,West,297,0,0.00,0.00,0.0000
2026-06-12 22:34:49,50j_25m_agv15,SRT_SMPT,44,17200.00,32,LeftVert_TopConn,VerticalAisle,North,50,0,0.00,0.00,0.0000
2026-06-12 22:34:49,50j_25m_agv15,SRT_SMPT,44,17200.00,33,LeftVert_Row0,VerticalAisle,North,360,330,85.80,0.26,0.4783
2026-06-12 22:34:49,50j_25m_agv15,SRT_SMPT,44,17200.00,34,LeftVert_Row1,VerticalAisle,North,360,451,117.27,0.26,0.5561
2026-06-12 22:34:49,50j_25m_agv15,SRT_SMPT,44,17200.00,35,LeftVert_Row2,VerticalAisle,North,461,502,130.52,0.26,0.5213
2026-06-12 22:34:49,50j_25m_agv15,SRT_SMPT,44,17200.00,36,LeftVert_Row3,VerticalAisle,North,461,201,52.26,0.26,0.3036
2026-06-12 22:34:49,50j_25m_agv15,SRT_SMPT,44,17200.00,37,LeftVert_BotConn,VerticalAisle,North,297,778,202.27,0.26,0.7237
2026-06-12 22:34:49,50j_25m_agv15,SRT_SMPT,44,17200.00,38,RightVert_TopConn,VerticalAisle,South,50,0,0.00,0.00,0.0000
2026-06-12 22:34:49,50j_25m_agv15,SRT_SMPT,44,17200.00,39,RightVert_Row0,VerticalAisle,South,360,140,36.41,0.26,0.2800
2026-06-12 22:34:49,50j_25m_agv15,SRT_SMPT,44,17200.00,40,RightVert_Row1,VerticalAisle,South,360,212,55.11,0.26,0.3706
2026-06-12 22:34:49,50j_25m_agv15,SRT_SMPT,44,17200.00,41,RightVert_Row2,VerticalAisle,South,461,298,77.50,0.26,0.3926
2026-06-12 22:34:49,50j_25m_agv15,SRT_SMPT,44,17200.00,42,RightVert_Row3,VerticalAisle,South,461,157,40.82,0.26,0.2540
2026-06-12 22:34:49,50j_25m_agv15,SRT_SMPT,44,17200.00,43,RightVert_BotConn,VerticalAisle,South,297,9,2.34,0.26,0.0294
2026-06-12 22:19:39,50j_25m_agv15,LRT_MMUR,42,17363.88,0,RowAisle0_Seg0,RowAisle,East,389,916,238.16,0.26,0.7019
2026-06-12 22:19:39,50j_25m_agv15,LRT_MMUR,42,17363.88,1,RowAisle0_Seg1,RowAisle,East,389,163,42.38,0.26,0.2953
2026-06-12 22:19:39,50j_25m_agv15,LRT_MMUR,42,17363.88,2,RowAisle0_Seg2,RowAisle,East,389,815,211.90,0.26,0.6769
2026-06-12 22:19:39,50j_25m_agv15,LRT_MMUR,42,17363.88,3,RowAisle0_Seg3,RowAisle,East,389,224,58.24,0.26,0.3654
2026-06-12 22:19:39,50j_25m_agv15,LRT_MMUR,42,17363.88,4,RowAisle0_Seg4,RowAisle,East,389,23,5.98,0.26,0.0558
2026-06-12 22:19:39,50j_25m_agv15,LRT_MMUR,42,17363.88,5,RowAisle1_Seg0,RowAisle,West,147,0,0.00,0.00,0.0000
2026-06-12 22:19:39,50j_25m_agv15,LRT_MMUR,42,17363.88,6,RowAisle1_Seg1,RowAisle,West,147,0,0.00,0.00,0.0000
2026-06-12 22:19:39,50j_25m_agv15,LRT_MMUR,42,17363.88,7,RowAisle1_Seg2,RowAisle,West,147,0,0.00,0.00,0.0000
2026-06-12 22:19:39,50j_25m_agv15,LRT_MMUR,42,17363.88,8,RowAisle1_Seg3,RowAisle,West,147,0,0.00,0.00,0.0000
2026-06-12 22:19:39,50j_25m_agv15,LRT_MMUR,42,17363.88,9,RowAisle1_Seg4,RowAisle,West,147,0,0.00,0.00,0.0000
2026-06-12 22:19:39,50j_25m_agv15,LRT_MMUR,42,17363.88,10,RowAisle2_Seg0,RowAisle,East,0,0,0.00,0.00,0.0000
2026-06-12 22:19:39,50j_25m_agv15,LRT_MMUR,42,17363.88,11,RowAisle2_Seg1,RowAisle,East,0,0,0.00,0.00,0.0000
2026-06-12 22:19:39,50j_25m_agv15,LRT_MMUR,42,17363.88,12,RowAisle2_Seg2,RowAisle,East,0,0,0.00,0.00,0.0000
2026-06-12 22:19:39,50j_25m_agv15,LRT_MMUR,42,17363.88,13,RowAisle2_Seg3,RowAisle,East,0,0,0.00,0.00,0.0000
2026-06-12 22:19:39,50j_25m_agv15,LRT_MMUR,42,17363.88,14,RowAisle2_Seg4,RowAisle,East,0,0,0.00,0.00,0.0000
2026-06-12 22:19:39,50j_25m_agv15,LRT_MMUR,42,17363.88,15,RowAisle3_Seg0,RowAisle,West,0,0,0.00,0.00,0.0000
2026-06-12 22:19:39,50j_25m_agv15,LRT_MMUR,42,17363.88,16,RowAisle3_Seg1,RowAisle,West,0,0,0.00,0.00,0.0000
2026-06-12 22:19:39,50j_25m_agv15,LRT_MMUR,42,17363.88,17,RowAisle3_Seg2,RowAisle,West,0,0,0.00,0.00,0.0000
2026-06-12 22:19:39,50j_25m_agv15,LRT_MMUR,42,17363.88,18,RowAisle3_Seg3,RowAisle,West,0,0,0.00,0.00,0.0000
2026-06-12 22:19:39,50j_25m_agv15,LRT_MMUR,42,17363.88,19,RowAisle3_Seg4,RowAisle,West,0,0,0.00,0.00,0.0000
2026-06-12 22:19:39,50j_25m_agv15,LRT_MMUR,42,17363.88,20,TopSpine_Seg0,SpineAisle,East,50,0,0.00,0.00,0.0000
2026-06-12 22:19:39,50j_25m_agv15,LRT_MMUR,42,17363.88,21,TopSpine_Seg1,SpineAisle,East,50,0,0.00,0.00,0.0000
2026-06-12 22:19:39,50j_25m_agv15,LRT_MMUR,42,17363.88,22,TopSpine_Seg2,SpineAisle,East,50,0,0.00,0.00,0.0000
2026-06-12 22:19:39,50j_25m_agv15,LRT_MMUR,42,17363.88,23,TopSpine_Seg3,SpineAisle,East,50,0,0.00,0.00,0.0000
2026-06-12 22:19:39,50j_25m_agv15,LRT_MMUR,42,17363.88,24,TopSpine_Seg4,SpineAisle,East,50,0,0.00,0.00,0.0000
2026-06-12 22:19:39,50j_25m_agv15,LRT_MMUR,42,17363.88,25,TopSpine_Seg5,SpineAisle,East,50,0,0.00,0.00,0.0000
2026-06-12 22:19:39,50j_25m_agv15,LRT_MMUR,42,17363.88,26,BotSpine_Seg0,SpineAisle,West,291,0,0.00,0.00,0.0000
2026-06-12 22:19:39,50j_25m_agv15,LRT_MMUR,42,17363.88,27,BotSpine_Seg1,SpineAisle,West,291,0,0.00,0.00,0.0000
2026-06-12 22:19:39,50j_25m_agv15,LRT_MMUR,42,17363.88,28,BotSpine_Seg2,SpineAisle,West,291,0,0.00,0.00,0.0000
2026-06-12 22:19:39,50j_25m_agv15,LRT_MMUR,42,17363.88,29,BotSpine_Seg3,SpineAisle,West,291,0,0.00,0.00,0.0000
2026-06-12 22:19:39,50j_25m_agv15,LRT_MMUR,42,17363.88,30,BotSpine_Seg4,SpineAisle,West,292,0,0.00,0.00,0.0000
2026-06-12 22:19:39,50j_25m_agv15,LRT_MMUR,42,17363.88,31,BotSpine_Seg5,SpineAisle,West,292,0,0.00,0.00,0.0000
2026-06-12 22:19:39,50j_25m_agv15,LRT_MMUR,42,17363.88,32,LeftVert_TopConn,VerticalAisle,North,50,0,0.00,0.00,0.0000
2026-06-12 22:19:39,50j_25m_agv15,LRT_MMUR,42,17363.88,33,LeftVert_Row0,VerticalAisle,North,439,737,191.62,0.26,0.6267
2026-06-12 22:19:39,50j_25m_agv15,LRT_MMUR,42,17363.88,34,LeftVert_Row1,VerticalAisle,North,439,621,161.46,0.26,0.5858
2026-06-12 22:19:39,50j_25m_agv15,LRT_MMUR,42,17363.88,35,LeftVert_Row2,VerticalAisle,North,292,178,46.28,0.26,0.3787
2026-06-12 22:19:39,50j_25m_agv15,LRT_MMUR,42,17363.88,36,LeftVert_Row3,VerticalAisle,North,292,17,4.42,0.26,0.0550
2026-06-12 22:19:39,50j_25m_agv15,LRT_MMUR,42,17363.88,37,LeftVert_BotConn,VerticalAisle,North,292,690,179.40,0.26,0.7026
2026-06-12 22:19:39,50j_25m_agv15,LRT_MMUR,42,17363.88,38,RightVert_TopConn,VerticalAisle,South,50,0,0.00,0.00,0.0000
2026-06-12 22:19:39,50j_25m_agv15,LRT_MMUR,42,17363.88,39,RightVert_Row0,VerticalAisle,South,439,101,26.26,0.26,0.1870
2026-06-12 22:19:39,50j_25m_agv15,LRT_MMUR,42,17363.88,40,RightVert_Row1,VerticalAisle,South,439,69,17.94,0.26,0.1358
2026-06-12 22:19:39,50j_25m_agv15,LRT_MMUR,42,17363.88,41,RightVert_Row2,VerticalAisle,South,292,0,0.00,0.00,0.0000
2026-06-12 22:19:39,50j_25m_agv15,LRT_MMUR,42,17363.88,42,RightVert_Row3,VerticalAisle,South,292,0,0.00,0.00,0.0000
2026-06-12 22:19:39,50j_25m_agv15,LRT_MMUR,42,17363.88,43,RightVert_BotConn,VerticalAisle,South,292,0,0.00,0.00,0.0000
2026-06-12 22:28:08,50j_25m_agv15,LRT_MMUR,43,17900.00,0,RowAisle0_Seg0,RowAisle,East,393,1264,328.64,0.26,0.7628
2026-06-12 22:28:08,50j_25m_agv15,LRT_MMUR,43,17900.00,1,RowAisle0_Seg1,RowAisle,East,393,429,111.54,0.26,0.5219
2026-06-12 22:28:08,50j_25m_agv15,LRT_MMUR,43,17900.00,2,RowAisle0_Seg2,RowAisle,East,393,476,123.77,0.26,0.5478
2026-06-12 22:28:08,50j_25m_agv15,LRT_MMUR,43,17900.00,3,RowAisle0_Seg3,RowAisle,East,393,482,125.32,0.26,0.5509
2026-06-12 22:28:08,50j_25m_agv15,LRT_MMUR,43,17900.00,4,RowAisle0_Seg4,RowAisle,East,393,36,9.36,0.26,0.0839
2026-06-12 22:28:08,50j_25m_agv15,LRT_MMUR,43,17900.00,5,RowAisle1_Seg0,RowAisle,West,150,0,0.00,0.00,0.0000
2026-06-12 22:28:08,50j_25m_agv15,LRT_MMUR,43,17900.00,6,RowAisle1_Seg1,RowAisle,West,150,0,0.00,0.00,0.0000
2026-06-12 22:28:08,50j_25m_agv15,LRT_MMUR,43,17900.00,7,RowAisle1_Seg2,RowAisle,West,150,0,0.00,0.00,0.0000
2026-06-12 22:28:08,50j_25m_agv15,LRT_MMUR,43,17900.00,8,RowAisle1_Seg3,RowAisle,West,150,0,0.00,0.00,0.0000
2026-06-12 22:28:08,50j_25m_agv15,LRT_MMUR,43,17900.00,9,RowAisle1_Seg4,RowAisle,West,150,0,0.00,0.00,0.0000
2026-06-12 22:28:08,50j_25m_agv15,LRT_MMUR,43,17900.00,10,RowAisle2_Seg0,RowAisle,East,0,0,0.00,0.00,0.0000
2026-06-12 22:28:08,50j_25m_agv15,LRT_MMUR,43,17900.00,11,RowAisle2_Seg1,RowAisle,East,0,0,0.00,0.00,0.0000
2026-06-12 22:28:08,50j_25m_agv15,LRT_MMUR,43,17900.00,12,RowAisle2_Seg2,RowAisle,East,0,0,0.00,0.00,0.0000
2026-06-12 22:28:08,50j_25m_agv15,LRT_MMUR,43,17900.00,13,RowAisle2_Seg3,RowAisle,East,0,0,0.00,0.00,0.0000
2026-06-12 22:28:08,50j_25m_agv15,LRT_MMUR,43,17900.00,14,RowAisle2_Seg4,RowAisle,East,0,0,0.00,0.00,0.0000
2026-06-12 22:28:08,50j_25m_agv15,LRT_MMUR,43,17900.00,15,RowAisle3_Seg0,RowAisle,West,0,0,0.00,0.00,0.0000
2026-06-12 22:28:08,50j_25m_agv15,LRT_MMUR,43,17900.00,16,RowAisle3_Seg1,RowAisle,West,0,0,0.00,0.00,0.0000
2026-06-12 22:28:08,50j_25m_agv15,LRT_MMUR,43,17900.00,17,RowAisle3_Seg2,RowAisle,West,0,0,0.00,0.00,0.0000
2026-06-12 22:28:08,50j_25m_agv15,LRT_MMUR,43,17900.00,18,RowAisle3_Seg3,RowAisle,West,0,0,0.00,0.00,0.0000
2026-06-12 22:28:08,50j_25m_agv15,LRT_MMUR,43,17900.00,19,RowAisle3_Seg4,RowAisle,West,0,0,0.00,0.00,0.0000
2026-06-12 22:28:08,50j_25m_agv15,LRT_MMUR,43,17900.00,20,TopSpine_Seg0,SpineAisle,East,50,0,0.00,0.00,0.0000
2026-06-12 22:28:08,50j_25m_agv15,LRT_MMUR,43,17900.00,21,TopSpine_Seg1,SpineAisle,East,50,0,0.00,0.00,0.0000
2026-06-12 22:28:08,50j_25m_agv15,LRT_MMUR,43,17900.00,22,TopSpine_Seg2,SpineAisle,East,50,0,0.00,0.00,0.0000
2026-06-12 22:28:08,50j_25m_agv15,LRT_MMUR,43,17900.00,23,TopSpine_Seg3,SpineAisle,East,50,0,0.00,0.00,0.0000
2026-06-12 22:28:08,50j_25m_agv15,LRT_MMUR,43,17900.00,24,TopSpine_Seg4,SpineAisle,East,50,0,0.00,0.00,0.0000
2026-06-12 22:28:08,50j_25m_agv15,LRT_MMUR,43,17900.00,25,TopSpine_Seg5,SpineAisle,East,50,0,0.00,0.00,0.0000
2026-06-12 22:28:08,50j_25m_agv15,LRT_MMUR,43,17900.00,26,BotSpine_Seg0,SpineAisle,West,292,0,0.00,0.00,0.0000
2026-06-12 22:28:08,50j_25m_agv15,LRT_MMUR,43,17900.00,27,BotSpine_Seg1,SpineAisle,West,292,0,0.00,0.00,0.0000
2026-06-12 22:28:08,50j_25m_agv15,LRT_MMUR,43,17900.00,28,BotSpine_Seg2,SpineAisle,West,292,0,0.00,0.00,0.0000
2026-06-12 22:28:08,50j_25m_agv15,LRT_MMUR,43,17900.00,29,BotSpine_Seg3,SpineAisle,West,292,0,0.00,0.00,0.0000
2026-06-12 22:28:08,50j_25m_agv15,LRT_MMUR,43,17900.00,30,BotSpine_Seg4,SpineAisle,West,293,0,0.00,0.00,0.0000
2026-06-12 22:28:08,50j_25m_agv15,LRT_MMUR,43,17900.00,31,BotSpine_Seg5,SpineAisle,West,293,0,0.00,0.00,0.0000
2026-06-12 22:28:08,50j_25m_agv15,LRT_MMUR,43,17900.00,32,LeftVert_TopConn,VerticalAisle,North,50,0,0.00,0.00,0.0000
2026-06-12 22:28:08,50j_25m_agv15,LRT_MMUR,43,17900.00,33,LeftVert_Row0,VerticalAisle,North,443,966,251.16,0.26,0.6856
2026-06-12 22:28:08,50j_25m_agv15,LRT_MMUR,43,17900.00,34,LeftVert_Row1,VerticalAisle,North,443,957,248.82,0.26,0.6836
2026-06-12 22:28:08,50j_25m_agv15,LRT_MMUR,43,17900.00,35,LeftVert_Row2,VerticalAisle,North,293,182,47.32,0.26,0.3832
2026-06-12 22:28:08,50j_25m_agv15,LRT_MMUR,43,17900.00,36,LeftVert_Row3,VerticalAisle,North,293,32,8.33,0.26,0.0985
2026-06-12 22:28:08,50j_25m_agv15,LRT_MMUR,43,17900.00,37,LeftVert_BotConn,VerticalAisle,North,293,800,208.01,0.26,0.7319
2026-06-12 22:28:08,50j_25m_agv15,LRT_MMUR,43,17900.00,38,RightVert_TopConn,VerticalAisle,South,50,0,0.00,0.00,0.0000
2026-06-12 22:28:08,50j_25m_agv15,LRT_MMUR,43,17900.00,39,RightVert_Row0,VerticalAisle,South,443,85,22.10,0.26,0.1610
2026-06-12 22:28:08,50j_25m_agv15,LRT_MMUR,43,17900.00,40,RightVert_Row1,VerticalAisle,South,443,81,21.06,0.26,0.1546
2026-06-12 22:28:08,50j_25m_agv15,LRT_MMUR,43,17900.00,41,RightVert_Row2,VerticalAisle,South,293,0,0.00,0.00,0.0000
2026-06-12 22:28:08,50j_25m_agv15,LRT_MMUR,43,17900.00,42,RightVert_Row3,VerticalAisle,South,293,0,0.00,0.00,0.0000
2026-06-12 22:28:08,50j_25m_agv15,LRT_MMUR,43,17900.00,43,RightVert_BotConn,VerticalAisle,South,293,0,0.00,0.00,0.0000
2026-06-12 22:35:32,50j_25m_agv15,LRT_MMUR,44,18766.67,0,RowAisle0_Seg0,RowAisle,East,386,738,191.88,0.26,0.6566
2026-06-12 22:35:32,50j_25m_agv15,LRT_MMUR,44,18766.67,1,RowAisle0_Seg1,RowAisle,East,386,686,178.37,0.26,0.6399
2026-06-12 22:35:32,50j_25m_agv15,LRT_MMUR,44,18766.67,2,RowAisle0_Seg2,RowAisle,East,386,429,111.54,0.26,0.5264
2026-06-12 22:35:32,50j_25m_agv15,LRT_MMUR,44,18766.67,3,RowAisle0_Seg3,RowAisle,East,386,519,134.94,0.26,0.5735
2026-06-12 22:35:32,50j_25m_agv15,LRT_MMUR,44,18766.67,4,RowAisle0_Seg4,RowAisle,East,386,30,7.79,0.26,0.0721
2026-06-12 22:35:32,50j_25m_agv15,LRT_MMUR,44,18766.67,5,RowAisle1_Seg0,RowAisle,West,139,0,0.00,0.00,0.0000
2026-06-12 22:35:32,50j_25m_agv15,LRT_MMUR,44,18766.67,6,RowAisle1_Seg1,RowAisle,West,139,0,0.00,0.00,0.0000
2026-06-12 22:35:32,50j_25m_agv15,LRT_MMUR,44,18766.67,7,RowAisle1_Seg2,RowAisle,West,139,0,0.00,0.00,0.0000
2026-06-12 22:35:32,50j_25m_agv15,LRT_MMUR,44,18766.67,8,RowAisle1_Seg3,RowAisle,West,139,0,0.00,0.00,0.0000
2026-06-12 22:35:32,50j_25m_agv15,LRT_MMUR,44,18766.67,9,RowAisle1_Seg4,RowAisle,West,139,0,0.00,0.00,0.0000
2026-06-12 22:35:32,50j_25m_agv15,LRT_MMUR,44,18766.67,10,RowAisle2_Seg0,RowAisle,East,0,0,0.00,0.00,0.0000
2026-06-12 22:35:32,50j_25m_agv15,LRT_MMUR,44,18766.67,11,RowAisle2_Seg1,RowAisle,East,0,0,0.00,0.00,0.0000
2026-06-12 22:35:32,50j_25m_agv15,LRT_MMUR,44,18766.67,12,RowAisle2_Seg2,RowAisle,East,0,0,0.00,0.00,0.0000
2026-06-12 22:35:32,50j_25m_agv15,LRT_MMUR,44,18766.67,13,RowAisle2_Seg3,RowAisle,East,0,0,0.00,0.00,0.0000
2026-06-12 22:35:32,50j_25m_agv15,LRT_MMUR,44,18766.67,14,RowAisle2_Seg4,RowAisle,East,0,0,0.00,0.00,0.0000
2026-06-12 22:35:32,50j_25m_agv15,LRT_MMUR,44,18766.67,15,RowAisle3_Seg0,RowAisle,West,0,0,0.00,0.00,0.0000
2026-06-12 22:35:32,50j_25m_agv15,LRT_MMUR,44,18766.67,16,RowAisle3_Seg1,RowAisle,West,0,0,0.00,0.00,0.0000
2026-06-12 22:35:32,50j_25m_agv15,LRT_MMUR,44,18766.67,17,RowAisle3_Seg2,RowAisle,West,0,0,0.00,0.00,0.0000
2026-06-12 22:35:32,50j_25m_agv15,LRT_MMUR,44,18766.67,18,RowAisle3_Seg3,RowAisle,West,0,0,0.00,0.00,0.0000
2026-06-12 22:35:32,50j_25m_agv15,LRT_MMUR,44,18766.67,19,RowAisle3_Seg4,RowAisle,West,0,0,0.00,0.00,0.0000
2026-06-12 22:35:32,50j_25m_agv15,LRT_MMUR,44,18766.67,20,TopSpine_Seg0,SpineAisle,East,50,0,0.00,0.00,0.0000
2026-06-12 22:35:32,50j_25m_agv15,LRT_MMUR,44,18766.67,21,TopSpine_Seg1,SpineAisle,East,50,0,0.00,0.00,0.0000
2026-06-12 22:35:32,50j_25m_agv15,LRT_MMUR,44,18766.67,22,TopSpine_Seg2,SpineAisle,East,50,0,0.00,0.00,0.0000
2026-06-12 22:35:32,50j_25m_agv15,LRT_MMUR,44,18766.67,23,TopSpine_Seg3,SpineAisle,East,50,0,0.00,0.00,0.0000
2026-06-12 22:35:32,50j_25m_agv15,LRT_MMUR,44,18766.67,24,TopSpine_Seg4,SpineAisle,East,50,0,0.00,0.00,0.0000
2026-06-12 22:35:32,50j_25m_agv15,LRT_MMUR,44,18766.67,25,TopSpine_Seg5,SpineAisle,East,50,0,0.00,0.00,0.0000
2026-06-12 22:35:32,50j_25m_agv15,LRT_MMUR,44,18766.67,26,BotSpine_Seg0,SpineAisle,West,296,0,0.00,0.00,0.0000
2026-06-12 22:35:32,50j_25m_agv15,LRT_MMUR,44,18766.67,27,BotSpine_Seg1,SpineAisle,West,296,0,0.00,0.00,0.0000
2026-06-12 22:35:32,50j_25m_agv15,LRT_MMUR,44,18766.67,28,BotSpine_Seg2,SpineAisle,West,296,0,0.00,0.00,0.0000
2026-06-12 22:35:32,50j_25m_agv15,LRT_MMUR,44,18766.67,29,BotSpine_Seg3,SpineAisle,West,296,0,0.00,0.00,0.0000
2026-06-12 22:35:32,50j_25m_agv15,LRT_MMUR,44,18766.67,30,BotSpine_Seg4,SpineAisle,West,297,0,0.00,0.00,0.0000
2026-06-12 22:35:32,50j_25m_agv15,LRT_MMUR,44,18766.67,31,BotSpine_Seg5,SpineAisle,West,297,0,0.00,0.00,0.0000
2026-06-12 22:35:32,50j_25m_agv15,LRT_MMUR,44,18766.67,32,LeftVert_TopConn,VerticalAisle,North,50,0,0.00,0.00,0.0000
2026-06-12 22:35:32,50j_25m_agv15,LRT_MMUR,44,18766.67,33,LeftVert_Row0,VerticalAisle,North,436,402,104.51,0.26,0.4797
2026-06-12 22:35:32,50j_25m_agv15,LRT_MMUR,44,18766.67,34,LeftVert_Row1,VerticalAisle,North,436,584,151.82,0.26,0.5725
2026-06-12 22:35:32,50j_25m_agv15,LRT_MMUR,44,18766.67,35,LeftVert_Row2,VerticalAisle,North,297,21,5.46,0.26,0.0660
2026-06-12 22:35:32,50j_25m_agv15,LRT_MMUR,44,18766.67,36,LeftVert_Row3,VerticalAisle,North,297,21,5.46,0.26,0.0660
2026-06-12 22:35:32,50j_25m_agv15,LRT_MMUR,44,18766.67,37,LeftVert_BotConn,VerticalAisle,North,297,770,200.20,0.26,0.7216
2026-06-12 22:35:32,50j_25m_agv15,LRT_MMUR,44,18766.67,38,RightVert_TopConn,VerticalAisle,South,50,0,0.00,0.00,0.0000
2026-06-12 22:35:32,50j_25m_agv15,LRT_MMUR,44,18766.67,39,RightVert_Row0,VerticalAisle,South,436,103,26.77,0.26,0.1911
2026-06-12 22:35:32,50j_25m_agv15,LRT_MMUR,44,18766.67,40,RightVert_Row1,VerticalAisle,South,436,94,24.44,0.26,0.1774
2026-06-12 22:35:32,50j_25m_agv15,LRT_MMUR,44,18766.67,41,RightVert_Row2,VerticalAisle,South,297,0,0.00,0.00,0.0000
2026-06-12 22:35:32,50j_25m_agv15,LRT_MMUR,44,18766.67,42,RightVert_Row3,VerticalAisle,South,297,0,0.00,0.00,0.0000
2026-06-12 22:35:32,50j_25m_agv15,LRT_MMUR,44,18766.67,43,RightVert_BotConn,VerticalAisle,South,297,0,0.00,0.00,0.0000
2026-06-12 22:19:40,50j_25m_agv15,SDT_SRWT,42,16364.15,0,RowAisle0_Seg0,RowAisle,East,368,482,125.32,0.26,0.5671
2026-06-12 22:19:40,50j_25m_agv15,SDT_SRWT,42,16364.15,1,RowAisle0_Seg1,RowAisle,East,368,947,246.22,0.26,0.7202
2026-06-12 22:19:40,50j_25m_agv15,SDT_SRWT,42,16364.15,2,RowAisle0_Seg2,RowAisle,East,368,363,94.38,0.26,0.4966
2026-06-12 22:19:40,50j_25m_agv15,SDT_SRWT,42,16364.15,3,RowAisle0_Seg3,RowAisle,East,368,440,114.40,0.26,0.5446
2026-06-12 22:19:40,50j_25m_agv15,SDT_SRWT,42,16364.15,4,RowAisle0_Seg4,RowAisle,East,368,6,1.56,0.26,0.0160
2026-06-12 22:19:40,50j_25m_agv15,SDT_SRWT,42,16364.15,5,RowAisle1_Seg0,RowAisle,West,127,4,1.04,0.26,0.0305
2026-06-12 22:19:40,50j_25m_agv15,SDT_SRWT,42,16364.15,6,RowAisle1_Seg1,RowAisle,West,127,3,0.78,0.26,0.0231
2026-06-12 22:19:40,50j_25m_agv15,SDT_SRWT,42,16364.15,7,RowAisle1_Seg2,RowAisle,West,127,0,0.00,0.00,0.0000
2026-06-12 22:19:40,50j_25m_agv15,SDT_SRWT,42,16364.15,8,RowAisle1_Seg3,RowAisle,West,127,1,0.26,0.26,0.0078
2026-06-12 22:19:40,50j_25m_agv15,SDT_SRWT,42,16364.15,9,RowAisle1_Seg4,RowAisle,West,127,27,7.02,0.26,0.1753
2026-06-12 22:19:40,50j_25m_agv15,SDT_SRWT,42,16364.15,10,RowAisle2_Seg0,RowAisle,East,43,0,0.00,0.00,0.0000
2026-06-12 22:19:40,50j_25m_agv15,SDT_SRWT,42,16364.15,11,RowAisle2_Seg1,RowAisle,East,43,0,0.00,0.00,0.0000
2026-06-12 22:19:40,50j_25m_agv15,SDT_SRWT,42,16364.15,12,RowAisle2_Seg2,RowAisle,East,43,0,0.00,0.00,0.0000
2026-06-12 22:19:40,50j_25m_agv15,SDT_SRWT,42,16364.15,13,RowAisle2_Seg3,RowAisle,East,43,0,0.00,0.00,0.0000
2026-06-12 22:19:40,50j_25m_agv15,SDT_SRWT,42,16364.15,14,RowAisle2_Seg4,RowAisle,East,43,0,0.00,0.00,0.0000
2026-06-12 22:19:40,50j_25m_agv15,SDT_SRWT,42,16364.15,15,RowAisle3_Seg0,RowAisle,West,42,0,0.00,0.00,0.0000
2026-06-12 22:19:40,50j_25m_agv15,SDT_SRWT,42,16364.15,16,RowAisle3_Seg1,RowAisle,West,42,0,0.00,0.00,0.0000
2026-06-12 22:19:40,50j_25m_agv15,SDT_SRWT,42,16364.15,17,RowAisle3_Seg2,RowAisle,West,42,0,0.00,0.00,0.0000
2026-06-12 22:19:40,50j_25m_agv15,SDT_SRWT,42,16364.15,18,RowAisle3_Seg3,RowAisle,West,42,0,0.00,0.00,0.0000
2026-06-12 22:19:40,50j_25m_agv15,SDT_SRWT,42,16364.15,19,RowAisle3_Seg4,RowAisle,West,42,0,0.00,0.00,0.0000
2026-06-12 22:19:40,50j_25m_agv15,SDT_SRWT,42,16364.15,20,TopSpine_Seg0,SpineAisle,East,50,0,0.00,0.00,0.0000
2026-06-12 22:19:40,50j_25m_agv15,SDT_SRWT,42,16364.15,21,TopSpine_Seg1,SpineAisle,East,50,0,0.00,0.00,0.0000
2026-06-12 22:19:40,50j_25m_agv15,SDT_SRWT,42,16364.15,22,TopSpine_Seg2,SpineAisle,East,50,0,0.00,0.00,0.0000
2026-06-12 22:19:40,50j_25m_agv15,SDT_SRWT,42,16364.15,23,TopSpine_Seg3,SpineAisle,East,50,0,0.00,0.00,0.0000
2026-06-12 22:19:40,50j_25m_agv15,SDT_SRWT,42,16364.15,24,TopSpine_Seg4,SpineAisle,East,50,0,0.00,0.00,0.0000
2026-06-12 22:19:40,50j_25m_agv15,SDT_SRWT,42,16364.15,25,TopSpine_Seg5,SpineAisle,East,50,0,0.00,0.00,0.0000
2026-06-12 22:19:40,50j_25m_agv15,SDT_SRWT,42,16364.15,26,BotSpine_Seg0,SpineAisle,West,291,0,0.00,0.00,0.0000
2026-06-12 22:19:40,50j_25m_agv15,SDT_SRWT,42,16364.15,27,BotSpine_Seg1,SpineAisle,West,291,0,0.00,0.00,0.0000
2026-06-12 22:19:40,50j_25m_agv15,SDT_SRWT,42,16364.15,28,BotSpine_Seg2,SpineAisle,West,291,0,0.00,0.00,0.0000
2026-06-12 22:19:40,50j_25m_agv15,SDT_SRWT,42,16364.15,29,BotSpine_Seg3,SpineAisle,West,291,0,0.00,0.00,0.0000
2026-06-12 22:19:40,50j_25m_agv15,SDT_SRWT,42,16364.15,30,BotSpine_Seg4,SpineAisle,West,292,0,0.00,0.00,0.0000
2026-06-12 22:19:40,50j_25m_agv15,SDT_SRWT,42,16364.15,31,BotSpine_Seg5,SpineAisle,West,292,0,0.00,0.00,0.0000
2026-06-12 22:19:40,50j_25m_agv15,SDT_SRWT,42,16364.15,32,LeftVert_TopConn,VerticalAisle,North,50,0,0.00,0.00,0.0000
2026-06-12 22:19:40,50j_25m_agv15,SDT_SRWT,42,16364.15,33,LeftVert_Row0,VerticalAisle,North,418,508,132.08,0.26,0.5486
2026-06-12 22:19:40,50j_25m_agv15,SDT_SRWT,42,16364.15,34,LeftVert_Row1,VerticalAisle,North,418,413,107.38,0.26,0.4970
2026-06-12 22:19:40,50j_25m_agv15,SDT_SRWT,42,16364.15,35,LeftVert_Row2,VerticalAisle,North,334,186,48.36,0.26,0.3577
2026-06-12 22:19:40,50j_25m_agv15,SDT_SRWT,42,16364.15,36,LeftVert_Row3,VerticalAisle,North,334,90,23.40,0.26,0.2123
2026-06-12 22:19:40,50j_25m_agv15,SDT_SRWT,42,16364.15,37,LeftVert_BotConn,VerticalAisle,North,292,859,223.34,0.26,0.7463
2026-06-12 22:19:40,50j_25m_agv15,SDT_SRWT,42,16364.15,38,RightVert_TopConn,VerticalAisle,South,50,0,0.00,0.00,0.0000
2026-06-12 22:19:40,50j_25m_agv15,SDT_SRWT,42,16364.15,39,RightVert_Row0,VerticalAisle,South,418,138,35.88,0.26,0.2482
2026-06-12 22:19:40,50j_25m_agv15,SDT_SRWT,42,16364.15,40,RightVert_Row1,VerticalAisle,South,418,141,36.66,0.26,0.2522
2026-06-12 22:19:40,50j_25m_agv15,SDT_SRWT,42,16364.15,41,RightVert_Row2,VerticalAisle,South,334,114,29.64,0.26,0.2545
2026-06-12 22:19:40,50j_25m_agv15,SDT_SRWT,42,16364.15,42,RightVert_Row3,VerticalAisle,South,334,0,0.00,0.00,0.0000
2026-06-12 22:19:40,50j_25m_agv15,SDT_SRWT,42,16364.15,43,RightVert_BotConn,VerticalAisle,South,292,0,0.00,0.00,0.0000
2026-06-12 22:27:30,50j_25m_agv15,SDT_SRWT,43,16500.00,0,RowAisle0_Seg0,RowAisle,East,366,662,172.12,0.26,0.6440
2026-06-12 22:27:30,50j_25m_agv15,SDT_SRWT,43,16500.00,1,RowAisle0_Seg1,RowAisle,East,366,320,83.20,0.26,0.4665
2026-06-12 22:27:30,50j_25m_agv15,SDT_SRWT,43,16500.00,2,RowAisle0_Seg2,RowAisle,East,366,379,98.54,0.26,0.5087
2026-06-12 22:27:30,50j_25m_agv15,SDT_SRWT,43,16500.00,3,RowAisle0_Seg3,RowAisle,East,366,426,110.76,0.26,0.5379
2026-06-12 22:27:30,50j_25m_agv15,SDT_SRWT,43,16500.00,4,RowAisle0_Seg4,RowAisle,East,366,18,4.68,0.26,0.0469
2026-06-12 22:27:30,50j_25m_agv15,SDT_SRWT,43,16500.00,5,RowAisle1_Seg0,RowAisle,West,123,0,0.00,0.00,0.0000
2026-06-12 22:27:30,50j_25m_agv15,SDT_SRWT,43,16500.00,6,RowAisle1_Seg1,RowAisle,West,123,0,0.00,0.00,0.0000
2026-06-12 22:27:30,50j_25m_agv15,SDT_SRWT,43,16500.00,7,RowAisle1_Seg2,RowAisle,West,123,15,3.90,0.26,0.1087
2026-06-12 22:27:30,50j_25m_agv15,SDT_SRWT,43,16500.00,8,RowAisle1_Seg3,RowAisle,West,123,0,0.00,0.00,0.0000
2026-06-12 22:27:30,50j_25m_agv15,SDT_SRWT,43,16500.00,9,RowAisle1_Seg4,RowAisle,West,123,0,0.00,0.00,0.0000
2026-06-12 22:27:30,50j_25m_agv15,SDT_SRWT,43,16500.00,10,RowAisle2_Seg0,RowAisle,East,44,0,0.00,0.00,0.0000
2026-06-12 22:27:30,50j_25m_agv15,SDT_SRWT,43,16500.00,11,RowAisle2_Seg1,RowAisle,East,44,0,0.00,0.00,0.0000
2026-06-12 22:27:30,50j_25m_agv15,SDT_SRWT,43,16500.00,12,RowAisle2_Seg2,RowAisle,East,44,0,0.00,0.00,0.0000
2026-06-12 22:27:30,50j_25m_agv15,SDT_SRWT,43,16500.00,13,RowAisle2_Seg3,RowAisle,East,44,0,0.00,0.00,0.0000
2026-06-12 22:27:30,50j_25m_agv15,SDT_SRWT,43,16500.00,14,RowAisle2_Seg4,RowAisle,East,44,0,0.00,0.00,0.0000
2026-06-12 22:27:30,50j_25m_agv15,SDT_SRWT,43,16500.00,15,RowAisle3_Seg0,RowAisle,West,44,0,0.00,0.00,0.0000
2026-06-12 22:27:30,50j_25m_agv15,SDT_SRWT,43,16500.00,16,RowAisle3_Seg1,RowAisle,West,44,0,0.00,0.00,0.0000
2026-06-12 22:27:30,50j_25m_agv15,SDT_SRWT,43,16500.00,17,RowAisle3_Seg2,RowAisle,West,44,0,0.00,0.00,0.0000
2026-06-12 22:27:30,50j_25m_agv15,SDT_SRWT,43,16500.00,18,RowAisle3_Seg3,RowAisle,West,44,0,0.00,0.00,0.0000
2026-06-12 22:27:30,50j_25m_agv15,SDT_SRWT,43,16500.00,19,RowAisle3_Seg4,RowAisle,West,44,0,0.00,0.00,0.0000
2026-06-12 22:27:30,50j_25m_agv15,SDT_SRWT,43,16500.00,20,TopSpine_Seg0,SpineAisle,East,50,0,0.00,0.00,0.0000
2026-06-12 22:27:30,50j_25m_agv15,SDT_SRWT,43,16500.00,21,TopSpine_Seg1,SpineAisle,East,50,0,0.00,0.00,0.0000
2026-06-12 22:27:30,50j_25m_agv15,SDT_SRWT,43,16500.00,22,TopSpine_Seg2,SpineAisle,East,50,0,0.00,0.00,0.0000
2026-06-12 22:27:30,50j_25m_agv15,SDT_SRWT,43,16500.00,23,TopSpine_Seg3,SpineAisle,East,50,0,0.00,0.00,0.0000
2026-06-12 22:27:30,50j_25m_agv15,SDT_SRWT,43,16500.00,24,TopSpine_Seg4,SpineAisle,East,50,0,0.00,0.00,0.0000
2026-06-12 22:27:30,50j_25m_agv15,SDT_SRWT,43,16500.00,25,TopSpine_Seg5,SpineAisle,East,50,0,0.00,0.00,0.0000
2026-06-12 22:27:30,50j_25m_agv15,SDT_SRWT,43,16500.00,26,BotSpine_Seg0,SpineAisle,West,292,0,0.00,0.00,0.0000
2026-06-12 22:27:30,50j_25m_agv15,SDT_SRWT,43,16500.00,27,BotSpine_Seg1,SpineAisle,West,292,0,0.00,0.00,0.0000
2026-06-12 22:27:30,50j_25m_agv15,SDT_SRWT,43,16500.00,28,BotSpine_Seg2,SpineAisle,West,292,0,0.00,0.00,0.0000
2026-06-12 22:27:30,50j_25m_agv15,SDT_SRWT,43,16500.00,29,BotSpine_Seg3,SpineAisle,West,292,0,0.00,0.00,0.0000
2026-06-12 22:27:30,50j_25m_agv15,SDT_SRWT,43,16500.00,30,BotSpine_Seg4,SpineAisle,West,293,0,0.00,0.00,0.0000
2026-06-12 22:27:30,50j_25m_agv15,SDT_SRWT,43,16500.00,31,BotSpine_Seg5,SpineAisle,West,293,0,0.00,0.00,0.0000
2026-06-12 22:27:30,50j_25m_agv15,SDT_SRWT,43,16500.00,32,LeftVert_TopConn,VerticalAisle,North,50,0,0.00,0.00,0.0000
2026-06-12 22:27:30,50j_25m_agv15,SDT_SRWT,43,16500.00,33,LeftVert_Row0,VerticalAisle,North,416,379,98.54,0.26,0.4767
2026-06-12 22:27:30,50j_25m_agv15,SDT_SRWT,43,16500.00,34,LeftVert_Row1,VerticalAisle,North,416,757,196.83,0.26,0.6454
2026-06-12 22:27:30,50j_25m_agv15,SDT_SRWT,43,16500.00,35,LeftVert_Row2,VerticalAisle,North,337,274,71.23,0.26,0.4484
2026-06-12 22:27:30,50j_25m_agv15,SDT_SRWT,43,16500.00,36,LeftVert_Row3,VerticalAisle,North,337,91,23.66,0.26,0.2126
2026-06-12 22:27:30,50j_25m_agv15,SDT_SRWT,43,16500.00,37,LeftVert_BotConn,VerticalAisle,North,293,1127,293.02,0.26,0.7937
2026-06-12 22:27:30,50j_25m_agv15,SDT_SRWT,43,16500.00,38,RightVert_TopConn,VerticalAisle,South,50,0,0.00,0.00,0.0000
2026-06-12 22:27:30,50j_25m_agv15,SDT_SRWT,43,16500.00,39,RightVert_Row0,VerticalAisle,South,416,88,22.88,0.26,0.1746
2026-06-12 22:27:30,50j_25m_agv15,SDT_SRWT,43,16500.00,40,RightVert_Row1,VerticalAisle,South,416,106,27.56,0.26,0.2031
2026-06-12 22:27:30,50j_25m_agv15,SDT_SRWT,43,16500.00,41,RightVert_Row2,VerticalAisle,South,337,142,36.92,0.26,0.2965
2026-06-12 22:27:30,50j_25m_agv15,SDT_SRWT,43,16500.00,42,RightVert_Row3,VerticalAisle,South,337,4,1.04,0.26,0.0117
2026-06-12 22:27:30,50j_25m_agv15,SDT_SRWT,43,16500.00,43,RightVert_BotConn,VerticalAisle,South,293,0,0.00,0.00,0.0000
2026-06-12 22:34:33,50j_25m_agv15,SDT_SRWT,44,16700.00,0,RowAisle0_Seg0,RowAisle,East,366,779,202.54,0.26,0.6803
2026-06-12 22:34:33,50j_25m_agv15,SDT_SRWT,44,16700.00,1,RowAisle0_Seg1,RowAisle,East,366,657,170.82,0.26,0.6422
2026-06-12 22:34:33,50j_25m_agv15,SDT_SRWT,44,16700.00,2,RowAisle0_Seg2,RowAisle,East,366,823,214.00,0.26,0.6922
2026-06-12 22:34:33,50j_25m_agv15,SDT_SRWT,44,16700.00,3,RowAisle0_Seg3,RowAisle,East,366,377,98.02,0.26,0.5074
2026-06-12 22:34:33,50j_25m_agv15,SDT_SRWT,44,16700.00,4,RowAisle0_Seg4,RowAisle,East,366,46,11.96,0.26,0.1117
2026-06-12 22:34:33,50j_25m_agv15,SDT_SRWT,44,16700.00,5,RowAisle1_Seg0,RowAisle,West,119,0,0.00,0.00,0.0000
2026-06-12 22:34:33,50j_25m_agv15,SDT_SRWT,44,16700.00,6,RowAisle1_Seg1,RowAisle,West,119,0,0.00,0.00,0.0000
2026-06-12 22:34:33,50j_25m_agv15,SDT_SRWT,44,16700.00,7,RowAisle1_Seg2,RowAisle,West,119,22,5.72,0.26,0.1560
2026-06-12 22:34:33,50j_25m_agv15,SDT_SRWT,44,16700.00,8,RowAisle1_Seg3,RowAisle,West,119,0,0.00,0.00,0.0000
2026-06-12 22:34:33,50j_25m_agv15,SDT_SRWT,44,16700.00,9,RowAisle1_Seg4,RowAisle,West,119,0,0.00,0.00,0.0000
2026-06-12 22:34:33,50j_25m_agv15,SDT_SRWT,44,16700.00,10,RowAisle2_Seg0,RowAisle,East,44,0,0.00,0.00,0.0000
2026-06-12 22:34:33,50j_25m_agv15,SDT_SRWT,44,16700.00,11,RowAisle2_Seg1,RowAisle,East,44,0,0.00,0.00,0.0000
2026-06-12 22:34:33,50j_25m_agv15,SDT_SRWT,44,16700.00,12,RowAisle2_Seg2,RowAisle,East,44,0,0.00,0.00,0.0000
2026-06-12 22:34:33,50j_25m_agv15,SDT_SRWT,44,16700.00,13,RowAisle2_Seg3,RowAisle,East,44,0,0.00,0.00,0.0000
2026-06-12 22:34:33,50j_25m_agv15,SDT_SRWT,44,16700.00,14,RowAisle2_Seg4,RowAisle,East,44,0,0.00,0.00,0.0000
2026-06-12 22:34:33,50j_25m_agv15,SDT_SRWT,44,16700.00,15,RowAisle3_Seg0,RowAisle,West,44,0,0.00,0.00,0.0000
2026-06-12 22:34:33,50j_25m_agv15,SDT_SRWT,44,16700.00,16,RowAisle3_Seg1,RowAisle,West,44,0,0.00,0.00,0.0000
2026-06-12 22:34:33,50j_25m_agv15,SDT_SRWT,44,16700.00,17,RowAisle3_Seg2,RowAisle,West,44,0,0.00,0.00,0.0000
2026-06-12 22:34:33,50j_25m_agv15,SDT_SRWT,44,16700.00,18,RowAisle3_Seg3,RowAisle,West,44,0,0.00,0.00,0.0000
2026-06-12 22:34:33,50j_25m_agv15,SDT_SRWT,44,16700.00,19,RowAisle3_Seg4,RowAisle,West,44,0,0.00,0.00,0.0000
2026-06-12 22:34:33,50j_25m_agv15,SDT_SRWT,44,16700.00,20,TopSpine_Seg0,SpineAisle,East,50,0,0.00,0.00,0.0000
2026-06-12 22:34:33,50j_25m_agv15,SDT_SRWT,44,16700.00,21,TopSpine_Seg1,SpineAisle,East,50,0,0.00,0.00,0.0000
2026-06-12 22:34:33,50j_25m_agv15,SDT_SRWT,44,16700.00,22,TopSpine_Seg2,SpineAisle,East,50,0,0.00,0.00,0.0000
2026-06-12 22:34:33,50j_25m_agv15,SDT_SRWT,44,16700.00,23,TopSpine_Seg3,SpineAisle,East,50,0,0.00,0.00,0.0000
2026-06-12 22:34:33,50j_25m_agv15,SDT_SRWT,44,16700.00,24,TopSpine_Seg4,SpineAisle,East,50,0,0.00,0.00,0.0000
2026-06-12 22:34:33,50j_25m_agv15,SDT_SRWT,44,16700.00,25,TopSpine_Seg5,SpineAisle,East,50,0,0.00,0.00,0.0000
2026-06-12 22:34:33,50j_25m_agv15,SDT_SRWT,44,16700.00,26,BotSpine_Seg0,SpineAisle,West,296,0,0.00,0.00,0.0000
2026-06-12 22:34:33,50j_25m_agv15,SDT_SRWT,44,16700.00,27,BotSpine_Seg1,SpineAisle,West,296,0,0.00,0.00,0.0000
2026-06-12 22:34:33,50j_25m_agv15,SDT_SRWT,44,16700.00,28,BotSpine_Seg2,SpineAisle,West,296,0,0.00,0.00,0.0000
2026-06-12 22:34:33,50j_25m_agv15,SDT_SRWT,44,16700.00,29,BotSpine_Seg3,SpineAisle,West,296,0,0.00,0.00,0.0000
2026-06-12 22:34:33,50j_25m_agv15,SDT_SRWT,44,16700.00,30,BotSpine_Seg4,SpineAisle,West,297,0,0.00,0.00,0.0000
2026-06-12 22:34:33,50j_25m_agv15,SDT_SRWT,44,16700.00,31,BotSpine_Seg5,SpineAisle,West,297,0,0.00,0.00,0.0000
2026-06-12 22:34:33,50j_25m_agv15,SDT_SRWT,44,16700.00,32,LeftVert_TopConn,VerticalAisle,North,50,0,0.00,0.00,0.0000
2026-06-12 22:34:33,50j_25m_agv15,SDT_SRWT,44,16700.00,33,LeftVert_Row0,VerticalAisle,North,416,407,105.82,0.26,0.4945
2026-06-12 22:34:33,50j_25m_agv15,SDT_SRWT,44,16700.00,34,LeftVert_Row1,VerticalAisle,North,416,712,185.11,0.26,0.6312
2026-06-12 22:34:33,50j_25m_agv15,SDT_SRWT,44,16700.00,35,LeftVert_Row2,VerticalAisle,North,341,94,24.45,0.26,0.2161
2026-06-12 22:34:33,50j_25m_agv15,SDT_SRWT,44,16700.00,36,LeftVert_Row3,VerticalAisle,North,341,240,62.39,0.26,0.4131
2026-06-12 22:34:33,50j_25m_agv15,SDT_SRWT,44,16700.00,37,LeftVert_BotConn,VerticalAisle,North,297,887,230.62,0.26,0.7492
2026-06-12 22:34:33,50j_25m_agv15,SDT_SRWT,44,16700.00,38,RightVert_TopConn,VerticalAisle,South,50,0,0.00,0.00,0.0000
2026-06-12 22:34:33,50j_25m_agv15,SDT_SRWT,44,16700.00,39,RightVert_Row0,VerticalAisle,South,416,131,34.06,0.26,0.2395
2026-06-12 22:34:33,50j_25m_agv15,SDT_SRWT,44,16700.00,40,RightVert_Row1,VerticalAisle,South,416,124,32.24,0.26,0.2296
2026-06-12 22:34:33,50j_25m_agv15,SDT_SRWT,44,16700.00,41,RightVert_Row2,VerticalAisle,South,341,152,39.52,0.26,0.3083
2026-06-12 22:34:33,50j_25m_agv15,SDT_SRWT,44,16700.00,42,RightVert_Row3,VerticalAisle,South,341,4,1.04,0.26,0.0116
2026-06-12 22:34:33,50j_25m_agv15,SDT_SRWT,44,16700.00,43,RightVert_BotConn,VerticalAisle,South,297,0,0.00,0.00,0.0000
2026-06-12 22:19:59,50j_25m_agv15,Random,42,16496.20,0,RowAisle0_Seg0,RowAisle,East,336,667,173.42,0.26,0.6650
2026-06-12 22:19:59,50j_25m_agv15,Random,42,16496.20,1,RowAisle0_Seg1,RowAisle,East,336,527,137.02,0.26,0.6107
2026-06-12 22:19:59,50j_25m_agv15,Random,42,16496.20,2,RowAisle0_Seg2,RowAisle,East,336,267,69.42,0.26,0.4428
2026-06-12 22:19:59,50j_25m_agv15,Random,42,16496.20,3,RowAisle0_Seg3,RowAisle,East,336,266,69.16,0.26,0.4419
2026-06-12 22:19:59,50j_25m_agv15,Random,42,16496.20,4,RowAisle0_Seg4,RowAisle,East,336,26,6.76,0.26,0.0718
2026-06-12 22:19:59,50j_25m_agv15,Random,42,16496.20,5,RowAisle1_Seg0,RowAisle,West,123,5,1.30,0.26,0.0391
2026-06-12 22:19:59,50j_25m_agv15,Random,42,16496.20,6,RowAisle1_Seg1,RowAisle,West,123,13,3.38,0.26,0.0956
2026-06-12 22:19:59,50j_25m_agv15,Random,42,16496.20,7,RowAisle1_Seg2,RowAisle,West,123,0,0.00,0.00,0.0000
2026-06-12 22:19:59,50j_25m_agv15,Random,42,16496.20,8,RowAisle1_Seg3,RowAisle,West,123,34,8.84,0.26,0.2166
2026-06-12 22:19:59,50j_25m_agv15,Random,42,16496.20,9,RowAisle1_Seg4,RowAisle,West,123,33,8.58,0.26,0.2115
2026-06-12 22:19:59,50j_25m_agv15,Random,42,16496.20,10,RowAisle2_Seg0,RowAisle,East,162,81,21.06,0.26,0.3333
2026-06-12 22:19:59,50j_25m_agv15,Random,42,16496.20,11,RowAisle2_Seg1,RowAisle,East,162,23,5.98,0.26,0.1243
2026-06-12 22:19:59,50j_25m_agv15,Random,42,16496.20,12,RowAisle2_Seg2,RowAisle,East,162,4,1.04,0.26,0.0241
2026-06-12 22:19:59,50j_25m_agv15,Random,42,16496.20,13,RowAisle2_Seg3,RowAisle,East,162,64,16.64,0.26,0.2832
2026-06-12 22:19:59,50j_25m_agv15,Random,42,16496.20,14,RowAisle2_Seg4,RowAisle,East,162,7,1.82,0.26,0.0414
2026-06-12 22:19:59,50j_25m_agv15,Random,42,16496.20,15,RowAisle3_Seg0,RowAisle,West,133,13,3.38,0.26,0.0890
2026-06-12 22:19:59,50j_25m_agv15,Random,42,16496.20,16,RowAisle3_Seg1,RowAisle,West,133,39,10.14,0.26,0.2267
2026-06-12 22:19:59,50j_25m_agv15,Random,42,16496.20,17,RowAisle3_Seg2,RowAisle,West,133,43,11.18,0.26,0.2443
2026-06-12 22:19:59,50j_25m_agv15,Random,42,16496.20,18,RowAisle3_Seg3,RowAisle,West,133,38,9.88,0.26,0.2222
2026-06-12 22:19:59,50j_25m_agv15,Random,42,16496.20,19,RowAisle3_Seg4,RowAisle,West,133,0,0.00,0.00,0.0000
2026-06-12 22:19:59,50j_25m_agv15,Random,42,16496.20,20,TopSpine_Seg0,SpineAisle,East,50,0,0.00,0.00,0.0000
2026-06-12 22:19:59,50j_25m_agv15,Random,42,16496.20,21,TopSpine_Seg1,SpineAisle,East,50,0,0.00,0.00,0.0000
2026-06-12 22:19:59,50j_25m_agv15,Random,42,16496.20,22,TopSpine_Seg2,SpineAisle,East,50,0,0.00,0.00,0.0000
2026-06-12 22:19:59,50j_25m_agv15,Random,42,16496.20,23,TopSpine_Seg3,SpineAisle,East,50,0,0.00,0.00,0.0000
2026-06-12 22:19:59,50j_25m_agv15,Random,42,16496.20,24,TopSpine_Seg4,SpineAisle,East,50,0,0.00,0.00,0.0000
2026-06-12 22:19:59,50j_25m_agv15,Random,42,16496.20,25,TopSpine_Seg5,SpineAisle,East,50,0,0.00,0.00,0.0000
2026-06-12 22:19:59,50j_25m_agv15,Random,42,16496.20,26,BotSpine_Seg0,SpineAisle,West,291,0,0.00,0.00,0.0000
2026-06-12 22:19:59,50j_25m_agv15,Random,42,16496.20,27,BotSpine_Seg1,SpineAisle,West,291,0,0.00,0.00,0.0000
2026-06-12 22:19:59,50j_25m_agv15,Random,42,16496.20,28,BotSpine_Seg2,SpineAisle,West,291,0,0.00,0.00,0.0000
2026-06-12 22:19:59,50j_25m_agv15,Random,42,16496.20,29,BotSpine_Seg3,SpineAisle,West,291,0,0.00,0.00,0.0000
2026-06-12 22:19:59,50j_25m_agv15,Random,42,16496.20,30,BotSpine_Seg4,SpineAisle,West,292,0,0.00,0.00,0.0000
2026-06-12 22:19:59,50j_25m_agv15,Random,42,16496.20,31,BotSpine_Seg5,SpineAisle,West,292,0,0.00,0.00,0.0000
2026-06-12 22:19:59,50j_25m_agv15,Random,42,16496.20,32,LeftVert_TopConn,VerticalAisle,North,50,0,0.00,0.00,0.0000
2026-06-12 22:19:59,50j_25m_agv15,Random,42,16496.20,33,LeftVert_Row0,VerticalAisle,North,386,267,69.42,0.26,0.4089
2026-06-12 22:19:59,50j_25m_agv15,Random,42,16496.20,34,LeftVert_Row1,VerticalAisle,North,386,703,182.78,0.26,0.6455
2026-06-12 22:19:59,50j_25m_agv15,Random,42,16496.20,35,LeftVert_Row2,VerticalAisle,North,425,194,50.44,0.26,0.3134
2026-06-12 22:19:59,50j_25m_agv15,Random,42,16496.20,36,LeftVert_Row3,VerticalAisle,North,425,478,124.28,0.26,0.5293
2026-06-12 22:19:59,50j_25m_agv15,Random,42,16496.20,37,LeftVert_BotConn,VerticalAisle,North,292,1010,262.60,0.26,0.7757
2026-06-12 22:19:59,50j_25m_agv15,Random,42,16496.20,38,RightVert_TopConn,VerticalAisle,South,50,0,0.00,0.00,0.0000
2026-06-12 22:19:59,50j_25m_agv15,Random,42,16496.20,39,RightVert_Row0,VerticalAisle,South,386,154,40.04,0.26,0.2852
2026-06-12 22:19:59,50j_25m_agv15,Random,42,16496.20,40,RightVert_Row1,VerticalAisle,South,386,302,78.52,0.26,0.4390
2026-06-12 22:19:59,50j_25m_agv15,Random,42,16496.20,41,RightVert_Row2,VerticalAisle,South,425,392,101.92,0.26,0.4798
2026-06-12 22:19:59,50j_25m_agv15,Random,42,16496.20,42,RightVert_Row3,VerticalAisle,South,425,35,9.10,0.26,0.0761
2026-06-12 22:19:59,50j_25m_agv15,Random,42,16496.20,43,RightVert_BotConn,VerticalAisle,South,292,6,1.56,0.26,0.0201
2026-06-12 22:27:59,50j_25m_agv15,Random,43,16600.00,0,RowAisle0_Seg0,RowAisle,East,341,3,0.78,0.26,0.0087
2026-06-12 22:27:59,50j_25m_agv15,Random,43,16600.00,1,RowAisle0_Seg1,RowAisle,East,341,529,137.54,0.26,0.6080
2026-06-12 22:27:59,50j_25m_agv15,Random,43,16600.00,2,RowAisle0_Seg2,RowAisle,East,341,206,53.56,0.26,0.3766
2026-06-12 22:27:59,50j_25m_agv15,Random,43,16600.00,3,RowAisle0_Seg3,RowAisle,East,341,607,157.82,0.26,0.6403
2026-06-12 22:27:59,50j_25m_agv15,Random,43,16600.00,4,RowAisle0_Seg4,RowAisle,East,341,55,14.29,0.26,0.1389
2026-06-12 22:27:59,50j_25m_agv15,Random,43,16600.00,5,RowAisle1_Seg0,RowAisle,West,129,0,0.00,0.00,0.0000
2026-06-12 22:27:59,50j_25m_agv15,Random,43,16600.00,6,RowAisle1_Seg1,RowAisle,West,129,2,0.52,0.26,0.0153
2026-06-12 22:27:59,50j_25m_agv15,Random,43,16600.00,7,RowAisle1_Seg2,RowAisle,West,129,14,3.64,0.26,0.0979
2026-06-12 22:27:59,50j_25m_agv15,Random,43,16600.00,8,RowAisle1_Seg3,RowAisle,West,129,11,2.86,0.26,0.0786
2026-06-12 22:27:59,50j_25m_agv15,Random,43,16600.00,9,RowAisle1_Seg4,RowAisle,West,129,33,8.58,0.26,0.2037
2026-06-12 22:27:59,50j_25m_agv15,Random,43,16600.00,10,RowAisle2_Seg0,RowAisle,East,157,98,25.48,0.26,0.3843
2026-06-12 22:27:59,50j_25m_agv15,Random,43,16600.00,11,RowAisle2_Seg1,RowAisle,East,157,190,49.40,0.26,0.5476
2026-06-12 22:27:59,50j_25m_agv15,Random,43,16600.00,12,RowAisle2_Seg2,RowAisle,East,157,18,4.68,0.26,0.1029
2026-06-12 22:27:59,50j_25m_agv15,Random,43,16600.00,13,RowAisle2_Seg3,RowAisle,East,157,78,20.28,0.26,0.3319
2026-06-12 22:27:59,50j_25m_agv15,Random,43,16600.00,14,RowAisle2_Seg4,RowAisle,East,157,0,0.00,0.00,0.0000
2026-06-12 22:27:59,50j_25m_agv15,Random,43,16600.00,15,RowAisle3_Seg0,RowAisle,West,126,4,1.04,0.26,0.0308
2026-06-12 22:27:59,50j_25m_agv15,Random,43,16600.00,16,RowAisle3_Seg1,RowAisle,West,126,0,0.00,0.00,0.0000
2026-06-12 22:27:59,50j_25m_agv15,Random,43,16600.00,17,RowAisle3_Seg2,RowAisle,West,126,43,11.18,0.26,0.2544
2026-06-12 22:27:59,50j_25m_agv15,Random,43,16600.00,18,RowAisle3_Seg3,RowAisle,West,126,1,0.26,0.26,0.0079
2026-06-12 22:27:59,50j_25m_agv15,Random,43,16600.00,19,RowAisle3_Seg4,RowAisle,West,126,55,14.30,0.26,0.3039
2026-06-12 22:27:59,50j_25m_agv15,Random,43,16600.00,20,TopSpine_Seg0,SpineAisle,East,50,0,0.00,0.00,0.0000
2026-06-12 22:27:59,50j_25m_agv15,Random,43,16600.00,21,TopSpine_Seg1,SpineAisle,East,50,0,0.00,0.00,0.0000
2026-06-12 22:27:59,50j_25m_agv15,Random,43,16600.00,22,TopSpine_Seg2,SpineAisle,East,50,0,0.00,0.00,0.0000
2026-06-12 22:27:59,50j_25m_agv15,Random,43,16600.00,23,TopSpine_Seg3,SpineAisle,East,50,0,0.00,0.00,0.0000
2026-06-12 22:27:59,50j_25m_agv15,Random,43,16600.00,24,TopSpine_Seg4,SpineAisle,East,50,0,0.00,0.00,0.0000
2026-06-12 22:27:59,50j_25m_agv15,Random,43,16600.00,25,TopSpine_Seg5,SpineAisle,East,50,0,0.00,0.00,0.0000
2026-06-12 22:27:59,50j_25m_agv15,Random,43,16600.00,26,BotSpine_Seg0,SpineAisle,West,293,0,0.00,0.00,0.0000
2026-06-12 22:27:59,50j_25m_agv15,Random,43,16600.00,27,BotSpine_Seg1,SpineAisle,West,293,0,0.00,0.00,0.0000
2026-06-12 22:27:59,50j_25m_agv15,Random,43,16600.00,28,BotSpine_Seg2,SpineAisle,West,293,0,0.00,0.00,0.0000
2026-06-12 22:27:59,50j_25m_agv15,Random,43,16600.00,29,BotSpine_Seg3,SpineAisle,West,293,0,0.00,0.00,0.0000
2026-06-12 22:27:59,50j_25m_agv15,Random,43,16600.00,30,BotSpine_Seg4,SpineAisle,West,293,0,0.00,0.00,0.0000
2026-06-12 22:27:59,50j_25m_agv15,Random,43,16600.00,31,BotSpine_Seg5,SpineAisle,West,293,0,0.00,0.00,0.0000
2026-06-12 22:27:59,50j_25m_agv15,Random,43,16600.00,32,LeftVert_TopConn,VerticalAisle,North,50,0,0.00,0.00,0.0000
2026-06-12 22:27:59,50j_25m_agv15,Random,43,16600.00,33,LeftVert_Row0,VerticalAisle,North,391,779,202.54,0.26,0.6658
2026-06-12 22:27:59,50j_25m_agv15,Random,43,16600.00,34,LeftVert_Row1,VerticalAisle,North,391,591,153.66,0.26,0.6018
2026-06-12 22:27:59,50j_25m_agv15,Random,43,16600.00,35,LeftVert_Row2,VerticalAisle,North,419,689,179.14,0.26,0.6218
2026-06-12 22:27:59,50j_25m_agv15,Random,43,16600.00,36,LeftVert_Row3,VerticalAisle,North,419,349,90.73,0.26,0.4544
2026-06-12 22:27:59,50j_25m_agv15,Random,43,16600.00,37,LeftVert_BotConn,VerticalAisle,North,293,1039,270.13,0.26,0.7800
2026-06-12 22:27:59,50j_25m_agv15,Random,43,16600.00,38,RightVert_TopConn,VerticalAisle,South,50,0,0.00,0.00,0.0000
2026-06-12 22:27:59,50j_25m_agv15,Random,43,16600.00,39,RightVert_Row0,VerticalAisle,South,391,161,41.86,0.26,0.2917
2026-06-12 22:27:59,50j_25m_agv15,Random,43,16600.00,40,RightVert_Row1,VerticalAisle,South,391,202,52.52,0.26,0.3406
2026-06-12 22:27:59,50j_25m_agv15,Random,43,16600.00,41,RightVert_Row2,VerticalAisle,South,419,224,58.24,0.26,0.3484
2026-06-12 22:27:59,50j_25m_agv15,Random,43,16600.00,42,RightVert_Row3,VerticalAisle,South,419,16,4.16,0.26,0.0368
2026-06-12 22:27:59,50j_25m_agv15,Random,43,16600.00,43,RightVert_BotConn,VerticalAisle,South,293,3,0.78,0.26,0.0101
2026-06-12 22:35:01,50j_25m_agv15,Random,44,16933.34,0,RowAisle0_Seg0,RowAisle,East,332,394,102.45,0.26,0.5427
2026-06-12 22:35:01,50j_25m_agv15,Random,44,16933.34,1,RowAisle0_Seg1,RowAisle,East,332,136,35.36,0.26,0.2906
2026-06-12 22:35:01,50j_25m_agv15,Random,44,16933.34,2,RowAisle0_Seg2,RowAisle,East,332,87,22.62,0.26,0.2076
2026-06-12 22:35:01,50j_25m_agv15,Random,44,16933.34,3,RowAisle0_Seg3,RowAisle,East,332,125,32.50,0.26,0.2735
2026-06-12 22:35:01,50j_25m_agv15,Random,44,16933.34,4,RowAisle0_Seg4,RowAisle,East,332,29,7.54,0.26,0.0803
2026-06-12 22:35:01,50j_25m_agv15,Random,44,16933.34,5,RowAisle1_Seg0,RowAisle,West,121,0,0.00,0.00,0.0000
2026-06-12 22:35:01,50j_25m_agv15,Random,44,16933.34,6,RowAisle1_Seg1,RowAisle,West,121,0,0.00,0.00,0.0000
2026-06-12 22:35:01,50j_25m_agv15,Random,44,16933.34,7,RowAisle1_Seg2,RowAisle,West,121,0,0.00,0.00,0.0000
2026-06-12 22:35:01,50j_25m_agv15,Random,44,16933.34,8,RowAisle1_Seg3,RowAisle,West,121,44,11.44,0.26,0.2667
2026-06-12 22:35:01,50j_25m_agv15,Random,44,16933.34,9,RowAisle1_Seg4,RowAisle,West,121,39,10.14,0.26,0.2438
2026-06-12 22:35:01,50j_25m_agv15,Random,44,16933.34,10,RowAisle2_Seg0,RowAisle,East,164,0,0.00,0.00,0.0000
2026-06-12 22:35:01,50j_25m_agv15,Random,44,16933.34,11,RowAisle2_Seg1,RowAisle,East,164,0,0.00,0.00,0.0000
2026-06-12 22:35:01,50j_25m_agv15,Random,44,16933.34,12,RowAisle2_Seg2,RowAisle,East,164,86,22.36,0.26,0.3440
2026-06-12 22:35:01,50j_25m_agv15,Random,44,16933.34,13,RowAisle2_Seg3,RowAisle,East,164,0,0.00,0.00,0.0000
2026-06-12 22:35:01,50j_25m_agv15,Random,44,16933.34,14,RowAisle2_Seg4,RowAisle,East,164,0,0.00,0.00,0.0000
2026-06-12 22:35:01,50j_25m_agv15,Random,44,16933.34,15,RowAisle3_Seg0,RowAisle,West,128,0,0.00,0.00,0.0000
2026-06-12 22:35:01,50j_25m_agv15,Random,44,16933.34,16,RowAisle3_Seg1,RowAisle,West,128,0,0.00,0.00,0.0000
2026-06-12 22:35:01,50j_25m_agv15,Random,44,16933.34,17,RowAisle3_Seg2,RowAisle,West,128,9,2.34,0.26,0.0657
2026-06-12 22:35:01,50j_25m_agv15,Random,44,16933.34,18,RowAisle3_Seg3,RowAisle,West,128,10,2.61,0.26,0.0725
2026-06-12 22:35:01,50j_25m_agv15,Random,44,16933.34,19,RowAisle3_Seg4,RowAisle,West,128,0,0.00,0.00,0.0000
2026-06-12 22:35:01,50j_25m_agv15,Random,44,16933.34,20,TopSpine_Seg0,SpineAisle,East,50,0,0.00,0.00,0.0000
2026-06-12 22:35:01,50j_25m_agv15,Random,44,16933.34,21,TopSpine_Seg1,SpineAisle,East,50,0,0.00,0.00,0.0000
2026-06-12 22:35:01,50j_25m_agv15,Random,44,16933.34,22,TopSpine_Seg2,SpineAisle,East,50,0,0.00,0.00,0.0000
2026-06-12 22:35:01,50j_25m_agv15,Random,44,16933.34,23,TopSpine_Seg3,SpineAisle,East,50,0,0.00,0.00,0.0000
2026-06-12 22:35:01,50j_25m_agv15,Random,44,16933.34,24,TopSpine_Seg4,SpineAisle,East,50,0,0.00,0.00,0.0000
2026-06-12 22:35:01,50j_25m_agv15,Random,44,16933.34,25,TopSpine_Seg5,SpineAisle,East,50,0,0.00,0.00,0.0000
2026-06-12 22:35:01,50j_25m_agv15,Random,44,16933.34,26,BotSpine_Seg0,SpineAisle,West,296,0,0.00,0.00,0.0000
2026-06-12 22:35:01,50j_25m_agv15,Random,44,16933.34,27,BotSpine_Seg1,SpineAisle,West,296,0,0.00,0.00,0.0000
2026-06-12 22:35:01,50j_25m_agv15,Random,44,16933.34,28,BotSpine_Seg2,SpineAisle,West,296,0,0.00,0.00,0.0000
2026-06-12 22:35:01,50j_25m_agv15,Random,44,16933.34,29,BotSpine_Seg3,SpineAisle,West,296,0,0.00,0.00,0.0000
2026-06-12 22:35:01,50j_25m_agv15,Random,44,16933.34,30,BotSpine_Seg4,SpineAisle,West,297,0,0.00,0.00,0.0000
2026-06-12 22:35:01,50j_25m_agv15,Random,44,16933.34,31,BotSpine_Seg5,SpineAisle,West,297,0,0.00,0.00,0.0000
2026-06-12 22:35:01,50j_25m_agv15,Random,44,16933.34,32,LeftVert_TopConn,VerticalAisle,North,50,0,0.00,0.00,0.0000
2026-06-12 22:35:01,50j_25m_agv15,Random,44,16933.34,33,LeftVert_Row0,VerticalAisle,North,382,312,81.11,0.26,0.4496
2026-06-12 22:35:01,50j_25m_agv15,Random,44,16933.34,34,LeftVert_Row1,VerticalAisle,North,382,619,160.93,0.26,0.6184
2026-06-12 22:35:01,50j_25m_agv15,Random,44,16933.34,35,LeftVert_Row2,VerticalAisle,North,425,85,22.09,0.26,0.1667
2026-06-12 22:35:01,50j_25m_agv15,Random,44,16933.34,36,LeftVert_Row3,VerticalAisle,North,425,115,29.91,0.26,0.2130
2026-06-12 22:35:01,50j_25m_agv15,Random,44,16933.34,37,LeftVert_BotConn,VerticalAisle,North,297,755,196.30,0.26,0.7177
2026-06-12 22:35:01,50j_25m_agv15,Random,44,16933.34,38,RightVert_TopConn,VerticalAisle,South,50,0,0.00,0.00,0.0000
2026-06-12 22:35:01,50j_25m_agv15,Random,44,16933.34,39,RightVert_Row0,VerticalAisle,South,382,128,33.27,0.26,0.2510
2026-06-12 22:35:01,50j_25m_agv15,Random,44,16933.34,40,RightVert_Row1,VerticalAisle,South,382,189,49.14,0.26,0.3310
2026-06-12 22:35:01,50j_25m_agv15,Random,44,16933.34,41,RightVert_Row2,VerticalAisle,South,425,204,53.04,0.26,0.3243
2026-06-12 22:35:01,50j_25m_agv15,Random,44,16933.34,42,RightVert_Row3,VerticalAisle,South,425,135,35.10,0.26,0.2411
2026-06-12 22:35:01,50j_25m_agv15,Random,44,16933.34,43,RightVert_BotConn,VerticalAisle,South,297,16,4.16,0.26,0.0511
