timestamp,instance,rule,seed,makespan,job_id,is_dynamic,completed,arrival_time,exit_time,flow_time,total_operations,completed_ops,work_content,time_needs_routing,time_waiting_pickup,time_in_transit,time_queued,time_processing
2026-09-19 23:08:12,mfsweep_shard0,SPT_SRWT,42,4186.60,0,0,1,0.0,378.2,378.2,2,2,74.6,0.0,97.2,117.0,39.0,125.0
2026-09-19 23:08:12,mfsweep_shard0,SPT_SRWT,42,4186.60,1,0,1,26.3,217.3,191.0,2,2,54.4,0.0,63.4,73.2,0.0,54.4
2026-09-19 23:08:12,mfsweep_shard0,SPT_SRWT,42,4186.60,2,0,1,52.6,262.1,209.5,2,2,62.6,0.0,59.9,71.9,15.1,62.6
2026-09-19 23:08:12,mfsweep_shard0,SPT_SRWT,42,4186.60,3,0,1,78.8,311.9,233.1,2,2,60.9,0.0,70.4,71.1,30.6,60.9
2026-09-19 23:08:12,mfsweep_shard0,SPT_SRWT,42,4186.60,4,0,1,105.1,479.5,374.3,2,2,77.8,0.0,91.5,101.3,103.7,77.8
2026-09-19 23:08:12,mfsweep_shard0,SPT_SRWT,42,4186.60,5,0,1,131.4,356.1,224.7,2,2,75.9,0.0,69.8,79.0,0.0,75.9
2026-09-19 23:08:12,mfsweep_shard0,SPT_SRWT,42,4186.60,6,0,1,157.7,434.1,276.4,2,2,83.0,0.0,65.9,127.5,0.0,83.0
2026-09-19 23:08:12,mfsweep_shard0,SPT_SRWT,42,4186.60,7,0,1,183.9,383.0,199.1,2,2,56.4,0.0,67.9,74.7,0.0,56.4
2026-09-19 23:08:12,mfsweep_shard0,SPT_SRWT,42,4186.60,8,0,1,210.2,537.4,327.2,2,2,67.5,0.0,111.7,125.9,19.2,70.4
2026-09-19 23:08:12,mfsweep_shard0,SPT_SRWT,42,4186.60,9,0,1,236.5,626.3,389.8,2,2,54.5,0.0,120.5,97.4,95.0,76.8
2026-09-19 23:08:12,mfsweep_shard0,SPT_SRWT,42,4186.60,10,0,1,262.8,492.8,230.0,2,2,60.8,0.0,82.2,87.1,0.0,60.8
2026-09-19 23:08:12,mfsweep_shard0,SPT_SRWT,42,4186.60,11,0,1,289.1,719.5,430.5,2,2,70.2,0.0,87.9,91.0,181.4,70.2
2026-09-19 23:08:12,mfsweep_shard0,SPT_SRWT,42,4186.60,12,0,1,315.3,586.6,271.3,2,2,54.4,0.0,97.6,86.6,32.6,54.4
2026-09-19 23:08:12,mfsweep_shard0,SPT_SRWT,42,4186.60,13,0,1,341.6,645.7,304.0,2,2,60.1,0.0,79.1,93.9,70.9,60.1
2026-09-19 23:08:12,mfsweep_shard0,SPT_SRWT,42,4186.60,14,0,1,367.9,761.3,393.4,2,2,75.0,0.0,96.2,98.3,123.9,75.0
2026-09-19 23:08:12,mfsweep_shard0,SPT_SRWT,42,4186.60,15,0,1,394.2,660.3,266.2,2,2,71.5,0.0,102.4,92.2,0.0,71.5
2026-09-19 23:08:12,mfsweep_shard0,SPT_SRWT,42,4186.60,16,0,1,420.4,641.1,220.7,2,2,60.8,0.0,70.4,89.4,0.0,60.8
2026-09-19 23:08:12,mfsweep_shard0,SPT_SRWT,42,4186.60,17,0,1,446.7,693.9,247.2,2,2,73.0,0.0,83.6,90.5,0.0,73.0
2026-09-19 23:08:12,mfsweep_shard0,SPT_SRWT,42,4186.60,18,0,1,473.0,789.6,316.6,2,2,80.3,0.0,146.2,80.3,0.0,90.1
2026-09-19 23:08:12,mfsweep_shard0,SPT_SRWT,42,4186.60,19,0,1,499.3,726.3,227.0,2,2,53.8,0.0,50.1,97.0,26.1,53.8
2026-09-19 23:08:12,mfsweep_shard0,SPT_SRWT,42,4186.60,20,0,1,525.6,794.5,268.9,2,2,80.1,0.0,94.7,73.9,20.2,80.1
2026-09-19 23:08:12,mfsweep_shard0,SPT_SRWT,42,4186.60,21,0,1,551.8,899.8,348.0,2,2,76.6,0.0,76.0,195.4,0.0,76.6
2026-09-19 23:08:12,mfsweep_shard0,SPT_SRWT,42,4186.60,22,0,1,578.1,863.3,285.2,2,2,64.8,0.0,147.0,73.5,0.0,64.8
2026-09-19 23:08:12,mfsweep_shard0,SPT_SRWT,42,4186.60,23,0,1,604.4,911.4,307.0,2,2,58.7,0.0,106.9,87.7,53.7,58.7
2026-09-19 23:08:12,mfsweep_shard0,SPT_SRWT,42,4186.60,24,0,1,630.7,868.0,237.3,2,2,85.1,0.0,57.0,95.1,0.0,85.1
2026-09-19 23:08:12,mfsweep_shard0,SPT_SRWT,42,4186.60,25,0,1,656.9,890.9,234.0,2,2,64.7,0.0,98.5,67.0,3.8,64.7
2026-09-19 23:08:12,mfsweep_shard0,SPT_SRWT,42,4186.60,26,0,1,683.2,965.3,282.1,2,2,56.6,0.0,124.1,75.2,26.1,56.6
2026-09-19 23:08:12,mfsweep_shard0,SPT_SRWT,42,4186.60,27,0,1,709.5,1087.7,378.2,2,2,56.7,0.0,82.1,183.3,56.1,56.7
2026-09-19 23:08:12,mfsweep_shard0,SPT_SRWT,42,4186.60,28,0,1,735.8,991.4,255.6,2,2,81.5,0.0,96.8,77.2,0.0,81.5
2026-09-19 23:08:12,mfsweep_shard0,SPT_SRWT,42,4186.60,29,0,1,762.0,1010.4,248.3,2,2,73.5,0.0,89.5,85.3,0.0,73.5
2026-09-19 23:08:12,mfsweep_shard0,SPT_SRWT,42,4186.60,30,0,1,788.3,1039.8,251.5,2,2,80.2,0.0,86.1,85.2,0.0,80.2
2026-09-19 23:08:12,mfsweep_shard0,SPT_SRWT,42,4186.60,31,0,1,814.6,1168.5,353.9,2,2,77.6,0.0,97.3,151.1,27.9,77.6
2026-09-19 23:08:12,mfsweep_shard0,SPT_SRWT,42,4186.60,32,0,1,840.9,1110.3,269.4,2,2,71.2,0.0,101.9,96.2,0.0,71.2
2026-09-19 23:08:12,mfsweep_shard0,SPT_SRWT,42,4186.60,33,0,1,867.2,1562.2,695.0,2,2,85.7,0.0,271.2,189.0,80.2,154.5
2026-09-19 23:08:12,mfsweep_shard0,SPT_SRWT,42,4186.60,34,0,1,893.4,1217.3,323.8,2,2,66.0,0.0,109.3,109.7,38.7,66.0
2026-09-19 23:08:12,mfsweep_shard0,SPT_SRWT,42,4186.60,35,0,1,919.7,1421.9,502.1,2,2,71.8,0.0,164.8,182.1,83.5,71.8
2026-09-19 23:08:12,mfsweep_shard0,SPT_SRWT,42,4186.60,36,0,1,946.0,1288.2,342.2,2,2,80.9,0.0,128.3,119.9,13.1,80.9
2026-09-19 23:08:12,mfsweep_shard0,SPT_SRWT,42,4186.60,37,0,1,972.3,1275.6,303.3,2,2,74.0,0.0,129.3,100.0,0.0,74.0
2026-09-19 23:08:12,mfsweep_shard0,SPT_SRWT,42,4186.60,38,0,1,998.5,1396.3,397.8,2,2,82.0,0.0,79.9,231.2,4.6,82.0
2026-09-19 23:08:12,mfsweep_shard0,SPT_SRWT,42,4186.60,39,0,1,1024.8,1435.7,410.9,2,2,72.6,0.1,170.7,135.5,18.6,86.0
2026-09-19 23:08:12,mfsweep_shard0,SPT_SRWT,42,4186.60,40,0,1,1051.1,1557.4,506.3,2,2,76.8,0.0,158.4,117.3,153.9,76.8
2026-09-19 23:08:12,mfsweep_shard0,SPT_SRWT,42,4186.60,41,0,1,1077.4,1454.0,376.6,2,2,55.1,0.0,117.4,195.4,8.7,55.1
2026-09-19 23:08:12,mfsweep_shard0,SPT_SRWT,42,4186.60,42,0,1,1103.7,1325.9,222.2,2,2,61.1,0.0,67.0,94.2,0.0,61.1
2026-09-19 23:08:12,mfsweep_shard0,SPT_SRWT,42,4186.60,43,0,1,1129.9,1475.8,345.8,2,2,63.1,0.0,129.0,113.6,40.1,63.1
2026-09-19 23:08:12,mfsweep_shard0,SPT_SRWT,42,4186.60,44,0,1,1156.2,1481.9,325.7,2,2,56.2,0.0,123.2,97.3,48.9,56.2
2026-09-19 23:08:12,mfsweep_shard0,SPT_SRWT,42,4186.60,45,0,1,1182.5,1591.0,408.5,2,2,61.2,0.0,163.7,133.1,50.4,61.2
2026-09-19 23:08:12,mfsweep_shard0,SPT_SRWT,42,4186.60,46,0,1,1208.8,1534.8,326.1,2,2,56.9,0.0,87.4,181.7,0.0,56.9
2026-09-19 23:08:12,mfsweep_shard0,SPT_SRWT,42,4186.60,47,0,1,1235.0,1599.6,364.6,2,2,62.7,0.0,126.1,159.3,16.4,62.7
2026-09-19 23:08:12,mfsweep_shard0,SPT_SRWT,42,4186.60,48,0,1,1261.3,1698.3,437.0,2,2,74.5,0.0,178.9,154.3,29.2,74.5
2026-09-19 23:08:12,mfsweep_shard0,SPT_SRWT,42,4186.60,49,0,1,1287.6,1633.0,345.4,2,2,65.6,0.0,83.4,187.8,8.5,65.6
2026-09-19 23:08:12,mfsweep_shard0,SPT_SRWT,42,4186.60,50,0,1,1313.9,1628.5,314.6,2,2,65.8,0.0,86.8,96.9,65.1,65.8
2026-09-19 23:08:12,mfsweep_shard0,SPT_SRWT,42,4186.60,51,0,1,1340.2,1647.2,307.0,2,2,60.5,0.0,105.1,109.0,32.4,60.5
2026-09-19 23:08:12,mfsweep_shard0,SPT_SRWT,42,4186.60,52,0,1,1366.4,1664.2,297.8,2,2,62.4,0.0,113.4,112.1,9.9,62.4
2026-09-19 23:08:12,mfsweep_shard0,SPT_SRWT,42,4186.60,53,0,1,1392.7,1730.7,338.0,2,2,84.5,0.0,102.8,150.8,0.0,84.5
2026-09-19 23:08:12,mfsweep_shard0,SPT_SRWT,42,4186.60,54,0,1,1419.0,1782.9,363.9,2,2,74.9,0.0,166.3,122.6,0.0,74.9
2026-09-19 23:08:12,mfsweep_shard0,SPT_SRWT,42,4186.60,55,0,1,1445.3,2106.6,661.4,2,2,73.6,0.0,266.8,212.7,55.3,126.6
2026-09-19 23:08:12,mfsweep_shard0,SPT_SRWT,42,4186.60,56,0,1,1471.5,1833.0,361.5,2,2,59.2,0.0,144.1,157.1,1.1,59.2
2026-09-19 23:08:12,mfsweep_shard0,SPT_SRWT,42,4186.60,57,0,1,1497.8,1968.9,471.1,2,2,77.6,0.0,229.8,163.7,0.0,77.6
2026-09-19 23:08:12,mfsweep_shard0,SPT_SRWT,42,4186.60,58,0,1,1524.1,1859.0,334.9,2,2,58.9,0.0,113.2,131.9,30.8,58.9
2026-09-19 23:08:12,mfsweep_shard0,SPT_SRWT,42,4186.60,59,0,1,1550.4,1800.6,250.2,2,2,66.1,0.0,71.3,112.8,0.0,66.1
2026-09-19 23:08:12,mfsweep_shard0,SPT_SRWT,42,4186.60,60,0,1,1576.6,1932.4,355.8,2,2,86.2,0.0,82.7,176.5,10.3,86.2
2026-09-19 23:08:12,mfsweep_shard0,SPT_SRWT,42,4186.60,61,0,1,1602.9,2052.4,449.4,2,2,74.7,0.0,192.7,119.4,62.7,74.7
2026-09-19 23:08:12,mfsweep_shard0,SPT_SRWT,42,4186.60,62,0,1,1629.2,2002.5,373.3,2,2,71.9,0.0,140.6,145.0,15.8,71.9
2026-09-19 23:08:12,mfsweep_shard0,SPT_SRWT,42,4186.60,63,0,1,1655.5,2061.5,406.0,2,2,76.1,0.0,143.1,123.1,63.7,76.1
2026-09-19 23:08:12,mfsweep_shard0,SPT_SRWT,42,4186.60,64,0,1,1681.8,2204.2,522.4,2,2,81.4,0.0,182.2,250.8,0.0,89.4
2026-09-19 23:08:12,mfsweep_shard0,SPT_SRWT,42,4186.60,65,0,1,1708.0,2167.0,458.9,2,2,79.2,0.0,187.1,113.5,79.2,79.2
2026-09-19 23:08:12,mfsweep_shard0,SPT_SRWT,42,4186.60,66,0,1,1734.3,2047.6,313.3,2,2,61.1,0.0,125.6,126.6,0.0,61.1
2026-09-19 23:08:12,mfsweep_shard0,SPT_SRWT,42,4186.60,67,0,1,1760.6,2180.9,420.3,2,2,54.6,0.0,192.8,132.6,40.3,54.6
2026-09-19 23:08:12,mfsweep_shard0,SPT_SRWT,42,4186.60,68,0,1,1786.9,2149.2,362.3,2,2,64.0,0.0,157.4,140.9,0.0,64.0
2026-09-19 23:08:12,mfsweep_shard0,SPT_SRWT,42,4186.60,69,0,1,1813.1,2161.6,348.5,2,2,62.4,0.0,146.5,128.3,11.3,62.4
2026-09-19 23:08:12,mfsweep_shard0,SPT_SRWT,42,4186.60,70,0,1,1839.4,2097.6,258.1,2,2,60.5,0.0,95.3,87.1,15.2,60.5
2026-09-19 23:08:12,mfsweep_shard0,SPT_SRWT,42,4186.60,71,0,1,1865.7,2341.0,475.3,2,2,84.7,0.0,217.1,166.5,7.0,84.7
2026-09-19 23:08:12,mfsweep_shard0,SPT_SRWT,42,4186.60,72,0,1,1892.0,2326.8,434.8,2,2,82.5,0.0,165.7,185.1,1.6,82.5
2026-09-19 23:08:12,mfsweep_shard0,SPT_SRWT,42,4186.60,73,0,1,1918.3,2199.8,281.6,2,2,63.9,0.0,82.0,101.9,33.7,63.9
2026-09-19 23:08:12,mfsweep_shard0,SPT_SRWT,42,4186.60,74,0,1,1944.5,2389.7,445.2,2,2,75.2,0.0,144.3,225.7,0.0,75.2
2026-09-19 23:08:12,mfsweep_shard0,SPT_SRWT,42,4186.60,75,0,1,1970.8,2443.8,473.0,2,2,66.6,0.0,151.0,220.1,35.3,66.6
2026-09-19 23:08:12,mfsweep_shard0,SPT_SRWT,42,4186.60,76,0,1,1997.1,2421.8,424.7,2,2,83.7,0.0,148.3,192.7,0.0,83.7
2026-09-19 23:08:12,mfsweep_shard0,SPT_SRWT,42,4186.60,77,0,1,2023.4,2503.0,479.7,2,2,68.7,0.0,168.3,156.3,86.4,68.7
2026-09-19 23:08:12,mfsweep_shard0,SPT_SRWT,42,4186.60,78,0,1,2049.6,2457.2,407.5,2,2,62.3,0.0,135.7,184.3,25.1,62.3
2026-09-19 23:08:12,mfsweep_shard0,SPT_SRWT,42,4186.60,79,0,1,2075.9,2489.6,413.7,2,2,61.7,0.0,164.7,148.6,38.7,61.7
2026-09-19 23:08:12,mfsweep_shard0,SPT_SRWT,42,4186.60,80,0,1,2102.2,2547.1,444.9,2,2,72.1,0.0,120.4,230.9,21.6,72.1
2026-09-19 23:08:12,mfsweep_shard0,SPT_SRWT,42,4186.60,81,0,1,2128.5,2599.2,470.7,2,2,62.2,0.0,185.3,173.4,49.8,62.2
2026-09-19 23:08:12,mfsweep_shard0,SPT_SRWT,42,4186.60,82,0,1,2154.7,2607.8,453.1,2,2,72.8,0.0,197.2,183.0,0.0,72.8
2026-09-19 23:08:12,mfsweep_shard0,SPT_SRWT,42,4186.60,83,0,1,2181.0,2625.1,444.1,2,2,83.2,0.0,120.7,183.7,56.5,83.2
2026-09-19 23:08:12,mfsweep_shard0,SPT_SRWT,42,4186.60,84,0,1,2207.3,2556.6,349.3,2,2,66.7,0.0,155.4,127.2,0.0,66.7
2026-09-19 23:08:12,mfsweep_shard0,SPT_SRWT,42,4186.60,85,0,1,2233.6,2476.3,242.8,2,2,60.8,0.0,68.8,113.1,0.0,60.8
2026-09-19 23:08:12,mfsweep_shard0,SPT_SRWT,42,4186.60,86,0,1,2259.9,2931.1,671.2,2,2,86.5,0.0,290.2,269.0,7.1,104.9
2026-09-19 23:08:12,mfsweep_shard0,SPT_SRWT,42,4186.60,87,0,1,2286.1,2698.7,412.5,2,2,70.4,0.0,203.0,139.1,0.0,70.4
2026-09-19 23:08:12,mfsweep_shard0,SPT_SRWT,42,4186.60,88,0,1,2312.4,2686.0,373.6,2,2,56.5,0.0,109.6,207.5,0.0,56.5
2026-09-19 23:08:12,mfsweep_shard0,SPT_SRWT,42,4186.60,89,0,1,2338.7,2961.5,622.8,2,2,55.1,0.0,236.4,267.9,63.5,55.1
2026-09-19 23:08:12,mfsweep_shard0,SPT_SRWT,42,4186.60,90,0,1,2365.0,2837.1,472.2,2,2,57.2,0.0,191.1,213.5,10.4,57.2
2026-09-19 23:08:12,mfsweep_shard0,SPT_SRWT,42,4186.60,91,0,1,2391.2,2780.1,388.8,2,2,74.3,0.0,163.6,150.9,0.0,74.3
2026-09-19 23:08:12,mfsweep_shard0,SPT_SRWT,42,4186.60,92,0,1,2417.5,2956.9,539.3,2,2,79.7,0.1,263.9,195.7,0.0,79.7
2026-09-19 23:08:12,mfsweep_shard0,SPT_SRWT,42,4186.60,93,0,1,2443.8,2993.0,549.2,2,2,67.5,0.0,101.0,270.1,110.6,67.5
2026-09-19 23:08:12,mfsweep_shard0,SPT_SRWT,42,4186.60,94,0,1,2470.1,3093.6,623.5,2,2,55.6,0.0,302.9,172.1,92.8,55.6
2026-09-19 23:08:12,mfsweep_shard0,SPT_SRWT,42,4186.60,95,0,1,2496.4,3057.8,561.4,2,2,66.1,0.0,250.9,180.3,64.1,66.1
2026-09-19 23:08:12,mfsweep_shard0,SPT_SRWT,42,4186.60,96,0,1,2522.6,3048.4,525.7,2,2,86.4,0.0,276.1,139.4,23.8,86.4
2026-09-19 23:08:12,mfsweep_shard0,SPT_SRWT,42,4186.60,97,0,1,2548.9,3115.5,566.6,2,2,71.0,0.0,197.8,145.2,152.6,71.0
2026-09-19 23:08:12,mfsweep_shard0,SPT_SRWT,42,4186.60,98,0,1,2575.2,3493.4,918.2,2,2,85.6,0.0,375.3,353.9,37.1,151.8
2026-09-19 23:08:12,mfsweep_shard0,SPT_SRWT,42,4186.60,99,0,1,2601.5,3013.4,411.9,2,2,82.0,0.0,195.2,134.7,0.0,82.0
2026-09-19 23:08:12,mfsweep_shard0,SPT_SRWT,42,4186.60,100,0,1,2627.7,3207.7,580.0,2,2,53.9,0.0,290.9,196.0,39.1,53.9
2026-09-19 23:08:12,mfsweep_shard0,SPT_SRWT,42,4186.60,101,0,1,2654.0,3079.9,425.9,2,2,77.3,0.0,181.7,112.9,54.0,77.3
2026-09-19 23:08:12,mfsweep_shard0,SPT_SRWT,42,4186.60,102,0,1,2680.3,3129.4,449.1,2,2,76.0,0.0,184.2,145.5,43.3,76.0
2026-09-19 23:08:12,mfsweep_shard0,SPT_SRWT,42,4186.60,103,0,1,2706.6,3181.8,475.3,2,2,71.3,0.0,254.5,149.5,0.0,71.3
2026-09-19 23:08:12,mfsweep_shard0,SPT_SRWT,42,4186.60,104,0,1,2732.9,3186.6,453.8,2,2,62.4,0.0,198.2,152.2,41.0,62.4
2026-09-19 23:08:12,mfsweep_shard0,SPT_SRWT,42,4186.60,105,0,1,2759.1,3151.2,392.1,2,2,74.7,0.0,200.8,116.5,0.0,74.7
2026-09-19 23:08:12,mfsweep_shard0,SPT_SRWT,42,4186.60,106,0,1,2785.4,3316.3,530.9,2,2,57.2,0.0,329.2,136.9,7.6,57.2
2026-09-19 23:08:12,mfsweep_shard0,SPT_SRWT,42,4186.60,107,0,1,2811.7,3227.2,415.5,2,2,67.9,0.0,216.5,131.1,0.0,67.9
2026-09-19 23:08:12,mfsweep_shard0,SPT_SRWT,42,4186.60,108,0,1,2838.0,3497.7,659.8,2,2,68.5,0.1,212.9,298.1,80.2,68.5
2026-09-19 23:08:12,mfsweep_shard0,SPT_SRWT,42,4186.60,109,0,1,2864.2,3284.7,420.5,2,2,85.0,0.0,164.6,165.5,5.3,85.0
2026-09-19 23:08:12,mfsweep_shard0,SPT_SRWT,42,4186.60,110,0,1,2890.5,3387.0,496.5,2,2,82.4,0.0,259.5,154.6,0.0,82.4
2026-09-19 23:08:12,mfsweep_shard0,SPT_SRWT,42,4186.60,111,0,1,2916.8,3391.8,475.0,2,2,62.2,0.0,261.7,137.3,13.7,62.2
2026-09-19 23:08:12,mfsweep_shard0,SPT_SRWT,42,4186.60,112,0,1,2943.1,3377.7,434.6,2,2,70.1,0.0,232.9,131.6,0.0,70.1
2026-09-19 23:08:12,mfsweep_shard0,SPT_SRWT,42,4186.60,113,0,1,2969.3,3477.5,508.2,2,2,59.4,0.0,263.3,117.0,68.4,59.4
2026-09-19 23:08:12,mfsweep_shard0,SPT_SRWT,42,4186.60,114,0,1,2995.6,3650.4,654.7,2,2,83.7,0.0,340.8,171.9,58.3,83.7
2026-09-19 23:08:12,mfsweep_shard0,SPT_SRWT,42,4186.60,115,0,1,3021.9,3560.3,538.4,2,2,82.3,0.0,273.6,178.2,4.2,82.3
2026-09-19 23:08:12,mfsweep_shard0,SPT_SRWT,42,4186.60,116,0,1,3048.2,3546.9,498.7,2,2,63.4,0.0,294.8,132.2,8.3,63.4
2026-09-19 23:08:12,mfsweep_shard0,SPT_SRWT,42,4186.60,117,0,1,3074.5,3814.6,740.1,2,2,74.6,0.0,505.4,129.2,30.8,74.6
2026-09-19 23:08:12,mfsweep_shard0,SPT_SRWT,42,4186.60,118,0,1,3100.7,3587.6,486.9,2,2,73.6,0.0,221.7,153.4,38.1,73.6
2026-09-19 23:08:12,mfsweep_shard0,SPT_SRWT,42,4186.60,119,0,1,3127.0,3701.3,574.3,2,2,58.6,0.0,336.1,173.3,6.3,58.6
2026-09-19 23:08:12,mfsweep_shard0,SPT_SRWT,42,4186.60,120,0,1,3153.3,3506.6,353.3,2,2,78.7,0.0,135.2,139.4,0.0,78.7
2026-09-19 23:08:12,mfsweep_shard0,SPT_SRWT,42,4186.60,121,0,1,3179.6,3601.5,421.9,2,2,71.3,0.0,228.3,119.4,2.8,71.3
2026-09-19 23:08:12,mfsweep_shard0,SPT_SRWT,42,4186.60,122,0,1,3205.8,3635.9,430.0,2,2,79.2,0.0,228.3,122.5,0.0,79.2
2026-09-19 23:08:12,mfsweep_shard0,SPT_SRWT,42,4186.60,123,0,1,3232.1,3682.4,450.2,2,2,71.0,0.0,223.7,143.2,12.3,71.0
2026-09-19 23:08:12,mfsweep_shard0,SPT_SRWT,42,4186.60,124,0,1,3258.4,3869.4,611.0,2,2,53.6,0.0,171.0,355.8,30.6,53.6
2026-09-19 23:08:12,mfsweep_shard0,SPT_SRWT,42,4186.60,125,0,1,3284.7,3710.4,425.7,2,2,64.2,0.0,170.2,177.5,13.9,64.2
2026-09-19 23:08:12,mfsweep_shard0,SPT_SRWT,42,4186.60,126,0,1,3311.0,3765.3,454.3,2,2,54.2,0.0,242.7,157.4,0.0,54.2
2026-09-19 23:08:12,mfsweep_shard0,SPT_SRWT,42,4186.60,127,0,1,3337.2,3837.5,500.3,2,2,84.2,0.0,261.9,154.2,0.0,84.2
2026-09-19 23:08:12,mfsweep_shard0,SPT_SRWT,42,4186.60,128,0,1,3363.5,3706.0,342.5,2,2,82.5,0.0,156.5,88.5,15.0,82.5
2026-09-19 23:08:12,mfsweep_shard0,SPT_SRWT,42,4186.60,129,0,1,3389.8,4049.3,659.5,2,2,81.0,0.0,238.2,173.3,153.4,94.6
2026-09-19 23:08:12,mfsweep_shard0,SPT_SRWT,42,4186.60,130,0,1,3416.1,3984.0,567.9,2,2,63.7,0.1,297.2,124.6,82.4,63.7
2026-09-19 23:08:12,mfsweep_shard0,SPT_SRWT,42,4186.60,131,0,1,3442.3,3896.8,454.5,2,2,55.5,0.0,209.4,109.7,79.8,55.5
2026-09-19 23:08:12,mfsweep_shard0,SPT_SRWT,42,4186.60,132,0,1,3468.6,4117.4,648.8,2,2,82.5,0.1,160.4,175.9,230.0,82.5
2026-09-19 23:08:12,mfsweep_shard0,SPT_SRWT,42,4186.60,133,0,1,3494.9,4186.6,691.7,2,2,84.8,0.0,177.6,114.7,314.6,84.8
2026-09-19 23:08:12,mfsweep_shard0,SPT_SRWT,42,4186.60,134,0,1,3521.2,3935.8,414.6,2,2,56.4,0.1,135.8,165.7,56.6,56.4
2026-09-19 23:08:12,mfsweep_shard0,SPT_SRWT,42,4186.60,135,0,1,3547.5,3930.5,383.1,2,2,69.6,0.0,204.4,109.1,0.0,69.6
2026-09-19 23:08:12,mfsweep_shard0,SPT_SRWT,42,4186.60,136,0,1,3573.7,3942.2,368.5,2,2,55.8,0.0,184.1,128.5,0.0,55.8
2026-09-19 23:12:09,mfsweep_shard0,SPT_SRWT,43,4387.08,0,0,1,0.0,216.0,216.0,2,2,74.6,0.0,63.6,77.7,0.0,74.6
2026-09-19 23:12:09,mfsweep_shard0,SPT_SRWT,43,4387.08,1,0,1,26.3,234.8,208.5,2,2,54.4,0.0,80.1,74.0,0.0,54.4
2026-09-19 23:12:09,mfsweep_shard0,SPT_SRWT,43,4387.08,2,0,1,52.6,273.2,220.6,2,2,62.6,0.0,72.5,74.1,11.3,62.6
2026-09-19 23:12:09,mfsweep_shard0,SPT_SRWT,43,4387.08,3,0,1,78.8,532.0,453.2,2,2,60.9,0.0,119.3,161.1,82.1,90.7
2026-09-19 23:12:09,mfsweep_shard0,SPT_SRWT,43,4387.08,4,0,1,105.1,387.7,282.5,2,2,77.8,0.0,117.6,87.1,0.0,77.8
2026-09-19 23:12:09,mfsweep_shard0,SPT_SRWT,43,4387.08,5,0,1,131.4,558.3,426.9,2,2,75.9,0.0,118.3,160.2,26.9,121.4
2026-09-19 23:12:09,mfsweep_shard0,SPT_SRWT,43,4387.08,6,0,1,157.7,426.0,268.4,2,2,83.0,0.0,63.5,121.8,0.0,83.0
2026-09-19 23:12:09,mfsweep_shard0,SPT_SRWT,43,4387.08,7,0,1,183.9,417.3,233.4,2,2,56.4,0.0,51.3,125.6,0.0,56.4
2026-09-19 23:12:09,mfsweep_shard0,SPT_SRWT,43,4387.08,8,0,1,210.2,506.7,296.5,2,2,67.5,0.0,107.4,94.0,27.7,67.5
2026-09-19 23:12:09,mfsweep_shard0,SPT_SRWT,43,4387.08,9,0,1,236.5,502.0,265.5,2,2,54.5,0.0,86.4,104.5,20.0,54.5
2026-09-19 23:12:09,mfsweep_shard0,SPT_SRWT,43,4387.08,10,0,1,262.8,609.3,346.5,2,2,60.8,0.0,126.8,139.9,19.0,60.8
2026-09-19 23:12:09,mfsweep_shard0,SPT_SRWT,43,4387.08,11,0,1,289.1,623.3,334.2,2,2,70.2,0.0,96.7,117.9,49.3,70.2
2026-09-19 23:12:09,mfsweep_shard0,SPT_SRWT,43,4387.08,12,0,1,315.3,572.0,256.7,2,2,54.4,0.0,96.4,105.9,0.0,54.4
2026-09-19 23:12:09,mfsweep_shard0,SPT_SRWT,43,4387.08,13,0,1,341.6,614.0,272.4,2,2,60.1,0.0,94.4,114.7,3.1,60.1
2026-09-19 23:12:09,mfsweep_shard0,SPT_SRWT,43,4387.08,14,0,1,367.9,671.4,303.5,2,2,75.0,0.0,115.9,112.6,0.0,75.0
2026-09-19 23:12:09,mfsweep_shard0,SPT_SRWT,43,4387.08,15,0,1,394.2,686.4,292.2,2,2,71.5,0.0,72.2,148.4,0.0,71.5
2026-09-19 23:12:09,mfsweep_shard0,SPT_SRWT,43,4387.08,16,0,1,420.4,691.1,270.7,2,2,60.8,0.0,89.9,119.9,0.0,60.8
2026-09-19 23:12:09,mfsweep_shard0,SPT_SRWT,43,4387.08,17,0,1,446.7,737.6,290.9,2,2,73.0,0.0,114.4,99.7,3.8,73.0
2026-09-19 23:12:09,mfsweep_shard0,SPT_SRWT,43,4387.08,18,0,1,473.0,809.9,336.9,2,2,80.3,0.0,150.0,106.6,0.0,80.3
2026-09-19 23:12:09,mfsweep_shard0,SPT_SRWT,43,4387.08,19,0,1,499.3,772.2,272.9,2,2,53.8,0.0,125.1,94.0,0.0,53.8
2026-09-19 23:12:09,mfsweep_shard0,SPT_SRWT,43,4387.08,20,0,1,525.6,805.4,279.9,2,2,80.1,0.0,59.8,113.6,26.3,80.1
2026-09-19 23:12:09,mfsweep_shard0,SPT_SRWT,43,4387.08,21,0,1,551.8,846.4,294.6,2,2,76.6,0.0,115.6,102.3,0.0,76.6
2026-09-19 23:12:09,mfsweep_shard0,SPT_SRWT,43,4387.08,22,0,1,578.1,927.8,349.7,2,2,64.8,0.0,112.6,119.7,52.5,64.8
2026-09-19 23:12:09,mfsweep_shard0,SPT_SRWT,43,4387.08,23,0,1,604.4,872.3,267.9,2,2,58.7,0.0,99.5,109.7,0.0,58.7
2026-09-19 23:12:09,mfsweep_shard0,SPT_SRWT,43,4387.08,24,0,1,630.7,1313.9,683.2,2,2,85.1,0.0,204.3,275.7,93.2,110.0
2026-09-19 23:12:09,mfsweep_shard0,SPT_SRWT,43,4387.08,25,0,1,656.9,908.7,251.7,2,2,64.7,0.0,77.8,109.3,0.0,64.7
2026-09-19 23:12:09,mfsweep_shard0,SPT_SRWT,43,4387.08,26,0,1,683.2,948.7,265.5,2,2,56.6,0.0,83.0,102.2,23.6,56.6
2026-09-19 23:12:09,mfsweep_shard0,SPT_SRWT,43,4387.08,27,0,1,709.5,1039.5,330.0,2,2,56.7,0.0,69.4,203.8,0.0,56.7
2026-09-19 23:12:09,mfsweep_shard0,SPT_SRWT,43,4387.08,28,0,1,735.8,1239.3,503.5,2,2,81.5,0.0,148.1,122.6,151.3,81.5
2026-09-19 23:12:09,mfsweep_shard0,SPT_SRWT,43,4387.08,29,0,1,762.0,1141.3,379.2,2,2,73.5,0.0,129.9,148.3,27.5,73.5
2026-09-19 23:12:09,mfsweep_shard0,SPT_SRWT,43,4387.08,30,0,1,788.3,1204.3,416.0,2,2,80.2,0.0,122.6,213.1,0.0,80.2
2026-09-19 23:12:09,mfsweep_shard0,SPT_SRWT,43,4387.08,31,0,1,814.6,1507.2,692.6,2,2,77.6,0.1,228.9,178.0,125.6,160.0
2026-09-19 23:12:09,mfsweep_shard0,SPT_SRWT,43,4387.08,32,0,1,840.9,1182.1,341.2,2,2,71.2,0.0,101.4,168.1,0.5,71.2
2026-09-19 23:12:09,mfsweep_shard0,SPT_SRWT,43,4387.08,33,0,1,867.2,1531.4,664.2,2,2,85.7,0.0,324.9,188.8,62.2,88.2
2026-09-19 23:12:09,mfsweep_shard0,SPT_SRWT,43,4387.08,34,0,1,893.4,1275.7,382.2,2,2,66.0,0.0,137.5,154.2,24.5,66.0
2026-09-19 23:12:09,mfsweep_shard0,SPT_SRWT,43,4387.08,35,0,1,919.7,1234.9,315.2,2,2,71.8,0.0,96.2,147.0,0.2,71.8
2026-09-19 23:12:09,mfsweep_shard0,SPT_SRWT,43,4387.08,36,0,1,946.0,1666.8,720.8,2,2,80.9,0.0,195.5,263.8,180.5,80.9
2026-09-19 23:12:09,mfsweep_shard0,SPT_SRWT,43,4387.08,37,0,1,972.3,1300.6,328.3,2,2,74.0,0.0,113.0,110.8,30.5,74.0
2026-09-19 23:12:09,mfsweep_shard0,SPT_SRWT,43,4387.08,38,0,1,998.5,1385.0,386.4,2,2,82.0,0.0,142.5,130.6,31.3,82.0
2026-09-19 23:12:09,mfsweep_shard0,SPT_SRWT,43,4387.08,39,0,1,1024.8,1567.4,542.6,2,2,72.6,0.1,268.9,156.0,17.5,100.2
2026-09-19 23:12:09,mfsweep_shard0,SPT_SRWT,43,4387.08,40,0,1,1051.1,1411.8,360.7,2,2,76.8,0.0,105.9,119.7,58.3,76.8
2026-09-19 23:12:09,mfsweep_shard0,SPT_SRWT,43,4387.08,41,0,1,1077.4,1484.2,406.8,2,2,55.1,0.0,138.8,170.2,42.7,55.1
2026-09-19 23:12:09,mfsweep_shard0,SPT_SRWT,43,4387.08,42,0,1,1103.7,1624.0,520.4,2,2,61.1,0.1,315.4,112.7,31.1,61.1
2026-09-19 23:12:09,mfsweep_shard0,SPT_SRWT,43,4387.08,43,0,1,1129.9,1585.4,455.5,2,2,63.1,0.0,132.5,259.8,0.0,63.1
2026-09-19 23:12:09,mfsweep_shard0,SPT_SRWT,43,4387.08,44,0,1,1156.2,1527.0,370.8,2,2,56.2,0.0,127.1,140.5,47.0,56.2
2026-09-19 23:12:09,mfsweep_shard0,SPT_SRWT,43,4387.08,45,0,1,1182.5,1619.2,436.7,2,2,61.2,0.0,170.4,148.3,56.7,61.2
2026-09-19 23:12:09,mfsweep_shard0,SPT_SRWT,43,4387.08,46,0,1,1208.8,1572.3,363.5,2,2,56.9,0.0,144.2,110.6,51.8,56.9
2026-09-19 23:12:09,mfsweep_shard0,SPT_SRWT,43,4387.08,47,0,1,1235.0,1576.8,341.7,2,2,62.7,0.0,119.5,137.5,22.0,62.7
2026-09-19 23:12:09,mfsweep_shard0,SPT_SRWT,43,4387.08,48,0,1,1261.3,1746.3,485.0,2,2,74.5,0.0,256.7,153.7,0.0,74.5
2026-09-19 23:12:09,mfsweep_shard0,SPT_SRWT,43,4387.08,49,0,1,1287.6,1732.2,444.6,2,2,65.6,0.0,222.5,148.9,7.6,65.6
2026-09-19 23:12:09,mfsweep_shard0,SPT_SRWT,43,4387.08,50,0,1,1313.9,1682.8,368.9,2,2,65.8,0.0,164.9,103.5,34.7,65.8
2026-09-19 23:12:09,mfsweep_shard0,SPT_SRWT,43,4387.08,51,0,1,1340.2,1751.0,410.8,2,2,60.5,0.0,159.6,190.7,0.0,60.5
2026-09-19 23:12:09,mfsweep_shard0,SPT_SRWT,43,4387.08,52,0,1,1366.4,1813.7,447.2,2,2,62.4,0.0,266.0,118.9,0.0,62.4
2026-09-19 23:12:09,mfsweep_shard0,SPT_SRWT,43,4387.08,53,0,1,1392.7,2204.2,811.5,2,2,84.5,0.0,570.8,156.2,0.0,84.5
2026-09-19 23:12:09,mfsweep_shard0,SPT_SRWT,43,4387.08,54,0,1,1419.0,1905.6,486.6,2,2,74.9,0.0,245.7,87.9,77.9,74.9
2026-09-19 23:12:09,mfsweep_shard0,SPT_SRWT,43,4387.08,55,0,1,1445.3,1804.0,358.8,2,2,73.6,0.0,170.4,109.1,5.6,73.6
2026-09-19 23:12:09,mfsweep_shard0,SPT_SRWT,43,4387.08,56,0,1,1471.5,2110.0,638.5,2,2,59.2,0.0,318.9,223.1,37.3,59.2
2026-09-19 23:12:09,mfsweep_shard0,SPT_SRWT,43,4387.08,57,0,1,1497.8,2135.8,638.0,2,2,77.6,0.0,377.9,179.1,3.3,77.6
2026-09-19 23:12:09,mfsweep_shard0,SPT_SRWT,43,4387.08,58,0,1,1524.1,1886.6,362.5,2,2,58.9,0.0,179.6,106.7,17.3,58.9
2026-09-19 23:12:09,mfsweep_shard0,SPT_SRWT,43,4387.08,59,0,1,1550.4,2052.8,502.4,2,2,66.1,0.0,280.2,156.1,0.0,66.1
2026-09-19 23:12:09,mfsweep_shard0,SPT_SRWT,43,4387.08,60,0,1,1576.6,2105.3,528.7,2,2,86.2,0.0,229.7,200.3,12.5,86.2
2026-09-19 23:12:09,mfsweep_shard0,SPT_SRWT,43,4387.08,61,0,1,1602.9,2157.0,554.1,2,2,74.7,0.0,295.0,127.4,57.0,74.7
2026-09-19 23:12:09,mfsweep_shard0,SPT_SRWT,43,4387.08,62,0,1,1629.2,2114.8,485.6,2,2,71.9,0.0,229.5,184.1,0.0,71.9
2026-09-19 23:12:09,mfsweep_shard0,SPT_SRWT,43,4387.08,63,0,1,1655.5,2020.2,364.7,2,2,76.1,0.0,165.4,123.1,0.0,76.1
2026-09-19 23:12:09,mfsweep_shard0,SPT_SRWT,43,4387.08,64,0,1,1681.8,2337.9,656.1,2,2,81.4,0.0,325.0,171.9,40.4,118.8
2026-09-19 23:12:09,mfsweep_shard0,SPT_SRWT,43,4387.08,65,0,1,1708.0,2194.7,486.6,2,2,79.2,0.0,269.8,137.7,0.0,79.2
2026-09-19 23:12:09,mfsweep_shard0,SPT_SRWT,43,4387.08,66,0,1,1734.3,2222.4,488.1,2,2,61.1,0.0,209.6,198.2,19.2,61.1
2026-09-19 23:12:09,mfsweep_shard0,SPT_SRWT,43,4387.08,67,0,1,1760.6,2364.6,604.0,2,2,54.6,0.0,297.3,245.4,6.7,54.6
2026-09-19 23:12:09,mfsweep_shard0,SPT_SRWT,43,4387.08,68,0,1,1786.9,2231.6,444.7,2,2,64.0,0.0,202.1,178.6,0.0,64.0
2026-09-19 23:12:09,mfsweep_shard0,SPT_SRWT,43,4387.08,69,0,1,1813.1,2253.2,440.1,2,2,62.4,0.0,255.1,115.8,6.7,62.4
2026-09-19 23:12:09,mfsweep_shard0,SPT_SRWT,43,4387.08,70,0,1,1839.4,2333.1,493.7,2,2,60.5,0.1,250.4,132.3,50.4,60.5
2026-09-19 23:12:09,mfsweep_shard0,SPT_SRWT,43,4387.08,71,0,1,1865.7,2466.3,600.6,2,2,84.7,0.0,336.0,110.6,69.4,84.7
2026-09-19 23:12:09,mfsweep_shard0,SPT_SRWT,43,4387.08,72,0,1,1892.0,2503.7,611.7,2,2,82.5,0.0,136.7,372.1,20.4,82.5
2026-09-19 23:12:09,mfsweep_shard0,SPT_SRWT,43,4387.08,73,0,1,1918.3,2494.5,576.2,2,2,63.9,0.0,357.0,155.2,0.0,63.9
2026-09-19 23:12:09,mfsweep_shard0,SPT_SRWT,43,4387.08,74,0,1,1944.5,2475.8,531.2,2,2,75.2,0.0,276.0,162.1,18.0,75.2
2026-09-19 23:12:09,mfsweep_shard0,SPT_SRWT,43,4387.08,75,0,1,1970.8,2319.5,348.7,2,2,66.6,0.0,108.5,133.6,39.9,66.6
2026-09-19 23:12:09,mfsweep_shard0,SPT_SRWT,43,4387.08,76,0,1,1997.1,2422.7,425.6,2,2,83.7,0.0,236.8,105.1,0.0,83.7
2026-09-19 23:12:09,mfsweep_shard0,SPT_SRWT,43,4387.08,77,0,1,2023.4,2480.7,457.3,2,2,68.7,0.0,249.4,139.2,0.0,68.7
2026-09-19 23:12:09,mfsweep_shard0,SPT_SRWT,43,4387.08,78,0,1,2049.6,2629.9,580.2,2,2,62.3,0.0,342.0,134.0,41.9,62.3
2026-09-19 23:12:09,mfsweep_shard0,SPT_SRWT,43,4387.08,79,0,1,2075.9,2580.8,504.9,2,2,61.7,0.0,224.3,218.9,0.0,61.7
2026-09-19 23:12:09,mfsweep_shard0,SPT_SRWT,43,4387.08,80,0,1,2102.2,2557.7,455.5,2,2,72.1,0.0,120.6,262.3,0.5,72.1
2026-09-19 23:12:09,mfsweep_shard0,SPT_SRWT,43,4387.08,81,0,1,2128.5,2964.6,836.2,2,2,62.2,0.0,394.9,314.7,64.3,62.2
2026-09-19 23:12:09,mfsweep_shard0,SPT_SRWT,43,4387.08,82,0,1,2154.7,3469.5,1314.8,2,2,72.8,0.1,630.2,339.0,213.3,132.2
2026-09-19 23:12:09,mfsweep_shard0,SPT_SRWT,43,4387.08,83,0,1,2181.0,2826.4,645.4,2,2,83.2,0.0,276.8,152.7,132.7,83.2
2026-09-19 23:12:09,mfsweep_shard0,SPT_SRWT,43,4387.08,84,0,1,2207.3,2678.9,471.6,2,2,66.7,0.0,191.2,165.6,48.1,66.7
2026-09-19 23:12:09,mfsweep_shard0,SPT_SRWT,43,4387.08,85,0,1,2233.6,2760.7,527.1,2,2,60.8,0.0,287.9,164.5,13.9,60.8
2026-09-19 23:12:09,mfsweep_shard0,SPT_SRWT,43,4387.08,86,0,1,2259.9,3423.4,1163.5,2,2,86.5,0.1,432.9,299.9,344.3,86.5
2026-09-19 23:12:09,mfsweep_shard0,SPT_SRWT,43,4387.08,87,0,1,2286.1,2875.2,589.0,2,2,70.4,0.0,337.1,131.9,37.4,82.6
2026-09-19 23:12:09,mfsweep_shard0,SPT_SRWT,43,4387.08,88,0,1,2312.4,2742.7,430.3,2,2,56.5,0.0,237.8,135.9,0.0,56.5
2026-09-19 23:12:09,mfsweep_shard0,SPT_SRWT,43,4387.08,89,0,1,2338.7,2625.0,286.3,2,2,55.1,0.0,89.6,141.6,0.0,55.1
2026-09-19 23:12:09,mfsweep_shard0,SPT_SRWT,43,4387.08,90,0,1,2365.0,3163.9,799.0,2,2,57.2,0.1,344.1,293.9,100.1,60.8
2026-09-19 23:12:09,mfsweep_shard0,SPT_SRWT,43,4387.08,91,0,1,2391.2,3150.5,759.3,2,2,74.3,0.1,309.9,159.1,216.0,74.3
2026-09-19 23:12:09,mfsweep_shard0,SPT_SRWT,43,4387.08,92,0,1,2417.5,3490.7,1073.1,2,2,79.7,0.1,331.5,268.9,393.0,79.7
2026-09-19 23:12:09,mfsweep_shard0,SPT_SRWT,43,4387.08,93,0,1,2443.8,2838.1,394.3,2,2,67.5,0.0,96.1,224.6,6.1,67.5
2026-09-19 23:12:09,mfsweep_shard0,SPT_SRWT,43,4387.08,94,0,1,2470.1,2959.9,489.8,2,2,55.6,0.0,118.0,299.1,17.0,55.6
2026-09-19 23:12:09,mfsweep_shard0,SPT_SRWT,43,4387.08,95,0,1,2496.4,3078.0,581.6,2,2,66.1,0.0,142.7,192.4,180.3,66.1
2026-09-19 23:12:09,mfsweep_shard0,SPT_SRWT,43,4387.08,96,0,1,2522.6,3014.5,491.9,2,2,86.4,0.0,286.4,119.1,0.0,86.4
2026-09-19 23:12:09,mfsweep_shard0,SPT_SRWT,43,4387.08,97,0,1,2548.9,3092.2,543.3,2,2,71.0,0.0,292.3,179.9,0.0,71.0
2026-09-19 23:12:09,mfsweep_shard0,SPT_SRWT,43,4387.08,98,0,1,2575.2,3634.2,1059.1,2,2,85.6,0.1,339.0,218.7,415.7,85.6
2026-09-19 23:12:09,mfsweep_shard0,SPT_SRWT,43,4387.08,99,0,1,2601.5,3441.8,840.3,2,2,82.0,0.1,272.4,182.2,303.7,82.0
2026-09-19 23:12:09,mfsweep_shard0,SPT_SRWT,43,4387.08,100,0,1,2627.7,3120.1,492.3,2,2,53.9,0.0,271.0,152.9,14.5,53.9
2026-09-19 23:12:09,mfsweep_shard0,SPT_SRWT,43,4387.08,101,0,1,2654.0,3225.0,571.0,2,2,77.3,0.0,130.0,121.2,242.5,77.3
2026-09-19 23:12:09,mfsweep_shard0,SPT_SRWT,43,4387.08,102,0,1,2680.3,3190.5,510.2,2,2,76.0,0.0,146.6,253.7,33.8,76.0
2026-09-19 23:12:09,mfsweep_shard0,SPT_SRWT,43,4387.08,103,0,1,2706.6,3195.4,488.8,2,2,71.3,0.0,221.0,182.3,14.3,71.3
2026-09-19 23:12:09,mfsweep_shard0,SPT_SRWT,43,4387.08,104,0,1,2732.9,3155.4,422.6,2,2,62.4,0.0,180.6,172.8,6.8,62.4
2026-09-19 23:12:09,mfsweep_shard0,SPT_SRWT,43,4387.08,105,0,1,2759.1,3607.1,848.0,2,2,74.7,0.0,431.3,174.7,167.2,74.7
2026-09-19 23:12:09,mfsweep_shard0,SPT_SRWT,43,4387.08,106,0,1,2785.4,3433.1,647.7,2,2,57.2,0.0,402.1,152.4,36.0,57.2
2026-09-19 23:12:09,mfsweep_shard0,SPT_SRWT,43,4387.08,107,0,1,2811.7,3514.8,703.1,2,2,67.9,0.1,240.2,271.7,123.3,67.9
2026-09-19 23:12:09,mfsweep_shard0,SPT_SRWT,43,4387.08,108,0,1,2838.0,3284.8,446.8,2,2,68.5,0.0,212.3,135.1,30.9,68.5
2026-09-19 23:12:09,mfsweep_shard0,SPT_SRWT,43,4387.08,109,0,1,2864.2,3602.4,738.2,2,2,85.0,0.1,290.4,256.7,106.0,85.0
2026-09-19 23:12:09,mfsweep_shard0,SPT_SRWT,43,4387.08,110,0,1,2890.5,3229.9,339.4,2,2,82.4,0.0,156.5,100.4,0.0,82.4
2026-09-19 23:12:09,mfsweep_shard0,SPT_SRWT,43,4387.08,111,0,1,2916.8,3464.8,548.0,2,2,62.2,0.1,250.2,145.2,90.2,62.2
2026-09-19 23:12:09,mfsweep_shard0,SPT_SRWT,43,4387.08,112,0,1,2943.1,3519.5,576.4,2,2,70.1,0.0,273.3,192.4,40.6,70.1
2026-09-19 23:12:09,mfsweep_shard0,SPT_SRWT,43,4387.08,113,0,1,2969.3,3385.6,416.3,2,2,59.4,0.0,168.9,146.0,41.9,59.4
2026-09-19 23:12:09,mfsweep_shard0,SPT_SRWT,43,4387.08,114,0,1,2995.6,3453.8,458.2,2,2,83.7,0.0,196.4,146.6,31.5,83.7
2026-09-19 23:12:09,mfsweep_shard0,SPT_SRWT,43,4387.08,115,0,1,3021.9,3359.8,337.9,2,2,82.3,0.0,154.2,91.0,10.3,82.3
2026-09-19 23:12:09,mfsweep_shard0,SPT_SRWT,43,4387.08,116,0,1,3048.2,3625.1,576.9,2,2,63.4,0.1,268.2,234.2,4.7,69.7
2026-09-19 23:12:09,mfsweep_shard0,SPT_SRWT,43,4387.08,117,0,1,3074.5,3672.5,598.0,2,2,74.6,0.0,281.0,173.0,69.4,74.6
2026-09-19 23:12:09,mfsweep_shard0,SPT_SRWT,43,4387.08,118,0,1,3100.7,3545.3,444.6,2,2,73.6,0.0,174.9,179.7,16.3,73.6
2026-09-19 23:12:09,mfsweep_shard0,SPT_SRWT,43,4387.08,119,0,1,3127.0,3620.4,493.4,2,2,58.6,0.0,135.3,269.4,30.1,58.6
2026-09-19 23:12:09,mfsweep_shard0,SPT_SRWT,43,4387.08,120,0,1,3153.3,3739.3,586.0,2,2,78.7,0.0,174.3,294.3,38.7,78.7
2026-09-19 23:12:09,mfsweep_shard0,SPT_SRWT,43,4387.08,121,0,1,3179.6,3784.9,605.4,2,2,71.3,0.0,280.3,210.3,43.3,71.3
2026-09-19 23:12:09,mfsweep_shard0,SPT_SRWT,43,4387.08,122,0,1,3205.8,3957.6,751.7,2,2,79.2,44.1,144.9,316.1,118.6,128.0
2026-09-19 23:12:09,mfsweep_shard0,SPT_SRWT,43,4387.08,123,0,1,3232.1,3718.2,486.1,2,2,71.0,0.0,166.0,164.9,84.1,71.0
2026-09-19 23:12:09,mfsweep_shard0,SPT_SRWT,43,4387.08,124,0,1,3258.4,3802.9,544.5,2,2,53.6,0.0,238.3,200.2,52.4,53.6
2026-09-19 23:12:09,mfsweep_shard0,SPT_SRWT,43,4387.08,125,0,1,3284.7,4129.3,844.6,2,2,64.2,44.1,219.6,304.7,187.1,89.0
2026-09-19 23:12:09,mfsweep_shard0,SPT_SRWT,43,4387.08,126,0,1,3311.0,3826.7,515.7,2,2,54.2,0.0,293.9,167.6,0.0,54.2
2026-09-19 23:12:09,mfsweep_shard0,SPT_SRWT,43,4387.08,127,0,1,3337.2,3748.8,411.5,2,2,84.2,0.0,80.0,172.2,75.1,84.2
2026-09-19 23:12:09,mfsweep_shard0,SPT_SRWT,43,4387.08,128,0,1,3363.5,3798.2,434.7,2,2,82.5,0.0,143.8,157.3,51.0,82.5
2026-09-19 23:12:09,mfsweep_shard0,SPT_SRWT,43,4387.08,129,0,1,3389.8,4249.8,860.0,2,2,81.0,44.2,268.8,213.1,252.9,81.0
2026-09-19 23:12:09,mfsweep_shard0,SPT_SRWT,43,4387.08,130,0,1,3416.1,4079.5,663.4,2,2,63.7,44.2,259.1,160.8,95.7,103.5
2026-09-19 23:12:09,mfsweep_shard0,SPT_SRWT,43,4387.08,131,0,1,3442.3,3822.0,379.6,2,2,55.5,0.0,160.8,137.3,26.1,55.5
2026-09-19 23:12:09,mfsweep_shard0,SPT_SRWT,43,4387.08,132,0,1,3468.6,4316.7,848.1,2,2,82.5,44.2,224.8,187.4,309.2,82.5
2026-09-19 23:12:09,mfsweep_shard0,SPT_SRWT,43,4387.08,133,0,1,3494.9,4387.1,892.2,2,2,84.8,44.2,266.5,105.6,391.1,84.8
2026-09-19 23:12:09,mfsweep_shard0,SPT_SRWT,43,4387.08,134,0,1,3521.2,3990.0,468.8,2,2,56.4,44.2,188.4,177.7,2.1,56.4
2026-09-19 23:12:09,mfsweep_shard0,SPT_SRWT,43,4387.08,135,0,1,3547.5,4183.2,635.8,2,2,69.6,44.3,188.6,155.8,177.4,69.6
2026-09-19 23:12:09,mfsweep_shard0,SPT_SRWT,43,4387.08,136,0,1,3573.7,4031.4,457.7,2,2,55.8,44.4,222.4,117.0,18.1,55.8
2026-09-19 23:16:09,mfsweep_shard0,SPT_SRWT,44,4580.34,0,0,1,0.0,206.4,206.4,2,2,74.6,0.0,65.1,66.6,0.0,74.6
2026-09-19 23:16:09,mfsweep_shard0,SPT_SRWT,44,4580.34,1,0,1,26.3,272.4,246.1,2,2,54.4,0.0,68.6,123.1,0.0,54.4
2026-09-19 23:16:09,mfsweep_shard0,SPT_SRWT,44,4580.34,2,0,1,52.6,253.7,201.1,2,2,62.6,0.0,66.8,71.6,0.0,62.6
2026-09-19 23:16:09,mfsweep_shard0,SPT_SRWT,44,4580.34,3,0,1,78.8,267.9,189.1,2,2,60.9,0.0,60.2,67.9,0.0,60.9
2026-09-19 23:16:09,mfsweep_shard0,SPT_SRWT,44,4580.34,4,0,1,105.1,342.1,236.9,2,2,77.8,0.0,40.4,118.7,0.0,77.8
2026-09-19 23:16:09,mfsweep_shard0,SPT_SRWT,44,4580.34,5,0,1,131.4,864.3,732.9,2,2,75.9,0.0,175.6,229.3,230.0,97.9
2026-09-19 23:16:09,mfsweep_shard0,SPT_SRWT,44,4580.34,6,0,1,157.7,1016.2,858.6,2,2,83.0,0.1,219.6,126.3,396.7,115.9
2026-09-19 23:16:09,mfsweep_shard0,SPT_SRWT,44,4580.34,7,0,1,183.9,436.3,252.4,2,2,56.4,0.0,108.6,87.4,0.0,56.4
2026-09-19 23:16:09,mfsweep_shard0,SPT_SRWT,44,4580.34,8,0,1,210.2,501.5,291.3,2,2,67.5,0.0,106.5,93.1,24.2,67.5
2026-09-19 23:16:09,mfsweep_shard0,SPT_SRWT,44,4580.34,9,0,1,236.5,542.0,305.5,2,2,54.5,0.1,115.8,94.4,40.7,54.5
2026-09-19 23:16:09,mfsweep_shard0,SPT_SRWT,44,4580.34,10,0,1,262.8,510.9,248.1,2,2,60.8,0.0,81.3,101.4,4.6,60.8
2026-09-19 23:16:09,mfsweep_shard0,SPT_SRWT,44,4580.34,11,0,1,289.1,622.8,333.7,2,2,70.2,0.0,85.9,92.6,85.0,70.2
2026-09-19 23:16:09,mfsweep_shard0,SPT_SRWT,44,4580.34,12,0,1,315.3,551.5,236.2,2,2,54.4,0.0,98.7,83.0,0.0,54.4
2026-09-19 23:16:09,mfsweep_shard0,SPT_SRWT,44,4580.34,13,0,1,341.6,587.5,245.8,2,2,60.1,0.0,98.5,87.2,0.0,60.1
2026-09-19 23:16:09,mfsweep_shard0,SPT_SRWT,44,4580.34,14,0,1,367.9,821.2,453.4,2,2,75.0,0.1,144.1,176.6,38.1,94.6
2026-09-19 23:16:09,mfsweep_shard0,SPT_SRWT,44,4580.34,15,0,1,394.2,659.7,265.5,2,2,71.5,0.0,91.1,102.8,0.0,71.5
2026-09-19 23:16:09,mfsweep_shard0,SPT_SRWT,44,4580.34,16,0,1,420.4,722.0,301.6,2,2,60.8,0.0,89.8,144.6,6.3,60.8
2026-09-19 23:16:09,mfsweep_shard0,SPT_SRWT,44,4580.34,17,0,1,446.7,767.9,321.2,2,2,73.0,0.0,120.9,80.2,47.1,73.0
2026-09-19 23:16:09,mfsweep_shard0,SPT_SRWT,44,4580.34,18,0,1,473.0,964.3,491.3,2,2,80.3,0.0,139.5,81.0,190.5,80.3
2026-09-19 23:16:09,mfsweep_shard0,SPT_SRWT,44,4580.34,19,0,1,499.3,758.7,259.4,2,2,53.8,0.0,116.4,89.2,0.0,53.8
2026-09-19 23:16:09,mfsweep_shard0,SPT_SRWT,44,4580.34,20,0,1,525.6,816.7,291.2,2,2,80.1,0.0,105.4,93.4,12.2,80.1
2026-09-19 23:16:09,mfsweep_shard0,SPT_SRWT,44,4580.34,21,0,1,551.8,943.4,391.6,2,2,76.6,0.0,164.9,150.0,0.0,76.6
2026-09-19 23:16:09,mfsweep_shard0,SPT_SRWT,44,4580.34,22,0,1,578.1,906.5,328.4,2,2,64.8,0.0,159.1,104.5,0.0,64.8
2026-09-19 23:16:09,mfsweep_shard0,SPT_SRWT,44,4580.34,23,0,1,604.4,873.9,269.5,2,2,58.7,0.0,85.3,92.0,33.5,58.7
2026-09-19 23:16:09,mfsweep_shard0,SPT_SRWT,44,4580.34,24,0,1,630.7,969.0,338.3,2,2,85.1,0.0,80.9,113.4,58.8,85.1
2026-09-19 23:16:09,mfsweep_shard0,SPT_SRWT,44,4580.34,25,0,1,656.9,1064.7,407.7,2,2,64.7,0.0,108.5,173.4,61.1,64.7
2026-09-19 23:16:09,mfsweep_shard0,SPT_SRWT,44,4580.34,26,0,1,683.2,920.5,237.3,2,2,56.6,0.0,78.1,91.3,11.3,56.6
2026-09-19 23:16:09,mfsweep_shard0,SPT_SRWT,44,4580.34,27,0,1,709.5,999.7,290.2,2,2,56.7,0.0,89.8,141.7,1.9,56.7
2026-09-19 23:16:09,mfsweep_shard0,SPT_SRWT,44,4580.34,28,0,1,735.8,1035.9,300.1,2,2,81.5,0.0,65.5,102.8,50.2,81.5
2026-09-19 23:16:09,mfsweep_shard0,SPT_SRWT,44,4580.34,29,0,1,762.0,1119.9,357.9,2,2,73.5,0.0,95.1,138.7,50.6,73.5
2026-09-19 23:16:09,mfsweep_shard0,SPT_SRWT,44,4580.34,30,0,1,788.3,1388.7,600.3,2,2,80.2,0.0,223.1,177.0,60.2,140.0
2026-09-19 23:16:09,mfsweep_shard0,SPT_SRWT,44,4580.34,31,0,1,814.6,1299.7,485.1,2,2,77.6,0.0,178.5,181.3,47.6,77.6
2026-09-19 23:16:09,mfsweep_shard0,SPT_SRWT,44,4580.34,32,0,1,840.9,1128.6,287.7,2,2,71.2,0.0,111.6,104.8,0.0,71.2
2026-09-19 23:16:09,mfsweep_shard0,SPT_SRWT,44,4580.34,33,0,1,867.2,1203.4,336.3,2,2,85.7,0.0,117.1,133.5,0.0,85.7
2026-09-19 23:16:09,mfsweep_shard0,SPT_SRWT,44,4580.34,34,0,1,893.4,1255.4,362.0,2,2,66.0,0.0,133.8,107.7,54.4,66.0
2026-09-19 23:16:09,mfsweep_shard0,SPT_SRWT,44,4580.34,35,0,1,919.7,1343.4,423.7,2,2,71.8,0.0,94.8,255.6,1.5,71.8
2026-09-19 23:16:09,mfsweep_shard0,SPT_SRWT,44,4580.34,36,0,1,946.0,1402.0,456.0,2,2,80.9,0.0,138.9,139.0,97.2,80.9
2026-09-19 23:16:09,mfsweep_shard0,SPT_SRWT,44,4580.34,37,0,1,972.3,1317.9,345.7,2,2,74.0,0.0,107.7,164.0,0.0,74.0
2026-09-19 23:16:09,mfsweep_shard0,SPT_SRWT,44,4580.34,38,0,1,998.5,1439.8,441.3,2,2,82.0,0.0,140.8,168.7,49.7,82.0
2026-09-19 23:16:09,mfsweep_shard0,SPT_SRWT,44,4580.34,39,0,1,1024.8,1628.6,603.8,2,2,72.6,0.0,190.4,324.1,0.0,89.2
2026-09-19 23:16:09,mfsweep_shard0,SPT_SRWT,44,4580.34,40,0,1,1051.1,1435.4,384.3,2,2,76.8,0.0,183.3,118.0,6.2,76.8
2026-09-19 23:16:09,mfsweep_shard0,SPT_SRWT,44,4580.34,41,0,1,1077.4,1337.3,259.9,2,2,55.1,0.0,91.8,113.0,0.0,55.1
2026-09-19 23:16:09,mfsweep_shard0,SPT_SRWT,44,4580.34,42,0,1,1103.7,1489.8,386.1,2,2,61.1,0.0,168.6,156.4,0.0,61.1
2026-09-19 23:16:09,mfsweep_shard0,SPT_SRWT,44,4580.34,43,0,1,1129.9,1509.4,379.4,2,2,63.1,0.0,165.5,138.1,12.7,63.1
2026-09-19 23:16:09,mfsweep_shard0,SPT_SRWT,44,4580.34,44,0,1,1156.2,1527.6,371.4,2,2,56.2,0.0,183.0,129.9,2.3,56.2
2026-09-19 23:16:09,mfsweep_shard0,SPT_SRWT,44,4580.34,45,0,1,1182.5,1562.9,380.4,2,2,61.2,0.0,96.6,222.5,0.0,61.2
2026-09-19 23:16:09,mfsweep_shard0,SPT_SRWT,44,4580.34,46,0,1,1208.8,1553.7,344.9,2,2,56.9,0.0,150.4,137.6,0.0,56.9
2026-09-19 23:16:09,mfsweep_shard0,SPT_SRWT,44,4580.34,47,0,1,1235.0,1592.0,357.0,2,2,62.7,0.0,131.9,162.3,0.0,62.7
2026-09-19 23:16:09,mfsweep_shard0,SPT_SRWT,44,4580.34,48,0,1,1261.3,2221.2,959.9,2,2,74.5,0.0,323.0,284.7,252.5,99.7
2026-09-19 23:16:09,mfsweep_shard0,SPT_SRWT,44,4580.34,49,0,1,1287.6,1864.4,576.8,2,2,65.6,0.0,165.8,312.1,32.4,66.4
2026-09-19 23:16:09,mfsweep_shard0,SPT_SRWT,44,4580.34,50,0,1,1313.9,1753.6,439.7,2,2,65.8,0.0,179.9,194.1,0.0,65.8
2026-09-19 23:16:09,mfsweep_shard0,SPT_SRWT,44,4580.34,51,0,1,1340.2,2123.5,783.3,2,2,60.5,0.0,250.8,289.2,139.8,103.5
2026-09-19 23:16:09,mfsweep_shard0,SPT_SRWT,44,4580.34,52,0,1,1366.4,1815.3,448.8,2,2,62.4,0.0,150.9,179.6,55.9,62.4
2026-09-19 23:16:09,mfsweep_shard0,SPT_SRWT,44,4580.34,53,0,1,1392.7,3089.7,1697.0,2,2,84.5,0.1,318.9,835.7,457.8,84.5
2026-09-19 23:16:09,mfsweep_shard0,SPT_SRWT,44,4580.34,54,0,1,1419.0,3045.0,1626.0,2,2,74.9,0.1,759.8,457.5,333.6,74.9
2026-09-19 23:16:09,mfsweep_shard0,SPT_SRWT,44,4580.34,55,0,1,1445.3,2541.0,1095.8,2,2,73.6,0.1,255.8,387.8,378.4,73.6
2026-09-19 23:16:09,mfsweep_shard0,SPT_SRWT,44,4580.34,56,0,1,1471.5,1929.5,457.9,2,2,59.2,0.0,145.1,174.9,78.7,59.2
2026-09-19 23:16:09,mfsweep_shard0,SPT_SRWT,44,4580.34,57,0,1,1497.8,3185.5,1687.6,2,2,77.6,0.1,1018.4,467.5,123.9,77.6
2026-09-19 23:16:09,mfsweep_shard0,SPT_SRWT,44,4580.34,58,0,1,1524.1,1891.8,367.7,2,2,58.9,0.0,175.2,130.1,3.3,58.9
2026-09-19 23:16:09,mfsweep_shard0,SPT_SRWT,44,4580.34,59,0,1,1550.4,2063.3,513.0,2,2,66.1,0.0,281.2,165.6,0.0,66.1
2026-09-19 23:16:09,mfsweep_shard0,SPT_SRWT,44,4580.34,60,0,1,1576.6,2194.2,617.6,2,2,86.2,0.0,323.6,207.7,0.0,86.2
2026-09-19 23:16:09,mfsweep_shard0,SPT_SRWT,44,4580.34,61,0,1,1602.9,1850.9,247.9,2,2,74.7,0.0,76.0,97.2,0.0,74.7
2026-09-19 23:16:09,mfsweep_shard0,SPT_SRWT,44,4580.34,62,0,1,1629.2,1953.0,323.8,2,2,71.9,0.0,130.6,121.2,0.0,71.9
2026-09-19 23:16:09,mfsweep_shard0,SPT_SRWT,44,4580.34,63,0,1,1655.5,3049.6,1394.2,2,2,76.1,0.1,245.3,586.7,486.0,76.1
2026-09-19 23:16:09,mfsweep_shard0,SPT_SRWT,44,4580.34,64,0,1,1681.8,3530.6,1848.8,2,2,81.4,0.1,633.9,971.5,101.5,141.8
2026-09-19 23:16:09,mfsweep_shard0,SPT_SRWT,44,4580.34,65,0,1,1708.0,2257.2,549.2,2,2,79.2,0.0,74.6,322.0,73.4,79.2
2026-09-19 23:16:09,mfsweep_shard0,SPT_SRWT,44,4580.34,66,0,1,1734.3,2106.1,371.8,2,2,61.1,0.0,106.8,203.9,0.0,61.1
2026-09-19 23:16:09,mfsweep_shard0,SPT_SRWT,44,4580.34,67,0,1,1760.6,2558.7,798.1,2,2,54.6,0.1,167.5,527.5,44.8,58.2
2026-09-19 23:16:09,mfsweep_shard0,SPT_SRWT,44,4580.34,68,0,1,1786.9,3054.4,1267.5,2,2,64.0,0.1,832.0,247.7,123.8,64.0
2026-09-19 23:16:09,mfsweep_shard0,SPT_SRWT,44,4580.34,69,0,1,1813.1,3123.1,1310.0,2,2,62.4,0.0,995.4,219.9,32.2,62.4
2026-09-19 23:16:09,mfsweep_shard0,SPT_SRWT,44,4580.34,70,0,1,1839.4,3002.8,1163.4,2,2,60.5,0.1,253.5,759.9,53.1,96.8
2026-09-19 23:16:09,mfsweep_shard0,SPT_SRWT,44,4580.34,71,0,1,1865.7,3144.2,1278.5,2,2,84.7,0.0,619.5,574.4,0.0,84.7
2026-09-19 23:16:09,mfsweep_shard0,SPT_SRWT,44,4580.34,72,0,1,1892.0,2577.1,685.1,2,2,82.5,0.0,318.9,283.7,0.0,82.5
2026-09-19 23:16:09,mfsweep_shard0,SPT_SRWT,44,4580.34,73,0,1,1918.3,2998.1,1079.8,2,2,63.9,0.0,402.5,557.3,56.1,63.9
2026-09-19 23:16:09,mfsweep_shard0,SPT_SRWT,44,4580.34,74,0,1,1944.5,3219.7,1275.1,2,2,75.2,0.0,777.5,162.9,259.5,75.2
2026-09-19 23:16:09,mfsweep_shard0,SPT_SRWT,44,4580.34,75,0,1,1970.8,3190.2,1219.4,2,2,66.6,0.0,468.7,632.6,51.5,66.6
2026-09-19 23:16:09,mfsweep_shard0,SPT_SRWT,44,4580.34,76,0,1,1997.1,3040.3,1043.3,2,2,83.7,0.0,723.5,180.3,55.8,83.7
2026-09-19 23:16:09,mfsweep_shard0,SPT_SRWT,44,4580.34,77,0,1,2023.4,3082.7,1059.4,2,2,68.7,0.0,562.7,428.0,0.0,68.7
2026-09-19 23:16:09,mfsweep_shard0,SPT_SRWT,44,4580.34,78,0,1,2049.6,3149.1,1099.5,2,2,62.3,0.1,441.9,595.3,0.0,62.3
2026-09-19 23:16:09,mfsweep_shard0,SPT_SRWT,44,4580.34,79,0,1,2075.9,3333.6,1257.7,2,2,61.7,0.0,766.9,382.2,46.8,61.7
2026-09-19 23:16:09,mfsweep_shard0,SPT_SRWT,44,4580.34,80,0,1,2102.2,3310.5,1208.3,2,2,72.1,0.0,864.6,228.0,43.5,72.1
2026-09-19 23:16:09,mfsweep_shard0,SPT_SRWT,44,4580.34,81,0,1,2128.5,3390.9,1262.4,2,2,62.2,0.0,462.0,699.6,38.6,62.2
2026-09-19 23:16:09,mfsweep_shard0,SPT_SRWT,44,4580.34,82,0,1,2154.7,3158.3,1003.6,2,2,72.8,0.0,332.4,598.3,0.0,72.8
2026-09-19 23:16:09,mfsweep_shard0,SPT_SRWT,44,4580.34,83,0,1,2181.0,3351.6,1170.6,2,2,83.2,0.0,642.7,435.6,9.0,83.2
2026-09-19 23:16:09,mfsweep_shard0,SPT_SRWT,44,4580.34,84,0,1,2207.3,3425.1,1217.8,2,2,66.7,0.0,658.5,452.2,40.4,66.7
2026-09-19 23:16:09,mfsweep_shard0,SPT_SRWT,44,4580.34,85,0,1,2233.6,3198.2,964.6,2,2,60.8,0.0,516.3,387.5,0.0,60.8
2026-09-19 23:16:09,mfsweep_shard0,SPT_SRWT,44,4580.34,86,0,1,2259.9,4513.8,2253.9,2,2,86.5,0.0,458.7,709.8,955.8,129.6
2026-09-19 23:16:09,mfsweep_shard0,SPT_SRWT,44,4580.34,87,0,1,2286.1,3420.4,1134.2,2,2,70.4,0.0,465.4,568.4,30.1,70.4
2026-09-19 23:16:09,mfsweep_shard0,SPT_SRWT,44,4580.34,88,0,1,2312.4,3365.4,1053.0,2,2,56.5,0.0,328.2,616.0,52.2,56.5
2026-09-19 23:16:09,mfsweep_shard0,SPT_SRWT,44,4580.34,89,0,1,2338.7,3480.5,1141.8,2,2,55.1,0.0,485.4,573.7,27.6,55.1
2026-09-19 23:16:09,mfsweep_shard0,SPT_SRWT,44,4580.34,90,0,1,2365.0,3738.3,1373.4,2,2,57.2,0.1,953.8,355.9,6.4,57.2
2026-09-19 23:16:09,mfsweep_shard0,SPT_SRWT,44,4580.34,91,0,1,2391.2,3315.3,924.1,2,2,74.3,0.0,659.5,190.2,0.0,74.3
2026-09-19 23:16:09,mfsweep_shard0,SPT_SRWT,44,4580.34,92,0,1,2417.5,3664.3,1246.8,2,2,79.7,0.0,923.9,231.3,11.9,79.7
2026-09-19 23:16:09,mfsweep_shard0,SPT_SRWT,44,4580.34,93,0,1,2443.8,3581.7,1137.9,2,2,67.5,0.0,653.9,368.7,47.8,67.5
2026-09-19 23:16:09,mfsweep_shard0,SPT_SRWT,44,4580.34,94,0,1,2470.1,3485.3,1015.3,2,2,55.6,0.0,769.7,179.7,10.2,55.6
2026-09-19 23:16:09,mfsweep_shard0,SPT_SRWT,44,4580.34,95,0,1,2496.4,3686.2,1189.8,2,2,66.1,0.0,796.4,281.9,45.3,66.1
2026-09-19 23:16:09,mfsweep_shard0,SPT_SRWT,44,4580.34,96,0,1,2522.6,3637.8,1115.2,2,2,86.4,0.0,756.7,272.0,0.0,86.4
2026-09-19 23:16:09,mfsweep_shard0,SPT_SRWT,44,4580.34,97,0,1,2548.9,3879.4,1330.5,2,2,71.0,0.0,642.2,331.3,285.9,71.0
2026-09-19 23:16:09,mfsweep_shard0,SPT_SRWT,44,4580.34,98,0,1,2575.2,4440.5,1865.3,2,2,85.6,0.0,675.1,202.6,902.0,85.6
2026-09-19 23:16:09,mfsweep_shard0,SPT_SRWT,44,4580.34,99,0,1,2601.5,3535.0,933.6,2,2,82.0,0.0,638.3,195.7,17.6,82.0
2026-09-19 23:16:09,mfsweep_shard0,SPT_SRWT,44,4580.34,100,0,1,2627.7,3511.0,883.2,2,2,53.9,0.0,625.2,204.1,0.0,53.9
2026-09-19 23:16:09,mfsweep_shard0,SPT_SRWT,44,4580.34,101,0,1,2654.0,3818.2,1164.2,2,2,77.3,0.0,623.3,261.0,202.6,77.3
2026-09-19 23:16:09,mfsweep_shard0,SPT_SRWT,44,4580.34,102,0,1,2680.3,4249.4,1569.1,2,2,76.0,0.0,750.0,141.1,558.6,119.4
2026-09-19 23:16:09,mfsweep_shard0,SPT_SRWT,44,4580.34,103,0,1,2706.6,3969.3,1262.7,2,2,71.3,0.0,677.6,352.4,161.5,71.3
2026-09-19 23:16:09,mfsweep_shard0,SPT_SRWT,44,4580.34,104,0,1,2732.9,3822.7,1089.9,2,2,62.4,0.1,741.8,203.2,82.5,62.4
2026-09-19 23:16:09,mfsweep_shard0,SPT_SRWT,44,4580.34,105,0,1,2759.1,3800.3,1041.1,2,2,74.7,0.0,633.3,290.5,42.6,74.7
2026-09-19 23:16:09,mfsweep_shard0,SPT_SRWT,44,4580.34,106,0,1,2785.4,3695.6,910.2,2,2,57.2,0.1,676.7,159.7,16.5,57.2
2026-09-19 23:16:09,mfsweep_shard0,SPT_SRWT,44,4580.34,107,0,1,2811.7,3699.9,888.2,2,2,67.9,0.0,503.8,313.9,2.6,67.9
2026-09-19 23:16:09,mfsweep_shard0,SPT_SRWT,44,4580.34,108,0,1,2838.0,3786.2,948.3,2,2,68.5,0.0,679.7,165.4,34.7,68.5
2026-09-19 23:16:09,mfsweep_shard0,SPT_SRWT,44,4580.34,109,0,1,2864.2,3795.8,931.6,2,2,85.0,0.0,513.6,180.0,152.9,85.0
2026-09-19 23:16:09,mfsweep_shard0,SPT_SRWT,44,4580.34,110,0,1,2890.5,4229.8,1339.3,2,2,82.4,0.0,525.7,153.5,577.7,82.4
2026-09-19 23:16:09,mfsweep_shard0,SPT_SRWT,44,4580.34,111,0,1,2916.8,3884.1,967.3,2,2,62.2,0.0,387.7,422.6,94.7,62.2
2026-09-19 23:16:09,mfsweep_shard0,SPT_SRWT,44,4580.34,112,0,1,2943.1,3843.9,900.8,2,2,70.1,0.0,524.6,160.6,145.5,70.1
2026-09-19 23:16:09,mfsweep_shard0,SPT_SRWT,44,4580.34,113,0,1,2969.3,3772.5,803.2,2,2,59.4,0.1,456.2,244.1,43.3,59.4
2026-09-19 23:16:09,mfsweep_shard0,SPT_SRWT,44,4580.34,114,0,1,2995.6,4508.9,1513.3,2,2,83.7,0.1,606.7,211.2,611.6,83.7
2026-09-19 23:16:09,mfsweep_shard0,SPT_SRWT,44,4580.34,115,0,1,3021.9,4575.5,1553.6,2,2,82.3,0.1,528.8,184.9,695.8,144.1
2026-09-19 23:16:09,mfsweep_shard0,SPT_SRWT,44,4580.34,116,0,1,3048.2,4291.5,1243.3,2,2,63.4,0.1,695.9,290.0,147.7,109.6
2026-09-19 23:16:09,mfsweep_shard0,SPT_SRWT,44,4580.34,117,0,1,3074.5,4016.2,941.8,2,2,74.6,0.0,496.4,190.0,180.8,74.6
2026-09-19 23:16:09,mfsweep_shard0,SPT_SRWT,44,4580.34,118,0,1,3100.7,3906.8,806.1,2,2,73.6,0.0,498.3,225.2,8.9,73.6
2026-09-19 23:16:09,mfsweep_shard0,SPT_SRWT,44,4580.34,119,0,1,3127.0,3902.1,775.1,2,2,58.6,0.0,475.4,188.4,52.8,58.6
2026-09-19 23:16:09,mfsweep_shard0,SPT_SRWT,44,4580.34,120,0,1,3153.3,4011.5,858.2,2,2,78.7,0.0,555.5,165.4,58.6,78.7
2026-09-19 23:16:09,mfsweep_shard0,SPT_SRWT,44,4580.34,121,0,1,3179.6,4348.4,1168.9,2,2,71.3,0.2,680.9,160.1,256.3,71.3
2026-09-19 23:16:09,mfsweep_shard0,SPT_SRWT,44,4580.34,122,0,1,3205.8,4103.5,897.7,2,2,79.2,0.0,383.2,133.6,301.6,79.2
2026-09-19 23:16:09,mfsweep_shard0,SPT_SRWT,44,4580.34,123,0,1,3232.1,3852.5,620.4,2,2,71.0,0.0,310.4,229.6,9.3,71.0
2026-09-19 23:16:09,mfsweep_shard0,SPT_SRWT,44,4580.34,124,0,1,3258.4,4052.2,793.8,2,2,53.6,0.0,520.1,192.2,27.8,53.6
2026-09-19 23:16:09,mfsweep_shard0,SPT_SRWT,44,4580.34,125,0,1,3284.7,4094.3,809.6,2,2,64.2,0.0,422.6,137.6,185.1,64.2
2026-09-19 23:16:09,mfsweep_shard0,SPT_SRWT,44,4580.34,126,0,1,3311.0,3979.0,668.1,2,2,54.2,0.0,404.9,165.2,43.9,54.2
2026-09-19 23:16:09,mfsweep_shard0,SPT_SRWT,44,4580.34,127,0,1,3337.2,4299.0,961.8,2,2,84.2,0.1,319.9,228.4,329.3,84.2
2026-09-19 23:16:09,mfsweep_shard0,SPT_SRWT,44,4580.34,128,0,1,3363.5,4165.2,801.7,2,2,82.5,0.0,285.5,151.6,282.1,82.5
2026-09-19 23:16:09,mfsweep_shard0,SPT_SRWT,44,4580.34,129,0,1,3389.8,4365.0,975.2,2,2,81.0,0.1,404.1,270.2,219.8,81.0
2026-09-19 23:16:09,mfsweep_shard0,SPT_SRWT,44,4580.34,130,0,1,3416.1,4041.2,625.1,2,2,63.7,0.0,249.1,264.0,48.2,63.7
2026-09-19 23:16:09,mfsweep_shard0,SPT_SRWT,44,4580.34,131,0,1,3442.3,4032.6,590.3,2,2,55.5,0.0,247.1,266.8,20.9,55.5
2026-09-19 23:16:09,mfsweep_shard0,SPT_SRWT,44,4580.34,132,0,1,3468.6,3959.9,491.3,2,2,82.5,0.0,209.5,136.7,62.4,82.5
2026-09-19 23:16:09,mfsweep_shard0,SPT_SRWT,44,4580.34,133,0,1,3494.9,4580.3,1085.4,2,2,84.8,0.3,481.5,234.4,284.4,84.8
2026-09-19 23:16:09,mfsweep_shard0,SPT_SRWT,44,4580.34,134,0,1,3521.2,4021.0,499.8,2,2,56.4,0.0,300.1,127.8,15.6,56.4
2026-09-19 23:16:09,mfsweep_shard0,SPT_SRWT,44,4580.34,135,0,1,3547.5,3988.2,440.7,2,2,69.6,0.0,252.6,117.9,0.6,69.6
2026-09-19 23:16:09,mfsweep_shard0,SPT_SRWT,44,4580.34,136,0,1,3573.7,4006.9,433.2,2,2,55.8,0.0,238.7,138.4,0.3,55.8
2026-09-19 23:19:54,mfsweep_shard0,SPT_SRWT,45,4145.74,0,0,1,0.0,216.0,216.0,2,2,74.6,0.0,63.6,77.7,0.0,74.6
2026-09-19 23:19:54,mfsweep_shard0,SPT_SRWT,45,4145.74,1,0,1,26.3,211.4,185.2,2,2,54.4,0.0,60.7,70.0,0.0,54.4
2026-09-19 23:19:54,mfsweep_shard0,SPT_SRWT,45,4145.74,2,0,1,52.6,282.5,230.0,2,2,62.6,0.0,66.8,89.2,11.3,62.6
2026-09-19 23:19:54,mfsweep_shard0,SPT_SRWT,45,4145.74,3,0,1,78.8,291.3,212.4,2,2,60.9,0.0,66.6,84.9,0.0,60.9
2026-09-19 23:19:54,mfsweep_shard0,SPT_SRWT,45,4145.74,4,0,1,105.1,353.8,248.7,2,2,77.8,0.0,87.9,83.0,0.0,77.8
2026-09-19 23:19:54,mfsweep_shard0,SPT_SRWT,45,4145.74,5,0,1,131.4,375.7,244.3,2,2,75.9,0.0,77.8,90.6,0.0,75.9
2026-09-19 23:19:54,mfsweep_shard0,SPT_SRWT,45,4145.74,6,0,1,157.7,538.8,381.1,2,2,83.0,0.0,126.1,131.1,15.7,108.2
2026-09-19 23:19:54,mfsweep_shard0,SPT_SRWT,45,4145.74,7,0,1,183.9,397.8,213.9,2,2,56.4,0.0,77.4,80.0,0.0,56.4
2026-09-19 23:19:54,mfsweep_shard0,SPT_SRWT,45,4145.74,8,0,1,210.2,490.9,280.7,2,2,67.5,0.0,104.8,96.9,11.5,67.5
2026-09-19 23:19:54,mfsweep_shard0,SPT_SRWT,45,4145.74,9,0,1,236.5,613.6,377.1,2,2,54.5,0.0,119.7,201.7,0.0,55.6
2026-09-19 23:19:54,mfsweep_shard0,SPT_SRWT,45,4145.74,10,0,1,262.8,636.8,374.1,2,2,60.8,0.0,114.5,141.1,57.7,60.8
2026-09-19 23:19:54,mfsweep_shard0,SPT_SRWT,45,4145.74,11,0,1,289.1,556.1,267.0,2,2,70.2,0.0,91.7,105.1,0.0,70.2
2026-09-19 23:19:54,mfsweep_shard0,SPT_SRWT,45,4145.74,12,0,1,315.3,690.9,375.6,2,2,54.4,0.0,106.4,169.9,44.9,54.4
2026-09-19 23:19:54,mfsweep_shard0,SPT_SRWT,45,4145.74,13,0,1,341.6,654.7,313.0,2,2,60.1,0.0,96.1,119.9,37.0,60.1
2026-09-19 23:19:54,mfsweep_shard0,SPT_SRWT,45,4145.74,14,0,1,367.9,716.5,348.6,2,2,75.0,0.0,129.6,136.5,7.4,75.0
2026-09-19 23:19:54,mfsweep_shard0,SPT_SRWT,45,4145.74,15,0,1,394.2,721.2,327.0,2,2,71.5,0.0,123.0,132.5,0.0,71.5
2026-09-19 23:19:54,mfsweep_shard0,SPT_SRWT,45,4145.74,16,0,1,420.4,660.9,240.4,2,2,60.8,0.0,88.2,91.3,0.0,60.8
2026-09-19 23:19:54,mfsweep_shard0,SPT_SRWT,45,4145.74,17,0,1,446.7,726.0,279.2,2,2,73.0,0.0,99.3,106.9,0.0,73.0
2026-09-19 23:19:54,mfsweep_shard0,SPT_SRWT,45,4145.74,18,0,1,473.0,817.5,344.5,2,2,80.3,0.0,109.6,154.6,0.0,80.3
2026-09-19 23:19:54,mfsweep_shard0,SPT_SRWT,45,4145.74,19,0,1,499.3,762.3,263.1,2,2,53.8,0.0,63.9,128.7,16.7,53.8
2026-09-19 23:19:54,mfsweep_shard0,SPT_SRWT,45,4145.74,20,0,1,525.6,844.4,318.8,2,2,80.1,0.0,126.3,112.3,0.0,80.1
2026-09-19 23:19:54,mfsweep_shard0,SPT_SRWT,45,4145.74,21,0,1,551.8,884.3,332.4,2,2,76.6,0.0,100.7,155.1,0.0,76.6
2026-09-19 23:19:54,mfsweep_shard0,SPT_SRWT,45,4145.74,22,0,1,578.1,912.2,334.1,2,2,64.8,0.0,108.8,160.5,0.0,64.8
2026-09-19 23:19:54,mfsweep_shard0,SPT_SRWT,45,4145.74,23,0,1,604.4,861.8,257.4,2,2,58.7,0.0,104.1,94.6,0.0,58.7
2026-09-19 23:19:54,mfsweep_shard0,SPT_SRWT,45,4145.74,24,0,1,630.7,956.0,325.4,2,2,85.1,0.0,132.0,108.2,0.0,85.1
2026-09-19 23:19:54,mfsweep_shard0,SPT_SRWT,45,4145.74,25,0,1,656.9,992.0,335.1,2,2,64.7,0.0,62.4,208.0,0.0,64.7
2026-09-19 23:19:54,mfsweep_shard0,SPT_SRWT,45,4145.74,26,0,1,683.2,960.7,277.5,2,2,56.6,0.0,84.8,120.6,15.5,56.6
2026-09-19 23:19:54,mfsweep_shard0,SPT_SRWT,45,4145.74,27,0,1,709.5,1001.6,292.1,2,2,56.7,0.0,109.5,85.8,40.1,56.7
2026-09-19 23:19:54,mfsweep_shard0,SPT_SRWT,45,4145.74,28,0,1,735.8,1715.9,980.1,2,2,81.5,0.0,276.5,180.1,380.5,142.9
2026-09-19 23:19:54,mfsweep_shard0,SPT_SRWT,45,4145.74,29,0,1,762.0,1169.1,407.1,2,2,73.5,0.0,165.9,164.8,2.9,73.5
2026-09-19 23:19:54,mfsweep_shard0,SPT_SRWT,45,4145.74,30,0,1,788.3,1038.4,250.1,2,2,80.2,0.0,82.7,87.2,0.0,80.2
2026-09-19 23:19:54,mfsweep_shard0,SPT_SRWT,45,4145.74,31,0,1,814.6,1502.2,687.6,2,2,77.6,0.1,307.1,90.6,187.6,102.1
2026-09-19 23:19:54,mfsweep_shard0,SPT_SRWT,45,4145.74,32,0,1,840.9,1254.3,413.4,2,2,71.2,0.1,219.5,119.9,2.7,71.2
2026-09-19 23:19:54,mfsweep_shard0,SPT_SRWT,45,4145.74,33,0,1,867.2,1764.7,897.5,2,2,85.7,0.0,172.0,165.2,474.6,85.7
2026-09-19 23:19:54,mfsweep_shard0,SPT_SRWT,45,4145.74,34,0,1,893.4,1222.0,328.6,2,2,66.0,0.0,158.3,104.3,0.0,66.0
2026-09-19 23:19:54,mfsweep_shard0,SPT_SRWT,45,4145.74,35,0,1,919.7,1266.7,347.0,2,2,71.8,0.0,123.5,140.4,11.4,71.8
2026-09-19 23:19:54,mfsweep_shard0,SPT_SRWT,45,4145.74,36,0,1,946.0,1598.2,652.2,2,2,80.9,0.0,153.5,113.6,304.1,80.9
2026-09-19 23:19:54,mfsweep_shard0,SPT_SRWT,45,4145.74,37,0,1,972.3,1328.2,355.9,2,2,74.0,0.0,135.7,103.2,43.0,74.0
2026-09-19 23:19:54,mfsweep_shard0,SPT_SRWT,45,4145.74,38,0,1,998.5,1756.2,757.6,2,2,82.0,0.0,157.3,210.2,308.1,82.0
2026-09-19 23:19:54,mfsweep_shard0,SPT_SRWT,45,4145.74,39,0,1,1024.8,1385.1,360.3,2,2,72.6,0.1,154.6,107.4,25.6,72.6
2026-09-19 23:19:54,mfsweep_shard0,SPT_SRWT,45,4145.74,40,0,1,1051.1,1497.5,446.4,2,2,76.8,0.0,160.9,94.6,114.0,76.8
2026-09-19 23:19:54,mfsweep_shard0,SPT_SRWT,45,4145.74,41,0,1,1077.4,1376.0,298.7,2,2,55.1,0.0,143.2,100.3,0.0,55.1
2026-09-19 23:19:54,mfsweep_shard0,SPT_SRWT,45,4145.74,42,0,1,1103.7,1428.1,324.5,2,2,61.1,0.0,140.8,122.6,0.0,61.1
2026-09-19 23:19:54,mfsweep_shard0,SPT_SRWT,45,4145.74,43,0,1,1129.9,1463.2,333.2,2,2,63.1,0.0,124.3,105.3,40.5,63.1
2026-09-19 23:19:54,mfsweep_shard0,SPT_SRWT,45,4145.74,44,0,1,1156.2,1419.0,262.8,2,2,56.2,0.0,97.6,97.0,12.0,56.2
2026-09-19 23:19:54,mfsweep_shard0,SPT_SRWT,45,4145.74,45,0,1,1182.5,1625.5,443.0,2,2,61.2,0.0,217.1,135.3,29.3,61.2
2026-09-19 23:19:54,mfsweep_shard0,SPT_SRWT,45,4145.74,46,0,1,1208.8,1522.3,313.6,2,2,56.9,0.0,126.8,121.8,8.0,56.9
2026-09-19 23:19:54,mfsweep_shard0,SPT_SRWT,45,4145.74,47,0,1,1235.0,1562.3,327.2,2,2,62.7,0.0,148.1,116.4,0.0,62.7
2026-09-19 23:19:54,mfsweep_shard0,SPT_SRWT,45,4145.74,48,0,1,1261.3,1645.9,384.6,2,2,74.5,0.0,107.9,201.2,0.9,74.5
2026-09-19 23:19:54,mfsweep_shard0,SPT_SRWT,45,4145.74,49,0,1,1287.6,1543.7,256.1,2,2,65.6,0.0,71.1,119.4,0.0,65.6
2026-09-19 23:19:54,mfsweep_shard0,SPT_SRWT,45,4145.74,50,0,1,1313.9,1593.7,279.8,2,2,65.8,0.0,94.6,89.5,30.0,65.8
2026-09-19 23:19:54,mfsweep_shard0,SPT_SRWT,45,4145.74,51,0,1,1340.2,1958.4,618.3,2,2,60.5,0.0,307.7,171.8,52.6,86.2
2026-09-19 23:19:54,mfsweep_shard0,SPT_SRWT,45,4145.74,52,0,1,1366.4,1855.9,489.5,2,2,62.4,0.0,274.6,152.5,0.0,62.4
2026-09-19 23:19:54,mfsweep_shard0,SPT_SRWT,45,4145.74,53,0,1,1392.7,2139.2,746.5,2,2,84.5,0.0,284.5,305.2,72.3,84.5
2026-09-19 23:19:54,mfsweep_shard0,SPT_SRWT,45,4145.74,54,0,1,1419.0,2051.5,632.5,2,2,74.9,0.1,423.8,114.1,19.5,74.9
2026-09-19 23:19:54,mfsweep_shard0,SPT_SRWT,45,4145.74,55,0,1,1445.3,1869.3,424.0,2,2,73.6,0.1,203.0,147.3,0.0,73.6
2026-09-19 23:19:54,mfsweep_shard0,SPT_SRWT,45,4145.74,56,0,1,1471.5,1846.2,374.6,2,2,59.2,0.0,173.4,113.5,28.5,59.2
2026-09-19 23:19:54,mfsweep_shard0,SPT_SRWT,45,4145.74,57,0,1,1497.8,1949.1,451.3,2,2,77.6,0.0,183.7,118.6,71.5,77.6
2026-09-19 23:19:54,mfsweep_shard0,SPT_SRWT,45,4145.74,58,0,1,1524.1,2300.8,776.7,2,2,58.9,0.0,292.4,382.1,43.3,58.9
2026-09-19 23:19:54,mfsweep_shard0,SPT_SRWT,45,4145.74,59,0,1,1550.4,2042.3,491.9,2,2,66.1,0.0,253.7,162.2,9.9,66.1
2026-09-19 23:19:54,mfsweep_shard0,SPT_SRWT,45,4145.74,60,0,1,1576.6,1963.3,386.7,2,2,86.2,0.0,197.4,103.0,0.0,86.2
2026-09-19 23:19:54,mfsweep_shard0,SPT_SRWT,45,4145.74,61,0,1,1602.9,2023.3,420.3,2,2,74.7,0.0,181.4,150.2,14.1,74.7
2026-09-19 23:19:54,mfsweep_shard0,SPT_SRWT,45,4145.74,62,0,1,1629.2,1969.3,340.1,2,2,71.9,0.0,149.2,118.9,0.0,71.9
2026-09-19 23:19:54,mfsweep_shard0,SPT_SRWT,45,4145.74,63,0,1,1655.5,2060.0,404.5,2,2,76.1,0.0,192.4,136.0,0.0,76.1
2026-09-19 23:19:54,mfsweep_shard0,SPT_SRWT,45,4145.74,64,0,1,1681.8,2169.6,487.8,2,2,81.4,0.0,238.1,168.4,0.0,81.4
2026-09-19 23:19:54,mfsweep_shard0,SPT_SRWT,45,4145.74,65,0,1,1708.0,2075.6,367.5,2,2,79.2,0.0,171.5,116.8,0.0,79.2
2026-09-19 23:19:54,mfsweep_shard0,SPT_SRWT,45,4145.74,66,0,1,1734.3,2827.7,1093.4,2,2,61.1,0.0,387.6,605.0,0.8,99.9
2026-09-19 23:19:54,mfsweep_shard0,SPT_SRWT,45,4145.74,67,0,1,1760.6,2434.1,673.6,2,2,54.6,0.0,454.5,164.5,0.0,54.6
2026-09-19 23:19:54,mfsweep_shard0,SPT_SRWT,45,4145.74,68,0,1,1786.9,2183.0,396.1,2,2,64.0,0.0,169.2,160.4,2.5,64.0
2026-09-19 23:19:54,mfsweep_shard0,SPT_SRWT,45,4145.74,69,0,1,1813.1,2348.8,535.6,2,2,62.4,0.0,257.5,210.9,4.9,62.4
2026-09-19 23:19:54,mfsweep_shard0,SPT_SRWT,45,4145.74,70,0,1,1839.4,2196.7,357.3,2,2,60.5,0.0,163.3,133.4,0.0,60.5
2026-09-19 23:19:54,mfsweep_shard0,SPT_SRWT,45,4145.74,71,0,1,1865.7,2375.9,510.2,2,2,84.7,0.0,284.0,141.4,0.0,84.7
2026-09-19 23:19:54,mfsweep_shard0,SPT_SRWT,45,4145.74,72,0,1,1892.0,2317.5,425.5,2,2,82.5,0.0,201.7,141.3,0.0,82.5
2026-09-19 23:19:54,mfsweep_shard0,SPT_SRWT,45,4145.74,73,0,1,1918.3,2529.1,610.8,2,2,63.9,0.0,265.6,234.5,46.7,63.9
2026-09-19 23:19:54,mfsweep_shard0,SPT_SRWT,45,4145.74,74,0,1,1944.5,2416.1,471.6,2,2,75.2,0.0,203.0,175.6,17.8,75.2
2026-09-19 23:19:54,mfsweep_shard0,SPT_SRWT,45,4145.74,75,0,1,1970.8,2997.5,1026.7,2,2,66.6,0.1,534.4,385.0,40.6,66.6
2026-09-19 23:19:54,mfsweep_shard0,SPT_SRWT,45,4145.74,76,0,1,1997.1,2895.3,898.2,2,2,83.7,0.0,332.7,189.7,292.1,83.7
2026-09-19 23:19:54,mfsweep_shard0,SPT_SRWT,45,4145.74,77,0,1,2023.4,2854.8,831.5,2,2,68.7,0.0,259.0,324.5,179.3,68.7
2026-09-19 23:19:54,mfsweep_shard0,SPT_SRWT,45,4145.74,78,0,1,2049.6,2832.4,782.7,2,2,62.3,0.0,171.3,503.7,45.4,62.3
2026-09-19 23:19:54,mfsweep_shard0,SPT_SRWT,45,4145.74,79,0,1,2075.9,2984.2,908.2,2,2,61.7,0.1,471.4,374.7,0.3,61.7
2026-09-19 23:19:54,mfsweep_shard0,SPT_SRWT,45,4145.74,80,0,1,2102.2,3142.8,1040.6,2,2,72.1,0.0,696.5,253.4,18.6,72.1
2026-09-19 23:19:54,mfsweep_shard0,SPT_SRWT,45,4145.74,81,0,1,2128.5,2900.1,771.6,2,2,62.2,0.0,340.3,369.1,0.0,62.2
2026-09-19 23:19:54,mfsweep_shard0,SPT_SRWT,45,4145.74,82,0,1,2154.7,2954.6,799.9,2,2,72.8,0.0,341.9,248.9,136.1,72.8
2026-09-19 23:19:54,mfsweep_shard0,SPT_SRWT,45,4145.74,83,0,1,2181.0,3091.6,910.5,2,2,83.2,0.0,456.3,371.0,0.0,83.2
2026-09-19 23:19:54,mfsweep_shard0,SPT_SRWT,45,4145.74,84,0,1,2207.3,2975.5,768.2,2,2,66.7,0.1,535.2,166.3,0.0,66.7
2026-09-19 23:19:54,mfsweep_shard0,SPT_SRWT,45,4145.74,85,0,1,2233.6,2738.1,504.5,2,2,60.8,0.0,168.5,275.2,0.0,60.8
2026-09-19 23:19:54,mfsweep_shard0,SPT_SRWT,45,4145.74,86,0,1,2259.9,2806.9,547.1,2,2,86.5,0.0,254.4,196.7,9.6,86.5
2026-09-19 23:19:54,mfsweep_shard0,SPT_SRWT,45,4145.74,87,0,1,2286.1,2872.0,585.8,2,2,70.4,0.0,333.6,170.0,11.8,70.4
2026-09-19 23:19:54,mfsweep_shard0,SPT_SRWT,45,4145.74,88,0,1,2312.4,3032.2,719.8,2,2,56.5,0.0,481.3,182.0,0.0,56.5
2026-09-19 23:19:54,mfsweep_shard0,SPT_SRWT,45,4145.74,89,0,1,2338.7,3051.5,712.8,2,2,55.1,0.0,305.3,345.6,6.8,55.1
2026-09-19 23:19:54,mfsweep_shard0,SPT_SRWT,45,4145.74,90,0,1,2365.0,3046.8,681.9,2,2,57.2,0.0,446.7,177.9,0.0,57.2
2026-09-19 23:19:54,mfsweep_shard0,SPT_SRWT,45,4145.74,91,0,1,2391.2,3246.3,855.1,2,2,74.3,0.0,332.3,448.4,0.0,74.3
2026-09-19 23:19:54,mfsweep_shard0,SPT_SRWT,45,4145.74,92,0,1,2417.5,3037.1,619.6,2,2,79.7,0.0,163.8,376.0,0.0,79.7
2026-09-19 23:19:54,mfsweep_shard0,SPT_SRWT,45,4145.74,93,0,1,2443.8,3191.1,747.3,2,2,67.5,0.0,262.1,417.7,0.0,67.5
2026-09-19 23:19:54,mfsweep_shard0,SPT_SRWT,45,4145.74,94,0,1,2470.1,3441.9,971.8,2,2,55.6,0.0,338.1,576.3,1.8,55.6
2026-09-19 23:19:54,mfsweep_shard0,SPT_SRWT,45,4145.74,95,0,1,2496.4,3079.7,583.3,2,2,66.1,0.0,173.1,332.9,11.2,66.1
2026-09-19 23:19:54,mfsweep_shard0,SPT_SRWT,45,4145.74,96,0,1,2522.6,3887.9,1365.3,2,2,86.4,0.0,390.8,517.5,353.6,103.4
2026-09-19 23:19:54,mfsweep_shard0,SPT_SRWT,45,4145.74,97,0,1,2548.9,3321.4,772.5,2,2,71.0,0.0,350.2,342.0,9.2,71.0
2026-09-19 23:19:54,mfsweep_shard0,SPT_SRWT,45,4145.74,98,0,1,2575.2,3285.1,709.9,2,2,85.6,0.0,405.2,219.1,0.0,85.6
2026-09-19 23:19:54,mfsweep_shard0,SPT_SRWT,45,4145.74,99,0,1,2601.5,3173.0,571.5,2,2,82.0,0.0,322.2,167.3,0.0,82.0
2026-09-19 23:19:54,mfsweep_shard0,SPT_SRWT,45,4145.74,100,0,1,2627.7,3410.2,782.5,2,2,53.9,0.0,510.5,215.2,2.8,53.9
2026-09-19 23:19:54,mfsweep_shard0,SPT_SRWT,45,4145.74,101,0,1,2654.0,3545.2,891.2,2,2,77.3,0.0,406.8,181.8,225.3,77.3
2026-09-19 23:19:54,mfsweep_shard0,SPT_SRWT,45,4145.74,102,0,1,2680.3,3522.7,842.4,2,2,76.0,0.0,469.5,213.2,83.7,76.0
2026-09-19 23:19:54,mfsweep_shard0,SPT_SRWT,45,4145.74,103,0,1,2706.6,3326.1,619.6,2,2,71.3,0.0,291.6,177.8,78.8,71.3
2026-09-19 23:19:54,mfsweep_shard0,SPT_SRWT,45,4145.74,104,0,1,2732.9,3251.0,518.1,2,2,62.4,0.0,237.2,168.6,50.0,62.4
2026-09-19 23:19:54,mfsweep_shard0,SPT_SRWT,45,4145.74,105,0,1,2759.1,3330.7,571.6,2,2,74.7,0.0,213.0,226.1,57.7,74.7
2026-09-19 23:19:54,mfsweep_shard0,SPT_SRWT,45,4145.74,106,0,1,2785.4,3437.1,651.7,2,2,57.2,0.0,252.2,340.3,1.9,57.2
2026-09-19 23:19:54,mfsweep_shard0,SPT_SRWT,45,4145.74,107,0,1,2811.7,3513.3,701.6,2,2,67.9,0.0,376.4,207.2,50.1,67.9
2026-09-19 23:19:54,mfsweep_shard0,SPT_SRWT,45,4145.74,108,0,1,2838.0,3557.9,720.0,2,2,68.5,0.0,287.0,201.7,162.8,68.5
2026-09-19 23:19:54,mfsweep_shard0,SPT_SRWT,45,4145.74,109,0,1,2864.2,3769.6,905.4,2,2,85.0,0.0,196.6,132.2,491.5,85.0
2026-09-19 23:19:54,mfsweep_shard0,SPT_SRWT,45,4145.74,110,0,1,2890.5,3578.7,688.2,2,2,82.4,0.0,289.5,269.3,47.0,82.4
2026-09-19 23:19:54,mfsweep_shard0,SPT_SRWT,45,4145.74,111,0,1,2916.8,3404.4,487.6,2,2,62.2,0.0,209.3,155.3,60.7,62.2
2026-09-19 23:19:54,mfsweep_shard0,SPT_SRWT,45,4145.74,112,0,1,2943.1,3337.9,394.8,2,2,70.1,0.0,114.1,189.0,21.6,70.1
2026-09-19 23:19:54,mfsweep_shard0,SPT_SRWT,45,4145.74,113,0,1,2969.3,3583.4,614.1,2,2,59.4,0.0,206.4,256.8,91.4,59.4
2026-09-19 23:19:54,mfsweep_shard0,SPT_SRWT,45,4145.74,114,0,1,2995.6,3656.0,660.4,2,2,83.7,0.0,123.6,160.5,292.6,83.7
2026-09-19 23:19:54,mfsweep_shard0,SPT_SRWT,45,4145.74,115,0,1,3021.9,3550.0,528.1,2,2,82.3,0.0,84.9,181.7,179.1,82.3
2026-09-19 23:19:54,mfsweep_shard0,SPT_SRWT,45,4145.74,116,0,1,3048.2,3660.5,612.3,2,2,63.4,0.0,318.7,213.3,16.8,63.4
2026-09-19 23:19:54,mfsweep_shard0,SPT_SRWT,45,4145.74,117,0,1,3074.5,3642.1,567.6,2,2,74.6,0.0,258.2,180.3,54.5,74.6
2026-09-19 23:19:54,mfsweep_shard0,SPT_SRWT,45,4145.74,118,0,1,3100.7,3562.8,462.1,2,2,73.6,0.0,102.6,220.8,65.0,73.6
2026-09-19 23:19:54,mfsweep_shard0,SPT_SRWT,45,4145.74,119,0,1,3127.0,3618.8,491.8,2,2,58.6,0.0,144.4,255.9,32.9,58.6
2026-09-19 23:19:54,mfsweep_shard0,SPT_SRWT,45,4145.74,120,0,1,3153.3,3678.6,525.3,2,2,78.7,0.0,101.8,302.7,42.0,78.7
2026-09-19 23:19:54,mfsweep_shard0,SPT_SRWT,45,4145.74,121,0,1,3179.6,3646.5,466.9,2,2,71.3,0.0,121.9,262.8,10.9,71.3
2026-09-19 23:19:54,mfsweep_shard0,SPT_SRWT,45,4145.74,122,0,1,3205.8,3738.5,532.7,2,2,79.2,0.0,89.4,228.4,135.5,79.2
2026-09-19 23:19:54,mfsweep_shard0,SPT_SRWT,45,4145.74,123,0,1,3232.1,3991.4,759.3,2,2,71.0,0.0,358.2,198.7,116.7,85.5
2026-09-19 23:19:54,mfsweep_shard0,SPT_SRWT,45,4145.74,124,0,1,3258.4,3683.3,424.9,2,2,53.6,0.0,38.5,285.2,47.6,53.6
2026-09-19 23:19:54,mfsweep_shard0,SPT_SRWT,45,4145.74,125,0,1,3284.7,3706.3,421.6,2,2,64.2,0.0,87.8,260.4,9.1,64.2
2026-09-19 23:19:54,mfsweep_shard0,SPT_SRWT,45,4145.74,126,0,1,3311.0,3915.2,604.3,2,2,54.2,0.0,211.6,265.9,72.5,54.2
2026-09-19 23:19:54,mfsweep_shard0,SPT_SRWT,45,4145.74,127,0,1,3337.2,3868.6,531.3,2,2,84.2,0.0,128.6,248.8,69.7,84.2
2026-09-19 23:19:54,mfsweep_shard0,SPT_SRWT,45,4145.74,128,0,1,3363.5,4120.2,756.7,2,2,82.5,0.1,175.4,288.1,199.6,93.6
2026-09-19 23:19:54,mfsweep_shard0,SPT_SRWT,45,4145.74,129,0,1,3389.8,4077.1,687.4,2,2,81.0,0.1,156.2,179.0,228.5,123.6
2026-09-19 23:19:54,mfsweep_shard0,SPT_SRWT,45,4145.74,130,0,1,3416.1,3931.3,515.3,2,2,63.7,0.1,102.5,298.3,50.8,63.7
2026-09-19 23:19:54,mfsweep_shard0,SPT_SRWT,45,4145.74,131,0,1,3442.3,3819.2,376.8,2,2,55.5,0.0,88.4,208.9,24.0,55.5
2026-09-19 23:19:54,mfsweep_shard0,SPT_SRWT,45,4145.74,132,0,1,3468.6,3883.2,414.6,2,2,82.5,0.0,77.7,254.3,0.0,82.5
2026-09-19 23:19:54,mfsweep_shard0,SPT_SRWT,45,4145.74,133,0,1,3494.9,4145.7,650.8,2,2,84.8,0.0,88.4,268.5,209.2,84.8
2026-09-19 23:19:54,mfsweep_shard0,SPT_SRWT,45,4145.74,134,0,1,3521.2,3958.7,437.5,2,2,56.4,0.0,123.7,155.5,101.9,56.4
2026-09-19 23:19:54,mfsweep_shard0,SPT_SRWT,45,4145.74,135,0,1,3547.5,4010.5,463.1,2,2,69.6,0.0,128.0,156.8,108.6,69.6
2026-09-19 23:19:54,mfsweep_shard0,SPT_SRWT,45,4145.74,136,0,1,3573.7,3896.4,322.7,2,2,55.8,0.0,94.0,172.9,0.0,55.8
2026-09-19 23:23:40,mfsweep_shard0,SPT_SRWT,46,4091.34,0,0,1,0.0,216.0,216.0,2,2,74.6,0.0,63.6,77.7,0.0,74.6
2026-09-19 23:23:40,mfsweep_shard0,SPT_SRWT,46,4091.34,1,0,1,26.3,211.4,185.2,2,2,54.4,0.0,60.7,70.0,0.0,54.4
2026-09-19 23:23:40,mfsweep_shard0,SPT_SRWT,46,4091.34,2,0,1,52.6,269.8,217.2,2,2,62.6,0.0,66.8,76.5,11.3,62.6
2026-09-19 23:23:40,mfsweep_shard0,SPT_SRWT,46,4091.34,3,0,1,78.8,291.3,212.4,2,2,60.9,0.0,66.6,84.9,0.0,60.9
2026-09-19 23:23:40,mfsweep_shard0,SPT_SRWT,46,4091.34,4,0,1,105.1,339.8,234.7,2,2,77.8,0.0,80.1,76.7,0.0,77.8
2026-09-19 23:23:40,mfsweep_shard0,SPT_SRWT,46,4091.34,5,0,1,131.4,371.6,240.2,2,2,75.9,0.0,77.3,87.0,0.0,75.9
2026-09-19 23:23:40,mfsweep_shard0,SPT_SRWT,46,4091.34,6,0,1,157.7,554.1,396.5,2,2,83.0,0.0,122.2,149.5,15.7,109.0
2026-09-19 23:23:40,mfsweep_shard0,SPT_SRWT,46,4091.34,7,0,1,183.9,444.4,260.5,2,2,56.4,0.0,109.0,95.1,0.0,56.4
2026-09-19 23:23:40,mfsweep_shard0,SPT_SRWT,46,4091.34,8,0,1,210.2,648.0,437.8,2,2,67.5,0.0,109.3,150.1,102.8,75.5
2026-09-19 23:23:40,mfsweep_shard0,SPT_SRWT,46,4091.34,9,0,1,236.5,614.8,378.3,2,2,54.5,0.1,176.2,121.3,26.2,54.5
2026-09-19 23:23:40,mfsweep_shard0,SPT_SRWT,46,4091.34,10,0,1,262.8,567.9,305.1,2,2,60.8,0.0,72.9,135.1,36.4,60.8
2026-09-19 23:23:40,mfsweep_shard0,SPT_SRWT,46,4091.34,11,0,1,289.1,720.8,431.7,2,2,70.2,0.0,101.5,91.2,168.8,70.2
2026-09-19 23:23:40,mfsweep_shard0,SPT_SRWT,46,4091.34,12,0,1,315.3,558.9,243.5,2,2,54.4,0.0,81.4,107.7,0.0,54.4
2026-09-19 23:23:40,mfsweep_shard0,SPT_SRWT,46,4091.34,13,0,1,341.6,620.2,278.6,2,2,60.1,0.0,84.1,134.3,0.0,60.1
2026-09-19 23:23:40,mfsweep_shard0,SPT_SRWT,46,4091.34,14,0,1,367.9,675.4,307.5,2,2,75.0,0.0,118.3,114.1,0.0,75.0
2026-09-19 23:23:40,mfsweep_shard0,SPT_SRWT,46,4091.34,15,0,1,394.2,666.2,272.0,2,2,71.5,0.0,91.5,93.4,15.5,71.5
2026-09-19 23:23:40,mfsweep_shard0,SPT_SRWT,46,4091.34,16,0,1,420.4,698.8,278.4,2,2,60.8,0.0,68.1,106.7,42.7,60.8
2026-09-19 23:23:40,mfsweep_shard0,SPT_SRWT,46,4091.34,17,0,1,446.7,743.8,297.0,2,2,73.0,0.0,118.2,105.8,0.0,73.0
2026-09-19 23:23:40,mfsweep_shard0,SPT_SRWT,46,4091.34,18,0,1,473.0,792.9,319.9,2,2,80.3,0.0,47.5,192.1,0.0,80.3
2026-09-19 23:23:40,mfsweep_shard0,SPT_SRWT,46,4091.34,19,0,1,499.3,766.3,267.0,2,2,53.8,0.0,97.2,116.0,0.0,53.8
2026-09-19 23:23:40,mfsweep_shard0,SPT_SRWT,46,4091.34,20,0,1,525.6,805.3,279.7,2,2,80.1,0.0,80.3,111.0,8.2,80.1
2026-09-19 23:23:40,mfsweep_shard0,SPT_SRWT,46,4091.34,21,0,1,551.8,888.7,336.9,2,2,76.6,0.0,123.2,137.1,0.0,76.6
2026-09-19 23:23:40,mfsweep_shard0,SPT_SRWT,46,4091.34,22,0,1,578.1,901.8,323.7,2,2,64.8,0.0,105.5,153.4,0.0,64.8
2026-09-19 23:23:40,mfsweep_shard0,SPT_SRWT,46,4091.34,23,0,1,604.4,884.0,279.6,2,2,58.7,0.0,117.2,103.7,0.0,58.7
2026-09-19 23:23:40,mfsweep_shard0,SPT_SRWT,46,4091.34,24,0,1,630.7,970.2,339.5,2,2,85.1,0.0,119.5,107.6,27.2,85.1
2026-09-19 23:23:40,mfsweep_shard0,SPT_SRWT,46,4091.34,25,0,1,656.9,1037.0,380.0,2,2,64.7,0.0,146.8,158.1,10.5,64.7
2026-09-19 23:23:40,mfsweep_shard0,SPT_SRWT,46,4091.34,26,0,1,683.2,946.6,263.3,2,2,56.6,0.0,119.3,87.4,0.0,56.6
2026-09-19 23:23:40,mfsweep_shard0,SPT_SRWT,46,4091.34,27,0,1,709.5,1045.8,336.3,2,2,56.7,0.0,106.1,173.4,0.0,56.7
2026-09-19 23:23:40,mfsweep_shard0,SPT_SRWT,46,4091.34,28,0,1,735.8,1060.0,324.3,2,2,81.5,0.0,143.3,99.4,0.0,81.5
2026-09-19 23:23:40,mfsweep_shard0,SPT_SRWT,46,4091.34,29,0,1,762.0,1050.5,288.4,2,2,73.5,0.0,83.0,94.9,37.1,73.5
2026-09-19 23:23:40,mfsweep_shard0,SPT_SRWT,46,4091.34,30,0,1,788.3,1168.5,380.2,2,2,80.2,0.0,144.9,118.5,36.6,80.2
2026-09-19 23:23:40,mfsweep_shard0,SPT_SRWT,46,4091.34,31,0,1,814.6,1151.9,337.3,2,2,77.6,0.0,106.2,115.7,37.7,77.6
2026-09-19 23:23:40,mfsweep_shard0,SPT_SRWT,46,4091.34,32,0,1,840.9,1209.2,368.4,2,2,71.2,0.0,117.8,140.8,38.4,71.2
2026-09-19 23:23:40,mfsweep_shard0,SPT_SRWT,46,4091.34,33,0,1,867.2,1218.7,351.6,2,2,85.7,0.0,119.7,146.2,0.0,85.7
2026-09-19 23:23:40,mfsweep_shard0,SPT_SRWT,46,4091.34,34,0,1,893.4,1147.5,254.1,2,2,66.0,0.0,93.2,94.9,0.0,66.0
2026-09-19 23:23:40,mfsweep_shard0,SPT_SRWT,46,4091.34,35,0,1,919.7,1271.7,351.9,2,2,71.8,0.0,167.4,108.5,4.2,71.8
2026-09-19 23:23:40,mfsweep_shard0,SPT_SRWT,46,4091.34,36,0,1,946.0,1295.7,349.7,2,2,80.9,0.0,134.0,112.7,22.0,80.9
2026-09-19 23:23:40,mfsweep_shard0,SPT_SRWT,46,4091.34,37,0,1,972.3,1300.5,328.3,2,2,74.0,0.0,148.4,105.9,0.0,74.0
2026-09-19 23:23:40,mfsweep_shard0,SPT_SRWT,46,4091.34,38,0,1,998.5,1392.8,394.3,2,2,82.0,0.0,164.7,147.6,0.0,82.0
2026-09-19 23:23:40,mfsweep_shard0,SPT_SRWT,46,4091.34,39,0,1,1024.8,1351.9,327.1,2,2,72.6,0.0,104.0,118.9,31.6,72.6
2026-09-19 23:23:40,mfsweep_shard0,SPT_SRWT,46,4091.34,40,0,1,1051.1,1401.4,350.3,2,2,76.8,0.0,121.2,142.0,10.4,76.8
2026-09-19 23:23:40,mfsweep_shard0,SPT_SRWT,46,4091.34,41,0,1,1077.4,1444.6,367.2,2,2,55.1,0.0,135.2,128.2,48.8,55.1
2026-09-19 23:23:40,mfsweep_shard0,SPT_SRWT,46,4091.34,42,0,1,1103.7,1406.1,302.5,2,2,61.1,0.0,121.2,111.9,8.4,61.1
2026-09-19 23:23:40,mfsweep_shard0,SPT_SRWT,46,4091.34,43,0,1,1129.9,1489.1,359.1,2,2,63.1,0.0,98.4,185.2,12.4,63.1
2026-09-19 23:23:40,mfsweep_shard0,SPT_SRWT,46,4091.34,44,0,1,1156.2,1470.8,314.6,2,2,56.2,0.0,118.7,139.7,0.0,56.2
2026-09-19 23:23:40,mfsweep_shard0,SPT_SRWT,46,4091.34,45,0,1,1182.5,1493.8,311.4,2,2,61.2,0.0,131.9,118.2,0.0,61.2
2026-09-19 23:23:40,mfsweep_shard0,SPT_SRWT,46,4091.34,46,0,1,1208.8,1533.8,325.1,2,2,56.9,0.0,102.2,128.8,37.1,56.9
2026-09-19 23:23:40,mfsweep_shard0,SPT_SRWT,46,4091.34,47,0,1,1235.0,1507.3,272.2,2,2,62.7,0.0,76.7,105.8,26.9,62.7
2026-09-19 23:23:40,mfsweep_shard0,SPT_SRWT,46,4091.34,48,0,1,1261.3,1594.3,333.0,2,2,74.5,0.0,118.1,140.4,0.0,74.5
2026-09-19 23:23:40,mfsweep_shard0,SPT_SRWT,46,4091.34,49,0,1,1287.6,1612.0,324.4,2,2,65.6,0.0,138.8,120.0,0.0,65.6
2026-09-19 23:23:40,mfsweep_shard0,SPT_SRWT,46,4091.34,50,0,1,1313.9,1617.6,303.7,2,2,65.8,0.0,138.3,99.6,0.0,65.8
2026-09-19 23:23:40,mfsweep_shard0,SPT_SRWT,46,4091.34,51,0,1,1340.2,1805.9,465.7,2,2,60.5,0.0,214.5,160.6,30.2,60.5
2026-09-19 23:23:40,mfsweep_shard0,SPT_SRWT,46,4091.34,52,0,1,1366.4,1707.1,340.6,2,2,62.4,0.0,152.1,126.1,0.0,62.4
2026-09-19 23:23:40,mfsweep_shard0,SPT_SRWT,46,4091.34,53,0,1,1392.7,1763.8,371.1,2,2,84.5,0.0,102.9,183.7,0.0,84.5
2026-09-19 23:23:40,mfsweep_shard0,SPT_SRWT,46,4091.34,54,0,1,1419.0,1736.9,317.9,2,2,74.9,0.0,109.7,133.3,0.0,74.9
2026-09-19 23:23:40,mfsweep_shard0,SPT_SRWT,46,4091.34,55,0,1,1445.3,1801.5,356.2,2,2,73.6,0.0,104.8,147.0,30.8,73.6
2026-09-19 23:23:40,mfsweep_shard0,SPT_SRWT,46,4091.34,56,0,1,1471.5,1749.5,277.9,2,2,59.2,0.0,108.1,110.6,0.0,59.2
2026-09-19 23:23:40,mfsweep_shard0,SPT_SRWT,46,4091.34,57,0,1,1497.8,1984.1,486.3,2,2,77.6,0.0,114.5,287.7,6.5,77.6
2026-09-19 23:23:40,mfsweep_shard0,SPT_SRWT,46,4091.34,58,0,1,1524.1,1845.6,321.5,2,2,58.9,0.0,141.7,109.1,11.8,58.9
2026-09-19 23:23:40,mfsweep_shard0,SPT_SRWT,46,4091.34,59,0,1,1550.4,1895.0,344.7,2,2,66.1,0.0,118.8,159.8,0.0,66.1
2026-09-19 23:23:40,mfsweep_shard0,SPT_SRWT,46,4091.34,60,0,1,1576.6,2284.6,707.9,2,2,86.2,0.0,317.0,243.0,60.1,87.8
2026-09-19 23:23:40,mfsweep_shard0,SPT_SRWT,46,4091.34,61,0,1,1602.9,2055.1,452.2,2,2,74.7,0.0,178.3,195.4,3.8,74.7
2026-09-19 23:23:40,mfsweep_shard0,SPT_SRWT,46,4091.34,62,0,1,1629.2,1971.4,342.2,2,2,71.9,0.0,127.1,143.1,0.0,71.9
2026-09-19 23:23:40,mfsweep_shard0,SPT_SRWT,46,4091.34,63,0,1,1655.5,2133.0,477.5,2,2,76.1,0.0,213.6,181.3,0.0,82.7
2026-09-19 23:23:40,mfsweep_shard0,SPT_SRWT,46,4091.34,64,0,1,1681.8,2321.4,639.7,2,2,81.4,0.0,239.3,253.4,46.3,100.7
2026-09-19 23:23:40,mfsweep_shard0,SPT_SRWT,46,4091.34,65,0,1,1708.0,2064.1,356.0,2,2,79.2,0.0,102.3,121.5,53.1,79.2
2026-09-19 23:23:40,mfsweep_shard0,SPT_SRWT,46,4091.34,66,0,1,1734.3,2167.4,433.1,2,2,61.1,0.0,190.9,181.1,0.0,61.1
2026-09-19 23:23:40,mfsweep_shard0,SPT_SRWT,46,4091.34,67,0,1,1760.6,2172.2,411.6,2,2,54.6,0.0,164.5,147.5,45.0,54.6
2026-09-19 23:23:40,mfsweep_shard0,SPT_SRWT,46,4091.34,68,0,1,1786.9,2259.7,472.9,2,2,64.0,0.0,203.6,188.2,17.0,64.0
2026-09-19 23:23:40,mfsweep_shard0,SPT_SRWT,46,4091.34,69,0,1,1813.1,2317.0,503.9,2,2,62.4,0.0,228.1,121.2,92.1,62.4
2026-09-19 23:23:40,mfsweep_shard0,SPT_SRWT,46,4091.34,70,0,1,1839.4,2211.0,371.6,2,2,60.5,0.1,118.4,126.7,65.9,60.5
2026-09-19 23:23:40,mfsweep_shard0,SPT_SRWT,46,4091.34,71,0,1,1865.7,2296.3,430.6,2,2,84.7,0.0,162.9,183.0,0.0,84.7
2026-09-19 23:23:40,mfsweep_shard0,SPT_SRWT,46,4091.34,72,0,1,1892.0,2409.9,518.0,2,2,82.5,0.0,155.3,199.3,80.9,82.5
2026-09-19 23:23:40,mfsweep_shard0,SPT_SRWT,46,4091.34,73,0,1,1918.3,2396.2,477.9,2,2,63.9,0.0,226.0,182.5,5.5,63.9
2026-09-19 23:23:40,mfsweep_shard0,SPT_SRWT,46,4091.34,74,0,1,1944.5,2731.8,787.3,2,2,75.2,0.0,380.3,169.6,162.2,75.2
2026-09-19 23:23:40,mfsweep_shard0,SPT_SRWT,46,4091.34,75,0,1,1970.8,2352.7,381.9,2,2,66.6,0.0,139.8,171.7,3.7,66.6
2026-09-19 23:23:40,mfsweep_shard0,SPT_SRWT,46,4091.34,76,0,1,1997.1,3315.9,1318.8,2,2,83.7,0.1,555.2,231.8,350.7,181.0
2026-09-19 23:23:40,mfsweep_shard0,SPT_SRWT,46,4091.34,77,0,1,2023.4,2419.3,396.0,2,2,68.7,0.0,79.0,152.1,96.1,68.7
2026-09-19 23:23:40,mfsweep_shard0,SPT_SRWT,46,4091.34,78,0,1,2049.6,2400.9,351.2,2,2,62.3,0.0,157.6,121.0,10.3,62.3
2026-09-19 23:23:40,mfsweep_shard0,SPT_SRWT,46,4091.34,79,0,1,2075.9,2461.3,385.3,2,2,61.7,0.0,190.3,110.3,23.0,61.7
2026-09-19 23:23:40,mfsweep_shard0,SPT_SRWT,46,4091.34,80,0,1,2102.2,2673.8,571.6,2,2,72.1,0.0,249.8,194.2,54.2,73.4
2026-09-19 23:23:40,mfsweep_shard0,SPT_SRWT,46,4091.34,81,0,1,2128.5,2572.9,444.5,2,2,62.2,0.0,188.1,108.5,85.7,62.2
2026-09-19 23:23:40,mfsweep_shard0,SPT_SRWT,46,4091.34,82,0,1,2154.7,2636.6,481.9,2,2,72.8,0.0,148.5,110.5,150.0,72.8
2026-09-19 23:23:40,mfsweep_shard0,SPT_SRWT,46,4091.34,83,0,1,2181.0,2825.1,644.0,2,2,83.2,0.0,212.3,134.0,214.6,83.2
2026-09-19 23:23:40,mfsweep_shard0,SPT_SRWT,46,4091.34,84,0,1,2207.3,2626.9,419.6,2,2,66.7,0.0,210.9,142.0,0.0,66.7
2026-09-19 23:23:40,mfsweep_shard0,SPT_SRWT,46,4091.34,85,0,1,2233.6,2568.3,334.7,2,2,60.8,0.0,128.1,123.8,21.9,60.8
2026-09-19 23:23:40,mfsweep_shard0,SPT_SRWT,46,4091.34,86,0,1,2259.9,2690.9,431.0,2,2,86.5,0.0,183.7,130.0,30.8,86.5
2026-09-19 23:23:40,mfsweep_shard0,SPT_SRWT,46,4091.34,87,0,1,2286.1,2771.6,485.5,2,2,70.4,0.0,127.2,270.9,17.0,70.4
2026-09-19 23:23:40,mfsweep_shard0,SPT_SRWT,46,4091.34,88,0,1,2312.4,2766.8,454.3,2,2,56.5,0.0,234.4,124.8,38.6,56.5
2026-09-19 23:23:40,mfsweep_shard0,SPT_SRWT,46,4091.34,89,0,1,2338.7,2705.0,366.3,2,2,55.1,0.0,216.6,94.5,0.0,55.1
2026-09-19 23:23:40,mfsweep_shard0,SPT_SRWT,46,4091.34,90,0,1,2365.0,2631.8,266.8,2,2,57.2,0.0,112.3,97.4,0.0,57.2
2026-09-19 23:23:40,mfsweep_shard0,SPT_SRWT,46,4091.34,91,0,1,2391.2,2792.6,401.3,2,2,74.3,0.0,176.9,137.5,12.6,74.3
2026-09-19 23:23:40,mfsweep_shard0,SPT_SRWT,46,4091.34,92,0,1,2417.5,2978.5,560.9,2,2,79.7,0.0,235.2,214.3,31.7,79.7
2026-09-19 23:23:40,mfsweep_shard0,SPT_SRWT,46,4091.34,93,0,1,2443.8,2902.4,458.6,2,2,67.5,0.0,242.2,148.9,0.0,67.5
2026-09-19 23:23:40,mfsweep_shard0,SPT_SRWT,46,4091.34,94,0,1,2470.1,2920.6,450.5,2,2,55.6,0.0,261.9,132.0,0.9,55.6
2026-09-19 23:23:40,mfsweep_shard0,SPT_SRWT,46,4091.34,95,0,1,2496.4,2819.8,323.5,2,2,66.1,0.0,121.4,105.3,30.6,66.1
2026-09-19 23:23:40,mfsweep_shard0,SPT_SRWT,46,4091.34,96,0,1,2522.6,2987.4,464.7,2,2,86.4,0.0,278.4,99.8,0.0,86.4
2026-09-19 23:23:40,mfsweep_shard0,SPT_SRWT,46,4091.34,97,0,1,2548.9,2939.1,390.2,2,2,71.0,0.0,188.3,130.9,0.0,71.0
2026-09-19 23:23:40,mfsweep_shard0,SPT_SRWT,46,4091.34,98,0,1,2575.2,3405.1,829.9,2,2,85.6,0.0,480.9,187.7,75.7,85.6
2026-09-19 23:23:40,mfsweep_shard0,SPT_SRWT,46,4091.34,99,0,1,2601.5,3169.0,567.6,2,2,82.0,0.1,400.5,85.0,0.0,82.0
2026-09-19 23:23:40,mfsweep_shard0,SPT_SRWT,46,4091.34,100,0,1,2627.7,3023.7,396.0,2,2,53.9,0.0,189.8,101.5,50.7,53.9
2026-09-19 23:23:40,mfsweep_shard0,SPT_SRWT,46,4091.34,101,0,1,2654.0,3095.9,441.9,2,2,77.3,0.0,267.9,90.3,6.4,77.3
2026-09-19 23:23:40,mfsweep_shard0,SPT_SRWT,46,4091.34,102,0,1,2680.3,3213.9,533.6,2,2,76.0,0.0,257.5,200.0,0.0,76.0
2026-09-19 23:23:40,mfsweep_shard0,SPT_SRWT,46,4091.34,103,0,1,2706.6,3100.8,394.2,2,2,71.3,0.0,181.7,87.4,53.8,71.3
2026-09-19 23:23:40,mfsweep_shard0,SPT_SRWT,46,4091.34,104,0,1,2732.9,3286.2,553.4,2,2,62.4,0.0,387.6,103.4,0.0,62.4
2026-09-19 23:23:40,mfsweep_shard0,SPT_SRWT,46,4091.34,105,0,1,2759.1,3277.6,518.5,2,2,74.7,0.0,239.9,118.4,85.4,74.7
2026-09-19 23:23:40,mfsweep_shard0,SPT_SRWT,46,4091.34,106,0,1,2785.4,3148.9,363.5,2,2,57.2,0.0,170.5,135.7,0.0,57.2
2026-09-19 23:23:40,mfsweep_shard0,SPT_SRWT,46,4091.34,107,0,1,2811.7,3344.7,533.0,2,2,67.9,0.0,311.9,127.6,25.5,67.9
2026-09-19 23:23:40,mfsweep_shard0,SPT_SRWT,46,4091.34,108,0,1,2838.0,3510.0,672.0,2,2,68.5,0.1,344.0,178.1,31.7,118.2
2026-09-19 23:23:40,mfsweep_shard0,SPT_SRWT,46,4091.34,109,0,1,2864.2,3358.5,494.3,2,2,85.0,0.0,282.6,122.0,4.6,85.0
2026-09-19 23:23:40,mfsweep_shard0,SPT_SRWT,46,4091.34,110,0,1,2890.5,3992.4,1101.8,2,2,82.4,0.0,407.8,375.1,201.3,117.6
2026-09-19 23:23:40,mfsweep_shard0,SPT_SRWT,46,4091.34,111,0,1,2916.8,3264.2,347.4,2,2,62.2,0.0,133.4,118.2,33.5,62.2
2026-09-19 23:23:40,mfsweep_shard0,SPT_SRWT,46,4091.34,112,0,1,2943.1,3295.5,352.4,2,2,70.1,0.0,172.1,110.2,0.0,70.1
2026-09-19 23:23:40,mfsweep_shard0,SPT_SRWT,46,4091.34,113,0,1,2969.3,3463.0,493.7,2,2,59.4,0.0,307.9,109.6,16.8,59.4
2026-09-19 23:23:40,mfsweep_shard0,SPT_SRWT,46,4091.34,114,0,1,2995.6,3468.2,472.5,2,2,83.7,0.1,176.2,167.9,44.7,83.7
2026-09-19 23:23:40,mfsweep_shard0,SPT_SRWT,46,4091.34,115,0,1,3021.9,3414.8,392.9,2,2,82.3,0.0,171.0,112.6,26.9,82.3
2026-09-19 23:23:40,mfsweep_shard0,SPT_SRWT,46,4091.34,116,0,1,3048.2,3563.1,514.9,2,2,63.4,0.0,282.0,121.1,48.4,63.4
2026-09-19 23:23:40,mfsweep_shard0,SPT_SRWT,46,4091.34,117,0,1,3074.5,3730.7,656.3,2,2,74.6,0.0,459.3,103.9,18.4,74.6
2026-09-19 23:23:40,mfsweep_shard0,SPT_SRWT,46,4091.34,118,0,1,3100.7,3337.4,236.6,2,2,73.6,0.0,70.9,92.0,0.0,73.6
2026-09-19 23:23:40,mfsweep_shard0,SPT_SRWT,46,4091.34,119,0,1,3127.0,3544.4,417.4,2,2,58.6,0.0,197.3,129.5,32.0,58.6
2026-09-19 23:23:40,mfsweep_shard0,SPT_SRWT,46,4091.34,120,0,1,3153.3,3672.9,519.6,2,2,78.7,0.0,321.4,109.4,10.1,78.7
2026-09-19 23:23:40,mfsweep_shard0,SPT_SRWT,46,4091.34,121,0,1,3179.6,3623.1,443.5,2,2,71.3,0.0,259.8,112.3,0.0,71.3
2026-09-19 23:23:40,mfsweep_shard0,SPT_SRWT,46,4091.34,122,0,1,3205.8,4091.3,885.5,2,2,79.2,0.0,359.7,401.5,3.8,120.4
2026-09-19 23:23:40,mfsweep_shard0,SPT_SRWT,46,4091.34,123,0,1,3232.1,3627.8,395.7,2,2,71.0,0.0,214.3,110.3,0.0,71.0
2026-09-19 23:23:40,mfsweep_shard0,SPT_SRWT,46,4091.34,124,0,1,3258.4,3837.6,579.2,2,2,53.6,0.0,347.8,129.1,48.7,53.6
2026-09-19 23:23:40,mfsweep_shard0,SPT_SRWT,46,4091.34,125,0,1,3284.7,3818.6,533.9,2,2,64.2,0.0,218.7,251.0,0.0,64.2
2026-09-19 23:23:40,mfsweep_shard0,SPT_SRWT,46,4091.34,126,0,1,3311.0,3722.1,411.1,2,2,54.2,0.0,234.2,122.7,0.0,54.2
2026-09-19 23:23:40,mfsweep_shard0,SPT_SRWT,46,4091.34,127,0,1,3337.2,3879.1,541.9,2,2,84.2,0.0,345.9,76.2,35.5,84.2
2026-09-19 23:23:40,mfsweep_shard0,SPT_SRWT,46,4091.34,128,0,1,3363.5,3823.5,460.0,2,2,82.5,0.0,181.2,130.7,65.5,82.5
2026-09-19 23:23:40,mfsweep_shard0,SPT_SRWT,46,4091.34,129,0,1,3389.8,3911.3,521.5,2,2,81.0,0.0,272.8,144.4,23.3,81.0
2026-09-19 23:23:40,mfsweep_shard0,SPT_SRWT,46,4091.34,130,0,1,3416.1,3925.1,509.1,2,2,63.7,0.0,253.8,82.9,108.6,63.7
2026-09-19 23:23:40,mfsweep_shard0,SPT_SRWT,46,4091.34,131,0,1,3442.3,3946.9,504.5,2,2,55.5,0.1,224.1,147.0,54.0,79.4
2026-09-19 23:23:40,mfsweep_shard0,SPT_SRWT,46,4091.34,132,0,1,3468.6,3892.6,424.0,2,2,82.5,0.0,233.7,91.0,16.8,82.5
2026-09-19 23:23:40,mfsweep_shard0,SPT_SRWT,46,4091.34,133,0,1,3494.9,3842.4,347.5,2,2,84.8,0.0,152.2,110.5,0.0,84.8
2026-09-19 23:23:40,mfsweep_shard0,SPT_SRWT,46,4091.34,134,0,1,3521.2,4026.5,505.3,2,2,56.4,0.0,205.1,113.9,129.9,56.4
2026-09-19 23:23:40,mfsweep_shard0,SPT_SRWT,46,4091.34,135,0,1,3547.5,4043.9,496.5,2,2,69.6,0.0,242.2,112.3,72.3,69.6
2026-09-19 23:23:40,mfsweep_shard0,SPT_SRWT,46,4091.34,136,0,1,3573.7,3987.8,414.1,2,2,55.8,0.0,197.7,131.1,29.4,55.8
2026-09-19 23:27:18,mfsweep_shard0,SPT_SRWT,47,3970.82,0,0,1,0.0,214.9,214.9,2,2,74.6,0.0,63.6,76.7,0.0,74.6
2026-09-19 23:27:18,mfsweep_shard0,SPT_SRWT,47,3970.82,1,0,1,26.3,241.3,215.0,2,2,54.4,0.0,79.6,81.0,0.0,54.4
2026-09-19 23:27:18,mfsweep_shard0,SPT_SRWT,47,3970.82,2,0,1,52.6,651.2,598.6,2,2,62.6,0.0,192.6,158.9,120.0,127.1
2026-09-19 23:27:18,mfsweep_shard0,SPT_SRWT,47,3970.82,3,0,1,78.8,281.4,202.6,2,2,60.9,0.0,65.3,76.3,0.0,60.9
2026-09-19 23:27:18,mfsweep_shard0,SPT_SRWT,47,3970.82,4,0,1,105.1,716.2,611.0,2,2,77.8,0.1,211.2,152.0,169.9,77.8
2026-09-19 23:27:18,mfsweep_shard0,SPT_SRWT,47,3970.82,5,0,1,131.4,369.2,237.8,2,2,75.9,0.0,60.1,101.8,0.0,75.9
2026-09-19 23:27:18,mfsweep_shard0,SPT_SRWT,47,3970.82,6,0,1,157.7,785.6,627.9,2,2,83.0,0.1,163.1,108.6,248.5,107.6
2026-09-19 23:27:18,mfsweep_shard0,SPT_SRWT,47,3970.82,7,0,1,183.9,464.8,280.9,2,2,56.4,0.0,121.2,103.2,0.0,56.4
2026-09-19 23:27:18,mfsweep_shard0,SPT_SRWT,47,3970.82,8,0,1,210.2,486.8,276.6,2,2,67.5,0.0,92.9,88.7,27.5,67.5
2026-09-19 23:27:18,mfsweep_shard0,SPT_SRWT,47,3970.82,9,0,1,236.5,529.8,293.3,2,2,54.5,0.0,101.3,106.1,31.4,54.5
2026-09-19 23:27:18,mfsweep_shard0,SPT_SRWT,47,3970.82,10,0,1,262.8,637.3,374.6,2,2,60.8,0.0,147.8,110.8,55.2,60.8
2026-09-19 23:27:18,mfsweep_shard0,SPT_SRWT,47,3970.82,11,0,1,289.1,601.9,312.8,2,2,70.2,0.0,103.2,139.3,0.0,70.2
2026-09-19 23:27:18,mfsweep_shard0,SPT_SRWT,47,3970.82,12,0,1,315.3,697.1,381.7,2,2,54.4,0.0,170.4,117.3,29.8,64.3
2026-09-19 23:27:18,mfsweep_shard0,SPT_SRWT,47,3970.82,13,0,1,341.6,597.4,255.8,2,2,60.1,0.0,107.7,87.9,0.0,60.1
2026-09-19 23:27:18,mfsweep_shard0,SPT_SRWT,47,3970.82,14,0,1,367.9,669.8,301.9,2,2,75.0,0.0,97.9,109.7,19.2,75.0
2026-09-19 23:27:18,mfsweep_shard0,SPT_SRWT,47,3970.82,15,0,1,394.2,683.7,289.5,2,2,71.5,0.0,120.5,97.4,0.0,71.5
2026-09-19 23:27:18,mfsweep_shard0,SPT_SRWT,47,3970.82,16,0,1,420.4,771.5,351.0,2,2,60.8,0.0,93.1,189.8,7.2,60.8
2026-09-19 23:27:18,mfsweep_shard0,SPT_SRWT,47,3970.82,17,0,1,446.7,721.0,274.3,2,2,73.0,0.0,74.8,124.1,2.4,73.0
2026-09-19 23:27:18,mfsweep_shard0,SPT_SRWT,47,3970.82,18,0,1,473.0,766.0,293.0,2,2,80.3,0.0,96.8,98.1,17.9,80.3
2026-09-19 23:27:18,mfsweep_shard0,SPT_SRWT,47,3970.82,19,0,1,499.3,827.0,327.7,2,2,53.8,0.0,142.8,127.2,4.0,53.8
2026-09-19 23:27:18,mfsweep_shard0,SPT_SRWT,47,3970.82,20,0,1,525.6,897.2,371.6,2,2,80.1,0.0,121.3,170.2,0.0,80.1
2026-09-19 23:27:18,mfsweep_shard0,SPT_SRWT,47,3970.82,21,0,1,551.8,840.5,288.7,2,2,76.6,0.0,101.8,106.1,4.1,76.6
2026-09-19 23:27:18,mfsweep_shard0,SPT_SRWT,47,3970.82,22,0,1,578.1,925.1,347.0,2,2,64.8,0.0,129.9,152.4,0.0,64.8
2026-09-19 23:27:18,mfsweep_shard0,SPT_SRWT,47,3970.82,23,0,1,604.4,977.5,373.1,2,2,58.7,0.0,144.4,169.9,0.0,58.7
2026-09-19 23:27:18,mfsweep_shard0,SPT_SRWT,47,3970.82,24,0,1,630.7,1010.3,379.6,2,2,85.1,0.0,127.4,167.0,0.0,85.1
2026-09-19 23:27:18,mfsweep_shard0,SPT_SRWT,47,3970.82,25,0,1,656.9,996.0,339.1,2,2,64.7,0.0,101.9,172.5,0.0,64.7
2026-09-19 23:27:18,mfsweep_shard0,SPT_SRWT,47,3970.82,26,0,1,683.2,1046.3,363.1,2,2,56.6,0.0,102.3,204.2,0.0,56.6
2026-09-19 23:27:18,mfsweep_shard0,SPT_SRWT,47,3970.82,27,0,1,709.5,1214.2,504.7,2,2,56.7,0.0,212.8,181.7,48.1,62.1
2026-09-19 23:27:18,mfsweep_shard0,SPT_SRWT,47,3970.82,28,0,1,735.8,1055.8,320.0,2,2,81.5,0.0,72.0,136.4,30.0,81.5
2026-09-19 23:27:18,mfsweep_shard0,SPT_SRWT,47,3970.82,29,0,1,762.0,1096.6,334.5,2,2,73.5,0.0,107.9,151.4,1.7,73.5
2026-09-19 23:27:18,mfsweep_shard0,SPT_SRWT,47,3970.82,30,0,1,788.3,1165.6,377.3,2,2,80.2,0.0,119.0,178.1,0.0,80.2
2026-09-19 23:27:18,mfsweep_shard0,SPT_SRWT,47,3970.82,31,0,1,814.6,1161.2,346.6,2,2,77.6,0.0,149.6,102.7,16.7,77.6
2026-09-19 23:27:18,mfsweep_shard0,SPT_SRWT,47,3970.82,32,0,1,840.9,1175.2,334.4,2,2,71.2,0.0,156.5,106.6,0.0,71.2
2026-09-19 23:27:18,mfsweep_shard0,SPT_SRWT,47,3970.82,33,0,1,867.2,1200.6,333.4,2,2,85.7,0.0,170.9,76.0,0.9,85.7
2026-09-19 23:27:18,mfsweep_shard0,SPT_SRWT,47,3970.82,34,0,1,893.4,1228.4,334.9,2,2,66.0,0.0,123.3,145.6,0.0,66.0
2026-09-19 23:27:18,mfsweep_shard0,SPT_SRWT,47,3970.82,35,0,1,919.7,1304.0,384.3,2,2,71.8,0.0,211.0,88.8,12.7,71.8
2026-09-19 23:27:18,mfsweep_shard0,SPT_SRWT,47,3970.82,36,0,1,946.0,1269.4,323.4,2,2,80.9,0.0,139.3,84.8,18.4,80.9
2026-09-19 23:27:18,mfsweep_shard0,SPT_SRWT,47,3970.82,37,0,1,972.3,1290.2,317.9,2,2,74.0,0.0,134.9,109.0,0.0,74.0
2026-09-19 23:27:18,mfsweep_shard0,SPT_SRWT,47,3970.82,38,0,1,998.5,1513.2,514.7,2,2,82.0,0.0,207.3,225.3,0.0,82.0
2026-09-19 23:27:18,mfsweep_shard0,SPT_SRWT,47,3970.82,39,0,1,1024.8,1352.7,327.9,2,2,72.6,0.0,159.0,96.2,0.0,72.6
2026-09-19 23:27:18,mfsweep_shard0,SPT_SRWT,47,3970.82,40,0,1,1051.1,1840.8,789.7,2,2,76.8,0.0,403.9,139.1,169.8,76.8
2026-09-19 23:27:18,mfsweep_shard0,SPT_SRWT,47,3970.82,41,0,1,1077.4,1380.1,302.7,2,2,55.1,0.0,137.3,110.3,0.0,55.1
2026-09-19 23:27:18,mfsweep_shard0,SPT_SRWT,47,3970.82,42,0,1,1103.7,1541.6,437.9,2,2,61.1,0.0,242.3,91.6,42.9,61.1
2026-09-19 23:27:18,mfsweep_shard0,SPT_SRWT,47,3970.82,43,0,1,1129.9,1517.9,388.0,2,2,63.1,0.0,216.1,100.2,8.6,63.1
2026-09-19 23:27:18,mfsweep_shard0,SPT_SRWT,47,3970.82,44,0,1,1156.2,1555.1,398.9,2,2,56.2,0.0,131.6,148.8,62.3,56.2
2026-09-19 23:27:18,mfsweep_shard0,SPT_SRWT,47,3970.82,45,0,1,1182.5,1467.9,285.5,2,2,61.2,0.0,106.9,117.3,0.0,61.2
2026-09-19 23:27:18,mfsweep_shard0,SPT_SRWT,47,3970.82,46,0,1,1208.8,1881.2,672.5,2,2,56.9,0.1,369.8,131.8,73.9,96.9
2026-09-19 23:27:18,mfsweep_shard0,SPT_SRWT,47,3970.82,47,0,1,1235.0,1694.2,459.2,2,2,62.7,0.0,119.4,226.2,50.8,62.7
2026-09-19 23:27:18,mfsweep_shard0,SPT_SRWT,47,3970.82,48,0,1,1261.3,1832.1,570.8,2,2,74.5,0.0,361.7,134.6,0.0,74.5
2026-09-19 23:27:18,mfsweep_shard0,SPT_SRWT,47,3970.82,49,0,1,1287.6,1597.6,310.0,2,2,65.6,0.0,120.0,108.2,16.2,65.6
2026-09-19 23:27:18,mfsweep_shard0,SPT_SRWT,47,3970.82,50,0,1,1313.9,1981.1,667.2,2,2,65.8,0.0,268.0,191.5,141.9,65.8
2026-09-19 23:27:18,mfsweep_shard0,SPT_SRWT,47,3970.82,51,0,1,1340.2,1809.6,469.4,2,2,60.5,0.1,186.6,161.9,26.0,94.9
2026-09-19 23:27:18,mfsweep_shard0,SPT_SRWT,47,3970.82,52,0,1,1366.4,1721.8,355.3,2,2,62.4,0.1,179.9,113.0,0.0,62.4
2026-09-19 23:27:18,mfsweep_shard0,SPT_SRWT,47,3970.82,53,0,1,1392.7,1976.4,583.7,2,2,84.5,0.0,128.5,363.0,7.7,84.5
2026-09-19 23:27:18,mfsweep_shard0,SPT_SRWT,47,3970.82,54,0,1,1419.0,1985.8,566.8,2,2,74.9,0.1,340.7,110.8,40.3,74.9
2026-09-19 23:27:18,mfsweep_shard0,SPT_SRWT,47,3970.82,55,0,1,1445.3,2081.2,635.9,2,2,73.6,0.0,409.1,120.3,32.8,73.6
2026-09-19 23:27:18,mfsweep_shard0,SPT_SRWT,47,3970.82,56,0,1,1471.5,1941.2,469.7,2,2,59.2,0.0,223.0,105.0,82.4,59.2
2026-09-19 23:27:18,mfsweep_shard0,SPT_SRWT,47,3970.82,57,0,1,1497.8,2039.2,541.3,2,2,77.6,0.0,105.2,358.5,0.0,77.6
2026-09-19 23:27:18,mfsweep_shard0,SPT_SRWT,47,3970.82,58,0,1,1524.1,2169.0,644.9,2,2,58.9,0.0,372.0,177.5,36.5,58.9
2026-09-19 23:27:18,mfsweep_shard0,SPT_SRWT,47,3970.82,59,0,1,1550.4,1945.9,395.5,2,2,66.1,0.0,188.3,93.9,47.2,66.1
2026-09-19 23:27:18,mfsweep_shard0,SPT_SRWT,47,3970.82,60,0,1,1576.6,2048.8,472.1,2,2,86.2,0.0,233.2,93.9,58.8,86.2
2026-09-19 23:27:18,mfsweep_shard0,SPT_SRWT,47,3970.82,61,0,1,1602.9,1876.9,273.9,2,2,74.7,0.0,109.7,89.5,0.0,74.7
2026-09-19 23:27:18,mfsweep_shard0,SPT_SRWT,47,3970.82,62,0,1,1629.2,2178.1,548.9,2,2,71.9,0.0,230.8,201.1,45.0,71.9
2026-09-19 23:27:18,mfsweep_shard0,SPT_SRWT,47,3970.82,63,0,1,1655.5,2142.3,486.8,2,2,76.1,0.0,161.2,156.8,92.6,76.1
2026-09-19 23:27:18,mfsweep_shard0,SPT_SRWT,47,3970.82,64,0,1,1681.8,2377.9,696.1,2,2,81.4,0.0,269.1,266.0,68.0,92.9
2026-09-19 23:27:18,mfsweep_shard0,SPT_SRWT,47,3970.82,65,0,1,1708.0,2173.8,465.7,2,2,79.2,0.0,231.5,155.0,0.0,79.2
2026-09-19 23:27:18,mfsweep_shard0,SPT_SRWT,47,3970.82,66,0,1,1734.3,2088.2,353.9,2,2,61.1,0.0,188.2,104.6,0.0,61.1
2026-09-19 23:27:18,mfsweep_shard0,SPT_SRWT,47,3970.82,67,0,1,1760.6,2261.2,500.6,2,2,54.6,0.0,269.7,171.0,5.3,54.6
2026-09-19 23:27:18,mfsweep_shard0,SPT_SRWT,47,3970.82,68,0,1,1786.9,2246.6,459.7,2,2,64.0,0.1,206.5,189.2,0.0,64.0
2026-09-19 23:27:18,mfsweep_shard0,SPT_SRWT,47,3970.82,69,0,1,1813.1,2575.9,762.7,2,2,62.4,0.0,160.4,362.6,144.2,95.5
2026-09-19 23:27:18,mfsweep_shard0,SPT_SRWT,47,3970.82,70,0,1,1839.4,2434.5,595.0,2,2,60.5,0.0,354.7,139.7,40.1,60.5
2026-09-19 23:27:18,mfsweep_shard0,SPT_SRWT,47,3970.82,71,0,1,1865.7,2599.9,734.2,2,2,84.7,0.0,431.8,160.6,45.6,96.2
2026-09-19 23:27:18,mfsweep_shard0,SPT_SRWT,47,3970.82,72,0,1,1892.0,2265.9,373.9,2,2,82.5,0.0,153.5,137.9,0.0,82.5
2026-09-19 23:27:18,mfsweep_shard0,SPT_SRWT,47,3970.82,73,0,1,1918.3,2351.3,433.0,2,2,63.9,0.0,195.2,135.8,38.1,63.9
2026-09-19 23:27:18,mfsweep_shard0,SPT_SRWT,47,3970.82,74,0,1,1944.5,2916.8,972.2,2,2,75.2,0.0,338.3,381.5,177.3,75.2
2026-09-19 23:27:18,mfsweep_shard0,SPT_SRWT,47,3970.82,75,0,1,1970.8,2488.8,518.0,2,2,66.6,0.1,302.6,148.7,0.0,66.6
2026-09-19 23:27:18,mfsweep_shard0,SPT_SRWT,47,3970.82,76,0,1,1997.1,2533.9,536.8,2,2,83.7,0.1,310.2,130.1,12.7,83.7
2026-09-19 23:27:18,mfsweep_shard0,SPT_SRWT,47,3970.82,77,0,1,2023.4,2515.7,492.3,2,2,68.7,0.0,206.5,182.5,34.6,68.7
2026-09-19 23:27:18,mfsweep_shard0,SPT_SRWT,47,3970.82,78,0,1,2049.6,2571.1,521.5,2,2,62.3,0.1,254.4,175.6,29.2,62.3
2026-09-19 23:27:18,mfsweep_shard0,SPT_SRWT,47,3970.82,79,0,1,2075.9,2548.0,472.0,2,2,61.7,0.0,209.2,143.0,58.1,61.7
2026-09-19 23:27:18,mfsweep_shard0,SPT_SRWT,47,3970.82,80,0,1,2102.2,2974.0,871.8,2,2,72.1,0.0,328.4,321.9,133.4,88.0
2026-09-19 23:27:18,mfsweep_shard0,SPT_SRWT,47,3970.82,81,0,1,2128.5,2674.4,545.9,2,2,62.2,0.0,199.1,230.0,54.5,62.2
2026-09-19 23:27:18,mfsweep_shard0,SPT_SRWT,47,3970.82,82,0,1,2154.7,2705.4,550.6,2,2,72.8,0.0,262.9,214.9,0.0,72.8
2026-09-19 23:27:18,mfsweep_shard0,SPT_SRWT,47,3970.82,83,0,1,2181.0,2775.2,594.2,2,2,83.2,0.0,215.7,281.8,13.4,83.2
2026-09-19 23:27:18,mfsweep_shard0,SPT_SRWT,47,3970.82,84,0,1,2207.3,2736.3,529.0,2,2,66.7,0.0,267.1,192.7,2.5,66.7
2026-09-19 23:27:18,mfsweep_shard0,SPT_SRWT,47,3970.82,85,0,1,2233.6,2818.6,585.0,2,2,60.8,0.0,280.2,220.9,23.1,60.8
2026-09-19 23:27:18,mfsweep_shard0,SPT_SRWT,47,3970.82,86,0,1,2259.9,2929.4,669.5,2,2,86.5,0.0,113.3,342.3,127.5,86.5
2026-09-19 23:27:18,mfsweep_shard0,SPT_SRWT,47,3970.82,87,0,1,2286.1,2890.2,604.0,2,2,70.4,0.0,293.9,197.1,42.7,70.4
2026-09-19 23:27:18,mfsweep_shard0,SPT_SRWT,47,3970.82,88,0,1,2312.4,2857.9,545.4,2,2,56.5,0.0,252.2,201.4,35.3,56.5
2026-09-19 23:27:18,mfsweep_shard0,SPT_SRWT,47,3970.82,89,0,1,2338.7,2713.9,375.2,2,2,55.1,0.0,148.7,171.4,0.0,55.1
2026-09-19 23:27:18,mfsweep_shard0,SPT_SRWT,47,3970.82,90,0,1,2365.0,2849.2,484.2,2,2,57.2,0.0,151.1,262.6,13.3,57.2
2026-09-19 23:27:18,mfsweep_shard0,SPT_SRWT,47,3970.82,91,0,1,2391.2,2797.4,406.2,2,2,74.3,0.0,69.7,228.7,33.5,74.3
2026-09-19 23:27:18,mfsweep_shard0,SPT_SRWT,47,3970.82,92,0,1,2417.5,3044.0,626.5,2,2,79.7,0.0,328.6,152.7,65.5,79.7
2026-09-19 23:27:18,mfsweep_shard0,SPT_SRWT,47,3970.82,93,0,1,2443.8,2793.0,349.2,2,2,67.5,0.0,129.7,151.9,0.0,67.5
2026-09-19 23:27:18,mfsweep_shard0,SPT_SRWT,47,3970.82,94,0,1,2470.1,3123.0,652.9,2,2,55.6,0.0,384.0,162.6,50.6,55.6
2026-09-19 23:27:18,mfsweep_shard0,SPT_SRWT,47,3970.82,95,0,1,2496.4,2943.3,446.9,2,2,66.1,0.0,176.2,143.9,60.7,66.1
2026-09-19 23:27:18,mfsweep_shard0,SPT_SRWT,47,3970.82,96,0,1,2522.6,3772.5,1249.9,2,2,86.4,0.0,615.5,187.1,307.5,139.8
2026-09-19 23:27:18,mfsweep_shard0,SPT_SRWT,47,3970.82,97,0,1,2548.9,3269.6,720.7,2,2,71.0,0.0,322.7,287.6,39.3,71.0
2026-09-19 23:27:18,mfsweep_shard0,SPT_SRWT,47,3970.82,98,0,1,2575.2,3570.5,995.3,2,2,85.6,0.1,278.5,427.1,204.1,85.6
2026-09-19 23:27:18,mfsweep_shard0,SPT_SRWT,47,3970.82,99,0,1,2601.5,3328.4,726.9,2,2,82.0,0.0,231.8,196.6,216.5,82.0
2026-09-19 23:27:18,mfsweep_shard0,SPT_SRWT,47,3970.82,100,0,1,2627.7,3010.0,382.3,2,2,53.9,0.0,134.8,193.0,0.4,53.9
2026-09-19 23:27:18,mfsweep_shard0,SPT_SRWT,47,3970.82,101,0,1,2654.0,2921.5,267.5,2,2,77.3,0.0,42.4,141.0,6.8,77.3
2026-09-19 23:27:18,mfsweep_shard0,SPT_SRWT,47,3970.82,102,0,1,2680.3,3153.8,473.5,2,2,76.0,0.0,159.4,205.9,32.2,76.0
2026-09-19 23:27:18,mfsweep_shard0,SPT_SRWT,47,3970.82,103,0,1,2706.6,3210.1,503.5,2,2,71.3,0.0,246.6,163.6,22.1,71.3
2026-09-19 23:27:18,mfsweep_shard0,SPT_SRWT,47,3970.82,104,0,1,2732.9,3227.3,494.5,2,2,62.4,0.0,233.1,164.1,34.9,62.4
2026-09-19 23:27:18,mfsweep_shard0,SPT_SRWT,47,3970.82,105,0,1,2759.1,3441.3,682.2,2,2,74.7,0.1,244.1,237.9,111.6,88.5
2026-09-19 23:27:18,mfsweep_shard0,SPT_SRWT,47,3970.82,106,0,1,2785.4,3310.1,524.7,2,2,57.2,0.0,257.3,178.5,31.6,57.2
2026-09-19 23:27:18,mfsweep_shard0,SPT_SRWT,47,3970.82,107,0,1,2811.7,3239.8,428.1,2,2,67.9,0.0,230.8,129.4,0.0,67.9
2026-09-19 23:27:18,mfsweep_shard0,SPT_SRWT,47,3970.82,108,0,1,2838.0,3301.0,463.0,2,2,68.5,0.0,210.7,183.8,0.0,68.5
2026-09-19 23:27:18,mfsweep_shard0,SPT_SRWT,47,3970.82,109,0,1,2864.2,3603.8,739.6,2,2,85.0,0.0,373.5,139.0,142.1,85.0
2026-09-19 23:27:18,mfsweep_shard0,SPT_SRWT,47,3970.82,110,0,1,2890.5,3412.3,521.7,2,2,82.4,0.0,231.3,158.3,49.6,82.4
2026-09-19 23:27:18,mfsweep_shard0,SPT_SRWT,47,3970.82,111,0,1,2916.8,3523.6,606.8,2,2,62.2,0.0,369.5,111.3,63.8,62.2
2026-09-19 23:27:18,mfsweep_shard0,SPT_SRWT,47,3970.82,112,0,1,2943.1,3333.1,390.0,2,2,70.1,0.0,176.3,138.1,5.5,70.1
2026-09-19 23:27:18,mfsweep_shard0,SPT_SRWT,47,3970.82,113,0,1,2969.3,3420.9,451.6,2,2,59.4,0.0,236.9,120.0,35.2,59.4
2026-09-19 23:27:18,mfsweep_shard0,SPT_SRWT,47,3970.82,114,0,1,2995.6,3398.6,402.9,2,2,83.7,0.0,208.5,110.8,0.0,83.7
2026-09-19 23:27:18,mfsweep_shard0,SPT_SRWT,47,3970.82,115,0,1,3021.9,3545.7,523.8,2,2,82.3,0.0,263.4,144.6,33.5,82.3
2026-09-19 23:27:18,mfsweep_shard0,SPT_SRWT,47,3970.82,116,0,1,3048.2,3701.6,653.5,2,2,63.4,0.0,493.7,96.3,0.0,63.4
2026-09-19 23:27:18,mfsweep_shard0,SPT_SRWT,47,3970.82,117,0,1,3074.5,3577.7,503.2,2,2,74.6,0.0,282.4,146.2,0.0,74.6
2026-09-19 23:27:18,mfsweep_shard0,SPT_SRWT,47,3970.82,118,0,1,3100.7,3476.6,375.8,2,2,73.6,0.0,177.4,115.2,9.6,73.6
2026-09-19 23:27:18,mfsweep_shard0,SPT_SRWT,47,3970.82,119,0,1,3127.0,3663.8,536.7,2,2,58.6,0.0,350.3,127.8,0.0,58.6
2026-09-19 23:27:18,mfsweep_shard0,SPT_SRWT,47,3970.82,120,0,1,3153.3,3740.2,586.9,2,2,78.7,0.0,390.6,111.7,5.9,78.7
2026-09-19 23:27:18,mfsweep_shard0,SPT_SRWT,47,3970.82,121,0,1,3179.6,3718.4,538.9,2,2,71.3,0.0,296.0,158.2,13.4,71.3
2026-09-19 23:27:18,mfsweep_shard0,SPT_SRWT,47,3970.82,122,0,1,3205.8,3589.0,383.1,2,2,79.2,0.0,147.6,156.3,0.0,79.2
2026-09-19 23:27:18,mfsweep_shard0,SPT_SRWT,47,3970.82,123,0,1,3232.1,3598.3,366.2,2,2,71.0,0.0,155.1,140.0,0.0,71.0
2026-09-19 23:27:18,mfsweep_shard0,SPT_SRWT,47,3970.82,124,0,1,3258.4,3844.7,586.3,2,2,53.6,0.0,90.2,420.2,22.3,53.6
2026-09-19 23:27:18,mfsweep_shard0,SPT_SRWT,47,3970.82,125,0,1,3284.7,3645.9,361.2,2,2,64.2,0.0,136.7,149.9,10.3,64.2
2026-09-19 23:27:18,mfsweep_shard0,SPT_SRWT,47,3970.82,126,0,1,3311.0,3872.6,561.6,2,2,54.2,0.0,95.2,368.3,44.0,54.2
2026-09-19 23:27:18,mfsweep_shard0,SPT_SRWT,47,3970.82,127,0,1,3337.2,3796.1,458.8,2,2,84.2,0.0,221.4,153.2,0.0,84.2
2026-09-19 23:27:18,mfsweep_shard0,SPT_SRWT,47,3970.82,128,0,1,3363.5,3970.8,607.3,2,2,82.5,0.0,240.9,241.9,35.0,89.4
2026-09-19 23:27:18,mfsweep_shard0,SPT_SRWT,47,3970.82,129,0,1,3389.8,3906.2,516.4,2,2,81.0,0.1,264.9,114.1,56.3,81.0
2026-09-19 23:27:18,mfsweep_shard0,SPT_SRWT,47,3970.82,130,0,1,3416.1,3853.5,437.4,2,2,63.7,0.0,73.5,300.1,0.0,63.7
2026-09-19 23:27:18,mfsweep_shard0,SPT_SRWT,47,3970.82,131,0,1,3442.3,3918.9,476.5,2,2,55.5,0.1,218.9,202.1,0.0,55.5
2026-09-19 23:27:18,mfsweep_shard0,SPT_SRWT,47,3970.82,132,0,1,3468.6,3840.3,371.7,2,2,82.5,0.0,134.8,149.2,5.1,82.5
2026-09-19 23:27:18,mfsweep_shard0,SPT_SRWT,47,3970.82,133,0,1,3494.9,3786.6,291.7,2,2,84.8,0.0,69.9,126.1,10.9,84.8
2026-09-19 23:27:18,mfsweep_shard0,SPT_SRWT,47,3970.82,134,0,1,3521.2,3901.5,380.3,2,2,56.4,0.0,165.7,158.2,0.0,56.4
2026-09-19 23:27:18,mfsweep_shard0,SPT_SRWT,47,3970.82,135,0,1,3547.5,3823.0,275.5,2,2,69.6,0.0,89.8,116.1,0.0,69.6
2026-09-19 23:27:18,mfsweep_shard0,SPT_SRWT,47,3970.82,136,0,1,3573.7,3835.5,261.8,2,2,55.8,0.0,76.1,129.1,0.7,55.8
2026-09-19 23:31:07,mfsweep_shard0,SPT_SRWT,48,4155.62,0,0,1,0.0,215.5,215.5,2,2,74.6,0.0,63.6,77.2,0.0,74.6
2026-09-19 23:31:07,mfsweep_shard0,SPT_SRWT,48,4155.62,1,0,1,26.3,233.7,207.5,2,2,54.4,0.0,79.6,73.5,0.0,54.4
2026-09-19 23:31:07,mfsweep_shard0,SPT_SRWT,48,4155.62,2,0,1,52.6,288.0,235.5,2,2,62.6,0.0,75.7,85.8,11.3,62.6
2026-09-19 23:31:07,mfsweep_shard0,SPT_SRWT,48,4155.62,3,0,1,78.8,323.5,244.7,2,2,60.9,0.0,71.8,111.9,0.0,60.9
2026-09-19 23:31:07,mfsweep_shard0,SPT_SRWT,48,4155.62,4,0,1,105.1,354.3,249.1,2,2,77.8,0.0,88.1,83.2,0.0,77.8
2026-09-19 23:31:07,mfsweep_shard0,SPT_SRWT,48,4155.62,5,0,1,131.4,519.5,388.1,2,2,75.9,0.0,149.4,107.1,11.1,120.6
2026-09-19 23:31:07,mfsweep_shard0,SPT_SRWT,48,4155.62,6,0,1,157.7,456.1,298.5,2,2,83.0,0.0,88.5,114.2,12.8,83.0
2026-09-19 23:31:07,mfsweep_shard0,SPT_SRWT,48,4155.62,7,0,1,183.9,745.3,561.4,2,2,56.4,0.1,247.3,182.5,67.4,64.1
2026-09-19 23:31:07,mfsweep_shard0,SPT_SRWT,48,4155.62,8,0,1,210.2,674.8,464.5,2,2,67.5,0.0,171.4,177.2,36.8,79.2
2026-09-19 23:31:07,mfsweep_shard0,SPT_SRWT,48,4155.62,9,0,1,236.5,732.1,495.6,2,2,54.5,0.1,205.3,146.3,56.7,87.3
2026-09-19 23:31:07,mfsweep_shard0,SPT_SRWT,48,4155.62,10,0,1,262.8,501.1,238.3,2,2,60.8,0.0,79.5,98.1,0.0,60.8
2026-09-19 23:31:07,mfsweep_shard0,SPT_SRWT,48,4155.62,11,0,1,289.1,585.2,296.2,2,2,70.2,0.0,119.2,106.7,0.0,70.2
2026-09-19 23:31:07,mfsweep_shard0,SPT_SRWT,48,4155.62,12,0,1,315.3,553.0,237.7,2,2,54.4,0.0,77.1,106.2,0.0,54.4
2026-09-19 23:31:07,mfsweep_shard0,SPT_SRWT,48,4155.62,13,0,1,341.6,628.9,287.3,2,2,60.1,0.0,103.1,124.1,0.0,60.1
2026-09-19 23:31:07,mfsweep_shard0,SPT_SRWT,48,4155.62,14,0,1,367.9,874.6,506.8,2,2,75.0,0.1,252.6,149.8,29.2,75.0
2026-09-19 23:31:07,mfsweep_shard0,SPT_SRWT,48,4155.62,15,0,1,394.2,1007.4,613.2,2,2,71.5,0.1,217.4,279.9,5.6,110.3
2026-09-19 23:31:07,mfsweep_shard0,SPT_SRWT,48,4155.62,16,0,1,420.4,779.7,359.3,2,2,60.8,0.0,113.7,184.7,0.0,60.8
2026-09-19 23:31:07,mfsweep_shard0,SPT_SRWT,48,4155.62,17,0,1,446.7,803.1,356.4,2,2,73.0,0.0,96.6,146.7,40.0,73.0
2026-09-19 23:31:07,mfsweep_shard0,SPT_SRWT,48,4155.62,18,0,1,473.0,883.8,410.8,2,2,80.3,0.0,112.0,193.9,24.6,80.3
2026-09-19 23:31:07,mfsweep_shard0,SPT_SRWT,48,4155.62,19,0,1,499.3,832.6,333.3,2,2,53.8,0.0,143.0,114.0,22.5,53.8
2026-09-19 23:31:07,mfsweep_shard0,SPT_SRWT,48,4155.62,20,0,1,525.6,940.4,414.9,2,2,80.1,0.0,128.7,132.4,73.6,80.1
2026-09-19 23:31:07,mfsweep_shard0,SPT_SRWT,48,4155.62,21,0,1,551.8,1016.5,464.7,2,2,76.6,0.0,152.5,146.3,89.3,76.6
2026-09-19 23:31:07,mfsweep_shard0,SPT_SRWT,48,4155.62,22,0,1,578.1,1088.5,510.4,2,2,64.8,0.0,153.9,230.2,61.5,64.8
2026-09-19 23:31:07,mfsweep_shard0,SPT_SRWT,48,4155.62,23,0,1,604.4,1168.0,563.6,2,2,58.7,0.0,206.2,214.1,69.0,74.4
2026-09-19 23:31:07,mfsweep_shard0,SPT_SRWT,48,4155.62,24,0,1,630.7,1025.9,395.3,2,2,85.1,0.0,179.8,130.3,0.0,85.1
2026-09-19 23:31:07,mfsweep_shard0,SPT_SRWT,48,4155.62,25,0,1,656.9,1145.4,488.5,2,2,64.7,0.0,132.5,242.4,48.9,64.7
2026-09-19 23:31:07,mfsweep_shard0,SPT_SRWT,48,4155.62,26,0,1,683.2,1043.3,360.1,2,2,56.6,0.0,148.5,155.0,0.0,56.6
2026-09-19 23:31:07,mfsweep_shard0,SPT_SRWT,48,4155.62,27,0,1,709.5,1127.0,417.5,2,2,56.7,0.0,190.4,158.7,11.6,56.7
2026-09-19 23:31:07,mfsweep_shard0,SPT_SRWT,48,4155.62,28,0,1,735.8,1118.0,382.2,2,2,81.5,0.0,135.8,156.8,8.1,81.5
2026-09-19 23:31:07,mfsweep_shard0,SPT_SRWT,48,4155.62,29,0,1,762.0,1109.8,347.7,2,2,73.5,0.0,112.7,122.0,39.5,73.5
2026-09-19 23:31:07,mfsweep_shard0,SPT_SRWT,48,4155.62,30,0,1,788.3,1544.6,756.3,2,2,80.2,0.0,318.8,357.2,0.0,80.2
2026-09-19 23:31:07,mfsweep_shard0,SPT_SRWT,48,4155.62,31,0,1,814.6,1275.9,461.3,2,2,77.6,0.1,232.1,151.6,0.0,77.6
2026-09-19 23:31:07,mfsweep_shard0,SPT_SRWT,48,4155.62,32,0,1,840.9,1207.8,366.9,2,2,71.2,0.0,124.9,123.8,47.0,71.2
2026-09-19 23:31:07,mfsweep_shard0,SPT_SRWT,48,4155.62,33,0,1,867.2,1376.1,508.9,2,2,85.7,0.0,197.2,136.2,89.8,85.7
2026-09-19 23:31:07,mfsweep_shard0,SPT_SRWT,48,4155.62,34,0,1,893.4,1280.6,387.2,2,2,66.0,0.0,186.4,114.7,20.0,66.0
2026-09-19 23:31:07,mfsweep_shard0,SPT_SRWT,48,4155.62,35,0,1,919.7,1323.1,403.3,2,2,71.8,0.0,191.3,99.3,40.9,71.8
2026-09-19 23:31:07,mfsweep_shard0,SPT_SRWT,48,4155.62,36,0,1,946.0,1385.5,439.5,2,2,80.9,0.0,237.8,120.8,0.0,80.9
2026-09-19 23:31:07,mfsweep_shard0,SPT_SRWT,48,4155.62,37,0,1,972.3,1472.5,500.2,2,2,74.0,0.0,214.7,168.0,43.6,74.0
2026-09-19 23:31:07,mfsweep_shard0,SPT_SRWT,48,4155.62,38,0,1,998.5,1426.9,428.4,2,2,82.0,0.0,181.9,132.1,32.3,82.0
2026-09-19 23:31:07,mfsweep_shard0,SPT_SRWT,48,4155.62,39,0,1,1024.8,1349.1,324.3,2,2,72.6,0.0,121.3,130.3,0.0,72.6
2026-09-19 23:31:07,mfsweep_shard0,SPT_SRWT,48,4155.62,40,0,1,1051.1,1403.6,352.5,2,2,76.8,0.0,148.2,120.3,7.2,76.8
2026-09-19 23:31:07,mfsweep_shard0,SPT_SRWT,48,4155.62,41,0,1,1077.4,1558.9,481.5,2,2,55.1,0.0,191.1,208.1,27.2,55.1
2026-09-19 23:31:07,mfsweep_shard0,SPT_SRWT,48,4155.62,42,0,1,1103.7,1530.3,426.6,2,2,61.1,0.0,242.2,123.3,0.0,61.1
2026-09-19 23:31:07,mfsweep_shard0,SPT_SRWT,48,4155.62,43,0,1,1129.9,1622.1,492.2,2,2,63.1,0.0,195.9,188.8,44.4,63.1
2026-09-19 23:31:07,mfsweep_shard0,SPT_SRWT,48,4155.62,44,0,1,1156.2,1721.2,565.0,2,2,56.2,0.1,317.3,167.2,11.2,69.3
2026-09-19 23:31:07,mfsweep_shard0,SPT_SRWT,48,4155.62,45,0,1,1182.5,1580.4,398.0,2,2,61.2,0.0,163.6,136.5,36.6,61.2
2026-09-19 23:31:07,mfsweep_shard0,SPT_SRWT,48,4155.62,46,0,1,1208.8,1612.9,404.1,2,2,56.9,0.1,236.4,100.2,10.6,56.9
2026-09-19 23:31:07,mfsweep_shard0,SPT_SRWT,48,4155.62,47,0,1,1235.0,1944.1,709.1,2,2,62.7,0.0,477.4,137.9,31.0,62.7
2026-09-19 23:31:07,mfsweep_shard0,SPT_SRWT,48,4155.62,48,0,1,1261.3,1702.8,441.5,2,2,74.5,0.0,184.1,164.1,18.8,74.5
2026-09-19 23:31:07,mfsweep_shard0,SPT_SRWT,48,4155.62,49,0,1,1287.6,1689.3,401.7,2,2,65.6,0.0,210.5,125.6,0.0,65.6
2026-09-19 23:31:07,mfsweep_shard0,SPT_SRWT,48,4155.62,50,0,1,1313.9,1817.1,503.2,2,2,65.8,0.0,308.3,110.5,18.7,65.8
2026-09-19 23:31:07,mfsweep_shard0,SPT_SRWT,48,4155.62,51,0,1,1340.2,1840.4,500.2,2,2,60.5,0.0,289.4,143.1,7.2,60.5
2026-09-19 23:31:07,mfsweep_shard0,SPT_SRWT,48,4155.62,52,0,1,1366.4,1976.6,610.2,2,2,62.4,0.0,335.0,156.4,56.5,62.4
2026-09-19 23:31:07,mfsweep_shard0,SPT_SRWT,48,4155.62,53,0,1,1392.7,1852.8,460.1,2,2,84.5,0.0,172.9,182.0,20.7,84.5
2026-09-19 23:31:07,mfsweep_shard0,SPT_SRWT,48,4155.62,54,0,1,1419.0,1972.0,553.0,2,2,74.9,0.0,351.6,126.4,0.0,74.9
2026-09-19 23:31:07,mfsweep_shard0,SPT_SRWT,48,4155.62,55,0,1,1445.3,2038.8,593.5,2,2,73.6,0.0,228.0,266.7,25.1,73.6
2026-09-19 23:31:07,mfsweep_shard0,SPT_SRWT,48,4155.62,56,0,1,1471.5,1985.4,513.8,2,2,59.2,0.0,308.0,139.5,7.1,59.2
2026-09-19 23:31:07,mfsweep_shard0,SPT_SRWT,48,4155.62,57,0,1,1497.8,2119.9,622.1,2,2,77.6,0.0,155.2,197.2,192.0,77.6
2026-09-19 23:31:07,mfsweep_shard0,SPT_SRWT,48,4155.62,58,0,1,1524.1,2106.6,582.5,2,2,58.9,0.0,187.4,264.8,51.2,79.0
2026-09-19 23:31:07,mfsweep_shard0,SPT_SRWT,48,4155.62,59,0,1,1550.4,2161.8,611.4,2,2,66.1,0.0,385.1,119.9,40.3,66.1
2026-09-19 23:31:07,mfsweep_shard0,SPT_SRWT,48,4155.62,60,0,1,1576.6,2802.2,1225.5,2,2,86.2,0.0,579.8,163.7,382.8,99.2
2026-09-19 23:31:07,mfsweep_shard0,SPT_SRWT,48,4155.62,61,0,1,1602.9,2115.2,512.3,2,2,74.7,0.0,245.9,121.8,69.8,74.7
2026-09-19 23:31:07,mfsweep_shard0,SPT_SRWT,48,4155.62,62,0,1,1629.2,2374.5,745.3,2,2,71.9,0.1,357.6,134.4,181.3,71.9
2026-09-19 23:31:07,mfsweep_shard0,SPT_SRWT,48,4155.62,63,0,1,1655.5,1993.3,337.8,2,2,76.1,0.0,149.5,112.1,0.0,76.1
2026-09-19 23:31:07,mfsweep_shard0,SPT_SRWT,48,4155.62,64,0,1,1681.8,2704.2,1022.5,2,2,81.4,0.0,312.0,101.9,527.2,81.4
2026-09-19 23:31:07,mfsweep_shard0,SPT_SRWT,48,4155.62,65,0,1,1708.0,2452.9,744.8,2,2,79.2,0.1,422.8,169.6,73.2,79.2
2026-09-19 23:31:07,mfsweep_shard0,SPT_SRWT,48,4155.62,66,0,1,1734.3,2280.1,545.8,2,2,61.1,0.0,249.7,189.7,45.2,61.1
2026-09-19 23:31:07,mfsweep_shard0,SPT_SRWT,48,4155.62,67,0,1,1760.6,2234.8,474.2,2,2,54.6,0.0,214.1,191.1,14.4,54.6
2026-09-19 23:31:07,mfsweep_shard0,SPT_SRWT,48,4155.62,68,0,1,1786.9,2474.7,687.9,2,2,64.0,0.0,235.4,343.8,44.7,64.0
2026-09-19 23:31:07,mfsweep_shard0,SPT_SRWT,48,4155.62,69,0,1,1813.1,2470.0,656.9,2,2,62.4,0.1,243.5,258.0,71.7,83.5
2026-09-19 23:31:07,mfsweep_shard0,SPT_SRWT,48,4155.62,70,0,1,1839.4,2328.5,489.1,2,2,60.5,0.0,197.7,223.3,7.5,60.5
2026-09-19 23:31:07,mfsweep_shard0,SPT_SRWT,48,4155.62,71,0,1,1865.7,2306.5,440.8,2,2,84.7,0.0,167.6,188.5,0.0,84.7
2026-09-19 23:31:07,mfsweep_shard0,SPT_SRWT,48,4155.62,72,0,1,1892.0,2550.6,658.6,2,2,82.5,0.0,223.0,199.9,153.3,82.5
2026-09-19 23:31:07,mfsweep_shard0,SPT_SRWT,48,4155.62,73,0,1,1918.3,2351.4,433.1,2,2,63.9,0.0,216.2,152.9,0.0,63.9
2026-09-19 23:31:07,mfsweep_shard0,SPT_SRWT,48,4155.62,74,0,1,1944.5,2624.9,680.3,2,2,75.2,0.0,113.2,315.0,177.0,75.2
2026-09-19 23:31:07,mfsweep_shard0,SPT_SRWT,48,4155.62,75,0,1,1970.8,2523.1,552.3,2,2,66.6,0.0,187.4,197.6,100.6,66.6
2026-09-19 23:31:07,mfsweep_shard0,SPT_SRWT,48,4155.62,76,0,1,1997.1,2583.1,586.0,2,2,83.7,0.0,129.6,145.9,226.7,83.7
2026-09-19 23:31:07,mfsweep_shard0,SPT_SRWT,48,4155.62,77,0,1,2023.4,2545.9,522.5,2,2,68.7,0.0,159.4,124.0,170.3,68.7
2026-09-19 23:31:07,mfsweep_shard0,SPT_SRWT,48,4155.62,78,0,1,2049.6,2383.3,333.7,2,2,62.3,0.0,82.3,113.9,75.2,62.3
2026-09-19 23:31:07,mfsweep_shard0,SPT_SRWT,48,4155.62,79,0,1,2075.9,2779.7,703.8,2,2,61.7,0.0,422.3,184.8,34.9,61.7
2026-09-19 23:31:07,mfsweep_shard0,SPT_SRWT,48,4155.62,80,0,1,2102.2,3020.3,918.1,2,2,72.1,0.0,345.9,417.3,82.8,72.1
2026-09-19 23:31:07,mfsweep_shard0,SPT_SRWT,48,4155.62,81,0,1,2128.5,2563.7,435.2,2,2,62.2,0.0,175.5,197.5,0.0,62.2
2026-09-19 23:31:07,mfsweep_shard0,SPT_SRWT,48,4155.62,82,0,1,2154.7,2448.1,293.4,2,2,72.8,0.0,87.0,133.5,0.0,72.8
2026-09-19 23:31:07,mfsweep_shard0,SPT_SRWT,48,4155.62,83,0,1,2181.0,2615.5,434.5,2,2,83.2,0.0,158.2,182.1,11.0,83.2
2026-09-19 23:31:07,mfsweep_shard0,SPT_SRWT,48,4155.62,84,0,1,2207.3,2833.9,626.6,2,2,66.7,0.0,404.6,142.2,13.1,66.7
2026-09-19 23:31:07,mfsweep_shard0,SPT_SRWT,48,4155.62,85,0,1,2233.6,2708.9,475.4,2,2,60.8,0.0,271.0,134.2,9.3,60.8
2026-09-19 23:31:07,mfsweep_shard0,SPT_SRWT,48,4155.62,86,0,1,2259.9,2788.3,528.4,2,2,86.5,0.0,130.0,195.4,116.6,86.5
2026-09-19 23:31:07,mfsweep_shard0,SPT_SRWT,48,4155.62,87,0,1,2286.1,2752.6,466.4,2,2,70.4,0.0,210.7,134.0,51.4,70.4
2026-09-19 23:31:07,mfsweep_shard0,SPT_SRWT,48,4155.62,88,0,1,2312.4,2743.0,430.6,2,2,56.5,0.0,182.6,131.6,59.9,56.5
2026-09-19 23:31:07,mfsweep_shard0,SPT_SRWT,48,4155.62,89,0,1,2338.7,2757.1,418.4,2,2,55.1,0.0,203.4,145.0,14.9,55.1
2026-09-19 23:31:07,mfsweep_shard0,SPT_SRWT,48,4155.62,90,0,1,2365.0,2986.0,621.0,2,2,57.2,0.0,449.0,113.5,1.3,57.2
2026-09-19 23:31:07,mfsweep_shard0,SPT_SRWT,48,4155.62,91,0,1,2391.2,2890.9,499.7,2,2,74.3,0.0,157.0,268.3,0.0,74.3
2026-09-19 23:31:07,mfsweep_shard0,SPT_SRWT,48,4155.62,92,0,1,2417.5,2838.8,421.3,2,2,79.7,0.0,141.2,115.0,85.4,79.7
2026-09-19 23:31:07,mfsweep_shard0,SPT_SRWT,48,4155.62,93,0,1,2443.8,3338.1,894.3,2,2,67.5,0.0,266.7,546.0,14.1,67.5
2026-09-19 23:31:07,mfsweep_shard0,SPT_SRWT,48,4155.62,94,0,1,2470.1,3135.3,665.2,2,2,55.6,0.0,427.7,167.2,14.7,55.6
2026-09-19 23:31:07,mfsweep_shard0,SPT_SRWT,48,4155.62,95,0,1,2496.4,2977.3,480.9,2,2,66.1,0.0,260.6,124.7,29.5,66.1
2026-09-19 23:31:07,mfsweep_shard0,SPT_SRWT,48,4155.62,96,0,1,2522.6,3212.6,690.0,2,2,86.4,0.0,193.4,290.5,110.6,95.5
2026-09-19 23:31:07,mfsweep_shard0,SPT_SRWT,48,4155.62,97,0,1,2548.9,2898.7,349.7,2,2,71.0,0.0,136.9,90.8,51.0,71.0
2026-09-19 23:31:07,mfsweep_shard0,SPT_SRWT,48,4155.62,98,0,1,2575.2,3040.1,464.9,2,2,85.6,0.0,233.7,145.6,0.0,85.6
2026-09-19 23:31:07,mfsweep_shard0,SPT_SRWT,48,4155.62,99,0,1,2601.5,3044.8,443.3,2,2,82.0,0.0,184.9,134.6,41.8,82.0
2026-09-19 23:31:07,mfsweep_shard0,SPT_SRWT,48,4155.62,100,0,1,2627.7,3093.3,465.6,2,2,53.9,0.0,270.6,141.1,0.0,53.9
2026-09-19 23:31:07,mfsweep_shard0,SPT_SRWT,48,4155.62,101,0,1,2654.0,3383.2,729.2,2,2,77.3,0.0,274.4,356.4,10.4,87.9
2026-09-19 23:31:07,mfsweep_shard0,SPT_SRWT,48,4155.62,102,0,1,2680.3,3049.5,369.2,2,2,76.0,0.0,133.0,140.1,20.0,76.0
2026-09-19 23:31:07,mfsweep_shard0,SPT_SRWT,48,4155.62,103,0,1,2706.6,3180.3,473.7,2,2,71.3,0.0,236.1,137.9,28.5,71.3
2026-09-19 23:31:07,mfsweep_shard0,SPT_SRWT,48,4155.62,104,0,1,2732.9,3352.4,619.5,2,2,62.4,0.0,322.6,224.3,10.2,62.4
2026-09-19 23:31:07,mfsweep_shard0,SPT_SRWT,48,4155.62,105,0,1,2759.1,3193.4,434.3,2,2,74.7,0.0,182.8,141.2,35.5,74.7
2026-09-19 23:31:07,mfsweep_shard0,SPT_SRWT,48,4155.62,106,0,1,2785.4,3295.9,510.5,2,2,57.2,0.0,297.3,145.7,10.3,57.2
2026-09-19 23:31:07,mfsweep_shard0,SPT_SRWT,48,4155.62,107,0,1,2811.7,3225.9,414.3,2,2,67.9,0.0,211.3,135.0,0.0,67.9
2026-09-19 23:31:07,mfsweep_shard0,SPT_SRWT,48,4155.62,108,0,1,2838.0,3423.9,585.9,2,2,68.5,0.0,335.5,181.9,0.0,68.5
2026-09-19 23:31:07,mfsweep_shard0,SPT_SRWT,48,4155.62,109,0,1,2864.2,4155.6,1291.4,2,2,85.0,0.0,515.3,155.3,535.7,85.0
2026-09-19 23:31:07,mfsweep_shard0,SPT_SRWT,48,4155.62,110,0,1,2890.5,3259.6,369.1,2,2,82.4,0.0,144.9,141.7,0.0,82.4
2026-09-19 23:31:07,mfsweep_shard0,SPT_SRWT,48,4155.62,111,0,1,2916.8,3618.2,701.4,2,2,62.2,0.0,360.2,165.8,88.5,86.9
2026-09-19 23:31:07,mfsweep_shard0,SPT_SRWT,48,4155.62,112,0,1,2943.1,3432.8,489.8,2,2,70.1,0.0,231.1,138.1,50.4,70.1
2026-09-19 23:31:07,mfsweep_shard0,SPT_SRWT,48,4155.62,113,0,1,2969.3,3749.0,779.7,2,2,59.4,0.0,575.4,97.5,47.3,59.4
2026-09-19 23:31:07,mfsweep_shard0,SPT_SRWT,48,4155.62,114,0,1,2995.6,3315.0,319.3,2,2,83.7,0.0,128.5,107.1,0.0,83.7
2026-09-19 23:31:07,mfsweep_shard0,SPT_SRWT,48,4155.62,115,0,1,3021.9,3559.7,537.8,2,2,82.3,0.0,125.1,128.4,202.0,82.3
2026-09-19 23:31:07,mfsweep_shard0,SPT_SRWT,48,4155.62,116,0,1,3048.2,3568.8,520.6,2,2,63.4,0.0,241.2,168.7,47.3,63.4
2026-09-19 23:31:07,mfsweep_shard0,SPT_SRWT,48,4155.62,117,0,1,3074.5,3772.4,697.9,2,2,74.6,0.1,199.5,159.6,264.2,74.6
2026-09-19 23:31:07,mfsweep_shard0,SPT_SRWT,48,4155.62,118,0,1,3100.7,3735.0,634.3,2,2,73.6,0.0,363.4,121.5,75.8,73.6
2026-09-19 23:31:07,mfsweep_shard0,SPT_SRWT,48,4155.62,119,0,1,3127.0,3457.4,330.3,2,2,58.6,0.0,134.4,113.9,23.4,58.6
2026-09-19 23:31:07,mfsweep_shard0,SPT_SRWT,48,4155.62,120,0,1,3153.3,3835.5,682.2,2,2,78.7,0.0,253.3,125.1,225.1,78.7
2026-09-19 23:31:07,mfsweep_shard0,SPT_SRWT,48,4155.62,121,0,1,3179.6,3650.4,470.8,2,2,71.3,0.0,254.2,113.2,32.1,71.3
2026-09-19 23:31:07,mfsweep_shard0,SPT_SRWT,48,4155.62,122,0,1,3205.8,3799.3,593.4,2,2,79.2,0.0,243.2,87.1,183.8,79.2
2026-09-19 23:31:07,mfsweep_shard0,SPT_SRWT,48,4155.62,123,0,1,3232.1,3613.5,381.4,2,2,71.0,0.0,199.6,110.8,0.0,71.0
2026-09-19 23:31:07,mfsweep_shard0,SPT_SRWT,48,4155.62,124,0,1,3258.4,3974.2,715.8,2,2,53.6,0.0,325.2,282.5,35.3,72.7
2026-09-19 23:31:07,mfsweep_shard0,SPT_SRWT,48,4155.62,125,0,1,3284.7,3767.6,482.9,2,2,64.2,0.0,224.5,161.3,32.9,64.2
2026-09-19 23:31:07,mfsweep_shard0,SPT_SRWT,48,4155.62,126,0,1,3311.0,3721.1,410.1,2,2,54.2,0.0,219.1,106.1,30.7,54.2
2026-09-19 23:31:07,mfsweep_shard0,SPT_SRWT,48,4155.62,127,0,1,3337.2,3926.0,588.8,2,2,84.2,0.0,166.5,98.0,240.0,84.2
2026-09-19 23:31:07,mfsweep_shard0,SPT_SRWT,48,4155.62,128,0,1,3363.5,4121.7,758.2,2,2,82.5,0.1,300.5,188.9,186.2,82.5
2026-09-19 23:31:07,mfsweep_shard0,SPT_SRWT,48,4155.62,129,0,1,3389.8,3867.7,478.0,2,2,81.0,0.0,252.1,88.9,55.9,81.0
2026-09-19 23:31:07,mfsweep_shard0,SPT_SRWT,48,4155.62,130,0,1,3416.1,3702.7,286.7,2,2,63.7,0.0,138.0,84.9,0.0,63.7
2026-09-19 23:31:07,mfsweep_shard0,SPT_SRWT,48,4155.62,131,0,1,3442.3,4016.4,574.1,2,2,55.5,0.0,279.9,192.6,46.1,55.5
2026-09-19 23:31:07,mfsweep_shard0,SPT_SRWT,48,4155.62,132,0,1,3468.6,3944.1,475.5,2,2,82.5,0.0,157.1,235.8,0.0,82.5
2026-09-19 23:31:07,mfsweep_shard0,SPT_SRWT,48,4155.62,133,0,1,3494.9,4086.8,591.9,2,2,84.8,0.1,224.4,163.2,119.4,84.8
2026-09-19 23:31:07,mfsweep_shard0,SPT_SRWT,48,4155.62,134,0,1,3521.2,4001.5,480.4,2,2,56.4,0.0,145.9,216.3,61.7,56.4
2026-09-19 23:31:07,mfsweep_shard0,SPT_SRWT,48,4155.62,135,0,1,3547.5,4053.6,506.1,2,2,69.6,0.1,189.7,163.1,64.8,88.5
2026-09-19 23:31:07,mfsweep_shard0,SPT_SRWT,48,4155.62,136,0,1,3573.7,3957.7,383.9,2,2,55.8,0.1,143.5,175.1,9.4,55.8
2026-09-19 23:34:45,mfsweep_shard0,SPT_SRWT,49,3976.70,0,0,1,0.0,354.2,354.2,2,2,74.6,0.0,98.3,164.0,6.6,85.3
2026-09-19 23:34:45,mfsweep_shard0,SPT_SRWT,49,3976.70,1,0,1,26.3,208.8,182.5,2,2,54.4,0.0,60.0,68.1,0.0,54.4
2026-09-19 23:34:45,mfsweep_shard0,SPT_SRWT,49,3976.70,2,0,1,52.6,253.9,201.3,2,2,62.6,0.0,60.6,78.1,0.0,62.6
2026-09-19 23:34:45,mfsweep_shard0,SPT_SRWT,49,3976.70,3,0,1,78.8,281.8,203.0,2,2,60.9,0.0,70.5,71.5,0.0,60.9
2026-09-19 23:34:45,mfsweep_shard0,SPT_SRWT,49,3976.70,4,0,1,105.1,312.7,207.5,2,2,77.8,0.0,59.8,69.8,0.0,77.8
2026-09-19 23:34:45,mfsweep_shard0,SPT_SRWT,49,3976.70,5,0,1,131.4,469.2,337.8,2,2,75.9,0.0,94.7,165.3,0.0,77.7
2026-09-19 23:34:45,mfsweep_shard0,SPT_SRWT,49,3976.70,6,0,1,157.7,403.2,245.6,2,2,83.0,0.0,74.2,88.3,0.0,83.0
2026-09-19 23:34:45,mfsweep_shard0,SPT_SRWT,49,3976.70,7,0,1,183.9,424.9,241.0,2,2,56.4,0.0,96.9,87.6,0.0,56.4
2026-09-19 23:34:45,mfsweep_shard0,SPT_SRWT,49,3976.70,8,0,1,210.2,464.4,254.2,2,2,67.5,0.0,73.1,101.0,12.6,67.5
2026-09-19 23:34:45,mfsweep_shard0,SPT_SRWT,49,3976.70,9,0,1,236.5,527.8,291.3,2,2,54.5,0.0,99.0,93.2,44.6,54.5
2026-09-19 23:34:45,mfsweep_shard0,SPT_SRWT,49,3976.70,10,0,1,262.8,541.9,279.1,2,2,60.8,0.0,93.0,125.3,0.0,60.8
2026-09-19 23:34:45,mfsweep_shard0,SPT_SRWT,49,3976.70,11,0,1,289.1,556.2,267.1,2,2,70.2,0.0,91.0,99.7,6.2,70.2
2026-09-19 23:34:45,mfsweep_shard0,SPT_SRWT,49,3976.70,12,0,1,315.3,585.9,270.6,2,2,54.4,0.0,113.2,103.0,0.0,54.4
2026-09-19 23:34:45,mfsweep_shard0,SPT_SRWT,49,3976.70,13,0,1,341.6,590.7,249.1,2,2,60.1,0.0,73.2,115.8,0.0,60.1
2026-09-19 23:34:45,mfsweep_shard0,SPT_SRWT,49,3976.70,14,0,1,367.9,630.6,262.7,2,2,75.0,0.0,101.2,86.5,0.0,75.0
2026-09-19 23:34:45,mfsweep_shard0,SPT_SRWT,49,3976.70,15,0,1,394.2,691.3,297.1,2,2,71.5,0.0,103.6,122.0,0.0,71.5
2026-09-19 23:34:45,mfsweep_shard0,SPT_SRWT,49,3976.70,16,0,1,420.4,686.7,266.3,2,2,60.8,0.0,108.9,96.5,0.0,60.8
2026-09-19 23:34:45,mfsweep_shard0,SPT_SRWT,49,3976.70,17,0,1,446.7,770.9,324.2,2,2,73.0,0.0,109.0,142.2,0.0,73.0
2026-09-19 23:34:45,mfsweep_shard0,SPT_SRWT,49,3976.70,18,0,1,473.0,766.4,293.4,2,2,80.3,0.0,107.2,105.9,0.0,80.3
2026-09-19 23:34:45,mfsweep_shard0,SPT_SRWT,49,3976.70,19,0,1,499.3,761.7,262.4,2,2,53.8,0.0,97.3,111.3,0.0,53.8
2026-09-19 23:34:45,mfsweep_shard0,SPT_SRWT,49,3976.70,20,0,1,525.6,864.5,338.9,2,2,80.1,0.0,94.9,163.9,0.0,80.1
2026-09-19 23:34:45,mfsweep_shard0,SPT_SRWT,49,3976.70,21,0,1,551.8,803.0,251.2,2,2,76.6,0.0,76.7,97.9,0.0,76.6
2026-09-19 23:34:45,mfsweep_shard0,SPT_SRWT,49,3976.70,22,0,1,578.1,816.9,238.8,2,2,64.8,0.0,83.4,90.6,0.0,64.8
2026-09-19 23:34:45,mfsweep_shard0,SPT_SRWT,49,3976.70,23,0,1,604.4,860.2,255.8,2,2,58.7,0.0,84.5,84.8,27.8,58.7
2026-09-19 23:34:45,mfsweep_shard0,SPT_SRWT,49,3976.70,24,0,1,630.7,891.5,260.9,2,2,85.1,0.0,86.1,89.6,0.0,85.1
2026-09-19 23:34:45,mfsweep_shard0,SPT_SRWT,49,3976.70,25,0,1,656.9,913.9,257.0,2,2,64.7,0.0,80.8,111.5,0.0,64.7
2026-09-19 23:34:45,mfsweep_shard0,SPT_SRWT,49,3976.70,26,0,1,683.2,964.0,280.7,2,2,56.6,0.0,99.6,124.6,0.0,56.6
2026-09-19 23:34:45,mfsweep_shard0,SPT_SRWT,49,3976.70,27,0,1,709.5,949.8,240.3,2,2,56.7,0.0,94.5,89.1,0.0,56.7
2026-09-19 23:34:45,mfsweep_shard0,SPT_SRWT,49,3976.70,28,0,1,735.8,994.3,258.5,2,2,81.5,0.0,95.2,81.7,0.0,81.5
2026-09-19 23:34:45,mfsweep_shard0,SPT_SRWT,49,3976.70,29,0,1,762.0,1047.0,285.0,2,2,73.5,0.0,116.8,94.6,0.0,73.5
2026-09-19 23:34:45,mfsweep_shard0,SPT_SRWT,49,3976.70,30,0,1,788.3,1083.5,295.1,2,2,80.2,0.0,73.5,141.4,0.0,80.2
2026-09-19 23:34:45,mfsweep_shard0,SPT_SRWT,49,3976.70,31,0,1,814.6,1070.6,256.0,2,2,77.6,0.0,92.2,78.1,8.1,77.6
2026-09-19 23:34:45,mfsweep_shard0,SPT_SRWT,49,3976.70,32,0,1,840.9,1159.0,318.1,2,2,71.2,0.0,133.5,113.4,0.0,71.2
2026-09-19 23:34:45,mfsweep_shard0,SPT_SRWT,49,3976.70,33,0,1,867.2,1460.6,593.5,2,2,85.7,0.0,102.7,151.6,228.3,110.9
2026-09-19 23:34:45,mfsweep_shard0,SPT_SRWT,49,3976.70,34,0,1,893.4,1333.3,439.9,2,2,66.0,0.0,150.8,182.7,22.7,83.6
2026-09-19 23:34:45,mfsweep_shard0,SPT_SRWT,49,3976.70,35,0,1,919.7,1404.3,484.5,2,2,71.8,0.1,205.9,146.3,60.6,71.8
2026-09-19 23:34:45,mfsweep_shard0,SPT_SRWT,49,3976.70,36,0,1,946.0,1233.5,287.5,2,2,80.9,0.0,91.3,115.2,0.0,80.9
2026-09-19 23:34:45,mfsweep_shard0,SPT_SRWT,49,3976.70,37,0,1,972.3,1328.6,356.3,2,2,74.0,0.0,143.6,97.0,41.7,74.0
2026-09-19 23:34:45,mfsweep_shard0,SPT_SRWT,49,3976.70,38,0,1,998.5,1301.7,303.1,2,2,82.0,0.0,86.2,134.9,0.0,82.0
2026-09-19 23:34:45,mfsweep_shard0,SPT_SRWT,49,3976.70,39,0,1,1024.8,1312.5,287.7,2,2,72.6,0.0,129.9,85.1,0.0,72.6
2026-09-19 23:34:45,mfsweep_shard0,SPT_SRWT,49,3976.70,40,0,1,1051.1,1436.9,385.8,2,2,76.8,0.0,85.1,140.9,83.0,76.8
2026-09-19 23:34:45,mfsweep_shard0,SPT_SRWT,49,3976.70,41,0,1,1077.4,1342.3,264.9,2,2,55.1,0.0,119.7,90.1,0.0,55.1
2026-09-19 23:34:45,mfsweep_shard0,SPT_SRWT,49,3976.70,42,0,1,1103.7,1348.3,244.6,2,2,61.1,0.0,96.0,78.3,9.2,61.1
2026-09-19 23:34:45,mfsweep_shard0,SPT_SRWT,49,3976.70,43,0,1,1129.9,1399.6,269.6,2,2,63.1,0.0,110.1,93.5,3.0,63.1
2026-09-19 23:34:45,mfsweep_shard0,SPT_SRWT,49,3976.70,44,0,1,1156.2,1388.5,232.3,2,2,56.2,0.0,57.9,90.2,28.0,56.2
2026-09-19 23:34:45,mfsweep_shard0,SPT_SRWT,49,3976.70,45,0,1,1182.5,1497.5,315.0,2,2,61.2,0.0,137.4,116.3,0.0,61.2
2026-09-19 23:34:45,mfsweep_shard0,SPT_SRWT,49,3976.70,46,0,1,1208.8,1511.2,302.5,2,2,56.9,0.0,117.8,111.9,15.9,56.9
2026-09-19 23:34:45,mfsweep_shard0,SPT_SRWT,49,3976.70,47,0,1,1235.0,1583.0,347.9,2,2,62.7,0.0,99.6,167.8,17.8,62.7
2026-09-19 23:34:45,mfsweep_shard0,SPT_SRWT,49,3976.70,48,0,1,1261.3,1555.7,294.4,2,2,74.5,0.0,133.3,86.6,0.0,74.5
2026-09-19 23:34:45,mfsweep_shard0,SPT_SRWT,49,3976.70,49,0,1,1287.6,1597.5,309.9,2,2,65.6,0.0,70.4,127.2,46.7,65.6
2026-09-19 23:34:45,mfsweep_shard0,SPT_SRWT,49,3976.70,50,0,1,1313.9,1735.0,421.1,2,2,65.8,0.0,160.4,172.2,0.0,88.6
2026-09-19 23:34:45,mfsweep_shard0,SPT_SRWT,49,3976.70,51,0,1,1340.2,1614.4,274.2,2,2,60.5,0.0,95.8,109.1,8.9,60.5
2026-09-19 23:34:45,mfsweep_shard0,SPT_SRWT,49,3976.70,52,0,1,1366.4,1677.5,311.1,2,2,62.4,0.0,93.5,155.2,0.0,62.4
2026-09-19 23:34:45,mfsweep_shard0,SPT_SRWT,49,3976.70,53,0,1,1392.7,1796.3,403.6,2,2,84.5,0.1,151.9,134.7,32.4,84.5
2026-09-19 23:34:45,mfsweep_shard0,SPT_SRWT,49,3976.70,54,0,1,1419.0,1696.3,277.3,2,2,74.9,0.0,107.8,94.5,0.0,74.9
2026-09-19 23:34:45,mfsweep_shard0,SPT_SRWT,49,3976.70,55,0,1,1445.3,1783.6,338.3,2,2,73.6,0.0,72.9,191.7,0.0,73.6
2026-09-19 23:34:45,mfsweep_shard0,SPT_SRWT,49,3976.70,56,0,1,1471.5,1850.3,378.7,2,2,59.2,0.0,125.4,144.6,49.5,59.2
2026-09-19 23:34:45,mfsweep_shard0,SPT_SRWT,49,3976.70,57,0,1,1497.8,2356.5,858.6,2,2,77.6,0.0,287.2,193.7,202.9,174.9
2026-09-19 23:34:45,mfsweep_shard0,SPT_SRWT,49,3976.70,58,0,1,1524.1,1991.5,467.4,2,2,58.9,0.0,192.4,135.0,81.0,58.9
2026-09-19 23:34:45,mfsweep_shard0,SPT_SRWT,49,3976.70,59,0,1,1550.4,1837.1,286.7,2,2,66.1,0.0,110.3,110.3,0.0,66.1
2026-09-19 23:34:45,mfsweep_shard0,SPT_SRWT,49,3976.70,60,0,1,1576.6,1895.1,318.5,2,2,86.2,0.0,63.4,125.9,43.0,86.2
2026-09-19 23:34:45,mfsweep_shard0,SPT_SRWT,49,3976.70,61,0,1,1602.9,1918.2,315.3,2,2,74.7,0.0,132.5,108.2,0.0,74.7
2026-09-19 23:34:45,mfsweep_shard0,SPT_SRWT,49,3976.70,62,0,1,1629.2,2009.4,380.2,2,2,71.9,0.0,140.1,160.4,7.7,71.9
2026-09-19 23:34:45,mfsweep_shard0,SPT_SRWT,49,3976.70,63,0,1,1655.5,1953.1,297.6,2,2,76.1,0.0,99.7,81.1,40.6,76.1
2026-09-19 23:34:45,mfsweep_shard0,SPT_SRWT,49,3976.70,64,0,1,1681.8,2070.8,389.1,2,2,81.4,0.0,110.3,101.2,96.2,81.4
2026-09-19 23:34:45,mfsweep_shard0,SPT_SRWT,49,3976.70,65,0,1,1708.0,2057.5,349.4,2,2,79.2,0.0,127.9,142.4,0.0,79.2
2026-09-19 23:34:45,mfsweep_shard0,SPT_SRWT,49,3976.70,66,0,1,1734.3,2116.5,382.2,2,2,61.1,0.0,122.9,139.2,58.9,61.1
2026-09-19 23:34:45,mfsweep_shard0,SPT_SRWT,49,3976.70,67,0,1,1760.6,2110.9,350.3,2,2,54.6,0.0,79.9,152.3,63.5,54.6
2026-09-19 23:34:45,mfsweep_shard0,SPT_SRWT,49,3976.70,68,0,1,1786.9,2177.1,390.3,2,2,64.0,0.0,118.7,121.3,86.3,64.0
2026-09-19 23:34:45,mfsweep_shard0,SPT_SRWT,49,3976.70,69,0,1,1813.1,2137.4,324.3,2,2,62.4,0.0,98.3,129.9,33.7,62.4
2026-09-19 23:34:45,mfsweep_shard0,SPT_SRWT,49,3976.70,70,0,1,1839.4,2165.8,326.4,2,2,60.5,0.0,86.0,116.5,63.4,60.5
2026-09-19 23:34:45,mfsweep_shard0,SPT_SRWT,49,3976.70,71,0,1,1865.7,2458.8,593.1,2,2,84.7,0.0,166.2,186.3,133.1,107.4
2026-09-19 23:34:45,mfsweep_shard0,SPT_SRWT,49,3976.70,72,0,1,1892.0,2222.0,330.0,2,2,82.5,0.0,95.6,111.6,40.3,82.5
2026-09-19 23:34:45,mfsweep_shard0,SPT_SRWT,49,3976.70,73,0,1,1918.3,2239.8,321.6,2,2,63.9,0.0,104.8,140.9,12.0,63.9
2026-09-19 23:34:45,mfsweep_shard0,SPT_SRWT,49,3976.70,74,0,1,1944.5,2244.5,299.9,2,2,75.2,0.0,110.1,114.7,0.0,75.2
2026-09-19 23:34:45,mfsweep_shard0,SPT_SRWT,49,3976.70,75,0,1,1970.8,2316.7,345.9,2,2,66.6,0.0,125.1,121.1,33.1,66.6
2026-09-19 23:34:45,mfsweep_shard0,SPT_SRWT,49,3976.70,76,0,1,1997.1,2394.2,397.1,2,2,83.7,0.0,108.6,133.8,71.0,83.7
2026-09-19 23:34:45,mfsweep_shard0,SPT_SRWT,49,3976.70,77,0,1,2023.4,2384.8,361.4,2,2,68.7,0.0,84.3,168.1,40.3,68.7
2026-09-19 23:34:45,mfsweep_shard0,SPT_SRWT,49,3976.70,78,0,1,2049.6,2598.8,549.1,2,2,62.3,0.1,243.6,153.3,89.9,62.3
2026-09-19 23:34:45,mfsweep_shard0,SPT_SRWT,49,3976.70,79,0,1,2075.9,2467.4,391.5,2,2,61.7,0.1,198.6,122.3,8.8,61.7
2026-09-19 23:34:45,mfsweep_shard0,SPT_SRWT,49,3976.70,80,0,1,2102.2,2441.5,339.3,2,2,72.1,0.0,143.6,115.3,8.3,72.1
2026-09-19 23:34:45,mfsweep_shard0,SPT_SRWT,49,3976.70,81,0,1,2128.5,2541.5,413.0,2,2,62.2,0.0,191.6,121.7,37.5,62.2
2026-09-19 23:34:45,mfsweep_shard0,SPT_SRWT,49,3976.70,82,0,1,2154.7,2633.2,478.5,2,2,72.8,0.0,175.0,139.4,91.2,72.8
2026-09-19 23:34:45,mfsweep_shard0,SPT_SRWT,49,3976.70,83,0,1,2181.0,2696.8,515.7,2,2,83.2,0.0,295.0,137.6,0.0,83.2
2026-09-19 23:34:45,mfsweep_shard0,SPT_SRWT,49,3976.70,84,0,1,2207.3,2611.3,404.0,2,2,66.7,0.0,173.3,147.0,17.0,66.7
2026-09-19 23:34:45,mfsweep_shard0,SPT_SRWT,49,3976.70,85,0,1,2233.6,2528.3,294.7,2,2,60.8,0.0,109.7,124.3,0.0,60.8
2026-09-19 23:34:45,mfsweep_shard0,SPT_SRWT,49,3976.70,86,0,1,2259.9,2836.2,576.3,2,2,86.5,0.0,313.4,176.4,0.0,86.5
2026-09-19 23:34:45,mfsweep_shard0,SPT_SRWT,49,3976.70,87,0,1,2286.1,2647.1,361.0,2,2,70.4,0.0,148.3,142.3,0.0,70.4
2026-09-19 23:34:45,mfsweep_shard0,SPT_SRWT,49,3976.70,88,0,1,2312.4,2735.9,423.5,2,2,56.5,0.0,225.2,141.8,0.0,56.5
2026-09-19 23:34:45,mfsweep_shard0,SPT_SRWT,49,3976.70,89,0,1,2338.7,2755.2,416.5,2,2,55.1,0.0,188.0,173.4,0.0,55.1
2026-09-19 23:34:45,mfsweep_shard0,SPT_SRWT,49,3976.70,90,0,1,2365.0,2918.3,553.3,2,2,57.2,0.0,272.7,197.8,25.6,57.2
2026-09-19 23:34:45,mfsweep_shard0,SPT_SRWT,49,3976.70,91,0,1,2391.2,2792.9,401.7,2,2,74.3,0.0,170.4,142.2,14.8,74.3
2026-09-19 23:34:45,mfsweep_shard0,SPT_SRWT,49,3976.70,92,0,1,2417.5,2877.5,460.0,2,2,79.7,0.0,207.9,127.2,45.2,79.7
2026-09-19 23:34:45,mfsweep_shard0,SPT_SRWT,49,3976.70,93,0,1,2443.8,2802.0,358.2,2,2,67.5,0.0,159.8,130.9,0.0,67.5
2026-09-19 23:34:45,mfsweep_shard0,SPT_SRWT,49,3976.70,94,0,1,2470.1,2867.9,397.9,2,2,55.6,0.0,203.4,138.8,0.0,55.6
2026-09-19 23:34:45,mfsweep_shard0,SPT_SRWT,49,3976.70,95,0,1,2496.4,2779.2,282.8,2,2,66.1,0.0,87.7,128.9,0.0,66.1
2026-09-19 23:34:45,mfsweep_shard0,SPT_SRWT,49,3976.70,96,0,1,2522.6,3154.6,631.9,2,2,86.4,0.0,349.8,165.8,0.0,116.2
2026-09-19 23:34:45,mfsweep_shard0,SPT_SRWT,49,3976.70,97,0,1,2548.9,2948.7,399.8,2,2,71.0,0.0,197.6,131.1,0.0,71.0
2026-09-19 23:34:45,mfsweep_shard0,SPT_SRWT,49,3976.70,98,0,1,2575.2,3110.4,535.2,2,2,85.6,0.0,275.8,150.3,23.5,85.6
2026-09-19 23:34:45,mfsweep_shard0,SPT_SRWT,49,3976.70,99,0,1,2601.5,2923.0,321.6,2,2,82.0,0.0,124.1,115.5,0.0,82.0
2026-09-19 23:34:45,mfsweep_shard0,SPT_SRWT,49,3976.70,100,0,1,2627.7,3064.0,436.2,2,2,53.9,0.0,147.0,190.6,44.7,53.9
2026-09-19 23:34:45,mfsweep_shard0,SPT_SRWT,49,3976.70,101,0,1,2654.0,3158.9,504.9,2,2,77.3,0.0,182.2,147.6,97.8,77.3
2026-09-19 23:34:45,mfsweep_shard0,SPT_SRWT,49,3976.70,102,0,1,2680.3,3025.2,344.9,2,2,76.0,0.0,136.1,132.7,0.0,76.0
2026-09-19 23:34:45,mfsweep_shard0,SPT_SRWT,49,3976.70,103,0,1,2706.6,3237.4,530.8,2,2,71.3,0.0,321.6,109.6,28.3,71.3
2026-09-19 23:34:45,mfsweep_shard0,SPT_SRWT,49,3976.70,104,0,1,2732.9,3188.9,456.1,2,2,62.4,0.0,197.6,142.8,53.3,62.4
2026-09-19 23:34:45,mfsweep_shard0,SPT_SRWT,49,3976.70,105,0,1,2759.1,3395.6,636.5,2,2,74.7,0.0,247.1,132.3,161.2,95.9
2026-09-19 23:34:45,mfsweep_shard0,SPT_SRWT,49,3976.70,106,0,1,2785.4,3284.8,499.4,2,2,57.2,0.0,240.7,189.4,12.1,57.2
2026-09-19 23:34:45,mfsweep_shard0,SPT_SRWT,49,3976.70,107,0,1,2811.7,3223.3,411.7,2,2,67.9,0.0,236.1,107.6,0.0,67.9
2026-09-19 23:34:45,mfsweep_shard0,SPT_SRWT,49,3976.70,108,0,1,2838.0,3312.5,474.5,2,2,68.5,0.0,216.4,126.6,62.9,68.5
2026-09-19 23:34:45,mfsweep_shard0,SPT_SRWT,49,3976.70,109,0,1,2864.2,3544.9,680.7,2,2,85.0,0.0,175.7,111.3,308.6,85.0
2026-09-19 23:34:45,mfsweep_shard0,SPT_SRWT,49,3976.70,110,0,1,2890.5,3228.2,337.6,2,2,82.4,0.0,128.9,122.8,3.5,82.4
2026-09-19 23:34:45,mfsweep_shard0,SPT_SRWT,49,3976.70,111,0,1,2916.8,3321.2,404.4,2,2,62.2,0.0,152.1,93.6,96.4,62.2
2026-09-19 23:34:45,mfsweep_shard0,SPT_SRWT,49,3976.70,112,0,1,2943.1,3303.2,360.1,2,2,70.1,0.0,149.1,124.3,16.6,70.1
2026-09-19 23:34:45,mfsweep_shard0,SPT_SRWT,49,3976.70,113,0,1,2969.3,3293.6,324.3,2,2,59.4,0.0,149.9,104.3,10.6,59.4
2026-09-19 23:34:45,mfsweep_shard0,SPT_SRWT,49,3976.70,114,0,1,2995.6,3502.7,507.1,2,2,83.7,0.0,122.0,199.5,101.8,83.7
2026-09-19 23:34:45,mfsweep_shard0,SPT_SRWT,49,3976.70,115,0,1,3021.9,3429.7,407.8,2,2,82.3,0.0,173.1,94.2,58.2,82.3
2026-09-19 23:34:45,mfsweep_shard0,SPT_SRWT,49,3976.70,116,0,1,3048.2,3579.9,531.7,2,2,63.4,0.0,367.1,73.9,27.2,63.4
2026-09-19 23:34:45,mfsweep_shard0,SPT_SRWT,49,3976.70,117,0,1,3074.5,3357.3,282.8,2,2,74.6,0.0,128.7,72.3,7.1,74.6
2026-09-19 23:34:45,mfsweep_shard0,SPT_SRWT,49,3976.70,118,0,1,3100.7,3498.0,397.2,2,2,73.6,0.0,221.5,102.1,0.0,73.6
2026-09-19 23:34:45,mfsweep_shard0,SPT_SRWT,49,3976.70,119,0,1,3127.0,3575.2,448.2,2,2,58.6,0.0,187.6,188.7,13.2,58.6
2026-09-19 23:34:45,mfsweep_shard0,SPT_SRWT,49,3976.70,120,0,1,3153.3,3537.9,384.7,2,2,78.7,0.0,157.6,79.6,68.7,78.7
2026-09-19 23:34:45,mfsweep_shard0,SPT_SRWT,49,3976.70,121,0,1,3179.6,3561.9,382.3,2,2,71.3,0.0,188.3,96.4,26.3,71.3
2026-09-19 23:34:45,mfsweep_shard0,SPT_SRWT,49,3976.70,122,0,1,3205.8,3661.4,455.5,2,2,79.2,0.0,278.2,98.0,0.0,79.2
2026-09-19 23:34:45,mfsweep_shard0,SPT_SRWT,49,3976.70,123,0,1,3232.1,3645.1,413.0,2,2,71.0,0.0,169.0,172.9,0.0,71.0
2026-09-19 23:34:45,mfsweep_shard0,SPT_SRWT,49,3976.70,124,0,1,3258.4,3684.8,426.4,2,2,53.6,0.0,281.6,77.0,14.2,53.6
2026-09-19 23:34:45,mfsweep_shard0,SPT_SRWT,49,3976.70,125,0,1,3284.7,3810.3,525.6,2,2,64.2,0.0,371.9,76.2,13.2,64.2
2026-09-19 23:34:45,mfsweep_shard0,SPT_SRWT,49,3976.70,126,0,1,3311.0,3705.1,394.2,2,2,54.2,0.0,225.6,81.0,33.3,54.2
2026-09-19 23:34:45,mfsweep_shard0,SPT_SRWT,49,3976.70,127,0,1,3337.2,3796.5,459.2,2,2,84.2,0.0,203.5,127.8,43.7,84.2
2026-09-19 23:34:45,mfsweep_shard0,SPT_SRWT,49,3976.70,128,0,1,3363.5,3727.9,364.4,2,2,82.5,0.0,177.6,104.3,0.0,82.5
2026-09-19 23:34:45,mfsweep_shard0,SPT_SRWT,49,3976.70,129,0,1,3389.8,3908.1,518.3,2,2,81.0,0.0,100.7,280.1,56.4,81.0
2026-09-19 23:34:45,mfsweep_shard0,SPT_SRWT,49,3976.70,130,0,1,3416.1,3791.6,375.6,2,2,63.7,0.0,166.0,123.4,22.4,63.7
2026-09-19 23:34:45,mfsweep_shard0,SPT_SRWT,49,3976.70,131,0,1,3442.3,3801.3,359.0,2,2,55.5,0.0,195.8,107.6,0.0,55.5
2026-09-19 23:34:45,mfsweep_shard0,SPT_SRWT,49,3976.70,132,0,1,3468.6,3976.7,508.1,2,2,82.5,0.0,150.6,110.0,164.9,82.5
2026-09-19 23:34:45,mfsweep_shard0,SPT_SRWT,49,3976.70,133,0,1,3494.9,3949.3,454.4,2,2,84.8,0.0,198.5,81.0,90.1,84.8
2026-09-19 23:34:45,mfsweep_shard0,SPT_SRWT,49,3976.70,134,0,1,3521.2,3837.5,316.3,2,2,56.4,0.0,96.5,138.7,24.7,56.4
2026-09-19 23:34:45,mfsweep_shard0,SPT_SRWT,49,3976.70,135,0,1,3547.5,3880.7,333.3,2,2,69.6,0.0,107.0,130.2,26.5,69.6
2026-09-19 23:34:45,mfsweep_shard0,SPT_SRWT,49,3976.70,136,0,1,3573.7,3828.4,254.7,2,2,55.8,0.0,107.7,91.2,0.0,55.8
2026-09-19 23:38:51,mfsweep_shard0,SPT_SRWT,50,4604.42,0,0,1,0.0,212.1,212.1,2,2,74.6,0.0,63.6,73.8,0.0,74.6
2026-09-19 23:38:51,mfsweep_shard0,SPT_SRWT,50,4604.42,1,0,1,26.3,238.7,212.4,2,2,54.4,0.0,76.2,81.8,0.0,54.4
2026-09-19 23:38:51,mfsweep_shard0,SPT_SRWT,50,4604.42,2,0,1,52.6,274.1,221.5,2,2,62.6,0.0,71.6,75.9,11.3,62.6
2026-09-19 23:38:51,mfsweep_shard0,SPT_SRWT,50,4604.42,3,0,1,78.8,300.1,221.3,2,2,60.9,0.0,71.8,88.5,0.0,60.9
2026-09-19 23:38:51,mfsweep_shard0,SPT_SRWT,50,4604.42,4,0,1,105.1,355.1,250.0,2,2,77.8,0.0,94.1,78.0,0.0,77.8
2026-09-19 23:38:51,mfsweep_shard0,SPT_SRWT,50,4604.42,5,0,1,131.4,480.9,349.5,2,2,75.9,0.0,160.6,99.6,0.1,89.1
2026-09-19 23:38:51,mfsweep_shard0,SPT_SRWT,50,4604.42,6,0,1,157.7,447.4,289.7,2,2,83.0,0.0,112.8,84.8,9.2,83.0
2026-09-19 23:38:51,mfsweep_shard0,SPT_SRWT,50,4604.42,7,0,1,183.9,560.0,376.1,2,2,56.4,0.0,179.3,90.2,50.1,56.4
2026-09-19 23:38:51,mfsweep_shard0,SPT_SRWT,50,4604.42,8,0,1,210.2,618.3,408.1,2,2,67.5,0.0,85.5,134.4,120.7,67.5
2026-09-19 23:38:51,mfsweep_shard0,SPT_SRWT,50,4604.42,9,0,1,236.5,523.0,286.5,2,2,54.5,0.0,83.2,113.9,34.8,54.5
2026-09-19 23:38:51,mfsweep_shard0,SPT_SRWT,50,4604.42,10,0,1,262.8,527.7,264.9,2,2,60.8,0.0,84.6,119.5,0.0,60.8
2026-09-19 23:38:51,mfsweep_shard0,SPT_SRWT,50,4604.42,11,0,1,289.1,541.6,252.6,2,2,70.2,0.0,90.5,91.8,0.0,70.2
2026-09-19 23:38:51,mfsweep_shard0,SPT_SRWT,50,4604.42,12,0,1,315.3,636.5,321.2,2,2,54.4,0.0,142.8,110.7,13.3,54.4
2026-09-19 23:38:51,mfsweep_shard0,SPT_SRWT,50,4604.42,13,0,1,341.6,590.6,249.0,2,2,60.1,0.0,97.2,91.7,0.0,60.1
2026-09-19 23:38:51,mfsweep_shard0,SPT_SRWT,50,4604.42,14,0,1,367.9,632.2,264.3,2,2,75.0,0.0,78.8,92.3,18.2,75.0
2026-09-19 23:38:51,mfsweep_shard0,SPT_SRWT,50,4604.42,15,0,1,394.2,679.5,285.3,2,2,71.5,0.0,95.1,111.9,6.7,71.5
2026-09-19 23:38:51,mfsweep_shard0,SPT_SRWT,50,4604.42,16,0,1,420.4,667.0,246.6,2,2,60.8,0.0,90.8,94.9,0.0,60.8
2026-09-19 23:38:51,mfsweep_shard0,SPT_SRWT,50,4604.42,17,0,1,446.7,697.7,251.0,2,2,73.0,0.0,74.7,103.2,0.0,73.0
2026-09-19 23:38:51,mfsweep_shard0,SPT_SRWT,50,4604.42,18,0,1,473.0,815.6,342.6,2,2,80.3,0.0,117.4,145.0,0.0,80.3
2026-09-19 23:38:51,mfsweep_shard0,SPT_SRWT,50,4604.42,19,0,1,499.3,758.5,259.2,2,2,53.8,0.0,100.2,105.3,0.0,53.8
2026-09-19 23:38:51,mfsweep_shard0,SPT_SRWT,50,4604.42,20,0,1,525.6,746.8,221.3,2,2,80.1,0.0,58.4,82.7,0.0,80.1
2026-09-19 23:38:51,mfsweep_shard0,SPT_SRWT,50,4604.42,21,0,1,551.8,824.8,273.0,2,2,76.6,0.0,104.9,91.5,0.0,76.6
2026-09-19 23:38:51,mfsweep_shard0,SPT_SRWT,50,4604.42,22,0,1,578.1,883.2,305.1,2,2,64.8,0.0,97.5,142.8,0.0,64.8
2026-09-19 23:38:51,mfsweep_shard0,SPT_SRWT,50,4604.42,23,0,1,604.4,820.3,215.9,2,2,58.7,0.0,64.4,92.8,0.0,58.7
2026-09-19 23:38:51,mfsweep_shard0,SPT_SRWT,50,4604.42,24,0,1,630.7,905.0,274.3,2,2,85.1,0.0,98.0,91.2,0.0,85.1
2026-09-19 23:38:51,mfsweep_shard0,SPT_SRWT,50,4604.42,25,0,1,656.9,916.1,259.2,2,2,64.7,0.0,78.0,116.5,0.0,64.7
2026-09-19 23:38:51,mfsweep_shard0,SPT_SRWT,50,4604.42,26,0,1,683.2,939.0,255.8,2,2,56.6,0.0,94.1,105.0,0.0,56.6
2026-09-19 23:38:51,mfsweep_shard0,SPT_SRWT,50,4604.42,27,0,1,709.5,988.9,279.4,2,2,56.7,0.0,115.9,101.8,4.9,56.7
2026-09-19 23:38:51,mfsweep_shard0,SPT_SRWT,50,4604.42,28,0,1,735.8,1035.5,299.7,2,2,81.5,0.0,103.3,114.9,0.0,81.5
2026-09-19 23:38:51,mfsweep_shard0,SPT_SRWT,50,4604.42,29,0,1,762.0,1090.8,328.7,2,2,73.5,0.0,146.7,108.6,0.0,73.5
2026-09-19 23:38:51,mfsweep_shard0,SPT_SRWT,50,4604.42,30,0,1,788.3,1068.3,280.0,2,2,80.2,0.0,74.2,119.7,5.9,80.2
2026-09-19 23:38:51,mfsweep_shard0,SPT_SRWT,50,4604.42,31,0,1,814.6,1222.2,407.6,2,2,77.6,0.0,111.6,160.8,53.1,82.0
2026-09-19 23:38:51,mfsweep_shard0,SPT_SRWT,50,4604.42,32,0,1,840.9,1302.8,461.9,2,2,71.2,0.0,154.7,221.8,0.0,85.4
2026-09-19 23:38:51,mfsweep_shard0,SPT_SRWT,50,4604.42,33,0,1,867.2,1204.1,336.9,2,2,85.7,0.0,110.1,141.1,0.0,85.7
2026-09-19 23:38:51,mfsweep_shard0,SPT_SRWT,50,4604.42,34,0,1,893.4,1208.4,314.9,2,2,66.0,0.0,96.8,152.1,0.0,66.0
2026-09-19 23:38:51,mfsweep_shard0,SPT_SRWT,50,4604.42,35,0,1,919.7,1251.8,332.1,2,2,71.8,0.0,59.3,162.5,38.5,71.8
2026-09-19 23:38:51,mfsweep_shard0,SPT_SRWT,50,4604.42,36,0,1,946.0,1353.8,407.8,2,2,80.9,0.0,102.4,115.7,108.7,80.9
2026-09-19 23:38:51,mfsweep_shard0,SPT_SRWT,50,4604.42,37,0,1,972.3,1277.2,304.9,2,2,74.0,0.0,103.3,85.1,42.6,74.0
2026-09-19 23:38:51,mfsweep_shard0,SPT_SRWT,50,4604.42,38,0,1,998.5,1363.0,364.5,2,2,82.0,0.0,155.0,82.6,44.9,82.0
2026-09-19 23:38:51,mfsweep_shard0,SPT_SRWT,50,4604.42,39,0,1,1024.8,1386.2,361.3,2,2,72.6,0.0,153.2,94.1,41.4,72.6
2026-09-19 23:38:51,mfsweep_shard0,SPT_SRWT,50,4604.42,40,0,1,1051.1,1377.0,325.9,2,2,76.8,0.0,112.6,74.5,61.9,76.8
2026-09-19 23:38:51,mfsweep_shard0,SPT_SRWT,50,4604.42,41,0,1,1077.4,1409.1,331.8,2,2,55.1,0.0,105.8,170.9,0.0,55.1
2026-09-19 23:38:51,mfsweep_shard0,SPT_SRWT,50,4604.42,42,0,1,1103.7,1399.9,296.3,2,2,61.1,0.0,110.7,88.5,36.0,61.1
2026-09-19 23:38:51,mfsweep_shard0,SPT_SRWT,50,4604.42,43,0,1,1129.9,1444.0,314.1,2,2,63.1,0.0,136.7,74.2,40.0,63.1
2026-09-19 23:38:51,mfsweep_shard0,SPT_SRWT,50,4604.42,44,0,1,1156.2,1490.0,333.8,2,2,56.2,0.0,149.7,92.6,35.3,56.2
2026-09-19 23:38:51,mfsweep_shard0,SPT_SRWT,50,4604.42,45,0,1,1182.5,1908.0,725.5,2,2,61.2,0.0,240.8,225.7,156.5,102.4
2026-09-19 23:38:51,mfsweep_shard0,SPT_SRWT,50,4604.42,46,0,1,1208.8,1516.6,307.8,2,2,56.9,0.0,156.5,94.4,0.0,56.9
2026-09-19 23:38:51,mfsweep_shard0,SPT_SRWT,50,4604.42,47,0,1,1235.0,1577.5,342.5,2,2,62.7,0.0,126.8,152.9,0.0,62.7
2026-09-19 23:38:51,mfsweep_shard0,SPT_SRWT,50,4604.42,48,0,1,1261.3,1643.1,381.8,2,2,74.5,0.0,204.8,100.7,1.8,74.5
2026-09-19 23:38:51,mfsweep_shard0,SPT_SRWT,50,4604.42,49,0,1,1287.6,1587.3,299.7,2,2,65.6,0.0,155.8,78.3,0.0,65.6
2026-09-19 23:38:51,mfsweep_shard0,SPT_SRWT,50,4604.42,50,0,1,1313.9,1616.3,302.4,2,2,65.8,0.0,121.5,106.3,8.8,65.8
2026-09-19 23:38:51,mfsweep_shard0,SPT_SRWT,50,4604.42,51,0,1,1340.2,1656.1,315.9,2,2,60.5,0.0,127.0,114.9,13.5,60.5
2026-09-19 23:38:51,mfsweep_shard0,SPT_SRWT,50,4604.42,52,0,1,1366.4,1727.9,361.5,2,2,62.4,0.0,175.1,86.0,38.0,62.4
2026-09-19 23:38:51,mfsweep_shard0,SPT_SRWT,50,4604.42,53,0,1,1392.7,2094.3,701.6,2,2,84.5,0.1,266.7,112.9,237.4,84.5
2026-09-19 23:38:51,mfsweep_shard0,SPT_SRWT,50,4604.42,54,0,1,1419.0,1773.5,354.5,2,2,74.9,0.0,182.2,97.3,0.0,74.9
2026-09-19 23:38:51,mfsweep_shard0,SPT_SRWT,50,4604.42,55,0,1,1445.3,1970.3,525.1,2,2,73.6,0.1,188.8,169.7,92.8,73.6
2026-09-19 23:38:51,mfsweep_shard0,SPT_SRWT,50,4604.42,56,0,1,1471.5,1858.2,386.7,2,2,59.2,0.0,137.8,107.7,81.9,59.2
2026-09-19 23:38:51,mfsweep_shard0,SPT_SRWT,50,4604.42,57,0,1,1497.8,2021.5,523.7,2,2,77.6,0.0,228.7,206.5,10.8,77.6
2026-09-19 23:38:51,mfsweep_shard0,SPT_SRWT,50,4604.42,58,0,1,1524.1,1839.3,315.2,2,2,58.9,0.0,119.4,107.4,29.4,58.9
2026-09-19 23:38:51,mfsweep_shard0,SPT_SRWT,50,4604.42,59,0,1,1550.4,1887.8,337.5,2,2,66.1,0.0,126.7,144.7,0.0,66.1
2026-09-19 23:38:51,mfsweep_shard0,SPT_SRWT,50,4604.42,60,0,1,1576.6,2035.5,458.8,2,2,86.2,0.0,143.7,228.9,0.0,86.2
2026-09-19 23:38:51,mfsweep_shard0,SPT_SRWT,50,4604.42,61,0,1,1602.9,2030.8,427.9,2,2,74.7,0.0,177.3,128.7,47.1,74.7
2026-09-19 23:38:51,mfsweep_shard0,SPT_SRWT,50,4604.42,62,0,1,1629.2,1999.9,370.7,2,2,71.9,0.0,134.5,148.6,15.7,71.9
2026-09-19 23:38:51,mfsweep_shard0,SPT_SRWT,50,4604.42,63,0,1,1655.5,2053.5,398.0,2,2,76.1,0.0,125.7,137.4,58.7,76.1
2026-09-19 23:38:51,mfsweep_shard0,SPT_SRWT,50,4604.42,64,0,1,1681.8,2134.0,452.2,2,2,81.4,0.0,135.1,159.9,75.9,81.4
2026-09-19 23:38:51,mfsweep_shard0,SPT_SRWT,50,4604.42,65,0,1,1708.0,2234.5,526.4,2,2,79.2,0.0,203.6,173.3,70.4,79.2
2026-09-19 23:38:51,mfsweep_shard0,SPT_SRWT,50,4604.42,66,0,1,1734.3,2009.5,275.1,2,2,61.1,0.0,87.7,100.6,25.8,61.1
2026-09-19 23:38:51,mfsweep_shard0,SPT_SRWT,50,4604.42,67,0,1,1760.6,2126.6,366.0,2,2,54.6,0.0,136.0,134.5,40.9,54.6
2026-09-19 23:38:51,mfsweep_shard0,SPT_SRWT,50,4604.42,68,0,1,1786.9,2229.8,442.9,2,2,64.0,0.0,149.2,220.6,0.0,73.1
2026-09-19 23:38:51,mfsweep_shard0,SPT_SRWT,50,4604.42,69,0,1,1813.1,2261.0,447.9,2,2,62.4,0.0,225.0,160.4,0.0,62.4
2026-09-19 23:38:51,mfsweep_shard0,SPT_SRWT,50,4604.42,70,0,1,1839.4,2243.7,404.3,2,2,60.5,0.0,193.9,130.7,19.2,60.5
2026-09-19 23:38:51,mfsweep_shard0,SPT_SRWT,50,4604.42,71,0,1,1865.7,2432.2,566.5,2,2,84.7,0.0,101.4,318.5,62.0,84.7
2026-09-19 23:38:51,mfsweep_shard0,SPT_SRWT,50,4604.42,72,0,1,1892.0,2287.0,395.0,2,2,82.5,0.0,184.6,98.2,29.8,82.5
2026-09-19 23:38:51,mfsweep_shard0,SPT_SRWT,50,4604.42,73,0,1,1918.3,2291.7,373.5,2,2,63.9,0.0,171.5,138.1,0.0,63.9
2026-09-19 23:38:51,mfsweep_shard0,SPT_SRWT,50,4604.42,74,0,1,1944.5,2312.1,367.6,2,2,75.2,0.0,140.3,125.8,26.2,75.2
2026-09-19 23:38:51,mfsweep_shard0,SPT_SRWT,50,4604.42,75,0,1,1970.8,2368.8,398.0,2,2,66.6,0.0,188.9,116.6,25.9,66.6
2026-09-19 23:38:51,mfsweep_shard0,SPT_SRWT,50,4604.42,76,0,1,1997.1,2393.8,396.7,2,2,83.7,0.0,153.6,108.2,51.2,83.7
2026-09-19 23:38:51,mfsweep_shard0,SPT_SRWT,50,4604.42,77,0,1,2023.4,2467.6,444.3,2,2,68.7,0.0,254.8,120.8,0.0,68.7
2026-09-19 23:38:51,mfsweep_shard0,SPT_SRWT,50,4604.42,78,0,1,2049.6,2536.7,487.1,2,2,62.3,0.0,261.9,145.0,17.9,62.3
2026-09-19 23:38:51,mfsweep_shard0,SPT_SRWT,50,4604.42,79,0,1,2075.9,2627.5,551.5,2,2,61.7,0.0,190.9,275.2,23.8,61.7
2026-09-19 23:38:51,mfsweep_shard0,SPT_SRWT,50,4604.42,80,0,1,2102.2,2550.1,447.9,2,2,72.1,0.0,141.8,190.1,43.9,72.1
2026-09-19 23:38:51,mfsweep_shard0,SPT_SRWT,50,4604.42,81,0,1,2128.5,2632.2,503.7,2,2,62.2,0.0,307.1,134.4,0.0,62.2
2026-09-19 23:38:51,mfsweep_shard0,SPT_SRWT,50,4604.42,82,0,1,2154.7,2578.5,423.7,2,2,72.8,0.0,229.6,121.2,0.0,72.8
2026-09-19 23:38:51,mfsweep_shard0,SPT_SRWT,50,4604.42,83,0,1,2181.0,2645.8,464.7,2,2,83.2,0.0,272.3,109.2,0.0,83.2
2026-09-19 23:38:51,mfsweep_shard0,SPT_SRWT,50,4604.42,84,0,1,2207.3,3087.0,879.7,2,2,66.7,0.0,537.7,189.8,54.2,98.0
2026-09-19 23:38:51,mfsweep_shard0,SPT_SRWT,50,4604.42,85,0,1,2233.6,2815.2,581.6,2,2,60.8,0.1,194.5,275.8,50.5,60.8
2026-09-19 23:38:51,mfsweep_shard0,SPT_SRWT,50,4604.42,86,0,1,2259.9,2680.9,421.1,2,2,86.5,0.0,200.0,122.7,11.8,86.5
2026-09-19 23:38:51,mfsweep_shard0,SPT_SRWT,50,4604.42,87,0,1,2286.1,2763.3,477.2,2,2,70.4,0.0,157.7,238.2,10.9,70.4
2026-09-19 23:38:51,mfsweep_shard0,SPT_SRWT,50,4604.42,88,0,1,2312.4,2685.8,373.4,2,2,56.5,0.0,192.5,124.3,0.0,56.5
2026-09-19 23:38:51,mfsweep_shard0,SPT_SRWT,50,4604.42,89,0,1,2338.7,2722.9,384.2,2,2,55.1,0.0,181.3,140.2,7.6,55.1
2026-09-19 23:38:51,mfsweep_shard0,SPT_SRWT,50,4604.42,90,0,1,2365.0,2734.2,369.2,2,2,57.2,0.0,156.3,141.5,14.2,57.2
2026-09-19 23:38:51,mfsweep_shard0,SPT_SRWT,50,4604.42,91,0,1,2391.2,2986.2,595.0,2,2,74.3,0.0,213.9,306.8,0.0,74.3
2026-09-19 23:38:51,mfsweep_shard0,SPT_SRWT,50,4604.42,92,0,1,2417.5,3691.7,1274.2,2,2,79.7,0.0,537.6,311.4,285.5,139.6
2026-09-19 23:38:51,mfsweep_shard0,SPT_SRWT,50,4604.42,93,0,1,2443.8,3433.3,989.5,2,2,67.5,0.1,446.9,402.4,61.3,79.0
2026-09-19 23:38:51,mfsweep_shard0,SPT_SRWT,50,4604.42,94,0,1,2470.1,3057.6,587.5,2,2,55.6,0.0,289.6,210.0,23.7,64.2
2026-09-19 23:38:51,mfsweep_shard0,SPT_SRWT,50,4604.42,95,0,1,2496.4,2893.3,397.0,2,2,66.1,0.0,48.1,266.6,16.1,66.1
2026-09-19 23:38:51,mfsweep_shard0,SPT_SRWT,50,4604.42,96,0,1,2522.6,3604.3,1081.7,2,2,86.4,0.0,324.1,601.3,69.8,86.4
2026-09-19 23:38:51,mfsweep_shard0,SPT_SRWT,50,4604.42,97,0,1,2548.9,4492.0,1943.1,2,2,71.0,0.1,1065.7,623.2,128.0,126.0
2026-09-19 23:38:51,mfsweep_shard0,SPT_SRWT,50,4604.42,98,0,1,2575.2,4451.1,1875.9,2,2,85.6,0.1,518.3,542.1,729.8,85.6
2026-09-19 23:38:51,mfsweep_shard0,SPT_SRWT,50,4604.42,99,0,1,2601.5,4534.0,1932.6,2,2,82.0,0.2,462.9,850.7,481.5,137.3
2026-09-19 23:38:51,mfsweep_shard0,SPT_SRWT,50,4604.42,100,0,1,2627.7,3438.1,810.3,2,2,53.9,0.1,322.4,403.5,29.1,55.2
2026-09-19 23:38:51,mfsweep_shard0,SPT_SRWT,50,4604.42,101,0,1,2654.0,3626.7,972.7,2,2,77.3,0.2,480.8,167.1,247.3,77.3
2026-09-19 23:38:51,mfsweep_shard0,SPT_SRWT,50,4604.42,102,0,1,2680.3,3660.4,980.1,2,2,76.0,0.1,272.3,418.5,213.2,76.0
2026-09-19 23:38:51,mfsweep_shard0,SPT_SRWT,50,4604.42,103,0,1,2706.6,4110.5,1404.0,2,2,71.3,0.1,798.0,237.6,296.9,71.3
2026-09-19 23:38:51,mfsweep_shard0,SPT_SRWT,50,4604.42,104,0,1,2732.9,3593.3,860.5,2,2,62.4,0.0,555.6,196.0,46.4,62.4
2026-09-19 23:38:51,mfsweep_shard0,SPT_SRWT,50,4604.42,105,0,1,2759.1,3495.1,736.0,2,2,74.7,0.0,314.9,346.4,0.0,74.7
2026-09-19 23:38:51,mfsweep_shard0,SPT_SRWT,50,4604.42,106,0,1,2785.4,4089.0,1303.6,2,2,57.2,0.0,335.2,909.9,1.1,57.2
2026-09-19 23:38:51,mfsweep_shard0,SPT_SRWT,50,4604.42,107,0,1,2811.7,3578.2,766.5,2,2,67.9,0.0,289.6,409.0,0.0,67.9
2026-09-19 23:38:51,mfsweep_shard0,SPT_SRWT,50,4604.42,108,0,1,2838.0,3410.8,572.9,2,2,68.5,0.0,133.4,370.9,0.0,68.5
2026-09-19 23:38:51,mfsweep_shard0,SPT_SRWT,50,4604.42,109,0,1,2864.2,4483.4,1619.2,2,2,85.0,0.0,245.0,758.3,530.8,85.0
2026-09-19 23:38:51,mfsweep_shard0,SPT_SRWT,50,4604.42,110,0,1,2890.5,3669.6,779.1,2,2,82.4,0.0,514.3,182.3,0.0,82.4
2026-09-19 23:38:51,mfsweep_shard0,SPT_SRWT,50,4604.42,111,0,1,2916.8,4382.9,1466.1,2,2,62.2,0.0,978.9,424.9,0.0,62.2
2026-09-19 23:38:51,mfsweep_shard0,SPT_SRWT,50,4604.42,112,0,1,2943.1,3700.9,757.8,2,2,70.1,0.1,494.4,138.4,54.9,70.1
2026-09-19 23:38:51,mfsweep_shard0,SPT_SRWT,50,4604.42,113,0,1,2969.3,4324.4,1355.1,2,2,59.4,0.0,754.5,459.4,81.7,59.4
2026-09-19 23:38:51,mfsweep_shard0,SPT_SRWT,50,4604.42,114,0,1,2995.6,4315.1,1319.4,2,2,83.7,0.0,84.4,654.2,497.2,83.7
2026-09-19 23:38:51,mfsweep_shard0,SPT_SRWT,50,4604.42,115,0,1,3021.9,4396.2,1374.3,2,2,82.3,0.1,361.7,922.4,7.9,82.3
2026-09-19 23:38:51,mfsweep_shard0,SPT_SRWT,50,4604.42,116,0,1,3048.2,4478.5,1430.4,2,2,63.4,0.0,779.2,572.3,15.4,63.4
2026-09-19 23:38:51,mfsweep_shard0,SPT_SRWT,50,4604.42,117,0,1,3074.5,4351.9,1277.4,2,2,74.6,0.0,333.9,868.8,0.0,74.6
2026-09-19 23:38:51,mfsweep_shard0,SPT_SRWT,50,4604.42,118,0,1,3100.7,3705.3,604.6,2,2,73.6,0.0,297.4,203.6,29.9,73.6
2026-09-19 23:38:51,mfsweep_shard0,SPT_SRWT,50,4604.42,119,0,1,3127.0,4060.3,933.3,2,2,58.6,0.0,308.6,532.2,4.9,87.6
2026-09-19 23:38:51,mfsweep_shard0,SPT_SRWT,50,4604.42,120,0,1,3153.3,4473.8,1320.5,2,2,78.7,0.0,713.2,295.4,233.2,78.7
2026-09-19 23:38:51,mfsweep_shard0,SPT_SRWT,50,4604.42,121,0,1,3179.6,4378.3,1198.7,2,2,71.3,0.0,585.9,541.4,0.0,71.3
2026-09-19 23:38:51,mfsweep_shard0,SPT_SRWT,50,4604.42,122,0,1,3205.8,4442.4,1236.6,2,2,79.2,0.1,558.3,567.3,31.7,79.2
2026-09-19 23:38:51,mfsweep_shard0,SPT_SRWT,50,4604.42,123,0,1,3232.1,4329.1,1097.0,2,2,71.0,0.0,451.2,534.5,40.2,71.0
2026-09-19 23:38:51,mfsweep_shard0,SPT_SRWT,50,4604.42,124,0,1,3258.4,4519.7,1261.3,2,2,53.6,0.0,676.3,531.4,0.0,53.6
2026-09-19 23:38:51,mfsweep_shard0,SPT_SRWT,50,4604.42,125,0,1,3284.7,4524.6,1239.9,2,2,64.2,0.1,595.0,566.9,13.7,64.2
2026-09-19 23:38:51,mfsweep_shard0,SPT_SRWT,50,4604.42,126,0,1,3311.0,4505.9,1194.9,2,2,54.2,0.1,490.8,603.7,46.1,54.2
2026-09-19 23:38:51,mfsweep_shard0,SPT_SRWT,50,4604.42,127,0,1,3337.2,4415.4,1078.2,2,2,84.2,0.1,677.6,270.2,46.0,84.2
2026-09-19 23:38:51,mfsweep_shard0,SPT_SRWT,50,4604.42,128,0,1,3363.5,4538.8,1175.3,2,2,82.5,0.1,411.5,670.9,10.3,82.5
2026-09-19 23:38:51,mfsweep_shard0,SPT_SRWT,50,4604.42,129,0,1,3389.8,4543.4,1153.6,2,2,81.0,0.2,645.9,364.7,61.9,81.0
2026-09-19 23:38:51,mfsweep_shard0,SPT_SRWT,50,4604.42,130,0,1,3416.1,4356.5,940.5,2,2,63.7,0.0,221.1,612.6,43.1,63.7
2026-09-19 23:38:51,mfsweep_shard0,SPT_SRWT,50,4604.42,131,0,1,3442.3,4604.4,1162.1,2,2,55.5,0.1,597.7,448.3,32.0,84.1
2026-09-19 23:38:51,mfsweep_shard0,SPT_SRWT,50,4604.42,132,0,1,3468.6,4369.1,900.4,2,2,82.5,0.0,134.4,614.1,69.4,82.5
2026-09-19 23:38:51,mfsweep_shard0,SPT_SRWT,50,4604.42,133,0,1,3494.9,4529.3,1034.4,2,2,84.8,0.0,318.8,432.5,198.3,84.8
2026-09-19 23:38:51,mfsweep_shard0,SPT_SRWT,50,4604.42,134,0,1,3521.2,4460.5,939.3,2,2,56.4,0.0,270.9,612.0,0.0,56.4
2026-09-19 23:38:51,mfsweep_shard0,SPT_SRWT,50,4604.42,135,0,1,3547.5,4582.8,1035.3,2,2,69.6,0.0,540.2,371.3,54.2,69.6
2026-09-19 23:38:51,mfsweep_shard0,SPT_SRWT,50,4604.42,136,0,1,3573.7,4465.1,891.3,2,2,55.8,0.0,228.4,539.5,67.6,55.8
2026-09-19 23:42:32,mfsweep_shard0,SPT_SRWT,51,3993.02,0,0,1,0.0,352.2,352.2,2,2,74.6,0.0,111.6,94.7,38.4,107.5
2026-09-19 23:42:32,mfsweep_shard0,SPT_SRWT,51,3993.02,1,0,1,26.3,231.3,205.0,2,2,54.4,0.0,71.5,79.1,0.0,54.4
2026-09-19 23:42:32,mfsweep_shard0,SPT_SRWT,51,3993.02,2,0,1,52.6,306.2,253.6,2,2,62.6,0.0,102.2,73.7,15.1,62.6
2026-09-19 23:42:32,mfsweep_shard0,SPT_SRWT,51,3993.02,3,0,1,78.8,282.4,203.6,2,2,60.9,0.0,69.4,73.2,0.0,60.9
2026-09-19 23:42:32,mfsweep_shard0,SPT_SRWT,51,3993.02,4,0,1,105.1,402.3,297.2,2,2,77.8,0.0,54.3,165.1,0.0,77.8
2026-09-19 23:42:32,mfsweep_shard0,SPT_SRWT,51,3993.02,5,0,1,131.4,526.7,395.3,2,2,75.9,0.0,106.8,208.4,0.0,80.0
2026-09-19 23:42:32,mfsweep_shard0,SPT_SRWT,51,3993.02,6,0,1,157.7,413.3,255.7,2,2,83.0,0.1,90.2,82.4,0.0,83.0
2026-09-19 23:42:32,mfsweep_shard0,SPT_SRWT,51,3993.02,7,0,1,183.9,427.2,243.2,2,2,56.4,0.0,107.1,79.7,0.0,56.4
2026-09-19 23:42:32,mfsweep_shard0,SPT_SRWT,51,3993.02,8,0,1,210.2,517.1,306.8,2,2,67.5,0.0,132.5,106.9,0.0,67.5
2026-09-19 23:42:32,mfsweep_shard0,SPT_SRWT,51,3993.02,9,0,1,236.5,535.3,298.8,2,2,54.5,0.0,105.8,98.8,39.6,54.5
2026-09-19 23:42:32,mfsweep_shard0,SPT_SRWT,51,3993.02,10,0,1,262.8,597.6,334.8,2,2,60.8,0.0,81.4,192.6,0.0,60.8
2026-09-19 23:42:32,mfsweep_shard0,SPT_SRWT,51,3993.02,11,0,1,289.1,653.4,364.4,2,2,70.2,0.0,189.9,104.3,0.0,70.2
2026-09-19 23:42:32,mfsweep_shard0,SPT_SRWT,51,3993.02,12,0,1,315.3,557.7,242.3,2,2,54.4,0.0,85.9,101.4,0.6,54.4
2026-09-19 23:42:32,mfsweep_shard0,SPT_SRWT,51,3993.02,13,0,1,341.6,636.0,294.3,2,2,60.1,0.0,120.2,114.0,0.0,60.1
2026-09-19 23:42:32,mfsweep_shard0,SPT_SRWT,51,3993.02,14,0,1,367.9,702.6,334.7,2,2,75.0,0.0,151.1,108.6,0.0,75.0
2026-09-19 23:42:32,mfsweep_shard0,SPT_SRWT,51,3993.02,15,0,1,394.2,688.6,294.5,2,2,71.5,0.0,101.2,106.3,15.4,71.5
2026-09-19 23:42:32,mfsweep_shard0,SPT_SRWT,51,3993.02,16,0,1,420.4,770.0,349.6,2,2,60.8,0.0,160.4,128.3,0.0,60.8
2026-09-19 23:42:32,mfsweep_shard0,SPT_SRWT,51,3993.02,17,0,1,446.7,788.4,341.7,2,2,73.0,0.0,109.4,134.5,24.8,73.0
2026-09-19 23:42:32,mfsweep_shard0,SPT_SRWT,51,3993.02,18,0,1,473.0,783.8,310.8,2,2,80.3,0.0,67.1,163.4,0.0,80.3
2026-09-19 23:42:32,mfsweep_shard0,SPT_SRWT,51,3993.02,19,0,1,499.3,747.5,248.2,2,2,53.8,0.0,90.3,104.1,0.0,53.8
2026-09-19 23:42:32,mfsweep_shard0,SPT_SRWT,51,3993.02,20,0,1,525.6,824.1,298.5,2,2,80.1,0.0,87.7,130.7,0.0,80.1
2026-09-19 23:42:32,mfsweep_shard0,SPT_SRWT,51,3993.02,21,0,1,551.8,851.4,299.6,2,2,76.6,0.0,110.6,112.3,0.0,76.6
2026-09-19 23:42:32,mfsweep_shard0,SPT_SRWT,51,3993.02,22,0,1,578.1,837.8,259.7,2,2,64.8,0.0,52.6,117.8,24.5,64.8
2026-09-19 23:42:32,mfsweep_shard0,SPT_SRWT,51,3993.02,23,0,1,604.4,911.0,306.6,2,2,58.7,0.0,129.2,115.8,2.9,58.7
2026-09-19 23:42:32,mfsweep_shard0,SPT_SRWT,51,3993.02,24,0,1,630.7,925.1,294.5,2,2,85.1,0.0,109.7,99.6,0.0,85.1
2026-09-19 23:42:32,mfsweep_shard0,SPT_SRWT,51,3993.02,25,0,1,656.9,934.4,277.4,2,2,64.7,0.0,89.1,123.6,0.0,64.7
2026-09-19 23:42:32,mfsweep_shard0,SPT_SRWT,51,3993.02,26,0,1,683.2,943.8,260.6,2,2,56.6,0.0,57.3,114.6,32.0,56.6
2026-09-19 23:42:32,mfsweep_shard0,SPT_SRWT,51,3993.02,27,0,1,709.5,1144.6,435.1,2,2,56.7,0.0,120.9,235.6,15.3,63.3
2026-09-19 23:42:32,mfsweep_shard0,SPT_SRWT,51,3993.02,28,0,1,735.8,1016.9,281.1,2,2,81.5,0.0,122.0,77.5,0.0,81.5
2026-09-19 23:42:32,mfsweep_shard0,SPT_SRWT,51,3993.02,29,0,1,762.0,1119.1,357.0,2,2,73.5,0.0,125.6,157.9,0.0,73.5
2026-09-19 23:42:32,mfsweep_shard0,SPT_SRWT,51,3993.02,30,0,1,788.3,1110.0,321.6,2,2,80.2,0.1,121.7,118.0,1.7,80.2
2026-09-19 23:42:32,mfsweep_shard0,SPT_SRWT,51,3993.02,31,0,1,814.6,1218.7,404.1,2,2,77.6,0.0,163.9,162.5,0.0,77.6
2026-09-19 23:42:32,mfsweep_shard0,SPT_SRWT,51,3993.02,32,0,1,840.9,1443.8,602.9,2,2,71.2,0.0,271.9,161.8,47.8,121.4
2026-09-19 23:42:32,mfsweep_shard0,SPT_SRWT,51,3993.02,33,0,1,867.2,1235.9,368.7,2,2,85.7,0.0,183.6,75.2,24.2,85.7
2026-09-19 23:42:32,mfsweep_shard0,SPT_SRWT,51,3993.02,34,0,1,893.4,1155.2,261.7,2,2,66.0,0.0,124.4,71.3,0.0,66.0
2026-09-19 23:42:32,mfsweep_shard0,SPT_SRWT,51,3993.02,35,0,1,919.7,1298.2,378.4,2,2,71.8,0.0,167.8,102.4,36.5,71.8
2026-09-19 23:42:32,mfsweep_shard0,SPT_SRWT,51,3993.02,36,0,1,946.0,1666.8,720.8,2,2,80.9,0.0,205.5,268.6,140.4,106.3
2026-09-19 23:42:32,mfsweep_shard0,SPT_SRWT,51,3993.02,37,0,1,972.3,1284.4,312.1,2,2,74.0,0.0,133.1,105.0,0.0,74.0
2026-09-19 23:42:32,mfsweep_shard0,SPT_SRWT,51,3993.02,38,0,1,998.5,1303.0,304.5,2,2,82.0,0.0,141.8,80.7,0.0,82.0
2026-09-19 23:42:32,mfsweep_shard0,SPT_SRWT,51,3993.02,39,0,1,1024.8,1539.8,515.0,2,2,72.6,0.0,146.1,296.2,0.0,72.6
2026-09-19 23:42:32,mfsweep_shard0,SPT_SRWT,51,3993.02,40,0,1,1051.1,1549.1,498.0,2,2,76.8,0.0,326.4,94.1,0.6,76.8
2026-09-19 23:42:32,mfsweep_shard0,SPT_SRWT,51,3993.02,41,0,1,1077.4,1346.8,269.4,2,2,55.1,0.0,108.7,95.8,9.9,55.1
2026-09-19 23:42:32,mfsweep_shard0,SPT_SRWT,51,3993.02,42,0,1,1103.7,1425.6,322.0,2,2,61.1,0.0,162.5,98.4,0.0,61.1
2026-09-19 23:42:32,mfsweep_shard0,SPT_SRWT,51,3993.02,43,0,1,1129.9,1392.5,262.6,2,2,63.1,0.0,77.2,99.0,23.3,63.1
2026-09-19 23:42:32,mfsweep_shard0,SPT_SRWT,51,3993.02,44,0,1,1156.2,1609.5,453.3,2,2,56.2,0.0,89.4,289.8,17.9,56.2
2026-09-19 23:42:32,mfsweep_shard0,SPT_SRWT,51,3993.02,45,0,1,1182.5,1657.4,474.9,2,2,61.2,0.1,230.2,115.9,23.9,104.9
2026-09-19 23:42:32,mfsweep_shard0,SPT_SRWT,51,3993.02,46,0,1,1208.8,1753.8,545.1,2,2,56.9,0.1,342.1,106.1,39.9,56.9
2026-09-19 23:42:32,mfsweep_shard0,SPT_SRWT,51,3993.02,47,0,1,1235.0,1577.3,342.3,2,2,62.7,0.0,157.7,119.1,2.8,62.7
2026-09-19 23:42:32,mfsweep_shard0,SPT_SRWT,51,3993.02,48,0,1,1261.3,1565.8,304.5,2,2,74.5,0.0,106.1,123.8,0.0,74.5
2026-09-19 23:42:32,mfsweep_shard0,SPT_SRWT,51,3993.02,49,0,1,1287.6,1706.5,418.9,2,2,65.6,0.0,159.5,152.2,41.6,65.6
2026-09-19 23:42:32,mfsweep_shard0,SPT_SRWT,51,3993.02,50,0,1,1313.9,1862.5,548.6,2,2,65.8,0.0,363.4,110.2,9.2,65.8
2026-09-19 23:42:32,mfsweep_shard0,SPT_SRWT,51,3993.02,51,0,1,1340.2,1766.2,426.1,2,2,60.5,0.0,234.5,102.5,28.6,60.5
2026-09-19 23:42:32,mfsweep_shard0,SPT_SRWT,51,3993.02,52,0,1,1366.4,1857.8,491.4,2,2,62.4,0.0,138.5,283.4,7.1,62.4
2026-09-19 23:42:32,mfsweep_shard0,SPT_SRWT,51,3993.02,53,0,1,1392.7,1937.9,545.2,2,2,84.5,0.0,256.4,139.6,64.7,84.5
2026-09-19 23:42:32,mfsweep_shard0,SPT_SRWT,51,3993.02,54,0,1,1419.0,2088.2,669.3,2,2,74.9,0.0,434.6,153.9,5.8,74.9
2026-09-19 23:42:32,mfsweep_shard0,SPT_SRWT,51,3993.02,55,0,1,1445.3,1932.9,487.7,2,2,73.6,0.0,291.7,122.3,0.0,73.6
2026-09-19 23:42:32,mfsweep_shard0,SPT_SRWT,51,3993.02,56,0,1,1471.5,1805.4,333.9,2,2,59.2,0.0,160.1,114.5,0.0,59.2
2026-09-19 23:42:32,mfsweep_shard0,SPT_SRWT,51,3993.02,57,0,1,1497.8,2069.9,572.1,2,2,77.6,0.0,263.9,220.1,0.0,88.1
2026-09-19 23:42:32,mfsweep_shard0,SPT_SRWT,51,3993.02,58,0,1,1524.1,1872.1,348.0,2,2,58.9,0.0,183.2,97.9,8.0,58.9
2026-09-19 23:42:32,mfsweep_shard0,SPT_SRWT,51,3993.02,59,0,1,1550.4,1902.8,352.5,2,2,66.1,0.0,156.9,122.7,6.7,66.1
2026-09-19 23:42:32,mfsweep_shard0,SPT_SRWT,51,3993.02,60,0,1,1576.6,1963.1,386.4,2,2,86.2,0.0,164.4,135.8,0.0,86.2
2026-09-19 23:42:32,mfsweep_shard0,SPT_SRWT,51,3993.02,61,0,1,1602.9,2047.1,444.2,2,2,74.7,0.1,258.4,111.0,0.0,74.7
2026-09-19 23:42:32,mfsweep_shard0,SPT_SRWT,51,3993.02,62,0,1,1629.2,1991.5,362.3,2,2,71.9,0.0,110.9,153.1,26.4,71.9
2026-09-19 23:42:32,mfsweep_shard0,SPT_SRWT,51,3993.02,63,0,1,1655.5,2119.4,463.9,2,2,76.1,0.0,269.9,117.8,0.0,76.1
2026-09-19 23:42:32,mfsweep_shard0,SPT_SRWT,51,3993.02,64,0,1,1681.8,2654.0,972.3,2,2,81.4,0.0,315.4,308.9,175.4,172.6
2026-09-19 23:42:32,mfsweep_shard0,SPT_SRWT,51,3993.02,65,0,1,1708.0,2234.3,526.2,2,2,79.2,0.0,188.1,258.9,0.0,79.2
2026-09-19 23:42:32,mfsweep_shard0,SPT_SRWT,51,3993.02,66,0,1,1734.3,2304.9,570.6,2,2,61.1,0.0,330.0,163.0,16.5,61.1
2026-09-19 23:42:32,mfsweep_shard0,SPT_SRWT,51,3993.02,67,0,1,1760.6,2146.8,386.2,2,2,54.6,0.0,167.0,155.8,8.8,54.6
2026-09-19 23:42:32,mfsweep_shard0,SPT_SRWT,51,3993.02,68,0,1,1786.9,2189.8,402.9,2,2,64.0,0.0,161.8,168.4,8.7,64.0
2026-09-19 23:42:32,mfsweep_shard0,SPT_SRWT,51,3993.02,69,0,1,1813.1,2260.7,447.5,2,2,62.4,0.0,231.1,128.2,25.8,62.4
2026-09-19 23:42:32,mfsweep_shard0,SPT_SRWT,51,3993.02,70,0,1,1839.4,2375.1,535.7,2,2,60.5,0.0,225.1,231.0,19.0,60.5
2026-09-19 23:42:32,mfsweep_shard0,SPT_SRWT,51,3993.02,71,0,1,1865.7,2225.6,359.9,2,2,84.7,0.0,121.8,153.4,0.0,84.7
2026-09-19 23:42:32,mfsweep_shard0,SPT_SRWT,51,3993.02,72,0,1,1892.0,2357.8,465.8,2,2,82.5,0.0,192.8,184.2,6.3,82.5
2026-09-19 23:42:32,mfsweep_shard0,SPT_SRWT,51,3993.02,73,0,1,1918.3,2387.6,469.3,2,2,63.9,0.0,203.6,178.1,23.7,63.9
2026-09-19 23:42:32,mfsweep_shard0,SPT_SRWT,51,3993.02,74,0,1,1944.5,2408.7,464.1,2,2,75.2,0.0,185.1,156.7,47.2,75.2
2026-09-19 23:42:32,mfsweep_shard0,SPT_SRWT,51,3993.02,75,0,1,1970.8,2498.0,527.2,2,2,66.6,0.0,259.4,148.3,52.8,66.6
2026-09-19 23:42:32,mfsweep_shard0,SPT_SRWT,51,3993.02,76,0,1,1997.1,2809.0,811.9,2,2,83.7,0.1,242.4,383.1,87.5,98.9
2026-09-19 23:42:32,mfsweep_shard0,SPT_SRWT,51,3993.02,77,0,1,2023.4,2510.1,486.7,2,2,68.7,0.1,179.3,184.2,54.4,68.7
2026-09-19 23:42:32,mfsweep_shard0,SPT_SRWT,51,3993.02,78,0,1,2049.6,2447.8,398.2,2,2,62.3,0.0,156.6,176.0,3.2,62.3
2026-09-19 23:42:32,mfsweep_shard0,SPT_SRWT,51,3993.02,79,0,1,2075.9,2505.5,429.6,2,2,61.7,0.0,223.9,144.0,0.0,61.7
2026-09-19 23:42:32,mfsweep_shard0,SPT_SRWT,51,3993.02,80,0,1,2102.2,2616.7,514.5,2,2,72.1,0.0,300.8,141.6,0.0,72.1
2026-09-19 23:42:32,mfsweep_shard0,SPT_SRWT,51,3993.02,81,0,1,2128.5,2567.6,439.1,2,2,62.2,0.0,264.0,112.9,0.0,62.2
2026-09-19 23:42:32,mfsweep_shard0,SPT_SRWT,51,3993.02,82,0,1,2154.7,2814.2,659.5,2,2,72.8,0.1,409.4,153.7,23.4,72.8
2026-09-19 23:42:32,mfsweep_shard0,SPT_SRWT,51,3993.02,83,0,1,2181.0,2819.5,638.5,2,2,83.2,0.0,260.1,172.7,122.4,83.2
2026-09-19 23:42:32,mfsweep_shard0,SPT_SRWT,51,3993.02,84,0,1,2207.3,2771.4,564.1,2,2,66.7,0.0,270.3,215.5,11.6,66.7
2026-09-19 23:42:32,mfsweep_shard0,SPT_SRWT,51,3993.02,85,0,1,2233.6,2757.9,524.3,2,2,60.8,0.0,249.6,187.7,26.2,60.8
2026-09-19 23:42:32,mfsweep_shard0,SPT_SRWT,51,3993.02,86,0,1,2259.9,3077.8,817.9,2,2,86.5,0.0,199.3,206.7,325.4,86.5
2026-09-19 23:42:32,mfsweep_shard0,SPT_SRWT,51,3993.02,87,0,1,2286.1,3192.4,906.2,2,2,70.4,0.0,314.1,324.1,143.6,124.4
2026-09-19 23:42:32,mfsweep_shard0,SPT_SRWT,51,3993.02,88,0,1,2312.4,2697.2,384.8,2,2,56.5,0.0,180.5,147.7,0.0,56.5
2026-09-19 23:42:32,mfsweep_shard0,SPT_SRWT,51,3993.02,89,0,1,2338.7,2900.5,561.8,2,2,55.1,0.1,291.3,131.4,84.0,55.1
2026-09-19 23:42:32,mfsweep_shard0,SPT_SRWT,51,3993.02,90,0,1,2365.0,2951.4,586.5,2,2,57.2,0.0,184.8,224.6,119.8,57.2
2026-09-19 23:42:32,mfsweep_shard0,SPT_SRWT,51,3993.02,91,0,1,2391.2,3323.5,932.3,2,2,74.3,0.0,405.0,417.4,35.6,74.3
2026-09-19 23:42:32,mfsweep_shard0,SPT_SRWT,51,3993.02,92,0,1,2417.5,2965.8,548.3,2,2,79.7,0.1,126.0,294.9,47.7,79.7
2026-09-19 23:42:32,mfsweep_shard0,SPT_SRWT,51,3993.02,93,0,1,2443.8,2946.6,502.8,2,2,67.5,0.0,143.8,237.5,54.0,67.5
2026-09-19 23:42:32,mfsweep_shard0,SPT_SRWT,51,3993.02,94,0,1,2470.1,3143.7,673.6,2,2,55.6,0.0,285.1,298.0,34.9,55.6
2026-09-19 23:42:32,mfsweep_shard0,SPT_SRWT,51,3993.02,95,0,1,2496.4,3086.4,590.0,2,2,66.1,0.1,79.7,391.4,39.4,79.5
2026-09-19 23:42:32,mfsweep_shard0,SPT_SRWT,51,3993.02,96,0,1,2522.6,3073.1,550.4,2,2,86.4,0.0,125.0,339.0,0.0,86.4
2026-09-19 23:42:32,mfsweep_shard0,SPT_SRWT,51,3993.02,97,0,1,2548.9,3553.5,1004.6,2,2,71.0,0.0,573.0,237.0,123.5,71.0
2026-09-19 23:42:32,mfsweep_shard0,SPT_SRWT,51,3993.02,98,0,1,2575.2,2831.0,255.8,2,2,85.6,0.0,29.3,140.8,0.0,85.6
2026-09-19 23:42:32,mfsweep_shard0,SPT_SRWT,51,3993.02,99,0,1,2601.5,3661.1,1059.7,2,2,82.0,0.1,356.5,313.6,291.3,98.2
2026-09-19 23:42:32,mfsweep_shard0,SPT_SRWT,51,3993.02,100,0,1,2627.7,2853.2,225.4,2,2,53.9,0.0,73.1,84.8,13.5,53.9
2026-09-19 23:42:32,mfsweep_shard0,SPT_SRWT,51,3993.02,101,0,1,2654.0,3602.2,948.1,2,2,77.3,0.0,309.7,262.9,298.2,77.3
2026-09-19 23:42:32,mfsweep_shard0,SPT_SRWT,51,3993.02,102,0,1,2680.3,3800.5,1120.2,2,2,76.0,0.1,550.1,264.6,229.3,76.0
2026-09-19 23:42:32,mfsweep_shard0,SPT_SRWT,51,3993.02,103,0,1,2706.6,3096.0,389.4,2,2,71.3,0.0,98.9,219.2,0.0,71.3
2026-09-19 23:42:32,mfsweep_shard0,SPT_SRWT,51,3993.02,104,0,1,2732.9,3188.0,455.1,2,2,62.4,0.0,190.3,167.8,34.7,62.4
2026-09-19 23:42:32,mfsweep_shard0,SPT_SRWT,51,3993.02,105,0,1,2759.1,3332.2,573.0,2,2,74.7,0.0,131.4,300.8,66.1,74.7
2026-09-19 23:42:32,mfsweep_shard0,SPT_SRWT,51,3993.02,106,0,1,2785.4,3367.2,581.8,2,2,57.2,0.1,221.8,265.4,37.3,57.2
2026-09-19 23:42:32,mfsweep_shard0,SPT_SRWT,51,3993.02,107,0,1,2811.7,3416.5,604.9,2,2,67.9,0.1,144.2,290.0,98.9,71.7
2026-09-19 23:42:32,mfsweep_shard0,SPT_SRWT,51,3993.02,108,0,1,2838.0,3440.3,602.4,2,2,68.5,0.0,154.5,238.6,140.8,68.5
2026-09-19 23:42:32,mfsweep_shard0,SPT_SRWT,51,3993.02,109,0,1,2864.2,3697.2,832.9,2,2,85.0,0.0,134.6,268.7,344.5,85.0
2026-09-19 23:42:32,mfsweep_shard0,SPT_SRWT,51,3993.02,110,0,1,2890.5,3398.4,507.9,2,2,82.4,0.0,216.3,186.4,22.8,82.4
2026-09-19 23:42:32,mfsweep_shard0,SPT_SRWT,51,3993.02,111,0,1,2916.8,3510.1,593.3,2,2,62.2,0.0,267.3,211.5,52.2,62.2
2026-09-19 23:42:32,mfsweep_shard0,SPT_SRWT,51,3993.02,112,0,1,2943.1,3524.4,581.4,2,2,70.1,0.0,172.1,282.6,56.6,70.1
2026-09-19 23:42:32,mfsweep_shard0,SPT_SRWT,51,3993.02,113,0,1,2969.3,3488.8,519.5,2,2,59.4,0.0,227.8,232.2,0.0,59.4
2026-09-19 23:42:32,mfsweep_shard0,SPT_SRWT,51,3993.02,114,0,1,2995.6,3614.7,619.1,2,2,83.7,0.0,267.8,167.1,100.6,83.7
2026-09-19 23:42:32,mfsweep_shard0,SPT_SRWT,51,3993.02,115,0,1,3021.9,3647.8,625.9,2,2,82.3,0.0,160.0,241.0,142.6,82.3
2026-09-19 23:42:32,mfsweep_shard0,SPT_SRWT,51,3993.02,116,0,1,3048.2,3467.0,418.8,2,2,63.4,0.0,161.7,162.1,31.6,63.4
2026-09-19 23:42:32,mfsweep_shard0,SPT_SRWT,51,3993.02,117,0,1,3074.5,3538.1,463.7,2,2,74.6,0.0,139.9,136.8,112.3,74.6
2026-09-19 23:42:32,mfsweep_shard0,SPT_SRWT,51,3993.02,118,0,1,3100.7,3337.0,236.3,2,2,73.6,0.0,56.6,106.1,0.0,73.6
2026-09-19 23:42:32,mfsweep_shard0,SPT_SRWT,51,3993.02,119,0,1,3127.0,3457.4,330.4,2,2,58.6,0.0,58.3,170.1,43.5,58.6
2026-09-19 23:42:32,mfsweep_shard0,SPT_SRWT,51,3993.02,120,0,1,3153.3,3720.6,567.4,2,2,78.7,0.0,304.5,184.1,0.0,78.7
2026-09-19 23:42:32,mfsweep_shard0,SPT_SRWT,51,3993.02,121,0,1,3179.6,3674.8,495.2,2,2,71.3,0.0,214.8,174.5,34.5,71.3
2026-09-19 23:42:32,mfsweep_shard0,SPT_SRWT,51,3993.02,122,0,1,3205.8,3905.8,700.0,2,2,79.2,0.0,258.5,333.9,28.3,79.2
2026-09-19 23:42:32,mfsweep_shard0,SPT_SRWT,51,3993.02,123,0,1,3232.1,3747.2,515.1,2,2,71.0,0.0,268.9,156.3,18.8,71.0
2026-09-19 23:42:32,mfsweep_shard0,SPT_SRWT,51,3993.02,124,0,1,3258.4,3846.5,588.1,2,2,53.6,0.0,201.2,283.1,50.2,53.6
2026-09-19 23:42:32,mfsweep_shard0,SPT_SRWT,51,3993.02,125,0,1,3284.7,3833.0,548.4,2,2,64.2,0.0,281.6,140.8,57.9,68.0
2026-09-19 23:42:32,mfsweep_shard0,SPT_SRWT,51,3993.02,126,0,1,3311.0,3769.7,458.8,2,2,54.2,0.0,248.4,108.7,47.5,54.2
2026-09-19 23:42:32,mfsweep_shard0,SPT_SRWT,51,3993.02,127,0,1,3337.2,3774.1,436.8,2,2,84.2,0.0,184.2,168.4,0.0,84.2
2026-09-19 23:42:32,mfsweep_shard0,SPT_SRWT,51,3993.02,128,0,1,3363.5,3805.2,441.7,2,2,82.5,0.0,164.6,194.5,0.0,82.5
2026-09-19 23:42:32,mfsweep_shard0,SPT_SRWT,51,3993.02,129,0,1,3389.8,3855.9,466.1,2,2,81.0,0.0,210.3,141.1,33.8,81.0
2026-09-19 23:42:32,mfsweep_shard0,SPT_SRWT,51,3993.02,130,0,1,3416.1,3837.4,421.4,2,2,63.7,0.0,194.2,157.0,6.4,63.7
2026-09-19 23:42:32,mfsweep_shard0,SPT_SRWT,51,3993.02,131,0,1,3442.3,3870.4,428.1,2,2,55.5,0.0,143.3,189.8,39.5,55.5
2026-09-19 23:42:32,mfsweep_shard0,SPT_SRWT,51,3993.02,132,0,1,3468.6,3993.0,524.4,2,2,82.5,0.0,237.8,158.6,45.4,82.5
2026-09-19 23:42:32,mfsweep_shard0,SPT_SRWT,51,3993.02,133,0,1,3494.9,3935.3,440.4,2,2,84.8,0.0,188.7,141.3,25.6,84.8
2026-09-19 23:42:32,mfsweep_shard0,SPT_SRWT,51,3993.02,134,0,1,3521.2,3919.5,398.3,2,2,56.4,0.0,245.4,96.5,0.0,56.4
2026-09-19 23:42:32,mfsweep_shard0,SPT_SRWT,51,3993.02,135,0,1,3547.5,3924.3,376.9,2,2,69.6,0.0,207.5,99.7,0.0,69.6
2026-09-19 23:42:32,mfsweep_shard0,SPT_SRWT,51,3993.02,136,0,1,3573.7,3960.8,387.1,2,2,55.8,0.0,180.5,123.0,27.7,55.8
2026-09-19 23:46:14,mfsweep_shard0,SPT_SRWT,52,4046.74,0,0,1,0.0,211.4,211.4,2,2,74.6,0.0,68.1,68.6,0.0,74.6
2026-09-19 23:46:14,mfsweep_shard0,SPT_SRWT,52,4046.74,1,0,1,26.3,455.2,428.9,2,2,54.4,0.0,118.3,188.4,5.7,116.5
2026-09-19 23:46:14,mfsweep_shard0,SPT_SRWT,52,4046.74,2,0,1,52.6,278.6,226.1,2,2,62.6,0.0,81.4,82.1,0.0,62.6
2026-09-19 23:46:14,mfsweep_shard0,SPT_SRWT,52,4046.74,3,0,1,78.8,283.4,204.5,2,2,60.9,0.0,67.6,76.0,0.0,60.9
2026-09-19 23:46:14,mfsweep_shard0,SPT_SRWT,52,4046.74,4,0,1,105.1,326.7,221.6,2,2,77.8,0.0,66.3,77.4,0.0,77.8
2026-09-19 23:46:14,mfsweep_shard0,SPT_SRWT,52,4046.74,5,0,1,131.4,394.8,263.4,2,2,75.9,0.0,66.4,90.9,30.2,75.9
2026-09-19 23:46:14,mfsweep_shard0,SPT_SRWT,52,4046.74,6,0,1,157.7,534.3,376.7,2,2,83.0,0.1,130.0,124.5,39.1,83.0
2026-09-19 23:46:14,mfsweep_shard0,SPT_SRWT,52,4046.74,7,0,1,183.9,442.6,258.7,2,2,56.4,0.0,81.7,84.6,35.9,56.4
2026-09-19 23:46:14,mfsweep_shard0,SPT_SRWT,52,4046.74,8,0,1,210.2,877.8,667.6,2,2,67.5,0.0,200.2,145.0,191.9,130.6
2026-09-19 23:46:14,mfsweep_shard0,SPT_SRWT,52,4046.74,9,0,1,236.5,552.7,316.2,2,2,54.5,0.0,77.9,158.7,25.0,54.5
2026-09-19 23:46:14,mfsweep_shard0,SPT_SRWT,52,4046.74,10,0,1,262.8,738.2,475.4,2,2,60.8,0.0,159.0,185.9,55.5,75.0
2026-09-19 23:46:14,mfsweep_shard0,SPT_SRWT,52,4046.74,11,0,1,289.1,561.7,272.6,2,2,70.2,0.0,99.6,102.8,0.0,70.2
2026-09-19 23:46:14,mfsweep_shard0,SPT_SRWT,52,4046.74,12,0,1,315.3,788.4,473.1,2,2,54.4,0.1,234.8,115.8,68.0,54.4
2026-09-19 23:46:14,mfsweep_shard0,SPT_SRWT,52,4046.74,13,0,1,341.6,615.4,273.8,2,2,60.1,0.0,129.9,83.7,0.0,60.1
2026-09-19 23:46:14,mfsweep_shard0,SPT_SRWT,52,4046.74,14,0,1,367.9,636.1,268.2,2,2,75.0,0.0,94.8,98.3,0.0,75.0
2026-09-19 23:46:14,mfsweep_shard0,SPT_SRWT,52,4046.74,15,0,1,394.2,1009.0,614.9,2,2,71.5,0.0,138.1,101.7,303.5,71.5
2026-09-19 23:46:14,mfsweep_shard0,SPT_SRWT,52,4046.74,16,0,1,420.4,839.6,419.2,2,2,60.8,0.1,200.0,92.1,66.2,60.8
2026-09-19 23:46:14,mfsweep_shard0,SPT_SRWT,52,4046.74,17,0,1,446.7,693.1,246.4,2,2,73.0,0.0,63.3,103.7,6.3,73.0
2026-09-19 23:46:14,mfsweep_shard0,SPT_SRWT,52,4046.74,18,0,1,473.0,1775.7,1302.7,2,2,80.3,0.0,261.6,143.0,817.8,80.3
2026-09-19 23:46:14,mfsweep_shard0,SPT_SRWT,52,4046.74,19,0,1,499.3,816.7,317.4,2,2,53.8,0.0,132.2,131.4,0.0,53.8
2026-09-19 23:46:14,mfsweep_shard0,SPT_SRWT,52,4046.74,20,0,1,525.6,1662.5,1136.9,2,2,80.1,0.0,283.4,171.0,547.9,134.6
2026-09-19 23:46:14,mfsweep_shard0,SPT_SRWT,52,4046.74,21,0,1,551.8,927.8,376.0,2,2,76.6,0.0,85.1,210.3,3.9,76.6
2026-09-19 23:46:14,mfsweep_shard0,SPT_SRWT,52,4046.74,22,0,1,578.1,904.4,326.3,2,2,64.8,0.0,119.2,139.8,2.5,64.8
2026-09-19 23:46:14,mfsweep_shard0,SPT_SRWT,52,4046.74,23,0,1,604.4,982.4,378.0,2,2,58.7,0.0,194.1,98.9,26.3,58.7
2026-09-19 23:46:14,mfsweep_shard0,SPT_SRWT,52,4046.74,24,0,1,630.7,2041.9,1411.3,2,2,85.1,0.1,187.9,206.1,932.0,85.1
2026-09-19 23:46:14,mfsweep_shard0,SPT_SRWT,52,4046.74,25,0,1,656.9,1076.2,419.2,2,2,64.7,0.0,143.2,187.3,24.0,64.7
2026-09-19 23:46:14,mfsweep_shard0,SPT_SRWT,52,4046.74,26,0,1,683.2,1382.6,699.4,2,2,56.6,0.1,378.8,180.2,50.0,90.2
2026-09-19 23:46:14,mfsweep_shard0,SPT_SRWT,52,4046.74,27,0,1,709.5,959.3,249.8,2,2,56.7,0.0,88.4,99.9,4.7,56.7
2026-09-19 23:46:14,mfsweep_shard0,SPT_SRWT,52,4046.74,28,0,1,735.8,1946.3,1210.6,2,2,81.5,0.1,311.8,189.5,627.6,81.5
2026-09-19 23:46:14,mfsweep_shard0,SPT_SRWT,52,4046.74,29,0,1,762.0,1469.1,707.0,2,2,73.5,0.1,345.7,159.4,128.3,73.5
2026-09-19 23:46:14,mfsweep_shard0,SPT_SRWT,52,4046.74,30,0,1,788.3,1264.6,476.3,2,2,80.2,0.0,240.8,115.8,39.4,80.2
2026-09-19 23:46:14,mfsweep_shard0,SPT_SRWT,52,4046.74,31,0,1,814.6,1597.5,782.9,2,2,77.6,0.1,401.4,129.0,174.8,77.6
2026-09-19 23:46:14,mfsweep_shard0,SPT_SRWT,52,4046.74,32,0,1,840.9,1771.1,930.2,2,2,71.2,0.1,685.9,141.0,4.9,98.3
2026-09-19 23:46:14,mfsweep_shard0,SPT_SRWT,52,4046.74,33,0,1,867.2,1798.8,931.6,2,2,85.7,0.0,244.1,474.2,114.4,98.9
2026-09-19 23:46:14,mfsweep_shard0,SPT_SRWT,52,4046.74,34,0,1,893.4,1364.4,471.0,2,2,66.0,0.0,303.7,101.3,0.0,66.0
2026-09-19 23:46:14,mfsweep_shard0,SPT_SRWT,52,4046.74,35,0,1,919.7,1521.2,601.4,2,2,71.8,0.1,345.7,111.7,72.2,71.8
2026-09-19 23:46:14,mfsweep_shard0,SPT_SRWT,52,4046.74,36,0,1,946.0,1820.9,874.9,2,2,80.9,0.1,183.9,90.6,519.3,80.9
2026-09-19 23:46:14,mfsweep_shard0,SPT_SRWT,52,4046.74,37,0,1,972.3,1491.0,518.8,2,2,74.0,0.0,224.6,95.8,124.3,74.0
2026-09-19 23:46:14,mfsweep_shard0,SPT_SRWT,52,4046.74,38,0,1,998.5,2068.7,1070.1,2,2,82.0,0.1,277.3,146.5,564.3,82.0
2026-09-19 23:46:14,mfsweep_shard0,SPT_SRWT,52,4046.74,39,0,1,1024.8,1387.4,362.6,2,2,72.6,0.0,188.5,101.5,0.0,72.6
2026-09-19 23:46:14,mfsweep_shard0,SPT_SRWT,52,4046.74,40,0,1,1051.1,1509.3,458.2,2,2,76.8,0.0,256.5,124.9,0.0,76.8
2026-09-19 23:46:14,mfsweep_shard0,SPT_SRWT,52,4046.74,41,0,1,1077.4,1616.1,538.7,2,2,55.1,0.0,290.6,193.0,0.0,55.1
2026-09-19 23:46:14,mfsweep_shard0,SPT_SRWT,52,4046.74,42,0,1,1103.7,1429.5,325.8,2,2,61.1,0.0,128.4,98.9,37.5,61.1
2026-09-19 23:46:14,mfsweep_shard0,SPT_SRWT,52,4046.74,43,0,1,1129.9,1761.1,631.2,2,2,63.1,0.0,255.9,301.4,10.7,63.1
2026-09-19 23:46:14,mfsweep_shard0,SPT_SRWT,52,4046.74,44,0,1,1156.2,1644.2,488.0,2,2,56.2,0.0,296.9,120.6,14.2,56.2
2026-09-19 23:46:14,mfsweep_shard0,SPT_SRWT,52,4046.74,45,0,1,1182.5,1588.3,405.8,2,2,61.2,0.0,214.1,92.8,37.6,61.2
2026-09-19 23:46:14,mfsweep_shard0,SPT_SRWT,52,4046.74,46,0,1,1208.8,1630.2,421.5,2,2,56.9,0.0,212.9,110.0,41.7,56.9
2026-09-19 23:46:14,mfsweep_shard0,SPT_SRWT,52,4046.74,47,0,1,1235.0,1620.9,385.8,2,2,62.7,0.0,202.3,107.9,12.9,62.7
2026-09-19 23:46:14,mfsweep_shard0,SPT_SRWT,52,4046.74,48,0,1,1261.3,1865.5,604.2,2,2,74.5,0.0,403.3,93.7,32.7,74.5
2026-09-19 23:46:14,mfsweep_shard0,SPT_SRWT,52,4046.74,49,0,1,1287.6,2416.1,1128.5,2,2,65.6,0.0,470.9,494.4,97.6,65.6
2026-09-19 23:46:14,mfsweep_shard0,SPT_SRWT,52,4046.74,50,0,1,1313.9,1936.8,622.9,2,2,65.8,0.0,432.8,122.7,1.5,65.8
2026-09-19 23:46:14,mfsweep_shard0,SPT_SRWT,52,4046.74,51,0,1,1340.2,1667.2,327.0,2,2,60.5,0.0,162.0,83.0,21.5,60.5
2026-09-19 23:46:14,mfsweep_shard0,SPT_SRWT,52,4046.74,52,0,1,1366.4,2046.7,680.2,2,2,62.4,0.0,484.3,85.3,48.2,62.4
2026-09-19 23:46:14,mfsweep_shard0,SPT_SRWT,52,4046.74,53,0,1,1392.7,2064.0,671.3,2,2,84.5,0.0,445.9,102.4,38.4,84.5
2026-09-19 23:46:14,mfsweep_shard0,SPT_SRWT,52,4046.74,54,0,1,1419.0,1878.3,459.3,2,2,74.9,0.0,299.9,79.1,5.3,74.9
2026-09-19 23:46:14,mfsweep_shard0,SPT_SRWT,52,4046.74,55,0,1,1445.3,2380.3,935.0,2,2,73.6,0.0,571.0,280.9,9.4,73.6
2026-09-19 23:46:14,mfsweep_shard0,SPT_SRWT,52,4046.74,56,0,1,1471.5,1780.5,309.0,2,2,59.2,0.0,120.9,85.8,43.0,59.2
2026-09-19 23:46:14,mfsweep_shard0,SPT_SRWT,52,4046.74,57,0,1,1497.8,2344.1,846.2,2,2,77.6,0.0,429.5,285.5,53.6,77.6
2026-09-19 23:46:14,mfsweep_shard0,SPT_SRWT,52,4046.74,58,0,1,1524.1,2242.0,717.9,2,2,58.9,0.0,407.2,226.2,25.6,58.9
2026-09-19 23:46:14,mfsweep_shard0,SPT_SRWT,52,4046.74,59,0,1,1550.4,1860.8,310.4,2,2,66.1,0.0,153.8,90.5,0.0,66.1
2026-09-19 23:46:14,mfsweep_shard0,SPT_SRWT,52,4046.74,60,0,1,1576.6,2548.0,971.4,2,2,86.2,0.1,188.7,144.4,537.1,101.1
2026-09-19 23:46:14,mfsweep_shard0,SPT_SRWT,52,4046.74,61,0,1,1602.9,2228.4,625.5,2,2,74.7,0.1,357.3,193.4,0.0,74.7
2026-09-19 23:46:14,mfsweep_shard0,SPT_SRWT,52,4046.74,62,0,1,1629.2,2157.8,528.6,2,2,71.9,0.0,256.5,159.6,40.4,71.9
2026-09-19 23:46:14,mfsweep_shard0,SPT_SRWT,52,4046.74,63,0,1,1655.5,1991.0,335.5,2,2,76.1,0.0,92.1,130.7,36.5,76.1
2026-09-19 23:46:14,mfsweep_shard0,SPT_SRWT,52,4046.74,64,0,1,1681.8,2844.8,1163.1,2,2,81.4,0.1,360.5,299.8,421.3,81.4
2026-09-19 23:46:14,mfsweep_shard0,SPT_SRWT,52,4046.74,65,0,1,1708.0,2801.0,1093.0,2,2,79.2,0.0,450.0,329.5,213.7,99.8
2026-09-19 23:46:14,mfsweep_shard0,SPT_SRWT,52,4046.74,66,0,1,1734.3,2452.5,718.2,2,2,61.1,0.0,450.2,205.0,1.8,61.1
2026-09-19 23:46:14,mfsweep_shard0,SPT_SRWT,52,4046.74,67,0,1,1760.6,2534.7,774.1,2,2,54.6,0.0,246.7,407.4,65.4,54.6
2026-09-19 23:46:14,mfsweep_shard0,SPT_SRWT,52,4046.74,68,0,1,1786.9,2462.2,675.3,2,2,64.0,0.0,305.4,276.7,29.2,64.0
2026-09-19 23:46:14,mfsweep_shard0,SPT_SRWT,52,4046.74,69,0,1,1813.1,2568.0,754.9,2,2,62.4,0.0,372.6,275.7,44.1,62.4
2026-09-19 23:46:14,mfsweep_shard0,SPT_SRWT,52,4046.74,70,0,1,1839.4,2433.7,594.2,2,2,60.5,0.0,275.2,251.0,7.4,60.5
2026-09-19 23:46:14,mfsweep_shard0,SPT_SRWT,52,4046.74,71,0,1,1865.7,2513.5,647.8,2,2,84.7,0.0,154.5,319.8,88.8,84.7
2026-09-19 23:46:14,mfsweep_shard0,SPT_SRWT,52,4046.74,72,0,1,1892.0,2487.8,595.8,2,2,82.5,0.0,225.2,236.5,51.6,82.5
2026-09-19 23:46:14,mfsweep_shard0,SPT_SRWT,52,4046.74,73,0,1,1918.3,2394.2,475.9,2,2,63.9,0.0,76.2,298.5,37.2,63.9
2026-09-19 23:46:14,mfsweep_shard0,SPT_SRWT,52,4046.74,74,0,1,1944.5,2358.1,413.6,2,2,75.2,0.0,43.4,271.2,23.8,75.2
2026-09-19 23:46:14,mfsweep_shard0,SPT_SRWT,52,4046.74,75,0,1,1970.8,2594.7,623.9,2,2,66.6,0.0,53.5,434.3,69.5,66.6
2026-09-19 23:46:14,mfsweep_shard0,SPT_SRWT,52,4046.74,76,0,1,1997.1,2315.7,318.6,2,2,83.7,0.0,79.4,155.5,0.0,83.7
2026-09-19 23:46:14,mfsweep_shard0,SPT_SRWT,52,4046.74,77,0,1,2023.4,2501.8,478.4,2,2,68.7,0.0,102.7,269.4,37.6,68.7
2026-09-19 23:46:14,mfsweep_shard0,SPT_SRWT,52,4046.74,78,0,1,2049.6,2398.9,349.2,2,2,62.3,0.0,34.9,252.1,0.0,62.3
2026-09-19 23:46:14,mfsweep_shard0,SPT_SRWT,52,4046.74,79,0,1,2075.9,2605.8,529.9,2,2,61.7,0.0,167.9,284.3,15.9,61.7
2026-09-19 23:46:14,mfsweep_shard0,SPT_SRWT,52,4046.74,80,0,1,2102.2,2766.4,664.2,2,2,72.1,0.0,181.4,362.0,48.7,72.1
2026-09-19 23:46:14,mfsweep_shard0,SPT_SRWT,52,4046.74,81,0,1,2128.5,2903.6,775.1,2,2,62.2,0.0,147.0,505.4,32.0,90.8
2026-09-19 23:46:14,mfsweep_shard0,SPT_SRWT,52,4046.74,82,0,1,2154.7,2898.9,744.1,2,2,72.8,0.0,364.1,293.0,14.1,72.8
2026-09-19 23:46:14,mfsweep_shard0,SPT_SRWT,52,4046.74,83,0,1,2181.0,2823.1,642.1,2,2,83.2,0.0,213.3,345.6,0.0,83.2
2026-09-19 23:46:14,mfsweep_shard0,SPT_SRWT,52,4046.74,84,0,1,2207.3,2713.0,505.7,2,2,66.7,0.0,62.1,338.9,37.9,66.7
2026-09-19 23:46:14,mfsweep_shard0,SPT_SRWT,52,4046.74,85,0,1,2233.6,3029.5,796.0,2,2,60.8,0.0,441.2,252.7,34.2,67.9
2026-09-19 23:46:14,mfsweep_shard0,SPT_SRWT,52,4046.74,86,0,1,2259.9,2780.1,520.3,2,2,86.5,0.0,145.1,193.2,95.5,86.5
2026-09-19 23:46:14,mfsweep_shard0,SPT_SRWT,52,4046.74,87,0,1,2286.1,2858.1,571.9,2,2,70.4,0.0,76.6,365.9,59.0,70.4
2026-09-19 23:46:14,mfsweep_shard0,SPT_SRWT,52,4046.74,88,0,1,2312.4,2979.3,666.9,2,2,56.5,0.0,227.8,382.2,0.4,56.5
2026-09-19 23:46:14,mfsweep_shard0,SPT_SRWT,52,4046.74,89,0,1,2338.7,2988.5,649.8,2,2,55.1,0.0,188.2,358.6,48.0,55.1
2026-09-19 23:46:14,mfsweep_shard0,SPT_SRWT,52,4046.74,90,0,1,2365.0,3196.5,831.5,2,2,57.2,0.0,269.2,387.9,93.1,81.3
2026-09-19 23:46:14,mfsweep_shard0,SPT_SRWT,52,4046.74,91,0,1,2391.2,3116.7,725.4,2,2,74.3,0.1,176.8,371.5,102.8,74.3
2026-09-19 23:46:14,mfsweep_shard0,SPT_SRWT,52,4046.74,92,0,1,2417.5,3362.5,944.9,2,2,79.7,0.1,336.8,324.2,204.1,79.7
2026-09-19 23:46:14,mfsweep_shard0,SPT_SRWT,52,4046.74,93,0,1,2443.8,3020.3,576.5,2,2,67.5,0.0,210.8,233.0,65.2,67.5
2026-09-19 23:46:14,mfsweep_shard0,SPT_SRWT,52,4046.74,94,0,1,2470.1,2867.0,396.9,2,2,55.6,0.0,111.9,229.4,0.0,55.6
2026-09-19 23:46:14,mfsweep_shard0,SPT_SRWT,52,4046.74,95,0,1,2496.4,2884.8,388.4,2,2,66.1,0.0,4.6,317.6,0.0,66.1
2026-09-19 23:46:14,mfsweep_shard0,SPT_SRWT,52,4046.74,96,0,1,2522.6,2957.9,435.3,2,2,86.4,0.0,56.9,227.7,64.3,86.4
2026-09-19 23:46:14,mfsweep_shard0,SPT_SRWT,52,4046.74,97,0,1,2548.9,3059.7,510.8,2,2,71.0,0.0,131.8,271.1,36.9,71.0
2026-09-19 23:46:14,mfsweep_shard0,SPT_SRWT,52,4046.74,98,0,1,2575.2,3334.9,759.7,2,2,85.6,0.0,78.6,265.0,330.5,85.6
2026-09-19 23:46:14,mfsweep_shard0,SPT_SRWT,52,4046.74,99,0,1,2601.5,3436.2,834.7,2,2,82.0,0.0,142.9,289.6,320.2,82.0
2026-09-19 23:46:14,mfsweep_shard0,SPT_SRWT,52,4046.74,100,0,1,2627.7,3272.5,644.7,2,2,53.9,0.0,410.5,150.9,29.4,53.9
2026-09-19 23:46:14,mfsweep_shard0,SPT_SRWT,52,4046.74,101,0,1,2654.0,3276.9,622.9,2,2,77.3,0.0,105.4,240.8,199.4,77.3
2026-09-19 23:46:14,mfsweep_shard0,SPT_SRWT,52,4046.74,102,0,1,2680.3,3080.5,400.2,2,2,76.0,0.0,114.4,178.4,31.3,76.0
2026-09-19 23:46:14,mfsweep_shard0,SPT_SRWT,52,4046.74,103,0,1,2706.6,3165.2,458.6,2,2,71.3,0.0,159.4,225.1,2.9,71.3
2026-09-19 23:46:14,mfsweep_shard0,SPT_SRWT,52,4046.74,104,0,1,2732.9,3376.3,643.4,2,2,62.4,0.0,200.5,342.1,38.5,62.4
2026-09-19 23:46:14,mfsweep_shard0,SPT_SRWT,52,4046.74,105,0,1,2759.1,3257.7,498.6,2,2,74.7,0.0,121.8,236.2,65.8,74.7
2026-09-19 23:46:14,mfsweep_shard0,SPT_SRWT,52,4046.74,106,0,1,2785.4,3230.0,444.6,2,2,57.2,0.0,55.1,192.0,140.3,57.2
2026-09-19 23:46:14,mfsweep_shard0,SPT_SRWT,52,4046.74,107,0,1,2811.7,3262.7,451.0,2,2,67.9,0.0,157.6,130.2,95.3,67.9
2026-09-19 23:46:14,mfsweep_shard0,SPT_SRWT,52,4046.74,108,0,1,2838.0,3367.1,529.2,2,2,68.5,0.0,279.1,173.7,0.0,76.3
2026-09-19 23:46:14,mfsweep_shard0,SPT_SRWT,52,4046.74,109,0,1,2864.2,4004.1,1139.8,2,2,85.0,0.0,467.6,184.2,350.1,138.0
2026-09-19 23:46:14,mfsweep_shard0,SPT_SRWT,52,4046.74,110,0,1,2890.5,3560.5,670.0,2,2,82.4,0.0,333.7,154.5,99.4,82.4
2026-09-19 23:46:14,mfsweep_shard0,SPT_SRWT,52,4046.74,111,0,1,2916.8,3371.9,455.1,2,2,62.2,0.0,207.5,160.7,24.6,62.2
2026-09-19 23:46:14,mfsweep_shard0,SPT_SRWT,52,4046.74,112,0,1,2943.1,3427.6,484.5,2,2,70.1,0.0,196.5,211.2,6.7,70.1
2026-09-19 23:46:14,mfsweep_shard0,SPT_SRWT,52,4046.74,113,0,1,2969.3,3466.6,497.3,2,2,59.4,0.0,195.1,200.9,41.8,59.4
2026-09-19 23:46:14,mfsweep_shard0,SPT_SRWT,52,4046.74,114,0,1,2995.6,3512.2,516.6,2,2,83.7,0.0,141.1,137.5,154.3,83.7
2026-09-19 23:46:14,mfsweep_shard0,SPT_SRWT,52,4046.74,115,0,1,3021.9,3565.3,543.4,2,2,82.3,0.0,182.9,201.4,76.8,82.3
2026-09-19 23:46:14,mfsweep_shard0,SPT_SRWT,52,4046.74,116,0,1,3048.2,3404.3,356.1,2,2,63.4,0.0,135.5,141.0,16.2,63.4
2026-09-19 23:46:14,mfsweep_shard0,SPT_SRWT,52,4046.74,117,0,1,3074.5,3662.0,587.5,2,2,74.6,0.0,308.8,150.9,53.1,74.6
2026-09-19 23:46:14,mfsweep_shard0,SPT_SRWT,52,4046.74,118,0,1,3100.7,3821.0,720.3,2,2,73.6,0.0,461.5,120.4,64.8,73.6
2026-09-19 23:46:14,mfsweep_shard0,SPT_SRWT,52,4046.74,119,0,1,3127.0,3751.1,624.1,2,2,58.6,0.0,413.5,135.5,16.5,58.6
2026-09-19 23:46:14,mfsweep_shard0,SPT_SRWT,52,4046.74,120,0,1,3153.3,3700.8,547.5,2,2,78.7,0.0,354.1,114.7,0.0,78.7
2026-09-19 23:46:14,mfsweep_shard0,SPT_SRWT,52,4046.74,121,0,1,3179.6,3551.7,372.1,2,2,71.3,0.0,97.1,165.4,38.3,71.3
2026-09-19 23:46:14,mfsweep_shard0,SPT_SRWT,52,4046.74,122,0,1,3205.8,3930.2,724.3,2,2,79.2,0.1,253.6,247.4,105.3,117.9
2026-09-19 23:46:14,mfsweep_shard0,SPT_SRWT,52,4046.74,123,0,1,3232.1,3794.1,562.0,2,2,71.0,0.0,292.5,189.1,9.3,71.0
2026-09-19 23:46:14,mfsweep_shard0,SPT_SRWT,52,4046.74,124,0,1,3258.4,3769.3,510.9,2,2,53.6,0.0,337.2,109.8,10.3,53.6
2026-09-19 23:46:14,mfsweep_shard0,SPT_SRWT,52,4046.74,125,0,1,3284.7,3774.0,489.3,2,2,64.2,0.0,281.2,143.8,0.0,64.2
2026-09-19 23:46:14,mfsweep_shard0,SPT_SRWT,52,4046.74,126,0,1,3311.0,3731.8,420.8,2,2,54.2,0.0,183.5,137.2,45.9,54.2
2026-09-19 23:46:14,mfsweep_shard0,SPT_SRWT,52,4046.74,127,0,1,3337.2,3722.7,385.4,2,2,84.2,0.0,191.8,100.8,8.7,84.2
2026-09-19 23:46:14,mfsweep_shard0,SPT_SRWT,52,4046.74,128,0,1,3363.5,3934.7,571.2,2,2,82.5,0.1,180.8,293.4,14.3,82.5
2026-09-19 23:46:14,mfsweep_shard0,SPT_SRWT,52,4046.74,129,0,1,3389.8,3835.6,445.8,2,2,81.0,0.0,224.5,130.6,9.7,81.0
2026-09-19 23:46:14,mfsweep_shard0,SPT_SRWT,52,4046.74,130,0,1,3416.1,3969.0,553.0,2,2,63.7,0.0,366.0,87.2,36.0,63.7
2026-09-19 23:46:14,mfsweep_shard0,SPT_SRWT,52,4046.74,131,0,1,3442.3,3870.9,428.6,2,2,55.5,0.0,289.8,83.3,0.0,55.5
2026-09-19 23:46:14,mfsweep_shard0,SPT_SRWT,52,4046.74,132,0,1,3468.6,4046.7,578.1,2,2,82.5,0.0,350.6,81.3,63.7,82.5
2026-09-19 23:46:14,mfsweep_shard0,SPT_SRWT,52,4046.74,133,0,1,3494.9,3852.7,357.8,2,2,84.8,0.0,163.5,90.2,19.3,84.8
2026-09-19 23:46:14,mfsweep_shard0,SPT_SRWT,52,4046.74,134,0,1,3521.2,3875.3,354.1,2,2,56.4,0.0,144.2,87.4,66.1,56.4
2026-09-19 23:46:14,mfsweep_shard0,SPT_SRWT,52,4046.74,135,0,1,3547.5,3985.5,438.1,2,2,69.6,0.0,136.8,212.7,19.0,69.6
2026-09-19 23:46:14,mfsweep_shard0,SPT_SRWT,52,4046.74,136,0,1,3573.7,3925.3,351.6,2,2,55.8,0.0,166.5,129.2,0.0,55.8
2026-09-19 23:50:24,mfsweep_shard0,SPT_SRWT,53,5068.36,0,0,1,0.0,211.8,211.8,2,2,74.6,0.0,62.0,75.1,0.0,74.6
2026-09-19 23:50:24,mfsweep_shard0,SPT_SRWT,53,5068.36,1,0,1,26.3,304.9,278.6,2,2,54.4,0.0,93.8,110.1,6.4,68.2
2026-09-19 23:50:24,mfsweep_shard0,SPT_SRWT,53,5068.36,2,0,1,52.6,266.4,213.8,2,2,62.6,0.0,62.4,77.5,11.3,62.6
2026-09-19 23:50:24,mfsweep_shard0,SPT_SRWT,53,5068.36,3,0,1,78.8,354.0,275.1,2,2,60.9,0.0,94.6,78.5,41.1,60.9
2026-09-19 23:50:24,mfsweep_shard0,SPT_SRWT,53,5068.36,4,0,1,105.1,615.2,510.0,2,2,77.8,0.0,165.7,142.5,120.4,81.3
2026-09-19 23:50:24,mfsweep_shard0,SPT_SRWT,53,5068.36,5,0,1,131.4,379.7,248.3,2,2,75.9,0.0,82.8,89.6,0.0,75.9
2026-09-19 23:50:24,mfsweep_shard0,SPT_SRWT,53,5068.36,6,0,1,157.7,659.8,502.2,2,2,83.0,0.1,139.2,155.3,79.0,128.6
2026-09-19 23:50:24,mfsweep_shard0,SPT_SRWT,53,5068.36,7,0,1,183.9,436.8,252.8,2,2,56.4,0.0,93.2,103.1,0.0,56.4
2026-09-19 23:50:24,mfsweep_shard0,SPT_SRWT,53,5068.36,8,0,1,210.2,562.7,352.4,2,2,67.5,0.0,140.3,139.8,0.0,72.4
2026-09-19 23:50:24,mfsweep_shard0,SPT_SRWT,53,5068.36,9,0,1,236.5,482.5,246.0,2,2,54.5,0.0,80.8,104.4,6.3,54.5
2026-09-19 23:50:24,mfsweep_shard0,SPT_SRWT,53,5068.36,10,0,1,262.8,527.1,264.4,2,2,60.8,0.0,108.5,95.0,0.0,60.8
2026-09-19 23:50:24,mfsweep_shard0,SPT_SRWT,53,5068.36,11,0,1,289.1,598.0,308.9,2,2,70.2,0.0,121.3,107.2,10.2,70.2
2026-09-19 23:50:24,mfsweep_shard0,SPT_SRWT,53,5068.36,12,0,1,315.3,641.6,326.3,2,2,54.4,0.0,144.9,119.9,7.1,54.4
2026-09-19 23:50:24,mfsweep_shard0,SPT_SRWT,53,5068.36,13,0,1,341.6,682.5,340.9,2,2,60.1,0.0,142.4,138.3,0.0,60.1
2026-09-19 23:50:24,mfsweep_shard0,SPT_SRWT,53,5068.36,14,0,1,367.9,715.5,347.7,2,2,75.0,0.0,109.6,115.8,47.3,75.0
2026-09-19 23:50:24,mfsweep_shard0,SPT_SRWT,53,5068.36,15,0,1,394.2,655.4,261.2,2,2,71.5,0.0,62.8,126.9,0.0,71.5
2026-09-19 23:50:24,mfsweep_shard0,SPT_SRWT,53,5068.36,16,0,1,420.4,753.5,333.1,2,2,60.8,0.0,147.5,106.6,18.1,60.8
2026-09-19 23:50:24,mfsweep_shard0,SPT_SRWT,53,5068.36,17,0,1,446.7,766.8,320.1,2,2,73.0,0.0,114.9,132.2,0.0,73.0
2026-09-19 23:50:24,mfsweep_shard0,SPT_SRWT,53,5068.36,18,0,1,473.0,856.0,383.0,2,2,80.3,0.0,127.2,139.5,36.0,80.3
2026-09-19 23:50:24,mfsweep_shard0,SPT_SRWT,53,5068.36,19,0,1,499.3,794.3,295.0,2,2,53.8,0.0,114.5,120.4,6.4,53.8
2026-09-19 23:50:24,mfsweep_shard0,SPT_SRWT,53,5068.36,20,0,1,525.6,972.9,447.3,2,2,80.1,0.0,134.0,201.2,3.4,108.7
2026-09-19 23:50:24,mfsweep_shard0,SPT_SRWT,53,5068.36,21,0,1,551.8,1652.1,1100.3,2,2,76.6,0.0,319.3,379.7,202.0,199.3
2026-09-19 23:50:24,mfsweep_shard0,SPT_SRWT,53,5068.36,22,0,1,578.1,892.2,314.1,2,2,64.8,0.0,150.8,98.6,0.0,64.8
2026-09-19 23:50:24,mfsweep_shard0,SPT_SRWT,53,5068.36,23,0,1,604.4,927.5,323.1,2,2,58.7,0.0,130.9,133.5,0.0,58.7
2026-09-19 23:50:24,mfsweep_shard0,SPT_SRWT,53,5068.36,24,0,1,630.7,1123.8,493.1,2,2,85.1,0.1,196.5,187.1,24.4,85.1
2026-09-19 23:50:24,mfsweep_shard0,SPT_SRWT,53,5068.36,25,0,1,656.9,1678.8,1021.8,2,2,64.7,0.0,615.9,250.7,47.5,107.7
2026-09-19 23:50:24,mfsweep_shard0,SPT_SRWT,53,5068.36,26,0,1,683.2,1158.5,475.3,2,2,56.6,0.0,171.9,191.9,54.9,56.6
2026-09-19 23:50:24,mfsweep_shard0,SPT_SRWT,53,5068.36,27,0,1,709.5,1451.2,741.7,2,2,56.7,0.1,383.9,246.2,54.7,56.7
2026-09-19 23:50:24,mfsweep_shard0,SPT_SRWT,53,5068.36,28,0,1,735.8,1634.3,898.6,2,2,81.5,0.1,446.2,206.1,164.6,81.5
2026-09-19 23:50:24,mfsweep_shard0,SPT_SRWT,53,5068.36,29,0,1,762.0,1577.7,815.6,2,2,73.5,0.1,495.1,153.9,41.9,124.6
2026-09-19 23:50:24,mfsweep_shard0,SPT_SRWT,53,5068.36,30,0,1,788.3,2212.8,1424.5,2,2,80.2,0.2,449.5,352.1,542.6,80.2
2026-09-19 23:50:24,mfsweep_shard0,SPT_SRWT,53,5068.36,31,0,1,814.6,1397.1,582.5,2,2,77.6,0.2,294.3,141.7,68.8,77.6
2026-09-19 23:50:24,mfsweep_shard0,SPT_SRWT,53,5068.36,32,0,1,840.9,1306.9,466.1,2,2,71.2,0.0,107.2,267.4,20.2,71.2
2026-09-19 23:50:24,mfsweep_shard0,SPT_SRWT,53,5068.36,33,0,1,867.2,1311.8,444.7,2,2,85.7,0.2,224.6,134.2,0.0,85.7
2026-09-19 23:50:24,mfsweep_shard0,SPT_SRWT,53,5068.36,34,0,1,893.4,1254.5,361.1,2,2,66.0,0.0,131.3,163.7,0.0,66.0
2026-09-19 23:50:24,mfsweep_shard0,SPT_SRWT,53,5068.36,35,0,1,919.7,1355.6,435.9,2,2,71.8,0.2,214.2,149.8,0.0,71.8
2026-09-19 23:50:24,mfsweep_shard0,SPT_SRWT,53,5068.36,36,0,1,946.0,1441.4,495.4,2,2,80.9,0.0,50.2,220.5,143.7,80.9
2026-09-19 23:50:24,mfsweep_shard0,SPT_SRWT,53,5068.36,37,0,1,972.3,1595.2,623.0,2,2,74.0,0.0,337.6,211.3,0.0,74.0
2026-09-19 23:50:24,mfsweep_shard0,SPT_SRWT,53,5068.36,38,0,1,998.5,1608.3,609.7,2,2,82.0,0.0,284.1,243.6,0.0,82.0
2026-09-19 23:50:24,mfsweep_shard0,SPT_SRWT,53,5068.36,39,0,1,1024.8,1616.9,592.1,2,2,72.6,0.0,202.1,277.1,40.2,72.6
2026-09-19 23:50:24,mfsweep_shard0,SPT_SRWT,53,5068.36,40,0,1,1051.1,2070.9,1019.8,2,2,76.8,0.0,295.6,285.5,357.8,80.9
2026-09-19 23:50:24,mfsweep_shard0,SPT_SRWT,53,5068.36,41,0,1,1077.4,1669.3,591.9,2,2,55.1,0.1,230.0,246.4,60.4,55.1
2026-09-19 23:50:24,mfsweep_shard0,SPT_SRWT,53,5068.36,42,0,1,1103.7,1888.5,784.8,2,2,61.1,0.0,258.3,364.2,101.2,61.1
2026-09-19 23:50:24,mfsweep_shard0,SPT_SRWT,53,5068.36,43,0,1,1129.9,1783.1,653.1,2,2,63.1,0.0,399.9,150.1,40.0,63.1
2026-09-19 23:50:24,mfsweep_shard0,SPT_SRWT,53,5068.36,44,0,1,1156.2,1806.6,650.4,2,2,56.2,0.1,426.7,149.0,18.4,56.2
2026-09-19 23:50:24,mfsweep_shard0,SPT_SRWT,53,5068.36,45,0,1,1182.5,1792.4,610.0,2,2,61.2,0.1,196.5,324.6,27.5,61.2
2026-09-19 23:50:24,mfsweep_shard0,SPT_SRWT,53,5068.36,46,0,1,1208.8,1851.2,642.4,2,2,56.9,0.1,343.2,224.8,17.5,56.9
2026-09-19 23:50:24,mfsweep_shard0,SPT_SRWT,53,5068.36,47,0,1,1235.0,1674.0,438.9,2,2,62.7,0.0,197.8,152.1,26.3,62.7
2026-09-19 23:50:24,mfsweep_shard0,SPT_SRWT,53,5068.36,48,0,1,1261.3,1837.0,575.7,2,2,74.5,0.0,156.2,313.9,31.1,74.5
2026-09-19 23:50:24,mfsweep_shard0,SPT_SRWT,53,5068.36,49,0,1,1287.6,1896.7,609.1,2,2,65.6,0.1,256.9,155.1,113.6,83.3
2026-09-19 23:50:24,mfsweep_shard0,SPT_SRWT,53,5068.36,50,0,1,1313.9,1738.3,424.4,2,2,65.8,0.0,152.3,169.3,37.0,65.8
2026-09-19 23:50:24,mfsweep_shard0,SPT_SRWT,53,5068.36,51,0,1,1340.2,1582.5,242.4,2,2,60.5,0.0,73.1,108.8,0.0,60.5
2026-09-19 23:50:24,mfsweep_shard0,SPT_SRWT,53,5068.36,52,0,1,1366.4,1820.4,454.0,2,2,62.4,0.0,190.8,152.2,48.6,62.4
2026-09-19 23:50:24,mfsweep_shard0,SPT_SRWT,53,5068.36,53,0,1,1392.7,2271.3,878.6,2,2,84.5,0.0,415.6,186.4,192.1,84.5
2026-09-19 23:50:24,mfsweep_shard0,SPT_SRWT,53,5068.36,54,0,1,1419.0,1981.3,562.3,2,2,74.9,0.0,214.2,148.8,124.4,74.9
2026-09-19 23:50:24,mfsweep_shard0,SPT_SRWT,53,5068.36,55,0,1,1445.3,1967.3,522.0,2,2,73.6,0.0,83.7,222.9,141.7,73.6
2026-09-19 23:50:24,mfsweep_shard0,SPT_SRWT,53,5068.36,56,0,1,1471.5,1878.8,407.2,2,2,59.2,0.0,177.5,165.9,4.6,59.2
2026-09-19 23:50:24,mfsweep_shard0,SPT_SRWT,53,5068.36,57,0,1,1497.8,2217.3,719.4,2,2,77.6,0.0,200.9,183.6,203.1,131.8
2026-09-19 23:50:24,mfsweep_shard0,SPT_SRWT,53,5068.36,58,0,1,1524.1,1883.6,359.5,2,2,58.9,0.0,77.0,148.3,75.3,58.9
2026-09-19 23:50:24,mfsweep_shard0,SPT_SRWT,53,5068.36,59,0,1,1550.4,1919.6,369.3,2,2,66.1,0.0,105.1,198.0,0.0,66.1
2026-09-19 23:50:24,mfsweep_shard0,SPT_SRWT,53,5068.36,60,0,1,1576.6,2238.7,662.1,2,2,86.2,0.0,456.3,119.5,0.0,86.2
2026-09-19 23:50:24,mfsweep_shard0,SPT_SRWT,53,5068.36,61,0,1,1602.9,2438.7,835.7,2,2,74.7,0.1,175.1,294.4,233.8,132.4
2026-09-19 23:50:24,mfsweep_shard0,SPT_SRWT,53,5068.36,62,0,1,1629.2,2014.7,385.5,2,2,71.9,0.0,193.8,119.7,0.0,71.9
2026-09-19 23:50:24,mfsweep_shard0,SPT_SRWT,53,5068.36,63,0,1,1655.5,2252.6,597.1,2,2,76.1,0.0,349.6,159.3,12.1,76.1
2026-09-19 23:50:24,mfsweep_shard0,SPT_SRWT,53,5068.36,64,0,1,1681.8,2590.4,908.6,2,2,81.4,0.1,316.6,188.0,322.6,81.4
2026-09-19 23:50:24,mfsweep_shard0,SPT_SRWT,53,5068.36,65,0,1,1708.0,2287.3,579.3,2,2,79.2,0.0,147.0,161.6,191.4,79.2
2026-09-19 23:50:24,mfsweep_shard0,SPT_SRWT,53,5068.36,66,0,1,1734.3,2320.1,585.8,2,2,61.1,0.1,329.0,112.1,83.5,61.1
2026-09-19 23:50:24,mfsweep_shard0,SPT_SRWT,53,5068.36,67,0,1,1760.6,2283.0,522.4,2,2,54.6,0.1,328.8,102.9,36.0,54.6
2026-09-19 23:50:24,mfsweep_shard0,SPT_SRWT,53,5068.36,68,0,1,1786.9,2479.6,692.7,2,2,64.0,0.0,492.0,81.5,55.2,64.0
2026-09-19 23:50:24,mfsweep_shard0,SPT_SRWT,53,5068.36,69,0,1,1813.1,2392.8,579.6,2,2,62.4,0.0,301.1,119.3,96.8,62.4
2026-09-19 23:50:24,mfsweep_shard0,SPT_SRWT,53,5068.36,70,0,1,1839.4,2488.2,648.8,2,2,60.5,0.0,256.6,314.4,17.2,60.5
2026-09-19 23:50:24,mfsweep_shard0,SPT_SRWT,53,5068.36,71,0,1,1865.7,2420.0,554.3,2,2,84.7,0.0,340.5,112.8,16.3,84.7
2026-09-19 23:50:24,mfsweep_shard0,SPT_SRWT,53,5068.36,72,0,1,1892.0,3588.5,1696.5,2,2,82.5,0.0,1074.1,373.4,86.2,162.8
2026-09-19 23:50:24,mfsweep_shard0,SPT_SRWT,53,5068.36,73,0,1,1918.3,2406.1,487.8,2,2,63.9,0.0,290.7,89.6,43.6,63.9
2026-09-19 23:50:24,mfsweep_shard0,SPT_SRWT,53,5068.36,74,0,1,1944.5,2343.4,398.9,2,2,75.2,0.0,225.9,97.8,0.0,75.2
2026-09-19 23:50:24,mfsweep_shard0,SPT_SRWT,53,5068.36,75,0,1,1970.8,2747.8,777.0,2,2,66.6,0.0,554.7,114.7,41.0,66.6
2026-09-19 23:50:24,mfsweep_shard0,SPT_SRWT,53,5068.36,76,0,1,1997.1,2505.8,508.8,2,2,83.7,0.0,125.8,212.3,87.0,83.7
2026-09-19 23:50:24,mfsweep_shard0,SPT_SRWT,53,5068.36,77,0,1,2023.4,3403.4,1380.1,2,2,68.7,0.0,634.5,676.9,0.0,68.7
2026-09-19 23:50:24,mfsweep_shard0,SPT_SRWT,53,5068.36,78,0,1,2049.6,2664.0,614.4,2,2,62.3,0.0,431.7,120.4,0.0,62.3
2026-09-19 23:50:24,mfsweep_shard0,SPT_SRWT,53,5068.36,79,0,1,2075.9,2519.5,443.6,2,2,61.7,0.0,305.5,75.5,0.9,61.7
2026-09-19 23:50:24,mfsweep_shard0,SPT_SRWT,53,5068.36,80,0,1,2102.2,2448.9,346.7,2,2,72.1,0.0,175.5,72.2,27.0,72.1
2026-09-19 23:50:24,mfsweep_shard0,SPT_SRWT,53,5068.36,81,0,1,2128.5,2741.1,612.7,2,2,62.2,0.0,421.5,113.7,15.2,62.2
2026-09-19 23:50:24,mfsweep_shard0,SPT_SRWT,53,5068.36,82,0,1,2154.7,3378.0,1223.3,2,2,72.8,0.0,692.0,327.9,130.5,72.8
2026-09-19 23:50:24,mfsweep_shard0,SPT_SRWT,53,5068.36,83,0,1,2181.0,2859.5,678.4,2,2,83.2,0.0,266.5,201.0,127.7,83.2
2026-09-19 23:50:24,mfsweep_shard0,SPT_SRWT,53,5068.36,84,0,1,2207.3,3524.5,1317.2,2,2,66.7,0.0,560.8,642.4,47.2,66.7
2026-09-19 23:50:24,mfsweep_shard0,SPT_SRWT,53,5068.36,85,0,1,2233.6,3386.7,1153.1,2,2,60.8,0.0,668.4,392.0,31.9,60.8
2026-09-19 23:50:24,mfsweep_shard0,SPT_SRWT,53,5068.36,86,0,1,2259.9,3529.3,1269.4,2,2,86.5,0.0,649.7,440.4,92.8,86.5
2026-09-19 23:50:24,mfsweep_shard0,SPT_SRWT,53,5068.36,87,0,1,2286.1,2659.3,373.2,2,2,70.4,0.0,137.1,128.5,37.2,70.4
2026-09-19 23:50:24,mfsweep_shard0,SPT_SRWT,53,5068.36,88,0,1,2312.4,3578.8,1266.4,2,2,56.5,0.0,724.5,459.3,26.0,56.5
2026-09-19 23:50:24,mfsweep_shard0,SPT_SRWT,53,5068.36,89,0,1,2338.7,2725.5,386.8,2,2,55.1,0.0,198.2,109.7,23.8,55.1
2026-09-19 23:50:24,mfsweep_shard0,SPT_SRWT,53,5068.36,90,0,1,2365.0,2837.8,472.8,2,2,57.2,0.0,180.7,210.1,24.8,57.2
2026-09-19 23:50:24,mfsweep_shard0,SPT_SRWT,53,5068.36,91,0,1,2391.2,2833.1,441.8,2,2,74.3,0.0,186.4,181.1,0.0,74.3
2026-09-19 23:50:24,mfsweep_shard0,SPT_SRWT,53,5068.36,92,0,1,2417.5,3940.8,1523.3,2,2,79.7,0.0,1122.7,312.7,8.2,79.7
2026-09-19 23:50:24,mfsweep_shard0,SPT_SRWT,53,5068.36,93,0,1,2443.8,3090.1,646.3,2,2,67.5,0.0,189.4,389.4,0.0,67.5
2026-09-19 23:50:24,mfsweep_shard0,SPT_SRWT,53,5068.36,94,0,1,2470.1,3094.9,624.9,2,2,55.6,0.0,130.4,408.3,30.5,55.6
2026-09-19 23:50:24,mfsweep_shard0,SPT_SRWT,53,5068.36,95,0,1,2496.4,3722.0,1225.6,2,2,66.1,0.0,540.7,590.5,14.4,80.1
2026-09-19 23:50:24,mfsweep_shard0,SPT_SRWT,53,5068.36,96,0,1,2522.6,3717.3,1194.7,2,2,86.4,0.0,789.5,276.9,41.9,86.4
2026-09-19 23:50:24,mfsweep_shard0,SPT_SRWT,53,5068.36,97,0,1,2548.9,3712.6,1163.7,2,2,71.0,0.1,169.9,808.2,114.5,71.0
2026-09-19 23:50:24,mfsweep_shard0,SPT_SRWT,53,5068.36,98,0,1,2575.2,4605.3,2030.1,2,2,85.6,0.1,1055.2,422.2,446.0,106.7
2026-09-19 23:50:24,mfsweep_shard0,SPT_SRWT,53,5068.36,99,0,1,2601.5,4742.4,2140.9,2,2,82.0,0.1,449.5,980.7,571.6,139.0
2026-09-19 23:50:24,mfsweep_shard0,SPT_SRWT,53,5068.36,100,0,1,2627.7,3878.5,1250.8,2,2,53.9,0.0,484.2,700.9,11.7,53.9
2026-09-19 23:50:24,mfsweep_shard0,SPT_SRWT,53,5068.36,101,0,1,2654.0,3920.3,1266.3,2,2,77.3,0.0,233.9,955.1,0.0,77.3
2026-09-19 23:50:24,mfsweep_shard0,SPT_SRWT,53,5068.36,102,0,1,2680.3,3809.2,1128.9,2,2,76.0,0.0,474.5,545.4,11.3,97.6
2026-09-19 23:50:24,mfsweep_shard0,SPT_SRWT,53,5068.36,103,0,1,2706.6,3478.3,771.8,2,2,71.3,0.0,224.2,473.0,3.2,71.3
2026-09-19 23:50:24,mfsweep_shard0,SPT_SRWT,53,5068.36,104,0,1,2732.9,3961.7,1228.9,2,2,62.4,0.0,494.9,590.2,81.4,62.4
2026-09-19 23:50:24,mfsweep_shard0,SPT_SRWT,53,5068.36,105,0,1,2759.1,4102.0,1342.9,2,2,74.7,0.1,1024.9,224.7,18.4,74.7
2026-09-19 23:50:24,mfsweep_shard0,SPT_SRWT,53,5068.36,106,0,1,2785.4,4071.6,1286.2,2,2,57.2,0.0,542.9,645.0,41.0,57.2
2026-09-19 23:50:24,mfsweep_shard0,SPT_SRWT,53,5068.36,107,0,1,2811.7,3992.1,1180.4,2,2,67.9,0.0,604.3,496.1,12.1,67.9
2026-09-19 23:50:24,mfsweep_shard0,SPT_SRWT,53,5068.36,108,0,1,2838.0,4144.7,1306.7,2,2,68.5,0.1,877.4,360.8,0.0,68.5
2026-09-19 23:50:24,mfsweep_shard0,SPT_SRWT,53,5068.36,109,0,1,2864.2,5068.4,2204.1,2,2,85.0,0.1,653.9,637.6,827.5,85.0
2026-09-19 23:50:24,mfsweep_shard0,SPT_SRWT,53,5068.36,110,0,1,2890.5,4414.2,1523.7,2,2,82.4,0.1,575.2,574.0,233.8,140.6
2026-09-19 23:50:24,mfsweep_shard0,SPT_SRWT,53,5068.36,111,0,1,2916.8,4397.0,1480.2,2,2,62.2,0.1,665.0,503.3,249.5,62.2
2026-09-19 23:50:24,mfsweep_shard0,SPT_SRWT,53,5068.36,112,0,1,2943.1,3982.4,1039.3,2,2,70.1,0.0,709.5,259.7,0.0,70.1
2026-09-19 23:50:24,mfsweep_shard0,SPT_SRWT,53,5068.36,113,0,1,2969.3,4334.1,1364.7,2,2,59.4,0.0,624.9,585.9,86.7,67.2
2026-09-19 23:50:24,mfsweep_shard0,SPT_SRWT,53,5068.36,114,0,1,2995.6,4805.0,1809.4,2,2,83.7,0.1,702.9,298.1,724.7,83.7
2026-09-19 23:50:24,mfsweep_shard0,SPT_SRWT,53,5068.36,115,0,1,3021.9,4282.7,1260.8,2,2,82.3,0.0,768.9,208.8,200.8,82.3
2026-09-19 23:50:24,mfsweep_shard0,SPT_SRWT,53,5068.36,116,0,1,3048.2,4201.3,1153.1,2,2,63.4,0.2,817.7,207.7,64.1,63.4
2026-09-19 23:50:24,mfsweep_shard0,SPT_SRWT,53,5068.36,117,0,1,3074.5,3975.6,901.1,2,2,74.6,0.0,515.7,310.8,0.0,74.6
2026-09-19 23:50:24,mfsweep_shard0,SPT_SRWT,53,5068.36,118,0,1,3100.7,4187.6,1086.9,2,2,73.6,0.1,764.5,228.0,20.7,73.6
2026-09-19 23:50:24,mfsweep_shard0,SPT_SRWT,53,5068.36,119,0,1,3127.0,4249.4,1122.4,2,2,58.6,0.0,811.3,237.0,15.5,58.6
2026-09-19 23:50:24,mfsweep_shard0,SPT_SRWT,53,5068.36,120,0,1,3153.3,4347.6,1194.4,2,2,78.7,0.0,633.3,453.0,21.5,86.5
2026-09-19 23:50:24,mfsweep_shard0,SPT_SRWT,53,5068.36,121,0,1,3179.6,4301.0,1121.4,2,2,71.3,0.0,770.2,273.1,6.8,71.3
2026-09-19 23:50:24,mfsweep_shard0,SPT_SRWT,53,5068.36,122,0,1,3205.8,4210.0,1004.1,2,2,79.2,0.0,634.5,215.0,75.3,79.2
2026-09-19 23:50:24,mfsweep_shard0,SPT_SRWT,53,5068.36,123,0,1,3232.1,4797.5,1565.3,2,2,71.0,0.1,626.4,284.6,558.6,95.6
2026-09-19 23:50:24,mfsweep_shard0,SPT_SRWT,53,5068.36,124,0,1,3258.4,4310.7,1052.3,2,2,53.6,0.0,748.3,241.9,8.5,53.6
2026-09-19 23:50:24,mfsweep_shard0,SPT_SRWT,53,5068.36,125,0,1,3284.7,4548.2,1263.5,2,2,64.2,0.0,577.8,392.0,229.4,64.2
2026-09-19 23:50:24,mfsweep_shard0,SPT_SRWT,53,5068.36,126,0,1,3311.0,4342.8,1031.8,2,2,54.2,0.1,736.6,237.4,3.5,54.2
2026-09-19 23:50:24,mfsweep_shard0,SPT_SRWT,53,5068.36,127,0,1,3337.2,4928.6,1591.3,2,2,84.2,0.1,564.7,148.8,793.6,84.2
2026-09-19 23:50:24,mfsweep_shard0,SPT_SRWT,53,5068.36,128,0,1,3363.5,4737.6,1374.1,2,2,82.5,0.1,643.5,185.2,462.7,82.5
2026-09-19 23:50:24,mfsweep_shard0,SPT_SRWT,53,5068.36,129,0,1,3389.8,4857.0,1467.2,2,2,81.0,0.1,723.2,174.0,489.0,81.0
2026-09-19 23:50:24,mfsweep_shard0,SPT_SRWT,53,5068.36,130,0,1,3416.1,4503.8,1087.8,2,2,63.7,0.0,618.5,187.9,217.6,63.7
2026-09-19 23:50:24,mfsweep_shard0,SPT_SRWT,53,5068.36,131,0,1,3442.3,4361.3,919.0,2,2,55.5,0.0,634.3,156.1,73.1,55.5
2026-09-19 23:50:24,mfsweep_shard0,SPT_SRWT,53,5068.36,132,0,1,3468.6,4670.6,1202.0,2,2,82.5,0.1,675.4,316.9,64.4,145.2
2026-09-19 23:50:24,mfsweep_shard0,SPT_SRWT,53,5068.36,133,0,1,3494.9,4998.4,1503.5,2,2,84.8,0.2,643.9,314.6,410.1,134.7
2026-09-19 23:50:24,mfsweep_shard0,SPT_SRWT,53,5068.36,134,0,1,3521.2,4366.0,844.8,2,2,56.4,0.0,509.8,185.1,93.5,56.4
2026-09-19 23:50:24,mfsweep_shard0,SPT_SRWT,53,5068.36,135,0,1,3547.5,4591.5,1044.0,2,2,69.6,0.1,530.2,179.5,264.6,69.6
2026-09-19 23:50:24,mfsweep_shard0,SPT_SRWT,53,5068.36,136,0,1,3573.7,4439.6,865.9,2,2,55.8,0.0,588.2,192.5,29.3,55.8
2026-09-19 23:53:48,mfsweep_shard0,SPT_SRWT,54,4322.52,0,0,1,0.0,238.5,238.5,2,2,74.6,0.0,55.0,108.8,0.0,74.6
2026-09-19 23:53:48,mfsweep_shard0,SPT_SRWT,54,4322.52,1,0,1,26.3,259.8,233.6,2,2,54.4,0.0,50.4,128.7,0.0,54.4
2026-09-19 23:53:48,mfsweep_shard0,SPT_SRWT,54,4322.52,2,0,1,52.6,264.6,212.0,2,2,62.6,0.0,67.9,81.4,0.0,62.6
2026-09-19 23:53:48,mfsweep_shard0,SPT_SRWT,54,4322.52,3,0,1,78.8,308.1,229.2,2,2,60.9,0.0,86.2,69.9,12.2,60.9
2026-09-19 23:53:48,mfsweep_shard0,SPT_SRWT,54,4322.52,4,0,1,105.1,425.2,320.1,2,2,77.8,0.0,100.3,142.0,0.0,77.8
2026-09-19 23:53:48,mfsweep_shard0,SPT_SRWT,54,4322.52,5,0,1,131.4,350.0,218.6,2,2,75.9,0.0,62.7,78.8,1.3,75.9
2026-09-19 23:53:48,mfsweep_shard0,SPT_SRWT,54,4322.52,6,0,1,157.7,387.7,230.0,2,2,83.0,0.0,70.7,76.3,0.0,83.0
2026-09-19 23:53:48,mfsweep_shard0,SPT_SRWT,54,4322.52,7,0,1,183.9,431.9,248.0,2,2,56.4,0.0,83.6,107.9,0.0,56.4
2026-09-19 23:53:48,mfsweep_shard0,SPT_SRWT,54,4322.52,8,0,1,210.2,549.0,338.8,2,2,67.5,0.0,134.2,86.5,0.0,118.1
2026-09-19 23:53:48,mfsweep_shard0,SPT_SRWT,54,4322.52,9,0,1,236.5,500.3,263.8,2,2,54.5,0.0,100.3,108.9,0.0,54.5
2026-09-19 23:53:48,mfsweep_shard0,SPT_SRWT,54,4322.52,10,0,1,262.8,591.9,329.1,2,2,60.8,0.0,144.5,82.6,41.2,60.8
2026-09-19 23:53:48,mfsweep_shard0,SPT_SRWT,54,4322.52,11,0,1,289.1,495.8,206.7,2,2,70.2,0.0,55.6,80.8,0.0,70.2
2026-09-19 23:53:48,mfsweep_shard0,SPT_SRWT,54,4322.52,12,0,1,315.3,602.7,287.4,2,2,54.4,0.0,93.2,103.3,36.5,54.4
2026-09-19 23:53:48,mfsweep_shard0,SPT_SRWT,54,4322.52,13,0,1,341.6,558.0,216.4,2,2,60.1,0.0,72.5,83.8,0.0,60.1
2026-09-19 23:53:48,mfsweep_shard0,SPT_SRWT,54,4322.52,14,0,1,367.9,737.0,369.1,2,2,75.0,0.0,96.8,182.3,0.0,89.9
2026-09-19 23:53:48,mfsweep_shard0,SPT_SRWT,54,4322.52,15,0,1,394.2,643.8,249.7,2,2,71.5,0.0,87.0,91.2,0.0,71.5
2026-09-19 23:53:48,mfsweep_shard0,SPT_SRWT,54,4322.52,16,0,1,420.4,677.1,256.7,2,2,60.8,0.0,105.3,90.5,0.0,60.8
2026-09-19 23:53:48,mfsweep_shard0,SPT_SRWT,54,4322.52,17,0,1,446.7,819.2,372.5,2,2,73.0,0.0,132.9,133.0,33.5,73.0
2026-09-19 23:53:48,mfsweep_shard0,SPT_SRWT,54,4322.52,18,0,1,473.0,828.3,355.3,2,2,80.3,0.0,91.4,183.7,0.0,80.3
2026-09-19 23:53:48,mfsweep_shard0,SPT_SRWT,54,4322.52,19,0,1,499.3,741.5,242.2,2,2,53.8,0.0,105.3,83.1,0.0,53.8
2026-09-19 23:53:48,mfsweep_shard0,SPT_SRWT,54,4322.52,20,0,1,525.6,852.5,327.0,2,2,80.1,0.0,151.3,93.0,0.0,82.6
2026-09-19 23:53:48,mfsweep_shard0,SPT_SRWT,54,4322.52,21,0,1,551.8,803.5,251.7,2,2,76.6,0.0,91.5,83.5,0.0,76.6
2026-09-19 23:53:48,mfsweep_shard0,SPT_SRWT,54,4322.52,22,0,1,578.1,903.6,325.5,2,2,64.8,0.0,74.6,138.6,47.5,64.8
2026-09-19 23:53:48,mfsweep_shard0,SPT_SRWT,54,4322.52,23,0,1,604.4,866.7,262.3,2,2,58.7,0.0,89.2,92.9,21.5,58.7
2026-09-19 23:53:48,mfsweep_shard0,SPT_SRWT,54,4322.52,24,0,1,630.7,957.5,326.9,2,2,85.1,0.0,78.1,89.8,73.8,85.1
2026-09-19 23:53:48,mfsweep_shard0,SPT_SRWT,54,4322.52,25,0,1,656.9,913.0,256.1,2,2,64.7,0.0,98.0,85.3,8.1,64.7
2026-09-19 23:53:48,mfsweep_shard0,SPT_SRWT,54,4322.52,26,0,1,683.2,962.1,278.9,2,2,56.6,0.0,106.5,115.8,0.0,56.6
2026-09-19 23:53:48,mfsweep_shard0,SPT_SRWT,54,4322.52,27,0,1,709.5,987.3,277.8,2,2,56.7,0.0,101.4,89.8,29.8,56.7
2026-09-19 23:53:48,mfsweep_shard0,SPT_SRWT,54,4322.52,28,0,1,735.8,1042.1,306.3,2,2,81.5,0.0,53.1,108.1,63.5,81.5
2026-09-19 23:53:48,mfsweep_shard0,SPT_SRWT,54,4322.52,29,0,1,762.0,1051.0,289.0,2,2,73.5,0.0,92.8,93.0,29.7,73.5
2026-09-19 23:53:48,mfsweep_shard0,SPT_SRWT,54,4322.52,30,0,1,788.3,1060.4,272.1,2,2,80.2,0.0,106.1,85.8,0.0,80.2
2026-09-19 23:53:48,mfsweep_shard0,SPT_SRWT,54,4322.52,31,0,1,814.6,1283.5,468.9,2,2,77.6,0.0,180.6,131.7,43.3,113.3
2026-09-19 23:53:48,mfsweep_shard0,SPT_SRWT,54,4322.52,32,0,1,840.9,1335.0,494.1,2,2,71.2,0.1,168.7,155.5,57.5,112.4
2026-09-19 23:53:48,mfsweep_shard0,SPT_SRWT,54,4322.52,33,0,1,867.2,1128.1,260.9,2,2,85.7,0.0,88.9,86.4,0.0,85.7
2026-09-19 23:53:48,mfsweep_shard0,SPT_SRWT,54,4322.52,34,0,1,893.4,1318.3,424.9,2,2,66.0,0.0,135.3,199.0,6.8,83.7
2026-09-19 23:53:48,mfsweep_shard0,SPT_SRWT,54,4322.52,35,0,1,919.7,1348.3,428.5,2,2,71.8,0.1,217.8,126.0,12.9,71.8
2026-09-19 23:53:48,mfsweep_shard0,SPT_SRWT,54,4322.52,36,0,1,946.0,1512.8,566.8,2,2,80.9,0.1,214.7,167.5,103.7,80.9
2026-09-19 23:53:48,mfsweep_shard0,SPT_SRWT,54,4322.52,37,0,1,972.3,1539.7,567.5,2,2,74.0,0.0,198.4,257.5,37.5,74.0
2026-09-19 23:53:48,mfsweep_shard0,SPT_SRWT,54,4322.52,38,0,1,998.5,1508.0,509.4,2,2,82.0,0.0,192.2,121.4,113.7,82.0
2026-09-19 23:53:48,mfsweep_shard0,SPT_SRWT,54,4322.52,39,0,1,1024.8,1411.8,386.9,2,2,72.6,0.0,142.5,154.6,17.2,72.6
2026-09-19 23:53:48,mfsweep_shard0,SPT_SRWT,54,4322.52,40,0,1,1051.1,1476.9,425.8,2,2,76.8,0.0,124.6,114.8,109.6,76.8
2026-09-19 23:53:48,mfsweep_shard0,SPT_SRWT,54,4322.52,41,0,1,1077.4,1421.2,343.9,2,2,55.1,0.0,193.3,95.5,0.0,55.1
2026-09-19 23:53:48,mfsweep_shard0,SPT_SRWT,54,4322.52,42,0,1,1103.7,1384.6,281.0,2,2,61.1,0.0,136.9,83.0,0.0,61.1
2026-09-19 23:53:48,mfsweep_shard0,SPT_SRWT,54,4322.52,43,0,1,1129.9,1499.7,369.8,2,2,63.1,0.0,213.5,93.1,0.0,63.1
2026-09-19 23:53:48,mfsweep_shard0,SPT_SRWT,54,4322.52,44,0,1,1156.2,1581.9,425.7,2,2,56.2,0.0,208.1,161.5,0.0,56.2
2026-09-19 23:53:48,mfsweep_shard0,SPT_SRWT,54,4322.52,45,0,1,1182.5,1642.6,460.1,2,2,61.2,0.0,242.4,156.4,0.0,61.2
2026-09-19 23:53:48,mfsweep_shard0,SPT_SRWT,54,4322.52,46,0,1,1208.8,1554.3,345.5,2,2,56.9,0.0,169.5,119.1,0.0,56.9
2026-09-19 23:53:48,mfsweep_shard0,SPT_SRWT,54,4322.52,47,0,1,1235.0,1604.6,369.6,2,2,62.7,0.0,150.2,127.7,28.9,62.7
2026-09-19 23:53:48,mfsweep_shard0,SPT_SRWT,54,4322.52,48,0,1,1261.3,1661.4,400.1,2,2,74.5,0.0,200.2,125.3,0.0,74.5
2026-09-19 23:53:48,mfsweep_shard0,SPT_SRWT,54,4322.52,49,0,1,1287.6,1666.1,378.5,2,2,65.6,0.0,177.1,135.9,0.0,65.6
2026-09-19 23:53:48,mfsweep_shard0,SPT_SRWT,54,4322.52,50,0,1,1313.9,1652.1,338.2,2,2,65.8,0.0,134.6,137.9,0.0,65.8
2026-09-19 23:53:48,mfsweep_shard0,SPT_SRWT,54,4322.52,51,0,1,1340.2,1957.3,617.1,2,2,60.5,0.0,340.9,192.8,22.9,60.5
2026-09-19 23:53:48,mfsweep_shard0,SPT_SRWT,54,4322.52,52,0,1,1366.4,1818.0,451.6,2,2,62.4,0.0,109.2,232.3,47.7,62.4
2026-09-19 23:53:48,mfsweep_shard0,SPT_SRWT,54,4322.52,53,0,1,1392.7,1741.8,349.1,2,2,84.5,0.0,130.0,134.6,0.0,84.5
2026-09-19 23:53:48,mfsweep_shard0,SPT_SRWT,54,4322.52,54,0,1,1419.0,1966.9,547.9,2,2,74.9,0.1,203.7,202.8,18.8,122.5
2026-09-19 23:53:48,mfsweep_shard0,SPT_SRWT,54,4322.52,55,0,1,1445.3,1903.0,457.8,2,2,73.6,0.1,154.2,154.6,75.3,73.6
2026-09-19 23:53:48,mfsweep_shard0,SPT_SRWT,54,4322.52,56,0,1,1471.5,1782.7,311.1,2,2,59.2,0.0,107.0,136.1,8.8,59.2
2026-09-19 23:53:48,mfsweep_shard0,SPT_SRWT,54,4322.52,57,0,1,1497.8,2335.0,837.2,2,2,77.6,0.0,317.5,221.3,190.4,108.1
2026-09-19 23:53:48,mfsweep_shard0,SPT_SRWT,54,4322.52,58,0,1,1524.1,2023.7,499.6,2,2,58.9,0.0,180.5,230.3,29.8,58.9
2026-09-19 23:53:48,mfsweep_shard0,SPT_SRWT,54,4322.52,59,0,1,1550.4,1912.6,362.3,2,2,66.1,0.0,194.4,101.8,0.0,66.1
2026-09-19 23:53:48,mfsweep_shard0,SPT_SRWT,54,4322.52,60,0,1,1576.6,2110.1,533.4,2,2,86.2,0.0,328.2,119.0,0.0,86.2
2026-09-19 23:53:48,mfsweep_shard0,SPT_SRWT,54,4322.52,61,0,1,1602.9,2008.7,405.8,2,2,74.7,0.0,167.4,132.9,30.8,74.7
2026-09-19 23:53:48,mfsweep_shard0,SPT_SRWT,54,4322.52,62,0,1,1629.2,1999.6,370.4,2,2,71.9,0.0,166.1,132.3,0.0,71.9
2026-09-19 23:53:48,mfsweep_shard0,SPT_SRWT,54,4322.52,63,0,1,1655.5,2065.0,409.6,2,2,76.1,0.0,124.2,185.0,24.3,76.1
2026-09-19 23:53:48,mfsweep_shard0,SPT_SRWT,54,4322.52,64,0,1,1681.8,2019.2,337.4,2,2,81.4,0.0,151.5,104.6,0.0,81.4
2026-09-19 23:53:48,mfsweep_shard0,SPT_SRWT,54,4322.52,65,0,1,1708.0,2129.9,421.8,2,2,79.2,0.0,196.9,130.1,15.7,79.2
2026-09-19 23:53:48,mfsweep_shard0,SPT_SRWT,54,4322.52,66,0,1,1734.3,2072.7,338.4,2,2,61.1,0.0,141.1,120.4,15.8,61.1
2026-09-19 23:53:48,mfsweep_shard0,SPT_SRWT,54,4322.52,67,0,1,1760.6,2321.1,560.5,2,2,54.6,0.0,276.4,155.8,48.0,80.2
2026-09-19 23:53:48,mfsweep_shard0,SPT_SRWT,54,4322.52,68,0,1,1786.9,2205.0,418.1,2,2,64.0,0.0,170.7,150.7,32.7,64.0
2026-09-19 23:53:48,mfsweep_shard0,SPT_SRWT,54,4322.52,69,0,1,1813.1,2399.5,586.3,2,2,62.4,0.0,442.0,81.4,0.5,62.4
2026-09-19 23:53:48,mfsweep_shard0,SPT_SRWT,54,4322.52,70,0,1,1839.4,2238.9,399.4,2,2,60.5,0.1,229.6,105.9,3.4,60.5
2026-09-19 23:53:48,mfsweep_shard0,SPT_SRWT,54,4322.52,71,0,1,1865.7,2426.7,561.0,2,2,84.7,0.0,392.3,73.6,10.4,84.7
2026-09-19 23:53:48,mfsweep_shard0,SPT_SRWT,54,4322.52,72,0,1,1892.0,2367.0,475.0,2,2,82.5,0.0,317.0,75.5,0.0,82.5
2026-09-19 23:53:48,mfsweep_shard0,SPT_SRWT,54,4322.52,73,0,1,1918.3,2573.0,654.7,2,2,63.9,0.0,435.3,155.5,0.0,63.9
2026-09-19 23:53:48,mfsweep_shard0,SPT_SRWT,54,4322.52,74,0,1,1944.5,2380.3,435.7,2,2,75.2,0.0,280.4,80.1,0.0,75.2
2026-09-19 23:53:48,mfsweep_shard0,SPT_SRWT,54,4322.52,75,0,1,1970.8,2278.5,307.7,2,2,66.6,0.0,127.4,103.5,10.2,66.6
2026-09-19 23:53:48,mfsweep_shard0,SPT_SRWT,54,4322.52,76,0,1,1997.1,2478.7,481.6,2,2,83.7,0.0,172.4,178.6,46.9,83.7
2026-09-19 23:53:48,mfsweep_shard0,SPT_SRWT,54,4322.52,77,0,1,2023.4,2550.3,526.9,2,2,68.7,0.0,336.9,85.9,35.3,68.7
2026-09-19 23:53:48,mfsweep_shard0,SPT_SRWT,54,4322.52,78,0,1,2049.6,2555.0,505.3,2,2,62.3,0.0,326.8,82.7,33.5,62.3
2026-09-19 23:53:48,mfsweep_shard0,SPT_SRWT,54,4322.52,79,0,1,2075.9,2695.7,619.8,2,2,61.7,0.0,468.5,89.6,0.0,61.7
2026-09-19 23:53:48,mfsweep_shard0,SPT_SRWT,54,4322.52,80,0,1,2102.2,2639.3,537.1,2,2,72.1,0.0,291.5,173.5,0.0,72.1
2026-09-19 23:53:48,mfsweep_shard0,SPT_SRWT,54,4322.52,81,0,1,2128.5,2422.4,293.9,2,2,62.2,0.0,123.4,101.5,6.8,62.2
2026-09-19 23:53:48,mfsweep_shard0,SPT_SRWT,54,4322.52,82,0,1,2154.7,2734.5,579.7,2,2,72.8,0.1,376.7,72.3,57.9,72.8
2026-09-19 23:53:48,mfsweep_shard0,SPT_SRWT,54,4322.52,83,0,1,2181.0,2634.8,453.8,2,2,83.2,0.0,272.3,98.3,0.0,83.2
2026-09-19 23:53:48,mfsweep_shard0,SPT_SRWT,54,4322.52,84,0,1,2207.3,2513.1,305.8,2,2,66.7,0.0,158.7,80.3,0.0,66.7
2026-09-19 23:53:48,mfsweep_shard0,SPT_SRWT,54,4322.52,85,0,1,2233.6,2772.1,538.5,2,2,60.8,0.0,386.4,91.3,0.0,60.8
2026-09-19 23:53:48,mfsweep_shard0,SPT_SRWT,54,4322.52,86,0,1,2259.9,2825.7,565.8,2,2,86.5,0.0,388.7,84.9,5.7,86.5
2026-09-19 23:53:48,mfsweep_shard0,SPT_SRWT,54,4322.52,87,0,1,2286.1,2680.6,394.5,2,2,70.4,0.0,212.9,72.6,38.7,70.4
2026-09-19 23:53:48,mfsweep_shard0,SPT_SRWT,54,4322.52,88,0,1,2312.4,3079.3,766.9,2,2,56.5,0.0,587.7,109.2,13.4,56.5
2026-09-19 23:53:48,mfsweep_shard0,SPT_SRWT,54,4322.52,89,0,1,2338.7,2613.5,274.8,2,2,55.1,0.0,148.2,70.4,1.1,55.1
2026-09-19 23:53:48,mfsweep_shard0,SPT_SRWT,54,4322.52,90,0,1,2365.0,3150.1,785.1,2,2,57.2,0.0,325.1,373.5,29.3,57.2
2026-09-19 23:53:48,mfsweep_shard0,SPT_SRWT,54,4322.52,91,0,1,2391.2,3113.3,722.0,2,2,74.3,0.0,394.8,233.2,19.8,74.3
2026-09-19 23:53:48,mfsweep_shard0,SPT_SRWT,54,4322.52,92,0,1,2417.5,2962.5,545.0,2,2,79.7,0.0,321.9,95.7,47.7,79.7
2026-09-19 23:53:48,mfsweep_shard0,SPT_SRWT,54,4322.52,93,0,1,2443.8,2930.4,486.6,2,2,67.5,0.1,187.4,142.9,75.2,81.0
2026-09-19 23:53:48,mfsweep_shard0,SPT_SRWT,54,4322.52,94,0,1,2470.1,3470.9,1000.8,2,2,55.6,0.0,735.1,192.3,17.7,55.6
2026-09-19 23:53:48,mfsweep_shard0,SPT_SRWT,54,4322.52,95,0,1,2496.4,2834.4,338.0,2,2,66.1,0.0,169.4,102.4,0.0,66.1
2026-09-19 23:53:48,mfsweep_shard0,SPT_SRWT,54,4322.52,96,0,1,2522.6,2953.2,430.6,2,2,86.4,0.0,242.4,100.2,1.5,86.4
2026-09-19 23:53:48,mfsweep_shard0,SPT_SRWT,54,4322.52,97,0,1,2548.9,3242.3,693.4,2,2,71.0,0.0,407.3,122.2,92.9,71.0
2026-09-19 23:53:48,mfsweep_shard0,SPT_SRWT,54,4322.52,98,0,1,2575.2,3100.0,524.8,2,2,85.6,0.0,228.1,113.6,97.4,85.6
2026-09-19 23:53:48,mfsweep_shard0,SPT_SRWT,54,4322.52,99,0,1,2601.5,3406.6,805.2,2,2,82.0,0.1,439.6,155.0,128.6,82.0
2026-09-19 23:53:48,mfsweep_shard0,SPT_SRWT,54,4322.52,100,0,1,2627.7,3108.6,480.9,2,2,53.9,0.0,294.5,132.5,0.0,53.9
2026-09-19 23:53:48,mfsweep_shard0,SPT_SRWT,54,4322.52,101,0,1,2654.0,3448.9,794.9,2,2,77.3,0.0,400.1,171.0,146.4,77.3
2026-09-19 23:53:48,mfsweep_shard0,SPT_SRWT,54,4322.52,102,0,1,2680.3,3255.9,575.6,2,2,76.0,0.1,216.8,209.9,30.2,118.7
2026-09-19 23:53:48,mfsweep_shard0,SPT_SRWT,54,4322.52,103,0,1,2706.6,3145.3,438.7,2,2,71.3,0.0,235.6,110.1,21.7,71.3
2026-09-19 23:53:48,mfsweep_shard0,SPT_SRWT,54,4322.52,104,0,1,2732.9,3462.2,729.4,2,2,62.4,0.0,334.9,225.2,106.9,62.4
2026-09-19 23:53:48,mfsweep_shard0,SPT_SRWT,54,4322.52,105,0,1,2759.1,3225.9,466.7,2,2,74.7,0.0,209.3,134.9,47.7,74.7
2026-09-19 23:53:48,mfsweep_shard0,SPT_SRWT,54,4322.52,106,0,1,2785.4,3306.0,520.6,2,2,57.2,0.0,184.7,228.5,50.1,57.2
2026-09-19 23:53:48,mfsweep_shard0,SPT_SRWT,54,4322.52,107,0,1,2811.7,3288.3,476.6,2,2,67.9,0.0,234.7,143.7,30.3,67.9
2026-09-19 23:53:48,mfsweep_shard0,SPT_SRWT,54,4322.52,108,0,1,2838.0,3702.9,865.0,2,2,68.5,0.1,143.2,590.0,53.4,78.3
2026-09-19 23:53:48,mfsweep_shard0,SPT_SRWT,54,4322.52,109,0,1,2864.2,3864.3,1000.0,2,2,85.0,0.0,556.5,358.5,0.0,85.0
2026-09-19 23:53:48,mfsweep_shard0,SPT_SRWT,54,4322.52,110,0,1,2890.5,3301.5,411.0,2,2,82.4,0.0,92.2,236.3,0.0,82.4
2026-09-19 23:53:48,mfsweep_shard0,SPT_SRWT,54,4322.52,111,0,1,2916.8,3722.2,805.4,2,2,62.2,0.0,322.8,372.7,37.0,72.9
2026-09-19 23:53:48,mfsweep_shard0,SPT_SRWT,54,4322.52,112,0,1,2943.1,3773.8,830.7,2,2,70.1,0.1,559.4,162.3,38.9,70.1
2026-09-19 23:53:48,mfsweep_shard0,SPT_SRWT,54,4322.52,113,0,1,2969.3,3361.3,392.0,2,2,59.4,0.0,103.9,148.2,80.4,59.4
2026-09-19 23:53:48,mfsweep_shard0,SPT_SRWT,54,4322.52,114,0,1,2995.6,3347.9,352.3,2,2,83.7,0.0,137.6,131.0,0.0,83.7
2026-09-19 23:53:48,mfsweep_shard0,SPT_SRWT,54,4322.52,115,0,1,3021.9,3517.4,495.5,2,2,82.3,0.0,191.5,104.4,117.3,82.3
2026-09-19 23:53:48,mfsweep_shard0,SPT_SRWT,54,4322.52,116,0,1,3048.2,4013.0,964.8,2,2,63.4,0.0,505.2,324.4,26.4,108.8
2026-09-19 23:53:48,mfsweep_shard0,SPT_SRWT,54,4322.52,117,0,1,3074.5,3827.8,753.3,2,2,74.6,0.0,103.2,460.0,115.4,74.6
2026-09-19 23:53:48,mfsweep_shard0,SPT_SRWT,54,4322.52,118,0,1,3100.7,3947.4,846.7,2,2,73.6,0.0,237.8,535.2,0.0,73.6
2026-09-19 23:53:48,mfsweep_shard0,SPT_SRWT,54,4322.52,119,0,1,3127.0,4026.6,899.6,2,2,58.6,0.0,571.5,255.6,13.9,58.6
2026-09-19 23:53:48,mfsweep_shard0,SPT_SRWT,54,4322.52,120,0,1,3153.3,3887.7,734.4,2,2,78.7,0.0,291.6,302.0,62.1,78.7
2026-09-19 23:53:48,mfsweep_shard0,SPT_SRWT,54,4322.52,121,0,1,3179.6,3786.1,606.5,2,2,71.3,0.0,233.7,146.5,155.0,71.3
2026-09-19 23:53:48,mfsweep_shard0,SPT_SRWT,54,4322.52,122,0,1,3205.8,3800.1,594.2,2,2,79.2,0.0,122.1,382.7,10.2,79.2
2026-09-19 23:53:48,mfsweep_shard0,SPT_SRWT,54,4322.52,123,0,1,3232.1,3832.6,600.5,2,2,71.0,0.0,170.1,359.3,0.0,71.0
2026-09-19 23:53:48,mfsweep_shard0,SPT_SRWT,54,4322.52,124,0,1,3258.4,3873.8,615.4,2,2,53.6,0.0,389.4,172.4,0.0,53.6
2026-09-19 23:53:48,mfsweep_shard0,SPT_SRWT,54,4322.52,125,0,1,3284.7,3910.2,625.5,2,2,64.2,0.0,240.5,281.2,39.5,64.2
2026-09-19 23:53:48,mfsweep_shard0,SPT_SRWT,54,4322.52,126,0,1,3311.0,4035.2,724.2,2,2,54.2,0.0,234.8,435.2,0.0,54.2
2026-09-19 23:53:48,mfsweep_shard0,SPT_SRWT,54,4322.52,127,0,1,3337.2,4000.0,662.7,2,2,84.2,0.1,348.7,229.7,0.0,84.2
2026-09-19 23:53:48,mfsweep_shard0,SPT_SRWT,54,4322.52,128,0,1,3363.5,3933.3,569.8,2,2,82.5,0.0,69.0,418.2,0.0,82.5
2026-09-19 23:53:48,mfsweep_shard0,SPT_SRWT,54,4322.52,129,0,1,3389.8,4092.2,702.4,2,2,81.0,0.0,104.6,516.8,0.0,81.0
2026-09-19 23:53:48,mfsweep_shard0,SPT_SRWT,54,4322.52,130,0,1,3416.1,4047.7,631.7,2,2,63.7,0.0,97.6,470.4,0.0,63.7
2026-09-19 23:53:48,mfsweep_shard0,SPT_SRWT,54,4322.52,131,0,1,3442.3,4131.3,688.9,2,2,55.5,0.0,126.1,445.4,39.2,78.1
2026-09-19 23:53:48,mfsweep_shard0,SPT_SRWT,54,4322.52,132,0,1,3468.6,4253.3,784.7,2,2,82.5,0.0,146.2,402.5,121.8,114.2
2026-09-19 23:53:48,mfsweep_shard0,SPT_SRWT,54,4322.52,133,0,1,3494.9,4322.5,827.6,2,2,84.8,0.0,234.2,366.9,141.7,84.8
2026-09-19 23:53:48,mfsweep_shard0,SPT_SRWT,54,4322.52,134,0,1,3521.2,4056.2,535.0,2,2,56.4,0.0,224.6,254.0,0.0,56.4
2026-09-19 23:53:48,mfsweep_shard0,SPT_SRWT,54,4322.52,135,0,1,3547.5,4185.2,637.8,2,2,69.6,0.0,81.9,401.2,85.1,69.6
2026-09-19 23:53:48,mfsweep_shard0,SPT_SRWT,54,4322.52,136,0,1,3573.7,3928.9,355.2,2,2,55.8,0.0,184.5,114.9,0.0,55.8
2026-09-19 23:56:54,mfsweep_shard0,SPT_SRWT,55,4251.52,0,0,1,0.0,212.1,212.1,2,2,74.6,0.0,68.3,69.2,0.0,74.6
2026-09-19 23:56:54,mfsweep_shard0,SPT_SRWT,55,4251.52,1,0,1,26.3,240.0,213.8,2,2,54.4,0.0,95.6,63.8,0.0,54.4
2026-09-19 23:56:54,mfsweep_shard0,SPT_SRWT,55,4251.52,2,0,1,52.6,260.4,207.8,2,2,62.6,0.0,62.4,75.4,7.4,62.6
2026-09-19 23:56:54,mfsweep_shard0,SPT_SRWT,55,4251.52,3,0,1,78.8,293.4,214.6,2,2,60.9,0.0,61.7,71.8,20.1,60.9
2026-09-19 23:56:54,mfsweep_shard0,SPT_SRWT,55,4251.52,4,0,1,105.1,323.3,218.2,2,2,77.8,0.0,68.5,71.8,0.0,77.8
2026-09-19 23:56:54,mfsweep_shard0,SPT_SRWT,55,4251.52,5,0,1,131.4,340.8,209.4,2,2,75.9,0.0,61.8,71.6,0.0,75.9
2026-09-19 23:56:54,mfsweep_shard0,SPT_SRWT,55,4251.52,6,0,1,157.7,714.6,556.9,2,2,83.0,0.0,166.0,125.1,148.7,117.1
2026-09-19 23:56:54,mfsweep_shard0,SPT_SRWT,55,4251.52,7,0,1,183.9,602.4,418.5,2,2,56.4,0.0,111.4,213.1,35.6,58.4
2026-09-19 23:56:54,mfsweep_shard0,SPT_SRWT,55,4251.52,8,0,1,210.2,436.8,226.6,2,2,67.5,0.0,78.3,80.7,0.0,67.5
2026-09-19 23:56:54,mfsweep_shard0,SPT_SRWT,55,4251.52,9,0,1,236.5,531.8,295.3,2,2,54.5,0.1,147.4,92.2,1.2,54.5
2026-09-19 23:56:54,mfsweep_shard0,SPT_SRWT,55,4251.52,10,0,1,262.8,489.9,227.2,2,2,60.8,0.0,82.3,84.1,0.0,60.8
2026-09-19 23:56:54,mfsweep_shard0,SPT_SRWT,55,4251.52,11,0,1,289.1,696.6,407.6,2,2,70.2,0.0,125.1,140.3,72.0,70.2
2026-09-19 23:56:54,mfsweep_shard0,SPT_SRWT,55,4251.52,12,0,1,315.3,555.1,239.8,2,2,54.4,0.0,74.3,111.0,0.0,54.4
2026-09-19 23:56:54,mfsweep_shard0,SPT_SRWT,55,4251.52,13,0,1,341.6,868.6,527.0,2,2,60.1,0.0,221.9,228.4,7.7,68.9
2026-09-19 23:56:54,mfsweep_shard0,SPT_SRWT,55,4251.52,14,0,1,367.9,687.8,319.9,2,2,75.0,0.0,120.6,124.3,0.0,75.0
2026-09-19 23:56:54,mfsweep_shard0,SPT_SRWT,55,4251.52,15,0,1,394.2,814.8,420.6,2,2,71.5,0.1,141.9,157.9,49.2,71.5
2026-09-19 23:56:54,mfsweep_shard0,SPT_SRWT,55,4251.52,16,0,1,420.4,785.0,364.5,2,2,60.8,0.0,138.4,165.3,0.0,60.8
2026-09-19 23:56:54,mfsweep_shard0,SPT_SRWT,55,4251.52,17,0,1,446.7,833.1,386.4,2,2,73.0,0.0,113.8,117.3,82.3,73.0
2026-09-19 23:56:54,mfsweep_shard0,SPT_SRWT,55,4251.52,18,0,1,473.0,859.4,386.4,2,2,80.3,0.0,122.8,164.2,19.0,80.3
2026-09-19 23:56:54,mfsweep_shard0,SPT_SRWT,55,4251.52,19,0,1,499.3,885.3,386.0,2,2,53.8,0.0,97.9,196.1,38.2,53.8
2026-09-19 23:56:54,mfsweep_shard0,SPT_SRWT,55,4251.52,20,0,1,525.6,942.6,417.0,2,2,80.1,0.0,158.1,178.8,0.0,80.1
2026-09-19 23:56:54,mfsweep_shard0,SPT_SRWT,55,4251.52,21,0,1,551.8,995.1,443.2,2,2,76.6,0.0,182.7,183.9,0.0,76.6
2026-09-19 23:56:54,mfsweep_shard0,SPT_SRWT,55,4251.52,22,0,1,578.1,905.7,327.6,2,2,64.8,0.0,133.6,123.1,6.1,64.8
2026-09-19 23:56:54,mfsweep_shard0,SPT_SRWT,55,4251.52,23,0,1,604.4,999.8,395.4,2,2,58.7,0.0,148.7,188.0,0.0,58.7
2026-09-19 23:56:54,mfsweep_shard0,SPT_SRWT,55,4251.52,24,0,1,630.7,990.6,359.9,2,2,85.1,0.0,119.3,137.9,17.5,85.1
2026-09-19 23:56:54,mfsweep_shard0,SPT_SRWT,55,4251.52,25,0,1,656.9,1081.4,424.5,2,2,64.7,0.0,130.6,229.2,0.0,64.7
2026-09-19 23:56:54,mfsweep_shard0,SPT_SRWT,55,4251.52,26,0,1,683.2,1113.0,429.8,2,2,56.6,0.0,167.4,205.8,0.0,56.6
2026-09-19 23:56:54,mfsweep_shard0,SPT_SRWT,55,4251.52,27,0,1,709.5,1117.7,408.2,2,2,56.7,0.0,176.4,175.1,0.0,56.7
2026-09-19 23:56:54,mfsweep_shard0,SPT_SRWT,55,4251.52,28,0,1,735.8,1238.4,502.6,2,2,81.5,0.0,136.0,285.1,0.0,81.5
2026-09-19 23:56:54,mfsweep_shard0,SPT_SRWT,55,4251.52,29,0,1,762.0,1077.0,315.0,2,2,73.5,0.0,97.4,144.1,0.0,73.5
2026-09-19 23:56:54,mfsweep_shard0,SPT_SRWT,55,4251.52,30,0,1,788.3,1173.2,384.9,2,2,80.2,0.0,175.3,129.4,0.0,80.2
2026-09-19 23:56:54,mfsweep_shard0,SPT_SRWT,55,4251.52,31,0,1,814.6,1199.6,385.0,2,2,77.6,0.0,133.3,174.0,0.0,77.6
2026-09-19 23:56:54,mfsweep_shard0,SPT_SRWT,55,4251.52,32,0,1,840.9,1282.6,441.7,2,2,71.2,0.0,132.6,176.0,61.8,71.2
2026-09-19 23:56:54,mfsweep_shard0,SPT_SRWT,55,4251.52,33,0,1,867.2,1349.3,482.1,2,2,85.7,0.0,141.1,255.3,0.0,85.7
2026-09-19 23:56:54,mfsweep_shard0,SPT_SRWT,55,4251.52,34,0,1,893.4,1261.3,367.8,2,2,66.0,0.0,161.3,137.1,3.3,66.0
2026-09-19 23:56:54,mfsweep_shard0,SPT_SRWT,55,4251.52,35,0,1,919.7,1406.5,486.7,2,2,71.8,0.0,254.0,153.5,7.4,71.8
2026-09-19 23:56:54,mfsweep_shard0,SPT_SRWT,55,4251.52,36,0,1,946.0,1562.8,616.8,2,2,80.9,0.0,332.7,142.2,25.6,116.3
2026-09-19 23:56:54,mfsweep_shard0,SPT_SRWT,55,4251.52,37,0,1,972.3,1344.9,372.6,2,2,74.0,0.0,129.5,119.6,49.6,74.0
2026-09-19 23:56:54,mfsweep_shard0,SPT_SRWT,55,4251.52,38,0,1,998.5,1389.5,391.0,2,2,82.0,0.0,150.6,122.5,35.9,82.0
2026-09-19 23:56:54,mfsweep_shard0,SPT_SRWT,55,4251.52,39,0,1,1024.8,1652.0,627.1,2,2,72.6,0.1,368.2,150.0,36.3,72.6
2026-09-19 23:56:54,mfsweep_shard0,SPT_SRWT,55,4251.52,40,0,1,1051.1,1686.1,635.0,2,2,76.8,0.0,360.4,197.8,0.0,76.8
2026-09-19 23:56:54,mfsweep_shard0,SPT_SRWT,55,4251.52,41,0,1,1077.4,1469.3,392.0,2,2,55.1,0.0,170.1,165.9,0.8,55.1
2026-09-19 23:56:54,mfsweep_shard0,SPT_SRWT,55,4251.52,42,0,1,1103.7,1959.6,855.9,2,2,61.1,0.0,520.3,187.0,87.5,61.1
2026-09-19 23:56:54,mfsweep_shard0,SPT_SRWT,55,4251.52,43,0,1,1129.9,1500.4,370.5,2,2,63.1,0.0,145.1,148.8,13.4,63.1
2026-09-19 23:56:54,mfsweep_shard0,SPT_SRWT,55,4251.52,44,0,1,1156.2,1642.2,486.0,2,2,56.2,0.0,228.3,164.6,36.9,56.2
2026-09-19 23:56:54,mfsweep_shard0,SPT_SRWT,55,4251.52,45,0,1,1182.5,1677.5,495.0,2,2,61.2,0.0,137.4,153.9,142.4,61.2
2026-09-19 23:56:54,mfsweep_shard0,SPT_SRWT,55,4251.52,46,0,1,1208.8,1668.8,460.1,2,2,56.9,0.0,146.8,236.2,20.2,56.9
2026-09-19 23:56:54,mfsweep_shard0,SPT_SRWT,55,4251.52,47,0,1,1235.0,1612.9,377.9,2,2,62.7,0.0,152.1,155.5,7.4,62.7
2026-09-19 23:56:54,mfsweep_shard0,SPT_SRWT,55,4251.52,48,0,1,1261.3,1838.7,577.4,2,2,74.5,0.0,341.3,109.1,52.5,74.5
2026-09-19 23:56:54,mfsweep_shard0,SPT_SRWT,55,4251.52,49,0,1,1287.6,1848.0,560.4,2,2,65.6,0.0,307.4,154.6,32.8,65.6
2026-09-19 23:56:54,mfsweep_shard0,SPT_SRWT,55,4251.52,50,0,1,1313.9,1738.6,424.7,2,2,65.8,0.0,201.5,157.4,0.0,65.8
2026-09-19 23:56:54,mfsweep_shard0,SPT_SRWT,55,4251.52,51,0,1,1340.2,1752.4,412.3,2,2,60.5,0.0,195.9,119.1,36.9,60.5
2026-09-19 23:56:54,mfsweep_shard0,SPT_SRWT,55,4251.52,52,0,1,1366.4,1834.1,467.6,2,2,62.4,0.0,220.3,176.3,8.7,62.4
2026-09-19 23:56:54,mfsweep_shard0,SPT_SRWT,55,4251.52,53,0,1,1392.7,1816.4,423.7,2,2,84.5,0.0,195.9,143.3,0.0,84.5
2026-09-19 23:56:54,mfsweep_shard0,SPT_SRWT,55,4251.52,54,0,1,1419.0,1761.8,342.8,2,2,74.9,0.0,106.7,130.1,31.0,74.9
2026-09-19 23:56:54,mfsweep_shard0,SPT_SRWT,55,4251.52,55,0,1,1445.3,1945.3,500.0,2,2,73.6,0.0,236.4,189.9,0.0,73.6
2026-09-19 23:56:54,mfsweep_shard0,SPT_SRWT,55,4251.52,56,0,1,1471.5,1934.2,462.7,2,2,59.2,0.0,119.7,238.0,45.8,59.2
2026-09-19 23:56:54,mfsweep_shard0,SPT_SRWT,55,4251.52,57,0,1,1497.8,1843.4,345.6,2,2,77.6,0.0,162.4,105.6,0.0,77.6
2026-09-19 23:56:54,mfsweep_shard0,SPT_SRWT,55,4251.52,58,0,1,1524.1,1990.8,466.7,2,2,58.9,0.0,209.1,198.6,0.0,58.9
2026-09-19 23:56:54,mfsweep_shard0,SPT_SRWT,55,4251.52,59,0,1,1550.4,2540.4,990.1,2,2,66.1,0.0,324.3,424.5,148.5,92.7
2026-09-19 23:56:54,mfsweep_shard0,SPT_SRWT,55,4251.52,60,0,1,1576.6,1986.1,409.5,2,2,86.2,0.0,159.1,164.1,0.0,86.2
2026-09-19 23:56:54,mfsweep_shard0,SPT_SRWT,55,4251.52,61,0,1,1602.9,2358.9,756.0,2,2,74.7,0.0,353.0,269.7,58.6,74.7
2026-09-19 23:56:54,mfsweep_shard0,SPT_SRWT,55,4251.52,62,0,1,1629.2,2178.4,549.2,2,2,71.9,0.0,117.4,359.8,0.0,71.9
2026-09-19 23:56:54,mfsweep_shard0,SPT_SRWT,55,4251.52,63,0,1,1655.5,2008.2,352.7,2,2,76.1,0.0,108.5,145.4,22.7,76.1
2026-09-19 23:56:54,mfsweep_shard0,SPT_SRWT,55,4251.52,64,0,1,1681.8,2248.9,567.2,2,2,81.4,0.0,155.6,330.2,0.0,81.4
2026-09-19 23:56:54,mfsweep_shard0,SPT_SRWT,55,4251.52,65,0,1,1708.0,2083.0,374.9,2,2,79.2,0.0,142.1,147.9,5.7,79.2
2026-09-19 23:56:54,mfsweep_shard0,SPT_SRWT,55,4251.52,66,0,1,1734.3,2295.7,561.3,2,2,61.1,0.0,309.5,169.5,21.2,61.1
2026-09-19 23:56:54,mfsweep_shard0,SPT_SRWT,55,4251.52,67,0,1,1760.6,2118.9,358.3,2,2,54.6,0.0,110.3,148.0,45.4,54.6
2026-09-19 23:56:54,mfsweep_shard0,SPT_SRWT,55,4251.52,68,0,1,1786.9,2456.8,669.9,2,2,64.0,0.0,312.5,200.3,93.1,64.0
2026-09-19 23:56:54,mfsweep_shard0,SPT_SRWT,55,4251.52,69,0,1,1813.1,2367.5,554.4,2,2,62.4,0.0,242.8,210.5,38.7,62.4
2026-09-19 23:56:54,mfsweep_shard0,SPT_SRWT,55,4251.52,70,0,1,1839.4,2332.8,493.4,2,2,60.5,0.0,178.5,211.5,42.8,60.5
2026-09-19 23:56:54,mfsweep_shard0,SPT_SRWT,55,4251.52,71,0,1,1865.7,2559.9,694.2,2,2,84.7,0.0,282.1,168.9,158.5,84.7
2026-09-19 23:56:54,mfsweep_shard0,SPT_SRWT,55,4251.52,72,0,1,1892.0,2412.2,520.2,2,2,82.5,0.0,215.0,150.4,72.3,82.5
2026-09-19 23:56:54,mfsweep_shard0,SPT_SRWT,55,4251.52,73,0,1,1918.3,2319.0,400.7,2,2,63.9,0.0,157.1,176.9,2.8,63.9
2026-09-19 23:56:54,mfsweep_shard0,SPT_SRWT,55,4251.52,74,0,1,1944.5,2707.7,763.1,2,2,75.2,0.0,317.2,192.0,178.7,75.2
2026-09-19 23:56:54,mfsweep_shard0,SPT_SRWT,55,4251.52,75,0,1,1970.8,2604.8,634.0,2,2,66.6,0.1,419.1,148.2,0.0,66.6
2026-09-19 23:56:54,mfsweep_shard0,SPT_SRWT,55,4251.52,76,0,1,1997.1,2417.0,419.9,2,2,83.7,0.0,186.1,150.1,0.0,83.7
2026-09-19 23:56:54,mfsweep_shard0,SPT_SRWT,55,4251.52,77,0,1,2023.4,2531.2,507.9,2,2,68.7,0.0,275.1,133.9,30.2,68.7
2026-09-19 23:56:54,mfsweep_shard0,SPT_SRWT,55,4251.52,78,0,1,2049.6,2461.5,411.8,2,2,62.3,0.0,183.6,136.8,29.0,62.3
2026-09-19 23:56:54,mfsweep_shard0,SPT_SRWT,55,4251.52,79,0,1,2075.9,2587.9,511.9,2,2,61.7,0.0,273.9,131.4,45.0,61.7
2026-09-19 23:56:54,mfsweep_shard0,SPT_SRWT,55,4251.52,80,0,1,2102.2,2609.5,507.3,2,2,72.1,0.0,247.5,163.9,23.8,72.1
2026-09-19 23:56:54,mfsweep_shard0,SPT_SRWT,55,4251.52,81,0,1,2128.5,2748.7,620.2,2,2,62.2,0.0,454.7,103.3,0.0,62.2
2026-09-19 23:56:54,mfsweep_shard0,SPT_SRWT,55,4251.52,82,0,1,2154.7,2483.0,328.3,2,2,72.8,0.0,59.7,145.2,50.5,72.8
2026-09-19 23:56:54,mfsweep_shard0,SPT_SRWT,55,4251.52,83,0,1,2181.0,2976.6,795.5,2,2,83.2,0.0,476.4,235.9,0.0,83.2
2026-09-19 23:56:54,mfsweep_shard0,SPT_SRWT,55,4251.52,84,0,1,2207.3,2888.9,681.6,2,2,66.7,0.0,347.8,267.1,0.0,66.7
2026-09-19 23:56:54,mfsweep_shard0,SPT_SRWT,55,4251.52,85,0,1,2233.6,2870.4,636.9,2,2,60.8,0.0,446.9,118.6,10.5,60.8
2026-09-19 23:56:54,mfsweep_shard0,SPT_SRWT,55,4251.52,86,0,1,2259.9,2649.4,389.5,2,2,86.5,0.0,176.2,111.7,15.1,86.5
2026-09-19 23:56:54,mfsweep_shard0,SPT_SRWT,55,4251.52,87,0,1,2286.1,2663.9,377.7,2,2,70.4,0.0,175.6,97.8,33.9,70.4
2026-09-19 23:56:54,mfsweep_shard0,SPT_SRWT,55,4251.52,88,0,1,2312.4,2739.7,427.3,2,2,56.5,0.0,247.2,123.5,0.0,56.5
2026-09-19 23:56:54,mfsweep_shard0,SPT_SRWT,55,4251.52,89,0,1,2338.7,2874.9,536.2,2,2,55.1,0.0,382.5,98.5,0.0,55.1
2026-09-19 23:56:54,mfsweep_shard0,SPT_SRWT,55,4251.52,90,0,1,2365.0,3074.6,709.7,2,2,57.2,0.0,297.9,288.4,60.8,62.6
2026-09-19 23:56:54,mfsweep_shard0,SPT_SRWT,55,4251.52,91,0,1,2391.2,2689.4,298.2,2,2,74.3,0.0,126.1,97.8,0.0,74.3
2026-09-19 23:56:54,mfsweep_shard0,SPT_SRWT,55,4251.52,92,0,1,2417.5,2984.0,566.4,2,2,79.7,0.0,305.5,105.6,75.6,79.7
2026-09-19 23:56:54,mfsweep_shard0,SPT_SRWT,55,4251.52,93,0,1,2443.8,2786.7,342.9,2,2,67.5,0.0,174.5,89.3,11.6,67.5
2026-09-19 23:56:54,mfsweep_shard0,SPT_SRWT,55,4251.52,94,0,1,2470.1,2818.0,347.9,2,2,55.6,0.0,215.7,76.5,0.0,55.6
2026-09-19 23:56:54,mfsweep_shard0,SPT_SRWT,55,4251.52,95,0,1,2496.4,3020.0,523.7,2,2,66.1,0.0,304.8,96.2,56.5,66.1
2026-09-19 23:56:54,mfsweep_shard0,SPT_SRWT,55,4251.52,96,0,1,2522.6,3361.8,839.1,2,2,86.4,0.0,535.5,137.0,80.1,86.4
2026-09-19 23:56:54,mfsweep_shard0,SPT_SRWT,55,4251.52,97,0,1,2548.9,2923.7,374.8,2,2,71.0,0.0,201.7,102.1,0.0,71.0
2026-09-19 23:56:54,mfsweep_shard0,SPT_SRWT,55,4251.52,98,0,1,2575.2,4114.5,1539.3,2,2,85.6,0.0,527.2,567.7,358.8,85.6
2026-09-19 23:56:54,mfsweep_shard0,SPT_SRWT,55,4251.52,99,0,1,2601.5,3192.8,591.3,2,2,82.0,0.0,401.4,107.9,0.0,82.0
2026-09-19 23:56:54,mfsweep_shard0,SPT_SRWT,55,4251.52,100,0,1,2627.7,3064.8,437.1,2,2,53.9,0.0,302.1,81.0,0.0,53.9
2026-09-19 23:56:54,mfsweep_shard0,SPT_SRWT,55,4251.52,101,0,1,2654.0,3048.3,394.2,2,2,77.3,0.0,199.2,117.7,0.0,77.3
2026-09-19 23:56:54,mfsweep_shard0,SPT_SRWT,55,4251.52,102,0,1,2680.3,3144.6,464.3,2,2,76.0,0.0,285.4,102.8,0.0,76.0
2026-09-19 23:56:54,mfsweep_shard0,SPT_SRWT,55,4251.52,103,0,1,2706.6,3211.5,504.9,2,2,71.3,0.0,282.1,109.8,41.7,71.3
2026-09-19 23:56:54,mfsweep_shard0,SPT_SRWT,55,4251.52,104,0,1,2732.9,3290.9,558.1,2,2,62.4,0.0,381.9,113.8,0.0,62.4
2026-09-19 23:56:54,mfsweep_shard0,SPT_SRWT,55,4251.52,105,0,1,2759.1,3163.7,404.6,2,2,74.7,0.0,189.7,75.2,64.9,74.7
2026-09-19 23:56:54,mfsweep_shard0,SPT_SRWT,55,4251.52,106,0,1,2785.4,3379.5,594.1,2,2,57.2,0.0,404.4,109.4,14.0,66.3
2026-09-19 23:56:54,mfsweep_shard0,SPT_SRWT,55,4251.52,107,0,1,2811.7,3787.9,976.2,2,2,67.9,0.1,547.6,280.6,75.3,72.6
2026-09-19 23:56:54,mfsweep_shard0,SPT_SRWT,55,4251.52,108,0,1,2838.0,3570.1,732.2,2,2,68.5,0.1,287.7,326.4,49.5,68.5
2026-09-19 23:56:54,mfsweep_shard0,SPT_SRWT,55,4251.52,109,0,1,2864.2,4251.5,1387.3,2,2,85.0,0.1,260.8,355.8,685.6,85.0
2026-09-19 23:56:54,mfsweep_shard0,SPT_SRWT,55,4251.52,110,0,1,2890.5,3408.6,518.1,2,2,82.4,0.0,345.9,89.8,0.0,82.4
2026-09-19 23:56:54,mfsweep_shard0,SPT_SRWT,55,4251.52,111,0,1,2916.8,3490.5,573.7,2,2,62.2,0.0,355.9,142.8,0.0,74.9
2026-09-19 23:56:54,mfsweep_shard0,SPT_SRWT,55,4251.52,112,0,1,2943.1,3438.0,494.9,2,2,70.1,0.0,196.8,157.7,70.2,70.1
2026-09-19 23:56:54,mfsweep_shard0,SPT_SRWT,55,4251.52,113,0,1,2969.3,3675.7,706.4,2,2,59.4,0.2,224.8,347.7,67.8,65.8
2026-09-19 23:56:54,mfsweep_shard0,SPT_SRWT,55,4251.52,114,0,1,2995.6,4067.8,1072.2,2,2,83.7,0.1,463.5,280.2,244.7,83.7
2026-09-19 23:56:54,mfsweep_shard0,SPT_SRWT,55,4251.52,115,0,1,3021.9,3964.8,942.9,2,2,82.3,0.2,209.2,253.8,397.4,82.3
2026-09-19 23:56:54,mfsweep_shard0,SPT_SRWT,55,4251.52,116,0,1,3048.2,3285.7,237.5,2,2,63.4,0.0,82.3,91.8,0.0,63.4
2026-09-19 23:56:54,mfsweep_shard0,SPT_SRWT,55,4251.52,117,0,1,3074.5,3907.9,833.4,2,2,74.6,0.1,214.2,180.7,363.7,74.6
2026-09-19 23:56:54,mfsweep_shard0,SPT_SRWT,55,4251.52,118,0,1,3100.7,3872.1,771.4,2,2,73.6,0.1,169.6,287.0,241.1,73.6
2026-09-19 23:56:54,mfsweep_shard0,SPT_SRWT,55,4251.52,119,0,1,3127.0,3403.8,276.8,2,2,58.6,0.0,69.8,126.1,22.3,58.6
2026-09-19 23:56:54,mfsweep_shard0,SPT_SRWT,55,4251.52,120,0,1,3153.3,3549.3,396.0,2,2,78.7,0.0,172.9,144.4,0.0,78.7
2026-09-19 23:56:54,mfsweep_shard0,SPT_SRWT,55,4251.52,121,0,1,3179.6,3885.5,706.0,2,2,71.3,0.0,233.7,395.2,5.7,71.3
2026-09-19 23:56:54,mfsweep_shard0,SPT_SRWT,55,4251.52,122,0,1,3205.8,3653.3,447.4,2,2,79.2,0.0,227.1,141.1,0.0,79.2
2026-09-19 23:56:54,mfsweep_shard0,SPT_SRWT,55,4251.52,123,0,1,3232.1,3801.2,569.1,2,2,71.0,0.0,299.8,187.9,10.3,71.0
2026-09-19 23:56:54,mfsweep_shard0,SPT_SRWT,55,4251.52,124,0,1,3258.4,3605.4,347.0,2,2,53.6,0.0,139.5,126.3,27.6,53.6
2026-09-19 23:56:54,mfsweep_shard0,SPT_SRWT,55,4251.52,125,0,1,3284.7,3898.3,613.6,2,2,64.2,0.1,199.4,254.7,93.9,65.5
2026-09-19 23:56:54,mfsweep_shard0,SPT_SRWT,55,4251.52,126,0,1,3311.0,3805.9,495.0,2,2,54.2,0.0,221.1,183.7,36.0,54.2
2026-09-19 23:56:54,mfsweep_shard0,SPT_SRWT,55,4251.52,127,0,1,3337.2,4177.8,840.6,2,2,84.2,0.1,101.8,191.5,463.0,84.2
2026-09-19 23:56:54,mfsweep_shard0,SPT_SRWT,55,4251.52,128,0,1,3363.5,3944.6,581.1,2,2,82.5,0.0,174.3,117.9,206.3,82.5
2026-09-19 23:56:54,mfsweep_shard0,SPT_SRWT,55,4251.52,129,0,1,3389.8,3867.2,477.5,2,2,81.0,0.0,246.9,149.5,0.0,81.0
2026-09-19 23:56:54,mfsweep_shard0,SPT_SRWT,55,4251.52,130,0,1,3416.1,3876.9,460.9,2,2,63.7,0.0,197.0,159.6,40.5,63.7
2026-09-19 23:56:54,mfsweep_shard0,SPT_SRWT,55,4251.52,131,0,1,3442.3,3837.1,394.8,2,2,55.5,0.0,201.8,137.5,0.0,55.5
2026-09-19 23:56:54,mfsweep_shard0,SPT_SRWT,55,4251.52,132,0,1,3468.6,4182.6,714.0,2,2,82.5,0.0,179.7,190.8,260.9,82.5
2026-09-19 23:56:54,mfsweep_shard0,SPT_SRWT,55,4251.52,133,0,1,3494.9,4247.1,752.2,2,2,84.8,0.1,125.2,165.0,377.1,84.8
2026-09-19 23:56:54,mfsweep_shard0,SPT_SRWT,55,4251.52,134,0,1,3521.2,3912.9,391.8,2,2,56.4,0.0,161.2,148.7,25.4,56.4
2026-09-19 23:56:54,mfsweep_shard0,SPT_SRWT,55,4251.52,135,0,1,3547.5,4006.6,459.2,2,2,69.6,0.0,221.0,166.0,2.6,69.6
2026-09-19 23:56:54,mfsweep_shard0,SPT_SRWT,55,4251.52,136,0,1,3573.7,4109.8,536.1,2,2,55.8,0.1,224.1,159.8,77.0,75.0
2026-09-19 23:59:40,mfsweep_shard0,SPT_SRWT,56,3940.56,0,0,1,0.0,215.5,215.5,2,2,74.6,0.0,63.6,77.2,0.0,74.6
2026-09-19 23:59:40,mfsweep_shard0,SPT_SRWT,56,3940.56,1,0,1,26.3,233.0,206.7,2,2,54.4,0.0,79.6,72.7,0.0,54.4
2026-09-19 23:59:40,mfsweep_shard0,SPT_SRWT,56,3940.56,2,0,1,52.6,264.0,211.5,2,2,62.6,0.0,65.7,71.8,11.3,62.6
2026-09-19 23:59:40,mfsweep_shard0,SPT_SRWT,56,3940.56,3,0,1,78.8,290.2,211.4,2,2,60.9,0.0,70.8,79.7,0.0,60.9
2026-09-19 23:59:40,mfsweep_shard0,SPT_SRWT,56,3940.56,4,0,1,105.1,330.4,225.3,2,2,77.8,0.0,72.3,75.2,0.0,77.8
2026-09-19 23:59:40,mfsweep_shard0,SPT_SRWT,56,3940.56,5,0,1,131.4,388.4,257.0,2,2,75.9,0.0,82.1,98.9,0.0,75.9
2026-09-19 23:59:40,mfsweep_shard0,SPT_SRWT,56,3940.56,6,0,1,157.7,545.7,388.1,2,2,83.0,0.0,101.8,141.4,31.4,113.5
2026-09-19 23:59:40,mfsweep_shard0,SPT_SRWT,56,3940.56,7,0,1,183.9,429.1,245.2,2,2,56.4,0.0,100.4,88.3,0.0,56.4
2026-09-19 23:59:40,mfsweep_shard0,SPT_SRWT,56,3940.56,8,0,1,210.2,504.2,294.0,2,2,67.5,0.0,87.5,116.4,22.6,67.5
2026-09-19 23:59:40,mfsweep_shard0,SPT_SRWT,56,3940.56,9,0,1,236.5,487.1,250.6,2,2,54.5,0.1,108.9,87.2,0.0,54.5
2026-09-19 23:59:40,mfsweep_shard0,SPT_SRWT,56,3940.56,10,0,1,262.8,550.3,287.5,2,2,60.8,0.0,124.2,102.6,0.0,60.8
2026-09-19 23:59:40,mfsweep_shard0,SPT_SRWT,56,3940.56,11,0,1,289.1,600.5,311.4,2,2,70.2,0.0,105.8,125.5,9.9,70.2
2026-09-19 23:59:40,mfsweep_shard0,SPT_SRWT,56,3940.56,12,0,1,315.3,582.7,267.4,2,2,54.4,0.0,110.2,102.7,0.0,54.4
2026-09-19 23:59:40,mfsweep_shard0,SPT_SRWT,56,3940.56,13,0,1,341.6,645.5,303.9,2,2,60.1,0.0,71.2,161.8,10.7,60.1
2026-09-19 23:59:40,mfsweep_shard0,SPT_SRWT,56,3940.56,14,0,1,367.9,609.8,242.0,2,2,75.0,0.0,49.0,94.7,23.2,75.0
2026-09-19 23:59:40,mfsweep_shard0,SPT_SRWT,56,3940.56,15,0,1,394.2,691.5,297.4,2,2,71.5,0.0,137.0,88.8,0.0,71.5
2026-09-19 23:59:40,mfsweep_shard0,SPT_SRWT,56,3940.56,16,0,1,420.4,673.3,252.9,2,2,60.8,0.0,91.7,100.4,0.0,60.8
2026-09-19 23:59:40,mfsweep_shard0,SPT_SRWT,56,3940.56,17,0,1,446.7,705.8,259.1,2,2,73.0,0.0,96.8,89.3,0.0,73.0
2026-09-19 23:59:40,mfsweep_shard0,SPT_SRWT,56,3940.56,18,0,1,473.0,755.2,282.2,2,2,80.3,0.0,110.8,91.1,0.0,80.3
2026-09-19 23:59:40,mfsweep_shard0,SPT_SRWT,56,3940.56,19,0,1,499.3,783.7,284.4,2,2,53.8,0.0,90.2,140.4,0.0,53.8
2026-09-19 23:59:40,mfsweep_shard0,SPT_SRWT,56,3940.56,20,0,1,525.6,788.4,262.8,2,2,80.1,0.0,86.9,95.7,0.0,80.1
2026-09-19 23:59:40,mfsweep_shard0,SPT_SRWT,56,3940.56,21,0,1,551.8,845.6,293.8,2,2,76.6,0.0,57.0,160.1,0.0,76.6
2026-09-19 23:59:40,mfsweep_shard0,SPT_SRWT,56,3940.56,22,0,1,578.1,859.1,281.0,2,2,64.8,0.0,121.8,94.4,0.0,64.8
2026-09-19 23:59:40,mfsweep_shard0,SPT_SRWT,56,3940.56,23,0,1,604.4,832.5,228.1,2,2,58.7,0.0,77.2,91.6,0.6,58.7
2026-09-19 23:59:40,mfsweep_shard0,SPT_SRWT,56,3940.56,24,0,1,630.7,912.4,281.8,2,2,85.1,0.0,111.8,84.8,0.0,85.1
2026-09-19 23:59:40,mfsweep_shard0,SPT_SRWT,56,3940.56,25,0,1,656.9,926.1,269.2,2,2,64.7,0.0,75.9,128.6,0.0,64.7
2026-09-19 23:59:40,mfsweep_shard0,SPT_SRWT,56,3940.56,26,0,1,683.2,931.0,247.8,2,2,56.6,0.0,108.8,82.3,0.0,56.6
2026-09-19 23:59:40,mfsweep_shard0,SPT_SRWT,56,3940.56,27,0,1,709.5,975.0,265.5,2,2,56.7,0.0,100.0,74.0,34.7,56.7
2026-09-19 23:59:40,mfsweep_shard0,SPT_SRWT,56,3940.56,28,0,1,735.8,1002.7,266.9,2,2,81.5,0.0,88.4,97.0,0.0,81.5
2026-09-19 23:59:40,mfsweep_shard0,SPT_SRWT,56,3940.56,29,0,1,762.0,1012.3,250.2,2,2,73.5,0.0,73.4,103.3,0.0,73.5
2026-09-19 23:59:40,mfsweep_shard0,SPT_SRWT,56,3940.56,30,0,1,788.3,1038.3,250.0,2,2,80.2,0.0,94.0,75.8,0.0,80.2
2026-09-19 23:59:40,mfsweep_shard0,SPT_SRWT,56,3940.56,31,0,1,814.6,1098.0,283.4,2,2,77.6,0.0,82.9,122.9,0.0,77.6
2026-09-19 23:59:40,mfsweep_shard0,SPT_SRWT,56,3940.56,32,0,1,840.9,1102.4,261.5,2,2,71.2,0.0,76.3,113.9,0.0,71.2
2026-09-19 23:59:40,mfsweep_shard0,SPT_SRWT,56,3940.56,33,0,1,867.2,1326.2,459.1,2,2,85.7,0.0,158.5,154.0,0.1,146.5
2026-09-19 23:59:40,mfsweep_shard0,SPT_SRWT,56,3940.56,34,0,1,893.4,1160.2,266.8,2,2,66.0,0.0,96.2,104.5,0.0,66.0
2026-09-19 23:59:40,mfsweep_shard0,SPT_SRWT,56,3940.56,35,0,1,919.7,1171.0,251.3,2,2,71.8,0.0,87.4,92.1,0.0,71.8
2026-09-19 23:59:40,mfsweep_shard0,SPT_SRWT,56,3940.56,36,0,1,946.0,1294.2,348.2,2,2,80.9,0.0,87.5,140.2,39.5,80.9
2026-09-19 23:59:40,mfsweep_shard0,SPT_SRWT,56,3940.56,37,0,1,972.3,1221.3,249.0,2,2,74.0,0.0,79.1,95.9,0.0,74.0
2026-09-19 23:59:40,mfsweep_shard0,SPT_SRWT,56,3940.56,38,0,1,998.5,1247.9,249.4,2,2,82.0,0.0,77.8,83.0,6.6,82.0
2026-09-19 23:59:40,mfsweep_shard0,SPT_SRWT,56,3940.56,39,0,1,1024.8,1344.0,319.2,2,2,72.6,0.0,101.9,100.9,43.8,72.6
2026-09-19 23:59:40,mfsweep_shard0,SPT_SRWT,56,3940.56,40,0,1,1051.1,1401.5,350.4,2,2,76.8,0.0,85.4,94.6,93.5,76.8
2026-09-19 23:59:40,mfsweep_shard0,SPT_SRWT,56,3940.56,41,0,1,1077.4,1303.9,226.5,2,2,55.1,0.0,80.8,90.6,0.0,55.1
2026-09-19 23:59:40,mfsweep_shard0,SPT_SRWT,56,3940.56,42,0,1,1103.7,1361.8,258.1,2,2,61.1,0.0,82.3,107.5,7.2,61.1
2026-09-19 23:59:40,mfsweep_shard0,SPT_SRWT,56,3940.56,43,0,1,1129.9,1382.9,253.0,2,2,63.1,0.0,95.9,93.9,0.0,63.1
2026-09-19 23:59:40,mfsweep_shard0,SPT_SRWT,56,3940.56,44,0,1,1156.2,1456.9,300.7,2,2,56.2,0.0,138.0,106.5,0.0,56.2
2026-09-19 23:59:40,mfsweep_shard0,SPT_SRWT,56,3940.56,45,0,1,1182.5,1497.4,314.9,2,2,61.2,0.0,83.0,142.1,28.6,61.2
2026-09-19 23:59:40,mfsweep_shard0,SPT_SRWT,56,3940.56,46,0,1,1208.8,1488.0,279.3,2,2,56.9,0.0,74.0,148.3,0.0,56.9
2026-09-19 23:59:40,mfsweep_shard0,SPT_SRWT,56,3940.56,47,0,1,1235.0,1502.1,267.0,2,2,62.7,0.0,89.8,114.5,0.0,62.7
2026-09-19 23:59:40,mfsweep_shard0,SPT_SRWT,56,3940.56,48,0,1,1261.3,1547.4,286.1,2,2,74.5,0.0,125.4,84.0,2.2,74.5
2026-09-19 23:59:40,mfsweep_shard0,SPT_SRWT,56,3940.56,49,0,1,1287.6,1606.1,318.5,2,2,65.6,0.0,134.7,118.2,0.0,65.6
2026-09-19 23:59:40,mfsweep_shard0,SPT_SRWT,56,3940.56,50,0,1,1313.9,1575.4,261.5,2,2,65.8,0.0,100.7,95.0,0.0,65.8
2026-09-19 23:59:40,mfsweep_shard0,SPT_SRWT,56,3940.56,51,0,1,1340.2,1632.8,292.7,2,2,60.5,0.0,77.7,154.5,0.0,60.5
2026-09-19 23:59:40,mfsweep_shard0,SPT_SRWT,56,3940.56,52,0,1,1366.4,1687.9,321.5,2,2,62.4,0.0,101.1,124.3,33.7,62.4
2026-09-19 23:59:40,mfsweep_shard0,SPT_SRWT,56,3940.56,53,0,1,1392.7,1812.9,420.2,2,2,84.5,0.0,152.7,141.1,41.9,84.5
2026-09-19 23:59:40,mfsweep_shard0,SPT_SRWT,56,3940.56,54,0,1,1419.0,1740.3,321.4,2,2,74.9,0.0,108.7,137.7,0.0,74.9
2026-09-19 23:59:40,mfsweep_shard0,SPT_SRWT,56,3940.56,55,0,1,1445.3,1788.0,342.8,2,2,73.6,0.0,82.3,186.8,0.0,73.6
2026-09-19 23:59:40,mfsweep_shard0,SPT_SRWT,56,3940.56,56,0,1,1471.5,1825.5,354.0,2,2,59.2,0.0,136.7,122.2,35.9,59.2
2026-09-19 23:59:40,mfsweep_shard0,SPT_SRWT,56,3940.56,57,0,1,1497.8,1883.5,385.7,2,2,77.6,0.0,108.2,105.8,94.1,77.6
2026-09-19 23:59:40,mfsweep_shard0,SPT_SRWT,56,3940.56,58,0,1,1524.1,2037.1,513.0,2,2,58.9,0.0,213.1,222.3,16.6,61.0
2026-09-19 23:59:40,mfsweep_shard0,SPT_SRWT,56,3940.56,59,0,1,1550.4,1806.6,256.2,2,2,66.1,0.0,102.2,87.9,0.0,66.1
2026-09-19 23:59:40,mfsweep_shard0,SPT_SRWT,56,3940.56,60,0,1,1576.6,1949.1,372.5,2,2,86.2,0.0,68.4,171.9,45.9,86.2
2026-09-19 23:59:40,mfsweep_shard0,SPT_SRWT,56,3940.56,61,0,1,1602.9,1879.1,276.2,2,2,74.7,0.0,101.4,100.1,0.0,74.7
2026-09-19 23:59:40,mfsweep_shard0,SPT_SRWT,56,3940.56,62,0,1,1629.2,1960.8,331.6,2,2,71.9,0.0,122.2,133.9,3.5,71.9
2026-09-19 23:59:40,mfsweep_shard0,SPT_SRWT,56,3940.56,63,0,1,1655.5,1984.1,328.6,2,2,76.1,0.0,137.0,106.6,8.8,76.1
2026-09-19 23:59:40,mfsweep_shard0,SPT_SRWT,56,3940.56,64,0,1,1681.8,2097.8,416.1,2,2,81.4,0.0,112.4,117.6,104.7,81.4
2026-09-19 23:59:40,mfsweep_shard0,SPT_SRWT,56,3940.56,65,0,1,1708.0,2111.3,403.2,2,2,79.2,0.0,126.0,142.5,55.6,79.2
2026-09-19 23:59:40,mfsweep_shard0,SPT_SRWT,56,3940.56,66,0,1,1734.3,2002.5,268.1,2,2,61.1,0.0,67.6,103.2,36.2,61.1
2026-09-19 23:59:40,mfsweep_shard0,SPT_SRWT,56,3940.56,67,0,1,1760.6,2042.0,281.5,2,2,54.6,0.0,98.1,127.5,1.2,54.6
2026-09-19 23:59:40,mfsweep_shard0,SPT_SRWT,56,3940.56,68,0,1,1786.9,2075.0,288.1,2,2,64.0,0.0,97.1,127.0,0.0,64.0
2026-09-19 23:59:40,mfsweep_shard0,SPT_SRWT,56,3940.56,69,0,1,1813.1,2164.4,351.3,2,2,62.4,0.0,138.9,106.2,43.7,62.4
2026-09-19 23:59:40,mfsweep_shard0,SPT_SRWT,56,3940.56,70,0,1,1839.4,2204.9,365.5,2,2,60.5,0.0,79.1,225.8,0.0,60.5
2026-09-19 23:59:40,mfsweep_shard0,SPT_SRWT,56,3940.56,71,0,1,1865.7,2169.3,303.6,2,2,84.7,0.0,97.3,113.4,8.2,84.7
2026-09-19 23:59:40,mfsweep_shard0,SPT_SRWT,56,3940.56,72,0,1,1892.0,2408.7,516.7,2,2,82.5,0.0,242.5,186.8,1.7,85.7
2026-09-19 23:59:40,mfsweep_shard0,SPT_SRWT,56,3940.56,73,0,1,1918.3,2512.5,594.3,2,2,63.9,0.0,215.2,188.2,94.3,96.6
2026-09-19 23:59:40,mfsweep_shard0,SPT_SRWT,56,3940.56,74,0,1,1944.5,2263.9,319.4,2,2,75.2,0.0,61.4,182.8,0.0,75.2
2026-09-19 23:59:40,mfsweep_shard0,SPT_SRWT,56,3940.56,75,0,1,1970.8,2328.1,357.3,2,2,66.6,0.0,127.8,139.8,23.2,66.6
2026-09-19 23:59:40,mfsweep_shard0,SPT_SRWT,56,3940.56,76,0,1,1997.1,2833.2,836.1,2,2,83.7,0.1,400.8,198.2,129.7,107.3
2026-09-19 23:59:40,mfsweep_shard0,SPT_SRWT,56,3940.56,77,0,1,2023.4,2454.3,430.9,2,2,68.7,0.0,107.1,196.8,58.3,68.7
2026-09-19 23:59:40,mfsweep_shard0,SPT_SRWT,56,3940.56,78,0,1,2049.6,2259.3,209.7,2,2,62.3,0.0,71.0,76.4,0.0,62.3
2026-09-19 23:59:40,mfsweep_shard0,SPT_SRWT,56,3940.56,79,0,1,2075.9,2445.0,369.1,2,2,61.7,0.0,163.4,144.0,0.0,61.7
2026-09-19 23:59:40,mfsweep_shard0,SPT_SRWT,56,3940.56,80,0,1,2102.2,2499.1,396.9,2,2,72.1,0.0,152.3,167.7,4.8,72.1
2026-09-19 23:59:40,mfsweep_shard0,SPT_SRWT,56,3940.56,81,0,1,2128.5,3124.1,995.6,2,2,62.2,0.0,447.5,291.5,165.0,91.6
2026-09-19 23:59:40,mfsweep_shard0,SPT_SRWT,56,3940.56,82,0,1,2154.7,2695.6,540.9,2,2,72.8,0.1,200.7,214.3,10.4,115.5
2026-09-19 23:59:40,mfsweep_shard0,SPT_SRWT,56,3940.56,83,0,1,2181.0,2984.4,803.3,2,2,83.2,0.1,412.4,160.1,147.6,83.2
2026-09-19 23:59:40,mfsweep_shard0,SPT_SRWT,56,3940.56,84,0,1,2207.3,2494.7,287.4,2,2,66.7,0.0,103.0,117.6,0.0,66.7
2026-09-19 23:59:40,mfsweep_shard0,SPT_SRWT,56,3940.56,85,0,1,2233.6,2528.1,294.6,2,2,60.8,0.0,127.7,98.9,7.1,60.8
2026-09-19 23:59:40,mfsweep_shard0,SPT_SRWT,56,3940.56,86,0,1,2259.9,3101.7,841.9,2,2,86.5,0.1,269.8,202.1,283.4,86.5
2026-09-19 23:59:40,mfsweep_shard0,SPT_SRWT,56,3940.56,87,0,1,2286.1,2619.2,333.1,2,2,70.4,0.0,117.6,145.1,0.0,70.4
2026-09-19 23:59:40,mfsweep_shard0,SPT_SRWT,56,3940.56,88,0,1,2312.4,2670.0,357.6,2,2,56.5,0.0,144.3,110.0,46.7,56.5
2026-09-19 23:59:40,mfsweep_shard0,SPT_SRWT,56,3940.56,89,0,1,2338.7,2934.1,595.4,2,2,55.1,0.1,306.2,165.1,40.9,83.1
2026-09-19 23:59:40,mfsweep_shard0,SPT_SRWT,56,3940.56,90,0,1,2365.0,2967.9,602.9,2,2,57.2,0.0,263.9,237.6,44.2,57.2
2026-09-19 23:59:40,mfsweep_shard0,SPT_SRWT,56,3940.56,91,0,1,2391.2,3106.6,715.4,2,2,74.3,0.0,297.4,186.8,156.9,74.3
2026-09-19 23:59:40,mfsweep_shard0,SPT_SRWT,56,3940.56,92,0,1,2417.5,2907.5,490.0,2,2,79.7,0.0,231.6,140.9,37.8,79.7
2026-09-19 23:59:40,mfsweep_shard0,SPT_SRWT,56,3940.56,93,0,1,2443.8,2819.8,376.0,2,2,67.5,0.0,191.3,117.1,0.0,67.5
2026-09-19 23:59:40,mfsweep_shard0,SPT_SRWT,56,3940.56,94,0,1,2470.1,2846.7,376.7,2,2,55.6,0.0,136.4,145.5,39.1,55.6
2026-09-19 23:59:40,mfsweep_shard0,SPT_SRWT,56,3940.56,95,0,1,2496.4,3004.7,508.4,2,2,66.1,0.0,212.0,136.8,93.4,66.1
2026-09-19 23:59:40,mfsweep_shard0,SPT_SRWT,56,3940.56,96,0,1,2522.6,3189.4,666.7,2,2,86.4,0.0,238.9,181.9,159.5,86.4
2026-09-19 23:59:40,mfsweep_shard0,SPT_SRWT,56,3940.56,97,0,1,2548.9,3362.2,813.3,2,2,71.0,0.0,123.5,481.0,137.7,71.0
2026-09-19 23:59:40,mfsweep_shard0,SPT_SRWT,56,3940.56,98,0,1,2575.2,3075.2,500.0,2,2,85.6,0.0,152.2,200.6,61.6,85.6
2026-09-19 23:59:40,mfsweep_shard0,SPT_SRWT,56,3940.56,99,0,1,2601.5,3052.3,450.8,2,2,82.0,0.0,160.8,173.9,34.1,82.0
2026-09-19 23:59:40,mfsweep_shard0,SPT_SRWT,56,3940.56,100,0,1,2627.7,3047.8,420.1,2,2,53.9,0.0,221.7,144.4,0.0,53.9
2026-09-19 23:59:40,mfsweep_shard0,SPT_SRWT,56,3940.56,101,0,1,2654.0,3171.2,517.2,2,2,77.3,0.0,228.0,206.3,0.0,82.9
2026-09-19 23:59:40,mfsweep_shard0,SPT_SRWT,56,3940.56,102,0,1,2680.3,3096.5,416.2,2,2,76.0,0.0,189.7,121.0,29.5,76.0
2026-09-19 23:59:40,mfsweep_shard0,SPT_SRWT,56,3940.56,103,0,1,2706.6,3206.6,500.0,2,2,71.3,0.0,265.9,152.8,10.0,71.3
2026-09-19 23:59:40,mfsweep_shard0,SPT_SRWT,56,3940.56,104,0,1,2732.9,3211.2,478.3,2,2,62.4,0.0,218.8,152.7,44.5,62.4
2026-09-19 23:59:40,mfsweep_shard0,SPT_SRWT,56,3940.56,105,0,1,2759.1,3340.7,581.6,2,2,74.7,0.0,228.2,263.1,15.6,74.7
2026-09-19 23:59:40,mfsweep_shard0,SPT_SRWT,56,3940.56,106,0,1,2785.4,3405.3,619.9,2,2,57.2,0.0,362.5,165.1,35.0,57.2
2026-09-19 23:59:40,mfsweep_shard0,SPT_SRWT,56,3940.56,107,0,1,2811.7,3262.4,450.7,2,2,67.9,0.0,246.8,119.9,16.0,67.9
2026-09-19 23:59:40,mfsweep_shard0,SPT_SRWT,56,3940.56,108,0,1,2838.0,3307.7,469.8,2,2,68.5,0.0,199.4,192.7,9.2,68.5
2026-09-19 23:59:40,mfsweep_shard0,SPT_SRWT,56,3940.56,109,0,1,2864.2,3298.4,434.1,2,2,85.0,0.0,165.3,183.8,0.0,85.0
2026-09-19 23:59:40,mfsweep_shard0,SPT_SRWT,56,3940.56,110,0,1,2890.5,3374.5,483.9,2,2,82.4,0.0,157.0,178.0,66.5,82.4
2026-09-19 23:59:40,mfsweep_shard0,SPT_SRWT,56,3940.56,111,0,1,2916.8,3289.5,372.7,2,2,62.2,0.0,159.0,151.5,0.0,62.2
2026-09-19 23:59:40,mfsweep_shard0,SPT_SRWT,56,3940.56,112,0,1,2943.1,3410.2,467.1,2,2,70.1,0.0,151.2,245.8,0.0,70.1
2026-09-19 23:59:40,mfsweep_shard0,SPT_SRWT,56,3940.56,113,0,1,2969.3,3566.1,596.8,2,2,59.4,0.1,330.3,202.9,0.0,63.5
2026-09-19 23:59:40,mfsweep_shard0,SPT_SRWT,56,3940.56,114,0,1,2995.6,3414.9,419.3,2,2,83.7,0.0,131.4,162.7,41.4,83.7
2026-09-19 23:59:40,mfsweep_shard0,SPT_SRWT,56,3940.56,115,0,1,3021.9,3744.5,722.6,2,2,82.3,0.0,201.5,330.9,107.9,82.3
2026-09-19 23:59:40,mfsweep_shard0,SPT_SRWT,56,3940.56,116,0,1,3048.2,3767.7,719.6,2,2,63.4,0.1,370.7,195.7,80.9,72.2
2026-09-19 23:59:40,mfsweep_shard0,SPT_SRWT,56,3940.56,117,0,1,3074.5,3511.7,437.2,2,2,74.6,0.0,191.3,171.2,0.0,74.6
2026-09-19 23:59:40,mfsweep_shard0,SPT_SRWT,56,3940.56,118,0,1,3100.7,3702.9,602.2,2,2,73.6,0.0,348.4,143.3,36.8,73.6
2026-09-19 23:59:40,mfsweep_shard0,SPT_SRWT,56,3940.56,119,0,1,3127.0,3673.2,546.2,2,2,58.6,0.0,273.1,190.4,24.1,58.6
2026-09-19 23:59:40,mfsweep_shard0,SPT_SRWT,56,3940.56,120,0,1,3153.3,3516.5,363.2,2,2,78.7,0.0,131.8,152.7,0.0,78.7
2026-09-19 23:59:40,mfsweep_shard0,SPT_SRWT,56,3940.56,121,0,1,3179.6,3791.3,611.8,2,2,71.3,0.0,296.3,244.1,0.0,71.3
2026-09-19 23:59:40,mfsweep_shard0,SPT_SRWT,56,3940.56,122,0,1,3205.8,3682.4,476.6,2,2,79.2,0.0,180.7,153.1,63.4,79.2
2026-09-19 23:59:40,mfsweep_shard0,SPT_SRWT,56,3940.56,123,0,1,3232.1,3712.6,480.5,2,2,71.0,0.0,284.0,103.8,21.6,71.0
2026-09-19 23:59:40,mfsweep_shard0,SPT_SRWT,56,3940.56,124,0,1,3258.4,3730.1,471.7,2,2,53.6,0.0,280.6,137.5,0.0,53.6
2026-09-19 23:59:40,mfsweep_shard0,SPT_SRWT,56,3940.56,125,0,1,3284.7,3580.6,295.9,2,2,64.2,0.0,103.4,128.2,0.0,64.2
2026-09-19 23:59:40,mfsweep_shard0,SPT_SRWT,56,3940.56,126,0,1,3311.0,3898.9,587.9,2,2,54.2,0.0,388.2,124.9,20.7,54.2
2026-09-19 23:59:40,mfsweep_shard0,SPT_SRWT,56,3940.56,127,0,1,3337.2,3865.1,527.8,2,2,84.2,0.0,101.7,341.9,0.0,84.2
2026-09-19 23:59:40,mfsweep_shard0,SPT_SRWT,56,3940.56,128,0,1,3363.5,3809.1,445.6,2,2,82.5,0.0,220.3,142.6,0.0,82.5
2026-09-19 23:59:40,mfsweep_shard0,SPT_SRWT,56,3940.56,129,0,1,3389.8,3840.1,450.3,2,2,81.0,0.0,191.4,112.3,65.6,81.0
2026-09-19 23:59:40,mfsweep_shard0,SPT_SRWT,56,3940.56,130,0,1,3416.1,3827.5,411.5,2,2,63.7,0.0,201.3,112.6,33.8,63.7
2026-09-19 23:59:40,mfsweep_shard0,SPT_SRWT,56,3940.56,131,0,1,3442.3,3860.6,418.3,2,2,55.5,0.0,146.3,187.4,29.0,55.5
2026-09-19 23:59:40,mfsweep_shard0,SPT_SRWT,56,3940.56,132,0,1,3468.6,3924.3,455.7,2,2,82.5,0.0,176.1,138.2,58.9,82.5
2026-09-19 23:59:40,mfsweep_shard0,SPT_SRWT,56,3940.56,133,0,1,3494.9,3877.5,382.6,2,2,84.8,0.0,112.8,127.1,57.8,84.8
2026-09-19 23:59:40,mfsweep_shard0,SPT_SRWT,56,3940.56,134,0,1,3521.2,3823.0,301.9,2,2,56.4,0.0,120.9,124.6,0.0,56.4
2026-09-19 23:59:40,mfsweep_shard0,SPT_SRWT,56,3940.56,135,0,1,3547.5,3935.9,388.4,2,2,69.6,0.0,192.8,126.0,0.0,69.6
2026-09-19 23:59:40,mfsweep_shard0,SPT_SRWT,56,3940.56,136,0,1,3573.7,3940.6,366.8,2,2,55.8,0.0,88.6,106.3,116.1,55.8
2026-09-20 00:02:52,mfsweep_shard0,SPT_SRWT,57,5301.20,0,0,1,0.0,323.2,323.2,2,2,74.6,0.0,89.4,105.0,27.5,101.3
2026-09-20 00:02:52,mfsweep_shard0,SPT_SRWT,57,5301.20,1,0,1,26.3,221.9,195.7,2,2,54.4,0.0,62.9,78.3,0.0,54.4
2026-09-20 00:02:52,mfsweep_shard0,SPT_SRWT,57,5301.20,2,0,1,52.6,267.5,214.9,2,2,62.6,0.0,60.9,76.2,15.2,62.6
2026-09-20 00:02:52,mfsweep_shard0,SPT_SRWT,57,5301.20,3,0,1,78.8,280.6,201.8,2,2,60.9,0.0,69.5,71.4,0.0,60.9
2026-09-20 00:02:52,mfsweep_shard0,SPT_SRWT,57,5301.20,4,0,1,105.1,381.1,275.9,2,2,77.8,0.0,63.6,108.1,26.4,77.8
2026-09-20 00:02:52,mfsweep_shard0,SPT_SRWT,57,5301.20,5,0,1,131.4,372.5,241.1,2,2,75.9,0.0,84.6,80.6,0.0,75.9
2026-09-20 00:02:52,mfsweep_shard0,SPT_SRWT,57,5301.20,6,0,1,157.7,547.6,390.0,2,2,83.0,0.0,139.3,132.0,8.2,110.5
2026-09-20 00:02:52,mfsweep_shard0,SPT_SRWT,57,5301.20,7,0,1,183.9,433.0,249.1,2,2,56.4,0.0,94.3,91.8,6.5,56.4
2026-09-20 00:02:52,mfsweep_shard0,SPT_SRWT,57,5301.20,8,0,1,210.2,462.4,252.2,2,2,67.5,0.0,99.5,85.2,0.0,67.5
2026-09-20 00:02:52,mfsweep_shard0,SPT_SRWT,57,5301.20,9,0,1,236.5,602.2,365.7,2,2,54.5,0.1,164.4,109.4,24.4,67.4
2026-09-20 00:02:52,mfsweep_shard0,SPT_SRWT,57,5301.20,10,0,1,262.8,526.1,263.3,2,2,60.8,0.0,86.1,116.4,0.0,60.8
2026-09-20 00:02:52,mfsweep_shard0,SPT_SRWT,57,5301.20,11,0,1,289.1,597.8,308.8,2,2,70.2,0.0,116.9,110.6,0.0,81.3
2026-09-20 00:02:52,mfsweep_shard0,SPT_SRWT,57,5301.20,12,0,1,315.3,638.2,322.8,2,2,54.4,0.0,122.4,121.9,24.1,54.4
2026-09-20 00:02:52,mfsweep_shard0,SPT_SRWT,57,5301.20,13,0,1,341.6,663.1,321.5,2,2,60.1,0.0,130.4,97.8,33.1,60.1
2026-09-20 00:02:52,mfsweep_shard0,SPT_SRWT,57,5301.20,14,0,1,367.9,846.1,478.2,2,2,75.0,0.0,165.6,127.9,65.8,118.9
2026-09-20 00:02:52,mfsweep_shard0,SPT_SRWT,57,5301.20,15,0,1,394.2,734.1,339.9,2,2,71.5,0.0,143.0,125.4,0.0,71.5
2026-09-20 00:02:52,mfsweep_shard0,SPT_SRWT,57,5301.20,16,0,1,420.4,888.4,468.0,2,2,60.8,0.1,194.5,166.4,46.1,60.8
2026-09-20 00:02:52,mfsweep_shard0,SPT_SRWT,57,5301.20,17,0,1,446.7,789.3,342.6,2,2,73.0,0.0,80.8,188.7,0.0,73.0
2026-09-20 00:02:52,mfsweep_shard0,SPT_SRWT,57,5301.20,18,0,1,473.0,761.9,288.9,2,2,80.3,0.0,86.4,111.1,11.1,80.3
2026-09-20 00:02:52,mfsweep_shard0,SPT_SRWT,57,5301.20,19,0,1,499.3,864.1,364.8,2,2,53.8,0.0,144.8,155.9,10.3,53.8
2026-09-20 00:02:52,mfsweep_shard0,SPT_SRWT,57,5301.20,20,0,1,525.6,945.8,420.2,2,2,80.1,0.1,168.5,103.1,68.4,80.1
2026-09-20 00:02:52,mfsweep_shard0,SPT_SRWT,57,5301.20,21,0,1,551.8,972.8,421.0,2,2,76.6,0.0,75.9,209.5,58.9,76.6
2026-09-20 00:02:52,mfsweep_shard0,SPT_SRWT,57,5301.20,22,0,1,578.1,868.8,290.7,2,2,64.8,0.0,117.5,103.3,5.1,64.8
2026-09-20 00:02:52,mfsweep_shard0,SPT_SRWT,57,5301.20,23,0,1,604.4,1009.2,404.9,2,2,58.7,0.0,133.2,158.2,54.7,58.7
2026-09-20 00:02:52,mfsweep_shard0,SPT_SRWT,57,5301.20,24,0,1,630.7,1043.7,413.0,2,2,85.1,0.0,157.8,148.5,21.6,85.1
2026-09-20 00:02:52,mfsweep_shard0,SPT_SRWT,57,5301.20,25,0,1,656.9,1190.1,533.2,2,2,64.7,0.0,192.2,240.3,31.1,69.5
2026-09-20 00:02:52,mfsweep_shard0,SPT_SRWT,57,5301.20,26,0,1,683.2,1056.8,373.6,2,2,56.6,0.0,150.2,136.1,30.7,56.6
2026-09-20 00:02:52,mfsweep_shard0,SPT_SRWT,57,5301.20,27,0,1,709.5,1194.7,485.2,2,2,56.7,0.0,254.8,163.4,10.2,56.7
2026-09-20 00:02:52,mfsweep_shard0,SPT_SRWT,57,5301.20,28,0,1,735.8,1199.8,464.0,2,2,81.5,0.0,272.4,110.0,0.0,81.5
2026-09-20 00:02:52,mfsweep_shard0,SPT_SRWT,57,5301.20,29,0,1,762.0,1401.9,639.8,2,2,73.5,0.1,365.2,170.2,24.0,80.4
2026-09-20 00:02:52,mfsweep_shard0,SPT_SRWT,57,5301.20,30,0,1,788.3,1423.6,635.3,2,2,80.2,0.0,199.7,355.4,0.0,80.2
2026-09-20 00:02:52,mfsweep_shard0,SPT_SRWT,57,5301.20,31,0,1,814.6,1222.4,407.8,2,2,77.6,0.0,129.1,201.0,0.0,77.6
2026-09-20 00:02:52,mfsweep_shard0,SPT_SRWT,57,5301.20,32,0,1,840.9,1311.2,470.3,2,2,71.2,0.0,207.6,140.7,50.8,71.2
2026-09-20 00:02:52,mfsweep_shard0,SPT_SRWT,57,5301.20,33,0,1,867.2,1507.9,640.8,2,2,85.7,0.0,328.2,127.7,99.2,85.7
2026-09-20 00:02:52,mfsweep_shard0,SPT_SRWT,57,5301.20,34,0,1,893.4,1337.5,444.1,2,2,66.0,0.0,229.7,148.3,0.0,66.0
2026-09-20 00:02:52,mfsweep_shard0,SPT_SRWT,57,5301.20,35,0,1,919.7,1503.1,583.4,2,2,71.8,0.0,302.5,174.1,35.0,71.8
2026-09-20 00:02:52,mfsweep_shard0,SPT_SRWT,57,5301.20,36,0,1,946.0,1392.7,446.7,2,2,80.9,0.0,168.9,155.0,41.9,80.9
2026-09-20 00:02:52,mfsweep_shard0,SPT_SRWT,57,5301.20,37,0,1,972.3,1437.8,465.5,2,2,74.0,0.0,179.1,210.2,2.1,74.0
2026-09-20 00:02:52,mfsweep_shard0,SPT_SRWT,57,5301.20,38,0,1,998.5,1686.2,687.7,2,2,82.0,0.0,271.3,165.3,169.1,82.0
2026-09-20 00:02:52,mfsweep_shard0,SPT_SRWT,57,5301.20,39,0,1,1024.8,1529.1,504.3,2,2,72.6,0.0,187.2,201.9,42.5,72.6
2026-09-20 00:02:52,mfsweep_shard0,SPT_SRWT,57,5301.20,40,0,1,1051.1,1660.2,609.1,2,2,76.8,0.0,238.4,168.0,125.9,76.8
2026-09-20 00:02:52,mfsweep_shard0,SPT_SRWT,57,5301.20,41,0,1,1077.4,1572.6,495.2,2,2,55.1,0.0,267.1,173.0,0.0,55.1
2026-09-20 00:02:52,mfsweep_shard0,SPT_SRWT,57,5301.20,42,0,1,1103.7,1589.6,486.0,2,2,61.1,0.0,222.1,158.0,44.8,61.1
2026-09-20 00:02:52,mfsweep_shard0,SPT_SRWT,57,5301.20,43,0,1,1129.9,1748.1,618.1,2,2,63.1,0.0,378.8,173.4,2.8,63.1
2026-09-20 00:02:52,mfsweep_shard0,SPT_SRWT,57,5301.20,44,0,1,1156.2,1461.3,305.1,2,2,56.2,0.0,137.4,111.5,0.0,56.2
2026-09-20 00:02:52,mfsweep_shard0,SPT_SRWT,57,5301.20,45,0,1,1182.5,1651.5,469.0,2,2,61.2,0.0,244.0,163.7,0.0,61.2
2026-09-20 00:02:52,mfsweep_shard0,SPT_SRWT,57,5301.20,46,0,1,1208.8,1678.4,469.6,2,2,56.9,0.0,265.4,119.9,27.3,56.9
2026-09-20 00:02:52,mfsweep_shard0,SPT_SRWT,57,5301.20,47,0,1,1235.0,1605.8,370.8,2,2,62.7,0.0,187.1,121.0,0.0,62.7
2026-09-20 00:02:52,mfsweep_shard0,SPT_SRWT,57,5301.20,48,0,1,1261.3,1864.7,603.3,2,2,74.5,0.0,180.0,348.8,0.0,74.5
2026-09-20 00:02:52,mfsweep_shard0,SPT_SRWT,57,5301.20,49,0,1,1287.6,2042.9,755.3,2,2,65.6,0.0,443.2,204.3,7.2,100.5
2026-09-20 00:02:52,mfsweep_shard0,SPT_SRWT,57,5301.20,50,0,1,1313.9,1771.0,457.2,2,2,65.8,0.0,201.9,160.8,28.6,65.8
2026-09-20 00:02:52,mfsweep_shard0,SPT_SRWT,57,5301.20,51,0,1,1340.2,1851.6,511.5,2,2,60.5,0.0,337.1,113.9,0.0,60.5
2026-09-20 00:02:52,mfsweep_shard0,SPT_SRWT,57,5301.20,52,0,1,1366.4,2132.7,766.2,2,2,62.4,0.1,442.2,209.1,52.6,62.4
2026-09-20 00:02:52,mfsweep_shard0,SPT_SRWT,57,5301.20,53,0,1,1392.7,1971.3,578.6,2,2,84.5,0.0,363.0,131.1,0.0,84.5
2026-09-20 00:02:52,mfsweep_shard0,SPT_SRWT,57,5301.20,54,0,1,1419.0,1975.8,556.8,2,2,74.9,0.0,353.6,124.9,3.3,74.9
2026-09-20 00:02:52,mfsweep_shard0,SPT_SRWT,57,5301.20,55,0,1,1445.3,2017.2,572.0,2,2,73.6,0.1,307.7,164.2,26.4,73.6
2026-09-20 00:02:52,mfsweep_shard0,SPT_SRWT,57,5301.20,56,0,1,1471.5,1890.7,419.1,2,2,59.2,0.0,177.6,135.0,47.3,59.2
2026-09-20 00:02:52,mfsweep_shard0,SPT_SRWT,57,5301.20,57,0,1,1497.8,1927.6,429.8,2,2,77.6,0.0,129.3,148.7,74.2,77.6
2026-09-20 00:02:52,mfsweep_shard0,SPT_SRWT,57,5301.20,58,0,1,1524.1,2165.0,640.9,2,2,58.9,0.0,352.2,173.6,56.2,58.9
2026-09-20 00:02:52,mfsweep_shard0,SPT_SRWT,57,5301.20,59,0,1,1550.4,2086.5,536.1,2,2,66.1,0.0,153.4,236.8,79.8,66.1
2026-09-20 00:02:52,mfsweep_shard0,SPT_SRWT,57,5301.20,60,0,1,1576.6,2181.4,604.8,2,2,86.2,0.0,244.2,219.3,55.0,86.2
2026-09-20 00:02:52,mfsweep_shard0,SPT_SRWT,57,5301.20,61,0,1,1602.9,1990.4,387.5,2,2,74.7,0.0,201.7,111.1,0.0,74.7
2026-09-20 00:02:52,mfsweep_shard0,SPT_SRWT,57,5301.20,62,0,1,1629.2,2397.2,768.0,2,2,71.9,0.0,478.3,115.1,102.7,71.9
2026-09-20 00:02:52,mfsweep_shard0,SPT_SRWT,57,5301.20,63,0,1,1655.5,2475.4,820.0,2,2,76.1,0.0,450.7,218.9,74.1,76.1
2026-09-20 00:02:52,mfsweep_shard0,SPT_SRWT,57,5301.20,64,0,1,1681.8,2392.4,710.7,2,2,81.4,0.0,300.0,140.0,189.3,81.4
2026-09-20 00:02:52,mfsweep_shard0,SPT_SRWT,57,5301.20,65,0,1,1708.0,2640.3,932.3,2,2,79.2,0.0,259.7,480.2,113.1,79.2
2026-09-20 00:02:52,mfsweep_shard0,SPT_SRWT,57,5301.20,66,0,1,1734.3,2186.3,451.9,2,2,61.1,0.0,215.4,163.0,12.4,61.1
2026-09-20 00:02:52,mfsweep_shard0,SPT_SRWT,57,5301.20,67,0,1,1760.6,2155.9,395.3,2,2,54.6,0.0,145.2,179.0,16.4,54.6
2026-09-20 00:02:52,mfsweep_shard0,SPT_SRWT,57,5301.20,68,0,1,1786.9,2270.0,483.1,2,2,64.0,0.0,274.7,144.4,0.0,64.0
2026-09-20 00:02:52,mfsweep_shard0,SPT_SRWT,57,5301.20,69,0,1,1813.1,2106.4,293.3,2,2,62.4,0.0,104.7,126.2,0.0,62.4
2026-09-20 00:02:52,mfsweep_shard0,SPT_SRWT,57,5301.20,70,0,1,1839.4,2373.8,534.4,2,2,60.5,0.1,137.1,257.4,38.2,101.6
2026-09-20 00:02:52,mfsweep_shard0,SPT_SRWT,57,5301.20,71,0,1,1865.7,2439.9,574.2,2,2,84.7,0.0,327.5,118.2,43.8,84.7
2026-09-20 00:02:52,mfsweep_shard0,SPT_SRWT,57,5301.20,72,0,1,1892.0,2337.9,445.9,2,2,82.5,0.0,131.7,223.2,8.5,82.5
2026-09-20 00:02:52,mfsweep_shard0,SPT_SRWT,57,5301.20,73,0,1,1918.3,2265.5,347.3,2,2,63.9,0.0,80.3,180.7,22.3,63.9
2026-09-20 00:02:52,mfsweep_shard0,SPT_SRWT,57,5301.20,74,0,1,1944.5,2518.9,574.3,2,2,75.2,0.0,232.4,215.2,51.6,75.2
2026-09-20 00:02:52,mfsweep_shard0,SPT_SRWT,57,5301.20,75,0,1,1970.8,2462.8,492.0,2,2,66.6,0.0,184.5,174.8,66.0,66.6
2026-09-20 00:02:52,mfsweep_shard0,SPT_SRWT,57,5301.20,76,0,1,1997.1,2571.5,574.4,2,2,83.7,0.0,239.2,192.2,59.3,83.7
2026-09-20 00:02:52,mfsweep_shard0,SPT_SRWT,57,5301.20,77,0,1,2023.4,2670.4,647.1,2,2,68.7,0.0,284.0,251.3,3.2,108.5
2026-09-20 00:02:52,mfsweep_shard0,SPT_SRWT,57,5301.20,78,0,1,2049.6,2576.0,526.3,2,2,62.3,0.0,246.3,180.5,37.2,62.3
2026-09-20 00:02:52,mfsweep_shard0,SPT_SRWT,57,5301.20,79,0,1,2075.9,2580.8,504.8,2,2,61.7,0.0,221.1,162.6,59.5,61.7
2026-09-20 00:02:52,mfsweep_shard0,SPT_SRWT,57,5301.20,80,0,1,2102.2,2812.1,709.9,2,2,72.1,0.1,228.1,231.0,178.7,72.1
2026-09-20 00:02:52,mfsweep_shard0,SPT_SRWT,57,5301.20,81,0,1,2128.5,2648.0,519.5,2,2,62.2,0.0,138.5,217.4,101.4,62.2
2026-09-20 00:02:52,mfsweep_shard0,SPT_SRWT,57,5301.20,82,0,1,2154.7,2760.3,605.5,2,2,72.8,0.0,343.9,170.6,18.2,72.8
2026-09-20 00:02:52,mfsweep_shard0,SPT_SRWT,57,5301.20,83,0,1,2181.0,2850.4,669.4,2,2,83.2,0.0,357.9,149.8,78.6,83.2
2026-09-20 00:02:52,mfsweep_shard0,SPT_SRWT,57,5301.20,84,0,1,2207.3,2684.3,477.0,2,2,66.7,0.0,266.7,143.5,0.0,66.7
2026-09-20 00:02:52,mfsweep_shard0,SPT_SRWT,57,5301.20,85,0,1,2233.6,3211.1,977.5,2,2,60.8,0.0,500.7,235.3,115.0,126.5
2026-09-20 00:02:52,mfsweep_shard0,SPT_SRWT,57,5301.20,86,0,1,2259.9,2692.9,433.0,2,2,86.5,0.0,125.8,124.3,96.5,86.5
2026-09-20 00:02:52,mfsweep_shard0,SPT_SRWT,57,5301.20,87,0,1,2286.1,2884.6,598.5,2,2,70.4,0.0,320.4,203.5,4.3,70.4
2026-09-20 00:02:52,mfsweep_shard0,SPT_SRWT,57,5301.20,88,0,1,2312.4,3010.7,698.2,2,2,56.5,0.0,473.2,168.5,0.0,56.5
2026-09-20 00:02:52,mfsweep_shard0,SPT_SRWT,57,5301.20,89,0,1,2338.7,2742.7,404.0,2,2,55.1,0.0,151.3,150.4,47.2,55.1
2026-09-20 00:02:52,mfsweep_shard0,SPT_SRWT,57,5301.20,90,0,1,2365.0,3157.6,792.7,2,2,57.2,0.1,548.7,185.6,1.1,57.2
2026-09-20 00:02:52,mfsweep_shard0,SPT_SRWT,57,5301.20,91,0,1,2391.2,3060.2,669.0,2,2,74.3,0.0,287.5,303.3,3.9,74.3
2026-09-20 00:02:52,mfsweep_shard0,SPT_SRWT,57,5301.20,92,0,1,2417.5,3019.3,601.8,2,2,79.7,0.0,291.5,202.7,27.9,79.7
2026-09-20 00:02:52,mfsweep_shard0,SPT_SRWT,57,5301.20,93,0,1,2443.8,2866.8,423.0,2,2,67.5,0.0,169.5,159.3,26.7,67.5
2026-09-20 00:02:52,mfsweep_shard0,SPT_SRWT,57,5301.20,94,0,1,2470.1,2781.6,311.5,2,2,55.6,0.0,78.9,176.9,0.0,55.6
2026-09-20 00:02:52,mfsweep_shard0,SPT_SRWT,57,5301.20,95,0,1,2496.4,2945.8,449.5,2,2,66.1,0.0,189.0,165.9,28.4,66.1
2026-09-20 00:02:52,mfsweep_shard0,SPT_SRWT,57,5301.20,96,0,1,2522.6,3162.4,639.7,2,2,86.4,0.0,260.7,292.6,0.0,86.4
2026-09-20 00:02:52,mfsweep_shard0,SPT_SRWT,57,5301.20,97,0,1,2548.9,3452.2,903.3,2,2,71.0,0.0,405.6,278.0,94.2,125.4
2026-09-20 00:02:52,mfsweep_shard0,SPT_SRWT,57,5301.20,98,0,1,2575.2,3037.6,462.4,2,2,85.6,0.1,222.7,147.8,6.2,85.6
2026-09-20 00:02:52,mfsweep_shard0,SPT_SRWT,57,5301.20,99,0,1,2601.5,3091.4,489.9,2,2,82.0,0.0,194.1,213.8,0.0,82.0
2026-09-20 00:02:52,mfsweep_shard0,SPT_SRWT,57,5301.20,100,0,1,2627.7,3171.0,543.3,2,2,53.9,0.0,289.4,158.5,41.5,53.9
2026-09-20 00:02:52,mfsweep_shard0,SPT_SRWT,57,5301.20,101,0,1,2654.0,3507.2,853.2,2,2,77.3,0.0,190.0,271.1,303.4,88.6
2026-09-20 00:02:52,mfsweep_shard0,SPT_SRWT,57,5301.20,102,0,1,2680.3,5164.2,2483.9,2,2,76.0,0.1,575.6,1383.1,449.1,76.0
2026-09-20 00:02:52,mfsweep_shard0,SPT_SRWT,57,5301.20,103,0,1,2706.6,3153.3,446.7,2,2,71.3,0.1,226.9,112.9,35.6,71.3
2026-09-20 00:02:52,mfsweep_shard0,SPT_SRWT,57,5301.20,104,0,1,2732.9,3197.0,464.1,2,2,62.4,0.1,152.8,153.1,95.8,62.4
2026-09-20 00:02:52,mfsweep_shard0,SPT_SRWT,57,5301.20,105,0,1,2759.1,3368.9,609.8,2,2,74.7,0.0,148.5,143.7,242.9,74.7
2026-09-20 00:02:52,mfsweep_shard0,SPT_SRWT,57,5301.20,106,0,1,2785.4,3540.0,754.6,2,2,57.2,0.0,539.0,125.0,33.3,57.2
2026-09-20 00:02:52,mfsweep_shard0,SPT_SRWT,57,5301.20,107,0,1,2811.7,3405.7,594.1,2,2,67.9,0.0,326.9,150.1,49.2,67.9
2026-09-20 00:02:52,mfsweep_shard0,SPT_SRWT,57,5301.20,108,0,1,2838.0,3285.0,447.0,2,2,68.5,0.0,158.6,191.9,27.9,68.5
2026-09-20 00:02:52,mfsweep_shard0,SPT_SRWT,57,5301.20,109,0,1,2864.2,5018.0,2153.8,2,2,85.0,0.1,914.3,1022.8,131.5,85.0
2026-09-20 00:02:52,mfsweep_shard0,SPT_SRWT,57,5301.20,110,0,1,2890.5,5204.3,2313.8,2,2,82.4,0.0,668.6,1396.0,166.8,82.4
2026-09-20 00:02:52,mfsweep_shard0,SPT_SRWT,57,5301.20,111,0,1,2916.8,3275.8,359.0,2,2,62.2,0.0,121.0,170.1,5.7,62.2
2026-09-20 00:02:52,mfsweep_shard0,SPT_SRWT,57,5301.20,112,0,1,2943.1,5026.7,2083.6,2,2,70.1,0.0,966.7,1046.9,0.0,70.1
2026-09-20 00:02:52,mfsweep_shard0,SPT_SRWT,57,5301.20,113,0,1,2969.3,3488.9,519.6,2,2,59.4,0.1,285.0,166.0,9.0,59.4
2026-09-20 00:02:52,mfsweep_shard0,SPT_SRWT,57,5301.20,114,0,1,2995.6,3462.6,467.0,2,2,83.7,0.0,239.1,144.2,0.0,83.7
2026-09-20 00:02:52,mfsweep_shard0,SPT_SRWT,57,5301.20,115,0,1,3021.9,4357.1,1335.2,2,2,82.3,0.0,396.7,843.8,12.3,82.3
2026-09-20 00:02:52,mfsweep_shard0,SPT_SRWT,57,5301.20,116,0,1,3048.2,3531.1,482.9,2,2,63.4,0.0,283.1,134.8,1.6,63.4
2026-09-20 00:02:52,mfsweep_shard0,SPT_SRWT,57,5301.20,117,0,1,3074.5,3479.7,405.2,2,2,74.6,0.0,199.1,108.5,23.0,74.6
2026-09-20 00:02:52,mfsweep_shard0,SPT_SRWT,57,5301.20,118,0,1,3100.7,5132.8,2032.0,2,2,73.6,0.1,1496.9,294.8,137.4,102.8
2026-09-20 00:02:52,mfsweep_shard0,SPT_SRWT,57,5301.20,119,0,1,3127.0,5168.9,2041.9,2,2,58.6,0.0,1002.6,958.6,22.1,58.6
2026-09-20 00:02:52,mfsweep_shard0,SPT_SRWT,57,5301.20,120,0,1,3153.3,4844.0,1690.7,2,2,78.7,0.0,631.8,980.2,0.0,78.7
2026-09-20 00:02:52,mfsweep_shard0,SPT_SRWT,57,5301.20,121,0,1,3179.6,4795.1,1615.5,2,2,71.3,0.1,846.0,680.7,17.5,71.3
2026-09-20 00:02:52,mfsweep_shard0,SPT_SRWT,57,5301.20,122,0,1,3205.8,5069.9,1864.1,2,2,79.2,0.1,490.6,1286.4,6.1,80.9
2026-09-20 00:02:52,mfsweep_shard0,SPT_SRWT,57,5301.20,123,0,1,3232.1,5105.0,1872.9,2,2,71.0,0.1,1255.9,533.3,12.6,71.0
2026-09-20 00:02:52,mfsweep_shard0,SPT_SRWT,57,5301.20,124,0,1,3258.4,5236.6,1978.2,2,2,53.6,0.1,861.0,1002.9,50.8,63.4
2026-09-20 00:02:52,mfsweep_shard0,SPT_SRWT,57,5301.20,125,0,1,3284.7,5218.0,1933.3,2,2,64.2,0.0,263.3,1604.2,1.5,64.2
2026-09-20 00:02:52,mfsweep_shard0,SPT_SRWT,57,5301.20,126,0,1,3311.0,5109.7,1798.8,2,2,54.2,0.0,428.6,1271.2,44.7,54.2
2026-09-20 00:02:52,mfsweep_shard0,SPT_SRWT,57,5301.20,127,0,1,3337.2,5096.2,1759.0,2,2,84.2,0.0,975.4,699.4,0.0,84.2
2026-09-20 00:02:52,mfsweep_shard0,SPT_SRWT,57,5301.20,128,0,1,3363.5,5291.9,1928.4,2,2,82.5,0.0,760.6,1085.2,0.0,82.5
2026-09-20 00:02:52,mfsweep_shard0,SPT_SRWT,57,5301.20,129,0,1,3389.8,5146.1,1756.4,2,2,81.0,0.0,591.5,1083.8,0.0,81.0
2026-09-20 00:02:52,mfsweep_shard0,SPT_SRWT,57,5301.20,130,0,1,3416.1,5137.5,1721.4,2,2,63.7,0.0,536.9,1120.8,0.0,63.7
2026-09-20 00:02:52,mfsweep_shard0,SPT_SRWT,57,5301.20,131,0,1,3442.3,5128.0,1685.7,2,2,55.5,0.0,869.5,742.3,18.4,55.5
2026-09-20 00:02:52,mfsweep_shard0,SPT_SRWT,57,5301.20,132,0,1,3468.6,4295.7,827.1,2,2,82.5,0.0,21.5,723.1,0.0,82.5
2026-09-20 00:02:52,mfsweep_shard0,SPT_SRWT,57,5301.20,133,0,1,3494.9,5155.6,1660.7,2,2,84.8,0.0,596.5,979.4,0.0,84.8
2026-09-20 00:02:52,mfsweep_shard0,SPT_SRWT,57,5301.20,134,0,1,3521.2,5301.2,1780.0,2,2,56.4,0.0,600.5,1123.1,0.0,56.4
2026-09-20 00:02:52,mfsweep_shard0,SPT_SRWT,57,5301.20,135,0,1,3547.5,4950.1,1402.6,2,2,69.6,0.0,69.0,1264.0,0.0,69.6
2026-09-20 00:02:52,mfsweep_shard0,SPT_SRWT,57,5301.20,136,0,1,3573.7,5273.4,1699.7,2,2,55.8,0.0,505.1,1118.2,20.5,55.8
2026-09-20 00:05:36,mfsweep_shard0,SPT_SRWT,58,4342.00,0,0,1,0.0,209.6,209.6,2,2,74.6,0.0,59.0,75.9,0.0,74.6
2026-09-20 00:05:36,mfsweep_shard0,SPT_SRWT,58,4342.00,1,0,1,26.3,266.9,240.6,2,2,54.4,0.0,86.0,100.2,0.0,54.4
2026-09-20 00:05:36,mfsweep_shard0,SPT_SRWT,58,4342.00,2,0,1,52.6,404.9,352.3,2,2,62.6,0.0,98.0,103.8,52.5,97.9
2026-09-20 00:05:36,mfsweep_shard0,SPT_SRWT,58,4342.00,3,0,1,78.8,379.2,300.4,2,2,60.9,0.0,54.9,126.5,58.1,60.9
2026-09-20 00:05:36,mfsweep_shard0,SPT_SRWT,58,4342.00,4,0,1,105.1,319.9,214.8,2,2,77.8,0.0,65.9,71.0,0.0,77.8
2026-09-20 00:05:36,mfsweep_shard0,SPT_SRWT,58,4342.00,5,0,1,131.4,360.8,229.4,2,2,75.9,0.0,74.9,78.6,0.0,75.9
2026-09-20 00:05:36,mfsweep_shard0,SPT_SRWT,58,4342.00,6,0,1,157.7,467.2,309.5,2,2,83.0,0.0,104.5,87.4,34.6,83.0
2026-09-20 00:05:36,mfsweep_shard0,SPT_SRWT,58,4342.00,7,0,1,183.9,520.8,336.8,2,2,56.4,0.0,112.3,159.0,0.0,65.5
2026-09-20 00:05:36,mfsweep_shard0,SPT_SRWT,58,4342.00,8,0,1,210.2,428.0,217.8,2,2,67.5,0.0,72.4,77.9,0.0,67.5
2026-09-20 00:05:36,mfsweep_shard0,SPT_SRWT,58,4342.00,9,0,1,236.5,442.8,206.3,2,2,54.5,0.0,77.7,72.3,1.7,54.5
2026-09-20 00:05:36,mfsweep_shard0,SPT_SRWT,58,4342.00,10,0,1,262.8,525.7,262.9,2,2,60.8,0.0,113.7,88.4,0.0,60.8
2026-09-20 00:05:36,mfsweep_shard0,SPT_SRWT,58,4342.00,11,0,1,289.1,511.6,222.5,2,2,70.2,0.0,74.4,77.8,0.0,70.2
2026-09-20 00:05:36,mfsweep_shard0,SPT_SRWT,58,4342.00,12,0,1,315.3,577.3,261.9,2,2,54.4,0.0,79.7,127.8,0.0,54.4
2026-09-20 00:05:36,mfsweep_shard0,SPT_SRWT,58,4342.00,13,0,1,341.6,603.7,262.1,2,2,60.1,0.0,105.6,96.3,0.0,60.1
2026-09-20 00:05:36,mfsweep_shard0,SPT_SRWT,58,4342.00,14,0,1,367.9,599.4,231.5,2,2,75.0,0.0,78.4,78.1,0.0,75.0
2026-09-20 00:05:36,mfsweep_shard0,SPT_SRWT,58,4342.00,15,0,1,394.2,678.8,284.6,2,2,71.5,0.0,68.0,145.1,0.0,71.5
2026-09-20 00:05:36,mfsweep_shard0,SPT_SRWT,58,4342.00,16,0,1,420.4,649.8,229.4,2,2,60.8,0.0,79.1,89.4,0.0,60.8
2026-09-20 00:05:36,mfsweep_shard0,SPT_SRWT,58,4342.00,17,0,1,446.7,769.1,322.4,2,2,73.0,0.0,94.0,155.3,0.0,73.0
2026-09-20 00:05:36,mfsweep_shard0,SPT_SRWT,58,4342.00,18,0,1,473.0,791.7,318.7,2,2,80.3,0.0,72.2,166.3,0.0,80.3
2026-09-20 00:05:36,mfsweep_shard0,SPT_SRWT,58,4342.00,19,0,1,499.3,746.3,247.0,2,2,53.8,0.0,104.0,89.2,0.0,53.8
2026-09-20 00:05:36,mfsweep_shard0,SPT_SRWT,58,4342.00,20,0,1,525.6,860.1,334.6,2,2,80.1,0.0,146.2,108.2,0.0,80.1
2026-09-20 00:05:36,mfsweep_shard0,SPT_SRWT,58,4342.00,21,0,1,551.8,820.7,268.9,2,2,76.6,0.0,88.4,101.5,2.4,76.6
2026-09-20 00:05:36,mfsweep_shard0,SPT_SRWT,58,4342.00,22,0,1,578.1,916.0,337.9,2,2,64.8,0.0,149.8,122.9,0.0,65.2
2026-09-20 00:05:36,mfsweep_shard0,SPT_SRWT,58,4342.00,23,0,1,604.4,889.2,284.8,2,2,58.7,0.0,61.0,165.1,0.0,58.7
2026-09-20 00:05:36,mfsweep_shard0,SPT_SRWT,58,4342.00,24,0,1,630.7,920.4,289.7,2,2,85.1,0.0,90.9,113.6,0.0,85.1
2026-09-20 00:05:36,mfsweep_shard0,SPT_SRWT,58,4342.00,25,0,1,656.9,964.1,307.1,2,2,64.7,0.0,56.3,178.7,7.4,64.7
2026-09-20 00:05:36,mfsweep_shard0,SPT_SRWT,58,4342.00,26,0,1,683.2,995.2,312.0,2,2,56.6,0.0,138.9,95.7,20.7,56.6
2026-09-20 00:05:36,mfsweep_shard0,SPT_SRWT,58,4342.00,27,0,1,709.5,982.0,272.5,2,2,56.7,0.0,130.3,85.4,0.0,56.7
2026-09-20 00:05:36,mfsweep_shard0,SPT_SRWT,58,4342.00,28,0,1,735.8,1034.0,298.3,2,2,81.5,0.0,90.6,96.9,29.3,81.5
2026-09-20 00:05:36,mfsweep_shard0,SPT_SRWT,58,4342.00,29,0,1,762.0,1071.2,309.2,2,2,73.5,0.0,119.5,116.2,0.0,73.5
2026-09-20 00:05:36,mfsweep_shard0,SPT_SRWT,58,4342.00,30,0,1,788.3,1057.9,269.6,2,2,80.2,0.0,87.2,102.2,0.0,80.2
2026-09-20 00:05:36,mfsweep_shard0,SPT_SRWT,58,4342.00,31,0,1,814.6,1109.7,295.1,2,2,77.6,0.0,117.1,96.1,4.3,77.6
2026-09-20 00:05:36,mfsweep_shard0,SPT_SRWT,58,4342.00,32,0,1,840.9,1125.4,284.5,2,2,71.2,0.0,93.6,100.9,18.8,71.2
2026-09-20 00:05:36,mfsweep_shard0,SPT_SRWT,58,4342.00,33,0,1,867.2,1116.2,249.0,2,2,85.7,0.0,56.3,85.8,21.2,85.7
2026-09-20 00:05:36,mfsweep_shard0,SPT_SRWT,58,4342.00,34,0,1,893.4,1151.9,258.4,2,2,66.0,0.0,83.6,108.3,0.5,66.0
2026-09-20 00:05:36,mfsweep_shard0,SPT_SRWT,58,4342.00,35,0,1,919.7,1207.5,287.7,2,2,71.8,0.0,89.6,126.4,0.0,71.8
2026-09-20 00:05:36,mfsweep_shard0,SPT_SRWT,58,4342.00,36,0,1,946.0,1181.5,235.5,2,2,80.9,0.0,51.0,91.5,12.1,80.9
2026-09-20 00:05:36,mfsweep_shard0,SPT_SRWT,58,4342.00,37,0,1,972.3,1252.0,279.8,2,2,74.0,0.0,112.0,93.7,0.0,74.0
2026-09-20 00:05:36,mfsweep_shard0,SPT_SRWT,58,4342.00,38,0,1,998.5,1265.2,266.7,2,2,82.0,0.0,93.1,91.5,0.0,82.0
2026-09-20 00:05:36,mfsweep_shard0,SPT_SRWT,58,4342.00,39,0,1,1024.8,1493.1,468.2,2,2,72.6,0.0,120.6,240.0,25.0,82.6
2026-09-20 00:05:36,mfsweep_shard0,SPT_SRWT,58,4342.00,40,0,1,1051.1,1514.3,463.2,2,2,76.8,0.0,159.4,172.4,15.0,116.4
2026-09-20 00:05:36,mfsweep_shard0,SPT_SRWT,58,4342.00,41,0,1,1077.4,1360.0,282.6,2,2,55.1,0.0,110.8,116.8,0.0,55.1
2026-09-20 00:05:36,mfsweep_shard0,SPT_SRWT,58,4342.00,42,0,1,1103.7,1399.3,295.7,2,2,61.1,0.0,58.6,176.0,0.0,61.1
2026-09-20 00:05:36,mfsweep_shard0,SPT_SRWT,58,4342.00,43,0,1,1129.9,1422.0,292.1,2,2,63.1,0.0,113.5,115.5,0.0,63.1
2026-09-20 00:05:36,mfsweep_shard0,SPT_SRWT,58,4342.00,44,0,1,1156.2,1476.3,320.1,2,2,56.2,0.0,87.8,143.1,33.0,56.2
2026-09-20 00:05:36,mfsweep_shard0,SPT_SRWT,58,4342.00,45,0,1,1182.5,1708.9,526.4,2,2,61.2,0.0,171.7,169.0,80.2,105.5
2026-09-20 00:05:36,mfsweep_shard0,SPT_SRWT,58,4342.00,46,0,1,1208.8,1507.3,298.5,2,2,56.9,0.0,143.0,98.6,0.0,56.9
2026-09-20 00:05:36,mfsweep_shard0,SPT_SRWT,58,4342.00,47,0,1,1235.0,1611.2,376.2,2,2,62.7,0.0,82.3,204.0,27.1,62.7
2026-09-20 00:05:36,mfsweep_shard0,SPT_SRWT,58,4342.00,48,0,1,1261.3,1556.9,295.5,2,2,74.5,0.0,99.8,121.2,0.0,74.5
2026-09-20 00:05:36,mfsweep_shard0,SPT_SRWT,58,4342.00,49,0,1,1287.6,1642.0,354.4,2,2,65.6,0.0,145.4,143.4,0.0,65.6
2026-09-20 00:05:36,mfsweep_shard0,SPT_SRWT,58,4342.00,50,0,1,1313.9,1681.2,367.3,2,2,65.8,0.0,118.5,175.9,7.2,65.8
2026-09-20 00:05:36,mfsweep_shard0,SPT_SRWT,58,4342.00,51,0,1,1340.2,1674.3,334.1,2,2,60.5,0.0,151.5,113.3,8.8,60.5
2026-09-20 00:05:36,mfsweep_shard0,SPT_SRWT,58,4342.00,52,0,1,1366.4,1758.5,392.1,2,2,62.4,0.0,149.7,95.6,84.4,62.4
2026-09-20 00:05:36,mfsweep_shard0,SPT_SRWT,58,4342.00,53,0,1,1392.7,1733.1,340.4,2,2,84.5,0.0,109.9,145.9,0.0,84.5
2026-09-20 00:05:36,mfsweep_shard0,SPT_SRWT,58,4342.00,54,0,1,1419.0,1839.3,420.3,2,2,74.9,0.0,175.0,142.2,28.1,74.9
2026-09-20 00:05:36,mfsweep_shard0,SPT_SRWT,58,4342.00,55,0,1,1445.3,1792.8,347.5,2,2,73.6,0.0,158.9,114.9,0.0,73.6
2026-09-20 00:05:36,mfsweep_shard0,SPT_SRWT,58,4342.00,56,0,1,1471.5,1807.0,335.4,2,2,59.2,0.0,141.7,134.5,0.0,59.2
2026-09-20 00:05:36,mfsweep_shard0,SPT_SRWT,58,4342.00,57,0,1,1497.8,1834.4,336.6,2,2,77.6,0.0,74.9,184.1,0.0,77.6
2026-09-20 00:05:36,mfsweep_shard0,SPT_SRWT,58,4342.00,58,0,1,1524.1,1876.3,352.2,2,2,58.9,0.0,133.8,124.4,35.1,58.9
2026-09-20 00:05:36,mfsweep_shard0,SPT_SRWT,58,4342.00,59,0,1,1550.4,1893.5,343.2,2,2,66.1,0.0,143.3,131.8,2.0,66.1
2026-09-20 00:05:36,mfsweep_shard0,SPT_SRWT,58,4342.00,60,0,1,1576.6,2125.0,548.3,2,2,86.2,0.0,157.7,200.3,40.8,149.5
2026-09-20 00:05:36,mfsweep_shard0,SPT_SRWT,58,4342.00,61,0,1,1602.9,1933.7,330.8,2,2,74.7,0.0,125.7,125.6,4.9,74.7
2026-09-20 00:05:36,mfsweep_shard0,SPT_SRWT,58,4342.00,62,0,1,1629.2,2008.6,379.4,2,2,71.9,0.0,95.8,197.2,14.5,71.9
2026-09-20 00:05:36,mfsweep_shard0,SPT_SRWT,58,4342.00,63,0,1,1655.5,1963.6,308.1,2,2,76.1,0.0,105.3,126.7,0.0,76.1
2026-09-20 00:05:36,mfsweep_shard0,SPT_SRWT,58,4342.00,64,0,1,1681.8,2054.2,372.4,2,2,81.4,0.0,136.1,155.0,0.0,81.4
2026-09-20 00:05:36,mfsweep_shard0,SPT_SRWT,58,4342.00,65,0,1,1708.0,2107.9,399.9,2,2,79.2,0.0,196.9,123.8,0.0,79.2
2026-09-20 00:05:36,mfsweep_shard0,SPT_SRWT,58,4342.00,66,0,1,1734.3,2049.7,315.4,2,2,61.1,0.0,126.8,127.5,0.0,61.1
2026-09-20 00:05:36,mfsweep_shard0,SPT_SRWT,58,4342.00,67,0,1,1760.6,2187.8,427.3,2,2,54.6,0.0,137.3,182.9,52.5,54.6
2026-09-20 00:05:36,mfsweep_shard0,SPT_SRWT,58,4342.00,68,0,1,1786.9,2134.3,347.4,2,2,64.0,0.0,135.9,147.6,0.0,64.0
2026-09-20 00:05:36,mfsweep_shard0,SPT_SRWT,58,4342.00,69,0,1,1813.1,2201.7,388.6,2,2,62.4,0.0,157.6,143.4,25.2,62.4
2026-09-20 00:05:36,mfsweep_shard0,SPT_SRWT,58,4342.00,70,0,1,1839.4,2239.2,399.8,2,2,60.5,0.0,166.7,140.6,32.0,60.5
2026-09-20 00:05:36,mfsweep_shard0,SPT_SRWT,58,4342.00,71,0,1,1865.7,2356.6,490.9,2,2,84.7,0.0,174.6,231.6,0.0,84.7
2026-09-20 00:05:36,mfsweep_shard0,SPT_SRWT,58,4342.00,72,0,1,1892.0,2280.6,388.6,2,2,82.5,0.0,174.1,132.1,0.0,82.5
2026-09-20 00:05:36,mfsweep_shard0,SPT_SRWT,58,4342.00,73,0,1,1918.3,2206.6,288.3,2,2,63.9,0.0,114.1,110.3,0.0,63.9
2026-09-20 00:05:36,mfsweep_shard0,SPT_SRWT,58,4342.00,74,0,1,1944.5,2276.0,331.5,2,2,75.2,0.0,140.2,116.0,0.0,75.2
2026-09-20 00:05:36,mfsweep_shard0,SPT_SRWT,58,4342.00,75,0,1,1970.8,2328.9,358.1,2,2,66.6,0.0,148.2,111.8,31.4,66.6
2026-09-20 00:05:36,mfsweep_shard0,SPT_SRWT,58,4342.00,76,0,1,1997.1,2437.9,440.9,2,2,83.7,0.0,185.6,171.5,0.0,83.7
2026-09-20 00:05:36,mfsweep_shard0,SPT_SRWT,58,4342.00,77,0,1,2023.4,2425.4,402.1,2,2,68.7,0.0,169.0,164.3,0.0,68.7
2026-09-20 00:05:36,mfsweep_shard0,SPT_SRWT,58,4342.00,78,0,1,2049.6,2352.2,302.5,2,2,62.3,0.0,95.2,125.6,19.4,62.3
2026-09-20 00:05:36,mfsweep_shard0,SPT_SRWT,58,4342.00,79,0,1,2075.9,2442.8,366.9,2,2,61.7,0.0,155.6,149.6,0.0,61.7
2026-09-20 00:05:36,mfsweep_shard0,SPT_SRWT,58,4342.00,80,0,1,2102.2,2499.4,397.2,2,2,72.1,0.0,178.0,144.0,3.1,72.1
2026-09-20 00:05:36,mfsweep_shard0,SPT_SRWT,58,4342.00,81,0,1,2128.5,2542.0,413.5,2,2,62.2,0.0,170.4,180.9,0.0,62.2
2026-09-20 00:05:36,mfsweep_shard0,SPT_SRWT,58,4342.00,82,0,1,2154.7,2747.4,592.7,2,2,72.8,0.0,237.4,209.6,29.5,116.1
2026-09-20 00:05:36,mfsweep_shard0,SPT_SRWT,58,4342.00,83,0,1,2181.0,2528.0,347.0,2,2,83.2,0.0,124.5,138.1,1.2,83.2
2026-09-20 00:05:36,mfsweep_shard0,SPT_SRWT,58,4342.00,84,0,1,2207.3,2554.5,347.2,2,2,66.7,0.0,138.2,139.6,2.6,66.7
2026-09-20 00:05:36,mfsweep_shard0,SPT_SRWT,58,4342.00,85,0,1,2233.6,2622.6,389.1,2,2,60.8,0.0,176.9,151.3,0.0,60.8
2026-09-20 00:05:36,mfsweep_shard0,SPT_SRWT,58,4342.00,86,0,1,2259.9,2641.4,381.5,2,2,86.5,0.0,127.3,135.8,32.0,86.5
2026-09-20 00:05:36,mfsweep_shard0,SPT_SRWT,58,4342.00,87,0,1,2286.1,2698.7,412.5,2,2,70.4,0.0,170.1,142.0,30.1,70.4
2026-09-20 00:05:36,mfsweep_shard0,SPT_SRWT,58,4342.00,88,0,1,2312.4,2575.1,262.6,2,2,56.5,0.0,97.7,108.4,0.0,56.5
2026-09-20 00:05:36,mfsweep_shard0,SPT_SRWT,58,4342.00,89,0,1,2338.7,2711.6,372.9,2,2,55.1,0.0,171.8,139.4,6.5,55.1
2026-09-20 00:05:36,mfsweep_shard0,SPT_SRWT,58,4342.00,90,0,1,2365.0,2752.3,387.3,2,2,57.2,0.0,134.1,161.3,34.8,57.2
2026-09-20 00:05:36,mfsweep_shard0,SPT_SRWT,58,4342.00,91,0,1,2391.2,2824.7,433.4,2,2,74.3,0.0,162.8,147.2,49.2,74.3
2026-09-20 00:05:36,mfsweep_shard0,SPT_SRWT,58,4342.00,92,0,1,2417.5,2846.3,428.8,2,2,79.7,0.0,87.9,239.8,21.3,79.7
2026-09-20 00:05:36,mfsweep_shard0,SPT_SRWT,58,4342.00,93,0,1,2443.8,2895.0,451.2,2,2,67.5,0.0,129.1,223.1,31.5,67.5
2026-09-20 00:05:36,mfsweep_shard0,SPT_SRWT,58,4342.00,94,0,1,2470.1,2903.6,433.5,2,2,55.6,0.0,223.2,154.6,0.0,55.6
2026-09-20 00:05:36,mfsweep_shard0,SPT_SRWT,58,4342.00,95,0,1,2496.4,2829.4,333.0,2,2,66.1,0.0,143.6,123.3,0.0,66.1
2026-09-20 00:05:36,mfsweep_shard0,SPT_SRWT,58,4342.00,96,0,1,2522.6,2989.7,467.0,2,2,86.4,0.0,181.8,168.9,29.9,86.4
2026-09-20 00:05:36,mfsweep_shard0,SPT_SRWT,58,4342.00,97,0,1,2548.9,2980.5,431.6,2,2,71.0,0.0,164.9,182.5,13.2,71.0
2026-09-20 00:05:36,mfsweep_shard0,SPT_SRWT,58,4342.00,98,0,1,2575.2,2976.0,400.9,2,2,85.6,0.0,92.1,216.7,6.4,85.6
2026-09-20 00:05:36,mfsweep_shard0,SPT_SRWT,58,4342.00,99,0,1,2601.5,3085.6,484.1,2,2,82.0,0.0,229.5,172.6,0.0,82.0
2026-09-20 00:05:36,mfsweep_shard0,SPT_SRWT,58,4342.00,100,0,1,2627.7,2890.7,262.9,2,2,53.9,0.0,98.7,110.3,0.0,53.9
2026-09-20 00:05:36,mfsweep_shard0,SPT_SRWT,58,4342.00,101,0,1,2654.0,3103.3,449.3,2,2,77.3,0.0,211.5,154.1,6.4,77.3
2026-09-20 00:05:36,mfsweep_shard0,SPT_SRWT,58,4342.00,102,0,1,2680.3,3220.8,540.5,2,2,76.0,0.0,183.8,236.0,44.7,76.0
2026-09-20 00:05:36,mfsweep_shard0,SPT_SRWT,58,4342.00,103,0,1,2706.6,3076.2,369.6,2,2,71.3,0.0,162.3,118.3,17.8,71.3
2026-09-20 00:05:36,mfsweep_shard0,SPT_SRWT,58,4342.00,104,0,1,2732.9,3111.9,379.1,2,2,62.4,0.0,124.1,133.4,59.2,62.4
2026-09-20 00:05:36,mfsweep_shard0,SPT_SRWT,58,4342.00,105,0,1,2759.1,4078.1,1319.0,2,2,74.7,3.4,568.4,380.7,204.3,162.2
2026-09-20 00:05:36,mfsweep_shard0,SPT_SRWT,58,4342.00,106,0,1,2785.4,3121.3,335.9,2,2,57.2,0.0,149.1,129.5,0.0,57.2
2026-09-20 00:05:36,mfsweep_shard0,SPT_SRWT,58,4342.00,107,0,1,2811.7,3233.3,421.6,2,2,67.9,0.0,183.9,169.8,0.0,67.9
2026-09-20 00:05:36,mfsweep_shard0,SPT_SRWT,58,4342.00,108,0,1,2838.0,3185.9,347.9,2,2,68.5,0.0,152.6,125.2,1.5,68.5
2026-09-20 00:05:36,mfsweep_shard0,SPT_SRWT,58,4342.00,109,0,1,2864.2,3322.4,458.1,2,2,85.0,0.0,114.6,258.5,0.0,85.0
2026-09-20 00:05:36,mfsweep_shard0,SPT_SRWT,58,4342.00,110,0,1,2890.5,3286.1,395.5,2,2,82.4,0.0,158.0,154.6,0.5,82.4
2026-09-20 00:05:36,mfsweep_shard0,SPT_SRWT,58,4342.00,111,0,1,2916.8,3354.0,437.2,2,2,62.2,0.0,185.5,184.6,4.8,62.2
2026-09-20 00:05:36,mfsweep_shard0,SPT_SRWT,58,4342.00,112,0,1,2943.1,3396.5,453.4,2,2,70.1,0.0,176.6,168.5,38.2,70.1
2026-09-20 00:05:36,mfsweep_shard0,SPT_SRWT,58,4342.00,113,0,1,2969.3,4042.4,1073.1,2,2,59.4,3.5,333.7,613.6,62.9,59.4
2026-09-20 00:05:36,mfsweep_shard0,SPT_SRWT,58,4342.00,114,0,1,2995.6,3439.2,443.6,2,2,83.7,0.0,162.7,197.2,0.0,83.7
2026-09-20 00:05:36,mfsweep_shard0,SPT_SRWT,58,4342.00,115,0,1,3021.9,4068.9,1047.0,2,2,82.3,3.5,518.7,409.4,1.4,114.0
2026-09-20 00:05:36,mfsweep_shard0,SPT_SRWT,58,4342.00,116,0,1,3048.2,3963.6,915.4,2,2,63.4,3.5,355.6,442.0,49.8,64.5
2026-09-20 00:05:36,mfsweep_shard0,SPT_SRWT,58,4342.00,117,0,1,3074.5,4135.6,1061.1,2,2,74.6,3.5,500.4,473.9,8.7,74.6
2026-09-20 00:05:36,mfsweep_shard0,SPT_SRWT,58,4342.00,118,0,1,3100.7,4149.4,1048.7,2,2,73.6,3.5,438.9,490.7,41.9,73.6
2026-09-20 00:05:36,mfsweep_shard0,SPT_SRWT,58,4342.00,119,0,1,3127.0,4216.4,1089.4,2,2,58.6,3.5,448.3,527.2,51.7,58.6
2026-09-20 00:05:36,mfsweep_shard0,SPT_SRWT,58,4342.00,120,0,1,3153.3,4082.8,929.5,2,2,78.7,3.6,214.9,524.4,107.9,78.7
2026-09-20 00:05:36,mfsweep_shard0,SPT_SRWT,58,4342.00,121,0,1,3179.6,3923.2,743.7,2,2,71.3,0.0,114.2,558.1,0.0,71.3
2026-09-20 00:05:36,mfsweep_shard0,SPT_SRWT,58,4342.00,122,0,1,3205.8,4055.0,849.2,2,2,79.2,3.6,138.9,592.6,34.9,79.2
2026-09-20 00:05:36,mfsweep_shard0,SPT_SRWT,58,4342.00,123,0,1,3232.1,4112.8,880.6,2,2,71.0,0.0,538.4,271.2,0.0,71.0
2026-09-20 00:05:36,mfsweep_shard0,SPT_SRWT,58,4342.00,124,0,1,3258.4,4253.1,994.7,2,2,53.6,0.0,781.6,129.0,30.5,53.6
2026-09-20 00:05:36,mfsweep_shard0,SPT_SRWT,58,4342.00,125,0,1,3284.7,4033.3,748.6,2,2,64.2,0.0,206.1,478.3,0.0,64.2
2026-09-20 00:05:36,mfsweep_shard0,SPT_SRWT,58,4342.00,126,0,1,3311.0,4211.9,900.9,2,2,54.2,0.0,695.8,150.9,0.0,54.2
2026-09-20 00:05:36,mfsweep_shard0,SPT_SRWT,58,4342.00,127,0,1,3337.2,4197.4,860.2,2,2,84.2,0.0,170.3,605.7,0.0,84.2
2026-09-20 00:05:36,mfsweep_shard0,SPT_SRWT,58,4342.00,128,0,1,3363.5,4257.6,894.1,2,2,82.5,0.1,513.9,276.9,20.7,82.5
2026-09-20 00:05:36,mfsweep_shard0,SPT_SRWT,58,4342.00,129,0,1,3389.8,4059.7,669.9,2,2,81.0,0.0,61.3,527.6,0.0,81.0
2026-09-20 00:05:36,mfsweep_shard0,SPT_SRWT,58,4342.00,130,0,1,3416.1,4267.4,851.3,2,2,63.7,0.0,166.2,577.2,44.2,63.7
2026-09-20 00:05:36,mfsweep_shard0,SPT_SRWT,58,4342.00,131,0,1,3442.3,4342.0,899.7,2,2,55.5,0.0,223.9,583.8,36.5,55.5
2026-09-20 00:05:36,mfsweep_shard0,SPT_SRWT,58,4342.00,132,0,1,3468.6,4297.4,828.8,2,2,82.5,0.0,319.2,427.1,0.0,82.5
2026-09-20 00:05:36,mfsweep_shard0,SPT_SRWT,58,4342.00,133,0,1,3494.9,4335.6,840.7,2,2,84.8,0.0,142.7,605.5,7.8,84.8
2026-09-20 00:05:36,mfsweep_shard0,SPT_SRWT,58,4342.00,134,0,1,3521.2,4121.7,600.5,2,2,56.4,0.0,193.2,331.2,19.6,56.4
2026-09-20 00:05:36,mfsweep_shard0,SPT_SRWT,58,4342.00,135,0,1,3547.5,4230.2,682.7,2,2,69.6,0.0,161.5,451.6,0.0,69.6
2026-09-20 00:05:36,mfsweep_shard0,SPT_SRWT,58,4342.00,136,0,1,3573.7,4285.9,712.2,2,2,55.8,0.0,299.2,337.0,20.1,55.8
2026-09-20 00:08:05,mfsweep_shard0,SPT_SRWT,59,3955.46,0,0,1,0.0,210.3,210.3,2,2,74.6,0.0,68.1,67.6,0.0,74.6
2026-09-20 00:08:05,mfsweep_shard0,SPT_SRWT,59,3955.46,1,0,1,26.3,241.2,214.9,2,2,54.4,0.0,46.8,108.0,5.7,54.4
2026-09-20 00:08:05,mfsweep_shard0,SPT_SRWT,59,3955.46,2,0,1,52.6,273.3,220.7,2,2,62.6,0.0,74.3,83.8,0.0,62.6
2026-09-20 00:08:05,mfsweep_shard0,SPT_SRWT,59,3955.46,3,0,1,78.8,290.7,211.8,2,2,60.9,0.0,67.2,75.7,8.1,60.9
2026-09-20 00:08:05,mfsweep_shard0,SPT_SRWT,59,3955.46,4,0,1,105.1,322.0,216.9,2,2,77.8,0.0,67.4,71.7,0.0,77.8
2026-09-20 00:08:05,mfsweep_shard0,SPT_SRWT,59,3955.46,5,0,1,131.4,343.9,212.5,2,2,75.9,0.0,60.1,76.5,0.0,75.9
2026-09-20 00:08:05,mfsweep_shard0,SPT_SRWT,59,3955.46,6,0,1,157.7,403.6,246.0,2,2,83.0,0.0,90.6,72.3,0.0,83.0
2026-09-20 00:08:05,mfsweep_shard0,SPT_SRWT,59,3955.46,7,0,1,183.9,379.2,195.3,2,2,56.4,0.0,67.7,71.1,0.0,56.4
2026-09-20 00:08:05,mfsweep_shard0,SPT_SRWT,59,3955.46,8,0,1,210.2,471.9,261.7,2,2,67.5,0.0,83.6,98.3,12.3,67.5
2026-09-20 00:08:05,mfsweep_shard0,SPT_SRWT,59,3955.46,9,0,1,236.5,451.2,214.7,2,2,54.5,0.0,83.0,77.1,0.0,54.5
2026-09-20 00:08:05,mfsweep_shard0,SPT_SRWT,59,3955.46,10,0,1,262.8,467.4,204.6,2,2,60.8,0.0,71.2,72.6,0.0,60.8
2026-09-20 00:08:05,mfsweep_shard0,SPT_SRWT,59,3955.46,11,0,1,289.1,543.6,254.5,2,2,70.2,0.0,80.0,104.3,0.0,70.2
2026-09-20 00:08:05,mfsweep_shard0,SPT_SRWT,59,3955.46,12,0,1,315.3,538.8,223.5,2,2,54.4,0.0,87.8,81.3,0.0,54.4
2026-09-20 00:08:05,mfsweep_shard0,SPT_SRWT,59,3955.46,13,0,1,341.6,585.5,243.9,2,2,60.1,0.0,95.9,87.9,0.0,60.1
2026-09-20 00:08:05,mfsweep_shard0,SPT_SRWT,59,3955.46,14,0,1,367.9,629.7,261.8,2,2,75.0,0.0,74.5,112.2,0.0,75.0
2026-09-20 00:08:05,mfsweep_shard0,SPT_SRWT,59,3955.46,15,0,1,394.2,1022.9,628.7,2,2,71.5,0.0,258.9,230.4,51.8,87.5
2026-09-20 00:08:05,mfsweep_shard0,SPT_SRWT,59,3955.46,16,0,1,420.4,690.4,270.0,2,2,60.8,0.0,109.0,100.1,0.0,60.8
2026-09-20 00:08:05,mfsweep_shard0,SPT_SRWT,59,3955.46,17,0,1,446.7,758.1,311.3,2,2,73.0,0.0,153.9,84.4,0.0,73.0
2026-09-20 00:08:05,mfsweep_shard0,SPT_SRWT,59,3955.46,18,0,1,473.0,704.0,231.0,2,2,80.3,0.0,70.6,80.1,0.0,80.3
2026-09-20 00:08:05,mfsweep_shard0,SPT_SRWT,59,3955.46,19,0,1,499.3,746.4,247.1,2,2,53.8,0.0,71.6,121.7,0.0,53.8
2026-09-20 00:08:05,mfsweep_shard0,SPT_SRWT,59,3955.46,20,0,1,525.6,772.0,246.5,2,2,80.1,0.0,69.1,97.2,0.0,80.1
2026-09-20 00:08:05,mfsweep_shard0,SPT_SRWT,59,3955.46,21,0,1,551.8,831.2,279.3,2,2,76.6,0.0,69.6,133.1,0.0,76.6
2026-09-20 00:08:05,mfsweep_shard0,SPT_SRWT,59,3955.46,22,0,1,578.1,826.7,248.6,2,2,64.8,0.0,84.7,99.1,0.0,64.8
2026-09-20 00:08:05,mfsweep_shard0,SPT_SRWT,59,3955.46,23,0,1,604.4,872.1,267.7,2,2,58.7,0.0,76.0,110.6,22.4,58.7
2026-09-20 00:08:05,mfsweep_shard0,SPT_SRWT,59,3955.46,24,0,1,630.7,954.0,323.3,2,2,85.1,0.0,72.4,108.4,57.4,85.1
2026-09-20 00:08:05,mfsweep_shard0,SPT_SRWT,59,3955.46,25,0,1,656.9,1017.9,360.9,2,2,64.7,0.0,167.7,109.9,10.5,72.9
2026-09-20 00:08:05,mfsweep_shard0,SPT_SRWT,59,3955.46,26,0,1,683.2,926.9,243.7,2,2,56.6,0.0,81.5,105.6,0.0,56.6
2026-09-20 00:08:05,mfsweep_shard0,SPT_SRWT,59,3955.46,27,0,1,709.5,1218.8,509.3,2,2,56.7,0.0,251.8,138.8,48.6,70.1
2026-09-20 00:08:05,mfsweep_shard0,SPT_SRWT,59,3955.46,28,0,1,735.8,1042.6,306.8,2,2,81.5,0.0,108.1,81.1,36.0,81.5
2026-09-20 00:08:05,mfsweep_shard0,SPT_SRWT,59,3955.46,29,0,1,762.0,1342.4,580.4,2,2,73.5,0.0,146.2,114.2,212.8,107.2
2026-09-20 00:08:05,mfsweep_shard0,SPT_SRWT,59,3955.46,30,0,1,788.3,1281.2,492.9,2,2,80.2,0.1,299.9,97.7,15.0,80.2
2026-09-20 00:08:05,mfsweep_shard0,SPT_SRWT,59,3955.46,31,0,1,814.6,1364.3,549.7,2,2,77.6,0.1,199.8,197.1,75.1,77.6
2026-09-20 00:08:05,mfsweep_shard0,SPT_SRWT,59,3955.46,32,0,1,840.9,1272.1,431.2,2,2,71.2,0.1,251.2,107.0,1.7,71.2
2026-09-20 00:08:05,mfsweep_shard0,SPT_SRWT,59,3955.46,33,0,1,867.2,1120.0,252.8,2,2,85.7,0.0,85.1,82.1,0.0,85.7
2026-09-20 00:08:05,mfsweep_shard0,SPT_SRWT,59,3955.46,34,0,1,893.4,1298.8,405.3,2,2,66.0,0.0,182.2,108.6,48.5,66.0
2026-09-20 00:08:05,mfsweep_shard0,SPT_SRWT,59,3955.46,35,0,1,919.7,1359.6,439.9,2,2,71.8,0.0,144.7,146.5,76.9,71.8
2026-09-20 00:08:05,mfsweep_shard0,SPT_SRWT,59,3955.46,36,0,1,946.0,1663.1,717.1,2,2,80.9,0.0,477.2,134.4,24.6,80.9
2026-09-20 00:08:05,mfsweep_shard0,SPT_SRWT,59,3955.46,37,0,1,972.3,1303.6,331.3,2,2,74.0,0.0,166.2,91.1,0.0,74.0
2026-09-20 00:08:05,mfsweep_shard0,SPT_SRWT,59,3955.46,38,0,1,998.5,1409.4,410.9,2,2,82.0,0.0,174.5,122.2,32.2,82.0
2026-09-20 00:08:05,mfsweep_shard0,SPT_SRWT,59,3955.46,39,0,1,1024.8,1783.6,758.8,2,2,72.6,0.1,292.5,198.5,101.4,166.3
2026-09-20 00:08:05,mfsweep_shard0,SPT_SRWT,59,3955.46,40,0,1,1051.1,1422.2,371.1,2,2,76.8,0.0,136.6,124.7,32.9,76.8
2026-09-20 00:08:05,mfsweep_shard0,SPT_SRWT,59,3955.46,41,0,1,1077.4,1559.4,482.0,2,2,55.1,0.0,251.0,164.8,11.1,55.1
2026-09-20 00:08:05,mfsweep_shard0,SPT_SRWT,59,3955.46,42,0,1,1103.7,1541.4,437.7,2,2,61.1,0.0,217.4,153.9,5.3,61.1
2026-09-20 00:08:05,mfsweep_shard0,SPT_SRWT,59,3955.46,43,0,1,1129.9,1607.0,477.1,2,2,63.1,0.0,134.5,279.5,0.0,63.1
2026-09-20 00:08:05,mfsweep_shard0,SPT_SRWT,59,3955.46,44,0,1,1156.2,1638.0,481.8,2,2,56.2,0.0,213.5,201.7,10.3,56.2
2026-09-20 00:08:05,mfsweep_shard0,SPT_SRWT,59,3955.46,45,0,1,1182.5,1633.3,450.8,2,2,61.2,0.0,197.2,158.5,33.8,61.2
2026-09-20 00:08:05,mfsweep_shard0,SPT_SRWT,59,3955.46,46,0,1,1208.8,1843.3,634.5,2,2,56.9,0.0,407.8,169.8,0.0,56.9
2026-09-20 00:08:05,mfsweep_shard0,SPT_SRWT,59,3955.46,47,0,1,1235.0,1834.2,599.2,2,2,62.7,0.0,346.9,118.8,70.7,62.7
2026-09-20 00:08:05,mfsweep_shard0,SPT_SRWT,59,3955.46,48,0,1,1261.3,1737.5,476.2,2,2,74.5,0.0,157.0,182.2,62.4,74.5
2026-09-20 00:08:05,mfsweep_shard0,SPT_SRWT,59,3955.46,49,0,1,1287.6,1811.2,523.6,2,2,65.6,0.0,196.5,245.7,15.8,65.6
2026-09-20 00:08:05,mfsweep_shard0,SPT_SRWT,59,3955.46,50,0,1,1313.9,1694.6,380.7,2,2,65.8,0.0,184.4,130.6,0.0,65.8
2026-09-20 00:08:05,mfsweep_shard0,SPT_SRWT,59,3955.46,51,0,1,1340.2,1725.8,385.7,2,2,60.5,0.0,160.4,132.4,32.4,60.5
2026-09-20 00:08:05,mfsweep_shard0,SPT_SRWT,59,3955.46,52,0,1,1366.4,1977.2,610.8,2,2,62.4,0.0,228.6,281.7,38.1,62.4
2026-09-20 00:08:05,mfsweep_shard0,SPT_SRWT,59,3955.46,53,0,1,1392.7,1907.8,515.1,2,2,84.5,0.1,237.5,106.4,86.7,84.5
2026-09-20 00:08:05,mfsweep_shard0,SPT_SRWT,59,3955.46,54,0,1,1419.0,1995.0,576.0,2,2,74.9,0.0,222.5,228.5,50.1,74.9
2026-09-20 00:08:05,mfsweep_shard0,SPT_SRWT,59,3955.46,55,0,1,1445.3,2034.1,588.8,2,2,73.6,0.0,355.3,139.4,17.0,77.0
2026-09-20 00:08:05,mfsweep_shard0,SPT_SRWT,59,3955.46,56,0,1,1471.5,2255.8,784.2,2,2,59.2,0.0,301.4,423.7,0.0,59.2
2026-09-20 00:08:05,mfsweep_shard0,SPT_SRWT,59,3955.46,57,0,1,1497.8,1931.0,433.2,2,2,77.6,0.0,158.6,197.0,0.0,77.6
2026-09-20 00:08:05,mfsweep_shard0,SPT_SRWT,59,3955.46,58,0,1,1524.1,2003.9,479.8,2,2,58.9,0.0,171.0,215.1,34.7,58.9
2026-09-20 00:08:05,mfsweep_shard0,SPT_SRWT,59,3955.46,59,0,1,1550.4,1912.4,362.0,2,2,66.1,0.0,159.4,136.5,0.0,66.1
2026-09-20 00:08:05,mfsweep_shard0,SPT_SRWT,59,3955.46,60,0,1,1576.6,2064.8,488.2,2,2,86.2,0.0,219.4,145.2,37.3,86.2
2026-09-20 00:08:05,mfsweep_shard0,SPT_SRWT,59,3955.46,61,0,1,1602.9,1968.0,365.1,2,2,74.7,0.0,141.4,149.0,0.0,74.7
2026-09-20 00:08:05,mfsweep_shard0,SPT_SRWT,59,3955.46,62,0,1,1629.2,2137.9,508.7,2,2,71.9,0.1,253.9,123.0,59.9,71.9
2026-09-20 00:08:05,mfsweep_shard0,SPT_SRWT,59,3955.46,63,0,1,1655.5,1877.8,222.3,2,2,76.1,0.0,29.1,104.3,12.7,76.1
2026-09-20 00:08:05,mfsweep_shard0,SPT_SRWT,59,3955.46,64,0,1,1681.8,2169.9,488.2,2,2,81.4,0.0,104.6,220.5,81.7,81.4
2026-09-20 00:08:05,mfsweep_shard0,SPT_SRWT,59,3955.46,65,0,1,1708.0,2060.3,352.2,2,2,79.2,0.0,118.3,139.2,15.6,79.2
2026-09-20 00:08:05,mfsweep_shard0,SPT_SRWT,59,3955.46,66,0,1,1734.3,2273.0,538.7,2,2,61.1,0.0,322.4,148.9,6.4,61.1
2026-09-20 00:08:05,mfsweep_shard0,SPT_SRWT,59,3955.46,67,0,1,1760.6,2213.4,452.9,2,2,54.6,0.0,217.5,119.7,61.1,54.6
2026-09-20 00:08:05,mfsweep_shard0,SPT_SRWT,59,3955.46,68,0,1,1786.9,2378.6,591.7,2,2,64.0,0.0,378.9,117.9,30.9,64.0
2026-09-20 00:08:05,mfsweep_shard0,SPT_SRWT,59,3955.46,69,0,1,1813.1,2237.6,424.4,2,2,62.4,0.0,254.5,97.4,10.1,62.4
2026-09-20 00:08:05,mfsweep_shard0,SPT_SRWT,59,3955.46,70,0,1,1839.4,2369.3,529.9,2,2,60.5,0.1,304.8,112.1,52.4,60.5
2026-09-20 00:08:05,mfsweep_shard0,SPT_SRWT,59,3955.46,71,0,1,1865.7,2468.1,602.4,2,2,84.7,0.0,250.7,169.4,97.7,84.7
2026-09-20 00:08:05,mfsweep_shard0,SPT_SRWT,59,3955.46,72,0,1,1892.0,2343.3,451.3,2,2,82.5,0.0,269.3,99.6,0.0,82.5
2026-09-20 00:08:05,mfsweep_shard0,SPT_SRWT,59,3955.46,73,0,1,1918.3,2482.2,564.0,2,2,63.9,0.0,323.6,137.4,39.0,63.9
2026-09-20 00:08:05,mfsweep_shard0,SPT_SRWT,59,3955.46,74,0,1,1944.5,2486.9,542.3,2,2,75.2,0.0,369.3,97.8,0.0,75.2
2026-09-20 00:08:05,mfsweep_shard0,SPT_SRWT,59,3955.46,75,0,1,1970.8,2383.4,412.6,2,2,66.6,0.0,211.8,92.8,41.4,66.6
2026-09-20 00:08:05,mfsweep_shard0,SPT_SRWT,59,3955.46,76,0,1,1997.1,2532.7,535.6,2,2,83.7,0.0,222.8,209.0,20.1,83.7
2026-09-20 00:08:05,mfsweep_shard0,SPT_SRWT,59,3955.46,77,0,1,2023.4,2528.3,504.9,2,2,68.7,0.0,322.4,97.6,16.3,68.7
2026-09-20 00:08:05,mfsweep_shard0,SPT_SRWT,59,3955.46,78,0,1,2049.6,2491.3,441.7,2,2,62.3,0.0,257.4,121.9,0.0,62.3
2026-09-20 00:08:05,mfsweep_shard0,SPT_SRWT,59,3955.46,79,0,1,2075.9,2408.9,333.0,2,2,61.7,0.0,144.4,108.8,18.0,61.7
2026-09-20 00:08:05,mfsweep_shard0,SPT_SRWT,59,3955.46,80,0,1,2102.2,2853.4,751.2,2,2,72.1,0.0,313.8,365.3,0.0,72.1
2026-09-20 00:08:05,mfsweep_shard0,SPT_SRWT,59,3955.46,81,0,1,2128.5,2514.0,385.5,2,2,62.2,0.0,201.7,121.6,0.0,62.2
2026-09-20 00:08:05,mfsweep_shard0,SPT_SRWT,59,3955.46,82,0,1,2154.7,2643.1,488.4,2,2,72.8,0.0,254.8,160.7,0.0,72.8
2026-09-20 00:08:05,mfsweep_shard0,SPT_SRWT,59,3955.46,83,0,1,2181.0,2988.4,807.4,2,2,83.2,0.0,286.3,204.1,176.8,140.1
2026-09-20 00:08:05,mfsweep_shard0,SPT_SRWT,59,3955.46,84,0,1,2207.3,2648.0,440.7,2,2,66.7,0.0,227.6,146.3,0.0,66.7
2026-09-20 00:08:05,mfsweep_shard0,SPT_SRWT,59,3955.46,85,0,1,2233.6,2772.9,539.3,2,2,60.8,0.0,98.9,320.4,59.2,60.8
2026-09-20 00:08:05,mfsweep_shard0,SPT_SRWT,59,3955.46,86,0,1,2259.9,2686.7,426.8,2,2,86.5,0.0,143.1,160.2,37.0,86.5
2026-09-20 00:08:05,mfsweep_shard0,SPT_SRWT,59,3955.46,87,0,1,2286.1,2858.2,572.1,2,2,70.4,0.0,271.1,189.4,41.1,70.4
2026-09-20 00:08:05,mfsweep_shard0,SPT_SRWT,59,3955.46,88,0,1,2312.4,2717.2,404.8,2,2,56.5,0.0,191.5,147.9,8.8,56.5
2026-09-20 00:08:05,mfsweep_shard0,SPT_SRWT,59,3955.46,89,0,1,2338.7,2872.2,533.5,2,2,55.1,0.1,225.2,212.6,40.5,55.1
2026-09-20 00:08:05,mfsweep_shard0,SPT_SRWT,59,3955.46,90,0,1,2365.0,2809.1,444.2,2,2,57.2,0.0,211.8,144.8,30.3,57.2
2026-09-20 00:08:05,mfsweep_shard0,SPT_SRWT,59,3955.46,91,0,1,2391.2,2781.4,390.1,2,2,74.3,0.0,183.0,132.5,0.4,74.3
2026-09-20 00:08:05,mfsweep_shard0,SPT_SRWT,59,3955.46,92,0,1,2417.5,2953.9,536.4,2,2,79.7,0.1,307.5,144.8,4.3,79.7
2026-09-20 00:08:05,mfsweep_shard0,SPT_SRWT,59,3955.46,93,0,1,2443.8,2979.1,535.3,2,2,67.5,0.0,291.6,132.2,44.0,67.5
2026-09-20 00:08:05,mfsweep_shard0,SPT_SRWT,59,3955.46,94,0,1,2470.1,2916.4,446.3,2,2,55.6,0.0,196.0,133.6,61.1,55.6
2026-09-20 00:08:05,mfsweep_shard0,SPT_SRWT,59,3955.46,95,0,1,2496.4,2790.9,294.5,2,2,66.1,0.0,62.8,165.6,0.0,66.1
2026-09-20 00:08:05,mfsweep_shard0,SPT_SRWT,59,3955.46,96,0,1,2522.6,2903.6,380.9,2,2,86.4,0.0,120.6,118.4,55.6,86.4
2026-09-20 00:08:05,mfsweep_shard0,SPT_SRWT,59,3955.46,97,0,1,2548.9,2849.0,300.1,2,2,71.0,0.0,99.0,117.6,12.5,71.0
2026-09-20 00:08:05,mfsweep_shard0,SPT_SRWT,59,3955.46,98,0,1,2575.2,3112.2,537.0,2,2,85.6,0.0,311.8,139.6,0.0,85.6
2026-09-20 00:08:05,mfsweep_shard0,SPT_SRWT,59,3955.46,99,0,1,2601.5,3130.2,528.7,2,2,82.0,0.0,281.3,165.4,0.0,82.0
2026-09-20 00:08:05,mfsweep_shard0,SPT_SRWT,59,3955.46,100,0,1,2627.7,3176.7,549.0,2,2,53.9,0.0,77.0,384.1,34.0,53.9
2026-09-20 00:08:05,mfsweep_shard0,SPT_SRWT,59,3955.46,101,0,1,2654.0,3064.8,410.8,2,2,77.3,0.0,180.7,152.8,0.0,77.3
2026-09-20 00:08:05,mfsweep_shard0,SPT_SRWT,59,3955.46,102,0,1,2680.3,3343.1,662.8,2,2,76.0,0.0,240.3,314.7,20.2,87.5
2026-09-20 00:08:05,mfsweep_shard0,SPT_SRWT,59,3955.46,103,0,1,2706.6,3010.2,303.7,2,2,71.3,0.0,101.9,130.5,0.0,71.3
2026-09-20 00:08:05,mfsweep_shard0,SPT_SRWT,59,3955.46,104,0,1,2732.9,3152.9,420.0,2,2,62.4,0.0,205.0,152.6,0.0,62.4
2026-09-20 00:08:05,mfsweep_shard0,SPT_SRWT,59,3955.46,105,0,1,2759.1,3234.3,475.2,2,2,74.7,0.0,260.9,139.5,0.0,74.7
2026-09-20 00:08:05,mfsweep_shard0,SPT_SRWT,59,3955.46,106,0,1,2785.4,3206.5,421.1,2,2,57.2,0.0,211.7,132.9,19.3,57.2
2026-09-20 00:08:05,mfsweep_shard0,SPT_SRWT,59,3955.46,107,0,1,2811.7,3299.9,488.2,2,2,67.9,0.0,291.1,111.3,17.9,67.9
2026-09-20 00:08:05,mfsweep_shard0,SPT_SRWT,59,3955.46,108,0,1,2838.0,3295.1,457.2,2,2,68.5,0.0,251.8,136.8,0.0,68.5
2026-09-20 00:08:05,mfsweep_shard0,SPT_SRWT,59,3955.46,109,0,1,2864.2,3248.4,384.1,2,2,85.0,0.0,165.3,133.8,0.0,85.0
2026-09-20 00:08:05,mfsweep_shard0,SPT_SRWT,59,3955.46,110,0,1,2890.5,3334.0,443.4,2,2,82.4,0.0,177.4,183.6,0.0,82.4
2026-09-20 00:08:05,mfsweep_shard0,SPT_SRWT,59,3955.46,111,0,1,2916.8,3664.1,747.3,2,2,62.2,0.0,223.1,408.3,53.7,62.2
2026-09-20 00:08:05,mfsweep_shard0,SPT_SRWT,59,3955.46,112,0,1,2943.1,3673.1,730.0,2,2,70.1,0.0,260.0,378.7,21.2,70.1
2026-09-20 00:08:05,mfsweep_shard0,SPT_SRWT,59,3955.46,113,0,1,2969.3,3575.3,605.9,2,2,59.4,0.0,356.0,148.1,42.4,59.4
2026-09-20 00:08:05,mfsweep_shard0,SPT_SRWT,59,3955.46,114,0,1,2995.6,3633.9,638.3,2,2,83.7,0.0,286.0,188.4,61.5,102.4
2026-09-20 00:08:05,mfsweep_shard0,SPT_SRWT,59,3955.46,115,0,1,3021.9,3701.6,679.7,2,2,82.3,0.1,263.2,240.2,93.9,82.3
2026-09-20 00:08:05,mfsweep_shard0,SPT_SRWT,59,3955.46,116,0,1,3048.2,3465.1,416.9,2,2,63.4,0.0,193.5,143.4,16.6,63.4
2026-09-20 00:08:05,mfsweep_shard0,SPT_SRWT,59,3955.46,117,0,1,3074.5,3355.6,281.1,2,2,74.6,0.0,61.2,136.4,8.8,74.6
2026-09-20 00:08:05,mfsweep_shard0,SPT_SRWT,59,3955.46,118,0,1,3100.7,3540.1,439.3,2,2,73.6,0.0,212.3,125.1,28.3,73.6
2026-09-20 00:08:05,mfsweep_shard0,SPT_SRWT,59,3955.46,119,0,1,3127.0,3469.9,342.9,2,2,58.6,0.0,142.0,116.0,26.3,58.6
2026-09-20 00:08:05,mfsweep_shard0,SPT_SRWT,59,3955.46,120,0,1,3153.3,3580.1,426.8,2,2,78.7,0.0,106.7,241.4,0.0,78.7
2026-09-20 00:08:05,mfsweep_shard0,SPT_SRWT,59,3955.46,121,0,1,3179.6,3554.1,374.5,2,2,71.3,0.0,131.5,171.6,0.0,71.3
2026-09-20 00:08:05,mfsweep_shard0,SPT_SRWT,59,3955.46,122,0,1,3205.8,3616.0,410.1,2,2,79.2,0.0,77.4,104.4,149.1,79.2
2026-09-20 00:08:05,mfsweep_shard0,SPT_SRWT,59,3955.46,123,0,1,3232.1,3544.9,312.8,2,2,71.0,0.0,97.0,132.0,12.8,71.0
2026-09-20 00:08:05,mfsweep_shard0,SPT_SRWT,59,3955.46,124,0,1,3258.4,3654.9,396.5,2,2,53.6,0.0,177.9,108.7,56.2,53.6
2026-09-20 00:08:05,mfsweep_shard0,SPT_SRWT,59,3955.46,125,0,1,3284.7,3742.1,457.4,2,2,64.2,0.0,115.6,206.8,70.8,64.2
2026-09-20 00:08:05,mfsweep_shard0,SPT_SRWT,59,3955.46,126,0,1,3311.0,3711.1,400.2,2,2,54.2,0.0,189.5,146.4,10.0,54.2
2026-09-20 00:08:05,mfsweep_shard0,SPT_SRWT,59,3955.46,127,0,1,3337.2,3773.9,436.7,2,2,84.2,0.0,169.5,182.9,0.0,84.2
2026-09-20 00:08:05,mfsweep_shard0,SPT_SRWT,59,3955.46,128,0,1,3363.5,3822.4,458.9,2,2,82.5,0.0,212.5,122.5,41.2,82.5
2026-09-20 00:08:05,mfsweep_shard0,SPT_SRWT,59,3955.46,129,0,1,3389.8,3861.3,471.6,2,2,81.0,0.0,275.7,100.6,14.2,81.0
2026-09-20 00:08:05,mfsweep_shard0,SPT_SRWT,59,3955.46,130,0,1,3416.1,3897.4,481.4,2,2,63.7,0.0,119.5,235.8,62.3,63.7
2026-09-20 00:08:05,mfsweep_shard0,SPT_SRWT,59,3955.46,131,0,1,3442.3,3760.2,317.8,2,2,55.5,0.0,121.3,134.7,6.2,55.5
2026-09-20 00:08:05,mfsweep_shard0,SPT_SRWT,59,3955.46,132,0,1,3468.6,3847.6,379.0,2,2,82.5,0.0,205.3,91.1,0.0,82.5
2026-09-20 00:08:05,mfsweep_shard0,SPT_SRWT,59,3955.46,133,0,1,3494.9,3805.7,310.8,2,2,84.8,0.0,111.6,114.4,0.0,84.8
2026-09-20 00:08:05,mfsweep_shard0,SPT_SRWT,59,3955.46,134,0,1,3521.2,3856.8,335.6,2,2,56.4,0.0,167.5,82.1,29.5,56.4
2026-09-20 00:08:05,mfsweep_shard0,SPT_SRWT,59,3955.46,135,0,1,3547.5,3955.5,408.0,2,2,69.6,0.0,233.0,70.5,34.9,69.6
2026-09-20 00:08:05,mfsweep_shard0,SPT_SRWT,59,3955.46,136,0,1,3573.7,3903.4,329.6,2,2,55.8,0.0,144.0,108.4,21.4,55.8
2026-09-20 00:10:38,mfsweep_shard0,SPT_SRWT,60,4205.20,0,0,1,0.0,394.7,394.7,2,2,74.6,0.0,87.7,141.5,32.4,133.1
2026-09-20 00:10:38,mfsweep_shard0,SPT_SRWT,60,4205.20,1,0,1,26.3,216.3,190.0,2,2,54.4,0.0,63.7,71.9,0.0,54.4
2026-09-20 00:10:38,mfsweep_shard0,SPT_SRWT,60,4205.20,2,0,1,52.6,340.9,288.3,2,2,62.6,0.0,93.7,131.7,0.0,62.9
2026-09-20 00:10:38,mfsweep_shard0,SPT_SRWT,60,4205.20,3,0,1,78.8,748.1,669.3,2,2,60.9,0.0,221.2,186.6,132.0,129.5
2026-09-20 00:10:38,mfsweep_shard0,SPT_SRWT,60,4205.20,4,0,1,105.1,671.6,566.5,2,2,77.8,0.1,186.8,165.7,136.1,77.8
2026-09-20 00:10:38,mfsweep_shard0,SPT_SRWT,60,4205.20,5,0,1,131.4,808.3,676.9,2,2,75.9,0.1,238.5,137.7,224.8,75.9
2026-09-20 00:10:38,mfsweep_shard0,SPT_SRWT,60,4205.20,6,0,1,157.7,1515.0,1357.3,2,2,83.0,0.1,614.7,243.8,318.1,180.7
2026-09-20 00:10:38,mfsweep_shard0,SPT_SRWT,60,4205.20,7,0,1,183.9,431.7,247.8,2,2,56.4,0.0,93.2,91.3,6.8,56.4
2026-09-20 00:10:38,mfsweep_shard0,SPT_SRWT,60,4205.20,8,0,1,210.2,477.5,267.3,2,2,67.5,0.0,71.9,127.9,0.0,67.5
2026-09-20 00:10:38,mfsweep_shard0,SPT_SRWT,60,4205.20,9,0,1,236.5,482.2,245.7,2,2,54.5,0.0,78.8,112.3,0.0,54.5
2026-09-20 00:10:38,mfsweep_shard0,SPT_SRWT,60,4205.20,10,0,1,262.8,556.3,293.5,2,2,60.8,0.0,118.5,80.3,33.9,60.8
2026-09-20 00:10:38,mfsweep_shard0,SPT_SRWT,60,4205.20,11,0,1,289.1,568.9,279.9,2,2,70.2,0.0,118.0,91.7,0.0,70.2
2026-09-20 00:10:38,mfsweep_shard0,SPT_SRWT,60,4205.20,12,0,1,315.3,680.2,364.9,2,2,54.4,0.0,180.6,100.9,29.0,54.4
2026-09-20 00:10:38,mfsweep_shard0,SPT_SRWT,60,4205.20,13,0,1,341.6,617.4,275.7,2,2,60.1,0.1,68.5,147.0,0.0,60.1
2026-09-20 00:10:38,mfsweep_shard0,SPT_SRWT,60,4205.20,14,0,1,367.9,730.6,362.8,2,2,75.0,0.0,105.8,124.2,57.8,75.0
2026-09-20 00:10:38,mfsweep_shard0,SPT_SRWT,60,4205.20,15,0,1,394.2,717.1,322.9,2,2,71.5,0.0,161.6,89.8,0.0,71.5
2026-09-20 00:10:38,mfsweep_shard0,SPT_SRWT,60,4205.20,16,0,1,420.4,794.3,373.9,2,2,60.8,0.0,157.1,112.8,43.1,60.8
2026-09-20 00:10:38,mfsweep_shard0,SPT_SRWT,60,4205.20,17,0,1,446.7,1012.2,565.5,2,2,73.0,0.1,331.8,95.7,64.9,73.0
2026-09-20 00:10:38,mfsweep_shard0,SPT_SRWT,60,4205.20,18,0,1,473.0,887.9,414.9,2,2,80.3,0.0,202.2,107.9,24.5,80.3
2026-09-20 00:10:38,mfsweep_shard0,SPT_SRWT,60,4205.20,19,0,1,499.3,827.1,327.9,2,2,53.8,0.0,138.9,135.2,0.0,53.8
2026-09-20 00:10:38,mfsweep_shard0,SPT_SRWT,60,4205.20,20,0,1,525.6,1021.5,495.9,2,2,80.1,0.0,155.2,134.2,126.4,80.1
2026-09-20 00:10:38,mfsweep_shard0,SPT_SRWT,60,4205.20,21,0,1,551.8,939.5,387.7,2,2,76.6,0.0,127.7,142.1,41.4,76.6
2026-09-20 00:10:38,mfsweep_shard0,SPT_SRWT,60,4205.20,22,0,1,578.1,902.0,323.9,2,2,64.8,0.0,133.1,125.9,0.0,64.8
2026-09-20 00:10:38,mfsweep_shard0,SPT_SRWT,60,4205.20,23,0,1,604.4,944.4,340.0,2,2,58.7,0.0,129.4,111.3,40.6,58.7
2026-09-20 00:10:38,mfsweep_shard0,SPT_SRWT,60,4205.20,24,0,1,630.7,1533.6,902.9,2,2,85.1,0.1,300.0,228.2,276.2,98.5
2026-09-20 00:10:38,mfsweep_shard0,SPT_SRWT,60,4205.20,25,0,1,656.9,1127.6,470.7,2,2,64.7,0.0,224.9,181.1,0.0,64.7
2026-09-20 00:10:38,mfsweep_shard0,SPT_SRWT,60,4205.20,26,0,1,683.2,1167.0,483.8,2,2,56.6,0.0,208.7,184.0,34.5,56.6
2026-09-20 00:10:38,mfsweep_shard0,SPT_SRWT,60,4205.20,27,0,1,709.5,1190.3,480.8,2,2,56.7,0.0,207.1,135.4,81.6,56.7
2026-09-20 00:10:38,mfsweep_shard0,SPT_SRWT,60,4205.20,28,0,1,735.8,1399.7,663.9,2,2,81.5,0.0,193.2,174.2,214.9,81.5
2026-09-20 00:10:38,mfsweep_shard0,SPT_SRWT,60,4205.20,29,0,1,762.0,1044.0,281.9,2,2,73.5,0.0,53.3,148.4,6.8,73.5
2026-09-20 00:10:38,mfsweep_shard0,SPT_SRWT,60,4205.20,30,0,1,788.3,1213.6,425.3,2,2,80.2,0.0,150.1,195.0,0.0,80.2
2026-09-20 00:10:38,mfsweep_shard0,SPT_SRWT,60,4205.20,31,0,1,814.6,1248.9,434.3,2,2,77.6,0.0,163.6,192.8,0.3,77.6
2026-09-20 00:10:38,mfsweep_shard0,SPT_SRWT,60,4205.20,32,0,1,840.9,1346.3,505.4,2,2,71.2,0.0,196.2,180.3,57.7,71.2
2026-09-20 00:10:38,mfsweep_shard0,SPT_SRWT,60,4205.20,33,0,1,867.2,1351.0,483.9,2,2,85.7,0.0,146.6,245.0,6.5,85.7
2026-09-20 00:10:38,mfsweep_shard0,SPT_SRWT,60,4205.20,34,0,1,893.4,1417.9,524.4,2,2,66.0,0.0,235.0,207.5,15.9,66.0
2026-09-20 00:10:38,mfsweep_shard0,SPT_SRWT,60,4205.20,35,0,1,919.7,1483.6,563.9,2,2,71.8,0.0,267.3,125.6,99.2,71.8
2026-09-20 00:10:38,mfsweep_shard0,SPT_SRWT,60,4205.20,36,0,1,946.0,1447.5,501.5,2,2,80.9,0.0,224.6,162.1,33.8,80.9
2026-09-20 00:10:38,mfsweep_shard0,SPT_SRWT,60,4205.20,37,0,1,972.3,1288.3,316.1,2,2,74.0,0.0,122.0,120.1,0.0,74.0
2026-09-20 00:10:38,mfsweep_shard0,SPT_SRWT,60,4205.20,38,0,1,998.5,1404.4,405.8,2,2,82.0,0.0,174.0,149.8,0.0,82.0
2026-09-20 00:10:38,mfsweep_shard0,SPT_SRWT,60,4205.20,39,0,1,1024.8,1452.2,427.4,2,2,72.6,0.0,150.5,156.3,47.9,72.6
2026-09-20 00:10:38,mfsweep_shard0,SPT_SRWT,60,4205.20,40,0,1,1051.1,1497.1,446.0,2,2,76.8,0.0,92.2,270.8,6.2,76.8
2026-09-20 00:10:38,mfsweep_shard0,SPT_SRWT,60,4205.20,41,0,1,1077.4,1492.5,415.2,2,2,55.1,0.0,206.9,153.2,0.0,55.1
2026-09-20 00:10:38,mfsweep_shard0,SPT_SRWT,60,4205.20,42,0,1,1103.7,1634.9,531.2,2,2,61.1,0.0,283.1,187.1,0.0,61.1
2026-09-20 00:10:38,mfsweep_shard0,SPT_SRWT,60,4205.20,43,0,1,1129.9,1665.0,535.1,2,2,63.1,0.0,260.3,201.3,10.3,63.1
2026-09-20 00:10:38,mfsweep_shard0,SPT_SRWT,60,4205.20,44,0,1,1156.2,1538.3,382.1,2,2,56.2,0.0,166.7,131.6,27.6,56.2
2026-09-20 00:10:38,mfsweep_shard0,SPT_SRWT,60,4205.20,45,0,1,1182.5,1677.9,495.4,2,2,61.2,0.0,215.7,218.4,0.0,61.2
2026-09-20 00:10:38,mfsweep_shard0,SPT_SRWT,60,4205.20,46,0,1,1208.8,1639.6,430.8,2,2,56.9,0.0,205.0,159.6,9.3,56.9
2026-09-20 00:10:38,mfsweep_shard0,SPT_SRWT,60,4205.20,47,0,1,1235.0,1553.3,318.2,2,2,62.7,0.0,53.5,195.0,7.0,62.7
2026-09-20 00:10:38,mfsweep_shard0,SPT_SRWT,60,4205.20,48,0,1,1261.3,1729.8,468.5,2,2,74.5,0.0,229.8,140.6,23.6,74.5
2026-09-20 00:10:38,mfsweep_shard0,SPT_SRWT,60,4205.20,49,0,1,1287.6,1821.5,533.9,2,2,65.6,0.0,255.2,213.1,0.0,65.6
2026-09-20 00:10:38,mfsweep_shard0,SPT_SRWT,60,4205.20,50,0,1,1313.9,1791.5,477.7,2,2,65.8,0.0,225.5,186.4,0.0,65.8
2026-09-20 00:10:38,mfsweep_shard0,SPT_SRWT,60,4205.20,51,0,1,1340.2,1980.2,640.1,2,2,60.5,0.0,418.4,155.3,5.9,60.5
2026-09-20 00:10:38,mfsweep_shard0,SPT_SRWT,60,4205.20,52,0,1,1366.4,1813.5,447.1,2,2,62.4,0.0,247.1,137.6,0.0,62.4
2026-09-20 00:10:38,mfsweep_shard0,SPT_SRWT,60,4205.20,53,0,1,1392.7,2066.1,673.4,2,2,84.5,0.0,393.9,195.0,0.0,84.5
2026-09-20 00:10:38,mfsweep_shard0,SPT_SRWT,60,4205.20,54,0,1,1419.0,1858.7,439.7,2,2,74.9,0.0,153.1,194.2,17.4,74.9
2026-09-20 00:10:38,mfsweep_shard0,SPT_SRWT,60,4205.20,55,0,1,1445.3,1912.4,467.2,2,2,73.6,0.0,262.3,131.2,0.0,73.6
2026-09-20 00:10:38,mfsweep_shard0,SPT_SRWT,60,4205.20,56,0,1,1471.5,1989.3,517.7,2,2,59.2,0.0,166.0,284.5,8.0,59.2
2026-09-20 00:10:38,mfsweep_shard0,SPT_SRWT,60,4205.20,57,0,1,1497.8,1941.6,443.8,2,2,77.6,0.0,208.9,146.3,11.0,77.6
2026-09-20 00:10:38,mfsweep_shard0,SPT_SRWT,60,4205.20,58,0,1,1524.1,2001.8,477.7,2,2,58.9,0.0,188.6,165.4,64.7,58.9
2026-09-20 00:10:38,mfsweep_shard0,SPT_SRWT,60,4205.20,59,0,1,1550.4,1984.6,434.2,2,2,66.1,0.0,123.5,194.9,49.8,66.1
2026-09-20 00:10:38,mfsweep_shard0,SPT_SRWT,60,4205.20,60,0,1,1576.6,2093.5,516.9,2,2,86.2,0.0,221.1,209.6,0.0,86.2
2026-09-20 00:10:38,mfsweep_shard0,SPT_SRWT,60,4205.20,61,0,1,1602.9,2070.8,467.9,2,2,74.7,0.1,158.0,225.4,9.8,74.7
2026-09-20 00:10:38,mfsweep_shard0,SPT_SRWT,60,4205.20,62,0,1,1629.2,2041.7,412.5,2,2,71.9,0.0,195.6,144.9,0.0,71.9
2026-09-20 00:10:38,mfsweep_shard0,SPT_SRWT,60,4205.20,63,0,1,1655.5,2205.1,549.6,2,2,76.1,0.0,241.4,176.5,55.5,76.1
2026-09-20 00:10:38,mfsweep_shard0,SPT_SRWT,60,4205.20,64,0,1,1681.8,2089.0,407.3,2,2,81.4,0.0,157.2,151.6,17.0,81.4
2026-09-20 00:10:38,mfsweep_shard0,SPT_SRWT,60,4205.20,65,0,1,1708.0,2149.5,441.4,2,2,79.2,0.0,224.2,138.1,0.0,79.2
2026-09-20 00:10:38,mfsweep_shard0,SPT_SRWT,60,4205.20,66,0,1,1734.3,2343.1,608.8,2,2,61.1,0.0,421.3,126.4,0.0,61.1
2026-09-20 00:10:38,mfsweep_shard0,SPT_SRWT,60,4205.20,67,0,1,1760.6,2360.9,600.3,2,2,54.6,0.0,364.4,181.2,0.0,54.6
2026-09-20 00:10:38,mfsweep_shard0,SPT_SRWT,60,4205.20,68,0,1,1786.9,2252.1,465.3,2,2,64.0,0.0,201.3,149.0,50.9,64.0
2026-09-20 00:10:38,mfsweep_shard0,SPT_SRWT,60,4205.20,69,0,1,1813.1,2214.6,401.5,2,2,62.4,0.0,146.9,167.0,25.2,62.4
2026-09-20 00:10:38,mfsweep_shard0,SPT_SRWT,60,4205.20,70,0,1,1839.4,2270.3,430.8,2,2,60.5,0.0,247.0,115.8,7.6,60.5
2026-09-20 00:10:38,mfsweep_shard0,SPT_SRWT,60,4205.20,71,0,1,1865.7,2522.4,656.7,2,2,84.7,0.0,327.9,180.7,53.9,94.2
2026-09-20 00:10:38,mfsweep_shard0,SPT_SRWT,60,4205.20,72,0,1,1892.0,2445.6,553.6,2,2,82.5,0.0,253.8,173.6,43.7,82.5
2026-09-20 00:10:38,mfsweep_shard0,SPT_SRWT,60,4205.20,73,0,1,1918.3,2399.3,481.0,2,2,63.9,0.0,227.7,189.4,0.0,63.9
2026-09-20 00:10:38,mfsweep_shard0,SPT_SRWT,60,4205.20,74,0,1,1944.5,2600.5,656.0,2,2,75.2,0.0,323.9,216.3,40.5,75.2
2026-09-20 00:10:38,mfsweep_shard0,SPT_SRWT,60,4205.20,75,0,1,1970.8,2454.7,483.9,2,2,66.6,0.0,137.5,279.8,0.0,66.6
2026-09-20 00:10:38,mfsweep_shard0,SPT_SRWT,60,4205.20,76,0,1,1997.1,2431.9,434.9,2,2,83.7,0.0,121.5,194.7,34.9,83.7
2026-09-20 00:10:38,mfsweep_shard0,SPT_SRWT,60,4205.20,77,0,1,2023.4,2374.8,351.5,2,2,68.7,0.0,144.0,129.8,8.9,68.7
2026-09-20 00:10:38,mfsweep_shard0,SPT_SRWT,60,4205.20,78,0,1,2049.6,2550.7,501.1,2,2,62.3,0.0,274.5,142.9,21.4,62.3
2026-09-20 00:10:38,mfsweep_shard0,SPT_SRWT,60,4205.20,79,0,1,2075.9,2475.9,400.0,2,2,61.7,0.0,192.3,124.4,21.6,61.7
2026-09-20 00:10:38,mfsweep_shard0,SPT_SRWT,60,4205.20,80,0,1,2102.2,2596.0,493.8,2,2,72.1,0.0,221.4,174.3,17.8,80.3
2026-09-20 00:10:38,mfsweep_shard0,SPT_SRWT,60,4205.20,81,0,1,2128.5,2774.6,646.1,2,2,62.2,0.0,413.7,159.1,11.0,62.2
2026-09-20 00:10:38,mfsweep_shard0,SPT_SRWT,60,4205.20,82,0,1,2154.7,2758.9,604.1,2,2,72.8,0.0,284.5,120.4,126.4,72.8
2026-09-20 00:10:38,mfsweep_shard0,SPT_SRWT,60,4205.20,83,0,1,2181.0,2985.7,804.7,2,2,83.2,0.1,212.6,477.6,31.2,83.2
2026-09-20 00:10:38,mfsweep_shard0,SPT_SRWT,60,4205.20,84,0,1,2207.3,2628.2,420.9,2,2,66.7,0.0,192.2,159.4,2.6,66.7
2026-09-20 00:10:38,mfsweep_shard0,SPT_SRWT,60,4205.20,85,0,1,2233.6,2959.5,725.9,2,2,60.8,0.0,310.6,286.5,62.4,66.4
2026-09-20 00:10:38,mfsweep_shard0,SPT_SRWT,60,4205.20,86,0,1,2259.9,2678.2,418.4,2,2,86.5,0.0,212.4,119.5,0.0,86.5
2026-09-20 00:10:38,mfsweep_shard0,SPT_SRWT,60,4205.20,87,0,1,2286.1,2917.9,631.7,2,2,70.4,0.0,191.0,348.8,21.5,70.4
2026-09-20 00:10:38,mfsweep_shard0,SPT_SRWT,60,4205.20,88,0,1,2312.4,2866.2,553.8,2,2,56.5,0.0,335.6,161.6,0.0,56.5
2026-09-20 00:10:38,mfsweep_shard0,SPT_SRWT,60,4205.20,89,0,1,2338.7,2769.7,431.0,2,2,55.1,0.0,223.7,134.9,17.3,55.1
2026-09-20 00:10:38,mfsweep_shard0,SPT_SRWT,60,4205.20,90,0,1,2365.0,2650.7,285.8,2,2,57.2,0.0,102.4,126.2,0.0,57.2
2026-09-20 00:10:38,mfsweep_shard0,SPT_SRWT,60,4205.20,91,0,1,2391.2,2746.5,355.2,2,2,74.3,0.0,149.3,131.6,0.0,74.3
2026-09-20 00:10:38,mfsweep_shard0,SPT_SRWT,60,4205.20,92,0,1,2417.5,2950.4,532.9,2,2,79.7,0.0,339.5,113.7,0.0,79.7
2026-09-20 00:10:38,mfsweep_shard0,SPT_SRWT,60,4205.20,93,0,1,2443.8,2908.9,465.1,2,2,67.5,0.0,240.0,121.7,35.9,67.5
2026-09-20 00:10:38,mfsweep_shard0,SPT_SRWT,60,4205.20,94,0,1,2470.1,2954.8,484.8,2,2,55.6,0.0,270.3,133.9,24.9,55.6
2026-09-20 00:10:38,mfsweep_shard0,SPT_SRWT,60,4205.20,95,0,1,2496.4,3152.6,656.3,2,2,66.1,0.0,437.9,152.3,0.0,66.1
2026-09-20 00:10:38,mfsweep_shard0,SPT_SRWT,60,4205.20,96,0,1,2522.6,2968.7,446.0,2,2,86.4,0.0,187.9,129.2,42.5,86.4
2026-09-20 00:10:38,mfsweep_shard0,SPT_SRWT,60,4205.20,97,0,1,2548.9,3003.0,454.1,2,2,71.0,0.0,73.9,309.1,0.0,71.0
2026-09-20 00:10:38,mfsweep_shard0,SPT_SRWT,60,4205.20,98,0,1,2575.2,2945.6,370.4,2,2,85.6,0.0,139.2,145.5,0.0,85.6
2026-09-20 00:10:38,mfsweep_shard0,SPT_SRWT,60,4205.20,99,0,1,2601.5,3089.2,487.7,2,2,82.0,0.0,252.5,153.2,0.0,82.0
2026-09-20 00:10:38,mfsweep_shard0,SPT_SRWT,60,4205.20,100,0,1,2627.7,3261.8,634.0,2,2,53.9,0.0,230.3,345.8,4.0,53.9
2026-09-20 00:10:38,mfsweep_shard0,SPT_SRWT,60,4205.20,101,0,1,2654.0,3270.3,616.3,2,2,77.3,0.0,425.2,113.8,0.0,77.3
2026-09-20 00:10:38,mfsweep_shard0,SPT_SRWT,60,4205.20,102,0,1,2680.3,3107.7,427.4,2,2,76.0,0.0,192.5,151.5,7.3,76.0
2026-09-20 00:10:38,mfsweep_shard0,SPT_SRWT,60,4205.20,103,0,1,2706.6,3219.3,512.7,2,2,71.3,0.0,277.8,118.2,45.4,71.3
2026-09-20 00:10:38,mfsweep_shard0,SPT_SRWT,60,4205.20,104,0,1,2732.9,3157.4,424.5,2,2,62.4,0.0,248.8,113.3,0.0,62.4
2026-09-20 00:10:38,mfsweep_shard0,SPT_SRWT,60,4205.20,105,0,1,2759.1,3139.9,380.8,2,2,74.7,0.0,102.3,173.7,30.1,74.7
2026-09-20 00:10:38,mfsweep_shard0,SPT_SRWT,60,4205.20,106,0,1,2785.4,3238.5,453.1,2,2,57.2,0.0,234.5,161.3,0.0,57.2
2026-09-20 00:10:38,mfsweep_shard0,SPT_SRWT,60,4205.20,107,0,1,2811.7,3886.1,1074.4,2,2,67.9,0.0,699.9,186.2,120.4,67.9
2026-09-20 00:10:38,mfsweep_shard0,SPT_SRWT,60,4205.20,108,0,1,2838.0,3357.8,519.8,2,2,68.5,0.0,321.2,123.6,6.5,68.5
2026-09-20 00:10:38,mfsweep_shard0,SPT_SRWT,60,4205.20,109,0,1,2864.2,3401.7,537.5,2,2,85.0,0.0,250.5,137.0,64.9,85.0
2026-09-20 00:10:38,mfsweep_shard0,SPT_SRWT,60,4205.20,110,0,1,2890.5,4056.1,1165.6,2,2,82.4,0.0,378.5,375.3,268.1,143.7
2026-09-20 00:10:38,mfsweep_shard0,SPT_SRWT,60,4205.20,111,0,1,2916.8,3662.3,745.5,2,2,62.2,0.0,399.0,226.3,49.4,70.8
2026-09-20 00:10:38,mfsweep_shard0,SPT_SRWT,60,4205.20,112,0,1,2943.1,3796.9,853.8,2,2,70.1,0.0,586.1,170.3,27.3,70.1
2026-09-20 00:10:38,mfsweep_shard0,SPT_SRWT,60,4205.20,113,0,1,2969.3,3849.8,880.5,2,2,59.4,0.0,467.8,325.5,19.8,67.3
2026-09-20 00:10:38,mfsweep_shard0,SPT_SRWT,60,4205.20,114,0,1,2995.6,3388.2,392.6,2,2,83.7,0.1,139.4,129.3,40.1,83.7
2026-09-20 00:10:38,mfsweep_shard0,SPT_SRWT,60,4205.20,115,0,1,3021.9,3750.7,728.8,2,2,82.3,0.0,398.9,240.3,7.3,82.3
2026-09-20 00:10:38,mfsweep_shard0,SPT_SRWT,60,4205.20,116,0,1,3048.2,3375.9,327.7,2,2,63.4,0.0,105.9,158.3,0.0,63.4
2026-09-20 00:10:38,mfsweep_shard0,SPT_SRWT,60,4205.20,117,0,1,3074.5,3493.2,418.7,2,2,74.6,0.0,205.6,118.8,19.6,74.6
2026-09-20 00:10:38,mfsweep_shard0,SPT_SRWT,60,4205.20,118,0,1,3100.7,3741.3,640.6,2,2,73.6,0.0,371.0,165.1,30.8,73.6
2026-09-20 00:10:38,mfsweep_shard0,SPT_SRWT,60,4205.20,119,0,1,3127.0,3684.8,557.8,2,2,58.6,0.0,273.4,168.4,57.5,58.6
2026-09-20 00:10:38,mfsweep_shard0,SPT_SRWT,60,4205.20,120,0,1,3153.3,3926.9,773.6,2,2,78.7,0.1,391.6,119.1,184.1,78.7
2026-09-20 00:10:38,mfsweep_shard0,SPT_SRWT,60,4205.20,121,0,1,3179.6,3699.7,520.2,2,2,71.3,0.1,228.7,181.9,38.2,71.3
2026-09-20 00:10:38,mfsweep_shard0,SPT_SRWT,60,4205.20,122,0,1,3205.8,3881.8,675.9,2,2,79.2,0.1,157.3,178.5,238.7,101.4
2026-09-20 00:10:38,mfsweep_shard0,SPT_SRWT,60,4205.20,123,0,1,3232.1,3821.9,589.8,2,2,71.0,0.1,334.0,171.2,13.4,71.0
2026-09-20 00:10:38,mfsweep_shard0,SPT_SRWT,60,4205.20,124,0,1,3258.4,3840.4,582.0,2,2,53.6,0.0,403.1,125.3,0.0,53.6
2026-09-20 00:10:38,mfsweep_shard0,SPT_SRWT,60,4205.20,125,0,1,3284.7,3755.5,470.8,2,2,64.2,0.0,158.3,200.5,33.8,78.1
2026-09-20 00:10:38,mfsweep_shard0,SPT_SRWT,60,4205.20,126,0,1,3311.0,4024.1,713.2,2,2,54.2,0.0,309.6,348.3,1.1,54.2
2026-09-20 00:10:38,mfsweep_shard0,SPT_SRWT,60,4205.20,127,0,1,3337.2,4205.2,868.0,2,2,84.2,0.1,231.1,120.9,396.3,119.6
2026-09-20 00:10:38,mfsweep_shard0,SPT_SRWT,60,4205.20,128,0,1,3363.5,4114.3,750.8,2,2,82.5,0.1,154.2,218.8,295.2,82.5
2026-09-20 00:10:38,mfsweep_shard0,SPT_SRWT,60,4205.20,129,0,1,3389.8,3986.1,596.3,2,2,81.0,0.1,83.9,102.7,328.7,81.0
2026-09-20 00:10:38,mfsweep_shard0,SPT_SRWT,60,4205.20,130,0,1,3416.1,3826.6,410.6,2,2,63.7,0.1,195.4,151.4,0.0,63.7
2026-09-20 00:10:38,mfsweep_shard0,SPT_SRWT,60,4205.20,131,0,1,3442.3,3890.8,448.5,2,2,55.5,0.0,220.1,131.8,41.1,55.5
2026-09-20 00:10:38,mfsweep_shard0,SPT_SRWT,60,4205.20,132,0,1,3468.6,4051.4,582.8,2,2,82.5,0.0,380.7,93.1,26.5,82.5
2026-09-20 00:10:38,mfsweep_shard0,SPT_SRWT,60,4205.20,133,0,1,3494.9,3945.3,450.4,2,2,84.8,0.0,221.3,144.3,0.0,84.8
2026-09-20 00:10:38,mfsweep_shard0,SPT_SRWT,60,4205.20,134,0,1,3521.2,3990.9,469.7,2,2,56.4,0.0,218.4,146.2,48.7,56.4
2026-09-20 00:10:38,mfsweep_shard0,SPT_SRWT,60,4205.20,135,0,1,3547.5,3936.4,388.9,2,2,69.6,0.0,122.1,148.5,48.7,69.6
2026-09-20 00:10:38,mfsweep_shard0,SPT_SRWT,60,4205.20,136,0,1,3573.7,3995.4,421.7,2,2,55.8,0.0,225.8,139.0,1.1,55.8
2026-09-20 00:12:58,mfsweep_shard0,SPT_SRWT,61,4172.82,0,0,1,0.0,205.8,205.8,2,2,74.6,0.0,62.0,69.2,0.0,74.6
2026-09-20 00:12:58,mfsweep_shard0,SPT_SRWT,61,4172.82,1,0,1,26.3,270.2,243.9,2,2,54.4,0.0,80.3,69.4,39.7,54.4
2026-09-20 00:12:58,mfsweep_shard0,SPT_SRWT,61,4172.82,2,0,1,52.6,313.7,261.1,2,2,62.6,0.0,56.4,142.0,0.0,62.6
2026-09-20 00:12:58,mfsweep_shard0,SPT_SRWT,61,4172.82,3,0,1,78.8,377.7,298.8,2,2,60.9,0.0,124.4,104.3,0.0,70.1
2026-09-20 00:12:58,mfsweep_shard0,SPT_SRWT,61,4172.82,4,0,1,105.1,352.6,247.5,2,2,77.8,0.0,88.7,80.9,0.0,77.8
2026-09-20 00:12:58,mfsweep_shard0,SPT_SRWT,61,4172.82,5,0,1,131.4,400.1,268.7,2,2,75.9,0.0,56.2,124.9,11.8,75.9
2026-09-20 00:12:58,mfsweep_shard0,SPT_SRWT,61,4172.82,6,0,1,157.7,450.6,293.0,2,2,83.0,0.0,86.9,82.3,40.7,83.0
2026-09-20 00:12:58,mfsweep_shard0,SPT_SRWT,61,4172.82,7,0,1,183.9,532.9,349.0,2,2,56.4,0.0,120.1,172.4,0.0,56.4
2026-09-20 00:12:58,mfsweep_shard0,SPT_SRWT,61,4172.82,8,0,1,210.2,583.9,373.7,2,2,67.5,0.0,126.5,160.7,3.2,83.2
2026-09-20 00:12:58,mfsweep_shard0,SPT_SRWT,61,4172.82,9,0,1,236.5,551.7,315.2,2,2,54.5,0.0,91.5,118.6,50.5,54.5
2026-09-20 00:12:58,mfsweep_shard0,SPT_SRWT,61,4172.82,10,0,1,262.8,601.7,338.9,2,2,60.8,0.0,112.9,97.8,67.3,60.8
2026-09-20 00:12:58,mfsweep_shard0,SPT_SRWT,61,4172.82,11,0,1,289.1,500.5,211.5,2,2,70.2,0.0,59.4,81.9,0.0,70.2
2026-09-20 00:12:58,mfsweep_shard0,SPT_SRWT,61,4172.82,12,0,1,315.3,623.3,308.0,2,2,54.4,0.0,123.7,86.5,43.4,54.4
2026-09-20 00:12:58,mfsweep_shard0,SPT_SRWT,61,4172.82,13,0,1,341.6,633.1,291.4,2,2,60.1,0.0,80.3,124.6,26.4,60.1
2026-09-20 00:12:58,mfsweep_shard0,SPT_SRWT,61,4172.82,14,0,1,367.9,646.8,278.9,2,2,75.0,0.0,84.3,119.6,0.0,75.0
2026-09-20 00:12:58,mfsweep_shard0,SPT_SRWT,61,4172.82,15,0,1,394.2,700.5,306.4,2,2,71.5,0.0,146.7,78.9,9.2,71.5
2026-09-20 00:12:58,mfsweep_shard0,SPT_SRWT,61,4172.82,16,0,1,420.4,674.6,254.1,2,2,60.8,0.0,52.4,81.1,59.8,60.8
2026-09-20 00:12:58,mfsweep_shard0,SPT_SRWT,61,4172.82,17,0,1,446.7,744.1,297.4,2,2,73.0,0.0,113.2,111.2,0.0,73.0
2026-09-20 00:12:58,mfsweep_shard0,SPT_SRWT,61,4172.82,18,0,1,473.0,839.0,366.0,2,2,80.3,0.0,130.5,115.1,0.0,120.4
2026-09-20 00:12:58,mfsweep_shard0,SPT_SRWT,61,4172.82,19,0,1,499.3,718.1,218.8,2,2,53.8,0.0,68.1,92.5,4.4,53.8
2026-09-20 00:12:58,mfsweep_shard0,SPT_SRWT,61,4172.82,20,0,1,525.6,890.8,365.3,2,2,80.1,0.0,176.6,88.0,20.5,80.1
2026-09-20 00:12:58,mfsweep_shard0,SPT_SRWT,61,4172.82,21,0,1,551.8,825.1,273.3,2,2,76.6,0.0,112.8,83.9,0.0,76.6
2026-09-20 00:12:58,mfsweep_shard0,SPT_SRWT,61,4172.82,22,0,1,578.1,984.4,406.3,2,2,64.8,0.0,87.8,119.6,134.1,64.8
2026-09-20 00:12:58,mfsweep_shard0,SPT_SRWT,61,4172.82,23,0,1,604.4,877.0,272.6,2,2,58.7,0.0,110.8,86.9,16.2,58.7
2026-09-20 00:12:58,mfsweep_shard0,SPT_SRWT,61,4172.82,24,0,1,630.7,947.9,317.3,2,2,85.1,0.0,107.6,84.1,40.4,85.1
2026-09-20 00:12:58,mfsweep_shard0,SPT_SRWT,61,4172.82,25,0,1,656.9,921.8,264.9,2,2,64.7,0.0,121.2,79.0,0.0,64.7
2026-09-20 00:12:58,mfsweep_shard0,SPT_SRWT,61,4172.82,26,0,1,683.2,979.7,296.5,2,2,56.6,0.0,125.0,73.1,41.8,56.6
2026-09-20 00:12:58,mfsweep_shard0,SPT_SRWT,61,4172.82,27,0,1,709.5,943.6,234.1,2,2,56.7,0.0,56.7,102.2,18.5,56.7
2026-09-20 00:12:58,mfsweep_shard0,SPT_SRWT,61,4172.82,28,0,1,735.8,1014.9,279.1,2,2,81.5,0.0,74.3,93.4,29.8,81.5
2026-09-20 00:12:58,mfsweep_shard0,SPT_SRWT,61,4172.82,29,0,1,762.0,1070.3,308.3,2,2,73.5,0.0,115.1,86.8,32.9,73.5
2026-09-20 00:12:58,mfsweep_shard0,SPT_SRWT,61,4172.82,30,0,1,788.3,1176.0,387.7,2,2,80.2,0.0,126.2,178.7,2.6,80.2
2026-09-20 00:12:58,mfsweep_shard0,SPT_SRWT,61,4172.82,31,0,1,814.6,1252.8,438.2,2,2,77.6,0.1,192.0,154.1,0.0,92.1
2026-09-20 00:12:58,mfsweep_shard0,SPT_SRWT,61,4172.82,32,0,1,840.9,1109.5,268.6,2,2,71.2,0.0,115.3,82.0,0.0,71.2
2026-09-20 00:12:58,mfsweep_shard0,SPT_SRWT,61,4172.82,33,0,1,867.2,1150.0,282.8,2,2,85.7,0.0,120.7,76.4,0.0,85.7
2026-09-20 00:12:58,mfsweep_shard0,SPT_SRWT,61,4172.82,34,0,1,893.4,1332.2,438.8,2,2,66.0,0.0,153.7,132.2,66.0,86.9
2026-09-20 00:12:58,mfsweep_shard0,SPT_SRWT,61,4172.82,35,0,1,919.7,1336.7,417.0,2,2,71.8,0.0,190.3,154.7,0.2,71.8
2026-09-20 00:12:58,mfsweep_shard0,SPT_SRWT,61,4172.82,36,0,1,946.0,1288.9,342.9,2,2,80.9,0.0,168.3,84.6,9.2,80.9
2026-09-20 00:12:58,mfsweep_shard0,SPT_SRWT,61,4172.82,37,0,1,972.3,1248.3,276.0,2,2,74.0,0.0,119.8,82.2,0.0,74.0
2026-09-20 00:12:58,mfsweep_shard0,SPT_SRWT,61,4172.82,38,0,1,998.5,1467.3,468.7,2,2,82.0,0.0,105.3,189.4,92.1,82.0
2026-09-20 00:12:58,mfsweep_shard0,SPT_SRWT,61,4172.82,39,0,1,1024.8,1385.9,361.1,2,2,72.6,0.0,169.7,106.6,12.2,72.6
2026-09-20 00:12:58,mfsweep_shard0,SPT_SRWT,61,4172.82,40,0,1,1051.1,1462.9,411.8,2,2,76.8,0.1,163.7,101.7,69.5,76.8
2026-09-20 00:12:58,mfsweep_shard0,SPT_SRWT,61,4172.82,41,0,1,1077.4,1371.9,294.5,2,2,55.1,0.0,84.5,116.5,38.4,55.1
2026-09-20 00:12:58,mfsweep_shard0,SPT_SRWT,61,4172.82,42,0,1,1103.7,1534.0,430.3,2,2,61.1,0.0,198.2,128.1,43.0,61.1
2026-09-20 00:12:58,mfsweep_shard0,SPT_SRWT,61,4172.82,43,0,1,1129.9,1484.6,354.7,2,2,63.1,0.0,179.1,112.5,0.0,63.1
2026-09-20 00:12:58,mfsweep_shard0,SPT_SRWT,61,4172.82,44,0,1,1156.2,1560.0,403.8,2,2,56.2,0.0,187.4,160.2,0.0,56.2
2026-09-20 00:12:58,mfsweep_shard0,SPT_SRWT,61,4172.82,45,0,1,1182.5,1610.6,428.1,2,2,61.2,0.0,161.2,151.0,54.6,61.2
2026-09-20 00:12:58,mfsweep_shard0,SPT_SRWT,61,4172.82,46,0,1,1208.8,1802.5,593.7,2,2,56.9,0.0,191.8,292.7,49.8,59.4
2026-09-20 00:12:58,mfsweep_shard0,SPT_SRWT,61,4172.82,47,0,1,1235.0,1655.1,420.0,2,2,62.7,0.0,179.2,167.3,10.8,62.7
2026-09-20 00:12:58,mfsweep_shard0,SPT_SRWT,61,4172.82,48,0,1,1261.3,1907.5,646.2,2,2,74.5,0.0,214.5,144.9,183.6,103.2
2026-09-20 00:12:58,mfsweep_shard0,SPT_SRWT,61,4172.82,49,0,1,1287.6,1620.1,332.5,2,2,65.6,0.0,147.6,119.3,0.0,65.6
2026-09-20 00:12:58,mfsweep_shard0,SPT_SRWT,61,4172.82,50,0,1,1313.9,1816.7,502.8,2,2,65.8,0.0,128.3,173.7,135.0,65.8
2026-09-20 00:12:58,mfsweep_shard0,SPT_SRWT,61,4172.82,51,0,1,1340.2,1750.2,410.0,2,2,60.5,0.0,205.7,130.3,13.6,60.5
2026-09-20 00:12:58,mfsweep_shard0,SPT_SRWT,61,4172.82,52,0,1,1366.4,1881.9,515.5,2,2,62.4,0.1,248.9,142.5,61.7,62.4
2026-09-20 00:12:58,mfsweep_shard0,SPT_SRWT,61,4172.82,53,0,1,1392.7,2297.7,905.0,2,2,84.5,0.0,200.4,213.0,407.0,84.5
2026-09-20 00:12:58,mfsweep_shard0,SPT_SRWT,61,4172.82,54,0,1,1419.0,1863.3,444.3,2,2,74.9,0.0,194.6,154.1,20.6,74.9
2026-09-20 00:12:58,mfsweep_shard0,SPT_SRWT,61,4172.82,55,0,1,1445.3,1811.9,366.6,2,2,73.6,0.0,148.8,144.2,0.0,73.6
2026-09-20 00:12:58,mfsweep_shard0,SPT_SRWT,61,4172.82,56,0,1,1471.5,1957.2,485.7,2,2,59.2,0.0,214.1,163.3,49.0,59.2
2026-09-20 00:12:58,mfsweep_shard0,SPT_SRWT,61,4172.82,57,0,1,1497.8,1854.1,356.3,2,2,77.6,0.0,140.3,138.4,0.0,77.6
2026-09-20 00:12:58,mfsweep_shard0,SPT_SRWT,61,4172.82,58,0,1,1524.1,1998.9,474.8,2,2,58.9,0.0,157.9,255.4,2.6,58.9
2026-09-20 00:12:58,mfsweep_shard0,SPT_SRWT,61,4172.82,59,0,1,1550.4,2052.2,501.8,2,2,66.1,0.0,241.9,135.1,38.0,86.8
2026-09-20 00:12:58,mfsweep_shard0,SPT_SRWT,61,4172.82,60,0,1,1576.6,2228.5,651.8,2,2,86.2,0.0,375.1,149.6,40.9,86.2
2026-09-20 00:12:58,mfsweep_shard0,SPT_SRWT,61,4172.82,61,0,1,1602.9,2135.2,532.3,2,2,74.7,0.1,317.1,131.9,8.6,74.7
2026-09-20 00:12:58,mfsweep_shard0,SPT_SRWT,61,4172.82,62,0,1,1629.2,2043.5,414.3,2,2,71.9,0.0,159.5,163.0,19.9,71.9
2026-09-20 00:12:58,mfsweep_shard0,SPT_SRWT,61,4172.82,63,0,1,1655.5,1989.6,334.1,2,2,76.1,0.0,118.7,139.2,0.0,76.1
2026-09-20 00:12:58,mfsweep_shard0,SPT_SRWT,61,4172.82,64,0,1,1681.8,2139.8,458.1,2,2,81.4,0.1,199.4,153.7,23.5,81.4
2026-09-20 00:12:58,mfsweep_shard0,SPT_SRWT,61,4172.82,65,0,1,1708.0,2262.2,554.2,2,2,79.2,0.0,289.9,161.5,23.6,79.2
2026-09-20 00:12:58,mfsweep_shard0,SPT_SRWT,61,4172.82,66,0,1,1734.3,2114.4,380.1,2,2,61.1,0.0,147.1,138.9,33.0,61.1
2026-09-20 00:12:58,mfsweep_shard0,SPT_SRWT,61,4172.82,67,0,1,1760.6,2183.0,422.4,2,2,54.6,0.0,177.7,190.0,0.0,54.6
2026-09-20 00:12:58,mfsweep_shard0,SPT_SRWT,61,4172.82,68,0,1,1786.9,2278.5,491.6,2,2,64.0,0.0,239.8,129.4,58.4,64.0
2026-09-20 00:12:58,mfsweep_shard0,SPT_SRWT,61,4172.82,69,0,1,1813.1,2508.6,695.4,2,2,62.4,0.0,389.1,185.5,58.5,62.4
2026-09-20 00:12:58,mfsweep_shard0,SPT_SRWT,61,4172.82,70,0,1,1839.4,2196.4,356.9,2,2,60.5,0.0,167.4,108.7,20.3,60.5
2026-09-20 00:12:58,mfsweep_shard0,SPT_SRWT,61,4172.82,71,0,1,1865.7,2628.3,762.6,2,2,84.7,0.0,442.3,197.6,38.0,84.7
2026-09-20 00:12:58,mfsweep_shard0,SPT_SRWT,61,4172.82,72,0,1,1892.0,2392.8,500.8,2,2,82.5,0.0,185.0,233.4,0.0,82.5
2026-09-20 00:12:58,mfsweep_shard0,SPT_SRWT,61,4172.82,73,0,1,1918.3,2307.2,389.0,2,2,63.9,0.0,156.6,128.0,40.4,63.9
2026-09-20 00:12:58,mfsweep_shard0,SPT_SRWT,61,4172.82,74,0,1,1944.5,2681.4,736.9,2,2,75.2,0.0,291.2,303.6,62.9,79.2
2026-09-20 00:12:58,mfsweep_shard0,SPT_SRWT,61,4172.82,75,0,1,1970.8,2499.2,528.4,2,2,66.6,0.0,259.2,195.0,7.5,66.6
2026-09-20 00:12:58,mfsweep_shard0,SPT_SRWT,61,4172.82,76,0,1,1997.1,2529.2,532.1,2,2,83.7,0.0,284.9,163.4,0.0,83.7
2026-09-20 00:12:58,mfsweep_shard0,SPT_SRWT,61,4172.82,77,0,1,2023.4,2447.0,423.6,2,2,68.7,0.0,160.7,174.3,19.8,68.7
2026-09-20 00:12:58,mfsweep_shard0,SPT_SRWT,61,4172.82,78,0,1,2049.6,2350.1,300.4,2,2,62.3,0.0,99.6,129.7,8.7,62.3
2026-09-20 00:12:58,mfsweep_shard0,SPT_SRWT,61,4172.82,79,0,1,2075.9,2601.0,525.1,2,2,61.7,0.0,292.7,127.5,43.2,61.7
2026-09-20 00:12:58,mfsweep_shard0,SPT_SRWT,61,4172.82,80,0,1,2102.2,2478.2,376.0,2,2,72.1,0.0,148.5,145.1,10.3,72.1
2026-09-20 00:12:58,mfsweep_shard0,SPT_SRWT,61,4172.82,81,0,1,2128.5,2605.9,477.4,2,2,62.2,0.0,255.6,122.3,37.2,62.2
2026-09-20 00:12:58,mfsweep_shard0,SPT_SRWT,61,4172.82,82,0,1,2154.7,2610.7,455.9,2,2,72.8,0.0,172.3,155.0,55.8,72.8
2026-09-20 00:12:58,mfsweep_shard0,SPT_SRWT,61,4172.82,83,0,1,2181.0,2733.0,552.0,2,2,83.2,0.0,308.5,160.3,0.0,83.2
2026-09-20 00:12:58,mfsweep_shard0,SPT_SRWT,61,4172.82,84,0,1,2207.3,2755.7,548.4,2,2,66.7,0.0,348.5,109.3,23.8,66.7
2026-09-20 00:12:58,mfsweep_shard0,SPT_SRWT,61,4172.82,85,0,1,2233.6,2676.6,443.0,2,2,60.8,0.0,184.0,198.1,0.0,60.8
2026-09-20 00:12:58,mfsweep_shard0,SPT_SRWT,61,4172.82,86,0,1,2259.9,2838.1,578.2,2,2,86.5,0.0,348.5,94.4,48.8,86.5
2026-09-20 00:12:58,mfsweep_shard0,SPT_SRWT,61,4172.82,87,0,1,2286.1,2750.8,464.7,2,2,70.4,0.0,192.4,198.7,3.2,70.4
2026-09-20 00:12:58,mfsweep_shard0,SPT_SRWT,61,4172.82,88,0,1,2312.4,2742.2,429.8,2,2,56.5,0.0,243.8,105.8,23.6,56.5
2026-09-20 00:12:58,mfsweep_shard0,SPT_SRWT,61,4172.82,89,0,1,2338.7,3241.0,902.3,2,2,55.1,0.0,644.8,176.4,0.0,81.1
2026-09-20 00:12:58,mfsweep_shard0,SPT_SRWT,61,4172.82,90,0,1,2365.0,2892.6,527.6,2,2,57.2,0.0,320.4,150.0,0.0,57.2
2026-09-20 00:12:58,mfsweep_shard0,SPT_SRWT,61,4172.82,91,0,1,2391.2,3021.1,629.9,2,2,74.3,0.0,291.6,264.0,0.0,74.3
2026-09-20 00:12:58,mfsweep_shard0,SPT_SRWT,61,4172.82,92,0,1,2417.5,2764.5,347.0,2,2,79.7,0.0,154.1,113.2,0.0,79.7
2026-09-20 00:12:58,mfsweep_shard0,SPT_SRWT,61,4172.82,93,0,1,2443.8,3070.4,626.6,2,2,67.5,0.1,316.2,158.1,84.8,67.5
2026-09-20 00:12:58,mfsweep_shard0,SPT_SRWT,61,4172.82,94,0,1,2470.1,3099.8,629.7,2,2,55.6,0.0,146.5,427.5,0.0,55.6
2026-09-20 00:12:58,mfsweep_shard0,SPT_SRWT,61,4172.82,95,0,1,2496.4,3038.3,542.0,2,2,66.1,0.0,317.2,136.8,21.8,66.1
2026-09-20 00:12:58,mfsweep_shard0,SPT_SRWT,61,4172.82,96,0,1,2522.6,3003.6,480.9,2,2,86.4,0.0,285.5,109.0,0.0,86.4
2026-09-20 00:12:58,mfsweep_shard0,SPT_SRWT,61,4172.82,97,0,1,2548.9,3065.7,516.8,2,2,71.0,0.0,296.1,149.7,0.0,71.0
2026-09-20 00:12:58,mfsweep_shard0,SPT_SRWT,61,4172.82,98,0,1,2575.2,3025.8,450.6,2,2,85.6,0.0,203.3,156.9,4.7,85.6
2026-09-20 00:12:58,mfsweep_shard0,SPT_SRWT,61,4172.82,99,0,1,2601.5,3056.7,455.3,2,2,82.0,0.0,248.4,124.8,0.0,82.0
2026-09-20 00:12:58,mfsweep_shard0,SPT_SRWT,61,4172.82,100,0,1,2627.7,3346.2,718.5,2,2,53.9,0.0,416.8,202.8,30.9,67.9
2026-09-20 00:12:58,mfsweep_shard0,SPT_SRWT,61,4172.82,101,0,1,2654.0,3109.4,455.4,2,2,77.3,0.0,176.8,150.2,51.1,77.3
2026-09-20 00:12:58,mfsweep_shard0,SPT_SRWT,61,4172.82,102,0,1,2680.3,3245.3,565.0,2,2,76.0,0.0,340.7,148.2,0.0,76.0
2026-09-20 00:12:58,mfsweep_shard0,SPT_SRWT,61,4172.82,103,0,1,2706.6,3299.1,592.6,2,2,71.3,0.0,382.1,129.1,10.1,71.3
2026-09-20 00:12:58,mfsweep_shard0,SPT_SRWT,61,4172.82,104,0,1,2732.9,3350.9,618.1,2,2,62.4,0.0,204.6,351.0,0.0,62.4
2026-09-20 00:12:58,mfsweep_shard0,SPT_SRWT,61,4172.82,105,0,1,2759.1,3423.4,664.3,2,2,74.7,0.1,225.8,337.6,26.2,74.7
2026-09-20 00:12:58,mfsweep_shard0,SPT_SRWT,61,4172.82,106,0,1,2785.4,3105.1,319.7,2,2,57.2,0.0,133.3,97.7,31.4,57.2
2026-09-20 00:12:58,mfsweep_shard0,SPT_SRWT,61,4172.82,107,0,1,2811.7,3277.5,465.8,2,2,67.9,0.0,276.7,121.2,0.0,67.9
2026-09-20 00:12:58,mfsweep_shard0,SPT_SRWT,61,4172.82,108,0,1,2838.0,3325.8,487.9,2,2,68.5,0.0,259.7,159.6,0.0,68.5
2026-09-20 00:12:58,mfsweep_shard0,SPT_SRWT,61,4172.82,109,0,1,2864.2,3380.6,516.4,2,2,85.0,0.0,279.3,123.6,28.4,85.0
2026-09-20 00:12:58,mfsweep_shard0,SPT_SRWT,61,4172.82,110,0,1,2890.5,3400.4,509.9,2,2,82.4,0.0,235.8,132.7,58.9,82.4
2026-09-20 00:12:58,mfsweep_shard0,SPT_SRWT,61,4172.82,111,0,1,2916.8,3419.1,502.3,2,2,62.2,0.0,292.3,144.6,3.1,62.2
2026-09-20 00:12:58,mfsweep_shard0,SPT_SRWT,61,4172.82,112,0,1,2943.1,3414.3,471.2,2,2,70.1,0.0,108.3,269.2,23.7,70.1
2026-09-20 00:12:58,mfsweep_shard0,SPT_SRWT,61,4172.82,113,0,1,2969.3,3464.5,495.1,2,2,59.4,0.0,223.4,167.3,44.9,59.4
2026-09-20 00:12:58,mfsweep_shard0,SPT_SRWT,61,4172.82,114,0,1,2995.6,3541.8,546.2,2,2,83.7,0.0,305.8,156.7,0.0,83.7
2026-09-20 00:12:58,mfsweep_shard0,SPT_SRWT,61,4172.82,115,0,1,3021.9,3814.9,793.0,2,2,82.3,0.0,444.8,169.7,96.3,82.3
2026-09-20 00:12:58,mfsweep_shard0,SPT_SRWT,61,4172.82,116,0,1,3048.2,3616.3,568.1,2,2,63.4,0.0,246.6,241.1,16.9,63.4
2026-09-20 00:12:58,mfsweep_shard0,SPT_SRWT,61,4172.82,117,0,1,3074.5,3793.3,718.8,2,2,74.6,0.0,365.0,216.8,14.1,122.9
2026-09-20 00:12:58,mfsweep_shard0,SPT_SRWT,61,4172.82,118,0,1,3100.7,3713.9,613.1,2,2,73.6,0.0,345.1,126.1,68.3,73.6
2026-09-20 00:12:58,mfsweep_shard0,SPT_SRWT,61,4172.82,119,0,1,3127.0,3625.7,498.7,2,2,58.6,0.0,246.5,193.6,0.0,58.6
2026-09-20 00:12:58,mfsweep_shard0,SPT_SRWT,61,4172.82,120,0,1,3153.3,3634.9,481.6,2,2,78.7,0.0,160.8,162.9,79.2,78.7
2026-09-20 00:12:58,mfsweep_shard0,SPT_SRWT,61,4172.82,121,0,1,3179.6,3682.1,502.5,2,2,71.3,0.0,291.0,140.1,0.0,71.3
2026-09-20 00:12:58,mfsweep_shard0,SPT_SRWT,61,4172.82,122,0,1,3205.8,3773.0,567.1,2,2,79.2,0.1,315.7,156.7,15.4,79.2
2026-09-20 00:12:58,mfsweep_shard0,SPT_SRWT,61,4172.82,123,0,1,3232.1,3832.4,600.3,2,2,71.0,0.0,321.8,185.1,22.3,71.0
2026-09-20 00:12:58,mfsweep_shard0,SPT_SRWT,61,4172.82,124,0,1,3258.4,3677.5,419.1,2,2,53.6,0.0,206.8,128.2,30.5,53.6
2026-09-20 00:12:58,mfsweep_shard0,SPT_SRWT,61,4172.82,125,0,1,3284.7,3663.5,378.8,2,2,64.2,0.0,180.8,133.7,0.0,64.2
2026-09-20 00:12:58,mfsweep_shard0,SPT_SRWT,61,4172.82,126,0,1,3311.0,3846.1,535.2,2,2,54.2,0.0,205.6,270.0,5.4,54.2
2026-09-20 00:12:58,mfsweep_shard0,SPT_SRWT,61,4172.82,127,0,1,3337.2,3877.6,540.3,2,2,84.2,0.0,249.4,184.2,22.5,84.2
2026-09-20 00:12:58,mfsweep_shard0,SPT_SRWT,61,4172.82,128,0,1,3363.5,3837.1,473.6,2,2,82.5,0.0,209.1,181.2,0.7,82.5
2026-09-20 00:12:58,mfsweep_shard0,SPT_SRWT,61,4172.82,129,0,1,3389.8,3777.8,388.0,2,2,81.0,0.0,195.4,111.6,0.0,81.0
2026-09-20 00:12:58,mfsweep_shard0,SPT_SRWT,61,4172.82,130,0,1,3416.1,3850.9,434.9,2,2,63.7,0.0,187.6,178.4,5.1,63.7
2026-09-20 00:12:58,mfsweep_shard0,SPT_SRWT,61,4172.82,131,0,1,3442.3,3882.2,439.9,2,2,55.5,0.0,209.4,157.6,17.4,55.5
2026-09-20 00:12:58,mfsweep_shard0,SPT_SRWT,61,4172.82,132,0,1,3468.6,4172.8,704.2,2,2,82.5,0.0,284.0,259.4,10.5,150.3
2026-09-20 00:12:58,mfsweep_shard0,SPT_SRWT,61,4172.82,133,0,1,3494.9,3938.4,443.5,2,2,84.8,0.0,99.9,141.2,117.7,84.8
2026-09-20 00:12:58,mfsweep_shard0,SPT_SRWT,61,4172.82,134,0,1,3521.2,3892.2,371.1,2,2,56.4,0.0,186.8,127.3,0.6,56.4
2026-09-20 00:12:58,mfsweep_shard0,SPT_SRWT,61,4172.82,135,0,1,3547.5,3887.5,340.0,2,2,69.6,0.0,138.1,132.3,0.0,69.6
2026-09-20 00:12:58,mfsweep_shard0,SPT_SRWT,61,4172.82,136,0,1,3573.7,3919.8,346.1,2,2,55.8,0.0,190.8,99.5,0.0,55.8
