timestamp,instance,rule,seed,makespan,job_id,is_dynamic,completed,arrival_time,exit_time,flow_time,total_operations,completed_ops,work_content,time_needs_routing,time_waiting_pickup,time_in_transit,time_queued,time_processing
2026-09-21 01:48:06,mfsweep_shard0,SPT_SMPT,42,12479.40,0,0,1,0.0,211.2,211.2,2,2,74.6,0.0,68.2,68.3,0.0,74.6
2026-09-21 01:48:06,mfsweep_shard0,SPT_SMPT,42,12479.40,1,0,1,26.3,251.5,225.3,2,2,54.4,0.0,85.7,66.5,18.6,54.4
2026-09-21 01:48:06,mfsweep_shard0,SPT_SMPT,42,12479.40,2,0,1,52.6,345.6,293.0,2,2,62.6,0.0,72.5,72.5,85.4,62.6
2026-09-21 01:48:06,mfsweep_shard0,SPT_SMPT,42,12479.40,3,0,1,78.8,313.1,234.3,2,2,60.9,0.0,89.2,64.5,19.7,60.9
2026-09-21 01:48:06,mfsweep_shard0,SPT_SMPT,42,12479.40,4,0,1,105.1,443.0,337.8,2,2,77.8,0.0,99.7,78.5,81.8,77.8
2026-09-21 01:48:06,mfsweep_shard0,SPT_SMPT,42,12479.40,5,0,1,131.4,351.2,219.8,2,2,75.9,0.0,74.6,69.3,0.0,75.9
2026-09-21 01:48:06,mfsweep_shard0,SPT_SMPT,42,12479.40,6,0,1,157.7,1495.4,1337.8,2,2,83.0,0.0,283.0,175.3,796.5,83.0
2026-09-21 01:48:06,mfsweep_shard0,SPT_SMPT,42,12479.40,7,0,1,183.9,391.6,207.7,2,2,56.4,0.0,65.9,68.2,17.1,56.4
2026-09-21 01:48:06,mfsweep_shard0,SPT_SMPT,42,12479.40,8,0,1,210.2,504.5,294.3,2,2,67.5,0.0,79.7,67.7,79.4,67.5
2026-09-21 01:48:06,mfsweep_shard0,SPT_SMPT,42,12479.40,9,0,1,236.5,448.6,212.1,2,2,54.5,0.0,72.5,77.3,7.8,54.5
2026-09-21 01:48:06,mfsweep_shard0,SPT_SMPT,42,12479.40,10,0,1,262.8,667.3,404.5,2,2,60.8,0.0,130.5,101.0,112.3,60.8
2026-09-21 01:48:06,mfsweep_shard0,SPT_SMPT,42,12479.40,11,0,1,289.1,950.8,661.7,2,2,70.2,0.0,115.9,280.6,195.0,70.2
2026-09-21 01:48:06,mfsweep_shard0,SPT_SMPT,42,12479.40,12,0,1,315.3,585.6,270.3,2,2,54.4,0.0,98.9,100.2,16.8,54.4
2026-09-21 01:48:06,mfsweep_shard0,SPT_SMPT,42,12479.40,13,0,1,341.6,608.5,266.9,2,2,60.1,0.0,94.5,98.1,14.2,60.1
2026-09-21 01:48:06,mfsweep_shard0,SPT_SMPT,42,12479.40,14,0,1,367.9,1000.4,632.5,2,2,75.0,0.0,79.6,174.6,303.3,75.0
2026-09-21 01:48:06,mfsweep_shard0,SPT_SMPT,42,12479.40,15,0,1,394.2,1346.1,952.0,2,2,71.5,0.0,308.8,407.0,164.6,71.5
2026-09-21 01:48:06,mfsweep_shard0,SPT_SMPT,42,12479.40,16,0,1,420.4,697.7,277.2,2,2,60.8,0.0,87.8,110.3,18.3,60.8
2026-09-21 01:48:06,mfsweep_shard0,SPT_SMPT,42,12479.40,17,0,1,446.7,1288.6,841.9,2,2,73.0,0.0,171.2,407.5,190.1,73.0
2026-09-21 01:48:06,mfsweep_shard0,SPT_SMPT,42,12479.40,18,0,1,473.0,1545.2,1072.2,2,2,80.3,0.0,473.8,157.4,360.8,80.3
2026-09-21 01:48:06,mfsweep_shard0,SPT_SMPT,42,12479.40,19,0,1,499.3,956.3,457.1,2,2,53.8,0.0,141.6,247.1,14.6,53.8
2026-09-21 01:48:06,mfsweep_shard0,SPT_SMPT,42,12479.40,20,0,1,525.6,1441.1,915.5,2,2,80.1,0.0,451.5,191.7,192.2,80.1
2026-09-21 01:48:06,mfsweep_shard0,SPT_SMPT,42,12479.40,21,0,1,551.8,2298.5,1746.6,2,2,76.6,0.0,920.3,650.1,99.6,76.6
2026-09-21 01:48:06,mfsweep_shard0,SPT_SMPT,42,12479.40,22,0,1,578.1,1449.9,871.8,2,2,64.8,0.0,454.1,336.0,16.9,64.8
2026-09-21 01:48:06,mfsweep_shard0,SPT_SMPT,42,12479.40,23,0,1,604.4,1743.5,1139.1,2,2,58.7,0.0,732.1,329.2,19.0,58.7
2026-09-21 01:48:06,mfsweep_shard0,SPT_SMPT,42,12479.40,24,0,1,630.7,5390.5,4759.8,2,2,85.1,0.0,2781.5,1336.6,556.5,85.1
2026-09-21 01:48:06,mfsweep_shard0,SPT_SMPT,42,12479.40,25,0,1,656.9,2231.3,1574.4,2,2,64.7,0.0,827.6,676.9,5.2,64.7
2026-09-21 01:48:06,mfsweep_shard0,SPT_SMPT,42,12479.40,26,0,1,683.2,2176.1,1492.9,2,2,56.6,0.0,746.4,684.9,5.0,56.6
2026-09-21 01:48:06,mfsweep_shard0,SPT_SMPT,42,12479.40,27,0,1,709.5,1597.0,887.5,2,2,56.7,0.0,163.8,667.0,0.0,56.7
2026-09-21 01:48:06,mfsweep_shard0,SPT_SMPT,42,12479.40,28,0,1,735.8,2705.7,1969.9,2,2,81.5,0.0,779.6,1073.6,35.1,81.5
2026-09-21 01:48:06,mfsweep_shard0,SPT_SMPT,42,12479.40,29,0,1,762.0,5152.4,4390.3,2,2,73.5,0.0,1333.6,2976.5,6.8,73.5
2026-09-21 01:48:06,mfsweep_shard0,SPT_SMPT,42,12479.40,30,0,1,788.3,5339.9,4551.6,2,2,80.2,0.1,2654.8,1816.6,0.0,80.2
2026-09-21 01:48:06,mfsweep_shard0,SPT_SMPT,42,12479.40,31,0,1,814.6,5575.7,4761.1,2,2,77.6,0.1,3515.2,975.7,192.6,77.6
2026-09-21 01:48:06,mfsweep_shard0,SPT_SMPT,42,12479.40,32,0,1,840.9,5325.6,4484.7,2,2,71.2,0.0,2813.7,1599.7,0.0,71.2
2026-09-21 01:48:06,mfsweep_shard0,SPT_SMPT,42,12479.40,33,0,1,867.2,5319.8,4452.7,2,2,85.7,0.1,2342.8,1854.1,170.0,85.7
2026-09-21 01:48:06,mfsweep_shard0,SPT_SMPT,42,12479.40,34,0,1,893.4,2324.4,1431.0,2,2,66.0,0.0,760.5,594.2,10.2,66.0
2026-09-21 01:48:06,mfsweep_shard0,SPT_SMPT,42,12479.40,35,0,1,919.7,5427.6,4507.9,2,2,71.8,0.1,2644.1,1766.4,25.6,71.8
2026-09-21 01:48:06,mfsweep_shard0,SPT_SMPT,42,12479.40,36,0,1,946.0,5531.1,4585.1,2,2,80.9,0.1,2906.3,1571.9,25.8,80.9
2026-09-21 01:48:06,mfsweep_shard0,SPT_SMPT,42,12479.40,37,0,1,972.3,2527.6,1555.4,2,2,74.0,0.0,843.5,544.1,93.8,74.0
2026-09-21 01:48:06,mfsweep_shard0,SPT_SMPT,42,12479.40,38,0,1,998.5,7139.6,6141.0,2,2,82.0,0.1,3901.2,1700.6,457.1,82.0
2026-09-21 01:48:06,mfsweep_shard0,SPT_SMPT,42,12479.40,39,0,1,1024.8,2225.7,1200.9,2,2,72.6,0.0,333.9,759.6,34.8,72.6
2026-09-21 01:48:06,mfsweep_shard0,SPT_SMPT,42,12479.40,40,0,1,1051.1,5331.3,4280.2,2,2,76.8,0.1,3672.3,388.5,96.7,122.6
2026-09-21 01:48:06,mfsweep_shard0,SPT_SMPT,42,12479.40,41,0,1,1077.4,5272.4,4195.0,2,2,55.1,0.1,2817.0,1322.8,0.0,55.1
2026-09-21 01:48:06,mfsweep_shard0,SPT_SMPT,42,12479.40,42,0,1,1103.7,5500.8,4397.1,2,2,61.1,0.3,3334.8,956.1,44.9,61.1
2026-09-21 01:48:06,mfsweep_shard0,SPT_SMPT,42,12479.40,43,0,1,1129.9,2253.4,1123.5,2,2,63.1,0.0,244.1,787.1,29.2,63.1
2026-09-21 01:48:06,mfsweep_shard0,SPT_SMPT,42,12479.40,44,0,1,1156.2,5441.1,4284.9,2,2,56.2,0.0,2183.1,2027.8,5.3,68.6
2026-09-21 01:48:06,mfsweep_shard0,SPT_SMPT,42,12479.40,45,0,1,1182.5,5184.5,4002.0,2,2,61.2,0.1,1504.5,2425.0,11.1,61.2
2026-09-21 01:48:06,mfsweep_shard0,SPT_SMPT,42,12479.40,46,0,1,1208.8,5306.2,4097.4,2,2,56.9,0.0,840.2,3200.4,0.0,56.9
2026-09-21 01:48:06,mfsweep_shard0,SPT_SMPT,42,12479.40,47,0,1,1235.0,4334.8,3099.8,2,2,62.7,0.0,1131.3,1905.7,0.0,62.7
2026-09-21 01:48:06,mfsweep_shard0,SPT_SMPT,42,12479.40,48,0,1,1261.3,5450.3,4189.0,2,2,74.5,0.2,2664.5,1448.8,1.0,74.5
2026-09-21 01:48:06,mfsweep_shard0,SPT_SMPT,42,12479.40,49,0,1,1287.6,5266.7,3979.1,2,2,65.6,0.2,2030.0,1839.8,43.6,65.6
2026-09-21 01:48:06,mfsweep_shard0,SPT_SMPT,42,12479.40,50,0,1,1313.9,5178.8,3865.0,2,2,65.8,0.1,2225.1,1574.0,0.0,65.8
2026-09-21 01:48:06,mfsweep_shard0,SPT_SMPT,42,12479.40,51,0,1,1340.2,7076.6,5736.5,2,2,60.5,0.2,3088.2,2511.3,76.3,60.5
2026-09-21 01:48:06,mfsweep_shard0,SPT_SMPT,42,12479.40,52,0,1,1366.4,7244.7,5878.3,2,2,62.4,0.3,4253.8,1467.6,94.2,62.4
2026-09-21 01:48:06,mfsweep_shard0,SPT_SMPT,42,12479.40,53,0,1,1392.7,7293.7,5901.0,2,2,84.5,0.3,4146.3,987.0,682.9,84.5
2026-09-21 01:48:06,mfsweep_shard0,SPT_SMPT,42,12479.40,54,0,1,1419.0,5358.4,3939.4,2,2,74.9,0.2,1147.5,2716.8,0.0,74.9
2026-09-21 01:48:06,mfsweep_shard0,SPT_SMPT,42,12479.40,55,0,1,1445.3,7288.0,5842.8,2,2,73.6,0.2,3088.4,2497.0,183.5,73.6
2026-09-21 01:48:06,mfsweep_shard0,SPT_SMPT,42,12479.40,56,0,1,1471.5,5513.8,4042.2,2,2,59.2,0.3,1795.6,2149.3,37.9,59.2
2026-09-21 01:48:06,mfsweep_shard0,SPT_SMPT,42,12479.40,57,0,1,1497.8,5596.6,4098.8,2,2,77.6,0.4,3040.5,922.0,58.3,77.6
2026-09-21 01:48:06,mfsweep_shard0,SPT_SMPT,42,12479.40,58,0,1,1524.1,7167.5,5643.4,2,2,58.9,0.2,2984.7,2599.6,0.0,58.9
2026-09-21 01:48:06,mfsweep_shard0,SPT_SMPT,42,12479.40,59,0,1,1550.4,7301.6,5751.2,2,2,66.1,0.3,4405.0,1279.9,0.0,66.1
2026-09-21 01:48:06,mfsweep_shard0,SPT_SMPT,42,12479.40,60,0,1,1576.6,7176.2,5599.5,2,2,86.2,0.1,4636.6,766.8,109.8,86.2
2026-09-21 01:48:06,mfsweep_shard0,SPT_SMPT,42,12479.40,61,0,1,1602.9,7116.4,5513.4,2,2,74.7,0.1,4933.6,205.0,300.1,74.7
2026-09-21 01:48:06,mfsweep_shard0,SPT_SMPT,42,12479.40,62,0,1,1629.2,7231.2,5602.0,2,2,71.9,0.2,4889.9,475.4,164.7,71.9
2026-09-21 01:48:06,mfsweep_shard0,SPT_SMPT,42,12479.40,63,0,1,1655.5,5890.7,4235.2,2,2,76.1,0.1,3762.7,396.3,0.0,76.1
2026-09-21 01:48:06,mfsweep_shard0,SPT_SMPT,42,12479.40,64,0,1,1681.8,7148.3,5466.5,2,2,81.4,0.1,4852.2,475.6,57.2,81.4
2026-09-21 01:48:06,mfsweep_shard0,SPT_SMPT,42,12479.40,65,0,1,1708.0,7099.0,5390.9,2,2,79.2,0.0,4417.2,888.9,5.6,79.2
2026-09-21 01:48:06,mfsweep_shard0,SPT_SMPT,42,12479.40,66,0,1,1734.3,7216.6,5482.3,2,2,61.1,0.0,4434.0,939.8,47.4,61.1
2026-09-21 01:48:06,mfsweep_shard0,SPT_SMPT,42,12479.40,67,0,1,1760.6,7082.2,5321.7,2,2,54.6,0.0,4793.1,453.0,20.9,54.6
2026-09-21 01:48:06,mfsweep_shard0,SPT_SMPT,42,12479.40,68,0,1,1786.9,7037.6,5250.7,2,2,64.0,0.0,3856.7,1261.1,68.9,64.0
2026-09-21 01:48:06,mfsweep_shard0,SPT_SMPT,42,12479.40,69,0,1,1813.1,7659.1,5846.0,2,2,62.4,0.1,5146.0,637.5,0.0,62.4
2026-09-21 01:48:06,mfsweep_shard0,SPT_SMPT,42,12479.40,70,0,1,1839.4,5862.3,4022.9,2,2,60.5,0.0,3553.7,385.2,23.5,60.5
2026-09-21 01:48:06,mfsweep_shard0,SPT_SMPT,42,12479.40,71,0,1,1865.7,7181.9,5316.2,2,2,84.7,0.1,4419.8,771.9,25.5,98.9
2026-09-21 01:48:06,mfsweep_shard0,SPT_SMPT,42,12479.40,72,0,1,1892.0,9890.9,7998.9,2,2,82.5,0.1,5036.4,2873.6,6.4,82.5
2026-09-21 01:48:06,mfsweep_shard0,SPT_SMPT,42,12479.40,73,0,1,1918.3,7355.9,5437.6,2,2,63.9,0.0,4530.0,843.7,0.0,63.9
2026-09-21 01:48:06,mfsweep_shard0,SPT_SMPT,42,12479.40,74,0,1,1944.5,7104.6,5160.0,2,2,75.2,0.0,4632.6,435.6,16.6,75.2
2026-09-21 01:48:06,mfsweep_shard0,SPT_SMPT,42,12479.40,75,0,1,1970.8,6965.0,4994.2,2,2,66.6,0.0,3651.8,1206.5,69.2,66.6
2026-09-21 01:48:06,mfsweep_shard0,SPT_SMPT,42,12479.40,76,0,1,1997.1,7381.9,5384.8,2,2,83.7,0.2,5105.3,170.7,25.0,83.7
2026-09-21 01:48:06,mfsweep_shard0,SPT_SMPT,42,12479.40,77,0,1,2023.4,9684.2,7660.8,2,2,68.7,0.1,5841.9,1397.9,352.2,68.7
2026-09-21 01:48:06,mfsweep_shard0,SPT_SMPT,42,12479.40,78,0,1,2049.6,9794.3,7744.7,2,2,62.3,0.3,7251.3,419.4,11.4,62.3
2026-09-21 01:48:06,mfsweep_shard0,SPT_SMPT,42,12479.40,79,0,1,2075.9,8522.5,6446.6,2,2,61.7,0.3,4838.5,1485.0,60.1,62.5
2026-09-21 01:48:06,mfsweep_shard0,SPT_SMPT,42,12479.40,80,0,1,2102.2,9161.1,7058.9,2,2,72.1,0.3,5890.5,984.5,68.3,115.3
2026-09-21 01:48:06,mfsweep_shard0,SPT_SMPT,42,12479.40,81,0,1,2128.5,9659.0,7530.5,2,2,62.2,0.4,5957.6,1510.4,0.0,62.2
2026-09-21 01:48:06,mfsweep_shard0,SPT_SMPT,42,12479.40,82,0,1,2154.7,8616.0,6461.2,2,2,72.8,0.5,5748.1,639.8,0.0,72.8
2026-09-21 01:48:06,mfsweep_shard0,SPT_SMPT,42,12479.40,83,0,1,2181.0,7393.1,5212.1,2,2,83.2,0.3,3942.7,1170.2,15.8,83.2
2026-09-21 01:48:06,mfsweep_shard0,SPT_SMPT,42,12479.40,84,0,1,2207.3,8528.1,6320.8,2,2,66.7,0.6,4708.2,1291.5,253.8,66.7
2026-09-21 01:48:06,mfsweep_shard0,SPT_SMPT,42,12479.40,85,0,1,2233.6,9841.4,7607.8,2,2,60.8,0.3,6670.7,857.7,18.4,60.8
2026-09-21 01:48:06,mfsweep_shard0,SPT_SMPT,42,12479.40,86,0,1,2259.9,9805.7,7545.8,2,2,86.5,0.7,6342.8,457.8,658.1,86.5
2026-09-21 01:48:06,mfsweep_shard0,SPT_SMPT,42,12479.40,87,0,1,2286.1,10783.2,8497.1,2,2,70.4,0.4,6534.3,1883.3,8.7,70.4
2026-09-21 01:48:06,mfsweep_shard0,SPT_SMPT,42,12479.40,88,0,1,2312.4,7376.3,5063.9,2,2,56.5,0.3,4841.3,139.2,26.5,56.5
2026-09-21 01:48:06,mfsweep_shard0,SPT_SMPT,42,12479.40,89,0,1,2338.7,8478.2,6139.5,2,2,55.1,0.4,4908.9,1151.9,23.2,55.1
2026-09-21 01:48:06,mfsweep_shard0,SPT_SMPT,42,12479.40,90,0,1,2365.0,9704.6,7339.6,2,2,57.2,0.4,6866.3,411.4,4.4,57.2
2026-09-21 01:48:06,mfsweep_shard0,SPT_SMPT,42,12479.40,91,0,1,2391.2,9771.7,7380.4,2,2,74.3,0.5,6277.1,745.1,283.5,74.3
2026-09-21 01:48:06,mfsweep_shard0,SPT_SMPT,42,12479.40,92,0,1,2417.5,9745.0,7327.4,2,2,79.7,0.2,6519.3,180.7,547.6,79.7
2026-09-21 01:48:06,mfsweep_shard0,SPT_SMPT,42,12479.40,93,0,1,2443.8,9799.9,7356.1,2,2,67.5,0.2,6063.4,931.8,268.9,91.9
2026-09-21 01:48:06,mfsweep_shard0,SPT_SMPT,42,12479.40,94,0,1,2470.1,9407.6,6937.5,2,2,55.6,0.4,5874.7,938.7,68.0,55.6
2026-09-21 01:48:06,mfsweep_shard0,SPT_SMPT,42,12479.40,95,0,1,2496.4,9879.4,7383.0,2,2,66.1,0.4,6555.5,761.0,0.0,66.1
2026-09-21 01:48:06,mfsweep_shard0,SPT_SMPT,42,12479.40,96,0,1,2522.6,9821.6,7298.9,2,2,86.4,0.6,5782.5,1210.8,218.6,86.4
2026-09-21 01:48:06,mfsweep_shard0,SPT_SMPT,42,12479.40,97,0,1,2548.9,9718.4,7169.5,2,2,71.0,0.7,6611.9,160.5,325.4,71.0
2026-09-21 01:48:06,mfsweep_shard0,SPT_SMPT,42,12479.40,98,0,1,2575.2,9699.0,7123.8,2,2,85.6,0.7,6526.1,316.1,195.3,85.6
2026-09-21 01:48:06,mfsweep_shard0,SPT_SMPT,42,12479.40,99,0,1,2601.5,9885.2,7283.7,2,2,82.0,0.5,4912.8,2288.5,0.0,82.0
2026-09-21 01:48:06,mfsweep_shard0,SPT_SMPT,42,12479.40,100,0,1,2627.7,11101.8,8474.1,2,2,53.9,0.6,6793.6,1575.8,50.1,53.9
2026-09-21 01:48:06,mfsweep_shard0,SPT_SMPT,42,12479.40,101,0,1,2654.0,9689.9,7035.8,2,2,77.3,0.8,6185.9,391.4,380.4,77.3
2026-09-21 01:48:06,mfsweep_shard0,SPT_SMPT,42,12479.40,102,0,1,2680.3,11728.8,9048.5,2,2,76.0,0.6,7331.0,1614.9,25.9,76.0
2026-09-21 01:48:06,mfsweep_shard0,SPT_SMPT,42,12479.40,103,0,1,2706.6,9712.7,7006.1,2,2,71.3,0.6,6148.8,785.4,0.0,71.3
2026-09-21 01:48:06,mfsweep_shard0,SPT_SMPT,42,12479.40,104,0,1,2732.9,9834.9,7102.1,2,2,62.4,0.9,6063.3,975.4,0.0,62.4
2026-09-21 01:48:06,mfsweep_shard0,SPT_SMPT,42,12479.40,105,0,1,2759.1,9732.2,6973.1,2,2,74.7,0.7,5261.2,1628.0,8.6,74.7
2026-09-21 01:48:06,mfsweep_shard0,SPT_SMPT,42,12479.40,106,0,1,2785.4,11096.2,8310.8,2,2,57.2,0.8,6872.1,1339.9,40.8,57.2
2026-09-21 01:48:06,mfsweep_shard0,SPT_SMPT,42,12479.40,107,0,1,2811.7,11535.8,8724.2,2,2,67.9,0.8,6742.1,1870.4,42.9,67.9
2026-09-21 01:48:06,mfsweep_shard0,SPT_SMPT,42,12479.40,108,0,1,2838.0,11123.8,8285.9,2,2,68.5,1.2,7355.1,790.9,70.1,68.5
2026-09-21 01:48:06,mfsweep_shard0,SPT_SMPT,42,12479.40,109,0,1,2864.2,11627.2,8763.0,2,2,85.0,0.7,7744.7,805.6,126.8,85.0
2026-09-21 01:48:06,mfsweep_shard0,SPT_SMPT,42,12479.40,110,0,1,2890.5,11613.5,8723.0,2,2,82.4,0.9,7232.4,1382.9,0.0,106.8
2026-09-21 01:48:06,mfsweep_shard0,SPT_SMPT,42,12479.40,111,0,1,2916.8,11563.5,8646.7,2,2,62.2,0.8,6884.1,1642.6,57.0,62.2
2026-09-21 01:48:06,mfsweep_shard0,SPT_SMPT,42,12479.40,112,0,1,2943.1,10825.6,7882.5,2,2,70.1,0.9,6689.9,1121.5,0.0,70.1
2026-09-21 01:48:06,mfsweep_shard0,SPT_SMPT,42,12479.40,113,0,1,2969.3,11636.8,8667.5,2,2,59.4,0.8,7565.7,1032.6,9.0,59.4
2026-09-21 01:48:06,mfsweep_shard0,SPT_SMPT,42,12479.40,114,0,1,2995.6,11697.6,8702.0,2,2,83.7,0.9,7832.4,785.0,0.0,83.7
2026-09-21 01:48:06,mfsweep_shard0,SPT_SMPT,42,12479.40,115,0,1,3021.9,11737.5,8715.6,2,2,82.3,0.9,8468.1,159.2,5.1,82.3
2026-09-21 01:48:06,mfsweep_shard0,SPT_SMPT,42,12479.40,116,0,1,3048.2,11804.7,8756.5,2,2,63.4,0.9,8031.8,618.2,42.1,63.4
2026-09-21 01:48:06,mfsweep_shard0,SPT_SMPT,42,12479.40,117,0,1,3074.5,11642.4,8568.0,2,2,74.6,0.9,7755.6,667.9,69.0,74.6
2026-09-21 01:48:06,mfsweep_shard0,SPT_SMPT,42,12479.40,118,0,1,3100.7,11852.1,8751.3,2,2,73.6,1.0,7814.3,798.0,64.4,73.6
2026-09-21 01:48:06,mfsweep_shard0,SPT_SMPT,42,12479.40,119,0,1,3127.0,11929.2,8802.2,2,2,58.6,0.9,8187.3,539.2,16.1,58.6
2026-09-21 01:48:06,mfsweep_shard0,SPT_SMPT,42,12479.40,120,0,1,3153.3,11604.0,8450.7,2,2,78.7,1.0,7549.6,821.4,0.0,78.7
2026-09-21 01:48:06,mfsweep_shard0,SPT_SMPT,42,12479.40,121,0,1,3179.6,11748.3,8568.7,2,2,71.3,1.1,7629.8,866.5,0.0,71.3
2026-09-21 01:48:06,mfsweep_shard0,SPT_SMPT,42,12479.40,122,0,1,3205.8,11619.1,8413.3,2,2,79.2,1.1,7378.3,945.2,9.5,79.2
2026-09-21 01:48:06,mfsweep_shard0,SPT_SMPT,42,12479.40,123,0,1,3232.1,11670.0,8437.9,2,2,71.0,1.0,7481.3,884.5,0.0,71.0
2026-09-21 01:48:06,mfsweep_shard0,SPT_SMPT,42,12479.40,124,0,1,3258.4,11840.6,8582.2,2,2,53.6,1.0,7772.1,755.5,0.0,53.6
2026-09-21 01:48:06,mfsweep_shard0,SPT_SMPT,42,12479.40,125,0,1,3284.7,12071.4,8786.7,2,2,64.2,1.1,7197.2,1275.1,249.2,64.2
2026-09-21 01:48:06,mfsweep_shard0,SPT_SMPT,42,12479.40,126,0,1,3311.0,11898.1,8587.1,2,2,54.2,1.2,7991.3,538.9,1.5,54.2
2026-09-21 01:48:06,mfsweep_shard0,SPT_SMPT,42,12479.40,127,0,1,3337.2,11683.5,8346.3,2,2,84.2,1.3,7252.8,1001.0,0.0,91.2
2026-09-21 01:48:06,mfsweep_shard0,SPT_SMPT,42,12479.40,128,0,1,3363.5,12276.7,8913.2,2,2,82.5,1.1,7412.0,1140.7,276.9,82.5
2026-09-21 01:48:06,mfsweep_shard0,SPT_SMPT,42,12479.40,129,0,1,3389.8,12342.1,8952.3,2,2,81.0,1.3,8037.3,442.1,356.2,115.4
2026-09-21 01:48:06,mfsweep_shard0,SPT_SMPT,42,12479.40,130,0,1,3416.1,11910.7,8494.6,2,2,63.7,1.2,7991.3,432.9,5.5,63.7
2026-09-21 01:48:06,mfsweep_shard0,SPT_SMPT,42,12479.40,131,0,1,3442.3,11947.7,8505.3,2,2,55.5,1.2,7679.8,727.0,41.8,55.5
2026-09-21 01:48:06,mfsweep_shard0,SPT_SMPT,42,12479.40,132,0,1,3468.6,12410.2,8941.6,2,2,82.5,1.4,8305.8,114.6,437.3,82.5
2026-09-21 01:48:06,mfsweep_shard0,SPT_SMPT,42,12479.40,133,0,1,3494.9,12479.4,8984.5,2,2,84.8,1.5,8184.6,247.3,466.3,84.8
2026-09-21 01:48:06,mfsweep_shard0,SPT_SMPT,42,12479.40,134,0,1,3521.2,11981.9,8460.7,2,2,56.4,1.5,8172.7,217.4,12.6,56.4
2026-09-21 01:48:06,mfsweep_shard0,SPT_SMPT,42,12479.40,135,0,1,3547.5,12125.4,8577.9,2,2,69.6,1.6,8119.2,261.1,126.5,69.6
2026-09-21 01:48:06,mfsweep_shard0,SPT_SMPT,42,12479.40,136,0,1,3573.7,12025.9,8452.1,2,2,55.8,1.6,8152.4,194.0,48.3,55.8
2026-09-21 02:03:06,mfsweep_shard0,SPT_SMPT,43,15234.67,0,0,1,0.0,210.5,210.5,2,2,74.6,0.0,67.9,67.9,0.0,74.6
2026-09-21 02:03:06,mfsweep_shard0,SPT_SMPT,43,15234.67,1,0,1,26.3,245.8,219.5,2,2,54.4,0.0,70.4,67.7,27.0,54.4
2026-09-21 02:03:06,mfsweep_shard0,SPT_SMPT,43,15234.67,2,0,1,52.6,383.8,331.2,2,2,62.6,0.0,103.0,72.9,92.7,62.6
2026-09-21 02:03:06,mfsweep_shard0,SPT_SMPT,43,15234.67,3,0,1,78.8,293.7,214.9,2,2,60.9,0.0,68.9,74.2,10.9,60.9
2026-09-21 02:03:06,mfsweep_shard0,SPT_SMPT,43,15234.67,4,0,1,105.1,4360.8,4255.7,2,2,77.8,0.0,3289.9,218.0,625.6,122.2
2026-09-21 02:03:06,mfsweep_shard0,SPT_SMPT,43,15234.67,5,0,1,131.4,419.6,288.2,2,2,75.9,0.0,81.5,71.6,59.2,75.9
2026-09-21 02:03:06,mfsweep_shard0,SPT_SMPT,43,15234.67,6,0,1,157.7,4306.6,4148.9,2,2,83.0,0.1,3156.7,190.3,718.9,83.0
2026-09-21 02:03:06,mfsweep_shard0,SPT_SMPT,43,15234.67,7,0,1,183.9,488.6,304.6,2,2,56.4,0.0,56.6,114.2,77.3,56.4
2026-09-21 02:03:06,mfsweep_shard0,SPT_SMPT,43,15234.67,8,0,1,210.2,714.9,504.7,2,2,67.5,0.0,92.8,111.9,232.5,67.5
2026-09-21 02:03:06,mfsweep_shard0,SPT_SMPT,43,15234.67,9,0,1,236.5,462.5,226.0,2,2,54.5,0.0,104.5,65.1,1.9,54.5
2026-09-21 02:03:06,mfsweep_shard0,SPT_SMPT,43,15234.67,10,0,1,262.8,540.5,277.7,2,2,60.8,0.0,112.9,66.7,37.4,60.8
2026-09-21 02:03:06,mfsweep_shard0,SPT_SMPT,43,15234.67,11,0,1,289.1,841.0,552.0,2,2,70.2,0.0,125.8,105.1,250.8,70.2
2026-09-21 02:03:06,mfsweep_shard0,SPT_SMPT,43,15234.67,12,0,1,315.3,588.1,272.8,2,2,54.4,0.0,112.9,76.8,28.7,54.4
2026-09-21 02:03:06,mfsweep_shard0,SPT_SMPT,43,15234.67,13,0,1,341.6,664.7,323.1,2,2,60.1,0.0,124.1,103.8,35.1,60.1
2026-09-21 02:03:06,mfsweep_shard0,SPT_SMPT,43,15234.67,14,0,1,367.9,4297.3,3929.4,2,2,75.0,0.1,2870.7,597.6,386.0,75.0
2026-09-21 02:03:06,mfsweep_shard0,SPT_SMPT,43,15234.67,15,0,1,394.2,2765.9,2371.7,2,2,71.5,0.1,1200.9,773.1,296.8,100.7
2026-09-21 02:03:06,mfsweep_shard0,SPT_SMPT,43,15234.67,16,0,1,420.4,788.9,368.5,2,2,60.8,0.0,173.2,122.5,11.8,60.8
2026-09-21 02:03:06,mfsweep_shard0,SPT_SMPT,43,15234.67,17,0,1,446.7,4021.7,3575.0,2,2,73.0,0.1,1260.5,1950.0,291.4,73.0
2026-09-21 02:03:06,mfsweep_shard0,SPT_SMPT,43,15234.67,18,0,1,473.0,2079.6,1606.6,2,2,80.3,0.1,919.9,420.4,185.9,80.3
2026-09-21 02:03:06,mfsweep_shard0,SPT_SMPT,43,15234.67,19,0,1,499.3,862.2,363.0,2,2,53.8,0.0,181.7,94.5,33.0,53.8
2026-09-21 02:03:06,mfsweep_shard0,SPT_SMPT,43,15234.67,20,0,1,525.6,2334.6,1809.0,2,2,80.1,0.1,897.5,623.4,207.9,80.1
2026-09-21 02:03:06,mfsweep_shard0,SPT_SMPT,43,15234.67,21,0,1,551.8,4244.9,3693.1,2,2,76.6,0.2,1402.5,2085.9,127.9,76.6
2026-09-21 02:03:06,mfsweep_shard0,SPT_SMPT,43,15234.67,22,0,1,578.1,4288.2,3710.1,2,2,64.8,0.0,3057.6,576.5,11.2,64.8
2026-09-21 02:03:06,mfsweep_shard0,SPT_SMPT,43,15234.67,23,0,1,604.4,2305.7,1701.3,2,2,58.7,0.2,591.9,1043.0,7.4,58.7
2026-09-21 02:03:06,mfsweep_shard0,SPT_SMPT,43,15234.67,24,0,1,630.7,1258.3,627.6,2,2,85.1,0.0,417.0,125.4,0.0,85.1
2026-09-21 02:03:06,mfsweep_shard0,SPT_SMPT,43,15234.67,25,0,1,656.9,4323.4,3666.4,2,2,64.7,0.0,2603.1,998.7,0.0,64.7
2026-09-21 02:03:06,mfsweep_shard0,SPT_SMPT,43,15234.67,26,0,1,683.2,4370.1,3686.9,2,2,56.6,0.3,2681.9,948.0,0.0,56.6
2026-09-21 02:03:06,mfsweep_shard0,SPT_SMPT,43,15234.67,27,0,1,709.5,4344.6,3635.1,2,2,56.7,0.0,1987.0,1591.4,0.0,56.7
2026-09-21 02:03:06,mfsweep_shard0,SPT_SMPT,43,15234.67,28,0,1,735.8,6195.0,5459.2,2,2,81.5,94.9,3984.8,1049.1,248.8,81.5
2026-09-21 02:03:06,mfsweep_shard0,SPT_SMPT,43,15234.67,29,0,1,762.0,3993.9,3231.9,2,2,73.5,0.0,1730.9,1334.0,93.5,73.5
2026-09-21 02:03:06,mfsweep_shard0,SPT_SMPT,43,15234.67,30,0,1,788.3,4329.0,3540.7,2,2,80.2,0.2,2624.9,834.5,0.9,80.2
2026-09-21 02:03:06,mfsweep_shard0,SPT_SMPT,43,15234.67,31,0,1,814.6,4462.8,3648.2,2,2,77.6,0.2,2143.2,1427.2,0.0,77.6
2026-09-21 02:03:06,mfsweep_shard0,SPT_SMPT,43,15234.67,32,0,1,840.9,6156.5,5315.7,2,2,71.2,94.7,3220.1,1706.3,190.9,103.8
2026-09-21 02:03:06,mfsweep_shard0,SPT_SMPT,43,15234.67,33,0,1,867.2,3377.4,2510.3,2,2,85.7,0.0,1061.3,1363.3,0.0,85.7
2026-09-21 02:03:06,mfsweep_shard0,SPT_SMPT,43,15234.67,34,0,1,893.4,6107.2,5213.8,2,2,66.0,44.3,3405.8,1629.9,67.7,66.0
2026-09-21 02:03:06,mfsweep_shard0,SPT_SMPT,43,15234.67,35,0,1,919.7,8064.1,7144.4,2,2,71.8,94.6,4014.6,2472.4,434.5,128.3
2026-09-21 02:03:06,mfsweep_shard0,SPT_SMPT,43,15234.67,36,0,1,946.0,6139.2,5193.2,2,2,80.9,94.8,3050.4,1824.3,142.8,80.9
2026-09-21 02:03:06,mfsweep_shard0,SPT_SMPT,43,15234.67,37,0,1,972.3,4405.6,3433.3,2,2,74.0,44.5,2306.0,1008.9,0.0,74.0
2026-09-21 02:03:06,mfsweep_shard0,SPT_SMPT,43,15234.67,38,0,1,998.5,8166.7,7168.1,2,2,82.0,94.8,3742.3,2595.0,654.1,82.0
2026-09-21 02:03:06,mfsweep_shard0,SPT_SMPT,43,15234.67,39,0,1,1024.8,8046.7,7021.9,2,2,72.6,94.9,4201.1,2175.8,477.5,72.6
2026-09-21 02:03:06,mfsweep_shard0,SPT_SMPT,43,15234.67,40,0,1,1051.1,6203.8,5152.7,2,2,76.8,95.0,2821.2,2159.7,0.0,76.8
2026-09-21 02:03:06,mfsweep_shard0,SPT_SMPT,43,15234.67,41,0,1,1077.4,7088.8,6011.4,2,2,55.1,94.8,3272.4,2553.9,35.2,55.1
2026-09-21 02:03:06,mfsweep_shard0,SPT_SMPT,43,15234.67,42,0,1,1103.7,6343.6,5240.0,2,2,61.1,44.3,2799.4,2325.9,9.3,61.1
2026-09-21 02:03:06,mfsweep_shard0,SPT_SMPT,43,15234.67,43,0,1,1129.9,8124.2,6994.2,2,2,63.1,95.3,5107.2,1551.4,177.2,63.1
2026-09-21 02:03:06,mfsweep_shard0,SPT_SMPT,43,15234.67,44,0,1,1156.2,6295.4,5139.2,2,2,56.2,44.6,3785.4,1209.6,43.4,56.2
2026-09-21 02:03:06,mfsweep_shard0,SPT_SMPT,43,15234.67,45,0,1,1182.5,8537.2,7354.7,2,2,61.2,59.9,4734.1,2374.1,116.9,69.8
2026-09-21 02:03:06,mfsweep_shard0,SPT_SMPT,43,15234.67,46,0,1,1208.8,7353.7,6145.0,2,2,56.9,51.0,5078.5,908.1,50.5,56.9
2026-09-21 02:03:06,mfsweep_shard0,SPT_SMPT,43,15234.67,47,0,1,1235.0,8032.1,6797.0,2,2,62.7,51.0,5220.0,1463.2,0.0,62.7
2026-09-21 02:03:06,mfsweep_shard0,SPT_SMPT,43,15234.67,48,0,1,1261.3,7600.7,6339.4,2,2,74.5,95.6,4027.4,2109.3,32.7,74.5
2026-09-21 02:03:06,mfsweep_shard0,SPT_SMPT,43,15234.67,49,0,1,1287.6,5372.3,4084.7,2,2,65.6,0.4,2011.7,1949.7,57.5,65.6
2026-09-21 02:03:06,mfsweep_shard0,SPT_SMPT,43,15234.67,50,0,1,1313.9,9388.4,8074.5,2,2,65.8,51.5,5719.6,2136.9,100.7,65.8
2026-09-21 02:03:06,mfsweep_shard0,SPT_SMPT,43,15234.67,51,0,1,1340.2,6081.0,4740.8,2,2,60.5,51.1,3873.0,750.3,6.0,60.5
2026-09-21 02:03:06,mfsweep_shard0,SPT_SMPT,43,15234.67,52,0,1,1366.4,9325.8,7959.3,2,2,62.4,1.1,6549.8,1304.4,15.6,88.5
2026-09-21 02:03:06,mfsweep_shard0,SPT_SMPT,43,15234.67,53,0,1,1392.7,7912.0,6519.3,2,2,84.5,51.9,5735.1,647.9,0.0,84.5
2026-09-21 02:03:06,mfsweep_shard0,SPT_SMPT,43,15234.67,54,0,1,1419.0,6213.1,4794.2,2,2,74.9,51.3,4195.3,472.6,0.0,74.9
2026-09-21 02:03:06,mfsweep_shard0,SPT_SMPT,43,15234.67,55,0,1,1445.3,7551.3,6106.0,2,2,73.6,0.9,4470.9,1519.2,41.4,73.6
2026-09-21 02:03:06,mfsweep_shard0,SPT_SMPT,43,15234.67,56,0,1,1471.5,7994.2,6522.7,2,2,59.2,0.8,4333.9,2118.5,10.2,59.2
2026-09-21 02:03:06,mfsweep_shard0,SPT_SMPT,43,15234.67,57,0,1,1497.8,8798.5,7300.7,2,2,77.6,52.1,5851.9,1056.4,262.6,77.6
2026-09-21 02:03:06,mfsweep_shard0,SPT_SMPT,43,15234.67,58,0,1,1524.1,8069.8,6545.7,2,2,58.9,52.0,5506.4,917.1,11.3,58.9
2026-09-21 02:03:06,mfsweep_shard0,SPT_SMPT,43,15234.67,59,0,1,1550.4,7988.5,6438.1,2,2,66.1,52.4,5939.4,231.1,149.3,66.1
2026-09-21 02:03:06,mfsweep_shard0,SPT_SMPT,43,15234.67,60,0,1,1576.6,8551.6,6974.9,2,2,86.2,1.9,5433.7,1390.9,62.2,86.2
2026-09-21 02:03:06,mfsweep_shard0,SPT_SMPT,43,15234.67,61,0,1,1602.9,7917.8,6314.8,2,2,74.7,1.1,4098.0,2141.2,0.0,74.7
2026-09-21 02:03:06,mfsweep_shard0,SPT_SMPT,43,15234.67,62,0,1,1629.2,7324.7,5695.5,2,2,71.9,0.9,3368.8,2253.8,0.0,71.9
2026-09-21 02:03:06,mfsweep_shard0,SPT_SMPT,43,15234.67,63,0,1,1655.5,8150.3,6494.8,2,2,76.1,1.4,5141.1,1276.2,0.0,76.1
2026-09-21 02:03:06,mfsweep_shard0,SPT_SMPT,43,15234.67,64,0,1,1681.8,7860.2,6178.5,2,2,81.4,1.7,4149.9,1945.5,0.0,81.4
2026-09-21 02:03:06,mfsweep_shard0,SPT_SMPT,43,15234.67,65,0,1,1708.0,8005.0,6297.0,2,2,79.2,1.3,4158.3,1742.2,316.1,79.2
2026-09-21 02:03:06,mfsweep_shard0,SPT_SMPT,43,15234.67,66,0,1,1734.3,7982.9,6248.6,2,2,61.1,1.3,5238.9,877.3,70.0,61.1
2026-09-21 02:03:06,mfsweep_shard0,SPT_SMPT,43,15234.67,67,0,1,1760.6,8093.2,6332.6,2,2,54.6,1.4,5784.3,465.2,27.1,54.6
2026-09-21 02:03:06,mfsweep_shard0,SPT_SMPT,43,15234.67,68,0,1,1786.9,9271.4,7484.5,2,2,64.0,1.5,6223.6,1179.6,15.9,64.0
2026-09-21 02:03:06,mfsweep_shard0,SPT_SMPT,43,15234.67,69,0,1,1813.1,8232.6,6419.5,2,2,62.4,1.7,5678.2,635.7,41.5,62.4
2026-09-21 02:03:06,mfsweep_shard0,SPT_SMPT,43,15234.67,70,0,1,1839.4,8238.2,6398.8,2,2,60.5,1.7,5769.6,553.8,13.2,60.5
2026-09-21 02:03:06,mfsweep_shard0,SPT_SMPT,43,15234.67,71,0,1,1865.7,9247.8,7382.1,2,2,84.7,1.7,6376.4,502.9,416.4,84.7
2026-09-21 02:03:06,mfsweep_shard0,SPT_SMPT,43,15234.67,72,0,1,1892.0,7896.0,6004.0,2,2,82.5,1.4,4686.2,1162.1,71.9,82.5
2026-09-21 02:03:06,mfsweep_shard0,SPT_SMPT,43,15234.67,73,0,1,1918.3,8872.8,6954.5,2,2,63.9,1.9,6496.1,358.4,34.2,63.9
2026-09-21 02:03:06,mfsweep_shard0,SPT_SMPT,43,15234.67,74,0,1,1944.5,9351.5,7406.9,2,2,75.2,1.5,6647.5,682.7,0.0,75.2
2026-09-21 02:03:06,mfsweep_shard0,SPT_SMPT,43,15234.67,75,0,1,1970.8,8601.6,6630.8,2,2,66.6,2.0,5868.9,560.3,133.0,66.6
2026-09-21 02:03:06,mfsweep_shard0,SPT_SMPT,43,15234.67,76,0,1,1997.1,9284.2,7287.1,2,2,83.7,1.7,6354.7,669.5,177.4,83.7
2026-09-21 02:03:06,mfsweep_shard0,SPT_SMPT,43,15234.67,77,0,1,2023.4,9362.9,7339.6,2,2,68.7,1.5,6524.1,642.5,102.7,68.7
2026-09-21 02:03:06,mfsweep_shard0,SPT_SMPT,43,15234.67,78,0,1,2049.6,9357.2,7307.6,2,2,62.3,1.6,6407.4,813.9,22.4,62.3
2026-09-21 02:03:06,mfsweep_shard0,SPT_SMPT,43,15234.67,79,0,1,2075.9,9320.2,7244.3,2,2,61.7,1.7,6241.0,891.6,45.4,64.7
2026-09-21 02:03:06,mfsweep_shard0,SPT_SMPT,43,15234.67,80,0,1,2102.2,9334.8,7232.6,2,2,72.1,1.7,6392.3,639.4,127.2,72.1
2026-09-21 02:03:06,mfsweep_shard0,SPT_SMPT,43,15234.67,81,0,1,2128.5,9444.8,7316.4,2,2,62.2,1.6,6076.1,1135.7,35.3,67.6
2026-09-21 02:03:06,mfsweep_shard0,SPT_SMPT,43,15234.67,82,0,1,2154.7,9242.2,7087.4,2,2,72.8,1.9,6051.1,787.3,174.3,72.8
2026-09-21 02:03:06,mfsweep_shard0,SPT_SMPT,43,15234.67,83,0,1,2181.0,12635.0,10453.9,2,2,83.2,1.7,6647.9,3721.1,0.0,83.2
2026-09-21 02:03:06,mfsweep_shard0,SPT_SMPT,43,15234.67,84,0,1,2207.3,10994.4,8787.1,2,2,66.7,1.8,7295.8,1422.8,0.0,66.7
2026-09-21 02:03:06,mfsweep_shard0,SPT_SMPT,43,15234.67,85,0,1,2233.6,11693.4,9459.8,2,2,60.8,1.8,7588.6,1718.3,90.3,60.8
2026-09-21 02:03:06,mfsweep_shard0,SPT_SMPT,43,15234.67,86,0,1,2259.9,9253.5,6993.7,2,2,86.5,1.8,6165.0,740.4,0.0,86.5
2026-09-21 02:03:06,mfsweep_shard0,SPT_SMPT,43,15234.67,87,0,1,2286.1,11643.5,9357.4,2,2,70.4,1.0,7789.7,1378.2,118.1,70.4
2026-09-21 02:03:06,mfsweep_shard0,SPT_SMPT,43,15234.67,88,0,1,2312.4,9420.5,7108.1,2,2,56.5,0.2,5860.9,1190.5,0.0,56.5
2026-09-21 02:03:06,mfsweep_shard0,SPT_SMPT,43,15234.67,89,0,1,2338.7,11000.0,8661.3,2,2,55.1,0.2,7206.5,1399.5,0.0,55.1
2026-09-21 02:03:06,mfsweep_shard0,SPT_SMPT,43,15234.67,90,0,1,2365.0,10976.3,8611.4,2,2,57.2,0.1,7575.2,973.6,5.3,57.2
2026-09-21 02:03:06,mfsweep_shard0,SPT_SMPT,43,15234.67,91,0,1,2391.2,9973.7,7582.5,2,2,74.3,0.1,6180.2,1327.9,0.0,74.3
2026-09-21 02:03:06,mfsweep_shard0,SPT_SMPT,43,15234.67,92,0,1,2417.5,12706.9,10289.4,2,2,79.7,0.1,7514.8,2581.0,113.8,79.7
2026-09-21 02:03:06,mfsweep_shard0,SPT_SMPT,43,15234.67,93,0,1,2443.8,11030.9,8587.1,2,2,67.5,0.1,7454.1,948.6,116.9,67.5
2026-09-21 02:03:06,mfsweep_shard0,SPT_SMPT,43,15234.67,94,0,1,2470.1,10888.8,8418.7,2,2,55.6,0.1,6661.5,1694.8,6.6,55.6
2026-09-21 02:03:06,mfsweep_shard0,SPT_SMPT,43,15234.67,95,0,1,2496.4,10958.1,8461.7,2,2,66.1,0.2,7348.7,1009.4,37.3,66.1
2026-09-21 02:03:06,mfsweep_shard0,SPT_SMPT,43,15234.67,96,0,1,2522.6,10985.3,8462.7,2,2,86.4,0.2,6791.3,1584.8,0.0,86.4
2026-09-21 02:03:06,mfsweep_shard0,SPT_SMPT,43,15234.67,97,0,1,2548.9,12426.3,9877.4,2,2,71.0,0.2,8765.6,823.3,166.9,121.5
2026-09-21 02:03:06,mfsweep_shard0,SPT_SMPT,43,15234.67,98,0,1,2575.2,11533.5,8958.3,2,2,85.6,0.3,7170.3,1469.6,232.5,85.6
2026-09-21 02:03:06,mfsweep_shard0,SPT_SMPT,43,15234.67,99,0,1,2601.5,12792.5,10191.0,2,2,82.0,0.4,9426.9,392.7,289.1,82.0
2026-09-21 02:03:06,mfsweep_shard0,SPT_SMPT,43,15234.67,100,0,1,2627.7,10436.7,7808.9,2,2,53.9,0.3,6952.6,794.1,8.0,53.9
2026-09-21 02:03:06,mfsweep_shard0,SPT_SMPT,43,15234.67,101,0,1,2654.0,12383.6,9729.6,2,2,77.3,0.4,8814.6,824.9,12.3,77.3
2026-09-21 02:03:06,mfsweep_shard0,SPT_SMPT,43,15234.67,102,0,1,2680.3,12657.0,9976.7,2,2,76.0,0.4,8048.9,1790.6,0.0,136.9
2026-09-21 02:03:06,mfsweep_shard0,SPT_SMPT,43,15234.67,103,0,1,2706.6,11025.4,8318.8,2,2,71.3,0.5,7389.1,855.8,2.2,71.3
2026-09-21 02:03:06,mfsweep_shard0,SPT_SMPT,43,15234.67,104,0,1,2732.9,12824.0,10091.2,2,2,62.4,0.5,8043.5,1984.8,0.0,62.4
2026-09-21 02:03:06,mfsweep_shard0,SPT_SMPT,43,15234.67,105,0,1,2759.1,14825.3,12066.2,2,2,74.7,0.5,7696.3,4282.3,0.0,87.0
2026-09-21 02:03:06,mfsweep_shard0,SPT_SMPT,43,15234.67,106,0,1,2785.4,12846.3,10060.9,2,2,57.2,0.7,9028.6,974.4,0.0,57.2
2026-09-21 02:03:06,mfsweep_shard0,SPT_SMPT,43,15234.67,107,0,1,2811.7,12766.5,9954.8,2,2,67.9,0.7,9086.1,754.5,45.6,67.9
2026-09-21 02:03:06,mfsweep_shard0,SPT_SMPT,43,15234.67,108,0,1,2838.0,12783.8,9945.9,2,2,68.5,0.6,7954.5,1912.5,9.7,68.5
2026-09-21 02:03:06,mfsweep_shard0,SPT_SMPT,43,15234.67,109,0,1,2864.2,12837.0,9972.8,2,2,85.0,0.6,8676.3,1210.8,0.0,85.0
2026-09-21 02:03:06,mfsweep_shard0,SPT_SMPT,43,15234.67,110,0,1,2890.5,14897.8,12007.2,2,2,82.4,0.8,10264.3,1659.7,0.0,82.4
2026-09-21 02:03:06,mfsweep_shard0,SPT_SMPT,43,15234.67,111,0,1,2916.8,14181.6,11264.8,2,2,62.2,0.7,9649.8,1552.0,0.0,62.2
2026-09-21 02:03:06,mfsweep_shard0,SPT_SMPT,43,15234.67,112,0,1,2943.1,12772.1,9829.0,2,2,70.1,0.8,8569.9,1188.2,0.0,70.1
2026-09-21 02:03:06,mfsweep_shard0,SPT_SMPT,43,15234.67,113,0,1,2969.3,12755.2,9785.9,2,2,59.4,1.0,8910.9,804.1,10.5,59.4
2026-09-21 02:03:06,mfsweep_shard0,SPT_SMPT,43,15234.67,114,0,1,2995.6,12760.9,9765.3,2,2,83.7,0.9,8107.1,1573.6,0.0,83.7
2026-09-21 02:03:06,mfsweep_shard0,SPT_SMPT,43,15234.67,115,0,1,3021.9,13353.8,10331.9,2,2,82.3,1.0,9451.6,797.0,0.0,82.3
2026-09-21 02:03:06,mfsweep_shard0,SPT_SMPT,43,15234.67,116,0,1,3048.2,14888.5,11840.3,2,2,63.4,1.1,9774.6,1976.9,24.4,63.4
2026-09-21 02:03:06,mfsweep_shard0,SPT_SMPT,43,15234.67,117,0,1,3074.5,12886.7,9812.2,2,2,74.6,1.1,8576.6,1150.0,10.0,74.6
2026-09-21 02:03:06,mfsweep_shard0,SPT_SMPT,43,15234.67,118,0,1,3100.7,14938.4,11837.6,2,2,73.6,1.2,9585.2,2077.5,70.7,103.0
2026-09-21 02:03:06,mfsweep_shard0,SPT_SMPT,43,15234.67,119,0,1,3127.0,14323.1,11196.0,2,2,58.6,1.4,10174.9,947.6,13.6,58.6
2026-09-21 02:03:06,mfsweep_shard0,SPT_SMPT,43,15234.67,120,0,1,3153.3,14916.3,11763.0,2,2,78.7,1.5,9496.3,2186.5,0.0,78.7
2026-09-21 02:03:06,mfsweep_shard0,SPT_SMPT,43,15234.67,121,0,1,3179.6,14171.3,10991.7,2,2,71.3,1.3,9189.7,1729.0,0.4,71.3
2026-09-21 02:03:06,mfsweep_shard0,SPT_SMPT,43,15234.67,122,0,1,3205.8,14843.6,11637.8,2,2,79.2,1.4,10167.0,1390.1,0.0,79.2
2026-09-21 02:03:06,mfsweep_shard0,SPT_SMPT,43,15234.67,123,0,1,3232.1,14903.5,11671.4,2,2,71.0,1.5,10492.5,1066.3,13.7,97.4
2026-09-21 02:03:06,mfsweep_shard0,SPT_SMPT,43,15234.67,124,0,1,3258.4,14998.2,11739.8,2,2,53.6,1.6,11505.8,163.9,15.0,53.6
2026-09-21 02:03:06,mfsweep_shard0,SPT_SMPT,43,15234.67,125,0,1,3284.7,15168.2,11883.5,2,2,64.2,1.8,11328.6,322.0,166.9,64.2
2026-09-21 02:03:06,mfsweep_shard0,SPT_SMPT,43,15234.67,126,0,1,3311.0,14882.6,11571.6,2,2,54.2,1.9,10773.3,720.9,21.3,54.2
2026-09-21 02:03:06,mfsweep_shard0,SPT_SMPT,43,15234.67,127,0,1,3337.2,14961.3,11624.1,2,2,84.2,2.0,10607.7,930.1,0.0,84.2
2026-09-21 02:03:06,mfsweep_shard0,SPT_SMPT,43,15234.67,128,0,1,3363.5,13876.8,10513.3,2,2,82.5,2.1,9389.1,1030.8,8.8,82.5
2026-09-21 02:03:06,mfsweep_shard0,SPT_SMPT,43,15234.67,129,0,1,3389.8,15234.7,11844.9,2,2,81.0,2.2,10573.8,1022.6,165.4,81.0
2026-09-21 02:03:06,mfsweep_shard0,SPT_SMPT,43,15234.67,130,0,1,3416.1,14943.9,11527.8,2,2,63.7,2.4,10422.5,972.1,67.2,63.7
2026-09-21 02:03:06,mfsweep_shard0,SPT_SMPT,43,15234.67,131,0,1,3442.3,15044.6,11602.3,2,2,55.5,2.6,11313.3,143.6,87.3,55.5
2026-09-21 02:03:06,mfsweep_shard0,SPT_SMPT,43,15234.67,132,0,1,3468.6,14922.1,11453.5,2,2,82.5,2.5,10066.7,1301.7,0.0,82.5
2026-09-21 02:03:06,mfsweep_shard0,SPT_SMPT,43,15234.67,133,0,1,3494.9,14190.6,10695.7,2,2,84.8,2.7,10074.3,438.9,95.0,84.8
2026-09-21 02:03:06,mfsweep_shard0,SPT_SMPT,43,15234.67,134,0,1,3521.2,15119.5,11598.3,2,2,56.4,2.8,10001.6,1444.7,92.9,56.4
2026-09-21 02:03:06,mfsweep_shard0,SPT_SMPT,43,15234.67,135,0,1,3547.5,15010.6,11463.2,2,2,69.6,3.1,10858.6,519.6,12.3,69.6
2026-09-21 02:03:06,mfsweep_shard0,SPT_SMPT,43,15234.67,136,0,1,3573.7,15083.8,11510.0,2,2,55.8,3.0,10309.8,1125.7,15.7,55.8
2026-09-21 02:14:24,mfsweep_shard0,SPT_SMPT,44,14584.15,0,0,1,0.0,207.1,207.1,2,2,74.6,0.0,67.9,64.6,0.0,74.6
2026-09-21 02:14:24,mfsweep_shard0,SPT_SMPT,44,14584.15,1,0,1,26.3,253.7,227.4,2,2,54.4,0.0,76.7,69.2,27.0,54.4
2026-09-21 02:14:24,mfsweep_shard0,SPT_SMPT,44,14584.15,2,0,1,52.6,341.6,289.0,2,2,62.6,0.0,61.8,71.9,92.7,62.6
2026-09-21 02:14:24,mfsweep_shard0,SPT_SMPT,44,14584.15,3,0,1,78.8,305.9,227.0,2,2,60.9,0.0,84.7,70.5,10.9,60.9
2026-09-21 02:14:24,mfsweep_shard0,SPT_SMPT,44,14584.15,4,0,1,105.1,408.7,303.6,2,2,77.8,0.0,69.4,70.5,85.8,77.8
2026-09-21 02:14:24,mfsweep_shard0,SPT_SMPT,44,14584.15,5,0,1,131.4,1966.3,1834.9,2,2,75.9,0.0,609.5,877.3,263.6,84.5
2026-09-21 02:14:24,mfsweep_shard0,SPT_SMPT,44,14584.15,6,0,1,157.7,10771.5,10613.9,2,2,83.0,0.1,7586.5,1744.0,1200.3,83.0
2026-09-21 02:14:24,mfsweep_shard0,SPT_SMPT,44,14584.15,7,0,1,183.9,625.7,441.7,2,2,56.4,0.0,204.4,101.5,79.4,56.4
2026-09-21 02:14:24,mfsweep_shard0,SPT_SMPT,44,14584.15,8,0,1,210.2,467.6,257.4,2,2,67.5,0.0,106.6,70.0,13.3,67.5
2026-09-21 02:14:24,mfsweep_shard0,SPT_SMPT,44,14584.15,9,0,1,236.5,620.0,383.5,2,2,54.5,0.0,129.2,161.3,38.4,54.5
2026-09-21 02:14:24,mfsweep_shard0,SPT_SMPT,44,14584.15,10,0,1,262.8,1431.1,1168.3,2,2,60.8,0.0,250.0,792.6,65.0,60.8
2026-09-21 02:14:24,mfsweep_shard0,SPT_SMPT,44,14584.15,11,0,1,289.1,2036.9,1747.8,2,2,70.2,0.1,1361.3,188.1,128.1,70.2
2026-09-21 02:14:24,mfsweep_shard0,SPT_SMPT,44,14584.15,12,0,1,315.3,1480.7,1165.4,2,2,54.4,0.1,339.2,706.8,36.2,83.0
2026-09-21 02:14:24,mfsweep_shard0,SPT_SMPT,44,14584.15,13,0,1,341.6,1881.1,1539.5,2,2,60.1,0.1,689.1,714.1,76.1,60.1
2026-09-21 02:14:24,mfsweep_shard0,SPT_SMPT,44,14584.15,14,0,1,367.9,1858.3,1490.4,2,2,75.0,0.1,870.3,490.2,54.7,75.0
2026-09-21 02:14:24,mfsweep_shard0,SPT_SMPT,44,14584.15,15,0,1,394.2,1409.3,1015.1,2,2,71.5,0.0,104.1,839.5,0.0,71.5
2026-09-21 02:14:24,mfsweep_shard0,SPT_SMPT,44,14584.15,16,0,1,420.4,1923.7,1503.3,2,2,60.8,0.2,592.7,849.6,0.0,60.8
2026-09-21 02:14:24,mfsweep_shard0,SPT_SMPT,44,14584.15,17,0,1,446.7,1864.0,1417.3,2,2,73.0,0.0,238.2,1106.0,0.0,73.0
2026-09-21 02:14:24,mfsweep_shard0,SPT_SMPT,44,14584.15,18,0,1,473.0,1468.2,995.2,2,2,80.3,0.0,395.4,464.9,54.6,80.3
2026-09-21 02:14:24,mfsweep_shard0,SPT_SMPT,44,14584.15,19,0,1,499.3,1975.2,1475.9,2,2,53.8,0.0,752.0,670.1,0.0,53.8
2026-09-21 02:14:24,mfsweep_shard0,SPT_SMPT,44,14584.15,20,0,1,525.6,1990.0,1464.4,2,2,80.1,0.0,1144.0,240.2,0.0,80.1
2026-09-21 02:14:24,mfsweep_shard0,SPT_SMPT,44,14584.15,21,0,1,551.8,8708.7,8156.9,2,2,76.6,0.3,5667.4,1785.1,586.1,117.9
2026-09-21 02:14:24,mfsweep_shard0,SPT_SMPT,44,14584.15,22,0,1,578.1,1899.6,1321.5,2,2,64.8,0.0,379.1,877.5,0.0,64.8
2026-09-21 02:14:24,mfsweep_shard0,SPT_SMPT,44,14584.15,23,0,1,604.4,2156.9,1552.5,2,2,58.7,0.1,680.6,771.7,41.4,58.7
2026-09-21 02:14:24,mfsweep_shard0,SPT_SMPT,44,14584.15,24,0,1,630.7,10862.2,10231.5,2,2,85.1,0.4,6941.5,1751.8,1452.6,85.1
2026-09-21 02:14:24,mfsweep_shard0,SPT_SMPT,44,14584.15,25,0,1,656.9,5591.0,4934.1,2,2,64.7,0.0,4022.8,836.2,10.4,64.7
2026-09-21 02:14:24,mfsweep_shard0,SPT_SMPT,44,14584.15,26,0,1,683.2,2672.9,1989.7,2,2,56.6,0.1,1033.9,856.1,43.0,56.6
2026-09-21 02:14:24,mfsweep_shard0,SPT_SMPT,44,14584.15,27,0,1,709.5,2007.5,1298.0,2,2,56.7,0.1,953.7,269.1,18.4,56.7
2026-09-21 02:14:24,mfsweep_shard0,SPT_SMPT,44,14584.15,28,0,1,735.8,4606.7,3870.9,2,2,81.5,0.3,2346.3,1391.3,51.5,81.5
2026-09-21 02:14:24,mfsweep_shard0,SPT_SMPT,44,14584.15,29,0,1,762.0,5585.3,4823.2,2,2,73.5,0.2,2590.6,2055.7,46.3,130.4
2026-09-21 02:14:24,mfsweep_shard0,SPT_SMPT,44,14584.15,30,0,1,788.3,5514.4,4726.1,2,2,80.2,0.5,3356.4,1272.4,16.6,80.2
2026-09-21 02:14:24,mfsweep_shard0,SPT_SMPT,44,14584.15,31,0,1,814.6,5571.8,4757.2,2,2,77.6,0.4,3082.8,1585.2,11.1,77.6
2026-09-21 02:14:24,mfsweep_shard0,SPT_SMPT,44,14584.15,32,0,1,840.9,2194.8,1353.9,2,2,71.2,0.6,1051.7,209.9,20.5,71.2
2026-09-21 02:14:24,mfsweep_shard0,SPT_SMPT,44,14584.15,33,0,1,867.2,2899.1,2031.9,2,2,85.7,0.4,1059.9,886.0,0.0,85.7
2026-09-21 02:14:24,mfsweep_shard0,SPT_SMPT,44,14584.15,34,0,1,893.4,4646.4,3753.0,2,2,66.0,0.5,2296.5,1389.9,0.0,66.0
2026-09-21 02:14:24,mfsweep_shard0,SPT_SMPT,44,14584.15,35,0,1,919.7,4597.0,3677.3,2,2,71.8,0.6,2292.3,1279.6,33.1,71.8
2026-09-21 02:14:24,mfsweep_shard0,SPT_SMPT,44,14584.15,36,0,1,946.0,5535.3,4589.3,2,2,80.9,0.9,3832.3,612.9,62.3,80.9
2026-09-21 02:14:24,mfsweep_shard0,SPT_SMPT,44,14584.15,37,0,1,972.3,7321.1,6348.9,2,2,74.0,1.1,5507.3,653.7,112.8,74.0
2026-09-21 02:14:24,mfsweep_shard0,SPT_SMPT,44,14584.15,38,0,1,998.5,8601.0,7602.5,2,2,82.0,1.6,5856.9,980.1,681.9,82.0
2026-09-21 02:14:24,mfsweep_shard0,SPT_SMPT,44,14584.15,39,0,1,1024.8,2448.2,1423.4,2,2,72.6,0.7,828.5,503.7,17.9,72.6
2026-09-21 02:14:24,mfsweep_shard0,SPT_SMPT,44,14584.15,40,0,1,1051.1,7302.8,6251.7,2,2,76.8,1.5,5188.8,767.6,217.1,76.8
2026-09-21 02:14:24,mfsweep_shard0,SPT_SMPT,44,14584.15,41,0,1,1077.4,5499.8,4422.4,2,2,55.1,1.1,2665.0,1701.2,0.0,55.1
2026-09-21 02:14:24,mfsweep_shard0,SPT_SMPT,44,14584.15,42,0,1,1103.7,4374.6,3270.9,2,2,61.1,0.4,2461.1,731.6,0.0,77.9
2026-09-21 02:14:24,mfsweep_shard0,SPT_SMPT,44,14584.15,43,0,1,1129.9,7351.7,6221.8,2,2,63.1,1.3,4804.2,1347.2,6.1,63.1
2026-09-21 02:14:24,mfsweep_shard0,SPT_SMPT,44,14584.15,44,0,1,1156.2,4437.4,3281.2,2,2,56.2,0.6,1927.9,1296.6,0.0,56.2
2026-09-21 02:14:24,mfsweep_shard0,SPT_SMPT,44,14584.15,45,0,1,1182.5,6860.2,5677.7,2,2,61.2,1.8,4890.1,591.3,133.3,61.2
2026-09-21 02:14:24,mfsweep_shard0,SPT_SMPT,44,14584.15,46,0,1,1208.8,4383.6,3174.9,2,2,56.9,0.6,2592.4,448.9,76.1,56.9
2026-09-21 02:14:24,mfsweep_shard0,SPT_SMPT,44,14584.15,47,0,1,1235.0,6838.5,5603.4,2,2,62.7,2.0,4514.4,887.5,136.8,62.7
2026-09-21 02:14:24,mfsweep_shard0,SPT_SMPT,44,14584.15,48,0,1,1261.3,8673.0,7411.7,2,2,74.5,1.7,4414.2,2186.9,691.4,117.5
2026-09-21 02:14:24,mfsweep_shard0,SPT_SMPT,44,14584.15,49,0,1,1287.6,7384.0,6096.4,2,2,65.6,2.3,5131.6,604.2,292.8,65.6
2026-09-21 02:14:24,mfsweep_shard0,SPT_SMPT,44,14584.15,50,0,1,1313.9,6887.7,5573.8,2,2,65.8,2.4,4543.6,568.4,393.6,65.8
2026-09-21 02:14:24,mfsweep_shard0,SPT_SMPT,44,14584.15,51,0,1,1340.2,5566.1,4225.9,2,2,60.5,0.8,2517.1,1616.0,31.5,60.5
2026-09-21 02:14:24,mfsweep_shard0,SPT_SMPT,44,14584.15,52,0,1,1366.4,7483.2,6116.8,2,2,62.4,2.2,5436.5,605.4,10.4,62.4
2026-09-21 02:14:24,mfsweep_shard0,SPT_SMPT,44,14584.15,53,0,1,1392.7,10849.1,9456.4,2,2,84.5,2.4,7309.1,1149.5,866.7,128.6
2026-09-21 02:14:24,mfsweep_shard0,SPT_SMPT,44,14584.15,54,0,1,1419.0,7357.3,5938.3,2,2,74.9,2.2,4917.9,933.4,9.9,74.9
2026-09-21 02:14:24,mfsweep_shard0,SPT_SMPT,44,14584.15,55,0,1,1445.3,6122.7,4677.4,2,2,73.6,0.2,2071.8,2519.5,0.0,85.9
2026-09-21 02:14:24,mfsweep_shard0,SPT_SMPT,44,14584.15,56,0,1,1471.5,7308.4,5836.9,2,2,59.2,0.8,4547.8,1054.7,142.7,90.8
2026-09-21 02:14:24,mfsweep_shard0,SPT_SMPT,44,14584.15,57,0,1,1497.8,8606.7,7108.9,2,2,77.6,2.4,6362.9,581.2,84.8,77.6
2026-09-21 02:14:24,mfsweep_shard0,SPT_SMPT,44,14584.15,58,0,1,1524.1,7096.1,5572.0,2,2,58.9,1.2,4410.3,1086.9,14.7,58.9
2026-09-21 02:14:24,mfsweep_shard0,SPT_SMPT,44,14584.15,59,0,1,1550.4,7493.5,5943.1,2,2,66.1,2.2,4531.1,1180.2,163.6,66.1
2026-09-21 02:14:24,mfsweep_shard0,SPT_SMPT,44,14584.15,60,0,1,1576.6,10889.5,9312.9,2,2,86.2,0.6,6339.7,1494.6,1378.1,99.9
2026-09-21 02:14:24,mfsweep_shard0,SPT_SMPT,44,14584.15,61,0,1,1602.9,8654.5,7051.6,2,2,74.7,2.5,5355.6,1476.8,142.1,74.7
2026-09-21 02:14:24,mfsweep_shard0,SPT_SMPT,44,14584.15,62,0,1,1629.2,8663.8,7034.6,2,2,71.9,2.5,5567.3,958.7,434.2,71.9
2026-09-21 02:14:24,mfsweep_shard0,SPT_SMPT,44,14584.15,63,0,1,1655.5,8747.6,7092.1,2,2,76.1,2.7,5586.5,775.4,651.5,76.1
2026-09-21 02:14:24,mfsweep_shard0,SPT_SMPT,44,14584.15,64,0,1,1681.8,8632.2,6950.4,2,2,81.4,2.1,5083.3,1180.2,603.5,81.4
2026-09-21 02:14:24,mfsweep_shard0,SPT_SMPT,44,14584.15,65,0,1,1708.0,7520.6,5812.5,2,2,79.2,2.6,4577.6,1153.2,0.0,79.2
2026-09-21 02:14:24,mfsweep_shard0,SPT_SMPT,44,14584.15,66,0,1,1734.3,8595.5,6861.2,2,2,61.1,2.4,4062.7,2670.5,64.5,61.1
2026-09-21 02:14:24,mfsweep_shard0,SPT_SMPT,44,14584.15,67,0,1,1760.6,8523.5,6762.9,2,2,54.6,0.7,4252.3,2436.2,19.1,54.6
2026-09-21 02:14:24,mfsweep_shard0,SPT_SMPT,44,14584.15,68,0,1,1786.9,8612.4,6825.6,2,2,64.0,0.8,4167.4,2534.0,59.4,64.0
2026-09-21 02:14:24,mfsweep_shard0,SPT_SMPT,44,14584.15,69,0,1,1813.1,8529.2,6716.0,2,2,62.4,2.7,4956.8,1662.6,31.6,62.4
2026-09-21 02:14:24,mfsweep_shard0,SPT_SMPT,44,14584.15,70,0,1,1839.4,8818.2,6978.8,2,2,60.5,2.8,4673.5,2216.6,25.4,60.5
2026-09-21 02:14:24,mfsweep_shard0,SPT_SMPT,44,14584.15,71,0,1,1865.7,8691.1,6825.4,2,2,84.7,2.9,4877.4,1857.4,3.0,84.7
2026-09-21 02:14:24,mfsweep_shard0,SPT_SMPT,44,14584.15,72,0,1,1892.0,10809.8,8917.8,2,2,82.5,3.3,5936.1,1935.8,925.3,117.3
2026-09-21 02:14:24,mfsweep_shard0,SPT_SMPT,44,14584.15,73,0,1,1918.3,7370.0,5451.7,2,2,63.9,0.9,3367.6,2002.3,17.0,63.9
2026-09-21 02:14:24,mfsweep_shard0,SPT_SMPT,44,14584.15,74,0,1,1944.5,8645.5,6701.0,2,2,75.2,3.3,5360.4,835.1,427.0,75.2
2026-09-21 02:14:24,mfsweep_shard0,SPT_SMPT,44,14584.15,75,0,1,1970.8,8490.7,6519.9,2,2,66.6,1.7,4619.9,1780.3,51.4,66.6
2026-09-21 02:14:24,mfsweep_shard0,SPT_SMPT,44,14584.15,76,0,1,1997.1,10943.6,8946.5,2,2,83.7,1.4,6256.6,2183.3,421.5,83.7
2026-09-21 02:14:24,mfsweep_shard0,SPT_SMPT,44,14584.15,77,0,1,2023.4,8682.3,6658.9,2,2,68.7,1.8,5179.6,1347.7,61.1,68.7
2026-09-21 02:14:24,mfsweep_shard0,SPT_SMPT,44,14584.15,78,0,1,2049.6,9257.1,7207.5,2,2,62.3,0.6,4207.6,2866.2,70.9,62.3
2026-09-21 02:14:24,mfsweep_shard0,SPT_SMPT,44,14584.15,79,0,1,2075.9,10843.3,8767.4,2,2,61.7,0.9,6680.2,2014.6,10.0,61.7
2026-09-21 02:14:24,mfsweep_shard0,SPT_SMPT,44,14584.15,80,0,1,2102.2,10546.2,8444.0,2,2,72.1,0.4,6355.0,2008.1,8.4,72.1
2026-09-21 02:14:24,mfsweep_shard0,SPT_SMPT,44,14584.15,81,0,1,2128.5,11339.1,9210.7,2,2,62.2,0.0,7032.9,2072.1,27.9,77.8
2026-09-21 02:14:24,mfsweep_shard0,SPT_SMPT,44,14584.15,82,0,1,2154.7,10883.9,8729.2,2,2,72.8,0.6,7982.3,663.1,3.5,79.7
2026-09-21 02:14:24,mfsweep_shard0,SPT_SMPT,44,14584.15,83,0,1,2181.0,10798.6,8617.6,2,2,83.2,0.7,6532.1,1584.2,417.5,83.2
2026-09-21 02:14:24,mfsweep_shard0,SPT_SMPT,44,14584.15,84,0,1,2207.3,10804.2,8596.9,2,2,66.7,0.2,6345.4,2179.5,5.1,66.7
2026-09-21 02:14:24,mfsweep_shard0,SPT_SMPT,44,14584.15,85,0,1,2233.6,9053.0,6819.5,2,2,60.8,0.2,5658.5,1090.0,10.0,60.8
2026-09-21 02:14:24,mfsweep_shard0,SPT_SMPT,44,14584.15,86,0,1,2259.9,11393.7,9133.9,2,2,86.5,0.8,7792.7,591.8,646.4,102.2
2026-09-21 02:14:24,mfsweep_shard0,SPT_SMPT,44,14584.15,87,0,1,2286.1,11416.2,9130.1,2,2,70.4,0.2,7409.1,1650.4,0.0,70.4
2026-09-21 02:14:24,mfsweep_shard0,SPT_SMPT,44,14584.15,88,0,1,2312.4,10217.7,7905.3,2,2,56.5,0.2,5771.7,2076.8,0.0,56.5
2026-09-21 02:14:24,mfsweep_shard0,SPT_SMPT,44,14584.15,89,0,1,2338.7,10907.0,8568.3,2,2,55.1,0.7,7199.8,1312.7,0.0,55.1
2026-09-21 02:14:24,mfsweep_shard0,SPT_SMPT,44,14584.15,90,0,1,2365.0,11601.6,9236.7,2,2,57.2,0.8,8262.1,871.7,44.8,57.2
2026-09-21 02:14:24,mfsweep_shard0,SPT_SMPT,44,14584.15,91,0,1,2391.2,10829.9,8438.7,2,2,74.3,0.0,7654.7,709.7,0.0,74.3
2026-09-21 02:14:24,mfsweep_shard0,SPT_SMPT,44,14584.15,92,0,1,2417.5,12736.5,10319.0,2,2,79.7,0.4,9090.2,1092.6,56.1,79.7
2026-09-21 02:14:24,mfsweep_shard0,SPT_SMPT,44,14584.15,93,0,1,2443.8,14234.4,11790.6,2,2,67.5,0.4,9269.6,2325.6,127.5,67.5
2026-09-21 02:14:24,mfsweep_shard0,SPT_SMPT,44,14584.15,94,0,1,2470.1,11807.0,9336.9,2,2,55.6,0.3,7128.2,2152.7,0.0,55.6
2026-09-21 02:14:24,mfsweep_shard0,SPT_SMPT,44,14584.15,95,0,1,2496.4,12228.1,9731.8,2,2,66.1,0.5,8051.1,1538.6,27.6,114.0
2026-09-21 02:14:24,mfsweep_shard0,SPT_SMPT,44,14584.15,96,0,1,2522.6,10387.6,7864.9,2,2,86.4,0.4,6693.4,1048.1,36.7,86.4
2026-09-21 02:14:24,mfsweep_shard0,SPT_SMPT,44,14584.15,97,0,1,2548.9,11478.2,8929.2,2,2,71.0,0.5,7788.9,1068.8,0.0,71.0
2026-09-21 02:14:24,mfsweep_shard0,SPT_SMPT,44,14584.15,98,0,1,2575.2,10935.6,8360.4,2,2,85.6,0.4,7043.0,1226.9,4.4,85.6
2026-09-21 02:14:24,mfsweep_shard0,SPT_SMPT,44,14584.15,99,0,1,2601.5,11746.5,9145.0,2,2,82.0,0.7,8561.1,501.2,0.0,82.0
2026-09-21 02:14:24,mfsweep_shard0,SPT_SMPT,44,14584.15,100,0,1,2627.7,11754.1,9126.3,2,2,53.9,0.5,8473.2,583.7,15.0,53.9
2026-09-21 02:14:24,mfsweep_shard0,SPT_SMPT,44,14584.15,101,0,1,2654.0,11607.4,8953.3,2,2,77.3,0.8,7821.0,1054.2,0.0,77.3
2026-09-21 02:14:24,mfsweep_shard0,SPT_SMPT,44,14584.15,102,0,1,2680.3,12842.3,10162.0,2,2,76.0,1.0,9329.0,465.8,240.7,125.5
2026-09-21 02:14:24,mfsweep_shard0,SPT_SMPT,44,14584.15,103,0,1,2706.6,14264.0,11557.5,2,2,71.3,0.6,9333.4,1875.5,240.6,107.3
2026-09-21 02:14:24,mfsweep_shard0,SPT_SMPT,44,14584.15,104,0,1,2732.9,12764.6,10031.7,2,2,62.4,0.6,9668.0,300.7,0.0,62.4
2026-09-21 02:14:24,mfsweep_shard0,SPT_SMPT,44,14584.15,105,0,1,2759.1,14323.0,11563.9,2,2,74.7,1.0,9801.0,1331.1,356.0,74.7
2026-09-21 02:14:24,mfsweep_shard0,SPT_SMPT,44,14584.15,106,0,1,2785.4,11798.1,9012.7,2,2,57.2,0.8,8598.6,315.1,41.0,57.2
2026-09-21 02:14:24,mfsweep_shard0,SPT_SMPT,44,14584.15,107,0,1,2811.7,11511.8,8700.1,2,2,67.9,0.6,8355.4,276.2,0.0,67.9
2026-09-21 02:14:24,mfsweep_shard0,SPT_SMPT,44,14584.15,108,0,1,2838.0,11517.4,8679.4,2,2,68.5,0.6,8257.4,266.8,86.0,68.5
2026-09-21 02:14:24,mfsweep_shard0,SPT_SMPT,44,14584.15,109,0,1,2864.2,14159.2,11295.0,2,2,85.0,0.6,9366.9,1842.5,0.0,85.0
2026-09-21 02:14:24,mfsweep_shard0,SPT_SMPT,44,14584.15,110,0,1,2890.5,14269.8,11379.3,2,2,82.4,1.0,9949.0,649.7,697.1,82.4
2026-09-21 02:14:24,mfsweep_shard0,SPT_SMPT,44,14584.15,111,0,1,2916.8,12778.5,9861.7,2,2,62.2,1.0,9218.1,489.1,44.5,109.0
2026-09-21 02:14:24,mfsweep_shard0,SPT_SMPT,44,14584.15,112,0,1,2943.1,11730.4,8787.3,2,2,70.1,0.7,8184.8,531.6,0.1,70.1
2026-09-21 02:14:24,mfsweep_shard0,SPT_SMPT,44,14584.15,113,0,1,2969.3,12747.3,9777.9,2,2,59.4,0.7,8631.7,1011.8,65.1,68.6
2026-09-21 02:14:24,mfsweep_shard0,SPT_SMPT,44,14584.15,114,0,1,2995.6,14351.3,11355.7,2,2,83.7,0.8,9683.9,1576.3,10.3,84.4
2026-09-21 02:14:24,mfsweep_shard0,SPT_SMPT,44,14584.15,115,0,1,3021.9,14303.8,11281.9,2,2,82.3,1.1,9875.4,835.6,487.5,82.3
2026-09-21 02:14:24,mfsweep_shard0,SPT_SMPT,44,14584.15,116,0,1,3048.2,14123.6,11075.4,2,2,63.4,1.0,8735.5,2267.3,8.1,63.4
2026-09-21 02:14:24,mfsweep_shard0,SPT_SMPT,44,14584.15,117,0,1,3074.5,13232.4,10158.0,2,2,74.6,0.8,8902.7,1179.8,0.0,74.6
2026-09-21 02:14:24,mfsweep_shard0,SPT_SMPT,44,14584.15,118,0,1,3100.7,14245.7,11144.9,2,2,73.6,1.0,9060.3,2010.0,0.0,73.6
2026-09-21 02:14:24,mfsweep_shard0,SPT_SMPT,44,14584.15,119,0,1,3127.0,12710.3,9583.3,2,2,58.6,0.0,8447.6,1053.1,23.9,58.6
2026-09-21 02:14:24,mfsweep_shard0,SPT_SMPT,44,14584.15,120,0,1,3153.3,14240.1,11086.8,2,2,78.7,0.0,9496.9,1299.3,211.8,78.7
2026-09-21 02:14:24,mfsweep_shard0,SPT_SMPT,44,14584.15,121,0,1,3179.6,14357.1,11177.5,2,2,71.3,0.0,9607.6,1489.8,8.8,71.3
2026-09-21 02:14:24,mfsweep_shard0,SPT_SMPT,44,14584.15,122,0,1,3205.8,14145.8,10940.0,2,2,79.2,0.1,8566.2,2096.4,198.0,79.2
2026-09-21 02:14:24,mfsweep_shard0,SPT_SMPT,44,14584.15,123,0,1,3232.1,12784.2,9552.1,2,2,71.0,0.1,8744.7,722.5,13.7,71.0
2026-09-21 02:14:24,mfsweep_shard0,SPT_SMPT,44,14584.15,124,0,1,3258.4,14373.9,11115.5,2,2,53.6,0.3,10622.9,419.8,18.9,53.6
2026-09-21 02:14:24,mfsweep_shard0,SPT_SMPT,44,14584.15,125,0,1,3284.7,14228.8,10944.1,2,2,64.2,0.2,9611.6,1238.5,29.6,64.2
2026-09-21 02:14:24,mfsweep_shard0,SPT_SMPT,44,14584.15,126,0,1,3311.0,14368.2,11057.3,2,2,54.2,0.3,10700.7,265.5,36.6,54.2
2026-09-21 02:14:24,mfsweep_shard0,SPT_SMPT,44,14584.15,127,0,1,3337.2,14328.8,10991.5,2,2,84.2,0.0,9782.8,577.5,547.0,84.2
2026-09-21 02:14:24,mfsweep_shard0,SPT_SMPT,44,14584.15,128,0,1,3363.5,14345.8,10982.3,2,2,82.5,0.3,10247.4,630.7,21.3,82.5
2026-09-21 02:14:24,mfsweep_shard0,SPT_SMPT,44,14584.15,129,0,1,3389.8,14251.3,10861.5,2,2,81.0,0.4,10079.4,694.0,6.8,81.0
2026-09-21 02:14:24,mfsweep_shard0,SPT_SMPT,44,14584.15,130,0,1,3416.1,14208.9,10792.8,2,2,63.7,0.4,10024.6,661.5,42.6,63.7
2026-09-21 02:14:24,mfsweep_shard0,SPT_SMPT,44,14584.15,131,0,1,3442.3,14334.3,10892.0,2,2,55.5,0.5,10188.7,629.9,17.5,55.5
2026-09-21 02:14:24,mfsweep_shard0,SPT_SMPT,44,14584.15,132,0,1,3468.6,14400.3,10931.7,2,2,82.5,0.5,9822.3,878.9,101.7,128.2
2026-09-21 02:14:24,mfsweep_shard0,SPT_SMPT,44,14584.15,133,0,1,3494.9,14584.2,11089.3,2,2,84.8,0.3,9743.5,990.4,270.3,84.8
2026-09-21 02:14:24,mfsweep_shard0,SPT_SMPT,44,14584.15,134,0,1,3521.2,14428.7,10907.5,2,2,56.4,0.4,10224.6,588.0,38.2,56.4
2026-09-21 02:14:24,mfsweep_shard0,SPT_SMPT,44,14584.15,135,0,1,3547.5,14514.9,10967.5,2,2,69.6,0.5,9888.2,870.2,138.9,69.6
2026-09-21 02:14:24,mfsweep_shard0,SPT_SMPT,44,14584.15,136,0,1,3573.7,14462.1,10888.4,2,2,55.8,0.4,9677.8,1143.2,11.1,55.8
2026-09-21 02:22:25,mfsweep_shard0,SPT_SMPT,45,12721.09,0,0,1,0.0,209.7,209.7,2,2,74.6,0.0,67.9,67.2,0.0,74.6
2026-09-21 02:22:25,mfsweep_shard0,SPT_SMPT,45,12721.09,1,0,1,26.3,249.9,223.7,2,2,54.4,0.0,73.5,68.7,27.0,54.4
2026-09-21 02:22:25,mfsweep_shard0,SPT_SMPT,45,12721.09,2,0,1,52.6,347.2,294.7,2,2,62.6,0.0,60.8,78.6,92.7,62.6
2026-09-21 02:22:25,mfsweep_shard0,SPT_SMPT,45,12721.09,3,0,1,78.8,290.9,212.1,2,2,60.9,0.0,72.3,67.9,10.9,60.9
2026-09-21 02:22:25,mfsweep_shard0,SPT_SMPT,45,12721.09,4,0,1,105.1,582.4,477.2,2,2,77.8,0.0,147.3,155.1,97.1,77.8
2026-09-21 02:22:25,mfsweep_shard0,SPT_SMPT,45,12721.09,5,0,1,131.4,669.7,538.3,2,2,75.9,0.0,102.9,151.0,208.5,75.9
2026-09-21 02:22:25,mfsweep_shard0,SPT_SMPT,45,12721.09,6,0,1,157.7,2545.7,2388.0,2,2,83.0,0.1,911.9,1202.3,190.8,83.0
2026-09-21 02:22:25,mfsweep_shard0,SPT_SMPT,45,12721.09,7,0,1,183.9,675.2,491.3,2,2,56.4,0.1,180.6,149.1,91.7,69.7
2026-09-21 02:22:25,mfsweep_shard0,SPT_SMPT,45,12721.09,8,0,1,210.2,477.4,267.2,2,2,67.5,0.0,74.1,125.6,0.0,67.5
2026-09-21 02:22:25,mfsweep_shard0,SPT_SMPT,45,12721.09,9,0,1,236.5,571.5,335.0,2,2,54.5,0.0,117.5,157.0,6.0,54.5
2026-09-21 02:22:25,mfsweep_shard0,SPT_SMPT,45,12721.09,10,0,1,262.8,2098.9,1836.1,2,2,60.8,0.0,947.3,769.2,58.9,60.8
2026-09-21 02:22:25,mfsweep_shard0,SPT_SMPT,45,12721.09,11,0,1,289.1,971.7,682.7,2,2,70.2,0.0,186.5,422.6,3.4,70.2
2026-09-21 02:22:25,mfsweep_shard0,SPT_SMPT,45,12721.09,12,0,1,315.3,2539.9,2224.6,2,2,54.4,0.0,1342.7,785.6,41.8,54.4
2026-09-21 02:22:25,mfsweep_shard0,SPT_SMPT,45,12721.09,13,0,1,341.6,1378.2,1036.6,2,2,60.1,0.0,134.6,790.0,52.0,60.1
2026-09-21 02:22:25,mfsweep_shard0,SPT_SMPT,45,12721.09,14,0,1,367.9,3447.9,3080.0,2,2,75.0,0.0,1933.1,954.0,117.9,75.0
2026-09-21 02:22:25,mfsweep_shard0,SPT_SMPT,45,12721.09,15,0,1,394.2,2053.6,1659.4,2,2,71.5,0.0,383.5,1158.1,46.2,71.5
2026-09-21 02:22:25,mfsweep_shard0,SPT_SMPT,45,12721.09,16,0,1,420.4,2876.1,2455.7,2,2,60.8,0.0,1508.1,886.7,0.0,60.8
2026-09-21 02:22:25,mfsweep_shard0,SPT_SMPT,45,12721.09,17,0,1,446.7,2072.1,1625.4,2,2,73.0,0.0,672.4,837.8,42.2,73.0
2026-09-21 02:22:25,mfsweep_shard0,SPT_SMPT,45,12721.09,18,0,1,473.0,3558.9,3085.9,2,2,80.3,0.1,2667.7,248.0,89.9,80.3
2026-09-21 02:22:25,mfsweep_shard0,SPT_SMPT,45,12721.09,19,0,1,499.3,3535.8,3036.5,2,2,53.8,0.1,2466.6,516.0,0.0,53.8
2026-09-21 02:22:25,mfsweep_shard0,SPT_SMPT,45,12721.09,20,0,1,525.6,2849.2,2323.6,2,2,80.1,0.2,1502.1,697.6,43.6,80.1
2026-09-21 02:22:25,mfsweep_shard0,SPT_SMPT,45,12721.09,21,0,1,551.8,2592.2,2040.4,2,2,76.6,0.3,1121.3,821.4,0.0,97.4
2026-09-21 02:22:25,mfsweep_shard0,SPT_SMPT,45,12721.09,22,0,1,578.1,3564.5,2986.4,2,2,64.8,0.3,2293.8,627.5,0.0,64.8
2026-09-21 02:22:25,mfsweep_shard0,SPT_SMPT,45,12721.09,23,0,1,604.4,5789.4,5185.0,2,2,58.7,0.1,2253.8,2805.8,66.6,58.7
2026-09-21 02:22:25,mfsweep_shard0,SPT_SMPT,45,12721.09,24,0,1,630.7,3504.3,2873.7,2,2,85.1,0.0,860.2,1724.9,203.5,85.1
2026-09-21 02:22:25,mfsweep_shard0,SPT_SMPT,45,12721.09,25,0,1,656.9,3586.1,2929.2,2,2,64.7,0.0,1593.7,1245.7,25.1,64.7
2026-09-21 02:22:25,mfsweep_shard0,SPT_SMPT,45,12721.09,26,0,1,683.2,5932.7,5249.5,2,2,56.6,0.1,3798.9,1354.7,39.3,56.6
2026-09-21 02:22:25,mfsweep_shard0,SPT_SMPT,45,12721.09,27,0,1,709.5,3541.5,2832.0,2,2,56.7,0.0,1483.1,1270.7,21.4,56.7
2026-09-21 02:22:25,mfsweep_shard0,SPT_SMPT,45,12721.09,28,0,1,735.8,3631.1,2895.3,2,2,81.5,0.1,1865.3,808.8,139.6,81.5
2026-09-21 02:22:25,mfsweep_shard0,SPT_SMPT,45,12721.09,29,0,1,762.0,3668.6,2906.6,2,2,73.5,0.0,1294.7,1437.5,100.9,73.5
2026-09-21 02:22:25,mfsweep_shard0,SPT_SMPT,45,12721.09,30,0,1,788.3,3780.6,2992.2,2,2,80.2,0.1,1770.2,1125.8,15.9,80.2
2026-09-21 02:22:25,mfsweep_shard0,SPT_SMPT,45,12721.09,31,0,1,814.6,6050.3,5235.7,2,2,77.6,0.1,3825.0,1096.5,210.4,103.7
2026-09-21 02:22:25,mfsweep_shard0,SPT_SMPT,45,12721.09,32,0,1,840.9,3601.4,2760.5,2,2,71.2,0.2,1529.3,1110.0,49.8,71.2
2026-09-21 02:22:25,mfsweep_shard0,SPT_SMPT,45,12721.09,33,0,1,867.2,3674.2,2807.0,2,2,85.7,0.2,1144.0,1577.2,0.0,85.7
2026-09-21 02:22:25,mfsweep_shard0,SPT_SMPT,45,12721.09,34,0,1,893.4,3595.7,2702.3,2,2,66.0,0.1,1258.3,1377.8,0.0,66.0
2026-09-21 02:22:25,mfsweep_shard0,SPT_SMPT,45,12721.09,35,0,1,919.7,3617.0,2697.3,2,2,71.8,0.0,1062.8,1529.3,33.4,71.8
2026-09-21 02:22:25,mfsweep_shard0,SPT_SMPT,45,12721.09,36,0,1,946.0,3467.0,2521.0,2,2,80.9,0.0,671.7,1758.2,10.1,80.9
2026-09-21 02:22:25,mfsweep_shard0,SPT_SMPT,45,12721.09,37,0,1,972.3,3772.9,2800.6,2,2,74.0,0.3,1241.4,1386.7,98.3,74.0
2026-09-21 02:22:25,mfsweep_shard0,SPT_SMPT,45,12721.09,38,0,1,998.5,4602.3,3603.8,2,2,82.0,0.2,2060.6,1461.0,0.0,82.0
2026-09-21 02:22:25,mfsweep_shard0,SPT_SMPT,45,12721.09,39,0,1,1024.8,3840.5,2815.7,2,2,72.6,0.2,2308.3,404.0,30.6,72.6
2026-09-21 02:22:25,mfsweep_shard0,SPT_SMPT,45,12721.09,40,0,1,1051.1,6500.7,5449.6,2,2,76.8,0.3,3820.5,1530.8,21.2,76.8
2026-09-21 02:22:25,mfsweep_shard0,SPT_SMPT,45,12721.09,41,0,1,1077.4,4398.7,3321.4,2,2,55.1,0.3,2690.6,551.0,24.4,55.1
2026-09-21 02:22:25,mfsweep_shard0,SPT_SMPT,45,12721.09,42,0,1,1103.7,5888.5,4784.9,2,2,61.1,0.2,3063.6,1642.3,17.7,61.1
2026-09-21 02:22:25,mfsweep_shard0,SPT_SMPT,45,12721.09,43,0,1,1129.9,5996.1,4866.2,2,2,63.1,0.4,3475.0,1238.9,88.8,63.1
2026-09-21 02:22:25,mfsweep_shard0,SPT_SMPT,45,12721.09,44,0,1,1156.2,4655.7,3499.5,2,2,56.2,0.5,2658.6,758.9,25.3,56.2
2026-09-21 02:22:25,mfsweep_shard0,SPT_SMPT,45,12721.09,45,0,1,1182.5,5966.5,4784.0,2,2,61.2,0.4,3650.5,1018.4,53.5,61.2
2026-09-21 02:22:25,mfsweep_shard0,SPT_SMPT,45,12721.09,46,0,1,1208.8,5395.1,4186.3,2,2,56.9,0.5,2600.7,1479.1,49.1,56.9
2026-09-21 02:22:25,mfsweep_shard0,SPT_SMPT,45,12721.09,47,0,1,1235.0,8806.4,7571.4,2,2,62.7,0.3,6170.7,1332.5,5.0,62.7
2026-09-21 02:22:25,mfsweep_shard0,SPT_SMPT,45,12721.09,48,0,1,1261.3,5603.0,4341.7,2,2,74.5,0.3,2424.6,1842.2,0.0,74.5
2026-09-21 02:22:25,mfsweep_shard0,SPT_SMPT,45,12721.09,49,0,1,1287.6,5955.3,4667.7,2,2,65.6,0.4,2355.4,2243.9,2.6,65.6
2026-09-21 02:22:25,mfsweep_shard0,SPT_SMPT,45,12721.09,50,0,1,1313.9,4607.9,3294.0,2,2,65.8,0.0,2446.8,616.6,164.9,65.8
2026-09-21 02:22:25,mfsweep_shard0,SPT_SMPT,45,12721.09,51,0,1,1340.2,5946.7,4606.5,2,2,60.5,0.1,4004.7,482.4,58.9,60.5
2026-09-21 02:22:25,mfsweep_shard0,SPT_SMPT,45,12721.09,52,0,1,1366.4,6058.8,4692.4,2,2,62.4,0.0,3573.4,952.7,103.8,62.4
2026-09-21 02:22:25,mfsweep_shard0,SPT_SMPT,45,12721.09,53,0,1,1392.7,7943.2,6550.5,2,2,84.5,0.1,5791.5,674.4,0.0,84.5
2026-09-21 02:22:25,mfsweep_shard0,SPT_SMPT,45,12721.09,54,0,1,1419.0,5916.0,4497.0,2,2,74.9,0.0,3738.6,431.2,252.3,74.9
2026-09-21 02:22:25,mfsweep_shard0,SPT_SMPT,45,12721.09,55,0,1,1445.3,5960.9,4515.7,2,2,73.6,0.0,3993.9,222.1,226.0,73.6
2026-09-21 02:22:25,mfsweep_shard0,SPT_SMPT,45,12721.09,56,0,1,1471.5,6001.8,4530.2,2,2,59.2,0.0,3992.6,425.7,52.7,59.2
2026-09-21 02:22:25,mfsweep_shard0,SPT_SMPT,45,12721.09,57,0,1,1497.8,5910.3,4412.5,2,2,77.6,0.0,2782.4,1186.7,365.7,77.6
2026-09-21 02:22:25,mfsweep_shard0,SPT_SMPT,45,12721.09,58,0,1,1524.1,6522.9,4998.8,2,2,58.9,0.1,4170.4,769.3,0.0,58.9
2026-09-21 02:22:25,mfsweep_shard0,SPT_SMPT,45,12721.09,59,0,1,1550.4,8092.8,6542.4,2,2,66.1,0.1,5927.0,449.2,100.0,66.1
2026-09-21 02:22:25,mfsweep_shard0,SPT_SMPT,45,12721.09,60,0,1,1576.6,6007.3,4430.6,2,2,86.2,0.0,2947.1,984.5,412.8,86.2
2026-09-21 02:22:25,mfsweep_shard0,SPT_SMPT,45,12721.09,61,0,1,1602.9,7274.2,5671.3,2,2,74.7,0.0,3374.0,2222.6,0.0,74.7
2026-09-21 02:22:25,mfsweep_shard0,SPT_SMPT,45,12721.09,62,0,1,1629.2,5838.6,4209.4,2,2,71.9,0.0,2513.6,1568.9,54.9,71.9
2026-09-21 02:22:25,mfsweep_shard0,SPT_SMPT,45,12721.09,63,0,1,1655.5,7905.3,6249.8,2,2,76.1,0.0,3704.7,2426.1,42.8,76.1
2026-09-21 02:22:25,mfsweep_shard0,SPT_SMPT,45,12721.09,64,0,1,1681.8,6042.1,4360.4,2,2,81.4,0.1,3252.2,1026.7,0.0,81.4
2026-09-21 02:22:25,mfsweep_shard0,SPT_SMPT,45,12721.09,65,0,1,1708.0,9253.8,7545.7,2,2,79.2,0.0,6017.3,1449.2,0.0,79.2
2026-09-21 02:22:25,mfsweep_shard0,SPT_SMPT,45,12721.09,66,0,1,1734.3,7455.2,5720.9,2,2,61.1,0.0,3749.2,1910.6,0.0,61.1
2026-09-21 02:22:25,mfsweep_shard0,SPT_SMPT,45,12721.09,67,0,1,1760.6,8073.2,6312.6,2,2,54.6,0.1,5204.5,1031.8,21.6,54.6
2026-09-21 02:22:25,mfsweep_shard0,SPT_SMPT,45,12721.09,68,0,1,1786.9,7948.8,6161.9,2,2,64.0,0.0,3534.4,2537.8,25.7,64.0
2026-09-21 02:22:25,mfsweep_shard0,SPT_SMPT,45,12721.09,69,0,1,1813.1,6471.3,4658.1,2,2,62.4,0.0,4218.3,377.4,0.0,62.4
2026-09-21 02:22:25,mfsweep_shard0,SPT_SMPT,45,12721.09,70,0,1,1839.4,9018.3,7178.9,2,2,60.5,0.0,4853.8,2264.5,0.0,60.5
2026-09-21 02:22:25,mfsweep_shard0,SPT_SMPT,45,12721.09,71,0,1,1865.7,8078.8,6213.1,2,2,84.7,0.1,4949.8,1178.5,0.0,84.7
2026-09-21 02:22:25,mfsweep_shard0,SPT_SMPT,45,12721.09,72,0,1,1892.0,9767.1,7875.1,2,2,82.5,0.1,6482.4,1105.1,205.2,82.5
2026-09-21 02:22:25,mfsweep_shard0,SPT_SMPT,45,12721.09,73,0,1,1918.3,8084.4,6166.1,2,2,63.9,0.1,4661.6,1419.1,21.5,63.9
2026-09-21 02:22:25,mfsweep_shard0,SPT_SMPT,45,12721.09,74,0,1,1944.5,9772.7,7828.2,2,2,75.2,0.0,5391.7,2248.5,112.7,75.2
2026-09-21 02:22:25,mfsweep_shard0,SPT_SMPT,45,12721.09,75,0,1,1970.8,10491.3,8520.5,2,2,66.6,0.0,5399.1,2820.6,192.4,108.4
2026-09-21 02:22:25,mfsweep_shard0,SPT_SMPT,45,12721.09,76,0,1,1997.1,9786.4,7789.3,2,2,83.7,0.0,5102.3,2603.2,0.0,83.7
2026-09-21 02:22:25,mfsweep_shard0,SPT_SMPT,45,12721.09,77,0,1,2023.4,8000.0,5976.6,2,2,68.7,0.1,5408.4,499.4,0.0,68.7
2026-09-21 02:22:25,mfsweep_shard0,SPT_SMPT,45,12721.09,78,0,1,2049.6,9803.2,7753.6,2,2,62.3,0.1,6242.6,1418.5,30.1,62.3
2026-09-21 02:22:25,mfsweep_shard0,SPT_SMPT,45,12721.09,79,0,1,2075.9,9511.3,7435.4,2,2,61.7,0.0,6210.4,1163.3,0.0,61.7
2026-09-21 02:22:25,mfsweep_shard0,SPT_SMPT,45,12721.09,80,0,1,2102.2,9708.2,7606.0,2,2,72.1,0.1,4966.0,2483.5,82.8,73.6
2026-09-21 02:22:25,mfsweep_shard0,SPT_SMPT,45,12721.09,81,0,1,2128.5,9827.5,7699.0,2,2,62.2,0.1,6133.6,1462.8,40.3,62.2
2026-09-21 02:22:25,mfsweep_shard0,SPT_SMPT,45,12721.09,82,0,1,2154.7,9833.1,7678.3,2,2,72.8,0.2,6146.3,1448.8,10.2,72.8
2026-09-21 02:22:25,mfsweep_shard0,SPT_SMPT,45,12721.09,83,0,1,2181.0,9867.8,7686.8,2,2,83.2,0.1,6659.5,943.2,0.7,83.2
2026-09-21 02:22:25,mfsweep_shard0,SPT_SMPT,45,12721.09,84,0,1,2207.3,9780.8,7573.5,2,2,66.7,0.3,6100.5,1352.5,53.5,66.7
2026-09-21 02:22:25,mfsweep_shard0,SPT_SMPT,45,12721.09,85,0,1,2233.6,9248.2,7014.6,2,2,60.8,0.2,5775.3,1178.3,0.0,60.8
2026-09-21 02:22:25,mfsweep_shard0,SPT_SMPT,45,12721.09,86,0,1,2259.9,10037.5,7777.6,2,2,86.5,0.3,5884.6,1806.4,0.0,86.5
2026-09-21 02:22:25,mfsweep_shard0,SPT_SMPT,45,12721.09,87,0,1,2286.1,9794.5,7508.3,2,2,70.4,0.2,5996.2,1388.7,52.8,70.4
2026-09-21 02:22:25,mfsweep_shard0,SPT_SMPT,45,12721.09,88,0,1,2312.4,11655.9,9343.5,2,2,56.5,0.3,8431.9,764.9,58.5,87.8
2026-09-21 02:22:25,mfsweep_shard0,SPT_SMPT,45,12721.09,89,0,1,2338.7,10567.6,8228.9,2,2,55.1,0.4,6445.6,1723.7,0.7,58.5
2026-09-21 02:22:25,mfsweep_shard0,SPT_SMPT,45,12721.09,90,0,1,2365.0,9821.9,7456.9,2,2,57.2,0.4,6509.2,890.1,0.0,57.2
2026-09-21 02:22:25,mfsweep_shard0,SPT_SMPT,45,12721.09,91,0,1,2391.2,11354.0,8962.7,2,2,74.3,0.5,6700.2,2101.8,86.0,74.3
2026-09-21 02:22:25,mfsweep_shard0,SPT_SMPT,45,12721.09,92,0,1,2417.5,11308.2,8890.6,2,2,79.7,0.7,7316.1,1494.2,0.0,79.7
2026-09-21 02:22:25,mfsweep_shard0,SPT_SMPT,45,12721.09,93,0,1,2443.8,10017.7,7573.9,2,2,67.5,0.5,6164.7,1341.2,0.0,67.5
2026-09-21 02:22:25,mfsweep_shard0,SPT_SMPT,45,12721.09,94,0,1,2470.1,11537.5,9067.5,2,2,55.6,0.6,7852.9,1158.3,0.0,55.6
2026-09-21 02:22:25,mfsweep_shard0,SPT_SMPT,45,12721.09,95,0,1,2496.4,10977.7,8481.4,2,2,66.1,0.6,7536.5,596.3,281.9,66.1
2026-09-21 02:22:25,mfsweep_shard0,SPT_SMPT,45,12721.09,96,0,1,2522.6,12721.1,10198.5,2,2,86.4,0.8,6994.0,1411.6,1654.6,137.5
2026-09-21 02:22:25,mfsweep_shard0,SPT_SMPT,45,12721.09,97,0,1,2548.9,11466.4,8917.5,2,2,71.0,0.8,7918.2,921.2,6.4,71.0
2026-09-21 02:22:25,mfsweep_shard0,SPT_SMPT,45,12721.09,98,0,1,2575.2,10518.7,7943.5,2,2,85.6,1.0,6564.8,1292.1,0.0,85.6
2026-09-21 02:22:25,mfsweep_shard0,SPT_SMPT,45,12721.09,99,0,1,2601.5,12011.7,9410.3,2,2,82.0,1.2,8634.7,218.5,473.3,82.5
2026-09-21 02:22:25,mfsweep_shard0,SPT_SMPT,45,12721.09,100,0,1,2627.7,10399.5,7771.8,2,2,53.9,1.0,7257.8,422.9,36.2,53.9
2026-09-21 02:22:25,mfsweep_shard0,SPT_SMPT,45,12721.09,101,0,1,2654.0,11445.2,8791.1,2,2,77.3,1.2,7403.3,912.0,397.3,77.3
2026-09-21 02:22:25,mfsweep_shard0,SPT_SMPT,45,12721.09,102,0,1,2680.3,10006.6,7326.3,2,2,76.0,1.0,7118.3,122.8,8.1,76.0
2026-09-21 02:22:25,mfsweep_shard0,SPT_SMPT,45,12721.09,103,0,1,2706.6,11423.3,8716.8,2,2,71.3,1.2,7811.9,471.0,361.4,71.3
2026-09-21 02:22:25,mfsweep_shard0,SPT_SMPT,45,12721.09,104,0,1,2732.9,11005.8,8273.0,2,2,62.4,1.1,7322.8,602.3,284.4,62.4
2026-09-21 02:22:25,mfsweep_shard0,SPT_SMPT,45,12721.09,105,0,1,2759.1,11617.6,8858.5,2,2,74.7,1.4,7459.7,801.8,520.9,74.7
2026-09-21 02:22:25,mfsweep_shard0,SPT_SMPT,45,12721.09,106,0,1,2785.4,10605.8,7820.4,2,2,57.2,1.3,7483.7,250.5,27.8,57.2
2026-09-21 02:22:25,mfsweep_shard0,SPT_SMPT,45,12721.09,107,0,1,2811.7,10524.4,7712.7,2,2,67.9,1.3,7055.6,182.9,405.0,67.9
2026-09-21 02:22:25,mfsweep_shard0,SPT_SMPT,45,12721.09,108,0,1,2838.0,11404.1,8566.1,2,2,68.5,1.6,7461.8,551.0,483.2,68.5
2026-09-21 02:22:25,mfsweep_shard0,SPT_SMPT,45,12721.09,109,0,1,2864.2,12520.7,9656.5,2,2,85.0,1.8,8050.4,197.5,1321.8,85.0
2026-09-21 02:22:25,mfsweep_shard0,SPT_SMPT,45,12721.09,110,0,1,2890.5,11908.5,9018.0,2,2,82.4,1.5,7829.1,990.5,75.1,121.9
2026-09-21 02:22:25,mfsweep_shard0,SPT_SMPT,45,12721.09,111,0,1,2916.8,10600.2,7683.4,2,2,62.2,1.6,7283.7,215.4,120.6,62.2
2026-09-21 02:22:25,mfsweep_shard0,SPT_SMPT,45,12721.09,112,0,1,2943.1,11490.6,8547.5,2,2,70.1,1.9,7777.9,686.3,11.3,70.1
2026-09-21 02:22:25,mfsweep_shard0,SPT_SMPT,45,12721.09,113,0,1,2969.3,11382.4,8413.0,2,2,59.4,1.7,7743.5,459.5,148.9,59.4
2026-09-21 02:22:25,mfsweep_shard0,SPT_SMPT,45,12721.09,114,0,1,2995.6,12380.9,9385.3,2,2,83.7,2.2,8071.3,357.3,870.8,83.7
2026-09-21 02:22:25,mfsweep_shard0,SPT_SMPT,45,12721.09,115,0,1,3021.9,11601.5,8579.6,2,2,82.3,2.2,8135.7,353.5,5.9,82.3
2026-09-21 02:22:25,mfsweep_shard0,SPT_SMPT,45,12721.09,116,0,1,3048.2,12056.2,9008.0,2,2,63.4,2.4,8133.6,452.6,352.0,67.3
2026-09-21 02:22:25,mfsweep_shard0,SPT_SMPT,45,12721.09,117,0,1,3074.5,11510.3,8435.9,2,2,74.6,2.2,7204.8,999.8,154.4,74.6
2026-09-21 02:22:25,mfsweep_shard0,SPT_SMPT,45,12721.09,118,0,1,3100.7,11359.6,8258.8,2,2,73.6,2.0,7433.3,553.7,196.2,73.6
2026-09-21 02:22:25,mfsweep_shard0,SPT_SMPT,45,12721.09,119,0,1,3127.0,11481.8,8354.8,2,2,58.6,2.0,7825.4,211.0,257.7,58.6
2026-09-21 02:22:25,mfsweep_shard0,SPT_SMPT,45,12721.09,120,0,1,3153.3,11578.7,8425.4,2,2,78.7,2.4,7424.7,784.4,135.2,78.7
2026-09-21 02:22:25,mfsweep_shard0,SPT_SMPT,45,12721.09,121,0,1,3179.6,12113.0,8933.5,2,2,71.3,2.7,8126.4,475.3,257.8,71.3
2026-09-21 02:22:25,mfsweep_shard0,SPT_SMPT,45,12721.09,122,0,1,3205.8,12178.5,8972.7,2,2,79.2,3.0,8265.0,124.0,501.5,79.2
2026-09-21 02:22:25,mfsweep_shard0,SPT_SMPT,45,12721.09,123,0,1,3232.1,11786.4,8554.3,2,2,71.0,3.0,8133.6,133.1,213.6,71.0
2026-09-21 02:22:25,mfsweep_shard0,SPT_SMPT,45,12721.09,124,0,1,3258.4,11700.2,8441.8,2,2,53.6,2.5,7875.7,466.0,44.1,53.6
2026-09-21 02:22:25,mfsweep_shard0,SPT_SMPT,45,12721.09,125,0,1,3284.7,11749.6,8464.9,2,2,64.2,2.4,7787.6,512.3,98.4,64.2
2026-09-21 02:22:25,mfsweep_shard0,SPT_SMPT,45,12721.09,126,0,1,3311.0,11610.7,8299.8,2,2,54.2,3.0,7928.5,207.2,106.8,54.2
2026-09-21 02:22:25,mfsweep_shard0,SPT_SMPT,45,12721.09,127,0,1,3337.2,11672.4,8335.2,2,2,84.2,2.9,7551.1,665.9,31.1,84.2
2026-09-21 02:22:25,mfsweep_shard0,SPT_SMPT,45,12721.09,128,0,1,3363.5,12311.7,8948.2,2,2,82.5,3.4,7994.4,161.5,706.4,82.5
2026-09-21 02:22:25,mfsweep_shard0,SPT_SMPT,45,12721.09,129,0,1,3389.8,11650.2,8260.5,2,2,81.0,3.3,7832.7,240.1,103.3,81.0
2026-09-21 02:22:25,mfsweep_shard0,SPT_SMPT,45,12721.09,130,0,1,3416.1,11388.0,7971.9,2,2,63.7,0.0,5880.0,1986.9,41.3,63.7
2026-09-21 02:22:25,mfsweep_shard0,SPT_SMPT,45,12721.09,131,0,1,3442.3,11801.0,8358.7,2,2,55.5,0.2,7846.2,419.3,37.5,55.5
2026-09-21 02:22:25,mfsweep_shard0,SPT_SMPT,45,12721.09,132,0,1,3468.6,12244.8,8776.1,2,2,82.5,0.4,7298.6,859.6,535.0,82.5
2026-09-21 02:22:25,mfsweep_shard0,SPT_SMPT,45,12721.09,133,0,1,3494.9,12450.1,8955.2,2,2,84.8,0.4,7947.5,292.4,630.1,84.8
2026-09-21 02:22:25,mfsweep_shard0,SPT_SMPT,45,12721.09,134,0,1,3521.2,11977.8,8456.6,2,2,56.4,0.7,8186.9,126.6,51.8,90.6
2026-09-21 02:22:25,mfsweep_shard0,SPT_SMPT,45,12721.09,135,0,1,3547.5,11736.2,8188.7,2,2,69.6,0.5,7955.9,153.5,9.2,69.6
2026-09-21 02:22:25,mfsweep_shard0,SPT_SMPT,45,12721.09,136,0,1,3573.7,11932.0,8358.3,2,2,55.8,0.5,8122.0,140.6,39.3,55.8
2026-09-21 02:28:25,mfsweep_shard0,SPT_SMPT,46,10576.76,0,0,1,0.0,209.7,209.7,2,2,74.6,0.0,67.9,67.2,0.0,74.6
2026-09-21 02:28:25,mfsweep_shard0,SPT_SMPT,46,10576.76,1,0,1,26.3,249.9,223.7,2,2,54.4,0.0,73.5,68.7,27.0,54.4
2026-09-21 02:28:25,mfsweep_shard0,SPT_SMPT,46,10576.76,2,0,1,52.6,354.6,302.1,2,2,62.6,0.0,65.8,81.0,92.7,62.6
2026-09-21 02:28:25,mfsweep_shard0,SPT_SMPT,46,10576.76,3,0,1,78.8,290.9,212.1,2,2,60.9,0.0,72.3,67.9,10.9,60.9
2026-09-21 02:28:25,mfsweep_shard0,SPT_SMPT,46,10576.76,4,0,1,105.1,785.3,680.2,2,2,77.8,0.0,91.2,172.8,338.4,77.8
2026-09-21 02:28:25,mfsweep_shard0,SPT_SMPT,46,10576.76,5,0,1,131.4,728.6,597.2,2,2,75.9,0.0,161.4,178.5,181.4,75.9
2026-09-21 02:28:25,mfsweep_shard0,SPT_SMPT,46,10576.76,6,0,1,157.7,1950.3,1792.7,2,2,83.0,0.1,252.0,1256.4,201.1,83.0
2026-09-21 02:28:25,mfsweep_shard0,SPT_SMPT,46,10576.76,7,0,1,183.9,601.0,417.1,2,2,56.4,0.1,179.3,153.0,14.2,70.5
2026-09-21 02:28:25,mfsweep_shard0,SPT_SMPT,46,10576.76,8,0,1,210.2,709.1,498.9,2,2,67.5,0.0,249.6,181.7,0.0,67.5
2026-09-21 02:28:25,mfsweep_shard0,SPT_SMPT,46,10576.76,9,0,1,236.5,644.6,408.1,2,2,54.5,0.0,207.3,128.4,17.8,54.5
2026-09-21 02:28:25,mfsweep_shard0,SPT_SMPT,46,10576.76,10,0,1,262.8,583.7,321.0,2,2,60.8,0.0,84.3,132.9,43.0,60.8
2026-09-21 02:28:25,mfsweep_shard0,SPT_SMPT,46,10576.76,11,0,1,289.1,717.3,428.2,2,2,70.2,0.0,104.9,223.9,29.3,70.2
2026-09-21 02:28:25,mfsweep_shard0,SPT_SMPT,46,10576.76,12,0,1,315.3,868.4,553.1,2,2,54.4,0.0,268.6,215.3,14.7,54.4
2026-09-21 02:28:25,mfsweep_shard0,SPT_SMPT,46,10576.76,13,0,1,341.6,722.9,381.2,2,2,60.1,0.0,78.6,242.6,0.0,60.1
2026-09-21 02:28:25,mfsweep_shard0,SPT_SMPT,46,10576.76,14,0,1,367.9,1979.3,1611.4,2,2,75.0,0.1,265.4,1133.4,137.6,75.0
2026-09-21 02:28:25,mfsweep_shard0,SPT_SMPT,46,10576.76,15,0,1,394.2,3725.8,3331.7,2,2,71.5,0.0,2165.1,1018.5,76.5,71.5
2026-09-21 02:28:25,mfsweep_shard0,SPT_SMPT,46,10576.76,16,0,1,420.4,2487.5,2067.1,2,2,60.8,0.0,1239.7,737.8,28.7,60.8
2026-09-21 02:28:25,mfsweep_shard0,SPT_SMPT,46,10576.76,17,0,1,446.7,3186.5,2739.8,2,2,73.0,0.0,1583.5,898.7,184.6,73.0
2026-09-21 02:28:25,mfsweep_shard0,SPT_SMPT,46,10576.76,18,0,1,473.0,4165.1,3692.1,2,2,80.3,0.0,2366.2,873.8,371.9,80.3
2026-09-21 02:28:25,mfsweep_shard0,SPT_SMPT,46,10576.76,19,0,1,499.3,2956.5,2457.3,2,2,53.8,0.0,910.3,1486.4,6.8,53.8
2026-09-21 02:28:25,mfsweep_shard0,SPT_SMPT,46,10576.76,20,0,1,525.6,2209.2,1683.6,2,2,80.1,0.0,746.1,855.5,1.8,80.1
2026-09-21 02:28:25,mfsweep_shard0,SPT_SMPT,46,10576.76,21,0,1,551.8,5768.1,5216.3,2,2,76.6,0.1,4289.1,490.5,319.3,117.2
2026-09-21 02:28:25,mfsweep_shard0,SPT_SMPT,46,10576.76,22,0,1,578.1,2540.9,1962.8,2,2,64.8,0.0,1323.4,495.2,79.4,64.8
2026-09-21 02:28:25,mfsweep_shard0,SPT_SMPT,46,10576.76,23,0,1,604.4,2775.3,2170.9,2,2,58.7,0.1,1101.5,1010.7,0.0,58.7
2026-09-21 02:28:25,mfsweep_shard0,SPT_SMPT,46,10576.76,24,0,1,630.7,3351.0,2720.3,2,2,85.1,0.1,1896.3,633.7,105.0,85.1
2026-09-21 02:28:25,mfsweep_shard0,SPT_SMPT,46,10576.76,25,0,1,656.9,3896.3,3239.3,2,2,64.7,0.3,2945.1,229.0,0.3,64.7
2026-09-21 02:28:25,mfsweep_shard0,SPT_SMPT,46,10576.76,26,0,1,683.2,3240.6,2557.4,2,2,56.6,0.0,1450.6,1050.2,0.0,56.6
2026-09-21 02:28:25,mfsweep_shard0,SPT_SMPT,46,10576.76,27,0,1,709.5,2000.5,1291.0,2,2,56.7,0.0,626.4,607.9,0.0,56.7
2026-09-21 02:28:25,mfsweep_shard0,SPT_SMPT,46,10576.76,28,0,1,735.8,4027.0,3291.3,2,2,81.5,0.1,1872.9,1336.7,0.0,81.5
2026-09-21 02:28:25,mfsweep_shard0,SPT_SMPT,46,10576.76,29,0,1,762.0,3331.8,2569.8,2,2,73.5,0.0,917.6,1578.7,0.0,73.5
2026-09-21 02:28:25,mfsweep_shard0,SPT_SMPT,46,10576.76,30,0,1,788.3,6834.0,6045.7,2,2,80.2,0.2,3071.2,2116.9,777.1,80.2
2026-09-21 02:28:25,mfsweep_shard0,SPT_SMPT,46,10576.76,31,0,1,814.6,3974.2,3159.6,2,2,77.6,0.4,1253.4,1774.6,53.6,77.6
2026-09-21 02:28:25,mfsweep_shard0,SPT_SMPT,46,10576.76,32,0,1,840.9,5104.4,4263.6,2,2,71.2,0.4,2356.5,1835.5,0.0,71.2
2026-09-21 02:28:25,mfsweep_shard0,SPT_SMPT,46,10576.76,33,0,1,867.2,3731.4,2864.3,2,2,85.7,0.2,788.2,1990.2,0.0,85.7
2026-09-21 02:28:25,mfsweep_shard0,SPT_SMPT,46,10576.76,34,0,1,893.4,4195.5,3302.1,2,2,66.0,0.3,1942.0,1250.4,43.3,66.0
2026-09-21 02:28:25,mfsweep_shard0,SPT_SMPT,46,10576.76,35,0,1,919.7,3839.0,2919.3,2,2,71.8,0.3,1564.1,1234.8,48.3,71.8
2026-09-21 02:28:25,mfsweep_shard0,SPT_SMPT,46,10576.76,36,0,1,946.0,4415.2,3469.2,2,2,80.9,0.5,2314.5,907.8,165.5,80.9
2026-09-21 02:28:25,mfsweep_shard0,SPT_SMPT,46,10576.76,37,0,1,972.3,3207.5,2235.2,2,2,74.0,0.0,704.4,1442.5,14.4,74.0
2026-09-21 02:28:25,mfsweep_shard0,SPT_SMPT,46,10576.76,38,0,1,998.5,5160.7,4162.2,2,2,82.0,0.6,2086.8,1975.6,17.1,82.0
2026-09-21 02:28:25,mfsweep_shard0,SPT_SMPT,46,10576.76,39,0,1,1024.8,4824.1,3799.2,2,2,72.6,0.1,2017.3,1709.2,0.0,72.6
2026-09-21 02:28:25,mfsweep_shard0,SPT_SMPT,46,10576.76,40,0,1,1051.1,6737.8,5686.7,2,2,76.8,0.6,3362.5,2048.0,198.7,76.8
2026-09-21 02:28:25,mfsweep_shard0,SPT_SMPT,46,10576.76,41,0,1,1077.4,4396.3,3318.9,2,2,55.1,0.3,1940.1,1278.8,44.6,55.1
2026-09-21 02:28:25,mfsweep_shard0,SPT_SMPT,46,10576.76,42,0,1,1103.7,3806.8,2703.2,2,2,61.1,0.1,2062.2,579.8,0.0,61.1
2026-09-21 02:28:25,mfsweep_shard0,SPT_SMPT,46,10576.76,43,0,1,1129.9,4637.9,3507.9,2,2,63.1,0.4,2283.4,1116.0,45.1,63.1
2026-09-21 02:28:25,mfsweep_shard0,SPT_SMPT,46,10576.76,44,0,1,1156.2,5060.9,3904.7,2,2,56.2,0.5,2889.7,902.9,55.5,56.2
2026-09-21 02:28:25,mfsweep_shard0,SPT_SMPT,46,10576.76,45,0,1,1182.5,6881.1,5698.6,2,2,61.2,0.6,3453.7,2156.0,27.1,61.2
2026-09-21 02:28:25,mfsweep_shard0,SPT_SMPT,46,10576.76,46,0,1,1208.8,4829.6,3620.9,2,2,56.9,0.6,2101.6,1378.6,83.1,56.9
2026-09-21 02:28:25,mfsweep_shard0,SPT_SMPT,46,10576.76,47,0,1,1235.0,5223.9,3988.8,2,2,62.7,0.7,3189.1,656.6,79.8,62.7
2026-09-21 02:28:25,mfsweep_shard0,SPT_SMPT,46,10576.76,48,0,1,1261.3,6769.5,5508.2,2,2,74.5,0.2,2953.8,2426.6,46.7,80.8
2026-09-21 02:28:25,mfsweep_shard0,SPT_SMPT,46,10576.76,49,0,1,1287.6,5298.5,4010.9,2,2,65.6,0.4,2563.0,1381.9,0.0,65.6
2026-09-21 02:28:25,mfsweep_shard0,SPT_SMPT,46,10576.76,50,0,1,1313.9,5541.5,4227.6,2,2,65.8,0.4,3413.1,703.4,44.9,65.8
2026-09-21 02:28:25,mfsweep_shard0,SPT_SMPT,46,10576.76,51,0,1,1340.2,5055.3,3715.1,2,2,60.5,0.3,2259.6,1394.7,0.0,60.5
2026-09-21 02:28:25,mfsweep_shard0,SPT_SMPT,46,10576.76,52,0,1,1366.4,5169.8,3803.4,2,2,62.4,0.4,2735.9,1004.8,0.0,62.4
2026-09-21 02:28:25,mfsweep_shard0,SPT_SMPT,46,10576.76,53,0,1,1392.7,6839.6,5446.9,2,2,84.5,0.6,3663.5,632.7,1065.7,84.5
2026-09-21 02:28:25,mfsweep_shard0,SPT_SMPT,46,10576.76,54,0,1,1419.0,5147.5,3728.6,2,2,74.9,0.4,2639.0,1014.3,0.0,74.9
2026-09-21 02:28:25,mfsweep_shard0,SPT_SMPT,46,10576.76,55,0,1,1445.3,5094.9,3649.6,2,2,73.6,0.4,2761.6,498.3,315.7,73.6
2026-09-21 02:28:25,mfsweep_shard0,SPT_SMPT,46,10576.76,56,0,1,1471.5,4908.2,3436.7,2,2,59.2,0.4,2221.0,1024.0,132.1,59.2
2026-09-21 02:28:25,mfsweep_shard0,SPT_SMPT,46,10576.76,57,0,1,1497.8,6747.3,5249.4,2,2,77.6,0.7,3228.3,1354.2,585.2,81.0
2026-09-21 02:28:25,mfsweep_shard0,SPT_SMPT,46,10576.76,58,0,1,1524.1,4952.1,3428.0,2,2,58.9,0.4,2731.8,509.2,127.6,58.9
2026-09-21 02:28:25,mfsweep_shard0,SPT_SMPT,46,10576.76,59,0,1,1550.4,5049.7,3499.3,2,2,66.1,0.5,2958.3,252.8,221.7,66.1
2026-09-21 02:28:25,mfsweep_shard0,SPT_SMPT,46,10576.76,60,0,1,1576.6,6865.6,5289.0,2,2,86.2,0.8,3992.9,269.5,939.5,86.2
2026-09-21 02:28:25,mfsweep_shard0,SPT_SMPT,46,10576.76,61,0,1,1602.9,5027.7,3424.8,2,2,74.7,0.5,2696.4,346.9,306.3,74.7
2026-09-21 02:28:25,mfsweep_shard0,SPT_SMPT,46,10576.76,62,0,1,1629.2,6896.9,5267.7,2,2,71.9,0.9,4268.4,839.2,87.3,71.9
2026-09-21 02:28:25,mfsweep_shard0,SPT_SMPT,46,10576.76,63,0,1,1655.5,6859.9,5204.5,2,2,76.1,0.2,3749.8,1358.3,20.0,76.1
2026-09-21 02:28:25,mfsweep_shard0,SPT_SMPT,46,10576.76,64,0,1,1681.8,6828.4,5146.7,2,2,81.4,0.2,3057.9,1529.5,477.7,81.4
2026-09-21 02:28:25,mfsweep_shard0,SPT_SMPT,46,10576.76,65,0,1,1708.0,6845.2,5137.2,2,2,79.2,0.0,2924.8,2133.3,0.0,79.2
2026-09-21 02:28:25,mfsweep_shard0,SPT_SMPT,46,10576.76,66,0,1,1734.3,5257.4,3523.1,2,2,61.1,0.0,2458.7,964.9,38.3,61.1
2026-09-21 02:28:25,mfsweep_shard0,SPT_SMPT,46,10576.76,67,0,1,1760.6,7554.0,5793.4,2,2,54.6,0.0,3093.6,2600.6,44.5,54.6
2026-09-21 02:28:25,mfsweep_shard0,SPT_SMPT,46,10576.76,68,0,1,1786.9,6814.2,5027.4,2,2,64.0,0.0,2974.7,1899.9,88.8,64.0
2026-09-21 02:28:25,mfsweep_shard0,SPT_SMPT,46,10576.76,69,0,1,1813.1,5593.0,3779.9,2,2,62.4,0.0,3285.2,413.4,18.9,62.4
2026-09-21 02:28:25,mfsweep_shard0,SPT_SMPT,46,10576.76,70,0,1,1839.4,5357.3,3517.8,2,2,60.5,0.0,3269.8,187.5,0.0,60.5
2026-09-21 02:28:25,mfsweep_shard0,SPT_SMPT,46,10576.76,71,0,1,1865.7,8786.9,6921.2,2,2,84.7,0.0,5875.4,708.3,242.5,94.9
2026-09-21 02:28:25,mfsweep_shard0,SPT_SMPT,46,10576.76,72,0,1,1892.0,6854.4,4962.4,2,2,82.5,0.0,4568.7,298.9,12.4,82.5
2026-09-21 02:28:25,mfsweep_shard0,SPT_SMPT,46,10576.76,73,0,1,1918.3,5517.8,3599.6,2,2,63.9,0.0,3222.9,299.0,13.6,63.9
2026-09-21 02:28:25,mfsweep_shard0,SPT_SMPT,46,10576.76,74,0,1,1944.5,5739.8,3795.3,2,2,75.2,0.1,3285.0,425.0,10.1,75.2
2026-09-21 02:28:25,mfsweep_shard0,SPT_SMPT,46,10576.76,75,0,1,1970.8,7548.3,5577.5,2,2,66.6,0.0,4180.6,1330.3,0.0,66.6
2026-09-21 02:28:25,mfsweep_shard0,SPT_SMPT,46,10576.76,76,0,1,1997.1,7565.5,5568.4,2,2,83.7,0.0,4000.6,1442.5,41.6,83.7
2026-09-21 02:28:25,mfsweep_shard0,SPT_SMPT,46,10576.76,77,0,1,2023.4,6937.7,4914.4,2,2,68.7,0.0,4363.8,481.8,0.0,68.7
2026-09-21 02:28:25,mfsweep_shard0,SPT_SMPT,46,10576.76,78,0,1,2049.6,7277.5,5227.9,2,2,62.3,0.0,3518.8,1646.7,0.0,62.3
2026-09-21 02:28:25,mfsweep_shard0,SPT_SMPT,46,10576.76,79,0,1,2075.9,8778.0,6702.1,2,2,61.7,0.2,5948.5,637.3,54.5,61.7
2026-09-21 02:28:25,mfsweep_shard0,SPT_SMPT,46,10576.76,80,0,1,2102.2,8755.8,6653.6,2,2,72.1,0.2,5912.0,669.3,0.0,72.1
2026-09-21 02:28:25,mfsweep_shard0,SPT_SMPT,46,10576.76,81,0,1,2128.5,6785.9,4657.4,2,2,62.2,0.1,3816.0,767.1,11.9,62.2
2026-09-21 02:28:25,mfsweep_shard0,SPT_SMPT,46,10576.76,82,0,1,2154.7,6822.9,4668.1,2,2,72.8,0.2,3746.2,829.2,19.7,72.8
2026-09-21 02:28:25,mfsweep_shard0,SPT_SMPT,46,10576.76,83,0,1,2181.0,9063.9,6882.9,2,2,83.2,0.3,5730.9,985.4,83.1,83.2
2026-09-21 02:28:25,mfsweep_shard0,SPT_SMPT,46,10576.76,84,0,1,2207.3,7271.8,5064.5,2,2,66.7,0.2,3330.8,1600.5,66.3,66.7
2026-09-21 02:28:25,mfsweep_shard0,SPT_SMPT,46,10576.76,85,0,1,2233.6,6871.2,4637.6,2,2,60.8,0.2,4195.4,325.6,55.6,60.8
2026-09-21 02:28:25,mfsweep_shard0,SPT_SMPT,46,10576.76,86,0,1,2259.9,8683.7,6423.8,2,2,86.5,0.2,4080.8,2247.6,8.8,86.5
2026-09-21 02:28:25,mfsweep_shard0,SPT_SMPT,46,10576.76,87,0,1,2286.1,8761.4,6475.3,2,2,70.4,0.5,5783.5,533.6,38.4,119.4
2026-09-21 02:28:25,mfsweep_shard0,SPT_SMPT,46,10576.76,88,0,1,2312.4,7988.7,5676.3,2,2,56.5,0.4,4987.1,622.3,9.9,56.5
2026-09-21 02:28:25,mfsweep_shard0,SPT_SMPT,46,10576.76,89,0,1,2338.7,9241.0,6902.3,2,2,55.1,0.3,5064.8,1764.8,17.3,55.1
2026-09-21 02:28:25,mfsweep_shard0,SPT_SMPT,46,10576.76,90,0,1,2365.0,9539.7,7174.7,2,2,57.2,0.4,5801.2,1255.3,41.3,76.5
2026-09-21 02:28:25,mfsweep_shard0,SPT_SMPT,46,10576.76,91,0,1,2391.2,8706.2,6314.9,2,2,74.3,0.3,5486.0,651.7,102.7,74.3
2026-09-21 02:28:25,mfsweep_shard0,SPT_SMPT,46,10576.76,92,0,1,2417.5,9714.5,7296.9,2,2,79.7,0.4,5920.7,1257.4,38.8,79.7
2026-09-21 02:28:25,mfsweep_shard0,SPT_SMPT,46,10576.76,93,0,1,2443.8,8769.5,6325.7,2,2,67.5,0.4,5551.7,676.4,29.7,67.5
2026-09-21 02:28:25,mfsweep_shard0,SPT_SMPT,46,10576.76,94,0,1,2470.1,9720.0,7249.9,2,2,55.6,0.4,5679.8,1445.2,69.0,55.6
2026-09-21 02:28:25,mfsweep_shard0,SPT_SMPT,46,10576.76,95,0,1,2496.4,8846.7,6350.4,2,2,66.1,0.4,5665.7,618.1,0.0,66.1
2026-09-21 02:28:25,mfsweep_shard0,SPT_SMPT,46,10576.76,96,0,1,2522.6,9279.1,6756.4,2,2,86.4,0.5,5527.6,1101.6,40.3,86.4
2026-09-21 02:28:25,mfsweep_shard0,SPT_SMPT,46,10576.76,97,0,1,2548.9,8711.8,6162.9,2,2,71.0,0.4,5414.0,634.2,43.2,71.0
2026-09-21 02:28:25,mfsweep_shard0,SPT_SMPT,46,10576.76,98,0,1,2575.2,10116.7,7541.5,2,2,85.6,0.7,6399.2,678.6,377.5,85.6
2026-09-21 02:28:25,mfsweep_shard0,SPT_SMPT,46,10576.76,99,0,1,2601.5,8827.8,6226.4,2,2,82.0,0.5,5234.7,835.2,74.1,82.0
2026-09-21 02:28:25,mfsweep_shard0,SPT_SMPT,46,10576.76,100,0,1,2627.7,8882.4,6254.7,2,2,53.9,0.5,5366.7,833.5,0.0,53.9
2026-09-21 02:28:25,mfsweep_shard0,SPT_SMPT,46,10576.76,101,0,1,2654.0,9112.8,6458.8,2,2,77.3,0.5,4879.2,1469.4,32.3,77.3
2026-09-21 02:28:25,mfsweep_shard0,SPT_SMPT,46,10576.76,102,0,1,2680.3,8742.5,6062.2,2,2,76.0,0.5,4663.6,1269.9,52.1,76.0
2026-09-21 02:28:25,mfsweep_shard0,SPT_SMPT,46,10576.76,103,0,1,2706.6,9382.5,6675.9,2,2,71.3,0.7,6381.4,173.3,49.2,71.3
2026-09-21 02:28:25,mfsweep_shard0,SPT_SMPT,46,10576.76,104,0,1,2732.9,9777.1,7044.2,2,2,62.4,0.6,6087.8,781.4,112.1,62.4
2026-09-21 02:28:25,mfsweep_shard0,SPT_SMPT,46,10576.76,105,0,1,2759.1,9786.0,7026.9,2,2,74.7,1.0,5723.4,1122.4,105.5,74.7
2026-09-21 02:28:25,mfsweep_shard0,SPT_SMPT,46,10576.76,106,0,1,2785.4,9388.1,6602.7,2,2,57.2,0.6,5341.6,1155.2,48.0,57.2
2026-09-21 02:28:25,mfsweep_shard0,SPT_SMPT,46,10576.76,107,0,1,2811.7,10023.9,7212.2,2,2,67.9,0.9,6069.8,920.6,141.8,79.1
2026-09-21 02:28:25,mfsweep_shard0,SPT_SMPT,46,10576.76,108,0,1,2838.0,9177.7,6339.7,2,2,68.5,0.9,5905.0,365.3,0.0,68.5
2026-09-21 02:28:25,mfsweep_shard0,SPT_SMPT,46,10576.76,109,0,1,2864.2,9906.9,7042.6,2,2,85.0,1.0,6018.9,670.8,266.9,85.0
2026-09-21 02:28:25,mfsweep_shard0,SPT_SMPT,46,10576.76,110,0,1,2890.5,8795.5,5905.0,2,2,82.4,0.0,5477.4,173.8,171.4,82.4
2026-09-21 02:28:25,mfsweep_shard0,SPT_SMPT,46,10576.76,111,0,1,2916.8,9152.5,6235.7,2,2,62.2,0.0,5926.7,199.8,47.0,62.2
2026-09-21 02:28:25,mfsweep_shard0,SPT_SMPT,46,10576.76,112,0,1,2943.1,9964.8,7021.7,2,2,70.1,0.0,6431.0,488.7,32.0,70.1
2026-09-21 02:28:25,mfsweep_shard0,SPT_SMPT,46,10576.76,113,0,1,2969.3,9284.6,6315.3,2,2,59.4,0.0,5747.5,497.1,11.2,59.4
2026-09-21 02:28:25,mfsweep_shard0,SPT_SMPT,46,10576.76,114,0,1,2995.6,9945.0,6949.4,2,2,83.7,0.4,6219.3,426.5,219.5,83.7
2026-09-21 02:28:25,mfsweep_shard0,SPT_SMPT,46,10576.76,115,0,1,3021.9,10122.4,7100.5,2,2,82.3,0.2,6563.2,131.9,322.9,82.3
2026-09-21 02:28:25,mfsweep_shard0,SPT_SMPT,46,10576.76,116,0,1,3048.2,9939.3,6891.1,2,2,63.4,0.2,6361.2,410.9,55.4,63.4
2026-09-21 02:28:25,mfsweep_shard0,SPT_SMPT,46,10576.76,117,0,1,3074.5,9995.5,6921.0,2,2,74.6,0.2,6635.4,182.1,28.6,74.6
2026-09-21 02:28:25,mfsweep_shard0,SPT_SMPT,46,10576.76,118,0,1,3100.7,9959.2,6858.5,2,2,73.6,0.3,6163.5,512.8,108.2,73.6
2026-09-21 02:28:25,mfsweep_shard0,SPT_SMPT,46,10576.76,119,0,1,3127.0,10181.3,7054.3,2,2,58.6,0.3,6234.5,757.7,3.2,58.6
2026-09-21 02:28:25,mfsweep_shard0,SPT_SMPT,46,10576.76,120,0,1,3153.3,9875.8,6722.5,2,2,78.7,0.3,5836.7,778.8,27.9,78.7
2026-09-21 02:28:25,mfsweep_shard0,SPT_SMPT,46,10576.76,121,0,1,3179.6,10172.5,6992.9,2,2,71.3,0.3,6348.4,512.5,35.6,96.1
2026-09-21 02:28:25,mfsweep_shard0,SPT_SMPT,46,10576.76,122,0,1,3205.8,9989.7,6783.9,2,2,79.2,0.4,6315.2,195.6,193.4,79.2
2026-09-21 02:28:25,mfsweep_shard0,SPT_SMPT,46,10576.76,123,0,1,3232.1,10229.3,6997.1,2,2,71.0,0.4,6629.5,296.2,0.0,71.0
2026-09-21 02:28:25,mfsweep_shard0,SPT_SMPT,46,10576.76,124,0,1,3258.4,10211.7,6953.3,2,2,53.6,0.5,6624.9,272.4,2.0,53.6
2026-09-21 02:28:25,mfsweep_shard0,SPT_SMPT,46,10576.76,125,0,1,3284.7,9950.8,6666.1,2,2,64.2,0.4,6364.9,223.7,12.8,64.2
2026-09-21 02:28:25,mfsweep_shard0,SPT_SMPT,46,10576.76,126,0,1,3311.0,10243.7,6932.8,2,2,54.2,0.4,6087.4,751.9,15.7,77.4
2026-09-21 02:28:25,mfsweep_shard0,SPT_SMPT,46,10576.76,127,0,1,3337.2,10506.4,7169.2,2,2,84.2,0.6,6518.7,260.8,304.9,84.2
2026-09-21 02:28:25,mfsweep_shard0,SPT_SMPT,46,10576.76,128,0,1,3363.5,10111.0,6747.5,2,2,82.5,0.5,6053.1,278.3,333.2,82.5
2026-09-21 02:28:25,mfsweep_shard0,SPT_SMPT,46,10576.76,129,0,1,3389.8,10105.4,6715.7,2,2,81.0,0.5,6253.3,277.0,103.9,81.0
2026-09-21 02:28:25,mfsweep_shard0,SPT_SMPT,46,10576.76,130,0,1,3416.1,10249.4,6833.4,2,2,63.7,0.6,6054.9,677.7,29.4,70.7
2026-09-21 02:28:25,mfsweep_shard0,SPT_SMPT,46,10576.76,131,0,1,3442.3,10136.1,6693.7,2,2,55.5,0.7,6428.2,199.9,9.4,55.5
2026-09-21 02:28:25,mfsweep_shard0,SPT_SMPT,46,10576.76,132,0,1,3468.6,10307.0,6838.3,2,2,82.5,0.6,5942.3,721.7,91.3,82.5
2026-09-21 02:28:25,mfsweep_shard0,SPT_SMPT,46,10576.76,133,0,1,3494.9,10576.8,7081.9,2,2,84.8,0.8,6546.5,121.0,328.8,84.8
2026-09-21 02:28:25,mfsweep_shard0,SPT_SMPT,46,10576.76,134,0,1,3521.2,10382.7,6861.5,2,2,56.4,0.9,6547.6,156.3,100.3,56.4
2026-09-21 02:28:25,mfsweep_shard0,SPT_SMPT,46,10576.76,135,0,1,3547.5,10437.8,6890.3,2,2,69.6,1.0,6315.4,376.4,128.0,69.6
2026-09-21 02:28:25,mfsweep_shard0,SPT_SMPT,46,10576.76,136,0,1,3573.7,10341.9,6768.2,2,2,55.8,1.1,6291.5,375.9,41.0,58.7
2026-09-21 02:36:53,mfsweep_shard0,SPT_SMPT,47,15099.61,0,0,1,0.0,209.4,209.4,2,2,74.6,0.0,67.4,67.4,0.0,74.6
2026-09-21 02:36:53,mfsweep_shard0,SPT_SMPT,47,15099.61,1,0,1,26.3,413.8,387.5,2,2,54.4,0.0,134.8,131.1,39.2,82.3
2026-09-21 02:36:53,mfsweep_shard0,SPT_SMPT,47,15099.61,2,0,1,52.6,616.0,563.5,2,2,62.6,0.0,129.1,173.6,171.1,89.5
2026-09-21 02:36:53,mfsweep_shard0,SPT_SMPT,47,15099.61,3,0,1,78.8,332.2,253.4,2,2,60.9,0.0,91.5,101.0,0.0,60.9
2026-09-21 02:36:53,mfsweep_shard0,SPT_SMPT,47,15099.61,4,0,1,105.1,874.6,769.5,2,2,77.8,0.1,302.1,328.4,61.1,77.8
2026-09-21 02:36:53,mfsweep_shard0,SPT_SMPT,47,15099.61,5,0,1,131.4,1293.7,1162.3,2,2,75.9,0.1,409.1,409.5,267.7,75.9
2026-09-21 02:36:53,mfsweep_shard0,SPT_SMPT,47,15099.61,6,0,1,157.7,1770.3,1612.6,2,2,83.0,0.1,705.1,500.5,323.9,83.0
2026-09-21 02:36:53,mfsweep_shard0,SPT_SMPT,47,15099.61,7,0,1,183.9,621.6,437.7,2,2,56.4,0.0,257.6,123.6,0.0,56.4
2026-09-21 02:36:53,mfsweep_shard0,SPT_SMPT,47,15099.61,8,0,1,210.2,1288.1,1077.9,2,2,67.5,0.0,423.1,437.7,149.6,67.5
2026-09-21 02:36:53,mfsweep_shard0,SPT_SMPT,47,15099.61,9,0,1,236.5,903.5,667.0,2,2,54.5,0.0,198.4,359.1,54.8,54.5
2026-09-21 02:36:53,mfsweep_shard0,SPT_SMPT,47,15099.61,10,0,1,262.8,2795.2,2532.5,2,2,60.8,0.0,1377.0,1055.4,39.3,60.8
2026-09-21 02:36:53,mfsweep_shard0,SPT_SMPT,47,15099.61,11,0,1,289.1,2357.0,2067.9,2,2,70.2,0.0,1089.8,867.9,40.0,70.2
2026-09-21 02:36:53,mfsweep_shard0,SPT_SMPT,47,15099.61,12,0,1,315.3,4132.4,3817.1,2,2,54.4,0.0,2263.6,1440.2,50.9,62.3
2026-09-21 02:36:53,mfsweep_shard0,SPT_SMPT,47,15099.61,13,0,1,341.6,1263.4,921.8,2,2,60.1,0.0,242.3,611.3,8.0,60.1
2026-09-21 02:36:53,mfsweep_shard0,SPT_SMPT,47,15099.61,14,0,1,367.9,3044.6,2676.7,2,2,75.0,0.1,1545.4,1056.2,0.0,75.0
2026-09-21 02:36:53,mfsweep_shard0,SPT_SMPT,47,15099.61,15,0,1,394.2,3558.0,3163.8,2,2,71.5,0.0,1450.6,1429.9,161.7,121.5
2026-09-21 02:36:53,mfsweep_shard0,SPT_SMPT,47,15099.61,16,0,1,420.4,2789.5,2369.1,2,2,60.8,0.0,1245.7,1017.4,45.1,60.8
2026-09-21 02:36:53,mfsweep_shard0,SPT_SMPT,47,15099.61,17,0,1,446.7,3576.4,3129.7,2,2,73.0,0.0,1870.8,1175.5,10.3,73.0
2026-09-21 02:36:53,mfsweep_shard0,SPT_SMPT,47,15099.61,18,0,1,473.0,3618.6,3145.6,2,2,80.3,0.0,2175.2,584.8,305.3,80.3
2026-09-21 02:36:53,mfsweep_shard0,SPT_SMPT,47,15099.61,19,0,1,499.3,4482.9,3983.6,2,2,53.8,0.1,2537.5,1392.3,0.0,53.8
2026-09-21 02:36:53,mfsweep_shard0,SPT_SMPT,47,15099.61,20,0,1,525.6,4364.7,3839.2,2,2,80.1,0.1,1554.2,1963.3,241.5,80.1
2026-09-21 02:36:53,mfsweep_shard0,SPT_SMPT,47,15099.61,21,0,1,551.8,3523.3,2971.4,2,2,76.6,0.1,1394.4,1500.3,0.0,76.6
2026-09-21 02:36:53,mfsweep_shard0,SPT_SMPT,47,15099.61,22,0,1,578.1,3627.3,3049.2,2,2,64.8,0.0,1728.3,1204.7,26.7,89.5
2026-09-21 02:36:53,mfsweep_shard0,SPT_SMPT,47,15099.61,23,0,1,604.4,4359.1,3754.7,2,2,58.7,0.1,1617.0,2003.0,75.9,58.7
2026-09-21 02:36:53,mfsweep_shard0,SPT_SMPT,47,15099.61,24,0,1,630.7,3662.8,3032.1,2,2,85.1,0.0,1022.6,1924.4,0.0,85.1
2026-09-21 02:36:53,mfsweep_shard0,SPT_SMPT,47,15099.61,25,0,1,656.9,4425.5,3768.6,2,2,64.7,0.1,2234.0,1368.3,101.5,64.7
2026-09-21 02:36:53,mfsweep_shard0,SPT_SMPT,47,15099.61,26,0,1,683.2,3039.0,2355.8,2,2,56.6,0.2,575.2,1714.9,8.9,56.6
2026-09-21 02:36:53,mfsweep_shard0,SPT_SMPT,47,15099.61,27,0,1,709.5,3592.8,2883.3,2,2,56.7,0.3,1358.0,1431.5,36.8,56.7
2026-09-21 02:36:53,mfsweep_shard0,SPT_SMPT,47,15099.61,28,0,1,735.8,3567.2,2831.4,2,2,81.5,0.1,1899.2,850.6,0.0,81.5
2026-09-21 02:36:53,mfsweep_shard0,SPT_SMPT,47,15099.61,29,0,1,762.0,3540.6,2778.5,2,2,73.5,0.1,1158.0,1546.9,0.0,73.5
2026-09-21 02:36:53,mfsweep_shard0,SPT_SMPT,47,15099.61,30,0,1,788.3,4608.8,3820.5,2,2,80.2,0.2,2657.1,740.0,298.8,124.5
2026-09-21 02:36:53,mfsweep_shard0,SPT_SMPT,47,15099.61,31,0,1,814.6,3758.4,2943.8,2,2,77.6,0.1,2190.2,675.8,0.0,77.6
2026-09-21 02:36:53,mfsweep_shard0,SPT_SMPT,47,15099.61,32,0,1,840.9,4418.7,3577.8,2,2,71.2,0.0,2188.9,1287.2,30.5,71.2
2026-09-21 02:36:53,mfsweep_shard0,SPT_SMPT,47,15099.61,33,0,1,867.2,4413.1,3545.9,2,2,85.7,0.0,2270.1,1152.7,37.4,85.7
2026-09-21 02:36:53,mfsweep_shard0,SPT_SMPT,47,15099.61,34,0,1,893.4,3668.5,2775.1,2,2,66.0,0.0,1172.1,1431.6,105.3,66.0
2026-09-21 02:36:53,mfsweep_shard0,SPT_SMPT,47,15099.61,35,0,1,919.7,4116.9,3197.2,2,2,71.8,0.0,1096.4,2029.0,0.0,71.8
2026-09-21 02:36:53,mfsweep_shard0,SPT_SMPT,47,15099.61,36,0,1,946.0,3137.6,2191.6,2,2,80.9,0.0,1240.2,779.3,91.2,80.9
2026-09-21 02:36:53,mfsweep_shard0,SPT_SMPT,47,15099.61,37,0,1,972.3,4407.6,3435.3,2,2,74.0,0.2,1777.3,1465.7,118.1,74.0
2026-09-21 02:36:53,mfsweep_shard0,SPT_SMPT,47,15099.61,38,0,1,998.5,6978.4,5979.8,2,2,82.0,0.2,3980.2,1412.1,505.4,82.0
2026-09-21 02:36:53,mfsweep_shard0,SPT_SMPT,47,15099.61,39,0,1,1024.8,4465.9,3441.1,2,2,72.6,0.0,1554.2,1799.6,14.6,72.6
2026-09-21 02:36:53,mfsweep_shard0,SPT_SMPT,47,15099.61,40,0,1,1051.1,5301.8,4250.7,2,2,76.8,0.1,3257.1,908.5,8.2,76.8
2026-09-21 02:36:53,mfsweep_shard0,SPT_SMPT,47,15099.61,41,0,1,1077.4,4454.3,3376.9,2,2,55.1,0.0,2366.8,955.1,0.0,55.1
2026-09-21 02:36:53,mfsweep_shard0,SPT_SMPT,47,15099.61,42,0,1,1103.7,6056.7,4953.0,2,2,61.1,0.2,3957.3,882.0,52.5,61.1
2026-09-21 02:36:53,mfsweep_shard0,SPT_SMPT,47,15099.61,43,0,1,1129.9,7900.4,6770.4,2,2,63.1,0.1,4789.6,1888.4,0.0,92.3
2026-09-21 02:36:53,mfsweep_shard0,SPT_SMPT,47,15099.61,44,0,1,1156.2,4327.9,3171.7,2,2,56.2,0.2,2446.7,658.5,10.1,56.2
2026-09-21 02:36:53,mfsweep_shard0,SPT_SMPT,47,15099.61,45,0,1,1182.5,6039.6,4857.2,2,2,61.2,0.3,3395.1,1375.9,24.6,61.2
2026-09-21 02:36:53,mfsweep_shard0,SPT_SMPT,47,15099.61,46,0,1,1208.8,4540.4,3331.6,2,2,56.9,0.3,2750.4,522.5,1.5,56.9
2026-09-21 02:36:53,mfsweep_shard0,SPT_SMPT,47,15099.61,47,0,1,1235.0,6045.3,4810.3,2,2,62.7,0.4,3253.5,1493.7,0.0,62.7
2026-09-21 02:36:53,mfsweep_shard0,SPT_SMPT,47,15099.61,48,0,1,1261.3,4529.1,3267.7,2,2,74.5,0.4,2381.9,804.4,6.5,74.5
2026-09-21 02:36:53,mfsweep_shard0,SPT_SMPT,47,15099.61,49,0,1,1287.6,6122.0,4834.4,2,2,65.6,0.5,3763.3,985.1,19.9,65.6
2026-09-21 02:36:53,mfsweep_shard0,SPT_SMPT,47,15099.61,50,0,1,1313.9,6067.9,4754.0,2,2,65.8,0.7,3851.9,695.2,140.4,65.8
2026-09-21 02:36:53,mfsweep_shard0,SPT_SMPT,47,15099.61,51,0,1,1340.2,6051.0,4710.9,2,2,60.5,0.7,2966.5,1671.3,12.0,60.5
2026-09-21 02:36:53,mfsweep_shard0,SPT_SMPT,47,15099.61,52,0,1,1366.4,5093.1,3726.7,2,2,62.4,0.7,2842.2,739.4,82.0,62.4
2026-09-21 02:36:53,mfsweep_shard0,SPT_SMPT,47,15099.61,53,0,1,1392.7,5990.4,4597.7,2,2,84.5,0.9,3030.8,1467.2,14.3,84.5
2026-09-21 02:36:53,mfsweep_shard0,SPT_SMPT,47,15099.61,54,0,1,1419.0,6082.0,4663.0,2,2,74.9,0.9,2873.6,1478.2,235.4,74.9
2026-09-21 02:36:53,mfsweep_shard0,SPT_SMPT,47,15099.61,55,0,1,1445.3,6353.9,4908.6,2,2,73.6,1.0,3742.2,849.5,215.2,100.7
2026-09-21 02:36:53,mfsweep_shard0,SPT_SMPT,47,15099.61,56,0,1,1471.5,5044.0,3572.4,2,2,59.2,0.9,2382.6,1125.9,3.9,59.2
2026-09-21 02:36:53,mfsweep_shard0,SPT_SMPT,47,15099.61,57,0,1,1497.8,7891.6,6393.8,2,2,77.6,1.1,4840.3,1285.7,189.1,77.6
2026-09-21 02:36:53,mfsweep_shard0,SPT_SMPT,47,15099.61,58,0,1,1524.1,6588.9,5064.8,2,2,58.9,1.2,3848.3,1156.3,0.0,58.9
2026-09-21 02:36:53,mfsweep_shard0,SPT_SMPT,47,15099.61,59,0,1,1550.4,5686.3,4135.9,2,2,66.1,1.1,3237.2,780.5,51.0,66.1
2026-09-21 02:36:53,mfsweep_shard0,SPT_SMPT,47,15099.61,60,0,1,1576.6,7852.6,6275.9,2,2,86.2,1.2,5038.8,1003.9,115.2,116.9
2026-09-21 02:36:53,mfsweep_shard0,SPT_SMPT,47,15099.61,61,0,1,1602.9,5049.6,3446.6,2,2,74.7,1.3,2903.0,467.7,0.0,74.7
2026-09-21 02:36:53,mfsweep_shard0,SPT_SMPT,47,15099.61,62,0,1,1629.2,5527.4,3898.2,2,2,71.9,1.3,3416.9,397.6,10.5,71.9
2026-09-21 02:36:53,mfsweep_shard0,SPT_SMPT,47,15099.61,63,0,1,1655.5,5142.2,3486.8,2,2,76.1,1.4,2927.7,476.5,5.0,76.1
2026-09-21 02:36:53,mfsweep_shard0,SPT_SMPT,47,15099.61,64,0,1,1681.8,9877.4,8195.7,2,2,81.4,1.5,5677.9,2434.9,0.0,81.4
2026-09-21 02:36:53,mfsweep_shard0,SPT_SMPT,47,15099.61,65,0,1,1708.0,7843.3,6135.3,2,2,79.2,1.7,5230.0,813.4,11.0,79.2
2026-09-21 02:36:53,mfsweep_shard0,SPT_SMPT,47,15099.61,66,0,1,1734.3,12997.1,11262.7,2,2,61.1,1.7,9731.0,1395.0,47.6,87.5
2026-09-21 02:36:53,mfsweep_shard0,SPT_SMPT,47,15099.61,67,0,1,1760.6,9148.9,7388.3,2,2,54.6,1.9,5463.8,1845.9,22.1,54.6
2026-09-21 02:36:53,mfsweep_shard0,SPT_SMPT,47,15099.61,68,0,1,1786.9,7872.6,6085.7,2,2,64.0,2.0,5612.3,313.8,93.6,64.0
2026-09-21 02:36:53,mfsweep_shard0,SPT_SMPT,47,15099.61,69,0,1,1813.1,9273.2,7460.1,2,2,62.4,1.9,5336.8,1943.1,115.8,62.4
2026-09-21 02:36:53,mfsweep_shard0,SPT_SMPT,47,15099.61,70,0,1,1839.4,7878.2,6038.8,2,2,60.5,2.0,5171.5,744.2,60.6,60.5
2026-09-21 02:36:53,mfsweep_shard0,SPT_SMPT,47,15099.61,71,0,1,1865.7,8209.6,6343.9,2,2,84.7,2.1,3961.6,2295.5,0.0,84.7
2026-09-21 02:36:53,mfsweep_shard0,SPT_SMPT,47,15099.61,72,0,1,1892.0,8410.6,6518.6,2,2,82.5,2.3,5422.2,938.2,73.6,82.5
2026-09-21 02:36:53,mfsweep_shard0,SPT_SMPT,47,15099.61,73,0,1,1918.3,10913.9,8995.7,2,2,63.9,2.5,6621.4,2221.9,86.0,63.9
2026-09-21 02:36:53,mfsweep_shard0,SPT_SMPT,47,15099.61,74,0,1,1944.5,9154.4,7209.9,2,2,75.2,2.5,5666.8,1465.4,0.0,75.2
2026-09-21 02:36:53,mfsweep_shard0,SPT_SMPT,47,15099.61,75,0,1,1970.8,7861.1,5890.3,2,2,66.6,2.5,4918.5,899.9,2.8,66.6
2026-09-21 02:36:53,mfsweep_shard0,SPT_SMPT,47,15099.61,76,0,1,1997.1,7866.8,5869.8,2,2,83.7,2.6,4320.3,1438.7,0.0,108.2
2026-09-21 02:36:53,mfsweep_shard0,SPT_SMPT,47,15099.61,77,0,1,2023.4,8422.3,6398.9,2,2,68.7,2.8,5720.4,596.5,10.4,68.7
2026-09-21 02:36:53,mfsweep_shard0,SPT_SMPT,47,15099.61,78,0,1,2049.6,9119.4,7069.8,2,2,62.3,2.9,5542.8,1461.8,0.0,62.3
2026-09-21 02:36:53,mfsweep_shard0,SPT_SMPT,47,15099.61,79,0,1,2075.9,9252.0,7176.1,2,2,61.7,2.9,5486.9,1624.6,0.0,61.7
2026-09-21 02:36:53,mfsweep_shard0,SPT_SMPT,47,15099.61,80,0,1,2102.2,9246.3,7144.1,2,2,72.1,3.2,6113.7,913.9,41.3,72.1
2026-09-21 02:36:53,mfsweep_shard0,SPT_SMPT,47,15099.61,81,0,1,2128.5,10175.4,8047.0,2,2,62.2,3.1,7217.5,764.1,0.0,62.2
2026-09-21 02:36:53,mfsweep_shard0,SPT_SMPT,47,15099.61,82,0,1,2154.7,9285.0,7130.3,2,2,72.8,3.3,5352.2,1600.0,102.0,72.8
2026-09-21 02:36:53,mfsweep_shard0,SPT_SMPT,47,15099.61,83,0,1,2181.0,8589.8,6408.8,2,2,83.2,3.5,4875.8,1335.2,111.2,83.2
2026-09-21 02:36:53,mfsweep_shard0,SPT_SMPT,47,15099.61,84,0,1,2207.3,9304.7,7097.4,2,2,66.7,3.6,5674.6,1352.5,0.0,66.7
2026-09-21 02:36:53,mfsweep_shard0,SPT_SMPT,47,15099.61,85,0,1,2233.6,12375.9,10142.3,2,2,60.8,3.7,7802.5,2167.5,70.6,98.1
2026-09-21 02:36:53,mfsweep_shard0,SPT_SMPT,47,15099.61,86,0,1,2259.9,12898.5,10638.7,2,2,86.5,3.9,8689.4,1843.2,15.7,86.5
2026-09-21 02:36:53,mfsweep_shard0,SPT_SMPT,47,15099.61,87,0,1,2286.1,12370.4,10084.2,2,2,70.4,4.1,8339.3,1639.1,31.4,70.4
2026-09-21 02:36:53,mfsweep_shard0,SPT_SMPT,47,15099.61,88,0,1,2312.4,9714.7,7402.2,2,2,56.5,4.0,6275.7,980.3,85.7,56.5
2026-09-21 02:36:53,mfsweep_shard0,SPT_SMPT,47,15099.61,89,0,1,2338.7,9299.0,6960.3,2,2,55.1,4.2,6122.1,777.5,1.4,55.1
2026-09-21 02:36:53,mfsweep_shard0,SPT_SMPT,47,15099.61,90,0,1,2365.0,13015.4,10650.4,2,2,57.2,4.7,9696.7,891.9,0.0,57.2
2026-09-21 02:36:53,mfsweep_shard0,SPT_SMPT,47,15099.61,91,0,1,2391.2,12381.5,9990.3,2,2,74.3,4.9,8123.8,1787.3,0.0,74.3
2026-09-21 02:36:53,mfsweep_shard0,SPT_SMPT,47,15099.61,92,0,1,2417.5,13023.9,10606.3,2,2,79.7,4.7,7933.3,2491.7,97.0,79.7
2026-09-21 02:36:53,mfsweep_shard0,SPT_SMPT,47,15099.61,93,0,1,2443.8,12969.1,10525.3,2,2,67.5,4.8,6579.9,3873.1,0.0,67.5
2026-09-21 02:36:53,mfsweep_shard0,SPT_SMPT,47,15099.61,94,0,1,2470.1,12364.7,9894.6,2,2,55.6,5.0,7223.3,2601.7,9.0,55.6
2026-09-21 02:36:53,mfsweep_shard0,SPT_SMPT,47,15099.61,95,0,1,2496.4,14191.5,11695.1,2,2,66.1,5.0,10070.4,1553.5,0.0,66.1
2026-09-21 02:36:53,mfsweep_shard0,SPT_SMPT,47,15099.61,96,0,1,2522.6,12927.2,10404.6,2,2,86.4,5.1,8565.1,1744.2,3.7,86.4
2026-09-21 02:36:53,mfsweep_shard0,SPT_SMPT,47,15099.61,97,0,1,2548.9,13184.8,10635.9,2,2,71.0,5.4,8380.7,2178.7,0.0,71.0
2026-09-21 02:36:53,mfsweep_shard0,SPT_SMPT,47,15099.61,98,0,1,2575.2,12960.4,10385.2,2,2,85.6,5.4,8080.2,2166.2,47.7,85.6
2026-09-21 02:36:53,mfsweep_shard0,SPT_SMPT,47,15099.61,99,0,1,2601.5,12393.0,9791.5,2,2,82.0,5.5,8213.9,1336.5,153.7,82.0
2026-09-21 02:36:53,mfsweep_shard0,SPT_SMPT,47,15099.61,100,0,1,2627.7,13055.6,10427.9,2,2,53.9,5.7,8420.4,1910.7,37.2,53.9
2026-09-21 02:36:53,mfsweep_shard0,SPT_SMPT,47,15099.61,101,0,1,2654.0,12489.1,9835.1,2,2,77.3,4.6,8450.5,1295.2,7.4,77.3
2026-09-21 02:36:53,mfsweep_shard0,SPT_SMPT,47,15099.61,102,0,1,2680.3,12978.6,10298.3,2,2,76.0,3.5,9123.4,1022.2,73.1,76.0
2026-09-21 02:36:53,mfsweep_shard0,SPT_SMPT,47,15099.61,103,0,1,2706.6,13097.9,10391.3,2,2,71.3,3.6,8713.0,1558.5,45.0,71.3
2026-09-21 02:36:53,mfsweep_shard0,SPT_SMPT,47,15099.61,104,0,1,2732.9,12937.3,10204.5,2,2,62.4,3.7,8407.7,1720.1,10.5,62.4
2026-09-21 02:36:53,mfsweep_shard0,SPT_SMPT,47,15099.61,105,0,1,2759.1,12912.8,10153.7,2,2,74.7,3.8,8174.8,1900.4,0.0,74.7
2026-09-21 02:36:53,mfsweep_shard0,SPT_SMPT,47,15099.61,106,0,1,2785.4,14313.0,11527.6,2,2,57.2,7.2,10099.1,1270.3,83.0,68.0
2026-09-21 02:36:53,mfsweep_shard0,SPT_SMPT,47,15099.61,107,0,1,2811.7,13901.8,11090.2,2,2,67.9,4.2,9292.6,1618.5,107.0,67.9
2026-09-21 02:36:53,mfsweep_shard0,SPT_SMPT,47,15099.61,108,0,1,2838.0,12907.1,10069.2,2,2,68.5,4.1,7712.0,2284.6,0.0,68.5
2026-09-21 02:36:53,mfsweep_shard0,SPT_SMPT,47,15099.61,109,0,1,2864.2,15099.6,12235.4,2,2,85.0,7.9,10862.9,543.1,736.5,85.0
2026-09-21 02:36:53,mfsweep_shard0,SPT_SMPT,47,15099.61,110,0,1,2890.5,14893.5,12003.0,2,2,82.4,7.9,8723.5,2536.0,653.1,82.4
2026-09-21 02:36:53,mfsweep_shard0,SPT_SMPT,47,15099.61,111,0,1,2916.8,13087.6,10170.8,2,2,62.2,4.5,9441.6,662.6,0.0,62.2
2026-09-21 02:36:53,mfsweep_shard0,SPT_SMPT,47,15099.61,112,0,1,2943.1,14167.7,11224.6,2,2,70.1,4.5,9966.0,1183.9,0.0,70.1
2026-09-21 02:36:53,mfsweep_shard0,SPT_SMPT,47,15099.61,113,0,1,2969.3,14036.4,11067.1,2,2,59.4,4.8,9188.5,1787.9,26.4,59.4
2026-09-21 02:36:53,mfsweep_shard0,SPT_SMPT,47,15099.61,114,0,1,2995.6,14360.1,11364.5,2,2,83.7,8.1,10526.7,746.1,0.0,83.7
2026-09-21 02:36:53,mfsweep_shard0,SPT_SMPT,47,15099.61,115,0,1,3021.9,14825.5,11803.6,2,2,82.3,8.3,10903.7,350.0,402.4,139.2
2026-09-21 02:36:53,mfsweep_shard0,SPT_SMPT,47,15099.61,116,0,1,3048.2,14471.7,11423.5,2,2,63.4,8.5,10398.7,855.4,97.4,63.4
2026-09-21 02:36:53,mfsweep_shard0,SPT_SMPT,47,15099.61,117,0,1,3074.5,14692.3,11617.8,2,2,74.6,8.5,10326.1,725.5,452.3,105.4
2026-09-21 02:36:53,mfsweep_shard0,SPT_SMPT,47,15099.61,118,0,1,3100.7,14633.2,11532.5,2,2,73.6,8.7,10867.0,324.8,258.4,73.6
2026-09-21 02:36:53,mfsweep_shard0,SPT_SMPT,47,15099.61,119,0,1,3127.0,13951.2,10824.2,2,2,58.6,5.2,10281.0,441.3,38.1,58.6
2026-09-21 02:36:53,mfsweep_shard0,SPT_SMPT,47,15099.61,120,0,1,3153.3,14276.5,11123.2,2,2,78.7,5.4,10794.2,243.0,1.9,78.7
2026-09-21 02:36:53,mfsweep_shard0,SPT_SMPT,47,15099.61,121,0,1,3179.6,14386.7,11207.2,2,2,71.3,9.0,10709.8,301.2,115.8,71.3
2026-09-21 02:36:53,mfsweep_shard0,SPT_SMPT,47,15099.61,122,0,1,3205.8,14030.7,10824.8,2,2,79.2,5.6,10108.5,631.5,0.0,79.2
2026-09-21 02:36:53,mfsweep_shard0,SPT_SMPT,47,15099.61,123,0,1,3232.1,14574.0,11341.9,2,2,71.0,5.8,10776.8,140.5,335.3,83.6
2026-09-21 02:36:53,mfsweep_shard0,SPT_SMPT,47,15099.61,124,0,1,3258.4,14336.4,11078.0,2,2,53.6,9.4,10205.5,800.0,9.7,53.6
2026-09-21 02:36:53,mfsweep_shard0,SPT_SMPT,47,15099.61,125,0,1,3284.7,14522.2,11237.5,2,2,64.2,6.1,10760.5,155.3,251.4,64.2
2026-09-21 02:36:53,mfsweep_shard0,SPT_SMPT,47,15099.61,126,0,1,3311.0,14421.0,11110.0,2,2,54.2,6.0,9771.4,1256.0,22.4,54.2
2026-09-21 02:36:53,mfsweep_shard0,SPT_SMPT,47,15099.61,127,0,1,3337.2,15030.2,11692.9,2,2,84.2,9.8,10256.2,617.6,725.0,84.2
2026-09-21 02:36:53,mfsweep_shard0,SPT_SMPT,47,15099.61,128,0,1,3363.5,14960.4,11596.9,2,2,82.5,10.0,10171.1,840.3,493.0,82.5
2026-09-21 02:36:53,mfsweep_shard0,SPT_SMPT,47,15099.61,129,0,1,3389.8,14758.8,11369.0,2,2,81.0,10.1,10039.6,863.7,373.1,82.5
2026-09-21 02:36:53,mfsweep_shard0,SPT_SMPT,47,15099.61,130,0,1,3416.1,14437.4,11021.3,2,2,63.7,6.7,10445.0,428.8,77.1,63.7
2026-09-21 02:36:53,mfsweep_shard0,SPT_SMPT,47,15099.61,131,0,1,3442.3,14443.0,11000.6,2,2,55.5,6.9,10376.4,522.8,39.1,55.5
2026-09-21 02:36:53,mfsweep_shard0,SPT_SMPT,47,15099.61,132,0,1,3468.6,14227.8,10759.2,2,2,82.5,5.1,9662.5,1009.1,0.0,82.5
2026-09-21 02:36:53,mfsweep_shard0,SPT_SMPT,47,15099.61,133,0,1,3494.9,14258.7,10763.8,2,2,84.8,0.0,9850.7,828.3,0.1,84.8
2026-09-21 02:36:53,mfsweep_shard0,SPT_SMPT,47,15099.61,134,0,1,3521.2,14014.0,10492.8,2,2,56.4,0.0,9655.2,732.5,48.7,56.4
2026-09-21 02:36:53,mfsweep_shard0,SPT_SMPT,47,15099.61,135,0,1,3547.5,13959.6,10412.1,2,2,69.6,0.0,9615.8,719.1,7.6,69.6
2026-09-21 02:36:53,mfsweep_shard0,SPT_SMPT,47,15099.61,136,0,1,3573.7,14453.1,10879.4,2,2,55.8,5.5,10173.1,626.2,18.8,55.8
2026-09-21 02:42:52,mfsweep_shard0,SPT_SMPT,48,12713.53,0,0,1,0.0,209.7,209.7,2,2,74.6,0.0,67.9,67.2,0.0,74.6
2026-09-21 02:42:52,mfsweep_shard0,SPT_SMPT,48,12713.53,1,0,1,26.3,249.9,223.7,2,2,54.4,0.0,73.5,68.7,27.0,54.4
2026-09-21 02:42:52,mfsweep_shard0,SPT_SMPT,48,12713.53,2,0,1,52.6,346.3,293.8,2,2,62.6,0.0,65.6,72.9,92.7,62.6
2026-09-21 02:42:52,mfsweep_shard0,SPT_SMPT,48,12713.53,3,0,1,78.8,290.9,212.1,2,2,60.9,0.0,72.3,67.9,10.9,60.9
2026-09-21 02:42:52,mfsweep_shard0,SPT_SMPT,48,12713.53,4,0,1,105.1,2778.0,2672.9,2,2,77.8,0.0,1265.1,524.8,805.1,77.8
2026-09-21 02:42:52,mfsweep_shard0,SPT_SMPT,48,12713.53,5,0,1,131.4,2238.0,2106.6,2,2,75.9,0.1,411.8,922.5,696.3,75.9
2026-09-21 02:42:52,mfsweep_shard0,SPT_SMPT,48,12713.53,6,0,1,157.7,3303.4,3145.7,2,2,83.0,0.2,1534.3,523.6,957.3,130.2
2026-09-21 02:42:52,mfsweep_shard0,SPT_SMPT,48,12713.53,7,0,1,183.9,391.6,207.7,2,2,56.4,0.0,80.4,64.1,6.8,56.4
2026-09-21 02:42:52,mfsweep_shard0,SPT_SMPT,48,12713.53,8,0,1,210.2,450.6,240.3,2,2,67.5,0.0,82.5,79.1,11.2,67.5
2026-09-21 02:42:52,mfsweep_shard0,SPT_SMPT,48,12713.53,9,0,1,236.5,741.3,504.8,2,2,54.5,0.0,334.4,108.0,7.9,54.5
2026-09-21 02:42:52,mfsweep_shard0,SPT_SMPT,48,12713.53,10,0,1,262.8,1006.5,743.7,2,2,60.8,0.2,297.7,249.3,117.3,79.2
2026-09-21 02:42:52,mfsweep_shard0,SPT_SMPT,48,12713.53,11,0,1,289.1,728.0,438.9,2,2,70.2,0.1,163.1,164.2,41.3,70.2
2026-09-21 02:42:52,mfsweep_shard0,SPT_SMPT,48,12713.53,12,0,1,315.3,617.1,301.7,2,2,54.4,0.0,117.6,129.7,0.0,54.4
2026-09-21 02:42:52,mfsweep_shard0,SPT_SMPT,48,12713.53,13,0,1,341.6,989.5,647.9,2,2,60.1,0.3,299.0,275.1,13.4,60.1
2026-09-21 02:42:52,mfsweep_shard0,SPT_SMPT,48,12713.53,14,0,1,367.9,2958.8,2590.9,2,2,75.0,0.3,1358.8,836.1,320.7,75.0
2026-09-21 02:42:52,mfsweep_shard0,SPT_SMPT,48,12713.53,15,0,1,394.2,2620.7,2226.5,2,2,71.5,0.4,421.8,1499.4,132.4,172.6
2026-09-21 02:42:52,mfsweep_shard0,SPT_SMPT,48,12713.53,16,0,1,420.4,1037.2,616.8,2,2,60.8,0.0,223.0,218.6,114.3,60.8
2026-09-21 02:42:52,mfsweep_shard0,SPT_SMPT,48,12713.53,17,0,1,446.7,805.5,358.7,2,2,73.0,0.0,111.9,171.0,2.8,73.0
2026-09-21 02:42:52,mfsweep_shard0,SPT_SMPT,48,12713.53,18,0,1,473.0,3251.0,2778.0,2,2,80.3,0.3,1637.8,672.9,386.7,80.3
2026-09-21 02:42:52,mfsweep_shard0,SPT_SMPT,48,12713.53,19,0,1,499.3,866.2,366.9,2,2,53.8,0.0,91.8,221.4,0.0,53.8
2026-09-21 02:42:52,mfsweep_shard0,SPT_SMPT,48,12713.53,20,0,1,525.6,889.8,364.3,2,2,80.1,0.0,100.6,183.5,0.0,80.1
2026-09-21 02:42:52,mfsweep_shard0,SPT_SMPT,48,12713.53,21,0,1,551.8,3287.3,2735.5,2,2,76.6,0.1,1585.9,586.5,447.2,115.7
2026-09-21 02:42:52,mfsweep_shard0,SPT_SMPT,48,12713.53,22,0,1,578.1,1000.8,422.7,2,2,64.8,0.1,148.7,181.8,27.4,64.8
2026-09-21 02:42:52,mfsweep_shard0,SPT_SMPT,48,12713.53,23,0,1,604.4,1012.2,407.8,2,2,58.7,0.1,121.6,173.2,54.2,58.7
2026-09-21 02:42:52,mfsweep_shard0,SPT_SMPT,48,12713.53,24,0,1,630.7,3293.0,2662.4,2,2,85.1,0.3,1315.8,495.3,765.8,85.1
2026-09-21 02:42:52,mfsweep_shard0,SPT_SMPT,48,12713.53,25,0,1,656.9,2309.2,1652.3,2,2,64.7,0.0,994.8,518.5,74.3,64.7
2026-09-21 02:42:52,mfsweep_shard0,SPT_SMPT,48,12713.53,26,0,1,683.2,1112.1,428.9,2,2,56.6,0.0,101.3,241.6,29.4,56.6
2026-09-21 02:42:52,mfsweep_shard0,SPT_SMPT,48,12713.53,27,0,1,709.5,1026.0,316.5,2,2,56.7,0.0,49.3,183.9,26.5,56.7
2026-09-21 02:42:52,mfsweep_shard0,SPT_SMPT,48,12713.53,28,0,1,735.8,3395.1,2659.3,2,2,81.5,0.2,1966.6,201.5,409.5,81.5
2026-09-21 02:42:52,mfsweep_shard0,SPT_SMPT,48,12713.53,29,0,1,762.0,2285.2,1523.2,2,2,73.5,0.0,1216.2,191.4,42.0,73.5
2026-09-21 02:42:52,mfsweep_shard0,SPT_SMPT,48,12713.53,30,0,1,788.3,2650.9,1862.5,2,2,80.2,0.0,459.6,1312.7,10.0,80.2
2026-09-21 02:42:52,mfsweep_shard0,SPT_SMPT,48,12713.53,31,0,1,814.6,3256.7,2442.1,2,2,77.6,0.2,1311.9,715.1,337.3,77.6
2026-09-21 02:42:52,mfsweep_shard0,SPT_SMPT,48,12713.53,32,0,1,840.9,3365.0,2524.1,2,2,71.2,0.3,2158.0,269.4,25.1,71.2
2026-09-21 02:42:52,mfsweep_shard0,SPT_SMPT,48,12713.53,33,0,1,867.2,3349.0,2481.8,2,2,85.7,0.3,1915.0,472.8,8.1,85.7
2026-09-21 02:42:52,mfsweep_shard0,SPT_SMPT,48,12713.53,34,0,1,893.4,2570.5,1677.0,2,2,66.0,0.0,371.2,1227.8,12.0,66.0
2026-09-21 02:42:52,mfsweep_shard0,SPT_SMPT,48,12713.53,35,0,1,919.7,2340.1,1420.4,2,2,71.8,0.0,1129.1,210.7,8.8,71.8
2026-09-21 02:42:52,mfsweep_shard0,SPT_SMPT,48,12713.53,36,0,1,946.0,3316.9,2370.9,2,2,80.9,0.3,1565.5,721.3,2.8,80.9
2026-09-21 02:42:52,mfsweep_shard0,SPT_SMPT,48,12713.53,37,0,1,972.3,3851.5,2879.2,2,2,74.0,0.0,1647.5,1156.0,1.7,74.0
2026-09-21 02:42:52,mfsweep_shard0,SPT_SMPT,48,12713.53,38,0,1,998.5,3430.7,2432.2,2,2,82.0,0.2,1460.7,818.3,71.0,82.0
2026-09-21 02:42:52,mfsweep_shard0,SPT_SMPT,48,12713.53,39,0,1,1024.8,3762.6,2737.8,2,2,72.6,0.1,1029.8,1635.3,0.0,72.6
2026-09-21 02:42:52,mfsweep_shard0,SPT_SMPT,48,12713.53,40,0,1,1051.1,3519.3,2468.2,2,2,76.8,0.2,857.6,1490.2,43.5,76.8
2026-09-21 02:42:52,mfsweep_shard0,SPT_SMPT,48,12713.53,41,0,1,1077.4,3436.4,2359.0,2,2,55.1,0.0,940.6,1349.3,14.1,55.1
2026-09-21 02:42:52,mfsweep_shard0,SPT_SMPT,48,12713.53,42,0,1,1103.7,3756.9,2653.3,2,2,61.1,0.0,714.7,1782.9,94.5,61.1
2026-09-21 02:42:52,mfsweep_shard0,SPT_SMPT,48,12713.53,43,0,1,1129.9,3568.2,2438.3,2,2,63.1,0.0,1249.8,991.1,134.3,63.1
2026-09-21 02:42:52,mfsweep_shard0,SPT_SMPT,48,12713.53,44,0,1,1156.2,3471.8,2315.6,2,2,56.2,0.0,1468.2,728.5,62.7,56.2
2026-09-21 02:42:52,mfsweep_shard0,SPT_SMPT,48,12713.53,45,0,1,1182.5,4919.6,3737.1,2,2,61.2,0.2,2817.4,818.6,23.4,77.5
2026-09-21 02:42:52,mfsweep_shard0,SPT_SMPT,48,12713.53,46,0,1,1208.8,3768.3,2559.5,2,2,56.9,0.2,1978.5,497.8,26.1,56.9
2026-09-21 02:42:52,mfsweep_shard0,SPT_SMPT,48,12713.53,47,0,1,1235.0,3489.5,2254.4,2,2,62.7,0.0,818.9,1272.5,100.2,62.7
2026-09-21 02:42:52,mfsweep_shard0,SPT_SMPT,48,12713.53,48,0,1,1261.3,3788.7,2527.4,2,2,74.5,0.1,869.5,1549.3,33.9,74.5
2026-09-21 02:42:52,mfsweep_shard0,SPT_SMPT,48,12713.53,49,0,1,1287.6,4167.0,2879.4,2,2,65.6,0.3,2057.5,729.2,26.9,65.6
2026-09-21 02:42:52,mfsweep_shard0,SPT_SMPT,48,12713.53,50,0,1,1313.9,3403.7,2089.8,2,2,65.8,0.0,1470.7,488.4,64.9,65.8
2026-09-21 02:42:52,mfsweep_shard0,SPT_SMPT,48,12713.53,51,0,1,1340.2,3878.2,2538.0,2,2,60.5,0.1,1569.2,832.8,30.0,105.9
2026-09-21 02:42:52,mfsweep_shard0,SPT_SMPT,48,12713.53,52,0,1,1366.4,3825.2,2458.8,2,2,62.4,0.3,2128.0,251.5,16.6,62.4
2026-09-21 02:42:52,mfsweep_shard0,SPT_SMPT,48,12713.53,53,0,1,1392.7,3817.9,2425.2,2,2,84.5,0.4,1646.0,628.0,66.4,84.5
2026-09-21 02:42:52,mfsweep_shard0,SPT_SMPT,48,12713.53,54,0,1,1419.0,3617.3,2198.3,2,2,74.9,0.3,1921.2,201.8,0.0,74.9
2026-09-21 02:42:52,mfsweep_shard0,SPT_SMPT,48,12713.53,55,0,1,1445.3,5905.7,4460.5,2,2,73.6,0.3,2901.0,1329.5,156.0,73.6
2026-09-21 02:42:52,mfsweep_shard0,SPT_SMPT,48,12713.53,56,0,1,1471.5,3915.8,2444.2,2,2,59.2,0.3,2124.2,245.0,15.5,59.2
2026-09-21 02:42:52,mfsweep_shard0,SPT_SMPT,48,12713.53,57,0,1,1497.8,5878.2,4380.4,2,2,77.6,0.4,2851.4,908.3,542.7,77.6
2026-09-21 02:42:52,mfsweep_shard0,SPT_SMPT,48,12713.53,58,0,1,1524.1,3743.5,2219.4,2,2,58.9,0.4,1869.1,271.5,19.4,58.9
2026-09-21 02:42:52,mfsweep_shard0,SPT_SMPT,48,12713.53,59,0,1,1550.4,5157.2,3606.9,2,2,66.1,0.4,2788.5,677.4,74.5,66.1
2026-09-21 02:42:52,mfsweep_shard0,SPT_SMPT,48,12713.53,60,0,1,1576.6,7521.7,5945.1,2,2,86.2,0.4,4332.9,1445.4,69.4,97.0
2026-09-21 02:42:52,mfsweep_shard0,SPT_SMPT,48,12713.53,61,0,1,1602.9,5897.4,4294.5,2,2,74.7,0.5,2909.3,864.1,446.0,74.7
2026-09-21 02:42:52,mfsweep_shard0,SPT_SMPT,48,12713.53,62,0,1,1629.2,5883.9,4254.7,2,2,71.9,0.5,3169.3,937.9,75.1,71.9
2026-09-21 02:42:52,mfsweep_shard0,SPT_SMPT,48,12713.53,63,0,1,1655.5,8713.1,7057.6,2,2,76.1,0.5,5382.1,1596.8,2.1,76.1
2026-09-21 02:42:52,mfsweep_shard0,SPT_SMPT,48,12713.53,64,0,1,1681.8,7001.5,5319.7,2,2,81.4,0.6,3404.4,1143.3,647.7,123.9
2026-09-21 02:42:52,mfsweep_shard0,SPT_SMPT,48,12713.53,65,0,1,1708.0,5927.8,4219.8,2,2,79.2,0.5,3433.9,437.4,268.8,79.2
2026-09-21 02:42:52,mfsweep_shard0,SPT_SMPT,48,12713.53,66,0,1,1734.3,5938.4,4204.1,2,2,61.1,0.6,2684.9,1457.5,0.0,61.1
2026-09-21 02:42:52,mfsweep_shard0,SPT_SMPT,48,12713.53,67,0,1,1760.6,8749.7,6989.1,2,2,54.6,0.8,6011.6,883.2,38.9,54.6
2026-09-21 02:42:52,mfsweep_shard0,SPT_SMPT,48,12713.53,68,0,1,1786.9,4141.2,2354.4,2,2,64.0,0.6,1802.0,425.2,62.6,64.0
2026-09-21 02:42:52,mfsweep_shard0,SPT_SMPT,48,12713.53,69,0,1,1813.1,5891.7,4078.6,2,2,62.4,0.6,3074.2,892.7,48.7,62.4
2026-09-21 02:42:52,mfsweep_shard0,SPT_SMPT,48,12713.53,70,0,1,1839.4,10529.6,8690.2,2,2,60.5,0.8,7457.3,1145.9,0.0,86.1
2026-09-21 02:42:52,mfsweep_shard0,SPT_SMPT,48,12713.53,71,0,1,1865.7,7023.5,5157.8,2,2,84.7,0.9,3379.8,1143.5,548.9,84.7
2026-09-21 02:42:52,mfsweep_shard0,SPT_SMPT,48,12713.53,72,0,1,1892.0,8726.9,6834.9,2,2,82.5,0.9,5605.3,881.2,265.0,82.5
2026-09-21 02:42:52,mfsweep_shard0,SPT_SMPT,48,12713.53,73,0,1,1918.3,5944.1,4025.8,2,2,63.9,0.7,2440.4,1520.8,0.0,63.9
2026-09-21 02:42:52,mfsweep_shard0,SPT_SMPT,48,12713.53,74,0,1,1944.5,8880.2,6935.7,2,2,75.2,0.3,3963.0,2766.3,131.0,75.2
2026-09-21 02:42:52,mfsweep_shard0,SPT_SMPT,48,12713.53,75,0,1,1970.8,4691.0,2720.2,2,2,66.6,0.0,1667.6,927.8,58.2,66.6
2026-09-21 02:42:52,mfsweep_shard0,SPT_SMPT,48,12713.53,76,0,1,1997.1,8699.9,6702.8,2,2,83.7,0.5,5355.8,1262.8,0.0,83.7
2026-09-21 02:42:52,mfsweep_shard0,SPT_SMPT,48,12713.53,77,0,1,2023.4,8653.0,6629.6,2,2,68.7,0.5,4992.3,1520.8,47.2,68.7
2026-09-21 02:42:52,mfsweep_shard0,SPT_SMPT,48,12713.53,78,0,1,2049.6,10204.1,8154.5,2,2,62.3,0.3,6532.1,1453.8,106.1,62.3
2026-09-21 02:42:52,mfsweep_shard0,SPT_SMPT,48,12713.53,79,0,1,2075.9,8658.6,6582.7,2,2,61.7,0.6,4988.7,1510.4,21.3,61.7
2026-09-21 02:42:52,mfsweep_shard0,SPT_SMPT,48,12713.53,80,0,1,2102.2,8774.9,6672.7,2,2,72.1,0.5,4904.3,1672.6,0.0,95.2
2026-09-21 02:42:52,mfsweep_shard0,SPT_SMPT,48,12713.53,81,0,1,2128.5,7231.4,5102.9,2,2,62.2,0.7,3704.8,1271.0,64.2,62.2
2026-09-21 02:42:52,mfsweep_shard0,SPT_SMPT,48,12713.53,82,0,1,2154.7,8908.6,6753.9,2,2,72.8,0.7,5159.7,1519.2,1.4,72.8
2026-09-21 02:42:52,mfsweep_shard0,SPT_SMPT,48,12713.53,83,0,1,2181.0,7527.3,5346.3,2,2,83.2,0.4,2890.1,2192.0,180.7,83.2
2026-09-21 02:42:52,mfsweep_shard0,SPT_SMPT,48,12713.53,84,0,1,2207.3,10054.1,7846.8,2,2,66.7,1.0,5185.6,2593.5,0.0,66.7
2026-09-21 02:42:52,mfsweep_shard0,SPT_SMPT,48,12713.53,85,0,1,2233.6,9795.9,7562.3,2,2,60.8,1.2,5537.1,1943.0,20.2,60.8
2026-09-21 02:42:52,mfsweep_shard0,SPT_SMPT,48,12713.53,86,0,1,2259.9,8694.2,6434.4,2,2,86.5,0.5,2515.3,3832.1,0.0,86.5
2026-09-21 02:42:52,mfsweep_shard0,SPT_SMPT,48,12713.53,87,0,1,2286.1,10095.4,7809.3,2,2,70.4,1.5,6205.0,1426.6,105.8,70.4
2026-09-21 02:42:52,mfsweep_shard0,SPT_SMPT,48,12713.53,88,0,1,2312.4,10569.5,8257.1,2,2,56.5,0.6,4833.9,3203.9,151.2,67.3
2026-09-21 02:42:52,mfsweep_shard0,SPT_SMPT,48,12713.53,89,0,1,2338.7,10631.3,8292.6,2,2,55.1,0.6,6294.9,1903.7,32.9,60.5
2026-09-21 02:42:52,mfsweep_shard0,SPT_SMPT,48,12713.53,90,0,1,2365.0,10622.5,8257.5,2,2,57.2,0.7,6117.2,2082.5,0.0,57.2
2026-09-21 02:42:52,mfsweep_shard0,SPT_SMPT,48,12713.53,91,0,1,2391.2,12000.7,9609.4,2,2,74.3,0.8,6705.9,2805.2,23.2,74.3
2026-09-21 02:42:52,mfsweep_shard0,SPT_SMPT,48,12713.53,92,0,1,2417.5,10146.2,7728.7,2,2,79.7,0.7,4548.6,3094.0,5.7,79.7
2026-09-21 02:42:52,mfsweep_shard0,SPT_SMPT,48,12713.53,93,0,1,2443.8,10082.4,7638.6,2,2,67.5,0.8,5991.9,1535.4,43.0,67.5
2026-09-21 02:42:52,mfsweep_shard0,SPT_SMPT,48,12713.53,94,0,1,2470.1,10216.5,7746.5,2,2,55.6,0.9,6979.3,665.7,44.9,55.6
2026-09-21 02:42:52,mfsweep_shard0,SPT_SMPT,48,12713.53,95,0,1,2496.4,10249.5,7753.2,2,2,66.1,0.8,5144.6,2541.6,0.0,66.1
2026-09-21 02:42:52,mfsweep_shard0,SPT_SMPT,48,12713.53,96,0,1,2522.6,11989.3,9466.6,2,2,86.4,1.1,8248.0,711.7,419.4,86.4
2026-09-21 02:42:52,mfsweep_shard0,SPT_SMPT,48,12713.53,97,0,1,2548.9,10109.2,7560.3,2,2,71.0,1.0,5461.7,1835.1,191.5,71.0
2026-09-21 02:42:52,mfsweep_shard0,SPT_SMPT,48,12713.53,98,0,1,2575.2,10128.5,7553.3,2,2,85.6,1.2,5944.7,1288.2,233.6,85.6
2026-09-21 02:42:52,mfsweep_shard0,SPT_SMPT,48,12713.53,99,0,1,2601.5,11754.5,9153.0,2,2,82.0,1.1,6652.3,2077.2,340.4,82.0
2026-09-21 02:42:52,mfsweep_shard0,SPT_SMPT,48,12713.53,100,0,1,2627.7,10155.1,7527.3,2,2,53.9,1.2,5909.2,1531.4,31.6,53.9
2026-09-21 02:42:52,mfsweep_shard0,SPT_SMPT,48,12713.53,101,0,1,2654.0,10026.0,7371.9,2,2,77.3,1.2,6242.1,1049.7,1.5,77.3
2026-09-21 02:42:52,mfsweep_shard0,SPT_SMPT,48,12713.53,102,0,1,2680.3,12156.4,9476.1,2,2,76.0,1.4,8333.1,896.4,169.1,76.0
2026-09-21 02:42:52,mfsweep_shard0,SPT_SMPT,48,12713.53,103,0,1,2706.6,10134.1,7427.5,2,2,71.3,1.4,7053.2,264.3,37.5,71.3
2026-09-21 02:42:52,mfsweep_shard0,SPT_SMPT,48,12713.53,104,0,1,2732.9,11780.3,9047.4,2,2,62.4,1.6,7692.5,1042.2,228.1,83.1
2026-09-21 02:42:52,mfsweep_shard0,SPT_SMPT,48,12713.53,105,0,1,2759.1,10224.9,7465.8,2,2,74.7,1.6,7121.6,236.2,31.7,74.7
2026-09-21 02:42:52,mfsweep_shard0,SPT_SMPT,48,12713.53,106,0,1,2785.4,11497.2,8711.8,2,2,57.2,1.8,8086.0,497.6,69.2,57.2
2026-09-21 02:42:52,mfsweep_shard0,SPT_SMPT,48,12713.53,107,0,1,2811.7,12078.9,9267.2,2,2,67.9,1.6,7724.4,1457.2,16.2,67.9
2026-09-21 02:42:52,mfsweep_shard0,SPT_SMPT,48,12713.53,108,0,1,2838.0,10535.3,7697.4,2,2,68.5,1.6,6550.9,1066.9,9.4,68.5
2026-09-21 02:42:52,mfsweep_shard0,SPT_SMPT,48,12713.53,109,0,1,2864.2,10164.3,7300.0,2,2,85.0,1.7,6355.9,854.2,3.2,85.0
2026-09-21 02:42:52,mfsweep_shard0,SPT_SMPT,48,12713.53,110,0,1,2890.5,12136.8,9246.3,2,2,82.4,1.9,7705.8,1309.0,147.2,82.4
2026-09-21 02:42:52,mfsweep_shard0,SPT_SMPT,48,12713.53,111,0,1,2916.8,10543.8,7627.0,2,2,62.2,1.8,7037.6,451.2,74.1,62.2
2026-09-21 02:42:52,mfsweep_shard0,SPT_SMPT,48,12713.53,112,0,1,2943.1,12105.7,9162.6,2,2,70.1,2.1,7694.5,1341.1,54.9,70.1
2026-09-21 02:42:52,mfsweep_shard0,SPT_SMPT,48,12713.53,113,0,1,2969.3,11432.1,8462.8,2,2,59.4,2.0,7521.8,879.5,0.0,59.4
2026-09-21 02:42:52,mfsweep_shard0,SPT_SMPT,48,12713.53,114,0,1,2995.6,10709.9,7714.3,2,2,83.7,2.1,7218.3,405.6,4.7,83.7
2026-09-21 02:42:52,mfsweep_shard0,SPT_SMPT,48,12713.53,115,0,1,3021.9,12486.3,9464.4,2,2,82.3,2.2,8261.0,834.4,284.6,82.3
2026-09-21 02:42:52,mfsweep_shard0,SPT_SMPT,48,12713.53,116,0,1,3048.2,12045.4,8997.2,2,2,63.4,2.3,8058.6,785.0,88.0,63.4
2026-09-21 02:42:52,mfsweep_shard0,SPT_SMPT,48,12713.53,117,0,1,3074.5,12036.3,8961.8,2,2,74.6,2.5,8263.3,621.4,0.0,74.6
2026-09-21 02:42:52,mfsweep_shard0,SPT_SMPT,48,12713.53,118,0,1,3100.7,11148.2,8047.5,2,2,73.6,2.4,7515.2,405.2,50.9,73.6
2026-09-21 02:42:52,mfsweep_shard0,SPT_SMPT,48,12713.53,119,0,1,3127.0,12016.4,8889.4,2,2,58.6,2.5,7900.0,879.6,48.6,58.6
2026-09-21 02:42:52,mfsweep_shard0,SPT_SMPT,48,12713.53,120,0,1,3153.3,12420.1,9266.8,2,2,78.7,2.8,8574.4,351.9,259.1,78.7
2026-09-21 02:42:52,mfsweep_shard0,SPT_SMPT,48,12713.53,121,0,1,3179.6,12354.3,9174.8,2,2,71.3,2.7,8805.2,133.2,162.3,71.3
2026-09-21 02:42:52,mfsweep_shard0,SPT_SMPT,48,12713.53,122,0,1,3205.8,11468.6,8262.7,2,2,79.2,2.8,7425.1,755.4,0.2,79.2
2026-09-21 02:42:52,mfsweep_shard0,SPT_SMPT,48,12713.53,123,0,1,3232.1,12055.3,8823.1,2,2,71.0,2.9,8226.5,426.2,96.5,71.0
2026-09-21 02:42:52,mfsweep_shard0,SPT_SMPT,48,12713.53,124,0,1,3258.4,12060.9,8802.5,2,2,53.6,3.0,8161.3,562.1,12.0,64.0
2026-09-21 02:42:52,mfsweep_shard0,SPT_SMPT,48,12713.53,125,0,1,3284.7,12183.2,8898.6,2,2,64.2,3.2,8324.5,411.6,52.7,106.6
2026-09-21 02:42:52,mfsweep_shard0,SPT_SMPT,48,12713.53,126,0,1,3311.0,12066.6,8755.6,2,2,54.2,3.2,7776.2,871.0,23.3,81.9
2026-09-21 02:42:52,mfsweep_shard0,SPT_SMPT,48,12713.53,127,0,1,3337.2,12009.5,8672.3,2,2,84.2,3.2,7912.5,672.3,0.0,84.2
2026-09-21 02:42:52,mfsweep_shard0,SPT_SMPT,48,12713.53,128,0,1,3363.5,12142.4,8778.9,2,2,82.5,3.3,7600.2,1092.9,0.0,82.5
2026-09-21 02:42:52,mfsweep_shard0,SPT_SMPT,48,12713.53,129,0,1,3389.8,12072.2,8682.4,2,2,81.0,3.3,7627.7,970.4,0.0,81.0
2026-09-21 02:42:52,mfsweep_shard0,SPT_SMPT,48,12713.53,130,0,1,3416.1,11519.1,8103.0,2,2,63.7,3.5,7525.4,510.4,0.0,63.7
2026-09-21 02:42:52,mfsweep_shard0,SPT_SMPT,48,12713.53,131,0,1,3442.3,12210.5,8768.1,2,2,55.5,3.7,8343.8,355.5,9.7,55.5
2026-09-21 02:42:52,mfsweep_shard0,SPT_SMPT,48,12713.53,132,0,1,3468.6,12552.2,9083.6,2,2,82.5,3.9,8496.3,149.3,351.6,82.5
2026-09-21 02:42:52,mfsweep_shard0,SPT_SMPT,48,12713.53,133,0,1,3494.9,12713.5,9218.6,2,2,84.8,3.8,8191.7,573.7,322.5,127.0
2026-09-21 02:42:52,mfsweep_shard0,SPT_SMPT,48,12713.53,134,0,1,3521.2,12252.0,8730.9,2,2,56.4,3.9,8457.0,148.3,65.3,56.4
2026-09-21 02:42:52,mfsweep_shard0,SPT_SMPT,48,12713.53,135,0,1,3547.5,12297.4,8750.0,2,2,69.6,3.8,7786.6,739.8,150.2,69.6
2026-09-21 02:42:52,mfsweep_shard0,SPT_SMPT,48,12713.53,136,0,1,3573.7,12191.8,8618.0,2,2,55.8,3.9,7956.8,587.9,13.6,55.8
2026-09-21 02:48:17,mfsweep_shard0,SPT_SMPT,49,11865.90,0,0,1,0.0,369.5,369.5,2,2,74.6,0.0,90.5,90.5,103.3,85.3
2026-09-21 02:48:17,mfsweep_shard0,SPT_SMPT,49,11865.90,1,0,1,26.3,215.6,189.3,2,2,54.4,0.0,69.3,65.6,0.0,54.4
2026-09-21 02:48:17,mfsweep_shard0,SPT_SMPT,49,11865.90,2,0,1,52.6,274.4,221.8,2,2,62.6,0.0,71.2,67.9,20.0,62.6
2026-09-21 02:48:17,mfsweep_shard0,SPT_SMPT,49,11865.90,3,0,1,78.8,319.8,241.0,2,2,60.9,0.0,70.9,76.3,32.9,60.9
2026-09-21 02:48:17,mfsweep_shard0,SPT_SMPT,49,11865.90,4,0,1,105.1,1707.4,1602.3,2,2,77.8,0.0,696.8,132.9,694.8,77.8
2026-09-21 02:48:17,mfsweep_shard0,SPT_SMPT,49,11865.90,5,0,1,131.4,1654.8,1523.4,2,2,75.9,0.0,769.6,114.5,563.4,75.9
2026-09-21 02:48:17,mfsweep_shard0,SPT_SMPT,49,11865.90,6,0,1,157.7,1746.2,1588.6,2,2,83.0,0.0,362.2,162.3,981.0,83.0
2026-09-21 02:48:17,mfsweep_shard0,SPT_SMPT,49,11865.90,7,0,1,183.9,424.5,240.6,2,2,56.4,0.0,79.8,70.5,33.8,56.4
2026-09-21 02:48:17,mfsweep_shard0,SPT_SMPT,49,11865.90,8,0,1,210.2,477.2,267.0,2,2,67.5,0.0,74.1,72.4,53.0,67.5
2026-09-21 02:48:17,mfsweep_shard0,SPT_SMPT,49,11865.90,9,0,1,236.5,771.1,534.6,2,2,54.5,0.0,195.9,249.4,34.7,54.5
2026-09-21 02:48:17,mfsweep_shard0,SPT_SMPT,49,11865.90,10,0,1,262.8,532.2,269.4,2,2,60.8,0.0,98.9,64.6,45.1,60.8
2026-09-21 02:48:17,mfsweep_shard0,SPT_SMPT,49,11865.90,11,0,1,289.1,863.6,574.5,2,2,70.2,0.0,172.9,110.1,221.3,70.2
2026-09-21 02:48:17,mfsweep_shard0,SPT_SMPT,49,11865.90,12,0,1,315.3,600.1,284.7,2,2,54.4,0.0,113.9,76.5,39.8,54.4
2026-09-21 02:48:17,mfsweep_shard0,SPT_SMPT,49,11865.90,13,0,1,341.6,849.6,508.0,2,2,60.1,0.0,265.8,103.3,78.8,60.1
2026-09-21 02:48:17,mfsweep_shard0,SPT_SMPT,49,11865.90,14,0,1,367.9,915.1,547.2,2,2,75.0,0.0,72.3,148.8,251.1,75.0
2026-09-21 02:48:17,mfsweep_shard0,SPT_SMPT,49,11865.90,15,0,1,394.2,877.3,483.1,2,2,71.5,0.0,131.4,121.5,158.7,71.5
2026-09-21 02:48:17,mfsweep_shard0,SPT_SMPT,49,11865.90,16,0,1,420.4,1570.3,1149.9,2,2,60.8,0.0,336.9,731.5,20.6,60.8
2026-09-21 02:48:17,mfsweep_shard0,SPT_SMPT,49,11865.90,17,0,1,446.7,1688.3,1241.5,2,2,73.0,0.0,425.7,727.9,14.7,73.2
2026-09-21 02:48:17,mfsweep_shard0,SPT_SMPT,49,11865.90,18,0,1,473.0,1751.9,1278.9,2,2,80.3,0.0,479.6,162.9,556.1,80.3
2026-09-21 02:48:17,mfsweep_shard0,SPT_SMPT,49,11865.90,19,0,1,499.3,1668.8,1169.5,2,2,53.8,0.0,939.0,159.7,17.0,53.8
2026-09-21 02:48:17,mfsweep_shard0,SPT_SMPT,49,11865.90,20,0,1,525.6,1628.0,1102.5,2,2,80.1,0.0,88.9,656.1,277.3,80.1
2026-09-21 02:48:17,mfsweep_shard0,SPT_SMPT,49,11865.90,21,0,1,551.8,1694.0,1142.2,2,2,76.6,0.0,792.5,241.9,31.2,76.6
2026-09-21 02:48:17,mfsweep_shard0,SPT_SMPT,49,11865.90,22,0,1,578.1,1832.0,1253.9,2,2,64.8,0.0,743.8,422.6,22.7,64.8
2026-09-21 02:48:17,mfsweep_shard0,SPT_SMPT,49,11865.90,23,0,1,604.4,1810.2,1205.8,2,2,58.7,0.0,782.2,333.2,31.7,58.7
2026-09-21 02:48:17,mfsweep_shard0,SPT_SMPT,49,11865.90,24,0,1,630.7,2666.8,2036.1,2,2,85.1,0.0,1655.1,295.8,0.0,85.1
2026-09-21 02:48:17,mfsweep_shard0,SPT_SMPT,49,11865.90,25,0,1,656.9,2033.1,1376.2,2,2,64.7,0.0,379.2,932.3,0.0,64.7
2026-09-21 02:48:17,mfsweep_shard0,SPT_SMPT,49,11865.90,26,0,1,683.2,6533.7,5850.5,2,2,56.6,0.0,4574.9,1219.0,0.0,56.6
2026-09-21 02:48:17,mfsweep_shard0,SPT_SMPT,49,11865.90,27,0,1,709.5,6015.0,5305.5,2,2,56.7,0.1,2710.9,2537.7,0.0,56.7
2026-09-21 02:48:17,mfsweep_shard0,SPT_SMPT,49,11865.90,28,0,1,735.8,4513.1,3777.3,2,2,81.5,0.1,2686.4,1009.4,0.0,81.5
2026-09-21 02:48:17,mfsweep_shard0,SPT_SMPT,49,11865.90,29,0,1,762.0,5208.7,4446.6,2,2,73.5,0.1,3082.1,1238.3,52.6,73.5
2026-09-21 02:48:17,mfsweep_shard0,SPT_SMPT,49,11865.90,30,0,1,788.3,1882.5,1094.1,2,2,80.2,0.0,174.5,839.5,0.0,80.2
2026-09-21 02:48:17,mfsweep_shard0,SPT_SMPT,49,11865.90,31,0,1,814.6,6771.4,5956.8,2,2,77.6,0.1,3781.2,2079.0,18.8,77.6
2026-09-21 02:48:17,mfsweep_shard0,SPT_SMPT,49,11865.90,32,0,1,840.9,2684.7,1843.8,2,2,71.2,0.1,1293.9,478.5,0.0,71.2
2026-09-21 02:48:17,mfsweep_shard0,SPT_SMPT,49,11865.90,33,0,1,867.2,2655.4,1788.2,2,2,85.7,0.0,514.5,1173.0,15.1,85.7
2026-09-21 02:48:17,mfsweep_shard0,SPT_SMPT,49,11865.90,34,0,1,893.4,6443.0,5549.6,2,2,66.0,0.0,3185.2,2288.2,10.2,66.0
2026-09-21 02:48:17,mfsweep_shard0,SPT_SMPT,49,11865.90,35,0,1,919.7,6190.9,5271.2,2,2,71.8,0.1,1675.0,3505.7,18.6,71.8
2026-09-21 02:48:17,mfsweep_shard0,SPT_SMPT,49,11865.90,36,0,1,946.0,5687.7,4741.7,2,2,80.9,0.0,1795.4,2865.4,0.0,80.9
2026-09-21 02:48:17,mfsweep_shard0,SPT_SMPT,49,11865.90,37,0,1,972.3,6404.9,5432.6,2,2,74.0,0.2,1959.0,3308.1,91.4,74.0
2026-09-21 02:48:17,mfsweep_shard0,SPT_SMPT,49,11865.90,38,0,1,998.5,6020.6,5022.1,2,2,82.0,0.2,3067.4,1793.6,78.8,82.0
2026-09-21 02:48:17,mfsweep_shard0,SPT_SMPT,49,11865.90,39,0,1,1024.8,5733.6,4708.8,2,2,72.6,0.2,2405.0,2230.9,0.0,72.6
2026-09-21 02:48:17,mfsweep_shard0,SPT_SMPT,49,11865.90,40,0,1,1051.1,6488.0,5436.9,2,2,76.8,0.4,4796.1,559.5,4.1,76.8
2026-09-21 02:48:17,mfsweep_shard0,SPT_SMPT,49,11865.90,41,0,1,1077.4,3606.8,2529.4,2,2,55.1,0.0,1134.7,1339.7,0.0,55.1
2026-09-21 02:48:17,mfsweep_shard0,SPT_SMPT,49,11865.90,42,0,1,1103.7,6064.7,4961.0,2,2,61.1,0.3,4378.8,495.6,7.4,78.9
2026-09-21 02:48:17,mfsweep_shard0,SPT_SMPT,49,11865.90,43,0,1,1129.9,6196.5,5066.6,2,2,63.1,0.4,4708.6,243.4,51.1,63.1
2026-09-21 02:48:17,mfsweep_shard0,SPT_SMPT,49,11865.90,44,0,1,1156.2,6499.1,5342.9,2,2,56.2,0.3,4005.0,1272.8,8.7,56.2
2026-09-21 02:48:17,mfsweep_shard0,SPT_SMPT,49,11865.90,45,0,1,1182.5,6431.8,5249.3,2,2,61.2,0.3,4047.3,1140.4,0.0,61.2
2026-09-21 02:48:17,mfsweep_shard0,SPT_SMPT,49,11865.90,46,0,1,1208.8,6079.1,4870.4,2,2,56.9,0.5,3590.8,1222.2,0.0,56.9
2026-09-21 02:48:17,mfsweep_shard0,SPT_SMPT,49,11865.90,47,0,1,1235.0,6437.5,5202.5,2,2,62.7,0.1,1578.3,3552.6,8.7,62.7
2026-09-21 02:48:17,mfsweep_shard0,SPT_SMPT,49,11865.90,48,0,1,1261.3,2963.4,1702.1,2,2,74.5,0.0,1270.8,356.8,0.0,74.5
2026-09-21 02:48:17,mfsweep_shard0,SPT_SMPT,49,11865.90,49,0,1,1287.6,6493.5,5205.9,2,2,65.6,0.7,4179.5,957.9,2.3,65.6
2026-09-21 02:48:17,mfsweep_shard0,SPT_SMPT,49,11865.90,50,0,1,1313.9,6543.0,5229.2,2,2,65.8,0.4,3857.5,1303.6,1.8,65.8
2026-09-21 02:48:17,mfsweep_shard0,SPT_SMPT,49,11865.90,51,0,1,1340.2,6661.4,5321.2,2,2,60.5,0.5,3916.3,1332.0,11.9,60.5
2026-09-21 02:48:17,mfsweep_shard0,SPT_SMPT,49,11865.90,52,0,1,1366.4,8194.8,6828.4,2,2,62.4,0.7,4868.9,1836.2,19.5,103.0
2026-09-21 02:48:17,mfsweep_shard0,SPT_SMPT,49,11865.90,53,0,1,1392.7,6101.0,4708.3,2,2,84.5,0.7,3375.2,1242.2,5.8,84.5
2026-09-21 02:48:17,mfsweep_shard0,SPT_SMPT,49,11865.90,54,0,1,1419.0,7073.1,5654.1,2,2,74.9,1.0,4918.5,508.3,151.4,74.9
2026-09-21 02:48:17,mfsweep_shard0,SPT_SMPT,49,11865.90,55,0,1,1445.3,7670.4,6225.1,2,2,73.6,1.2,5300.5,553.7,296.0,73.6
2026-09-21 02:48:17,mfsweep_shard0,SPT_SMPT,49,11865.90,56,0,1,1471.5,6526.7,5055.2,2,2,59.2,1.2,3788.7,1177.3,28.8,59.2
2026-09-21 02:48:17,mfsweep_shard0,SPT_SMPT,49,11865.90,57,0,1,1497.8,7060.5,5562.6,2,2,77.6,1.3,4654.8,806.3,22.6,77.6
2026-09-21 02:48:17,mfsweep_shard0,SPT_SMPT,49,11865.90,58,0,1,1524.1,6762.3,5238.2,2,2,58.9,1.4,4659.6,448.5,69.8,58.9
2026-09-21 02:48:17,mfsweep_shard0,SPT_SMPT,49,11865.90,59,0,1,1550.4,8561.0,7010.7,2,2,66.1,1.7,5494.7,1373.6,67.6,73.1
2026-09-21 02:48:17,mfsweep_shard0,SPT_SMPT,49,11865.90,60,0,1,1576.6,7584.9,6008.2,2,2,86.2,1.8,4880.3,1040.0,0.0,86.2
2026-09-21 02:48:17,mfsweep_shard0,SPT_SMPT,49,11865.90,61,0,1,1602.9,6847.4,5244.5,2,2,74.7,1.6,4741.1,410.2,16.9,74.7
2026-09-21 02:48:17,mfsweep_shard0,SPT_SMPT,49,11865.90,62,0,1,1629.2,8132.6,6503.4,2,2,71.9,1.8,4980.0,1348.4,101.3,71.9
2026-09-21 02:48:17,mfsweep_shard0,SPT_SMPT,49,11865.90,63,0,1,1655.5,8110.2,6454.7,2,2,76.1,1.9,4802.7,1371.8,202.1,76.1
2026-09-21 02:48:17,mfsweep_shard0,SPT_SMPT,49,11865.90,64,0,1,1681.8,6838.9,5157.1,2,2,81.4,1.8,3909.7,1072.7,91.5,81.4
2026-09-21 02:48:17,mfsweep_shard0,SPT_SMPT,49,11865.90,65,0,1,1708.0,8322.1,6614.0,2,2,79.2,0.3,2913.7,3444.0,176.9,79.2
2026-09-21 02:48:17,mfsweep_shard0,SPT_SMPT,49,11865.90,66,0,1,1734.3,7024.5,5290.2,2,2,61.1,1.9,4287.7,939.4,0.0,61.1
2026-09-21 02:48:17,mfsweep_shard0,SPT_SMPT,49,11865.90,67,0,1,1760.6,8104.5,6343.9,2,2,54.6,0.0,5220.6,1068.7,0.0,54.6
2026-09-21 02:48:17,mfsweep_shard0,SPT_SMPT,49,11865.90,68,0,1,1786.9,6803.5,5016.7,2,2,64.0,0.8,3474.3,1477.6,0.0,64.0
2026-09-21 02:48:17,mfsweep_shard0,SPT_SMPT,49,11865.90,69,0,1,1813.1,7895.1,6082.0,2,2,62.4,0.9,4128.3,1890.5,0.0,62.4
2026-09-21 02:48:17,mfsweep_shard0,SPT_SMPT,49,11865.90,70,0,1,1839.4,7575.8,5736.4,2,2,60.5,0.5,5220.9,444.2,10.3,60.5
2026-09-21 02:48:17,mfsweep_shard0,SPT_SMPT,49,11865.90,71,0,1,1865.7,9272.9,7407.2,2,2,84.7,0.6,6393.4,895.2,0.0,118.1
2026-09-21 02:48:17,mfsweep_shard0,SPT_SMPT,49,11865.90,72,0,1,1892.0,7152.3,5260.3,2,2,82.5,0.0,3407.2,1770.6,0.0,82.5
2026-09-21 02:48:17,mfsweep_shard0,SPT_SMPT,49,11865.90,73,0,1,1918.3,8189.2,6270.9,2,2,63.9,0.7,4611.9,1580.5,14.0,63.9
2026-09-21 02:48:17,mfsweep_shard0,SPT_SMPT,49,11865.90,74,0,1,1944.5,9115.5,7170.9,2,2,75.2,0.2,6412.7,670.6,0.0,87.5
2026-09-21 02:48:17,mfsweep_shard0,SPT_SMPT,49,11865.90,75,0,1,1970.8,8379.5,6408.7,2,2,66.6,0.2,4836.2,1505.7,0.0,66.6
2026-09-21 02:48:17,mfsweep_shard0,SPT_SMPT,49,11865.90,76,0,1,1997.1,8284.7,6287.6,2,2,83.7,0.1,5672.6,531.2,0.0,83.7
2026-09-21 02:48:17,mfsweep_shard0,SPT_SMPT,49,11865.90,77,0,1,2023.4,9103.7,7080.4,2,2,68.7,0.4,5762.5,1202.7,27.9,87.0
2026-09-21 02:48:17,mfsweep_shard0,SPT_SMPT,49,11865.90,78,0,1,2049.6,8277.0,6227.4,2,2,62.3,0.2,4578.1,1579.0,7.7,62.3
2026-09-21 02:48:17,mfsweep_shard0,SPT_SMPT,49,11865.90,79,0,1,2075.9,9986.5,7910.6,2,2,61.7,0.1,6232.5,1568.7,47.6,61.7
2026-09-21 02:48:17,mfsweep_shard0,SPT_SMPT,49,11865.90,80,0,1,2102.2,8165.2,6063.0,2,2,72.1,0.1,5627.3,347.5,16.0,72.1
2026-09-21 02:48:17,mfsweep_shard0,SPT_SMPT,49,11865.90,81,0,1,2128.5,8159.5,6031.1,2,2,62.2,0.0,5184.5,784.3,0.0,62.2
2026-09-21 02:48:17,mfsweep_shard0,SPT_SMPT,49,11865.90,82,0,1,2154.7,8298.0,6143.2,2,2,72.8,0.0,5388.9,640.9,40.6,72.8
2026-09-21 02:48:17,mfsweep_shard0,SPT_SMPT,49,11865.90,83,0,1,2181.0,9151.3,6970.3,2,2,83.2,0.2,6079.1,807.8,0.0,83.2
2026-09-21 02:48:17,mfsweep_shard0,SPT_SMPT,49,11865.90,84,0,1,2207.3,8339.7,6132.4,2,2,66.7,0.3,5626.9,438.5,0.0,66.7
2026-09-21 02:48:17,mfsweep_shard0,SPT_SMPT,49,11865.90,85,0,1,2233.6,8200.3,5966.7,2,2,60.8,0.2,5482.6,396.2,16.3,71.5
2026-09-21 02:48:17,mfsweep_shard0,SPT_SMPT,49,11865.90,86,0,1,2259.9,8240.8,5980.9,2,2,86.5,0.2,5579.4,284.1,30.7,86.5
2026-09-21 02:48:17,mfsweep_shard0,SPT_SMPT,49,11865.90,87,0,1,2286.1,9052.7,6766.6,2,2,70.4,0.4,5799.0,858.4,38.4,70.4
2026-09-21 02:48:17,mfsweep_shard0,SPT_SMPT,49,11865.90,88,0,1,2312.4,9294.9,6982.5,2,2,56.5,0.5,5565.2,1360.2,0.0,56.5
2026-09-21 02:48:17,mfsweep_shard0,SPT_SMPT,49,11865.90,89,0,1,2338.7,8307.1,5968.4,2,2,55.1,0.6,5336.7,576.0,0.0,55.1
2026-09-21 02:48:17,mfsweep_shard0,SPT_SMPT,49,11865.90,90,0,1,2365.0,9098.2,6733.3,2,2,57.2,0.7,5643.1,1027.9,4.5,57.2
2026-09-21 02:48:17,mfsweep_shard0,SPT_SMPT,49,11865.90,91,0,1,2391.2,9223.9,6832.7,2,2,74.3,0.7,5702.0,1019.4,36.3,74.3
2026-09-21 02:48:17,mfsweep_shard0,SPT_SMPT,49,11865.90,92,0,1,2417.5,10976.3,8558.8,2,2,79.7,0.8,7634.7,759.2,84.4,79.7
2026-09-21 02:48:17,mfsweep_shard0,SPT_SMPT,49,11865.90,93,0,1,2443.8,9124.3,6680.5,2,2,67.5,0.9,6403.3,160.5,48.3,67.5
2026-09-21 02:48:17,mfsweep_shard0,SPT_SMPT,49,11865.90,94,0,1,2470.1,9970.2,7500.1,2,2,55.6,1.0,6694.4,734.1,15.0,55.6
2026-09-21 02:48:17,mfsweep_shard0,SPT_SMPT,49,11865.90,95,0,1,2496.4,11097.7,8601.3,2,2,66.1,1.0,7575.2,829.7,129.2,66.1
2026-09-21 02:48:17,mfsweep_shard0,SPT_SMPT,49,11865.90,96,0,1,2522.6,11865.9,9343.3,2,2,86.4,1.2,7724.2,408.0,1082.6,127.2
2026-09-21 02:48:17,mfsweep_shard0,SPT_SMPT,49,11865.90,97,0,1,2548.9,9177.6,6628.6,2,2,71.0,1.3,6367.0,183.4,5.9,71.0
2026-09-21 02:48:17,mfsweep_shard0,SPT_SMPT,49,11865.90,98,0,1,2575.2,11207.1,8631.9,2,2,85.6,1.5,7349.4,1144.5,51.0,85.6
2026-09-21 02:48:17,mfsweep_shard0,SPT_SMPT,49,11865.90,99,0,1,2601.5,9061.1,6459.7,2,2,82.0,1.0,5775.4,601.3,0.0,82.0
2026-09-21 02:48:17,mfsweep_shard0,SPT_SMPT,49,11865.90,100,0,1,2627.7,11247.7,8620.0,2,2,53.9,1.1,6878.3,1672.6,14.0,53.9
2026-09-21 02:48:17,mfsweep_shard0,SPT_SMPT,49,11865.90,101,0,1,2654.0,9191.4,6537.4,2,2,77.3,0.1,6086.5,159.2,214.3,77.3
2026-09-21 02:48:17,mfsweep_shard0,SPT_SMPT,49,11865.90,102,0,1,2680.3,9141.5,6461.2,2,2,76.0,0.0,5962.7,354.4,68.0,76.0
2026-09-21 02:48:17,mfsweep_shard0,SPT_SMPT,49,11865.90,103,0,1,2706.6,11192.6,8486.0,2,2,71.3,0.2,7067.0,1011.1,336.6,71.3
2026-09-21 02:48:17,mfsweep_shard0,SPT_SMPT,49,11865.90,104,0,1,2732.9,10709.3,7976.5,2,2,62.4,0.9,7068.3,819.1,25.9,62.4
2026-09-21 02:48:17,mfsweep_shard0,SPT_SMPT,49,11865.90,105,0,1,2759.1,11082.6,8323.5,2,2,74.7,0.8,6691.6,1364.3,192.0,74.7
2026-09-21 02:48:17,mfsweep_shard0,SPT_SMPT,49,11865.90,106,0,1,2785.4,11092.0,8306.6,2,2,57.2,0.9,7365.9,831.4,51.1,57.2
2026-09-21 02:48:17,mfsweep_shard0,SPT_SMPT,49,11865.90,107,0,1,2811.7,9964.6,7152.9,2,2,67.9,0.8,5999.7,945.6,138.9,67.9
2026-09-21 02:48:17,mfsweep_shard0,SPT_SMPT,49,11865.90,108,0,1,2838.0,11105.5,8267.6,2,2,68.5,1.0,6602.5,1302.9,256.4,104.8
2026-09-21 02:48:17,mfsweep_shard0,SPT_SMPT,49,11865.90,109,0,1,2864.2,11075.7,8211.4,2,2,85.0,0.9,7475.1,380.3,270.1,85.0
2026-09-21 02:48:17,mfsweep_shard0,SPT_SMPT,49,11865.90,110,0,1,2890.5,11178.9,8288.3,2,2,82.4,1.2,7579.2,404.0,164.9,139.1
2026-09-21 02:48:17,mfsweep_shard0,SPT_SMPT,49,11865.90,111,0,1,2916.8,11375.4,8458.6,2,2,62.2,1.3,8099.1,199.6,96.4,62.2
2026-09-21 02:48:17,mfsweep_shard0,SPT_SMPT,49,11865.90,112,0,1,2943.1,11155.5,8212.4,2,2,70.1,1.3,7681.2,448.7,11.3,70.1
2026-09-21 02:48:17,mfsweep_shard0,SPT_SMPT,49,11865.90,113,0,1,2969.3,11064.3,8095.0,2,2,59.4,1.1,7577.3,407.7,49.5,59.4
2026-09-21 02:48:17,mfsweep_shard0,SPT_SMPT,49,11865.90,114,0,1,2995.6,11007.9,8012.3,2,2,83.7,1.2,7184.4,602.4,140.7,83.7
2026-09-21 02:48:17,mfsweep_shard0,SPT_SMPT,49,11865.90,115,0,1,3021.9,11481.3,8459.4,2,2,82.3,1.3,6920.8,1186.3,268.7,82.3
2026-09-21 02:48:17,mfsweep_shard0,SPT_SMPT,49,11865.90,116,0,1,3048.2,10216.2,7168.1,2,2,63.4,1.2,6229.8,840.4,33.3,63.4
2026-09-21 02:48:17,mfsweep_shard0,SPT_SMPT,49,11865.90,117,0,1,3074.5,11198.2,8123.8,2,2,74.6,1.5,7711.6,332.4,3.6,74.6
2026-09-21 02:48:17,mfsweep_shard0,SPT_SMPT,49,11865.90,118,0,1,3100.7,11070.0,7969.2,2,2,73.6,1.3,7496.0,391.2,7.1,73.6
2026-09-21 02:48:17,mfsweep_shard0,SPT_SMPT,49,11865.90,119,0,1,3127.0,11361.4,8234.4,2,2,58.6,1.4,7375.6,749.2,49.5,58.6
2026-09-21 02:48:17,mfsweep_shard0,SPT_SMPT,49,11865.90,120,0,1,3153.3,11389.9,8236.6,2,2,78.7,1.5,7179.3,824.6,152.5,78.7
2026-09-21 02:48:17,mfsweep_shard0,SPT_SMPT,49,11865.90,121,0,1,3179.6,11465.8,8286.2,2,2,71.3,1.4,6784.7,1283.0,145.8,71.3
2026-09-21 02:48:17,mfsweep_shard0,SPT_SMPT,49,11865.90,122,0,1,3205.8,11126.9,7921.1,2,2,79.2,1.4,6193.3,1505.4,141.7,79.2
2026-09-21 02:48:17,mfsweep_shard0,SPT_SMPT,49,11865.90,123,0,1,3232.1,11149.9,7917.8,2,2,71.0,1.5,7469.1,362.7,13.5,71.0
2026-09-21 02:48:17,mfsweep_shard0,SPT_SMPT,49,11865.90,124,0,1,3258.4,11312.1,8053.7,2,2,53.6,1.7,7360.2,609.2,28.9,53.6
2026-09-21 02:48:17,mfsweep_shard0,SPT_SMPT,49,11865.90,125,0,1,3284.7,11054.3,7769.7,2,2,64.2,1.5,6750.9,953.0,0.0,64.2
2026-09-21 02:48:17,mfsweep_shard0,SPT_SMPT,49,11865.90,126,0,1,3311.0,11347.6,8036.7,2,2,54.2,1.6,6855.2,1035.1,90.5,54.2
2026-09-21 02:48:17,mfsweep_shard0,SPT_SMPT,49,11865.90,127,0,1,3337.2,11550.5,8213.2,2,2,84.2,1.9,7162.2,746.3,218.7,84.2
2026-09-21 02:48:17,mfsweep_shard0,SPT_SMPT,49,11865.90,128,0,1,3363.5,11724.7,8361.2,2,2,82.5,1.8,7051.9,732.5,492.5,82.5
2026-09-21 02:48:17,mfsweep_shard0,SPT_SMPT,49,11865.90,129,0,1,3389.8,11421.6,8031.8,2,2,81.0,2.1,7096.3,734.4,118.1,81.0
2026-09-21 02:48:17,mfsweep_shard0,SPT_SMPT,49,11865.90,130,0,1,3416.1,11427.3,8011.2,2,2,63.7,1.9,7487.5,441.0,17.1,63.7
2026-09-21 02:48:17,mfsweep_shard0,SPT_SMPT,49,11865.90,131,0,1,3442.3,11402.6,7960.3,2,2,55.5,2.0,7759.8,113.7,29.3,55.5
2026-09-21 02:48:17,mfsweep_shard0,SPT_SMPT,49,11865.90,132,0,1,3468.6,11657.8,8189.1,2,2,82.5,2.0,7760.7,153.5,190.5,82.5
2026-09-21 02:48:17,mfsweep_shard0,SPT_SMPT,49,11865.90,133,0,1,3494.9,11795.1,8300.2,2,2,84.8,2.1,7793.3,112.4,307.5,84.8
2026-09-21 02:48:17,mfsweep_shard0,SPT_SMPT,49,11865.90,134,0,1,3521.2,11538.2,8017.0,2,2,56.4,2.2,7771.8,109.0,77.6,56.4
2026-09-21 02:48:17,mfsweep_shard0,SPT_SMPT,49,11865.90,135,0,1,3547.5,11589.7,8042.2,2,2,69.6,2.2,7759.2,105.6,105.5,69.6
2026-09-21 02:48:17,mfsweep_shard0,SPT_SMPT,49,11865.90,136,0,1,3573.7,11505.1,7931.4,2,2,55.8,2.3,7756.7,99.7,16.9,55.8
2026-09-21 02:51:23,mfsweep_shard0,SPT_SMPT,50,7423.74,0,0,1,0.0,209.7,209.7,2,2,74.6,0.0,67.9,67.2,0.0,74.6
2026-09-21 02:51:23,mfsweep_shard0,SPT_SMPT,50,7423.74,1,0,1,26.3,249.9,223.7,2,2,54.4,0.0,73.5,68.7,27.0,54.4
2026-09-21 02:51:23,mfsweep_shard0,SPT_SMPT,50,7423.74,2,0,1,52.6,346.3,293.8,2,2,62.6,0.0,65.6,72.9,92.7,62.6
2026-09-21 02:51:23,mfsweep_shard0,SPT_SMPT,50,7423.74,3,0,1,78.8,290.9,212.1,2,2,60.9,0.0,72.3,67.9,10.9,60.9
2026-09-21 02:51:23,mfsweep_shard0,SPT_SMPT,50,7423.74,4,0,1,105.1,1792.9,1687.8,2,2,77.8,0.0,595.7,204.5,809.8,77.8
2026-09-21 02:51:23,mfsweep_shard0,SPT_SMPT,50,7423.74,5,0,1,131.4,2009.4,1878.0,2,2,75.9,0.0,354.1,659.4,782.8,81.6
2026-09-21 02:51:23,mfsweep_shard0,SPT_SMPT,50,7423.74,6,0,1,157.7,3065.5,2907.8,2,2,83.0,0.1,327.9,919.6,1577.2,83.0
2026-09-21 02:51:23,mfsweep_shard0,SPT_SMPT,50,7423.74,7,0,1,183.9,391.6,207.7,2,2,56.4,0.0,80.4,64.1,6.8,56.4
2026-09-21 02:51:23,mfsweep_shard0,SPT_SMPT,50,7423.74,8,0,1,210.2,450.6,240.3,2,2,67.5,0.0,82.5,79.1,11.2,67.5
2026-09-21 02:51:23,mfsweep_shard0,SPT_SMPT,50,7423.74,9,0,1,236.5,520.6,284.1,2,2,54.5,0.0,153.7,68.0,7.9,54.5
2026-09-21 02:51:23,mfsweep_shard0,SPT_SMPT,50,7423.74,10,0,1,262.8,541.5,278.8,2,2,60.8,0.0,82.9,81.2,53.8,60.8
2026-09-21 02:51:23,mfsweep_shard0,SPT_SMPT,50,7423.74,11,0,1,289.1,718.3,429.2,2,2,70.2,0.0,87.2,118.7,153.1,70.2
2026-09-21 02:51:23,mfsweep_shard0,SPT_SMPT,50,7423.74,12,0,1,315.3,563.8,248.4,2,2,54.4,0.0,99.7,72.4,21.9,54.4
2026-09-21 02:51:23,mfsweep_shard0,SPT_SMPT,50,7423.74,13,0,1,341.6,612.4,270.8,2,2,60.1,0.0,105.0,63.3,42.4,60.1
2026-09-21 02:51:23,mfsweep_shard0,SPT_SMPT,50,7423.74,14,0,1,367.9,1228.1,860.2,2,2,75.0,0.0,272.4,110.1,402.8,75.0
2026-09-21 02:51:23,mfsweep_shard0,SPT_SMPT,50,7423.74,15,0,1,394.2,1032.8,638.6,2,2,71.5,0.0,173.4,235.4,158.3,71.5
2026-09-21 02:51:23,mfsweep_shard0,SPT_SMPT,50,7423.74,16,0,1,420.4,740.3,319.8,2,2,60.8,0.0,142.1,103.3,13.6,60.8
2026-09-21 02:51:23,mfsweep_shard0,SPT_SMPT,50,7423.74,17,0,1,446.7,1152.8,706.0,2,2,73.0,0.0,261.0,183.1,188.8,73.0
2026-09-21 02:51:23,mfsweep_shard0,SPT_SMPT,50,7423.74,18,0,1,473.0,4311.2,3838.2,2,2,80.3,0.1,1448.2,1247.6,1062.0,80.3
2026-09-21 02:51:23,mfsweep_shard0,SPT_SMPT,50,7423.74,19,0,1,499.3,997.7,498.4,2,2,53.8,0.0,157.7,266.3,20.6,53.8
2026-09-21 02:51:23,mfsweep_shard0,SPT_SMPT,50,7423.74,20,0,1,525.6,4433.5,3907.9,2,2,80.1,0.2,1547.9,711.3,1568.3,80.1
2026-09-21 02:51:23,mfsweep_shard0,SPT_SMPT,50,7423.74,21,0,1,551.8,2027.0,1475.2,2,2,76.6,0.1,344.5,570.3,483.7,76.6
2026-09-21 02:51:23,mfsweep_shard0,SPT_SMPT,50,7423.74,22,0,1,578.1,1073.7,495.6,2,2,64.8,0.0,100.7,246.3,83.8,64.8
2026-09-21 02:51:23,mfsweep_shard0,SPT_SMPT,50,7423.74,23,0,1,604.4,1086.2,481.8,2,2,58.7,0.0,124.7,243.4,54.9,58.7
2026-09-21 02:51:23,mfsweep_shard0,SPT_SMPT,50,7423.74,24,0,1,630.7,1280.8,650.2,2,2,85.1,0.0,264.5,300.5,0.0,85.1
2026-09-21 02:51:23,mfsweep_shard0,SPT_SMPT,50,7423.74,25,0,1,656.9,1259.5,602.6,2,2,64.7,0.0,257.2,248.9,31.8,64.7
2026-09-21 02:51:23,mfsweep_shard0,SPT_SMPT,50,7423.74,26,0,1,683.2,1384.5,701.3,2,2,56.6,0.0,226.3,415.4,3.0,56.6
2026-09-21 02:51:23,mfsweep_shard0,SPT_SMPT,50,7423.74,27,0,1,709.5,1726.0,1016.5,2,2,56.7,0.1,628.1,325.6,5.9,56.7
2026-09-21 02:51:23,mfsweep_shard0,SPT_SMPT,50,7423.74,28,0,1,735.8,4260.3,3524.5,2,2,81.5,0.2,1617.7,1161.5,663.6,81.5
2026-09-21 02:51:23,mfsweep_shard0,SPT_SMPT,50,7423.74,29,0,1,762.0,2018.3,1256.3,2,2,73.5,0.0,362.6,775.4,44.8,73.5
2026-09-21 02:51:23,mfsweep_shard0,SPT_SMPT,50,7423.74,30,0,1,788.3,1742.1,953.7,2,2,80.2,0.0,129.6,686.8,57.2,80.2
2026-09-21 02:51:23,mfsweep_shard0,SPT_SMPT,50,7423.74,31,0,1,814.6,2095.5,1280.9,2,2,77.6,0.0,318.2,599.4,285.7,77.6
2026-09-21 02:51:23,mfsweep_shard0,SPT_SMPT,50,7423.74,32,0,1,840.9,1720.4,879.5,2,2,71.2,0.1,298.7,489.1,20.4,71.2
2026-09-21 02:51:23,mfsweep_shard0,SPT_SMPT,50,7423.74,33,0,1,867.2,5200.5,4333.4,2,2,85.7,0.3,1201.0,1038.6,2007.9,85.7
2026-09-21 02:51:23,mfsweep_shard0,SPT_SMPT,50,7423.74,34,0,1,893.4,1854.1,960.7,2,2,66.0,0.1,493.3,314.9,86.4,66.0
2026-09-21 02:51:23,mfsweep_shard0,SPT_SMPT,50,7423.74,35,0,1,919.7,3090.8,2171.1,2,2,71.8,0.1,1206.8,739.0,153.4,71.8
2026-09-21 02:51:23,mfsweep_shard0,SPT_SMPT,50,7423.74,36,0,1,946.0,4286.8,3340.8,2,2,80.9,0.3,853.7,1045.3,1360.5,80.9
2026-09-21 02:51:23,mfsweep_shard0,SPT_SMPT,50,7423.74,37,0,1,972.3,1777.2,805.0,2,2,74.0,0.0,345.8,385.2,0.0,74.0
2026-09-21 02:51:23,mfsweep_shard0,SPT_SMPT,50,7423.74,38,0,1,998.5,3157.5,2158.9,2,2,82.0,0.3,988.9,409.8,678.0,82.0
2026-09-21 02:51:23,mfsweep_shard0,SPT_SMPT,50,7423.74,39,0,1,1024.8,2106.1,1081.3,2,2,72.6,0.0,508.8,485.9,13.9,72.6
2026-09-21 02:51:23,mfsweep_shard0,SPT_SMPT,50,7423.74,40,0,1,1051.1,2177.9,1126.8,2,2,76.8,0.0,437.0,613.0,0.0,76.8
2026-09-21 02:51:23,mfsweep_shard0,SPT_SMPT,50,7423.74,41,0,1,1077.4,2966.6,1889.2,2,2,55.1,0.2,1038.0,717.4,50.1,83.5
2026-09-21 02:51:23,mfsweep_shard0,SPT_SMPT,50,7423.74,42,0,1,1103.7,2082.2,978.5,2,2,61.1,0.0,143.4,774.0,0.0,61.1
2026-09-21 02:51:23,mfsweep_shard0,SPT_SMPT,50,7423.74,43,0,1,1129.9,4269.1,3139.2,2,2,63.1,0.5,1833.4,911.7,319.1,74.4
2026-09-21 02:51:23,mfsweep_shard0,SPT_SMPT,50,7423.74,44,0,1,1156.2,2150.7,994.5,2,2,56.2,0.1,457.6,436.4,44.1,56.2
2026-09-21 02:51:23,mfsweep_shard0,SPT_SMPT,50,7423.74,45,0,1,1182.5,2214.2,1031.7,2,2,61.2,0.0,449.1,483.4,37.9,61.2
2026-09-21 02:51:23,mfsweep_shard0,SPT_SMPT,50,7423.74,46,0,1,1208.8,2187.3,978.6,2,2,56.9,0.0,294.4,627.2,0.0,56.9
2026-09-21 02:51:23,mfsweep_shard0,SPT_SMPT,50,7423.74,47,0,1,1235.0,2345.2,1110.1,2,2,62.7,0.0,415.8,584.6,47.0,62.7
2026-09-21 02:51:23,mfsweep_shard0,SPT_SMPT,50,7423.74,48,0,1,1261.3,2359.8,1098.4,2,2,74.5,0.0,590.6,431.9,1.3,74.5
2026-09-21 02:51:23,mfsweep_shard0,SPT_SMPT,50,7423.74,49,0,1,1287.6,2334.1,1046.5,2,2,65.6,0.0,604.6,364.4,11.9,65.6
2026-09-21 02:51:23,mfsweep_shard0,SPT_SMPT,50,7423.74,50,0,1,1313.9,2743.0,1429.2,2,2,65.8,0.0,810.2,285.0,268.1,65.8
2026-09-21 02:51:23,mfsweep_shard0,SPT_SMPT,50,7423.74,51,0,1,1340.2,2737.3,1397.2,2,2,60.5,0.0,987.8,283.7,65.2,60.5
2026-09-21 02:51:23,mfsweep_shard0,SPT_SMPT,50,7423.74,52,0,1,1366.4,2339.6,973.2,2,2,62.4,0.0,507.0,401.2,2.5,62.4
2026-09-21 02:51:23,mfsweep_shard0,SPT_SMPT,50,7423.74,53,0,1,1392.7,3686.4,2293.7,2,2,84.5,0.2,633.5,1028.0,547.6,84.5
2026-09-21 02:51:23,mfsweep_shard0,SPT_SMPT,50,7423.74,54,0,1,1419.0,3215.5,1796.6,2,2,74.9,0.0,1114.9,606.7,0.0,74.9
2026-09-21 02:51:23,mfsweep_shard0,SPT_SMPT,50,7423.74,55,0,1,1445.3,3059.9,1614.6,2,2,73.6,0.0,639.1,626.4,275.4,73.6
2026-09-21 02:51:23,mfsweep_shard0,SPT_SMPT,50,7423.74,56,0,1,1471.5,2368.2,896.7,2,2,59.2,0.0,354.2,447.2,36.0,59.2
2026-09-21 02:51:23,mfsweep_shard0,SPT_SMPT,50,7423.74,57,0,1,1497.8,4292.5,2794.6,2,2,77.6,0.3,1226.4,441.2,1049.1,77.6
2026-09-21 02:51:23,mfsweep_shard0,SPT_SMPT,50,7423.74,58,0,1,1524.1,3197.6,1673.5,2,2,58.9,0.2,932.3,679.3,2.8,58.9
2026-09-21 02:51:23,mfsweep_shard0,SPT_SMPT,50,7423.74,59,0,1,1550.4,2991.2,1440.8,2,2,66.1,0.0,450.8,923.9,0.0,66.1
2026-09-21 02:51:23,mfsweep_shard0,SPT_SMPT,50,7423.74,60,0,1,1576.6,3071.1,1494.4,2,2,86.2,0.0,729.0,668.8,10.4,86.2
2026-09-21 02:51:23,mfsweep_shard0,SPT_SMPT,50,7423.74,61,0,1,1602.9,4357.8,2754.9,2,2,74.7,0.3,1295.7,728.1,656.2,74.7
2026-09-21 02:51:23,mfsweep_shard0,SPT_SMPT,50,7423.74,62,0,1,1629.2,3019.2,1390.0,2,2,71.9,0.1,840.1,239.0,238.9,71.9
2026-09-21 02:51:23,mfsweep_shard0,SPT_SMPT,50,7423.74,63,0,1,1655.5,4181.9,2526.4,2,2,76.1,0.3,1286.3,753.4,410.2,76.1
2026-09-21 02:51:23,mfsweep_shard0,SPT_SMPT,50,7423.74,64,0,1,1681.8,4225.8,2544.1,2,2,81.4,0.4,1082.5,279.0,1100.8,81.4
2026-09-21 02:51:23,mfsweep_shard0,SPT_SMPT,50,7423.74,65,0,1,1708.0,4204.7,2496.7,2,2,79.2,0.3,1185.4,811.7,420.1,79.2
2026-09-21 02:51:23,mfsweep_shard0,SPT_SMPT,50,7423.74,66,0,1,1734.3,3166.7,1432.4,2,2,61.1,0.0,706.8,601.1,63.4,61.1
2026-09-21 02:51:23,mfsweep_shard0,SPT_SMPT,50,7423.74,67,0,1,1760.6,4471.7,2711.1,2,2,54.6,0.5,1399.4,1234.4,22.3,54.6
2026-09-21 02:51:23,mfsweep_shard0,SPT_SMPT,50,7423.74,68,0,1,1786.9,2960.9,1174.0,2,2,64.0,0.0,652.4,391.1,66.6,64.0
2026-09-21 02:51:23,mfsweep_shard0,SPT_SMPT,50,7423.74,69,0,1,1813.1,4210.4,2397.3,2,2,62.4,0.2,1051.7,1075.7,207.3,62.4
2026-09-21 02:51:23,mfsweep_shard0,SPT_SMPT,50,7423.74,70,0,1,1839.4,4328.2,2488.8,2,2,60.5,0.5,2118.9,200.0,87.6,81.8
2026-09-21 02:51:23,mfsweep_shard0,SPT_SMPT,50,7423.74,71,0,1,1865.7,4343.0,2477.3,2,2,84.7,0.0,1362.4,163.1,867.2,84.7
2026-09-21 02:51:23,mfsweep_shard0,SPT_SMPT,50,7423.74,72,0,1,1892.0,4466.0,2574.0,2,2,82.5,0.1,1552.4,919.4,19.7,82.5
2026-09-21 02:51:23,mfsweep_shard0,SPT_SMPT,50,7423.74,73,0,1,1918.3,4277.9,2359.7,2,2,63.9,0.0,1794.0,253.0,233.7,78.9
2026-09-21 02:51:23,mfsweep_shard0,SPT_SMPT,50,7423.74,74,0,1,1944.5,6637.8,4693.2,2,2,75.2,0.4,2672.9,1642.1,218.3,159.6
2026-09-21 02:51:23,mfsweep_shard0,SPT_SMPT,50,7423.74,75,0,1,1970.8,5603.5,3632.7,2,2,66.6,0.1,2052.3,1510.5,3.3,66.6
2026-09-21 02:51:23,mfsweep_shard0,SPT_SMPT,50,7423.74,76,0,1,1997.1,4369.1,2372.0,2,2,83.7,0.0,791.0,703.5,793.7,83.7
2026-09-21 02:51:23,mfsweep_shard0,SPT_SMPT,50,7423.74,77,0,1,2023.4,4155.7,2132.3,2,2,68.7,0.0,538.6,1262.3,262.7,68.7
2026-09-21 02:51:23,mfsweep_shard0,SPT_SMPT,50,7423.74,78,0,1,2049.6,4316.9,2267.2,2,2,62.3,0.2,2036.3,145.2,23.3,62.3
2026-09-21 02:51:23,mfsweep_shard0,SPT_SMPT,50,7423.74,79,0,1,2075.9,4363.4,2287.5,2,2,61.7,0.0,1722.0,468.7,35.1,61.7
2026-09-21 02:51:23,mfsweep_shard0,SPT_SMPT,50,7423.74,80,0,1,2102.2,4530.6,2428.4,2,2,72.1,0.1,1385.1,939.7,28.0,75.5
2026-09-21 02:51:23,mfsweep_shard0,SPT_SMPT,50,7423.74,81,0,1,2128.5,3692.0,1563.5,2,2,62.2,0.0,343.7,1151.9,5.7,62.2
2026-09-21 02:51:23,mfsweep_shard0,SPT_SMPT,50,7423.74,82,0,1,2154.7,4390.8,2236.1,2,2,72.8,0.1,1201.9,904.7,56.5,72.8
2026-09-21 02:51:23,mfsweep_shard0,SPT_SMPT,50,7423.74,83,0,1,2181.0,5338.6,3157.6,2,2,83.2,0.2,2637.9,390.3,46.1,83.2
2026-09-21 02:51:23,mfsweep_shard0,SPT_SMPT,50,7423.74,84,0,1,2207.3,4404.7,2197.4,2,2,66.7,0.0,1233.3,666.5,230.9,66.7
2026-09-21 02:51:23,mfsweep_shard0,SPT_SMPT,50,7423.74,85,0,1,2233.6,4731.1,2497.5,2,2,60.8,0.3,1696.7,659.5,80.3,60.8
2026-09-21 02:51:23,mfsweep_shard0,SPT_SMPT,50,7423.74,86,0,1,2259.9,4843.2,2583.3,2,2,86.5,0.2,1704.1,767.0,25.5,86.5
2026-09-21 02:51:23,mfsweep_shard0,SPT_SMPT,50,7423.74,87,0,1,2286.1,6707.6,4421.4,2,2,70.4,0.3,2693.8,1570.1,69.1,88.1
2026-09-21 02:51:23,mfsweep_shard0,SPT_SMPT,50,7423.74,88,0,1,2312.4,5213.8,2901.4,2,2,56.5,0.3,1745.3,1044.5,54.8,56.5
2026-09-21 02:51:23,mfsweep_shard0,SPT_SMPT,50,7423.74,89,0,1,2338.7,4816.5,2477.8,2,2,55.1,0.3,1373.7,1023.2,25.5,55.1
2026-09-21 02:51:23,mfsweep_shard0,SPT_SMPT,50,7423.74,90,0,1,2365.0,4609.9,2245.0,2,2,57.2,0.4,1494.4,685.2,7.8,57.2
2026-09-21 02:51:23,mfsweep_shard0,SPT_SMPT,50,7423.74,91,0,1,2391.2,5264.3,2873.1,2,2,74.3,0.4,1529.6,1247.7,21.0,74.3
2026-09-21 02:51:23,mfsweep_shard0,SPT_SMPT,50,7423.74,92,0,1,2417.5,4725.5,2308.0,2,2,79.7,0.5,1214.3,1004.9,8.6,79.7
2026-09-21 02:51:23,mfsweep_shard0,SPT_SMPT,50,7423.74,93,0,1,2443.8,5557.2,3113.4,2,2,67.5,0.6,1374.9,1635.3,35.1,67.5
2026-09-21 02:51:23,mfsweep_shard0,SPT_SMPT,50,7423.74,94,0,1,2470.1,4719.9,2249.8,2,2,55.6,0.5,1159.2,1000.5,33.9,55.6
2026-09-21 02:51:23,mfsweep_shard0,SPT_SMPT,50,7423.74,95,0,1,2496.4,5361.0,2864.7,2,2,66.1,0.7,1793.3,909.2,95.4,66.1
2026-09-21 02:51:23,mfsweep_shard0,SPT_SMPT,50,7423.74,96,0,1,2522.6,6784.1,4261.4,2,2,86.4,0.7,3086.2,970.1,118.0,86.4
2026-09-21 02:51:23,mfsweep_shard0,SPT_SMPT,50,7423.74,97,0,1,2548.9,5372.7,2823.8,2,2,71.0,0.7,1924.3,827.8,0.0,71.0
2026-09-21 02:51:23,mfsweep_shard0,SPT_SMPT,50,7423.74,98,0,1,2575.2,6731.6,4156.4,2,2,85.6,0.5,2334.4,1543.2,192.7,85.6
2026-09-21 02:51:23,mfsweep_shard0,SPT_SMPT,50,7423.74,99,0,1,2601.5,5469.3,2867.8,2,2,82.0,0.1,2358.9,426.9,0.0,82.0
2026-09-21 02:51:23,mfsweep_shard0,SPT_SMPT,50,7423.74,100,0,1,2627.7,5569.7,2942.0,2,2,53.9,0.0,2297.1,548.8,42.1,53.9
2026-09-21 02:51:23,mfsweep_shard0,SPT_SMPT,50,7423.74,101,0,1,2654.0,5593.6,2939.6,2,2,77.3,0.1,2485.3,348.4,28.6,77.3
2026-09-21 02:51:23,mfsweep_shard0,SPT_SMPT,50,7423.74,102,0,1,2680.3,4741.8,2061.5,2,2,76.0,0.0,1777.6,207.8,0.0,76.0
2026-09-21 02:51:23,mfsweep_shard0,SPT_SMPT,50,7423.74,103,0,1,2706.6,5244.9,2538.3,2,2,71.3,0.0,1908.9,544.3,13.8,71.3
2026-09-21 02:51:23,mfsweep_shard0,SPT_SMPT,50,7423.74,104,0,1,2732.9,4822.1,2089.2,2,2,62.4,0.0,1777.5,239.3,10.1,62.4
2026-09-21 02:51:23,mfsweep_shard0,SPT_SMPT,50,7423.74,105,0,1,2759.1,4848.8,2089.7,2,2,74.7,0.0,1689.8,247.1,78.1,74.7
2026-09-21 02:51:23,mfsweep_shard0,SPT_SMPT,50,7423.74,106,0,1,2785.4,5355.3,2569.9,2,2,57.2,0.0,2257.5,255.2,0.0,57.2
2026-09-21 02:51:23,mfsweep_shard0,SPT_SMPT,50,7423.74,107,0,1,2811.7,5333.1,2521.4,2,2,67.9,0.0,2106.3,300.1,47.0,67.9
2026-09-21 02:51:23,mfsweep_shard0,SPT_SMPT,50,7423.74,108,0,1,2838.0,5270.0,2432.1,2,2,68.5,0.0,1862.5,474.9,26.2,68.5
2026-09-21 02:51:23,mfsweep_shard0,SPT_SMPT,50,7423.74,109,0,1,2864.2,6763.4,3899.2,2,2,85.0,0.2,2647.0,1098.0,69.0,85.0
2026-09-21 02:51:23,mfsweep_shard0,SPT_SMPT,50,7423.74,110,0,1,2890.5,6769.1,3878.6,2,2,82.4,0.3,2517.2,1246.9,31.8,82.4
2026-09-21 02:51:23,mfsweep_shard0,SPT_SMPT,50,7423.74,111,0,1,2916.8,6632.1,3715.3,2,2,62.2,0.3,3341.6,288.9,20.6,63.9
2026-09-21 02:51:23,mfsweep_shard0,SPT_SMPT,50,7423.74,112,0,1,2943.1,6823.7,3880.6,2,2,70.1,0.0,2713.7,1031.6,65.2,70.1
2026-09-21 02:51:23,mfsweep_shard0,SPT_SMPT,50,7423.74,113,0,1,2969.3,7030.4,4061.0,2,2,59.4,0.2,3236.3,478.8,226.9,118.8
2026-09-21 02:51:23,mfsweep_shard0,SPT_SMPT,50,7423.74,114,0,1,2995.6,7423.7,4428.1,2,2,83.7,0.4,3175.9,417.1,751.2,83.7
2026-09-21 02:51:23,mfsweep_shard0,SPT_SMPT,50,7423.74,115,0,1,3021.9,7220.1,4198.2,2,2,82.3,0.4,2855.4,724.9,535.1,82.3
2026-09-21 02:51:23,mfsweep_shard0,SPT_SMPT,50,7423.74,116,0,1,3048.2,7071.7,4023.5,2,2,63.4,0.3,2901.8,835.9,222.0,63.4
2026-09-21 02:51:23,mfsweep_shard0,SPT_SMPT,50,7423.74,117,0,1,3074.5,7024.8,3950.4,2,2,74.6,0.6,3229.4,350.2,295.6,74.6
2026-09-21 02:51:23,mfsweep_shard0,SPT_SMPT,50,7423.74,118,0,1,3100.7,6545.9,3445.2,2,2,73.6,0.2,2750.1,621.2,0.0,73.6
2026-09-21 02:51:23,mfsweep_shard0,SPT_SMPT,50,7423.74,119,0,1,3127.0,6902.1,3775.1,2,2,58.6,0.2,2536.5,1124.7,55.1,58.6
2026-09-21 02:51:23,mfsweep_shard0,SPT_SMPT,50,7423.74,120,0,1,3153.3,7091.2,3937.9,2,2,78.7,0.7,2951.0,618.0,289.5,78.7
2026-09-21 02:51:23,mfsweep_shard0,SPT_SMPT,50,7423.74,121,0,1,3179.6,6837.7,3658.1,2,2,71.3,0.6,3059.8,475.3,43.2,79.2
2026-09-21 02:51:23,mfsweep_shard0,SPT_SMPT,50,7423.74,122,0,1,3205.8,6794.5,3588.7,2,2,79.2,0.6,2683.4,800.2,25.2,79.2
2026-09-21 02:51:23,mfsweep_shard0,SPT_SMPT,50,7423.74,123,0,1,3232.1,6804.8,3572.7,2,2,71.0,0.9,2977.9,438.5,84.4,71.0
2026-09-21 02:51:23,mfsweep_shard0,SPT_SMPT,50,7423.74,124,0,1,3258.4,6879.1,3620.7,2,2,53.6,0.5,3158.3,367.1,41.2,53.6
2026-09-21 02:51:23,mfsweep_shard0,SPT_SMPT,50,7423.74,125,0,1,3284.7,7116.5,3831.8,2,2,64.2,0.9,2864.6,725.5,176.6,64.2
2026-09-21 02:51:23,mfsweep_shard0,SPT_SMPT,50,7423.74,126,0,1,3311.0,6829.2,3518.2,2,2,54.2,1.0,3028.7,413.3,21.0,54.2
2026-09-21 02:51:23,mfsweep_shard0,SPT_SMPT,50,7423.74,127,0,1,3337.2,7187.4,3850.1,2,2,84.2,0.6,2502.9,1101.1,161.3,84.2
2026-09-21 02:51:23,mfsweep_shard0,SPT_SMPT,50,7423.74,128,0,1,3363.5,7355.1,3991.6,2,2,82.5,1.4,3239.8,165.0,502.9,82.5
2026-09-21 02:51:23,mfsweep_shard0,SPT_SMPT,50,7423.74,129,0,1,3389.8,7152.3,3762.5,2,2,81.0,0.8,2768.8,591.6,320.3,81.0
2026-09-21 02:51:23,mfsweep_shard0,SPT_SMPT,50,7423.74,130,0,1,3416.1,6936.9,3520.9,2,2,63.7,1.4,3193.5,206.6,55.7,63.7
2026-09-21 02:51:23,mfsweep_shard0,SPT_SMPT,50,7423.74,131,0,1,3442.3,6873.4,3431.0,2,2,55.5,1.4,3142.1,167.3,64.8,55.5
2026-09-21 02:51:23,mfsweep_shard0,SPT_SMPT,50,7423.74,132,0,1,3468.6,7287.6,3819.0,2,2,82.5,1.5,2761.9,380.8,592.3,82.5
2026-09-21 02:51:23,mfsweep_shard0,SPT_SMPT,50,7423.74,133,0,1,3494.9,7255.2,3760.3,2,2,84.8,1.1,2641.7,791.4,241.3,84.8
2026-09-21 02:51:23,mfsweep_shard0,SPT_SMPT,50,7423.74,134,0,1,3521.2,6896.6,3375.4,2,2,56.4,1.6,3038.7,195.6,83.1,56.4
2026-09-21 02:51:23,mfsweep_shard0,SPT_SMPT,50,7423.74,135,0,1,3547.5,6967.2,3419.7,2,2,69.6,1.7,3018.1,167.0,163.3,69.6
2026-09-21 02:51:23,mfsweep_shard0,SPT_SMPT,50,7423.74,136,0,1,3573.7,6911.2,3337.4,2,2,55.8,1.2,2435.3,829.1,16.0,55.8
2026-09-21 02:55:27,mfsweep_shard0,SPT_SMPT,51,9726.28,0,0,1,0.0,411.6,411.6,2,2,74.6,0.0,109.6,104.1,86.6,111.3
2026-09-21 02:55:27,mfsweep_shard0,SPT_SMPT,51,9726.28,1,0,1,26.3,329.6,303.3,2,2,54.4,0.1,125.0,98.4,25.5,54.4
2026-09-21 02:55:27,mfsweep_shard0,SPT_SMPT,51,9726.28,2,0,1,52.6,256.1,203.6,2,2,62.6,0.0,68.9,72.0,0.0,62.6
2026-09-21 02:55:27,mfsweep_shard0,SPT_SMPT,51,9726.28,3,0,1,78.8,298.4,219.5,2,2,60.9,0.0,78.5,69.6,10.4,60.9
2026-09-21 02:55:27,mfsweep_shard0,SPT_SMPT,51,9726.28,4,0,1,105.1,2551.0,2445.8,2,2,77.8,0.0,1053.1,571.0,741.5,80.2
2026-09-21 02:55:27,mfsweep_shard0,SPT_SMPT,51,9726.28,5,0,1,131.4,450.3,318.9,2,2,75.9,0.0,129.8,113.2,0.0,75.9
2026-09-21 02:55:27,mfsweep_shard0,SPT_SMPT,51,9726.28,6,0,1,157.7,2261.7,2104.1,2,2,83.0,0.1,798.7,214.3,1008.1,83.0
2026-09-21 02:55:27,mfsweep_shard0,SPT_SMPT,51,9726.28,7,0,1,183.9,428.2,244.2,2,2,56.4,0.0,71.8,76.0,39.9,56.4
2026-09-21 02:55:27,mfsweep_shard0,SPT_SMPT,51,9726.28,8,0,1,210.2,612.9,402.7,2,2,67.5,0.0,154.3,122.0,58.8,67.5
2026-09-21 02:55:27,mfsweep_shard0,SPT_SMPT,51,9726.28,9,0,1,236.5,691.5,455.0,2,2,54.5,0.0,262.0,110.3,28.2,54.5
2026-09-21 02:55:27,mfsweep_shard0,SPT_SMPT,51,9726.28,10,0,1,262.8,624.2,361.5,2,2,60.8,0.0,183.6,112.4,4.7,60.8
2026-09-21 02:55:27,mfsweep_shard0,SPT_SMPT,51,9726.28,11,0,1,289.1,825.2,536.1,2,2,70.2,0.0,146.0,148.8,171.1,70.2
2026-09-21 02:55:27,mfsweep_shard0,SPT_SMPT,51,9726.28,12,0,1,315.3,673.5,358.2,2,2,54.4,0.0,110.3,174.0,19.4,54.4
2026-09-21 02:55:27,mfsweep_shard0,SPT_SMPT,51,9726.28,13,0,1,341.6,768.6,427.0,2,2,60.1,0.0,170.4,150.1,46.4,60.1
2026-09-21 02:55:27,mfsweep_shard0,SPT_SMPT,51,9726.28,14,0,1,367.9,1059.3,691.4,2,2,75.0,0.0,244.0,182.4,190.0,75.0
2026-09-21 02:55:27,mfsweep_shard0,SPT_SMPT,51,9726.28,15,0,1,394.2,990.5,596.4,2,2,71.5,0.0,250.2,228.9,45.7,71.5
2026-09-21 02:55:27,mfsweep_shard0,SPT_SMPT,51,9726.28,16,0,1,420.4,920.2,499.8,2,2,60.8,0.0,261.1,147.0,30.8,60.8
2026-09-21 02:55:27,mfsweep_shard0,SPT_SMPT,51,9726.28,17,0,1,446.7,875.8,429.1,2,2,73.0,0.0,134.9,219.0,2.0,73.0
2026-09-21 02:55:27,mfsweep_shard0,SPT_SMPT,51,9726.28,18,0,1,473.0,2193.5,1720.5,2,2,80.3,0.0,774.5,282.2,583.5,80.3
2026-09-21 02:55:27,mfsweep_shard0,SPT_SMPT,51,9726.28,19,0,1,499.3,1022.5,523.2,2,2,53.8,0.0,188.9,260.5,20.0,53.8
2026-09-21 02:55:27,mfsweep_shard0,SPT_SMPT,51,9726.28,20,0,1,525.6,2235.2,1709.7,2,2,80.1,0.0,1047.6,263.2,318.7,80.1
2026-09-21 02:55:27,mfsweep_shard0,SPT_SMPT,51,9726.28,21,0,1,551.8,2564.2,2012.4,2,2,76.6,0.0,1426.9,379.7,129.2,76.6
2026-09-21 02:55:27,mfsweep_shard0,SPT_SMPT,51,9726.28,22,0,1,578.1,2204.8,1626.7,2,2,64.8,0.0,1042.9,456.4,62.5,64.8
2026-09-21 02:55:27,mfsweep_shard0,SPT_SMPT,51,9726.28,23,0,1,604.4,1072.6,468.2,2,2,58.7,0.0,192.6,215.6,1.3,58.7
2026-09-21 02:55:27,mfsweep_shard0,SPT_SMPT,51,9726.28,24,0,1,630.7,2310.9,1680.2,2,2,85.1,0.0,673.6,344.8,576.6,85.1
2026-09-21 02:55:27,mfsweep_shard0,SPT_SMPT,51,9726.28,25,0,1,656.9,2333.5,1676.5,2,2,64.7,0.0,436.2,1161.4,0.0,78.9
2026-09-21 02:55:27,mfsweep_shard0,SPT_SMPT,51,9726.28,26,0,1,683.2,2184.3,1501.1,2,2,56.6,0.0,646.4,780.3,17.7,56.6
2026-09-21 02:55:27,mfsweep_shard0,SPT_SMPT,51,9726.28,27,0,1,709.5,2339.0,1629.5,2,2,56.7,0.0,450.2,1082.6,39.9,56.7
2026-09-21 02:55:27,mfsweep_shard0,SPT_SMPT,51,9726.28,28,0,1,735.8,2364.8,1629.0,2,2,81.5,0.0,578.0,954.4,15.0,81.5
2026-09-21 02:55:27,mfsweep_shard0,SPT_SMPT,51,9726.28,29,0,1,762.0,2479.7,1717.6,2,2,73.5,0.1,606.0,925.4,112.6,73.5
2026-09-21 02:55:27,mfsweep_shard0,SPT_SMPT,51,9726.28,30,0,1,788.3,2527.1,1738.7,2,2,80.2,0.1,418.7,1079.3,160.5,80.2
2026-09-21 02:55:27,mfsweep_shard0,SPT_SMPT,51,9726.28,31,0,1,814.6,2573.9,1759.3,2,2,77.6,0.0,538.5,1071.8,71.4,77.6
2026-09-21 02:55:27,mfsweep_shard0,SPT_SMPT,51,9726.28,32,0,1,840.9,2846.7,2005.8,2,2,71.2,0.0,1048.7,885.8,0.0,71.2
2026-09-21 02:55:27,mfsweep_shard0,SPT_SMPT,51,9726.28,33,0,1,867.2,2199.1,1332.0,2,2,85.7,0.0,591.1,241.1,414.1,85.7
2026-09-21 02:55:27,mfsweep_shard0,SPT_SMPT,51,9726.28,34,0,1,893.4,2056.7,1163.3,2,2,66.0,0.0,453.0,608.2,35.9,66.0
2026-09-21 02:55:27,mfsweep_shard0,SPT_SMPT,51,9726.28,35,0,1,919.7,2474.1,1554.4,2,2,71.8,0.0,630.1,819.6,32.8,71.8
2026-09-21 02:55:27,mfsweep_shard0,SPT_SMPT,51,9726.28,36,0,1,946.0,2596.7,1650.7,2,2,80.9,0.0,535.0,858.6,176.1,80.9
2026-09-21 02:55:27,mfsweep_shard0,SPT_SMPT,51,9726.28,37,0,1,972.3,7389.5,6417.2,2,2,74.0,0.0,4218.0,1513.3,611.9,74.0
2026-09-21 02:55:27,mfsweep_shard0,SPT_SMPT,51,9726.28,38,0,1,998.5,2587.4,1588.9,2,2,82.0,0.0,523.7,983.1,0.0,82.0
2026-09-21 02:55:27,mfsweep_shard0,SPT_SMPT,51,9726.28,39,0,1,1024.8,4880.4,3855.6,2,2,72.6,0.1,2791.3,933.3,17.9,113.0
2026-09-21 02:55:27,mfsweep_shard0,SPT_SMPT,51,9726.28,40,0,1,1051.1,2841.0,1789.9,2,2,76.8,0.0,569.5,1082.2,61.4,76.8
2026-09-21 02:55:27,mfsweep_shard0,SPT_SMPT,51,9726.28,41,0,1,1077.4,2835.4,1758.0,2,2,55.1,0.0,507.3,1162.5,33.1,55.1
2026-09-21 02:55:27,mfsweep_shard0,SPT_SMPT,51,9726.28,42,0,1,1103.7,2959.1,1855.5,2,2,61.1,0.1,821.3,973.0,0.0,61.1
2026-09-21 02:55:27,mfsweep_shard0,SPT_SMPT,51,9726.28,43,0,1,1129.9,4844.6,3714.6,2,2,63.1,0.0,2584.4,1067.1,0.0,63.1
2026-09-21 02:55:27,mfsweep_shard0,SPT_SMPT,51,9726.28,44,0,1,1156.2,4936.7,3780.5,2,2,56.2,0.1,3018.8,683.3,0.0,78.3
2026-09-21 02:55:27,mfsweep_shard0,SPT_SMPT,51,9726.28,45,0,1,1182.5,3124.8,1942.3,2,2,61.2,0.0,1438.4,442.6,0.0,61.2
2026-09-21 02:55:27,mfsweep_shard0,SPT_SMPT,51,9726.28,46,0,1,1208.8,4963.0,3754.2,2,2,56.9,0.1,2077.4,1597.5,22.4,56.9
2026-09-21 02:55:27,mfsweep_shard0,SPT_SMPT,51,9726.28,47,0,1,1235.0,4226.8,2991.7,2,2,62.7,0.2,1315.8,1611.9,1.2,62.7
2026-09-21 02:55:27,mfsweep_shard0,SPT_SMPT,51,9726.28,48,0,1,1261.3,4945.7,3684.4,2,2,74.5,0.2,1941.6,1627.2,40.8,74.5
2026-09-21 02:55:27,mfsweep_shard0,SPT_SMPT,51,9726.28,49,0,1,1287.6,5510.3,4222.7,2,2,65.6,0.3,3269.0,719.0,168.8,65.6
2026-09-21 02:55:27,mfsweep_shard0,SPT_SMPT,51,9726.28,50,0,1,1313.9,4974.1,3660.2,2,2,65.8,0.4,1765.8,1828.3,0.0,65.8
2026-09-21 02:55:27,mfsweep_shard0,SPT_SMPT,51,9726.28,51,0,1,1340.2,4968.5,3628.4,2,2,60.5,0.3,2639.6,901.0,27.1,60.5
2026-09-21 02:55:27,mfsweep_shard0,SPT_SMPT,51,9726.28,52,0,1,1366.4,5092.1,3725.7,2,2,62.4,0.3,2689.5,956.8,16.6,62.4
2026-09-21 02:55:27,mfsweep_shard0,SPT_SMPT,51,9726.28,53,0,1,1392.7,6103.9,4711.2,2,2,84.5,0.4,2718.8,1907.5,0.0,84.5
2026-09-21 02:55:27,mfsweep_shard0,SPT_SMPT,51,9726.28,54,0,1,1419.0,6281.7,4862.7,2,2,74.9,0.5,1720.1,2563.3,503.9,74.9
2026-09-21 02:55:27,mfsweep_shard0,SPT_SMPT,51,9726.28,55,0,1,1445.3,6408.4,4963.2,2,2,73.6,0.7,2781.1,1765.7,338.7,76.9
2026-09-21 02:55:27,mfsweep_shard0,SPT_SMPT,51,9726.28,56,0,1,1471.5,5015.1,3543.6,2,2,59.2,0.6,2904.2,548.8,30.8,59.2
2026-09-21 02:55:27,mfsweep_shard0,SPT_SMPT,51,9726.28,57,0,1,1497.8,6259.2,4761.3,2,2,77.6,0.9,2683.2,1759.3,240.4,77.6
2026-09-21 02:55:27,mfsweep_shard0,SPT_SMPT,51,9726.28,58,0,1,1524.1,4874.8,3350.7,2,2,58.9,0.8,1875.5,1415.5,0.0,58.9
2026-09-21 02:55:27,mfsweep_shard0,SPT_SMPT,51,9726.28,59,0,1,1550.4,4869.2,3318.9,2,2,66.1,0.9,2449.6,802.3,0.0,66.1
2026-09-21 02:55:27,mfsweep_shard0,SPT_SMPT,51,9726.28,60,0,1,1576.6,4900.6,3323.9,2,2,86.2,1.0,2026.1,1156.5,54.1,86.2
2026-09-21 02:55:27,mfsweep_shard0,SPT_SMPT,51,9726.28,61,0,1,1602.9,4923.7,3320.7,2,2,74.7,1.1,2183.2,1057.6,4.2,74.7
2026-09-21 02:55:27,mfsweep_shard0,SPT_SMPT,51,9726.28,62,0,1,1629.2,4887.1,3257.9,2,2,71.9,1.2,1681.4,1495.1,8.3,71.9
2026-09-21 02:55:27,mfsweep_shard0,SPT_SMPT,51,9726.28,63,0,1,1655.5,6337.8,4682.3,2,2,76.1,1.5,3477.7,692.8,434.2,76.1
2026-09-21 02:55:27,mfsweep_shard0,SPT_SMPT,51,9726.28,64,0,1,1681.8,7440.4,5758.7,2,2,81.4,1.6,4477.5,582.2,616.0,81.4
2026-09-21 02:55:27,mfsweep_shard0,SPT_SMPT,51,9726.28,65,0,1,1708.0,6426.8,4718.8,2,2,79.2,1.8,3504.1,566.4,567.3,79.2
2026-09-21 02:55:27,mfsweep_shard0,SPT_SMPT,51,9726.28,66,0,1,1734.3,5496.9,3762.6,2,2,61.1,1.7,3077.3,537.6,84.9,61.1
2026-09-21 02:55:27,mfsweep_shard0,SPT_SMPT,51,9726.28,67,0,1,1760.6,5422.7,3662.1,2,2,54.6,1.9,2909.3,649.6,46.6,54.6
2026-09-21 02:55:27,mfsweep_shard0,SPT_SMPT,51,9726.28,68,0,1,1786.9,5477.5,3690.6,2,2,64.0,1.8,2694.9,799.9,130.1,64.0
2026-09-21 02:55:27,mfsweep_shard0,SPT_SMPT,51,9726.28,69,0,1,1813.1,5843.2,4030.0,2,2,62.4,1.9,3324.0,641.8,0.0,62.4
2026-09-21 02:55:27,mfsweep_shard0,SPT_SMPT,51,9726.28,70,0,1,1839.4,6032.6,4193.2,2,2,60.5,2.0,3656.4,454.3,20.0,60.5
2026-09-21 02:55:27,mfsweep_shard0,SPT_SMPT,51,9726.28,71,0,1,1865.7,6270.4,4404.7,2,2,84.7,2.1,3703.3,541.4,73.3,84.7
2026-09-21 02:55:27,mfsweep_shard0,SPT_SMPT,51,9726.28,72,0,1,1892.0,7481.6,5589.6,2,2,82.5,1.8,4271.4,594.6,625.4,96.4
2026-09-21 02:55:27,mfsweep_shard0,SPT_SMPT,51,9726.28,73,0,1,1918.3,6308.2,4389.9,2,2,63.9,1.9,3698.4,541.8,83.9,63.9
2026-09-21 02:55:27,mfsweep_shard0,SPT_SMPT,51,9726.28,74,0,1,1944.5,6559.2,4614.6,2,2,75.2,1.3,3364.0,1168.4,5.8,75.2
2026-09-21 02:55:27,mfsweep_shard0,SPT_SMPT,51,9726.28,75,0,1,1970.8,6264.8,4294.0,2,2,66.6,1.4,3162.7,1063.2,0.0,66.6
2026-09-21 02:55:27,mfsweep_shard0,SPT_SMPT,51,9726.28,76,0,1,1997.1,6302.5,4305.4,2,2,83.7,1.5,3152.3,1067.9,0.0,83.7
2026-09-21 02:55:27,mfsweep_shard0,SPT_SMPT,51,9726.28,77,0,1,2023.4,6500.6,4477.2,2,2,68.7,1.6,3169.1,1198.7,39.2,68.7
2026-09-21 02:55:27,mfsweep_shard0,SPT_SMPT,51,9726.28,78,0,1,2049.6,6211.1,4161.5,2,2,62.3,1.9,3464.3,625.3,7.8,62.3
2026-09-21 02:55:27,mfsweep_shard0,SPT_SMPT,51,9726.28,79,0,1,2075.9,6417.7,4341.8,2,2,61.7,2.0,3513.4,732.9,31.8,61.7
2026-09-21 02:55:27,mfsweep_shard0,SPT_SMPT,51,9726.28,80,0,1,2102.2,7552.8,5450.6,2,2,72.1,1.9,3736.8,1539.8,100.0,72.1
2026-09-21 02:55:27,mfsweep_shard0,SPT_SMPT,51,9726.28,81,0,1,2128.5,6320.6,4192.1,2,2,62.2,2.2,3327.1,730.6,70.0,62.2
2026-09-21 02:55:27,mfsweep_shard0,SPT_SMPT,51,9726.28,82,0,1,2154.7,7475.9,5321.2,2,2,72.8,2.1,4155.5,942.0,148.7,72.8
2026-09-21 02:55:27,mfsweep_shard0,SPT_SMPT,51,9726.28,83,0,1,2181.0,7571.0,5390.0,2,2,83.2,2.2,4230.9,493.8,579.9,83.2
2026-09-21 02:55:27,mfsweep_shard0,SPT_SMPT,51,9726.28,84,0,1,2207.3,7429.7,5222.4,2,2,66.7,2.3,4432.0,579.0,142.4,66.7
2026-09-21 02:55:27,mfsweep_shard0,SPT_SMPT,51,9726.28,85,0,1,2233.6,7465.8,5232.2,2,2,60.8,2.4,4297.6,781.1,90.2,60.8
2026-09-21 02:55:27,mfsweep_shard0,SPT_SMPT,51,9726.28,86,0,1,2259.9,7583.4,5323.6,2,2,86.5,2.5,3931.5,580.1,723.1,86.5
2026-09-21 02:55:27,mfsweep_shard0,SPT_SMPT,51,9726.28,87,0,1,2286.1,7398.7,5112.6,2,2,70.4,2.6,4082.6,779.8,177.3,70.4
2026-09-21 02:55:27,mfsweep_shard0,SPT_SMPT,51,9726.28,88,0,1,2312.4,6385.4,4073.0,2,2,56.5,2.7,3185.5,810.5,17.7,56.5
2026-09-21 02:55:27,mfsweep_shard0,SPT_SMPT,51,9726.28,89,0,1,2338.7,7493.3,5154.6,2,2,55.1,2.8,4444.1,618.6,34.0,55.1
2026-09-21 02:55:27,mfsweep_shard0,SPT_SMPT,51,9726.28,90,0,1,2365.0,7670.6,5305.6,2,2,57.2,2.9,4626.1,585.7,33.7,57.2
2026-09-21 02:55:27,mfsweep_shard0,SPT_SMPT,51,9726.28,91,0,1,2391.2,7453.2,5062.0,2,2,74.3,3.0,4042.2,602.0,340.6,74.3
2026-09-21 02:55:27,mfsweep_shard0,SPT_SMPT,51,9726.28,92,0,1,2417.5,7562.0,5144.4,2,2,79.7,3.1,4102.0,683.6,276.1,79.7
2026-09-21 02:55:27,mfsweep_shard0,SPT_SMPT,51,9726.28,93,0,1,2443.8,7594.6,5150.8,2,2,67.5,3.2,4648.5,345.9,85.7,67.5
2026-09-21 02:55:27,mfsweep_shard0,SPT_SMPT,51,9726.28,94,0,1,2470.1,7589.0,5118.9,2,2,55.6,2.4,4248.3,777.7,34.8,55.6
2026-09-21 02:55:27,mfsweep_shard0,SPT_SMPT,51,9726.28,95,0,1,2496.4,8817.2,6320.8,2,2,66.1,2.5,5342.7,886.7,22.8,66.1
2026-09-21 02:55:27,mfsweep_shard0,SPT_SMPT,51,9726.28,96,0,1,2522.6,9488.3,6965.7,2,2,86.4,1.7,5718.6,874.9,284.0,86.4
2026-09-21 02:55:27,mfsweep_shard0,SPT_SMPT,51,9726.28,97,0,1,2548.9,8866.4,6317.5,2,2,71.0,1.0,4633.0,1535.9,76.6,71.0
2026-09-21 02:55:27,mfsweep_shard0,SPT_SMPT,51,9726.28,98,0,1,2575.2,8902.9,6327.7,2,2,85.6,1.2,5164.8,795.6,280.5,85.6
2026-09-21 02:55:27,mfsweep_shard0,SPT_SMPT,51,9726.28,99,0,1,2601.5,8825.7,6224.3,2,2,82.0,1.1,5220.4,600.1,320.7,82.0
2026-09-21 02:55:27,mfsweep_shard0,SPT_SMPT,51,9726.28,100,0,1,2627.7,8912.0,6284.3,2,2,53.9,1.2,4295.2,1934.0,0.0,53.9
2026-09-21 02:55:27,mfsweep_shard0,SPT_SMPT,51,9726.28,101,0,1,2654.0,7617.4,4963.4,2,2,77.3,1.2,3851.6,1033.3,0.0,77.3
2026-09-21 02:55:27,mfsweep_shard0,SPT_SMPT,51,9726.28,102,0,1,2680.3,8839.3,6159.0,2,2,76.0,1.3,5238.0,405.4,438.3,76.0
2026-09-21 02:55:27,mfsweep_shard0,SPT_SMPT,51,9726.28,103,0,1,2706.6,8796.7,6090.2,2,2,71.3,1.4,5342.7,340.6,334.2,71.3
2026-09-21 02:55:27,mfsweep_shard0,SPT_SMPT,51,9726.28,104,0,1,2732.9,8781.8,6048.9,2,2,62.4,1.3,5263.1,722.2,0.0,62.4
2026-09-21 02:55:27,mfsweep_shard0,SPT_SMPT,51,9726.28,105,0,1,2759.1,8764.8,6005.6,2,2,74.7,1.4,4198.3,1731.3,0.0,74.7
2026-09-21 02:55:27,mfsweep_shard0,SPT_SMPT,51,9726.28,106,0,1,2785.4,8759.1,5973.7,2,2,57.2,1.4,4563.0,1328.4,23.7,57.2
2026-09-21 02:55:27,mfsweep_shard0,SPT_SMPT,51,9726.28,107,0,1,2811.7,8270.7,5459.0,2,2,67.9,1.4,4241.6,1148.1,0.0,67.9
2026-09-21 02:55:27,mfsweep_shard0,SPT_SMPT,51,9726.28,108,0,1,2838.0,8787.4,5949.5,2,2,68.5,1.7,4958.3,703.3,164.5,121.7
2026-09-21 02:55:27,mfsweep_shard0,SPT_SMPT,51,9726.28,109,0,1,2864.2,8807.9,5943.7,2,2,85.0,1.7,4744.3,582.2,530.4,85.0
2026-09-21 02:55:27,mfsweep_shard0,SPT_SMPT,51,9726.28,110,0,1,2890.5,9532.5,6641.9,2,2,82.4,1.5,4673.2,1802.6,82.2,82.4
2026-09-21 02:55:27,mfsweep_shard0,SPT_SMPT,51,9726.28,111,0,1,2916.8,8921.2,6004.4,2,2,62.2,1.6,4448.2,1492.5,0.0,62.2
2026-09-21 02:55:27,mfsweep_shard0,SPT_SMPT,51,9726.28,112,0,1,2943.1,8860.5,5917.4,2,2,70.1,1.9,4826.5,855.7,163.2,70.1
2026-09-21 02:55:27,mfsweep_shard0,SPT_SMPT,51,9726.28,113,0,1,2969.3,8889.0,5919.6,2,2,59.4,2.0,4966.8,891.4,0.0,59.4
2026-09-21 02:55:27,mfsweep_shard0,SPT_SMPT,51,9726.28,114,0,1,2995.6,9038.1,6042.5,2,2,83.7,1.9,4479.8,1446.0,9.9,104.9
2026-09-21 02:55:27,mfsweep_shard0,SPT_SMPT,51,9726.28,115,0,1,3021.9,9628.3,6606.4,2,2,82.3,1.8,5730.7,748.7,34.8,90.5
2026-09-21 02:55:27,mfsweep_shard0,SPT_SMPT,51,9726.28,116,0,1,3048.2,9351.6,6303.4,2,2,63.4,2.2,4854.1,1383.7,0.0,63.4
2026-09-21 02:55:27,mfsweep_shard0,SPT_SMPT,51,9726.28,117,0,1,3074.5,8731.3,5656.9,2,2,74.6,1.8,4814.3,766.1,0.0,74.6
2026-09-21 02:55:27,mfsweep_shard0,SPT_SMPT,51,9726.28,118,0,1,3100.7,9602.5,6501.8,2,2,73.6,1.9,5020.4,1380.9,25.0,73.6
2026-09-21 02:55:27,mfsweep_shard0,SPT_SMPT,51,9726.28,119,0,1,3127.0,9573.8,6446.8,2,2,58.6,2.1,5840.8,535.8,9.4,58.6
2026-09-21 02:55:27,mfsweep_shard0,SPT_SMPT,51,9726.28,120,0,1,3153.3,9510.2,6357.0,2,2,78.7,2.0,5558.8,699.4,18.1,78.7
2026-09-21 02:55:27,mfsweep_shard0,SPT_SMPT,51,9726.28,121,0,1,3179.6,9551.4,6371.9,2,2,71.3,2.3,5935.6,362.6,0.0,71.3
2026-09-21 02:55:27,mfsweep_shard0,SPT_SMPT,51,9726.28,122,0,1,3205.8,8802.4,5596.6,2,2,79.2,2.0,4503.6,1009.1,2.6,79.2
2026-09-21 02:55:27,mfsweep_shard0,SPT_SMPT,51,9726.28,123,0,1,3232.1,9562.6,6330.5,2,2,71.0,2.1,5599.6,549.6,108.2,71.0
2026-09-21 02:55:27,mfsweep_shard0,SPT_SMPT,51,9726.28,124,0,1,3258.4,9494.0,6235.6,2,2,53.6,2.1,4849.5,1319.5,11.0,53.6
2026-09-21 02:55:27,mfsweep_shard0,SPT_SMPT,51,9726.28,125,0,1,3284.7,9315.8,6031.1,2,2,64.2,2.2,4518.2,1446.6,0.0,64.2
2026-09-21 02:55:27,mfsweep_shard0,SPT_SMPT,51,9726.28,126,0,1,3311.0,9541.5,6230.6,2,2,54.2,2.2,5674.1,461.9,38.3,54.2
2026-09-21 02:55:27,mfsweep_shard0,SPT_SMPT,51,9726.28,127,0,1,3337.2,9641.7,6304.4,2,2,84.2,2.2,4942.2,1275.8,0.0,84.2
2026-09-21 02:55:27,mfsweep_shard0,SPT_SMPT,51,9726.28,128,0,1,3363.5,9321.3,5957.8,2,2,82.5,2.3,4913.2,899.6,60.1,82.5
2026-09-21 02:55:27,mfsweep_shard0,SPT_SMPT,51,9726.28,129,0,1,3389.8,9504.7,6114.9,2,2,81.0,0.5,5556.3,422.1,55.0,81.0
2026-09-21 02:55:27,mfsweep_shard0,SPT_SMPT,51,9726.28,130,0,1,3416.1,9596.9,6180.8,2,2,63.7,0.5,5626.5,490.1,0.0,63.7
2026-09-21 02:55:27,mfsweep_shard0,SPT_SMPT,51,9726.28,131,0,1,3442.3,9726.3,6283.9,2,2,55.5,2.4,5492.5,686.1,47.6,55.5
2026-09-21 02:55:27,mfsweep_shard0,SPT_SMPT,51,9726.28,132,0,1,3468.6,9707.7,6239.1,2,2,82.5,1.2,5831.2,242.7,81.4,82.5
2026-09-21 02:55:27,mfsweep_shard0,SPT_SMPT,51,9726.28,133,0,1,3494.9,9689.6,6194.7,2,2,84.8,1.5,5376.4,732.1,0.0,84.8
2026-09-21 02:55:27,mfsweep_shard0,SPT_SMPT,51,9726.28,134,0,1,3521.2,9591.3,6070.1,2,2,56.4,1.6,5457.8,554.4,0.0,56.4
2026-09-21 02:55:27,mfsweep_shard0,SPT_SMPT,51,9726.28,135,0,1,3547.5,9557.0,6009.6,2,2,69.6,1.6,5393.8,469.3,75.3,69.6
2026-09-21 02:55:27,mfsweep_shard0,SPT_SMPT,51,9726.28,136,0,1,3573.7,9568.2,5994.5,2,2,55.8,1.7,5491.2,445.7,0.0,55.8
