timestamp,instance,rule,seed,makespan,job_id,is_dynamic,arrival_time,op_index,machine_type_required,eligible_machine_count,min_proc_time,max_proc_time,mean_proc_time,proc_time_spread,travel_time,queue_entry_time,proc_start_time,proc_end_time,realized_proc_time,queue_wait_time
2026-09-09 15:28:59,bimodal_mix,FIFO_SRWT,42,801.76,0,0,0.0,0,Weld,1,150.0,150.0,150.0,0.0,13.2,25.6,25.6,175.6,150.0,0.0
2026-09-09 15:28:59,bimodal_mix,FIFO_SRWT,42,801.76,1,0,0.0,0,Weld,1,150.0,150.0,150.0,0.0,13.5,33.2,175.6,325.7,150.0,142.4
2026-09-09 15:28:59,bimodal_mix,FIFO_SRWT,42,801.76,2,0,5.0,0,Weld,1,10.3,10.3,10.3,0.0,13.2,40.9,325.7,336.0,10.3,284.8
2026-09-09 15:28:59,bimodal_mix,FIFO_SRWT,42,801.76,3,0,13.0,0,Weld,1,9.1,9.1,9.1,0.0,18.2,64.5,336.0,345.1,9.1,271.4
2026-09-09 15:28:59,bimodal_mix,FIFO_SRWT,42,801.76,4,0,21.0,0,Weld,1,9.6,9.6,9.6,0.0,13.2,50.0,345.1,354.6,9.6,295.1
2026-09-09 15:28:59,bimodal_mix,FIFO_SRWT,42,801.76,5,0,29.0,0,Weld,1,9.5,9.5,9.5,0.0,27.3,94.5,354.6,364.1,9.5,260.2
2026-09-09 15:28:59,bimodal_mix,FIFO_SRWT,42,801.76,6,0,37.0,0,Weld,1,10.5,10.5,10.5,0.0,23.1,79.9,364.1,374.6,10.5,284.2
2026-09-09 15:28:59,bimodal_mix,FIFO_SRWT,42,801.76,7,0,45.0,0,Weld,1,10.4,10.4,10.4,0.0,20.2,72.2,374.6,385.0,10.4,302.4
2026-09-09 15:28:59,bimodal_mix,FIFO_SRWT,42,801.76,8,0,53.0,0,Weld,1,10.8,10.8,10.8,0.0,48.6,110.9,385.0,395.8,10.8,274.1
2026-09-09 15:28:59,bimodal_mix,FIFO_SRWT,42,801.76,9,0,61.0,0,Weld,1,9.2,9.2,9.2,0.0,53.1,125.7,395.8,405.0,9.2,270.1
2026-09-09 15:28:59,bimodal_mix,FIFO_SRWT,42,801.76,10,0,69.0,0,Weld,1,9.8,9.8,9.8,0.0,55.1,133.2,405.0,414.9,9.9,271.8
2026-09-09 15:28:59,bimodal_mix,FIFO_SRWT,42,801.76,11,0,77.0,0,Weld,1,9.1,9.1,9.1,0.0,31.7,121.0,414.9,423.9,9.1,293.8
2026-09-09 15:28:59,bimodal_mix,FIFO_SRWT,42,801.76,12,0,85.0,0,Weld,1,9.4,9.4,9.4,0.0,34.0,128.8,423.9,433.4,9.5,295.2
2026-09-09 15:28:59,bimodal_mix,FIFO_SRWT,42,801.76,13,0,93.0,0,Weld,1,10.0,10.0,10.0,0.0,20.0,144.0,433.4,443.4,10.0,289.4
2026-09-09 15:28:59,bimodal_mix,FIFO_SRWT,42,801.76,14,0,101.0,0,Weld,1,9.1,9.1,9.1,0.0,31.2,136.3,443.4,452.5,9.1,307.2
2026-09-09 15:28:59,bimodal_mix,FIFO_SRWT,42,801.76,15,0,109.0,0,Weld,1,9.4,9.4,9.4,0.0,22.8,159.4,452.5,461.9,9.4,293.1
2026-09-09 15:28:59,bimodal_mix,FIFO_SRWT,42,801.76,16,0,117.0,0,Weld,1,10.3,10.3,10.3,0.0,20.0,151.7,461.9,472.3,10.3,310.2
2026-09-09 15:28:59,bimodal_mix,FIFO_SRWT,42,801.76,17,0,125.0,0,Weld,1,10.1,10.1,10.1,0.0,34.8,187.1,472.3,482.4,10.1,285.1
2026-09-09 15:28:59,bimodal_mix,FIFO_SRWT,42,801.76,18,0,133.0,0,Weld,1,9.4,9.4,9.4,0.0,24.9,167.0,482.4,491.8,9.5,315.4
2026-09-09 15:28:59,bimodal_mix,FIFO_SRWT,42,801.76,19,0,141.0,0,Weld,1,10.2,10.2,10.2,0.0,27.0,174.5,491.8,502.0,10.2,317.4
2026-09-09 15:28:59,bimodal_mix,FIFO_SRWT,42,801.76,20,0,149.0,0,Weld,1,10.6,10.6,10.6,0.0,36.9,194.7,502.0,512.7,10.6,307.3
2026-09-09 15:28:59,bimodal_mix,FIFO_SRWT,42,801.76,21,0,157.0,0,Weld,1,9.0,9.0,9.0,0.0,39.7,214.5,512.7,521.7,9.0,298.1
2026-09-09 15:28:59,bimodal_mix,FIFO_SRWT,42,801.76,22,0,165.0,0,Weld,1,10.6,10.6,10.6,0.0,36.9,206.9,521.7,532.4,10.6,314.8
2026-09-09 15:28:59,bimodal_mix,FIFO_SRWT,42,801.76,23,0,173.0,0,Weld,1,10.4,10.4,10.4,0.0,42.1,222.2,532.4,542.8,10.4,310.1
2026-09-09 15:28:59,bimodal_mix,FIFO_SRWT,42,801.76,24,0,181.0,0,Weld,1,9.7,9.7,9.7,0.0,39.0,252.2,542.8,552.5,9.7,290.6
2026-09-09 15:28:59,bimodal_mix,FIFO_SRWT,42,801.76,25,0,189.0,0,Weld,1,9.3,9.3,9.3,0.0,36.9,237.0,552.5,561.8,9.3,315.5
2026-09-09 15:28:59,bimodal_mix,FIFO_SRWT,42,801.76,26,0,197.0,0,Weld,1,10.9,10.9,10.9,0.0,36.9,244.6,561.8,572.8,10.9,317.2
2026-09-09 15:28:59,bimodal_mix,FIFO_SRWT,42,801.76,27,0,205.0,0,Weld,1,9.7,9.7,9.7,0.0,39.5,259.7,572.8,582.5,9.7,313.1
2026-09-09 15:28:59,bimodal_mix,FIFO_SRWT,42,801.76,28,0,213.0,0,Weld,1,9.2,9.2,9.2,0.0,39.5,267.3,582.5,591.7,9.2,315.2
2026-09-09 15:28:59,bimodal_mix,FIFO_SRWT,42,801.76,29,0,221.0,0,Weld,1,9.2,9.2,9.2,0.0,39.0,275.0,591.7,600.9,9.2,316.7
2026-09-09 15:28:59,bimodal_mix,FIFO_SRWT,42,801.76,30,0,229.0,0,Weld,1,10.7,10.7,10.7,0.0,37.9,290.5,600.9,611.6,10.7,310.4
2026-09-09 15:28:59,bimodal_mix,FIFO_SRWT,42,801.76,31,0,237.0,0,Weld,1,10.2,10.2,10.2,0.0,35.1,282.8,611.6,621.9,10.2,328.9
2026-09-09 15:29:22,bimodal_mix,FIFO_SRWT,43,801.76,0,0,0.0,0,Weld,1,150.0,150.0,150.0,0.0,13.2,25.6,25.6,175.6,150.0,0.0
2026-09-09 15:29:22,bimodal_mix,FIFO_SRWT,43,801.76,1,0,0.0,0,Weld,1,150.0,150.0,150.0,0.0,13.5,33.2,175.6,325.7,150.0,142.4
2026-09-09 15:29:22,bimodal_mix,FIFO_SRWT,43,801.76,2,0,5.0,0,Weld,1,10.3,10.3,10.3,0.0,13.2,40.9,325.7,336.0,10.3,284.8
2026-09-09 15:29:22,bimodal_mix,FIFO_SRWT,43,801.76,3,0,13.0,0,Weld,1,9.1,9.1,9.1,0.0,18.2,64.5,336.0,345.1,9.1,271.4
2026-09-09 15:29:22,bimodal_mix,FIFO_SRWT,43,801.76,4,0,21.0,0,Weld,1,9.6,9.6,9.6,0.0,13.2,50.0,345.1,354.6,9.6,295.1
2026-09-09 15:29:22,bimodal_mix,FIFO_SRWT,43,801.76,5,0,29.0,0,Weld,1,9.5,9.5,9.5,0.0,27.3,94.5,354.6,364.1,9.5,260.2
2026-09-09 15:29:22,bimodal_mix,FIFO_SRWT,43,801.76,6,0,37.0,0,Weld,1,10.5,10.5,10.5,0.0,23.1,79.9,364.1,374.6,10.5,284.2
2026-09-09 15:29:22,bimodal_mix,FIFO_SRWT,43,801.76,7,0,45.0,0,Weld,1,10.4,10.4,10.4,0.0,20.2,72.2,374.6,385.0,10.4,302.4
2026-09-09 15:29:22,bimodal_mix,FIFO_SRWT,43,801.76,8,0,53.0,0,Weld,1,10.8,10.8,10.8,0.0,48.6,110.9,385.0,395.8,10.8,274.1
2026-09-09 15:29:22,bimodal_mix,FIFO_SRWT,43,801.76,9,0,61.0,0,Weld,1,9.2,9.2,9.2,0.0,53.1,125.7,395.8,405.0,9.2,270.1
2026-09-09 15:29:22,bimodal_mix,FIFO_SRWT,43,801.76,10,0,69.0,0,Weld,1,9.8,9.8,9.8,0.0,55.1,133.2,405.0,414.9,9.9,271.8
2026-09-09 15:29:22,bimodal_mix,FIFO_SRWT,43,801.76,11,0,77.0,0,Weld,1,9.1,9.1,9.1,0.0,31.7,121.0,414.9,423.9,9.1,293.8
2026-09-09 15:29:22,bimodal_mix,FIFO_SRWT,43,801.76,12,0,85.0,0,Weld,1,9.4,9.4,9.4,0.0,34.0,128.8,423.9,433.4,9.5,295.2
2026-09-09 15:29:22,bimodal_mix,FIFO_SRWT,43,801.76,13,0,93.0,0,Weld,1,10.0,10.0,10.0,0.0,20.0,144.0,433.4,443.4,10.0,289.4
2026-09-09 15:29:22,bimodal_mix,FIFO_SRWT,43,801.76,14,0,101.0,0,Weld,1,9.1,9.1,9.1,0.0,31.2,136.3,443.4,452.5,9.1,307.2
2026-09-09 15:29:22,bimodal_mix,FIFO_SRWT,43,801.76,15,0,109.0,0,Weld,1,9.4,9.4,9.4,0.0,22.8,159.4,452.5,461.9,9.4,293.1
2026-09-09 15:29:22,bimodal_mix,FIFO_SRWT,43,801.76,16,0,117.0,0,Weld,1,10.3,10.3,10.3,0.0,20.0,151.7,461.9,472.3,10.3,310.2
2026-09-09 15:29:22,bimodal_mix,FIFO_SRWT,43,801.76,17,0,125.0,0,Weld,1,10.1,10.1,10.1,0.0,34.8,187.1,472.3,482.4,10.1,285.1
2026-09-09 15:29:22,bimodal_mix,FIFO_SRWT,43,801.76,18,0,133.0,0,Weld,1,9.4,9.4,9.4,0.0,24.9,167.0,482.4,491.8,9.5,315.4
2026-09-09 15:29:22,bimodal_mix,FIFO_SRWT,43,801.76,19,0,141.0,0,Weld,1,10.2,10.2,10.2,0.0,27.0,174.5,491.8,502.0,10.2,317.4
2026-09-09 15:29:22,bimodal_mix,FIFO_SRWT,43,801.76,20,0,149.0,0,Weld,1,10.6,10.6,10.6,0.0,36.9,194.7,502.0,512.7,10.6,307.3
2026-09-09 15:29:22,bimodal_mix,FIFO_SRWT,43,801.76,21,0,157.0,0,Weld,1,9.0,9.0,9.0,0.0,39.7,214.5,512.7,521.7,9.0,298.1
2026-09-09 15:29:22,bimodal_mix,FIFO_SRWT,43,801.76,22,0,165.0,0,Weld,1,10.6,10.6,10.6,0.0,36.9,206.9,521.7,532.4,10.6,314.8
2026-09-09 15:29:22,bimodal_mix,FIFO_SRWT,43,801.76,23,0,173.0,0,Weld,1,10.4,10.4,10.4,0.0,42.1,222.2,532.4,542.8,10.4,310.1
2026-09-09 15:29:22,bimodal_mix,FIFO_SRWT,43,801.76,24,0,181.0,0,Weld,1,9.7,9.7,9.7,0.0,39.0,252.2,542.8,552.5,9.7,290.6
2026-09-09 15:29:22,bimodal_mix,FIFO_SRWT,43,801.76,25,0,189.0,0,Weld,1,9.3,9.3,9.3,0.0,36.9,237.0,552.5,561.8,9.3,315.5
2026-09-09 15:29:22,bimodal_mix,FIFO_SRWT,43,801.76,26,0,197.0,0,Weld,1,10.9,10.9,10.9,0.0,36.9,244.6,561.8,572.8,10.9,317.2
2026-09-09 15:29:22,bimodal_mix,FIFO_SRWT,43,801.76,27,0,205.0,0,Weld,1,9.7,9.7,9.7,0.0,39.5,259.7,572.8,582.5,9.7,313.1
2026-09-09 15:29:22,bimodal_mix,FIFO_SRWT,43,801.76,28,0,213.0,0,Weld,1,9.2,9.2,9.2,0.0,39.5,267.3,582.5,591.7,9.2,315.2
2026-09-09 15:29:22,bimodal_mix,FIFO_SRWT,43,801.76,29,0,221.0,0,Weld,1,9.2,9.2,9.2,0.0,39.0,275.0,591.7,600.9,9.2,316.7
2026-09-09 15:29:22,bimodal_mix,FIFO_SRWT,43,801.76,30,0,229.0,0,Weld,1,10.7,10.7,10.7,0.0,37.9,290.5,600.9,611.6,10.7,310.4
2026-09-09 15:29:22,bimodal_mix,FIFO_SRWT,43,801.76,31,0,237.0,0,Weld,1,10.2,10.2,10.2,0.0,35.1,282.8,611.6,621.9,10.2,328.9
2026-09-09 15:29:45,bimodal_mix,FIFO_SRWT,44,801.76,0,0,0.0,0,Weld,1,150.0,150.0,150.0,0.0,13.2,25.6,25.6,175.6,150.0,0.0
2026-09-09 15:29:45,bimodal_mix,FIFO_SRWT,44,801.76,1,0,0.0,0,Weld,1,150.0,150.0,150.0,0.0,13.5,33.2,175.6,325.7,150.0,142.4
2026-09-09 15:29:45,bimodal_mix,FIFO_SRWT,44,801.76,2,0,5.0,0,Weld,1,10.3,10.3,10.3,0.0,13.2,40.9,325.7,336.0,10.3,284.8
2026-09-09 15:29:45,bimodal_mix,FIFO_SRWT,44,801.76,3,0,13.0,0,Weld,1,9.1,9.1,9.1,0.0,18.2,64.5,336.0,345.1,9.1,271.4
2026-09-09 15:29:45,bimodal_mix,FIFO_SRWT,44,801.76,4,0,21.0,0,Weld,1,9.6,9.6,9.6,0.0,13.2,50.0,345.1,354.6,9.6,295.1
2026-09-09 15:29:45,bimodal_mix,FIFO_SRWT,44,801.76,5,0,29.0,0,Weld,1,9.5,9.5,9.5,0.0,27.3,94.5,354.6,364.1,9.5,260.2
2026-09-09 15:29:45,bimodal_mix,FIFO_SRWT,44,801.76,6,0,37.0,0,Weld,1,10.5,10.5,10.5,0.0,23.1,79.9,364.1,374.6,10.5,284.2
2026-09-09 15:29:45,bimodal_mix,FIFO_SRWT,44,801.76,7,0,45.0,0,Weld,1,10.4,10.4,10.4,0.0,20.2,72.2,374.6,385.0,10.4,302.4
2026-09-09 15:29:45,bimodal_mix,FIFO_SRWT,44,801.76,8,0,53.0,0,Weld,1,10.8,10.8,10.8,0.0,48.6,110.9,385.0,395.8,10.8,274.1
2026-09-09 15:29:45,bimodal_mix,FIFO_SRWT,44,801.76,9,0,61.0,0,Weld,1,9.2,9.2,9.2,0.0,53.1,125.7,395.8,405.0,9.2,270.1
2026-09-09 15:29:45,bimodal_mix,FIFO_SRWT,44,801.76,10,0,69.0,0,Weld,1,9.8,9.8,9.8,0.0,55.1,133.2,405.0,414.9,9.9,271.8
2026-09-09 15:29:45,bimodal_mix,FIFO_SRWT,44,801.76,11,0,77.0,0,Weld,1,9.1,9.1,9.1,0.0,31.7,121.0,414.9,423.9,9.1,293.8
2026-09-09 15:29:45,bimodal_mix,FIFO_SRWT,44,801.76,12,0,85.0,0,Weld,1,9.4,9.4,9.4,0.0,34.0,128.8,423.9,433.4,9.5,295.2
2026-09-09 15:29:45,bimodal_mix,FIFO_SRWT,44,801.76,13,0,93.0,0,Weld,1,10.0,10.0,10.0,0.0,20.0,144.0,433.4,443.4,10.0,289.4
2026-09-09 15:29:45,bimodal_mix,FIFO_SRWT,44,801.76,14,0,101.0,0,Weld,1,9.1,9.1,9.1,0.0,31.2,136.3,443.4,452.5,9.1,307.2
2026-09-09 15:29:45,bimodal_mix,FIFO_SRWT,44,801.76,15,0,109.0,0,Weld,1,9.4,9.4,9.4,0.0,22.8,159.4,452.5,461.9,9.4,293.1
2026-09-09 15:29:45,bimodal_mix,FIFO_SRWT,44,801.76,16,0,117.0,0,Weld,1,10.3,10.3,10.3,0.0,20.0,151.7,461.9,472.3,10.3,310.2
2026-09-09 15:29:45,bimodal_mix,FIFO_SRWT,44,801.76,17,0,125.0,0,Weld,1,10.1,10.1,10.1,0.0,34.8,187.1,472.3,482.4,10.1,285.1
2026-09-09 15:29:45,bimodal_mix,FIFO_SRWT,44,801.76,18,0,133.0,0,Weld,1,9.4,9.4,9.4,0.0,24.9,167.0,482.4,491.8,9.5,315.4
2026-09-09 15:29:45,bimodal_mix,FIFO_SRWT,44,801.76,19,0,141.0,0,Weld,1,10.2,10.2,10.2,0.0,27.0,174.5,491.8,502.0,10.2,317.4
2026-09-09 15:29:45,bimodal_mix,FIFO_SRWT,44,801.76,20,0,149.0,0,Weld,1,10.6,10.6,10.6,0.0,36.9,194.7,502.0,512.7,10.6,307.3
2026-09-09 15:29:45,bimodal_mix,FIFO_SRWT,44,801.76,21,0,157.0,0,Weld,1,9.0,9.0,9.0,0.0,39.7,214.5,512.7,521.7,9.0,298.1
2026-09-09 15:29:45,bimodal_mix,FIFO_SRWT,44,801.76,22,0,165.0,0,Weld,1,10.6,10.6,10.6,0.0,36.9,206.9,521.7,532.4,10.6,314.8
2026-09-09 15:29:45,bimodal_mix,FIFO_SRWT,44,801.76,23,0,173.0,0,Weld,1,10.4,10.4,10.4,0.0,42.1,222.2,532.4,542.8,10.4,310.1
2026-09-09 15:29:45,bimodal_mix,FIFO_SRWT,44,801.76,24,0,181.0,0,Weld,1,9.7,9.7,9.7,0.0,39.0,252.2,542.8,552.5,9.7,290.6
2026-09-09 15:29:45,bimodal_mix,FIFO_SRWT,44,801.76,25,0,189.0,0,Weld,1,9.3,9.3,9.3,0.0,36.9,237.0,552.5,561.8,9.3,315.5
2026-09-09 15:29:45,bimodal_mix,FIFO_SRWT,44,801.76,26,0,197.0,0,Weld,1,10.9,10.9,10.9,0.0,36.9,244.6,561.8,572.8,10.9,317.2
2026-09-09 15:29:45,bimodal_mix,FIFO_SRWT,44,801.76,27,0,205.0,0,Weld,1,9.7,9.7,9.7,0.0,39.5,259.7,572.8,582.5,9.7,313.1
2026-09-09 15:29:45,bimodal_mix,FIFO_SRWT,44,801.76,28,0,213.0,0,Weld,1,9.2,9.2,9.2,0.0,39.5,267.3,582.5,591.7,9.2,315.2
2026-09-09 15:29:45,bimodal_mix,FIFO_SRWT,44,801.76,29,0,221.0,0,Weld,1,9.2,9.2,9.2,0.0,39.0,275.0,591.7,600.9,9.2,316.7
2026-09-09 15:29:45,bimodal_mix,FIFO_SRWT,44,801.76,30,0,229.0,0,Weld,1,10.7,10.7,10.7,0.0,37.9,290.5,600.9,611.6,10.7,310.4
2026-09-09 15:29:45,bimodal_mix,FIFO_SRWT,44,801.76,31,0,237.0,0,Weld,1,10.2,10.2,10.2,0.0,35.1,282.8,611.6,621.9,10.2,328.9
2026-09-09 15:30:58,compound_scenario,FIFO_SRWT,42,2720.36,0,0,0.0,0,Mill,1,39.2,39.2,39.2,0.0,18.6,31.0,31.0,70.2,39.2,0.0
2026-09-09 15:30:58,compound_scenario,FIFO_SRWT,42,2720.36,0,0,0.0,1,Lathe,1,20.8,20.8,20.8,0.0,20.7,105.8,105.8,126.6,20.8,0.0
2026-09-09 15:30:58,compound_scenario,FIFO_SRWT,42,2720.36,0,0,0.0,2,Weld,1,28.3,28.3,28.3,0.0,21.5,162.5,162.5,190.8,28.3,0.0
2026-09-09 15:30:58,compound_scenario,FIFO_SRWT,42,2720.36,1,0,60.0,0,Mill,1,26.7,26.7,26.7,0.0,16.8,93.0,93.0,119.7,26.7,0.0
2026-09-09 15:30:58,compound_scenario,FIFO_SRWT,42,2720.36,1,0,60.0,1,Lathe,1,42.1,42.1,42.1,0.0,21.5,156.9,156.9,199.1,42.1,0.0
2026-09-09 15:30:58,compound_scenario,FIFO_SRWT,42,2720.36,1,0,60.0,2,Weld,1,40.3,40.3,40.3,0.0,20.6,231.0,231.0,271.3,40.3,0.0
2026-09-09 15:30:58,compound_scenario,FIFO_SRWT,42,2720.36,2,0,120.0,0,Mill,1,46.8,46.8,46.8,0.0,34.9,169.9,169.9,216.7,46.8,0.0
2026-09-09 15:30:58,compound_scenario,FIFO_SRWT,42,2720.36,2,0,120.0,1,Lathe,1,22.6,22.6,22.6,0.0,4.7,223.6,223.6,246.3,22.6,0.0
2026-09-09 15:30:58,compound_scenario,FIFO_SRWT,42,2720.36,2,0,120.0,2,Weld,1,32.7,32.7,32.7,0.0,13.0,262.4,262.4,295.1,32.7,0.0
2026-09-09 15:30:58,compound_scenario,FIFO_SRWT,42,2720.36,3,0,250.0,0,Mill,3,20.0,20.0,20.0,0.0,18.6,280.9,280.9,301.0,20.0,0.0
2026-09-09 15:30:58,compound_scenario,FIFO_SRWT,42,2720.36,3,0,250.0,1,Weld,1,12.4,12.4,12.4,0.0,22.6,375.7,404.0,416.4,12.4,28.2
2026-09-09 15:30:58,compound_scenario,FIFO_SRWT,42,2720.36,4,0,250.0,0,Mill,3,20.0,20.0,20.0,0.0,18.9,291.6,291.6,311.6,20.0,0.0
2026-09-09 15:30:58,compound_scenario,FIFO_SRWT,42,2720.36,4,0,250.0,1,Weld,1,27.5,27.5,27.5,0.0,18.9,363.2,416.4,443.9,27.5,53.2
2026-09-09 15:30:58,compound_scenario,FIFO_SRWT,42,2720.36,5,0,250.0,0,Mill,3,20.0,20.0,20.0,0.0,36.8,327.3,327.3,347.4,20.0,0.0
2026-09-09 15:30:58,compound_scenario,FIFO_SRWT,42,2720.36,5,0,250.0,1,Weld,1,50.4,50.4,50.4,0.0,63.5,476.2,482.0,532.4,50.5,5.8
2026-09-09 15:30:58,compound_scenario,FIFO_SRWT,42,2720.36,6,0,250.0,0,Mill,3,20.0,20.0,20.0,0.0,24.0,321.5,324.6,344.6,20.0,3.1
2026-09-09 15:30:58,compound_scenario,FIFO_SRWT,42,2720.36,6,0,250.0,1,Weld,1,12.1,12.1,12.1,0.0,27.8,397.9,443.9,456.0,12.1,46.0
2026-09-09 15:30:58,compound_scenario,FIFO_SRWT,42,2720.36,7,0,250.0,0,Mill,3,20.0,20.0,20.0,0.0,18.4,332.6,342.4,362.4,20.0,9.8
2026-09-09 15:30:58,compound_scenario,FIFO_SRWT,42,2720.36,7,0,250.0,1,Weld,1,25.9,25.9,25.9,0.0,37.9,447.0,456.0,482.0,25.9,9.0
2026-09-09 15:30:58,compound_scenario,FIFO_SRWT,42,2720.36,8,0,250.0,0,Mill,3,20.0,20.0,20.0,0.0,38.1,305.8,305.8,325.8,20.0,0.0
2026-09-09 15:30:58,compound_scenario,FIFO_SRWT,42,2720.36,8,0,250.0,1,Weld,1,62.0,62.0,62.0,0.0,54.5,383.3,532.4,594.4,62.0,149.1
2026-09-09 15:30:58,compound_scenario,FIFO_SRWT,42,2720.36,9,0,250.0,0,Mill,3,20.0,20.0,20.0,0.0,24.8,304.6,304.6,324.6,20.0,0.0
2026-09-09 15:30:58,compound_scenario,FIFO_SRWT,42,2720.36,9,0,250.0,1,Weld,1,53.6,53.6,53.6,0.0,21.8,350.3,350.3,404.0,53.6,0.0
2026-09-09 15:30:58,compound_scenario,FIFO_SRWT,42,2720.36,10,0,250.0,0,Mill,3,20.0,20.0,20.0,0.0,19.4,322.4,322.4,342.4,20.0,0.0
2026-09-09 15:30:58,compound_scenario,FIFO_SRWT,42,2720.36,10,0,250.0,1,Weld,1,27.6,27.6,27.6,0.0,39.7,418.1,594.4,622.1,27.7,176.3
2026-09-09 15:30:58,compound_scenario,FIFO_SRWT,42,2720.36,20,0,650.0,0,Mill,3,20.0,20.0,20.0,0.0,19.4,682.7,682.7,702.7,20.0,0.0
2026-09-09 15:30:58,compound_scenario,FIFO_SRWT,42,2720.36,20,0,650.0,1,Weld,2,19.2,19.2,19.2,0.0,22.1,731.8,731.8,751.0,19.2,0.0
2026-09-09 15:30:58,compound_scenario,FIFO_SRWT,42,2720.36,19,0,650.0,0,Mill,3,20.0,20.0,20.0,0.0,16.8,696.4,696.4,716.4,20.0,0.0
2026-09-09 15:30:58,compound_scenario,FIFO_SRWT,42,2720.36,19,0,650.0,1,Weld,2,30.2,30.2,30.2,0.0,24.6,769.3,769.3,799.5,30.2,0.0
2026-09-09 15:30:58,compound_scenario,FIFO_SRWT,42,2720.36,18,0,650.0,0,Mill,3,20.0,20.0,20.0,0.0,42.2,735.2,749.3,769.3,20.0,14.1
2026-09-09 15:30:58,compound_scenario,FIFO_SRWT,42,2720.36,18,0,650.0,1,Weld,2,58.1,58.1,58.1,0.0,53.7,890.1,890.1,948.2,58.1,0.0
2026-09-09 15:30:58,compound_scenario,FIFO_SRWT,42,2720.36,17,0,650.0,0,Mill,3,20.0,20.0,20.0,0.0,20.7,730.4,738.5,758.5,20.0,8.1
2026-09-09 15:30:58,compound_scenario,FIFO_SRWT,42,2720.36,17,0,650.0,1,Weld,2,22.0,22.0,22.0,0.0,27.6,803.2,847.4,869.5,22.0,44.3
2026-09-09 15:30:58,compound_scenario,FIFO_SRWT,42,2720.36,16,0,650.0,0,Mill,3,20.0,20.0,20.0,0.0,18.4,739.1,739.1,759.1,20.0,0.0
2026-09-09 15:30:58,compound_scenario,FIFO_SRWT,42,2720.36,16,0,650.0,1,Weld,2,30.3,30.3,30.3,0.0,41.3,836.3,869.5,899.8,30.3,33.2
2026-09-09 15:30:58,compound_scenario,FIFO_SRWT,42,2720.36,14,0,650.0,0,Mill,3,20.0,20.0,20.0,0.0,59.1,729.3,729.3,749.3,20.0,0.0
2026-09-09 15:30:58,compound_scenario,FIFO_SRWT,42,2720.36,14,0,650.0,1,Weld,2,51.3,51.3,51.3,0.0,48.5,826.8,834.5,885.8,51.3,7.7
2026-09-09 15:30:58,compound_scenario,FIFO_SRWT,42,2720.36,13,0,650.0,0,Mill,3,20.0,20.0,20.0,0.0,19.1,718.5,718.5,738.5,20.0,0.0
2026-09-09 15:30:58,compound_scenario,FIFO_SRWT,42,2720.36,13,0,650.0,1,Weld,2,15.3,15.3,15.3,0.0,25.2,819.2,819.2,834.5,15.3,0.0
2026-09-09 15:30:58,compound_scenario,FIFO_SRWT,42,2720.36,12,0,650.0,0,Mill,3,20.0,20.0,20.0,0.0,16.8,705.0,716.4,736.4,20.0,11.4
2026-09-09 15:30:58,compound_scenario,FIFO_SRWT,42,2720.36,12,0,650.0,1,Weld,2,51.4,51.4,51.4,0.0,32.7,796.0,796.0,847.4,51.4,0.0
2026-09-09 15:30:58,compound_scenario,FIFO_SRWT,42,2720.36,11,0,650.0,0,Mill,3,20.0,20.0,20.0,0.0,36.5,741.3,769.4,789.4,20.0,28.0
2026-09-09 15:30:58,compound_scenario,FIFO_SRWT,42,2720.36,11,0,650.0,1,Weld,2,41.5,41.5,41.5,0.0,59.4,920.4,946.2,987.8,41.5,25.8
2026-09-09 15:30:58,compound_scenario,FIFO_SRWT,42,2720.36,15,0,650.0,0,Mill,3,20.0,20.0,20.0,0.0,30.8,786.9,786.9,806.9,20.0,0.0
2026-09-09 15:30:58,compound_scenario,FIFO_SRWT,42,2720.36,15,0,650.0,1,Weld,2,46.4,46.4,46.4,0.0,27.8,887.1,899.8,946.2,46.4,12.7
2026-09-09 15:30:58,compound_scenario,FIFO_SRWT,42,2720.36,29,0,1050.0,0,Mill,3,20.0,20.0,20.0,0.0,18.6,1081.4,1081.4,1101.4,20.0,0.0
2026-09-09 15:30:58,compound_scenario,FIFO_SRWT,42,2720.36,29,0,1050.0,1,Weld,1,39.8,39.8,39.8,0.0,22.9,1131.4,1131.4,1171.3,39.9,0.0
2026-09-09 15:30:58,compound_scenario,FIFO_SRWT,42,2720.36,35,0,1050.0,0,Mill,3,20.0,20.0,20.0,0.0,16.8,1087.5,1087.5,1107.5,20.0,0.0
2026-09-09 15:30:58,compound_scenario,FIFO_SRWT,42,2720.36,35,0,1050.0,1,Weld,1,17.1,17.1,17.1,0.0,28.0,1175.4,1225.1,1242.2,17.1,49.7
2026-09-09 15:30:58,compound_scenario,FIFO_SRWT,42,2720.36,34,0,1050.0,0,Mill,3,20.0,20.0,20.0,0.0,49.2,1129.3,1129.3,1149.3,20.0,0.0
2026-09-09 15:30:58,compound_scenario,FIFO_SRWT,42,2720.36,34,0,1050.0,1,Weld,1,46.7,46.7,46.7,0.0,57.6,1271.1,1285.0,1331.8,46.7,13.9
2026-09-09 15:30:58,compound_scenario,FIFO_SRWT,42,2720.36,32,0,1050.0,0,Mill,3,20.0,20.0,20.0,0.0,26.9,1118.6,1118.6,1138.6,20.0,0.0
2026-09-09 15:30:58,compound_scenario,FIFO_SRWT,42,2720.36,32,0,1050.0,1,Weld,1,53.8,53.8,53.8,0.0,17.2,1163.2,1171.3,1225.1,53.8,8.1
2026-09-09 15:30:58,compound_scenario,FIFO_SRWT,42,2720.36,31,0,1050.0,0,Mill,3,20.0,20.0,20.0,0.0,18.9,1121.1,1127.6,1147.6,20.0,6.5
2026-09-09 15:30:58,compound_scenario,FIFO_SRWT,42,2720.36,31,0,1050.0,1,Weld,1,42.8,42.8,42.8,0.0,39.5,1203.3,1242.2,1285.0,42.9,38.9
2026-09-09 15:30:58,compound_scenario,FIFO_SRWT,42,2720.36,30,0,1050.0,0,Mill,3,20.0,20.0,20.0,0.0,34.9,1146.3,1149.4,1169.4,20.0,3.0
2026-09-09 15:30:58,compound_scenario,FIFO_SRWT,42,2720.36,30,0,1050.0,1,Weld,1,52.3,52.3,52.3,0.0,59.6,1315.6,1331.8,1384.1,52.3,16.1
2026-09-09 15:30:58,compound_scenario,FIFO_SRWT,42,2720.36,28,0,1050.0,0,Mill,3,20.0,20.0,20.0,0.0,23.5,1144.5,1144.5,1164.5,20.0,0.0
2026-09-09 15:30:58,compound_scenario,FIFO_SRWT,42,2720.36,28,0,1050.0,1,Weld,1,32.0,32.0,32.0,0.0,33.5,1238.8,1384.1,1416.2,32.1,145.3
2026-09-09 15:30:58,compound_scenario,FIFO_SRWT,42,2720.36,33,0,1050.0,0,Mill,3,20.0,20.0,20.0,0.0,17.1,1103.9,1107.5,1127.6,20.0,3.6
2026-09-09 15:30:58,compound_scenario,FIFO_SRWT,42,2720.36,33,0,1050.0,1,Weld,1,41.0,41.0,41.0,0.0,34.5,1215.9,1416.2,1457.2,41.0,200.3
2026-09-09 15:30:58,compound_scenario,FIFO_SRWT,42,2720.36,26,0,1050.0,0,Mill,3,20.0,20.0,20.0,0.0,38.1,1135.3,1169.4,1189.4,20.0,34.1
2026-09-09 15:30:58,compound_scenario,FIFO_SRWT,42,2720.36,26,0,1050.0,1,Weld,1,39.1,39.1,39.1,0.0,55.8,1263.5,1457.2,1496.3,39.2,193.7
2026-09-09 15:30:58,compound_scenario,FIFO_SRWT,42,2720.36,25,0,1050.0,0,Mill,3,20.0,20.0,20.0,0.0,30.5,1161.2,1164.5,1184.5,20.0,3.3
2026-09-09 15:30:58,compound_scenario,FIFO_SRWT,42,2720.36,25,0,1050.0,1,Weld,1,47.8,47.8,47.8,0.0,27.3,1246.5,1496.3,1544.2,47.9,249.8
2026-09-09 15:30:58,compound_scenario,FIFO_SRWT,42,2720.36,24,0,1050.0,0,Mill,3,20.0,20.0,20.0,0.0,20.2,1162.3,1162.3,1182.3,20.0,0.0
2026-09-09 15:30:58,compound_scenario,FIFO_SRWT,42,2720.36,24,0,1050.0,1,Weld,1,51.3,51.3,51.3,0.0,33.5,1255.8,1544.2,1595.5,51.3,288.4
2026-09-09 15:30:58,compound_scenario,FIFO_SRWT,42,2720.36,23,0,1050.0,0,Mill,3,20.0,20.0,20.0,0.0,42.5,1206.2,1206.2,1226.3,20.0,0.0
2026-09-09 15:30:58,compound_scenario,FIFO_SRWT,42,2720.36,23,0,1050.0,1,Weld,1,42.2,42.2,42.2,0.0,62.2,1370.4,1595.5,1637.7,42.2,225.2
2026-09-09 15:30:58,compound_scenario,FIFO_SRWT,42,2720.36,27,0,1050.0,0,Mill,3,20.0,20.0,20.0,0.0,30.3,1203.7,1203.7,1223.7,20.0,0.0
2026-09-09 15:30:58,compound_scenario,FIFO_SRWT,42,2720.36,27,0,1050.0,1,Weld,1,58.8,58.8,58.8,0.0,36.4,1300.3,1637.7,1696.6,58.8,337.4
2026-09-09 15:30:58,compound_scenario,FIFO_SRWT,42,2720.36,22,0,1050.0,0,Mill,3,20.0,20.0,20.0,0.0,31.6,1214.6,1214.6,1234.6,20.0,0.0
2026-09-09 15:30:58,compound_scenario,FIFO_SRWT,42,2720.36,22,0,1050.0,1,Weld,1,53.1,53.1,53.1,0.0,38.1,1308.1,1696.6,1749.7,53.2,388.5
2026-09-09 15:30:58,compound_scenario,FIFO_SRWT,42,2720.36,21,0,1050.0,0,Mill,3,20.0,20.0,20.0,0.0,59.9,1345.1,1345.1,1365.1,20.0,0.0
2026-09-09 15:30:58,compound_scenario,FIFO_SRWT,42,2720.36,21,0,1050.0,1,Weld,1,19.4,19.4,19.4,0.0,37.0,1404.4,1749.7,1769.1,19.4,345.3
2026-09-09 15:30:58,compound_scenario,FIFO_SRWT,42,2720.36,37,0,1400.0,0,Weld,1,150.0,150.0,150.0,0.0,13.2,1426.6,1769.1,1919.1,150.0,342.5
2026-09-09 15:30:58,compound_scenario,FIFO_SRWT,42,2720.36,36,0,1400.0,0,Weld,1,150.0,150.0,150.0,0.0,16.1,1439.1,1919.1,2069.2,150.0,480.0
2026-09-09 15:30:58,compound_scenario,FIFO_SRWT,42,2720.36,38,0,1405.0,0,Weld,1,9.5,9.5,9.5,0.0,34.0,1486.0,2069.2,2078.7,9.5,583.2
2026-09-09 15:30:58,compound_scenario,FIFO_SRWT,42,2720.36,39,0,1413.0,0,Weld,1,9.6,9.6,9.6,0.0,20.8,1453.7,2078.7,2088.3,9.6,625.0
2026-09-09 15:30:58,compound_scenario,FIFO_SRWT,42,2720.36,40,0,1421.0,0,Weld,1,9.2,9.2,9.2,0.0,31.2,1478.3,2088.3,2097.4,9.2,610.0
2026-09-09 15:30:58,compound_scenario,FIFO_SRWT,42,2720.36,41,0,1429.0,0,Weld,1,9.5,9.5,9.5,0.0,23.1,1461.4,2097.4,2106.9,9.5,636.0
2026-09-09 15:30:58,compound_scenario,FIFO_SRWT,42,2720.36,42,0,1437.0,0,Weld,1,9.2,9.2,9.2,0.0,36.4,1493.7,2106.9,2116.2,9.2,613.3
2026-09-09 15:30:58,compound_scenario,FIFO_SRWT,42,2720.36,43,0,1445.0,0,Weld,1,9.6,9.6,9.6,0.0,41.3,1510.5,2116.2,2125.7,9.6,605.7
2026-09-09 15:30:58,compound_scenario,FIFO_SRWT,42,2720.36,44,0,1453.0,0,Weld,1,10.3,10.3,10.3,0.0,36.9,1501.2,2125.7,2136.0,10.3,624.5
2026-09-09 15:30:58,compound_scenario,FIFO_SRWT,42,2720.36,45,0,1461.0,0,Weld,1,9.7,9.7,9.7,0.0,40.3,1531.8,2136.0,2145.8,9.8,604.2
2026-09-09 15:30:58,compound_scenario,FIFO_SRWT,42,2720.36,46,0,1469.0,0,Weld,1,9.7,9.7,9.7,0.0,40.5,1539.5,2145.8,2155.6,9.8,606.3
2026-09-09 15:30:58,compound_scenario,FIFO_SRWT,42,2720.36,47,0,1477.0,0,Weld,1,9.4,9.4,9.4,0.0,40.5,1547.2,2155.6,2165.0,9.4,608.3
2026-09-09 15:30:58,compound_scenario,FIFO_SRWT,42,2720.36,48,0,1485.0,0,Weld,1,9.5,9.5,9.5,0.0,38.7,1563.2,2165.0,2174.6,9.6,601.8
2026-09-09 15:30:58,compound_scenario,FIFO_SRWT,42,2720.36,49,0,1493.0,0,Weld,1,10.9,10.9,10.9,0.0,30.4,1570.8,2174.6,2185.5,10.9,603.7
2026-09-09 15:30:58,compound_scenario,FIFO_SRWT,42,2720.36,50,0,1501.0,0,Weld,1,10.3,10.3,10.3,0.0,35.3,1586.0,2185.5,2195.8,10.3,599.4
2026-09-09 15:30:58,compound_scenario,FIFO_SRWT,42,2720.36,51,0,1509.0,0,Weld,1,10.2,10.2,10.2,0.0,32.5,1578.3,2195.8,2206.0,10.2,617.5
2026-09-09 15:30:58,compound_scenario,FIFO_SRWT,42,2720.36,52,0,1517.0,0,Weld,1,9.3,9.3,9.3,0.0,37.4,1593.5,2206.0,2215.4,9.4,612.5
2026-09-09 15:30:58,compound_scenario,FIFO_SRWT,42,2720.36,53,0,1525.0,0,Weld,1,10.5,10.5,10.5,0.0,36.9,1615.6,2215.4,2225.9,10.5,599.8
2026-09-09 15:30:58,compound_scenario,FIFO_SRWT,42,2720.36,54,0,1533.0,0,Weld,1,9.3,9.3,9.3,0.0,34.0,1607.9,2225.9,2235.2,9.4,617.9
2026-09-09 15:30:58,compound_scenario,FIFO_SRWT,42,2720.36,55,0,1541.0,0,Weld,1,9.8,9.8,9.8,0.0,39.2,1623.3,2235.2,2245.0,9.8,611.9
2026-09-09 15:30:58,compound_scenario,FIFO_SRWT,42,2720.36,56,0,1549.0,0,Weld,1,11.0,11.0,11.0,0.0,39.5,1630.8,2245.0,2256.0,11.0,614.2
2026-09-09 15:30:58,compound_scenario,FIFO_SRWT,42,2720.36,57,0,1557.0,0,Weld,1,10.3,10.3,10.3,0.0,39.7,1638.5,2256.0,2266.3,10.3,617.5
2026-09-09 15:30:58,compound_scenario,FIFO_SRWT,42,2720.36,58,0,1565.0,0,Weld,1,10.1,10.1,10.1,0.0,40.5,1647.6,2266.3,2276.4,10.1,618.7
2026-09-09 15:30:58,compound_scenario,FIFO_SRWT,42,2720.36,59,0,1573.0,0,Weld,1,10.4,10.4,10.4,0.0,36.6,1655.2,2276.4,2286.8,10.4,621.2
2026-09-09 15:30:58,compound_scenario,FIFO_SRWT,42,2720.36,60,0,1581.0,0,Weld,1,10.7,10.7,10.7,0.0,42.1,1670.7,2286.8,2297.6,10.7,616.2
2026-09-09 15:30:58,compound_scenario,FIFO_SRWT,42,2720.36,61,0,1589.0,0,Weld,1,10.6,10.6,10.6,0.0,42.1,1678.4,2297.6,2308.1,10.6,619.2
2026-09-09 15:30:58,compound_scenario,FIFO_SRWT,42,2720.36,62,0,1597.0,0,Weld,1,9.5,9.5,9.5,0.0,42.1,1685.9,2308.1,2317.6,9.5,622.2
2026-09-09 15:30:58,compound_scenario,FIFO_SRWT,42,2720.36,63,0,2200.0,0,Mill,1,21.0,21.0,21.0,0.0,40.7,2467.4,2467.4,2488.3,21.0,0.0
2026-09-09 15:30:58,compound_scenario,FIFO_SRWT,42,2720.36,63,0,2200.0,1,Lathe,1,29.5,29.5,29.5,0.0,20.7,2532.5,2532.5,2562.0,29.5,0.0
2026-09-09 15:30:58,compound_scenario,FIFO_SRWT,42,2720.36,63,0,2200.0,2,Weld,1,28.0,28.0,28.0,0.0,20.8,2595.3,2595.3,2623.4,28.1,0.0
2026-09-09 15:30:58,compound_scenario,FIFO_SRWT,42,2720.36,64,0,2260.0,0,Mill,1,26.3,26.3,26.3,0.0,36.1,2477.3,2477.3,2503.7,26.4,0.0
2026-09-09 15:30:58,compound_scenario,FIFO_SRWT,42,2720.36,64,0,2260.0,1,Lathe,1,48.3,48.3,48.3,0.0,20.8,2542.4,2542.4,2590.8,48.3,0.0
2026-09-09 15:30:58,compound_scenario,FIFO_SRWT,42,2720.36,64,0,2260.0,2,Weld,1,46.3,46.3,46.3,0.0,20.9,2623.0,2623.0,2669.3,46.3,0.0
2026-09-09 15:30:58,compound_scenario,FIFO_SRWT,42,2720.36,65,0,2320.0,0,Mill,1,29.4,29.4,29.4,0.0,44.3,2500.2,2500.2,2529.6,29.5,0.0
2026-09-09 15:30:58,compound_scenario,FIFO_SRWT,42,2720.36,65,0,2320.0,1,Lathe,1,39.7,39.7,39.7,0.0,4.7,2536.5,2536.5,2576.2,39.7,0.0
2026-09-09 15:30:58,compound_scenario,FIFO_SRWT,42,2720.36,65,0,2320.0,2,Weld,1,31.9,31.9,31.9,0.0,13.0,2592.4,2592.4,2624.3,31.9,0.0
2026-09-09 15:32:11,compound_scenario,FIFO_SRWT,43,2720.36,0,0,0.0,0,Mill,1,39.2,39.2,39.2,0.0,18.6,31.0,31.0,70.2,39.2,0.0
2026-09-09 15:32:11,compound_scenario,FIFO_SRWT,43,2720.36,0,0,0.0,1,Lathe,1,20.8,20.8,20.8,0.0,20.7,105.8,105.8,126.6,20.8,0.0
2026-09-09 15:32:11,compound_scenario,FIFO_SRWT,43,2720.36,0,0,0.0,2,Weld,1,28.3,28.3,28.3,0.0,21.5,162.5,162.5,190.8,28.3,0.0
2026-09-09 15:32:11,compound_scenario,FIFO_SRWT,43,2720.36,1,0,60.0,0,Mill,1,26.7,26.7,26.7,0.0,16.8,93.0,93.0,119.7,26.7,0.0
2026-09-09 15:32:11,compound_scenario,FIFO_SRWT,43,2720.36,1,0,60.0,1,Lathe,1,42.1,42.1,42.1,0.0,21.5,156.9,156.9,199.1,42.1,0.0
2026-09-09 15:32:11,compound_scenario,FIFO_SRWT,43,2720.36,1,0,60.0,2,Weld,1,40.3,40.3,40.3,0.0,20.6,231.0,231.0,271.3,40.3,0.0
2026-09-09 15:32:11,compound_scenario,FIFO_SRWT,43,2720.36,2,0,120.0,0,Mill,1,46.8,46.8,46.8,0.0,34.9,169.9,169.9,216.7,46.8,0.0
2026-09-09 15:32:11,compound_scenario,FIFO_SRWT,43,2720.36,2,0,120.0,1,Lathe,1,22.6,22.6,22.6,0.0,4.7,223.6,223.6,246.3,22.6,0.0
2026-09-09 15:32:11,compound_scenario,FIFO_SRWT,43,2720.36,2,0,120.0,2,Weld,1,32.7,32.7,32.7,0.0,13.0,262.4,262.4,295.1,32.7,0.0
2026-09-09 15:32:11,compound_scenario,FIFO_SRWT,43,2720.36,3,0,250.0,0,Mill,3,20.0,20.0,20.0,0.0,18.6,280.9,280.9,301.0,20.0,0.0
2026-09-09 15:32:11,compound_scenario,FIFO_SRWT,43,2720.36,3,0,250.0,1,Weld,1,12.4,12.4,12.4,0.0,22.6,375.7,404.0,416.4,12.4,28.2
2026-09-09 15:32:11,compound_scenario,FIFO_SRWT,43,2720.36,4,0,250.0,0,Mill,3,20.0,20.0,20.0,0.0,18.9,291.6,291.6,311.6,20.0,0.0
2026-09-09 15:32:11,compound_scenario,FIFO_SRWT,43,2720.36,4,0,250.0,1,Weld,1,27.5,27.5,27.5,0.0,18.9,363.2,416.4,443.9,27.5,53.2
2026-09-09 15:32:11,compound_scenario,FIFO_SRWT,43,2720.36,5,0,250.0,0,Mill,3,20.0,20.0,20.0,0.0,36.8,327.3,327.3,347.4,20.0,0.0
2026-09-09 15:32:11,compound_scenario,FIFO_SRWT,43,2720.36,5,0,250.0,1,Weld,1,50.4,50.4,50.4,0.0,63.5,476.2,482.0,532.4,50.5,5.8
2026-09-09 15:32:11,compound_scenario,FIFO_SRWT,43,2720.36,6,0,250.0,0,Mill,3,20.0,20.0,20.0,0.0,24.0,321.5,324.6,344.6,20.0,3.1
2026-09-09 15:32:11,compound_scenario,FIFO_SRWT,43,2720.36,6,0,250.0,1,Weld,1,12.1,12.1,12.1,0.0,27.8,397.9,443.9,456.0,12.1,46.0
2026-09-09 15:32:11,compound_scenario,FIFO_SRWT,43,2720.36,7,0,250.0,0,Mill,3,20.0,20.0,20.0,0.0,18.4,332.6,342.4,362.4,20.0,9.8
2026-09-09 15:32:11,compound_scenario,FIFO_SRWT,43,2720.36,7,0,250.0,1,Weld,1,25.9,25.9,25.9,0.0,37.9,447.0,456.0,482.0,25.9,9.0
2026-09-09 15:32:11,compound_scenario,FIFO_SRWT,43,2720.36,8,0,250.0,0,Mill,3,20.0,20.0,20.0,0.0,38.1,305.8,305.8,325.8,20.0,0.0
2026-09-09 15:32:11,compound_scenario,FIFO_SRWT,43,2720.36,8,0,250.0,1,Weld,1,62.0,62.0,62.0,0.0,54.5,383.3,532.4,594.4,62.0,149.1
2026-09-09 15:32:11,compound_scenario,FIFO_SRWT,43,2720.36,9,0,250.0,0,Mill,3,20.0,20.0,20.0,0.0,24.8,304.6,304.6,324.6,20.0,0.0
2026-09-09 15:32:11,compound_scenario,FIFO_SRWT,43,2720.36,9,0,250.0,1,Weld,1,53.6,53.6,53.6,0.0,21.8,350.3,350.3,404.0,53.6,0.0
2026-09-09 15:32:11,compound_scenario,FIFO_SRWT,43,2720.36,10,0,250.0,0,Mill,3,20.0,20.0,20.0,0.0,19.4,322.4,322.4,342.4,20.0,0.0
2026-09-09 15:32:11,compound_scenario,FIFO_SRWT,43,2720.36,10,0,250.0,1,Weld,1,27.6,27.6,27.6,0.0,39.7,418.1,594.4,622.1,27.7,176.3
2026-09-09 15:32:11,compound_scenario,FIFO_SRWT,43,2720.36,20,0,650.0,0,Mill,3,20.0,20.0,20.0,0.0,19.4,682.7,682.7,702.7,20.0,0.0
2026-09-09 15:32:11,compound_scenario,FIFO_SRWT,43,2720.36,20,0,650.0,1,Weld,2,19.2,19.2,19.2,0.0,22.1,731.8,731.8,751.0,19.2,0.0
2026-09-09 15:32:11,compound_scenario,FIFO_SRWT,43,2720.36,19,0,650.0,0,Mill,3,20.0,20.0,20.0,0.0,16.8,696.4,696.4,716.4,20.0,0.0
2026-09-09 15:32:11,compound_scenario,FIFO_SRWT,43,2720.36,19,0,650.0,1,Weld,2,30.2,30.2,30.2,0.0,24.6,769.3,769.3,799.5,30.2,0.0
2026-09-09 15:32:11,compound_scenario,FIFO_SRWT,43,2720.36,18,0,650.0,0,Mill,3,20.0,20.0,20.0,0.0,42.2,735.2,749.3,769.3,20.0,14.1
2026-09-09 15:32:11,compound_scenario,FIFO_SRWT,43,2720.36,18,0,650.0,1,Weld,2,58.1,58.1,58.1,0.0,53.7,890.1,890.1,948.2,58.1,0.0
2026-09-09 15:32:11,compound_scenario,FIFO_SRWT,43,2720.36,17,0,650.0,0,Mill,3,20.0,20.0,20.0,0.0,20.7,730.4,738.5,758.5,20.0,8.1
2026-09-09 15:32:11,compound_scenario,FIFO_SRWT,43,2720.36,17,0,650.0,1,Weld,2,22.0,22.0,22.0,0.0,27.6,803.2,847.4,869.5,22.0,44.3
2026-09-09 15:32:11,compound_scenario,FIFO_SRWT,43,2720.36,16,0,650.0,0,Mill,3,20.0,20.0,20.0,0.0,18.4,739.1,739.1,759.1,20.0,0.0
2026-09-09 15:32:11,compound_scenario,FIFO_SRWT,43,2720.36,16,0,650.0,1,Weld,2,30.3,30.3,30.3,0.0,41.3,836.3,869.5,899.8,30.3,33.2
2026-09-09 15:32:11,compound_scenario,FIFO_SRWT,43,2720.36,14,0,650.0,0,Mill,3,20.0,20.0,20.0,0.0,59.1,729.3,729.3,749.3,20.0,0.0
2026-09-09 15:32:11,compound_scenario,FIFO_SRWT,43,2720.36,14,0,650.0,1,Weld,2,51.3,51.3,51.3,0.0,48.5,826.8,834.5,885.8,51.3,7.7
2026-09-09 15:32:11,compound_scenario,FIFO_SRWT,43,2720.36,13,0,650.0,0,Mill,3,20.0,20.0,20.0,0.0,19.1,718.5,718.5,738.5,20.0,0.0
2026-09-09 15:32:11,compound_scenario,FIFO_SRWT,43,2720.36,13,0,650.0,1,Weld,2,15.3,15.3,15.3,0.0,25.2,819.2,819.2,834.5,15.3,0.0
2026-09-09 15:32:11,compound_scenario,FIFO_SRWT,43,2720.36,12,0,650.0,0,Mill,3,20.0,20.0,20.0,0.0,16.8,705.0,716.4,736.4,20.0,11.4
2026-09-09 15:32:11,compound_scenario,FIFO_SRWT,43,2720.36,12,0,650.0,1,Weld,2,51.4,51.4,51.4,0.0,32.7,796.0,796.0,847.4,51.4,0.0
2026-09-09 15:32:11,compound_scenario,FIFO_SRWT,43,2720.36,11,0,650.0,0,Mill,3,20.0,20.0,20.0,0.0,36.5,741.3,769.4,789.4,20.0,28.0
2026-09-09 15:32:11,compound_scenario,FIFO_SRWT,43,2720.36,11,0,650.0,1,Weld,2,41.5,41.5,41.5,0.0,59.4,920.4,946.2,987.8,41.5,25.8
2026-09-09 15:32:11,compound_scenario,FIFO_SRWT,43,2720.36,15,0,650.0,0,Mill,3,20.0,20.0,20.0,0.0,30.8,786.9,786.9,806.9,20.0,0.0
2026-09-09 15:32:11,compound_scenario,FIFO_SRWT,43,2720.36,15,0,650.0,1,Weld,2,46.4,46.4,46.4,0.0,27.8,887.1,899.8,946.2,46.4,12.7
2026-09-09 15:32:11,compound_scenario,FIFO_SRWT,43,2720.36,29,0,1050.0,0,Mill,3,20.0,20.0,20.0,0.0,18.6,1081.4,1081.4,1101.4,20.0,0.0
2026-09-09 15:32:11,compound_scenario,FIFO_SRWT,43,2720.36,29,0,1050.0,1,Weld,1,39.8,39.8,39.8,0.0,22.9,1131.4,1131.4,1171.3,39.9,0.0
2026-09-09 15:32:11,compound_scenario,FIFO_SRWT,43,2720.36,35,0,1050.0,0,Mill,3,20.0,20.0,20.0,0.0,16.8,1087.5,1087.5,1107.5,20.0,0.0
2026-09-09 15:32:11,compound_scenario,FIFO_SRWT,43,2720.36,35,0,1050.0,1,Weld,1,17.1,17.1,17.1,0.0,28.0,1175.4,1225.1,1242.2,17.1,49.7
2026-09-09 15:32:11,compound_scenario,FIFO_SRWT,43,2720.36,34,0,1050.0,0,Mill,3,20.0,20.0,20.0,0.0,49.2,1129.3,1129.3,1149.3,20.0,0.0
2026-09-09 15:32:11,compound_scenario,FIFO_SRWT,43,2720.36,34,0,1050.0,1,Weld,1,46.7,46.7,46.7,0.0,57.6,1271.1,1285.0,1331.8,46.7,13.9
2026-09-09 15:32:11,compound_scenario,FIFO_SRWT,43,2720.36,32,0,1050.0,0,Mill,3,20.0,20.0,20.0,0.0,26.9,1118.6,1118.6,1138.6,20.0,0.0
2026-09-09 15:32:11,compound_scenario,FIFO_SRWT,43,2720.36,32,0,1050.0,1,Weld,1,53.8,53.8,53.8,0.0,17.2,1163.2,1171.3,1225.1,53.8,8.1
2026-09-09 15:32:11,compound_scenario,FIFO_SRWT,43,2720.36,31,0,1050.0,0,Mill,3,20.0,20.0,20.0,0.0,18.9,1121.1,1127.6,1147.6,20.0,6.5
2026-09-09 15:32:11,compound_scenario,FIFO_SRWT,43,2720.36,31,0,1050.0,1,Weld,1,42.8,42.8,42.8,0.0,39.5,1203.3,1242.2,1285.0,42.9,38.9
2026-09-09 15:32:11,compound_scenario,FIFO_SRWT,43,2720.36,30,0,1050.0,0,Mill,3,20.0,20.0,20.0,0.0,34.9,1146.3,1149.4,1169.4,20.0,3.0
2026-09-09 15:32:11,compound_scenario,FIFO_SRWT,43,2720.36,30,0,1050.0,1,Weld,1,52.3,52.3,52.3,0.0,59.6,1315.6,1331.8,1384.1,52.3,16.1
2026-09-09 15:32:11,compound_scenario,FIFO_SRWT,43,2720.36,28,0,1050.0,0,Mill,3,20.0,20.0,20.0,0.0,23.5,1144.5,1144.5,1164.5,20.0,0.0
2026-09-09 15:32:11,compound_scenario,FIFO_SRWT,43,2720.36,28,0,1050.0,1,Weld,1,32.0,32.0,32.0,0.0,33.5,1238.8,1384.1,1416.2,32.1,145.3
2026-09-09 15:32:11,compound_scenario,FIFO_SRWT,43,2720.36,33,0,1050.0,0,Mill,3,20.0,20.0,20.0,0.0,17.1,1103.9,1107.5,1127.6,20.0,3.6
2026-09-09 15:32:11,compound_scenario,FIFO_SRWT,43,2720.36,33,0,1050.0,1,Weld,1,41.0,41.0,41.0,0.0,34.5,1215.9,1416.2,1457.2,41.0,200.3
2026-09-09 15:32:11,compound_scenario,FIFO_SRWT,43,2720.36,26,0,1050.0,0,Mill,3,20.0,20.0,20.0,0.0,38.1,1135.3,1169.4,1189.4,20.0,34.1
2026-09-09 15:32:11,compound_scenario,FIFO_SRWT,43,2720.36,26,0,1050.0,1,Weld,1,39.1,39.1,39.1,0.0,55.8,1263.5,1457.2,1496.3,39.2,193.7
2026-09-09 15:32:11,compound_scenario,FIFO_SRWT,43,2720.36,25,0,1050.0,0,Mill,3,20.0,20.0,20.0,0.0,30.5,1161.2,1164.5,1184.5,20.0,3.3
2026-09-09 15:32:11,compound_scenario,FIFO_SRWT,43,2720.36,25,0,1050.0,1,Weld,1,47.8,47.8,47.8,0.0,27.3,1246.5,1496.3,1544.2,47.9,249.8
2026-09-09 15:32:11,compound_scenario,FIFO_SRWT,43,2720.36,24,0,1050.0,0,Mill,3,20.0,20.0,20.0,0.0,20.2,1162.3,1162.3,1182.3,20.0,0.0
2026-09-09 15:32:11,compound_scenario,FIFO_SRWT,43,2720.36,24,0,1050.0,1,Weld,1,51.3,51.3,51.3,0.0,33.5,1255.8,1544.2,1595.5,51.3,288.4
2026-09-09 15:32:11,compound_scenario,FIFO_SRWT,43,2720.36,23,0,1050.0,0,Mill,3,20.0,20.0,20.0,0.0,42.5,1206.2,1206.2,1226.3,20.0,0.0
2026-09-09 15:32:11,compound_scenario,FIFO_SRWT,43,2720.36,23,0,1050.0,1,Weld,1,42.2,42.2,42.2,0.0,62.2,1370.4,1595.5,1637.7,42.2,225.2
2026-09-09 15:32:11,compound_scenario,FIFO_SRWT,43,2720.36,27,0,1050.0,0,Mill,3,20.0,20.0,20.0,0.0,30.3,1203.7,1203.7,1223.7,20.0,0.0
2026-09-09 15:32:11,compound_scenario,FIFO_SRWT,43,2720.36,27,0,1050.0,1,Weld,1,58.8,58.8,58.8,0.0,36.4,1300.3,1637.7,1696.6,58.8,337.4
2026-09-09 15:32:11,compound_scenario,FIFO_SRWT,43,2720.36,22,0,1050.0,0,Mill,3,20.0,20.0,20.0,0.0,31.6,1214.6,1214.6,1234.6,20.0,0.0
2026-09-09 15:32:11,compound_scenario,FIFO_SRWT,43,2720.36,22,0,1050.0,1,Weld,1,53.1,53.1,53.1,0.0,38.1,1308.1,1696.6,1749.7,53.2,388.5
2026-09-09 15:32:11,compound_scenario,FIFO_SRWT,43,2720.36,21,0,1050.0,0,Mill,3,20.0,20.0,20.0,0.0,59.9,1345.1,1345.1,1365.1,20.0,0.0
2026-09-09 15:32:11,compound_scenario,FIFO_SRWT,43,2720.36,21,0,1050.0,1,Weld,1,19.4,19.4,19.4,0.0,37.0,1404.4,1749.7,1769.1,19.4,345.3
2026-09-09 15:32:11,compound_scenario,FIFO_SRWT,43,2720.36,37,0,1400.0,0,Weld,1,150.0,150.0,150.0,0.0,13.2,1426.6,1769.1,1919.1,150.0,342.5
2026-09-09 15:32:11,compound_scenario,FIFO_SRWT,43,2720.36,36,0,1400.0,0,Weld,1,150.0,150.0,150.0,0.0,16.1,1439.1,1919.1,2069.2,150.0,480.0
2026-09-09 15:32:11,compound_scenario,FIFO_SRWT,43,2720.36,38,0,1405.0,0,Weld,1,9.5,9.5,9.5,0.0,34.0,1486.0,2069.2,2078.7,9.5,583.2
2026-09-09 15:32:11,compound_scenario,FIFO_SRWT,43,2720.36,39,0,1413.0,0,Weld,1,9.6,9.6,9.6,0.0,20.8,1453.7,2078.7,2088.3,9.6,625.0
2026-09-09 15:32:11,compound_scenario,FIFO_SRWT,43,2720.36,40,0,1421.0,0,Weld,1,9.2,9.2,9.2,0.0,31.2,1478.3,2088.3,2097.4,9.2,610.0
2026-09-09 15:32:11,compound_scenario,FIFO_SRWT,43,2720.36,41,0,1429.0,0,Weld,1,9.5,9.5,9.5,0.0,23.1,1461.4,2097.4,2106.9,9.5,636.0
2026-09-09 15:32:11,compound_scenario,FIFO_SRWT,43,2720.36,42,0,1437.0,0,Weld,1,9.2,9.2,9.2,0.0,36.4,1493.7,2106.9,2116.2,9.2,613.3
2026-09-09 15:32:11,compound_scenario,FIFO_SRWT,43,2720.36,43,0,1445.0,0,Weld,1,9.6,9.6,9.6,0.0,41.3,1510.5,2116.2,2125.7,9.6,605.7
2026-09-09 15:32:11,compound_scenario,FIFO_SRWT,43,2720.36,44,0,1453.0,0,Weld,1,10.3,10.3,10.3,0.0,36.9,1501.2,2125.7,2136.0,10.3,624.5
2026-09-09 15:32:11,compound_scenario,FIFO_SRWT,43,2720.36,45,0,1461.0,0,Weld,1,9.7,9.7,9.7,0.0,40.3,1531.8,2136.0,2145.8,9.8,604.2
2026-09-09 15:32:11,compound_scenario,FIFO_SRWT,43,2720.36,46,0,1469.0,0,Weld,1,9.7,9.7,9.7,0.0,40.5,1539.5,2145.8,2155.6,9.8,606.3
2026-09-09 15:32:11,compound_scenario,FIFO_SRWT,43,2720.36,47,0,1477.0,0,Weld,1,9.4,9.4,9.4,0.0,40.5,1547.2,2155.6,2165.0,9.4,608.3
2026-09-09 15:32:11,compound_scenario,FIFO_SRWT,43,2720.36,48,0,1485.0,0,Weld,1,9.5,9.5,9.5,0.0,38.7,1563.2,2165.0,2174.6,9.6,601.8
2026-09-09 15:32:11,compound_scenario,FIFO_SRWT,43,2720.36,49,0,1493.0,0,Weld,1,10.9,10.9,10.9,0.0,30.4,1570.8,2174.6,2185.5,10.9,603.7
2026-09-09 15:32:11,compound_scenario,FIFO_SRWT,43,2720.36,50,0,1501.0,0,Weld,1,10.3,10.3,10.3,0.0,35.3,1586.0,2185.5,2195.8,10.3,599.4
2026-09-09 15:32:11,compound_scenario,FIFO_SRWT,43,2720.36,51,0,1509.0,0,Weld,1,10.2,10.2,10.2,0.0,32.5,1578.3,2195.8,2206.0,10.2,617.5
2026-09-09 15:32:11,compound_scenario,FIFO_SRWT,43,2720.36,52,0,1517.0,0,Weld,1,9.3,9.3,9.3,0.0,37.4,1593.5,2206.0,2215.4,9.4,612.5
2026-09-09 15:32:11,compound_scenario,FIFO_SRWT,43,2720.36,53,0,1525.0,0,Weld,1,10.5,10.5,10.5,0.0,36.9,1615.6,2215.4,2225.9,10.5,599.8
2026-09-09 15:32:11,compound_scenario,FIFO_SRWT,43,2720.36,54,0,1533.0,0,Weld,1,9.3,9.3,9.3,0.0,34.0,1607.9,2225.9,2235.2,9.4,617.9
2026-09-09 15:32:11,compound_scenario,FIFO_SRWT,43,2720.36,55,0,1541.0,0,Weld,1,9.8,9.8,9.8,0.0,39.2,1623.3,2235.2,2245.0,9.8,611.9
2026-09-09 15:32:11,compound_scenario,FIFO_SRWT,43,2720.36,56,0,1549.0,0,Weld,1,11.0,11.0,11.0,0.0,39.5,1630.8,2245.0,2256.0,11.0,614.2
2026-09-09 15:32:11,compound_scenario,FIFO_SRWT,43,2720.36,57,0,1557.0,0,Weld,1,10.3,10.3,10.3,0.0,39.7,1638.5,2256.0,2266.3,10.3,617.5
2026-09-09 15:32:11,compound_scenario,FIFO_SRWT,43,2720.36,58,0,1565.0,0,Weld,1,10.1,10.1,10.1,0.0,40.5,1647.6,2266.3,2276.4,10.1,618.7
2026-09-09 15:32:11,compound_scenario,FIFO_SRWT,43,2720.36,59,0,1573.0,0,Weld,1,10.4,10.4,10.4,0.0,36.6,1655.2,2276.4,2286.8,10.4,621.2
2026-09-09 15:32:11,compound_scenario,FIFO_SRWT,43,2720.36,60,0,1581.0,0,Weld,1,10.7,10.7,10.7,0.0,42.1,1670.7,2286.8,2297.6,10.7,616.2
2026-09-09 15:32:11,compound_scenario,FIFO_SRWT,43,2720.36,61,0,1589.0,0,Weld,1,10.6,10.6,10.6,0.0,42.1,1678.4,2297.6,2308.1,10.6,619.2
2026-09-09 15:32:11,compound_scenario,FIFO_SRWT,43,2720.36,62,0,1597.0,0,Weld,1,9.5,9.5,9.5,0.0,42.1,1685.9,2308.1,2317.6,9.5,622.2
2026-09-09 15:32:11,compound_scenario,FIFO_SRWT,43,2720.36,63,0,2200.0,0,Mill,1,21.0,21.0,21.0,0.0,40.7,2467.4,2467.4,2488.3,21.0,0.0
2026-09-09 15:32:11,compound_scenario,FIFO_SRWT,43,2720.36,63,0,2200.0,1,Lathe,1,29.5,29.5,29.5,0.0,20.7,2532.5,2532.5,2562.0,29.5,0.0
2026-09-09 15:32:11,compound_scenario,FIFO_SRWT,43,2720.36,63,0,2200.0,2,Weld,1,28.0,28.0,28.0,0.0,20.8,2595.3,2595.3,2623.4,28.1,0.0
2026-09-09 15:32:11,compound_scenario,FIFO_SRWT,43,2720.36,64,0,2260.0,0,Mill,1,26.3,26.3,26.3,0.0,36.1,2477.3,2477.3,2503.7,26.4,0.0
2026-09-09 15:32:11,compound_scenario,FIFO_SRWT,43,2720.36,64,0,2260.0,1,Lathe,1,48.3,48.3,48.3,0.0,20.8,2542.4,2542.4,2590.8,48.3,0.0
2026-09-09 15:32:11,compound_scenario,FIFO_SRWT,43,2720.36,64,0,2260.0,2,Weld,1,46.3,46.3,46.3,0.0,20.9,2623.0,2623.0,2669.3,46.3,0.0
2026-09-09 15:32:11,compound_scenario,FIFO_SRWT,43,2720.36,65,0,2320.0,0,Mill,1,29.4,29.4,29.4,0.0,44.3,2500.2,2500.2,2529.6,29.5,0.0
2026-09-09 15:32:11,compound_scenario,FIFO_SRWT,43,2720.36,65,0,2320.0,1,Lathe,1,39.7,39.7,39.7,0.0,4.7,2536.5,2536.5,2576.2,39.7,0.0
2026-09-09 15:32:11,compound_scenario,FIFO_SRWT,43,2720.36,65,0,2320.0,2,Weld,1,31.9,31.9,31.9,0.0,13.0,2592.4,2592.4,2624.3,31.9,0.0
2026-09-09 15:33:24,compound_scenario,FIFO_SRWT,44,2720.36,0,0,0.0,0,Mill,1,39.2,39.2,39.2,0.0,18.6,31.0,31.0,70.2,39.2,0.0
2026-09-09 15:33:24,compound_scenario,FIFO_SRWT,44,2720.36,0,0,0.0,1,Lathe,1,20.8,20.8,20.8,0.0,20.7,105.8,105.8,126.6,20.8,0.0
2026-09-09 15:33:24,compound_scenario,FIFO_SRWT,44,2720.36,0,0,0.0,2,Weld,1,28.3,28.3,28.3,0.0,21.5,162.5,162.5,190.8,28.3,0.0
2026-09-09 15:33:24,compound_scenario,FIFO_SRWT,44,2720.36,1,0,60.0,0,Mill,1,26.7,26.7,26.7,0.0,16.8,93.0,93.0,119.7,26.7,0.0
2026-09-09 15:33:24,compound_scenario,FIFO_SRWT,44,2720.36,1,0,60.0,1,Lathe,1,42.1,42.1,42.1,0.0,21.5,156.9,156.9,199.1,42.1,0.0
2026-09-09 15:33:24,compound_scenario,FIFO_SRWT,44,2720.36,1,0,60.0,2,Weld,1,40.3,40.3,40.3,0.0,20.6,231.0,231.0,271.3,40.3,0.0
2026-09-09 15:33:24,compound_scenario,FIFO_SRWT,44,2720.36,2,0,120.0,0,Mill,1,46.8,46.8,46.8,0.0,34.9,169.9,169.9,216.7,46.8,0.0
2026-09-09 15:33:24,compound_scenario,FIFO_SRWT,44,2720.36,2,0,120.0,1,Lathe,1,22.6,22.6,22.6,0.0,4.7,223.6,223.6,246.3,22.6,0.0
2026-09-09 15:33:24,compound_scenario,FIFO_SRWT,44,2720.36,2,0,120.0,2,Weld,1,32.7,32.7,32.7,0.0,13.0,262.4,262.4,295.1,32.7,0.0
2026-09-09 15:33:24,compound_scenario,FIFO_SRWT,44,2720.36,3,0,250.0,0,Mill,3,20.0,20.0,20.0,0.0,18.6,280.9,280.9,301.0,20.0,0.0
2026-09-09 15:33:24,compound_scenario,FIFO_SRWT,44,2720.36,3,0,250.0,1,Weld,1,12.4,12.4,12.4,0.0,22.6,375.7,404.0,416.4,12.4,28.2
2026-09-09 15:33:24,compound_scenario,FIFO_SRWT,44,2720.36,4,0,250.0,0,Mill,3,20.0,20.0,20.0,0.0,18.9,291.6,291.6,311.6,20.0,0.0
2026-09-09 15:33:24,compound_scenario,FIFO_SRWT,44,2720.36,4,0,250.0,1,Weld,1,27.5,27.5,27.5,0.0,18.9,363.2,416.4,443.9,27.5,53.2
2026-09-09 15:33:24,compound_scenario,FIFO_SRWT,44,2720.36,5,0,250.0,0,Mill,3,20.0,20.0,20.0,0.0,36.8,327.3,327.3,347.4,20.0,0.0
2026-09-09 15:33:24,compound_scenario,FIFO_SRWT,44,2720.36,5,0,250.0,1,Weld,1,50.4,50.4,50.4,0.0,63.5,476.2,482.0,532.4,50.5,5.8
2026-09-09 15:33:24,compound_scenario,FIFO_SRWT,44,2720.36,6,0,250.0,0,Mill,3,20.0,20.0,20.0,0.0,24.0,321.5,324.6,344.6,20.0,3.1
2026-09-09 15:33:24,compound_scenario,FIFO_SRWT,44,2720.36,6,0,250.0,1,Weld,1,12.1,12.1,12.1,0.0,27.8,397.9,443.9,456.0,12.1,46.0
2026-09-09 15:33:24,compound_scenario,FIFO_SRWT,44,2720.36,7,0,250.0,0,Mill,3,20.0,20.0,20.0,0.0,18.4,332.6,342.4,362.4,20.0,9.8
2026-09-09 15:33:24,compound_scenario,FIFO_SRWT,44,2720.36,7,0,250.0,1,Weld,1,25.9,25.9,25.9,0.0,37.9,447.0,456.0,482.0,25.9,9.0
2026-09-09 15:33:24,compound_scenario,FIFO_SRWT,44,2720.36,8,0,250.0,0,Mill,3,20.0,20.0,20.0,0.0,38.1,305.8,305.8,325.8,20.0,0.0
2026-09-09 15:33:24,compound_scenario,FIFO_SRWT,44,2720.36,8,0,250.0,1,Weld,1,62.0,62.0,62.0,0.0,54.5,383.3,532.4,594.4,62.0,149.1
2026-09-09 15:33:24,compound_scenario,FIFO_SRWT,44,2720.36,9,0,250.0,0,Mill,3,20.0,20.0,20.0,0.0,24.8,304.6,304.6,324.6,20.0,0.0
2026-09-09 15:33:24,compound_scenario,FIFO_SRWT,44,2720.36,9,0,250.0,1,Weld,1,53.6,53.6,53.6,0.0,21.8,350.3,350.3,404.0,53.6,0.0
2026-09-09 15:33:24,compound_scenario,FIFO_SRWT,44,2720.36,10,0,250.0,0,Mill,3,20.0,20.0,20.0,0.0,19.4,322.4,322.4,342.4,20.0,0.0
2026-09-09 15:33:24,compound_scenario,FIFO_SRWT,44,2720.36,10,0,250.0,1,Weld,1,27.6,27.6,27.6,0.0,39.7,418.1,594.4,622.1,27.7,176.3
2026-09-09 15:33:24,compound_scenario,FIFO_SRWT,44,2720.36,20,0,650.0,0,Mill,3,20.0,20.0,20.0,0.0,19.4,682.7,682.7,702.7,20.0,0.0
2026-09-09 15:33:24,compound_scenario,FIFO_SRWT,44,2720.36,20,0,650.0,1,Weld,2,19.2,19.2,19.2,0.0,22.1,731.8,731.8,751.0,19.2,0.0
2026-09-09 15:33:24,compound_scenario,FIFO_SRWT,44,2720.36,19,0,650.0,0,Mill,3,20.0,20.0,20.0,0.0,16.8,696.4,696.4,716.4,20.0,0.0
2026-09-09 15:33:24,compound_scenario,FIFO_SRWT,44,2720.36,19,0,650.0,1,Weld,2,30.2,30.2,30.2,0.0,24.6,769.3,769.3,799.5,30.2,0.0
2026-09-09 15:33:24,compound_scenario,FIFO_SRWT,44,2720.36,18,0,650.0,0,Mill,3,20.0,20.0,20.0,0.0,42.2,735.2,749.3,769.3,20.0,14.1
2026-09-09 15:33:24,compound_scenario,FIFO_SRWT,44,2720.36,18,0,650.0,1,Weld,2,58.1,58.1,58.1,0.0,53.7,890.1,890.1,948.2,58.1,0.0
2026-09-09 15:33:24,compound_scenario,FIFO_SRWT,44,2720.36,17,0,650.0,0,Mill,3,20.0,20.0,20.0,0.0,20.7,730.4,738.5,758.5,20.0,8.1
2026-09-09 15:33:24,compound_scenario,FIFO_SRWT,44,2720.36,17,0,650.0,1,Weld,2,22.0,22.0,22.0,0.0,27.6,803.2,847.4,869.5,22.0,44.3
2026-09-09 15:33:24,compound_scenario,FIFO_SRWT,44,2720.36,16,0,650.0,0,Mill,3,20.0,20.0,20.0,0.0,18.4,739.1,739.1,759.1,20.0,0.0
2026-09-09 15:33:24,compound_scenario,FIFO_SRWT,44,2720.36,16,0,650.0,1,Weld,2,30.3,30.3,30.3,0.0,41.3,836.3,869.5,899.8,30.3,33.2
2026-09-09 15:33:24,compound_scenario,FIFO_SRWT,44,2720.36,14,0,650.0,0,Mill,3,20.0,20.0,20.0,0.0,59.1,729.3,729.3,749.3,20.0,0.0
2026-09-09 15:33:24,compound_scenario,FIFO_SRWT,44,2720.36,14,0,650.0,1,Weld,2,51.3,51.3,51.3,0.0,48.5,826.8,834.5,885.8,51.3,7.7
2026-09-09 15:33:24,compound_scenario,FIFO_SRWT,44,2720.36,13,0,650.0,0,Mill,3,20.0,20.0,20.0,0.0,19.1,718.5,718.5,738.5,20.0,0.0
2026-09-09 15:33:24,compound_scenario,FIFO_SRWT,44,2720.36,13,0,650.0,1,Weld,2,15.3,15.3,15.3,0.0,25.2,819.2,819.2,834.5,15.3,0.0
2026-09-09 15:33:24,compound_scenario,FIFO_SRWT,44,2720.36,12,0,650.0,0,Mill,3,20.0,20.0,20.0,0.0,16.8,705.0,716.4,736.4,20.0,11.4
2026-09-09 15:33:24,compound_scenario,FIFO_SRWT,44,2720.36,12,0,650.0,1,Weld,2,51.4,51.4,51.4,0.0,32.7,796.0,796.0,847.4,51.4,0.0
2026-09-09 15:33:24,compound_scenario,FIFO_SRWT,44,2720.36,11,0,650.0,0,Mill,3,20.0,20.0,20.0,0.0,36.5,741.3,769.4,789.4,20.0,28.0
2026-09-09 15:33:24,compound_scenario,FIFO_SRWT,44,2720.36,11,0,650.0,1,Weld,2,41.5,41.5,41.5,0.0,59.4,920.4,946.2,987.8,41.5,25.8
2026-09-09 15:33:24,compound_scenario,FIFO_SRWT,44,2720.36,15,0,650.0,0,Mill,3,20.0,20.0,20.0,0.0,30.8,786.9,786.9,806.9,20.0,0.0
2026-09-09 15:33:24,compound_scenario,FIFO_SRWT,44,2720.36,15,0,650.0,1,Weld,2,46.4,46.4,46.4,0.0,27.8,887.1,899.8,946.2,46.4,12.7
2026-09-09 15:33:24,compound_scenario,FIFO_SRWT,44,2720.36,29,0,1050.0,0,Mill,3,20.0,20.0,20.0,0.0,18.6,1081.4,1081.4,1101.4,20.0,0.0
2026-09-09 15:33:24,compound_scenario,FIFO_SRWT,44,2720.36,29,0,1050.0,1,Weld,1,39.8,39.8,39.8,0.0,22.9,1131.4,1131.4,1171.3,39.9,0.0
2026-09-09 15:33:24,compound_scenario,FIFO_SRWT,44,2720.36,35,0,1050.0,0,Mill,3,20.0,20.0,20.0,0.0,16.8,1087.5,1087.5,1107.5,20.0,0.0
2026-09-09 15:33:24,compound_scenario,FIFO_SRWT,44,2720.36,35,0,1050.0,1,Weld,1,17.1,17.1,17.1,0.0,28.0,1175.4,1225.1,1242.2,17.1,49.7
2026-09-09 15:33:24,compound_scenario,FIFO_SRWT,44,2720.36,34,0,1050.0,0,Mill,3,20.0,20.0,20.0,0.0,49.2,1129.3,1129.3,1149.3,20.0,0.0
2026-09-09 15:33:24,compound_scenario,FIFO_SRWT,44,2720.36,34,0,1050.0,1,Weld,1,46.7,46.7,46.7,0.0,57.6,1271.1,1285.0,1331.8,46.7,13.9
2026-09-09 15:33:24,compound_scenario,FIFO_SRWT,44,2720.36,32,0,1050.0,0,Mill,3,20.0,20.0,20.0,0.0,26.9,1118.6,1118.6,1138.6,20.0,0.0
2026-09-09 15:33:24,compound_scenario,FIFO_SRWT,44,2720.36,32,0,1050.0,1,Weld,1,53.8,53.8,53.8,0.0,17.2,1163.2,1171.3,1225.1,53.8,8.1
2026-09-09 15:33:24,compound_scenario,FIFO_SRWT,44,2720.36,31,0,1050.0,0,Mill,3,20.0,20.0,20.0,0.0,18.9,1121.1,1127.6,1147.6,20.0,6.5
2026-09-09 15:33:24,compound_scenario,FIFO_SRWT,44,2720.36,31,0,1050.0,1,Weld,1,42.8,42.8,42.8,0.0,39.5,1203.3,1242.2,1285.0,42.9,38.9
2026-09-09 15:33:24,compound_scenario,FIFO_SRWT,44,2720.36,30,0,1050.0,0,Mill,3,20.0,20.0,20.0,0.0,34.9,1146.3,1149.4,1169.4,20.0,3.0
2026-09-09 15:33:24,compound_scenario,FIFO_SRWT,44,2720.36,30,0,1050.0,1,Weld,1,52.3,52.3,52.3,0.0,59.6,1315.6,1331.8,1384.1,52.3,16.1
2026-09-09 15:33:24,compound_scenario,FIFO_SRWT,44,2720.36,28,0,1050.0,0,Mill,3,20.0,20.0,20.0,0.0,23.5,1144.5,1144.5,1164.5,20.0,0.0
2026-09-09 15:33:24,compound_scenario,FIFO_SRWT,44,2720.36,28,0,1050.0,1,Weld,1,32.0,32.0,32.0,0.0,33.5,1238.8,1384.1,1416.2,32.1,145.3
2026-09-09 15:33:24,compound_scenario,FIFO_SRWT,44,2720.36,33,0,1050.0,0,Mill,3,20.0,20.0,20.0,0.0,17.1,1103.9,1107.5,1127.6,20.0,3.6
2026-09-09 15:33:24,compound_scenario,FIFO_SRWT,44,2720.36,33,0,1050.0,1,Weld,1,41.0,41.0,41.0,0.0,34.5,1215.9,1416.2,1457.2,41.0,200.3
2026-09-09 15:33:24,compound_scenario,FIFO_SRWT,44,2720.36,26,0,1050.0,0,Mill,3,20.0,20.0,20.0,0.0,38.1,1135.3,1169.4,1189.4,20.0,34.1
2026-09-09 15:33:24,compound_scenario,FIFO_SRWT,44,2720.36,26,0,1050.0,1,Weld,1,39.1,39.1,39.1,0.0,55.8,1263.5,1457.2,1496.3,39.2,193.7
2026-09-09 15:33:24,compound_scenario,FIFO_SRWT,44,2720.36,25,0,1050.0,0,Mill,3,20.0,20.0,20.0,0.0,30.5,1161.2,1164.5,1184.5,20.0,3.3
2026-09-09 15:33:24,compound_scenario,FIFO_SRWT,44,2720.36,25,0,1050.0,1,Weld,1,47.8,47.8,47.8,0.0,27.3,1246.5,1496.3,1544.2,47.9,249.8
2026-09-09 15:33:24,compound_scenario,FIFO_SRWT,44,2720.36,24,0,1050.0,0,Mill,3,20.0,20.0,20.0,0.0,20.2,1162.3,1162.3,1182.3,20.0,0.0
2026-09-09 15:33:24,compound_scenario,FIFO_SRWT,44,2720.36,24,0,1050.0,1,Weld,1,51.3,51.3,51.3,0.0,33.5,1255.8,1544.2,1595.5,51.3,288.4
2026-09-09 15:33:24,compound_scenario,FIFO_SRWT,44,2720.36,23,0,1050.0,0,Mill,3,20.0,20.0,20.0,0.0,42.5,1206.2,1206.2,1226.3,20.0,0.0
2026-09-09 15:33:24,compound_scenario,FIFO_SRWT,44,2720.36,23,0,1050.0,1,Weld,1,42.2,42.2,42.2,0.0,62.2,1370.4,1595.5,1637.7,42.2,225.2
2026-09-09 15:33:24,compound_scenario,FIFO_SRWT,44,2720.36,27,0,1050.0,0,Mill,3,20.0,20.0,20.0,0.0,30.3,1203.7,1203.7,1223.7,20.0,0.0
2026-09-09 15:33:24,compound_scenario,FIFO_SRWT,44,2720.36,27,0,1050.0,1,Weld,1,58.8,58.8,58.8,0.0,36.4,1300.3,1637.7,1696.6,58.8,337.4
2026-09-09 15:33:24,compound_scenario,FIFO_SRWT,44,2720.36,22,0,1050.0,0,Mill,3,20.0,20.0,20.0,0.0,31.6,1214.6,1214.6,1234.6,20.0,0.0
2026-09-09 15:33:24,compound_scenario,FIFO_SRWT,44,2720.36,22,0,1050.0,1,Weld,1,53.1,53.1,53.1,0.0,38.1,1308.1,1696.6,1749.7,53.2,388.5
2026-09-09 15:33:24,compound_scenario,FIFO_SRWT,44,2720.36,21,0,1050.0,0,Mill,3,20.0,20.0,20.0,0.0,59.9,1345.1,1345.1,1365.1,20.0,0.0
2026-09-09 15:33:24,compound_scenario,FIFO_SRWT,44,2720.36,21,0,1050.0,1,Weld,1,19.4,19.4,19.4,0.0,37.0,1404.4,1749.7,1769.1,19.4,345.3
2026-09-09 15:33:24,compound_scenario,FIFO_SRWT,44,2720.36,37,0,1400.0,0,Weld,1,150.0,150.0,150.0,0.0,13.2,1426.6,1769.1,1919.1,150.0,342.5
2026-09-09 15:33:24,compound_scenario,FIFO_SRWT,44,2720.36,36,0,1400.0,0,Weld,1,150.0,150.0,150.0,0.0,16.1,1439.1,1919.1,2069.2,150.0,480.0
2026-09-09 15:33:24,compound_scenario,FIFO_SRWT,44,2720.36,38,0,1405.0,0,Weld,1,9.5,9.5,9.5,0.0,34.0,1486.0,2069.2,2078.7,9.5,583.2
2026-09-09 15:33:24,compound_scenario,FIFO_SRWT,44,2720.36,39,0,1413.0,0,Weld,1,9.6,9.6,9.6,0.0,20.8,1453.7,2078.7,2088.3,9.6,625.0
2026-09-09 15:33:24,compound_scenario,FIFO_SRWT,44,2720.36,40,0,1421.0,0,Weld,1,9.2,9.2,9.2,0.0,31.2,1478.3,2088.3,2097.4,9.2,610.0
2026-09-09 15:33:24,compound_scenario,FIFO_SRWT,44,2720.36,41,0,1429.0,0,Weld,1,9.5,9.5,9.5,0.0,23.1,1461.4,2097.4,2106.9,9.5,636.0
2026-09-09 15:33:24,compound_scenario,FIFO_SRWT,44,2720.36,42,0,1437.0,0,Weld,1,9.2,9.2,9.2,0.0,36.4,1493.7,2106.9,2116.2,9.2,613.3
2026-09-09 15:33:24,compound_scenario,FIFO_SRWT,44,2720.36,43,0,1445.0,0,Weld,1,9.6,9.6,9.6,0.0,41.3,1510.5,2116.2,2125.7,9.6,605.7
2026-09-09 15:33:24,compound_scenario,FIFO_SRWT,44,2720.36,44,0,1453.0,0,Weld,1,10.3,10.3,10.3,0.0,36.9,1501.2,2125.7,2136.0,10.3,624.5
2026-09-09 15:33:24,compound_scenario,FIFO_SRWT,44,2720.36,45,0,1461.0,0,Weld,1,9.7,9.7,9.7,0.0,40.3,1531.8,2136.0,2145.8,9.8,604.2
2026-09-09 15:33:24,compound_scenario,FIFO_SRWT,44,2720.36,46,0,1469.0,0,Weld,1,9.7,9.7,9.7,0.0,40.5,1539.5,2145.8,2155.6,9.8,606.3
2026-09-09 15:33:24,compound_scenario,FIFO_SRWT,44,2720.36,47,0,1477.0,0,Weld,1,9.4,9.4,9.4,0.0,40.5,1547.2,2155.6,2165.0,9.4,608.3
2026-09-09 15:33:24,compound_scenario,FIFO_SRWT,44,2720.36,48,0,1485.0,0,Weld,1,9.5,9.5,9.5,0.0,38.7,1563.2,2165.0,2174.6,9.6,601.8
2026-09-09 15:33:24,compound_scenario,FIFO_SRWT,44,2720.36,49,0,1493.0,0,Weld,1,10.9,10.9,10.9,0.0,30.4,1570.8,2174.6,2185.5,10.9,603.7
2026-09-09 15:33:24,compound_scenario,FIFO_SRWT,44,2720.36,50,0,1501.0,0,Weld,1,10.3,10.3,10.3,0.0,35.3,1586.0,2185.5,2195.8,10.3,599.4
2026-09-09 15:33:24,compound_scenario,FIFO_SRWT,44,2720.36,51,0,1509.0,0,Weld,1,10.2,10.2,10.2,0.0,32.5,1578.3,2195.8,2206.0,10.2,617.5
2026-09-09 15:33:24,compound_scenario,FIFO_SRWT,44,2720.36,52,0,1517.0,0,Weld,1,9.3,9.3,9.3,0.0,37.4,1593.5,2206.0,2215.4,9.4,612.5
2026-09-09 15:33:24,compound_scenario,FIFO_SRWT,44,2720.36,53,0,1525.0,0,Weld,1,10.5,10.5,10.5,0.0,36.9,1615.6,2215.4,2225.9,10.5,599.8
2026-09-09 15:33:24,compound_scenario,FIFO_SRWT,44,2720.36,54,0,1533.0,0,Weld,1,9.3,9.3,9.3,0.0,34.0,1607.9,2225.9,2235.2,9.4,617.9
2026-09-09 15:33:24,compound_scenario,FIFO_SRWT,44,2720.36,55,0,1541.0,0,Weld,1,9.8,9.8,9.8,0.0,39.2,1623.3,2235.2,2245.0,9.8,611.9
2026-09-09 15:33:24,compound_scenario,FIFO_SRWT,44,2720.36,56,0,1549.0,0,Weld,1,11.0,11.0,11.0,0.0,39.5,1630.8,2245.0,2256.0,11.0,614.2
2026-09-09 15:33:24,compound_scenario,FIFO_SRWT,44,2720.36,57,0,1557.0,0,Weld,1,10.3,10.3,10.3,0.0,39.7,1638.5,2256.0,2266.3,10.3,617.5
2026-09-09 15:33:24,compound_scenario,FIFO_SRWT,44,2720.36,58,0,1565.0,0,Weld,1,10.1,10.1,10.1,0.0,40.5,1647.6,2266.3,2276.4,10.1,618.7
2026-09-09 15:33:24,compound_scenario,FIFO_SRWT,44,2720.36,59,0,1573.0,0,Weld,1,10.4,10.4,10.4,0.0,36.6,1655.2,2276.4,2286.8,10.4,621.2
2026-09-09 15:33:24,compound_scenario,FIFO_SRWT,44,2720.36,60,0,1581.0,0,Weld,1,10.7,10.7,10.7,0.0,42.1,1670.7,2286.8,2297.6,10.7,616.2
2026-09-09 15:33:24,compound_scenario,FIFO_SRWT,44,2720.36,61,0,1589.0,0,Weld,1,10.6,10.6,10.6,0.0,42.1,1678.4,2297.6,2308.1,10.6,619.2
2026-09-09 15:33:24,compound_scenario,FIFO_SRWT,44,2720.36,62,0,1597.0,0,Weld,1,9.5,9.5,9.5,0.0,42.1,1685.9,2308.1,2317.6,9.5,622.2
2026-09-09 15:33:24,compound_scenario,FIFO_SRWT,44,2720.36,63,0,2200.0,0,Mill,1,21.0,21.0,21.0,0.0,40.7,2467.4,2467.4,2488.3,21.0,0.0
2026-09-09 15:33:24,compound_scenario,FIFO_SRWT,44,2720.36,63,0,2200.0,1,Lathe,1,29.5,29.5,29.5,0.0,20.7,2532.5,2532.5,2562.0,29.5,0.0
2026-09-09 15:33:24,compound_scenario,FIFO_SRWT,44,2720.36,63,0,2200.0,2,Weld,1,28.0,28.0,28.0,0.0,20.8,2595.3,2595.3,2623.4,28.1,0.0
2026-09-09 15:33:24,compound_scenario,FIFO_SRWT,44,2720.36,64,0,2260.0,0,Mill,1,26.3,26.3,26.3,0.0,36.1,2477.3,2477.3,2503.7,26.4,0.0
2026-09-09 15:33:24,compound_scenario,FIFO_SRWT,44,2720.36,64,0,2260.0,1,Lathe,1,48.3,48.3,48.3,0.0,20.8,2542.4,2542.4,2590.8,48.3,0.0
2026-09-09 15:33:24,compound_scenario,FIFO_SRWT,44,2720.36,64,0,2260.0,2,Weld,1,46.3,46.3,46.3,0.0,20.9,2623.0,2623.0,2669.3,46.3,0.0
2026-09-09 15:33:24,compound_scenario,FIFO_SRWT,44,2720.36,65,0,2320.0,0,Mill,1,29.4,29.4,29.4,0.0,44.3,2500.2,2500.2,2529.6,29.5,0.0
2026-09-09 15:33:24,compound_scenario,FIFO_SRWT,44,2720.36,65,0,2320.0,1,Lathe,1,39.7,39.7,39.7,0.0,4.7,2536.5,2536.5,2576.2,39.7,0.0
2026-09-09 15:33:24,compound_scenario,FIFO_SRWT,44,2720.36,65,0,2320.0,2,Weld,1,31.9,31.9,31.9,0.0,13.0,2592.4,2592.4,2624.3,31.9,0.0
2026-09-09 15:34:03,convoy_waves,FIFO_SRWT,42,1520.32,0,0,0.0,0,Mill,3,20.0,20.0,20.0,0.0,18.6,31.0,31.0,51.0,20.0,0.0
2026-09-09 15:34:03,convoy_waves,FIFO_SRWT,42,1520.32,0,0,0.0,1,Weld,1,43.8,43.8,43.8,0.0,21.8,100.2,100.2,144.0,43.8,0.0
2026-09-09 15:34:03,convoy_waves,FIFO_SRWT,42,1520.32,1,0,0.0,0,Mill,3,20.0,20.0,20.0,0.0,16.8,36.6,36.6,56.6,20.0,0.0
2026-09-09 15:34:03,convoy_waves,FIFO_SRWT,42,1520.32,1,0,0.0,1,Weld,1,16.1,16.1,16.1,0.0,24.9,115.3,144.0,160.2,16.2,28.7
2026-09-09 15:34:03,convoy_waves,FIFO_SRWT,42,1520.32,2,0,0.0,0,Mill,3,20.0,20.0,20.0,0.0,46.4,74.0,74.0,94.0,20.0,0.0
2026-09-09 15:34:03,convoy_waves,FIFO_SRWT,42,1520.32,2,0,0.0,1,Weld,1,27.4,27.4,27.4,0.0,43.8,144.6,160.2,187.6,27.4,15.6
2026-09-09 15:34:03,convoy_waves,FIFO_SRWT,42,1520.32,3,0,0.0,0,Mill,3,20.0,20.0,20.0,0.0,18.6,54.9,54.9,74.9,20.0,0.0
2026-09-09 15:34:03,convoy_waves,FIFO_SRWT,42,1520.32,3,0,0.0,1,Weld,1,25.0,25.0,25.0,0.0,18.4,107.8,187.6,212.6,25.1,79.8
2026-09-09 15:34:03,convoy_waves,FIFO_SRWT,42,1520.32,4,0,0.0,0,Mill,3,20.0,20.0,20.0,0.0,18.9,64.9,64.9,84.9,20.0,0.0
2026-09-09 15:34:03,convoy_waves,FIFO_SRWT,42,1520.32,4,0,0.0,1,Weld,1,48.1,48.1,48.1,0.0,23.8,123.0,212.6,260.8,48.2,89.7
2026-09-09 15:34:03,convoy_waves,FIFO_SRWT,42,1520.32,5,0,400.0,0,Mill,3,20.0,20.0,20.0,0.0,18.6,431.0,431.0,451.0,20.0,0.0
2026-09-09 15:34:03,convoy_waves,FIFO_SRWT,42,1520.32,5,0,400.0,1,Weld,1,45.5,45.5,45.5,0.0,17.4,496.5,496.5,542.0,45.5,0.0
2026-09-09 15:34:03,convoy_waves,FIFO_SRWT,42,1520.32,6,0,400.0,0,Mill,3,20.0,20.0,20.0,0.0,16.8,436.4,436.4,456.5,20.0,0.0
2026-09-09 15:34:03,convoy_waves,FIFO_SRWT,42,1520.32,6,0,400.0,1,Weld,1,55.2,55.2,55.2,0.0,29.6,516.8,542.0,597.1,55.2,25.1
2026-09-09 15:34:03,convoy_waves,FIFO_SRWT,42,1520.32,7,0,400.0,0,Mill,3,20.0,20.0,20.0,0.0,50.8,478.3,478.3,498.3,20.0,0.0
2026-09-09 15:34:03,convoy_waves,FIFO_SRWT,42,1520.32,7,0,400.0,1,Weld,1,18.9,18.9,18.9,0.0,45.6,546.1,597.1,616.1,18.9,51.0
2026-09-09 15:34:03,convoy_waves,FIFO_SRWT,42,1520.32,8,0,400.0,0,Mill,3,20.0,20.0,20.0,0.0,19.9,460.4,460.4,480.4,20.0,0.0
2026-09-09 15:34:03,convoy_waves,FIFO_SRWT,42,1520.32,8,0,400.0,1,Weld,1,34.0,34.0,34.0,0.0,22.9,509.1,616.1,650.1,34.0,107.0
2026-09-09 15:34:03,convoy_waves,FIFO_SRWT,42,1520.32,9,0,400.0,0,Mill,3,20.0,20.0,20.0,0.0,20.2,470.3,470.3,490.3,20.0,0.0
2026-09-09 15:34:03,convoy_waves,FIFO_SRWT,42,1520.32,9,0,400.0,1,Weld,1,16.3,16.3,16.3,0.0,23.8,531.6,650.1,666.5,16.4,118.5
2026-09-09 15:34:03,convoy_waves,FIFO_SRWT,42,1520.32,10,0,800.0,0,Mill,3,20.0,20.0,20.0,0.0,18.6,831.0,831.0,851.0,20.0,0.0
2026-09-09 15:34:03,convoy_waves,FIFO_SRWT,42,1520.32,10,0,800.0,1,Weld,1,24.8,24.8,24.8,0.0,17.4,896.5,896.5,921.3,24.9,0.0
2026-09-09 15:34:03,convoy_waves,FIFO_SRWT,42,1520.32,11,0,800.0,0,Mill,3,20.0,20.0,20.0,0.0,16.8,836.4,836.4,856.5,20.0,0.0
2026-09-09 15:34:03,convoy_waves,FIFO_SRWT,42,1520.32,11,0,800.0,1,Weld,1,37.7,37.7,37.7,0.0,29.6,916.8,921.3,959.1,37.8,4.5
2026-09-09 15:34:03,convoy_waves,FIFO_SRWT,42,1520.32,12,0,800.0,0,Mill,3,20.0,20.0,20.0,0.0,50.8,878.3,878.3,898.3,20.0,0.0
2026-09-09 15:34:03,convoy_waves,FIFO_SRWT,42,1520.32,12,0,800.0,1,Weld,1,16.2,16.2,16.2,0.0,45.6,946.1,959.1,975.3,16.2,13.0
2026-09-09 15:34:03,convoy_waves,FIFO_SRWT,42,1520.32,13,0,800.0,0,Mill,3,20.0,20.0,20.0,0.0,19.9,860.4,860.4,880.4,20.0,0.0
2026-09-09 15:34:03,convoy_waves,FIFO_SRWT,42,1520.32,13,0,800.0,1,Weld,1,24.0,24.0,24.0,0.0,22.9,909.1,975.3,999.3,24.0,66.2
2026-09-09 15:34:03,convoy_waves,FIFO_SRWT,42,1520.32,14,0,800.0,0,Mill,3,20.0,20.0,20.0,0.0,20.2,870.3,870.3,890.3,20.0,0.0
2026-09-09 15:34:03,convoy_waves,FIFO_SRWT,42,1520.32,14,0,800.0,1,Weld,1,44.2,44.2,44.2,0.0,23.8,931.6,999.3,1043.6,44.3,67.7
2026-09-09 15:34:03,convoy_waves,FIFO_SRWT,42,1520.32,15,0,1200.0,0,Mill,3,20.0,20.0,20.0,0.0,18.6,1231.0,1231.0,1251.0,20.0,0.0
2026-09-09 15:34:03,convoy_waves,FIFO_SRWT,42,1520.32,15,0,1200.0,1,Weld,1,39.5,39.5,39.5,0.0,17.4,1296.5,1296.5,1336.0,39.5,0.0
2026-09-09 15:34:03,convoy_waves,FIFO_SRWT,42,1520.32,16,0,1200.0,0,Mill,3,20.0,20.0,20.0,0.0,16.8,1236.4,1236.4,1256.5,20.0,0.0
2026-09-09 15:34:03,convoy_waves,FIFO_SRWT,42,1520.32,16,0,1200.0,1,Weld,1,24.9,24.9,24.9,0.0,29.6,1316.8,1336.0,1361.0,24.9,19.2
2026-09-09 15:34:03,convoy_waves,FIFO_SRWT,42,1520.32,17,0,1200.0,0,Mill,3,20.0,20.0,20.0,0.0,50.8,1278.3,1278.3,1298.3,20.0,0.0
2026-09-09 15:34:03,convoy_waves,FIFO_SRWT,42,1520.32,17,0,1200.0,1,Weld,1,41.5,41.5,41.5,0.0,45.6,1346.1,1361.0,1402.5,41.5,14.8
2026-09-09 15:34:03,convoy_waves,FIFO_SRWT,42,1520.32,18,0,1200.0,0,Mill,3,20.0,20.0,20.0,0.0,19.9,1260.4,1260.4,1280.4,20.0,0.0
2026-09-09 15:34:03,convoy_waves,FIFO_SRWT,42,1520.32,18,0,1200.0,1,Weld,1,51.4,51.4,51.4,0.0,22.9,1309.1,1402.5,1453.9,51.4,93.4
2026-09-09 15:34:03,convoy_waves,FIFO_SRWT,42,1520.32,19,0,1200.0,0,Mill,3,20.0,20.0,20.0,0.0,20.2,1270.3,1270.3,1290.3,20.0,0.0
2026-09-09 15:34:03,convoy_waves,FIFO_SRWT,42,1520.32,19,0,1200.0,1,Weld,1,15.3,15.3,15.3,0.0,23.8,1331.6,1453.9,1469.3,15.3,122.3
2026-09-09 15:34:41,convoy_waves,FIFO_SRWT,43,1520.32,0,0,0.0,0,Mill,3,20.0,20.0,20.0,0.0,18.6,31.0,31.0,51.0,20.0,0.0
2026-09-09 15:34:41,convoy_waves,FIFO_SRWT,43,1520.32,0,0,0.0,1,Weld,1,43.8,43.8,43.8,0.0,21.8,100.2,100.2,144.0,43.8,0.0
2026-09-09 15:34:41,convoy_waves,FIFO_SRWT,43,1520.32,1,0,0.0,0,Mill,3,20.0,20.0,20.0,0.0,16.8,36.6,36.6,56.6,20.0,0.0
2026-09-09 15:34:41,convoy_waves,FIFO_SRWT,43,1520.32,1,0,0.0,1,Weld,1,16.1,16.1,16.1,0.0,24.9,115.3,144.0,160.2,16.2,28.7
2026-09-09 15:34:41,convoy_waves,FIFO_SRWT,43,1520.32,2,0,0.0,0,Mill,3,20.0,20.0,20.0,0.0,46.4,74.0,74.0,94.0,20.0,0.0
2026-09-09 15:34:41,convoy_waves,FIFO_SRWT,43,1520.32,2,0,0.0,1,Weld,1,27.4,27.4,27.4,0.0,43.8,144.6,160.2,187.6,27.4,15.6
2026-09-09 15:34:41,convoy_waves,FIFO_SRWT,43,1520.32,3,0,0.0,0,Mill,3,20.0,20.0,20.0,0.0,18.6,54.9,54.9,74.9,20.0,0.0
2026-09-09 15:34:41,convoy_waves,FIFO_SRWT,43,1520.32,3,0,0.0,1,Weld,1,25.0,25.0,25.0,0.0,18.4,107.8,187.6,212.6,25.1,79.8
2026-09-09 15:34:41,convoy_waves,FIFO_SRWT,43,1520.32,4,0,0.0,0,Mill,3,20.0,20.0,20.0,0.0,18.9,64.9,64.9,84.9,20.0,0.0
2026-09-09 15:34:41,convoy_waves,FIFO_SRWT,43,1520.32,4,0,0.0,1,Weld,1,48.1,48.1,48.1,0.0,23.8,123.0,212.6,260.8,48.2,89.7
2026-09-09 15:34:41,convoy_waves,FIFO_SRWT,43,1520.32,5,0,400.0,0,Mill,3,20.0,20.0,20.0,0.0,18.6,431.0,431.0,451.0,20.0,0.0
2026-09-09 15:34:41,convoy_waves,FIFO_SRWT,43,1520.32,5,0,400.0,1,Weld,1,45.5,45.5,45.5,0.0,17.4,496.5,496.5,542.0,45.5,0.0
2026-09-09 15:34:41,convoy_waves,FIFO_SRWT,43,1520.32,6,0,400.0,0,Mill,3,20.0,20.0,20.0,0.0,16.8,436.4,436.4,456.5,20.0,0.0
2026-09-09 15:34:41,convoy_waves,FIFO_SRWT,43,1520.32,6,0,400.0,1,Weld,1,55.2,55.2,55.2,0.0,29.6,516.8,542.0,597.1,55.2,25.1
2026-09-09 15:34:41,convoy_waves,FIFO_SRWT,43,1520.32,7,0,400.0,0,Mill,3,20.0,20.0,20.0,0.0,50.8,478.3,478.3,498.3,20.0,0.0
2026-09-09 15:34:41,convoy_waves,FIFO_SRWT,43,1520.32,7,0,400.0,1,Weld,1,18.9,18.9,18.9,0.0,45.6,546.1,597.1,616.1,18.9,51.0
2026-09-09 15:34:41,convoy_waves,FIFO_SRWT,43,1520.32,8,0,400.0,0,Mill,3,20.0,20.0,20.0,0.0,19.9,460.4,460.4,480.4,20.0,0.0
2026-09-09 15:34:41,convoy_waves,FIFO_SRWT,43,1520.32,8,0,400.0,1,Weld,1,34.0,34.0,34.0,0.0,22.9,509.1,616.1,650.1,34.0,107.0
2026-09-09 15:34:41,convoy_waves,FIFO_SRWT,43,1520.32,9,0,400.0,0,Mill,3,20.0,20.0,20.0,0.0,20.2,470.3,470.3,490.3,20.0,0.0
2026-09-09 15:34:41,convoy_waves,FIFO_SRWT,43,1520.32,9,0,400.0,1,Weld,1,16.3,16.3,16.3,0.0,23.8,531.6,650.1,666.5,16.4,118.5
2026-09-09 15:34:41,convoy_waves,FIFO_SRWT,43,1520.32,10,0,800.0,0,Mill,3,20.0,20.0,20.0,0.0,18.6,831.0,831.0,851.0,20.0,0.0
2026-09-09 15:34:41,convoy_waves,FIFO_SRWT,43,1520.32,10,0,800.0,1,Weld,1,24.8,24.8,24.8,0.0,17.4,896.5,896.5,921.3,24.9,0.0
2026-09-09 15:34:41,convoy_waves,FIFO_SRWT,43,1520.32,11,0,800.0,0,Mill,3,20.0,20.0,20.0,0.0,16.8,836.4,836.4,856.5,20.0,0.0
2026-09-09 15:34:41,convoy_waves,FIFO_SRWT,43,1520.32,11,0,800.0,1,Weld,1,37.7,37.7,37.7,0.0,29.6,916.8,921.3,959.1,37.8,4.5
2026-09-09 15:34:41,convoy_waves,FIFO_SRWT,43,1520.32,12,0,800.0,0,Mill,3,20.0,20.0,20.0,0.0,50.8,878.3,878.3,898.3,20.0,0.0
2026-09-09 15:34:41,convoy_waves,FIFO_SRWT,43,1520.32,12,0,800.0,1,Weld,1,16.2,16.2,16.2,0.0,45.6,946.1,959.1,975.3,16.2,13.0
2026-09-09 15:34:41,convoy_waves,FIFO_SRWT,43,1520.32,13,0,800.0,0,Mill,3,20.0,20.0,20.0,0.0,19.9,860.4,860.4,880.4,20.0,0.0
2026-09-09 15:34:41,convoy_waves,FIFO_SRWT,43,1520.32,13,0,800.0,1,Weld,1,24.0,24.0,24.0,0.0,22.9,909.1,975.3,999.3,24.0,66.2
2026-09-09 15:34:41,convoy_waves,FIFO_SRWT,43,1520.32,14,0,800.0,0,Mill,3,20.0,20.0,20.0,0.0,20.2,870.3,870.3,890.3,20.0,0.0
2026-09-09 15:34:41,convoy_waves,FIFO_SRWT,43,1520.32,14,0,800.0,1,Weld,1,44.2,44.2,44.2,0.0,23.8,931.6,999.3,1043.6,44.3,67.7
2026-09-09 15:34:41,convoy_waves,FIFO_SRWT,43,1520.32,15,0,1200.0,0,Mill,3,20.0,20.0,20.0,0.0,18.6,1231.0,1231.0,1251.0,20.0,0.0
2026-09-09 15:34:41,convoy_waves,FIFO_SRWT,43,1520.32,15,0,1200.0,1,Weld,1,39.5,39.5,39.5,0.0,17.4,1296.5,1296.5,1336.0,39.5,0.0
2026-09-09 15:34:41,convoy_waves,FIFO_SRWT,43,1520.32,16,0,1200.0,0,Mill,3,20.0,20.0,20.0,0.0,16.8,1236.4,1236.4,1256.5,20.0,0.0
2026-09-09 15:34:41,convoy_waves,FIFO_SRWT,43,1520.32,16,0,1200.0,1,Weld,1,24.9,24.9,24.9,0.0,29.6,1316.8,1336.0,1361.0,24.9,19.2
2026-09-09 15:34:41,convoy_waves,FIFO_SRWT,43,1520.32,17,0,1200.0,0,Mill,3,20.0,20.0,20.0,0.0,50.8,1278.3,1278.3,1298.3,20.0,0.0
2026-09-09 15:34:41,convoy_waves,FIFO_SRWT,43,1520.32,17,0,1200.0,1,Weld,1,41.5,41.5,41.5,0.0,45.6,1346.1,1361.0,1402.5,41.5,14.8
2026-09-09 15:34:41,convoy_waves,FIFO_SRWT,43,1520.32,18,0,1200.0,0,Mill,3,20.0,20.0,20.0,0.0,19.9,1260.4,1260.4,1280.4,20.0,0.0
2026-09-09 15:34:41,convoy_waves,FIFO_SRWT,43,1520.32,18,0,1200.0,1,Weld,1,51.4,51.4,51.4,0.0,22.9,1309.1,1402.5,1453.9,51.4,93.4
2026-09-09 15:34:41,convoy_waves,FIFO_SRWT,43,1520.32,19,0,1200.0,0,Mill,3,20.0,20.0,20.0,0.0,20.2,1270.3,1270.3,1290.3,20.0,0.0
2026-09-09 15:34:41,convoy_waves,FIFO_SRWT,43,1520.32,19,0,1200.0,1,Weld,1,15.3,15.3,15.3,0.0,23.8,1331.6,1453.9,1469.3,15.3,122.3
2026-09-09 15:35:20,convoy_waves,FIFO_SRWT,44,1520.32,0,0,0.0,0,Mill,3,20.0,20.0,20.0,0.0,18.6,31.0,31.0,51.0,20.0,0.0
2026-09-09 15:35:20,convoy_waves,FIFO_SRWT,44,1520.32,0,0,0.0,1,Weld,1,43.8,43.8,43.8,0.0,21.8,100.2,100.2,144.0,43.8,0.0
2026-09-09 15:35:20,convoy_waves,FIFO_SRWT,44,1520.32,1,0,0.0,0,Mill,3,20.0,20.0,20.0,0.0,16.8,36.6,36.6,56.6,20.0,0.0
2026-09-09 15:35:20,convoy_waves,FIFO_SRWT,44,1520.32,1,0,0.0,1,Weld,1,16.1,16.1,16.1,0.0,24.9,115.3,144.0,160.2,16.2,28.7
2026-09-09 15:35:20,convoy_waves,FIFO_SRWT,44,1520.32,2,0,0.0,0,Mill,3,20.0,20.0,20.0,0.0,46.4,74.0,74.0,94.0,20.0,0.0
2026-09-09 15:35:20,convoy_waves,FIFO_SRWT,44,1520.32,2,0,0.0,1,Weld,1,27.4,27.4,27.4,0.0,43.8,144.6,160.2,187.6,27.4,15.6
2026-09-09 15:35:20,convoy_waves,FIFO_SRWT,44,1520.32,3,0,0.0,0,Mill,3,20.0,20.0,20.0,0.0,18.6,54.9,54.9,74.9,20.0,0.0
2026-09-09 15:35:20,convoy_waves,FIFO_SRWT,44,1520.32,3,0,0.0,1,Weld,1,25.0,25.0,25.0,0.0,18.4,107.8,187.6,212.6,25.1,79.8
2026-09-09 15:35:20,convoy_waves,FIFO_SRWT,44,1520.32,4,0,0.0,0,Mill,3,20.0,20.0,20.0,0.0,18.9,64.9,64.9,84.9,20.0,0.0
2026-09-09 15:35:20,convoy_waves,FIFO_SRWT,44,1520.32,4,0,0.0,1,Weld,1,48.1,48.1,48.1,0.0,23.8,123.0,212.6,260.8,48.2,89.7
2026-09-09 15:35:20,convoy_waves,FIFO_SRWT,44,1520.32,5,0,400.0,0,Mill,3,20.0,20.0,20.0,0.0,18.6,431.0,431.0,451.0,20.0,0.0
2026-09-09 15:35:20,convoy_waves,FIFO_SRWT,44,1520.32,5,0,400.0,1,Weld,1,45.5,45.5,45.5,0.0,17.4,496.5,496.5,542.0,45.5,0.0
2026-09-09 15:35:20,convoy_waves,FIFO_SRWT,44,1520.32,6,0,400.0,0,Mill,3,20.0,20.0,20.0,0.0,16.8,436.4,436.4,456.5,20.0,0.0
2026-09-09 15:35:20,convoy_waves,FIFO_SRWT,44,1520.32,6,0,400.0,1,Weld,1,55.2,55.2,55.2,0.0,29.6,516.8,542.0,597.1,55.2,25.1
2026-09-09 15:35:20,convoy_waves,FIFO_SRWT,44,1520.32,7,0,400.0,0,Mill,3,20.0,20.0,20.0,0.0,50.8,478.3,478.3,498.3,20.0,0.0
2026-09-09 15:35:20,convoy_waves,FIFO_SRWT,44,1520.32,7,0,400.0,1,Weld,1,18.9,18.9,18.9,0.0,45.6,546.1,597.1,616.1,18.9,51.0
2026-09-09 15:35:20,convoy_waves,FIFO_SRWT,44,1520.32,8,0,400.0,0,Mill,3,20.0,20.0,20.0,0.0,19.9,460.4,460.4,480.4,20.0,0.0
2026-09-09 15:35:20,convoy_waves,FIFO_SRWT,44,1520.32,8,0,400.0,1,Weld,1,34.0,34.0,34.0,0.0,22.9,509.1,616.1,650.1,34.0,107.0
2026-09-09 15:35:20,convoy_waves,FIFO_SRWT,44,1520.32,9,0,400.0,0,Mill,3,20.0,20.0,20.0,0.0,20.2,470.3,470.3,490.3,20.0,0.0
2026-09-09 15:35:20,convoy_waves,FIFO_SRWT,44,1520.32,9,0,400.0,1,Weld,1,16.3,16.3,16.3,0.0,23.8,531.6,650.1,666.5,16.4,118.5
2026-09-09 15:35:20,convoy_waves,FIFO_SRWT,44,1520.32,10,0,800.0,0,Mill,3,20.0,20.0,20.0,0.0,18.6,831.0,831.0,851.0,20.0,0.0
2026-09-09 15:35:20,convoy_waves,FIFO_SRWT,44,1520.32,10,0,800.0,1,Weld,1,24.8,24.8,24.8,0.0,17.4,896.5,896.5,921.3,24.9,0.0
2026-09-09 15:35:20,convoy_waves,FIFO_SRWT,44,1520.32,11,0,800.0,0,Mill,3,20.0,20.0,20.0,0.0,16.8,836.4,836.4,856.5,20.0,0.0
2026-09-09 15:35:20,convoy_waves,FIFO_SRWT,44,1520.32,11,0,800.0,1,Weld,1,37.7,37.7,37.7,0.0,29.6,916.8,921.3,959.1,37.8,4.5
2026-09-09 15:35:20,convoy_waves,FIFO_SRWT,44,1520.32,12,0,800.0,0,Mill,3,20.0,20.0,20.0,0.0,50.8,878.3,878.3,898.3,20.0,0.0
2026-09-09 15:35:20,convoy_waves,FIFO_SRWT,44,1520.32,12,0,800.0,1,Weld,1,16.2,16.2,16.2,0.0,45.6,946.1,959.1,975.3,16.2,13.0
2026-09-09 15:35:20,convoy_waves,FIFO_SRWT,44,1520.32,13,0,800.0,0,Mill,3,20.0,20.0,20.0,0.0,19.9,860.4,860.4,880.4,20.0,0.0
2026-09-09 15:35:20,convoy_waves,FIFO_SRWT,44,1520.32,13,0,800.0,1,Weld,1,24.0,24.0,24.0,0.0,22.9,909.1,975.3,999.3,24.0,66.2
2026-09-09 15:35:20,convoy_waves,FIFO_SRWT,44,1520.32,14,0,800.0,0,Mill,3,20.0,20.0,20.0,0.0,20.2,870.3,870.3,890.3,20.0,0.0
2026-09-09 15:35:20,convoy_waves,FIFO_SRWT,44,1520.32,14,0,800.0,1,Weld,1,44.2,44.2,44.2,0.0,23.8,931.6,999.3,1043.6,44.3,67.7
2026-09-09 15:35:20,convoy_waves,FIFO_SRWT,44,1520.32,15,0,1200.0,0,Mill,3,20.0,20.0,20.0,0.0,18.6,1231.0,1231.0,1251.0,20.0,0.0
2026-09-09 15:35:20,convoy_waves,FIFO_SRWT,44,1520.32,15,0,1200.0,1,Weld,1,39.5,39.5,39.5,0.0,17.4,1296.5,1296.5,1336.0,39.5,0.0
2026-09-09 15:35:20,convoy_waves,FIFO_SRWT,44,1520.32,16,0,1200.0,0,Mill,3,20.0,20.0,20.0,0.0,16.8,1236.4,1236.4,1256.5,20.0,0.0
2026-09-09 15:35:20,convoy_waves,FIFO_SRWT,44,1520.32,16,0,1200.0,1,Weld,1,24.9,24.9,24.9,0.0,29.6,1316.8,1336.0,1361.0,24.9,19.2
2026-09-09 15:35:20,convoy_waves,FIFO_SRWT,44,1520.32,17,0,1200.0,0,Mill,3,20.0,20.0,20.0,0.0,50.8,1278.3,1278.3,1298.3,20.0,0.0
2026-09-09 15:35:20,convoy_waves,FIFO_SRWT,44,1520.32,17,0,1200.0,1,Weld,1,41.5,41.5,41.5,0.0,45.6,1346.1,1361.0,1402.5,41.5,14.8
2026-09-09 15:35:20,convoy_waves,FIFO_SRWT,44,1520.32,18,0,1200.0,0,Mill,3,20.0,20.0,20.0,0.0,19.9,1260.4,1260.4,1280.4,20.0,0.0
2026-09-09 15:35:20,convoy_waves,FIFO_SRWT,44,1520.32,18,0,1200.0,1,Weld,1,51.4,51.4,51.4,0.0,22.9,1309.1,1402.5,1453.9,51.4,93.4
2026-09-09 15:35:20,convoy_waves,FIFO_SRWT,44,1520.32,19,0,1200.0,0,Mill,3,20.0,20.0,20.0,0.0,20.2,1270.3,1270.3,1290.3,20.0,0.0
2026-09-09 15:35:20,convoy_waves,FIFO_SRWT,44,1520.32,19,0,1200.0,1,Weld,1,15.3,15.3,15.3,0.0,23.8,1331.6,1453.9,1469.3,15.3,122.3
2026-09-09 15:35:30,identical_batch,FIFO_SRWT,42,383.5,0,0,0.0,0,Mill,3,20.0,20.0,20.0,0.0,18.6,31.0,31.0,51.0,20.0,0.0
2026-09-09 15:35:30,identical_batch,FIFO_SRWT,42,383.5,0,0,0.0,1,Weld,1,40.0,40.0,40.0,0.0,29.9,106.8,132.3,172.4,40.0,25.5
2026-09-09 15:35:30,identical_batch,FIFO_SRWT,42,383.5,1,0,0.0,0,Mill,3,20.0,20.0,20.0,0.0,16.8,36.6,36.6,56.6,20.0,0.0
2026-09-09 15:35:30,identical_batch,FIFO_SRWT,42,383.5,1,0,0.0,1,Weld,1,40.0,40.0,40.0,0.0,33.5,92.3,92.3,132.3,40.0,0.0
2026-09-09 15:35:30,identical_batch,FIFO_SRWT,42,383.5,2,0,0.0,0,Mill,3,20.0,20.0,20.0,0.0,46.4,74.0,74.0,94.0,20.0,0.0
2026-09-09 15:35:30,identical_batch,FIFO_SRWT,42,383.5,2,0,0.0,1,Weld,1,40.0,40.0,40.0,0.0,47.7,148.5,172.4,212.4,40.0,23.9
2026-09-09 15:35:30,identical_batch,FIFO_SRWT,42,383.5,3,0,0.0,0,Mill,3,20.0,20.0,20.0,0.0,18.6,54.9,54.9,74.9,20.0,0.0
2026-09-09 15:35:30,identical_batch,FIFO_SRWT,42,383.5,3,0,0.0,1,Weld,1,40.0,40.0,40.0,0.0,35.1,119.2,212.4,252.4,40.0,93.2
2026-09-09 15:35:30,identical_batch,FIFO_SRWT,42,383.5,4,0,0.0,0,Mill,3,20.0,20.0,20.0,0.0,18.6,64.6,64.6,84.6,20.0,0.0
2026-09-09 15:35:30,identical_batch,FIFO_SRWT,42,383.5,4,0,0.0,1,Weld,1,40.0,40.0,40.0,0.0,22.8,140.9,252.4,292.4,40.0,111.5
2026-09-09 15:35:30,identical_batch,FIFO_SRWT,42,383.5,5,0,0.0,0,Mill,3,20.0,20.0,20.0,0.0,41.5,107.0,107.0,127.0,20.0,0.0
2026-09-09 15:35:30,identical_batch,FIFO_SRWT,42,383.5,5,0,0.0,1,Weld,1,40.0,40.0,40.0,0.0,46.4,184.4,292.4,332.4,40.0,108.1
2026-09-09 15:35:41,identical_batch,FIFO_SRWT,43,383.5,0,0,0.0,0,Mill,3,20.0,20.0,20.0,0.0,18.6,31.0,31.0,51.0,20.0,0.0
2026-09-09 15:35:41,identical_batch,FIFO_SRWT,43,383.5,0,0,0.0,1,Weld,1,40.0,40.0,40.0,0.0,29.9,106.8,132.3,172.4,40.0,25.5
2026-09-09 15:35:41,identical_batch,FIFO_SRWT,43,383.5,1,0,0.0,0,Mill,3,20.0,20.0,20.0,0.0,16.8,36.6,36.6,56.6,20.0,0.0
2026-09-09 15:35:41,identical_batch,FIFO_SRWT,43,383.5,1,0,0.0,1,Weld,1,40.0,40.0,40.0,0.0,33.5,92.3,92.3,132.3,40.0,0.0
2026-09-09 15:35:41,identical_batch,FIFO_SRWT,43,383.5,2,0,0.0,0,Mill,3,20.0,20.0,20.0,0.0,46.4,74.0,74.0,94.0,20.0,0.0
2026-09-09 15:35:41,identical_batch,FIFO_SRWT,43,383.5,2,0,0.0,1,Weld,1,40.0,40.0,40.0,0.0,47.7,148.5,172.4,212.4,40.0,23.9
2026-09-09 15:35:41,identical_batch,FIFO_SRWT,43,383.5,3,0,0.0,0,Mill,3,20.0,20.0,20.0,0.0,18.6,54.9,54.9,74.9,20.0,0.0
2026-09-09 15:35:41,identical_batch,FIFO_SRWT,43,383.5,3,0,0.0,1,Weld,1,40.0,40.0,40.0,0.0,35.1,119.2,212.4,252.4,40.0,93.2
2026-09-09 15:35:41,identical_batch,FIFO_SRWT,43,383.5,4,0,0.0,0,Mill,3,20.0,20.0,20.0,0.0,18.6,64.6,64.6,84.6,20.0,0.0
2026-09-09 15:35:41,identical_batch,FIFO_SRWT,43,383.5,4,0,0.0,1,Weld,1,40.0,40.0,40.0,0.0,22.8,140.9,252.4,292.4,40.0,111.5
2026-09-09 15:35:41,identical_batch,FIFO_SRWT,43,383.5,5,0,0.0,0,Mill,3,20.0,20.0,20.0,0.0,41.5,107.0,107.0,127.0,20.0,0.0
2026-09-09 15:35:41,identical_batch,FIFO_SRWT,43,383.5,5,0,0.0,1,Weld,1,40.0,40.0,40.0,0.0,46.4,184.4,292.4,332.4,40.0,108.1
2026-09-09 15:35:51,identical_batch,FIFO_SRWT,44,383.5,0,0,0.0,0,Mill,3,20.0,20.0,20.0,0.0,18.6,31.0,31.0,51.0,20.0,0.0
2026-09-09 15:35:51,identical_batch,FIFO_SRWT,44,383.5,0,0,0.0,1,Weld,1,40.0,40.0,40.0,0.0,29.9,106.8,132.3,172.4,40.0,25.5
2026-09-09 15:35:51,identical_batch,FIFO_SRWT,44,383.5,1,0,0.0,0,Mill,3,20.0,20.0,20.0,0.0,16.8,36.6,36.6,56.6,20.0,0.0
2026-09-09 15:35:51,identical_batch,FIFO_SRWT,44,383.5,1,0,0.0,1,Weld,1,40.0,40.0,40.0,0.0,33.5,92.3,92.3,132.3,40.0,0.0
2026-09-09 15:35:51,identical_batch,FIFO_SRWT,44,383.5,2,0,0.0,0,Mill,3,20.0,20.0,20.0,0.0,46.4,74.0,74.0,94.0,20.0,0.0
2026-09-09 15:35:51,identical_batch,FIFO_SRWT,44,383.5,2,0,0.0,1,Weld,1,40.0,40.0,40.0,0.0,47.7,148.5,172.4,212.4,40.0,23.9
2026-09-09 15:35:51,identical_batch,FIFO_SRWT,44,383.5,3,0,0.0,0,Mill,3,20.0,20.0,20.0,0.0,18.6,54.9,54.9,74.9,20.0,0.0
2026-09-09 15:35:51,identical_batch,FIFO_SRWT,44,383.5,3,0,0.0,1,Weld,1,40.0,40.0,40.0,0.0,35.1,119.2,212.4,252.4,40.0,93.2
2026-09-09 15:35:51,identical_batch,FIFO_SRWT,44,383.5,4,0,0.0,0,Mill,3,20.0,20.0,20.0,0.0,18.6,64.6,64.6,84.6,20.0,0.0
2026-09-09 15:35:51,identical_batch,FIFO_SRWT,44,383.5,4,0,0.0,1,Weld,1,40.0,40.0,40.0,0.0,22.8,140.9,252.4,292.4,40.0,111.5
2026-09-09 15:35:51,identical_batch,FIFO_SRWT,44,383.5,5,0,0.0,0,Mill,3,20.0,20.0,20.0,0.0,41.5,107.0,107.0,127.0,20.0,0.0
2026-09-09 15:35:51,identical_batch,FIFO_SRWT,44,383.5,5,0,0.0,1,Weld,1,40.0,40.0,40.0,0.0,46.4,184.4,292.4,332.4,40.0,108.1
2026-09-09 15:36:04,single_bottleneck,FIFO_SRWT,42,492.2,0,0,0.0,0,Mill,3,20.0,20.0,20.0,0.0,18.6,31.0,31.0,51.0,20.0,0.0
2026-09-09 15:36:04,single_bottleneck,FIFO_SRWT,42,492.2,0,0,0.0,1,Weld,1,61.2,61.2,61.2,0.0,18.2,76.1,76.1,137.2,61.2,0.0
2026-09-09 15:36:04,single_bottleneck,FIFO_SRWT,42,492.2,1,0,0.0,0,Mill,3,20.0,20.0,20.0,0.0,16.8,36.6,36.6,56.6,20.0,0.0
2026-09-09 15:36:04,single_bottleneck,FIFO_SRWT,42,492.2,1,0,0.0,1,Weld,1,12.0,12.0,12.0,0.0,34.0,99.9,137.2,149.3,12.0,37.4
2026-09-09 15:36:04,single_bottleneck,FIFO_SRWT,42,492.2,2,0,0.0,0,Mill,3,20.0,20.0,20.0,0.0,38.6,66.2,66.2,86.2,20.0,0.0
2026-09-09 15:36:04,single_bottleneck,FIFO_SRWT,42,492.2,2,0,0.0,1,Weld,1,32.0,32.0,32.0,0.0,46.6,139.6,149.3,181.3,32.0,9.6
2026-09-09 15:36:04,single_bottleneck,FIFO_SRWT,42,492.2,3,0,0.0,0,Mill,3,20.0,20.0,20.0,0.0,31.1,81.9,85.0,105.1,20.0,3.1
2026-09-09 15:36:04,single_bottleneck,FIFO_SRWT,42,492.2,3,0,0.0,1,Weld,1,27.9,27.9,27.9,0.0,30.1,154.9,181.3,209.2,27.9,26.4
2026-09-09 15:36:04,single_bottleneck,FIFO_SRWT,42,492.2,4,0,0.0,0,Mill,3,20.0,20.0,20.0,0.0,25.1,82.8,82.8,102.8,20.0,0.0
2026-09-09 15:36:04,single_bottleneck,FIFO_SRWT,42,492.2,4,0,0.0,1,Weld,1,68.9,68.9,68.9,0.0,36.1,147.3,209.2,278.1,68.9,61.9
2026-09-09 15:36:04,single_bottleneck,FIFO_SRWT,42,492.2,5,0,0.0,0,Mill,3,20.0,20.0,20.0,0.0,39.9,114.6,114.6,134.6,20.0,0.0
2026-09-09 15:36:04,single_bottleneck,FIFO_SRWT,42,492.2,5,0,0.0,1,Weld,1,64.1,64.1,64.1,0.0,4.7,146.0,278.1,342.3,64.2,132.1
2026-09-09 15:36:04,single_bottleneck,FIFO_SRWT,42,492.2,6,0,0.0,0,Mill,3,20.0,20.0,20.0,0.0,23.8,65.0,65.0,85.0,20.0,0.0
2026-09-09 15:36:04,single_bottleneck,FIFO_SRWT,42,492.2,6,0,0.0,1,Weld,1,81.4,81.4,81.4,0.0,26.0,124.9,342.3,423.7,81.4,217.3
2026-09-09 15:36:04,single_bottleneck,FIFO_SRWT,42,492.2,7,0,0.0,0,Mill,3,20.0,20.0,20.0,0.0,16.8,53.2,56.6,76.6,20.0,3.4
2026-09-09 15:36:04,single_bottleneck,FIFO_SRWT,42,492.2,7,0,0.0,1,Weld,1,17.0,17.0,17.0,0.0,27.2,117.2,423.7,440.6,17.0,306.4
2026-09-09 15:36:16,single_bottleneck,FIFO_SRWT,43,492.2,0,0,0.0,0,Mill,3,20.0,20.0,20.0,0.0,18.6,31.0,31.0,51.0,20.0,0.0
2026-09-09 15:36:16,single_bottleneck,FIFO_SRWT,43,492.2,0,0,0.0,1,Weld,1,61.2,61.2,61.2,0.0,18.2,76.1,76.1,137.2,61.2,0.0
2026-09-09 15:36:16,single_bottleneck,FIFO_SRWT,43,492.2,1,0,0.0,0,Mill,3,20.0,20.0,20.0,0.0,16.8,36.6,36.6,56.6,20.0,0.0
2026-09-09 15:36:16,single_bottleneck,FIFO_SRWT,43,492.2,1,0,0.0,1,Weld,1,12.0,12.0,12.0,0.0,34.0,99.9,137.2,149.3,12.0,37.4
2026-09-09 15:36:16,single_bottleneck,FIFO_SRWT,43,492.2,2,0,0.0,0,Mill,3,20.0,20.0,20.0,0.0,38.6,66.2,66.2,86.2,20.0,0.0
2026-09-09 15:36:16,single_bottleneck,FIFO_SRWT,43,492.2,2,0,0.0,1,Weld,1,32.0,32.0,32.0,0.0,46.6,139.6,149.3,181.3,32.0,9.6
2026-09-09 15:36:16,single_bottleneck,FIFO_SRWT,43,492.2,3,0,0.0,0,Mill,3,20.0,20.0,20.0,0.0,31.1,81.9,85.0,105.1,20.0,3.1
2026-09-09 15:36:16,single_bottleneck,FIFO_SRWT,43,492.2,3,0,0.0,1,Weld,1,27.9,27.9,27.9,0.0,30.1,154.9,181.3,209.2,27.9,26.4
2026-09-09 15:36:16,single_bottleneck,FIFO_SRWT,43,492.2,4,0,0.0,0,Mill,3,20.0,20.0,20.0,0.0,25.1,82.8,82.8,102.8,20.0,0.0
2026-09-09 15:36:16,single_bottleneck,FIFO_SRWT,43,492.2,4,0,0.0,1,Weld,1,68.9,68.9,68.9,0.0,36.1,147.3,209.2,278.1,68.9,61.9
2026-09-09 15:36:16,single_bottleneck,FIFO_SRWT,43,492.2,5,0,0.0,0,Mill,3,20.0,20.0,20.0,0.0,39.9,114.6,114.6,134.6,20.0,0.0
2026-09-09 15:36:16,single_bottleneck,FIFO_SRWT,43,492.2,5,0,0.0,1,Weld,1,64.1,64.1,64.1,0.0,4.7,146.0,278.1,342.3,64.2,132.1
2026-09-09 15:36:16,single_bottleneck,FIFO_SRWT,43,492.2,6,0,0.0,0,Mill,3,20.0,20.0,20.0,0.0,23.8,65.0,65.0,85.0,20.0,0.0
2026-09-09 15:36:16,single_bottleneck,FIFO_SRWT,43,492.2,6,0,0.0,1,Weld,1,81.4,81.4,81.4,0.0,26.0,124.9,342.3,423.7,81.4,217.3
2026-09-09 15:36:16,single_bottleneck,FIFO_SRWT,43,492.2,7,0,0.0,0,Mill,3,20.0,20.0,20.0,0.0,16.8,53.2,56.6,76.6,20.0,3.4
2026-09-09 15:36:16,single_bottleneck,FIFO_SRWT,43,492.2,7,0,0.0,1,Weld,1,17.0,17.0,17.0,0.0,27.2,117.2,423.7,440.6,17.0,306.4
2026-09-09 15:36:29,single_bottleneck,FIFO_SRWT,44,492.2,0,0,0.0,0,Mill,3,20.0,20.0,20.0,0.0,18.6,31.0,31.0,51.0,20.0,0.0
2026-09-09 15:36:29,single_bottleneck,FIFO_SRWT,44,492.2,0,0,0.0,1,Weld,1,61.2,61.2,61.2,0.0,18.2,76.1,76.1,137.2,61.2,0.0
2026-09-09 15:36:29,single_bottleneck,FIFO_SRWT,44,492.2,1,0,0.0,0,Mill,3,20.0,20.0,20.0,0.0,16.8,36.6,36.6,56.6,20.0,0.0
2026-09-09 15:36:29,single_bottleneck,FIFO_SRWT,44,492.2,1,0,0.0,1,Weld,1,12.0,12.0,12.0,0.0,34.0,99.9,137.2,149.3,12.0,37.4
2026-09-09 15:36:29,single_bottleneck,FIFO_SRWT,44,492.2,2,0,0.0,0,Mill,3,20.0,20.0,20.0,0.0,38.6,66.2,66.2,86.2,20.0,0.0
2026-09-09 15:36:29,single_bottleneck,FIFO_SRWT,44,492.2,2,0,0.0,1,Weld,1,32.0,32.0,32.0,0.0,46.6,139.6,149.3,181.3,32.0,9.6
2026-09-09 15:36:29,single_bottleneck,FIFO_SRWT,44,492.2,3,0,0.0,0,Mill,3,20.0,20.0,20.0,0.0,31.1,81.9,85.0,105.1,20.0,3.1
2026-09-09 15:36:29,single_bottleneck,FIFO_SRWT,44,492.2,3,0,0.0,1,Weld,1,27.9,27.9,27.9,0.0,30.1,154.9,181.3,209.2,27.9,26.4
2026-09-09 15:36:29,single_bottleneck,FIFO_SRWT,44,492.2,4,0,0.0,0,Mill,3,20.0,20.0,20.0,0.0,25.1,82.8,82.8,102.8,20.0,0.0
2026-09-09 15:36:29,single_bottleneck,FIFO_SRWT,44,492.2,4,0,0.0,1,Weld,1,68.9,68.9,68.9,0.0,36.1,147.3,209.2,278.1,68.9,61.9
2026-09-09 15:36:29,single_bottleneck,FIFO_SRWT,44,492.2,5,0,0.0,0,Mill,3,20.0,20.0,20.0,0.0,39.9,114.6,114.6,134.6,20.0,0.0
2026-09-09 15:36:29,single_bottleneck,FIFO_SRWT,44,492.2,5,0,0.0,1,Weld,1,64.1,64.1,64.1,0.0,4.7,146.0,278.1,342.3,64.2,132.1
2026-09-09 15:36:29,single_bottleneck,FIFO_SRWT,44,492.2,6,0,0.0,0,Mill,3,20.0,20.0,20.0,0.0,23.8,65.0,65.0,85.0,20.0,0.0
2026-09-09 15:36:29,single_bottleneck,FIFO_SRWT,44,492.2,6,0,0.0,1,Weld,1,81.4,81.4,81.4,0.0,26.0,124.9,342.3,423.7,81.4,217.3
2026-09-09 15:36:29,single_bottleneck,FIFO_SRWT,44,492.2,7,0,0.0,0,Mill,3,20.0,20.0,20.0,0.0,16.8,53.2,56.6,76.6,20.0,3.4
2026-09-09 15:36:29,single_bottleneck,FIFO_SRWT,44,492.2,7,0,0.0,1,Weld,1,17.0,17.0,17.0,0.0,27.2,117.2,423.7,440.6,17.0,306.4
2026-09-09 15:36:50,sparse_bottleneck_floor,FIFO_SRWT,42,717.76,0,0,0.0,0,Mill,3,31.0,31.0,31.0,0.0,18.6,31.2,31.2,62.3,31.0,0.0
2026-09-09 15:36:50,sparse_bottleneck_floor,FIFO_SRWT,42,717.76,0,0,0.0,1,Weld,1,16.1,16.1,16.1,0.0,48.7,166.1,177.4,193.5,16.2,11.2
2026-09-09 15:36:50,sparse_bottleneck_floor,FIFO_SRWT,42,717.76,0,0,0.0,2,Assemble,3,21.9,21.9,21.9,0.0,14.8,217.9,217.9,239.8,21.9,0.0
2026-09-09 15:36:50,sparse_bottleneck_floor,FIFO_SRWT,42,717.76,1,0,0.0,0,Mill,3,20.6,20.6,20.6,0.0,18.6,38.9,38.9,59.5,20.6,0.0
2026-09-09 15:36:50,sparse_bottleneck_floor,FIFO_SRWT,42,717.76,1,0,0.0,1,Weld,1,48.1,48.1,48.1,0.0,41.7,113.8,113.8,162.0,48.2,0.0
2026-09-09 15:36:50,sparse_bottleneck_floor,FIFO_SRWT,42,717.76,1,0,0.0,2,Assemble,3,31.9,31.9,31.9,0.0,37.4,205.1,205.1,237.0,31.9,0.0
2026-09-09 15:36:50,sparse_bottleneck_floor,FIFO_SRWT,42,717.76,2,0,0.0,0,Mill,3,37.3,37.3,37.3,0.0,34.1,75.5,103.4,140.7,37.3,27.9
2026-09-09 15:36:50,sparse_bottleneck_floor,FIFO_SRWT,42,717.76,2,0,0.0,1,Weld,1,18.9,18.9,18.9,0.0,6.4,190.1,193.5,212.5,18.9,3.4
2026-09-09 15:36:50,sparse_bottleneck_floor,FIFO_SRWT,42,717.76,2,0,0.0,2,Assemble,3,25.6,25.6,25.6,0.0,37.2,254.8,254.8,280.4,25.6,0.0
2026-09-09 15:36:50,sparse_bottleneck_floor,FIFO_SRWT,42,717.76,3,0,0.0,0,Mill,3,15.7,15.7,15.7,0.0,19.6,48.7,59.5,75.3,15.8,10.8
2026-09-09 15:36:50,sparse_bottleneck_floor,FIFO_SRWT,42,717.76,3,0,0.0,1,Weld,1,24.8,24.8,24.8,0.0,53.9,180.8,212.5,237.4,24.9,31.7
2026-09-09 15:36:50,sparse_bottleneck_floor,FIFO_SRWT,42,717.76,3,0,0.0,2,Assemble,3,27.6,27.6,27.6,0.0,38.6,312.8,312.8,340.4,27.7,0.0
2026-09-09 15:36:50,sparse_bottleneck_floor,FIFO_SRWT,42,717.76,4,0,0.0,0,Mill,3,15.7,15.7,15.7,0.0,27.4,79.2,101.6,117.3,15.7,22.4
2026-09-09 15:36:50,sparse_bottleneck_floor,FIFO_SRWT,42,717.76,4,0,0.0,1,Weld,1,24.0,24.0,24.0,0.0,43.8,236.0,237.4,261.4,24.0,1.4
2026-09-09 15:36:50,sparse_bottleneck_floor,FIFO_SRWT,42,717.76,4,0,0.0,2,Assemble,3,31.3,31.3,31.3,0.0,51.5,360.8,360.8,392.1,31.3,0.0
2026-09-09 15:36:50,sparse_bottleneck_floor,FIFO_SRWT,42,717.76,5,0,0.0,0,Mill,3,28.6,28.6,28.6,0.0,31.1,93.3,125.2,153.9,28.6,31.9
2026-09-09 15:36:50,sparse_bottleneck_floor,FIFO_SRWT,42,717.76,5,0,0.0,1,Weld,1,24.9,24.9,24.9,0.0,44.9,216.1,261.4,286.3,24.9,45.3
2026-09-09 15:36:50,sparse_bottleneck_floor,FIFO_SRWT,42,717.76,5,0,0.0,2,Assemble,3,29.7,29.7,29.7,0.0,28.8,326.4,326.4,356.2,29.8,0.0
2026-09-09 15:36:50,sparse_bottleneck_floor,FIFO_SRWT,42,717.76,6,0,0.0,0,Mill,3,35.2,35.2,35.2,0.0,31.5,68.1,68.1,103.4,35.3,0.0
2026-09-09 15:36:50,sparse_bottleneck_floor,FIFO_SRWT,42,717.76,6,0,0.0,1,Weld,1,15.3,15.3,15.3,0.0,6.4,160.4,162.0,177.3,15.3,1.6
2026-09-09 15:36:50,sparse_bottleneck_floor,FIFO_SRWT,42,717.76,6,0,0.0,2,Assemble,3,35.2,35.2,35.2,0.0,38.6,220.9,220.9,256.1,35.2,0.0
2026-09-09 15:36:50,sparse_bottleneck_floor,FIFO_SRWT,42,717.76,7,0,0.0,0,Mill,3,32.5,32.5,32.5,0.0,22.2,69.1,69.1,101.6,32.5,0.0
2026-09-09 15:36:50,sparse_bottleneck_floor,FIFO_SRWT,42,717.76,7,0,0.0,1,Weld,1,30.3,30.3,30.3,0.0,38.9,201.6,286.3,316.7,30.3,84.8
2026-09-09 15:36:50,sparse_bottleneck_floor,FIFO_SRWT,42,717.76,7,0,0.0,2,Assemble,3,18.9,18.9,18.9,0.0,44.0,383.0,383.0,401.9,18.9,0.0
2026-09-09 15:36:50,sparse_bottleneck_floor,FIFO_SRWT,42,717.76,8,0,0.0,0,Mill,3,38.9,38.9,38.9,0.0,29.0,86.2,86.2,125.2,39.0,0.0
2026-09-09 15:36:50,sparse_bottleneck_floor,FIFO_SRWT,42,717.76,8,0,0.0,1,Weld,1,30.2,30.2,30.2,0.0,45.4,286.7,316.7,346.9,30.2,30.0
2026-09-09 15:36:50,sparse_bottleneck_floor,FIFO_SRWT,42,717.76,8,0,0.0,2,Assemble,3,17.3,17.3,17.3,0.0,17.1,383.6,383.6,401.0,17.3,0.0
2026-09-09 15:36:50,sparse_bottleneck_floor,FIFO_SRWT,42,717.76,9,0,0.0,0,Mill,3,17.4,17.4,17.4,0.0,31.7,116.3,140.7,158.2,17.4,24.4
2026-09-09 15:36:50,sparse_bottleneck_floor,FIFO_SRWT,42,717.76,9,0,0.0,1,Weld,1,53.1,53.1,53.1,0.0,6.4,254.3,346.9,400.1,53.2,92.6
2026-09-09 15:36:50,sparse_bottleneck_floor,FIFO_SRWT,42,717.76,9,0,0.0,2,Assemble,3,30.1,30.1,30.1,0.0,38.5,440.8,440.8,470.9,30.1,0.0
2026-09-09 15:36:50,sparse_bottleneck_floor,FIFO_SRWT,42,717.76,10,0,0.0,0,Mill,3,35.2,35.2,35.2,0.0,18.6,110.2,117.3,152.5,35.2,7.1
2026-09-09 15:36:50,sparse_bottleneck_floor,FIFO_SRWT,42,717.76,10,0,0.0,1,Weld,1,47.8,47.8,47.8,0.0,47.2,296.0,400.1,447.9,47.9,104.0
2026-09-09 15:36:50,sparse_bottleneck_floor,FIFO_SRWT,42,717.76,10,0,0.0,2,Assemble,3,28.4,28.4,28.4,0.0,55.6,507.1,507.1,535.6,28.4,0.0
2026-09-09 15:36:50,sparse_bottleneck_floor,FIFO_SRWT,42,717.76,11,0,0.0,0,Mill,3,39.3,39.3,39.3,0.0,31.7,132.8,158.2,197.6,39.4,25.4
2026-09-09 15:36:50,sparse_bottleneck_floor,FIFO_SRWT,42,717.76,11,0,0.0,1,Weld,1,32.0,32.0,32.0,0.0,6.4,272.6,448.0,480.0,32.1,175.3
2026-09-09 15:36:50,sparse_bottleneck_floor,FIFO_SRWT,42,717.76,11,0,0.0,2,Assemble,3,28.8,28.8,28.8,0.0,37.0,519.3,519.3,548.1,28.8,0.0
2026-09-09 15:36:50,sparse_bottleneck_floor,FIFO_SRWT,42,717.76,12,0,0.0,0,Mill,3,35.7,35.7,35.7,0.0,20.7,169.7,169.7,205.5,35.8,0.0
2026-09-09 15:36:50,sparse_bottleneck_floor,FIFO_SRWT,42,717.76,12,0,0.0,1,Weld,1,42.8,42.8,42.8,0.0,27.7,312.1,480.0,522.9,42.9,167.9
2026-09-09 15:36:50,sparse_bottleneck_floor,FIFO_SRWT,42,717.76,12,0,0.0,2,Assemble,3,36.5,36.5,36.5,0.0,45.5,570.6,570.6,607.2,36.6,0.0
2026-09-09 15:36:50,sparse_bottleneck_floor,FIFO_SRWT,42,717.76,13,0,0.0,0,Mill,3,29.4,29.4,29.4,0.0,23.5,354.1,354.1,383.5,29.5,0.0
2026-09-09 15:36:50,sparse_bottleneck_floor,FIFO_SRWT,42,717.76,13,0,0.0,1,Weld,1,46.7,46.7,46.7,0.0,45.6,436.8,522.9,569.7,46.7,86.1
2026-09-09 15:36:50,sparse_bottleneck_floor,FIFO_SRWT,42,717.76,13,0,0.0,2,Assemble,3,16.2,16.2,16.2,0.0,37.0,616.9,616.9,633.1,16.2,0.0
2026-09-09 15:36:50,sparse_bottleneck_floor,FIFO_SRWT,42,717.76,14,0,0.0,0,Mill,3,20.7,20.7,20.7,0.0,34.3,360.1,360.1,380.8,20.7,0.0
2026-09-09 15:36:50,sparse_bottleneck_floor,FIFO_SRWT,42,717.76,14,0,0.0,1,Weld,1,28.0,28.0,28.0,0.0,6.4,418.5,569.7,597.7,28.0,151.1
2026-09-09 15:36:50,sparse_bottleneck_floor,FIFO_SRWT,42,717.76,14,0,0.0,2,Assemble,3,17.0,17.0,17.0,0.0,46.8,646.8,646.8,663.8,17.0,0.0
2026-09-09 15:37:11,sparse_bottleneck_floor,FIFO_SRWT,43,717.76,0,0,0.0,0,Mill,3,31.0,31.0,31.0,0.0,18.6,31.2,31.2,62.3,31.0,0.0
2026-09-09 15:37:11,sparse_bottleneck_floor,FIFO_SRWT,43,717.76,0,0,0.0,1,Weld,1,16.1,16.1,16.1,0.0,48.7,166.1,177.4,193.5,16.2,11.2
2026-09-09 15:37:11,sparse_bottleneck_floor,FIFO_SRWT,43,717.76,0,0,0.0,2,Assemble,3,21.9,21.9,21.9,0.0,14.8,217.9,217.9,239.8,21.9,0.0
2026-09-09 15:37:11,sparse_bottleneck_floor,FIFO_SRWT,43,717.76,1,0,0.0,0,Mill,3,20.6,20.6,20.6,0.0,18.6,38.9,38.9,59.5,20.6,0.0
2026-09-09 15:37:11,sparse_bottleneck_floor,FIFO_SRWT,43,717.76,1,0,0.0,1,Weld,1,48.1,48.1,48.1,0.0,41.7,113.8,113.8,162.0,48.2,0.0
2026-09-09 15:37:11,sparse_bottleneck_floor,FIFO_SRWT,43,717.76,1,0,0.0,2,Assemble,3,31.9,31.9,31.9,0.0,37.4,205.1,205.1,237.0,31.9,0.0
2026-09-09 15:37:11,sparse_bottleneck_floor,FIFO_SRWT,43,717.76,2,0,0.0,0,Mill,3,37.3,37.3,37.3,0.0,34.1,75.5,103.4,140.7,37.3,27.9
2026-09-09 15:37:11,sparse_bottleneck_floor,FIFO_SRWT,43,717.76,2,0,0.0,1,Weld,1,18.9,18.9,18.9,0.0,6.4,190.1,193.5,212.5,18.9,3.4
2026-09-09 15:37:11,sparse_bottleneck_floor,FIFO_SRWT,43,717.76,2,0,0.0,2,Assemble,3,25.6,25.6,25.6,0.0,37.2,254.8,254.8,280.4,25.6,0.0
2026-09-09 15:37:11,sparse_bottleneck_floor,FIFO_SRWT,43,717.76,3,0,0.0,0,Mill,3,15.7,15.7,15.7,0.0,19.6,48.7,59.5,75.3,15.8,10.8
2026-09-09 15:37:11,sparse_bottleneck_floor,FIFO_SRWT,43,717.76,3,0,0.0,1,Weld,1,24.8,24.8,24.8,0.0,53.9,180.8,212.5,237.4,24.9,31.7
2026-09-09 15:37:11,sparse_bottleneck_floor,FIFO_SRWT,43,717.76,3,0,0.0,2,Assemble,3,27.6,27.6,27.6,0.0,38.6,312.8,312.8,340.4,27.7,0.0
2026-09-09 15:37:11,sparse_bottleneck_floor,FIFO_SRWT,43,717.76,4,0,0.0,0,Mill,3,15.7,15.7,15.7,0.0,27.4,79.2,101.6,117.3,15.7,22.4
2026-09-09 15:37:11,sparse_bottleneck_floor,FIFO_SRWT,43,717.76,4,0,0.0,1,Weld,1,24.0,24.0,24.0,0.0,43.8,236.0,237.4,261.4,24.0,1.4
2026-09-09 15:37:11,sparse_bottleneck_floor,FIFO_SRWT,43,717.76,4,0,0.0,2,Assemble,3,31.3,31.3,31.3,0.0,51.5,360.8,360.8,392.1,31.3,0.0
2026-09-09 15:37:11,sparse_bottleneck_floor,FIFO_SRWT,43,717.76,5,0,0.0,0,Mill,3,28.6,28.6,28.6,0.0,31.1,93.3,125.2,153.9,28.6,31.9
2026-09-09 15:37:11,sparse_bottleneck_floor,FIFO_SRWT,43,717.76,5,0,0.0,1,Weld,1,24.9,24.9,24.9,0.0,44.9,216.1,261.4,286.3,24.9,45.3
2026-09-09 15:37:11,sparse_bottleneck_floor,FIFO_SRWT,43,717.76,5,0,0.0,2,Assemble,3,29.7,29.7,29.7,0.0,28.8,326.4,326.4,356.2,29.8,0.0
2026-09-09 15:37:11,sparse_bottleneck_floor,FIFO_SRWT,43,717.76,6,0,0.0,0,Mill,3,35.2,35.2,35.2,0.0,31.5,68.1,68.1,103.4,35.3,0.0
2026-09-09 15:37:11,sparse_bottleneck_floor,FIFO_SRWT,43,717.76,6,0,0.0,1,Weld,1,15.3,15.3,15.3,0.0,6.4,160.4,162.0,177.3,15.3,1.6
2026-09-09 15:37:11,sparse_bottleneck_floor,FIFO_SRWT,43,717.76,6,0,0.0,2,Assemble,3,35.2,35.2,35.2,0.0,38.6,220.9,220.9,256.1,35.2,0.0
2026-09-09 15:37:11,sparse_bottleneck_floor,FIFO_SRWT,43,717.76,7,0,0.0,0,Mill,3,32.5,32.5,32.5,0.0,22.2,69.1,69.1,101.6,32.5,0.0
2026-09-09 15:37:11,sparse_bottleneck_floor,FIFO_SRWT,43,717.76,7,0,0.0,1,Weld,1,30.3,30.3,30.3,0.0,38.9,201.6,286.3,316.7,30.3,84.8
2026-09-09 15:37:11,sparse_bottleneck_floor,FIFO_SRWT,43,717.76,7,0,0.0,2,Assemble,3,18.9,18.9,18.9,0.0,44.0,383.0,383.0,401.9,18.9,0.0
2026-09-09 15:37:11,sparse_bottleneck_floor,FIFO_SRWT,43,717.76,8,0,0.0,0,Mill,3,38.9,38.9,38.9,0.0,29.0,86.2,86.2,125.2,39.0,0.0
2026-09-09 15:37:11,sparse_bottleneck_floor,FIFO_SRWT,43,717.76,8,0,0.0,1,Weld,1,30.2,30.2,30.2,0.0,45.4,286.7,316.7,346.9,30.2,30.0
2026-09-09 15:37:11,sparse_bottleneck_floor,FIFO_SRWT,43,717.76,8,0,0.0,2,Assemble,3,17.3,17.3,17.3,0.0,17.1,383.6,383.6,401.0,17.3,0.0
2026-09-09 15:37:11,sparse_bottleneck_floor,FIFO_SRWT,43,717.76,9,0,0.0,0,Mill,3,17.4,17.4,17.4,0.0,31.7,116.3,140.7,158.2,17.4,24.4
2026-09-09 15:37:11,sparse_bottleneck_floor,FIFO_SRWT,43,717.76,9,0,0.0,1,Weld,1,53.1,53.1,53.1,0.0,6.4,254.3,346.9,400.1,53.2,92.6
2026-09-09 15:37:11,sparse_bottleneck_floor,FIFO_SRWT,43,717.76,9,0,0.0,2,Assemble,3,30.1,30.1,30.1,0.0,38.5,440.8,440.8,470.9,30.1,0.0
2026-09-09 15:37:11,sparse_bottleneck_floor,FIFO_SRWT,43,717.76,10,0,0.0,0,Mill,3,35.2,35.2,35.2,0.0,18.6,110.2,117.3,152.5,35.2,7.1
2026-09-09 15:37:11,sparse_bottleneck_floor,FIFO_SRWT,43,717.76,10,0,0.0,1,Weld,1,47.8,47.8,47.8,0.0,47.2,296.0,400.1,447.9,47.9,104.0
2026-09-09 15:37:11,sparse_bottleneck_floor,FIFO_SRWT,43,717.76,10,0,0.0,2,Assemble,3,28.4,28.4,28.4,0.0,55.6,507.1,507.1,535.6,28.4,0.0
2026-09-09 15:37:11,sparse_bottleneck_floor,FIFO_SRWT,43,717.76,11,0,0.0,0,Mill,3,39.3,39.3,39.3,0.0,31.7,132.8,158.2,197.6,39.4,25.4
2026-09-09 15:37:11,sparse_bottleneck_floor,FIFO_SRWT,43,717.76,11,0,0.0,1,Weld,1,32.0,32.0,32.0,0.0,6.4,272.6,448.0,480.0,32.1,175.3
2026-09-09 15:37:11,sparse_bottleneck_floor,FIFO_SRWT,43,717.76,11,0,0.0,2,Assemble,3,28.8,28.8,28.8,0.0,37.0,519.3,519.3,548.1,28.8,0.0
2026-09-09 15:37:11,sparse_bottleneck_floor,FIFO_SRWT,43,717.76,12,0,0.0,0,Mill,3,35.7,35.7,35.7,0.0,20.7,169.7,169.7,205.5,35.8,0.0
2026-09-09 15:37:11,sparse_bottleneck_floor,FIFO_SRWT,43,717.76,12,0,0.0,1,Weld,1,42.8,42.8,42.8,0.0,27.7,312.1,480.0,522.9,42.9,167.9
2026-09-09 15:37:11,sparse_bottleneck_floor,FIFO_SRWT,43,717.76,12,0,0.0,2,Assemble,3,36.5,36.5,36.5,0.0,45.5,570.6,570.6,607.2,36.6,0.0
2026-09-09 15:37:11,sparse_bottleneck_floor,FIFO_SRWT,43,717.76,13,0,0.0,0,Mill,3,29.4,29.4,29.4,0.0,23.5,354.1,354.1,383.5,29.5,0.0
2026-09-09 15:37:11,sparse_bottleneck_floor,FIFO_SRWT,43,717.76,13,0,0.0,1,Weld,1,46.7,46.7,46.7,0.0,45.6,436.8,522.9,569.7,46.7,86.1
2026-09-09 15:37:11,sparse_bottleneck_floor,FIFO_SRWT,43,717.76,13,0,0.0,2,Assemble,3,16.2,16.2,16.2,0.0,37.0,616.9,616.9,633.1,16.2,0.0
2026-09-09 15:37:11,sparse_bottleneck_floor,FIFO_SRWT,43,717.76,14,0,0.0,0,Mill,3,20.7,20.7,20.7,0.0,34.3,360.1,360.1,380.8,20.7,0.0
2026-09-09 15:37:11,sparse_bottleneck_floor,FIFO_SRWT,43,717.76,14,0,0.0,1,Weld,1,28.0,28.0,28.0,0.0,6.4,418.5,569.7,597.7,28.0,151.1
2026-09-09 15:37:11,sparse_bottleneck_floor,FIFO_SRWT,43,717.76,14,0,0.0,2,Assemble,3,17.0,17.0,17.0,0.0,46.8,646.8,646.8,663.8,17.0,0.0
2026-09-09 15:37:31,sparse_bottleneck_floor,FIFO_SRWT,44,717.76,0,0,0.0,0,Mill,3,31.0,31.0,31.0,0.0,18.6,31.2,31.2,62.3,31.0,0.0
2026-09-09 15:37:31,sparse_bottleneck_floor,FIFO_SRWT,44,717.76,0,0,0.0,1,Weld,1,16.1,16.1,16.1,0.0,48.7,166.1,177.4,193.5,16.2,11.2
2026-09-09 15:37:31,sparse_bottleneck_floor,FIFO_SRWT,44,717.76,0,0,0.0,2,Assemble,3,21.9,21.9,21.9,0.0,14.8,217.9,217.9,239.8,21.9,0.0
2026-09-09 15:37:31,sparse_bottleneck_floor,FIFO_SRWT,44,717.76,1,0,0.0,0,Mill,3,20.6,20.6,20.6,0.0,18.6,38.9,38.9,59.5,20.6,0.0
2026-09-09 15:37:31,sparse_bottleneck_floor,FIFO_SRWT,44,717.76,1,0,0.0,1,Weld,1,48.1,48.1,48.1,0.0,41.7,113.8,113.8,162.0,48.2,0.0
2026-09-09 15:37:31,sparse_bottleneck_floor,FIFO_SRWT,44,717.76,1,0,0.0,2,Assemble,3,31.9,31.9,31.9,0.0,37.4,205.1,205.1,237.0,31.9,0.0
2026-09-09 15:37:31,sparse_bottleneck_floor,FIFO_SRWT,44,717.76,2,0,0.0,0,Mill,3,37.3,37.3,37.3,0.0,34.1,75.5,103.4,140.7,37.3,27.9
2026-09-09 15:37:31,sparse_bottleneck_floor,FIFO_SRWT,44,717.76,2,0,0.0,1,Weld,1,18.9,18.9,18.9,0.0,6.4,190.1,193.5,212.5,18.9,3.4
2026-09-09 15:37:31,sparse_bottleneck_floor,FIFO_SRWT,44,717.76,2,0,0.0,2,Assemble,3,25.6,25.6,25.6,0.0,37.2,254.8,254.8,280.4,25.6,0.0
2026-09-09 15:37:31,sparse_bottleneck_floor,FIFO_SRWT,44,717.76,3,0,0.0,0,Mill,3,15.7,15.7,15.7,0.0,19.6,48.7,59.5,75.3,15.8,10.8
2026-09-09 15:37:31,sparse_bottleneck_floor,FIFO_SRWT,44,717.76,3,0,0.0,1,Weld,1,24.8,24.8,24.8,0.0,53.9,180.8,212.5,237.4,24.9,31.7
2026-09-09 15:37:31,sparse_bottleneck_floor,FIFO_SRWT,44,717.76,3,0,0.0,2,Assemble,3,27.6,27.6,27.6,0.0,38.6,312.8,312.8,340.4,27.7,0.0
2026-09-09 15:37:31,sparse_bottleneck_floor,FIFO_SRWT,44,717.76,4,0,0.0,0,Mill,3,15.7,15.7,15.7,0.0,27.4,79.2,101.6,117.3,15.7,22.4
2026-09-09 15:37:31,sparse_bottleneck_floor,FIFO_SRWT,44,717.76,4,0,0.0,1,Weld,1,24.0,24.0,24.0,0.0,43.8,236.0,237.4,261.4,24.0,1.4
2026-09-09 15:37:31,sparse_bottleneck_floor,FIFO_SRWT,44,717.76,4,0,0.0,2,Assemble,3,31.3,31.3,31.3,0.0,51.5,360.8,360.8,392.1,31.3,0.0
2026-09-09 15:37:31,sparse_bottleneck_floor,FIFO_SRWT,44,717.76,5,0,0.0,0,Mill,3,28.6,28.6,28.6,0.0,31.1,93.3,125.2,153.9,28.6,31.9
2026-09-09 15:37:31,sparse_bottleneck_floor,FIFO_SRWT,44,717.76,5,0,0.0,1,Weld,1,24.9,24.9,24.9,0.0,44.9,216.1,261.4,286.3,24.9,45.3
2026-09-09 15:37:31,sparse_bottleneck_floor,FIFO_SRWT,44,717.76,5,0,0.0,2,Assemble,3,29.7,29.7,29.7,0.0,28.8,326.4,326.4,356.2,29.8,0.0
2026-09-09 15:37:31,sparse_bottleneck_floor,FIFO_SRWT,44,717.76,6,0,0.0,0,Mill,3,35.2,35.2,35.2,0.0,31.5,68.1,68.1,103.4,35.3,0.0
2026-09-09 15:37:31,sparse_bottleneck_floor,FIFO_SRWT,44,717.76,6,0,0.0,1,Weld,1,15.3,15.3,15.3,0.0,6.4,160.4,162.0,177.3,15.3,1.6
2026-09-09 15:37:31,sparse_bottleneck_floor,FIFO_SRWT,44,717.76,6,0,0.0,2,Assemble,3,35.2,35.2,35.2,0.0,38.6,220.9,220.9,256.1,35.2,0.0
2026-09-09 15:37:31,sparse_bottleneck_floor,FIFO_SRWT,44,717.76,7,0,0.0,0,Mill,3,32.5,32.5,32.5,0.0,22.2,69.1,69.1,101.6,32.5,0.0
2026-09-09 15:37:31,sparse_bottleneck_floor,FIFO_SRWT,44,717.76,7,0,0.0,1,Weld,1,30.3,30.3,30.3,0.0,38.9,201.6,286.3,316.7,30.3,84.8
2026-09-09 15:37:31,sparse_bottleneck_floor,FIFO_SRWT,44,717.76,7,0,0.0,2,Assemble,3,18.9,18.9,18.9,0.0,44.0,383.0,383.0,401.9,18.9,0.0
2026-09-09 15:37:31,sparse_bottleneck_floor,FIFO_SRWT,44,717.76,8,0,0.0,0,Mill,3,38.9,38.9,38.9,0.0,29.0,86.2,86.2,125.2,39.0,0.0
2026-09-09 15:37:31,sparse_bottleneck_floor,FIFO_SRWT,44,717.76,8,0,0.0,1,Weld,1,30.2,30.2,30.2,0.0,45.4,286.7,316.7,346.9,30.2,30.0
2026-09-09 15:37:31,sparse_bottleneck_floor,FIFO_SRWT,44,717.76,8,0,0.0,2,Assemble,3,17.3,17.3,17.3,0.0,17.1,383.6,383.6,401.0,17.3,0.0
2026-09-09 15:37:31,sparse_bottleneck_floor,FIFO_SRWT,44,717.76,9,0,0.0,0,Mill,3,17.4,17.4,17.4,0.0,31.7,116.3,140.7,158.2,17.4,24.4
2026-09-09 15:37:31,sparse_bottleneck_floor,FIFO_SRWT,44,717.76,9,0,0.0,1,Weld,1,53.1,53.1,53.1,0.0,6.4,254.3,346.9,400.1,53.2,92.6
2026-09-09 15:37:31,sparse_bottleneck_floor,FIFO_SRWT,44,717.76,9,0,0.0,2,Assemble,3,30.1,30.1,30.1,0.0,38.5,440.8,440.8,470.9,30.1,0.0
2026-09-09 15:37:31,sparse_bottleneck_floor,FIFO_SRWT,44,717.76,10,0,0.0,0,Mill,3,35.2,35.2,35.2,0.0,18.6,110.2,117.3,152.5,35.2,7.1
2026-09-09 15:37:31,sparse_bottleneck_floor,FIFO_SRWT,44,717.76,10,0,0.0,1,Weld,1,47.8,47.8,47.8,0.0,47.2,296.0,400.1,447.9,47.9,104.0
2026-09-09 15:37:31,sparse_bottleneck_floor,FIFO_SRWT,44,717.76,10,0,0.0,2,Assemble,3,28.4,28.4,28.4,0.0,55.6,507.1,507.1,535.6,28.4,0.0
2026-09-09 15:37:31,sparse_bottleneck_floor,FIFO_SRWT,44,717.76,11,0,0.0,0,Mill,3,39.3,39.3,39.3,0.0,31.7,132.8,158.2,197.6,39.4,25.4
2026-09-09 15:37:31,sparse_bottleneck_floor,FIFO_SRWT,44,717.76,11,0,0.0,1,Weld,1,32.0,32.0,32.0,0.0,6.4,272.6,448.0,480.0,32.1,175.3
2026-09-09 15:37:31,sparse_bottleneck_floor,FIFO_SRWT,44,717.76,11,0,0.0,2,Assemble,3,28.8,28.8,28.8,0.0,37.0,519.3,519.3,548.1,28.8,0.0
2026-09-09 15:37:31,sparse_bottleneck_floor,FIFO_SRWT,44,717.76,12,0,0.0,0,Mill,3,35.7,35.7,35.7,0.0,20.7,169.7,169.7,205.5,35.8,0.0
2026-09-09 15:37:31,sparse_bottleneck_floor,FIFO_SRWT,44,717.76,12,0,0.0,1,Weld,1,42.8,42.8,42.8,0.0,27.7,312.1,480.0,522.9,42.9,167.9
2026-09-09 15:37:31,sparse_bottleneck_floor,FIFO_SRWT,44,717.76,12,0,0.0,2,Assemble,3,36.5,36.5,36.5,0.0,45.5,570.6,570.6,607.2,36.6,0.0
2026-09-09 15:37:31,sparse_bottleneck_floor,FIFO_SRWT,44,717.76,13,0,0.0,0,Mill,3,29.4,29.4,29.4,0.0,23.5,354.1,354.1,383.5,29.5,0.0
2026-09-09 15:37:31,sparse_bottleneck_floor,FIFO_SRWT,44,717.76,13,0,0.0,1,Weld,1,46.7,46.7,46.7,0.0,45.6,436.8,522.9,569.7,46.7,86.1
2026-09-09 15:37:31,sparse_bottleneck_floor,FIFO_SRWT,44,717.76,13,0,0.0,2,Assemble,3,16.2,16.2,16.2,0.0,37.0,616.9,616.9,633.1,16.2,0.0
2026-09-09 15:37:31,sparse_bottleneck_floor,FIFO_SRWT,44,717.76,14,0,0.0,0,Mill,3,20.7,20.7,20.7,0.0,34.3,360.1,360.1,380.8,20.7,0.0
2026-09-09 15:37:31,sparse_bottleneck_floor,FIFO_SRWT,44,717.76,14,0,0.0,1,Weld,1,28.0,28.0,28.0,0.0,6.4,418.5,569.7,597.7,28.0,151.1
2026-09-09 15:37:31,sparse_bottleneck_floor,FIFO_SRWT,44,717.76,14,0,0.0,2,Assemble,3,17.0,17.0,17.0,0.0,46.8,646.8,646.8,663.8,17.0,0.0
2026-09-09 15:37:42,two_machine_standoff,FIFO_SRWT,42,361.6,0,0,0.0,0,Mill,3,20.0,20.0,20.0,0.0,18.6,31.0,31.0,51.0,20.0,0.0
2026-09-09 15:37:42,two_machine_standoff,FIFO_SRWT,42,361.6,0,0,0.0,1,Weld,2,43.8,43.8,43.8,0.0,20.3,78.2,78.2,122.0,43.8,0.0
2026-09-09 15:37:42,two_machine_standoff,FIFO_SRWT,42,361.6,1,0,0.0,0,Mill,3,20.0,20.0,20.0,0.0,16.8,36.6,36.6,56.6,20.0,0.0
2026-09-09 15:37:42,two_machine_standoff,FIFO_SRWT,42,361.6,1,0,0.0,1,Weld,2,16.1,16.1,16.1,0.0,27.5,114.3,114.3,130.4,16.2,0.0
2026-09-09 15:37:42,two_machine_standoff,FIFO_SRWT,42,361.6,2,0,0.0,0,Mill,3,20.0,20.0,20.0,0.0,38.6,66.2,66.2,86.2,20.0,0.0
2026-09-09 15:37:42,two_machine_standoff,FIFO_SRWT,42,361.6,2,0,0.0,1,Weld,2,27.4,27.4,27.4,0.0,49.5,165.1,165.1,192.5,27.4,0.0
2026-09-09 15:37:42,two_machine_standoff,FIFO_SRWT,42,361.6,3,0,0.0,0,Mill,3,20.0,20.0,20.0,0.0,20.7,72.0,85.0,105.1,20.0,13.0
2026-09-09 15:37:42,two_machine_standoff,FIFO_SRWT,42,361.6,3,0,0.0,1,Weld,2,25.0,25.0,25.0,0.0,35.1,195.1,208.8,233.9,25.1,13.7
2026-09-09 15:37:42,two_machine_standoff,FIFO_SRWT,42,361.6,4,0,0.0,0,Mill,3,20.0,20.0,20.0,0.0,17.3,75.0,76.7,96.7,20.0,1.6
2026-09-09 15:37:42,two_machine_standoff,FIFO_SRWT,42,361.6,4,0,0.0,1,Weld,2,48.1,48.1,48.1,0.0,27.8,132.1,132.1,180.2,48.2,0.0
2026-09-09 15:37:42,two_machine_standoff,FIFO_SRWT,42,361.6,5,0,0.0,0,Mill,3,20.0,20.0,20.0,0.0,35.0,109.6,109.6,129.6,20.0,0.0
2026-09-09 15:37:42,two_machine_standoff,FIFO_SRWT,42,361.6,5,0,0.0,1,Weld,2,45.5,45.5,45.5,0.0,58.9,261.1,261.1,306.6,45.5,0.0
2026-09-09 15:37:42,two_machine_standoff,FIFO_SRWT,42,361.6,6,0,0.0,0,Mill,3,20.0,20.0,20.0,0.0,23.8,65.0,65.0,85.0,20.0,0.0
2026-09-09 15:37:42,two_machine_standoff,FIFO_SRWT,42,361.6,6,0,0.0,1,Weld,2,55.2,55.2,55.2,0.0,24.5,137.7,180.2,235.4,55.2,42.5
2026-09-09 15:37:42,two_machine_standoff,FIFO_SRWT,42,361.6,7,0,0.0,0,Mill,3,20.0,20.0,20.0,0.0,16.8,53.2,56.6,76.6,20.0,3.4
2026-09-09 15:37:42,two_machine_standoff,FIFO_SRWT,42,361.6,7,0,0.0,1,Weld,2,18.9,18.9,18.9,0.0,23.3,121.8,130.4,149.4,18.9,8.6
2026-09-09 15:37:42,two_machine_standoff,FIFO_SRWT,42,361.6,8,0,0.0,0,Mill,3,20.0,20.0,20.0,0.0,36.5,83.1,86.2,106.3,20.0,3.1
2026-09-09 15:37:42,two_machine_standoff,FIFO_SRWT,42,361.6,8,0,0.0,1,Weld,2,34.0,34.0,34.0,0.0,54.4,222.4,233.9,267.9,34.0,11.5
2026-09-09 15:37:42,two_machine_standoff,FIFO_SRWT,42,361.6,9,0,0.0,0,Mill,3,20.0,20.0,20.0,0.0,27.9,120.5,120.5,140.5,20.0,0.0
2026-09-09 15:37:42,two_machine_standoff,FIFO_SRWT,42,361.6,9,0,0.0,1,Weld,2,16.3,16.3,16.3,0.0,34.6,187.4,192.5,208.8,16.4,5.1
2026-09-09 15:37:52,two_machine_standoff,FIFO_SRWT,43,361.6,0,0,0.0,0,Mill,3,20.0,20.0,20.0,0.0,18.6,31.0,31.0,51.0,20.0,0.0
2026-09-09 15:37:52,two_machine_standoff,FIFO_SRWT,43,361.6,0,0,0.0,1,Weld,2,43.8,43.8,43.8,0.0,20.3,78.2,78.2,122.0,43.8,0.0
2026-09-09 15:37:52,two_machine_standoff,FIFO_SRWT,43,361.6,1,0,0.0,0,Mill,3,20.0,20.0,20.0,0.0,16.8,36.6,36.6,56.6,20.0,0.0
2026-09-09 15:37:52,two_machine_standoff,FIFO_SRWT,43,361.6,1,0,0.0,1,Weld,2,16.1,16.1,16.1,0.0,27.5,114.3,114.3,130.4,16.2,0.0
2026-09-09 15:37:52,two_machine_standoff,FIFO_SRWT,43,361.6,2,0,0.0,0,Mill,3,20.0,20.0,20.0,0.0,38.6,66.2,66.2,86.2,20.0,0.0
2026-09-09 15:37:52,two_machine_standoff,FIFO_SRWT,43,361.6,2,0,0.0,1,Weld,2,27.4,27.4,27.4,0.0,49.5,165.1,165.1,192.5,27.4,0.0
2026-09-09 15:37:52,two_machine_standoff,FIFO_SRWT,43,361.6,3,0,0.0,0,Mill,3,20.0,20.0,20.0,0.0,20.7,72.0,85.0,105.1,20.0,13.0
2026-09-09 15:37:52,two_machine_standoff,FIFO_SRWT,43,361.6,3,0,0.0,1,Weld,2,25.0,25.0,25.0,0.0,35.1,195.1,208.8,233.9,25.1,13.7
2026-09-09 15:37:52,two_machine_standoff,FIFO_SRWT,43,361.6,4,0,0.0,0,Mill,3,20.0,20.0,20.0,0.0,17.3,75.0,76.7,96.7,20.0,1.6
2026-09-09 15:37:52,two_machine_standoff,FIFO_SRWT,43,361.6,4,0,0.0,1,Weld,2,48.1,48.1,48.1,0.0,27.8,132.1,132.1,180.2,48.2,0.0
2026-09-09 15:37:52,two_machine_standoff,FIFO_SRWT,43,361.6,5,0,0.0,0,Mill,3,20.0,20.0,20.0,0.0,35.0,109.6,109.6,129.6,20.0,0.0
2026-09-09 15:37:52,two_machine_standoff,FIFO_SRWT,43,361.6,5,0,0.0,1,Weld,2,45.5,45.5,45.5,0.0,58.9,261.1,261.1,306.6,45.5,0.0
2026-09-09 15:37:52,two_machine_standoff,FIFO_SRWT,43,361.6,6,0,0.0,0,Mill,3,20.0,20.0,20.0,0.0,23.8,65.0,65.0,85.0,20.0,0.0
2026-09-09 15:37:52,two_machine_standoff,FIFO_SRWT,43,361.6,6,0,0.0,1,Weld,2,55.2,55.2,55.2,0.0,24.5,137.7,180.2,235.4,55.2,42.5
2026-09-09 15:37:52,two_machine_standoff,FIFO_SRWT,43,361.6,7,0,0.0,0,Mill,3,20.0,20.0,20.0,0.0,16.8,53.2,56.6,76.6,20.0,3.4
2026-09-09 15:37:52,two_machine_standoff,FIFO_SRWT,43,361.6,7,0,0.0,1,Weld,2,18.9,18.9,18.9,0.0,23.3,121.8,130.4,149.4,18.9,8.6
2026-09-09 15:37:52,two_machine_standoff,FIFO_SRWT,43,361.6,8,0,0.0,0,Mill,3,20.0,20.0,20.0,0.0,36.5,83.1,86.2,106.3,20.0,3.1
2026-09-09 15:37:52,two_machine_standoff,FIFO_SRWT,43,361.6,8,0,0.0,1,Weld,2,34.0,34.0,34.0,0.0,54.4,222.4,233.9,267.9,34.0,11.5
2026-09-09 15:37:52,two_machine_standoff,FIFO_SRWT,43,361.6,9,0,0.0,0,Mill,3,20.0,20.0,20.0,0.0,27.9,120.5,120.5,140.5,20.0,0.0
2026-09-09 15:37:52,two_machine_standoff,FIFO_SRWT,43,361.6,9,0,0.0,1,Weld,2,16.3,16.3,16.3,0.0,34.6,187.4,192.5,208.8,16.4,5.1
2026-09-09 15:38:02,two_machine_standoff,FIFO_SRWT,44,361.6,0,0,0.0,0,Mill,3,20.0,20.0,20.0,0.0,18.6,31.0,31.0,51.0,20.0,0.0
2026-09-09 15:38:02,two_machine_standoff,FIFO_SRWT,44,361.6,0,0,0.0,1,Weld,2,43.8,43.8,43.8,0.0,20.3,78.2,78.2,122.0,43.8,0.0
2026-09-09 15:38:02,two_machine_standoff,FIFO_SRWT,44,361.6,1,0,0.0,0,Mill,3,20.0,20.0,20.0,0.0,16.8,36.6,36.6,56.6,20.0,0.0
2026-09-09 15:38:02,two_machine_standoff,FIFO_SRWT,44,361.6,1,0,0.0,1,Weld,2,16.1,16.1,16.1,0.0,27.5,114.3,114.3,130.4,16.2,0.0
2026-09-09 15:38:02,two_machine_standoff,FIFO_SRWT,44,361.6,2,0,0.0,0,Mill,3,20.0,20.0,20.0,0.0,38.6,66.2,66.2,86.2,20.0,0.0
2026-09-09 15:38:02,two_machine_standoff,FIFO_SRWT,44,361.6,2,0,0.0,1,Weld,2,27.4,27.4,27.4,0.0,49.5,165.1,165.1,192.5,27.4,0.0
2026-09-09 15:38:02,two_machine_standoff,FIFO_SRWT,44,361.6,3,0,0.0,0,Mill,3,20.0,20.0,20.0,0.0,20.7,72.0,85.0,105.1,20.0,13.0
2026-09-09 15:38:02,two_machine_standoff,FIFO_SRWT,44,361.6,3,0,0.0,1,Weld,2,25.0,25.0,25.0,0.0,35.1,195.1,208.8,233.9,25.1,13.7
2026-09-09 15:38:02,two_machine_standoff,FIFO_SRWT,44,361.6,4,0,0.0,0,Mill,3,20.0,20.0,20.0,0.0,17.3,75.0,76.7,96.7,20.0,1.6
2026-09-09 15:38:02,two_machine_standoff,FIFO_SRWT,44,361.6,4,0,0.0,1,Weld,2,48.1,48.1,48.1,0.0,27.8,132.1,132.1,180.2,48.2,0.0
2026-09-09 15:38:02,two_machine_standoff,FIFO_SRWT,44,361.6,5,0,0.0,0,Mill,3,20.0,20.0,20.0,0.0,35.0,109.6,109.6,129.6,20.0,0.0
2026-09-09 15:38:02,two_machine_standoff,FIFO_SRWT,44,361.6,5,0,0.0,1,Weld,2,45.5,45.5,45.5,0.0,58.9,261.1,261.1,306.6,45.5,0.0
2026-09-09 15:38:02,two_machine_standoff,FIFO_SRWT,44,361.6,6,0,0.0,0,Mill,3,20.0,20.0,20.0,0.0,23.8,65.0,65.0,85.0,20.0,0.0
2026-09-09 15:38:02,two_machine_standoff,FIFO_SRWT,44,361.6,6,0,0.0,1,Weld,2,55.2,55.2,55.2,0.0,24.5,137.7,180.2,235.4,55.2,42.5
2026-09-09 15:38:02,two_machine_standoff,FIFO_SRWT,44,361.6,7,0,0.0,0,Mill,3,20.0,20.0,20.0,0.0,16.8,53.2,56.6,76.6,20.0,3.4
2026-09-09 15:38:02,two_machine_standoff,FIFO_SRWT,44,361.6,7,0,0.0,1,Weld,2,18.9,18.9,18.9,0.0,23.3,121.8,130.4,149.4,18.9,8.6
2026-09-09 15:38:02,two_machine_standoff,FIFO_SRWT,44,361.6,8,0,0.0,0,Mill,3,20.0,20.0,20.0,0.0,36.5,83.1,86.2,106.3,20.0,3.1
2026-09-09 15:38:02,two_machine_standoff,FIFO_SRWT,44,361.6,8,0,0.0,1,Weld,2,34.0,34.0,34.0,0.0,54.4,222.4,233.9,267.9,34.0,11.5
2026-09-09 15:38:02,two_machine_standoff,FIFO_SRWT,44,361.6,9,0,0.0,0,Mill,3,20.0,20.0,20.0,0.0,27.9,120.5,120.5,140.5,20.0,0.0
2026-09-09 15:38:02,two_machine_standoff,FIFO_SRWT,44,361.6,9,0,0.0,1,Weld,2,16.3,16.3,16.3,0.0,34.6,187.4,192.5,208.8,16.4,5.1
2026-09-09 15:38:10,zero_contention,FIFO_SRWT,42,268.82,0,0,0.0,0,Mill,1,39.2,39.2,39.2,0.0,18.6,31.0,31.0,70.2,39.2,0.0
2026-09-09 15:38:10,zero_contention,FIFO_SRWT,42,268.82,0,0,0.0,1,Lathe,1,20.8,20.8,20.8,0.0,20.7,116.5,116.5,137.2,20.8,0.0
2026-09-09 15:38:10,zero_contention,FIFO_SRWT,42,268.82,0,0,0.0,2,Weld,1,28.3,28.3,28.3,0.0,20.8,171.1,171.1,199.3,28.3,0.0
2026-09-09 15:38:10,zero_contention,FIFO_SRWT,42,268.82,1,0,0.0,0,Mill,1,26.7,26.7,26.7,0.0,16.8,36.6,36.6,63.3,26.7,0.0
2026-09-09 15:38:10,zero_contention,FIFO_SRWT,42,268.82,1,0,0.0,1,Lathe,1,42.1,42.1,42.1,0.0,20.8,98.4,98.4,140.6,42.1,0.0
2026-09-09 15:38:10,zero_contention,FIFO_SRWT,42,268.82,1,0,0.0,2,Weld,1,40.3,40.3,40.3,0.0,20.6,177.0,177.0,217.3,40.3,0.0
2026-09-09 15:38:10,zero_contention,FIFO_SRWT,42,268.82,2,0,0.0,0,Mill,1,46.8,46.8,46.8,0.0,43.3,70.9,70.9,117.7,46.8,0.0
2026-09-09 15:38:10,zero_contention,FIFO_SRWT,42,268.82,2,0,0.0,1,Lathe,1,22.6,22.6,22.6,0.0,4.7,124.6,124.6,147.2,22.6,0.0
2026-09-09 15:38:10,zero_contention,FIFO_SRWT,42,268.82,2,0,0.0,2,Weld,1,32.7,32.7,32.7,0.0,13.0,168.7,168.7,201.4,32.7,0.0
2026-09-09 15:38:17,zero_contention,FIFO_SRWT,43,268.82,0,0,0.0,0,Mill,1,39.2,39.2,39.2,0.0,18.6,31.0,31.0,70.2,39.2,0.0
2026-09-09 15:38:17,zero_contention,FIFO_SRWT,43,268.82,0,0,0.0,1,Lathe,1,20.8,20.8,20.8,0.0,20.7,116.5,116.5,137.2,20.8,0.0
2026-09-09 15:38:17,zero_contention,FIFO_SRWT,43,268.82,0,0,0.0,2,Weld,1,28.3,28.3,28.3,0.0,20.8,171.1,171.1,199.3,28.3,0.0
2026-09-09 15:38:17,zero_contention,FIFO_SRWT,43,268.82,1,0,0.0,0,Mill,1,26.7,26.7,26.7,0.0,16.8,36.6,36.6,63.3,26.7,0.0
2026-09-09 15:38:17,zero_contention,FIFO_SRWT,43,268.82,1,0,0.0,1,Lathe,1,42.1,42.1,42.1,0.0,20.8,98.4,98.4,140.6,42.1,0.0
2026-09-09 15:38:17,zero_contention,FIFO_SRWT,43,268.82,1,0,0.0,2,Weld,1,40.3,40.3,40.3,0.0,20.6,177.0,177.0,217.3,40.3,0.0
2026-09-09 15:38:17,zero_contention,FIFO_SRWT,43,268.82,2,0,0.0,0,Mill,1,46.8,46.8,46.8,0.0,43.3,70.9,70.9,117.7,46.8,0.0
2026-09-09 15:38:17,zero_contention,FIFO_SRWT,43,268.82,2,0,0.0,1,Lathe,1,22.6,22.6,22.6,0.0,4.7,124.6,124.6,147.2,22.6,0.0
2026-09-09 15:38:17,zero_contention,FIFO_SRWT,43,268.82,2,0,0.0,2,Weld,1,32.7,32.7,32.7,0.0,13.0,168.7,168.7,201.4,32.7,0.0
2026-09-09 15:38:24,zero_contention,FIFO_SRWT,44,268.82,0,0,0.0,0,Mill,1,39.2,39.2,39.2,0.0,18.6,31.0,31.0,70.2,39.2,0.0
2026-09-09 15:38:24,zero_contention,FIFO_SRWT,44,268.82,0,0,0.0,1,Lathe,1,20.8,20.8,20.8,0.0,20.7,116.5,116.5,137.2,20.8,0.0
2026-09-09 15:38:24,zero_contention,FIFO_SRWT,44,268.82,0,0,0.0,2,Weld,1,28.3,28.3,28.3,0.0,20.8,171.1,171.1,199.3,28.3,0.0
2026-09-09 15:38:24,zero_contention,FIFO_SRWT,44,268.82,1,0,0.0,0,Mill,1,26.7,26.7,26.7,0.0,16.8,36.6,36.6,63.3,26.7,0.0
2026-09-09 15:38:24,zero_contention,FIFO_SRWT,44,268.82,1,0,0.0,1,Lathe,1,42.1,42.1,42.1,0.0,20.8,98.4,98.4,140.6,42.1,0.0
2026-09-09 15:38:24,zero_contention,FIFO_SRWT,44,268.82,1,0,0.0,2,Weld,1,40.3,40.3,40.3,0.0,20.6,177.0,177.0,217.3,40.3,0.0
2026-09-09 15:38:24,zero_contention,FIFO_SRWT,44,268.82,2,0,0.0,0,Mill,1,46.8,46.8,46.8,0.0,43.3,70.9,70.9,117.7,46.8,0.0
2026-09-09 15:38:24,zero_contention,FIFO_SRWT,44,268.82,2,0,0.0,1,Lathe,1,22.6,22.6,22.6,0.0,4.7,124.6,124.6,147.2,22.6,0.0
2026-09-09 15:38:24,zero_contention,FIFO_SRWT,44,268.82,2,0,0.0,2,Weld,1,32.7,32.7,32.7,0.0,13.0,168.7,168.7,201.4,32.7,0.0
2026-09-09 15:28:59,bimodal_mix,LPT_MMUR,42,807.24,0,0,0.0,0,Weld,1,150.0,150.0,150.0,0.0,13.2,25.6,25.6,175.6,150.0,0.0
2026-09-09 15:28:59,bimodal_mix,LPT_MMUR,42,807.24,1,0,0.0,0,Weld,1,150.0,150.0,150.0,0.0,13.5,33.2,175.6,325.7,150.0,142.4
2026-09-09 15:28:59,bimodal_mix,LPT_MMUR,42,807.24,2,0,5.0,0,Weld,1,10.3,10.3,10.3,0.0,13.2,40.9,421.0,431.3,10.3,380.2
2026-09-09 15:28:59,bimodal_mix,LPT_MMUR,42,807.24,3,0,13.0,0,Weld,1,9.1,9.1,9.1,0.0,18.2,64.5,594.7,603.7,9.1,530.1
2026-09-09 15:28:59,bimodal_mix,LPT_MMUR,42,807.24,4,0,21.0,0,Weld,1,9.6,9.6,9.6,0.0,13.2,50.0,501.2,510.8,9.6,451.2
2026-09-09 15:28:59,bimodal_mix,LPT_MMUR,42,807.24,5,0,29.0,0,Weld,1,9.5,9.5,9.5,0.0,27.3,94.5,510.8,520.3,9.5,416.3
2026-09-09 15:28:59,bimodal_mix,LPT_MMUR,42,807.24,6,0,37.0,0,Weld,1,10.5,10.5,10.5,0.0,23.1,79.9,379.4,389.9,10.5,299.5
2026-09-09 15:28:59,bimodal_mix,LPT_MMUR,42,807.24,7,0,45.0,0,Weld,1,10.4,10.4,10.4,0.0,20.2,72.2,400.3,410.7,10.4,328.1
2026-09-09 15:28:59,bimodal_mix,LPT_MMUR,42,807.24,8,0,53.0,0,Weld,1,10.8,10.8,10.8,0.0,48.6,110.9,336.6,347.4,10.8,225.7
2026-09-09 15:28:59,bimodal_mix,LPT_MMUR,42,807.24,9,0,61.0,0,Weld,1,9.2,9.2,9.2,0.0,53.1,125.7,576.4,585.6,9.2,450.7
2026-09-09 15:28:59,bimodal_mix,LPT_MMUR,42,807.24,10,0,69.0,0,Weld,1,9.8,9.8,9.8,0.0,55.1,133.2,471.9,481.8,9.9,338.7
2026-09-09 15:28:59,bimodal_mix,LPT_MMUR,42,807.24,11,0,77.0,0,Weld,1,9.1,9.1,9.1,0.0,31.7,121.0,585.6,594.7,9.1,464.5
2026-09-09 15:28:59,bimodal_mix,LPT_MMUR,42,807.24,12,0,85.0,0,Weld,1,9.4,9.4,9.4,0.0,34.0,128.8,520.3,529.7,9.5,391.5
2026-09-09 15:28:59,bimodal_mix,LPT_MMUR,42,807.24,13,0,93.0,0,Weld,1,10.0,10.0,10.0,0.0,20.0,144.0,461.9,471.9,10.0,317.9
2026-09-09 15:28:59,bimodal_mix,LPT_MMUR,42,807.24,14,0,101.0,0,Weld,1,9.1,9.1,9.1,0.0,31.2,136.3,603.7,612.8,9.1,467.5
2026-09-09 15:28:59,bimodal_mix,LPT_MMUR,42,807.24,15,0,109.0,0,Weld,1,9.4,9.4,9.4,0.0,22.8,159.4,539.2,548.6,9.4,379.8
2026-09-09 15:28:59,bimodal_mix,LPT_MMUR,42,807.24,16,0,117.0,0,Weld,1,10.3,10.3,10.3,0.0,20.0,151.7,410.7,421.0,10.3,259.0
2026-09-09 15:28:59,bimodal_mix,LPT_MMUR,42,807.24,17,0,125.0,0,Weld,1,10.1,10.1,10.1,0.0,34.8,187.1,451.8,461.9,10.1,264.6
2026-09-09 15:28:59,bimodal_mix,LPT_MMUR,42,807.24,18,0,133.0,0,Weld,1,9.4,9.4,9.4,0.0,24.9,167.0,529.7,539.2,9.5,362.8
2026-09-09 15:28:59,bimodal_mix,LPT_MMUR,42,807.24,19,0,141.0,0,Weld,1,10.2,10.2,10.2,0.0,27.0,174.5,441.6,451.8,10.2,267.1
2026-09-09 15:28:59,bimodal_mix,LPT_MMUR,42,807.24,20,0,149.0,0,Weld,1,10.6,10.6,10.6,0.0,36.9,194.7,358.1,368.8,10.6,163.4
2026-09-09 15:28:59,bimodal_mix,LPT_MMUR,42,807.24,21,0,157.0,0,Weld,1,9.0,9.0,9.0,0.0,39.7,214.5,612.8,621.9,9.0,398.3
2026-09-09 15:28:59,bimodal_mix,LPT_MMUR,42,807.24,22,0,165.0,0,Weld,1,10.6,10.6,10.6,0.0,36.9,206.9,368.8,379.4,10.6,161.9
2026-09-09 15:28:59,bimodal_mix,LPT_MMUR,42,807.24,23,0,173.0,0,Weld,1,10.4,10.4,10.4,0.0,42.1,222.2,389.9,400.3,10.4,167.7
2026-09-09 15:28:59,bimodal_mix,LPT_MMUR,42,807.24,24,0,181.0,0,Weld,1,9.7,9.7,9.7,0.0,39.0,252.2,481.8,491.5,9.7,229.6
2026-09-09 15:28:59,bimodal_mix,LPT_MMUR,42,807.24,25,0,189.0,0,Weld,1,9.3,9.3,9.3,0.0,36.9,237.0,548.6,557.9,9.3,311.6
2026-09-09 15:28:59,bimodal_mix,LPT_MMUR,42,807.24,26,0,197.0,0,Weld,1,10.9,10.9,10.9,0.0,36.9,244.6,325.7,336.6,10.9,81.1
2026-09-09 15:28:59,bimodal_mix,LPT_MMUR,42,807.24,27,0,205.0,0,Weld,1,9.7,9.7,9.7,0.0,39.5,259.7,491.5,501.2,9.7,231.8
2026-09-09 15:28:59,bimodal_mix,LPT_MMUR,42,807.24,28,0,213.0,0,Weld,1,9.2,9.2,9.2,0.0,39.5,267.3,557.9,567.2,9.2,290.7
2026-09-09 15:28:59,bimodal_mix,LPT_MMUR,42,807.24,29,0,221.0,0,Weld,1,9.2,9.2,9.2,0.0,39.0,275.0,567.2,576.4,9.2,292.2
2026-09-09 15:28:59,bimodal_mix,LPT_MMUR,42,807.24,30,0,229.0,0,Weld,1,10.7,10.7,10.7,0.0,37.9,290.5,347.4,358.1,10.7,56.9
2026-09-09 15:28:59,bimodal_mix,LPT_MMUR,42,807.24,31,0,237.0,0,Weld,1,10.2,10.2,10.2,0.0,35.1,282.8,431.3,441.6,10.2,148.6
2026-09-09 15:29:22,bimodal_mix,LPT_MMUR,43,807.24,0,0,0.0,0,Weld,1,150.0,150.0,150.0,0.0,13.2,25.6,25.6,175.6,150.0,0.0
2026-09-09 15:29:22,bimodal_mix,LPT_MMUR,43,807.24,1,0,0.0,0,Weld,1,150.0,150.0,150.0,0.0,13.5,33.2,175.6,325.7,150.0,142.4
2026-09-09 15:29:22,bimodal_mix,LPT_MMUR,43,807.24,2,0,5.0,0,Weld,1,10.3,10.3,10.3,0.0,13.2,40.9,421.0,431.3,10.3,380.2
2026-09-09 15:29:22,bimodal_mix,LPT_MMUR,43,807.24,3,0,13.0,0,Weld,1,9.1,9.1,9.1,0.0,18.2,64.5,594.7,603.7,9.1,530.1
2026-09-09 15:29:22,bimodal_mix,LPT_MMUR,43,807.24,4,0,21.0,0,Weld,1,9.6,9.6,9.6,0.0,13.2,50.0,501.2,510.8,9.6,451.2
2026-09-09 15:29:22,bimodal_mix,LPT_MMUR,43,807.24,5,0,29.0,0,Weld,1,9.5,9.5,9.5,0.0,27.3,94.5,510.8,520.3,9.5,416.3
2026-09-09 15:29:22,bimodal_mix,LPT_MMUR,43,807.24,6,0,37.0,0,Weld,1,10.5,10.5,10.5,0.0,23.1,79.9,379.4,389.9,10.5,299.5
2026-09-09 15:29:22,bimodal_mix,LPT_MMUR,43,807.24,7,0,45.0,0,Weld,1,10.4,10.4,10.4,0.0,20.2,72.2,400.3,410.7,10.4,328.1
2026-09-09 15:29:22,bimodal_mix,LPT_MMUR,43,807.24,8,0,53.0,0,Weld,1,10.8,10.8,10.8,0.0,48.6,110.9,336.6,347.4,10.8,225.7
2026-09-09 15:29:22,bimodal_mix,LPT_MMUR,43,807.24,9,0,61.0,0,Weld,1,9.2,9.2,9.2,0.0,53.1,125.7,576.4,585.6,9.2,450.7
2026-09-09 15:29:22,bimodal_mix,LPT_MMUR,43,807.24,10,0,69.0,0,Weld,1,9.8,9.8,9.8,0.0,55.1,133.2,471.9,481.8,9.9,338.7
2026-09-09 15:29:22,bimodal_mix,LPT_MMUR,43,807.24,11,0,77.0,0,Weld,1,9.1,9.1,9.1,0.0,31.7,121.0,585.6,594.7,9.1,464.5
2026-09-09 15:29:22,bimodal_mix,LPT_MMUR,43,807.24,12,0,85.0,0,Weld,1,9.4,9.4,9.4,0.0,34.0,128.8,520.3,529.7,9.5,391.5
2026-09-09 15:29:22,bimodal_mix,LPT_MMUR,43,807.24,13,0,93.0,0,Weld,1,10.0,10.0,10.0,0.0,20.0,144.0,461.9,471.9,10.0,317.9
2026-09-09 15:29:22,bimodal_mix,LPT_MMUR,43,807.24,14,0,101.0,0,Weld,1,9.1,9.1,9.1,0.0,31.2,136.3,603.7,612.8,9.1,467.5
2026-09-09 15:29:22,bimodal_mix,LPT_MMUR,43,807.24,15,0,109.0,0,Weld,1,9.4,9.4,9.4,0.0,22.8,159.4,539.2,548.6,9.4,379.8
2026-09-09 15:29:22,bimodal_mix,LPT_MMUR,43,807.24,16,0,117.0,0,Weld,1,10.3,10.3,10.3,0.0,20.0,151.7,410.7,421.0,10.3,259.0
2026-09-09 15:29:22,bimodal_mix,LPT_MMUR,43,807.24,17,0,125.0,0,Weld,1,10.1,10.1,10.1,0.0,34.8,187.1,451.8,461.9,10.1,264.6
2026-09-09 15:29:22,bimodal_mix,LPT_MMUR,43,807.24,18,0,133.0,0,Weld,1,9.4,9.4,9.4,0.0,24.9,167.0,529.7,539.2,9.5,362.8
2026-09-09 15:29:22,bimodal_mix,LPT_MMUR,43,807.24,19,0,141.0,0,Weld,1,10.2,10.2,10.2,0.0,27.0,174.5,441.6,451.8,10.2,267.1
2026-09-09 15:29:22,bimodal_mix,LPT_MMUR,43,807.24,20,0,149.0,0,Weld,1,10.6,10.6,10.6,0.0,36.9,194.7,358.1,368.8,10.6,163.4
2026-09-09 15:29:22,bimodal_mix,LPT_MMUR,43,807.24,21,0,157.0,0,Weld,1,9.0,9.0,9.0,0.0,39.7,214.5,612.8,621.9,9.0,398.3
2026-09-09 15:29:22,bimodal_mix,LPT_MMUR,43,807.24,22,0,165.0,0,Weld,1,10.6,10.6,10.6,0.0,36.9,206.9,368.8,379.4,10.6,161.9
2026-09-09 15:29:22,bimodal_mix,LPT_MMUR,43,807.24,23,0,173.0,0,Weld,1,10.4,10.4,10.4,0.0,42.1,222.2,389.9,400.3,10.4,167.7
2026-09-09 15:29:22,bimodal_mix,LPT_MMUR,43,807.24,24,0,181.0,0,Weld,1,9.7,9.7,9.7,0.0,39.0,252.2,481.8,491.5,9.7,229.6
2026-09-09 15:29:22,bimodal_mix,LPT_MMUR,43,807.24,25,0,189.0,0,Weld,1,9.3,9.3,9.3,0.0,36.9,237.0,548.6,557.9,9.3,311.6
2026-09-09 15:29:22,bimodal_mix,LPT_MMUR,43,807.24,26,0,197.0,0,Weld,1,10.9,10.9,10.9,0.0,36.9,244.6,325.7,336.6,10.9,81.1
2026-09-09 15:29:22,bimodal_mix,LPT_MMUR,43,807.24,27,0,205.0,0,Weld,1,9.7,9.7,9.7,0.0,39.5,259.7,491.5,501.2,9.7,231.8
2026-09-09 15:29:22,bimodal_mix,LPT_MMUR,43,807.24,28,0,213.0,0,Weld,1,9.2,9.2,9.2,0.0,39.5,267.3,557.9,567.2,9.2,290.7
2026-09-09 15:29:22,bimodal_mix,LPT_MMUR,43,807.24,29,0,221.0,0,Weld,1,9.2,9.2,9.2,0.0,39.0,275.0,567.2,576.4,9.2,292.2
2026-09-09 15:29:22,bimodal_mix,LPT_MMUR,43,807.24,30,0,229.0,0,Weld,1,10.7,10.7,10.7,0.0,37.9,290.5,347.4,358.1,10.7,56.9
2026-09-09 15:29:22,bimodal_mix,LPT_MMUR,43,807.24,31,0,237.0,0,Weld,1,10.2,10.2,10.2,0.0,35.1,282.8,431.3,441.6,10.2,148.6
2026-09-09 15:29:45,bimodal_mix,LPT_MMUR,44,807.24,0,0,0.0,0,Weld,1,150.0,150.0,150.0,0.0,13.2,25.6,25.6,175.6,150.0,0.0
2026-09-09 15:29:45,bimodal_mix,LPT_MMUR,44,807.24,1,0,0.0,0,Weld,1,150.0,150.0,150.0,0.0,13.5,33.2,175.6,325.7,150.0,142.4
2026-09-09 15:29:45,bimodal_mix,LPT_MMUR,44,807.24,2,0,5.0,0,Weld,1,10.3,10.3,10.3,0.0,13.2,40.9,421.0,431.3,10.3,380.2
2026-09-09 15:29:45,bimodal_mix,LPT_MMUR,44,807.24,3,0,13.0,0,Weld,1,9.1,9.1,9.1,0.0,18.2,64.5,594.7,603.7,9.1,530.1
2026-09-09 15:29:45,bimodal_mix,LPT_MMUR,44,807.24,4,0,21.0,0,Weld,1,9.6,9.6,9.6,0.0,13.2,50.0,501.2,510.8,9.6,451.2
2026-09-09 15:29:45,bimodal_mix,LPT_MMUR,44,807.24,5,0,29.0,0,Weld,1,9.5,9.5,9.5,0.0,27.3,94.5,510.8,520.3,9.5,416.3
2026-09-09 15:29:45,bimodal_mix,LPT_MMUR,44,807.24,6,0,37.0,0,Weld,1,10.5,10.5,10.5,0.0,23.1,79.9,379.4,389.9,10.5,299.5
2026-09-09 15:29:45,bimodal_mix,LPT_MMUR,44,807.24,7,0,45.0,0,Weld,1,10.4,10.4,10.4,0.0,20.2,72.2,400.3,410.7,10.4,328.1
2026-09-09 15:29:45,bimodal_mix,LPT_MMUR,44,807.24,8,0,53.0,0,Weld,1,10.8,10.8,10.8,0.0,48.6,110.9,336.6,347.4,10.8,225.7
2026-09-09 15:29:45,bimodal_mix,LPT_MMUR,44,807.24,9,0,61.0,0,Weld,1,9.2,9.2,9.2,0.0,53.1,125.7,576.4,585.6,9.2,450.7
2026-09-09 15:29:45,bimodal_mix,LPT_MMUR,44,807.24,10,0,69.0,0,Weld,1,9.8,9.8,9.8,0.0,55.1,133.2,471.9,481.8,9.9,338.7
2026-09-09 15:29:45,bimodal_mix,LPT_MMUR,44,807.24,11,0,77.0,0,Weld,1,9.1,9.1,9.1,0.0,31.7,121.0,585.6,594.7,9.1,464.5
2026-09-09 15:29:45,bimodal_mix,LPT_MMUR,44,807.24,12,0,85.0,0,Weld,1,9.4,9.4,9.4,0.0,34.0,128.8,520.3,529.7,9.5,391.5
2026-09-09 15:29:45,bimodal_mix,LPT_MMUR,44,807.24,13,0,93.0,0,Weld,1,10.0,10.0,10.0,0.0,20.0,144.0,461.9,471.9,10.0,317.9
2026-09-09 15:29:45,bimodal_mix,LPT_MMUR,44,807.24,14,0,101.0,0,Weld,1,9.1,9.1,9.1,0.0,31.2,136.3,603.7,612.8,9.1,467.5
2026-09-09 15:29:45,bimodal_mix,LPT_MMUR,44,807.24,15,0,109.0,0,Weld,1,9.4,9.4,9.4,0.0,22.8,159.4,539.2,548.6,9.4,379.8
2026-09-09 15:29:45,bimodal_mix,LPT_MMUR,44,807.24,16,0,117.0,0,Weld,1,10.3,10.3,10.3,0.0,20.0,151.7,410.7,421.0,10.3,259.0
2026-09-09 15:29:45,bimodal_mix,LPT_MMUR,44,807.24,17,0,125.0,0,Weld,1,10.1,10.1,10.1,0.0,34.8,187.1,451.8,461.9,10.1,264.6
2026-09-09 15:29:45,bimodal_mix,LPT_MMUR,44,807.24,18,0,133.0,0,Weld,1,9.4,9.4,9.4,0.0,24.9,167.0,529.7,539.2,9.5,362.8
2026-09-09 15:29:45,bimodal_mix,LPT_MMUR,44,807.24,19,0,141.0,0,Weld,1,10.2,10.2,10.2,0.0,27.0,174.5,441.6,451.8,10.2,267.1
2026-09-09 15:29:45,bimodal_mix,LPT_MMUR,44,807.24,20,0,149.0,0,Weld,1,10.6,10.6,10.6,0.0,36.9,194.7,358.1,368.8,10.6,163.4
2026-09-09 15:29:45,bimodal_mix,LPT_MMUR,44,807.24,21,0,157.0,0,Weld,1,9.0,9.0,9.0,0.0,39.7,214.5,612.8,621.9,9.0,398.3
2026-09-09 15:29:45,bimodal_mix,LPT_MMUR,44,807.24,22,0,165.0,0,Weld,1,10.6,10.6,10.6,0.0,36.9,206.9,368.8,379.4,10.6,161.9
2026-09-09 15:29:45,bimodal_mix,LPT_MMUR,44,807.24,23,0,173.0,0,Weld,1,10.4,10.4,10.4,0.0,42.1,222.2,389.9,400.3,10.4,167.7
2026-09-09 15:29:45,bimodal_mix,LPT_MMUR,44,807.24,24,0,181.0,0,Weld,1,9.7,9.7,9.7,0.0,39.0,252.2,481.8,491.5,9.7,229.6
2026-09-09 15:29:45,bimodal_mix,LPT_MMUR,44,807.24,25,0,189.0,0,Weld,1,9.3,9.3,9.3,0.0,36.9,237.0,548.6,557.9,9.3,311.6
2026-09-09 15:29:45,bimodal_mix,LPT_MMUR,44,807.24,26,0,197.0,0,Weld,1,10.9,10.9,10.9,0.0,36.9,244.6,325.7,336.6,10.9,81.1
2026-09-09 15:29:45,bimodal_mix,LPT_MMUR,44,807.24,27,0,205.0,0,Weld,1,9.7,9.7,9.7,0.0,39.5,259.7,491.5,501.2,9.7,231.8
2026-09-09 15:29:45,bimodal_mix,LPT_MMUR,44,807.24,28,0,213.0,0,Weld,1,9.2,9.2,9.2,0.0,39.5,267.3,557.9,567.2,9.2,290.7
2026-09-09 15:29:45,bimodal_mix,LPT_MMUR,44,807.24,29,0,221.0,0,Weld,1,9.2,9.2,9.2,0.0,39.0,275.0,567.2,576.4,9.2,292.2
2026-09-09 15:29:45,bimodal_mix,LPT_MMUR,44,807.24,30,0,229.0,0,Weld,1,10.7,10.7,10.7,0.0,37.9,290.5,347.4,358.1,10.7,56.9
2026-09-09 15:29:45,bimodal_mix,LPT_MMUR,44,807.24,31,0,237.0,0,Weld,1,10.2,10.2,10.2,0.0,35.1,282.8,431.3,441.6,10.2,148.6
2026-09-09 15:31:02,compound_scenario,LPT_MMUR,42,2829.4,0,0,0.0,0,Mill,1,39.2,39.2,39.2,0.0,18.6,31.0,31.0,70.2,39.2,0.0
2026-09-09 15:31:02,compound_scenario,LPT_MMUR,42,2829.4,0,0,0.0,1,Lathe,1,20.8,20.8,20.8,0.0,20.7,105.8,105.8,126.6,20.8,0.0
2026-09-09 15:31:02,compound_scenario,LPT_MMUR,42,2829.4,0,0,0.0,2,Weld,1,28.3,28.3,28.3,0.0,21.5,162.5,162.5,190.8,28.3,0.0
2026-09-09 15:31:02,compound_scenario,LPT_MMUR,42,2829.4,1,0,60.0,0,Mill,1,26.7,26.7,26.7,0.0,16.8,93.0,93.0,119.7,26.7,0.0
2026-09-09 15:31:02,compound_scenario,LPT_MMUR,42,2829.4,1,0,60.0,1,Lathe,1,42.1,42.1,42.1,0.0,21.5,156.9,156.9,199.1,42.1,0.0
2026-09-09 15:31:02,compound_scenario,LPT_MMUR,42,2829.4,1,0,60.0,2,Weld,1,40.3,40.3,40.3,0.0,20.6,231.0,231.0,271.3,40.3,0.0
2026-09-09 15:31:02,compound_scenario,LPT_MMUR,42,2829.4,2,0,120.0,0,Mill,1,46.8,46.8,46.8,0.0,34.9,169.9,169.9,216.7,46.8,0.0
2026-09-09 15:31:02,compound_scenario,LPT_MMUR,42,2829.4,2,0,120.0,1,Lathe,1,22.6,22.6,22.6,0.0,4.7,223.6,223.6,246.3,22.6,0.0
2026-09-09 15:31:02,compound_scenario,LPT_MMUR,42,2829.4,2,0,120.0,2,Weld,1,32.7,32.7,32.7,0.0,13.0,262.4,262.4,295.1,32.7,0.0
2026-09-09 15:31:02,compound_scenario,LPT_MMUR,42,2829.4,3,0,250.0,0,Mill,3,20.0,20.0,20.0,0.0,16.8,279.2,279.2,299.2,20.0,0.0
2026-09-09 15:31:02,compound_scenario,LPT_MMUR,42,2829.4,3,0,250.0,1,Weld,1,12.4,12.4,12.4,0.0,35.3,342.0,342.0,354.4,12.4,0.0
2026-09-09 15:31:02,compound_scenario,LPT_MMUR,42,2829.4,4,0,250.0,0,Mill,3,20.0,20.0,20.0,0.0,22.0,294.7,299.2,319.2,20.0,4.5
2026-09-09 15:31:02,compound_scenario,LPT_MMUR,42,2829.4,4,0,250.0,1,Weld,1,27.5,27.5,27.5,0.0,24.1,391.4,396.0,423.5,27.5,4.6
2026-09-09 15:31:02,compound_scenario,LPT_MMUR,42,2829.4,5,0,250.0,0,Mill,3,20.0,20.0,20.0,0.0,28.8,315.5,319.3,339.3,20.0,3.8
2026-09-09 15:31:02,compound_scenario,LPT_MMUR,42,2829.4,5,0,250.0,1,Weld,1,50.4,50.4,50.4,0.0,25.9,399.0,423.5,474.0,50.5,24.5
2026-09-09 15:31:02,compound_scenario,LPT_MMUR,42,2829.4,6,0,250.0,0,Mill,3,20.0,20.0,20.0,0.0,28.5,325.4,339.3,359.3,20.0,13.9
2026-09-09 15:31:02,compound_scenario,LPT_MMUR,42,2829.4,6,0,250.0,1,Weld,1,12.1,12.1,12.1,0.0,22.3,383.9,383.9,396.0,12.1,0.0
2026-09-09 15:31:02,compound_scenario,LPT_MMUR,42,2829.4,7,0,250.0,0,Mill,3,20.0,20.0,20.0,0.0,29.6,336.8,359.3,379.4,20.0,22.6
2026-09-09 15:31:02,compound_scenario,LPT_MMUR,42,2829.4,7,0,250.0,1,Weld,1,25.9,25.9,25.9,0.0,30.6,413.7,617.3,643.2,25.9,203.6
2026-09-09 15:31:02,compound_scenario,LPT_MMUR,42,2829.4,8,0,250.0,0,Mill,3,20.0,20.0,20.0,0.0,17.1,284.8,379.4,399.4,20.0,94.6
2026-09-09 15:31:02,compound_scenario,LPT_MMUR,42,2829.4,8,0,250.0,1,Weld,1,62.0,62.0,62.0,0.0,41.8,472.5,474.0,536.0,62.0,1.5
2026-09-09 15:31:02,compound_scenario,LPT_MMUR,42,2829.4,9,0,250.0,0,Mill,3,20.0,20.0,20.0,0.0,25.4,305.1,399.4,419.4,20.0,94.3
2026-09-09 15:31:02,compound_scenario,LPT_MMUR,42,2829.4,9,0,250.0,1,Weld,1,53.6,53.6,53.6,0.0,35.0,460.0,536.0,589.6,53.6,76.0
2026-09-09 15:31:02,compound_scenario,LPT_MMUR,42,2829.4,10,0,250.0,0,Mill,3,20.0,20.0,20.0,0.0,28.8,331.2,419.5,439.5,20.0,88.3
2026-09-09 15:31:02,compound_scenario,LPT_MMUR,42,2829.4,10,0,250.0,1,Weld,1,27.6,27.6,27.6,0.0,29.8,501.1,589.6,617.3,27.7,88.5
2026-09-09 15:31:02,compound_scenario,LPT_MMUR,42,2829.4,20,0,650.0,0,Mill,3,20.0,20.0,20.0,0.0,18.6,694.7,705.7,725.7,20.0,11.0
2026-09-09 15:31:02,compound_scenario,LPT_MMUR,42,2829.4,20,0,650.0,1,Weld,2,19.2,19.2,19.2,0.0,39.0,766.3,1069.4,1088.6,19.2,303.1
2026-09-09 15:31:02,compound_scenario,LPT_MMUR,42,2829.4,19,0,650.0,0,Mill,3,20.0,20.0,20.0,0.0,19.6,707.1,725.7,745.8,20.0,18.6
2026-09-09 15:31:02,compound_scenario,LPT_MMUR,42,2829.4,19,0,650.0,1,Weld,2,30.2,30.2,30.2,0.0,34.3,784.3,796.2,826.4,30.2,11.9
2026-09-09 15:31:02,compound_scenario,LPT_MMUR,42,2829.4,18,0,650.0,0,Mill,3,20.0,20.0,20.0,0.0,18.9,685.7,685.7,705.7,20.0,0.0
2026-09-09 15:31:02,compound_scenario,LPT_MMUR,42,2829.4,18,0,650.0,1,Weld,2,58.1,58.1,58.1,0.0,29.4,738.1,738.1,796.2,58.1,0.0
2026-09-09 15:31:02,compound_scenario,LPT_MMUR,42,2829.4,17,0,650.0,0,Mill,3,20.0,20.0,20.0,0.0,35.0,742.9,745.8,765.8,20.0,2.9
2026-09-09 15:31:02,compound_scenario,LPT_MMUR,42,2829.4,17,0,650.0,1,Weld,2,22.0,22.0,22.0,0.0,32.0,814.6,1047.4,1069.4,22.0,232.8
2026-09-09 15:31:02,compound_scenario,LPT_MMUR,42,2829.4,16,0,650.0,0,Mill,3,20.0,20.0,20.0,0.0,38.6,757.0,765.8,785.8,20.0,8.8
2026-09-09 15:31:02,compound_scenario,LPT_MMUR,42,2829.4,16,0,650.0,1,Weld,2,30.3,30.3,30.3,0.0,25.8,825.2,826.4,856.7,30.3,1.1
2026-09-09 15:31:02,compound_scenario,LPT_MMUR,42,2829.4,14,0,650.0,0,Mill,3,20.0,20.0,20.0,0.0,27.9,725.6,785.9,805.9,20.0,60.2
2026-09-09 15:31:02,compound_scenario,LPT_MMUR,42,2829.4,14,0,650.0,1,Weld,2,51.3,51.3,51.3,0.0,19.8,849.1,856.7,908.0,51.3,7.6
2026-09-09 15:31:02,compound_scenario,LPT_MMUR,42,2829.4,13,0,650.0,0,Mill,3,20.0,20.0,20.0,0.0,23.0,715.9,805.9,825.9,20.0,90.0
2026-09-09 15:31:02,compound_scenario,LPT_MMUR,42,2829.4,13,0,650.0,1,Weld,2,15.3,15.3,15.3,0.0,30.7,879.2,1088.6,1103.9,15.3,209.4
2026-09-09 15:31:02,compound_scenario,LPT_MMUR,42,2829.4,12,0,650.0,0,Mill,3,20.0,20.0,20.0,0.0,32.9,735.9,825.9,846.0,20.0,90.0
2026-09-09 15:31:02,compound_scenario,LPT_MMUR,42,2829.4,12,0,650.0,1,Weld,2,51.4,51.4,51.4,0.0,26.5,908.1,949.5,1001.0,51.4,41.4
2026-09-09 15:31:02,compound_scenario,LPT_MMUR,42,2829.4,11,0,650.0,0,Mill,3,20.0,20.0,20.0,0.0,35.5,764.2,846.0,866.0,20.0,81.7
2026-09-09 15:31:02,compound_scenario,LPT_MMUR,42,2829.4,11,0,650.0,1,Weld,2,41.5,41.5,41.5,0.0,24.2,892.5,908.0,949.5,41.5,15.5
2026-09-09 15:31:02,compound_scenario,LPT_MMUR,42,2829.4,15,0,650.0,0,Mill,3,20.0,20.0,20.0,0.0,47.4,771.4,866.0,886.0,20.0,94.6
2026-09-09 15:31:02,compound_scenario,LPT_MMUR,42,2829.4,15,0,650.0,1,Weld,2,46.4,46.4,46.4,0.0,27.1,933.9,1001.0,1047.4,46.4,67.1
2026-09-09 15:31:02,compound_scenario,LPT_MMUR,42,2829.4,29,0,1050.0,0,Mill,3,20.0,20.0,20.0,0.0,56.0,1123.5,1123.5,1143.6,20.0,0.0
2026-09-09 15:31:02,compound_scenario,LPT_MMUR,42,2829.4,29,0,1050.0,1,Weld,1,39.8,39.8,39.8,0.0,47.7,1197.8,1197.8,1237.7,39.9,0.0
2026-09-09 15:31:02,compound_scenario,LPT_MMUR,42,2829.4,35,0,1050.0,0,Mill,3,20.0,20.0,20.0,0.0,52.6,1129.6,1143.6,1163.6,20.0,14.0
2026-09-09 15:31:02,compound_scenario,LPT_MMUR,42,2829.4,35,0,1050.0,1,Weld,1,17.1,17.1,17.1,0.0,50.8,1267.5,1267.5,1284.5,17.1,0.0
2026-09-09 15:31:02,compound_scenario,LPT_MMUR,42,2829.4,34,0,1050.0,0,Mill,3,20.0,20.0,20.0,0.0,55.7,1142.5,1163.6,1183.6,20.0,21.1
2026-09-09 15:31:02,compound_scenario,LPT_MMUR,42,2829.4,34,0,1050.0,1,Weld,1,46.7,46.7,46.7,0.0,62.5,1323.6,1338.3,1385.1,46.7,14.7
2026-09-09 15:31:02,compound_scenario,LPT_MMUR,42,2829.4,32,0,1050.0,0,Mill,3,20.0,20.0,20.0,0.0,44.6,1148.6,1183.7,1203.7,20.0,35.1
2026-09-09 15:31:02,compound_scenario,LPT_MMUR,42,2829.4,32,0,1050.0,1,Weld,1,53.8,53.8,53.8,0.0,52.6,1281.9,1284.5,1338.3,53.8,2.7
2026-09-09 15:31:02,compound_scenario,LPT_MMUR,42,2829.4,31,0,1050.0,0,Mill,3,20.0,20.0,20.0,0.0,46.6,1161.6,1203.7,1223.7,20.0,42.1
2026-09-09 15:31:02,compound_scenario,LPT_MMUR,42,2829.4,31,0,1050.0,1,Weld,1,42.8,42.8,42.8,0.0,60.9,1309.1,1948.7,1991.5,42.9,639.6
2026-09-09 15:31:02,compound_scenario,LPT_MMUR,42,2829.4,30,0,1050.0,0,Mill,3,20.0,20.0,20.0,0.0,62.2,1155.9,1223.7,1243.8,20.0,67.8
2026-09-09 15:31:02,compound_scenario,LPT_MMUR,42,2829.4,30,0,1050.0,1,Weld,1,52.3,52.3,52.3,0.0,58.9,1349.5,1385.1,1437.4,52.3,35.6
2026-09-09 15:31:02,compound_scenario,LPT_MMUR,42,2829.4,28,0,1050.0,0,Mill,3,20.0,20.0,20.0,0.0,38.3,1210.5,1243.8,1263.8,20.0,33.2
2026-09-09 15:31:02,compound_scenario,LPT_MMUR,42,2829.4,28,0,1050.0,1,Weld,1,32.0,32.0,32.0,0.0,47.4,1371.7,2113.9,2146.0,32.1,742.2
2026-09-09 15:31:02,compound_scenario,LPT_MMUR,42,2829.4,33,0,1050.0,0,Mill,3,20.0,20.0,20.0,0.0,23.5,1218.5,1263.8,1283.8,20.0,45.3
2026-09-09 15:31:02,compound_scenario,LPT_MMUR,42,2829.4,33,0,1050.0,1,Weld,1,41.0,41.0,41.0,0.0,53.7,1419.3,2033.7,2074.7,41.0,614.4
2026-09-09 15:31:02,compound_scenario,LPT_MMUR,42,2829.4,26,0,1050.0,0,Mill,3,20.0,20.0,20.0,0.0,28.0,1230.0,1283.9,1303.9,20.0,53.9
2026-09-09 15:31:02,compound_scenario,LPT_MMUR,42,2829.4,26,0,1050.0,1,Weld,1,39.1,39.1,39.1,0.0,47.4,1433.9,2074.7,2113.9,39.2,640.9
2026-09-09 15:31:02,compound_scenario,LPT_MMUR,42,2829.4,25,0,1050.0,0,Mill,3,20.0,20.0,20.0,0.0,65.6,1305.4,1323.9,1344.0,20.0,18.6
2026-09-09 15:31:02,compound_scenario,LPT_MMUR,42,2829.4,25,0,1050.0,1,Weld,1,47.8,47.8,47.8,0.0,56.5,1462.9,1900.8,1948.7,47.9,438.0
2026-09-09 15:31:02,compound_scenario,LPT_MMUR,42,2829.4,24,0,1050.0,0,Mill,3,20.0,20.0,20.0,0.0,33.9,1266.8,1303.9,1323.9,20.0,37.1
2026-09-09 15:31:02,compound_scenario,LPT_MMUR,42,2829.4,24,0,1050.0,1,Weld,1,51.3,51.3,51.3,0.0,52.1,1411.7,1437.4,1488.8,51.3,25.7
2026-09-09 15:31:02,compound_scenario,LPT_MMUR,42,2829.4,23,0,1050.0,0,Mill,3,20.0,20.0,20.0,0.0,46.6,1339.2,1344.0,1364.0,20.0,4.8
2026-09-09 15:31:02,compound_scenario,LPT_MMUR,42,2829.4,23,0,1050.0,1,Weld,1,42.2,42.2,42.2,0.0,79.1,1507.7,1991.5,2033.7,42.2,483.8
2026-09-09 15:31:02,compound_scenario,LPT_MMUR,42,2829.4,27,0,1050.0,0,Mill,3,20.0,20.0,20.0,0.0,46.6,1470.8,1470.8,1490.8,20.0,0.0
2026-09-09 15:31:02,compound_scenario,LPT_MMUR,42,2829.4,27,0,1050.0,1,Weld,1,58.8,58.8,58.8,0.0,62.3,1568.3,1788.8,1847.7,58.8,220.6
2026-09-09 15:31:02,compound_scenario,LPT_MMUR,42,2829.4,22,0,1050.0,0,Mill,3,20.0,20.0,20.0,0.0,47.7,1477.7,1490.9,1510.9,20.0,13.2
2026-09-09 15:31:02,compound_scenario,LPT_MMUR,42,2829.4,22,0,1050.0,1,Weld,1,53.1,53.1,53.1,0.0,55.7,1638.7,1847.7,1900.8,53.2,208.9
2026-09-09 15:31:02,compound_scenario,LPT_MMUR,42,2829.4,21,0,1050.0,0,Mill,3,20.0,20.0,20.0,0.0,55.0,1504.5,1510.9,1530.9,20.0,6.4
2026-09-09 15:31:02,compound_scenario,LPT_MMUR,42,2829.4,21,0,1050.0,1,Weld,1,19.4,19.4,19.4,0.0,68.5,1693.6,2146.0,2165.3,19.4,452.4
2026-09-09 15:31:02,compound_scenario,LPT_MMUR,42,2829.4,37,0,1400.0,0,Weld,1,150.0,150.0,150.0,0.0,27.5,1472.1,1488.8,1638.8,150.0,16.7
2026-09-09 15:31:02,compound_scenario,LPT_MMUR,42,2829.4,36,0,1400.0,0,Weld,1,150.0,150.0,150.0,0.0,26.7,1522.9,1638.8,1788.8,150.0,115.9
2026-09-09 15:31:02,compound_scenario,LPT_MMUR,42,2829.4,38,0,1405.0,0,Weld,1,9.5,9.5,9.5,0.0,32.5,1515.2,2348.3,2357.7,9.5,833.1
2026-09-09 15:31:02,compound_scenario,LPT_MMUR,42,2829.4,39,0,1413.0,0,Weld,1,9.6,9.6,9.6,0.0,21.5,1530.5,2310.0,2319.6,9.6,779.5
2026-09-09 15:31:02,compound_scenario,LPT_MMUR,42,2829.4,40,0,1421.0,0,Weld,1,9.2,9.2,9.2,0.0,28.6,1553.5,2404.6,2413.8,9.2,851.1
2026-09-09 15:31:02,compound_scenario,LPT_MMUR,42,2829.4,41,0,1429.0,0,Weld,1,9.5,9.5,9.5,0.0,25.7,1545.9,2338.8,2348.3,9.5,792.9
2026-09-09 15:31:02,compound_scenario,LPT_MMUR,42,2829.4,42,0,1437.0,0,Weld,1,9.2,9.2,9.2,0.0,37.4,1575.9,2395.4,2404.6,9.2,819.5
2026-09-09 15:31:02,compound_scenario,LPT_MMUR,42,2829.4,43,0,1445.0,0,Weld,1,9.6,9.6,9.6,0.0,39.5,1583.5,2319.6,2329.2,9.6,736.1
2026-09-09 15:31:02,compound_scenario,LPT_MMUR,42,2829.4,44,0,1453.0,0,Weld,1,10.3,10.3,10.3,0.0,40.3,1608.1,2250.0,2260.3,10.3,641.9
2026-09-09 15:31:02,compound_scenario,LPT_MMUR,42,2829.4,45,0,1461.0,0,Weld,1,9.7,9.7,9.7,0.0,36.9,1615.8,2300.3,2310.0,9.8,684.5
2026-09-09 15:31:02,compound_scenario,LPT_MMUR,42,2829.4,46,0,1469.0,0,Weld,1,9.7,9.7,9.7,0.0,36.9,1623.4,2290.5,2300.3,9.8,667.1
2026-09-09 15:31:02,compound_scenario,LPT_MMUR,42,2829.4,47,0,1477.0,0,Weld,1,9.4,9.4,9.4,0.0,36.9,1631.0,2367.2,2376.7,9.4,736.2
2026-09-09 15:31:02,compound_scenario,LPT_MMUR,42,2829.4,48,0,1485.0,0,Weld,1,9.5,9.5,9.5,0.0,29.6,1646.3,2329.2,2338.8,9.6,682.9
2026-09-09 15:31:02,compound_scenario,LPT_MMUR,42,2829.4,49,0,1493.0,0,Weld,1,10.9,10.9,10.9,0.0,33.2,1655.4,2176.3,2187.2,10.9,520.9
2026-09-09 15:31:02,compound_scenario,LPT_MMUR,42,2829.4,50,0,1501.0,0,Weld,1,10.3,10.3,10.3,0.0,35.6,1663.1,2229.4,2239.7,10.3,566.3
2026-09-09 15:31:02,compound_scenario,LPT_MMUR,42,2829.4,51,0,1509.0,0,Weld,1,10.2,10.2,10.2,0.0,36.6,1670.7,2260.3,2270.6,10.2,589.6
2026-09-09 15:31:02,compound_scenario,LPT_MMUR,42,2829.4,52,0,1517.0,0,Weld,1,9.3,9.3,9.3,0.0,36.6,1678.3,2376.7,2386.0,9.4,698.3
2026-09-09 15:31:02,compound_scenario,LPT_MMUR,42,2829.4,53,0,1525.0,0,Weld,1,10.5,10.5,10.5,0.0,36.6,1686.0,2208.5,2219.0,10.5,522.5
2026-09-09 15:31:02,compound_scenario,LPT_MMUR,42,2829.4,54,0,1533.0,0,Weld,1,9.3,9.3,9.3,0.0,39.5,1708.2,2386.0,2395.4,9.4,677.9
2026-09-09 15:31:02,compound_scenario,LPT_MMUR,42,2829.4,55,0,1541.0,0,Weld,1,9.8,9.8,9.8,0.0,39.7,1715.9,2280.7,2290.5,9.8,564.9
2026-09-09 15:31:02,compound_scenario,LPT_MMUR,42,2829.4,56,0,1549.0,0,Weld,1,11.0,11.0,11.0,0.0,39.5,1723.5,2165.3,2176.3,11.0,441.9
2026-09-09 15:31:02,compound_scenario,LPT_MMUR,42,2829.4,57,0,1557.0,0,Weld,1,10.3,10.3,10.3,0.0,39.5,1731.1,2239.7,2250.0,10.3,508.6
2026-09-09 15:31:02,compound_scenario,LPT_MMUR,42,2829.4,58,0,1565.0,0,Weld,1,10.1,10.1,10.1,0.0,39.7,1738.8,2270.6,2280.7,10.1,531.8
2026-09-09 15:31:02,compound_scenario,LPT_MMUR,42,2829.4,59,0,1573.0,0,Weld,1,10.4,10.4,10.4,0.0,38.7,1746.3,2219.0,2229.4,10.4,472.7
2026-09-09 15:31:02,compound_scenario,LPT_MMUR,42,2829.4,60,0,1581.0,0,Weld,1,10.7,10.7,10.7,0.0,37.7,1761.4,2187.2,2198.0,10.7,425.8
2026-09-09 15:31:02,compound_scenario,LPT_MMUR,42,2829.4,61,0,1589.0,0,Weld,1,10.6,10.6,10.6,0.0,35.1,1753.9,2198.0,2208.5,10.6,444.1
2026-09-09 15:31:02,compound_scenario,LPT_MMUR,42,2829.4,62,0,1597.0,0,Weld,1,9.5,9.5,9.5,0.0,40.0,1769.1,2357.7,2367.2,9.5,588.6
2026-09-09 15:31:02,compound_scenario,LPT_MMUR,42,2829.4,63,0,2200.0,0,Mill,1,21.0,21.0,21.0,0.0,23.3,2247.1,2247.1,2268.0,21.0,0.0
2026-09-09 15:31:02,compound_scenario,LPT_MMUR,42,2829.4,63,0,2200.0,1,Lathe,1,29.5,29.5,29.5,0.0,38.2,2348.9,2348.9,2378.4,29.5,0.0
2026-09-09 15:31:02,compound_scenario,LPT_MMUR,42,2829.4,63,0,2200.0,2,Weld,1,28.0,28.0,28.0,0.0,28.8,2607.9,2607.9,2635.9,28.1,0.0
2026-09-09 15:31:02,compound_scenario,LPT_MMUR,42,2829.4,64,0,2260.0,0,Mill,1,26.3,26.3,26.3,0.0,29.6,2584.8,2584.8,2611.1,26.4,0.0
2026-09-09 15:31:02,compound_scenario,LPT_MMUR,42,2829.4,64,0,2260.0,1,Lathe,1,48.3,48.3,48.3,0.0,20.8,2650.7,2650.7,2699.1,48.3,0.0
2026-09-09 15:31:02,compound_scenario,LPT_MMUR,42,2829.4,64,0,2260.0,2,Weld,1,46.3,46.3,46.3,0.0,20.6,2731.5,2731.5,2777.9,46.3,0.0
2026-09-09 15:31:02,compound_scenario,LPT_MMUR,42,2829.4,65,0,2320.0,0,Mill,1,29.4,29.4,29.4,0.0,44.6,2606.9,2606.9,2636.3,29.5,0.0
2026-09-09 15:31:02,compound_scenario,LPT_MMUR,42,2829.4,65,0,2320.0,1,Lathe,1,39.7,39.7,39.7,0.0,4.7,2643.2,2643.2,2682.9,39.7,0.0
2026-09-09 15:31:02,compound_scenario,LPT_MMUR,42,2829.4,65,0,2320.0,2,Weld,1,31.9,31.9,31.9,0.0,13.0,2698.2,2698.2,2730.1,31.9,0.0
2026-09-09 15:32:18,compound_scenario,LPT_MMUR,43,2829.4,0,0,0.0,0,Mill,1,39.2,39.2,39.2,0.0,18.6,31.0,31.0,70.2,39.2,0.0
2026-09-09 15:32:18,compound_scenario,LPT_MMUR,43,2829.4,0,0,0.0,1,Lathe,1,20.8,20.8,20.8,0.0,20.7,105.8,105.8,126.6,20.8,0.0
2026-09-09 15:32:18,compound_scenario,LPT_MMUR,43,2829.4,0,0,0.0,2,Weld,1,28.3,28.3,28.3,0.0,21.5,162.5,162.5,190.8,28.3,0.0
2026-09-09 15:32:18,compound_scenario,LPT_MMUR,43,2829.4,1,0,60.0,0,Mill,1,26.7,26.7,26.7,0.0,16.8,93.0,93.0,119.7,26.7,0.0
2026-09-09 15:32:18,compound_scenario,LPT_MMUR,43,2829.4,1,0,60.0,1,Lathe,1,42.1,42.1,42.1,0.0,21.5,156.9,156.9,199.1,42.1,0.0
2026-09-09 15:32:18,compound_scenario,LPT_MMUR,43,2829.4,1,0,60.0,2,Weld,1,40.3,40.3,40.3,0.0,20.6,231.0,231.0,271.3,40.3,0.0
2026-09-09 15:32:18,compound_scenario,LPT_MMUR,43,2829.4,2,0,120.0,0,Mill,1,46.8,46.8,46.8,0.0,34.9,169.9,169.9,216.7,46.8,0.0
2026-09-09 15:32:18,compound_scenario,LPT_MMUR,43,2829.4,2,0,120.0,1,Lathe,1,22.6,22.6,22.6,0.0,4.7,223.6,223.6,246.3,22.6,0.0
2026-09-09 15:32:18,compound_scenario,LPT_MMUR,43,2829.4,2,0,120.0,2,Weld,1,32.7,32.7,32.7,0.0,13.0,262.4,262.4,295.1,32.7,0.0
2026-09-09 15:32:18,compound_scenario,LPT_MMUR,43,2829.4,3,0,250.0,0,Mill,3,20.0,20.0,20.0,0.0,16.8,279.2,279.2,299.2,20.0,0.0
2026-09-09 15:32:18,compound_scenario,LPT_MMUR,43,2829.4,3,0,250.0,1,Weld,1,12.4,12.4,12.4,0.0,35.3,342.0,342.0,354.4,12.4,0.0
2026-09-09 15:32:18,compound_scenario,LPT_MMUR,43,2829.4,4,0,250.0,0,Mill,3,20.0,20.0,20.0,0.0,22.0,294.7,299.2,319.2,20.0,4.5
2026-09-09 15:32:18,compound_scenario,LPT_MMUR,43,2829.4,4,0,250.0,1,Weld,1,27.5,27.5,27.5,0.0,24.1,391.4,396.0,423.5,27.5,4.6
2026-09-09 15:32:18,compound_scenario,LPT_MMUR,43,2829.4,5,0,250.0,0,Mill,3,20.0,20.0,20.0,0.0,28.8,315.5,319.3,339.3,20.0,3.8
2026-09-09 15:32:18,compound_scenario,LPT_MMUR,43,2829.4,5,0,250.0,1,Weld,1,50.4,50.4,50.4,0.0,25.9,399.0,423.5,474.0,50.5,24.5
2026-09-09 15:32:18,compound_scenario,LPT_MMUR,43,2829.4,6,0,250.0,0,Mill,3,20.0,20.0,20.0,0.0,28.5,325.4,339.3,359.3,20.0,13.9
2026-09-09 15:32:18,compound_scenario,LPT_MMUR,43,2829.4,6,0,250.0,1,Weld,1,12.1,12.1,12.1,0.0,22.3,383.9,383.9,396.0,12.1,0.0
2026-09-09 15:32:18,compound_scenario,LPT_MMUR,43,2829.4,7,0,250.0,0,Mill,3,20.0,20.0,20.0,0.0,29.6,336.8,359.3,379.4,20.0,22.6
2026-09-09 15:32:18,compound_scenario,LPT_MMUR,43,2829.4,7,0,250.0,1,Weld,1,25.9,25.9,25.9,0.0,30.6,413.7,617.3,643.2,25.9,203.6
2026-09-09 15:32:18,compound_scenario,LPT_MMUR,43,2829.4,8,0,250.0,0,Mill,3,20.0,20.0,20.0,0.0,17.1,284.8,379.4,399.4,20.0,94.6
2026-09-09 15:32:18,compound_scenario,LPT_MMUR,43,2829.4,8,0,250.0,1,Weld,1,62.0,62.0,62.0,0.0,41.8,472.5,474.0,536.0,62.0,1.5
2026-09-09 15:32:18,compound_scenario,LPT_MMUR,43,2829.4,9,0,250.0,0,Mill,3,20.0,20.0,20.0,0.0,25.4,305.1,399.4,419.4,20.0,94.3
2026-09-09 15:32:18,compound_scenario,LPT_MMUR,43,2829.4,9,0,250.0,1,Weld,1,53.6,53.6,53.6,0.0,35.0,460.0,536.0,589.6,53.6,76.0
2026-09-09 15:32:18,compound_scenario,LPT_MMUR,43,2829.4,10,0,250.0,0,Mill,3,20.0,20.0,20.0,0.0,28.8,331.2,419.5,439.5,20.0,88.3
2026-09-09 15:32:18,compound_scenario,LPT_MMUR,43,2829.4,10,0,250.0,1,Weld,1,27.6,27.6,27.6,0.0,29.8,501.1,589.6,617.3,27.7,88.5
2026-09-09 15:32:18,compound_scenario,LPT_MMUR,43,2829.4,20,0,650.0,0,Mill,3,20.0,20.0,20.0,0.0,18.6,694.7,705.7,725.7,20.0,11.0
2026-09-09 15:32:18,compound_scenario,LPT_MMUR,43,2829.4,20,0,650.0,1,Weld,2,19.2,19.2,19.2,0.0,39.0,766.3,1069.4,1088.6,19.2,303.1
2026-09-09 15:32:18,compound_scenario,LPT_MMUR,43,2829.4,19,0,650.0,0,Mill,3,20.0,20.0,20.0,0.0,19.6,707.1,725.7,745.8,20.0,18.6
2026-09-09 15:32:18,compound_scenario,LPT_MMUR,43,2829.4,19,0,650.0,1,Weld,2,30.2,30.2,30.2,0.0,34.3,784.3,796.2,826.4,30.2,11.9
2026-09-09 15:32:18,compound_scenario,LPT_MMUR,43,2829.4,18,0,650.0,0,Mill,3,20.0,20.0,20.0,0.0,18.9,685.7,685.7,705.7,20.0,0.0
2026-09-09 15:32:18,compound_scenario,LPT_MMUR,43,2829.4,18,0,650.0,1,Weld,2,58.1,58.1,58.1,0.0,29.4,738.1,738.1,796.2,58.1,0.0
2026-09-09 15:32:18,compound_scenario,LPT_MMUR,43,2829.4,17,0,650.0,0,Mill,3,20.0,20.0,20.0,0.0,35.0,742.9,745.8,765.8,20.0,2.9
2026-09-09 15:32:18,compound_scenario,LPT_MMUR,43,2829.4,17,0,650.0,1,Weld,2,22.0,22.0,22.0,0.0,32.0,814.6,1047.4,1069.4,22.0,232.8
2026-09-09 15:32:18,compound_scenario,LPT_MMUR,43,2829.4,16,0,650.0,0,Mill,3,20.0,20.0,20.0,0.0,38.6,757.0,765.8,785.8,20.0,8.8
2026-09-09 15:32:18,compound_scenario,LPT_MMUR,43,2829.4,16,0,650.0,1,Weld,2,30.3,30.3,30.3,0.0,25.8,825.2,826.4,856.7,30.3,1.1
2026-09-09 15:32:18,compound_scenario,LPT_MMUR,43,2829.4,14,0,650.0,0,Mill,3,20.0,20.0,20.0,0.0,27.9,725.6,785.9,805.9,20.0,60.2
2026-09-09 15:32:18,compound_scenario,LPT_MMUR,43,2829.4,14,0,650.0,1,Weld,2,51.3,51.3,51.3,0.0,19.8,849.1,856.7,908.0,51.3,7.6
2026-09-09 15:32:18,compound_scenario,LPT_MMUR,43,2829.4,13,0,650.0,0,Mill,3,20.0,20.0,20.0,0.0,23.0,715.9,805.9,825.9,20.0,90.0
2026-09-09 15:32:18,compound_scenario,LPT_MMUR,43,2829.4,13,0,650.0,1,Weld,2,15.3,15.3,15.3,0.0,30.7,879.2,1088.6,1103.9,15.3,209.4
2026-09-09 15:32:18,compound_scenario,LPT_MMUR,43,2829.4,12,0,650.0,0,Mill,3,20.0,20.0,20.0,0.0,32.9,735.9,825.9,846.0,20.0,90.0
2026-09-09 15:32:18,compound_scenario,LPT_MMUR,43,2829.4,12,0,650.0,1,Weld,2,51.4,51.4,51.4,0.0,26.5,908.1,949.5,1001.0,51.4,41.4
2026-09-09 15:32:18,compound_scenario,LPT_MMUR,43,2829.4,11,0,650.0,0,Mill,3,20.0,20.0,20.0,0.0,35.5,764.2,846.0,866.0,20.0,81.7
2026-09-09 15:32:18,compound_scenario,LPT_MMUR,43,2829.4,11,0,650.0,1,Weld,2,41.5,41.5,41.5,0.0,24.2,892.5,908.0,949.5,41.5,15.5
2026-09-09 15:32:18,compound_scenario,LPT_MMUR,43,2829.4,15,0,650.0,0,Mill,3,20.0,20.0,20.0,0.0,47.4,771.4,866.0,886.0,20.0,94.6
2026-09-09 15:32:18,compound_scenario,LPT_MMUR,43,2829.4,15,0,650.0,1,Weld,2,46.4,46.4,46.4,0.0,27.1,933.9,1001.0,1047.4,46.4,67.1
2026-09-09 15:32:18,compound_scenario,LPT_MMUR,43,2829.4,29,0,1050.0,0,Mill,3,20.0,20.0,20.0,0.0,56.0,1123.5,1123.5,1143.6,20.0,0.0
2026-09-09 15:32:18,compound_scenario,LPT_MMUR,43,2829.4,29,0,1050.0,1,Weld,1,39.8,39.8,39.8,0.0,47.7,1197.8,1197.8,1237.7,39.9,0.0
2026-09-09 15:32:18,compound_scenario,LPT_MMUR,43,2829.4,35,0,1050.0,0,Mill,3,20.0,20.0,20.0,0.0,52.6,1129.6,1143.6,1163.6,20.0,14.0
2026-09-09 15:32:18,compound_scenario,LPT_MMUR,43,2829.4,35,0,1050.0,1,Weld,1,17.1,17.1,17.1,0.0,50.8,1267.5,1267.5,1284.5,17.1,0.0
2026-09-09 15:32:18,compound_scenario,LPT_MMUR,43,2829.4,34,0,1050.0,0,Mill,3,20.0,20.0,20.0,0.0,55.7,1142.5,1163.6,1183.6,20.0,21.1
2026-09-09 15:32:18,compound_scenario,LPT_MMUR,43,2829.4,34,0,1050.0,1,Weld,1,46.7,46.7,46.7,0.0,62.5,1323.6,1338.3,1385.1,46.7,14.7
2026-09-09 15:32:18,compound_scenario,LPT_MMUR,43,2829.4,32,0,1050.0,0,Mill,3,20.0,20.0,20.0,0.0,44.6,1148.6,1183.7,1203.7,20.0,35.1
2026-09-09 15:32:18,compound_scenario,LPT_MMUR,43,2829.4,32,0,1050.0,1,Weld,1,53.8,53.8,53.8,0.0,52.6,1281.9,1284.5,1338.3,53.8,2.7
2026-09-09 15:32:18,compound_scenario,LPT_MMUR,43,2829.4,31,0,1050.0,0,Mill,3,20.0,20.0,20.0,0.0,46.6,1161.6,1203.7,1223.7,20.0,42.1
2026-09-09 15:32:18,compound_scenario,LPT_MMUR,43,2829.4,31,0,1050.0,1,Weld,1,42.8,42.8,42.8,0.0,60.9,1309.1,1948.7,1991.5,42.9,639.6
2026-09-09 15:32:18,compound_scenario,LPT_MMUR,43,2829.4,30,0,1050.0,0,Mill,3,20.0,20.0,20.0,0.0,62.2,1155.9,1223.7,1243.8,20.0,67.8
2026-09-09 15:32:18,compound_scenario,LPT_MMUR,43,2829.4,30,0,1050.0,1,Weld,1,52.3,52.3,52.3,0.0,58.9,1349.5,1385.1,1437.4,52.3,35.6
2026-09-09 15:32:18,compound_scenario,LPT_MMUR,43,2829.4,28,0,1050.0,0,Mill,3,20.0,20.0,20.0,0.0,38.3,1210.5,1243.8,1263.8,20.0,33.2
2026-09-09 15:32:18,compound_scenario,LPT_MMUR,43,2829.4,28,0,1050.0,1,Weld,1,32.0,32.0,32.0,0.0,47.4,1371.7,2113.9,2146.0,32.1,742.2
2026-09-09 15:32:18,compound_scenario,LPT_MMUR,43,2829.4,33,0,1050.0,0,Mill,3,20.0,20.0,20.0,0.0,23.5,1218.5,1263.8,1283.8,20.0,45.3
2026-09-09 15:32:18,compound_scenario,LPT_MMUR,43,2829.4,33,0,1050.0,1,Weld,1,41.0,41.0,41.0,0.0,53.7,1419.3,2033.7,2074.7,41.0,614.4
2026-09-09 15:32:18,compound_scenario,LPT_MMUR,43,2829.4,26,0,1050.0,0,Mill,3,20.0,20.0,20.0,0.0,28.0,1230.0,1283.9,1303.9,20.0,53.9
2026-09-09 15:32:18,compound_scenario,LPT_MMUR,43,2829.4,26,0,1050.0,1,Weld,1,39.1,39.1,39.1,0.0,47.4,1433.9,2074.7,2113.9,39.2,640.9
2026-09-09 15:32:18,compound_scenario,LPT_MMUR,43,2829.4,25,0,1050.0,0,Mill,3,20.0,20.0,20.0,0.0,65.6,1305.4,1323.9,1344.0,20.0,18.6
2026-09-09 15:32:18,compound_scenario,LPT_MMUR,43,2829.4,25,0,1050.0,1,Weld,1,47.8,47.8,47.8,0.0,56.5,1462.9,1900.8,1948.7,47.9,438.0
2026-09-09 15:32:18,compound_scenario,LPT_MMUR,43,2829.4,24,0,1050.0,0,Mill,3,20.0,20.0,20.0,0.0,33.9,1266.8,1303.9,1323.9,20.0,37.1
2026-09-09 15:32:18,compound_scenario,LPT_MMUR,43,2829.4,24,0,1050.0,1,Weld,1,51.3,51.3,51.3,0.0,52.1,1411.7,1437.4,1488.8,51.3,25.7
2026-09-09 15:32:18,compound_scenario,LPT_MMUR,43,2829.4,23,0,1050.0,0,Mill,3,20.0,20.0,20.0,0.0,46.6,1339.2,1344.0,1364.0,20.0,4.8
2026-09-09 15:32:18,compound_scenario,LPT_MMUR,43,2829.4,23,0,1050.0,1,Weld,1,42.2,42.2,42.2,0.0,79.1,1507.7,1991.5,2033.7,42.2,483.8
2026-09-09 15:32:18,compound_scenario,LPT_MMUR,43,2829.4,27,0,1050.0,0,Mill,3,20.0,20.0,20.0,0.0,46.6,1470.8,1470.8,1490.8,20.0,0.0
2026-09-09 15:32:18,compound_scenario,LPT_MMUR,43,2829.4,27,0,1050.0,1,Weld,1,58.8,58.8,58.8,0.0,62.3,1568.3,1788.8,1847.7,58.8,220.6
2026-09-09 15:32:18,compound_scenario,LPT_MMUR,43,2829.4,22,0,1050.0,0,Mill,3,20.0,20.0,20.0,0.0,47.7,1477.7,1490.9,1510.9,20.0,13.2
2026-09-09 15:32:18,compound_scenario,LPT_MMUR,43,2829.4,22,0,1050.0,1,Weld,1,53.1,53.1,53.1,0.0,55.7,1638.7,1847.7,1900.8,53.2,208.9
2026-09-09 15:32:18,compound_scenario,LPT_MMUR,43,2829.4,21,0,1050.0,0,Mill,3,20.0,20.0,20.0,0.0,55.0,1504.5,1510.9,1530.9,20.0,6.4
2026-09-09 15:32:18,compound_scenario,LPT_MMUR,43,2829.4,21,0,1050.0,1,Weld,1,19.4,19.4,19.4,0.0,68.5,1693.6,2146.0,2165.3,19.4,452.4
2026-09-09 15:32:18,compound_scenario,LPT_MMUR,43,2829.4,37,0,1400.0,0,Weld,1,150.0,150.0,150.0,0.0,27.5,1472.1,1488.8,1638.8,150.0,16.7
2026-09-09 15:32:18,compound_scenario,LPT_MMUR,43,2829.4,36,0,1400.0,0,Weld,1,150.0,150.0,150.0,0.0,26.7,1522.9,1638.8,1788.8,150.0,115.9
2026-09-09 15:32:18,compound_scenario,LPT_MMUR,43,2829.4,38,0,1405.0,0,Weld,1,9.5,9.5,9.5,0.0,32.5,1515.2,2348.3,2357.7,9.5,833.1
2026-09-09 15:32:18,compound_scenario,LPT_MMUR,43,2829.4,39,0,1413.0,0,Weld,1,9.6,9.6,9.6,0.0,21.5,1530.5,2310.0,2319.6,9.6,779.5
2026-09-09 15:32:18,compound_scenario,LPT_MMUR,43,2829.4,40,0,1421.0,0,Weld,1,9.2,9.2,9.2,0.0,28.6,1553.5,2404.6,2413.8,9.2,851.1
2026-09-09 15:32:18,compound_scenario,LPT_MMUR,43,2829.4,41,0,1429.0,0,Weld,1,9.5,9.5,9.5,0.0,25.7,1545.9,2338.8,2348.3,9.5,792.9
2026-09-09 15:32:18,compound_scenario,LPT_MMUR,43,2829.4,42,0,1437.0,0,Weld,1,9.2,9.2,9.2,0.0,37.4,1575.9,2395.4,2404.6,9.2,819.5
2026-09-09 15:32:18,compound_scenario,LPT_MMUR,43,2829.4,43,0,1445.0,0,Weld,1,9.6,9.6,9.6,0.0,39.5,1583.5,2319.6,2329.2,9.6,736.1
2026-09-09 15:32:18,compound_scenario,LPT_MMUR,43,2829.4,44,0,1453.0,0,Weld,1,10.3,10.3,10.3,0.0,40.3,1608.1,2250.0,2260.3,10.3,641.9
2026-09-09 15:32:18,compound_scenario,LPT_MMUR,43,2829.4,45,0,1461.0,0,Weld,1,9.7,9.7,9.7,0.0,36.9,1615.8,2300.3,2310.0,9.8,684.5
2026-09-09 15:32:18,compound_scenario,LPT_MMUR,43,2829.4,46,0,1469.0,0,Weld,1,9.7,9.7,9.7,0.0,36.9,1623.4,2290.5,2300.3,9.8,667.1
2026-09-09 15:32:18,compound_scenario,LPT_MMUR,43,2829.4,47,0,1477.0,0,Weld,1,9.4,9.4,9.4,0.0,36.9,1631.0,2367.2,2376.7,9.4,736.2
2026-09-09 15:32:18,compound_scenario,LPT_MMUR,43,2829.4,48,0,1485.0,0,Weld,1,9.5,9.5,9.5,0.0,29.6,1646.3,2329.2,2338.8,9.6,682.9
2026-09-09 15:32:18,compound_scenario,LPT_MMUR,43,2829.4,49,0,1493.0,0,Weld,1,10.9,10.9,10.9,0.0,33.2,1655.4,2176.3,2187.2,10.9,520.9
2026-09-09 15:32:18,compound_scenario,LPT_MMUR,43,2829.4,50,0,1501.0,0,Weld,1,10.3,10.3,10.3,0.0,35.6,1663.1,2229.4,2239.7,10.3,566.3
2026-09-09 15:32:18,compound_scenario,LPT_MMUR,43,2829.4,51,0,1509.0,0,Weld,1,10.2,10.2,10.2,0.0,36.6,1670.7,2260.3,2270.6,10.2,589.6
2026-09-09 15:32:18,compound_scenario,LPT_MMUR,43,2829.4,52,0,1517.0,0,Weld,1,9.3,9.3,9.3,0.0,36.6,1678.3,2376.7,2386.0,9.4,698.3
2026-09-09 15:32:18,compound_scenario,LPT_MMUR,43,2829.4,53,0,1525.0,0,Weld,1,10.5,10.5,10.5,0.0,36.6,1686.0,2208.5,2219.0,10.5,522.5
2026-09-09 15:32:18,compound_scenario,LPT_MMUR,43,2829.4,54,0,1533.0,0,Weld,1,9.3,9.3,9.3,0.0,39.5,1708.2,2386.0,2395.4,9.4,677.9
2026-09-09 15:32:18,compound_scenario,LPT_MMUR,43,2829.4,55,0,1541.0,0,Weld,1,9.8,9.8,9.8,0.0,39.7,1715.9,2280.7,2290.5,9.8,564.9
2026-09-09 15:32:18,compound_scenario,LPT_MMUR,43,2829.4,56,0,1549.0,0,Weld,1,11.0,11.0,11.0,0.0,39.5,1723.5,2165.3,2176.3,11.0,441.9
2026-09-09 15:32:18,compound_scenario,LPT_MMUR,43,2829.4,57,0,1557.0,0,Weld,1,10.3,10.3,10.3,0.0,39.5,1731.1,2239.7,2250.0,10.3,508.6
2026-09-09 15:32:18,compound_scenario,LPT_MMUR,43,2829.4,58,0,1565.0,0,Weld,1,10.1,10.1,10.1,0.0,39.7,1738.8,2270.6,2280.7,10.1,531.8
2026-09-09 15:32:18,compound_scenario,LPT_MMUR,43,2829.4,59,0,1573.0,0,Weld,1,10.4,10.4,10.4,0.0,38.7,1746.3,2219.0,2229.4,10.4,472.7
2026-09-09 15:32:18,compound_scenario,LPT_MMUR,43,2829.4,60,0,1581.0,0,Weld,1,10.7,10.7,10.7,0.0,37.7,1761.4,2187.2,2198.0,10.7,425.8
2026-09-09 15:32:18,compound_scenario,LPT_MMUR,43,2829.4,61,0,1589.0,0,Weld,1,10.6,10.6,10.6,0.0,35.1,1753.9,2198.0,2208.5,10.6,444.1
2026-09-09 15:32:18,compound_scenario,LPT_MMUR,43,2829.4,62,0,1597.0,0,Weld,1,9.5,9.5,9.5,0.0,40.0,1769.1,2357.7,2367.2,9.5,588.6
2026-09-09 15:32:18,compound_scenario,LPT_MMUR,43,2829.4,63,0,2200.0,0,Mill,1,21.0,21.0,21.0,0.0,23.3,2247.1,2247.1,2268.0,21.0,0.0
2026-09-09 15:32:18,compound_scenario,LPT_MMUR,43,2829.4,63,0,2200.0,1,Lathe,1,29.5,29.5,29.5,0.0,38.2,2348.9,2348.9,2378.4,29.5,0.0
2026-09-09 15:32:18,compound_scenario,LPT_MMUR,43,2829.4,63,0,2200.0,2,Weld,1,28.0,28.0,28.0,0.0,28.8,2607.9,2607.9,2635.9,28.1,0.0
2026-09-09 15:32:18,compound_scenario,LPT_MMUR,43,2829.4,64,0,2260.0,0,Mill,1,26.3,26.3,26.3,0.0,29.6,2584.8,2584.8,2611.1,26.4,0.0
2026-09-09 15:32:18,compound_scenario,LPT_MMUR,43,2829.4,64,0,2260.0,1,Lathe,1,48.3,48.3,48.3,0.0,20.8,2650.7,2650.7,2699.1,48.3,0.0
2026-09-09 15:32:18,compound_scenario,LPT_MMUR,43,2829.4,64,0,2260.0,2,Weld,1,46.3,46.3,46.3,0.0,20.6,2731.5,2731.5,2777.9,46.3,0.0
2026-09-09 15:32:18,compound_scenario,LPT_MMUR,43,2829.4,65,0,2320.0,0,Mill,1,29.4,29.4,29.4,0.0,44.6,2606.9,2606.9,2636.3,29.5,0.0
2026-09-09 15:32:18,compound_scenario,LPT_MMUR,43,2829.4,65,0,2320.0,1,Lathe,1,39.7,39.7,39.7,0.0,4.7,2643.2,2643.2,2682.9,39.7,0.0
2026-09-09 15:32:18,compound_scenario,LPT_MMUR,43,2829.4,65,0,2320.0,2,Weld,1,31.9,31.9,31.9,0.0,13.0,2698.2,2698.2,2730.1,31.9,0.0
2026-09-09 15:33:35,compound_scenario,LPT_MMUR,44,2829.4,0,0,0.0,0,Mill,1,39.2,39.2,39.2,0.0,18.6,31.0,31.0,70.2,39.2,0.0
2026-09-09 15:33:35,compound_scenario,LPT_MMUR,44,2829.4,0,0,0.0,1,Lathe,1,20.8,20.8,20.8,0.0,20.7,105.8,105.8,126.6,20.8,0.0
2026-09-09 15:33:35,compound_scenario,LPT_MMUR,44,2829.4,0,0,0.0,2,Weld,1,28.3,28.3,28.3,0.0,21.5,162.5,162.5,190.8,28.3,0.0
2026-09-09 15:33:35,compound_scenario,LPT_MMUR,44,2829.4,1,0,60.0,0,Mill,1,26.7,26.7,26.7,0.0,16.8,93.0,93.0,119.7,26.7,0.0
2026-09-09 15:33:35,compound_scenario,LPT_MMUR,44,2829.4,1,0,60.0,1,Lathe,1,42.1,42.1,42.1,0.0,21.5,156.9,156.9,199.1,42.1,0.0
2026-09-09 15:33:35,compound_scenario,LPT_MMUR,44,2829.4,1,0,60.0,2,Weld,1,40.3,40.3,40.3,0.0,20.6,231.0,231.0,271.3,40.3,0.0
2026-09-09 15:33:35,compound_scenario,LPT_MMUR,44,2829.4,2,0,120.0,0,Mill,1,46.8,46.8,46.8,0.0,34.9,169.9,169.9,216.7,46.8,0.0
2026-09-09 15:33:35,compound_scenario,LPT_MMUR,44,2829.4,2,0,120.0,1,Lathe,1,22.6,22.6,22.6,0.0,4.7,223.6,223.6,246.3,22.6,0.0
2026-09-09 15:33:35,compound_scenario,LPT_MMUR,44,2829.4,2,0,120.0,2,Weld,1,32.7,32.7,32.7,0.0,13.0,262.4,262.4,295.1,32.7,0.0
2026-09-09 15:33:35,compound_scenario,LPT_MMUR,44,2829.4,3,0,250.0,0,Mill,3,20.0,20.0,20.0,0.0,16.8,279.2,279.2,299.2,20.0,0.0
2026-09-09 15:33:35,compound_scenario,LPT_MMUR,44,2829.4,3,0,250.0,1,Weld,1,12.4,12.4,12.4,0.0,35.3,342.0,342.0,354.4,12.4,0.0
2026-09-09 15:33:35,compound_scenario,LPT_MMUR,44,2829.4,4,0,250.0,0,Mill,3,20.0,20.0,20.0,0.0,22.0,294.7,299.2,319.2,20.0,4.5
2026-09-09 15:33:35,compound_scenario,LPT_MMUR,44,2829.4,4,0,250.0,1,Weld,1,27.5,27.5,27.5,0.0,24.1,391.4,396.0,423.5,27.5,4.6
2026-09-09 15:33:35,compound_scenario,LPT_MMUR,44,2829.4,5,0,250.0,0,Mill,3,20.0,20.0,20.0,0.0,28.8,315.5,319.3,339.3,20.0,3.8
2026-09-09 15:33:35,compound_scenario,LPT_MMUR,44,2829.4,5,0,250.0,1,Weld,1,50.4,50.4,50.4,0.0,25.9,399.0,423.5,474.0,50.5,24.5
2026-09-09 15:33:35,compound_scenario,LPT_MMUR,44,2829.4,6,0,250.0,0,Mill,3,20.0,20.0,20.0,0.0,28.5,325.4,339.3,359.3,20.0,13.9
2026-09-09 15:33:35,compound_scenario,LPT_MMUR,44,2829.4,6,0,250.0,1,Weld,1,12.1,12.1,12.1,0.0,22.3,383.9,383.9,396.0,12.1,0.0
2026-09-09 15:33:35,compound_scenario,LPT_MMUR,44,2829.4,7,0,250.0,0,Mill,3,20.0,20.0,20.0,0.0,29.6,336.8,359.3,379.4,20.0,22.6
2026-09-09 15:33:35,compound_scenario,LPT_MMUR,44,2829.4,7,0,250.0,1,Weld,1,25.9,25.9,25.9,0.0,30.6,413.7,617.3,643.2,25.9,203.6
2026-09-09 15:33:35,compound_scenario,LPT_MMUR,44,2829.4,8,0,250.0,0,Mill,3,20.0,20.0,20.0,0.0,17.1,284.8,379.4,399.4,20.0,94.6
2026-09-09 15:33:35,compound_scenario,LPT_MMUR,44,2829.4,8,0,250.0,1,Weld,1,62.0,62.0,62.0,0.0,41.8,472.5,474.0,536.0,62.0,1.5
2026-09-09 15:33:35,compound_scenario,LPT_MMUR,44,2829.4,9,0,250.0,0,Mill,3,20.0,20.0,20.0,0.0,25.4,305.1,399.4,419.4,20.0,94.3
2026-09-09 15:33:35,compound_scenario,LPT_MMUR,44,2829.4,9,0,250.0,1,Weld,1,53.6,53.6,53.6,0.0,35.0,460.0,536.0,589.6,53.6,76.0
2026-09-09 15:33:35,compound_scenario,LPT_MMUR,44,2829.4,10,0,250.0,0,Mill,3,20.0,20.0,20.0,0.0,28.8,331.2,419.5,439.5,20.0,88.3
2026-09-09 15:33:35,compound_scenario,LPT_MMUR,44,2829.4,10,0,250.0,1,Weld,1,27.6,27.6,27.6,0.0,29.8,501.1,589.6,617.3,27.7,88.5
2026-09-09 15:33:35,compound_scenario,LPT_MMUR,44,2829.4,20,0,650.0,0,Mill,3,20.0,20.0,20.0,0.0,18.6,694.7,705.7,725.7,20.0,11.0
2026-09-09 15:33:35,compound_scenario,LPT_MMUR,44,2829.4,20,0,650.0,1,Weld,2,19.2,19.2,19.2,0.0,39.0,766.3,1069.4,1088.6,19.2,303.1
2026-09-09 15:33:35,compound_scenario,LPT_MMUR,44,2829.4,19,0,650.0,0,Mill,3,20.0,20.0,20.0,0.0,19.6,707.1,725.7,745.8,20.0,18.6
2026-09-09 15:33:35,compound_scenario,LPT_MMUR,44,2829.4,19,0,650.0,1,Weld,2,30.2,30.2,30.2,0.0,34.3,784.3,796.2,826.4,30.2,11.9
2026-09-09 15:33:35,compound_scenario,LPT_MMUR,44,2829.4,18,0,650.0,0,Mill,3,20.0,20.0,20.0,0.0,18.9,685.7,685.7,705.7,20.0,0.0
2026-09-09 15:33:35,compound_scenario,LPT_MMUR,44,2829.4,18,0,650.0,1,Weld,2,58.1,58.1,58.1,0.0,29.4,738.1,738.1,796.2,58.1,0.0
2026-09-09 15:33:35,compound_scenario,LPT_MMUR,44,2829.4,17,0,650.0,0,Mill,3,20.0,20.0,20.0,0.0,35.0,742.9,745.8,765.8,20.0,2.9
2026-09-09 15:33:35,compound_scenario,LPT_MMUR,44,2829.4,17,0,650.0,1,Weld,2,22.0,22.0,22.0,0.0,32.0,814.6,1047.4,1069.4,22.0,232.8
2026-09-09 15:33:35,compound_scenario,LPT_MMUR,44,2829.4,16,0,650.0,0,Mill,3,20.0,20.0,20.0,0.0,38.6,757.0,765.8,785.8,20.0,8.8
2026-09-09 15:33:35,compound_scenario,LPT_MMUR,44,2829.4,16,0,650.0,1,Weld,2,30.3,30.3,30.3,0.0,25.8,825.2,826.4,856.7,30.3,1.1
2026-09-09 15:33:35,compound_scenario,LPT_MMUR,44,2829.4,14,0,650.0,0,Mill,3,20.0,20.0,20.0,0.0,27.9,725.6,785.9,805.9,20.0,60.2
2026-09-09 15:33:35,compound_scenario,LPT_MMUR,44,2829.4,14,0,650.0,1,Weld,2,51.3,51.3,51.3,0.0,19.8,849.1,856.7,908.0,51.3,7.6
2026-09-09 15:33:35,compound_scenario,LPT_MMUR,44,2829.4,13,0,650.0,0,Mill,3,20.0,20.0,20.0,0.0,23.0,715.9,805.9,825.9,20.0,90.0
2026-09-09 15:33:35,compound_scenario,LPT_MMUR,44,2829.4,13,0,650.0,1,Weld,2,15.3,15.3,15.3,0.0,30.7,879.2,1088.6,1103.9,15.3,209.4
2026-09-09 15:33:35,compound_scenario,LPT_MMUR,44,2829.4,12,0,650.0,0,Mill,3,20.0,20.0,20.0,0.0,32.9,735.9,825.9,846.0,20.0,90.0
2026-09-09 15:33:35,compound_scenario,LPT_MMUR,44,2829.4,12,0,650.0,1,Weld,2,51.4,51.4,51.4,0.0,26.5,908.1,949.5,1001.0,51.4,41.4
2026-09-09 15:33:35,compound_scenario,LPT_MMUR,44,2829.4,11,0,650.0,0,Mill,3,20.0,20.0,20.0,0.0,35.5,764.2,846.0,866.0,20.0,81.7
2026-09-09 15:33:35,compound_scenario,LPT_MMUR,44,2829.4,11,0,650.0,1,Weld,2,41.5,41.5,41.5,0.0,24.2,892.5,908.0,949.5,41.5,15.5
2026-09-09 15:33:35,compound_scenario,LPT_MMUR,44,2829.4,15,0,650.0,0,Mill,3,20.0,20.0,20.0,0.0,47.4,771.4,866.0,886.0,20.0,94.6
2026-09-09 15:33:35,compound_scenario,LPT_MMUR,44,2829.4,15,0,650.0,1,Weld,2,46.4,46.4,46.4,0.0,27.1,933.9,1001.0,1047.4,46.4,67.1
2026-09-09 15:33:35,compound_scenario,LPT_MMUR,44,2829.4,29,0,1050.0,0,Mill,3,20.0,20.0,20.0,0.0,56.0,1123.5,1123.5,1143.6,20.0,0.0
2026-09-09 15:33:35,compound_scenario,LPT_MMUR,44,2829.4,29,0,1050.0,1,Weld,1,39.8,39.8,39.8,0.0,47.7,1197.8,1197.8,1237.7,39.9,0.0
2026-09-09 15:33:35,compound_scenario,LPT_MMUR,44,2829.4,35,0,1050.0,0,Mill,3,20.0,20.0,20.0,0.0,52.6,1129.6,1143.6,1163.6,20.0,14.0
2026-09-09 15:33:35,compound_scenario,LPT_MMUR,44,2829.4,35,0,1050.0,1,Weld,1,17.1,17.1,17.1,0.0,50.8,1267.5,1267.5,1284.5,17.1,0.0
2026-09-09 15:33:35,compound_scenario,LPT_MMUR,44,2829.4,34,0,1050.0,0,Mill,3,20.0,20.0,20.0,0.0,55.7,1142.5,1163.6,1183.6,20.0,21.1
2026-09-09 15:33:35,compound_scenario,LPT_MMUR,44,2829.4,34,0,1050.0,1,Weld,1,46.7,46.7,46.7,0.0,62.5,1323.6,1338.3,1385.1,46.7,14.7
2026-09-09 15:33:35,compound_scenario,LPT_MMUR,44,2829.4,32,0,1050.0,0,Mill,3,20.0,20.0,20.0,0.0,44.6,1148.6,1183.7,1203.7,20.0,35.1
2026-09-09 15:33:35,compound_scenario,LPT_MMUR,44,2829.4,32,0,1050.0,1,Weld,1,53.8,53.8,53.8,0.0,52.6,1281.9,1284.5,1338.3,53.8,2.7
2026-09-09 15:33:35,compound_scenario,LPT_MMUR,44,2829.4,31,0,1050.0,0,Mill,3,20.0,20.0,20.0,0.0,46.6,1161.6,1203.7,1223.7,20.0,42.1
2026-09-09 15:33:35,compound_scenario,LPT_MMUR,44,2829.4,31,0,1050.0,1,Weld,1,42.8,42.8,42.8,0.0,60.9,1309.1,1948.7,1991.5,42.9,639.6
2026-09-09 15:33:35,compound_scenario,LPT_MMUR,44,2829.4,30,0,1050.0,0,Mill,3,20.0,20.0,20.0,0.0,62.2,1155.9,1223.7,1243.8,20.0,67.8
2026-09-09 15:33:35,compound_scenario,LPT_MMUR,44,2829.4,30,0,1050.0,1,Weld,1,52.3,52.3,52.3,0.0,58.9,1349.5,1385.1,1437.4,52.3,35.6
2026-09-09 15:33:35,compound_scenario,LPT_MMUR,44,2829.4,28,0,1050.0,0,Mill,3,20.0,20.0,20.0,0.0,38.3,1210.5,1243.8,1263.8,20.0,33.2
2026-09-09 15:33:35,compound_scenario,LPT_MMUR,44,2829.4,28,0,1050.0,1,Weld,1,32.0,32.0,32.0,0.0,47.4,1371.7,2113.9,2146.0,32.1,742.2
2026-09-09 15:33:35,compound_scenario,LPT_MMUR,44,2829.4,33,0,1050.0,0,Mill,3,20.0,20.0,20.0,0.0,23.5,1218.5,1263.8,1283.8,20.0,45.3
2026-09-09 15:33:35,compound_scenario,LPT_MMUR,44,2829.4,33,0,1050.0,1,Weld,1,41.0,41.0,41.0,0.0,53.7,1419.3,2033.7,2074.7,41.0,614.4
2026-09-09 15:33:35,compound_scenario,LPT_MMUR,44,2829.4,26,0,1050.0,0,Mill,3,20.0,20.0,20.0,0.0,28.0,1230.0,1283.9,1303.9,20.0,53.9
2026-09-09 15:33:35,compound_scenario,LPT_MMUR,44,2829.4,26,0,1050.0,1,Weld,1,39.1,39.1,39.1,0.0,47.4,1433.9,2074.7,2113.9,39.2,640.9
2026-09-09 15:33:35,compound_scenario,LPT_MMUR,44,2829.4,25,0,1050.0,0,Mill,3,20.0,20.0,20.0,0.0,65.6,1305.4,1323.9,1344.0,20.0,18.6
2026-09-09 15:33:35,compound_scenario,LPT_MMUR,44,2829.4,25,0,1050.0,1,Weld,1,47.8,47.8,47.8,0.0,56.5,1462.9,1900.8,1948.7,47.9,438.0
2026-09-09 15:33:35,compound_scenario,LPT_MMUR,44,2829.4,24,0,1050.0,0,Mill,3,20.0,20.0,20.0,0.0,33.9,1266.8,1303.9,1323.9,20.0,37.1
2026-09-09 15:33:35,compound_scenario,LPT_MMUR,44,2829.4,24,0,1050.0,1,Weld,1,51.3,51.3,51.3,0.0,52.1,1411.7,1437.4,1488.8,51.3,25.7
2026-09-09 15:33:35,compound_scenario,LPT_MMUR,44,2829.4,23,0,1050.0,0,Mill,3,20.0,20.0,20.0,0.0,46.6,1339.2,1344.0,1364.0,20.0,4.8
2026-09-09 15:33:35,compound_scenario,LPT_MMUR,44,2829.4,23,0,1050.0,1,Weld,1,42.2,42.2,42.2,0.0,79.1,1507.7,1991.5,2033.7,42.2,483.8
2026-09-09 15:33:35,compound_scenario,LPT_MMUR,44,2829.4,27,0,1050.0,0,Mill,3,20.0,20.0,20.0,0.0,46.6,1470.8,1470.8,1490.8,20.0,0.0
2026-09-09 15:33:35,compound_scenario,LPT_MMUR,44,2829.4,27,0,1050.0,1,Weld,1,58.8,58.8,58.8,0.0,62.3,1568.3,1788.8,1847.7,58.8,220.6
2026-09-09 15:33:35,compound_scenario,LPT_MMUR,44,2829.4,22,0,1050.0,0,Mill,3,20.0,20.0,20.0,0.0,47.7,1477.7,1490.9,1510.9,20.0,13.2
2026-09-09 15:33:35,compound_scenario,LPT_MMUR,44,2829.4,22,0,1050.0,1,Weld,1,53.1,53.1,53.1,0.0,55.7,1638.7,1847.7,1900.8,53.2,208.9
2026-09-09 15:33:35,compound_scenario,LPT_MMUR,44,2829.4,21,0,1050.0,0,Mill,3,20.0,20.0,20.0,0.0,55.0,1504.5,1510.9,1530.9,20.0,6.4
2026-09-09 15:33:35,compound_scenario,LPT_MMUR,44,2829.4,21,0,1050.0,1,Weld,1,19.4,19.4,19.4,0.0,68.5,1693.6,2146.0,2165.3,19.4,452.4
2026-09-09 15:33:35,compound_scenario,LPT_MMUR,44,2829.4,37,0,1400.0,0,Weld,1,150.0,150.0,150.0,0.0,27.5,1472.1,1488.8,1638.8,150.0,16.7
2026-09-09 15:33:35,compound_scenario,LPT_MMUR,44,2829.4,36,0,1400.0,0,Weld,1,150.0,150.0,150.0,0.0,26.7,1522.9,1638.8,1788.8,150.0,115.9
2026-09-09 15:33:35,compound_scenario,LPT_MMUR,44,2829.4,38,0,1405.0,0,Weld,1,9.5,9.5,9.5,0.0,32.5,1515.2,2348.3,2357.7,9.5,833.1
2026-09-09 15:33:35,compound_scenario,LPT_MMUR,44,2829.4,39,0,1413.0,0,Weld,1,9.6,9.6,9.6,0.0,21.5,1530.5,2310.0,2319.6,9.6,779.5
2026-09-09 15:33:35,compound_scenario,LPT_MMUR,44,2829.4,40,0,1421.0,0,Weld,1,9.2,9.2,9.2,0.0,28.6,1553.5,2404.6,2413.8,9.2,851.1
2026-09-09 15:33:35,compound_scenario,LPT_MMUR,44,2829.4,41,0,1429.0,0,Weld,1,9.5,9.5,9.5,0.0,25.7,1545.9,2338.8,2348.3,9.5,792.9
2026-09-09 15:33:35,compound_scenario,LPT_MMUR,44,2829.4,42,0,1437.0,0,Weld,1,9.2,9.2,9.2,0.0,37.4,1575.9,2395.4,2404.6,9.2,819.5
2026-09-09 15:33:35,compound_scenario,LPT_MMUR,44,2829.4,43,0,1445.0,0,Weld,1,9.6,9.6,9.6,0.0,39.5,1583.5,2319.6,2329.2,9.6,736.1
2026-09-09 15:33:35,compound_scenario,LPT_MMUR,44,2829.4,44,0,1453.0,0,Weld,1,10.3,10.3,10.3,0.0,40.3,1608.1,2250.0,2260.3,10.3,641.9
2026-09-09 15:33:35,compound_scenario,LPT_MMUR,44,2829.4,45,0,1461.0,0,Weld,1,9.7,9.7,9.7,0.0,36.9,1615.8,2300.3,2310.0,9.8,684.5
2026-09-09 15:33:35,compound_scenario,LPT_MMUR,44,2829.4,46,0,1469.0,0,Weld,1,9.7,9.7,9.7,0.0,36.9,1623.4,2290.5,2300.3,9.8,667.1
2026-09-09 15:33:35,compound_scenario,LPT_MMUR,44,2829.4,47,0,1477.0,0,Weld,1,9.4,9.4,9.4,0.0,36.9,1631.0,2367.2,2376.7,9.4,736.2
2026-09-09 15:33:35,compound_scenario,LPT_MMUR,44,2829.4,48,0,1485.0,0,Weld,1,9.5,9.5,9.5,0.0,29.6,1646.3,2329.2,2338.8,9.6,682.9
2026-09-09 15:33:35,compound_scenario,LPT_MMUR,44,2829.4,49,0,1493.0,0,Weld,1,10.9,10.9,10.9,0.0,33.2,1655.4,2176.3,2187.2,10.9,520.9
2026-09-09 15:33:35,compound_scenario,LPT_MMUR,44,2829.4,50,0,1501.0,0,Weld,1,10.3,10.3,10.3,0.0,35.6,1663.1,2229.4,2239.7,10.3,566.3
2026-09-09 15:33:35,compound_scenario,LPT_MMUR,44,2829.4,51,0,1509.0,0,Weld,1,10.2,10.2,10.2,0.0,36.6,1670.7,2260.3,2270.6,10.2,589.6
2026-09-09 15:33:35,compound_scenario,LPT_MMUR,44,2829.4,52,0,1517.0,0,Weld,1,9.3,9.3,9.3,0.0,36.6,1678.3,2376.7,2386.0,9.4,698.3
2026-09-09 15:33:35,compound_scenario,LPT_MMUR,44,2829.4,53,0,1525.0,0,Weld,1,10.5,10.5,10.5,0.0,36.6,1686.0,2208.5,2219.0,10.5,522.5
2026-09-09 15:33:35,compound_scenario,LPT_MMUR,44,2829.4,54,0,1533.0,0,Weld,1,9.3,9.3,9.3,0.0,39.5,1708.2,2386.0,2395.4,9.4,677.9
2026-09-09 15:33:35,compound_scenario,LPT_MMUR,44,2829.4,55,0,1541.0,0,Weld,1,9.8,9.8,9.8,0.0,39.7,1715.9,2280.7,2290.5,9.8,564.9
2026-09-09 15:33:35,compound_scenario,LPT_MMUR,44,2829.4,56,0,1549.0,0,Weld,1,11.0,11.0,11.0,0.0,39.5,1723.5,2165.3,2176.3,11.0,441.9
2026-09-09 15:33:35,compound_scenario,LPT_MMUR,44,2829.4,57,0,1557.0,0,Weld,1,10.3,10.3,10.3,0.0,39.5,1731.1,2239.7,2250.0,10.3,508.6
2026-09-09 15:33:35,compound_scenario,LPT_MMUR,44,2829.4,58,0,1565.0,0,Weld,1,10.1,10.1,10.1,0.0,39.7,1738.8,2270.6,2280.7,10.1,531.8
2026-09-09 15:33:35,compound_scenario,LPT_MMUR,44,2829.4,59,0,1573.0,0,Weld,1,10.4,10.4,10.4,0.0,38.7,1746.3,2219.0,2229.4,10.4,472.7
2026-09-09 15:33:35,compound_scenario,LPT_MMUR,44,2829.4,60,0,1581.0,0,Weld,1,10.7,10.7,10.7,0.0,37.7,1761.4,2187.2,2198.0,10.7,425.8
2026-09-09 15:33:35,compound_scenario,LPT_MMUR,44,2829.4,61,0,1589.0,0,Weld,1,10.6,10.6,10.6,0.0,35.1,1753.9,2198.0,2208.5,10.6,444.1
2026-09-09 15:33:35,compound_scenario,LPT_MMUR,44,2829.4,62,0,1597.0,0,Weld,1,9.5,9.5,9.5,0.0,40.0,1769.1,2357.7,2367.2,9.5,588.6
2026-09-09 15:33:35,compound_scenario,LPT_MMUR,44,2829.4,63,0,2200.0,0,Mill,1,21.0,21.0,21.0,0.0,23.3,2247.1,2247.1,2268.0,21.0,0.0
2026-09-09 15:33:35,compound_scenario,LPT_MMUR,44,2829.4,63,0,2200.0,1,Lathe,1,29.5,29.5,29.5,0.0,38.2,2348.9,2348.9,2378.4,29.5,0.0
2026-09-09 15:33:35,compound_scenario,LPT_MMUR,44,2829.4,63,0,2200.0,2,Weld,1,28.0,28.0,28.0,0.0,28.8,2607.9,2607.9,2635.9,28.1,0.0
2026-09-09 15:33:35,compound_scenario,LPT_MMUR,44,2829.4,64,0,2260.0,0,Mill,1,26.3,26.3,26.3,0.0,29.6,2584.8,2584.8,2611.1,26.4,0.0
2026-09-09 15:33:35,compound_scenario,LPT_MMUR,44,2829.4,64,0,2260.0,1,Lathe,1,48.3,48.3,48.3,0.0,20.8,2650.7,2650.7,2699.1,48.3,0.0
2026-09-09 15:33:35,compound_scenario,LPT_MMUR,44,2829.4,64,0,2260.0,2,Weld,1,46.3,46.3,46.3,0.0,20.6,2731.5,2731.5,2777.9,46.3,0.0
2026-09-09 15:33:35,compound_scenario,LPT_MMUR,44,2829.4,65,0,2320.0,0,Mill,1,29.4,29.4,29.4,0.0,44.6,2606.9,2606.9,2636.3,29.5,0.0
2026-09-09 15:33:35,compound_scenario,LPT_MMUR,44,2829.4,65,0,2320.0,1,Lathe,1,39.7,39.7,39.7,0.0,4.7,2643.2,2643.2,2682.9,39.7,0.0
2026-09-09 15:33:35,compound_scenario,LPT_MMUR,44,2829.4,65,0,2320.0,2,Weld,1,31.9,31.9,31.9,0.0,13.0,2698.2,2698.2,2730.1,31.9,0.0
2026-09-09 15:34:13,convoy_waves,LPT_MMUR,42,1531.46,0,0,0.0,0,Mill,3,20.0,20.0,20.0,0.0,18.6,31.0,31.0,51.0,20.0,0.0
2026-09-09 15:34:13,convoy_waves,LPT_MMUR,42,1531.46,0,0,0.0,1,Weld,1,43.8,43.8,43.8,0.0,24.9,103.3,103.3,147.1,43.8,0.0
2026-09-09 15:34:13,convoy_waves,LPT_MMUR,42,1531.46,1,0,0.0,0,Mill,3,20.0,20.0,20.0,0.0,23.8,43.5,51.0,71.0,20.0,7.5
2026-09-09 15:34:13,convoy_waves,LPT_MMUR,42,1531.46,1,0,0.0,1,Weld,1,16.1,16.1,16.1,0.0,18.7,115.6,247.8,263.9,16.2,132.1
2026-09-09 15:34:13,convoy_waves,LPT_MMUR,42,1531.46,2,0,0.0,0,Mill,3,20.0,20.0,20.0,0.0,25.6,53.2,71.0,91.1,20.0,17.8
2026-09-09 15:34:13,convoy_waves,LPT_MMUR,42,1531.46,2,0,0.0,1,Weld,1,27.4,27.4,27.4,0.0,18.7,135.0,147.1,174.5,27.4,12.1
2026-09-09 15:34:13,convoy_waves,LPT_MMUR,42,1531.46,3,0,0.0,0,Mill,3,20.0,20.0,20.0,0.0,25.1,61.4,91.1,111.1,20.0,29.7
2026-09-09 15:34:13,convoy_waves,LPT_MMUR,42,1531.46,3,0,0.0,1,Weld,1,25.0,25.0,25.0,0.0,26.0,154.5,222.7,247.8,25.1,68.2
2026-09-09 15:34:13,convoy_waves,LPT_MMUR,42,1531.46,4,0,0.0,0,Mill,3,20.0,20.0,20.0,0.0,22.5,68.5,111.1,131.1,20.0,42.7
2026-09-09 15:34:13,convoy_waves,LPT_MMUR,42,1531.46,4,0,0.0,1,Weld,1,48.1,48.1,48.1,0.0,17.1,172.2,174.5,222.7,48.2,2.3
2026-09-09 15:34:13,convoy_waves,LPT_MMUR,42,1531.46,5,0,400.0,0,Mill,3,20.0,20.0,20.0,0.0,16.8,429.2,429.2,449.2,20.0,0.0
2026-09-09 15:34:13,convoy_waves,LPT_MMUR,42,1531.46,5,0,400.0,1,Weld,1,45.5,45.5,45.5,0.0,26.7,503.8,503.8,549.3,45.5,0.0
2026-09-09 15:34:13,convoy_waves,LPT_MMUR,42,1531.46,6,0,400.0,0,Mill,3,20.0,20.0,20.0,0.0,16.8,436.4,449.2,469.3,20.0,12.8
2026-09-09 15:34:13,convoy_waves,LPT_MMUR,42,1531.46,6,0,400.0,1,Weld,1,55.2,55.2,55.2,0.0,20.7,516.4,549.3,604.5,55.2,32.9
2026-09-09 15:34:13,convoy_waves,LPT_MMUR,42,1531.46,7,0,400.0,0,Mill,3,20.0,20.0,20.0,0.0,17.6,445.1,469.3,489.3,20.0,24.2
2026-09-09 15:34:13,convoy_waves,LPT_MMUR,42,1531.46,7,0,400.0,1,Weld,1,18.9,18.9,18.9,0.0,20.7,535.9,638.5,657.4,18.9,102.6
2026-09-09 15:34:13,convoy_waves,LPT_MMUR,42,1531.46,8,0,400.0,0,Mill,3,20.0,20.0,20.0,0.0,18.1,455.0,489.3,509.3,20.0,34.3
2026-09-09 15:34:13,convoy_waves,LPT_MMUR,42,1531.46,8,0,400.0,1,Weld,1,34.0,34.0,34.0,0.0,27.7,555.3,604.5,638.5,34.0,49.1
2026-09-09 15:34:13,convoy_waves,LPT_MMUR,42,1531.46,9,0,400.0,0,Mill,3,20.0,20.0,20.0,0.0,18.6,465.3,509.4,529.4,20.0,44.0
2026-09-09 15:34:13,convoy_waves,LPT_MMUR,42,1531.46,9,0,400.0,1,Weld,1,16.3,16.3,16.3,0.0,22.8,569.9,657.4,673.8,16.4,87.5
2026-09-09 15:34:13,convoy_waves,LPT_MMUR,42,1531.46,10,0,800.0,0,Mill,3,20.0,20.0,20.0,0.0,42.8,855.1,855.1,875.1,20.0,0.0
2026-09-09 15:34:13,convoy_waves,LPT_MMUR,42,1531.46,10,0,800.0,1,Weld,1,24.8,24.8,24.8,0.0,37.0,920.5,920.5,945.4,24.9,0.0
2026-09-09 15:34:13,convoy_waves,LPT_MMUR,42,1531.46,11,0,800.0,0,Mill,3,20.0,20.0,20.0,0.0,41.4,861.1,875.2,895.2,20.0,14.1
2026-09-09 15:34:13,convoy_waves,LPT_MMUR,42,1531.46,11,0,800.0,1,Weld,1,37.7,37.7,37.7,0.0,37.0,937.8,945.4,983.2,37.8,7.6
2026-09-09 15:34:13,convoy_waves,LPT_MMUR,42,1531.46,12,0,800.0,0,Mill,3,20.0,20.0,20.0,0.0,43.0,870.5,895.2,915.2,20.0,24.7
2026-09-09 15:34:13,convoy_waves,LPT_MMUR,42,1531.46,12,0,800.0,1,Weld,1,16.2,16.2,16.2,0.0,38.3,955.8,983.2,999.4,16.2,27.4
2026-09-09 15:34:13,convoy_waves,LPT_MMUR,42,1531.46,13,0,800.0,0,Mill,3,20.0,20.0,20.0,0.0,39.4,876.2,915.2,935.3,20.0,39.0
2026-09-09 15:34:13,convoy_waves,LPT_MMUR,42,1531.46,13,0,800.0,1,Weld,1,24.0,24.0,24.0,0.0,51.8,989.4,999.4,1023.4,24.0,10.0
2026-09-09 15:34:13,convoy_waves,LPT_MMUR,42,1531.46,14,0,800.0,0,Mill,3,20.0,20.0,20.0,0.0,43.0,889.7,935.3,955.3,20.0,45.6
2026-09-09 15:34:13,convoy_waves,LPT_MMUR,42,1531.46,14,0,800.0,1,Weld,1,44.2,44.2,44.2,0.0,46.4,1003.9,1023.4,1067.6,44.3,19.4
2026-09-09 15:34:13,convoy_waves,LPT_MMUR,42,1531.46,15,0,1200.0,0,Mill,3,20.0,20.0,20.0,0.0,18.6,1231.0,1231.0,1251.0,20.0,0.0
2026-09-09 15:34:13,convoy_waves,LPT_MMUR,42,1531.46,15,0,1200.0,1,Weld,1,39.5,39.5,39.5,0.0,22.9,1306.6,1306.6,1346.2,39.5,0.0
2026-09-09 15:34:13,convoy_waves,LPT_MMUR,42,1531.46,16,0,1200.0,0,Mill,3,20.0,20.0,20.0,0.0,18.6,1238.2,1251.0,1271.0,20.0,12.8
2026-09-09 15:34:13,convoy_waves,LPT_MMUR,42,1531.46,16,0,1200.0,1,Weld,1,24.9,24.9,24.9,0.0,18.7,1314.2,1439.1,1464.1,24.9,124.9
2026-09-09 15:34:13,convoy_waves,LPT_MMUR,42,1531.46,17,0,1200.0,0,Mill,3,20.0,20.0,20.0,0.0,20.1,1247.6,1271.0,1291.1,20.0,23.4
2026-09-09 15:34:13,convoy_waves,LPT_MMUR,42,1531.46,17,0,1200.0,1,Weld,1,41.5,41.5,41.5,0.0,19.5,1326.7,1346.2,1387.7,41.5,19.5
2026-09-09 15:34:13,convoy_waves,LPT_MMUR,42,1531.46,18,0,1200.0,0,Mill,3,20.0,20.0,20.0,0.0,19.9,1260.4,1291.1,1311.1,20.0,30.7
2026-09-09 15:34:13,convoy_waves,LPT_MMUR,42,1531.46,18,0,1200.0,1,Weld,1,51.4,51.4,51.4,0.0,25.5,1352.7,1387.7,1439.1,51.4,35.0
2026-09-09 15:34:13,convoy_waves,LPT_MMUR,42,1531.46,19,0,1200.0,0,Mill,3,20.0,20.0,20.0,0.0,22.0,1272.0,1311.1,1331.1,20.0,39.1
2026-09-09 15:34:13,convoy_waves,LPT_MMUR,42,1531.46,19,0,1200.0,1,Weld,1,15.3,15.3,15.3,0.0,17.1,1370.4,1464.1,1479.4,15.3,93.7
2026-09-09 15:34:52,convoy_waves,LPT_MMUR,43,1531.46,0,0,0.0,0,Mill,3,20.0,20.0,20.0,0.0,18.6,31.0,31.0,51.0,20.0,0.0
2026-09-09 15:34:52,convoy_waves,LPT_MMUR,43,1531.46,0,0,0.0,1,Weld,1,43.8,43.8,43.8,0.0,24.9,103.3,103.3,147.1,43.8,0.0
2026-09-09 15:34:52,convoy_waves,LPT_MMUR,43,1531.46,1,0,0.0,0,Mill,3,20.0,20.0,20.0,0.0,23.8,43.5,51.0,71.0,20.0,7.5
2026-09-09 15:34:52,convoy_waves,LPT_MMUR,43,1531.46,1,0,0.0,1,Weld,1,16.1,16.1,16.1,0.0,18.7,115.6,247.8,263.9,16.2,132.1
2026-09-09 15:34:52,convoy_waves,LPT_MMUR,43,1531.46,2,0,0.0,0,Mill,3,20.0,20.0,20.0,0.0,25.6,53.2,71.0,91.1,20.0,17.8
2026-09-09 15:34:52,convoy_waves,LPT_MMUR,43,1531.46,2,0,0.0,1,Weld,1,27.4,27.4,27.4,0.0,18.7,135.0,147.1,174.5,27.4,12.1
2026-09-09 15:34:52,convoy_waves,LPT_MMUR,43,1531.46,3,0,0.0,0,Mill,3,20.0,20.0,20.0,0.0,25.1,61.4,91.1,111.1,20.0,29.7
2026-09-09 15:34:52,convoy_waves,LPT_MMUR,43,1531.46,3,0,0.0,1,Weld,1,25.0,25.0,25.0,0.0,26.0,154.5,222.7,247.8,25.1,68.2
2026-09-09 15:34:52,convoy_waves,LPT_MMUR,43,1531.46,4,0,0.0,0,Mill,3,20.0,20.0,20.0,0.0,22.5,68.5,111.1,131.1,20.0,42.7
2026-09-09 15:34:52,convoy_waves,LPT_MMUR,43,1531.46,4,0,0.0,1,Weld,1,48.1,48.1,48.1,0.0,17.1,172.2,174.5,222.7,48.2,2.3
2026-09-09 15:34:52,convoy_waves,LPT_MMUR,43,1531.46,5,0,400.0,0,Mill,3,20.0,20.0,20.0,0.0,16.8,429.2,429.2,449.2,20.0,0.0
2026-09-09 15:34:52,convoy_waves,LPT_MMUR,43,1531.46,5,0,400.0,1,Weld,1,45.5,45.5,45.5,0.0,26.7,503.8,503.8,549.3,45.5,0.0
2026-09-09 15:34:52,convoy_waves,LPT_MMUR,43,1531.46,6,0,400.0,0,Mill,3,20.0,20.0,20.0,0.0,16.8,436.4,449.2,469.3,20.0,12.8
2026-09-09 15:34:52,convoy_waves,LPT_MMUR,43,1531.46,6,0,400.0,1,Weld,1,55.2,55.2,55.2,0.0,20.7,516.4,549.3,604.5,55.2,32.9
2026-09-09 15:34:52,convoy_waves,LPT_MMUR,43,1531.46,7,0,400.0,0,Mill,3,20.0,20.0,20.0,0.0,17.6,445.1,469.3,489.3,20.0,24.2
2026-09-09 15:34:52,convoy_waves,LPT_MMUR,43,1531.46,7,0,400.0,1,Weld,1,18.9,18.9,18.9,0.0,20.7,535.9,638.5,657.4,18.9,102.6
2026-09-09 15:34:52,convoy_waves,LPT_MMUR,43,1531.46,8,0,400.0,0,Mill,3,20.0,20.0,20.0,0.0,18.1,455.0,489.3,509.3,20.0,34.3
2026-09-09 15:34:52,convoy_waves,LPT_MMUR,43,1531.46,8,0,400.0,1,Weld,1,34.0,34.0,34.0,0.0,27.7,555.3,604.5,638.5,34.0,49.1
2026-09-09 15:34:52,convoy_waves,LPT_MMUR,43,1531.46,9,0,400.0,0,Mill,3,20.0,20.0,20.0,0.0,18.6,465.3,509.4,529.4,20.0,44.0
2026-09-09 15:34:52,convoy_waves,LPT_MMUR,43,1531.46,9,0,400.0,1,Weld,1,16.3,16.3,16.3,0.0,22.8,569.9,657.4,673.8,16.4,87.5
2026-09-09 15:34:52,convoy_waves,LPT_MMUR,43,1531.46,10,0,800.0,0,Mill,3,20.0,20.0,20.0,0.0,42.8,855.1,855.1,875.1,20.0,0.0
2026-09-09 15:34:52,convoy_waves,LPT_MMUR,43,1531.46,10,0,800.0,1,Weld,1,24.8,24.8,24.8,0.0,37.0,920.5,920.5,945.4,24.9,0.0
2026-09-09 15:34:52,convoy_waves,LPT_MMUR,43,1531.46,11,0,800.0,0,Mill,3,20.0,20.0,20.0,0.0,41.4,861.1,875.2,895.2,20.0,14.1
2026-09-09 15:34:52,convoy_waves,LPT_MMUR,43,1531.46,11,0,800.0,1,Weld,1,37.7,37.7,37.7,0.0,37.0,937.8,945.4,983.2,37.8,7.6
2026-09-09 15:34:52,convoy_waves,LPT_MMUR,43,1531.46,12,0,800.0,0,Mill,3,20.0,20.0,20.0,0.0,43.0,870.5,895.2,915.2,20.0,24.7
2026-09-09 15:34:52,convoy_waves,LPT_MMUR,43,1531.46,12,0,800.0,1,Weld,1,16.2,16.2,16.2,0.0,38.3,955.8,983.2,999.4,16.2,27.4
2026-09-09 15:34:52,convoy_waves,LPT_MMUR,43,1531.46,13,0,800.0,0,Mill,3,20.0,20.0,20.0,0.0,39.4,876.2,915.2,935.3,20.0,39.0
2026-09-09 15:34:52,convoy_waves,LPT_MMUR,43,1531.46,13,0,800.0,1,Weld,1,24.0,24.0,24.0,0.0,51.8,989.4,999.4,1023.4,24.0,10.0
2026-09-09 15:34:52,convoy_waves,LPT_MMUR,43,1531.46,14,0,800.0,0,Mill,3,20.0,20.0,20.0,0.0,43.0,889.7,935.3,955.3,20.0,45.6
2026-09-09 15:34:52,convoy_waves,LPT_MMUR,43,1531.46,14,0,800.0,1,Weld,1,44.2,44.2,44.2,0.0,46.4,1003.9,1023.4,1067.6,44.3,19.4
2026-09-09 15:34:52,convoy_waves,LPT_MMUR,43,1531.46,15,0,1200.0,0,Mill,3,20.0,20.0,20.0,0.0,18.6,1231.0,1231.0,1251.0,20.0,0.0
2026-09-09 15:34:52,convoy_waves,LPT_MMUR,43,1531.46,15,0,1200.0,1,Weld,1,39.5,39.5,39.5,0.0,22.9,1306.6,1306.6,1346.2,39.5,0.0
2026-09-09 15:34:52,convoy_waves,LPT_MMUR,43,1531.46,16,0,1200.0,0,Mill,3,20.0,20.0,20.0,0.0,18.6,1238.2,1251.0,1271.0,20.0,12.8
2026-09-09 15:34:52,convoy_waves,LPT_MMUR,43,1531.46,16,0,1200.0,1,Weld,1,24.9,24.9,24.9,0.0,18.7,1314.2,1439.1,1464.1,24.9,124.9
2026-09-09 15:34:52,convoy_waves,LPT_MMUR,43,1531.46,17,0,1200.0,0,Mill,3,20.0,20.0,20.0,0.0,20.1,1247.6,1271.0,1291.1,20.0,23.4
2026-09-09 15:34:52,convoy_waves,LPT_MMUR,43,1531.46,17,0,1200.0,1,Weld,1,41.5,41.5,41.5,0.0,19.5,1326.7,1346.2,1387.7,41.5,19.5
2026-09-09 15:34:52,convoy_waves,LPT_MMUR,43,1531.46,18,0,1200.0,0,Mill,3,20.0,20.0,20.0,0.0,19.9,1260.4,1291.1,1311.1,20.0,30.7
2026-09-09 15:34:52,convoy_waves,LPT_MMUR,43,1531.46,18,0,1200.0,1,Weld,1,51.4,51.4,51.4,0.0,25.5,1352.7,1387.7,1439.1,51.4,35.0
2026-09-09 15:34:52,convoy_waves,LPT_MMUR,43,1531.46,19,0,1200.0,0,Mill,3,20.0,20.0,20.0,0.0,22.0,1272.0,1311.1,1331.1,20.0,39.1
2026-09-09 15:34:52,convoy_waves,LPT_MMUR,43,1531.46,19,0,1200.0,1,Weld,1,15.3,15.3,15.3,0.0,17.1,1370.4,1464.1,1479.4,15.3,93.7
2026-09-09 15:35:31,convoy_waves,LPT_MMUR,44,1531.46,0,0,0.0,0,Mill,3,20.0,20.0,20.0,0.0,18.6,31.0,31.0,51.0,20.0,0.0
2026-09-09 15:35:31,convoy_waves,LPT_MMUR,44,1531.46,0,0,0.0,1,Weld,1,43.8,43.8,43.8,0.0,24.9,103.3,103.3,147.1,43.8,0.0
2026-09-09 15:35:31,convoy_waves,LPT_MMUR,44,1531.46,1,0,0.0,0,Mill,3,20.0,20.0,20.0,0.0,23.8,43.5,51.0,71.0,20.0,7.5
2026-09-09 15:35:31,convoy_waves,LPT_MMUR,44,1531.46,1,0,0.0,1,Weld,1,16.1,16.1,16.1,0.0,18.7,115.6,247.8,263.9,16.2,132.1
2026-09-09 15:35:31,convoy_waves,LPT_MMUR,44,1531.46,2,0,0.0,0,Mill,3,20.0,20.0,20.0,0.0,25.6,53.2,71.0,91.1,20.0,17.8
2026-09-09 15:35:31,convoy_waves,LPT_MMUR,44,1531.46,2,0,0.0,1,Weld,1,27.4,27.4,27.4,0.0,18.7,135.0,147.1,174.5,27.4,12.1
2026-09-09 15:35:31,convoy_waves,LPT_MMUR,44,1531.46,3,0,0.0,0,Mill,3,20.0,20.0,20.0,0.0,25.1,61.4,91.1,111.1,20.0,29.7
2026-09-09 15:35:31,convoy_waves,LPT_MMUR,44,1531.46,3,0,0.0,1,Weld,1,25.0,25.0,25.0,0.0,26.0,154.5,222.7,247.8,25.1,68.2
2026-09-09 15:35:31,convoy_waves,LPT_MMUR,44,1531.46,4,0,0.0,0,Mill,3,20.0,20.0,20.0,0.0,22.5,68.5,111.1,131.1,20.0,42.7
2026-09-09 15:35:31,convoy_waves,LPT_MMUR,44,1531.46,4,0,0.0,1,Weld,1,48.1,48.1,48.1,0.0,17.1,172.2,174.5,222.7,48.2,2.3
2026-09-09 15:35:31,convoy_waves,LPT_MMUR,44,1531.46,5,0,400.0,0,Mill,3,20.0,20.0,20.0,0.0,16.8,429.2,429.2,449.2,20.0,0.0
2026-09-09 15:35:31,convoy_waves,LPT_MMUR,44,1531.46,5,0,400.0,1,Weld,1,45.5,45.5,45.5,0.0,26.7,503.8,503.8,549.3,45.5,0.0
2026-09-09 15:35:31,convoy_waves,LPT_MMUR,44,1531.46,6,0,400.0,0,Mill,3,20.0,20.0,20.0,0.0,16.8,436.4,449.2,469.3,20.0,12.8
2026-09-09 15:35:31,convoy_waves,LPT_MMUR,44,1531.46,6,0,400.0,1,Weld,1,55.2,55.2,55.2,0.0,20.7,516.4,549.3,604.5,55.2,32.9
2026-09-09 15:35:31,convoy_waves,LPT_MMUR,44,1531.46,7,0,400.0,0,Mill,3,20.0,20.0,20.0,0.0,17.6,445.1,469.3,489.3,20.0,24.2
2026-09-09 15:35:31,convoy_waves,LPT_MMUR,44,1531.46,7,0,400.0,1,Weld,1,18.9,18.9,18.9,0.0,20.7,535.9,638.5,657.4,18.9,102.6
2026-09-09 15:35:31,convoy_waves,LPT_MMUR,44,1531.46,8,0,400.0,0,Mill,3,20.0,20.0,20.0,0.0,18.1,455.0,489.3,509.3,20.0,34.3
2026-09-09 15:35:31,convoy_waves,LPT_MMUR,44,1531.46,8,0,400.0,1,Weld,1,34.0,34.0,34.0,0.0,27.7,555.3,604.5,638.5,34.0,49.1
2026-09-09 15:35:31,convoy_waves,LPT_MMUR,44,1531.46,9,0,400.0,0,Mill,3,20.0,20.0,20.0,0.0,18.6,465.3,509.4,529.4,20.0,44.0
2026-09-09 15:35:31,convoy_waves,LPT_MMUR,44,1531.46,9,0,400.0,1,Weld,1,16.3,16.3,16.3,0.0,22.8,569.9,657.4,673.8,16.4,87.5
2026-09-09 15:35:31,convoy_waves,LPT_MMUR,44,1531.46,10,0,800.0,0,Mill,3,20.0,20.0,20.0,0.0,42.8,855.1,855.1,875.1,20.0,0.0
2026-09-09 15:35:31,convoy_waves,LPT_MMUR,44,1531.46,10,0,800.0,1,Weld,1,24.8,24.8,24.8,0.0,37.0,920.5,920.5,945.4,24.9,0.0
2026-09-09 15:35:31,convoy_waves,LPT_MMUR,44,1531.46,11,0,800.0,0,Mill,3,20.0,20.0,20.0,0.0,41.4,861.1,875.2,895.2,20.0,14.1
2026-09-09 15:35:31,convoy_waves,LPT_MMUR,44,1531.46,11,0,800.0,1,Weld,1,37.7,37.7,37.7,0.0,37.0,937.8,945.4,983.2,37.8,7.6
2026-09-09 15:35:31,convoy_waves,LPT_MMUR,44,1531.46,12,0,800.0,0,Mill,3,20.0,20.0,20.0,0.0,43.0,870.5,895.2,915.2,20.0,24.7
2026-09-09 15:35:31,convoy_waves,LPT_MMUR,44,1531.46,12,0,800.0,1,Weld,1,16.2,16.2,16.2,0.0,38.3,955.8,983.2,999.4,16.2,27.4
2026-09-09 15:35:31,convoy_waves,LPT_MMUR,44,1531.46,13,0,800.0,0,Mill,3,20.0,20.0,20.0,0.0,39.4,876.2,915.2,935.3,20.0,39.0
2026-09-09 15:35:31,convoy_waves,LPT_MMUR,44,1531.46,13,0,800.0,1,Weld,1,24.0,24.0,24.0,0.0,51.8,989.4,999.4,1023.4,24.0,10.0
2026-09-09 15:35:31,convoy_waves,LPT_MMUR,44,1531.46,14,0,800.0,0,Mill,3,20.0,20.0,20.0,0.0,43.0,889.7,935.3,955.3,20.0,45.6
2026-09-09 15:35:31,convoy_waves,LPT_MMUR,44,1531.46,14,0,800.0,1,Weld,1,44.2,44.2,44.2,0.0,46.4,1003.9,1023.4,1067.6,44.3,19.4
2026-09-09 15:35:31,convoy_waves,LPT_MMUR,44,1531.46,15,0,1200.0,0,Mill,3,20.0,20.0,20.0,0.0,18.6,1231.0,1231.0,1251.0,20.0,0.0
2026-09-09 15:35:31,convoy_waves,LPT_MMUR,44,1531.46,15,0,1200.0,1,Weld,1,39.5,39.5,39.5,0.0,22.9,1306.6,1306.6,1346.2,39.5,0.0
2026-09-09 15:35:31,convoy_waves,LPT_MMUR,44,1531.46,16,0,1200.0,0,Mill,3,20.0,20.0,20.0,0.0,18.6,1238.2,1251.0,1271.0,20.0,12.8
2026-09-09 15:35:31,convoy_waves,LPT_MMUR,44,1531.46,16,0,1200.0,1,Weld,1,24.9,24.9,24.9,0.0,18.7,1314.2,1439.1,1464.1,24.9,124.9
2026-09-09 15:35:31,convoy_waves,LPT_MMUR,44,1531.46,17,0,1200.0,0,Mill,3,20.0,20.0,20.0,0.0,20.1,1247.6,1271.0,1291.1,20.0,23.4
2026-09-09 15:35:31,convoy_waves,LPT_MMUR,44,1531.46,17,0,1200.0,1,Weld,1,41.5,41.5,41.5,0.0,19.5,1326.7,1346.2,1387.7,41.5,19.5
2026-09-09 15:35:31,convoy_waves,LPT_MMUR,44,1531.46,18,0,1200.0,0,Mill,3,20.0,20.0,20.0,0.0,19.9,1260.4,1291.1,1311.1,20.0,30.7
2026-09-09 15:35:31,convoy_waves,LPT_MMUR,44,1531.46,18,0,1200.0,1,Weld,1,51.4,51.4,51.4,0.0,25.5,1352.7,1387.7,1439.1,51.4,35.0
2026-09-09 15:35:31,convoy_waves,LPT_MMUR,44,1531.46,19,0,1200.0,0,Mill,3,20.0,20.0,20.0,0.0,22.0,1272.0,1311.1,1331.1,20.0,39.1
2026-09-09 15:35:31,convoy_waves,LPT_MMUR,44,1531.46,19,0,1200.0,1,Weld,1,15.3,15.3,15.3,0.0,17.1,1370.4,1464.1,1479.4,15.3,93.7
2026-09-09 15:35:41,identical_batch,LPT_MMUR,42,393.02,0,0,0.0,0,Mill,3,20.0,20.0,20.0,0.0,18.6,31.0,31.0,51.0,20.0,0.0
2026-09-09 15:35:41,identical_batch,LPT_MMUR,42,393.02,0,0,0.0,1,Weld,1,40.0,40.0,40.0,0.0,21.6,101.3,101.3,141.4,40.0,0.0
2026-09-09 15:35:41,identical_batch,LPT_MMUR,42,393.02,1,0,0.0,0,Mill,3,20.0,20.0,20.0,0.0,23.8,43.5,51.0,71.0,20.0,7.5
2026-09-09 15:35:41,identical_batch,LPT_MMUR,42,393.02,1,0,0.0,1,Weld,1,40.0,40.0,40.0,0.0,26.8,113.7,141.4,181.4,40.0,27.7
2026-09-09 15:35:41,identical_batch,LPT_MMUR,42,393.02,2,0,0.0,0,Mill,3,20.0,20.0,20.0,0.0,25.6,53.2,71.0,91.1,20.0,17.8
2026-09-09 15:35:41,identical_batch,LPT_MMUR,42,393.02,2,0,0.0,1,Weld,1,40.0,40.0,40.0,0.0,25.5,140.0,181.4,221.4,40.0,41.4
2026-09-09 15:35:41,identical_batch,LPT_MMUR,42,393.02,3,0,0.0,0,Mill,3,20.0,20.0,20.0,0.0,25.1,61.4,91.1,111.1,20.0,29.7
2026-09-09 15:35:41,identical_batch,LPT_MMUR,42,393.02,3,0,0.0,1,Weld,1,40.0,40.0,40.0,0.0,25.5,159.2,221.4,261.4,40.0,62.2
2026-09-09 15:35:41,identical_batch,LPT_MMUR,42,393.02,4,0,0.0,0,Mill,3,20.0,20.0,20.0,0.0,26.6,72.6,111.1,131.1,20.0,38.5
2026-09-09 15:35:41,identical_batch,LPT_MMUR,42,393.02,4,0,0.0,1,Weld,1,40.0,40.0,40.0,0.0,26.2,186.0,261.4,301.4,40.0,75.4
2026-09-09 15:35:41,identical_batch,LPT_MMUR,42,393.02,5,0,0.0,0,Mill,3,20.0,20.0,20.0,0.0,29.5,95.1,131.2,151.2,20.0,36.1
2026-09-09 15:35:41,identical_batch,LPT_MMUR,42,393.02,5,0,0.0,1,Weld,1,40.0,40.0,40.0,0.0,21.8,200.8,301.4,341.5,40.0,100.7
2026-09-09 15:35:52,identical_batch,LPT_MMUR,43,393.02,0,0,0.0,0,Mill,3,20.0,20.0,20.0,0.0,18.6,31.0,31.0,51.0,20.0,0.0
2026-09-09 15:35:52,identical_batch,LPT_MMUR,43,393.02,0,0,0.0,1,Weld,1,40.0,40.0,40.0,0.0,21.6,101.3,101.3,141.4,40.0,0.0
2026-09-09 15:35:52,identical_batch,LPT_MMUR,43,393.02,1,0,0.0,0,Mill,3,20.0,20.0,20.0,0.0,23.8,43.5,51.0,71.0,20.0,7.5
2026-09-09 15:35:52,identical_batch,LPT_MMUR,43,393.02,1,0,0.0,1,Weld,1,40.0,40.0,40.0,0.0,26.8,113.7,141.4,181.4,40.0,27.7
2026-09-09 15:35:52,identical_batch,LPT_MMUR,43,393.02,2,0,0.0,0,Mill,3,20.0,20.0,20.0,0.0,25.6,53.2,71.0,91.1,20.0,17.8
2026-09-09 15:35:52,identical_batch,LPT_MMUR,43,393.02,2,0,0.0,1,Weld,1,40.0,40.0,40.0,0.0,25.5,140.0,181.4,221.4,40.0,41.4
2026-09-09 15:35:52,identical_batch,LPT_MMUR,43,393.02,3,0,0.0,0,Mill,3,20.0,20.0,20.0,0.0,25.1,61.4,91.1,111.1,20.0,29.7
2026-09-09 15:35:52,identical_batch,LPT_MMUR,43,393.02,3,0,0.0,1,Weld,1,40.0,40.0,40.0,0.0,25.5,159.2,221.4,261.4,40.0,62.2
2026-09-09 15:35:52,identical_batch,LPT_MMUR,43,393.02,4,0,0.0,0,Mill,3,20.0,20.0,20.0,0.0,26.6,72.6,111.1,131.1,20.0,38.5
2026-09-09 15:35:52,identical_batch,LPT_MMUR,43,393.02,4,0,0.0,1,Weld,1,40.0,40.0,40.0,0.0,26.2,186.0,261.4,301.4,40.0,75.4
2026-09-09 15:35:52,identical_batch,LPT_MMUR,43,393.02,5,0,0.0,0,Mill,3,20.0,20.0,20.0,0.0,29.5,95.1,131.2,151.2,20.0,36.1
2026-09-09 15:35:52,identical_batch,LPT_MMUR,43,393.02,5,0,0.0,1,Weld,1,40.0,40.0,40.0,0.0,21.8,200.8,301.4,341.5,40.0,100.7
2026-09-09 15:36:02,identical_batch,LPT_MMUR,44,393.02,0,0,0.0,0,Mill,3,20.0,20.0,20.0,0.0,18.6,31.0,31.0,51.0,20.0,0.0
2026-09-09 15:36:02,identical_batch,LPT_MMUR,44,393.02,0,0,0.0,1,Weld,1,40.0,40.0,40.0,0.0,21.6,101.3,101.3,141.4,40.0,0.0
2026-09-09 15:36:02,identical_batch,LPT_MMUR,44,393.02,1,0,0.0,0,Mill,3,20.0,20.0,20.0,0.0,23.8,43.5,51.0,71.0,20.0,7.5
2026-09-09 15:36:02,identical_batch,LPT_MMUR,44,393.02,1,0,0.0,1,Weld,1,40.0,40.0,40.0,0.0,26.8,113.7,141.4,181.4,40.0,27.7
2026-09-09 15:36:02,identical_batch,LPT_MMUR,44,393.02,2,0,0.0,0,Mill,3,20.0,20.0,20.0,0.0,25.6,53.2,71.0,91.1,20.0,17.8
2026-09-09 15:36:02,identical_batch,LPT_MMUR,44,393.02,2,0,0.0,1,Weld,1,40.0,40.0,40.0,0.0,25.5,140.0,181.4,221.4,40.0,41.4
2026-09-09 15:36:02,identical_batch,LPT_MMUR,44,393.02,3,0,0.0,0,Mill,3,20.0,20.0,20.0,0.0,25.1,61.4,91.1,111.1,20.0,29.7
2026-09-09 15:36:02,identical_batch,LPT_MMUR,44,393.02,3,0,0.0,1,Weld,1,40.0,40.0,40.0,0.0,25.5,159.2,221.4,261.4,40.0,62.2
2026-09-09 15:36:02,identical_batch,LPT_MMUR,44,393.02,4,0,0.0,0,Mill,3,20.0,20.0,20.0,0.0,26.6,72.6,111.1,131.1,20.0,38.5
2026-09-09 15:36:02,identical_batch,LPT_MMUR,44,393.02,4,0,0.0,1,Weld,1,40.0,40.0,40.0,0.0,26.2,186.0,261.4,301.4,40.0,75.4
2026-09-09 15:36:02,identical_batch,LPT_MMUR,44,393.02,5,0,0.0,0,Mill,3,20.0,20.0,20.0,0.0,29.5,95.1,131.2,151.2,20.0,36.1
2026-09-09 15:36:02,identical_batch,LPT_MMUR,44,393.02,5,0,0.0,1,Weld,1,40.0,40.0,40.0,0.0,21.8,200.8,301.4,341.5,40.0,100.7
2026-09-09 15:36:16,single_bottleneck,LPT_MMUR,42,523.78,0,0,0.0,0,Mill,3,20.0,20.0,20.0,0.0,18.6,31.0,31.0,51.0,20.0,0.0
2026-09-09 15:36:16,single_bottleneck,LPT_MMUR,42,523.78,0,0,0.0,1,Weld,1,61.2,61.2,61.2,0.0,27.5,119.2,119.2,180.3,61.2,0.0
2026-09-09 15:36:16,single_bottleneck,LPT_MMUR,42,523.78,1,0,0.0,0,Mill,3,20.0,20.0,20.0,0.0,18.6,38.3,51.0,71.0,20.0,12.7
2026-09-09 15:36:16,single_bottleneck,LPT_MMUR,42,523.78,1,0,0.0,1,Weld,1,12.0,12.0,12.0,0.0,29.4,106.7,106.7,118.8,12.0,0.0
2026-09-09 15:36:16,single_bottleneck,LPT_MMUR,42,523.78,2,0,0.0,0,Mill,3,20.0,20.0,20.0,0.0,20.7,48.3,71.0,91.1,20.0,22.8
2026-09-09 15:36:16,single_bottleneck,LPT_MMUR,42,523.78,2,0,0.0,1,Weld,1,32.0,32.0,32.0,0.0,28.3,141.3,180.3,212.4,32.0,39.0
2026-09-09 15:36:16,single_bottleneck,LPT_MMUR,42,523.78,3,0,0.0,0,Mill,3,20.0,20.0,20.0,0.0,33.7,84.5,91.1,111.1,20.0,6.6
2026-09-09 15:36:16,single_bottleneck,LPT_MMUR,42,523.78,3,0,0.0,1,Weld,1,27.9,27.9,27.9,0.0,36.4,160.6,426.9,454.7,27.9,266.3
2026-09-09 15:36:16,single_bottleneck,LPT_MMUR,42,523.78,4,0,0.0,0,Mill,3,20.0,20.0,20.0,0.0,38.1,98.6,111.1,131.1,20.0,12.5
2026-09-09 15:36:16,single_bottleneck,LPT_MMUR,42,523.78,4,0,0.0,1,Weld,1,68.9,68.9,68.9,0.0,26.0,187.1,212.4,281.3,68.9,25.3
2026-09-09 15:36:16,single_bottleneck,LPT_MMUR,42,523.78,5,0,0.0,0,Mill,3,20.0,20.0,20.0,0.0,35.5,105.7,131.2,151.2,20.0,25.4
2026-09-09 15:36:16,single_bottleneck,LPT_MMUR,42,523.78,5,0,0.0,1,Weld,1,64.1,64.1,64.1,0.0,33.3,207.0,362.7,426.9,64.2,155.7
2026-09-09 15:36:16,single_bottleneck,LPT_MMUR,42,523.78,6,0,0.0,0,Mill,3,20.0,20.0,20.0,0.0,26.6,67.9,151.2,171.2,20.0,83.3
2026-09-09 15:36:16,single_bottleneck,LPT_MMUR,42,523.78,6,0,0.0,1,Weld,1,81.4,81.4,81.4,0.0,25.5,233.1,281.3,362.7,81.4,48.2
2026-09-09 15:36:16,single_bottleneck,LPT_MMUR,42,523.78,7,0,0.0,0,Mill,3,20.0,20.0,20.0,0.0,21.7,58.1,171.2,191.3,20.0,113.2
2026-09-09 15:36:16,single_bottleneck,LPT_MMUR,42,523.78,7,0,0.0,1,Weld,1,17.0,17.0,17.0,0.0,27.8,247.7,454.7,471.7,17.0,207.1
2026-09-09 15:36:30,single_bottleneck,LPT_MMUR,43,523.78,0,0,0.0,0,Mill,3,20.0,20.0,20.0,0.0,18.6,31.0,31.0,51.0,20.0,0.0
2026-09-09 15:36:30,single_bottleneck,LPT_MMUR,43,523.78,0,0,0.0,1,Weld,1,61.2,61.2,61.2,0.0,27.5,119.2,119.2,180.3,61.2,0.0
2026-09-09 15:36:30,single_bottleneck,LPT_MMUR,43,523.78,1,0,0.0,0,Mill,3,20.0,20.0,20.0,0.0,18.6,38.3,51.0,71.0,20.0,12.7
2026-09-09 15:36:30,single_bottleneck,LPT_MMUR,43,523.78,1,0,0.0,1,Weld,1,12.0,12.0,12.0,0.0,29.4,106.7,106.7,118.8,12.0,0.0
2026-09-09 15:36:30,single_bottleneck,LPT_MMUR,43,523.78,2,0,0.0,0,Mill,3,20.0,20.0,20.0,0.0,20.7,48.3,71.0,91.1,20.0,22.8
2026-09-09 15:36:30,single_bottleneck,LPT_MMUR,43,523.78,2,0,0.0,1,Weld,1,32.0,32.0,32.0,0.0,28.3,141.3,180.3,212.4,32.0,39.0
2026-09-09 15:36:30,single_bottleneck,LPT_MMUR,43,523.78,3,0,0.0,0,Mill,3,20.0,20.0,20.0,0.0,33.7,84.5,91.1,111.1,20.0,6.6
2026-09-09 15:36:30,single_bottleneck,LPT_MMUR,43,523.78,3,0,0.0,1,Weld,1,27.9,27.9,27.9,0.0,36.4,160.6,426.9,454.7,27.9,266.3
2026-09-09 15:36:30,single_bottleneck,LPT_MMUR,43,523.78,4,0,0.0,0,Mill,3,20.0,20.0,20.0,0.0,38.1,98.6,111.1,131.1,20.0,12.5
2026-09-09 15:36:30,single_bottleneck,LPT_MMUR,43,523.78,4,0,0.0,1,Weld,1,68.9,68.9,68.9,0.0,26.0,187.1,212.4,281.3,68.9,25.3
2026-09-09 15:36:30,single_bottleneck,LPT_MMUR,43,523.78,5,0,0.0,0,Mill,3,20.0,20.0,20.0,0.0,35.5,105.7,131.2,151.2,20.0,25.4
2026-09-09 15:36:30,single_bottleneck,LPT_MMUR,43,523.78,5,0,0.0,1,Weld,1,64.1,64.1,64.1,0.0,33.3,207.0,362.7,426.9,64.2,155.7
2026-09-09 15:36:30,single_bottleneck,LPT_MMUR,43,523.78,6,0,0.0,0,Mill,3,20.0,20.0,20.0,0.0,26.6,67.9,151.2,171.2,20.0,83.3
2026-09-09 15:36:30,single_bottleneck,LPT_MMUR,43,523.78,6,0,0.0,1,Weld,1,81.4,81.4,81.4,0.0,25.5,233.1,281.3,362.7,81.4,48.2
2026-09-09 15:36:30,single_bottleneck,LPT_MMUR,43,523.78,7,0,0.0,0,Mill,3,20.0,20.0,20.0,0.0,21.7,58.1,171.2,191.3,20.0,113.2
2026-09-09 15:36:30,single_bottleneck,LPT_MMUR,43,523.78,7,0,0.0,1,Weld,1,17.0,17.0,17.0,0.0,27.8,247.7,454.7,471.7,17.0,207.1
2026-09-09 15:36:44,single_bottleneck,LPT_MMUR,44,523.78,0,0,0.0,0,Mill,3,20.0,20.0,20.0,0.0,18.6,31.0,31.0,51.0,20.0,0.0
2026-09-09 15:36:44,single_bottleneck,LPT_MMUR,44,523.78,0,0,0.0,1,Weld,1,61.2,61.2,61.2,0.0,27.5,119.2,119.2,180.3,61.2,0.0
2026-09-09 15:36:44,single_bottleneck,LPT_MMUR,44,523.78,1,0,0.0,0,Mill,3,20.0,20.0,20.0,0.0,18.6,38.3,51.0,71.0,20.0,12.7
2026-09-09 15:36:44,single_bottleneck,LPT_MMUR,44,523.78,1,0,0.0,1,Weld,1,12.0,12.0,12.0,0.0,29.4,106.7,106.7,118.8,12.0,0.0
2026-09-09 15:36:44,single_bottleneck,LPT_MMUR,44,523.78,2,0,0.0,0,Mill,3,20.0,20.0,20.0,0.0,20.7,48.3,71.0,91.1,20.0,22.8
2026-09-09 15:36:44,single_bottleneck,LPT_MMUR,44,523.78,2,0,0.0,1,Weld,1,32.0,32.0,32.0,0.0,28.3,141.3,180.3,212.4,32.0,39.0
2026-09-09 15:36:44,single_bottleneck,LPT_MMUR,44,523.78,3,0,0.0,0,Mill,3,20.0,20.0,20.0,0.0,33.7,84.5,91.1,111.1,20.0,6.6
2026-09-09 15:36:44,single_bottleneck,LPT_MMUR,44,523.78,3,0,0.0,1,Weld,1,27.9,27.9,27.9,0.0,36.4,160.6,426.9,454.7,27.9,266.3
2026-09-09 15:36:44,single_bottleneck,LPT_MMUR,44,523.78,4,0,0.0,0,Mill,3,20.0,20.0,20.0,0.0,38.1,98.6,111.1,131.1,20.0,12.5
2026-09-09 15:36:44,single_bottleneck,LPT_MMUR,44,523.78,4,0,0.0,1,Weld,1,68.9,68.9,68.9,0.0,26.0,187.1,212.4,281.3,68.9,25.3
2026-09-09 15:36:44,single_bottleneck,LPT_MMUR,44,523.78,5,0,0.0,0,Mill,3,20.0,20.0,20.0,0.0,35.5,105.7,131.2,151.2,20.0,25.4
2026-09-09 15:36:44,single_bottleneck,LPT_MMUR,44,523.78,5,0,0.0,1,Weld,1,64.1,64.1,64.1,0.0,33.3,207.0,362.7,426.9,64.2,155.7
2026-09-09 15:36:44,single_bottleneck,LPT_MMUR,44,523.78,6,0,0.0,0,Mill,3,20.0,20.0,20.0,0.0,26.6,67.9,151.2,171.2,20.0,83.3
2026-09-09 15:36:44,single_bottleneck,LPT_MMUR,44,523.78,6,0,0.0,1,Weld,1,81.4,81.4,81.4,0.0,25.5,233.1,281.3,362.7,81.4,48.2
2026-09-09 15:36:44,single_bottleneck,LPT_MMUR,44,523.78,7,0,0.0,0,Mill,3,20.0,20.0,20.0,0.0,21.7,58.1,171.2,191.3,20.0,113.2
2026-09-09 15:36:44,single_bottleneck,LPT_MMUR,44,523.78,7,0,0.0,1,Weld,1,17.0,17.0,17.0,0.0,27.8,247.7,454.7,471.7,17.0,207.1
2026-09-09 15:37:07,sparse_bottleneck_floor,LPT_MMUR,42,804.1,0,0,0.0,0,Mill,3,31.0,31.0,31.0,0.0,18.6,31.2,31.2,62.3,31.0,0.0
2026-09-09 15:37:07,sparse_bottleneck_floor,LPT_MMUR,42,804.1,0,0,0.0,1,Weld,1,16.1,16.1,16.1,0.0,46.4,117.3,117.3,133.5,16.2,0.0
2026-09-09 15:37:07,sparse_bottleneck_floor,LPT_MMUR,42,804.1,0,0,0.0,2,Assemble,3,21.9,21.9,21.9,0.0,41.5,177.2,177.2,199.1,21.9,0.0
2026-09-09 15:37:07,sparse_bottleneck_floor,LPT_MMUR,42,804.1,1,0,0.0,0,Mill,3,20.6,20.6,20.6,0.0,18.6,38.9,395.6,416.2,20.6,356.8
2026-09-09 15:37:07,sparse_bottleneck_floor,LPT_MMUR,42,804.1,1,0,0.0,1,Weld,1,48.1,48.1,48.1,0.0,48.5,508.9,560.7,608.9,48.2,51.8
2026-09-09 15:37:07,sparse_bottleneck_floor,LPT_MMUR,42,804.1,1,0,0.0,2,Assemble,3,31.9,31.9,31.9,0.0,44.3,655.5,655.5,687.4,31.9,0.0
2026-09-09 15:37:07,sparse_bottleneck_floor,LPT_MMUR,42,804.1,2,0,0.0,0,Mill,3,37.3,37.3,37.3,0.0,27.9,69.4,175.9,213.2,37.3,106.6
2026-09-09 15:37:07,sparse_bottleneck_floor,LPT_MMUR,42,804.1,2,0,0.0,1,Weld,1,18.9,18.9,18.9,0.0,48.0,276.3,276.3,295.2,18.9,0.0
2026-09-09 15:37:07,sparse_bottleneck_floor,LPT_MMUR,42,804.1,2,0,0.0,2,Assemble,3,25.6,25.6,25.6,0.0,14.8,319.2,319.2,344.7,25.6,0.0
2026-09-09 15:37:07,sparse_bottleneck_floor,LPT_MMUR,42,804.1,3,0,0.0,0,Mill,3,15.7,15.7,15.7,0.0,19.6,48.7,433.7,449.5,15.8,385.0
2026-09-09 15:37:07,sparse_bottleneck_floor,LPT_MMUR,42,804.1,3,0,0.0,1,Weld,1,24.8,24.8,24.8,0.0,62.3,568.7,633.9,658.7,24.9,65.2
2026-09-09 15:37:07,sparse_bottleneck_floor,LPT_MMUR,42,804.1,3,0,0.0,2,Assemble,3,27.6,27.6,27.6,0.0,49.0,710.7,717.2,744.8,27.7,6.5
2026-09-09 15:37:07,sparse_bottleneck_floor,LPT_MMUR,42,804.1,4,0,0.0,0,Mill,3,15.7,15.7,15.7,0.0,33.4,85.2,449.5,465.2,15.7,364.3
2026-09-09 15:37:07,sparse_bottleneck_floor,LPT_MMUR,42,804.1,4,0,0.0,1,Weld,1,24.0,24.0,24.0,0.0,56.8,574.5,658.8,682.7,24.0,84.3
2026-09-09 15:37:07,sparse_bottleneck_floor,LPT_MMUR,42,804.1,4,0,0.0,2,Assemble,3,31.3,31.3,31.3,0.0,15.8,700.8,700.8,732.1,31.3,0.0
2026-09-09 15:37:07,sparse_bottleneck_floor,LPT_MMUR,42,804.1,5,0,0.0,0,Mill,3,28.6,28.6,28.6,0.0,37.1,99.3,346.2,374.9,28.6,247.0
2026-09-09 15:37:07,sparse_bottleneck_floor,LPT_MMUR,42,804.1,5,0,0.0,1,Weld,1,24.9,24.9,24.9,0.0,50.6,459.7,608.9,633.9,24.9,149.3
2026-09-09 15:37:07,sparse_bottleneck_floor,LPT_MMUR,42,804.1,5,0,0.0,2,Assemble,3,29.7,29.7,29.7,0.0,38.8,678.0,687.4,717.2,29.8,9.4
2026-09-09 15:37:07,sparse_bottleneck_floor,LPT_MMUR,42,804.1,6,0,0.0,0,Mill,3,35.2,35.2,35.2,0.0,22.2,58.9,62.3,97.5,35.3,3.4
2026-09-09 15:37:07,sparse_bottleneck_floor,LPT_MMUR,42,804.1,6,0,0.0,1,Weld,1,15.3,15.3,15.3,0.0,40.4,141.2,141.2,156.6,15.3,0.0
2026-09-09 15:37:07,sparse_bottleneck_floor,LPT_MMUR,42,804.1,6,0,0.0,2,Assemble,3,35.2,35.2,35.2,0.0,48.6,206.7,206.7,241.9,35.2,0.0
2026-09-09 15:37:07,sparse_bottleneck_floor,LPT_MMUR,42,804.1,7,0,0.0,0,Mill,3,32.5,32.5,32.5,0.0,31.1,78.0,284.3,316.7,32.5,206.3
2026-09-09 15:37:07,sparse_bottleneck_floor,LPT_MMUR,42,804.1,7,0,0.0,1,Weld,1,30.3,30.3,30.3,0.0,43.8,380.3,402.4,432.7,30.3,22.1
2026-09-09 15:37:07,sparse_bottleneck_floor,LPT_MMUR,42,804.1,7,0,0.0,2,Assemble,3,18.9,18.9,18.9,0.0,43.3,491.4,491.4,510.3,18.9,0.0
2026-09-09 15:37:07,sparse_bottleneck_floor,LPT_MMUR,42,804.1,8,0,0.0,0,Mill,3,38.9,38.9,38.9,0.0,35.0,92.2,97.6,136.5,39.0,5.3
2026-09-09 15:37:07,sparse_bottleneck_floor,LPT_MMUR,42,804.1,8,0,0.0,1,Weld,1,30.2,30.2,30.2,0.0,46.7,185.0,185.0,215.1,30.2,0.0
2026-09-09 15:37:07,sparse_bottleneck_floor,LPT_MMUR,42,804.1,8,0,0.0,2,Assemble,3,17.3,17.3,17.3,0.0,47.4,277.6,277.6,294.9,17.3,0.0
2026-09-09 15:37:07,sparse_bottleneck_floor,LPT_MMUR,42,804.1,9,0,0.0,0,Mill,3,17.4,17.4,17.4,0.0,40.2,107.9,416.3,433.7,17.4,308.4
2026-09-09 15:37:07,sparse_bottleneck_floor,LPT_MMUR,42,804.1,9,0,0.0,1,Weld,1,53.1,53.1,53.1,0.0,47.4,496.1,507.6,560.7,53.2,11.5
2026-09-09 15:37:07,sparse_bottleneck_floor,LPT_MMUR,42,804.1,9,0,0.0,2,Assemble,3,30.1,30.1,30.1,0.0,39.8,602.7,602.7,632.9,30.1,0.0
2026-09-09 15:37:07,sparse_bottleneck_floor,LPT_MMUR,42,804.1,10,0,0.0,0,Mill,3,35.2,35.2,35.2,0.0,31.6,115.0,249.0,284.2,35.2,134.1
2026-09-09 15:37:07,sparse_bottleneck_floor,LPT_MMUR,42,804.1,10,0,0.0,1,Weld,1,47.8,47.8,47.8,0.0,47.4,354.5,354.5,402.4,47.9,0.0
2026-09-09 15:37:07,sparse_bottleneck_floor,LPT_MMUR,42,804.1,10,0,0.0,2,Assemble,3,28.4,28.4,28.4,0.0,14.8,435.7,435.7,464.1,28.4,0.0
2026-09-09 15:37:07,sparse_bottleneck_floor,LPT_MMUR,42,804.1,11,0,0.0,0,Mill,3,39.3,39.3,39.3,0.0,31.6,122.2,136.5,175.9,39.4,14.4
2026-09-09 15:37:07,sparse_bottleneck_floor,LPT_MMUR,42,804.1,11,0,0.0,1,Weld,1,32.0,32.0,32.0,0.0,42.8,236.3,236.3,268.4,32.1,0.0
2026-09-09 15:37:07,sparse_bottleneck_floor,LPT_MMUR,42,804.1,11,0,0.0,2,Assemble,3,28.8,28.8,28.8,0.0,43.5,314.1,314.1,343.0,28.8,0.0
2026-09-09 15:37:07,sparse_bottleneck_floor,LPT_MMUR,42,804.1,12,0,0.0,0,Mill,3,35.7,35.7,35.7,0.0,31.6,129.2,213.3,249.0,35.8,84.0
2026-09-09 15:37:07,sparse_bottleneck_floor,LPT_MMUR,42,804.1,12,0,0.0,1,Weld,1,42.8,42.8,42.8,0.0,46.9,310.5,310.5,353.4,42.9,0.0
2026-09-09 15:37:07,sparse_bottleneck_floor,LPT_MMUR,42,804.1,12,0,0.0,2,Assemble,3,36.5,36.5,36.5,0.0,16.6,390.8,390.8,427.3,36.6,0.0
2026-09-09 15:37:07,sparse_bottleneck_floor,LPT_MMUR,42,804.1,13,0,0.0,0,Mill,3,29.4,29.4,29.4,0.0,23.0,136.3,316.8,346.2,29.5,180.5
2026-09-09 15:37:07,sparse_bottleneck_floor,LPT_MMUR,42,804.1,13,0,0.0,1,Weld,1,46.7,46.7,46.7,0.0,42.2,408.1,432.7,479.5,46.7,24.7
2026-09-09 15:37:07,sparse_bottleneck_floor,LPT_MMUR,42,804.1,13,0,0.0,2,Assemble,3,16.2,16.2,16.2,0.0,52.4,595.1,595.1,611.3,16.2,0.0
2026-09-09 15:37:07,sparse_bottleneck_floor,LPT_MMUR,42,804.1,14,0,0.0,0,Mill,3,20.7,20.7,20.7,0.0,25.1,145.5,374.9,395.6,20.7,229.4
2026-09-09 15:37:07,sparse_bottleneck_floor,LPT_MMUR,42,804.1,14,0,0.0,1,Weld,1,28.0,28.0,28.0,0.0,40.2,469.8,479.5,507.5,28.0,9.7
2026-09-09 15:37:07,sparse_bottleneck_floor,LPT_MMUR,42,804.1,14,0,0.0,2,Assemble,3,17.0,17.0,17.0,0.0,42.1,565.0,565.0,582.0,17.0,0.0
2026-09-09 15:37:30,sparse_bottleneck_floor,LPT_MMUR,43,804.1,0,0,0.0,0,Mill,3,31.0,31.0,31.0,0.0,18.6,31.2,31.2,62.3,31.0,0.0
2026-09-09 15:37:30,sparse_bottleneck_floor,LPT_MMUR,43,804.1,0,0,0.0,1,Weld,1,16.1,16.1,16.1,0.0,46.4,117.3,117.3,133.5,16.2,0.0
2026-09-09 15:37:30,sparse_bottleneck_floor,LPT_MMUR,43,804.1,0,0,0.0,2,Assemble,3,21.9,21.9,21.9,0.0,41.5,177.2,177.2,199.1,21.9,0.0
2026-09-09 15:37:30,sparse_bottleneck_floor,LPT_MMUR,43,804.1,1,0,0.0,0,Mill,3,20.6,20.6,20.6,0.0,18.6,38.9,395.6,416.2,20.6,356.8
2026-09-09 15:37:30,sparse_bottleneck_floor,LPT_MMUR,43,804.1,1,0,0.0,1,Weld,1,48.1,48.1,48.1,0.0,48.5,508.9,560.7,608.9,48.2,51.8
2026-09-09 15:37:30,sparse_bottleneck_floor,LPT_MMUR,43,804.1,1,0,0.0,2,Assemble,3,31.9,31.9,31.9,0.0,44.3,655.5,655.5,687.4,31.9,0.0
2026-09-09 15:37:30,sparse_bottleneck_floor,LPT_MMUR,43,804.1,2,0,0.0,0,Mill,3,37.3,37.3,37.3,0.0,27.9,69.4,175.9,213.2,37.3,106.6
2026-09-09 15:37:30,sparse_bottleneck_floor,LPT_MMUR,43,804.1,2,0,0.0,1,Weld,1,18.9,18.9,18.9,0.0,48.0,276.3,276.3,295.2,18.9,0.0
2026-09-09 15:37:30,sparse_bottleneck_floor,LPT_MMUR,43,804.1,2,0,0.0,2,Assemble,3,25.6,25.6,25.6,0.0,14.8,319.2,319.2,344.7,25.6,0.0
2026-09-09 15:37:30,sparse_bottleneck_floor,LPT_MMUR,43,804.1,3,0,0.0,0,Mill,3,15.7,15.7,15.7,0.0,19.6,48.7,433.7,449.5,15.8,385.0
2026-09-09 15:37:30,sparse_bottleneck_floor,LPT_MMUR,43,804.1,3,0,0.0,1,Weld,1,24.8,24.8,24.8,0.0,62.3,568.7,633.9,658.7,24.9,65.2
2026-09-09 15:37:30,sparse_bottleneck_floor,LPT_MMUR,43,804.1,3,0,0.0,2,Assemble,3,27.6,27.6,27.6,0.0,49.0,710.7,717.2,744.8,27.7,6.5
2026-09-09 15:37:30,sparse_bottleneck_floor,LPT_MMUR,43,804.1,4,0,0.0,0,Mill,3,15.7,15.7,15.7,0.0,33.4,85.2,449.5,465.2,15.7,364.3
2026-09-09 15:37:30,sparse_bottleneck_floor,LPT_MMUR,43,804.1,4,0,0.0,1,Weld,1,24.0,24.0,24.0,0.0,56.8,574.5,658.8,682.7,24.0,84.3
2026-09-09 15:37:30,sparse_bottleneck_floor,LPT_MMUR,43,804.1,4,0,0.0,2,Assemble,3,31.3,31.3,31.3,0.0,15.8,700.8,700.8,732.1,31.3,0.0
2026-09-09 15:37:30,sparse_bottleneck_floor,LPT_MMUR,43,804.1,5,0,0.0,0,Mill,3,28.6,28.6,28.6,0.0,37.1,99.3,346.2,374.9,28.6,247.0
2026-09-09 15:37:30,sparse_bottleneck_floor,LPT_MMUR,43,804.1,5,0,0.0,1,Weld,1,24.9,24.9,24.9,0.0,50.6,459.7,608.9,633.9,24.9,149.3
2026-09-09 15:37:30,sparse_bottleneck_floor,LPT_MMUR,43,804.1,5,0,0.0,2,Assemble,3,29.7,29.7,29.7,0.0,38.8,678.0,687.4,717.2,29.8,9.4
2026-09-09 15:37:30,sparse_bottleneck_floor,LPT_MMUR,43,804.1,6,0,0.0,0,Mill,3,35.2,35.2,35.2,0.0,22.2,58.9,62.3,97.5,35.3,3.4
2026-09-09 15:37:30,sparse_bottleneck_floor,LPT_MMUR,43,804.1,6,0,0.0,1,Weld,1,15.3,15.3,15.3,0.0,40.4,141.2,141.2,156.6,15.3,0.0
2026-09-09 15:37:30,sparse_bottleneck_floor,LPT_MMUR,43,804.1,6,0,0.0,2,Assemble,3,35.2,35.2,35.2,0.0,48.6,206.7,206.7,241.9,35.2,0.0
2026-09-09 15:37:30,sparse_bottleneck_floor,LPT_MMUR,43,804.1,7,0,0.0,0,Mill,3,32.5,32.5,32.5,0.0,31.1,78.0,284.3,316.7,32.5,206.3
2026-09-09 15:37:30,sparse_bottleneck_floor,LPT_MMUR,43,804.1,7,0,0.0,1,Weld,1,30.3,30.3,30.3,0.0,43.8,380.3,402.4,432.7,30.3,22.1
2026-09-09 15:37:30,sparse_bottleneck_floor,LPT_MMUR,43,804.1,7,0,0.0,2,Assemble,3,18.9,18.9,18.9,0.0,43.3,491.4,491.4,510.3,18.9,0.0
2026-09-09 15:37:30,sparse_bottleneck_floor,LPT_MMUR,43,804.1,8,0,0.0,0,Mill,3,38.9,38.9,38.9,0.0,35.0,92.2,97.6,136.5,39.0,5.3
2026-09-09 15:37:30,sparse_bottleneck_floor,LPT_MMUR,43,804.1,8,0,0.0,1,Weld,1,30.2,30.2,30.2,0.0,46.7,185.0,185.0,215.1,30.2,0.0
2026-09-09 15:37:30,sparse_bottleneck_floor,LPT_MMUR,43,804.1,8,0,0.0,2,Assemble,3,17.3,17.3,17.3,0.0,47.4,277.6,277.6,294.9,17.3,0.0
2026-09-09 15:37:30,sparse_bottleneck_floor,LPT_MMUR,43,804.1,9,0,0.0,0,Mill,3,17.4,17.4,17.4,0.0,40.2,107.9,416.3,433.7,17.4,308.4
2026-09-09 15:37:30,sparse_bottleneck_floor,LPT_MMUR,43,804.1,9,0,0.0,1,Weld,1,53.1,53.1,53.1,0.0,47.4,496.1,507.6,560.7,53.2,11.5
2026-09-09 15:37:30,sparse_bottleneck_floor,LPT_MMUR,43,804.1,9,0,0.0,2,Assemble,3,30.1,30.1,30.1,0.0,39.8,602.7,602.7,632.9,30.1,0.0
2026-09-09 15:37:30,sparse_bottleneck_floor,LPT_MMUR,43,804.1,10,0,0.0,0,Mill,3,35.2,35.2,35.2,0.0,31.6,115.0,249.0,284.2,35.2,134.1
2026-09-09 15:37:30,sparse_bottleneck_floor,LPT_MMUR,43,804.1,10,0,0.0,1,Weld,1,47.8,47.8,47.8,0.0,47.4,354.5,354.5,402.4,47.9,0.0
2026-09-09 15:37:30,sparse_bottleneck_floor,LPT_MMUR,43,804.1,10,0,0.0,2,Assemble,3,28.4,28.4,28.4,0.0,14.8,435.7,435.7,464.1,28.4,0.0
2026-09-09 15:37:30,sparse_bottleneck_floor,LPT_MMUR,43,804.1,11,0,0.0,0,Mill,3,39.3,39.3,39.3,0.0,31.6,122.2,136.5,175.9,39.4,14.4
2026-09-09 15:37:30,sparse_bottleneck_floor,LPT_MMUR,43,804.1,11,0,0.0,1,Weld,1,32.0,32.0,32.0,0.0,42.8,236.3,236.3,268.4,32.1,0.0
2026-09-09 15:37:30,sparse_bottleneck_floor,LPT_MMUR,43,804.1,11,0,0.0,2,Assemble,3,28.8,28.8,28.8,0.0,43.5,314.1,314.1,343.0,28.8,0.0
2026-09-09 15:37:30,sparse_bottleneck_floor,LPT_MMUR,43,804.1,12,0,0.0,0,Mill,3,35.7,35.7,35.7,0.0,31.6,129.2,213.3,249.0,35.8,84.0
2026-09-09 15:37:30,sparse_bottleneck_floor,LPT_MMUR,43,804.1,12,0,0.0,1,Weld,1,42.8,42.8,42.8,0.0,46.9,310.5,310.5,353.4,42.9,0.0
2026-09-09 15:37:30,sparse_bottleneck_floor,LPT_MMUR,43,804.1,12,0,0.0,2,Assemble,3,36.5,36.5,36.5,0.0,16.6,390.8,390.8,427.3,36.6,0.0
2026-09-09 15:37:30,sparse_bottleneck_floor,LPT_MMUR,43,804.1,13,0,0.0,0,Mill,3,29.4,29.4,29.4,0.0,23.0,136.3,316.8,346.2,29.5,180.5
2026-09-09 15:37:30,sparse_bottleneck_floor,LPT_MMUR,43,804.1,13,0,0.0,1,Weld,1,46.7,46.7,46.7,0.0,42.2,408.1,432.7,479.5,46.7,24.7
2026-09-09 15:37:30,sparse_bottleneck_floor,LPT_MMUR,43,804.1,13,0,0.0,2,Assemble,3,16.2,16.2,16.2,0.0,52.4,595.1,595.1,611.3,16.2,0.0
2026-09-09 15:37:30,sparse_bottleneck_floor,LPT_MMUR,43,804.1,14,0,0.0,0,Mill,3,20.7,20.7,20.7,0.0,25.1,145.5,374.9,395.6,20.7,229.4
2026-09-09 15:37:30,sparse_bottleneck_floor,LPT_MMUR,43,804.1,14,0,0.0,1,Weld,1,28.0,28.0,28.0,0.0,40.2,469.8,479.5,507.5,28.0,9.7
2026-09-09 15:37:30,sparse_bottleneck_floor,LPT_MMUR,43,804.1,14,0,0.0,2,Assemble,3,17.0,17.0,17.0,0.0,42.1,565.0,565.0,582.0,17.0,0.0
2026-09-09 15:37:53,sparse_bottleneck_floor,LPT_MMUR,44,804.1,0,0,0.0,0,Mill,3,31.0,31.0,31.0,0.0,18.6,31.2,31.2,62.3,31.0,0.0
2026-09-09 15:37:53,sparse_bottleneck_floor,LPT_MMUR,44,804.1,0,0,0.0,1,Weld,1,16.1,16.1,16.1,0.0,46.4,117.3,117.3,133.5,16.2,0.0
2026-09-09 15:37:53,sparse_bottleneck_floor,LPT_MMUR,44,804.1,0,0,0.0,2,Assemble,3,21.9,21.9,21.9,0.0,41.5,177.2,177.2,199.1,21.9,0.0
2026-09-09 15:37:53,sparse_bottleneck_floor,LPT_MMUR,44,804.1,1,0,0.0,0,Mill,3,20.6,20.6,20.6,0.0,18.6,38.9,395.6,416.2,20.6,356.8
2026-09-09 15:37:53,sparse_bottleneck_floor,LPT_MMUR,44,804.1,1,0,0.0,1,Weld,1,48.1,48.1,48.1,0.0,48.5,508.9,560.7,608.9,48.2,51.8
2026-09-09 15:37:53,sparse_bottleneck_floor,LPT_MMUR,44,804.1,1,0,0.0,2,Assemble,3,31.9,31.9,31.9,0.0,44.3,655.5,655.5,687.4,31.9,0.0
2026-09-09 15:37:53,sparse_bottleneck_floor,LPT_MMUR,44,804.1,2,0,0.0,0,Mill,3,37.3,37.3,37.3,0.0,27.9,69.4,175.9,213.2,37.3,106.6
2026-09-09 15:37:53,sparse_bottleneck_floor,LPT_MMUR,44,804.1,2,0,0.0,1,Weld,1,18.9,18.9,18.9,0.0,48.0,276.3,276.3,295.2,18.9,0.0
2026-09-09 15:37:53,sparse_bottleneck_floor,LPT_MMUR,44,804.1,2,0,0.0,2,Assemble,3,25.6,25.6,25.6,0.0,14.8,319.2,319.2,344.7,25.6,0.0
2026-09-09 15:37:53,sparse_bottleneck_floor,LPT_MMUR,44,804.1,3,0,0.0,0,Mill,3,15.7,15.7,15.7,0.0,19.6,48.7,433.7,449.5,15.8,385.0
2026-09-09 15:37:53,sparse_bottleneck_floor,LPT_MMUR,44,804.1,3,0,0.0,1,Weld,1,24.8,24.8,24.8,0.0,62.3,568.7,633.9,658.7,24.9,65.2
2026-09-09 15:37:53,sparse_bottleneck_floor,LPT_MMUR,44,804.1,3,0,0.0,2,Assemble,3,27.6,27.6,27.6,0.0,49.0,710.7,717.2,744.8,27.7,6.5
2026-09-09 15:37:53,sparse_bottleneck_floor,LPT_MMUR,44,804.1,4,0,0.0,0,Mill,3,15.7,15.7,15.7,0.0,33.4,85.2,449.5,465.2,15.7,364.3
2026-09-09 15:37:53,sparse_bottleneck_floor,LPT_MMUR,44,804.1,4,0,0.0,1,Weld,1,24.0,24.0,24.0,0.0,56.8,574.5,658.8,682.7,24.0,84.3
2026-09-09 15:37:53,sparse_bottleneck_floor,LPT_MMUR,44,804.1,4,0,0.0,2,Assemble,3,31.3,31.3,31.3,0.0,15.8,700.8,700.8,732.1,31.3,0.0
2026-09-09 15:37:53,sparse_bottleneck_floor,LPT_MMUR,44,804.1,5,0,0.0,0,Mill,3,28.6,28.6,28.6,0.0,37.1,99.3,346.2,374.9,28.6,247.0
2026-09-09 15:37:53,sparse_bottleneck_floor,LPT_MMUR,44,804.1,5,0,0.0,1,Weld,1,24.9,24.9,24.9,0.0,50.6,459.7,608.9,633.9,24.9,149.3
2026-09-09 15:37:53,sparse_bottleneck_floor,LPT_MMUR,44,804.1,5,0,0.0,2,Assemble,3,29.7,29.7,29.7,0.0,38.8,678.0,687.4,717.2,29.8,9.4
2026-09-09 15:37:53,sparse_bottleneck_floor,LPT_MMUR,44,804.1,6,0,0.0,0,Mill,3,35.2,35.2,35.2,0.0,22.2,58.9,62.3,97.5,35.3,3.4
2026-09-09 15:37:53,sparse_bottleneck_floor,LPT_MMUR,44,804.1,6,0,0.0,1,Weld,1,15.3,15.3,15.3,0.0,40.4,141.2,141.2,156.6,15.3,0.0
2026-09-09 15:37:53,sparse_bottleneck_floor,LPT_MMUR,44,804.1,6,0,0.0,2,Assemble,3,35.2,35.2,35.2,0.0,48.6,206.7,206.7,241.9,35.2,0.0
2026-09-09 15:37:53,sparse_bottleneck_floor,LPT_MMUR,44,804.1,7,0,0.0,0,Mill,3,32.5,32.5,32.5,0.0,31.1,78.0,284.3,316.7,32.5,206.3
2026-09-09 15:37:53,sparse_bottleneck_floor,LPT_MMUR,44,804.1,7,0,0.0,1,Weld,1,30.3,30.3,30.3,0.0,43.8,380.3,402.4,432.7,30.3,22.1
2026-09-09 15:37:53,sparse_bottleneck_floor,LPT_MMUR,44,804.1,7,0,0.0,2,Assemble,3,18.9,18.9,18.9,0.0,43.3,491.4,491.4,510.3,18.9,0.0
2026-09-09 15:37:53,sparse_bottleneck_floor,LPT_MMUR,44,804.1,8,0,0.0,0,Mill,3,38.9,38.9,38.9,0.0,35.0,92.2,97.6,136.5,39.0,5.3
2026-09-09 15:37:53,sparse_bottleneck_floor,LPT_MMUR,44,804.1,8,0,0.0,1,Weld,1,30.2,30.2,30.2,0.0,46.7,185.0,185.0,215.1,30.2,0.0
2026-09-09 15:37:53,sparse_bottleneck_floor,LPT_MMUR,44,804.1,8,0,0.0,2,Assemble,3,17.3,17.3,17.3,0.0,47.4,277.6,277.6,294.9,17.3,0.0
2026-09-09 15:37:53,sparse_bottleneck_floor,LPT_MMUR,44,804.1,9,0,0.0,0,Mill,3,17.4,17.4,17.4,0.0,40.2,107.9,416.3,433.7,17.4,308.4
2026-09-09 15:37:53,sparse_bottleneck_floor,LPT_MMUR,44,804.1,9,0,0.0,1,Weld,1,53.1,53.1,53.1,0.0,47.4,496.1,507.6,560.7,53.2,11.5
2026-09-09 15:37:53,sparse_bottleneck_floor,LPT_MMUR,44,804.1,9,0,0.0,2,Assemble,3,30.1,30.1,30.1,0.0,39.8,602.7,602.7,632.9,30.1,0.0
2026-09-09 15:37:53,sparse_bottleneck_floor,LPT_MMUR,44,804.1,10,0,0.0,0,Mill,3,35.2,35.2,35.2,0.0,31.6,115.0,249.0,284.2,35.2,134.1
2026-09-09 15:37:53,sparse_bottleneck_floor,LPT_MMUR,44,804.1,10,0,0.0,1,Weld,1,47.8,47.8,47.8,0.0,47.4,354.5,354.5,402.4,47.9,0.0
2026-09-09 15:37:53,sparse_bottleneck_floor,LPT_MMUR,44,804.1,10,0,0.0,2,Assemble,3,28.4,28.4,28.4,0.0,14.8,435.7,435.7,464.1,28.4,0.0
2026-09-09 15:37:53,sparse_bottleneck_floor,LPT_MMUR,44,804.1,11,0,0.0,0,Mill,3,39.3,39.3,39.3,0.0,31.6,122.2,136.5,175.9,39.4,14.4
2026-09-09 15:37:53,sparse_bottleneck_floor,LPT_MMUR,44,804.1,11,0,0.0,1,Weld,1,32.0,32.0,32.0,0.0,42.8,236.3,236.3,268.4,32.1,0.0
2026-09-09 15:37:53,sparse_bottleneck_floor,LPT_MMUR,44,804.1,11,0,0.0,2,Assemble,3,28.8,28.8,28.8,0.0,43.5,314.1,314.1,343.0,28.8,0.0
2026-09-09 15:37:53,sparse_bottleneck_floor,LPT_MMUR,44,804.1,12,0,0.0,0,Mill,3,35.7,35.7,35.7,0.0,31.6,129.2,213.3,249.0,35.8,84.0
2026-09-09 15:37:53,sparse_bottleneck_floor,LPT_MMUR,44,804.1,12,0,0.0,1,Weld,1,42.8,42.8,42.8,0.0,46.9,310.5,310.5,353.4,42.9,0.0
2026-09-09 15:37:53,sparse_bottleneck_floor,LPT_MMUR,44,804.1,12,0,0.0,2,Assemble,3,36.5,36.5,36.5,0.0,16.6,390.8,390.8,427.3,36.6,0.0
2026-09-09 15:37:53,sparse_bottleneck_floor,LPT_MMUR,44,804.1,13,0,0.0,0,Mill,3,29.4,29.4,29.4,0.0,23.0,136.3,316.8,346.2,29.5,180.5
2026-09-09 15:37:53,sparse_bottleneck_floor,LPT_MMUR,44,804.1,13,0,0.0,1,Weld,1,46.7,46.7,46.7,0.0,42.2,408.1,432.7,479.5,46.7,24.7
2026-09-09 15:37:53,sparse_bottleneck_floor,LPT_MMUR,44,804.1,13,0,0.0,2,Assemble,3,16.2,16.2,16.2,0.0,52.4,595.1,595.1,611.3,16.2,0.0
2026-09-09 15:37:53,sparse_bottleneck_floor,LPT_MMUR,44,804.1,14,0,0.0,0,Mill,3,20.7,20.7,20.7,0.0,25.1,145.5,374.9,395.6,20.7,229.4
2026-09-09 15:37:53,sparse_bottleneck_floor,LPT_MMUR,44,804.1,14,0,0.0,1,Weld,1,28.0,28.0,28.0,0.0,40.2,469.8,479.5,507.5,28.0,9.7
2026-09-09 15:37:53,sparse_bottleneck_floor,LPT_MMUR,44,804.1,14,0,0.0,2,Assemble,3,17.0,17.0,17.0,0.0,42.1,565.0,565.0,582.0,17.0,0.0
2026-09-09 15:38:06,two_machine_standoff,LPT_MMUR,42,438.98,0,0,0.0,0,Mill,3,20.0,20.0,20.0,0.0,18.6,31.0,31.0,51.0,20.0,0.0
2026-09-09 15:38:06,two_machine_standoff,LPT_MMUR,42,438.98,0,0,0.0,1,Weld,2,43.8,43.8,43.8,0.0,37.7,97.9,97.9,141.7,43.8,0.0
2026-09-09 15:38:06,two_machine_standoff,LPT_MMUR,42,438.98,1,0,0.0,0,Mill,3,20.0,20.0,20.0,0.0,18.6,38.3,51.0,71.0,20.0,12.7
2026-09-09 15:38:06,two_machine_standoff,LPT_MMUR,42,438.98,1,0,0.0,1,Weld,2,16.1,16.1,16.1,0.0,54.2,129.2,141.7,157.8,16.2,12.5
2026-09-09 15:38:06,two_machine_standoff,LPT_MMUR,42,438.98,2,0,0.0,0,Mill,3,20.0,20.0,20.0,0.0,20.7,48.3,71.0,91.1,20.0,22.8
2026-09-09 15:38:06,two_machine_standoff,LPT_MMUR,42,438.98,2,0,0.0,1,Weld,2,27.4,27.4,27.4,0.0,42.1,202.7,202.7,230.1,27.4,0.0
2026-09-09 15:38:06,two_machine_standoff,LPT_MMUR,42,438.98,3,0,0.0,0,Mill,3,20.0,20.0,20.0,0.0,37.6,88.9,91.1,111.1,20.0,2.2
2026-09-09 15:38:06,two_machine_standoff,LPT_MMUR,42,438.98,3,0,0.0,1,Weld,2,25.0,25.0,25.0,0.0,32.0,144.7,144.7,169.8,25.1,0.0
2026-09-09 15:38:06,two_machine_standoff,LPT_MMUR,42,438.98,4,0,0.0,0,Mill,3,20.0,20.0,20.0,0.0,58.4,119.9,131.2,151.2,20.0,11.2
2026-09-09 15:38:06,two_machine_standoff,LPT_MMUR,42,438.98,4,0,0.0,1,Weld,2,48.1,48.1,48.1,0.0,25.5,178.9,225.0,273.1,48.2,46.1
2026-09-09 15:38:06,two_machine_standoff,LPT_MMUR,42,438.98,5,0,0.0,0,Mill,3,20.0,20.0,20.0,0.0,69.3,140.6,151.2,171.2,20.0,10.6
2026-09-09 15:38:06,two_machine_standoff,LPT_MMUR,42,438.98,5,0,0.0,1,Weld,2,45.5,45.5,45.5,0.0,26.2,266.9,273.1,318.6,45.5,6.2
2026-09-09 15:38:06,two_machine_standoff,LPT_MMUR,42,438.98,6,0,0.0,0,Mill,3,20.0,20.0,20.0,0.0,27.7,68.9,111.1,131.1,20.0,42.2
2026-09-09 15:38:06,two_machine_standoff,LPT_MMUR,42,438.98,6,0,0.0,1,Weld,2,55.2,55.2,55.2,0.0,30.4,163.8,169.8,225.0,55.2,6.0
2026-09-09 15:38:06,two_machine_standoff,LPT_MMUR,42,438.98,7,0,0.0,0,Mill,3,20.0,20.0,20.0,0.0,22.2,58.6,171.2,191.3,20.0,112.6
2026-09-09 15:38:06,two_machine_standoff,LPT_MMUR,42,438.98,7,0,0.0,1,Weld,2,18.9,18.9,18.9,0.0,37.9,231.5,352.6,371.6,18.9,121.2
2026-09-09 15:38:06,two_machine_standoff,LPT_MMUR,42,438.98,8,0,0.0,0,Mill,3,20.0,20.0,20.0,0.0,35.2,81.9,191.3,211.3,20.0,109.4
2026-09-09 15:38:06,two_machine_standoff,LPT_MMUR,42,438.98,8,0,0.0,1,Weld,2,34.0,34.0,34.0,0.0,38.2,251.8,318.6,352.6,34.0,66.8
2026-09-09 15:38:06,two_machine_standoff,LPT_MMUR,42,438.98,9,0,0.0,0,Mill,3,20.0,20.0,20.0,0.0,39.1,96.0,211.3,231.3,20.0,115.4
2026-09-09 15:38:06,two_machine_standoff,LPT_MMUR,42,438.98,9,0,0.0,1,Weld,2,16.3,16.3,16.3,0.0,25.7,259.3,371.6,387.9,16.4,112.2
2026-09-09 15:38:17,two_machine_standoff,LPT_MMUR,43,438.98,0,0,0.0,0,Mill,3,20.0,20.0,20.0,0.0,18.6,31.0,31.0,51.0,20.0,0.0
2026-09-09 15:38:17,two_machine_standoff,LPT_MMUR,43,438.98,0,0,0.0,1,Weld,2,43.8,43.8,43.8,0.0,37.7,97.9,97.9,141.7,43.8,0.0
2026-09-09 15:38:17,two_machine_standoff,LPT_MMUR,43,438.98,1,0,0.0,0,Mill,3,20.0,20.0,20.0,0.0,18.6,38.3,51.0,71.0,20.0,12.7
2026-09-09 15:38:17,two_machine_standoff,LPT_MMUR,43,438.98,1,0,0.0,1,Weld,2,16.1,16.1,16.1,0.0,54.2,129.2,141.7,157.8,16.2,12.5
2026-09-09 15:38:17,two_machine_standoff,LPT_MMUR,43,438.98,2,0,0.0,0,Mill,3,20.0,20.0,20.0,0.0,20.7,48.3,71.0,91.1,20.0,22.8
2026-09-09 15:38:17,two_machine_standoff,LPT_MMUR,43,438.98,2,0,0.0,1,Weld,2,27.4,27.4,27.4,0.0,42.1,202.7,202.7,230.1,27.4,0.0
2026-09-09 15:38:17,two_machine_standoff,LPT_MMUR,43,438.98,3,0,0.0,0,Mill,3,20.0,20.0,20.0,0.0,37.6,88.9,91.1,111.1,20.0,2.2
2026-09-09 15:38:17,two_machine_standoff,LPT_MMUR,43,438.98,3,0,0.0,1,Weld,2,25.0,25.0,25.0,0.0,32.0,144.7,144.7,169.8,25.1,0.0
2026-09-09 15:38:17,two_machine_standoff,LPT_MMUR,43,438.98,4,0,0.0,0,Mill,3,20.0,20.0,20.0,0.0,58.4,119.9,131.2,151.2,20.0,11.2
2026-09-09 15:38:17,two_machine_standoff,LPT_MMUR,43,438.98,4,0,0.0,1,Weld,2,48.1,48.1,48.1,0.0,25.5,178.9,225.0,273.1,48.2,46.1
2026-09-09 15:38:17,two_machine_standoff,LPT_MMUR,43,438.98,5,0,0.0,0,Mill,3,20.0,20.0,20.0,0.0,69.3,140.6,151.2,171.2,20.0,10.6
2026-09-09 15:38:17,two_machine_standoff,LPT_MMUR,43,438.98,5,0,0.0,1,Weld,2,45.5,45.5,45.5,0.0,26.2,266.9,273.1,318.6,45.5,6.2
2026-09-09 15:38:17,two_machine_standoff,LPT_MMUR,43,438.98,6,0,0.0,0,Mill,3,20.0,20.0,20.0,0.0,27.7,68.9,111.1,131.1,20.0,42.2
2026-09-09 15:38:17,two_machine_standoff,LPT_MMUR,43,438.98,6,0,0.0,1,Weld,2,55.2,55.2,55.2,0.0,30.4,163.8,169.8,225.0,55.2,6.0
2026-09-09 15:38:17,two_machine_standoff,LPT_MMUR,43,438.98,7,0,0.0,0,Mill,3,20.0,20.0,20.0,0.0,22.2,58.6,171.2,191.3,20.0,112.6
2026-09-09 15:38:17,two_machine_standoff,LPT_MMUR,43,438.98,7,0,0.0,1,Weld,2,18.9,18.9,18.9,0.0,37.9,231.5,352.6,371.6,18.9,121.2
2026-09-09 15:38:17,two_machine_standoff,LPT_MMUR,43,438.98,8,0,0.0,0,Mill,3,20.0,20.0,20.0,0.0,35.2,81.9,191.3,211.3,20.0,109.4
2026-09-09 15:38:17,two_machine_standoff,LPT_MMUR,43,438.98,8,0,0.0,1,Weld,2,34.0,34.0,34.0,0.0,38.2,251.8,318.6,352.6,34.0,66.8
2026-09-09 15:38:17,two_machine_standoff,LPT_MMUR,43,438.98,9,0,0.0,0,Mill,3,20.0,20.0,20.0,0.0,39.1,96.0,211.3,231.3,20.0,115.4
2026-09-09 15:38:17,two_machine_standoff,LPT_MMUR,43,438.98,9,0,0.0,1,Weld,2,16.3,16.3,16.3,0.0,25.7,259.3,371.6,387.9,16.4,112.2
2026-09-09 15:38:27,two_machine_standoff,LPT_MMUR,44,438.98,0,0,0.0,0,Mill,3,20.0,20.0,20.0,0.0,18.6,31.0,31.0,51.0,20.0,0.0
2026-09-09 15:38:27,two_machine_standoff,LPT_MMUR,44,438.98,0,0,0.0,1,Weld,2,43.8,43.8,43.8,0.0,37.7,97.9,97.9,141.7,43.8,0.0
2026-09-09 15:38:27,two_machine_standoff,LPT_MMUR,44,438.98,1,0,0.0,0,Mill,3,20.0,20.0,20.0,0.0,18.6,38.3,51.0,71.0,20.0,12.7
2026-09-09 15:38:27,two_machine_standoff,LPT_MMUR,44,438.98,1,0,0.0,1,Weld,2,16.1,16.1,16.1,0.0,54.2,129.2,141.7,157.8,16.2,12.5
2026-09-09 15:38:27,two_machine_standoff,LPT_MMUR,44,438.98,2,0,0.0,0,Mill,3,20.0,20.0,20.0,0.0,20.7,48.3,71.0,91.1,20.0,22.8
2026-09-09 15:38:27,two_machine_standoff,LPT_MMUR,44,438.98,2,0,0.0,1,Weld,2,27.4,27.4,27.4,0.0,42.1,202.7,202.7,230.1,27.4,0.0
2026-09-09 15:38:27,two_machine_standoff,LPT_MMUR,44,438.98,3,0,0.0,0,Mill,3,20.0,20.0,20.0,0.0,37.6,88.9,91.1,111.1,20.0,2.2
2026-09-09 15:38:27,two_machine_standoff,LPT_MMUR,44,438.98,3,0,0.0,1,Weld,2,25.0,25.0,25.0,0.0,32.0,144.7,144.7,169.8,25.1,0.0
2026-09-09 15:38:27,two_machine_standoff,LPT_MMUR,44,438.98,4,0,0.0,0,Mill,3,20.0,20.0,20.0,0.0,58.4,119.9,131.2,151.2,20.0,11.2
2026-09-09 15:38:27,two_machine_standoff,LPT_MMUR,44,438.98,4,0,0.0,1,Weld,2,48.1,48.1,48.1,0.0,25.5,178.9,225.0,273.1,48.2,46.1
2026-09-09 15:38:27,two_machine_standoff,LPT_MMUR,44,438.98,5,0,0.0,0,Mill,3,20.0,20.0,20.0,0.0,69.3,140.6,151.2,171.2,20.0,10.6
2026-09-09 15:38:27,two_machine_standoff,LPT_MMUR,44,438.98,5,0,0.0,1,Weld,2,45.5,45.5,45.5,0.0,26.2,266.9,273.1,318.6,45.5,6.2
2026-09-09 15:38:27,two_machine_standoff,LPT_MMUR,44,438.98,6,0,0.0,0,Mill,3,20.0,20.0,20.0,0.0,27.7,68.9,111.1,131.1,20.0,42.2
2026-09-09 15:38:27,two_machine_standoff,LPT_MMUR,44,438.98,6,0,0.0,1,Weld,2,55.2,55.2,55.2,0.0,30.4,163.8,169.8,225.0,55.2,6.0
2026-09-09 15:38:27,two_machine_standoff,LPT_MMUR,44,438.98,7,0,0.0,0,Mill,3,20.0,20.0,20.0,0.0,22.2,58.6,171.2,191.3,20.0,112.6
2026-09-09 15:38:27,two_machine_standoff,LPT_MMUR,44,438.98,7,0,0.0,1,Weld,2,18.9,18.9,18.9,0.0,37.9,231.5,352.6,371.6,18.9,121.2
2026-09-09 15:38:27,two_machine_standoff,LPT_MMUR,44,438.98,8,0,0.0,0,Mill,3,20.0,20.0,20.0,0.0,35.2,81.9,191.3,211.3,20.0,109.4
2026-09-09 15:38:27,two_machine_standoff,LPT_MMUR,44,438.98,8,0,0.0,1,Weld,2,34.0,34.0,34.0,0.0,38.2,251.8,318.6,352.6,34.0,66.8
2026-09-09 15:38:27,two_machine_standoff,LPT_MMUR,44,438.98,9,0,0.0,0,Mill,3,20.0,20.0,20.0,0.0,39.1,96.0,211.3,231.3,20.0,115.4
2026-09-09 15:38:27,two_machine_standoff,LPT_MMUR,44,438.98,9,0,0.0,1,Weld,2,16.3,16.3,16.3,0.0,25.7,259.3,371.6,387.9,16.4,112.2
2026-09-09 15:38:34,zero_contention,LPT_MMUR,42,268.82,0,0,0.0,0,Mill,1,39.2,39.2,39.2,0.0,18.6,31.0,31.0,70.2,39.2,0.0
2026-09-09 15:38:34,zero_contention,LPT_MMUR,42,268.82,0,0,0.0,1,Lathe,1,20.8,20.8,20.8,0.0,20.7,116.5,116.5,137.2,20.8,0.0
2026-09-09 15:38:34,zero_contention,LPT_MMUR,42,268.82,0,0,0.0,2,Weld,1,28.3,28.3,28.3,0.0,20.8,171.1,171.1,199.3,28.3,0.0
2026-09-09 15:38:34,zero_contention,LPT_MMUR,42,268.82,1,0,0.0,0,Mill,1,26.7,26.7,26.7,0.0,16.8,36.6,36.6,63.3,26.7,0.0
2026-09-09 15:38:34,zero_contention,LPT_MMUR,42,268.82,1,0,0.0,1,Lathe,1,42.1,42.1,42.1,0.0,20.8,98.4,98.4,140.6,42.1,0.0
2026-09-09 15:38:34,zero_contention,LPT_MMUR,42,268.82,1,0,0.0,2,Weld,1,40.3,40.3,40.3,0.0,20.6,177.0,177.0,217.3,40.3,0.0
2026-09-09 15:38:34,zero_contention,LPT_MMUR,42,268.82,2,0,0.0,0,Mill,1,46.8,46.8,46.8,0.0,43.3,70.9,70.9,117.7,46.8,0.0
2026-09-09 15:38:34,zero_contention,LPT_MMUR,42,268.82,2,0,0.0,1,Lathe,1,22.6,22.6,22.6,0.0,4.7,124.6,124.6,147.2,22.6,0.0
2026-09-09 15:38:34,zero_contention,LPT_MMUR,42,268.82,2,0,0.0,2,Weld,1,32.7,32.7,32.7,0.0,13.0,168.7,168.7,201.4,32.7,0.0
2026-09-09 15:38:40,zero_contention,LPT_MMUR,43,268.82,0,0,0.0,0,Mill,1,39.2,39.2,39.2,0.0,18.6,31.0,31.0,70.2,39.2,0.0
2026-09-09 15:38:40,zero_contention,LPT_MMUR,43,268.82,0,0,0.0,1,Lathe,1,20.8,20.8,20.8,0.0,20.7,116.5,116.5,137.2,20.8,0.0
2026-09-09 15:38:40,zero_contention,LPT_MMUR,43,268.82,0,0,0.0,2,Weld,1,28.3,28.3,28.3,0.0,20.8,171.1,171.1,199.3,28.3,0.0
2026-09-09 15:38:40,zero_contention,LPT_MMUR,43,268.82,1,0,0.0,0,Mill,1,26.7,26.7,26.7,0.0,16.8,36.6,36.6,63.3,26.7,0.0
2026-09-09 15:38:40,zero_contention,LPT_MMUR,43,268.82,1,0,0.0,1,Lathe,1,42.1,42.1,42.1,0.0,20.8,98.4,98.4,140.6,42.1,0.0
2026-09-09 15:38:40,zero_contention,LPT_MMUR,43,268.82,1,0,0.0,2,Weld,1,40.3,40.3,40.3,0.0,20.6,177.0,177.0,217.3,40.3,0.0
2026-09-09 15:38:40,zero_contention,LPT_MMUR,43,268.82,2,0,0.0,0,Mill,1,46.8,46.8,46.8,0.0,43.3,70.9,70.9,117.7,46.8,0.0
2026-09-09 15:38:40,zero_contention,LPT_MMUR,43,268.82,2,0,0.0,1,Lathe,1,22.6,22.6,22.6,0.0,4.7,124.6,124.6,147.2,22.6,0.0
2026-09-09 15:38:40,zero_contention,LPT_MMUR,43,268.82,2,0,0.0,2,Weld,1,32.7,32.7,32.7,0.0,13.0,168.7,168.7,201.4,32.7,0.0
2026-09-09 15:38:45,zero_contention,LPT_MMUR,44,268.82,0,0,0.0,0,Mill,1,39.2,39.2,39.2,0.0,18.6,31.0,31.0,70.2,39.2,0.0
2026-09-09 15:38:45,zero_contention,LPT_MMUR,44,268.82,0,0,0.0,1,Lathe,1,20.8,20.8,20.8,0.0,20.7,116.5,116.5,137.2,20.8,0.0
2026-09-09 15:38:45,zero_contention,LPT_MMUR,44,268.82,0,0,0.0,2,Weld,1,28.3,28.3,28.3,0.0,20.8,171.1,171.1,199.3,28.3,0.0
2026-09-09 15:38:45,zero_contention,LPT_MMUR,44,268.82,1,0,0.0,0,Mill,1,26.7,26.7,26.7,0.0,16.8,36.6,36.6,63.3,26.7,0.0
2026-09-09 15:38:45,zero_contention,LPT_MMUR,44,268.82,1,0,0.0,1,Lathe,1,42.1,42.1,42.1,0.0,20.8,98.4,98.4,140.6,42.1,0.0
2026-09-09 15:38:45,zero_contention,LPT_MMUR,44,268.82,1,0,0.0,2,Weld,1,40.3,40.3,40.3,0.0,20.6,177.0,177.0,217.3,40.3,0.0
2026-09-09 15:38:45,zero_contention,LPT_MMUR,44,268.82,2,0,0.0,0,Mill,1,46.8,46.8,46.8,0.0,43.3,70.9,70.9,117.7,46.8,0.0
2026-09-09 15:38:45,zero_contention,LPT_MMUR,44,268.82,2,0,0.0,1,Lathe,1,22.6,22.6,22.6,0.0,4.7,124.6,124.6,147.2,22.6,0.0
2026-09-09 15:38:45,zero_contention,LPT_MMUR,44,268.82,2,0,0.0,2,Weld,1,32.7,32.7,32.7,0.0,13.0,168.7,168.7,201.4,32.7,0.0
2026-09-09 15:28:59,bimodal_mix,LPT_SMPT,42,807.24,0,0,0.0,0,Weld,1,150.0,150.0,150.0,0.0,13.2,25.6,25.6,175.6,150.0,0.0
2026-09-09 15:28:59,bimodal_mix,LPT_SMPT,42,807.24,1,0,0.0,0,Weld,1,150.0,150.0,150.0,0.0,13.5,33.2,175.6,325.7,150.0,142.4
2026-09-09 15:28:59,bimodal_mix,LPT_SMPT,42,807.24,2,0,5.0,0,Weld,1,10.3,10.3,10.3,0.0,13.2,40.9,421.0,431.3,10.3,380.2
2026-09-09 15:28:59,bimodal_mix,LPT_SMPT,42,807.24,3,0,13.0,0,Weld,1,9.1,9.1,9.1,0.0,18.2,64.5,594.7,603.7,9.1,530.1
2026-09-09 15:28:59,bimodal_mix,LPT_SMPT,42,807.24,4,0,21.0,0,Weld,1,9.6,9.6,9.6,0.0,13.2,50.0,501.2,510.8,9.6,451.2
2026-09-09 15:28:59,bimodal_mix,LPT_SMPT,42,807.24,5,0,29.0,0,Weld,1,9.5,9.5,9.5,0.0,27.3,94.5,510.8,520.3,9.5,416.3
2026-09-09 15:28:59,bimodal_mix,LPT_SMPT,42,807.24,6,0,37.0,0,Weld,1,10.5,10.5,10.5,0.0,23.1,79.9,379.4,389.9,10.5,299.5
2026-09-09 15:28:59,bimodal_mix,LPT_SMPT,42,807.24,7,0,45.0,0,Weld,1,10.4,10.4,10.4,0.0,20.2,72.2,400.3,410.7,10.4,328.1
2026-09-09 15:28:59,bimodal_mix,LPT_SMPT,42,807.24,8,0,53.0,0,Weld,1,10.8,10.8,10.8,0.0,48.6,110.9,336.6,347.4,10.8,225.7
2026-09-09 15:28:59,bimodal_mix,LPT_SMPT,42,807.24,9,0,61.0,0,Weld,1,9.2,9.2,9.2,0.0,53.1,125.7,576.4,585.6,9.2,450.7
2026-09-09 15:28:59,bimodal_mix,LPT_SMPT,42,807.24,10,0,69.0,0,Weld,1,9.8,9.8,9.8,0.0,55.1,133.2,471.9,481.8,9.9,338.7
2026-09-09 15:28:59,bimodal_mix,LPT_SMPT,42,807.24,11,0,77.0,0,Weld,1,9.1,9.1,9.1,0.0,31.7,121.0,585.6,594.7,9.1,464.5
2026-09-09 15:28:59,bimodal_mix,LPT_SMPT,42,807.24,12,0,85.0,0,Weld,1,9.4,9.4,9.4,0.0,34.0,128.8,520.3,529.7,9.5,391.5
2026-09-09 15:28:59,bimodal_mix,LPT_SMPT,42,807.24,13,0,93.0,0,Weld,1,10.0,10.0,10.0,0.0,20.0,144.0,461.9,471.9,10.0,317.9
2026-09-09 15:28:59,bimodal_mix,LPT_SMPT,42,807.24,14,0,101.0,0,Weld,1,9.1,9.1,9.1,0.0,31.2,136.3,603.7,612.8,9.1,467.5
2026-09-09 15:28:59,bimodal_mix,LPT_SMPT,42,807.24,15,0,109.0,0,Weld,1,9.4,9.4,9.4,0.0,22.8,159.4,539.2,548.6,9.4,379.8
2026-09-09 15:28:59,bimodal_mix,LPT_SMPT,42,807.24,16,0,117.0,0,Weld,1,10.3,10.3,10.3,0.0,20.0,151.7,410.7,421.0,10.3,259.0
2026-09-09 15:28:59,bimodal_mix,LPT_SMPT,42,807.24,17,0,125.0,0,Weld,1,10.1,10.1,10.1,0.0,34.8,187.1,451.8,461.9,10.1,264.6
2026-09-09 15:28:59,bimodal_mix,LPT_SMPT,42,807.24,18,0,133.0,0,Weld,1,9.4,9.4,9.4,0.0,24.9,167.0,529.7,539.2,9.5,362.8
2026-09-09 15:28:59,bimodal_mix,LPT_SMPT,42,807.24,19,0,141.0,0,Weld,1,10.2,10.2,10.2,0.0,27.0,174.5,441.6,451.8,10.2,267.1
2026-09-09 15:28:59,bimodal_mix,LPT_SMPT,42,807.24,20,0,149.0,0,Weld,1,10.6,10.6,10.6,0.0,36.9,194.7,358.1,368.8,10.6,163.4
2026-09-09 15:28:59,bimodal_mix,LPT_SMPT,42,807.24,21,0,157.0,0,Weld,1,9.0,9.0,9.0,0.0,39.7,214.5,612.8,621.9,9.0,398.3
2026-09-09 15:28:59,bimodal_mix,LPT_SMPT,42,807.24,22,0,165.0,0,Weld,1,10.6,10.6,10.6,0.0,36.9,206.9,368.8,379.4,10.6,161.9
2026-09-09 15:28:59,bimodal_mix,LPT_SMPT,42,807.24,23,0,173.0,0,Weld,1,10.4,10.4,10.4,0.0,42.1,222.2,389.9,400.3,10.4,167.7
2026-09-09 15:28:59,bimodal_mix,LPT_SMPT,42,807.24,24,0,181.0,0,Weld,1,9.7,9.7,9.7,0.0,39.0,252.2,481.8,491.5,9.7,229.6
2026-09-09 15:28:59,bimodal_mix,LPT_SMPT,42,807.24,25,0,189.0,0,Weld,1,9.3,9.3,9.3,0.0,36.9,237.0,548.6,557.9,9.3,311.6
2026-09-09 15:28:59,bimodal_mix,LPT_SMPT,42,807.24,26,0,197.0,0,Weld,1,10.9,10.9,10.9,0.0,36.9,244.6,325.7,336.6,10.9,81.1
2026-09-09 15:28:59,bimodal_mix,LPT_SMPT,42,807.24,27,0,205.0,0,Weld,1,9.7,9.7,9.7,0.0,39.5,259.7,491.5,501.2,9.7,231.8
2026-09-09 15:28:59,bimodal_mix,LPT_SMPT,42,807.24,28,0,213.0,0,Weld,1,9.2,9.2,9.2,0.0,39.5,267.3,557.9,567.2,9.2,290.7
2026-09-09 15:28:59,bimodal_mix,LPT_SMPT,42,807.24,29,0,221.0,0,Weld,1,9.2,9.2,9.2,0.0,39.0,275.0,567.2,576.4,9.2,292.2
2026-09-09 15:28:59,bimodal_mix,LPT_SMPT,42,807.24,30,0,229.0,0,Weld,1,10.7,10.7,10.7,0.0,37.9,290.5,347.4,358.1,10.7,56.9
2026-09-09 15:28:59,bimodal_mix,LPT_SMPT,42,807.24,31,0,237.0,0,Weld,1,10.2,10.2,10.2,0.0,35.1,282.8,431.3,441.6,10.2,148.6
2026-09-09 15:29:22,bimodal_mix,LPT_SMPT,43,807.24,0,0,0.0,0,Weld,1,150.0,150.0,150.0,0.0,13.2,25.6,25.6,175.6,150.0,0.0
2026-09-09 15:29:22,bimodal_mix,LPT_SMPT,43,807.24,1,0,0.0,0,Weld,1,150.0,150.0,150.0,0.0,13.5,33.2,175.6,325.7,150.0,142.4
2026-09-09 15:29:22,bimodal_mix,LPT_SMPT,43,807.24,2,0,5.0,0,Weld,1,10.3,10.3,10.3,0.0,13.2,40.9,421.0,431.3,10.3,380.2
2026-09-09 15:29:22,bimodal_mix,LPT_SMPT,43,807.24,3,0,13.0,0,Weld,1,9.1,9.1,9.1,0.0,18.2,64.5,594.7,603.7,9.1,530.1
2026-09-09 15:29:22,bimodal_mix,LPT_SMPT,43,807.24,4,0,21.0,0,Weld,1,9.6,9.6,9.6,0.0,13.2,50.0,501.2,510.8,9.6,451.2
2026-09-09 15:29:22,bimodal_mix,LPT_SMPT,43,807.24,5,0,29.0,0,Weld,1,9.5,9.5,9.5,0.0,27.3,94.5,510.8,520.3,9.5,416.3
2026-09-09 15:29:22,bimodal_mix,LPT_SMPT,43,807.24,6,0,37.0,0,Weld,1,10.5,10.5,10.5,0.0,23.1,79.9,379.4,389.9,10.5,299.5
2026-09-09 15:29:22,bimodal_mix,LPT_SMPT,43,807.24,7,0,45.0,0,Weld,1,10.4,10.4,10.4,0.0,20.2,72.2,400.3,410.7,10.4,328.1
2026-09-09 15:29:22,bimodal_mix,LPT_SMPT,43,807.24,8,0,53.0,0,Weld,1,10.8,10.8,10.8,0.0,48.6,110.9,336.6,347.4,10.8,225.7
2026-09-09 15:29:22,bimodal_mix,LPT_SMPT,43,807.24,9,0,61.0,0,Weld,1,9.2,9.2,9.2,0.0,53.1,125.7,576.4,585.6,9.2,450.7
2026-09-09 15:29:22,bimodal_mix,LPT_SMPT,43,807.24,10,0,69.0,0,Weld,1,9.8,9.8,9.8,0.0,55.1,133.2,471.9,481.8,9.9,338.7
2026-09-09 15:29:22,bimodal_mix,LPT_SMPT,43,807.24,11,0,77.0,0,Weld,1,9.1,9.1,9.1,0.0,31.7,121.0,585.6,594.7,9.1,464.5
2026-09-09 15:29:22,bimodal_mix,LPT_SMPT,43,807.24,12,0,85.0,0,Weld,1,9.4,9.4,9.4,0.0,34.0,128.8,520.3,529.7,9.5,391.5
2026-09-09 15:29:22,bimodal_mix,LPT_SMPT,43,807.24,13,0,93.0,0,Weld,1,10.0,10.0,10.0,0.0,20.0,144.0,461.9,471.9,10.0,317.9
2026-09-09 15:29:22,bimodal_mix,LPT_SMPT,43,807.24,14,0,101.0,0,Weld,1,9.1,9.1,9.1,0.0,31.2,136.3,603.7,612.8,9.1,467.5
2026-09-09 15:29:22,bimodal_mix,LPT_SMPT,43,807.24,15,0,109.0,0,Weld,1,9.4,9.4,9.4,0.0,22.8,159.4,539.2,548.6,9.4,379.8
2026-09-09 15:29:22,bimodal_mix,LPT_SMPT,43,807.24,16,0,117.0,0,Weld,1,10.3,10.3,10.3,0.0,20.0,151.7,410.7,421.0,10.3,259.0
2026-09-09 15:29:22,bimodal_mix,LPT_SMPT,43,807.24,17,0,125.0,0,Weld,1,10.1,10.1,10.1,0.0,34.8,187.1,451.8,461.9,10.1,264.6
2026-09-09 15:29:22,bimodal_mix,LPT_SMPT,43,807.24,18,0,133.0,0,Weld,1,9.4,9.4,9.4,0.0,24.9,167.0,529.7,539.2,9.5,362.8
2026-09-09 15:29:22,bimodal_mix,LPT_SMPT,43,807.24,19,0,141.0,0,Weld,1,10.2,10.2,10.2,0.0,27.0,174.5,441.6,451.8,10.2,267.1
2026-09-09 15:29:22,bimodal_mix,LPT_SMPT,43,807.24,20,0,149.0,0,Weld,1,10.6,10.6,10.6,0.0,36.9,194.7,358.1,368.8,10.6,163.4
2026-09-09 15:29:22,bimodal_mix,LPT_SMPT,43,807.24,21,0,157.0,0,Weld,1,9.0,9.0,9.0,0.0,39.7,214.5,612.8,621.9,9.0,398.3
2026-09-09 15:29:22,bimodal_mix,LPT_SMPT,43,807.24,22,0,165.0,0,Weld,1,10.6,10.6,10.6,0.0,36.9,206.9,368.8,379.4,10.6,161.9
2026-09-09 15:29:22,bimodal_mix,LPT_SMPT,43,807.24,23,0,173.0,0,Weld,1,10.4,10.4,10.4,0.0,42.1,222.2,389.9,400.3,10.4,167.7
2026-09-09 15:29:22,bimodal_mix,LPT_SMPT,43,807.24,24,0,181.0,0,Weld,1,9.7,9.7,9.7,0.0,39.0,252.2,481.8,491.5,9.7,229.6
2026-09-09 15:29:22,bimodal_mix,LPT_SMPT,43,807.24,25,0,189.0,0,Weld,1,9.3,9.3,9.3,0.0,36.9,237.0,548.6,557.9,9.3,311.6
2026-09-09 15:29:22,bimodal_mix,LPT_SMPT,43,807.24,26,0,197.0,0,Weld,1,10.9,10.9,10.9,0.0,36.9,244.6,325.7,336.6,10.9,81.1
2026-09-09 15:29:22,bimodal_mix,LPT_SMPT,43,807.24,27,0,205.0,0,Weld,1,9.7,9.7,9.7,0.0,39.5,259.7,491.5,501.2,9.7,231.8
2026-09-09 15:29:22,bimodal_mix,LPT_SMPT,43,807.24,28,0,213.0,0,Weld,1,9.2,9.2,9.2,0.0,39.5,267.3,557.9,567.2,9.2,290.7
2026-09-09 15:29:22,bimodal_mix,LPT_SMPT,43,807.24,29,0,221.0,0,Weld,1,9.2,9.2,9.2,0.0,39.0,275.0,567.2,576.4,9.2,292.2
2026-09-09 15:29:22,bimodal_mix,LPT_SMPT,43,807.24,30,0,229.0,0,Weld,1,10.7,10.7,10.7,0.0,37.9,290.5,347.4,358.1,10.7,56.9
2026-09-09 15:29:22,bimodal_mix,LPT_SMPT,43,807.24,31,0,237.0,0,Weld,1,10.2,10.2,10.2,0.0,35.1,282.8,431.3,441.6,10.2,148.6
2026-09-09 15:29:45,bimodal_mix,LPT_SMPT,44,807.24,0,0,0.0,0,Weld,1,150.0,150.0,150.0,0.0,13.2,25.6,25.6,175.6,150.0,0.0
2026-09-09 15:29:45,bimodal_mix,LPT_SMPT,44,807.24,1,0,0.0,0,Weld,1,150.0,150.0,150.0,0.0,13.5,33.2,175.6,325.7,150.0,142.4
2026-09-09 15:29:45,bimodal_mix,LPT_SMPT,44,807.24,2,0,5.0,0,Weld,1,10.3,10.3,10.3,0.0,13.2,40.9,421.0,431.3,10.3,380.2
2026-09-09 15:29:45,bimodal_mix,LPT_SMPT,44,807.24,3,0,13.0,0,Weld,1,9.1,9.1,9.1,0.0,18.2,64.5,594.7,603.7,9.1,530.1
2026-09-09 15:29:45,bimodal_mix,LPT_SMPT,44,807.24,4,0,21.0,0,Weld,1,9.6,9.6,9.6,0.0,13.2,50.0,501.2,510.8,9.6,451.2
2026-09-09 15:29:45,bimodal_mix,LPT_SMPT,44,807.24,5,0,29.0,0,Weld,1,9.5,9.5,9.5,0.0,27.3,94.5,510.8,520.3,9.5,416.3
2026-09-09 15:29:45,bimodal_mix,LPT_SMPT,44,807.24,6,0,37.0,0,Weld,1,10.5,10.5,10.5,0.0,23.1,79.9,379.4,389.9,10.5,299.5
2026-09-09 15:29:45,bimodal_mix,LPT_SMPT,44,807.24,7,0,45.0,0,Weld,1,10.4,10.4,10.4,0.0,20.2,72.2,400.3,410.7,10.4,328.1
2026-09-09 15:29:45,bimodal_mix,LPT_SMPT,44,807.24,8,0,53.0,0,Weld,1,10.8,10.8,10.8,0.0,48.6,110.9,336.6,347.4,10.8,225.7
2026-09-09 15:29:45,bimodal_mix,LPT_SMPT,44,807.24,9,0,61.0,0,Weld,1,9.2,9.2,9.2,0.0,53.1,125.7,576.4,585.6,9.2,450.7
2026-09-09 15:29:45,bimodal_mix,LPT_SMPT,44,807.24,10,0,69.0,0,Weld,1,9.8,9.8,9.8,0.0,55.1,133.2,471.9,481.8,9.9,338.7
2026-09-09 15:29:45,bimodal_mix,LPT_SMPT,44,807.24,11,0,77.0,0,Weld,1,9.1,9.1,9.1,0.0,31.7,121.0,585.6,594.7,9.1,464.5
2026-09-09 15:29:45,bimodal_mix,LPT_SMPT,44,807.24,12,0,85.0,0,Weld,1,9.4,9.4,9.4,0.0,34.0,128.8,520.3,529.7,9.5,391.5
2026-09-09 15:29:45,bimodal_mix,LPT_SMPT,44,807.24,13,0,93.0,0,Weld,1,10.0,10.0,10.0,0.0,20.0,144.0,461.9,471.9,10.0,317.9
2026-09-09 15:29:45,bimodal_mix,LPT_SMPT,44,807.24,14,0,101.0,0,Weld,1,9.1,9.1,9.1,0.0,31.2,136.3,603.7,612.8,9.1,467.5
2026-09-09 15:29:45,bimodal_mix,LPT_SMPT,44,807.24,15,0,109.0,0,Weld,1,9.4,9.4,9.4,0.0,22.8,159.4,539.2,548.6,9.4,379.8
2026-09-09 15:29:45,bimodal_mix,LPT_SMPT,44,807.24,16,0,117.0,0,Weld,1,10.3,10.3,10.3,0.0,20.0,151.7,410.7,421.0,10.3,259.0
2026-09-09 15:29:45,bimodal_mix,LPT_SMPT,44,807.24,17,0,125.0,0,Weld,1,10.1,10.1,10.1,0.0,34.8,187.1,451.8,461.9,10.1,264.6
2026-09-09 15:29:45,bimodal_mix,LPT_SMPT,44,807.24,18,0,133.0,0,Weld,1,9.4,9.4,9.4,0.0,24.9,167.0,529.7,539.2,9.5,362.8
2026-09-09 15:29:45,bimodal_mix,LPT_SMPT,44,807.24,19,0,141.0,0,Weld,1,10.2,10.2,10.2,0.0,27.0,174.5,441.6,451.8,10.2,267.1
2026-09-09 15:29:45,bimodal_mix,LPT_SMPT,44,807.24,20,0,149.0,0,Weld,1,10.6,10.6,10.6,0.0,36.9,194.7,358.1,368.8,10.6,163.4
2026-09-09 15:29:45,bimodal_mix,LPT_SMPT,44,807.24,21,0,157.0,0,Weld,1,9.0,9.0,9.0,0.0,39.7,214.5,612.8,621.9,9.0,398.3
2026-09-09 15:29:45,bimodal_mix,LPT_SMPT,44,807.24,22,0,165.0,0,Weld,1,10.6,10.6,10.6,0.0,36.9,206.9,368.8,379.4,10.6,161.9
2026-09-09 15:29:45,bimodal_mix,LPT_SMPT,44,807.24,23,0,173.0,0,Weld,1,10.4,10.4,10.4,0.0,42.1,222.2,389.9,400.3,10.4,167.7
2026-09-09 15:29:45,bimodal_mix,LPT_SMPT,44,807.24,24,0,181.0,0,Weld,1,9.7,9.7,9.7,0.0,39.0,252.2,481.8,491.5,9.7,229.6
2026-09-09 15:29:45,bimodal_mix,LPT_SMPT,44,807.24,25,0,189.0,0,Weld,1,9.3,9.3,9.3,0.0,36.9,237.0,548.6,557.9,9.3,311.6
2026-09-09 15:29:45,bimodal_mix,LPT_SMPT,44,807.24,26,0,197.0,0,Weld,1,10.9,10.9,10.9,0.0,36.9,244.6,325.7,336.6,10.9,81.1
2026-09-09 15:29:45,bimodal_mix,LPT_SMPT,44,807.24,27,0,205.0,0,Weld,1,9.7,9.7,9.7,0.0,39.5,259.7,491.5,501.2,9.7,231.8
2026-09-09 15:29:45,bimodal_mix,LPT_SMPT,44,807.24,28,0,213.0,0,Weld,1,9.2,9.2,9.2,0.0,39.5,267.3,557.9,567.2,9.2,290.7
2026-09-09 15:29:45,bimodal_mix,LPT_SMPT,44,807.24,29,0,221.0,0,Weld,1,9.2,9.2,9.2,0.0,39.0,275.0,567.2,576.4,9.2,292.2
2026-09-09 15:29:45,bimodal_mix,LPT_SMPT,44,807.24,30,0,229.0,0,Weld,1,10.7,10.7,10.7,0.0,37.9,290.5,347.4,358.1,10.7,56.9
2026-09-09 15:29:45,bimodal_mix,LPT_SMPT,44,807.24,31,0,237.0,0,Weld,1,10.2,10.2,10.2,0.0,35.1,282.8,431.3,441.6,10.2,148.6
2026-09-09 15:30:59,compound_scenario,LPT_SMPT,42,2757.36,0,0,0.0,0,Mill,1,39.2,39.2,39.2,0.0,18.6,31.0,31.0,70.2,39.2,0.0
2026-09-09 15:30:59,compound_scenario,LPT_SMPT,42,2757.36,0,0,0.0,1,Lathe,1,20.8,20.8,20.8,0.0,20.7,105.8,105.8,126.6,20.8,0.0
2026-09-09 15:30:59,compound_scenario,LPT_SMPT,42,2757.36,0,0,0.0,2,Weld,1,28.3,28.3,28.3,0.0,21.5,162.5,162.5,190.8,28.3,0.0
2026-09-09 15:30:59,compound_scenario,LPT_SMPT,42,2757.36,1,0,60.0,0,Mill,1,26.7,26.7,26.7,0.0,16.8,93.0,93.0,119.7,26.7,0.0
2026-09-09 15:30:59,compound_scenario,LPT_SMPT,42,2757.36,1,0,60.0,1,Lathe,1,42.1,42.1,42.1,0.0,21.5,156.9,156.9,199.1,42.1,0.0
2026-09-09 15:30:59,compound_scenario,LPT_SMPT,42,2757.36,1,0,60.0,2,Weld,1,40.3,40.3,40.3,0.0,20.6,231.0,231.0,271.3,40.3,0.0
2026-09-09 15:30:59,compound_scenario,LPT_SMPT,42,2757.36,2,0,120.0,0,Mill,1,46.8,46.8,46.8,0.0,34.9,169.9,169.9,216.7,46.8,0.0
2026-09-09 15:30:59,compound_scenario,LPT_SMPT,42,2757.36,2,0,120.0,1,Lathe,1,22.6,22.6,22.6,0.0,4.7,223.6,223.6,246.3,22.6,0.0
2026-09-09 15:30:59,compound_scenario,LPT_SMPT,42,2757.36,2,0,120.0,2,Weld,1,32.7,32.7,32.7,0.0,13.0,262.4,262.4,295.1,32.7,0.0
2026-09-09 15:30:59,compound_scenario,LPT_SMPT,42,2757.36,3,0,250.0,0,Mill,3,20.0,20.0,20.0,0.0,18.6,280.9,280.9,301.0,20.0,0.0
2026-09-09 15:30:59,compound_scenario,LPT_SMPT,42,2757.36,3,0,250.0,1,Weld,1,12.4,12.4,12.4,0.0,28.3,337.8,337.8,350.2,12.4,0.0
2026-09-09 15:30:59,compound_scenario,LPT_SMPT,42,2757.36,4,0,250.0,0,Mill,3,20.0,20.0,20.0,0.0,24.8,297.5,301.0,321.0,20.0,3.5
2026-09-09 15:30:59,compound_scenario,LPT_SMPT,42,2757.36,4,0,250.0,1,Weld,1,27.5,27.5,27.5,0.0,28.9,352.3,352.3,379.8,27.5,0.0
2026-09-09 15:30:59,compound_scenario,LPT_SMPT,42,2757.36,5,0,250.0,0,Mill,3,20.0,20.0,20.0,0.0,31.3,321.9,341.1,361.1,20.0,19.2
2026-09-09 15:30:59,compound_scenario,LPT_SMPT,42,2757.36,5,0,250.0,1,Weld,1,50.4,50.4,50.4,0.0,17.0,380.4,380.4,430.8,50.5,0.0
2026-09-09 15:30:59,compound_scenario,LPT_SMPT,42,2757.36,6,0,250.0,0,Mill,3,20.0,20.0,20.0,0.0,37.0,337.8,361.1,381.1,20.0,23.3
2026-09-09 15:30:59,compound_scenario,LPT_SMPT,42,2757.36,6,0,250.0,1,Weld,1,12.1,12.1,12.1,0.0,26.0,436.5,600.1,612.2,12.1,163.5
2026-09-09 15:30:59,compound_scenario,LPT_SMPT,42,2757.36,7,0,250.0,0,Mill,3,20.0,20.0,20.0,0.0,34.4,345.0,381.1,401.2,20.0,36.1
2026-09-09 15:30:59,compound_scenario,LPT_SMPT,42,2757.36,7,0,250.0,1,Weld,1,25.9,25.9,25.9,0.0,25.5,428.9,574.1,600.1,25.9,145.2
2026-09-09 15:30:59,compound_scenario,LPT_SMPT,42,2757.36,8,0,250.0,0,Mill,3,20.0,20.0,20.0,0.0,20.4,288.1,321.0,341.0,20.0,32.9
2026-09-09 15:30:59,compound_scenario,LPT_SMPT,42,2757.36,8,0,250.0,1,Weld,1,62.0,62.0,62.0,0.0,26.8,413.6,430.8,492.8,62.0,17.2
2026-09-09 15:30:59,compound_scenario,LPT_SMPT,42,2757.36,9,0,250.0,0,Mill,3,20.0,20.0,20.0,0.0,28.2,307.9,401.2,421.2,20.0,93.2
2026-09-09 15:30:59,compound_scenario,LPT_SMPT,42,2757.36,9,0,250.0,1,Weld,1,53.6,53.6,53.6,0.0,39.5,489.1,492.8,546.5,53.6,3.7
2026-09-09 15:30:59,compound_scenario,LPT_SMPT,42,2757.36,10,0,250.0,0,Mill,3,20.0,20.0,20.0,0.0,34.7,330.6,421.2,441.2,20.0,90.6
2026-09-09 15:30:59,compound_scenario,LPT_SMPT,42,2757.36,10,0,250.0,1,Weld,1,27.6,27.6,27.6,0.0,28.3,496.6,546.5,574.1,27.7,49.8
2026-09-09 15:30:59,compound_scenario,LPT_SMPT,42,2757.36,20,0,650.0,0,Mill,3,20.0,20.0,20.0,0.0,18.6,681.0,681.0,701.0,20.0,0.0
2026-09-09 15:30:59,compound_scenario,LPT_SMPT,42,2757.36,20,0,650.0,1,Weld,2,19.2,19.2,19.2,0.0,35.9,741.5,741.5,760.7,19.2,0.0
2026-09-09 15:30:59,compound_scenario,LPT_SMPT,42,2757.36,19,0,650.0,0,Mill,3,20.0,20.0,20.0,0.0,24.0,693.7,701.0,721.0,20.0,7.3
2026-09-09 15:30:59,compound_scenario,LPT_SMPT,42,2757.36,19,0,650.0,1,Weld,2,30.2,30.2,30.2,0.0,47.4,772.6,772.6,802.8,30.2,0.0
2026-09-09 15:30:59,compound_scenario,LPT_SMPT,42,2757.36,18,0,650.0,0,Mill,3,20.0,20.0,20.0,0.0,24.6,704.0,721.0,741.1,20.0,17.0
2026-09-09 15:30:59,compound_scenario,LPT_SMPT,42,2757.36,18,0,650.0,1,Weld,2,58.1,58.1,58.1,0.0,28.9,825.0,876.1,934.2,58.1,51.1
2026-09-09 15:30:59,compound_scenario,LPT_SMPT,42,2757.36,17,0,650.0,0,Mill,3,20.0,20.0,20.0,0.0,35.8,732.5,741.1,761.1,20.0,8.6
2026-09-09 15:30:59,compound_scenario,LPT_SMPT,42,2757.36,17,0,650.0,1,Weld,2,22.0,22.0,22.0,0.0,34.6,798.0,802.8,824.8,22.0,4.8
2026-09-09 15:30:59,compound_scenario,LPT_SMPT,42,2757.36,16,0,650.0,0,Mill,3,20.0,20.0,20.0,0.0,53.9,770.5,781.2,801.2,20.0,10.7
2026-09-09 15:30:59,compound_scenario,LPT_SMPT,42,2757.36,16,0,650.0,1,Weld,2,30.3,30.3,30.3,0.0,29.4,848.8,1073.6,1103.9,30.3,224.8
2026-09-09 15:30:59,compound_scenario,LPT_SMPT,42,2757.36,14,0,650.0,0,Mill,3,20.0,20.0,20.0,0.0,39.6,746.6,761.1,781.1,20.0,14.5
2026-09-09 15:30:59,compound_scenario,LPT_SMPT,42,2757.36,14,0,650.0,1,Weld,2,51.3,51.3,51.3,0.0,30.4,819.4,824.8,876.1,51.3,5.4
2026-09-09 15:30:59,compound_scenario,LPT_SMPT,42,2757.36,13,0,650.0,0,Mill,3,20.0,20.0,20.0,0.0,27.7,714.1,801.2,821.2,20.0,87.1
2026-09-09 15:30:59,compound_scenario,LPT_SMPT,42,2757.36,13,0,650.0,1,Weld,2,15.3,15.3,15.3,0.0,31.2,871.6,1103.9,1119.2,15.3,232.4
2026-09-09 15:30:59,compound_scenario,LPT_SMPT,42,2757.36,12,0,650.0,0,Mill,3,20.0,20.0,20.0,0.0,31.8,723.7,821.2,841.3,20.0,97.5
2026-09-09 15:30:59,compound_scenario,LPT_SMPT,42,2757.36,12,0,650.0,1,Weld,2,51.4,51.4,51.4,0.0,28.9,888.3,934.2,985.6,51.4,45.9
2026-09-09 15:30:59,compound_scenario,LPT_SMPT,42,2757.36,11,0,650.0,0,Mill,3,20.0,20.0,20.0,0.0,37.3,739.5,841.3,861.3,20.0,101.8
2026-09-09 15:30:59,compound_scenario,LPT_SMPT,42,2757.36,11,0,650.0,1,Weld,2,41.5,41.5,41.5,0.0,30.4,917.3,1032.0,1073.6,41.5,114.7
2026-09-09 15:30:59,compound_scenario,LPT_SMPT,42,2757.36,15,0,650.0,0,Mill,3,20.0,20.0,20.0,0.0,55.5,777.6,861.3,881.3,20.0,83.7
2026-09-09 15:30:59,compound_scenario,LPT_SMPT,42,2757.36,15,0,650.0,1,Weld,2,46.4,46.4,46.4,0.0,25.8,929.3,985.6,1032.0,46.4,56.3
2026-09-09 15:30:59,compound_scenario,LPT_SMPT,42,2757.36,29,0,1050.0,0,Mill,3,20.0,20.0,20.0,0.0,18.6,1081.9,1081.9,1102.0,20.0,0.0
2026-09-09 15:30:59,compound_scenario,LPT_SMPT,42,2757.36,29,0,1050.0,1,Weld,1,39.8,39.8,39.8,0.0,26.8,1166.3,1166.3,1206.2,39.9,0.0
2026-09-09 15:30:59,compound_scenario,LPT_SMPT,42,2757.36,35,0,1050.0,0,Mill,3,20.0,20.0,20.0,0.0,20.7,1093.7,1102.0,1122.0,20.0,8.3
2026-09-09 15:30:59,compound_scenario,LPT_SMPT,42,2757.36,35,0,1050.0,1,Weld,1,17.1,17.1,17.1,0.0,32.7,1232.0,2087.0,2104.0,17.1,855.0
2026-09-09 15:30:59,compound_scenario,LPT_SMPT,42,2757.36,34,0,1050.0,0,Mill,3,20.0,20.0,20.0,0.0,18.6,1101.2,1122.0,1142.0,20.0,20.8
2026-09-09 15:30:59,compound_scenario,LPT_SMPT,42,2757.36,34,0,1050.0,1,Weld,1,46.7,46.7,46.7,0.0,27.6,1175.9,1260.0,1306.7,46.7,84.1
2026-09-09 15:30:59,compound_scenario,LPT_SMPT,42,2757.36,32,0,1050.0,0,Mill,3,20.0,20.0,20.0,0.0,28.5,1121.6,1142.1,1162.1,20.0,20.5
2026-09-09 15:30:59,compound_scenario,LPT_SMPT,42,2757.36,32,0,1050.0,1,Weld,1,53.8,53.8,53.8,0.0,29.1,1193.2,1206.2,1260.0,53.8,12.9
2026-09-09 15:30:59,compound_scenario,LPT_SMPT,42,2757.36,31,0,1050.0,0,Mill,3,20.0,20.0,20.0,0.0,33.9,1138.0,1162.1,1182.1,20.0,24.1
2026-09-09 15:30:59,compound_scenario,LPT_SMPT,42,2757.36,31,0,1050.0,1,Weld,1,42.8,42.8,42.8,0.0,32.2,1224.3,1870.3,1913.2,42.9,646.0
2026-09-09 15:30:59,compound_scenario,LPT_SMPT,42,2757.36,30,0,1050.0,0,Mill,3,20.0,20.0,20.0,0.0,40.9,1155.3,1182.1,1202.2,20.0,26.8
2026-09-09 15:30:59,compound_scenario,LPT_SMPT,42,2757.36,30,0,1050.0,1,Weld,1,52.3,52.3,52.3,0.0,35.1,1294.0,1306.7,1359.0,52.3,12.7
2026-09-09 15:30:59,compound_scenario,LPT_SMPT,42,2757.36,28,0,1050.0,0,Mill,3,20.0,20.0,20.0,0.0,38.6,1162.6,1202.2,1222.2,20.0,39.6
2026-09-09 15:30:59,compound_scenario,LPT_SMPT,42,2757.36,28,0,1050.0,1,Weld,1,32.0,32.0,32.0,0.0,31.7,1269.4,2035.5,2067.6,32.1,766.2
2026-09-09 15:30:59,compound_scenario,LPT_SMPT,42,2757.36,33,0,1050.0,0,Mill,3,20.0,20.0,20.0,0.0,31.8,1131.0,1222.2,1242.2,20.0,91.3
2026-09-09 15:30:59,compound_scenario,LPT_SMPT,42,2757.36,33,0,1050.0,1,Weld,1,41.0,41.0,41.0,0.0,33.8,1278.6,1955.4,1996.4,41.0,676.8
2026-09-09 15:30:59,compound_scenario,LPT_SMPT,42,2757.36,26,0,1050.0,0,Mill,3,20.0,20.0,20.0,0.0,37.3,1146.8,1242.3,1262.3,20.0,95.5
2026-09-09 15:30:59,compound_scenario,LPT_SMPT,42,2757.36,26,0,1050.0,1,Weld,1,39.1,39.1,39.1,0.0,34.1,1301.5,1996.4,2035.5,39.2,694.9
2026-09-09 15:30:59,compound_scenario,LPT_SMPT,42,2757.36,25,0,1050.0,0,Mill,3,20.0,20.0,20.0,0.0,29.8,1190.5,1262.3,1282.3,20.0,71.8
2026-09-09 15:30:59,compound_scenario,LPT_SMPT,42,2757.36,25,0,1050.0,1,Weld,1,47.8,47.8,47.8,0.0,44.2,1329.9,1822.4,1870.3,47.9,492.5
2026-09-09 15:30:59,compound_scenario,LPT_SMPT,42,2757.36,24,0,1050.0,0,Mill,3,20.0,20.0,20.0,0.0,38.1,1220.0,1282.3,1302.4,20.0,62.3
2026-09-09 15:30:59,compound_scenario,LPT_SMPT,42,2757.36,24,0,1050.0,1,Weld,1,51.3,51.3,51.3,0.0,33.0,1337.6,1359.0,1410.4,51.3,21.4
2026-09-09 15:30:59,compound_scenario,LPT_SMPT,42,2757.36,23,0,1050.0,0,Mill,3,20.0,20.0,20.0,0.0,39.9,1228.8,1302.4,1322.4,20.0,73.6
2026-09-09 15:30:59,compound_scenario,LPT_SMPT,42,2757.36,23,0,1050.0,1,Weld,1,42.2,42.2,42.2,0.0,27.5,1352.2,1913.2,1955.4,42.2,561.0
2026-09-09 15:30:59,compound_scenario,LPT_SMPT,42,2757.36,27,0,1050.0,0,Mill,3,20.0,20.0,20.0,0.0,43.0,1251.9,1322.4,1342.4,20.0,70.5
2026-09-09 15:30:59,compound_scenario,LPT_SMPT,42,2757.36,27,0,1050.0,1,Weld,1,58.8,58.8,58.8,0.0,26.0,1398.0,1410.4,1469.2,58.8,12.4
2026-09-09 15:30:59,compound_scenario,LPT_SMPT,42,2757.36,22,0,1050.0,0,Mill,3,20.0,20.0,20.0,0.0,38.9,1265.9,1342.5,1362.5,20.0,76.6
2026-09-09 15:30:59,compound_scenario,LPT_SMPT,42,2757.36,22,0,1050.0,1,Weld,1,53.1,53.1,53.1,0.0,25.7,1417.3,1769.3,1822.4,53.2,352.0
2026-09-09 15:30:59,compound_scenario,LPT_SMPT,42,2757.36,21,0,1050.0,0,Mill,3,20.0,20.0,20.0,0.0,42.5,1278.5,1362.5,1382.5,20.0,84.0
2026-09-09 15:30:59,compound_scenario,LPT_SMPT,42,2757.36,21,0,1050.0,1,Weld,1,19.4,19.4,19.4,0.0,29.4,1440.3,2067.6,2087.0,19.4,627.3
2026-09-09 15:30:59,compound_scenario,LPT_SMPT,42,2757.36,37,0,1400.0,0,Weld,1,150.0,150.0,150.0,0.0,18.9,1432.6,1469.2,1619.2,150.0,36.6
2026-09-09 15:30:59,compound_scenario,LPT_SMPT,42,2757.36,36,0,1400.0,0,Weld,1,150.0,150.0,150.0,0.0,23.6,1448.0,1619.2,1769.3,150.0,171.2
2026-09-09 15:30:59,compound_scenario,LPT_SMPT,42,2757.36,38,0,1405.0,0,Weld,1,9.5,9.5,9.5,0.0,16.3,1425.0,2287.0,2296.4,9.5,861.9
2026-09-09 15:30:59,compound_scenario,LPT_SMPT,42,2757.36,39,0,1413.0,0,Weld,1,9.6,9.6,9.6,0.0,36.6,1480.2,2248.7,2258.3,9.6,768.5
2026-09-09 15:30:59,compound_scenario,LPT_SMPT,42,2757.36,40,0,1421.0,0,Weld,1,9.2,9.2,9.2,0.0,26.0,1455.7,2343.3,2352.5,9.2,887.6
2026-09-09 15:30:59,compound_scenario,LPT_SMPT,42,2757.36,41,0,1429.0,0,Weld,1,9.5,9.5,9.5,0.0,32.2,1471.0,2277.5,2287.0,9.5,806.4
2026-09-09 15:30:59,compound_scenario,LPT_SMPT,42,2757.36,42,0,1437.0,0,Weld,1,9.2,9.2,9.2,0.0,39.0,1487.9,2334.1,2343.3,9.2,846.2
2026-09-09 15:30:59,compound_scenario,LPT_SMPT,42,2757.36,43,0,1445.0,0,Weld,1,9.6,9.6,9.6,0.0,41.3,1495.6,2258.3,2267.9,9.6,762.7
2026-09-09 15:30:59,compound_scenario,LPT_SMPT,42,2757.36,44,0,1453.0,0,Weld,1,10.3,10.3,10.3,0.0,42.3,1503.4,2188.7,2199.0,10.3,685.4
2026-09-09 15:30:59,compound_scenario,LPT_SMPT,42,2757.36,45,0,1461.0,0,Weld,1,9.7,9.7,9.7,0.0,42.1,1511.1,2239.0,2248.7,9.8,727.9
2026-09-09 15:30:59,compound_scenario,LPT_SMPT,42,2757.36,46,0,1469.0,0,Weld,1,9.7,9.7,9.7,0.0,39.2,1532.7,2229.2,2239.0,9.8,696.5
2026-09-09 15:30:59,compound_scenario,LPT_SMPT,42,2757.36,47,0,1477.0,0,Weld,1,9.4,9.4,9.4,0.0,39.5,1540.4,2305.9,2315.4,9.4,765.5
2026-09-09 15:30:59,compound_scenario,LPT_SMPT,42,2757.36,48,0,1485.0,0,Weld,1,9.5,9.5,9.5,0.0,39.5,1548.1,2267.9,2277.5,9.6,719.8
2026-09-09 15:30:59,compound_scenario,LPT_SMPT,42,2757.36,49,0,1493.0,0,Weld,1,10.9,10.9,10.9,0.0,39.2,1555.9,2115.0,2125.9,10.9,559.2
2026-09-09 15:30:59,compound_scenario,LPT_SMPT,42,2757.36,50,0,1501.0,0,Weld,1,10.3,10.3,10.3,0.0,38.7,1563.6,2168.1,2178.4,10.3,604.5
2026-09-09 15:30:59,compound_scenario,LPT_SMPT,42,2757.36,51,0,1509.0,0,Weld,1,10.2,10.2,10.2,0.0,30.4,1571.3,2199.0,2209.3,10.2,627.7
2026-09-09 15:30:59,compound_scenario,LPT_SMPT,42,2757.36,52,0,1517.0,0,Weld,1,9.3,9.3,9.3,0.0,35.3,1586.7,2315.4,2324.7,9.4,728.7
2026-09-09 15:30:59,compound_scenario,LPT_SMPT,42,2757.36,53,0,1525.0,0,Weld,1,10.5,10.5,10.5,0.0,32.5,1578.9,2147.2,2157.7,10.5,568.3
2026-09-09 15:30:59,compound_scenario,LPT_SMPT,42,2757.36,54,0,1533.0,0,Weld,1,9.3,9.3,9.3,0.0,37.4,1594.2,2324.7,2334.1,9.4,730.5
2026-09-09 15:30:59,compound_scenario,LPT_SMPT,42,2757.36,55,0,1541.0,0,Weld,1,9.8,9.8,9.8,0.0,39.7,1601.9,2219.4,2229.2,9.8,617.5
2026-09-09 15:30:59,compound_scenario,LPT_SMPT,42,2757.36,56,0,1549.0,0,Weld,1,11.0,11.0,11.0,0.0,40.8,1609.7,2104.0,2115.0,11.0,494.4
2026-09-09 15:30:59,compound_scenario,LPT_SMPT,42,2757.36,57,0,1557.0,0,Weld,1,10.3,10.3,10.3,0.0,40.5,1617.4,2178.4,2188.7,10.3,561.0
2026-09-09 15:30:59,compound_scenario,LPT_SMPT,42,2757.36,58,0,1565.0,0,Weld,1,10.1,10.1,10.1,0.0,41.0,1625.1,2209.3,2219.4,10.1,584.2
2026-09-09 15:30:59,compound_scenario,LPT_SMPT,42,2757.36,59,0,1573.0,0,Weld,1,10.4,10.4,10.4,0.0,40.5,1632.7,2157.7,2168.1,10.4,525.0
2026-09-09 15:30:59,compound_scenario,LPT_SMPT,42,2757.36,60,0,1581.0,0,Weld,1,10.7,10.7,10.7,0.0,40.8,1640.5,2125.9,2136.7,10.7,485.5
2026-09-09 15:30:59,compound_scenario,LPT_SMPT,42,2757.36,61,0,1589.0,0,Weld,1,10.6,10.6,10.6,0.0,40.8,1648.0,2136.7,2147.2,10.6,488.6
2026-09-09 15:30:59,compound_scenario,LPT_SMPT,42,2757.36,62,0,1597.0,0,Weld,1,9.5,9.5,9.5,0.0,40.8,1655.7,2296.4,2305.9,9.5,640.7
2026-09-09 15:30:59,compound_scenario,LPT_SMPT,42,2757.36,63,0,2200.0,0,Mill,1,21.0,21.0,21.0,0.0,41.5,2265.2,2265.2,2286.2,21.0,0.0
2026-09-09 15:30:59,compound_scenario,LPT_SMPT,42,2757.36,63,0,2200.0,1,Lathe,1,29.5,29.5,29.5,0.0,28.8,2538.6,2538.6,2568.1,29.5,0.0
2026-09-09 15:30:59,compound_scenario,LPT_SMPT,42,2757.36,63,0,2200.0,2,Weld,1,28.0,28.0,28.0,0.0,21.8,2604.6,2604.6,2632.6,28.1,0.0
2026-09-09 15:30:59,compound_scenario,LPT_SMPT,42,2757.36,64,0,2260.0,0,Mill,1,26.3,26.3,26.3,0.0,28.8,2512.9,2512.9,2539.3,26.4,0.0
2026-09-09 15:30:59,compound_scenario,LPT_SMPT,42,2757.36,64,0,2260.0,1,Lathe,1,48.3,48.3,48.3,0.0,20.8,2575.2,2575.2,2623.6,48.3,0.0
2026-09-09 15:30:59,compound_scenario,LPT_SMPT,42,2757.36,64,0,2260.0,2,Weld,1,46.3,46.3,46.3,0.0,20.6,2655.0,2655.0,2701.4,46.3,0.0
2026-09-09 15:30:59,compound_scenario,LPT_SMPT,42,2757.36,65,0,2320.0,0,Mill,1,29.4,29.4,29.4,0.0,53.9,2547.6,2547.6,2577.1,29.5,0.0
2026-09-09 15:30:59,compound_scenario,LPT_SMPT,42,2757.36,65,0,2320.0,1,Lathe,1,39.7,39.7,39.7,0.0,4.7,2584.0,2584.0,2623.7,39.7,0.0
2026-09-09 15:30:59,compound_scenario,LPT_SMPT,42,2757.36,65,0,2320.0,2,Weld,1,31.9,31.9,31.9,0.0,13.0,2645.0,2645.0,2676.9,31.9,0.0
2026-09-09 15:32:13,compound_scenario,LPT_SMPT,43,2757.36,0,0,0.0,0,Mill,1,39.2,39.2,39.2,0.0,18.6,31.0,31.0,70.2,39.2,0.0
2026-09-09 15:32:13,compound_scenario,LPT_SMPT,43,2757.36,0,0,0.0,1,Lathe,1,20.8,20.8,20.8,0.0,20.7,105.8,105.8,126.6,20.8,0.0
2026-09-09 15:32:13,compound_scenario,LPT_SMPT,43,2757.36,0,0,0.0,2,Weld,1,28.3,28.3,28.3,0.0,21.5,162.5,162.5,190.8,28.3,0.0
2026-09-09 15:32:13,compound_scenario,LPT_SMPT,43,2757.36,1,0,60.0,0,Mill,1,26.7,26.7,26.7,0.0,16.8,93.0,93.0,119.7,26.7,0.0
2026-09-09 15:32:13,compound_scenario,LPT_SMPT,43,2757.36,1,0,60.0,1,Lathe,1,42.1,42.1,42.1,0.0,21.5,156.9,156.9,199.1,42.1,0.0
2026-09-09 15:32:13,compound_scenario,LPT_SMPT,43,2757.36,1,0,60.0,2,Weld,1,40.3,40.3,40.3,0.0,20.6,231.0,231.0,271.3,40.3,0.0
2026-09-09 15:32:13,compound_scenario,LPT_SMPT,43,2757.36,2,0,120.0,0,Mill,1,46.8,46.8,46.8,0.0,34.9,169.9,169.9,216.7,46.8,0.0
2026-09-09 15:32:13,compound_scenario,LPT_SMPT,43,2757.36,2,0,120.0,1,Lathe,1,22.6,22.6,22.6,0.0,4.7,223.6,223.6,246.3,22.6,0.0
2026-09-09 15:32:13,compound_scenario,LPT_SMPT,43,2757.36,2,0,120.0,2,Weld,1,32.7,32.7,32.7,0.0,13.0,262.4,262.4,295.1,32.7,0.0
2026-09-09 15:32:13,compound_scenario,LPT_SMPT,43,2757.36,3,0,250.0,0,Mill,3,20.0,20.0,20.0,0.0,18.6,280.9,280.9,301.0,20.0,0.0
2026-09-09 15:32:13,compound_scenario,LPT_SMPT,43,2757.36,3,0,250.0,1,Weld,1,12.4,12.4,12.4,0.0,28.3,337.8,337.8,350.2,12.4,0.0
2026-09-09 15:32:13,compound_scenario,LPT_SMPT,43,2757.36,4,0,250.0,0,Mill,3,20.0,20.0,20.0,0.0,24.8,297.5,301.0,321.0,20.0,3.5
2026-09-09 15:32:13,compound_scenario,LPT_SMPT,43,2757.36,4,0,250.0,1,Weld,1,27.5,27.5,27.5,0.0,28.9,352.3,352.3,379.8,27.5,0.0
2026-09-09 15:32:13,compound_scenario,LPT_SMPT,43,2757.36,5,0,250.0,0,Mill,3,20.0,20.0,20.0,0.0,31.3,321.9,341.1,361.1,20.0,19.2
2026-09-09 15:32:13,compound_scenario,LPT_SMPT,43,2757.36,5,0,250.0,1,Weld,1,50.4,50.4,50.4,0.0,17.0,380.4,380.4,430.8,50.5,0.0
2026-09-09 15:32:13,compound_scenario,LPT_SMPT,43,2757.36,6,0,250.0,0,Mill,3,20.0,20.0,20.0,0.0,37.0,337.8,361.1,381.1,20.0,23.3
2026-09-09 15:32:13,compound_scenario,LPT_SMPT,43,2757.36,6,0,250.0,1,Weld,1,12.1,12.1,12.1,0.0,26.0,436.5,600.1,612.2,12.1,163.5
2026-09-09 15:32:13,compound_scenario,LPT_SMPT,43,2757.36,7,0,250.0,0,Mill,3,20.0,20.0,20.0,0.0,34.4,345.0,381.1,401.2,20.0,36.1
2026-09-09 15:32:13,compound_scenario,LPT_SMPT,43,2757.36,7,0,250.0,1,Weld,1,25.9,25.9,25.9,0.0,25.5,428.9,574.1,600.1,25.9,145.2
2026-09-09 15:32:13,compound_scenario,LPT_SMPT,43,2757.36,8,0,250.0,0,Mill,3,20.0,20.0,20.0,0.0,20.4,288.1,321.0,341.0,20.0,32.9
2026-09-09 15:32:13,compound_scenario,LPT_SMPT,43,2757.36,8,0,250.0,1,Weld,1,62.0,62.0,62.0,0.0,26.8,413.6,430.8,492.8,62.0,17.2
2026-09-09 15:32:13,compound_scenario,LPT_SMPT,43,2757.36,9,0,250.0,0,Mill,3,20.0,20.0,20.0,0.0,28.2,307.9,401.2,421.2,20.0,93.2
2026-09-09 15:32:13,compound_scenario,LPT_SMPT,43,2757.36,9,0,250.0,1,Weld,1,53.6,53.6,53.6,0.0,39.5,489.1,492.8,546.5,53.6,3.7
2026-09-09 15:32:13,compound_scenario,LPT_SMPT,43,2757.36,10,0,250.0,0,Mill,3,20.0,20.0,20.0,0.0,34.7,330.6,421.2,441.2,20.0,90.6
2026-09-09 15:32:13,compound_scenario,LPT_SMPT,43,2757.36,10,0,250.0,1,Weld,1,27.6,27.6,27.6,0.0,28.3,496.6,546.5,574.1,27.7,49.8
2026-09-09 15:32:13,compound_scenario,LPT_SMPT,43,2757.36,20,0,650.0,0,Mill,3,20.0,20.0,20.0,0.0,18.6,681.0,681.0,701.0,20.0,0.0
2026-09-09 15:32:13,compound_scenario,LPT_SMPT,43,2757.36,20,0,650.0,1,Weld,2,19.2,19.2,19.2,0.0,35.9,741.5,741.5,760.7,19.2,0.0
2026-09-09 15:32:13,compound_scenario,LPT_SMPT,43,2757.36,19,0,650.0,0,Mill,3,20.0,20.0,20.0,0.0,24.0,693.7,701.0,721.0,20.0,7.3
2026-09-09 15:32:13,compound_scenario,LPT_SMPT,43,2757.36,19,0,650.0,1,Weld,2,30.2,30.2,30.2,0.0,47.4,772.6,772.6,802.8,30.2,0.0
2026-09-09 15:32:13,compound_scenario,LPT_SMPT,43,2757.36,18,0,650.0,0,Mill,3,20.0,20.0,20.0,0.0,24.6,704.0,721.0,741.1,20.0,17.0
2026-09-09 15:32:13,compound_scenario,LPT_SMPT,43,2757.36,18,0,650.0,1,Weld,2,58.1,58.1,58.1,0.0,28.9,825.0,876.1,934.2,58.1,51.1
2026-09-09 15:32:13,compound_scenario,LPT_SMPT,43,2757.36,17,0,650.0,0,Mill,3,20.0,20.0,20.0,0.0,35.8,732.5,741.1,761.1,20.0,8.6
2026-09-09 15:32:13,compound_scenario,LPT_SMPT,43,2757.36,17,0,650.0,1,Weld,2,22.0,22.0,22.0,0.0,34.6,798.0,802.8,824.8,22.0,4.8
2026-09-09 15:32:13,compound_scenario,LPT_SMPT,43,2757.36,16,0,650.0,0,Mill,3,20.0,20.0,20.0,0.0,53.9,770.5,781.2,801.2,20.0,10.7
2026-09-09 15:32:13,compound_scenario,LPT_SMPT,43,2757.36,16,0,650.0,1,Weld,2,30.3,30.3,30.3,0.0,29.4,848.8,1073.6,1103.9,30.3,224.8
2026-09-09 15:32:13,compound_scenario,LPT_SMPT,43,2757.36,14,0,650.0,0,Mill,3,20.0,20.0,20.0,0.0,39.6,746.6,761.1,781.1,20.0,14.5
2026-09-09 15:32:13,compound_scenario,LPT_SMPT,43,2757.36,14,0,650.0,1,Weld,2,51.3,51.3,51.3,0.0,30.4,819.4,824.8,876.1,51.3,5.4
2026-09-09 15:32:13,compound_scenario,LPT_SMPT,43,2757.36,13,0,650.0,0,Mill,3,20.0,20.0,20.0,0.0,27.7,714.1,801.2,821.2,20.0,87.1
2026-09-09 15:32:13,compound_scenario,LPT_SMPT,43,2757.36,13,0,650.0,1,Weld,2,15.3,15.3,15.3,0.0,31.2,871.6,1103.9,1119.2,15.3,232.4
2026-09-09 15:32:13,compound_scenario,LPT_SMPT,43,2757.36,12,0,650.0,0,Mill,3,20.0,20.0,20.0,0.0,31.8,723.7,821.2,841.3,20.0,97.5
2026-09-09 15:32:13,compound_scenario,LPT_SMPT,43,2757.36,12,0,650.0,1,Weld,2,51.4,51.4,51.4,0.0,28.9,888.3,934.2,985.6,51.4,45.9
2026-09-09 15:32:13,compound_scenario,LPT_SMPT,43,2757.36,11,0,650.0,0,Mill,3,20.0,20.0,20.0,0.0,37.3,739.5,841.3,861.3,20.0,101.8
2026-09-09 15:32:13,compound_scenario,LPT_SMPT,43,2757.36,11,0,650.0,1,Weld,2,41.5,41.5,41.5,0.0,30.4,917.3,1032.0,1073.6,41.5,114.7
2026-09-09 15:32:13,compound_scenario,LPT_SMPT,43,2757.36,15,0,650.0,0,Mill,3,20.0,20.0,20.0,0.0,55.5,777.6,861.3,881.3,20.0,83.7
2026-09-09 15:32:13,compound_scenario,LPT_SMPT,43,2757.36,15,0,650.0,1,Weld,2,46.4,46.4,46.4,0.0,25.8,929.3,985.6,1032.0,46.4,56.3
2026-09-09 15:32:13,compound_scenario,LPT_SMPT,43,2757.36,29,0,1050.0,0,Mill,3,20.0,20.0,20.0,0.0,18.6,1081.9,1081.9,1102.0,20.0,0.0
2026-09-09 15:32:13,compound_scenario,LPT_SMPT,43,2757.36,29,0,1050.0,1,Weld,1,39.8,39.8,39.8,0.0,26.8,1166.3,1166.3,1206.2,39.9,0.0
2026-09-09 15:32:13,compound_scenario,LPT_SMPT,43,2757.36,35,0,1050.0,0,Mill,3,20.0,20.0,20.0,0.0,20.7,1093.7,1102.0,1122.0,20.0,8.3
2026-09-09 15:32:13,compound_scenario,LPT_SMPT,43,2757.36,35,0,1050.0,1,Weld,1,17.1,17.1,17.1,0.0,32.7,1232.0,2087.0,2104.0,17.1,855.0
2026-09-09 15:32:13,compound_scenario,LPT_SMPT,43,2757.36,34,0,1050.0,0,Mill,3,20.0,20.0,20.0,0.0,18.6,1101.2,1122.0,1142.0,20.0,20.8
2026-09-09 15:32:13,compound_scenario,LPT_SMPT,43,2757.36,34,0,1050.0,1,Weld,1,46.7,46.7,46.7,0.0,27.6,1175.9,1260.0,1306.7,46.7,84.1
2026-09-09 15:32:13,compound_scenario,LPT_SMPT,43,2757.36,32,0,1050.0,0,Mill,3,20.0,20.0,20.0,0.0,28.5,1121.6,1142.1,1162.1,20.0,20.5
2026-09-09 15:32:13,compound_scenario,LPT_SMPT,43,2757.36,32,0,1050.0,1,Weld,1,53.8,53.8,53.8,0.0,29.1,1193.2,1206.2,1260.0,53.8,12.9
2026-09-09 15:32:13,compound_scenario,LPT_SMPT,43,2757.36,31,0,1050.0,0,Mill,3,20.0,20.0,20.0,0.0,33.9,1138.0,1162.1,1182.1,20.0,24.1
2026-09-09 15:32:13,compound_scenario,LPT_SMPT,43,2757.36,31,0,1050.0,1,Weld,1,42.8,42.8,42.8,0.0,32.2,1224.3,1870.3,1913.2,42.9,646.0
2026-09-09 15:32:13,compound_scenario,LPT_SMPT,43,2757.36,30,0,1050.0,0,Mill,3,20.0,20.0,20.0,0.0,40.9,1155.3,1182.1,1202.2,20.0,26.8
2026-09-09 15:32:13,compound_scenario,LPT_SMPT,43,2757.36,30,0,1050.0,1,Weld,1,52.3,52.3,52.3,0.0,35.1,1294.0,1306.7,1359.0,52.3,12.7
2026-09-09 15:32:13,compound_scenario,LPT_SMPT,43,2757.36,28,0,1050.0,0,Mill,3,20.0,20.0,20.0,0.0,38.6,1162.6,1202.2,1222.2,20.0,39.6
2026-09-09 15:32:13,compound_scenario,LPT_SMPT,43,2757.36,28,0,1050.0,1,Weld,1,32.0,32.0,32.0,0.0,31.7,1269.4,2035.5,2067.6,32.1,766.2
2026-09-09 15:32:13,compound_scenario,LPT_SMPT,43,2757.36,33,0,1050.0,0,Mill,3,20.0,20.0,20.0,0.0,31.8,1131.0,1222.2,1242.2,20.0,91.3
2026-09-09 15:32:13,compound_scenario,LPT_SMPT,43,2757.36,33,0,1050.0,1,Weld,1,41.0,41.0,41.0,0.0,33.8,1278.6,1955.4,1996.4,41.0,676.8
2026-09-09 15:32:13,compound_scenario,LPT_SMPT,43,2757.36,26,0,1050.0,0,Mill,3,20.0,20.0,20.0,0.0,37.3,1146.8,1242.3,1262.3,20.0,95.5
2026-09-09 15:32:13,compound_scenario,LPT_SMPT,43,2757.36,26,0,1050.0,1,Weld,1,39.1,39.1,39.1,0.0,34.1,1301.5,1996.4,2035.5,39.2,694.9
2026-09-09 15:32:13,compound_scenario,LPT_SMPT,43,2757.36,25,0,1050.0,0,Mill,3,20.0,20.0,20.0,0.0,29.8,1190.5,1262.3,1282.3,20.0,71.8
2026-09-09 15:32:13,compound_scenario,LPT_SMPT,43,2757.36,25,0,1050.0,1,Weld,1,47.8,47.8,47.8,0.0,44.2,1329.9,1822.4,1870.3,47.9,492.5
2026-09-09 15:32:13,compound_scenario,LPT_SMPT,43,2757.36,24,0,1050.0,0,Mill,3,20.0,20.0,20.0,0.0,38.1,1220.0,1282.3,1302.4,20.0,62.3
2026-09-09 15:32:13,compound_scenario,LPT_SMPT,43,2757.36,24,0,1050.0,1,Weld,1,51.3,51.3,51.3,0.0,33.0,1337.6,1359.0,1410.4,51.3,21.4
2026-09-09 15:32:13,compound_scenario,LPT_SMPT,43,2757.36,23,0,1050.0,0,Mill,3,20.0,20.0,20.0,0.0,39.9,1228.8,1302.4,1322.4,20.0,73.6
2026-09-09 15:32:13,compound_scenario,LPT_SMPT,43,2757.36,23,0,1050.0,1,Weld,1,42.2,42.2,42.2,0.0,27.5,1352.2,1913.2,1955.4,42.2,561.0
2026-09-09 15:32:13,compound_scenario,LPT_SMPT,43,2757.36,27,0,1050.0,0,Mill,3,20.0,20.0,20.0,0.0,43.0,1251.9,1322.4,1342.4,20.0,70.5
2026-09-09 15:32:13,compound_scenario,LPT_SMPT,43,2757.36,27,0,1050.0,1,Weld,1,58.8,58.8,58.8,0.0,26.0,1398.0,1410.4,1469.2,58.8,12.4
2026-09-09 15:32:13,compound_scenario,LPT_SMPT,43,2757.36,22,0,1050.0,0,Mill,3,20.0,20.0,20.0,0.0,38.9,1265.9,1342.5,1362.5,20.0,76.6
2026-09-09 15:32:13,compound_scenario,LPT_SMPT,43,2757.36,22,0,1050.0,1,Weld,1,53.1,53.1,53.1,0.0,25.7,1417.3,1769.3,1822.4,53.2,352.0
2026-09-09 15:32:13,compound_scenario,LPT_SMPT,43,2757.36,21,0,1050.0,0,Mill,3,20.0,20.0,20.0,0.0,42.5,1278.5,1362.5,1382.5,20.0,84.0
2026-09-09 15:32:13,compound_scenario,LPT_SMPT,43,2757.36,21,0,1050.0,1,Weld,1,19.4,19.4,19.4,0.0,29.4,1440.3,2067.6,2087.0,19.4,627.3
2026-09-09 15:32:13,compound_scenario,LPT_SMPT,43,2757.36,37,0,1400.0,0,Weld,1,150.0,150.0,150.0,0.0,18.9,1432.6,1469.2,1619.2,150.0,36.6
2026-09-09 15:32:13,compound_scenario,LPT_SMPT,43,2757.36,36,0,1400.0,0,Weld,1,150.0,150.0,150.0,0.0,23.6,1448.0,1619.2,1769.3,150.0,171.2
2026-09-09 15:32:13,compound_scenario,LPT_SMPT,43,2757.36,38,0,1405.0,0,Weld,1,9.5,9.5,9.5,0.0,16.3,1425.0,2287.0,2296.4,9.5,861.9
2026-09-09 15:32:13,compound_scenario,LPT_SMPT,43,2757.36,39,0,1413.0,0,Weld,1,9.6,9.6,9.6,0.0,36.6,1480.2,2248.7,2258.3,9.6,768.5
2026-09-09 15:32:13,compound_scenario,LPT_SMPT,43,2757.36,40,0,1421.0,0,Weld,1,9.2,9.2,9.2,0.0,26.0,1455.7,2343.3,2352.5,9.2,887.6
2026-09-09 15:32:13,compound_scenario,LPT_SMPT,43,2757.36,41,0,1429.0,0,Weld,1,9.5,9.5,9.5,0.0,32.2,1471.0,2277.5,2287.0,9.5,806.4
2026-09-09 15:32:13,compound_scenario,LPT_SMPT,43,2757.36,42,0,1437.0,0,Weld,1,9.2,9.2,9.2,0.0,39.0,1487.9,2334.1,2343.3,9.2,846.2
2026-09-09 15:32:13,compound_scenario,LPT_SMPT,43,2757.36,43,0,1445.0,0,Weld,1,9.6,9.6,9.6,0.0,41.3,1495.6,2258.3,2267.9,9.6,762.7
2026-09-09 15:32:13,compound_scenario,LPT_SMPT,43,2757.36,44,0,1453.0,0,Weld,1,10.3,10.3,10.3,0.0,42.3,1503.4,2188.7,2199.0,10.3,685.4
2026-09-09 15:32:13,compound_scenario,LPT_SMPT,43,2757.36,45,0,1461.0,0,Weld,1,9.7,9.7,9.7,0.0,42.1,1511.1,2239.0,2248.7,9.8,727.9
2026-09-09 15:32:13,compound_scenario,LPT_SMPT,43,2757.36,46,0,1469.0,0,Weld,1,9.7,9.7,9.7,0.0,39.2,1532.7,2229.2,2239.0,9.8,696.5
2026-09-09 15:32:13,compound_scenario,LPT_SMPT,43,2757.36,47,0,1477.0,0,Weld,1,9.4,9.4,9.4,0.0,39.5,1540.4,2305.9,2315.4,9.4,765.5
2026-09-09 15:32:13,compound_scenario,LPT_SMPT,43,2757.36,48,0,1485.0,0,Weld,1,9.5,9.5,9.5,0.0,39.5,1548.1,2267.9,2277.5,9.6,719.8
2026-09-09 15:32:13,compound_scenario,LPT_SMPT,43,2757.36,49,0,1493.0,0,Weld,1,10.9,10.9,10.9,0.0,39.2,1555.9,2115.0,2125.9,10.9,559.2
2026-09-09 15:32:13,compound_scenario,LPT_SMPT,43,2757.36,50,0,1501.0,0,Weld,1,10.3,10.3,10.3,0.0,38.7,1563.6,2168.1,2178.4,10.3,604.5
2026-09-09 15:32:13,compound_scenario,LPT_SMPT,43,2757.36,51,0,1509.0,0,Weld,1,10.2,10.2,10.2,0.0,30.4,1571.3,2199.0,2209.3,10.2,627.7
2026-09-09 15:32:13,compound_scenario,LPT_SMPT,43,2757.36,52,0,1517.0,0,Weld,1,9.3,9.3,9.3,0.0,35.3,1586.7,2315.4,2324.7,9.4,728.7
2026-09-09 15:32:13,compound_scenario,LPT_SMPT,43,2757.36,53,0,1525.0,0,Weld,1,10.5,10.5,10.5,0.0,32.5,1578.9,2147.2,2157.7,10.5,568.3
2026-09-09 15:32:13,compound_scenario,LPT_SMPT,43,2757.36,54,0,1533.0,0,Weld,1,9.3,9.3,9.3,0.0,37.4,1594.2,2324.7,2334.1,9.4,730.5
2026-09-09 15:32:13,compound_scenario,LPT_SMPT,43,2757.36,55,0,1541.0,0,Weld,1,9.8,9.8,9.8,0.0,39.7,1601.9,2219.4,2229.2,9.8,617.5
2026-09-09 15:32:13,compound_scenario,LPT_SMPT,43,2757.36,56,0,1549.0,0,Weld,1,11.0,11.0,11.0,0.0,40.8,1609.7,2104.0,2115.0,11.0,494.4
2026-09-09 15:32:13,compound_scenario,LPT_SMPT,43,2757.36,57,0,1557.0,0,Weld,1,10.3,10.3,10.3,0.0,40.5,1617.4,2178.4,2188.7,10.3,561.0
2026-09-09 15:32:13,compound_scenario,LPT_SMPT,43,2757.36,58,0,1565.0,0,Weld,1,10.1,10.1,10.1,0.0,41.0,1625.1,2209.3,2219.4,10.1,584.2
2026-09-09 15:32:13,compound_scenario,LPT_SMPT,43,2757.36,59,0,1573.0,0,Weld,1,10.4,10.4,10.4,0.0,40.5,1632.7,2157.7,2168.1,10.4,525.0
2026-09-09 15:32:13,compound_scenario,LPT_SMPT,43,2757.36,60,0,1581.0,0,Weld,1,10.7,10.7,10.7,0.0,40.8,1640.5,2125.9,2136.7,10.7,485.5
2026-09-09 15:32:13,compound_scenario,LPT_SMPT,43,2757.36,61,0,1589.0,0,Weld,1,10.6,10.6,10.6,0.0,40.8,1648.0,2136.7,2147.2,10.6,488.6
2026-09-09 15:32:13,compound_scenario,LPT_SMPT,43,2757.36,62,0,1597.0,0,Weld,1,9.5,9.5,9.5,0.0,40.8,1655.7,2296.4,2305.9,9.5,640.7
2026-09-09 15:32:13,compound_scenario,LPT_SMPT,43,2757.36,63,0,2200.0,0,Mill,1,21.0,21.0,21.0,0.0,41.5,2265.2,2265.2,2286.2,21.0,0.0
2026-09-09 15:32:13,compound_scenario,LPT_SMPT,43,2757.36,63,0,2200.0,1,Lathe,1,29.5,29.5,29.5,0.0,28.8,2538.6,2538.6,2568.1,29.5,0.0
2026-09-09 15:32:13,compound_scenario,LPT_SMPT,43,2757.36,63,0,2200.0,2,Weld,1,28.0,28.0,28.0,0.0,21.8,2604.6,2604.6,2632.6,28.1,0.0
2026-09-09 15:32:13,compound_scenario,LPT_SMPT,43,2757.36,64,0,2260.0,0,Mill,1,26.3,26.3,26.3,0.0,28.8,2512.9,2512.9,2539.3,26.4,0.0
2026-09-09 15:32:13,compound_scenario,LPT_SMPT,43,2757.36,64,0,2260.0,1,Lathe,1,48.3,48.3,48.3,0.0,20.8,2575.2,2575.2,2623.6,48.3,0.0
2026-09-09 15:32:13,compound_scenario,LPT_SMPT,43,2757.36,64,0,2260.0,2,Weld,1,46.3,46.3,46.3,0.0,20.6,2655.0,2655.0,2701.4,46.3,0.0
2026-09-09 15:32:13,compound_scenario,LPT_SMPT,43,2757.36,65,0,2320.0,0,Mill,1,29.4,29.4,29.4,0.0,53.9,2547.6,2547.6,2577.1,29.5,0.0
2026-09-09 15:32:13,compound_scenario,LPT_SMPT,43,2757.36,65,0,2320.0,1,Lathe,1,39.7,39.7,39.7,0.0,4.7,2584.0,2584.0,2623.7,39.7,0.0
2026-09-09 15:32:13,compound_scenario,LPT_SMPT,43,2757.36,65,0,2320.0,2,Weld,1,31.9,31.9,31.9,0.0,13.0,2645.0,2645.0,2676.9,31.9,0.0
2026-09-09 15:33:27,compound_scenario,LPT_SMPT,44,2757.36,0,0,0.0,0,Mill,1,39.2,39.2,39.2,0.0,18.6,31.0,31.0,70.2,39.2,0.0
2026-09-09 15:33:27,compound_scenario,LPT_SMPT,44,2757.36,0,0,0.0,1,Lathe,1,20.8,20.8,20.8,0.0,20.7,105.8,105.8,126.6,20.8,0.0
2026-09-09 15:33:27,compound_scenario,LPT_SMPT,44,2757.36,0,0,0.0,2,Weld,1,28.3,28.3,28.3,0.0,21.5,162.5,162.5,190.8,28.3,0.0
2026-09-09 15:33:27,compound_scenario,LPT_SMPT,44,2757.36,1,0,60.0,0,Mill,1,26.7,26.7,26.7,0.0,16.8,93.0,93.0,119.7,26.7,0.0
2026-09-09 15:33:27,compound_scenario,LPT_SMPT,44,2757.36,1,0,60.0,1,Lathe,1,42.1,42.1,42.1,0.0,21.5,156.9,156.9,199.1,42.1,0.0
2026-09-09 15:33:27,compound_scenario,LPT_SMPT,44,2757.36,1,0,60.0,2,Weld,1,40.3,40.3,40.3,0.0,20.6,231.0,231.0,271.3,40.3,0.0
2026-09-09 15:33:27,compound_scenario,LPT_SMPT,44,2757.36,2,0,120.0,0,Mill,1,46.8,46.8,46.8,0.0,34.9,169.9,169.9,216.7,46.8,0.0
2026-09-09 15:33:27,compound_scenario,LPT_SMPT,44,2757.36,2,0,120.0,1,Lathe,1,22.6,22.6,22.6,0.0,4.7,223.6,223.6,246.3,22.6,0.0
2026-09-09 15:33:27,compound_scenario,LPT_SMPT,44,2757.36,2,0,120.0,2,Weld,1,32.7,32.7,32.7,0.0,13.0,262.4,262.4,295.1,32.7,0.0
2026-09-09 15:33:27,compound_scenario,LPT_SMPT,44,2757.36,3,0,250.0,0,Mill,3,20.0,20.0,20.0,0.0,18.6,280.9,280.9,301.0,20.0,0.0
2026-09-09 15:33:27,compound_scenario,LPT_SMPT,44,2757.36,3,0,250.0,1,Weld,1,12.4,12.4,12.4,0.0,28.3,337.8,337.8,350.2,12.4,0.0
2026-09-09 15:33:27,compound_scenario,LPT_SMPT,44,2757.36,4,0,250.0,0,Mill,3,20.0,20.0,20.0,0.0,24.8,297.5,301.0,321.0,20.0,3.5
2026-09-09 15:33:27,compound_scenario,LPT_SMPT,44,2757.36,4,0,250.0,1,Weld,1,27.5,27.5,27.5,0.0,28.9,352.3,352.3,379.8,27.5,0.0
2026-09-09 15:33:27,compound_scenario,LPT_SMPT,44,2757.36,5,0,250.0,0,Mill,3,20.0,20.0,20.0,0.0,31.3,321.9,341.1,361.1,20.0,19.2
2026-09-09 15:33:27,compound_scenario,LPT_SMPT,44,2757.36,5,0,250.0,1,Weld,1,50.4,50.4,50.4,0.0,17.0,380.4,380.4,430.8,50.5,0.0
2026-09-09 15:33:27,compound_scenario,LPT_SMPT,44,2757.36,6,0,250.0,0,Mill,3,20.0,20.0,20.0,0.0,37.0,337.8,361.1,381.1,20.0,23.3
2026-09-09 15:33:27,compound_scenario,LPT_SMPT,44,2757.36,6,0,250.0,1,Weld,1,12.1,12.1,12.1,0.0,26.0,436.5,600.1,612.2,12.1,163.5
2026-09-09 15:33:27,compound_scenario,LPT_SMPT,44,2757.36,7,0,250.0,0,Mill,3,20.0,20.0,20.0,0.0,34.4,345.0,381.1,401.2,20.0,36.1
2026-09-09 15:33:27,compound_scenario,LPT_SMPT,44,2757.36,7,0,250.0,1,Weld,1,25.9,25.9,25.9,0.0,25.5,428.9,574.1,600.1,25.9,145.2
2026-09-09 15:33:27,compound_scenario,LPT_SMPT,44,2757.36,8,0,250.0,0,Mill,3,20.0,20.0,20.0,0.0,20.4,288.1,321.0,341.0,20.0,32.9
2026-09-09 15:33:27,compound_scenario,LPT_SMPT,44,2757.36,8,0,250.0,1,Weld,1,62.0,62.0,62.0,0.0,26.8,413.6,430.8,492.8,62.0,17.2
2026-09-09 15:33:27,compound_scenario,LPT_SMPT,44,2757.36,9,0,250.0,0,Mill,3,20.0,20.0,20.0,0.0,28.2,307.9,401.2,421.2,20.0,93.2
2026-09-09 15:33:27,compound_scenario,LPT_SMPT,44,2757.36,9,0,250.0,1,Weld,1,53.6,53.6,53.6,0.0,39.5,489.1,492.8,546.5,53.6,3.7
2026-09-09 15:33:27,compound_scenario,LPT_SMPT,44,2757.36,10,0,250.0,0,Mill,3,20.0,20.0,20.0,0.0,34.7,330.6,421.2,441.2,20.0,90.6
2026-09-09 15:33:27,compound_scenario,LPT_SMPT,44,2757.36,10,0,250.0,1,Weld,1,27.6,27.6,27.6,0.0,28.3,496.6,546.5,574.1,27.7,49.8
2026-09-09 15:33:27,compound_scenario,LPT_SMPT,44,2757.36,20,0,650.0,0,Mill,3,20.0,20.0,20.0,0.0,18.6,681.0,681.0,701.0,20.0,0.0
2026-09-09 15:33:27,compound_scenario,LPT_SMPT,44,2757.36,20,0,650.0,1,Weld,2,19.2,19.2,19.2,0.0,35.9,741.5,741.5,760.7,19.2,0.0
2026-09-09 15:33:27,compound_scenario,LPT_SMPT,44,2757.36,19,0,650.0,0,Mill,3,20.0,20.0,20.0,0.0,24.0,693.7,701.0,721.0,20.0,7.3
2026-09-09 15:33:27,compound_scenario,LPT_SMPT,44,2757.36,19,0,650.0,1,Weld,2,30.2,30.2,30.2,0.0,47.4,772.6,772.6,802.8,30.2,0.0
2026-09-09 15:33:27,compound_scenario,LPT_SMPT,44,2757.36,18,0,650.0,0,Mill,3,20.0,20.0,20.0,0.0,24.6,704.0,721.0,741.1,20.0,17.0
2026-09-09 15:33:27,compound_scenario,LPT_SMPT,44,2757.36,18,0,650.0,1,Weld,2,58.1,58.1,58.1,0.0,28.9,825.0,876.1,934.2,58.1,51.1
2026-09-09 15:33:27,compound_scenario,LPT_SMPT,44,2757.36,17,0,650.0,0,Mill,3,20.0,20.0,20.0,0.0,35.8,732.5,741.1,761.1,20.0,8.6
2026-09-09 15:33:27,compound_scenario,LPT_SMPT,44,2757.36,17,0,650.0,1,Weld,2,22.0,22.0,22.0,0.0,34.6,798.0,802.8,824.8,22.0,4.8
2026-09-09 15:33:27,compound_scenario,LPT_SMPT,44,2757.36,16,0,650.0,0,Mill,3,20.0,20.0,20.0,0.0,53.9,770.5,781.2,801.2,20.0,10.7
2026-09-09 15:33:27,compound_scenario,LPT_SMPT,44,2757.36,16,0,650.0,1,Weld,2,30.3,30.3,30.3,0.0,29.4,848.8,1073.6,1103.9,30.3,224.8
2026-09-09 15:33:27,compound_scenario,LPT_SMPT,44,2757.36,14,0,650.0,0,Mill,3,20.0,20.0,20.0,0.0,39.6,746.6,761.1,781.1,20.0,14.5
2026-09-09 15:33:27,compound_scenario,LPT_SMPT,44,2757.36,14,0,650.0,1,Weld,2,51.3,51.3,51.3,0.0,30.4,819.4,824.8,876.1,51.3,5.4
2026-09-09 15:33:27,compound_scenario,LPT_SMPT,44,2757.36,13,0,650.0,0,Mill,3,20.0,20.0,20.0,0.0,27.7,714.1,801.2,821.2,20.0,87.1
2026-09-09 15:33:27,compound_scenario,LPT_SMPT,44,2757.36,13,0,650.0,1,Weld,2,15.3,15.3,15.3,0.0,31.2,871.6,1103.9,1119.2,15.3,232.4
2026-09-09 15:33:27,compound_scenario,LPT_SMPT,44,2757.36,12,0,650.0,0,Mill,3,20.0,20.0,20.0,0.0,31.8,723.7,821.2,841.3,20.0,97.5
2026-09-09 15:33:27,compound_scenario,LPT_SMPT,44,2757.36,12,0,650.0,1,Weld,2,51.4,51.4,51.4,0.0,28.9,888.3,934.2,985.6,51.4,45.9
2026-09-09 15:33:27,compound_scenario,LPT_SMPT,44,2757.36,11,0,650.0,0,Mill,3,20.0,20.0,20.0,0.0,37.3,739.5,841.3,861.3,20.0,101.8
2026-09-09 15:33:27,compound_scenario,LPT_SMPT,44,2757.36,11,0,650.0,1,Weld,2,41.5,41.5,41.5,0.0,30.4,917.3,1032.0,1073.6,41.5,114.7
2026-09-09 15:33:27,compound_scenario,LPT_SMPT,44,2757.36,15,0,650.0,0,Mill,3,20.0,20.0,20.0,0.0,55.5,777.6,861.3,881.3,20.0,83.7
2026-09-09 15:33:27,compound_scenario,LPT_SMPT,44,2757.36,15,0,650.0,1,Weld,2,46.4,46.4,46.4,0.0,25.8,929.3,985.6,1032.0,46.4,56.3
2026-09-09 15:33:27,compound_scenario,LPT_SMPT,44,2757.36,29,0,1050.0,0,Mill,3,20.0,20.0,20.0,0.0,18.6,1081.9,1081.9,1102.0,20.0,0.0
2026-09-09 15:33:27,compound_scenario,LPT_SMPT,44,2757.36,29,0,1050.0,1,Weld,1,39.8,39.8,39.8,0.0,26.8,1166.3,1166.3,1206.2,39.9,0.0
2026-09-09 15:33:27,compound_scenario,LPT_SMPT,44,2757.36,35,0,1050.0,0,Mill,3,20.0,20.0,20.0,0.0,20.7,1093.7,1102.0,1122.0,20.0,8.3
2026-09-09 15:33:27,compound_scenario,LPT_SMPT,44,2757.36,35,0,1050.0,1,Weld,1,17.1,17.1,17.1,0.0,32.7,1232.0,2087.0,2104.0,17.1,855.0
2026-09-09 15:33:27,compound_scenario,LPT_SMPT,44,2757.36,34,0,1050.0,0,Mill,3,20.0,20.0,20.0,0.0,18.6,1101.2,1122.0,1142.0,20.0,20.8
2026-09-09 15:33:27,compound_scenario,LPT_SMPT,44,2757.36,34,0,1050.0,1,Weld,1,46.7,46.7,46.7,0.0,27.6,1175.9,1260.0,1306.7,46.7,84.1
2026-09-09 15:33:27,compound_scenario,LPT_SMPT,44,2757.36,32,0,1050.0,0,Mill,3,20.0,20.0,20.0,0.0,28.5,1121.6,1142.1,1162.1,20.0,20.5
2026-09-09 15:33:27,compound_scenario,LPT_SMPT,44,2757.36,32,0,1050.0,1,Weld,1,53.8,53.8,53.8,0.0,29.1,1193.2,1206.2,1260.0,53.8,12.9
2026-09-09 15:33:27,compound_scenario,LPT_SMPT,44,2757.36,31,0,1050.0,0,Mill,3,20.0,20.0,20.0,0.0,33.9,1138.0,1162.1,1182.1,20.0,24.1
2026-09-09 15:33:27,compound_scenario,LPT_SMPT,44,2757.36,31,0,1050.0,1,Weld,1,42.8,42.8,42.8,0.0,32.2,1224.3,1870.3,1913.2,42.9,646.0
2026-09-09 15:33:27,compound_scenario,LPT_SMPT,44,2757.36,30,0,1050.0,0,Mill,3,20.0,20.0,20.0,0.0,40.9,1155.3,1182.1,1202.2,20.0,26.8
2026-09-09 15:33:27,compound_scenario,LPT_SMPT,44,2757.36,30,0,1050.0,1,Weld,1,52.3,52.3,52.3,0.0,35.1,1294.0,1306.7,1359.0,52.3,12.7
2026-09-09 15:33:27,compound_scenario,LPT_SMPT,44,2757.36,28,0,1050.0,0,Mill,3,20.0,20.0,20.0,0.0,38.6,1162.6,1202.2,1222.2,20.0,39.6
2026-09-09 15:33:27,compound_scenario,LPT_SMPT,44,2757.36,28,0,1050.0,1,Weld,1,32.0,32.0,32.0,0.0,31.7,1269.4,2035.5,2067.6,32.1,766.2
2026-09-09 15:33:27,compound_scenario,LPT_SMPT,44,2757.36,33,0,1050.0,0,Mill,3,20.0,20.0,20.0,0.0,31.8,1131.0,1222.2,1242.2,20.0,91.3
2026-09-09 15:33:27,compound_scenario,LPT_SMPT,44,2757.36,33,0,1050.0,1,Weld,1,41.0,41.0,41.0,0.0,33.8,1278.6,1955.4,1996.4,41.0,676.8
2026-09-09 15:33:27,compound_scenario,LPT_SMPT,44,2757.36,26,0,1050.0,0,Mill,3,20.0,20.0,20.0,0.0,37.3,1146.8,1242.3,1262.3,20.0,95.5
2026-09-09 15:33:27,compound_scenario,LPT_SMPT,44,2757.36,26,0,1050.0,1,Weld,1,39.1,39.1,39.1,0.0,34.1,1301.5,1996.4,2035.5,39.2,694.9
2026-09-09 15:33:27,compound_scenario,LPT_SMPT,44,2757.36,25,0,1050.0,0,Mill,3,20.0,20.0,20.0,0.0,29.8,1190.5,1262.3,1282.3,20.0,71.8
2026-09-09 15:33:27,compound_scenario,LPT_SMPT,44,2757.36,25,0,1050.0,1,Weld,1,47.8,47.8,47.8,0.0,44.2,1329.9,1822.4,1870.3,47.9,492.5
2026-09-09 15:33:27,compound_scenario,LPT_SMPT,44,2757.36,24,0,1050.0,0,Mill,3,20.0,20.0,20.0,0.0,38.1,1220.0,1282.3,1302.4,20.0,62.3
2026-09-09 15:33:27,compound_scenario,LPT_SMPT,44,2757.36,24,0,1050.0,1,Weld,1,51.3,51.3,51.3,0.0,33.0,1337.6,1359.0,1410.4,51.3,21.4
2026-09-09 15:33:27,compound_scenario,LPT_SMPT,44,2757.36,23,0,1050.0,0,Mill,3,20.0,20.0,20.0,0.0,39.9,1228.8,1302.4,1322.4,20.0,73.6
2026-09-09 15:33:27,compound_scenario,LPT_SMPT,44,2757.36,23,0,1050.0,1,Weld,1,42.2,42.2,42.2,0.0,27.5,1352.2,1913.2,1955.4,42.2,561.0
2026-09-09 15:33:27,compound_scenario,LPT_SMPT,44,2757.36,27,0,1050.0,0,Mill,3,20.0,20.0,20.0,0.0,43.0,1251.9,1322.4,1342.4,20.0,70.5
2026-09-09 15:33:27,compound_scenario,LPT_SMPT,44,2757.36,27,0,1050.0,1,Weld,1,58.8,58.8,58.8,0.0,26.0,1398.0,1410.4,1469.2,58.8,12.4
2026-09-09 15:33:27,compound_scenario,LPT_SMPT,44,2757.36,22,0,1050.0,0,Mill,3,20.0,20.0,20.0,0.0,38.9,1265.9,1342.5,1362.5,20.0,76.6
2026-09-09 15:33:27,compound_scenario,LPT_SMPT,44,2757.36,22,0,1050.0,1,Weld,1,53.1,53.1,53.1,0.0,25.7,1417.3,1769.3,1822.4,53.2,352.0
2026-09-09 15:33:27,compound_scenario,LPT_SMPT,44,2757.36,21,0,1050.0,0,Mill,3,20.0,20.0,20.0,0.0,42.5,1278.5,1362.5,1382.5,20.0,84.0
2026-09-09 15:33:27,compound_scenario,LPT_SMPT,44,2757.36,21,0,1050.0,1,Weld,1,19.4,19.4,19.4,0.0,29.4,1440.3,2067.6,2087.0,19.4,627.3
2026-09-09 15:33:27,compound_scenario,LPT_SMPT,44,2757.36,37,0,1400.0,0,Weld,1,150.0,150.0,150.0,0.0,18.9,1432.6,1469.2,1619.2,150.0,36.6
2026-09-09 15:33:27,compound_scenario,LPT_SMPT,44,2757.36,36,0,1400.0,0,Weld,1,150.0,150.0,150.0,0.0,23.6,1448.0,1619.2,1769.3,150.0,171.2
2026-09-09 15:33:27,compound_scenario,LPT_SMPT,44,2757.36,38,0,1405.0,0,Weld,1,9.5,9.5,9.5,0.0,16.3,1425.0,2287.0,2296.4,9.5,861.9
2026-09-09 15:33:27,compound_scenario,LPT_SMPT,44,2757.36,39,0,1413.0,0,Weld,1,9.6,9.6,9.6,0.0,36.6,1480.2,2248.7,2258.3,9.6,768.5
2026-09-09 15:33:27,compound_scenario,LPT_SMPT,44,2757.36,40,0,1421.0,0,Weld,1,9.2,9.2,9.2,0.0,26.0,1455.7,2343.3,2352.5,9.2,887.6
2026-09-09 15:33:27,compound_scenario,LPT_SMPT,44,2757.36,41,0,1429.0,0,Weld,1,9.5,9.5,9.5,0.0,32.2,1471.0,2277.5,2287.0,9.5,806.4
2026-09-09 15:33:27,compound_scenario,LPT_SMPT,44,2757.36,42,0,1437.0,0,Weld,1,9.2,9.2,9.2,0.0,39.0,1487.9,2334.1,2343.3,9.2,846.2
2026-09-09 15:33:27,compound_scenario,LPT_SMPT,44,2757.36,43,0,1445.0,0,Weld,1,9.6,9.6,9.6,0.0,41.3,1495.6,2258.3,2267.9,9.6,762.7
2026-09-09 15:33:27,compound_scenario,LPT_SMPT,44,2757.36,44,0,1453.0,0,Weld,1,10.3,10.3,10.3,0.0,42.3,1503.4,2188.7,2199.0,10.3,685.4
2026-09-09 15:33:27,compound_scenario,LPT_SMPT,44,2757.36,45,0,1461.0,0,Weld,1,9.7,9.7,9.7,0.0,42.1,1511.1,2239.0,2248.7,9.8,727.9
2026-09-09 15:33:27,compound_scenario,LPT_SMPT,44,2757.36,46,0,1469.0,0,Weld,1,9.7,9.7,9.7,0.0,39.2,1532.7,2229.2,2239.0,9.8,696.5
2026-09-09 15:33:27,compound_scenario,LPT_SMPT,44,2757.36,47,0,1477.0,0,Weld,1,9.4,9.4,9.4,0.0,39.5,1540.4,2305.9,2315.4,9.4,765.5
2026-09-09 15:33:27,compound_scenario,LPT_SMPT,44,2757.36,48,0,1485.0,0,Weld,1,9.5,9.5,9.5,0.0,39.5,1548.1,2267.9,2277.5,9.6,719.8
2026-09-09 15:33:27,compound_scenario,LPT_SMPT,44,2757.36,49,0,1493.0,0,Weld,1,10.9,10.9,10.9,0.0,39.2,1555.9,2115.0,2125.9,10.9,559.2
2026-09-09 15:33:27,compound_scenario,LPT_SMPT,44,2757.36,50,0,1501.0,0,Weld,1,10.3,10.3,10.3,0.0,38.7,1563.6,2168.1,2178.4,10.3,604.5
2026-09-09 15:33:27,compound_scenario,LPT_SMPT,44,2757.36,51,0,1509.0,0,Weld,1,10.2,10.2,10.2,0.0,30.4,1571.3,2199.0,2209.3,10.2,627.7
2026-09-09 15:33:27,compound_scenario,LPT_SMPT,44,2757.36,52,0,1517.0,0,Weld,1,9.3,9.3,9.3,0.0,35.3,1586.7,2315.4,2324.7,9.4,728.7
2026-09-09 15:33:27,compound_scenario,LPT_SMPT,44,2757.36,53,0,1525.0,0,Weld,1,10.5,10.5,10.5,0.0,32.5,1578.9,2147.2,2157.7,10.5,568.3
2026-09-09 15:33:27,compound_scenario,LPT_SMPT,44,2757.36,54,0,1533.0,0,Weld,1,9.3,9.3,9.3,0.0,37.4,1594.2,2324.7,2334.1,9.4,730.5
2026-09-09 15:33:27,compound_scenario,LPT_SMPT,44,2757.36,55,0,1541.0,0,Weld,1,9.8,9.8,9.8,0.0,39.7,1601.9,2219.4,2229.2,9.8,617.5
2026-09-09 15:33:27,compound_scenario,LPT_SMPT,44,2757.36,56,0,1549.0,0,Weld,1,11.0,11.0,11.0,0.0,40.8,1609.7,2104.0,2115.0,11.0,494.4
2026-09-09 15:33:27,compound_scenario,LPT_SMPT,44,2757.36,57,0,1557.0,0,Weld,1,10.3,10.3,10.3,0.0,40.5,1617.4,2178.4,2188.7,10.3,561.0
2026-09-09 15:33:27,compound_scenario,LPT_SMPT,44,2757.36,58,0,1565.0,0,Weld,1,10.1,10.1,10.1,0.0,41.0,1625.1,2209.3,2219.4,10.1,584.2
2026-09-09 15:33:27,compound_scenario,LPT_SMPT,44,2757.36,59,0,1573.0,0,Weld,1,10.4,10.4,10.4,0.0,40.5,1632.7,2157.7,2168.1,10.4,525.0
2026-09-09 15:33:27,compound_scenario,LPT_SMPT,44,2757.36,60,0,1581.0,0,Weld,1,10.7,10.7,10.7,0.0,40.8,1640.5,2125.9,2136.7,10.7,485.5
2026-09-09 15:33:27,compound_scenario,LPT_SMPT,44,2757.36,61,0,1589.0,0,Weld,1,10.6,10.6,10.6,0.0,40.8,1648.0,2136.7,2147.2,10.6,488.6
2026-09-09 15:33:27,compound_scenario,LPT_SMPT,44,2757.36,62,0,1597.0,0,Weld,1,9.5,9.5,9.5,0.0,40.8,1655.7,2296.4,2305.9,9.5,640.7
2026-09-09 15:33:27,compound_scenario,LPT_SMPT,44,2757.36,63,0,2200.0,0,Mill,1,21.0,21.0,21.0,0.0,41.5,2265.2,2265.2,2286.2,21.0,0.0
2026-09-09 15:33:27,compound_scenario,LPT_SMPT,44,2757.36,63,0,2200.0,1,Lathe,1,29.5,29.5,29.5,0.0,28.8,2538.6,2538.6,2568.1,29.5,0.0
2026-09-09 15:33:27,compound_scenario,LPT_SMPT,44,2757.36,63,0,2200.0,2,Weld,1,28.0,28.0,28.0,0.0,21.8,2604.6,2604.6,2632.6,28.1,0.0
2026-09-09 15:33:27,compound_scenario,LPT_SMPT,44,2757.36,64,0,2260.0,0,Mill,1,26.3,26.3,26.3,0.0,28.8,2512.9,2512.9,2539.3,26.4,0.0
2026-09-09 15:33:27,compound_scenario,LPT_SMPT,44,2757.36,64,0,2260.0,1,Lathe,1,48.3,48.3,48.3,0.0,20.8,2575.2,2575.2,2623.6,48.3,0.0
2026-09-09 15:33:27,compound_scenario,LPT_SMPT,44,2757.36,64,0,2260.0,2,Weld,1,46.3,46.3,46.3,0.0,20.6,2655.0,2655.0,2701.4,46.3,0.0
2026-09-09 15:33:27,compound_scenario,LPT_SMPT,44,2757.36,65,0,2320.0,0,Mill,1,29.4,29.4,29.4,0.0,53.9,2547.6,2547.6,2577.1,29.5,0.0
2026-09-09 15:33:27,compound_scenario,LPT_SMPT,44,2757.36,65,0,2320.0,1,Lathe,1,39.7,39.7,39.7,0.0,4.7,2584.0,2584.0,2623.7,39.7,0.0
2026-09-09 15:33:27,compound_scenario,LPT_SMPT,44,2757.36,65,0,2320.0,2,Weld,1,31.9,31.9,31.9,0.0,13.0,2645.0,2645.0,2676.9,31.9,0.0
2026-09-09 15:34:05,convoy_waves,LPT_SMPT,42,1531.46,0,0,0.0,0,Mill,3,20.0,20.0,20.0,0.0,18.6,31.0,31.0,51.0,20.0,0.0
2026-09-09 15:34:05,convoy_waves,LPT_SMPT,42,1531.46,0,0,0.0,1,Weld,1,43.8,43.8,43.8,0.0,24.9,103.3,103.3,147.1,43.8,0.0
2026-09-09 15:34:05,convoy_waves,LPT_SMPT,42,1531.46,1,0,0.0,0,Mill,3,20.0,20.0,20.0,0.0,23.8,43.5,51.0,71.0,20.0,7.5
2026-09-09 15:34:05,convoy_waves,LPT_SMPT,42,1531.46,1,0,0.0,1,Weld,1,16.1,16.1,16.1,0.0,18.7,115.6,247.8,263.9,16.2,132.1
2026-09-09 15:34:05,convoy_waves,LPT_SMPT,42,1531.46,2,0,0.0,0,Mill,3,20.0,20.0,20.0,0.0,25.6,53.2,71.0,91.1,20.0,17.8
2026-09-09 15:34:05,convoy_waves,LPT_SMPT,42,1531.46,2,0,0.0,1,Weld,1,27.4,27.4,27.4,0.0,18.7,135.0,147.1,174.5,27.4,12.1
2026-09-09 15:34:05,convoy_waves,LPT_SMPT,42,1531.46,3,0,0.0,0,Mill,3,20.0,20.0,20.0,0.0,25.1,61.4,91.1,111.1,20.0,29.7
2026-09-09 15:34:05,convoy_waves,LPT_SMPT,42,1531.46,3,0,0.0,1,Weld,1,25.0,25.0,25.0,0.0,26.0,154.5,222.7,247.8,25.1,68.2
2026-09-09 15:34:05,convoy_waves,LPT_SMPT,42,1531.46,4,0,0.0,0,Mill,3,20.0,20.0,20.0,0.0,22.5,68.5,111.1,131.1,20.0,42.7
2026-09-09 15:34:05,convoy_waves,LPT_SMPT,42,1531.46,4,0,0.0,1,Weld,1,48.1,48.1,48.1,0.0,17.1,172.2,174.5,222.7,48.2,2.3
2026-09-09 15:34:05,convoy_waves,LPT_SMPT,42,1531.46,5,0,400.0,0,Mill,3,20.0,20.0,20.0,0.0,18.6,431.0,431.0,451.0,20.0,0.0
2026-09-09 15:34:05,convoy_waves,LPT_SMPT,42,1531.46,5,0,400.0,1,Weld,1,45.5,45.5,45.5,0.0,22.9,506.6,506.6,552.1,45.5,0.0
2026-09-09 15:34:05,convoy_waves,LPT_SMPT,42,1531.46,6,0,400.0,0,Mill,3,20.0,20.0,20.0,0.0,18.6,438.2,451.0,471.0,20.0,12.8
2026-09-09 15:34:05,convoy_waves,LPT_SMPT,42,1531.46,6,0,400.0,1,Weld,1,55.2,55.2,55.2,0.0,18.7,514.2,552.1,607.3,55.2,37.9
2026-09-09 15:34:05,convoy_waves,LPT_SMPT,42,1531.46,7,0,400.0,0,Mill,3,20.0,20.0,20.0,0.0,20.2,447.6,471.0,491.1,20.0,23.4
2026-09-09 15:34:05,convoy_waves,LPT_SMPT,42,1531.46,7,0,400.0,1,Weld,1,18.9,18.9,18.9,0.0,19.5,526.7,641.3,660.2,18.9,114.6
2026-09-09 15:34:05,convoy_waves,LPT_SMPT,42,1531.46,8,0,400.0,0,Mill,3,20.0,20.0,20.0,0.0,19.9,460.4,491.1,511.1,20.0,30.7
2026-09-09 15:34:05,convoy_waves,LPT_SMPT,42,1531.46,8,0,400.0,1,Weld,1,34.0,34.0,34.0,0.0,25.5,552.7,607.3,641.3,34.0,54.6
2026-09-09 15:34:05,convoy_waves,LPT_SMPT,42,1531.46,9,0,400.0,0,Mill,3,20.0,20.0,20.0,0.0,22.0,472.0,511.1,531.1,20.0,39.1
2026-09-09 15:34:05,convoy_waves,LPT_SMPT,42,1531.46,9,0,400.0,1,Weld,1,16.3,16.3,16.3,0.0,17.1,570.4,660.2,676.6,16.4,89.9
2026-09-09 15:34:05,convoy_waves,LPT_SMPT,42,1531.46,10,0,800.0,0,Mill,3,20.0,20.0,20.0,0.0,18.6,831.0,831.0,851.0,20.0,0.0
2026-09-09 15:34:05,convoy_waves,LPT_SMPT,42,1531.46,10,0,800.0,1,Weld,1,24.8,24.8,24.8,0.0,22.9,906.6,906.6,931.5,24.9,0.0
2026-09-09 15:34:05,convoy_waves,LPT_SMPT,42,1531.46,11,0,800.0,0,Mill,3,20.0,20.0,20.0,0.0,18.6,838.2,851.0,871.0,20.0,12.8
2026-09-09 15:34:05,convoy_waves,LPT_SMPT,42,1531.46,11,0,800.0,1,Weld,1,37.7,37.7,37.7,0.0,18.7,914.2,931.5,969.2,37.8,17.3
2026-09-09 15:34:05,convoy_waves,LPT_SMPT,42,1531.46,12,0,800.0,0,Mill,3,20.0,20.0,20.0,0.0,20.2,847.6,871.0,891.1,20.0,23.4
2026-09-09 15:34:05,convoy_waves,LPT_SMPT,42,1531.46,12,0,800.0,1,Weld,1,16.2,16.2,16.2,0.0,19.5,926.7,1037.5,1053.7,16.2,110.8
2026-09-09 15:34:05,convoy_waves,LPT_SMPT,42,1531.46,13,0,800.0,0,Mill,3,20.0,20.0,20.0,0.0,19.9,860.4,891.1,911.1,20.0,30.7
2026-09-09 15:34:05,convoy_waves,LPT_SMPT,42,1531.46,13,0,800.0,1,Weld,1,24.0,24.0,24.0,0.0,25.5,952.7,969.2,993.2,24.0,16.6
2026-09-09 15:34:05,convoy_waves,LPT_SMPT,42,1531.46,14,0,800.0,0,Mill,3,20.0,20.0,20.0,0.0,22.0,872.0,911.1,931.1,20.0,39.1
2026-09-09 15:34:05,convoy_waves,LPT_SMPT,42,1531.46,14,0,800.0,1,Weld,1,44.2,44.2,44.2,0.0,21.6,974.8,993.2,1037.5,44.3,18.4
2026-09-09 15:34:05,convoy_waves,LPT_SMPT,42,1531.46,15,0,1200.0,0,Mill,3,20.0,20.0,20.0,0.0,18.6,1231.0,1231.0,1251.0,20.0,0.0
2026-09-09 15:34:05,convoy_waves,LPT_SMPT,42,1531.46,15,0,1200.0,1,Weld,1,39.5,39.5,39.5,0.0,22.9,1306.6,1306.6,1346.2,39.5,0.0
2026-09-09 15:34:05,convoy_waves,LPT_SMPT,42,1531.46,16,0,1200.0,0,Mill,3,20.0,20.0,20.0,0.0,18.6,1238.2,1251.0,1271.0,20.0,12.8
2026-09-09 15:34:05,convoy_waves,LPT_SMPT,42,1531.46,16,0,1200.0,1,Weld,1,24.9,24.9,24.9,0.0,18.7,1314.2,1439.1,1464.1,24.9,124.9
2026-09-09 15:34:05,convoy_waves,LPT_SMPT,42,1531.46,17,0,1200.0,0,Mill,3,20.0,20.0,20.0,0.0,20.2,1247.6,1271.0,1291.1,20.0,23.4
2026-09-09 15:34:05,convoy_waves,LPT_SMPT,42,1531.46,17,0,1200.0,1,Weld,1,41.5,41.5,41.5,0.0,19.5,1326.7,1346.2,1387.7,41.5,19.5
2026-09-09 15:34:05,convoy_waves,LPT_SMPT,42,1531.46,18,0,1200.0,0,Mill,3,20.0,20.0,20.0,0.0,19.9,1260.4,1291.1,1311.1,20.0,30.7
2026-09-09 15:34:05,convoy_waves,LPT_SMPT,42,1531.46,18,0,1200.0,1,Weld,1,51.4,51.4,51.4,0.0,25.5,1352.7,1387.7,1439.1,51.4,35.0
2026-09-09 15:34:05,convoy_waves,LPT_SMPT,42,1531.46,19,0,1200.0,0,Mill,3,20.0,20.0,20.0,0.0,22.0,1272.0,1311.1,1331.1,20.0,39.1
2026-09-09 15:34:05,convoy_waves,LPT_SMPT,42,1531.46,19,0,1200.0,1,Weld,1,15.3,15.3,15.3,0.0,17.1,1370.4,1464.1,1479.4,15.3,93.7
2026-09-09 15:34:43,convoy_waves,LPT_SMPT,43,1531.46,0,0,0.0,0,Mill,3,20.0,20.0,20.0,0.0,18.6,31.0,31.0,51.0,20.0,0.0
2026-09-09 15:34:43,convoy_waves,LPT_SMPT,43,1531.46,0,0,0.0,1,Weld,1,43.8,43.8,43.8,0.0,24.9,103.3,103.3,147.1,43.8,0.0
2026-09-09 15:34:43,convoy_waves,LPT_SMPT,43,1531.46,1,0,0.0,0,Mill,3,20.0,20.0,20.0,0.0,23.8,43.5,51.0,71.0,20.0,7.5
2026-09-09 15:34:43,convoy_waves,LPT_SMPT,43,1531.46,1,0,0.0,1,Weld,1,16.1,16.1,16.1,0.0,18.7,115.6,247.8,263.9,16.2,132.1
2026-09-09 15:34:43,convoy_waves,LPT_SMPT,43,1531.46,2,0,0.0,0,Mill,3,20.0,20.0,20.0,0.0,25.6,53.2,71.0,91.1,20.0,17.8
2026-09-09 15:34:43,convoy_waves,LPT_SMPT,43,1531.46,2,0,0.0,1,Weld,1,27.4,27.4,27.4,0.0,18.7,135.0,147.1,174.5,27.4,12.1
2026-09-09 15:34:43,convoy_waves,LPT_SMPT,43,1531.46,3,0,0.0,0,Mill,3,20.0,20.0,20.0,0.0,25.1,61.4,91.1,111.1,20.0,29.7
2026-09-09 15:34:43,convoy_waves,LPT_SMPT,43,1531.46,3,0,0.0,1,Weld,1,25.0,25.0,25.0,0.0,26.0,154.5,222.7,247.8,25.1,68.2
2026-09-09 15:34:43,convoy_waves,LPT_SMPT,43,1531.46,4,0,0.0,0,Mill,3,20.0,20.0,20.0,0.0,22.5,68.5,111.1,131.1,20.0,42.7
2026-09-09 15:34:43,convoy_waves,LPT_SMPT,43,1531.46,4,0,0.0,1,Weld,1,48.1,48.1,48.1,0.0,17.1,172.2,174.5,222.7,48.2,2.3
2026-09-09 15:34:43,convoy_waves,LPT_SMPT,43,1531.46,5,0,400.0,0,Mill,3,20.0,20.0,20.0,0.0,18.6,431.0,431.0,451.0,20.0,0.0
2026-09-09 15:34:43,convoy_waves,LPT_SMPT,43,1531.46,5,0,400.0,1,Weld,1,45.5,45.5,45.5,0.0,22.9,506.6,506.6,552.1,45.5,0.0
2026-09-09 15:34:43,convoy_waves,LPT_SMPT,43,1531.46,6,0,400.0,0,Mill,3,20.0,20.0,20.0,0.0,18.6,438.2,451.0,471.0,20.0,12.8
2026-09-09 15:34:43,convoy_waves,LPT_SMPT,43,1531.46,6,0,400.0,1,Weld,1,55.2,55.2,55.2,0.0,18.7,514.2,552.1,607.3,55.2,37.9
2026-09-09 15:34:43,convoy_waves,LPT_SMPT,43,1531.46,7,0,400.0,0,Mill,3,20.0,20.0,20.0,0.0,20.2,447.6,471.0,491.1,20.0,23.4
2026-09-09 15:34:43,convoy_waves,LPT_SMPT,43,1531.46,7,0,400.0,1,Weld,1,18.9,18.9,18.9,0.0,19.5,526.7,641.3,660.2,18.9,114.6
2026-09-09 15:34:43,convoy_waves,LPT_SMPT,43,1531.46,8,0,400.0,0,Mill,3,20.0,20.0,20.0,0.0,19.9,460.4,491.1,511.1,20.0,30.7
2026-09-09 15:34:43,convoy_waves,LPT_SMPT,43,1531.46,8,0,400.0,1,Weld,1,34.0,34.0,34.0,0.0,25.5,552.7,607.3,641.3,34.0,54.6
2026-09-09 15:34:43,convoy_waves,LPT_SMPT,43,1531.46,9,0,400.0,0,Mill,3,20.0,20.0,20.0,0.0,22.0,472.0,511.1,531.1,20.0,39.1
2026-09-09 15:34:43,convoy_waves,LPT_SMPT,43,1531.46,9,0,400.0,1,Weld,1,16.3,16.3,16.3,0.0,17.1,570.4,660.2,676.6,16.4,89.9
2026-09-09 15:34:43,convoy_waves,LPT_SMPT,43,1531.46,10,0,800.0,0,Mill,3,20.0,20.0,20.0,0.0,18.6,831.0,831.0,851.0,20.0,0.0
2026-09-09 15:34:43,convoy_waves,LPT_SMPT,43,1531.46,10,0,800.0,1,Weld,1,24.8,24.8,24.8,0.0,22.9,906.6,906.6,931.5,24.9,0.0
2026-09-09 15:34:43,convoy_waves,LPT_SMPT,43,1531.46,11,0,800.0,0,Mill,3,20.0,20.0,20.0,0.0,18.6,838.2,851.0,871.0,20.0,12.8
2026-09-09 15:34:43,convoy_waves,LPT_SMPT,43,1531.46,11,0,800.0,1,Weld,1,37.7,37.7,37.7,0.0,18.7,914.2,931.5,969.2,37.8,17.3
2026-09-09 15:34:43,convoy_waves,LPT_SMPT,43,1531.46,12,0,800.0,0,Mill,3,20.0,20.0,20.0,0.0,20.2,847.6,871.0,891.1,20.0,23.4
2026-09-09 15:34:43,convoy_waves,LPT_SMPT,43,1531.46,12,0,800.0,1,Weld,1,16.2,16.2,16.2,0.0,19.5,926.7,1037.5,1053.7,16.2,110.8
2026-09-09 15:34:43,convoy_waves,LPT_SMPT,43,1531.46,13,0,800.0,0,Mill,3,20.0,20.0,20.0,0.0,19.9,860.4,891.1,911.1,20.0,30.7
2026-09-09 15:34:43,convoy_waves,LPT_SMPT,43,1531.46,13,0,800.0,1,Weld,1,24.0,24.0,24.0,0.0,25.5,952.7,969.2,993.2,24.0,16.6
2026-09-09 15:34:43,convoy_waves,LPT_SMPT,43,1531.46,14,0,800.0,0,Mill,3,20.0,20.0,20.0,0.0,22.0,872.0,911.1,931.1,20.0,39.1
2026-09-09 15:34:43,convoy_waves,LPT_SMPT,43,1531.46,14,0,800.0,1,Weld,1,44.2,44.2,44.2,0.0,21.6,974.8,993.2,1037.5,44.3,18.4
2026-09-09 15:34:43,convoy_waves,LPT_SMPT,43,1531.46,15,0,1200.0,0,Mill,3,20.0,20.0,20.0,0.0,18.6,1231.0,1231.0,1251.0,20.0,0.0
2026-09-09 15:34:43,convoy_waves,LPT_SMPT,43,1531.46,15,0,1200.0,1,Weld,1,39.5,39.5,39.5,0.0,22.9,1306.6,1306.6,1346.2,39.5,0.0
2026-09-09 15:34:43,convoy_waves,LPT_SMPT,43,1531.46,16,0,1200.0,0,Mill,3,20.0,20.0,20.0,0.0,18.6,1238.2,1251.0,1271.0,20.0,12.8
2026-09-09 15:34:43,convoy_waves,LPT_SMPT,43,1531.46,16,0,1200.0,1,Weld,1,24.9,24.9,24.9,0.0,18.7,1314.2,1439.1,1464.1,24.9,124.9
2026-09-09 15:34:43,convoy_waves,LPT_SMPT,43,1531.46,17,0,1200.0,0,Mill,3,20.0,20.0,20.0,0.0,20.2,1247.6,1271.0,1291.1,20.0,23.4
2026-09-09 15:34:43,convoy_waves,LPT_SMPT,43,1531.46,17,0,1200.0,1,Weld,1,41.5,41.5,41.5,0.0,19.5,1326.7,1346.2,1387.7,41.5,19.5
2026-09-09 15:34:43,convoy_waves,LPT_SMPT,43,1531.46,18,0,1200.0,0,Mill,3,20.0,20.0,20.0,0.0,19.9,1260.4,1291.1,1311.1,20.0,30.7
2026-09-09 15:34:43,convoy_waves,LPT_SMPT,43,1531.46,18,0,1200.0,1,Weld,1,51.4,51.4,51.4,0.0,25.5,1352.7,1387.7,1439.1,51.4,35.0
2026-09-09 15:34:43,convoy_waves,LPT_SMPT,43,1531.46,19,0,1200.0,0,Mill,3,20.0,20.0,20.0,0.0,22.0,1272.0,1311.1,1331.1,20.0,39.1
2026-09-09 15:34:43,convoy_waves,LPT_SMPT,43,1531.46,19,0,1200.0,1,Weld,1,15.3,15.3,15.3,0.0,17.1,1370.4,1464.1,1479.4,15.3,93.7
2026-09-09 15:35:22,convoy_waves,LPT_SMPT,44,1531.46,0,0,0.0,0,Mill,3,20.0,20.0,20.0,0.0,18.6,31.0,31.0,51.0,20.0,0.0
2026-09-09 15:35:22,convoy_waves,LPT_SMPT,44,1531.46,0,0,0.0,1,Weld,1,43.8,43.8,43.8,0.0,24.9,103.3,103.3,147.1,43.8,0.0
2026-09-09 15:35:22,convoy_waves,LPT_SMPT,44,1531.46,1,0,0.0,0,Mill,3,20.0,20.0,20.0,0.0,23.8,43.5,51.0,71.0,20.0,7.5
2026-09-09 15:35:22,convoy_waves,LPT_SMPT,44,1531.46,1,0,0.0,1,Weld,1,16.1,16.1,16.1,0.0,18.7,115.6,247.8,263.9,16.2,132.1
2026-09-09 15:35:22,convoy_waves,LPT_SMPT,44,1531.46,2,0,0.0,0,Mill,3,20.0,20.0,20.0,0.0,25.6,53.2,71.0,91.1,20.0,17.8
2026-09-09 15:35:22,convoy_waves,LPT_SMPT,44,1531.46,2,0,0.0,1,Weld,1,27.4,27.4,27.4,0.0,18.7,135.0,147.1,174.5,27.4,12.1
2026-09-09 15:35:22,convoy_waves,LPT_SMPT,44,1531.46,3,0,0.0,0,Mill,3,20.0,20.0,20.0,0.0,25.1,61.4,91.1,111.1,20.0,29.7
2026-09-09 15:35:22,convoy_waves,LPT_SMPT,44,1531.46,3,0,0.0,1,Weld,1,25.0,25.0,25.0,0.0,26.0,154.5,222.7,247.8,25.1,68.2
2026-09-09 15:35:22,convoy_waves,LPT_SMPT,44,1531.46,4,0,0.0,0,Mill,3,20.0,20.0,20.0,0.0,22.5,68.5,111.1,131.1,20.0,42.7
2026-09-09 15:35:22,convoy_waves,LPT_SMPT,44,1531.46,4,0,0.0,1,Weld,1,48.1,48.1,48.1,0.0,17.1,172.2,174.5,222.7,48.2,2.3
2026-09-09 15:35:22,convoy_waves,LPT_SMPT,44,1531.46,5,0,400.0,0,Mill,3,20.0,20.0,20.0,0.0,18.6,431.0,431.0,451.0,20.0,0.0
2026-09-09 15:35:22,convoy_waves,LPT_SMPT,44,1531.46,5,0,400.0,1,Weld,1,45.5,45.5,45.5,0.0,22.9,506.6,506.6,552.1,45.5,0.0
2026-09-09 15:35:22,convoy_waves,LPT_SMPT,44,1531.46,6,0,400.0,0,Mill,3,20.0,20.0,20.0,0.0,18.6,438.2,451.0,471.0,20.0,12.8
2026-09-09 15:35:22,convoy_waves,LPT_SMPT,44,1531.46,6,0,400.0,1,Weld,1,55.2,55.2,55.2,0.0,18.7,514.2,552.1,607.3,55.2,37.9
2026-09-09 15:35:22,convoy_waves,LPT_SMPT,44,1531.46,7,0,400.0,0,Mill,3,20.0,20.0,20.0,0.0,20.2,447.6,471.0,491.1,20.0,23.4
2026-09-09 15:35:22,convoy_waves,LPT_SMPT,44,1531.46,7,0,400.0,1,Weld,1,18.9,18.9,18.9,0.0,19.5,526.7,641.3,660.2,18.9,114.6
2026-09-09 15:35:22,convoy_waves,LPT_SMPT,44,1531.46,8,0,400.0,0,Mill,3,20.0,20.0,20.0,0.0,19.9,460.4,491.1,511.1,20.0,30.7
2026-09-09 15:35:22,convoy_waves,LPT_SMPT,44,1531.46,8,0,400.0,1,Weld,1,34.0,34.0,34.0,0.0,25.5,552.7,607.3,641.3,34.0,54.6
2026-09-09 15:35:22,convoy_waves,LPT_SMPT,44,1531.46,9,0,400.0,0,Mill,3,20.0,20.0,20.0,0.0,22.0,472.0,511.1,531.1,20.0,39.1
2026-09-09 15:35:22,convoy_waves,LPT_SMPT,44,1531.46,9,0,400.0,1,Weld,1,16.3,16.3,16.3,0.0,17.1,570.4,660.2,676.6,16.4,89.9
2026-09-09 15:35:22,convoy_waves,LPT_SMPT,44,1531.46,10,0,800.0,0,Mill,3,20.0,20.0,20.0,0.0,18.6,831.0,831.0,851.0,20.0,0.0
2026-09-09 15:35:22,convoy_waves,LPT_SMPT,44,1531.46,10,0,800.0,1,Weld,1,24.8,24.8,24.8,0.0,22.9,906.6,906.6,931.5,24.9,0.0
2026-09-09 15:35:22,convoy_waves,LPT_SMPT,44,1531.46,11,0,800.0,0,Mill,3,20.0,20.0,20.0,0.0,18.6,838.2,851.0,871.0,20.0,12.8
2026-09-09 15:35:22,convoy_waves,LPT_SMPT,44,1531.46,11,0,800.0,1,Weld,1,37.7,37.7,37.7,0.0,18.7,914.2,931.5,969.2,37.8,17.3
2026-09-09 15:35:22,convoy_waves,LPT_SMPT,44,1531.46,12,0,800.0,0,Mill,3,20.0,20.0,20.0,0.0,20.2,847.6,871.0,891.1,20.0,23.4
2026-09-09 15:35:22,convoy_waves,LPT_SMPT,44,1531.46,12,0,800.0,1,Weld,1,16.2,16.2,16.2,0.0,19.5,926.7,1037.5,1053.7,16.2,110.8
2026-09-09 15:35:22,convoy_waves,LPT_SMPT,44,1531.46,13,0,800.0,0,Mill,3,20.0,20.0,20.0,0.0,19.9,860.4,891.1,911.1,20.0,30.7
2026-09-09 15:35:22,convoy_waves,LPT_SMPT,44,1531.46,13,0,800.0,1,Weld,1,24.0,24.0,24.0,0.0,25.5,952.7,969.2,993.2,24.0,16.6
2026-09-09 15:35:22,convoy_waves,LPT_SMPT,44,1531.46,14,0,800.0,0,Mill,3,20.0,20.0,20.0,0.0,22.0,872.0,911.1,931.1,20.0,39.1
2026-09-09 15:35:22,convoy_waves,LPT_SMPT,44,1531.46,14,0,800.0,1,Weld,1,44.2,44.2,44.2,0.0,21.6,974.8,993.2,1037.5,44.3,18.4
2026-09-09 15:35:22,convoy_waves,LPT_SMPT,44,1531.46,15,0,1200.0,0,Mill,3,20.0,20.0,20.0,0.0,18.6,1231.0,1231.0,1251.0,20.0,0.0
2026-09-09 15:35:22,convoy_waves,LPT_SMPT,44,1531.46,15,0,1200.0,1,Weld,1,39.5,39.5,39.5,0.0,22.9,1306.6,1306.6,1346.2,39.5,0.0
2026-09-09 15:35:22,convoy_waves,LPT_SMPT,44,1531.46,16,0,1200.0,0,Mill,3,20.0,20.0,20.0,0.0,18.6,1238.2,1251.0,1271.0,20.0,12.8
2026-09-09 15:35:22,convoy_waves,LPT_SMPT,44,1531.46,16,0,1200.0,1,Weld,1,24.9,24.9,24.9,0.0,18.7,1314.2,1439.1,1464.1,24.9,124.9
2026-09-09 15:35:22,convoy_waves,LPT_SMPT,44,1531.46,17,0,1200.0,0,Mill,3,20.0,20.0,20.0,0.0,20.2,1247.6,1271.0,1291.1,20.0,23.4
2026-09-09 15:35:22,convoy_waves,LPT_SMPT,44,1531.46,17,0,1200.0,1,Weld,1,41.5,41.5,41.5,0.0,19.5,1326.7,1346.2,1387.7,41.5,19.5
2026-09-09 15:35:22,convoy_waves,LPT_SMPT,44,1531.46,18,0,1200.0,0,Mill,3,20.0,20.0,20.0,0.0,19.9,1260.4,1291.1,1311.1,20.0,30.7
2026-09-09 15:35:22,convoy_waves,LPT_SMPT,44,1531.46,18,0,1200.0,1,Weld,1,51.4,51.4,51.4,0.0,25.5,1352.7,1387.7,1439.1,51.4,35.0
2026-09-09 15:35:22,convoy_waves,LPT_SMPT,44,1531.46,19,0,1200.0,0,Mill,3,20.0,20.0,20.0,0.0,22.0,1272.0,1311.1,1331.1,20.0,39.1
2026-09-09 15:35:22,convoy_waves,LPT_SMPT,44,1531.46,19,0,1200.0,1,Weld,1,15.3,15.3,15.3,0.0,17.1,1370.4,1464.1,1479.4,15.3,93.7
2026-09-09 15:35:33,identical_batch,LPT_SMPT,42,393.02,0,0,0.0,0,Mill,3,20.0,20.0,20.0,0.0,18.6,31.0,31.0,51.0,20.0,0.0
2026-09-09 15:35:33,identical_batch,LPT_SMPT,42,393.02,0,0,0.0,1,Weld,1,40.0,40.0,40.0,0.0,21.6,101.3,101.3,141.4,40.0,0.0
2026-09-09 15:35:33,identical_batch,LPT_SMPT,42,393.02,1,0,0.0,0,Mill,3,20.0,20.0,20.0,0.0,23.8,43.5,51.0,71.0,20.0,7.5
2026-09-09 15:35:33,identical_batch,LPT_SMPT,42,393.02,1,0,0.0,1,Weld,1,40.0,40.0,40.0,0.0,26.8,113.7,141.4,181.4,40.0,27.7
2026-09-09 15:35:33,identical_batch,LPT_SMPT,42,393.02,2,0,0.0,0,Mill,3,20.0,20.0,20.0,0.0,25.6,53.2,71.0,91.1,20.0,17.8
2026-09-09 15:35:33,identical_batch,LPT_SMPT,42,393.02,2,0,0.0,1,Weld,1,40.0,40.0,40.0,0.0,25.5,140.0,181.4,221.4,40.0,41.4
2026-09-09 15:35:33,identical_batch,LPT_SMPT,42,393.02,3,0,0.0,0,Mill,3,20.0,20.0,20.0,0.0,25.1,61.4,91.1,111.1,20.0,29.7
2026-09-09 15:35:33,identical_batch,LPT_SMPT,42,393.02,3,0,0.0,1,Weld,1,40.0,40.0,40.0,0.0,25.5,159.2,221.4,261.4,40.0,62.2
2026-09-09 15:35:33,identical_batch,LPT_SMPT,42,393.02,4,0,0.0,0,Mill,3,20.0,20.0,20.0,0.0,26.6,72.6,111.1,131.1,20.0,38.5
2026-09-09 15:35:33,identical_batch,LPT_SMPT,42,393.02,4,0,0.0,1,Weld,1,40.0,40.0,40.0,0.0,26.2,186.0,261.4,301.4,40.0,75.4
2026-09-09 15:35:33,identical_batch,LPT_SMPT,42,393.02,5,0,0.0,0,Mill,3,20.0,20.0,20.0,0.0,29.5,95.1,131.2,151.2,20.0,36.1
2026-09-09 15:35:33,identical_batch,LPT_SMPT,42,393.02,5,0,0.0,1,Weld,1,40.0,40.0,40.0,0.0,21.8,200.8,301.4,341.5,40.0,100.7
2026-09-09 15:35:43,identical_batch,LPT_SMPT,43,393.02,0,0,0.0,0,Mill,3,20.0,20.0,20.0,0.0,18.6,31.0,31.0,51.0,20.0,0.0
2026-09-09 15:35:43,identical_batch,LPT_SMPT,43,393.02,0,0,0.0,1,Weld,1,40.0,40.0,40.0,0.0,21.6,101.3,101.3,141.4,40.0,0.0
2026-09-09 15:35:43,identical_batch,LPT_SMPT,43,393.02,1,0,0.0,0,Mill,3,20.0,20.0,20.0,0.0,23.8,43.5,51.0,71.0,20.0,7.5
2026-09-09 15:35:43,identical_batch,LPT_SMPT,43,393.02,1,0,0.0,1,Weld,1,40.0,40.0,40.0,0.0,26.8,113.7,141.4,181.4,40.0,27.7
2026-09-09 15:35:43,identical_batch,LPT_SMPT,43,393.02,2,0,0.0,0,Mill,3,20.0,20.0,20.0,0.0,25.6,53.2,71.0,91.1,20.0,17.8
2026-09-09 15:35:43,identical_batch,LPT_SMPT,43,393.02,2,0,0.0,1,Weld,1,40.0,40.0,40.0,0.0,25.5,140.0,181.4,221.4,40.0,41.4
2026-09-09 15:35:43,identical_batch,LPT_SMPT,43,393.02,3,0,0.0,0,Mill,3,20.0,20.0,20.0,0.0,25.1,61.4,91.1,111.1,20.0,29.7
2026-09-09 15:35:43,identical_batch,LPT_SMPT,43,393.02,3,0,0.0,1,Weld,1,40.0,40.0,40.0,0.0,25.5,159.2,221.4,261.4,40.0,62.2
2026-09-09 15:35:43,identical_batch,LPT_SMPT,43,393.02,4,0,0.0,0,Mill,3,20.0,20.0,20.0,0.0,26.6,72.6,111.1,131.1,20.0,38.5
2026-09-09 15:35:43,identical_batch,LPT_SMPT,43,393.02,4,0,0.0,1,Weld,1,40.0,40.0,40.0,0.0,26.2,186.0,261.4,301.4,40.0,75.4
2026-09-09 15:35:43,identical_batch,LPT_SMPT,43,393.02,5,0,0.0,0,Mill,3,20.0,20.0,20.0,0.0,29.5,95.1,131.2,151.2,20.0,36.1
2026-09-09 15:35:43,identical_batch,LPT_SMPT,43,393.02,5,0,0.0,1,Weld,1,40.0,40.0,40.0,0.0,21.8,200.8,301.4,341.5,40.0,100.7
2026-09-09 15:35:54,identical_batch,LPT_SMPT,44,393.02,0,0,0.0,0,Mill,3,20.0,20.0,20.0,0.0,18.6,31.0,31.0,51.0,20.0,0.0
2026-09-09 15:35:54,identical_batch,LPT_SMPT,44,393.02,0,0,0.0,1,Weld,1,40.0,40.0,40.0,0.0,21.6,101.3,101.3,141.4,40.0,0.0
2026-09-09 15:35:54,identical_batch,LPT_SMPT,44,393.02,1,0,0.0,0,Mill,3,20.0,20.0,20.0,0.0,23.8,43.5,51.0,71.0,20.0,7.5
2026-09-09 15:35:54,identical_batch,LPT_SMPT,44,393.02,1,0,0.0,1,Weld,1,40.0,40.0,40.0,0.0,26.8,113.7,141.4,181.4,40.0,27.7
2026-09-09 15:35:54,identical_batch,LPT_SMPT,44,393.02,2,0,0.0,0,Mill,3,20.0,20.0,20.0,0.0,25.6,53.2,71.0,91.1,20.0,17.8
2026-09-09 15:35:54,identical_batch,LPT_SMPT,44,393.02,2,0,0.0,1,Weld,1,40.0,40.0,40.0,0.0,25.5,140.0,181.4,221.4,40.0,41.4
2026-09-09 15:35:54,identical_batch,LPT_SMPT,44,393.02,3,0,0.0,0,Mill,3,20.0,20.0,20.0,0.0,25.1,61.4,91.1,111.1,20.0,29.7
2026-09-09 15:35:54,identical_batch,LPT_SMPT,44,393.02,3,0,0.0,1,Weld,1,40.0,40.0,40.0,0.0,25.5,159.2,221.4,261.4,40.0,62.2
2026-09-09 15:35:54,identical_batch,LPT_SMPT,44,393.02,4,0,0.0,0,Mill,3,20.0,20.0,20.0,0.0,26.6,72.6,111.1,131.1,20.0,38.5
2026-09-09 15:35:54,identical_batch,LPT_SMPT,44,393.02,4,0,0.0,1,Weld,1,40.0,40.0,40.0,0.0,26.2,186.0,261.4,301.4,40.0,75.4
2026-09-09 15:35:54,identical_batch,LPT_SMPT,44,393.02,5,0,0.0,0,Mill,3,20.0,20.0,20.0,0.0,29.5,95.1,131.2,151.2,20.0,36.1
2026-09-09 15:35:54,identical_batch,LPT_SMPT,44,393.02,5,0,0.0,1,Weld,1,40.0,40.0,40.0,0.0,21.8,200.8,301.4,341.5,40.0,100.7
2026-09-09 15:36:07,single_bottleneck,LPT_SMPT,42,523.78,0,0,0.0,0,Mill,3,20.0,20.0,20.0,0.0,18.6,31.0,31.0,51.0,20.0,0.0
2026-09-09 15:36:07,single_bottleneck,LPT_SMPT,42,523.78,0,0,0.0,1,Weld,1,61.2,61.2,61.2,0.0,27.5,119.2,119.2,180.3,61.2,0.0
2026-09-09 15:36:07,single_bottleneck,LPT_SMPT,42,523.78,1,0,0.0,0,Mill,3,20.0,20.0,20.0,0.0,18.6,38.3,51.0,71.0,20.0,12.7
2026-09-09 15:36:07,single_bottleneck,LPT_SMPT,42,523.78,1,0,0.0,1,Weld,1,12.0,12.0,12.0,0.0,29.4,106.7,106.7,118.8,12.0,0.0
2026-09-09 15:36:07,single_bottleneck,LPT_SMPT,42,523.78,2,0,0.0,0,Mill,3,20.0,20.0,20.0,0.0,20.7,48.3,71.0,91.1,20.0,22.8
2026-09-09 15:36:07,single_bottleneck,LPT_SMPT,42,523.78,2,0,0.0,1,Weld,1,32.0,32.0,32.0,0.0,28.3,141.3,180.3,212.4,32.0,39.0
2026-09-09 15:36:07,single_bottleneck,LPT_SMPT,42,523.78,3,0,0.0,0,Mill,3,20.0,20.0,20.0,0.0,33.7,84.5,91.1,111.1,20.0,6.6
2026-09-09 15:36:07,single_bottleneck,LPT_SMPT,42,523.78,3,0,0.0,1,Weld,1,27.9,27.9,27.9,0.0,36.4,160.6,426.9,454.7,27.9,266.3
2026-09-09 15:36:07,single_bottleneck,LPT_SMPT,42,523.78,4,0,0.0,0,Mill,3,20.0,20.0,20.0,0.0,38.1,98.6,111.1,131.1,20.0,12.5
2026-09-09 15:36:07,single_bottleneck,LPT_SMPT,42,523.78,4,0,0.0,1,Weld,1,68.9,68.9,68.9,0.0,26.0,187.1,212.4,281.3,68.9,25.3
2026-09-09 15:36:07,single_bottleneck,LPT_SMPT,42,523.78,5,0,0.0,0,Mill,3,20.0,20.0,20.0,0.0,35.5,105.7,131.2,151.2,20.0,25.4
2026-09-09 15:36:07,single_bottleneck,LPT_SMPT,42,523.78,5,0,0.0,1,Weld,1,64.1,64.1,64.1,0.0,33.3,207.0,362.7,426.9,64.2,155.7
2026-09-09 15:36:07,single_bottleneck,LPT_SMPT,42,523.78,6,0,0.0,0,Mill,3,20.0,20.0,20.0,0.0,26.6,67.9,151.2,171.2,20.0,83.3
2026-09-09 15:36:07,single_bottleneck,LPT_SMPT,42,523.78,6,0,0.0,1,Weld,1,81.4,81.4,81.4,0.0,25.5,233.1,281.3,362.7,81.4,48.2
2026-09-09 15:36:07,single_bottleneck,LPT_SMPT,42,523.78,7,0,0.0,0,Mill,3,20.0,20.0,20.0,0.0,21.7,58.1,171.2,191.3,20.0,113.2
2026-09-09 15:36:07,single_bottleneck,LPT_SMPT,42,523.78,7,0,0.0,1,Weld,1,17.0,17.0,17.0,0.0,27.8,247.7,454.7,471.7,17.0,207.1
2026-09-09 15:36:21,single_bottleneck,LPT_SMPT,43,523.78,0,0,0.0,0,Mill,3,20.0,20.0,20.0,0.0,18.6,31.0,31.0,51.0,20.0,0.0
2026-09-09 15:36:21,single_bottleneck,LPT_SMPT,43,523.78,0,0,0.0,1,Weld,1,61.2,61.2,61.2,0.0,27.5,119.2,119.2,180.3,61.2,0.0
2026-09-09 15:36:21,single_bottleneck,LPT_SMPT,43,523.78,1,0,0.0,0,Mill,3,20.0,20.0,20.0,0.0,18.6,38.3,51.0,71.0,20.0,12.7
2026-09-09 15:36:21,single_bottleneck,LPT_SMPT,43,523.78,1,0,0.0,1,Weld,1,12.0,12.0,12.0,0.0,29.4,106.7,106.7,118.8,12.0,0.0
2026-09-09 15:36:21,single_bottleneck,LPT_SMPT,43,523.78,2,0,0.0,0,Mill,3,20.0,20.0,20.0,0.0,20.7,48.3,71.0,91.1,20.0,22.8
2026-09-09 15:36:21,single_bottleneck,LPT_SMPT,43,523.78,2,0,0.0,1,Weld,1,32.0,32.0,32.0,0.0,28.3,141.3,180.3,212.4,32.0,39.0
2026-09-09 15:36:21,single_bottleneck,LPT_SMPT,43,523.78,3,0,0.0,0,Mill,3,20.0,20.0,20.0,0.0,33.7,84.5,91.1,111.1,20.0,6.6
2026-09-09 15:36:21,single_bottleneck,LPT_SMPT,43,523.78,3,0,0.0,1,Weld,1,27.9,27.9,27.9,0.0,36.4,160.6,426.9,454.7,27.9,266.3
2026-09-09 15:36:21,single_bottleneck,LPT_SMPT,43,523.78,4,0,0.0,0,Mill,3,20.0,20.0,20.0,0.0,38.1,98.6,111.1,131.1,20.0,12.5
2026-09-09 15:36:21,single_bottleneck,LPT_SMPT,43,523.78,4,0,0.0,1,Weld,1,68.9,68.9,68.9,0.0,26.0,187.1,212.4,281.3,68.9,25.3
2026-09-09 15:36:21,single_bottleneck,LPT_SMPT,43,523.78,5,0,0.0,0,Mill,3,20.0,20.0,20.0,0.0,35.5,105.7,131.2,151.2,20.0,25.4
2026-09-09 15:36:21,single_bottleneck,LPT_SMPT,43,523.78,5,0,0.0,1,Weld,1,64.1,64.1,64.1,0.0,33.3,207.0,362.7,426.9,64.2,155.7
2026-09-09 15:36:21,single_bottleneck,LPT_SMPT,43,523.78,6,0,0.0,0,Mill,3,20.0,20.0,20.0,0.0,26.6,67.9,151.2,171.2,20.0,83.3
2026-09-09 15:36:21,single_bottleneck,LPT_SMPT,43,523.78,6,0,0.0,1,Weld,1,81.4,81.4,81.4,0.0,25.5,233.1,281.3,362.7,81.4,48.2
2026-09-09 15:36:21,single_bottleneck,LPT_SMPT,43,523.78,7,0,0.0,0,Mill,3,20.0,20.0,20.0,0.0,21.7,58.1,171.2,191.3,20.0,113.2
2026-09-09 15:36:21,single_bottleneck,LPT_SMPT,43,523.78,7,0,0.0,1,Weld,1,17.0,17.0,17.0,0.0,27.8,247.7,454.7,471.7,17.0,207.1
2026-09-09 15:36:35,single_bottleneck,LPT_SMPT,44,523.78,0,0,0.0,0,Mill,3,20.0,20.0,20.0,0.0,18.6,31.0,31.0,51.0,20.0,0.0
2026-09-09 15:36:35,single_bottleneck,LPT_SMPT,44,523.78,0,0,0.0,1,Weld,1,61.2,61.2,61.2,0.0,27.5,119.2,119.2,180.3,61.2,0.0
2026-09-09 15:36:35,single_bottleneck,LPT_SMPT,44,523.78,1,0,0.0,0,Mill,3,20.0,20.0,20.0,0.0,18.6,38.3,51.0,71.0,20.0,12.7
2026-09-09 15:36:35,single_bottleneck,LPT_SMPT,44,523.78,1,0,0.0,1,Weld,1,12.0,12.0,12.0,0.0,29.4,106.7,106.7,118.8,12.0,0.0
2026-09-09 15:36:35,single_bottleneck,LPT_SMPT,44,523.78,2,0,0.0,0,Mill,3,20.0,20.0,20.0,0.0,20.7,48.3,71.0,91.1,20.0,22.8
2026-09-09 15:36:35,single_bottleneck,LPT_SMPT,44,523.78,2,0,0.0,1,Weld,1,32.0,32.0,32.0,0.0,28.3,141.3,180.3,212.4,32.0,39.0
2026-09-09 15:36:35,single_bottleneck,LPT_SMPT,44,523.78,3,0,0.0,0,Mill,3,20.0,20.0,20.0,0.0,33.7,84.5,91.1,111.1,20.0,6.6
2026-09-09 15:36:35,single_bottleneck,LPT_SMPT,44,523.78,3,0,0.0,1,Weld,1,27.9,27.9,27.9,0.0,36.4,160.6,426.9,454.7,27.9,266.3
2026-09-09 15:36:35,single_bottleneck,LPT_SMPT,44,523.78,4,0,0.0,0,Mill,3,20.0,20.0,20.0,0.0,38.1,98.6,111.1,131.1,20.0,12.5
2026-09-09 15:36:35,single_bottleneck,LPT_SMPT,44,523.78,4,0,0.0,1,Weld,1,68.9,68.9,68.9,0.0,26.0,187.1,212.4,281.3,68.9,25.3
2026-09-09 15:36:35,single_bottleneck,LPT_SMPT,44,523.78,5,0,0.0,0,Mill,3,20.0,20.0,20.0,0.0,35.5,105.7,131.2,151.2,20.0,25.4
2026-09-09 15:36:35,single_bottleneck,LPT_SMPT,44,523.78,5,0,0.0,1,Weld,1,64.1,64.1,64.1,0.0,33.3,207.0,362.7,426.9,64.2,155.7
2026-09-09 15:36:35,single_bottleneck,LPT_SMPT,44,523.78,6,0,0.0,0,Mill,3,20.0,20.0,20.0,0.0,26.6,67.9,151.2,171.2,20.0,83.3
2026-09-09 15:36:35,single_bottleneck,LPT_SMPT,44,523.78,6,0,0.0,1,Weld,1,81.4,81.4,81.4,0.0,25.5,233.1,281.3,362.7,81.4,48.2
2026-09-09 15:36:35,single_bottleneck,LPT_SMPT,44,523.78,7,0,0.0,0,Mill,3,20.0,20.0,20.0,0.0,21.7,58.1,171.2,191.3,20.0,113.2
2026-09-09 15:36:35,single_bottleneck,LPT_SMPT,44,523.78,7,0,0.0,1,Weld,1,17.0,17.0,17.0,0.0,27.8,247.7,454.7,471.7,17.0,207.1
2026-09-09 15:36:58,sparse_bottleneck_floor,LPT_SMPT,42,818.98,0,0,0.0,0,Mill,3,31.0,31.0,31.0,0.0,18.6,31.2,31.2,62.3,31.0,0.0
2026-09-09 15:36:58,sparse_bottleneck_floor,LPT_SMPT,42,818.98,0,0,0.0,1,Weld,1,16.1,16.1,16.1,0.0,46.4,117.3,117.3,133.5,16.2,0.0
2026-09-09 15:36:58,sparse_bottleneck_floor,LPT_SMPT,42,818.98,0,0,0.0,2,Assemble,3,21.9,21.9,21.9,0.0,41.5,177.2,177.2,199.1,21.9,0.0
2026-09-09 15:36:58,sparse_bottleneck_floor,LPT_SMPT,42,818.98,1,0,0.0,0,Mill,3,20.6,20.6,20.6,0.0,18.6,38.9,395.6,416.2,20.6,356.8
2026-09-09 15:36:58,sparse_bottleneck_floor,LPT_SMPT,42,818.98,1,0,0.0,1,Weld,1,48.1,48.1,48.1,0.0,38.9,504.4,504.5,552.6,48.2,0.1
2026-09-09 15:36:58,sparse_bottleneck_floor,LPT_SMPT,42,818.98,1,0,0.0,2,Assemble,3,31.9,31.9,31.9,0.0,37.2,609.5,609.5,641.5,31.9,0.0
2026-09-09 15:36:58,sparse_bottleneck_floor,LPT_SMPT,42,818.98,2,0,0.0,0,Mill,3,37.3,37.3,37.3,0.0,27.9,69.4,175.9,213.2,37.3,106.6
2026-09-09 15:36:58,sparse_bottleneck_floor,LPT_SMPT,42,818.98,2,0,0.0,1,Weld,1,18.9,18.9,18.9,0.0,48.0,276.3,276.3,295.2,18.9,0.0
2026-09-09 15:36:58,sparse_bottleneck_floor,LPT_SMPT,42,818.98,2,0,0.0,2,Assemble,3,25.6,25.6,25.6,0.0,45.5,349.9,349.9,375.4,25.6,0.0
2026-09-09 15:36:58,sparse_bottleneck_floor,LPT_SMPT,42,818.98,3,0,0.0,0,Mill,3,15.7,15.7,15.7,0.0,19.6,48.7,433.7,449.5,15.8,385.0
2026-09-09 15:36:58,sparse_bottleneck_floor,LPT_SMPT,42,818.98,3,0,0.0,1,Weld,1,24.8,24.8,24.8,0.0,51.3,532.7,633.9,658.7,24.9,101.2
2026-09-09 15:36:58,sparse_bottleneck_floor,LPT_SMPT,42,818.98,3,0,0.0,2,Assemble,3,27.6,27.6,27.6,0.0,38.2,703.7,703.7,731.4,27.7,0.0
2026-09-09 15:36:58,sparse_bottleneck_floor,LPT_SMPT,42,818.98,4,0,0.0,0,Mill,3,15.7,15.7,15.7,0.0,33.4,85.2,449.5,465.2,15.7,364.3
2026-09-09 15:36:58,sparse_bottleneck_floor,LPT_SMPT,42,818.98,4,0,0.0,1,Weld,1,24.0,24.0,24.0,0.0,45.9,578.6,658.8,682.7,24.0,80.1
2026-09-09 15:36:58,sparse_bottleneck_floor,LPT_SMPT,42,818.98,4,0,0.0,2,Assemble,3,31.3,31.3,31.3,0.0,41.3,726.3,731.4,762.7,31.3,5.1
2026-09-09 15:36:58,sparse_bottleneck_floor,LPT_SMPT,42,818.98,5,0,0.0,0,Mill,3,28.6,28.6,28.6,0.0,37.1,99.3,346.2,374.9,28.6,247.0
2026-09-09 15:36:58,sparse_bottleneck_floor,LPT_SMPT,42,818.98,5,0,0.0,1,Weld,1,24.9,24.9,24.9,0.0,50.0,434.2,479.5,504.4,24.9,45.3
2026-09-09 15:36:58,sparse_bottleneck_floor,LPT_SMPT,42,818.98,5,0,0.0,2,Assemble,3,29.7,29.7,29.7,0.0,44.5,578.7,578.7,608.4,29.8,0.0
2026-09-09 15:36:58,sparse_bottleneck_floor,LPT_SMPT,42,818.98,6,0,0.0,0,Mill,3,35.2,35.2,35.2,0.0,22.2,58.9,62.3,97.5,35.3,3.4
2026-09-09 15:36:58,sparse_bottleneck_floor,LPT_SMPT,42,818.98,6,0,0.0,1,Weld,1,15.3,15.3,15.3,0.0,40.4,141.2,141.2,156.6,15.3,0.0
2026-09-09 15:36:58,sparse_bottleneck_floor,LPT_SMPT,42,818.98,6,0,0.0,2,Assemble,3,35.2,35.2,35.2,0.0,48.6,206.7,206.7,241.9,35.2,0.0
2026-09-09 15:36:58,sparse_bottleneck_floor,LPT_SMPT,42,818.98,7,0,0.0,0,Mill,3,32.5,32.5,32.5,0.0,31.1,78.0,284.3,316.7,32.5,206.3
2026-09-09 15:36:58,sparse_bottleneck_floor,LPT_SMPT,42,818.98,7,0,0.0,1,Weld,1,30.3,30.3,30.3,0.0,42.8,379.2,402.4,432.7,30.3,23.2
2026-09-09 15:36:58,sparse_bottleneck_floor,LPT_SMPT,42,818.98,7,0,0.0,2,Assemble,3,18.9,18.9,18.9,0.0,50.4,540.0,540.0,558.9,18.9,0.0
2026-09-09 15:36:58,sparse_bottleneck_floor,LPT_SMPT,42,818.98,8,0,0.0,0,Mill,3,38.9,38.9,38.9,0.0,35.0,92.2,97.6,136.5,39.0,5.3
2026-09-09 15:36:58,sparse_bottleneck_floor,LPT_SMPT,42,818.98,8,0,0.0,1,Weld,1,30.2,30.2,30.2,0.0,46.7,185.0,185.0,215.1,30.2,0.0
2026-09-09 15:36:58,sparse_bottleneck_floor,LPT_SMPT,42,818.98,8,0,0.0,2,Assemble,3,17.3,17.3,17.3,0.0,47.6,277.7,277.7,295.1,17.3,0.0
2026-09-09 15:36:58,sparse_bottleneck_floor,LPT_SMPT,42,818.98,9,0,0.0,0,Mill,3,17.4,17.4,17.4,0.0,40.2,107.9,416.3,433.7,17.4,308.4
2026-09-09 15:36:58,sparse_bottleneck_floor,LPT_SMPT,42,818.98,9,0,0.0,1,Weld,1,53.1,53.1,53.1,0.0,50.6,545.6,552.6,605.8,53.2,7.1
2026-09-09 15:36:58,sparse_bottleneck_floor,LPT_SMPT,42,818.98,9,0,0.0,2,Assemble,3,30.1,30.1,30.1,0.0,43.9,652.2,652.2,682.3,30.1,0.0
2026-09-09 15:36:58,sparse_bottleneck_floor,LPT_SMPT,42,818.98,10,0,0.0,0,Mill,3,35.2,35.2,35.2,0.0,31.6,115.0,249.0,284.2,35.2,134.1
2026-09-09 15:36:58,sparse_bottleneck_floor,LPT_SMPT,42,818.98,10,0,0.0,1,Weld,1,47.8,47.8,47.8,0.0,47.4,354.5,354.5,402.4,47.9,0.0
2026-09-09 15:36:58,sparse_bottleneck_floor,LPT_SMPT,42,818.98,10,0,0.0,2,Assemble,3,28.4,28.4,28.4,0.0,43.7,465.1,465.1,493.6,28.4,0.0
2026-09-09 15:36:58,sparse_bottleneck_floor,LPT_SMPT,42,818.98,11,0,0.0,0,Mill,3,39.3,39.3,39.3,0.0,31.6,122.2,136.5,175.9,39.4,14.4
2026-09-09 15:36:58,sparse_bottleneck_floor,LPT_SMPT,42,818.98,11,0,0.0,1,Weld,1,32.0,32.0,32.0,0.0,42.8,236.3,236.3,268.4,32.1,0.0
2026-09-09 15:36:58,sparse_bottleneck_floor,LPT_SMPT,42,818.98,11,0,0.0,2,Assemble,3,28.8,28.8,28.8,0.0,43.9,314.5,314.5,343.4,28.8,0.0
2026-09-09 15:36:58,sparse_bottleneck_floor,LPT_SMPT,42,818.98,12,0,0.0,0,Mill,3,35.7,35.7,35.7,0.0,31.6,129.2,213.3,249.0,35.8,84.0
2026-09-09 15:36:58,sparse_bottleneck_floor,LPT_SMPT,42,818.98,12,0,0.0,1,Weld,1,42.8,42.8,42.8,0.0,46.9,310.5,310.5,353.4,42.9,0.0
2026-09-09 15:36:58,sparse_bottleneck_floor,LPT_SMPT,42,818.98,12,0,0.0,2,Assemble,3,36.5,36.5,36.5,0.0,52.0,419.5,419.5,456.0,36.6,0.0
2026-09-09 15:36:58,sparse_bottleneck_floor,LPT_SMPT,42,818.98,13,0,0.0,0,Mill,3,29.4,29.4,29.4,0.0,23.0,136.3,316.8,346.2,29.5,180.5
2026-09-09 15:36:58,sparse_bottleneck_floor,LPT_SMPT,42,818.98,13,0,0.0,1,Weld,1,46.7,46.7,46.7,0.0,43.3,413.0,432.7,479.5,46.7,19.7
2026-09-09 15:36:58,sparse_bottleneck_floor,LPT_SMPT,42,818.98,13,0,0.0,2,Assemble,3,16.2,16.2,16.2,0.0,43.2,549.1,558.9,575.1,16.2,9.9
2026-09-09 15:36:58,sparse_bottleneck_floor,LPT_SMPT,42,818.98,14,0,0.0,0,Mill,3,20.7,20.7,20.7,0.0,25.1,145.5,374.9,395.6,20.7,229.4
2026-09-09 15:36:58,sparse_bottleneck_floor,LPT_SMPT,42,818.98,14,0,0.0,1,Weld,1,28.0,28.0,28.0,0.0,51.1,483.6,605.8,633.9,28.0,122.2
2026-09-09 15:36:58,sparse_bottleneck_floor,LPT_SMPT,42,818.98,14,0,0.0,2,Assemble,3,17.0,17.0,17.0,0.0,47.8,683.9,683.9,701.0,17.0,0.0
2026-09-09 15:37:22,sparse_bottleneck_floor,LPT_SMPT,43,818.98,0,0,0.0,0,Mill,3,31.0,31.0,31.0,0.0,18.6,31.2,31.2,62.3,31.0,0.0
2026-09-09 15:37:22,sparse_bottleneck_floor,LPT_SMPT,43,818.98,0,0,0.0,1,Weld,1,16.1,16.1,16.1,0.0,46.4,117.3,117.3,133.5,16.2,0.0
2026-09-09 15:37:22,sparse_bottleneck_floor,LPT_SMPT,43,818.98,0,0,0.0,2,Assemble,3,21.9,21.9,21.9,0.0,41.5,177.2,177.2,199.1,21.9,0.0
2026-09-09 15:37:22,sparse_bottleneck_floor,LPT_SMPT,43,818.98,1,0,0.0,0,Mill,3,20.6,20.6,20.6,0.0,18.6,38.9,395.6,416.2,20.6,356.8
2026-09-09 15:37:22,sparse_bottleneck_floor,LPT_SMPT,43,818.98,1,0,0.0,1,Weld,1,48.1,48.1,48.1,0.0,38.9,504.4,504.5,552.6,48.2,0.1
2026-09-09 15:37:22,sparse_bottleneck_floor,LPT_SMPT,43,818.98,1,0,0.0,2,Assemble,3,31.9,31.9,31.9,0.0,37.2,609.5,609.5,641.5,31.9,0.0
2026-09-09 15:37:22,sparse_bottleneck_floor,LPT_SMPT,43,818.98,2,0,0.0,0,Mill,3,37.3,37.3,37.3,0.0,27.9,69.4,175.9,213.2,37.3,106.6
2026-09-09 15:37:22,sparse_bottleneck_floor,LPT_SMPT,43,818.98,2,0,0.0,1,Weld,1,18.9,18.9,18.9,0.0,48.0,276.3,276.3,295.2,18.9,0.0
2026-09-09 15:37:22,sparse_bottleneck_floor,LPT_SMPT,43,818.98,2,0,0.0,2,Assemble,3,25.6,25.6,25.6,0.0,45.5,349.9,349.9,375.4,25.6,0.0
2026-09-09 15:37:22,sparse_bottleneck_floor,LPT_SMPT,43,818.98,3,0,0.0,0,Mill,3,15.7,15.7,15.7,0.0,19.6,48.7,433.7,449.5,15.8,385.0
2026-09-09 15:37:22,sparse_bottleneck_floor,LPT_SMPT,43,818.98,3,0,0.0,1,Weld,1,24.8,24.8,24.8,0.0,51.3,532.7,633.9,658.7,24.9,101.2
2026-09-09 15:37:22,sparse_bottleneck_floor,LPT_SMPT,43,818.98,3,0,0.0,2,Assemble,3,27.6,27.6,27.6,0.0,38.2,703.7,703.7,731.4,27.7,0.0
2026-09-09 15:37:22,sparse_bottleneck_floor,LPT_SMPT,43,818.98,4,0,0.0,0,Mill,3,15.7,15.7,15.7,0.0,33.4,85.2,449.5,465.2,15.7,364.3
2026-09-09 15:37:22,sparse_bottleneck_floor,LPT_SMPT,43,818.98,4,0,0.0,1,Weld,1,24.0,24.0,24.0,0.0,45.9,578.6,658.8,682.7,24.0,80.1
2026-09-09 15:37:22,sparse_bottleneck_floor,LPT_SMPT,43,818.98,4,0,0.0,2,Assemble,3,31.3,31.3,31.3,0.0,41.3,726.3,731.4,762.7,31.3,5.1
2026-09-09 15:37:22,sparse_bottleneck_floor,LPT_SMPT,43,818.98,5,0,0.0,0,Mill,3,28.6,28.6,28.6,0.0,37.1,99.3,346.2,374.9,28.6,247.0
2026-09-09 15:37:22,sparse_bottleneck_floor,LPT_SMPT,43,818.98,5,0,0.0,1,Weld,1,24.9,24.9,24.9,0.0,50.0,434.2,479.5,504.4,24.9,45.3
2026-09-09 15:37:22,sparse_bottleneck_floor,LPT_SMPT,43,818.98,5,0,0.0,2,Assemble,3,29.7,29.7,29.7,0.0,44.5,578.7,578.7,608.4,29.8,0.0
2026-09-09 15:37:22,sparse_bottleneck_floor,LPT_SMPT,43,818.98,6,0,0.0,0,Mill,3,35.2,35.2,35.2,0.0,22.2,58.9,62.3,97.5,35.3,3.4
2026-09-09 15:37:22,sparse_bottleneck_floor,LPT_SMPT,43,818.98,6,0,0.0,1,Weld,1,15.3,15.3,15.3,0.0,40.4,141.2,141.2,156.6,15.3,0.0
2026-09-09 15:37:22,sparse_bottleneck_floor,LPT_SMPT,43,818.98,6,0,0.0,2,Assemble,3,35.2,35.2,35.2,0.0,48.6,206.7,206.7,241.9,35.2,0.0
2026-09-09 15:37:22,sparse_bottleneck_floor,LPT_SMPT,43,818.98,7,0,0.0,0,Mill,3,32.5,32.5,32.5,0.0,31.1,78.0,284.3,316.7,32.5,206.3
2026-09-09 15:37:22,sparse_bottleneck_floor,LPT_SMPT,43,818.98,7,0,0.0,1,Weld,1,30.3,30.3,30.3,0.0,42.8,379.2,402.4,432.7,30.3,23.2
2026-09-09 15:37:22,sparse_bottleneck_floor,LPT_SMPT,43,818.98,7,0,0.0,2,Assemble,3,18.9,18.9,18.9,0.0,50.4,540.0,540.0,558.9,18.9,0.0
2026-09-09 15:37:22,sparse_bottleneck_floor,LPT_SMPT,43,818.98,8,0,0.0,0,Mill,3,38.9,38.9,38.9,0.0,35.0,92.2,97.6,136.5,39.0,5.3
2026-09-09 15:37:22,sparse_bottleneck_floor,LPT_SMPT,43,818.98,8,0,0.0,1,Weld,1,30.2,30.2,30.2,0.0,46.7,185.0,185.0,215.1,30.2,0.0
2026-09-09 15:37:22,sparse_bottleneck_floor,LPT_SMPT,43,818.98,8,0,0.0,2,Assemble,3,17.3,17.3,17.3,0.0,47.6,277.7,277.7,295.1,17.3,0.0
2026-09-09 15:37:22,sparse_bottleneck_floor,LPT_SMPT,43,818.98,9,0,0.0,0,Mill,3,17.4,17.4,17.4,0.0,40.2,107.9,416.3,433.7,17.4,308.4
2026-09-09 15:37:22,sparse_bottleneck_floor,LPT_SMPT,43,818.98,9,0,0.0,1,Weld,1,53.1,53.1,53.1,0.0,50.6,545.6,552.6,605.8,53.2,7.1
2026-09-09 15:37:22,sparse_bottleneck_floor,LPT_SMPT,43,818.98,9,0,0.0,2,Assemble,3,30.1,30.1,30.1,0.0,43.9,652.2,652.2,682.3,30.1,0.0
2026-09-09 15:37:22,sparse_bottleneck_floor,LPT_SMPT,43,818.98,10,0,0.0,0,Mill,3,35.2,35.2,35.2,0.0,31.6,115.0,249.0,284.2,35.2,134.1
2026-09-09 15:37:22,sparse_bottleneck_floor,LPT_SMPT,43,818.98,10,0,0.0,1,Weld,1,47.8,47.8,47.8,0.0,47.4,354.5,354.5,402.4,47.9,0.0
2026-09-09 15:37:22,sparse_bottleneck_floor,LPT_SMPT,43,818.98,10,0,0.0,2,Assemble,3,28.4,28.4,28.4,0.0,43.7,465.1,465.1,493.6,28.4,0.0
2026-09-09 15:37:22,sparse_bottleneck_floor,LPT_SMPT,43,818.98,11,0,0.0,0,Mill,3,39.3,39.3,39.3,0.0,31.6,122.2,136.5,175.9,39.4,14.4
2026-09-09 15:37:22,sparse_bottleneck_floor,LPT_SMPT,43,818.98,11,0,0.0,1,Weld,1,32.0,32.0,32.0,0.0,42.8,236.3,236.3,268.4,32.1,0.0
2026-09-09 15:37:22,sparse_bottleneck_floor,LPT_SMPT,43,818.98,11,0,0.0,2,Assemble,3,28.8,28.8,28.8,0.0,43.9,314.5,314.5,343.4,28.8,0.0
2026-09-09 15:37:22,sparse_bottleneck_floor,LPT_SMPT,43,818.98,12,0,0.0,0,Mill,3,35.7,35.7,35.7,0.0,31.6,129.2,213.3,249.0,35.8,84.0
2026-09-09 15:37:22,sparse_bottleneck_floor,LPT_SMPT,43,818.98,12,0,0.0,1,Weld,1,42.8,42.8,42.8,0.0,46.9,310.5,310.5,353.4,42.9,0.0
2026-09-09 15:37:22,sparse_bottleneck_floor,LPT_SMPT,43,818.98,12,0,0.0,2,Assemble,3,36.5,36.5,36.5,0.0,52.0,419.5,419.5,456.0,36.6,0.0
2026-09-09 15:37:22,sparse_bottleneck_floor,LPT_SMPT,43,818.98,13,0,0.0,0,Mill,3,29.4,29.4,29.4,0.0,23.0,136.3,316.8,346.2,29.5,180.5
2026-09-09 15:37:22,sparse_bottleneck_floor,LPT_SMPT,43,818.98,13,0,0.0,1,Weld,1,46.7,46.7,46.7,0.0,43.3,413.0,432.7,479.5,46.7,19.7
2026-09-09 15:37:22,sparse_bottleneck_floor,LPT_SMPT,43,818.98,13,0,0.0,2,Assemble,3,16.2,16.2,16.2,0.0,43.2,549.1,558.9,575.1,16.2,9.9
2026-09-09 15:37:22,sparse_bottleneck_floor,LPT_SMPT,43,818.98,14,0,0.0,0,Mill,3,20.7,20.7,20.7,0.0,25.1,145.5,374.9,395.6,20.7,229.4
2026-09-09 15:37:22,sparse_bottleneck_floor,LPT_SMPT,43,818.98,14,0,0.0,1,Weld,1,28.0,28.0,28.0,0.0,51.1,483.6,605.8,633.9,28.0,122.2
2026-09-09 15:37:22,sparse_bottleneck_floor,LPT_SMPT,43,818.98,14,0,0.0,2,Assemble,3,17.0,17.0,17.0,0.0,47.8,683.9,683.9,701.0,17.0,0.0
2026-09-09 15:37:45,sparse_bottleneck_floor,LPT_SMPT,44,818.98,0,0,0.0,0,Mill,3,31.0,31.0,31.0,0.0,18.6,31.2,31.2,62.3,31.0,0.0
2026-09-09 15:37:45,sparse_bottleneck_floor,LPT_SMPT,44,818.98,0,0,0.0,1,Weld,1,16.1,16.1,16.1,0.0,46.4,117.3,117.3,133.5,16.2,0.0
2026-09-09 15:37:45,sparse_bottleneck_floor,LPT_SMPT,44,818.98,0,0,0.0,2,Assemble,3,21.9,21.9,21.9,0.0,41.5,177.2,177.2,199.1,21.9,0.0
2026-09-09 15:37:45,sparse_bottleneck_floor,LPT_SMPT,44,818.98,1,0,0.0,0,Mill,3,20.6,20.6,20.6,0.0,18.6,38.9,395.6,416.2,20.6,356.8
2026-09-09 15:37:45,sparse_bottleneck_floor,LPT_SMPT,44,818.98,1,0,0.0,1,Weld,1,48.1,48.1,48.1,0.0,38.9,504.4,504.5,552.6,48.2,0.1
2026-09-09 15:37:45,sparse_bottleneck_floor,LPT_SMPT,44,818.98,1,0,0.0,2,Assemble,3,31.9,31.9,31.9,0.0,37.2,609.5,609.5,641.5,31.9,0.0
2026-09-09 15:37:45,sparse_bottleneck_floor,LPT_SMPT,44,818.98,2,0,0.0,0,Mill,3,37.3,37.3,37.3,0.0,27.9,69.4,175.9,213.2,37.3,106.6
2026-09-09 15:37:45,sparse_bottleneck_floor,LPT_SMPT,44,818.98,2,0,0.0,1,Weld,1,18.9,18.9,18.9,0.0,48.0,276.3,276.3,295.2,18.9,0.0
2026-09-09 15:37:45,sparse_bottleneck_floor,LPT_SMPT,44,818.98,2,0,0.0,2,Assemble,3,25.6,25.6,25.6,0.0,45.5,349.9,349.9,375.4,25.6,0.0
2026-09-09 15:37:45,sparse_bottleneck_floor,LPT_SMPT,44,818.98,3,0,0.0,0,Mill,3,15.7,15.7,15.7,0.0,19.6,48.7,433.7,449.5,15.8,385.0
2026-09-09 15:37:45,sparse_bottleneck_floor,LPT_SMPT,44,818.98,3,0,0.0,1,Weld,1,24.8,24.8,24.8,0.0,51.3,532.7,633.9,658.7,24.9,101.2
2026-09-09 15:37:45,sparse_bottleneck_floor,LPT_SMPT,44,818.98,3,0,0.0,2,Assemble,3,27.6,27.6,27.6,0.0,38.2,703.7,703.7,731.4,27.7,0.0
2026-09-09 15:37:45,sparse_bottleneck_floor,LPT_SMPT,44,818.98,4,0,0.0,0,Mill,3,15.7,15.7,15.7,0.0,33.4,85.2,449.5,465.2,15.7,364.3
2026-09-09 15:37:45,sparse_bottleneck_floor,LPT_SMPT,44,818.98,4,0,0.0,1,Weld,1,24.0,24.0,24.0,0.0,45.9,578.6,658.8,682.7,24.0,80.1
2026-09-09 15:37:45,sparse_bottleneck_floor,LPT_SMPT,44,818.98,4,0,0.0,2,Assemble,3,31.3,31.3,31.3,0.0,41.3,726.3,731.4,762.7,31.3,5.1
2026-09-09 15:37:45,sparse_bottleneck_floor,LPT_SMPT,44,818.98,5,0,0.0,0,Mill,3,28.6,28.6,28.6,0.0,37.1,99.3,346.2,374.9,28.6,247.0
2026-09-09 15:37:45,sparse_bottleneck_floor,LPT_SMPT,44,818.98,5,0,0.0,1,Weld,1,24.9,24.9,24.9,0.0,50.0,434.2,479.5,504.4,24.9,45.3
2026-09-09 15:37:45,sparse_bottleneck_floor,LPT_SMPT,44,818.98,5,0,0.0,2,Assemble,3,29.7,29.7,29.7,0.0,44.5,578.7,578.7,608.4,29.8,0.0
2026-09-09 15:37:45,sparse_bottleneck_floor,LPT_SMPT,44,818.98,6,0,0.0,0,Mill,3,35.2,35.2,35.2,0.0,22.2,58.9,62.3,97.5,35.3,3.4
2026-09-09 15:37:45,sparse_bottleneck_floor,LPT_SMPT,44,818.98,6,0,0.0,1,Weld,1,15.3,15.3,15.3,0.0,40.4,141.2,141.2,156.6,15.3,0.0
2026-09-09 15:37:45,sparse_bottleneck_floor,LPT_SMPT,44,818.98,6,0,0.0,2,Assemble,3,35.2,35.2,35.2,0.0,48.6,206.7,206.7,241.9,35.2,0.0
2026-09-09 15:37:45,sparse_bottleneck_floor,LPT_SMPT,44,818.98,7,0,0.0,0,Mill,3,32.5,32.5,32.5,0.0,31.1,78.0,284.3,316.7,32.5,206.3
2026-09-09 15:37:45,sparse_bottleneck_floor,LPT_SMPT,44,818.98,7,0,0.0,1,Weld,1,30.3,30.3,30.3,0.0,42.8,379.2,402.4,432.7,30.3,23.2
2026-09-09 15:37:45,sparse_bottleneck_floor,LPT_SMPT,44,818.98,7,0,0.0,2,Assemble,3,18.9,18.9,18.9,0.0,50.4,540.0,540.0,558.9,18.9,0.0
2026-09-09 15:37:45,sparse_bottleneck_floor,LPT_SMPT,44,818.98,8,0,0.0,0,Mill,3,38.9,38.9,38.9,0.0,35.0,92.2,97.6,136.5,39.0,5.3
2026-09-09 15:37:45,sparse_bottleneck_floor,LPT_SMPT,44,818.98,8,0,0.0,1,Weld,1,30.2,30.2,30.2,0.0,46.7,185.0,185.0,215.1,30.2,0.0
2026-09-09 15:37:45,sparse_bottleneck_floor,LPT_SMPT,44,818.98,8,0,0.0,2,Assemble,3,17.3,17.3,17.3,0.0,47.6,277.7,277.7,295.1,17.3,0.0
2026-09-09 15:37:45,sparse_bottleneck_floor,LPT_SMPT,44,818.98,9,0,0.0,0,Mill,3,17.4,17.4,17.4,0.0,40.2,107.9,416.3,433.7,17.4,308.4
2026-09-09 15:37:45,sparse_bottleneck_floor,LPT_SMPT,44,818.98,9,0,0.0,1,Weld,1,53.1,53.1,53.1,0.0,50.6,545.6,552.6,605.8,53.2,7.1
2026-09-09 15:37:45,sparse_bottleneck_floor,LPT_SMPT,44,818.98,9,0,0.0,2,Assemble,3,30.1,30.1,30.1,0.0,43.9,652.2,652.2,682.3,30.1,0.0
2026-09-09 15:37:45,sparse_bottleneck_floor,LPT_SMPT,44,818.98,10,0,0.0,0,Mill,3,35.2,35.2,35.2,0.0,31.6,115.0,249.0,284.2,35.2,134.1
2026-09-09 15:37:45,sparse_bottleneck_floor,LPT_SMPT,44,818.98,10,0,0.0,1,Weld,1,47.8,47.8,47.8,0.0,47.4,354.5,354.5,402.4,47.9,0.0
2026-09-09 15:37:45,sparse_bottleneck_floor,LPT_SMPT,44,818.98,10,0,0.0,2,Assemble,3,28.4,28.4,28.4,0.0,43.7,465.1,465.1,493.6,28.4,0.0
2026-09-09 15:37:45,sparse_bottleneck_floor,LPT_SMPT,44,818.98,11,0,0.0,0,Mill,3,39.3,39.3,39.3,0.0,31.6,122.2,136.5,175.9,39.4,14.4
2026-09-09 15:37:45,sparse_bottleneck_floor,LPT_SMPT,44,818.98,11,0,0.0,1,Weld,1,32.0,32.0,32.0,0.0,42.8,236.3,236.3,268.4,32.1,0.0
2026-09-09 15:37:45,sparse_bottleneck_floor,LPT_SMPT,44,818.98,11,0,0.0,2,Assemble,3,28.8,28.8,28.8,0.0,43.9,314.5,314.5,343.4,28.8,0.0
2026-09-09 15:37:45,sparse_bottleneck_floor,LPT_SMPT,44,818.98,12,0,0.0,0,Mill,3,35.7,35.7,35.7,0.0,31.6,129.2,213.3,249.0,35.8,84.0
2026-09-09 15:37:45,sparse_bottleneck_floor,LPT_SMPT,44,818.98,12,0,0.0,1,Weld,1,42.8,42.8,42.8,0.0,46.9,310.5,310.5,353.4,42.9,0.0
2026-09-09 15:37:45,sparse_bottleneck_floor,LPT_SMPT,44,818.98,12,0,0.0,2,Assemble,3,36.5,36.5,36.5,0.0,52.0,419.5,419.5,456.0,36.6,0.0
2026-09-09 15:37:45,sparse_bottleneck_floor,LPT_SMPT,44,818.98,13,0,0.0,0,Mill,3,29.4,29.4,29.4,0.0,23.0,136.3,316.8,346.2,29.5,180.5
2026-09-09 15:37:45,sparse_bottleneck_floor,LPT_SMPT,44,818.98,13,0,0.0,1,Weld,1,46.7,46.7,46.7,0.0,43.3,413.0,432.7,479.5,46.7,19.7
2026-09-09 15:37:45,sparse_bottleneck_floor,LPT_SMPT,44,818.98,13,0,0.0,2,Assemble,3,16.2,16.2,16.2,0.0,43.2,549.1,558.9,575.1,16.2,9.9
2026-09-09 15:37:45,sparse_bottleneck_floor,LPT_SMPT,44,818.98,14,0,0.0,0,Mill,3,20.7,20.7,20.7,0.0,25.1,145.5,374.9,395.6,20.7,229.4
2026-09-09 15:37:45,sparse_bottleneck_floor,LPT_SMPT,44,818.98,14,0,0.0,1,Weld,1,28.0,28.0,28.0,0.0,51.1,483.6,605.8,633.9,28.0,122.2
2026-09-09 15:37:45,sparse_bottleneck_floor,LPT_SMPT,44,818.98,14,0,0.0,2,Assemble,3,17.0,17.0,17.0,0.0,47.8,683.9,683.9,701.0,17.0,0.0
2026-09-09 15:37:58,two_machine_standoff,LPT_SMPT,42,482.22,0,0,0.0,0,Mill,3,20.0,20.0,20.0,0.0,18.6,31.0,31.0,51.0,20.0,0.0
2026-09-09 15:37:58,two_machine_standoff,LPT_SMPT,42,482.22,0,0,0.0,1,Weld,2,43.8,43.8,43.8,0.0,37.7,97.9,97.9,141.7,43.8,0.0
2026-09-09 15:37:58,two_machine_standoff,LPT_SMPT,42,482.22,1,0,0.0,0,Mill,3,20.0,20.0,20.0,0.0,18.6,38.3,51.0,71.0,20.0,12.7
2026-09-09 15:37:58,two_machine_standoff,LPT_SMPT,42,482.22,1,0,0.0,1,Weld,2,16.1,16.1,16.1,0.0,54.2,129.2,141.7,157.8,16.2,12.5
2026-09-09 15:37:58,two_machine_standoff,LPT_SMPT,42,482.22,2,0,0.0,0,Mill,3,20.0,20.0,20.0,0.0,20.7,48.3,71.0,91.1,20.0,22.8
2026-09-09 15:37:58,two_machine_standoff,LPT_SMPT,42,482.22,2,0,0.0,1,Weld,2,27.4,27.4,27.4,0.0,42.4,203.0,365.7,393.1,27.4,162.8
2026-09-09 15:37:58,two_machine_standoff,LPT_SMPT,42,482.22,3,0,0.0,0,Mill,3,20.0,20.0,20.0,0.0,37.6,88.9,91.1,111.1,20.0,2.2
2026-09-09 15:37:58,two_machine_standoff,LPT_SMPT,42,482.22,3,0,0.0,1,Weld,2,25.0,25.0,25.0,0.0,36.9,149.7,157.8,182.9,25.1,8.1
2026-09-09 15:37:58,two_machine_standoff,LPT_SMPT,42,482.22,4,0,0.0,0,Mill,3,20.0,20.0,20.0,0.0,58.4,119.9,131.2,151.2,20.0,11.2
2026-09-09 15:37:58,two_machine_standoff,LPT_SMPT,42,482.22,4,0,0.0,1,Weld,2,48.1,48.1,48.1,0.0,30.4,183.9,238.1,286.2,48.2,54.2
2026-09-09 15:37:58,two_machine_standoff,LPT_SMPT,42,482.22,5,0,0.0,0,Mill,3,20.0,20.0,20.0,0.0,69.3,140.6,151.2,171.2,20.0,10.6
2026-09-09 15:37:58,two_machine_standoff,LPT_SMPT,42,482.22,5,0,0.0,1,Weld,2,45.5,45.5,45.5,0.0,24.5,265.1,286.2,331.7,45.5,21.1
2026-09-09 15:37:58,two_machine_standoff,LPT_SMPT,42,482.22,6,0,0.0,0,Mill,3,20.0,20.0,20.0,0.0,27.7,68.9,111.1,131.1,20.0,42.2
2026-09-09 15:37:58,two_machine_standoff,LPT_SMPT,42,482.22,6,0,0.0,1,Weld,2,55.2,55.2,55.2,0.0,36.4,169.8,182.9,238.1,55.2,13.1
2026-09-09 15:37:58,two_machine_standoff,LPT_SMPT,42,482.22,7,0,0.0,0,Mill,3,20.0,20.0,20.0,0.0,22.2,58.6,171.2,191.3,20.0,112.6
2026-09-09 15:37:58,two_machine_standoff,LPT_SMPT,42,482.22,7,0,0.0,1,Weld,2,18.9,18.9,18.9,0.0,49.2,242.7,393.1,412.1,18.9,150.4
2026-09-09 15:37:58,two_machine_standoff,LPT_SMPT,42,482.22,8,0,0.0,0,Mill,3,20.0,20.0,20.0,0.0,35.2,81.9,191.3,211.3,20.0,109.4
2026-09-09 15:37:58,two_machine_standoff,LPT_SMPT,42,482.22,8,0,0.0,1,Weld,2,34.0,34.0,34.0,0.0,40.1,253.6,331.7,365.7,34.0,78.1
2026-09-09 15:37:58,two_machine_standoff,LPT_SMPT,42,482.22,9,0,0.0,0,Mill,3,20.0,20.0,20.0,0.0,39.1,96.0,211.3,231.3,20.0,115.4
2026-09-09 15:37:58,two_machine_standoff,LPT_SMPT,42,482.22,9,0,0.0,1,Weld,2,16.3,16.3,16.3,0.0,25.8,259.4,412.1,428.4,16.4,152.7
2026-09-09 15:38:11,two_machine_standoff,LPT_SMPT,43,482.22,0,0,0.0,0,Mill,3,20.0,20.0,20.0,0.0,18.6,31.0,31.0,51.0,20.0,0.0
2026-09-09 15:38:11,two_machine_standoff,LPT_SMPT,43,482.22,0,0,0.0,1,Weld,2,43.8,43.8,43.8,0.0,37.7,97.9,97.9,141.7,43.8,0.0
2026-09-09 15:38:11,two_machine_standoff,LPT_SMPT,43,482.22,1,0,0.0,0,Mill,3,20.0,20.0,20.0,0.0,18.6,38.3,51.0,71.0,20.0,12.7
2026-09-09 15:38:11,two_machine_standoff,LPT_SMPT,43,482.22,1,0,0.0,1,Weld,2,16.1,16.1,16.1,0.0,54.2,129.2,141.7,157.8,16.2,12.5
2026-09-09 15:38:11,two_machine_standoff,LPT_SMPT,43,482.22,2,0,0.0,0,Mill,3,20.0,20.0,20.0,0.0,20.7,48.3,71.0,91.1,20.0,22.8
2026-09-09 15:38:11,two_machine_standoff,LPT_SMPT,43,482.22,2,0,0.0,1,Weld,2,27.4,27.4,27.4,0.0,42.4,203.0,365.7,393.1,27.4,162.8
2026-09-09 15:38:11,two_machine_standoff,LPT_SMPT,43,482.22,3,0,0.0,0,Mill,3,20.0,20.0,20.0,0.0,37.6,88.9,91.1,111.1,20.0,2.2
2026-09-09 15:38:11,two_machine_standoff,LPT_SMPT,43,482.22,3,0,0.0,1,Weld,2,25.0,25.0,25.0,0.0,36.9,149.7,157.8,182.9,25.1,8.1
2026-09-09 15:38:11,two_machine_standoff,LPT_SMPT,43,482.22,4,0,0.0,0,Mill,3,20.0,20.0,20.0,0.0,58.4,119.9,131.2,151.2,20.0,11.2
2026-09-09 15:38:11,two_machine_standoff,LPT_SMPT,43,482.22,4,0,0.0,1,Weld,2,48.1,48.1,48.1,0.0,30.4,183.9,238.1,286.2,48.2,54.2
2026-09-09 15:38:11,two_machine_standoff,LPT_SMPT,43,482.22,5,0,0.0,0,Mill,3,20.0,20.0,20.0,0.0,69.3,140.6,151.2,171.2,20.0,10.6
2026-09-09 15:38:11,two_machine_standoff,LPT_SMPT,43,482.22,5,0,0.0,1,Weld,2,45.5,45.5,45.5,0.0,24.5,265.1,286.2,331.7,45.5,21.1
2026-09-09 15:38:11,two_machine_standoff,LPT_SMPT,43,482.22,6,0,0.0,0,Mill,3,20.0,20.0,20.0,0.0,27.7,68.9,111.1,131.1,20.0,42.2
2026-09-09 15:38:11,two_machine_standoff,LPT_SMPT,43,482.22,6,0,0.0,1,Weld,2,55.2,55.2,55.2,0.0,36.4,169.8,182.9,238.1,55.2,13.1
2026-09-09 15:38:11,two_machine_standoff,LPT_SMPT,43,482.22,7,0,0.0,0,Mill,3,20.0,20.0,20.0,0.0,22.2,58.6,171.2,191.3,20.0,112.6
2026-09-09 15:38:11,two_machine_standoff,LPT_SMPT,43,482.22,7,0,0.0,1,Weld,2,18.9,18.9,18.9,0.0,49.2,242.7,393.1,412.1,18.9,150.4
2026-09-09 15:38:11,two_machine_standoff,LPT_SMPT,43,482.22,8,0,0.0,0,Mill,3,20.0,20.0,20.0,0.0,35.2,81.9,191.3,211.3,20.0,109.4
2026-09-09 15:38:11,two_machine_standoff,LPT_SMPT,43,482.22,8,0,0.0,1,Weld,2,34.0,34.0,34.0,0.0,40.1,253.6,331.7,365.7,34.0,78.1
2026-09-09 15:38:11,two_machine_standoff,LPT_SMPT,43,482.22,9,0,0.0,0,Mill,3,20.0,20.0,20.0,0.0,39.1,96.0,211.3,231.3,20.0,115.4
2026-09-09 15:38:11,two_machine_standoff,LPT_SMPT,43,482.22,9,0,0.0,1,Weld,2,16.3,16.3,16.3,0.0,25.8,259.4,412.1,428.4,16.4,152.7
2026-09-09 15:38:23,two_machine_standoff,LPT_SMPT,44,482.22,0,0,0.0,0,Mill,3,20.0,20.0,20.0,0.0,18.6,31.0,31.0,51.0,20.0,0.0
2026-09-09 15:38:23,two_machine_standoff,LPT_SMPT,44,482.22,0,0,0.0,1,Weld,2,43.8,43.8,43.8,0.0,37.7,97.9,97.9,141.7,43.8,0.0
2026-09-09 15:38:23,two_machine_standoff,LPT_SMPT,44,482.22,1,0,0.0,0,Mill,3,20.0,20.0,20.0,0.0,18.6,38.3,51.0,71.0,20.0,12.7
2026-09-09 15:38:23,two_machine_standoff,LPT_SMPT,44,482.22,1,0,0.0,1,Weld,2,16.1,16.1,16.1,0.0,54.2,129.2,141.7,157.8,16.2,12.5
2026-09-09 15:38:23,two_machine_standoff,LPT_SMPT,44,482.22,2,0,0.0,0,Mill,3,20.0,20.0,20.0,0.0,20.7,48.3,71.0,91.1,20.0,22.8
2026-09-09 15:38:23,two_machine_standoff,LPT_SMPT,44,482.22,2,0,0.0,1,Weld,2,27.4,27.4,27.4,0.0,42.4,203.0,365.7,393.1,27.4,162.8
2026-09-09 15:38:23,two_machine_standoff,LPT_SMPT,44,482.22,3,0,0.0,0,Mill,3,20.0,20.0,20.0,0.0,37.6,88.9,91.1,111.1,20.0,2.2
2026-09-09 15:38:23,two_machine_standoff,LPT_SMPT,44,482.22,3,0,0.0,1,Weld,2,25.0,25.0,25.0,0.0,36.9,149.7,157.8,182.9,25.1,8.1
2026-09-09 15:38:23,two_machine_standoff,LPT_SMPT,44,482.22,4,0,0.0,0,Mill,3,20.0,20.0,20.0,0.0,58.4,119.9,131.2,151.2,20.0,11.2
2026-09-09 15:38:23,two_machine_standoff,LPT_SMPT,44,482.22,4,0,0.0,1,Weld,2,48.1,48.1,48.1,0.0,30.4,183.9,238.1,286.2,48.2,54.2
2026-09-09 15:38:23,two_machine_standoff,LPT_SMPT,44,482.22,5,0,0.0,0,Mill,3,20.0,20.0,20.0,0.0,69.3,140.6,151.2,171.2,20.0,10.6
2026-09-09 15:38:23,two_machine_standoff,LPT_SMPT,44,482.22,5,0,0.0,1,Weld,2,45.5,45.5,45.5,0.0,24.5,265.1,286.2,331.7,45.5,21.1
2026-09-09 15:38:23,two_machine_standoff,LPT_SMPT,44,482.22,6,0,0.0,0,Mill,3,20.0,20.0,20.0,0.0,27.7,68.9,111.1,131.1,20.0,42.2
2026-09-09 15:38:23,two_machine_standoff,LPT_SMPT,44,482.22,6,0,0.0,1,Weld,2,55.2,55.2,55.2,0.0,36.4,169.8,182.9,238.1,55.2,13.1
2026-09-09 15:38:23,two_machine_standoff,LPT_SMPT,44,482.22,7,0,0.0,0,Mill,3,20.0,20.0,20.0,0.0,22.2,58.6,171.2,191.3,20.0,112.6
2026-09-09 15:38:23,two_machine_standoff,LPT_SMPT,44,482.22,7,0,0.0,1,Weld,2,18.9,18.9,18.9,0.0,49.2,242.7,393.1,412.1,18.9,150.4
2026-09-09 15:38:23,two_machine_standoff,LPT_SMPT,44,482.22,8,0,0.0,0,Mill,3,20.0,20.0,20.0,0.0,35.2,81.9,191.3,211.3,20.0,109.4
2026-09-09 15:38:23,two_machine_standoff,LPT_SMPT,44,482.22,8,0,0.0,1,Weld,2,34.0,34.0,34.0,0.0,40.1,253.6,331.7,365.7,34.0,78.1
2026-09-09 15:38:23,two_machine_standoff,LPT_SMPT,44,482.22,9,0,0.0,0,Mill,3,20.0,20.0,20.0,0.0,39.1,96.0,211.3,231.3,20.0,115.4
2026-09-09 15:38:23,two_machine_standoff,LPT_SMPT,44,482.22,9,0,0.0,1,Weld,2,16.3,16.3,16.3,0.0,25.8,259.4,412.1,428.4,16.4,152.7
2026-09-09 15:38:29,zero_contention,LPT_SMPT,42,268.82,0,0,0.0,0,Mill,1,39.2,39.2,39.2,0.0,18.6,31.0,31.0,70.2,39.2,0.0
2026-09-09 15:38:29,zero_contention,LPT_SMPT,42,268.82,0,0,0.0,1,Lathe,1,20.8,20.8,20.8,0.0,20.7,116.5,116.5,137.2,20.8,0.0
2026-09-09 15:38:29,zero_contention,LPT_SMPT,42,268.82,0,0,0.0,2,Weld,1,28.3,28.3,28.3,0.0,20.8,171.1,171.1,199.3,28.3,0.0
2026-09-09 15:38:29,zero_contention,LPT_SMPT,42,268.82,1,0,0.0,0,Mill,1,26.7,26.7,26.7,0.0,16.8,36.6,36.6,63.3,26.7,0.0
2026-09-09 15:38:29,zero_contention,LPT_SMPT,42,268.82,1,0,0.0,1,Lathe,1,42.1,42.1,42.1,0.0,20.8,98.4,98.4,140.6,42.1,0.0
2026-09-09 15:38:29,zero_contention,LPT_SMPT,42,268.82,1,0,0.0,2,Weld,1,40.3,40.3,40.3,0.0,20.6,177.0,177.0,217.3,40.3,0.0
2026-09-09 15:38:29,zero_contention,LPT_SMPT,42,268.82,2,0,0.0,0,Mill,1,46.8,46.8,46.8,0.0,43.3,70.9,70.9,117.7,46.8,0.0
2026-09-09 15:38:29,zero_contention,LPT_SMPT,42,268.82,2,0,0.0,1,Lathe,1,22.6,22.6,22.6,0.0,4.7,124.6,124.6,147.2,22.6,0.0
2026-09-09 15:38:29,zero_contention,LPT_SMPT,42,268.82,2,0,0.0,2,Weld,1,32.7,32.7,32.7,0.0,13.0,168.7,168.7,201.4,32.7,0.0
2026-09-09 15:38:35,zero_contention,LPT_SMPT,43,268.82,0,0,0.0,0,Mill,1,39.2,39.2,39.2,0.0,18.6,31.0,31.0,70.2,39.2,0.0
2026-09-09 15:38:35,zero_contention,LPT_SMPT,43,268.82,0,0,0.0,1,Lathe,1,20.8,20.8,20.8,0.0,20.7,116.5,116.5,137.2,20.8,0.0
2026-09-09 15:38:35,zero_contention,LPT_SMPT,43,268.82,0,0,0.0,2,Weld,1,28.3,28.3,28.3,0.0,20.8,171.1,171.1,199.3,28.3,0.0
2026-09-09 15:38:35,zero_contention,LPT_SMPT,43,268.82,1,0,0.0,0,Mill,1,26.7,26.7,26.7,0.0,16.8,36.6,36.6,63.3,26.7,0.0
2026-09-09 15:38:35,zero_contention,LPT_SMPT,43,268.82,1,0,0.0,1,Lathe,1,42.1,42.1,42.1,0.0,20.8,98.4,98.4,140.6,42.1,0.0
2026-09-09 15:38:35,zero_contention,LPT_SMPT,43,268.82,1,0,0.0,2,Weld,1,40.3,40.3,40.3,0.0,20.6,177.0,177.0,217.3,40.3,0.0
2026-09-09 15:38:35,zero_contention,LPT_SMPT,43,268.82,2,0,0.0,0,Mill,1,46.8,46.8,46.8,0.0,43.3,70.9,70.9,117.7,46.8,0.0
2026-09-09 15:38:35,zero_contention,LPT_SMPT,43,268.82,2,0,0.0,1,Lathe,1,22.6,22.6,22.6,0.0,4.7,124.6,124.6,147.2,22.6,0.0
2026-09-09 15:38:35,zero_contention,LPT_SMPT,43,268.82,2,0,0.0,2,Weld,1,32.7,32.7,32.7,0.0,13.0,168.7,168.7,201.4,32.7,0.0
2026-09-09 15:38:41,zero_contention,LPT_SMPT,44,268.82,0,0,0.0,0,Mill,1,39.2,39.2,39.2,0.0,18.6,31.0,31.0,70.2,39.2,0.0
2026-09-09 15:38:41,zero_contention,LPT_SMPT,44,268.82,0,0,0.0,1,Lathe,1,20.8,20.8,20.8,0.0,20.7,116.5,116.5,137.2,20.8,0.0
2026-09-09 15:38:41,zero_contention,LPT_SMPT,44,268.82,0,0,0.0,2,Weld,1,28.3,28.3,28.3,0.0,20.8,171.1,171.1,199.3,28.3,0.0
2026-09-09 15:38:41,zero_contention,LPT_SMPT,44,268.82,1,0,0.0,0,Mill,1,26.7,26.7,26.7,0.0,16.8,36.6,36.6,63.3,26.7,0.0
2026-09-09 15:38:41,zero_contention,LPT_SMPT,44,268.82,1,0,0.0,1,Lathe,1,42.1,42.1,42.1,0.0,20.8,98.4,98.4,140.6,42.1,0.0
2026-09-09 15:38:41,zero_contention,LPT_SMPT,44,268.82,1,0,0.0,2,Weld,1,40.3,40.3,40.3,0.0,20.6,177.0,177.0,217.3,40.3,0.0
2026-09-09 15:38:41,zero_contention,LPT_SMPT,44,268.82,2,0,0.0,0,Mill,1,46.8,46.8,46.8,0.0,43.3,70.9,70.9,117.7,46.8,0.0
2026-09-09 15:38:41,zero_contention,LPT_SMPT,44,268.82,2,0,0.0,1,Lathe,1,22.6,22.6,22.6,0.0,4.7,124.6,124.6,147.2,22.6,0.0
2026-09-09 15:38:41,zero_contention,LPT_SMPT,44,268.82,2,0,0.0,2,Weld,1,32.7,32.7,32.7,0.0,13.0,168.7,168.7,201.4,32.7,0.0
2026-09-09 15:28:59,bimodal_mix,LRT_MMUR,42,807.24,0,0,0.0,0,Weld,1,150.0,150.0,150.0,0.0,13.2,25.6,25.6,175.6,150.0,0.0
2026-09-09 15:28:59,bimodal_mix,LRT_MMUR,42,807.24,1,0,0.0,0,Weld,1,150.0,150.0,150.0,0.0,13.5,33.2,175.6,325.7,150.0,142.4
2026-09-09 15:28:59,bimodal_mix,LRT_MMUR,42,807.24,2,0,5.0,0,Weld,1,10.3,10.3,10.3,0.0,13.2,40.9,421.0,431.3,10.3,380.2
2026-09-09 15:28:59,bimodal_mix,LRT_MMUR,42,807.24,3,0,13.0,0,Weld,1,9.1,9.1,9.1,0.0,18.2,64.5,594.7,603.7,9.1,530.1
2026-09-09 15:28:59,bimodal_mix,LRT_MMUR,42,807.24,4,0,21.0,0,Weld,1,9.6,9.6,9.6,0.0,13.2,50.0,501.2,510.8,9.6,451.2
2026-09-09 15:28:59,bimodal_mix,LRT_MMUR,42,807.24,5,0,29.0,0,Weld,1,9.5,9.5,9.5,0.0,27.3,94.5,510.8,520.3,9.5,416.3
2026-09-09 15:28:59,bimodal_mix,LRT_MMUR,42,807.24,6,0,37.0,0,Weld,1,10.5,10.5,10.5,0.0,23.1,79.9,379.4,389.9,10.5,299.5
2026-09-09 15:28:59,bimodal_mix,LRT_MMUR,42,807.24,7,0,45.0,0,Weld,1,10.4,10.4,10.4,0.0,20.2,72.2,400.3,410.7,10.4,328.1
2026-09-09 15:28:59,bimodal_mix,LRT_MMUR,42,807.24,8,0,53.0,0,Weld,1,10.8,10.8,10.8,0.0,48.6,110.9,336.6,347.4,10.8,225.7
2026-09-09 15:28:59,bimodal_mix,LRT_MMUR,42,807.24,9,0,61.0,0,Weld,1,9.2,9.2,9.2,0.0,53.1,125.7,576.4,585.6,9.2,450.7
2026-09-09 15:28:59,bimodal_mix,LRT_MMUR,42,807.24,10,0,69.0,0,Weld,1,9.8,9.8,9.8,0.0,55.1,133.2,471.9,481.8,9.9,338.7
2026-09-09 15:28:59,bimodal_mix,LRT_MMUR,42,807.24,11,0,77.0,0,Weld,1,9.1,9.1,9.1,0.0,31.7,121.0,585.6,594.7,9.1,464.5
2026-09-09 15:28:59,bimodal_mix,LRT_MMUR,42,807.24,12,0,85.0,0,Weld,1,9.4,9.4,9.4,0.0,34.0,128.8,520.3,529.7,9.5,391.5
2026-09-09 15:28:59,bimodal_mix,LRT_MMUR,42,807.24,13,0,93.0,0,Weld,1,10.0,10.0,10.0,0.0,20.0,144.0,461.9,471.9,10.0,317.9
2026-09-09 15:28:59,bimodal_mix,LRT_MMUR,42,807.24,14,0,101.0,0,Weld,1,9.1,9.1,9.1,0.0,31.2,136.3,603.7,612.8,9.1,467.5
2026-09-09 15:28:59,bimodal_mix,LRT_MMUR,42,807.24,15,0,109.0,0,Weld,1,9.4,9.4,9.4,0.0,22.8,159.4,539.2,548.6,9.4,379.8
2026-09-09 15:28:59,bimodal_mix,LRT_MMUR,42,807.24,16,0,117.0,0,Weld,1,10.3,10.3,10.3,0.0,20.0,151.7,410.7,421.0,10.3,259.0
2026-09-09 15:28:59,bimodal_mix,LRT_MMUR,42,807.24,17,0,125.0,0,Weld,1,10.1,10.1,10.1,0.0,34.8,187.1,451.8,461.9,10.1,264.6
2026-09-09 15:28:59,bimodal_mix,LRT_MMUR,42,807.24,18,0,133.0,0,Weld,1,9.4,9.4,9.4,0.0,24.9,167.0,529.7,539.2,9.5,362.8
2026-09-09 15:28:59,bimodal_mix,LRT_MMUR,42,807.24,19,0,141.0,0,Weld,1,10.2,10.2,10.2,0.0,27.0,174.5,441.6,451.8,10.2,267.1
2026-09-09 15:28:59,bimodal_mix,LRT_MMUR,42,807.24,20,0,149.0,0,Weld,1,10.6,10.6,10.6,0.0,36.9,194.7,358.1,368.8,10.6,163.4
2026-09-09 15:28:59,bimodal_mix,LRT_MMUR,42,807.24,21,0,157.0,0,Weld,1,9.0,9.0,9.0,0.0,39.7,214.5,612.8,621.9,9.0,398.3
2026-09-09 15:28:59,bimodal_mix,LRT_MMUR,42,807.24,22,0,165.0,0,Weld,1,10.6,10.6,10.6,0.0,36.9,206.9,368.8,379.4,10.6,161.9
2026-09-09 15:28:59,bimodal_mix,LRT_MMUR,42,807.24,23,0,173.0,0,Weld,1,10.4,10.4,10.4,0.0,42.1,222.2,389.9,400.3,10.4,167.7
2026-09-09 15:28:59,bimodal_mix,LRT_MMUR,42,807.24,24,0,181.0,0,Weld,1,9.7,9.7,9.7,0.0,39.0,252.2,481.8,491.5,9.7,229.6
2026-09-09 15:28:59,bimodal_mix,LRT_MMUR,42,807.24,25,0,189.0,0,Weld,1,9.3,9.3,9.3,0.0,36.9,237.0,548.6,557.9,9.3,311.6
2026-09-09 15:28:59,bimodal_mix,LRT_MMUR,42,807.24,26,0,197.0,0,Weld,1,10.9,10.9,10.9,0.0,36.9,244.6,325.7,336.6,10.9,81.1
2026-09-09 15:28:59,bimodal_mix,LRT_MMUR,42,807.24,27,0,205.0,0,Weld,1,9.7,9.7,9.7,0.0,39.5,259.7,491.5,501.2,9.7,231.8
2026-09-09 15:28:59,bimodal_mix,LRT_MMUR,42,807.24,28,0,213.0,0,Weld,1,9.2,9.2,9.2,0.0,39.5,267.3,557.9,567.2,9.2,290.7
2026-09-09 15:28:59,bimodal_mix,LRT_MMUR,42,807.24,29,0,221.0,0,Weld,1,9.2,9.2,9.2,0.0,39.0,275.0,567.2,576.4,9.2,292.2
2026-09-09 15:28:59,bimodal_mix,LRT_MMUR,42,807.24,30,0,229.0,0,Weld,1,10.7,10.7,10.7,0.0,37.9,290.5,347.4,358.1,10.7,56.9
2026-09-09 15:28:59,bimodal_mix,LRT_MMUR,42,807.24,31,0,237.0,0,Weld,1,10.2,10.2,10.2,0.0,35.1,282.8,431.3,441.6,10.2,148.6
2026-09-09 15:29:22,bimodal_mix,LRT_MMUR,43,807.24,0,0,0.0,0,Weld,1,150.0,150.0,150.0,0.0,13.2,25.6,25.6,175.6,150.0,0.0
2026-09-09 15:29:22,bimodal_mix,LRT_MMUR,43,807.24,1,0,0.0,0,Weld,1,150.0,150.0,150.0,0.0,13.5,33.2,175.6,325.7,150.0,142.4
2026-09-09 15:29:22,bimodal_mix,LRT_MMUR,43,807.24,2,0,5.0,0,Weld,1,10.3,10.3,10.3,0.0,13.2,40.9,421.0,431.3,10.3,380.2
2026-09-09 15:29:22,bimodal_mix,LRT_MMUR,43,807.24,3,0,13.0,0,Weld,1,9.1,9.1,9.1,0.0,18.2,64.5,594.7,603.7,9.1,530.1
2026-09-09 15:29:22,bimodal_mix,LRT_MMUR,43,807.24,4,0,21.0,0,Weld,1,9.6,9.6,9.6,0.0,13.2,50.0,501.2,510.8,9.6,451.2
2026-09-09 15:29:22,bimodal_mix,LRT_MMUR,43,807.24,5,0,29.0,0,Weld,1,9.5,9.5,9.5,0.0,27.3,94.5,510.8,520.3,9.5,416.3
2026-09-09 15:29:22,bimodal_mix,LRT_MMUR,43,807.24,6,0,37.0,0,Weld,1,10.5,10.5,10.5,0.0,23.1,79.9,379.4,389.9,10.5,299.5
2026-09-09 15:29:22,bimodal_mix,LRT_MMUR,43,807.24,7,0,45.0,0,Weld,1,10.4,10.4,10.4,0.0,20.2,72.2,400.3,410.7,10.4,328.1
2026-09-09 15:29:22,bimodal_mix,LRT_MMUR,43,807.24,8,0,53.0,0,Weld,1,10.8,10.8,10.8,0.0,48.6,110.9,336.6,347.4,10.8,225.7
2026-09-09 15:29:22,bimodal_mix,LRT_MMUR,43,807.24,9,0,61.0,0,Weld,1,9.2,9.2,9.2,0.0,53.1,125.7,576.4,585.6,9.2,450.7
2026-09-09 15:29:22,bimodal_mix,LRT_MMUR,43,807.24,10,0,69.0,0,Weld,1,9.8,9.8,9.8,0.0,55.1,133.2,471.9,481.8,9.9,338.7
2026-09-09 15:29:22,bimodal_mix,LRT_MMUR,43,807.24,11,0,77.0,0,Weld,1,9.1,9.1,9.1,0.0,31.7,121.0,585.6,594.7,9.1,464.5
2026-09-09 15:29:22,bimodal_mix,LRT_MMUR,43,807.24,12,0,85.0,0,Weld,1,9.4,9.4,9.4,0.0,34.0,128.8,520.3,529.7,9.5,391.5
2026-09-09 15:29:22,bimodal_mix,LRT_MMUR,43,807.24,13,0,93.0,0,Weld,1,10.0,10.0,10.0,0.0,20.0,144.0,461.9,471.9,10.0,317.9
2026-09-09 15:29:22,bimodal_mix,LRT_MMUR,43,807.24,14,0,101.0,0,Weld,1,9.1,9.1,9.1,0.0,31.2,136.3,603.7,612.8,9.1,467.5
2026-09-09 15:29:22,bimodal_mix,LRT_MMUR,43,807.24,15,0,109.0,0,Weld,1,9.4,9.4,9.4,0.0,22.8,159.4,539.2,548.6,9.4,379.8
2026-09-09 15:29:22,bimodal_mix,LRT_MMUR,43,807.24,16,0,117.0,0,Weld,1,10.3,10.3,10.3,0.0,20.0,151.7,410.7,421.0,10.3,259.0
2026-09-09 15:29:22,bimodal_mix,LRT_MMUR,43,807.24,17,0,125.0,0,Weld,1,10.1,10.1,10.1,0.0,34.8,187.1,451.8,461.9,10.1,264.6
2026-09-09 15:29:22,bimodal_mix,LRT_MMUR,43,807.24,18,0,133.0,0,Weld,1,9.4,9.4,9.4,0.0,24.9,167.0,529.7,539.2,9.5,362.8
2026-09-09 15:29:22,bimodal_mix,LRT_MMUR,43,807.24,19,0,141.0,0,Weld,1,10.2,10.2,10.2,0.0,27.0,174.5,441.6,451.8,10.2,267.1
2026-09-09 15:29:22,bimodal_mix,LRT_MMUR,43,807.24,20,0,149.0,0,Weld,1,10.6,10.6,10.6,0.0,36.9,194.7,358.1,368.8,10.6,163.4
2026-09-09 15:29:22,bimodal_mix,LRT_MMUR,43,807.24,21,0,157.0,0,Weld,1,9.0,9.0,9.0,0.0,39.7,214.5,612.8,621.9,9.0,398.3
2026-09-09 15:29:22,bimodal_mix,LRT_MMUR,43,807.24,22,0,165.0,0,Weld,1,10.6,10.6,10.6,0.0,36.9,206.9,368.8,379.4,10.6,161.9
2026-09-09 15:29:22,bimodal_mix,LRT_MMUR,43,807.24,23,0,173.0,0,Weld,1,10.4,10.4,10.4,0.0,42.1,222.2,389.9,400.3,10.4,167.7
2026-09-09 15:29:22,bimodal_mix,LRT_MMUR,43,807.24,24,0,181.0,0,Weld,1,9.7,9.7,9.7,0.0,39.0,252.2,481.8,491.5,9.7,229.6
2026-09-09 15:29:22,bimodal_mix,LRT_MMUR,43,807.24,25,0,189.0,0,Weld,1,9.3,9.3,9.3,0.0,36.9,237.0,548.6,557.9,9.3,311.6
2026-09-09 15:29:22,bimodal_mix,LRT_MMUR,43,807.24,26,0,197.0,0,Weld,1,10.9,10.9,10.9,0.0,36.9,244.6,325.7,336.6,10.9,81.1
2026-09-09 15:29:22,bimodal_mix,LRT_MMUR,43,807.24,27,0,205.0,0,Weld,1,9.7,9.7,9.7,0.0,39.5,259.7,491.5,501.2,9.7,231.8
2026-09-09 15:29:22,bimodal_mix,LRT_MMUR,43,807.24,28,0,213.0,0,Weld,1,9.2,9.2,9.2,0.0,39.5,267.3,557.9,567.2,9.2,290.7
2026-09-09 15:29:22,bimodal_mix,LRT_MMUR,43,807.24,29,0,221.0,0,Weld,1,9.2,9.2,9.2,0.0,39.0,275.0,567.2,576.4,9.2,292.2
2026-09-09 15:29:22,bimodal_mix,LRT_MMUR,43,807.24,30,0,229.0,0,Weld,1,10.7,10.7,10.7,0.0,37.9,290.5,347.4,358.1,10.7,56.9
2026-09-09 15:29:22,bimodal_mix,LRT_MMUR,43,807.24,31,0,237.0,0,Weld,1,10.2,10.2,10.2,0.0,35.1,282.8,431.3,441.6,10.2,148.6
2026-09-09 15:29:45,bimodal_mix,LRT_MMUR,44,807.24,0,0,0.0,0,Weld,1,150.0,150.0,150.0,0.0,13.2,25.6,25.6,175.6,150.0,0.0
2026-09-09 15:29:45,bimodal_mix,LRT_MMUR,44,807.24,1,0,0.0,0,Weld,1,150.0,150.0,150.0,0.0,13.5,33.2,175.6,325.7,150.0,142.4
2026-09-09 15:29:45,bimodal_mix,LRT_MMUR,44,807.24,2,0,5.0,0,Weld,1,10.3,10.3,10.3,0.0,13.2,40.9,421.0,431.3,10.3,380.2
2026-09-09 15:29:45,bimodal_mix,LRT_MMUR,44,807.24,3,0,13.0,0,Weld,1,9.1,9.1,9.1,0.0,18.2,64.5,594.7,603.7,9.1,530.1
2026-09-09 15:29:45,bimodal_mix,LRT_MMUR,44,807.24,4,0,21.0,0,Weld,1,9.6,9.6,9.6,0.0,13.2,50.0,501.2,510.8,9.6,451.2
2026-09-09 15:29:45,bimodal_mix,LRT_MMUR,44,807.24,5,0,29.0,0,Weld,1,9.5,9.5,9.5,0.0,27.3,94.5,510.8,520.3,9.5,416.3
2026-09-09 15:29:45,bimodal_mix,LRT_MMUR,44,807.24,6,0,37.0,0,Weld,1,10.5,10.5,10.5,0.0,23.1,79.9,379.4,389.9,10.5,299.5
2026-09-09 15:29:45,bimodal_mix,LRT_MMUR,44,807.24,7,0,45.0,0,Weld,1,10.4,10.4,10.4,0.0,20.2,72.2,400.3,410.7,10.4,328.1
2026-09-09 15:29:45,bimodal_mix,LRT_MMUR,44,807.24,8,0,53.0,0,Weld,1,10.8,10.8,10.8,0.0,48.6,110.9,336.6,347.4,10.8,225.7
2026-09-09 15:29:45,bimodal_mix,LRT_MMUR,44,807.24,9,0,61.0,0,Weld,1,9.2,9.2,9.2,0.0,53.1,125.7,576.4,585.6,9.2,450.7
2026-09-09 15:29:45,bimodal_mix,LRT_MMUR,44,807.24,10,0,69.0,0,Weld,1,9.8,9.8,9.8,0.0,55.1,133.2,471.9,481.8,9.9,338.7
2026-09-09 15:29:45,bimodal_mix,LRT_MMUR,44,807.24,11,0,77.0,0,Weld,1,9.1,9.1,9.1,0.0,31.7,121.0,585.6,594.7,9.1,464.5
2026-09-09 15:29:45,bimodal_mix,LRT_MMUR,44,807.24,12,0,85.0,0,Weld,1,9.4,9.4,9.4,0.0,34.0,128.8,520.3,529.7,9.5,391.5
2026-09-09 15:29:45,bimodal_mix,LRT_MMUR,44,807.24,13,0,93.0,0,Weld,1,10.0,10.0,10.0,0.0,20.0,144.0,461.9,471.9,10.0,317.9
2026-09-09 15:29:45,bimodal_mix,LRT_MMUR,44,807.24,14,0,101.0,0,Weld,1,9.1,9.1,9.1,0.0,31.2,136.3,603.7,612.8,9.1,467.5
2026-09-09 15:29:45,bimodal_mix,LRT_MMUR,44,807.24,15,0,109.0,0,Weld,1,9.4,9.4,9.4,0.0,22.8,159.4,539.2,548.6,9.4,379.8
2026-09-09 15:29:45,bimodal_mix,LRT_MMUR,44,807.24,16,0,117.0,0,Weld,1,10.3,10.3,10.3,0.0,20.0,151.7,410.7,421.0,10.3,259.0
2026-09-09 15:29:45,bimodal_mix,LRT_MMUR,44,807.24,17,0,125.0,0,Weld,1,10.1,10.1,10.1,0.0,34.8,187.1,451.8,461.9,10.1,264.6
2026-09-09 15:29:45,bimodal_mix,LRT_MMUR,44,807.24,18,0,133.0,0,Weld,1,9.4,9.4,9.4,0.0,24.9,167.0,529.7,539.2,9.5,362.8
2026-09-09 15:29:45,bimodal_mix,LRT_MMUR,44,807.24,19,0,141.0,0,Weld,1,10.2,10.2,10.2,0.0,27.0,174.5,441.6,451.8,10.2,267.1
2026-09-09 15:29:45,bimodal_mix,LRT_MMUR,44,807.24,20,0,149.0,0,Weld,1,10.6,10.6,10.6,0.0,36.9,194.7,358.1,368.8,10.6,163.4
2026-09-09 15:29:45,bimodal_mix,LRT_MMUR,44,807.24,21,0,157.0,0,Weld,1,9.0,9.0,9.0,0.0,39.7,214.5,612.8,621.9,9.0,398.3
2026-09-09 15:29:45,bimodal_mix,LRT_MMUR,44,807.24,22,0,165.0,0,Weld,1,10.6,10.6,10.6,0.0,36.9,206.9,368.8,379.4,10.6,161.9
2026-09-09 15:29:45,bimodal_mix,LRT_MMUR,44,807.24,23,0,173.0,0,Weld,1,10.4,10.4,10.4,0.0,42.1,222.2,389.9,400.3,10.4,167.7
2026-09-09 15:29:45,bimodal_mix,LRT_MMUR,44,807.24,24,0,181.0,0,Weld,1,9.7,9.7,9.7,0.0,39.0,252.2,481.8,491.5,9.7,229.6
2026-09-09 15:29:45,bimodal_mix,LRT_MMUR,44,807.24,25,0,189.0,0,Weld,1,9.3,9.3,9.3,0.0,36.9,237.0,548.6,557.9,9.3,311.6
2026-09-09 15:29:45,bimodal_mix,LRT_MMUR,44,807.24,26,0,197.0,0,Weld,1,10.9,10.9,10.9,0.0,36.9,244.6,325.7,336.6,10.9,81.1
2026-09-09 15:29:45,bimodal_mix,LRT_MMUR,44,807.24,27,0,205.0,0,Weld,1,9.7,9.7,9.7,0.0,39.5,259.7,491.5,501.2,9.7,231.8
2026-09-09 15:29:45,bimodal_mix,LRT_MMUR,44,807.24,28,0,213.0,0,Weld,1,9.2,9.2,9.2,0.0,39.5,267.3,557.9,567.2,9.2,290.7
2026-09-09 15:29:45,bimodal_mix,LRT_MMUR,44,807.24,29,0,221.0,0,Weld,1,9.2,9.2,9.2,0.0,39.0,275.0,567.2,576.4,9.2,292.2
2026-09-09 15:29:45,bimodal_mix,LRT_MMUR,44,807.24,30,0,229.0,0,Weld,1,10.7,10.7,10.7,0.0,37.9,290.5,347.4,358.1,10.7,56.9
2026-09-09 15:29:45,bimodal_mix,LRT_MMUR,44,807.24,31,0,237.0,0,Weld,1,10.2,10.2,10.2,0.0,35.1,282.8,431.3,441.6,10.2,148.6
2026-09-09 15:31:02,compound_scenario,LRT_MMUR,42,2831.5,0,0,0.0,0,Mill,1,39.2,39.2,39.2,0.0,18.6,31.0,31.0,70.2,39.2,0.0
2026-09-09 15:31:02,compound_scenario,LRT_MMUR,42,2831.5,0,0,0.0,1,Lathe,1,20.8,20.8,20.8,0.0,20.7,105.8,105.8,126.6,20.8,0.0
2026-09-09 15:31:02,compound_scenario,LRT_MMUR,42,2831.5,0,0,0.0,2,Weld,1,28.3,28.3,28.3,0.0,21.5,162.5,162.5,190.8,28.3,0.0
2026-09-09 15:31:02,compound_scenario,LRT_MMUR,42,2831.5,1,0,60.0,0,Mill,1,26.7,26.7,26.7,0.0,16.8,93.0,93.0,119.7,26.7,0.0
2026-09-09 15:31:02,compound_scenario,LRT_MMUR,42,2831.5,1,0,60.0,1,Lathe,1,42.1,42.1,42.1,0.0,21.5,156.9,156.9,199.1,42.1,0.0
2026-09-09 15:31:02,compound_scenario,LRT_MMUR,42,2831.5,1,0,60.0,2,Weld,1,40.3,40.3,40.3,0.0,20.6,231.0,231.0,271.3,40.3,0.0
2026-09-09 15:31:02,compound_scenario,LRT_MMUR,42,2831.5,2,0,120.0,0,Mill,1,46.8,46.8,46.8,0.0,34.9,169.9,169.9,216.7,46.8,0.0
2026-09-09 15:31:02,compound_scenario,LRT_MMUR,42,2831.5,2,0,120.0,1,Lathe,1,22.6,22.6,22.6,0.0,4.7,223.6,223.6,246.3,22.6,0.0
2026-09-09 15:31:02,compound_scenario,LRT_MMUR,42,2831.5,2,0,120.0,2,Weld,1,32.7,32.7,32.7,0.0,13.0,262.4,262.4,295.1,32.7,0.0
2026-09-09 15:31:02,compound_scenario,LRT_MMUR,42,2831.5,3,0,250.0,0,Mill,3,20.0,20.0,20.0,0.0,16.8,279.2,279.2,299.2,20.0,0.0
2026-09-09 15:31:02,compound_scenario,LRT_MMUR,42,2831.5,3,0,250.0,1,Weld,1,12.4,12.4,12.4,0.0,35.3,342.0,342.0,354.4,12.4,0.0
2026-09-09 15:31:02,compound_scenario,LRT_MMUR,42,2831.5,4,0,250.0,0,Mill,3,20.0,20.0,20.0,0.0,22.0,294.7,379.4,399.4,20.0,84.7
2026-09-09 15:31:02,compound_scenario,LRT_MMUR,42,2831.5,4,0,250.0,1,Weld,1,27.5,27.5,27.5,0.0,32.2,464.2,577.6,605.1,27.5,113.5
2026-09-09 15:31:02,compound_scenario,LRT_MMUR,42,2831.5,5,0,250.0,0,Mill,3,20.0,20.0,20.0,0.0,28.8,315.5,339.3,359.3,20.0,23.8
2026-09-09 15:31:02,compound_scenario,LRT_MMUR,42,2831.5,5,0,250.0,1,Weld,1,50.4,50.4,50.4,0.0,22.3,383.9,383.9,434.3,50.5,0.0
2026-09-09 15:31:02,compound_scenario,LRT_MMUR,42,2831.5,6,0,250.0,0,Mill,3,20.0,20.0,20.0,0.0,28.5,325.4,419.5,439.5,20.0,94.0
2026-09-09 15:31:02,compound_scenario,LRT_MMUR,42,2831.5,6,0,250.0,1,Weld,1,12.1,12.1,12.1,0.0,22.8,485.8,631.1,643.2,12.1,145.3
2026-09-09 15:31:02,compound_scenario,LRT_MMUR,42,2831.5,7,0,250.0,0,Mill,3,20.0,20.0,20.0,0.0,29.6,336.8,399.4,419.4,20.0,62.7
2026-09-09 15:31:02,compound_scenario,LRT_MMUR,42,2831.5,7,0,250.0,1,Weld,1,25.9,25.9,25.9,0.0,51.5,502.6,605.1,631.1,25.9,102.5
2026-09-09 15:31:02,compound_scenario,LRT_MMUR,42,2831.5,8,0,250.0,0,Mill,3,20.0,20.0,20.0,0.0,17.1,284.8,299.2,319.2,20.0,14.4
2026-09-09 15:31:02,compound_scenario,LRT_MMUR,42,2831.5,8,0,250.0,1,Weld,1,62.0,62.0,62.0,0.0,24.1,391.4,434.3,496.3,62.0,42.9
2026-09-09 15:31:02,compound_scenario,LRT_MMUR,42,2831.5,9,0,250.0,0,Mill,3,20.0,20.0,20.0,0.0,25.4,305.1,319.3,339.3,20.0,14.1
2026-09-09 15:31:02,compound_scenario,LRT_MMUR,42,2831.5,9,0,250.0,1,Weld,1,53.6,53.6,53.6,0.0,25.9,399.0,496.3,550.0,53.6,97.3
2026-09-09 15:31:02,compound_scenario,LRT_MMUR,42,2831.5,10,0,250.0,0,Mill,3,20.0,20.0,20.0,0.0,28.8,331.2,359.3,379.4,20.0,28.1
2026-09-09 15:31:02,compound_scenario,LRT_MMUR,42,2831.5,10,0,250.0,1,Weld,1,27.6,27.6,27.6,0.0,30.6,413.7,550.0,577.6,27.7,136.3
2026-09-09 15:31:02,compound_scenario,LRT_MMUR,42,2831.5,20,0,650.0,0,Mill,3,20.0,20.0,20.0,0.0,18.6,684.0,684.0,704.0,20.0,0.0
2026-09-09 15:31:02,compound_scenario,LRT_MMUR,42,2831.5,20,0,650.0,1,Weld,2,19.2,19.2,19.2,0.0,39.3,748.1,748.1,767.3,19.2,0.0
2026-09-09 15:31:02,compound_scenario,LRT_MMUR,42,2831.5,19,0,650.0,0,Mill,3,20.0,20.0,20.0,0.0,20.4,695.7,704.1,724.1,20.0,8.4
2026-09-09 15:31:02,compound_scenario,LRT_MMUR,42,2831.5,19,0,650.0,1,Weld,2,30.2,30.2,30.2,0.0,34.6,766.1,767.3,797.4,30.2,1.2
2026-09-09 15:31:02,compound_scenario,LRT_MMUR,42,2831.5,18,0,650.0,0,Mill,3,20.0,20.0,20.0,0.0,21.5,707.2,724.1,744.1,20.0,16.9
2026-09-09 15:31:02,compound_scenario,LRT_MMUR,42,2831.5,18,0,650.0,1,Weld,2,58.1,58.1,58.1,0.0,28.4,811.1,811.1,869.2,58.1,0.0
2026-09-09 15:31:02,compound_scenario,LRT_MMUR,42,2831.5,17,0,650.0,0,Mill,3,20.0,20.0,20.0,0.0,33.1,729.9,844.3,864.4,20.0,114.4
2026-09-09 15:31:02,compound_scenario,LRT_MMUR,42,2831.5,17,0,650.0,1,Weld,2,22.0,22.0,22.0,0.0,23.7,903.7,1090.3,1112.3,22.0,186.6
2026-09-09 15:31:02,compound_scenario,LRT_MMUR,42,2831.5,16,0,650.0,0,Mill,3,20.0,20.0,20.0,0.0,38.9,745.9,824.3,844.3,20.0,78.4
2026-09-09 15:31:02,compound_scenario,LRT_MMUR,42,2831.5,16,0,650.0,1,Weld,2,30.3,30.3,30.3,0.0,19.8,887.0,1059.9,1090.3,30.3,172.9
2026-09-09 15:31:02,compound_scenario,LRT_MMUR,42,2831.5,14,0,650.0,0,Mill,3,20.0,20.0,20.0,0.0,29.0,720.3,764.2,784.2,20.0,43.9
2026-09-09 15:31:02,compound_scenario,LRT_MMUR,42,2831.5,14,0,650.0,1,Weld,2,51.3,51.3,51.3,0.0,27.3,828.7,920.7,971.9,51.3,92.0
2026-09-09 15:31:02,compound_scenario,LRT_MMUR,42,2831.5,13,0,650.0,0,Mill,3,20.0,20.0,20.0,0.0,39.6,752.9,864.4,884.4,20.0,111.4
2026-09-09 15:31:02,compound_scenario,LRT_MMUR,42,2831.5,13,0,650.0,1,Weld,2,15.3,15.3,15.3,0.0,22.1,940.9,1112.3,1127.6,15.3,171.4
2026-09-09 15:31:02,compound_scenario,LRT_MMUR,42,2831.5,12,0,650.0,0,Mill,3,20.0,20.0,20.0,0.0,36.5,738.7,744.1,764.2,20.0,5.5
2026-09-09 15:31:02,compound_scenario,LRT_MMUR,42,2831.5,12,0,650.0,1,Weld,2,51.4,51.4,51.4,0.0,27.6,817.6,869.2,920.7,51.4,51.6
2026-09-09 15:31:02,compound_scenario,LRT_MMUR,42,2831.5,11,0,650.0,0,Mill,3,20.0,20.0,20.0,0.0,41.2,764.1,804.3,824.3,20.0,40.2
2026-09-09 15:31:02,compound_scenario,LRT_MMUR,42,2831.5,11,0,650.0,1,Weld,2,41.5,41.5,41.5,0.0,24.7,881.2,1018.4,1059.9,41.5,137.1
2026-09-09 15:31:02,compound_scenario,LRT_MMUR,42,2831.5,15,0,650.0,0,Mill,3,20.0,20.0,20.0,0.0,43.0,771.3,784.2,804.2,20.0,12.9
2026-09-09 15:31:02,compound_scenario,LRT_MMUR,42,2831.5,15,0,650.0,1,Weld,2,46.4,46.4,46.4,0.0,26.0,834.4,971.9,1018.4,46.4,137.5
2026-09-09 15:31:02,compound_scenario,LRT_MMUR,42,2831.5,29,0,1050.0,0,Mill,3,20.0,20.0,20.0,0.0,79.2,1141.5,1246.4,1266.4,20.0,104.9
2026-09-09 15:31:02,compound_scenario,LRT_MMUR,42,2831.5,29,0,1050.0,1,Weld,1,39.8,39.8,39.8,0.0,48.5,1332.7,2036.9,2076.7,39.9,704.1
2026-09-09 15:31:02,compound_scenario,LRT_MMUR,42,2831.5,35,0,1050.0,0,Mill,3,20.0,20.0,20.0,0.0,56.0,1126.2,1126.2,1146.2,20.0,0.0
2026-09-09 15:31:02,compound_scenario,LRT_MMUR,42,2831.5,35,0,1050.0,1,Weld,1,17.1,17.1,17.1,0.0,56.0,1229.6,1229.6,1246.7,17.1,0.0
2026-09-09 15:31:02,compound_scenario,LRT_MMUR,42,2831.5,34,0,1050.0,0,Mill,3,20.0,20.0,20.0,0.0,73.7,1153.2,1166.2,1186.3,20.0,13.0
2026-09-09 15:31:02,compound_scenario,LRT_MMUR,42,2831.5,34,0,1050.0,1,Weld,1,46.7,46.7,46.7,0.0,37.0,1263.7,1352.8,1399.5,46.7,89.1
2026-09-09 15:31:02,compound_scenario,LRT_MMUR,42,2831.5,32,0,1050.0,0,Mill,3,20.0,20.0,20.0,0.0,42.7,1132.1,1146.2,1166.2,20.0,14.1
2026-09-09 15:31:02,compound_scenario,LRT_MMUR,42,2831.5,32,0,1050.0,1,Weld,1,53.8,53.8,53.8,0.0,77.1,1244.9,1246.7,1300.5,53.8,1.7
2026-09-09 15:31:02,compound_scenario,LRT_MMUR,42,2831.5,31,0,1050.0,0,Mill,3,20.0,20.0,20.0,0.0,53.9,1160.6,1206.3,1226.3,20.0,45.8
2026-09-09 15:31:02,compound_scenario,LRT_MMUR,42,2831.5,31,0,1050.0,1,Weld,1,42.8,42.8,42.8,0.0,59.6,1308.2,1399.5,1442.4,42.9,91.4
2026-09-09 15:31:02,compound_scenario,LRT_MMUR,42,2831.5,30,0,1050.0,0,Mill,3,20.0,20.0,20.0,0.0,48.7,1166.3,1186.3,1206.3,20.0,19.9
2026-09-09 15:31:02,compound_scenario,LRT_MMUR,42,2831.5,30,0,1050.0,1,Weld,1,52.3,52.3,52.3,0.0,55.0,1293.4,1300.5,1352.8,52.3,7.0
2026-09-09 15:31:02,compound_scenario,LRT_MMUR,42,2831.5,28,0,1050.0,0,Mill,3,20.0,20.0,20.0,0.0,39.4,1232.7,1266.4,1286.5,20.0,33.7
2026-09-09 15:31:02,compound_scenario,LRT_MMUR,42,2831.5,28,0,1050.0,1,Weld,1,32.0,32.0,32.0,0.0,53.9,1406.3,2115.9,2147.9,32.1,709.6
2026-09-09 15:31:02,compound_scenario,LRT_MMUR,42,2831.5,33,0,1050.0,0,Mill,3,20.0,20.0,20.0,0.0,21.5,1221.9,1226.4,1246.4,20.0,4.5
2026-09-09 15:31:02,compound_scenario,LRT_MMUR,42,2831.5,33,0,1050.0,1,Weld,1,41.0,41.0,41.0,0.0,57.1,1354.3,1995.9,2036.9,41.0,641.5
2026-09-09 15:31:02,compound_scenario,LRT_MMUR,42,2831.5,26,0,1050.0,0,Mill,3,20.0,20.0,20.0,0.0,42.5,1282.7,1286.5,1306.5,20.0,3.8
2026-09-09 15:31:02,compound_scenario,LRT_MMUR,42,2831.5,26,0,1050.0,1,Weld,1,39.1,39.1,39.1,0.0,51.8,1414.0,2076.7,2115.9,39.2,662.7
2026-09-09 15:31:02,compound_scenario,LRT_MMUR,42,2831.5,25,0,1050.0,0,Mill,3,20.0,20.0,20.0,0.0,44.6,1311.7,1326.6,1346.6,20.0,14.9
2026-09-09 15:31:02,compound_scenario,LRT_MMUR,42,2831.5,25,0,1050.0,1,Weld,1,47.8,47.8,47.8,0.0,51.1,1421.7,1442.4,1490.3,47.9,20.7
2026-09-09 15:31:02,compound_scenario,LRT_MMUR,42,2831.5,24,0,1050.0,0,Mill,3,20.0,20.0,20.0,0.0,42.2,1303.1,1306.5,1326.5,20.0,3.5
2026-09-09 15:31:02,compound_scenario,LRT_MMUR,42,2831.5,24,0,1050.0,1,Weld,1,51.3,51.3,51.3,0.0,71.1,1479.9,1902.3,1953.7,51.3,422.4
2026-09-09 15:31:02,compound_scenario,LRT_MMUR,42,2831.5,23,0,1050.0,0,Mill,3,20.0,20.0,20.0,0.0,39.9,1295.7,1346.6,1366.6,20.0,50.9
2026-09-09 15:31:02,compound_scenario,LRT_MMUR,42,2831.5,23,0,1050.0,1,Weld,1,42.2,42.2,42.2,0.0,56.3,1453.7,1953.7,1995.9,42.2,500.0
2026-09-09 15:31:02,compound_scenario,LRT_MMUR,42,2831.5,27,0,1050.0,0,Mill,3,20.0,20.0,20.0,0.0,45.6,1369.1,1369.1,1389.1,20.0,0.0
2026-09-09 15:31:02,compound_scenario,LRT_MMUR,42,2831.5,27,0,1050.0,1,Weld,1,58.8,58.8,58.8,0.0,56.0,1472.4,1790.3,1849.2,58.8,318.0
2026-09-09 15:31:02,compound_scenario,LRT_MMUR,42,2831.5,22,0,1050.0,0,Mill,3,20.0,20.0,20.0,0.0,51.8,1395.9,1395.9,1415.9,20.0,0.0
2026-09-09 15:31:02,compound_scenario,LRT_MMUR,42,2831.5,22,0,1050.0,1,Weld,1,53.1,53.1,53.1,0.0,57.8,1545.4,1849.2,1902.3,53.2,303.7
2026-09-09 15:31:02,compound_scenario,LRT_MMUR,42,2831.5,21,0,1050.0,0,Mill,3,20.0,20.0,20.0,0.0,37.0,1454.0,1454.0,1474.0,20.0,0.0
2026-09-09 15:31:02,compound_scenario,LRT_MMUR,42,2831.5,21,0,1050.0,1,Weld,1,19.4,19.4,19.4,0.0,60.4,1613.0,2147.9,2167.3,19.4,534.9
2026-09-09 15:31:02,compound_scenario,LRT_MMUR,42,2831.5,37,0,1400.0,0,Weld,1,150.0,150.0,150.0,0.0,18.7,1444.6,1490.3,1640.3,150.0,45.6
2026-09-09 15:31:02,compound_scenario,LRT_MMUR,42,2831.5,36,0,1400.0,0,Weld,1,150.0,150.0,150.0,0.0,51.4,1515.8,1640.3,1790.3,150.0,124.5
2026-09-09 15:31:02,compound_scenario,LRT_MMUR,42,2831.5,38,0,1405.0,0,Weld,1,9.5,9.5,9.5,0.0,28.8,1508.1,2350.2,2359.7,9.5,842.2
2026-09-09 15:31:02,compound_scenario,LRT_MMUR,42,2831.5,39,0,1413.0,0,Weld,1,9.6,9.6,9.6,0.0,38.7,1523.3,2312.0,2321.6,9.6,788.7
2026-09-09 15:31:02,compound_scenario,LRT_MMUR,42,2831.5,40,0,1421.0,0,Weld,1,9.2,9.2,9.2,0.0,34.8,1560.6,2406.6,2415.8,9.2,846.0
2026-09-09 15:31:02,compound_scenario,LRT_MMUR,42,2831.5,41,0,1429.0,0,Weld,1,9.5,9.5,9.5,0.0,32.2,1553.0,2340.7,2350.2,9.5,787.7
2026-09-09 15:31:02,compound_scenario,LRT_MMUR,42,2831.5,42,0,1437.0,0,Weld,1,9.2,9.2,9.2,0.0,37.1,1568.3,2397.4,2406.6,9.2,829.1
2026-09-09 15:31:02,compound_scenario,LRT_MMUR,42,2831.5,43,0,1445.0,0,Weld,1,9.6,9.6,9.6,0.0,38.7,1575.8,2321.6,2331.2,9.6,745.8
2026-09-09 15:31:02,compound_scenario,LRT_MMUR,42,2831.5,44,0,1453.0,0,Weld,1,10.3,10.3,10.3,0.0,34.3,1590.4,2252.0,2262.3,10.3,661.6
2026-09-09 15:31:02,compound_scenario,LRT_MMUR,42,2831.5,45,0,1461.0,0,Weld,1,9.7,9.7,9.7,0.0,34.3,1598.0,2302.2,2312.0,9.8,704.3
2026-09-09 15:31:02,compound_scenario,LRT_MMUR,42,2831.5,46,0,1469.0,0,Weld,1,9.7,9.7,9.7,0.0,34.3,1605.5,2292.5,2302.2,9.8,687.0
2026-09-09 15:31:02,compound_scenario,LRT_MMUR,42,2831.5,47,0,1477.0,0,Weld,1,9.4,9.4,9.4,0.0,38.7,1620.5,2369.2,2378.6,9.4,748.7
2026-09-09 15:31:02,compound_scenario,LRT_MMUR,42,2831.5,48,0,1485.0,0,Weld,1,9.5,9.5,9.5,0.0,38.2,1628.0,2331.2,2340.7,9.6,703.1
2026-09-09 15:31:02,compound_scenario,LRT_MMUR,42,2831.5,49,0,1493.0,0,Weld,1,10.9,10.9,10.9,0.0,37.4,1643.2,2178.3,2189.2,10.9,535.1
2026-09-09 15:31:02,compound_scenario,LRT_MMUR,42,2831.5,50,0,1501.0,0,Weld,1,10.3,10.3,10.3,0.0,34.5,1635.6,2231.4,2241.7,10.3,595.8
2026-09-09 15:31:02,compound_scenario,LRT_MMUR,42,2831.5,51,0,1509.0,0,Weld,1,10.2,10.2,10.2,0.0,41.0,1652.3,2262.3,2272.6,10.2,610.0
2026-09-09 15:31:02,compound_scenario,LRT_MMUR,42,2831.5,52,0,1517.0,0,Weld,1,9.3,9.3,9.3,0.0,41.3,1659.8,2378.6,2388.0,9.4,718.8
2026-09-09 15:31:02,compound_scenario,LRT_MMUR,42,2831.5,53,0,1525.0,0,Weld,1,10.5,10.5,10.5,0.0,41.8,1667.6,2210.5,2221.0,10.5,543.0
2026-09-09 15:31:02,compound_scenario,LRT_MMUR,42,2831.5,54,0,1533.0,0,Weld,1,9.3,9.3,9.3,0.0,41.8,1675.1,2388.0,2397.4,9.4,712.9
2026-09-09 15:31:02,compound_scenario,LRT_MMUR,42,2831.5,55,0,1541.0,0,Weld,1,9.8,9.8,9.8,0.0,41.6,1682.6,2282.7,2292.5,9.8,600.1
2026-09-09 15:31:02,compound_scenario,LRT_MMUR,42,2831.5,56,0,1549.0,0,Weld,1,11.0,11.0,11.0,0.0,41.6,1690.2,2167.3,2178.3,11.0,477.1
2026-09-09 15:31:02,compound_scenario,LRT_MMUR,42,2831.5,57,0,1557.0,0,Weld,1,10.3,10.3,10.3,0.0,39.5,1704.8,2241.7,2252.0,10.3,536.9
2026-09-09 15:31:02,compound_scenario,LRT_MMUR,42,2831.5,58,0,1565.0,0,Weld,1,10.1,10.1,10.1,0.0,39.2,1712.3,2272.6,2282.7,10.1,560.2
2026-09-09 15:31:02,compound_scenario,LRT_MMUR,42,2831.5,59,0,1573.0,0,Weld,1,10.4,10.4,10.4,0.0,39.7,1720.1,2221.0,2231.4,10.4,500.9
2026-09-09 15:31:02,compound_scenario,LRT_MMUR,42,2831.5,60,0,1581.0,0,Weld,1,10.7,10.7,10.7,0.0,39.7,1727.6,2189.2,2199.9,10.7,461.6
2026-09-09 15:31:02,compound_scenario,LRT_MMUR,42,2831.5,61,0,1589.0,0,Weld,1,10.6,10.6,10.6,0.0,39.5,1735.1,2199.9,2210.5,10.6,464.8
2026-09-09 15:31:02,compound_scenario,LRT_MMUR,42,2831.5,62,0,1597.0,0,Weld,1,9.5,9.5,9.5,0.0,38.4,1742.7,2359.7,2369.2,9.5,617.0
2026-09-09 15:31:02,compound_scenario,LRT_MMUR,42,2831.5,63,0,2200.0,0,Mill,1,21.0,21.0,21.0,0.0,23.3,2248.9,2248.9,2269.9,21.0,0.0
2026-09-09 15:31:02,compound_scenario,LRT_MMUR,42,2831.5,63,0,2200.0,1,Lathe,1,29.5,29.5,29.5,0.0,38.4,2350.8,2350.8,2380.3,29.5,0.0
2026-09-09 15:31:02,compound_scenario,LRT_MMUR,42,2831.5,63,0,2200.0,2,Weld,1,28.0,28.0,28.0,0.0,28.6,2609.6,2609.6,2637.7,28.1,0.0
2026-09-09 15:31:02,compound_scenario,LRT_MMUR,42,2831.5,64,0,2260.0,0,Mill,1,26.3,26.3,26.3,0.0,29.6,2586.8,2586.8,2613.2,26.4,0.0
2026-09-09 15:31:02,compound_scenario,LRT_MMUR,42,2831.5,64,0,2260.0,1,Lathe,1,48.3,48.3,48.3,0.0,20.8,2652.8,2652.8,2701.1,48.3,0.0
2026-09-09 15:31:02,compound_scenario,LRT_MMUR,42,2831.5,64,0,2260.0,2,Weld,1,46.3,46.3,46.3,0.0,20.6,2733.6,2733.6,2779.9,46.3,0.0
2026-09-09 15:31:02,compound_scenario,LRT_MMUR,42,2831.5,65,0,2320.0,0,Mill,1,29.4,29.4,29.4,0.0,44.3,2608.8,2608.8,2638.3,29.5,0.0
2026-09-09 15:31:02,compound_scenario,LRT_MMUR,42,2831.5,65,0,2320.0,1,Lathe,1,39.7,39.7,39.7,0.0,4.7,2645.2,2645.2,2684.9,39.7,0.0
2026-09-09 15:31:02,compound_scenario,LRT_MMUR,42,2831.5,65,0,2320.0,2,Weld,1,31.9,31.9,31.9,0.0,13.3,2700.4,2700.4,2732.3,31.9,0.0
2026-09-09 15:32:18,compound_scenario,LRT_MMUR,43,2831.5,0,0,0.0,0,Mill,1,39.2,39.2,39.2,0.0,18.6,31.0,31.0,70.2,39.2,0.0
2026-09-09 15:32:18,compound_scenario,LRT_MMUR,43,2831.5,0,0,0.0,1,Lathe,1,20.8,20.8,20.8,0.0,20.7,105.8,105.8,126.6,20.8,0.0
2026-09-09 15:32:18,compound_scenario,LRT_MMUR,43,2831.5,0,0,0.0,2,Weld,1,28.3,28.3,28.3,0.0,21.5,162.5,162.5,190.8,28.3,0.0
2026-09-09 15:32:18,compound_scenario,LRT_MMUR,43,2831.5,1,0,60.0,0,Mill,1,26.7,26.7,26.7,0.0,16.8,93.0,93.0,119.7,26.7,0.0
2026-09-09 15:32:18,compound_scenario,LRT_MMUR,43,2831.5,1,0,60.0,1,Lathe,1,42.1,42.1,42.1,0.0,21.5,156.9,156.9,199.1,42.1,0.0
2026-09-09 15:32:18,compound_scenario,LRT_MMUR,43,2831.5,1,0,60.0,2,Weld,1,40.3,40.3,40.3,0.0,20.6,231.0,231.0,271.3,40.3,0.0
2026-09-09 15:32:18,compound_scenario,LRT_MMUR,43,2831.5,2,0,120.0,0,Mill,1,46.8,46.8,46.8,0.0,34.9,169.9,169.9,216.7,46.8,0.0
2026-09-09 15:32:18,compound_scenario,LRT_MMUR,43,2831.5,2,0,120.0,1,Lathe,1,22.6,22.6,22.6,0.0,4.7,223.6,223.6,246.3,22.6,0.0
2026-09-09 15:32:18,compound_scenario,LRT_MMUR,43,2831.5,2,0,120.0,2,Weld,1,32.7,32.7,32.7,0.0,13.0,262.4,262.4,295.1,32.7,0.0
2026-09-09 15:32:18,compound_scenario,LRT_MMUR,43,2831.5,3,0,250.0,0,Mill,3,20.0,20.0,20.0,0.0,16.8,279.2,279.2,299.2,20.0,0.0
2026-09-09 15:32:18,compound_scenario,LRT_MMUR,43,2831.5,3,0,250.0,1,Weld,1,12.4,12.4,12.4,0.0,35.3,342.0,342.0,354.4,12.4,0.0
2026-09-09 15:32:18,compound_scenario,LRT_MMUR,43,2831.5,4,0,250.0,0,Mill,3,20.0,20.0,20.0,0.0,22.0,294.7,379.4,399.4,20.0,84.7
2026-09-09 15:32:18,compound_scenario,LRT_MMUR,43,2831.5,4,0,250.0,1,Weld,1,27.5,27.5,27.5,0.0,32.2,464.2,577.6,605.1,27.5,113.5
2026-09-09 15:32:18,compound_scenario,LRT_MMUR,43,2831.5,5,0,250.0,0,Mill,3,20.0,20.0,20.0,0.0,28.8,315.5,339.3,359.3,20.0,23.8
2026-09-09 15:32:18,compound_scenario,LRT_MMUR,43,2831.5,5,0,250.0,1,Weld,1,50.4,50.4,50.4,0.0,22.3,383.9,383.9,434.3,50.5,0.0
2026-09-09 15:32:18,compound_scenario,LRT_MMUR,43,2831.5,6,0,250.0,0,Mill,3,20.0,20.0,20.0,0.0,28.5,325.4,419.5,439.5,20.0,94.0
2026-09-09 15:32:18,compound_scenario,LRT_MMUR,43,2831.5,6,0,250.0,1,Weld,1,12.1,12.1,12.1,0.0,22.8,485.8,631.1,643.2,12.1,145.3
2026-09-09 15:32:18,compound_scenario,LRT_MMUR,43,2831.5,7,0,250.0,0,Mill,3,20.0,20.0,20.0,0.0,29.6,336.8,399.4,419.4,20.0,62.7
2026-09-09 15:32:18,compound_scenario,LRT_MMUR,43,2831.5,7,0,250.0,1,Weld,1,25.9,25.9,25.9,0.0,51.5,502.6,605.1,631.1,25.9,102.5
2026-09-09 15:32:18,compound_scenario,LRT_MMUR,43,2831.5,8,0,250.0,0,Mill,3,20.0,20.0,20.0,0.0,17.1,284.8,299.2,319.2,20.0,14.4
2026-09-09 15:32:18,compound_scenario,LRT_MMUR,43,2831.5,8,0,250.0,1,Weld,1,62.0,62.0,62.0,0.0,24.1,391.4,434.3,496.3,62.0,42.9
2026-09-09 15:32:18,compound_scenario,LRT_MMUR,43,2831.5,9,0,250.0,0,Mill,3,20.0,20.0,20.0,0.0,25.4,305.1,319.3,339.3,20.0,14.1
2026-09-09 15:32:18,compound_scenario,LRT_MMUR,43,2831.5,9,0,250.0,1,Weld,1,53.6,53.6,53.6,0.0,25.9,399.0,496.3,550.0,53.6,97.3
2026-09-09 15:32:18,compound_scenario,LRT_MMUR,43,2831.5,10,0,250.0,0,Mill,3,20.0,20.0,20.0,0.0,28.8,331.2,359.3,379.4,20.0,28.1
2026-09-09 15:32:18,compound_scenario,LRT_MMUR,43,2831.5,10,0,250.0,1,Weld,1,27.6,27.6,27.6,0.0,30.6,413.7,550.0,577.6,27.7,136.3
2026-09-09 15:32:18,compound_scenario,LRT_MMUR,43,2831.5,20,0,650.0,0,Mill,3,20.0,20.0,20.0,0.0,18.6,684.0,684.0,704.0,20.0,0.0
2026-09-09 15:32:18,compound_scenario,LRT_MMUR,43,2831.5,20,0,650.0,1,Weld,2,19.2,19.2,19.2,0.0,39.3,748.1,748.1,767.3,19.2,0.0
2026-09-09 15:32:18,compound_scenario,LRT_MMUR,43,2831.5,19,0,650.0,0,Mill,3,20.0,20.0,20.0,0.0,20.4,695.7,704.1,724.1,20.0,8.4
2026-09-09 15:32:18,compound_scenario,LRT_MMUR,43,2831.5,19,0,650.0,1,Weld,2,30.2,30.2,30.2,0.0,34.6,766.1,767.3,797.4,30.2,1.2
2026-09-09 15:32:18,compound_scenario,LRT_MMUR,43,2831.5,18,0,650.0,0,Mill,3,20.0,20.0,20.0,0.0,21.5,707.2,724.1,744.1,20.0,16.9
2026-09-09 15:32:18,compound_scenario,LRT_MMUR,43,2831.5,18,0,650.0,1,Weld,2,58.1,58.1,58.1,0.0,28.4,811.1,811.1,869.2,58.1,0.0
2026-09-09 15:32:18,compound_scenario,LRT_MMUR,43,2831.5,17,0,650.0,0,Mill,3,20.0,20.0,20.0,0.0,33.1,729.9,844.3,864.4,20.0,114.4
2026-09-09 15:32:18,compound_scenario,LRT_MMUR,43,2831.5,17,0,650.0,1,Weld,2,22.0,22.0,22.0,0.0,23.7,903.7,1090.3,1112.3,22.0,186.6
2026-09-09 15:32:18,compound_scenario,LRT_MMUR,43,2831.5,16,0,650.0,0,Mill,3,20.0,20.0,20.0,0.0,38.9,745.9,824.3,844.3,20.0,78.4
2026-09-09 15:32:18,compound_scenario,LRT_MMUR,43,2831.5,16,0,650.0,1,Weld,2,30.3,30.3,30.3,0.0,19.8,887.0,1059.9,1090.3,30.3,172.9
2026-09-09 15:32:18,compound_scenario,LRT_MMUR,43,2831.5,14,0,650.0,0,Mill,3,20.0,20.0,20.0,0.0,29.0,720.3,764.2,784.2,20.0,43.9
2026-09-09 15:32:18,compound_scenario,LRT_MMUR,43,2831.5,14,0,650.0,1,Weld,2,51.3,51.3,51.3,0.0,27.3,828.7,920.7,971.9,51.3,92.0
2026-09-09 15:32:18,compound_scenario,LRT_MMUR,43,2831.5,13,0,650.0,0,Mill,3,20.0,20.0,20.0,0.0,39.6,752.9,864.4,884.4,20.0,111.4
2026-09-09 15:32:18,compound_scenario,LRT_MMUR,43,2831.5,13,0,650.0,1,Weld,2,15.3,15.3,15.3,0.0,22.1,940.9,1112.3,1127.6,15.3,171.4
2026-09-09 15:32:18,compound_scenario,LRT_MMUR,43,2831.5,12,0,650.0,0,Mill,3,20.0,20.0,20.0,0.0,36.5,738.7,744.1,764.2,20.0,5.5
2026-09-09 15:32:18,compound_scenario,LRT_MMUR,43,2831.5,12,0,650.0,1,Weld,2,51.4,51.4,51.4,0.0,27.6,817.6,869.2,920.7,51.4,51.6
2026-09-09 15:32:18,compound_scenario,LRT_MMUR,43,2831.5,11,0,650.0,0,Mill,3,20.0,20.0,20.0,0.0,41.2,764.1,804.3,824.3,20.0,40.2
2026-09-09 15:32:18,compound_scenario,LRT_MMUR,43,2831.5,11,0,650.0,1,Weld,2,41.5,41.5,41.5,0.0,24.7,881.2,1018.4,1059.9,41.5,137.1
2026-09-09 15:32:18,compound_scenario,LRT_MMUR,43,2831.5,15,0,650.0,0,Mill,3,20.0,20.0,20.0,0.0,43.0,771.3,784.2,804.2,20.0,12.9
2026-09-09 15:32:18,compound_scenario,LRT_MMUR,43,2831.5,15,0,650.0,1,Weld,2,46.4,46.4,46.4,0.0,26.0,834.4,971.9,1018.4,46.4,137.5
2026-09-09 15:32:18,compound_scenario,LRT_MMUR,43,2831.5,29,0,1050.0,0,Mill,3,20.0,20.0,20.0,0.0,79.2,1141.5,1246.4,1266.4,20.0,104.9
2026-09-09 15:32:18,compound_scenario,LRT_MMUR,43,2831.5,29,0,1050.0,1,Weld,1,39.8,39.8,39.8,0.0,48.5,1332.7,2036.9,2076.7,39.9,704.1
2026-09-09 15:32:18,compound_scenario,LRT_MMUR,43,2831.5,35,0,1050.0,0,Mill,3,20.0,20.0,20.0,0.0,56.0,1126.2,1126.2,1146.2,20.0,0.0
2026-09-09 15:32:18,compound_scenario,LRT_MMUR,43,2831.5,35,0,1050.0,1,Weld,1,17.1,17.1,17.1,0.0,56.0,1229.6,1229.6,1246.7,17.1,0.0
2026-09-09 15:32:18,compound_scenario,LRT_MMUR,43,2831.5,34,0,1050.0,0,Mill,3,20.0,20.0,20.0,0.0,73.7,1153.2,1166.2,1186.3,20.0,13.0
2026-09-09 15:32:18,compound_scenario,LRT_MMUR,43,2831.5,34,0,1050.0,1,Weld,1,46.7,46.7,46.7,0.0,37.0,1263.7,1352.8,1399.5,46.7,89.1
2026-09-09 15:32:18,compound_scenario,LRT_MMUR,43,2831.5,32,0,1050.0,0,Mill,3,20.0,20.0,20.0,0.0,42.7,1132.1,1146.2,1166.2,20.0,14.1
2026-09-09 15:32:18,compound_scenario,LRT_MMUR,43,2831.5,32,0,1050.0,1,Weld,1,53.8,53.8,53.8,0.0,77.1,1244.9,1246.7,1300.5,53.8,1.7
2026-09-09 15:32:18,compound_scenario,LRT_MMUR,43,2831.5,31,0,1050.0,0,Mill,3,20.0,20.0,20.0,0.0,53.9,1160.6,1206.3,1226.3,20.0,45.8
2026-09-09 15:32:18,compound_scenario,LRT_MMUR,43,2831.5,31,0,1050.0,1,Weld,1,42.8,42.8,42.8,0.0,59.6,1308.2,1399.5,1442.4,42.9,91.4
2026-09-09 15:32:18,compound_scenario,LRT_MMUR,43,2831.5,30,0,1050.0,0,Mill,3,20.0,20.0,20.0,0.0,48.7,1166.3,1186.3,1206.3,20.0,19.9
2026-09-09 15:32:18,compound_scenario,LRT_MMUR,43,2831.5,30,0,1050.0,1,Weld,1,52.3,52.3,52.3,0.0,55.0,1293.4,1300.5,1352.8,52.3,7.0
2026-09-09 15:32:18,compound_scenario,LRT_MMUR,43,2831.5,28,0,1050.0,0,Mill,3,20.0,20.0,20.0,0.0,39.4,1232.7,1266.4,1286.5,20.0,33.7
2026-09-09 15:32:18,compound_scenario,LRT_MMUR,43,2831.5,28,0,1050.0,1,Weld,1,32.0,32.0,32.0,0.0,53.9,1406.3,2115.9,2147.9,32.1,709.6
2026-09-09 15:32:18,compound_scenario,LRT_MMUR,43,2831.5,33,0,1050.0,0,Mill,3,20.0,20.0,20.0,0.0,21.5,1221.9,1226.4,1246.4,20.0,4.5
2026-09-09 15:32:18,compound_scenario,LRT_MMUR,43,2831.5,33,0,1050.0,1,Weld,1,41.0,41.0,41.0,0.0,57.1,1354.3,1995.9,2036.9,41.0,641.5
2026-09-09 15:32:18,compound_scenario,LRT_MMUR,43,2831.5,26,0,1050.0,0,Mill,3,20.0,20.0,20.0,0.0,42.5,1282.7,1286.5,1306.5,20.0,3.8
2026-09-09 15:32:18,compound_scenario,LRT_MMUR,43,2831.5,26,0,1050.0,1,Weld,1,39.1,39.1,39.1,0.0,51.8,1414.0,2076.7,2115.9,39.2,662.7
2026-09-09 15:32:18,compound_scenario,LRT_MMUR,43,2831.5,25,0,1050.0,0,Mill,3,20.0,20.0,20.0,0.0,44.6,1311.7,1326.6,1346.6,20.0,14.9
2026-09-09 15:32:18,compound_scenario,LRT_MMUR,43,2831.5,25,0,1050.0,1,Weld,1,47.8,47.8,47.8,0.0,51.1,1421.7,1442.4,1490.3,47.9,20.7
2026-09-09 15:32:18,compound_scenario,LRT_MMUR,43,2831.5,24,0,1050.0,0,Mill,3,20.0,20.0,20.0,0.0,42.2,1303.1,1306.5,1326.5,20.0,3.5
2026-09-09 15:32:18,compound_scenario,LRT_MMUR,43,2831.5,24,0,1050.0,1,Weld,1,51.3,51.3,51.3,0.0,71.1,1479.9,1902.3,1953.7,51.3,422.4
2026-09-09 15:32:18,compound_scenario,LRT_MMUR,43,2831.5,23,0,1050.0,0,Mill,3,20.0,20.0,20.0,0.0,39.9,1295.7,1346.6,1366.6,20.0,50.9
2026-09-09 15:32:18,compound_scenario,LRT_MMUR,43,2831.5,23,0,1050.0,1,Weld,1,42.2,42.2,42.2,0.0,56.3,1453.7,1953.7,1995.9,42.2,500.0
2026-09-09 15:32:18,compound_scenario,LRT_MMUR,43,2831.5,27,0,1050.0,0,Mill,3,20.0,20.0,20.0,0.0,45.6,1369.1,1369.1,1389.1,20.0,0.0
2026-09-09 15:32:18,compound_scenario,LRT_MMUR,43,2831.5,27,0,1050.0,1,Weld,1,58.8,58.8,58.8,0.0,56.0,1472.4,1790.3,1849.2,58.8,318.0
2026-09-09 15:32:18,compound_scenario,LRT_MMUR,43,2831.5,22,0,1050.0,0,Mill,3,20.0,20.0,20.0,0.0,51.8,1395.9,1395.9,1415.9,20.0,0.0
2026-09-09 15:32:18,compound_scenario,LRT_MMUR,43,2831.5,22,0,1050.0,1,Weld,1,53.1,53.1,53.1,0.0,57.8,1545.4,1849.2,1902.3,53.2,303.7
2026-09-09 15:32:18,compound_scenario,LRT_MMUR,43,2831.5,21,0,1050.0,0,Mill,3,20.0,20.0,20.0,0.0,37.0,1454.0,1454.0,1474.0,20.0,0.0
2026-09-09 15:32:18,compound_scenario,LRT_MMUR,43,2831.5,21,0,1050.0,1,Weld,1,19.4,19.4,19.4,0.0,60.4,1613.0,2147.9,2167.3,19.4,534.9
2026-09-09 15:32:18,compound_scenario,LRT_MMUR,43,2831.5,37,0,1400.0,0,Weld,1,150.0,150.0,150.0,0.0,18.7,1444.6,1490.3,1640.3,150.0,45.6
2026-09-09 15:32:18,compound_scenario,LRT_MMUR,43,2831.5,36,0,1400.0,0,Weld,1,150.0,150.0,150.0,0.0,51.4,1515.8,1640.3,1790.3,150.0,124.5
2026-09-09 15:32:18,compound_scenario,LRT_MMUR,43,2831.5,38,0,1405.0,0,Weld,1,9.5,9.5,9.5,0.0,28.8,1508.1,2350.2,2359.7,9.5,842.2
2026-09-09 15:32:18,compound_scenario,LRT_MMUR,43,2831.5,39,0,1413.0,0,Weld,1,9.6,9.6,9.6,0.0,38.7,1523.3,2312.0,2321.6,9.6,788.7
2026-09-09 15:32:18,compound_scenario,LRT_MMUR,43,2831.5,40,0,1421.0,0,Weld,1,9.2,9.2,9.2,0.0,34.8,1560.6,2406.6,2415.8,9.2,846.0
2026-09-09 15:32:18,compound_scenario,LRT_MMUR,43,2831.5,41,0,1429.0,0,Weld,1,9.5,9.5,9.5,0.0,32.2,1553.0,2340.7,2350.2,9.5,787.7
2026-09-09 15:32:18,compound_scenario,LRT_MMUR,43,2831.5,42,0,1437.0,0,Weld,1,9.2,9.2,9.2,0.0,37.1,1568.3,2397.4,2406.6,9.2,829.1
2026-09-09 15:32:18,compound_scenario,LRT_MMUR,43,2831.5,43,0,1445.0,0,Weld,1,9.6,9.6,9.6,0.0,38.7,1575.8,2321.6,2331.2,9.6,745.8
2026-09-09 15:32:18,compound_scenario,LRT_MMUR,43,2831.5,44,0,1453.0,0,Weld,1,10.3,10.3,10.3,0.0,34.3,1590.4,2252.0,2262.3,10.3,661.6
2026-09-09 15:32:18,compound_scenario,LRT_MMUR,43,2831.5,45,0,1461.0,0,Weld,1,9.7,9.7,9.7,0.0,34.3,1598.0,2302.2,2312.0,9.8,704.3
2026-09-09 15:32:18,compound_scenario,LRT_MMUR,43,2831.5,46,0,1469.0,0,Weld,1,9.7,9.7,9.7,0.0,34.3,1605.5,2292.5,2302.2,9.8,687.0
2026-09-09 15:32:18,compound_scenario,LRT_MMUR,43,2831.5,47,0,1477.0,0,Weld,1,9.4,9.4,9.4,0.0,38.7,1620.5,2369.2,2378.6,9.4,748.7
2026-09-09 15:32:18,compound_scenario,LRT_MMUR,43,2831.5,48,0,1485.0,0,Weld,1,9.5,9.5,9.5,0.0,38.2,1628.0,2331.2,2340.7,9.6,703.1
2026-09-09 15:32:18,compound_scenario,LRT_MMUR,43,2831.5,49,0,1493.0,0,Weld,1,10.9,10.9,10.9,0.0,37.4,1643.2,2178.3,2189.2,10.9,535.1
2026-09-09 15:32:18,compound_scenario,LRT_MMUR,43,2831.5,50,0,1501.0,0,Weld,1,10.3,10.3,10.3,0.0,34.5,1635.6,2231.4,2241.7,10.3,595.8
2026-09-09 15:32:18,compound_scenario,LRT_MMUR,43,2831.5,51,0,1509.0,0,Weld,1,10.2,10.2,10.2,0.0,41.0,1652.3,2262.3,2272.6,10.2,610.0
2026-09-09 15:32:18,compound_scenario,LRT_MMUR,43,2831.5,52,0,1517.0,0,Weld,1,9.3,9.3,9.3,0.0,41.3,1659.8,2378.6,2388.0,9.4,718.8
2026-09-09 15:32:18,compound_scenario,LRT_MMUR,43,2831.5,53,0,1525.0,0,Weld,1,10.5,10.5,10.5,0.0,41.8,1667.6,2210.5,2221.0,10.5,543.0
2026-09-09 15:32:18,compound_scenario,LRT_MMUR,43,2831.5,54,0,1533.0,0,Weld,1,9.3,9.3,9.3,0.0,41.8,1675.1,2388.0,2397.4,9.4,712.9
2026-09-09 15:32:18,compound_scenario,LRT_MMUR,43,2831.5,55,0,1541.0,0,Weld,1,9.8,9.8,9.8,0.0,41.6,1682.6,2282.7,2292.5,9.8,600.1
2026-09-09 15:32:18,compound_scenario,LRT_MMUR,43,2831.5,56,0,1549.0,0,Weld,1,11.0,11.0,11.0,0.0,41.6,1690.2,2167.3,2178.3,11.0,477.1
2026-09-09 15:32:18,compound_scenario,LRT_MMUR,43,2831.5,57,0,1557.0,0,Weld,1,10.3,10.3,10.3,0.0,39.5,1704.8,2241.7,2252.0,10.3,536.9
2026-09-09 15:32:18,compound_scenario,LRT_MMUR,43,2831.5,58,0,1565.0,0,Weld,1,10.1,10.1,10.1,0.0,39.2,1712.3,2272.6,2282.7,10.1,560.2
2026-09-09 15:32:18,compound_scenario,LRT_MMUR,43,2831.5,59,0,1573.0,0,Weld,1,10.4,10.4,10.4,0.0,39.7,1720.1,2221.0,2231.4,10.4,500.9
2026-09-09 15:32:18,compound_scenario,LRT_MMUR,43,2831.5,60,0,1581.0,0,Weld,1,10.7,10.7,10.7,0.0,39.7,1727.6,2189.2,2199.9,10.7,461.6
2026-09-09 15:32:18,compound_scenario,LRT_MMUR,43,2831.5,61,0,1589.0,0,Weld,1,10.6,10.6,10.6,0.0,39.5,1735.1,2199.9,2210.5,10.6,464.8
2026-09-09 15:32:18,compound_scenario,LRT_MMUR,43,2831.5,62,0,1597.0,0,Weld,1,9.5,9.5,9.5,0.0,38.4,1742.7,2359.7,2369.2,9.5,617.0
2026-09-09 15:32:18,compound_scenario,LRT_MMUR,43,2831.5,63,0,2200.0,0,Mill,1,21.0,21.0,21.0,0.0,23.3,2248.9,2248.9,2269.9,21.0,0.0
2026-09-09 15:32:18,compound_scenario,LRT_MMUR,43,2831.5,63,0,2200.0,1,Lathe,1,29.5,29.5,29.5,0.0,38.4,2350.8,2350.8,2380.3,29.5,0.0
2026-09-09 15:32:18,compound_scenario,LRT_MMUR,43,2831.5,63,0,2200.0,2,Weld,1,28.0,28.0,28.0,0.0,28.6,2609.6,2609.6,2637.7,28.1,0.0
2026-09-09 15:32:18,compound_scenario,LRT_MMUR,43,2831.5,64,0,2260.0,0,Mill,1,26.3,26.3,26.3,0.0,29.6,2586.8,2586.8,2613.2,26.4,0.0
2026-09-09 15:32:18,compound_scenario,LRT_MMUR,43,2831.5,64,0,2260.0,1,Lathe,1,48.3,48.3,48.3,0.0,20.8,2652.8,2652.8,2701.1,48.3,0.0
2026-09-09 15:32:18,compound_scenario,LRT_MMUR,43,2831.5,64,0,2260.0,2,Weld,1,46.3,46.3,46.3,0.0,20.6,2733.6,2733.6,2779.9,46.3,0.0
2026-09-09 15:32:18,compound_scenario,LRT_MMUR,43,2831.5,65,0,2320.0,0,Mill,1,29.4,29.4,29.4,0.0,44.3,2608.8,2608.8,2638.3,29.5,0.0
2026-09-09 15:32:18,compound_scenario,LRT_MMUR,43,2831.5,65,0,2320.0,1,Lathe,1,39.7,39.7,39.7,0.0,4.7,2645.2,2645.2,2684.9,39.7,0.0
2026-09-09 15:32:18,compound_scenario,LRT_MMUR,43,2831.5,65,0,2320.0,2,Weld,1,31.9,31.9,31.9,0.0,13.3,2700.4,2700.4,2732.3,31.9,0.0
2026-09-09 15:33:34,compound_scenario,LRT_MMUR,44,2831.5,0,0,0.0,0,Mill,1,39.2,39.2,39.2,0.0,18.6,31.0,31.0,70.2,39.2,0.0
2026-09-09 15:33:34,compound_scenario,LRT_MMUR,44,2831.5,0,0,0.0,1,Lathe,1,20.8,20.8,20.8,0.0,20.7,105.8,105.8,126.6,20.8,0.0
2026-09-09 15:33:34,compound_scenario,LRT_MMUR,44,2831.5,0,0,0.0,2,Weld,1,28.3,28.3,28.3,0.0,21.5,162.5,162.5,190.8,28.3,0.0
2026-09-09 15:33:34,compound_scenario,LRT_MMUR,44,2831.5,1,0,60.0,0,Mill,1,26.7,26.7,26.7,0.0,16.8,93.0,93.0,119.7,26.7,0.0
2026-09-09 15:33:34,compound_scenario,LRT_MMUR,44,2831.5,1,0,60.0,1,Lathe,1,42.1,42.1,42.1,0.0,21.5,156.9,156.9,199.1,42.1,0.0
2026-09-09 15:33:34,compound_scenario,LRT_MMUR,44,2831.5,1,0,60.0,2,Weld,1,40.3,40.3,40.3,0.0,20.6,231.0,231.0,271.3,40.3,0.0
2026-09-09 15:33:34,compound_scenario,LRT_MMUR,44,2831.5,2,0,120.0,0,Mill,1,46.8,46.8,46.8,0.0,34.9,169.9,169.9,216.7,46.8,0.0
2026-09-09 15:33:34,compound_scenario,LRT_MMUR,44,2831.5,2,0,120.0,1,Lathe,1,22.6,22.6,22.6,0.0,4.7,223.6,223.6,246.3,22.6,0.0
2026-09-09 15:33:34,compound_scenario,LRT_MMUR,44,2831.5,2,0,120.0,2,Weld,1,32.7,32.7,32.7,0.0,13.0,262.4,262.4,295.1,32.7,0.0
2026-09-09 15:33:34,compound_scenario,LRT_MMUR,44,2831.5,3,0,250.0,0,Mill,3,20.0,20.0,20.0,0.0,16.8,279.2,279.2,299.2,20.0,0.0
2026-09-09 15:33:34,compound_scenario,LRT_MMUR,44,2831.5,3,0,250.0,1,Weld,1,12.4,12.4,12.4,0.0,35.3,342.0,342.0,354.4,12.4,0.0
2026-09-09 15:33:34,compound_scenario,LRT_MMUR,44,2831.5,4,0,250.0,0,Mill,3,20.0,20.0,20.0,0.0,22.0,294.7,379.4,399.4,20.0,84.7
2026-09-09 15:33:34,compound_scenario,LRT_MMUR,44,2831.5,4,0,250.0,1,Weld,1,27.5,27.5,27.5,0.0,32.2,464.2,577.6,605.1,27.5,113.5
2026-09-09 15:33:34,compound_scenario,LRT_MMUR,44,2831.5,5,0,250.0,0,Mill,3,20.0,20.0,20.0,0.0,28.8,315.5,339.3,359.3,20.0,23.8
2026-09-09 15:33:34,compound_scenario,LRT_MMUR,44,2831.5,5,0,250.0,1,Weld,1,50.4,50.4,50.4,0.0,22.3,383.9,383.9,434.3,50.5,0.0
2026-09-09 15:33:34,compound_scenario,LRT_MMUR,44,2831.5,6,0,250.0,0,Mill,3,20.0,20.0,20.0,0.0,28.5,325.4,419.5,439.5,20.0,94.0
2026-09-09 15:33:34,compound_scenario,LRT_MMUR,44,2831.5,6,0,250.0,1,Weld,1,12.1,12.1,12.1,0.0,22.8,485.8,631.1,643.2,12.1,145.3
2026-09-09 15:33:34,compound_scenario,LRT_MMUR,44,2831.5,7,0,250.0,0,Mill,3,20.0,20.0,20.0,0.0,29.6,336.8,399.4,419.4,20.0,62.7
2026-09-09 15:33:34,compound_scenario,LRT_MMUR,44,2831.5,7,0,250.0,1,Weld,1,25.9,25.9,25.9,0.0,51.5,502.6,605.1,631.1,25.9,102.5
2026-09-09 15:33:34,compound_scenario,LRT_MMUR,44,2831.5,8,0,250.0,0,Mill,3,20.0,20.0,20.0,0.0,17.1,284.8,299.2,319.2,20.0,14.4
2026-09-09 15:33:34,compound_scenario,LRT_MMUR,44,2831.5,8,0,250.0,1,Weld,1,62.0,62.0,62.0,0.0,24.1,391.4,434.3,496.3,62.0,42.9
2026-09-09 15:33:34,compound_scenario,LRT_MMUR,44,2831.5,9,0,250.0,0,Mill,3,20.0,20.0,20.0,0.0,25.4,305.1,319.3,339.3,20.0,14.1
2026-09-09 15:33:34,compound_scenario,LRT_MMUR,44,2831.5,9,0,250.0,1,Weld,1,53.6,53.6,53.6,0.0,25.9,399.0,496.3,550.0,53.6,97.3
2026-09-09 15:33:34,compound_scenario,LRT_MMUR,44,2831.5,10,0,250.0,0,Mill,3,20.0,20.0,20.0,0.0,28.8,331.2,359.3,379.4,20.0,28.1
2026-09-09 15:33:34,compound_scenario,LRT_MMUR,44,2831.5,10,0,250.0,1,Weld,1,27.6,27.6,27.6,0.0,30.6,413.7,550.0,577.6,27.7,136.3
2026-09-09 15:33:34,compound_scenario,LRT_MMUR,44,2831.5,20,0,650.0,0,Mill,3,20.0,20.0,20.0,0.0,18.6,684.0,684.0,704.0,20.0,0.0
2026-09-09 15:33:34,compound_scenario,LRT_MMUR,44,2831.5,20,0,650.0,1,Weld,2,19.2,19.2,19.2,0.0,39.3,748.1,748.1,767.3,19.2,0.0
2026-09-09 15:33:34,compound_scenario,LRT_MMUR,44,2831.5,19,0,650.0,0,Mill,3,20.0,20.0,20.0,0.0,20.4,695.7,704.1,724.1,20.0,8.4
2026-09-09 15:33:34,compound_scenario,LRT_MMUR,44,2831.5,19,0,650.0,1,Weld,2,30.2,30.2,30.2,0.0,34.6,766.1,767.3,797.4,30.2,1.2
2026-09-09 15:33:34,compound_scenario,LRT_MMUR,44,2831.5,18,0,650.0,0,Mill,3,20.0,20.0,20.0,0.0,21.5,707.2,724.1,744.1,20.0,16.9
2026-09-09 15:33:34,compound_scenario,LRT_MMUR,44,2831.5,18,0,650.0,1,Weld,2,58.1,58.1,58.1,0.0,28.4,811.1,811.1,869.2,58.1,0.0
2026-09-09 15:33:34,compound_scenario,LRT_MMUR,44,2831.5,17,0,650.0,0,Mill,3,20.0,20.0,20.0,0.0,33.1,729.9,844.3,864.4,20.0,114.4
2026-09-09 15:33:34,compound_scenario,LRT_MMUR,44,2831.5,17,0,650.0,1,Weld,2,22.0,22.0,22.0,0.0,23.7,903.7,1090.3,1112.3,22.0,186.6
2026-09-09 15:33:34,compound_scenario,LRT_MMUR,44,2831.5,16,0,650.0,0,Mill,3,20.0,20.0,20.0,0.0,38.9,745.9,824.3,844.3,20.0,78.4
2026-09-09 15:33:34,compound_scenario,LRT_MMUR,44,2831.5,16,0,650.0,1,Weld,2,30.3,30.3,30.3,0.0,19.8,887.0,1059.9,1090.3,30.3,172.9
2026-09-09 15:33:34,compound_scenario,LRT_MMUR,44,2831.5,14,0,650.0,0,Mill,3,20.0,20.0,20.0,0.0,29.0,720.3,764.2,784.2,20.0,43.9
2026-09-09 15:33:34,compound_scenario,LRT_MMUR,44,2831.5,14,0,650.0,1,Weld,2,51.3,51.3,51.3,0.0,27.3,828.7,920.7,971.9,51.3,92.0
2026-09-09 15:33:34,compound_scenario,LRT_MMUR,44,2831.5,13,0,650.0,0,Mill,3,20.0,20.0,20.0,0.0,39.6,752.9,864.4,884.4,20.0,111.4
2026-09-09 15:33:34,compound_scenario,LRT_MMUR,44,2831.5,13,0,650.0,1,Weld,2,15.3,15.3,15.3,0.0,22.1,940.9,1112.3,1127.6,15.3,171.4
2026-09-09 15:33:34,compound_scenario,LRT_MMUR,44,2831.5,12,0,650.0,0,Mill,3,20.0,20.0,20.0,0.0,36.5,738.7,744.1,764.2,20.0,5.5
2026-09-09 15:33:34,compound_scenario,LRT_MMUR,44,2831.5,12,0,650.0,1,Weld,2,51.4,51.4,51.4,0.0,27.6,817.6,869.2,920.7,51.4,51.6
2026-09-09 15:33:34,compound_scenario,LRT_MMUR,44,2831.5,11,0,650.0,0,Mill,3,20.0,20.0,20.0,0.0,41.2,764.1,804.3,824.3,20.0,40.2
2026-09-09 15:33:34,compound_scenario,LRT_MMUR,44,2831.5,11,0,650.0,1,Weld,2,41.5,41.5,41.5,0.0,24.7,881.2,1018.4,1059.9,41.5,137.1
2026-09-09 15:33:34,compound_scenario,LRT_MMUR,44,2831.5,15,0,650.0,0,Mill,3,20.0,20.0,20.0,0.0,43.0,771.3,784.2,804.2,20.0,12.9
2026-09-09 15:33:34,compound_scenario,LRT_MMUR,44,2831.5,15,0,650.0,1,Weld,2,46.4,46.4,46.4,0.0,26.0,834.4,971.9,1018.4,46.4,137.5
2026-09-09 15:33:34,compound_scenario,LRT_MMUR,44,2831.5,29,0,1050.0,0,Mill,3,20.0,20.0,20.0,0.0,79.2,1141.5,1246.4,1266.4,20.0,104.9
2026-09-09 15:33:34,compound_scenario,LRT_MMUR,44,2831.5,29,0,1050.0,1,Weld,1,39.8,39.8,39.8,0.0,48.5,1332.7,2036.9,2076.7,39.9,704.1
2026-09-09 15:33:34,compound_scenario,LRT_MMUR,44,2831.5,35,0,1050.0,0,Mill,3,20.0,20.0,20.0,0.0,56.0,1126.2,1126.2,1146.2,20.0,0.0
2026-09-09 15:33:34,compound_scenario,LRT_MMUR,44,2831.5,35,0,1050.0,1,Weld,1,17.1,17.1,17.1,0.0,56.0,1229.6,1229.6,1246.7,17.1,0.0
2026-09-09 15:33:34,compound_scenario,LRT_MMUR,44,2831.5,34,0,1050.0,0,Mill,3,20.0,20.0,20.0,0.0,73.7,1153.2,1166.2,1186.3,20.0,13.0
2026-09-09 15:33:34,compound_scenario,LRT_MMUR,44,2831.5,34,0,1050.0,1,Weld,1,46.7,46.7,46.7,0.0,37.0,1263.7,1352.8,1399.5,46.7,89.1
2026-09-09 15:33:34,compound_scenario,LRT_MMUR,44,2831.5,32,0,1050.0,0,Mill,3,20.0,20.0,20.0,0.0,42.7,1132.1,1146.2,1166.2,20.0,14.1
2026-09-09 15:33:34,compound_scenario,LRT_MMUR,44,2831.5,32,0,1050.0,1,Weld,1,53.8,53.8,53.8,0.0,77.1,1244.9,1246.7,1300.5,53.8,1.7
2026-09-09 15:33:34,compound_scenario,LRT_MMUR,44,2831.5,31,0,1050.0,0,Mill,3,20.0,20.0,20.0,0.0,53.9,1160.6,1206.3,1226.3,20.0,45.8
2026-09-09 15:33:34,compound_scenario,LRT_MMUR,44,2831.5,31,0,1050.0,1,Weld,1,42.8,42.8,42.8,0.0,59.6,1308.2,1399.5,1442.4,42.9,91.4
2026-09-09 15:33:34,compound_scenario,LRT_MMUR,44,2831.5,30,0,1050.0,0,Mill,3,20.0,20.0,20.0,0.0,48.7,1166.3,1186.3,1206.3,20.0,19.9
2026-09-09 15:33:34,compound_scenario,LRT_MMUR,44,2831.5,30,0,1050.0,1,Weld,1,52.3,52.3,52.3,0.0,55.0,1293.4,1300.5,1352.8,52.3,7.0
2026-09-09 15:33:34,compound_scenario,LRT_MMUR,44,2831.5,28,0,1050.0,0,Mill,3,20.0,20.0,20.0,0.0,39.4,1232.7,1266.4,1286.5,20.0,33.7
2026-09-09 15:33:34,compound_scenario,LRT_MMUR,44,2831.5,28,0,1050.0,1,Weld,1,32.0,32.0,32.0,0.0,53.9,1406.3,2115.9,2147.9,32.1,709.6
2026-09-09 15:33:34,compound_scenario,LRT_MMUR,44,2831.5,33,0,1050.0,0,Mill,3,20.0,20.0,20.0,0.0,21.5,1221.9,1226.4,1246.4,20.0,4.5
2026-09-09 15:33:34,compound_scenario,LRT_MMUR,44,2831.5,33,0,1050.0,1,Weld,1,41.0,41.0,41.0,0.0,57.1,1354.3,1995.9,2036.9,41.0,641.5
2026-09-09 15:33:34,compound_scenario,LRT_MMUR,44,2831.5,26,0,1050.0,0,Mill,3,20.0,20.0,20.0,0.0,42.5,1282.7,1286.5,1306.5,20.0,3.8
2026-09-09 15:33:34,compound_scenario,LRT_MMUR,44,2831.5,26,0,1050.0,1,Weld,1,39.1,39.1,39.1,0.0,51.8,1414.0,2076.7,2115.9,39.2,662.7
2026-09-09 15:33:34,compound_scenario,LRT_MMUR,44,2831.5,25,0,1050.0,0,Mill,3,20.0,20.0,20.0,0.0,44.6,1311.7,1326.6,1346.6,20.0,14.9
2026-09-09 15:33:34,compound_scenario,LRT_MMUR,44,2831.5,25,0,1050.0,1,Weld,1,47.8,47.8,47.8,0.0,51.1,1421.7,1442.4,1490.3,47.9,20.7
2026-09-09 15:33:34,compound_scenario,LRT_MMUR,44,2831.5,24,0,1050.0,0,Mill,3,20.0,20.0,20.0,0.0,42.2,1303.1,1306.5,1326.5,20.0,3.5
2026-09-09 15:33:34,compound_scenario,LRT_MMUR,44,2831.5,24,0,1050.0,1,Weld,1,51.3,51.3,51.3,0.0,71.1,1479.9,1902.3,1953.7,51.3,422.4
2026-09-09 15:33:34,compound_scenario,LRT_MMUR,44,2831.5,23,0,1050.0,0,Mill,3,20.0,20.0,20.0,0.0,39.9,1295.7,1346.6,1366.6,20.0,50.9
2026-09-09 15:33:34,compound_scenario,LRT_MMUR,44,2831.5,23,0,1050.0,1,Weld,1,42.2,42.2,42.2,0.0,56.3,1453.7,1953.7,1995.9,42.2,500.0
2026-09-09 15:33:34,compound_scenario,LRT_MMUR,44,2831.5,27,0,1050.0,0,Mill,3,20.0,20.0,20.0,0.0,45.6,1369.1,1369.1,1389.1,20.0,0.0
2026-09-09 15:33:34,compound_scenario,LRT_MMUR,44,2831.5,27,0,1050.0,1,Weld,1,58.8,58.8,58.8,0.0,56.0,1472.4,1790.3,1849.2,58.8,318.0
2026-09-09 15:33:34,compound_scenario,LRT_MMUR,44,2831.5,22,0,1050.0,0,Mill,3,20.0,20.0,20.0,0.0,51.8,1395.9,1395.9,1415.9,20.0,0.0
2026-09-09 15:33:34,compound_scenario,LRT_MMUR,44,2831.5,22,0,1050.0,1,Weld,1,53.1,53.1,53.1,0.0,57.8,1545.4,1849.2,1902.3,53.2,303.7
2026-09-09 15:33:34,compound_scenario,LRT_MMUR,44,2831.5,21,0,1050.0,0,Mill,3,20.0,20.0,20.0,0.0,37.0,1454.0,1454.0,1474.0,20.0,0.0
2026-09-09 15:33:34,compound_scenario,LRT_MMUR,44,2831.5,21,0,1050.0,1,Weld,1,19.4,19.4,19.4,0.0,60.4,1613.0,2147.9,2167.3,19.4,534.9
2026-09-09 15:33:34,compound_scenario,LRT_MMUR,44,2831.5,37,0,1400.0,0,Weld,1,150.0,150.0,150.0,0.0,18.7,1444.6,1490.3,1640.3,150.0,45.6
2026-09-09 15:33:34,compound_scenario,LRT_MMUR,44,2831.5,36,0,1400.0,0,Weld,1,150.0,150.0,150.0,0.0,51.4,1515.8,1640.3,1790.3,150.0,124.5
2026-09-09 15:33:34,compound_scenario,LRT_MMUR,44,2831.5,38,0,1405.0,0,Weld,1,9.5,9.5,9.5,0.0,28.8,1508.1,2350.2,2359.7,9.5,842.2
2026-09-09 15:33:34,compound_scenario,LRT_MMUR,44,2831.5,39,0,1413.0,0,Weld,1,9.6,9.6,9.6,0.0,38.7,1523.3,2312.0,2321.6,9.6,788.7
2026-09-09 15:33:34,compound_scenario,LRT_MMUR,44,2831.5,40,0,1421.0,0,Weld,1,9.2,9.2,9.2,0.0,34.8,1560.6,2406.6,2415.8,9.2,846.0
2026-09-09 15:33:34,compound_scenario,LRT_MMUR,44,2831.5,41,0,1429.0,0,Weld,1,9.5,9.5,9.5,0.0,32.2,1553.0,2340.7,2350.2,9.5,787.7
2026-09-09 15:33:34,compound_scenario,LRT_MMUR,44,2831.5,42,0,1437.0,0,Weld,1,9.2,9.2,9.2,0.0,37.1,1568.3,2397.4,2406.6,9.2,829.1
2026-09-09 15:33:34,compound_scenario,LRT_MMUR,44,2831.5,43,0,1445.0,0,Weld,1,9.6,9.6,9.6,0.0,38.7,1575.8,2321.6,2331.2,9.6,745.8
2026-09-09 15:33:34,compound_scenario,LRT_MMUR,44,2831.5,44,0,1453.0,0,Weld,1,10.3,10.3,10.3,0.0,34.3,1590.4,2252.0,2262.3,10.3,661.6
2026-09-09 15:33:34,compound_scenario,LRT_MMUR,44,2831.5,45,0,1461.0,0,Weld,1,9.7,9.7,9.7,0.0,34.3,1598.0,2302.2,2312.0,9.8,704.3
2026-09-09 15:33:34,compound_scenario,LRT_MMUR,44,2831.5,46,0,1469.0,0,Weld,1,9.7,9.7,9.7,0.0,34.3,1605.5,2292.5,2302.2,9.8,687.0
2026-09-09 15:33:34,compound_scenario,LRT_MMUR,44,2831.5,47,0,1477.0,0,Weld,1,9.4,9.4,9.4,0.0,38.7,1620.5,2369.2,2378.6,9.4,748.7
2026-09-09 15:33:34,compound_scenario,LRT_MMUR,44,2831.5,48,0,1485.0,0,Weld,1,9.5,9.5,9.5,0.0,38.2,1628.0,2331.2,2340.7,9.6,703.1
2026-09-09 15:33:34,compound_scenario,LRT_MMUR,44,2831.5,49,0,1493.0,0,Weld,1,10.9,10.9,10.9,0.0,37.4,1643.2,2178.3,2189.2,10.9,535.1
2026-09-09 15:33:34,compound_scenario,LRT_MMUR,44,2831.5,50,0,1501.0,0,Weld,1,10.3,10.3,10.3,0.0,34.5,1635.6,2231.4,2241.7,10.3,595.8
2026-09-09 15:33:34,compound_scenario,LRT_MMUR,44,2831.5,51,0,1509.0,0,Weld,1,10.2,10.2,10.2,0.0,41.0,1652.3,2262.3,2272.6,10.2,610.0
2026-09-09 15:33:34,compound_scenario,LRT_MMUR,44,2831.5,52,0,1517.0,0,Weld,1,9.3,9.3,9.3,0.0,41.3,1659.8,2378.6,2388.0,9.4,718.8
2026-09-09 15:33:34,compound_scenario,LRT_MMUR,44,2831.5,53,0,1525.0,0,Weld,1,10.5,10.5,10.5,0.0,41.8,1667.6,2210.5,2221.0,10.5,543.0
2026-09-09 15:33:34,compound_scenario,LRT_MMUR,44,2831.5,54,0,1533.0,0,Weld,1,9.3,9.3,9.3,0.0,41.8,1675.1,2388.0,2397.4,9.4,712.9
2026-09-09 15:33:34,compound_scenario,LRT_MMUR,44,2831.5,55,0,1541.0,0,Weld,1,9.8,9.8,9.8,0.0,41.6,1682.6,2282.7,2292.5,9.8,600.1
2026-09-09 15:33:34,compound_scenario,LRT_MMUR,44,2831.5,56,0,1549.0,0,Weld,1,11.0,11.0,11.0,0.0,41.6,1690.2,2167.3,2178.3,11.0,477.1
2026-09-09 15:33:34,compound_scenario,LRT_MMUR,44,2831.5,57,0,1557.0,0,Weld,1,10.3,10.3,10.3,0.0,39.5,1704.8,2241.7,2252.0,10.3,536.9
2026-09-09 15:33:34,compound_scenario,LRT_MMUR,44,2831.5,58,0,1565.0,0,Weld,1,10.1,10.1,10.1,0.0,39.2,1712.3,2272.6,2282.7,10.1,560.2
2026-09-09 15:33:34,compound_scenario,LRT_MMUR,44,2831.5,59,0,1573.0,0,Weld,1,10.4,10.4,10.4,0.0,39.7,1720.1,2221.0,2231.4,10.4,500.9
2026-09-09 15:33:34,compound_scenario,LRT_MMUR,44,2831.5,60,0,1581.0,0,Weld,1,10.7,10.7,10.7,0.0,39.7,1727.6,2189.2,2199.9,10.7,461.6
2026-09-09 15:33:34,compound_scenario,LRT_MMUR,44,2831.5,61,0,1589.0,0,Weld,1,10.6,10.6,10.6,0.0,39.5,1735.1,2199.9,2210.5,10.6,464.8
2026-09-09 15:33:34,compound_scenario,LRT_MMUR,44,2831.5,62,0,1597.0,0,Weld,1,9.5,9.5,9.5,0.0,38.4,1742.7,2359.7,2369.2,9.5,617.0
2026-09-09 15:33:34,compound_scenario,LRT_MMUR,44,2831.5,63,0,2200.0,0,Mill,1,21.0,21.0,21.0,0.0,23.3,2248.9,2248.9,2269.9,21.0,0.0
2026-09-09 15:33:34,compound_scenario,LRT_MMUR,44,2831.5,63,0,2200.0,1,Lathe,1,29.5,29.5,29.5,0.0,38.4,2350.8,2350.8,2380.3,29.5,0.0
2026-09-09 15:33:34,compound_scenario,LRT_MMUR,44,2831.5,63,0,2200.0,2,Weld,1,28.0,28.0,28.0,0.0,28.6,2609.6,2609.6,2637.7,28.1,0.0
2026-09-09 15:33:34,compound_scenario,LRT_MMUR,44,2831.5,64,0,2260.0,0,Mill,1,26.3,26.3,26.3,0.0,29.6,2586.8,2586.8,2613.2,26.4,0.0
2026-09-09 15:33:34,compound_scenario,LRT_MMUR,44,2831.5,64,0,2260.0,1,Lathe,1,48.3,48.3,48.3,0.0,20.8,2652.8,2652.8,2701.1,48.3,0.0
2026-09-09 15:33:34,compound_scenario,LRT_MMUR,44,2831.5,64,0,2260.0,2,Weld,1,46.3,46.3,46.3,0.0,20.6,2733.6,2733.6,2779.9,46.3,0.0
2026-09-09 15:33:34,compound_scenario,LRT_MMUR,44,2831.5,65,0,2320.0,0,Mill,1,29.4,29.4,29.4,0.0,44.3,2608.8,2608.8,2638.3,29.5,0.0
2026-09-09 15:33:34,compound_scenario,LRT_MMUR,44,2831.5,65,0,2320.0,1,Lathe,1,39.7,39.7,39.7,0.0,4.7,2645.2,2645.2,2684.9,39.7,0.0
2026-09-09 15:33:34,compound_scenario,LRT_MMUR,44,2831.5,65,0,2320.0,2,Weld,1,31.9,31.9,31.9,0.0,13.3,2700.4,2700.4,2732.3,31.9,0.0
2026-09-09 15:34:13,convoy_waves,LRT_MMUR,42,1531.46,0,0,0.0,0,Mill,3,20.0,20.0,20.0,0.0,18.6,31.0,31.0,51.0,20.0,0.0
2026-09-09 15:34:13,convoy_waves,LRT_MMUR,42,1531.46,0,0,0.0,1,Weld,1,43.8,43.8,43.8,0.0,24.9,103.3,103.3,147.1,43.8,0.0
2026-09-09 15:34:13,convoy_waves,LRT_MMUR,42,1531.46,1,0,0.0,0,Mill,3,20.0,20.0,20.0,0.0,23.8,43.5,51.0,71.0,20.0,7.5
2026-09-09 15:34:13,convoy_waves,LRT_MMUR,42,1531.46,1,0,0.0,1,Weld,1,16.1,16.1,16.1,0.0,18.7,115.6,247.8,263.9,16.2,132.1
2026-09-09 15:34:13,convoy_waves,LRT_MMUR,42,1531.46,2,0,0.0,0,Mill,3,20.0,20.0,20.0,0.0,25.6,53.2,91.1,111.1,20.0,37.9
2026-09-09 15:34:13,convoy_waves,LRT_MMUR,42,1531.46,2,0,0.0,1,Weld,1,27.4,27.4,27.4,0.0,26.0,154.5,195.3,222.7,27.4,40.8
2026-09-09 15:34:13,convoy_waves,LRT_MMUR,42,1531.46,3,0,0.0,0,Mill,3,20.0,20.0,20.0,0.0,25.1,61.4,111.1,131.1,20.0,49.8
2026-09-09 15:34:13,convoy_waves,LRT_MMUR,42,1531.46,3,0,0.0,1,Weld,1,25.0,25.0,25.0,0.0,17.1,172.2,222.7,247.8,25.1,50.5
2026-09-09 15:34:13,convoy_waves,LRT_MMUR,42,1531.46,4,0,0.0,0,Mill,3,20.0,20.0,20.0,0.0,22.5,68.5,71.0,91.1,20.0,2.6
2026-09-09 15:34:13,convoy_waves,LRT_MMUR,42,1531.46,4,0,0.0,1,Weld,1,48.1,48.1,48.1,0.0,18.7,135.0,147.1,195.3,48.2,12.1
2026-09-09 15:34:13,convoy_waves,LRT_MMUR,42,1531.46,5,0,400.0,0,Mill,3,20.0,20.0,20.0,0.0,16.8,429.2,429.2,449.2,20.0,0.0
2026-09-09 15:34:13,convoy_waves,LRT_MMUR,42,1531.46,5,0,400.0,1,Weld,1,45.5,45.5,45.5,0.0,26.7,503.8,503.8,549.3,45.5,0.0
2026-09-09 15:34:13,convoy_waves,LRT_MMUR,42,1531.46,6,0,400.0,0,Mill,3,20.0,20.0,20.0,0.0,16.8,436.4,449.2,469.3,20.0,12.8
2026-09-09 15:34:13,convoy_waves,LRT_MMUR,42,1531.46,6,0,400.0,1,Weld,1,55.2,55.2,55.2,0.0,20.7,516.4,549.3,604.5,55.2,32.9
2026-09-09 15:34:13,convoy_waves,LRT_MMUR,42,1531.46,7,0,400.0,0,Mill,3,20.0,20.0,20.0,0.0,17.6,445.1,489.3,509.3,20.0,44.3
2026-09-09 15:34:13,convoy_waves,LRT_MMUR,42,1531.46,7,0,400.0,1,Weld,1,18.9,18.9,18.9,0.0,27.7,555.3,638.5,657.4,18.9,83.2
2026-09-09 15:34:13,convoy_waves,LRT_MMUR,42,1531.46,8,0,400.0,0,Mill,3,20.0,20.0,20.0,0.0,18.1,455.0,469.3,489.3,20.0,14.3
2026-09-09 15:34:13,convoy_waves,LRT_MMUR,42,1531.46,8,0,400.0,1,Weld,1,34.0,34.0,34.0,0.0,20.7,535.9,604.5,638.5,34.0,68.6
2026-09-09 15:34:13,convoy_waves,LRT_MMUR,42,1531.46,9,0,400.0,0,Mill,3,20.0,20.0,20.0,0.0,18.6,465.3,509.4,529.4,20.0,44.0
2026-09-09 15:34:13,convoy_waves,LRT_MMUR,42,1531.46,9,0,400.0,1,Weld,1,16.3,16.3,16.3,0.0,22.8,569.9,657.4,673.8,16.4,87.5
2026-09-09 15:34:13,convoy_waves,LRT_MMUR,42,1531.46,10,0,800.0,0,Mill,3,20.0,20.0,20.0,0.0,42.8,855.1,855.1,875.1,20.0,0.0
2026-09-09 15:34:13,convoy_waves,LRT_MMUR,42,1531.46,10,0,800.0,1,Weld,1,24.8,24.8,24.8,0.0,37.0,920.5,920.5,945.4,24.9,0.0
2026-09-09 15:34:13,convoy_waves,LRT_MMUR,42,1531.46,11,0,800.0,0,Mill,3,20.0,20.0,20.0,0.0,41.4,861.1,875.2,895.2,20.0,14.1
2026-09-09 15:34:13,convoy_waves,LRT_MMUR,42,1531.46,11,0,800.0,1,Weld,1,37.7,37.7,37.7,0.0,37.0,937.8,945.4,983.2,37.8,7.6
2026-09-09 15:34:13,convoy_waves,LRT_MMUR,42,1531.46,12,0,800.0,0,Mill,3,20.0,20.0,20.0,0.0,43.0,870.5,935.3,955.3,20.0,64.8
2026-09-09 15:34:13,convoy_waves,LRT_MMUR,42,1531.46,12,0,800.0,1,Weld,1,16.2,16.2,16.2,0.0,46.4,1003.9,1051.4,1067.6,16.2,47.5
2026-09-09 15:34:13,convoy_waves,LRT_MMUR,42,1531.46,13,0,800.0,0,Mill,3,20.0,20.0,20.0,0.0,39.4,876.2,915.2,935.3,20.0,39.0
2026-09-09 15:34:13,convoy_waves,LRT_MMUR,42,1531.46,13,0,800.0,1,Weld,1,24.0,24.0,24.0,0.0,51.8,989.4,1027.4,1051.4,24.0,38.1
2026-09-09 15:34:13,convoy_waves,LRT_MMUR,42,1531.46,14,0,800.0,0,Mill,3,20.0,20.0,20.0,0.0,43.0,889.7,895.2,915.2,20.0,5.5
2026-09-09 15:34:13,convoy_waves,LRT_MMUR,42,1531.46,14,0,800.0,1,Weld,1,44.2,44.2,44.2,0.0,38.3,955.8,983.2,1027.4,44.3,27.4
2026-09-09 15:34:13,convoy_waves,LRT_MMUR,42,1531.46,15,0,1200.0,0,Mill,3,20.0,20.0,20.0,0.0,18.6,1231.0,1231.0,1251.0,20.0,0.0
2026-09-09 15:34:13,convoy_waves,LRT_MMUR,42,1531.46,15,0,1200.0,1,Weld,1,39.5,39.5,39.5,0.0,22.9,1306.6,1306.6,1346.2,39.5,0.0
2026-09-09 15:34:13,convoy_waves,LRT_MMUR,42,1531.46,16,0,1200.0,0,Mill,3,20.0,20.0,20.0,0.0,18.6,1238.2,1291.1,1311.1,20.0,52.9
2026-09-09 15:34:13,convoy_waves,LRT_MMUR,42,1531.46,16,0,1200.0,1,Weld,1,24.9,24.9,24.9,0.0,25.5,1352.7,1439.1,1464.1,24.9,86.5
2026-09-09 15:34:13,convoy_waves,LRT_MMUR,42,1531.46,17,0,1200.0,0,Mill,3,20.0,20.0,20.0,0.0,20.2,1247.6,1251.0,1271.0,20.0,3.4
2026-09-09 15:34:13,convoy_waves,LRT_MMUR,42,1531.46,17,0,1200.0,1,Weld,1,41.5,41.5,41.5,0.0,18.7,1314.2,1397.6,1439.1,41.5,83.4
2026-09-09 15:34:13,convoy_waves,LRT_MMUR,42,1531.46,18,0,1200.0,0,Mill,3,20.0,20.0,20.0,0.0,19.9,1260.4,1271.0,1291.1,20.0,10.7
2026-09-09 15:34:13,convoy_waves,LRT_MMUR,42,1531.46,18,0,1200.0,1,Weld,1,51.4,51.4,51.4,0.0,19.5,1326.7,1346.2,1397.6,51.4,19.5
2026-09-09 15:34:13,convoy_waves,LRT_MMUR,42,1531.46,19,0,1200.0,0,Mill,3,20.0,20.0,20.0,0.0,22.0,1272.0,1311.1,1331.1,20.0,39.1
2026-09-09 15:34:13,convoy_waves,LRT_MMUR,42,1531.46,19,0,1200.0,1,Weld,1,15.3,15.3,15.3,0.0,17.1,1370.4,1464.1,1479.4,15.3,93.7
2026-09-09 15:34:52,convoy_waves,LRT_MMUR,43,1531.46,0,0,0.0,0,Mill,3,20.0,20.0,20.0,0.0,18.6,31.0,31.0,51.0,20.0,0.0
2026-09-09 15:34:52,convoy_waves,LRT_MMUR,43,1531.46,0,0,0.0,1,Weld,1,43.8,43.8,43.8,0.0,24.9,103.3,103.3,147.1,43.8,0.0
2026-09-09 15:34:52,convoy_waves,LRT_MMUR,43,1531.46,1,0,0.0,0,Mill,3,20.0,20.0,20.0,0.0,23.8,43.5,51.0,71.0,20.0,7.5
2026-09-09 15:34:52,convoy_waves,LRT_MMUR,43,1531.46,1,0,0.0,1,Weld,1,16.1,16.1,16.1,0.0,18.7,115.6,247.8,263.9,16.2,132.1
2026-09-09 15:34:52,convoy_waves,LRT_MMUR,43,1531.46,2,0,0.0,0,Mill,3,20.0,20.0,20.0,0.0,25.6,53.2,91.1,111.1,20.0,37.9
2026-09-09 15:34:52,convoy_waves,LRT_MMUR,43,1531.46,2,0,0.0,1,Weld,1,27.4,27.4,27.4,0.0,26.0,154.5,195.3,222.7,27.4,40.8
2026-09-09 15:34:52,convoy_waves,LRT_MMUR,43,1531.46,3,0,0.0,0,Mill,3,20.0,20.0,20.0,0.0,25.1,61.4,111.1,131.1,20.0,49.8
2026-09-09 15:34:52,convoy_waves,LRT_MMUR,43,1531.46,3,0,0.0,1,Weld,1,25.0,25.0,25.0,0.0,17.1,172.2,222.7,247.8,25.1,50.5
2026-09-09 15:34:52,convoy_waves,LRT_MMUR,43,1531.46,4,0,0.0,0,Mill,3,20.0,20.0,20.0,0.0,22.5,68.5,71.0,91.1,20.0,2.6
2026-09-09 15:34:52,convoy_waves,LRT_MMUR,43,1531.46,4,0,0.0,1,Weld,1,48.1,48.1,48.1,0.0,18.7,135.0,147.1,195.3,48.2,12.1
2026-09-09 15:34:52,convoy_waves,LRT_MMUR,43,1531.46,5,0,400.0,0,Mill,3,20.0,20.0,20.0,0.0,16.8,429.2,429.2,449.2,20.0,0.0
2026-09-09 15:34:52,convoy_waves,LRT_MMUR,43,1531.46,5,0,400.0,1,Weld,1,45.5,45.5,45.5,0.0,26.7,503.8,503.8,549.3,45.5,0.0
2026-09-09 15:34:52,convoy_waves,LRT_MMUR,43,1531.46,6,0,400.0,0,Mill,3,20.0,20.0,20.0,0.0,16.8,436.4,449.2,469.3,20.0,12.8
2026-09-09 15:34:52,convoy_waves,LRT_MMUR,43,1531.46,6,0,400.0,1,Weld,1,55.2,55.2,55.2,0.0,20.7,516.4,549.3,604.5,55.2,32.9
2026-09-09 15:34:52,convoy_waves,LRT_MMUR,43,1531.46,7,0,400.0,0,Mill,3,20.0,20.0,20.0,0.0,17.6,445.1,489.3,509.3,20.0,44.3
2026-09-09 15:34:52,convoy_waves,LRT_MMUR,43,1531.46,7,0,400.0,1,Weld,1,18.9,18.9,18.9,0.0,27.7,555.3,638.5,657.4,18.9,83.2
2026-09-09 15:34:52,convoy_waves,LRT_MMUR,43,1531.46,8,0,400.0,0,Mill,3,20.0,20.0,20.0,0.0,18.1,455.0,469.3,489.3,20.0,14.3
2026-09-09 15:34:52,convoy_waves,LRT_MMUR,43,1531.46,8,0,400.0,1,Weld,1,34.0,34.0,34.0,0.0,20.7,535.9,604.5,638.5,34.0,68.6
2026-09-09 15:34:52,convoy_waves,LRT_MMUR,43,1531.46,9,0,400.0,0,Mill,3,20.0,20.0,20.0,0.0,18.6,465.3,509.4,529.4,20.0,44.0
2026-09-09 15:34:52,convoy_waves,LRT_MMUR,43,1531.46,9,0,400.0,1,Weld,1,16.3,16.3,16.3,0.0,22.8,569.9,657.4,673.8,16.4,87.5
2026-09-09 15:34:52,convoy_waves,LRT_MMUR,43,1531.46,10,0,800.0,0,Mill,3,20.0,20.0,20.0,0.0,42.8,855.1,855.1,875.1,20.0,0.0
2026-09-09 15:34:52,convoy_waves,LRT_MMUR,43,1531.46,10,0,800.0,1,Weld,1,24.8,24.8,24.8,0.0,37.0,920.5,920.5,945.4,24.9,0.0
2026-09-09 15:34:52,convoy_waves,LRT_MMUR,43,1531.46,11,0,800.0,0,Mill,3,20.0,20.0,20.0,0.0,41.4,861.1,875.2,895.2,20.0,14.1
2026-09-09 15:34:52,convoy_waves,LRT_MMUR,43,1531.46,11,0,800.0,1,Weld,1,37.7,37.7,37.7,0.0,37.0,937.8,945.4,983.2,37.8,7.6
2026-09-09 15:34:52,convoy_waves,LRT_MMUR,43,1531.46,12,0,800.0,0,Mill,3,20.0,20.0,20.0,0.0,43.0,870.5,935.3,955.3,20.0,64.8
2026-09-09 15:34:52,convoy_waves,LRT_MMUR,43,1531.46,12,0,800.0,1,Weld,1,16.2,16.2,16.2,0.0,46.4,1003.9,1051.4,1067.6,16.2,47.5
2026-09-09 15:34:52,convoy_waves,LRT_MMUR,43,1531.46,13,0,800.0,0,Mill,3,20.0,20.0,20.0,0.0,39.4,876.2,915.2,935.3,20.0,39.0
2026-09-09 15:34:52,convoy_waves,LRT_MMUR,43,1531.46,13,0,800.0,1,Weld,1,24.0,24.0,24.0,0.0,51.8,989.4,1027.4,1051.4,24.0,38.1
2026-09-09 15:34:52,convoy_waves,LRT_MMUR,43,1531.46,14,0,800.0,0,Mill,3,20.0,20.0,20.0,0.0,43.0,889.7,895.2,915.2,20.0,5.5
2026-09-09 15:34:52,convoy_waves,LRT_MMUR,43,1531.46,14,0,800.0,1,Weld,1,44.2,44.2,44.2,0.0,38.3,955.8,983.2,1027.4,44.3,27.4
2026-09-09 15:34:52,convoy_waves,LRT_MMUR,43,1531.46,15,0,1200.0,0,Mill,3,20.0,20.0,20.0,0.0,18.6,1231.0,1231.0,1251.0,20.0,0.0
2026-09-09 15:34:52,convoy_waves,LRT_MMUR,43,1531.46,15,0,1200.0,1,Weld,1,39.5,39.5,39.5,0.0,22.9,1306.6,1306.6,1346.2,39.5,0.0
2026-09-09 15:34:52,convoy_waves,LRT_MMUR,43,1531.46,16,0,1200.0,0,Mill,3,20.0,20.0,20.0,0.0,18.6,1238.2,1291.1,1311.1,20.0,52.9
2026-09-09 15:34:52,convoy_waves,LRT_MMUR,43,1531.46,16,0,1200.0,1,Weld,1,24.9,24.9,24.9,0.0,25.5,1352.7,1439.1,1464.1,24.9,86.5
2026-09-09 15:34:52,convoy_waves,LRT_MMUR,43,1531.46,17,0,1200.0,0,Mill,3,20.0,20.0,20.0,0.0,20.2,1247.6,1251.0,1271.0,20.0,3.4
2026-09-09 15:34:52,convoy_waves,LRT_MMUR,43,1531.46,17,0,1200.0,1,Weld,1,41.5,41.5,41.5,0.0,18.7,1314.2,1397.6,1439.1,41.5,83.4
2026-09-09 15:34:52,convoy_waves,LRT_MMUR,43,1531.46,18,0,1200.0,0,Mill,3,20.0,20.0,20.0,0.0,19.9,1260.4,1271.0,1291.1,20.0,10.7
2026-09-09 15:34:52,convoy_waves,LRT_MMUR,43,1531.46,18,0,1200.0,1,Weld,1,51.4,51.4,51.4,0.0,19.5,1326.7,1346.2,1397.6,51.4,19.5
2026-09-09 15:34:52,convoy_waves,LRT_MMUR,43,1531.46,19,0,1200.0,0,Mill,3,20.0,20.0,20.0,0.0,22.0,1272.0,1311.1,1331.1,20.0,39.1
2026-09-09 15:34:52,convoy_waves,LRT_MMUR,43,1531.46,19,0,1200.0,1,Weld,1,15.3,15.3,15.3,0.0,17.1,1370.4,1464.1,1479.4,15.3,93.7
2026-09-09 15:35:31,convoy_waves,LRT_MMUR,44,1531.46,0,0,0.0,0,Mill,3,20.0,20.0,20.0,0.0,18.6,31.0,31.0,51.0,20.0,0.0
2026-09-09 15:35:31,convoy_waves,LRT_MMUR,44,1531.46,0,0,0.0,1,Weld,1,43.8,43.8,43.8,0.0,24.9,103.3,103.3,147.1,43.8,0.0
2026-09-09 15:35:31,convoy_waves,LRT_MMUR,44,1531.46,1,0,0.0,0,Mill,3,20.0,20.0,20.0,0.0,23.8,43.5,51.0,71.0,20.0,7.5
2026-09-09 15:35:31,convoy_waves,LRT_MMUR,44,1531.46,1,0,0.0,1,Weld,1,16.1,16.1,16.1,0.0,18.7,115.6,247.8,263.9,16.2,132.1
2026-09-09 15:35:31,convoy_waves,LRT_MMUR,44,1531.46,2,0,0.0,0,Mill,3,20.0,20.0,20.0,0.0,25.6,53.2,91.1,111.1,20.0,37.9
2026-09-09 15:35:31,convoy_waves,LRT_MMUR,44,1531.46,2,0,0.0,1,Weld,1,27.4,27.4,27.4,0.0,26.0,154.5,195.3,222.7,27.4,40.8
2026-09-09 15:35:31,convoy_waves,LRT_MMUR,44,1531.46,3,0,0.0,0,Mill,3,20.0,20.0,20.0,0.0,25.1,61.4,111.1,131.1,20.0,49.8
2026-09-09 15:35:31,convoy_waves,LRT_MMUR,44,1531.46,3,0,0.0,1,Weld,1,25.0,25.0,25.0,0.0,17.1,172.2,222.7,247.8,25.1,50.5
2026-09-09 15:35:31,convoy_waves,LRT_MMUR,44,1531.46,4,0,0.0,0,Mill,3,20.0,20.0,20.0,0.0,22.5,68.5,71.0,91.1,20.0,2.6
2026-09-09 15:35:31,convoy_waves,LRT_MMUR,44,1531.46,4,0,0.0,1,Weld,1,48.1,48.1,48.1,0.0,18.7,135.0,147.1,195.3,48.2,12.1
2026-09-09 15:35:31,convoy_waves,LRT_MMUR,44,1531.46,5,0,400.0,0,Mill,3,20.0,20.0,20.0,0.0,16.8,429.2,429.2,449.2,20.0,0.0
2026-09-09 15:35:31,convoy_waves,LRT_MMUR,44,1531.46,5,0,400.0,1,Weld,1,45.5,45.5,45.5,0.0,26.7,503.8,503.8,549.3,45.5,0.0
2026-09-09 15:35:31,convoy_waves,LRT_MMUR,44,1531.46,6,0,400.0,0,Mill,3,20.0,20.0,20.0,0.0,16.8,436.4,449.2,469.3,20.0,12.8
2026-09-09 15:35:31,convoy_waves,LRT_MMUR,44,1531.46,6,0,400.0,1,Weld,1,55.2,55.2,55.2,0.0,20.7,516.4,549.3,604.5,55.2,32.9
2026-09-09 15:35:31,convoy_waves,LRT_MMUR,44,1531.46,7,0,400.0,0,Mill,3,20.0,20.0,20.0,0.0,17.6,445.1,489.3,509.3,20.0,44.3
2026-09-09 15:35:31,convoy_waves,LRT_MMUR,44,1531.46,7,0,400.0,1,Weld,1,18.9,18.9,18.9,0.0,27.7,555.3,638.5,657.4,18.9,83.2
2026-09-09 15:35:31,convoy_waves,LRT_MMUR,44,1531.46,8,0,400.0,0,Mill,3,20.0,20.0,20.0,0.0,18.1,455.0,469.3,489.3,20.0,14.3
2026-09-09 15:35:31,convoy_waves,LRT_MMUR,44,1531.46,8,0,400.0,1,Weld,1,34.0,34.0,34.0,0.0,20.7,535.9,604.5,638.5,34.0,68.6
2026-09-09 15:35:31,convoy_waves,LRT_MMUR,44,1531.46,9,0,400.0,0,Mill,3,20.0,20.0,20.0,0.0,18.6,465.3,509.4,529.4,20.0,44.0
2026-09-09 15:35:31,convoy_waves,LRT_MMUR,44,1531.46,9,0,400.0,1,Weld,1,16.3,16.3,16.3,0.0,22.8,569.9,657.4,673.8,16.4,87.5
2026-09-09 15:35:31,convoy_waves,LRT_MMUR,44,1531.46,10,0,800.0,0,Mill,3,20.0,20.0,20.0,0.0,42.8,855.1,855.1,875.1,20.0,0.0
2026-09-09 15:35:31,convoy_waves,LRT_MMUR,44,1531.46,10,0,800.0,1,Weld,1,24.8,24.8,24.8,0.0,37.0,920.5,920.5,945.4,24.9,0.0
2026-09-09 15:35:31,convoy_waves,LRT_MMUR,44,1531.46,11,0,800.0,0,Mill,3,20.0,20.0,20.0,0.0,41.4,861.1,875.2,895.2,20.0,14.1
2026-09-09 15:35:31,convoy_waves,LRT_MMUR,44,1531.46,11,0,800.0,1,Weld,1,37.7,37.7,37.7,0.0,37.0,937.8,945.4,983.2,37.8,7.6
2026-09-09 15:35:31,convoy_waves,LRT_MMUR,44,1531.46,12,0,800.0,0,Mill,3,20.0,20.0,20.0,0.0,43.0,870.5,935.3,955.3,20.0,64.8
2026-09-09 15:35:31,convoy_waves,LRT_MMUR,44,1531.46,12,0,800.0,1,Weld,1,16.2,16.2,16.2,0.0,46.4,1003.9,1051.4,1067.6,16.2,47.5
2026-09-09 15:35:31,convoy_waves,LRT_MMUR,44,1531.46,13,0,800.0,0,Mill,3,20.0,20.0,20.0,0.0,39.4,876.2,915.2,935.3,20.0,39.0
2026-09-09 15:35:31,convoy_waves,LRT_MMUR,44,1531.46,13,0,800.0,1,Weld,1,24.0,24.0,24.0,0.0,51.8,989.4,1027.4,1051.4,24.0,38.1
2026-09-09 15:35:31,convoy_waves,LRT_MMUR,44,1531.46,14,0,800.0,0,Mill,3,20.0,20.0,20.0,0.0,43.0,889.7,895.2,915.2,20.0,5.5
2026-09-09 15:35:31,convoy_waves,LRT_MMUR,44,1531.46,14,0,800.0,1,Weld,1,44.2,44.2,44.2,0.0,38.3,955.8,983.2,1027.4,44.3,27.4
2026-09-09 15:35:31,convoy_waves,LRT_MMUR,44,1531.46,15,0,1200.0,0,Mill,3,20.0,20.0,20.0,0.0,18.6,1231.0,1231.0,1251.0,20.0,0.0
2026-09-09 15:35:31,convoy_waves,LRT_MMUR,44,1531.46,15,0,1200.0,1,Weld,1,39.5,39.5,39.5,0.0,22.9,1306.6,1306.6,1346.2,39.5,0.0
2026-09-09 15:35:31,convoy_waves,LRT_MMUR,44,1531.46,16,0,1200.0,0,Mill,3,20.0,20.0,20.0,0.0,18.6,1238.2,1291.1,1311.1,20.0,52.9
2026-09-09 15:35:31,convoy_waves,LRT_MMUR,44,1531.46,16,0,1200.0,1,Weld,1,24.9,24.9,24.9,0.0,25.5,1352.7,1439.1,1464.1,24.9,86.5
2026-09-09 15:35:31,convoy_waves,LRT_MMUR,44,1531.46,17,0,1200.0,0,Mill,3,20.0,20.0,20.0,0.0,20.2,1247.6,1251.0,1271.0,20.0,3.4
2026-09-09 15:35:31,convoy_waves,LRT_MMUR,44,1531.46,17,0,1200.0,1,Weld,1,41.5,41.5,41.5,0.0,18.7,1314.2,1397.6,1439.1,41.5,83.4
2026-09-09 15:35:31,convoy_waves,LRT_MMUR,44,1531.46,18,0,1200.0,0,Mill,3,20.0,20.0,20.0,0.0,19.9,1260.4,1271.0,1291.1,20.0,10.7
2026-09-09 15:35:31,convoy_waves,LRT_MMUR,44,1531.46,18,0,1200.0,1,Weld,1,51.4,51.4,51.4,0.0,19.5,1326.7,1346.2,1397.6,51.4,19.5
2026-09-09 15:35:31,convoy_waves,LRT_MMUR,44,1531.46,19,0,1200.0,0,Mill,3,20.0,20.0,20.0,0.0,22.0,1272.0,1311.1,1331.1,20.0,39.1
2026-09-09 15:35:31,convoy_waves,LRT_MMUR,44,1531.46,19,0,1200.0,1,Weld,1,15.3,15.3,15.3,0.0,17.1,1370.4,1464.1,1479.4,15.3,93.7
2026-09-09 15:35:41,identical_batch,LRT_MMUR,42,393.02,0,0,0.0,0,Mill,3,20.0,20.0,20.0,0.0,18.6,31.0,31.0,51.0,20.0,0.0
2026-09-09 15:35:41,identical_batch,LRT_MMUR,42,393.02,0,0,0.0,1,Weld,1,40.0,40.0,40.0,0.0,21.6,101.3,101.3,141.4,40.0,0.0
2026-09-09 15:35:41,identical_batch,LRT_MMUR,42,393.02,1,0,0.0,0,Mill,3,20.0,20.0,20.0,0.0,23.8,43.5,51.0,71.0,20.0,7.5
2026-09-09 15:35:41,identical_batch,LRT_MMUR,42,393.02,1,0,0.0,1,Weld,1,40.0,40.0,40.0,0.0,26.8,113.7,141.4,181.4,40.0,27.7
2026-09-09 15:35:41,identical_batch,LRT_MMUR,42,393.02,2,0,0.0,0,Mill,3,20.0,20.0,20.0,0.0,25.6,53.2,71.0,91.1,20.0,17.8
2026-09-09 15:35:41,identical_batch,LRT_MMUR,42,393.02,2,0,0.0,1,Weld,1,40.0,40.0,40.0,0.0,25.5,140.0,181.4,221.4,40.0,41.4
2026-09-09 15:35:41,identical_batch,LRT_MMUR,42,393.02,3,0,0.0,0,Mill,3,20.0,20.0,20.0,0.0,25.1,61.4,91.1,111.1,20.0,29.7
2026-09-09 15:35:41,identical_batch,LRT_MMUR,42,393.02,3,0,0.0,1,Weld,1,40.0,40.0,40.0,0.0,25.5,159.2,221.4,261.4,40.0,62.2
2026-09-09 15:35:41,identical_batch,LRT_MMUR,42,393.02,4,0,0.0,0,Mill,3,20.0,20.0,20.0,0.0,26.6,72.6,111.1,131.1,20.0,38.5
2026-09-09 15:35:41,identical_batch,LRT_MMUR,42,393.02,4,0,0.0,1,Weld,1,40.0,40.0,40.0,0.0,26.2,186.0,261.4,301.4,40.0,75.4
2026-09-09 15:35:41,identical_batch,LRT_MMUR,42,393.02,5,0,0.0,0,Mill,3,20.0,20.0,20.0,0.0,29.5,95.1,131.2,151.2,20.0,36.1
2026-09-09 15:35:41,identical_batch,LRT_MMUR,42,393.02,5,0,0.0,1,Weld,1,40.0,40.0,40.0,0.0,21.8,200.8,301.4,341.5,40.0,100.7
2026-09-09 15:35:52,identical_batch,LRT_MMUR,43,393.02,0,0,0.0,0,Mill,3,20.0,20.0,20.0,0.0,18.6,31.0,31.0,51.0,20.0,0.0
2026-09-09 15:35:52,identical_batch,LRT_MMUR,43,393.02,0,0,0.0,1,Weld,1,40.0,40.0,40.0,0.0,21.6,101.3,101.3,141.4,40.0,0.0
2026-09-09 15:35:52,identical_batch,LRT_MMUR,43,393.02,1,0,0.0,0,Mill,3,20.0,20.0,20.0,0.0,23.8,43.5,51.0,71.0,20.0,7.5
2026-09-09 15:35:52,identical_batch,LRT_MMUR,43,393.02,1,0,0.0,1,Weld,1,40.0,40.0,40.0,0.0,26.8,113.7,141.4,181.4,40.0,27.7
2026-09-09 15:35:52,identical_batch,LRT_MMUR,43,393.02,2,0,0.0,0,Mill,3,20.0,20.0,20.0,0.0,25.6,53.2,71.0,91.1,20.0,17.8
2026-09-09 15:35:52,identical_batch,LRT_MMUR,43,393.02,2,0,0.0,1,Weld,1,40.0,40.0,40.0,0.0,25.5,140.0,181.4,221.4,40.0,41.4
2026-09-09 15:35:52,identical_batch,LRT_MMUR,43,393.02,3,0,0.0,0,Mill,3,20.0,20.0,20.0,0.0,25.1,61.4,91.1,111.1,20.0,29.7
2026-09-09 15:35:52,identical_batch,LRT_MMUR,43,393.02,3,0,0.0,1,Weld,1,40.0,40.0,40.0,0.0,25.5,159.2,221.4,261.4,40.0,62.2
2026-09-09 15:35:52,identical_batch,LRT_MMUR,43,393.02,4,0,0.0,0,Mill,3,20.0,20.0,20.0,0.0,26.6,72.6,111.1,131.1,20.0,38.5
2026-09-09 15:35:52,identical_batch,LRT_MMUR,43,393.02,4,0,0.0,1,Weld,1,40.0,40.0,40.0,0.0,26.2,186.0,261.4,301.4,40.0,75.4
2026-09-09 15:35:52,identical_batch,LRT_MMUR,43,393.02,5,0,0.0,0,Mill,3,20.0,20.0,20.0,0.0,29.5,95.1,131.2,151.2,20.0,36.1
2026-09-09 15:35:52,identical_batch,LRT_MMUR,43,393.02,5,0,0.0,1,Weld,1,40.0,40.0,40.0,0.0,21.8,200.8,301.4,341.5,40.0,100.7
2026-09-09 15:36:02,identical_batch,LRT_MMUR,44,393.02,0,0,0.0,0,Mill,3,20.0,20.0,20.0,0.0,18.6,31.0,31.0,51.0,20.0,0.0
2026-09-09 15:36:02,identical_batch,LRT_MMUR,44,393.02,0,0,0.0,1,Weld,1,40.0,40.0,40.0,0.0,21.6,101.3,101.3,141.4,40.0,0.0
2026-09-09 15:36:02,identical_batch,LRT_MMUR,44,393.02,1,0,0.0,0,Mill,3,20.0,20.0,20.0,0.0,23.8,43.5,51.0,71.0,20.0,7.5
2026-09-09 15:36:02,identical_batch,LRT_MMUR,44,393.02,1,0,0.0,1,Weld,1,40.0,40.0,40.0,0.0,26.8,113.7,141.4,181.4,40.0,27.7
2026-09-09 15:36:02,identical_batch,LRT_MMUR,44,393.02,2,0,0.0,0,Mill,3,20.0,20.0,20.0,0.0,25.6,53.2,71.0,91.1,20.0,17.8
2026-09-09 15:36:02,identical_batch,LRT_MMUR,44,393.02,2,0,0.0,1,Weld,1,40.0,40.0,40.0,0.0,25.5,140.0,181.4,221.4,40.0,41.4
2026-09-09 15:36:02,identical_batch,LRT_MMUR,44,393.02,3,0,0.0,0,Mill,3,20.0,20.0,20.0,0.0,25.1,61.4,91.1,111.1,20.0,29.7
2026-09-09 15:36:02,identical_batch,LRT_MMUR,44,393.02,3,0,0.0,1,Weld,1,40.0,40.0,40.0,0.0,25.5,159.2,221.4,261.4,40.0,62.2
2026-09-09 15:36:02,identical_batch,LRT_MMUR,44,393.02,4,0,0.0,0,Mill,3,20.0,20.0,20.0,0.0,26.6,72.6,111.1,131.1,20.0,38.5
2026-09-09 15:36:02,identical_batch,LRT_MMUR,44,393.02,4,0,0.0,1,Weld,1,40.0,40.0,40.0,0.0,26.2,186.0,261.4,301.4,40.0,75.4
2026-09-09 15:36:02,identical_batch,LRT_MMUR,44,393.02,5,0,0.0,0,Mill,3,20.0,20.0,20.0,0.0,29.5,95.1,131.2,151.2,20.0,36.1
2026-09-09 15:36:02,identical_batch,LRT_MMUR,44,393.02,5,0,0.0,1,Weld,1,40.0,40.0,40.0,0.0,21.8,200.8,301.4,341.5,40.0,100.7
2026-09-09 15:36:15,single_bottleneck,LRT_MMUR,42,525.78,0,0,0.0,0,Mill,3,20.0,20.0,20.0,0.0,18.6,31.0,31.0,51.0,20.0,0.0
2026-09-09 15:36:15,single_bottleneck,LRT_MMUR,42,525.78,0,0,0.0,1,Weld,1,61.2,61.2,61.2,0.0,27.5,119.2,138.8,199.9,61.2,19.6
2026-09-09 15:36:15,single_bottleneck,LRT_MMUR,42,525.78,1,0,0.0,0,Mill,3,20.0,20.0,20.0,0.0,18.6,38.3,171.2,191.3,20.0,132.9
2026-09-09 15:36:15,single_bottleneck,LRT_MMUR,42,525.78,1,0,0.0,1,Weld,1,12.0,12.0,12.0,0.0,52.0,271.1,459.3,471.3,12.0,188.2
2026-09-09 15:36:15,single_bottleneck,LRT_MMUR,42,525.78,2,0,0.0,0,Mill,3,20.0,20.0,20.0,0.0,20.7,48.3,51.0,71.0,20.0,2.7
2026-09-09 15:36:15,single_bottleneck,LRT_MMUR,42,525.78,2,0,0.0,1,Weld,1,32.0,32.0,32.0,0.0,29.4,106.7,106.7,138.8,32.0,0.0
2026-09-09 15:36:15,single_bottleneck,LRT_MMUR,42,525.78,3,0,0.0,0,Mill,3,20.0,20.0,20.0,0.0,33.7,84.5,91.1,111.1,20.0,6.6
2026-09-09 15:36:15,single_bottleneck,LRT_MMUR,42,525.78,3,0,0.0,1,Weld,1,27.9,27.9,27.9,0.0,36.4,160.6,414.4,442.3,27.9,253.9
2026-09-09 15:36:15,single_bottleneck,LRT_MMUR,42,525.78,4,0,0.0,0,Mill,3,20.0,20.0,20.0,0.0,38.1,98.6,111.1,131.1,20.0,12.5
2026-09-09 15:36:15,single_bottleneck,LRT_MMUR,42,525.78,4,0,0.0,1,Weld,1,68.9,68.9,68.9,0.0,25.7,186.8,281.3,350.3,68.9,94.5
2026-09-09 15:36:15,single_bottleneck,LRT_MMUR,42,525.78,5,0,0.0,0,Mill,3,20.0,20.0,20.0,0.0,35.5,105.7,131.2,151.2,20.0,25.4
2026-09-09 15:36:15,single_bottleneck,LRT_MMUR,42,525.78,5,0,0.0,1,Weld,1,64.1,64.1,64.1,0.0,29.1,206.2,350.3,414.4,64.2,144.1
2026-09-09 15:36:15,single_bottleneck,LRT_MMUR,42,525.78,6,0,0.0,0,Mill,3,20.0,20.0,20.0,0.0,26.6,67.9,71.0,91.1,20.0,3.2
2026-09-09 15:36:15,single_bottleneck,LRT_MMUR,42,525.78,6,0,0.0,1,Weld,1,81.4,81.4,81.4,0.0,27.5,140.5,199.9,281.3,81.4,59.4
2026-09-09 15:36:15,single_bottleneck,LRT_MMUR,42,525.78,7,0,0.0,0,Mill,3,20.0,20.0,20.0,0.0,21.7,58.1,151.2,171.2,20.0,93.1
2026-09-09 15:36:15,single_bottleneck,LRT_MMUR,42,525.78,7,0,0.0,1,Weld,1,17.0,17.0,17.0,0.0,25.7,225.5,442.3,459.3,17.0,216.8
2026-09-09 15:36:30,single_bottleneck,LRT_MMUR,43,525.78,0,0,0.0,0,Mill,3,20.0,20.0,20.0,0.0,18.6,31.0,31.0,51.0,20.0,0.0
2026-09-09 15:36:30,single_bottleneck,LRT_MMUR,43,525.78,0,0,0.0,1,Weld,1,61.2,61.2,61.2,0.0,27.5,119.2,138.8,199.9,61.2,19.6
2026-09-09 15:36:30,single_bottleneck,LRT_MMUR,43,525.78,1,0,0.0,0,Mill,3,20.0,20.0,20.0,0.0,18.6,38.3,171.2,191.3,20.0,132.9
2026-09-09 15:36:30,single_bottleneck,LRT_MMUR,43,525.78,1,0,0.0,1,Weld,1,12.0,12.0,12.0,0.0,52.0,271.1,459.3,471.3,12.0,188.2
2026-09-09 15:36:30,single_bottleneck,LRT_MMUR,43,525.78,2,0,0.0,0,Mill,3,20.0,20.0,20.0,0.0,20.7,48.3,51.0,71.0,20.0,2.7
2026-09-09 15:36:30,single_bottleneck,LRT_MMUR,43,525.78,2,0,0.0,1,Weld,1,32.0,32.0,32.0,0.0,29.4,106.7,106.7,138.8,32.0,0.0
2026-09-09 15:36:30,single_bottleneck,LRT_MMUR,43,525.78,3,0,0.0,0,Mill,3,20.0,20.0,20.0,0.0,33.7,84.5,91.1,111.1,20.0,6.6
2026-09-09 15:36:30,single_bottleneck,LRT_MMUR,43,525.78,3,0,0.0,1,Weld,1,27.9,27.9,27.9,0.0,36.4,160.6,414.4,442.3,27.9,253.9
2026-09-09 15:36:30,single_bottleneck,LRT_MMUR,43,525.78,4,0,0.0,0,Mill,3,20.0,20.0,20.0,0.0,38.1,98.6,111.1,131.1,20.0,12.5
2026-09-09 15:36:30,single_bottleneck,LRT_MMUR,43,525.78,4,0,0.0,1,Weld,1,68.9,68.9,68.9,0.0,25.7,186.8,281.3,350.3,68.9,94.5
2026-09-09 15:36:30,single_bottleneck,LRT_MMUR,43,525.78,5,0,0.0,0,Mill,3,20.0,20.0,20.0,0.0,35.5,105.7,131.2,151.2,20.0,25.4
2026-09-09 15:36:30,single_bottleneck,LRT_MMUR,43,525.78,5,0,0.0,1,Weld,1,64.1,64.1,64.1,0.0,29.1,206.2,350.3,414.4,64.2,144.1
2026-09-09 15:36:30,single_bottleneck,LRT_MMUR,43,525.78,6,0,0.0,0,Mill,3,20.0,20.0,20.0,0.0,26.6,67.9,71.0,91.1,20.0,3.2
2026-09-09 15:36:30,single_bottleneck,LRT_MMUR,43,525.78,6,0,0.0,1,Weld,1,81.4,81.4,81.4,0.0,27.5,140.5,199.9,281.3,81.4,59.4
2026-09-09 15:36:30,single_bottleneck,LRT_MMUR,43,525.78,7,0,0.0,0,Mill,3,20.0,20.0,20.0,0.0,21.7,58.1,151.2,171.2,20.0,93.1
2026-09-09 15:36:30,single_bottleneck,LRT_MMUR,43,525.78,7,0,0.0,1,Weld,1,17.0,17.0,17.0,0.0,25.7,225.5,442.3,459.3,17.0,216.8
2026-09-09 15:36:44,single_bottleneck,LRT_MMUR,44,525.78,0,0,0.0,0,Mill,3,20.0,20.0,20.0,0.0,18.6,31.0,31.0,51.0,20.0,0.0
2026-09-09 15:36:44,single_bottleneck,LRT_MMUR,44,525.78,0,0,0.0,1,Weld,1,61.2,61.2,61.2,0.0,27.5,119.2,138.8,199.9,61.2,19.6
2026-09-09 15:36:44,single_bottleneck,LRT_MMUR,44,525.78,1,0,0.0,0,Mill,3,20.0,20.0,20.0,0.0,18.6,38.3,171.2,191.3,20.0,132.9
2026-09-09 15:36:44,single_bottleneck,LRT_MMUR,44,525.78,1,0,0.0,1,Weld,1,12.0,12.0,12.0,0.0,52.0,271.1,459.3,471.3,12.0,188.2
2026-09-09 15:36:44,single_bottleneck,LRT_MMUR,44,525.78,2,0,0.0,0,Mill,3,20.0,20.0,20.0,0.0,20.7,48.3,51.0,71.0,20.0,2.7
2026-09-09 15:36:44,single_bottleneck,LRT_MMUR,44,525.78,2,0,0.0,1,Weld,1,32.0,32.0,32.0,0.0,29.4,106.7,106.7,138.8,32.0,0.0
2026-09-09 15:36:44,single_bottleneck,LRT_MMUR,44,525.78,3,0,0.0,0,Mill,3,20.0,20.0,20.0,0.0,33.7,84.5,91.1,111.1,20.0,6.6
2026-09-09 15:36:44,single_bottleneck,LRT_MMUR,44,525.78,3,0,0.0,1,Weld,1,27.9,27.9,27.9,0.0,36.4,160.6,414.4,442.3,27.9,253.9
2026-09-09 15:36:44,single_bottleneck,LRT_MMUR,44,525.78,4,0,0.0,0,Mill,3,20.0,20.0,20.0,0.0,38.1,98.6,111.1,131.1,20.0,12.5
2026-09-09 15:36:44,single_bottleneck,LRT_MMUR,44,525.78,4,0,0.0,1,Weld,1,68.9,68.9,68.9,0.0,25.7,186.8,281.3,350.3,68.9,94.5
2026-09-09 15:36:44,single_bottleneck,LRT_MMUR,44,525.78,5,0,0.0,0,Mill,3,20.0,20.0,20.0,0.0,35.5,105.7,131.2,151.2,20.0,25.4
2026-09-09 15:36:44,single_bottleneck,LRT_MMUR,44,525.78,5,0,0.0,1,Weld,1,64.1,64.1,64.1,0.0,29.1,206.2,350.3,414.4,64.2,144.1
2026-09-09 15:36:44,single_bottleneck,LRT_MMUR,44,525.78,6,0,0.0,0,Mill,3,20.0,20.0,20.0,0.0,26.6,67.9,71.0,91.1,20.0,3.2
2026-09-09 15:36:44,single_bottleneck,LRT_MMUR,44,525.78,6,0,0.0,1,Weld,1,81.4,81.4,81.4,0.0,27.5,140.5,199.9,281.3,81.4,59.4
2026-09-09 15:36:44,single_bottleneck,LRT_MMUR,44,525.78,7,0,0.0,0,Mill,3,20.0,20.0,20.0,0.0,21.7,58.1,151.2,171.2,20.0,93.1
2026-09-09 15:36:44,single_bottleneck,LRT_MMUR,44,525.78,7,0,0.0,1,Weld,1,17.0,17.0,17.0,0.0,25.7,225.5,442.3,459.3,17.0,216.8
2026-09-09 15:37:06,sparse_bottleneck_floor,LRT_MMUR,42,748.26,0,0,0.0,0,Mill,3,31.0,31.0,31.0,0.0,18.6,31.2,31.2,62.3,31.0,0.0
2026-09-09 15:37:06,sparse_bottleneck_floor,LRT_MMUR,42,748.26,0,0,0.0,1,Weld,1,16.1,16.1,16.1,0.0,48.0,118.9,118.9,135.0,16.2,0.0
2026-09-09 15:37:06,sparse_bottleneck_floor,LRT_MMUR,42,748.26,0,0,0.0,2,Assemble,3,21.9,21.9,21.9,0.0,61.1,218.7,218.7,240.6,21.9,0.0
2026-09-09 15:37:06,sparse_bottleneck_floor,LRT_MMUR,42,748.26,1,0,0.0,0,Mill,3,20.6,20.6,20.6,0.0,18.6,38.9,62.3,82.9,20.6,23.4
2026-09-09 15:37:06,sparse_bottleneck_floor,LRT_MMUR,42,748.26,1,0,0.0,1,Weld,1,48.1,48.1,48.1,0.0,44.1,130.8,135.0,183.2,48.2,4.3
2026-09-09 15:37:06,sparse_bottleneck_floor,LRT_MMUR,42,748.26,1,0,0.0,2,Assemble,3,31.9,31.9,31.9,0.0,52.8,238.2,240.6,272.5,31.9,2.3
2026-09-09 15:37:06,sparse_bottleneck_floor,LRT_MMUR,42,748.26,2,0,0.0,0,Mill,3,37.3,37.3,37.3,0.0,27.9,69.4,343.1,380.5,37.3,273.8
2026-09-09 15:37:06,sparse_bottleneck_floor,LRT_MMUR,42,748.26,2,0,0.0,1,Weld,1,18.9,18.9,18.9,0.0,42.8,466.3,602.9,621.8,18.9,136.6
2026-09-09 15:37:06,sparse_bottleneck_floor,LRT_MMUR,42,748.26,2,0,0.0,2,Assemble,3,25.6,25.6,25.6,0.0,37.7,662.2,662.2,687.8,25.6,0.0
2026-09-09 15:37:06,sparse_bottleneck_floor,LRT_MMUR,42,748.26,3,0,0.0,0,Mill,3,15.7,15.7,15.7,0.0,19.6,48.7,428.7,444.4,15.8,380.0
2026-09-09 15:37:06,sparse_bottleneck_floor,LRT_MMUR,42,748.26,3,0,0.0,1,Weld,1,24.8,24.8,24.8,0.0,44.8,504.7,550.0,574.8,24.9,45.3
2026-09-09 15:37:06,sparse_bottleneck_floor,LRT_MMUR,42,748.26,3,0,0.0,2,Assemble,3,27.6,27.6,27.6,0.0,18.9,607.2,622.1,649.8,27.7,14.9
2026-09-09 15:37:06,sparse_bottleneck_floor,LRT_MMUR,42,748.26,4,0,0.0,0,Mill,3,15.7,15.7,15.7,0.0,33.4,85.2,413.0,428.7,15.7,327.8
2026-09-09 15:37:06,sparse_bottleneck_floor,LRT_MMUR,42,748.26,4,0,0.0,1,Weld,1,24.0,24.0,24.0,0.0,43.8,510.7,526.0,549.9,24.0,15.2
2026-09-09 15:37:06,sparse_bottleneck_floor,LRT_MMUR,42,748.26,4,0,0.0,2,Assemble,3,31.3,31.3,31.3,0.0,14.8,590.8,590.8,622.1,31.3,0.0
2026-09-09 15:37:06,sparse_bottleneck_floor,LRT_MMUR,42,748.26,5,0,0.0,0,Mill,3,28.6,28.6,28.6,0.0,38.6,100.8,314.5,343.1,28.6,213.6
2026-09-09 15:37:06,sparse_bottleneck_floor,LRT_MMUR,42,748.26,5,0,0.0,1,Weld,1,24.9,24.9,24.9,0.0,67.2,421.0,440.4,465.4,24.9,19.4
2026-09-09 15:37:06,sparse_bottleneck_floor,LRT_MMUR,42,748.26,5,0,0.0,2,Assemble,3,29.7,29.7,29.7,0.0,40.2,508.0,508.0,537.8,29.8,0.0
2026-09-09 15:37:06,sparse_bottleneck_floor,LRT_MMUR,42,748.26,6,0,0.0,0,Mill,3,35.2,35.2,35.2,0.0,22.2,58.9,82.9,118.2,35.3,24.0
2026-09-09 15:37:06,sparse_bottleneck_floor,LRT_MMUR,42,748.26,6,0,0.0,1,Weld,1,15.3,15.3,15.3,0.0,62.3,230.8,250.2,265.5,15.3,19.4
2026-09-09 15:37:06,sparse_bottleneck_floor,LRT_MMUR,42,748.26,6,0,0.0,2,Assemble,3,35.2,35.2,35.2,0.0,46.1,340.9,340.9,376.1,35.2,0.0
2026-09-09 15:37:06,sparse_bottleneck_floor,LRT_MMUR,42,748.26,7,0,0.0,0,Mill,3,32.5,32.5,32.5,0.0,31.1,78.0,380.5,413.0,32.5,302.5
2026-09-09 15:37:06,sparse_bottleneck_floor,LRT_MMUR,42,748.26,7,0,0.0,1,Weld,1,30.3,30.3,30.3,0.0,46.7,491.8,495.6,525.9,30.3,3.8
2026-09-09 15:37:06,sparse_bottleneck_floor,LRT_MMUR,42,748.26,7,0,0.0,2,Assemble,3,18.9,18.9,18.9,0.0,14.8,542.5,542.5,561.4,18.9,0.0
2026-09-09 15:37:06,sparse_bottleneck_floor,LRT_MMUR,42,748.26,8,0,0.0,0,Mill,3,38.9,38.9,38.9,0.0,36.5,93.8,275.5,314.5,39.0,181.7
2026-09-09 15:37:06,sparse_bottleneck_floor,LRT_MMUR,42,748.26,8,0,0.0,1,Weld,1,30.2,30.2,30.2,0.0,43.0,376.8,465.4,495.6,30.2,88.6
2026-09-09 15:37:06,sparse_bottleneck_floor,LRT_MMUR,42,748.26,8,0,0.0,2,Assemble,3,17.3,17.3,17.3,0.0,47.2,610.2,610.2,627.6,17.3,0.0
2026-09-09 15:37:06,sparse_bottleneck_floor,LRT_MMUR,42,748.26,9,0,0.0,0,Mill,3,17.4,17.4,17.4,0.0,40.2,107.9,189.2,206.6,17.4,81.3
2026-09-09 15:37:06,sparse_bottleneck_floor,LRT_MMUR,42,748.26,9,0,0.0,1,Weld,1,53.1,53.1,53.1,0.0,43.5,275.1,308.4,361.6,53.2,33.3
2026-09-09 15:37:06,sparse_bottleneck_floor,LRT_MMUR,42,748.26,9,0,0.0,2,Assemble,3,30.1,30.1,30.1,0.0,14.8,385.2,385.2,415.3,30.1,0.0
2026-09-09 15:37:06,sparse_bottleneck_floor,LRT_MMUR,42,748.26,10,0,0.0,0,Mill,3,35.2,35.2,35.2,0.0,31.6,115.0,118.2,153.4,35.2,3.2
2026-09-09 15:37:06,sparse_bottleneck_floor,LRT_MMUR,42,748.26,10,0,0.0,1,Weld,1,47.8,47.8,47.8,0.0,40.9,202.3,202.3,250.2,47.9,0.0
2026-09-09 15:37:06,sparse_bottleneck_floor,LRT_MMUR,42,748.26,10,0,0.0,2,Assemble,3,28.4,28.4,28.4,0.0,44.0,302.9,302.9,331.4,28.4,0.0
2026-09-09 15:37:06,sparse_bottleneck_floor,LRT_MMUR,42,748.26,11,0,0.0,0,Mill,3,39.3,39.3,39.3,0.0,23.0,122.2,206.6,246.0,39.4,84.4
2026-09-09 15:37:06,sparse_bottleneck_floor,LRT_MMUR,42,748.26,11,0,0.0,1,Weld,1,32.0,32.0,32.0,0.0,50.6,316.4,408.4,440.4,32.1,92.0
2026-09-09 15:37:06,sparse_bottleneck_floor,LRT_MMUR,42,748.26,11,0,0.0,2,Assemble,3,28.8,28.8,28.8,0.0,42.1,500.2,500.2,529.1,28.8,0.0
2026-09-09 15:37:06,sparse_bottleneck_floor,LRT_MMUR,42,748.26,12,0,0.0,0,Mill,3,35.7,35.7,35.7,0.0,23.0,129.3,153.4,189.2,35.8,24.1
2026-09-09 15:37:06,sparse_bottleneck_floor,LRT_MMUR,42,748.26,12,0,0.0,1,Weld,1,42.8,42.8,42.8,0.0,41.7,252.8,265.5,308.4,42.9,12.8
2026-09-09 15:37:06,sparse_bottleneck_floor,LRT_MMUR,42,748.26,12,0,0.0,2,Assemble,3,36.5,36.5,36.5,0.0,14.8,325.4,325.4,362.0,36.6,0.0
2026-09-09 15:37:06,sparse_bottleneck_floor,LRT_MMUR,42,748.26,13,0,0.0,0,Mill,3,29.4,29.4,29.4,0.0,23.0,136.3,246.0,275.5,29.5,109.7
2026-09-09 15:37:06,sparse_bottleneck_floor,LRT_MMUR,42,748.26,13,0,0.0,1,Weld,1,46.7,46.7,46.7,0.0,40.2,343.6,361.6,408.3,46.7,18.0
2026-09-09 15:37:06,sparse_bottleneck_floor,LRT_MMUR,42,748.26,13,0,0.0,2,Assemble,3,16.2,16.2,16.2,0.0,41.1,451.7,451.7,467.8,16.2,0.0
2026-09-09 15:37:06,sparse_bottleneck_floor,LRT_MMUR,42,748.26,14,0,0.0,0,Mill,3,20.7,20.7,20.7,0.0,23.0,143.4,444.5,465.2,20.7,301.1
2026-09-09 15:37:06,sparse_bottleneck_floor,LRT_MMUR,42,748.26,14,0,0.0,1,Weld,1,28.0,28.0,28.0,0.0,38.9,539.4,574.8,602.9,28.0,35.4
2026-09-09 15:37:06,sparse_bottleneck_floor,LRT_MMUR,42,748.26,14,0,0.0,2,Assemble,3,17.0,17.0,17.0,0.0,37.5,669.8,669.8,686.8,17.0,0.0
2026-09-09 15:37:27,sparse_bottleneck_floor,LRT_MMUR,43,748.26,0,0,0.0,0,Mill,3,31.0,31.0,31.0,0.0,18.6,31.2,31.2,62.3,31.0,0.0
2026-09-09 15:37:27,sparse_bottleneck_floor,LRT_MMUR,43,748.26,0,0,0.0,1,Weld,1,16.1,16.1,16.1,0.0,48.0,118.9,118.9,135.0,16.2,0.0
2026-09-09 15:37:27,sparse_bottleneck_floor,LRT_MMUR,43,748.26,0,0,0.0,2,Assemble,3,21.9,21.9,21.9,0.0,61.1,218.7,218.7,240.6,21.9,0.0
2026-09-09 15:37:27,sparse_bottleneck_floor,LRT_MMUR,43,748.26,1,0,0.0,0,Mill,3,20.6,20.6,20.6,0.0,18.6,38.9,62.3,82.9,20.6,23.4
2026-09-09 15:37:27,sparse_bottleneck_floor,LRT_MMUR,43,748.26,1,0,0.0,1,Weld,1,48.1,48.1,48.1,0.0,44.1,130.8,135.0,183.2,48.2,4.3
2026-09-09 15:37:27,sparse_bottleneck_floor,LRT_MMUR,43,748.26,1,0,0.0,2,Assemble,3,31.9,31.9,31.9,0.0,52.8,238.2,240.6,272.5,31.9,2.3
2026-09-09 15:37:27,sparse_bottleneck_floor,LRT_MMUR,43,748.26,2,0,0.0,0,Mill,3,37.3,37.3,37.3,0.0,27.9,69.4,343.1,380.5,37.3,273.8
2026-09-09 15:37:27,sparse_bottleneck_floor,LRT_MMUR,43,748.26,2,0,0.0,1,Weld,1,18.9,18.9,18.9,0.0,42.8,466.3,602.9,621.8,18.9,136.6
2026-09-09 15:37:27,sparse_bottleneck_floor,LRT_MMUR,43,748.26,2,0,0.0,2,Assemble,3,25.6,25.6,25.6,0.0,37.7,662.2,662.2,687.8,25.6,0.0
2026-09-09 15:37:27,sparse_bottleneck_floor,LRT_MMUR,43,748.26,3,0,0.0,0,Mill,3,15.7,15.7,15.7,0.0,19.6,48.7,428.7,444.4,15.8,380.0
2026-09-09 15:37:27,sparse_bottleneck_floor,LRT_MMUR,43,748.26,3,0,0.0,1,Weld,1,24.8,24.8,24.8,0.0,44.8,504.7,550.0,574.8,24.9,45.3
2026-09-09 15:37:27,sparse_bottleneck_floor,LRT_MMUR,43,748.26,3,0,0.0,2,Assemble,3,27.6,27.6,27.6,0.0,18.9,607.2,622.1,649.8,27.7,14.9
2026-09-09 15:37:27,sparse_bottleneck_floor,LRT_MMUR,43,748.26,4,0,0.0,0,Mill,3,15.7,15.7,15.7,0.0,33.4,85.2,413.0,428.7,15.7,327.8
2026-09-09 15:37:27,sparse_bottleneck_floor,LRT_MMUR,43,748.26,4,0,0.0,1,Weld,1,24.0,24.0,24.0,0.0,43.8,510.7,526.0,549.9,24.0,15.2
2026-09-09 15:37:27,sparse_bottleneck_floor,LRT_MMUR,43,748.26,4,0,0.0,2,Assemble,3,31.3,31.3,31.3,0.0,14.8,590.8,590.8,622.1,31.3,0.0
2026-09-09 15:37:27,sparse_bottleneck_floor,LRT_MMUR,43,748.26,5,0,0.0,0,Mill,3,28.6,28.6,28.6,0.0,38.6,100.8,314.5,343.1,28.6,213.6
2026-09-09 15:37:27,sparse_bottleneck_floor,LRT_MMUR,43,748.26,5,0,0.0,1,Weld,1,24.9,24.9,24.9,0.0,67.2,421.0,440.4,465.4,24.9,19.4
2026-09-09 15:37:27,sparse_bottleneck_floor,LRT_MMUR,43,748.26,5,0,0.0,2,Assemble,3,29.7,29.7,29.7,0.0,40.2,508.0,508.0,537.8,29.8,0.0
2026-09-09 15:37:27,sparse_bottleneck_floor,LRT_MMUR,43,748.26,6,0,0.0,0,Mill,3,35.2,35.2,35.2,0.0,22.2,58.9,82.9,118.2,35.3,24.0
2026-09-09 15:37:27,sparse_bottleneck_floor,LRT_MMUR,43,748.26,6,0,0.0,1,Weld,1,15.3,15.3,15.3,0.0,62.3,230.8,250.2,265.5,15.3,19.4
2026-09-09 15:37:27,sparse_bottleneck_floor,LRT_MMUR,43,748.26,6,0,0.0,2,Assemble,3,35.2,35.2,35.2,0.0,46.1,340.9,340.9,376.1,35.2,0.0
2026-09-09 15:37:27,sparse_bottleneck_floor,LRT_MMUR,43,748.26,7,0,0.0,0,Mill,3,32.5,32.5,32.5,0.0,31.1,78.0,380.5,413.0,32.5,302.5
2026-09-09 15:37:27,sparse_bottleneck_floor,LRT_MMUR,43,748.26,7,0,0.0,1,Weld,1,30.3,30.3,30.3,0.0,46.7,491.8,495.6,525.9,30.3,3.8
2026-09-09 15:37:27,sparse_bottleneck_floor,LRT_MMUR,43,748.26,7,0,0.0,2,Assemble,3,18.9,18.9,18.9,0.0,14.8,542.5,542.5,561.4,18.9,0.0
2026-09-09 15:37:27,sparse_bottleneck_floor,LRT_MMUR,43,748.26,8,0,0.0,0,Mill,3,38.9,38.9,38.9,0.0,36.5,93.8,275.5,314.5,39.0,181.7
2026-09-09 15:37:27,sparse_bottleneck_floor,LRT_MMUR,43,748.26,8,0,0.0,1,Weld,1,30.2,30.2,30.2,0.0,43.0,376.8,465.4,495.6,30.2,88.6
2026-09-09 15:37:27,sparse_bottleneck_floor,LRT_MMUR,43,748.26,8,0,0.0,2,Assemble,3,17.3,17.3,17.3,0.0,47.2,610.2,610.2,627.6,17.3,0.0
2026-09-09 15:37:27,sparse_bottleneck_floor,LRT_MMUR,43,748.26,9,0,0.0,0,Mill,3,17.4,17.4,17.4,0.0,40.2,107.9,189.2,206.6,17.4,81.3
2026-09-09 15:37:27,sparse_bottleneck_floor,LRT_MMUR,43,748.26,9,0,0.0,1,Weld,1,53.1,53.1,53.1,0.0,43.5,275.1,308.4,361.6,53.2,33.3
2026-09-09 15:37:27,sparse_bottleneck_floor,LRT_MMUR,43,748.26,9,0,0.0,2,Assemble,3,30.1,30.1,30.1,0.0,14.8,385.2,385.2,415.3,30.1,0.0
2026-09-09 15:37:27,sparse_bottleneck_floor,LRT_MMUR,43,748.26,10,0,0.0,0,Mill,3,35.2,35.2,35.2,0.0,31.6,115.0,118.2,153.4,35.2,3.2
2026-09-09 15:37:27,sparse_bottleneck_floor,LRT_MMUR,43,748.26,10,0,0.0,1,Weld,1,47.8,47.8,47.8,0.0,40.9,202.3,202.3,250.2,47.9,0.0
2026-09-09 15:37:27,sparse_bottleneck_floor,LRT_MMUR,43,748.26,10,0,0.0,2,Assemble,3,28.4,28.4,28.4,0.0,44.0,302.9,302.9,331.4,28.4,0.0
2026-09-09 15:37:27,sparse_bottleneck_floor,LRT_MMUR,43,748.26,11,0,0.0,0,Mill,3,39.3,39.3,39.3,0.0,23.0,122.2,206.6,246.0,39.4,84.4
2026-09-09 15:37:27,sparse_bottleneck_floor,LRT_MMUR,43,748.26,11,0,0.0,1,Weld,1,32.0,32.0,32.0,0.0,50.6,316.4,408.4,440.4,32.1,92.0
2026-09-09 15:37:27,sparse_bottleneck_floor,LRT_MMUR,43,748.26,11,0,0.0,2,Assemble,3,28.8,28.8,28.8,0.0,42.1,500.2,500.2,529.1,28.8,0.0
2026-09-09 15:37:27,sparse_bottleneck_floor,LRT_MMUR,43,748.26,12,0,0.0,0,Mill,3,35.7,35.7,35.7,0.0,23.0,129.3,153.4,189.2,35.8,24.1
2026-09-09 15:37:27,sparse_bottleneck_floor,LRT_MMUR,43,748.26,12,0,0.0,1,Weld,1,42.8,42.8,42.8,0.0,41.7,252.8,265.5,308.4,42.9,12.8
2026-09-09 15:37:27,sparse_bottleneck_floor,LRT_MMUR,43,748.26,12,0,0.0,2,Assemble,3,36.5,36.5,36.5,0.0,14.8,325.4,325.4,362.0,36.6,0.0
2026-09-09 15:37:27,sparse_bottleneck_floor,LRT_MMUR,43,748.26,13,0,0.0,0,Mill,3,29.4,29.4,29.4,0.0,23.0,136.3,246.0,275.5,29.5,109.7
2026-09-09 15:37:27,sparse_bottleneck_floor,LRT_MMUR,43,748.26,13,0,0.0,1,Weld,1,46.7,46.7,46.7,0.0,40.2,343.6,361.6,408.3,46.7,18.0
2026-09-09 15:37:27,sparse_bottleneck_floor,LRT_MMUR,43,748.26,13,0,0.0,2,Assemble,3,16.2,16.2,16.2,0.0,41.1,451.7,451.7,467.8,16.2,0.0
2026-09-09 15:37:27,sparse_bottleneck_floor,LRT_MMUR,43,748.26,14,0,0.0,0,Mill,3,20.7,20.7,20.7,0.0,23.0,143.4,444.5,465.2,20.7,301.1
2026-09-09 15:37:27,sparse_bottleneck_floor,LRT_MMUR,43,748.26,14,0,0.0,1,Weld,1,28.0,28.0,28.0,0.0,38.9,539.4,574.8,602.9,28.0,35.4
2026-09-09 15:37:27,sparse_bottleneck_floor,LRT_MMUR,43,748.26,14,0,0.0,2,Assemble,3,17.0,17.0,17.0,0.0,37.5,669.8,669.8,686.8,17.0,0.0
2026-09-09 15:37:49,sparse_bottleneck_floor,LRT_MMUR,44,748.26,0,0,0.0,0,Mill,3,31.0,31.0,31.0,0.0,18.6,31.2,31.2,62.3,31.0,0.0
2026-09-09 15:37:49,sparse_bottleneck_floor,LRT_MMUR,44,748.26,0,0,0.0,1,Weld,1,16.1,16.1,16.1,0.0,48.0,118.9,118.9,135.0,16.2,0.0
2026-09-09 15:37:49,sparse_bottleneck_floor,LRT_MMUR,44,748.26,0,0,0.0,2,Assemble,3,21.9,21.9,21.9,0.0,61.1,218.7,218.7,240.6,21.9,0.0
2026-09-09 15:37:49,sparse_bottleneck_floor,LRT_MMUR,44,748.26,1,0,0.0,0,Mill,3,20.6,20.6,20.6,0.0,18.6,38.9,62.3,82.9,20.6,23.4
2026-09-09 15:37:49,sparse_bottleneck_floor,LRT_MMUR,44,748.26,1,0,0.0,1,Weld,1,48.1,48.1,48.1,0.0,44.1,130.8,135.0,183.2,48.2,4.3
2026-09-09 15:37:49,sparse_bottleneck_floor,LRT_MMUR,44,748.26,1,0,0.0,2,Assemble,3,31.9,31.9,31.9,0.0,52.8,238.2,240.6,272.5,31.9,2.3
2026-09-09 15:37:49,sparse_bottleneck_floor,LRT_MMUR,44,748.26,2,0,0.0,0,Mill,3,37.3,37.3,37.3,0.0,27.9,69.4,343.1,380.5,37.3,273.8
2026-09-09 15:37:49,sparse_bottleneck_floor,LRT_MMUR,44,748.26,2,0,0.0,1,Weld,1,18.9,18.9,18.9,0.0,42.8,466.3,602.9,621.8,18.9,136.6
2026-09-09 15:37:49,sparse_bottleneck_floor,LRT_MMUR,44,748.26,2,0,0.0,2,Assemble,3,25.6,25.6,25.6,0.0,37.7,662.2,662.2,687.8,25.6,0.0
2026-09-09 15:37:49,sparse_bottleneck_floor,LRT_MMUR,44,748.26,3,0,0.0,0,Mill,3,15.7,15.7,15.7,0.0,19.6,48.7,428.7,444.4,15.8,380.0
2026-09-09 15:37:49,sparse_bottleneck_floor,LRT_MMUR,44,748.26,3,0,0.0,1,Weld,1,24.8,24.8,24.8,0.0,44.8,504.7,550.0,574.8,24.9,45.3
2026-09-09 15:37:49,sparse_bottleneck_floor,LRT_MMUR,44,748.26,3,0,0.0,2,Assemble,3,27.6,27.6,27.6,0.0,18.9,607.2,622.1,649.8,27.7,14.9
2026-09-09 15:37:49,sparse_bottleneck_floor,LRT_MMUR,44,748.26,4,0,0.0,0,Mill,3,15.7,15.7,15.7,0.0,33.4,85.2,413.0,428.7,15.7,327.8
2026-09-09 15:37:49,sparse_bottleneck_floor,LRT_MMUR,44,748.26,4,0,0.0,1,Weld,1,24.0,24.0,24.0,0.0,43.8,510.7,526.0,549.9,24.0,15.2
2026-09-09 15:37:49,sparse_bottleneck_floor,LRT_MMUR,44,748.26,4,0,0.0,2,Assemble,3,31.3,31.3,31.3,0.0,14.8,590.8,590.8,622.1,31.3,0.0
2026-09-09 15:37:49,sparse_bottleneck_floor,LRT_MMUR,44,748.26,5,0,0.0,0,Mill,3,28.6,28.6,28.6,0.0,38.6,100.8,314.5,343.1,28.6,213.6
2026-09-09 15:37:49,sparse_bottleneck_floor,LRT_MMUR,44,748.26,5,0,0.0,1,Weld,1,24.9,24.9,24.9,0.0,67.2,421.0,440.4,465.4,24.9,19.4
2026-09-09 15:37:49,sparse_bottleneck_floor,LRT_MMUR,44,748.26,5,0,0.0,2,Assemble,3,29.7,29.7,29.7,0.0,40.2,508.0,508.0,537.8,29.8,0.0
2026-09-09 15:37:49,sparse_bottleneck_floor,LRT_MMUR,44,748.26,6,0,0.0,0,Mill,3,35.2,35.2,35.2,0.0,22.2,58.9,82.9,118.2,35.3,24.0
2026-09-09 15:37:49,sparse_bottleneck_floor,LRT_MMUR,44,748.26,6,0,0.0,1,Weld,1,15.3,15.3,15.3,0.0,62.3,230.8,250.2,265.5,15.3,19.4
2026-09-09 15:37:49,sparse_bottleneck_floor,LRT_MMUR,44,748.26,6,0,0.0,2,Assemble,3,35.2,35.2,35.2,0.0,46.1,340.9,340.9,376.1,35.2,0.0
2026-09-09 15:37:49,sparse_bottleneck_floor,LRT_MMUR,44,748.26,7,0,0.0,0,Mill,3,32.5,32.5,32.5,0.0,31.1,78.0,380.5,413.0,32.5,302.5
2026-09-09 15:37:49,sparse_bottleneck_floor,LRT_MMUR,44,748.26,7,0,0.0,1,Weld,1,30.3,30.3,30.3,0.0,46.7,491.8,495.6,525.9,30.3,3.8
2026-09-09 15:37:49,sparse_bottleneck_floor,LRT_MMUR,44,748.26,7,0,0.0,2,Assemble,3,18.9,18.9,18.9,0.0,14.8,542.5,542.5,561.4,18.9,0.0
2026-09-09 15:37:49,sparse_bottleneck_floor,LRT_MMUR,44,748.26,8,0,0.0,0,Mill,3,38.9,38.9,38.9,0.0,36.5,93.8,275.5,314.5,39.0,181.7
2026-09-09 15:37:49,sparse_bottleneck_floor,LRT_MMUR,44,748.26,8,0,0.0,1,Weld,1,30.2,30.2,30.2,0.0,43.0,376.8,465.4,495.6,30.2,88.6
2026-09-09 15:37:49,sparse_bottleneck_floor,LRT_MMUR,44,748.26,8,0,0.0,2,Assemble,3,17.3,17.3,17.3,0.0,47.2,610.2,610.2,627.6,17.3,0.0
2026-09-09 15:37:49,sparse_bottleneck_floor,LRT_MMUR,44,748.26,9,0,0.0,0,Mill,3,17.4,17.4,17.4,0.0,40.2,107.9,189.2,206.6,17.4,81.3
2026-09-09 15:37:49,sparse_bottleneck_floor,LRT_MMUR,44,748.26,9,0,0.0,1,Weld,1,53.1,53.1,53.1,0.0,43.5,275.1,308.4,361.6,53.2,33.3
2026-09-09 15:37:49,sparse_bottleneck_floor,LRT_MMUR,44,748.26,9,0,0.0,2,Assemble,3,30.1,30.1,30.1,0.0,14.8,385.2,385.2,415.3,30.1,0.0
2026-09-09 15:37:49,sparse_bottleneck_floor,LRT_MMUR,44,748.26,10,0,0.0,0,Mill,3,35.2,35.2,35.2,0.0,31.6,115.0,118.2,153.4,35.2,3.2
2026-09-09 15:37:49,sparse_bottleneck_floor,LRT_MMUR,44,748.26,10,0,0.0,1,Weld,1,47.8,47.8,47.8,0.0,40.9,202.3,202.3,250.2,47.9,0.0
2026-09-09 15:37:49,sparse_bottleneck_floor,LRT_MMUR,44,748.26,10,0,0.0,2,Assemble,3,28.4,28.4,28.4,0.0,44.0,302.9,302.9,331.4,28.4,0.0
2026-09-09 15:37:49,sparse_bottleneck_floor,LRT_MMUR,44,748.26,11,0,0.0,0,Mill,3,39.3,39.3,39.3,0.0,23.0,122.2,206.6,246.0,39.4,84.4
2026-09-09 15:37:49,sparse_bottleneck_floor,LRT_MMUR,44,748.26,11,0,0.0,1,Weld,1,32.0,32.0,32.0,0.0,50.6,316.4,408.4,440.4,32.1,92.0
2026-09-09 15:37:49,sparse_bottleneck_floor,LRT_MMUR,44,748.26,11,0,0.0,2,Assemble,3,28.8,28.8,28.8,0.0,42.1,500.2,500.2,529.1,28.8,0.0
2026-09-09 15:37:49,sparse_bottleneck_floor,LRT_MMUR,44,748.26,12,0,0.0,0,Mill,3,35.7,35.7,35.7,0.0,23.0,129.3,153.4,189.2,35.8,24.1
2026-09-09 15:37:49,sparse_bottleneck_floor,LRT_MMUR,44,748.26,12,0,0.0,1,Weld,1,42.8,42.8,42.8,0.0,41.7,252.8,265.5,308.4,42.9,12.8
2026-09-09 15:37:49,sparse_bottleneck_floor,LRT_MMUR,44,748.26,12,0,0.0,2,Assemble,3,36.5,36.5,36.5,0.0,14.8,325.4,325.4,362.0,36.6,0.0
2026-09-09 15:37:49,sparse_bottleneck_floor,LRT_MMUR,44,748.26,13,0,0.0,0,Mill,3,29.4,29.4,29.4,0.0,23.0,136.3,246.0,275.5,29.5,109.7
2026-09-09 15:37:49,sparse_bottleneck_floor,LRT_MMUR,44,748.26,13,0,0.0,1,Weld,1,46.7,46.7,46.7,0.0,40.2,343.6,361.6,408.3,46.7,18.0
2026-09-09 15:37:49,sparse_bottleneck_floor,LRT_MMUR,44,748.26,13,0,0.0,2,Assemble,3,16.2,16.2,16.2,0.0,41.1,451.7,451.7,467.8,16.2,0.0
2026-09-09 15:37:49,sparse_bottleneck_floor,LRT_MMUR,44,748.26,14,0,0.0,0,Mill,3,20.7,20.7,20.7,0.0,23.0,143.4,444.5,465.2,20.7,301.1
2026-09-09 15:37:49,sparse_bottleneck_floor,LRT_MMUR,44,748.26,14,0,0.0,1,Weld,1,28.0,28.0,28.0,0.0,38.9,539.4,574.8,602.9,28.0,35.4
2026-09-09 15:37:49,sparse_bottleneck_floor,LRT_MMUR,44,748.26,14,0,0.0,2,Assemble,3,17.0,17.0,17.0,0.0,37.5,669.8,669.8,686.8,17.0,0.0
2026-09-09 15:38:00,two_machine_standoff,LRT_MMUR,42,403.6,0,0,0.0,0,Mill,3,20.0,20.0,20.0,0.0,18.6,31.0,31.0,51.0,20.0,0.0
2026-09-09 15:38:00,two_machine_standoff,LRT_MMUR,42,403.6,0,0,0.0,1,Weld,2,43.8,43.8,43.8,0.0,37.7,97.9,97.9,141.7,43.8,0.0
2026-09-09 15:38:00,two_machine_standoff,LRT_MMUR,42,403.6,1,0,0.0,0,Mill,3,20.0,20.0,20.0,0.0,18.6,38.3,211.3,231.3,20.0,173.0
2026-09-09 15:38:00,two_machine_standoff,LRT_MMUR,42,403.6,1,0,0.0,1,Weld,2,16.1,16.1,16.1,0.0,33.3,297.0,332.7,348.9,16.2,35.8
2026-09-09 15:38:00,two_machine_standoff,LRT_MMUR,42,403.6,2,0,0.0,0,Mill,3,20.0,20.0,20.0,0.0,20.7,48.3,51.0,71.0,20.0,2.7
2026-09-09 15:38:00,two_machine_standoff,LRT_MMUR,42,403.6,2,0,0.0,1,Weld,2,27.4,27.4,27.4,0.0,54.2,129.2,141.7,169.1,27.4,12.5
2026-09-09 15:38:00,two_machine_standoff,LRT_MMUR,42,403.6,3,0,0.0,0,Mill,3,20.0,20.0,20.0,0.0,37.6,88.9,111.1,131.1,20.0,22.2
2026-09-09 15:38:00,two_machine_standoff,LRT_MMUR,42,403.6,3,0,0.0,1,Weld,2,25.0,25.0,25.0,0.0,30.4,163.8,178.7,203.8,25.1,14.9
2026-09-09 15:38:00,two_machine_standoff,LRT_MMUR,42,403.6,4,0,0.0,0,Mill,3,20.0,20.0,20.0,0.0,58.4,119.9,131.2,151.2,20.0,11.2
2026-09-09 15:38:00,two_machine_standoff,LRT_MMUR,42,403.6,4,0,0.0,1,Weld,2,48.1,48.1,48.1,0.0,26.0,179.4,203.8,252.0,48.2,24.4
2026-09-09 15:38:00,two_machine_standoff,LRT_MMUR,42,403.6,5,0,0.0,0,Mill,3,20.0,20.0,20.0,0.0,69.3,140.6,151.2,171.2,20.0,10.6
2026-09-09 15:38:00,two_machine_standoff,LRT_MMUR,42,403.6,5,0,0.0,1,Weld,2,45.5,45.5,45.5,0.0,36.1,236.2,252.0,297.4,45.5,15.8
2026-09-09 15:38:00,two_machine_standoff,LRT_MMUR,42,403.6,6,0,0.0,0,Mill,3,20.0,20.0,20.0,0.0,27.7,68.9,71.0,91.1,20.0,2.1
2026-09-09 15:38:00,two_machine_standoff,LRT_MMUR,42,403.6,6,0,0.0,1,Weld,2,55.2,55.2,55.2,0.0,28.4,188.9,188.9,244.1,55.2,0.0
2026-09-09 15:38:00,two_machine_standoff,LRT_MMUR,42,403.6,7,0,0.0,0,Mill,3,20.0,20.0,20.0,0.0,22.2,58.6,171.2,191.3,20.0,112.6
2026-09-09 15:38:00,two_machine_standoff,LRT_MMUR,42,403.6,7,0,0.0,1,Weld,2,18.9,18.9,18.9,0.0,36.6,243.8,297.4,316.4,18.9,53.7
2026-09-09 15:38:00,two_machine_standoff,LRT_MMUR,42,403.6,8,0,0.0,0,Mill,3,20.0,20.0,20.0,0.0,35.2,81.9,91.1,111.1,20.0,9.2
2026-09-09 15:38:00,two_machine_standoff,LRT_MMUR,42,403.6,8,0,0.0,1,Weld,2,34.0,34.0,34.0,0.0,32.0,144.7,144.7,178.7,34.0,0.0
2026-09-09 15:38:00,two_machine_standoff,LRT_MMUR,42,403.6,9,0,0.0,0,Mill,3,20.0,20.0,20.0,0.0,39.1,96.0,191.3,211.3,20.0,95.3
2026-09-09 15:38:00,two_machine_standoff,LRT_MMUR,42,403.6,9,0,0.0,1,Weld,2,16.3,16.3,16.3,0.0,33.5,270.3,316.4,332.7,16.4,46.1
2026-09-09 15:38:11,two_machine_standoff,LRT_MMUR,43,403.6,0,0,0.0,0,Mill,3,20.0,20.0,20.0,0.0,18.6,31.0,31.0,51.0,20.0,0.0
2026-09-09 15:38:11,two_machine_standoff,LRT_MMUR,43,403.6,0,0,0.0,1,Weld,2,43.8,43.8,43.8,0.0,37.7,97.9,97.9,141.7,43.8,0.0
2026-09-09 15:38:11,two_machine_standoff,LRT_MMUR,43,403.6,1,0,0.0,0,Mill,3,20.0,20.0,20.0,0.0,18.6,38.3,211.3,231.3,20.0,173.0
2026-09-09 15:38:11,two_machine_standoff,LRT_MMUR,43,403.6,1,0,0.0,1,Weld,2,16.1,16.1,16.1,0.0,33.3,297.0,332.7,348.9,16.2,35.8
2026-09-09 15:38:11,two_machine_standoff,LRT_MMUR,43,403.6,2,0,0.0,0,Mill,3,20.0,20.0,20.0,0.0,20.7,48.3,51.0,71.0,20.0,2.7
2026-09-09 15:38:11,two_machine_standoff,LRT_MMUR,43,403.6,2,0,0.0,1,Weld,2,27.4,27.4,27.4,0.0,54.2,129.2,141.7,169.1,27.4,12.5
2026-09-09 15:38:11,two_machine_standoff,LRT_MMUR,43,403.6,3,0,0.0,0,Mill,3,20.0,20.0,20.0,0.0,37.6,88.9,111.1,131.1,20.0,22.2
2026-09-09 15:38:11,two_machine_standoff,LRT_MMUR,43,403.6,3,0,0.0,1,Weld,2,25.0,25.0,25.0,0.0,30.4,163.8,178.7,203.8,25.1,14.9
2026-09-09 15:38:11,two_machine_standoff,LRT_MMUR,43,403.6,4,0,0.0,0,Mill,3,20.0,20.0,20.0,0.0,58.4,119.9,131.2,151.2,20.0,11.2
2026-09-09 15:38:11,two_machine_standoff,LRT_MMUR,43,403.6,4,0,0.0,1,Weld,2,48.1,48.1,48.1,0.0,26.0,179.4,203.8,252.0,48.2,24.4
2026-09-09 15:38:11,two_machine_standoff,LRT_MMUR,43,403.6,5,0,0.0,0,Mill,3,20.0,20.0,20.0,0.0,69.3,140.6,151.2,171.2,20.0,10.6
2026-09-09 15:38:11,two_machine_standoff,LRT_MMUR,43,403.6,5,0,0.0,1,Weld,2,45.5,45.5,45.5,0.0,36.1,236.2,252.0,297.4,45.5,15.8
2026-09-09 15:38:11,two_machine_standoff,LRT_MMUR,43,403.6,6,0,0.0,0,Mill,3,20.0,20.0,20.0,0.0,27.7,68.9,71.0,91.1,20.0,2.1
2026-09-09 15:38:11,two_machine_standoff,LRT_MMUR,43,403.6,6,0,0.0,1,Weld,2,55.2,55.2,55.2,0.0,28.4,188.9,188.9,244.1,55.2,0.0
2026-09-09 15:38:11,two_machine_standoff,LRT_MMUR,43,403.6,7,0,0.0,0,Mill,3,20.0,20.0,20.0,0.0,22.2,58.6,171.2,191.3,20.0,112.6
2026-09-09 15:38:11,two_machine_standoff,LRT_MMUR,43,403.6,7,0,0.0,1,Weld,2,18.9,18.9,18.9,0.0,36.6,243.8,297.4,316.4,18.9,53.7
2026-09-09 15:38:11,two_machine_standoff,LRT_MMUR,43,403.6,8,0,0.0,0,Mill,3,20.0,20.0,20.0,0.0,35.2,81.9,91.1,111.1,20.0,9.2
2026-09-09 15:38:11,two_machine_standoff,LRT_MMUR,43,403.6,8,0,0.0,1,Weld,2,34.0,34.0,34.0,0.0,32.0,144.7,144.7,178.7,34.0,0.0
2026-09-09 15:38:11,two_machine_standoff,LRT_MMUR,43,403.6,9,0,0.0,0,Mill,3,20.0,20.0,20.0,0.0,39.1,96.0,191.3,211.3,20.0,95.3
2026-09-09 15:38:11,two_machine_standoff,LRT_MMUR,43,403.6,9,0,0.0,1,Weld,2,16.3,16.3,16.3,0.0,33.5,270.3,316.4,332.7,16.4,46.1
2026-09-09 15:38:22,two_machine_standoff,LRT_MMUR,44,403.6,0,0,0.0,0,Mill,3,20.0,20.0,20.0,0.0,18.6,31.0,31.0,51.0,20.0,0.0
2026-09-09 15:38:22,two_machine_standoff,LRT_MMUR,44,403.6,0,0,0.0,1,Weld,2,43.8,43.8,43.8,0.0,37.7,97.9,97.9,141.7,43.8,0.0
2026-09-09 15:38:22,two_machine_standoff,LRT_MMUR,44,403.6,1,0,0.0,0,Mill,3,20.0,20.0,20.0,0.0,18.6,38.3,211.3,231.3,20.0,173.0
2026-09-09 15:38:22,two_machine_standoff,LRT_MMUR,44,403.6,1,0,0.0,1,Weld,2,16.1,16.1,16.1,0.0,33.3,297.0,332.7,348.9,16.2,35.8
2026-09-09 15:38:22,two_machine_standoff,LRT_MMUR,44,403.6,2,0,0.0,0,Mill,3,20.0,20.0,20.0,0.0,20.7,48.3,51.0,71.0,20.0,2.7
2026-09-09 15:38:22,two_machine_standoff,LRT_MMUR,44,403.6,2,0,0.0,1,Weld,2,27.4,27.4,27.4,0.0,54.2,129.2,141.7,169.1,27.4,12.5
2026-09-09 15:38:22,two_machine_standoff,LRT_MMUR,44,403.6,3,0,0.0,0,Mill,3,20.0,20.0,20.0,0.0,37.6,88.9,111.1,131.1,20.0,22.2
2026-09-09 15:38:22,two_machine_standoff,LRT_MMUR,44,403.6,3,0,0.0,1,Weld,2,25.0,25.0,25.0,0.0,30.4,163.8,178.7,203.8,25.1,14.9
2026-09-09 15:38:22,two_machine_standoff,LRT_MMUR,44,403.6,4,0,0.0,0,Mill,3,20.0,20.0,20.0,0.0,58.4,119.9,131.2,151.2,20.0,11.2
2026-09-09 15:38:22,two_machine_standoff,LRT_MMUR,44,403.6,4,0,0.0,1,Weld,2,48.1,48.1,48.1,0.0,26.0,179.4,203.8,252.0,48.2,24.4
2026-09-09 15:38:22,two_machine_standoff,LRT_MMUR,44,403.6,5,0,0.0,0,Mill,3,20.0,20.0,20.0,0.0,69.3,140.6,151.2,171.2,20.0,10.6
2026-09-09 15:38:22,two_machine_standoff,LRT_MMUR,44,403.6,5,0,0.0,1,Weld,2,45.5,45.5,45.5,0.0,36.1,236.2,252.0,297.4,45.5,15.8
2026-09-09 15:38:22,two_machine_standoff,LRT_MMUR,44,403.6,6,0,0.0,0,Mill,3,20.0,20.0,20.0,0.0,27.7,68.9,71.0,91.1,20.0,2.1
2026-09-09 15:38:22,two_machine_standoff,LRT_MMUR,44,403.6,6,0,0.0,1,Weld,2,55.2,55.2,55.2,0.0,28.4,188.9,188.9,244.1,55.2,0.0
2026-09-09 15:38:22,two_machine_standoff,LRT_MMUR,44,403.6,7,0,0.0,0,Mill,3,20.0,20.0,20.0,0.0,22.2,58.6,171.2,191.3,20.0,112.6
2026-09-09 15:38:22,two_machine_standoff,LRT_MMUR,44,403.6,7,0,0.0,1,Weld,2,18.9,18.9,18.9,0.0,36.6,243.8,297.4,316.4,18.9,53.7
2026-09-09 15:38:22,two_machine_standoff,LRT_MMUR,44,403.6,8,0,0.0,0,Mill,3,20.0,20.0,20.0,0.0,35.2,81.9,91.1,111.1,20.0,9.2
2026-09-09 15:38:22,two_machine_standoff,LRT_MMUR,44,403.6,8,0,0.0,1,Weld,2,34.0,34.0,34.0,0.0,32.0,144.7,144.7,178.7,34.0,0.0
2026-09-09 15:38:22,two_machine_standoff,LRT_MMUR,44,403.6,9,0,0.0,0,Mill,3,20.0,20.0,20.0,0.0,39.1,96.0,191.3,211.3,20.0,95.3
2026-09-09 15:38:22,two_machine_standoff,LRT_MMUR,44,403.6,9,0,0.0,1,Weld,2,16.3,16.3,16.3,0.0,33.5,270.3,316.4,332.7,16.4,46.1
2026-09-09 15:38:28,zero_contention,LRT_MMUR,42,268.82,0,0,0.0,0,Mill,1,39.2,39.2,39.2,0.0,18.6,31.0,31.0,70.2,39.2,0.0
2026-09-09 15:38:28,zero_contention,LRT_MMUR,42,268.82,0,0,0.0,1,Lathe,1,20.8,20.8,20.8,0.0,20.7,116.5,116.5,137.2,20.8,0.0
2026-09-09 15:38:28,zero_contention,LRT_MMUR,42,268.82,0,0,0.0,2,Weld,1,28.3,28.3,28.3,0.0,20.8,171.1,171.1,199.3,28.3,0.0
2026-09-09 15:38:28,zero_contention,LRT_MMUR,42,268.82,1,0,0.0,0,Mill,1,26.7,26.7,26.7,0.0,16.8,36.6,36.6,63.3,26.7,0.0
2026-09-09 15:38:28,zero_contention,LRT_MMUR,42,268.82,1,0,0.0,1,Lathe,1,42.1,42.1,42.1,0.0,20.8,98.4,98.4,140.6,42.1,0.0
2026-09-09 15:38:28,zero_contention,LRT_MMUR,42,268.82,1,0,0.0,2,Weld,1,40.3,40.3,40.3,0.0,20.6,177.0,177.0,217.3,40.3,0.0
2026-09-09 15:38:28,zero_contention,LRT_MMUR,42,268.82,2,0,0.0,0,Mill,1,46.8,46.8,46.8,0.0,43.3,70.9,70.9,117.7,46.8,0.0
2026-09-09 15:38:28,zero_contention,LRT_MMUR,42,268.82,2,0,0.0,1,Lathe,1,22.6,22.6,22.6,0.0,4.7,124.6,124.6,147.2,22.6,0.0
2026-09-09 15:38:28,zero_contention,LRT_MMUR,42,268.82,2,0,0.0,2,Weld,1,32.7,32.7,32.7,0.0,13.0,168.7,168.7,201.4,32.7,0.0
2026-09-09 15:38:34,zero_contention,LRT_MMUR,43,268.82,0,0,0.0,0,Mill,1,39.2,39.2,39.2,0.0,18.6,31.0,31.0,70.2,39.2,0.0
2026-09-09 15:38:34,zero_contention,LRT_MMUR,43,268.82,0,0,0.0,1,Lathe,1,20.8,20.8,20.8,0.0,20.7,116.5,116.5,137.2,20.8,0.0
2026-09-09 15:38:34,zero_contention,LRT_MMUR,43,268.82,0,0,0.0,2,Weld,1,28.3,28.3,28.3,0.0,20.8,171.1,171.1,199.3,28.3,0.0
2026-09-09 15:38:34,zero_contention,LRT_MMUR,43,268.82,1,0,0.0,0,Mill,1,26.7,26.7,26.7,0.0,16.8,36.6,36.6,63.3,26.7,0.0
2026-09-09 15:38:34,zero_contention,LRT_MMUR,43,268.82,1,0,0.0,1,Lathe,1,42.1,42.1,42.1,0.0,20.8,98.4,98.4,140.6,42.1,0.0
2026-09-09 15:38:34,zero_contention,LRT_MMUR,43,268.82,1,0,0.0,2,Weld,1,40.3,40.3,40.3,0.0,20.6,177.0,177.0,217.3,40.3,0.0
2026-09-09 15:38:34,zero_contention,LRT_MMUR,43,268.82,2,0,0.0,0,Mill,1,46.8,46.8,46.8,0.0,43.3,70.9,70.9,117.7,46.8,0.0
2026-09-09 15:38:34,zero_contention,LRT_MMUR,43,268.82,2,0,0.0,1,Lathe,1,22.6,22.6,22.6,0.0,4.7,124.6,124.6,147.2,22.6,0.0
2026-09-09 15:38:34,zero_contention,LRT_MMUR,43,268.82,2,0,0.0,2,Weld,1,32.7,32.7,32.7,0.0,13.0,168.7,168.7,201.4,32.7,0.0
2026-09-09 15:38:40,zero_contention,LRT_MMUR,44,268.82,0,0,0.0,0,Mill,1,39.2,39.2,39.2,0.0,18.6,31.0,31.0,70.2,39.2,0.0
2026-09-09 15:38:40,zero_contention,LRT_MMUR,44,268.82,0,0,0.0,1,Lathe,1,20.8,20.8,20.8,0.0,20.7,116.5,116.5,137.2,20.8,0.0
2026-09-09 15:38:40,zero_contention,LRT_MMUR,44,268.82,0,0,0.0,2,Weld,1,28.3,28.3,28.3,0.0,20.8,171.1,171.1,199.3,28.3,0.0
2026-09-09 15:38:40,zero_contention,LRT_MMUR,44,268.82,1,0,0.0,0,Mill,1,26.7,26.7,26.7,0.0,16.8,36.6,36.6,63.3,26.7,0.0
2026-09-09 15:38:40,zero_contention,LRT_MMUR,44,268.82,1,0,0.0,1,Lathe,1,42.1,42.1,42.1,0.0,20.8,98.4,98.4,140.6,42.1,0.0
2026-09-09 15:38:40,zero_contention,LRT_MMUR,44,268.82,1,0,0.0,2,Weld,1,40.3,40.3,40.3,0.0,20.6,177.0,177.0,217.3,40.3,0.0
2026-09-09 15:38:40,zero_contention,LRT_MMUR,44,268.82,2,0,0.0,0,Mill,1,46.8,46.8,46.8,0.0,43.3,70.9,70.9,117.7,46.8,0.0
2026-09-09 15:38:40,zero_contention,LRT_MMUR,44,268.82,2,0,0.0,1,Lathe,1,22.6,22.6,22.6,0.0,4.7,124.6,124.6,147.2,22.6,0.0
2026-09-09 15:38:40,zero_contention,LRT_MMUR,44,268.82,2,0,0.0,2,Weld,1,32.7,32.7,32.7,0.0,13.0,168.7,168.7,201.4,32.7,0.0
2026-09-09 15:28:57,bimodal_mix,SPT_SMPT,42,711.08,0,0,0.0,0,Weld,1,150.0,150.0,150.0,0.0,13.2,25.6,25.6,175.6,150.0,0.0
2026-09-09 15:28:57,bimodal_mix,SPT_SMPT,42,711.08,1,0,0.0,0,Weld,1,150.0,150.0,150.0,0.0,13.5,33.2,411.8,561.8,150.0,378.5
2026-09-09 15:28:57,bimodal_mix,SPT_SMPT,42,711.08,2,0,5.0,0,Weld,1,10.3,10.3,10.3,0.0,13.2,40.9,318.4,328.7,10.3,277.6
2026-09-09 15:28:57,bimodal_mix,SPT_SMPT,42,711.08,3,0,13.0,0,Weld,1,9.1,9.1,9.1,0.0,18.2,64.5,175.6,184.7,9.1,111.1
2026-09-09 15:28:57,bimodal_mix,SPT_SMPT,42,711.08,4,0,21.0,0,Weld,1,9.6,9.6,9.6,0.0,13.2,50.0,258.9,268.5,9.6,209.0
2026-09-09 15:28:57,bimodal_mix,SPT_SMPT,42,711.08,5,0,29.0,0,Weld,1,9.5,9.5,9.5,0.0,27.3,94.5,249.5,258.9,9.5,155.0
2026-09-09 15:28:57,bimodal_mix,SPT_SMPT,42,711.08,6,0,37.0,0,Weld,1,10.5,10.5,10.5,0.0,23.1,79.9,369.2,379.7,10.5,289.3
2026-09-09 15:28:57,bimodal_mix,SPT_SMPT,42,711.08,7,0,45.0,0,Weld,1,10.4,10.4,10.4,0.0,20.2,72.2,348.4,358.8,10.4,276.2
2026-09-09 15:28:57,bimodal_mix,SPT_SMPT,42,711.08,8,0,53.0,0,Weld,1,10.8,10.8,10.8,0.0,48.6,110.9,401.0,411.8,10.8,290.1
2026-09-09 15:28:57,bimodal_mix,SPT_SMPT,42,711.08,9,0,61.0,0,Weld,1,9.2,9.2,9.2,0.0,53.1,125.7,202.9,212.1,9.2,77.2
2026-09-09 15:28:57,bimodal_mix,SPT_SMPT,42,711.08,10,0,69.0,0,Weld,1,9.8,9.8,9.8,0.0,55.1,133.2,268.5,278.4,9.9,135.3
2026-09-09 15:28:57,bimodal_mix,SPT_SMPT,42,711.08,11,0,77.0,0,Weld,1,9.1,9.1,9.1,0.0,31.7,121.0,193.8,202.9,9.1,72.8
2026-09-09 15:28:57,bimodal_mix,SPT_SMPT,42,711.08,12,0,85.0,0,Weld,1,9.4,9.4,9.4,0.0,34.0,128.8,230.5,240.0,9.5,101.8
2026-09-09 15:28:57,bimodal_mix,SPT_SMPT,42,711.08,13,0,93.0,0,Weld,1,10.0,10.0,10.0,0.0,20.0,144.0,278.4,288.4,10.0,134.4
2026-09-09 15:28:57,bimodal_mix,SPT_SMPT,42,711.08,14,0,101.0,0,Weld,1,9.1,9.1,9.1,0.0,31.2,136.3,184.7,193.8,9.1,48.4
2026-09-09 15:28:57,bimodal_mix,SPT_SMPT,42,711.08,15,0,109.0,0,Weld,1,9.4,9.4,9.4,0.0,22.8,159.4,212.1,221.5,9.4,52.7
2026-09-09 15:28:57,bimodal_mix,SPT_SMPT,42,711.08,16,0,117.0,0,Weld,1,10.3,10.3,10.3,0.0,20.0,151.7,328.7,339.1,10.3,177.0
2026-09-09 15:28:57,bimodal_mix,SPT_SMPT,42,711.08,17,0,125.0,0,Weld,1,10.1,10.1,10.1,0.0,34.8,187.1,298.1,308.2,10.1,111.0
2026-09-09 15:28:57,bimodal_mix,SPT_SMPT,42,711.08,18,0,133.0,0,Weld,1,9.4,9.4,9.4,0.0,24.9,167.0,240.0,249.5,9.5,73.0
2026-09-09 15:28:57,bimodal_mix,SPT_SMPT,42,711.08,19,0,141.0,0,Weld,1,10.2,10.2,10.2,0.0,27.0,174.5,308.2,318.4,10.2,133.8
2026-09-09 15:28:57,bimodal_mix,SPT_SMPT,42,711.08,20,0,149.0,0,Weld,1,10.6,10.6,10.6,0.0,38.4,196.3,390.3,401.0,10.6,194.1
2026-09-09 15:28:57,bimodal_mix,SPT_SMPT,42,711.08,21,0,157.0,0,Weld,1,9.0,9.0,9.0,0.0,44.4,219.2,221.5,230.5,9.0,2.3
2026-09-09 15:28:57,bimodal_mix,SPT_SMPT,42,711.08,22,0,165.0,0,Weld,1,10.6,10.6,10.6,0.0,40.0,210.0,379.7,390.3,10.6,169.7
2026-09-09 15:28:57,bimodal_mix,SPT_SMPT,42,711.08,23,0,173.0,0,Weld,1,10.4,10.4,10.4,0.0,48.3,228.5,358.8,369.2,10.4,130.3
2026-09-09 15:28:57,bimodal_mix,SPT_SMPT,42,711.08,24,0,181.0,0,Weld,1,9.7,9.7,9.7,0.0,68.9,284.5,288.4,298.1,9.7,3.9
2026-09-09 15:28:57,bimodal_mix,SPT_SMPT,42,711.08,25,0,189.0,0,Weld,1,9.3,9.3,9.3,0.0,28.0,331.4,339.1,348.4,9.3,7.7
2026-09-09 15:28:57,bimodal_mix,SPT_SMPT,42,711.08,26,0,197.0,0,Weld,1,10.9,10.9,10.9,0.0,35.1,536.8,571.5,582.5,10.9,34.8
2026-09-09 15:28:57,bimodal_mix,SPT_SMPT,42,711.08,27,0,205.0,0,Weld,1,9.7,9.7,9.7,0.0,36.6,551.4,561.8,571.5,9.7,10.4
2026-09-09 15:28:57,bimodal_mix,SPT_SMPT,42,711.08,28,0,213.0,0,Weld,1,9.2,9.2,9.2,0.0,35.1,587.5,591.7,600.9,9.2,4.2
2026-09-09 15:28:57,bimodal_mix,SPT_SMPT,42,711.08,29,0,221.0,0,Weld,1,9.2,9.2,9.2,0.0,32.5,579.9,582.5,591.7,9.2,2.6
2026-09-09 15:28:57,bimodal_mix,SPT_SMPT,42,711.08,30,0,229.0,0,Weld,1,10.7,10.7,10.7,0.0,35.8,602.6,611.1,621.9,10.7,8.5
2026-09-09 15:28:57,bimodal_mix,SPT_SMPT,42,711.08,31,0,237.0,0,Weld,1,10.2,10.2,10.2,0.0,33.0,595.0,600.9,611.1,10.2,5.9
2026-09-09 15:29:17,bimodal_mix,SPT_SMPT,43,711.08,0,0,0.0,0,Weld,1,150.0,150.0,150.0,0.0,13.2,25.6,25.6,175.6,150.0,0.0
2026-09-09 15:29:17,bimodal_mix,SPT_SMPT,43,711.08,1,0,0.0,0,Weld,1,150.0,150.0,150.0,0.0,13.5,33.2,411.8,561.8,150.0,378.5
2026-09-09 15:29:17,bimodal_mix,SPT_SMPT,43,711.08,2,0,5.0,0,Weld,1,10.3,10.3,10.3,0.0,13.2,40.9,318.4,328.7,10.3,277.6
2026-09-09 15:29:17,bimodal_mix,SPT_SMPT,43,711.08,3,0,13.0,0,Weld,1,9.1,9.1,9.1,0.0,18.2,64.5,175.6,184.7,9.1,111.1
2026-09-09 15:29:17,bimodal_mix,SPT_SMPT,43,711.08,4,0,21.0,0,Weld,1,9.6,9.6,9.6,0.0,13.2,50.0,258.9,268.5,9.6,209.0
2026-09-09 15:29:17,bimodal_mix,SPT_SMPT,43,711.08,5,0,29.0,0,Weld,1,9.5,9.5,9.5,0.0,27.3,94.5,249.5,258.9,9.5,155.0
2026-09-09 15:29:17,bimodal_mix,SPT_SMPT,43,711.08,6,0,37.0,0,Weld,1,10.5,10.5,10.5,0.0,23.1,79.9,369.2,379.7,10.5,289.3
2026-09-09 15:29:17,bimodal_mix,SPT_SMPT,43,711.08,7,0,45.0,0,Weld,1,10.4,10.4,10.4,0.0,20.2,72.2,348.4,358.8,10.4,276.2
2026-09-09 15:29:17,bimodal_mix,SPT_SMPT,43,711.08,8,0,53.0,0,Weld,1,10.8,10.8,10.8,0.0,48.6,110.9,401.0,411.8,10.8,290.1
2026-09-09 15:29:17,bimodal_mix,SPT_SMPT,43,711.08,9,0,61.0,0,Weld,1,9.2,9.2,9.2,0.0,53.1,125.7,202.9,212.1,9.2,77.2
2026-09-09 15:29:17,bimodal_mix,SPT_SMPT,43,711.08,10,0,69.0,0,Weld,1,9.8,9.8,9.8,0.0,55.1,133.2,268.5,278.4,9.9,135.3
2026-09-09 15:29:17,bimodal_mix,SPT_SMPT,43,711.08,11,0,77.0,0,Weld,1,9.1,9.1,9.1,0.0,31.7,121.0,193.8,202.9,9.1,72.8
2026-09-09 15:29:17,bimodal_mix,SPT_SMPT,43,711.08,12,0,85.0,0,Weld,1,9.4,9.4,9.4,0.0,34.0,128.8,230.5,240.0,9.5,101.8
2026-09-09 15:29:17,bimodal_mix,SPT_SMPT,43,711.08,13,0,93.0,0,Weld,1,10.0,10.0,10.0,0.0,20.0,144.0,278.4,288.4,10.0,134.4
2026-09-09 15:29:17,bimodal_mix,SPT_SMPT,43,711.08,14,0,101.0,0,Weld,1,9.1,9.1,9.1,0.0,31.2,136.3,184.7,193.8,9.1,48.4
2026-09-09 15:29:17,bimodal_mix,SPT_SMPT,43,711.08,15,0,109.0,0,Weld,1,9.4,9.4,9.4,0.0,22.8,159.4,212.1,221.5,9.4,52.7
2026-09-09 15:29:17,bimodal_mix,SPT_SMPT,43,711.08,16,0,117.0,0,Weld,1,10.3,10.3,10.3,0.0,20.0,151.7,328.7,339.1,10.3,177.0
2026-09-09 15:29:17,bimodal_mix,SPT_SMPT,43,711.08,17,0,125.0,0,Weld,1,10.1,10.1,10.1,0.0,34.8,187.1,298.1,308.2,10.1,111.0
2026-09-09 15:29:17,bimodal_mix,SPT_SMPT,43,711.08,18,0,133.0,0,Weld,1,9.4,9.4,9.4,0.0,24.9,167.0,240.0,249.5,9.5,73.0
2026-09-09 15:29:17,bimodal_mix,SPT_SMPT,43,711.08,19,0,141.0,0,Weld,1,10.2,10.2,10.2,0.0,27.0,174.5,308.2,318.4,10.2,133.8
2026-09-09 15:29:17,bimodal_mix,SPT_SMPT,43,711.08,20,0,149.0,0,Weld,1,10.6,10.6,10.6,0.0,38.4,196.3,390.3,401.0,10.6,194.1
2026-09-09 15:29:17,bimodal_mix,SPT_SMPT,43,711.08,21,0,157.0,0,Weld,1,9.0,9.0,9.0,0.0,44.4,219.2,221.5,230.5,9.0,2.3
2026-09-09 15:29:17,bimodal_mix,SPT_SMPT,43,711.08,22,0,165.0,0,Weld,1,10.6,10.6,10.6,0.0,40.0,210.0,379.7,390.3,10.6,169.7
2026-09-09 15:29:17,bimodal_mix,SPT_SMPT,43,711.08,23,0,173.0,0,Weld,1,10.4,10.4,10.4,0.0,48.3,228.5,358.8,369.2,10.4,130.3
2026-09-09 15:29:17,bimodal_mix,SPT_SMPT,43,711.08,24,0,181.0,0,Weld,1,9.7,9.7,9.7,0.0,68.9,284.5,288.4,298.1,9.7,3.9
2026-09-09 15:29:17,bimodal_mix,SPT_SMPT,43,711.08,25,0,189.0,0,Weld,1,9.3,9.3,9.3,0.0,28.0,331.4,339.1,348.4,9.3,7.7
2026-09-09 15:29:17,bimodal_mix,SPT_SMPT,43,711.08,26,0,197.0,0,Weld,1,10.9,10.9,10.9,0.0,35.1,536.8,571.5,582.5,10.9,34.8
2026-09-09 15:29:17,bimodal_mix,SPT_SMPT,43,711.08,27,0,205.0,0,Weld,1,9.7,9.7,9.7,0.0,36.6,551.4,561.8,571.5,9.7,10.4
2026-09-09 15:29:17,bimodal_mix,SPT_SMPT,43,711.08,28,0,213.0,0,Weld,1,9.2,9.2,9.2,0.0,35.1,587.5,591.7,600.9,9.2,4.2
2026-09-09 15:29:17,bimodal_mix,SPT_SMPT,43,711.08,29,0,221.0,0,Weld,1,9.2,9.2,9.2,0.0,32.5,579.9,582.5,591.7,9.2,2.6
2026-09-09 15:29:17,bimodal_mix,SPT_SMPT,43,711.08,30,0,229.0,0,Weld,1,10.7,10.7,10.7,0.0,35.8,602.6,611.1,621.9,10.7,8.5
2026-09-09 15:29:17,bimodal_mix,SPT_SMPT,43,711.08,31,0,237.0,0,Weld,1,10.2,10.2,10.2,0.0,33.0,595.0,600.9,611.1,10.2,5.9
2026-09-09 15:29:38,bimodal_mix,SPT_SMPT,44,711.08,0,0,0.0,0,Weld,1,150.0,150.0,150.0,0.0,13.2,25.6,25.6,175.6,150.0,0.0
2026-09-09 15:29:38,bimodal_mix,SPT_SMPT,44,711.08,1,0,0.0,0,Weld,1,150.0,150.0,150.0,0.0,13.5,33.2,411.8,561.8,150.0,378.5
2026-09-09 15:29:38,bimodal_mix,SPT_SMPT,44,711.08,2,0,5.0,0,Weld,1,10.3,10.3,10.3,0.0,13.2,40.9,318.4,328.7,10.3,277.6
2026-09-09 15:29:38,bimodal_mix,SPT_SMPT,44,711.08,3,0,13.0,0,Weld,1,9.1,9.1,9.1,0.0,18.2,64.5,175.6,184.7,9.1,111.1
2026-09-09 15:29:38,bimodal_mix,SPT_SMPT,44,711.08,4,0,21.0,0,Weld,1,9.6,9.6,9.6,0.0,13.2,50.0,258.9,268.5,9.6,209.0
2026-09-09 15:29:38,bimodal_mix,SPT_SMPT,44,711.08,5,0,29.0,0,Weld,1,9.5,9.5,9.5,0.0,27.3,94.5,249.5,258.9,9.5,155.0
2026-09-09 15:29:38,bimodal_mix,SPT_SMPT,44,711.08,6,0,37.0,0,Weld,1,10.5,10.5,10.5,0.0,23.1,79.9,369.2,379.7,10.5,289.3
2026-09-09 15:29:38,bimodal_mix,SPT_SMPT,44,711.08,7,0,45.0,0,Weld,1,10.4,10.4,10.4,0.0,20.2,72.2,348.4,358.8,10.4,276.2
2026-09-09 15:29:38,bimodal_mix,SPT_SMPT,44,711.08,8,0,53.0,0,Weld,1,10.8,10.8,10.8,0.0,48.6,110.9,401.0,411.8,10.8,290.1
2026-09-09 15:29:38,bimodal_mix,SPT_SMPT,44,711.08,9,0,61.0,0,Weld,1,9.2,9.2,9.2,0.0,53.1,125.7,202.9,212.1,9.2,77.2
2026-09-09 15:29:38,bimodal_mix,SPT_SMPT,44,711.08,10,0,69.0,0,Weld,1,9.8,9.8,9.8,0.0,55.1,133.2,268.5,278.4,9.9,135.3
2026-09-09 15:29:38,bimodal_mix,SPT_SMPT,44,711.08,11,0,77.0,0,Weld,1,9.1,9.1,9.1,0.0,31.7,121.0,193.8,202.9,9.1,72.8
2026-09-09 15:29:38,bimodal_mix,SPT_SMPT,44,711.08,12,0,85.0,0,Weld,1,9.4,9.4,9.4,0.0,34.0,128.8,230.5,240.0,9.5,101.8
2026-09-09 15:29:38,bimodal_mix,SPT_SMPT,44,711.08,13,0,93.0,0,Weld,1,10.0,10.0,10.0,0.0,20.0,144.0,278.4,288.4,10.0,134.4
2026-09-09 15:29:38,bimodal_mix,SPT_SMPT,44,711.08,14,0,101.0,0,Weld,1,9.1,9.1,9.1,0.0,31.2,136.3,184.7,193.8,9.1,48.4
2026-09-09 15:29:38,bimodal_mix,SPT_SMPT,44,711.08,15,0,109.0,0,Weld,1,9.4,9.4,9.4,0.0,22.8,159.4,212.1,221.5,9.4,52.7
2026-09-09 15:29:38,bimodal_mix,SPT_SMPT,44,711.08,16,0,117.0,0,Weld,1,10.3,10.3,10.3,0.0,20.0,151.7,328.7,339.1,10.3,177.0
2026-09-09 15:29:38,bimodal_mix,SPT_SMPT,44,711.08,17,0,125.0,0,Weld,1,10.1,10.1,10.1,0.0,34.8,187.1,298.1,308.2,10.1,111.0
2026-09-09 15:29:38,bimodal_mix,SPT_SMPT,44,711.08,18,0,133.0,0,Weld,1,9.4,9.4,9.4,0.0,24.9,167.0,240.0,249.5,9.5,73.0
2026-09-09 15:29:38,bimodal_mix,SPT_SMPT,44,711.08,19,0,141.0,0,Weld,1,10.2,10.2,10.2,0.0,27.0,174.5,308.2,318.4,10.2,133.8
2026-09-09 15:29:38,bimodal_mix,SPT_SMPT,44,711.08,20,0,149.0,0,Weld,1,10.6,10.6,10.6,0.0,38.4,196.3,390.3,401.0,10.6,194.1
2026-09-09 15:29:38,bimodal_mix,SPT_SMPT,44,711.08,21,0,157.0,0,Weld,1,9.0,9.0,9.0,0.0,44.4,219.2,221.5,230.5,9.0,2.3
2026-09-09 15:29:38,bimodal_mix,SPT_SMPT,44,711.08,22,0,165.0,0,Weld,1,10.6,10.6,10.6,0.0,40.0,210.0,379.7,390.3,10.6,169.7
2026-09-09 15:29:38,bimodal_mix,SPT_SMPT,44,711.08,23,0,173.0,0,Weld,1,10.4,10.4,10.4,0.0,48.3,228.5,358.8,369.2,10.4,130.3
2026-09-09 15:29:38,bimodal_mix,SPT_SMPT,44,711.08,24,0,181.0,0,Weld,1,9.7,9.7,9.7,0.0,68.9,284.5,288.4,298.1,9.7,3.9
2026-09-09 15:29:38,bimodal_mix,SPT_SMPT,44,711.08,25,0,189.0,0,Weld,1,9.3,9.3,9.3,0.0,28.0,331.4,339.1,348.4,9.3,7.7
2026-09-09 15:29:38,bimodal_mix,SPT_SMPT,44,711.08,26,0,197.0,0,Weld,1,10.9,10.9,10.9,0.0,35.1,536.8,571.5,582.5,10.9,34.8
2026-09-09 15:29:38,bimodal_mix,SPT_SMPT,44,711.08,27,0,205.0,0,Weld,1,9.7,9.7,9.7,0.0,36.6,551.4,561.8,571.5,9.7,10.4
2026-09-09 15:29:38,bimodal_mix,SPT_SMPT,44,711.08,28,0,213.0,0,Weld,1,9.2,9.2,9.2,0.0,35.1,587.5,591.7,600.9,9.2,4.2
2026-09-09 15:29:38,bimodal_mix,SPT_SMPT,44,711.08,29,0,221.0,0,Weld,1,9.2,9.2,9.2,0.0,32.5,579.9,582.5,591.7,9.2,2.6
2026-09-09 15:29:38,bimodal_mix,SPT_SMPT,44,711.08,30,0,229.0,0,Weld,1,10.7,10.7,10.7,0.0,35.8,602.6,611.1,621.9,10.7,8.5
2026-09-09 15:29:38,bimodal_mix,SPT_SMPT,44,711.08,31,0,237.0,0,Weld,1,10.2,10.2,10.2,0.0,33.0,595.0,600.9,611.1,10.2,5.9
2026-09-09 15:30:46,compound_scenario,SPT_SMPT,42,2547.24,0,0,0.0,0,Mill,1,39.2,39.2,39.2,0.0,18.6,31.0,31.0,70.2,39.2,0.0
2026-09-09 15:30:46,compound_scenario,SPT_SMPT,42,2547.24,0,0,0.0,1,Lathe,1,20.8,20.8,20.8,0.0,20.7,105.8,105.8,126.6,20.8,0.0
2026-09-09 15:30:46,compound_scenario,SPT_SMPT,42,2547.24,0,0,0.0,2,Weld,1,28.3,28.3,28.3,0.0,21.5,162.5,162.5,190.8,28.3,0.0
2026-09-09 15:30:46,compound_scenario,SPT_SMPT,42,2547.24,1,0,60.0,0,Mill,1,26.7,26.7,26.7,0.0,16.8,93.0,93.0,119.7,26.7,0.0
2026-09-09 15:30:46,compound_scenario,SPT_SMPT,42,2547.24,1,0,60.0,1,Lathe,1,42.1,42.1,42.1,0.0,21.5,156.9,156.9,199.1,42.1,0.0
2026-09-09 15:30:46,compound_scenario,SPT_SMPT,42,2547.24,1,0,60.0,2,Weld,1,40.3,40.3,40.3,0.0,20.6,231.0,231.0,271.3,40.3,0.0
2026-09-09 15:30:46,compound_scenario,SPT_SMPT,42,2547.24,2,0,120.0,0,Mill,1,46.8,46.8,46.8,0.0,34.9,169.9,169.9,216.7,46.8,0.0
2026-09-09 15:30:46,compound_scenario,SPT_SMPT,42,2547.24,2,0,120.0,1,Lathe,1,22.6,22.6,22.6,0.0,4.7,223.6,223.6,246.3,22.6,0.0
2026-09-09 15:30:46,compound_scenario,SPT_SMPT,42,2547.24,2,0,120.0,2,Weld,1,32.7,32.7,32.7,0.0,13.0,262.4,262.4,295.1,32.7,0.0
2026-09-09 15:30:46,compound_scenario,SPT_SMPT,42,2547.24,3,0,250.0,0,Mill,3,20.0,20.0,20.0,0.0,18.6,280.9,280.9,301.0,20.0,0.0
2026-09-09 15:30:46,compound_scenario,SPT_SMPT,42,2547.24,3,0,250.0,1,Weld,1,12.4,12.4,12.4,0.0,28.3,337.8,337.8,350.2,12.4,0.0
2026-09-09 15:30:46,compound_scenario,SPT_SMPT,42,2547.24,4,0,250.0,0,Mill,3,20.0,20.0,20.0,0.0,24.8,297.5,301.0,321.0,20.0,3.5
2026-09-09 15:30:46,compound_scenario,SPT_SMPT,42,2547.24,4,0,250.0,1,Weld,1,27.5,27.5,27.5,0.0,28.9,352.3,352.3,379.8,27.5,0.0
2026-09-09 15:30:46,compound_scenario,SPT_SMPT,42,2547.24,5,0,250.0,0,Mill,3,20.0,20.0,20.0,0.0,31.3,321.9,341.1,361.1,20.0,19.2
2026-09-09 15:30:46,compound_scenario,SPT_SMPT,42,2547.24,5,0,250.0,1,Weld,1,50.4,50.4,50.4,0.0,17.0,380.4,380.4,430.8,50.5,0.0
2026-09-09 15:30:46,compound_scenario,SPT_SMPT,42,2547.24,6,0,250.0,0,Mill,3,20.0,20.0,20.0,0.0,37.0,337.8,361.1,381.1,20.0,23.3
2026-09-09 15:30:46,compound_scenario,SPT_SMPT,42,2547.24,6,0,250.0,1,Weld,1,12.1,12.1,12.1,0.0,26.0,436.5,456.8,468.9,12.1,20.2
2026-09-09 15:30:46,compound_scenario,SPT_SMPT,42,2547.24,7,0,250.0,0,Mill,3,20.0,20.0,20.0,0.0,34.4,345.0,381.1,401.2,20.0,36.1
2026-09-09 15:30:46,compound_scenario,SPT_SMPT,42,2547.24,7,0,250.0,1,Weld,1,25.9,25.9,25.9,0.0,25.5,428.9,430.8,456.8,25.9,1.9
2026-09-09 15:30:46,compound_scenario,SPT_SMPT,42,2547.24,8,0,250.0,0,Mill,3,20.0,20.0,20.0,0.0,20.4,288.1,321.0,341.0,20.0,32.9
2026-09-09 15:30:46,compound_scenario,SPT_SMPT,42,2547.24,8,0,250.0,1,Weld,1,62.0,62.0,62.0,0.0,26.8,413.6,468.9,530.9,62.0,55.3
2026-09-09 15:30:46,compound_scenario,SPT_SMPT,42,2547.24,9,0,250.0,0,Mill,3,20.0,20.0,20.0,0.0,28.2,307.9,401.2,421.2,20.0,93.2
2026-09-09 15:30:46,compound_scenario,SPT_SMPT,42,2547.24,9,0,250.0,1,Weld,1,53.6,53.6,53.6,0.0,40.3,489.9,558.6,612.2,53.6,68.7
2026-09-09 15:30:46,compound_scenario,SPT_SMPT,42,2547.24,10,0,250.0,0,Mill,3,20.0,20.0,20.0,0.0,34.7,330.6,421.2,441.2,20.0,90.6
2026-09-09 15:30:46,compound_scenario,SPT_SMPT,42,2547.24,10,0,250.0,1,Weld,1,27.6,27.6,27.6,0.0,29.1,497.4,530.9,558.6,27.7,33.5
2026-09-09 15:30:46,compound_scenario,SPT_SMPT,42,2547.24,20,0,650.0,0,Mill,3,20.0,20.0,20.0,0.0,18.6,681.4,681.4,701.4,20.0,0.0
2026-09-09 15:30:46,compound_scenario,SPT_SMPT,42,2547.24,20,0,650.0,1,Weld,2,19.2,19.2,19.2,0.0,38.3,748.8,748.8,768.0,19.2,0.0
2026-09-09 15:30:46,compound_scenario,SPT_SMPT,42,2547.24,19,0,650.0,0,Mill,3,20.0,20.0,20.0,0.0,18.6,689.3,701.4,721.5,20.0,12.2
2026-09-09 15:30:46,compound_scenario,SPT_SMPT,42,2547.24,19,0,650.0,1,Weld,2,30.2,30.2,30.2,0.0,37.9,763.4,768.0,798.2,30.2,4.7
2026-09-09 15:30:46,compound_scenario,SPT_SMPT,42,2547.24,18,0,650.0,0,Mill,3,20.0,20.0,20.0,0.0,18.6,698.7,721.5,741.5,20.0,22.8
2026-09-09 15:30:46,compound_scenario,SPT_SMPT,42,2547.24,18,0,650.0,1,Weld,2,58.1,58.1,58.1,0.0,32.3,850.3,1087.1,1145.2,58.1,236.8
2026-09-09 15:30:46,compound_scenario,SPT_SMPT,42,2547.24,17,0,650.0,0,Mill,3,20.0,20.0,20.0,0.0,37.8,739.7,741.5,761.5,20.0,1.8
2026-09-09 15:30:46,compound_scenario,SPT_SMPT,42,2547.24,17,0,650.0,1,Weld,2,22.0,22.0,22.0,0.0,28.9,839.9,859.1,881.1,22.0,19.1
2026-09-09 15:30:46,compound_scenario,SPT_SMPT,42,2547.24,16,0,650.0,0,Mill,3,20.0,20.0,20.0,0.0,42.0,754.1,761.6,781.6,20.0,7.5
2026-09-09 15:30:46,compound_scenario,SPT_SMPT,42,2547.24,16,0,650.0,1,Weld,2,30.3,30.3,30.3,0.0,44.9,828.7,828.7,859.1,30.3,0.0
2026-09-09 15:30:46,compound_scenario,SPT_SMPT,42,2547.24,14,0,650.0,0,Mill,3,20.0,20.0,20.0,0.0,43.5,765.3,781.6,801.6,20.0,16.3
2026-09-09 15:30:46,compound_scenario,SPT_SMPT,42,2547.24,14,0,650.0,1,Weld,2,51.3,51.3,51.3,0.0,30.4,834.3,881.1,932.4,51.3,46.8
2026-09-09 15:30:46,compound_scenario,SPT_SMPT,42,2547.24,13,0,650.0,0,Mill,3,20.0,20.0,20.0,0.0,27.7,719.2,801.6,821.7,20.0,82.4
2026-09-09 15:30:46,compound_scenario,SPT_SMPT,42,2547.24,13,0,650.0,1,Weld,2,15.3,15.3,15.3,0.0,33.8,884.4,932.4,947.7,15.3,48.0
2026-09-09 15:30:46,compound_scenario,SPT_SMPT,42,2547.24,12,0,650.0,0,Mill,3,20.0,20.0,20.0,0.0,22.2,709.0,821.7,841.7,20.0,112.6
2026-09-09 15:30:46,compound_scenario,SPT_SMPT,42,2547.24,12,0,650.0,1,Weld,2,51.4,51.4,51.4,0.0,22.4,894.9,1035.7,1087.1,51.4,140.7
2026-09-09 15:30:46,compound_scenario,SPT_SMPT,42,2547.24,11,0,650.0,0,Mill,3,20.0,20.0,20.0,0.0,35.5,732.5,841.7,861.7,20.0,109.2
2026-09-09 15:30:46,compound_scenario,SPT_SMPT,42,2547.24,11,0,650.0,1,Weld,2,41.5,41.5,41.5,0.0,21.9,901.5,947.7,989.2,41.5,46.2
2026-09-09 15:30:46,compound_scenario,SPT_SMPT,42,2547.24,15,0,650.0,0,Mill,3,20.0,20.0,20.0,0.0,39.6,746.9,861.8,881.8,20.0,114.9
2026-09-09 15:30:46,compound_scenario,SPT_SMPT,42,2547.24,15,0,650.0,1,Weld,2,46.4,46.4,46.4,0.0,24.7,924.2,989.2,1035.7,46.4,65.0
2026-09-09 15:30:46,compound_scenario,SPT_SMPT,42,2547.24,29,0,1050.0,0,Mill,3,20.0,20.0,20.0,0.0,18.6,1081.9,1081.9,1102.0,20.0,0.0
2026-09-09 15:30:46,compound_scenario,SPT_SMPT,42,2547.24,29,0,1050.0,1,Weld,1,39.8,39.8,39.8,0.0,22.1,1125.8,1125.8,1165.7,39.9,0.0
2026-09-09 15:30:46,compound_scenario,SPT_SMPT,42,2547.24,35,0,1050.0,0,Mill,3,20.0,20.0,20.0,0.0,19.9,1095.0,1102.0,1122.0,20.0,7.0
2026-09-09 15:30:46,compound_scenario,SPT_SMPT,42,2547.24,35,0,1050.0,1,Weld,1,17.1,17.1,17.1,0.0,30.4,1154.0,1165.7,1182.8,17.1,11.7
2026-09-09 15:30:46,compound_scenario,SPT_SMPT,42,2547.24,34,0,1050.0,0,Mill,3,20.0,20.0,20.0,0.0,19.6,1102.2,1122.0,1142.0,20.0,19.8
2026-09-09 15:30:46,compound_scenario,SPT_SMPT,42,2547.24,34,0,1050.0,1,Weld,1,46.7,46.7,46.7,0.0,32.2,1202.5,1202.5,1249.2,46.7,0.0
2026-09-09 15:30:46,compound_scenario,SPT_SMPT,42,2547.24,32,0,1050.0,0,Mill,3,20.0,20.0,20.0,0.0,29.0,1122.1,1142.1,1162.1,20.0,20.0
2026-09-09 15:30:46,compound_scenario,SPT_SMPT,42,2547.24,32,0,1050.0,1,Weld,1,53.8,53.8,53.8,0.0,32.2,1225.3,1827.3,1881.1,53.8,602.0
2026-09-09 15:30:46,compound_scenario,SPT_SMPT,42,2547.24,31,0,1050.0,0,Mill,3,20.0,20.0,20.0,0.0,32.6,1138.0,1162.1,1182.1,20.0,24.1
2026-09-09 15:30:46,compound_scenario,SPT_SMPT,42,2547.24,31,0,1050.0,1,Weld,1,42.8,42.8,42.8,0.0,33.5,1295.9,1494.5,1537.3,42.9,198.6
2026-09-09 15:30:46,compound_scenario,SPT_SMPT,42,2547.24,30,0,1050.0,0,Mill,3,20.0,20.0,20.0,0.0,35.5,1150.5,1182.1,1202.2,20.0,31.6
2026-09-09 15:30:46,compound_scenario,SPT_SMPT,42,2547.24,30,0,1050.0,1,Weld,1,52.3,52.3,52.3,0.0,33.0,1244.5,1249.2,1301.6,52.3,4.8
2026-09-09 15:30:46,compound_scenario,SPT_SMPT,42,2547.24,28,0,1050.0,0,Mill,3,20.0,20.0,20.0,0.0,24.3,1112.4,1202.2,1222.2,20.0,89.7
2026-09-09 15:30:46,compound_scenario,SPT_SMPT,42,2547.24,28,0,1050.0,1,Weld,1,32.0,32.0,32.0,0.0,37.4,1270.9,1301.6,1333.6,32.1,30.7
2026-09-09 15:30:46,compound_scenario,SPT_SMPT,42,2547.24,33,0,1050.0,0,Mill,3,20.0,20.0,20.0,0.0,30.5,1131.0,1222.2,1242.2,20.0,91.3
2026-09-09 15:30:46,compound_scenario,SPT_SMPT,42,2547.24,33,0,1050.0,1,Weld,1,41.0,41.0,41.0,0.0,35.6,1288.2,1372.8,1413.8,41.0,84.6
2026-09-09 15:30:46,compound_scenario,SPT_SMPT,42,2547.24,26,0,1050.0,0,Mill,3,20.0,20.0,20.0,0.0,37.3,1157.8,1242.3,1262.3,20.0,84.5
2026-09-09 15:30:46,compound_scenario,SPT_SMPT,42,2547.24,26,0,1050.0,1,Weld,1,39.1,39.1,39.1,0.0,30.9,1315.9,1333.6,1372.8,39.2,17.8
2026-09-09 15:30:46,compound_scenario,SPT_SMPT,42,2547.24,25,0,1050.0,0,Mill,3,20.0,20.0,20.0,0.0,42.8,1191.5,1262.3,1282.3,20.0,70.8
2026-09-09 15:30:46,compound_scenario,SPT_SMPT,42,2547.24,25,0,1050.0,1,Weld,1,47.8,47.8,47.8,0.0,36.4,1354.5,1604.6,1652.5,47.9,250.1
2026-09-09 15:30:46,compound_scenario,SPT_SMPT,42,2547.24,24,0,1050.0,0,Mill,3,20.0,20.0,20.0,0.0,40.9,1177.3,1282.3,1302.4,20.0,105.0
2026-09-09 15:30:46,compound_scenario,SPT_SMPT,42,2547.24,24,0,1050.0,1,Weld,1,51.3,51.3,51.3,0.0,30.4,1373.9,1661.9,1713.3,51.3,288.0
2026-09-09 15:30:46,compound_scenario,SPT_SMPT,42,2547.24,23,0,1050.0,0,Mill,3,20.0,20.0,20.0,0.0,40.9,1184.4,1302.4,1322.4,20.0,118.0
2026-09-09 15:30:46,compound_scenario,SPT_SMPT,42,2547.24,23,0,1050.0,1,Weld,1,42.2,42.2,42.2,0.0,38.5,1389.1,1413.8,1456.0,42.2,24.7
2026-09-09 15:30:46,compound_scenario,SPT_SMPT,42,2547.24,27,0,1050.0,0,Mill,3,20.0,20.0,20.0,0.0,41.2,1204.4,1322.4,1342.4,20.0,118.0
2026-09-09 15:30:46,compound_scenario,SPT_SMPT,42,2547.24,27,0,1050.0,1,Weld,1,58.8,58.8,58.8,0.0,34.0,1401.6,1972.8,2031.7,58.8,571.2
2026-09-09 15:30:46,compound_scenario,SPT_SMPT,42,2547.24,22,0,1050.0,0,Mill,3,20.0,20.0,20.0,0.0,35.2,1245.0,1342.5,1362.5,20.0,97.4
2026-09-09 15:30:46,compound_scenario,SPT_SMPT,42,2547.24,22,0,1050.0,1,Weld,1,53.1,53.1,53.1,0.0,37.2,1441.0,1774.1,1827.3,53.2,333.1
2026-09-09 15:30:46,compound_scenario,SPT_SMPT,42,2547.24,21,0,1050.0,0,Mill,3,20.0,20.0,20.0,0.0,37.0,1292.2,1362.5,1382.5,20.0,70.3
2026-09-09 15:30:46,compound_scenario,SPT_SMPT,42,2547.24,21,0,1050.0,1,Weld,1,19.4,19.4,19.4,0.0,39.5,1456.1,1465.5,1484.9,19.4,9.3
2026-09-09 15:30:46,compound_scenario,SPT_SMPT,42,2547.24,37,0,1400.0,0,Weld,1,150.0,150.0,150.0,0.0,31.2,1433.3,2031.7,2181.7,150.0,598.4
2026-09-09 15:30:46,compound_scenario,SPT_SMPT,42,2547.24,36,0,1400.0,0,Weld,1,150.0,150.0,150.0,0.0,39.0,1465.2,2181.7,2331.7,150.0,716.5
2026-09-09 15:30:46,compound_scenario,SPT_SMPT,42,2547.24,38,0,1405.0,0,Weld,1,9.5,9.5,9.5,0.0,33.8,1448.6,1456.0,1465.5,9.5,7.4
2026-09-09 15:30:46,compound_scenario,SPT_SMPT,42,2547.24,39,0,1413.0,0,Weld,1,9.6,9.6,9.6,0.0,35.8,1479.8,1484.9,1494.5,9.6,5.0
2026-09-09 15:30:46,compound_scenario,SPT_SMPT,42,2547.24,40,0,1421.0,0,Weld,1,9.2,9.2,9.2,0.0,41.3,1495.1,1537.3,1546.5,9.2,42.2
2026-09-09 15:30:46,compound_scenario,SPT_SMPT,42,2547.24,41,0,1429.0,0,Weld,1,9.5,9.5,9.5,0.0,42.6,1504.3,1555.7,1565.2,9.5,51.5
2026-09-09 15:30:46,compound_scenario,SPT_SMPT,42,2547.24,42,0,1437.0,0,Weld,1,9.2,9.2,9.2,0.0,41.0,1520.3,1546.5,1555.7,9.2,26.2
2026-09-09 15:30:46,compound_scenario,SPT_SMPT,42,2547.24,43,0,1445.0,0,Weld,1,9.6,9.6,9.6,0.0,37.4,1527.9,1565.2,1574.8,9.6,37.3
2026-09-09 15:30:46,compound_scenario,SPT_SMPT,42,2547.24,44,0,1453.0,0,Weld,1,10.3,10.3,10.3,0.0,35.3,1571.3,1594.3,1604.6,10.3,23.0
2026-09-09 15:30:46,compound_scenario,SPT_SMPT,42,2547.24,45,0,1461.0,0,Weld,1,9.7,9.7,9.7,0.0,32.7,1563.7,1574.8,1584.6,9.8,11.1
2026-09-09 15:30:46,compound_scenario,SPT_SMPT,42,2547.24,46,0,1469.0,0,Weld,1,9.7,9.7,9.7,0.0,39.0,1580.4,1584.6,1594.3,9.8,4.2
2026-09-09 15:30:46,compound_scenario,SPT_SMPT,42,2547.24,47,0,1477.0,0,Weld,1,9.4,9.4,9.4,0.0,35.3,1611.8,1652.5,1661.9,9.4,40.7
2026-09-09 15:30:46,compound_scenario,SPT_SMPT,42,2547.24,48,0,1485.0,0,Weld,1,9.5,9.5,9.5,0.0,27.3,1685.4,1713.3,1722.8,9.6,27.9
2026-09-09 15:30:46,compound_scenario,SPT_SMPT,42,2547.24,49,0,1493.0,0,Weld,1,10.9,10.9,10.9,0.0,32.2,1699.8,1722.8,1733.7,10.9,23.0
2026-09-09 15:30:46,compound_scenario,SPT_SMPT,42,2547.24,50,0,1501.0,0,Weld,1,10.3,10.3,10.3,0.0,34.8,1729.7,1733.7,1744.0,10.3,4.1
2026-09-09 15:30:46,compound_scenario,SPT_SMPT,42,2547.24,51,0,1509.0,0,Weld,1,10.2,10.2,10.2,0.0,38.7,1738.9,1744.0,1754.3,10.2,5.1
2026-09-09 15:30:46,compound_scenario,SPT_SMPT,42,2547.24,52,0,1517.0,0,Weld,1,9.3,9.3,9.3,0.0,42.1,1757.4,1764.8,1774.1,9.4,7.4
2026-09-09 15:30:46,compound_scenario,SPT_SMPT,42,2547.24,53,0,1525.0,0,Weld,1,10.5,10.5,10.5,0.0,37.7,1748.1,1754.3,1764.8,10.5,6.1
2026-09-09 15:30:46,compound_scenario,SPT_SMPT,42,2547.24,54,0,1533.0,0,Weld,1,9.3,9.3,9.3,0.0,33.8,1838.0,1881.1,1890.4,9.4,43.1
2026-09-09 15:30:46,compound_scenario,SPT_SMPT,42,2547.24,55,0,1541.0,0,Weld,1,9.8,9.8,9.8,0.0,28.0,1845.7,1890.4,1900.2,9.8,44.7
2026-09-09 15:30:46,compound_scenario,SPT_SMPT,42,2547.24,56,0,1549.0,0,Weld,1,11.0,11.0,11.0,0.0,28.6,1853.4,1961.8,1972.8,11.0,108.4
2026-09-09 15:30:46,compound_scenario,SPT_SMPT,42,2547.24,57,0,1557.0,0,Weld,1,10.3,10.3,10.3,0.0,33.2,1867.8,1910.4,1920.7,10.3,42.6
2026-09-09 15:30:46,compound_scenario,SPT_SMPT,42,2547.24,58,0,1565.0,0,Weld,1,10.1,10.1,10.1,0.0,33.8,1882.4,1900.2,1910.4,10.1,17.8
2026-09-09 15:30:46,compound_scenario,SPT_SMPT,42,2547.24,59,0,1573.0,0,Weld,1,10.4,10.4,10.4,0.0,38.7,1897.7,1930.1,1940.5,10.4,32.4
2026-09-09 15:30:46,compound_scenario,SPT_SMPT,42,2547.24,60,0,1581.0,0,Weld,1,10.7,10.7,10.7,0.0,38.4,1905.4,1951.1,1961.8,10.7,45.8
2026-09-09 15:30:46,compound_scenario,SPT_SMPT,42,2547.24,61,0,1589.0,0,Weld,1,10.6,10.6,10.6,0.0,37.4,1920.7,1940.5,1951.1,10.6,19.8
2026-09-09 15:30:46,compound_scenario,SPT_SMPT,42,2547.24,62,0,1597.0,0,Weld,1,9.5,9.5,9.5,0.0,34.5,1913.0,1920.7,1930.1,9.5,7.7
2026-09-09 15:30:46,compound_scenario,SPT_SMPT,42,2547.24,63,0,2200.0,0,Mill,1,21.0,21.0,21.0,0.0,18.6,2231.4,2231.4,2252.4,21.0,0.0
2026-09-09 15:30:46,compound_scenario,SPT_SMPT,42,2547.24,63,0,2200.0,1,Lathe,1,29.5,29.5,29.5,0.0,27.2,2294.9,2294.9,2324.4,29.5,0.0
2026-09-09 15:30:46,compound_scenario,SPT_SMPT,42,2547.24,63,0,2200.0,2,Weld,1,28.0,28.0,28.0,0.0,30.1,2369.7,2369.7,2397.8,28.1,0.0
2026-09-09 15:30:46,compound_scenario,SPT_SMPT,42,2547.24,64,0,2260.0,0,Mill,1,26.3,26.3,26.3,0.0,16.8,2289.2,2289.2,2315.6,26.4,0.0
2026-09-09 15:30:46,compound_scenario,SPT_SMPT,42,2547.24,64,0,2260.0,1,Lathe,1,48.3,48.3,48.3,0.0,28.8,2357.4,2357.4,2405.8,48.3,0.0
2026-09-09 15:30:46,compound_scenario,SPT_SMPT,42,2547.24,64,0,2260.0,2,Weld,1,46.3,46.3,46.3,0.0,20.6,2442.1,2442.1,2488.4,46.3,0.0
2026-09-09 15:30:46,compound_scenario,SPT_SMPT,42,2547.24,65,0,2320.0,0,Mill,1,29.4,29.4,29.4,0.0,34.9,2370.3,2370.3,2399.8,29.5,0.0
2026-09-09 15:30:46,compound_scenario,SPT_SMPT,42,2547.24,65,0,2320.0,1,Lathe,1,39.7,39.7,39.7,0.0,4.7,2406.7,2406.7,2446.4,39.7,0.0
2026-09-09 15:30:46,compound_scenario,SPT_SMPT,42,2547.24,65,0,2320.0,2,Weld,1,31.9,31.9,31.9,0.0,13.0,2461.7,2461.7,2493.6,31.9,0.0
2026-09-09 15:31:55,compound_scenario,SPT_SMPT,43,2547.24,0,0,0.0,0,Mill,1,39.2,39.2,39.2,0.0,18.6,31.0,31.0,70.2,39.2,0.0
2026-09-09 15:31:55,compound_scenario,SPT_SMPT,43,2547.24,0,0,0.0,1,Lathe,1,20.8,20.8,20.8,0.0,20.7,105.8,105.8,126.6,20.8,0.0
2026-09-09 15:31:55,compound_scenario,SPT_SMPT,43,2547.24,0,0,0.0,2,Weld,1,28.3,28.3,28.3,0.0,21.5,162.5,162.5,190.8,28.3,0.0
2026-09-09 15:31:55,compound_scenario,SPT_SMPT,43,2547.24,1,0,60.0,0,Mill,1,26.7,26.7,26.7,0.0,16.8,93.0,93.0,119.7,26.7,0.0
2026-09-09 15:31:55,compound_scenario,SPT_SMPT,43,2547.24,1,0,60.0,1,Lathe,1,42.1,42.1,42.1,0.0,21.5,156.9,156.9,199.1,42.1,0.0
2026-09-09 15:31:55,compound_scenario,SPT_SMPT,43,2547.24,1,0,60.0,2,Weld,1,40.3,40.3,40.3,0.0,20.6,231.0,231.0,271.3,40.3,0.0
2026-09-09 15:31:55,compound_scenario,SPT_SMPT,43,2547.24,2,0,120.0,0,Mill,1,46.8,46.8,46.8,0.0,34.9,169.9,169.9,216.7,46.8,0.0
2026-09-09 15:31:55,compound_scenario,SPT_SMPT,43,2547.24,2,0,120.0,1,Lathe,1,22.6,22.6,22.6,0.0,4.7,223.6,223.6,246.3,22.6,0.0
2026-09-09 15:31:55,compound_scenario,SPT_SMPT,43,2547.24,2,0,120.0,2,Weld,1,32.7,32.7,32.7,0.0,13.0,262.4,262.4,295.1,32.7,0.0
2026-09-09 15:31:55,compound_scenario,SPT_SMPT,43,2547.24,3,0,250.0,0,Mill,3,20.0,20.0,20.0,0.0,18.6,280.9,280.9,301.0,20.0,0.0
2026-09-09 15:31:55,compound_scenario,SPT_SMPT,43,2547.24,3,0,250.0,1,Weld,1,12.4,12.4,12.4,0.0,28.3,337.8,337.8,350.2,12.4,0.0
2026-09-09 15:31:55,compound_scenario,SPT_SMPT,43,2547.24,4,0,250.0,0,Mill,3,20.0,20.0,20.0,0.0,24.8,297.5,301.0,321.0,20.0,3.5
2026-09-09 15:31:55,compound_scenario,SPT_SMPT,43,2547.24,4,0,250.0,1,Weld,1,27.5,27.5,27.5,0.0,28.9,352.3,352.3,379.8,27.5,0.0
2026-09-09 15:31:55,compound_scenario,SPT_SMPT,43,2547.24,5,0,250.0,0,Mill,3,20.0,20.0,20.0,0.0,31.3,321.9,341.1,361.1,20.0,19.2
2026-09-09 15:31:55,compound_scenario,SPT_SMPT,43,2547.24,5,0,250.0,1,Weld,1,50.4,50.4,50.4,0.0,17.0,380.4,380.4,430.8,50.5,0.0
2026-09-09 15:31:55,compound_scenario,SPT_SMPT,43,2547.24,6,0,250.0,0,Mill,3,20.0,20.0,20.0,0.0,37.0,337.8,361.1,381.1,20.0,23.3
2026-09-09 15:31:55,compound_scenario,SPT_SMPT,43,2547.24,6,0,250.0,1,Weld,1,12.1,12.1,12.1,0.0,26.0,436.5,456.8,468.9,12.1,20.2
2026-09-09 15:31:55,compound_scenario,SPT_SMPT,43,2547.24,7,0,250.0,0,Mill,3,20.0,20.0,20.0,0.0,34.4,345.0,381.1,401.2,20.0,36.1
2026-09-09 15:31:55,compound_scenario,SPT_SMPT,43,2547.24,7,0,250.0,1,Weld,1,25.9,25.9,25.9,0.0,25.5,428.9,430.8,456.8,25.9,1.9
2026-09-09 15:31:55,compound_scenario,SPT_SMPT,43,2547.24,8,0,250.0,0,Mill,3,20.0,20.0,20.0,0.0,20.4,288.1,321.0,341.0,20.0,32.9
2026-09-09 15:31:55,compound_scenario,SPT_SMPT,43,2547.24,8,0,250.0,1,Weld,1,62.0,62.0,62.0,0.0,26.8,413.6,468.9,530.9,62.0,55.3
2026-09-09 15:31:55,compound_scenario,SPT_SMPT,43,2547.24,9,0,250.0,0,Mill,3,20.0,20.0,20.0,0.0,28.2,307.9,401.2,421.2,20.0,93.2
2026-09-09 15:31:55,compound_scenario,SPT_SMPT,43,2547.24,9,0,250.0,1,Weld,1,53.6,53.6,53.6,0.0,40.3,489.9,558.6,612.2,53.6,68.7
2026-09-09 15:31:55,compound_scenario,SPT_SMPT,43,2547.24,10,0,250.0,0,Mill,3,20.0,20.0,20.0,0.0,34.7,330.6,421.2,441.2,20.0,90.6
2026-09-09 15:31:55,compound_scenario,SPT_SMPT,43,2547.24,10,0,250.0,1,Weld,1,27.6,27.6,27.6,0.0,29.1,497.4,530.9,558.6,27.7,33.5
2026-09-09 15:31:55,compound_scenario,SPT_SMPT,43,2547.24,20,0,650.0,0,Mill,3,20.0,20.0,20.0,0.0,18.6,681.4,681.4,701.4,20.0,0.0
2026-09-09 15:31:55,compound_scenario,SPT_SMPT,43,2547.24,20,0,650.0,1,Weld,2,19.2,19.2,19.2,0.0,38.3,748.8,748.8,768.0,19.2,0.0
2026-09-09 15:31:55,compound_scenario,SPT_SMPT,43,2547.24,19,0,650.0,0,Mill,3,20.0,20.0,20.0,0.0,18.6,689.3,701.4,721.5,20.0,12.2
2026-09-09 15:31:55,compound_scenario,SPT_SMPT,43,2547.24,19,0,650.0,1,Weld,2,30.2,30.2,30.2,0.0,37.9,763.4,768.0,798.2,30.2,4.7
2026-09-09 15:31:55,compound_scenario,SPT_SMPT,43,2547.24,18,0,650.0,0,Mill,3,20.0,20.0,20.0,0.0,18.6,698.7,721.5,741.5,20.0,22.8
2026-09-09 15:31:55,compound_scenario,SPT_SMPT,43,2547.24,18,0,650.0,1,Weld,2,58.1,58.1,58.1,0.0,32.3,850.3,1087.1,1145.2,58.1,236.8
2026-09-09 15:31:55,compound_scenario,SPT_SMPT,43,2547.24,17,0,650.0,0,Mill,3,20.0,20.0,20.0,0.0,37.8,739.7,741.5,761.5,20.0,1.8
2026-09-09 15:31:55,compound_scenario,SPT_SMPT,43,2547.24,17,0,650.0,1,Weld,2,22.0,22.0,22.0,0.0,28.9,839.9,859.1,881.1,22.0,19.1
2026-09-09 15:31:55,compound_scenario,SPT_SMPT,43,2547.24,16,0,650.0,0,Mill,3,20.0,20.0,20.0,0.0,42.0,754.1,761.6,781.6,20.0,7.5
2026-09-09 15:31:55,compound_scenario,SPT_SMPT,43,2547.24,16,0,650.0,1,Weld,2,30.3,30.3,30.3,0.0,44.9,828.7,828.7,859.1,30.3,0.0
2026-09-09 15:31:55,compound_scenario,SPT_SMPT,43,2547.24,14,0,650.0,0,Mill,3,20.0,20.0,20.0,0.0,43.5,765.3,781.6,801.6,20.0,16.3
2026-09-09 15:31:55,compound_scenario,SPT_SMPT,43,2547.24,14,0,650.0,1,Weld,2,51.3,51.3,51.3,0.0,30.4,834.3,881.1,932.4,51.3,46.8
2026-09-09 15:31:55,compound_scenario,SPT_SMPT,43,2547.24,13,0,650.0,0,Mill,3,20.0,20.0,20.0,0.0,27.7,719.2,801.6,821.7,20.0,82.4
2026-09-09 15:31:55,compound_scenario,SPT_SMPT,43,2547.24,13,0,650.0,1,Weld,2,15.3,15.3,15.3,0.0,33.8,884.4,932.4,947.7,15.3,48.0
2026-09-09 15:31:55,compound_scenario,SPT_SMPT,43,2547.24,12,0,650.0,0,Mill,3,20.0,20.0,20.0,0.0,22.2,709.0,821.7,841.7,20.0,112.6
2026-09-09 15:31:55,compound_scenario,SPT_SMPT,43,2547.24,12,0,650.0,1,Weld,2,51.4,51.4,51.4,0.0,22.4,894.9,1035.7,1087.1,51.4,140.7
2026-09-09 15:31:55,compound_scenario,SPT_SMPT,43,2547.24,11,0,650.0,0,Mill,3,20.0,20.0,20.0,0.0,35.5,732.5,841.7,861.7,20.0,109.2
2026-09-09 15:31:55,compound_scenario,SPT_SMPT,43,2547.24,11,0,650.0,1,Weld,2,41.5,41.5,41.5,0.0,21.9,901.5,947.7,989.2,41.5,46.2
2026-09-09 15:31:55,compound_scenario,SPT_SMPT,43,2547.24,15,0,650.0,0,Mill,3,20.0,20.0,20.0,0.0,39.6,746.9,861.8,881.8,20.0,114.9
2026-09-09 15:31:55,compound_scenario,SPT_SMPT,43,2547.24,15,0,650.0,1,Weld,2,46.4,46.4,46.4,0.0,24.7,924.2,989.2,1035.7,46.4,65.0
2026-09-09 15:31:55,compound_scenario,SPT_SMPT,43,2547.24,29,0,1050.0,0,Mill,3,20.0,20.0,20.0,0.0,18.6,1081.9,1081.9,1102.0,20.0,0.0
2026-09-09 15:31:55,compound_scenario,SPT_SMPT,43,2547.24,29,0,1050.0,1,Weld,1,39.8,39.8,39.8,0.0,22.1,1125.8,1125.8,1165.7,39.9,0.0
2026-09-09 15:31:55,compound_scenario,SPT_SMPT,43,2547.24,35,0,1050.0,0,Mill,3,20.0,20.0,20.0,0.0,19.9,1095.0,1102.0,1122.0,20.0,7.0
2026-09-09 15:31:55,compound_scenario,SPT_SMPT,43,2547.24,35,0,1050.0,1,Weld,1,17.1,17.1,17.1,0.0,30.4,1154.0,1165.7,1182.8,17.1,11.7
2026-09-09 15:31:55,compound_scenario,SPT_SMPT,43,2547.24,34,0,1050.0,0,Mill,3,20.0,20.0,20.0,0.0,19.6,1102.2,1122.0,1142.0,20.0,19.8
2026-09-09 15:31:55,compound_scenario,SPT_SMPT,43,2547.24,34,0,1050.0,1,Weld,1,46.7,46.7,46.7,0.0,32.2,1202.5,1202.5,1249.2,46.7,0.0
2026-09-09 15:31:55,compound_scenario,SPT_SMPT,43,2547.24,32,0,1050.0,0,Mill,3,20.0,20.0,20.0,0.0,29.0,1122.1,1142.1,1162.1,20.0,20.0
2026-09-09 15:31:55,compound_scenario,SPT_SMPT,43,2547.24,32,0,1050.0,1,Weld,1,53.8,53.8,53.8,0.0,32.2,1225.3,1827.3,1881.1,53.8,602.0
2026-09-09 15:31:55,compound_scenario,SPT_SMPT,43,2547.24,31,0,1050.0,0,Mill,3,20.0,20.0,20.0,0.0,32.6,1138.0,1162.1,1182.1,20.0,24.1
2026-09-09 15:31:55,compound_scenario,SPT_SMPT,43,2547.24,31,0,1050.0,1,Weld,1,42.8,42.8,42.8,0.0,33.5,1295.9,1494.5,1537.3,42.9,198.6
2026-09-09 15:31:55,compound_scenario,SPT_SMPT,43,2547.24,30,0,1050.0,0,Mill,3,20.0,20.0,20.0,0.0,35.5,1150.5,1182.1,1202.2,20.0,31.6
2026-09-09 15:31:55,compound_scenario,SPT_SMPT,43,2547.24,30,0,1050.0,1,Weld,1,52.3,52.3,52.3,0.0,33.0,1244.5,1249.2,1301.6,52.3,4.8
2026-09-09 15:31:55,compound_scenario,SPT_SMPT,43,2547.24,28,0,1050.0,0,Mill,3,20.0,20.0,20.0,0.0,24.3,1112.4,1202.2,1222.2,20.0,89.7
2026-09-09 15:31:55,compound_scenario,SPT_SMPT,43,2547.24,28,0,1050.0,1,Weld,1,32.0,32.0,32.0,0.0,37.4,1270.9,1301.6,1333.6,32.1,30.7
2026-09-09 15:31:55,compound_scenario,SPT_SMPT,43,2547.24,33,0,1050.0,0,Mill,3,20.0,20.0,20.0,0.0,30.5,1131.0,1222.2,1242.2,20.0,91.3
2026-09-09 15:31:55,compound_scenario,SPT_SMPT,43,2547.24,33,0,1050.0,1,Weld,1,41.0,41.0,41.0,0.0,35.6,1288.2,1372.8,1413.8,41.0,84.6
2026-09-09 15:31:55,compound_scenario,SPT_SMPT,43,2547.24,26,0,1050.0,0,Mill,3,20.0,20.0,20.0,0.0,37.3,1157.8,1242.3,1262.3,20.0,84.5
2026-09-09 15:31:55,compound_scenario,SPT_SMPT,43,2547.24,26,0,1050.0,1,Weld,1,39.1,39.1,39.1,0.0,30.9,1315.9,1333.6,1372.8,39.2,17.8
2026-09-09 15:31:55,compound_scenario,SPT_SMPT,43,2547.24,25,0,1050.0,0,Mill,3,20.0,20.0,20.0,0.0,42.8,1191.5,1262.3,1282.3,20.0,70.8
2026-09-09 15:31:55,compound_scenario,SPT_SMPT,43,2547.24,25,0,1050.0,1,Weld,1,47.8,47.8,47.8,0.0,36.4,1354.5,1604.6,1652.5,47.9,250.1
2026-09-09 15:31:55,compound_scenario,SPT_SMPT,43,2547.24,24,0,1050.0,0,Mill,3,20.0,20.0,20.0,0.0,40.9,1177.3,1282.3,1302.4,20.0,105.0
2026-09-09 15:31:55,compound_scenario,SPT_SMPT,43,2547.24,24,0,1050.0,1,Weld,1,51.3,51.3,51.3,0.0,30.4,1373.9,1661.9,1713.3,51.3,288.0
2026-09-09 15:31:55,compound_scenario,SPT_SMPT,43,2547.24,23,0,1050.0,0,Mill,3,20.0,20.0,20.0,0.0,40.9,1184.4,1302.4,1322.4,20.0,118.0
2026-09-09 15:31:55,compound_scenario,SPT_SMPT,43,2547.24,23,0,1050.0,1,Weld,1,42.2,42.2,42.2,0.0,38.5,1389.1,1413.8,1456.0,42.2,24.7
2026-09-09 15:31:55,compound_scenario,SPT_SMPT,43,2547.24,27,0,1050.0,0,Mill,3,20.0,20.0,20.0,0.0,41.2,1204.4,1322.4,1342.4,20.0,118.0
2026-09-09 15:31:55,compound_scenario,SPT_SMPT,43,2547.24,27,0,1050.0,1,Weld,1,58.8,58.8,58.8,0.0,34.0,1401.6,1972.8,2031.7,58.8,571.2
2026-09-09 15:31:55,compound_scenario,SPT_SMPT,43,2547.24,22,0,1050.0,0,Mill,3,20.0,20.0,20.0,0.0,35.2,1245.0,1342.5,1362.5,20.0,97.4
2026-09-09 15:31:55,compound_scenario,SPT_SMPT,43,2547.24,22,0,1050.0,1,Weld,1,53.1,53.1,53.1,0.0,37.2,1441.0,1774.1,1827.3,53.2,333.1
2026-09-09 15:31:55,compound_scenario,SPT_SMPT,43,2547.24,21,0,1050.0,0,Mill,3,20.0,20.0,20.0,0.0,37.0,1292.2,1362.5,1382.5,20.0,70.3
2026-09-09 15:31:55,compound_scenario,SPT_SMPT,43,2547.24,21,0,1050.0,1,Weld,1,19.4,19.4,19.4,0.0,39.5,1456.1,1465.5,1484.9,19.4,9.3
2026-09-09 15:31:55,compound_scenario,SPT_SMPT,43,2547.24,37,0,1400.0,0,Weld,1,150.0,150.0,150.0,0.0,31.2,1433.3,2031.7,2181.7,150.0,598.4
2026-09-09 15:31:55,compound_scenario,SPT_SMPT,43,2547.24,36,0,1400.0,0,Weld,1,150.0,150.0,150.0,0.0,39.0,1465.2,2181.7,2331.7,150.0,716.5
2026-09-09 15:31:55,compound_scenario,SPT_SMPT,43,2547.24,38,0,1405.0,0,Weld,1,9.5,9.5,9.5,0.0,33.8,1448.6,1456.0,1465.5,9.5,7.4
2026-09-09 15:31:55,compound_scenario,SPT_SMPT,43,2547.24,39,0,1413.0,0,Weld,1,9.6,9.6,9.6,0.0,35.8,1479.8,1484.9,1494.5,9.6,5.0
2026-09-09 15:31:55,compound_scenario,SPT_SMPT,43,2547.24,40,0,1421.0,0,Weld,1,9.2,9.2,9.2,0.0,41.3,1495.1,1537.3,1546.5,9.2,42.2
2026-09-09 15:31:55,compound_scenario,SPT_SMPT,43,2547.24,41,0,1429.0,0,Weld,1,9.5,9.5,9.5,0.0,42.6,1504.3,1555.7,1565.2,9.5,51.5
2026-09-09 15:31:55,compound_scenario,SPT_SMPT,43,2547.24,42,0,1437.0,0,Weld,1,9.2,9.2,9.2,0.0,41.0,1520.3,1546.5,1555.7,9.2,26.2
2026-09-09 15:31:55,compound_scenario,SPT_SMPT,43,2547.24,43,0,1445.0,0,Weld,1,9.6,9.6,9.6,0.0,37.4,1527.9,1565.2,1574.8,9.6,37.3
2026-09-09 15:31:55,compound_scenario,SPT_SMPT,43,2547.24,44,0,1453.0,0,Weld,1,10.3,10.3,10.3,0.0,35.3,1571.3,1594.3,1604.6,10.3,23.0
2026-09-09 15:31:55,compound_scenario,SPT_SMPT,43,2547.24,45,0,1461.0,0,Weld,1,9.7,9.7,9.7,0.0,32.7,1563.7,1574.8,1584.6,9.8,11.1
2026-09-09 15:31:55,compound_scenario,SPT_SMPT,43,2547.24,46,0,1469.0,0,Weld,1,9.7,9.7,9.7,0.0,39.0,1580.4,1584.6,1594.3,9.8,4.2
2026-09-09 15:31:55,compound_scenario,SPT_SMPT,43,2547.24,47,0,1477.0,0,Weld,1,9.4,9.4,9.4,0.0,35.3,1611.8,1652.5,1661.9,9.4,40.7
2026-09-09 15:31:55,compound_scenario,SPT_SMPT,43,2547.24,48,0,1485.0,0,Weld,1,9.5,9.5,9.5,0.0,27.3,1685.4,1713.3,1722.8,9.6,27.9
2026-09-09 15:31:55,compound_scenario,SPT_SMPT,43,2547.24,49,0,1493.0,0,Weld,1,10.9,10.9,10.9,0.0,32.2,1699.8,1722.8,1733.7,10.9,23.0
2026-09-09 15:31:55,compound_scenario,SPT_SMPT,43,2547.24,50,0,1501.0,0,Weld,1,10.3,10.3,10.3,0.0,34.8,1729.7,1733.7,1744.0,10.3,4.1
2026-09-09 15:31:55,compound_scenario,SPT_SMPT,43,2547.24,51,0,1509.0,0,Weld,1,10.2,10.2,10.2,0.0,38.7,1738.9,1744.0,1754.3,10.2,5.1
2026-09-09 15:31:55,compound_scenario,SPT_SMPT,43,2547.24,52,0,1517.0,0,Weld,1,9.3,9.3,9.3,0.0,42.1,1757.4,1764.8,1774.1,9.4,7.4
2026-09-09 15:31:55,compound_scenario,SPT_SMPT,43,2547.24,53,0,1525.0,0,Weld,1,10.5,10.5,10.5,0.0,37.7,1748.1,1754.3,1764.8,10.5,6.1
2026-09-09 15:31:55,compound_scenario,SPT_SMPT,43,2547.24,54,0,1533.0,0,Weld,1,9.3,9.3,9.3,0.0,33.8,1838.0,1881.1,1890.4,9.4,43.1
2026-09-09 15:31:55,compound_scenario,SPT_SMPT,43,2547.24,55,0,1541.0,0,Weld,1,9.8,9.8,9.8,0.0,28.0,1845.7,1890.4,1900.2,9.8,44.7
2026-09-09 15:31:55,compound_scenario,SPT_SMPT,43,2547.24,56,0,1549.0,0,Weld,1,11.0,11.0,11.0,0.0,28.6,1853.4,1961.8,1972.8,11.0,108.4
2026-09-09 15:31:55,compound_scenario,SPT_SMPT,43,2547.24,57,0,1557.0,0,Weld,1,10.3,10.3,10.3,0.0,33.2,1867.8,1910.4,1920.7,10.3,42.6
2026-09-09 15:31:55,compound_scenario,SPT_SMPT,43,2547.24,58,0,1565.0,0,Weld,1,10.1,10.1,10.1,0.0,33.8,1882.4,1900.2,1910.4,10.1,17.8
2026-09-09 15:31:55,compound_scenario,SPT_SMPT,43,2547.24,59,0,1573.0,0,Weld,1,10.4,10.4,10.4,0.0,38.7,1897.7,1930.1,1940.5,10.4,32.4
2026-09-09 15:31:55,compound_scenario,SPT_SMPT,43,2547.24,60,0,1581.0,0,Weld,1,10.7,10.7,10.7,0.0,38.4,1905.4,1951.1,1961.8,10.7,45.8
2026-09-09 15:31:55,compound_scenario,SPT_SMPT,43,2547.24,61,0,1589.0,0,Weld,1,10.6,10.6,10.6,0.0,37.4,1920.7,1940.5,1951.1,10.6,19.8
2026-09-09 15:31:55,compound_scenario,SPT_SMPT,43,2547.24,62,0,1597.0,0,Weld,1,9.5,9.5,9.5,0.0,34.5,1913.0,1920.7,1930.1,9.5,7.7
2026-09-09 15:31:55,compound_scenario,SPT_SMPT,43,2547.24,63,0,2200.0,0,Mill,1,21.0,21.0,21.0,0.0,18.6,2231.4,2231.4,2252.4,21.0,0.0
2026-09-09 15:31:55,compound_scenario,SPT_SMPT,43,2547.24,63,0,2200.0,1,Lathe,1,29.5,29.5,29.5,0.0,27.2,2294.9,2294.9,2324.4,29.5,0.0
2026-09-09 15:31:55,compound_scenario,SPT_SMPT,43,2547.24,63,0,2200.0,2,Weld,1,28.0,28.0,28.0,0.0,30.1,2369.7,2369.7,2397.8,28.1,0.0
2026-09-09 15:31:55,compound_scenario,SPT_SMPT,43,2547.24,64,0,2260.0,0,Mill,1,26.3,26.3,26.3,0.0,16.8,2289.2,2289.2,2315.6,26.4,0.0
2026-09-09 15:31:55,compound_scenario,SPT_SMPT,43,2547.24,64,0,2260.0,1,Lathe,1,48.3,48.3,48.3,0.0,28.8,2357.4,2357.4,2405.8,48.3,0.0
2026-09-09 15:31:55,compound_scenario,SPT_SMPT,43,2547.24,64,0,2260.0,2,Weld,1,46.3,46.3,46.3,0.0,20.6,2442.1,2442.1,2488.4,46.3,0.0
2026-09-09 15:31:55,compound_scenario,SPT_SMPT,43,2547.24,65,0,2320.0,0,Mill,1,29.4,29.4,29.4,0.0,34.9,2370.3,2370.3,2399.8,29.5,0.0
2026-09-09 15:31:55,compound_scenario,SPT_SMPT,43,2547.24,65,0,2320.0,1,Lathe,1,39.7,39.7,39.7,0.0,4.7,2406.7,2406.7,2446.4,39.7,0.0
2026-09-09 15:31:55,compound_scenario,SPT_SMPT,43,2547.24,65,0,2320.0,2,Weld,1,31.9,31.9,31.9,0.0,13.0,2461.7,2461.7,2493.6,31.9,0.0
2026-09-09 15:33:04,compound_scenario,SPT_SMPT,44,2547.24,0,0,0.0,0,Mill,1,39.2,39.2,39.2,0.0,18.6,31.0,31.0,70.2,39.2,0.0
2026-09-09 15:33:04,compound_scenario,SPT_SMPT,44,2547.24,0,0,0.0,1,Lathe,1,20.8,20.8,20.8,0.0,20.7,105.8,105.8,126.6,20.8,0.0
2026-09-09 15:33:04,compound_scenario,SPT_SMPT,44,2547.24,0,0,0.0,2,Weld,1,28.3,28.3,28.3,0.0,21.5,162.5,162.5,190.8,28.3,0.0
2026-09-09 15:33:04,compound_scenario,SPT_SMPT,44,2547.24,1,0,60.0,0,Mill,1,26.7,26.7,26.7,0.0,16.8,93.0,93.0,119.7,26.7,0.0
2026-09-09 15:33:04,compound_scenario,SPT_SMPT,44,2547.24,1,0,60.0,1,Lathe,1,42.1,42.1,42.1,0.0,21.5,156.9,156.9,199.1,42.1,0.0
2026-09-09 15:33:04,compound_scenario,SPT_SMPT,44,2547.24,1,0,60.0,2,Weld,1,40.3,40.3,40.3,0.0,20.6,231.0,231.0,271.3,40.3,0.0
2026-09-09 15:33:04,compound_scenario,SPT_SMPT,44,2547.24,2,0,120.0,0,Mill,1,46.8,46.8,46.8,0.0,34.9,169.9,169.9,216.7,46.8,0.0
2026-09-09 15:33:04,compound_scenario,SPT_SMPT,44,2547.24,2,0,120.0,1,Lathe,1,22.6,22.6,22.6,0.0,4.7,223.6,223.6,246.3,22.6,0.0
2026-09-09 15:33:04,compound_scenario,SPT_SMPT,44,2547.24,2,0,120.0,2,Weld,1,32.7,32.7,32.7,0.0,13.0,262.4,262.4,295.1,32.7,0.0
2026-09-09 15:33:04,compound_scenario,SPT_SMPT,44,2547.24,3,0,250.0,0,Mill,3,20.0,20.0,20.0,0.0,18.6,280.9,280.9,301.0,20.0,0.0
2026-09-09 15:33:04,compound_scenario,SPT_SMPT,44,2547.24,3,0,250.0,1,Weld,1,12.4,12.4,12.4,0.0,28.3,337.8,337.8,350.2,12.4,0.0
2026-09-09 15:33:04,compound_scenario,SPT_SMPT,44,2547.24,4,0,250.0,0,Mill,3,20.0,20.0,20.0,0.0,24.8,297.5,301.0,321.0,20.0,3.5
2026-09-09 15:33:04,compound_scenario,SPT_SMPT,44,2547.24,4,0,250.0,1,Weld,1,27.5,27.5,27.5,0.0,28.9,352.3,352.3,379.8,27.5,0.0
2026-09-09 15:33:04,compound_scenario,SPT_SMPT,44,2547.24,5,0,250.0,0,Mill,3,20.0,20.0,20.0,0.0,31.3,321.9,341.1,361.1,20.0,19.2
2026-09-09 15:33:04,compound_scenario,SPT_SMPT,44,2547.24,5,0,250.0,1,Weld,1,50.4,50.4,50.4,0.0,17.0,380.4,380.4,430.8,50.5,0.0
2026-09-09 15:33:04,compound_scenario,SPT_SMPT,44,2547.24,6,0,250.0,0,Mill,3,20.0,20.0,20.0,0.0,37.0,337.8,361.1,381.1,20.0,23.3
2026-09-09 15:33:04,compound_scenario,SPT_SMPT,44,2547.24,6,0,250.0,1,Weld,1,12.1,12.1,12.1,0.0,26.0,436.5,456.8,468.9,12.1,20.2
2026-09-09 15:33:04,compound_scenario,SPT_SMPT,44,2547.24,7,0,250.0,0,Mill,3,20.0,20.0,20.0,0.0,34.4,345.0,381.1,401.2,20.0,36.1
2026-09-09 15:33:04,compound_scenario,SPT_SMPT,44,2547.24,7,0,250.0,1,Weld,1,25.9,25.9,25.9,0.0,25.5,428.9,430.8,456.8,25.9,1.9
2026-09-09 15:33:04,compound_scenario,SPT_SMPT,44,2547.24,8,0,250.0,0,Mill,3,20.0,20.0,20.0,0.0,20.4,288.1,321.0,341.0,20.0,32.9
2026-09-09 15:33:04,compound_scenario,SPT_SMPT,44,2547.24,8,0,250.0,1,Weld,1,62.0,62.0,62.0,0.0,26.8,413.6,468.9,530.9,62.0,55.3
2026-09-09 15:33:04,compound_scenario,SPT_SMPT,44,2547.24,9,0,250.0,0,Mill,3,20.0,20.0,20.0,0.0,28.2,307.9,401.2,421.2,20.0,93.2
2026-09-09 15:33:04,compound_scenario,SPT_SMPT,44,2547.24,9,0,250.0,1,Weld,1,53.6,53.6,53.6,0.0,40.3,489.9,558.6,612.2,53.6,68.7
2026-09-09 15:33:04,compound_scenario,SPT_SMPT,44,2547.24,10,0,250.0,0,Mill,3,20.0,20.0,20.0,0.0,34.7,330.6,421.2,441.2,20.0,90.6
2026-09-09 15:33:04,compound_scenario,SPT_SMPT,44,2547.24,10,0,250.0,1,Weld,1,27.6,27.6,27.6,0.0,29.1,497.4,530.9,558.6,27.7,33.5
2026-09-09 15:33:04,compound_scenario,SPT_SMPT,44,2547.24,20,0,650.0,0,Mill,3,20.0,20.0,20.0,0.0,18.6,681.4,681.4,701.4,20.0,0.0
2026-09-09 15:33:04,compound_scenario,SPT_SMPT,44,2547.24,20,0,650.0,1,Weld,2,19.2,19.2,19.2,0.0,38.3,748.8,748.8,768.0,19.2,0.0
2026-09-09 15:33:04,compound_scenario,SPT_SMPT,44,2547.24,19,0,650.0,0,Mill,3,20.0,20.0,20.0,0.0,18.6,689.3,701.4,721.5,20.0,12.2
2026-09-09 15:33:04,compound_scenario,SPT_SMPT,44,2547.24,19,0,650.0,1,Weld,2,30.2,30.2,30.2,0.0,37.9,763.4,768.0,798.2,30.2,4.7
2026-09-09 15:33:04,compound_scenario,SPT_SMPT,44,2547.24,18,0,650.0,0,Mill,3,20.0,20.0,20.0,0.0,18.6,698.7,721.5,741.5,20.0,22.8
2026-09-09 15:33:04,compound_scenario,SPT_SMPT,44,2547.24,18,0,650.0,1,Weld,2,58.1,58.1,58.1,0.0,32.3,850.3,1087.1,1145.2,58.1,236.8
2026-09-09 15:33:04,compound_scenario,SPT_SMPT,44,2547.24,17,0,650.0,0,Mill,3,20.0,20.0,20.0,0.0,37.8,739.7,741.5,761.5,20.0,1.8
2026-09-09 15:33:04,compound_scenario,SPT_SMPT,44,2547.24,17,0,650.0,1,Weld,2,22.0,22.0,22.0,0.0,28.9,839.9,859.1,881.1,22.0,19.1
2026-09-09 15:33:04,compound_scenario,SPT_SMPT,44,2547.24,16,0,650.0,0,Mill,3,20.0,20.0,20.0,0.0,42.0,754.1,761.6,781.6,20.0,7.5
2026-09-09 15:33:04,compound_scenario,SPT_SMPT,44,2547.24,16,0,650.0,1,Weld,2,30.3,30.3,30.3,0.0,44.9,828.7,828.7,859.1,30.3,0.0
2026-09-09 15:33:04,compound_scenario,SPT_SMPT,44,2547.24,14,0,650.0,0,Mill,3,20.0,20.0,20.0,0.0,43.5,765.3,781.6,801.6,20.0,16.3
2026-09-09 15:33:04,compound_scenario,SPT_SMPT,44,2547.24,14,0,650.0,1,Weld,2,51.3,51.3,51.3,0.0,30.4,834.3,881.1,932.4,51.3,46.8
2026-09-09 15:33:04,compound_scenario,SPT_SMPT,44,2547.24,13,0,650.0,0,Mill,3,20.0,20.0,20.0,0.0,27.7,719.2,801.6,821.7,20.0,82.4
2026-09-09 15:33:04,compound_scenario,SPT_SMPT,44,2547.24,13,0,650.0,1,Weld,2,15.3,15.3,15.3,0.0,33.8,884.4,932.4,947.7,15.3,48.0
2026-09-09 15:33:04,compound_scenario,SPT_SMPT,44,2547.24,12,0,650.0,0,Mill,3,20.0,20.0,20.0,0.0,22.2,709.0,821.7,841.7,20.0,112.6
2026-09-09 15:33:04,compound_scenario,SPT_SMPT,44,2547.24,12,0,650.0,1,Weld,2,51.4,51.4,51.4,0.0,22.4,894.9,1035.7,1087.1,51.4,140.7
2026-09-09 15:33:04,compound_scenario,SPT_SMPT,44,2547.24,11,0,650.0,0,Mill,3,20.0,20.0,20.0,0.0,35.5,732.5,841.7,861.7,20.0,109.2
2026-09-09 15:33:04,compound_scenario,SPT_SMPT,44,2547.24,11,0,650.0,1,Weld,2,41.5,41.5,41.5,0.0,21.9,901.5,947.7,989.2,41.5,46.2
2026-09-09 15:33:04,compound_scenario,SPT_SMPT,44,2547.24,15,0,650.0,0,Mill,3,20.0,20.0,20.0,0.0,39.6,746.9,861.8,881.8,20.0,114.9
2026-09-09 15:33:04,compound_scenario,SPT_SMPT,44,2547.24,15,0,650.0,1,Weld,2,46.4,46.4,46.4,0.0,24.7,924.2,989.2,1035.7,46.4,65.0
2026-09-09 15:33:04,compound_scenario,SPT_SMPT,44,2547.24,29,0,1050.0,0,Mill,3,20.0,20.0,20.0,0.0,18.6,1081.9,1081.9,1102.0,20.0,0.0
2026-09-09 15:33:04,compound_scenario,SPT_SMPT,44,2547.24,29,0,1050.0,1,Weld,1,39.8,39.8,39.8,0.0,22.1,1125.8,1125.8,1165.7,39.9,0.0
2026-09-09 15:33:04,compound_scenario,SPT_SMPT,44,2547.24,35,0,1050.0,0,Mill,3,20.0,20.0,20.0,0.0,19.9,1095.0,1102.0,1122.0,20.0,7.0
2026-09-09 15:33:04,compound_scenario,SPT_SMPT,44,2547.24,35,0,1050.0,1,Weld,1,17.1,17.1,17.1,0.0,30.4,1154.0,1165.7,1182.8,17.1,11.7
2026-09-09 15:33:04,compound_scenario,SPT_SMPT,44,2547.24,34,0,1050.0,0,Mill,3,20.0,20.0,20.0,0.0,19.6,1102.2,1122.0,1142.0,20.0,19.8
2026-09-09 15:33:04,compound_scenario,SPT_SMPT,44,2547.24,34,0,1050.0,1,Weld,1,46.7,46.7,46.7,0.0,32.2,1202.5,1202.5,1249.2,46.7,0.0
2026-09-09 15:33:04,compound_scenario,SPT_SMPT,44,2547.24,32,0,1050.0,0,Mill,3,20.0,20.0,20.0,0.0,29.0,1122.1,1142.1,1162.1,20.0,20.0
2026-09-09 15:33:04,compound_scenario,SPT_SMPT,44,2547.24,32,0,1050.0,1,Weld,1,53.8,53.8,53.8,0.0,32.2,1225.3,1827.3,1881.1,53.8,602.0
2026-09-09 15:33:04,compound_scenario,SPT_SMPT,44,2547.24,31,0,1050.0,0,Mill,3,20.0,20.0,20.0,0.0,32.6,1138.0,1162.1,1182.1,20.0,24.1
2026-09-09 15:33:04,compound_scenario,SPT_SMPT,44,2547.24,31,0,1050.0,1,Weld,1,42.8,42.8,42.8,0.0,33.5,1295.9,1494.5,1537.3,42.9,198.6
2026-09-09 15:33:04,compound_scenario,SPT_SMPT,44,2547.24,30,0,1050.0,0,Mill,3,20.0,20.0,20.0,0.0,35.5,1150.5,1182.1,1202.2,20.0,31.6
2026-09-09 15:33:04,compound_scenario,SPT_SMPT,44,2547.24,30,0,1050.0,1,Weld,1,52.3,52.3,52.3,0.0,33.0,1244.5,1249.2,1301.6,52.3,4.8
2026-09-09 15:33:04,compound_scenario,SPT_SMPT,44,2547.24,28,0,1050.0,0,Mill,3,20.0,20.0,20.0,0.0,24.3,1112.4,1202.2,1222.2,20.0,89.7
2026-09-09 15:33:04,compound_scenario,SPT_SMPT,44,2547.24,28,0,1050.0,1,Weld,1,32.0,32.0,32.0,0.0,37.4,1270.9,1301.6,1333.6,32.1,30.7
2026-09-09 15:33:04,compound_scenario,SPT_SMPT,44,2547.24,33,0,1050.0,0,Mill,3,20.0,20.0,20.0,0.0,30.5,1131.0,1222.2,1242.2,20.0,91.3
2026-09-09 15:33:04,compound_scenario,SPT_SMPT,44,2547.24,33,0,1050.0,1,Weld,1,41.0,41.0,41.0,0.0,35.6,1288.2,1372.8,1413.8,41.0,84.6
2026-09-09 15:33:04,compound_scenario,SPT_SMPT,44,2547.24,26,0,1050.0,0,Mill,3,20.0,20.0,20.0,0.0,37.3,1157.8,1242.3,1262.3,20.0,84.5
2026-09-09 15:33:04,compound_scenario,SPT_SMPT,44,2547.24,26,0,1050.0,1,Weld,1,39.1,39.1,39.1,0.0,30.9,1315.9,1333.6,1372.8,39.2,17.8
2026-09-09 15:33:04,compound_scenario,SPT_SMPT,44,2547.24,25,0,1050.0,0,Mill,3,20.0,20.0,20.0,0.0,42.8,1191.5,1262.3,1282.3,20.0,70.8
2026-09-09 15:33:04,compound_scenario,SPT_SMPT,44,2547.24,25,0,1050.0,1,Weld,1,47.8,47.8,47.8,0.0,36.4,1354.5,1604.6,1652.5,47.9,250.1
2026-09-09 15:33:04,compound_scenario,SPT_SMPT,44,2547.24,24,0,1050.0,0,Mill,3,20.0,20.0,20.0,0.0,40.9,1177.3,1282.3,1302.4,20.0,105.0
2026-09-09 15:33:04,compound_scenario,SPT_SMPT,44,2547.24,24,0,1050.0,1,Weld,1,51.3,51.3,51.3,0.0,30.4,1373.9,1661.9,1713.3,51.3,288.0
2026-09-09 15:33:04,compound_scenario,SPT_SMPT,44,2547.24,23,0,1050.0,0,Mill,3,20.0,20.0,20.0,0.0,40.9,1184.4,1302.4,1322.4,20.0,118.0
2026-09-09 15:33:04,compound_scenario,SPT_SMPT,44,2547.24,23,0,1050.0,1,Weld,1,42.2,42.2,42.2,0.0,38.5,1389.1,1413.8,1456.0,42.2,24.7
2026-09-09 15:33:04,compound_scenario,SPT_SMPT,44,2547.24,27,0,1050.0,0,Mill,3,20.0,20.0,20.0,0.0,41.2,1204.4,1322.4,1342.4,20.0,118.0
2026-09-09 15:33:04,compound_scenario,SPT_SMPT,44,2547.24,27,0,1050.0,1,Weld,1,58.8,58.8,58.8,0.0,34.0,1401.6,1972.8,2031.7,58.8,571.2
2026-09-09 15:33:04,compound_scenario,SPT_SMPT,44,2547.24,22,0,1050.0,0,Mill,3,20.0,20.0,20.0,0.0,35.2,1245.0,1342.5,1362.5,20.0,97.4
2026-09-09 15:33:04,compound_scenario,SPT_SMPT,44,2547.24,22,0,1050.0,1,Weld,1,53.1,53.1,53.1,0.0,37.2,1441.0,1774.1,1827.3,53.2,333.1
2026-09-09 15:33:04,compound_scenario,SPT_SMPT,44,2547.24,21,0,1050.0,0,Mill,3,20.0,20.0,20.0,0.0,37.0,1292.2,1362.5,1382.5,20.0,70.3
2026-09-09 15:33:04,compound_scenario,SPT_SMPT,44,2547.24,21,0,1050.0,1,Weld,1,19.4,19.4,19.4,0.0,39.5,1456.1,1465.5,1484.9,19.4,9.3
2026-09-09 15:33:04,compound_scenario,SPT_SMPT,44,2547.24,37,0,1400.0,0,Weld,1,150.0,150.0,150.0,0.0,31.2,1433.3,2031.7,2181.7,150.0,598.4
2026-09-09 15:33:04,compound_scenario,SPT_SMPT,44,2547.24,36,0,1400.0,0,Weld,1,150.0,150.0,150.0,0.0,39.0,1465.2,2181.7,2331.7,150.0,716.5
2026-09-09 15:33:04,compound_scenario,SPT_SMPT,44,2547.24,38,0,1405.0,0,Weld,1,9.5,9.5,9.5,0.0,33.8,1448.6,1456.0,1465.5,9.5,7.4
2026-09-09 15:33:04,compound_scenario,SPT_SMPT,44,2547.24,39,0,1413.0,0,Weld,1,9.6,9.6,9.6,0.0,35.8,1479.8,1484.9,1494.5,9.6,5.0
2026-09-09 15:33:04,compound_scenario,SPT_SMPT,44,2547.24,40,0,1421.0,0,Weld,1,9.2,9.2,9.2,0.0,41.3,1495.1,1537.3,1546.5,9.2,42.2
2026-09-09 15:33:04,compound_scenario,SPT_SMPT,44,2547.24,41,0,1429.0,0,Weld,1,9.5,9.5,9.5,0.0,42.6,1504.3,1555.7,1565.2,9.5,51.5
2026-09-09 15:33:04,compound_scenario,SPT_SMPT,44,2547.24,42,0,1437.0,0,Weld,1,9.2,9.2,9.2,0.0,41.0,1520.3,1546.5,1555.7,9.2,26.2
2026-09-09 15:33:04,compound_scenario,SPT_SMPT,44,2547.24,43,0,1445.0,0,Weld,1,9.6,9.6,9.6,0.0,37.4,1527.9,1565.2,1574.8,9.6,37.3
2026-09-09 15:33:04,compound_scenario,SPT_SMPT,44,2547.24,44,0,1453.0,0,Weld,1,10.3,10.3,10.3,0.0,35.3,1571.3,1594.3,1604.6,10.3,23.0
2026-09-09 15:33:04,compound_scenario,SPT_SMPT,44,2547.24,45,0,1461.0,0,Weld,1,9.7,9.7,9.7,0.0,32.7,1563.7,1574.8,1584.6,9.8,11.1
2026-09-09 15:33:04,compound_scenario,SPT_SMPT,44,2547.24,46,0,1469.0,0,Weld,1,9.7,9.7,9.7,0.0,39.0,1580.4,1584.6,1594.3,9.8,4.2
2026-09-09 15:33:04,compound_scenario,SPT_SMPT,44,2547.24,47,0,1477.0,0,Weld,1,9.4,9.4,9.4,0.0,35.3,1611.8,1652.5,1661.9,9.4,40.7
2026-09-09 15:33:04,compound_scenario,SPT_SMPT,44,2547.24,48,0,1485.0,0,Weld,1,9.5,9.5,9.5,0.0,27.3,1685.4,1713.3,1722.8,9.6,27.9
2026-09-09 15:33:04,compound_scenario,SPT_SMPT,44,2547.24,49,0,1493.0,0,Weld,1,10.9,10.9,10.9,0.0,32.2,1699.8,1722.8,1733.7,10.9,23.0
2026-09-09 15:33:04,compound_scenario,SPT_SMPT,44,2547.24,50,0,1501.0,0,Weld,1,10.3,10.3,10.3,0.0,34.8,1729.7,1733.7,1744.0,10.3,4.1
2026-09-09 15:33:04,compound_scenario,SPT_SMPT,44,2547.24,51,0,1509.0,0,Weld,1,10.2,10.2,10.2,0.0,38.7,1738.9,1744.0,1754.3,10.2,5.1
2026-09-09 15:33:04,compound_scenario,SPT_SMPT,44,2547.24,52,0,1517.0,0,Weld,1,9.3,9.3,9.3,0.0,42.1,1757.4,1764.8,1774.1,9.4,7.4
2026-09-09 15:33:04,compound_scenario,SPT_SMPT,44,2547.24,53,0,1525.0,0,Weld,1,10.5,10.5,10.5,0.0,37.7,1748.1,1754.3,1764.8,10.5,6.1
2026-09-09 15:33:04,compound_scenario,SPT_SMPT,44,2547.24,54,0,1533.0,0,Weld,1,9.3,9.3,9.3,0.0,33.8,1838.0,1881.1,1890.4,9.4,43.1
2026-09-09 15:33:04,compound_scenario,SPT_SMPT,44,2547.24,55,0,1541.0,0,Weld,1,9.8,9.8,9.8,0.0,28.0,1845.7,1890.4,1900.2,9.8,44.7
2026-09-09 15:33:04,compound_scenario,SPT_SMPT,44,2547.24,56,0,1549.0,0,Weld,1,11.0,11.0,11.0,0.0,28.6,1853.4,1961.8,1972.8,11.0,108.4
2026-09-09 15:33:04,compound_scenario,SPT_SMPT,44,2547.24,57,0,1557.0,0,Weld,1,10.3,10.3,10.3,0.0,33.2,1867.8,1910.4,1920.7,10.3,42.6
2026-09-09 15:33:04,compound_scenario,SPT_SMPT,44,2547.24,58,0,1565.0,0,Weld,1,10.1,10.1,10.1,0.0,33.8,1882.4,1900.2,1910.4,10.1,17.8
2026-09-09 15:33:04,compound_scenario,SPT_SMPT,44,2547.24,59,0,1573.0,0,Weld,1,10.4,10.4,10.4,0.0,38.7,1897.7,1930.1,1940.5,10.4,32.4
2026-09-09 15:33:04,compound_scenario,SPT_SMPT,44,2547.24,60,0,1581.0,0,Weld,1,10.7,10.7,10.7,0.0,38.4,1905.4,1951.1,1961.8,10.7,45.8
2026-09-09 15:33:04,compound_scenario,SPT_SMPT,44,2547.24,61,0,1589.0,0,Weld,1,10.6,10.6,10.6,0.0,37.4,1920.7,1940.5,1951.1,10.6,19.8
2026-09-09 15:33:04,compound_scenario,SPT_SMPT,44,2547.24,62,0,1597.0,0,Weld,1,9.5,9.5,9.5,0.0,34.5,1913.0,1920.7,1930.1,9.5,7.7
2026-09-09 15:33:04,compound_scenario,SPT_SMPT,44,2547.24,63,0,2200.0,0,Mill,1,21.0,21.0,21.0,0.0,18.6,2231.4,2231.4,2252.4,21.0,0.0
2026-09-09 15:33:04,compound_scenario,SPT_SMPT,44,2547.24,63,0,2200.0,1,Lathe,1,29.5,29.5,29.5,0.0,27.2,2294.9,2294.9,2324.4,29.5,0.0
2026-09-09 15:33:04,compound_scenario,SPT_SMPT,44,2547.24,63,0,2200.0,2,Weld,1,28.0,28.0,28.0,0.0,30.1,2369.7,2369.7,2397.8,28.1,0.0
2026-09-09 15:33:04,compound_scenario,SPT_SMPT,44,2547.24,64,0,2260.0,0,Mill,1,26.3,26.3,26.3,0.0,16.8,2289.2,2289.2,2315.6,26.4,0.0
2026-09-09 15:33:04,compound_scenario,SPT_SMPT,44,2547.24,64,0,2260.0,1,Lathe,1,48.3,48.3,48.3,0.0,28.8,2357.4,2357.4,2405.8,48.3,0.0
2026-09-09 15:33:04,compound_scenario,SPT_SMPT,44,2547.24,64,0,2260.0,2,Weld,1,46.3,46.3,46.3,0.0,20.6,2442.1,2442.1,2488.4,46.3,0.0
2026-09-09 15:33:04,compound_scenario,SPT_SMPT,44,2547.24,65,0,2320.0,0,Mill,1,29.4,29.4,29.4,0.0,34.9,2370.3,2370.3,2399.8,29.5,0.0
2026-09-09 15:33:04,compound_scenario,SPT_SMPT,44,2547.24,65,0,2320.0,1,Lathe,1,39.7,39.7,39.7,0.0,4.7,2406.7,2406.7,2446.4,39.7,0.0
2026-09-09 15:33:04,compound_scenario,SPT_SMPT,44,2547.24,65,0,2320.0,2,Weld,1,31.9,31.9,31.9,0.0,13.0,2461.7,2461.7,2493.6,31.9,0.0
2026-09-09 15:33:43,convoy_waves,SPT_SMPT,42,1530.46,0,0,0.0,0,Mill,3,20.0,20.0,20.0,0.0,18.6,31.0,31.0,51.0,20.0,0.0
2026-09-09 15:33:43,convoy_waves,SPT_SMPT,42,1530.46,0,0,0.0,1,Weld,1,43.8,43.8,43.8,0.0,24.9,103.3,103.3,147.1,43.8,0.0
2026-09-09 15:33:43,convoy_waves,SPT_SMPT,42,1530.46,1,0,0.0,0,Mill,3,20.0,20.0,20.0,0.0,23.8,43.5,51.0,71.0,20.0,7.5
2026-09-09 15:33:43,convoy_waves,SPT_SMPT,42,1530.46,1,0,0.0,1,Weld,1,16.1,16.1,16.1,0.0,18.7,115.6,147.1,163.3,16.2,31.5
2026-09-09 15:33:43,convoy_waves,SPT_SMPT,42,1530.46,2,0,0.0,0,Mill,3,20.0,20.0,20.0,0.0,25.6,53.2,71.0,91.1,20.0,17.8
2026-09-09 15:33:43,convoy_waves,SPT_SMPT,42,1530.46,2,0,0.0,1,Weld,1,27.4,27.4,27.4,0.0,18.7,135.0,188.4,215.8,27.4,53.3
2026-09-09 15:33:43,convoy_waves,SPT_SMPT,42,1530.46,3,0,0.0,0,Mill,3,20.0,20.0,20.0,0.0,25.1,61.4,91.1,111.1,20.0,29.7
2026-09-09 15:33:43,convoy_waves,SPT_SMPT,42,1530.46,3,0,0.0,1,Weld,1,25.0,25.0,25.0,0.0,26.0,154.5,163.3,188.4,25.1,8.8
2026-09-09 15:33:43,convoy_waves,SPT_SMPT,42,1530.46,4,0,0.0,0,Mill,3,20.0,20.0,20.0,0.0,22.5,68.5,111.1,131.1,20.0,42.7
2026-09-09 15:33:43,convoy_waves,SPT_SMPT,42,1530.46,4,0,0.0,1,Weld,1,48.1,48.1,48.1,0.0,17.1,172.2,215.8,263.9,48.2,43.6
2026-09-09 15:33:43,convoy_waves,SPT_SMPT,42,1530.46,5,0,400.0,0,Mill,3,20.0,20.0,20.0,0.0,18.6,431.0,431.0,451.0,20.0,0.0
2026-09-09 15:33:43,convoy_waves,SPT_SMPT,42,1530.46,5,0,400.0,1,Weld,1,45.5,45.5,45.5,0.0,22.9,506.6,506.6,552.1,45.5,0.0
2026-09-09 15:33:43,convoy_waves,SPT_SMPT,42,1530.46,6,0,400.0,0,Mill,3,20.0,20.0,20.0,0.0,18.6,438.2,451.0,471.0,20.0,12.8
2026-09-09 15:33:43,convoy_waves,SPT_SMPT,42,1530.46,6,0,400.0,1,Weld,1,55.2,55.2,55.2,0.0,18.7,514.2,621.4,676.6,55.2,107.2
2026-09-09 15:33:43,convoy_waves,SPT_SMPT,42,1530.46,7,0,400.0,0,Mill,3,20.0,20.0,20.0,0.0,20.1,447.6,471.0,491.1,20.0,23.4
2026-09-09 15:33:43,convoy_waves,SPT_SMPT,42,1530.46,7,0,400.0,1,Weld,1,18.9,18.9,18.9,0.0,19.5,526.7,552.1,571.0,18.9,25.4
2026-09-09 15:33:43,convoy_waves,SPT_SMPT,42,1530.46,8,0,400.0,0,Mill,3,20.0,20.0,20.0,0.0,19.9,460.4,491.1,511.1,20.0,30.7
2026-09-09 15:33:43,convoy_waves,SPT_SMPT,42,1530.46,8,0,400.0,1,Weld,1,34.0,34.0,34.0,0.0,25.5,552.7,587.4,621.4,34.0,34.7
2026-09-09 15:33:43,convoy_waves,SPT_SMPT,42,1530.46,9,0,400.0,0,Mill,3,20.0,20.0,20.0,0.0,22.0,472.0,511.1,531.1,20.0,39.1
2026-09-09 15:33:43,convoy_waves,SPT_SMPT,42,1530.46,9,0,400.0,1,Weld,1,16.3,16.3,16.3,0.0,17.1,570.4,571.0,587.4,16.4,0.7
2026-09-09 15:33:43,convoy_waves,SPT_SMPT,42,1530.46,10,0,800.0,0,Mill,3,20.0,20.0,20.0,0.0,18.6,831.0,831.0,851.0,20.0,0.0
2026-09-09 15:33:43,convoy_waves,SPT_SMPT,42,1530.46,10,0,800.0,1,Weld,1,24.8,24.8,24.8,0.0,22.9,906.6,906.6,931.5,24.9,0.0
2026-09-09 15:33:43,convoy_waves,SPT_SMPT,42,1530.46,11,0,800.0,0,Mill,3,20.0,20.0,20.0,0.0,18.6,838.2,851.0,871.0,20.0,12.8
2026-09-09 15:33:43,convoy_waves,SPT_SMPT,42,1530.46,11,0,800.0,1,Weld,1,37.7,37.7,37.7,0.0,18.7,914.2,947.7,985.5,37.8,33.5
2026-09-09 15:33:43,convoy_waves,SPT_SMPT,42,1530.46,12,0,800.0,0,Mill,3,20.0,20.0,20.0,0.0,20.1,847.6,871.0,891.1,20.0,23.4
2026-09-09 15:33:43,convoy_waves,SPT_SMPT,42,1530.46,12,0,800.0,1,Weld,1,16.2,16.2,16.2,0.0,19.5,926.7,931.5,947.7,16.2,4.8
2026-09-09 15:33:43,convoy_waves,SPT_SMPT,42,1530.46,13,0,800.0,0,Mill,3,20.0,20.0,20.0,0.0,19.9,860.4,891.1,911.1,20.0,30.7
2026-09-09 15:33:43,convoy_waves,SPT_SMPT,42,1530.46,13,0,800.0,1,Weld,1,24.0,24.0,24.0,0.0,25.5,952.7,985.5,1009.4,24.0,32.8
2026-09-09 15:33:43,convoy_waves,SPT_SMPT,42,1530.46,14,0,800.0,0,Mill,3,20.0,20.0,20.0,0.0,22.0,872.0,911.1,931.1,20.0,39.1
2026-09-09 15:33:43,convoy_waves,SPT_SMPT,42,1530.46,14,0,800.0,1,Weld,1,44.2,44.2,44.2,0.0,21.6,974.8,1009.4,1053.7,44.3,34.6
2026-09-09 15:33:43,convoy_waves,SPT_SMPT,42,1530.46,15,0,1200.0,0,Mill,3,20.0,20.0,20.0,0.0,18.6,1231.0,1231.0,1251.0,20.0,0.0
2026-09-09 15:33:43,convoy_waves,SPT_SMPT,42,1530.46,15,0,1200.0,1,Weld,1,39.5,39.5,39.5,0.0,22.9,1306.6,1306.6,1346.2,39.5,0.0
2026-09-09 15:33:43,convoy_waves,SPT_SMPT,42,1530.46,16,0,1200.0,0,Mill,3,20.0,20.0,20.0,0.0,18.6,1238.2,1251.0,1271.0,20.0,12.8
2026-09-09 15:33:43,convoy_waves,SPT_SMPT,42,1530.46,16,0,1200.0,1,Weld,1,24.9,24.9,24.9,0.0,18.7,1314.2,1346.2,1371.1,24.9,31.9
2026-09-09 15:33:43,convoy_waves,SPT_SMPT,42,1530.46,17,0,1200.0,0,Mill,3,20.0,20.0,20.0,0.0,20.2,1247.6,1271.0,1291.1,20.0,23.4
2026-09-09 15:33:43,convoy_waves,SPT_SMPT,42,1530.46,17,0,1200.0,1,Weld,1,41.5,41.5,41.5,0.0,19.5,1326.7,1386.4,1428.0,41.5,59.7
2026-09-09 15:33:43,convoy_waves,SPT_SMPT,42,1530.46,18,0,1200.0,0,Mill,3,20.0,20.0,20.0,0.0,19.9,1260.4,1291.1,1311.1,20.0,30.7
2026-09-09 15:33:43,convoy_waves,SPT_SMPT,42,1530.46,18,0,1200.0,1,Weld,1,51.4,51.4,51.4,0.0,25.5,1352.7,1428.0,1479.4,51.4,75.3
2026-09-09 15:33:43,convoy_waves,SPT_SMPT,42,1530.46,19,0,1200.0,0,Mill,3,20.0,20.0,20.0,0.0,22.0,1272.0,1311.1,1331.1,20.0,39.1
2026-09-09 15:33:43,convoy_waves,SPT_SMPT,42,1530.46,19,0,1200.0,1,Weld,1,15.3,15.3,15.3,0.0,17.1,1370.4,1371.1,1386.4,15.3,0.7
2026-09-09 15:34:22,convoy_waves,SPT_SMPT,43,1530.46,0,0,0.0,0,Mill,3,20.0,20.0,20.0,0.0,18.6,31.0,31.0,51.0,20.0,0.0
2026-09-09 15:34:22,convoy_waves,SPT_SMPT,43,1530.46,0,0,0.0,1,Weld,1,43.8,43.8,43.8,0.0,24.9,103.3,103.3,147.1,43.8,0.0
2026-09-09 15:34:22,convoy_waves,SPT_SMPT,43,1530.46,1,0,0.0,0,Mill,3,20.0,20.0,20.0,0.0,23.8,43.5,51.0,71.0,20.0,7.5
2026-09-09 15:34:22,convoy_waves,SPT_SMPT,43,1530.46,1,0,0.0,1,Weld,1,16.1,16.1,16.1,0.0,18.7,115.6,147.1,163.3,16.2,31.5
2026-09-09 15:34:22,convoy_waves,SPT_SMPT,43,1530.46,2,0,0.0,0,Mill,3,20.0,20.0,20.0,0.0,25.6,53.2,71.0,91.1,20.0,17.8
2026-09-09 15:34:22,convoy_waves,SPT_SMPT,43,1530.46,2,0,0.0,1,Weld,1,27.4,27.4,27.4,0.0,18.7,135.0,188.4,215.8,27.4,53.3
2026-09-09 15:34:22,convoy_waves,SPT_SMPT,43,1530.46,3,0,0.0,0,Mill,3,20.0,20.0,20.0,0.0,25.1,61.4,91.1,111.1,20.0,29.7
2026-09-09 15:34:22,convoy_waves,SPT_SMPT,43,1530.46,3,0,0.0,1,Weld,1,25.0,25.0,25.0,0.0,26.0,154.5,163.3,188.4,25.1,8.8
2026-09-09 15:34:22,convoy_waves,SPT_SMPT,43,1530.46,4,0,0.0,0,Mill,3,20.0,20.0,20.0,0.0,22.5,68.5,111.1,131.1,20.0,42.7
2026-09-09 15:34:22,convoy_waves,SPT_SMPT,43,1530.46,4,0,0.0,1,Weld,1,48.1,48.1,48.1,0.0,17.1,172.2,215.8,263.9,48.2,43.6
2026-09-09 15:34:22,convoy_waves,SPT_SMPT,43,1530.46,5,0,400.0,0,Mill,3,20.0,20.0,20.0,0.0,18.6,431.0,431.0,451.0,20.0,0.0
2026-09-09 15:34:22,convoy_waves,SPT_SMPT,43,1530.46,5,0,400.0,1,Weld,1,45.5,45.5,45.5,0.0,22.9,506.6,506.6,552.1,45.5,0.0
2026-09-09 15:34:22,convoy_waves,SPT_SMPT,43,1530.46,6,0,400.0,0,Mill,3,20.0,20.0,20.0,0.0,18.6,438.2,451.0,471.0,20.0,12.8
2026-09-09 15:34:22,convoy_waves,SPT_SMPT,43,1530.46,6,0,400.0,1,Weld,1,55.2,55.2,55.2,0.0,18.7,514.2,621.4,676.6,55.2,107.2
2026-09-09 15:34:22,convoy_waves,SPT_SMPT,43,1530.46,7,0,400.0,0,Mill,3,20.0,20.0,20.0,0.0,20.1,447.6,471.0,491.1,20.0,23.4
2026-09-09 15:34:22,convoy_waves,SPT_SMPT,43,1530.46,7,0,400.0,1,Weld,1,18.9,18.9,18.9,0.0,19.5,526.7,552.1,571.0,18.9,25.4
2026-09-09 15:34:22,convoy_waves,SPT_SMPT,43,1530.46,8,0,400.0,0,Mill,3,20.0,20.0,20.0,0.0,19.9,460.4,491.1,511.1,20.0,30.7
2026-09-09 15:34:22,convoy_waves,SPT_SMPT,43,1530.46,8,0,400.0,1,Weld,1,34.0,34.0,34.0,0.0,25.5,552.7,587.4,621.4,34.0,34.7
2026-09-09 15:34:22,convoy_waves,SPT_SMPT,43,1530.46,9,0,400.0,0,Mill,3,20.0,20.0,20.0,0.0,22.0,472.0,511.1,531.1,20.0,39.1
2026-09-09 15:34:22,convoy_waves,SPT_SMPT,43,1530.46,9,0,400.0,1,Weld,1,16.3,16.3,16.3,0.0,17.1,570.4,571.0,587.4,16.4,0.7
2026-09-09 15:34:22,convoy_waves,SPT_SMPT,43,1530.46,10,0,800.0,0,Mill,3,20.0,20.0,20.0,0.0,18.6,831.0,831.0,851.0,20.0,0.0
2026-09-09 15:34:22,convoy_waves,SPT_SMPT,43,1530.46,10,0,800.0,1,Weld,1,24.8,24.8,24.8,0.0,22.9,906.6,906.6,931.5,24.9,0.0
2026-09-09 15:34:22,convoy_waves,SPT_SMPT,43,1530.46,11,0,800.0,0,Mill,3,20.0,20.0,20.0,0.0,18.6,838.2,851.0,871.0,20.0,12.8
2026-09-09 15:34:22,convoy_waves,SPT_SMPT,43,1530.46,11,0,800.0,1,Weld,1,37.7,37.7,37.7,0.0,18.7,914.2,947.7,985.5,37.8,33.5
2026-09-09 15:34:22,convoy_waves,SPT_SMPT,43,1530.46,12,0,800.0,0,Mill,3,20.0,20.0,20.0,0.0,20.1,847.6,871.0,891.1,20.0,23.4
2026-09-09 15:34:22,convoy_waves,SPT_SMPT,43,1530.46,12,0,800.0,1,Weld,1,16.2,16.2,16.2,0.0,19.5,926.7,931.5,947.7,16.2,4.8
2026-09-09 15:34:22,convoy_waves,SPT_SMPT,43,1530.46,13,0,800.0,0,Mill,3,20.0,20.0,20.0,0.0,19.9,860.4,891.1,911.1,20.0,30.7
2026-09-09 15:34:22,convoy_waves,SPT_SMPT,43,1530.46,13,0,800.0,1,Weld,1,24.0,24.0,24.0,0.0,25.5,952.7,985.5,1009.4,24.0,32.8
2026-09-09 15:34:22,convoy_waves,SPT_SMPT,43,1530.46,14,0,800.0,0,Mill,3,20.0,20.0,20.0,0.0,22.0,872.0,911.1,931.1,20.0,39.1
2026-09-09 15:34:22,convoy_waves,SPT_SMPT,43,1530.46,14,0,800.0,1,Weld,1,44.2,44.2,44.2,0.0,21.6,974.8,1009.4,1053.7,44.3,34.6
2026-09-09 15:34:22,convoy_waves,SPT_SMPT,43,1530.46,15,0,1200.0,0,Mill,3,20.0,20.0,20.0,0.0,18.6,1231.0,1231.0,1251.0,20.0,0.0
2026-09-09 15:34:22,convoy_waves,SPT_SMPT,43,1530.46,15,0,1200.0,1,Weld,1,39.5,39.5,39.5,0.0,22.9,1306.6,1306.6,1346.2,39.5,0.0
2026-09-09 15:34:22,convoy_waves,SPT_SMPT,43,1530.46,16,0,1200.0,0,Mill,3,20.0,20.0,20.0,0.0,18.6,1238.2,1251.0,1271.0,20.0,12.8
2026-09-09 15:34:22,convoy_waves,SPT_SMPT,43,1530.46,16,0,1200.0,1,Weld,1,24.9,24.9,24.9,0.0,18.7,1314.2,1346.2,1371.1,24.9,31.9
2026-09-09 15:34:22,convoy_waves,SPT_SMPT,43,1530.46,17,0,1200.0,0,Mill,3,20.0,20.0,20.0,0.0,20.2,1247.6,1271.0,1291.1,20.0,23.4
2026-09-09 15:34:22,convoy_waves,SPT_SMPT,43,1530.46,17,0,1200.0,1,Weld,1,41.5,41.5,41.5,0.0,19.5,1326.7,1386.4,1428.0,41.5,59.7
2026-09-09 15:34:22,convoy_waves,SPT_SMPT,43,1530.46,18,0,1200.0,0,Mill,3,20.0,20.0,20.0,0.0,19.9,1260.4,1291.1,1311.1,20.0,30.7
2026-09-09 15:34:22,convoy_waves,SPT_SMPT,43,1530.46,18,0,1200.0,1,Weld,1,51.4,51.4,51.4,0.0,25.5,1352.7,1428.0,1479.4,51.4,75.3
2026-09-09 15:34:22,convoy_waves,SPT_SMPT,43,1530.46,19,0,1200.0,0,Mill,3,20.0,20.0,20.0,0.0,22.0,1272.0,1311.1,1331.1,20.0,39.1
2026-09-09 15:34:22,convoy_waves,SPT_SMPT,43,1530.46,19,0,1200.0,1,Weld,1,15.3,15.3,15.3,0.0,17.1,1370.4,1371.1,1386.4,15.3,0.7
2026-09-09 15:35:01,convoy_waves,SPT_SMPT,44,1530.46,0,0,0.0,0,Mill,3,20.0,20.0,20.0,0.0,18.6,31.0,31.0,51.0,20.0,0.0
2026-09-09 15:35:01,convoy_waves,SPT_SMPT,44,1530.46,0,0,0.0,1,Weld,1,43.8,43.8,43.8,0.0,24.9,103.3,103.3,147.1,43.8,0.0
2026-09-09 15:35:01,convoy_waves,SPT_SMPT,44,1530.46,1,0,0.0,0,Mill,3,20.0,20.0,20.0,0.0,23.8,43.5,51.0,71.0,20.0,7.5
2026-09-09 15:35:01,convoy_waves,SPT_SMPT,44,1530.46,1,0,0.0,1,Weld,1,16.1,16.1,16.1,0.0,18.7,115.6,147.1,163.3,16.2,31.5
2026-09-09 15:35:01,convoy_waves,SPT_SMPT,44,1530.46,2,0,0.0,0,Mill,3,20.0,20.0,20.0,0.0,25.6,53.2,71.0,91.1,20.0,17.8
2026-09-09 15:35:01,convoy_waves,SPT_SMPT,44,1530.46,2,0,0.0,1,Weld,1,27.4,27.4,27.4,0.0,18.7,135.0,188.4,215.8,27.4,53.3
2026-09-09 15:35:01,convoy_waves,SPT_SMPT,44,1530.46,3,0,0.0,0,Mill,3,20.0,20.0,20.0,0.0,25.1,61.4,91.1,111.1,20.0,29.7
2026-09-09 15:35:01,convoy_waves,SPT_SMPT,44,1530.46,3,0,0.0,1,Weld,1,25.0,25.0,25.0,0.0,26.0,154.5,163.3,188.4,25.1,8.8
2026-09-09 15:35:01,convoy_waves,SPT_SMPT,44,1530.46,4,0,0.0,0,Mill,3,20.0,20.0,20.0,0.0,22.5,68.5,111.1,131.1,20.0,42.7
2026-09-09 15:35:01,convoy_waves,SPT_SMPT,44,1530.46,4,0,0.0,1,Weld,1,48.1,48.1,48.1,0.0,17.1,172.2,215.8,263.9,48.2,43.6
2026-09-09 15:35:01,convoy_waves,SPT_SMPT,44,1530.46,5,0,400.0,0,Mill,3,20.0,20.0,20.0,0.0,18.6,431.0,431.0,451.0,20.0,0.0
2026-09-09 15:35:01,convoy_waves,SPT_SMPT,44,1530.46,5,0,400.0,1,Weld,1,45.5,45.5,45.5,0.0,22.9,506.6,506.6,552.1,45.5,0.0
2026-09-09 15:35:01,convoy_waves,SPT_SMPT,44,1530.46,6,0,400.0,0,Mill,3,20.0,20.0,20.0,0.0,18.6,438.2,451.0,471.0,20.0,12.8
2026-09-09 15:35:01,convoy_waves,SPT_SMPT,44,1530.46,6,0,400.0,1,Weld,1,55.2,55.2,55.2,0.0,18.7,514.2,621.4,676.6,55.2,107.2
2026-09-09 15:35:01,convoy_waves,SPT_SMPT,44,1530.46,7,0,400.0,0,Mill,3,20.0,20.0,20.0,0.0,20.1,447.6,471.0,491.1,20.0,23.4
2026-09-09 15:35:01,convoy_waves,SPT_SMPT,44,1530.46,7,0,400.0,1,Weld,1,18.9,18.9,18.9,0.0,19.5,526.7,552.1,571.0,18.9,25.4
2026-09-09 15:35:01,convoy_waves,SPT_SMPT,44,1530.46,8,0,400.0,0,Mill,3,20.0,20.0,20.0,0.0,19.9,460.4,491.1,511.1,20.0,30.7
2026-09-09 15:35:01,convoy_waves,SPT_SMPT,44,1530.46,8,0,400.0,1,Weld,1,34.0,34.0,34.0,0.0,25.5,552.7,587.4,621.4,34.0,34.7
2026-09-09 15:35:01,convoy_waves,SPT_SMPT,44,1530.46,9,0,400.0,0,Mill,3,20.0,20.0,20.0,0.0,22.0,472.0,511.1,531.1,20.0,39.1
2026-09-09 15:35:01,convoy_waves,SPT_SMPT,44,1530.46,9,0,400.0,1,Weld,1,16.3,16.3,16.3,0.0,17.1,570.4,571.0,587.4,16.4,0.7
2026-09-09 15:35:01,convoy_waves,SPT_SMPT,44,1530.46,10,0,800.0,0,Mill,3,20.0,20.0,20.0,0.0,18.6,831.0,831.0,851.0,20.0,0.0
2026-09-09 15:35:01,convoy_waves,SPT_SMPT,44,1530.46,10,0,800.0,1,Weld,1,24.8,24.8,24.8,0.0,22.9,906.6,906.6,931.5,24.9,0.0
2026-09-09 15:35:01,convoy_waves,SPT_SMPT,44,1530.46,11,0,800.0,0,Mill,3,20.0,20.0,20.0,0.0,18.6,838.2,851.0,871.0,20.0,12.8
2026-09-09 15:35:01,convoy_waves,SPT_SMPT,44,1530.46,11,0,800.0,1,Weld,1,37.7,37.7,37.7,0.0,18.7,914.2,947.7,985.5,37.8,33.5
2026-09-09 15:35:01,convoy_waves,SPT_SMPT,44,1530.46,12,0,800.0,0,Mill,3,20.0,20.0,20.0,0.0,20.1,847.6,871.0,891.1,20.0,23.4
2026-09-09 15:35:01,convoy_waves,SPT_SMPT,44,1530.46,12,0,800.0,1,Weld,1,16.2,16.2,16.2,0.0,19.5,926.7,931.5,947.7,16.2,4.8
2026-09-09 15:35:01,convoy_waves,SPT_SMPT,44,1530.46,13,0,800.0,0,Mill,3,20.0,20.0,20.0,0.0,19.9,860.4,891.1,911.1,20.0,30.7
2026-09-09 15:35:01,convoy_waves,SPT_SMPT,44,1530.46,13,0,800.0,1,Weld,1,24.0,24.0,24.0,0.0,25.5,952.7,985.5,1009.4,24.0,32.8
2026-09-09 15:35:01,convoy_waves,SPT_SMPT,44,1530.46,14,0,800.0,0,Mill,3,20.0,20.0,20.0,0.0,22.0,872.0,911.1,931.1,20.0,39.1
2026-09-09 15:35:01,convoy_waves,SPT_SMPT,44,1530.46,14,0,800.0,1,Weld,1,44.2,44.2,44.2,0.0,21.6,974.8,1009.4,1053.7,44.3,34.6
2026-09-09 15:35:01,convoy_waves,SPT_SMPT,44,1530.46,15,0,1200.0,0,Mill,3,20.0,20.0,20.0,0.0,18.6,1231.0,1231.0,1251.0,20.0,0.0
2026-09-09 15:35:01,convoy_waves,SPT_SMPT,44,1530.46,15,0,1200.0,1,Weld,1,39.5,39.5,39.5,0.0,22.9,1306.6,1306.6,1346.2,39.5,0.0
2026-09-09 15:35:01,convoy_waves,SPT_SMPT,44,1530.46,16,0,1200.0,0,Mill,3,20.0,20.0,20.0,0.0,18.6,1238.2,1251.0,1271.0,20.0,12.8
2026-09-09 15:35:01,convoy_waves,SPT_SMPT,44,1530.46,16,0,1200.0,1,Weld,1,24.9,24.9,24.9,0.0,18.7,1314.2,1346.2,1371.1,24.9,31.9
2026-09-09 15:35:01,convoy_waves,SPT_SMPT,44,1530.46,17,0,1200.0,0,Mill,3,20.0,20.0,20.0,0.0,20.2,1247.6,1271.0,1291.1,20.0,23.4
2026-09-09 15:35:01,convoy_waves,SPT_SMPT,44,1530.46,17,0,1200.0,1,Weld,1,41.5,41.5,41.5,0.0,19.5,1326.7,1386.4,1428.0,41.5,59.7
2026-09-09 15:35:01,convoy_waves,SPT_SMPT,44,1530.46,18,0,1200.0,0,Mill,3,20.0,20.0,20.0,0.0,19.9,1260.4,1291.1,1311.1,20.0,30.7
2026-09-09 15:35:01,convoy_waves,SPT_SMPT,44,1530.46,18,0,1200.0,1,Weld,1,51.4,51.4,51.4,0.0,25.5,1352.7,1428.0,1479.4,51.4,75.3
2026-09-09 15:35:01,convoy_waves,SPT_SMPT,44,1530.46,19,0,1200.0,0,Mill,3,20.0,20.0,20.0,0.0,22.0,1272.0,1311.1,1331.1,20.0,39.1
2026-09-09 15:35:01,convoy_waves,SPT_SMPT,44,1530.46,19,0,1200.0,1,Weld,1,15.3,15.3,15.3,0.0,17.1,1370.4,1371.1,1386.4,15.3,0.7
2026-09-09 15:35:11,identical_batch,SPT_SMPT,42,393.02,0,0,0.0,0,Mill,3,20.0,20.0,20.0,0.0,18.6,31.0,31.0,51.0,20.0,0.0
2026-09-09 15:35:11,identical_batch,SPT_SMPT,42,393.02,0,0,0.0,1,Weld,1,40.0,40.0,40.0,0.0,21.6,101.3,101.3,141.4,40.0,0.0
2026-09-09 15:35:11,identical_batch,SPT_SMPT,42,393.02,1,0,0.0,0,Mill,3,20.0,20.0,20.0,0.0,23.8,43.5,51.0,71.0,20.0,7.5
2026-09-09 15:35:11,identical_batch,SPT_SMPT,42,393.02,1,0,0.0,1,Weld,1,40.0,40.0,40.0,0.0,26.8,113.7,141.4,181.4,40.0,27.7
2026-09-09 15:35:11,identical_batch,SPT_SMPT,42,393.02,2,0,0.0,0,Mill,3,20.0,20.0,20.0,0.0,25.6,53.2,71.0,91.1,20.0,17.8
2026-09-09 15:35:11,identical_batch,SPT_SMPT,42,393.02,2,0,0.0,1,Weld,1,40.0,40.0,40.0,0.0,25.5,140.0,181.4,221.4,40.0,41.4
2026-09-09 15:35:11,identical_batch,SPT_SMPT,42,393.02,3,0,0.0,0,Mill,3,20.0,20.0,20.0,0.0,25.1,61.4,91.1,111.1,20.0,29.7
2026-09-09 15:35:11,identical_batch,SPT_SMPT,42,393.02,3,0,0.0,1,Weld,1,40.0,40.0,40.0,0.0,25.5,159.2,221.4,261.4,40.0,62.2
2026-09-09 15:35:11,identical_batch,SPT_SMPT,42,393.02,4,0,0.0,0,Mill,3,20.0,20.0,20.0,0.0,26.6,72.6,111.1,131.1,20.0,38.5
2026-09-09 15:35:11,identical_batch,SPT_SMPT,42,393.02,4,0,0.0,1,Weld,1,40.0,40.0,40.0,0.0,26.2,186.0,261.4,301.4,40.0,75.4
2026-09-09 15:35:11,identical_batch,SPT_SMPT,42,393.02,5,0,0.0,0,Mill,3,20.0,20.0,20.0,0.0,29.5,95.1,131.2,151.2,20.0,36.1
2026-09-09 15:35:11,identical_batch,SPT_SMPT,42,393.02,5,0,0.0,1,Weld,1,40.0,40.0,40.0,0.0,21.8,200.8,301.4,341.5,40.0,100.7
2026-09-09 15:35:22,identical_batch,SPT_SMPT,43,393.02,0,0,0.0,0,Mill,3,20.0,20.0,20.0,0.0,18.6,31.0,31.0,51.0,20.0,0.0
2026-09-09 15:35:22,identical_batch,SPT_SMPT,43,393.02,0,0,0.0,1,Weld,1,40.0,40.0,40.0,0.0,21.6,101.3,101.3,141.4,40.0,0.0
2026-09-09 15:35:22,identical_batch,SPT_SMPT,43,393.02,1,0,0.0,0,Mill,3,20.0,20.0,20.0,0.0,23.8,43.5,51.0,71.0,20.0,7.5
2026-09-09 15:35:22,identical_batch,SPT_SMPT,43,393.02,1,0,0.0,1,Weld,1,40.0,40.0,40.0,0.0,26.8,113.7,141.4,181.4,40.0,27.7
2026-09-09 15:35:22,identical_batch,SPT_SMPT,43,393.02,2,0,0.0,0,Mill,3,20.0,20.0,20.0,0.0,25.6,53.2,71.0,91.1,20.0,17.8
2026-09-09 15:35:22,identical_batch,SPT_SMPT,43,393.02,2,0,0.0,1,Weld,1,40.0,40.0,40.0,0.0,25.5,140.0,181.4,221.4,40.0,41.4
2026-09-09 15:35:22,identical_batch,SPT_SMPT,43,393.02,3,0,0.0,0,Mill,3,20.0,20.0,20.0,0.0,25.1,61.4,91.1,111.1,20.0,29.7
2026-09-09 15:35:22,identical_batch,SPT_SMPT,43,393.02,3,0,0.0,1,Weld,1,40.0,40.0,40.0,0.0,25.5,159.2,221.4,261.4,40.0,62.2
2026-09-09 15:35:22,identical_batch,SPT_SMPT,43,393.02,4,0,0.0,0,Mill,3,20.0,20.0,20.0,0.0,26.6,72.6,111.1,131.1,20.0,38.5
2026-09-09 15:35:22,identical_batch,SPT_SMPT,43,393.02,4,0,0.0,1,Weld,1,40.0,40.0,40.0,0.0,26.2,186.0,261.4,301.4,40.0,75.4
2026-09-09 15:35:22,identical_batch,SPT_SMPT,43,393.02,5,0,0.0,0,Mill,3,20.0,20.0,20.0,0.0,29.5,95.1,131.2,151.2,20.0,36.1
2026-09-09 15:35:22,identical_batch,SPT_SMPT,43,393.02,5,0,0.0,1,Weld,1,40.0,40.0,40.0,0.0,21.8,200.8,301.4,341.5,40.0,100.7
2026-09-09 15:35:32,identical_batch,SPT_SMPT,44,393.02,0,0,0.0,0,Mill,3,20.0,20.0,20.0,0.0,18.6,31.0,31.0,51.0,20.0,0.0
2026-09-09 15:35:32,identical_batch,SPT_SMPT,44,393.02,0,0,0.0,1,Weld,1,40.0,40.0,40.0,0.0,21.6,101.3,101.3,141.4,40.0,0.0
2026-09-09 15:35:32,identical_batch,SPT_SMPT,44,393.02,1,0,0.0,0,Mill,3,20.0,20.0,20.0,0.0,23.8,43.5,51.0,71.0,20.0,7.5
2026-09-09 15:35:32,identical_batch,SPT_SMPT,44,393.02,1,0,0.0,1,Weld,1,40.0,40.0,40.0,0.0,26.8,113.7,141.4,181.4,40.0,27.7
2026-09-09 15:35:32,identical_batch,SPT_SMPT,44,393.02,2,0,0.0,0,Mill,3,20.0,20.0,20.0,0.0,25.6,53.2,71.0,91.1,20.0,17.8
2026-09-09 15:35:32,identical_batch,SPT_SMPT,44,393.02,2,0,0.0,1,Weld,1,40.0,40.0,40.0,0.0,25.5,140.0,181.4,221.4,40.0,41.4
2026-09-09 15:35:32,identical_batch,SPT_SMPT,44,393.02,3,0,0.0,0,Mill,3,20.0,20.0,20.0,0.0,25.1,61.4,91.1,111.1,20.0,29.7
2026-09-09 15:35:32,identical_batch,SPT_SMPT,44,393.02,3,0,0.0,1,Weld,1,40.0,40.0,40.0,0.0,25.5,159.2,221.4,261.4,40.0,62.2
2026-09-09 15:35:32,identical_batch,SPT_SMPT,44,393.02,4,0,0.0,0,Mill,3,20.0,20.0,20.0,0.0,26.6,72.6,111.1,131.1,20.0,38.5
2026-09-09 15:35:32,identical_batch,SPT_SMPT,44,393.02,4,0,0.0,1,Weld,1,40.0,40.0,40.0,0.0,26.2,186.0,261.4,301.4,40.0,75.4
2026-09-09 15:35:32,identical_batch,SPT_SMPT,44,393.02,5,0,0.0,0,Mill,3,20.0,20.0,20.0,0.0,29.5,95.1,131.2,151.2,20.0,36.1
2026-09-09 15:35:32,identical_batch,SPT_SMPT,44,393.02,5,0,0.0,1,Weld,1,40.0,40.0,40.0,0.0,21.8,200.8,301.4,341.5,40.0,100.7
2026-09-09 15:35:46,single_bottleneck,SPT_SMPT,42,522.78,0,0,0.0,0,Mill,3,20.0,20.0,20.0,0.0,18.6,31.0,31.0,51.0,20.0,0.0
2026-09-09 15:35:46,single_bottleneck,SPT_SMPT,42,522.78,0,0,0.0,1,Weld,1,61.2,61.2,61.2,0.0,27.5,119.2,119.2,180.3,61.2,0.0
2026-09-09 15:35:46,single_bottleneck,SPT_SMPT,42,522.78,1,0,0.0,0,Mill,3,20.0,20.0,20.0,0.0,18.6,38.3,51.0,71.0,20.0,12.7
2026-09-09 15:35:46,single_bottleneck,SPT_SMPT,42,522.78,1,0,0.0,1,Weld,1,12.0,12.0,12.0,0.0,29.4,106.7,106.7,118.8,12.0,0.0
2026-09-09 15:35:46,single_bottleneck,SPT_SMPT,42,522.78,2,0,0.0,0,Mill,3,20.0,20.0,20.0,0.0,20.7,48.3,71.0,91.1,20.0,22.8
2026-09-09 15:35:46,single_bottleneck,SPT_SMPT,42,522.78,2,0,0.0,1,Weld,1,32.0,32.0,32.0,0.0,28.3,141.3,208.2,240.2,32.0,66.9
2026-09-09 15:35:46,single_bottleneck,SPT_SMPT,42,522.78,3,0,0.0,0,Mill,3,20.0,20.0,20.0,0.0,33.7,84.5,91.1,111.1,20.0,6.6
2026-09-09 15:35:46,single_bottleneck,SPT_SMPT,42,522.78,3,0,0.0,1,Weld,1,27.9,27.9,27.9,0.0,36.4,160.6,180.3,208.2,27.9,19.8
2026-09-09 15:35:46,single_bottleneck,SPT_SMPT,42,522.78,4,0,0.0,0,Mill,3,20.0,20.0,20.0,0.0,38.1,98.6,111.1,131.1,20.0,12.5
2026-09-09 15:35:46,single_bottleneck,SPT_SMPT,42,522.78,4,0,0.0,1,Weld,1,68.9,68.9,68.9,0.0,26.0,187.1,321.4,390.3,68.9,134.3
2026-09-09 15:35:46,single_bottleneck,SPT_SMPT,42,522.78,5,0,0.0,0,Mill,3,20.0,20.0,20.0,0.0,35.5,105.7,131.2,151.2,20.0,25.4
2026-09-09 15:35:46,single_bottleneck,SPT_SMPT,42,522.78,5,0,0.0,1,Weld,1,64.1,64.1,64.1,0.0,33.3,207.0,240.2,304.4,64.2,33.3
2026-09-09 15:35:46,single_bottleneck,SPT_SMPT,42,522.78,6,0,0.0,0,Mill,3,20.0,20.0,20.0,0.0,26.6,67.9,151.2,171.2,20.0,83.3
2026-09-09 15:35:46,single_bottleneck,SPT_SMPT,42,522.78,6,0,0.0,1,Weld,1,81.4,81.4,81.4,0.0,25.5,233.1,390.3,471.7,81.4,157.2
2026-09-09 15:35:46,single_bottleneck,SPT_SMPT,42,522.78,7,0,0.0,0,Mill,3,20.0,20.0,20.0,0.0,21.7,58.1,171.2,191.3,20.0,113.2
2026-09-09 15:35:46,single_bottleneck,SPT_SMPT,42,522.78,7,0,0.0,1,Weld,1,17.0,17.0,17.0,0.0,35.6,255.5,304.4,321.4,17.0,48.9
2026-09-09 15:36:00,single_bottleneck,SPT_SMPT,43,522.78,0,0,0.0,0,Mill,3,20.0,20.0,20.0,0.0,18.6,31.0,31.0,51.0,20.0,0.0
2026-09-09 15:36:00,single_bottleneck,SPT_SMPT,43,522.78,0,0,0.0,1,Weld,1,61.2,61.2,61.2,0.0,27.5,119.2,119.2,180.3,61.2,0.0
2026-09-09 15:36:00,single_bottleneck,SPT_SMPT,43,522.78,1,0,0.0,0,Mill,3,20.0,20.0,20.0,0.0,18.6,38.3,51.0,71.0,20.0,12.7
2026-09-09 15:36:00,single_bottleneck,SPT_SMPT,43,522.78,1,0,0.0,1,Weld,1,12.0,12.0,12.0,0.0,29.4,106.7,106.7,118.8,12.0,0.0
2026-09-09 15:36:00,single_bottleneck,SPT_SMPT,43,522.78,2,0,0.0,0,Mill,3,20.0,20.0,20.0,0.0,20.7,48.3,71.0,91.1,20.0,22.8
2026-09-09 15:36:00,single_bottleneck,SPT_SMPT,43,522.78,2,0,0.0,1,Weld,1,32.0,32.0,32.0,0.0,28.3,141.3,208.2,240.2,32.0,66.9
2026-09-09 15:36:00,single_bottleneck,SPT_SMPT,43,522.78,3,0,0.0,0,Mill,3,20.0,20.0,20.0,0.0,33.7,84.5,91.1,111.1,20.0,6.6
2026-09-09 15:36:00,single_bottleneck,SPT_SMPT,43,522.78,3,0,0.0,1,Weld,1,27.9,27.9,27.9,0.0,36.4,160.6,180.3,208.2,27.9,19.8
2026-09-09 15:36:00,single_bottleneck,SPT_SMPT,43,522.78,4,0,0.0,0,Mill,3,20.0,20.0,20.0,0.0,38.1,98.6,111.1,131.1,20.0,12.5
2026-09-09 15:36:00,single_bottleneck,SPT_SMPT,43,522.78,4,0,0.0,1,Weld,1,68.9,68.9,68.9,0.0,26.0,187.1,321.4,390.3,68.9,134.3
2026-09-09 15:36:00,single_bottleneck,SPT_SMPT,43,522.78,5,0,0.0,0,Mill,3,20.0,20.0,20.0,0.0,35.5,105.7,131.2,151.2,20.0,25.4
2026-09-09 15:36:00,single_bottleneck,SPT_SMPT,43,522.78,5,0,0.0,1,Weld,1,64.1,64.1,64.1,0.0,33.3,207.0,240.2,304.4,64.2,33.3
2026-09-09 15:36:00,single_bottleneck,SPT_SMPT,43,522.78,6,0,0.0,0,Mill,3,20.0,20.0,20.0,0.0,26.6,67.9,151.2,171.2,20.0,83.3
2026-09-09 15:36:00,single_bottleneck,SPT_SMPT,43,522.78,6,0,0.0,1,Weld,1,81.4,81.4,81.4,0.0,25.5,233.1,390.3,471.7,81.4,157.2
2026-09-09 15:36:00,single_bottleneck,SPT_SMPT,43,522.78,7,0,0.0,0,Mill,3,20.0,20.0,20.0,0.0,21.7,58.1,171.2,191.3,20.0,113.2
2026-09-09 15:36:00,single_bottleneck,SPT_SMPT,43,522.78,7,0,0.0,1,Weld,1,17.0,17.0,17.0,0.0,35.6,255.5,304.4,321.4,17.0,48.9
2026-09-09 15:36:13,single_bottleneck,SPT_SMPT,44,522.78,0,0,0.0,0,Mill,3,20.0,20.0,20.0,0.0,18.6,31.0,31.0,51.0,20.0,0.0
2026-09-09 15:36:13,single_bottleneck,SPT_SMPT,44,522.78,0,0,0.0,1,Weld,1,61.2,61.2,61.2,0.0,27.5,119.2,119.2,180.3,61.2,0.0
2026-09-09 15:36:13,single_bottleneck,SPT_SMPT,44,522.78,1,0,0.0,0,Mill,3,20.0,20.0,20.0,0.0,18.6,38.3,51.0,71.0,20.0,12.7
2026-09-09 15:36:13,single_bottleneck,SPT_SMPT,44,522.78,1,0,0.0,1,Weld,1,12.0,12.0,12.0,0.0,29.4,106.7,106.7,118.8,12.0,0.0
2026-09-09 15:36:13,single_bottleneck,SPT_SMPT,44,522.78,2,0,0.0,0,Mill,3,20.0,20.0,20.0,0.0,20.7,48.3,71.0,91.1,20.0,22.8
2026-09-09 15:36:13,single_bottleneck,SPT_SMPT,44,522.78,2,0,0.0,1,Weld,1,32.0,32.0,32.0,0.0,28.3,141.3,208.2,240.2,32.0,66.9
2026-09-09 15:36:13,single_bottleneck,SPT_SMPT,44,522.78,3,0,0.0,0,Mill,3,20.0,20.0,20.0,0.0,33.7,84.5,91.1,111.1,20.0,6.6
2026-09-09 15:36:13,single_bottleneck,SPT_SMPT,44,522.78,3,0,0.0,1,Weld,1,27.9,27.9,27.9,0.0,36.4,160.6,180.3,208.2,27.9,19.8
2026-09-09 15:36:13,single_bottleneck,SPT_SMPT,44,522.78,4,0,0.0,0,Mill,3,20.0,20.0,20.0,0.0,38.1,98.6,111.1,131.1,20.0,12.5
2026-09-09 15:36:13,single_bottleneck,SPT_SMPT,44,522.78,4,0,0.0,1,Weld,1,68.9,68.9,68.9,0.0,26.0,187.1,321.4,390.3,68.9,134.3
2026-09-09 15:36:13,single_bottleneck,SPT_SMPT,44,522.78,5,0,0.0,0,Mill,3,20.0,20.0,20.0,0.0,35.5,105.7,131.2,151.2,20.0,25.4
2026-09-09 15:36:13,single_bottleneck,SPT_SMPT,44,522.78,5,0,0.0,1,Weld,1,64.1,64.1,64.1,0.0,33.3,207.0,240.2,304.4,64.2,33.3
2026-09-09 15:36:13,single_bottleneck,SPT_SMPT,44,522.78,6,0,0.0,0,Mill,3,20.0,20.0,20.0,0.0,26.6,67.9,151.2,171.2,20.0,83.3
2026-09-09 15:36:13,single_bottleneck,SPT_SMPT,44,522.78,6,0,0.0,1,Weld,1,81.4,81.4,81.4,0.0,25.5,233.1,390.3,471.7,81.4,157.2
2026-09-09 15:36:13,single_bottleneck,SPT_SMPT,44,522.78,7,0,0.0,0,Mill,3,20.0,20.0,20.0,0.0,21.7,58.1,171.2,191.3,20.0,113.2
2026-09-09 15:36:13,single_bottleneck,SPT_SMPT,44,522.78,7,0,0.0,1,Weld,1,17.0,17.0,17.0,0.0,35.6,255.5,304.4,321.4,17.0,48.9
2026-09-09 15:36:34,sparse_bottleneck_floor,SPT_SMPT,42,745.8,0,0,0.0,0,Mill,3,31.0,31.0,31.0,0.0,18.6,31.2,31.2,62.3,31.0,0.0
2026-09-09 15:36:34,sparse_bottleneck_floor,SPT_SMPT,42,745.8,0,0,0.0,1,Weld,1,16.1,16.1,16.1,0.0,48.0,118.9,118.9,135.0,16.2,0.0
2026-09-09 15:36:34,sparse_bottleneck_floor,SPT_SMPT,42,745.8,0,0,0.0,2,Assemble,3,21.9,21.9,21.9,0.0,45.7,221.7,234.7,256.6,21.9,13.0
2026-09-09 15:36:34,sparse_bottleneck_floor,SPT_SMPT,42,745.8,1,0,0.0,0,Mill,3,20.6,20.6,20.6,0.0,18.6,38.9,78.1,98.7,20.6,39.2
2026-09-09 15:36:34,sparse_bottleneck_floor,SPT_SMPT,42,745.8,1,0,0.0,1,Weld,1,48.1,48.1,48.1,0.0,40.2,142.5,183.9,232.1,48.2,41.4
2026-09-09 15:36:34,sparse_bottleneck_floor,SPT_SMPT,42,745.8,1,0,0.0,2,Assemble,3,31.9,31.9,31.9,0.0,39.5,288.0,288.0,319.9,31.9,0.0
2026-09-09 15:36:34,sparse_bottleneck_floor,SPT_SMPT,42,745.8,2,0,0.0,0,Mill,3,37.3,37.3,37.3,0.0,27.9,69.4,349.5,386.8,37.3,280.1
2026-09-09 15:36:34,sparse_bottleneck_floor,SPT_SMPT,42,745.8,2,0,0.0,1,Weld,1,18.9,18.9,18.9,0.0,59.9,502.3,521.5,540.5,18.9,19.3
2026-09-09 15:36:34,sparse_bottleneck_floor,SPT_SMPT,42,745.8,2,0,0.0,2,Assemble,3,25.6,25.6,25.6,0.0,45.5,588.2,594.2,619.7,25.6,6.0
2026-09-09 15:36:34,sparse_bottleneck_floor,SPT_SMPT,42,745.8,3,0,0.0,0,Mill,3,15.7,15.7,15.7,0.0,19.6,48.7,62.3,78.0,15.8,13.6
2026-09-09 15:36:34,sparse_bottleneck_floor,SPT_SMPT,42,745.8,3,0,0.0,1,Weld,1,24.8,24.8,24.8,0.0,44.1,130.8,135.0,159.9,24.9,4.3
2026-09-09 15:36:34,sparse_bottleneck_floor,SPT_SMPT,42,745.8,3,0,0.0,2,Assemble,3,27.6,27.6,27.6,0.0,37.2,207.0,207.0,234.7,27.7,0.0
2026-09-09 15:36:34,sparse_bottleneck_floor,SPT_SMPT,42,745.8,4,0,0.0,0,Mill,3,15.7,15.7,15.7,0.0,33.4,85.2,98.7,114.4,15.7,13.5
2026-09-09 15:36:34,sparse_bottleneck_floor,SPT_SMPT,42,745.8,4,0,0.0,1,Weld,1,24.0,24.0,24.0,0.0,38.9,156.9,159.9,183.9,24.0,3.0
2026-09-09 15:36:34,sparse_bottleneck_floor,SPT_SMPT,42,745.8,4,0,0.0,2,Assemble,3,31.3,31.3,31.3,0.0,54.1,240.2,256.6,287.9,31.3,16.4
2026-09-09 15:36:34,sparse_bottleneck_floor,SPT_SMPT,42,745.8,5,0,0.0,0,Mill,3,28.6,28.6,28.6,0.0,38.6,100.8,131.8,160.5,28.6,31.0
2026-09-09 15:36:34,sparse_bottleneck_floor,SPT_SMPT,42,745.8,5,0,0.0,1,Weld,1,24.9,24.9,24.9,0.0,46.4,236.4,260.2,285.1,24.9,23.7
2026-09-09 15:36:34,sparse_bottleneck_floor,SPT_SMPT,42,745.8,5,0,0.0,2,Assemble,3,29.7,29.7,29.7,0.0,42.6,334.3,334.3,364.1,29.8,0.0
2026-09-09 15:36:34,sparse_bottleneck_floor,SPT_SMPT,42,745.8,6,0,0.0,0,Mill,3,35.2,35.2,35.2,0.0,22.2,58.9,278.4,313.7,35.3,219.6
2026-09-09 15:36:34,sparse_bottleneck_floor,SPT_SMPT,42,745.8,6,0,0.0,1,Weld,1,15.3,15.3,15.3,0.0,48.0,410.9,415.4,430.7,15.3,4.5
2026-09-09 15:36:34,sparse_bottleneck_floor,SPT_SMPT,42,745.8,6,0,0.0,2,Assemble,3,35.2,35.2,35.2,0.0,42.4,507.9,522.4,557.6,35.2,14.6
2026-09-09 15:36:34,sparse_bottleneck_floor,SPT_SMPT,42,745.8,7,0,0.0,0,Mill,3,32.5,32.5,32.5,0.0,31.1,78.0,210.7,243.2,32.5,132.7
2026-09-09 15:36:34,sparse_bottleneck_floor,SPT_SMPT,42,745.8,7,0,0.0,1,Weld,1,30.3,30.3,30.3,0.0,44.7,290.2,331.9,362.2,30.3,41.7
2026-09-09 15:36:34,sparse_bottleneck_floor,SPT_SMPT,42,745.8,7,0,0.0,2,Assemble,3,18.9,18.9,18.9,0.0,50.9,448.8,448.8,467.7,18.9,0.0
2026-09-09 15:36:34,sparse_bottleneck_floor,SPT_SMPT,42,745.8,8,0,0.0,0,Mill,3,38.9,38.9,38.9,0.0,36.5,93.8,386.8,425.8,39.0,293.1
2026-09-09 15:36:34,sparse_bottleneck_floor,SPT_SMPT,42,745.8,8,0,0.0,1,Weld,1,30.2,30.2,30.2,0.0,49.8,479.5,540.5,570.7,30.2,60.9
2026-09-09 15:36:34,sparse_bottleneck_floor,SPT_SMPT,42,745.8,8,0,0.0,2,Assemble,3,17.3,17.3,17.3,0.0,37.2,610.1,619.7,637.1,17.3,9.7
2026-09-09 15:36:34,sparse_bottleneck_floor,SPT_SMPT,42,745.8,9,0,0.0,0,Mill,3,17.4,17.4,17.4,0.0,41.7,109.4,114.4,131.8,17.4,5.0
2026-09-09 15:36:34,sparse_bottleneck_floor,SPT_SMPT,42,745.8,9,0,0.0,1,Weld,1,53.1,53.1,53.1,0.0,54.2,254.9,362.2,415.4,53.2,107.3
2026-09-09 15:36:34,sparse_bottleneck_floor,SPT_SMPT,42,745.8,9,0,0.0,2,Assemble,3,30.1,30.1,30.1,0.0,51.7,492.3,492.3,522.4,30.1,0.0
2026-09-09 15:36:34,sparse_bottleneck_floor,SPT_SMPT,42,745.8,10,0,0.0,0,Mill,3,35.2,35.2,35.2,0.0,33.1,116.5,243.2,278.4,35.2,126.7
2026-09-09 15:36:34,sparse_bottleneck_floor,SPT_SMPT,42,745.8,10,0,0.0,1,Weld,1,47.8,47.8,47.8,0.0,50.6,371.4,473.6,521.5,47.9,102.2
2026-09-09 15:36:34,sparse_bottleneck_floor,SPT_SMPT,42,745.8,10,0,0.0,2,Assemble,3,28.4,28.4,28.4,0.0,41.6,570.6,637.1,665.5,28.4,66.4
2026-09-09 15:36:34,sparse_bottleneck_floor,SPT_SMPT,42,745.8,11,0,0.0,0,Mill,3,39.3,39.3,39.3,0.0,26.1,125.3,425.8,465.2,39.4,300.5
2026-09-09 15:36:34,sparse_bottleneck_floor,SPT_SMPT,42,745.8,11,0,0.0,1,Weld,1,32.0,32.0,32.0,0.0,45.1,584.7,584.7,616.8,32.1,0.0
2026-09-09 15:36:34,sparse_bottleneck_floor,SPT_SMPT,42,745.8,11,0,0.0,2,Assemble,3,28.8,28.8,28.8,0.0,40.0,659.0,665.5,694.3,28.8,6.5
2026-09-09 15:36:34,sparse_bottleneck_floor,SPT_SMPT,42,745.8,12,0,0.0,0,Mill,3,35.7,35.7,35.7,0.0,18.6,133.4,313.7,349.5,35.8,180.3
2026-09-09 15:36:34,sparse_bottleneck_floor,SPT_SMPT,42,745.8,12,0,0.0,1,Weld,1,42.8,42.8,42.8,0.0,39.1,390.9,430.8,473.6,42.9,39.9
2026-09-09 15:36:34,sparse_bottleneck_floor,SPT_SMPT,42,745.8,12,0,0.0,2,Assemble,3,36.5,36.5,36.5,0.0,37.7,546.7,557.6,594.2,36.6,10.9
2026-09-09 15:36:34,sparse_bottleneck_floor,SPT_SMPT,42,745.8,13,0,0.0,0,Mill,3,29.4,29.4,29.4,0.0,19.1,166.1,181.2,210.7,29.5,15.1
2026-09-09 15:36:34,sparse_bottleneck_floor,SPT_SMPT,42,745.8,13,0,0.0,1,Weld,1,46.7,46.7,46.7,0.0,55.0,270.2,285.1,331.9,46.7,14.9
2026-09-09 15:36:34,sparse_bottleneck_floor,SPT_SMPT,42,745.8,13,0,0.0,2,Assemble,3,16.2,16.2,16.2,0.0,50.7,402.0,402.0,418.2,16.2,0.0
2026-09-09 15:36:34,sparse_bottleneck_floor,SPT_SMPT,42,745.8,14,0,0.0,0,Mill,3,20.7,20.7,20.7,0.0,18.6,149.3,160.5,181.2,20.7,11.2
2026-09-09 15:36:34,sparse_bottleneck_floor,SPT_SMPT,42,745.8,14,0,0.0,1,Weld,1,28.0,28.0,28.0,0.0,38.9,221.7,232.1,260.1,28.0,10.4
2026-09-09 15:36:34,sparse_bottleneck_floor,SPT_SMPT,42,745.8,14,0,0.0,2,Assemble,3,17.0,17.0,17.0,0.0,44.7,342.0,364.1,381.1,17.0,22.1
2026-09-09 15:36:56,sparse_bottleneck_floor,SPT_SMPT,43,745.8,0,0,0.0,0,Mill,3,31.0,31.0,31.0,0.0,18.6,31.2,31.2,62.3,31.0,0.0
2026-09-09 15:36:56,sparse_bottleneck_floor,SPT_SMPT,43,745.8,0,0,0.0,1,Weld,1,16.1,16.1,16.1,0.0,48.0,118.9,118.9,135.0,16.2,0.0
2026-09-09 15:36:56,sparse_bottleneck_floor,SPT_SMPT,43,745.8,0,0,0.0,2,Assemble,3,21.9,21.9,21.9,0.0,45.7,221.7,234.7,256.6,21.9,13.0
2026-09-09 15:36:56,sparse_bottleneck_floor,SPT_SMPT,43,745.8,1,0,0.0,0,Mill,3,20.6,20.6,20.6,0.0,18.6,38.9,78.1,98.7,20.6,39.2
2026-09-09 15:36:56,sparse_bottleneck_floor,SPT_SMPT,43,745.8,1,0,0.0,1,Weld,1,48.1,48.1,48.1,0.0,40.2,142.5,183.9,232.1,48.2,41.4
2026-09-09 15:36:56,sparse_bottleneck_floor,SPT_SMPT,43,745.8,1,0,0.0,2,Assemble,3,31.9,31.9,31.9,0.0,39.5,288.0,288.0,319.9,31.9,0.0
2026-09-09 15:36:56,sparse_bottleneck_floor,SPT_SMPT,43,745.8,2,0,0.0,0,Mill,3,37.3,37.3,37.3,0.0,27.9,69.4,349.5,386.8,37.3,280.1
2026-09-09 15:36:56,sparse_bottleneck_floor,SPT_SMPT,43,745.8,2,0,0.0,1,Weld,1,18.9,18.9,18.9,0.0,59.9,502.3,521.5,540.5,18.9,19.3
2026-09-09 15:36:56,sparse_bottleneck_floor,SPT_SMPT,43,745.8,2,0,0.0,2,Assemble,3,25.6,25.6,25.6,0.0,45.5,588.2,594.2,619.7,25.6,6.0
2026-09-09 15:36:56,sparse_bottleneck_floor,SPT_SMPT,43,745.8,3,0,0.0,0,Mill,3,15.7,15.7,15.7,0.0,19.6,48.7,62.3,78.0,15.8,13.6
2026-09-09 15:36:56,sparse_bottleneck_floor,SPT_SMPT,43,745.8,3,0,0.0,1,Weld,1,24.8,24.8,24.8,0.0,44.1,130.8,135.0,159.9,24.9,4.3
2026-09-09 15:36:56,sparse_bottleneck_floor,SPT_SMPT,43,745.8,3,0,0.0,2,Assemble,3,27.6,27.6,27.6,0.0,37.2,207.0,207.0,234.7,27.7,0.0
2026-09-09 15:36:56,sparse_bottleneck_floor,SPT_SMPT,43,745.8,4,0,0.0,0,Mill,3,15.7,15.7,15.7,0.0,33.4,85.2,98.7,114.4,15.7,13.5
2026-09-09 15:36:56,sparse_bottleneck_floor,SPT_SMPT,43,745.8,4,0,0.0,1,Weld,1,24.0,24.0,24.0,0.0,38.9,156.9,159.9,183.9,24.0,3.0
2026-09-09 15:36:56,sparse_bottleneck_floor,SPT_SMPT,43,745.8,4,0,0.0,2,Assemble,3,31.3,31.3,31.3,0.0,54.1,240.2,256.6,287.9,31.3,16.4
2026-09-09 15:36:56,sparse_bottleneck_floor,SPT_SMPT,43,745.8,5,0,0.0,0,Mill,3,28.6,28.6,28.6,0.0,38.6,100.8,131.8,160.5,28.6,31.0
2026-09-09 15:36:56,sparse_bottleneck_floor,SPT_SMPT,43,745.8,5,0,0.0,1,Weld,1,24.9,24.9,24.9,0.0,46.4,236.4,260.2,285.1,24.9,23.7
2026-09-09 15:36:56,sparse_bottleneck_floor,SPT_SMPT,43,745.8,5,0,0.0,2,Assemble,3,29.7,29.7,29.7,0.0,42.6,334.3,334.3,364.1,29.8,0.0
2026-09-09 15:36:56,sparse_bottleneck_floor,SPT_SMPT,43,745.8,6,0,0.0,0,Mill,3,35.2,35.2,35.2,0.0,22.2,58.9,278.4,313.7,35.3,219.6
2026-09-09 15:36:56,sparse_bottleneck_floor,SPT_SMPT,43,745.8,6,0,0.0,1,Weld,1,15.3,15.3,15.3,0.0,48.0,410.9,415.4,430.7,15.3,4.5
2026-09-09 15:36:56,sparse_bottleneck_floor,SPT_SMPT,43,745.8,6,0,0.0,2,Assemble,3,35.2,35.2,35.2,0.0,42.4,507.9,522.4,557.6,35.2,14.6
2026-09-09 15:36:56,sparse_bottleneck_floor,SPT_SMPT,43,745.8,7,0,0.0,0,Mill,3,32.5,32.5,32.5,0.0,31.1,78.0,210.7,243.2,32.5,132.7
2026-09-09 15:36:56,sparse_bottleneck_floor,SPT_SMPT,43,745.8,7,0,0.0,1,Weld,1,30.3,30.3,30.3,0.0,44.7,290.2,331.9,362.2,30.3,41.7
2026-09-09 15:36:56,sparse_bottleneck_floor,SPT_SMPT,43,745.8,7,0,0.0,2,Assemble,3,18.9,18.9,18.9,0.0,50.9,448.8,448.8,467.7,18.9,0.0
2026-09-09 15:36:56,sparse_bottleneck_floor,SPT_SMPT,43,745.8,8,0,0.0,0,Mill,3,38.9,38.9,38.9,0.0,36.5,93.8,386.8,425.8,39.0,293.1
2026-09-09 15:36:56,sparse_bottleneck_floor,SPT_SMPT,43,745.8,8,0,0.0,1,Weld,1,30.2,30.2,30.2,0.0,49.8,479.5,540.5,570.7,30.2,60.9
2026-09-09 15:36:56,sparse_bottleneck_floor,SPT_SMPT,43,745.8,8,0,0.0,2,Assemble,3,17.3,17.3,17.3,0.0,37.2,610.1,619.7,637.1,17.3,9.7
2026-09-09 15:36:56,sparse_bottleneck_floor,SPT_SMPT,43,745.8,9,0,0.0,0,Mill,3,17.4,17.4,17.4,0.0,41.7,109.4,114.4,131.8,17.4,5.0
2026-09-09 15:36:56,sparse_bottleneck_floor,SPT_SMPT,43,745.8,9,0,0.0,1,Weld,1,53.1,53.1,53.1,0.0,54.2,254.9,362.2,415.4,53.2,107.3
2026-09-09 15:36:56,sparse_bottleneck_floor,SPT_SMPT,43,745.8,9,0,0.0,2,Assemble,3,30.1,30.1,30.1,0.0,51.7,492.3,492.3,522.4,30.1,0.0
2026-09-09 15:36:56,sparse_bottleneck_floor,SPT_SMPT,43,745.8,10,0,0.0,0,Mill,3,35.2,35.2,35.2,0.0,33.1,116.5,243.2,278.4,35.2,126.7
2026-09-09 15:36:56,sparse_bottleneck_floor,SPT_SMPT,43,745.8,10,0,0.0,1,Weld,1,47.8,47.8,47.8,0.0,50.6,371.4,473.6,521.5,47.9,102.2
2026-09-09 15:36:56,sparse_bottleneck_floor,SPT_SMPT,43,745.8,10,0,0.0,2,Assemble,3,28.4,28.4,28.4,0.0,41.6,570.6,637.1,665.5,28.4,66.4
2026-09-09 15:36:56,sparse_bottleneck_floor,SPT_SMPT,43,745.8,11,0,0.0,0,Mill,3,39.3,39.3,39.3,0.0,26.1,125.3,425.8,465.2,39.4,300.5
2026-09-09 15:36:56,sparse_bottleneck_floor,SPT_SMPT,43,745.8,11,0,0.0,1,Weld,1,32.0,32.0,32.0,0.0,45.1,584.7,584.7,616.8,32.1,0.0
2026-09-09 15:36:56,sparse_bottleneck_floor,SPT_SMPT,43,745.8,11,0,0.0,2,Assemble,3,28.8,28.8,28.8,0.0,40.0,659.0,665.5,694.3,28.8,6.5
2026-09-09 15:36:56,sparse_bottleneck_floor,SPT_SMPT,43,745.8,12,0,0.0,0,Mill,3,35.7,35.7,35.7,0.0,18.6,133.4,313.7,349.5,35.8,180.3
2026-09-09 15:36:56,sparse_bottleneck_floor,SPT_SMPT,43,745.8,12,0,0.0,1,Weld,1,42.8,42.8,42.8,0.0,39.1,390.9,430.8,473.6,42.9,39.9
2026-09-09 15:36:56,sparse_bottleneck_floor,SPT_SMPT,43,745.8,12,0,0.0,2,Assemble,3,36.5,36.5,36.5,0.0,37.7,546.7,557.6,594.2,36.6,10.9
2026-09-09 15:36:56,sparse_bottleneck_floor,SPT_SMPT,43,745.8,13,0,0.0,0,Mill,3,29.4,29.4,29.4,0.0,19.1,166.1,181.2,210.7,29.5,15.1
2026-09-09 15:36:56,sparse_bottleneck_floor,SPT_SMPT,43,745.8,13,0,0.0,1,Weld,1,46.7,46.7,46.7,0.0,55.0,270.2,285.1,331.9,46.7,14.9
2026-09-09 15:36:56,sparse_bottleneck_floor,SPT_SMPT,43,745.8,13,0,0.0,2,Assemble,3,16.2,16.2,16.2,0.0,50.7,402.0,402.0,418.2,16.2,0.0
2026-09-09 15:36:56,sparse_bottleneck_floor,SPT_SMPT,43,745.8,14,0,0.0,0,Mill,3,20.7,20.7,20.7,0.0,18.6,149.3,160.5,181.2,20.7,11.2
2026-09-09 15:36:56,sparse_bottleneck_floor,SPT_SMPT,43,745.8,14,0,0.0,1,Weld,1,28.0,28.0,28.0,0.0,38.9,221.7,232.1,260.1,28.0,10.4
2026-09-09 15:36:56,sparse_bottleneck_floor,SPT_SMPT,43,745.8,14,0,0.0,2,Assemble,3,17.0,17.0,17.0,0.0,44.7,342.0,364.1,381.1,17.0,22.1
2026-09-09 15:37:17,sparse_bottleneck_floor,SPT_SMPT,44,745.8,0,0,0.0,0,Mill,3,31.0,31.0,31.0,0.0,18.6,31.2,31.2,62.3,31.0,0.0
2026-09-09 15:37:17,sparse_bottleneck_floor,SPT_SMPT,44,745.8,0,0,0.0,1,Weld,1,16.1,16.1,16.1,0.0,48.0,118.9,118.9,135.0,16.2,0.0
2026-09-09 15:37:17,sparse_bottleneck_floor,SPT_SMPT,44,745.8,0,0,0.0,2,Assemble,3,21.9,21.9,21.9,0.0,45.7,221.7,234.7,256.6,21.9,13.0
2026-09-09 15:37:17,sparse_bottleneck_floor,SPT_SMPT,44,745.8,1,0,0.0,0,Mill,3,20.6,20.6,20.6,0.0,18.6,38.9,78.1,98.7,20.6,39.2
2026-09-09 15:37:17,sparse_bottleneck_floor,SPT_SMPT,44,745.8,1,0,0.0,1,Weld,1,48.1,48.1,48.1,0.0,40.2,142.5,183.9,232.1,48.2,41.4
2026-09-09 15:37:17,sparse_bottleneck_floor,SPT_SMPT,44,745.8,1,0,0.0,2,Assemble,3,31.9,31.9,31.9,0.0,39.5,288.0,288.0,319.9,31.9,0.0
2026-09-09 15:37:17,sparse_bottleneck_floor,SPT_SMPT,44,745.8,2,0,0.0,0,Mill,3,37.3,37.3,37.3,0.0,27.9,69.4,349.5,386.8,37.3,280.1
2026-09-09 15:37:17,sparse_bottleneck_floor,SPT_SMPT,44,745.8,2,0,0.0,1,Weld,1,18.9,18.9,18.9,0.0,59.9,502.3,521.5,540.5,18.9,19.3
2026-09-09 15:37:17,sparse_bottleneck_floor,SPT_SMPT,44,745.8,2,0,0.0,2,Assemble,3,25.6,25.6,25.6,0.0,45.5,588.2,594.2,619.7,25.6,6.0
2026-09-09 15:37:17,sparse_bottleneck_floor,SPT_SMPT,44,745.8,3,0,0.0,0,Mill,3,15.7,15.7,15.7,0.0,19.6,48.7,62.3,78.0,15.8,13.6
2026-09-09 15:37:17,sparse_bottleneck_floor,SPT_SMPT,44,745.8,3,0,0.0,1,Weld,1,24.8,24.8,24.8,0.0,44.1,130.8,135.0,159.9,24.9,4.3
2026-09-09 15:37:17,sparse_bottleneck_floor,SPT_SMPT,44,745.8,3,0,0.0,2,Assemble,3,27.6,27.6,27.6,0.0,37.2,207.0,207.0,234.7,27.7,0.0
2026-09-09 15:37:17,sparse_bottleneck_floor,SPT_SMPT,44,745.8,4,0,0.0,0,Mill,3,15.7,15.7,15.7,0.0,33.4,85.2,98.7,114.4,15.7,13.5
2026-09-09 15:37:17,sparse_bottleneck_floor,SPT_SMPT,44,745.8,4,0,0.0,1,Weld,1,24.0,24.0,24.0,0.0,38.9,156.9,159.9,183.9,24.0,3.0
2026-09-09 15:37:17,sparse_bottleneck_floor,SPT_SMPT,44,745.8,4,0,0.0,2,Assemble,3,31.3,31.3,31.3,0.0,54.1,240.2,256.6,287.9,31.3,16.4
2026-09-09 15:37:17,sparse_bottleneck_floor,SPT_SMPT,44,745.8,5,0,0.0,0,Mill,3,28.6,28.6,28.6,0.0,38.6,100.8,131.8,160.5,28.6,31.0
2026-09-09 15:37:17,sparse_bottleneck_floor,SPT_SMPT,44,745.8,5,0,0.0,1,Weld,1,24.9,24.9,24.9,0.0,46.4,236.4,260.2,285.1,24.9,23.7
2026-09-09 15:37:17,sparse_bottleneck_floor,SPT_SMPT,44,745.8,5,0,0.0,2,Assemble,3,29.7,29.7,29.7,0.0,42.6,334.3,334.3,364.1,29.8,0.0
2026-09-09 15:37:17,sparse_bottleneck_floor,SPT_SMPT,44,745.8,6,0,0.0,0,Mill,3,35.2,35.2,35.2,0.0,22.2,58.9,278.4,313.7,35.3,219.6
2026-09-09 15:37:17,sparse_bottleneck_floor,SPT_SMPT,44,745.8,6,0,0.0,1,Weld,1,15.3,15.3,15.3,0.0,48.0,410.9,415.4,430.7,15.3,4.5
2026-09-09 15:37:17,sparse_bottleneck_floor,SPT_SMPT,44,745.8,6,0,0.0,2,Assemble,3,35.2,35.2,35.2,0.0,42.4,507.9,522.4,557.6,35.2,14.6
2026-09-09 15:37:17,sparse_bottleneck_floor,SPT_SMPT,44,745.8,7,0,0.0,0,Mill,3,32.5,32.5,32.5,0.0,31.1,78.0,210.7,243.2,32.5,132.7
2026-09-09 15:37:17,sparse_bottleneck_floor,SPT_SMPT,44,745.8,7,0,0.0,1,Weld,1,30.3,30.3,30.3,0.0,44.7,290.2,331.9,362.2,30.3,41.7
2026-09-09 15:37:17,sparse_bottleneck_floor,SPT_SMPT,44,745.8,7,0,0.0,2,Assemble,3,18.9,18.9,18.9,0.0,50.9,448.8,448.8,467.7,18.9,0.0
2026-09-09 15:37:17,sparse_bottleneck_floor,SPT_SMPT,44,745.8,8,0,0.0,0,Mill,3,38.9,38.9,38.9,0.0,36.5,93.8,386.8,425.8,39.0,293.1
2026-09-09 15:37:17,sparse_bottleneck_floor,SPT_SMPT,44,745.8,8,0,0.0,1,Weld,1,30.2,30.2,30.2,0.0,49.8,479.5,540.5,570.7,30.2,60.9
2026-09-09 15:37:17,sparse_bottleneck_floor,SPT_SMPT,44,745.8,8,0,0.0,2,Assemble,3,17.3,17.3,17.3,0.0,37.2,610.1,619.7,637.1,17.3,9.7
2026-09-09 15:37:17,sparse_bottleneck_floor,SPT_SMPT,44,745.8,9,0,0.0,0,Mill,3,17.4,17.4,17.4,0.0,41.7,109.4,114.4,131.8,17.4,5.0
2026-09-09 15:37:17,sparse_bottleneck_floor,SPT_SMPT,44,745.8,9,0,0.0,1,Weld,1,53.1,53.1,53.1,0.0,54.2,254.9,362.2,415.4,53.2,107.3
2026-09-09 15:37:17,sparse_bottleneck_floor,SPT_SMPT,44,745.8,9,0,0.0,2,Assemble,3,30.1,30.1,30.1,0.0,51.7,492.3,492.3,522.4,30.1,0.0
2026-09-09 15:37:17,sparse_bottleneck_floor,SPT_SMPT,44,745.8,10,0,0.0,0,Mill,3,35.2,35.2,35.2,0.0,33.1,116.5,243.2,278.4,35.2,126.7
2026-09-09 15:37:17,sparse_bottleneck_floor,SPT_SMPT,44,745.8,10,0,0.0,1,Weld,1,47.8,47.8,47.8,0.0,50.6,371.4,473.6,521.5,47.9,102.2
2026-09-09 15:37:17,sparse_bottleneck_floor,SPT_SMPT,44,745.8,10,0,0.0,2,Assemble,3,28.4,28.4,28.4,0.0,41.6,570.6,637.1,665.5,28.4,66.4
2026-09-09 15:37:17,sparse_bottleneck_floor,SPT_SMPT,44,745.8,11,0,0.0,0,Mill,3,39.3,39.3,39.3,0.0,26.1,125.3,425.8,465.2,39.4,300.5
2026-09-09 15:37:17,sparse_bottleneck_floor,SPT_SMPT,44,745.8,11,0,0.0,1,Weld,1,32.0,32.0,32.0,0.0,45.1,584.7,584.7,616.8,32.1,0.0
2026-09-09 15:37:17,sparse_bottleneck_floor,SPT_SMPT,44,745.8,11,0,0.0,2,Assemble,3,28.8,28.8,28.8,0.0,40.0,659.0,665.5,694.3,28.8,6.5
2026-09-09 15:37:17,sparse_bottleneck_floor,SPT_SMPT,44,745.8,12,0,0.0,0,Mill,3,35.7,35.7,35.7,0.0,18.6,133.4,313.7,349.5,35.8,180.3
2026-09-09 15:37:17,sparse_bottleneck_floor,SPT_SMPT,44,745.8,12,0,0.0,1,Weld,1,42.8,42.8,42.8,0.0,39.1,390.9,430.8,473.6,42.9,39.9
2026-09-09 15:37:17,sparse_bottleneck_floor,SPT_SMPT,44,745.8,12,0,0.0,2,Assemble,3,36.5,36.5,36.5,0.0,37.7,546.7,557.6,594.2,36.6,10.9
2026-09-09 15:37:17,sparse_bottleneck_floor,SPT_SMPT,44,745.8,13,0,0.0,0,Mill,3,29.4,29.4,29.4,0.0,19.1,166.1,181.2,210.7,29.5,15.1
2026-09-09 15:37:17,sparse_bottleneck_floor,SPT_SMPT,44,745.8,13,0,0.0,1,Weld,1,46.7,46.7,46.7,0.0,55.0,270.2,285.1,331.9,46.7,14.9
2026-09-09 15:37:17,sparse_bottleneck_floor,SPT_SMPT,44,745.8,13,0,0.0,2,Assemble,3,16.2,16.2,16.2,0.0,50.7,402.0,402.0,418.2,16.2,0.0
2026-09-09 15:37:17,sparse_bottleneck_floor,SPT_SMPT,44,745.8,14,0,0.0,0,Mill,3,20.7,20.7,20.7,0.0,18.6,149.3,160.5,181.2,20.7,11.2
2026-09-09 15:37:17,sparse_bottleneck_floor,SPT_SMPT,44,745.8,14,0,0.0,1,Weld,1,28.0,28.0,28.0,0.0,38.9,221.7,232.1,260.1,28.0,10.4
2026-09-09 15:37:17,sparse_bottleneck_floor,SPT_SMPT,44,745.8,14,0,0.0,2,Assemble,3,17.0,17.0,17.0,0.0,44.7,342.0,364.1,381.1,17.0,22.1
2026-09-09 15:37:31,two_machine_standoff,SPT_SMPT,42,480.1,0,0,0.0,0,Mill,3,20.0,20.0,20.0,0.0,18.6,31.0,31.0,51.0,20.0,0.0
2026-09-09 15:37:31,two_machine_standoff,SPT_SMPT,42,480.1,0,0,0.0,1,Weld,2,43.8,43.8,43.8,0.0,37.7,97.9,97.9,141.7,43.8,0.0
2026-09-09 15:37:31,two_machine_standoff,SPT_SMPT,42,480.1,1,0,0.0,0,Mill,3,20.0,20.0,20.0,0.0,18.6,38.3,51.0,71.0,20.0,12.7
2026-09-09 15:37:31,two_machine_standoff,SPT_SMPT,42,480.1,1,0,0.0,1,Weld,2,16.1,16.1,16.1,0.0,54.2,129.2,141.7,157.8,16.2,12.5
2026-09-09 15:37:31,two_machine_standoff,SPT_SMPT,42,480.1,2,0,0.0,0,Mill,3,20.0,20.0,20.0,0.0,20.7,48.3,71.0,91.1,20.0,22.8
2026-09-09 15:37:31,two_machine_standoff,SPT_SMPT,42,480.1,2,0,0.0,1,Weld,2,27.4,27.4,27.4,0.0,42.4,203.0,238.1,265.5,27.4,35.1
2026-09-09 15:37:31,two_machine_standoff,SPT_SMPT,42,480.1,3,0,0.0,0,Mill,3,20.0,20.0,20.0,0.0,37.6,88.9,91.1,111.1,20.0,2.2
2026-09-09 15:37:31,two_machine_standoff,SPT_SMPT,42,480.1,3,0,0.0,1,Weld,2,25.0,25.0,25.0,0.0,36.9,149.7,157.8,182.9,25.1,8.1
2026-09-09 15:37:31,two_machine_standoff,SPT_SMPT,42,480.1,4,0,0.0,0,Mill,3,20.0,20.0,20.0,0.0,58.4,119.9,131.2,151.2,20.0,11.2
2026-09-09 15:37:31,two_machine_standoff,SPT_SMPT,42,480.1,4,0,0.0,1,Weld,2,48.1,48.1,48.1,0.0,30.4,183.9,380.3,428.4,48.2,196.4
2026-09-09 15:37:31,two_machine_standoff,SPT_SMPT,42,480.1,5,0,0.0,0,Mill,3,20.0,20.0,20.0,0.0,69.3,140.6,151.2,171.2,20.0,10.6
2026-09-09 15:37:31,two_machine_standoff,SPT_SMPT,42,480.1,5,0,0.0,1,Weld,2,45.5,45.5,45.5,0.0,24.5,265.1,334.8,380.3,45.5,69.7
2026-09-09 15:37:31,two_machine_standoff,SPT_SMPT,42,480.1,6,0,0.0,0,Mill,3,20.0,20.0,20.0,0.0,27.7,68.9,111.1,131.1,20.0,42.2
2026-09-09 15:37:31,two_machine_standoff,SPT_SMPT,42,480.1,6,0,0.0,1,Weld,2,55.2,55.2,55.2,0.0,36.4,169.8,182.9,238.1,55.2,13.1
2026-09-09 15:37:31,two_machine_standoff,SPT_SMPT,42,480.1,7,0,0.0,0,Mill,3,20.0,20.0,20.0,0.0,22.2,58.6,171.2,191.3,20.0,112.6
2026-09-09 15:37:31,two_machine_standoff,SPT_SMPT,42,480.1,7,0,0.0,1,Weld,2,18.9,18.9,18.9,0.0,49.2,242.7,281.8,300.8,18.9,39.1
2026-09-09 15:37:31,two_machine_standoff,SPT_SMPT,42,480.1,8,0,0.0,0,Mill,3,20.0,20.0,20.0,0.0,35.2,81.9,191.3,211.3,20.0,109.4
2026-09-09 15:37:31,two_machine_standoff,SPT_SMPT,42,480.1,8,0,0.0,1,Weld,2,34.0,34.0,34.0,0.0,40.1,253.6,300.8,334.8,34.0,47.1
2026-09-09 15:37:31,two_machine_standoff,SPT_SMPT,42,480.1,9,0,0.0,0,Mill,3,20.0,20.0,20.0,0.0,39.1,96.0,211.3,231.3,20.0,115.4
2026-09-09 15:37:31,two_machine_standoff,SPT_SMPT,42,480.1,9,0,0.0,1,Weld,2,16.3,16.3,16.3,0.0,25.8,259.4,265.5,281.8,16.4,6.1
2026-09-09 15:37:44,two_machine_standoff,SPT_SMPT,43,480.1,0,0,0.0,0,Mill,3,20.0,20.0,20.0,0.0,18.6,31.0,31.0,51.0,20.0,0.0
2026-09-09 15:37:44,two_machine_standoff,SPT_SMPT,43,480.1,0,0,0.0,1,Weld,2,43.8,43.8,43.8,0.0,37.7,97.9,97.9,141.7,43.8,0.0
2026-09-09 15:37:44,two_machine_standoff,SPT_SMPT,43,480.1,1,0,0.0,0,Mill,3,20.0,20.0,20.0,0.0,18.6,38.3,51.0,71.0,20.0,12.7
2026-09-09 15:37:44,two_machine_standoff,SPT_SMPT,43,480.1,1,0,0.0,1,Weld,2,16.1,16.1,16.1,0.0,54.2,129.2,141.7,157.8,16.2,12.5
2026-09-09 15:37:44,two_machine_standoff,SPT_SMPT,43,480.1,2,0,0.0,0,Mill,3,20.0,20.0,20.0,0.0,20.7,48.3,71.0,91.1,20.0,22.8
2026-09-09 15:37:44,two_machine_standoff,SPT_SMPT,43,480.1,2,0,0.0,1,Weld,2,27.4,27.4,27.4,0.0,42.4,203.0,238.1,265.5,27.4,35.1
2026-09-09 15:37:44,two_machine_standoff,SPT_SMPT,43,480.1,3,0,0.0,0,Mill,3,20.0,20.0,20.0,0.0,37.6,88.9,91.1,111.1,20.0,2.2
2026-09-09 15:37:44,two_machine_standoff,SPT_SMPT,43,480.1,3,0,0.0,1,Weld,2,25.0,25.0,25.0,0.0,36.9,149.7,157.8,182.9,25.1,8.1
2026-09-09 15:37:44,two_machine_standoff,SPT_SMPT,43,480.1,4,0,0.0,0,Mill,3,20.0,20.0,20.0,0.0,58.4,119.9,131.2,151.2,20.0,11.2
2026-09-09 15:37:44,two_machine_standoff,SPT_SMPT,43,480.1,4,0,0.0,1,Weld,2,48.1,48.1,48.1,0.0,30.4,183.9,380.3,428.4,48.2,196.4
2026-09-09 15:37:44,two_machine_standoff,SPT_SMPT,43,480.1,5,0,0.0,0,Mill,3,20.0,20.0,20.0,0.0,69.3,140.6,151.2,171.2,20.0,10.6
2026-09-09 15:37:44,two_machine_standoff,SPT_SMPT,43,480.1,5,0,0.0,1,Weld,2,45.5,45.5,45.5,0.0,24.5,265.1,334.8,380.3,45.5,69.7
2026-09-09 15:37:44,two_machine_standoff,SPT_SMPT,43,480.1,6,0,0.0,0,Mill,3,20.0,20.0,20.0,0.0,27.7,68.9,111.1,131.1,20.0,42.2
2026-09-09 15:37:44,two_machine_standoff,SPT_SMPT,43,480.1,6,0,0.0,1,Weld,2,55.2,55.2,55.2,0.0,36.4,169.8,182.9,238.1,55.2,13.1
2026-09-09 15:37:44,two_machine_standoff,SPT_SMPT,43,480.1,7,0,0.0,0,Mill,3,20.0,20.0,20.0,0.0,22.2,58.6,171.2,191.3,20.0,112.6
2026-09-09 15:37:44,two_machine_standoff,SPT_SMPT,43,480.1,7,0,0.0,1,Weld,2,18.9,18.9,18.9,0.0,49.2,242.7,281.8,300.8,18.9,39.1
2026-09-09 15:37:44,two_machine_standoff,SPT_SMPT,43,480.1,8,0,0.0,0,Mill,3,20.0,20.0,20.0,0.0,35.2,81.9,191.3,211.3,20.0,109.4
2026-09-09 15:37:44,two_machine_standoff,SPT_SMPT,43,480.1,8,0,0.0,1,Weld,2,34.0,34.0,34.0,0.0,40.1,253.6,300.8,334.8,34.0,47.1
2026-09-09 15:37:44,two_machine_standoff,SPT_SMPT,43,480.1,9,0,0.0,0,Mill,3,20.0,20.0,20.0,0.0,39.1,96.0,211.3,231.3,20.0,115.4
2026-09-09 15:37:44,two_machine_standoff,SPT_SMPT,43,480.1,9,0,0.0,1,Weld,2,16.3,16.3,16.3,0.0,25.8,259.4,265.5,281.8,16.4,6.1
2026-09-09 15:37:58,two_machine_standoff,SPT_SMPT,44,480.1,0,0,0.0,0,Mill,3,20.0,20.0,20.0,0.0,18.6,31.0,31.0,51.0,20.0,0.0
2026-09-09 15:37:58,two_machine_standoff,SPT_SMPT,44,480.1,0,0,0.0,1,Weld,2,43.8,43.8,43.8,0.0,37.7,97.9,97.9,141.7,43.8,0.0
2026-09-09 15:37:58,two_machine_standoff,SPT_SMPT,44,480.1,1,0,0.0,0,Mill,3,20.0,20.0,20.0,0.0,18.6,38.3,51.0,71.0,20.0,12.7
2026-09-09 15:37:58,two_machine_standoff,SPT_SMPT,44,480.1,1,0,0.0,1,Weld,2,16.1,16.1,16.1,0.0,54.2,129.2,141.7,157.8,16.2,12.5
2026-09-09 15:37:58,two_machine_standoff,SPT_SMPT,44,480.1,2,0,0.0,0,Mill,3,20.0,20.0,20.0,0.0,20.7,48.3,71.0,91.1,20.0,22.8
2026-09-09 15:37:58,two_machine_standoff,SPT_SMPT,44,480.1,2,0,0.0,1,Weld,2,27.4,27.4,27.4,0.0,42.4,203.0,238.1,265.5,27.4,35.1
2026-09-09 15:37:58,two_machine_standoff,SPT_SMPT,44,480.1,3,0,0.0,0,Mill,3,20.0,20.0,20.0,0.0,37.6,88.9,91.1,111.1,20.0,2.2
2026-09-09 15:37:58,two_machine_standoff,SPT_SMPT,44,480.1,3,0,0.0,1,Weld,2,25.0,25.0,25.0,0.0,36.9,149.7,157.8,182.9,25.1,8.1
2026-09-09 15:37:58,two_machine_standoff,SPT_SMPT,44,480.1,4,0,0.0,0,Mill,3,20.0,20.0,20.0,0.0,58.4,119.9,131.2,151.2,20.0,11.2
2026-09-09 15:37:58,two_machine_standoff,SPT_SMPT,44,480.1,4,0,0.0,1,Weld,2,48.1,48.1,48.1,0.0,30.4,183.9,380.3,428.4,48.2,196.4
2026-09-09 15:37:58,two_machine_standoff,SPT_SMPT,44,480.1,5,0,0.0,0,Mill,3,20.0,20.0,20.0,0.0,69.3,140.6,151.2,171.2,20.0,10.6
2026-09-09 15:37:58,two_machine_standoff,SPT_SMPT,44,480.1,5,0,0.0,1,Weld,2,45.5,45.5,45.5,0.0,24.5,265.1,334.8,380.3,45.5,69.7
2026-09-09 15:37:58,two_machine_standoff,SPT_SMPT,44,480.1,6,0,0.0,0,Mill,3,20.0,20.0,20.0,0.0,27.7,68.9,111.1,131.1,20.0,42.2
2026-09-09 15:37:58,two_machine_standoff,SPT_SMPT,44,480.1,6,0,0.0,1,Weld,2,55.2,55.2,55.2,0.0,36.4,169.8,182.9,238.1,55.2,13.1
2026-09-09 15:37:58,two_machine_standoff,SPT_SMPT,44,480.1,7,0,0.0,0,Mill,3,20.0,20.0,20.0,0.0,22.2,58.6,171.2,191.3,20.0,112.6
2026-09-09 15:37:58,two_machine_standoff,SPT_SMPT,44,480.1,7,0,0.0,1,Weld,2,18.9,18.9,18.9,0.0,49.2,242.7,281.8,300.8,18.9,39.1
2026-09-09 15:37:58,two_machine_standoff,SPT_SMPT,44,480.1,8,0,0.0,0,Mill,3,20.0,20.0,20.0,0.0,35.2,81.9,191.3,211.3,20.0,109.4
2026-09-09 15:37:58,two_machine_standoff,SPT_SMPT,44,480.1,8,0,0.0,1,Weld,2,34.0,34.0,34.0,0.0,40.1,253.6,300.8,334.8,34.0,47.1
2026-09-09 15:37:58,two_machine_standoff,SPT_SMPT,44,480.1,9,0,0.0,0,Mill,3,20.0,20.0,20.0,0.0,39.1,96.0,211.3,231.3,20.0,115.4
2026-09-09 15:37:58,two_machine_standoff,SPT_SMPT,44,480.1,9,0,0.0,1,Weld,2,16.3,16.3,16.3,0.0,25.8,259.4,265.5,281.8,16.4,6.1
2026-09-09 15:38:05,zero_contention,SPT_SMPT,42,268.82,0,0,0.0,0,Mill,1,39.2,39.2,39.2,0.0,18.6,31.0,31.0,70.2,39.2,0.0
2026-09-09 15:38:05,zero_contention,SPT_SMPT,42,268.82,0,0,0.0,1,Lathe,1,20.8,20.8,20.8,0.0,20.7,116.5,116.5,137.2,20.8,0.0
2026-09-09 15:38:05,zero_contention,SPT_SMPT,42,268.82,0,0,0.0,2,Weld,1,28.3,28.3,28.3,0.0,20.8,171.1,171.1,199.3,28.3,0.0
2026-09-09 15:38:05,zero_contention,SPT_SMPT,42,268.82,1,0,0.0,0,Mill,1,26.7,26.7,26.7,0.0,16.8,36.6,36.6,63.3,26.7,0.0
2026-09-09 15:38:05,zero_contention,SPT_SMPT,42,268.82,1,0,0.0,1,Lathe,1,42.1,42.1,42.1,0.0,20.8,98.4,98.4,140.6,42.1,0.0
2026-09-09 15:38:05,zero_contention,SPT_SMPT,42,268.82,1,0,0.0,2,Weld,1,40.3,40.3,40.3,0.0,20.6,177.0,177.0,217.3,40.3,0.0
2026-09-09 15:38:05,zero_contention,SPT_SMPT,42,268.82,2,0,0.0,0,Mill,1,46.8,46.8,46.8,0.0,43.3,70.9,70.9,117.7,46.8,0.0
2026-09-09 15:38:05,zero_contention,SPT_SMPT,42,268.82,2,0,0.0,1,Lathe,1,22.6,22.6,22.6,0.0,4.7,124.6,124.6,147.2,22.6,0.0
2026-09-09 15:38:05,zero_contention,SPT_SMPT,42,268.82,2,0,0.0,2,Weld,1,32.7,32.7,32.7,0.0,13.0,168.7,168.7,201.4,32.7,0.0
2026-09-09 15:38:12,zero_contention,SPT_SMPT,43,268.82,0,0,0.0,0,Mill,1,39.2,39.2,39.2,0.0,18.6,31.0,31.0,70.2,39.2,0.0
2026-09-09 15:38:12,zero_contention,SPT_SMPT,43,268.82,0,0,0.0,1,Lathe,1,20.8,20.8,20.8,0.0,20.7,116.5,116.5,137.2,20.8,0.0
2026-09-09 15:38:12,zero_contention,SPT_SMPT,43,268.82,0,0,0.0,2,Weld,1,28.3,28.3,28.3,0.0,20.8,171.1,171.1,199.3,28.3,0.0
2026-09-09 15:38:12,zero_contention,SPT_SMPT,43,268.82,1,0,0.0,0,Mill,1,26.7,26.7,26.7,0.0,16.8,36.6,36.6,63.3,26.7,0.0
2026-09-09 15:38:12,zero_contention,SPT_SMPT,43,268.82,1,0,0.0,1,Lathe,1,42.1,42.1,42.1,0.0,20.8,98.4,98.4,140.6,42.1,0.0
2026-09-09 15:38:12,zero_contention,SPT_SMPT,43,268.82,1,0,0.0,2,Weld,1,40.3,40.3,40.3,0.0,20.6,177.0,177.0,217.3,40.3,0.0
2026-09-09 15:38:12,zero_contention,SPT_SMPT,43,268.82,2,0,0.0,0,Mill,1,46.8,46.8,46.8,0.0,43.3,70.9,70.9,117.7,46.8,0.0
2026-09-09 15:38:12,zero_contention,SPT_SMPT,43,268.82,2,0,0.0,1,Lathe,1,22.6,22.6,22.6,0.0,4.7,124.6,124.6,147.2,22.6,0.0
2026-09-09 15:38:12,zero_contention,SPT_SMPT,43,268.82,2,0,0.0,2,Weld,1,32.7,32.7,32.7,0.0,13.0,168.7,168.7,201.4,32.7,0.0
2026-09-09 15:38:20,zero_contention,SPT_SMPT,44,268.82,0,0,0.0,0,Mill,1,39.2,39.2,39.2,0.0,18.6,31.0,31.0,70.2,39.2,0.0
2026-09-09 15:38:20,zero_contention,SPT_SMPT,44,268.82,0,0,0.0,1,Lathe,1,20.8,20.8,20.8,0.0,20.7,116.5,116.5,137.2,20.8,0.0
2026-09-09 15:38:20,zero_contention,SPT_SMPT,44,268.82,0,0,0.0,2,Weld,1,28.3,28.3,28.3,0.0,20.8,171.1,171.1,199.3,28.3,0.0
2026-09-09 15:38:20,zero_contention,SPT_SMPT,44,268.82,1,0,0.0,0,Mill,1,26.7,26.7,26.7,0.0,16.8,36.6,36.6,63.3,26.7,0.0
2026-09-09 15:38:20,zero_contention,SPT_SMPT,44,268.82,1,0,0.0,1,Lathe,1,42.1,42.1,42.1,0.0,20.8,98.4,98.4,140.6,42.1,0.0
2026-09-09 15:38:20,zero_contention,SPT_SMPT,44,268.82,1,0,0.0,2,Weld,1,40.3,40.3,40.3,0.0,20.6,177.0,177.0,217.3,40.3,0.0
2026-09-09 15:38:20,zero_contention,SPT_SMPT,44,268.82,2,0,0.0,0,Mill,1,46.8,46.8,46.8,0.0,43.3,70.9,70.9,117.7,46.8,0.0
2026-09-09 15:38:20,zero_contention,SPT_SMPT,44,268.82,2,0,0.0,1,Lathe,1,22.6,22.6,22.6,0.0,4.7,124.6,124.6,147.2,22.6,0.0
2026-09-09 15:38:20,zero_contention,SPT_SMPT,44,268.82,2,0,0.0,2,Weld,1,32.7,32.7,32.7,0.0,13.0,168.7,168.7,201.4,32.7,0.0
2026-09-09 15:28:57,bimodal_mix,SPT_SRWT,42,711.08,0,0,0.0,0,Weld,1,150.0,150.0,150.0,0.0,13.2,25.6,25.6,175.6,150.0,0.0
2026-09-09 15:28:57,bimodal_mix,SPT_SRWT,42,711.08,1,0,0.0,0,Weld,1,150.0,150.0,150.0,0.0,13.5,33.2,411.8,561.8,150.0,378.5
2026-09-09 15:28:57,bimodal_mix,SPT_SRWT,42,711.08,2,0,5.0,0,Weld,1,10.3,10.3,10.3,0.0,13.2,40.9,318.4,328.7,10.3,277.6
2026-09-09 15:28:57,bimodal_mix,SPT_SRWT,42,711.08,3,0,13.0,0,Weld,1,9.1,9.1,9.1,0.0,18.2,64.5,175.6,184.7,9.1,111.1
2026-09-09 15:28:57,bimodal_mix,SPT_SRWT,42,711.08,4,0,21.0,0,Weld,1,9.6,9.6,9.6,0.0,13.2,50.0,258.9,268.5,9.6,209.0
2026-09-09 15:28:57,bimodal_mix,SPT_SRWT,42,711.08,5,0,29.0,0,Weld,1,9.5,9.5,9.5,0.0,27.3,94.5,249.5,258.9,9.5,155.0
2026-09-09 15:28:57,bimodal_mix,SPT_SRWT,42,711.08,6,0,37.0,0,Weld,1,10.5,10.5,10.5,0.0,23.1,79.9,369.2,379.7,10.5,289.3
2026-09-09 15:28:57,bimodal_mix,SPT_SRWT,42,711.08,7,0,45.0,0,Weld,1,10.4,10.4,10.4,0.0,20.2,72.2,348.4,358.8,10.4,276.2
2026-09-09 15:28:57,bimodal_mix,SPT_SRWT,42,711.08,8,0,53.0,0,Weld,1,10.8,10.8,10.8,0.0,48.6,110.9,401.0,411.8,10.8,290.1
2026-09-09 15:28:57,bimodal_mix,SPT_SRWT,42,711.08,9,0,61.0,0,Weld,1,9.2,9.2,9.2,0.0,53.1,125.7,202.9,212.1,9.2,77.2
2026-09-09 15:28:57,bimodal_mix,SPT_SRWT,42,711.08,10,0,69.0,0,Weld,1,9.8,9.8,9.8,0.0,55.1,133.2,268.5,278.4,9.9,135.3
2026-09-09 15:28:57,bimodal_mix,SPT_SRWT,42,711.08,11,0,77.0,0,Weld,1,9.1,9.1,9.1,0.0,31.7,121.0,193.8,202.9,9.1,72.8
2026-09-09 15:28:57,bimodal_mix,SPT_SRWT,42,711.08,12,0,85.0,0,Weld,1,9.4,9.4,9.4,0.0,34.0,128.8,230.5,240.0,9.5,101.8
2026-09-09 15:28:57,bimodal_mix,SPT_SRWT,42,711.08,13,0,93.0,0,Weld,1,10.0,10.0,10.0,0.0,20.0,144.0,278.4,288.4,10.0,134.4
2026-09-09 15:28:57,bimodal_mix,SPT_SRWT,42,711.08,14,0,101.0,0,Weld,1,9.1,9.1,9.1,0.0,31.2,136.3,184.7,193.8,9.1,48.4
2026-09-09 15:28:57,bimodal_mix,SPT_SRWT,42,711.08,15,0,109.0,0,Weld,1,9.4,9.4,9.4,0.0,22.8,159.4,212.1,221.5,9.4,52.7
2026-09-09 15:28:57,bimodal_mix,SPT_SRWT,42,711.08,16,0,117.0,0,Weld,1,10.3,10.3,10.3,0.0,20.0,151.7,328.7,339.1,10.3,177.0
2026-09-09 15:28:57,bimodal_mix,SPT_SRWT,42,711.08,17,0,125.0,0,Weld,1,10.1,10.1,10.1,0.0,34.8,187.1,298.1,308.2,10.1,111.0
2026-09-09 15:28:57,bimodal_mix,SPT_SRWT,42,711.08,18,0,133.0,0,Weld,1,9.4,9.4,9.4,0.0,24.9,167.0,240.0,249.5,9.5,73.0
2026-09-09 15:28:57,bimodal_mix,SPT_SRWT,42,711.08,19,0,141.0,0,Weld,1,10.2,10.2,10.2,0.0,27.0,174.5,308.2,318.4,10.2,133.8
2026-09-09 15:28:57,bimodal_mix,SPT_SRWT,42,711.08,20,0,149.0,0,Weld,1,10.6,10.6,10.6,0.0,38.4,196.3,390.3,401.0,10.6,194.1
2026-09-09 15:28:57,bimodal_mix,SPT_SRWT,42,711.08,21,0,157.0,0,Weld,1,9.0,9.0,9.0,0.0,44.4,219.2,221.5,230.5,9.0,2.3
2026-09-09 15:28:57,bimodal_mix,SPT_SRWT,42,711.08,22,0,165.0,0,Weld,1,10.6,10.6,10.6,0.0,40.0,210.0,379.7,390.3,10.6,169.7
2026-09-09 15:28:57,bimodal_mix,SPT_SRWT,42,711.08,23,0,173.0,0,Weld,1,10.4,10.4,10.4,0.0,48.3,228.5,358.8,369.2,10.4,130.3
2026-09-09 15:28:57,bimodal_mix,SPT_SRWT,42,711.08,24,0,181.0,0,Weld,1,9.7,9.7,9.7,0.0,68.9,284.5,288.4,298.1,9.7,3.9
2026-09-09 15:28:57,bimodal_mix,SPT_SRWT,42,711.08,25,0,189.0,0,Weld,1,9.3,9.3,9.3,0.0,28.0,331.4,339.1,348.4,9.3,7.7
2026-09-09 15:28:57,bimodal_mix,SPT_SRWT,42,711.08,26,0,197.0,0,Weld,1,10.9,10.9,10.9,0.0,35.1,536.8,571.5,582.5,10.9,34.8
2026-09-09 15:28:57,bimodal_mix,SPT_SRWT,42,711.08,27,0,205.0,0,Weld,1,9.7,9.7,9.7,0.0,36.6,551.4,561.8,571.5,9.7,10.4
2026-09-09 15:28:57,bimodal_mix,SPT_SRWT,42,711.08,28,0,213.0,0,Weld,1,9.2,9.2,9.2,0.0,35.1,587.5,591.7,600.9,9.2,4.2
2026-09-09 15:28:57,bimodal_mix,SPT_SRWT,42,711.08,29,0,221.0,0,Weld,1,9.2,9.2,9.2,0.0,32.5,579.9,582.5,591.7,9.2,2.6
2026-09-09 15:28:57,bimodal_mix,SPT_SRWT,42,711.08,30,0,229.0,0,Weld,1,10.7,10.7,10.7,0.0,35.8,602.6,611.1,621.9,10.7,8.5
2026-09-09 15:28:57,bimodal_mix,SPT_SRWT,42,711.08,31,0,237.0,0,Weld,1,10.2,10.2,10.2,0.0,33.0,595.0,600.9,611.1,10.2,5.9
2026-09-09 15:29:18,bimodal_mix,SPT_SRWT,43,711.08,0,0,0.0,0,Weld,1,150.0,150.0,150.0,0.0,13.2,25.6,25.6,175.6,150.0,0.0
2026-09-09 15:29:18,bimodal_mix,SPT_SRWT,43,711.08,1,0,0.0,0,Weld,1,150.0,150.0,150.0,0.0,13.5,33.2,411.8,561.8,150.0,378.5
2026-09-09 15:29:18,bimodal_mix,SPT_SRWT,43,711.08,2,0,5.0,0,Weld,1,10.3,10.3,10.3,0.0,13.2,40.9,318.4,328.7,10.3,277.6
2026-09-09 15:29:18,bimodal_mix,SPT_SRWT,43,711.08,3,0,13.0,0,Weld,1,9.1,9.1,9.1,0.0,18.2,64.5,175.6,184.7,9.1,111.1
2026-09-09 15:29:18,bimodal_mix,SPT_SRWT,43,711.08,4,0,21.0,0,Weld,1,9.6,9.6,9.6,0.0,13.2,50.0,258.9,268.5,9.6,209.0
2026-09-09 15:29:18,bimodal_mix,SPT_SRWT,43,711.08,5,0,29.0,0,Weld,1,9.5,9.5,9.5,0.0,27.3,94.5,249.5,258.9,9.5,155.0
2026-09-09 15:29:18,bimodal_mix,SPT_SRWT,43,711.08,6,0,37.0,0,Weld,1,10.5,10.5,10.5,0.0,23.1,79.9,369.2,379.7,10.5,289.3
2026-09-09 15:29:18,bimodal_mix,SPT_SRWT,43,711.08,7,0,45.0,0,Weld,1,10.4,10.4,10.4,0.0,20.2,72.2,348.4,358.8,10.4,276.2
2026-09-09 15:29:18,bimodal_mix,SPT_SRWT,43,711.08,8,0,53.0,0,Weld,1,10.8,10.8,10.8,0.0,48.6,110.9,401.0,411.8,10.8,290.1
2026-09-09 15:29:18,bimodal_mix,SPT_SRWT,43,711.08,9,0,61.0,0,Weld,1,9.2,9.2,9.2,0.0,53.1,125.7,202.9,212.1,9.2,77.2
2026-09-09 15:29:18,bimodal_mix,SPT_SRWT,43,711.08,10,0,69.0,0,Weld,1,9.8,9.8,9.8,0.0,55.1,133.2,268.5,278.4,9.9,135.3
2026-09-09 15:29:18,bimodal_mix,SPT_SRWT,43,711.08,11,0,77.0,0,Weld,1,9.1,9.1,9.1,0.0,31.7,121.0,193.8,202.9,9.1,72.8
2026-09-09 15:29:18,bimodal_mix,SPT_SRWT,43,711.08,12,0,85.0,0,Weld,1,9.4,9.4,9.4,0.0,34.0,128.8,230.5,240.0,9.5,101.8
2026-09-09 15:29:18,bimodal_mix,SPT_SRWT,43,711.08,13,0,93.0,0,Weld,1,10.0,10.0,10.0,0.0,20.0,144.0,278.4,288.4,10.0,134.4
2026-09-09 15:29:18,bimodal_mix,SPT_SRWT,43,711.08,14,0,101.0,0,Weld,1,9.1,9.1,9.1,0.0,31.2,136.3,184.7,193.8,9.1,48.4
2026-09-09 15:29:18,bimodal_mix,SPT_SRWT,43,711.08,15,0,109.0,0,Weld,1,9.4,9.4,9.4,0.0,22.8,159.4,212.1,221.5,9.4,52.7
2026-09-09 15:29:18,bimodal_mix,SPT_SRWT,43,711.08,16,0,117.0,0,Weld,1,10.3,10.3,10.3,0.0,20.0,151.7,328.7,339.1,10.3,177.0
2026-09-09 15:29:18,bimodal_mix,SPT_SRWT,43,711.08,17,0,125.0,0,Weld,1,10.1,10.1,10.1,0.0,34.8,187.1,298.1,308.2,10.1,111.0
2026-09-09 15:29:18,bimodal_mix,SPT_SRWT,43,711.08,18,0,133.0,0,Weld,1,9.4,9.4,9.4,0.0,24.9,167.0,240.0,249.5,9.5,73.0
2026-09-09 15:29:18,bimodal_mix,SPT_SRWT,43,711.08,19,0,141.0,0,Weld,1,10.2,10.2,10.2,0.0,27.0,174.5,308.2,318.4,10.2,133.8
2026-09-09 15:29:18,bimodal_mix,SPT_SRWT,43,711.08,20,0,149.0,0,Weld,1,10.6,10.6,10.6,0.0,38.4,196.3,390.3,401.0,10.6,194.1
2026-09-09 15:29:18,bimodal_mix,SPT_SRWT,43,711.08,21,0,157.0,0,Weld,1,9.0,9.0,9.0,0.0,44.4,219.2,221.5,230.5,9.0,2.3
2026-09-09 15:29:18,bimodal_mix,SPT_SRWT,43,711.08,22,0,165.0,0,Weld,1,10.6,10.6,10.6,0.0,40.0,210.0,379.7,390.3,10.6,169.7
2026-09-09 15:29:18,bimodal_mix,SPT_SRWT,43,711.08,23,0,173.0,0,Weld,1,10.4,10.4,10.4,0.0,48.3,228.5,358.8,369.2,10.4,130.3
2026-09-09 15:29:18,bimodal_mix,SPT_SRWT,43,711.08,24,0,181.0,0,Weld,1,9.7,9.7,9.7,0.0,68.9,284.5,288.4,298.1,9.7,3.9
2026-09-09 15:29:18,bimodal_mix,SPT_SRWT,43,711.08,25,0,189.0,0,Weld,1,9.3,9.3,9.3,0.0,28.0,331.4,339.1,348.4,9.3,7.7
2026-09-09 15:29:18,bimodal_mix,SPT_SRWT,43,711.08,26,0,197.0,0,Weld,1,10.9,10.9,10.9,0.0,35.1,536.8,571.5,582.5,10.9,34.8
2026-09-09 15:29:18,bimodal_mix,SPT_SRWT,43,711.08,27,0,205.0,0,Weld,1,9.7,9.7,9.7,0.0,36.6,551.4,561.8,571.5,9.7,10.4
2026-09-09 15:29:18,bimodal_mix,SPT_SRWT,43,711.08,28,0,213.0,0,Weld,1,9.2,9.2,9.2,0.0,35.1,587.5,591.7,600.9,9.2,4.2
2026-09-09 15:29:18,bimodal_mix,SPT_SRWT,43,711.08,29,0,221.0,0,Weld,1,9.2,9.2,9.2,0.0,32.5,579.9,582.5,591.7,9.2,2.6
2026-09-09 15:29:18,bimodal_mix,SPT_SRWT,43,711.08,30,0,229.0,0,Weld,1,10.7,10.7,10.7,0.0,35.8,602.6,611.1,621.9,10.7,8.5
2026-09-09 15:29:18,bimodal_mix,SPT_SRWT,43,711.08,31,0,237.0,0,Weld,1,10.2,10.2,10.2,0.0,33.0,595.0,600.9,611.1,10.2,5.9
2026-09-09 15:29:38,bimodal_mix,SPT_SRWT,44,711.08,0,0,0.0,0,Weld,1,150.0,150.0,150.0,0.0,13.2,25.6,25.6,175.6,150.0,0.0
2026-09-09 15:29:38,bimodal_mix,SPT_SRWT,44,711.08,1,0,0.0,0,Weld,1,150.0,150.0,150.0,0.0,13.5,33.2,411.8,561.8,150.0,378.5
2026-09-09 15:29:38,bimodal_mix,SPT_SRWT,44,711.08,2,0,5.0,0,Weld,1,10.3,10.3,10.3,0.0,13.2,40.9,318.4,328.7,10.3,277.6
2026-09-09 15:29:38,bimodal_mix,SPT_SRWT,44,711.08,3,0,13.0,0,Weld,1,9.1,9.1,9.1,0.0,18.2,64.5,175.6,184.7,9.1,111.1
2026-09-09 15:29:38,bimodal_mix,SPT_SRWT,44,711.08,4,0,21.0,0,Weld,1,9.6,9.6,9.6,0.0,13.2,50.0,258.9,268.5,9.6,209.0
2026-09-09 15:29:38,bimodal_mix,SPT_SRWT,44,711.08,5,0,29.0,0,Weld,1,9.5,9.5,9.5,0.0,27.3,94.5,249.5,258.9,9.5,155.0
2026-09-09 15:29:38,bimodal_mix,SPT_SRWT,44,711.08,6,0,37.0,0,Weld,1,10.5,10.5,10.5,0.0,23.1,79.9,369.2,379.7,10.5,289.3
2026-09-09 15:29:38,bimodal_mix,SPT_SRWT,44,711.08,7,0,45.0,0,Weld,1,10.4,10.4,10.4,0.0,20.2,72.2,348.4,358.8,10.4,276.2
2026-09-09 15:29:38,bimodal_mix,SPT_SRWT,44,711.08,8,0,53.0,0,Weld,1,10.8,10.8,10.8,0.0,48.6,110.9,401.0,411.8,10.8,290.1
2026-09-09 15:29:38,bimodal_mix,SPT_SRWT,44,711.08,9,0,61.0,0,Weld,1,9.2,9.2,9.2,0.0,53.1,125.7,202.9,212.1,9.2,77.2
2026-09-09 15:29:38,bimodal_mix,SPT_SRWT,44,711.08,10,0,69.0,0,Weld,1,9.8,9.8,9.8,0.0,55.1,133.2,268.5,278.4,9.9,135.3
2026-09-09 15:29:38,bimodal_mix,SPT_SRWT,44,711.08,11,0,77.0,0,Weld,1,9.1,9.1,9.1,0.0,31.7,121.0,193.8,202.9,9.1,72.8
2026-09-09 15:29:38,bimodal_mix,SPT_SRWT,44,711.08,12,0,85.0,0,Weld,1,9.4,9.4,9.4,0.0,34.0,128.8,230.5,240.0,9.5,101.8
2026-09-09 15:29:38,bimodal_mix,SPT_SRWT,44,711.08,13,0,93.0,0,Weld,1,10.0,10.0,10.0,0.0,20.0,144.0,278.4,288.4,10.0,134.4
2026-09-09 15:29:38,bimodal_mix,SPT_SRWT,44,711.08,14,0,101.0,0,Weld,1,9.1,9.1,9.1,0.0,31.2,136.3,184.7,193.8,9.1,48.4
2026-09-09 15:29:38,bimodal_mix,SPT_SRWT,44,711.08,15,0,109.0,0,Weld,1,9.4,9.4,9.4,0.0,22.8,159.4,212.1,221.5,9.4,52.7
2026-09-09 15:29:38,bimodal_mix,SPT_SRWT,44,711.08,16,0,117.0,0,Weld,1,10.3,10.3,10.3,0.0,20.0,151.7,328.7,339.1,10.3,177.0
2026-09-09 15:29:38,bimodal_mix,SPT_SRWT,44,711.08,17,0,125.0,0,Weld,1,10.1,10.1,10.1,0.0,34.8,187.1,298.1,308.2,10.1,111.0
2026-09-09 15:29:38,bimodal_mix,SPT_SRWT,44,711.08,18,0,133.0,0,Weld,1,9.4,9.4,9.4,0.0,24.9,167.0,240.0,249.5,9.5,73.0
2026-09-09 15:29:38,bimodal_mix,SPT_SRWT,44,711.08,19,0,141.0,0,Weld,1,10.2,10.2,10.2,0.0,27.0,174.5,308.2,318.4,10.2,133.8
2026-09-09 15:29:38,bimodal_mix,SPT_SRWT,44,711.08,20,0,149.0,0,Weld,1,10.6,10.6,10.6,0.0,38.4,196.3,390.3,401.0,10.6,194.1
2026-09-09 15:29:38,bimodal_mix,SPT_SRWT,44,711.08,21,0,157.0,0,Weld,1,9.0,9.0,9.0,0.0,44.4,219.2,221.5,230.5,9.0,2.3
2026-09-09 15:29:38,bimodal_mix,SPT_SRWT,44,711.08,22,0,165.0,0,Weld,1,10.6,10.6,10.6,0.0,40.0,210.0,379.7,390.3,10.6,169.7
2026-09-09 15:29:38,bimodal_mix,SPT_SRWT,44,711.08,23,0,173.0,0,Weld,1,10.4,10.4,10.4,0.0,48.3,228.5,358.8,369.2,10.4,130.3
2026-09-09 15:29:38,bimodal_mix,SPT_SRWT,44,711.08,24,0,181.0,0,Weld,1,9.7,9.7,9.7,0.0,68.9,284.5,288.4,298.1,9.7,3.9
2026-09-09 15:29:38,bimodal_mix,SPT_SRWT,44,711.08,25,0,189.0,0,Weld,1,9.3,9.3,9.3,0.0,28.0,331.4,339.1,348.4,9.3,7.7
2026-09-09 15:29:38,bimodal_mix,SPT_SRWT,44,711.08,26,0,197.0,0,Weld,1,10.9,10.9,10.9,0.0,35.1,536.8,571.5,582.5,10.9,34.8
2026-09-09 15:29:38,bimodal_mix,SPT_SRWT,44,711.08,27,0,205.0,0,Weld,1,9.7,9.7,9.7,0.0,36.6,551.4,561.8,571.5,9.7,10.4
2026-09-09 15:29:38,bimodal_mix,SPT_SRWT,44,711.08,28,0,213.0,0,Weld,1,9.2,9.2,9.2,0.0,35.1,587.5,591.7,600.9,9.2,4.2
2026-09-09 15:29:38,bimodal_mix,SPT_SRWT,44,711.08,29,0,221.0,0,Weld,1,9.2,9.2,9.2,0.0,32.5,579.9,582.5,591.7,9.2,2.6
2026-09-09 15:29:38,bimodal_mix,SPT_SRWT,44,711.08,30,0,229.0,0,Weld,1,10.7,10.7,10.7,0.0,35.8,602.6,611.1,621.9,10.7,8.5
2026-09-09 15:29:38,bimodal_mix,SPT_SRWT,44,711.08,31,0,237.0,0,Weld,1,10.2,10.2,10.2,0.0,33.0,595.0,600.9,611.1,10.2,5.9
2026-09-09 15:30:47,compound_scenario,SPT_SRWT,42,2553.52,0,0,0.0,0,Mill,1,39.2,39.2,39.2,0.0,18.6,31.0,31.0,70.2,39.2,0.0
2026-09-09 15:30:47,compound_scenario,SPT_SRWT,42,2553.52,0,0,0.0,1,Lathe,1,20.8,20.8,20.8,0.0,20.7,105.8,105.8,126.6,20.8,0.0
2026-09-09 15:30:47,compound_scenario,SPT_SRWT,42,2553.52,0,0,0.0,2,Weld,1,28.3,28.3,28.3,0.0,21.5,162.5,162.5,190.8,28.3,0.0
2026-09-09 15:30:47,compound_scenario,SPT_SRWT,42,2553.52,1,0,60.0,0,Mill,1,26.7,26.7,26.7,0.0,16.8,93.0,93.0,119.7,26.7,0.0
2026-09-09 15:30:47,compound_scenario,SPT_SRWT,42,2553.52,1,0,60.0,1,Lathe,1,42.1,42.1,42.1,0.0,21.5,156.9,156.9,199.1,42.1,0.0
2026-09-09 15:30:47,compound_scenario,SPT_SRWT,42,2553.52,1,0,60.0,2,Weld,1,40.3,40.3,40.3,0.0,20.6,231.0,231.0,271.3,40.3,0.0
2026-09-09 15:30:47,compound_scenario,SPT_SRWT,42,2553.52,2,0,120.0,0,Mill,1,46.8,46.8,46.8,0.0,34.9,169.9,169.9,216.7,46.8,0.0
2026-09-09 15:30:47,compound_scenario,SPT_SRWT,42,2553.52,2,0,120.0,1,Lathe,1,22.6,22.6,22.6,0.0,4.7,223.6,223.6,246.3,22.6,0.0
2026-09-09 15:30:47,compound_scenario,SPT_SRWT,42,2553.52,2,0,120.0,2,Weld,1,32.7,32.7,32.7,0.0,13.0,262.4,262.4,295.1,32.7,0.0
2026-09-09 15:30:47,compound_scenario,SPT_SRWT,42,2553.52,3,0,250.0,0,Mill,3,20.0,20.0,20.0,0.0,18.6,280.9,280.9,301.0,20.0,0.0
2026-09-09 15:30:47,compound_scenario,SPT_SRWT,42,2553.52,3,0,250.0,1,Weld,1,12.4,12.4,12.4,0.0,22.6,375.7,416.1,428.5,12.4,40.4
2026-09-09 15:30:47,compound_scenario,SPT_SRWT,42,2553.52,4,0,250.0,0,Mill,3,20.0,20.0,20.0,0.0,18.9,291.6,291.6,311.6,20.0,0.0
2026-09-09 15:30:47,compound_scenario,SPT_SRWT,42,2553.52,4,0,250.0,1,Weld,1,27.5,27.5,27.5,0.0,18.9,363.2,428.5,456.0,27.5,65.3
2026-09-09 15:30:47,compound_scenario,SPT_SRWT,42,2553.52,5,0,250.0,0,Mill,3,20.0,20.0,20.0,0.0,36.8,327.3,327.3,347.4,20.0,0.0
2026-09-09 15:30:47,compound_scenario,SPT_SRWT,42,2553.52,5,0,250.0,1,Weld,1,50.4,50.4,50.4,0.0,64.6,477.2,509.6,560.1,50.5,32.4
2026-09-09 15:30:47,compound_scenario,SPT_SRWT,42,2553.52,6,0,250.0,0,Mill,3,20.0,20.0,20.0,0.0,24.0,321.5,324.6,344.6,20.0,3.1
2026-09-09 15:30:47,compound_scenario,SPT_SRWT,42,2553.52,6,0,250.0,1,Weld,1,12.1,12.1,12.1,0.0,27.8,397.9,404.0,416.1,12.1,6.0
2026-09-09 15:30:47,compound_scenario,SPT_SRWT,42,2553.52,7,0,250.0,0,Mill,3,20.0,20.0,20.0,0.0,18.4,332.6,342.4,362.4,20.0,9.8
2026-09-09 15:30:47,compound_scenario,SPT_SRWT,42,2553.52,7,0,250.0,1,Weld,1,25.9,25.9,25.9,0.0,38.7,447.8,456.0,482.0,25.9,8.2
2026-09-09 15:30:47,compound_scenario,SPT_SRWT,42,2553.52,8,0,250.0,0,Mill,3,20.0,20.0,20.0,0.0,38.1,305.8,305.8,325.8,20.0,0.0
2026-09-09 15:30:47,compound_scenario,SPT_SRWT,42,2553.52,8,0,250.0,1,Weld,1,62.0,62.0,62.0,0.0,54.5,383.3,560.1,622.1,62.0,176.8
2026-09-09 15:30:47,compound_scenario,SPT_SRWT,42,2553.52,9,0,250.0,0,Mill,3,20.0,20.0,20.0,0.0,24.8,304.6,304.6,324.6,20.0,0.0
2026-09-09 15:30:47,compound_scenario,SPT_SRWT,42,2553.52,9,0,250.0,1,Weld,1,53.6,53.6,53.6,0.0,21.8,350.3,350.3,404.0,53.6,0.0
2026-09-09 15:30:47,compound_scenario,SPT_SRWT,42,2553.52,10,0,250.0,0,Mill,3,20.0,20.0,20.0,0.0,19.4,322.4,322.4,342.4,20.0,0.0
2026-09-09 15:30:47,compound_scenario,SPT_SRWT,42,2553.52,10,0,250.0,1,Weld,1,27.6,27.6,27.6,0.0,39.7,418.1,482.0,509.6,27.7,63.8
2026-09-09 15:30:47,compound_scenario,SPT_SRWT,42,2553.52,20,0,650.0,0,Mill,3,20.0,20.0,20.0,0.0,18.9,681.2,681.2,701.2,20.0,0.0
2026-09-09 15:30:47,compound_scenario,SPT_SRWT,42,2553.52,20,0,650.0,1,Weld,2,19.2,19.2,19.2,0.0,20.6,728.7,728.7,747.9,19.2,0.0
2026-09-09 15:30:47,compound_scenario,SPT_SRWT,42,2553.52,19,0,650.0,0,Mill,3,20.0,20.0,20.0,0.0,16.8,687.0,687.0,707.0,20.0,0.0
2026-09-09 15:30:47,compound_scenario,SPT_SRWT,42,2553.52,19,0,650.0,1,Weld,2,30.2,30.2,30.2,0.0,18.9,774.1,774.1,804.3,30.2,0.0
2026-09-09 15:30:47,compound_scenario,SPT_SRWT,42,2553.52,18,0,650.0,0,Mill,3,20.0,20.0,20.0,0.0,47.9,727.5,727.5,747.5,20.0,0.0
2026-09-09 15:30:47,compound_scenario,SPT_SRWT,42,2553.52,18,0,650.0,1,Weld,2,58.1,58.1,58.1,0.0,50.3,810.6,810.6,868.7,58.1,0.0
2026-09-09 15:30:47,compound_scenario,SPT_SRWT,42,2553.52,17,0,650.0,0,Mill,3,20.0,20.0,20.0,0.0,23.8,715.2,715.2,735.3,20.0,0.0
2026-09-09 15:30:47,compound_scenario,SPT_SRWT,42,2553.52,17,0,650.0,1,Weld,2,22.0,22.0,22.0,0.0,30.7,826.3,868.7,890.7,22.0,42.4
2026-09-09 15:30:47,compound_scenario,SPT_SRWT,42,2553.52,16,0,650.0,0,Mill,3,20.0,20.0,20.0,0.0,19.2,727.4,727.4,747.4,20.0,0.0
2026-09-09 15:30:47,compound_scenario,SPT_SRWT,42,2553.52,16,0,650.0,1,Weld,2,30.3,30.3,30.3,0.0,20.8,770.4,828.6,859.0,30.3,58.2
2026-09-09 15:30:47,compound_scenario,SPT_SRWT,42,2553.52,14,0,650.0,0,Mill,3,20.0,20.0,20.0,0.0,34.9,754.1,767.6,787.6,20.0,13.5
2026-09-09 15:30:47,compound_scenario,SPT_SRWT,42,2553.52,14,0,650.0,1,Weld,2,51.3,51.3,51.3,0.0,57.3,882.8,905.7,957.0,51.3,22.8
2026-09-09 15:30:47,compound_scenario,SPT_SRWT,42,2553.52,13,0,650.0,0,Mill,3,20.0,20.0,20.0,0.0,24.3,726.3,735.3,755.3,20.0,9.0
2026-09-09 15:30:47,compound_scenario,SPT_SRWT,42,2553.52,13,0,650.0,1,Weld,2,15.3,15.3,15.3,0.0,22.9,795.1,813.3,828.6,15.3,18.2
2026-09-09 15:30:47,compound_scenario,SPT_SRWT,42,2553.52,12,0,650.0,0,Mill,3,20.0,20.0,20.0,0.0,16.8,703.5,707.0,727.0,20.0,3.6
2026-09-09 15:30:47,compound_scenario,SPT_SRWT,42,2553.52,12,0,650.0,1,Weld,2,51.4,51.4,51.4,0.0,33.0,761.9,761.9,813.3,51.4,0.0
2026-09-09 15:30:47,compound_scenario,SPT_SRWT,42,2553.52,11,0,650.0,0,Mill,3,20.0,20.0,20.0,0.0,36.5,733.5,747.5,767.6,20.0,14.0
2026-09-09 15:30:47,compound_scenario,SPT_SRWT,42,2553.52,11,0,650.0,1,Weld,2,41.5,41.5,41.5,0.0,56.0,864.1,864.1,905.7,41.5,0.0
2026-09-09 15:30:47,compound_scenario,SPT_SRWT,42,2553.52,15,0,650.0,0,Mill,3,20.0,20.0,20.0,0.0,32.4,764.0,764.0,784.1,20.0,0.0
2026-09-09 15:30:47,compound_scenario,SPT_SRWT,42,2553.52,15,0,650.0,1,Weld,2,46.4,46.4,46.4,0.0,30.7,818.1,890.7,937.1,46.4,72.6
2026-09-09 15:30:47,compound_scenario,SPT_SRWT,42,2553.52,29,0,1050.0,0,Mill,3,20.0,20.0,20.0,0.0,18.6,1081.0,1081.0,1101.0,20.0,0.0
2026-09-09 15:30:47,compound_scenario,SPT_SRWT,42,2553.52,29,0,1050.0,1,Weld,1,39.8,39.8,39.8,0.0,20.8,1128.7,1128.7,1168.5,39.9,0.0
2026-09-09 15:30:47,compound_scenario,SPT_SRWT,42,2553.52,35,0,1050.0,0,Mill,3,20.0,20.0,20.0,0.0,16.8,1086.4,1086.4,1106.5,20.0,0.0
2026-09-09 15:30:47,compound_scenario,SPT_SRWT,42,2553.52,35,0,1050.0,1,Weld,1,17.1,17.1,17.1,0.0,28.0,1172.7,1222.3,1239.4,17.1,49.7
2026-09-09 15:30:47,compound_scenario,SPT_SRWT,42,2553.52,34,0,1050.0,0,Mill,3,20.0,20.0,20.0,0.0,50.3,1127.7,1127.7,1147.8,20.0,0.0
2026-09-09 15:30:47,compound_scenario,SPT_SRWT,42,2553.52,34,0,1050.0,1,Weld,1,46.7,46.7,46.7,0.0,57.6,1268.5,1456.1,1502.8,46.7,187.6
2026-09-09 15:30:47,compound_scenario,SPT_SRWT,42,2553.52,32,0,1050.0,0,Mill,3,20.0,20.0,20.0,0.0,24.0,1115.3,1115.3,1135.3,20.0,0.0
2026-09-09 15:30:47,compound_scenario,SPT_SRWT,42,2553.52,32,0,1050.0,1,Weld,1,53.8,53.8,53.8,0.0,17.2,1160.4,1168.5,1222.3,53.8,8.2
2026-09-09 15:30:47,compound_scenario,SPT_SRWT,42,2553.52,31,0,1050.0,0,Mill,3,20.0,20.0,20.0,0.0,18.9,1120.5,1126.5,1146.5,20.0,6.0
2026-09-09 15:30:47,compound_scenario,SPT_SRWT,42,2553.52,31,0,1050.0,1,Weld,1,42.8,42.8,42.8,0.0,39.2,1200.5,1351.6,1394.5,42.9,151.1
2026-09-09 15:30:47,compound_scenario,SPT_SRWT,42,2553.52,30,0,1050.0,0,Mill,3,20.0,20.0,20.0,0.0,35.2,1143.4,1147.8,1167.8,20.0,4.4
2026-09-09 15:30:47,compound_scenario,SPT_SRWT,42,2553.52,30,0,1050.0,1,Weld,1,52.3,52.3,52.3,0.0,61.2,1319.9,1768.0,1820.4,52.3,448.2
2026-09-09 15:30:47,compound_scenario,SPT_SRWT,42,2553.52,28,0,1050.0,0,Mill,3,20.0,20.0,20.0,0.0,22.5,1141.7,1141.7,1161.7,20.0,0.0
2026-09-09 15:30:47,compound_scenario,SPT_SRWT,42,2553.52,28,0,1050.0,1,Weld,1,32.0,32.0,32.0,0.0,26.8,1229.4,1239.4,1271.5,32.1,10.0
2026-09-09 15:30:47,compound_scenario,SPT_SRWT,42,2553.52,33,0,1050.0,0,Mill,3,20.0,20.0,20.0,0.0,16.8,1103.2,1106.5,1126.5,20.0,3.3
2026-09-09 15:30:47,compound_scenario,SPT_SRWT,42,2553.52,33,0,1050.0,1,Weld,1,41.0,41.0,41.0,0.0,34.0,1213.0,1310.6,1351.6,41.0,97.6
2026-09-09 15:30:47,compound_scenario,SPT_SRWT,42,2553.52,26,0,1050.0,0,Mill,3,20.0,20.0,20.0,0.0,37.0,1133.8,1167.8,1187.8,20.0,34.1
2026-09-09 15:30:47,compound_scenario,SPT_SRWT,42,2553.52,26,0,1050.0,1,Weld,1,39.1,39.1,39.1,0.0,55.8,1260.9,1271.5,1310.6,39.2,10.6
2026-09-09 15:30:47,compound_scenario,SPT_SRWT,42,2553.52,25,0,1050.0,0,Mill,3,20.0,20.0,20.0,0.0,30.0,1158.8,1161.7,1181.7,20.0,3.0
2026-09-09 15:30:47,compound_scenario,SPT_SRWT,42,2553.52,25,0,1050.0,1,Weld,1,47.8,47.8,47.8,0.0,27.5,1244.0,1598.6,1646.5,47.9,354.6
2026-09-09 15:30:47,compound_scenario,SPT_SRWT,42,2553.52,24,0,1050.0,0,Mill,3,20.0,20.0,20.0,0.0,20.5,1159.8,1159.8,1179.8,20.0,0.0
2026-09-09 15:30:47,compound_scenario,SPT_SRWT,42,2553.52,24,0,1050.0,1,Weld,1,51.3,51.3,51.3,0.0,33.7,1253.1,1646.5,1697.8,51.3,393.3
2026-09-09 15:30:47,compound_scenario,SPT_SRWT,42,2553.52,23,0,1050.0,0,Mill,3,20.0,20.0,20.0,0.0,42.5,1203.6,1203.6,1223.6,20.0,0.0
2026-09-09 15:30:47,compound_scenario,SPT_SRWT,42,2553.52,23,0,1050.0,1,Weld,1,42.2,42.2,42.2,0.0,58.9,1356.5,1394.5,1436.7,42.2,37.9
2026-09-09 15:30:47,compound_scenario,SPT_SRWT,42,2553.52,27,0,1050.0,0,Mill,3,20.0,20.0,20.0,0.0,30.3,1201.1,1201.1,1221.1,20.0,0.0
2026-09-09 15:30:47,compound_scenario,SPT_SRWT,42,2553.52,27,0,1050.0,1,Weld,1,58.8,58.8,58.8,0.0,36.1,1297.4,1955.9,2014.8,58.8,658.5
2026-09-09 15:30:47,compound_scenario,SPT_SRWT,42,2553.52,22,0,1050.0,0,Mill,3,20.0,20.0,20.0,0.0,31.4,1211.8,1211.8,1231.8,20.0,0.0
2026-09-09 15:30:47,compound_scenario,SPT_SRWT,42,2553.52,22,0,1050.0,1,Weld,1,53.1,53.1,53.1,0.0,37.9,1305.2,1820.4,1873.5,53.2,515.2
2026-09-09 15:30:47,compound_scenario,SPT_SRWT,42,2553.52,21,0,1050.0,0,Mill,3,20.0,20.0,20.0,0.0,55.5,1334.6,1334.6,1354.6,20.0,0.0
2026-09-09 15:30:47,compound_scenario,SPT_SRWT,42,2553.52,21,0,1050.0,1,Weld,1,19.4,19.4,19.4,0.0,43.0,1404.4,1436.7,1456.1,19.4,32.3
2026-09-09 15:30:47,compound_scenario,SPT_SRWT,42,2553.52,37,0,1400.0,0,Weld,1,150.0,150.0,150.0,0.0,18.2,1433.1,2014.8,2164.8,150.0,581.7
2026-09-09 15:30:47,compound_scenario,SPT_SRWT,42,2553.52,36,0,1400.0,0,Weld,1,150.0,150.0,150.0,0.0,20.8,1445.3,2164.8,2314.8,150.0,719.5
2026-09-09 15:30:47,compound_scenario,SPT_SRWT,42,2553.52,38,0,1405.0,0,Weld,1,9.5,9.5,9.5,0.0,24.2,1467.5,1521.2,1530.7,9.5,53.7
2026-09-09 15:30:47,compound_scenario,SPT_SRWT,42,2553.52,39,0,1413.0,0,Weld,1,9.6,9.6,9.6,0.0,25.7,1459.9,1549.8,1559.4,9.6,89.8
2026-09-09 15:30:47,compound_scenario,SPT_SRWT,42,2553.52,40,0,1421.0,0,Weld,1,9.2,9.2,9.2,0.0,31.7,1490.2,1502.8,1512.0,9.2,12.6
2026-09-09 15:30:47,compound_scenario,SPT_SRWT,42,2553.52,41,0,1429.0,0,Weld,1,9.5,9.5,9.5,0.0,29.6,1482.7,1530.7,1540.2,9.5,48.0
2026-09-09 15:30:47,compound_scenario,SPT_SRWT,42,2553.52,42,0,1437.0,0,Weld,1,9.2,9.2,9.2,0.0,33.8,1497.8,1512.0,1521.2,9.2,14.2
2026-09-09 15:30:47,compound_scenario,SPT_SRWT,42,2553.52,43,0,1445.0,0,Weld,1,9.6,9.6,9.6,0.0,34.8,1505.4,1540.2,1549.8,9.6,34.8
2026-09-09 15:30:47,compound_scenario,SPT_SRWT,42,2553.52,44,0,1453.0,0,Weld,1,10.3,10.3,10.3,0.0,41.8,1522.3,1588.3,1598.6,10.3,66.0
2026-09-09 15:30:47,compound_scenario,SPT_SRWT,42,2553.52,45,0,1461.0,0,Weld,1,9.7,9.7,9.7,0.0,42.6,1538.3,1568.8,1578.6,9.8,30.5
2026-09-09 15:30:47,compound_scenario,SPT_SRWT,42,2553.52,46,0,1469.0,0,Weld,1,9.7,9.7,9.7,0.0,44.2,1547.4,1578.6,1588.3,9.8,31.1
2026-09-09 15:30:47,compound_scenario,SPT_SRWT,42,2553.52,47,0,1477.0,0,Weld,1,9.4,9.4,9.4,0.0,45.7,1556.6,1559.4,1568.8,9.4,2.8
2026-09-09 15:30:47,compound_scenario,SPT_SRWT,42,2553.52,48,0,1485.0,0,Weld,1,9.5,9.5,9.5,0.0,35.1,1666.8,1697.8,1707.4,9.6,31.1
2026-09-09 15:30:47,compound_scenario,SPT_SRWT,42,2553.52,49,0,1493.0,0,Weld,1,10.9,10.9,10.9,0.0,35.1,1695.2,1707.4,1718.3,10.9,12.2
2026-09-09 15:30:47,compound_scenario,SPT_SRWT,42,2553.52,50,0,1501.0,0,Weld,1,10.3,10.3,10.3,0.0,32.2,1709.6,1718.3,1728.6,10.3,8.7
2026-09-09 15:30:47,compound_scenario,SPT_SRWT,42,2553.52,51,0,1509.0,0,Weld,1,10.2,10.2,10.2,0.0,29.6,1726.3,1728.6,1738.8,10.2,2.3
2026-09-09 15:30:47,compound_scenario,SPT_SRWT,42,2553.52,52,0,1517.0,0,Weld,1,9.3,9.3,9.3,0.0,31.7,1735.5,1738.8,1748.2,9.4,3.3
2026-09-09 15:30:47,compound_scenario,SPT_SRWT,42,2553.52,53,0,1525.0,0,Weld,1,10.5,10.5,10.5,0.0,39.5,1753.6,1757.6,1768.0,10.5,4.0
2026-09-09 15:30:47,compound_scenario,SPT_SRWT,42,2553.52,54,0,1533.0,0,Weld,1,9.3,9.3,9.3,0.0,35.3,1744.5,1748.2,1757.6,9.4,3.7
2026-09-09 15:30:47,compound_scenario,SPT_SRWT,42,2553.52,55,0,1541.0,0,Weld,1,9.8,9.8,9.8,0.0,27.5,1834.1,1873.5,1883.3,9.8,39.4
2026-09-09 15:30:47,compound_scenario,SPT_SRWT,42,2553.52,56,0,1549.0,0,Weld,1,11.0,11.0,11.0,0.0,29.6,1843.3,1944.9,1955.9,11.0,101.6
2026-09-09 15:30:47,compound_scenario,SPT_SRWT,42,2553.52,57,0,1557.0,0,Weld,1,10.3,10.3,10.3,0.0,29.9,1850.8,1893.5,1903.8,10.3,42.6
2026-09-09 15:30:47,compound_scenario,SPT_SRWT,42,2553.52,58,0,1565.0,0,Weld,1,10.1,10.1,10.1,0.0,30.4,1858.6,1883.3,1893.5,10.1,24.8
2026-09-09 15:30:47,compound_scenario,SPT_SRWT,42,2553.52,59,0,1573.0,0,Weld,1,10.4,10.4,10.4,0.0,35.1,1872.9,1903.8,1914.2,10.4,30.8
2026-09-09 15:30:47,compound_scenario,SPT_SRWT,42,2553.52,60,0,1581.0,0,Weld,1,10.7,10.7,10.7,0.0,41.0,1897.1,1934.2,1944.9,10.7,37.1
2026-09-09 15:30:47,compound_scenario,SPT_SRWT,42,2553.52,61,0,1589.0,0,Weld,1,10.6,10.6,10.6,0.0,41.0,1904.9,1923.6,1934.2,10.6,18.8
2026-09-09 15:30:47,compound_scenario,SPT_SRWT,42,2553.52,62,0,1597.0,0,Weld,1,9.5,9.5,9.5,0.0,40.3,1912.6,1914.2,1923.6,9.5,1.6
2026-09-09 15:30:47,compound_scenario,SPT_SRWT,42,2553.52,63,0,2200.0,0,Mill,1,21.0,21.0,21.0,0.0,18.6,2231.4,2231.4,2252.4,21.0,0.0
2026-09-09 15:30:47,compound_scenario,SPT_SRWT,42,2553.52,63,0,2200.0,1,Lathe,1,29.5,29.5,29.5,0.0,20.7,2287.5,2287.5,2316.9,29.5,0.0
2026-09-09 15:30:47,compound_scenario,SPT_SRWT,42,2553.52,63,0,2200.0,2,Weld,1,28.0,28.0,28.0,0.0,25.2,2355.2,2355.2,2383.2,28.1,0.0
2026-09-09 15:30:47,compound_scenario,SPT_SRWT,42,2553.52,64,0,2260.0,0,Mill,1,26.3,26.3,26.3,0.0,16.8,2293.3,2293.3,2319.7,26.4,0.0
2026-09-09 15:30:47,compound_scenario,SPT_SRWT,42,2553.52,64,0,2260.0,1,Lathe,1,48.3,48.3,48.3,0.0,27.3,2366.8,2366.8,2415.1,48.3,0.0
2026-09-09 15:30:47,compound_scenario,SPT_SRWT,42,2553.52,64,0,2260.0,2,Weld,1,46.3,46.3,46.3,0.0,20.6,2448.9,2448.9,2495.3,46.3,0.0
2026-09-09 15:30:47,compound_scenario,SPT_SRWT,42,2553.52,65,0,2320.0,0,Mill,1,29.4,29.4,29.4,0.0,35.2,2379.8,2379.8,2409.2,29.5,0.0
2026-09-09 15:30:47,compound_scenario,SPT_SRWT,42,2553.52,65,0,2320.0,1,Lathe,1,39.7,39.7,39.7,0.0,4.7,2416.2,2416.2,2455.8,39.7,0.0
2026-09-09 15:30:47,compound_scenario,SPT_SRWT,42,2553.52,65,0,2320.0,2,Weld,1,31.9,31.9,31.9,0.0,13.0,2471.1,2471.1,2503.0,31.9,0.0
2026-09-09 15:31:56,compound_scenario,SPT_SRWT,43,2553.52,0,0,0.0,0,Mill,1,39.2,39.2,39.2,0.0,18.6,31.0,31.0,70.2,39.2,0.0
2026-09-09 15:31:56,compound_scenario,SPT_SRWT,43,2553.52,0,0,0.0,1,Lathe,1,20.8,20.8,20.8,0.0,20.7,105.8,105.8,126.6,20.8,0.0
2026-09-09 15:31:56,compound_scenario,SPT_SRWT,43,2553.52,0,0,0.0,2,Weld,1,28.3,28.3,28.3,0.0,21.5,162.5,162.5,190.8,28.3,0.0
2026-09-09 15:31:56,compound_scenario,SPT_SRWT,43,2553.52,1,0,60.0,0,Mill,1,26.7,26.7,26.7,0.0,16.8,93.0,93.0,119.7,26.7,0.0
2026-09-09 15:31:56,compound_scenario,SPT_SRWT,43,2553.52,1,0,60.0,1,Lathe,1,42.1,42.1,42.1,0.0,21.5,156.9,156.9,199.1,42.1,0.0
2026-09-09 15:31:56,compound_scenario,SPT_SRWT,43,2553.52,1,0,60.0,2,Weld,1,40.3,40.3,40.3,0.0,20.6,231.0,231.0,271.3,40.3,0.0
2026-09-09 15:31:56,compound_scenario,SPT_SRWT,43,2553.52,2,0,120.0,0,Mill,1,46.8,46.8,46.8,0.0,34.9,169.9,169.9,216.7,46.8,0.0
2026-09-09 15:31:56,compound_scenario,SPT_SRWT,43,2553.52,2,0,120.0,1,Lathe,1,22.6,22.6,22.6,0.0,4.7,223.6,223.6,246.3,22.6,0.0
2026-09-09 15:31:56,compound_scenario,SPT_SRWT,43,2553.52,2,0,120.0,2,Weld,1,32.7,32.7,32.7,0.0,13.0,262.4,262.4,295.1,32.7,0.0
2026-09-09 15:31:56,compound_scenario,SPT_SRWT,43,2553.52,3,0,250.0,0,Mill,3,20.0,20.0,20.0,0.0,18.6,280.9,280.9,301.0,20.0,0.0
2026-09-09 15:31:56,compound_scenario,SPT_SRWT,43,2553.52,3,0,250.0,1,Weld,1,12.4,12.4,12.4,0.0,22.6,375.7,416.1,428.5,12.4,40.4
2026-09-09 15:31:56,compound_scenario,SPT_SRWT,43,2553.52,4,0,250.0,0,Mill,3,20.0,20.0,20.0,0.0,18.9,291.6,291.6,311.6,20.0,0.0
2026-09-09 15:31:56,compound_scenario,SPT_SRWT,43,2553.52,4,0,250.0,1,Weld,1,27.5,27.5,27.5,0.0,18.9,363.2,428.5,456.0,27.5,65.3
2026-09-09 15:31:56,compound_scenario,SPT_SRWT,43,2553.52,5,0,250.0,0,Mill,3,20.0,20.0,20.0,0.0,36.8,327.3,327.3,347.4,20.0,0.0
2026-09-09 15:31:56,compound_scenario,SPT_SRWT,43,2553.52,5,0,250.0,1,Weld,1,50.4,50.4,50.4,0.0,64.6,477.2,509.6,560.1,50.5,32.4
2026-09-09 15:31:56,compound_scenario,SPT_SRWT,43,2553.52,6,0,250.0,0,Mill,3,20.0,20.0,20.0,0.0,24.0,321.5,324.6,344.6,20.0,3.1
2026-09-09 15:31:56,compound_scenario,SPT_SRWT,43,2553.52,6,0,250.0,1,Weld,1,12.1,12.1,12.1,0.0,27.8,397.9,404.0,416.1,12.1,6.0
2026-09-09 15:31:56,compound_scenario,SPT_SRWT,43,2553.52,7,0,250.0,0,Mill,3,20.0,20.0,20.0,0.0,18.4,332.6,342.4,362.4,20.0,9.8
2026-09-09 15:31:56,compound_scenario,SPT_SRWT,43,2553.52,7,0,250.0,1,Weld,1,25.9,25.9,25.9,0.0,38.7,447.8,456.0,482.0,25.9,8.2
2026-09-09 15:31:56,compound_scenario,SPT_SRWT,43,2553.52,8,0,250.0,0,Mill,3,20.0,20.0,20.0,0.0,38.1,305.8,305.8,325.8,20.0,0.0
2026-09-09 15:31:56,compound_scenario,SPT_SRWT,43,2553.52,8,0,250.0,1,Weld,1,62.0,62.0,62.0,0.0,54.5,383.3,560.1,622.1,62.0,176.8
2026-09-09 15:31:56,compound_scenario,SPT_SRWT,43,2553.52,9,0,250.0,0,Mill,3,20.0,20.0,20.0,0.0,24.8,304.6,304.6,324.6,20.0,0.0
2026-09-09 15:31:56,compound_scenario,SPT_SRWT,43,2553.52,9,0,250.0,1,Weld,1,53.6,53.6,53.6,0.0,21.8,350.3,350.3,404.0,53.6,0.0
2026-09-09 15:31:56,compound_scenario,SPT_SRWT,43,2553.52,10,0,250.0,0,Mill,3,20.0,20.0,20.0,0.0,19.4,322.4,322.4,342.4,20.0,0.0
2026-09-09 15:31:56,compound_scenario,SPT_SRWT,43,2553.52,10,0,250.0,1,Weld,1,27.6,27.6,27.6,0.0,39.7,418.1,482.0,509.6,27.7,63.8
2026-09-09 15:31:56,compound_scenario,SPT_SRWT,43,2553.52,20,0,650.0,0,Mill,3,20.0,20.0,20.0,0.0,18.9,681.2,681.2,701.2,20.0,0.0
2026-09-09 15:31:56,compound_scenario,SPT_SRWT,43,2553.52,20,0,650.0,1,Weld,2,19.2,19.2,19.2,0.0,20.6,728.7,728.7,747.9,19.2,0.0
2026-09-09 15:31:56,compound_scenario,SPT_SRWT,43,2553.52,19,0,650.0,0,Mill,3,20.0,20.0,20.0,0.0,16.8,687.0,687.0,707.0,20.0,0.0
2026-09-09 15:31:56,compound_scenario,SPT_SRWT,43,2553.52,19,0,650.0,1,Weld,2,30.2,30.2,30.2,0.0,18.9,774.1,774.1,804.3,30.2,0.0
2026-09-09 15:31:56,compound_scenario,SPT_SRWT,43,2553.52,18,0,650.0,0,Mill,3,20.0,20.0,20.0,0.0,47.9,727.5,727.5,747.5,20.0,0.0
2026-09-09 15:31:56,compound_scenario,SPT_SRWT,43,2553.52,18,0,650.0,1,Weld,2,58.1,58.1,58.1,0.0,50.3,810.6,810.6,868.7,58.1,0.0
2026-09-09 15:31:56,compound_scenario,SPT_SRWT,43,2553.52,17,0,650.0,0,Mill,3,20.0,20.0,20.0,0.0,23.8,715.2,715.2,735.3,20.0,0.0
2026-09-09 15:31:56,compound_scenario,SPT_SRWT,43,2553.52,17,0,650.0,1,Weld,2,22.0,22.0,22.0,0.0,30.7,826.3,868.7,890.7,22.0,42.4
2026-09-09 15:31:56,compound_scenario,SPT_SRWT,43,2553.52,16,0,650.0,0,Mill,3,20.0,20.0,20.0,0.0,19.2,727.4,727.4,747.4,20.0,0.0
2026-09-09 15:31:56,compound_scenario,SPT_SRWT,43,2553.52,16,0,650.0,1,Weld,2,30.3,30.3,30.3,0.0,20.8,770.4,828.6,859.0,30.3,58.2
2026-09-09 15:31:56,compound_scenario,SPT_SRWT,43,2553.52,14,0,650.0,0,Mill,3,20.0,20.0,20.0,0.0,34.9,754.1,767.6,787.6,20.0,13.5
2026-09-09 15:31:56,compound_scenario,SPT_SRWT,43,2553.52,14,0,650.0,1,Weld,2,51.3,51.3,51.3,0.0,57.3,882.8,905.7,957.0,51.3,22.8
2026-09-09 15:31:56,compound_scenario,SPT_SRWT,43,2553.52,13,0,650.0,0,Mill,3,20.0,20.0,20.0,0.0,24.3,726.3,735.3,755.3,20.0,9.0
2026-09-09 15:31:56,compound_scenario,SPT_SRWT,43,2553.52,13,0,650.0,1,Weld,2,15.3,15.3,15.3,0.0,22.9,795.1,813.3,828.6,15.3,18.2
2026-09-09 15:31:56,compound_scenario,SPT_SRWT,43,2553.52,12,0,650.0,0,Mill,3,20.0,20.0,20.0,0.0,16.8,703.5,707.0,727.0,20.0,3.6
2026-09-09 15:31:56,compound_scenario,SPT_SRWT,43,2553.52,12,0,650.0,1,Weld,2,51.4,51.4,51.4,0.0,33.0,761.9,761.9,813.3,51.4,0.0
2026-09-09 15:31:56,compound_scenario,SPT_SRWT,43,2553.52,11,0,650.0,0,Mill,3,20.0,20.0,20.0,0.0,36.5,733.5,747.5,767.6,20.0,14.0
2026-09-09 15:31:56,compound_scenario,SPT_SRWT,43,2553.52,11,0,650.0,1,Weld,2,41.5,41.5,41.5,0.0,56.0,864.1,864.1,905.7,41.5,0.0
2026-09-09 15:31:56,compound_scenario,SPT_SRWT,43,2553.52,15,0,650.0,0,Mill,3,20.0,20.0,20.0,0.0,32.4,764.0,764.0,784.1,20.0,0.0
2026-09-09 15:31:56,compound_scenario,SPT_SRWT,43,2553.52,15,0,650.0,1,Weld,2,46.4,46.4,46.4,0.0,30.7,818.1,890.7,937.1,46.4,72.6
2026-09-09 15:31:56,compound_scenario,SPT_SRWT,43,2553.52,29,0,1050.0,0,Mill,3,20.0,20.0,20.0,0.0,18.6,1081.0,1081.0,1101.0,20.0,0.0
2026-09-09 15:31:56,compound_scenario,SPT_SRWT,43,2553.52,29,0,1050.0,1,Weld,1,39.8,39.8,39.8,0.0,20.8,1128.7,1128.7,1168.5,39.9,0.0
2026-09-09 15:31:56,compound_scenario,SPT_SRWT,43,2553.52,35,0,1050.0,0,Mill,3,20.0,20.0,20.0,0.0,16.8,1086.4,1086.4,1106.5,20.0,0.0
2026-09-09 15:31:56,compound_scenario,SPT_SRWT,43,2553.52,35,0,1050.0,1,Weld,1,17.1,17.1,17.1,0.0,28.0,1172.7,1222.3,1239.4,17.1,49.7
2026-09-09 15:31:56,compound_scenario,SPT_SRWT,43,2553.52,34,0,1050.0,0,Mill,3,20.0,20.0,20.0,0.0,50.3,1127.7,1127.7,1147.8,20.0,0.0
2026-09-09 15:31:56,compound_scenario,SPT_SRWT,43,2553.52,34,0,1050.0,1,Weld,1,46.7,46.7,46.7,0.0,57.6,1268.5,1456.1,1502.8,46.7,187.6
2026-09-09 15:31:56,compound_scenario,SPT_SRWT,43,2553.52,32,0,1050.0,0,Mill,3,20.0,20.0,20.0,0.0,24.0,1115.3,1115.3,1135.3,20.0,0.0
2026-09-09 15:31:56,compound_scenario,SPT_SRWT,43,2553.52,32,0,1050.0,1,Weld,1,53.8,53.8,53.8,0.0,17.2,1160.4,1168.5,1222.3,53.8,8.2
2026-09-09 15:31:56,compound_scenario,SPT_SRWT,43,2553.52,31,0,1050.0,0,Mill,3,20.0,20.0,20.0,0.0,18.9,1120.5,1126.5,1146.5,20.0,6.0
2026-09-09 15:31:56,compound_scenario,SPT_SRWT,43,2553.52,31,0,1050.0,1,Weld,1,42.8,42.8,42.8,0.0,39.2,1200.5,1351.6,1394.5,42.9,151.1
2026-09-09 15:31:56,compound_scenario,SPT_SRWT,43,2553.52,30,0,1050.0,0,Mill,3,20.0,20.0,20.0,0.0,35.2,1143.4,1147.8,1167.8,20.0,4.4
2026-09-09 15:31:56,compound_scenario,SPT_SRWT,43,2553.52,30,0,1050.0,1,Weld,1,52.3,52.3,52.3,0.0,61.2,1319.9,1768.0,1820.4,52.3,448.2
2026-09-09 15:31:56,compound_scenario,SPT_SRWT,43,2553.52,28,0,1050.0,0,Mill,3,20.0,20.0,20.0,0.0,22.5,1141.7,1141.7,1161.7,20.0,0.0
2026-09-09 15:31:56,compound_scenario,SPT_SRWT,43,2553.52,28,0,1050.0,1,Weld,1,32.0,32.0,32.0,0.0,26.8,1229.4,1239.4,1271.5,32.1,10.0
2026-09-09 15:31:56,compound_scenario,SPT_SRWT,43,2553.52,33,0,1050.0,0,Mill,3,20.0,20.0,20.0,0.0,16.8,1103.2,1106.5,1126.5,20.0,3.3
2026-09-09 15:31:56,compound_scenario,SPT_SRWT,43,2553.52,33,0,1050.0,1,Weld,1,41.0,41.0,41.0,0.0,34.0,1213.0,1310.6,1351.6,41.0,97.6
2026-09-09 15:31:56,compound_scenario,SPT_SRWT,43,2553.52,26,0,1050.0,0,Mill,3,20.0,20.0,20.0,0.0,37.0,1133.8,1167.8,1187.8,20.0,34.1
2026-09-09 15:31:56,compound_scenario,SPT_SRWT,43,2553.52,26,0,1050.0,1,Weld,1,39.1,39.1,39.1,0.0,55.8,1260.9,1271.5,1310.6,39.2,10.6
2026-09-09 15:31:56,compound_scenario,SPT_SRWT,43,2553.52,25,0,1050.0,0,Mill,3,20.0,20.0,20.0,0.0,30.0,1158.8,1161.7,1181.7,20.0,3.0
2026-09-09 15:31:56,compound_scenario,SPT_SRWT,43,2553.52,25,0,1050.0,1,Weld,1,47.8,47.8,47.8,0.0,27.5,1244.0,1598.6,1646.5,47.9,354.6
2026-09-09 15:31:56,compound_scenario,SPT_SRWT,43,2553.52,24,0,1050.0,0,Mill,3,20.0,20.0,20.0,0.0,20.5,1159.8,1159.8,1179.8,20.0,0.0
2026-09-09 15:31:56,compound_scenario,SPT_SRWT,43,2553.52,24,0,1050.0,1,Weld,1,51.3,51.3,51.3,0.0,33.7,1253.1,1646.5,1697.8,51.3,393.3
2026-09-09 15:31:56,compound_scenario,SPT_SRWT,43,2553.52,23,0,1050.0,0,Mill,3,20.0,20.0,20.0,0.0,42.5,1203.6,1203.6,1223.6,20.0,0.0
2026-09-09 15:31:56,compound_scenario,SPT_SRWT,43,2553.52,23,0,1050.0,1,Weld,1,42.2,42.2,42.2,0.0,58.9,1356.5,1394.5,1436.7,42.2,37.9
2026-09-09 15:31:56,compound_scenario,SPT_SRWT,43,2553.52,27,0,1050.0,0,Mill,3,20.0,20.0,20.0,0.0,30.3,1201.1,1201.1,1221.1,20.0,0.0
2026-09-09 15:31:56,compound_scenario,SPT_SRWT,43,2553.52,27,0,1050.0,1,Weld,1,58.8,58.8,58.8,0.0,36.1,1297.4,1955.9,2014.8,58.8,658.5
2026-09-09 15:31:56,compound_scenario,SPT_SRWT,43,2553.52,22,0,1050.0,0,Mill,3,20.0,20.0,20.0,0.0,31.4,1211.8,1211.8,1231.8,20.0,0.0
2026-09-09 15:31:56,compound_scenario,SPT_SRWT,43,2553.52,22,0,1050.0,1,Weld,1,53.1,53.1,53.1,0.0,37.9,1305.2,1820.4,1873.5,53.2,515.2
2026-09-09 15:31:56,compound_scenario,SPT_SRWT,43,2553.52,21,0,1050.0,0,Mill,3,20.0,20.0,20.0,0.0,55.5,1334.6,1334.6,1354.6,20.0,0.0
2026-09-09 15:31:56,compound_scenario,SPT_SRWT,43,2553.52,21,0,1050.0,1,Weld,1,19.4,19.4,19.4,0.0,43.0,1404.4,1436.7,1456.1,19.4,32.3
2026-09-09 15:31:56,compound_scenario,SPT_SRWT,43,2553.52,37,0,1400.0,0,Weld,1,150.0,150.0,150.0,0.0,18.2,1433.1,2014.8,2164.8,150.0,581.7
2026-09-09 15:31:56,compound_scenario,SPT_SRWT,43,2553.52,36,0,1400.0,0,Weld,1,150.0,150.0,150.0,0.0,20.8,1445.3,2164.8,2314.8,150.0,719.5
2026-09-09 15:31:56,compound_scenario,SPT_SRWT,43,2553.52,38,0,1405.0,0,Weld,1,9.5,9.5,9.5,0.0,24.2,1467.5,1521.2,1530.7,9.5,53.7
2026-09-09 15:31:56,compound_scenario,SPT_SRWT,43,2553.52,39,0,1413.0,0,Weld,1,9.6,9.6,9.6,0.0,25.7,1459.9,1549.8,1559.4,9.6,89.8
2026-09-09 15:31:56,compound_scenario,SPT_SRWT,43,2553.52,40,0,1421.0,0,Weld,1,9.2,9.2,9.2,0.0,31.7,1490.2,1502.8,1512.0,9.2,12.6
2026-09-09 15:31:56,compound_scenario,SPT_SRWT,43,2553.52,41,0,1429.0,0,Weld,1,9.5,9.5,9.5,0.0,29.6,1482.7,1530.7,1540.2,9.5,48.0
2026-09-09 15:31:56,compound_scenario,SPT_SRWT,43,2553.52,42,0,1437.0,0,Weld,1,9.2,9.2,9.2,0.0,33.8,1497.8,1512.0,1521.2,9.2,14.2
2026-09-09 15:31:56,compound_scenario,SPT_SRWT,43,2553.52,43,0,1445.0,0,Weld,1,9.6,9.6,9.6,0.0,34.8,1505.4,1540.2,1549.8,9.6,34.8
2026-09-09 15:31:56,compound_scenario,SPT_SRWT,43,2553.52,44,0,1453.0,0,Weld,1,10.3,10.3,10.3,0.0,41.8,1522.3,1588.3,1598.6,10.3,66.0
2026-09-09 15:31:56,compound_scenario,SPT_SRWT,43,2553.52,45,0,1461.0,0,Weld,1,9.7,9.7,9.7,0.0,42.6,1538.3,1568.8,1578.6,9.8,30.5
2026-09-09 15:31:56,compound_scenario,SPT_SRWT,43,2553.52,46,0,1469.0,0,Weld,1,9.7,9.7,9.7,0.0,44.2,1547.4,1578.6,1588.3,9.8,31.1
2026-09-09 15:31:56,compound_scenario,SPT_SRWT,43,2553.52,47,0,1477.0,0,Weld,1,9.4,9.4,9.4,0.0,45.7,1556.6,1559.4,1568.8,9.4,2.8
2026-09-09 15:31:56,compound_scenario,SPT_SRWT,43,2553.52,48,0,1485.0,0,Weld,1,9.5,9.5,9.5,0.0,35.1,1666.8,1697.8,1707.4,9.6,31.1
2026-09-09 15:31:56,compound_scenario,SPT_SRWT,43,2553.52,49,0,1493.0,0,Weld,1,10.9,10.9,10.9,0.0,35.1,1695.2,1707.4,1718.3,10.9,12.2
2026-09-09 15:31:56,compound_scenario,SPT_SRWT,43,2553.52,50,0,1501.0,0,Weld,1,10.3,10.3,10.3,0.0,32.2,1709.6,1718.3,1728.6,10.3,8.7
2026-09-09 15:31:56,compound_scenario,SPT_SRWT,43,2553.52,51,0,1509.0,0,Weld,1,10.2,10.2,10.2,0.0,29.6,1726.3,1728.6,1738.8,10.2,2.3
2026-09-09 15:31:56,compound_scenario,SPT_SRWT,43,2553.52,52,0,1517.0,0,Weld,1,9.3,9.3,9.3,0.0,31.7,1735.5,1738.8,1748.2,9.4,3.3
2026-09-09 15:31:56,compound_scenario,SPT_SRWT,43,2553.52,53,0,1525.0,0,Weld,1,10.5,10.5,10.5,0.0,39.5,1753.6,1757.6,1768.0,10.5,4.0
2026-09-09 15:31:56,compound_scenario,SPT_SRWT,43,2553.52,54,0,1533.0,0,Weld,1,9.3,9.3,9.3,0.0,35.3,1744.5,1748.2,1757.6,9.4,3.7
2026-09-09 15:31:56,compound_scenario,SPT_SRWT,43,2553.52,55,0,1541.0,0,Weld,1,9.8,9.8,9.8,0.0,27.5,1834.1,1873.5,1883.3,9.8,39.4
2026-09-09 15:31:56,compound_scenario,SPT_SRWT,43,2553.52,56,0,1549.0,0,Weld,1,11.0,11.0,11.0,0.0,29.6,1843.3,1944.9,1955.9,11.0,101.6
2026-09-09 15:31:56,compound_scenario,SPT_SRWT,43,2553.52,57,0,1557.0,0,Weld,1,10.3,10.3,10.3,0.0,29.9,1850.8,1893.5,1903.8,10.3,42.6
2026-09-09 15:31:56,compound_scenario,SPT_SRWT,43,2553.52,58,0,1565.0,0,Weld,1,10.1,10.1,10.1,0.0,30.4,1858.6,1883.3,1893.5,10.1,24.8
2026-09-09 15:31:56,compound_scenario,SPT_SRWT,43,2553.52,59,0,1573.0,0,Weld,1,10.4,10.4,10.4,0.0,35.1,1872.9,1903.8,1914.2,10.4,30.8
2026-09-09 15:31:56,compound_scenario,SPT_SRWT,43,2553.52,60,0,1581.0,0,Weld,1,10.7,10.7,10.7,0.0,41.0,1897.1,1934.2,1944.9,10.7,37.1
2026-09-09 15:31:56,compound_scenario,SPT_SRWT,43,2553.52,61,0,1589.0,0,Weld,1,10.6,10.6,10.6,0.0,41.0,1904.9,1923.6,1934.2,10.6,18.8
2026-09-09 15:31:56,compound_scenario,SPT_SRWT,43,2553.52,62,0,1597.0,0,Weld,1,9.5,9.5,9.5,0.0,40.3,1912.6,1914.2,1923.6,9.5,1.6
2026-09-09 15:31:56,compound_scenario,SPT_SRWT,43,2553.52,63,0,2200.0,0,Mill,1,21.0,21.0,21.0,0.0,18.6,2231.4,2231.4,2252.4,21.0,0.0
2026-09-09 15:31:56,compound_scenario,SPT_SRWT,43,2553.52,63,0,2200.0,1,Lathe,1,29.5,29.5,29.5,0.0,20.7,2287.5,2287.5,2316.9,29.5,0.0
2026-09-09 15:31:56,compound_scenario,SPT_SRWT,43,2553.52,63,0,2200.0,2,Weld,1,28.0,28.0,28.0,0.0,25.2,2355.2,2355.2,2383.2,28.1,0.0
2026-09-09 15:31:56,compound_scenario,SPT_SRWT,43,2553.52,64,0,2260.0,0,Mill,1,26.3,26.3,26.3,0.0,16.8,2293.3,2293.3,2319.7,26.4,0.0
2026-09-09 15:31:56,compound_scenario,SPT_SRWT,43,2553.52,64,0,2260.0,1,Lathe,1,48.3,48.3,48.3,0.0,27.3,2366.8,2366.8,2415.1,48.3,0.0
2026-09-09 15:31:56,compound_scenario,SPT_SRWT,43,2553.52,64,0,2260.0,2,Weld,1,46.3,46.3,46.3,0.0,20.6,2448.9,2448.9,2495.3,46.3,0.0
2026-09-09 15:31:56,compound_scenario,SPT_SRWT,43,2553.52,65,0,2320.0,0,Mill,1,29.4,29.4,29.4,0.0,35.2,2379.8,2379.8,2409.2,29.5,0.0
2026-09-09 15:31:56,compound_scenario,SPT_SRWT,43,2553.52,65,0,2320.0,1,Lathe,1,39.7,39.7,39.7,0.0,4.7,2416.2,2416.2,2455.8,39.7,0.0
2026-09-09 15:31:56,compound_scenario,SPT_SRWT,43,2553.52,65,0,2320.0,2,Weld,1,31.9,31.9,31.9,0.0,13.0,2471.1,2471.1,2503.0,31.9,0.0
2026-09-09 15:33:06,compound_scenario,SPT_SRWT,44,2553.52,0,0,0.0,0,Mill,1,39.2,39.2,39.2,0.0,18.6,31.0,31.0,70.2,39.2,0.0
2026-09-09 15:33:06,compound_scenario,SPT_SRWT,44,2553.52,0,0,0.0,1,Lathe,1,20.8,20.8,20.8,0.0,20.7,105.8,105.8,126.6,20.8,0.0
2026-09-09 15:33:06,compound_scenario,SPT_SRWT,44,2553.52,0,0,0.0,2,Weld,1,28.3,28.3,28.3,0.0,21.5,162.5,162.5,190.8,28.3,0.0
2026-09-09 15:33:06,compound_scenario,SPT_SRWT,44,2553.52,1,0,60.0,0,Mill,1,26.7,26.7,26.7,0.0,16.8,93.0,93.0,119.7,26.7,0.0
2026-09-09 15:33:06,compound_scenario,SPT_SRWT,44,2553.52,1,0,60.0,1,Lathe,1,42.1,42.1,42.1,0.0,21.5,156.9,156.9,199.1,42.1,0.0
2026-09-09 15:33:06,compound_scenario,SPT_SRWT,44,2553.52,1,0,60.0,2,Weld,1,40.3,40.3,40.3,0.0,20.6,231.0,231.0,271.3,40.3,0.0
2026-09-09 15:33:06,compound_scenario,SPT_SRWT,44,2553.52,2,0,120.0,0,Mill,1,46.8,46.8,46.8,0.0,34.9,169.9,169.9,216.7,46.8,0.0
2026-09-09 15:33:06,compound_scenario,SPT_SRWT,44,2553.52,2,0,120.0,1,Lathe,1,22.6,22.6,22.6,0.0,4.7,223.6,223.6,246.3,22.6,0.0
2026-09-09 15:33:06,compound_scenario,SPT_SRWT,44,2553.52,2,0,120.0,2,Weld,1,32.7,32.7,32.7,0.0,13.0,262.4,262.4,295.1,32.7,0.0
2026-09-09 15:33:06,compound_scenario,SPT_SRWT,44,2553.52,3,0,250.0,0,Mill,3,20.0,20.0,20.0,0.0,18.6,280.9,280.9,301.0,20.0,0.0
2026-09-09 15:33:06,compound_scenario,SPT_SRWT,44,2553.52,3,0,250.0,1,Weld,1,12.4,12.4,12.4,0.0,22.6,375.7,416.1,428.5,12.4,40.4
2026-09-09 15:33:06,compound_scenario,SPT_SRWT,44,2553.52,4,0,250.0,0,Mill,3,20.0,20.0,20.0,0.0,18.9,291.6,291.6,311.6,20.0,0.0
2026-09-09 15:33:06,compound_scenario,SPT_SRWT,44,2553.52,4,0,250.0,1,Weld,1,27.5,27.5,27.5,0.0,18.9,363.2,428.5,456.0,27.5,65.3
2026-09-09 15:33:06,compound_scenario,SPT_SRWT,44,2553.52,5,0,250.0,0,Mill,3,20.0,20.0,20.0,0.0,36.8,327.3,327.3,347.4,20.0,0.0
2026-09-09 15:33:06,compound_scenario,SPT_SRWT,44,2553.52,5,0,250.0,1,Weld,1,50.4,50.4,50.4,0.0,64.6,477.2,509.6,560.1,50.5,32.4
2026-09-09 15:33:06,compound_scenario,SPT_SRWT,44,2553.52,6,0,250.0,0,Mill,3,20.0,20.0,20.0,0.0,24.0,321.5,324.6,344.6,20.0,3.1
2026-09-09 15:33:06,compound_scenario,SPT_SRWT,44,2553.52,6,0,250.0,1,Weld,1,12.1,12.1,12.1,0.0,27.8,397.9,404.0,416.1,12.1,6.0
2026-09-09 15:33:06,compound_scenario,SPT_SRWT,44,2553.52,7,0,250.0,0,Mill,3,20.0,20.0,20.0,0.0,18.4,332.6,342.4,362.4,20.0,9.8
2026-09-09 15:33:06,compound_scenario,SPT_SRWT,44,2553.52,7,0,250.0,1,Weld,1,25.9,25.9,25.9,0.0,38.7,447.8,456.0,482.0,25.9,8.2
2026-09-09 15:33:06,compound_scenario,SPT_SRWT,44,2553.52,8,0,250.0,0,Mill,3,20.0,20.0,20.0,0.0,38.1,305.8,305.8,325.8,20.0,0.0
2026-09-09 15:33:06,compound_scenario,SPT_SRWT,44,2553.52,8,0,250.0,1,Weld,1,62.0,62.0,62.0,0.0,54.5,383.3,560.1,622.1,62.0,176.8
2026-09-09 15:33:06,compound_scenario,SPT_SRWT,44,2553.52,9,0,250.0,0,Mill,3,20.0,20.0,20.0,0.0,24.8,304.6,304.6,324.6,20.0,0.0
2026-09-09 15:33:06,compound_scenario,SPT_SRWT,44,2553.52,9,0,250.0,1,Weld,1,53.6,53.6,53.6,0.0,21.8,350.3,350.3,404.0,53.6,0.0
2026-09-09 15:33:06,compound_scenario,SPT_SRWT,44,2553.52,10,0,250.0,0,Mill,3,20.0,20.0,20.0,0.0,19.4,322.4,322.4,342.4,20.0,0.0
2026-09-09 15:33:06,compound_scenario,SPT_SRWT,44,2553.52,10,0,250.0,1,Weld,1,27.6,27.6,27.6,0.0,39.7,418.1,482.0,509.6,27.7,63.8
2026-09-09 15:33:06,compound_scenario,SPT_SRWT,44,2553.52,20,0,650.0,0,Mill,3,20.0,20.0,20.0,0.0,18.9,681.2,681.2,701.2,20.0,0.0
2026-09-09 15:33:06,compound_scenario,SPT_SRWT,44,2553.52,20,0,650.0,1,Weld,2,19.2,19.2,19.2,0.0,20.6,728.7,728.7,747.9,19.2,0.0
2026-09-09 15:33:06,compound_scenario,SPT_SRWT,44,2553.52,19,0,650.0,0,Mill,3,20.0,20.0,20.0,0.0,16.8,687.0,687.0,707.0,20.0,0.0
2026-09-09 15:33:06,compound_scenario,SPT_SRWT,44,2553.52,19,0,650.0,1,Weld,2,30.2,30.2,30.2,0.0,18.9,774.1,774.1,804.3,30.2,0.0
2026-09-09 15:33:06,compound_scenario,SPT_SRWT,44,2553.52,18,0,650.0,0,Mill,3,20.0,20.0,20.0,0.0,47.9,727.5,727.5,747.5,20.0,0.0
2026-09-09 15:33:06,compound_scenario,SPT_SRWT,44,2553.52,18,0,650.0,1,Weld,2,58.1,58.1,58.1,0.0,50.3,810.6,810.6,868.7,58.1,0.0
2026-09-09 15:33:06,compound_scenario,SPT_SRWT,44,2553.52,17,0,650.0,0,Mill,3,20.0,20.0,20.0,0.0,23.8,715.2,715.2,735.3,20.0,0.0
2026-09-09 15:33:06,compound_scenario,SPT_SRWT,44,2553.52,17,0,650.0,1,Weld,2,22.0,22.0,22.0,0.0,30.7,826.3,868.7,890.7,22.0,42.4
2026-09-09 15:33:06,compound_scenario,SPT_SRWT,44,2553.52,16,0,650.0,0,Mill,3,20.0,20.0,20.0,0.0,19.2,727.4,727.4,747.4,20.0,0.0
2026-09-09 15:33:06,compound_scenario,SPT_SRWT,44,2553.52,16,0,650.0,1,Weld,2,30.3,30.3,30.3,0.0,20.8,770.4,828.6,859.0,30.3,58.2
2026-09-09 15:33:06,compound_scenario,SPT_SRWT,44,2553.52,14,0,650.0,0,Mill,3,20.0,20.0,20.0,0.0,34.9,754.1,767.6,787.6,20.0,13.5
2026-09-09 15:33:06,compound_scenario,SPT_SRWT,44,2553.52,14,0,650.0,1,Weld,2,51.3,51.3,51.3,0.0,57.3,882.8,905.7,957.0,51.3,22.8
2026-09-09 15:33:06,compound_scenario,SPT_SRWT,44,2553.52,13,0,650.0,0,Mill,3,20.0,20.0,20.0,0.0,24.3,726.3,735.3,755.3,20.0,9.0
2026-09-09 15:33:06,compound_scenario,SPT_SRWT,44,2553.52,13,0,650.0,1,Weld,2,15.3,15.3,15.3,0.0,22.9,795.1,813.3,828.6,15.3,18.2
2026-09-09 15:33:06,compound_scenario,SPT_SRWT,44,2553.52,12,0,650.0,0,Mill,3,20.0,20.0,20.0,0.0,16.8,703.5,707.0,727.0,20.0,3.6
2026-09-09 15:33:06,compound_scenario,SPT_SRWT,44,2553.52,12,0,650.0,1,Weld,2,51.4,51.4,51.4,0.0,33.0,761.9,761.9,813.3,51.4,0.0
2026-09-09 15:33:06,compound_scenario,SPT_SRWT,44,2553.52,11,0,650.0,0,Mill,3,20.0,20.0,20.0,0.0,36.5,733.5,747.5,767.6,20.0,14.0
2026-09-09 15:33:06,compound_scenario,SPT_SRWT,44,2553.52,11,0,650.0,1,Weld,2,41.5,41.5,41.5,0.0,56.0,864.1,864.1,905.7,41.5,0.0
2026-09-09 15:33:06,compound_scenario,SPT_SRWT,44,2553.52,15,0,650.0,0,Mill,3,20.0,20.0,20.0,0.0,32.4,764.0,764.0,784.1,20.0,0.0
2026-09-09 15:33:06,compound_scenario,SPT_SRWT,44,2553.52,15,0,650.0,1,Weld,2,46.4,46.4,46.4,0.0,30.7,818.1,890.7,937.1,46.4,72.6
2026-09-09 15:33:06,compound_scenario,SPT_SRWT,44,2553.52,29,0,1050.0,0,Mill,3,20.0,20.0,20.0,0.0,18.6,1081.0,1081.0,1101.0,20.0,0.0
2026-09-09 15:33:06,compound_scenario,SPT_SRWT,44,2553.52,29,0,1050.0,1,Weld,1,39.8,39.8,39.8,0.0,20.8,1128.7,1128.7,1168.5,39.9,0.0
2026-09-09 15:33:06,compound_scenario,SPT_SRWT,44,2553.52,35,0,1050.0,0,Mill,3,20.0,20.0,20.0,0.0,16.8,1086.4,1086.4,1106.5,20.0,0.0
2026-09-09 15:33:06,compound_scenario,SPT_SRWT,44,2553.52,35,0,1050.0,1,Weld,1,17.1,17.1,17.1,0.0,28.0,1172.7,1222.3,1239.4,17.1,49.7
2026-09-09 15:33:06,compound_scenario,SPT_SRWT,44,2553.52,34,0,1050.0,0,Mill,3,20.0,20.0,20.0,0.0,50.3,1127.7,1127.7,1147.8,20.0,0.0
2026-09-09 15:33:06,compound_scenario,SPT_SRWT,44,2553.52,34,0,1050.0,1,Weld,1,46.7,46.7,46.7,0.0,57.6,1268.5,1456.1,1502.8,46.7,187.6
2026-09-09 15:33:06,compound_scenario,SPT_SRWT,44,2553.52,32,0,1050.0,0,Mill,3,20.0,20.0,20.0,0.0,24.0,1115.3,1115.3,1135.3,20.0,0.0
2026-09-09 15:33:06,compound_scenario,SPT_SRWT,44,2553.52,32,0,1050.0,1,Weld,1,53.8,53.8,53.8,0.0,17.2,1160.4,1168.5,1222.3,53.8,8.2
2026-09-09 15:33:06,compound_scenario,SPT_SRWT,44,2553.52,31,0,1050.0,0,Mill,3,20.0,20.0,20.0,0.0,18.9,1120.5,1126.5,1146.5,20.0,6.0
2026-09-09 15:33:06,compound_scenario,SPT_SRWT,44,2553.52,31,0,1050.0,1,Weld,1,42.8,42.8,42.8,0.0,39.2,1200.5,1351.6,1394.5,42.9,151.1
2026-09-09 15:33:06,compound_scenario,SPT_SRWT,44,2553.52,30,0,1050.0,0,Mill,3,20.0,20.0,20.0,0.0,35.2,1143.4,1147.8,1167.8,20.0,4.4
2026-09-09 15:33:06,compound_scenario,SPT_SRWT,44,2553.52,30,0,1050.0,1,Weld,1,52.3,52.3,52.3,0.0,61.2,1319.9,1768.0,1820.4,52.3,448.2
2026-09-09 15:33:06,compound_scenario,SPT_SRWT,44,2553.52,28,0,1050.0,0,Mill,3,20.0,20.0,20.0,0.0,22.5,1141.7,1141.7,1161.7,20.0,0.0
2026-09-09 15:33:06,compound_scenario,SPT_SRWT,44,2553.52,28,0,1050.0,1,Weld,1,32.0,32.0,32.0,0.0,26.8,1229.4,1239.4,1271.5,32.1,10.0
2026-09-09 15:33:06,compound_scenario,SPT_SRWT,44,2553.52,33,0,1050.0,0,Mill,3,20.0,20.0,20.0,0.0,16.8,1103.2,1106.5,1126.5,20.0,3.3
2026-09-09 15:33:06,compound_scenario,SPT_SRWT,44,2553.52,33,0,1050.0,1,Weld,1,41.0,41.0,41.0,0.0,34.0,1213.0,1310.6,1351.6,41.0,97.6
2026-09-09 15:33:06,compound_scenario,SPT_SRWT,44,2553.52,26,0,1050.0,0,Mill,3,20.0,20.0,20.0,0.0,37.0,1133.8,1167.8,1187.8,20.0,34.1
2026-09-09 15:33:06,compound_scenario,SPT_SRWT,44,2553.52,26,0,1050.0,1,Weld,1,39.1,39.1,39.1,0.0,55.8,1260.9,1271.5,1310.6,39.2,10.6
2026-09-09 15:33:06,compound_scenario,SPT_SRWT,44,2553.52,25,0,1050.0,0,Mill,3,20.0,20.0,20.0,0.0,30.0,1158.8,1161.7,1181.7,20.0,3.0
2026-09-09 15:33:06,compound_scenario,SPT_SRWT,44,2553.52,25,0,1050.0,1,Weld,1,47.8,47.8,47.8,0.0,27.5,1244.0,1598.6,1646.5,47.9,354.6
2026-09-09 15:33:06,compound_scenario,SPT_SRWT,44,2553.52,24,0,1050.0,0,Mill,3,20.0,20.0,20.0,0.0,20.5,1159.8,1159.8,1179.8,20.0,0.0
2026-09-09 15:33:06,compound_scenario,SPT_SRWT,44,2553.52,24,0,1050.0,1,Weld,1,51.3,51.3,51.3,0.0,33.7,1253.1,1646.5,1697.8,51.3,393.3
2026-09-09 15:33:06,compound_scenario,SPT_SRWT,44,2553.52,23,0,1050.0,0,Mill,3,20.0,20.0,20.0,0.0,42.5,1203.6,1203.6,1223.6,20.0,0.0
2026-09-09 15:33:06,compound_scenario,SPT_SRWT,44,2553.52,23,0,1050.0,1,Weld,1,42.2,42.2,42.2,0.0,58.9,1356.5,1394.5,1436.7,42.2,37.9
2026-09-09 15:33:06,compound_scenario,SPT_SRWT,44,2553.52,27,0,1050.0,0,Mill,3,20.0,20.0,20.0,0.0,30.3,1201.1,1201.1,1221.1,20.0,0.0
2026-09-09 15:33:06,compound_scenario,SPT_SRWT,44,2553.52,27,0,1050.0,1,Weld,1,58.8,58.8,58.8,0.0,36.1,1297.4,1955.9,2014.8,58.8,658.5
2026-09-09 15:33:06,compound_scenario,SPT_SRWT,44,2553.52,22,0,1050.0,0,Mill,3,20.0,20.0,20.0,0.0,31.4,1211.8,1211.8,1231.8,20.0,0.0
2026-09-09 15:33:06,compound_scenario,SPT_SRWT,44,2553.52,22,0,1050.0,1,Weld,1,53.1,53.1,53.1,0.0,37.9,1305.2,1820.4,1873.5,53.2,515.2
2026-09-09 15:33:06,compound_scenario,SPT_SRWT,44,2553.52,21,0,1050.0,0,Mill,3,20.0,20.0,20.0,0.0,55.5,1334.6,1334.6,1354.6,20.0,0.0
2026-09-09 15:33:06,compound_scenario,SPT_SRWT,44,2553.52,21,0,1050.0,1,Weld,1,19.4,19.4,19.4,0.0,43.0,1404.4,1436.7,1456.1,19.4,32.3
2026-09-09 15:33:06,compound_scenario,SPT_SRWT,44,2553.52,37,0,1400.0,0,Weld,1,150.0,150.0,150.0,0.0,18.2,1433.1,2014.8,2164.8,150.0,581.7
2026-09-09 15:33:06,compound_scenario,SPT_SRWT,44,2553.52,36,0,1400.0,0,Weld,1,150.0,150.0,150.0,0.0,20.8,1445.3,2164.8,2314.8,150.0,719.5
2026-09-09 15:33:06,compound_scenario,SPT_SRWT,44,2553.52,38,0,1405.0,0,Weld,1,9.5,9.5,9.5,0.0,24.2,1467.5,1521.2,1530.7,9.5,53.7
2026-09-09 15:33:06,compound_scenario,SPT_SRWT,44,2553.52,39,0,1413.0,0,Weld,1,9.6,9.6,9.6,0.0,25.7,1459.9,1549.8,1559.4,9.6,89.8
2026-09-09 15:33:06,compound_scenario,SPT_SRWT,44,2553.52,40,0,1421.0,0,Weld,1,9.2,9.2,9.2,0.0,31.7,1490.2,1502.8,1512.0,9.2,12.6
2026-09-09 15:33:06,compound_scenario,SPT_SRWT,44,2553.52,41,0,1429.0,0,Weld,1,9.5,9.5,9.5,0.0,29.6,1482.7,1530.7,1540.2,9.5,48.0
2026-09-09 15:33:06,compound_scenario,SPT_SRWT,44,2553.52,42,0,1437.0,0,Weld,1,9.2,9.2,9.2,0.0,33.8,1497.8,1512.0,1521.2,9.2,14.2
2026-09-09 15:33:06,compound_scenario,SPT_SRWT,44,2553.52,43,0,1445.0,0,Weld,1,9.6,9.6,9.6,0.0,34.8,1505.4,1540.2,1549.8,9.6,34.8
2026-09-09 15:33:06,compound_scenario,SPT_SRWT,44,2553.52,44,0,1453.0,0,Weld,1,10.3,10.3,10.3,0.0,41.8,1522.3,1588.3,1598.6,10.3,66.0
2026-09-09 15:33:06,compound_scenario,SPT_SRWT,44,2553.52,45,0,1461.0,0,Weld,1,9.7,9.7,9.7,0.0,42.6,1538.3,1568.8,1578.6,9.8,30.5
2026-09-09 15:33:06,compound_scenario,SPT_SRWT,44,2553.52,46,0,1469.0,0,Weld,1,9.7,9.7,9.7,0.0,44.2,1547.4,1578.6,1588.3,9.8,31.1
2026-09-09 15:33:06,compound_scenario,SPT_SRWT,44,2553.52,47,0,1477.0,0,Weld,1,9.4,9.4,9.4,0.0,45.7,1556.6,1559.4,1568.8,9.4,2.8
2026-09-09 15:33:06,compound_scenario,SPT_SRWT,44,2553.52,48,0,1485.0,0,Weld,1,9.5,9.5,9.5,0.0,35.1,1666.8,1697.8,1707.4,9.6,31.1
2026-09-09 15:33:06,compound_scenario,SPT_SRWT,44,2553.52,49,0,1493.0,0,Weld,1,10.9,10.9,10.9,0.0,35.1,1695.2,1707.4,1718.3,10.9,12.2
2026-09-09 15:33:06,compound_scenario,SPT_SRWT,44,2553.52,50,0,1501.0,0,Weld,1,10.3,10.3,10.3,0.0,32.2,1709.6,1718.3,1728.6,10.3,8.7
2026-09-09 15:33:06,compound_scenario,SPT_SRWT,44,2553.52,51,0,1509.0,0,Weld,1,10.2,10.2,10.2,0.0,29.6,1726.3,1728.6,1738.8,10.2,2.3
2026-09-09 15:33:06,compound_scenario,SPT_SRWT,44,2553.52,52,0,1517.0,0,Weld,1,9.3,9.3,9.3,0.0,31.7,1735.5,1738.8,1748.2,9.4,3.3
2026-09-09 15:33:06,compound_scenario,SPT_SRWT,44,2553.52,53,0,1525.0,0,Weld,1,10.5,10.5,10.5,0.0,39.5,1753.6,1757.6,1768.0,10.5,4.0
2026-09-09 15:33:06,compound_scenario,SPT_SRWT,44,2553.52,54,0,1533.0,0,Weld,1,9.3,9.3,9.3,0.0,35.3,1744.5,1748.2,1757.6,9.4,3.7
2026-09-09 15:33:06,compound_scenario,SPT_SRWT,44,2553.52,55,0,1541.0,0,Weld,1,9.8,9.8,9.8,0.0,27.5,1834.1,1873.5,1883.3,9.8,39.4
2026-09-09 15:33:06,compound_scenario,SPT_SRWT,44,2553.52,56,0,1549.0,0,Weld,1,11.0,11.0,11.0,0.0,29.6,1843.3,1944.9,1955.9,11.0,101.6
2026-09-09 15:33:06,compound_scenario,SPT_SRWT,44,2553.52,57,0,1557.0,0,Weld,1,10.3,10.3,10.3,0.0,29.9,1850.8,1893.5,1903.8,10.3,42.6
2026-09-09 15:33:06,compound_scenario,SPT_SRWT,44,2553.52,58,0,1565.0,0,Weld,1,10.1,10.1,10.1,0.0,30.4,1858.6,1883.3,1893.5,10.1,24.8
2026-09-09 15:33:06,compound_scenario,SPT_SRWT,44,2553.52,59,0,1573.0,0,Weld,1,10.4,10.4,10.4,0.0,35.1,1872.9,1903.8,1914.2,10.4,30.8
2026-09-09 15:33:06,compound_scenario,SPT_SRWT,44,2553.52,60,0,1581.0,0,Weld,1,10.7,10.7,10.7,0.0,41.0,1897.1,1934.2,1944.9,10.7,37.1
2026-09-09 15:33:06,compound_scenario,SPT_SRWT,44,2553.52,61,0,1589.0,0,Weld,1,10.6,10.6,10.6,0.0,41.0,1904.9,1923.6,1934.2,10.6,18.8
2026-09-09 15:33:06,compound_scenario,SPT_SRWT,44,2553.52,62,0,1597.0,0,Weld,1,9.5,9.5,9.5,0.0,40.3,1912.6,1914.2,1923.6,9.5,1.6
2026-09-09 15:33:06,compound_scenario,SPT_SRWT,44,2553.52,63,0,2200.0,0,Mill,1,21.0,21.0,21.0,0.0,18.6,2231.4,2231.4,2252.4,21.0,0.0
2026-09-09 15:33:06,compound_scenario,SPT_SRWT,44,2553.52,63,0,2200.0,1,Lathe,1,29.5,29.5,29.5,0.0,20.7,2287.5,2287.5,2316.9,29.5,0.0
2026-09-09 15:33:06,compound_scenario,SPT_SRWT,44,2553.52,63,0,2200.0,2,Weld,1,28.0,28.0,28.0,0.0,25.2,2355.2,2355.2,2383.2,28.1,0.0
2026-09-09 15:33:06,compound_scenario,SPT_SRWT,44,2553.52,64,0,2260.0,0,Mill,1,26.3,26.3,26.3,0.0,16.8,2293.3,2293.3,2319.7,26.4,0.0
2026-09-09 15:33:06,compound_scenario,SPT_SRWT,44,2553.52,64,0,2260.0,1,Lathe,1,48.3,48.3,48.3,0.0,27.3,2366.8,2366.8,2415.1,48.3,0.0
2026-09-09 15:33:06,compound_scenario,SPT_SRWT,44,2553.52,64,0,2260.0,2,Weld,1,46.3,46.3,46.3,0.0,20.6,2448.9,2448.9,2495.3,46.3,0.0
2026-09-09 15:33:06,compound_scenario,SPT_SRWT,44,2553.52,65,0,2320.0,0,Mill,1,29.4,29.4,29.4,0.0,35.2,2379.8,2379.8,2409.2,29.5,0.0
2026-09-09 15:33:06,compound_scenario,SPT_SRWT,44,2553.52,65,0,2320.0,1,Lathe,1,39.7,39.7,39.7,0.0,4.7,2416.2,2416.2,2455.8,39.7,0.0
2026-09-09 15:33:06,compound_scenario,SPT_SRWT,44,2553.52,65,0,2320.0,2,Weld,1,31.9,31.9,31.9,0.0,13.0,2471.1,2471.1,2503.0,31.9,0.0
2026-09-09 15:33:44,convoy_waves,SPT_SRWT,42,1520.8,0,0,0.0,0,Mill,3,20.0,20.0,20.0,0.0,18.6,31.0,31.0,51.0,20.0,0.0
2026-09-09 15:33:44,convoy_waves,SPT_SRWT,42,1520.8,0,0,0.0,1,Weld,1,43.8,43.8,43.8,0.0,21.8,100.2,100.2,144.0,43.8,0.0
2026-09-09 15:33:44,convoy_waves,SPT_SRWT,42,1520.8,1,0,0.0,0,Mill,3,20.0,20.0,20.0,0.0,16.8,36.6,36.6,56.6,20.0,0.0
2026-09-09 15:33:44,convoy_waves,SPT_SRWT,42,1520.8,1,0,0.0,1,Weld,1,16.1,16.1,16.1,0.0,24.9,115.3,144.0,160.2,16.2,28.7
2026-09-09 15:33:44,convoy_waves,SPT_SRWT,42,1520.8,2,0,0.0,0,Mill,3,20.0,20.0,20.0,0.0,46.4,74.0,74.0,94.0,20.0,0.0
2026-09-09 15:33:44,convoy_waves,SPT_SRWT,42,1520.8,2,0,0.0,1,Weld,1,27.4,27.4,27.4,0.0,43.8,144.6,185.2,212.6,27.4,40.7
2026-09-09 15:33:44,convoy_waves,SPT_SRWT,42,1520.8,3,0,0.0,0,Mill,3,20.0,20.0,20.0,0.0,18.6,54.9,54.9,74.9,20.0,0.0
2026-09-09 15:33:44,convoy_waves,SPT_SRWT,42,1520.8,3,0,0.0,1,Weld,1,25.0,25.0,25.0,0.0,18.4,107.8,160.2,185.2,25.1,52.4
2026-09-09 15:33:44,convoy_waves,SPT_SRWT,42,1520.8,4,0,0.0,0,Mill,3,20.0,20.0,20.0,0.0,18.9,64.9,64.9,84.9,20.0,0.0
2026-09-09 15:33:44,convoy_waves,SPT_SRWT,42,1520.8,4,0,0.0,1,Weld,1,48.1,48.1,48.1,0.0,23.8,123.0,212.6,260.8,48.2,89.7
2026-09-09 15:33:44,convoy_waves,SPT_SRWT,42,1520.8,5,0,400.0,0,Mill,3,20.0,20.0,20.0,0.0,18.6,431.0,431.0,451.0,20.0,0.0
2026-09-09 15:33:44,convoy_waves,SPT_SRWT,42,1520.8,5,0,400.0,1,Weld,1,45.5,45.5,45.5,0.0,17.4,496.5,496.5,542.0,45.5,0.0
2026-09-09 15:33:44,convoy_waves,SPT_SRWT,42,1520.8,6,0,400.0,0,Mill,3,20.0,20.0,20.0,0.0,16.8,436.4,436.4,456.5,20.0,0.0
2026-09-09 15:33:44,convoy_waves,SPT_SRWT,42,1520.8,6,0,400.0,1,Weld,1,55.2,55.2,55.2,0.0,29.6,516.8,611.3,666.5,55.2,94.4
2026-09-09 15:33:44,convoy_waves,SPT_SRWT,42,1520.8,7,0,400.0,0,Mill,3,20.0,20.0,20.0,0.0,50.8,478.3,478.3,498.3,20.0,0.0
2026-09-09 15:33:44,convoy_waves,SPT_SRWT,42,1520.8,7,0,400.0,1,Weld,1,18.9,18.9,18.9,0.0,45.6,546.1,558.3,577.3,18.9,12.2
2026-09-09 15:33:44,convoy_waves,SPT_SRWT,42,1520.8,8,0,400.0,0,Mill,3,20.0,20.0,20.0,0.0,19.9,460.4,460.4,480.4,20.0,0.0
2026-09-09 15:33:44,convoy_waves,SPT_SRWT,42,1520.8,8,0,400.0,1,Weld,1,34.0,34.0,34.0,0.0,22.9,509.1,577.3,611.3,34.0,68.1
2026-09-09 15:33:44,convoy_waves,SPT_SRWT,42,1520.8,9,0,400.0,0,Mill,3,20.0,20.0,20.0,0.0,20.2,470.3,470.3,490.3,20.0,0.0
2026-09-09 15:33:44,convoy_waves,SPT_SRWT,42,1520.8,9,0,400.0,1,Weld,1,16.3,16.3,16.3,0.0,23.8,531.6,542.0,558.3,16.4,10.3
2026-09-09 15:33:44,convoy_waves,SPT_SRWT,42,1520.8,10,0,800.0,0,Mill,3,20.0,20.0,20.0,0.0,18.6,831.0,831.0,851.0,20.0,0.0
2026-09-09 15:33:44,convoy_waves,SPT_SRWT,42,1520.8,10,0,800.0,1,Weld,1,24.8,24.8,24.8,0.0,17.4,896.5,896.5,921.3,24.9,0.0
2026-09-09 15:33:44,convoy_waves,SPT_SRWT,42,1520.8,11,0,800.0,0,Mill,3,20.0,20.0,20.0,0.0,16.8,836.4,836.4,856.5,20.0,0.0
2026-09-09 15:33:44,convoy_waves,SPT_SRWT,42,1520.8,11,0,800.0,1,Weld,1,37.7,37.7,37.7,0.0,29.6,916.8,945.3,983.1,37.8,28.5
2026-09-09 15:33:44,convoy_waves,SPT_SRWT,42,1520.8,12,0,800.0,0,Mill,3,20.0,20.0,20.0,0.0,50.8,878.3,878.3,898.3,20.0,0.0
2026-09-09 15:33:44,convoy_waves,SPT_SRWT,42,1520.8,12,0,800.0,1,Weld,1,16.2,16.2,16.2,0.0,45.6,946.1,983.1,999.3,16.2,36.9
2026-09-09 15:33:44,convoy_waves,SPT_SRWT,42,1520.8,13,0,800.0,0,Mill,3,20.0,20.0,20.0,0.0,19.9,860.4,860.4,880.4,20.0,0.0
2026-09-09 15:33:44,convoy_waves,SPT_SRWT,42,1520.8,13,0,800.0,1,Weld,1,24.0,24.0,24.0,0.0,22.9,909.1,921.3,945.3,24.0,12.2
2026-09-09 15:33:44,convoy_waves,SPT_SRWT,42,1520.8,14,0,800.0,0,Mill,3,20.0,20.0,20.0,0.0,20.2,870.3,870.3,890.3,20.0,0.0
2026-09-09 15:33:44,convoy_waves,SPT_SRWT,42,1520.8,14,0,800.0,1,Weld,1,44.2,44.2,44.2,0.0,23.8,931.6,999.3,1043.6,44.3,67.7
2026-09-09 15:33:44,convoy_waves,SPT_SRWT,42,1520.8,15,0,1200.0,0,Mill,3,20.0,20.0,20.0,0.0,18.6,1231.0,1231.0,1251.0,20.0,0.0
2026-09-09 15:33:44,convoy_waves,SPT_SRWT,42,1520.8,15,0,1200.0,1,Weld,1,39.5,39.5,39.5,0.0,17.4,1296.5,1296.5,1336.0,39.5,0.0
2026-09-09 15:33:44,convoy_waves,SPT_SRWT,42,1520.8,16,0,1200.0,0,Mill,3,20.0,20.0,20.0,0.0,16.8,1236.4,1236.4,1256.5,20.0,0.0
2026-09-09 15:33:44,convoy_waves,SPT_SRWT,42,1520.8,16,0,1200.0,1,Weld,1,24.9,24.9,24.9,0.0,29.6,1316.8,1351.3,1376.3,24.9,34.5
2026-09-09 15:33:44,convoy_waves,SPT_SRWT,42,1520.8,17,0,1200.0,0,Mill,3,20.0,20.0,20.0,0.0,50.8,1278.3,1278.3,1298.3,20.0,0.0
2026-09-09 15:33:44,convoy_waves,SPT_SRWT,42,1520.8,17,0,1200.0,1,Weld,1,41.5,41.5,41.5,0.0,45.6,1346.1,1376.3,1417.8,41.5,30.1
2026-09-09 15:33:44,convoy_waves,SPT_SRWT,42,1520.8,18,0,1200.0,0,Mill,3,20.0,20.0,20.0,0.0,19.9,1260.4,1260.4,1280.4,20.0,0.0
2026-09-09 15:33:44,convoy_waves,SPT_SRWT,42,1520.8,18,0,1200.0,1,Weld,1,51.4,51.4,51.4,0.0,22.9,1309.1,1417.8,1469.3,51.4,108.7
2026-09-09 15:33:44,convoy_waves,SPT_SRWT,42,1520.8,19,0,1200.0,0,Mill,3,20.0,20.0,20.0,0.0,20.2,1270.3,1270.3,1290.3,20.0,0.0
2026-09-09 15:33:44,convoy_waves,SPT_SRWT,42,1520.8,19,0,1200.0,1,Weld,1,15.3,15.3,15.3,0.0,23.8,1331.6,1336.0,1351.3,15.3,4.4
2026-09-09 15:34:23,convoy_waves,SPT_SRWT,43,1520.8,0,0,0.0,0,Mill,3,20.0,20.0,20.0,0.0,18.6,31.0,31.0,51.0,20.0,0.0
2026-09-09 15:34:23,convoy_waves,SPT_SRWT,43,1520.8,0,0,0.0,1,Weld,1,43.8,43.8,43.8,0.0,21.8,100.2,100.2,144.0,43.8,0.0
2026-09-09 15:34:23,convoy_waves,SPT_SRWT,43,1520.8,1,0,0.0,0,Mill,3,20.0,20.0,20.0,0.0,16.8,36.6,36.6,56.6,20.0,0.0
2026-09-09 15:34:23,convoy_waves,SPT_SRWT,43,1520.8,1,0,0.0,1,Weld,1,16.1,16.1,16.1,0.0,24.9,115.3,144.0,160.2,16.2,28.7
2026-09-09 15:34:23,convoy_waves,SPT_SRWT,43,1520.8,2,0,0.0,0,Mill,3,20.0,20.0,20.0,0.0,46.4,74.0,74.0,94.0,20.0,0.0
2026-09-09 15:34:23,convoy_waves,SPT_SRWT,43,1520.8,2,0,0.0,1,Weld,1,27.4,27.4,27.4,0.0,43.8,144.6,185.2,212.6,27.4,40.7
2026-09-09 15:34:23,convoy_waves,SPT_SRWT,43,1520.8,3,0,0.0,0,Mill,3,20.0,20.0,20.0,0.0,18.6,54.9,54.9,74.9,20.0,0.0
2026-09-09 15:34:23,convoy_waves,SPT_SRWT,43,1520.8,3,0,0.0,1,Weld,1,25.0,25.0,25.0,0.0,18.4,107.8,160.2,185.2,25.1,52.4
2026-09-09 15:34:23,convoy_waves,SPT_SRWT,43,1520.8,4,0,0.0,0,Mill,3,20.0,20.0,20.0,0.0,18.9,64.9,64.9,84.9,20.0,0.0
2026-09-09 15:34:23,convoy_waves,SPT_SRWT,43,1520.8,4,0,0.0,1,Weld,1,48.1,48.1,48.1,0.0,23.8,123.0,212.6,260.8,48.2,89.7
2026-09-09 15:34:23,convoy_waves,SPT_SRWT,43,1520.8,5,0,400.0,0,Mill,3,20.0,20.0,20.0,0.0,18.6,431.0,431.0,451.0,20.0,0.0
2026-09-09 15:34:23,convoy_waves,SPT_SRWT,43,1520.8,5,0,400.0,1,Weld,1,45.5,45.5,45.5,0.0,17.4,496.5,496.5,542.0,45.5,0.0
2026-09-09 15:34:23,convoy_waves,SPT_SRWT,43,1520.8,6,0,400.0,0,Mill,3,20.0,20.0,20.0,0.0,16.8,436.4,436.4,456.5,20.0,0.0
2026-09-09 15:34:23,convoy_waves,SPT_SRWT,43,1520.8,6,0,400.0,1,Weld,1,55.2,55.2,55.2,0.0,29.6,516.8,611.3,666.5,55.2,94.4
2026-09-09 15:34:23,convoy_waves,SPT_SRWT,43,1520.8,7,0,400.0,0,Mill,3,20.0,20.0,20.0,0.0,50.8,478.3,478.3,498.3,20.0,0.0
2026-09-09 15:34:23,convoy_waves,SPT_SRWT,43,1520.8,7,0,400.0,1,Weld,1,18.9,18.9,18.9,0.0,45.6,546.1,558.3,577.3,18.9,12.2
2026-09-09 15:34:23,convoy_waves,SPT_SRWT,43,1520.8,8,0,400.0,0,Mill,3,20.0,20.0,20.0,0.0,19.9,460.4,460.4,480.4,20.0,0.0
2026-09-09 15:34:23,convoy_waves,SPT_SRWT,43,1520.8,8,0,400.0,1,Weld,1,34.0,34.0,34.0,0.0,22.9,509.1,577.3,611.3,34.0,68.1
2026-09-09 15:34:23,convoy_waves,SPT_SRWT,43,1520.8,9,0,400.0,0,Mill,3,20.0,20.0,20.0,0.0,20.2,470.3,470.3,490.3,20.0,0.0
2026-09-09 15:34:23,convoy_waves,SPT_SRWT,43,1520.8,9,0,400.0,1,Weld,1,16.3,16.3,16.3,0.0,23.8,531.6,542.0,558.3,16.4,10.3
2026-09-09 15:34:23,convoy_waves,SPT_SRWT,43,1520.8,10,0,800.0,0,Mill,3,20.0,20.0,20.0,0.0,18.6,831.0,831.0,851.0,20.0,0.0
2026-09-09 15:34:23,convoy_waves,SPT_SRWT,43,1520.8,10,0,800.0,1,Weld,1,24.8,24.8,24.8,0.0,17.4,896.5,896.5,921.3,24.9,0.0
2026-09-09 15:34:23,convoy_waves,SPT_SRWT,43,1520.8,11,0,800.0,0,Mill,3,20.0,20.0,20.0,0.0,16.8,836.4,836.4,856.5,20.0,0.0
2026-09-09 15:34:23,convoy_waves,SPT_SRWT,43,1520.8,11,0,800.0,1,Weld,1,37.7,37.7,37.7,0.0,29.6,916.8,945.3,983.1,37.8,28.5
2026-09-09 15:34:23,convoy_waves,SPT_SRWT,43,1520.8,12,0,800.0,0,Mill,3,20.0,20.0,20.0,0.0,50.8,878.3,878.3,898.3,20.0,0.0
2026-09-09 15:34:23,convoy_waves,SPT_SRWT,43,1520.8,12,0,800.0,1,Weld,1,16.2,16.2,16.2,0.0,45.6,946.1,983.1,999.3,16.2,36.9
2026-09-09 15:34:23,convoy_waves,SPT_SRWT,43,1520.8,13,0,800.0,0,Mill,3,20.0,20.0,20.0,0.0,19.9,860.4,860.4,880.4,20.0,0.0
2026-09-09 15:34:23,convoy_waves,SPT_SRWT,43,1520.8,13,0,800.0,1,Weld,1,24.0,24.0,24.0,0.0,22.9,909.1,921.3,945.3,24.0,12.2
2026-09-09 15:34:23,convoy_waves,SPT_SRWT,43,1520.8,14,0,800.0,0,Mill,3,20.0,20.0,20.0,0.0,20.2,870.3,870.3,890.3,20.0,0.0
2026-09-09 15:34:23,convoy_waves,SPT_SRWT,43,1520.8,14,0,800.0,1,Weld,1,44.2,44.2,44.2,0.0,23.8,931.6,999.3,1043.6,44.3,67.7
2026-09-09 15:34:23,convoy_waves,SPT_SRWT,43,1520.8,15,0,1200.0,0,Mill,3,20.0,20.0,20.0,0.0,18.6,1231.0,1231.0,1251.0,20.0,0.0
2026-09-09 15:34:23,convoy_waves,SPT_SRWT,43,1520.8,15,0,1200.0,1,Weld,1,39.5,39.5,39.5,0.0,17.4,1296.5,1296.5,1336.0,39.5,0.0
2026-09-09 15:34:23,convoy_waves,SPT_SRWT,43,1520.8,16,0,1200.0,0,Mill,3,20.0,20.0,20.0,0.0,16.8,1236.4,1236.4,1256.5,20.0,0.0
2026-09-09 15:34:23,convoy_waves,SPT_SRWT,43,1520.8,16,0,1200.0,1,Weld,1,24.9,24.9,24.9,0.0,29.6,1316.8,1351.3,1376.3,24.9,34.5
2026-09-09 15:34:23,convoy_waves,SPT_SRWT,43,1520.8,17,0,1200.0,0,Mill,3,20.0,20.0,20.0,0.0,50.8,1278.3,1278.3,1298.3,20.0,0.0
2026-09-09 15:34:23,convoy_waves,SPT_SRWT,43,1520.8,17,0,1200.0,1,Weld,1,41.5,41.5,41.5,0.0,45.6,1346.1,1376.3,1417.8,41.5,30.1
2026-09-09 15:34:23,convoy_waves,SPT_SRWT,43,1520.8,18,0,1200.0,0,Mill,3,20.0,20.0,20.0,0.0,19.9,1260.4,1260.4,1280.4,20.0,0.0
2026-09-09 15:34:23,convoy_waves,SPT_SRWT,43,1520.8,18,0,1200.0,1,Weld,1,51.4,51.4,51.4,0.0,22.9,1309.1,1417.8,1469.3,51.4,108.7
2026-09-09 15:34:23,convoy_waves,SPT_SRWT,43,1520.8,19,0,1200.0,0,Mill,3,20.0,20.0,20.0,0.0,20.2,1270.3,1270.3,1290.3,20.0,0.0
2026-09-09 15:34:23,convoy_waves,SPT_SRWT,43,1520.8,19,0,1200.0,1,Weld,1,15.3,15.3,15.3,0.0,23.8,1331.6,1336.0,1351.3,15.3,4.4
2026-09-09 15:35:01,convoy_waves,SPT_SRWT,44,1520.8,0,0,0.0,0,Mill,3,20.0,20.0,20.0,0.0,18.6,31.0,31.0,51.0,20.0,0.0
2026-09-09 15:35:01,convoy_waves,SPT_SRWT,44,1520.8,0,0,0.0,1,Weld,1,43.8,43.8,43.8,0.0,21.8,100.2,100.2,144.0,43.8,0.0
2026-09-09 15:35:01,convoy_waves,SPT_SRWT,44,1520.8,1,0,0.0,0,Mill,3,20.0,20.0,20.0,0.0,16.8,36.6,36.6,56.6,20.0,0.0
2026-09-09 15:35:01,convoy_waves,SPT_SRWT,44,1520.8,1,0,0.0,1,Weld,1,16.1,16.1,16.1,0.0,24.9,115.3,144.0,160.2,16.2,28.7
2026-09-09 15:35:01,convoy_waves,SPT_SRWT,44,1520.8,2,0,0.0,0,Mill,3,20.0,20.0,20.0,0.0,46.4,74.0,74.0,94.0,20.0,0.0
2026-09-09 15:35:01,convoy_waves,SPT_SRWT,44,1520.8,2,0,0.0,1,Weld,1,27.4,27.4,27.4,0.0,43.8,144.6,185.2,212.6,27.4,40.7
2026-09-09 15:35:01,convoy_waves,SPT_SRWT,44,1520.8,3,0,0.0,0,Mill,3,20.0,20.0,20.0,0.0,18.6,54.9,54.9,74.9,20.0,0.0
2026-09-09 15:35:01,convoy_waves,SPT_SRWT,44,1520.8,3,0,0.0,1,Weld,1,25.0,25.0,25.0,0.0,18.4,107.8,160.2,185.2,25.1,52.4
2026-09-09 15:35:01,convoy_waves,SPT_SRWT,44,1520.8,4,0,0.0,0,Mill,3,20.0,20.0,20.0,0.0,18.9,64.9,64.9,84.9,20.0,0.0
2026-09-09 15:35:01,convoy_waves,SPT_SRWT,44,1520.8,4,0,0.0,1,Weld,1,48.1,48.1,48.1,0.0,23.8,123.0,212.6,260.8,48.2,89.7
2026-09-09 15:35:01,convoy_waves,SPT_SRWT,44,1520.8,5,0,400.0,0,Mill,3,20.0,20.0,20.0,0.0,18.6,431.0,431.0,451.0,20.0,0.0
2026-09-09 15:35:01,convoy_waves,SPT_SRWT,44,1520.8,5,0,400.0,1,Weld,1,45.5,45.5,45.5,0.0,17.4,496.5,496.5,542.0,45.5,0.0
2026-09-09 15:35:01,convoy_waves,SPT_SRWT,44,1520.8,6,0,400.0,0,Mill,3,20.0,20.0,20.0,0.0,16.8,436.4,436.4,456.5,20.0,0.0
2026-09-09 15:35:01,convoy_waves,SPT_SRWT,44,1520.8,6,0,400.0,1,Weld,1,55.2,55.2,55.2,0.0,29.6,516.8,611.3,666.5,55.2,94.4
2026-09-09 15:35:01,convoy_waves,SPT_SRWT,44,1520.8,7,0,400.0,0,Mill,3,20.0,20.0,20.0,0.0,50.8,478.3,478.3,498.3,20.0,0.0
2026-09-09 15:35:01,convoy_waves,SPT_SRWT,44,1520.8,7,0,400.0,1,Weld,1,18.9,18.9,18.9,0.0,45.6,546.1,558.3,577.3,18.9,12.2
2026-09-09 15:35:01,convoy_waves,SPT_SRWT,44,1520.8,8,0,400.0,0,Mill,3,20.0,20.0,20.0,0.0,19.9,460.4,460.4,480.4,20.0,0.0
2026-09-09 15:35:01,convoy_waves,SPT_SRWT,44,1520.8,8,0,400.0,1,Weld,1,34.0,34.0,34.0,0.0,22.9,509.1,577.3,611.3,34.0,68.1
2026-09-09 15:35:01,convoy_waves,SPT_SRWT,44,1520.8,9,0,400.0,0,Mill,3,20.0,20.0,20.0,0.0,20.2,470.3,470.3,490.3,20.0,0.0
2026-09-09 15:35:01,convoy_waves,SPT_SRWT,44,1520.8,9,0,400.0,1,Weld,1,16.3,16.3,16.3,0.0,23.8,531.6,542.0,558.3,16.4,10.3
2026-09-09 15:35:01,convoy_waves,SPT_SRWT,44,1520.8,10,0,800.0,0,Mill,3,20.0,20.0,20.0,0.0,18.6,831.0,831.0,851.0,20.0,0.0
2026-09-09 15:35:01,convoy_waves,SPT_SRWT,44,1520.8,10,0,800.0,1,Weld,1,24.8,24.8,24.8,0.0,17.4,896.5,896.5,921.3,24.9,0.0
2026-09-09 15:35:01,convoy_waves,SPT_SRWT,44,1520.8,11,0,800.0,0,Mill,3,20.0,20.0,20.0,0.0,16.8,836.4,836.4,856.5,20.0,0.0
2026-09-09 15:35:01,convoy_waves,SPT_SRWT,44,1520.8,11,0,800.0,1,Weld,1,37.7,37.7,37.7,0.0,29.6,916.8,945.3,983.1,37.8,28.5
2026-09-09 15:35:01,convoy_waves,SPT_SRWT,44,1520.8,12,0,800.0,0,Mill,3,20.0,20.0,20.0,0.0,50.8,878.3,878.3,898.3,20.0,0.0
2026-09-09 15:35:01,convoy_waves,SPT_SRWT,44,1520.8,12,0,800.0,1,Weld,1,16.2,16.2,16.2,0.0,45.6,946.1,983.1,999.3,16.2,36.9
2026-09-09 15:35:01,convoy_waves,SPT_SRWT,44,1520.8,13,0,800.0,0,Mill,3,20.0,20.0,20.0,0.0,19.9,860.4,860.4,880.4,20.0,0.0
2026-09-09 15:35:01,convoy_waves,SPT_SRWT,44,1520.8,13,0,800.0,1,Weld,1,24.0,24.0,24.0,0.0,22.9,909.1,921.3,945.3,24.0,12.2
2026-09-09 15:35:01,convoy_waves,SPT_SRWT,44,1520.8,14,0,800.0,0,Mill,3,20.0,20.0,20.0,0.0,20.2,870.3,870.3,890.3,20.0,0.0
2026-09-09 15:35:01,convoy_waves,SPT_SRWT,44,1520.8,14,0,800.0,1,Weld,1,44.2,44.2,44.2,0.0,23.8,931.6,999.3,1043.6,44.3,67.7
2026-09-09 15:35:01,convoy_waves,SPT_SRWT,44,1520.8,15,0,1200.0,0,Mill,3,20.0,20.0,20.0,0.0,18.6,1231.0,1231.0,1251.0,20.0,0.0
2026-09-09 15:35:01,convoy_waves,SPT_SRWT,44,1520.8,15,0,1200.0,1,Weld,1,39.5,39.5,39.5,0.0,17.4,1296.5,1296.5,1336.0,39.5,0.0
2026-09-09 15:35:01,convoy_waves,SPT_SRWT,44,1520.8,16,0,1200.0,0,Mill,3,20.0,20.0,20.0,0.0,16.8,1236.4,1236.4,1256.5,20.0,0.0
2026-09-09 15:35:01,convoy_waves,SPT_SRWT,44,1520.8,16,0,1200.0,1,Weld,1,24.9,24.9,24.9,0.0,29.6,1316.8,1351.3,1376.3,24.9,34.5
2026-09-09 15:35:01,convoy_waves,SPT_SRWT,44,1520.8,17,0,1200.0,0,Mill,3,20.0,20.0,20.0,0.0,50.8,1278.3,1278.3,1298.3,20.0,0.0
2026-09-09 15:35:01,convoy_waves,SPT_SRWT,44,1520.8,17,0,1200.0,1,Weld,1,41.5,41.5,41.5,0.0,45.6,1346.1,1376.3,1417.8,41.5,30.1
2026-09-09 15:35:01,convoy_waves,SPT_SRWT,44,1520.8,18,0,1200.0,0,Mill,3,20.0,20.0,20.0,0.0,19.9,1260.4,1260.4,1280.4,20.0,0.0
2026-09-09 15:35:01,convoy_waves,SPT_SRWT,44,1520.8,18,0,1200.0,1,Weld,1,51.4,51.4,51.4,0.0,22.9,1309.1,1417.8,1469.3,51.4,108.7
2026-09-09 15:35:01,convoy_waves,SPT_SRWT,44,1520.8,19,0,1200.0,0,Mill,3,20.0,20.0,20.0,0.0,20.2,1270.3,1270.3,1290.3,20.0,0.0
2026-09-09 15:35:01,convoy_waves,SPT_SRWT,44,1520.8,19,0,1200.0,1,Weld,1,15.3,15.3,15.3,0.0,23.8,1331.6,1336.0,1351.3,15.3,4.4
2026-09-09 15:35:12,identical_batch,SPT_SRWT,42,383.5,0,0,0.0,0,Mill,3,20.0,20.0,20.0,0.0,18.6,31.0,31.0,51.0,20.0,0.0
2026-09-09 15:35:12,identical_batch,SPT_SRWT,42,383.5,0,0,0.0,1,Weld,1,40.0,40.0,40.0,0.0,29.9,106.8,132.3,172.4,40.0,25.5
2026-09-09 15:35:12,identical_batch,SPT_SRWT,42,383.5,1,0,0.0,0,Mill,3,20.0,20.0,20.0,0.0,16.8,36.6,36.6,56.6,20.0,0.0
2026-09-09 15:35:12,identical_batch,SPT_SRWT,42,383.5,1,0,0.0,1,Weld,1,40.0,40.0,40.0,0.0,33.5,92.3,92.3,132.3,40.0,0.0
2026-09-09 15:35:12,identical_batch,SPT_SRWT,42,383.5,2,0,0.0,0,Mill,3,20.0,20.0,20.0,0.0,46.4,74.0,74.0,94.0,20.0,0.0
2026-09-09 15:35:12,identical_batch,SPT_SRWT,42,383.5,2,0,0.0,1,Weld,1,40.0,40.0,40.0,0.0,47.7,148.5,172.4,212.4,40.0,23.9
2026-09-09 15:35:12,identical_batch,SPT_SRWT,42,383.5,3,0,0.0,0,Mill,3,20.0,20.0,20.0,0.0,18.6,54.9,54.9,74.9,20.0,0.0
2026-09-09 15:35:12,identical_batch,SPT_SRWT,42,383.5,3,0,0.0,1,Weld,1,40.0,40.0,40.0,0.0,35.1,119.2,212.4,252.4,40.0,93.2
2026-09-09 15:35:12,identical_batch,SPT_SRWT,42,383.5,4,0,0.0,0,Mill,3,20.0,20.0,20.0,0.0,18.6,64.6,64.6,84.6,20.0,0.0
2026-09-09 15:35:12,identical_batch,SPT_SRWT,42,383.5,4,0,0.0,1,Weld,1,40.0,40.0,40.0,0.0,22.8,140.9,252.4,292.4,40.0,111.5
2026-09-09 15:35:12,identical_batch,SPT_SRWT,42,383.5,5,0,0.0,0,Mill,3,20.0,20.0,20.0,0.0,41.5,107.0,107.0,127.0,20.0,0.0
2026-09-09 15:35:12,identical_batch,SPT_SRWT,42,383.5,5,0,0.0,1,Weld,1,40.0,40.0,40.0,0.0,46.4,184.4,292.4,332.4,40.0,108.1
2026-09-09 15:35:22,identical_batch,SPT_SRWT,43,383.5,0,0,0.0,0,Mill,3,20.0,20.0,20.0,0.0,18.6,31.0,31.0,51.0,20.0,0.0
2026-09-09 15:35:22,identical_batch,SPT_SRWT,43,383.5,0,0,0.0,1,Weld,1,40.0,40.0,40.0,0.0,29.9,106.8,132.3,172.4,40.0,25.5
2026-09-09 15:35:22,identical_batch,SPT_SRWT,43,383.5,1,0,0.0,0,Mill,3,20.0,20.0,20.0,0.0,16.8,36.6,36.6,56.6,20.0,0.0
2026-09-09 15:35:22,identical_batch,SPT_SRWT,43,383.5,1,0,0.0,1,Weld,1,40.0,40.0,40.0,0.0,33.5,92.3,92.3,132.3,40.0,0.0
2026-09-09 15:35:22,identical_batch,SPT_SRWT,43,383.5,2,0,0.0,0,Mill,3,20.0,20.0,20.0,0.0,46.4,74.0,74.0,94.0,20.0,0.0
2026-09-09 15:35:22,identical_batch,SPT_SRWT,43,383.5,2,0,0.0,1,Weld,1,40.0,40.0,40.0,0.0,47.7,148.5,172.4,212.4,40.0,23.9
2026-09-09 15:35:22,identical_batch,SPT_SRWT,43,383.5,3,0,0.0,0,Mill,3,20.0,20.0,20.0,0.0,18.6,54.9,54.9,74.9,20.0,0.0
2026-09-09 15:35:22,identical_batch,SPT_SRWT,43,383.5,3,0,0.0,1,Weld,1,40.0,40.0,40.0,0.0,35.1,119.2,212.4,252.4,40.0,93.2
2026-09-09 15:35:22,identical_batch,SPT_SRWT,43,383.5,4,0,0.0,0,Mill,3,20.0,20.0,20.0,0.0,18.6,64.6,64.6,84.6,20.0,0.0
2026-09-09 15:35:22,identical_batch,SPT_SRWT,43,383.5,4,0,0.0,1,Weld,1,40.0,40.0,40.0,0.0,22.8,140.9,252.4,292.4,40.0,111.5
2026-09-09 15:35:22,identical_batch,SPT_SRWT,43,383.5,5,0,0.0,0,Mill,3,20.0,20.0,20.0,0.0,41.5,107.0,107.0,127.0,20.0,0.0
2026-09-09 15:35:22,identical_batch,SPT_SRWT,43,383.5,5,0,0.0,1,Weld,1,40.0,40.0,40.0,0.0,46.4,184.4,292.4,332.4,40.0,108.1
2026-09-09 15:35:33,identical_batch,SPT_SRWT,44,383.5,0,0,0.0,0,Mill,3,20.0,20.0,20.0,0.0,18.6,31.0,31.0,51.0,20.0,0.0
2026-09-09 15:35:33,identical_batch,SPT_SRWT,44,383.5,0,0,0.0,1,Weld,1,40.0,40.0,40.0,0.0,29.9,106.8,132.3,172.4,40.0,25.5
2026-09-09 15:35:33,identical_batch,SPT_SRWT,44,383.5,1,0,0.0,0,Mill,3,20.0,20.0,20.0,0.0,16.8,36.6,36.6,56.6,20.0,0.0
2026-09-09 15:35:33,identical_batch,SPT_SRWT,44,383.5,1,0,0.0,1,Weld,1,40.0,40.0,40.0,0.0,33.5,92.3,92.3,132.3,40.0,0.0
2026-09-09 15:35:33,identical_batch,SPT_SRWT,44,383.5,2,0,0.0,0,Mill,3,20.0,20.0,20.0,0.0,46.4,74.0,74.0,94.0,20.0,0.0
2026-09-09 15:35:33,identical_batch,SPT_SRWT,44,383.5,2,0,0.0,1,Weld,1,40.0,40.0,40.0,0.0,47.7,148.5,172.4,212.4,40.0,23.9
2026-09-09 15:35:33,identical_batch,SPT_SRWT,44,383.5,3,0,0.0,0,Mill,3,20.0,20.0,20.0,0.0,18.6,54.9,54.9,74.9,20.0,0.0
2026-09-09 15:35:33,identical_batch,SPT_SRWT,44,383.5,3,0,0.0,1,Weld,1,40.0,40.0,40.0,0.0,35.1,119.2,212.4,252.4,40.0,93.2
2026-09-09 15:35:33,identical_batch,SPT_SRWT,44,383.5,4,0,0.0,0,Mill,3,20.0,20.0,20.0,0.0,18.6,64.6,64.6,84.6,20.0,0.0
2026-09-09 15:35:33,identical_batch,SPT_SRWT,44,383.5,4,0,0.0,1,Weld,1,40.0,40.0,40.0,0.0,22.8,140.9,252.4,292.4,40.0,111.5
2026-09-09 15:35:33,identical_batch,SPT_SRWT,44,383.5,5,0,0.0,0,Mill,3,20.0,20.0,20.0,0.0,41.5,107.0,107.0,127.0,20.0,0.0
2026-09-09 15:35:33,identical_batch,SPT_SRWT,44,383.5,5,0,0.0,1,Weld,1,40.0,40.0,40.0,0.0,46.4,184.4,292.4,332.4,40.0,108.1
2026-09-09 15:35:45,single_bottleneck,SPT_SRWT,42,491.7,0,0,0.0,0,Mill,3,20.0,20.0,20.0,0.0,18.6,31.0,31.0,51.0,20.0,0.0
2026-09-09 15:35:45,single_bottleneck,SPT_SRWT,42,491.7,0,0,0.0,1,Weld,1,61.2,61.2,61.2,0.0,18.2,76.1,76.1,137.2,61.2,0.0
2026-09-09 15:35:45,single_bottleneck,SPT_SRWT,42,491.7,1,0,0.0,0,Mill,3,20.0,20.0,20.0,0.0,16.8,36.6,36.6,56.6,20.0,0.0
2026-09-09 15:35:45,single_bottleneck,SPT_SRWT,42,491.7,1,0,0.0,1,Weld,1,12.0,12.0,12.0,0.0,34.0,99.9,137.2,149.3,12.0,37.4
2026-09-09 15:35:45,single_bottleneck,SPT_SRWT,42,491.7,2,0,0.0,0,Mill,3,20.0,20.0,20.0,0.0,38.6,66.2,66.2,86.2,20.0,0.0
2026-09-09 15:35:45,single_bottleneck,SPT_SRWT,42,491.7,2,0,0.0,1,Weld,1,32.0,32.0,32.0,0.0,46.6,139.6,194.1,226.1,32.0,54.5
2026-09-09 15:35:45,single_bottleneck,SPT_SRWT,42,491.7,3,0,0.0,0,Mill,3,20.0,20.0,20.0,0.0,31.1,81.9,85.0,105.1,20.0,3.1
2026-09-09 15:35:45,single_bottleneck,SPT_SRWT,42,491.7,3,0,0.0,1,Weld,1,27.9,27.9,27.9,0.0,30.1,154.9,166.2,194.1,27.9,11.3
2026-09-09 15:35:45,single_bottleneck,SPT_SRWT,42,491.7,4,0,0.0,0,Mill,3,20.0,20.0,20.0,0.0,25.1,82.8,82.8,102.8,20.0,0.0
2026-09-09 15:35:45,single_bottleneck,SPT_SRWT,42,491.7,4,0,0.0,1,Weld,1,68.9,68.9,68.9,0.0,36.1,147.3,290.3,359.2,68.9,143.0
2026-09-09 15:35:45,single_bottleneck,SPT_SRWT,42,491.7,5,0,0.0,0,Mill,3,20.0,20.0,20.0,0.0,39.9,114.6,114.6,134.6,20.0,0.0
2026-09-09 15:35:45,single_bottleneck,SPT_SRWT,42,491.7,5,0,0.0,1,Weld,1,64.1,64.1,64.1,0.0,4.7,146.0,226.1,290.3,64.2,80.1
2026-09-09 15:35:45,single_bottleneck,SPT_SRWT,42,491.7,6,0,0.0,0,Mill,3,20.0,20.0,20.0,0.0,23.8,65.0,65.0,85.0,20.0,0.0
2026-09-09 15:35:45,single_bottleneck,SPT_SRWT,42,491.7,6,0,0.0,1,Weld,1,81.4,81.4,81.4,0.0,26.0,124.9,359.2,440.6,81.4,234.3
2026-09-09 15:35:45,single_bottleneck,SPT_SRWT,42,491.7,7,0,0.0,0,Mill,3,20.0,20.0,20.0,0.0,16.8,53.2,56.6,76.6,20.0,3.4
2026-09-09 15:35:45,single_bottleneck,SPT_SRWT,42,491.7,7,0,0.0,1,Weld,1,17.0,17.0,17.0,0.0,27.2,117.2,149.3,166.2,17.0,32.0
2026-09-09 15:35:58,single_bottleneck,SPT_SRWT,43,491.7,0,0,0.0,0,Mill,3,20.0,20.0,20.0,0.0,18.6,31.0,31.0,51.0,20.0,0.0
2026-09-09 15:35:58,single_bottleneck,SPT_SRWT,43,491.7,0,0,0.0,1,Weld,1,61.2,61.2,61.2,0.0,18.2,76.1,76.1,137.2,61.2,0.0
2026-09-09 15:35:58,single_bottleneck,SPT_SRWT,43,491.7,1,0,0.0,0,Mill,3,20.0,20.0,20.0,0.0,16.8,36.6,36.6,56.6,20.0,0.0
2026-09-09 15:35:58,single_bottleneck,SPT_SRWT,43,491.7,1,0,0.0,1,Weld,1,12.0,12.0,12.0,0.0,34.0,99.9,137.2,149.3,12.0,37.4
2026-09-09 15:35:58,single_bottleneck,SPT_SRWT,43,491.7,2,0,0.0,0,Mill,3,20.0,20.0,20.0,0.0,38.6,66.2,66.2,86.2,20.0,0.0
2026-09-09 15:35:58,single_bottleneck,SPT_SRWT,43,491.7,2,0,0.0,1,Weld,1,32.0,32.0,32.0,0.0,46.6,139.6,194.1,226.1,32.0,54.5
2026-09-09 15:35:58,single_bottleneck,SPT_SRWT,43,491.7,3,0,0.0,0,Mill,3,20.0,20.0,20.0,0.0,31.1,81.9,85.0,105.1,20.0,3.1
2026-09-09 15:35:58,single_bottleneck,SPT_SRWT,43,491.7,3,0,0.0,1,Weld,1,27.9,27.9,27.9,0.0,30.1,154.9,166.2,194.1,27.9,11.3
2026-09-09 15:35:58,single_bottleneck,SPT_SRWT,43,491.7,4,0,0.0,0,Mill,3,20.0,20.0,20.0,0.0,25.1,82.8,82.8,102.8,20.0,0.0
2026-09-09 15:35:58,single_bottleneck,SPT_SRWT,43,491.7,4,0,0.0,1,Weld,1,68.9,68.9,68.9,0.0,36.1,147.3,290.3,359.2,68.9,143.0
2026-09-09 15:35:58,single_bottleneck,SPT_SRWT,43,491.7,5,0,0.0,0,Mill,3,20.0,20.0,20.0,0.0,39.9,114.6,114.6,134.6,20.0,0.0
2026-09-09 15:35:58,single_bottleneck,SPT_SRWT,43,491.7,5,0,0.0,1,Weld,1,64.1,64.1,64.1,0.0,4.7,146.0,226.1,290.3,64.2,80.1
2026-09-09 15:35:58,single_bottleneck,SPT_SRWT,43,491.7,6,0,0.0,0,Mill,3,20.0,20.0,20.0,0.0,23.8,65.0,65.0,85.0,20.0,0.0
2026-09-09 15:35:58,single_bottleneck,SPT_SRWT,43,491.7,6,0,0.0,1,Weld,1,81.4,81.4,81.4,0.0,26.0,124.9,359.2,440.6,81.4,234.3
2026-09-09 15:35:58,single_bottleneck,SPT_SRWT,43,491.7,7,0,0.0,0,Mill,3,20.0,20.0,20.0,0.0,16.8,53.2,56.6,76.6,20.0,3.4
2026-09-09 15:35:58,single_bottleneck,SPT_SRWT,43,491.7,7,0,0.0,1,Weld,1,17.0,17.0,17.0,0.0,27.2,117.2,149.3,166.2,17.0,32.0
2026-09-09 15:36:11,single_bottleneck,SPT_SRWT,44,491.7,0,0,0.0,0,Mill,3,20.0,20.0,20.0,0.0,18.6,31.0,31.0,51.0,20.0,0.0
2026-09-09 15:36:11,single_bottleneck,SPT_SRWT,44,491.7,0,0,0.0,1,Weld,1,61.2,61.2,61.2,0.0,18.2,76.1,76.1,137.2,61.2,0.0
2026-09-09 15:36:11,single_bottleneck,SPT_SRWT,44,491.7,1,0,0.0,0,Mill,3,20.0,20.0,20.0,0.0,16.8,36.6,36.6,56.6,20.0,0.0
2026-09-09 15:36:11,single_bottleneck,SPT_SRWT,44,491.7,1,0,0.0,1,Weld,1,12.0,12.0,12.0,0.0,34.0,99.9,137.2,149.3,12.0,37.4
2026-09-09 15:36:11,single_bottleneck,SPT_SRWT,44,491.7,2,0,0.0,0,Mill,3,20.0,20.0,20.0,0.0,38.6,66.2,66.2,86.2,20.0,0.0
2026-09-09 15:36:11,single_bottleneck,SPT_SRWT,44,491.7,2,0,0.0,1,Weld,1,32.0,32.0,32.0,0.0,46.6,139.6,194.1,226.1,32.0,54.5
2026-09-09 15:36:11,single_bottleneck,SPT_SRWT,44,491.7,3,0,0.0,0,Mill,3,20.0,20.0,20.0,0.0,31.1,81.9,85.0,105.1,20.0,3.1
2026-09-09 15:36:11,single_bottleneck,SPT_SRWT,44,491.7,3,0,0.0,1,Weld,1,27.9,27.9,27.9,0.0,30.1,154.9,166.2,194.1,27.9,11.3
2026-09-09 15:36:11,single_bottleneck,SPT_SRWT,44,491.7,4,0,0.0,0,Mill,3,20.0,20.0,20.0,0.0,25.1,82.8,82.8,102.8,20.0,0.0
2026-09-09 15:36:11,single_bottleneck,SPT_SRWT,44,491.7,4,0,0.0,1,Weld,1,68.9,68.9,68.9,0.0,36.1,147.3,290.3,359.2,68.9,143.0
2026-09-09 15:36:11,single_bottleneck,SPT_SRWT,44,491.7,5,0,0.0,0,Mill,3,20.0,20.0,20.0,0.0,39.9,114.6,114.6,134.6,20.0,0.0
2026-09-09 15:36:11,single_bottleneck,SPT_SRWT,44,491.7,5,0,0.0,1,Weld,1,64.1,64.1,64.1,0.0,4.7,146.0,226.1,290.3,64.2,80.1
2026-09-09 15:36:11,single_bottleneck,SPT_SRWT,44,491.7,6,0,0.0,0,Mill,3,20.0,20.0,20.0,0.0,23.8,65.0,65.0,85.0,20.0,0.0
2026-09-09 15:36:11,single_bottleneck,SPT_SRWT,44,491.7,6,0,0.0,1,Weld,1,81.4,81.4,81.4,0.0,26.0,124.9,359.2,440.6,81.4,234.3
2026-09-09 15:36:11,single_bottleneck,SPT_SRWT,44,491.7,7,0,0.0,0,Mill,3,20.0,20.0,20.0,0.0,16.8,53.2,56.6,76.6,20.0,3.4
2026-09-09 15:36:11,single_bottleneck,SPT_SRWT,44,491.7,7,0,0.0,1,Weld,1,17.0,17.0,17.0,0.0,27.2,117.2,149.3,166.2,17.0,32.0
2026-09-09 15:36:32,sparse_bottleneck_floor,SPT_SRWT,42,734.84,0,0,0.0,0,Mill,3,31.0,31.0,31.0,0.0,18.6,31.2,31.2,62.3,31.0,0.0
2026-09-09 15:36:32,sparse_bottleneck_floor,SPT_SRWT,42,734.84,0,0,0.0,1,Weld,1,16.1,16.1,16.1,0.0,48.7,166.1,177.4,193.5,16.2,11.2
2026-09-09 15:36:32,sparse_bottleneck_floor,SPT_SRWT,42,734.84,0,0,0.0,2,Assemble,3,21.9,21.9,21.9,0.0,14.8,217.9,217.9,239.8,21.9,0.0
2026-09-09 15:36:32,sparse_bottleneck_floor,SPT_SRWT,42,734.84,1,0,0.0,0,Mill,3,20.6,20.6,20.6,0.0,18.6,38.9,38.9,59.5,20.6,0.0
2026-09-09 15:36:32,sparse_bottleneck_floor,SPT_SRWT,42,734.84,1,0,0.0,1,Weld,1,48.1,48.1,48.1,0.0,41.7,113.8,113.8,162.0,48.2,0.0
2026-09-09 15:36:32,sparse_bottleneck_floor,SPT_SRWT,42,734.84,1,0,0.0,2,Assemble,3,31.9,31.9,31.9,0.0,37.4,205.1,205.1,237.0,31.9,0.0
2026-09-09 15:36:32,sparse_bottleneck_floor,SPT_SRWT,42,734.84,2,0,0.0,0,Mill,3,37.3,37.3,37.3,0.0,34.1,75.5,103.4,140.7,37.3,27.9
2026-09-09 15:36:32,sparse_bottleneck_floor,SPT_SRWT,42,734.84,2,0,0.0,1,Weld,1,18.9,18.9,18.9,0.0,6.4,190.1,193.5,212.5,18.9,3.4
2026-09-09 15:36:32,sparse_bottleneck_floor,SPT_SRWT,42,734.84,2,0,0.0,2,Assemble,3,25.6,25.6,25.6,0.0,37.2,254.8,254.8,280.4,25.6,0.0
2026-09-09 15:36:32,sparse_bottleneck_floor,SPT_SRWT,42,734.84,3,0,0.0,0,Mill,3,15.7,15.7,15.7,0.0,19.6,48.7,59.5,75.3,15.8,10.8
2026-09-09 15:36:32,sparse_bottleneck_floor,SPT_SRWT,42,734.84,3,0,0.0,1,Weld,1,24.8,24.8,24.8,0.0,53.9,180.8,212.5,237.4,24.9,31.7
2026-09-09 15:36:32,sparse_bottleneck_floor,SPT_SRWT,42,734.84,3,0,0.0,2,Assemble,3,27.6,27.6,27.6,0.0,38.6,312.8,312.8,340.4,27.7,0.0
2026-09-09 15:36:32,sparse_bottleneck_floor,SPT_SRWT,42,734.84,4,0,0.0,0,Mill,3,15.7,15.7,15.7,0.0,27.4,79.2,101.6,117.3,15.7,22.4
2026-09-09 15:36:32,sparse_bottleneck_floor,SPT_SRWT,42,734.84,4,0,0.0,1,Weld,1,24.0,24.0,24.0,0.0,43.8,236.0,237.4,261.4,24.0,1.4
2026-09-09 15:36:32,sparse_bottleneck_floor,SPT_SRWT,42,734.84,4,0,0.0,2,Assemble,3,31.3,31.3,31.3,0.0,51.5,360.8,360.8,392.1,31.3,0.0
2026-09-09 15:36:32,sparse_bottleneck_floor,SPT_SRWT,42,734.84,5,0,0.0,0,Mill,3,28.6,28.6,28.6,0.0,31.1,93.3,125.2,153.9,28.6,31.9
2026-09-09 15:36:32,sparse_bottleneck_floor,SPT_SRWT,42,734.84,5,0,0.0,1,Weld,1,24.9,24.9,24.9,0.0,44.9,216.1,261.4,286.3,24.9,45.3
2026-09-09 15:36:32,sparse_bottleneck_floor,SPT_SRWT,42,734.84,5,0,0.0,2,Assemble,3,29.7,29.7,29.7,0.0,28.8,326.4,326.4,356.2,29.8,0.0
2026-09-09 15:36:32,sparse_bottleneck_floor,SPT_SRWT,42,734.84,6,0,0.0,0,Mill,3,35.2,35.2,35.2,0.0,31.5,68.1,68.1,103.4,35.3,0.0
2026-09-09 15:36:32,sparse_bottleneck_floor,SPT_SRWT,42,734.84,6,0,0.0,1,Weld,1,15.3,15.3,15.3,0.0,6.4,160.4,162.0,177.3,15.3,1.6
2026-09-09 15:36:32,sparse_bottleneck_floor,SPT_SRWT,42,734.84,6,0,0.0,2,Assemble,3,35.2,35.2,35.2,0.0,38.6,220.9,220.9,256.1,35.2,0.0
2026-09-09 15:36:32,sparse_bottleneck_floor,SPT_SRWT,42,734.84,7,0,0.0,0,Mill,3,32.5,32.5,32.5,0.0,22.2,69.1,69.1,101.6,32.5,0.0
2026-09-09 15:36:32,sparse_bottleneck_floor,SPT_SRWT,42,734.84,7,0,0.0,1,Weld,1,30.3,30.3,30.3,0.0,38.9,201.6,286.3,316.7,30.3,84.8
2026-09-09 15:36:32,sparse_bottleneck_floor,SPT_SRWT,42,734.84,7,0,0.0,2,Assemble,3,18.9,18.9,18.9,0.0,44.0,383.0,383.0,401.9,18.9,0.0
2026-09-09 15:36:32,sparse_bottleneck_floor,SPT_SRWT,42,734.84,8,0,0.0,0,Mill,3,38.9,38.9,38.9,0.0,29.0,86.2,86.2,125.2,39.0,0.0
2026-09-09 15:36:32,sparse_bottleneck_floor,SPT_SRWT,42,734.84,8,0,0.0,1,Weld,1,30.2,30.2,30.2,0.0,45.4,286.7,316.7,346.9,30.2,30.0
2026-09-09 15:36:32,sparse_bottleneck_floor,SPT_SRWT,42,734.84,8,0,0.0,2,Assemble,3,17.3,17.3,17.3,0.0,17.1,383.6,383.6,401.0,17.3,0.0
2026-09-09 15:36:32,sparse_bottleneck_floor,SPT_SRWT,42,734.84,9,0,0.0,0,Mill,3,17.4,17.4,17.4,0.0,31.7,116.3,140.7,158.2,17.4,24.4
2026-09-09 15:36:32,sparse_bottleneck_floor,SPT_SRWT,42,734.84,9,0,0.0,1,Weld,1,53.1,53.1,53.1,0.0,6.4,254.3,544.6,597.7,53.2,290.3
2026-09-09 15:36:32,sparse_bottleneck_floor,SPT_SRWT,42,734.84,9,0,0.0,2,Assemble,3,30.1,30.1,30.1,0.0,53.3,653.3,653.3,683.4,30.1,0.0
2026-09-09 15:36:32,sparse_bottleneck_floor,SPT_SRWT,42,734.84,10,0,0.0,0,Mill,3,35.2,35.2,35.2,0.0,18.6,110.2,117.3,152.5,35.2,7.1
2026-09-09 15:36:32,sparse_bottleneck_floor,SPT_SRWT,42,734.84,10,0,0.0,1,Weld,1,47.8,47.8,47.8,0.0,47.2,296.0,496.7,544.5,47.9,200.6
2026-09-09 15:36:32,sparse_bottleneck_floor,SPT_SRWT,42,734.84,10,0,0.0,2,Assemble,3,28.4,28.4,28.4,0.0,42.9,590.1,590.1,618.5,28.4,0.0
2026-09-09 15:36:32,sparse_bottleneck_floor,SPT_SRWT,42,734.84,11,0,0.0,0,Mill,3,39.3,39.3,39.3,0.0,31.7,132.8,158.2,197.6,39.4,25.4
2026-09-09 15:36:32,sparse_bottleneck_floor,SPT_SRWT,42,734.84,11,0,0.0,1,Weld,1,32.0,32.0,32.0,0.0,6.4,272.6,346.9,379.0,32.1,74.3
2026-09-09 15:36:32,sparse_bottleneck_floor,SPT_SRWT,42,734.84,11,0,0.0,2,Assemble,3,28.8,28.8,28.8,0.0,46.3,461.3,461.3,490.1,28.8,0.0
2026-09-09 15:36:32,sparse_bottleneck_floor,SPT_SRWT,42,734.84,12,0,0.0,0,Mill,3,35.7,35.7,35.7,0.0,20.7,169.7,169.7,205.5,35.8,0.0
2026-09-09 15:36:32,sparse_bottleneck_floor,SPT_SRWT,42,734.84,12,0,0.0,1,Weld,1,42.8,42.8,42.8,0.0,27.7,312.1,379.0,421.8,42.9,66.9
2026-09-09 15:36:32,sparse_bottleneck_floor,SPT_SRWT,42,734.84,12,0,0.0,2,Assemble,3,36.5,36.5,36.5,0.0,39.6,497.0,497.0,533.5,36.6,0.0
2026-09-09 15:36:32,sparse_bottleneck_floor,SPT_SRWT,42,734.84,13,0,0.0,0,Mill,3,29.4,29.4,29.4,0.0,23.5,354.1,354.1,383.5,29.5,0.0
2026-09-09 15:36:32,sparse_bottleneck_floor,SPT_SRWT,42,734.84,13,0,0.0,1,Weld,1,46.7,46.7,46.7,0.0,43.5,434.7,449.9,496.7,46.7,15.2
2026-09-09 15:36:32,sparse_bottleneck_floor,SPT_SRWT,42,734.84,13,0,0.0,2,Assemble,3,16.2,16.2,16.2,0.0,37.2,536.1,536.1,552.3,16.2,0.0
2026-09-09 15:36:32,sparse_bottleneck_floor,SPT_SRWT,42,734.84,14,0,0.0,0,Mill,3,20.7,20.7,20.7,0.0,34.3,360.1,360.1,380.8,20.7,0.0
2026-09-09 15:36:32,sparse_bottleneck_floor,SPT_SRWT,42,734.84,14,0,0.0,1,Weld,1,28.0,28.0,28.0,0.0,6.4,395.8,421.9,449.9,28.0,26.0
2026-09-09 15:36:32,sparse_bottleneck_floor,SPT_SRWT,42,734.84,14,0,0.0,2,Assemble,3,17.0,17.0,17.0,0.0,17.9,469.5,469.5,486.5,17.0,0.0
2026-09-09 15:36:53,sparse_bottleneck_floor,SPT_SRWT,43,734.84,0,0,0.0,0,Mill,3,31.0,31.0,31.0,0.0,18.6,31.2,31.2,62.3,31.0,0.0
2026-09-09 15:36:53,sparse_bottleneck_floor,SPT_SRWT,43,734.84,0,0,0.0,1,Weld,1,16.1,16.1,16.1,0.0,48.7,166.1,177.4,193.5,16.2,11.2
2026-09-09 15:36:53,sparse_bottleneck_floor,SPT_SRWT,43,734.84,0,0,0.0,2,Assemble,3,21.9,21.9,21.9,0.0,14.8,217.9,217.9,239.8,21.9,0.0
2026-09-09 15:36:53,sparse_bottleneck_floor,SPT_SRWT,43,734.84,1,0,0.0,0,Mill,3,20.6,20.6,20.6,0.0,18.6,38.9,38.9,59.5,20.6,0.0
2026-09-09 15:36:53,sparse_bottleneck_floor,SPT_SRWT,43,734.84,1,0,0.0,1,Weld,1,48.1,48.1,48.1,0.0,41.7,113.8,113.8,162.0,48.2,0.0
2026-09-09 15:36:53,sparse_bottleneck_floor,SPT_SRWT,43,734.84,1,0,0.0,2,Assemble,3,31.9,31.9,31.9,0.0,37.4,205.1,205.1,237.0,31.9,0.0
2026-09-09 15:36:53,sparse_bottleneck_floor,SPT_SRWT,43,734.84,2,0,0.0,0,Mill,3,37.3,37.3,37.3,0.0,34.1,75.5,103.4,140.7,37.3,27.9
2026-09-09 15:36:53,sparse_bottleneck_floor,SPT_SRWT,43,734.84,2,0,0.0,1,Weld,1,18.9,18.9,18.9,0.0,6.4,190.1,193.5,212.5,18.9,3.4
2026-09-09 15:36:53,sparse_bottleneck_floor,SPT_SRWT,43,734.84,2,0,0.0,2,Assemble,3,25.6,25.6,25.6,0.0,37.2,254.8,254.8,280.4,25.6,0.0
2026-09-09 15:36:53,sparse_bottleneck_floor,SPT_SRWT,43,734.84,3,0,0.0,0,Mill,3,15.7,15.7,15.7,0.0,19.6,48.7,59.5,75.3,15.8,10.8
2026-09-09 15:36:53,sparse_bottleneck_floor,SPT_SRWT,43,734.84,3,0,0.0,1,Weld,1,24.8,24.8,24.8,0.0,53.9,180.8,212.5,237.4,24.9,31.7
2026-09-09 15:36:53,sparse_bottleneck_floor,SPT_SRWT,43,734.84,3,0,0.0,2,Assemble,3,27.6,27.6,27.6,0.0,38.6,312.8,312.8,340.4,27.7,0.0
2026-09-09 15:36:53,sparse_bottleneck_floor,SPT_SRWT,43,734.84,4,0,0.0,0,Mill,3,15.7,15.7,15.7,0.0,27.4,79.2,101.6,117.3,15.7,22.4
2026-09-09 15:36:53,sparse_bottleneck_floor,SPT_SRWT,43,734.84,4,0,0.0,1,Weld,1,24.0,24.0,24.0,0.0,43.8,236.0,237.4,261.4,24.0,1.4
2026-09-09 15:36:53,sparse_bottleneck_floor,SPT_SRWT,43,734.84,4,0,0.0,2,Assemble,3,31.3,31.3,31.3,0.0,51.5,360.8,360.8,392.1,31.3,0.0
2026-09-09 15:36:53,sparse_bottleneck_floor,SPT_SRWT,43,734.84,5,0,0.0,0,Mill,3,28.6,28.6,28.6,0.0,31.1,93.3,125.2,153.9,28.6,31.9
2026-09-09 15:36:53,sparse_bottleneck_floor,SPT_SRWT,43,734.84,5,0,0.0,1,Weld,1,24.9,24.9,24.9,0.0,44.9,216.1,261.4,286.3,24.9,45.3
2026-09-09 15:36:53,sparse_bottleneck_floor,SPT_SRWT,43,734.84,5,0,0.0,2,Assemble,3,29.7,29.7,29.7,0.0,28.8,326.4,326.4,356.2,29.8,0.0
2026-09-09 15:36:53,sparse_bottleneck_floor,SPT_SRWT,43,734.84,6,0,0.0,0,Mill,3,35.2,35.2,35.2,0.0,31.5,68.1,68.1,103.4,35.3,0.0
2026-09-09 15:36:53,sparse_bottleneck_floor,SPT_SRWT,43,734.84,6,0,0.0,1,Weld,1,15.3,15.3,15.3,0.0,6.4,160.4,162.0,177.3,15.3,1.6
2026-09-09 15:36:53,sparse_bottleneck_floor,SPT_SRWT,43,734.84,6,0,0.0,2,Assemble,3,35.2,35.2,35.2,0.0,38.6,220.9,220.9,256.1,35.2,0.0
2026-09-09 15:36:53,sparse_bottleneck_floor,SPT_SRWT,43,734.84,7,0,0.0,0,Mill,3,32.5,32.5,32.5,0.0,22.2,69.1,69.1,101.6,32.5,0.0
2026-09-09 15:36:53,sparse_bottleneck_floor,SPT_SRWT,43,734.84,7,0,0.0,1,Weld,1,30.3,30.3,30.3,0.0,38.9,201.6,286.3,316.7,30.3,84.8
2026-09-09 15:36:53,sparse_bottleneck_floor,SPT_SRWT,43,734.84,7,0,0.0,2,Assemble,3,18.9,18.9,18.9,0.0,44.0,383.0,383.0,401.9,18.9,0.0
2026-09-09 15:36:53,sparse_bottleneck_floor,SPT_SRWT,43,734.84,8,0,0.0,0,Mill,3,38.9,38.9,38.9,0.0,29.0,86.2,86.2,125.2,39.0,0.0
2026-09-09 15:36:53,sparse_bottleneck_floor,SPT_SRWT,43,734.84,8,0,0.0,1,Weld,1,30.2,30.2,30.2,0.0,45.4,286.7,316.7,346.9,30.2,30.0
2026-09-09 15:36:53,sparse_bottleneck_floor,SPT_SRWT,43,734.84,8,0,0.0,2,Assemble,3,17.3,17.3,17.3,0.0,17.1,383.6,383.6,401.0,17.3,0.0
2026-09-09 15:36:53,sparse_bottleneck_floor,SPT_SRWT,43,734.84,9,0,0.0,0,Mill,3,17.4,17.4,17.4,0.0,31.7,116.3,140.7,158.2,17.4,24.4
2026-09-09 15:36:53,sparse_bottleneck_floor,SPT_SRWT,43,734.84,9,0,0.0,1,Weld,1,53.1,53.1,53.1,0.0,6.4,254.3,544.6,597.7,53.2,290.3
2026-09-09 15:36:53,sparse_bottleneck_floor,SPT_SRWT,43,734.84,9,0,0.0,2,Assemble,3,30.1,30.1,30.1,0.0,53.3,653.3,653.3,683.4,30.1,0.0
2026-09-09 15:36:53,sparse_bottleneck_floor,SPT_SRWT,43,734.84,10,0,0.0,0,Mill,3,35.2,35.2,35.2,0.0,18.6,110.2,117.3,152.5,35.2,7.1
2026-09-09 15:36:53,sparse_bottleneck_floor,SPT_SRWT,43,734.84,10,0,0.0,1,Weld,1,47.8,47.8,47.8,0.0,47.2,296.0,496.7,544.5,47.9,200.6
2026-09-09 15:36:53,sparse_bottleneck_floor,SPT_SRWT,43,734.84,10,0,0.0,2,Assemble,3,28.4,28.4,28.4,0.0,42.9,590.1,590.1,618.5,28.4,0.0
2026-09-09 15:36:53,sparse_bottleneck_floor,SPT_SRWT,43,734.84,11,0,0.0,0,Mill,3,39.3,39.3,39.3,0.0,31.7,132.8,158.2,197.6,39.4,25.4
2026-09-09 15:36:53,sparse_bottleneck_floor,SPT_SRWT,43,734.84,11,0,0.0,1,Weld,1,32.0,32.0,32.0,0.0,6.4,272.6,346.9,379.0,32.1,74.3
2026-09-09 15:36:53,sparse_bottleneck_floor,SPT_SRWT,43,734.84,11,0,0.0,2,Assemble,3,28.8,28.8,28.8,0.0,46.3,461.3,461.3,490.1,28.8,0.0
2026-09-09 15:36:53,sparse_bottleneck_floor,SPT_SRWT,43,734.84,12,0,0.0,0,Mill,3,35.7,35.7,35.7,0.0,20.7,169.7,169.7,205.5,35.8,0.0
2026-09-09 15:36:53,sparse_bottleneck_floor,SPT_SRWT,43,734.84,12,0,0.0,1,Weld,1,42.8,42.8,42.8,0.0,27.7,312.1,379.0,421.8,42.9,66.9
2026-09-09 15:36:53,sparse_bottleneck_floor,SPT_SRWT,43,734.84,12,0,0.0,2,Assemble,3,36.5,36.5,36.5,0.0,39.6,497.0,497.0,533.5,36.6,0.0
2026-09-09 15:36:53,sparse_bottleneck_floor,SPT_SRWT,43,734.84,13,0,0.0,0,Mill,3,29.4,29.4,29.4,0.0,23.5,354.1,354.1,383.5,29.5,0.0
2026-09-09 15:36:53,sparse_bottleneck_floor,SPT_SRWT,43,734.84,13,0,0.0,1,Weld,1,46.7,46.7,46.7,0.0,43.5,434.7,449.9,496.7,46.7,15.2
2026-09-09 15:36:53,sparse_bottleneck_floor,SPT_SRWT,43,734.84,13,0,0.0,2,Assemble,3,16.2,16.2,16.2,0.0,37.2,536.1,536.1,552.3,16.2,0.0
2026-09-09 15:36:53,sparse_bottleneck_floor,SPT_SRWT,43,734.84,14,0,0.0,0,Mill,3,20.7,20.7,20.7,0.0,34.3,360.1,360.1,380.8,20.7,0.0
2026-09-09 15:36:53,sparse_bottleneck_floor,SPT_SRWT,43,734.84,14,0,0.0,1,Weld,1,28.0,28.0,28.0,0.0,6.4,395.8,421.9,449.9,28.0,26.0
2026-09-09 15:36:53,sparse_bottleneck_floor,SPT_SRWT,43,734.84,14,0,0.0,2,Assemble,3,17.0,17.0,17.0,0.0,17.9,469.5,469.5,486.5,17.0,0.0
2026-09-09 15:37:14,sparse_bottleneck_floor,SPT_SRWT,44,734.84,0,0,0.0,0,Mill,3,31.0,31.0,31.0,0.0,18.6,31.2,31.2,62.3,31.0,0.0
2026-09-09 15:37:14,sparse_bottleneck_floor,SPT_SRWT,44,734.84,0,0,0.0,1,Weld,1,16.1,16.1,16.1,0.0,48.7,166.1,177.4,193.5,16.2,11.2
2026-09-09 15:37:14,sparse_bottleneck_floor,SPT_SRWT,44,734.84,0,0,0.0,2,Assemble,3,21.9,21.9,21.9,0.0,14.8,217.9,217.9,239.8,21.9,0.0
2026-09-09 15:37:14,sparse_bottleneck_floor,SPT_SRWT,44,734.84,1,0,0.0,0,Mill,3,20.6,20.6,20.6,0.0,18.6,38.9,38.9,59.5,20.6,0.0
2026-09-09 15:37:14,sparse_bottleneck_floor,SPT_SRWT,44,734.84,1,0,0.0,1,Weld,1,48.1,48.1,48.1,0.0,41.7,113.8,113.8,162.0,48.2,0.0
2026-09-09 15:37:14,sparse_bottleneck_floor,SPT_SRWT,44,734.84,1,0,0.0,2,Assemble,3,31.9,31.9,31.9,0.0,37.4,205.1,205.1,237.0,31.9,0.0
2026-09-09 15:37:14,sparse_bottleneck_floor,SPT_SRWT,44,734.84,2,0,0.0,0,Mill,3,37.3,37.3,37.3,0.0,34.1,75.5,103.4,140.7,37.3,27.9
2026-09-09 15:37:14,sparse_bottleneck_floor,SPT_SRWT,44,734.84,2,0,0.0,1,Weld,1,18.9,18.9,18.9,0.0,6.4,190.1,193.5,212.5,18.9,3.4
2026-09-09 15:37:14,sparse_bottleneck_floor,SPT_SRWT,44,734.84,2,0,0.0,2,Assemble,3,25.6,25.6,25.6,0.0,37.2,254.8,254.8,280.4,25.6,0.0
2026-09-09 15:37:14,sparse_bottleneck_floor,SPT_SRWT,44,734.84,3,0,0.0,0,Mill,3,15.7,15.7,15.7,0.0,19.6,48.7,59.5,75.3,15.8,10.8
2026-09-09 15:37:14,sparse_bottleneck_floor,SPT_SRWT,44,734.84,3,0,0.0,1,Weld,1,24.8,24.8,24.8,0.0,53.9,180.8,212.5,237.4,24.9,31.7
2026-09-09 15:37:14,sparse_bottleneck_floor,SPT_SRWT,44,734.84,3,0,0.0,2,Assemble,3,27.6,27.6,27.6,0.0,38.6,312.8,312.8,340.4,27.7,0.0
2026-09-09 15:37:14,sparse_bottleneck_floor,SPT_SRWT,44,734.84,4,0,0.0,0,Mill,3,15.7,15.7,15.7,0.0,27.4,79.2,101.6,117.3,15.7,22.4
2026-09-09 15:37:14,sparse_bottleneck_floor,SPT_SRWT,44,734.84,4,0,0.0,1,Weld,1,24.0,24.0,24.0,0.0,43.8,236.0,237.4,261.4,24.0,1.4
2026-09-09 15:37:14,sparse_bottleneck_floor,SPT_SRWT,44,734.84,4,0,0.0,2,Assemble,3,31.3,31.3,31.3,0.0,51.5,360.8,360.8,392.1,31.3,0.0
2026-09-09 15:37:14,sparse_bottleneck_floor,SPT_SRWT,44,734.84,5,0,0.0,0,Mill,3,28.6,28.6,28.6,0.0,31.1,93.3,125.2,153.9,28.6,31.9
2026-09-09 15:37:14,sparse_bottleneck_floor,SPT_SRWT,44,734.84,5,0,0.0,1,Weld,1,24.9,24.9,24.9,0.0,44.9,216.1,261.4,286.3,24.9,45.3
2026-09-09 15:37:14,sparse_bottleneck_floor,SPT_SRWT,44,734.84,5,0,0.0,2,Assemble,3,29.7,29.7,29.7,0.0,28.8,326.4,326.4,356.2,29.8,0.0
2026-09-09 15:37:14,sparse_bottleneck_floor,SPT_SRWT,44,734.84,6,0,0.0,0,Mill,3,35.2,35.2,35.2,0.0,31.5,68.1,68.1,103.4,35.3,0.0
2026-09-09 15:37:14,sparse_bottleneck_floor,SPT_SRWT,44,734.84,6,0,0.0,1,Weld,1,15.3,15.3,15.3,0.0,6.4,160.4,162.0,177.3,15.3,1.6
2026-09-09 15:37:14,sparse_bottleneck_floor,SPT_SRWT,44,734.84,6,0,0.0,2,Assemble,3,35.2,35.2,35.2,0.0,38.6,220.9,220.9,256.1,35.2,0.0
2026-09-09 15:37:14,sparse_bottleneck_floor,SPT_SRWT,44,734.84,7,0,0.0,0,Mill,3,32.5,32.5,32.5,0.0,22.2,69.1,69.1,101.6,32.5,0.0
2026-09-09 15:37:14,sparse_bottleneck_floor,SPT_SRWT,44,734.84,7,0,0.0,1,Weld,1,30.3,30.3,30.3,0.0,38.9,201.6,286.3,316.7,30.3,84.8
2026-09-09 15:37:14,sparse_bottleneck_floor,SPT_SRWT,44,734.84,7,0,0.0,2,Assemble,3,18.9,18.9,18.9,0.0,44.0,383.0,383.0,401.9,18.9,0.0
2026-09-09 15:37:14,sparse_bottleneck_floor,SPT_SRWT,44,734.84,8,0,0.0,0,Mill,3,38.9,38.9,38.9,0.0,29.0,86.2,86.2,125.2,39.0,0.0
2026-09-09 15:37:14,sparse_bottleneck_floor,SPT_SRWT,44,734.84,8,0,0.0,1,Weld,1,30.2,30.2,30.2,0.0,45.4,286.7,316.7,346.9,30.2,30.0
2026-09-09 15:37:14,sparse_bottleneck_floor,SPT_SRWT,44,734.84,8,0,0.0,2,Assemble,3,17.3,17.3,17.3,0.0,17.1,383.6,383.6,401.0,17.3,0.0
2026-09-09 15:37:14,sparse_bottleneck_floor,SPT_SRWT,44,734.84,9,0,0.0,0,Mill,3,17.4,17.4,17.4,0.0,31.7,116.3,140.7,158.2,17.4,24.4
2026-09-09 15:37:14,sparse_bottleneck_floor,SPT_SRWT,44,734.84,9,0,0.0,1,Weld,1,53.1,53.1,53.1,0.0,6.4,254.3,544.6,597.7,53.2,290.3
2026-09-09 15:37:14,sparse_bottleneck_floor,SPT_SRWT,44,734.84,9,0,0.0,2,Assemble,3,30.1,30.1,30.1,0.0,53.3,653.3,653.3,683.4,30.1,0.0
2026-09-09 15:37:14,sparse_bottleneck_floor,SPT_SRWT,44,734.84,10,0,0.0,0,Mill,3,35.2,35.2,35.2,0.0,18.6,110.2,117.3,152.5,35.2,7.1
2026-09-09 15:37:14,sparse_bottleneck_floor,SPT_SRWT,44,734.84,10,0,0.0,1,Weld,1,47.8,47.8,47.8,0.0,47.2,296.0,496.7,544.5,47.9,200.6
2026-09-09 15:37:14,sparse_bottleneck_floor,SPT_SRWT,44,734.84,10,0,0.0,2,Assemble,3,28.4,28.4,28.4,0.0,42.9,590.1,590.1,618.5,28.4,0.0
2026-09-09 15:37:14,sparse_bottleneck_floor,SPT_SRWT,44,734.84,11,0,0.0,0,Mill,3,39.3,39.3,39.3,0.0,31.7,132.8,158.2,197.6,39.4,25.4
2026-09-09 15:37:14,sparse_bottleneck_floor,SPT_SRWT,44,734.84,11,0,0.0,1,Weld,1,32.0,32.0,32.0,0.0,6.4,272.6,346.9,379.0,32.1,74.3
2026-09-09 15:37:14,sparse_bottleneck_floor,SPT_SRWT,44,734.84,11,0,0.0,2,Assemble,3,28.8,28.8,28.8,0.0,46.3,461.3,461.3,490.1,28.8,0.0
2026-09-09 15:37:14,sparse_bottleneck_floor,SPT_SRWT,44,734.84,12,0,0.0,0,Mill,3,35.7,35.7,35.7,0.0,20.7,169.7,169.7,205.5,35.8,0.0
2026-09-09 15:37:14,sparse_bottleneck_floor,SPT_SRWT,44,734.84,12,0,0.0,1,Weld,1,42.8,42.8,42.8,0.0,27.7,312.1,379.0,421.8,42.9,66.9
2026-09-09 15:37:14,sparse_bottleneck_floor,SPT_SRWT,44,734.84,12,0,0.0,2,Assemble,3,36.5,36.5,36.5,0.0,39.6,497.0,497.0,533.5,36.6,0.0
2026-09-09 15:37:14,sparse_bottleneck_floor,SPT_SRWT,44,734.84,13,0,0.0,0,Mill,3,29.4,29.4,29.4,0.0,23.5,354.1,354.1,383.5,29.5,0.0
2026-09-09 15:37:14,sparse_bottleneck_floor,SPT_SRWT,44,734.84,13,0,0.0,1,Weld,1,46.7,46.7,46.7,0.0,43.5,434.7,449.9,496.7,46.7,15.2
2026-09-09 15:37:14,sparse_bottleneck_floor,SPT_SRWT,44,734.84,13,0,0.0,2,Assemble,3,16.2,16.2,16.2,0.0,37.2,536.1,536.1,552.3,16.2,0.0
2026-09-09 15:37:14,sparse_bottleneck_floor,SPT_SRWT,44,734.84,14,0,0.0,0,Mill,3,20.7,20.7,20.7,0.0,34.3,360.1,360.1,380.8,20.7,0.0
2026-09-09 15:37:14,sparse_bottleneck_floor,SPT_SRWT,44,734.84,14,0,0.0,1,Weld,1,28.0,28.0,28.0,0.0,6.4,395.8,421.9,449.9,28.0,26.0
2026-09-09 15:37:14,sparse_bottleneck_floor,SPT_SRWT,44,734.84,14,0,0.0,2,Assemble,3,17.0,17.0,17.0,0.0,17.9,469.5,469.5,486.5,17.0,0.0
2026-09-09 15:37:25,two_machine_standoff,SPT_SRWT,42,361.6,0,0,0.0,0,Mill,3,20.0,20.0,20.0,0.0,18.6,31.0,31.0,51.0,20.0,0.0
2026-09-09 15:37:25,two_machine_standoff,SPT_SRWT,42,361.6,0,0,0.0,1,Weld,2,43.8,43.8,43.8,0.0,20.3,78.2,78.2,122.0,43.8,0.0
2026-09-09 15:37:25,two_machine_standoff,SPT_SRWT,42,361.6,1,0,0.0,0,Mill,3,20.0,20.0,20.0,0.0,16.8,36.6,36.6,56.6,20.0,0.0
2026-09-09 15:37:25,two_machine_standoff,SPT_SRWT,42,361.6,1,0,0.0,1,Weld,2,16.1,16.1,16.1,0.0,27.5,114.3,114.3,130.4,16.2,0.0
2026-09-09 15:37:25,two_machine_standoff,SPT_SRWT,42,361.6,2,0,0.0,0,Mill,3,20.0,20.0,20.0,0.0,38.6,66.2,66.2,86.2,20.0,0.0
2026-09-09 15:37:25,two_machine_standoff,SPT_SRWT,42,361.6,2,0,0.0,1,Weld,2,27.4,27.4,27.4,0.0,49.5,165.1,165.1,192.5,27.4,0.0
2026-09-09 15:37:25,two_machine_standoff,SPT_SRWT,42,361.6,3,0,0.0,0,Mill,3,20.0,20.0,20.0,0.0,20.7,72.0,85.0,105.1,20.0,13.0
2026-09-09 15:37:25,two_machine_standoff,SPT_SRWT,42,361.6,3,0,0.0,1,Weld,2,25.0,25.0,25.0,0.0,35.1,195.1,208.8,233.9,25.1,13.7
2026-09-09 15:37:25,two_machine_standoff,SPT_SRWT,42,361.6,4,0,0.0,0,Mill,3,20.0,20.0,20.0,0.0,17.3,75.0,76.7,96.7,20.0,1.6
2026-09-09 15:37:25,two_machine_standoff,SPT_SRWT,42,361.6,4,0,0.0,1,Weld,2,48.1,48.1,48.1,0.0,27.8,132.1,132.1,180.2,48.2,0.0
2026-09-09 15:37:25,two_machine_standoff,SPT_SRWT,42,361.6,5,0,0.0,0,Mill,3,20.0,20.0,20.0,0.0,35.0,109.6,109.6,129.6,20.0,0.0
2026-09-09 15:37:25,two_machine_standoff,SPT_SRWT,42,361.6,5,0,0.0,1,Weld,2,45.5,45.5,45.5,0.0,58.9,261.1,261.1,306.6,45.5,0.0
2026-09-09 15:37:25,two_machine_standoff,SPT_SRWT,42,361.6,6,0,0.0,0,Mill,3,20.0,20.0,20.0,0.0,23.8,65.0,65.0,85.0,20.0,0.0
2026-09-09 15:37:25,two_machine_standoff,SPT_SRWT,42,361.6,6,0,0.0,1,Weld,2,55.2,55.2,55.2,0.0,24.5,137.7,180.2,235.4,55.2,42.5
2026-09-09 15:37:25,two_machine_standoff,SPT_SRWT,42,361.6,7,0,0.0,0,Mill,3,20.0,20.0,20.0,0.0,16.8,53.2,56.6,76.6,20.0,3.4
2026-09-09 15:37:25,two_machine_standoff,SPT_SRWT,42,361.6,7,0,0.0,1,Weld,2,18.9,18.9,18.9,0.0,23.3,121.8,130.4,149.4,18.9,8.6
2026-09-09 15:37:25,two_machine_standoff,SPT_SRWT,42,361.6,8,0,0.0,0,Mill,3,20.0,20.0,20.0,0.0,36.5,83.1,86.2,106.3,20.0,3.1
2026-09-09 15:37:25,two_machine_standoff,SPT_SRWT,42,361.6,8,0,0.0,1,Weld,2,34.0,34.0,34.0,0.0,54.4,222.4,233.9,267.9,34.0,11.5
2026-09-09 15:37:25,two_machine_standoff,SPT_SRWT,42,361.6,9,0,0.0,0,Mill,3,20.0,20.0,20.0,0.0,27.9,120.5,120.5,140.5,20.0,0.0
2026-09-09 15:37:25,two_machine_standoff,SPT_SRWT,42,361.6,9,0,0.0,1,Weld,2,16.3,16.3,16.3,0.0,34.6,187.4,192.5,208.8,16.4,5.1
2026-09-09 15:37:35,two_machine_standoff,SPT_SRWT,43,361.6,0,0,0.0,0,Mill,3,20.0,20.0,20.0,0.0,18.6,31.0,31.0,51.0,20.0,0.0
2026-09-09 15:37:35,two_machine_standoff,SPT_SRWT,43,361.6,0,0,0.0,1,Weld,2,43.8,43.8,43.8,0.0,20.3,78.2,78.2,122.0,43.8,0.0
2026-09-09 15:37:35,two_machine_standoff,SPT_SRWT,43,361.6,1,0,0.0,0,Mill,3,20.0,20.0,20.0,0.0,16.8,36.6,36.6,56.6,20.0,0.0
2026-09-09 15:37:35,two_machine_standoff,SPT_SRWT,43,361.6,1,0,0.0,1,Weld,2,16.1,16.1,16.1,0.0,27.5,114.3,114.3,130.4,16.2,0.0
2026-09-09 15:37:35,two_machine_standoff,SPT_SRWT,43,361.6,2,0,0.0,0,Mill,3,20.0,20.0,20.0,0.0,38.6,66.2,66.2,86.2,20.0,0.0
2026-09-09 15:37:35,two_machine_standoff,SPT_SRWT,43,361.6,2,0,0.0,1,Weld,2,27.4,27.4,27.4,0.0,49.5,165.1,165.1,192.5,27.4,0.0
2026-09-09 15:37:35,two_machine_standoff,SPT_SRWT,43,361.6,3,0,0.0,0,Mill,3,20.0,20.0,20.0,0.0,20.7,72.0,85.0,105.1,20.0,13.0
2026-09-09 15:37:35,two_machine_standoff,SPT_SRWT,43,361.6,3,0,0.0,1,Weld,2,25.0,25.0,25.0,0.0,35.1,195.1,208.8,233.9,25.1,13.7
2026-09-09 15:37:35,two_machine_standoff,SPT_SRWT,43,361.6,4,0,0.0,0,Mill,3,20.0,20.0,20.0,0.0,17.3,75.0,76.7,96.7,20.0,1.6
2026-09-09 15:37:35,two_machine_standoff,SPT_SRWT,43,361.6,4,0,0.0,1,Weld,2,48.1,48.1,48.1,0.0,27.8,132.1,132.1,180.2,48.2,0.0
2026-09-09 15:37:35,two_machine_standoff,SPT_SRWT,43,361.6,5,0,0.0,0,Mill,3,20.0,20.0,20.0,0.0,35.0,109.6,109.6,129.6,20.0,0.0
2026-09-09 15:37:35,two_machine_standoff,SPT_SRWT,43,361.6,5,0,0.0,1,Weld,2,45.5,45.5,45.5,0.0,58.9,261.1,261.1,306.6,45.5,0.0
2026-09-09 15:37:35,two_machine_standoff,SPT_SRWT,43,361.6,6,0,0.0,0,Mill,3,20.0,20.0,20.0,0.0,23.8,65.0,65.0,85.0,20.0,0.0
2026-09-09 15:37:35,two_machine_standoff,SPT_SRWT,43,361.6,6,0,0.0,1,Weld,2,55.2,55.2,55.2,0.0,24.5,137.7,180.2,235.4,55.2,42.5
2026-09-09 15:37:35,two_machine_standoff,SPT_SRWT,43,361.6,7,0,0.0,0,Mill,3,20.0,20.0,20.0,0.0,16.8,53.2,56.6,76.6,20.0,3.4
2026-09-09 15:37:35,two_machine_standoff,SPT_SRWT,43,361.6,7,0,0.0,1,Weld,2,18.9,18.9,18.9,0.0,23.3,121.8,130.4,149.4,18.9,8.6
2026-09-09 15:37:35,two_machine_standoff,SPT_SRWT,43,361.6,8,0,0.0,0,Mill,3,20.0,20.0,20.0,0.0,36.5,83.1,86.2,106.3,20.0,3.1
2026-09-09 15:37:35,two_machine_standoff,SPT_SRWT,43,361.6,8,0,0.0,1,Weld,2,34.0,34.0,34.0,0.0,54.4,222.4,233.9,267.9,34.0,11.5
2026-09-09 15:37:35,two_machine_standoff,SPT_SRWT,43,361.6,9,0,0.0,0,Mill,3,20.0,20.0,20.0,0.0,27.9,120.5,120.5,140.5,20.0,0.0
2026-09-09 15:37:35,two_machine_standoff,SPT_SRWT,43,361.6,9,0,0.0,1,Weld,2,16.3,16.3,16.3,0.0,34.6,187.4,192.5,208.8,16.4,5.1
2026-09-09 15:37:46,two_machine_standoff,SPT_SRWT,44,361.6,0,0,0.0,0,Mill,3,20.0,20.0,20.0,0.0,18.6,31.0,31.0,51.0,20.0,0.0
2026-09-09 15:37:46,two_machine_standoff,SPT_SRWT,44,361.6,0,0,0.0,1,Weld,2,43.8,43.8,43.8,0.0,20.3,78.2,78.2,122.0,43.8,0.0
2026-09-09 15:37:46,two_machine_standoff,SPT_SRWT,44,361.6,1,0,0.0,0,Mill,3,20.0,20.0,20.0,0.0,16.8,36.6,36.6,56.6,20.0,0.0
2026-09-09 15:37:46,two_machine_standoff,SPT_SRWT,44,361.6,1,0,0.0,1,Weld,2,16.1,16.1,16.1,0.0,27.5,114.3,114.3,130.4,16.2,0.0
2026-09-09 15:37:46,two_machine_standoff,SPT_SRWT,44,361.6,2,0,0.0,0,Mill,3,20.0,20.0,20.0,0.0,38.6,66.2,66.2,86.2,20.0,0.0
2026-09-09 15:37:46,two_machine_standoff,SPT_SRWT,44,361.6,2,0,0.0,1,Weld,2,27.4,27.4,27.4,0.0,49.5,165.1,165.1,192.5,27.4,0.0
2026-09-09 15:37:46,two_machine_standoff,SPT_SRWT,44,361.6,3,0,0.0,0,Mill,3,20.0,20.0,20.0,0.0,20.7,72.0,85.0,105.1,20.0,13.0
2026-09-09 15:37:46,two_machine_standoff,SPT_SRWT,44,361.6,3,0,0.0,1,Weld,2,25.0,25.0,25.0,0.0,35.1,195.1,208.8,233.9,25.1,13.7
2026-09-09 15:37:46,two_machine_standoff,SPT_SRWT,44,361.6,4,0,0.0,0,Mill,3,20.0,20.0,20.0,0.0,17.3,75.0,76.7,96.7,20.0,1.6
2026-09-09 15:37:46,two_machine_standoff,SPT_SRWT,44,361.6,4,0,0.0,1,Weld,2,48.1,48.1,48.1,0.0,27.8,132.1,132.1,180.2,48.2,0.0
2026-09-09 15:37:46,two_machine_standoff,SPT_SRWT,44,361.6,5,0,0.0,0,Mill,3,20.0,20.0,20.0,0.0,35.0,109.6,109.6,129.6,20.0,0.0
2026-09-09 15:37:46,two_machine_standoff,SPT_SRWT,44,361.6,5,0,0.0,1,Weld,2,45.5,45.5,45.5,0.0,58.9,261.1,261.1,306.6,45.5,0.0
2026-09-09 15:37:46,two_machine_standoff,SPT_SRWT,44,361.6,6,0,0.0,0,Mill,3,20.0,20.0,20.0,0.0,23.8,65.0,65.0,85.0,20.0,0.0
2026-09-09 15:37:46,two_machine_standoff,SPT_SRWT,44,361.6,6,0,0.0,1,Weld,2,55.2,55.2,55.2,0.0,24.5,137.7,180.2,235.4,55.2,42.5
2026-09-09 15:37:46,two_machine_standoff,SPT_SRWT,44,361.6,7,0,0.0,0,Mill,3,20.0,20.0,20.0,0.0,16.8,53.2,56.6,76.6,20.0,3.4
2026-09-09 15:37:46,two_machine_standoff,SPT_SRWT,44,361.6,7,0,0.0,1,Weld,2,18.9,18.9,18.9,0.0,23.3,121.8,130.4,149.4,18.9,8.6
2026-09-09 15:37:46,two_machine_standoff,SPT_SRWT,44,361.6,8,0,0.0,0,Mill,3,20.0,20.0,20.0,0.0,36.5,83.1,86.2,106.3,20.0,3.1
2026-09-09 15:37:46,two_machine_standoff,SPT_SRWT,44,361.6,8,0,0.0,1,Weld,2,34.0,34.0,34.0,0.0,54.4,222.4,233.9,267.9,34.0,11.5
2026-09-09 15:37:46,two_machine_standoff,SPT_SRWT,44,361.6,9,0,0.0,0,Mill,3,20.0,20.0,20.0,0.0,27.9,120.5,120.5,140.5,20.0,0.0
2026-09-09 15:37:46,two_machine_standoff,SPT_SRWT,44,361.6,9,0,0.0,1,Weld,2,16.3,16.3,16.3,0.0,34.6,187.4,192.5,208.8,16.4,5.1
2026-09-09 15:37:54,zero_contention,SPT_SRWT,42,268.82,0,0,0.0,0,Mill,1,39.2,39.2,39.2,0.0,18.6,31.0,31.0,70.2,39.2,0.0
2026-09-09 15:37:54,zero_contention,SPT_SRWT,42,268.82,0,0,0.0,1,Lathe,1,20.8,20.8,20.8,0.0,20.7,116.5,116.5,137.2,20.8,0.0
2026-09-09 15:37:54,zero_contention,SPT_SRWT,42,268.82,0,0,0.0,2,Weld,1,28.3,28.3,28.3,0.0,20.8,171.1,171.1,199.3,28.3,0.0
2026-09-09 15:37:54,zero_contention,SPT_SRWT,42,268.82,1,0,0.0,0,Mill,1,26.7,26.7,26.7,0.0,16.8,36.6,36.6,63.3,26.7,0.0
2026-09-09 15:37:54,zero_contention,SPT_SRWT,42,268.82,1,0,0.0,1,Lathe,1,42.1,42.1,42.1,0.0,20.8,98.4,98.4,140.6,42.1,0.0
2026-09-09 15:37:54,zero_contention,SPT_SRWT,42,268.82,1,0,0.0,2,Weld,1,40.3,40.3,40.3,0.0,20.6,177.0,177.0,217.3,40.3,0.0
2026-09-09 15:37:54,zero_contention,SPT_SRWT,42,268.82,2,0,0.0,0,Mill,1,46.8,46.8,46.8,0.0,43.3,70.9,70.9,117.7,46.8,0.0
2026-09-09 15:37:54,zero_contention,SPT_SRWT,42,268.82,2,0,0.0,1,Lathe,1,22.6,22.6,22.6,0.0,4.7,124.6,124.6,147.2,22.6,0.0
2026-09-09 15:37:54,zero_contention,SPT_SRWT,42,268.82,2,0,0.0,2,Weld,1,32.7,32.7,32.7,0.0,13.0,168.7,168.7,201.4,32.7,0.0
2026-09-09 15:38:01,zero_contention,SPT_SRWT,43,268.82,0,0,0.0,0,Mill,1,39.2,39.2,39.2,0.0,18.6,31.0,31.0,70.2,39.2,0.0
2026-09-09 15:38:01,zero_contention,SPT_SRWT,43,268.82,0,0,0.0,1,Lathe,1,20.8,20.8,20.8,0.0,20.7,116.5,116.5,137.2,20.8,0.0
2026-09-09 15:38:01,zero_contention,SPT_SRWT,43,268.82,0,0,0.0,2,Weld,1,28.3,28.3,28.3,0.0,20.8,171.1,171.1,199.3,28.3,0.0
2026-09-09 15:38:01,zero_contention,SPT_SRWT,43,268.82,1,0,0.0,0,Mill,1,26.7,26.7,26.7,0.0,16.8,36.6,36.6,63.3,26.7,0.0
2026-09-09 15:38:01,zero_contention,SPT_SRWT,43,268.82,1,0,0.0,1,Lathe,1,42.1,42.1,42.1,0.0,20.8,98.4,98.4,140.6,42.1,0.0
2026-09-09 15:38:01,zero_contention,SPT_SRWT,43,268.82,1,0,0.0,2,Weld,1,40.3,40.3,40.3,0.0,20.6,177.0,177.0,217.3,40.3,0.0
2026-09-09 15:38:01,zero_contention,SPT_SRWT,43,268.82,2,0,0.0,0,Mill,1,46.8,46.8,46.8,0.0,43.3,70.9,70.9,117.7,46.8,0.0
2026-09-09 15:38:01,zero_contention,SPT_SRWT,43,268.82,2,0,0.0,1,Lathe,1,22.6,22.6,22.6,0.0,4.7,124.6,124.6,147.2,22.6,0.0
2026-09-09 15:38:01,zero_contention,SPT_SRWT,43,268.82,2,0,0.0,2,Weld,1,32.7,32.7,32.7,0.0,13.0,168.7,168.7,201.4,32.7,0.0
2026-09-09 15:38:09,zero_contention,SPT_SRWT,44,268.82,0,0,0.0,0,Mill,1,39.2,39.2,39.2,0.0,18.6,31.0,31.0,70.2,39.2,0.0
2026-09-09 15:38:09,zero_contention,SPT_SRWT,44,268.82,0,0,0.0,1,Lathe,1,20.8,20.8,20.8,0.0,20.7,116.5,116.5,137.2,20.8,0.0
2026-09-09 15:38:09,zero_contention,SPT_SRWT,44,268.82,0,0,0.0,2,Weld,1,28.3,28.3,28.3,0.0,20.8,171.1,171.1,199.3,28.3,0.0
2026-09-09 15:38:09,zero_contention,SPT_SRWT,44,268.82,1,0,0.0,0,Mill,1,26.7,26.7,26.7,0.0,16.8,36.6,36.6,63.3,26.7,0.0
2026-09-09 15:38:09,zero_contention,SPT_SRWT,44,268.82,1,0,0.0,1,Lathe,1,42.1,42.1,42.1,0.0,20.8,98.4,98.4,140.6,42.1,0.0
2026-09-09 15:38:09,zero_contention,SPT_SRWT,44,268.82,1,0,0.0,2,Weld,1,40.3,40.3,40.3,0.0,20.6,177.0,177.0,217.3,40.3,0.0
2026-09-09 15:38:09,zero_contention,SPT_SRWT,44,268.82,2,0,0.0,0,Mill,1,46.8,46.8,46.8,0.0,43.3,70.9,70.9,117.7,46.8,0.0
2026-09-09 15:38:09,zero_contention,SPT_SRWT,44,268.82,2,0,0.0,1,Lathe,1,22.6,22.6,22.6,0.0,4.7,124.6,124.6,147.2,22.6,0.0
2026-09-09 15:38:09,zero_contention,SPT_SRWT,44,268.82,2,0,0.0,2,Weld,1,32.7,32.7,32.7,0.0,13.0,168.7,168.7,201.4,32.7,0.0
2026-09-09 15:28:57,bimodal_mix,SRT_SMPT,42,711.08,0,0,0.0,0,Weld,1,150.0,150.0,150.0,0.0,13.2,25.6,25.6,175.6,150.0,0.0
2026-09-09 15:28:57,bimodal_mix,SRT_SMPT,42,711.08,1,0,0.0,0,Weld,1,150.0,150.0,150.0,0.0,13.5,33.2,411.8,561.8,150.0,378.5
2026-09-09 15:28:57,bimodal_mix,SRT_SMPT,42,711.08,2,0,5.0,0,Weld,1,10.3,10.3,10.3,0.0,13.2,40.9,318.4,328.7,10.3,277.6
2026-09-09 15:28:57,bimodal_mix,SRT_SMPT,42,711.08,3,0,13.0,0,Weld,1,9.1,9.1,9.1,0.0,18.2,64.5,175.6,184.7,9.1,111.1
2026-09-09 15:28:57,bimodal_mix,SRT_SMPT,42,711.08,4,0,21.0,0,Weld,1,9.6,9.6,9.6,0.0,13.2,50.0,258.9,268.5,9.6,209.0
2026-09-09 15:28:57,bimodal_mix,SRT_SMPT,42,711.08,5,0,29.0,0,Weld,1,9.5,9.5,9.5,0.0,27.3,94.5,249.5,258.9,9.5,155.0
2026-09-09 15:28:57,bimodal_mix,SRT_SMPT,42,711.08,6,0,37.0,0,Weld,1,10.5,10.5,10.5,0.0,23.1,79.9,369.2,379.7,10.5,289.3
2026-09-09 15:28:57,bimodal_mix,SRT_SMPT,42,711.08,7,0,45.0,0,Weld,1,10.4,10.4,10.4,0.0,20.2,72.2,348.4,358.8,10.4,276.2
2026-09-09 15:28:57,bimodal_mix,SRT_SMPT,42,711.08,8,0,53.0,0,Weld,1,10.8,10.8,10.8,0.0,48.6,110.9,401.0,411.8,10.8,290.1
2026-09-09 15:28:57,bimodal_mix,SRT_SMPT,42,711.08,9,0,61.0,0,Weld,1,9.2,9.2,9.2,0.0,53.1,125.7,202.9,212.1,9.2,77.2
2026-09-09 15:28:57,bimodal_mix,SRT_SMPT,42,711.08,10,0,69.0,0,Weld,1,9.8,9.8,9.8,0.0,55.1,133.2,268.5,278.4,9.9,135.3
2026-09-09 15:28:57,bimodal_mix,SRT_SMPT,42,711.08,11,0,77.0,0,Weld,1,9.1,9.1,9.1,0.0,31.7,121.0,193.8,202.9,9.1,72.8
2026-09-09 15:28:57,bimodal_mix,SRT_SMPT,42,711.08,12,0,85.0,0,Weld,1,9.4,9.4,9.4,0.0,34.0,128.8,230.5,240.0,9.5,101.8
2026-09-09 15:28:57,bimodal_mix,SRT_SMPT,42,711.08,13,0,93.0,0,Weld,1,10.0,10.0,10.0,0.0,20.0,144.0,278.4,288.4,10.0,134.4
2026-09-09 15:28:57,bimodal_mix,SRT_SMPT,42,711.08,14,0,101.0,0,Weld,1,9.1,9.1,9.1,0.0,31.2,136.3,184.7,193.8,9.1,48.4
2026-09-09 15:28:57,bimodal_mix,SRT_SMPT,42,711.08,15,0,109.0,0,Weld,1,9.4,9.4,9.4,0.0,22.8,159.4,212.1,221.5,9.4,52.7
2026-09-09 15:28:57,bimodal_mix,SRT_SMPT,42,711.08,16,0,117.0,0,Weld,1,10.3,10.3,10.3,0.0,20.0,151.7,328.7,339.1,10.3,177.0
2026-09-09 15:28:57,bimodal_mix,SRT_SMPT,42,711.08,17,0,125.0,0,Weld,1,10.1,10.1,10.1,0.0,34.8,187.1,298.1,308.2,10.1,111.0
2026-09-09 15:28:57,bimodal_mix,SRT_SMPT,42,711.08,18,0,133.0,0,Weld,1,9.4,9.4,9.4,0.0,24.9,167.0,240.0,249.5,9.5,73.0
2026-09-09 15:28:57,bimodal_mix,SRT_SMPT,42,711.08,19,0,141.0,0,Weld,1,10.2,10.2,10.2,0.0,27.0,174.5,308.2,318.4,10.2,133.8
2026-09-09 15:28:57,bimodal_mix,SRT_SMPT,42,711.08,20,0,149.0,0,Weld,1,10.6,10.6,10.6,0.0,38.4,196.3,390.3,401.0,10.6,194.1
2026-09-09 15:28:57,bimodal_mix,SRT_SMPT,42,711.08,21,0,157.0,0,Weld,1,9.0,9.0,9.0,0.0,44.4,219.2,221.5,230.5,9.0,2.3
2026-09-09 15:28:57,bimodal_mix,SRT_SMPT,42,711.08,22,0,165.0,0,Weld,1,10.6,10.6,10.6,0.0,40.0,210.0,379.7,390.3,10.6,169.7
2026-09-09 15:28:57,bimodal_mix,SRT_SMPT,42,711.08,23,0,173.0,0,Weld,1,10.4,10.4,10.4,0.0,48.3,228.5,358.8,369.2,10.4,130.3
2026-09-09 15:28:57,bimodal_mix,SRT_SMPT,42,711.08,24,0,181.0,0,Weld,1,9.7,9.7,9.7,0.0,68.9,284.5,288.4,298.1,9.7,3.9
2026-09-09 15:28:57,bimodal_mix,SRT_SMPT,42,711.08,25,0,189.0,0,Weld,1,9.3,9.3,9.3,0.0,28.0,331.4,339.1,348.4,9.3,7.7
2026-09-09 15:28:57,bimodal_mix,SRT_SMPT,42,711.08,26,0,197.0,0,Weld,1,10.9,10.9,10.9,0.0,35.1,536.8,571.5,582.5,10.9,34.8
2026-09-09 15:28:57,bimodal_mix,SRT_SMPT,42,711.08,27,0,205.0,0,Weld,1,9.7,9.7,9.7,0.0,36.6,551.4,561.8,571.5,9.7,10.4
2026-09-09 15:28:57,bimodal_mix,SRT_SMPT,42,711.08,28,0,213.0,0,Weld,1,9.2,9.2,9.2,0.0,35.1,587.5,591.7,600.9,9.2,4.2
2026-09-09 15:28:57,bimodal_mix,SRT_SMPT,42,711.08,29,0,221.0,0,Weld,1,9.2,9.2,9.2,0.0,32.5,579.9,582.5,591.7,9.2,2.6
2026-09-09 15:28:57,bimodal_mix,SRT_SMPT,42,711.08,30,0,229.0,0,Weld,1,10.7,10.7,10.7,0.0,35.8,602.6,611.1,621.9,10.7,8.5
2026-09-09 15:28:57,bimodal_mix,SRT_SMPT,42,711.08,31,0,237.0,0,Weld,1,10.2,10.2,10.2,0.0,33.0,595.0,600.9,611.1,10.2,5.9
2026-09-09 15:29:17,bimodal_mix,SRT_SMPT,43,711.08,0,0,0.0,0,Weld,1,150.0,150.0,150.0,0.0,13.2,25.6,25.6,175.6,150.0,0.0
2026-09-09 15:29:17,bimodal_mix,SRT_SMPT,43,711.08,1,0,0.0,0,Weld,1,150.0,150.0,150.0,0.0,13.5,33.2,411.8,561.8,150.0,378.5
2026-09-09 15:29:17,bimodal_mix,SRT_SMPT,43,711.08,2,0,5.0,0,Weld,1,10.3,10.3,10.3,0.0,13.2,40.9,318.4,328.7,10.3,277.6
2026-09-09 15:29:17,bimodal_mix,SRT_SMPT,43,711.08,3,0,13.0,0,Weld,1,9.1,9.1,9.1,0.0,18.2,64.5,175.6,184.7,9.1,111.1
2026-09-09 15:29:17,bimodal_mix,SRT_SMPT,43,711.08,4,0,21.0,0,Weld,1,9.6,9.6,9.6,0.0,13.2,50.0,258.9,268.5,9.6,209.0
2026-09-09 15:29:17,bimodal_mix,SRT_SMPT,43,711.08,5,0,29.0,0,Weld,1,9.5,9.5,9.5,0.0,27.3,94.5,249.5,258.9,9.5,155.0
2026-09-09 15:29:17,bimodal_mix,SRT_SMPT,43,711.08,6,0,37.0,0,Weld,1,10.5,10.5,10.5,0.0,23.1,79.9,369.2,379.7,10.5,289.3
2026-09-09 15:29:17,bimodal_mix,SRT_SMPT,43,711.08,7,0,45.0,0,Weld,1,10.4,10.4,10.4,0.0,20.2,72.2,348.4,358.8,10.4,276.2
2026-09-09 15:29:17,bimodal_mix,SRT_SMPT,43,711.08,8,0,53.0,0,Weld,1,10.8,10.8,10.8,0.0,48.6,110.9,401.0,411.8,10.8,290.1
2026-09-09 15:29:17,bimodal_mix,SRT_SMPT,43,711.08,9,0,61.0,0,Weld,1,9.2,9.2,9.2,0.0,53.1,125.7,202.9,212.1,9.2,77.2
2026-09-09 15:29:17,bimodal_mix,SRT_SMPT,43,711.08,10,0,69.0,0,Weld,1,9.8,9.8,9.8,0.0,55.1,133.2,268.5,278.4,9.9,135.3
2026-09-09 15:29:17,bimodal_mix,SRT_SMPT,43,711.08,11,0,77.0,0,Weld,1,9.1,9.1,9.1,0.0,31.7,121.0,193.8,202.9,9.1,72.8
2026-09-09 15:29:17,bimodal_mix,SRT_SMPT,43,711.08,12,0,85.0,0,Weld,1,9.4,9.4,9.4,0.0,34.0,128.8,230.5,240.0,9.5,101.8
2026-09-09 15:29:17,bimodal_mix,SRT_SMPT,43,711.08,13,0,93.0,0,Weld,1,10.0,10.0,10.0,0.0,20.0,144.0,278.4,288.4,10.0,134.4
2026-09-09 15:29:17,bimodal_mix,SRT_SMPT,43,711.08,14,0,101.0,0,Weld,1,9.1,9.1,9.1,0.0,31.2,136.3,184.7,193.8,9.1,48.4
2026-09-09 15:29:17,bimodal_mix,SRT_SMPT,43,711.08,15,0,109.0,0,Weld,1,9.4,9.4,9.4,0.0,22.8,159.4,212.1,221.5,9.4,52.7
2026-09-09 15:29:17,bimodal_mix,SRT_SMPT,43,711.08,16,0,117.0,0,Weld,1,10.3,10.3,10.3,0.0,20.0,151.7,328.7,339.1,10.3,177.0
2026-09-09 15:29:17,bimodal_mix,SRT_SMPT,43,711.08,17,0,125.0,0,Weld,1,10.1,10.1,10.1,0.0,34.8,187.1,298.1,308.2,10.1,111.0
2026-09-09 15:29:17,bimodal_mix,SRT_SMPT,43,711.08,18,0,133.0,0,Weld,1,9.4,9.4,9.4,0.0,24.9,167.0,240.0,249.5,9.5,73.0
2026-09-09 15:29:17,bimodal_mix,SRT_SMPT,43,711.08,19,0,141.0,0,Weld,1,10.2,10.2,10.2,0.0,27.0,174.5,308.2,318.4,10.2,133.8
2026-09-09 15:29:17,bimodal_mix,SRT_SMPT,43,711.08,20,0,149.0,0,Weld,1,10.6,10.6,10.6,0.0,38.4,196.3,390.3,401.0,10.6,194.1
2026-09-09 15:29:17,bimodal_mix,SRT_SMPT,43,711.08,21,0,157.0,0,Weld,1,9.0,9.0,9.0,0.0,44.4,219.2,221.5,230.5,9.0,2.3
2026-09-09 15:29:17,bimodal_mix,SRT_SMPT,43,711.08,22,0,165.0,0,Weld,1,10.6,10.6,10.6,0.0,40.0,210.0,379.7,390.3,10.6,169.7
2026-09-09 15:29:17,bimodal_mix,SRT_SMPT,43,711.08,23,0,173.0,0,Weld,1,10.4,10.4,10.4,0.0,48.3,228.5,358.8,369.2,10.4,130.3
2026-09-09 15:29:17,bimodal_mix,SRT_SMPT,43,711.08,24,0,181.0,0,Weld,1,9.7,9.7,9.7,0.0,68.9,284.5,288.4,298.1,9.7,3.9
2026-09-09 15:29:17,bimodal_mix,SRT_SMPT,43,711.08,25,0,189.0,0,Weld,1,9.3,9.3,9.3,0.0,28.0,331.4,339.1,348.4,9.3,7.7
2026-09-09 15:29:17,bimodal_mix,SRT_SMPT,43,711.08,26,0,197.0,0,Weld,1,10.9,10.9,10.9,0.0,35.1,536.8,571.5,582.5,10.9,34.8
2026-09-09 15:29:17,bimodal_mix,SRT_SMPT,43,711.08,27,0,205.0,0,Weld,1,9.7,9.7,9.7,0.0,36.6,551.4,561.8,571.5,9.7,10.4
2026-09-09 15:29:17,bimodal_mix,SRT_SMPT,43,711.08,28,0,213.0,0,Weld,1,9.2,9.2,9.2,0.0,35.1,587.5,591.7,600.9,9.2,4.2
2026-09-09 15:29:17,bimodal_mix,SRT_SMPT,43,711.08,29,0,221.0,0,Weld,1,9.2,9.2,9.2,0.0,32.5,579.9,582.5,591.7,9.2,2.6
2026-09-09 15:29:17,bimodal_mix,SRT_SMPT,43,711.08,30,0,229.0,0,Weld,1,10.7,10.7,10.7,0.0,35.8,602.6,611.1,621.9,10.7,8.5
2026-09-09 15:29:17,bimodal_mix,SRT_SMPT,43,711.08,31,0,237.0,0,Weld,1,10.2,10.2,10.2,0.0,33.0,595.0,600.9,611.1,10.2,5.9
2026-09-09 15:29:38,bimodal_mix,SRT_SMPT,44,711.08,0,0,0.0,0,Weld,1,150.0,150.0,150.0,0.0,13.2,25.6,25.6,175.6,150.0,0.0
2026-09-09 15:29:38,bimodal_mix,SRT_SMPT,44,711.08,1,0,0.0,0,Weld,1,150.0,150.0,150.0,0.0,13.5,33.2,411.8,561.8,150.0,378.5
2026-09-09 15:29:38,bimodal_mix,SRT_SMPT,44,711.08,2,0,5.0,0,Weld,1,10.3,10.3,10.3,0.0,13.2,40.9,318.4,328.7,10.3,277.6
2026-09-09 15:29:38,bimodal_mix,SRT_SMPT,44,711.08,3,0,13.0,0,Weld,1,9.1,9.1,9.1,0.0,18.2,64.5,175.6,184.7,9.1,111.1
2026-09-09 15:29:38,bimodal_mix,SRT_SMPT,44,711.08,4,0,21.0,0,Weld,1,9.6,9.6,9.6,0.0,13.2,50.0,258.9,268.5,9.6,209.0
2026-09-09 15:29:38,bimodal_mix,SRT_SMPT,44,711.08,5,0,29.0,0,Weld,1,9.5,9.5,9.5,0.0,27.3,94.5,249.5,258.9,9.5,155.0
2026-09-09 15:29:38,bimodal_mix,SRT_SMPT,44,711.08,6,0,37.0,0,Weld,1,10.5,10.5,10.5,0.0,23.1,79.9,369.2,379.7,10.5,289.3
2026-09-09 15:29:38,bimodal_mix,SRT_SMPT,44,711.08,7,0,45.0,0,Weld,1,10.4,10.4,10.4,0.0,20.2,72.2,348.4,358.8,10.4,276.2
2026-09-09 15:29:38,bimodal_mix,SRT_SMPT,44,711.08,8,0,53.0,0,Weld,1,10.8,10.8,10.8,0.0,48.6,110.9,401.0,411.8,10.8,290.1
2026-09-09 15:29:38,bimodal_mix,SRT_SMPT,44,711.08,9,0,61.0,0,Weld,1,9.2,9.2,9.2,0.0,53.1,125.7,202.9,212.1,9.2,77.2
2026-09-09 15:29:38,bimodal_mix,SRT_SMPT,44,711.08,10,0,69.0,0,Weld,1,9.8,9.8,9.8,0.0,55.1,133.2,268.5,278.4,9.9,135.3
2026-09-09 15:29:38,bimodal_mix,SRT_SMPT,44,711.08,11,0,77.0,0,Weld,1,9.1,9.1,9.1,0.0,31.7,121.0,193.8,202.9,9.1,72.8
2026-09-09 15:29:38,bimodal_mix,SRT_SMPT,44,711.08,12,0,85.0,0,Weld,1,9.4,9.4,9.4,0.0,34.0,128.8,230.5,240.0,9.5,101.8
2026-09-09 15:29:38,bimodal_mix,SRT_SMPT,44,711.08,13,0,93.0,0,Weld,1,10.0,10.0,10.0,0.0,20.0,144.0,278.4,288.4,10.0,134.4
2026-09-09 15:29:38,bimodal_mix,SRT_SMPT,44,711.08,14,0,101.0,0,Weld,1,9.1,9.1,9.1,0.0,31.2,136.3,184.7,193.8,9.1,48.4
2026-09-09 15:29:38,bimodal_mix,SRT_SMPT,44,711.08,15,0,109.0,0,Weld,1,9.4,9.4,9.4,0.0,22.8,159.4,212.1,221.5,9.4,52.7
2026-09-09 15:29:38,bimodal_mix,SRT_SMPT,44,711.08,16,0,117.0,0,Weld,1,10.3,10.3,10.3,0.0,20.0,151.7,328.7,339.1,10.3,177.0
2026-09-09 15:29:38,bimodal_mix,SRT_SMPT,44,711.08,17,0,125.0,0,Weld,1,10.1,10.1,10.1,0.0,34.8,187.1,298.1,308.2,10.1,111.0
2026-09-09 15:29:38,bimodal_mix,SRT_SMPT,44,711.08,18,0,133.0,0,Weld,1,9.4,9.4,9.4,0.0,24.9,167.0,240.0,249.5,9.5,73.0
2026-09-09 15:29:38,bimodal_mix,SRT_SMPT,44,711.08,19,0,141.0,0,Weld,1,10.2,10.2,10.2,0.0,27.0,174.5,308.2,318.4,10.2,133.8
2026-09-09 15:29:38,bimodal_mix,SRT_SMPT,44,711.08,20,0,149.0,0,Weld,1,10.6,10.6,10.6,0.0,38.4,196.3,390.3,401.0,10.6,194.1
2026-09-09 15:29:38,bimodal_mix,SRT_SMPT,44,711.08,21,0,157.0,0,Weld,1,9.0,9.0,9.0,0.0,44.4,219.2,221.5,230.5,9.0,2.3
2026-09-09 15:29:38,bimodal_mix,SRT_SMPT,44,711.08,22,0,165.0,0,Weld,1,10.6,10.6,10.6,0.0,40.0,210.0,379.7,390.3,10.6,169.7
2026-09-09 15:29:38,bimodal_mix,SRT_SMPT,44,711.08,23,0,173.0,0,Weld,1,10.4,10.4,10.4,0.0,48.3,228.5,358.8,369.2,10.4,130.3
2026-09-09 15:29:38,bimodal_mix,SRT_SMPT,44,711.08,24,0,181.0,0,Weld,1,9.7,9.7,9.7,0.0,68.9,284.5,288.4,298.1,9.7,3.9
2026-09-09 15:29:38,bimodal_mix,SRT_SMPT,44,711.08,25,0,189.0,0,Weld,1,9.3,9.3,9.3,0.0,28.0,331.4,339.1,348.4,9.3,7.7
2026-09-09 15:29:38,bimodal_mix,SRT_SMPT,44,711.08,26,0,197.0,0,Weld,1,10.9,10.9,10.9,0.0,35.1,536.8,571.5,582.5,10.9,34.8
2026-09-09 15:29:38,bimodal_mix,SRT_SMPT,44,711.08,27,0,205.0,0,Weld,1,9.7,9.7,9.7,0.0,36.6,551.4,561.8,571.5,9.7,10.4
2026-09-09 15:29:38,bimodal_mix,SRT_SMPT,44,711.08,28,0,213.0,0,Weld,1,9.2,9.2,9.2,0.0,35.1,587.5,591.7,600.9,9.2,4.2
2026-09-09 15:29:38,bimodal_mix,SRT_SMPT,44,711.08,29,0,221.0,0,Weld,1,9.2,9.2,9.2,0.0,32.5,579.9,582.5,591.7,9.2,2.6
2026-09-09 15:29:38,bimodal_mix,SRT_SMPT,44,711.08,30,0,229.0,0,Weld,1,10.7,10.7,10.7,0.0,35.8,602.6,611.1,621.9,10.7,8.5
2026-09-09 15:29:38,bimodal_mix,SRT_SMPT,44,711.08,31,0,237.0,0,Weld,1,10.2,10.2,10.2,0.0,33.0,595.0,600.9,611.1,10.2,5.9
2026-09-09 15:30:46,compound_scenario,SRT_SMPT,42,2544.1,0,0,0.0,0,Mill,1,39.2,39.2,39.2,0.0,18.6,31.0,31.0,70.2,39.2,0.0
2026-09-09 15:30:46,compound_scenario,SRT_SMPT,42,2544.1,0,0,0.0,1,Lathe,1,20.8,20.8,20.8,0.0,20.7,105.8,105.8,126.6,20.8,0.0
2026-09-09 15:30:46,compound_scenario,SRT_SMPT,42,2544.1,0,0,0.0,2,Weld,1,28.3,28.3,28.3,0.0,21.5,162.5,162.5,190.8,28.3,0.0
2026-09-09 15:30:46,compound_scenario,SRT_SMPT,42,2544.1,1,0,60.0,0,Mill,1,26.7,26.7,26.7,0.0,16.8,93.0,93.0,119.7,26.7,0.0
2026-09-09 15:30:46,compound_scenario,SRT_SMPT,42,2544.1,1,0,60.0,1,Lathe,1,42.1,42.1,42.1,0.0,21.5,156.9,156.9,199.1,42.1,0.0
2026-09-09 15:30:46,compound_scenario,SRT_SMPT,42,2544.1,1,0,60.0,2,Weld,1,40.3,40.3,40.3,0.0,20.6,231.0,231.0,271.3,40.3,0.0
2026-09-09 15:30:46,compound_scenario,SRT_SMPT,42,2544.1,2,0,120.0,0,Mill,1,46.8,46.8,46.8,0.0,34.9,169.9,169.9,216.7,46.8,0.0
2026-09-09 15:30:46,compound_scenario,SRT_SMPT,42,2544.1,2,0,120.0,1,Lathe,1,22.6,22.6,22.6,0.0,4.7,223.6,223.6,246.3,22.6,0.0
2026-09-09 15:30:46,compound_scenario,SRT_SMPT,42,2544.1,2,0,120.0,2,Weld,1,32.7,32.7,32.7,0.0,13.0,262.4,262.4,295.1,32.7,0.0
2026-09-09 15:30:46,compound_scenario,SRT_SMPT,42,2544.1,3,0,250.0,0,Mill,3,20.0,20.0,20.0,0.0,18.6,280.9,280.9,301.0,20.0,0.0
2026-09-09 15:30:46,compound_scenario,SRT_SMPT,42,2544.1,3,0,250.0,1,Weld,1,12.4,12.4,12.4,0.0,28.3,337.8,337.8,350.2,12.4,0.0
2026-09-09 15:30:46,compound_scenario,SRT_SMPT,42,2544.1,4,0,250.0,0,Mill,3,20.0,20.0,20.0,0.0,24.8,297.5,301.0,321.0,20.0,3.5
2026-09-09 15:30:46,compound_scenario,SRT_SMPT,42,2544.1,4,0,250.0,1,Weld,1,27.5,27.5,27.5,0.0,28.9,352.3,352.3,379.8,27.5,0.0
2026-09-09 15:30:46,compound_scenario,SRT_SMPT,42,2544.1,5,0,250.0,0,Mill,3,20.0,20.0,20.0,0.0,31.3,321.9,401.2,421.2,20.0,79.3
2026-09-09 15:30:46,compound_scenario,SRT_SMPT,42,2544.1,5,0,250.0,1,Weld,1,50.4,50.4,50.4,0.0,25.2,485.2,524.2,574.7,50.5,39.0
2026-09-09 15:30:46,compound_scenario,SRT_SMPT,42,2544.1,6,0,250.0,0,Mill,3,20.0,20.0,20.0,0.0,37.0,337.8,341.1,361.1,20.0,3.2
2026-09-09 15:30:46,compound_scenario,SRT_SMPT,42,2544.1,6,0,250.0,1,Weld,1,12.1,12.1,12.1,0.0,17.0,380.4,380.4,392.5,12.1,0.0
2026-09-09 15:30:46,compound_scenario,SRT_SMPT,42,2544.1,7,0,250.0,0,Mill,3,20.0,20.0,20.0,0.0,34.4,345.0,361.1,381.1,20.0,16.1
2026-09-09 15:30:46,compound_scenario,SRT_SMPT,42,2544.1,7,0,250.0,1,Weld,1,25.9,25.9,25.9,0.0,32.2,446.9,470.6,496.6,25.9,23.7
2026-09-09 15:30:46,compound_scenario,SRT_SMPT,42,2544.1,8,0,250.0,0,Mill,3,20.0,20.0,20.0,0.0,20.4,288.1,421.2,441.2,20.0,133.1
2026-09-09 15:30:46,compound_scenario,SRT_SMPT,42,2544.1,8,0,250.0,1,Weld,1,62.0,62.0,62.0,0.0,25.7,492.8,574.7,636.7,62.0,81.8
2026-09-09 15:30:46,compound_scenario,SRT_SMPT,42,2544.1,9,0,250.0,0,Mill,3,20.0,20.0,20.0,0.0,28.2,307.9,321.0,341.0,20.0,13.1
2026-09-09 15:30:46,compound_scenario,SRT_SMPT,42,2544.1,9,0,250.0,1,Weld,1,53.6,53.6,53.6,0.0,30.1,417.0,417.0,470.6,53.6,0.0
2026-09-09 15:30:46,compound_scenario,SRT_SMPT,42,2544.1,10,0,250.0,0,Mill,3,20.0,20.0,20.0,0.0,34.7,330.6,381.1,401.2,20.0,50.5
2026-09-09 15:30:46,compound_scenario,SRT_SMPT,42,2544.1,10,0,250.0,1,Weld,1,27.6,27.6,27.6,0.0,28.8,432.3,496.6,524.2,27.7,64.3
2026-09-09 15:30:46,compound_scenario,SRT_SMPT,42,2544.1,20,0,650.0,0,Mill,3,20.0,20.0,20.0,0.0,18.6,681.0,681.0,701.0,20.0,0.0
2026-09-09 15:30:46,compound_scenario,SRT_SMPT,42,2544.1,20,0,650.0,1,Weld,2,19.2,19.2,19.2,0.0,35.9,746.3,746.3,765.5,19.2,0.0
2026-09-09 15:30:46,compound_scenario,SRT_SMPT,42,2544.1,19,0,650.0,0,Mill,3,20.0,20.0,20.0,0.0,18.6,688.7,701.0,721.0,20.0,12.3
2026-09-09 15:30:46,compound_scenario,SRT_SMPT,42,2544.1,19,0,650.0,1,Weld,2,30.2,30.2,30.2,0.0,37.2,760.3,765.5,795.7,30.2,5.2
2026-09-09 15:30:46,compound_scenario,SRT_SMPT,42,2544.1,18,0,650.0,0,Mill,3,20.0,20.0,20.0,0.0,20.7,700.5,861.3,881.3,20.0,160.8
2026-09-09 15:30:46,compound_scenario,SRT_SMPT,42,2544.1,18,0,650.0,1,Weld,2,58.1,58.1,58.1,0.0,33.8,946.8,1066.8,1124.9,58.1,119.9
2026-09-09 15:30:46,compound_scenario,SRT_SMPT,42,2544.1,17,0,650.0,0,Mill,3,20.0,20.0,20.0,0.0,28.2,719.4,741.1,761.1,20.0,21.7
2026-09-09 15:30:46,compound_scenario,SRT_SMPT,42,2544.1,17,0,650.0,1,Weld,2,22.0,22.0,22.0,0.0,26.8,824.5,854.0,876.1,22.0,29.6
2026-09-09 15:30:46,compound_scenario,SRT_SMPT,42,2544.1,16,0,650.0,0,Mill,3,20.0,20.0,20.0,0.0,35.5,737.2,761.1,781.1,20.0,23.9
2026-09-09 15:30:46,compound_scenario,SRT_SMPT,42,2544.1,16,0,650.0,1,Weld,2,30.3,30.3,30.3,0.0,25.0,808.4,808.4,838.7,30.3,0.0
2026-09-09 15:30:46,compound_scenario,SRT_SMPT,42,2544.1,14,0,650.0,0,Mill,3,20.0,20.0,20.0,0.0,39.1,751.3,821.2,841.3,20.0,70.0
2026-09-09 15:30:46,compound_scenario,SRT_SMPT,42,2544.1,14,0,650.0,1,Weld,2,51.3,51.3,51.3,0.0,22.6,883.4,964.0,1015.3,51.3,80.7
2026-09-09 15:30:46,compound_scenario,SRT_SMPT,42,2544.1,13,0,650.0,0,Mill,3,20.0,20.0,20.0,0.0,22.5,708.9,721.0,741.1,20.0,12.2
2026-09-09 15:30:46,compound_scenario,SRT_SMPT,42,2544.1,13,0,650.0,1,Weld,2,15.3,15.3,15.3,0.0,23.4,814.0,838.7,854.0,15.3,24.7
2026-09-09 15:30:46,compound_scenario,SRT_SMPT,42,2544.1,12,0,650.0,0,Mill,3,20.0,20.0,20.0,0.0,33.4,730.2,841.3,861.3,20.0,111.1
2026-09-09 15:30:46,compound_scenario,SRT_SMPT,42,2544.1,12,0,650.0,1,Weld,2,51.4,51.4,51.4,0.0,31.7,921.2,1015.3,1066.8,51.4,94.1
2026-09-09 15:30:46,compound_scenario,SRT_SMPT,42,2544.1,11,0,650.0,0,Mill,3,20.0,20.0,20.0,0.0,40.9,762.7,781.2,801.2,20.0,18.5
2026-09-09 15:30:46,compound_scenario,SRT_SMPT,42,2544.1,11,0,650.0,1,Weld,2,41.5,41.5,41.5,0.0,32.5,859.7,876.1,917.6,41.5,16.4
2026-09-09 15:30:46,compound_scenario,SRT_SMPT,42,2544.1,15,0,650.0,0,Mill,3,20.0,20.0,20.0,0.0,37.0,744.2,801.2,821.2,20.0,57.0
2026-09-09 15:30:46,compound_scenario,SRT_SMPT,42,2544.1,15,0,650.0,1,Weld,2,46.4,46.4,46.4,0.0,19.0,872.5,917.6,964.0,46.4,45.1
2026-09-09 15:30:46,compound_scenario,SRT_SMPT,42,2544.1,29,0,1050.0,0,Mill,3,20.0,20.0,20.0,0.0,18.6,1081.0,1081.0,1101.0,20.0,0.0
2026-09-09 15:30:46,compound_scenario,SRT_SMPT,42,2544.1,29,0,1050.0,1,Weld,1,39.8,39.8,39.8,0.0,27.6,1137.9,1137.9,1177.8,39.9,0.0
2026-09-09 15:30:46,compound_scenario,SRT_SMPT,42,2544.1,35,0,1050.0,0,Mill,3,20.0,20.0,20.0,0.0,18.6,1088.7,1101.0,1121.0,20.0,12.3
2026-09-09 15:30:46,compound_scenario,SRT_SMPT,42,2544.1,35,0,1050.0,1,Weld,1,17.1,17.1,17.1,0.0,31.7,1167.8,1177.8,1194.9,17.1,10.0
2026-09-09 15:30:46,compound_scenario,SRT_SMPT,42,2544.1,34,0,1050.0,0,Mill,3,20.0,20.0,20.0,0.0,18.8,1098.4,1221.2,1241.3,20.0,122.8
2026-09-09 15:30:46,compound_scenario,SRT_SMPT,42,2544.1,34,0,1050.0,1,Weld,1,46.7,46.7,46.7,0.0,28.9,1271.7,1411.5,1458.3,46.7,139.9
2026-09-09 15:30:46,compound_scenario,SRT_SMPT,42,2544.1,32,0,1050.0,0,Mill,3,20.0,20.0,20.0,0.0,28.2,1119.4,1341.5,1361.5,20.0,222.1
2026-09-09 15:30:46,compound_scenario,SRT_SMPT,42,2544.1,32,0,1050.0,1,Weld,1,53.8,53.8,53.8,0.0,39.5,1435.1,1829.0,1882.8,53.8,393.9
2026-09-09 15:30:46,compound_scenario,SRT_SMPT,42,2544.1,31,0,1050.0,0,Mill,3,20.0,20.0,20.0,0.0,32.9,1134.6,1181.2,1201.2,20.0,46.6
2026-09-09 15:30:46,compound_scenario,SRT_SMPT,42,2544.1,31,0,1050.0,1,Weld,1,42.8,42.8,42.8,0.0,43.2,1254.2,1349.3,1392.2,42.9,95.1
2026-09-09 15:30:46,compound_scenario,SRT_SMPT,42,2544.1,30,0,1050.0,0,Mill,3,20.0,20.0,20.0,0.0,39.6,1151.8,1301.4,1321.4,20.0,149.6
2026-09-09 15:30:46,compound_scenario,SRT_SMPT,42,2544.1,30,0,1050.0,1,Weld,1,52.3,52.3,52.3,0.0,32.0,1381.0,1653.3,1705.6,52.3,272.3
2026-09-09 15:30:46,compound_scenario,SRT_SMPT,42,2544.1,28,0,1050.0,0,Mill,3,20.0,20.0,20.0,0.0,22.5,1108.9,1121.0,1141.1,20.0,12.2
2026-09-09 15:30:46,compound_scenario,SRT_SMPT,42,2544.1,28,0,1050.0,1,Weld,1,32.0,32.0,32.0,0.0,30.9,1175.7,1194.9,1226.9,32.1,19.2
2026-09-09 15:30:46,compound_scenario,SRT_SMPT,42,2544.1,33,0,1050.0,0,Mill,3,20.0,20.0,20.0,0.0,30.8,1127.6,1141.1,1161.1,20.0,13.5
2026-09-09 15:30:46,compound_scenario,SRT_SMPT,42,2544.1,33,0,1050.0,1,Weld,1,41.0,41.0,41.0,0.0,29.4,1211.9,1226.9,1267.9,41.0,15.1
2026-09-09 15:30:46,compound_scenario,SRT_SMPT,42,2544.1,26,0,1050.0,0,Mill,3,20.0,20.0,20.0,0.0,36.0,1143.2,1161.1,1181.1,20.0,17.9
2026-09-09 15:30:46,compound_scenario,SRT_SMPT,42,2544.1,26,0,1050.0,1,Weld,1,39.1,39.1,39.1,0.0,29.6,1231.9,1267.9,1307.1,39.2,36.0
2026-09-09 15:30:46,compound_scenario,SRT_SMPT,42,2544.1,25,0,1050.0,0,Mill,3,20.0,20.0,20.0,0.0,44.1,1169.9,1241.3,1261.3,20.0,71.3
2026-09-09 15:30:46,compound_scenario,SRT_SMPT,42,2544.1,25,0,1050.0,1,Weld,1,47.8,47.8,47.8,0.0,26.8,1333.6,1467.8,1515.6,47.9,134.1
2026-09-09 15:30:46,compound_scenario,SRT_SMPT,42,2544.1,24,0,1050.0,0,Mill,3,20.0,20.0,20.0,0.0,38.1,1200.8,1261.3,1281.3,20.0,60.6
2026-09-09 15:30:46,compound_scenario,SRT_SMPT,42,2544.1,24,0,1050.0,1,Weld,1,51.3,51.3,51.3,0.0,28.1,1353.3,1592.5,1643.9,51.3,239.3
2026-09-09 15:30:46,compound_scenario,SRT_SMPT,42,2544.1,23,0,1050.0,0,Mill,3,20.0,20.0,20.0,0.0,36.5,1193.7,1201.2,1221.2,20.0,7.5
2026-09-09 15:30:46,compound_scenario,SRT_SMPT,42,2544.1,23,0,1050.0,1,Weld,1,42.2,42.2,42.2,0.0,37.7,1306.4,1307.1,1349.3,42.2,0.7
2026-09-09 15:30:46,compound_scenario,SRT_SMPT,42,2544.1,27,0,1050.0,0,Mill,3,20.0,20.0,20.0,0.0,34.2,1209.5,1361.5,1381.5,20.0,152.0
2026-09-09 15:30:46,compound_scenario,SRT_SMPT,42,2544.1,27,0,1050.0,1,Weld,1,58.8,58.8,58.8,0.0,34.3,1465.0,1965.2,2024.0,58.8,500.2
2026-09-09 15:30:46,compound_scenario,SRT_SMPT,42,2544.1,22,0,1050.0,0,Mill,3,20.0,20.0,20.0,0.0,33.4,1225.5,1321.4,1341.5,20.0,96.0
2026-09-09 15:30:46,compound_scenario,SRT_SMPT,42,2544.1,22,0,1050.0,1,Weld,1,53.1,53.1,53.1,0.0,43.7,1410.6,1766.5,1819.7,53.2,355.9
2026-09-09 15:30:46,compound_scenario,SRT_SMPT,42,2544.1,21,0,1050.0,0,Mill,3,20.0,20.0,20.0,0.0,48.0,1276.0,1281.4,1301.4,20.0,5.4
2026-09-09 15:30:46,compound_scenario,SRT_SMPT,42,2544.1,21,0,1050.0,1,Weld,1,19.4,19.4,19.4,0.0,31.4,1365.5,1392.2,1411.5,19.4,26.7
2026-09-09 15:30:46,compound_scenario,SRT_SMPT,42,2544.1,37,0,1400.0,0,Weld,1,150.0,150.0,150.0,0.0,33.5,1449.8,2024.0,2174.1,150.0,574.2
2026-09-09 15:30:46,compound_scenario,SRT_SMPT,42,2544.1,36,0,1400.0,0,Weld,1,150.0,150.0,150.0,0.0,37.1,1481.7,2174.1,2324.1,150.0,692.4
2026-09-09 15:30:46,compound_scenario,SRT_SMPT,42,2544.1,38,0,1405.0,0,Weld,1,9.5,9.5,9.5,0.0,33.0,1457.4,1458.3,1467.8,9.5,0.9
2026-09-09 15:30:46,compound_scenario,SRT_SMPT,42,2544.1,39,0,1413.0,0,Weld,1,9.6,9.6,9.6,0.0,41.0,1491.0,1553.1,1562.7,9.6,62.1
2026-09-09 15:30:46,compound_scenario,SRT_SMPT,42,2544.1,40,0,1421.0,0,Weld,1,9.2,9.2,9.2,0.0,41.0,1506.4,1515.6,1524.8,9.2,9.2
2026-09-09 15:30:46,compound_scenario,SRT_SMPT,42,2544.1,41,0,1429.0,0,Weld,1,9.5,9.5,9.5,0.0,38.2,1498.7,1534.0,1543.5,9.5,35.4
2026-09-09 15:30:46,compound_scenario,SRT_SMPT,42,2544.1,42,0,1437.0,0,Weld,1,9.2,9.2,9.2,0.0,43.1,1514.1,1524.8,1534.0,9.2,10.7
2026-09-09 15:30:46,compound_scenario,SRT_SMPT,42,2544.1,43,0,1445.0,0,Weld,1,9.6,9.6,9.6,0.0,38.4,1542.5,1543.5,1553.1,9.6,1.1
2026-09-09 15:30:46,compound_scenario,SRT_SMPT,42,2544.1,44,0,1453.0,0,Weld,1,10.3,10.3,10.3,0.0,38.4,1550.1,1582.2,1592.5,10.3,32.1
2026-09-09 15:30:46,compound_scenario,SRT_SMPT,42,2544.1,45,0,1461.0,0,Weld,1,9.7,9.7,9.7,0.0,40.0,1559.4,1562.7,1572.5,9.8,3.3
2026-09-09 15:30:46,compound_scenario,SRT_SMPT,42,2544.1,46,0,1469.0,0,Weld,1,9.7,9.7,9.7,0.0,40.5,1568.6,1572.5,1582.2,9.8,3.8
2026-09-09 15:30:46,compound_scenario,SRT_SMPT,42,2544.1,47,0,1477.0,0,Weld,1,9.4,9.4,9.4,0.0,38.2,1593.1,1643.9,1653.3,9.4,50.7
2026-09-09 15:30:46,compound_scenario,SRT_SMPT,42,2544.1,48,0,1485.0,0,Weld,1,9.5,9.5,9.5,0.0,27.8,1674.4,1705.6,1715.2,9.6,31.2
2026-09-09 15:30:46,compound_scenario,SRT_SMPT,42,2544.1,49,0,1493.0,0,Weld,1,10.9,10.9,10.9,0.0,28.3,1682.1,1725.5,1736.4,10.9,43.5
2026-09-09 15:30:46,compound_scenario,SRT_SMPT,42,2544.1,50,0,1501.0,0,Weld,1,10.3,10.3,10.3,0.0,28.8,1689.7,1715.2,1725.5,10.3,25.5
2026-09-09 15:30:46,compound_scenario,SRT_SMPT,42,2544.1,51,0,1509.0,0,Weld,1,10.2,10.2,10.2,0.0,39.2,1726.6,1745.8,1756.0,10.2,19.1
2026-09-09 15:30:46,compound_scenario,SRT_SMPT,42,2544.1,52,0,1517.0,0,Weld,1,9.3,9.3,9.3,0.0,40.5,1735.8,1736.4,1745.8,9.4,0.6
2026-09-09 15:30:46,compound_scenario,SRT_SMPT,42,2544.1,53,0,1525.0,0,Weld,1,10.5,10.5,10.5,0.0,40.3,1743.5,1756.0,1766.5,10.5,12.5
2026-09-09 15:30:46,compound_scenario,SRT_SMPT,42,2544.1,54,0,1533.0,0,Weld,1,9.3,9.3,9.3,0.0,39.7,1788.6,1819.7,1829.0,9.4,31.1
2026-09-09 15:30:46,compound_scenario,SRT_SMPT,42,2544.1,55,0,1541.0,0,Weld,1,9.8,9.8,9.8,0.0,37.4,1840.1,1882.8,1892.6,9.8,42.8
2026-09-09 15:30:46,compound_scenario,SRT_SMPT,42,2544.1,56,0,1549.0,0,Weld,1,11.0,11.0,11.0,0.0,37.7,1856.3,1944.7,1955.7,11.0,88.5
2026-09-09 15:30:46,compound_scenario,SRT_SMPT,42,2544.1,57,0,1557.0,0,Weld,1,10.3,10.3,10.3,0.0,37.7,1871.0,1892.6,1902.9,10.3,21.6
2026-09-09 15:30:46,compound_scenario,SRT_SMPT,42,2544.1,58,0,1565.0,0,Weld,1,10.1,10.1,10.1,0.0,35.8,1907.7,1913.3,1923.4,10.1,5.6
2026-09-09 15:30:46,compound_scenario,SRT_SMPT,42,2544.1,59,0,1573.0,0,Weld,1,10.4,10.4,10.4,0.0,33.2,1900.2,1902.9,1913.3,10.4,2.7
2026-09-09 15:30:46,compound_scenario,SRT_SMPT,42,2544.1,60,0,1581.0,0,Weld,1,10.7,10.7,10.7,0.0,39.5,1926.1,1934.0,1944.7,10.7,7.9
2026-09-09 15:30:46,compound_scenario,SRT_SMPT,42,2544.1,61,0,1589.0,0,Weld,1,10.6,10.6,10.6,0.0,35.3,1916.9,1923.4,1934.0,10.6,6.5
2026-09-09 15:30:46,compound_scenario,SRT_SMPT,42,2544.1,62,0,1597.0,0,Weld,1,9.5,9.5,9.5,0.0,39.0,1949.8,1955.7,1965.2,9.5,5.9
2026-09-09 15:30:46,compound_scenario,SRT_SMPT,42,2544.1,63,0,2200.0,0,Mill,1,21.0,21.0,21.0,0.0,19.9,2232.7,2232.7,2253.7,21.0,0.0
2026-09-09 15:30:46,compound_scenario,SRT_SMPT,42,2544.1,63,0,2200.0,1,Lathe,1,29.5,29.5,29.5,0.0,25.9,2294.9,2294.9,2324.4,29.5,0.0
2026-09-09 15:30:46,compound_scenario,SRT_SMPT,42,2544.1,63,0,2200.0,2,Weld,1,28.0,28.0,28.0,0.0,30.1,2369.7,2369.7,2397.8,28.1,0.0
2026-09-09 15:30:46,compound_scenario,SRT_SMPT,42,2544.1,64,0,2260.0,0,Mill,1,26.3,26.3,26.3,0.0,16.8,2289.2,2289.2,2315.6,26.4,0.0
2026-09-09 15:30:46,compound_scenario,SRT_SMPT,42,2544.1,64,0,2260.0,1,Lathe,1,48.3,48.3,48.3,0.0,28.8,2357.4,2357.4,2405.8,48.3,0.0
2026-09-09 15:30:46,compound_scenario,SRT_SMPT,42,2544.1,64,0,2260.0,2,Weld,1,46.3,46.3,46.3,0.0,20.6,2439.0,2439.0,2485.4,46.3,0.0
2026-09-09 15:30:46,compound_scenario,SRT_SMPT,42,2544.1,65,0,2320.0,0,Mill,1,29.4,29.4,29.4,0.0,34.9,2370.3,2370.3,2399.8,29.5,0.0
2026-09-09 15:30:46,compound_scenario,SRT_SMPT,42,2544.1,65,0,2320.0,1,Lathe,1,39.7,39.7,39.7,0.0,4.7,2406.7,2406.7,2446.4,39.7,0.0
2026-09-09 15:30:46,compound_scenario,SRT_SMPT,42,2544.1,65,0,2320.0,2,Weld,1,31.9,31.9,31.9,0.0,16.2,2464.8,2464.8,2496.7,31.9,0.0
2026-09-09 15:31:54,compound_scenario,SRT_SMPT,43,2544.1,0,0,0.0,0,Mill,1,39.2,39.2,39.2,0.0,18.6,31.0,31.0,70.2,39.2,0.0
2026-09-09 15:31:54,compound_scenario,SRT_SMPT,43,2544.1,0,0,0.0,1,Lathe,1,20.8,20.8,20.8,0.0,20.7,105.8,105.8,126.6,20.8,0.0
2026-09-09 15:31:54,compound_scenario,SRT_SMPT,43,2544.1,0,0,0.0,2,Weld,1,28.3,28.3,28.3,0.0,21.5,162.5,162.5,190.8,28.3,0.0
2026-09-09 15:31:54,compound_scenario,SRT_SMPT,43,2544.1,1,0,60.0,0,Mill,1,26.7,26.7,26.7,0.0,16.8,93.0,93.0,119.7,26.7,0.0
2026-09-09 15:31:54,compound_scenario,SRT_SMPT,43,2544.1,1,0,60.0,1,Lathe,1,42.1,42.1,42.1,0.0,21.5,156.9,156.9,199.1,42.1,0.0
2026-09-09 15:31:54,compound_scenario,SRT_SMPT,43,2544.1,1,0,60.0,2,Weld,1,40.3,40.3,40.3,0.0,20.6,231.0,231.0,271.3,40.3,0.0
2026-09-09 15:31:54,compound_scenario,SRT_SMPT,43,2544.1,2,0,120.0,0,Mill,1,46.8,46.8,46.8,0.0,34.9,169.9,169.9,216.7,46.8,0.0
2026-09-09 15:31:54,compound_scenario,SRT_SMPT,43,2544.1,2,0,120.0,1,Lathe,1,22.6,22.6,22.6,0.0,4.7,223.6,223.6,246.3,22.6,0.0
2026-09-09 15:31:54,compound_scenario,SRT_SMPT,43,2544.1,2,0,120.0,2,Weld,1,32.7,32.7,32.7,0.0,13.0,262.4,262.4,295.1,32.7,0.0
2026-09-09 15:31:54,compound_scenario,SRT_SMPT,43,2544.1,3,0,250.0,0,Mill,3,20.0,20.0,20.0,0.0,18.6,280.9,280.9,301.0,20.0,0.0
2026-09-09 15:31:54,compound_scenario,SRT_SMPT,43,2544.1,3,0,250.0,1,Weld,1,12.4,12.4,12.4,0.0,28.3,337.8,337.8,350.2,12.4,0.0
2026-09-09 15:31:54,compound_scenario,SRT_SMPT,43,2544.1,4,0,250.0,0,Mill,3,20.0,20.0,20.0,0.0,24.8,297.5,301.0,321.0,20.0,3.5
2026-09-09 15:31:54,compound_scenario,SRT_SMPT,43,2544.1,4,0,250.0,1,Weld,1,27.5,27.5,27.5,0.0,28.9,352.3,352.3,379.8,27.5,0.0
2026-09-09 15:31:54,compound_scenario,SRT_SMPT,43,2544.1,5,0,250.0,0,Mill,3,20.0,20.0,20.0,0.0,31.3,321.9,401.2,421.2,20.0,79.3
2026-09-09 15:31:54,compound_scenario,SRT_SMPT,43,2544.1,5,0,250.0,1,Weld,1,50.4,50.4,50.4,0.0,25.2,485.2,524.2,574.7,50.5,39.0
2026-09-09 15:31:54,compound_scenario,SRT_SMPT,43,2544.1,6,0,250.0,0,Mill,3,20.0,20.0,20.0,0.0,37.0,337.8,341.1,361.1,20.0,3.2
2026-09-09 15:31:54,compound_scenario,SRT_SMPT,43,2544.1,6,0,250.0,1,Weld,1,12.1,12.1,12.1,0.0,17.0,380.4,380.4,392.5,12.1,0.0
2026-09-09 15:31:54,compound_scenario,SRT_SMPT,43,2544.1,7,0,250.0,0,Mill,3,20.0,20.0,20.0,0.0,34.4,345.0,361.1,381.1,20.0,16.1
2026-09-09 15:31:54,compound_scenario,SRT_SMPT,43,2544.1,7,0,250.0,1,Weld,1,25.9,25.9,25.9,0.0,32.2,446.9,470.6,496.6,25.9,23.7
2026-09-09 15:31:54,compound_scenario,SRT_SMPT,43,2544.1,8,0,250.0,0,Mill,3,20.0,20.0,20.0,0.0,20.4,288.1,421.2,441.2,20.0,133.1
2026-09-09 15:31:54,compound_scenario,SRT_SMPT,43,2544.1,8,0,250.0,1,Weld,1,62.0,62.0,62.0,0.0,25.7,492.8,574.7,636.7,62.0,81.8
2026-09-09 15:31:54,compound_scenario,SRT_SMPT,43,2544.1,9,0,250.0,0,Mill,3,20.0,20.0,20.0,0.0,28.2,307.9,321.0,341.0,20.0,13.1
2026-09-09 15:31:54,compound_scenario,SRT_SMPT,43,2544.1,9,0,250.0,1,Weld,1,53.6,53.6,53.6,0.0,30.1,417.0,417.0,470.6,53.6,0.0
2026-09-09 15:31:54,compound_scenario,SRT_SMPT,43,2544.1,10,0,250.0,0,Mill,3,20.0,20.0,20.0,0.0,34.7,330.6,381.1,401.2,20.0,50.5
2026-09-09 15:31:54,compound_scenario,SRT_SMPT,43,2544.1,10,0,250.0,1,Weld,1,27.6,27.6,27.6,0.0,28.8,432.3,496.6,524.2,27.7,64.3
2026-09-09 15:31:54,compound_scenario,SRT_SMPT,43,2544.1,20,0,650.0,0,Mill,3,20.0,20.0,20.0,0.0,18.6,681.0,681.0,701.0,20.0,0.0
2026-09-09 15:31:54,compound_scenario,SRT_SMPT,43,2544.1,20,0,650.0,1,Weld,2,19.2,19.2,19.2,0.0,35.9,746.3,746.3,765.5,19.2,0.0
2026-09-09 15:31:54,compound_scenario,SRT_SMPT,43,2544.1,19,0,650.0,0,Mill,3,20.0,20.0,20.0,0.0,18.6,688.7,701.0,721.0,20.0,12.3
2026-09-09 15:31:54,compound_scenario,SRT_SMPT,43,2544.1,19,0,650.0,1,Weld,2,30.2,30.2,30.2,0.0,37.2,760.3,765.5,795.7,30.2,5.2
2026-09-09 15:31:54,compound_scenario,SRT_SMPT,43,2544.1,18,0,650.0,0,Mill,3,20.0,20.0,20.0,0.0,20.7,700.5,861.3,881.3,20.0,160.8
2026-09-09 15:31:54,compound_scenario,SRT_SMPT,43,2544.1,18,0,650.0,1,Weld,2,58.1,58.1,58.1,0.0,33.8,946.8,1066.8,1124.9,58.1,119.9
2026-09-09 15:31:54,compound_scenario,SRT_SMPT,43,2544.1,17,0,650.0,0,Mill,3,20.0,20.0,20.0,0.0,28.2,719.4,741.1,761.1,20.0,21.7
2026-09-09 15:31:54,compound_scenario,SRT_SMPT,43,2544.1,17,0,650.0,1,Weld,2,22.0,22.0,22.0,0.0,26.8,824.5,854.0,876.1,22.0,29.6
2026-09-09 15:31:54,compound_scenario,SRT_SMPT,43,2544.1,16,0,650.0,0,Mill,3,20.0,20.0,20.0,0.0,35.5,737.2,761.1,781.1,20.0,23.9
2026-09-09 15:31:54,compound_scenario,SRT_SMPT,43,2544.1,16,0,650.0,1,Weld,2,30.3,30.3,30.3,0.0,25.0,808.4,808.4,838.7,30.3,0.0
2026-09-09 15:31:54,compound_scenario,SRT_SMPT,43,2544.1,14,0,650.0,0,Mill,3,20.0,20.0,20.0,0.0,39.1,751.3,821.2,841.3,20.0,70.0
2026-09-09 15:31:54,compound_scenario,SRT_SMPT,43,2544.1,14,0,650.0,1,Weld,2,51.3,51.3,51.3,0.0,22.6,883.4,964.0,1015.3,51.3,80.7
2026-09-09 15:31:54,compound_scenario,SRT_SMPT,43,2544.1,13,0,650.0,0,Mill,3,20.0,20.0,20.0,0.0,22.5,708.9,721.0,741.1,20.0,12.2
2026-09-09 15:31:54,compound_scenario,SRT_SMPT,43,2544.1,13,0,650.0,1,Weld,2,15.3,15.3,15.3,0.0,23.4,814.0,838.7,854.0,15.3,24.7
2026-09-09 15:31:54,compound_scenario,SRT_SMPT,43,2544.1,12,0,650.0,0,Mill,3,20.0,20.0,20.0,0.0,33.4,730.2,841.3,861.3,20.0,111.1
2026-09-09 15:31:54,compound_scenario,SRT_SMPT,43,2544.1,12,0,650.0,1,Weld,2,51.4,51.4,51.4,0.0,31.7,921.2,1015.3,1066.8,51.4,94.1
2026-09-09 15:31:54,compound_scenario,SRT_SMPT,43,2544.1,11,0,650.0,0,Mill,3,20.0,20.0,20.0,0.0,40.9,762.7,781.2,801.2,20.0,18.5
2026-09-09 15:31:54,compound_scenario,SRT_SMPT,43,2544.1,11,0,650.0,1,Weld,2,41.5,41.5,41.5,0.0,32.5,859.7,876.1,917.6,41.5,16.4
2026-09-09 15:31:54,compound_scenario,SRT_SMPT,43,2544.1,15,0,650.0,0,Mill,3,20.0,20.0,20.0,0.0,37.0,744.2,801.2,821.2,20.0,57.0
2026-09-09 15:31:54,compound_scenario,SRT_SMPT,43,2544.1,15,0,650.0,1,Weld,2,46.4,46.4,46.4,0.0,19.0,872.5,917.6,964.0,46.4,45.1
2026-09-09 15:31:54,compound_scenario,SRT_SMPT,43,2544.1,29,0,1050.0,0,Mill,3,20.0,20.0,20.0,0.0,18.6,1081.0,1081.0,1101.0,20.0,0.0
2026-09-09 15:31:54,compound_scenario,SRT_SMPT,43,2544.1,29,0,1050.0,1,Weld,1,39.8,39.8,39.8,0.0,27.6,1137.9,1137.9,1177.8,39.9,0.0
2026-09-09 15:31:54,compound_scenario,SRT_SMPT,43,2544.1,35,0,1050.0,0,Mill,3,20.0,20.0,20.0,0.0,18.6,1088.7,1101.0,1121.0,20.0,12.3
2026-09-09 15:31:54,compound_scenario,SRT_SMPT,43,2544.1,35,0,1050.0,1,Weld,1,17.1,17.1,17.1,0.0,31.7,1167.8,1177.8,1194.9,17.1,10.0
2026-09-09 15:31:54,compound_scenario,SRT_SMPT,43,2544.1,34,0,1050.0,0,Mill,3,20.0,20.0,20.0,0.0,18.8,1098.4,1221.2,1241.3,20.0,122.8
2026-09-09 15:31:54,compound_scenario,SRT_SMPT,43,2544.1,34,0,1050.0,1,Weld,1,46.7,46.7,46.7,0.0,28.9,1271.7,1411.5,1458.3,46.7,139.9
2026-09-09 15:31:54,compound_scenario,SRT_SMPT,43,2544.1,32,0,1050.0,0,Mill,3,20.0,20.0,20.0,0.0,28.2,1119.4,1341.5,1361.5,20.0,222.1
2026-09-09 15:31:54,compound_scenario,SRT_SMPT,43,2544.1,32,0,1050.0,1,Weld,1,53.8,53.8,53.8,0.0,39.5,1435.1,1829.0,1882.8,53.8,393.9
2026-09-09 15:31:54,compound_scenario,SRT_SMPT,43,2544.1,31,0,1050.0,0,Mill,3,20.0,20.0,20.0,0.0,32.9,1134.6,1181.2,1201.2,20.0,46.6
2026-09-09 15:31:54,compound_scenario,SRT_SMPT,43,2544.1,31,0,1050.0,1,Weld,1,42.8,42.8,42.8,0.0,43.2,1254.2,1349.3,1392.2,42.9,95.1
2026-09-09 15:31:54,compound_scenario,SRT_SMPT,43,2544.1,30,0,1050.0,0,Mill,3,20.0,20.0,20.0,0.0,39.6,1151.8,1301.4,1321.4,20.0,149.6
2026-09-09 15:31:54,compound_scenario,SRT_SMPT,43,2544.1,30,0,1050.0,1,Weld,1,52.3,52.3,52.3,0.0,32.0,1381.0,1653.3,1705.6,52.3,272.3
2026-09-09 15:31:54,compound_scenario,SRT_SMPT,43,2544.1,28,0,1050.0,0,Mill,3,20.0,20.0,20.0,0.0,22.5,1108.9,1121.0,1141.1,20.0,12.2
2026-09-09 15:31:54,compound_scenario,SRT_SMPT,43,2544.1,28,0,1050.0,1,Weld,1,32.0,32.0,32.0,0.0,30.9,1175.7,1194.9,1226.9,32.1,19.2
2026-09-09 15:31:54,compound_scenario,SRT_SMPT,43,2544.1,33,0,1050.0,0,Mill,3,20.0,20.0,20.0,0.0,30.8,1127.6,1141.1,1161.1,20.0,13.5
2026-09-09 15:31:54,compound_scenario,SRT_SMPT,43,2544.1,33,0,1050.0,1,Weld,1,41.0,41.0,41.0,0.0,29.4,1211.9,1226.9,1267.9,41.0,15.1
2026-09-09 15:31:54,compound_scenario,SRT_SMPT,43,2544.1,26,0,1050.0,0,Mill,3,20.0,20.0,20.0,0.0,36.0,1143.2,1161.1,1181.1,20.0,17.9
2026-09-09 15:31:54,compound_scenario,SRT_SMPT,43,2544.1,26,0,1050.0,1,Weld,1,39.1,39.1,39.1,0.0,29.6,1231.9,1267.9,1307.1,39.2,36.0
2026-09-09 15:31:54,compound_scenario,SRT_SMPT,43,2544.1,25,0,1050.0,0,Mill,3,20.0,20.0,20.0,0.0,44.1,1169.9,1241.3,1261.3,20.0,71.3
2026-09-09 15:31:54,compound_scenario,SRT_SMPT,43,2544.1,25,0,1050.0,1,Weld,1,47.8,47.8,47.8,0.0,26.8,1333.6,1467.8,1515.6,47.9,134.1
2026-09-09 15:31:54,compound_scenario,SRT_SMPT,43,2544.1,24,0,1050.0,0,Mill,3,20.0,20.0,20.0,0.0,38.1,1200.8,1261.3,1281.3,20.0,60.6
2026-09-09 15:31:54,compound_scenario,SRT_SMPT,43,2544.1,24,0,1050.0,1,Weld,1,51.3,51.3,51.3,0.0,28.1,1353.3,1592.5,1643.9,51.3,239.3
2026-09-09 15:31:54,compound_scenario,SRT_SMPT,43,2544.1,23,0,1050.0,0,Mill,3,20.0,20.0,20.0,0.0,36.5,1193.7,1201.2,1221.2,20.0,7.5
2026-09-09 15:31:54,compound_scenario,SRT_SMPT,43,2544.1,23,0,1050.0,1,Weld,1,42.2,42.2,42.2,0.0,37.7,1306.4,1307.1,1349.3,42.2,0.7
2026-09-09 15:31:54,compound_scenario,SRT_SMPT,43,2544.1,27,0,1050.0,0,Mill,3,20.0,20.0,20.0,0.0,34.2,1209.5,1361.5,1381.5,20.0,152.0
2026-09-09 15:31:54,compound_scenario,SRT_SMPT,43,2544.1,27,0,1050.0,1,Weld,1,58.8,58.8,58.8,0.0,34.3,1465.0,1965.2,2024.0,58.8,500.2
2026-09-09 15:31:54,compound_scenario,SRT_SMPT,43,2544.1,22,0,1050.0,0,Mill,3,20.0,20.0,20.0,0.0,33.4,1225.5,1321.4,1341.5,20.0,96.0
2026-09-09 15:31:54,compound_scenario,SRT_SMPT,43,2544.1,22,0,1050.0,1,Weld,1,53.1,53.1,53.1,0.0,43.7,1410.6,1766.5,1819.7,53.2,355.9
2026-09-09 15:31:54,compound_scenario,SRT_SMPT,43,2544.1,21,0,1050.0,0,Mill,3,20.0,20.0,20.0,0.0,48.0,1276.0,1281.4,1301.4,20.0,5.4
2026-09-09 15:31:54,compound_scenario,SRT_SMPT,43,2544.1,21,0,1050.0,1,Weld,1,19.4,19.4,19.4,0.0,31.4,1365.5,1392.2,1411.5,19.4,26.7
2026-09-09 15:31:54,compound_scenario,SRT_SMPT,43,2544.1,37,0,1400.0,0,Weld,1,150.0,150.0,150.0,0.0,33.5,1449.8,2024.0,2174.1,150.0,574.2
2026-09-09 15:31:54,compound_scenario,SRT_SMPT,43,2544.1,36,0,1400.0,0,Weld,1,150.0,150.0,150.0,0.0,37.1,1481.7,2174.1,2324.1,150.0,692.4
2026-09-09 15:31:54,compound_scenario,SRT_SMPT,43,2544.1,38,0,1405.0,0,Weld,1,9.5,9.5,9.5,0.0,33.0,1457.4,1458.3,1467.8,9.5,0.9
2026-09-09 15:31:54,compound_scenario,SRT_SMPT,43,2544.1,39,0,1413.0,0,Weld,1,9.6,9.6,9.6,0.0,41.0,1491.0,1553.1,1562.7,9.6,62.1
2026-09-09 15:31:54,compound_scenario,SRT_SMPT,43,2544.1,40,0,1421.0,0,Weld,1,9.2,9.2,9.2,0.0,41.0,1506.4,1515.6,1524.8,9.2,9.2
2026-09-09 15:31:54,compound_scenario,SRT_SMPT,43,2544.1,41,0,1429.0,0,Weld,1,9.5,9.5,9.5,0.0,38.2,1498.7,1534.0,1543.5,9.5,35.4
2026-09-09 15:31:54,compound_scenario,SRT_SMPT,43,2544.1,42,0,1437.0,0,Weld,1,9.2,9.2,9.2,0.0,43.1,1514.1,1524.8,1534.0,9.2,10.7
2026-09-09 15:31:54,compound_scenario,SRT_SMPT,43,2544.1,43,0,1445.0,0,Weld,1,9.6,9.6,9.6,0.0,38.4,1542.5,1543.5,1553.1,9.6,1.1
2026-09-09 15:31:54,compound_scenario,SRT_SMPT,43,2544.1,44,0,1453.0,0,Weld,1,10.3,10.3,10.3,0.0,38.4,1550.1,1582.2,1592.5,10.3,32.1
2026-09-09 15:31:54,compound_scenario,SRT_SMPT,43,2544.1,45,0,1461.0,0,Weld,1,9.7,9.7,9.7,0.0,40.0,1559.4,1562.7,1572.5,9.8,3.3
2026-09-09 15:31:54,compound_scenario,SRT_SMPT,43,2544.1,46,0,1469.0,0,Weld,1,9.7,9.7,9.7,0.0,40.5,1568.6,1572.5,1582.2,9.8,3.8
2026-09-09 15:31:54,compound_scenario,SRT_SMPT,43,2544.1,47,0,1477.0,0,Weld,1,9.4,9.4,9.4,0.0,38.2,1593.1,1643.9,1653.3,9.4,50.7
2026-09-09 15:31:54,compound_scenario,SRT_SMPT,43,2544.1,48,0,1485.0,0,Weld,1,9.5,9.5,9.5,0.0,27.8,1674.4,1705.6,1715.2,9.6,31.2
2026-09-09 15:31:54,compound_scenario,SRT_SMPT,43,2544.1,49,0,1493.0,0,Weld,1,10.9,10.9,10.9,0.0,28.3,1682.1,1725.5,1736.4,10.9,43.5
2026-09-09 15:31:54,compound_scenario,SRT_SMPT,43,2544.1,50,0,1501.0,0,Weld,1,10.3,10.3,10.3,0.0,28.8,1689.7,1715.2,1725.5,10.3,25.5
2026-09-09 15:31:54,compound_scenario,SRT_SMPT,43,2544.1,51,0,1509.0,0,Weld,1,10.2,10.2,10.2,0.0,39.2,1726.6,1745.8,1756.0,10.2,19.1
2026-09-09 15:31:54,compound_scenario,SRT_SMPT,43,2544.1,52,0,1517.0,0,Weld,1,9.3,9.3,9.3,0.0,40.5,1735.8,1736.4,1745.8,9.4,0.6
2026-09-09 15:31:54,compound_scenario,SRT_SMPT,43,2544.1,53,0,1525.0,0,Weld,1,10.5,10.5,10.5,0.0,40.3,1743.5,1756.0,1766.5,10.5,12.5
2026-09-09 15:31:54,compound_scenario,SRT_SMPT,43,2544.1,54,0,1533.0,0,Weld,1,9.3,9.3,9.3,0.0,39.7,1788.6,1819.7,1829.0,9.4,31.1
2026-09-09 15:31:54,compound_scenario,SRT_SMPT,43,2544.1,55,0,1541.0,0,Weld,1,9.8,9.8,9.8,0.0,37.4,1840.1,1882.8,1892.6,9.8,42.8
2026-09-09 15:31:54,compound_scenario,SRT_SMPT,43,2544.1,56,0,1549.0,0,Weld,1,11.0,11.0,11.0,0.0,37.7,1856.3,1944.7,1955.7,11.0,88.5
2026-09-09 15:31:54,compound_scenario,SRT_SMPT,43,2544.1,57,0,1557.0,0,Weld,1,10.3,10.3,10.3,0.0,37.7,1871.0,1892.6,1902.9,10.3,21.6
2026-09-09 15:31:54,compound_scenario,SRT_SMPT,43,2544.1,58,0,1565.0,0,Weld,1,10.1,10.1,10.1,0.0,35.8,1907.7,1913.3,1923.4,10.1,5.6
2026-09-09 15:31:54,compound_scenario,SRT_SMPT,43,2544.1,59,0,1573.0,0,Weld,1,10.4,10.4,10.4,0.0,33.2,1900.2,1902.9,1913.3,10.4,2.7
2026-09-09 15:31:54,compound_scenario,SRT_SMPT,43,2544.1,60,0,1581.0,0,Weld,1,10.7,10.7,10.7,0.0,39.5,1926.1,1934.0,1944.7,10.7,7.9
2026-09-09 15:31:54,compound_scenario,SRT_SMPT,43,2544.1,61,0,1589.0,0,Weld,1,10.6,10.6,10.6,0.0,35.3,1916.9,1923.4,1934.0,10.6,6.5
2026-09-09 15:31:54,compound_scenario,SRT_SMPT,43,2544.1,62,0,1597.0,0,Weld,1,9.5,9.5,9.5,0.0,39.0,1949.8,1955.7,1965.2,9.5,5.9
2026-09-09 15:31:54,compound_scenario,SRT_SMPT,43,2544.1,63,0,2200.0,0,Mill,1,21.0,21.0,21.0,0.0,19.9,2232.7,2232.7,2253.7,21.0,0.0
2026-09-09 15:31:54,compound_scenario,SRT_SMPT,43,2544.1,63,0,2200.0,1,Lathe,1,29.5,29.5,29.5,0.0,25.9,2294.9,2294.9,2324.4,29.5,0.0
2026-09-09 15:31:54,compound_scenario,SRT_SMPT,43,2544.1,63,0,2200.0,2,Weld,1,28.0,28.0,28.0,0.0,30.1,2369.7,2369.7,2397.8,28.1,0.0
2026-09-09 15:31:54,compound_scenario,SRT_SMPT,43,2544.1,64,0,2260.0,0,Mill,1,26.3,26.3,26.3,0.0,16.8,2289.2,2289.2,2315.6,26.4,0.0
2026-09-09 15:31:54,compound_scenario,SRT_SMPT,43,2544.1,64,0,2260.0,1,Lathe,1,48.3,48.3,48.3,0.0,28.8,2357.4,2357.4,2405.8,48.3,0.0
2026-09-09 15:31:54,compound_scenario,SRT_SMPT,43,2544.1,64,0,2260.0,2,Weld,1,46.3,46.3,46.3,0.0,20.6,2439.0,2439.0,2485.4,46.3,0.0
2026-09-09 15:31:54,compound_scenario,SRT_SMPT,43,2544.1,65,0,2320.0,0,Mill,1,29.4,29.4,29.4,0.0,34.9,2370.3,2370.3,2399.8,29.5,0.0
2026-09-09 15:31:54,compound_scenario,SRT_SMPT,43,2544.1,65,0,2320.0,1,Lathe,1,39.7,39.7,39.7,0.0,4.7,2406.7,2406.7,2446.4,39.7,0.0
2026-09-09 15:31:54,compound_scenario,SRT_SMPT,43,2544.1,65,0,2320.0,2,Weld,1,31.9,31.9,31.9,0.0,16.2,2464.8,2464.8,2496.7,31.9,0.0
2026-09-09 15:33:04,compound_scenario,SRT_SMPT,44,2544.1,0,0,0.0,0,Mill,1,39.2,39.2,39.2,0.0,18.6,31.0,31.0,70.2,39.2,0.0
2026-09-09 15:33:04,compound_scenario,SRT_SMPT,44,2544.1,0,0,0.0,1,Lathe,1,20.8,20.8,20.8,0.0,20.7,105.8,105.8,126.6,20.8,0.0
2026-09-09 15:33:04,compound_scenario,SRT_SMPT,44,2544.1,0,0,0.0,2,Weld,1,28.3,28.3,28.3,0.0,21.5,162.5,162.5,190.8,28.3,0.0
2026-09-09 15:33:04,compound_scenario,SRT_SMPT,44,2544.1,1,0,60.0,0,Mill,1,26.7,26.7,26.7,0.0,16.8,93.0,93.0,119.7,26.7,0.0
2026-09-09 15:33:04,compound_scenario,SRT_SMPT,44,2544.1,1,0,60.0,1,Lathe,1,42.1,42.1,42.1,0.0,21.5,156.9,156.9,199.1,42.1,0.0
2026-09-09 15:33:04,compound_scenario,SRT_SMPT,44,2544.1,1,0,60.0,2,Weld,1,40.3,40.3,40.3,0.0,20.6,231.0,231.0,271.3,40.3,0.0
2026-09-09 15:33:04,compound_scenario,SRT_SMPT,44,2544.1,2,0,120.0,0,Mill,1,46.8,46.8,46.8,0.0,34.9,169.9,169.9,216.7,46.8,0.0
2026-09-09 15:33:04,compound_scenario,SRT_SMPT,44,2544.1,2,0,120.0,1,Lathe,1,22.6,22.6,22.6,0.0,4.7,223.6,223.6,246.3,22.6,0.0
2026-09-09 15:33:04,compound_scenario,SRT_SMPT,44,2544.1,2,0,120.0,2,Weld,1,32.7,32.7,32.7,0.0,13.0,262.4,262.4,295.1,32.7,0.0
2026-09-09 15:33:04,compound_scenario,SRT_SMPT,44,2544.1,3,0,250.0,0,Mill,3,20.0,20.0,20.0,0.0,18.6,280.9,280.9,301.0,20.0,0.0
2026-09-09 15:33:04,compound_scenario,SRT_SMPT,44,2544.1,3,0,250.0,1,Weld,1,12.4,12.4,12.4,0.0,28.3,337.8,337.8,350.2,12.4,0.0
2026-09-09 15:33:04,compound_scenario,SRT_SMPT,44,2544.1,4,0,250.0,0,Mill,3,20.0,20.0,20.0,0.0,24.8,297.5,301.0,321.0,20.0,3.5
2026-09-09 15:33:04,compound_scenario,SRT_SMPT,44,2544.1,4,0,250.0,1,Weld,1,27.5,27.5,27.5,0.0,28.9,352.3,352.3,379.8,27.5,0.0
2026-09-09 15:33:04,compound_scenario,SRT_SMPT,44,2544.1,5,0,250.0,0,Mill,3,20.0,20.0,20.0,0.0,31.3,321.9,401.2,421.2,20.0,79.3
2026-09-09 15:33:04,compound_scenario,SRT_SMPT,44,2544.1,5,0,250.0,1,Weld,1,50.4,50.4,50.4,0.0,25.2,485.2,524.2,574.7,50.5,39.0
2026-09-09 15:33:04,compound_scenario,SRT_SMPT,44,2544.1,6,0,250.0,0,Mill,3,20.0,20.0,20.0,0.0,37.0,337.8,341.1,361.1,20.0,3.2
2026-09-09 15:33:04,compound_scenario,SRT_SMPT,44,2544.1,6,0,250.0,1,Weld,1,12.1,12.1,12.1,0.0,17.0,380.4,380.4,392.5,12.1,0.0
2026-09-09 15:33:04,compound_scenario,SRT_SMPT,44,2544.1,7,0,250.0,0,Mill,3,20.0,20.0,20.0,0.0,34.4,345.0,361.1,381.1,20.0,16.1
2026-09-09 15:33:04,compound_scenario,SRT_SMPT,44,2544.1,7,0,250.0,1,Weld,1,25.9,25.9,25.9,0.0,32.2,446.9,470.6,496.6,25.9,23.7
2026-09-09 15:33:04,compound_scenario,SRT_SMPT,44,2544.1,8,0,250.0,0,Mill,3,20.0,20.0,20.0,0.0,20.4,288.1,421.2,441.2,20.0,133.1
2026-09-09 15:33:04,compound_scenario,SRT_SMPT,44,2544.1,8,0,250.0,1,Weld,1,62.0,62.0,62.0,0.0,25.7,492.8,574.7,636.7,62.0,81.8
2026-09-09 15:33:04,compound_scenario,SRT_SMPT,44,2544.1,9,0,250.0,0,Mill,3,20.0,20.0,20.0,0.0,28.2,307.9,321.0,341.0,20.0,13.1
2026-09-09 15:33:04,compound_scenario,SRT_SMPT,44,2544.1,9,0,250.0,1,Weld,1,53.6,53.6,53.6,0.0,30.1,417.0,417.0,470.6,53.6,0.0
2026-09-09 15:33:04,compound_scenario,SRT_SMPT,44,2544.1,10,0,250.0,0,Mill,3,20.0,20.0,20.0,0.0,34.7,330.6,381.1,401.2,20.0,50.5
2026-09-09 15:33:04,compound_scenario,SRT_SMPT,44,2544.1,10,0,250.0,1,Weld,1,27.6,27.6,27.6,0.0,28.8,432.3,496.6,524.2,27.7,64.3
2026-09-09 15:33:04,compound_scenario,SRT_SMPT,44,2544.1,20,0,650.0,0,Mill,3,20.0,20.0,20.0,0.0,18.6,681.0,681.0,701.0,20.0,0.0
2026-09-09 15:33:04,compound_scenario,SRT_SMPT,44,2544.1,20,0,650.0,1,Weld,2,19.2,19.2,19.2,0.0,35.9,746.3,746.3,765.5,19.2,0.0
2026-09-09 15:33:04,compound_scenario,SRT_SMPT,44,2544.1,19,0,650.0,0,Mill,3,20.0,20.0,20.0,0.0,18.6,688.7,701.0,721.0,20.0,12.3
2026-09-09 15:33:04,compound_scenario,SRT_SMPT,44,2544.1,19,0,650.0,1,Weld,2,30.2,30.2,30.2,0.0,37.2,760.3,765.5,795.7,30.2,5.2
2026-09-09 15:33:04,compound_scenario,SRT_SMPT,44,2544.1,18,0,650.0,0,Mill,3,20.0,20.0,20.0,0.0,20.7,700.5,861.3,881.3,20.0,160.8
2026-09-09 15:33:04,compound_scenario,SRT_SMPT,44,2544.1,18,0,650.0,1,Weld,2,58.1,58.1,58.1,0.0,33.8,946.8,1066.8,1124.9,58.1,119.9
2026-09-09 15:33:04,compound_scenario,SRT_SMPT,44,2544.1,17,0,650.0,0,Mill,3,20.0,20.0,20.0,0.0,28.2,719.4,741.1,761.1,20.0,21.7
2026-09-09 15:33:04,compound_scenario,SRT_SMPT,44,2544.1,17,0,650.0,1,Weld,2,22.0,22.0,22.0,0.0,26.8,824.5,854.0,876.1,22.0,29.6
2026-09-09 15:33:04,compound_scenario,SRT_SMPT,44,2544.1,16,0,650.0,0,Mill,3,20.0,20.0,20.0,0.0,35.5,737.2,761.1,781.1,20.0,23.9
2026-09-09 15:33:04,compound_scenario,SRT_SMPT,44,2544.1,16,0,650.0,1,Weld,2,30.3,30.3,30.3,0.0,25.0,808.4,808.4,838.7,30.3,0.0
2026-09-09 15:33:04,compound_scenario,SRT_SMPT,44,2544.1,14,0,650.0,0,Mill,3,20.0,20.0,20.0,0.0,39.1,751.3,821.2,841.3,20.0,70.0
2026-09-09 15:33:04,compound_scenario,SRT_SMPT,44,2544.1,14,0,650.0,1,Weld,2,51.3,51.3,51.3,0.0,22.6,883.4,964.0,1015.3,51.3,80.7
2026-09-09 15:33:04,compound_scenario,SRT_SMPT,44,2544.1,13,0,650.0,0,Mill,3,20.0,20.0,20.0,0.0,22.5,708.9,721.0,741.1,20.0,12.2
2026-09-09 15:33:04,compound_scenario,SRT_SMPT,44,2544.1,13,0,650.0,1,Weld,2,15.3,15.3,15.3,0.0,23.4,814.0,838.7,854.0,15.3,24.7
2026-09-09 15:33:04,compound_scenario,SRT_SMPT,44,2544.1,12,0,650.0,0,Mill,3,20.0,20.0,20.0,0.0,33.4,730.2,841.3,861.3,20.0,111.1
2026-09-09 15:33:04,compound_scenario,SRT_SMPT,44,2544.1,12,0,650.0,1,Weld,2,51.4,51.4,51.4,0.0,31.7,921.2,1015.3,1066.8,51.4,94.1
2026-09-09 15:33:04,compound_scenario,SRT_SMPT,44,2544.1,11,0,650.0,0,Mill,3,20.0,20.0,20.0,0.0,40.9,762.7,781.2,801.2,20.0,18.5
2026-09-09 15:33:04,compound_scenario,SRT_SMPT,44,2544.1,11,0,650.0,1,Weld,2,41.5,41.5,41.5,0.0,32.5,859.7,876.1,917.6,41.5,16.4
2026-09-09 15:33:04,compound_scenario,SRT_SMPT,44,2544.1,15,0,650.0,0,Mill,3,20.0,20.0,20.0,0.0,37.0,744.2,801.2,821.2,20.0,57.0
2026-09-09 15:33:04,compound_scenario,SRT_SMPT,44,2544.1,15,0,650.0,1,Weld,2,46.4,46.4,46.4,0.0,19.0,872.5,917.6,964.0,46.4,45.1
2026-09-09 15:33:04,compound_scenario,SRT_SMPT,44,2544.1,29,0,1050.0,0,Mill,3,20.0,20.0,20.0,0.0,18.6,1081.0,1081.0,1101.0,20.0,0.0
2026-09-09 15:33:04,compound_scenario,SRT_SMPT,44,2544.1,29,0,1050.0,1,Weld,1,39.8,39.8,39.8,0.0,27.6,1137.9,1137.9,1177.8,39.9,0.0
2026-09-09 15:33:04,compound_scenario,SRT_SMPT,44,2544.1,35,0,1050.0,0,Mill,3,20.0,20.0,20.0,0.0,18.6,1088.7,1101.0,1121.0,20.0,12.3
2026-09-09 15:33:04,compound_scenario,SRT_SMPT,44,2544.1,35,0,1050.0,1,Weld,1,17.1,17.1,17.1,0.0,31.7,1167.8,1177.8,1194.9,17.1,10.0
2026-09-09 15:33:04,compound_scenario,SRT_SMPT,44,2544.1,34,0,1050.0,0,Mill,3,20.0,20.0,20.0,0.0,18.8,1098.4,1221.2,1241.3,20.0,122.8
2026-09-09 15:33:04,compound_scenario,SRT_SMPT,44,2544.1,34,0,1050.0,1,Weld,1,46.7,46.7,46.7,0.0,28.9,1271.7,1411.5,1458.3,46.7,139.9
2026-09-09 15:33:04,compound_scenario,SRT_SMPT,44,2544.1,32,0,1050.0,0,Mill,3,20.0,20.0,20.0,0.0,28.2,1119.4,1341.5,1361.5,20.0,222.1
2026-09-09 15:33:04,compound_scenario,SRT_SMPT,44,2544.1,32,0,1050.0,1,Weld,1,53.8,53.8,53.8,0.0,39.5,1435.1,1829.0,1882.8,53.8,393.9
2026-09-09 15:33:04,compound_scenario,SRT_SMPT,44,2544.1,31,0,1050.0,0,Mill,3,20.0,20.0,20.0,0.0,32.9,1134.6,1181.2,1201.2,20.0,46.6
2026-09-09 15:33:04,compound_scenario,SRT_SMPT,44,2544.1,31,0,1050.0,1,Weld,1,42.8,42.8,42.8,0.0,43.2,1254.2,1349.3,1392.2,42.9,95.1
2026-09-09 15:33:04,compound_scenario,SRT_SMPT,44,2544.1,30,0,1050.0,0,Mill,3,20.0,20.0,20.0,0.0,39.6,1151.8,1301.4,1321.4,20.0,149.6
2026-09-09 15:33:04,compound_scenario,SRT_SMPT,44,2544.1,30,0,1050.0,1,Weld,1,52.3,52.3,52.3,0.0,32.0,1381.0,1653.3,1705.6,52.3,272.3
2026-09-09 15:33:04,compound_scenario,SRT_SMPT,44,2544.1,28,0,1050.0,0,Mill,3,20.0,20.0,20.0,0.0,22.5,1108.9,1121.0,1141.1,20.0,12.2
2026-09-09 15:33:04,compound_scenario,SRT_SMPT,44,2544.1,28,0,1050.0,1,Weld,1,32.0,32.0,32.0,0.0,30.9,1175.7,1194.9,1226.9,32.1,19.2
2026-09-09 15:33:04,compound_scenario,SRT_SMPT,44,2544.1,33,0,1050.0,0,Mill,3,20.0,20.0,20.0,0.0,30.8,1127.6,1141.1,1161.1,20.0,13.5
2026-09-09 15:33:04,compound_scenario,SRT_SMPT,44,2544.1,33,0,1050.0,1,Weld,1,41.0,41.0,41.0,0.0,29.4,1211.9,1226.9,1267.9,41.0,15.1
2026-09-09 15:33:04,compound_scenario,SRT_SMPT,44,2544.1,26,0,1050.0,0,Mill,3,20.0,20.0,20.0,0.0,36.0,1143.2,1161.1,1181.1,20.0,17.9
2026-09-09 15:33:04,compound_scenario,SRT_SMPT,44,2544.1,26,0,1050.0,1,Weld,1,39.1,39.1,39.1,0.0,29.6,1231.9,1267.9,1307.1,39.2,36.0
2026-09-09 15:33:04,compound_scenario,SRT_SMPT,44,2544.1,25,0,1050.0,0,Mill,3,20.0,20.0,20.0,0.0,44.1,1169.9,1241.3,1261.3,20.0,71.3
2026-09-09 15:33:04,compound_scenario,SRT_SMPT,44,2544.1,25,0,1050.0,1,Weld,1,47.8,47.8,47.8,0.0,26.8,1333.6,1467.8,1515.6,47.9,134.1
2026-09-09 15:33:04,compound_scenario,SRT_SMPT,44,2544.1,24,0,1050.0,0,Mill,3,20.0,20.0,20.0,0.0,38.1,1200.8,1261.3,1281.3,20.0,60.6
2026-09-09 15:33:04,compound_scenario,SRT_SMPT,44,2544.1,24,0,1050.0,1,Weld,1,51.3,51.3,51.3,0.0,28.1,1353.3,1592.5,1643.9,51.3,239.3
2026-09-09 15:33:04,compound_scenario,SRT_SMPT,44,2544.1,23,0,1050.0,0,Mill,3,20.0,20.0,20.0,0.0,36.5,1193.7,1201.2,1221.2,20.0,7.5
2026-09-09 15:33:04,compound_scenario,SRT_SMPT,44,2544.1,23,0,1050.0,1,Weld,1,42.2,42.2,42.2,0.0,37.7,1306.4,1307.1,1349.3,42.2,0.7
2026-09-09 15:33:04,compound_scenario,SRT_SMPT,44,2544.1,27,0,1050.0,0,Mill,3,20.0,20.0,20.0,0.0,34.2,1209.5,1361.5,1381.5,20.0,152.0
2026-09-09 15:33:04,compound_scenario,SRT_SMPT,44,2544.1,27,0,1050.0,1,Weld,1,58.8,58.8,58.8,0.0,34.3,1465.0,1965.2,2024.0,58.8,500.2
2026-09-09 15:33:04,compound_scenario,SRT_SMPT,44,2544.1,22,0,1050.0,0,Mill,3,20.0,20.0,20.0,0.0,33.4,1225.5,1321.4,1341.5,20.0,96.0
2026-09-09 15:33:04,compound_scenario,SRT_SMPT,44,2544.1,22,0,1050.0,1,Weld,1,53.1,53.1,53.1,0.0,43.7,1410.6,1766.5,1819.7,53.2,355.9
2026-09-09 15:33:04,compound_scenario,SRT_SMPT,44,2544.1,21,0,1050.0,0,Mill,3,20.0,20.0,20.0,0.0,48.0,1276.0,1281.4,1301.4,20.0,5.4
2026-09-09 15:33:04,compound_scenario,SRT_SMPT,44,2544.1,21,0,1050.0,1,Weld,1,19.4,19.4,19.4,0.0,31.4,1365.5,1392.2,1411.5,19.4,26.7
2026-09-09 15:33:04,compound_scenario,SRT_SMPT,44,2544.1,37,0,1400.0,0,Weld,1,150.0,150.0,150.0,0.0,33.5,1449.8,2024.0,2174.1,150.0,574.2
2026-09-09 15:33:04,compound_scenario,SRT_SMPT,44,2544.1,36,0,1400.0,0,Weld,1,150.0,150.0,150.0,0.0,37.1,1481.7,2174.1,2324.1,150.0,692.4
2026-09-09 15:33:04,compound_scenario,SRT_SMPT,44,2544.1,38,0,1405.0,0,Weld,1,9.5,9.5,9.5,0.0,33.0,1457.4,1458.3,1467.8,9.5,0.9
2026-09-09 15:33:04,compound_scenario,SRT_SMPT,44,2544.1,39,0,1413.0,0,Weld,1,9.6,9.6,9.6,0.0,41.0,1491.0,1553.1,1562.7,9.6,62.1
2026-09-09 15:33:04,compound_scenario,SRT_SMPT,44,2544.1,40,0,1421.0,0,Weld,1,9.2,9.2,9.2,0.0,41.0,1506.4,1515.6,1524.8,9.2,9.2
2026-09-09 15:33:04,compound_scenario,SRT_SMPT,44,2544.1,41,0,1429.0,0,Weld,1,9.5,9.5,9.5,0.0,38.2,1498.7,1534.0,1543.5,9.5,35.4
2026-09-09 15:33:04,compound_scenario,SRT_SMPT,44,2544.1,42,0,1437.0,0,Weld,1,9.2,9.2,9.2,0.0,43.1,1514.1,1524.8,1534.0,9.2,10.7
2026-09-09 15:33:04,compound_scenario,SRT_SMPT,44,2544.1,43,0,1445.0,0,Weld,1,9.6,9.6,9.6,0.0,38.4,1542.5,1543.5,1553.1,9.6,1.1
2026-09-09 15:33:04,compound_scenario,SRT_SMPT,44,2544.1,44,0,1453.0,0,Weld,1,10.3,10.3,10.3,0.0,38.4,1550.1,1582.2,1592.5,10.3,32.1
2026-09-09 15:33:04,compound_scenario,SRT_SMPT,44,2544.1,45,0,1461.0,0,Weld,1,9.7,9.7,9.7,0.0,40.0,1559.4,1562.7,1572.5,9.8,3.3
2026-09-09 15:33:04,compound_scenario,SRT_SMPT,44,2544.1,46,0,1469.0,0,Weld,1,9.7,9.7,9.7,0.0,40.5,1568.6,1572.5,1582.2,9.8,3.8
2026-09-09 15:33:04,compound_scenario,SRT_SMPT,44,2544.1,47,0,1477.0,0,Weld,1,9.4,9.4,9.4,0.0,38.2,1593.1,1643.9,1653.3,9.4,50.7
2026-09-09 15:33:04,compound_scenario,SRT_SMPT,44,2544.1,48,0,1485.0,0,Weld,1,9.5,9.5,9.5,0.0,27.8,1674.4,1705.6,1715.2,9.6,31.2
2026-09-09 15:33:04,compound_scenario,SRT_SMPT,44,2544.1,49,0,1493.0,0,Weld,1,10.9,10.9,10.9,0.0,28.3,1682.1,1725.5,1736.4,10.9,43.5
2026-09-09 15:33:04,compound_scenario,SRT_SMPT,44,2544.1,50,0,1501.0,0,Weld,1,10.3,10.3,10.3,0.0,28.8,1689.7,1715.2,1725.5,10.3,25.5
2026-09-09 15:33:04,compound_scenario,SRT_SMPT,44,2544.1,51,0,1509.0,0,Weld,1,10.2,10.2,10.2,0.0,39.2,1726.6,1745.8,1756.0,10.2,19.1
2026-09-09 15:33:04,compound_scenario,SRT_SMPT,44,2544.1,52,0,1517.0,0,Weld,1,9.3,9.3,9.3,0.0,40.5,1735.8,1736.4,1745.8,9.4,0.6
2026-09-09 15:33:04,compound_scenario,SRT_SMPT,44,2544.1,53,0,1525.0,0,Weld,1,10.5,10.5,10.5,0.0,40.3,1743.5,1756.0,1766.5,10.5,12.5
2026-09-09 15:33:04,compound_scenario,SRT_SMPT,44,2544.1,54,0,1533.0,0,Weld,1,9.3,9.3,9.3,0.0,39.7,1788.6,1819.7,1829.0,9.4,31.1
2026-09-09 15:33:04,compound_scenario,SRT_SMPT,44,2544.1,55,0,1541.0,0,Weld,1,9.8,9.8,9.8,0.0,37.4,1840.1,1882.8,1892.6,9.8,42.8
2026-09-09 15:33:04,compound_scenario,SRT_SMPT,44,2544.1,56,0,1549.0,0,Weld,1,11.0,11.0,11.0,0.0,37.7,1856.3,1944.7,1955.7,11.0,88.5
2026-09-09 15:33:04,compound_scenario,SRT_SMPT,44,2544.1,57,0,1557.0,0,Weld,1,10.3,10.3,10.3,0.0,37.7,1871.0,1892.6,1902.9,10.3,21.6
2026-09-09 15:33:04,compound_scenario,SRT_SMPT,44,2544.1,58,0,1565.0,0,Weld,1,10.1,10.1,10.1,0.0,35.8,1907.7,1913.3,1923.4,10.1,5.6
2026-09-09 15:33:04,compound_scenario,SRT_SMPT,44,2544.1,59,0,1573.0,0,Weld,1,10.4,10.4,10.4,0.0,33.2,1900.2,1902.9,1913.3,10.4,2.7
2026-09-09 15:33:04,compound_scenario,SRT_SMPT,44,2544.1,60,0,1581.0,0,Weld,1,10.7,10.7,10.7,0.0,39.5,1926.1,1934.0,1944.7,10.7,7.9
2026-09-09 15:33:04,compound_scenario,SRT_SMPT,44,2544.1,61,0,1589.0,0,Weld,1,10.6,10.6,10.6,0.0,35.3,1916.9,1923.4,1934.0,10.6,6.5
2026-09-09 15:33:04,compound_scenario,SRT_SMPT,44,2544.1,62,0,1597.0,0,Weld,1,9.5,9.5,9.5,0.0,39.0,1949.8,1955.7,1965.2,9.5,5.9
2026-09-09 15:33:04,compound_scenario,SRT_SMPT,44,2544.1,63,0,2200.0,0,Mill,1,21.0,21.0,21.0,0.0,19.9,2232.7,2232.7,2253.7,21.0,0.0
2026-09-09 15:33:04,compound_scenario,SRT_SMPT,44,2544.1,63,0,2200.0,1,Lathe,1,29.5,29.5,29.5,0.0,25.9,2294.9,2294.9,2324.4,29.5,0.0
2026-09-09 15:33:04,compound_scenario,SRT_SMPT,44,2544.1,63,0,2200.0,2,Weld,1,28.0,28.0,28.0,0.0,30.1,2369.7,2369.7,2397.8,28.1,0.0
2026-09-09 15:33:04,compound_scenario,SRT_SMPT,44,2544.1,64,0,2260.0,0,Mill,1,26.3,26.3,26.3,0.0,16.8,2289.2,2289.2,2315.6,26.4,0.0
2026-09-09 15:33:04,compound_scenario,SRT_SMPT,44,2544.1,64,0,2260.0,1,Lathe,1,48.3,48.3,48.3,0.0,28.8,2357.4,2357.4,2405.8,48.3,0.0
2026-09-09 15:33:04,compound_scenario,SRT_SMPT,44,2544.1,64,0,2260.0,2,Weld,1,46.3,46.3,46.3,0.0,20.6,2439.0,2439.0,2485.4,46.3,0.0
2026-09-09 15:33:04,compound_scenario,SRT_SMPT,44,2544.1,65,0,2320.0,0,Mill,1,29.4,29.4,29.4,0.0,34.9,2370.3,2370.3,2399.8,29.5,0.0
2026-09-09 15:33:04,compound_scenario,SRT_SMPT,44,2544.1,65,0,2320.0,1,Lathe,1,39.7,39.7,39.7,0.0,4.7,2406.7,2406.7,2446.4,39.7,0.0
2026-09-09 15:33:04,compound_scenario,SRT_SMPT,44,2544.1,65,0,2320.0,2,Weld,1,31.9,31.9,31.9,0.0,16.2,2464.8,2464.8,2496.7,31.9,0.0
2026-09-09 15:33:42,convoy_waves,SRT_SMPT,42,1530.46,0,0,0.0,0,Mill,3,20.0,20.0,20.0,0.0,18.6,31.0,31.0,51.0,20.0,0.0
2026-09-09 15:33:42,convoy_waves,SRT_SMPT,42,1530.46,0,0,0.0,1,Weld,1,43.8,43.8,43.8,0.0,24.9,103.3,103.3,147.1,43.8,0.0
2026-09-09 15:33:42,convoy_waves,SRT_SMPT,42,1530.46,1,0,0.0,0,Mill,3,20.0,20.0,20.0,0.0,23.8,43.5,51.0,71.0,20.0,7.5
2026-09-09 15:33:42,convoy_waves,SRT_SMPT,42,1530.46,1,0,0.0,1,Weld,1,16.1,16.1,16.1,0.0,18.7,115.6,147.1,163.3,16.2,31.5
2026-09-09 15:33:42,convoy_waves,SRT_SMPT,42,1530.46,2,0,0.0,0,Mill,3,20.0,20.0,20.0,0.0,25.6,53.2,91.1,111.1,20.0,37.9
2026-09-09 15:33:42,convoy_waves,SRT_SMPT,42,1530.46,2,0,0.0,1,Weld,1,27.4,27.4,27.4,0.0,26.0,154.5,188.4,215.8,27.4,33.9
2026-09-09 15:33:42,convoy_waves,SRT_SMPT,42,1530.46,3,0,0.0,0,Mill,3,20.0,20.0,20.0,0.0,25.1,61.4,71.0,91.1,20.0,9.7
2026-09-09 15:33:42,convoy_waves,SRT_SMPT,42,1530.46,3,0,0.0,1,Weld,1,25.0,25.0,25.0,0.0,18.7,135.0,163.3,188.4,25.1,28.3
2026-09-09 15:33:42,convoy_waves,SRT_SMPT,42,1530.46,4,0,0.0,0,Mill,3,20.0,20.0,20.0,0.0,22.5,68.5,111.1,131.1,20.0,42.7
2026-09-09 15:33:42,convoy_waves,SRT_SMPT,42,1530.46,4,0,0.0,1,Weld,1,48.1,48.1,48.1,0.0,17.1,172.2,215.8,263.9,48.2,43.6
2026-09-09 15:33:42,convoy_waves,SRT_SMPT,42,1530.46,5,0,400.0,0,Mill,3,20.0,20.0,20.0,0.0,18.6,431.0,431.0,451.0,20.0,0.0
2026-09-09 15:33:42,convoy_waves,SRT_SMPT,42,1530.46,5,0,400.0,1,Weld,1,45.5,45.5,45.5,0.0,22.9,506.6,506.6,552.1,45.5,0.0
2026-09-09 15:33:42,convoy_waves,SRT_SMPT,42,1530.46,6,0,400.0,0,Mill,3,20.0,20.0,20.0,0.0,18.6,438.2,511.1,531.1,20.0,72.9
2026-09-09 15:33:42,convoy_waves,SRT_SMPT,42,1530.46,6,0,400.0,1,Weld,1,55.2,55.2,55.2,0.0,17.1,570.4,621.4,676.6,55.2,51.0
2026-09-09 15:33:42,convoy_waves,SRT_SMPT,42,1530.46,7,0,400.0,0,Mill,3,20.0,20.0,20.0,0.0,20.1,447.6,451.0,471.0,20.0,3.4
2026-09-09 15:33:42,convoy_waves,SRT_SMPT,42,1530.46,7,0,400.0,1,Weld,1,18.9,18.9,18.9,0.0,18.7,514.2,552.1,571.0,18.9,37.9
2026-09-09 15:33:42,convoy_waves,SRT_SMPT,42,1530.46,8,0,400.0,0,Mill,3,20.0,20.0,20.0,0.0,19.9,460.4,471.0,491.1,20.0,10.7
2026-09-09 15:33:42,convoy_waves,SRT_SMPT,42,1530.46,8,0,400.0,1,Weld,1,34.0,34.0,34.0,0.0,19.5,526.7,587.4,621.4,34.0,60.7
2026-09-09 15:33:42,convoy_waves,SRT_SMPT,42,1530.46,9,0,400.0,0,Mill,3,20.0,20.0,20.0,0.0,22.0,472.0,491.1,511.1,20.0,19.1
2026-09-09 15:33:42,convoy_waves,SRT_SMPT,42,1530.46,9,0,400.0,1,Weld,1,16.3,16.3,16.3,0.0,25.5,552.7,571.0,587.4,16.4,18.4
2026-09-09 15:33:42,convoy_waves,SRT_SMPT,42,1530.46,10,0,800.0,0,Mill,3,20.0,20.0,20.0,0.0,18.6,831.0,831.0,851.0,20.0,0.0
2026-09-09 15:33:42,convoy_waves,SRT_SMPT,42,1530.46,10,0,800.0,1,Weld,1,24.8,24.8,24.8,0.0,22.9,906.6,906.6,931.5,24.9,0.0
2026-09-09 15:33:42,convoy_waves,SRT_SMPT,42,1530.46,11,0,800.0,0,Mill,3,20.0,20.0,20.0,0.0,18.6,838.2,891.1,911.1,20.0,52.9
2026-09-09 15:33:42,convoy_waves,SRT_SMPT,42,1530.46,11,0,800.0,1,Weld,1,37.7,37.7,37.7,0.0,25.5,952.7,971.7,1009.4,37.8,19.0
2026-09-09 15:33:42,convoy_waves,SRT_SMPT,42,1530.46,12,0,800.0,0,Mill,3,20.0,20.0,20.0,0.0,20.1,847.6,851.0,871.0,20.0,3.4
2026-09-09 15:33:42,convoy_waves,SRT_SMPT,42,1530.46,12,0,800.0,1,Weld,1,16.2,16.2,16.2,0.0,18.7,914.2,931.5,947.7,16.2,17.3
2026-09-09 15:33:42,convoy_waves,SRT_SMPT,42,1530.46,13,0,800.0,0,Mill,3,20.0,20.0,20.0,0.0,19.9,860.4,871.0,891.1,20.0,10.7
2026-09-09 15:33:42,convoy_waves,SRT_SMPT,42,1530.46,13,0,800.0,1,Weld,1,24.0,24.0,24.0,0.0,19.5,926.7,947.7,971.7,24.0,21.0
2026-09-09 15:33:42,convoy_waves,SRT_SMPT,42,1530.46,14,0,800.0,0,Mill,3,20.0,20.0,20.0,0.0,22.0,872.0,911.1,931.1,20.0,39.1
2026-09-09 15:33:42,convoy_waves,SRT_SMPT,42,1530.46,14,0,800.0,1,Weld,1,44.2,44.2,44.2,0.0,21.6,974.8,1009.4,1053.7,44.3,34.6
2026-09-09 15:33:42,convoy_waves,SRT_SMPT,42,1530.46,15,0,1200.0,0,Mill,3,20.0,20.0,20.0,0.0,18.6,1231.0,1231.0,1251.0,20.0,0.0
2026-09-09 15:33:42,convoy_waves,SRT_SMPT,42,1530.46,15,0,1200.0,1,Weld,1,39.5,39.5,39.5,0.0,22.9,1306.6,1306.6,1346.2,39.5,0.0
2026-09-09 15:33:42,convoy_waves,SRT_SMPT,42,1530.46,16,0,1200.0,0,Mill,3,20.0,20.0,20.0,0.0,18.6,1238.2,1251.0,1271.0,20.0,12.8
2026-09-09 15:33:42,convoy_waves,SRT_SMPT,42,1530.46,16,0,1200.0,1,Weld,1,24.9,24.9,24.9,0.0,18.7,1314.2,1346.2,1371.1,24.9,31.9
2026-09-09 15:33:42,convoy_waves,SRT_SMPT,42,1530.46,17,0,1200.0,0,Mill,3,20.0,20.0,20.0,0.0,20.1,1247.6,1271.0,1291.1,20.0,23.4
2026-09-09 15:33:42,convoy_waves,SRT_SMPT,42,1530.46,17,0,1200.0,1,Weld,1,41.5,41.5,41.5,0.0,19.5,1326.7,1386.4,1428.0,41.5,59.7
2026-09-09 15:33:42,convoy_waves,SRT_SMPT,42,1530.46,18,0,1200.0,0,Mill,3,20.0,20.0,20.0,0.0,19.9,1260.4,1311.1,1331.1,20.0,50.7
2026-09-09 15:33:42,convoy_waves,SRT_SMPT,42,1530.46,18,0,1200.0,1,Weld,1,51.4,51.4,51.4,0.0,17.1,1370.4,1428.0,1479.4,51.4,57.6
2026-09-09 15:33:42,convoy_waves,SRT_SMPT,42,1530.46,19,0,1200.0,0,Mill,3,20.0,20.0,20.0,0.0,22.0,1272.0,1291.1,1311.1,20.0,19.1
2026-09-09 15:33:42,convoy_waves,SRT_SMPT,42,1530.46,19,0,1200.0,1,Weld,1,15.3,15.3,15.3,0.0,25.5,1352.7,1371.1,1386.4,15.3,18.4
2026-09-09 15:34:21,convoy_waves,SRT_SMPT,43,1530.46,0,0,0.0,0,Mill,3,20.0,20.0,20.0,0.0,18.6,31.0,31.0,51.0,20.0,0.0
2026-09-09 15:34:21,convoy_waves,SRT_SMPT,43,1530.46,0,0,0.0,1,Weld,1,43.8,43.8,43.8,0.0,24.9,103.3,103.3,147.1,43.8,0.0
2026-09-09 15:34:21,convoy_waves,SRT_SMPT,43,1530.46,1,0,0.0,0,Mill,3,20.0,20.0,20.0,0.0,23.8,43.5,51.0,71.0,20.0,7.5
2026-09-09 15:34:21,convoy_waves,SRT_SMPT,43,1530.46,1,0,0.0,1,Weld,1,16.1,16.1,16.1,0.0,18.7,115.6,147.1,163.3,16.2,31.5
2026-09-09 15:34:21,convoy_waves,SRT_SMPT,43,1530.46,2,0,0.0,0,Mill,3,20.0,20.0,20.0,0.0,25.6,53.2,91.1,111.1,20.0,37.9
2026-09-09 15:34:21,convoy_waves,SRT_SMPT,43,1530.46,2,0,0.0,1,Weld,1,27.4,27.4,27.4,0.0,26.0,154.5,188.4,215.8,27.4,33.9
2026-09-09 15:34:21,convoy_waves,SRT_SMPT,43,1530.46,3,0,0.0,0,Mill,3,20.0,20.0,20.0,0.0,25.1,61.4,71.0,91.1,20.0,9.7
2026-09-09 15:34:21,convoy_waves,SRT_SMPT,43,1530.46,3,0,0.0,1,Weld,1,25.0,25.0,25.0,0.0,18.7,135.0,163.3,188.4,25.1,28.3
2026-09-09 15:34:21,convoy_waves,SRT_SMPT,43,1530.46,4,0,0.0,0,Mill,3,20.0,20.0,20.0,0.0,22.5,68.5,111.1,131.1,20.0,42.7
2026-09-09 15:34:21,convoy_waves,SRT_SMPT,43,1530.46,4,0,0.0,1,Weld,1,48.1,48.1,48.1,0.0,17.1,172.2,215.8,263.9,48.2,43.6
2026-09-09 15:34:21,convoy_waves,SRT_SMPT,43,1530.46,5,0,400.0,0,Mill,3,20.0,20.0,20.0,0.0,18.6,431.0,431.0,451.0,20.0,0.0
2026-09-09 15:34:21,convoy_waves,SRT_SMPT,43,1530.46,5,0,400.0,1,Weld,1,45.5,45.5,45.5,0.0,22.9,506.6,506.6,552.1,45.5,0.0
2026-09-09 15:34:21,convoy_waves,SRT_SMPT,43,1530.46,6,0,400.0,0,Mill,3,20.0,20.0,20.0,0.0,18.6,438.2,511.1,531.1,20.0,72.9
2026-09-09 15:34:21,convoy_waves,SRT_SMPT,43,1530.46,6,0,400.0,1,Weld,1,55.2,55.2,55.2,0.0,17.1,570.4,621.4,676.6,55.2,51.0
2026-09-09 15:34:21,convoy_waves,SRT_SMPT,43,1530.46,7,0,400.0,0,Mill,3,20.0,20.0,20.0,0.0,20.1,447.6,451.0,471.0,20.0,3.4
2026-09-09 15:34:21,convoy_waves,SRT_SMPT,43,1530.46,7,0,400.0,1,Weld,1,18.9,18.9,18.9,0.0,18.7,514.2,552.1,571.0,18.9,37.9
2026-09-09 15:34:21,convoy_waves,SRT_SMPT,43,1530.46,8,0,400.0,0,Mill,3,20.0,20.0,20.0,0.0,19.9,460.4,471.0,491.1,20.0,10.7
2026-09-09 15:34:21,convoy_waves,SRT_SMPT,43,1530.46,8,0,400.0,1,Weld,1,34.0,34.0,34.0,0.0,19.5,526.7,587.4,621.4,34.0,60.7
2026-09-09 15:34:21,convoy_waves,SRT_SMPT,43,1530.46,9,0,400.0,0,Mill,3,20.0,20.0,20.0,0.0,22.0,472.0,491.1,511.1,20.0,19.1
2026-09-09 15:34:21,convoy_waves,SRT_SMPT,43,1530.46,9,0,400.0,1,Weld,1,16.3,16.3,16.3,0.0,25.5,552.7,571.0,587.4,16.4,18.4
2026-09-09 15:34:21,convoy_waves,SRT_SMPT,43,1530.46,10,0,800.0,0,Mill,3,20.0,20.0,20.0,0.0,18.6,831.0,831.0,851.0,20.0,0.0
2026-09-09 15:34:21,convoy_waves,SRT_SMPT,43,1530.46,10,0,800.0,1,Weld,1,24.8,24.8,24.8,0.0,22.9,906.6,906.6,931.5,24.9,0.0
2026-09-09 15:34:21,convoy_waves,SRT_SMPT,43,1530.46,11,0,800.0,0,Mill,3,20.0,20.0,20.0,0.0,18.6,838.2,891.1,911.1,20.0,52.9
2026-09-09 15:34:21,convoy_waves,SRT_SMPT,43,1530.46,11,0,800.0,1,Weld,1,37.7,37.7,37.7,0.0,25.5,952.7,971.7,1009.4,37.8,19.0
2026-09-09 15:34:21,convoy_waves,SRT_SMPT,43,1530.46,12,0,800.0,0,Mill,3,20.0,20.0,20.0,0.0,20.1,847.6,851.0,871.0,20.0,3.4
2026-09-09 15:34:21,convoy_waves,SRT_SMPT,43,1530.46,12,0,800.0,1,Weld,1,16.2,16.2,16.2,0.0,18.7,914.2,931.5,947.7,16.2,17.3
2026-09-09 15:34:21,convoy_waves,SRT_SMPT,43,1530.46,13,0,800.0,0,Mill,3,20.0,20.0,20.0,0.0,19.9,860.4,871.0,891.1,20.0,10.7
2026-09-09 15:34:21,convoy_waves,SRT_SMPT,43,1530.46,13,0,800.0,1,Weld,1,24.0,24.0,24.0,0.0,19.5,926.7,947.7,971.7,24.0,21.0
2026-09-09 15:34:21,convoy_waves,SRT_SMPT,43,1530.46,14,0,800.0,0,Mill,3,20.0,20.0,20.0,0.0,22.0,872.0,911.1,931.1,20.0,39.1
2026-09-09 15:34:21,convoy_waves,SRT_SMPT,43,1530.46,14,0,800.0,1,Weld,1,44.2,44.2,44.2,0.0,21.6,974.8,1009.4,1053.7,44.3,34.6
2026-09-09 15:34:21,convoy_waves,SRT_SMPT,43,1530.46,15,0,1200.0,0,Mill,3,20.0,20.0,20.0,0.0,18.6,1231.0,1231.0,1251.0,20.0,0.0
2026-09-09 15:34:21,convoy_waves,SRT_SMPT,43,1530.46,15,0,1200.0,1,Weld,1,39.5,39.5,39.5,0.0,22.9,1306.6,1306.6,1346.2,39.5,0.0
2026-09-09 15:34:21,convoy_waves,SRT_SMPT,43,1530.46,16,0,1200.0,0,Mill,3,20.0,20.0,20.0,0.0,18.6,1238.2,1251.0,1271.0,20.0,12.8
2026-09-09 15:34:21,convoy_waves,SRT_SMPT,43,1530.46,16,0,1200.0,1,Weld,1,24.9,24.9,24.9,0.0,18.7,1314.2,1346.2,1371.1,24.9,31.9
2026-09-09 15:34:21,convoy_waves,SRT_SMPT,43,1530.46,17,0,1200.0,0,Mill,3,20.0,20.0,20.0,0.0,20.1,1247.6,1271.0,1291.1,20.0,23.4
2026-09-09 15:34:21,convoy_waves,SRT_SMPT,43,1530.46,17,0,1200.0,1,Weld,1,41.5,41.5,41.5,0.0,19.5,1326.7,1386.4,1428.0,41.5,59.7
2026-09-09 15:34:21,convoy_waves,SRT_SMPT,43,1530.46,18,0,1200.0,0,Mill,3,20.0,20.0,20.0,0.0,19.9,1260.4,1311.1,1331.1,20.0,50.7
2026-09-09 15:34:21,convoy_waves,SRT_SMPT,43,1530.46,18,0,1200.0,1,Weld,1,51.4,51.4,51.4,0.0,17.1,1370.4,1428.0,1479.4,51.4,57.6
2026-09-09 15:34:21,convoy_waves,SRT_SMPT,43,1530.46,19,0,1200.0,0,Mill,3,20.0,20.0,20.0,0.0,22.0,1272.0,1291.1,1311.1,20.0,19.1
2026-09-09 15:34:21,convoy_waves,SRT_SMPT,43,1530.46,19,0,1200.0,1,Weld,1,15.3,15.3,15.3,0.0,25.5,1352.7,1371.1,1386.4,15.3,18.4
2026-09-09 15:34:59,convoy_waves,SRT_SMPT,44,1530.46,0,0,0.0,0,Mill,3,20.0,20.0,20.0,0.0,18.6,31.0,31.0,51.0,20.0,0.0
2026-09-09 15:34:59,convoy_waves,SRT_SMPT,44,1530.46,0,0,0.0,1,Weld,1,43.8,43.8,43.8,0.0,24.9,103.3,103.3,147.1,43.8,0.0
2026-09-09 15:34:59,convoy_waves,SRT_SMPT,44,1530.46,1,0,0.0,0,Mill,3,20.0,20.0,20.0,0.0,23.8,43.5,51.0,71.0,20.0,7.5
2026-09-09 15:34:59,convoy_waves,SRT_SMPT,44,1530.46,1,0,0.0,1,Weld,1,16.1,16.1,16.1,0.0,18.7,115.6,147.1,163.3,16.2,31.5
2026-09-09 15:34:59,convoy_waves,SRT_SMPT,44,1530.46,2,0,0.0,0,Mill,3,20.0,20.0,20.0,0.0,25.6,53.2,91.1,111.1,20.0,37.9
2026-09-09 15:34:59,convoy_waves,SRT_SMPT,44,1530.46,2,0,0.0,1,Weld,1,27.4,27.4,27.4,0.0,26.0,154.5,188.4,215.8,27.4,33.9
2026-09-09 15:34:59,convoy_waves,SRT_SMPT,44,1530.46,3,0,0.0,0,Mill,3,20.0,20.0,20.0,0.0,25.1,61.4,71.0,91.1,20.0,9.7
2026-09-09 15:34:59,convoy_waves,SRT_SMPT,44,1530.46,3,0,0.0,1,Weld,1,25.0,25.0,25.0,0.0,18.7,135.0,163.3,188.4,25.1,28.3
2026-09-09 15:34:59,convoy_waves,SRT_SMPT,44,1530.46,4,0,0.0,0,Mill,3,20.0,20.0,20.0,0.0,22.5,68.5,111.1,131.1,20.0,42.7
2026-09-09 15:34:59,convoy_waves,SRT_SMPT,44,1530.46,4,0,0.0,1,Weld,1,48.1,48.1,48.1,0.0,17.1,172.2,215.8,263.9,48.2,43.6
2026-09-09 15:34:59,convoy_waves,SRT_SMPT,44,1530.46,5,0,400.0,0,Mill,3,20.0,20.0,20.0,0.0,18.6,431.0,431.0,451.0,20.0,0.0
2026-09-09 15:34:59,convoy_waves,SRT_SMPT,44,1530.46,5,0,400.0,1,Weld,1,45.5,45.5,45.5,0.0,22.9,506.6,506.6,552.1,45.5,0.0
2026-09-09 15:34:59,convoy_waves,SRT_SMPT,44,1530.46,6,0,400.0,0,Mill,3,20.0,20.0,20.0,0.0,18.6,438.2,511.1,531.1,20.0,72.9
2026-09-09 15:34:59,convoy_waves,SRT_SMPT,44,1530.46,6,0,400.0,1,Weld,1,55.2,55.2,55.2,0.0,17.1,570.4,621.4,676.6,55.2,51.0
2026-09-09 15:34:59,convoy_waves,SRT_SMPT,44,1530.46,7,0,400.0,0,Mill,3,20.0,20.0,20.0,0.0,20.1,447.6,451.0,471.0,20.0,3.4
2026-09-09 15:34:59,convoy_waves,SRT_SMPT,44,1530.46,7,0,400.0,1,Weld,1,18.9,18.9,18.9,0.0,18.7,514.2,552.1,571.0,18.9,37.9
2026-09-09 15:34:59,convoy_waves,SRT_SMPT,44,1530.46,8,0,400.0,0,Mill,3,20.0,20.0,20.0,0.0,19.9,460.4,471.0,491.1,20.0,10.7
2026-09-09 15:34:59,convoy_waves,SRT_SMPT,44,1530.46,8,0,400.0,1,Weld,1,34.0,34.0,34.0,0.0,19.5,526.7,587.4,621.4,34.0,60.7
2026-09-09 15:34:59,convoy_waves,SRT_SMPT,44,1530.46,9,0,400.0,0,Mill,3,20.0,20.0,20.0,0.0,22.0,472.0,491.1,511.1,20.0,19.1
2026-09-09 15:34:59,convoy_waves,SRT_SMPT,44,1530.46,9,0,400.0,1,Weld,1,16.3,16.3,16.3,0.0,25.5,552.7,571.0,587.4,16.4,18.4
2026-09-09 15:34:59,convoy_waves,SRT_SMPT,44,1530.46,10,0,800.0,0,Mill,3,20.0,20.0,20.0,0.0,18.6,831.0,831.0,851.0,20.0,0.0
2026-09-09 15:34:59,convoy_waves,SRT_SMPT,44,1530.46,10,0,800.0,1,Weld,1,24.8,24.8,24.8,0.0,22.9,906.6,906.6,931.5,24.9,0.0
2026-09-09 15:34:59,convoy_waves,SRT_SMPT,44,1530.46,11,0,800.0,0,Mill,3,20.0,20.0,20.0,0.0,18.6,838.2,891.1,911.1,20.0,52.9
2026-09-09 15:34:59,convoy_waves,SRT_SMPT,44,1530.46,11,0,800.0,1,Weld,1,37.7,37.7,37.7,0.0,25.5,952.7,971.7,1009.4,37.8,19.0
2026-09-09 15:34:59,convoy_waves,SRT_SMPT,44,1530.46,12,0,800.0,0,Mill,3,20.0,20.0,20.0,0.0,20.1,847.6,851.0,871.0,20.0,3.4
2026-09-09 15:34:59,convoy_waves,SRT_SMPT,44,1530.46,12,0,800.0,1,Weld,1,16.2,16.2,16.2,0.0,18.7,914.2,931.5,947.7,16.2,17.3
2026-09-09 15:34:59,convoy_waves,SRT_SMPT,44,1530.46,13,0,800.0,0,Mill,3,20.0,20.0,20.0,0.0,19.9,860.4,871.0,891.1,20.0,10.7
2026-09-09 15:34:59,convoy_waves,SRT_SMPT,44,1530.46,13,0,800.0,1,Weld,1,24.0,24.0,24.0,0.0,19.5,926.7,947.7,971.7,24.0,21.0
2026-09-09 15:34:59,convoy_waves,SRT_SMPT,44,1530.46,14,0,800.0,0,Mill,3,20.0,20.0,20.0,0.0,22.0,872.0,911.1,931.1,20.0,39.1
2026-09-09 15:34:59,convoy_waves,SRT_SMPT,44,1530.46,14,0,800.0,1,Weld,1,44.2,44.2,44.2,0.0,21.6,974.8,1009.4,1053.7,44.3,34.6
2026-09-09 15:34:59,convoy_waves,SRT_SMPT,44,1530.46,15,0,1200.0,0,Mill,3,20.0,20.0,20.0,0.0,18.6,1231.0,1231.0,1251.0,20.0,0.0
2026-09-09 15:34:59,convoy_waves,SRT_SMPT,44,1530.46,15,0,1200.0,1,Weld,1,39.5,39.5,39.5,0.0,22.9,1306.6,1306.6,1346.2,39.5,0.0
2026-09-09 15:34:59,convoy_waves,SRT_SMPT,44,1530.46,16,0,1200.0,0,Mill,3,20.0,20.0,20.0,0.0,18.6,1238.2,1251.0,1271.0,20.0,12.8
2026-09-09 15:34:59,convoy_waves,SRT_SMPT,44,1530.46,16,0,1200.0,1,Weld,1,24.9,24.9,24.9,0.0,18.7,1314.2,1346.2,1371.1,24.9,31.9
2026-09-09 15:34:59,convoy_waves,SRT_SMPT,44,1530.46,17,0,1200.0,0,Mill,3,20.0,20.0,20.0,0.0,20.1,1247.6,1271.0,1291.1,20.0,23.4
2026-09-09 15:34:59,convoy_waves,SRT_SMPT,44,1530.46,17,0,1200.0,1,Weld,1,41.5,41.5,41.5,0.0,19.5,1326.7,1386.4,1428.0,41.5,59.7
2026-09-09 15:34:59,convoy_waves,SRT_SMPT,44,1530.46,18,0,1200.0,0,Mill,3,20.0,20.0,20.0,0.0,19.9,1260.4,1311.1,1331.1,20.0,50.7
2026-09-09 15:34:59,convoy_waves,SRT_SMPT,44,1530.46,18,0,1200.0,1,Weld,1,51.4,51.4,51.4,0.0,17.1,1370.4,1428.0,1479.4,51.4,57.6
2026-09-09 15:34:59,convoy_waves,SRT_SMPT,44,1530.46,19,0,1200.0,0,Mill,3,20.0,20.0,20.0,0.0,22.0,1272.0,1291.1,1311.1,20.0,19.1
2026-09-09 15:34:59,convoy_waves,SRT_SMPT,44,1530.46,19,0,1200.0,1,Weld,1,15.3,15.3,15.3,0.0,25.5,1352.7,1371.1,1386.4,15.3,18.4
2026-09-09 15:35:10,identical_batch,SRT_SMPT,42,393.02,0,0,0.0,0,Mill,3,20.0,20.0,20.0,0.0,18.6,31.0,31.0,51.0,20.0,0.0
2026-09-09 15:35:10,identical_batch,SRT_SMPT,42,393.02,0,0,0.0,1,Weld,1,40.0,40.0,40.0,0.0,21.6,101.3,101.3,141.4,40.0,0.0
2026-09-09 15:35:10,identical_batch,SRT_SMPT,42,393.02,1,0,0.0,0,Mill,3,20.0,20.0,20.0,0.0,23.8,43.5,51.0,71.0,20.0,7.5
2026-09-09 15:35:10,identical_batch,SRT_SMPT,42,393.02,1,0,0.0,1,Weld,1,40.0,40.0,40.0,0.0,26.8,113.7,141.4,181.4,40.0,27.7
2026-09-09 15:35:10,identical_batch,SRT_SMPT,42,393.02,2,0,0.0,0,Mill,3,20.0,20.0,20.0,0.0,25.6,53.2,71.0,91.1,20.0,17.8
2026-09-09 15:35:10,identical_batch,SRT_SMPT,42,393.02,2,0,0.0,1,Weld,1,40.0,40.0,40.0,0.0,25.5,140.0,181.4,221.4,40.0,41.4
2026-09-09 15:35:10,identical_batch,SRT_SMPT,42,393.02,3,0,0.0,0,Mill,3,20.0,20.0,20.0,0.0,25.1,61.4,91.1,111.1,20.0,29.7
2026-09-09 15:35:10,identical_batch,SRT_SMPT,42,393.02,3,0,0.0,1,Weld,1,40.0,40.0,40.0,0.0,25.5,159.2,221.4,261.4,40.0,62.2
2026-09-09 15:35:10,identical_batch,SRT_SMPT,42,393.02,4,0,0.0,0,Mill,3,20.0,20.0,20.0,0.0,26.6,72.6,111.1,131.1,20.0,38.5
2026-09-09 15:35:10,identical_batch,SRT_SMPT,42,393.02,4,0,0.0,1,Weld,1,40.0,40.0,40.0,0.0,26.2,186.0,261.4,301.4,40.0,75.4
2026-09-09 15:35:10,identical_batch,SRT_SMPT,42,393.02,5,0,0.0,0,Mill,3,20.0,20.0,20.0,0.0,29.5,95.1,131.2,151.2,20.0,36.1
2026-09-09 15:35:10,identical_batch,SRT_SMPT,42,393.02,5,0,0.0,1,Weld,1,40.0,40.0,40.0,0.0,21.8,200.8,301.4,341.5,40.0,100.7
2026-09-09 15:35:20,identical_batch,SRT_SMPT,43,393.02,0,0,0.0,0,Mill,3,20.0,20.0,20.0,0.0,18.6,31.0,31.0,51.0,20.0,0.0
2026-09-09 15:35:20,identical_batch,SRT_SMPT,43,393.02,0,0,0.0,1,Weld,1,40.0,40.0,40.0,0.0,21.6,101.3,101.3,141.4,40.0,0.0
2026-09-09 15:35:20,identical_batch,SRT_SMPT,43,393.02,1,0,0.0,0,Mill,3,20.0,20.0,20.0,0.0,23.8,43.5,51.0,71.0,20.0,7.5
2026-09-09 15:35:20,identical_batch,SRT_SMPT,43,393.02,1,0,0.0,1,Weld,1,40.0,40.0,40.0,0.0,26.8,113.7,141.4,181.4,40.0,27.7
2026-09-09 15:35:20,identical_batch,SRT_SMPT,43,393.02,2,0,0.0,0,Mill,3,20.0,20.0,20.0,0.0,25.6,53.2,71.0,91.1,20.0,17.8
2026-09-09 15:35:20,identical_batch,SRT_SMPT,43,393.02,2,0,0.0,1,Weld,1,40.0,40.0,40.0,0.0,25.5,140.0,181.4,221.4,40.0,41.4
2026-09-09 15:35:20,identical_batch,SRT_SMPT,43,393.02,3,0,0.0,0,Mill,3,20.0,20.0,20.0,0.0,25.1,61.4,91.1,111.1,20.0,29.7
2026-09-09 15:35:20,identical_batch,SRT_SMPT,43,393.02,3,0,0.0,1,Weld,1,40.0,40.0,40.0,0.0,25.5,159.2,221.4,261.4,40.0,62.2
2026-09-09 15:35:20,identical_batch,SRT_SMPT,43,393.02,4,0,0.0,0,Mill,3,20.0,20.0,20.0,0.0,26.6,72.6,111.1,131.1,20.0,38.5
2026-09-09 15:35:20,identical_batch,SRT_SMPT,43,393.02,4,0,0.0,1,Weld,1,40.0,40.0,40.0,0.0,26.2,186.0,261.4,301.4,40.0,75.4
2026-09-09 15:35:20,identical_batch,SRT_SMPT,43,393.02,5,0,0.0,0,Mill,3,20.0,20.0,20.0,0.0,29.5,95.1,131.2,151.2,20.0,36.1
2026-09-09 15:35:20,identical_batch,SRT_SMPT,43,393.02,5,0,0.0,1,Weld,1,40.0,40.0,40.0,0.0,21.8,200.8,301.4,341.5,40.0,100.7
2026-09-09 15:35:31,identical_batch,SRT_SMPT,44,393.02,0,0,0.0,0,Mill,3,20.0,20.0,20.0,0.0,18.6,31.0,31.0,51.0,20.0,0.0
2026-09-09 15:35:31,identical_batch,SRT_SMPT,44,393.02,0,0,0.0,1,Weld,1,40.0,40.0,40.0,0.0,21.6,101.3,101.3,141.4,40.0,0.0
2026-09-09 15:35:31,identical_batch,SRT_SMPT,44,393.02,1,0,0.0,0,Mill,3,20.0,20.0,20.0,0.0,23.8,43.5,51.0,71.0,20.0,7.5
2026-09-09 15:35:31,identical_batch,SRT_SMPT,44,393.02,1,0,0.0,1,Weld,1,40.0,40.0,40.0,0.0,26.8,113.7,141.4,181.4,40.0,27.7
2026-09-09 15:35:31,identical_batch,SRT_SMPT,44,393.02,2,0,0.0,0,Mill,3,20.0,20.0,20.0,0.0,25.6,53.2,71.0,91.1,20.0,17.8
2026-09-09 15:35:31,identical_batch,SRT_SMPT,44,393.02,2,0,0.0,1,Weld,1,40.0,40.0,40.0,0.0,25.5,140.0,181.4,221.4,40.0,41.4
2026-09-09 15:35:31,identical_batch,SRT_SMPT,44,393.02,3,0,0.0,0,Mill,3,20.0,20.0,20.0,0.0,25.1,61.4,91.1,111.1,20.0,29.7
2026-09-09 15:35:31,identical_batch,SRT_SMPT,44,393.02,3,0,0.0,1,Weld,1,40.0,40.0,40.0,0.0,25.5,159.2,221.4,261.4,40.0,62.2
2026-09-09 15:35:31,identical_batch,SRT_SMPT,44,393.02,4,0,0.0,0,Mill,3,20.0,20.0,20.0,0.0,26.6,72.6,111.1,131.1,20.0,38.5
2026-09-09 15:35:31,identical_batch,SRT_SMPT,44,393.02,4,0,0.0,1,Weld,1,40.0,40.0,40.0,0.0,26.2,186.0,261.4,301.4,40.0,75.4
2026-09-09 15:35:31,identical_batch,SRT_SMPT,44,393.02,5,0,0.0,0,Mill,3,20.0,20.0,20.0,0.0,29.5,95.1,131.2,151.2,20.0,36.1
2026-09-09 15:35:31,identical_batch,SRT_SMPT,44,393.02,5,0,0.0,1,Weld,1,40.0,40.0,40.0,0.0,21.8,200.8,301.4,341.5,40.0,100.7
2026-09-09 15:35:44,single_bottleneck,SRT_SMPT,42,522.78,0,0,0.0,0,Mill,3,20.0,20.0,20.0,0.0,18.6,31.0,31.0,51.0,20.0,0.0
2026-09-09 15:35:44,single_bottleneck,SRT_SMPT,42,522.78,0,0,0.0,1,Weld,1,61.2,61.2,61.2,0.0,27.5,119.2,119.2,180.3,61.2,0.0
2026-09-09 15:35:44,single_bottleneck,SRT_SMPT,42,522.78,1,0,0.0,0,Mill,3,20.0,20.0,20.0,0.0,18.6,38.3,51.0,71.0,20.0,12.7
2026-09-09 15:35:44,single_bottleneck,SRT_SMPT,42,522.78,1,0,0.0,1,Weld,1,12.0,12.0,12.0,0.0,29.4,106.7,106.7,118.8,12.0,0.0
2026-09-09 15:35:44,single_bottleneck,SRT_SMPT,42,522.78,2,0,0.0,0,Mill,3,20.0,20.0,20.0,0.0,20.7,48.3,111.1,131.1,20.0,62.8
2026-09-09 15:35:44,single_bottleneck,SRT_SMPT,42,522.78,2,0,0.0,1,Weld,1,32.0,32.0,32.0,0.0,26.0,187.1,225.2,257.2,32.0,38.1
2026-09-09 15:35:44,single_bottleneck,SRT_SMPT,42,522.78,3,0,0.0,0,Mill,3,20.0,20.0,20.0,0.0,33.7,84.5,91.1,111.1,20.0,6.6
2026-09-09 15:35:44,single_bottleneck,SRT_SMPT,42,522.78,3,0,0.0,1,Weld,1,27.9,27.9,27.9,0.0,36.4,160.6,197.3,225.2,27.9,36.7
2026-09-09 15:35:44,single_bottleneck,SRT_SMPT,42,522.78,4,0,0.0,0,Mill,3,20.0,20.0,20.0,0.0,38.1,98.6,151.2,171.2,20.0,52.6
2026-09-09 15:35:44,single_bottleneck,SRT_SMPT,42,522.78,4,0,0.0,1,Weld,1,68.9,68.9,68.9,0.0,33.3,240.9,321.4,390.3,68.9,80.5
2026-09-09 15:35:44,single_bottleneck,SRT_SMPT,42,522.78,5,0,0.0,0,Mill,3,20.0,20.0,20.0,0.0,35.5,105.7,131.2,151.2,20.0,25.4
2026-09-09 15:35:44,single_bottleneck,SRT_SMPT,42,522.78,5,0,0.0,1,Weld,1,64.1,64.1,64.1,0.0,33.3,207.0,257.2,321.4,64.2,50.3
2026-09-09 15:35:44,single_bottleneck,SRT_SMPT,42,522.78,6,0,0.0,0,Mill,3,20.0,20.0,20.0,0.0,26.6,67.9,171.2,191.3,20.0,103.4
2026-09-09 15:35:44,single_bottleneck,SRT_SMPT,42,522.78,6,0,0.0,1,Weld,1,81.4,81.4,81.4,0.0,32.7,255.5,390.3,471.7,81.4,134.9
2026-09-09 15:35:44,single_bottleneck,SRT_SMPT,42,522.78,7,0,0.0,0,Mill,3,20.0,20.0,20.0,0.0,21.7,58.1,71.0,91.1,20.0,13.0
2026-09-09 15:35:44,single_bottleneck,SRT_SMPT,42,522.78,7,0,0.0,1,Weld,1,17.0,17.0,17.0,0.0,28.3,141.3,180.3,197.3,17.0,39.0
2026-09-09 15:35:58,single_bottleneck,SRT_SMPT,43,522.78,0,0,0.0,0,Mill,3,20.0,20.0,20.0,0.0,18.6,31.0,31.0,51.0,20.0,0.0
2026-09-09 15:35:58,single_bottleneck,SRT_SMPT,43,522.78,0,0,0.0,1,Weld,1,61.2,61.2,61.2,0.0,27.5,119.2,119.2,180.3,61.2,0.0
2026-09-09 15:35:58,single_bottleneck,SRT_SMPT,43,522.78,1,0,0.0,0,Mill,3,20.0,20.0,20.0,0.0,18.6,38.3,51.0,71.0,20.0,12.7
2026-09-09 15:35:58,single_bottleneck,SRT_SMPT,43,522.78,1,0,0.0,1,Weld,1,12.0,12.0,12.0,0.0,29.4,106.7,106.7,118.8,12.0,0.0
2026-09-09 15:35:58,single_bottleneck,SRT_SMPT,43,522.78,2,0,0.0,0,Mill,3,20.0,20.0,20.0,0.0,20.7,48.3,111.1,131.1,20.0,62.8
2026-09-09 15:35:58,single_bottleneck,SRT_SMPT,43,522.78,2,0,0.0,1,Weld,1,32.0,32.0,32.0,0.0,26.0,187.1,225.2,257.2,32.0,38.1
2026-09-09 15:35:58,single_bottleneck,SRT_SMPT,43,522.78,3,0,0.0,0,Mill,3,20.0,20.0,20.0,0.0,33.7,84.5,91.1,111.1,20.0,6.6
2026-09-09 15:35:58,single_bottleneck,SRT_SMPT,43,522.78,3,0,0.0,1,Weld,1,27.9,27.9,27.9,0.0,36.4,160.6,197.3,225.2,27.9,36.7
2026-09-09 15:35:58,single_bottleneck,SRT_SMPT,43,522.78,4,0,0.0,0,Mill,3,20.0,20.0,20.0,0.0,38.1,98.6,151.2,171.2,20.0,52.6
2026-09-09 15:35:58,single_bottleneck,SRT_SMPT,43,522.78,4,0,0.0,1,Weld,1,68.9,68.9,68.9,0.0,33.3,240.9,321.4,390.3,68.9,80.5
2026-09-09 15:35:58,single_bottleneck,SRT_SMPT,43,522.78,5,0,0.0,0,Mill,3,20.0,20.0,20.0,0.0,35.5,105.7,131.2,151.2,20.0,25.4
2026-09-09 15:35:58,single_bottleneck,SRT_SMPT,43,522.78,5,0,0.0,1,Weld,1,64.1,64.1,64.1,0.0,33.3,207.0,257.2,321.4,64.2,50.3
2026-09-09 15:35:58,single_bottleneck,SRT_SMPT,43,522.78,6,0,0.0,0,Mill,3,20.0,20.0,20.0,0.0,26.6,67.9,171.2,191.3,20.0,103.4
2026-09-09 15:35:58,single_bottleneck,SRT_SMPT,43,522.78,6,0,0.0,1,Weld,1,81.4,81.4,81.4,0.0,32.7,255.5,390.3,471.7,81.4,134.9
2026-09-09 15:35:58,single_bottleneck,SRT_SMPT,43,522.78,7,0,0.0,0,Mill,3,20.0,20.0,20.0,0.0,21.7,58.1,71.0,91.1,20.0,13.0
2026-09-09 15:35:58,single_bottleneck,SRT_SMPT,43,522.78,7,0,0.0,1,Weld,1,17.0,17.0,17.0,0.0,28.3,141.3,180.3,197.3,17.0,39.0
2026-09-09 15:36:11,single_bottleneck,SRT_SMPT,44,522.78,0,0,0.0,0,Mill,3,20.0,20.0,20.0,0.0,18.6,31.0,31.0,51.0,20.0,0.0
2026-09-09 15:36:11,single_bottleneck,SRT_SMPT,44,522.78,0,0,0.0,1,Weld,1,61.2,61.2,61.2,0.0,27.5,119.2,119.2,180.3,61.2,0.0
2026-09-09 15:36:11,single_bottleneck,SRT_SMPT,44,522.78,1,0,0.0,0,Mill,3,20.0,20.0,20.0,0.0,18.6,38.3,51.0,71.0,20.0,12.7
2026-09-09 15:36:11,single_bottleneck,SRT_SMPT,44,522.78,1,0,0.0,1,Weld,1,12.0,12.0,12.0,0.0,29.4,106.7,106.7,118.8,12.0,0.0
2026-09-09 15:36:11,single_bottleneck,SRT_SMPT,44,522.78,2,0,0.0,0,Mill,3,20.0,20.0,20.0,0.0,20.7,48.3,111.1,131.1,20.0,62.8
2026-09-09 15:36:11,single_bottleneck,SRT_SMPT,44,522.78,2,0,0.0,1,Weld,1,32.0,32.0,32.0,0.0,26.0,187.1,225.2,257.2,32.0,38.1
2026-09-09 15:36:11,single_bottleneck,SRT_SMPT,44,522.78,3,0,0.0,0,Mill,3,20.0,20.0,20.0,0.0,33.7,84.5,91.1,111.1,20.0,6.6
2026-09-09 15:36:11,single_bottleneck,SRT_SMPT,44,522.78,3,0,0.0,1,Weld,1,27.9,27.9,27.9,0.0,36.4,160.6,197.3,225.2,27.9,36.7
2026-09-09 15:36:11,single_bottleneck,SRT_SMPT,44,522.78,4,0,0.0,0,Mill,3,20.0,20.0,20.0,0.0,38.1,98.6,151.2,171.2,20.0,52.6
2026-09-09 15:36:11,single_bottleneck,SRT_SMPT,44,522.78,4,0,0.0,1,Weld,1,68.9,68.9,68.9,0.0,33.3,240.9,321.4,390.3,68.9,80.5
2026-09-09 15:36:11,single_bottleneck,SRT_SMPT,44,522.78,5,0,0.0,0,Mill,3,20.0,20.0,20.0,0.0,35.5,105.7,131.2,151.2,20.0,25.4
2026-09-09 15:36:11,single_bottleneck,SRT_SMPT,44,522.78,5,0,0.0,1,Weld,1,64.1,64.1,64.1,0.0,33.3,207.0,257.2,321.4,64.2,50.3
2026-09-09 15:36:11,single_bottleneck,SRT_SMPT,44,522.78,6,0,0.0,0,Mill,3,20.0,20.0,20.0,0.0,26.6,67.9,171.2,191.3,20.0,103.4
2026-09-09 15:36:11,single_bottleneck,SRT_SMPT,44,522.78,6,0,0.0,1,Weld,1,81.4,81.4,81.4,0.0,32.7,255.5,390.3,471.7,81.4,134.9
2026-09-09 15:36:11,single_bottleneck,SRT_SMPT,44,522.78,7,0,0.0,0,Mill,3,20.0,20.0,20.0,0.0,21.7,58.1,71.0,91.1,20.0,13.0
2026-09-09 15:36:11,single_bottleneck,SRT_SMPT,44,522.78,7,0,0.0,1,Weld,1,17.0,17.0,17.0,0.0,28.3,141.3,180.3,197.3,17.0,39.0
2026-09-09 15:36:33,sparse_bottleneck_floor,SRT_SMPT,42,797.82,0,0,0.0,0,Mill,3,31.0,31.0,31.0,0.0,18.6,31.2,31.2,62.3,31.0,0.0
2026-09-09 15:36:33,sparse_bottleneck_floor,SRT_SMPT,42,797.82,0,0,0.0,1,Weld,1,16.1,16.1,16.1,0.0,48.0,118.9,118.9,135.0,16.2,0.0
2026-09-09 15:36:33,sparse_bottleneck_floor,SRT_SMPT,42,797.82,0,0,0.0,2,Assemble,3,21.9,21.9,21.9,0.0,51.7,213.8,213.8,235.7,21.9,0.0
2026-09-09 15:36:33,sparse_bottleneck_floor,SRT_SMPT,42,797.82,1,0,0.0,0,Mill,3,20.6,20.6,20.6,0.0,18.6,38.9,356.1,376.7,20.6,317.2
2026-09-09 15:36:33,sparse_bottleneck_floor,SRT_SMPT,42,797.82,1,0,0.0,1,Weld,1,48.1,48.1,48.1,0.0,44.8,450.7,480.3,528.4,48.2,29.6
2026-09-09 15:36:33,sparse_bottleneck_floor,SRT_SMPT,42,797.82,1,0,0.0,2,Assemble,3,31.9,31.9,31.9,0.0,39.8,574.1,574.1,606.0,31.9,0.0
2026-09-09 15:36:33,sparse_bottleneck_floor,SRT_SMPT,42,797.82,2,0,0.0,0,Mill,3,37.3,37.3,37.3,0.0,27.9,69.4,126.3,163.6,37.3,56.9
2026-09-09 15:36:33,sparse_bottleneck_floor,SRT_SMPT,42,797.82,2,0,0.0,1,Weld,1,18.9,18.9,18.9,0.0,44.6,210.4,222.1,241.1,18.9,11.7
2026-09-09 15:36:33,sparse_bottleneck_floor,SRT_SMPT,42,797.82,2,0,0.0,2,Assemble,3,25.6,25.6,25.6,0.0,44.2,311.7,313.5,339.1,25.6,1.8
2026-09-09 15:36:33,sparse_bottleneck_floor,SRT_SMPT,42,797.82,3,0,0.0,0,Mill,3,15.7,15.7,15.7,0.0,19.6,48.7,62.3,78.0,15.8,13.6
2026-09-09 15:36:33,sparse_bottleneck_floor,SRT_SMPT,42,797.82,3,0,0.0,1,Weld,1,24.8,24.8,24.8,0.0,44.1,130.8,135.0,159.9,24.9,4.3
2026-09-09 15:36:33,sparse_bottleneck_floor,SRT_SMPT,42,797.82,3,0,0.0,2,Assemble,3,27.6,27.6,27.6,0.0,59.3,228.9,235.7,263.3,27.7,6.7
2026-09-09 15:36:33,sparse_bottleneck_floor,SRT_SMPT,42,797.82,4,0,0.0,0,Mill,3,15.7,15.7,15.7,0.0,33.4,85.2,110.6,126.2,15.7,25.4
2026-09-09 15:36:33,sparse_bottleneck_floor,SRT_SMPT,42,797.82,4,0,0.0,1,Weld,1,24.0,24.0,24.0,0.0,51.9,198.1,198.1,222.1,24.0,0.0
2026-09-09 15:36:33,sparse_bottleneck_floor,SRT_SMPT,42,797.82,4,0,0.0,2,Assemble,3,31.3,31.3,31.3,0.0,37.2,267.5,282.2,313.5,31.3,14.7
2026-09-09 15:36:33,sparse_bottleneck_floor,SRT_SMPT,42,797.82,5,0,0.0,0,Mill,3,28.6,28.6,28.6,0.0,38.6,100.8,163.6,192.2,28.6,62.8
2026-09-09 15:36:33,sparse_bottleneck_floor,SRT_SMPT,42,797.82,5,0,0.0,1,Weld,1,24.9,24.9,24.9,0.0,46.9,244.1,244.1,269.1,24.9,0.0
2026-09-09 15:36:33,sparse_bottleneck_floor,SRT_SMPT,42,797.82,5,0,0.0,2,Assemble,3,29.7,29.7,29.7,0.0,46.0,319.5,339.1,368.9,29.8,19.6
2026-09-09 15:36:33,sparse_bottleneck_floor,SRT_SMPT,42,797.82,6,0,0.0,0,Mill,3,35.2,35.2,35.2,0.0,22.2,58.9,213.0,248.3,35.3,154.1
2026-09-09 15:36:33,sparse_bottleneck_floor,SRT_SMPT,42,797.82,6,0,0.0,1,Weld,1,15.3,15.3,15.3,0.0,50.8,301.3,301.3,316.7,15.3,0.0
2026-09-09 15:36:33,sparse_bottleneck_floor,SRT_SMPT,42,797.82,6,0,0.0,2,Assemble,3,35.2,35.2,35.2,0.0,41.1,397.6,397.6,432.8,35.2,0.0
2026-09-09 15:36:33,sparse_bottleneck_floor,SRT_SMPT,42,797.82,7,0,0.0,0,Mill,3,32.5,32.5,32.5,0.0,31.1,78.0,78.1,110.5,32.5,0.1
2026-09-09 15:36:33,sparse_bottleneck_floor,SRT_SMPT,42,797.82,7,0,0.0,1,Weld,1,30.3,30.3,30.3,0.0,39.4,155.9,159.9,190.3,30.3,4.0
2026-09-09 15:36:33,sparse_bottleneck_floor,SRT_SMPT,42,797.82,7,0,0.0,2,Assemble,3,18.9,18.9,18.9,0.0,44.2,236.7,263.3,282.2,18.9,26.6
2026-09-09 15:36:33,sparse_bottleneck_floor,SRT_SMPT,42,797.82,8,0,0.0,0,Mill,3,38.9,38.9,38.9,0.0,36.5,93.8,248.3,287.2,39.0,154.5
2026-09-09 15:36:33,sparse_bottleneck_floor,SRT_SMPT,42,797.82,8,0,0.0,1,Weld,1,30.2,30.2,30.2,0.0,38.9,407.5,418.0,448.2,30.2,10.5
2026-09-09 15:36:33,sparse_bottleneck_floor,SRT_SMPT,42,797.82,8,0,0.0,2,Assemble,3,17.3,17.3,17.3,0.0,45.2,512.3,512.3,529.7,17.3,0.0
2026-09-09 15:36:33,sparse_bottleneck_floor,SRT_SMPT,42,797.82,9,0,0.0,0,Mill,3,17.4,17.4,17.4,0.0,40.2,107.9,376.7,394.2,17.4,268.9
2026-09-09 15:36:33,sparse_bottleneck_floor,SRT_SMPT,42,797.82,9,0,0.0,1,Weld,1,53.1,53.1,53.1,0.0,44.8,507.5,619.2,672.4,53.2,111.7
2026-09-09 15:36:33,sparse_bottleneck_floor,SRT_SMPT,42,797.82,9,0,0.0,2,Assemble,3,30.1,30.1,30.1,0.0,37.2,711.8,711.8,741.9,30.1,0.0
2026-09-09 15:36:33,sparse_bottleneck_floor,SRT_SMPT,42,797.82,10,0,0.0,0,Mill,3,35.2,35.2,35.2,0.0,31.6,115.0,394.2,429.4,35.2,279.2
2026-09-09 15:36:33,sparse_bottleneck_floor,SRT_SMPT,42,797.82,10,0,0.0,1,Weld,1,47.8,47.8,47.8,0.0,38.9,494.5,528.5,576.3,47.9,34.0
2026-09-09 15:36:33,sparse_bottleneck_floor,SRT_SMPT,42,797.82,10,0,0.0,2,Assemble,3,28.4,28.4,28.4,0.0,42.4,621.0,634.8,663.3,28.4,13.8
2026-09-09 15:36:33,sparse_bottleneck_floor,SRT_SMPT,42,797.82,11,0,0.0,0,Mill,3,39.3,39.3,39.3,0.0,24.6,123.8,316.7,356.1,39.4,193.0
2026-09-09 15:36:33,sparse_bottleneck_floor,SRT_SMPT,42,797.82,11,0,0.0,1,Weld,1,32.0,32.0,32.0,0.0,45.4,443.4,448.2,480.3,32.1,4.8
2026-09-09 15:36:33,sparse_bottleneck_floor,SRT_SMPT,42,797.82,11,0,0.0,2,Assemble,3,28.8,28.8,28.8,0.0,47.0,588.8,606.0,634.8,28.8,17.2
2026-09-09 15:36:33,sparse_bottleneck_floor,SRT_SMPT,42,797.82,12,0,0.0,0,Mill,3,35.7,35.7,35.7,0.0,24.6,130.8,429.4,465.2,35.8,298.6
2026-09-09 15:36:33,sparse_bottleneck_floor,SRT_SMPT,42,797.82,12,0,0.0,1,Weld,1,42.8,42.8,42.8,0.0,43.0,555.6,576.3,619.2,42.9,20.7
2026-09-09 15:36:33,sparse_bottleneck_floor,SRT_SMPT,42,797.82,12,0,0.0,2,Assemble,3,36.5,36.5,36.5,0.0,52.8,674.2,674.2,710.8,36.6,0.0
2026-09-09 15:36:33,sparse_bottleneck_floor,SRT_SMPT,42,797.82,13,0,0.0,0,Mill,3,29.4,29.4,29.4,0.0,24.6,137.8,287.3,316.7,29.5,149.4
2026-09-09 15:36:33,sparse_bottleneck_floor,SRT_SMPT,42,797.82,13,0,0.0,1,Weld,1,46.7,46.7,46.7,0.0,43.5,371.2,371.2,418.0,46.7,0.0
2026-09-09 15:36:33,sparse_bottleneck_floor,SRT_SMPT,42,797.82,13,0,0.0,2,Assemble,3,16.2,16.2,16.2,0.0,46.8,491.7,491.7,507.9,16.2,0.0
2026-09-09 15:36:33,sparse_bottleneck_floor,SRT_SMPT,42,797.82,14,0,0.0,0,Mill,3,20.7,20.7,20.7,0.0,25.3,172.9,192.3,213.0,20.7,19.4
2026-09-09 15:36:33,sparse_bottleneck_floor,SRT_SMPT,42,797.82,14,0,0.0,1,Weld,1,28.0,28.0,28.0,0.0,70.3,335.9,335.9,363.9,28.0,0.0
2026-09-09 15:36:33,sparse_bottleneck_floor,SRT_SMPT,42,797.82,14,0,0.0,2,Assemble,3,17.0,17.0,17.0,0.0,40.0,434.2,434.2,451.2,17.0,0.0
2026-09-09 15:36:56,sparse_bottleneck_floor,SRT_SMPT,43,797.82,0,0,0.0,0,Mill,3,31.0,31.0,31.0,0.0,18.6,31.2,31.2,62.3,31.0,0.0
2026-09-09 15:36:56,sparse_bottleneck_floor,SRT_SMPT,43,797.82,0,0,0.0,1,Weld,1,16.1,16.1,16.1,0.0,48.0,118.9,118.9,135.0,16.2,0.0
2026-09-09 15:36:56,sparse_bottleneck_floor,SRT_SMPT,43,797.82,0,0,0.0,2,Assemble,3,21.9,21.9,21.9,0.0,51.7,213.8,213.8,235.7,21.9,0.0
2026-09-09 15:36:56,sparse_bottleneck_floor,SRT_SMPT,43,797.82,1,0,0.0,0,Mill,3,20.6,20.6,20.6,0.0,18.6,38.9,356.1,376.7,20.6,317.2
2026-09-09 15:36:56,sparse_bottleneck_floor,SRT_SMPT,43,797.82,1,0,0.0,1,Weld,1,48.1,48.1,48.1,0.0,44.8,450.7,480.3,528.4,48.2,29.6
2026-09-09 15:36:56,sparse_bottleneck_floor,SRT_SMPT,43,797.82,1,0,0.0,2,Assemble,3,31.9,31.9,31.9,0.0,39.8,574.1,574.1,606.0,31.9,0.0
2026-09-09 15:36:56,sparse_bottleneck_floor,SRT_SMPT,43,797.82,2,0,0.0,0,Mill,3,37.3,37.3,37.3,0.0,27.9,69.4,126.3,163.6,37.3,56.9
2026-09-09 15:36:56,sparse_bottleneck_floor,SRT_SMPT,43,797.82,2,0,0.0,1,Weld,1,18.9,18.9,18.9,0.0,44.6,210.4,222.1,241.1,18.9,11.7
2026-09-09 15:36:56,sparse_bottleneck_floor,SRT_SMPT,43,797.82,2,0,0.0,2,Assemble,3,25.6,25.6,25.6,0.0,44.2,311.7,313.5,339.1,25.6,1.8
2026-09-09 15:36:56,sparse_bottleneck_floor,SRT_SMPT,43,797.82,3,0,0.0,0,Mill,3,15.7,15.7,15.7,0.0,19.6,48.7,62.3,78.0,15.8,13.6
2026-09-09 15:36:56,sparse_bottleneck_floor,SRT_SMPT,43,797.82,3,0,0.0,1,Weld,1,24.8,24.8,24.8,0.0,44.1,130.8,135.0,159.9,24.9,4.3
2026-09-09 15:36:56,sparse_bottleneck_floor,SRT_SMPT,43,797.82,3,0,0.0,2,Assemble,3,27.6,27.6,27.6,0.0,59.3,228.9,235.7,263.3,27.7,6.7
2026-09-09 15:36:56,sparse_bottleneck_floor,SRT_SMPT,43,797.82,4,0,0.0,0,Mill,3,15.7,15.7,15.7,0.0,33.4,85.2,110.6,126.2,15.7,25.4
2026-09-09 15:36:56,sparse_bottleneck_floor,SRT_SMPT,43,797.82,4,0,0.0,1,Weld,1,24.0,24.0,24.0,0.0,51.9,198.1,198.1,222.1,24.0,0.0
2026-09-09 15:36:56,sparse_bottleneck_floor,SRT_SMPT,43,797.82,4,0,0.0,2,Assemble,3,31.3,31.3,31.3,0.0,37.2,267.5,282.2,313.5,31.3,14.7
2026-09-09 15:36:56,sparse_bottleneck_floor,SRT_SMPT,43,797.82,5,0,0.0,0,Mill,3,28.6,28.6,28.6,0.0,38.6,100.8,163.6,192.2,28.6,62.8
2026-09-09 15:36:56,sparse_bottleneck_floor,SRT_SMPT,43,797.82,5,0,0.0,1,Weld,1,24.9,24.9,24.9,0.0,46.9,244.1,244.1,269.1,24.9,0.0
2026-09-09 15:36:56,sparse_bottleneck_floor,SRT_SMPT,43,797.82,5,0,0.0,2,Assemble,3,29.7,29.7,29.7,0.0,46.0,319.5,339.1,368.9,29.8,19.6
2026-09-09 15:36:56,sparse_bottleneck_floor,SRT_SMPT,43,797.82,6,0,0.0,0,Mill,3,35.2,35.2,35.2,0.0,22.2,58.9,213.0,248.3,35.3,154.1
2026-09-09 15:36:56,sparse_bottleneck_floor,SRT_SMPT,43,797.82,6,0,0.0,1,Weld,1,15.3,15.3,15.3,0.0,50.8,301.3,301.3,316.7,15.3,0.0
2026-09-09 15:36:56,sparse_bottleneck_floor,SRT_SMPT,43,797.82,6,0,0.0,2,Assemble,3,35.2,35.2,35.2,0.0,41.1,397.6,397.6,432.8,35.2,0.0
2026-09-09 15:36:56,sparse_bottleneck_floor,SRT_SMPT,43,797.82,7,0,0.0,0,Mill,3,32.5,32.5,32.5,0.0,31.1,78.0,78.1,110.5,32.5,0.1
2026-09-09 15:36:56,sparse_bottleneck_floor,SRT_SMPT,43,797.82,7,0,0.0,1,Weld,1,30.3,30.3,30.3,0.0,39.4,155.9,159.9,190.3,30.3,4.0
2026-09-09 15:36:56,sparse_bottleneck_floor,SRT_SMPT,43,797.82,7,0,0.0,2,Assemble,3,18.9,18.9,18.9,0.0,44.2,236.7,263.3,282.2,18.9,26.6
2026-09-09 15:36:56,sparse_bottleneck_floor,SRT_SMPT,43,797.82,8,0,0.0,0,Mill,3,38.9,38.9,38.9,0.0,36.5,93.8,248.3,287.2,39.0,154.5
2026-09-09 15:36:56,sparse_bottleneck_floor,SRT_SMPT,43,797.82,8,0,0.0,1,Weld,1,30.2,30.2,30.2,0.0,38.9,407.5,418.0,448.2,30.2,10.5
2026-09-09 15:36:56,sparse_bottleneck_floor,SRT_SMPT,43,797.82,8,0,0.0,2,Assemble,3,17.3,17.3,17.3,0.0,45.2,512.3,512.3,529.7,17.3,0.0
2026-09-09 15:36:56,sparse_bottleneck_floor,SRT_SMPT,43,797.82,9,0,0.0,0,Mill,3,17.4,17.4,17.4,0.0,40.2,107.9,376.7,394.2,17.4,268.9
2026-09-09 15:36:56,sparse_bottleneck_floor,SRT_SMPT,43,797.82,9,0,0.0,1,Weld,1,53.1,53.1,53.1,0.0,44.8,507.5,619.2,672.4,53.2,111.7
2026-09-09 15:36:56,sparse_bottleneck_floor,SRT_SMPT,43,797.82,9,0,0.0,2,Assemble,3,30.1,30.1,30.1,0.0,37.2,711.8,711.8,741.9,30.1,0.0
2026-09-09 15:36:56,sparse_bottleneck_floor,SRT_SMPT,43,797.82,10,0,0.0,0,Mill,3,35.2,35.2,35.2,0.0,31.6,115.0,394.2,429.4,35.2,279.2
2026-09-09 15:36:56,sparse_bottleneck_floor,SRT_SMPT,43,797.82,10,0,0.0,1,Weld,1,47.8,47.8,47.8,0.0,38.9,494.5,528.5,576.3,47.9,34.0
2026-09-09 15:36:56,sparse_bottleneck_floor,SRT_SMPT,43,797.82,10,0,0.0,2,Assemble,3,28.4,28.4,28.4,0.0,42.4,621.0,634.8,663.3,28.4,13.8
2026-09-09 15:36:56,sparse_bottleneck_floor,SRT_SMPT,43,797.82,11,0,0.0,0,Mill,3,39.3,39.3,39.3,0.0,24.6,123.8,316.7,356.1,39.4,193.0
2026-09-09 15:36:56,sparse_bottleneck_floor,SRT_SMPT,43,797.82,11,0,0.0,1,Weld,1,32.0,32.0,32.0,0.0,45.4,443.4,448.2,480.3,32.1,4.8
2026-09-09 15:36:56,sparse_bottleneck_floor,SRT_SMPT,43,797.82,11,0,0.0,2,Assemble,3,28.8,28.8,28.8,0.0,47.0,588.8,606.0,634.8,28.8,17.2
2026-09-09 15:36:56,sparse_bottleneck_floor,SRT_SMPT,43,797.82,12,0,0.0,0,Mill,3,35.7,35.7,35.7,0.0,24.6,130.8,429.4,465.2,35.8,298.6
2026-09-09 15:36:56,sparse_bottleneck_floor,SRT_SMPT,43,797.82,12,0,0.0,1,Weld,1,42.8,42.8,42.8,0.0,43.0,555.6,576.3,619.2,42.9,20.7
2026-09-09 15:36:56,sparse_bottleneck_floor,SRT_SMPT,43,797.82,12,0,0.0,2,Assemble,3,36.5,36.5,36.5,0.0,52.8,674.2,674.2,710.8,36.6,0.0
2026-09-09 15:36:56,sparse_bottleneck_floor,SRT_SMPT,43,797.82,13,0,0.0,0,Mill,3,29.4,29.4,29.4,0.0,24.6,137.8,287.3,316.7,29.5,149.4
2026-09-09 15:36:56,sparse_bottleneck_floor,SRT_SMPT,43,797.82,13,0,0.0,1,Weld,1,46.7,46.7,46.7,0.0,43.5,371.2,371.2,418.0,46.7,0.0
2026-09-09 15:36:56,sparse_bottleneck_floor,SRT_SMPT,43,797.82,13,0,0.0,2,Assemble,3,16.2,16.2,16.2,0.0,46.8,491.7,491.7,507.9,16.2,0.0
2026-09-09 15:36:56,sparse_bottleneck_floor,SRT_SMPT,43,797.82,14,0,0.0,0,Mill,3,20.7,20.7,20.7,0.0,25.3,172.9,192.3,213.0,20.7,19.4
2026-09-09 15:36:56,sparse_bottleneck_floor,SRT_SMPT,43,797.82,14,0,0.0,1,Weld,1,28.0,28.0,28.0,0.0,70.3,335.9,335.9,363.9,28.0,0.0
2026-09-09 15:36:56,sparse_bottleneck_floor,SRT_SMPT,43,797.82,14,0,0.0,2,Assemble,3,17.0,17.0,17.0,0.0,40.0,434.2,434.2,451.2,17.0,0.0
2026-09-09 15:37:19,sparse_bottleneck_floor,SRT_SMPT,44,797.82,0,0,0.0,0,Mill,3,31.0,31.0,31.0,0.0,18.6,31.2,31.2,62.3,31.0,0.0
2026-09-09 15:37:19,sparse_bottleneck_floor,SRT_SMPT,44,797.82,0,0,0.0,1,Weld,1,16.1,16.1,16.1,0.0,48.0,118.9,118.9,135.0,16.2,0.0
2026-09-09 15:37:19,sparse_bottleneck_floor,SRT_SMPT,44,797.82,0,0,0.0,2,Assemble,3,21.9,21.9,21.9,0.0,51.7,213.8,213.8,235.7,21.9,0.0
2026-09-09 15:37:19,sparse_bottleneck_floor,SRT_SMPT,44,797.82,1,0,0.0,0,Mill,3,20.6,20.6,20.6,0.0,18.6,38.9,356.1,376.7,20.6,317.2
2026-09-09 15:37:19,sparse_bottleneck_floor,SRT_SMPT,44,797.82,1,0,0.0,1,Weld,1,48.1,48.1,48.1,0.0,44.8,450.7,480.3,528.4,48.2,29.6
2026-09-09 15:37:19,sparse_bottleneck_floor,SRT_SMPT,44,797.82,1,0,0.0,2,Assemble,3,31.9,31.9,31.9,0.0,39.8,574.1,574.1,606.0,31.9,0.0
2026-09-09 15:37:19,sparse_bottleneck_floor,SRT_SMPT,44,797.82,2,0,0.0,0,Mill,3,37.3,37.3,37.3,0.0,27.9,69.4,126.3,163.6,37.3,56.9
2026-09-09 15:37:19,sparse_bottleneck_floor,SRT_SMPT,44,797.82,2,0,0.0,1,Weld,1,18.9,18.9,18.9,0.0,44.6,210.4,222.1,241.1,18.9,11.7
2026-09-09 15:37:19,sparse_bottleneck_floor,SRT_SMPT,44,797.82,2,0,0.0,2,Assemble,3,25.6,25.6,25.6,0.0,44.2,311.7,313.5,339.1,25.6,1.8
2026-09-09 15:37:19,sparse_bottleneck_floor,SRT_SMPT,44,797.82,3,0,0.0,0,Mill,3,15.7,15.7,15.7,0.0,19.6,48.7,62.3,78.0,15.8,13.6
2026-09-09 15:37:19,sparse_bottleneck_floor,SRT_SMPT,44,797.82,3,0,0.0,1,Weld,1,24.8,24.8,24.8,0.0,44.1,130.8,135.0,159.9,24.9,4.3
2026-09-09 15:37:19,sparse_bottleneck_floor,SRT_SMPT,44,797.82,3,0,0.0,2,Assemble,3,27.6,27.6,27.6,0.0,59.3,228.9,235.7,263.3,27.7,6.7
2026-09-09 15:37:19,sparse_bottleneck_floor,SRT_SMPT,44,797.82,4,0,0.0,0,Mill,3,15.7,15.7,15.7,0.0,33.4,85.2,110.6,126.2,15.7,25.4
2026-09-09 15:37:19,sparse_bottleneck_floor,SRT_SMPT,44,797.82,4,0,0.0,1,Weld,1,24.0,24.0,24.0,0.0,51.9,198.1,198.1,222.1,24.0,0.0
2026-09-09 15:37:19,sparse_bottleneck_floor,SRT_SMPT,44,797.82,4,0,0.0,2,Assemble,3,31.3,31.3,31.3,0.0,37.2,267.5,282.2,313.5,31.3,14.7
2026-09-09 15:37:19,sparse_bottleneck_floor,SRT_SMPT,44,797.82,5,0,0.0,0,Mill,3,28.6,28.6,28.6,0.0,38.6,100.8,163.6,192.2,28.6,62.8
2026-09-09 15:37:19,sparse_bottleneck_floor,SRT_SMPT,44,797.82,5,0,0.0,1,Weld,1,24.9,24.9,24.9,0.0,46.9,244.1,244.1,269.1,24.9,0.0
2026-09-09 15:37:19,sparse_bottleneck_floor,SRT_SMPT,44,797.82,5,0,0.0,2,Assemble,3,29.7,29.7,29.7,0.0,46.0,319.5,339.1,368.9,29.8,19.6
2026-09-09 15:37:19,sparse_bottleneck_floor,SRT_SMPT,44,797.82,6,0,0.0,0,Mill,3,35.2,35.2,35.2,0.0,22.2,58.9,213.0,248.3,35.3,154.1
2026-09-09 15:37:19,sparse_bottleneck_floor,SRT_SMPT,44,797.82,6,0,0.0,1,Weld,1,15.3,15.3,15.3,0.0,50.8,301.3,301.3,316.7,15.3,0.0
2026-09-09 15:37:19,sparse_bottleneck_floor,SRT_SMPT,44,797.82,6,0,0.0,2,Assemble,3,35.2,35.2,35.2,0.0,41.1,397.6,397.6,432.8,35.2,0.0
2026-09-09 15:37:19,sparse_bottleneck_floor,SRT_SMPT,44,797.82,7,0,0.0,0,Mill,3,32.5,32.5,32.5,0.0,31.1,78.0,78.1,110.5,32.5,0.1
2026-09-09 15:37:19,sparse_bottleneck_floor,SRT_SMPT,44,797.82,7,0,0.0,1,Weld,1,30.3,30.3,30.3,0.0,39.4,155.9,159.9,190.3,30.3,4.0
2026-09-09 15:37:19,sparse_bottleneck_floor,SRT_SMPT,44,797.82,7,0,0.0,2,Assemble,3,18.9,18.9,18.9,0.0,44.2,236.7,263.3,282.2,18.9,26.6
2026-09-09 15:37:19,sparse_bottleneck_floor,SRT_SMPT,44,797.82,8,0,0.0,0,Mill,3,38.9,38.9,38.9,0.0,36.5,93.8,248.3,287.2,39.0,154.5
2026-09-09 15:37:19,sparse_bottleneck_floor,SRT_SMPT,44,797.82,8,0,0.0,1,Weld,1,30.2,30.2,30.2,0.0,38.9,407.5,418.0,448.2,30.2,10.5
2026-09-09 15:37:19,sparse_bottleneck_floor,SRT_SMPT,44,797.82,8,0,0.0,2,Assemble,3,17.3,17.3,17.3,0.0,45.2,512.3,512.3,529.7,17.3,0.0
2026-09-09 15:37:19,sparse_bottleneck_floor,SRT_SMPT,44,797.82,9,0,0.0,0,Mill,3,17.4,17.4,17.4,0.0,40.2,107.9,376.7,394.2,17.4,268.9
2026-09-09 15:37:19,sparse_bottleneck_floor,SRT_SMPT,44,797.82,9,0,0.0,1,Weld,1,53.1,53.1,53.1,0.0,44.8,507.5,619.2,672.4,53.2,111.7
2026-09-09 15:37:19,sparse_bottleneck_floor,SRT_SMPT,44,797.82,9,0,0.0,2,Assemble,3,30.1,30.1,30.1,0.0,37.2,711.8,711.8,741.9,30.1,0.0
2026-09-09 15:37:19,sparse_bottleneck_floor,SRT_SMPT,44,797.82,10,0,0.0,0,Mill,3,35.2,35.2,35.2,0.0,31.6,115.0,394.2,429.4,35.2,279.2
2026-09-09 15:37:19,sparse_bottleneck_floor,SRT_SMPT,44,797.82,10,0,0.0,1,Weld,1,47.8,47.8,47.8,0.0,38.9,494.5,528.5,576.3,47.9,34.0
2026-09-09 15:37:19,sparse_bottleneck_floor,SRT_SMPT,44,797.82,10,0,0.0,2,Assemble,3,28.4,28.4,28.4,0.0,42.4,621.0,634.8,663.3,28.4,13.8
2026-09-09 15:37:19,sparse_bottleneck_floor,SRT_SMPT,44,797.82,11,0,0.0,0,Mill,3,39.3,39.3,39.3,0.0,24.6,123.8,316.7,356.1,39.4,193.0
2026-09-09 15:37:19,sparse_bottleneck_floor,SRT_SMPT,44,797.82,11,0,0.0,1,Weld,1,32.0,32.0,32.0,0.0,45.4,443.4,448.2,480.3,32.1,4.8
2026-09-09 15:37:19,sparse_bottleneck_floor,SRT_SMPT,44,797.82,11,0,0.0,2,Assemble,3,28.8,28.8,28.8,0.0,47.0,588.8,606.0,634.8,28.8,17.2
2026-09-09 15:37:19,sparse_bottleneck_floor,SRT_SMPT,44,797.82,12,0,0.0,0,Mill,3,35.7,35.7,35.7,0.0,24.6,130.8,429.4,465.2,35.8,298.6
2026-09-09 15:37:19,sparse_bottleneck_floor,SRT_SMPT,44,797.82,12,0,0.0,1,Weld,1,42.8,42.8,42.8,0.0,43.0,555.6,576.3,619.2,42.9,20.7
2026-09-09 15:37:19,sparse_bottleneck_floor,SRT_SMPT,44,797.82,12,0,0.0,2,Assemble,3,36.5,36.5,36.5,0.0,52.8,674.2,674.2,710.8,36.6,0.0
2026-09-09 15:37:19,sparse_bottleneck_floor,SRT_SMPT,44,797.82,13,0,0.0,0,Mill,3,29.4,29.4,29.4,0.0,24.6,137.8,287.3,316.7,29.5,149.4
2026-09-09 15:37:19,sparse_bottleneck_floor,SRT_SMPT,44,797.82,13,0,0.0,1,Weld,1,46.7,46.7,46.7,0.0,43.5,371.2,371.2,418.0,46.7,0.0
2026-09-09 15:37:19,sparse_bottleneck_floor,SRT_SMPT,44,797.82,13,0,0.0,2,Assemble,3,16.2,16.2,16.2,0.0,46.8,491.7,491.7,507.9,16.2,0.0
2026-09-09 15:37:19,sparse_bottleneck_floor,SRT_SMPT,44,797.82,14,0,0.0,0,Mill,3,20.7,20.7,20.7,0.0,25.3,172.9,192.3,213.0,20.7,19.4
2026-09-09 15:37:19,sparse_bottleneck_floor,SRT_SMPT,44,797.82,14,0,0.0,1,Weld,1,28.0,28.0,28.0,0.0,70.3,335.9,335.9,363.9,28.0,0.0
2026-09-09 15:37:19,sparse_bottleneck_floor,SRT_SMPT,44,797.82,14,0,0.0,2,Assemble,3,17.0,17.0,17.0,0.0,40.0,434.2,434.2,451.2,17.0,0.0
2026-09-09 15:37:32,two_machine_standoff,SRT_SMPT,42,479.6,0,0,0.0,0,Mill,3,20.0,20.0,20.0,0.0,18.6,31.0,31.0,51.0,20.0,0.0
2026-09-09 15:37:32,two_machine_standoff,SRT_SMPT,42,479.6,0,0,0.0,1,Weld,2,43.8,43.8,43.8,0.0,37.7,97.9,97.9,141.7,43.8,0.0
2026-09-09 15:37:32,two_machine_standoff,SRT_SMPT,42,479.6,1,0,0.0,0,Mill,3,20.0,20.0,20.0,0.0,18.6,38.3,51.0,71.0,20.0,12.7
2026-09-09 15:37:32,two_machine_standoff,SRT_SMPT,42,479.6,1,0,0.0,1,Weld,2,16.1,16.1,16.1,0.0,54.2,129.2,141.7,157.8,16.2,12.5
2026-09-09 15:37:32,two_machine_standoff,SRT_SMPT,42,479.6,2,0,0.0,0,Mill,3,20.0,20.0,20.0,0.0,20.7,48.3,131.2,151.2,20.0,82.9
2026-09-09 15:37:32,two_machine_standoff,SRT_SMPT,42,479.6,2,0,0.0,1,Weld,2,27.4,27.4,27.4,0.0,30.4,183.9,199.2,226.6,27.4,15.4
2026-09-09 15:37:32,two_machine_standoff,SRT_SMPT,42,479.6,3,0,0.0,0,Mill,3,20.0,20.0,20.0,0.0,37.6,88.9,91.1,111.1,20.0,2.2
2026-09-09 15:37:32,two_machine_standoff,SRT_SMPT,42,479.6,3,0,0.0,1,Weld,2,25.0,25.0,25.0,0.0,36.9,149.7,157.8,182.9,25.1,8.1
2026-09-09 15:37:32,two_machine_standoff,SRT_SMPT,42,479.6,4,0,0.0,0,Mill,3,20.0,20.0,20.0,0.0,58.4,119.9,191.3,211.3,20.0,71.3
2026-09-09 15:37:32,two_machine_standoff,SRT_SMPT,42,479.6,4,0,0.0,1,Weld,2,48.1,48.1,48.1,0.0,31.0,244.5,325.1,373.2,48.2,80.6
2026-09-09 15:37:32,two_machine_standoff,SRT_SMPT,42,479.6,5,0,0.0,0,Mill,3,20.0,20.0,20.0,0.0,69.3,140.6,171.2,191.3,20.0,30.7
2026-09-09 15:37:32,two_machine_standoff,SRT_SMPT,42,479.6,5,0,0.0,1,Weld,2,45.5,45.5,45.5,0.0,39.3,232.8,245.6,291.1,45.5,12.8
2026-09-09 15:37:32,two_machine_standoff,SRT_SMPT,42,479.6,6,0,0.0,0,Mill,3,20.0,20.0,20.0,0.0,27.7,68.9,211.3,231.3,20.0,142.4
2026-09-09 15:37:32,two_machine_standoff,SRT_SMPT,42,479.6,6,0,0.0,1,Weld,2,55.2,55.2,55.2,0.0,28.9,268.1,373.2,428.4,55.2,105.1
2026-09-09 15:37:32,two_machine_standoff,SRT_SMPT,42,479.6,7,0,0.0,0,Mill,3,20.0,20.0,20.0,0.0,22.2,58.6,71.0,91.1,20.0,12.4
2026-09-09 15:37:32,two_machine_standoff,SRT_SMPT,42,479.6,7,0,0.0,1,Weld,2,18.9,18.9,18.9,0.0,42.4,203.0,226.6,245.6,18.9,23.7
2026-09-09 15:37:32,two_machine_standoff,SRT_SMPT,42,479.6,8,0,0.0,0,Mill,3,20.0,20.0,20.0,0.0,35.2,81.9,151.2,171.2,20.0,69.3
2026-09-09 15:37:32,two_machine_standoff,SRT_SMPT,42,479.6,8,0,0.0,1,Weld,2,34.0,34.0,34.0,0.0,31.2,256.3,291.1,325.1,34.0,34.8
2026-09-09 15:37:32,two_machine_standoff,SRT_SMPT,42,479.6,9,0,0.0,0,Mill,3,20.0,20.0,20.0,0.0,39.1,96.0,111.1,131.1,20.0,15.2
2026-09-09 15:37:32,two_machine_standoff,SRT_SMPT,42,479.6,9,0,0.0,1,Weld,2,16.3,16.3,16.3,0.0,36.4,169.8,182.9,199.2,16.4,13.1
2026-09-09 15:37:45,two_machine_standoff,SRT_SMPT,43,479.6,0,0,0.0,0,Mill,3,20.0,20.0,20.0,0.0,18.6,31.0,31.0,51.0,20.0,0.0
2026-09-09 15:37:45,two_machine_standoff,SRT_SMPT,43,479.6,0,0,0.0,1,Weld,2,43.8,43.8,43.8,0.0,37.7,97.9,97.9,141.7,43.8,0.0
2026-09-09 15:37:45,two_machine_standoff,SRT_SMPT,43,479.6,1,0,0.0,0,Mill,3,20.0,20.0,20.0,0.0,18.6,38.3,51.0,71.0,20.0,12.7
2026-09-09 15:37:45,two_machine_standoff,SRT_SMPT,43,479.6,1,0,0.0,1,Weld,2,16.1,16.1,16.1,0.0,54.2,129.2,141.7,157.8,16.2,12.5
2026-09-09 15:37:45,two_machine_standoff,SRT_SMPT,43,479.6,2,0,0.0,0,Mill,3,20.0,20.0,20.0,0.0,20.7,48.3,131.2,151.2,20.0,82.9
2026-09-09 15:37:45,two_machine_standoff,SRT_SMPT,43,479.6,2,0,0.0,1,Weld,2,27.4,27.4,27.4,0.0,30.4,183.9,199.2,226.6,27.4,15.4
2026-09-09 15:37:45,two_machine_standoff,SRT_SMPT,43,479.6,3,0,0.0,0,Mill,3,20.0,20.0,20.0,0.0,37.6,88.9,91.1,111.1,20.0,2.2
2026-09-09 15:37:45,two_machine_standoff,SRT_SMPT,43,479.6,3,0,0.0,1,Weld,2,25.0,25.0,25.0,0.0,36.9,149.7,157.8,182.9,25.1,8.1
2026-09-09 15:37:45,two_machine_standoff,SRT_SMPT,43,479.6,4,0,0.0,0,Mill,3,20.0,20.0,20.0,0.0,58.4,119.9,191.3,211.3,20.0,71.3
2026-09-09 15:37:45,two_machine_standoff,SRT_SMPT,43,479.6,4,0,0.0,1,Weld,2,48.1,48.1,48.1,0.0,31.0,244.5,325.1,373.2,48.2,80.6
2026-09-09 15:37:45,two_machine_standoff,SRT_SMPT,43,479.6,5,0,0.0,0,Mill,3,20.0,20.0,20.0,0.0,69.3,140.6,171.2,191.3,20.0,30.7
2026-09-09 15:37:45,two_machine_standoff,SRT_SMPT,43,479.6,5,0,0.0,1,Weld,2,45.5,45.5,45.5,0.0,39.3,232.8,245.6,291.1,45.5,12.8
2026-09-09 15:37:45,two_machine_standoff,SRT_SMPT,43,479.6,6,0,0.0,0,Mill,3,20.0,20.0,20.0,0.0,27.7,68.9,211.3,231.3,20.0,142.4
2026-09-09 15:37:45,two_machine_standoff,SRT_SMPT,43,479.6,6,0,0.0,1,Weld,2,55.2,55.2,55.2,0.0,28.9,268.1,373.2,428.4,55.2,105.1
2026-09-09 15:37:45,two_machine_standoff,SRT_SMPT,43,479.6,7,0,0.0,0,Mill,3,20.0,20.0,20.0,0.0,22.2,58.6,71.0,91.1,20.0,12.4
2026-09-09 15:37:45,two_machine_standoff,SRT_SMPT,43,479.6,7,0,0.0,1,Weld,2,18.9,18.9,18.9,0.0,42.4,203.0,226.6,245.6,18.9,23.7
2026-09-09 15:37:45,two_machine_standoff,SRT_SMPT,43,479.6,8,0,0.0,0,Mill,3,20.0,20.0,20.0,0.0,35.2,81.9,151.2,171.2,20.0,69.3
2026-09-09 15:37:45,two_machine_standoff,SRT_SMPT,43,479.6,8,0,0.0,1,Weld,2,34.0,34.0,34.0,0.0,31.2,256.3,291.1,325.1,34.0,34.8
2026-09-09 15:37:45,two_machine_standoff,SRT_SMPT,43,479.6,9,0,0.0,0,Mill,3,20.0,20.0,20.0,0.0,39.1,96.0,111.1,131.1,20.0,15.2
2026-09-09 15:37:45,two_machine_standoff,SRT_SMPT,43,479.6,9,0,0.0,1,Weld,2,16.3,16.3,16.3,0.0,36.4,169.8,182.9,199.2,16.4,13.1
2026-09-09 15:37:58,two_machine_standoff,SRT_SMPT,44,479.6,0,0,0.0,0,Mill,3,20.0,20.0,20.0,0.0,18.6,31.0,31.0,51.0,20.0,0.0
2026-09-09 15:37:58,two_machine_standoff,SRT_SMPT,44,479.6,0,0,0.0,1,Weld,2,43.8,43.8,43.8,0.0,37.7,97.9,97.9,141.7,43.8,0.0
2026-09-09 15:37:58,two_machine_standoff,SRT_SMPT,44,479.6,1,0,0.0,0,Mill,3,20.0,20.0,20.0,0.0,18.6,38.3,51.0,71.0,20.0,12.7
2026-09-09 15:37:58,two_machine_standoff,SRT_SMPT,44,479.6,1,0,0.0,1,Weld,2,16.1,16.1,16.1,0.0,54.2,129.2,141.7,157.8,16.2,12.5
2026-09-09 15:37:58,two_machine_standoff,SRT_SMPT,44,479.6,2,0,0.0,0,Mill,3,20.0,20.0,20.0,0.0,20.7,48.3,131.2,151.2,20.0,82.9
2026-09-09 15:37:58,two_machine_standoff,SRT_SMPT,44,479.6,2,0,0.0,1,Weld,2,27.4,27.4,27.4,0.0,30.4,183.9,199.2,226.6,27.4,15.4
2026-09-09 15:37:58,two_machine_standoff,SRT_SMPT,44,479.6,3,0,0.0,0,Mill,3,20.0,20.0,20.0,0.0,37.6,88.9,91.1,111.1,20.0,2.2
2026-09-09 15:37:58,two_machine_standoff,SRT_SMPT,44,479.6,3,0,0.0,1,Weld,2,25.0,25.0,25.0,0.0,36.9,149.7,157.8,182.9,25.1,8.1
2026-09-09 15:37:58,two_machine_standoff,SRT_SMPT,44,479.6,4,0,0.0,0,Mill,3,20.0,20.0,20.0,0.0,58.4,119.9,191.3,211.3,20.0,71.3
2026-09-09 15:37:58,two_machine_standoff,SRT_SMPT,44,479.6,4,0,0.0,1,Weld,2,48.1,48.1,48.1,0.0,31.0,244.5,325.1,373.2,48.2,80.6
2026-09-09 15:37:58,two_machine_standoff,SRT_SMPT,44,479.6,5,0,0.0,0,Mill,3,20.0,20.0,20.0,0.0,69.3,140.6,171.2,191.3,20.0,30.7
2026-09-09 15:37:58,two_machine_standoff,SRT_SMPT,44,479.6,5,0,0.0,1,Weld,2,45.5,45.5,45.5,0.0,39.3,232.8,245.6,291.1,45.5,12.8
2026-09-09 15:37:58,two_machine_standoff,SRT_SMPT,44,479.6,6,0,0.0,0,Mill,3,20.0,20.0,20.0,0.0,27.7,68.9,211.3,231.3,20.0,142.4
2026-09-09 15:37:58,two_machine_standoff,SRT_SMPT,44,479.6,6,0,0.0,1,Weld,2,55.2,55.2,55.2,0.0,28.9,268.1,373.2,428.4,55.2,105.1
2026-09-09 15:37:58,two_machine_standoff,SRT_SMPT,44,479.6,7,0,0.0,0,Mill,3,20.0,20.0,20.0,0.0,22.2,58.6,71.0,91.1,20.0,12.4
2026-09-09 15:37:58,two_machine_standoff,SRT_SMPT,44,479.6,7,0,0.0,1,Weld,2,18.9,18.9,18.9,0.0,42.4,203.0,226.6,245.6,18.9,23.7
2026-09-09 15:37:58,two_machine_standoff,SRT_SMPT,44,479.6,8,0,0.0,0,Mill,3,20.0,20.0,20.0,0.0,35.2,81.9,151.2,171.2,20.0,69.3
2026-09-09 15:37:58,two_machine_standoff,SRT_SMPT,44,479.6,8,0,0.0,1,Weld,2,34.0,34.0,34.0,0.0,31.2,256.3,291.1,325.1,34.0,34.8
2026-09-09 15:37:58,two_machine_standoff,SRT_SMPT,44,479.6,9,0,0.0,0,Mill,3,20.0,20.0,20.0,0.0,39.1,96.0,111.1,131.1,20.0,15.2
2026-09-09 15:37:58,two_machine_standoff,SRT_SMPT,44,479.6,9,0,0.0,1,Weld,2,16.3,16.3,16.3,0.0,36.4,169.8,182.9,199.2,16.4,13.1
2026-09-09 15:38:06,zero_contention,SRT_SMPT,42,268.82,0,0,0.0,0,Mill,1,39.2,39.2,39.2,0.0,18.6,31.0,31.0,70.2,39.2,0.0
2026-09-09 15:38:06,zero_contention,SRT_SMPT,42,268.82,0,0,0.0,1,Lathe,1,20.8,20.8,20.8,0.0,20.7,116.5,116.5,137.2,20.8,0.0
2026-09-09 15:38:06,zero_contention,SRT_SMPT,42,268.82,0,0,0.0,2,Weld,1,28.3,28.3,28.3,0.0,20.8,171.1,171.1,199.3,28.3,0.0
2026-09-09 15:38:06,zero_contention,SRT_SMPT,42,268.82,1,0,0.0,0,Mill,1,26.7,26.7,26.7,0.0,16.8,36.6,36.6,63.3,26.7,0.0
2026-09-09 15:38:06,zero_contention,SRT_SMPT,42,268.82,1,0,0.0,1,Lathe,1,42.1,42.1,42.1,0.0,20.8,98.4,98.4,140.6,42.1,0.0
2026-09-09 15:38:06,zero_contention,SRT_SMPT,42,268.82,1,0,0.0,2,Weld,1,40.3,40.3,40.3,0.0,20.6,177.0,177.0,217.3,40.3,0.0
2026-09-09 15:38:06,zero_contention,SRT_SMPT,42,268.82,2,0,0.0,0,Mill,1,46.8,46.8,46.8,0.0,43.3,70.9,70.9,117.7,46.8,0.0
2026-09-09 15:38:06,zero_contention,SRT_SMPT,42,268.82,2,0,0.0,1,Lathe,1,22.6,22.6,22.6,0.0,4.7,124.6,124.6,147.2,22.6,0.0
2026-09-09 15:38:06,zero_contention,SRT_SMPT,42,268.82,2,0,0.0,2,Weld,1,32.7,32.7,32.7,0.0,13.0,168.7,168.7,201.4,32.7,0.0
2026-09-09 15:38:13,zero_contention,SRT_SMPT,43,268.82,0,0,0.0,0,Mill,1,39.2,39.2,39.2,0.0,18.6,31.0,31.0,70.2,39.2,0.0
2026-09-09 15:38:13,zero_contention,SRT_SMPT,43,268.82,0,0,0.0,1,Lathe,1,20.8,20.8,20.8,0.0,20.7,116.5,116.5,137.2,20.8,0.0
2026-09-09 15:38:13,zero_contention,SRT_SMPT,43,268.82,0,0,0.0,2,Weld,1,28.3,28.3,28.3,0.0,20.8,171.1,171.1,199.3,28.3,0.0
2026-09-09 15:38:13,zero_contention,SRT_SMPT,43,268.82,1,0,0.0,0,Mill,1,26.7,26.7,26.7,0.0,16.8,36.6,36.6,63.3,26.7,0.0
2026-09-09 15:38:13,zero_contention,SRT_SMPT,43,268.82,1,0,0.0,1,Lathe,1,42.1,42.1,42.1,0.0,20.8,98.4,98.4,140.6,42.1,0.0
2026-09-09 15:38:13,zero_contention,SRT_SMPT,43,268.82,1,0,0.0,2,Weld,1,40.3,40.3,40.3,0.0,20.6,177.0,177.0,217.3,40.3,0.0
2026-09-09 15:38:13,zero_contention,SRT_SMPT,43,268.82,2,0,0.0,0,Mill,1,46.8,46.8,46.8,0.0,43.3,70.9,70.9,117.7,46.8,0.0
2026-09-09 15:38:13,zero_contention,SRT_SMPT,43,268.82,2,0,0.0,1,Lathe,1,22.6,22.6,22.6,0.0,4.7,124.6,124.6,147.2,22.6,0.0
2026-09-09 15:38:13,zero_contention,SRT_SMPT,43,268.82,2,0,0.0,2,Weld,1,32.7,32.7,32.7,0.0,13.0,168.7,168.7,201.4,32.7,0.0
2026-09-09 15:38:20,zero_contention,SRT_SMPT,44,268.82,0,0,0.0,0,Mill,1,39.2,39.2,39.2,0.0,18.6,31.0,31.0,70.2,39.2,0.0
2026-09-09 15:38:20,zero_contention,SRT_SMPT,44,268.82,0,0,0.0,1,Lathe,1,20.8,20.8,20.8,0.0,20.7,116.5,116.5,137.2,20.8,0.0
2026-09-09 15:38:20,zero_contention,SRT_SMPT,44,268.82,0,0,0.0,2,Weld,1,28.3,28.3,28.3,0.0,20.8,171.1,171.1,199.3,28.3,0.0
2026-09-09 15:38:20,zero_contention,SRT_SMPT,44,268.82,1,0,0.0,0,Mill,1,26.7,26.7,26.7,0.0,16.8,36.6,36.6,63.3,26.7,0.0
2026-09-09 15:38:20,zero_contention,SRT_SMPT,44,268.82,1,0,0.0,1,Lathe,1,42.1,42.1,42.1,0.0,20.8,98.4,98.4,140.6,42.1,0.0
2026-09-09 15:38:20,zero_contention,SRT_SMPT,44,268.82,1,0,0.0,2,Weld,1,40.3,40.3,40.3,0.0,20.6,177.0,177.0,217.3,40.3,0.0
2026-09-09 15:38:20,zero_contention,SRT_SMPT,44,268.82,2,0,0.0,0,Mill,1,46.8,46.8,46.8,0.0,43.3,70.9,70.9,117.7,46.8,0.0
2026-09-09 15:38:20,zero_contention,SRT_SMPT,44,268.82,2,0,0.0,1,Lathe,1,22.6,22.6,22.6,0.0,4.7,124.6,124.6,147.2,22.6,0.0
2026-09-09 15:38:20,zero_contention,SRT_SMPT,44,268.82,2,0,0.0,2,Weld,1,32.7,32.7,32.7,0.0,13.0,168.7,168.7,201.4,32.7,0.0
2026-09-09 15:28:57,bimodal_mix,SRT_SRWT,42,711.08,0,0,0.0,0,Weld,1,150.0,150.0,150.0,0.0,13.2,25.6,25.6,175.6,150.0,0.0
2026-09-09 15:28:57,bimodal_mix,SRT_SRWT,42,711.08,1,0,0.0,0,Weld,1,150.0,150.0,150.0,0.0,13.5,33.2,411.8,561.8,150.0,378.5
2026-09-09 15:28:57,bimodal_mix,SRT_SRWT,42,711.08,2,0,5.0,0,Weld,1,10.3,10.3,10.3,0.0,13.2,40.9,318.4,328.7,10.3,277.6
2026-09-09 15:28:57,bimodal_mix,SRT_SRWT,42,711.08,3,0,13.0,0,Weld,1,9.1,9.1,9.1,0.0,18.2,64.5,175.6,184.7,9.1,111.1
2026-09-09 15:28:57,bimodal_mix,SRT_SRWT,42,711.08,4,0,21.0,0,Weld,1,9.6,9.6,9.6,0.0,13.2,50.0,258.9,268.5,9.6,209.0
2026-09-09 15:28:57,bimodal_mix,SRT_SRWT,42,711.08,5,0,29.0,0,Weld,1,9.5,9.5,9.5,0.0,27.3,94.5,249.5,258.9,9.5,155.0
2026-09-09 15:28:57,bimodal_mix,SRT_SRWT,42,711.08,6,0,37.0,0,Weld,1,10.5,10.5,10.5,0.0,23.1,79.9,369.2,379.7,10.5,289.3
2026-09-09 15:28:57,bimodal_mix,SRT_SRWT,42,711.08,7,0,45.0,0,Weld,1,10.4,10.4,10.4,0.0,20.2,72.2,348.4,358.8,10.4,276.2
2026-09-09 15:28:57,bimodal_mix,SRT_SRWT,42,711.08,8,0,53.0,0,Weld,1,10.8,10.8,10.8,0.0,48.6,110.9,401.0,411.8,10.8,290.1
2026-09-09 15:28:57,bimodal_mix,SRT_SRWT,42,711.08,9,0,61.0,0,Weld,1,9.2,9.2,9.2,0.0,53.1,125.7,202.9,212.1,9.2,77.2
2026-09-09 15:28:57,bimodal_mix,SRT_SRWT,42,711.08,10,0,69.0,0,Weld,1,9.8,9.8,9.8,0.0,55.1,133.2,268.5,278.4,9.9,135.3
2026-09-09 15:28:57,bimodal_mix,SRT_SRWT,42,711.08,11,0,77.0,0,Weld,1,9.1,9.1,9.1,0.0,31.7,121.0,193.8,202.9,9.1,72.8
2026-09-09 15:28:57,bimodal_mix,SRT_SRWT,42,711.08,12,0,85.0,0,Weld,1,9.4,9.4,9.4,0.0,34.0,128.8,230.5,240.0,9.5,101.8
2026-09-09 15:28:57,bimodal_mix,SRT_SRWT,42,711.08,13,0,93.0,0,Weld,1,10.0,10.0,10.0,0.0,20.0,144.0,278.4,288.4,10.0,134.4
2026-09-09 15:28:57,bimodal_mix,SRT_SRWT,42,711.08,14,0,101.0,0,Weld,1,9.1,9.1,9.1,0.0,31.2,136.3,184.7,193.8,9.1,48.4
2026-09-09 15:28:57,bimodal_mix,SRT_SRWT,42,711.08,15,0,109.0,0,Weld,1,9.4,9.4,9.4,0.0,22.8,159.4,212.1,221.5,9.4,52.7
2026-09-09 15:28:57,bimodal_mix,SRT_SRWT,42,711.08,16,0,117.0,0,Weld,1,10.3,10.3,10.3,0.0,20.0,151.7,328.7,339.1,10.3,177.0
2026-09-09 15:28:57,bimodal_mix,SRT_SRWT,42,711.08,17,0,125.0,0,Weld,1,10.1,10.1,10.1,0.0,34.8,187.1,298.1,308.2,10.1,111.0
2026-09-09 15:28:57,bimodal_mix,SRT_SRWT,42,711.08,18,0,133.0,0,Weld,1,9.4,9.4,9.4,0.0,24.9,167.0,240.0,249.5,9.5,73.0
2026-09-09 15:28:57,bimodal_mix,SRT_SRWT,42,711.08,19,0,141.0,0,Weld,1,10.2,10.2,10.2,0.0,27.0,174.5,308.2,318.4,10.2,133.8
2026-09-09 15:28:57,bimodal_mix,SRT_SRWT,42,711.08,20,0,149.0,0,Weld,1,10.6,10.6,10.6,0.0,38.4,196.3,390.3,401.0,10.6,194.1
2026-09-09 15:28:57,bimodal_mix,SRT_SRWT,42,711.08,21,0,157.0,0,Weld,1,9.0,9.0,9.0,0.0,44.4,219.2,221.5,230.5,9.0,2.3
2026-09-09 15:28:57,bimodal_mix,SRT_SRWT,42,711.08,22,0,165.0,0,Weld,1,10.6,10.6,10.6,0.0,40.0,210.0,379.7,390.3,10.6,169.7
2026-09-09 15:28:57,bimodal_mix,SRT_SRWT,42,711.08,23,0,173.0,0,Weld,1,10.4,10.4,10.4,0.0,48.3,228.5,358.8,369.2,10.4,130.3
2026-09-09 15:28:57,bimodal_mix,SRT_SRWT,42,711.08,24,0,181.0,0,Weld,1,9.7,9.7,9.7,0.0,68.9,284.5,288.4,298.1,9.7,3.9
2026-09-09 15:28:57,bimodal_mix,SRT_SRWT,42,711.08,25,0,189.0,0,Weld,1,9.3,9.3,9.3,0.0,28.0,331.4,339.1,348.4,9.3,7.7
2026-09-09 15:28:57,bimodal_mix,SRT_SRWT,42,711.08,26,0,197.0,0,Weld,1,10.9,10.9,10.9,0.0,35.1,536.8,571.5,582.5,10.9,34.8
2026-09-09 15:28:57,bimodal_mix,SRT_SRWT,42,711.08,27,0,205.0,0,Weld,1,9.7,9.7,9.7,0.0,36.6,551.4,561.8,571.5,9.7,10.4
2026-09-09 15:28:57,bimodal_mix,SRT_SRWT,42,711.08,28,0,213.0,0,Weld,1,9.2,9.2,9.2,0.0,35.1,587.5,591.7,600.9,9.2,4.2
2026-09-09 15:28:57,bimodal_mix,SRT_SRWT,42,711.08,29,0,221.0,0,Weld,1,9.2,9.2,9.2,0.0,32.5,579.9,582.5,591.7,9.2,2.6
2026-09-09 15:28:57,bimodal_mix,SRT_SRWT,42,711.08,30,0,229.0,0,Weld,1,10.7,10.7,10.7,0.0,35.8,602.6,611.1,621.9,10.7,8.5
2026-09-09 15:28:57,bimodal_mix,SRT_SRWT,42,711.08,31,0,237.0,0,Weld,1,10.2,10.2,10.2,0.0,33.0,595.0,600.9,611.1,10.2,5.9
2026-09-09 15:29:17,bimodal_mix,SRT_SRWT,43,711.08,0,0,0.0,0,Weld,1,150.0,150.0,150.0,0.0,13.2,25.6,25.6,175.6,150.0,0.0
2026-09-09 15:29:17,bimodal_mix,SRT_SRWT,43,711.08,1,0,0.0,0,Weld,1,150.0,150.0,150.0,0.0,13.5,33.2,411.8,561.8,150.0,378.5
2026-09-09 15:29:17,bimodal_mix,SRT_SRWT,43,711.08,2,0,5.0,0,Weld,1,10.3,10.3,10.3,0.0,13.2,40.9,318.4,328.7,10.3,277.6
2026-09-09 15:29:17,bimodal_mix,SRT_SRWT,43,711.08,3,0,13.0,0,Weld,1,9.1,9.1,9.1,0.0,18.2,64.5,175.6,184.7,9.1,111.1
2026-09-09 15:29:17,bimodal_mix,SRT_SRWT,43,711.08,4,0,21.0,0,Weld,1,9.6,9.6,9.6,0.0,13.2,50.0,258.9,268.5,9.6,209.0
2026-09-09 15:29:17,bimodal_mix,SRT_SRWT,43,711.08,5,0,29.0,0,Weld,1,9.5,9.5,9.5,0.0,27.3,94.5,249.5,258.9,9.5,155.0
2026-09-09 15:29:17,bimodal_mix,SRT_SRWT,43,711.08,6,0,37.0,0,Weld,1,10.5,10.5,10.5,0.0,23.1,79.9,369.2,379.7,10.5,289.3
2026-09-09 15:29:17,bimodal_mix,SRT_SRWT,43,711.08,7,0,45.0,0,Weld,1,10.4,10.4,10.4,0.0,20.2,72.2,348.4,358.8,10.4,276.2
2026-09-09 15:29:17,bimodal_mix,SRT_SRWT,43,711.08,8,0,53.0,0,Weld,1,10.8,10.8,10.8,0.0,48.6,110.9,401.0,411.8,10.8,290.1
2026-09-09 15:29:17,bimodal_mix,SRT_SRWT,43,711.08,9,0,61.0,0,Weld,1,9.2,9.2,9.2,0.0,53.1,125.7,202.9,212.1,9.2,77.2
2026-09-09 15:29:17,bimodal_mix,SRT_SRWT,43,711.08,10,0,69.0,0,Weld,1,9.8,9.8,9.8,0.0,55.1,133.2,268.5,278.4,9.9,135.3
2026-09-09 15:29:17,bimodal_mix,SRT_SRWT,43,711.08,11,0,77.0,0,Weld,1,9.1,9.1,9.1,0.0,31.7,121.0,193.8,202.9,9.1,72.8
2026-09-09 15:29:17,bimodal_mix,SRT_SRWT,43,711.08,12,0,85.0,0,Weld,1,9.4,9.4,9.4,0.0,34.0,128.8,230.5,240.0,9.5,101.8
2026-09-09 15:29:17,bimodal_mix,SRT_SRWT,43,711.08,13,0,93.0,0,Weld,1,10.0,10.0,10.0,0.0,20.0,144.0,278.4,288.4,10.0,134.4
2026-09-09 15:29:17,bimodal_mix,SRT_SRWT,43,711.08,14,0,101.0,0,Weld,1,9.1,9.1,9.1,0.0,31.2,136.3,184.7,193.8,9.1,48.4
2026-09-09 15:29:17,bimodal_mix,SRT_SRWT,43,711.08,15,0,109.0,0,Weld,1,9.4,9.4,9.4,0.0,22.8,159.4,212.1,221.5,9.4,52.7
2026-09-09 15:29:17,bimodal_mix,SRT_SRWT,43,711.08,16,0,117.0,0,Weld,1,10.3,10.3,10.3,0.0,20.0,151.7,328.7,339.1,10.3,177.0
2026-09-09 15:29:17,bimodal_mix,SRT_SRWT,43,711.08,17,0,125.0,0,Weld,1,10.1,10.1,10.1,0.0,34.8,187.1,298.1,308.2,10.1,111.0
2026-09-09 15:29:17,bimodal_mix,SRT_SRWT,43,711.08,18,0,133.0,0,Weld,1,9.4,9.4,9.4,0.0,24.9,167.0,240.0,249.5,9.5,73.0
2026-09-09 15:29:17,bimodal_mix,SRT_SRWT,43,711.08,19,0,141.0,0,Weld,1,10.2,10.2,10.2,0.0,27.0,174.5,308.2,318.4,10.2,133.8
2026-09-09 15:29:17,bimodal_mix,SRT_SRWT,43,711.08,20,0,149.0,0,Weld,1,10.6,10.6,10.6,0.0,38.4,196.3,390.3,401.0,10.6,194.1
2026-09-09 15:29:17,bimodal_mix,SRT_SRWT,43,711.08,21,0,157.0,0,Weld,1,9.0,9.0,9.0,0.0,44.4,219.2,221.5,230.5,9.0,2.3
2026-09-09 15:29:17,bimodal_mix,SRT_SRWT,43,711.08,22,0,165.0,0,Weld,1,10.6,10.6,10.6,0.0,40.0,210.0,379.7,390.3,10.6,169.7
2026-09-09 15:29:17,bimodal_mix,SRT_SRWT,43,711.08,23,0,173.0,0,Weld,1,10.4,10.4,10.4,0.0,48.3,228.5,358.8,369.2,10.4,130.3
2026-09-09 15:29:17,bimodal_mix,SRT_SRWT,43,711.08,24,0,181.0,0,Weld,1,9.7,9.7,9.7,0.0,68.9,284.5,288.4,298.1,9.7,3.9
2026-09-09 15:29:17,bimodal_mix,SRT_SRWT,43,711.08,25,0,189.0,0,Weld,1,9.3,9.3,9.3,0.0,28.0,331.4,339.1,348.4,9.3,7.7
2026-09-09 15:29:17,bimodal_mix,SRT_SRWT,43,711.08,26,0,197.0,0,Weld,1,10.9,10.9,10.9,0.0,35.1,536.8,571.5,582.5,10.9,34.8
2026-09-09 15:29:17,bimodal_mix,SRT_SRWT,43,711.08,27,0,205.0,0,Weld,1,9.7,9.7,9.7,0.0,36.6,551.4,561.8,571.5,9.7,10.4
2026-09-09 15:29:17,bimodal_mix,SRT_SRWT,43,711.08,28,0,213.0,0,Weld,1,9.2,9.2,9.2,0.0,35.1,587.5,591.7,600.9,9.2,4.2
2026-09-09 15:29:17,bimodal_mix,SRT_SRWT,43,711.08,29,0,221.0,0,Weld,1,9.2,9.2,9.2,0.0,32.5,579.9,582.5,591.7,9.2,2.6
2026-09-09 15:29:17,bimodal_mix,SRT_SRWT,43,711.08,30,0,229.0,0,Weld,1,10.7,10.7,10.7,0.0,35.8,602.6,611.1,621.9,10.7,8.5
2026-09-09 15:29:17,bimodal_mix,SRT_SRWT,43,711.08,31,0,237.0,0,Weld,1,10.2,10.2,10.2,0.0,33.0,595.0,600.9,611.1,10.2,5.9
2026-09-09 15:29:38,bimodal_mix,SRT_SRWT,44,711.08,0,0,0.0,0,Weld,1,150.0,150.0,150.0,0.0,13.2,25.6,25.6,175.6,150.0,0.0
2026-09-09 15:29:38,bimodal_mix,SRT_SRWT,44,711.08,1,0,0.0,0,Weld,1,150.0,150.0,150.0,0.0,13.5,33.2,411.8,561.8,150.0,378.5
2026-09-09 15:29:38,bimodal_mix,SRT_SRWT,44,711.08,2,0,5.0,0,Weld,1,10.3,10.3,10.3,0.0,13.2,40.9,318.4,328.7,10.3,277.6
2026-09-09 15:29:38,bimodal_mix,SRT_SRWT,44,711.08,3,0,13.0,0,Weld,1,9.1,9.1,9.1,0.0,18.2,64.5,175.6,184.7,9.1,111.1
2026-09-09 15:29:38,bimodal_mix,SRT_SRWT,44,711.08,4,0,21.0,0,Weld,1,9.6,9.6,9.6,0.0,13.2,50.0,258.9,268.5,9.6,209.0
2026-09-09 15:29:38,bimodal_mix,SRT_SRWT,44,711.08,5,0,29.0,0,Weld,1,9.5,9.5,9.5,0.0,27.3,94.5,249.5,258.9,9.5,155.0
2026-09-09 15:29:38,bimodal_mix,SRT_SRWT,44,711.08,6,0,37.0,0,Weld,1,10.5,10.5,10.5,0.0,23.1,79.9,369.2,379.7,10.5,289.3
2026-09-09 15:29:38,bimodal_mix,SRT_SRWT,44,711.08,7,0,45.0,0,Weld,1,10.4,10.4,10.4,0.0,20.2,72.2,348.4,358.8,10.4,276.2
2026-09-09 15:29:38,bimodal_mix,SRT_SRWT,44,711.08,8,0,53.0,0,Weld,1,10.8,10.8,10.8,0.0,48.6,110.9,401.0,411.8,10.8,290.1
2026-09-09 15:29:38,bimodal_mix,SRT_SRWT,44,711.08,9,0,61.0,0,Weld,1,9.2,9.2,9.2,0.0,53.1,125.7,202.9,212.1,9.2,77.2
2026-09-09 15:29:38,bimodal_mix,SRT_SRWT,44,711.08,10,0,69.0,0,Weld,1,9.8,9.8,9.8,0.0,55.1,133.2,268.5,278.4,9.9,135.3
2026-09-09 15:29:38,bimodal_mix,SRT_SRWT,44,711.08,11,0,77.0,0,Weld,1,9.1,9.1,9.1,0.0,31.7,121.0,193.8,202.9,9.1,72.8
2026-09-09 15:29:38,bimodal_mix,SRT_SRWT,44,711.08,12,0,85.0,0,Weld,1,9.4,9.4,9.4,0.0,34.0,128.8,230.5,240.0,9.5,101.8
2026-09-09 15:29:38,bimodal_mix,SRT_SRWT,44,711.08,13,0,93.0,0,Weld,1,10.0,10.0,10.0,0.0,20.0,144.0,278.4,288.4,10.0,134.4
2026-09-09 15:29:38,bimodal_mix,SRT_SRWT,44,711.08,14,0,101.0,0,Weld,1,9.1,9.1,9.1,0.0,31.2,136.3,184.7,193.8,9.1,48.4
2026-09-09 15:29:38,bimodal_mix,SRT_SRWT,44,711.08,15,0,109.0,0,Weld,1,9.4,9.4,9.4,0.0,22.8,159.4,212.1,221.5,9.4,52.7
2026-09-09 15:29:38,bimodal_mix,SRT_SRWT,44,711.08,16,0,117.0,0,Weld,1,10.3,10.3,10.3,0.0,20.0,151.7,328.7,339.1,10.3,177.0
2026-09-09 15:29:38,bimodal_mix,SRT_SRWT,44,711.08,17,0,125.0,0,Weld,1,10.1,10.1,10.1,0.0,34.8,187.1,298.1,308.2,10.1,111.0
2026-09-09 15:29:38,bimodal_mix,SRT_SRWT,44,711.08,18,0,133.0,0,Weld,1,9.4,9.4,9.4,0.0,24.9,167.0,240.0,249.5,9.5,73.0
2026-09-09 15:29:38,bimodal_mix,SRT_SRWT,44,711.08,19,0,141.0,0,Weld,1,10.2,10.2,10.2,0.0,27.0,174.5,308.2,318.4,10.2,133.8
2026-09-09 15:29:38,bimodal_mix,SRT_SRWT,44,711.08,20,0,149.0,0,Weld,1,10.6,10.6,10.6,0.0,38.4,196.3,390.3,401.0,10.6,194.1
2026-09-09 15:29:38,bimodal_mix,SRT_SRWT,44,711.08,21,0,157.0,0,Weld,1,9.0,9.0,9.0,0.0,44.4,219.2,221.5,230.5,9.0,2.3
2026-09-09 15:29:38,bimodal_mix,SRT_SRWT,44,711.08,22,0,165.0,0,Weld,1,10.6,10.6,10.6,0.0,40.0,210.0,379.7,390.3,10.6,169.7
2026-09-09 15:29:38,bimodal_mix,SRT_SRWT,44,711.08,23,0,173.0,0,Weld,1,10.4,10.4,10.4,0.0,48.3,228.5,358.8,369.2,10.4,130.3
2026-09-09 15:29:38,bimodal_mix,SRT_SRWT,44,711.08,24,0,181.0,0,Weld,1,9.7,9.7,9.7,0.0,68.9,284.5,288.4,298.1,9.7,3.9
2026-09-09 15:29:38,bimodal_mix,SRT_SRWT,44,711.08,25,0,189.0,0,Weld,1,9.3,9.3,9.3,0.0,28.0,331.4,339.1,348.4,9.3,7.7
2026-09-09 15:29:38,bimodal_mix,SRT_SRWT,44,711.08,26,0,197.0,0,Weld,1,10.9,10.9,10.9,0.0,35.1,536.8,571.5,582.5,10.9,34.8
2026-09-09 15:29:38,bimodal_mix,SRT_SRWT,44,711.08,27,0,205.0,0,Weld,1,9.7,9.7,9.7,0.0,36.6,551.4,561.8,571.5,9.7,10.4
2026-09-09 15:29:38,bimodal_mix,SRT_SRWT,44,711.08,28,0,213.0,0,Weld,1,9.2,9.2,9.2,0.0,35.1,587.5,591.7,600.9,9.2,4.2
2026-09-09 15:29:38,bimodal_mix,SRT_SRWT,44,711.08,29,0,221.0,0,Weld,1,9.2,9.2,9.2,0.0,32.5,579.9,582.5,591.7,9.2,2.6
2026-09-09 15:29:38,bimodal_mix,SRT_SRWT,44,711.08,30,0,229.0,0,Weld,1,10.7,10.7,10.7,0.0,35.8,602.6,611.1,621.9,10.7,8.5
2026-09-09 15:29:38,bimodal_mix,SRT_SRWT,44,711.08,31,0,237.0,0,Weld,1,10.2,10.2,10.2,0.0,33.0,595.0,600.9,611.1,10.2,5.9
2026-09-09 15:30:46,compound_scenario,SRT_SRWT,42,2553.52,0,0,0.0,0,Mill,1,39.2,39.2,39.2,0.0,18.6,31.0,31.0,70.2,39.2,0.0
2026-09-09 15:30:46,compound_scenario,SRT_SRWT,42,2553.52,0,0,0.0,1,Lathe,1,20.8,20.8,20.8,0.0,20.7,105.8,105.8,126.6,20.8,0.0
2026-09-09 15:30:46,compound_scenario,SRT_SRWT,42,2553.52,0,0,0.0,2,Weld,1,28.3,28.3,28.3,0.0,21.5,162.5,162.5,190.8,28.3,0.0
2026-09-09 15:30:46,compound_scenario,SRT_SRWT,42,2553.52,1,0,60.0,0,Mill,1,26.7,26.7,26.7,0.0,16.8,93.0,93.0,119.7,26.7,0.0
2026-09-09 15:30:46,compound_scenario,SRT_SRWT,42,2553.52,1,0,60.0,1,Lathe,1,42.1,42.1,42.1,0.0,21.5,156.9,156.9,199.1,42.1,0.0
2026-09-09 15:30:46,compound_scenario,SRT_SRWT,42,2553.52,1,0,60.0,2,Weld,1,40.3,40.3,40.3,0.0,20.6,231.0,231.0,271.3,40.3,0.0
2026-09-09 15:30:46,compound_scenario,SRT_SRWT,42,2553.52,2,0,120.0,0,Mill,1,46.8,46.8,46.8,0.0,34.9,169.9,169.9,216.7,46.8,0.0
2026-09-09 15:30:46,compound_scenario,SRT_SRWT,42,2553.52,2,0,120.0,1,Lathe,1,22.6,22.6,22.6,0.0,4.7,223.6,223.6,246.3,22.6,0.0
2026-09-09 15:30:46,compound_scenario,SRT_SRWT,42,2553.52,2,0,120.0,2,Weld,1,32.7,32.7,32.7,0.0,13.0,262.4,262.4,295.1,32.7,0.0
2026-09-09 15:30:46,compound_scenario,SRT_SRWT,42,2553.52,3,0,250.0,0,Mill,3,20.0,20.0,20.0,0.0,18.6,280.9,280.9,301.0,20.0,0.0
2026-09-09 15:30:46,compound_scenario,SRT_SRWT,42,2553.52,3,0,250.0,1,Weld,1,12.4,12.4,12.4,0.0,22.6,375.7,416.1,428.5,12.4,40.4
2026-09-09 15:30:46,compound_scenario,SRT_SRWT,42,2553.52,4,0,250.0,0,Mill,3,20.0,20.0,20.0,0.0,18.9,291.6,291.6,311.6,20.0,0.0
2026-09-09 15:30:46,compound_scenario,SRT_SRWT,42,2553.52,4,0,250.0,1,Weld,1,27.5,27.5,27.5,0.0,18.9,363.2,428.5,456.0,27.5,65.3
2026-09-09 15:30:46,compound_scenario,SRT_SRWT,42,2553.52,5,0,250.0,0,Mill,3,20.0,20.0,20.0,0.0,36.8,327.3,327.3,347.4,20.0,0.0
2026-09-09 15:30:46,compound_scenario,SRT_SRWT,42,2553.52,5,0,250.0,1,Weld,1,50.4,50.4,50.4,0.0,64.6,477.2,509.6,560.1,50.5,32.4
2026-09-09 15:30:46,compound_scenario,SRT_SRWT,42,2553.52,6,0,250.0,0,Mill,3,20.0,20.0,20.0,0.0,24.0,321.5,324.6,344.6,20.0,3.1
2026-09-09 15:30:46,compound_scenario,SRT_SRWT,42,2553.52,6,0,250.0,1,Weld,1,12.1,12.1,12.1,0.0,27.8,397.9,404.0,416.1,12.1,6.0
2026-09-09 15:30:46,compound_scenario,SRT_SRWT,42,2553.52,7,0,250.0,0,Mill,3,20.0,20.0,20.0,0.0,18.4,332.6,342.4,362.4,20.0,9.8
2026-09-09 15:30:46,compound_scenario,SRT_SRWT,42,2553.52,7,0,250.0,1,Weld,1,25.9,25.9,25.9,0.0,38.7,447.8,456.0,482.0,25.9,8.2
2026-09-09 15:30:46,compound_scenario,SRT_SRWT,42,2553.52,8,0,250.0,0,Mill,3,20.0,20.0,20.0,0.0,38.1,305.8,305.8,325.8,20.0,0.0
2026-09-09 15:30:46,compound_scenario,SRT_SRWT,42,2553.52,8,0,250.0,1,Weld,1,62.0,62.0,62.0,0.0,54.5,383.3,560.1,622.1,62.0,176.8
2026-09-09 15:30:46,compound_scenario,SRT_SRWT,42,2553.52,9,0,250.0,0,Mill,3,20.0,20.0,20.0,0.0,24.8,304.6,304.6,324.6,20.0,0.0
2026-09-09 15:30:46,compound_scenario,SRT_SRWT,42,2553.52,9,0,250.0,1,Weld,1,53.6,53.6,53.6,0.0,21.8,350.3,350.3,404.0,53.6,0.0
2026-09-09 15:30:46,compound_scenario,SRT_SRWT,42,2553.52,10,0,250.0,0,Mill,3,20.0,20.0,20.0,0.0,19.4,322.4,322.4,342.4,20.0,0.0
2026-09-09 15:30:46,compound_scenario,SRT_SRWT,42,2553.52,10,0,250.0,1,Weld,1,27.6,27.6,27.6,0.0,39.7,418.1,482.0,509.6,27.7,63.8
2026-09-09 15:30:46,compound_scenario,SRT_SRWT,42,2553.52,20,0,650.0,0,Mill,3,20.0,20.0,20.0,0.0,18.9,681.2,681.2,701.2,20.0,0.0
2026-09-09 15:30:46,compound_scenario,SRT_SRWT,42,2553.52,20,0,650.0,1,Weld,2,19.2,19.2,19.2,0.0,20.6,728.7,728.7,747.9,19.2,0.0
2026-09-09 15:30:46,compound_scenario,SRT_SRWT,42,2553.52,19,0,650.0,0,Mill,3,20.0,20.0,20.0,0.0,16.8,687.0,687.0,707.0,20.0,0.0
2026-09-09 15:30:46,compound_scenario,SRT_SRWT,42,2553.52,19,0,650.0,1,Weld,2,30.2,30.2,30.2,0.0,18.9,774.1,774.1,804.3,30.2,0.0
2026-09-09 15:30:46,compound_scenario,SRT_SRWT,42,2553.52,18,0,650.0,0,Mill,3,20.0,20.0,20.0,0.0,47.9,727.5,727.5,747.5,20.0,0.0
2026-09-09 15:30:46,compound_scenario,SRT_SRWT,42,2553.52,18,0,650.0,1,Weld,2,58.1,58.1,58.1,0.0,50.3,810.6,810.6,868.7,58.1,0.0
2026-09-09 15:30:46,compound_scenario,SRT_SRWT,42,2553.52,17,0,650.0,0,Mill,3,20.0,20.0,20.0,0.0,23.8,715.2,715.2,735.3,20.0,0.0
2026-09-09 15:30:46,compound_scenario,SRT_SRWT,42,2553.52,17,0,650.0,1,Weld,2,22.0,22.0,22.0,0.0,30.7,826.3,868.7,890.7,22.0,42.4
2026-09-09 15:30:46,compound_scenario,SRT_SRWT,42,2553.52,16,0,650.0,0,Mill,3,20.0,20.0,20.0,0.0,19.2,727.4,727.4,747.4,20.0,0.0
2026-09-09 15:30:46,compound_scenario,SRT_SRWT,42,2553.52,16,0,650.0,1,Weld,2,30.3,30.3,30.3,0.0,20.8,770.4,828.6,859.0,30.3,58.2
2026-09-09 15:30:46,compound_scenario,SRT_SRWT,42,2553.52,14,0,650.0,0,Mill,3,20.0,20.0,20.0,0.0,34.9,754.1,767.6,787.6,20.0,13.5
2026-09-09 15:30:46,compound_scenario,SRT_SRWT,42,2553.52,14,0,650.0,1,Weld,2,51.3,51.3,51.3,0.0,57.3,882.8,905.7,957.0,51.3,22.8
2026-09-09 15:30:46,compound_scenario,SRT_SRWT,42,2553.52,13,0,650.0,0,Mill,3,20.0,20.0,20.0,0.0,24.3,726.3,735.3,755.3,20.0,9.0
2026-09-09 15:30:46,compound_scenario,SRT_SRWT,42,2553.52,13,0,650.0,1,Weld,2,15.3,15.3,15.3,0.0,22.9,795.1,813.3,828.6,15.3,18.2
2026-09-09 15:30:46,compound_scenario,SRT_SRWT,42,2553.52,12,0,650.0,0,Mill,3,20.0,20.0,20.0,0.0,16.8,703.5,707.0,727.0,20.0,3.6
2026-09-09 15:30:46,compound_scenario,SRT_SRWT,42,2553.52,12,0,650.0,1,Weld,2,51.4,51.4,51.4,0.0,33.0,761.9,761.9,813.3,51.4,0.0
2026-09-09 15:30:46,compound_scenario,SRT_SRWT,42,2553.52,11,0,650.0,0,Mill,3,20.0,20.0,20.0,0.0,36.5,733.5,747.5,767.6,20.0,14.0
2026-09-09 15:30:46,compound_scenario,SRT_SRWT,42,2553.52,11,0,650.0,1,Weld,2,41.5,41.5,41.5,0.0,56.0,864.1,864.1,905.7,41.5,0.0
2026-09-09 15:30:46,compound_scenario,SRT_SRWT,42,2553.52,15,0,650.0,0,Mill,3,20.0,20.0,20.0,0.0,32.4,764.0,764.0,784.1,20.0,0.0
2026-09-09 15:30:46,compound_scenario,SRT_SRWT,42,2553.52,15,0,650.0,1,Weld,2,46.4,46.4,46.4,0.0,30.7,818.1,890.7,937.1,46.4,72.6
2026-09-09 15:30:46,compound_scenario,SRT_SRWT,42,2553.52,29,0,1050.0,0,Mill,3,20.0,20.0,20.0,0.0,18.6,1081.0,1081.0,1101.0,20.0,0.0
2026-09-09 15:30:46,compound_scenario,SRT_SRWT,42,2553.52,29,0,1050.0,1,Weld,1,39.8,39.8,39.8,0.0,20.8,1128.7,1128.7,1168.5,39.9,0.0
2026-09-09 15:30:46,compound_scenario,SRT_SRWT,42,2553.52,35,0,1050.0,0,Mill,3,20.0,20.0,20.0,0.0,16.8,1086.4,1086.4,1106.5,20.0,0.0
2026-09-09 15:30:46,compound_scenario,SRT_SRWT,42,2553.52,35,0,1050.0,1,Weld,1,17.1,17.1,17.1,0.0,28.0,1172.7,1222.3,1239.4,17.1,49.7
2026-09-09 15:30:46,compound_scenario,SRT_SRWT,42,2553.52,34,0,1050.0,0,Mill,3,20.0,20.0,20.0,0.0,50.3,1127.7,1127.7,1147.8,20.0,0.0
2026-09-09 15:30:46,compound_scenario,SRT_SRWT,42,2553.52,34,0,1050.0,1,Weld,1,46.7,46.7,46.7,0.0,57.6,1268.5,1456.1,1502.8,46.7,187.6
2026-09-09 15:30:46,compound_scenario,SRT_SRWT,42,2553.52,32,0,1050.0,0,Mill,3,20.0,20.0,20.0,0.0,24.0,1115.3,1115.3,1135.3,20.0,0.0
2026-09-09 15:30:46,compound_scenario,SRT_SRWT,42,2553.52,32,0,1050.0,1,Weld,1,53.8,53.8,53.8,0.0,17.2,1160.4,1168.5,1222.3,53.8,8.2
2026-09-09 15:30:46,compound_scenario,SRT_SRWT,42,2553.52,31,0,1050.0,0,Mill,3,20.0,20.0,20.0,0.0,18.9,1120.5,1126.5,1146.5,20.0,6.0
2026-09-09 15:30:46,compound_scenario,SRT_SRWT,42,2553.52,31,0,1050.0,1,Weld,1,42.8,42.8,42.8,0.0,39.2,1200.5,1351.6,1394.5,42.9,151.1
2026-09-09 15:30:46,compound_scenario,SRT_SRWT,42,2553.52,30,0,1050.0,0,Mill,3,20.0,20.0,20.0,0.0,35.2,1143.4,1167.8,1187.8,20.0,24.4
2026-09-09 15:30:46,compound_scenario,SRT_SRWT,42,2553.52,30,0,1050.0,1,Weld,1,52.3,52.3,52.3,0.0,61.2,1319.9,1768.0,1820.4,52.3,448.2
2026-09-09 15:30:46,compound_scenario,SRT_SRWT,42,2553.52,28,0,1050.0,0,Mill,3,20.0,20.0,20.0,0.0,22.5,1141.7,1141.7,1161.7,20.0,0.0
2026-09-09 15:30:46,compound_scenario,SRT_SRWT,42,2553.52,28,0,1050.0,1,Weld,1,32.0,32.0,32.0,0.0,26.8,1229.4,1239.4,1271.5,32.1,10.0
2026-09-09 15:30:46,compound_scenario,SRT_SRWT,42,2553.52,33,0,1050.0,0,Mill,3,20.0,20.0,20.0,0.0,16.8,1103.2,1106.5,1126.5,20.0,3.3
2026-09-09 15:30:46,compound_scenario,SRT_SRWT,42,2553.52,33,0,1050.0,1,Weld,1,41.0,41.0,41.0,0.0,34.0,1213.0,1310.6,1351.6,41.0,97.6
2026-09-09 15:30:46,compound_scenario,SRT_SRWT,42,2553.52,26,0,1050.0,0,Mill,3,20.0,20.0,20.0,0.0,37.0,1133.8,1147.8,1167.8,20.0,14.0
2026-09-09 15:30:46,compound_scenario,SRT_SRWT,42,2553.52,26,0,1050.0,1,Weld,1,39.1,39.1,39.1,0.0,55.8,1260.9,1271.5,1310.6,39.2,10.6
2026-09-09 15:30:46,compound_scenario,SRT_SRWT,42,2553.52,25,0,1050.0,0,Mill,3,20.0,20.0,20.0,0.0,30.0,1158.8,1161.7,1181.7,20.0,3.0
2026-09-09 15:30:46,compound_scenario,SRT_SRWT,42,2553.52,25,0,1050.0,1,Weld,1,47.8,47.8,47.8,0.0,27.5,1244.0,1598.6,1646.5,47.9,354.6
2026-09-09 15:30:46,compound_scenario,SRT_SRWT,42,2553.52,24,0,1050.0,0,Mill,3,20.0,20.0,20.0,0.0,20.5,1159.8,1159.8,1179.8,20.0,0.0
2026-09-09 15:30:46,compound_scenario,SRT_SRWT,42,2553.52,24,0,1050.0,1,Weld,1,51.3,51.3,51.3,0.0,33.7,1253.1,1646.5,1697.8,51.3,393.3
2026-09-09 15:30:46,compound_scenario,SRT_SRWT,42,2553.52,23,0,1050.0,0,Mill,3,20.0,20.0,20.0,0.0,42.5,1203.6,1203.6,1223.6,20.0,0.0
2026-09-09 15:30:46,compound_scenario,SRT_SRWT,42,2553.52,23,0,1050.0,1,Weld,1,42.2,42.2,42.2,0.0,58.9,1356.5,1394.5,1436.7,42.2,37.9
2026-09-09 15:30:46,compound_scenario,SRT_SRWT,42,2553.52,27,0,1050.0,0,Mill,3,20.0,20.0,20.0,0.0,30.3,1201.1,1201.1,1221.1,20.0,0.0
2026-09-09 15:30:46,compound_scenario,SRT_SRWT,42,2553.52,27,0,1050.0,1,Weld,1,58.8,58.8,58.8,0.0,36.1,1297.4,1955.9,2014.8,58.8,658.5
2026-09-09 15:30:46,compound_scenario,SRT_SRWT,42,2553.52,22,0,1050.0,0,Mill,3,20.0,20.0,20.0,0.0,31.4,1211.8,1211.8,1231.8,20.0,0.0
2026-09-09 15:30:46,compound_scenario,SRT_SRWT,42,2553.52,22,0,1050.0,1,Weld,1,53.1,53.1,53.1,0.0,37.9,1305.2,1820.4,1873.5,53.2,515.2
2026-09-09 15:30:46,compound_scenario,SRT_SRWT,42,2553.52,21,0,1050.0,0,Mill,3,20.0,20.0,20.0,0.0,55.5,1334.6,1334.6,1354.6,20.0,0.0
2026-09-09 15:30:46,compound_scenario,SRT_SRWT,42,2553.52,21,0,1050.0,1,Weld,1,19.4,19.4,19.4,0.0,43.0,1404.4,1436.7,1456.1,19.4,32.3
2026-09-09 15:30:46,compound_scenario,SRT_SRWT,42,2553.52,37,0,1400.0,0,Weld,1,150.0,150.0,150.0,0.0,18.2,1433.1,2014.8,2164.8,150.0,581.7
2026-09-09 15:30:46,compound_scenario,SRT_SRWT,42,2553.52,36,0,1400.0,0,Weld,1,150.0,150.0,150.0,0.0,20.8,1445.3,2164.8,2314.8,150.0,719.5
2026-09-09 15:30:46,compound_scenario,SRT_SRWT,42,2553.52,38,0,1405.0,0,Weld,1,9.5,9.5,9.5,0.0,24.2,1467.5,1521.2,1530.7,9.5,53.7
2026-09-09 15:30:46,compound_scenario,SRT_SRWT,42,2553.52,39,0,1413.0,0,Weld,1,9.6,9.6,9.6,0.0,25.7,1459.9,1549.8,1559.4,9.6,89.8
2026-09-09 15:30:46,compound_scenario,SRT_SRWT,42,2553.52,40,0,1421.0,0,Weld,1,9.2,9.2,9.2,0.0,31.7,1490.2,1502.8,1512.0,9.2,12.6
2026-09-09 15:30:46,compound_scenario,SRT_SRWT,42,2553.52,41,0,1429.0,0,Weld,1,9.5,9.5,9.5,0.0,29.6,1482.7,1530.7,1540.2,9.5,48.0
2026-09-09 15:30:46,compound_scenario,SRT_SRWT,42,2553.52,42,0,1437.0,0,Weld,1,9.2,9.2,9.2,0.0,33.8,1497.8,1512.0,1521.2,9.2,14.2
2026-09-09 15:30:46,compound_scenario,SRT_SRWT,42,2553.52,43,0,1445.0,0,Weld,1,9.6,9.6,9.6,0.0,34.8,1505.4,1540.2,1549.8,9.6,34.8
2026-09-09 15:30:46,compound_scenario,SRT_SRWT,42,2553.52,44,0,1453.0,0,Weld,1,10.3,10.3,10.3,0.0,41.8,1522.3,1588.3,1598.6,10.3,66.0
2026-09-09 15:30:46,compound_scenario,SRT_SRWT,42,2553.52,45,0,1461.0,0,Weld,1,9.7,9.7,9.7,0.0,42.6,1538.3,1568.8,1578.6,9.8,30.5
2026-09-09 15:30:46,compound_scenario,SRT_SRWT,42,2553.52,46,0,1469.0,0,Weld,1,9.7,9.7,9.7,0.0,44.2,1547.4,1578.6,1588.3,9.8,31.1
2026-09-09 15:30:46,compound_scenario,SRT_SRWT,42,2553.52,47,0,1477.0,0,Weld,1,9.4,9.4,9.4,0.0,45.7,1556.6,1559.4,1568.8,9.4,2.8
2026-09-09 15:30:46,compound_scenario,SRT_SRWT,42,2553.52,48,0,1485.0,0,Weld,1,9.5,9.5,9.5,0.0,35.1,1666.8,1697.8,1707.4,9.6,31.1
2026-09-09 15:30:46,compound_scenario,SRT_SRWT,42,2553.52,49,0,1493.0,0,Weld,1,10.9,10.9,10.9,0.0,35.1,1695.2,1707.4,1718.3,10.9,12.2
2026-09-09 15:30:46,compound_scenario,SRT_SRWT,42,2553.52,50,0,1501.0,0,Weld,1,10.3,10.3,10.3,0.0,32.2,1709.6,1718.3,1728.6,10.3,8.7
2026-09-09 15:30:46,compound_scenario,SRT_SRWT,42,2553.52,51,0,1509.0,0,Weld,1,10.2,10.2,10.2,0.0,29.6,1726.3,1728.6,1738.8,10.2,2.3
2026-09-09 15:30:46,compound_scenario,SRT_SRWT,42,2553.52,52,0,1517.0,0,Weld,1,9.3,9.3,9.3,0.0,31.7,1735.5,1738.8,1748.2,9.4,3.3
2026-09-09 15:30:46,compound_scenario,SRT_SRWT,42,2553.52,53,0,1525.0,0,Weld,1,10.5,10.5,10.5,0.0,39.5,1753.6,1757.6,1768.0,10.5,4.0
2026-09-09 15:30:46,compound_scenario,SRT_SRWT,42,2553.52,54,0,1533.0,0,Weld,1,9.3,9.3,9.3,0.0,35.3,1744.5,1748.2,1757.6,9.4,3.7
2026-09-09 15:30:46,compound_scenario,SRT_SRWT,42,2553.52,55,0,1541.0,0,Weld,1,9.8,9.8,9.8,0.0,27.5,1834.1,1873.5,1883.3,9.8,39.4
2026-09-09 15:30:46,compound_scenario,SRT_SRWT,42,2553.52,56,0,1549.0,0,Weld,1,11.0,11.0,11.0,0.0,29.6,1843.3,1944.9,1955.9,11.0,101.6
2026-09-09 15:30:46,compound_scenario,SRT_SRWT,42,2553.52,57,0,1557.0,0,Weld,1,10.3,10.3,10.3,0.0,29.9,1850.8,1893.5,1903.8,10.3,42.6
2026-09-09 15:30:46,compound_scenario,SRT_SRWT,42,2553.52,58,0,1565.0,0,Weld,1,10.1,10.1,10.1,0.0,30.4,1858.6,1883.3,1893.5,10.1,24.8
2026-09-09 15:30:46,compound_scenario,SRT_SRWT,42,2553.52,59,0,1573.0,0,Weld,1,10.4,10.4,10.4,0.0,35.1,1872.9,1903.8,1914.2,10.4,30.8
2026-09-09 15:30:46,compound_scenario,SRT_SRWT,42,2553.52,60,0,1581.0,0,Weld,1,10.7,10.7,10.7,0.0,41.0,1897.1,1934.2,1944.9,10.7,37.1
2026-09-09 15:30:46,compound_scenario,SRT_SRWT,42,2553.52,61,0,1589.0,0,Weld,1,10.6,10.6,10.6,0.0,41.0,1904.9,1923.6,1934.2,10.6,18.8
2026-09-09 15:30:46,compound_scenario,SRT_SRWT,42,2553.52,62,0,1597.0,0,Weld,1,9.5,9.5,9.5,0.0,40.3,1912.6,1914.2,1923.6,9.5,1.6
2026-09-09 15:30:46,compound_scenario,SRT_SRWT,42,2553.52,63,0,2200.0,0,Mill,1,21.0,21.0,21.0,0.0,18.6,2231.4,2231.4,2252.4,21.0,0.0
2026-09-09 15:30:46,compound_scenario,SRT_SRWT,42,2553.52,63,0,2200.0,1,Lathe,1,29.5,29.5,29.5,0.0,20.7,2287.5,2287.5,2316.9,29.5,0.0
2026-09-09 15:30:46,compound_scenario,SRT_SRWT,42,2553.52,63,0,2200.0,2,Weld,1,28.0,28.0,28.0,0.0,25.2,2355.2,2355.2,2383.2,28.1,0.0
2026-09-09 15:30:46,compound_scenario,SRT_SRWT,42,2553.52,64,0,2260.0,0,Mill,1,26.3,26.3,26.3,0.0,16.8,2293.3,2293.3,2319.7,26.4,0.0
2026-09-09 15:30:46,compound_scenario,SRT_SRWT,42,2553.52,64,0,2260.0,1,Lathe,1,48.3,48.3,48.3,0.0,27.3,2366.8,2366.8,2415.1,48.3,0.0
2026-09-09 15:30:46,compound_scenario,SRT_SRWT,42,2553.52,64,0,2260.0,2,Weld,1,46.3,46.3,46.3,0.0,20.6,2448.9,2448.9,2495.3,46.3,0.0
2026-09-09 15:30:46,compound_scenario,SRT_SRWT,42,2553.52,65,0,2320.0,0,Mill,1,29.4,29.4,29.4,0.0,35.2,2379.8,2379.8,2409.2,29.5,0.0
2026-09-09 15:30:46,compound_scenario,SRT_SRWT,42,2553.52,65,0,2320.0,1,Lathe,1,39.7,39.7,39.7,0.0,4.7,2416.2,2416.2,2455.8,39.7,0.0
2026-09-09 15:30:46,compound_scenario,SRT_SRWT,42,2553.52,65,0,2320.0,2,Weld,1,31.9,31.9,31.9,0.0,13.0,2471.1,2471.1,2503.0,31.9,0.0
2026-09-09 15:31:55,compound_scenario,SRT_SRWT,43,2553.52,0,0,0.0,0,Mill,1,39.2,39.2,39.2,0.0,18.6,31.0,31.0,70.2,39.2,0.0
2026-09-09 15:31:55,compound_scenario,SRT_SRWT,43,2553.52,0,0,0.0,1,Lathe,1,20.8,20.8,20.8,0.0,20.7,105.8,105.8,126.6,20.8,0.0
2026-09-09 15:31:55,compound_scenario,SRT_SRWT,43,2553.52,0,0,0.0,2,Weld,1,28.3,28.3,28.3,0.0,21.5,162.5,162.5,190.8,28.3,0.0
2026-09-09 15:31:55,compound_scenario,SRT_SRWT,43,2553.52,1,0,60.0,0,Mill,1,26.7,26.7,26.7,0.0,16.8,93.0,93.0,119.7,26.7,0.0
2026-09-09 15:31:55,compound_scenario,SRT_SRWT,43,2553.52,1,0,60.0,1,Lathe,1,42.1,42.1,42.1,0.0,21.5,156.9,156.9,199.1,42.1,0.0
2026-09-09 15:31:55,compound_scenario,SRT_SRWT,43,2553.52,1,0,60.0,2,Weld,1,40.3,40.3,40.3,0.0,20.6,231.0,231.0,271.3,40.3,0.0
2026-09-09 15:31:55,compound_scenario,SRT_SRWT,43,2553.52,2,0,120.0,0,Mill,1,46.8,46.8,46.8,0.0,34.9,169.9,169.9,216.7,46.8,0.0
2026-09-09 15:31:55,compound_scenario,SRT_SRWT,43,2553.52,2,0,120.0,1,Lathe,1,22.6,22.6,22.6,0.0,4.7,223.6,223.6,246.3,22.6,0.0
2026-09-09 15:31:55,compound_scenario,SRT_SRWT,43,2553.52,2,0,120.0,2,Weld,1,32.7,32.7,32.7,0.0,13.0,262.4,262.4,295.1,32.7,0.0
2026-09-09 15:31:55,compound_scenario,SRT_SRWT,43,2553.52,3,0,250.0,0,Mill,3,20.0,20.0,20.0,0.0,18.6,280.9,280.9,301.0,20.0,0.0
2026-09-09 15:31:55,compound_scenario,SRT_SRWT,43,2553.52,3,0,250.0,1,Weld,1,12.4,12.4,12.4,0.0,22.6,375.7,416.1,428.5,12.4,40.4
2026-09-09 15:31:55,compound_scenario,SRT_SRWT,43,2553.52,4,0,250.0,0,Mill,3,20.0,20.0,20.0,0.0,18.9,291.6,291.6,311.6,20.0,0.0
2026-09-09 15:31:55,compound_scenario,SRT_SRWT,43,2553.52,4,0,250.0,1,Weld,1,27.5,27.5,27.5,0.0,18.9,363.2,428.5,456.0,27.5,65.3
2026-09-09 15:31:55,compound_scenario,SRT_SRWT,43,2553.52,5,0,250.0,0,Mill,3,20.0,20.0,20.0,0.0,36.8,327.3,327.3,347.4,20.0,0.0
2026-09-09 15:31:55,compound_scenario,SRT_SRWT,43,2553.52,5,0,250.0,1,Weld,1,50.4,50.4,50.4,0.0,64.6,477.2,509.6,560.1,50.5,32.4
2026-09-09 15:31:55,compound_scenario,SRT_SRWT,43,2553.52,6,0,250.0,0,Mill,3,20.0,20.0,20.0,0.0,24.0,321.5,324.6,344.6,20.0,3.1
2026-09-09 15:31:55,compound_scenario,SRT_SRWT,43,2553.52,6,0,250.0,1,Weld,1,12.1,12.1,12.1,0.0,27.8,397.9,404.0,416.1,12.1,6.0
2026-09-09 15:31:55,compound_scenario,SRT_SRWT,43,2553.52,7,0,250.0,0,Mill,3,20.0,20.0,20.0,0.0,18.4,332.6,342.4,362.4,20.0,9.8
2026-09-09 15:31:55,compound_scenario,SRT_SRWT,43,2553.52,7,0,250.0,1,Weld,1,25.9,25.9,25.9,0.0,38.7,447.8,456.0,482.0,25.9,8.2
2026-09-09 15:31:55,compound_scenario,SRT_SRWT,43,2553.52,8,0,250.0,0,Mill,3,20.0,20.0,20.0,0.0,38.1,305.8,305.8,325.8,20.0,0.0
2026-09-09 15:31:55,compound_scenario,SRT_SRWT,43,2553.52,8,0,250.0,1,Weld,1,62.0,62.0,62.0,0.0,54.5,383.3,560.1,622.1,62.0,176.8
2026-09-09 15:31:55,compound_scenario,SRT_SRWT,43,2553.52,9,0,250.0,0,Mill,3,20.0,20.0,20.0,0.0,24.8,304.6,304.6,324.6,20.0,0.0
2026-09-09 15:31:55,compound_scenario,SRT_SRWT,43,2553.52,9,0,250.0,1,Weld,1,53.6,53.6,53.6,0.0,21.8,350.3,350.3,404.0,53.6,0.0
2026-09-09 15:31:55,compound_scenario,SRT_SRWT,43,2553.52,10,0,250.0,0,Mill,3,20.0,20.0,20.0,0.0,19.4,322.4,322.4,342.4,20.0,0.0
2026-09-09 15:31:55,compound_scenario,SRT_SRWT,43,2553.52,10,0,250.0,1,Weld,1,27.6,27.6,27.6,0.0,39.7,418.1,482.0,509.6,27.7,63.8
2026-09-09 15:31:55,compound_scenario,SRT_SRWT,43,2553.52,20,0,650.0,0,Mill,3,20.0,20.0,20.0,0.0,18.9,681.2,681.2,701.2,20.0,0.0
2026-09-09 15:31:55,compound_scenario,SRT_SRWT,43,2553.52,20,0,650.0,1,Weld,2,19.2,19.2,19.2,0.0,20.6,728.7,728.7,747.9,19.2,0.0
2026-09-09 15:31:55,compound_scenario,SRT_SRWT,43,2553.52,19,0,650.0,0,Mill,3,20.0,20.0,20.0,0.0,16.8,687.0,687.0,707.0,20.0,0.0
2026-09-09 15:31:55,compound_scenario,SRT_SRWT,43,2553.52,19,0,650.0,1,Weld,2,30.2,30.2,30.2,0.0,18.9,774.1,774.1,804.3,30.2,0.0
2026-09-09 15:31:55,compound_scenario,SRT_SRWT,43,2553.52,18,0,650.0,0,Mill,3,20.0,20.0,20.0,0.0,47.9,727.5,727.5,747.5,20.0,0.0
2026-09-09 15:31:55,compound_scenario,SRT_SRWT,43,2553.52,18,0,650.0,1,Weld,2,58.1,58.1,58.1,0.0,50.3,810.6,810.6,868.7,58.1,0.0
2026-09-09 15:31:55,compound_scenario,SRT_SRWT,43,2553.52,17,0,650.0,0,Mill,3,20.0,20.0,20.0,0.0,23.8,715.2,715.2,735.3,20.0,0.0
2026-09-09 15:31:55,compound_scenario,SRT_SRWT,43,2553.52,17,0,650.0,1,Weld,2,22.0,22.0,22.0,0.0,30.7,826.3,868.7,890.7,22.0,42.4
2026-09-09 15:31:55,compound_scenario,SRT_SRWT,43,2553.52,16,0,650.0,0,Mill,3,20.0,20.0,20.0,0.0,19.2,727.4,727.4,747.4,20.0,0.0
2026-09-09 15:31:55,compound_scenario,SRT_SRWT,43,2553.52,16,0,650.0,1,Weld,2,30.3,30.3,30.3,0.0,20.8,770.4,828.6,859.0,30.3,58.2
2026-09-09 15:31:55,compound_scenario,SRT_SRWT,43,2553.52,14,0,650.0,0,Mill,3,20.0,20.0,20.0,0.0,34.9,754.1,767.6,787.6,20.0,13.5
2026-09-09 15:31:55,compound_scenario,SRT_SRWT,43,2553.52,14,0,650.0,1,Weld,2,51.3,51.3,51.3,0.0,57.3,882.8,905.7,957.0,51.3,22.8
2026-09-09 15:31:55,compound_scenario,SRT_SRWT,43,2553.52,13,0,650.0,0,Mill,3,20.0,20.0,20.0,0.0,24.3,726.3,735.3,755.3,20.0,9.0
2026-09-09 15:31:55,compound_scenario,SRT_SRWT,43,2553.52,13,0,650.0,1,Weld,2,15.3,15.3,15.3,0.0,22.9,795.1,813.3,828.6,15.3,18.2
2026-09-09 15:31:55,compound_scenario,SRT_SRWT,43,2553.52,12,0,650.0,0,Mill,3,20.0,20.0,20.0,0.0,16.8,703.5,707.0,727.0,20.0,3.6
2026-09-09 15:31:55,compound_scenario,SRT_SRWT,43,2553.52,12,0,650.0,1,Weld,2,51.4,51.4,51.4,0.0,33.0,761.9,761.9,813.3,51.4,0.0
2026-09-09 15:31:55,compound_scenario,SRT_SRWT,43,2553.52,11,0,650.0,0,Mill,3,20.0,20.0,20.0,0.0,36.5,733.5,747.5,767.6,20.0,14.0
2026-09-09 15:31:55,compound_scenario,SRT_SRWT,43,2553.52,11,0,650.0,1,Weld,2,41.5,41.5,41.5,0.0,56.0,864.1,864.1,905.7,41.5,0.0
2026-09-09 15:31:55,compound_scenario,SRT_SRWT,43,2553.52,15,0,650.0,0,Mill,3,20.0,20.0,20.0,0.0,32.4,764.0,764.0,784.1,20.0,0.0
2026-09-09 15:31:55,compound_scenario,SRT_SRWT,43,2553.52,15,0,650.0,1,Weld,2,46.4,46.4,46.4,0.0,30.7,818.1,890.7,937.1,46.4,72.6
2026-09-09 15:31:55,compound_scenario,SRT_SRWT,43,2553.52,29,0,1050.0,0,Mill,3,20.0,20.0,20.0,0.0,18.6,1081.0,1081.0,1101.0,20.0,0.0
2026-09-09 15:31:55,compound_scenario,SRT_SRWT,43,2553.52,29,0,1050.0,1,Weld,1,39.8,39.8,39.8,0.0,20.8,1128.7,1128.7,1168.5,39.9,0.0
2026-09-09 15:31:55,compound_scenario,SRT_SRWT,43,2553.52,35,0,1050.0,0,Mill,3,20.0,20.0,20.0,0.0,16.8,1086.4,1086.4,1106.5,20.0,0.0
2026-09-09 15:31:55,compound_scenario,SRT_SRWT,43,2553.52,35,0,1050.0,1,Weld,1,17.1,17.1,17.1,0.0,28.0,1172.7,1222.3,1239.4,17.1,49.7
2026-09-09 15:31:55,compound_scenario,SRT_SRWT,43,2553.52,34,0,1050.0,0,Mill,3,20.0,20.0,20.0,0.0,50.3,1127.7,1127.7,1147.8,20.0,0.0
2026-09-09 15:31:55,compound_scenario,SRT_SRWT,43,2553.52,34,0,1050.0,1,Weld,1,46.7,46.7,46.7,0.0,57.6,1268.5,1456.1,1502.8,46.7,187.6
2026-09-09 15:31:55,compound_scenario,SRT_SRWT,43,2553.52,32,0,1050.0,0,Mill,3,20.0,20.0,20.0,0.0,24.0,1115.3,1115.3,1135.3,20.0,0.0
2026-09-09 15:31:55,compound_scenario,SRT_SRWT,43,2553.52,32,0,1050.0,1,Weld,1,53.8,53.8,53.8,0.0,17.2,1160.4,1168.5,1222.3,53.8,8.2
2026-09-09 15:31:55,compound_scenario,SRT_SRWT,43,2553.52,31,0,1050.0,0,Mill,3,20.0,20.0,20.0,0.0,18.9,1120.5,1126.5,1146.5,20.0,6.0
2026-09-09 15:31:55,compound_scenario,SRT_SRWT,43,2553.52,31,0,1050.0,1,Weld,1,42.8,42.8,42.8,0.0,39.2,1200.5,1351.6,1394.5,42.9,151.1
2026-09-09 15:31:55,compound_scenario,SRT_SRWT,43,2553.52,30,0,1050.0,0,Mill,3,20.0,20.0,20.0,0.0,35.2,1143.4,1167.8,1187.8,20.0,24.4
2026-09-09 15:31:55,compound_scenario,SRT_SRWT,43,2553.52,30,0,1050.0,1,Weld,1,52.3,52.3,52.3,0.0,61.2,1319.9,1768.0,1820.4,52.3,448.2
2026-09-09 15:31:55,compound_scenario,SRT_SRWT,43,2553.52,28,0,1050.0,0,Mill,3,20.0,20.0,20.0,0.0,22.5,1141.7,1141.7,1161.7,20.0,0.0
2026-09-09 15:31:55,compound_scenario,SRT_SRWT,43,2553.52,28,0,1050.0,1,Weld,1,32.0,32.0,32.0,0.0,26.8,1229.4,1239.4,1271.5,32.1,10.0
2026-09-09 15:31:55,compound_scenario,SRT_SRWT,43,2553.52,33,0,1050.0,0,Mill,3,20.0,20.0,20.0,0.0,16.8,1103.2,1106.5,1126.5,20.0,3.3
2026-09-09 15:31:55,compound_scenario,SRT_SRWT,43,2553.52,33,0,1050.0,1,Weld,1,41.0,41.0,41.0,0.0,34.0,1213.0,1310.6,1351.6,41.0,97.6
2026-09-09 15:31:55,compound_scenario,SRT_SRWT,43,2553.52,26,0,1050.0,0,Mill,3,20.0,20.0,20.0,0.0,37.0,1133.8,1147.8,1167.8,20.0,14.0
2026-09-09 15:31:55,compound_scenario,SRT_SRWT,43,2553.52,26,0,1050.0,1,Weld,1,39.1,39.1,39.1,0.0,55.8,1260.9,1271.5,1310.6,39.2,10.6
2026-09-09 15:31:55,compound_scenario,SRT_SRWT,43,2553.52,25,0,1050.0,0,Mill,3,20.0,20.0,20.0,0.0,30.0,1158.8,1161.7,1181.7,20.0,3.0
2026-09-09 15:31:55,compound_scenario,SRT_SRWT,43,2553.52,25,0,1050.0,1,Weld,1,47.8,47.8,47.8,0.0,27.5,1244.0,1598.6,1646.5,47.9,354.6
2026-09-09 15:31:55,compound_scenario,SRT_SRWT,43,2553.52,24,0,1050.0,0,Mill,3,20.0,20.0,20.0,0.0,20.5,1159.8,1159.8,1179.8,20.0,0.0
2026-09-09 15:31:55,compound_scenario,SRT_SRWT,43,2553.52,24,0,1050.0,1,Weld,1,51.3,51.3,51.3,0.0,33.7,1253.1,1646.5,1697.8,51.3,393.3
2026-09-09 15:31:55,compound_scenario,SRT_SRWT,43,2553.52,23,0,1050.0,0,Mill,3,20.0,20.0,20.0,0.0,42.5,1203.6,1203.6,1223.6,20.0,0.0
2026-09-09 15:31:55,compound_scenario,SRT_SRWT,43,2553.52,23,0,1050.0,1,Weld,1,42.2,42.2,42.2,0.0,58.9,1356.5,1394.5,1436.7,42.2,37.9
2026-09-09 15:31:55,compound_scenario,SRT_SRWT,43,2553.52,27,0,1050.0,0,Mill,3,20.0,20.0,20.0,0.0,30.3,1201.1,1201.1,1221.1,20.0,0.0
2026-09-09 15:31:55,compound_scenario,SRT_SRWT,43,2553.52,27,0,1050.0,1,Weld,1,58.8,58.8,58.8,0.0,36.1,1297.4,1955.9,2014.8,58.8,658.5
2026-09-09 15:31:55,compound_scenario,SRT_SRWT,43,2553.52,22,0,1050.0,0,Mill,3,20.0,20.0,20.0,0.0,31.4,1211.8,1211.8,1231.8,20.0,0.0
2026-09-09 15:31:55,compound_scenario,SRT_SRWT,43,2553.52,22,0,1050.0,1,Weld,1,53.1,53.1,53.1,0.0,37.9,1305.2,1820.4,1873.5,53.2,515.2
2026-09-09 15:31:55,compound_scenario,SRT_SRWT,43,2553.52,21,0,1050.0,0,Mill,3,20.0,20.0,20.0,0.0,55.5,1334.6,1334.6,1354.6,20.0,0.0
2026-09-09 15:31:55,compound_scenario,SRT_SRWT,43,2553.52,21,0,1050.0,1,Weld,1,19.4,19.4,19.4,0.0,43.0,1404.4,1436.7,1456.1,19.4,32.3
2026-09-09 15:31:55,compound_scenario,SRT_SRWT,43,2553.52,37,0,1400.0,0,Weld,1,150.0,150.0,150.0,0.0,18.2,1433.1,2014.8,2164.8,150.0,581.7
2026-09-09 15:31:55,compound_scenario,SRT_SRWT,43,2553.52,36,0,1400.0,0,Weld,1,150.0,150.0,150.0,0.0,20.8,1445.3,2164.8,2314.8,150.0,719.5
2026-09-09 15:31:55,compound_scenario,SRT_SRWT,43,2553.52,38,0,1405.0,0,Weld,1,9.5,9.5,9.5,0.0,24.2,1467.5,1521.2,1530.7,9.5,53.7
2026-09-09 15:31:55,compound_scenario,SRT_SRWT,43,2553.52,39,0,1413.0,0,Weld,1,9.6,9.6,9.6,0.0,25.7,1459.9,1549.8,1559.4,9.6,89.8
2026-09-09 15:31:55,compound_scenario,SRT_SRWT,43,2553.52,40,0,1421.0,0,Weld,1,9.2,9.2,9.2,0.0,31.7,1490.2,1502.8,1512.0,9.2,12.6
2026-09-09 15:31:55,compound_scenario,SRT_SRWT,43,2553.52,41,0,1429.0,0,Weld,1,9.5,9.5,9.5,0.0,29.6,1482.7,1530.7,1540.2,9.5,48.0
2026-09-09 15:31:55,compound_scenario,SRT_SRWT,43,2553.52,42,0,1437.0,0,Weld,1,9.2,9.2,9.2,0.0,33.8,1497.8,1512.0,1521.2,9.2,14.2
2026-09-09 15:31:55,compound_scenario,SRT_SRWT,43,2553.52,43,0,1445.0,0,Weld,1,9.6,9.6,9.6,0.0,34.8,1505.4,1540.2,1549.8,9.6,34.8
2026-09-09 15:31:55,compound_scenario,SRT_SRWT,43,2553.52,44,0,1453.0,0,Weld,1,10.3,10.3,10.3,0.0,41.8,1522.3,1588.3,1598.6,10.3,66.0
2026-09-09 15:31:55,compound_scenario,SRT_SRWT,43,2553.52,45,0,1461.0,0,Weld,1,9.7,9.7,9.7,0.0,42.6,1538.3,1568.8,1578.6,9.8,30.5
2026-09-09 15:31:55,compound_scenario,SRT_SRWT,43,2553.52,46,0,1469.0,0,Weld,1,9.7,9.7,9.7,0.0,44.2,1547.4,1578.6,1588.3,9.8,31.1
2026-09-09 15:31:55,compound_scenario,SRT_SRWT,43,2553.52,47,0,1477.0,0,Weld,1,9.4,9.4,9.4,0.0,45.7,1556.6,1559.4,1568.8,9.4,2.8
2026-09-09 15:31:55,compound_scenario,SRT_SRWT,43,2553.52,48,0,1485.0,0,Weld,1,9.5,9.5,9.5,0.0,35.1,1666.8,1697.8,1707.4,9.6,31.1
2026-09-09 15:31:55,compound_scenario,SRT_SRWT,43,2553.52,49,0,1493.0,0,Weld,1,10.9,10.9,10.9,0.0,35.1,1695.2,1707.4,1718.3,10.9,12.2
2026-09-09 15:31:55,compound_scenario,SRT_SRWT,43,2553.52,50,0,1501.0,0,Weld,1,10.3,10.3,10.3,0.0,32.2,1709.6,1718.3,1728.6,10.3,8.7
2026-09-09 15:31:55,compound_scenario,SRT_SRWT,43,2553.52,51,0,1509.0,0,Weld,1,10.2,10.2,10.2,0.0,29.6,1726.3,1728.6,1738.8,10.2,2.3
2026-09-09 15:31:55,compound_scenario,SRT_SRWT,43,2553.52,52,0,1517.0,0,Weld,1,9.3,9.3,9.3,0.0,31.7,1735.5,1738.8,1748.2,9.4,3.3
2026-09-09 15:31:55,compound_scenario,SRT_SRWT,43,2553.52,53,0,1525.0,0,Weld,1,10.5,10.5,10.5,0.0,39.5,1753.6,1757.6,1768.0,10.5,4.0
2026-09-09 15:31:55,compound_scenario,SRT_SRWT,43,2553.52,54,0,1533.0,0,Weld,1,9.3,9.3,9.3,0.0,35.3,1744.5,1748.2,1757.6,9.4,3.7
2026-09-09 15:31:55,compound_scenario,SRT_SRWT,43,2553.52,55,0,1541.0,0,Weld,1,9.8,9.8,9.8,0.0,27.5,1834.1,1873.5,1883.3,9.8,39.4
2026-09-09 15:31:55,compound_scenario,SRT_SRWT,43,2553.52,56,0,1549.0,0,Weld,1,11.0,11.0,11.0,0.0,29.6,1843.3,1944.9,1955.9,11.0,101.6
2026-09-09 15:31:55,compound_scenario,SRT_SRWT,43,2553.52,57,0,1557.0,0,Weld,1,10.3,10.3,10.3,0.0,29.9,1850.8,1893.5,1903.8,10.3,42.6
2026-09-09 15:31:55,compound_scenario,SRT_SRWT,43,2553.52,58,0,1565.0,0,Weld,1,10.1,10.1,10.1,0.0,30.4,1858.6,1883.3,1893.5,10.1,24.8
2026-09-09 15:31:55,compound_scenario,SRT_SRWT,43,2553.52,59,0,1573.0,0,Weld,1,10.4,10.4,10.4,0.0,35.1,1872.9,1903.8,1914.2,10.4,30.8
2026-09-09 15:31:55,compound_scenario,SRT_SRWT,43,2553.52,60,0,1581.0,0,Weld,1,10.7,10.7,10.7,0.0,41.0,1897.1,1934.2,1944.9,10.7,37.1
2026-09-09 15:31:55,compound_scenario,SRT_SRWT,43,2553.52,61,0,1589.0,0,Weld,1,10.6,10.6,10.6,0.0,41.0,1904.9,1923.6,1934.2,10.6,18.8
2026-09-09 15:31:55,compound_scenario,SRT_SRWT,43,2553.52,62,0,1597.0,0,Weld,1,9.5,9.5,9.5,0.0,40.3,1912.6,1914.2,1923.6,9.5,1.6
2026-09-09 15:31:55,compound_scenario,SRT_SRWT,43,2553.52,63,0,2200.0,0,Mill,1,21.0,21.0,21.0,0.0,18.6,2231.4,2231.4,2252.4,21.0,0.0
2026-09-09 15:31:55,compound_scenario,SRT_SRWT,43,2553.52,63,0,2200.0,1,Lathe,1,29.5,29.5,29.5,0.0,20.7,2287.5,2287.5,2316.9,29.5,0.0
2026-09-09 15:31:55,compound_scenario,SRT_SRWT,43,2553.52,63,0,2200.0,2,Weld,1,28.0,28.0,28.0,0.0,25.2,2355.2,2355.2,2383.2,28.1,0.0
2026-09-09 15:31:55,compound_scenario,SRT_SRWT,43,2553.52,64,0,2260.0,0,Mill,1,26.3,26.3,26.3,0.0,16.8,2293.3,2293.3,2319.7,26.4,0.0
2026-09-09 15:31:55,compound_scenario,SRT_SRWT,43,2553.52,64,0,2260.0,1,Lathe,1,48.3,48.3,48.3,0.0,27.3,2366.8,2366.8,2415.1,48.3,0.0
2026-09-09 15:31:55,compound_scenario,SRT_SRWT,43,2553.52,64,0,2260.0,2,Weld,1,46.3,46.3,46.3,0.0,20.6,2448.9,2448.9,2495.3,46.3,0.0
2026-09-09 15:31:55,compound_scenario,SRT_SRWT,43,2553.52,65,0,2320.0,0,Mill,1,29.4,29.4,29.4,0.0,35.2,2379.8,2379.8,2409.2,29.5,0.0
2026-09-09 15:31:55,compound_scenario,SRT_SRWT,43,2553.52,65,0,2320.0,1,Lathe,1,39.7,39.7,39.7,0.0,4.7,2416.2,2416.2,2455.8,39.7,0.0
2026-09-09 15:31:55,compound_scenario,SRT_SRWT,43,2553.52,65,0,2320.0,2,Weld,1,31.9,31.9,31.9,0.0,13.0,2471.1,2471.1,2503.0,31.9,0.0
2026-09-09 15:33:04,compound_scenario,SRT_SRWT,44,2553.52,0,0,0.0,0,Mill,1,39.2,39.2,39.2,0.0,18.6,31.0,31.0,70.2,39.2,0.0
2026-09-09 15:33:04,compound_scenario,SRT_SRWT,44,2553.52,0,0,0.0,1,Lathe,1,20.8,20.8,20.8,0.0,20.7,105.8,105.8,126.6,20.8,0.0
2026-09-09 15:33:04,compound_scenario,SRT_SRWT,44,2553.52,0,0,0.0,2,Weld,1,28.3,28.3,28.3,0.0,21.5,162.5,162.5,190.8,28.3,0.0
2026-09-09 15:33:04,compound_scenario,SRT_SRWT,44,2553.52,1,0,60.0,0,Mill,1,26.7,26.7,26.7,0.0,16.8,93.0,93.0,119.7,26.7,0.0
2026-09-09 15:33:04,compound_scenario,SRT_SRWT,44,2553.52,1,0,60.0,1,Lathe,1,42.1,42.1,42.1,0.0,21.5,156.9,156.9,199.1,42.1,0.0
2026-09-09 15:33:04,compound_scenario,SRT_SRWT,44,2553.52,1,0,60.0,2,Weld,1,40.3,40.3,40.3,0.0,20.6,231.0,231.0,271.3,40.3,0.0
2026-09-09 15:33:04,compound_scenario,SRT_SRWT,44,2553.52,2,0,120.0,0,Mill,1,46.8,46.8,46.8,0.0,34.9,169.9,169.9,216.7,46.8,0.0
2026-09-09 15:33:04,compound_scenario,SRT_SRWT,44,2553.52,2,0,120.0,1,Lathe,1,22.6,22.6,22.6,0.0,4.7,223.6,223.6,246.3,22.6,0.0
2026-09-09 15:33:04,compound_scenario,SRT_SRWT,44,2553.52,2,0,120.0,2,Weld,1,32.7,32.7,32.7,0.0,13.0,262.4,262.4,295.1,32.7,0.0
2026-09-09 15:33:04,compound_scenario,SRT_SRWT,44,2553.52,3,0,250.0,0,Mill,3,20.0,20.0,20.0,0.0,18.6,280.9,280.9,301.0,20.0,0.0
2026-09-09 15:33:04,compound_scenario,SRT_SRWT,44,2553.52,3,0,250.0,1,Weld,1,12.4,12.4,12.4,0.0,22.6,375.7,416.1,428.5,12.4,40.4
2026-09-09 15:33:04,compound_scenario,SRT_SRWT,44,2553.52,4,0,250.0,0,Mill,3,20.0,20.0,20.0,0.0,18.9,291.6,291.6,311.6,20.0,0.0
2026-09-09 15:33:04,compound_scenario,SRT_SRWT,44,2553.52,4,0,250.0,1,Weld,1,27.5,27.5,27.5,0.0,18.9,363.2,428.5,456.0,27.5,65.3
2026-09-09 15:33:04,compound_scenario,SRT_SRWT,44,2553.52,5,0,250.0,0,Mill,3,20.0,20.0,20.0,0.0,36.8,327.3,327.3,347.4,20.0,0.0
2026-09-09 15:33:04,compound_scenario,SRT_SRWT,44,2553.52,5,0,250.0,1,Weld,1,50.4,50.4,50.4,0.0,64.6,477.2,509.6,560.1,50.5,32.4
2026-09-09 15:33:04,compound_scenario,SRT_SRWT,44,2553.52,6,0,250.0,0,Mill,3,20.0,20.0,20.0,0.0,24.0,321.5,324.6,344.6,20.0,3.1
2026-09-09 15:33:04,compound_scenario,SRT_SRWT,44,2553.52,6,0,250.0,1,Weld,1,12.1,12.1,12.1,0.0,27.8,397.9,404.0,416.1,12.1,6.0
2026-09-09 15:33:04,compound_scenario,SRT_SRWT,44,2553.52,7,0,250.0,0,Mill,3,20.0,20.0,20.0,0.0,18.4,332.6,342.4,362.4,20.0,9.8
2026-09-09 15:33:04,compound_scenario,SRT_SRWT,44,2553.52,7,0,250.0,1,Weld,1,25.9,25.9,25.9,0.0,38.7,447.8,456.0,482.0,25.9,8.2
2026-09-09 15:33:04,compound_scenario,SRT_SRWT,44,2553.52,8,0,250.0,0,Mill,3,20.0,20.0,20.0,0.0,38.1,305.8,305.8,325.8,20.0,0.0
2026-09-09 15:33:04,compound_scenario,SRT_SRWT,44,2553.52,8,0,250.0,1,Weld,1,62.0,62.0,62.0,0.0,54.5,383.3,560.1,622.1,62.0,176.8
2026-09-09 15:33:04,compound_scenario,SRT_SRWT,44,2553.52,9,0,250.0,0,Mill,3,20.0,20.0,20.0,0.0,24.8,304.6,304.6,324.6,20.0,0.0
2026-09-09 15:33:04,compound_scenario,SRT_SRWT,44,2553.52,9,0,250.0,1,Weld,1,53.6,53.6,53.6,0.0,21.8,350.3,350.3,404.0,53.6,0.0
2026-09-09 15:33:04,compound_scenario,SRT_SRWT,44,2553.52,10,0,250.0,0,Mill,3,20.0,20.0,20.0,0.0,19.4,322.4,322.4,342.4,20.0,0.0
2026-09-09 15:33:04,compound_scenario,SRT_SRWT,44,2553.52,10,0,250.0,1,Weld,1,27.6,27.6,27.6,0.0,39.7,418.1,482.0,509.6,27.7,63.8
2026-09-09 15:33:04,compound_scenario,SRT_SRWT,44,2553.52,20,0,650.0,0,Mill,3,20.0,20.0,20.0,0.0,18.9,681.2,681.2,701.2,20.0,0.0
2026-09-09 15:33:04,compound_scenario,SRT_SRWT,44,2553.52,20,0,650.0,1,Weld,2,19.2,19.2,19.2,0.0,20.6,728.7,728.7,747.9,19.2,0.0
2026-09-09 15:33:04,compound_scenario,SRT_SRWT,44,2553.52,19,0,650.0,0,Mill,3,20.0,20.0,20.0,0.0,16.8,687.0,687.0,707.0,20.0,0.0
2026-09-09 15:33:04,compound_scenario,SRT_SRWT,44,2553.52,19,0,650.0,1,Weld,2,30.2,30.2,30.2,0.0,18.9,774.1,774.1,804.3,30.2,0.0
2026-09-09 15:33:04,compound_scenario,SRT_SRWT,44,2553.52,18,0,650.0,0,Mill,3,20.0,20.0,20.0,0.0,47.9,727.5,727.5,747.5,20.0,0.0
2026-09-09 15:33:04,compound_scenario,SRT_SRWT,44,2553.52,18,0,650.0,1,Weld,2,58.1,58.1,58.1,0.0,50.3,810.6,810.6,868.7,58.1,0.0
2026-09-09 15:33:04,compound_scenario,SRT_SRWT,44,2553.52,17,0,650.0,0,Mill,3,20.0,20.0,20.0,0.0,23.8,715.2,715.2,735.3,20.0,0.0
2026-09-09 15:33:04,compound_scenario,SRT_SRWT,44,2553.52,17,0,650.0,1,Weld,2,22.0,22.0,22.0,0.0,30.7,826.3,868.7,890.7,22.0,42.4
2026-09-09 15:33:04,compound_scenario,SRT_SRWT,44,2553.52,16,0,650.0,0,Mill,3,20.0,20.0,20.0,0.0,19.2,727.4,727.4,747.4,20.0,0.0
2026-09-09 15:33:04,compound_scenario,SRT_SRWT,44,2553.52,16,0,650.0,1,Weld,2,30.3,30.3,30.3,0.0,20.8,770.4,828.6,859.0,30.3,58.2
2026-09-09 15:33:04,compound_scenario,SRT_SRWT,44,2553.52,14,0,650.0,0,Mill,3,20.0,20.0,20.0,0.0,34.9,754.1,767.6,787.6,20.0,13.5
2026-09-09 15:33:04,compound_scenario,SRT_SRWT,44,2553.52,14,0,650.0,1,Weld,2,51.3,51.3,51.3,0.0,57.3,882.8,905.7,957.0,51.3,22.8
2026-09-09 15:33:04,compound_scenario,SRT_SRWT,44,2553.52,13,0,650.0,0,Mill,3,20.0,20.0,20.0,0.0,24.3,726.3,735.3,755.3,20.0,9.0
2026-09-09 15:33:04,compound_scenario,SRT_SRWT,44,2553.52,13,0,650.0,1,Weld,2,15.3,15.3,15.3,0.0,22.9,795.1,813.3,828.6,15.3,18.2
2026-09-09 15:33:04,compound_scenario,SRT_SRWT,44,2553.52,12,0,650.0,0,Mill,3,20.0,20.0,20.0,0.0,16.8,703.5,707.0,727.0,20.0,3.6
2026-09-09 15:33:04,compound_scenario,SRT_SRWT,44,2553.52,12,0,650.0,1,Weld,2,51.4,51.4,51.4,0.0,33.0,761.9,761.9,813.3,51.4,0.0
2026-09-09 15:33:04,compound_scenario,SRT_SRWT,44,2553.52,11,0,650.0,0,Mill,3,20.0,20.0,20.0,0.0,36.5,733.5,747.5,767.6,20.0,14.0
2026-09-09 15:33:04,compound_scenario,SRT_SRWT,44,2553.52,11,0,650.0,1,Weld,2,41.5,41.5,41.5,0.0,56.0,864.1,864.1,905.7,41.5,0.0
2026-09-09 15:33:04,compound_scenario,SRT_SRWT,44,2553.52,15,0,650.0,0,Mill,3,20.0,20.0,20.0,0.0,32.4,764.0,764.0,784.1,20.0,0.0
2026-09-09 15:33:04,compound_scenario,SRT_SRWT,44,2553.52,15,0,650.0,1,Weld,2,46.4,46.4,46.4,0.0,30.7,818.1,890.7,937.1,46.4,72.6
2026-09-09 15:33:04,compound_scenario,SRT_SRWT,44,2553.52,29,0,1050.0,0,Mill,3,20.0,20.0,20.0,0.0,18.6,1081.0,1081.0,1101.0,20.0,0.0
2026-09-09 15:33:04,compound_scenario,SRT_SRWT,44,2553.52,29,0,1050.0,1,Weld,1,39.8,39.8,39.8,0.0,20.8,1128.7,1128.7,1168.5,39.9,0.0
2026-09-09 15:33:04,compound_scenario,SRT_SRWT,44,2553.52,35,0,1050.0,0,Mill,3,20.0,20.0,20.0,0.0,16.8,1086.4,1086.4,1106.5,20.0,0.0
2026-09-09 15:33:04,compound_scenario,SRT_SRWT,44,2553.52,35,0,1050.0,1,Weld,1,17.1,17.1,17.1,0.0,28.0,1172.7,1222.3,1239.4,17.1,49.7
2026-09-09 15:33:04,compound_scenario,SRT_SRWT,44,2553.52,34,0,1050.0,0,Mill,3,20.0,20.0,20.0,0.0,50.3,1127.7,1127.7,1147.8,20.0,0.0
2026-09-09 15:33:04,compound_scenario,SRT_SRWT,44,2553.52,34,0,1050.0,1,Weld,1,46.7,46.7,46.7,0.0,57.6,1268.5,1456.1,1502.8,46.7,187.6
2026-09-09 15:33:04,compound_scenario,SRT_SRWT,44,2553.52,32,0,1050.0,0,Mill,3,20.0,20.0,20.0,0.0,24.0,1115.3,1115.3,1135.3,20.0,0.0
2026-09-09 15:33:04,compound_scenario,SRT_SRWT,44,2553.52,32,0,1050.0,1,Weld,1,53.8,53.8,53.8,0.0,17.2,1160.4,1168.5,1222.3,53.8,8.2
2026-09-09 15:33:04,compound_scenario,SRT_SRWT,44,2553.52,31,0,1050.0,0,Mill,3,20.0,20.0,20.0,0.0,18.9,1120.5,1126.5,1146.5,20.0,6.0
2026-09-09 15:33:04,compound_scenario,SRT_SRWT,44,2553.52,31,0,1050.0,1,Weld,1,42.8,42.8,42.8,0.0,39.2,1200.5,1351.6,1394.5,42.9,151.1
2026-09-09 15:33:04,compound_scenario,SRT_SRWT,44,2553.52,30,0,1050.0,0,Mill,3,20.0,20.0,20.0,0.0,35.2,1143.4,1167.8,1187.8,20.0,24.4
2026-09-09 15:33:04,compound_scenario,SRT_SRWT,44,2553.52,30,0,1050.0,1,Weld,1,52.3,52.3,52.3,0.0,61.2,1319.9,1768.0,1820.4,52.3,448.2
2026-09-09 15:33:04,compound_scenario,SRT_SRWT,44,2553.52,28,0,1050.0,0,Mill,3,20.0,20.0,20.0,0.0,22.5,1141.7,1141.7,1161.7,20.0,0.0
2026-09-09 15:33:04,compound_scenario,SRT_SRWT,44,2553.52,28,0,1050.0,1,Weld,1,32.0,32.0,32.0,0.0,26.8,1229.4,1239.4,1271.5,32.1,10.0
2026-09-09 15:33:04,compound_scenario,SRT_SRWT,44,2553.52,33,0,1050.0,0,Mill,3,20.0,20.0,20.0,0.0,16.8,1103.2,1106.5,1126.5,20.0,3.3
2026-09-09 15:33:04,compound_scenario,SRT_SRWT,44,2553.52,33,0,1050.0,1,Weld,1,41.0,41.0,41.0,0.0,34.0,1213.0,1310.6,1351.6,41.0,97.6
2026-09-09 15:33:04,compound_scenario,SRT_SRWT,44,2553.52,26,0,1050.0,0,Mill,3,20.0,20.0,20.0,0.0,37.0,1133.8,1147.8,1167.8,20.0,14.0
2026-09-09 15:33:04,compound_scenario,SRT_SRWT,44,2553.52,26,0,1050.0,1,Weld,1,39.1,39.1,39.1,0.0,55.8,1260.9,1271.5,1310.6,39.2,10.6
2026-09-09 15:33:04,compound_scenario,SRT_SRWT,44,2553.52,25,0,1050.0,0,Mill,3,20.0,20.0,20.0,0.0,30.0,1158.8,1161.7,1181.7,20.0,3.0
2026-09-09 15:33:04,compound_scenario,SRT_SRWT,44,2553.52,25,0,1050.0,1,Weld,1,47.8,47.8,47.8,0.0,27.5,1244.0,1598.6,1646.5,47.9,354.6
2026-09-09 15:33:04,compound_scenario,SRT_SRWT,44,2553.52,24,0,1050.0,0,Mill,3,20.0,20.0,20.0,0.0,20.5,1159.8,1159.8,1179.8,20.0,0.0
2026-09-09 15:33:04,compound_scenario,SRT_SRWT,44,2553.52,24,0,1050.0,1,Weld,1,51.3,51.3,51.3,0.0,33.7,1253.1,1646.5,1697.8,51.3,393.3
2026-09-09 15:33:04,compound_scenario,SRT_SRWT,44,2553.52,23,0,1050.0,0,Mill,3,20.0,20.0,20.0,0.0,42.5,1203.6,1203.6,1223.6,20.0,0.0
2026-09-09 15:33:04,compound_scenario,SRT_SRWT,44,2553.52,23,0,1050.0,1,Weld,1,42.2,42.2,42.2,0.0,58.9,1356.5,1394.5,1436.7,42.2,37.9
2026-09-09 15:33:04,compound_scenario,SRT_SRWT,44,2553.52,27,0,1050.0,0,Mill,3,20.0,20.0,20.0,0.0,30.3,1201.1,1201.1,1221.1,20.0,0.0
2026-09-09 15:33:04,compound_scenario,SRT_SRWT,44,2553.52,27,0,1050.0,1,Weld,1,58.8,58.8,58.8,0.0,36.1,1297.4,1955.9,2014.8,58.8,658.5
2026-09-09 15:33:04,compound_scenario,SRT_SRWT,44,2553.52,22,0,1050.0,0,Mill,3,20.0,20.0,20.0,0.0,31.4,1211.8,1211.8,1231.8,20.0,0.0
2026-09-09 15:33:04,compound_scenario,SRT_SRWT,44,2553.52,22,0,1050.0,1,Weld,1,53.1,53.1,53.1,0.0,37.9,1305.2,1820.4,1873.5,53.2,515.2
2026-09-09 15:33:04,compound_scenario,SRT_SRWT,44,2553.52,21,0,1050.0,0,Mill,3,20.0,20.0,20.0,0.0,55.5,1334.6,1334.6,1354.6,20.0,0.0
2026-09-09 15:33:04,compound_scenario,SRT_SRWT,44,2553.52,21,0,1050.0,1,Weld,1,19.4,19.4,19.4,0.0,43.0,1404.4,1436.7,1456.1,19.4,32.3
2026-09-09 15:33:04,compound_scenario,SRT_SRWT,44,2553.52,37,0,1400.0,0,Weld,1,150.0,150.0,150.0,0.0,18.2,1433.1,2014.8,2164.8,150.0,581.7
2026-09-09 15:33:04,compound_scenario,SRT_SRWT,44,2553.52,36,0,1400.0,0,Weld,1,150.0,150.0,150.0,0.0,20.8,1445.3,2164.8,2314.8,150.0,719.5
2026-09-09 15:33:04,compound_scenario,SRT_SRWT,44,2553.52,38,0,1405.0,0,Weld,1,9.5,9.5,9.5,0.0,24.2,1467.5,1521.2,1530.7,9.5,53.7
2026-09-09 15:33:04,compound_scenario,SRT_SRWT,44,2553.52,39,0,1413.0,0,Weld,1,9.6,9.6,9.6,0.0,25.7,1459.9,1549.8,1559.4,9.6,89.8
2026-09-09 15:33:04,compound_scenario,SRT_SRWT,44,2553.52,40,0,1421.0,0,Weld,1,9.2,9.2,9.2,0.0,31.7,1490.2,1502.8,1512.0,9.2,12.6
2026-09-09 15:33:04,compound_scenario,SRT_SRWT,44,2553.52,41,0,1429.0,0,Weld,1,9.5,9.5,9.5,0.0,29.6,1482.7,1530.7,1540.2,9.5,48.0
2026-09-09 15:33:04,compound_scenario,SRT_SRWT,44,2553.52,42,0,1437.0,0,Weld,1,9.2,9.2,9.2,0.0,33.8,1497.8,1512.0,1521.2,9.2,14.2
2026-09-09 15:33:04,compound_scenario,SRT_SRWT,44,2553.52,43,0,1445.0,0,Weld,1,9.6,9.6,9.6,0.0,34.8,1505.4,1540.2,1549.8,9.6,34.8
2026-09-09 15:33:04,compound_scenario,SRT_SRWT,44,2553.52,44,0,1453.0,0,Weld,1,10.3,10.3,10.3,0.0,41.8,1522.3,1588.3,1598.6,10.3,66.0
2026-09-09 15:33:04,compound_scenario,SRT_SRWT,44,2553.52,45,0,1461.0,0,Weld,1,9.7,9.7,9.7,0.0,42.6,1538.3,1568.8,1578.6,9.8,30.5
2026-09-09 15:33:04,compound_scenario,SRT_SRWT,44,2553.52,46,0,1469.0,0,Weld,1,9.7,9.7,9.7,0.0,44.2,1547.4,1578.6,1588.3,9.8,31.1
2026-09-09 15:33:04,compound_scenario,SRT_SRWT,44,2553.52,47,0,1477.0,0,Weld,1,9.4,9.4,9.4,0.0,45.7,1556.6,1559.4,1568.8,9.4,2.8
2026-09-09 15:33:04,compound_scenario,SRT_SRWT,44,2553.52,48,0,1485.0,0,Weld,1,9.5,9.5,9.5,0.0,35.1,1666.8,1697.8,1707.4,9.6,31.1
2026-09-09 15:33:04,compound_scenario,SRT_SRWT,44,2553.52,49,0,1493.0,0,Weld,1,10.9,10.9,10.9,0.0,35.1,1695.2,1707.4,1718.3,10.9,12.2
2026-09-09 15:33:04,compound_scenario,SRT_SRWT,44,2553.52,50,0,1501.0,0,Weld,1,10.3,10.3,10.3,0.0,32.2,1709.6,1718.3,1728.6,10.3,8.7
2026-09-09 15:33:04,compound_scenario,SRT_SRWT,44,2553.52,51,0,1509.0,0,Weld,1,10.2,10.2,10.2,0.0,29.6,1726.3,1728.6,1738.8,10.2,2.3
2026-09-09 15:33:04,compound_scenario,SRT_SRWT,44,2553.52,52,0,1517.0,0,Weld,1,9.3,9.3,9.3,0.0,31.7,1735.5,1738.8,1748.2,9.4,3.3
2026-09-09 15:33:04,compound_scenario,SRT_SRWT,44,2553.52,53,0,1525.0,0,Weld,1,10.5,10.5,10.5,0.0,39.5,1753.6,1757.6,1768.0,10.5,4.0
2026-09-09 15:33:04,compound_scenario,SRT_SRWT,44,2553.52,54,0,1533.0,0,Weld,1,9.3,9.3,9.3,0.0,35.3,1744.5,1748.2,1757.6,9.4,3.7
2026-09-09 15:33:04,compound_scenario,SRT_SRWT,44,2553.52,55,0,1541.0,0,Weld,1,9.8,9.8,9.8,0.0,27.5,1834.1,1873.5,1883.3,9.8,39.4
2026-09-09 15:33:04,compound_scenario,SRT_SRWT,44,2553.52,56,0,1549.0,0,Weld,1,11.0,11.0,11.0,0.0,29.6,1843.3,1944.9,1955.9,11.0,101.6
2026-09-09 15:33:04,compound_scenario,SRT_SRWT,44,2553.52,57,0,1557.0,0,Weld,1,10.3,10.3,10.3,0.0,29.9,1850.8,1893.5,1903.8,10.3,42.6
2026-09-09 15:33:04,compound_scenario,SRT_SRWT,44,2553.52,58,0,1565.0,0,Weld,1,10.1,10.1,10.1,0.0,30.4,1858.6,1883.3,1893.5,10.1,24.8
2026-09-09 15:33:04,compound_scenario,SRT_SRWT,44,2553.52,59,0,1573.0,0,Weld,1,10.4,10.4,10.4,0.0,35.1,1872.9,1903.8,1914.2,10.4,30.8
2026-09-09 15:33:04,compound_scenario,SRT_SRWT,44,2553.52,60,0,1581.0,0,Weld,1,10.7,10.7,10.7,0.0,41.0,1897.1,1934.2,1944.9,10.7,37.1
2026-09-09 15:33:04,compound_scenario,SRT_SRWT,44,2553.52,61,0,1589.0,0,Weld,1,10.6,10.6,10.6,0.0,41.0,1904.9,1923.6,1934.2,10.6,18.8
2026-09-09 15:33:04,compound_scenario,SRT_SRWT,44,2553.52,62,0,1597.0,0,Weld,1,9.5,9.5,9.5,0.0,40.3,1912.6,1914.2,1923.6,9.5,1.6
2026-09-09 15:33:04,compound_scenario,SRT_SRWT,44,2553.52,63,0,2200.0,0,Mill,1,21.0,21.0,21.0,0.0,18.6,2231.4,2231.4,2252.4,21.0,0.0
2026-09-09 15:33:04,compound_scenario,SRT_SRWT,44,2553.52,63,0,2200.0,1,Lathe,1,29.5,29.5,29.5,0.0,20.7,2287.5,2287.5,2316.9,29.5,0.0
2026-09-09 15:33:04,compound_scenario,SRT_SRWT,44,2553.52,63,0,2200.0,2,Weld,1,28.0,28.0,28.0,0.0,25.2,2355.2,2355.2,2383.2,28.1,0.0
2026-09-09 15:33:04,compound_scenario,SRT_SRWT,44,2553.52,64,0,2260.0,0,Mill,1,26.3,26.3,26.3,0.0,16.8,2293.3,2293.3,2319.7,26.4,0.0
2026-09-09 15:33:04,compound_scenario,SRT_SRWT,44,2553.52,64,0,2260.0,1,Lathe,1,48.3,48.3,48.3,0.0,27.3,2366.8,2366.8,2415.1,48.3,0.0
2026-09-09 15:33:04,compound_scenario,SRT_SRWT,44,2553.52,64,0,2260.0,2,Weld,1,46.3,46.3,46.3,0.0,20.6,2448.9,2448.9,2495.3,46.3,0.0
2026-09-09 15:33:04,compound_scenario,SRT_SRWT,44,2553.52,65,0,2320.0,0,Mill,1,29.4,29.4,29.4,0.0,35.2,2379.8,2379.8,2409.2,29.5,0.0
2026-09-09 15:33:04,compound_scenario,SRT_SRWT,44,2553.52,65,0,2320.0,1,Lathe,1,39.7,39.7,39.7,0.0,4.7,2416.2,2416.2,2455.8,39.7,0.0
2026-09-09 15:33:04,compound_scenario,SRT_SRWT,44,2553.52,65,0,2320.0,2,Weld,1,31.9,31.9,31.9,0.0,13.0,2471.1,2471.1,2503.0,31.9,0.0
2026-09-09 15:33:43,convoy_waves,SRT_SRWT,42,1520.8,0,0,0.0,0,Mill,3,20.0,20.0,20.0,0.0,18.6,31.0,31.0,51.0,20.0,0.0
2026-09-09 15:33:43,convoy_waves,SRT_SRWT,42,1520.8,0,0,0.0,1,Weld,1,43.8,43.8,43.8,0.0,21.8,100.2,100.2,144.0,43.8,0.0
2026-09-09 15:33:43,convoy_waves,SRT_SRWT,42,1520.8,1,0,0.0,0,Mill,3,20.0,20.0,20.0,0.0,16.8,36.6,36.6,56.6,20.0,0.0
2026-09-09 15:33:43,convoy_waves,SRT_SRWT,42,1520.8,1,0,0.0,1,Weld,1,16.1,16.1,16.1,0.0,24.9,115.3,144.0,160.2,16.2,28.7
2026-09-09 15:33:43,convoy_waves,SRT_SRWT,42,1520.8,2,0,0.0,0,Mill,3,20.0,20.0,20.0,0.0,46.4,74.0,74.0,94.0,20.0,0.0
2026-09-09 15:33:43,convoy_waves,SRT_SRWT,42,1520.8,2,0,0.0,1,Weld,1,27.4,27.4,27.4,0.0,43.8,144.6,185.2,212.6,27.4,40.7
2026-09-09 15:33:43,convoy_waves,SRT_SRWT,42,1520.8,3,0,0.0,0,Mill,3,20.0,20.0,20.0,0.0,18.6,54.9,54.9,74.9,20.0,0.0
2026-09-09 15:33:43,convoy_waves,SRT_SRWT,42,1520.8,3,0,0.0,1,Weld,1,25.0,25.0,25.0,0.0,18.4,107.8,160.2,185.2,25.1,52.4
2026-09-09 15:33:43,convoy_waves,SRT_SRWT,42,1520.8,4,0,0.0,0,Mill,3,20.0,20.0,20.0,0.0,18.9,64.9,64.9,84.9,20.0,0.0
2026-09-09 15:33:43,convoy_waves,SRT_SRWT,42,1520.8,4,0,0.0,1,Weld,1,48.1,48.1,48.1,0.0,23.8,123.0,212.6,260.8,48.2,89.7
2026-09-09 15:33:43,convoy_waves,SRT_SRWT,42,1520.8,5,0,400.0,0,Mill,3,20.0,20.0,20.0,0.0,18.6,431.0,431.0,451.0,20.0,0.0
2026-09-09 15:33:43,convoy_waves,SRT_SRWT,42,1520.8,5,0,400.0,1,Weld,1,45.5,45.5,45.5,0.0,17.4,496.5,496.5,542.0,45.5,0.0
2026-09-09 15:33:43,convoy_waves,SRT_SRWT,42,1520.8,6,0,400.0,0,Mill,3,20.0,20.0,20.0,0.0,16.8,436.4,436.4,456.5,20.0,0.0
2026-09-09 15:33:43,convoy_waves,SRT_SRWT,42,1520.8,6,0,400.0,1,Weld,1,55.2,55.2,55.2,0.0,29.6,516.8,611.3,666.5,55.2,94.4
2026-09-09 15:33:43,convoy_waves,SRT_SRWT,42,1520.8,7,0,400.0,0,Mill,3,20.0,20.0,20.0,0.0,50.8,478.3,478.3,498.3,20.0,0.0
2026-09-09 15:33:43,convoy_waves,SRT_SRWT,42,1520.8,7,0,400.0,1,Weld,1,18.9,18.9,18.9,0.0,45.6,546.1,558.3,577.3,18.9,12.2
2026-09-09 15:33:43,convoy_waves,SRT_SRWT,42,1520.8,8,0,400.0,0,Mill,3,20.0,20.0,20.0,0.0,19.9,460.4,460.4,480.4,20.0,0.0
2026-09-09 15:33:43,convoy_waves,SRT_SRWT,42,1520.8,8,0,400.0,1,Weld,1,34.0,34.0,34.0,0.0,22.9,509.1,577.3,611.3,34.0,68.1
2026-09-09 15:33:43,convoy_waves,SRT_SRWT,42,1520.8,9,0,400.0,0,Mill,3,20.0,20.0,20.0,0.0,20.2,470.3,470.3,490.3,20.0,0.0
2026-09-09 15:33:43,convoy_waves,SRT_SRWT,42,1520.8,9,0,400.0,1,Weld,1,16.3,16.3,16.3,0.0,23.8,531.6,542.0,558.3,16.4,10.3
2026-09-09 15:33:43,convoy_waves,SRT_SRWT,42,1520.8,10,0,800.0,0,Mill,3,20.0,20.0,20.0,0.0,18.6,831.0,831.0,851.0,20.0,0.0
2026-09-09 15:33:43,convoy_waves,SRT_SRWT,42,1520.8,10,0,800.0,1,Weld,1,24.8,24.8,24.8,0.0,17.4,896.5,896.5,921.3,24.9,0.0
2026-09-09 15:33:43,convoy_waves,SRT_SRWT,42,1520.8,11,0,800.0,0,Mill,3,20.0,20.0,20.0,0.0,16.8,836.4,836.4,856.5,20.0,0.0
2026-09-09 15:33:43,convoy_waves,SRT_SRWT,42,1520.8,11,0,800.0,1,Weld,1,37.7,37.7,37.7,0.0,29.6,916.8,945.3,983.1,37.8,28.5
2026-09-09 15:33:43,convoy_waves,SRT_SRWT,42,1520.8,12,0,800.0,0,Mill,3,20.0,20.0,20.0,0.0,50.8,878.3,878.3,898.3,20.0,0.0
2026-09-09 15:33:43,convoy_waves,SRT_SRWT,42,1520.8,12,0,800.0,1,Weld,1,16.2,16.2,16.2,0.0,45.6,946.1,983.1,999.3,16.2,36.9
2026-09-09 15:33:43,convoy_waves,SRT_SRWT,42,1520.8,13,0,800.0,0,Mill,3,20.0,20.0,20.0,0.0,19.9,860.4,860.4,880.4,20.0,0.0
2026-09-09 15:33:43,convoy_waves,SRT_SRWT,42,1520.8,13,0,800.0,1,Weld,1,24.0,24.0,24.0,0.0,22.9,909.1,921.3,945.3,24.0,12.2
2026-09-09 15:33:43,convoy_waves,SRT_SRWT,42,1520.8,14,0,800.0,0,Mill,3,20.0,20.0,20.0,0.0,20.2,870.3,870.3,890.3,20.0,0.0
2026-09-09 15:33:43,convoy_waves,SRT_SRWT,42,1520.8,14,0,800.0,1,Weld,1,44.2,44.2,44.2,0.0,23.8,931.6,999.3,1043.6,44.3,67.7
2026-09-09 15:33:43,convoy_waves,SRT_SRWT,42,1520.8,15,0,1200.0,0,Mill,3,20.0,20.0,20.0,0.0,18.6,1231.0,1231.0,1251.0,20.0,0.0
2026-09-09 15:33:43,convoy_waves,SRT_SRWT,42,1520.8,15,0,1200.0,1,Weld,1,39.5,39.5,39.5,0.0,17.4,1296.5,1296.5,1336.0,39.5,0.0
2026-09-09 15:33:43,convoy_waves,SRT_SRWT,42,1520.8,16,0,1200.0,0,Mill,3,20.0,20.0,20.0,0.0,16.8,1236.4,1236.4,1256.5,20.0,0.0
2026-09-09 15:33:43,convoy_waves,SRT_SRWT,42,1520.8,16,0,1200.0,1,Weld,1,24.9,24.9,24.9,0.0,29.6,1316.8,1351.3,1376.3,24.9,34.5
2026-09-09 15:33:43,convoy_waves,SRT_SRWT,42,1520.8,17,0,1200.0,0,Mill,3,20.0,20.0,20.0,0.0,50.8,1278.3,1278.3,1298.3,20.0,0.0
2026-09-09 15:33:43,convoy_waves,SRT_SRWT,42,1520.8,17,0,1200.0,1,Weld,1,41.5,41.5,41.5,0.0,45.6,1346.1,1376.3,1417.8,41.5,30.1
2026-09-09 15:33:43,convoy_waves,SRT_SRWT,42,1520.8,18,0,1200.0,0,Mill,3,20.0,20.0,20.0,0.0,19.9,1260.4,1260.4,1280.4,20.0,0.0
2026-09-09 15:33:43,convoy_waves,SRT_SRWT,42,1520.8,18,0,1200.0,1,Weld,1,51.4,51.4,51.4,0.0,22.9,1309.1,1417.8,1469.3,51.4,108.7
2026-09-09 15:33:43,convoy_waves,SRT_SRWT,42,1520.8,19,0,1200.0,0,Mill,3,20.0,20.0,20.0,0.0,20.2,1270.3,1270.3,1290.3,20.0,0.0
2026-09-09 15:33:43,convoy_waves,SRT_SRWT,42,1520.8,19,0,1200.0,1,Weld,1,15.3,15.3,15.3,0.0,23.8,1331.6,1336.0,1351.3,15.3,4.4
2026-09-09 15:34:22,convoy_waves,SRT_SRWT,43,1520.8,0,0,0.0,0,Mill,3,20.0,20.0,20.0,0.0,18.6,31.0,31.0,51.0,20.0,0.0
2026-09-09 15:34:22,convoy_waves,SRT_SRWT,43,1520.8,0,0,0.0,1,Weld,1,43.8,43.8,43.8,0.0,21.8,100.2,100.2,144.0,43.8,0.0
2026-09-09 15:34:22,convoy_waves,SRT_SRWT,43,1520.8,1,0,0.0,0,Mill,3,20.0,20.0,20.0,0.0,16.8,36.6,36.6,56.6,20.0,0.0
2026-09-09 15:34:22,convoy_waves,SRT_SRWT,43,1520.8,1,0,0.0,1,Weld,1,16.1,16.1,16.1,0.0,24.9,115.3,144.0,160.2,16.2,28.7
2026-09-09 15:34:22,convoy_waves,SRT_SRWT,43,1520.8,2,0,0.0,0,Mill,3,20.0,20.0,20.0,0.0,46.4,74.0,74.0,94.0,20.0,0.0
2026-09-09 15:34:22,convoy_waves,SRT_SRWT,43,1520.8,2,0,0.0,1,Weld,1,27.4,27.4,27.4,0.0,43.8,144.6,185.2,212.6,27.4,40.7
2026-09-09 15:34:22,convoy_waves,SRT_SRWT,43,1520.8,3,0,0.0,0,Mill,3,20.0,20.0,20.0,0.0,18.6,54.9,54.9,74.9,20.0,0.0
2026-09-09 15:34:22,convoy_waves,SRT_SRWT,43,1520.8,3,0,0.0,1,Weld,1,25.0,25.0,25.0,0.0,18.4,107.8,160.2,185.2,25.1,52.4
2026-09-09 15:34:22,convoy_waves,SRT_SRWT,43,1520.8,4,0,0.0,0,Mill,3,20.0,20.0,20.0,0.0,18.9,64.9,64.9,84.9,20.0,0.0
2026-09-09 15:34:22,convoy_waves,SRT_SRWT,43,1520.8,4,0,0.0,1,Weld,1,48.1,48.1,48.1,0.0,23.8,123.0,212.6,260.8,48.2,89.7
2026-09-09 15:34:22,convoy_waves,SRT_SRWT,43,1520.8,5,0,400.0,0,Mill,3,20.0,20.0,20.0,0.0,18.6,431.0,431.0,451.0,20.0,0.0
2026-09-09 15:34:22,convoy_waves,SRT_SRWT,43,1520.8,5,0,400.0,1,Weld,1,45.5,45.5,45.5,0.0,17.4,496.5,496.5,542.0,45.5,0.0
2026-09-09 15:34:22,convoy_waves,SRT_SRWT,43,1520.8,6,0,400.0,0,Mill,3,20.0,20.0,20.0,0.0,16.8,436.4,436.4,456.5,20.0,0.0
2026-09-09 15:34:22,convoy_waves,SRT_SRWT,43,1520.8,6,0,400.0,1,Weld,1,55.2,55.2,55.2,0.0,29.6,516.8,611.3,666.5,55.2,94.4
2026-09-09 15:34:22,convoy_waves,SRT_SRWT,43,1520.8,7,0,400.0,0,Mill,3,20.0,20.0,20.0,0.0,50.8,478.3,478.3,498.3,20.0,0.0
2026-09-09 15:34:22,convoy_waves,SRT_SRWT,43,1520.8,7,0,400.0,1,Weld,1,18.9,18.9,18.9,0.0,45.6,546.1,558.3,577.3,18.9,12.2
2026-09-09 15:34:22,convoy_waves,SRT_SRWT,43,1520.8,8,0,400.0,0,Mill,3,20.0,20.0,20.0,0.0,19.9,460.4,460.4,480.4,20.0,0.0
2026-09-09 15:34:22,convoy_waves,SRT_SRWT,43,1520.8,8,0,400.0,1,Weld,1,34.0,34.0,34.0,0.0,22.9,509.1,577.3,611.3,34.0,68.1
2026-09-09 15:34:22,convoy_waves,SRT_SRWT,43,1520.8,9,0,400.0,0,Mill,3,20.0,20.0,20.0,0.0,20.2,470.3,470.3,490.3,20.0,0.0
2026-09-09 15:34:22,convoy_waves,SRT_SRWT,43,1520.8,9,0,400.0,1,Weld,1,16.3,16.3,16.3,0.0,23.8,531.6,542.0,558.3,16.4,10.3
2026-09-09 15:34:22,convoy_waves,SRT_SRWT,43,1520.8,10,0,800.0,0,Mill,3,20.0,20.0,20.0,0.0,18.6,831.0,831.0,851.0,20.0,0.0
2026-09-09 15:34:22,convoy_waves,SRT_SRWT,43,1520.8,10,0,800.0,1,Weld,1,24.8,24.8,24.8,0.0,17.4,896.5,896.5,921.3,24.9,0.0
2026-09-09 15:34:22,convoy_waves,SRT_SRWT,43,1520.8,11,0,800.0,0,Mill,3,20.0,20.0,20.0,0.0,16.8,836.4,836.4,856.5,20.0,0.0
2026-09-09 15:34:22,convoy_waves,SRT_SRWT,43,1520.8,11,0,800.0,1,Weld,1,37.7,37.7,37.7,0.0,29.6,916.8,945.3,983.1,37.8,28.5
2026-09-09 15:34:22,convoy_waves,SRT_SRWT,43,1520.8,12,0,800.0,0,Mill,3,20.0,20.0,20.0,0.0,50.8,878.3,878.3,898.3,20.0,0.0
2026-09-09 15:34:22,convoy_waves,SRT_SRWT,43,1520.8,12,0,800.0,1,Weld,1,16.2,16.2,16.2,0.0,45.6,946.1,983.1,999.3,16.2,36.9
2026-09-09 15:34:22,convoy_waves,SRT_SRWT,43,1520.8,13,0,800.0,0,Mill,3,20.0,20.0,20.0,0.0,19.9,860.4,860.4,880.4,20.0,0.0
2026-09-09 15:34:22,convoy_waves,SRT_SRWT,43,1520.8,13,0,800.0,1,Weld,1,24.0,24.0,24.0,0.0,22.9,909.1,921.3,945.3,24.0,12.2
2026-09-09 15:34:22,convoy_waves,SRT_SRWT,43,1520.8,14,0,800.0,0,Mill,3,20.0,20.0,20.0,0.0,20.2,870.3,870.3,890.3,20.0,0.0
2026-09-09 15:34:22,convoy_waves,SRT_SRWT,43,1520.8,14,0,800.0,1,Weld,1,44.2,44.2,44.2,0.0,23.8,931.6,999.3,1043.6,44.3,67.7
2026-09-09 15:34:22,convoy_waves,SRT_SRWT,43,1520.8,15,0,1200.0,0,Mill,3,20.0,20.0,20.0,0.0,18.6,1231.0,1231.0,1251.0,20.0,0.0
2026-09-09 15:34:22,convoy_waves,SRT_SRWT,43,1520.8,15,0,1200.0,1,Weld,1,39.5,39.5,39.5,0.0,17.4,1296.5,1296.5,1336.0,39.5,0.0
2026-09-09 15:34:22,convoy_waves,SRT_SRWT,43,1520.8,16,0,1200.0,0,Mill,3,20.0,20.0,20.0,0.0,16.8,1236.4,1236.4,1256.5,20.0,0.0
2026-09-09 15:34:22,convoy_waves,SRT_SRWT,43,1520.8,16,0,1200.0,1,Weld,1,24.9,24.9,24.9,0.0,29.6,1316.8,1351.3,1376.3,24.9,34.5
2026-09-09 15:34:22,convoy_waves,SRT_SRWT,43,1520.8,17,0,1200.0,0,Mill,3,20.0,20.0,20.0,0.0,50.8,1278.3,1278.3,1298.3,20.0,0.0
2026-09-09 15:34:22,convoy_waves,SRT_SRWT,43,1520.8,17,0,1200.0,1,Weld,1,41.5,41.5,41.5,0.0,45.6,1346.1,1376.3,1417.8,41.5,30.1
2026-09-09 15:34:22,convoy_waves,SRT_SRWT,43,1520.8,18,0,1200.0,0,Mill,3,20.0,20.0,20.0,0.0,19.9,1260.4,1260.4,1280.4,20.0,0.0
2026-09-09 15:34:22,convoy_waves,SRT_SRWT,43,1520.8,18,0,1200.0,1,Weld,1,51.4,51.4,51.4,0.0,22.9,1309.1,1417.8,1469.3,51.4,108.7
2026-09-09 15:34:22,convoy_waves,SRT_SRWT,43,1520.8,19,0,1200.0,0,Mill,3,20.0,20.0,20.0,0.0,20.2,1270.3,1270.3,1290.3,20.0,0.0
2026-09-09 15:34:22,convoy_waves,SRT_SRWT,43,1520.8,19,0,1200.0,1,Weld,1,15.3,15.3,15.3,0.0,23.8,1331.6,1336.0,1351.3,15.3,4.4
2026-09-09 15:35:00,convoy_waves,SRT_SRWT,44,1520.8,0,0,0.0,0,Mill,3,20.0,20.0,20.0,0.0,18.6,31.0,31.0,51.0,20.0,0.0
2026-09-09 15:35:00,convoy_waves,SRT_SRWT,44,1520.8,0,0,0.0,1,Weld,1,43.8,43.8,43.8,0.0,21.8,100.2,100.2,144.0,43.8,0.0
2026-09-09 15:35:00,convoy_waves,SRT_SRWT,44,1520.8,1,0,0.0,0,Mill,3,20.0,20.0,20.0,0.0,16.8,36.6,36.6,56.6,20.0,0.0
2026-09-09 15:35:00,convoy_waves,SRT_SRWT,44,1520.8,1,0,0.0,1,Weld,1,16.1,16.1,16.1,0.0,24.9,115.3,144.0,160.2,16.2,28.7
2026-09-09 15:35:00,convoy_waves,SRT_SRWT,44,1520.8,2,0,0.0,0,Mill,3,20.0,20.0,20.0,0.0,46.4,74.0,74.0,94.0,20.0,0.0
2026-09-09 15:35:00,convoy_waves,SRT_SRWT,44,1520.8,2,0,0.0,1,Weld,1,27.4,27.4,27.4,0.0,43.8,144.6,185.2,212.6,27.4,40.7
2026-09-09 15:35:00,convoy_waves,SRT_SRWT,44,1520.8,3,0,0.0,0,Mill,3,20.0,20.0,20.0,0.0,18.6,54.9,54.9,74.9,20.0,0.0
2026-09-09 15:35:00,convoy_waves,SRT_SRWT,44,1520.8,3,0,0.0,1,Weld,1,25.0,25.0,25.0,0.0,18.4,107.8,160.2,185.2,25.1,52.4
2026-09-09 15:35:00,convoy_waves,SRT_SRWT,44,1520.8,4,0,0.0,0,Mill,3,20.0,20.0,20.0,0.0,18.9,64.9,64.9,84.9,20.0,0.0
2026-09-09 15:35:00,convoy_waves,SRT_SRWT,44,1520.8,4,0,0.0,1,Weld,1,48.1,48.1,48.1,0.0,23.8,123.0,212.6,260.8,48.2,89.7
2026-09-09 15:35:00,convoy_waves,SRT_SRWT,44,1520.8,5,0,400.0,0,Mill,3,20.0,20.0,20.0,0.0,18.6,431.0,431.0,451.0,20.0,0.0
2026-09-09 15:35:00,convoy_waves,SRT_SRWT,44,1520.8,5,0,400.0,1,Weld,1,45.5,45.5,45.5,0.0,17.4,496.5,496.5,542.0,45.5,0.0
2026-09-09 15:35:00,convoy_waves,SRT_SRWT,44,1520.8,6,0,400.0,0,Mill,3,20.0,20.0,20.0,0.0,16.8,436.4,436.4,456.5,20.0,0.0
2026-09-09 15:35:00,convoy_waves,SRT_SRWT,44,1520.8,6,0,400.0,1,Weld,1,55.2,55.2,55.2,0.0,29.6,516.8,611.3,666.5,55.2,94.4
2026-09-09 15:35:00,convoy_waves,SRT_SRWT,44,1520.8,7,0,400.0,0,Mill,3,20.0,20.0,20.0,0.0,50.8,478.3,478.3,498.3,20.0,0.0
2026-09-09 15:35:00,convoy_waves,SRT_SRWT,44,1520.8,7,0,400.0,1,Weld,1,18.9,18.9,18.9,0.0,45.6,546.1,558.3,577.3,18.9,12.2
2026-09-09 15:35:00,convoy_waves,SRT_SRWT,44,1520.8,8,0,400.0,0,Mill,3,20.0,20.0,20.0,0.0,19.9,460.4,460.4,480.4,20.0,0.0
2026-09-09 15:35:00,convoy_waves,SRT_SRWT,44,1520.8,8,0,400.0,1,Weld,1,34.0,34.0,34.0,0.0,22.9,509.1,577.3,611.3,34.0,68.1
2026-09-09 15:35:00,convoy_waves,SRT_SRWT,44,1520.8,9,0,400.0,0,Mill,3,20.0,20.0,20.0,0.0,20.2,470.3,470.3,490.3,20.0,0.0
2026-09-09 15:35:00,convoy_waves,SRT_SRWT,44,1520.8,9,0,400.0,1,Weld,1,16.3,16.3,16.3,0.0,23.8,531.6,542.0,558.3,16.4,10.3
2026-09-09 15:35:00,convoy_waves,SRT_SRWT,44,1520.8,10,0,800.0,0,Mill,3,20.0,20.0,20.0,0.0,18.6,831.0,831.0,851.0,20.0,0.0
2026-09-09 15:35:00,convoy_waves,SRT_SRWT,44,1520.8,10,0,800.0,1,Weld,1,24.8,24.8,24.8,0.0,17.4,896.5,896.5,921.3,24.9,0.0
2026-09-09 15:35:00,convoy_waves,SRT_SRWT,44,1520.8,11,0,800.0,0,Mill,3,20.0,20.0,20.0,0.0,16.8,836.4,836.4,856.5,20.0,0.0
2026-09-09 15:35:00,convoy_waves,SRT_SRWT,44,1520.8,11,0,800.0,1,Weld,1,37.7,37.7,37.7,0.0,29.6,916.8,945.3,983.1,37.8,28.5
2026-09-09 15:35:00,convoy_waves,SRT_SRWT,44,1520.8,12,0,800.0,0,Mill,3,20.0,20.0,20.0,0.0,50.8,878.3,878.3,898.3,20.0,0.0
2026-09-09 15:35:00,convoy_waves,SRT_SRWT,44,1520.8,12,0,800.0,1,Weld,1,16.2,16.2,16.2,0.0,45.6,946.1,983.1,999.3,16.2,36.9
2026-09-09 15:35:00,convoy_waves,SRT_SRWT,44,1520.8,13,0,800.0,0,Mill,3,20.0,20.0,20.0,0.0,19.9,860.4,860.4,880.4,20.0,0.0
2026-09-09 15:35:00,convoy_waves,SRT_SRWT,44,1520.8,13,0,800.0,1,Weld,1,24.0,24.0,24.0,0.0,22.9,909.1,921.3,945.3,24.0,12.2
2026-09-09 15:35:00,convoy_waves,SRT_SRWT,44,1520.8,14,0,800.0,0,Mill,3,20.0,20.0,20.0,0.0,20.2,870.3,870.3,890.3,20.0,0.0
2026-09-09 15:35:00,convoy_waves,SRT_SRWT,44,1520.8,14,0,800.0,1,Weld,1,44.2,44.2,44.2,0.0,23.8,931.6,999.3,1043.6,44.3,67.7
2026-09-09 15:35:00,convoy_waves,SRT_SRWT,44,1520.8,15,0,1200.0,0,Mill,3,20.0,20.0,20.0,0.0,18.6,1231.0,1231.0,1251.0,20.0,0.0
2026-09-09 15:35:00,convoy_waves,SRT_SRWT,44,1520.8,15,0,1200.0,1,Weld,1,39.5,39.5,39.5,0.0,17.4,1296.5,1296.5,1336.0,39.5,0.0
2026-09-09 15:35:00,convoy_waves,SRT_SRWT,44,1520.8,16,0,1200.0,0,Mill,3,20.0,20.0,20.0,0.0,16.8,1236.4,1236.4,1256.5,20.0,0.0
2026-09-09 15:35:00,convoy_waves,SRT_SRWT,44,1520.8,16,0,1200.0,1,Weld,1,24.9,24.9,24.9,0.0,29.6,1316.8,1351.3,1376.3,24.9,34.5
2026-09-09 15:35:00,convoy_waves,SRT_SRWT,44,1520.8,17,0,1200.0,0,Mill,3,20.0,20.0,20.0,0.0,50.8,1278.3,1278.3,1298.3,20.0,0.0
2026-09-09 15:35:00,convoy_waves,SRT_SRWT,44,1520.8,17,0,1200.0,1,Weld,1,41.5,41.5,41.5,0.0,45.6,1346.1,1376.3,1417.8,41.5,30.1
2026-09-09 15:35:00,convoy_waves,SRT_SRWT,44,1520.8,18,0,1200.0,0,Mill,3,20.0,20.0,20.0,0.0,19.9,1260.4,1260.4,1280.4,20.0,0.0
2026-09-09 15:35:00,convoy_waves,SRT_SRWT,44,1520.8,18,0,1200.0,1,Weld,1,51.4,51.4,51.4,0.0,22.9,1309.1,1417.8,1469.3,51.4,108.7
2026-09-09 15:35:00,convoy_waves,SRT_SRWT,44,1520.8,19,0,1200.0,0,Mill,3,20.0,20.0,20.0,0.0,20.2,1270.3,1270.3,1290.3,20.0,0.0
2026-09-09 15:35:00,convoy_waves,SRT_SRWT,44,1520.8,19,0,1200.0,1,Weld,1,15.3,15.3,15.3,0.0,23.8,1331.6,1336.0,1351.3,15.3,4.4
2026-09-09 15:35:11,identical_batch,SRT_SRWT,42,383.5,0,0,0.0,0,Mill,3,20.0,20.0,20.0,0.0,18.6,31.0,31.0,51.0,20.0,0.0
2026-09-09 15:35:11,identical_batch,SRT_SRWT,42,383.5,0,0,0.0,1,Weld,1,40.0,40.0,40.0,0.0,29.9,106.8,132.3,172.4,40.0,25.5
2026-09-09 15:35:11,identical_batch,SRT_SRWT,42,383.5,1,0,0.0,0,Mill,3,20.0,20.0,20.0,0.0,16.8,36.6,36.6,56.6,20.0,0.0
2026-09-09 15:35:11,identical_batch,SRT_SRWT,42,383.5,1,0,0.0,1,Weld,1,40.0,40.0,40.0,0.0,33.5,92.3,92.3,132.3,40.0,0.0
2026-09-09 15:35:11,identical_batch,SRT_SRWT,42,383.5,2,0,0.0,0,Mill,3,20.0,20.0,20.0,0.0,46.4,74.0,74.0,94.0,20.0,0.0
2026-09-09 15:35:11,identical_batch,SRT_SRWT,42,383.5,2,0,0.0,1,Weld,1,40.0,40.0,40.0,0.0,47.7,148.5,172.4,212.4,40.0,23.9
2026-09-09 15:35:11,identical_batch,SRT_SRWT,42,383.5,3,0,0.0,0,Mill,3,20.0,20.0,20.0,0.0,18.6,54.9,54.9,74.9,20.0,0.0
2026-09-09 15:35:11,identical_batch,SRT_SRWT,42,383.5,3,0,0.0,1,Weld,1,40.0,40.0,40.0,0.0,35.1,119.2,212.4,252.4,40.0,93.2
2026-09-09 15:35:11,identical_batch,SRT_SRWT,42,383.5,4,0,0.0,0,Mill,3,20.0,20.0,20.0,0.0,18.6,64.6,64.6,84.6,20.0,0.0
2026-09-09 15:35:11,identical_batch,SRT_SRWT,42,383.5,4,0,0.0,1,Weld,1,40.0,40.0,40.0,0.0,22.8,140.9,252.4,292.4,40.0,111.5
2026-09-09 15:35:11,identical_batch,SRT_SRWT,42,383.5,5,0,0.0,0,Mill,3,20.0,20.0,20.0,0.0,41.5,107.0,107.0,127.0,20.0,0.0
2026-09-09 15:35:11,identical_batch,SRT_SRWT,42,383.5,5,0,0.0,1,Weld,1,40.0,40.0,40.0,0.0,46.4,184.4,292.4,332.4,40.0,108.1
2026-09-09 15:35:21,identical_batch,SRT_SRWT,43,383.5,0,0,0.0,0,Mill,3,20.0,20.0,20.0,0.0,18.6,31.0,31.0,51.0,20.0,0.0
2026-09-09 15:35:21,identical_batch,SRT_SRWT,43,383.5,0,0,0.0,1,Weld,1,40.0,40.0,40.0,0.0,29.9,106.8,132.3,172.4,40.0,25.5
2026-09-09 15:35:21,identical_batch,SRT_SRWT,43,383.5,1,0,0.0,0,Mill,3,20.0,20.0,20.0,0.0,16.8,36.6,36.6,56.6,20.0,0.0
2026-09-09 15:35:21,identical_batch,SRT_SRWT,43,383.5,1,0,0.0,1,Weld,1,40.0,40.0,40.0,0.0,33.5,92.3,92.3,132.3,40.0,0.0
2026-09-09 15:35:21,identical_batch,SRT_SRWT,43,383.5,2,0,0.0,0,Mill,3,20.0,20.0,20.0,0.0,46.4,74.0,74.0,94.0,20.0,0.0
2026-09-09 15:35:21,identical_batch,SRT_SRWT,43,383.5,2,0,0.0,1,Weld,1,40.0,40.0,40.0,0.0,47.7,148.5,172.4,212.4,40.0,23.9
2026-09-09 15:35:21,identical_batch,SRT_SRWT,43,383.5,3,0,0.0,0,Mill,3,20.0,20.0,20.0,0.0,18.6,54.9,54.9,74.9,20.0,0.0
2026-09-09 15:35:21,identical_batch,SRT_SRWT,43,383.5,3,0,0.0,1,Weld,1,40.0,40.0,40.0,0.0,35.1,119.2,212.4,252.4,40.0,93.2
2026-09-09 15:35:21,identical_batch,SRT_SRWT,43,383.5,4,0,0.0,0,Mill,3,20.0,20.0,20.0,0.0,18.6,64.6,64.6,84.6,20.0,0.0
2026-09-09 15:35:21,identical_batch,SRT_SRWT,43,383.5,4,0,0.0,1,Weld,1,40.0,40.0,40.0,0.0,22.8,140.9,252.4,292.4,40.0,111.5
2026-09-09 15:35:21,identical_batch,SRT_SRWT,43,383.5,5,0,0.0,0,Mill,3,20.0,20.0,20.0,0.0,41.5,107.0,107.0,127.0,20.0,0.0
2026-09-09 15:35:21,identical_batch,SRT_SRWT,43,383.5,5,0,0.0,1,Weld,1,40.0,40.0,40.0,0.0,46.4,184.4,292.4,332.4,40.0,108.1
2026-09-09 15:35:31,identical_batch,SRT_SRWT,44,383.5,0,0,0.0,0,Mill,3,20.0,20.0,20.0,0.0,18.6,31.0,31.0,51.0,20.0,0.0
2026-09-09 15:35:31,identical_batch,SRT_SRWT,44,383.5,0,0,0.0,1,Weld,1,40.0,40.0,40.0,0.0,29.9,106.8,132.3,172.4,40.0,25.5
2026-09-09 15:35:31,identical_batch,SRT_SRWT,44,383.5,1,0,0.0,0,Mill,3,20.0,20.0,20.0,0.0,16.8,36.6,36.6,56.6,20.0,0.0
2026-09-09 15:35:31,identical_batch,SRT_SRWT,44,383.5,1,0,0.0,1,Weld,1,40.0,40.0,40.0,0.0,33.5,92.3,92.3,132.3,40.0,0.0
2026-09-09 15:35:31,identical_batch,SRT_SRWT,44,383.5,2,0,0.0,0,Mill,3,20.0,20.0,20.0,0.0,46.4,74.0,74.0,94.0,20.0,0.0
2026-09-09 15:35:31,identical_batch,SRT_SRWT,44,383.5,2,0,0.0,1,Weld,1,40.0,40.0,40.0,0.0,47.7,148.5,172.4,212.4,40.0,23.9
2026-09-09 15:35:31,identical_batch,SRT_SRWT,44,383.5,3,0,0.0,0,Mill,3,20.0,20.0,20.0,0.0,18.6,54.9,54.9,74.9,20.0,0.0
2026-09-09 15:35:31,identical_batch,SRT_SRWT,44,383.5,3,0,0.0,1,Weld,1,40.0,40.0,40.0,0.0,35.1,119.2,212.4,252.4,40.0,93.2
2026-09-09 15:35:31,identical_batch,SRT_SRWT,44,383.5,4,0,0.0,0,Mill,3,20.0,20.0,20.0,0.0,18.6,64.6,64.6,84.6,20.0,0.0
2026-09-09 15:35:31,identical_batch,SRT_SRWT,44,383.5,4,0,0.0,1,Weld,1,40.0,40.0,40.0,0.0,22.8,140.9,252.4,292.4,40.0,111.5
2026-09-09 15:35:31,identical_batch,SRT_SRWT,44,383.5,5,0,0.0,0,Mill,3,20.0,20.0,20.0,0.0,41.5,107.0,107.0,127.0,20.0,0.0
2026-09-09 15:35:31,identical_batch,SRT_SRWT,44,383.5,5,0,0.0,1,Weld,1,40.0,40.0,40.0,0.0,46.4,184.4,292.4,332.4,40.0,108.1
2026-09-09 15:35:44,single_bottleneck,SRT_SRWT,42,491.7,0,0,0.0,0,Mill,3,20.0,20.0,20.0,0.0,18.6,31.0,31.0,51.0,20.0,0.0
2026-09-09 15:35:44,single_bottleneck,SRT_SRWT,42,491.7,0,0,0.0,1,Weld,1,61.2,61.2,61.2,0.0,18.2,76.1,76.1,137.2,61.2,0.0
2026-09-09 15:35:44,single_bottleneck,SRT_SRWT,42,491.7,1,0,0.0,0,Mill,3,20.0,20.0,20.0,0.0,16.8,36.6,36.6,56.6,20.0,0.0
2026-09-09 15:35:44,single_bottleneck,SRT_SRWT,42,491.7,1,0,0.0,1,Weld,1,12.0,12.0,12.0,0.0,34.0,99.9,137.2,149.3,12.0,37.4
2026-09-09 15:35:44,single_bottleneck,SRT_SRWT,42,491.7,2,0,0.0,0,Mill,3,20.0,20.0,20.0,0.0,38.6,66.2,66.2,86.2,20.0,0.0
2026-09-09 15:35:44,single_bottleneck,SRT_SRWT,42,491.7,2,0,0.0,1,Weld,1,32.0,32.0,32.0,0.0,46.6,139.6,194.1,226.1,32.0,54.5
2026-09-09 15:35:44,single_bottleneck,SRT_SRWT,42,491.7,3,0,0.0,0,Mill,3,20.0,20.0,20.0,0.0,31.1,81.9,85.0,105.1,20.0,3.1
2026-09-09 15:35:44,single_bottleneck,SRT_SRWT,42,491.7,3,0,0.0,1,Weld,1,27.9,27.9,27.9,0.0,30.1,154.9,166.2,194.1,27.9,11.3
2026-09-09 15:35:44,single_bottleneck,SRT_SRWT,42,491.7,4,0,0.0,0,Mill,3,20.0,20.0,20.0,0.0,25.1,82.8,82.8,102.8,20.0,0.0
2026-09-09 15:35:44,single_bottleneck,SRT_SRWT,42,491.7,4,0,0.0,1,Weld,1,68.9,68.9,68.9,0.0,36.1,147.3,290.3,359.2,68.9,143.0
2026-09-09 15:35:44,single_bottleneck,SRT_SRWT,42,491.7,5,0,0.0,0,Mill,3,20.0,20.0,20.0,0.0,39.9,114.6,114.6,134.6,20.0,0.0
2026-09-09 15:35:44,single_bottleneck,SRT_SRWT,42,491.7,5,0,0.0,1,Weld,1,64.1,64.1,64.1,0.0,4.7,146.0,226.1,290.3,64.2,80.1
2026-09-09 15:35:44,single_bottleneck,SRT_SRWT,42,491.7,6,0,0.0,0,Mill,3,20.0,20.0,20.0,0.0,23.8,65.0,65.0,85.0,20.0,0.0
2026-09-09 15:35:44,single_bottleneck,SRT_SRWT,42,491.7,6,0,0.0,1,Weld,1,81.4,81.4,81.4,0.0,26.0,124.9,359.2,440.6,81.4,234.3
2026-09-09 15:35:44,single_bottleneck,SRT_SRWT,42,491.7,7,0,0.0,0,Mill,3,20.0,20.0,20.0,0.0,16.8,53.2,56.6,76.6,20.0,3.4
2026-09-09 15:35:44,single_bottleneck,SRT_SRWT,42,491.7,7,0,0.0,1,Weld,1,17.0,17.0,17.0,0.0,27.2,117.2,149.3,166.2,17.0,32.0
2026-09-09 15:35:57,single_bottleneck,SRT_SRWT,43,491.7,0,0,0.0,0,Mill,3,20.0,20.0,20.0,0.0,18.6,31.0,31.0,51.0,20.0,0.0
2026-09-09 15:35:57,single_bottleneck,SRT_SRWT,43,491.7,0,0,0.0,1,Weld,1,61.2,61.2,61.2,0.0,18.2,76.1,76.1,137.2,61.2,0.0
2026-09-09 15:35:57,single_bottleneck,SRT_SRWT,43,491.7,1,0,0.0,0,Mill,3,20.0,20.0,20.0,0.0,16.8,36.6,36.6,56.6,20.0,0.0
2026-09-09 15:35:57,single_bottleneck,SRT_SRWT,43,491.7,1,0,0.0,1,Weld,1,12.0,12.0,12.0,0.0,34.0,99.9,137.2,149.3,12.0,37.4
2026-09-09 15:35:57,single_bottleneck,SRT_SRWT,43,491.7,2,0,0.0,0,Mill,3,20.0,20.0,20.0,0.0,38.6,66.2,66.2,86.2,20.0,0.0
2026-09-09 15:35:57,single_bottleneck,SRT_SRWT,43,491.7,2,0,0.0,1,Weld,1,32.0,32.0,32.0,0.0,46.6,139.6,194.1,226.1,32.0,54.5
2026-09-09 15:35:57,single_bottleneck,SRT_SRWT,43,491.7,3,0,0.0,0,Mill,3,20.0,20.0,20.0,0.0,31.1,81.9,85.0,105.1,20.0,3.1
2026-09-09 15:35:57,single_bottleneck,SRT_SRWT,43,491.7,3,0,0.0,1,Weld,1,27.9,27.9,27.9,0.0,30.1,154.9,166.2,194.1,27.9,11.3
2026-09-09 15:35:57,single_bottleneck,SRT_SRWT,43,491.7,4,0,0.0,0,Mill,3,20.0,20.0,20.0,0.0,25.1,82.8,82.8,102.8,20.0,0.0
2026-09-09 15:35:57,single_bottleneck,SRT_SRWT,43,491.7,4,0,0.0,1,Weld,1,68.9,68.9,68.9,0.0,36.1,147.3,290.3,359.2,68.9,143.0
2026-09-09 15:35:57,single_bottleneck,SRT_SRWT,43,491.7,5,0,0.0,0,Mill,3,20.0,20.0,20.0,0.0,39.9,114.6,114.6,134.6,20.0,0.0
2026-09-09 15:35:57,single_bottleneck,SRT_SRWT,43,491.7,5,0,0.0,1,Weld,1,64.1,64.1,64.1,0.0,4.7,146.0,226.1,290.3,64.2,80.1
2026-09-09 15:35:57,single_bottleneck,SRT_SRWT,43,491.7,6,0,0.0,0,Mill,3,20.0,20.0,20.0,0.0,23.8,65.0,65.0,85.0,20.0,0.0
2026-09-09 15:35:57,single_bottleneck,SRT_SRWT,43,491.7,6,0,0.0,1,Weld,1,81.4,81.4,81.4,0.0,26.0,124.9,359.2,440.6,81.4,234.3
2026-09-09 15:35:57,single_bottleneck,SRT_SRWT,43,491.7,7,0,0.0,0,Mill,3,20.0,20.0,20.0,0.0,16.8,53.2,56.6,76.6,20.0,3.4
2026-09-09 15:35:57,single_bottleneck,SRT_SRWT,43,491.7,7,0,0.0,1,Weld,1,17.0,17.0,17.0,0.0,27.2,117.2,149.3,166.2,17.0,32.0
2026-09-09 15:36:10,single_bottleneck,SRT_SRWT,44,491.7,0,0,0.0,0,Mill,3,20.0,20.0,20.0,0.0,18.6,31.0,31.0,51.0,20.0,0.0
2026-09-09 15:36:10,single_bottleneck,SRT_SRWT,44,491.7,0,0,0.0,1,Weld,1,61.2,61.2,61.2,0.0,18.2,76.1,76.1,137.2,61.2,0.0
2026-09-09 15:36:10,single_bottleneck,SRT_SRWT,44,491.7,1,0,0.0,0,Mill,3,20.0,20.0,20.0,0.0,16.8,36.6,36.6,56.6,20.0,0.0
2026-09-09 15:36:10,single_bottleneck,SRT_SRWT,44,491.7,1,0,0.0,1,Weld,1,12.0,12.0,12.0,0.0,34.0,99.9,137.2,149.3,12.0,37.4
2026-09-09 15:36:10,single_bottleneck,SRT_SRWT,44,491.7,2,0,0.0,0,Mill,3,20.0,20.0,20.0,0.0,38.6,66.2,66.2,86.2,20.0,0.0
2026-09-09 15:36:10,single_bottleneck,SRT_SRWT,44,491.7,2,0,0.0,1,Weld,1,32.0,32.0,32.0,0.0,46.6,139.6,194.1,226.1,32.0,54.5
2026-09-09 15:36:10,single_bottleneck,SRT_SRWT,44,491.7,3,0,0.0,0,Mill,3,20.0,20.0,20.0,0.0,31.1,81.9,85.0,105.1,20.0,3.1
2026-09-09 15:36:10,single_bottleneck,SRT_SRWT,44,491.7,3,0,0.0,1,Weld,1,27.9,27.9,27.9,0.0,30.1,154.9,166.2,194.1,27.9,11.3
2026-09-09 15:36:10,single_bottleneck,SRT_SRWT,44,491.7,4,0,0.0,0,Mill,3,20.0,20.0,20.0,0.0,25.1,82.8,82.8,102.8,20.0,0.0
2026-09-09 15:36:10,single_bottleneck,SRT_SRWT,44,491.7,4,0,0.0,1,Weld,1,68.9,68.9,68.9,0.0,36.1,147.3,290.3,359.2,68.9,143.0
2026-09-09 15:36:10,single_bottleneck,SRT_SRWT,44,491.7,5,0,0.0,0,Mill,3,20.0,20.0,20.0,0.0,39.9,114.6,114.6,134.6,20.0,0.0
2026-09-09 15:36:10,single_bottleneck,SRT_SRWT,44,491.7,5,0,0.0,1,Weld,1,64.1,64.1,64.1,0.0,4.7,146.0,226.1,290.3,64.2,80.1
2026-09-09 15:36:10,single_bottleneck,SRT_SRWT,44,491.7,6,0,0.0,0,Mill,3,20.0,20.0,20.0,0.0,23.8,65.0,65.0,85.0,20.0,0.0
2026-09-09 15:36:10,single_bottleneck,SRT_SRWT,44,491.7,6,0,0.0,1,Weld,1,81.4,81.4,81.4,0.0,26.0,124.9,359.2,440.6,81.4,234.3
2026-09-09 15:36:10,single_bottleneck,SRT_SRWT,44,491.7,7,0,0.0,0,Mill,3,20.0,20.0,20.0,0.0,16.8,53.2,56.6,76.6,20.0,3.4
2026-09-09 15:36:10,single_bottleneck,SRT_SRWT,44,491.7,7,0,0.0,1,Weld,1,17.0,17.0,17.0,0.0,27.2,117.2,149.3,166.2,17.0,32.0
2026-09-09 15:36:30,sparse_bottleneck_floor,SRT_SRWT,42,727.72,0,0,0.0,0,Mill,3,31.0,31.0,31.0,0.0,18.6,31.2,31.2,62.3,31.0,0.0
2026-09-09 15:36:30,sparse_bottleneck_floor,SRT_SRWT,42,727.72,0,0,0.0,1,Weld,1,16.1,16.1,16.1,0.0,48.7,166.1,177.4,193.5,16.2,11.2
2026-09-09 15:36:30,sparse_bottleneck_floor,SRT_SRWT,42,727.72,0,0,0.0,2,Assemble,3,21.9,21.9,21.9,0.0,14.8,217.9,217.9,239.8,21.9,0.0
2026-09-09 15:36:30,sparse_bottleneck_floor,SRT_SRWT,42,727.72,1,0,0.0,0,Mill,3,20.6,20.6,20.6,0.0,18.6,38.9,38.9,59.5,20.6,0.0
2026-09-09 15:36:30,sparse_bottleneck_floor,SRT_SRWT,42,727.72,1,0,0.0,1,Weld,1,48.1,48.1,48.1,0.0,41.7,113.8,113.8,162.0,48.2,0.0
2026-09-09 15:36:30,sparse_bottleneck_floor,SRT_SRWT,42,727.72,1,0,0.0,2,Assemble,3,31.9,31.9,31.9,0.0,37.4,205.1,205.1,237.0,31.9,0.0
2026-09-09 15:36:30,sparse_bottleneck_floor,SRT_SRWT,42,727.72,2,0,0.0,0,Mill,3,37.3,37.3,37.3,0.0,34.1,75.5,103.4,140.7,37.3,27.9
2026-09-09 15:36:30,sparse_bottleneck_floor,SRT_SRWT,42,727.72,2,0,0.0,1,Weld,1,18.9,18.9,18.9,0.0,6.4,190.1,193.5,212.5,18.9,3.4
2026-09-09 15:36:30,sparse_bottleneck_floor,SRT_SRWT,42,727.72,2,0,0.0,2,Assemble,3,25.6,25.6,25.6,0.0,37.2,254.8,254.8,280.4,25.6,0.0
2026-09-09 15:36:30,sparse_bottleneck_floor,SRT_SRWT,42,727.72,3,0,0.0,0,Mill,3,15.7,15.7,15.7,0.0,19.6,48.7,59.5,75.3,15.8,10.8
2026-09-09 15:36:30,sparse_bottleneck_floor,SRT_SRWT,42,727.72,3,0,0.0,1,Weld,1,24.8,24.8,24.8,0.0,53.9,180.8,242.9,267.7,24.9,62.1
2026-09-09 15:36:30,sparse_bottleneck_floor,SRT_SRWT,42,727.72,3,0,0.0,2,Assemble,3,27.6,27.6,27.6,0.0,38.7,312.9,312.9,340.6,27.7,0.0
2026-09-09 15:36:30,sparse_bottleneck_floor,SRT_SRWT,42,727.72,4,0,0.0,0,Mill,3,15.7,15.7,15.7,0.0,27.4,79.2,101.6,117.3,15.7,22.4
2026-09-09 15:36:30,sparse_bottleneck_floor,SRT_SRWT,42,727.72,4,0,0.0,1,Weld,1,24.0,24.0,24.0,0.0,43.8,236.0,322.9,346.9,24.0,86.9
2026-09-09 15:36:30,sparse_bottleneck_floor,SRT_SRWT,42,727.72,4,0,0.0,2,Assemble,3,31.3,31.3,31.3,0.0,17.1,393.8,393.8,425.1,31.3,0.0
2026-09-09 15:36:30,sparse_bottleneck_floor,SRT_SRWT,42,727.72,5,0,0.0,0,Mill,3,28.6,28.6,28.6,0.0,31.1,93.3,125.2,153.9,28.6,31.9
2026-09-09 15:36:30,sparse_bottleneck_floor,SRT_SRWT,42,727.72,5,0,0.0,1,Weld,1,24.9,24.9,24.9,0.0,44.9,216.1,267.7,292.7,24.9,51.6
2026-09-09 15:36:30,sparse_bottleneck_floor,SRT_SRWT,42,727.72,5,0,0.0,2,Assemble,3,29.7,29.7,29.7,0.0,27.8,325.4,325.4,355.1,29.8,0.0
2026-09-09 15:36:30,sparse_bottleneck_floor,SRT_SRWT,42,727.72,6,0,0.0,0,Mill,3,35.2,35.2,35.2,0.0,31.5,68.1,68.1,103.4,35.3,0.0
2026-09-09 15:36:30,sparse_bottleneck_floor,SRT_SRWT,42,727.72,6,0,0.0,1,Weld,1,15.3,15.3,15.3,0.0,6.4,160.4,162.0,177.3,15.3,1.6
2026-09-09 15:36:30,sparse_bottleneck_floor,SRT_SRWT,42,727.72,6,0,0.0,2,Assemble,3,35.2,35.2,35.2,0.0,38.6,220.9,220.9,256.1,35.2,0.0
2026-09-09 15:36:30,sparse_bottleneck_floor,SRT_SRWT,42,727.72,7,0,0.0,0,Mill,3,32.5,32.5,32.5,0.0,22.2,69.1,69.1,101.6,32.5,0.0
2026-09-09 15:36:30,sparse_bottleneck_floor,SRT_SRWT,42,727.72,7,0,0.0,1,Weld,1,30.3,30.3,30.3,0.0,38.9,201.6,212.5,242.8,30.3,10.9
2026-09-09 15:36:30,sparse_bottleneck_floor,SRT_SRWT,42,727.72,7,0,0.0,2,Assemble,3,18.9,18.9,18.9,0.0,42.7,359.2,359.2,378.1,18.9,0.0
2026-09-09 15:36:30,sparse_bottleneck_floor,SRT_SRWT,42,727.72,8,0,0.0,0,Mill,3,38.9,38.9,38.9,0.0,29.0,86.2,86.2,125.2,39.0,0.0
2026-09-09 15:36:30,sparse_bottleneck_floor,SRT_SRWT,42,727.72,8,0,0.0,1,Weld,1,30.2,30.2,30.2,0.0,45.4,286.7,292.7,322.9,30.2,6.0
2026-09-09 15:36:30,sparse_bottleneck_floor,SRT_SRWT,42,727.72,8,0,0.0,2,Assemble,3,17.3,17.3,17.3,0.0,43.7,381.9,381.9,399.2,17.3,0.0
2026-09-09 15:36:30,sparse_bottleneck_floor,SRT_SRWT,42,727.72,9,0,0.0,0,Mill,3,17.4,17.4,17.4,0.0,31.7,116.3,180.1,197.6,17.4,63.8
2026-09-09 15:36:30,sparse_bottleneck_floor,SRT_SRWT,42,727.72,9,0,0.0,1,Weld,1,53.1,53.1,53.1,0.0,6.4,254.3,544.6,597.7,53.2,290.3
2026-09-09 15:36:30,sparse_bottleneck_floor,SRT_SRWT,42,727.72,9,0,0.0,2,Assemble,3,30.1,30.1,30.1,0.0,43.1,646.1,646.1,676.3,30.1,0.0
2026-09-09 15:36:30,sparse_bottleneck_floor,SRT_SRWT,42,727.72,10,0,0.0,0,Mill,3,35.2,35.2,35.2,0.0,18.6,110.2,117.3,152.5,35.2,7.1
2026-09-09 15:36:30,sparse_bottleneck_floor,SRT_SRWT,42,727.72,10,0,0.0,1,Weld,1,47.8,47.8,47.8,0.0,47.2,296.0,379.0,426.8,47.9,82.9
2026-09-09 15:36:30,sparse_bottleneck_floor,SRT_SRWT,42,727.72,10,0,0.0,2,Assemble,3,28.4,28.4,28.4,0.0,37.2,466.3,466.3,494.7,28.4,0.0
2026-09-09 15:36:30,sparse_bottleneck_floor,SRT_SRWT,42,727.72,11,0,0.0,0,Mill,3,39.3,39.3,39.3,0.0,31.7,132.8,140.7,180.1,39.4,7.9
2026-09-09 15:36:30,sparse_bottleneck_floor,SRT_SRWT,42,727.72,11,0,0.0,1,Weld,1,32.0,32.0,32.0,0.0,6.4,272.6,346.9,379.0,32.1,74.3
2026-09-09 15:36:30,sparse_bottleneck_floor,SRT_SRWT,42,727.72,11,0,0.0,2,Assemble,3,28.8,28.8,28.8,0.0,39.1,451.2,451.2,480.0,28.8,0.0
2026-09-09 15:36:30,sparse_bottleneck_floor,SRT_SRWT,42,727.72,12,0,0.0,0,Mill,3,35.7,35.7,35.7,0.0,20.7,169.7,169.7,205.5,35.8,0.0
2026-09-09 15:36:30,sparse_bottleneck_floor,SRT_SRWT,42,727.72,12,0,0.0,1,Weld,1,42.8,42.8,42.8,0.0,27.7,312.1,426.9,469.7,42.9,114.8
2026-09-09 15:36:30,sparse_bottleneck_floor,SRT_SRWT,42,727.72,12,0,0.0,2,Assemble,3,36.5,36.5,36.5,0.0,43.7,515.6,515.6,552.2,36.6,0.0
2026-09-09 15:36:30,sparse_bottleneck_floor,SRT_SRWT,42,727.72,13,0,0.0,0,Mill,3,29.4,29.4,29.4,0.0,23.0,352.8,352.8,382.2,29.5,0.0
2026-09-09 15:36:30,sparse_bottleneck_floor,SRT_SRWT,42,727.72,13,0,0.0,1,Weld,1,46.7,46.7,46.7,0.0,39.6,462.9,497.8,544.5,46.7,34.9
2026-09-09 15:36:30,sparse_bottleneck_floor,SRT_SRWT,42,727.72,13,0,0.0,2,Assemble,3,16.2,16.2,16.2,0.0,47.6,594.4,594.4,610.5,16.2,0.0
2026-09-09 15:36:30,sparse_bottleneck_floor,SRT_SRWT,42,727.72,14,0,0.0,0,Mill,3,20.7,20.7,20.7,0.0,33.8,358.7,358.7,379.4,20.7,0.0
2026-09-09 15:36:30,sparse_bottleneck_floor,SRT_SRWT,42,727.72,14,0,0.0,1,Weld,1,28.0,28.0,28.0,0.0,6.4,436.5,469.7,497.8,28.0,33.3
2026-09-09 15:36:30,sparse_bottleneck_floor,SRT_SRWT,42,727.72,14,0,0.0,2,Assemble,3,17.0,17.0,17.0,0.0,43.8,562.5,562.5,579.5,17.0,0.0
2026-09-09 15:36:50,sparse_bottleneck_floor,SRT_SRWT,43,727.72,0,0,0.0,0,Mill,3,31.0,31.0,31.0,0.0,18.6,31.2,31.2,62.3,31.0,0.0
2026-09-09 15:36:50,sparse_bottleneck_floor,SRT_SRWT,43,727.72,0,0,0.0,1,Weld,1,16.1,16.1,16.1,0.0,48.7,166.1,177.4,193.5,16.2,11.2
2026-09-09 15:36:50,sparse_bottleneck_floor,SRT_SRWT,43,727.72,0,0,0.0,2,Assemble,3,21.9,21.9,21.9,0.0,14.8,217.9,217.9,239.8,21.9,0.0
2026-09-09 15:36:50,sparse_bottleneck_floor,SRT_SRWT,43,727.72,1,0,0.0,0,Mill,3,20.6,20.6,20.6,0.0,18.6,38.9,38.9,59.5,20.6,0.0
2026-09-09 15:36:50,sparse_bottleneck_floor,SRT_SRWT,43,727.72,1,0,0.0,1,Weld,1,48.1,48.1,48.1,0.0,41.7,113.8,113.8,162.0,48.2,0.0
2026-09-09 15:36:50,sparse_bottleneck_floor,SRT_SRWT,43,727.72,1,0,0.0,2,Assemble,3,31.9,31.9,31.9,0.0,37.4,205.1,205.1,237.0,31.9,0.0
2026-09-09 15:36:50,sparse_bottleneck_floor,SRT_SRWT,43,727.72,2,0,0.0,0,Mill,3,37.3,37.3,37.3,0.0,34.1,75.5,103.4,140.7,37.3,27.9
2026-09-09 15:36:50,sparse_bottleneck_floor,SRT_SRWT,43,727.72,2,0,0.0,1,Weld,1,18.9,18.9,18.9,0.0,6.4,190.1,193.5,212.5,18.9,3.4
2026-09-09 15:36:50,sparse_bottleneck_floor,SRT_SRWT,43,727.72,2,0,0.0,2,Assemble,3,25.6,25.6,25.6,0.0,37.2,254.8,254.8,280.4,25.6,0.0
2026-09-09 15:36:50,sparse_bottleneck_floor,SRT_SRWT,43,727.72,3,0,0.0,0,Mill,3,15.7,15.7,15.7,0.0,19.6,48.7,59.5,75.3,15.8,10.8
2026-09-09 15:36:50,sparse_bottleneck_floor,SRT_SRWT,43,727.72,3,0,0.0,1,Weld,1,24.8,24.8,24.8,0.0,53.9,180.8,242.9,267.7,24.9,62.1
2026-09-09 15:36:50,sparse_bottleneck_floor,SRT_SRWT,43,727.72,3,0,0.0,2,Assemble,3,27.6,27.6,27.6,0.0,38.7,312.9,312.9,340.6,27.7,0.0
2026-09-09 15:36:50,sparse_bottleneck_floor,SRT_SRWT,43,727.72,4,0,0.0,0,Mill,3,15.7,15.7,15.7,0.0,27.4,79.2,101.6,117.3,15.7,22.4
2026-09-09 15:36:50,sparse_bottleneck_floor,SRT_SRWT,43,727.72,4,0,0.0,1,Weld,1,24.0,24.0,24.0,0.0,43.8,236.0,322.9,346.9,24.0,86.9
2026-09-09 15:36:50,sparse_bottleneck_floor,SRT_SRWT,43,727.72,4,0,0.0,2,Assemble,3,31.3,31.3,31.3,0.0,17.1,393.8,393.8,425.1,31.3,0.0
2026-09-09 15:36:50,sparse_bottleneck_floor,SRT_SRWT,43,727.72,5,0,0.0,0,Mill,3,28.6,28.6,28.6,0.0,31.1,93.3,125.2,153.9,28.6,31.9
2026-09-09 15:36:50,sparse_bottleneck_floor,SRT_SRWT,43,727.72,5,0,0.0,1,Weld,1,24.9,24.9,24.9,0.0,44.9,216.1,267.7,292.7,24.9,51.6
2026-09-09 15:36:50,sparse_bottleneck_floor,SRT_SRWT,43,727.72,5,0,0.0,2,Assemble,3,29.7,29.7,29.7,0.0,27.8,325.4,325.4,355.1,29.8,0.0
2026-09-09 15:36:50,sparse_bottleneck_floor,SRT_SRWT,43,727.72,6,0,0.0,0,Mill,3,35.2,35.2,35.2,0.0,31.5,68.1,68.1,103.4,35.3,0.0
2026-09-09 15:36:50,sparse_bottleneck_floor,SRT_SRWT,43,727.72,6,0,0.0,1,Weld,1,15.3,15.3,15.3,0.0,6.4,160.4,162.0,177.3,15.3,1.6
2026-09-09 15:36:50,sparse_bottleneck_floor,SRT_SRWT,43,727.72,6,0,0.0,2,Assemble,3,35.2,35.2,35.2,0.0,38.6,220.9,220.9,256.1,35.2,0.0
2026-09-09 15:36:50,sparse_bottleneck_floor,SRT_SRWT,43,727.72,7,0,0.0,0,Mill,3,32.5,32.5,32.5,0.0,22.2,69.1,69.1,101.6,32.5,0.0
2026-09-09 15:36:50,sparse_bottleneck_floor,SRT_SRWT,43,727.72,7,0,0.0,1,Weld,1,30.3,30.3,30.3,0.0,38.9,201.6,212.5,242.8,30.3,10.9
2026-09-09 15:36:50,sparse_bottleneck_floor,SRT_SRWT,43,727.72,7,0,0.0,2,Assemble,3,18.9,18.9,18.9,0.0,42.7,359.2,359.2,378.1,18.9,0.0
2026-09-09 15:36:50,sparse_bottleneck_floor,SRT_SRWT,43,727.72,8,0,0.0,0,Mill,3,38.9,38.9,38.9,0.0,29.0,86.2,86.2,125.2,39.0,0.0
2026-09-09 15:36:50,sparse_bottleneck_floor,SRT_SRWT,43,727.72,8,0,0.0,1,Weld,1,30.2,30.2,30.2,0.0,45.4,286.7,292.7,322.9,30.2,6.0
2026-09-09 15:36:50,sparse_bottleneck_floor,SRT_SRWT,43,727.72,8,0,0.0,2,Assemble,3,17.3,17.3,17.3,0.0,43.7,381.9,381.9,399.2,17.3,0.0
2026-09-09 15:36:50,sparse_bottleneck_floor,SRT_SRWT,43,727.72,9,0,0.0,0,Mill,3,17.4,17.4,17.4,0.0,31.7,116.3,180.1,197.6,17.4,63.8
2026-09-09 15:36:50,sparse_bottleneck_floor,SRT_SRWT,43,727.72,9,0,0.0,1,Weld,1,53.1,53.1,53.1,0.0,6.4,254.3,544.6,597.7,53.2,290.3
2026-09-09 15:36:50,sparse_bottleneck_floor,SRT_SRWT,43,727.72,9,0,0.0,2,Assemble,3,30.1,30.1,30.1,0.0,43.1,646.1,646.1,676.3,30.1,0.0
2026-09-09 15:36:50,sparse_bottleneck_floor,SRT_SRWT,43,727.72,10,0,0.0,0,Mill,3,35.2,35.2,35.2,0.0,18.6,110.2,117.3,152.5,35.2,7.1
2026-09-09 15:36:50,sparse_bottleneck_floor,SRT_SRWT,43,727.72,10,0,0.0,1,Weld,1,47.8,47.8,47.8,0.0,47.2,296.0,379.0,426.8,47.9,82.9
2026-09-09 15:36:50,sparse_bottleneck_floor,SRT_SRWT,43,727.72,10,0,0.0,2,Assemble,3,28.4,28.4,28.4,0.0,37.2,466.3,466.3,494.7,28.4,0.0
2026-09-09 15:36:50,sparse_bottleneck_floor,SRT_SRWT,43,727.72,11,0,0.0,0,Mill,3,39.3,39.3,39.3,0.0,31.7,132.8,140.7,180.1,39.4,7.9
2026-09-09 15:36:50,sparse_bottleneck_floor,SRT_SRWT,43,727.72,11,0,0.0,1,Weld,1,32.0,32.0,32.0,0.0,6.4,272.6,346.9,379.0,32.1,74.3
2026-09-09 15:36:50,sparse_bottleneck_floor,SRT_SRWT,43,727.72,11,0,0.0,2,Assemble,3,28.8,28.8,28.8,0.0,39.1,451.2,451.2,480.0,28.8,0.0
2026-09-09 15:36:50,sparse_bottleneck_floor,SRT_SRWT,43,727.72,12,0,0.0,0,Mill,3,35.7,35.7,35.7,0.0,20.7,169.7,169.7,205.5,35.8,0.0
2026-09-09 15:36:50,sparse_bottleneck_floor,SRT_SRWT,43,727.72,12,0,0.0,1,Weld,1,42.8,42.8,42.8,0.0,27.7,312.1,426.9,469.7,42.9,114.8
2026-09-09 15:36:50,sparse_bottleneck_floor,SRT_SRWT,43,727.72,12,0,0.0,2,Assemble,3,36.5,36.5,36.5,0.0,43.7,515.6,515.6,552.2,36.6,0.0
2026-09-09 15:36:50,sparse_bottleneck_floor,SRT_SRWT,43,727.72,13,0,0.0,0,Mill,3,29.4,29.4,29.4,0.0,23.0,352.8,352.8,382.2,29.5,0.0
2026-09-09 15:36:50,sparse_bottleneck_floor,SRT_SRWT,43,727.72,13,0,0.0,1,Weld,1,46.7,46.7,46.7,0.0,39.6,462.9,497.8,544.5,46.7,34.9
2026-09-09 15:36:50,sparse_bottleneck_floor,SRT_SRWT,43,727.72,13,0,0.0,2,Assemble,3,16.2,16.2,16.2,0.0,47.6,594.4,594.4,610.5,16.2,0.0
2026-09-09 15:36:50,sparse_bottleneck_floor,SRT_SRWT,43,727.72,14,0,0.0,0,Mill,3,20.7,20.7,20.7,0.0,33.8,358.7,358.7,379.4,20.7,0.0
2026-09-09 15:36:50,sparse_bottleneck_floor,SRT_SRWT,43,727.72,14,0,0.0,1,Weld,1,28.0,28.0,28.0,0.0,6.4,436.5,469.7,497.8,28.0,33.3
2026-09-09 15:36:50,sparse_bottleneck_floor,SRT_SRWT,43,727.72,14,0,0.0,2,Assemble,3,17.0,17.0,17.0,0.0,43.8,562.5,562.5,579.5,17.0,0.0
2026-09-09 15:37:11,sparse_bottleneck_floor,SRT_SRWT,44,727.72,0,0,0.0,0,Mill,3,31.0,31.0,31.0,0.0,18.6,31.2,31.2,62.3,31.0,0.0
2026-09-09 15:37:11,sparse_bottleneck_floor,SRT_SRWT,44,727.72,0,0,0.0,1,Weld,1,16.1,16.1,16.1,0.0,48.7,166.1,177.4,193.5,16.2,11.2
2026-09-09 15:37:11,sparse_bottleneck_floor,SRT_SRWT,44,727.72,0,0,0.0,2,Assemble,3,21.9,21.9,21.9,0.0,14.8,217.9,217.9,239.8,21.9,0.0
2026-09-09 15:37:11,sparse_bottleneck_floor,SRT_SRWT,44,727.72,1,0,0.0,0,Mill,3,20.6,20.6,20.6,0.0,18.6,38.9,38.9,59.5,20.6,0.0
2026-09-09 15:37:11,sparse_bottleneck_floor,SRT_SRWT,44,727.72,1,0,0.0,1,Weld,1,48.1,48.1,48.1,0.0,41.7,113.8,113.8,162.0,48.2,0.0
2026-09-09 15:37:11,sparse_bottleneck_floor,SRT_SRWT,44,727.72,1,0,0.0,2,Assemble,3,31.9,31.9,31.9,0.0,37.4,205.1,205.1,237.0,31.9,0.0
2026-09-09 15:37:11,sparse_bottleneck_floor,SRT_SRWT,44,727.72,2,0,0.0,0,Mill,3,37.3,37.3,37.3,0.0,34.1,75.5,103.4,140.7,37.3,27.9
2026-09-09 15:37:11,sparse_bottleneck_floor,SRT_SRWT,44,727.72,2,0,0.0,1,Weld,1,18.9,18.9,18.9,0.0,6.4,190.1,193.5,212.5,18.9,3.4
2026-09-09 15:37:11,sparse_bottleneck_floor,SRT_SRWT,44,727.72,2,0,0.0,2,Assemble,3,25.6,25.6,25.6,0.0,37.2,254.8,254.8,280.4,25.6,0.0
2026-09-09 15:37:11,sparse_bottleneck_floor,SRT_SRWT,44,727.72,3,0,0.0,0,Mill,3,15.7,15.7,15.7,0.0,19.6,48.7,59.5,75.3,15.8,10.8
2026-09-09 15:37:11,sparse_bottleneck_floor,SRT_SRWT,44,727.72,3,0,0.0,1,Weld,1,24.8,24.8,24.8,0.0,53.9,180.8,242.9,267.7,24.9,62.1
2026-09-09 15:37:11,sparse_bottleneck_floor,SRT_SRWT,44,727.72,3,0,0.0,2,Assemble,3,27.6,27.6,27.6,0.0,38.7,312.9,312.9,340.6,27.7,0.0
2026-09-09 15:37:11,sparse_bottleneck_floor,SRT_SRWT,44,727.72,4,0,0.0,0,Mill,3,15.7,15.7,15.7,0.0,27.4,79.2,101.6,117.3,15.7,22.4
2026-09-09 15:37:11,sparse_bottleneck_floor,SRT_SRWT,44,727.72,4,0,0.0,1,Weld,1,24.0,24.0,24.0,0.0,43.8,236.0,322.9,346.9,24.0,86.9
2026-09-09 15:37:11,sparse_bottleneck_floor,SRT_SRWT,44,727.72,4,0,0.0,2,Assemble,3,31.3,31.3,31.3,0.0,17.1,393.8,393.8,425.1,31.3,0.0
2026-09-09 15:37:11,sparse_bottleneck_floor,SRT_SRWT,44,727.72,5,0,0.0,0,Mill,3,28.6,28.6,28.6,0.0,31.1,93.3,125.2,153.9,28.6,31.9
2026-09-09 15:37:11,sparse_bottleneck_floor,SRT_SRWT,44,727.72,5,0,0.0,1,Weld,1,24.9,24.9,24.9,0.0,44.9,216.1,267.7,292.7,24.9,51.6
2026-09-09 15:37:11,sparse_bottleneck_floor,SRT_SRWT,44,727.72,5,0,0.0,2,Assemble,3,29.7,29.7,29.7,0.0,27.8,325.4,325.4,355.1,29.8,0.0
2026-09-09 15:37:11,sparse_bottleneck_floor,SRT_SRWT,44,727.72,6,0,0.0,0,Mill,3,35.2,35.2,35.2,0.0,31.5,68.1,68.1,103.4,35.3,0.0
2026-09-09 15:37:11,sparse_bottleneck_floor,SRT_SRWT,44,727.72,6,0,0.0,1,Weld,1,15.3,15.3,15.3,0.0,6.4,160.4,162.0,177.3,15.3,1.6
2026-09-09 15:37:11,sparse_bottleneck_floor,SRT_SRWT,44,727.72,6,0,0.0,2,Assemble,3,35.2,35.2,35.2,0.0,38.6,220.9,220.9,256.1,35.2,0.0
2026-09-09 15:37:11,sparse_bottleneck_floor,SRT_SRWT,44,727.72,7,0,0.0,0,Mill,3,32.5,32.5,32.5,0.0,22.2,69.1,69.1,101.6,32.5,0.0
2026-09-09 15:37:11,sparse_bottleneck_floor,SRT_SRWT,44,727.72,7,0,0.0,1,Weld,1,30.3,30.3,30.3,0.0,38.9,201.6,212.5,242.8,30.3,10.9
2026-09-09 15:37:11,sparse_bottleneck_floor,SRT_SRWT,44,727.72,7,0,0.0,2,Assemble,3,18.9,18.9,18.9,0.0,42.7,359.2,359.2,378.1,18.9,0.0
2026-09-09 15:37:11,sparse_bottleneck_floor,SRT_SRWT,44,727.72,8,0,0.0,0,Mill,3,38.9,38.9,38.9,0.0,29.0,86.2,86.2,125.2,39.0,0.0
2026-09-09 15:37:11,sparse_bottleneck_floor,SRT_SRWT,44,727.72,8,0,0.0,1,Weld,1,30.2,30.2,30.2,0.0,45.4,286.7,292.7,322.9,30.2,6.0
2026-09-09 15:37:11,sparse_bottleneck_floor,SRT_SRWT,44,727.72,8,0,0.0,2,Assemble,3,17.3,17.3,17.3,0.0,43.7,381.9,381.9,399.2,17.3,0.0
2026-09-09 15:37:11,sparse_bottleneck_floor,SRT_SRWT,44,727.72,9,0,0.0,0,Mill,3,17.4,17.4,17.4,0.0,31.7,116.3,180.1,197.6,17.4,63.8
2026-09-09 15:37:11,sparse_bottleneck_floor,SRT_SRWT,44,727.72,9,0,0.0,1,Weld,1,53.1,53.1,53.1,0.0,6.4,254.3,544.6,597.7,53.2,290.3
2026-09-09 15:37:11,sparse_bottleneck_floor,SRT_SRWT,44,727.72,9,0,0.0,2,Assemble,3,30.1,30.1,30.1,0.0,43.1,646.1,646.1,676.3,30.1,0.0
2026-09-09 15:37:11,sparse_bottleneck_floor,SRT_SRWT,44,727.72,10,0,0.0,0,Mill,3,35.2,35.2,35.2,0.0,18.6,110.2,117.3,152.5,35.2,7.1
2026-09-09 15:37:11,sparse_bottleneck_floor,SRT_SRWT,44,727.72,10,0,0.0,1,Weld,1,47.8,47.8,47.8,0.0,47.2,296.0,379.0,426.8,47.9,82.9
2026-09-09 15:37:11,sparse_bottleneck_floor,SRT_SRWT,44,727.72,10,0,0.0,2,Assemble,3,28.4,28.4,28.4,0.0,37.2,466.3,466.3,494.7,28.4,0.0
2026-09-09 15:37:11,sparse_bottleneck_floor,SRT_SRWT,44,727.72,11,0,0.0,0,Mill,3,39.3,39.3,39.3,0.0,31.7,132.8,140.7,180.1,39.4,7.9
2026-09-09 15:37:11,sparse_bottleneck_floor,SRT_SRWT,44,727.72,11,0,0.0,1,Weld,1,32.0,32.0,32.0,0.0,6.4,272.6,346.9,379.0,32.1,74.3
2026-09-09 15:37:11,sparse_bottleneck_floor,SRT_SRWT,44,727.72,11,0,0.0,2,Assemble,3,28.8,28.8,28.8,0.0,39.1,451.2,451.2,480.0,28.8,0.0
2026-09-09 15:37:11,sparse_bottleneck_floor,SRT_SRWT,44,727.72,12,0,0.0,0,Mill,3,35.7,35.7,35.7,0.0,20.7,169.7,169.7,205.5,35.8,0.0
2026-09-09 15:37:11,sparse_bottleneck_floor,SRT_SRWT,44,727.72,12,0,0.0,1,Weld,1,42.8,42.8,42.8,0.0,27.7,312.1,426.9,469.7,42.9,114.8
2026-09-09 15:37:11,sparse_bottleneck_floor,SRT_SRWT,44,727.72,12,0,0.0,2,Assemble,3,36.5,36.5,36.5,0.0,43.7,515.6,515.6,552.2,36.6,0.0
2026-09-09 15:37:11,sparse_bottleneck_floor,SRT_SRWT,44,727.72,13,0,0.0,0,Mill,3,29.4,29.4,29.4,0.0,23.0,352.8,352.8,382.2,29.5,0.0
2026-09-09 15:37:11,sparse_bottleneck_floor,SRT_SRWT,44,727.72,13,0,0.0,1,Weld,1,46.7,46.7,46.7,0.0,39.6,462.9,497.8,544.5,46.7,34.9
2026-09-09 15:37:11,sparse_bottleneck_floor,SRT_SRWT,44,727.72,13,0,0.0,2,Assemble,3,16.2,16.2,16.2,0.0,47.6,594.4,594.4,610.5,16.2,0.0
2026-09-09 15:37:11,sparse_bottleneck_floor,SRT_SRWT,44,727.72,14,0,0.0,0,Mill,3,20.7,20.7,20.7,0.0,33.8,358.7,358.7,379.4,20.7,0.0
2026-09-09 15:37:11,sparse_bottleneck_floor,SRT_SRWT,44,727.72,14,0,0.0,1,Weld,1,28.0,28.0,28.0,0.0,6.4,436.5,469.7,497.8,28.0,33.3
2026-09-09 15:37:11,sparse_bottleneck_floor,SRT_SRWT,44,727.72,14,0,0.0,2,Assemble,3,17.0,17.0,17.0,0.0,43.8,562.5,562.5,579.5,17.0,0.0
2026-09-09 15:37:22,two_machine_standoff,SRT_SRWT,42,361.6,0,0,0.0,0,Mill,3,20.0,20.0,20.0,0.0,18.6,31.0,31.0,51.0,20.0,0.0
2026-09-09 15:37:22,two_machine_standoff,SRT_SRWT,42,361.6,0,0,0.0,1,Weld,2,43.8,43.8,43.8,0.0,20.3,78.2,78.2,122.0,43.8,0.0
2026-09-09 15:37:22,two_machine_standoff,SRT_SRWT,42,361.6,1,0,0.0,0,Mill,3,20.0,20.0,20.0,0.0,16.8,36.6,36.6,56.6,20.0,0.0
2026-09-09 15:37:22,two_machine_standoff,SRT_SRWT,42,361.6,1,0,0.0,1,Weld,2,16.1,16.1,16.1,0.0,27.5,114.3,114.3,130.4,16.2,0.0
2026-09-09 15:37:22,two_machine_standoff,SRT_SRWT,42,361.6,2,0,0.0,0,Mill,3,20.0,20.0,20.0,0.0,38.6,66.2,66.2,86.2,20.0,0.0
2026-09-09 15:37:22,two_machine_standoff,SRT_SRWT,42,361.6,2,0,0.0,1,Weld,2,27.4,27.4,27.4,0.0,49.5,165.1,165.1,192.5,27.4,0.0
2026-09-09 15:37:22,two_machine_standoff,SRT_SRWT,42,361.6,3,0,0.0,0,Mill,3,20.0,20.0,20.0,0.0,20.7,72.0,85.0,105.1,20.0,13.0
2026-09-09 15:37:22,two_machine_standoff,SRT_SRWT,42,361.6,3,0,0.0,1,Weld,2,25.0,25.0,25.0,0.0,35.1,195.1,208.8,233.9,25.1,13.7
2026-09-09 15:37:22,two_machine_standoff,SRT_SRWT,42,361.6,4,0,0.0,0,Mill,3,20.0,20.0,20.0,0.0,17.3,75.0,76.7,96.7,20.0,1.6
2026-09-09 15:37:22,two_machine_standoff,SRT_SRWT,42,361.6,4,0,0.0,1,Weld,2,48.1,48.1,48.1,0.0,27.8,132.1,132.1,180.2,48.2,0.0
2026-09-09 15:37:22,two_machine_standoff,SRT_SRWT,42,361.6,5,0,0.0,0,Mill,3,20.0,20.0,20.0,0.0,35.0,109.6,109.6,129.6,20.0,0.0
2026-09-09 15:37:22,two_machine_standoff,SRT_SRWT,42,361.6,5,0,0.0,1,Weld,2,45.5,45.5,45.5,0.0,58.9,261.1,261.1,306.6,45.5,0.0
2026-09-09 15:37:22,two_machine_standoff,SRT_SRWT,42,361.6,6,0,0.0,0,Mill,3,20.0,20.0,20.0,0.0,23.8,65.0,65.0,85.0,20.0,0.0
2026-09-09 15:37:22,two_machine_standoff,SRT_SRWT,42,361.6,6,0,0.0,1,Weld,2,55.2,55.2,55.2,0.0,24.5,137.7,180.2,235.4,55.2,42.5
2026-09-09 15:37:22,two_machine_standoff,SRT_SRWT,42,361.6,7,0,0.0,0,Mill,3,20.0,20.0,20.0,0.0,16.8,53.2,56.6,76.6,20.0,3.4
2026-09-09 15:37:22,two_machine_standoff,SRT_SRWT,42,361.6,7,0,0.0,1,Weld,2,18.9,18.9,18.9,0.0,23.3,121.8,130.4,149.4,18.9,8.6
2026-09-09 15:37:22,two_machine_standoff,SRT_SRWT,42,361.6,8,0,0.0,0,Mill,3,20.0,20.0,20.0,0.0,36.5,83.1,86.2,106.3,20.0,3.1
2026-09-09 15:37:22,two_machine_standoff,SRT_SRWT,42,361.6,8,0,0.0,1,Weld,2,34.0,34.0,34.0,0.0,54.4,222.4,233.9,267.9,34.0,11.5
2026-09-09 15:37:22,two_machine_standoff,SRT_SRWT,42,361.6,9,0,0.0,0,Mill,3,20.0,20.0,20.0,0.0,27.9,120.5,120.5,140.5,20.0,0.0
2026-09-09 15:37:22,two_machine_standoff,SRT_SRWT,42,361.6,9,0,0.0,1,Weld,2,16.3,16.3,16.3,0.0,34.6,187.4,192.5,208.8,16.4,5.1
2026-09-09 15:37:32,two_machine_standoff,SRT_SRWT,43,361.6,0,0,0.0,0,Mill,3,20.0,20.0,20.0,0.0,18.6,31.0,31.0,51.0,20.0,0.0
2026-09-09 15:37:32,two_machine_standoff,SRT_SRWT,43,361.6,0,0,0.0,1,Weld,2,43.8,43.8,43.8,0.0,20.3,78.2,78.2,122.0,43.8,0.0
2026-09-09 15:37:32,two_machine_standoff,SRT_SRWT,43,361.6,1,0,0.0,0,Mill,3,20.0,20.0,20.0,0.0,16.8,36.6,36.6,56.6,20.0,0.0
2026-09-09 15:37:32,two_machine_standoff,SRT_SRWT,43,361.6,1,0,0.0,1,Weld,2,16.1,16.1,16.1,0.0,27.5,114.3,114.3,130.4,16.2,0.0
2026-09-09 15:37:32,two_machine_standoff,SRT_SRWT,43,361.6,2,0,0.0,0,Mill,3,20.0,20.0,20.0,0.0,38.6,66.2,66.2,86.2,20.0,0.0
2026-09-09 15:37:32,two_machine_standoff,SRT_SRWT,43,361.6,2,0,0.0,1,Weld,2,27.4,27.4,27.4,0.0,49.5,165.1,165.1,192.5,27.4,0.0
2026-09-09 15:37:32,two_machine_standoff,SRT_SRWT,43,361.6,3,0,0.0,0,Mill,3,20.0,20.0,20.0,0.0,20.7,72.0,85.0,105.1,20.0,13.0
2026-09-09 15:37:32,two_machine_standoff,SRT_SRWT,43,361.6,3,0,0.0,1,Weld,2,25.0,25.0,25.0,0.0,35.1,195.1,208.8,233.9,25.1,13.7
2026-09-09 15:37:32,two_machine_standoff,SRT_SRWT,43,361.6,4,0,0.0,0,Mill,3,20.0,20.0,20.0,0.0,17.3,75.0,76.7,96.7,20.0,1.6
2026-09-09 15:37:32,two_machine_standoff,SRT_SRWT,43,361.6,4,0,0.0,1,Weld,2,48.1,48.1,48.1,0.0,27.8,132.1,132.1,180.2,48.2,0.0
2026-09-09 15:37:32,two_machine_standoff,SRT_SRWT,43,361.6,5,0,0.0,0,Mill,3,20.0,20.0,20.0,0.0,35.0,109.6,109.6,129.6,20.0,0.0
2026-09-09 15:37:32,two_machine_standoff,SRT_SRWT,43,361.6,5,0,0.0,1,Weld,2,45.5,45.5,45.5,0.0,58.9,261.1,261.1,306.6,45.5,0.0
2026-09-09 15:37:32,two_machine_standoff,SRT_SRWT,43,361.6,6,0,0.0,0,Mill,3,20.0,20.0,20.0,0.0,23.8,65.0,65.0,85.0,20.0,0.0
2026-09-09 15:37:32,two_machine_standoff,SRT_SRWT,43,361.6,6,0,0.0,1,Weld,2,55.2,55.2,55.2,0.0,24.5,137.7,180.2,235.4,55.2,42.5
2026-09-09 15:37:32,two_machine_standoff,SRT_SRWT,43,361.6,7,0,0.0,0,Mill,3,20.0,20.0,20.0,0.0,16.8,53.2,56.6,76.6,20.0,3.4
2026-09-09 15:37:32,two_machine_standoff,SRT_SRWT,43,361.6,7,0,0.0,1,Weld,2,18.9,18.9,18.9,0.0,23.3,121.8,130.4,149.4,18.9,8.6
2026-09-09 15:37:32,two_machine_standoff,SRT_SRWT,43,361.6,8,0,0.0,0,Mill,3,20.0,20.0,20.0,0.0,36.5,83.1,86.2,106.3,20.0,3.1
2026-09-09 15:37:32,two_machine_standoff,SRT_SRWT,43,361.6,8,0,0.0,1,Weld,2,34.0,34.0,34.0,0.0,54.4,222.4,233.9,267.9,34.0,11.5
2026-09-09 15:37:32,two_machine_standoff,SRT_SRWT,43,361.6,9,0,0.0,0,Mill,3,20.0,20.0,20.0,0.0,27.9,120.5,120.5,140.5,20.0,0.0
2026-09-09 15:37:32,two_machine_standoff,SRT_SRWT,43,361.6,9,0,0.0,1,Weld,2,16.3,16.3,16.3,0.0,34.6,187.4,192.5,208.8,16.4,5.1
2026-09-09 15:37:43,two_machine_standoff,SRT_SRWT,44,361.6,0,0,0.0,0,Mill,3,20.0,20.0,20.0,0.0,18.6,31.0,31.0,51.0,20.0,0.0
2026-09-09 15:37:43,two_machine_standoff,SRT_SRWT,44,361.6,0,0,0.0,1,Weld,2,43.8,43.8,43.8,0.0,20.3,78.2,78.2,122.0,43.8,0.0
2026-09-09 15:37:43,two_machine_standoff,SRT_SRWT,44,361.6,1,0,0.0,0,Mill,3,20.0,20.0,20.0,0.0,16.8,36.6,36.6,56.6,20.0,0.0
2026-09-09 15:37:43,two_machine_standoff,SRT_SRWT,44,361.6,1,0,0.0,1,Weld,2,16.1,16.1,16.1,0.0,27.5,114.3,114.3,130.4,16.2,0.0
2026-09-09 15:37:43,two_machine_standoff,SRT_SRWT,44,361.6,2,0,0.0,0,Mill,3,20.0,20.0,20.0,0.0,38.6,66.2,66.2,86.2,20.0,0.0
2026-09-09 15:37:43,two_machine_standoff,SRT_SRWT,44,361.6,2,0,0.0,1,Weld,2,27.4,27.4,27.4,0.0,49.5,165.1,165.1,192.5,27.4,0.0
2026-09-09 15:37:43,two_machine_standoff,SRT_SRWT,44,361.6,3,0,0.0,0,Mill,3,20.0,20.0,20.0,0.0,20.7,72.0,85.0,105.1,20.0,13.0
2026-09-09 15:37:43,two_machine_standoff,SRT_SRWT,44,361.6,3,0,0.0,1,Weld,2,25.0,25.0,25.0,0.0,35.1,195.1,208.8,233.9,25.1,13.7
2026-09-09 15:37:43,two_machine_standoff,SRT_SRWT,44,361.6,4,0,0.0,0,Mill,3,20.0,20.0,20.0,0.0,17.3,75.0,76.7,96.7,20.0,1.6
2026-09-09 15:37:43,two_machine_standoff,SRT_SRWT,44,361.6,4,0,0.0,1,Weld,2,48.1,48.1,48.1,0.0,27.8,132.1,132.1,180.2,48.2,0.0
2026-09-09 15:37:43,two_machine_standoff,SRT_SRWT,44,361.6,5,0,0.0,0,Mill,3,20.0,20.0,20.0,0.0,35.0,109.6,109.6,129.6,20.0,0.0
2026-09-09 15:37:43,two_machine_standoff,SRT_SRWT,44,361.6,5,0,0.0,1,Weld,2,45.5,45.5,45.5,0.0,58.9,261.1,261.1,306.6,45.5,0.0
2026-09-09 15:37:43,two_machine_standoff,SRT_SRWT,44,361.6,6,0,0.0,0,Mill,3,20.0,20.0,20.0,0.0,23.8,65.0,65.0,85.0,20.0,0.0
2026-09-09 15:37:43,two_machine_standoff,SRT_SRWT,44,361.6,6,0,0.0,1,Weld,2,55.2,55.2,55.2,0.0,24.5,137.7,180.2,235.4,55.2,42.5
2026-09-09 15:37:43,two_machine_standoff,SRT_SRWT,44,361.6,7,0,0.0,0,Mill,3,20.0,20.0,20.0,0.0,16.8,53.2,56.6,76.6,20.0,3.4
2026-09-09 15:37:43,two_machine_standoff,SRT_SRWT,44,361.6,7,0,0.0,1,Weld,2,18.9,18.9,18.9,0.0,23.3,121.8,130.4,149.4,18.9,8.6
2026-09-09 15:37:43,two_machine_standoff,SRT_SRWT,44,361.6,8,0,0.0,0,Mill,3,20.0,20.0,20.0,0.0,36.5,83.1,86.2,106.3,20.0,3.1
2026-09-09 15:37:43,two_machine_standoff,SRT_SRWT,44,361.6,8,0,0.0,1,Weld,2,34.0,34.0,34.0,0.0,54.4,222.4,233.9,267.9,34.0,11.5
2026-09-09 15:37:43,two_machine_standoff,SRT_SRWT,44,361.6,9,0,0.0,0,Mill,3,20.0,20.0,20.0,0.0,27.9,120.5,120.5,140.5,20.0,0.0
2026-09-09 15:37:43,two_machine_standoff,SRT_SRWT,44,361.6,9,0,0.0,1,Weld,2,16.3,16.3,16.3,0.0,34.6,187.4,192.5,208.8,16.4,5.1
2026-09-09 15:37:51,zero_contention,SRT_SRWT,42,268.82,0,0,0.0,0,Mill,1,39.2,39.2,39.2,0.0,18.6,31.0,31.0,70.2,39.2,0.0
2026-09-09 15:37:51,zero_contention,SRT_SRWT,42,268.82,0,0,0.0,1,Lathe,1,20.8,20.8,20.8,0.0,20.7,116.5,116.5,137.2,20.8,0.0
2026-09-09 15:37:51,zero_contention,SRT_SRWT,42,268.82,0,0,0.0,2,Weld,1,28.3,28.3,28.3,0.0,20.8,171.1,171.1,199.3,28.3,0.0
2026-09-09 15:37:51,zero_contention,SRT_SRWT,42,268.82,1,0,0.0,0,Mill,1,26.7,26.7,26.7,0.0,16.8,36.6,36.6,63.3,26.7,0.0
2026-09-09 15:37:51,zero_contention,SRT_SRWT,42,268.82,1,0,0.0,1,Lathe,1,42.1,42.1,42.1,0.0,20.8,98.4,98.4,140.6,42.1,0.0
2026-09-09 15:37:51,zero_contention,SRT_SRWT,42,268.82,1,0,0.0,2,Weld,1,40.3,40.3,40.3,0.0,20.6,177.0,177.0,217.3,40.3,0.0
2026-09-09 15:37:51,zero_contention,SRT_SRWT,42,268.82,2,0,0.0,0,Mill,1,46.8,46.8,46.8,0.0,43.3,70.9,70.9,117.7,46.8,0.0
2026-09-09 15:37:51,zero_contention,SRT_SRWT,42,268.82,2,0,0.0,1,Lathe,1,22.6,22.6,22.6,0.0,4.7,124.6,124.6,147.2,22.6,0.0
2026-09-09 15:37:51,zero_contention,SRT_SRWT,42,268.82,2,0,0.0,2,Weld,1,32.7,32.7,32.7,0.0,13.0,168.7,168.7,201.4,32.7,0.0
2026-09-09 15:37:59,zero_contention,SRT_SRWT,43,268.82,0,0,0.0,0,Mill,1,39.2,39.2,39.2,0.0,18.6,31.0,31.0,70.2,39.2,0.0
2026-09-09 15:37:59,zero_contention,SRT_SRWT,43,268.82,0,0,0.0,1,Lathe,1,20.8,20.8,20.8,0.0,20.7,116.5,116.5,137.2,20.8,0.0
2026-09-09 15:37:59,zero_contention,SRT_SRWT,43,268.82,0,0,0.0,2,Weld,1,28.3,28.3,28.3,0.0,20.8,171.1,171.1,199.3,28.3,0.0
2026-09-09 15:37:59,zero_contention,SRT_SRWT,43,268.82,1,0,0.0,0,Mill,1,26.7,26.7,26.7,0.0,16.8,36.6,36.6,63.3,26.7,0.0
2026-09-09 15:37:59,zero_contention,SRT_SRWT,43,268.82,1,0,0.0,1,Lathe,1,42.1,42.1,42.1,0.0,20.8,98.4,98.4,140.6,42.1,0.0
2026-09-09 15:37:59,zero_contention,SRT_SRWT,43,268.82,1,0,0.0,2,Weld,1,40.3,40.3,40.3,0.0,20.6,177.0,177.0,217.3,40.3,0.0
2026-09-09 15:37:59,zero_contention,SRT_SRWT,43,268.82,2,0,0.0,0,Mill,1,46.8,46.8,46.8,0.0,43.3,70.9,70.9,117.7,46.8,0.0
2026-09-09 15:37:59,zero_contention,SRT_SRWT,43,268.82,2,0,0.0,1,Lathe,1,22.6,22.6,22.6,0.0,4.7,124.6,124.6,147.2,22.6,0.0
2026-09-09 15:37:59,zero_contention,SRT_SRWT,43,268.82,2,0,0.0,2,Weld,1,32.7,32.7,32.7,0.0,13.0,168.7,168.7,201.4,32.7,0.0
2026-09-09 15:38:06,zero_contention,SRT_SRWT,44,268.82,0,0,0.0,0,Mill,1,39.2,39.2,39.2,0.0,18.6,31.0,31.0,70.2,39.2,0.0
2026-09-09 15:38:06,zero_contention,SRT_SRWT,44,268.82,0,0,0.0,1,Lathe,1,20.8,20.8,20.8,0.0,20.7,116.5,116.5,137.2,20.8,0.0
2026-09-09 15:38:06,zero_contention,SRT_SRWT,44,268.82,0,0,0.0,2,Weld,1,28.3,28.3,28.3,0.0,20.8,171.1,171.1,199.3,28.3,0.0
2026-09-09 15:38:06,zero_contention,SRT_SRWT,44,268.82,1,0,0.0,0,Mill,1,26.7,26.7,26.7,0.0,16.8,36.6,36.6,63.3,26.7,0.0
2026-09-09 15:38:06,zero_contention,SRT_SRWT,44,268.82,1,0,0.0,1,Lathe,1,42.1,42.1,42.1,0.0,20.8,98.4,98.4,140.6,42.1,0.0
2026-09-09 15:38:06,zero_contention,SRT_SRWT,44,268.82,1,0,0.0,2,Weld,1,40.3,40.3,40.3,0.0,20.6,177.0,177.0,217.3,40.3,0.0
2026-09-09 15:38:06,zero_contention,SRT_SRWT,44,268.82,2,0,0.0,0,Mill,1,46.8,46.8,46.8,0.0,43.3,70.9,70.9,117.7,46.8,0.0
2026-09-09 15:38:06,zero_contention,SRT_SRWT,44,268.82,2,0,0.0,1,Lathe,1,22.6,22.6,22.6,0.0,4.7,124.6,124.6,147.2,22.6,0.0
2026-09-09 15:38:06,zero_contention,SRT_SRWT,44,268.82,2,0,0.0,2,Weld,1,32.7,32.7,32.7,0.0,13.0,168.7,168.7,201.4,32.7,0.0
2026-09-09 15:28:59,bimodal_mix,random,42,804.88,0,0,0.0,0,Weld,1,150.0,150.0,150.0,0.0,13.2,25.6,25.6,175.6,150.0,0.0
2026-09-09 15:28:59,bimodal_mix,random,42,804.88,1,0,0.0,0,Weld,1,150.0,150.0,150.0,0.0,13.5,33.2,175.6,325.7,150.0,142.4
2026-09-09 15:28:59,bimodal_mix,random,42,804.88,2,0,5.0,0,Weld,1,10.3,10.3,10.3,0.0,13.2,40.9,367.2,377.5,10.3,326.3
2026-09-09 15:28:59,bimodal_mix,random,42,804.88,3,0,13.0,0,Weld,1,9.1,9.1,9.1,0.0,18.2,64.5,377.5,386.6,9.1,312.9
2026-09-09 15:28:59,bimodal_mix,random,42,804.88,4,0,21.0,0,Weld,1,9.6,9.6,9.6,0.0,13.2,50.0,483.9,493.5,9.6,433.9
2026-09-09 15:28:59,bimodal_mix,random,42,804.88,5,0,29.0,0,Weld,1,9.5,9.5,9.5,0.0,27.3,94.5,532.2,541.7,9.5,437.7
2026-09-09 15:28:59,bimodal_mix,random,42,804.88,6,0,37.0,0,Weld,1,10.5,10.5,10.5,0.0,23.1,79.9,435.2,445.7,10.5,355.3
2026-09-09 15:28:59,bimodal_mix,random,42,804.88,7,0,45.0,0,Weld,1,10.4,10.4,10.4,0.0,20.2,72.2,502.9,513.3,10.4,430.7
2026-09-09 15:28:59,bimodal_mix,random,42,804.88,8,0,53.0,0,Weld,1,10.8,10.8,10.8,0.0,48.6,110.9,345.7,356.5,10.8,234.8
2026-09-09 15:28:59,bimodal_mix,random,42,804.88,9,0,61.0,0,Weld,1,9.2,9.2,9.2,0.0,53.1,125.7,426.0,435.2,9.2,300.3
2026-09-09 15:28:59,bimodal_mix,random,42,804.88,10,0,69.0,0,Weld,1,9.8,9.8,9.8,0.0,55.1,133.2,571.4,581.3,9.9,438.2
2026-09-09 15:28:59,bimodal_mix,random,42,804.88,11,0,77.0,0,Weld,1,9.1,9.1,9.1,0.0,31.7,121.0,416.9,426.0,9.1,295.9
2026-09-09 15:28:59,bimodal_mix,random,42,804.88,12,0,85.0,0,Weld,1,9.4,9.4,9.4,0.0,34.0,128.8,513.3,522.7,9.5,384.5
2026-09-09 15:28:59,bimodal_mix,random,42,804.88,13,0,93.0,0,Weld,1,10.0,10.0,10.0,0.0,20.0,144.0,581.3,591.3,10.0,437.2
2026-09-09 15:28:59,bimodal_mix,random,42,804.88,14,0,101.0,0,Weld,1,9.1,9.1,9.1,0.0,31.2,136.3,397.2,406.3,9.1,260.9
2026-09-09 15:28:59,bimodal_mix,random,42,804.88,15,0,109.0,0,Weld,1,9.4,9.4,9.4,0.0,22.8,159.4,493.5,502.9,9.4,334.1
2026-09-09 15:28:59,bimodal_mix,random,42,804.88,16,0,117.0,0,Weld,1,10.3,10.3,10.3,0.0,20.0,151.7,541.7,552.0,10.3,390.0
2026-09-09 15:28:59,bimodal_mix,random,42,804.88,17,0,125.0,0,Weld,1,10.1,10.1,10.1,0.0,34.8,187.1,601.5,611.7,10.1,414.4
2026-09-09 15:28:59,bimodal_mix,random,42,804.88,18,0,133.0,0,Weld,1,9.4,9.4,9.4,0.0,24.9,167.0,522.7,532.2,9.5,355.8
2026-09-09 15:28:59,bimodal_mix,random,42,804.88,19,0,141.0,0,Weld,1,10.2,10.2,10.2,0.0,27.0,174.5,611.7,621.9,10.2,437.2
2026-09-09 15:28:59,bimodal_mix,random,42,804.88,20,0,149.0,0,Weld,1,10.6,10.6,10.6,0.0,36.9,194.7,386.6,397.2,10.6,191.9
2026-09-09 15:28:59,bimodal_mix,random,42,804.88,21,0,157.0,0,Weld,1,9.0,9.0,9.0,0.0,39.7,214.5,336.6,345.7,9.0,122.1
2026-09-09 15:28:59,bimodal_mix,random,42,804.88,22,0,165.0,0,Weld,1,10.6,10.6,10.6,0.0,36.9,206.9,406.3,416.9,10.6,199.4
2026-09-09 15:28:59,bimodal_mix,random,42,804.88,23,0,173.0,0,Weld,1,10.4,10.4,10.4,0.0,42.1,222.2,473.5,483.9,10.4,251.2
2026-09-09 15:28:59,bimodal_mix,random,42,804.88,24,0,181.0,0,Weld,1,9.7,9.7,9.7,0.0,39.0,252.2,561.7,571.4,9.7,309.5
2026-09-09 15:28:59,bimodal_mix,random,42,804.88,25,0,189.0,0,Weld,1,9.3,9.3,9.3,0.0,36.9,237.0,464.1,473.5,9.3,227.1
2026-09-09 15:28:59,bimodal_mix,random,42,804.88,26,0,197.0,0,Weld,1,10.9,10.9,10.9,0.0,36.9,244.6,325.7,336.6,10.9,81.1
2026-09-09 15:28:59,bimodal_mix,random,42,804.88,27,0,205.0,0,Weld,1,9.7,9.7,9.7,0.0,39.5,259.7,552.0,561.7,9.7,292.3
2026-09-09 15:28:59,bimodal_mix,random,42,804.88,28,0,213.0,0,Weld,1,9.2,9.2,9.2,0.0,39.5,267.3,445.7,454.9,9.2,178.4
2026-09-09 15:28:59,bimodal_mix,random,42,804.88,29,0,221.0,0,Weld,1,9.2,9.2,9.2,0.0,39.0,275.0,454.9,464.1,9.2,179.9
2026-09-09 15:28:59,bimodal_mix,random,42,804.88,30,0,229.0,0,Weld,1,10.7,10.7,10.7,0.0,37.9,290.5,356.5,367.2,10.7,66.0
2026-09-09 15:28:59,bimodal_mix,random,42,804.88,31,0,237.0,0,Weld,1,10.2,10.2,10.2,0.0,35.1,282.8,591.3,601.5,10.2,308.5
2026-09-09 15:29:22,bimodal_mix,random,43,805.1,0,0,0.0,0,Weld,1,150.0,150.0,150.0,0.0,13.2,25.6,25.6,175.6,150.0,0.0
2026-09-09 15:29:22,bimodal_mix,random,43,805.1,1,0,0.0,0,Weld,1,150.0,150.0,150.0,0.0,13.5,33.2,175.6,325.7,150.0,142.4
2026-09-09 15:29:22,bimodal_mix,random,43,805.1,2,0,5.0,0,Weld,1,10.3,10.3,10.3,0.0,13.2,40.9,334.7,345.0,10.3,293.8
2026-09-09 15:29:22,bimodal_mix,random,43,805.1,3,0,13.0,0,Weld,1,9.1,9.1,9.1,0.0,18.2,64.5,345.0,354.1,9.1,280.5
2026-09-09 15:29:22,bimodal_mix,random,43,805.1,4,0,21.0,0,Weld,1,9.6,9.6,9.6,0.0,13.2,50.0,365.0,374.6,9.6,315.1
2026-09-09 15:29:22,bimodal_mix,random,43,805.1,5,0,29.0,0,Weld,1,9.5,9.5,9.5,0.0,27.3,94.5,422.0,431.5,9.5,327.5
2026-09-09 15:29:22,bimodal_mix,random,43,805.1,6,0,37.0,0,Weld,1,10.5,10.5,10.5,0.0,23.1,79.9,463.5,474.0,10.5,383.6
2026-09-09 15:29:22,bimodal_mix,random,43,805.1,7,0,45.0,0,Weld,1,10.4,10.4,10.4,0.0,20.2,72.2,474.0,484.4,10.4,401.8
2026-09-09 15:29:22,bimodal_mix,random,43,805.1,8,0,53.0,0,Weld,1,10.8,10.8,10.8,0.0,48.6,110.9,392.8,403.6,10.8,281.9
2026-09-09 15:29:22,bimodal_mix,random,43,805.1,9,0,61.0,0,Weld,1,9.2,9.2,9.2,0.0,53.1,125.7,403.6,412.8,9.2,277.9
2026-09-09 15:29:22,bimodal_mix,random,43,805.1,10,0,69.0,0,Weld,1,9.8,9.8,9.8,0.0,55.1,133.2,494.8,504.6,9.9,361.6
2026-09-09 15:29:22,bimodal_mix,random,43,805.1,11,0,77.0,0,Weld,1,9.1,9.1,9.1,0.0,31.7,121.0,383.7,392.8,9.1,262.7
2026-09-09 15:29:22,bimodal_mix,random,43,805.1,12,0,85.0,0,Weld,1,9.4,9.4,9.4,0.0,34.0,128.8,504.6,514.1,9.5,375.9
2026-09-09 15:29:22,bimodal_mix,random,43,805.1,13,0,93.0,0,Weld,1,10.0,10.0,10.0,0.0,20.0,144.0,543.0,553.0,10.0,399.0
2026-09-09 15:29:22,bimodal_mix,random,43,805.1,14,0,101.0,0,Weld,1,9.1,9.1,9.1,0.0,31.2,136.3,374.6,383.7,9.1,238.3
2026-09-09 15:29:22,bimodal_mix,random,43,805.1,15,0,109.0,0,Weld,1,9.4,9.4,9.4,0.0,22.8,159.4,563.3,572.7,9.4,403.9
2026-09-09 15:29:22,bimodal_mix,random,43,805.1,16,0,117.0,0,Weld,1,10.3,10.3,10.3,0.0,20.0,151.7,532.7,543.0,10.3,381.0
2026-09-09 15:29:22,bimodal_mix,random,43,805.1,17,0,125.0,0,Weld,1,10.1,10.1,10.1,0.0,34.8,187.1,592.3,602.5,10.1,405.2
2026-09-09 15:29:22,bimodal_mix,random,43,805.1,18,0,133.0,0,Weld,1,9.4,9.4,9.4,0.0,24.9,167.0,582.9,592.3,9.5,415.9
2026-09-09 15:29:22,bimodal_mix,random,43,805.1,19,0,141.0,0,Weld,1,10.2,10.2,10.2,0.0,27.0,174.5,572.7,582.9,10.2,398.2
2026-09-09 15:29:22,bimodal_mix,random,43,805.1,20,0,149.0,0,Weld,1,10.6,10.6,10.6,0.0,36.9,194.7,442.2,452.8,10.6,247.5
2026-09-09 15:29:22,bimodal_mix,random,43,805.1,21,0,157.0,0,Weld,1,9.0,9.0,9.0,0.0,39.7,214.5,325.7,334.7,9.0,111.1
2026-09-09 15:29:22,bimodal_mix,random,43,805.1,22,0,165.0,0,Weld,1,10.6,10.6,10.6,0.0,36.9,206.9,452.8,463.5,10.6,245.9
2026-09-09 15:29:22,bimodal_mix,random,43,805.1,23,0,173.0,0,Weld,1,10.4,10.4,10.4,0.0,42.1,222.2,484.4,494.8,10.4,262.1
2026-09-09 15:29:22,bimodal_mix,random,43,805.1,24,0,181.0,0,Weld,1,9.7,9.7,9.7,0.0,39.0,252.2,612.2,621.9,9.7,360.0
2026-09-09 15:29:22,bimodal_mix,random,43,805.1,25,0,189.0,0,Weld,1,9.3,9.3,9.3,0.0,36.9,237.0,523.3,532.7,9.3,286.3
2026-09-09 15:29:22,bimodal_mix,random,43,805.1,26,0,197.0,0,Weld,1,10.9,10.9,10.9,0.0,36.9,244.6,354.1,365.0,10.9,109.5
2026-09-09 15:29:22,bimodal_mix,random,43,805.1,27,0,205.0,0,Weld,1,9.7,9.7,9.7,0.0,39.5,259.7,602.5,612.2,9.7,342.8
2026-09-09 15:29:22,bimodal_mix,random,43,805.1,28,0,213.0,0,Weld,1,9.2,9.2,9.2,0.0,39.5,267.3,412.8,422.0,9.2,145.5
2026-09-09 15:29:22,bimodal_mix,random,43,805.1,29,0,221.0,0,Weld,1,9.2,9.2,9.2,0.0,39.0,275.0,514.1,523.3,9.2,239.1
2026-09-09 15:29:22,bimodal_mix,random,43,805.1,30,0,229.0,0,Weld,1,10.7,10.7,10.7,0.0,37.9,290.5,431.5,442.2,10.7,141.0
2026-09-09 15:29:22,bimodal_mix,random,43,805.1,31,0,237.0,0,Weld,1,10.2,10.2,10.2,0.0,35.1,282.8,553.0,563.3,10.2,270.3
2026-09-09 15:29:45,bimodal_mix,random,44,807.24,0,0,0.0,0,Weld,1,150.0,150.0,150.0,0.0,13.2,25.6,25.6,175.6,150.0,0.0
2026-09-09 15:29:45,bimodal_mix,random,44,807.24,1,0,0.0,0,Weld,1,150.0,150.0,150.0,0.0,13.5,33.2,175.6,325.7,150.0,142.4
2026-09-09 15:29:45,bimodal_mix,random,44,807.24,2,0,5.0,0,Weld,1,10.3,10.3,10.3,0.0,13.2,40.9,347.4,357.7,10.3,306.5
2026-09-09 15:29:45,bimodal_mix,random,44,807.24,3,0,13.0,0,Weld,1,9.1,9.1,9.1,0.0,18.2,64.5,366.8,375.8,9.1,302.2
2026-09-09 15:29:45,bimodal_mix,random,44,807.24,4,0,21.0,0,Weld,1,9.6,9.6,9.6,0.0,13.2,50.0,394.0,403.6,9.6,344.0
2026-09-09 15:29:45,bimodal_mix,random,44,807.24,5,0,29.0,0,Weld,1,9.5,9.5,9.5,0.0,27.3,94.5,500.9,510.4,9.5,406.4
2026-09-09 15:29:45,bimodal_mix,random,44,807.24,6,0,37.0,0,Weld,1,10.5,10.5,10.5,0.0,23.1,79.9,510.4,520.9,10.5,430.5
2026-09-09 15:29:45,bimodal_mix,random,44,807.24,7,0,45.0,0,Weld,1,10.4,10.4,10.4,0.0,20.2,72.2,550.7,561.1,10.4,478.5
2026-09-09 15:29:45,bimodal_mix,random,44,807.24,8,0,53.0,0,Weld,1,10.8,10.8,10.8,0.0,48.6,110.9,336.6,347.4,10.8,225.7
2026-09-09 15:29:45,bimodal_mix,random,44,807.24,9,0,61.0,0,Weld,1,9.2,9.2,9.2,0.0,53.1,125.7,414.3,423.5,9.2,288.6
2026-09-09 15:29:45,bimodal_mix,random,44,807.24,10,0,69.0,0,Weld,1,9.8,9.8,9.8,0.0,55.1,133.2,561.1,570.9,9.9,427.9
2026-09-09 15:29:45,bimodal_mix,random,44,807.24,11,0,77.0,0,Weld,1,9.1,9.1,9.1,0.0,31.7,121.0,384.9,394.0,9.1,263.9
2026-09-09 15:29:45,bimodal_mix,random,44,807.24,12,0,85.0,0,Weld,1,9.4,9.4,9.4,0.0,34.0,128.8,482.0,491.4,9.5,353.2
2026-09-09 15:29:45,bimodal_mix,random,44,807.24,13,0,93.0,0,Weld,1,10.0,10.0,10.0,0.0,20.0,144.0,570.9,581.0,10.0,426.9
2026-09-09 15:29:45,bimodal_mix,random,44,807.24,14,0,101.0,0,Weld,1,9.1,9.1,9.1,0.0,31.2,136.3,375.8,384.9,9.1,239.6
2026-09-09 15:29:45,bimodal_mix,random,44,807.24,15,0,109.0,0,Weld,1,9.4,9.4,9.4,0.0,22.8,159.4,472.6,482.0,9.4,313.2
2026-09-09 15:29:45,bimodal_mix,random,44,807.24,16,0,117.0,0,Weld,1,10.3,10.3,10.3,0.0,20.0,151.7,601.3,611.6,10.3,449.6
2026-09-09 15:29:45,bimodal_mix,random,44,807.24,17,0,125.0,0,Weld,1,10.1,10.1,10.1,0.0,34.8,187.1,581.0,591.1,10.1,393.8
2026-09-09 15:29:45,bimodal_mix,random,44,807.24,18,0,133.0,0,Weld,1,9.4,9.4,9.4,0.0,24.9,167.0,491.4,500.9,9.5,324.5
2026-09-09 15:29:45,bimodal_mix,random,44,807.24,19,0,141.0,0,Weld,1,10.2,10.2,10.2,0.0,27.0,174.5,591.1,601.3,10.2,416.6
2026-09-09 15:29:45,bimodal_mix,random,44,807.24,20,0,149.0,0,Weld,1,10.6,10.6,10.6,0.0,36.9,194.7,451.3,461.9,10.6,256.6
2026-09-09 15:29:45,bimodal_mix,random,44,807.24,21,0,157.0,0,Weld,1,9.0,9.0,9.0,0.0,39.7,214.5,357.7,366.8,9.0,143.2
2026-09-09 15:29:45,bimodal_mix,random,44,807.24,22,0,165.0,0,Weld,1,10.6,10.6,10.6,0.0,36.9,206.9,461.9,472.6,10.6,255.0
2026-09-09 15:29:45,bimodal_mix,random,44,807.24,23,0,173.0,0,Weld,1,10.4,10.4,10.4,0.0,42.1,222.2,530.6,541.0,10.4,308.3
2026-09-09 15:29:45,bimodal_mix,random,44,807.24,24,0,181.0,0,Weld,1,9.7,9.7,9.7,0.0,39.0,252.2,541.0,550.7,9.7,288.8
2026-09-09 15:29:45,bimodal_mix,random,44,807.24,25,0,189.0,0,Weld,1,9.3,9.3,9.3,0.0,36.9,237.0,441.9,451.3,9.3,204.9
2026-09-09 15:29:45,bimodal_mix,random,44,807.24,26,0,197.0,0,Weld,1,10.9,10.9,10.9,0.0,36.9,244.6,325.7,336.6,10.9,81.1
2026-09-09 15:29:45,bimodal_mix,random,44,807.24,27,0,205.0,0,Weld,1,9.7,9.7,9.7,0.0,39.5,259.7,520.9,530.6,9.7,261.2
2026-09-09 15:29:45,bimodal_mix,random,44,807.24,28,0,213.0,0,Weld,1,9.2,9.2,9.2,0.0,39.5,267.3,423.5,432.7,9.2,156.2
2026-09-09 15:29:45,bimodal_mix,random,44,807.24,29,0,221.0,0,Weld,1,9.2,9.2,9.2,0.0,39.0,275.0,432.7,441.9,9.2,157.7
2026-09-09 15:29:45,bimodal_mix,random,44,807.24,30,0,229.0,0,Weld,1,10.7,10.7,10.7,0.0,37.9,290.5,403.6,414.3,10.7,113.1
2026-09-09 15:29:45,bimodal_mix,random,44,807.24,31,0,237.0,0,Weld,1,10.2,10.2,10.2,0.0,35.1,282.8,611.6,621.9,10.2,328.9
2026-09-09 15:30:58,compound_scenario,random,42,2694.12,0,0,0.0,0,Mill,1,39.2,39.2,39.2,0.0,18.6,31.0,31.0,70.2,39.2,0.0
2026-09-09 15:30:58,compound_scenario,random,42,2694.12,0,0,0.0,1,Lathe,1,20.8,20.8,20.8,0.0,20.7,105.8,105.8,126.6,20.8,0.0
2026-09-09 15:30:58,compound_scenario,random,42,2694.12,0,0,0.0,2,Weld,1,28.3,28.3,28.3,0.0,21.5,162.5,162.5,190.8,28.3,0.0
2026-09-09 15:30:58,compound_scenario,random,42,2694.12,1,0,60.0,0,Mill,1,26.7,26.7,26.7,0.0,16.8,93.0,93.0,119.7,26.7,0.0
2026-09-09 15:30:58,compound_scenario,random,42,2694.12,1,0,60.0,1,Lathe,1,42.1,42.1,42.1,0.0,21.5,156.9,156.9,199.1,42.1,0.0
2026-09-09 15:30:58,compound_scenario,random,42,2694.12,1,0,60.0,2,Weld,1,40.3,40.3,40.3,0.0,20.6,231.0,231.0,271.3,40.3,0.0
2026-09-09 15:30:58,compound_scenario,random,42,2694.12,2,0,120.0,0,Mill,1,46.8,46.8,46.8,0.0,34.9,169.9,169.9,216.7,46.8,0.0
2026-09-09 15:30:58,compound_scenario,random,42,2694.12,2,0,120.0,1,Lathe,1,22.6,22.6,22.6,0.0,4.7,223.6,223.6,246.3,22.6,0.0
2026-09-09 15:30:58,compound_scenario,random,42,2694.12,2,0,120.0,2,Weld,1,32.7,32.7,32.7,0.0,13.0,262.4,262.4,295.1,32.7,0.0
2026-09-09 15:30:58,compound_scenario,random,42,2694.12,3,0,250.0,0,Mill,3,20.0,20.0,20.0,0.0,18.6,280.9,280.9,301.0,20.0,0.0
2026-09-09 15:30:58,compound_scenario,random,42,2694.12,3,0,250.0,1,Weld,1,12.4,12.4,12.4,0.0,30.7,392.9,399.5,411.9,12.4,6.7
2026-09-09 15:30:58,compound_scenario,random,42,2694.12,4,0,250.0,0,Mill,3,20.0,20.0,20.0,0.0,18.9,291.6,291.6,311.6,20.0,0.0
2026-09-09 15:30:58,compound_scenario,random,42,2694.12,4,0,250.0,1,Weld,1,27.5,27.5,27.5,0.0,20.5,365.2,552.1,579.6,27.5,186.9
2026-09-09 15:30:58,compound_scenario,random,42,2694.12,5,0,250.0,0,Mill,3,20.0,20.0,20.0,0.0,30.8,321.4,324.6,344.6,20.0,3.2
2026-09-09 15:30:58,compound_scenario,random,42,2694.12,5,0,250.0,1,Weld,1,50.4,50.4,50.4,0.0,23.4,377.5,474.0,524.4,50.5,96.5
2026-09-09 15:30:58,compound_scenario,random,42,2694.12,6,0,250.0,0,Mill,3,20.0,20.0,20.0,0.0,34.9,332.4,332.4,352.4,20.0,0.0
2026-09-09 15:30:58,compound_scenario,random,42,2694.12,6,0,250.0,1,Weld,1,12.1,12.1,12.1,0.0,59.6,442.3,579.6,591.7,12.1,137.3
2026-09-09 15:30:58,compound_scenario,random,42,2694.12,7,0,250.0,0,Mill,3,20.0,20.0,20.0,0.0,18.9,333.1,342.4,362.4,20.0,9.3
2026-09-09 15:30:58,compound_scenario,random,42,2694.12,7,0,250.0,1,Weld,1,25.9,25.9,25.9,0.0,45.7,449.9,591.7,617.7,25.9,141.9
2026-09-09 15:30:58,compound_scenario,random,42,2694.12,8,0,250.0,0,Mill,3,20.0,20.0,20.0,0.0,38.1,305.8,305.8,325.8,20.0,0.0
2026-09-09 15:30:58,compound_scenario,random,42,2694.12,8,0,250.0,1,Weld,1,62.0,62.0,62.0,0.0,51.3,385.2,411.9,474.0,62.0,26.7
2026-09-09 15:30:58,compound_scenario,random,42,2694.12,9,0,250.0,0,Mill,3,20.0,20.0,20.0,0.0,24.8,304.6,304.6,324.6,20.0,0.0
2026-09-09 15:30:58,compound_scenario,random,42,2694.12,9,0,250.0,1,Weld,1,53.6,53.6,53.6,0.0,17.4,345.9,345.9,399.5,53.6,0.0
2026-09-09 15:30:58,compound_scenario,random,42,2694.12,10,0,250.0,0,Mill,3,20.0,20.0,20.0,0.0,19.4,322.4,322.4,342.4,20.0,0.0
2026-09-09 15:30:58,compound_scenario,random,42,2694.12,10,0,250.0,1,Weld,1,27.6,27.6,27.6,0.0,36.8,413.2,524.4,552.1,27.7,111.2
2026-09-09 15:30:58,compound_scenario,random,42,2694.12,20,0,650.0,0,Mill,3,20.0,20.0,20.0,0.0,18.6,681.4,681.4,701.4,20.0,0.0
2026-09-09 15:30:58,compound_scenario,random,42,2694.12,20,0,650.0,1,Weld,2,19.2,19.2,19.2,0.0,26.6,737.1,737.1,756.3,19.2,0.0
2026-09-09 15:30:58,compound_scenario,random,42,2694.12,19,0,650.0,0,Mill,3,20.0,20.0,20.0,0.0,16.8,687.5,687.5,707.5,20.0,0.0
2026-09-09 15:30:58,compound_scenario,random,42,2694.12,19,0,650.0,1,Weld,2,30.2,30.2,30.2,0.0,26.7,781.0,810.8,841.0,30.2,29.8
2026-09-09 15:30:58,compound_scenario,random,42,2694.12,18,0,650.0,0,Mill,3,20.0,20.0,20.0,0.0,18.6,699.1,701.4,721.5,20.0,2.3
2026-09-09 15:30:58,compound_scenario,random,42,2694.12,18,0,650.0,1,Weld,2,58.1,58.1,58.1,0.0,25.2,754.2,754.2,812.3,58.1,0.0
2026-09-09 15:30:58,compound_scenario,random,42,2694.12,17,0,650.0,0,Mill,3,20.0,20.0,20.0,0.0,27.4,719.2,761.6,781.6,20.0,42.3
2026-09-09 15:30:58,compound_scenario,random,42,2694.12,17,0,650.0,1,Weld,2,22.0,22.0,22.0,0.0,20.5,838.6,838.6,860.6,22.0,0.0
2026-09-09 15:30:58,compound_scenario,random,42,2694.12,16,0,650.0,0,Mill,3,20.0,20.0,20.0,0.0,37.8,749.9,763.2,783.2,20.0,13.2
2026-09-09 15:30:58,compound_scenario,random,42,2694.12,16,0,650.0,1,Weld,2,30.3,30.3,30.3,0.0,63.1,900.2,954.2,984.5,30.3,54.0
2026-09-09 15:30:58,compound_scenario,random,42,2694.12,14,0,650.0,0,Mill,3,20.0,20.0,20.0,0.0,31.6,753.4,781.6,801.6,20.0,28.2
2026-09-09 15:30:58,compound_scenario,random,42,2694.12,14,0,650.0,1,Weld,2,51.3,51.3,51.3,0.0,19.1,823.0,984.5,1035.8,51.3,161.5
2026-09-09 15:30:58,compound_scenario,random,42,2694.12,13,0,650.0,0,Mill,3,20.0,20.0,20.0,0.0,34.2,736.2,741.5,761.5,20.0,5.3
2026-09-09 15:30:58,compound_scenario,random,42,2694.12,13,0,650.0,1,Weld,2,15.3,15.3,15.3,0.0,19.0,830.0,841.0,856.3,15.3,11.0
2026-09-09 15:30:58,compound_scenario,random,42,2694.12,12,0,650.0,0,Mill,3,20.0,20.0,20.0,0.0,22.2,709.0,721.5,741.5,20.0,12.4
2026-09-09 15:30:58,compound_scenario,random,42,2694.12,12,0,650.0,1,Weld,2,51.4,51.4,51.4,0.0,39.0,813.0,902.7,954.2,51.4,89.7
2026-09-09 15:30:58,compound_scenario,random,42,2694.12,11,0,650.0,0,Mill,3,20.0,20.0,20.0,0.0,23.1,720.3,720.3,740.4,20.0,0.0
2026-09-09 15:30:58,compound_scenario,random,42,2694.12,11,0,650.0,1,Weld,2,41.5,41.5,41.5,0.0,24.5,769.3,769.3,810.8,41.5,0.0
2026-09-09 15:30:58,compound_scenario,random,42,2694.12,15,0,650.0,0,Mill,3,20.0,20.0,20.0,0.0,35.7,743.1,743.1,763.1,20.0,0.0
2026-09-09 15:30:58,compound_scenario,random,42,2694.12,15,0,650.0,1,Weld,2,46.4,46.4,46.4,0.0,42.5,836.6,856.3,902.7,46.4,19.7
2026-09-09 15:30:58,compound_scenario,random,42,2694.12,29,0,1050.0,0,Mill,3,20.0,20.0,20.0,0.0,18.6,1081.9,1081.9,1102.0,20.0,0.0
2026-09-09 15:30:58,compound_scenario,random,42,2694.12,29,0,1050.0,1,Weld,1,39.8,39.8,39.8,0.0,21.6,1135.0,1135.0,1174.9,39.9,0.0
2026-09-09 15:30:58,compound_scenario,random,42,2694.12,35,0,1050.0,0,Mill,3,20.0,20.0,20.0,0.0,17.9,1092.7,1092.7,1112.7,20.0,0.0
2026-09-09 15:30:58,compound_scenario,random,42,2694.12,35,0,1050.0,1,Weld,1,17.1,17.1,17.1,0.0,23.3,1178.4,1206.9,1224.0,17.1,28.5
2026-09-09 15:30:58,compound_scenario,random,42,2694.12,34,0,1050.0,0,Mill,3,20.0,20.0,20.0,0.0,16.8,1099.4,1112.8,1132.8,20.0,13.3
2026-09-09 15:30:58,compound_scenario,random,42,2694.12,34,0,1050.0,1,Weld,1,46.7,46.7,46.7,0.0,39.4,1222.9,1263.2,1309.9,46.7,40.3
2026-09-09 15:30:58,compound_scenario,random,42,2694.12,32,0,1050.0,0,Mill,3,20.0,20.0,20.0,0.0,39.9,1133.0,1133.0,1153.0,20.0,0.0
2026-09-09 15:30:58,compound_scenario,random,42,2694.12,32,0,1050.0,1,Weld,1,53.8,53.8,53.8,0.0,54.7,1278.5,1368.7,1422.5,53.8,90.3
2026-09-09 15:30:58,compound_scenario,random,42,2694.12,31,0,1050.0,0,Mill,3,20.0,20.0,20.0,0.0,26.6,1131.5,1132.0,1152.0,20.0,0.5
2026-09-09 15:30:58,compound_scenario,random,42,2694.12,31,0,1050.0,1,Weld,1,42.8,42.8,42.8,0.0,22.1,1187.7,1873.0,1915.8,42.9,685.3
2026-09-09 15:30:58,compound_scenario,random,42,2694.12,30,0,1050.0,0,Mill,3,20.0,20.0,20.0,0.0,42.2,1166.8,1173.1,1193.1,20.0,6.3
2026-09-09 15:30:58,compound_scenario,random,42,2694.12,30,0,1050.0,1,Weld,1,52.3,52.3,52.3,0.0,55.5,1321.4,1925.3,1977.6,52.3,603.9
2026-09-09 15:30:58,compound_scenario,random,42,2694.12,28,0,1050.0,0,Mill,3,20.0,20.0,20.0,0.0,23.8,1111.9,1111.9,1131.9,20.0,0.0
2026-09-09 15:30:58,compound_scenario,random,42,2694.12,28,0,1050.0,1,Weld,1,32.0,32.0,32.0,0.0,22.6,1161.2,1174.9,1206.9,32.1,13.7
2026-09-09 15:30:58,compound_scenario,random,42,2694.12,33,0,1050.0,0,Mill,3,20.0,20.0,20.0,0.0,18.9,1133.9,1133.9,1153.9,20.0,0.0
2026-09-09 15:30:58,compound_scenario,random,42,2694.12,33,0,1050.0,1,Weld,1,41.0,41.0,41.0,0.0,34.5,1256.2,1422.5,1463.5,41.0,166.4
2026-09-09 15:30:58,compound_scenario,random,42,2694.12,26,0,1050.0,0,Mill,3,20.0,20.0,20.0,0.0,22.2,1122.1,1152.0,1172.0,20.0,29.9
2026-09-09 15:30:58,compound_scenario,random,42,2694.12,26,0,1050.0,1,Weld,1,39.1,39.1,39.1,0.0,25.0,1209.0,1224.0,1263.2,39.2,15.1
2026-09-09 15:30:58,compound_scenario,random,42,2694.12,25,0,1050.0,0,Mill,3,20.0,20.0,20.0,0.0,34.9,1145.2,1153.0,1173.0,20.0,7.8
2026-09-09 15:30:58,compound_scenario,random,42,2694.12,25,0,1050.0,1,Weld,1,47.8,47.8,47.8,0.0,64.1,1335.9,2067.1,2114.9,47.9,731.1
2026-09-09 15:30:58,compound_scenario,random,42,2694.12,24,0,1050.0,0,Mill,3,20.0,20.0,20.0,0.0,27.2,1164.1,1172.0,1192.1,20.0,8.0
2026-09-09 15:30:58,compound_scenario,random,42,2694.12,24,0,1050.0,1,Weld,1,51.3,51.3,51.3,0.0,39.8,1270.9,1977.6,2029.0,51.3,706.8
2026-09-09 15:30:58,compound_scenario,random,42,2694.12,23,0,1050.0,0,Mill,3,20.0,20.0,20.0,0.0,34.2,1182.5,1192.1,1212.1,20.0,9.6
2026-09-09 15:30:58,compound_scenario,random,42,2694.12,23,0,1050.0,1,Weld,1,42.2,42.2,42.2,0.0,29.4,1293.7,2114.9,2157.1,42.2,821.2
2026-09-09 15:30:58,compound_scenario,random,42,2694.12,27,0,1050.0,0,Mill,3,20.0,20.0,20.0,0.0,32.4,1207.5,1212.1,1232.1,20.0,4.6
2026-09-09 15:30:58,compound_scenario,random,42,2694.12,27,0,1050.0,1,Weld,1,58.8,58.8,58.8,0.0,22.3,1301.4,1309.9,1368.7,58.8,8.5
2026-09-09 15:30:58,compound_scenario,random,42,2694.12,22,0,1050.0,0,Mill,3,20.0,20.0,20.0,0.0,31.1,1323.8,1323.8,1343.9,20.0,0.0
2026-09-09 15:30:58,compound_scenario,random,42,2694.12,22,0,1050.0,1,Weld,1,53.1,53.1,53.1,0.0,24.9,1371.1,1810.5,1863.6,53.2,439.4
2026-09-09 15:30:58,compound_scenario,random,42,2694.12,21,0,1050.0,0,Mill,3,20.0,20.0,20.0,0.0,47.7,1357.3,1357.3,1377.3,20.0,0.0
2026-09-09 15:30:58,compound_scenario,random,42,2694.12,21,0,1050.0,1,Weld,1,19.4,19.4,19.4,0.0,17.1,1422.9,2166.9,2186.3,19.4,744.0
2026-09-09 15:30:58,compound_scenario,random,42,2694.12,37,0,1400.0,0,Weld,1,150.0,150.0,150.0,0.0,15.0,1430.5,1501.0,1651.1,150.0,70.5
2026-09-09 15:30:58,compound_scenario,random,42,2694.12,36,0,1400.0,0,Weld,1,150.0,150.0,150.0,0.0,15.8,1438.1,1660.4,1810.5,150.0,222.4
2026-09-09 15:30:58,compound_scenario,random,42,2694.12,38,0,1405.0,0,Weld,1,9.5,9.5,9.5,0.0,31.2,1493.2,2029.0,2038.4,9.5,535.8
2026-09-09 15:30:58,compound_scenario,random,42,2694.12,39,0,1413.0,0,Weld,1,9.6,9.6,9.6,0.0,13.2,1445.9,2057.5,2067.1,9.6,611.6
2026-09-09 15:30:58,compound_scenario,random,42,2694.12,40,0,1421.0,0,Weld,1,9.2,9.2,9.2,0.0,18.2,1461.1,1463.5,1472.7,9.2,2.5
2026-09-09 15:30:58,compound_scenario,random,42,2694.12,41,0,1429.0,0,Weld,1,9.5,9.5,9.5,0.0,15.6,1453.5,1481.9,1491.4,9.5,28.4
2026-09-09 15:30:58,compound_scenario,random,42,2694.12,42,0,1437.0,0,Weld,1,9.2,9.2,9.2,0.0,20.2,1468.7,1472.7,1481.9,9.2,4.0
2026-09-09 15:30:58,compound_scenario,random,42,2694.12,43,0,1445.0,0,Weld,1,9.6,9.6,9.6,0.0,26.7,1483.9,1491.4,1501.0,9.6,7.5
2026-09-09 15:30:58,compound_scenario,random,42,2694.12,44,0,1453.0,0,Weld,1,10.3,10.3,10.3,0.0,34.8,1502.2,2227.7,2238.0,10.3,725.5
2026-09-09 15:30:58,compound_scenario,random,42,2694.12,45,0,1461.0,0,Weld,1,9.7,9.7,9.7,0.0,38.7,1511.5,2157.1,2166.9,9.8,645.7
2026-09-09 15:30:58,compound_scenario,random,42,2694.12,46,0,1469.0,0,Weld,1,9.7,9.7,9.7,0.0,45.7,1528.2,2186.3,2196.0,9.8,658.0
2026-09-09 15:30:58,compound_scenario,random,42,2694.12,47,0,1477.0,0,Weld,1,9.4,9.4,9.4,0.0,35.8,1577.9,1915.8,1925.3,9.4,338.0
2026-09-09 15:30:58,compound_scenario,random,42,2694.12,48,0,1485.0,0,Weld,1,9.5,9.5,9.5,0.0,27.5,1585.6,2047.9,2057.5,9.6,462.3
2026-09-09 15:30:58,compound_scenario,random,42,2694.12,49,0,1493.0,0,Weld,1,10.9,10.9,10.9,0.0,27.8,1593.1,2216.8,2227.7,10.9,623.7
2026-09-09 15:30:58,compound_scenario,random,42,2694.12,50,0,1501.0,0,Weld,1,10.3,10.3,10.3,0.0,28.3,1600.8,2248.2,2258.5,10.3,647.4
2026-09-09 15:30:58,compound_scenario,random,42,2694.12,51,0,1509.0,0,Weld,1,10.2,10.2,10.2,0.0,28.6,1608.3,2258.5,2268.7,10.2,650.2
2026-09-09 15:30:58,compound_scenario,random,42,2694.12,52,0,1517.0,0,Weld,1,9.3,9.3,9.3,0.0,29.1,1616.0,1863.6,1873.0,9.4,247.7
2026-09-09 15:30:58,compound_scenario,random,42,2694.12,53,0,1525.0,0,Weld,1,10.5,10.5,10.5,0.0,34.0,1631.4,2300.3,2310.8,10.5,669.0
2026-09-09 15:30:58,compound_scenario,random,42,2694.12,54,0,1533.0,0,Weld,1,9.3,9.3,9.3,0.0,31.2,1623.6,1651.1,1660.4,9.4,27.4
2026-09-09 15:30:58,compound_scenario,random,42,2694.12,55,0,1541.0,0,Weld,1,9.8,9.8,9.8,0.0,36.1,1638.9,2196.0,2205.8,9.8,557.2
2026-09-09 15:30:58,compound_scenario,random,42,2694.12,56,0,1549.0,0,Weld,1,11.0,11.0,11.0,0.0,38.4,1646.6,2205.8,2216.8,11.0,559.2
2026-09-09 15:30:58,compound_scenario,random,42,2694.12,57,0,1557.0,0,Weld,1,10.3,10.3,10.3,0.0,40.8,1654.3,2279.4,2289.7,10.3,625.1
2026-09-09 15:30:58,compound_scenario,random,42,2694.12,58,0,1565.0,0,Weld,1,10.1,10.1,10.1,0.0,40.3,1661.8,2238.0,2248.2,10.1,576.2
2026-09-09 15:30:58,compound_scenario,random,42,2694.12,59,0,1573.0,0,Weld,1,10.4,10.4,10.4,0.0,40.5,1669.5,2310.8,2321.2,10.4,641.3
2026-09-09 15:30:58,compound_scenario,random,42,2694.12,60,0,1581.0,0,Weld,1,10.7,10.7,10.7,0.0,40.5,1677.2,2268.7,2279.4,10.7,591.6
2026-09-09 15:30:58,compound_scenario,random,42,2694.12,61,0,1589.0,0,Weld,1,10.6,10.6,10.6,0.0,40.8,1684.9,2289.7,2300.3,10.6,604.9
2026-09-09 15:30:58,compound_scenario,random,42,2694.12,62,0,1597.0,0,Weld,1,9.5,9.5,9.5,0.0,40.3,1692.4,2038.4,2047.9,9.5,346.0
2026-09-09 15:30:58,compound_scenario,random,42,2694.12,63,0,2200.0,0,Mill,1,21.0,21.0,21.0,0.0,18.6,2239.4,2239.4,2260.4,21.0,0.0
2026-09-09 15:30:58,compound_scenario,random,42,2694.12,63,0,2200.0,1,Lathe,1,29.5,29.5,29.5,0.0,47.5,2321.2,2321.2,2350.6,29.5,0.0
2026-09-09 15:30:58,compound_scenario,random,42,2694.12,63,0,2200.0,2,Weld,1,28.0,28.0,28.0,0.0,35.6,2449.3,2449.3,2477.4,28.1,0.0
2026-09-09 15:30:58,compound_scenario,random,42,2694.12,64,0,2260.0,0,Mill,1,26.3,26.3,26.3,0.0,35.5,2446.3,2446.3,2472.7,26.4,0.0
2026-09-09 15:30:58,compound_scenario,random,42,2694.12,64,0,2260.0,1,Lathe,1,48.3,48.3,48.3,0.0,24.1,2509.4,2509.4,2557.7,48.3,0.0
2026-09-09 15:30:58,compound_scenario,random,42,2694.12,64,0,2260.0,2,Weld,1,46.3,46.3,46.3,0.0,20.6,2596.2,2596.2,2642.6,46.3,0.0
2026-09-09 15:30:58,compound_scenario,random,42,2694.12,65,0,2320.0,0,Mill,1,29.4,29.4,29.4,0.0,52.9,2478.3,2478.3,2507.8,29.5,0.0
2026-09-09 15:30:58,compound_scenario,random,42,2694.12,65,0,2320.0,1,Lathe,1,39.7,39.7,39.7,0.0,4.7,2514.7,2514.7,2554.4,39.7,0.0
2026-09-09 15:30:58,compound_scenario,random,42,2694.12,65,0,2320.0,2,Weld,1,31.9,31.9,31.9,0.0,13.0,2569.7,2569.7,2601.6,31.9,0.0
2026-09-09 15:32:12,compound_scenario,random,43,2719.88,0,0,0.0,0,Mill,1,39.2,39.2,39.2,0.0,18.6,31.0,31.0,70.2,39.2,0.0
2026-09-09 15:32:12,compound_scenario,random,43,2719.88,0,0,0.0,1,Lathe,1,20.8,20.8,20.8,0.0,20.7,105.8,105.8,126.6,20.8,0.0
2026-09-09 15:32:12,compound_scenario,random,43,2719.88,0,0,0.0,2,Weld,1,28.3,28.3,28.3,0.0,21.5,162.5,162.5,190.8,28.3,0.0
2026-09-09 15:32:12,compound_scenario,random,43,2719.88,1,0,60.0,0,Mill,1,26.7,26.7,26.7,0.0,16.8,93.0,93.0,119.7,26.7,0.0
2026-09-09 15:32:12,compound_scenario,random,43,2719.88,1,0,60.0,1,Lathe,1,42.1,42.1,42.1,0.0,21.5,156.9,156.9,199.1,42.1,0.0
2026-09-09 15:32:12,compound_scenario,random,43,2719.88,1,0,60.0,2,Weld,1,40.3,40.3,40.3,0.0,20.6,231.0,231.0,271.3,40.3,0.0
2026-09-09 15:32:12,compound_scenario,random,43,2719.88,2,0,120.0,0,Mill,1,46.8,46.8,46.8,0.0,34.9,169.9,169.9,216.7,46.8,0.0
2026-09-09 15:32:12,compound_scenario,random,43,2719.88,2,0,120.0,1,Lathe,1,22.6,22.6,22.6,0.0,4.7,223.6,223.6,246.3,22.6,0.0
2026-09-09 15:32:12,compound_scenario,random,43,2719.88,2,0,120.0,2,Weld,1,32.7,32.7,32.7,0.0,13.0,262.4,262.4,295.1,32.7,0.0
2026-09-09 15:32:12,compound_scenario,random,43,2719.88,3,0,250.0,0,Mill,3,20.0,20.0,20.0,0.0,18.6,280.9,280.9,301.0,20.0,0.0
2026-09-09 15:32:12,compound_scenario,random,43,2719.88,3,0,250.0,1,Weld,1,12.4,12.4,12.4,0.0,21.3,340.6,340.6,353.0,12.4,0.0
2026-09-09 15:32:12,compound_scenario,random,43,2719.88,4,0,250.0,0,Mill,3,20.0,20.0,20.0,0.0,24.8,297.5,301.0,321.0,20.0,3.5
2026-09-09 15:32:12,compound_scenario,random,43,2719.88,4,0,250.0,1,Weld,1,27.5,27.5,27.5,0.0,21.8,348.3,353.0,380.5,27.5,4.6
2026-09-09 15:32:12,compound_scenario,random,43,2719.88,5,0,250.0,0,Mill,3,20.0,20.0,20.0,0.0,27.2,317.7,321.0,341.0,20.0,3.3
2026-09-09 15:32:12,compound_scenario,random,43,2719.88,5,0,250.0,1,Weld,1,50.4,50.4,50.4,0.0,28.6,419.0,530.1,580.5,50.5,111.1
2026-09-09 15:32:12,compound_scenario,random,43,2719.88,6,0,250.0,0,Mill,3,20.0,20.0,20.0,0.0,32.9,333.7,341.1,361.1,20.0,7.4
2026-09-09 15:32:12,compound_scenario,random,43,2719.88,6,0,250.0,1,Weld,1,12.1,12.1,12.1,0.0,40.3,442.0,455.9,468.0,12.1,13.9
2026-09-09 15:32:12,compound_scenario,random,43,2719.88,7,0,250.0,0,Mill,3,20.0,20.0,20.0,0.0,24.1,334.7,338.8,358.8,20.0,4.1
2026-09-09 15:32:12,compound_scenario,random,43,2719.88,7,0,250.0,1,Weld,1,25.9,25.9,25.9,0.0,41.3,402.3,402.3,428.2,25.9,0.0
2026-09-09 15:32:12,compound_scenario,random,43,2719.88,8,0,250.0,0,Mill,3,20.0,20.0,20.0,0.0,20.4,288.1,361.1,381.1,20.0,73.0
2026-09-09 15:32:12,compound_scenario,random,43,2719.88,8,0,250.0,1,Weld,1,62.0,62.0,62.0,0.0,28.1,411.4,468.0,530.1,62.0,56.6
2026-09-09 15:32:12,compound_scenario,random,43,2719.88,9,0,250.0,0,Mill,3,20.0,20.0,20.0,0.0,39.3,319.1,319.1,339.1,20.0,0.0
2026-09-09 15:32:12,compound_scenario,random,43,2719.88,9,0,250.0,1,Weld,1,53.6,53.6,53.6,0.0,56.5,434.3,580.5,634.1,53.6,146.3
2026-09-09 15:32:12,compound_scenario,random,43,2719.88,10,0,250.0,0,Mill,3,20.0,20.0,20.0,0.0,22.8,318.7,318.7,338.7,20.0,0.0
2026-09-09 15:32:12,compound_scenario,random,43,2719.88,10,0,250.0,1,Weld,1,27.6,27.6,27.6,0.0,35.3,426.6,428.2,455.9,27.7,1.6
2026-09-09 15:32:12,compound_scenario,random,43,2719.88,20,0,650.0,0,Mill,3,20.0,20.0,20.0,0.0,16.8,679.6,679.6,699.7,20.0,0.0
2026-09-09 15:32:12,compound_scenario,random,43,2719.88,20,0,650.0,1,Weld,2,19.2,19.2,19.2,0.0,34.8,740.0,740.0,759.2,19.2,0.0
2026-09-09 15:32:12,compound_scenario,random,43,2719.88,19,0,650.0,0,Mill,3,20.0,20.0,20.0,0.0,20.2,693.2,693.2,713.2,20.0,0.0
2026-09-09 15:32:12,compound_scenario,random,43,2719.88,19,0,650.0,1,Weld,2,30.2,30.2,30.2,0.0,28.4,750.9,759.2,789.4,30.2,8.3
2026-09-09 15:32:12,compound_scenario,random,43,2719.88,18,0,650.0,0,Mill,3,20.0,20.0,20.0,0.0,16.8,696.9,699.7,719.7,20.0,2.8
2026-09-09 15:32:12,compound_scenario,random,43,2719.88,18,0,650.0,1,Weld,2,58.1,58.1,58.1,0.0,29.9,805.7,923.0,981.1,58.1,117.3
2026-09-09 15:32:12,compound_scenario,random,43,2719.88,17,0,650.0,0,Mill,3,20.0,20.0,20.0,0.0,29.2,721.0,721.0,741.0,20.0,0.0
2026-09-09 15:32:12,compound_scenario,random,43,2719.88,17,0,650.0,1,Weld,2,22.0,22.0,22.0,0.0,23.9,808.5,808.5,830.6,22.0,0.0
2026-09-09 15:32:12,compound_scenario,random,43,2719.88,16,0,650.0,0,Mill,3,20.0,20.0,20.0,0.0,28.3,731.8,739.8,759.8,20.0,8.0
2026-09-09 15:32:12,compound_scenario,random,43,2719.88,16,0,650.0,1,Weld,2,30.3,30.3,30.3,0.0,31.9,794.0,804.7,835.0,30.3,10.7
2026-09-09 15:32:12,compound_scenario,random,43,2719.88,14,0,650.0,0,Mill,3,20.0,20.0,20.0,0.0,24.9,738.9,759.8,779.8,20.0,20.9
2026-09-09 15:32:12,compound_scenario,random,43,2719.88,14,0,650.0,1,Weld,2,51.3,51.3,51.3,0.0,36.9,824.1,981.1,1032.4,51.3,157.0
2026-09-09 15:32:12,compound_scenario,random,43,2719.88,13,0,650.0,0,Mill,3,20.0,20.0,20.0,0.0,16.8,703.6,719.7,739.7,20.0,16.1
2026-09-09 15:32:12,compound_scenario,random,43,2719.88,13,0,650.0,1,Weld,2,15.3,15.3,15.3,0.0,39.1,782.6,789.4,804.7,15.3,6.8
2026-09-09 15:32:12,compound_scenario,random,43,2719.88,12,0,650.0,0,Mill,3,20.0,20.0,20.0,0.0,40.1,763.8,764.0,784.0,20.0,0.2
2026-09-09 15:32:12,compound_scenario,random,43,2719.88,12,0,650.0,1,Weld,2,51.4,51.4,51.4,0.0,51.8,872.6,872.6,924.1,51.4,0.0
2026-09-09 15:32:12,compound_scenario,random,43,2719.88,11,0,650.0,0,Mill,3,20.0,20.0,20.0,0.0,32.1,730.7,741.0,761.0,20.0,10.3
2026-09-09 15:32:12,compound_scenario,random,43,2719.88,11,0,650.0,1,Weld,2,41.5,41.5,41.5,0.0,29.9,829.8,835.0,876.6,41.5,5.2
2026-09-09 15:32:12,compound_scenario,random,43,2719.88,15,0,650.0,0,Mill,3,20.0,20.0,20.0,0.0,34.9,744.0,744.0,764.0,20.0,0.0
2026-09-09 15:32:12,compound_scenario,random,43,2719.88,15,0,650.0,1,Weld,2,46.4,46.4,46.4,0.0,52.7,818.4,876.6,923.0,46.4,58.2
2026-09-09 15:32:12,compound_scenario,random,43,2719.88,29,0,1050.0,0,Mill,3,20.0,20.0,20.0,0.0,18.6,1081.4,1081.4,1101.4,20.0,0.0
2026-09-09 15:32:12,compound_scenario,random,43,2719.88,29,0,1050.0,1,Weld,1,39.8,39.8,39.8,0.0,23.1,1130.3,1130.3,1170.2,39.9,0.0
2026-09-09 15:32:12,compound_scenario,random,43,2719.88,35,0,1050.0,0,Mill,3,20.0,20.0,20.0,0.0,18.9,1091.4,1091.4,1111.4,20.0,0.0
2026-09-09 15:32:12,compound_scenario,random,43,2719.88,35,0,1050.0,1,Weld,1,17.1,17.1,17.1,0.0,26.7,1173.1,1173.1,1190.2,17.1,0.0
2026-09-09 15:32:12,compound_scenario,random,43,2719.88,34,0,1050.0,0,Mill,3,20.0,20.0,20.0,0.0,49.0,1129.1,1129.1,1149.1,20.0,0.0
2026-09-09 15:32:12,compound_scenario,random,43,2719.88,34,0,1050.0,1,Weld,1,46.7,46.7,46.7,0.0,58.3,1275.3,1382.1,1428.9,46.7,106.8
2026-09-09 15:32:12,compound_scenario,random,43,2719.88,32,0,1050.0,0,Mill,3,20.0,20.0,20.0,0.0,25.1,1116.8,1125.7,1145.7,20.0,8.9
2026-09-09 15:32:12,compound_scenario,random,43,2719.88,32,0,1050.0,1,Weld,1,53.8,53.8,53.8,0.0,25.5,1267.7,1276.0,1329.8,53.8,8.3
2026-09-09 15:32:12,compound_scenario,random,43,2719.88,31,0,1050.0,0,Mill,3,20.0,20.0,20.0,0.0,18.9,1122.4,1122.4,1142.4,20.0,0.0
2026-09-09 15:32:12,compound_scenario,random,43,2719.88,31,0,1050.0,1,Weld,1,42.8,42.8,42.8,0.0,34.0,1201.1,1201.1,1243.9,42.9,0.0
2026-09-09 15:32:12,compound_scenario,random,43,2719.88,30,0,1050.0,0,Mill,3,20.0,20.0,20.0,0.0,22.5,1143.2,1145.7,1165.8,20.0,2.5
2026-09-09 15:32:12,compound_scenario,random,43,2719.88,30,0,1050.0,1,Weld,1,52.3,52.3,52.3,0.0,29.1,1282.9,1329.8,1382.1,52.3,46.9
2026-09-09 15:32:12,compound_scenario,random,43,2719.88,28,0,1050.0,0,Mill,3,20.0,20.0,20.0,0.0,18.8,1105.7,1105.7,1125.7,20.0,0.0
2026-09-09 15:32:12,compound_scenario,random,43,2719.88,28,0,1050.0,1,Weld,1,32.0,32.0,32.0,0.0,49.9,1229.1,1243.9,1276.0,32.1,14.8
2026-09-09 15:32:12,compound_scenario,random,43,2719.88,33,0,1050.0,0,Mill,3,20.0,20.0,20.0,0.0,35.5,1145.2,1169.1,1189.2,20.0,23.9
2026-09-09 15:32:12,compound_scenario,random,43,2719.88,33,0,1050.0,1,Weld,1,41.0,41.0,41.0,0.0,58.3,1304.4,2010.2,2051.2,41.0,705.8
2026-09-09 15:32:12,compound_scenario,random,43,2719.88,26,0,1050.0,0,Mill,3,20.0,20.0,20.0,0.0,36.5,1135.1,1149.1,1169.1,20.0,14.0
2026-09-09 15:32:12,compound_scenario,random,43,2719.88,26,0,1050.0,1,Weld,1,39.1,39.1,39.1,0.0,53.4,1339.4,2051.2,2090.4,39.2,711.8
2026-09-09 15:32:12,compound_scenario,random,43,2719.88,25,0,1050.0,0,Mill,3,20.0,20.0,20.0,0.0,21.8,1152.1,1152.1,1172.2,20.0,0.0
2026-09-09 15:32:12,compound_scenario,random,43,2719.88,25,0,1050.0,1,Weld,1,47.8,47.8,47.8,0.0,43.6,1346.9,1910.9,1958.8,47.9,564.0
2026-09-09 15:32:12,compound_scenario,random,43,2719.88,24,0,1050.0,0,Mill,3,20.0,20.0,20.0,0.0,39.6,1180.6,1189.2,1209.2,20.0,8.6
2026-09-09 15:32:12,compound_scenario,random,43,2719.88,24,0,1050.0,1,Weld,1,51.3,51.3,51.3,0.0,51.6,1385.2,1428.9,1480.2,51.3,43.6
2026-09-09 15:32:12,compound_scenario,random,43,2719.88,23,0,1050.0,0,Mill,3,20.0,20.0,20.0,0.0,41.4,1203.9,1209.2,1229.2,20.0,5.3
2026-09-09 15:32:12,compound_scenario,random,43,2719.88,23,0,1050.0,1,Weld,1,42.2,42.2,42.2,0.0,67.4,1407.9,1968.0,2010.2,42.2,560.1
2026-09-09 15:32:12,compound_scenario,random,43,2719.88,27,0,1050.0,0,Mill,3,20.0,20.0,20.0,0.0,65.6,1237.7,1237.7,1257.7,20.0,0.0
2026-09-09 15:32:12,compound_scenario,random,43,2719.88,27,0,1050.0,1,Weld,1,58.8,58.8,58.8,0.0,47.7,1432.6,1789.8,1848.6,58.8,357.1
2026-09-09 15:32:12,compound_scenario,random,43,2719.88,22,0,1050.0,0,Mill,3,20.0,20.0,20.0,0.0,25.3,1382.2,1394.4,1414.4,20.0,12.2
2026-09-09 15:32:12,compound_scenario,random,43,2719.88,22,0,1050.0,1,Weld,1,53.1,53.1,53.1,0.0,39.2,1464.9,1857.8,1910.9,53.2,392.8
2026-09-09 15:32:12,compound_scenario,random,43,2719.88,21,0,1050.0,0,Mill,3,20.0,20.0,20.0,0.0,22.5,1374.4,1374.4,1394.4,20.0,0.0
2026-09-09 15:32:12,compound_scenario,random,43,2719.88,21,0,1050.0,1,Weld,1,19.4,19.4,19.4,0.0,33.3,1441.8,2128.0,2147.4,19.4,686.2
2026-09-09 15:32:12,compound_scenario,random,43,2719.88,37,0,1400.0,0,Weld,1,150.0,150.0,150.0,0.0,37.4,1472.7,1489.7,1639.7,150.0,17.0
2026-09-09 15:32:12,compound_scenario,random,43,2719.88,36,0,1400.0,0,Weld,1,150.0,150.0,150.0,0.0,30.9,1449.6,1639.7,1789.8,150.0,190.2
2026-09-09 15:32:12,compound_scenario,random,43,2719.88,38,0,1405.0,0,Weld,1,9.5,9.5,9.5,0.0,33.2,1457.3,1480.2,1489.7,9.5,22.9
2026-09-09 15:32:12,compound_scenario,random,43,2719.88,39,0,1413.0,0,Weld,1,9.6,9.6,9.6,0.0,39.0,1494.1,2187.0,2196.6,9.6,693.0
2026-09-09 15:32:12,compound_scenario,random,43,2719.88,40,0,1421.0,0,Weld,1,9.2,9.2,9.2,0.0,39.0,1501.8,1848.6,1857.8,9.2,346.8
2026-09-09 15:32:12,compound_scenario,random,43,2719.88,41,0,1429.0,0,Weld,1,9.5,9.5,9.5,0.0,39.0,1509.5,2147.4,2156.9,9.5,637.9
2026-09-09 15:32:12,compound_scenario,random,43,2719.88,42,0,1437.0,0,Weld,1,9.2,9.2,9.2,0.0,39.0,1517.2,1958.8,1968.0,9.2,441.6
2026-09-09 15:32:12,compound_scenario,random,43,2719.88,43,0,1445.0,0,Weld,1,9.6,9.6,9.6,0.0,38.2,1524.9,2177.4,2187.0,9.6,652.5
2026-09-09 15:32:12,compound_scenario,random,43,2719.88,44,0,1453.0,0,Weld,1,10.3,10.3,10.3,0.0,33.5,1540.1,2247.0,2257.3,10.3,706.9
2026-09-09 15:32:12,compound_scenario,random,43,2719.88,45,0,1461.0,0,Weld,1,9.7,9.7,9.7,0.0,40.0,1555.3,2207.5,2217.3,9.8,652.2
2026-09-09 15:32:12,compound_scenario,random,43,2719.88,46,0,1469.0,0,Weld,1,9.7,9.7,9.7,0.0,40.5,1563.0,2217.3,2227.0,9.8,654.2
2026-09-09 15:32:12,compound_scenario,random,43,2719.88,47,0,1477.0,0,Weld,1,9.4,9.4,9.4,0.0,40.5,1570.7,2109.1,2118.5,9.4,538.4
2026-09-09 15:32:12,compound_scenario,random,43,2719.88,48,0,1485.0,0,Weld,1,9.5,9.5,9.5,0.0,40.5,1578.4,2167.9,2177.4,9.6,589.4
2026-09-09 15:32:12,compound_scenario,random,43,2719.88,49,0,1493.0,0,Weld,1,10.9,10.9,10.9,0.0,40.0,1593.1,2196.6,2207.5,10.9,603.5
2026-09-09 15:32:12,compound_scenario,random,43,2719.88,50,0,1501.0,0,Weld,1,10.3,10.3,10.3,0.0,39.2,1607.6,2288.5,2298.8,10.3,681.0
2026-09-09 15:32:12,compound_scenario,random,43,2719.88,51,0,1509.0,0,Weld,1,10.2,10.2,10.2,0.0,39.2,1615.3,2257.3,2267.5,10.2,642.0
2026-09-09 15:32:12,compound_scenario,random,43,2719.88,52,0,1517.0,0,Weld,1,9.3,9.3,9.3,0.0,39.2,1623.0,2099.7,2109.1,9.4,476.8
2026-09-09 15:32:12,compound_scenario,random,43,2719.88,53,0,1525.0,0,Weld,1,10.5,10.5,10.5,0.0,38.2,1630.7,2319.8,2330.3,10.5,689.1
2026-09-09 15:32:12,compound_scenario,random,43,2719.88,54,0,1533.0,0,Weld,1,9.3,9.3,9.3,0.0,37.1,1645.9,2090.4,2099.7,9.4,444.5
2026-09-09 15:32:12,compound_scenario,random,43,2719.88,55,0,1541.0,0,Weld,1,9.8,9.8,9.8,0.0,34.5,1638.3,2227.0,2236.8,9.8,588.7
2026-09-09 15:32:12,compound_scenario,random,43,2719.88,56,0,1549.0,0,Weld,1,11.0,11.0,11.0,0.0,39.5,1662.7,2156.9,2167.9,11.0,494.2
2026-09-09 15:32:12,compound_scenario,random,43,2719.88,57,0,1557.0,0,Weld,1,10.3,10.3,10.3,0.0,36.9,1655.1,2278.2,2288.5,10.3,623.1
2026-09-09 15:32:12,compound_scenario,random,43,2719.88,58,0,1565.0,0,Weld,1,10.1,10.1,10.1,0.0,41.8,1670.4,2236.8,2247.0,10.1,566.4
2026-09-09 15:32:12,compound_scenario,random,43,2719.88,59,0,1573.0,0,Weld,1,10.4,10.4,10.4,0.0,42.1,1678.1,2309.4,2319.8,10.4,631.4
2026-09-09 15:32:12,compound_scenario,random,43,2719.88,60,0,1581.0,0,Weld,1,10.7,10.7,10.7,0.0,42.1,1685.8,2267.5,2278.2,10.7,581.7
2026-09-09 15:32:12,compound_scenario,random,43,2719.88,61,0,1589.0,0,Weld,1,10.6,10.6,10.6,0.0,41.8,1693.4,2298.8,2309.4,10.6,605.4
2026-09-09 15:32:12,compound_scenario,random,43,2719.88,62,0,1597.0,0,Weld,1,9.5,9.5,9.5,0.0,39.7,1707.9,2118.5,2128.0,9.5,410.6
2026-09-09 15:32:12,compound_scenario,random,43,2719.88,63,0,2200.0,0,Mill,1,21.0,21.0,21.0,0.0,41.5,2265.1,2265.1,2286.1,21.0,0.0
2026-09-09 15:32:12,compound_scenario,random,43,2719.88,63,0,2200.0,1,Lathe,1,29.5,29.5,29.5,0.0,36.3,2488.1,2488.1,2517.6,29.5,0.0
2026-09-09 15:32:12,compound_scenario,random,43,2719.88,63,0,2200.0,2,Weld,1,28.0,28.0,28.0,0.0,20.8,2557.4,2557.4,2585.5,28.1,0.0
2026-09-09 15:32:12,compound_scenario,random,43,2719.88,64,0,2260.0,0,Mill,1,26.3,26.3,26.3,0.0,35.3,2482.5,2482.5,2508.9,26.4,0.0
2026-09-09 15:32:12,compound_scenario,random,43,2719.88,64,0,2260.0,1,Lathe,1,48.3,48.3,48.3,0.0,20.8,2542.7,2542.7,2591.0,48.3,0.0
2026-09-09 15:32:12,compound_scenario,random,43,2719.88,64,0,2260.0,2,Weld,1,46.3,46.3,46.3,0.0,20.6,2622.5,2622.5,2668.8,46.3,0.0
2026-09-09 15:32:12,compound_scenario,random,43,2719.88,65,0,2320.0,0,Mill,1,29.4,29.4,29.4,0.0,53.4,2515.1,2515.1,2544.6,29.5,0.0
2026-09-09 15:32:12,compound_scenario,random,43,2719.88,65,0,2320.0,1,Lathe,1,39.7,39.7,39.7,0.0,4.7,2551.5,2551.5,2591.2,39.7,0.0
2026-09-09 15:32:12,compound_scenario,random,43,2719.88,65,0,2320.0,2,Weld,1,31.9,31.9,31.9,0.0,13.0,2613.9,2613.9,2645.8,31.9,0.0
2026-09-09 15:33:25,compound_scenario,random,44,2733.58,0,0,0.0,0,Mill,1,39.2,39.2,39.2,0.0,18.6,31.0,31.0,70.2,39.2,0.0
2026-09-09 15:33:25,compound_scenario,random,44,2733.58,0,0,0.0,1,Lathe,1,20.8,20.8,20.8,0.0,20.7,105.8,105.8,126.6,20.8,0.0
2026-09-09 15:33:25,compound_scenario,random,44,2733.58,0,0,0.0,2,Weld,1,28.3,28.3,28.3,0.0,21.5,162.5,162.5,190.8,28.3,0.0
2026-09-09 15:33:25,compound_scenario,random,44,2733.58,1,0,60.0,0,Mill,1,26.7,26.7,26.7,0.0,16.8,93.0,93.0,119.7,26.7,0.0
2026-09-09 15:33:25,compound_scenario,random,44,2733.58,1,0,60.0,1,Lathe,1,42.1,42.1,42.1,0.0,21.5,156.9,156.9,199.1,42.1,0.0
2026-09-09 15:33:25,compound_scenario,random,44,2733.58,1,0,60.0,2,Weld,1,40.3,40.3,40.3,0.0,20.6,231.0,231.0,271.3,40.3,0.0
2026-09-09 15:33:25,compound_scenario,random,44,2733.58,2,0,120.0,0,Mill,1,46.8,46.8,46.8,0.0,34.9,169.9,169.9,216.7,46.8,0.0
2026-09-09 15:33:25,compound_scenario,random,44,2733.58,2,0,120.0,1,Lathe,1,22.6,22.6,22.6,0.0,4.7,223.6,223.6,246.3,22.6,0.0
2026-09-09 15:33:25,compound_scenario,random,44,2733.58,2,0,120.0,2,Weld,1,32.7,32.7,32.7,0.0,13.0,262.4,262.4,295.1,32.7,0.0
2026-09-09 15:33:25,compound_scenario,random,44,2733.58,3,0,250.0,0,Mill,3,20.0,20.0,20.0,0.0,18.6,280.9,280.9,301.0,20.0,0.0
2026-09-09 15:33:25,compound_scenario,random,44,2733.58,3,0,250.0,1,Weld,1,12.4,12.4,12.4,0.0,31.4,354.7,354.7,367.1,12.4,0.0
2026-09-09 15:33:25,compound_scenario,random,44,2733.58,4,0,250.0,0,Mill,3,20.0,20.0,20.0,0.0,16.8,289.5,289.5,309.5,20.0,0.0
2026-09-09 15:33:25,compound_scenario,random,44,2733.58,4,0,250.0,1,Weld,1,27.5,27.5,27.5,0.0,36.3,374.9,429.1,456.6,27.5,54.3
2026-09-09 15:33:25,compound_scenario,random,44,2733.58,5,0,250.0,0,Mill,3,20.0,20.0,20.0,0.0,28.0,318.6,318.6,338.6,20.0,0.0
2026-09-09 15:33:25,compound_scenario,random,44,2733.58,5,0,250.0,1,Weld,1,50.4,50.4,50.4,0.0,50.9,424.5,522.4,572.8,50.5,97.8
2026-09-09 15:33:25,compound_scenario,random,44,2733.58,6,0,250.0,0,Mill,3,20.0,20.0,20.0,0.0,36.8,337.6,341.1,361.1,20.0,3.5
2026-09-09 15:33:25,compound_scenario,random,44,2733.58,6,0,250.0,1,Weld,1,12.1,12.1,12.1,0.0,43.4,454.8,456.6,468.8,12.1,1.9
2026-09-09 15:33:25,compound_scenario,random,44,2733.58,7,0,250.0,0,Mill,3,20.0,20.0,20.0,0.0,38.3,348.9,361.1,381.1,20.0,12.2
2026-09-09 15:33:25,compound_scenario,random,44,2733.58,7,0,250.0,1,Weld,1,25.9,25.9,25.9,0.0,33.5,416.9,468.8,494.7,25.9,51.9
2026-09-09 15:33:25,compound_scenario,random,44,2733.58,8,0,250.0,0,Mill,3,20.0,20.0,20.0,0.0,20.4,288.1,301.0,321.0,20.0,12.8
2026-09-09 15:33:25,compound_scenario,random,44,2733.58,8,0,250.0,1,Weld,1,62.0,62.0,62.0,0.0,32.0,362.4,367.1,429.1,62.0,4.7
2026-09-09 15:33:25,compound_scenario,random,44,2733.58,9,0,250.0,0,Mill,3,20.0,20.0,20.0,0.0,28.2,307.9,321.0,341.0,20.0,13.1
2026-09-09 15:33:25,compound_scenario,random,44,2733.58,9,0,250.0,1,Weld,1,53.6,53.6,53.6,0.0,32.0,382.4,572.8,626.5,53.6,190.4
2026-09-09 15:33:25,compound_scenario,random,44,2733.58,10,0,250.0,0,Mill,3,20.0,20.0,20.0,0.0,28.3,324.2,338.6,358.6,20.0,14.4
2026-09-09 15:33:25,compound_scenario,random,44,2733.58,10,0,250.0,1,Weld,1,27.6,27.6,27.6,0.0,35.8,396.9,494.7,522.4,27.7,97.8
2026-09-09 15:33:25,compound_scenario,random,44,2733.58,20,0,650.0,0,Mill,3,20.0,20.0,20.0,0.0,19.9,685.0,685.0,705.1,20.0,0.0
2026-09-09 15:33:25,compound_scenario,random,44,2733.58,20,0,650.0,1,Weld,2,19.2,19.2,19.2,0.0,42.9,757.7,757.7,776.9,19.2,0.0
2026-09-09 15:33:25,compound_scenario,random,44,2733.58,19,0,650.0,0,Mill,3,20.0,20.0,20.0,0.0,20.2,692.1,705.1,725.1,20.0,13.0
2026-09-09 15:33:25,compound_scenario,random,44,2733.58,19,0,650.0,1,Weld,2,30.2,30.2,30.2,0.0,44.5,771.6,776.9,807.0,30.2,5.2
2026-09-09 15:33:25,compound_scenario,random,44,2733.58,18,0,650.0,0,Mill,3,20.0,20.0,20.0,0.0,21.2,702.6,725.1,745.1,20.0,22.6
2026-09-09 15:33:25,compound_scenario,random,44,2733.58,18,0,650.0,1,Weld,2,58.1,58.1,58.1,0.0,25.5,827.4,827.4,885.5,58.1,0.0
2026-09-09 15:33:25,compound_scenario,random,44,2733.58,17,0,650.0,0,Mill,3,20.0,20.0,20.0,0.0,27.9,723.3,745.2,765.2,20.0,21.9
2026-09-09 15:33:25,compound_scenario,random,44,2733.58,17,0,650.0,1,Weld,2,22.0,22.0,22.0,0.0,31.2,800.9,807.0,829.1,22.0,6.2
2026-09-09 15:33:25,compound_scenario,random,44,2733.58,16,0,650.0,0,Mill,3,20.0,20.0,20.0,0.0,46.2,762.4,785.2,805.3,20.0,22.8
2026-09-09 15:33:25,compound_scenario,random,44,2733.58,16,0,650.0,1,Weld,2,30.3,30.3,30.3,0.0,40.6,856.7,856.7,887.0,30.3,0.0
2026-09-09 15:33:25,compound_scenario,random,44,2733.58,14,0,650.0,0,Mill,3,20.0,20.0,20.0,0.0,51.9,777.8,805.3,825.3,20.0,27.5
2026-09-09 15:33:25,compound_scenario,random,44,2733.58,14,0,650.0,1,Weld,2,51.3,51.3,51.3,0.0,37.7,906.6,938.4,989.7,51.3,31.8
2026-09-09 15:33:25,compound_scenario,random,44,2733.58,13,0,650.0,0,Mill,3,20.0,20.0,20.0,0.0,49.5,755.3,765.2,785.2,20.0,9.9
2026-09-09 15:33:25,compound_scenario,random,44,2733.58,13,0,650.0,1,Weld,2,15.3,15.3,15.3,0.0,29.7,824.4,829.1,844.4,15.3,4.6
2026-09-09 15:33:25,compound_scenario,random,44,2733.58,12,0,650.0,0,Mill,3,20.0,20.0,20.0,0.0,22.7,713.2,825.3,845.3,20.0,112.1
2026-09-09 15:33:25,compound_scenario,random,44,2733.58,12,0,650.0,1,Weld,2,51.4,51.4,51.4,0.0,33.3,880.9,887.0,938.4,51.4,6.1
2026-09-09 15:33:25,compound_scenario,random,44,2733.58,11,0,650.0,0,Mill,3,20.0,20.0,20.0,0.0,23.3,724.3,724.3,744.3,20.0,0.0
2026-09-09 15:33:25,compound_scenario,random,44,2733.58,11,0,650.0,1,Weld,2,41.5,41.5,41.5,0.0,26.7,773.1,773.1,814.6,41.5,0.0
2026-09-09 15:33:25,compound_scenario,random,44,2733.58,15,0,650.0,0,Mill,3,20.0,20.0,20.0,0.0,35.5,746.8,746.8,766.9,20.0,0.0
2026-09-09 15:33:25,compound_scenario,random,44,2733.58,15,0,650.0,1,Weld,2,46.4,46.4,46.4,0.0,64.4,868.6,989.7,1036.2,46.4,121.1
2026-09-09 15:33:25,compound_scenario,random,44,2733.58,29,0,1050.0,0,Mill,3,20.0,20.0,20.0,0.0,18.6,1081.9,1081.9,1102.0,20.0,0.0
2026-09-09 15:33:25,compound_scenario,random,44,2733.58,29,0,1050.0,1,Weld,1,39.8,39.8,39.8,0.0,18.2,1190.4,1467.0,1506.8,39.9,276.6
2026-09-09 15:33:25,compound_scenario,random,44,2733.58,35,0,1050.0,0,Mill,3,20.0,20.0,20.0,0.0,43.8,1119.4,1119.4,1139.4,20.0,0.0
2026-09-09 15:33:25,compound_scenario,random,44,2733.58,35,0,1050.0,1,Weld,1,17.1,17.1,17.1,0.0,47.7,1229.1,1319.8,1336.9,17.1,90.8
2026-09-09 15:33:25,compound_scenario,random,44,2733.58,34,0,1050.0,0,Mill,3,20.0,20.0,20.0,0.0,84.1,1166.7,1179.5,1199.6,20.0,12.9
2026-09-09 15:33:25,compound_scenario,random,44,2733.58,34,0,1050.0,1,Weld,1,46.7,46.7,46.7,0.0,52.6,1320.5,2005.8,2052.6,46.7,685.3
2026-09-09 15:33:25,compound_scenario,random,44,2733.58,32,0,1050.0,0,Mill,3,20.0,20.0,20.0,0.0,45.4,1138.4,1139.5,1159.5,20.0,1.0
2026-09-09 15:33:25,compound_scenario,random,44,2733.58,32,0,1050.0,1,Weld,1,53.8,53.8,53.8,0.0,43.8,1204.8,1225.0,1278.8,53.8,20.2
2026-09-09 15:33:25,compound_scenario,random,44,2733.58,31,0,1050.0,0,Mill,3,20.0,20.0,20.0,0.0,40.4,1144.5,1159.5,1179.5,20.0,15.0
2026-09-09 15:33:25,compound_scenario,random,44,2733.58,31,0,1050.0,1,Weld,1,42.8,42.8,42.8,0.0,52.9,1287.0,2071.5,2114.4,42.9,784.5
2026-09-09 15:33:25,compound_scenario,random,44,2733.58,30,0,1050.0,0,Mill,3,20.0,20.0,20.0,0.0,19.1,1130.0,1130.0,1150.0,20.0,0.0
2026-09-09 15:33:25,compound_scenario,random,44,2733.58,30,0,1050.0,1,Weld,1,52.3,52.3,52.3,0.0,17.2,1172.7,1172.7,1225.0,52.3,0.0
2026-09-09 15:33:25,compound_scenario,random,44,2733.58,28,0,1050.0,0,Mill,3,20.0,20.0,20.0,0.0,44.3,1132.4,1199.6,1219.6,20.0,67.1
2026-09-09 15:33:25,compound_scenario,random,44,2733.58,28,0,1050.0,1,Weld,1,32.0,32.0,32.0,0.0,51.3,1272.5,1336.9,1369.0,32.1,64.4
2026-09-09 15:33:25,compound_scenario,random,44,2733.58,33,0,1050.0,0,Mill,3,20.0,20.0,20.0,0.0,16.8,1140.8,1140.8,1160.8,20.0,0.0
2026-09-09 15:33:25,compound_scenario,random,44,2733.58,33,0,1050.0,1,Weld,1,41.0,41.0,41.0,0.0,30.1,1253.0,1278.8,1319.8,41.0,25.9
2026-09-09 15:33:25,compound_scenario,random,44,2733.58,26,0,1050.0,0,Mill,3,20.0,20.0,20.0,0.0,18.6,1154.0,1154.0,1174.0,20.0,0.0
2026-09-09 15:33:25,compound_scenario,random,44,2733.58,26,0,1050.0,1,Weld,1,39.1,39.1,39.1,0.0,36.1,1238.3,1369.0,1408.1,39.2,130.7
2026-09-09 15:33:25,compound_scenario,random,44,2733.58,25,0,1050.0,0,Mill,3,20.0,20.0,20.0,0.0,18.6,1183.9,1183.9,1203.9,20.0,0.0
2026-09-09 15:33:25,compound_scenario,random,44,2733.58,25,0,1050.0,1,Weld,1,47.8,47.8,47.8,0.0,38.9,1303.2,1958.0,2005.8,47.9,654.8
2026-09-09 15:33:25,compound_scenario,random,44,2733.58,24,0,1050.0,0,Mill,3,20.0,20.0,20.0,0.0,21.4,1193.8,1193.8,1213.8,20.0,0.0
2026-09-09 15:33:25,compound_scenario,random,44,2733.58,24,0,1050.0,1,Weld,1,51.3,51.3,51.3,0.0,58.5,1305.0,1897.2,1948.5,51.3,592.1
2026-09-09 15:33:25,compound_scenario,random,44,2733.58,23,0,1050.0,0,Mill,3,20.0,20.0,20.0,0.0,36.2,1219.6,1219.6,1239.6,20.0,0.0
2026-09-09 15:33:25,compound_scenario,random,44,2733.58,23,0,1050.0,1,Weld,1,42.2,42.2,42.2,0.0,50.8,1368.7,2123.9,2166.1,42.2,755.2
2026-09-09 15:33:25,compound_scenario,random,44,2733.58,27,0,1050.0,0,Mill,3,20.0,20.0,20.0,0.0,31.3,1231.8,1231.8,1251.8,20.0,0.0
2026-09-09 15:33:25,compound_scenario,random,44,2733.58,27,0,1050.0,1,Weld,1,58.8,58.8,58.8,0.0,25.5,1348.8,1408.1,1467.0,58.8,59.3
2026-09-09 15:33:25,compound_scenario,random,44,2733.58,22,0,1050.0,0,Mill,3,20.0,20.0,20.0,0.0,31.4,1314.5,1314.5,1334.5,20.0,0.0
2026-09-09 15:33:25,compound_scenario,random,44,2733.58,22,0,1050.0,1,Weld,1,53.1,53.1,53.1,0.0,35.0,1395.0,1844.0,1897.2,53.2,449.0
2026-09-09 15:33:25,compound_scenario,random,44,2733.58,21,0,1050.0,0,Mill,3,20.0,20.0,20.0,0.0,27.9,1341.8,1341.8,1361.8,20.0,0.0
2026-09-09 15:33:25,compound_scenario,random,44,2733.58,21,0,1050.0,1,Weld,1,19.4,19.4,19.4,0.0,40.0,1421.7,2166.1,2185.5,19.4,744.3
2026-09-09 15:33:25,compound_scenario,random,44,2733.58,37,0,1400.0,0,Weld,1,150.0,150.0,150.0,0.0,31.2,1436.9,1506.8,1656.9,150.0,69.9
2026-09-09 15:33:25,compound_scenario,random,44,2733.58,36,0,1400.0,0,Weld,1,150.0,150.0,150.0,0.0,31.4,1444.4,1684.6,1834.7,150.0,240.2
2026-09-09 15:33:25,compound_scenario,random,44,2733.58,38,0,1405.0,0,Weld,1,9.5,9.5,9.5,0.0,31.7,1452.0,2052.6,2062.0,9.5,600.6
2026-09-09 15:33:25,compound_scenario,random,44,2733.58,39,0,1413.0,0,Weld,1,9.6,9.6,9.6,0.0,36.4,1466.4,2206.0,2215.6,9.6,739.6
2026-09-09 15:33:25,compound_scenario,random,44,2733.58,40,0,1421.0,0,Weld,1,9.2,9.2,9.2,0.0,38.4,1474.0,1656.9,1666.0,9.2,182.9
2026-09-09 15:33:25,compound_scenario,random,44,2733.58,41,0,1429.0,0,Weld,1,9.5,9.5,9.5,0.0,40.3,1490.2,2114.4,2123.9,9.5,624.2
2026-09-09 15:33:25,compound_scenario,random,44,2733.58,42,0,1437.0,0,Weld,1,9.2,9.2,9.2,0.0,40.3,1497.7,1666.0,1675.3,9.2,168.4
2026-09-09 15:33:25,compound_scenario,random,44,2733.58,43,0,1445.0,0,Weld,1,9.6,9.6,9.6,0.0,39.5,1505.2,2215.6,2225.2,9.6,710.4
2026-09-09 15:33:25,compound_scenario,random,44,2733.58,44,0,1453.0,0,Weld,1,10.3,10.3,10.3,0.0,40.3,1522.1,2256.6,2266.9,10.3,734.4
2026-09-09 15:33:25,compound_scenario,random,44,2733.58,45,0,1461.0,0,Weld,1,9.7,9.7,9.7,0.0,35.8,1512.9,2236.1,2245.9,9.8,723.2
2026-09-09 15:33:25,compound_scenario,random,44,2733.58,46,0,1469.0,0,Weld,1,9.7,9.7,9.7,0.0,38.7,1544.4,2277.5,2287.2,9.8,733.0
2026-09-09 15:33:25,compound_scenario,random,44,2733.58,47,0,1477.0,0,Weld,1,9.4,9.4,9.4,0.0,35.8,1536.7,1948.5,1958.0,9.4,411.8
2026-09-09 15:33:25,compound_scenario,random,44,2733.58,48,0,1485.0,0,Weld,1,9.5,9.5,9.5,0.0,40.8,1552.0,2185.5,2195.0,9.6,633.5
2026-09-09 15:33:25,compound_scenario,random,44,2733.58,49,0,1493.0,0,Weld,1,10.9,10.9,10.9,0.0,41.0,1559.6,2225.2,2236.1,10.9,665.6
2026-09-09 15:33:25,compound_scenario,random,44,2733.58,50,0,1501.0,0,Weld,1,10.3,10.3,10.3,0.0,38.2,1574.1,2317.4,2327.7,10.3,743.3
2026-09-09 15:33:25,compound_scenario,random,44,2733.58,51,0,1509.0,0,Weld,1,10.2,10.2,10.2,0.0,37.1,1589.4,2307.1,2317.4,10.2,717.8
2026-09-09 15:33:25,compound_scenario,random,44,2733.58,52,0,1517.0,0,Weld,1,9.3,9.3,9.3,0.0,34.3,1581.6,1834.7,1844.0,9.4,253.0
2026-09-09 15:33:25,compound_scenario,random,44,2733.58,53,0,1525.0,0,Weld,1,10.5,10.5,10.5,0.0,39.2,1596.9,2327.7,2338.2,10.5,730.8
2026-09-09 15:33:25,compound_scenario,random,44,2733.58,54,0,1533.0,0,Weld,1,9.3,9.3,9.3,0.0,39.5,1604.5,1675.3,1684.6,9.4,70.8
2026-09-09 15:33:25,compound_scenario,random,44,2733.58,55,0,1541.0,0,Weld,1,9.8,9.8,9.8,0.0,38.4,1612.1,2287.2,2297.0,9.8,675.2
2026-09-09 15:33:25,compound_scenario,random,44,2733.58,56,0,1549.0,0,Weld,1,11.0,11.0,11.0,0.0,37.7,1627.2,2195.0,2206.0,11.0,567.8
2026-09-09 15:33:25,compound_scenario,random,44,2733.58,57,0,1557.0,0,Weld,1,10.3,10.3,10.3,0.0,34.8,1619.6,2338.2,2348.5,10.3,718.6
2026-09-09 15:33:25,compound_scenario,random,44,2733.58,58,0,1565.0,0,Weld,1,10.1,10.1,10.1,0.0,40.0,1634.9,2297.0,2307.1,10.1,662.1
2026-09-09 15:33:25,compound_scenario,random,44,2733.58,59,0,1573.0,0,Weld,1,10.4,10.4,10.4,0.0,40.3,1642.6,2348.5,2358.9,10.4,705.8
2026-09-09 15:33:25,compound_scenario,random,44,2733.58,60,0,1581.0,0,Weld,1,10.7,10.7,10.7,0.0,40.3,1650.2,2245.9,2256.6,10.7,595.7
2026-09-09 15:33:25,compound_scenario,random,44,2733.58,61,0,1589.0,0,Weld,1,10.6,10.6,10.6,0.0,40.3,1657.8,2266.9,2277.5,10.6,609.1
2026-09-09 15:33:25,compound_scenario,random,44,2733.58,62,0,1597.0,0,Weld,1,9.5,9.5,9.5,0.0,40.3,1665.3,2062.0,2071.5,9.5,396.7
2026-09-09 15:33:25,compound_scenario,random,44,2733.58,63,0,2200.0,0,Mill,1,21.0,21.0,21.0,0.0,19.9,2237.7,2237.7,2258.7,21.0,0.0
2026-09-09 15:33:25,compound_scenario,random,44,2733.58,63,0,2200.0,1,Lathe,1,29.5,29.5,29.5,0.0,47.3,2319.2,2319.2,2348.6,29.5,0.0
2026-09-09 15:33:25,compound_scenario,random,44,2733.58,63,0,2200.0,2,Weld,1,28.0,28.0,28.0,0.0,35.8,2511.8,2511.8,2539.8,28.1,0.0
2026-09-09 15:33:25,compound_scenario,random,44,2733.58,64,0,2260.0,0,Mill,1,26.3,26.3,26.3,0.0,35.3,2487.9,2487.9,2514.3,26.4,0.0
2026-09-09 15:33:25,compound_scenario,random,44,2733.58,64,0,2260.0,1,Lathe,1,48.3,48.3,48.3,0.0,20.8,2553.3,2553.3,2601.6,48.3,0.0
2026-09-09 15:33:25,compound_scenario,random,44,2733.58,64,0,2260.0,2,Weld,1,46.3,46.3,46.3,0.0,20.6,2635.7,2635.7,2682.0,46.3,0.0
2026-09-09 15:33:25,compound_scenario,random,44,2733.58,65,0,2320.0,0,Mill,1,29.4,29.4,29.4,0.0,45.3,2510.9,2510.9,2540.4,29.5,0.0
2026-09-09 15:33:25,compound_scenario,random,44,2733.58,65,0,2320.0,1,Lathe,1,39.7,39.7,39.7,0.0,4.7,2547.3,2547.3,2587.0,39.7,0.0
2026-09-09 15:33:25,compound_scenario,random,44,2733.58,65,0,2320.0,2,Weld,1,31.9,31.9,31.9,0.0,13.0,2602.3,2602.3,2634.2,31.9,0.0
2026-09-09 15:34:04,convoy_waves,random,42,1522.26,0,0,0.0,0,Mill,3,20.0,20.0,20.0,0.0,18.6,31.0,31.0,51.0,20.0,0.0
2026-09-09 15:34:04,convoy_waves,random,42,1522.26,0,0,0.0,1,Weld,1,43.8,43.8,43.8,0.0,24.9,103.3,103.3,147.1,43.8,0.0
2026-09-09 15:34:04,convoy_waves,random,42,1522.26,1,0,0.0,0,Mill,3,20.0,20.0,20.0,0.0,23.8,43.5,51.0,71.0,20.0,7.5
2026-09-09 15:34:04,convoy_waves,random,42,1522.26,1,0,0.0,1,Weld,1,16.1,16.1,16.1,0.0,18.7,115.6,147.1,163.3,16.2,31.5
2026-09-09 15:34:04,convoy_waves,random,42,1522.26,2,0,0.0,0,Mill,3,20.0,20.0,20.0,0.0,25.6,53.2,71.0,91.1,20.0,17.8
2026-09-09 15:34:04,convoy_waves,random,42,1522.26,2,0,0.0,1,Weld,1,27.4,27.4,27.4,0.0,18.7,135.0,236.5,263.9,27.4,101.5
2026-09-09 15:34:04,convoy_waves,random,42,1522.26,3,0,0.0,0,Mill,3,20.0,20.0,20.0,0.0,25.1,61.4,91.1,111.1,20.0,29.7
2026-09-09 15:34:04,convoy_waves,random,42,1522.26,3,0,0.0,1,Weld,1,25.0,25.0,25.0,0.0,26.0,154.5,163.3,188.4,25.1,8.8
2026-09-09 15:34:04,convoy_waves,random,42,1522.26,4,0,0.0,0,Mill,3,20.0,20.0,20.0,0.0,22.5,68.5,111.1,131.1,20.0,42.7
2026-09-09 15:34:04,convoy_waves,random,42,1522.26,4,0,0.0,1,Weld,1,48.1,48.1,48.1,0.0,17.1,172.2,188.4,236.5,48.2,16.2
2026-09-09 15:34:04,convoy_waves,random,42,1522.26,5,0,400.0,0,Mill,3,20.0,20.0,20.0,0.0,18.6,431.0,431.0,451.0,20.0,0.0
2026-09-09 15:34:04,convoy_waves,random,42,1522.26,5,0,400.0,1,Weld,1,45.5,45.5,45.5,0.0,20.3,507.7,555.2,600.6,45.5,47.5
2026-09-09 15:34:04,convoy_waves,random,42,1522.26,6,0,400.0,0,Mill,3,20.0,20.0,20.0,0.0,18.6,438.2,451.0,471.0,20.0,12.8
2026-09-09 15:34:04,convoy_waves,random,42,1522.26,6,0,400.0,1,Weld,1,55.2,55.2,55.2,0.0,21.0,500.0,500.0,555.2,55.2,0.0
2026-09-09 15:34:04,convoy_waves,random,42,1522.26,7,0,400.0,0,Mill,3,20.0,20.0,20.0,0.0,16.8,444.3,444.3,464.3,20.0,0.0
2026-09-09 15:34:04,convoy_waves,random,42,1522.26,7,0,400.0,1,Weld,1,18.9,18.9,18.9,0.0,21.5,515.3,617.0,635.9,18.9,101.7
2026-09-09 15:34:04,convoy_waves,random,42,1522.26,8,0,400.0,0,Mill,3,20.0,20.0,20.0,0.0,18.1,458.6,464.3,484.3,20.0,5.7
2026-09-09 15:34:04,convoy_waves,random,42,1522.26,8,0,400.0,1,Weld,1,34.0,34.0,34.0,0.0,23.3,522.8,635.9,670.0,34.0,113.1
2026-09-09 15:34:04,convoy_waves,random,42,1522.26,9,0,400.0,0,Mill,3,20.0,20.0,20.0,0.0,39.9,489.9,489.9,510.0,20.0,0.0
2026-09-09 15:34:04,convoy_waves,random,42,1522.26,9,0,400.0,1,Weld,1,16.3,16.3,16.3,0.0,45.9,558.1,600.6,617.0,16.4,42.6
2026-09-09 15:34:04,convoy_waves,random,42,1522.26,10,0,800.0,0,Mill,3,20.0,20.0,20.0,0.0,18.6,831.0,831.0,851.0,20.0,0.0
2026-09-09 15:34:04,convoy_waves,random,42,1522.26,10,0,800.0,1,Weld,1,24.8,24.8,24.8,0.0,17.1,896.0,896.0,920.8,24.9,0.0
2026-09-09 15:34:04,convoy_waves,random,42,1522.26,11,0,800.0,0,Mill,3,20.0,20.0,20.0,0.0,16.8,836.4,836.4,856.5,20.0,0.0
2026-09-09 15:34:04,convoy_waves,random,42,1522.26,11,0,800.0,1,Weld,1,37.7,37.7,37.7,0.0,24.4,911.4,920.8,958.6,37.8,9.4
2026-09-09 15:34:04,convoy_waves,random,42,1522.26,12,0,800.0,0,Mill,3,20.0,20.0,20.0,0.0,50.8,878.3,878.3,898.3,20.0,0.0
2026-09-09 15:34:04,convoy_waves,random,42,1522.26,12,0,800.0,1,Weld,1,16.2,16.2,16.2,0.0,44.3,944.8,958.6,974.8,16.2,13.7
2026-09-09 15:34:04,convoy_waves,random,42,1522.26,13,0,800.0,0,Mill,3,20.0,20.0,20.0,0.0,19.9,860.4,860.4,880.4,20.0,0.0
2026-09-09 15:34:04,convoy_waves,random,42,1522.26,13,0,800.0,1,Weld,1,24.0,24.0,24.0,0.0,17.7,903.7,974.8,998.8,24.0,71.1
2026-09-09 15:34:04,convoy_waves,random,42,1522.26,14,0,800.0,0,Mill,3,20.0,20.0,20.0,0.0,38.3,888.4,898.3,918.3,20.0,9.9
2026-09-09 15:34:04,convoy_waves,random,42,1522.26,14,0,800.0,1,Weld,1,44.2,44.2,44.2,0.0,43.0,963.6,998.8,1043.0,44.3,35.2
2026-09-09 15:34:04,convoy_waves,random,42,1522.26,15,0,1200.0,0,Mill,3,20.0,20.0,20.0,0.0,18.6,1231.0,1231.0,1251.0,20.0,0.0
2026-09-09 15:34:04,convoy_waves,random,42,1522.26,15,0,1200.0,1,Weld,1,39.5,39.5,39.5,0.0,22.3,1310.8,1323.4,1362.9,39.5,12.6
2026-09-09 15:34:04,convoy_waves,random,42,1522.26,16,0,1200.0,0,Mill,3,20.0,20.0,20.0,0.0,18.6,1238.2,1251.0,1271.0,20.0,12.8
2026-09-09 15:34:04,convoy_waves,random,42,1522.26,16,0,1200.0,1,Weld,1,24.9,24.9,24.9,0.0,17.1,1298.4,1298.4,1323.4,24.9,0.0
2026-09-09 15:34:04,convoy_waves,random,42,1522.26,17,0,1200.0,0,Mill,3,20.0,20.0,20.0,0.0,16.8,1244.3,1244.3,1264.3,20.0,0.0
2026-09-09 15:34:04,convoy_waves,random,42,1522.26,17,0,1200.0,1,Weld,1,41.5,41.5,41.5,0.0,29.0,1318.4,1362.9,1404.4,41.5,44.5
2026-09-09 15:34:04,convoy_waves,random,42,1522.26,18,0,1200.0,0,Mill,3,20.0,20.0,20.0,0.0,36.5,1277.0,1277.0,1297.0,20.0,0.0
2026-09-09 15:34:04,convoy_waves,random,42,1522.26,18,0,1200.0,1,Weld,1,51.4,51.4,51.4,0.0,48.2,1347.5,1404.4,1455.9,51.4,57.0
2026-09-09 15:34:04,convoy_waves,random,42,1522.26,19,0,1200.0,0,Mill,3,20.0,20.0,20.0,0.0,22.3,1272.3,1272.3,1292.4,20.0,0.0
2026-09-09 15:34:04,convoy_waves,random,42,1522.26,19,0,1200.0,1,Weld,1,15.3,15.3,15.3,0.0,23.3,1332.9,1455.9,1471.2,15.3,122.9
2026-09-09 15:34:43,convoy_waves,random,43,1522.26,0,0,0.0,0,Mill,3,20.0,20.0,20.0,0.0,18.6,31.0,31.0,51.0,20.0,0.0
2026-09-09 15:34:43,convoy_waves,random,43,1522.26,0,0,0.0,1,Weld,1,43.8,43.8,43.8,0.0,28.3,113.7,126.4,170.2,43.8,12.6
2026-09-09 15:34:43,convoy_waves,random,43,1522.26,1,0,0.0,0,Mill,3,20.0,20.0,20.0,0.0,23.8,43.5,51.0,71.0,20.0,7.5
2026-09-09 15:34:43,convoy_waves,random,43,1522.26,1,0,0.0,1,Weld,1,16.1,16.1,16.1,0.0,26.5,121.4,170.2,186.3,16.2,48.8
2026-09-09 15:34:43,convoy_waves,random,43,1522.26,2,0,0.0,0,Mill,3,20.0,20.0,20.0,0.0,25.6,53.2,71.0,91.1,20.0,17.8
2026-09-09 15:34:43,convoy_waves,random,43,1522.26,2,0,0.0,1,Weld,1,27.4,27.4,27.4,0.0,25.5,140.5,234.5,261.9,27.4,94.0
2026-09-09 15:34:43,convoy_waves,random,43,1522.26,3,0,0.0,0,Mill,3,20.0,20.0,20.0,0.0,17.9,54.1,54.1,74.2,20.0,0.0
2026-09-09 15:34:43,convoy_waves,random,43,1522.26,3,0,0.0,1,Weld,1,25.0,25.0,25.0,0.0,24.9,101.3,101.3,126.4,25.1,0.0
2026-09-09 15:34:43,convoy_waves,random,43,1522.26,4,0,0.0,0,Mill,3,20.0,20.0,20.0,0.0,20.7,66.6,91.1,111.1,20.0,24.4
2026-09-09 15:34:43,convoy_waves,random,43,1522.26,4,0,0.0,1,Weld,1,48.1,48.1,48.1,0.0,27.5,161.8,186.3,234.5,48.2,24.5
2026-09-09 15:34:43,convoy_waves,random,43,1522.26,5,0,400.0,0,Mill,3,20.0,20.0,20.0,0.0,43.8,456.2,456.2,476.2,20.0,0.0
2026-09-09 15:34:43,convoy_waves,random,43,1522.26,5,0,400.0,1,Weld,1,45.5,45.5,45.5,0.0,46.4,532.2,588.1,633.6,45.5,55.9
2026-09-09 15:34:43,convoy_waves,random,43,1522.26,6,0,400.0,0,Mill,3,20.0,20.0,20.0,0.0,18.6,438.2,438.2,458.2,20.0,0.0
2026-09-09 15:34:43,convoy_waves,random,43,1522.26,6,0,400.0,1,Weld,1,55.2,55.2,55.2,0.0,22.3,510.0,516.6,571.8,55.2,6.6
2026-09-09 15:34:43,convoy_waves,random,43,1522.26,7,0,400.0,0,Mill,3,20.0,20.0,20.0,0.0,18.6,446.0,458.2,478.3,20.0,12.2
2026-09-09 15:34:43,convoy_waves,random,43,1522.26,7,0,400.0,1,Weld,1,18.9,18.9,18.9,0.0,17.1,497.7,497.7,516.6,18.9,0.0
2026-09-09 15:34:43,convoy_waves,random,43,1522.26,8,0,400.0,0,Mill,3,20.0,20.0,20.0,0.0,16.8,453.7,453.7,473.7,20.0,0.0
2026-09-09 15:34:43,convoy_waves,random,43,1522.26,8,0,400.0,1,Weld,1,34.0,34.0,34.0,0.0,22.5,517.7,633.6,667.6,34.0,115.9
2026-09-09 15:34:43,convoy_waves,random,43,1522.26,9,0,400.0,0,Mill,3,20.0,20.0,20.0,0.0,18.1,465.8,473.7,493.7,20.0,7.9
2026-09-09 15:34:43,convoy_waves,random,43,1522.26,9,0,400.0,1,Weld,1,16.3,16.3,16.3,0.0,30.9,539.7,571.8,588.1,16.4,32.0
2026-09-09 15:34:43,convoy_waves,random,43,1522.26,10,0,800.0,0,Mill,3,20.0,20.0,20.0,0.0,18.6,831.0,831.0,851.0,20.0,0.0
2026-09-09 15:34:43,convoy_waves,random,43,1522.26,10,0,800.0,1,Weld,1,24.8,24.8,24.8,0.0,17.1,898.6,898.6,923.4,24.9,0.0
2026-09-09 15:34:43,convoy_waves,random,43,1522.26,11,0,800.0,0,Mill,3,20.0,20.0,20.0,0.0,18.6,838.2,851.0,871.0,20.0,12.8
2026-09-09 15:34:43,convoy_waves,random,43,1522.26,11,0,800.0,1,Weld,1,37.7,37.7,37.7,0.0,17.1,909.8,947.4,985.2,37.8,37.6
2026-09-09 15:34:43,convoy_waves,random,43,1522.26,12,0,800.0,0,Mill,3,20.0,20.0,20.0,0.0,38.6,866.0,866.0,886.1,20.0,0.0
2026-09-09 15:34:43,convoy_waves,random,43,1522.26,12,0,800.0,1,Weld,1,16.2,16.2,16.2,0.0,48.5,936.8,1029.4,1045.6,16.2,92.6
2026-09-09 15:34:43,convoy_waves,random,43,1522.26,13,0,800.0,0,Mill,3,20.0,20.0,20.0,0.0,19.9,860.4,871.0,891.1,20.0,10.7
2026-09-09 15:34:43,convoy_waves,random,43,1522.26,13,0,800.0,1,Weld,1,24.0,24.0,24.0,0.0,17.7,917.4,923.4,947.4,24.0,6.0
2026-09-09 15:34:43,convoy_waves,random,43,1522.26,14,0,800.0,0,Mill,3,20.0,20.0,20.0,0.0,22.0,872.0,891.1,911.1,20.0,19.1
2026-09-09 15:34:43,convoy_waves,random,43,1522.26,14,0,800.0,1,Weld,1,44.2,44.2,44.2,0.0,28.1,958.4,985.2,1029.4,44.3,26.8
2026-09-09 15:34:43,convoy_waves,random,43,1522.26,15,0,1200.0,0,Mill,3,20.0,20.0,20.0,0.0,18.6,1231.0,1231.0,1251.0,20.0,0.0
2026-09-09 15:34:43,convoy_waves,random,43,1522.26,15,0,1200.0,1,Weld,1,39.5,39.5,39.5,0.0,22.3,1310.8,1340.0,1379.5,39.5,29.2
2026-09-09 15:34:43,convoy_waves,random,43,1522.26,16,0,1200.0,0,Mill,3,20.0,20.0,20.0,0.0,16.8,1236.4,1236.4,1256.5,20.0,0.0
2026-09-09 15:34:43,convoy_waves,random,43,1522.26,16,0,1200.0,1,Weld,1,24.9,24.9,24.9,0.0,29.0,1318.4,1394.8,1419.8,24.9,76.4
2026-09-09 15:34:43,convoy_waves,random,43,1522.26,17,0,1200.0,0,Mill,3,20.0,20.0,20.0,0.0,20.2,1247.6,1251.0,1271.0,20.0,3.4
2026-09-09 15:34:43,convoy_waves,random,43,1522.26,17,0,1200.0,1,Weld,1,41.5,41.5,41.5,0.0,17.1,1298.4,1298.4,1340.0,41.5,0.0
2026-09-09 15:34:43,convoy_waves,random,43,1522.26,18,0,1200.0,0,Mill,3,20.0,20.0,20.0,0.0,36.5,1277.0,1277.0,1297.0,20.0,0.0
2026-09-09 15:34:43,convoy_waves,random,43,1522.26,18,0,1200.0,1,Weld,1,51.4,51.4,51.4,0.0,47.2,1347.4,1419.8,1471.2,51.4,72.4
2026-09-09 15:34:43,convoy_waves,random,43,1522.26,19,0,1200.0,0,Mill,3,20.0,20.0,20.0,0.0,24.0,1274.1,1274.1,1294.1,20.0,0.0
2026-09-09 15:34:43,convoy_waves,random,43,1522.26,19,0,1200.0,1,Weld,1,15.3,15.3,15.3,0.0,21.6,1332.9,1379.5,1394.8,15.3,46.6
2026-09-09 15:35:21,convoy_waves,random,44,1520.32,0,0,0.0,0,Mill,3,20.0,20.0,20.0,0.0,18.6,31.0,31.0,51.0,20.0,0.0
2026-09-09 15:35:21,convoy_waves,random,44,1520.32,0,0,0.0,1,Weld,1,43.8,43.8,43.8,0.0,20.8,101.3,101.3,145.1,43.8,0.0
2026-09-09 15:35:21,convoy_waves,random,44,1520.32,1,0,0.0,0,Mill,3,20.0,20.0,20.0,0.0,16.8,36.6,36.6,56.6,20.0,0.0
2026-09-09 15:35:21,convoy_waves,random,44,1520.32,1,0,0.0,1,Weld,1,16.1,16.1,16.1,0.0,32.9,121.5,145.1,161.2,16.2,23.5
2026-09-09 15:35:21,convoy_waves,random,44,1520.32,2,0,0.0,0,Mill,3,20.0,20.0,20.0,0.0,25.6,53.2,53.2,73.2,20.0,0.0
2026-09-09 15:35:21,convoy_waves,random,44,1520.32,2,0,0.0,1,Weld,1,27.4,27.4,27.4,0.0,26.2,113.9,209.4,236.8,27.4,95.5
2026-09-09 15:35:21,convoy_waves,random,44,1520.32,3,0,0.0,0,Mill,3,20.0,20.0,20.0,0.0,25.1,61.4,73.3,93.3,20.0,11.9
2026-09-09 15:35:21,convoy_waves,random,44,1520.32,3,0,0.0,1,Weld,1,25.0,25.0,25.0,0.0,21.6,135.9,236.8,261.8,25.1,100.8
2026-09-09 15:35:21,convoy_waves,random,44,1520.32,4,0,0.0,0,Mill,3,20.0,20.0,20.0,0.0,37.0,83.0,83.0,103.0,20.0,0.0
2026-09-09 15:35:21,convoy_waves,random,44,1520.32,4,0,0.0,1,Weld,1,48.1,48.1,48.1,0.0,45.3,150.6,161.2,209.4,48.2,10.6
2026-09-09 15:35:21,convoy_waves,random,44,1520.32,5,0,400.0,0,Mill,3,20.0,20.0,20.0,0.0,18.6,431.0,431.0,451.0,20.0,0.0
2026-09-09 15:35:21,convoy_waves,random,44,1520.32,5,0,400.0,1,Weld,1,45.5,45.5,45.5,0.0,17.4,496.5,496.5,542.0,45.5,0.0
2026-09-09 15:35:21,convoy_waves,random,44,1520.32,6,0,400.0,0,Mill,3,20.0,20.0,20.0,0.0,16.8,436.4,436.4,456.5,20.0,0.0
2026-09-09 15:35:21,convoy_waves,random,44,1520.32,6,0,400.0,1,Weld,1,55.2,55.2,55.2,0.0,29.6,516.8,542.0,597.1,55.2,25.1
2026-09-09 15:35:21,convoy_waves,random,44,1520.32,7,0,400.0,0,Mill,3,20.0,20.0,20.0,0.0,50.8,478.3,478.3,498.3,20.0,0.0
2026-09-09 15:35:21,convoy_waves,random,44,1520.32,7,0,400.0,1,Weld,1,18.9,18.9,18.9,0.0,45.6,546.1,647.5,666.5,18.9,101.4
2026-09-09 15:35:21,convoy_waves,random,44,1520.32,8,0,400.0,0,Mill,3,20.0,20.0,20.0,0.0,19.9,460.4,460.4,480.4,20.0,0.0
2026-09-09 15:35:21,convoy_waves,random,44,1520.32,8,0,400.0,1,Weld,1,34.0,34.0,34.0,0.0,22.9,509.1,613.5,647.5,34.0,104.4
2026-09-09 15:35:21,convoy_waves,random,44,1520.32,9,0,400.0,0,Mill,3,20.0,20.0,20.0,0.0,20.2,470.3,470.3,490.3,20.0,0.0
2026-09-09 15:35:21,convoy_waves,random,44,1520.32,9,0,400.0,1,Weld,1,16.3,16.3,16.3,0.0,23.8,531.6,597.1,613.5,16.4,65.5
2026-09-09 15:35:21,convoy_waves,random,44,1520.32,10,0,800.0,0,Mill,3,20.0,20.0,20.0,0.0,18.6,831.0,831.0,851.0,20.0,0.0
2026-09-09 15:35:21,convoy_waves,random,44,1520.32,10,0,800.0,1,Weld,1,24.8,24.8,24.8,0.0,17.7,905.8,1020.4,1045.2,24.9,114.5
2026-09-09 15:35:21,convoy_waves,random,44,1520.32,11,0,800.0,0,Mill,3,20.0,20.0,20.0,0.0,16.8,836.4,836.4,856.5,20.0,0.0
2026-09-09 15:35:21,convoy_waves,random,44,1520.32,11,0,800.0,1,Weld,1,37.7,37.7,37.7,0.0,24.4,913.5,914.4,952.1,37.8,0.9
2026-09-09 15:35:21,convoy_waves,random,44,1520.32,12,0,800.0,0,Mill,3,20.0,20.0,20.0,0.0,20.2,847.6,851.0,871.0,20.0,3.4
2026-09-09 15:35:21,convoy_waves,random,44,1520.32,12,0,800.0,1,Weld,1,16.2,16.2,16.2,0.0,17.1,898.2,898.2,914.4,16.2,0.0
2026-09-09 15:35:21,convoy_waves,random,44,1520.32,13,0,800.0,0,Mill,3,20.0,20.0,20.0,0.0,36.5,877.0,877.0,897.0,20.0,0.0
2026-09-09 15:35:21,convoy_waves,random,44,1520.32,13,0,800.0,1,Weld,1,24.0,24.0,24.0,0.0,40.7,939.9,952.1,976.1,24.0,12.2
2026-09-09 15:35:21,convoy_waves,random,44,1520.32,14,0,800.0,0,Mill,3,20.0,20.0,20.0,0.0,40.4,890.5,897.0,917.1,20.0,6.6
2026-09-09 15:35:21,convoy_waves,random,44,1520.32,14,0,800.0,1,Weld,1,44.2,44.2,44.2,0.0,42.7,962.1,976.1,1020.4,44.3,14.1
2026-09-09 15:35:21,convoy_waves,random,44,1520.32,15,0,1200.0,0,Mill,3,20.0,20.0,20.0,0.0,18.6,1231.0,1231.0,1251.0,20.0,0.0
2026-09-09 15:35:21,convoy_waves,random,44,1520.32,15,0,1200.0,1,Weld,1,39.5,39.5,39.5,0.0,17.4,1296.5,1296.5,1336.0,39.5,0.0
2026-09-09 15:35:21,convoy_waves,random,44,1520.32,16,0,1200.0,0,Mill,3,20.0,20.0,20.0,0.0,16.8,1236.4,1236.4,1256.5,20.0,0.0
2026-09-09 15:35:21,convoy_waves,random,44,1520.32,16,0,1200.0,1,Weld,1,24.9,24.9,24.9,0.0,29.6,1316.8,1387.5,1412.4,24.9,70.6
2026-09-09 15:35:21,convoy_waves,random,44,1520.32,17,0,1200.0,0,Mill,3,20.0,20.0,20.0,0.0,50.8,1278.3,1278.3,1298.3,20.0,0.0
2026-09-09 15:35:21,convoy_waves,random,44,1520.32,17,0,1200.0,1,Weld,1,41.5,41.5,41.5,0.0,45.6,1346.1,1427.7,1469.3,41.5,81.6
2026-09-09 15:35:21,convoy_waves,random,44,1520.32,18,0,1200.0,0,Mill,3,20.0,20.0,20.0,0.0,19.9,1260.4,1260.4,1280.4,20.0,0.0
2026-09-09 15:35:21,convoy_waves,random,44,1520.32,18,0,1200.0,1,Weld,1,51.4,51.4,51.4,0.0,22.9,1309.1,1336.0,1387.5,51.4,26.9
2026-09-09 15:35:21,convoy_waves,random,44,1520.32,19,0,1200.0,0,Mill,3,20.0,20.0,20.0,0.0,20.2,1270.3,1270.3,1290.3,20.0,0.0
2026-09-09 15:35:21,convoy_waves,random,44,1520.32,19,0,1200.0,1,Weld,1,15.3,15.3,15.3,0.0,23.8,1331.6,1412.4,1427.7,15.3,80.8
2026-09-09 15:35:32,identical_batch,random,42,393.02,0,0,0.0,0,Mill,3,20.0,20.0,20.0,0.0,18.6,31.0,31.0,51.0,20.0,0.0
2026-09-09 15:35:32,identical_batch,random,42,393.02,0,0,0.0,1,Weld,1,40.0,40.0,40.0,0.0,21.6,101.3,101.3,141.4,40.0,0.0
2026-09-09 15:35:32,identical_batch,random,42,393.02,1,0,0.0,0,Mill,3,20.0,20.0,20.0,0.0,23.8,43.5,51.0,71.0,20.0,7.5
2026-09-09 15:35:32,identical_batch,random,42,393.02,1,0,0.0,1,Weld,1,40.0,40.0,40.0,0.0,26.8,113.7,141.4,181.4,40.0,27.7
2026-09-09 15:35:32,identical_batch,random,42,393.02,2,0,0.0,0,Mill,3,20.0,20.0,20.0,0.0,25.6,53.2,71.0,91.1,20.0,17.8
2026-09-09 15:35:32,identical_batch,random,42,393.02,2,0,0.0,1,Weld,1,40.0,40.0,40.0,0.0,25.5,140.0,181.4,221.4,40.0,41.4
2026-09-09 15:35:32,identical_batch,random,42,393.02,3,0,0.0,0,Mill,3,20.0,20.0,20.0,0.0,25.1,61.4,91.1,111.1,20.0,29.7
2026-09-09 15:35:32,identical_batch,random,42,393.02,3,0,0.0,1,Weld,1,40.0,40.0,40.0,0.0,25.5,159.2,221.4,261.4,40.0,62.2
2026-09-09 15:35:32,identical_batch,random,42,393.02,4,0,0.0,0,Mill,3,20.0,20.0,20.0,0.0,26.6,72.6,111.1,131.1,20.0,38.5
2026-09-09 15:35:32,identical_batch,random,42,393.02,4,0,0.0,1,Weld,1,40.0,40.0,40.0,0.0,26.2,186.0,261.4,301.4,40.0,75.4
2026-09-09 15:35:32,identical_batch,random,42,393.02,5,0,0.0,0,Mill,3,20.0,20.0,20.0,0.0,29.5,95.1,131.2,151.2,20.0,36.1
2026-09-09 15:35:32,identical_batch,random,42,393.02,5,0,0.0,1,Weld,1,40.0,40.0,40.0,0.0,21.8,200.8,301.4,341.5,40.0,100.7
2026-09-09 15:35:42,identical_batch,random,43,387.3,0,0,0.0,0,Mill,3,20.0,20.0,20.0,0.0,18.6,31.0,31.0,51.0,20.0,0.0
2026-09-09 15:35:42,identical_batch,random,43,387.3,0,0,0.0,1,Weld,1,40.0,40.0,40.0,0.0,26.8,122.7,135.6,175.7,40.0,13.0
2026-09-09 15:35:42,identical_batch,random,43,387.3,1,0,0.0,0,Mill,3,20.0,20.0,20.0,0.0,23.8,43.5,51.0,71.0,20.0,7.5
2026-09-09 15:35:42,identical_batch,random,43,387.3,1,0,0.0,1,Weld,1,40.0,40.0,40.0,0.0,22.3,95.6,95.6,135.6,40.0,0.0
2026-09-09 15:35:42,identical_batch,random,43,387.3,2,0,0.0,0,Mill,3,20.0,20.0,20.0,0.0,25.6,53.2,71.0,91.1,20.0,17.8
2026-09-09 15:35:42,identical_batch,random,43,387.3,2,0,0.0,1,Weld,1,40.0,40.0,40.0,0.0,24.4,144.9,175.7,215.7,40.0,30.8
2026-09-09 15:35:42,identical_batch,random,43,387.3,3,0,0.0,0,Mill,3,20.0,20.0,20.0,0.0,17.9,54.1,54.1,74.2,20.0,0.0
2026-09-09 15:35:42,identical_batch,random,43,387.3,3,0,0.0,1,Weld,1,40.0,40.0,40.0,0.0,33.5,114.9,215.7,255.7,40.0,100.7
2026-09-09 15:35:42,identical_batch,random,43,387.3,4,0,0.0,0,Mill,3,20.0,20.0,20.0,0.0,34.4,80.4,91.1,111.1,20.0,10.7
2026-09-09 15:35:42,identical_batch,random,43,387.3,4,0,0.0,1,Weld,1,40.0,40.0,40.0,0.0,23.9,137.3,255.7,295.7,40.0,118.4
2026-09-09 15:35:42,identical_batch,random,43,387.3,5,0,0.0,0,Mill,3,20.0,20.0,20.0,0.0,37.6,103.1,111.1,131.1,20.0,8.0
2026-09-09 15:35:42,identical_batch,random,43,387.3,5,0,0.0,1,Weld,1,40.0,40.0,40.0,0.0,34.8,192.7,295.7,335.7,40.0,103.0
2026-09-09 15:35:53,identical_batch,random,44,390.38,0,0,0.0,0,Mill,3,20.0,20.0,20.0,0.0,18.6,31.0,31.0,51.0,20.0,0.0
2026-09-09 15:35:53,identical_batch,random,44,390.38,0,0,0.0,1,Weld,1,40.0,40.0,40.0,0.0,28.3,106.8,139.2,179.2,40.0,32.4
2026-09-09 15:35:53,identical_batch,random,44,390.38,1,0,0.0,0,Mill,3,20.0,20.0,20.0,0.0,16.8,36.6,36.6,56.6,20.0,0.0
2026-09-09 15:35:53,identical_batch,random,44,390.38,1,0,0.0,1,Weld,1,40.0,40.0,40.0,0.0,36.8,99.2,99.2,139.2,40.0,0.0
2026-09-09 15:35:53,identical_batch,random,44,390.38,2,0,0.0,0,Mill,3,20.0,20.0,20.0,0.0,25.6,53.2,53.2,73.2,20.0,0.0
2026-09-09 15:35:53,identical_batch,random,44,390.38,2,0,0.0,1,Weld,1,40.0,40.0,40.0,0.0,38.2,123.8,179.2,219.3,40.0,55.4
2026-09-09 15:35:53,identical_batch,random,44,390.38,3,0,0.0,0,Mill,3,20.0,20.0,20.0,0.0,25.1,61.4,73.3,93.3,20.0,11.9
2026-09-09 15:35:53,identical_batch,random,44,390.38,3,0,0.0,1,Weld,1,40.0,40.0,40.0,0.0,26.8,152.7,219.3,259.3,40.0,66.5
2026-09-09 15:35:53,identical_batch,random,44,390.38,4,0,0.0,0,Mill,3,20.0,20.0,20.0,0.0,34.9,80.9,80.9,100.9,20.0,0.0
2026-09-09 15:35:53,identical_batch,random,44,390.38,4,0,0.0,1,Weld,1,40.0,40.0,40.0,0.0,52.6,160.3,259.3,299.3,40.0,98.9
2026-09-09 15:35:53,identical_batch,random,44,390.38,5,0,0.0,0,Mill,3,20.0,20.0,20.0,0.0,21.0,86.6,86.6,106.6,20.0,0.0
2026-09-09 15:35:53,identical_batch,random,44,390.38,5,0,0.0,1,Weld,1,40.0,40.0,40.0,0.0,22.6,131.5,299.3,339.3,40.0,167.8
2026-09-09 15:36:06,single_bottleneck,random,42,526.4,0,0,0.0,0,Mill,3,20.0,20.0,20.0,0.0,18.6,31.0,31.0,51.0,20.0,0.0
2026-09-09 15:36:06,single_bottleneck,random,42,526.4,0,0,0.0,1,Weld,1,61.2,61.2,61.2,0.0,30.7,122.3,122.3,183.5,61.2,0.0
2026-09-09 15:36:06,single_bottleneck,random,42,526.4,1,0,0.0,0,Mill,3,20.0,20.0,20.0,0.0,18.6,38.3,51.0,71.0,20.0,12.7
2026-09-09 15:36:06,single_bottleneck,random,42,526.4,1,0,0.0,1,Weld,1,12.0,12.0,12.0,0.0,31.7,109.1,109.1,121.1,12.0,0.0
2026-09-09 15:36:06,single_bottleneck,random,42,526.4,2,0,0.0,0,Mill,3,20.0,20.0,20.0,0.0,20.7,48.3,71.0,91.1,20.0,22.8
2026-09-09 15:36:06,single_bottleneck,random,42,526.4,2,0,0.0,1,Weld,1,32.0,32.0,32.0,0.0,42.1,159.2,442.8,474.8,32.0,283.6
2026-09-09 15:36:06,single_bottleneck,random,42,526.4,3,0,0.0,0,Mill,3,20.0,20.0,20.0,0.0,33.7,84.5,91.1,111.1,20.0,6.6
2026-09-09 15:36:06,single_bottleneck,random,42,526.4,3,0,0.0,1,Weld,1,27.9,27.9,27.9,0.0,34.0,174.6,414.9,442.8,27.9,240.3
2026-09-09 15:36:06,single_bottleneck,random,42,526.4,4,0,0.0,0,Mill,3,20.0,20.0,20.0,0.0,38.1,98.6,111.1,131.1,20.0,12.5
2026-09-09 15:36:06,single_bottleneck,random,42,526.4,4,0,0.0,1,Weld,1,68.9,68.9,68.9,0.0,33.5,166.9,264.9,333.8,68.9,97.9
2026-09-09 15:36:06,single_bottleneck,random,42,526.4,5,0,0.0,0,Mill,3,20.0,20.0,20.0,0.0,35.5,105.7,151.2,171.2,20.0,45.5
2026-09-09 15:36:06,single_bottleneck,random,42,526.4,5,0,0.0,1,Weld,1,64.1,64.1,64.1,0.0,49.4,222.9,333.8,398.0,64.2,110.9
2026-09-09 15:36:06,single_bottleneck,random,42,526.4,6,0,0.0,0,Mill,3,20.0,20.0,20.0,0.0,17.9,59.1,59.1,79.1,20.0,0.0
2026-09-09 15:36:06,single_bottleneck,random,42,526.4,6,0,0.0,1,Weld,1,81.4,81.4,81.4,0.0,44.9,151.5,183.5,264.9,81.4,31.9
2026-09-09 15:36:06,single_bottleneck,random,42,526.4,7,0,0.0,0,Mill,3,20.0,20.0,20.0,0.0,21.7,58.1,131.2,151.2,20.0,73.1
2026-09-09 15:36:06,single_bottleneck,random,42,526.4,7,0,0.0,1,Weld,1,17.0,17.0,17.0,0.0,31.4,184.9,398.0,414.9,17.0,213.1
2026-09-09 15:36:20,single_bottleneck,random,43,542.78,0,0,0.0,0,Mill,3,20.0,20.0,20.0,0.0,18.6,31.0,31.0,51.0,20.0,0.0
2026-09-09 15:36:20,single_bottleneck,random,43,542.78,0,0,0.0,1,Weld,1,61.2,61.2,61.2,0.0,48.1,136.8,136.8,198.0,61.2,0.0
2026-09-09 15:36:20,single_bottleneck,random,43,542.78,1,0,0.0,0,Mill,3,20.0,20.0,20.0,0.0,18.6,38.3,51.0,71.0,20.0,12.7
2026-09-09 15:36:20,single_bottleneck,random,43,542.78,1,0,0.0,1,Weld,1,12.0,12.0,12.0,0.0,46.0,123.4,123.4,135.4,12.0,0.0
2026-09-09 15:36:20,single_bottleneck,random,43,542.78,2,0,0.0,0,Mill,3,20.0,20.0,20.0,0.0,20.7,48.3,71.0,91.1,20.0,22.8
2026-09-09 15:36:20,single_bottleneck,random,43,542.78,2,0,0.0,1,Weld,1,32.0,32.0,32.0,0.0,53.3,184.7,412.5,444.5,32.0,227.8
2026-09-09 15:36:20,single_bottleneck,random,43,542.78,3,0,0.0,0,Mill,3,20.0,20.0,20.0,0.0,27.5,78.3,78.3,98.3,20.0,0.0
2026-09-09 15:36:20,single_bottleneck,random,43,542.78,3,0,0.0,1,Weld,1,27.9,27.9,27.9,0.0,51.1,172.2,461.5,489.4,27.9,289.4
2026-09-09 15:36:20,single_bottleneck,random,43,542.78,4,0,0.0,0,Mill,3,20.0,20.0,20.0,0.0,35.2,95.8,111.1,131.1,20.0,15.4
2026-09-09 15:36:20,single_bottleneck,random,43,542.78,4,0,0.0,1,Weld,1,68.9,68.9,68.9,0.0,39.5,200.0,279.4,348.4,68.9,79.4
2026-09-09 15:36:20,single_bottleneck,random,43,542.78,5,0,0.0,0,Mill,3,20.0,20.0,20.0,0.0,49.8,120.0,131.2,151.2,20.0,11.1
2026-09-09 15:36:20,single_bottleneck,random,43,542.78,5,0,0.0,1,Weld,1,64.1,64.1,64.1,0.0,39.0,192.4,348.4,412.5,64.2,155.9
2026-09-09 15:36:20,single_bottleneck,random,43,542.78,6,0,0.0,0,Mill,3,20.0,20.0,20.0,0.0,26.6,67.9,91.1,111.1,20.0,23.2
2026-09-09 15:36:20,single_bottleneck,random,43,542.78,6,0,0.0,1,Weld,1,81.4,81.4,81.4,0.0,31.4,144.4,198.0,279.4,81.4,53.6
2026-09-09 15:36:20,single_bottleneck,random,43,542.78,7,0,0.0,0,Mill,3,20.0,20.0,20.0,0.0,21.7,58.1,151.2,171.2,20.0,93.1
2026-09-09 15:36:20,single_bottleneck,random,43,542.78,7,0,0.0,1,Weld,1,17.0,17.0,17.0,0.0,34.3,207.8,444.5,461.5,17.0,236.8
2026-09-09 15:36:34,single_bottleneck,random,44,517.58,0,0,0.0,0,Mill,3,20.0,20.0,20.0,0.0,18.6,31.0,31.0,51.0,20.0,0.0
2026-09-09 15:36:34,single_bottleneck,random,44,517.58,0,0,0.0,1,Weld,1,61.2,61.2,61.2,0.0,25.2,114.0,114.0,175.1,61.2,0.0
2026-09-09 15:36:34,single_bottleneck,random,44,517.58,1,0,0.0,0,Mill,3,20.0,20.0,20.0,0.0,16.8,36.6,36.6,56.6,20.0,0.0
2026-09-09 15:36:34,single_bottleneck,random,44,517.58,1,0,0.0,1,Weld,1,12.0,12.0,12.0,0.0,32.7,101.4,101.4,113.5,12.0,0.0
2026-09-09 15:36:34,single_bottleneck,random,44,517.58,2,0,0.0,0,Mill,3,20.0,20.0,20.0,0.0,20.7,48.3,51.0,71.0,20.0,2.7
2026-09-09 15:36:34,single_bottleneck,random,44,517.58,2,0,0.0,1,Weld,1,32.0,32.0,32.0,0.0,37.2,144.7,175.1,207.2,32.0,30.5
2026-09-09 15:36:34,single_bottleneck,random,44,517.58,3,0,0.0,0,Mill,3,20.0,20.0,20.0,0.0,30.8,81.6,91.1,111.1,20.0,9.4
2026-09-09 15:36:34,single_bottleneck,random,44,517.58,3,0,0.0,1,Weld,1,27.9,27.9,27.9,0.0,31.7,159.7,305.5,333.4,27.9,145.8
2026-09-09 15:36:34,single_bottleneck,random,44,517.58,4,0,0.0,0,Mill,3,20.0,20.0,20.0,0.0,41.2,101.7,101.7,121.7,20.0,0.0
2026-09-09 15:36:34,single_bottleneck,random,44,517.58,4,0,0.0,1,Weld,1,68.9,68.9,68.9,0.0,60.2,188.7,397.6,466.5,68.9,208.9
2026-09-09 15:36:34,single_bottleneck,random,44,517.58,5,0,0.0,0,Mill,3,20.0,20.0,20.0,0.0,26.7,97.0,97.0,117.0,20.0,0.0
2026-09-09 15:36:34,single_bottleneck,random,44,517.58,5,0,0.0,1,Weld,1,64.1,64.1,64.1,0.0,32.9,152.2,333.4,397.6,64.2,181.2
2026-09-09 15:36:34,single_bottleneck,random,44,517.58,6,0,0.0,0,Mill,3,20.0,20.0,20.0,0.0,26.6,67.9,111.1,131.1,20.0,43.3
2026-09-09 15:36:34,single_bottleneck,random,44,517.58,6,0,0.0,1,Weld,1,81.4,81.4,81.4,0.0,32.0,167.2,207.2,288.6,81.4,39.9
2026-09-09 15:36:34,single_bottleneck,random,44,517.58,7,0,0.0,0,Mill,3,20.0,20.0,20.0,0.0,21.7,58.1,71.0,91.1,20.0,13.0
2026-09-09 15:36:34,single_bottleneck,random,44,517.58,7,0,0.0,1,Weld,1,17.0,17.0,17.0,0.0,33.5,129.5,288.6,305.5,17.0,159.0
2026-09-09 15:36:56,sparse_bottleneck_floor,random,42,737.76,0,0,0.0,0,Mill,3,31.0,31.0,31.0,0.0,18.6,31.2,31.2,62.3,31.0,0.0
2026-09-09 15:36:56,sparse_bottleneck_floor,random,42,737.76,0,0,0.0,1,Weld,1,16.1,16.1,16.1,0.0,46.9,117.8,117.8,134.0,16.2,0.0
2026-09-09 15:36:56,sparse_bottleneck_floor,random,42,737.76,0,0,0.0,2,Assemble,3,21.9,21.9,21.9,0.0,51.5,197.8,197.8,219.7,21.9,0.0
2026-09-09 15:36:56,sparse_bottleneck_floor,random,42,737.76,1,0,0.0,0,Mill,3,20.6,20.6,20.6,0.0,18.6,38.9,62.3,82.9,20.6,23.4
2026-09-09 15:36:56,sparse_bottleneck_floor,random,42,737.76,1,0,0.0,1,Weld,1,48.1,48.1,48.1,0.0,45.9,132.6,134.0,182.2,48.2,1.4
2026-09-09 15:36:56,sparse_bottleneck_floor,random,42,737.76,1,0,0.0,2,Assemble,3,31.9,31.9,31.9,0.0,54.6,298.8,298.8,330.7,31.9,0.0
2026-09-09 15:36:56,sparse_bottleneck_floor,random,42,737.76,2,0,0.0,0,Mill,3,37.3,37.3,37.3,0.0,27.9,69.4,82.9,120.2,37.3,13.5
2026-09-09 15:36:56,sparse_bottleneck_floor,random,42,737.76,2,0,0.0,1,Weld,1,18.9,18.9,18.9,0.0,52.1,227.2,250.7,269.6,18.9,23.5
2026-09-09 15:36:56,sparse_bottleneck_floor,random,42,737.76,2,0,0.0,2,Assemble,3,25.6,25.6,25.6,0.0,48.1,321.3,360.9,386.4,25.6,39.6
2026-09-09 15:36:56,sparse_bottleneck_floor,random,42,737.76,3,0,0.0,0,Mill,3,15.7,15.7,15.7,0.0,19.6,48.7,120.2,136.0,15.8,71.5
2026-09-09 15:36:56,sparse_bottleneck_floor,random,42,737.76,3,0,0.0,1,Weld,1,24.8,24.8,24.8,0.0,41.7,201.7,384.4,409.3,24.9,182.8
2026-09-09 15:36:56,sparse_bottleneck_floor,random,42,737.76,3,0,0.0,2,Assemble,3,27.6,27.6,27.6,0.0,45.9,462.3,462.3,489.9,27.7,0.0
2026-09-09 15:36:56,sparse_bottleneck_floor,random,42,737.76,4,0,0.0,0,Mill,3,15.7,15.7,15.7,0.0,33.4,85.2,136.0,151.7,15.7,50.8
2026-09-09 15:36:56,sparse_bottleneck_floor,random,42,737.76,4,0,0.0,1,Weld,1,24.0,24.0,24.0,0.0,46.7,264.4,269.7,293.6,24.0,5.3
2026-09-09 15:36:56,sparse_bottleneck_floor,random,42,737.76,4,0,0.0,2,Assemble,3,31.3,31.3,31.3,0.0,43.8,398.1,398.1,429.4,31.3,0.0
2026-09-09 15:36:56,sparse_bottleneck_floor,random,42,737.76,5,0,0.0,0,Mill,3,28.6,28.6,28.6,0.0,38.6,100.8,223.6,252.2,28.6,122.8
2026-09-09 15:36:56,sparse_bottleneck_floor,random,42,737.76,5,0,0.0,1,Weld,1,24.9,24.9,24.9,0.0,44.8,306.9,409.3,434.2,24.9,102.4
2026-09-09 15:36:56,sparse_bottleneck_floor,random,42,737.76,5,0,0.0,2,Assemble,3,29.7,29.7,29.7,0.0,42.4,513.9,535.7,565.5,29.8,21.9
2026-09-09 15:36:56,sparse_bottleneck_floor,random,42,737.76,6,0,0.0,0,Mill,3,35.2,35.2,35.2,0.0,22.2,58.9,58.9,94.1,35.3,0.0
2026-09-09 15:36:56,sparse_bottleneck_floor,random,42,737.76,6,0,0.0,1,Weld,1,15.3,15.3,15.3,0.0,40.9,144.8,182.2,197.5,15.3,37.4
2026-09-09 15:36:56,sparse_bottleneck_floor,random,42,737.76,6,0,0.0,2,Assemble,3,35.2,35.2,35.2,0.0,50.7,253.9,253.9,289.1,35.2,0.0
2026-09-09 15:36:56,sparse_bottleneck_floor,random,42,737.76,7,0,0.0,0,Mill,3,32.5,32.5,32.5,0.0,31.1,78.0,151.7,184.2,32.5,73.7
2026-09-09 15:36:56,sparse_bottleneck_floor,random,42,737.76,7,0,0.0,1,Weld,1,30.3,30.3,30.3,0.0,46.7,271.7,539.3,569.6,30.3,267.6
2026-09-09 15:36:56,sparse_bottleneck_floor,random,42,737.76,7,0,0.0,2,Assemble,3,18.9,18.9,18.9,0.0,58.7,630.6,630.6,649.5,18.9,0.0
2026-09-09 15:36:56,sparse_bottleneck_floor,random,42,737.76,8,0,0.0,0,Mill,3,38.9,38.9,38.9,0.0,36.5,93.8,252.3,291.2,39.0,158.5
2026-09-09 15:36:56,sparse_bottleneck_floor,random,42,737.76,8,0,0.0,1,Weld,1,30.2,30.2,30.2,0.0,40.7,388.9,509.1,539.3,30.2,120.1
2026-09-09 15:36:56,sparse_bottleneck_floor,random,42,737.76,8,0,0.0,2,Assemble,3,17.3,17.3,17.3,0.0,51.2,592.7,592.7,610.1,17.3,0.0
2026-09-09 15:36:56,sparse_bottleneck_floor,random,42,737.76,9,0,0.0,0,Mill,3,17.4,17.4,17.4,0.0,39.3,107.0,107.0,124.4,17.4,0.0
2026-09-09 15:36:56,sparse_bottleneck_floor,random,42,737.76,9,0,0.0,1,Weld,1,53.1,53.1,53.1,0.0,6.4,167.8,197.5,250.7,53.2,29.7
2026-09-09 15:36:56,sparse_bottleneck_floor,random,42,737.76,9,0,0.0,2,Assemble,3,30.1,30.1,30.1,0.0,47.6,313.5,330.7,360.9,30.1,17.2
2026-09-09 15:36:56,sparse_bottleneck_floor,random,42,737.76,10,0,0.0,0,Mill,3,35.2,35.2,35.2,0.0,37.4,120.8,124.4,159.6,35.2,3.6
2026-09-09 15:36:56,sparse_bottleneck_floor,random,42,737.76,10,0,0.0,1,Weld,1,47.8,47.8,47.8,0.0,6.4,217.6,293.7,341.5,47.9,76.1
2026-09-09 15:36:56,sparse_bottleneck_floor,random,42,737.76,10,0,0.0,2,Assemble,3,28.4,28.4,28.4,0.0,46.0,454.8,454.8,483.2,28.4,0.0
2026-09-09 15:36:56,sparse_bottleneck_floor,random,42,737.76,11,0,0.0,0,Mill,3,39.3,39.3,39.3,0.0,22.7,121.9,184.2,223.6,39.4,62.3
2026-09-09 15:36:56,sparse_bottleneck_floor,random,42,737.76,11,0,0.0,1,Weld,1,32.0,32.0,32.0,0.0,47.2,414.9,569.6,601.7,32.1,154.8
2026-09-09 15:36:56,sparse_bottleneck_floor,random,42,737.76,11,0,0.0,2,Assemble,3,28.8,28.8,28.8,0.0,48.6,652.8,652.8,681.6,28.8,0.0
2026-09-09 15:36:56,sparse_bottleneck_floor,random,42,737.76,12,0,0.0,0,Mill,3,35.7,35.7,35.7,0.0,20.7,157.0,157.0,192.7,35.8,0.0
2026-09-09 15:36:56,sparse_bottleneck_floor,random,42,737.76,12,0,0.0,1,Weld,1,42.8,42.8,42.8,0.0,44.1,313.4,341.5,384.4,42.9,28.2
2026-09-09 15:36:56,sparse_bottleneck_floor,random,42,737.76,12,0,0.0,2,Assemble,3,36.5,36.5,36.5,0.0,56.1,499.2,499.2,535.7,36.6,0.0
2026-09-09 15:36:56,sparse_bottleneck_floor,random,42,737.76,13,0,0.0,0,Mill,3,29.4,29.4,29.4,0.0,18.6,167.9,291.2,320.7,29.5,123.3
2026-09-09 15:36:56,sparse_bottleneck_floor,random,42,737.76,13,0,0.0,1,Weld,1,46.7,46.7,46.7,0.0,39.9,369.4,434.3,481.0,46.7,64.9
2026-09-09 15:36:56,sparse_bottleneck_floor,random,42,737.76,13,0,0.0,2,Assemble,3,16.2,16.2,16.2,0.0,47.6,562.3,565.5,581.7,16.2,3.2
2026-09-09 15:36:56,sparse_bottleneck_floor,random,42,737.76,14,0,0.0,0,Mill,3,20.7,20.7,20.7,0.0,41.6,169.0,169.0,189.7,20.7,0.0
2026-09-09 15:36:56,sparse_bottleneck_floor,random,42,737.76,14,0,0.0,1,Weld,1,28.0,28.0,28.0,0.0,6.4,363.4,481.0,509.1,28.0,117.6
2026-09-09 15:36:56,sparse_bottleneck_floor,random,42,737.76,14,0,0.0,2,Assemble,3,17.0,17.0,17.0,0.0,38.1,600.3,600.3,617.3,17.0,0.0
2026-09-09 15:37:17,sparse_bottleneck_floor,random,43,720.04,0,0,0.0,0,Mill,3,31.0,31.0,31.0,0.0,18.6,31.2,31.2,62.3,31.0,0.0
2026-09-09 15:37:17,sparse_bottleneck_floor,random,43,720.04,0,0,0.0,1,Weld,1,16.1,16.1,16.1,0.0,49.8,120.7,120.7,136.8,16.2,0.0
2026-09-09 15:37:17,sparse_bottleneck_floor,random,43,720.04,0,0,0.0,2,Assemble,3,21.9,21.9,21.9,0.0,41.6,231.3,236.0,257.9,21.9,4.7
2026-09-09 15:37:17,sparse_bottleneck_floor,random,43,720.04,1,0,0.0,0,Mill,3,20.6,20.6,20.6,0.0,18.6,38.9,136.5,157.1,20.6,97.7
2026-09-09 15:37:17,sparse_bottleneck_floor,random,43,720.04,1,0,0.0,1,Weld,1,48.1,48.1,48.1,0.0,39.4,204.4,284.5,332.6,48.2,80.1
2026-09-09 15:37:17,sparse_bottleneck_floor,random,43,720.04,1,0,0.0,2,Assemble,3,31.9,31.9,31.9,0.0,41.7,396.6,396.6,428.6,31.9,0.0
2026-09-09 15:37:17,sparse_bottleneck_floor,random,43,720.04,2,0,0.0,0,Mill,3,37.3,37.3,37.3,0.0,27.9,69.4,172.9,210.2,37.3,103.5
2026-09-09 15:37:17,sparse_bottleneck_floor,random,43,720.04,2,0,0.0,1,Weld,1,18.9,18.9,18.9,0.0,46.7,316.4,332.6,351.6,18.9,16.3
2026-09-09 15:37:17,sparse_bottleneck_floor,random,43,720.04,2,0,0.0,2,Assemble,3,25.6,25.6,25.6,0.0,14.8,390.3,390.3,415.8,25.6,0.0
2026-09-09 15:37:17,sparse_bottleneck_floor,random,43,720.04,3,0,0.0,0,Mill,3,15.7,15.7,15.7,0.0,19.6,48.7,48.7,64.5,15.8,0.0
2026-09-09 15:37:17,sparse_bottleneck_floor,random,43,720.04,3,0,0.0,1,Weld,1,24.8,24.8,24.8,0.0,46.7,127.6,136.9,161.7,24.9,9.2
2026-09-09 15:37:17,sparse_bottleneck_floor,random,43,720.04,3,0,0.0,2,Assemble,3,27.6,27.6,27.6,0.0,37.7,208.3,208.3,236.0,27.7,0.0
2026-09-09 15:37:17,sparse_bottleneck_floor,random,43,720.04,4,0,0.0,0,Mill,3,15.7,15.7,15.7,0.0,36.3,88.0,157.2,172.8,15.7,69.1
2026-09-09 15:37:17,sparse_bottleneck_floor,random,43,720.04,4,0,0.0,1,Weld,1,24.0,24.0,24.0,0.0,44.9,223.4,230.3,254.2,24.0,6.8
2026-09-09 15:37:17,sparse_bottleneck_floor,random,43,720.04,4,0,0.0,2,Assemble,3,31.3,31.3,31.3,0.0,14.8,312.3,312.3,343.6,31.3,0.0
2026-09-09 15:37:17,sparse_bottleneck_floor,random,43,720.04,5,0,0.0,0,Mill,3,28.6,28.6,28.6,0.0,39.9,102.1,278.5,307.1,28.6,176.3
2026-09-09 15:37:17,sparse_bottleneck_floor,random,43,720.04,5,0,0.0,1,Weld,1,24.9,24.9,24.9,0.0,45.1,388.6,394.5,419.4,24.9,5.9
2026-09-09 15:37:17,sparse_bottleneck_floor,random,43,720.04,5,0,0.0,2,Assemble,3,29.7,29.7,29.7,0.0,22.8,451.9,451.9,481.6,29.8,0.0
2026-09-09 15:37:17,sparse_bottleneck_floor,random,43,720.04,6,0,0.0,0,Mill,3,35.2,35.2,35.2,0.0,22.2,58.9,62.3,97.5,35.3,3.4
2026-09-09 15:37:17,sparse_bottleneck_floor,random,43,720.04,6,0,0.0,1,Weld,1,15.3,15.3,15.3,0.0,49.5,153.2,161.7,177.1,15.3,8.5
2026-09-09 15:37:17,sparse_bottleneck_floor,random,43,720.04,6,0,0.0,2,Assemble,3,35.2,35.2,35.2,0.0,40.2,246.1,246.1,281.2,35.2,0.0
2026-09-09 15:37:17,sparse_bottleneck_floor,random,43,720.04,7,0,0.0,0,Mill,3,32.5,32.5,32.5,0.0,31.1,78.0,246.0,278.5,32.5,168.0
2026-09-09 15:37:17,sparse_bottleneck_floor,random,43,720.04,7,0,0.0,1,Weld,1,30.3,30.3,30.3,0.0,47.7,411.4,495.4,525.7,30.3,84.0
2026-09-09 15:37:17,sparse_bottleneck_floor,random,43,720.04,7,0,0.0,2,Assemble,3,18.9,18.9,18.9,0.0,47.8,589.7,589.7,608.7,18.9,0.0
2026-09-09 15:37:17,sparse_bottleneck_floor,random,43,720.04,8,0,0.0,0,Mill,3,38.9,38.9,38.9,0.0,37.8,95.1,97.6,136.5,39.0,2.5
2026-09-09 15:37:17,sparse_bottleneck_floor,random,43,720.04,8,0,0.0,1,Weld,1,30.2,30.2,30.2,0.0,45.1,239.6,254.3,284.4,30.2,14.7
2026-09-09 15:37:17,sparse_bottleneck_floor,random,43,720.04,8,0,0.0,2,Assemble,3,17.3,17.3,17.3,0.0,40.3,380.4,380.4,397.7,17.3,0.0
2026-09-09 15:37:17,sparse_bottleneck_floor,random,43,720.04,9,0,0.0,0,Mill,3,17.4,17.4,17.4,0.0,42.1,109.8,109.8,127.3,17.4,0.0
2026-09-09 15:37:17,sparse_bottleneck_floor,random,43,720.04,9,0,0.0,1,Weld,1,53.1,53.1,53.1,0.0,6.4,169.1,177.1,230.2,53.2,8.0
2026-09-09 15:37:17,sparse_bottleneck_floor,random,43,720.04,9,0,0.0,2,Assemble,3,30.1,30.1,30.1,0.0,41.6,323.5,323.5,353.6,30.1,0.0
2026-09-09 15:37:17,sparse_bottleneck_floor,random,43,720.04,10,0,0.0,0,Mill,3,35.2,35.2,35.2,0.0,24.3,117.8,117.8,153.0,35.2,0.0
2026-09-09 15:37:17,sparse_bottleneck_floor,random,43,720.04,10,0,0.0,1,Weld,1,47.8,47.8,47.8,0.0,44.3,245.9,419.4,467.3,47.9,173.6
2026-09-09 15:37:17,sparse_bottleneck_floor,random,43,720.04,10,0,0.0,2,Assemble,3,28.4,28.4,28.4,0.0,52.8,522.3,522.3,550.8,28.4,0.0
2026-09-09 15:37:17,sparse_bottleneck_floor,random,43,720.04,11,0,0.0,0,Mill,3,39.3,39.3,39.3,0.0,34.8,135.3,135.3,174.7,39.4,0.0
2026-09-09 15:37:17,sparse_bottleneck_floor,random,43,720.04,11,0,0.0,1,Weld,1,32.0,32.0,32.0,0.0,6.4,263.7,525.7,557.8,32.1,262.0
2026-09-09 15:37:17,sparse_bottleneck_floor,random,43,720.04,11,0,0.0,2,Assemble,3,28.8,28.8,28.8,0.0,44.6,605.0,605.0,633.8,28.8,0.0
2026-09-09 15:37:17,sparse_bottleneck_floor,random,43,720.04,12,0,0.0,0,Mill,3,35.7,35.7,35.7,0.0,18.6,163.5,210.2,246.0,35.8,46.7
2026-09-09 15:37:17,sparse_bottleneck_floor,random,43,720.04,12,0,0.0,1,Weld,1,42.8,42.8,42.8,0.0,27.2,281.4,351.6,394.5,42.9,70.2
2026-09-09 15:37:17,sparse_bottleneck_floor,random,43,720.04,12,0,0.0,2,Assemble,3,36.5,36.5,36.5,0.0,45.5,463.0,463.0,499.5,36.6,0.0
2026-09-09 15:37:17,sparse_bottleneck_floor,random,43,720.04,13,0,0.0,0,Mill,3,29.4,29.4,29.4,0.0,18.6,141.8,153.0,182.4,29.5,11.2
2026-09-09 15:37:17,sparse_bottleneck_floor,random,43,720.04,13,0,0.0,1,Weld,1,46.7,46.7,46.7,0.0,27.2,322.5,557.8,604.6,46.7,235.3
2026-09-09 15:37:17,sparse_bottleneck_floor,random,43,720.04,13,0,0.0,2,Assemble,3,16.2,16.2,16.2,0.0,43.4,650.2,650.2,666.4,16.2,0.0
2026-09-09 15:37:17,sparse_bottleneck_floor,random,43,720.04,14,0,0.0,0,Mill,3,20.7,20.7,20.7,0.0,19.4,177.0,307.1,327.9,20.7,130.1
2026-09-09 15:37:17,sparse_bottleneck_floor,random,43,720.04,14,0,0.0,1,Weld,1,28.0,28.0,28.0,0.0,42.2,373.9,467.3,495.4,28.0,93.4
2026-09-09 15:37:17,sparse_bottleneck_floor,random,43,720.04,14,0,0.0,2,Assemble,3,17.0,17.0,17.0,0.0,42.5,540.1,540.1,557.1,17.0,0.0
2026-09-09 15:37:38,sparse_bottleneck_floor,random,44,706.42,0,0,0.0,0,Mill,3,31.0,31.0,31.0,0.0,18.6,31.2,31.2,62.3,31.0,0.0
2026-09-09 15:37:38,sparse_bottleneck_floor,random,44,706.42,0,0,0.0,1,Weld,1,16.1,16.1,16.1,0.0,45.4,116.3,134.5,150.7,16.2,18.3
2026-09-09 15:37:38,sparse_bottleneck_floor,random,44,706.42,0,0,0.0,2,Assemble,3,21.9,21.9,21.9,0.0,43.5,244.3,244.3,266.2,21.9,0.0
2026-09-09 15:37:38,sparse_bottleneck_floor,random,44,706.42,1,0,0.0,0,Mill,3,20.6,20.6,20.6,0.0,18.6,38.9,38.9,59.5,20.6,0.0
2026-09-09 15:37:38,sparse_bottleneck_floor,random,44,706.42,1,0,0.0,1,Weld,1,48.1,48.1,48.1,0.0,47.2,128.1,150.7,198.9,48.2,22.6
2026-09-09 15:37:38,sparse_bottleneck_floor,random,44,706.42,1,0,0.0,2,Assemble,3,31.9,31.9,31.9,0.0,40.8,252.1,267.8,299.8,31.9,15.8
2026-09-09 15:37:38,sparse_bottleneck_floor,random,44,706.42,2,0,0.0,0,Mill,3,37.3,37.3,37.3,0.0,27.9,69.4,78.1,115.4,37.3,8.7
2026-09-09 15:37:38,sparse_bottleneck_floor,random,44,706.42,2,0,0.0,1,Weld,1,18.9,18.9,18.9,0.0,50.3,222.7,223.8,242.7,18.9,1.0
2026-09-09 15:37:38,sparse_bottleneck_floor,random,44,706.42,2,0,0.0,2,Assemble,3,25.6,25.6,25.6,0.0,71.6,365.4,365.4,391.0,25.6,0.0
2026-09-09 15:37:38,sparse_bottleneck_floor,random,44,706.42,3,0,0.0,0,Mill,3,15.7,15.7,15.7,0.0,19.6,48.7,62.3,78.0,15.8,13.6
2026-09-09 15:37:38,sparse_bottleneck_floor,random,44,706.42,3,0,0.0,1,Weld,1,24.8,24.8,24.8,0.0,42.8,179.4,198.9,223.7,24.9,19.4
2026-09-09 15:37:38,sparse_bottleneck_floor,random,44,706.42,3,0,0.0,2,Assemble,3,27.6,27.6,27.6,0.0,18.2,305.6,305.6,333.3,27.7,0.0
2026-09-09 15:37:38,sparse_bottleneck_floor,random,44,706.42,4,0,0.0,0,Mill,3,15.7,15.7,15.7,0.0,31.5,83.2,83.2,98.9,15.7,0.0
2026-09-09 15:37:38,sparse_bottleneck_floor,random,44,706.42,4,0,0.0,1,Weld,1,24.0,24.0,24.0,0.0,6.5,110.5,110.5,134.5,24.0,0.0
2026-09-09 15:37:38,sparse_bottleneck_floor,random,44,706.42,4,0,0.0,2,Assemble,3,31.3,31.3,31.3,0.0,42.1,236.6,236.6,267.8,31.3,0.0
2026-09-09 15:37:38,sparse_bottleneck_floor,random,44,706.42,5,0,0.0,0,Mill,3,28.6,28.6,28.6,0.0,32.8,95.0,98.9,127.6,28.6,3.9
2026-09-09 15:37:38,sparse_bottleneck_floor,random,44,706.42,5,0,0.0,1,Weld,1,24.9,24.9,24.9,0.0,6.4,160.8,326.1,351.0,24.9,165.3
2026-09-09 15:37:38,sparse_bottleneck_floor,random,44,706.42,5,0,0.0,2,Assemble,3,29.7,29.7,29.7,0.0,42.0,418.8,418.8,448.6,29.8,0.0
2026-09-09 15:37:38,sparse_bottleneck_floor,random,44,706.42,6,0,0.0,0,Mill,3,35.2,35.2,35.2,0.0,22.2,58.9,183.1,218.4,35.3,124.2
2026-09-09 15:37:38,sparse_bottleneck_floor,random,44,706.42,6,0,0.0,1,Weld,1,15.3,15.3,15.3,0.0,27.5,311.8,351.1,366.4,15.3,39.3
2026-09-09 15:37:38,sparse_bottleneck_floor,random,44,706.42,6,0,0.0,2,Assemble,3,35.2,35.2,35.2,0.0,43.0,439.8,448.6,483.8,35.2,8.7
2026-09-09 15:37:38,sparse_bottleneck_floor,random,44,706.42,7,0,0.0,0,Mill,3,32.5,32.5,32.5,0.0,31.1,78.0,115.4,147.9,32.5,37.4
2026-09-09 15:37:38,sparse_bottleneck_floor,random,44,706.42,7,0,0.0,1,Weld,1,30.3,30.3,30.3,0.0,43.5,253.7,366.4,396.7,30.3,112.7
2026-09-09 15:37:38,sparse_bottleneck_floor,random,44,706.42,7,0,0.0,2,Assemble,3,18.9,18.9,18.9,0.0,14.8,451.8,451.8,470.7,18.9,0.0
2026-09-09 15:37:38,sparse_bottleneck_floor,random,44,706.42,8,0,0.0,0,Mill,3,38.9,38.9,38.9,0.0,30.8,88.1,88.1,127.0,39.0,0.0
2026-09-09 15:37:38,sparse_bottleneck_floor,random,44,706.42,8,0,0.0,1,Weld,1,30.2,30.2,30.2,0.0,51.9,217.0,295.9,326.1,30.2,78.9
2026-09-09 15:37:38,sparse_bottleneck_floor,random,44,706.42,8,0,0.0,2,Assemble,3,17.3,17.3,17.3,0.0,20.8,362.5,362.5,379.8,17.3,0.0
2026-09-09 15:37:38,sparse_bottleneck_floor,random,44,706.42,9,0,0.0,0,Mill,3,17.4,17.4,17.4,0.0,34.8,102.5,127.6,145.0,17.4,25.1
2026-09-09 15:37:38,sparse_bottleneck_floor,random,44,706.42,9,0,0.0,1,Weld,1,53.1,53.1,53.1,0.0,6.4,209.7,242.7,295.9,53.2,33.0
2026-09-09 15:37:38,sparse_bottleneck_floor,random,44,706.42,9,0,0.0,2,Assemble,3,30.1,30.1,30.1,0.0,44.2,380.1,380.1,410.2,30.1,0.0
2026-09-09 15:37:38,sparse_bottleneck_floor,random,44,706.42,10,0,0.0,0,Mill,3,35.2,35.2,35.2,0.0,21.4,114.9,147.9,183.1,35.2,33.0
2026-09-09 15:37:38,sparse_bottleneck_floor,random,44,706.42,10,0,0.0,1,Weld,1,47.8,47.8,47.8,0.0,29.5,294.7,396.8,444.6,47.9,102.1
2026-09-09 15:37:38,sparse_bottleneck_floor,random,44,706.42,10,0,0.0,2,Assemble,3,28.4,28.4,28.4,0.0,17.4,514.6,514.6,543.0,28.4,0.0
2026-09-09 15:37:38,sparse_bottleneck_floor,random,44,706.42,11,0,0.0,0,Mill,3,39.3,39.3,39.3,0.0,22.5,155.1,218.4,257.8,39.4,63.3
2026-09-09 15:37:38,sparse_bottleneck_floor,random,44,706.42,11,0,0.0,1,Weld,1,32.0,32.0,32.0,0.0,25.6,326.4,444.6,476.7,32.1,118.2
2026-09-09 15:37:38,sparse_bottleneck_floor,random,44,706.42,11,0,0.0,2,Assemble,3,28.8,28.8,28.8,0.0,44.4,535.7,535.7,564.5,28.8,0.0
2026-09-09 15:37:38,sparse_bottleneck_floor,random,44,706.42,12,0,0.0,0,Mill,3,35.7,35.7,35.7,0.0,22.5,162.2,287.3,323.0,35.8,125.1
2026-09-09 15:37:38,sparse_bottleneck_floor,random,44,706.42,12,0,0.0,1,Weld,1,42.8,42.8,42.8,0.0,53.9,456.9,476.7,519.6,42.9,19.8
2026-09-09 15:37:38,sparse_bottleneck_floor,random,44,706.42,12,0,0.0,2,Assemble,3,36.5,36.5,36.5,0.0,37.2,558.6,564.5,601.0,36.6,5.9
2026-09-09 15:37:38,sparse_bottleneck_floor,random,44,706.42,13,0,0.0,0,Mill,3,29.4,29.4,29.4,0.0,23.3,147.0,257.8,287.2,29.5,110.8
2026-09-09 15:37:38,sparse_bottleneck_floor,random,44,706.42,13,0,0.0,1,Weld,1,46.7,46.7,46.7,0.0,42.0,415.6,519.6,566.3,46.7,104.0
2026-09-09 15:37:38,sparse_bottleneck_floor,random,44,706.42,13,0,0.0,2,Assemble,3,16.2,16.2,16.2,0.0,45.2,613.8,613.8,630.0,16.2,0.0
2026-09-09 15:37:38,sparse_bottleneck_floor,random,44,706.42,14,0,0.0,0,Mill,3,20.7,20.7,20.7,0.0,28.5,291.5,323.0,343.8,20.7,31.6
2026-09-09 15:37:38,sparse_bottleneck_floor,random,44,706.42,14,0,0.0,1,Weld,1,28.0,28.0,28.0,0.0,51.6,519.2,566.4,594.4,28.0,47.1
2026-09-09 15:37:38,sparse_bottleneck_floor,random,44,706.42,14,0,0.0,2,Assemble,3,17.0,17.0,17.0,0.0,38.6,635.9,635.9,652.9,17.0,0.0
2026-09-09 15:37:48,two_machine_standoff,random,42,372.22,0,0,0.0,0,Mill,3,20.0,20.0,20.0,0.0,18.6,31.0,31.0,51.0,20.0,0.0
2026-09-09 15:37:48,two_machine_standoff,random,42,372.22,0,0,0.0,1,Weld,2,43.8,43.8,43.8,0.0,28.9,89.0,89.0,132.8,43.8,0.0
2026-09-09 15:37:48,two_machine_standoff,random,42,372.22,1,0,0.0,0,Mill,3,20.0,20.0,20.0,0.0,18.6,38.3,51.0,71.0,20.0,12.7
2026-09-09 15:37:48,two_machine_standoff,random,42,372.22,1,0,0.0,1,Weld,2,16.1,16.1,16.1,0.0,42.4,122.4,132.8,149.0,16.2,10.4
2026-09-09 15:37:48,two_machine_standoff,random,42,372.22,2,0,0.0,0,Mill,3,20.0,20.0,20.0,0.0,20.7,48.3,71.0,91.1,20.0,22.8
2026-09-09 15:37:48,two_machine_standoff,random,42,372.22,2,0,0.0,1,Weld,2,27.4,27.4,27.4,0.0,26.2,162.4,171.3,198.7,27.4,8.9
2026-09-09 15:37:48,two_machine_standoff,random,42,372.22,3,0,0.0,0,Mill,3,20.0,20.0,20.0,0.0,35.7,87.1,111.1,131.1,20.0,24.0
2026-09-09 15:37:48,two_machine_standoff,random,42,372.22,3,0,0.0,1,Weld,2,25.0,25.0,25.0,0.0,40.8,184.2,217.6,242.7,25.1,33.5
2026-09-09 15:37:48,two_machine_standoff,random,42,372.22,4,0,0.0,0,Mill,3,20.0,20.0,20.0,0.0,32.6,94.2,151.2,171.2,20.0,57.0
2026-09-09 15:37:48,two_machine_standoff,random,42,372.22,4,0,0.0,1,Weld,2,48.1,48.1,48.1,0.0,38.8,212.2,225.2,273.4,48.2,13.0
2026-09-09 15:37:48,two_machine_standoff,random,42,372.22,5,0,0.0,0,Mill,3,20.0,20.0,20.0,0.0,49.3,120.6,171.2,191.3,20.0,50.7
2026-09-09 15:37:48,two_machine_standoff,random,42,372.22,5,0,0.0,1,Weld,2,45.5,45.5,45.5,0.0,37.4,272.5,272.5,318.0,45.5,0.0
2026-09-09 15:37:48,two_machine_standoff,random,42,372.22,6,0,0.0,0,Mill,3,20.0,20.0,20.0,0.0,18.4,59.6,59.6,79.6,20.0,0.0
2026-09-09 15:37:48,two_machine_standoff,random,42,372.22,6,0,0.0,1,Weld,2,55.2,55.2,55.2,0.0,32.2,153.7,153.7,208.8,55.2,0.0
2026-09-09 15:37:48,two_machine_standoff,random,42,372.22,7,0,0.0,0,Mill,3,20.0,20.0,20.0,0.0,22.2,58.6,131.2,151.2,20.0,72.6
2026-09-09 15:37:48,two_machine_standoff,random,42,372.22,7,0,0.0,1,Weld,2,18.9,18.9,18.9,0.0,41.6,197.2,198.7,217.6,18.9,1.5
2026-09-09 15:37:48,two_machine_standoff,random,42,372.22,8,0,0.0,0,Mill,3,20.0,20.0,20.0,0.0,31.8,78.5,91.1,111.1,20.0,12.6
2026-09-09 15:37:48,two_machine_standoff,random,42,372.22,8,0,0.0,1,Weld,2,34.0,34.0,34.0,0.0,23.9,137.3,137.3,171.3,34.0,0.0
2026-09-09 15:37:48,two_machine_standoff,random,42,372.22,9,0,0.0,0,Mill,3,20.0,20.0,20.0,0.0,36.0,92.8,92.8,112.8,20.0,0.0
2026-09-09 15:37:48,two_machine_standoff,random,42,372.22,9,0,0.0,1,Weld,2,16.3,16.3,16.3,0.0,63.3,182.9,208.8,225.2,16.4,25.9
2026-09-09 15:37:59,two_machine_standoff,random,43,377.52,0,0,0.0,0,Mill,3,20.0,20.0,20.0,0.0,18.6,31.0,31.0,51.0,20.0,0.0
2026-09-09 15:37:59,two_machine_standoff,random,43,377.52,0,0,0.0,1,Weld,2,43.8,43.8,43.8,0.0,31.0,91.1,91.1,134.9,43.8,0.0
2026-09-09 15:37:59,two_machine_standoff,random,43,377.52,1,0,0.0,0,Mill,3,20.0,20.0,20.0,0.0,18.6,38.3,51.0,71.0,20.0,12.7
2026-09-09 15:37:59,two_machine_standoff,random,43,377.52,1,0,0.0,1,Weld,2,16.1,16.1,16.1,0.0,27.5,102.4,134.9,151.1,16.2,32.5
2026-09-09 15:37:59,two_machine_standoff,random,43,377.52,2,0,0.0,0,Mill,3,20.0,20.0,20.0,0.0,20.7,48.3,71.0,91.1,20.0,22.8
2026-09-09 15:37:59,two_machine_standoff,random,43,377.52,2,0,0.0,1,Weld,2,27.4,27.4,27.4,0.0,24.9,169.6,182.2,209.6,27.4,12.5
2026-09-09 15:37:59,two_machine_standoff,random,43,377.52,3,0,0.0,0,Mill,3,20.0,20.0,20.0,0.0,31.4,82.7,82.7,102.8,20.0,0.0
2026-09-09 15:37:59,two_machine_standoff,random,43,377.52,3,0,0.0,1,Weld,2,25.0,25.0,25.0,0.0,28.5,157.1,157.1,182.2,25.1,0.0
2026-09-09 15:37:59,two_machine_standoff,random,43,377.52,4,0,0.0,0,Mill,3,20.0,20.0,20.0,0.0,31.6,93.2,111.1,131.1,20.0,18.0
2026-09-09 15:37:59,two_machine_standoff,random,43,377.52,4,0,0.0,1,Weld,2,48.1,48.1,48.1,0.0,21.6,155.0,222.6,270.8,48.2,67.6
2026-09-09 15:37:59,two_machine_standoff,random,43,377.52,5,0,0.0,0,Mill,3,20.0,20.0,20.0,0.0,49.3,120.6,131.2,151.2,20.0,10.6
2026-09-09 15:37:59,two_machine_standoff,random,43,377.52,5,0,0.0,1,Weld,2,45.5,45.5,45.5,0.0,29.9,238.8,238.8,284.3,45.5,0.0
2026-09-09 15:37:59,two_machine_standoff,random,43,377.52,6,0,0.0,0,Mill,3,20.0,20.0,20.0,0.0,27.7,68.9,91.1,111.1,20.0,22.2
2026-09-09 15:37:59,two_machine_standoff,random,43,377.52,6,0,0.0,1,Weld,2,55.2,55.2,55.2,0.0,29.4,142.8,151.1,206.2,55.2,8.3
2026-09-09 15:37:59,two_machine_standoff,random,43,377.52,7,0,0.0,0,Mill,3,20.0,20.0,20.0,0.0,22.2,58.6,151.2,171.2,20.0,92.6
2026-09-09 15:37:59,two_machine_standoff,random,43,377.52,7,0,0.0,1,Weld,2,18.9,18.9,18.9,0.0,44.2,217.7,304.8,323.7,18.9,87.1
2026-09-09 15:37:59,two_machine_standoff,random,43,377.52,8,0,0.0,0,Mill,3,20.0,20.0,20.0,0.0,35.2,81.9,171.2,191.3,20.0,89.4
2026-09-09 15:37:59,two_machine_standoff,random,43,377.52,8,0,0.0,1,Weld,2,34.0,34.0,34.0,0.0,29.9,223.4,270.8,304.8,34.0,47.3
2026-09-09 15:37:59,two_machine_standoff,random,43,377.52,9,0,0.0,0,Mill,3,20.0,20.0,20.0,0.0,35.5,92.3,92.3,112.3,20.0,0.0
2026-09-09 15:37:59,two_machine_standoff,random,43,377.52,9,0,0.0,1,Weld,2,16.3,16.3,16.3,0.0,48.0,167.1,206.2,222.6,16.4,39.2
2026-09-09 15:38:09,two_machine_standoff,random,44,353.82,0,0,0.0,0,Mill,3,20.0,20.0,20.0,0.0,18.6,31.0,31.0,51.0,20.0,0.0
2026-09-09 15:38:09,two_machine_standoff,random,44,353.82,0,0,0.0,1,Weld,2,43.8,43.8,43.8,0.0,24.7,84.9,84.9,128.7,43.8,0.0
2026-09-09 15:38:09,two_machine_standoff,random,44,353.82,1,0,0.0,0,Mill,3,20.0,20.0,20.0,0.0,16.8,36.6,36.6,56.6,20.0,0.0
2026-09-09 15:38:09,two_machine_standoff,random,44,353.82,1,0,0.0,1,Weld,2,16.1,16.1,16.1,0.0,27.7,125.7,125.9,142.1,16.2,0.2
2026-09-09 15:38:09,two_machine_standoff,random,44,353.82,2,0,0.0,0,Mill,3,20.0,20.0,20.0,0.0,20.7,48.3,51.0,71.0,20.0,2.7
2026-09-09 15:38:09,two_machine_standoff,random,44,353.82,2,0,0.0,1,Weld,2,27.4,27.4,27.4,0.0,18.5,98.5,98.5,125.9,27.4,0.0
2026-09-09 15:38:09,two_machine_standoff,random,44,353.82,3,0,0.0,0,Mill,3,20.0,20.0,20.0,0.0,27.2,78.5,91.1,111.1,20.0,12.6
2026-09-09 15:38:09,two_machine_standoff,random,44,353.82,3,0,0.0,1,Weld,2,25.0,25.0,25.0,0.0,33.0,154.5,154.5,179.5,25.1,0.0
2026-09-09 15:38:09,two_machine_standoff,random,44,353.82,4,0,0.0,0,Mill,3,20.0,20.0,20.0,0.0,36.2,97.8,101.6,121.6,20.0,3.8
2026-09-09 15:38:09,two_machine_standoff,random,44,353.82,4,0,0.0,1,Weld,2,48.1,48.1,48.1,0.0,56.8,221.9,254.1,302.3,48.2,32.2
2026-09-09 15:38:09,two_machine_standoff,random,44,353.82,5,0,0.0,0,Mill,3,20.0,20.0,20.0,0.0,21.0,92.3,99.7,119.7,20.0,7.4
2026-09-09 15:38:09,two_machine_standoff,random,44,353.82,5,0,0.0,1,Weld,2,45.5,45.5,45.5,0.0,35.8,189.1,223.9,269.4,45.5,34.8
2026-09-09 15:38:09,two_machine_standoff,random,44,353.82,6,0,0.0,0,Mill,3,20.0,20.0,20.0,0.0,27.7,68.9,111.1,131.1,20.0,42.2
2026-09-09 15:38:09,two_machine_standoff,random,44,353.82,6,0,0.0,1,Weld,2,55.2,55.2,55.2,0.0,21.6,198.9,198.9,254.1,55.2,0.0
2026-09-09 15:38:09,two_machine_standoff,random,44,353.82,7,0,0.0,0,Mill,3,20.0,20.0,20.0,0.0,22.2,58.6,71.0,91.1,20.0,12.4
2026-09-09 15:38:09,two_machine_standoff,random,44,353.82,7,0,0.0,1,Weld,2,18.9,18.9,18.9,0.0,42.1,170.9,170.9,189.9,18.9,0.0
2026-09-09 15:38:09,two_machine_standoff,random,44,353.82,8,0,0.0,0,Mill,3,20.0,20.0,20.0,0.0,34.9,81.6,81.6,101.6,20.0,0.0
2026-09-09 15:38:09,two_machine_standoff,random,44,353.82,8,0,0.0,1,Weld,2,34.0,34.0,34.0,0.0,51.9,183.3,189.9,223.9,34.0,6.6
2026-09-09 15:38:09,two_machine_standoff,random,44,353.82,9,0,0.0,0,Mill,3,20.0,20.0,20.0,0.0,22.8,79.6,79.6,99.7,20.0,0.0
2026-09-09 15:38:09,two_machine_standoff,random,44,353.82,9,0,0.0,1,Weld,2,16.3,16.3,16.3,0.0,35.0,173.8,179.5,195.9,16.4,5.7
2026-09-09 15:38:16,zero_contention,random,42,268.82,0,0,0.0,0,Mill,1,39.2,39.2,39.2,0.0,18.6,31.0,31.0,70.2,39.2,0.0
2026-09-09 15:38:16,zero_contention,random,42,268.82,0,0,0.0,1,Lathe,1,20.8,20.8,20.8,0.0,20.7,116.5,116.5,137.2,20.8,0.0
2026-09-09 15:38:16,zero_contention,random,42,268.82,0,0,0.0,2,Weld,1,28.3,28.3,28.3,0.0,20.8,171.1,171.1,199.3,28.3,0.0
2026-09-09 15:38:16,zero_contention,random,42,268.82,1,0,0.0,0,Mill,1,26.7,26.7,26.7,0.0,16.8,36.6,36.6,63.3,26.7,0.0
2026-09-09 15:38:16,zero_contention,random,42,268.82,1,0,0.0,1,Lathe,1,42.1,42.1,42.1,0.0,20.8,98.4,98.4,140.6,42.1,0.0
2026-09-09 15:38:16,zero_contention,random,42,268.82,1,0,0.0,2,Weld,1,40.3,40.3,40.3,0.0,20.6,177.0,177.0,217.3,40.3,0.0
2026-09-09 15:38:16,zero_contention,random,42,268.82,2,0,0.0,0,Mill,1,46.8,46.8,46.8,0.0,43.3,70.9,70.9,117.7,46.8,0.0
2026-09-09 15:38:16,zero_contention,random,42,268.82,2,0,0.0,1,Lathe,1,22.6,22.6,22.6,0.0,4.7,124.6,124.6,147.2,22.6,0.0
2026-09-09 15:38:16,zero_contention,random,42,268.82,2,0,0.0,2,Weld,1,32.7,32.7,32.7,0.0,13.0,168.7,168.7,201.4,32.7,0.0
2026-09-09 15:38:23,zero_contention,random,43,268.82,0,0,0.0,0,Mill,1,39.2,39.2,39.2,0.0,18.6,31.0,31.0,70.2,39.2,0.0
2026-09-09 15:38:23,zero_contention,random,43,268.82,0,0,0.0,1,Lathe,1,20.8,20.8,20.8,0.0,20.7,116.5,116.5,137.2,20.8,0.0
2026-09-09 15:38:23,zero_contention,random,43,268.82,0,0,0.0,2,Weld,1,28.3,28.3,28.3,0.0,20.8,171.1,171.1,199.3,28.3,0.0
2026-09-09 15:38:23,zero_contention,random,43,268.82,1,0,0.0,0,Mill,1,26.7,26.7,26.7,0.0,16.8,36.6,36.6,63.3,26.7,0.0
2026-09-09 15:38:23,zero_contention,random,43,268.82,1,0,0.0,1,Lathe,1,42.1,42.1,42.1,0.0,20.8,98.4,98.4,140.6,42.1,0.0
2026-09-09 15:38:23,zero_contention,random,43,268.82,1,0,0.0,2,Weld,1,40.3,40.3,40.3,0.0,20.6,177.0,177.0,217.3,40.3,0.0
2026-09-09 15:38:23,zero_contention,random,43,268.82,2,0,0.0,0,Mill,1,46.8,46.8,46.8,0.0,43.3,70.9,70.9,117.7,46.8,0.0
2026-09-09 15:38:23,zero_contention,random,43,268.82,2,0,0.0,1,Lathe,1,22.6,22.6,22.6,0.0,4.7,124.6,124.6,147.2,22.6,0.0
2026-09-09 15:38:23,zero_contention,random,43,268.82,2,0,0.0,2,Weld,1,32.7,32.7,32.7,0.0,13.0,168.7,168.7,201.4,32.7,0.0
2026-09-09 15:38:30,zero_contention,random,44,268.82,0,0,0.0,0,Mill,1,39.2,39.2,39.2,0.0,18.6,31.0,31.0,70.2,39.2,0.0
2026-09-09 15:38:30,zero_contention,random,44,268.82,0,0,0.0,1,Lathe,1,20.8,20.8,20.8,0.0,20.7,116.5,116.5,137.2,20.8,0.0
2026-09-09 15:38:30,zero_contention,random,44,268.82,0,0,0.0,2,Weld,1,28.3,28.3,28.3,0.0,20.8,171.1,171.1,199.3,28.3,0.0
2026-09-09 15:38:30,zero_contention,random,44,268.82,1,0,0.0,0,Mill,1,26.7,26.7,26.7,0.0,16.8,36.6,36.6,63.3,26.7,0.0
2026-09-09 15:38:30,zero_contention,random,44,268.82,1,0,0.0,1,Lathe,1,42.1,42.1,42.1,0.0,20.8,98.4,98.4,140.6,42.1,0.0
2026-09-09 15:38:30,zero_contention,random,44,268.82,1,0,0.0,2,Weld,1,40.3,40.3,40.3,0.0,20.6,177.0,177.0,217.3,40.3,0.0
2026-09-09 15:38:30,zero_contention,random,44,268.82,2,0,0.0,0,Mill,1,46.8,46.8,46.8,0.0,43.3,70.9,70.9,117.7,46.8,0.0
2026-09-09 15:38:30,zero_contention,random,44,268.82,2,0,0.0,1,Lathe,1,22.6,22.6,22.6,0.0,4.7,124.6,124.6,147.2,22.6,0.0
2026-09-09 15:38:30,zero_contention,random,44,268.82,2,0,0.0,2,Weld,1,32.7,32.7,32.7,0.0,13.0,168.7,168.7,201.4,32.7,0.0
