timestamp,instance,rule,seed,makespan,job_id,is_dynamic,completed,arrival_time,exit_time,flow_time,total_operations,completed_ops,work_content,time_needs_routing,time_waiting_pickup,time_in_transit,time_queued,time_processing
2026-09-19 21:11:35,mfsweep_shard0,LRT_MMUR,42,4124.06,0,0,1,0.0,203.7,203.7,2,2,74.6,0.0,54.5,74.5,0.0,74.6
2026-09-19 21:11:35,mfsweep_shard0,LRT_MMUR,42,4124.06,1,0,1,26.3,252.7,226.4,2,2,54.4,0.0,81.8,67.8,22.4,54.4
2026-09-19 21:11:35,mfsweep_shard0,LRT_MMUR,42,4124.06,2,0,1,52.6,293.1,240.5,2,2,62.6,0.0,64.2,104.3,9.4,62.6
2026-09-19 21:11:35,mfsweep_shard0,LRT_MMUR,42,4124.06,3,0,1,78.8,348.9,270.0,2,2,60.9,0.0,63.0,77.1,69.0,60.9
2026-09-19 21:11:35,mfsweep_shard0,LRT_MMUR,42,4124.06,4,0,1,105.1,335.4,230.3,2,2,77.8,0.0,42.4,110.1,0.0,77.8
2026-09-19 21:11:35,mfsweep_shard0,LRT_MMUR,42,4124.06,5,0,1,131.4,411.0,279.6,2,2,75.9,0.0,58.3,114.8,30.6,75.9
2026-09-19 21:11:35,mfsweep_shard0,LRT_MMUR,42,4124.06,6,0,1,157.7,358.3,200.6,2,2,83.0,0.0,38.0,79.6,0.0,83.0
2026-09-19 21:11:35,mfsweep_shard0,LRT_MMUR,42,4124.06,7,0,1,183.9,734.3,550.4,2,2,56.4,0.0,81.5,148.1,254.4,66.4
2026-09-19 21:11:35,mfsweep_shard0,LRT_MMUR,42,4124.06,8,0,1,210.2,465.8,255.5,2,2,67.5,0.0,61.0,127.1,0.0,67.5
2026-09-19 21:11:35,mfsweep_shard0,LRT_MMUR,42,4124.06,9,0,1,236.5,747.8,511.3,2,2,54.5,0.1,61.7,121.9,273.1,54.5
2026-09-19 21:11:35,mfsweep_shard0,LRT_MMUR,42,4124.06,10,0,1,262.8,664.2,401.4,2,2,60.8,0.1,138.1,101.7,100.9,60.8
2026-09-19 21:11:35,mfsweep_shard0,LRT_MMUR,42,4124.06,11,0,1,289.1,520.5,231.5,2,2,70.2,0.0,49.3,80.6,31.4,70.2
2026-09-19 21:11:35,mfsweep_shard0,LRT_MMUR,42,4124.06,12,0,1,315.3,797.2,481.9,2,2,54.4,0.0,45.8,84.5,297.2,54.4
2026-09-19 21:11:35,mfsweep_shard0,LRT_MMUR,42,4124.06,13,0,1,341.6,695.7,354.1,2,2,60.1,0.0,69.0,91.0,133.9,60.1
2026-09-19 21:11:35,mfsweep_shard0,LRT_MMUR,42,4124.06,14,0,1,367.9,577.7,209.8,2,2,75.0,0.0,43.2,88.1,3.5,75.0
2026-09-19 21:11:35,mfsweep_shard0,LRT_MMUR,42,4124.06,15,0,1,394.2,659.5,265.4,2,2,71.5,0.0,87.9,105.9,0.0,71.5
2026-09-19 21:11:35,mfsweep_shard0,LRT_MMUR,42,4124.06,16,0,1,420.4,617.4,197.0,2,2,60.8,0.0,42.3,93.8,0.0,60.8
2026-09-19 21:11:35,mfsweep_shard0,LRT_MMUR,42,4124.06,17,0,1,446.7,651.5,204.8,2,2,73.0,0.0,30.6,80.6,20.5,73.0
2026-09-19 21:11:35,mfsweep_shard0,LRT_MMUR,42,4124.06,18,0,1,473.0,730.0,257.0,2,2,80.3,0.0,56.9,73.6,46.2,80.3
2026-09-19 21:11:35,mfsweep_shard0,LRT_MMUR,42,4124.06,19,0,1,499.3,905.7,406.4,2,2,53.8,0.0,54.0,86.0,212.6,53.8
2026-09-19 21:11:35,mfsweep_shard0,LRT_MMUR,42,4124.06,20,0,1,525.6,792.8,267.2,2,2,80.1,0.0,46.2,75.9,65.0,80.1
2026-09-19 21:11:35,mfsweep_shard0,LRT_MMUR,42,4124.06,21,0,1,551.8,869.2,317.4,2,2,76.6,0.0,88.9,81.4,70.5,76.6
2026-09-19 21:11:35,mfsweep_shard0,LRT_MMUR,42,4124.06,22,0,1,578.1,739.0,160.9,2,2,64.8,0.0,20.3,75.8,0.0,64.8
2026-09-19 21:11:35,mfsweep_shard0,LRT_MMUR,42,4124.06,23,0,1,604.4,783.2,178.8,2,2,58.7,0.0,34.8,67.8,17.5,58.7
2026-09-19 21:11:35,mfsweep_shard0,LRT_MMUR,42,4124.06,24,0,1,630.7,922.1,291.5,2,2,85.1,0.0,83.0,73.7,49.6,85.1
2026-09-19 21:11:35,mfsweep_shard0,LRT_MMUR,42,4124.06,25,0,1,656.9,825.7,168.8,2,2,64.7,0.0,18.5,70.5,15.1,64.7
2026-09-19 21:11:35,mfsweep_shard0,LRT_MMUR,42,4124.06,26,0,1,683.2,1684.2,1001.0,2,2,56.6,0.0,89.7,140.3,687.8,83.3
2026-09-19 21:11:35,mfsweep_shard0,LRT_MMUR,42,4124.06,27,0,1,709.5,1217.1,507.6,2,2,56.7,0.0,61.7,94.8,294.3,56.7
2026-09-19 21:11:35,mfsweep_shard0,LRT_MMUR,42,4124.06,28,0,1,735.8,996.1,260.4,2,2,81.5,0.0,69.1,80.2,29.5,81.5
2026-09-19 21:11:35,mfsweep_shard0,LRT_MMUR,42,4124.06,29,0,1,762.0,1097.9,335.9,2,2,73.5,0.0,34.7,83.9,143.8,73.5
2026-09-19 21:11:35,mfsweep_shard0,LRT_MMUR,42,4124.06,30,0,1,788.3,1047.2,258.9,2,2,80.2,0.0,44.1,113.9,20.7,80.2
2026-09-19 21:11:35,mfsweep_shard0,LRT_MMUR,42,4124.06,31,0,1,814.6,1342.2,527.6,2,2,77.6,0.0,111.6,182.8,103.0,130.1
2026-09-19 21:11:35,mfsweep_shard0,LRT_MMUR,42,4124.06,32,0,1,840.9,1212.2,371.4,2,2,71.2,0.0,116.6,89.9,93.6,71.2
2026-09-19 21:11:35,mfsweep_shard0,LRT_MMUR,42,4124.06,33,0,1,867.2,1093.6,226.5,2,2,85.7,0.0,62.9,77.3,0.6,85.7
2026-09-19 21:11:35,mfsweep_shard0,LRT_MMUR,42,4124.06,34,0,1,893.4,1564.7,671.3,2,2,66.0,0.0,70.8,124.5,409.9,66.0
2026-09-19 21:11:35,mfsweep_shard0,LRT_MMUR,42,4124.06,35,0,1,919.7,1178.0,258.3,2,2,71.8,0.0,54.8,131.7,0.0,71.8
2026-09-19 21:11:35,mfsweep_shard0,LRT_MMUR,42,4124.06,36,0,1,946.0,1266.0,320.0,2,2,80.9,0.0,74.6,148.6,15.8,80.9
2026-09-19 21:11:35,mfsweep_shard0,LRT_MMUR,42,4124.06,37,0,1,972.3,1453.4,481.1,2,2,74.0,0.0,56.8,120.5,229.8,74.0
2026-09-19 21:11:35,mfsweep_shard0,LRT_MMUR,42,4124.06,38,0,1,998.5,1292.9,294.4,2,2,82.0,0.0,52.8,111.1,48.4,82.0
2026-09-19 21:11:35,mfsweep_shard0,LRT_MMUR,42,4124.06,39,0,1,1024.8,1535.0,510.2,2,2,72.6,0.0,87.7,97.0,252.9,72.6
2026-09-19 21:11:35,mfsweep_shard0,LRT_MMUR,42,4124.06,40,0,1,1051.1,1408.0,356.9,2,2,76.8,0.0,49.3,91.8,139.0,76.8
2026-09-19 21:11:35,mfsweep_shard0,LRT_MMUR,42,4124.06,41,0,1,1077.4,1245.8,168.5,2,2,55.1,0.0,27.5,85.9,0.0,55.1
2026-09-19 21:11:35,mfsweep_shard0,LRT_MMUR,42,4124.06,42,0,1,1103.7,1297.8,194.1,2,2,61.1,0.0,28.9,99.4,4.7,61.1
2026-09-19 21:11:35,mfsweep_shard0,LRT_MMUR,42,4124.06,43,0,1,1129.9,1384.6,254.6,2,2,63.1,0.0,33.6,118.9,39.0,63.1
2026-09-19 21:11:35,mfsweep_shard0,LRT_MMUR,42,4124.06,44,0,1,1156.2,1367.3,211.1,2,2,56.2,0.0,43.7,91.8,19.4,56.2
2026-09-19 21:11:35,mfsweep_shard0,LRT_MMUR,42,4124.06,45,0,1,1182.5,1629.7,447.2,2,2,61.2,0.0,57.4,150.5,178.1,61.2
2026-09-19 21:11:35,mfsweep_shard0,LRT_MMUR,42,4124.06,46,0,1,1208.8,1663.3,454.5,2,2,56.9,0.0,43.5,98.6,255.5,56.9
2026-09-19 21:11:35,mfsweep_shard0,LRT_MMUR,42,4124.06,47,0,1,1235.0,1449.0,214.0,2,2,62.7,0.0,51.4,74.7,25.2,62.7
2026-09-19 21:11:35,mfsweep_shard0,LRT_MMUR,42,4124.06,48,0,1,1261.3,1485.5,224.2,2,2,74.5,0.0,36.6,88.9,24.1,74.5
2026-09-19 21:11:35,mfsweep_shard0,LRT_MMUR,42,4124.06,49,0,1,1287.6,1551.5,263.9,2,2,65.6,0.0,56.9,74.9,66.5,65.6
2026-09-19 21:11:35,mfsweep_shard0,LRT_MMUR,42,4124.06,50,0,1,1313.9,1606.1,292.2,2,2,65.8,0.0,57.7,132.3,36.3,65.8
2026-09-19 21:11:35,mfsweep_shard0,LRT_MMUR,42,4124.06,51,0,1,1340.2,1522.5,182.3,2,2,60.5,0.0,52.2,69.6,0.0,60.5
2026-09-19 21:11:35,mfsweep_shard0,LRT_MMUR,42,4124.06,52,0,1,1366.4,1892.1,525.7,2,2,62.4,0.0,52.9,98.7,311.7,62.4
2026-09-19 21:11:35,mfsweep_shard0,LRT_MMUR,42,4124.06,53,0,1,1392.7,1677.3,284.6,2,2,84.5,0.0,72.5,84.1,43.5,84.5
2026-09-19 21:11:35,mfsweep_shard0,LRT_MMUR,42,4124.06,54,0,1,1419.0,1721.1,302.1,2,2,74.9,0.0,44.4,84.1,98.6,74.9
2026-09-19 21:11:35,mfsweep_shard0,LRT_MMUR,42,4124.06,55,0,1,1445.3,1834.2,388.9,2,2,73.6,0.0,68.1,82.8,164.3,73.6
2026-09-19 21:11:35,mfsweep_shard0,LRT_MMUR,42,4124.06,56,0,1,1471.5,1905.5,433.9,2,2,59.2,0.0,23.8,69.1,281.8,59.2
2026-09-19 21:11:35,mfsweep_shard0,LRT_MMUR,42,4124.06,57,0,1,1497.8,1761.8,263.9,2,2,77.6,0.0,33.7,117.8,34.9,77.6
2026-09-19 21:11:35,mfsweep_shard0,LRT_MMUR,42,4124.06,58,0,1,1524.1,1965.1,441.0,2,2,58.9,0.0,33.6,131.8,216.7,58.9
2026-09-19 21:11:35,mfsweep_shard0,LRT_MMUR,42,4124.06,59,0,1,1550.4,2116.1,565.7,2,2,66.1,0.0,78.0,166.7,254.9,66.1
2026-09-19 21:11:35,mfsweep_shard0,LRT_MMUR,42,4124.06,60,0,1,1576.6,1775.8,199.1,2,2,86.2,0.0,44.0,68.9,0.0,86.2
2026-09-19 21:11:35,mfsweep_shard0,LRT_MMUR,42,4124.06,61,0,1,1602.9,2028.7,425.7,2,2,74.7,0.1,102.1,100.0,112.4,111.1
2026-09-19 21:11:35,mfsweep_shard0,LRT_MMUR,42,4124.06,62,0,1,1629.2,2062.2,433.0,2,2,71.9,0.1,71.9,92.2,196.9,71.9
2026-09-19 21:11:35,mfsweep_shard0,LRT_MMUR,42,4124.06,63,0,1,1655.5,1995.5,340.1,2,2,76.1,0.1,127.3,120.1,16.5,76.1
2026-09-19 21:11:35,mfsweep_shard0,LRT_MMUR,42,4124.06,64,0,1,1681.8,1869.2,187.5,2,2,81.4,0.0,32.8,73.3,0.0,81.4
2026-09-19 21:11:35,mfsweep_shard0,LRT_MMUR,42,4124.06,65,0,1,1708.0,2066.6,358.5,2,2,79.2,0.0,50.3,175.2,41.3,91.6
2026-09-19 21:11:35,mfsweep_shard0,LRT_MMUR,42,4124.06,66,0,1,1734.3,2004.7,270.4,2,2,61.1,0.0,45.6,136.2,27.5,61.1
2026-09-19 21:11:35,mfsweep_shard0,LRT_MMUR,42,4124.06,67,0,1,1760.6,1960.4,199.9,2,2,54.6,0.0,72.4,72.8,0.0,54.6
2026-09-19 21:11:35,mfsweep_shard0,LRT_MMUR,42,4124.06,68,0,1,1786.9,2437.2,650.3,2,2,64.0,0.0,88.5,90.0,407.8,64.0
2026-09-19 21:11:35,mfsweep_shard0,LRT_MMUR,42,4124.06,69,0,1,1813.1,2539.7,726.5,2,2,62.4,0.0,50.6,99.8,513.6,62.4
2026-09-19 21:11:35,mfsweep_shard0,LRT_MMUR,42,4124.06,70,0,1,1839.4,2599.1,759.7,2,2,60.5,0.0,49.0,106.3,543.8,60.5
2026-09-19 21:11:35,mfsweep_shard0,LRT_MMUR,42,4124.06,71,0,1,1865.7,2124.9,259.2,2,2,84.7,0.0,35.5,111.6,27.3,84.7
2026-09-19 21:11:35,mfsweep_shard0,LRT_MMUR,42,4124.06,72,0,1,1892.0,2205.9,313.9,2,2,82.5,0.0,48.2,121.8,61.4,82.5
2026-09-19 21:11:35,mfsweep_shard0,LRT_MMUR,42,4124.06,73,0,1,1918.3,2479.1,560.8,2,2,63.9,0.0,37.7,127.5,331.7,63.9
2026-09-19 21:11:35,mfsweep_shard0,LRT_MMUR,42,4124.06,74,0,1,1944.5,2330.3,385.7,2,2,75.2,0.0,42.8,74.9,192.8,75.2
2026-09-19 21:11:35,mfsweep_shard0,LRT_MMUR,42,4124.06,75,0,1,1970.8,2388.2,417.4,2,2,66.6,0.0,47.7,80.3,222.7,66.6
2026-09-19 21:11:35,mfsweep_shard0,LRT_MMUR,42,4124.06,76,0,1,1997.1,2244.0,246.9,2,2,83.7,0.0,57.9,83.7,21.5,83.7
2026-09-19 21:11:35,mfsweep_shard0,LRT_MMUR,42,4124.06,77,0,1,2023.4,2235.4,212.1,2,2,68.7,0.0,54.3,89.1,0.0,68.7
2026-09-19 21:11:35,mfsweep_shard0,LRT_MMUR,42,4124.06,78,0,1,2049.6,2284.2,234.5,2,2,62.3,0.0,35.7,136.5,0.0,62.3
2026-09-19 21:11:35,mfsweep_shard0,LRT_MMUR,42,4124.06,79,0,1,2075.9,2608.4,532.5,2,2,61.7,0.0,41.9,113.9,315.0,61.7
2026-09-19 21:11:35,mfsweep_shard0,LRT_MMUR,42,4124.06,80,0,1,2102.2,2396.9,294.7,2,2,72.1,0.0,47.8,130.0,44.9,72.1
2026-09-19 21:11:35,mfsweep_shard0,LRT_MMUR,42,4124.06,81,0,1,2128.5,2585.2,456.7,2,2,62.2,0.0,70.9,127.9,195.7,62.2
2026-09-19 21:11:35,mfsweep_shard0,LRT_MMUR,42,4124.06,82,0,1,2154.7,2320.7,166.0,2,2,72.8,0.0,23.9,68.5,0.6,72.8
2026-09-19 21:11:35,mfsweep_shard0,LRT_MMUR,42,4124.06,83,0,1,2181.0,2464.4,283.4,2,2,83.2,0.0,77.3,69.8,53.1,83.2
2026-09-19 21:11:35,mfsweep_shard0,LRT_MMUR,42,4124.06,84,0,1,2207.3,2562.1,354.8,2,2,66.7,0.0,54.5,94.8,138.8,66.7
2026-09-19 21:11:35,mfsweep_shard0,LRT_MMUR,42,4124.06,85,0,1,2233.6,2526.4,292.8,2,2,60.8,0.0,117.5,67.9,46.5,60.8
2026-09-19 21:11:35,mfsweep_shard0,LRT_MMUR,42,4124.06,86,0,1,2259.9,2575.8,315.9,2,2,86.5,0.0,119.7,75.0,33.1,88.1
2026-09-19 21:11:35,mfsweep_shard0,LRT_MMUR,42,4124.06,87,0,1,2286.1,2497.5,211.4,2,2,70.4,0.0,43.1,97.9,0.0,70.4
2026-09-19 21:11:35,mfsweep_shard0,LRT_MMUR,42,4124.06,88,0,1,2312.4,2718.7,406.3,2,2,56.5,0.0,112.9,113.5,123.3,56.5
2026-09-19 21:11:35,mfsweep_shard0,LRT_MMUR,42,4124.06,89,0,1,2338.7,3066.0,727.3,2,2,55.1,0.0,97.0,145.3,429.9,55.1
2026-09-19 21:11:35,mfsweep_shard0,LRT_MMUR,42,4124.06,90,0,1,2365.0,3038.1,673.1,2,2,57.2,0.1,127.2,147.4,341.2,57.2
2026-09-19 21:11:35,mfsweep_shard0,LRT_MMUR,42,4124.06,91,0,1,2391.2,2931.8,540.6,2,2,74.3,0.1,112.8,152.6,200.8,74.3
2026-09-19 21:11:35,mfsweep_shard0,LRT_MMUR,42,4124.06,92,0,1,2417.5,2817.6,400.1,2,2,79.7,0.1,172.3,116.3,28.8,82.6
2026-09-19 21:11:35,mfsweep_shard0,LRT_MMUR,42,4124.06,93,0,1,2443.8,2678.5,234.7,2,2,67.5,0.0,19.3,147.9,0.0,67.5
2026-09-19 21:11:35,mfsweep_shard0,LRT_MMUR,42,4124.06,94,0,1,2470.1,2683.2,213.1,2,2,55.6,0.0,62.8,94.6,0.0,55.6
2026-09-19 21:11:35,mfsweep_shard0,LRT_MMUR,42,4124.06,95,0,1,2496.4,2999.6,503.3,2,2,66.1,0.0,125.6,106.7,204.8,66.1
2026-09-19 21:11:35,mfsweep_shard0,LRT_MMUR,42,4124.06,96,0,1,2522.6,2856.2,333.6,2,2,86.4,0.0,95.7,91.1,60.3,86.4
2026-09-19 21:11:35,mfsweep_shard0,LRT_MMUR,42,4124.06,97,0,1,2548.9,3145.1,596.2,2,2,71.0,0.0,132.1,88.2,304.9,71.0
2026-09-19 21:11:35,mfsweep_shard0,LRT_MMUR,42,4124.06,98,0,1,2575.2,2891.2,316.0,2,2,85.6,0.0,78.5,106.6,45.2,85.6
2026-09-19 21:11:35,mfsweep_shard0,LRT_MMUR,42,4124.06,99,0,1,2601.5,2791.8,190.3,2,2,82.0,0.0,33.7,74.6,0.0,82.0
2026-09-19 21:11:35,mfsweep_shard0,LRT_MMUR,42,4124.06,100,0,1,2627.7,3184.6,556.8,2,2,53.9,0.0,49.8,97.8,355.3,53.9
2026-09-19 21:11:35,mfsweep_shard0,LRT_MMUR,42,4124.06,101,0,1,2654.0,2927.4,273.3,2,2,77.3,0.0,18.0,86.5,91.6,77.3
2026-09-19 21:11:35,mfsweep_shard0,LRT_MMUR,42,4124.06,102,0,1,2680.3,3004.3,324.0,2,2,76.0,0.0,40.2,94.9,112.9,76.0
2026-09-19 21:11:35,mfsweep_shard0,LRT_MMUR,42,4124.06,103,0,1,2706.6,3079.8,373.3,2,2,71.3,0.0,93.1,68.2,140.7,71.3
2026-09-19 21:11:35,mfsweep_shard0,LRT_MMUR,42,4124.06,104,0,1,2732.9,3208.8,475.9,2,2,62.4,0.0,78.9,72.1,262.6,62.4
2026-09-19 21:11:35,mfsweep_shard0,LRT_MMUR,42,4124.06,105,0,1,2759.1,2968.8,209.7,2,2,74.7,0.0,60.9,74.1,0.0,74.7
2026-09-19 21:11:35,mfsweep_shard0,LRT_MMUR,42,4124.06,106,0,1,2785.4,3692.2,906.8,2,2,57.2,0.0,100.7,104.5,644.4,57.2
2026-09-19 21:11:35,mfsweep_shard0,LRT_MMUR,42,4124.06,107,0,1,2811.7,3043.0,231.3,2,2,67.9,0.0,67.0,85.0,11.3,67.9
2026-09-19 21:11:35,mfsweep_shard0,LRT_MMUR,42,4124.06,108,0,1,2838.0,3525.3,687.3,2,2,68.5,0.1,129.5,113.6,375.7,68.5
2026-09-19 21:11:35,mfsweep_shard0,LRT_MMUR,42,4124.06,109,0,1,2864.2,3276.9,412.7,2,2,85.0,0.1,98.3,113.0,63.8,137.4
2026-09-19 21:11:35,mfsweep_shard0,LRT_MMUR,42,4124.06,110,0,1,2890.5,3093.3,202.8,2,2,82.4,0.0,42.9,65.0,12.4,82.4
2026-09-19 21:11:35,mfsweep_shard0,LRT_MMUR,42,4124.06,111,0,1,2916.8,3612.2,695.4,2,2,62.2,0.1,100.6,120.8,411.6,62.2
2026-09-19 21:11:35,mfsweep_shard0,LRT_MMUR,42,4124.06,112,0,1,2943.1,3437.3,494.2,2,2,70.1,0.1,73.7,112.0,238.3,70.1
2026-09-19 21:11:35,mfsweep_shard0,LRT_MMUR,42,4124.06,113,0,1,2969.3,3646.3,677.0,2,2,59.4,0.1,102.3,148.0,367.1,59.4
2026-09-19 21:11:35,mfsweep_shard0,LRT_MMUR,42,4124.06,114,0,1,2995.6,3272.1,276.4,2,2,83.7,0.0,43.5,149.2,0.0,83.7
2026-09-19 21:11:35,mfsweep_shard0,LRT_MMUR,42,4124.06,115,0,1,3021.9,3359.0,337.1,2,2,82.3,0.2,103.2,97.2,54.2,82.3
2026-09-19 21:11:35,mfsweep_shard0,LRT_MMUR,42,4124.06,116,0,1,3048.2,3565.2,517.0,2,2,63.4,0.2,71.4,65.6,316.5,63.4
2026-09-19 21:11:35,mfsweep_shard0,LRT_MMUR,42,4124.06,117,0,1,3074.5,3409.6,335.1,2,2,74.6,0.0,101.8,74.2,84.6,74.6
2026-09-19 21:11:35,mfsweep_shard0,LRT_MMUR,42,4124.06,118,0,1,3100.7,3327.5,226.7,2,2,73.6,0.0,87.3,65.8,0.0,73.6
2026-09-19 21:11:35,mfsweep_shard0,LRT_MMUR,42,4124.06,119,0,1,3127.0,3801.7,674.7,2,2,58.6,0.0,77.9,84.5,453.7,58.6
2026-09-19 21:11:35,mfsweep_shard0,LRT_MMUR,42,4124.06,120,0,1,3153.3,3403.0,249.7,2,2,78.7,0.0,52.6,102.4,16.0,78.7
2026-09-19 21:11:35,mfsweep_shard0,LRT_MMUR,42,4124.06,121,0,1,3179.6,3537.4,357.8,2,2,71.3,0.0,102.9,94.4,89.2,71.3
2026-09-19 21:11:35,mfsweep_shard0,LRT_MMUR,42,4124.06,122,0,1,3205.8,3465.4,259.6,2,2,79.2,0.0,41.4,102.4,36.5,79.2
2026-09-19 21:11:35,mfsweep_shard0,LRT_MMUR,42,4124.06,123,0,1,3232.1,3710.3,478.2,2,2,71.0,0.0,41.7,101.2,264.1,71.0
2026-09-19 21:11:35,mfsweep_shard0,LRT_MMUR,42,4124.06,124,0,1,3258.4,4124.1,865.7,2,2,53.6,0.0,31.7,124.9,655.5,53.6
2026-09-19 21:11:35,mfsweep_shard0,LRT_MMUR,42,4124.06,125,0,1,3284.7,3768.1,483.5,2,2,64.2,0.0,52.2,124.9,242.1,64.2
2026-09-19 21:11:35,mfsweep_shard0,LRT_MMUR,42,4124.06,126,0,1,3311.0,4085.9,774.9,2,2,54.2,0.0,51.8,63.9,605.0,54.2
2026-09-19 21:11:35,mfsweep_shard0,LRT_MMUR,42,4124.06,127,0,1,3337.2,3602.5,265.2,2,2,84.2,0.0,75.8,79.8,25.4,84.2
2026-09-19 21:11:35,mfsweep_shard0,LRT_MMUR,42,4124.06,128,0,1,3363.5,3655.7,292.2,2,2,82.5,0.0,40.0,70.2,99.4,82.5
2026-09-19 21:11:35,mfsweep_shard0,LRT_MMUR,42,4124.06,129,0,1,3389.8,3607.4,217.6,2,2,81.0,0.0,59.2,77.4,0.0,81.0
2026-09-19 21:11:35,mfsweep_shard0,LRT_MMUR,42,4124.06,130,0,1,3416.1,3650.9,234.8,2,2,63.7,0.0,37.6,112.1,21.4,63.7
2026-09-19 21:11:35,mfsweep_shard0,LRT_MMUR,42,4124.06,131,0,1,3442.3,4046.4,604.0,2,2,55.5,0.0,74.9,126.4,347.2,55.5
2026-09-19 21:11:35,mfsweep_shard0,LRT_MMUR,42,4124.06,132,0,1,3468.6,3869.2,400.6,2,2,82.5,0.0,80.0,133.2,84.2,103.2
2026-09-19 21:11:35,mfsweep_shard0,LRT_MMUR,42,4124.06,133,0,1,3494.9,3718.9,224.0,2,2,84.8,0.0,37.5,66.7,35.0,84.8
2026-09-19 21:11:35,mfsweep_shard0,LRT_MMUR,42,4124.06,134,0,1,3521.2,3965.1,443.9,2,2,56.4,0.1,80.6,66.5,240.4,56.4
2026-09-19 21:11:35,mfsweep_shard0,LRT_MMUR,42,4124.06,135,0,1,3547.5,3924.1,376.7,2,2,69.6,0.1,120.4,75.9,110.8,69.6
2026-09-19 21:11:35,mfsweep_shard0,LRT_MMUR,42,4124.06,136,0,1,3573.7,4006.3,432.6,2,2,55.8,0.1,98.1,66.5,212.0,55.8
2026-09-19 21:16:41,mfsweep_shard0,LRT_MMUR,43,4818.36,0,0,1,0.0,203.3,203.3,2,2,74.6,0.0,56.1,72.5,0.0,74.6
2026-09-19 21:16:41,mfsweep_shard0,LRT_MMUR,43,4818.36,1,0,1,26.3,251.0,224.7,2,2,54.4,0.0,76.1,70.5,23.7,54.4
2026-09-19 21:16:41,mfsweep_shard0,LRT_MMUR,43,4818.36,2,0,1,52.6,265.8,213.2,2,2,62.6,0.0,80.5,70.1,0.0,62.6
2026-09-19 21:16:41,mfsweep_shard0,LRT_MMUR,43,4818.36,3,0,1,78.8,443.7,364.9,2,2,60.9,0.0,98.3,167.3,26.2,73.1
2026-09-19 21:16:41,mfsweep_shard0,LRT_MMUR,43,4818.36,4,0,1,105.1,304.0,198.9,2,2,77.8,0.0,51.9,69.1,0.0,77.8
2026-09-19 21:16:41,mfsweep_shard0,LRT_MMUR,43,4818.36,5,0,1,131.4,492.5,361.1,2,2,75.9,0.0,65.1,125.8,62.7,107.4
2026-09-19 21:16:41,mfsweep_shard0,LRT_MMUR,43,4818.36,6,0,1,157.7,420.5,262.9,2,2,83.0,0.0,28.0,151.8,0.0,83.0
2026-09-19 21:16:41,mfsweep_shard0,LRT_MMUR,43,4818.36,7,0,1,183.9,677.1,493.1,2,2,56.4,0.0,99.7,133.6,203.3,56.4
2026-09-19 21:16:41,mfsweep_shard0,LRT_MMUR,43,4818.36,8,0,1,210.2,577.5,367.3,2,2,67.5,0.0,89.3,146.9,63.6,67.5
2026-09-19 21:16:41,mfsweep_shard0,LRT_MMUR,43,4818.36,9,0,1,236.5,563.8,327.3,2,2,54.5,0.0,50.7,180.5,41.6,54.5
2026-09-19 21:16:41,mfsweep_shard0,LRT_MMUR,43,4818.36,10,0,1,262.8,611.2,348.4,2,2,60.8,0.0,59.2,81.0,147.4,60.8
2026-09-19 21:16:41,mfsweep_shard0,LRT_MMUR,43,4818.36,11,0,1,289.1,506.2,217.1,2,2,70.2,0.0,69.4,77.5,0.0,70.2
2026-09-19 21:16:41,mfsweep_shard0,LRT_MMUR,43,4818.36,12,0,1,315.3,597.3,281.9,2,2,54.4,0.0,100.8,111.6,15.1,54.4
2026-09-19 21:16:41,mfsweep_shard0,LRT_MMUR,43,4818.36,13,0,1,341.6,540.8,199.2,2,2,60.1,0.0,37.3,101.8,0.0,60.1
2026-09-19 21:16:41,mfsweep_shard0,LRT_MMUR,43,4818.36,14,0,1,367.9,635.1,267.2,2,2,75.0,0.0,72.2,98.1,21.9,75.0
2026-09-19 21:16:41,mfsweep_shard0,LRT_MMUR,43,4818.36,15,0,1,394.2,819.1,424.9,2,2,71.5,0.0,63.6,97.8,191.9,71.5
2026-09-19 21:16:41,mfsweep_shard0,LRT_MMUR,43,4818.36,16,0,1,420.4,860.1,439.7,2,2,60.8,0.0,33.9,69.5,275.5,60.8
2026-09-19 21:16:41,mfsweep_shard0,LRT_MMUR,43,4818.36,17,0,1,446.7,739.0,292.3,2,2,73.0,0.0,55.3,79.4,84.6,73.0
2026-09-19 21:16:41,mfsweep_shard0,LRT_MMUR,43,4818.36,18,0,1,473.0,720.2,247.2,2,2,80.3,0.0,55.5,83.0,28.4,80.3
2026-09-19 21:16:41,mfsweep_shard0,LRT_MMUR,43,4818.36,19,0,1,499.3,724.7,225.4,2,2,53.8,0.0,50.9,120.7,0.0,53.8
2026-09-19 21:16:41,mfsweep_shard0,LRT_MMUR,43,4818.36,20,0,1,525.6,791.1,265.6,2,2,80.1,0.0,53.4,119.7,12.3,80.1
2026-09-19 21:16:41,mfsweep_shard0,LRT_MMUR,43,4818.36,21,0,1,551.8,1018.5,466.7,2,2,76.6,0.0,61.2,158.0,150.8,96.6
2026-09-19 21:16:41,mfsweep_shard0,LRT_MMUR,43,4818.36,22,0,1,578.1,1457.7,879.6,2,2,64.8,0.1,95.2,141.5,565.6,77.3
2026-09-19 21:16:41,mfsweep_shard0,LRT_MMUR,43,4818.36,23,0,1,604.4,1679.5,1075.1,2,2,58.7,0.1,210.1,159.1,647.1,58.7
2026-09-19 21:16:41,mfsweep_shard0,LRT_MMUR,43,4818.36,24,0,1,630.7,867.9,237.2,2,2,85.1,0.0,59.3,62.9,29.8,85.1
2026-09-19 21:16:41,mfsweep_shard0,LRT_MMUR,43,4818.36,25,0,1,656.9,1485.6,828.7,2,2,64.7,0.1,99.9,129.4,534.6,64.7
2026-09-19 21:16:41,mfsweep_shard0,LRT_MMUR,43,4818.36,26,0,1,683.2,1712.9,1029.7,2,2,56.6,0.1,111.7,259.4,601.9,56.6
2026-09-19 21:16:41,mfsweep_shard0,LRT_MMUR,43,4818.36,27,0,1,709.5,916.5,207.0,2,2,56.7,0.0,54.7,95.6,0.0,56.7
2026-09-19 21:16:41,mfsweep_shard0,LRT_MMUR,43,4818.36,28,0,1,735.8,1013.8,278.0,2,2,81.5,0.0,71.5,110.9,14.0,81.5
2026-09-19 21:16:41,mfsweep_shard0,LRT_MMUR,43,4818.36,29,0,1,762.0,1240.6,478.5,2,2,73.5,0.0,112.5,143.5,149.0,73.5
2026-09-19 21:16:41,mfsweep_shard0,LRT_MMUR,43,4818.36,30,0,1,788.3,1097.2,308.8,2,2,80.2,0.0,68.2,114.1,46.3,80.2
2026-09-19 21:16:41,mfsweep_shard0,LRT_MMUR,43,4818.36,31,0,1,814.6,1155.8,341.2,2,2,77.6,0.0,103.2,83.3,77.0,77.6
2026-09-19 21:16:41,mfsweep_shard0,LRT_MMUR,43,4818.36,32,0,1,840.9,1069.1,228.3,2,2,71.2,0.0,52.2,104.8,0.0,71.2
2026-09-19 21:16:41,mfsweep_shard0,LRT_MMUR,43,4818.36,33,0,1,867.2,1146.9,279.8,2,2,85.7,0.0,66.3,99.8,27.9,85.7
2026-09-19 21:16:41,mfsweep_shard0,LRT_MMUR,43,4818.36,34,0,1,893.4,1295.1,401.7,2,2,66.0,0.0,69.9,123.5,142.2,66.0
2026-09-19 21:16:41,mfsweep_shard0,LRT_MMUR,43,4818.36,35,0,1,919.7,1211.0,291.3,2,2,71.8,0.0,67.6,104.5,47.3,71.8
2026-09-19 21:16:41,mfsweep_shard0,LRT_MMUR,43,4818.36,36,0,1,946.0,1245.4,299.4,2,2,80.9,0.0,68.0,108.5,42.0,80.9
2026-09-19 21:16:41,mfsweep_shard0,LRT_MMUR,43,4818.36,37,0,1,972.3,1163.9,191.6,2,2,74.0,0.0,44.0,73.6,0.0,74.0
2026-09-19 21:16:41,mfsweep_shard0,LRT_MMUR,43,4818.36,38,0,1,998.5,1313.1,314.5,2,2,82.0,0.0,80.0,94.6,57.9,82.0
2026-09-19 21:16:41,mfsweep_shard0,LRT_MMUR,43,4818.36,39,0,1,1024.8,1406.0,381.2,2,2,72.6,0.0,41.5,72.8,194.3,72.6
2026-09-19 21:16:41,mfsweep_shard0,LRT_MMUR,43,4818.36,40,0,1,1051.1,1353.0,301.9,2,2,76.8,0.0,30.1,88.7,106.2,76.8
2026-09-19 21:16:41,mfsweep_shard0,LRT_MMUR,43,4818.36,41,0,1,1077.4,1764.4,687.0,2,2,55.1,0.0,69.0,63.5,499.4,55.1
2026-09-19 21:16:41,mfsweep_shard0,LRT_MMUR,43,4818.36,42,0,1,1103.7,1590.6,486.9,2,2,61.1,0.0,75.3,85.1,265.5,61.1
2026-09-19 21:16:41,mfsweep_shard0,LRT_MMUR,43,4818.36,43,0,1,1129.9,1571.9,442.0,2,2,63.1,0.0,57.2,74.7,247.0,63.1
2026-09-19 21:16:41,mfsweep_shard0,LRT_MMUR,43,4818.36,44,0,1,1156.2,1717.7,561.5,2,2,56.2,0.0,74.9,88.2,342.2,56.2
2026-09-19 21:16:41,mfsweep_shard0,LRT_MMUR,43,4818.36,45,0,1,1182.5,1440.1,257.6,2,2,61.2,0.0,83.9,112.4,0.0,61.2
2026-09-19 21:16:41,mfsweep_shard0,LRT_MMUR,43,4818.36,46,0,1,1208.8,1471.6,262.9,2,2,56.9,0.0,80.5,125.4,0.0,56.9
2026-09-19 21:16:41,mfsweep_shard0,LRT_MMUR,43,4818.36,47,0,1,1235.0,1952.6,717.6,2,2,62.7,0.0,76.9,195.9,382.0,62.7
2026-09-19 21:16:41,mfsweep_shard0,LRT_MMUR,43,4818.36,48,0,1,1261.3,1606.3,345.0,2,2,74.5,0.0,72.4,140.2,57.8,74.5
2026-09-19 21:16:41,mfsweep_shard0,LRT_MMUR,43,4818.36,49,0,1,1287.6,1931.5,643.9,2,2,65.6,0.0,101.6,188.7,243.2,110.4
2026-09-19 21:16:41,mfsweep_shard0,LRT_MMUR,43,4818.36,50,0,1,1313.9,1494.8,180.9,2,2,65.8,0.0,21.3,73.0,20.9,65.8
2026-09-19 21:16:41,mfsweep_shard0,LRT_MMUR,43,4818.36,51,0,1,1340.2,2019.1,678.9,2,2,60.5,0.1,139.8,135.0,343.7,60.5
2026-09-19 21:16:41,mfsweep_shard0,LRT_MMUR,43,4818.36,52,0,1,1366.4,1567.1,200.7,2,2,62.4,0.0,36.9,101.3,0.0,62.4
2026-09-19 21:16:41,mfsweep_shard0,LRT_MMUR,43,4818.36,53,0,1,1392.7,1670.0,277.3,2,2,84.5,0.0,39.0,111.0,42.9,84.5
2026-09-19 21:16:41,mfsweep_shard0,LRT_MMUR,43,4818.36,54,0,1,1419.0,1660.5,241.5,2,2,74.9,0.0,60.5,106.0,0.0,74.9
2026-09-19 21:16:41,mfsweep_shard0,LRT_MMUR,43,4818.36,55,0,1,1445.3,1807.9,362.6,2,2,73.6,0.0,55.1,111.0,122.8,73.6
2026-09-19 21:16:41,mfsweep_shard0,LRT_MMUR,43,4818.36,56,0,1,1471.5,2042.5,571.0,2,2,59.2,0.0,25.0,105.8,380.9,59.2
2026-09-19 21:16:41,mfsweep_shard0,LRT_MMUR,43,4818.36,57,0,1,1497.8,1771.9,274.1,2,2,77.6,0.0,69.3,99.5,27.7,77.6
2026-09-19 21:16:41,mfsweep_shard0,LRT_MMUR,43,4818.36,58,0,1,1524.1,2105.9,581.8,2,2,58.9,0.0,45.6,71.6,405.6,58.9
2026-09-19 21:16:41,mfsweep_shard0,LRT_MMUR,43,4818.36,59,0,1,1550.4,1869.0,318.6,2,2,66.1,0.0,40.3,81.8,130.4,66.1
2026-09-19 21:16:41,mfsweep_shard0,LRT_MMUR,43,4818.36,60,0,1,1576.6,1817.3,240.7,2,2,86.2,0.0,44.9,109.6,0.0,86.2
2026-09-19 21:16:41,mfsweep_shard0,LRT_MMUR,43,4818.36,61,0,1,1602.9,2069.9,466.9,2,2,74.7,0.0,46.8,105.4,240.0,74.7
2026-09-19 21:16:41,mfsweep_shard0,LRT_MMUR,43,4818.36,62,0,1,1629.2,2339.7,710.5,2,2,71.9,0.0,40.2,125.2,473.2,71.9
2026-09-19 21:16:41,mfsweep_shard0,LRT_MMUR,43,4818.36,63,0,1,1655.5,2023.8,368.3,2,2,76.1,0.0,52.4,74.6,165.1,76.1
2026-09-19 21:16:41,mfsweep_shard0,LRT_MMUR,43,4818.36,64,0,1,1681.8,1908.9,227.1,2,2,81.4,0.0,55.8,70.0,20.0,81.4
2026-09-19 21:16:41,mfsweep_shard0,LRT_MMUR,43,4818.36,65,0,1,1708.0,1947.8,239.8,2,2,79.2,0.0,58.4,82.7,19.5,79.2
2026-09-19 21:16:41,mfsweep_shard0,LRT_MMUR,43,4818.36,66,0,1,1734.3,3600.9,1866.6,2,2,61.1,0.0,144.9,188.8,1471.7,61.1
2026-09-19 21:16:41,mfsweep_shard0,LRT_MMUR,43,4818.36,67,0,1,1760.6,3906.8,2146.2,2,2,54.6,44.2,220.4,188.3,1638.7,54.6
2026-09-19 21:16:41,mfsweep_shard0,LRT_MMUR,43,4818.36,68,0,1,1786.9,3438.0,1651.2,2,2,64.0,0.2,180.6,204.2,1163.0,103.1
2026-09-19 21:16:41,mfsweep_shard0,LRT_MMUR,43,4818.36,69,0,1,1813.1,3515.6,1702.4,2,2,62.4,0.2,176.8,195.8,1267.2,62.4
2026-09-19 21:16:41,mfsweep_shard0,LRT_MMUR,43,4818.36,70,0,1,1839.4,3678.6,1839.2,2,2,60.5,0.3,274.1,188.9,1315.4,60.5
2026-09-19 21:16:41,mfsweep_shard0,LRT_MMUR,43,4818.36,71,0,1,1865.7,2138.1,272.4,2,2,84.7,0.0,59.5,78.5,49.6,84.7
2026-09-19 21:16:41,mfsweep_shard0,LRT_MMUR,43,4818.36,72,0,1,1892.0,2223.9,331.9,2,2,82.5,0.0,48.5,116.1,84.9,82.5
2026-09-19 21:16:41,mfsweep_shard0,LRT_MMUR,43,4818.36,73,0,1,1918.3,3465.7,1547.5,2,2,63.9,0.3,198.5,239.4,1045.3,63.9
2026-09-19 21:16:41,mfsweep_shard0,LRT_MMUR,43,4818.36,74,0,1,1944.5,2283.7,339.1,2,2,75.2,0.0,31.5,125.4,107.0,75.2
2026-09-19 21:16:41,mfsweep_shard0,LRT_MMUR,43,4818.36,75,0,1,1970.8,2439.4,468.6,2,2,66.6,0.0,37.7,114.5,249.8,66.6
2026-09-19 21:16:41,mfsweep_shard0,LRT_MMUR,43,4818.36,76,0,1,1997.1,2233.4,236.3,2,2,83.7,0.0,63.1,89.4,0.0,83.7
2026-09-19 21:16:41,mfsweep_shard0,LRT_MMUR,43,4818.36,77,0,1,2023.4,2404.7,381.3,2,2,68.7,0.0,52.0,69.2,191.4,68.7
2026-09-19 21:16:41,mfsweep_shard0,LRT_MMUR,43,4818.36,78,0,1,2049.6,2279.2,229.6,2,2,62.3,0.0,83.4,72.4,11.5,62.3
2026-09-19 21:16:41,mfsweep_shard0,LRT_MMUR,43,4818.36,79,0,1,2075.9,2409.3,333.4,2,2,61.7,0.0,51.4,71.8,148.5,61.7
2026-09-19 21:16:41,mfsweep_shard0,LRT_MMUR,43,4818.36,80,0,1,2102.2,2351.7,249.5,2,2,72.1,0.0,63.5,102.0,11.9,72.1
2026-09-19 21:16:41,mfsweep_shard0,LRT_MMUR,43,4818.36,81,0,1,2128.5,2379.6,251.1,2,2,62.2,0.0,75.0,64.3,49.7,62.2
2026-09-19 21:16:41,mfsweep_shard0,LRT_MMUR,43,4818.36,82,0,1,2154.7,2570.1,415.4,2,2,72.8,0.0,62.1,130.7,149.7,72.8
2026-09-19 21:16:41,mfsweep_shard0,LRT_MMUR,43,4818.36,83,0,1,2181.0,2457.3,276.3,2,2,83.2,0.0,46.5,131.8,14.8,83.2
2026-09-19 21:16:41,mfsweep_shard0,LRT_MMUR,43,4818.36,84,0,1,2207.3,2395.1,187.8,2,2,66.7,0.0,48.7,72.4,0.0,66.7
2026-09-19 21:16:41,mfsweep_shard0,LRT_MMUR,43,4818.36,85,0,1,2233.6,3637.4,1403.8,2,2,60.8,0.3,178.4,150.2,1014.2,60.8
2026-09-19 21:16:41,mfsweep_shard0,LRT_MMUR,43,4818.36,86,0,1,2259.9,2548.4,288.6,2,2,86.5,0.0,61.4,115.2,25.5,86.5
2026-09-19 21:16:41,mfsweep_shard0,LRT_MMUR,43,4818.36,87,0,1,2286.1,3239.4,953.3,2,2,70.4,0.3,195.7,154.1,483.3,119.8
2026-09-19 21:16:41,mfsweep_shard0,LRT_MMUR,43,4818.36,88,0,1,2312.4,3803.3,1490.9,2,2,56.5,0.3,229.6,144.2,1060.1,56.5
2026-09-19 21:16:41,mfsweep_shard0,LRT_MMUR,43,4818.36,89,0,1,2338.7,4577.7,2239.0,2,2,55.1,44.5,280.4,151.0,1708.1,55.1
2026-09-19 21:16:41,mfsweep_shard0,LRT_MMUR,43,4818.36,90,0,1,2365.0,3761.9,1396.9,2,2,57.2,0.4,244.9,148.4,946.0,57.2
2026-09-19 21:16:41,mfsweep_shard0,LRT_MMUR,43,4818.36,91,0,1,2391.2,2647.0,255.7,2,2,74.3,0.0,75.1,76.8,29.5,74.3
2026-09-19 21:16:41,mfsweep_shard0,LRT_MMUR,43,4818.36,92,0,1,2417.5,2640.6,223.0,2,2,79.7,0.0,67.1,76.3,0.0,79.7
2026-09-19 21:16:41,mfsweep_shard0,LRT_MMUR,43,4818.36,93,0,1,2443.8,2701.8,258.0,2,2,67.5,0.0,66.0,98.5,25.9,67.5
2026-09-19 21:16:41,mfsweep_shard0,LRT_MMUR,43,4818.36,94,0,1,2470.1,4497.2,2027.1,2,2,55.6,44.4,214.3,126.4,1575.0,67.0
2026-09-19 21:16:41,mfsweep_shard0,LRT_MMUR,43,4818.36,95,0,1,2496.4,3391.8,895.4,2,2,66.1,0.3,148.8,175.6,504.6,66.1
2026-09-19 21:16:41,mfsweep_shard0,LRT_MMUR,43,4818.36,96,0,1,2522.6,2743.0,220.3,2,2,86.4,0.0,38.0,84.3,11.7,86.4
2026-09-19 21:16:41,mfsweep_shard0,LRT_MMUR,43,4818.36,97,0,1,2548.9,3176.8,627.9,2,2,71.0,0.3,138.8,121.6,295.8,71.4
2026-09-19 21:16:41,mfsweep_shard0,LRT_MMUR,43,4818.36,98,0,1,2575.2,2791.4,216.2,2,2,85.6,0.0,36.2,90.1,4.3,85.6
2026-09-19 21:16:41,mfsweep_shard0,LRT_MMUR,43,4818.36,99,0,1,2601.5,2879.8,278.3,2,2,82.0,0.0,40.5,75.7,80.1,82.0
2026-09-19 21:16:41,mfsweep_shard0,LRT_MMUR,43,4818.36,100,0,1,2627.7,4741.7,2113.9,2,2,53.9,94.9,361.6,152.3,1451.3,53.9
2026-09-19 21:16:41,mfsweep_shard0,LRT_MMUR,43,4818.36,101,0,1,2654.0,2970.1,316.1,2,2,77.3,0.0,144.8,93.9,0.0,77.3
2026-09-19 21:16:41,mfsweep_shard0,LRT_MMUR,43,4818.36,102,0,1,2680.3,2994.3,314.0,2,2,76.0,0.0,129.5,83.7,24.7,76.0
2026-09-19 21:16:41,mfsweep_shard0,LRT_MMUR,43,4818.36,103,0,1,2706.6,3067.5,361.0,2,2,71.3,0.0,71.4,102.4,115.9,71.3
2026-09-19 21:16:41,mfsweep_shard0,LRT_MMUR,43,4818.36,104,0,1,2732.9,3567.9,835.0,2,2,62.4,0.0,79.6,107.1,585.9,62.4
2026-09-19 21:16:41,mfsweep_shard0,LRT_MMUR,43,4818.36,105,0,1,2759.1,3159.2,400.1,2,2,74.7,0.0,151.2,140.4,33.7,74.7
2026-09-19 21:16:41,mfsweep_shard0,LRT_MMUR,43,4818.36,106,0,1,2785.4,3716.7,931.3,2,2,57.2,0.0,141.1,104.0,629.0,57.2
2026-09-19 21:16:41,mfsweep_shard0,LRT_MMUR,43,4818.36,107,0,1,2811.7,3326.1,514.5,2,2,67.9,0.0,206.6,123.1,116.9,67.9
2026-09-19 21:16:41,mfsweep_shard0,LRT_MMUR,43,4818.36,108,0,1,2838.0,3984.5,1146.6,2,2,68.5,44.2,259.7,166.3,580.7,95.7
2026-09-19 21:16:41,mfsweep_shard0,LRT_MMUR,43,4818.36,109,0,1,2864.2,3287.5,423.3,2,2,85.0,0.0,190.1,148.2,0.0,85.0
2026-09-19 21:16:41,mfsweep_shard0,LRT_MMUR,43,4818.36,110,0,1,2890.5,3416.0,525.5,2,2,82.4,0.0,139.5,159.9,143.7,82.4
2026-09-19 21:16:41,mfsweep_shard0,LRT_MMUR,43,4818.36,111,0,1,2916.8,4286.8,1370.0,2,2,62.2,44.2,272.0,125.9,865.6,62.2
2026-09-19 21:16:41,mfsweep_shard0,LRT_MMUR,43,4818.36,112,0,1,2943.1,3736.8,793.7,2,2,70.1,0.0,102.2,112.3,509.1,70.1
2026-09-19 21:16:41,mfsweep_shard0,LRT_MMUR,43,4818.36,113,0,1,2969.3,4330.9,1361.5,2,2,59.4,44.3,222.2,137.4,898.2,59.4
2026-09-19 21:16:41,mfsweep_shard0,LRT_MMUR,43,4818.36,114,0,1,2995.6,3340.9,345.3,2,2,83.7,0.0,72.4,152.6,36.6,83.7
2026-09-19 21:16:41,mfsweep_shard0,LRT_MMUR,43,4818.36,115,0,1,3021.9,3490.6,468.7,2,2,82.3,0.0,109.9,153.4,123.1,82.3
2026-09-19 21:16:41,mfsweep_shard0,LRT_MMUR,43,4818.36,116,0,1,3048.2,4239.2,1191.0,2,2,63.4,44.3,180.1,72.2,831.0,63.4
2026-09-19 21:16:41,mfsweep_shard0,LRT_MMUR,43,4818.36,117,0,1,3074.5,3596.2,521.7,2,2,74.6,0.0,44.4,134.2,259.5,83.6
2026-09-19 21:16:41,mfsweep_shard0,LRT_MMUR,43,4818.36,118,0,1,3100.7,3651.4,550.7,2,2,73.6,0.0,109.6,78.9,288.5,73.6
2026-09-19 21:16:41,mfsweep_shard0,LRT_MMUR,43,4818.36,119,0,1,3127.0,4374.8,1247.8,2,2,58.6,44.4,194.5,75.9,874.5,58.6
2026-09-19 21:16:41,mfsweep_shard0,LRT_MMUR,43,4818.36,120,0,1,3153.3,3541.4,388.1,2,2,78.7,0.0,67.3,122.6,119.5,78.7
2026-09-19 21:16:41,mfsweep_shard0,LRT_MMUR,43,4818.36,121,0,1,3179.6,3687.9,508.4,2,2,71.3,0.0,45.2,73.9,318.0,71.3
2026-09-19 21:16:41,mfsweep_shard0,LRT_MMUR,43,4818.36,122,0,1,3205.8,3442.7,236.9,2,2,79.2,0.0,48.3,109.3,0.0,79.2
2026-09-19 21:16:41,mfsweep_shard0,LRT_MMUR,43,4818.36,123,0,1,3232.1,3486.1,253.9,2,2,71.0,0.0,43.5,94.4,44.9,71.0
2026-09-19 21:16:41,mfsweep_shard0,LRT_MMUR,43,4818.36,124,0,1,3258.4,4818.4,1560.0,2,2,53.6,94.7,142.1,170.8,1098.8,53.6
2026-09-19 21:16:41,mfsweep_shard0,LRT_MMUR,43,4818.36,125,0,1,3284.7,4026.1,741.4,2,2,64.2,44.4,103.4,142.4,386.9,64.2
2026-09-19 21:16:41,mfsweep_shard0,LRT_MMUR,43,4818.36,126,0,1,3311.0,4779.4,1468.5,2,2,54.2,94.8,156.5,147.9,987.8,81.5
2026-09-19 21:16:41,mfsweep_shard0,LRT_MMUR,43,4818.36,127,0,1,3337.2,3555.9,218.7,2,2,84.2,0.0,45.7,85.1,3.7,84.2
2026-09-19 21:16:41,mfsweep_shard0,LRT_MMUR,43,4818.36,128,0,1,3363.5,3646.9,283.4,2,2,82.5,0.0,50.0,107.2,43.7,82.5
2026-09-19 21:16:41,mfsweep_shard0,LRT_MMUR,43,4818.36,129,0,1,3389.8,4088.0,698.2,2,2,81.0,44.5,133.1,124.7,277.4,118.5
2026-09-19 21:16:41,mfsweep_shard0,LRT_MMUR,43,4818.36,130,0,1,3416.1,4191.2,775.2,2,2,63.7,44.5,135.6,129.7,401.7,63.7
2026-09-19 21:16:41,mfsweep_shard0,LRT_MMUR,43,4818.36,131,0,1,3442.3,4538.0,1095.7,2,2,55.5,44.6,147.4,138.3,709.9,55.5
2026-09-19 21:16:41,mfsweep_shard0,LRT_MMUR,43,4818.36,132,0,1,3468.6,3692.8,224.2,2,2,82.5,0.0,40.4,90.5,10.7,82.5
2026-09-19 21:16:41,mfsweep_shard0,LRT_MMUR,43,4818.36,133,0,1,3494.9,3790.0,295.1,2,2,84.8,0.0,59.8,96.8,53.6,84.8
2026-09-19 21:16:41,mfsweep_shard0,LRT_MMUR,43,4818.36,134,0,1,3521.2,4415.8,894.6,2,2,56.4,44.6,157.1,120.8,515.7,56.4
2026-09-19 21:16:41,mfsweep_shard0,LRT_MMUR,43,4818.36,135,0,1,3547.5,4142.2,594.7,2,2,69.6,44.6,178.2,116.6,185.7,69.6
2026-09-19 21:16:41,mfsweep_shard0,LRT_MMUR,43,4818.36,136,0,1,3573.7,4457.0,883.2,2,2,55.8,44.7,174.7,118.2,489.8,55.8
2026-09-19 21:21:23,mfsweep_shard0,LRT_MMUR,44,4399.42,0,0,1,0.0,205.3,205.3,2,2,74.6,0.0,58.3,72.3,0.0,74.6
2026-09-19 21:21:23,mfsweep_shard0,LRT_MMUR,44,4399.42,1,0,1,26.3,225.4,199.2,2,2,54.4,0.0,43.8,68.9,32.0,54.4
2026-09-19 21:21:23,mfsweep_shard0,LRT_MMUR,44,4399.42,2,0,1,52.6,271.3,218.7,2,2,62.6,0.0,45.1,111.0,0.0,62.6
2026-09-19 21:21:23,mfsweep_shard0,LRT_MMUR,44,4399.42,3,0,1,78.8,331.0,252.2,2,2,60.9,0.0,41.5,143.2,6.5,60.9
2026-09-19 21:21:23,mfsweep_shard0,LRT_MMUR,44,4399.42,4,0,1,105.1,460.5,355.4,2,2,77.8,0.0,67.5,122.5,31.1,134.2
2026-09-19 21:21:23,mfsweep_shard0,LRT_MMUR,44,4399.42,5,0,1,131.4,552.1,420.7,2,2,75.9,0.0,92.4,124.2,128.3,75.9
2026-09-19 21:21:23,mfsweep_shard0,LRT_MMUR,44,4399.42,6,0,1,157.7,414.3,256.6,2,2,83.0,0.0,73.4,100.2,0.0,83.0
2026-09-19 21:21:23,mfsweep_shard0,LRT_MMUR,44,4399.42,7,0,1,183.9,1114.9,930.9,2,2,56.4,0.0,108.4,107.9,628.6,86.0
2026-09-19 21:21:23,mfsweep_shard0,LRT_MMUR,44,4399.42,8,0,1,210.2,583.9,373.7,2,2,67.5,0.0,60.2,86.3,159.7,67.5
2026-09-19 21:21:23,mfsweep_shard0,LRT_MMUR,44,4399.42,9,0,1,236.5,1159.1,922.6,2,2,54.5,0.1,76.1,109.8,682.2,54.5
2026-09-19 21:21:23,mfsweep_shard0,LRT_MMUR,44,4399.42,10,0,1,262.8,1021.7,758.9,2,2,60.8,0.1,95.4,160.3,426.6,76.6
2026-09-19 21:21:23,mfsweep_shard0,LRT_MMUR,44,4399.42,11,0,1,289.1,547.7,258.6,2,2,70.2,0.0,59.1,104.0,25.3,70.2
2026-09-19 21:21:23,mfsweep_shard0,LRT_MMUR,44,4399.42,12,0,1,315.3,488.8,173.5,2,2,54.4,0.0,41.6,77.5,0.0,54.4
2026-09-19 21:21:23,mfsweep_shard0,LRT_MMUR,44,4399.42,13,0,1,341.6,1083.6,741.9,2,2,60.1,0.0,107.0,148.9,425.9,60.1
2026-09-19 21:21:23,mfsweep_shard0,LRT_MMUR,44,4399.42,14,0,1,367.9,735.6,367.7,2,2,75.0,0.1,83.5,123.1,38.4,122.7
2026-09-19 21:21:23,mfsweep_shard0,LRT_MMUR,44,4399.42,15,0,1,394.2,924.4,530.2,2,2,71.5,0.1,104.7,116.6,237.4,71.5
2026-09-19 21:21:23,mfsweep_shard0,LRT_MMUR,44,4399.42,16,0,1,420.4,970.1,549.6,2,2,60.8,0.1,117.7,114.2,256.9,60.8
2026-09-19 21:21:23,mfsweep_shard0,LRT_MMUR,44,4399.42,17,0,1,446.7,866.4,419.7,2,2,73.0,0.1,143.5,103.6,99.5,73.0
2026-09-19 21:21:23,mfsweep_shard0,LRT_MMUR,44,4399.42,18,0,1,473.0,705.9,232.9,2,2,80.3,0.0,89.8,62.8,0.0,80.3
2026-09-19 21:21:23,mfsweep_shard0,LRT_MMUR,44,4399.42,19,0,1,499.3,1167.8,668.5,2,2,53.8,0.0,49.8,79.0,485.9,53.8
2026-09-19 21:21:23,mfsweep_shard0,LRT_MMUR,44,4399.42,20,0,1,525.6,802.3,276.7,2,2,80.1,0.0,78.5,67.7,50.4,80.1
2026-09-19 21:21:23,mfsweep_shard0,LRT_MMUR,44,4399.42,21,0,1,551.8,776.9,225.1,2,2,76.6,0.0,66.1,82.4,0.0,76.6
2026-09-19 21:21:23,mfsweep_shard0,LRT_MMUR,44,4399.42,22,0,1,578.1,831.9,253.8,2,2,64.8,0.0,90.1,74.9,24.0,64.8
2026-09-19 21:21:23,mfsweep_shard0,LRT_MMUR,44,4399.42,23,0,1,604.4,2673.2,2068.8,2,2,58.7,0.0,295.5,288.6,1426.0,58.7
2026-09-19 21:21:23,mfsweep_shard0,LRT_MMUR,44,4399.42,24,0,1,630.7,905.9,275.2,2,2,85.1,0.0,46.8,115.7,27.6,85.1
2026-09-19 21:21:23,mfsweep_shard0,LRT_MMUR,44,4399.42,25,0,1,656.9,2714.7,2057.8,2,2,64.7,0.1,253.6,308.7,1425.9,69.5
2026-09-19 21:21:23,mfsweep_shard0,LRT_MMUR,44,4399.42,26,0,1,683.2,4280.2,3597.0,2,2,56.6,0.3,364.4,303.7,2872.0,56.6
2026-09-19 21:21:23,mfsweep_shard0,LRT_MMUR,44,4399.42,27,0,1,709.5,4238.2,3528.7,2,2,56.7,0.4,401.2,286.6,2783.9,56.7
2026-09-19 21:21:23,mfsweep_shard0,LRT_MMUR,44,4399.42,28,0,1,735.8,943.0,207.3,2,2,81.5,0.0,53.8,70.3,1.7,81.5
2026-09-19 21:21:23,mfsweep_shard0,LRT_MMUR,44,4399.42,29,0,1,762.0,1088.4,326.3,2,2,73.5,0.0,66.4,74.4,112.0,73.5
2026-09-19 21:21:23,mfsweep_shard0,LRT_MMUR,44,4399.42,30,0,1,788.3,1039.0,250.6,2,2,80.2,0.0,84.3,66.6,19.5,80.2
2026-09-19 21:21:23,mfsweep_shard0,LRT_MMUR,44,4399.42,31,0,1,814.6,1052.7,238.1,2,2,77.6,0.0,34.3,126.2,0.0,77.6
2026-09-19 21:21:23,mfsweep_shard0,LRT_MMUR,44,4399.42,32,0,1,840.9,1585.6,744.7,2,2,71.2,0.1,74.8,152.5,423.4,94.0
2026-09-19 21:21:23,mfsweep_shard0,LRT_MMUR,44,4399.42,33,0,1,867.2,1235.0,367.9,2,2,85.7,0.0,73.7,168.9,39.6,85.7
2026-09-19 21:21:23,mfsweep_shard0,LRT_MMUR,44,4399.42,34,0,1,893.4,1667.9,774.5,2,2,66.0,0.1,215.4,118.1,374.9,66.0
2026-09-19 21:21:23,mfsweep_shard0,LRT_MMUR,44,4399.42,35,0,1,919.7,1106.1,186.4,2,2,71.8,0.0,39.1,70.2,5.3,71.8
2026-09-19 21:21:23,mfsweep_shard0,LRT_MMUR,44,4399.42,36,0,1,946.0,1317.9,371.9,2,2,80.9,0.0,96.1,80.1,114.8,80.9
2026-09-19 21:21:23,mfsweep_shard0,LRT_MMUR,44,4399.42,37,0,1,972.3,1376.0,403.8,2,2,74.0,0.0,50.3,78.5,201.0,74.0
2026-09-19 21:21:23,mfsweep_shard0,LRT_MMUR,44,4399.42,38,0,1,998.5,1259.5,260.9,2,2,82.0,0.0,22.8,101.9,54.2,82.0
2026-09-19 21:21:23,mfsweep_shard0,LRT_MMUR,44,4399.42,39,0,1,1024.8,1454.4,429.6,2,2,72.6,0.0,101.4,174.1,68.1,85.9
2026-09-19 21:21:23,mfsweep_shard0,LRT_MMUR,44,4399.42,40,0,1,1051.1,1390.6,339.5,2,2,76.8,0.0,81.6,140.7,40.3,76.8
2026-09-19 21:21:23,mfsweep_shard0,LRT_MMUR,44,4399.42,41,0,1,1077.4,1303.8,226.4,2,2,55.1,0.0,67.6,103.7,0.0,55.1
2026-09-19 21:21:23,mfsweep_shard0,LRT_MMUR,44,4399.42,42,0,1,1103.7,1333.3,229.6,2,2,61.1,0.0,38.4,103.5,26.6,61.1
2026-09-19 21:21:23,mfsweep_shard0,LRT_MMUR,44,4399.42,43,0,1,1129.9,1509.7,379.8,2,2,63.1,0.0,68.0,119.7,129.0,63.1
2026-09-19 21:21:23,mfsweep_shard0,LRT_MMUR,44,4399.42,44,0,1,1156.2,2074.2,918.0,2,2,56.2,0.1,137.5,188.0,513.5,79.0
2026-09-19 21:21:23,mfsweep_shard0,LRT_MMUR,44,4399.42,45,0,1,1182.5,1527.1,344.6,2,2,61.2,0.0,42.3,82.7,158.3,61.2
2026-09-19 21:21:23,mfsweep_shard0,LRT_MMUR,44,4399.42,46,0,1,1208.8,1581.3,372.5,2,2,56.9,0.0,41.5,89.7,184.4,56.9
2026-09-19 21:21:23,mfsweep_shard0,LRT_MMUR,44,4399.42,47,0,1,1235.0,3738.3,2503.3,2,2,62.7,0.4,328.0,280.8,1831.2,62.7
2026-09-19 21:21:23,mfsweep_shard0,LRT_MMUR,44,4399.42,48,0,1,1261.3,1550.2,288.9,2,2,74.5,0.0,52.2,147.7,14.6,74.5
2026-09-19 21:21:23,mfsweep_shard0,LRT_MMUR,44,4399.42,49,0,1,1287.6,1476.1,188.5,2,2,65.6,0.0,33.3,89.6,0.0,65.6
2026-09-19 21:21:23,mfsweep_shard0,LRT_MMUR,44,4399.42,50,0,1,1313.9,1699.8,385.9,2,2,65.8,0.0,96.1,72.4,151.6,65.8
2026-09-19 21:21:23,mfsweep_shard0,LRT_MMUR,44,4399.42,51,0,1,1340.2,2125.3,785.1,2,2,60.5,0.1,127.9,156.0,440.6,60.5
2026-09-19 21:21:23,mfsweep_shard0,LRT_MMUR,44,4399.42,52,0,1,1366.4,1564.3,197.9,2,2,62.4,0.0,40.3,95.2,0.0,62.4
2026-09-19 21:21:23,mfsweep_shard0,LRT_MMUR,44,4399.42,53,0,1,1392.7,1733.8,341.1,2,2,84.5,0.0,39.5,142.8,40.9,117.9
2026-09-19 21:21:23,mfsweep_shard0,LRT_MMUR,44,4399.42,54,0,1,1419.0,1868.5,449.5,2,2,74.9,0.1,39.8,193.4,141.4,74.9
2026-09-19 21:21:23,mfsweep_shard0,LRT_MMUR,44,4399.42,55,0,1,1445.3,2198.2,752.9,2,2,73.6,0.3,244.1,153.6,237.7,117.3
2026-09-19 21:21:23,mfsweep_shard0,LRT_MMUR,44,4399.42,56,0,1,1471.5,2175.8,704.3,2,2,59.2,0.2,199.4,201.7,243.7,59.2
2026-09-19 21:21:23,mfsweep_shard0,LRT_MMUR,44,4399.42,57,0,1,1497.8,1830.2,332.4,2,2,77.6,0.0,78.1,123.2,53.5,77.6
2026-09-19 21:21:23,mfsweep_shard0,LRT_MMUR,44,4399.42,58,0,1,1524.1,2210.7,686.6,2,2,58.9,0.2,160.2,130.7,336.6,58.9
2026-09-19 21:21:23,mfsweep_shard0,LRT_MMUR,44,4399.42,59,0,1,1550.4,1786.5,236.1,2,2,66.1,0.0,38.6,127.2,4.2,66.1
2026-09-19 21:21:23,mfsweep_shard0,LRT_MMUR,44,4399.42,60,0,1,1576.6,1882.6,305.9,2,2,86.2,0.0,68.3,130.9,20.5,86.2
2026-09-19 21:21:23,mfsweep_shard0,LRT_MMUR,44,4399.42,61,0,1,1602.9,2130.1,527.2,2,2,74.7,0.0,82.8,113.5,256.2,74.7
2026-09-19 21:21:23,mfsweep_shard0,LRT_MMUR,44,4399.42,62,0,1,1629.2,2372.0,742.8,2,2,71.9,0.1,127.6,115.2,392.8,107.1
2026-09-19 21:21:23,mfsweep_shard0,LRT_MMUR,44,4399.42,63,0,1,1655.5,2035.3,379.9,2,2,76.1,0.0,43.7,67.1,192.9,76.1
2026-09-19 21:21:23,mfsweep_shard0,LRT_MMUR,44,4399.42,64,0,1,1681.8,1995.8,314.0,2,2,81.4,0.0,126.6,93.6,12.4,81.4
2026-09-19 21:21:23,mfsweep_shard0,LRT_MMUR,44,4399.42,65,0,1,1708.0,2056.9,348.8,2,2,79.2,0.0,96.9,71.3,101.5,79.2
2026-09-19 21:21:23,mfsweep_shard0,LRT_MMUR,44,4399.42,66,0,1,1734.3,4065.8,2331.5,2,2,61.1,0.3,248.3,163.3,1858.5,61.1
2026-09-19 21:21:23,mfsweep_shard0,LRT_MMUR,44,4399.42,67,0,1,1760.6,1955.3,194.7,2,2,54.6,0.0,61.1,73.4,5.6,54.6
2026-09-19 21:21:23,mfsweep_shard0,LRT_MMUR,44,4399.42,68,0,1,1786.9,3033.0,1246.2,2,2,64.0,0.4,339.9,194.5,599.7,111.6
2026-09-19 21:21:23,mfsweep_shard0,LRT_MMUR,44,4399.42,69,0,1,1813.1,3788.5,1975.3,2,2,62.4,0.6,459.8,203.5,1249.1,62.4
2026-09-19 21:21:23,mfsweep_shard0,LRT_MMUR,44,4399.42,70,0,1,1839.4,4113.6,2274.2,2,2,60.5,0.6,410.3,200.4,1602.3,60.5
2026-09-19 21:21:23,mfsweep_shard0,LRT_MMUR,44,4399.42,71,0,1,1865.7,2455.4,589.7,2,2,84.7,0.2,301.4,149.0,54.4,84.7
2026-09-19 21:21:23,mfsweep_shard0,LRT_MMUR,44,4399.42,72,0,1,1892.0,2797.2,905.2,2,2,82.5,0.4,389.4,210.6,201.2,103.6
2026-09-19 21:21:23,mfsweep_shard0,LRT_MMUR,44,4399.42,73,0,1,1918.3,3696.4,1778.1,2,2,63.9,0.6,452.6,187.3,1033.8,103.8
2026-09-19 21:21:23,mfsweep_shard0,LRT_MMUR,44,4399.42,74,0,1,1944.5,2288.5,343.9,2,2,75.2,0.0,193.0,75.8,0.0,75.2
2026-09-19 21:21:23,mfsweep_shard0,LRT_MMUR,44,4399.42,75,0,1,1970.8,2293.2,322.4,2,2,66.6,0.0,144.1,69.8,41.9,66.6
2026-09-19 21:21:23,mfsweep_shard0,LRT_MMUR,44,4399.42,76,0,1,1997.1,2526.0,529.0,2,2,83.7,0.0,265.8,95.5,82.4,85.2
2026-09-19 21:21:23,mfsweep_shard0,LRT_MMUR,44,4399.42,77,0,1,2023.4,2354.8,331.4,2,2,68.7,0.0,141.3,78.8,42.5,68.7
2026-09-19 21:21:23,mfsweep_shard0,LRT_MMUR,44,4399.42,78,0,1,2049.6,3888.8,1839.1,2,2,62.3,0.4,407.4,164.3,1204.7,62.3
2026-09-19 21:21:23,mfsweep_shard0,LRT_MMUR,44,4399.42,79,0,1,2075.9,4018.7,1942.8,2,2,61.7,0.4,463.6,152.6,1264.5,61.7
2026-09-19 21:21:23,mfsweep_shard0,LRT_MMUR,44,4399.42,80,0,1,2102.2,2982.9,880.7,2,2,72.1,0.3,293.8,175.0,339.6,72.1
2026-09-19 21:21:23,mfsweep_shard0,LRT_MMUR,44,4399.42,81,0,1,2128.5,3972.6,1844.1,2,2,62.2,0.5,402.5,155.5,1223.4,62.2
2026-09-19 21:21:23,mfsweep_shard0,LRT_MMUR,44,4399.42,82,0,1,2154.7,2841.1,686.4,2,2,72.8,0.3,338.6,186.2,88.4,72.8
2026-09-19 21:21:23,mfsweep_shard0,LRT_MMUR,44,4399.42,83,0,1,2181.0,2691.8,510.8,2,2,83.2,0.0,353.7,73.8,0.0,83.2
2026-09-19 21:21:23,mfsweep_shard0,LRT_MMUR,44,4399.42,84,0,1,2207.3,2647.1,439.8,2,2,66.7,0.0,200.5,135.4,37.2,66.7
2026-09-19 21:21:23,mfsweep_shard0,LRT_MMUR,44,4399.42,85,0,1,2233.6,2952.2,718.6,2,2,60.8,0.0,187.4,144.4,326.0,60.8
2026-09-19 21:21:23,mfsweep_shard0,LRT_MMUR,44,4399.42,86,0,1,2259.9,2677.9,418.0,2,2,86.5,0.0,152.1,130.6,48.8,86.5
2026-09-19 21:21:23,mfsweep_shard0,LRT_MMUR,44,4399.42,87,0,1,2286.1,2836.3,550.2,2,2,70.4,0.0,161.3,145.7,172.8,70.4
2026-09-19 21:21:23,mfsweep_shard0,LRT_MMUR,44,4399.42,88,0,1,2312.4,3014.1,701.7,2,2,56.5,0.0,122.8,146.7,375.6,56.5
2026-09-19 21:21:23,mfsweep_shard0,LRT_MMUR,44,4399.42,89,0,1,2338.7,4360.9,2022.2,2,2,55.1,0.2,337.3,152.5,1477.0,55.1
2026-09-19 21:21:23,mfsweep_shard0,LRT_MMUR,44,4399.42,90,0,1,2365.0,2996.2,631.2,2,2,57.2,0.0,75.8,157.4,340.8,57.2
2026-09-19 21:21:23,mfsweep_shard0,LRT_MMUR,44,4399.42,91,0,1,2391.2,2898.8,507.6,2,2,74.3,0.0,243.2,147.4,42.6,74.3
2026-09-19 21:21:23,mfsweep_shard0,LRT_MMUR,44,4399.42,92,0,1,2417.5,2762.8,345.2,2,2,79.7,0.0,85.0,75.7,104.9,79.7
2026-09-19 21:21:23,mfsweep_shard0,LRT_MMUR,44,4399.42,93,0,1,2443.8,2860.3,416.5,2,2,67.5,0.0,34.4,74.6,240.0,67.5
2026-09-19 21:21:23,mfsweep_shard0,LRT_MMUR,44,4399.42,94,0,1,2470.1,4320.4,1850.4,2,2,55.6,0.2,165.3,120.7,1508.5,55.6
2026-09-19 21:21:23,mfsweep_shard0,LRT_MMUR,44,4399.42,95,0,1,2496.4,2847.3,351.0,2,2,66.1,0.0,212.5,72.4,0.0,66.1
2026-09-19 21:21:23,mfsweep_shard0,LRT_MMUR,44,4399.42,96,0,1,2522.6,2893.9,371.2,2,2,86.4,0.0,168.4,79.2,37.2,86.4
2026-09-19 21:21:23,mfsweep_shard0,LRT_MMUR,44,4399.42,97,0,1,2548.9,3483.7,934.8,2,2,71.0,0.0,204.2,91.6,568.0,71.0
2026-09-19 21:21:23,mfsweep_shard0,LRT_MMUR,44,4399.42,98,0,1,2575.2,2991.9,416.7,2,2,85.6,0.0,146.9,93.7,90.5,85.6
2026-09-19 21:21:23,mfsweep_shard0,LRT_MMUR,44,4399.42,99,0,1,2601.5,3093.9,492.5,2,2,82.0,0.0,189.5,87.2,133.7,82.0
2026-09-19 21:21:23,mfsweep_shard0,LRT_MMUR,44,4399.42,100,0,1,2627.7,4399.4,1771.7,2,2,53.9,0.0,162.9,80.9,1473.9,53.9
2026-09-19 21:21:23,mfsweep_shard0,LRT_MMUR,44,4399.42,101,0,1,2654.0,3102.6,448.6,2,2,77.3,0.0,91.9,89.8,189.5,77.3
2026-09-19 21:21:23,mfsweep_shard0,LRT_MMUR,44,4399.42,102,0,1,2680.3,3151.9,471.6,2,2,76.0,0.0,83.5,89.5,222.5,76.0
2026-09-19 21:21:23,mfsweep_shard0,LRT_MMUR,44,4399.42,103,0,1,2706.6,3423.4,716.9,2,2,71.3,0.0,57.4,87.2,501.0,71.3
2026-09-19 21:21:23,mfsweep_shard0,LRT_MMUR,44,4399.42,104,0,1,2732.9,3836.4,1103.5,2,2,62.4,0.0,85.9,103.3,852.0,62.4
2026-09-19 21:21:23,mfsweep_shard0,LRT_MMUR,44,4399.42,105,0,1,2759.1,3250.9,491.8,2,2,74.7,0.0,97.9,100.2,219.0,74.7
2026-09-19 21:21:23,mfsweep_shard0,LRT_MMUR,44,4399.42,106,0,1,2785.4,4196.9,1411.5,2,2,57.2,0.0,102.1,72.4,1179.8,57.2
2026-09-19 21:21:23,mfsweep_shard0,LRT_MMUR,44,4399.42,107,0,1,2811.7,3642.7,831.1,2,2,67.9,0.0,87.5,85.6,590.0,67.9
2026-09-19 21:21:23,mfsweep_shard0,LRT_MMUR,44,4399.42,108,0,1,2838.0,3575.5,737.5,2,2,68.5,0.0,59.0,98.1,511.8,68.5
2026-09-19 21:21:23,mfsweep_shard0,LRT_MMUR,44,4399.42,109,0,1,2864.2,3290.3,426.0,2,2,85.0,0.0,199.7,118.4,22.9,85.0
2026-09-19 21:21:23,mfsweep_shard0,LRT_MMUR,44,4399.42,110,0,1,2890.5,3403.3,512.8,2,2,82.4,0.0,240.9,102.3,87.2,82.4
2026-09-19 21:21:23,mfsweep_shard0,LRT_MMUR,44,4399.42,111,0,1,2916.8,3924.9,1008.1,2,2,62.2,0.0,33.8,70.7,841.3,62.2
2026-09-19 21:21:23,mfsweep_shard0,LRT_MMUR,44,4399.42,112,0,1,2943.1,3537.5,594.4,2,2,70.1,0.0,161.7,73.3,289.4,70.1
2026-09-19 21:21:23,mfsweep_shard0,LRT_MMUR,44,4399.42,113,0,1,2969.3,4154.3,1185.0,2,2,59.4,0.0,111.7,87.1,926.7,59.4
2026-09-19 21:21:23,mfsweep_shard0,LRT_MMUR,44,4399.42,114,0,1,2995.6,3392.5,396.9,2,2,83.7,0.0,179.0,134.1,0.0,83.7
2026-09-19 21:21:23,mfsweep_shard0,LRT_MMUR,44,4399.42,115,0,1,3021.9,3455.9,434.0,2,2,82.3,0.0,125.4,168.0,58.3,82.3
2026-09-19 21:21:23,mfsweep_shard0,LRT_MMUR,44,4399.42,116,0,1,3048.2,3831.6,783.4,2,2,63.4,0.0,124.4,137.2,458.4,63.4
2026-09-19 21:21:23,mfsweep_shard0,LRT_MMUR,44,4399.42,117,0,1,3074.5,3633.1,558.7,2,2,74.6,0.0,121.2,149.5,213.3,74.6
2026-09-19 21:21:23,mfsweep_shard0,LRT_MMUR,44,4399.42,118,0,1,3100.7,3678.3,577.6,2,2,73.6,0.0,87.8,148.1,268.1,73.6
2026-09-19 21:21:23,mfsweep_shard0,LRT_MMUR,44,4399.42,119,0,1,3127.0,3875.6,748.6,2,2,58.6,0.0,138.6,136.2,415.2,58.6
2026-09-19 21:21:23,mfsweep_shard0,LRT_MMUR,44,4399.42,120,0,1,3153.3,3570.5,417.2,2,2,78.7,0.0,63.6,149.2,125.6,78.7
2026-09-19 21:21:23,mfsweep_shard0,LRT_MMUR,44,4399.42,121,0,1,3179.6,3727.0,547.5,2,2,71.3,0.0,76.7,62.8,336.6,71.3
2026-09-19 21:21:23,mfsweep_shard0,LRT_MMUR,44,4399.42,122,0,1,3205.8,3524.7,318.9,2,2,79.2,0.0,78.5,111.2,49.9,79.2
2026-09-19 21:21:23,mfsweep_shard0,LRT_MMUR,44,4399.42,123,0,1,3232.1,3783.7,551.5,2,2,71.0,0.0,46.6,101.5,332.3,71.0
2026-09-19 21:21:23,mfsweep_shard0,LRT_MMUR,44,4399.42,124,0,1,3258.4,3913.3,654.9,2,2,53.6,0.0,41.4,93.2,466.7,53.6
2026-09-19 21:21:23,mfsweep_shard0,LRT_MMUR,44,4399.42,125,0,1,3284.7,3508.0,223.3,2,2,64.2,0.0,37.9,121.2,0.0,64.2
2026-09-19 21:21:23,mfsweep_shard0,LRT_MMUR,44,4399.42,126,0,1,3311.0,3557.2,246.2,2,2,54.2,0.0,68.5,112.6,10.9,54.2
2026-09-19 21:21:23,mfsweep_shard0,LRT_MMUR,44,4399.42,127,0,1,3337.2,3605.0,267.8,2,2,84.2,0.0,31.1,126.6,25.8,84.2
2026-09-19 21:21:23,mfsweep_shard0,LRT_MMUR,44,4399.42,128,0,1,3363.5,3660.3,296.8,2,2,82.5,0.0,12.4,113.9,87.9,82.5
2026-09-19 21:21:23,mfsweep_shard0,LRT_MMUR,44,4399.42,129,0,1,3389.8,3884.1,494.3,2,2,81.0,0.0,48.7,99.8,264.7,81.0
2026-09-19 21:21:23,mfsweep_shard0,LRT_MMUR,44,4399.42,130,0,1,3416.1,3985.9,569.9,2,2,63.7,0.0,41.1,88.4,376.6,63.7
2026-09-19 21:21:23,mfsweep_shard0,LRT_MMUR,44,4399.42,131,0,1,3442.3,4108.9,666.6,2,2,55.5,0.0,51.4,78.8,480.9,55.5
2026-09-19 21:21:23,mfsweep_shard0,LRT_MMUR,44,4399.42,132,0,1,3468.6,3819.1,350.5,2,2,82.5,0.0,77.5,77.2,113.2,82.5
2026-09-19 21:21:23,mfsweep_shard0,LRT_MMUR,44,4399.42,133,0,1,3494.9,3754.3,259.4,2,2,84.8,0.0,67.2,68.6,38.8,84.8
2026-09-19 21:21:23,mfsweep_shard0,LRT_MMUR,44,4399.42,134,0,1,3521.2,4031.8,510.6,2,2,56.4,0.0,59.7,77.2,317.3,56.4
2026-09-19 21:21:23,mfsweep_shard0,LRT_MMUR,44,4399.42,135,0,1,3547.5,3940.5,393.1,2,2,69.6,0.0,41.9,111.9,169.7,69.6
2026-09-19 21:21:23,mfsweep_shard0,LRT_MMUR,44,4399.42,136,0,1,3573.7,4070.2,496.5,2,2,55.8,0.0,44.7,104.4,291.5,55.8
2026-09-19 21:26:12,mfsweep_shard0,LRT_MMUR,45,4535.56,0,0,1,0.0,198.6,198.6,2,2,74.6,0.0,55.0,68.9,0.0,74.6
2026-09-19 21:26:12,mfsweep_shard0,LRT_MMUR,45,4535.56,1,0,1,26.3,252.8,226.5,2,2,54.4,0.0,72.7,75.7,23.7,54.4
2026-09-19 21:26:12,mfsweep_shard0,LRT_MMUR,45,4535.56,2,0,1,52.6,257.5,204.9,2,2,62.6,0.0,69.2,73.1,0.0,62.6
2026-09-19 21:26:12,mfsweep_shard0,LRT_MMUR,45,4535.56,3,0,1,78.8,278.2,199.4,2,2,60.9,0.0,61.1,77.4,0.0,60.9
2026-09-19 21:26:12,mfsweep_shard0,LRT_MMUR,45,4535.56,4,0,1,105.1,343.8,238.7,2,2,77.8,0.0,35.8,125.1,0.0,77.8
2026-09-19 21:26:12,mfsweep_shard0,LRT_MMUR,45,4535.56,5,0,1,131.4,547.8,416.4,2,2,75.9,0.0,139.2,152.1,49.2,75.9
2026-09-19 21:26:12,mfsweep_shard0,LRT_MMUR,45,4535.56,6,0,1,157.7,498.3,340.6,2,2,83.0,0.0,91.8,146.0,19.8,83.0
2026-09-19 21:26:12,mfsweep_shard0,LRT_MMUR,45,4535.56,7,0,1,183.9,390.2,206.3,2,2,56.4,0.0,38.1,79.2,32.5,56.4
2026-09-19 21:26:12,mfsweep_shard0,LRT_MMUR,45,4535.56,8,0,1,210.2,556.9,346.7,2,2,67.5,0.1,13.8,99.8,150.7,82.2
2026-09-19 21:26:12,mfsweep_shard0,LRT_MMUR,45,4535.56,9,0,1,236.5,1194.2,957.7,2,2,54.5,0.0,114.2,224.1,552.8,66.5
2026-09-19 21:26:12,mfsweep_shard0,LRT_MMUR,45,4535.56,10,0,1,262.8,617.0,354.3,2,2,60.8,0.0,34.0,70.9,188.7,60.8
2026-09-19 21:26:12,mfsweep_shard0,LRT_MMUR,45,4535.56,11,0,1,289.1,529.7,240.6,2,2,70.2,0.0,47.6,122.8,0.0,70.2
2026-09-19 21:26:12,mfsweep_shard0,LRT_MMUR,45,4535.56,12,0,1,315.3,570.4,255.1,2,2,54.4,0.0,63.6,114.0,23.1,54.4
2026-09-19 21:26:12,mfsweep_shard0,LRT_MMUR,45,4535.56,13,0,1,341.6,598.3,256.7,2,2,60.1,0.0,44.5,152.1,0.0,60.1
2026-09-19 21:26:12,mfsweep_shard0,LRT_MMUR,45,4535.56,14,0,1,367.9,677.5,309.6,2,2,75.0,0.0,84.6,103.0,47.0,75.0
2026-09-19 21:26:12,mfsweep_shard0,LRT_MMUR,45,4535.56,15,0,1,394.2,629.0,234.9,2,2,71.5,0.0,64.5,71.5,27.3,71.5
2026-09-19 21:26:12,mfsweep_shard0,LRT_MMUR,45,4535.56,16,0,1,420.4,1013.7,593.3,2,2,60.8,0.0,57.4,70.4,404.6,60.8
2026-09-19 21:26:12,mfsweep_shard0,LRT_MMUR,45,4535.56,17,0,1,446.7,654.4,207.7,2,2,73.0,0.0,44.9,76.4,13.4,73.0
2026-09-19 21:26:12,mfsweep_shard0,LRT_MMUR,45,4535.56,18,0,1,473.0,728.4,255.4,2,2,80.3,0.0,57.8,82.4,34.9,80.3
2026-09-19 21:26:12,mfsweep_shard0,LRT_MMUR,45,4535.56,19,0,1,499.3,2043.7,1544.4,2,2,53.8,0.0,47.7,129.3,1313.6,53.8
2026-09-19 21:26:12,mfsweep_shard0,LRT_MMUR,45,4535.56,20,0,1,525.6,784.2,258.6,2,2,80.1,0.0,59.5,65.6,53.4,80.1
2026-09-19 21:26:12,mfsweep_shard0,LRT_MMUR,45,4535.56,21,0,1,551.8,895.6,343.7,2,2,76.6,0.0,42.1,69.0,156.0,76.6
2026-09-19 21:26:12,mfsweep_shard0,LRT_MMUR,45,4535.56,22,0,1,578.1,960.2,382.1,2,2,64.8,0.0,72.0,69.0,176.3,64.8
2026-09-19 21:26:12,mfsweep_shard0,LRT_MMUR,45,4535.56,23,0,1,604.4,1031.7,427.3,2,2,58.7,0.0,16.1,71.1,281.4,58.7
2026-09-19 21:26:12,mfsweep_shard0,LRT_MMUR,45,4535.56,24,0,1,630.7,876.6,246.0,2,2,85.1,0.0,81.2,76.8,2.8,85.1
2026-09-19 21:26:12,mfsweep_shard0,LRT_MMUR,45,4535.56,25,0,1,656.9,889.0,232.0,2,2,64.7,0.0,51.8,115.5,0.0,64.7
2026-09-19 21:26:12,mfsweep_shard0,LRT_MMUR,45,4535.56,26,0,1,683.2,900.1,216.8,2,2,56.6,0.0,29.1,118.7,12.5,56.6
2026-09-19 21:26:12,mfsweep_shard0,LRT_MMUR,45,4535.56,27,0,1,709.5,2004.4,1294.9,2,2,56.7,0.1,111.9,198.8,927.4,56.7
2026-09-19 21:26:12,mfsweep_shard0,LRT_MMUR,45,4535.56,28,0,1,735.8,1255.1,519.3,2,2,81.5,0.1,75.0,195.0,162.6,86.6
2026-09-19 21:26:12,mfsweep_shard0,LRT_MMUR,45,4535.56,29,0,1,762.0,1722.5,960.5,2,2,73.5,0.2,128.0,154.1,604.7,73.5
2026-09-19 21:26:12,mfsweep_shard0,LRT_MMUR,45,4535.56,30,0,1,788.3,1027.0,238.6,2,2,80.2,0.0,78.8,79.0,0.6,80.2
2026-09-19 21:26:12,mfsweep_shard0,LRT_MMUR,45,4535.56,31,0,1,814.6,1526.0,711.4,2,2,77.6,0.2,126.2,145.4,362.0,77.6
2026-09-19 21:26:12,mfsweep_shard0,LRT_MMUR,45,4535.56,32,0,1,840.9,1885.1,1044.2,2,2,71.2,0.2,158.3,141.2,640.0,104.5
2026-09-19 21:26:12,mfsweep_shard0,LRT_MMUR,45,4535.56,33,0,1,867.2,1319.9,452.7,2,2,85.7,0.3,144.7,105.0,58.3,144.4
2026-09-19 21:26:12,mfsweep_shard0,LRT_MMUR,45,4535.56,34,0,1,893.4,1950.3,1056.9,2,2,66.0,0.3,197.2,139.5,653.8,66.0
2026-09-19 21:26:12,mfsweep_shard0,LRT_MMUR,45,4535.56,35,0,1,919.7,1832.3,912.6,2,2,71.8,0.3,204.7,111.5,524.3,71.8
2026-09-19 21:26:12,mfsweep_shard0,LRT_MMUR,45,4535.56,36,0,1,946.0,1472.7,526.7,2,2,80.9,0.3,142.9,152.0,150.5,80.9
2026-09-19 21:26:12,mfsweep_shard0,LRT_MMUR,45,4535.56,37,0,1,972.3,1646.8,674.6,2,2,74.0,0.2,95.1,79.0,383.2,117.0
2026-09-19 21:26:12,mfsweep_shard0,LRT_MMUR,45,4535.56,38,0,1,998.5,1386.1,387.5,2,2,82.0,0.2,94.7,93.3,117.4,82.0
2026-09-19 21:26:12,mfsweep_shard0,LRT_MMUR,45,4535.56,39,0,1,1024.8,1790.4,765.6,2,2,72.6,0.0,63.9,87.6,541.4,72.6
2026-09-19 21:26:12,mfsweep_shard0,LRT_MMUR,45,4535.56,40,0,1,1051.1,1605.4,554.3,2,2,76.8,0.0,64.1,116.3,297.0,76.8
2026-09-19 21:26:12,mfsweep_shard0,LRT_MMUR,45,4535.56,41,0,1,1077.4,2038.8,961.4,2,2,55.1,0.0,139.4,114.2,652.7,55.1
2026-09-19 21:26:12,mfsweep_shard0,LRT_MMUR,45,4535.56,42,0,1,1103.7,1360.5,256.8,2,2,61.1,0.0,83.9,111.8,0.0,61.1
2026-09-19 21:26:12,mfsweep_shard0,LRT_MMUR,45,4535.56,43,0,1,1129.9,1642.1,512.2,2,2,63.1,0.0,60.3,191.3,197.4,63.1
2026-09-19 21:26:12,mfsweep_shard0,LRT_MMUR,45,4535.56,44,0,1,1156.2,1437.9,281.7,2,2,56.2,0.0,78.4,133.4,13.7,56.2
2026-09-19 21:26:12,mfsweep_shard0,LRT_MMUR,45,4535.56,45,0,1,1182.5,1481.4,298.9,2,2,61.2,0.0,44.9,170.3,22.5,61.2
2026-09-19 21:26:12,mfsweep_shard0,LRT_MMUR,45,4535.56,46,0,1,1208.8,2190.4,981.7,2,2,56.9,0.0,76.8,145.8,702.2,56.9
2026-09-19 21:26:12,mfsweep_shard0,LRT_MMUR,45,4535.56,47,0,1,1235.0,1971.6,736.6,2,2,62.7,0.0,79.5,118.8,475.6,62.7
2026-09-19 21:26:12,mfsweep_shard0,LRT_MMUR,45,4535.56,48,0,1,1261.3,1583.0,321.6,2,2,74.5,0.0,102.7,105.1,28.8,85.1
2026-09-19 21:26:12,mfsweep_shard0,LRT_MMUR,45,4535.56,49,0,1,1287.6,1507.5,219.9,2,2,65.6,0.0,57.7,72.4,24.1,65.6
2026-09-19 21:26:12,mfsweep_shard0,LRT_MMUR,45,4535.56,50,0,1,1313.9,1632.9,319.0,2,2,65.8,0.0,89.2,78.7,85.4,65.8
2026-09-19 21:26:12,mfsweep_shard0,LRT_MMUR,45,4535.56,51,0,1,1340.2,2048.3,708.2,2,2,60.5,0.0,37.5,67.7,542.5,60.5
2026-09-19 21:26:12,mfsweep_shard0,LRT_MMUR,45,4535.56,52,0,1,1366.4,2009.2,642.8,2,2,62.4,0.0,38.5,96.6,445.3,62.4
2026-09-19 21:26:12,mfsweep_shard0,LRT_MMUR,45,4535.56,53,0,1,1392.7,1804.9,412.2,2,2,84.5,0.0,80.5,177.1,41.0,113.6
2026-09-19 21:26:12,mfsweep_shard0,LRT_MMUR,45,4535.56,54,0,1,1419.0,1857.3,438.4,2,2,74.9,0.1,119.4,129.3,114.6,74.9
2026-09-19 21:26:12,mfsweep_shard0,LRT_MMUR,45,4535.56,55,0,1,1445.3,1910.2,464.9,2,2,73.6,0.0,48.3,123.1,219.8,73.6
2026-09-19 21:26:12,mfsweep_shard0,LRT_MMUR,45,4535.56,56,0,1,1471.5,2078.1,606.6,2,2,59.2,0.1,69.3,86.5,391.6,59.2
2026-09-19 21:26:12,mfsweep_shard0,LRT_MMUR,45,4535.56,57,0,1,1497.8,1713.8,216.0,2,2,77.6,0.0,35.9,79.4,23.2,77.6
2026-09-19 21:26:12,mfsweep_shard0,LRT_MMUR,45,4535.56,58,0,1,1524.1,2143.4,619.3,2,2,58.9,0.0,103.9,78.4,378.0,58.9
2026-09-19 21:26:12,mfsweep_shard0,LRT_MMUR,45,4535.56,59,0,1,1550.4,2328.6,778.3,2,2,66.1,0.0,77.7,184.1,450.3,66.1
2026-09-19 21:26:12,mfsweep_shard0,LRT_MMUR,45,4535.56,60,0,1,1576.6,1931.4,354.8,2,2,86.2,0.0,65.4,149.7,53.3,86.2
2026-09-19 21:26:12,mfsweep_shard0,LRT_MMUR,45,4535.56,61,0,1,1602.9,1826.0,223.1,2,2,74.7,0.0,47.4,101.0,0.0,74.7
2026-09-19 21:26:12,mfsweep_shard0,LRT_MMUR,45,4535.56,62,0,1,1629.2,2791.1,1161.9,2,2,71.9,0.1,105.9,117.0,867.0,71.9
2026-09-19 21:26:12,mfsweep_shard0,LRT_MMUR,45,4535.56,63,0,1,1655.5,2602.8,947.3,2,2,76.1,0.1,159.5,123.8,587.9,76.1
2026-09-19 21:26:12,mfsweep_shard0,LRT_MMUR,45,4535.56,64,0,1,1681.8,1976.4,294.6,2,2,81.4,0.0,39.7,81.5,92.1,81.4
2026-09-19 21:26:12,mfsweep_shard0,LRT_MMUR,45,4535.56,65,0,1,1708.0,2055.4,347.3,2,2,79.2,0.0,58.3,71.0,138.8,79.2
2026-09-19 21:26:12,mfsweep_shard0,LRT_MMUR,45,4535.56,66,0,1,1734.3,3214.5,1480.2,2,2,61.1,0.1,90.2,124.3,1204.6,61.1
2026-09-19 21:26:12,mfsweep_shard0,LRT_MMUR,45,4535.56,67,0,1,1760.6,3303.1,1542.5,2,2,54.6,0.1,84.5,124.0,1279.3,54.6
2026-09-19 21:26:12,mfsweep_shard0,LRT_MMUR,45,4535.56,68,0,1,1786.9,2933.4,1146.6,2,2,64.0,0.1,96.5,126.8,859.2,64.0
2026-09-19 21:26:12,mfsweep_shard0,LRT_MMUR,45,4535.56,69,0,1,1813.1,3020.5,1207.4,2,2,62.4,0.2,108.9,122.7,913.3,62.4
2026-09-19 21:26:12,mfsweep_shard0,LRT_MMUR,45,4535.56,70,0,1,1839.4,3252.7,1413.3,2,2,60.5,0.2,85.5,135.7,1131.4,60.5
2026-09-19 21:26:12,mfsweep_shard0,LRT_MMUR,45,4535.56,71,0,1,1865.7,2129.2,263.5,2,2,84.7,0.0,51.7,80.4,46.6,84.7
2026-09-19 21:26:12,mfsweep_shard0,LRT_MMUR,45,4535.56,72,0,1,1892.0,2195.3,303.3,2,2,82.5,0.0,52.7,73.1,95.1,82.5
2026-09-19 21:26:12,mfsweep_shard0,LRT_MMUR,45,4535.56,73,0,1,1918.3,2974.8,1056.5,2,2,63.9,0.2,122.7,121.5,748.3,63.9
2026-09-19 21:26:12,mfsweep_shard0,LRT_MMUR,45,4535.56,74,0,1,1944.5,2643.0,698.5,2,2,75.2,0.2,156.1,112.4,354.6,75.2
2026-09-19 21:26:12,mfsweep_shard0,LRT_MMUR,45,4535.56,75,0,1,1970.8,2897.6,926.8,2,2,66.6,0.2,158.5,128.8,572.7,66.6
2026-09-19 21:26:12,mfsweep_shard0,LRT_MMUR,45,4535.56,76,0,1,1997.1,2455.1,458.0,2,2,83.7,0.3,159.9,118.9,34.5,144.5
2026-09-19 21:26:12,mfsweep_shard0,LRT_MMUR,45,4535.56,77,0,1,2023.4,2849.3,826.0,2,2,68.7,0.3,177.0,138.9,441.2,68.7
2026-09-19 21:26:12,mfsweep_shard0,LRT_MMUR,45,4535.56,78,0,1,2049.6,3067.1,1017.5,2,2,62.3,0.3,176.6,123.8,654.5,62.3
2026-09-19 21:26:12,mfsweep_shard0,LRT_MMUR,45,4535.56,79,0,1,2075.9,3192.0,1116.1,2,2,61.7,0.3,198.5,131.6,724.0,61.7
2026-09-19 21:26:12,mfsweep_shard0,LRT_MMUR,45,4535.56,80,0,1,2102.2,2739.0,636.8,2,2,72.1,0.3,220.5,122.8,221.1,72.1
2026-09-19 21:26:12,mfsweep_shard0,LRT_MMUR,45,4535.56,81,0,1,2128.5,3127.2,998.7,2,2,62.2,0.3,176.7,86.4,673.1,62.2
2026-09-19 21:26:12,mfsweep_shard0,LRT_MMUR,45,4535.56,82,0,1,2154.7,2384.4,229.7,2,2,72.8,0.0,38.8,81.0,36.9,72.8
2026-09-19 21:26:12,mfsweep_shard0,LRT_MMUR,45,4535.56,83,0,1,2181.0,2544.4,363.3,2,2,83.2,0.0,140.1,81.7,58.3,83.2
2026-09-19 21:26:12,mfsweep_shard0,LRT_MMUR,45,4535.56,84,0,1,2207.3,2553.3,346.0,2,2,66.7,0.0,159.9,119.4,0.0,66.7
2026-09-19 21:26:12,mfsweep_shard0,LRT_MMUR,45,4535.56,85,0,1,2233.6,3298.6,1065.0,2,2,60.8,0.0,155.0,134.2,715.0,60.8
2026-09-19 21:26:12,mfsweep_shard0,LRT_MMUR,45,4535.56,86,0,1,2259.9,2694.3,434.5,2,2,86.5,0.0,94.7,198.1,44.5,97.2
2026-09-19 21:26:12,mfsweep_shard0,LRT_MMUR,45,4535.56,87,0,1,2286.1,3141.5,855.3,2,2,70.4,0.0,116.4,178.3,490.3,70.4
2026-09-19 21:26:12,mfsweep_shard0,LRT_MMUR,45,4535.56,88,0,1,2312.4,3336.9,1024.5,2,2,56.5,0.0,110.9,180.3,676.8,56.5
2026-09-19 21:26:12,mfsweep_shard0,LRT_MMUR,45,4535.56,89,0,1,2338.7,3404.0,1065.3,2,2,55.1,0.0,80.7,82.8,846.7,55.1
2026-09-19 21:26:12,mfsweep_shard0,LRT_MMUR,45,4535.56,90,0,1,2365.0,2561.9,197.0,2,2,57.2,0.0,13.6,126.2,0.0,57.2
2026-09-19 21:26:12,mfsweep_shard0,LRT_MMUR,45,4535.56,91,0,1,2391.2,2657.4,266.2,2,2,74.3,0.1,80.3,106.1,5.4,74.3
2026-09-19 21:26:12,mfsweep_shard0,LRT_MMUR,45,4535.56,92,0,1,2417.5,2979.7,562.1,2,2,79.7,0.0,73.1,70.0,339.3,79.7
2026-09-19 21:26:12,mfsweep_shard0,LRT_MMUR,45,4535.56,93,0,1,2443.8,3210.2,766.4,2,2,67.5,0.0,98.2,154.6,433.5,80.0
2026-09-19 21:26:12,mfsweep_shard0,LRT_MMUR,45,4535.56,94,0,1,2470.1,3390.3,920.2,2,2,55.6,0.0,44.6,84.5,735.5,55.6
2026-09-19 21:26:12,mfsweep_shard0,LRT_MMUR,45,4535.56,95,0,1,2496.4,3247.5,751.2,2,2,66.1,0.0,49.9,73.8,561.3,66.1
2026-09-19 21:26:12,mfsweep_shard0,LRT_MMUR,45,4535.56,96,0,1,2522.6,2776.4,253.8,2,2,86.4,0.0,76.3,83.2,7.8,86.4
2026-09-19 21:26:12,mfsweep_shard0,LRT_MMUR,45,4535.56,97,0,1,2548.9,3086.2,537.3,2,2,71.0,0.0,57.9,106.1,302.4,71.0
2026-09-19 21:26:12,mfsweep_shard0,LRT_MMUR,45,4535.56,98,0,1,2575.2,2841.0,265.9,2,2,85.6,0.0,37.3,96.5,46.4,85.6
2026-09-19 21:26:12,mfsweep_shard0,LRT_MMUR,45,4535.56,99,0,1,2601.5,2909.8,308.3,2,2,82.0,0.0,65.2,77.2,83.9,82.0
2026-09-19 21:26:12,mfsweep_shard0,LRT_MMUR,45,4535.56,100,0,1,2627.7,3461.2,833.4,2,2,53.9,0.0,46.8,81.6,651.0,53.9
2026-09-19 21:26:12,mfsweep_shard0,LRT_MMUR,45,4535.56,101,0,1,2654.0,3038.6,384.5,2,2,77.3,0.0,39.8,81.7,185.7,77.3
2026-09-19 21:26:12,mfsweep_shard0,LRT_MMUR,45,4535.56,102,0,1,2680.3,2893.0,212.7,2,2,76.0,0.0,56.8,79.8,0.0,76.0
2026-09-19 21:26:12,mfsweep_shard0,LRT_MMUR,45,4535.56,103,0,1,2706.6,2943.0,236.4,2,2,71.3,0.0,44.5,79.8,40.8,71.3
2026-09-19 21:26:12,mfsweep_shard0,LRT_MMUR,45,4535.56,104,0,1,2732.9,4237.6,1504.7,2,2,62.4,0.0,167.2,134.2,1140.9,62.4
2026-09-19 21:26:12,mfsweep_shard0,LRT_MMUR,45,4535.56,105,0,1,2759.1,2997.6,238.5,2,2,74.7,0.0,52.7,66.6,44.5,74.7
2026-09-19 21:26:12,mfsweep_shard0,LRT_MMUR,45,4535.56,106,0,1,2785.4,4415.0,1629.6,2,2,57.2,0.1,174.9,158.4,1239.0,57.2
2026-09-19 21:26:12,mfsweep_shard0,LRT_MMUR,45,4535.56,107,0,1,2811.7,4141.9,1330.2,2,2,67.9,0.1,162.2,132.7,967.3,67.9
2026-09-19 21:26:12,mfsweep_shard0,LRT_MMUR,45,4535.56,108,0,1,2838.0,4088.6,1250.6,2,2,68.5,0.2,169.2,156.3,856.4,68.5
2026-09-19 21:26:12,mfsweep_shard0,LRT_MMUR,45,4535.56,109,0,1,2864.2,3072.0,207.8,2,2,85.0,0.0,42.2,66.3,14.2,85.0
2026-09-19 21:26:12,mfsweep_shard0,LRT_MMUR,45,4535.56,110,0,1,2890.5,3157.5,266.9,2,2,82.4,0.0,38.2,95.4,50.9,82.4
2026-09-19 21:26:12,mfsweep_shard0,LRT_MMUR,45,4535.56,111,0,1,2916.8,4284.4,1367.6,2,2,62.2,0.2,153.7,186.3,965.2,62.2
2026-09-19 21:26:12,mfsweep_shard0,LRT_MMUR,45,4535.56,112,0,1,2943.1,3205.3,262.3,2,2,70.1,0.0,55.2,132.4,4.6,70.1
2026-09-19 21:26:12,mfsweep_shard0,LRT_MMUR,45,4535.56,113,0,1,2969.3,4329.2,1359.9,2,2,59.4,0.2,165.3,199.3,935.5,59.4
2026-09-19 21:26:12,mfsweep_shard0,LRT_MMUR,45,4535.56,114,0,1,2995.6,3332.2,336.6,2,2,83.7,0.0,77.7,106.4,68.7,83.7
2026-09-19 21:26:12,mfsweep_shard0,LRT_MMUR,45,4535.56,115,0,1,3021.9,3261.6,239.7,2,2,82.3,0.0,56.2,71.5,29.7,82.3
2026-09-19 21:26:12,mfsweep_shard0,LRT_MMUR,45,4535.56,116,0,1,3048.2,4189.9,1141.7,2,2,63.4,0.3,227.5,148.0,702.5,63.4
2026-09-19 21:26:12,mfsweep_shard0,LRT_MMUR,45,4535.56,117,0,1,3074.5,3510.8,436.4,2,2,74.6,0.0,27.5,79.3,254.9,74.6
2026-09-19 21:26:12,mfsweep_shard0,LRT_MMUR,45,4535.56,118,0,1,3100.7,3915.5,814.8,2,2,73.6,0.3,173.4,138.9,411.4,90.7
2026-09-19 21:26:12,mfsweep_shard0,LRT_MMUR,45,4535.56,119,0,1,3127.0,4372.4,1245.4,2,2,58.6,0.3,249.1,164.6,772.7,58.6
2026-09-19 21:26:12,mfsweep_shard0,LRT_MMUR,45,4535.56,120,0,1,3153.3,3385.6,232.3,2,2,78.7,0.0,34.0,87.1,32.4,78.7
2026-09-19 21:26:12,mfsweep_shard0,LRT_MMUR,45,4535.56,121,0,1,3179.6,3878.5,698.9,2,2,71.3,0.2,139.5,160.2,327.7,71.3
2026-09-19 21:26:12,mfsweep_shard0,LRT_MMUR,45,4535.56,122,0,1,3205.8,3465.7,259.9,2,2,79.2,0.0,51.3,121.8,7.5,79.2
2026-09-19 21:26:12,mfsweep_shard0,LRT_MMUR,45,4535.56,123,0,1,3232.1,3821.1,589.0,2,2,71.0,0.2,167.0,173.8,176.9,71.0
2026-09-19 21:26:12,mfsweep_shard0,LRT_MMUR,45,4535.56,124,0,1,3258.4,3910.3,651.9,2,2,53.6,0.2,150.1,203.4,244.6,53.6
2026-09-19 21:26:12,mfsweep_shard0,LRT_MMUR,45,4535.56,125,0,1,3284.7,3795.2,510.5,2,2,64.2,0.3,186.4,118.7,140.8,64.2
2026-09-19 21:26:12,mfsweep_shard0,LRT_MMUR,45,4535.56,126,0,1,3311.0,4535.6,1224.6,2,2,54.2,0.3,210.7,103.1,856.4,54.2
2026-09-19 21:26:12,mfsweep_shard0,LRT_MMUR,45,4535.56,127,0,1,3337.2,3589.7,252.5,2,2,84.2,0.0,55.1,80.6,32.5,84.2
2026-09-19 21:26:12,mfsweep_shard0,LRT_MMUR,45,4535.56,128,0,1,3363.5,3860.6,497.1,2,2,82.5,0.3,187.3,118.9,83.1,107.6
2026-09-19 21:26:12,mfsweep_shard0,LRT_MMUR,45,4535.56,129,0,1,3389.8,3675.4,285.6,2,2,81.0,0.0,134.9,69.7,0.0,81.0
2026-09-19 21:26:12,mfsweep_shard0,LRT_MMUR,45,4535.56,130,0,1,3416.1,3694.2,278.2,2,2,63.7,0.0,17.8,88.4,108.2,63.7
2026-09-19 21:26:12,mfsweep_shard0,LRT_MMUR,45,4535.56,131,0,1,3442.3,4496.8,1054.4,2,2,55.5,0.2,153.9,134.3,710.6,55.5
2026-09-19 21:26:12,mfsweep_shard0,LRT_MMUR,45,4535.56,132,0,1,3468.6,3729.2,260.6,2,2,82.5,0.0,101.8,74.9,1.4,82.5
2026-09-19 21:26:12,mfsweep_shard0,LRT_MMUR,45,4535.56,133,0,1,3494.9,4035.5,540.6,2,2,84.8,0.2,298.5,108.0,49.1,84.8
2026-09-19 21:26:12,mfsweep_shard0,LRT_MMUR,45,4535.56,134,0,1,3521.2,4456.0,934.8,2,2,56.4,0.0,242.3,75.2,548.4,68.9
2026-09-19 21:26:12,mfsweep_shard0,LRT_MMUR,45,4535.56,135,0,1,3547.5,3969.0,421.5,2,2,69.6,0.2,242.9,71.8,37.0,69.6
2026-09-19 21:26:12,mfsweep_shard0,LRT_MMUR,45,4535.56,136,0,1,3573.7,3964.4,390.7,2,2,55.8,0.0,261.9,72.9,0.0,55.8
2026-09-19 21:30:39,mfsweep_shard0,LRT_MMUR,46,4186.46,0,0,1,0.0,203.3,203.3,2,2,74.6,0.0,56.1,72.5,0.0,74.6
2026-09-19 21:30:39,mfsweep_shard0,LRT_MMUR,46,4186.46,1,0,1,26.3,256.2,229.9,2,2,54.4,0.0,76.1,75.7,23.7,54.4
2026-09-19 21:30:39,mfsweep_shard0,LRT_MMUR,46,4186.46,2,0,1,52.6,265.3,212.7,2,2,62.6,0.0,80.5,69.6,0.0,62.6
2026-09-19 21:30:39,mfsweep_shard0,LRT_MMUR,46,4186.46,3,0,1,78.8,305.2,226.3,2,2,60.9,0.0,60.8,78.4,26.2,60.9
2026-09-19 21:30:39,mfsweep_shard0,LRT_MMUR,46,4186.46,4,0,1,105.1,300.7,195.6,2,2,77.8,0.0,42.9,74.9,0.0,77.8
2026-09-19 21:30:39,mfsweep_shard0,LRT_MMUR,46,4186.46,5,0,1,131.4,343.5,212.1,2,2,75.9,0.0,24.2,78.3,33.7,75.9
2026-09-19 21:30:39,mfsweep_shard0,LRT_MMUR,46,4186.46,6,0,1,157.7,549.0,391.3,2,2,83.0,0.0,100.8,174.3,30.4,85.8
2026-09-19 21:30:39,mfsweep_shard0,LRT_MMUR,46,4186.46,7,0,1,183.9,485.6,301.7,2,2,56.4,0.0,71.9,140.3,33.0,56.4
2026-09-19 21:30:39,mfsweep_shard0,LRT_MMUR,46,4186.46,8,0,1,210.2,651.5,441.3,2,2,67.5,0.0,57.9,119.2,171.2,92.9
2026-09-19 21:30:39,mfsweep_shard0,LRT_MMUR,46,4186.46,9,0,1,236.5,699.8,463.3,2,2,54.5,0.0,82.2,77.1,249.5,54.5
2026-09-19 21:30:39,mfsweep_shard0,LRT_MMUR,46,4186.46,10,0,1,262.8,422.5,159.7,2,2,60.8,0.0,24.3,72.5,2.2,60.8
2026-09-19 21:30:39,mfsweep_shard0,LRT_MMUR,46,4186.46,11,0,1,289.1,615.9,326.9,2,2,70.2,0.0,71.1,103.1,82.5,70.2
2026-09-19 21:30:39,mfsweep_shard0,LRT_MMUR,46,4186.46,12,0,1,315.3,733.7,418.4,2,2,54.4,0.0,80.2,74.0,209.7,54.4
2026-09-19 21:30:39,mfsweep_shard0,LRT_MMUR,46,4186.46,13,0,1,341.6,558.0,216.4,2,2,60.1,0.0,55.1,90.8,10.3,60.1
2026-09-19 21:30:39,mfsweep_shard0,LRT_MMUR,46,4186.46,14,0,1,367.9,607.3,239.4,2,2,75.0,0.0,50.1,114.2,0.0,75.0
2026-09-19 21:30:39,mfsweep_shard0,LRT_MMUR,46,4186.46,15,0,1,394.2,661.0,266.8,2,2,71.5,0.0,45.2,117.4,32.7,71.5
2026-09-19 21:30:39,mfsweep_shard0,LRT_MMUR,46,4186.46,16,0,1,420.4,761.0,340.5,2,2,60.8,0.0,33.1,119.4,127.1,60.8
2026-09-19 21:30:39,mfsweep_shard0,LRT_MMUR,46,4186.46,17,0,1,446.7,685.8,239.0,2,2,73.0,0.0,44.9,121.1,0.0,73.0
2026-09-19 21:30:39,mfsweep_shard0,LRT_MMUR,46,4186.46,18,0,1,473.0,729.0,256.0,2,2,80.3,0.0,107.4,64.8,3.6,80.3
2026-09-19 21:30:39,mfsweep_shard0,LRT_MMUR,46,4186.46,19,0,1,499.3,719.7,220.4,2,2,53.8,0.0,79.1,69.5,18.1,53.8
2026-09-19 21:30:39,mfsweep_shard0,LRT_MMUR,46,4186.46,20,0,1,525.6,750.2,224.7,2,2,80.1,0.0,37.0,104.6,2.9,80.1
2026-09-19 21:30:39,mfsweep_shard0,LRT_MMUR,46,4186.46,21,0,1,551.8,892.6,340.8,2,2,76.6,0.0,59.2,83.0,121.9,76.6
2026-09-19 21:30:39,mfsweep_shard0,LRT_MMUR,46,4186.46,22,0,1,578.1,936.9,358.8,2,2,64.8,0.0,78.1,84.0,131.9,64.8
2026-09-19 21:30:39,mfsweep_shard0,LRT_MMUR,46,4186.46,23,0,1,604.4,1044.8,440.4,2,2,58.7,0.0,45.5,71.0,265.3,58.7
2026-09-19 21:30:39,mfsweep_shard0,LRT_MMUR,46,4186.46,24,0,1,630.7,845.1,214.5,2,2,85.1,0.0,39.6,80.8,8.9,85.1
2026-09-19 21:30:39,mfsweep_shard0,LRT_MMUR,46,4186.46,25,0,1,656.9,1011.9,355.0,2,2,64.7,0.0,47.7,86.6,156.0,64.7
2026-09-19 21:30:39,mfsweep_shard0,LRT_MMUR,46,4186.46,26,0,1,683.2,1098.7,415.4,2,2,56.6,0.0,60.7,79.5,218.6,56.6
2026-09-19 21:30:39,mfsweep_shard0,LRT_MMUR,46,4186.46,27,0,1,709.5,1749.0,1039.5,2,2,56.7,0.0,88.0,171.2,723.5,56.7
2026-09-19 21:30:39,mfsweep_shard0,LRT_MMUR,46,4186.46,28,0,1,735.8,961.9,226.1,2,2,81.5,0.0,76.4,68.1,0.0,81.5
2026-09-19 21:30:39,mfsweep_shard0,LRT_MMUR,46,4186.46,29,0,1,762.0,1601.7,839.6,2,2,73.5,0.1,135.2,118.3,512.6,73.5
2026-09-19 21:30:39,mfsweep_shard0,LRT_MMUR,46,4186.46,30,0,1,788.3,1031.1,242.8,2,2,80.2,0.0,74.7,80.1,7.8,80.2
2026-09-19 21:30:39,mfsweep_shard0,LRT_MMUR,46,4186.46,31,0,1,814.6,1090.2,275.6,2,2,77.6,0.0,66.7,75.1,56.1,77.6
2026-09-19 21:30:39,mfsweep_shard0,LRT_MMUR,46,4186.46,32,0,1,840.9,1679.5,838.7,2,2,71.2,0.1,84.6,101.7,581.1,71.2
2026-09-19 21:30:39,mfsweep_shard0,LRT_MMUR,46,4186.46,33,0,1,867.2,1254.6,387.5,2,2,85.7,0.1,98.0,100.6,71.4,117.3
2026-09-19 21:30:39,mfsweep_shard0,LRT_MMUR,46,4186.46,34,0,1,893.4,1113.1,219.6,2,2,66.0,0.0,80.9,72.7,0.0,66.0
2026-09-19 21:30:39,mfsweep_shard0,LRT_MMUR,46,4186.46,35,0,1,919.7,1170.7,250.9,2,2,71.8,0.0,22.5,156.7,0.0,71.8
2026-09-19 21:30:39,mfsweep_shard0,LRT_MMUR,46,4186.46,36,0,1,946.0,1415.2,469.2,2,2,80.9,0.0,51.6,160.7,176.0,80.9
2026-09-19 21:30:39,mfsweep_shard0,LRT_MMUR,46,4186.46,37,0,1,972.3,1516.6,544.3,2,2,74.0,0.0,149.2,124.6,196.5,74.0
2026-09-19 21:30:39,mfsweep_shard0,LRT_MMUR,46,4186.46,38,0,1,998.5,1330.8,332.3,2,2,82.0,0.0,52.5,75.5,122.2,82.0
2026-09-19 21:30:39,mfsweep_shard0,LRT_MMUR,46,4186.46,39,0,1,1024.8,1643.5,618.7,2,2,72.6,0.0,78.6,83.9,383.5,72.6
2026-09-19 21:30:39,mfsweep_shard0,LRT_MMUR,46,4186.46,40,0,1,1051.1,1466.0,414.9,2,2,76.8,0.0,66.7,107.0,164.3,76.8
2026-09-19 21:30:39,mfsweep_shard0,LRT_MMUR,46,4186.46,41,0,1,1077.4,1340.2,262.9,2,2,55.1,0.0,72.7,99.1,36.0,55.1
2026-09-19 21:30:39,mfsweep_shard0,LRT_MMUR,46,4186.46,42,0,1,1103.7,1289.6,186.0,2,2,61.1,0.0,34.7,90.2,0.0,61.1
2026-09-19 21:30:39,mfsweep_shard0,LRT_MMUR,46,4186.46,43,0,1,1129.9,1410.3,280.4,2,2,63.1,0.0,65.5,124.6,27.1,63.1
2026-09-19 21:30:39,mfsweep_shard0,LRT_MMUR,46,4186.46,44,0,1,1156.2,1437.0,280.8,2,2,56.2,0.0,73.3,86.1,65.2,56.2
2026-09-19 21:30:39,mfsweep_shard0,LRT_MMUR,46,4186.46,45,0,1,1182.5,1335.7,153.2,2,2,61.2,0.0,18.9,73.1,0.0,61.2
2026-09-19 21:30:39,mfsweep_shard0,LRT_MMUR,46,4186.46,46,0,1,1208.8,1371.0,162.2,2,2,56.9,0.0,17.8,75.4,12.1,56.9
2026-09-19 21:30:39,mfsweep_shard0,LRT_MMUR,46,4186.46,47,0,1,1235.0,1444.0,208.9,2,2,62.7,0.0,61.9,68.9,15.4,62.7
2026-09-19 21:30:39,mfsweep_shard0,LRT_MMUR,46,4186.46,48,0,1,1261.3,1502.3,241.0,2,2,74.5,0.0,51.0,82.8,32.7,74.5
2026-09-19 21:30:39,mfsweep_shard0,LRT_MMUR,46,4186.46,49,0,1,1287.6,1597.2,309.6,2,2,65.6,0.0,56.4,76.0,111.6,65.6
2026-09-19 21:30:39,mfsweep_shard0,LRT_MMUR,46,4186.46,50,0,1,1313.9,1583.1,269.2,2,2,65.8,0.0,60.1,104.1,39.3,65.8
2026-09-19 21:30:39,mfsweep_shard0,LRT_MMUR,46,4186.46,51,0,1,1340.2,1521.4,181.2,2,2,60.5,0.0,25.3,95.4,0.0,60.5
2026-09-19 21:30:39,mfsweep_shard0,LRT_MMUR,46,4186.46,52,0,1,1366.4,1634.7,268.3,2,2,62.4,0.0,21.6,85.1,99.3,62.4
2026-09-19 21:30:39,mfsweep_shard0,LRT_MMUR,46,4186.46,53,0,1,1392.7,1610.6,217.9,2,2,84.5,0.0,43.8,73.1,16.5,84.5
2026-09-19 21:30:39,mfsweep_shard0,LRT_MMUR,46,4186.46,54,0,1,1419.0,1723.4,304.4,2,2,74.9,0.0,34.3,150.9,44.2,74.9
2026-09-19 21:30:39,mfsweep_shard0,LRT_MMUR,46,4186.46,55,0,1,1445.3,1781.2,336.0,2,2,73.6,0.0,61.5,115.8,85.0,73.6
2026-09-19 21:30:39,mfsweep_shard0,LRT_MMUR,46,4186.46,56,0,1,1471.5,1821.2,349.6,2,2,59.2,0.0,57.4,134.5,98.5,59.2
2026-09-19 21:30:39,mfsweep_shard0,LRT_MMUR,46,4186.46,57,0,1,1497.8,2027.7,529.9,2,2,77.6,0.0,121.7,173.5,153.9,80.8
2026-09-19 21:30:39,mfsweep_shard0,LRT_MMUR,46,4186.46,58,0,1,1524.1,1835.3,311.2,2,2,58.9,0.0,24.3,66.6,161.4,58.9
2026-09-19 21:30:39,mfsweep_shard0,LRT_MMUR,46,4186.46,59,0,1,1550.4,1732.3,181.9,2,2,66.1,0.0,48.7,67.1,0.0,66.1
2026-09-19 21:30:39,mfsweep_shard0,LRT_MMUR,46,4186.46,60,0,1,1576.6,1826.1,249.4,2,2,86.2,0.0,83.0,80.1,0.0,86.2
2026-09-19 21:30:39,mfsweep_shard0,LRT_MMUR,46,4186.46,61,0,1,1602.9,2139.0,536.0,2,2,74.7,0.0,52.6,95.9,312.0,75.5
2026-09-19 21:30:39,mfsweep_shard0,LRT_MMUR,46,4186.46,62,0,1,1629.2,2187.7,558.5,2,2,71.9,0.0,41.8,78.3,366.4,71.9
2026-09-19 21:30:39,mfsweep_shard0,LRT_MMUR,46,4186.46,63,0,1,1655.5,2068.9,413.5,2,2,76.1,0.0,32.3,85.1,219.9,76.1
2026-09-19 21:30:39,mfsweep_shard0,LRT_MMUR,46,4186.46,64,0,1,1681.8,1909.3,227.6,2,2,81.4,0.0,54.9,78.5,12.8,81.4
2026-09-19 21:30:39,mfsweep_shard0,LRT_MMUR,46,4186.46,65,0,1,1708.0,1956.3,248.3,2,2,79.2,0.0,42.8,74.9,51.5,79.2
2026-09-19 21:30:39,mfsweep_shard0,LRT_MMUR,46,4186.46,66,0,1,1734.3,2323.1,588.8,2,2,61.1,0.0,34.0,86.3,407.4,61.1
2026-09-19 21:30:39,mfsweep_shard0,LRT_MMUR,46,4186.46,67,0,1,1760.6,4109.0,2348.4,2,2,54.6,0.0,160.2,210.3,1923.3,54.6
2026-09-19 21:30:39,mfsweep_shard0,LRT_MMUR,46,4186.46,68,0,1,1786.9,2242.1,455.2,2,2,64.0,0.0,99.6,68.4,223.2,64.0
2026-09-19 21:30:39,mfsweep_shard0,LRT_MMUR,46,4186.46,69,0,1,1813.1,2273.9,460.7,2,2,62.4,0.0,51.6,69.8,277.0,62.4
2026-09-19 21:30:39,mfsweep_shard0,LRT_MMUR,46,4186.46,70,0,1,1839.4,2045.8,206.4,2,2,60.5,0.0,80.5,65.4,0.0,60.5
2026-09-19 21:30:39,mfsweep_shard0,LRT_MMUR,46,4186.46,71,0,1,1865.7,2202.4,336.7,2,2,84.7,0.0,91.7,94.8,65.5,84.7
2026-09-19 21:30:39,mfsweep_shard0,LRT_MMUR,46,4186.46,72,0,1,1892.0,2098.0,206.0,2,2,82.5,0.0,41.9,69.6,12.1,82.5
2026-09-19 21:30:39,mfsweep_shard0,LRT_MMUR,46,4186.46,73,0,1,1918.3,2169.4,251.2,2,2,63.9,0.0,61.3,125.9,0.0,63.9
2026-09-19 21:30:39,mfsweep_shard0,LRT_MMUR,46,4186.46,74,0,1,1944.5,2223.9,279.3,2,2,75.2,0.0,44.9,147.0,12.2,75.2
2026-09-19 21:30:39,mfsweep_shard0,LRT_MMUR,46,4186.46,75,0,1,1970.8,2700.5,729.7,2,2,66.6,0.0,94.5,150.1,418.5,66.6
2026-09-19 21:30:39,mfsweep_shard0,LRT_MMUR,46,4186.46,76,0,1,1997.1,2291.8,294.8,2,2,83.7,0.0,55.1,137.9,18.0,83.7
2026-09-19 21:30:39,mfsweep_shard0,LRT_MMUR,46,4186.46,77,0,1,2023.4,2665.6,642.3,2,2,68.7,0.1,103.0,103.2,350.4,85.6
2026-09-19 21:30:39,mfsweep_shard0,LRT_MMUR,46,4186.46,78,0,1,2049.6,2775.5,725.9,2,2,62.3,0.1,93.2,109.9,460.3,62.3
2026-09-19 21:30:39,mfsweep_shard0,LRT_MMUR,46,4186.46,79,0,1,2075.9,3984.1,1908.2,2,2,61.7,0.1,235.1,224.5,1314.4,134.1
2026-09-19 21:30:39,mfsweep_shard0,LRT_MMUR,46,4186.46,80,0,1,2102.2,2343.8,241.6,2,2,72.1,0.0,47.7,99.6,22.2,72.1
2026-09-19 21:30:39,mfsweep_shard0,LRT_MMUR,46,4186.46,81,0,1,2128.5,2804.4,675.9,2,2,62.2,0.1,138.9,140.0,296.3,100.6
2026-09-19 21:30:39,mfsweep_shard0,LRT_MMUR,46,4186.46,82,0,1,2154.7,2392.1,237.4,2,2,72.8,0.0,54.8,103.8,6.0,72.8
2026-09-19 21:30:39,mfsweep_shard0,LRT_MMUR,46,4186.46,83,0,1,2181.0,2575.6,394.6,2,2,83.2,0.2,149.2,84.8,77.2,83.2
2026-09-19 21:30:39,mfsweep_shard0,LRT_MMUR,46,4186.46,84,0,1,2207.3,2467.0,259.7,2,2,66.7,0.0,52.1,68.4,72.4,66.7
2026-09-19 21:30:39,mfsweep_shard0,LRT_MMUR,46,4186.46,85,0,1,2233.6,4029.0,1795.4,2,2,60.8,0.2,174.2,217.3,1343.0,60.8
2026-09-19 21:30:39,mfsweep_shard0,LRT_MMUR,46,4186.46,86,0,1,2259.9,2499.2,239.3,2,2,86.5,0.0,42.9,90.7,19.2,86.5
2026-09-19 21:30:39,mfsweep_shard0,LRT_MMUR,46,4186.46,87,0,1,2286.1,2547.6,261.5,2,2,70.4,0.0,69.1,122.0,0.0,70.4
2026-09-19 21:30:39,mfsweep_shard0,LRT_MMUR,46,4186.46,88,0,1,2312.4,2818.3,505.8,2,2,56.5,0.0,70.6,144.3,234.4,56.5
2026-09-19 21:30:39,mfsweep_shard0,LRT_MMUR,46,4186.46,89,0,1,2338.7,2570.0,231.3,2,2,55.1,0.0,55.6,120.6,0.0,55.1
2026-09-19 21:30:39,mfsweep_shard0,LRT_MMUR,46,4186.46,90,0,1,2365.0,2601.5,236.6,2,2,57.2,0.0,68.8,84.1,26.4,57.2
2026-09-19 21:30:39,mfsweep_shard0,LRT_MMUR,46,4186.46,91,0,1,2391.2,2695.7,304.4,2,2,74.3,0.0,58.7,71.9,99.5,74.3
2026-09-19 21:30:39,mfsweep_shard0,LRT_MMUR,46,4186.46,92,0,1,2417.5,2654.4,236.9,2,2,79.7,0.0,58.7,90.1,8.4,79.7
2026-09-19 21:30:39,mfsweep_shard0,LRT_MMUR,46,4186.46,93,0,1,2443.8,2756.8,313.0,2,2,67.5,0.0,72.9,63.1,109.6,67.5
2026-09-19 21:30:39,mfsweep_shard0,LRT_MMUR,46,4186.46,94,0,1,2470.1,2871.9,401.8,2,2,55.6,0.0,57.6,80.0,208.6,55.6
2026-09-19 21:30:39,mfsweep_shard0,LRT_MMUR,46,4186.46,95,0,1,2496.4,3210.4,714.0,2,2,66.1,0.0,74.1,82.4,491.4,66.1
2026-09-19 21:30:39,mfsweep_shard0,LRT_MMUR,46,4186.46,96,0,1,2522.6,2728.7,206.0,2,2,86.4,0.0,53.0,66.6,0.0,86.4
2026-09-19 21:30:39,mfsweep_shard0,LRT_MMUR,46,4186.46,97,0,1,2548.9,3170.2,621.2,2,2,71.0,0.0,72.6,95.7,382.0,71.0
2026-09-19 21:30:39,mfsweep_shard0,LRT_MMUR,46,4186.46,98,0,1,2575.2,2823.1,248.0,2,2,85.6,0.0,54.4,84.5,23.4,85.6
2026-09-19 21:30:39,mfsweep_shard0,LRT_MMUR,46,4186.46,99,0,1,2601.5,2902.0,300.6,2,2,82.0,0.0,95.5,83.7,39.3,82.0
2026-09-19 21:30:39,mfsweep_shard0,LRT_MMUR,46,4186.46,100,0,1,2627.7,4148.3,1520.6,2,2,53.9,0.2,149.9,187.1,1129.5,53.9
2026-09-19 21:30:39,mfsweep_shard0,LRT_MMUR,46,4186.46,101,0,1,2654.0,2897.3,243.3,2,2,77.3,0.0,5.2,124.1,36.6,77.3
2026-09-19 21:30:39,mfsweep_shard0,LRT_MMUR,46,4186.46,102,0,1,2680.3,2972.6,292.3,2,2,76.0,0.0,24.7,121.0,70.6,76.0
2026-09-19 21:30:39,mfsweep_shard0,LRT_MMUR,46,4186.46,103,0,1,2706.6,3079.4,372.8,2,2,71.3,0.0,28.3,125.4,147.8,71.3
2026-09-19 21:30:39,mfsweep_shard0,LRT_MMUR,46,4186.46,104,0,1,2732.9,3262.9,530.1,2,2,62.4,0.0,52.9,67.1,347.7,62.4
2026-09-19 21:30:39,mfsweep_shard0,LRT_MMUR,46,4186.46,105,0,1,2759.1,3039.0,279.8,2,2,74.7,0.0,107.3,75.4,22.4,74.7
2026-09-19 21:30:39,mfsweep_shard0,LRT_MMUR,46,4186.46,106,0,1,2785.4,2994.1,208.7,2,2,57.2,0.0,60.3,91.1,0.0,57.2
2026-09-19 21:30:39,mfsweep_shard0,LRT_MMUR,46,4186.46,107,0,1,2811.7,3008.3,196.6,2,2,67.9,0.0,40.4,82.3,6.0,67.9
2026-09-19 21:30:39,mfsweep_shard0,LRT_MMUR,46,4186.46,108,0,1,2838.0,3470.9,632.9,2,2,68.5,0.0,58.7,106.0,399.7,68.5
2026-09-19 21:30:39,mfsweep_shard0,LRT_MMUR,46,4186.46,109,0,1,2864.2,3114.6,250.4,2,2,85.0,0.0,43.0,89.3,33.1,85.0
2026-09-19 21:30:39,mfsweep_shard0,LRT_MMUR,46,4186.46,110,0,1,2890.5,3152.1,261.6,2,2,82.4,0.0,65.4,99.5,14.2,82.4
2026-09-19 21:30:39,mfsweep_shard0,LRT_MMUR,46,4186.46,111,0,1,2916.8,3576.1,659.3,2,2,62.2,0.0,49.5,125.8,421.7,62.2
2026-09-19 21:30:39,mfsweep_shard0,LRT_MMUR,46,4186.46,112,0,1,2943.1,3439.0,495.9,2,2,70.1,0.0,62.1,130.8,233.0,70.1
2026-09-19 21:30:39,mfsweep_shard0,LRT_MMUR,46,4186.46,113,0,1,2969.3,3617.6,648.3,2,2,59.4,0.0,37.7,125.8,425.2,59.4
2026-09-19 21:30:39,mfsweep_shard0,LRT_MMUR,46,4186.46,114,0,1,2995.6,3228.8,233.2,2,2,83.7,0.0,73.0,69.3,7.2,83.7
2026-09-19 21:30:39,mfsweep_shard0,LRT_MMUR,46,4186.46,115,0,1,3021.9,3331.9,310.0,2,2,82.3,0.0,88.9,90.4,48.3,82.3
2026-09-19 21:30:39,mfsweep_shard0,LRT_MMUR,46,4186.46,116,0,1,3048.2,3519.6,471.4,2,2,63.4,0.0,23.6,87.0,297.4,63.4
2026-09-19 21:30:39,mfsweep_shard0,LRT_MMUR,46,4186.46,117,0,1,3074.5,3358.9,284.5,2,2,74.6,0.0,73.2,67.0,69.7,74.6
2026-09-19 21:30:39,mfsweep_shard0,LRT_MMUR,46,4186.46,118,0,1,3100.7,3318.0,217.3,2,2,73.6,0.0,60.4,83.2,0.0,73.6
2026-09-19 21:30:39,mfsweep_shard0,LRT_MMUR,46,4186.46,119,0,1,3127.0,3322.7,195.6,2,2,58.6,0.0,31.4,81.1,24.5,58.6
2026-09-19 21:30:39,mfsweep_shard0,LRT_MMUR,46,4186.46,120,0,1,3153.3,3480.4,327.1,2,2,78.7,0.0,53.3,87.6,107.5,78.7
2026-09-19 21:30:39,mfsweep_shard0,LRT_MMUR,46,4186.46,121,0,1,3179.6,3524.4,344.9,2,2,71.3,0.0,43.7,72.1,157.7,71.3
2026-09-19 21:30:39,mfsweep_shard0,LRT_MMUR,46,4186.46,122,0,1,3205.8,3414.3,208.4,2,2,79.2,0.0,57.1,68.4,3.6,79.2
2026-09-19 21:30:39,mfsweep_shard0,LRT_MMUR,46,4186.46,123,0,1,3232.1,3840.5,608.4,2,2,71.0,0.1,119.7,116.6,289.9,82.0
2026-09-19 21:30:39,mfsweep_shard0,LRT_MMUR,46,4186.46,124,0,1,3258.4,4186.5,928.1,2,2,53.6,0.1,146.0,118.7,609.7,53.6
2026-09-19 21:30:39,mfsweep_shard0,LRT_MMUR,46,4186.46,125,0,1,3284.7,3888.8,604.1,2,2,64.2,0.1,138.2,111.2,290.3,64.2
2026-09-19 21:30:39,mfsweep_shard0,LRT_MMUR,46,4186.46,126,0,1,3311.0,3528.8,217.8,2,2,54.2,0.0,71.9,91.8,0.0,54.2
2026-09-19 21:30:39,mfsweep_shard0,LRT_MMUR,46,4186.46,127,0,1,3337.2,3571.4,234.2,2,2,84.2,0.0,37.7,112.2,0.0,84.2
2026-09-19 21:30:39,mfsweep_shard0,LRT_MMUR,46,4186.46,128,0,1,3363.5,3679.9,316.4,2,2,82.5,0.0,41.0,165.7,27.1,82.5
2026-09-19 21:30:39,mfsweep_shard0,LRT_MMUR,46,4186.46,129,0,1,3389.8,3786.1,396.3,2,2,81.0,0.0,47.6,110.6,157.0,81.0
2026-09-19 21:30:39,mfsweep_shard0,LRT_MMUR,46,4186.46,130,0,1,3416.1,3938.4,522.3,2,2,63.7,0.0,81.2,80.6,296.7,63.7
2026-09-19 21:30:39,mfsweep_shard0,LRT_MMUR,46,4186.46,131,0,1,3442.3,4069.8,627.5,2,2,55.5,0.0,43.6,64.0,464.4,55.5
2026-09-19 21:30:39,mfsweep_shard0,LRT_MMUR,46,4186.46,132,0,1,3468.6,3721.3,252.6,2,2,82.5,0.0,86.0,82.4,1.7,82.5
2026-09-19 21:30:39,mfsweep_shard0,LRT_MMUR,46,4186.46,133,0,1,3494.9,3835.9,341.0,2,2,84.8,0.0,128.3,115.0,12.9,84.8
2026-09-19 21:30:39,mfsweep_shard0,LRT_MMUR,46,4186.46,134,0,1,3521.2,3770.0,248.9,2,2,56.4,0.0,112.7,79.8,0.0,56.4
2026-09-19 21:30:39,mfsweep_shard0,LRT_MMUR,46,4186.46,135,0,1,3547.5,3893.6,346.1,2,2,69.6,0.0,105.6,108.0,48.0,84.5
2026-09-19 21:30:39,mfsweep_shard0,LRT_MMUR,46,4186.46,136,0,1,3573.7,3933.9,360.2,2,2,55.8,0.0,75.8,100.0,128.6,55.8
2026-09-19 21:34:40,mfsweep_shard0,LRT_MMUR,47,3964.60,0,0,1,0.0,203.3,203.3,2,2,74.6,0.0,56.1,72.5,0.0,74.6
2026-09-19 21:34:40,mfsweep_shard0,LRT_MMUR,47,3964.60,1,0,1,26.3,835.1,808.8,2,2,54.4,0.0,134.5,157.6,432.7,84.0
2026-09-19 21:34:40,mfsweep_shard0,LRT_MMUR,47,3964.60,2,0,1,52.6,252.3,199.7,2,2,62.6,0.0,73.2,63.8,0.0,62.6
2026-09-19 21:34:40,mfsweep_shard0,LRT_MMUR,47,3964.60,3,0,1,78.8,292.2,213.3,2,2,60.9,0.0,54.8,71.4,26.2,60.9
2026-09-19 21:34:40,mfsweep_shard0,LRT_MMUR,47,3964.60,4,0,1,105.1,282.8,177.7,2,2,77.8,0.0,29.4,70.4,0.0,77.8
2026-09-19 21:34:40,mfsweep_shard0,LRT_MMUR,47,3964.60,5,0,1,131.4,502.4,371.0,2,2,75.9,0.0,69.8,111.6,58.4,131.1
2026-09-19 21:34:40,mfsweep_shard0,LRT_MMUR,47,3964.60,6,0,1,157.7,561.6,403.9,2,2,83.0,0.1,84.5,135.8,100.5,83.0
2026-09-19 21:34:40,mfsweep_shard0,LRT_MMUR,47,3964.60,7,0,1,183.9,756.8,572.8,2,2,56.4,0.1,115.8,123.3,277.2,56.4
2026-09-19 21:34:40,mfsweep_shard0,LRT_MMUR,47,3964.60,8,0,1,210.2,697.3,487.0,2,2,67.5,0.1,106.6,152.3,160.6,67.5
2026-09-19 21:34:40,mfsweep_shard0,LRT_MMUR,47,3964.60,9,0,1,236.5,408.5,172.0,2,2,54.5,0.0,39.4,78.0,0.0,54.5
2026-09-19 21:34:40,mfsweep_shard0,LRT_MMUR,47,3964.60,10,0,1,262.8,747.2,484.4,2,2,60.8,0.0,73.5,109.2,240.9,60.8
2026-09-19 21:34:40,mfsweep_shard0,LRT_MMUR,47,3964.60,11,0,1,289.1,609.4,320.4,2,2,70.2,0.0,29.9,82.2,138.1,70.2
2026-09-19 21:34:40,mfsweep_shard0,LRT_MMUR,47,3964.60,12,0,1,315.3,802.8,487.4,2,2,54.4,0.0,67.1,72.8,293.1,54.4
2026-09-19 21:34:40,mfsweep_shard0,LRT_MMUR,47,3964.60,13,0,1,341.6,583.7,242.1,2,2,60.1,0.0,55.0,126.7,0.0,60.3
2026-09-19 21:34:40,mfsweep_shard0,LRT_MMUR,47,3964.60,14,0,1,367.9,629.6,261.8,2,2,75.0,0.0,64.9,105.1,16.7,75.0
2026-09-19 21:34:40,mfsweep_shard0,LRT_MMUR,47,3964.60,15,0,1,394.2,692.9,298.8,2,2,71.5,0.0,48.0,97.5,81.7,71.5
2026-09-19 21:34:40,mfsweep_shard0,LRT_MMUR,47,3964.60,16,0,1,420.4,711.9,291.5,2,2,60.8,0.0,32.2,72.3,126.1,60.8
2026-09-19 21:34:40,mfsweep_shard0,LRT_MMUR,47,3964.60,17,0,1,446.7,717.6,270.9,2,2,73.0,0.0,66.8,131.0,0.0,73.0
2026-09-19 21:34:40,mfsweep_shard0,LRT_MMUR,47,3964.60,18,0,1,473.0,765.4,292.4,2,2,80.3,0.0,90.1,73.2,48.8,80.3
2026-09-19 21:34:40,mfsweep_shard0,LRT_MMUR,47,3964.60,19,0,1,499.3,1129.6,630.3,2,2,53.8,0.0,77.4,83.9,415.3,53.8
2026-09-19 21:34:40,mfsweep_shard0,LRT_MMUR,47,3964.60,20,0,1,525.6,783.9,258.3,2,2,80.1,0.0,63.0,65.4,49.8,80.1
2026-09-19 21:34:40,mfsweep_shard0,LRT_MMUR,47,3964.60,21,0,1,551.8,957.2,405.3,2,2,76.6,0.0,62.2,79.7,186.8,76.6
2026-09-19 21:34:40,mfsweep_shard0,LRT_MMUR,47,3964.60,22,0,1,578.1,966.5,388.4,2,2,64.8,0.0,49.5,101.3,172.8,64.8
2026-09-19 21:34:40,mfsweep_shard0,LRT_MMUR,47,3964.60,23,0,1,604.4,1080.1,475.8,2,2,58.7,0.0,39.7,91.2,286.2,58.7
2026-09-19 21:34:40,mfsweep_shard0,LRT_MMUR,47,3964.60,24,0,1,630.7,879.3,248.6,2,2,85.1,0.0,35.4,81.8,46.2,85.1
2026-09-19 21:34:40,mfsweep_shard0,LRT_MMUR,47,3964.60,25,0,1,656.9,1050.9,393.9,2,2,64.7,0.0,45.1,91.1,193.0,64.7
2026-09-19 21:34:40,mfsweep_shard0,LRT_MMUR,47,3964.60,26,0,1,683.2,896.1,212.9,2,2,56.6,0.0,68.2,88.1,0.0,56.6
2026-09-19 21:34:40,mfsweep_shard0,LRT_MMUR,47,3964.60,27,0,1,709.5,952.8,243.3,2,2,56.7,0.0,80.3,86.8,19.4,56.7
2026-09-19 21:34:40,mfsweep_shard0,LRT_MMUR,47,3964.60,28,0,1,735.8,971.7,235.9,2,2,81.5,0.0,33.8,87.8,32.7,81.5
2026-09-19 21:34:40,mfsweep_shard0,LRT_MMUR,47,3964.60,29,0,1,762.0,1307.2,545.1,2,2,73.5,0.0,40.8,78.8,352.0,73.5
2026-09-19 21:34:40,mfsweep_shard0,LRT_MMUR,47,3964.60,30,0,1,788.3,1067.9,279.6,2,2,80.2,0.0,60.2,92.0,47.1,80.2
2026-09-19 21:34:40,mfsweep_shard0,LRT_MMUR,47,3964.60,31,0,1,814.6,1261.3,446.7,2,2,77.6,0.0,44.3,106.3,218.4,77.6
2026-09-19 21:34:40,mfsweep_shard0,LRT_MMUR,47,3964.60,32,0,1,840.9,1428.2,587.3,2,2,71.2,0.0,62.3,70.5,383.3,71.2
2026-09-19 21:34:40,mfsweep_shard0,LRT_MMUR,47,3964.60,33,0,1,867.2,1139.2,272.1,2,2,85.7,0.0,97.9,74.7,13.8,85.7
2026-09-19 21:34:40,mfsweep_shard0,LRT_MMUR,47,3964.60,34,0,1,893.4,1461.7,568.2,2,2,66.0,0.0,44.1,67.4,390.6,66.0
2026-09-19 21:34:40,mfsweep_shard0,LRT_MMUR,47,3964.60,35,0,1,919.7,1362.2,442.5,2,2,71.8,0.0,41.5,97.6,231.6,71.8
2026-09-19 21:34:40,mfsweep_shard0,LRT_MMUR,47,3964.60,36,0,1,946.0,1203.2,257.2,2,2,80.9,0.0,67.3,78.6,30.4,80.9
2026-09-19 21:34:40,mfsweep_shard0,LRT_MMUR,47,3964.60,37,0,1,972.3,1399.0,426.7,2,2,74.0,0.0,100.9,72.0,179.8,74.0
2026-09-19 21:34:40,mfsweep_shard0,LRT_MMUR,47,3964.60,38,0,1,998.5,1283.9,285.4,2,2,82.0,0.0,95.9,64.2,43.3,82.0
2026-09-19 21:34:40,mfsweep_shard0,LRT_MMUR,47,3964.60,39,0,1,1024.8,1198.5,173.6,2,2,72.6,0.0,31.6,69.4,0.0,72.6
2026-09-19 21:34:40,mfsweep_shard0,LRT_MMUR,47,3964.60,40,0,1,1051.1,1341.4,290.3,2,2,76.8,0.0,60.3,86.8,66.3,76.8
2026-09-19 21:34:40,mfsweep_shard0,LRT_MMUR,47,3964.60,41,0,1,1077.4,2132.0,1054.7,2,2,55.1,0.0,62.4,95.4,841.7,55.1
2026-09-19 21:34:40,mfsweep_shard0,LRT_MMUR,47,3964.60,42,0,1,1103.7,1924.0,820.3,2,2,61.1,0.0,85.9,119.9,553.5,61.1
2026-09-19 21:34:40,mfsweep_shard0,LRT_MMUR,47,3964.60,43,0,1,1129.9,1433.7,303.8,2,2,63.1,0.0,47.1,65.8,127.8,63.1
2026-09-19 21:34:40,mfsweep_shard0,LRT_MMUR,47,3964.60,44,0,1,1156.2,2102.0,945.8,2,2,56.2,0.1,104.8,143.9,640.8,56.2
2026-09-19 21:34:40,mfsweep_shard0,LRT_MMUR,47,3964.60,45,0,1,1182.5,1892.2,709.7,2,2,61.2,0.1,99.7,165.7,382.9,61.2
2026-09-19 21:34:40,mfsweep_shard0,LRT_MMUR,47,3964.60,46,0,1,1208.8,2070.5,861.8,2,2,56.9,0.1,164.0,160.5,480.2,56.9
2026-09-19 21:34:40,mfsweep_shard0,LRT_MMUR,47,3964.60,47,0,1,1235.0,1721.8,486.7,2,2,62.7,0.1,102.3,174.3,122.1,87.8
2026-09-19 21:34:40,mfsweep_shard0,LRT_MMUR,47,3964.60,48,0,1,1261.3,1517.2,255.9,2,2,74.5,0.0,74.4,69.2,37.8,74.5
2026-09-19 21:34:40,mfsweep_shard0,LRT_MMUR,47,3964.60,49,0,1,1287.6,1473.0,185.4,2,2,65.6,0.0,46.3,73.5,0.0,65.6
2026-09-19 21:34:40,mfsweep_shard0,LRT_MMUR,47,3964.60,50,0,1,1313.9,1544.2,230.3,2,2,65.8,0.0,79.7,74.0,10.9,65.8
2026-09-19 21:34:40,mfsweep_shard0,LRT_MMUR,47,3964.60,51,0,1,1340.2,1958.1,618.0,2,2,60.5,0.0,46.1,65.9,445.5,60.5
2026-09-19 21:34:40,mfsweep_shard0,LRT_MMUR,47,3964.60,52,0,1,1366.4,1835.0,468.5,2,2,62.4,0.0,52.7,109.1,244.3,62.4
2026-09-19 21:34:40,mfsweep_shard0,LRT_MMUR,47,3964.60,53,0,1,1392.7,1595.4,202.7,2,2,84.5,0.0,33.7,67.0,17.5,84.5
2026-09-19 21:34:40,mfsweep_shard0,LRT_MMUR,47,3964.60,54,0,1,1419.0,1689.3,270.4,2,2,74.9,0.0,80.4,94.0,21.0,74.9
2026-09-19 21:34:40,mfsweep_shard0,LRT_MMUR,47,3964.60,55,0,1,1445.3,1779.2,334.0,2,2,73.6,0.0,82.9,153.4,24.0,73.6
2026-09-19 21:34:40,mfsweep_shard0,LRT_MMUR,47,3964.60,56,0,1,1471.5,2021.9,550.3,2,2,59.2,0.0,84.0,99.8,307.3,59.2
2026-09-19 21:34:40,mfsweep_shard0,LRT_MMUR,47,3964.60,57,0,1,1497.8,1807.6,309.7,2,2,77.6,0.0,86.9,145.2,0.0,77.6
2026-09-19 21:34:40,mfsweep_shard0,LRT_MMUR,47,3964.60,58,0,1,1524.1,2892.6,1368.5,2,2,58.9,0.0,138.6,213.3,909.2,107.4
2026-09-19 21:34:40,mfsweep_shard0,LRT_MMUR,47,3964.60,59,0,1,1550.4,1988.5,438.1,2,2,66.1,0.0,38.4,92.8,240.8,66.1
2026-09-19 21:34:40,mfsweep_shard0,LRT_MMUR,47,3964.60,60,0,1,1576.6,1897.0,320.4,2,2,86.2,0.0,104.5,103.7,25.9,86.2
2026-09-19 21:34:40,mfsweep_shard0,LRT_MMUR,47,3964.60,61,0,1,1602.9,1839.8,236.9,2,2,74.7,0.0,44.6,107.4,10.3,74.7
2026-09-19 21:34:40,mfsweep_shard0,LRT_MMUR,47,3964.60,62,0,1,1629.2,1938.3,309.1,2,2,71.9,0.0,35.6,81.1,120.4,71.9
2026-09-19 21:34:40,mfsweep_shard0,LRT_MMUR,47,3964.60,63,0,1,1655.5,2012.7,357.2,2,2,76.1,0.0,58.3,113.4,109.3,76.1
2026-09-19 21:34:40,mfsweep_shard0,LRT_MMUR,47,3964.60,64,0,1,1681.8,1874.2,192.5,2,2,81.4,0.0,46.0,65.1,0.0,81.4
2026-09-19 21:34:40,mfsweep_shard0,LRT_MMUR,47,3964.60,65,0,1,1708.0,1919.4,211.4,2,2,79.2,0.0,19.7,95.5,17.0,79.2
2026-09-19 21:34:40,mfsweep_shard0,LRT_MMUR,47,3964.60,66,0,1,1734.3,2531.2,796.9,2,2,61.1,0.0,64.8,93.4,577.6,61.1
2026-09-19 21:34:40,mfsweep_shard0,LRT_MMUR,47,3964.60,67,0,1,1760.6,3408.9,1648.4,2,2,54.6,0.1,162.3,134.3,1297.1,54.6
2026-09-19 21:34:40,mfsweep_shard0,LRT_MMUR,47,3964.60,68,0,1,1786.9,2066.0,279.1,2,2,64.0,0.0,86.5,87.2,41.5,64.0
2026-09-19 21:34:40,mfsweep_shard0,LRT_MMUR,47,3964.60,69,0,1,1813.1,2484.5,671.4,2,2,62.4,0.0,59.8,72.3,476.8,62.4
2026-09-19 21:34:40,mfsweep_shard0,LRT_MMUR,47,3964.60,70,0,1,1839.4,2584.4,745.0,2,2,60.5,0.0,70.3,78.8,535.4,60.5
2026-09-19 21:34:40,mfsweep_shard0,LRT_MMUR,47,3964.60,71,0,1,1865.7,2115.9,250.2,2,2,84.7,0.0,47.3,73.0,45.2,84.7
2026-09-19 21:34:40,mfsweep_shard0,LRT_MMUR,47,3964.60,72,0,1,1892.0,2190.8,298.8,2,2,82.5,0.0,44.6,90.5,81.2,82.5
2026-09-19 21:34:40,mfsweep_shard0,LRT_MMUR,47,3964.60,73,0,1,1918.3,2419.1,500.9,2,2,63.9,0.0,39.6,89.7,307.7,63.9
2026-09-19 21:34:40,mfsweep_shard0,LRT_MMUR,47,3964.60,74,0,1,1944.5,2303.8,359.3,2,2,75.2,0.0,31.7,81.7,170.8,75.2
2026-09-19 21:34:40,mfsweep_shard0,LRT_MMUR,47,3964.60,75,0,1,1970.8,2373.5,402.7,2,2,66.6,0.0,56.3,66.6,213.2,66.6
2026-09-19 21:34:40,mfsweep_shard0,LRT_MMUR,47,3964.60,76,0,1,1997.1,2268.4,271.3,2,2,83.7,0.0,66.7,87.2,33.6,83.7
2026-09-19 21:34:40,mfsweep_shard0,LRT_MMUR,47,3964.60,77,0,1,2023.4,2207.6,184.2,2,2,68.7,0.0,49.4,66.1,0.0,68.7
2026-09-19 21:34:40,mfsweep_shard0,LRT_MMUR,47,3964.60,78,0,1,2049.6,2255.5,205.8,2,2,62.3,0.0,55.7,66.1,21.7,62.3
2026-09-19 21:34:40,mfsweep_shard0,LRT_MMUR,47,3964.60,79,0,1,2075.9,2588.9,513.0,2,2,61.7,0.0,114.5,75.5,248.8,74.1
2026-09-19 21:34:40,mfsweep_shard0,LRT_MMUR,47,3964.60,80,0,1,2102.2,2284.1,181.9,2,2,72.1,0.0,45.1,64.7,0.0,72.1
2026-09-19 21:34:40,mfsweep_shard0,LRT_MMUR,47,3964.60,81,0,1,2128.5,2378.0,249.5,2,2,62.2,0.0,65.7,79.0,42.5,62.2
2026-09-19 21:34:40,mfsweep_shard0,LRT_MMUR,47,3964.60,82,0,1,2154.7,2406.2,251.5,2,2,72.8,0.0,78.2,64.0,36.4,72.8
2026-09-19 21:34:40,mfsweep_shard0,LRT_MMUR,47,3964.60,83,0,1,2181.0,2471.7,290.7,2,2,83.2,0.0,27.7,123.4,56.4,83.2
2026-09-19 21:34:40,mfsweep_shard0,LRT_MMUR,47,3964.60,84,0,1,2207.3,2535.6,328.3,2,2,66.7,0.0,63.8,78.0,119.7,66.7
2026-09-19 21:34:40,mfsweep_shard0,LRT_MMUR,47,3964.60,85,0,1,2233.6,2579.6,346.0,2,2,60.8,0.0,87.7,88.0,109.5,60.8
2026-09-19 21:34:40,mfsweep_shard0,LRT_MMUR,47,3964.60,86,0,1,2259.9,2488.9,229.0,2,2,86.5,0.0,51.2,91.4,0.0,86.5
2026-09-19 21:34:40,mfsweep_shard0,LRT_MMUR,47,3964.60,87,0,1,2286.1,2524.3,238.1,2,2,70.4,0.0,88.1,74.3,5.4,70.4
2026-09-19 21:34:40,mfsweep_shard0,LRT_MMUR,47,3964.60,88,0,1,2312.4,3307.9,995.5,2,2,56.5,0.0,114.5,91.0,703.6,86.3
2026-09-19 21:34:40,mfsweep_shard0,LRT_MMUR,47,3964.60,89,0,1,2338.7,3348.0,1009.3,2,2,55.1,0.1,66.3,143.1,744.8,55.1
2026-09-19 21:34:40,mfsweep_shard0,LRT_MMUR,47,3964.60,90,0,1,2365.0,2593.7,228.8,2,2,57.2,0.0,20.5,143.0,8.1,57.2
2026-09-19 21:34:40,mfsweep_shard0,LRT_MMUR,47,3964.60,91,0,1,2391.2,2659.0,267.8,2,2,74.3,0.0,47.9,117.0,28.6,74.3
2026-09-19 21:34:40,mfsweep_shard0,LRT_MMUR,47,3964.60,92,0,1,2417.5,2757.5,340.0,2,2,79.7,0.0,81.4,121.1,57.8,79.7
2026-09-19 21:34:40,mfsweep_shard0,LRT_MMUR,47,3964.60,93,0,1,2443.8,2805.6,361.8,2,2,67.5,0.0,101.9,100.2,92.1,67.5
2026-09-19 21:34:40,mfsweep_shard0,LRT_MMUR,47,3964.60,94,0,1,2470.1,3329.9,859.8,2,2,55.6,0.1,94.5,86.3,623.3,55.6
2026-09-19 21:34:40,mfsweep_shard0,LRT_MMUR,47,3964.60,95,0,1,2496.4,2864.4,368.1,2,2,66.1,0.0,82.7,113.8,105.5,66.1
2026-09-19 21:34:40,mfsweep_shard0,LRT_MMUR,47,3964.60,96,0,1,2522.6,2748.2,225.6,2,2,86.4,0.0,70.2,68.9,0.0,86.4
2026-09-19 21:34:40,mfsweep_shard0,LRT_MMUR,47,3964.60,97,0,1,2548.9,2814.3,265.4,2,2,71.0,0.0,62.7,84.8,46.9,71.0
2026-09-19 21:34:40,mfsweep_shard0,LRT_MMUR,47,3964.60,98,0,1,2575.2,2897.3,322.1,2,2,85.6,0.0,81.1,110.8,44.5,85.6
2026-09-19 21:34:40,mfsweep_shard0,LRT_MMUR,47,3964.60,99,0,1,2601.5,2788.2,186.8,2,2,82.0,0.0,35.6,69.2,0.0,82.0
2026-09-19 21:34:40,mfsweep_shard0,LRT_MMUR,47,3964.60,100,0,1,2627.7,3515.7,887.9,2,2,53.9,0.0,134.2,130.5,556.9,66.3
2026-09-19 21:34:40,mfsweep_shard0,LRT_MMUR,47,3964.60,101,0,1,2654.0,2982.1,328.1,2,2,77.3,0.0,50.5,109.9,90.3,77.3
2026-09-19 21:34:40,mfsweep_shard0,LRT_MMUR,47,3964.60,102,0,1,2680.3,3023.7,343.4,2,2,76.0,0.0,48.9,159.1,45.7,89.6
2026-09-19 21:34:40,mfsweep_shard0,LRT_MMUR,47,3964.60,103,0,1,2706.6,3014.5,307.9,2,2,71.3,0.0,49.7,87.2,99.7,71.3
2026-09-19 21:34:40,mfsweep_shard0,LRT_MMUR,47,3964.60,104,0,1,2732.9,3061.1,328.3,2,2,62.4,0.0,74.3,98.6,93.0,62.4
2026-09-19 21:34:40,mfsweep_shard0,LRT_MMUR,47,3964.60,105,0,1,2759.1,2968.3,209.2,2,2,74.7,0.0,41.9,92.6,0.0,74.7
2026-09-19 21:34:40,mfsweep_shard0,LRT_MMUR,47,3964.60,106,0,1,2785.4,3260.2,474.8,2,2,57.2,0.0,116.5,114.7,186.3,57.2
2026-09-19 21:34:40,mfsweep_shard0,LRT_MMUR,47,3964.60,107,0,1,2811.7,3198.3,386.6,2,2,67.9,0.0,80.2,101.7,136.9,67.9
2026-09-19 21:34:40,mfsweep_shard0,LRT_MMUR,47,3964.60,108,0,1,2838.0,3147.9,309.9,2,2,68.5,0.0,48.6,77.0,115.7,68.5
2026-09-19 21:34:40,mfsweep_shard0,LRT_MMUR,47,3964.60,109,0,1,2864.2,3073.5,209.2,2,2,85.0,0.0,18.8,90.5,14.9,85.0
2026-09-19 21:34:40,mfsweep_shard0,LRT_MMUR,47,3964.60,110,0,1,2890.5,3143.2,252.6,2,2,82.4,0.0,38.1,132.1,0.0,82.4
2026-09-19 21:34:40,mfsweep_shard0,LRT_MMUR,47,3964.60,111,0,1,2916.8,3425.7,508.9,2,2,62.2,0.0,60.8,108.7,277.2,62.2
2026-09-19 21:34:40,mfsweep_shard0,LRT_MMUR,47,3964.60,112,0,1,2943.1,3325.2,382.1,2,2,70.1,0.0,40.4,119.8,151.8,70.1
2026-09-19 21:34:40,mfsweep_shard0,LRT_MMUR,47,3964.60,113,0,1,2969.3,3470.5,501.2,2,2,59.4,0.0,47.5,114.4,279.9,59.4
2026-09-19 21:34:40,mfsweep_shard0,LRT_MMUR,47,3964.60,114,0,1,2995.6,3211.1,215.5,2,2,83.7,0.0,41.5,79.5,10.9,83.7
2026-09-19 21:34:40,mfsweep_shard0,LRT_MMUR,47,3964.60,115,0,1,3021.9,3303.1,281.2,2,2,82.3,0.0,53.6,95.8,49.4,82.3
2026-09-19 21:34:40,mfsweep_shard0,LRT_MMUR,47,3964.60,116,0,1,3048.2,3379.4,331.3,2,2,63.4,0.0,51.4,69.8,146.6,63.4
2026-09-19 21:34:40,mfsweep_shard0,LRT_MMUR,47,3964.60,117,0,1,3074.5,3271.3,196.8,2,2,74.6,0.0,45.5,76.7,0.0,74.6
2026-09-19 21:34:40,mfsweep_shard0,LRT_MMUR,47,3964.60,118,0,1,3100.7,3485.5,384.7,2,2,73.6,0.0,77.8,84.8,148.4,73.6
2026-09-19 21:34:40,mfsweep_shard0,LRT_MMUR,47,3964.60,119,0,1,3127.0,3889.9,762.8,2,2,58.6,0.0,75.7,80.9,547.6,58.6
2026-09-19 21:34:40,mfsweep_shard0,LRT_MMUR,47,3964.60,120,0,1,3153.3,3370.2,216.9,2,2,78.7,0.0,60.5,76.5,1.2,78.7
2026-09-19 21:34:40,mfsweep_shard0,LRT_MMUR,47,3964.60,121,0,1,3179.6,3741.8,562.3,2,2,71.3,0.0,48.0,85.2,357.7,71.3
2026-09-19 21:34:40,mfsweep_shard0,LRT_MMUR,47,3964.60,122,0,1,3205.8,3451.6,245.8,2,2,79.2,0.0,53.5,103.3,9.7,79.2
2026-09-19 21:34:40,mfsweep_shard0,LRT_MMUR,47,3964.60,123,0,1,3232.1,3795.2,563.0,2,2,71.0,0.0,66.4,92.4,333.2,71.0
2026-09-19 21:34:40,mfsweep_shard0,LRT_MMUR,47,3964.60,124,0,1,3258.4,3964.6,706.2,2,2,53.6,0.0,35.9,73.6,543.1,53.6
2026-09-19 21:34:40,mfsweep_shard0,LRT_MMUR,47,3964.60,125,0,1,3284.7,3848.4,563.7,2,2,64.2,0.0,39.7,76.4,383.3,64.2
2026-09-19 21:34:40,mfsweep_shard0,LRT_MMUR,47,3964.60,126,0,1,3311.0,3930.3,619.4,2,2,54.2,0.0,41.8,80.8,442.5,54.2
2026-09-19 21:34:40,mfsweep_shard0,LRT_MMUR,47,3964.60,127,0,1,3337.2,3562.7,225.5,2,2,84.2,0.0,50.2,81.4,9.7,84.2
2026-09-19 21:34:40,mfsweep_shard0,LRT_MMUR,47,3964.60,128,0,1,3363.5,3622.2,258.7,2,2,82.5,0.0,36.3,82.4,57.5,82.5
2026-09-19 21:34:40,mfsweep_shard0,LRT_MMUR,47,3964.60,129,0,1,3389.8,3682.2,292.4,2,2,81.0,0.0,40.0,70.3,101.1,81.0
2026-09-19 21:34:40,mfsweep_shard0,LRT_MMUR,47,3964.60,130,0,1,3416.1,3648.0,231.9,2,2,63.7,0.0,33.3,134.9,0.0,63.7
2026-09-19 21:34:40,mfsweep_shard0,LRT_MMUR,47,3964.60,131,0,1,3442.3,3934.9,492.6,2,2,55.5,0.0,50.7,112.4,274.0,55.5
2026-09-19 21:34:40,mfsweep_shard0,LRT_MMUR,47,3964.60,132,0,1,3468.6,3799.5,330.9,2,2,82.5,0.0,47.8,132.2,68.4,82.5
2026-09-19 21:34:40,mfsweep_shard0,LRT_MMUR,47,3964.60,133,0,1,3494.9,3729.6,234.7,2,2,84.8,0.0,75.6,66.8,7.5,84.8
2026-09-19 21:34:40,mfsweep_shard0,LRT_MMUR,47,3964.60,134,0,1,3521.2,3894.4,373.2,2,2,56.4,0.0,41.1,67.9,207.8,56.4
2026-09-19 21:34:40,mfsweep_shard0,LRT_MMUR,47,3964.60,135,0,1,3547.5,3852.9,305.4,2,2,69.6,0.0,74.9,65.8,95.1,69.6
2026-09-19 21:34:40,mfsweep_shard0,LRT_MMUR,47,3964.60,136,0,1,3573.7,3767.2,193.5,2,2,55.8,0.0,73.0,64.6,0.0,55.8
2026-09-19 21:38:48,mfsweep_shard0,LRT_MMUR,48,4785.74,0,0,1,0.0,203.3,203.3,2,2,74.6,0.0,56.1,72.5,0.0,74.6
2026-09-19 21:38:48,mfsweep_shard0,LRT_MMUR,48,4785.74,1,0,1,26.3,258.5,232.3,2,2,54.4,0.0,76.1,78.0,23.7,54.4
2026-09-19 21:38:48,mfsweep_shard0,LRT_MMUR,48,4785.74,2,0,1,52.6,263.2,210.6,2,2,62.6,0.0,80.5,67.5,0.0,62.6
2026-09-19 21:38:48,mfsweep_shard0,LRT_MMUR,48,4785.74,3,0,1,78.8,301.7,222.9,2,2,60.9,0.0,69.3,66.4,26.2,60.9
2026-09-19 21:38:48,mfsweep_shard0,LRT_MMUR,48,4785.74,4,0,1,105.1,467.1,362.0,2,2,77.8,0.0,120.0,107.5,9.7,124.7
2026-09-19 21:38:48,mfsweep_shard0,LRT_MMUR,48,4785.74,5,0,1,131.4,658.1,526.7,2,2,75.9,0.1,135.6,131.6,167.3,92.1
2026-09-19 21:38:48,mfsweep_shard0,LRT_MMUR,48,4785.74,6,0,1,157.7,409.2,251.6,2,2,83.0,0.0,48.1,120.5,0.0,83.0
2026-09-19 21:38:48,mfsweep_shard0,LRT_MMUR,48,4785.74,7,0,1,183.9,902.9,718.9,2,2,56.4,0.1,92.0,166.2,404.3,56.4
2026-09-19 21:38:48,mfsweep_shard0,LRT_MMUR,48,4785.74,8,0,1,210.2,691.6,481.4,2,2,67.5,0.1,98.1,88.9,226.9,67.5
2026-09-19 21:38:48,mfsweep_shard0,LRT_MMUR,48,4785.74,9,0,1,236.5,428.0,191.5,2,2,54.5,0.0,64.3,72.6,0.0,54.5
2026-09-19 21:38:48,mfsweep_shard0,LRT_MMUR,48,4785.74,10,0,1,262.8,850.8,588.0,2,2,60.8,0.0,105.7,102.0,319.5,60.8
2026-09-19 21:38:48,mfsweep_shard0,LRT_MMUR,48,4785.74,11,0,1,289.1,542.6,253.5,2,2,70.2,0.0,75.7,86.6,20.9,70.2
2026-09-19 21:38:48,mfsweep_shard0,LRT_MMUR,48,4785.74,12,0,1,315.3,496.2,180.9,2,2,54.4,0.0,36.6,83.8,6.1,54.4
2026-09-19 21:38:48,mfsweep_shard0,LRT_MMUR,48,4785.74,13,0,1,341.6,855.7,514.0,2,2,60.1,0.0,57.6,102.0,294.3,60.1
2026-09-19 21:38:48,mfsweep_shard0,LRT_MMUR,48,4785.74,14,0,1,367.9,599.4,231.5,2,2,75.0,0.0,36.4,85.9,34.1,75.0
2026-09-19 21:38:48,mfsweep_shard0,LRT_MMUR,48,4785.74,15,0,1,394.2,767.8,373.6,2,2,71.5,0.0,94.0,182.5,9.7,87.5
2026-09-19 21:38:48,mfsweep_shard0,LRT_MMUR,48,4785.74,16,0,1,420.4,1876.7,1456.2,2,2,60.8,0.0,130.8,279.4,939.7,106.2
2026-09-19 21:38:48,mfsweep_shard0,LRT_MMUR,48,4785.74,17,0,1,446.7,1314.4,867.6,2,2,73.0,0.1,107.5,165.0,502.6,92.5
2026-09-19 21:38:48,mfsweep_shard0,LRT_MMUR,48,4785.74,18,0,1,473.0,809.1,336.1,2,2,80.3,0.1,79.9,117.3,58.6,80.3
2026-09-19 21:38:48,mfsweep_shard0,LRT_MMUR,48,4785.74,19,0,1,499.3,921.7,422.5,2,2,53.8,0.0,32.3,69.0,267.4,53.8
2026-09-19 21:38:48,mfsweep_shard0,LRT_MMUR,48,4785.74,20,0,1,525.6,893.9,368.3,2,2,80.1,0.0,110.7,84.1,93.4,80.1
2026-09-19 21:38:48,mfsweep_shard0,LRT_MMUR,48,4785.74,21,0,1,551.8,744.4,192.6,2,2,76.6,0.0,35.7,80.3,0.0,76.6
2026-09-19 21:38:48,mfsweep_shard0,LRT_MMUR,48,4785.74,22,0,1,578.1,2874.7,2296.6,2,2,64.8,0.1,246.2,276.5,1697.5,76.2
2026-09-19 21:38:48,mfsweep_shard0,LRT_MMUR,48,4785.74,23,0,1,604.4,3979.2,3374.8,2,2,58.7,0.2,254.6,281.3,2780.1,58.7
2026-09-19 21:38:48,mfsweep_shard0,LRT_MMUR,48,4785.74,24,0,1,630.7,933.8,303.2,2,2,85.1,0.0,41.9,118.0,58.1,85.1
2026-09-19 21:38:48,mfsweep_shard0,LRT_MMUR,48,4785.74,25,0,1,656.9,1543.4,886.5,2,2,64.7,0.2,138.0,180.9,502.7,64.7
2026-09-19 21:38:48,mfsweep_shard0,LRT_MMUR,48,4785.74,26,0,1,683.2,4461.1,3777.9,2,2,56.6,0.3,353.2,220.4,3147.4,56.6
2026-09-19 21:38:48,mfsweep_shard0,LRT_MMUR,48,4785.74,27,0,1,709.5,942.3,232.8,2,2,56.7,0.0,49.3,126.7,0.0,56.7
2026-09-19 21:38:48,mfsweep_shard0,LRT_MMUR,48,4785.74,28,0,1,735.8,1012.6,276.8,2,2,81.5,0.0,42.7,135.6,17.0,81.5
2026-09-19 21:38:48,mfsweep_shard0,LRT_MMUR,48,4785.74,29,0,1,762.0,1248.7,486.7,2,2,73.5,0.0,22.7,126.7,263.8,73.5
2026-09-19 21:38:48,mfsweep_shard0,LRT_MMUR,48,4785.74,30,0,1,788.3,1075.1,286.8,2,2,80.2,0.0,61.3,66.6,78.7,80.2
2026-09-19 21:38:48,mfsweep_shard0,LRT_MMUR,48,4785.74,31,0,1,814.6,1199.0,384.4,2,2,77.6,0.0,42.7,73.1,191.0,77.6
2026-09-19 21:38:48,mfsweep_shard0,LRT_MMUR,48,4785.74,32,0,1,840.9,1572.5,731.7,2,2,71.2,0.1,129.1,103.2,398.2,101.1
2026-09-19 21:38:48,mfsweep_shard0,LRT_MMUR,48,4785.74,33,0,1,867.2,1143.0,275.8,2,2,85.7,0.0,60.5,84.0,45.6,85.7
2026-09-19 21:38:48,mfsweep_shard0,LRT_MMUR,48,4785.74,34,0,1,893.4,1626.4,733.0,2,2,66.0,0.1,164.8,103.2,398.9,66.0
2026-09-19 21:38:48,mfsweep_shard0,LRT_MMUR,48,4785.74,35,0,1,919.7,1398.0,478.3,2,2,71.8,0.0,77.3,77.7,251.5,71.8
2026-09-19 21:38:48,mfsweep_shard0,LRT_MMUR,48,4785.74,36,0,1,946.0,1160.1,214.1,2,2,80.9,0.0,50.2,83.0,0.0,80.9
2026-09-19 21:38:48,mfsweep_shard0,LRT_MMUR,48,4785.74,37,0,1,972.3,1382.1,409.9,2,2,74.0,0.0,44.4,131.0,160.5,74.0
2026-09-19 21:38:48,mfsweep_shard0,LRT_MMUR,48,4785.74,38,0,1,998.5,1263.1,264.6,2,2,82.0,0.0,54.9,126.3,1.3,82.0
2026-09-19 21:38:48,mfsweep_shard0,LRT_MMUR,48,4785.74,39,0,1,1024.8,1474.7,449.9,2,2,72.6,0.0,65.9,141.7,169.6,72.6
2026-09-19 21:38:48,mfsweep_shard0,LRT_MMUR,48,4785.74,40,0,1,1051.1,1342.9,291.8,2,2,76.8,0.0,67.2,132.6,15.3,76.8
2026-09-19 21:38:48,mfsweep_shard0,LRT_MMUR,48,4785.74,41,0,1,1077.4,1510.9,433.6,2,2,55.1,0.0,73.1,70.9,234.5,55.1
2026-09-19 21:38:48,mfsweep_shard0,LRT_MMUR,48,4785.74,42,0,1,1103.7,1492.6,388.9,2,2,61.1,0.0,85.5,83.6,158.7,61.1
2026-09-19 21:38:48,mfsweep_shard0,LRT_MMUR,48,4785.74,43,0,1,1129.9,1393.6,263.6,2,2,63.1,0.0,88.7,80.2,31.6,63.1
2026-09-19 21:38:48,mfsweep_shard0,LRT_MMUR,48,4785.74,44,0,1,1156.2,1333.8,177.6,2,2,56.2,0.0,55.0,66.4,0.0,56.2
2026-09-19 21:38:48,mfsweep_shard0,LRT_MMUR,48,4785.74,45,0,1,1182.5,1447.8,265.4,2,2,61.2,0.0,88.4,92.6,23.1,61.2
2026-09-19 21:38:48,mfsweep_shard0,LRT_MMUR,48,4785.74,46,0,1,1208.8,4419.2,3210.4,2,2,56.9,0.3,248.9,168.0,2736.3,56.9
2026-09-19 21:38:48,mfsweep_shard0,LRT_MMUR,48,4785.74,47,0,1,1235.0,3045.5,1810.5,2,2,62.7,0.2,217.4,138.5,1391.7,62.7
2026-09-19 21:38:48,mfsweep_shard0,LRT_MMUR,48,4785.74,48,0,1,1261.3,1456.4,195.0,2,2,74.5,0.0,20.5,68.5,31.5,74.5
2026-09-19 21:38:48,mfsweep_shard0,LRT_MMUR,48,4785.74,49,0,1,1287.6,2834.8,1547.2,2,2,65.6,0.2,260.2,154.0,1052.6,80.2
2026-09-19 21:38:48,mfsweep_shard0,LRT_MMUR,48,4785.74,50,0,1,1313.9,1699.3,385.4,2,2,65.8,0.0,98.4,104.0,117.3,65.8
2026-09-19 21:38:48,mfsweep_shard0,LRT_MMUR,48,4785.74,51,0,1,1340.2,3299.7,1959.5,2,2,60.5,0.3,239.4,130.3,1529.1,60.5
2026-09-19 21:38:48,mfsweep_shard0,LRT_MMUR,48,4785.74,52,0,1,1366.4,1658.3,291.9,2,2,62.4,0.0,100.7,128.8,0.0,62.4
2026-09-19 21:38:48,mfsweep_shard0,LRT_MMUR,48,4785.74,53,0,1,1392.7,1787.1,394.4,2,2,84.5,0.0,142.4,152.7,14.8,84.5
2026-09-19 21:38:48,mfsweep_shard0,LRT_MMUR,48,4785.74,54,0,1,1419.0,2078.0,659.1,2,2,74.9,0.0,99.9,123.1,346.1,89.9
2026-09-19 21:38:48,mfsweep_shard0,LRT_MMUR,48,4785.74,55,0,1,1445.3,2125.6,680.4,2,2,73.6,0.1,90.3,129.8,386.6,73.6
2026-09-19 21:38:48,mfsweep_shard0,LRT_MMUR,48,4785.74,56,0,1,1471.5,3364.5,1893.0,2,2,59.2,0.2,189.1,230.5,1414.0,59.2
2026-09-19 21:38:48,mfsweep_shard0,LRT_MMUR,48,4785.74,57,0,1,1497.8,1974.0,476.2,2,2,77.6,0.1,52.7,137.3,208.5,77.6
2026-09-19 21:38:48,mfsweep_shard0,LRT_MMUR,48,4785.74,58,0,1,1524.1,4016.0,2491.9,2,2,58.9,0.4,276.3,207.0,1938.4,69.9
2026-09-19 21:38:48,mfsweep_shard0,LRT_MMUR,48,4785.74,59,0,1,1550.4,2784.9,1234.6,2,2,66.1,0.3,256.2,129.3,782.7,66.1
2026-09-19 21:38:48,mfsweep_shard0,LRT_MMUR,48,4785.74,60,0,1,1576.6,2042.4,465.8,2,2,86.2,0.2,138.5,116.8,56.0,154.3
2026-09-19 21:38:48,mfsweep_shard0,LRT_MMUR,48,4785.74,61,0,1,1602.9,1778.4,175.4,2,2,74.7,0.0,15.8,84.9,0.0,74.7
2026-09-19 21:38:48,mfsweep_shard0,LRT_MMUR,48,4785.74,62,0,1,1629.2,2678.5,1049.3,2,2,71.9,0.2,194.9,90.7,691.6,71.9
2026-09-19 21:38:48,mfsweep_shard0,LRT_MMUR,48,4785.74,63,0,1,1655.5,1960.7,305.2,2,2,76.1,0.0,94.3,122.9,11.8,76.1
2026-09-19 21:38:48,mfsweep_shard0,LRT_MMUR,48,4785.74,64,0,1,1681.8,2506.4,824.6,2,2,81.4,0.2,241.0,219.5,246.2,117.7
2026-09-19 21:38:48,mfsweep_shard0,LRT_MMUR,48,4785.74,65,0,1,1708.0,1988.5,280.4,2,2,79.2,0.0,90.2,111.0,0.0,79.2
2026-09-19 21:38:48,mfsweep_shard0,LRT_MMUR,48,4785.74,66,0,1,1734.3,3248.1,1513.7,2,2,61.1,0.3,304.6,149.5,998.2,61.1
2026-09-19 21:38:48,mfsweep_shard0,LRT_MMUR,48,4785.74,67,0,1,1760.6,4667.8,2907.3,2,2,54.6,0.5,366.4,319.2,2166.6,54.6
2026-09-19 21:38:48,mfsweep_shard0,LRT_MMUR,48,4785.74,68,0,1,1786.9,2908.6,1121.7,2,2,64.0,0.4,265.9,173.3,618.1,64.0
2026-09-19 21:38:48,mfsweep_shard0,LRT_MMUR,48,4785.74,69,0,1,1813.1,3101.3,1288.1,2,2,62.4,0.4,229.4,175.5,820.4,62.4
2026-09-19 21:38:48,mfsweep_shard0,LRT_MMUR,48,4785.74,70,0,1,1839.4,2028.7,189.3,2,2,60.5,0.0,34.5,94.2,0.0,60.5
2026-09-19 21:38:48,mfsweep_shard0,LRT_MMUR,48,4785.74,71,0,1,1865.7,2203.0,337.3,2,2,84.7,0.0,63.9,141.1,47.6,84.7
2026-09-19 21:38:48,mfsweep_shard0,LRT_MMUR,48,4785.74,72,0,1,1892.0,2406.0,514.1,2,2,82.5,0.4,252.5,116.6,61.6,83.0
2026-09-19 21:38:48,mfsweep_shard0,LRT_MMUR,48,4785.74,73,0,1,1918.3,2988.3,1070.0,2,2,63.9,0.5,248.5,138.1,619.0,63.9
2026-09-19 21:38:48,mfsweep_shard0,LRT_MMUR,48,4785.74,74,0,1,1944.5,2376.2,431.6,2,2,75.2,0.0,132.0,125.9,98.5,75.2
2026-09-19 21:38:48,mfsweep_shard0,LRT_MMUR,48,4785.74,75,0,1,1970.8,2290.9,320.1,2,2,66.6,0.0,135.8,117.7,0.0,66.6
2026-09-19 21:38:48,mfsweep_shard0,LRT_MMUR,48,4785.74,76,0,1,1997.1,2304.8,307.7,2,2,83.7,0.0,57.7,129.1,37.1,83.7
2026-09-19 21:38:48,mfsweep_shard0,LRT_MMUR,48,4785.74,77,0,1,2023.4,2728.6,705.2,2,2,68.7,0.0,115.7,130.4,390.4,68.7
2026-09-19 21:38:48,mfsweep_shard0,LRT_MMUR,48,4785.74,78,0,1,2049.6,3109.9,1060.3,2,2,62.3,0.0,74.5,104.4,819.1,62.3
2026-09-19 21:38:48,mfsweep_shard0,LRT_MMUR,48,4785.74,79,0,1,2075.9,3202.2,1126.3,2,2,61.7,0.0,50.5,121.8,892.3,61.7
2026-09-19 21:38:48,mfsweep_shard0,LRT_MMUR,48,4785.74,80,0,1,2102.2,2606.8,504.6,2,2,72.1,0.0,70.5,80.9,281.2,72.1
2026-09-19 21:38:48,mfsweep_shard0,LRT_MMUR,48,4785.74,81,0,1,2128.5,3160.8,1032.3,2,2,62.2,0.0,43.2,68.9,858.0,62.2
2026-09-19 21:38:48,mfsweep_shard0,LRT_MMUR,48,4785.74,82,0,1,2154.7,2545.9,391.1,2,2,72.8,0.0,104.3,91.5,122.4,72.8
2026-09-19 21:38:48,mfsweep_shard0,LRT_MMUR,48,4785.74,83,0,1,2181.0,2483.8,302.8,2,2,83.2,0.0,137.9,81.7,0.0,83.2
2026-09-19 21:38:48,mfsweep_shard0,LRT_MMUR,48,4785.74,84,0,1,2207.3,2852.1,644.8,2,2,66.7,0.0,159.7,98.9,319.5,66.7
2026-09-19 21:38:48,mfsweep_shard0,LRT_MMUR,48,4785.74,85,0,1,2233.6,3906.6,1673.0,2,2,60.8,0.1,177.6,205.7,1201.0,88.6
2026-09-19 21:38:48,mfsweep_shard0,LRT_MMUR,48,4785.74,86,0,1,2259.9,2527.2,267.4,2,2,86.5,0.0,58.6,109.8,12.5,86.5
2026-09-19 21:38:48,mfsweep_shard0,LRT_MMUR,48,4785.74,87,0,1,2286.1,2706.4,420.2,2,2,70.4,0.0,52.3,99.7,197.9,70.4
2026-09-19 21:38:48,mfsweep_shard0,LRT_MMUR,48,4785.74,88,0,1,2312.4,4502.3,2189.8,2,2,56.5,0.2,199.6,183.3,1750.2,56.5
2026-09-19 21:38:48,mfsweep_shard0,LRT_MMUR,48,4785.74,89,0,1,2338.7,4708.3,2369.6,2,2,55.1,0.3,314.5,227.9,1734.8,92.1
2026-09-19 21:38:48,mfsweep_shard0,LRT_MMUR,48,4785.74,90,0,1,2365.0,4378.7,2013.7,2,2,57.2,0.3,281.2,197.6,1477.4,57.2
2026-09-19 21:38:48,mfsweep_shard0,LRT_MMUR,48,4785.74,91,0,1,2391.2,2622.4,231.2,2,2,74.3,0.0,63.2,74.9,18.7,74.3
2026-09-19 21:38:48,mfsweep_shard0,LRT_MMUR,48,4785.74,92,0,1,2417.5,2692.9,275.4,2,2,79.7,0.0,58.3,90.6,46.8,79.7
2026-09-19 21:38:48,mfsweep_shard0,LRT_MMUR,48,4785.74,93,0,1,2443.8,2769.5,325.7,2,2,67.5,0.0,41.0,72.0,145.1,67.5
2026-09-19 21:38:48,mfsweep_shard0,LRT_MMUR,48,4785.74,94,0,1,2470.1,4543.3,2073.2,2,2,55.6,0.4,304.8,211.8,1500.5,55.6
2026-09-19 21:38:48,mfsweep_shard0,LRT_MMUR,48,4785.74,95,0,1,2496.4,3256.6,760.3,2,2,66.1,0.1,126.4,141.7,378.1,114.0
2026-09-19 21:38:48,mfsweep_shard0,LRT_MMUR,48,4785.74,96,0,1,2522.6,2758.0,235.3,2,2,86.4,0.0,21.5,127.4,0.0,86.4
2026-09-19 21:38:48,mfsweep_shard0,LRT_MMUR,48,4785.74,97,0,1,2548.9,3216.2,667.3,2,2,71.0,0.0,59.9,136.0,400.4,71.0
2026-09-19 21:38:48,mfsweep_shard0,LRT_MMUR,48,4785.74,98,0,1,2575.2,2830.1,254.9,2,2,85.6,0.0,23.5,79.4,66.4,85.6
2026-09-19 21:38:48,mfsweep_shard0,LRT_MMUR,48,4785.74,99,0,1,2601.5,2913.4,312.0,2,2,82.0,0.0,42.3,71.1,116.5,82.0
2026-09-19 21:38:48,mfsweep_shard0,LRT_MMUR,48,4785.74,100,0,1,2627.7,4746.8,2119.1,2,2,53.9,0.4,295.7,168.8,1600.3,53.9
2026-09-19 21:38:48,mfsweep_shard0,LRT_MMUR,48,4785.74,101,0,1,2654.0,2950.5,296.5,2,2,77.3,0.0,49.6,79.5,90.1,77.3
2026-09-19 21:38:48,mfsweep_shard0,LRT_MMUR,48,4785.74,102,0,1,2680.3,3081.8,401.5,2,2,76.0,0.0,51.1,108.0,166.3,76.0
2026-09-19 21:38:48,mfsweep_shard0,LRT_MMUR,48,4785.74,103,0,1,2706.6,3156.1,449.5,2,2,71.3,0.0,52.0,66.2,260.0,71.3
2026-09-19 21:38:48,mfsweep_shard0,LRT_MMUR,48,4785.74,104,0,1,2732.9,3308.3,575.5,2,2,62.4,0.0,44.3,143.8,325.1,62.4
2026-09-19 21:38:48,mfsweep_shard0,LRT_MMUR,48,4785.74,105,0,1,2759.1,3114.7,355.6,2,2,74.7,0.0,70.5,120.1,90.3,74.7
2026-09-19 21:38:48,mfsweep_shard0,LRT_MMUR,48,4785.74,106,0,1,2785.4,4335.8,1550.4,2,2,57.2,0.4,382.2,198.1,912.6,57.2
2026-09-19 21:38:48,mfsweep_shard0,LRT_MMUR,48,4785.74,107,0,1,2811.7,3096.7,285.0,2,2,67.9,0.0,62.8,154.3,0.0,67.9
2026-09-19 21:38:48,mfsweep_shard0,LRT_MMUR,48,4785.74,108,0,1,2838.0,4060.5,1222.6,2,2,68.5,0.3,263.4,127.5,709.7,121.7
2026-09-19 21:38:48,mfsweep_shard0,LRT_MMUR,48,4785.74,109,0,1,2864.2,3176.2,312.0,2,2,85.0,0.0,114.6,96.5,15.8,85.0
2026-09-19 21:38:48,mfsweep_shard0,LRT_MMUR,48,4785.74,110,0,1,2890.5,3236.9,346.3,2,2,82.4,0.0,88.0,77.8,98.1,82.4
2026-09-19 21:38:48,mfsweep_shard0,LRT_MMUR,48,4785.74,111,0,1,2916.8,4206.3,1289.5,2,2,62.2,0.3,175.4,164.1,887.5,62.2
2026-09-19 21:38:48,mfsweep_shard0,LRT_MMUR,48,4785.74,112,0,1,2943.1,3760.5,817.4,2,2,70.1,0.0,39.0,85.1,623.2,70.1
2026-09-19 21:38:48,mfsweep_shard0,LRT_MMUR,48,4785.74,113,0,1,2969.3,4252.4,1283.1,2,2,59.4,0.3,190.1,122.6,910.6,59.4
2026-09-19 21:38:48,mfsweep_shard0,LRT_MMUR,48,4785.74,114,0,1,2995.6,3290.7,295.1,2,2,83.7,0.0,57.4,103.8,50.2,83.7
2026-09-19 21:38:48,mfsweep_shard0,LRT_MMUR,48,4785.74,115,0,1,3021.9,3384.3,362.4,2,2,82.3,0.0,86.7,94.2,99.1,82.3
2026-09-19 21:38:48,mfsweep_shard0,LRT_MMUR,48,4785.74,116,0,1,3048.2,4162.1,1113.9,2,2,63.4,0.3,189.8,114.1,746.2,63.4
2026-09-19 21:38:48,mfsweep_shard0,LRT_MMUR,48,4785.74,117,0,1,3074.5,3534.9,460.5,2,2,74.6,0.0,41.9,82.4,261.5,74.6
2026-09-19 21:38:48,mfsweep_shard0,LRT_MMUR,48,4785.74,118,0,1,3100.7,3628.2,527.4,2,2,73.6,0.0,72.2,89.2,292.4,73.6
2026-09-19 21:38:48,mfsweep_shard0,LRT_MMUR,48,4785.74,119,0,1,3127.0,4294.4,1167.3,2,2,58.6,0.3,198.3,111.9,798.3,58.6
2026-09-19 21:38:48,mfsweep_shard0,LRT_MMUR,48,4785.74,120,0,1,3153.3,3492.2,338.9,2,2,78.7,0.0,38.3,84.8,137.0,78.7
2026-09-19 21:38:48,mfsweep_shard0,LRT_MMUR,48,4785.74,121,0,1,3179.6,3667.4,487.8,2,2,71.3,0.0,54.1,96.8,265.5,71.3
2026-09-19 21:38:48,mfsweep_shard0,LRT_MMUR,48,4785.74,122,0,1,3205.8,3401.6,195.7,2,2,79.2,0.0,19.7,68.5,28.3,79.2
2026-09-19 21:38:48,mfsweep_shard0,LRT_MMUR,48,4785.74,123,0,1,3232.1,3747.1,514.9,2,2,71.0,0.0,93.9,75.7,274.2,71.0
2026-09-19 21:38:48,mfsweep_shard0,LRT_MMUR,48,4785.74,124,0,1,3258.4,4785.7,1527.3,2,2,53.6,0.4,368.9,147.1,957.4,53.6
2026-09-19 21:38:48,mfsweep_shard0,LRT_MMUR,48,4785.74,125,0,1,3284.7,4114.9,830.3,2,2,64.2,0.4,363.1,122.7,279.8,64.2
2026-09-19 21:38:48,mfsweep_shard0,LRT_MMUR,48,4785.74,126,0,1,3311.0,4323.8,1012.8,2,2,54.2,0.0,194.4,137.8,626.5,54.2
2026-09-19 21:38:48,mfsweep_shard0,LRT_MMUR,48,4785.74,127,0,1,3337.2,3656.5,319.2,2,2,84.2,0.0,107.7,118.8,8.5,84.2
2026-09-19 21:38:48,mfsweep_shard0,LRT_MMUR,48,4785.74,128,0,1,3363.5,3960.7,597.2,2,2,82.5,0.1,244.1,121.5,149.0,82.5
2026-09-19 21:38:48,mfsweep_shard0,LRT_MMUR,48,4785.74,129,0,1,3389.8,4054.0,664.2,2,2,81.0,0.1,130.8,161.0,291.3,81.0
2026-09-19 21:38:48,mfsweep_shard0,LRT_MMUR,48,4785.74,130,0,1,3416.1,4157.2,741.1,2,2,63.7,0.1,113.2,115.0,449.2,63.7
2026-09-19 21:38:48,mfsweep_shard0,LRT_MMUR,48,4785.74,131,0,1,3442.3,4365.1,922.8,2,2,55.5,0.1,166.8,155.2,507.4,93.2
2026-09-19 21:38:48,mfsweep_shard0,LRT_MMUR,48,4785.74,132,0,1,3468.6,3987.8,519.1,2,2,82.5,0.1,86.0,89.4,261.2,82.5
2026-09-19 21:38:48,mfsweep_shard0,LRT_MMUR,48,4785.74,133,0,1,3494.9,3974.4,479.5,2,2,84.8,0.1,184.7,87.6,63.0,144.1
2026-09-19 21:38:48,mfsweep_shard0,LRT_MMUR,48,4785.74,134,0,1,3521.2,4199.4,678.3,2,2,56.4,0.2,105.6,75.9,440.2,56.4
2026-09-19 21:38:48,mfsweep_shard0,LRT_MMUR,48,4785.74,135,0,1,3547.5,4109.4,561.9,2,2,69.6,0.0,49.8,153.6,280.5,78.0
2026-09-19 21:38:48,mfsweep_shard0,LRT_MMUR,48,4785.74,136,0,1,3573.7,3783.0,209.3,2,2,55.8,0.0,43.4,110.1,0.0,55.8
2026-09-19 21:43:02,mfsweep_shard0,LRT_MMUR,49,5039.36,0,0,1,0.0,284.0,284.0,2,2,74.6,0.0,93.5,89.3,13.5,87.7
2026-09-19 21:43:02,mfsweep_shard0,LRT_MMUR,49,5039.36,1,0,1,26.3,224.0,197.8,2,2,54.4,0.0,70.5,72.8,0.0,54.4
2026-09-19 21:43:02,mfsweep_shard0,LRT_MMUR,49,5039.36,2,0,1,52.6,329.5,277.0,2,2,62.6,0.0,63.9,71.2,79.1,62.6
2026-09-19 21:43:02,mfsweep_shard0,LRT_MMUR,49,5039.36,3,0,1,78.8,255.2,176.4,2,2,60.9,0.0,43.2,72.3,0.0,60.9
2026-09-19 21:43:02,mfsweep_shard0,LRT_MMUR,49,5039.36,4,0,1,105.1,320.4,215.2,2,2,77.8,0.0,64.9,72.4,0.0,77.8
2026-09-19 21:43:02,mfsweep_shard0,LRT_MMUR,49,5039.36,5,0,1,131.4,368.5,237.1,2,2,75.9,0.0,51.5,80.2,29.4,75.9
2026-09-19 21:43:02,mfsweep_shard0,LRT_MMUR,49,5039.36,6,0,1,157.7,448.2,290.5,2,2,83.0,0.0,43.8,113.6,50.1,83.0
2026-09-19 21:43:02,mfsweep_shard0,LRT_MMUR,49,5039.36,7,0,1,183.9,566.5,382.6,2,2,56.4,0.0,63.8,130.2,132.1,56.4
2026-09-19 21:43:02,mfsweep_shard0,LRT_MMUR,49,5039.36,8,0,1,210.2,515.0,304.7,2,2,67.5,0.0,59.4,121.2,56.6,67.5
2026-09-19 21:43:02,mfsweep_shard0,LRT_MMUR,49,5039.36,9,0,1,236.5,598.5,362.0,2,2,54.5,0.0,67.2,107.4,132.9,54.5
2026-09-19 21:43:02,mfsweep_shard0,LRT_MMUR,49,5039.36,10,0,1,262.8,519.9,257.1,2,2,60.8,0.0,83.4,74.9,38.0,60.8
2026-09-19 21:43:02,mfsweep_shard0,LRT_MMUR,49,5039.36,11,0,1,289.1,479.5,190.4,2,2,70.2,0.0,53.3,66.8,0.0,70.2
2026-09-19 21:43:02,mfsweep_shard0,LRT_MMUR,49,5039.36,12,0,1,315.3,580.4,265.0,2,2,54.4,0.0,96.6,86.4,27.6,54.4
2026-09-19 21:43:02,mfsweep_shard0,LRT_MMUR,49,5039.36,13,0,1,341.6,539.5,197.9,2,2,60.1,0.0,49.8,87.9,0.0,60.1
2026-09-19 21:43:02,mfsweep_shard0,LRT_MMUR,49,5039.36,14,0,1,367.9,645.9,278.0,2,2,75.0,0.0,96.7,79.3,26.9,75.0
2026-09-19 21:43:02,mfsweep_shard0,LRT_MMUR,49,5039.36,15,0,1,394.2,806.9,412.7,2,2,71.5,0.0,51.7,74.4,215.0,71.5
2026-09-19 21:43:02,mfsweep_shard0,LRT_MMUR,49,5039.36,16,0,1,420.4,846.1,425.6,2,2,60.8,0.0,35.8,89.3,239.7,60.8
2026-09-19 21:43:02,mfsweep_shard0,LRT_MMUR,49,5039.36,17,0,1,446.7,682.0,235.3,2,2,73.0,0.0,60.4,75.6,26.3,73.0
2026-09-19 21:43:02,mfsweep_shard0,LRT_MMUR,49,5039.36,18,0,1,473.0,749.9,276.9,2,2,80.3,0.0,50.8,102.4,43.4,80.3
2026-09-19 21:43:02,mfsweep_shard0,LRT_MMUR,49,5039.36,19,0,1,499.3,909.4,410.2,2,2,53.8,0.0,88.1,94.6,173.7,53.8
2026-09-19 21:43:02,mfsweep_shard0,LRT_MMUR,49,5039.36,20,0,1,525.6,768.3,242.7,2,2,80.1,0.0,40.5,122.0,0.0,80.1
2026-09-19 21:43:02,mfsweep_shard0,LRT_MMUR,49,5039.36,21,0,1,551.8,834.7,282.9,2,2,76.6,0.0,76.8,69.2,60.3,76.6
2026-09-19 21:43:02,mfsweep_shard0,LRT_MMUR,49,5039.36,22,0,1,578.1,919.4,341.3,2,2,64.8,0.0,47.2,68.9,160.5,64.8
2026-09-19 21:43:02,mfsweep_shard0,LRT_MMUR,49,5039.36,23,0,1,604.4,1046.0,441.6,2,2,58.7,0.0,58.0,78.0,246.9,58.7
2026-09-19 21:43:02,mfsweep_shard0,LRT_MMUR,49,5039.36,24,0,1,630.7,898.0,267.4,2,2,85.1,0.0,65.9,88.0,19.2,94.3
2026-09-19 21:43:02,mfsweep_shard0,LRT_MMUR,49,5039.36,25,0,1,656.9,1013.0,356.1,2,2,64.7,0.0,84.5,74.6,132.2,64.7
2026-09-19 21:43:02,mfsweep_shard0,LRT_MMUR,49,5039.36,26,0,1,683.2,1095.9,412.7,2,2,56.6,0.0,88.3,78.0,189.7,56.6
2026-09-19 21:43:02,mfsweep_shard0,LRT_MMUR,49,5039.36,27,0,1,709.5,889.3,179.8,2,2,56.7,0.0,52.4,70.6,0.0,56.7
2026-09-19 21:43:02,mfsweep_shard0,LRT_MMUR,49,5039.36,28,0,1,735.8,982.7,246.9,2,2,81.5,0.0,72.9,92.4,0.0,81.5
2026-09-19 21:43:02,mfsweep_shard0,LRT_MMUR,49,5039.36,29,0,1,762.0,1505.0,742.9,2,2,73.5,0.0,67.1,159.5,442.8,73.5
2026-09-19 21:43:02,mfsweep_shard0,LRT_MMUR,49,5039.36,30,0,1,788.3,1037.4,249.1,2,2,80.2,0.0,12.4,144.3,12.2,80.2
2026-09-19 21:43:02,mfsweep_shard0,LRT_MMUR,49,5039.36,31,0,1,814.6,1140.8,326.2,2,2,77.6,0.1,35.5,127.3,85.7,77.6
2026-09-19 21:43:02,mfsweep_shard0,LRT_MMUR,49,5039.36,32,0,1,840.9,2768.3,1927.4,2,2,71.2,0.1,155.5,219.6,1469.3,83.0
2026-09-19 21:43:02,mfsweep_shard0,LRT_MMUR,49,5039.36,33,0,1,867.2,1270.1,403.0,2,2,85.7,0.1,143.6,76.4,52.7,130.1
2026-09-19 21:43:02,mfsweep_shard0,LRT_MMUR,49,5039.36,34,0,1,893.4,4094.2,3200.8,2,2,66.0,0.2,303.0,283.2,2548.4,66.0
2026-09-19 21:43:02,mfsweep_shard0,LRT_MMUR,49,5039.36,35,0,1,919.7,2220.6,1300.9,2,2,71.8,0.1,173.2,197.7,803.2,126.7
2026-09-19 21:43:02,mfsweep_shard0,LRT_MMUR,49,5039.36,36,0,1,946.0,1362.4,416.4,2,2,80.9,0.1,68.0,124.6,138.4,85.3
2026-09-19 21:43:02,mfsweep_shard0,LRT_MMUR,49,5039.36,37,0,1,972.3,1407.8,435.5,2,2,74.0,0.1,40.7,96.2,224.6,74.0
2026-09-19 21:43:02,mfsweep_shard0,LRT_MMUR,49,5039.36,38,0,1,998.5,1296.0,297.5,2,2,82.0,0.0,36.9,82.2,96.4,82.0
2026-09-19 21:43:02,mfsweep_shard0,LRT_MMUR,49,5039.36,39,0,1,1024.8,1226.4,201.6,2,2,72.6,0.0,52.0,76.9,0.0,72.6
2026-09-19 21:43:02,mfsweep_shard0,LRT_MMUR,49,5039.36,40,0,1,1051.1,1300.7,249.6,2,2,76.8,0.0,52.2,117.2,3.3,76.8
2026-09-19 21:43:02,mfsweep_shard0,LRT_MMUR,49,5039.36,41,0,1,1077.4,1332.3,254.9,2,2,55.1,0.0,32.7,78.5,88.6,55.1
2026-09-19 21:43:02,mfsweep_shard0,LRT_MMUR,49,5039.36,42,0,1,1103.7,1726.2,622.5,2,2,61.1,0.0,69.2,195.5,296.8,61.1
2026-09-19 21:43:02,mfsweep_shard0,LRT_MMUR,49,5039.36,43,0,1,1129.9,1371.8,241.9,2,2,63.1,0.0,51.4,125.6,1.9,63.1
2026-09-19 21:43:02,mfsweep_shard0,LRT_MMUR,49,5039.36,44,0,1,1156.2,1357.7,201.5,2,2,56.2,0.0,60.9,84.4,0.0,56.2
2026-09-19 21:43:02,mfsweep_shard0,LRT_MMUR,49,5039.36,45,0,1,1182.5,1417.1,234.6,2,2,61.2,0.0,69.7,81.3,22.4,61.2
2026-09-19 21:43:02,mfsweep_shard0,LRT_MMUR,49,5039.36,46,0,1,1208.8,1794.4,585.6,2,2,56.9,0.1,102.4,107.0,319.3,56.9
2026-09-19 21:43:02,mfsweep_shard0,LRT_MMUR,49,5039.36,47,0,1,1235.0,1703.7,468.6,2,2,62.7,0.1,75.1,137.1,193.6,62.7
2026-09-19 21:43:02,mfsweep_shard0,LRT_MMUR,49,5039.36,48,0,1,1261.3,1657.3,396.0,2,2,74.5,0.1,111.0,143.4,22.6,118.9
2026-09-19 21:43:02,mfsweep_shard0,LRT_MMUR,49,5039.36,49,0,1,1287.6,1521.2,233.6,2,2,65.6,0.0,47.5,78.9,41.6,65.6
2026-09-19 21:43:02,mfsweep_shard0,LRT_MMUR,49,5039.36,50,0,1,1313.9,1470.5,156.6,2,2,65.8,0.0,22.9,67.9,0.0,65.8
2026-09-19 21:43:02,mfsweep_shard0,LRT_MMUR,49,5039.36,51,0,1,1340.2,1742.4,402.2,2,2,60.5,0.0,75.8,78.3,187.7,60.5
2026-09-19 21:43:02,mfsweep_shard0,LRT_MMUR,49,5039.36,52,0,1,1366.4,1647.8,281.4,2,2,62.4,0.0,48.2,128.4,42.3,62.4
2026-09-19 21:43:02,mfsweep_shard0,LRT_MMUR,49,5039.36,53,0,1,1392.7,1629.5,236.8,2,2,84.5,0.0,64.8,87.5,0.0,84.5
2026-09-19 21:43:02,mfsweep_shard0,LRT_MMUR,49,5039.36,54,0,1,1419.0,1698.8,279.8,2,2,74.9,0.0,106.8,68.0,30.1,74.9
2026-09-19 21:43:02,mfsweep_shard0,LRT_MMUR,49,5039.36,55,0,1,1445.3,2120.5,675.2,2,2,73.6,0.1,168.4,142.3,290.7,73.6
2026-09-19 21:43:02,mfsweep_shard0,LRT_MMUR,49,5039.36,56,0,1,1471.5,4565.6,3094.1,2,2,59.2,0.2,284.0,302.4,2448.2,59.2
2026-09-19 21:43:02,mfsweep_shard0,LRT_MMUR,49,5039.36,57,0,1,1497.8,1901.6,403.8,2,2,77.6,0.1,69.3,132.2,67.8,134.3
2026-09-19 21:43:02,mfsweep_shard0,LRT_MMUR,49,5039.36,58,0,1,1524.1,4609.9,3085.8,2,2,58.9,0.3,361.6,384.2,2271.5,68.2
2026-09-19 21:43:02,mfsweep_shard0,LRT_MMUR,49,5039.36,59,0,1,1550.4,4043.6,2493.2,2,2,66.1,0.4,285.0,279.8,1862.0,66.1
2026-09-19 21:43:02,mfsweep_shard0,LRT_MMUR,49,5039.36,60,0,1,1576.6,1830.9,254.3,2,2,86.2,0.1,19.8,123.0,25.2,86.2
2026-09-19 21:43:02,mfsweep_shard0,LRT_MMUR,49,5039.36,61,0,1,1602.9,1859.6,256.7,2,2,74.7,0.0,51.3,130.6,0.0,74.7
2026-09-19 21:43:02,mfsweep_shard0,LRT_MMUR,49,5039.36,62,0,1,1629.2,2169.2,540.0,2,2,71.9,0.0,33.4,103.7,331.0,71.9
2026-09-19 21:43:02,mfsweep_shard0,LRT_MMUR,49,5039.36,63,0,1,1655.5,2031.6,376.1,2,2,76.1,0.0,73.1,83.2,143.6,76.1
2026-09-19 21:43:02,mfsweep_shard0,LRT_MMUR,49,5039.36,64,0,1,1681.8,1967.8,286.1,2,2,81.4,0.0,112.5,71.3,20.9,81.4
2026-09-19 21:43:02,mfsweep_shard0,LRT_MMUR,49,5039.36,65,0,1,1708.0,2040.8,332.8,2,2,79.2,0.0,102.0,135.5,14.4,80.8
2026-09-19 21:43:02,mfsweep_shard0,LRT_MMUR,49,5039.36,66,0,1,1734.3,1981.6,247.3,2,2,61.1,0.0,105.9,80.2,0.0,61.1
2026-09-19 21:43:02,mfsweep_shard0,LRT_MMUR,49,5039.36,67,0,1,1760.6,2635.9,875.3,2,2,54.6,0.0,72.8,115.5,632.4,54.6
2026-09-19 21:43:02,mfsweep_shard0,LRT_MMUR,49,5039.36,68,0,1,1786.9,2468.7,681.8,2,2,64.0,0.0,61.5,133.9,422.4,64.0
2026-09-19 21:43:02,mfsweep_shard0,LRT_MMUR,49,5039.36,69,0,1,1813.1,2555.2,742.1,2,2,62.4,0.1,76.4,77.9,525.3,62.4
2026-09-19 21:43:02,mfsweep_shard0,LRT_MMUR,49,5039.36,70,0,1,1839.4,2601.5,762.0,2,2,60.5,0.0,56.2,92.7,552.6,60.5
2026-09-19 21:43:02,mfsweep_shard0,LRT_MMUR,49,5039.36,71,0,1,1865.7,2115.7,250.0,2,2,84.7,0.0,67.7,85.4,12.2,84.7
2026-09-19 21:43:02,mfsweep_shard0,LRT_MMUR,49,5039.36,72,0,1,1892.0,2152.0,260.0,2,2,82.5,0.0,15.7,66.5,95.4,82.5
2026-09-19 21:43:02,mfsweep_shard0,LRT_MMUR,49,5039.36,73,0,1,1918.3,2509.2,590.9,2,2,63.9,0.0,40.2,82.0,404.7,63.9
2026-09-19 21:43:02,mfsweep_shard0,LRT_MMUR,49,5039.36,74,0,1,1944.5,2326.4,381.8,2,2,75.2,0.0,85.6,94.5,126.5,75.2
2026-09-19 21:43:02,mfsweep_shard0,LRT_MMUR,49,5039.36,75,0,1,1970.8,2455.0,484.2,2,2,66.6,0.0,70.4,97.1,250.0,66.6
2026-09-19 21:43:02,mfsweep_shard0,LRT_MMUR,49,5039.36,76,0,1,1997.1,2285.5,288.4,2,2,83.7,0.0,95.2,95.3,14.2,83.7
2026-09-19 21:43:02,mfsweep_shard0,LRT_MMUR,49,5039.36,77,0,1,2023.4,2354.0,330.7,2,2,68.7,0.0,71.4,82.8,107.7,68.7
2026-09-19 21:43:02,mfsweep_shard0,LRT_MMUR,49,5039.36,78,0,1,2049.6,2294.3,244.7,2,2,62.3,0.0,104.9,77.5,0.0,62.3
2026-09-19 21:43:02,mfsweep_shard0,LRT_MMUR,49,5039.36,79,0,1,2075.9,4333.7,2257.8,2,2,61.7,0.3,223.1,245.1,1727.6,61.7
2026-09-19 21:43:02,mfsweep_shard0,LRT_MMUR,49,5039.36,80,0,1,2102.2,2518.5,416.3,2,2,72.1,0.0,77.3,97.8,169.1,72.1
2026-09-19 21:43:02,mfsweep_shard0,LRT_MMUR,49,5039.36,81,0,1,2128.5,2302.9,174.4,2,2,62.2,0.0,19.7,66.5,26.0,62.2
2026-09-19 21:43:02,mfsweep_shard0,LRT_MMUR,49,5039.36,82,0,1,2154.7,2389.6,234.9,2,2,72.8,0.0,55.6,95.7,10.7,72.8
2026-09-19 21:43:02,mfsweep_shard0,LRT_MMUR,49,5039.36,83,0,1,2181.0,2463.8,282.8,2,2,83.2,0.0,73.5,79.6,46.6,83.2
2026-09-19 21:43:02,mfsweep_shard0,LRT_MMUR,49,5039.36,84,0,1,2207.3,3941.9,1734.6,2,2,66.7,0.3,256.2,248.4,1125.9,103.8
2026-09-19 21:43:02,mfsweep_shard0,LRT_MMUR,49,5039.36,85,0,1,2233.6,4379.1,2145.5,2,2,60.8,0.4,271.1,259.0,1554.2,60.8
2026-09-19 21:43:02,mfsweep_shard0,LRT_MMUR,49,5039.36,86,0,1,2259.9,2582.4,322.6,2,2,86.5,0.0,99.1,116.6,20.4,86.5
2026-09-19 21:43:02,mfsweep_shard0,LRT_MMUR,49,5039.36,87,0,1,2286.1,2886.4,600.3,2,2,70.4,0.0,41.4,139.2,349.3,70.4
2026-09-19 21:43:02,mfsweep_shard0,LRT_MMUR,49,5039.36,88,0,1,2312.4,4474.5,2162.0,2,2,56.5,0.5,243.5,252.4,1609.2,56.5
2026-09-19 21:43:02,mfsweep_shard0,LRT_MMUR,49,5039.36,89,0,1,2338.7,4858.1,2519.4,2,2,55.1,0.6,285.5,274.1,1904.2,55.1
2026-09-19 21:43:02,mfsweep_shard0,LRT_MMUR,49,5039.36,90,0,1,2365.0,4695.6,2330.7,2,2,57.2,0.7,384.8,197.9,1690.2,57.2
2026-09-19 21:43:02,mfsweep_shard0,LRT_MMUR,49,5039.36,91,0,1,2391.2,2710.0,318.8,2,2,74.3,0.0,41.8,100.4,102.3,74.3
2026-09-19 21:43:02,mfsweep_shard0,LRT_MMUR,49,5039.36,92,0,1,2417.5,2654.1,236.5,2,2,79.7,0.0,57.2,77.5,22.1,79.7
2026-09-19 21:43:02,mfsweep_shard0,LRT_MMUR,49,5039.36,93,0,1,2443.8,3276.0,832.2,2,2,67.5,0.4,218.5,157.6,324.5,131.3
2026-09-19 21:43:02,mfsweep_shard0,LRT_MMUR,49,5039.36,94,0,1,2470.1,4777.6,2307.5,2,2,55.6,0.8,448.8,191.7,1610.5,55.6
2026-09-19 21:43:02,mfsweep_shard0,LRT_MMUR,49,5039.36,95,0,1,2496.4,3992.2,1495.8,2,2,66.1,0.7,344.4,264.2,820.3,66.1
2026-09-19 21:43:02,mfsweep_shard0,LRT_MMUR,49,5039.36,96,0,1,2522.6,2838.6,315.9,2,2,86.4,0.0,39.9,141.0,48.5,86.4
2026-09-19 21:43:02,mfsweep_shard0,LRT_MMUR,49,5039.36,97,0,1,2548.9,2763.8,214.8,2,2,71.0,0.0,63.8,80.1,0.0,71.0
2026-09-19 21:43:02,mfsweep_shard0,LRT_MMUR,49,5039.36,98,0,1,2575.2,2843.4,268.3,2,2,85.6,0.0,64.6,79.9,38.1,85.6
2026-09-19 21:43:02,mfsweep_shard0,LRT_MMUR,49,5039.36,99,0,1,2601.5,2898.9,297.4,2,2,82.0,0.0,69.2,70.3,75.9,82.0
2026-09-19 21:43:02,mfsweep_shard0,LRT_MMUR,49,5039.36,100,0,1,2627.7,3036.9,409.2,2,2,53.9,0.0,165.3,70.0,119.9,53.9
2026-09-19 21:43:02,mfsweep_shard0,LRT_MMUR,49,5039.36,101,0,1,2654.0,2988.0,334.0,2,2,77.3,0.0,102.9,98.0,55.8,77.3
2026-09-19 21:43:02,mfsweep_shard0,LRT_MMUR,49,5039.36,102,0,1,2680.3,2877.1,196.8,2,2,76.0,0.0,55.6,65.2,0.0,76.0
2026-09-19 21:43:02,mfsweep_shard0,LRT_MMUR,49,5039.36,103,0,1,2706.6,2983.3,276.7,2,2,71.3,0.0,64.4,70.1,70.9,71.3
2026-09-19 21:43:02,mfsweep_shard0,LRT_MMUR,49,5039.36,104,0,1,2732.9,4239.8,1507.0,2,2,62.4,0.5,308.0,216.8,919.3,62.4
2026-09-19 21:43:02,mfsweep_shard0,LRT_MMUR,49,5039.36,105,0,1,2759.1,3047.2,288.1,2,2,74.7,0.0,53.7,114.9,44.8,74.7
2026-09-19 21:43:02,mfsweep_shard0,LRT_MMUR,49,5039.36,106,0,1,2785.4,3208.8,423.4,2,2,57.2,0.0,248.8,117.4,0.0,57.2
2026-09-19 21:43:02,mfsweep_shard0,LRT_MMUR,49,5039.36,107,0,1,2811.7,3213.5,401.8,2,2,67.9,0.0,186.5,116.1,31.3,67.9
2026-09-19 21:43:02,mfsweep_shard0,LRT_MMUR,49,5039.36,108,0,1,2838.0,3341.8,503.8,2,2,68.5,0.3,272.5,110.1,52.4,68.5
2026-09-19 21:43:02,mfsweep_shard0,LRT_MMUR,49,5039.36,109,0,1,2864.2,3226.3,362.0,2,2,85.0,0.0,124.5,89.8,62.7,85.0
2026-09-19 21:43:02,mfsweep_shard0,LRT_MMUR,49,5039.36,110,0,1,2890.5,3187.1,296.6,2,2,82.4,0.0,134.8,79.3,0.0,82.4
2026-09-19 21:43:02,mfsweep_shard0,LRT_MMUR,49,5039.36,111,0,1,2916.8,4286.7,1369.9,2,2,62.2,0.3,387.0,126.7,793.7,62.2
2026-09-19 21:43:02,mfsweep_shard0,LRT_MMUR,49,5039.36,112,0,1,2943.1,3544.8,601.7,2,2,70.1,0.0,263.5,81.2,186.9,70.1
2026-09-19 21:43:02,mfsweep_shard0,LRT_MMUR,49,5039.36,113,0,1,2969.3,4521.8,1552.5,2,2,59.4,0.6,382.1,126.2,975.2,68.3
2026-09-19 21:43:02,mfsweep_shard0,LRT_MMUR,49,5039.36,114,0,1,2995.6,3464.6,469.0,2,2,83.7,0.0,234.3,115.5,35.4,83.7
2026-09-19 21:43:02,mfsweep_shard0,LRT_MMUR,49,5039.36,115,0,1,3021.9,3506.6,484.7,2,2,82.3,0.0,198.0,102.3,102.1,82.3
2026-09-19 21:43:02,mfsweep_shard0,LRT_MMUR,49,5039.36,116,0,1,3048.2,3725.2,677.0,2,2,63.4,0.0,237.8,134.9,240.8,63.4
2026-09-19 21:43:02,mfsweep_shard0,LRT_MMUR,49,5039.36,117,0,1,3074.5,3473.9,399.5,2,2,74.6,0.0,241.1,83.7,0.0,74.6
2026-09-19 21:43:02,mfsweep_shard0,LRT_MMUR,49,5039.36,118,0,1,3100.7,3671.9,571.2,2,2,73.6,0.0,231.4,84.8,181.3,73.6
2026-09-19 21:43:02,mfsweep_shard0,LRT_MMUR,49,5039.36,119,0,1,3127.0,4653.1,1526.1,2,2,58.6,0.3,234.4,70.7,1162.2,58.6
2026-09-19 21:43:02,mfsweep_shard0,LRT_MMUR,49,5039.36,120,0,1,3153.3,3687.4,534.1,2,2,78.7,0.0,231.1,109.5,114.8,78.7
2026-09-19 21:43:02,mfsweep_shard0,LRT_MMUR,49,5039.36,121,0,1,3179.6,3557.2,377.7,2,2,71.3,0.0,144.4,78.1,83.8,71.3
2026-09-19 21:43:02,mfsweep_shard0,LRT_MMUR,49,5039.36,122,0,1,3205.8,3540.0,334.2,2,2,79.2,0.0,114.2,105.0,35.7,79.2
2026-09-19 21:43:02,mfsweep_shard0,LRT_MMUR,49,5039.36,123,0,1,3232.1,3496.9,264.8,2,2,71.0,0.0,78.1,72.4,43.1,71.0
2026-09-19 21:43:02,mfsweep_shard0,LRT_MMUR,49,5039.36,124,0,1,3258.4,5039.4,1781.0,2,2,53.6,0.3,183.7,127.9,1386.6,82.4
2026-09-19 21:43:02,mfsweep_shard0,LRT_MMUR,49,5039.36,125,0,1,3284.7,4143.8,859.1,2,2,64.2,0.0,69.7,80.5,644.7,64.2
2026-09-19 21:43:02,mfsweep_shard0,LRT_MMUR,49,5039.36,126,0,1,3311.0,4900.0,1589.1,2,2,54.2,0.3,107.3,123.3,1303.9,54.2
2026-09-19 21:43:02,mfsweep_shard0,LRT_MMUR,49,5039.36,127,0,1,3337.2,3748.4,411.1,2,2,84.2,0.0,160.4,128.2,38.4,84.2
2026-09-19 21:43:02,mfsweep_shard0,LRT_MMUR,49,5039.36,128,0,1,3363.5,3711.3,347.8,2,2,82.5,0.0,59.0,121.4,84.8,82.5
2026-09-19 21:43:02,mfsweep_shard0,LRT_MMUR,49,5039.36,129,0,1,3389.8,3893.6,503.8,2,2,81.0,0.0,48.0,107.9,266.9,81.0
2026-09-19 21:43:02,mfsweep_shard0,LRT_MMUR,49,5039.36,130,0,1,3416.1,4192.1,776.1,2,2,63.7,0.0,39.1,124.5,548.7,63.7
2026-09-19 21:43:02,mfsweep_shard0,LRT_MMUR,49,5039.36,131,0,1,3442.3,4817.7,1375.3,2,2,55.5,0.4,120.8,124.6,1074.1,55.5
2026-09-19 21:43:02,mfsweep_shard0,LRT_MMUR,49,5039.36,132,0,1,3468.6,3823.8,355.1,2,2,82.5,0.0,31.6,67.2,173.8,82.5
2026-09-19 21:43:02,mfsweep_shard0,LRT_MMUR,49,5039.36,133,0,1,3494.9,3762.0,267.1,2,2,84.8,0.0,54.1,81.3,46.9,84.8
2026-09-19 21:43:02,mfsweep_shard0,LRT_MMUR,49,5039.36,134,0,1,3521.2,4736.6,1215.4,2,2,56.4,0.4,247.6,79.8,831.3,56.4
2026-09-19 21:43:02,mfsweep_shard0,LRT_MMUR,49,5039.36,135,0,1,3547.5,3912.1,364.6,2,2,69.6,0.0,190.0,105.0,0.0,69.6
2026-09-19 21:43:02,mfsweep_shard0,LRT_MMUR,49,5039.36,136,0,1,3573.7,3954.3,380.6,2,2,55.8,0.0,162.7,117.4,44.6,55.8
2026-09-19 21:46:50,mfsweep_shard0,LRT_MMUR,50,4531.24,0,0,1,0.0,203.3,203.3,2,2,74.6,0.0,56.1,72.5,0.0,74.6
2026-09-19 21:46:50,mfsweep_shard0,LRT_MMUR,50,4531.24,1,0,1,26.3,254.9,228.6,2,2,54.4,0.0,76.1,74.4,23.7,54.4
2026-09-19 21:46:50,mfsweep_shard0,LRT_MMUR,50,4531.24,2,0,1,52.6,263.7,211.1,2,2,62.6,0.0,80.5,68.0,0.0,62.6
2026-09-19 21:46:50,mfsweep_shard0,LRT_MMUR,50,4531.24,3,0,1,78.8,317.1,238.3,2,2,60.9,0.0,63.1,88.0,26.2,60.9
2026-09-19 21:46:50,mfsweep_shard0,LRT_MMUR,50,4531.24,4,0,1,105.1,294.4,189.3,2,2,77.8,0.0,43.6,67.8,0.0,77.8
2026-09-19 21:46:50,mfsweep_shard0,LRT_MMUR,50,4531.24,5,0,1,131.4,426.1,294.7,2,2,75.9,0.0,42.4,162.5,0.0,89.7
2026-09-19 21:46:50,mfsweep_shard0,LRT_MMUR,50,4531.24,6,0,1,157.7,491.2,333.6,2,2,83.0,0.0,68.8,148.1,26.4,90.2
2026-09-19 21:46:50,mfsweep_shard0,LRT_MMUR,50,4531.24,7,0,1,183.9,586.9,403.0,2,2,56.4,0.1,105.3,80.3,160.9,56.4
2026-09-19 21:46:50,mfsweep_shard0,LRT_MMUR,50,4531.24,8,0,1,210.2,547.0,336.7,2,2,67.5,0.0,106.6,94.4,68.3,67.5
2026-09-19 21:46:50,mfsweep_shard0,LRT_MMUR,50,4531.24,9,0,1,236.5,640.3,403.8,2,2,54.5,0.0,58.4,97.8,193.1,54.5
2026-09-19 21:46:50,mfsweep_shard0,LRT_MMUR,50,4531.24,10,0,1,262.8,516.1,253.3,2,2,60.8,0.0,94.4,98.2,0.0,60.8
2026-09-19 21:46:50,mfsweep_shard0,LRT_MMUR,50,4531.24,11,0,1,289.1,535.6,246.5,2,2,70.2,0.0,47.8,113.9,14.5,70.2
2026-09-19 21:46:50,mfsweep_shard0,LRT_MMUR,50,4531.24,12,0,1,315.3,500.4,185.0,2,2,54.4,0.0,50.6,79.4,0.6,54.4
2026-09-19 21:46:50,mfsweep_shard0,LRT_MMUR,50,4531.24,13,0,1,341.6,649.8,308.2,2,2,60.1,0.0,36.0,95.4,116.7,60.1
2026-09-19 21:46:50,mfsweep_shard0,LRT_MMUR,50,4531.24,14,0,1,367.9,600.5,232.6,2,2,75.0,0.0,56.5,71.8,29.3,75.0
2026-09-19 21:46:50,mfsweep_shard0,LRT_MMUR,50,4531.24,15,0,1,394.2,656.8,262.6,2,2,71.5,0.0,44.7,146.4,0.0,71.5
2026-09-19 21:46:50,mfsweep_shard0,LRT_MMUR,50,4531.24,16,0,1,420.4,998.4,578.0,2,2,60.8,0.0,62.0,115.7,339.4,60.8
2026-09-19 21:46:50,mfsweep_shard0,LRT_MMUR,50,4531.24,17,0,1,446.7,693.8,247.1,2,2,73.0,0.0,18.9,132.1,23.0,73.0
2026-09-19 21:46:50,mfsweep_shard0,LRT_MMUR,50,4531.24,18,0,1,473.0,771.8,298.8,2,2,80.3,0.0,51.9,112.6,54.0,80.3
2026-09-19 21:46:50,mfsweep_shard0,LRT_MMUR,50,4531.24,19,0,1,499.3,1116.3,617.0,2,2,53.8,0.0,68.6,87.5,407.1,53.8
2026-09-19 21:46:50,mfsweep_shard0,LRT_MMUR,50,4531.24,20,0,1,525.6,840.4,314.8,2,2,80.1,0.0,51.1,106.0,77.6,80.1
2026-09-19 21:46:50,mfsweep_shard0,LRT_MMUR,50,4531.24,21,0,1,551.8,896.5,344.7,2,2,76.6,0.0,46.3,96.1,125.7,76.6
2026-09-19 21:46:50,mfsweep_shard0,LRT_MMUR,50,4531.24,22,0,1,578.1,947.1,369.0,2,2,64.8,0.0,77.3,107.6,119.3,64.8
2026-09-19 21:46:50,mfsweep_shard0,LRT_MMUR,50,4531.24,23,0,1,604.4,1014.2,409.8,2,2,58.7,0.0,30.1,68.3,252.8,58.7
2026-09-19 21:46:50,mfsweep_shard0,LRT_MMUR,50,4531.24,24,0,1,630.7,858.8,228.1,2,2,85.1,0.0,68.8,74.2,0.0,85.1
2026-09-19 21:46:50,mfsweep_shard0,LRT_MMUR,50,4531.24,25,0,1,656.9,901.3,244.4,2,2,64.7,0.0,58.6,72.9,48.2,64.7
2026-09-19 21:46:50,mfsweep_shard0,LRT_MMUR,50,4531.24,26,0,1,683.2,1033.6,350.4,2,2,56.6,0.0,74.8,83.3,135.7,56.6
2026-09-19 21:46:50,mfsweep_shard0,LRT_MMUR,50,4531.24,27,0,1,709.5,1624.8,915.3,2,2,56.7,0.0,87.9,172.9,597.8,56.7
2026-09-19 21:46:50,mfsweep_shard0,LRT_MMUR,50,4531.24,28,0,1,735.8,1009.8,274.1,2,2,81.5,0.0,92.6,77.5,22.3,81.5
2026-09-19 21:46:50,mfsweep_shard0,LRT_MMUR,50,4531.24,29,0,1,762.0,965.6,203.5,2,2,73.5,0.0,64.0,66.0,0.0,73.5
2026-09-19 21:46:50,mfsweep_shard0,LRT_MMUR,50,4531.24,30,0,1,788.3,1060.1,271.7,2,2,80.2,0.0,74.9,101.2,15.5,80.2
2026-09-19 21:46:50,mfsweep_shard0,LRT_MMUR,50,4531.24,31,0,1,814.6,1398.2,583.6,2,2,77.6,0.1,47.9,148.7,280.6,106.4
2026-09-19 21:46:50,mfsweep_shard0,LRT_MMUR,50,4531.24,32,0,1,840.9,1528.9,688.0,2,2,71.2,0.1,91.9,141.0,383.8,71.2
2026-09-19 21:46:50,mfsweep_shard0,LRT_MMUR,50,4531.24,33,0,1,867.2,1224.6,357.5,2,2,85.7,0.1,95.8,149.3,26.6,85.7
2026-09-19 21:46:50,mfsweep_shard0,LRT_MMUR,50,4531.24,34,0,1,893.4,1589.4,696.0,2,2,66.0,0.1,101.5,167.5,360.8,66.0
2026-09-19 21:46:50,mfsweep_shard0,LRT_MMUR,50,4531.24,35,0,1,919.7,1458.2,538.5,2,2,71.8,0.1,91.2,76.4,299.0,71.8
2026-09-19 21:46:50,mfsweep_shard0,LRT_MMUR,50,4531.24,36,0,1,946.0,1135.4,189.4,2,2,80.9,0.0,38.3,70.2,0.0,80.9
2026-09-19 21:46:50,mfsweep_shard0,LRT_MMUR,50,4531.24,37,0,1,972.3,1403.0,430.7,2,2,74.0,0.0,53.8,79.8,223.1,74.0
2026-09-19 21:46:50,mfsweep_shard0,LRT_MMUR,50,4531.24,38,0,1,998.5,1306.7,308.2,2,2,82.0,0.0,98.5,86.4,41.2,82.0
2026-09-19 21:46:50,mfsweep_shard0,LRT_MMUR,50,4531.24,39,0,1,1024.8,1219.9,195.0,2,2,72.6,0.0,46.5,75.9,0.0,72.6
2026-09-19 21:46:50,mfsweep_shard0,LRT_MMUR,50,4531.24,40,0,1,1051.1,1284.0,232.9,2,2,76.8,0.0,58.2,71.2,26.7,76.8
2026-09-19 21:46:50,mfsweep_shard0,LRT_MMUR,50,4531.24,41,0,1,1077.4,4164.2,3086.8,2,2,55.1,0.0,176.3,242.0,2613.4,55.1
2026-09-19 21:46:50,mfsweep_shard0,LRT_MMUR,50,4531.24,42,0,1,1103.7,1315.8,212.2,2,2,61.1,0.0,55.3,71.2,24.5,61.1
2026-09-19 21:46:50,mfsweep_shard0,LRT_MMUR,50,4531.24,43,0,1,1129.9,1388.8,258.9,2,2,63.1,0.0,84.4,76.2,35.2,63.1
2026-09-19 21:46:50,mfsweep_shard0,LRT_MMUR,50,4531.24,44,0,1,1156.2,1482.2,326.0,2,2,56.2,0.0,88.0,81.1,100.6,56.2
2026-09-19 21:46:50,mfsweep_shard0,LRT_MMUR,50,4531.24,45,0,1,1182.5,1408.7,226.2,2,2,61.2,0.0,33.2,72.5,59.2,61.2
2026-09-19 21:46:50,mfsweep_shard0,LRT_MMUR,50,4531.24,46,0,1,1208.8,4043.9,2835.2,2,2,56.9,0.1,258.1,294.3,2179.8,102.8
2026-09-19 21:46:50,mfsweep_shard0,LRT_MMUR,50,4531.24,47,0,1,1235.0,1491.7,256.7,2,2,62.7,0.0,34.2,141.0,18.7,62.7
2026-09-19 21:46:50,mfsweep_shard0,LRT_MMUR,50,4531.24,48,0,1,1261.3,1563.3,302.0,2,2,74.5,0.0,43.0,139.2,45.2,74.5
2026-09-19 21:46:50,mfsweep_shard0,LRT_MMUR,50,4531.24,49,0,1,1287.6,1984.5,696.9,2,2,65.6,0.1,79.2,167.0,385.1,65.6
2026-09-19 21:46:50,mfsweep_shard0,LRT_MMUR,50,4531.24,50,0,1,1313.9,1598.7,284.8,2,2,65.8,0.0,55.1,71.3,92.7,65.8
2026-09-19 21:46:50,mfsweep_shard0,LRT_MMUR,50,4531.24,51,0,1,1340.2,2066.1,726.0,2,2,60.5,0.1,120.6,111.7,433.1,60.5
2026-09-19 21:46:50,mfsweep_shard0,LRT_MMUR,50,4531.24,52,0,1,1366.4,1992.0,625.5,2,2,62.4,0.1,44.9,105.0,413.2,62.4
2026-09-19 21:46:50,mfsweep_shard0,LRT_MMUR,50,4531.24,53,0,1,1392.7,1848.1,455.4,2,2,84.5,0.2,127.4,103.9,58.8,165.2
2026-09-19 21:46:50,mfsweep_shard0,LRT_MMUR,50,4531.24,54,0,1,1419.0,1669.5,250.5,2,2,74.9,0.0,74.5,76.5,24.6,74.9
2026-09-19 21:46:50,mfsweep_shard0,LRT_MMUR,50,4531.24,55,0,1,1445.3,1708.8,263.5,2,2,73.6,0.0,20.7,66.9,102.3,73.6
2026-09-19 21:46:50,mfsweep_shard0,LRT_MMUR,50,4531.24,56,0,1,1471.5,2117.2,645.7,2,2,59.2,0.1,157.7,101.6,327.0,59.2
2026-09-19 21:46:50,mfsweep_shard0,LRT_MMUR,50,4531.24,57,0,1,1497.8,1921.3,423.5,2,2,77.6,0.2,131.2,98.0,116.6,77.6
2026-09-19 21:46:50,mfsweep_shard0,LRT_MMUR,50,4531.24,58,0,1,1524.1,1868.1,344.0,2,2,58.9,0.0,118.7,163.1,3.2,58.9
2026-09-19 21:46:50,mfsweep_shard0,LRT_MMUR,50,4531.24,59,0,1,1550.4,1777.8,227.5,2,2,66.1,0.0,58.0,79.9,23.5,66.1
2026-09-19 21:46:50,mfsweep_shard0,LRT_MMUR,50,4531.24,60,0,1,1576.6,1881.0,304.4,2,2,86.2,0.0,40.5,138.8,38.8,86.2
2026-09-19 21:46:50,mfsweep_shard0,LRT_MMUR,50,4531.24,61,0,1,1602.9,1925.7,322.8,2,2,74.7,0.0,75.6,124.3,48.2,74.7
2026-09-19 21:46:50,mfsweep_shard0,LRT_MMUR,50,4531.24,62,0,1,1629.2,2323.1,693.9,2,2,71.9,0.0,59.2,161.0,401.7,71.9
2026-09-19 21:46:50,mfsweep_shard0,LRT_MMUR,50,4531.24,63,0,1,1655.5,2292.4,636.9,2,2,76.1,0.0,86.5,141.7,332.5,76.1
2026-09-19 21:46:50,mfsweep_shard0,LRT_MMUR,50,4531.24,64,0,1,1681.8,2020.9,339.2,2,2,81.4,0.0,89.4,125.6,42.8,81.4
2026-09-19 21:46:50,mfsweep_shard0,LRT_MMUR,50,4531.24,65,0,1,1708.0,2183.5,475.5,2,2,79.2,0.0,20.4,114.4,261.5,79.2
2026-09-19 21:46:50,mfsweep_shard0,LRT_MMUR,50,4531.24,66,0,1,1734.3,2529.0,794.7,2,2,61.1,0.0,68.5,89.1,576.0,61.1
2026-09-19 21:46:50,mfsweep_shard0,LRT_MMUR,50,4531.24,67,0,1,1760.6,4204.7,2444.1,2,2,54.6,0.2,211.7,208.1,1942.6,81.6
2026-09-19 21:46:50,mfsweep_shard0,LRT_MMUR,50,4531.24,68,0,1,1786.9,2380.2,593.4,2,2,64.0,0.0,59.2,77.4,392.8,64.0
2026-09-19 21:46:50,mfsweep_shard0,LRT_MMUR,50,4531.24,69,0,1,1813.1,2472.5,659.4,2,2,62.4,0.0,54.1,163.1,379.7,62.4
2026-09-19 21:46:50,mfsweep_shard0,LRT_MMUR,50,4531.24,70,0,1,1839.4,2578.0,738.5,2,2,60.5,0.0,78.7,85.4,513.9,60.5
2026-09-19 21:46:50,mfsweep_shard0,LRT_MMUR,50,4531.24,71,0,1,1865.7,2061.3,195.6,2,2,84.7,0.0,22.4,80.0,8.5,84.7
2026-09-19 21:46:50,mfsweep_shard0,LRT_MMUR,50,4531.24,72,0,1,1892.0,2152.9,261.0,2,2,82.5,0.0,80.0,76.6,21.9,82.5
2026-09-19 21:46:50,mfsweep_shard0,LRT_MMUR,50,4531.24,73,0,1,1918.3,2419.0,500.7,2,2,63.9,0.0,44.3,66.7,325.7,63.9
2026-09-19 21:46:50,mfsweep_shard0,LRT_MMUR,50,4531.24,74,0,1,1944.5,2134.6,190.1,2,2,75.2,0.0,45.2,69.7,0.0,75.2
2026-09-19 21:46:50,mfsweep_shard0,LRT_MMUR,50,4531.24,75,0,1,1970.8,2318.4,347.6,2,2,66.6,0.0,74.5,81.7,124.7,66.6
2026-09-19 21:46:50,mfsweep_shard0,LRT_MMUR,50,4531.24,76,0,1,1997.1,2196.0,198.9,2,2,83.7,0.0,37.0,71.0,7.2,83.7
2026-09-19 21:46:50,mfsweep_shard0,LRT_MMUR,50,4531.24,77,0,1,2023.4,2263.4,240.0,2,2,68.7,0.0,59.3,97.0,15.1,68.7
2026-09-19 21:46:50,mfsweep_shard0,LRT_MMUR,50,4531.24,78,0,1,2049.6,3319.0,1269.4,2,2,62.3,0.2,201.9,232.3,772.7,62.3
2026-09-19 21:46:50,mfsweep_shard0,LRT_MMUR,50,4531.24,79,0,1,2075.9,3387.1,1311.2,2,2,61.7,0.2,183.0,194.4,871.9,61.7
2026-09-19 21:46:50,mfsweep_shard0,LRT_MMUR,50,4531.24,80,0,1,2102.2,2569.3,467.1,2,2,72.1,0.0,49.1,139.7,206.2,72.1
2026-09-19 21:46:50,mfsweep_shard0,LRT_MMUR,50,4531.24,81,0,1,2128.5,3337.1,1208.6,2,2,62.2,0.2,199.4,255.8,690.9,62.2
2026-09-19 21:46:50,mfsweep_shard0,LRT_MMUR,50,4531.24,82,0,1,2154.7,2353.2,198.4,2,2,72.8,0.0,34.1,70.7,20.7,72.8
2026-09-19 21:46:50,mfsweep_shard0,LRT_MMUR,50,4531.24,83,0,1,2181.0,2437.6,256.6,2,2,83.2,0.0,57.1,80.4,35.9,83.2
2026-09-19 21:46:50,mfsweep_shard0,LRT_MMUR,50,4531.24,84,0,1,2207.3,3728.4,1521.1,2,2,66.7,0.3,200.9,94.8,1130.0,95.1
2026-09-19 21:46:50,mfsweep_shard0,LRT_MMUR,50,4531.24,85,0,1,2233.6,3433.3,1199.8,2,2,60.8,0.3,234.4,170.1,734.2,60.8
2026-09-19 21:46:50,mfsweep_shard0,LRT_MMUR,50,4531.24,86,0,1,2259.9,2520.2,260.4,2,2,86.5,0.0,78.2,85.3,10.4,86.5
2026-09-19 21:46:50,mfsweep_shard0,LRT_MMUR,50,4531.24,87,0,1,2286.1,2937.1,651.0,2,2,70.4,0.2,95.5,126.4,333.2,95.7
2026-09-19 21:46:50,mfsweep_shard0,LRT_MMUR,50,4531.24,88,0,1,2312.4,4331.3,2018.9,2,2,56.5,0.4,272.2,246.8,1422.4,77.2
2026-09-19 21:46:50,mfsweep_shard0,LRT_MMUR,50,4531.24,89,0,1,2338.7,4123.7,1785.0,2,2,55.1,0.5,263.6,158.3,1307.5,55.1
2026-09-19 21:46:50,mfsweep_shard0,LRT_MMUR,50,4531.24,90,0,1,2365.0,4001.6,1636.6,2,2,57.2,0.6,256.7,164.8,1157.4,57.2
2026-09-19 21:46:50,mfsweep_shard0,LRT_MMUR,50,4531.24,91,0,1,2391.2,2686.1,294.8,2,2,74.3,0.0,45.5,69.4,105.6,74.3
2026-09-19 21:46:50,mfsweep_shard0,LRT_MMUR,50,4531.24,92,0,1,2417.5,2613.5,196.0,2,2,79.7,0.0,31.0,68.1,17.2,79.7
2026-09-19 21:46:50,mfsweep_shard0,LRT_MMUR,50,4531.24,93,0,1,2443.8,3124.4,680.6,2,2,67.5,0.3,139.0,116.5,357.2,67.5
2026-09-19 21:46:50,mfsweep_shard0,LRT_MMUR,50,4531.24,94,0,1,2470.1,4084.0,1614.0,2,2,55.6,0.6,292.6,121.0,1144.1,55.6
2026-09-19 21:46:50,mfsweep_shard0,LRT_MMUR,50,4531.24,95,0,1,2496.4,3815.1,1318.8,2,2,66.1,0.4,382.9,178.6,676.0,80.8
2026-09-19 21:46:50,mfsweep_shard0,LRT_MMUR,50,4531.24,96,0,1,2522.6,2806.2,283.5,2,2,86.4,0.0,24.1,170.0,3.1,86.4
2026-09-19 21:46:50,mfsweep_shard0,LRT_MMUR,50,4531.24,97,0,1,2548.9,3071.2,522.3,2,2,71.0,0.0,198.9,165.2,81.3,76.9
2026-09-19 21:46:50,mfsweep_shard0,LRT_MMUR,50,4531.24,98,0,1,2575.2,2903.2,328.0,2,2,85.6,0.0,35.7,166.4,40.3,85.6
2026-09-19 21:46:50,mfsweep_shard0,LRT_MMUR,50,4531.24,99,0,1,2601.5,3036.0,434.6,2,2,82.0,0.0,199.5,148.5,4.6,82.0
2026-09-19 21:46:50,mfsweep_shard0,LRT_MMUR,50,4531.24,100,0,1,2627.7,4242.6,1614.9,2,2,53.9,0.5,312.3,79.5,1168.6,53.9
2026-09-19 21:46:50,mfsweep_shard0,LRT_MMUR,50,4531.24,101,0,1,2654.0,3309.9,655.9,2,2,77.3,0.0,187.0,125.2,224.0,119.6
2026-09-19 21:46:50,mfsweep_shard0,LRT_MMUR,50,4531.24,102,0,1,2680.3,3405.9,725.6,2,2,76.0,0.0,209.5,137.2,302.8,76.0
2026-09-19 21:46:50,mfsweep_shard0,LRT_MMUR,50,4531.24,103,0,1,2706.6,2988.3,281.7,2,2,71.3,0.0,126.6,83.8,0.0,71.3
2026-09-19 21:46:50,mfsweep_shard0,LRT_MMUR,50,4531.24,104,0,1,2732.9,3819.8,1086.9,2,2,62.4,0.1,198.0,158.5,667.9,62.4
2026-09-19 21:46:50,mfsweep_shard0,LRT_MMUR,50,4531.24,105,0,1,2759.1,3541.9,782.8,2,2,74.7,0.1,131.5,165.5,411.0,74.7
2026-09-19 21:46:50,mfsweep_shard0,LRT_MMUR,50,4531.24,106,0,1,2785.4,3959.0,1173.6,2,2,57.2,0.0,71.6,86.6,958.2,57.2
2026-09-19 21:46:50,mfsweep_shard0,LRT_MMUR,50,4531.24,107,0,1,2811.7,3040.9,229.3,2,2,67.9,0.0,48.2,102.5,10.6,67.9
2026-09-19 21:46:50,mfsweep_shard0,LRT_MMUR,50,4531.24,108,0,1,2838.0,3685.8,847.8,2,2,68.5,0.0,116.0,90.5,572.7,68.5
2026-09-19 21:46:50,mfsweep_shard0,LRT_MMUR,50,4531.24,109,0,1,2864.2,3115.1,250.9,2,2,85.0,0.0,64.2,78.8,22.9,85.0
2026-09-19 21:46:50,mfsweep_shard0,LRT_MMUR,50,4531.24,110,0,1,2890.5,3227.5,336.9,2,2,82.4,0.0,72.2,77.5,104.8,82.4
2026-09-19 21:46:50,mfsweep_shard0,LRT_MMUR,50,4531.24,111,0,1,2916.8,3854.6,937.8,2,2,62.2,0.0,22.0,86.3,767.3,62.2
2026-09-19 21:46:50,mfsweep_shard0,LRT_MMUR,50,4531.24,112,0,1,2943.1,3633.2,690.1,2,2,70.1,0.0,59.3,93.1,467.7,70.1
2026-09-19 21:46:50,mfsweep_shard0,LRT_MMUR,50,4531.24,113,0,1,2969.3,3927.9,958.6,2,2,59.4,0.0,66.4,76.4,756.3,59.4
2026-09-19 21:46:50,mfsweep_shard0,LRT_MMUR,50,4531.24,114,0,1,2995.6,3264.0,268.4,2,2,83.7,0.0,59.3,79.3,46.1,83.7
2026-09-19 21:46:50,mfsweep_shard0,LRT_MMUR,50,4531.24,115,0,1,3021.9,3459.9,438.0,2,2,82.3,0.2,125.3,124.6,40.3,147.6
2026-09-19 21:46:50,mfsweep_shard0,LRT_MMUR,50,4531.24,116,0,1,3048.2,4247.8,1199.6,2,2,63.4,0.3,314.1,116.9,692.4,75.9
2026-09-19 21:46:50,mfsweep_shard0,LRT_MMUR,50,4531.24,117,0,1,3074.5,3583.7,509.2,2,2,74.6,0.2,146.1,131.3,157.0,74.6
2026-09-19 21:46:50,mfsweep_shard0,LRT_MMUR,50,4531.24,118,0,1,3100.7,3401.3,300.6,2,2,73.6,0.0,119.3,107.6,0.0,73.6
2026-09-19 21:46:50,mfsweep_shard0,LRT_MMUR,50,4531.24,119,0,1,3127.0,4289.4,1162.4,2,2,58.6,0.3,252.4,112.5,738.5,58.6
2026-09-19 21:46:50,mfsweep_shard0,LRT_MMUR,50,4531.24,120,0,1,3153.3,3446.1,292.8,2,2,78.7,0.0,60.9,125.4,27.7,78.7
2026-09-19 21:46:50,mfsweep_shard0,LRT_MMUR,50,4531.24,121,0,1,3179.6,4095.6,916.1,2,2,71.3,0.1,228.4,119.3,496.9,71.3
2026-09-19 21:46:50,mfsweep_shard0,LRT_MMUR,50,4531.24,122,0,1,3205.8,3528.7,322.8,2,2,79.2,0.0,141.0,87.3,15.3,79.2
2026-09-19 21:46:50,mfsweep_shard0,LRT_MMUR,50,4531.24,123,0,1,3232.1,3845.5,613.4,2,2,71.0,0.1,162.9,121.1,258.3,71.0
2026-09-19 21:46:50,mfsweep_shard0,LRT_MMUR,50,4531.24,124,0,1,3258.4,4531.2,1272.8,2,2,53.6,0.1,160.8,124.8,933.6,53.6
2026-09-19 21:46:50,mfsweep_shard0,LRT_MMUR,50,4531.24,125,0,1,3284.7,3895.8,611.1,2,2,64.2,0.1,113.7,121.4,311.6,64.2
2026-09-19 21:46:50,mfsweep_shard0,LRT_MMUR,50,4531.24,126,0,1,3311.0,4493.1,1182.1,2,2,54.2,0.2,220.8,112.1,794.9,54.2
2026-09-19 21:46:50,mfsweep_shard0,LRT_MMUR,50,4531.24,127,0,1,3337.2,3588.4,251.1,2,2,84.2,0.0,47.1,90.9,28.9,84.2
2026-09-19 21:46:50,mfsweep_shard0,LRT_MMUR,50,4531.24,128,0,1,3363.5,3671.4,307.9,2,2,82.5,0.0,104.3,67.4,53.6,82.5
2026-09-19 21:46:50,mfsweep_shard0,LRT_MMUR,50,4531.24,129,0,1,3389.8,4037.9,648.1,2,2,81.0,0.2,196.2,144.6,226.2,81.0
2026-09-19 21:46:50,mfsweep_shard0,LRT_MMUR,50,4531.24,130,0,1,3416.1,4197.5,781.4,2,2,63.7,0.2,164.3,105.4,447.8,63.7
2026-09-19 21:46:50,mfsweep_shard0,LRT_MMUR,50,4531.24,131,0,1,3442.3,4453.5,1011.2,2,2,55.5,0.2,144.8,154.5,656.2,55.5
2026-09-19 21:46:50,mfsweep_shard0,LRT_MMUR,50,4531.24,132,0,1,3468.6,3737.3,268.7,2,2,82.5,0.0,43.7,91.1,51.4,82.5
2026-09-19 21:46:50,mfsweep_shard0,LRT_MMUR,50,4531.24,133,0,1,3494.9,3972.8,477.9,2,2,84.8,0.2,196.4,128.8,65.9,86.6
2026-09-19 21:46:50,mfsweep_shard0,LRT_MMUR,50,4531.24,134,0,1,3521.2,4372.3,851.1,2,2,56.4,0.3,205.4,113.7,475.3,56.4
2026-09-19 21:46:50,mfsweep_shard0,LRT_MMUR,50,4531.24,135,0,1,3547.5,4151.0,603.5,2,2,69.6,0.3,197.2,103.5,232.9,69.6
2026-09-19 21:46:50,mfsweep_shard0,LRT_MMUR,50,4531.24,136,0,1,3573.7,4413.5,839.8,2,2,55.8,0.3,222.9,103.3,457.4,55.8
2026-09-19 21:50:21,mfsweep_shard0,LRT_MMUR,51,4055.66,0,0,1,0.0,315.8,315.8,2,2,74.6,0.0,71.4,97.3,34.2,113.0
2026-09-19 21:50:21,mfsweep_shard0,LRT_MMUR,51,4055.66,1,0,1,26.3,426.4,400.1,2,2,54.4,0.1,96.3,103.3,146.1,54.4
2026-09-19 21:50:21,mfsweep_shard0,LRT_MMUR,51,4055.66,2,0,1,52.6,261.3,208.8,2,2,62.6,0.0,67.0,79.1,0.0,62.6
2026-09-19 21:50:21,mfsweep_shard0,LRT_MMUR,51,4055.66,3,0,1,78.8,247.1,168.3,2,2,60.9,0.0,35.4,71.9,0.0,60.9
2026-09-19 21:50:21,mfsweep_shard0,LRT_MMUR,51,4055.66,4,0,1,105.1,395.1,289.9,2,2,77.8,0.0,42.2,148.7,21.1,77.8
2026-09-19 21:50:21,mfsweep_shard0,LRT_MMUR,51,4055.66,5,0,1,131.4,377.9,246.5,2,2,75.9,0.0,43.1,127.5,0.0,75.9
2026-09-19 21:50:21,mfsweep_shard0,LRT_MMUR,51,4055.66,6,0,1,157.7,467.3,309.7,2,2,83.0,0.0,58.8,129.1,38.8,83.0
2026-09-19 21:50:21,mfsweep_shard0,LRT_MMUR,51,4055.66,7,0,1,183.9,753.9,569.9,2,2,56.4,0.0,55.5,116.1,341.9,56.4
2026-09-19 21:50:21,mfsweep_shard0,LRT_MMUR,51,4055.66,8,0,1,210.2,498.9,288.6,2,2,67.5,0.0,35.1,126.5,59.6,67.5
2026-09-19 21:50:21,mfsweep_shard0,LRT_MMUR,51,4055.66,9,0,1,236.5,797.5,561.0,2,2,54.5,0.0,69.3,82.4,354.7,54.5
2026-09-19 21:50:21,mfsweep_shard0,LRT_MMUR,51,4055.66,10,0,1,262.8,726.5,463.7,2,2,60.8,0.0,102.0,135.7,165.3,60.8
2026-09-19 21:50:21,mfsweep_shard0,LRT_MMUR,51,4055.66,11,0,1,289.1,671.9,382.9,2,2,70.2,0.0,65.0,124.5,90.5,102.9
2026-09-19 21:50:21,mfsweep_shard0,LRT_MMUR,51,4055.66,12,0,1,315.3,835.2,519.8,2,2,54.4,0.1,95.6,82.9,286.8,54.4
2026-09-19 21:50:21,mfsweep_shard0,LRT_MMUR,51,4055.66,13,0,1,341.6,517.6,175.9,2,2,60.1,0.1,33.5,70.5,11.8,60.1
2026-09-19 21:50:21,mfsweep_shard0,LRT_MMUR,51,4055.66,14,0,1,367.9,605.9,238.0,2,2,75.0,0.0,43.4,77.7,41.8,75.0
2026-09-19 21:50:21,mfsweep_shard0,LRT_MMUR,51,4055.66,15,0,1,394.2,597.2,203.0,2,2,71.5,0.0,66.0,65.5,0.0,71.5
2026-09-19 21:50:21,mfsweep_shard0,LRT_MMUR,51,4055.66,16,0,1,420.4,698.1,277.6,2,2,60.8,0.0,69.2,123.7,23.8,60.8
2026-09-19 21:50:21,mfsweep_shard0,LRT_MMUR,51,4055.66,17,0,1,446.7,662.6,215.9,2,2,73.0,0.0,50.9,92.0,0.0,73.0
2026-09-19 21:50:21,mfsweep_shard0,LRT_MMUR,51,4055.66,18,0,1,473.0,683.3,210.3,2,2,80.3,0.0,21.6,74.6,33.9,80.3
2026-09-19 21:50:21,mfsweep_shard0,LRT_MMUR,51,4055.66,19,0,1,499.3,1182.2,682.9,2,2,53.8,0.0,58.4,81.6,489.1,53.8
2026-09-19 21:50:21,mfsweep_shard0,LRT_MMUR,51,4055.66,20,0,1,525.6,759.5,233.9,2,2,80.1,0.0,55.5,64.6,33.7,80.1
2026-09-19 21:50:21,mfsweep_shard0,LRT_MMUR,51,4055.66,21,0,1,551.8,918.9,367.1,2,2,76.6,0.0,77.7,86.6,126.1,76.6
2026-09-19 21:50:21,mfsweep_shard0,LRT_MMUR,51,4055.66,22,0,1,578.1,964.5,386.4,2,2,64.8,0.0,34.5,88.0,199.1,64.8
2026-09-19 21:50:21,mfsweep_shard0,LRT_MMUR,51,4055.66,23,0,1,604.4,1060.4,456.0,2,2,58.7,0.0,57.1,75.5,264.7,58.7
2026-09-19 21:50:21,mfsweep_shard0,LRT_MMUR,51,4055.66,24,0,1,630.7,869.2,238.6,2,2,85.1,0.0,71.4,80.4,1.6,85.1
2026-09-19 21:50:21,mfsweep_shard0,LRT_MMUR,51,4055.66,25,0,1,656.9,1005.2,348.2,2,2,64.7,0.0,51.5,93.9,138.1,64.7
2026-09-19 21:50:21,mfsweep_shard0,LRT_MMUR,51,4055.66,26,0,1,683.2,1149.2,466.0,2,2,56.6,0.0,86.8,77.5,245.1,56.6
2026-09-19 21:50:21,mfsweep_shard0,LRT_MMUR,51,4055.66,27,0,1,709.5,1087.9,378.4,2,2,56.7,0.0,45.3,66.4,210.0,56.7
2026-09-19 21:50:21,mfsweep_shard0,LRT_MMUR,51,4055.66,28,0,1,735.8,1014.2,278.4,2,2,81.5,0.0,63.3,133.6,0.0,81.5
2026-09-19 21:50:21,mfsweep_shard0,LRT_MMUR,51,4055.66,29,0,1,762.0,1569.8,807.8,2,2,73.5,0.0,139.9,124.6,469.7,73.5
2026-09-19 21:50:21,mfsweep_shard0,LRT_MMUR,51,4055.66,30,0,1,788.3,1049.2,260.9,2,2,80.2,0.0,39.3,135.7,5.7,80.2
2026-09-19 21:50:21,mfsweep_shard0,LRT_MMUR,51,4055.66,31,0,1,814.6,1298.4,483.8,2,2,77.6,0.1,84.4,146.2,175.5,77.6
2026-09-19 21:50:21,mfsweep_shard0,LRT_MMUR,51,4055.66,32,0,1,840.9,1659.1,818.2,2,2,71.2,0.1,107.9,144.6,494.4,71.2
2026-09-19 21:50:21,mfsweep_shard0,LRT_MMUR,51,4055.66,33,0,1,867.2,1102.0,234.8,2,2,85.7,0.0,29.4,73.0,46.8,85.7
2026-09-19 21:50:21,mfsweep_shard0,LRT_MMUR,51,4055.66,34,0,1,893.4,1712.2,818.8,2,2,66.0,0.1,150.9,125.6,476.2,66.0
2026-09-19 21:50:21,mfsweep_shard0,LRT_MMUR,51,4055.66,35,0,1,919.7,1589.5,669.8,2,2,71.8,0.1,130.0,103.5,364.5,71.8
2026-09-19 21:50:21,mfsweep_shard0,LRT_MMUR,51,4055.66,36,0,1,946.0,1194.7,248.7,2,2,80.9,0.0,74.5,82.2,11.0,80.9
2026-09-19 21:50:21,mfsweep_shard0,LRT_MMUR,51,4055.66,37,0,1,972.3,1472.9,500.7,2,2,74.0,0.1,105.1,73.8,247.7,74.0
2026-09-19 21:50:21,mfsweep_shard0,LRT_MMUR,51,4055.66,38,0,1,998.5,1361.6,363.1,2,2,82.0,0.2,147.6,88.6,43.9,82.8
2026-09-19 21:50:21,mfsweep_shard0,LRT_MMUR,51,4055.66,39,0,1,1024.8,1293.6,268.8,2,2,72.6,0.0,105.9,90.3,0.0,72.6
2026-09-19 21:50:21,mfsweep_shard0,LRT_MMUR,51,4055.66,40,0,1,1051.1,1419.0,367.9,2,2,76.8,0.0,44.5,153.0,93.6,76.8
2026-09-19 21:50:21,mfsweep_shard0,LRT_MMUR,51,4055.66,41,0,1,1077.4,1755.7,678.4,2,2,55.1,0.0,147.6,125.2,350.5,55.1
2026-09-19 21:50:21,mfsweep_shard0,LRT_MMUR,51,4055.66,42,0,1,1103.7,1978.7,875.0,2,2,61.1,0.0,79.4,179.3,555.2,61.1
2026-09-19 21:50:21,mfsweep_shard0,LRT_MMUR,51,4055.66,43,0,1,1129.9,1423.7,293.8,2,2,63.1,0.0,107.1,122.2,1.3,63.1
2026-09-19 21:50:21,mfsweep_shard0,LRT_MMUR,51,4055.66,44,0,1,1156.2,1348.1,191.9,2,2,56.2,0.0,47.0,88.7,0.0,56.2
2026-09-19 21:50:21,mfsweep_shard0,LRT_MMUR,51,4055.66,45,0,1,1182.5,1932.9,750.5,2,2,61.2,0.1,78.5,130.4,480.3,61.2
2026-09-19 21:50:21,mfsweep_shard0,LRT_MMUR,51,4055.66,46,0,1,1208.8,2032.8,824.0,2,2,56.9,0.1,108.9,138.7,519.5,56.9
2026-09-19 21:50:21,mfsweep_shard0,LRT_MMUR,51,4055.66,47,0,1,1235.0,1468.2,233.2,2,2,62.7,0.0,42.9,92.7,34.8,62.7
2026-09-19 21:50:21,mfsweep_shard0,LRT_MMUR,51,4055.66,48,0,1,1261.3,1792.6,531.3,2,2,74.5,0.1,125.4,135.0,196.3,74.5
2026-09-19 21:50:21,mfsweep_shard0,LRT_MMUR,51,4055.66,49,0,1,1287.6,1901.5,613.9,2,2,65.6,0.1,112.0,109.0,290.6,102.2
2026-09-19 21:50:21,mfsweep_shard0,LRT_MMUR,51,4055.66,50,0,1,1313.9,1530.3,216.5,2,2,65.8,0.0,63.8,86.9,0.0,65.8
2026-09-19 21:50:21,mfsweep_shard0,LRT_MMUR,51,4055.66,51,0,1,1340.2,1576.3,236.1,2,2,60.5,0.0,14.4,71.0,90.2,60.5
2026-09-19 21:50:21,mfsweep_shard0,LRT_MMUR,51,4055.66,52,0,1,1366.4,1535.1,168.7,2,2,62.4,0.0,20.4,73.6,12.2,62.4
2026-09-19 21:50:21,mfsweep_shard0,LRT_MMUR,51,4055.66,53,0,1,1392.7,1670.8,278.1,2,2,84.5,0.0,112.1,78.2,3.3,84.5
2026-09-19 21:50:21,mfsweep_shard0,LRT_MMUR,51,4055.66,54,0,1,1419.0,1773.8,354.8,2,2,74.9,0.0,96.0,120.6,63.2,74.9
2026-09-19 21:50:21,mfsweep_shard0,LRT_MMUR,51,4055.66,55,0,1,1445.3,1857.0,411.7,2,2,73.6,0.0,99.7,80.1,158.2,73.6
2026-09-19 21:50:21,mfsweep_shard0,LRT_MMUR,51,4055.66,56,0,1,1471.5,1782.9,311.4,2,2,59.2,0.0,113.8,95.3,43.0,59.2
2026-09-19 21:50:21,mfsweep_shard0,LRT_MMUR,51,4055.66,57,0,1,1497.8,1747.1,249.3,2,2,77.6,0.0,77.7,94.0,0.0,77.6
2026-09-19 21:50:21,mfsweep_shard0,LRT_MMUR,51,4055.66,58,0,1,1524.1,2556.3,1032.2,2,2,58.9,0.0,107.5,156.1,709.7,58.9
2026-09-19 21:50:21,mfsweep_shard0,LRT_MMUR,51,4055.66,59,0,1,1550.4,2282.7,732.4,2,2,66.1,0.0,80.1,126.2,459.9,66.1
2026-09-19 21:50:21,mfsweep_shard0,LRT_MMUR,51,4055.66,60,0,1,1576.6,1838.3,261.7,2,2,86.2,0.0,56.9,83.6,34.9,86.2
2026-09-19 21:50:21,mfsweep_shard0,LRT_MMUR,51,4055.66,61,0,1,1602.9,2168.8,565.9,2,2,74.7,0.0,56.6,64.4,370.2,74.7
2026-09-19 21:50:21,mfsweep_shard0,LRT_MMUR,51,4055.66,62,0,1,1629.2,2220.3,591.1,2,2,71.9,0.0,35.8,83.4,399.9,71.9
2026-09-19 21:50:21,mfsweep_shard0,LRT_MMUR,51,4055.66,63,0,1,1655.5,1914.7,259.2,2,2,76.1,0.0,50.5,88.3,44.2,76.1
2026-09-19 21:50:21,mfsweep_shard0,LRT_MMUR,51,4055.66,64,0,1,1681.8,1974.0,292.2,2,2,81.4,0.0,54.1,110.2,46.5,81.4
2026-09-19 21:50:21,mfsweep_shard0,LRT_MMUR,51,4055.66,65,0,1,1708.0,2051.9,343.9,2,2,79.2,0.0,39.7,135.7,89.3,79.2
2026-09-19 21:50:21,mfsweep_shard0,LRT_MMUR,51,4055.66,66,0,1,1734.3,2438.4,704.1,2,2,61.1,0.0,66.1,124.3,452.6,61.1
2026-09-19 21:50:21,mfsweep_shard0,LRT_MMUR,51,4055.66,67,0,1,1760.6,2579.6,819.1,2,2,54.6,0.0,79.3,137.3,547.9,54.6
2026-09-19 21:50:21,mfsweep_shard0,LRT_MMUR,51,4055.66,68,0,1,1786.9,2329.4,542.5,2,2,64.0,0.0,58.1,69.3,351.1,64.0
2026-09-19 21:50:21,mfsweep_shard0,LRT_MMUR,51,4055.66,69,0,1,1813.1,2365.3,552.2,2,2,62.4,0.0,46.2,64.6,378.9,62.4
2026-09-19 21:50:21,mfsweep_shard0,LRT_MMUR,51,4055.66,70,0,1,1839.4,2473.7,634.3,2,2,60.5,0.0,67.6,89.8,416.3,60.5
2026-09-19 21:50:21,mfsweep_shard0,LRT_MMUR,51,4055.66,71,0,1,1865.7,2102.2,236.5,2,2,84.7,0.0,51.5,74.0,26.4,84.7
2026-09-19 21:50:21,mfsweep_shard0,LRT_MMUR,51,4055.66,72,0,1,1892.0,2135.5,243.5,2,2,82.5,0.0,43.2,117.9,0.0,82.5
2026-09-19 21:50:21,mfsweep_shard0,LRT_MMUR,51,4055.66,73,0,1,1918.3,2815.7,897.4,2,2,63.9,0.0,88.4,134.7,610.3,63.9
2026-09-19 21:50:21,mfsweep_shard0,LRT_MMUR,51,4055.66,74,0,1,1944.5,2242.1,297.6,2,2,75.2,0.0,40.4,70.7,111.3,75.2
2026-09-19 21:50:21,mfsweep_shard0,LRT_MMUR,51,4055.66,75,0,1,1970.8,2752.9,782.1,2,2,66.6,0.1,119.9,119.3,476.1,66.6
2026-09-19 21:50:21,mfsweep_shard0,LRT_MMUR,51,4055.66,76,0,1,1997.1,2199.3,202.2,2,2,83.7,0.0,45.0,70.5,3.0,83.7
2026-09-19 21:50:21,mfsweep_shard0,LRT_MMUR,51,4055.66,77,0,1,2023.4,2320.6,297.3,2,2,68.7,0.0,77.4,80.4,70.8,68.7
2026-09-19 21:50:21,mfsweep_shard0,LRT_MMUR,51,4055.66,78,0,1,2049.6,2843.2,793.5,2,2,62.3,0.1,113.6,97.5,520.1,62.3
2026-09-19 21:50:21,mfsweep_shard0,LRT_MMUR,51,4055.66,79,0,1,2075.9,2944.5,868.5,2,2,61.7,0.1,137.3,145.1,524.3,61.7
2026-09-19 21:50:21,mfsweep_shard0,LRT_MMUR,51,4055.66,80,0,1,2102.2,2617.0,514.8,2,2,72.1,0.1,84.6,151.1,151.0,128.0
2026-09-19 21:50:21,mfsweep_shard0,LRT_MMUR,51,4055.66,81,0,1,2128.5,2878.5,750.0,2,2,62.2,0.1,127.8,157.6,402.2,62.2
2026-09-19 21:50:21,mfsweep_shard0,LRT_MMUR,51,4055.66,82,0,1,2154.7,2598.2,443.4,2,2,72.8,0.2,150.9,117.7,101.8,72.8
2026-09-19 21:50:21,mfsweep_shard0,LRT_MMUR,51,4055.66,83,0,1,2181.0,2421.3,240.3,2,2,83.2,0.0,41.4,73.4,42.3,83.2
2026-09-19 21:50:21,mfsweep_shard0,LRT_MMUR,51,4055.66,84,0,1,2207.3,2385.1,177.8,2,2,66.7,0.0,34.5,76.5,0.0,66.7
2026-09-19 21:50:21,mfsweep_shard0,LRT_MMUR,51,4055.66,85,0,1,2233.6,2965.9,732.3,2,2,60.8,0.0,44.6,70.6,556.3,60.8
2026-09-19 21:50:21,mfsweep_shard0,LRT_MMUR,51,4055.66,86,0,1,2259.9,2508.8,248.9,2,2,86.5,0.0,61.7,74.7,26.0,86.5
2026-09-19 21:50:21,mfsweep_shard0,LRT_MMUR,51,4055.66,87,0,1,2286.1,2687.9,401.8,2,2,70.4,0.0,77.0,76.2,178.2,70.4
2026-09-19 21:50:21,mfsweep_shard0,LRT_MMUR,51,4055.66,88,0,1,2312.4,2701.9,389.5,2,2,56.5,0.0,92.0,146.0,95.0,56.5
2026-09-19 21:50:21,mfsweep_shard0,LRT_MMUR,51,4055.66,89,0,1,2338.7,2570.5,231.8,2,2,55.1,0.0,72.9,103.8,0.0,55.1
2026-09-19 21:50:21,mfsweep_shard0,LRT_MMUR,51,4055.66,90,0,1,2365.0,2655.2,290.3,2,2,57.2,0.0,111.9,121.2,0.0,57.2
2026-09-19 21:50:21,mfsweep_shard0,LRT_MMUR,51,4055.66,91,0,1,2391.2,2697.2,306.0,2,2,74.3,0.0,80.9,119.9,30.9,74.3
2026-09-19 21:50:21,mfsweep_shard0,LRT_MMUR,51,4055.66,92,0,1,2417.5,3121.0,703.5,2,2,79.7,0.0,116.0,245.2,248.3,94.0
2026-09-19 21:50:21,mfsweep_shard0,LRT_MMUR,51,4055.66,93,0,1,2443.8,3658.6,1214.8,2,2,67.5,0.1,104.9,233.3,809.0,67.5
2026-09-19 21:50:21,mfsweep_shard0,LRT_MMUR,51,4055.66,94,0,1,2470.1,3753.2,1283.1,2,2,55.6,0.1,84.3,165.2,977.9,55.6
2026-09-19 21:50:21,mfsweep_shard0,LRT_MMUR,51,4055.66,95,0,1,2496.4,2806.2,309.8,2,2,66.1,0.0,78.1,130.0,35.5,66.1
2026-09-19 21:50:21,mfsweep_shard0,LRT_MMUR,51,4055.66,96,0,1,2522.6,3003.5,480.9,2,2,86.4,0.1,125.0,187.1,82.3,86.4
2026-09-19 21:50:21,mfsweep_shard0,LRT_MMUR,51,4055.66,97,0,1,2548.9,3473.3,924.4,2,2,71.0,0.0,108.0,142.2,603.1,71.0
2026-09-19 21:50:21,mfsweep_shard0,LRT_MMUR,51,4055.66,98,0,1,2575.2,2926.1,350.9,2,2,85.6,0.1,61.2,128.5,38.8,122.3
2026-09-19 21:50:21,mfsweep_shard0,LRT_MMUR,51,4055.66,99,0,1,2601.5,3026.0,424.5,2,2,82.0,0.1,92.9,83.4,166.1,82.0
2026-09-19 21:50:21,mfsweep_shard0,LRT_MMUR,51,4055.66,100,0,1,2627.7,3793.8,1166.1,2,2,53.9,0.2,94.8,85.2,932.0,53.9
2026-09-19 21:50:21,mfsweep_shard0,LRT_MMUR,51,4055.66,101,0,1,2654.0,3291.6,637.6,2,2,77.3,0.0,30.1,81.8,448.4,77.3
2026-09-19 21:50:21,mfsweep_shard0,LRT_MMUR,51,4055.66,102,0,1,2680.3,3335.0,654.7,2,2,76.0,0.0,37.8,93.5,447.3,76.0
2026-09-19 21:50:21,mfsweep_shard0,LRT_MMUR,51,4055.66,103,0,1,2706.6,2961.1,254.5,2,2,71.3,0.0,60.2,123.0,0.0,71.3
2026-09-19 21:50:21,mfsweep_shard0,LRT_MMUR,51,4055.66,104,0,1,2732.9,3676.6,943.7,2,2,62.4,0.0,154.1,157.3,569.9,62.4
2026-09-19 21:50:21,mfsweep_shard0,LRT_MMUR,51,4055.66,105,0,1,2759.1,3416.7,657.6,2,2,74.7,0.1,87.3,156.5,299.7,114.0
2026-09-19 21:50:21,mfsweep_shard0,LRT_MMUR,51,4055.66,106,0,1,2785.4,3712.2,926.8,2,2,57.2,0.1,79.6,133.7,656.3,57.2
2026-09-19 21:50:21,mfsweep_shard0,LRT_MMUR,51,4055.66,107,0,1,2811.7,3579.1,767.4,2,2,67.9,0.1,82.5,136.0,480.9,67.9
2026-09-19 21:50:21,mfsweep_shard0,LRT_MMUR,51,4055.66,108,0,1,2838.0,3541.6,703.7,2,2,68.5,0.1,119.1,119.9,396.0,68.5
2026-09-19 21:50:21,mfsweep_shard0,LRT_MMUR,51,4055.66,109,0,1,2864.2,3178.4,314.2,2,2,85.0,0.1,89.1,127.7,12.3,85.0
2026-09-19 21:50:21,mfsweep_shard0,LRT_MMUR,51,4055.66,110,0,1,2890.5,3249.9,359.4,2,2,82.4,0.0,59.7,91.7,125.5,82.4
2026-09-19 21:50:21,mfsweep_shard0,LRT_MMUR,51,4055.66,111,0,1,2916.8,3107.4,190.6,2,2,62.2,0.0,21.2,107.2,0.0,62.2
2026-09-19 21:50:21,mfsweep_shard0,LRT_MMUR,51,4055.66,112,0,1,2943.1,3837.2,894.1,2,2,70.1,0.0,114.5,127.6,549.0,103.0
2026-09-19 21:50:21,mfsweep_shard0,LRT_MMUR,51,4055.66,113,0,1,2969.3,3245.0,275.6,2,2,59.4,0.0,96.7,119.4,0.0,59.4
2026-09-19 21:50:21,mfsweep_shard0,LRT_MMUR,51,4055.66,114,0,1,2995.6,3301.3,305.7,2,2,83.7,0.0,93.1,116.3,12.6,83.7
2026-09-19 21:50:21,mfsweep_shard0,LRT_MMUR,51,4055.66,115,0,1,3021.9,3344.4,322.5,2,2,82.3,0.0,27.3,134.5,78.4,82.3
2026-09-19 21:50:21,mfsweep_shard0,LRT_MMUR,51,4055.66,116,0,1,3048.2,3937.9,889.7,2,2,63.4,0.0,54.4,140.8,631.1,63.4
2026-09-19 21:50:21,mfsweep_shard0,LRT_MMUR,51,4055.66,117,0,1,3074.5,3616.3,541.9,2,2,74.6,0.0,31.5,124.6,311.1,74.6
2026-09-19 21:50:21,mfsweep_shard0,LRT_MMUR,51,4055.66,118,0,1,3100.7,3663.3,562.5,2,2,73.6,0.0,31.5,68.9,388.5,73.6
2026-09-19 21:50:21,mfsweep_shard0,LRT_MMUR,51,4055.66,119,0,1,3127.0,3980.8,853.8,2,2,58.6,0.0,31.9,80.9,682.5,58.6
2026-09-19 21:50:21,mfsweep_shard0,LRT_MMUR,51,4055.66,120,0,1,3153.3,3444.5,291.2,2,2,78.7,0.0,95.7,94.4,22.4,78.7
2026-09-19 21:50:21,mfsweep_shard0,LRT_MMUR,51,4055.66,121,0,1,3179.6,3726.0,546.4,2,2,71.3,0.0,46.7,75.7,352.7,71.3
2026-09-19 21:50:21,mfsweep_shard0,LRT_MMUR,51,4055.66,122,0,1,3205.8,3496.4,290.5,2,2,79.2,0.0,56.6,111.8,42.8,79.2
2026-09-19 21:50:21,mfsweep_shard0,LRT_MMUR,51,4055.66,123,0,1,3232.1,3782.6,550.5,2,2,71.0,0.0,67.3,66.0,346.1,71.0
2026-09-19 21:50:21,mfsweep_shard0,LRT_MMUR,51,4055.66,124,0,1,3258.4,4055.7,797.3,2,2,53.6,0.0,53.9,69.6,620.1,53.6
2026-09-19 21:50:21,mfsweep_shard0,LRT_MMUR,51,4055.66,125,0,1,3284.7,3886.0,601.3,2,2,64.2,0.0,61.1,86.1,389.9,64.2
2026-09-19 21:50:21,mfsweep_shard0,LRT_MMUR,51,4055.66,126,0,1,3311.0,4019.6,708.6,2,2,54.2,0.0,73.6,77.0,503.8,54.2
2026-09-19 21:50:21,mfsweep_shard0,LRT_MMUR,51,4055.66,127,0,1,3337.2,3574.2,237.0,2,2,84.2,0.0,48.5,76.6,27.7,84.2
2026-09-19 21:50:21,mfsweep_shard0,LRT_MMUR,51,4055.66,128,0,1,3363.5,3565.2,201.7,2,2,82.5,0.0,43.5,75.6,0.0,82.5
2026-09-19 21:50:21,mfsweep_shard0,LRT_MMUR,51,4055.66,129,0,1,3389.8,3654.3,264.5,2,2,81.0,0.0,54.0,85.0,44.4,81.0
2026-09-19 21:50:21,mfsweep_shard0,LRT_MMUR,51,4055.66,130,0,1,3416.1,3892.5,476.4,2,2,63.7,0.0,76.4,74.1,262.2,63.7
2026-09-19 21:50:21,mfsweep_shard0,LRT_MMUR,51,4055.66,131,0,1,3442.3,4015.1,572.8,2,2,55.5,0.0,45.5,75.1,396.7,55.5
2026-09-19 21:50:21,mfsweep_shard0,LRT_MMUR,51,4055.66,132,0,1,3468.6,3789.5,320.8,2,2,82.5,0.0,47.9,74.6,115.8,82.5
2026-09-19 21:50:21,mfsweep_shard0,LRT_MMUR,51,4055.66,133,0,1,3494.9,3730.7,235.8,2,2,84.8,0.0,46.7,71.6,32.7,84.8
2026-09-19 21:50:21,mfsweep_shard0,LRT_MMUR,51,4055.66,134,0,1,3521.2,3933.4,412.2,2,2,56.4,0.0,67.7,70.3,217.8,56.4
2026-09-19 21:50:21,mfsweep_shard0,LRT_MMUR,51,4055.66,135,0,1,3547.5,3843.3,295.9,2,2,69.6,0.0,62.6,69.2,94.4,69.6
2026-09-19 21:50:21,mfsweep_shard0,LRT_MMUR,51,4055.66,136,0,1,3573.7,3976.2,402.5,2,2,55.8,0.0,62.6,67.9,216.1,55.8
2026-09-19 21:54:02,mfsweep_shard0,LRT_MMUR,52,4400.84,0,0,1,0.0,211.6,211.6,2,2,74.6,0.0,65.2,71.8,0.0,74.6
2026-09-19 21:54:02,mfsweep_shard0,LRT_MMUR,52,4400.84,1,0,1,26.3,1974.6,1948.3,2,2,54.4,0.0,171.8,197.9,1493.1,85.4
2026-09-19 21:54:02,mfsweep_shard0,LRT_MMUR,52,4400.84,2,0,1,52.6,291.7,239.1,2,2,62.6,0.0,48.1,128.4,0.0,62.6
2026-09-19 21:54:02,mfsweep_shard0,LRT_MMUR,52,4400.84,3,0,1,78.8,406.4,327.6,2,2,60.9,0.0,70.7,90.6,105.3,60.9
2026-09-19 21:54:02,mfsweep_shard0,LRT_MMUR,52,4400.84,4,0,1,105.1,375.4,270.3,2,2,77.8,0.0,79.4,101.3,11.7,77.8
2026-09-19 21:54:02,mfsweep_shard0,LRT_MMUR,52,4400.84,5,0,1,131.4,442.4,311.0,2,2,75.9,0.0,53.3,119.7,13.3,124.7
2026-09-19 21:54:02,mfsweep_shard0,LRT_MMUR,52,4400.84,6,0,1,157.7,524.9,367.3,2,2,83.0,0.1,72.2,137.1,74.9,83.0
2026-09-19 21:54:02,mfsweep_shard0,LRT_MMUR,52,4400.84,7,0,1,183.9,915.0,731.1,2,2,56.4,0.1,131.4,154.7,388.4,56.4
2026-09-19 21:54:02,mfsweep_shard0,LRT_MMUR,52,4400.84,8,0,1,210.2,393.4,183.2,2,2,67.5,0.0,15.9,99.8,0.0,67.5
2026-09-19 21:54:02,mfsweep_shard0,LRT_MMUR,52,4400.84,9,0,1,236.5,1935.5,1699.0,2,2,54.5,0.1,175.6,155.5,1313.3,54.5
2026-09-19 21:54:02,mfsweep_shard0,LRT_MMUR,52,4400.84,10,0,1,262.8,906.3,643.5,2,2,60.8,0.1,81.4,112.8,381.7,67.5
2026-09-19 21:54:02,mfsweep_shard0,LRT_MMUR,52,4400.84,11,0,1,289.1,586.4,297.3,2,2,70.2,0.0,44.2,102.2,80.7,70.2
2026-09-19 21:54:02,mfsweep_shard0,LRT_MMUR,52,4400.84,12,0,1,315.3,502.2,186.9,2,2,54.4,0.0,46.3,86.1,0.0,54.4
2026-09-19 21:54:02,mfsweep_shard0,LRT_MMUR,52,4400.84,13,0,1,341.6,599.3,257.6,2,2,60.1,0.0,103.6,93.9,0.0,60.1
2026-09-19 21:54:02,mfsweep_shard0,LRT_MMUR,52,4400.84,14,0,1,367.9,604.0,236.1,2,2,75.0,0.0,55.3,78.9,26.9,75.0
2026-09-19 21:54:02,mfsweep_shard0,LRT_MMUR,52,4400.84,15,0,1,394.2,813.6,419.5,2,2,71.5,0.0,73.0,73.6,201.3,71.5
2026-09-19 21:54:02,mfsweep_shard0,LRT_MMUR,52,4400.84,16,0,1,420.4,863.8,443.4,2,2,60.8,0.0,69.0,80.1,233.4,60.8
2026-09-19 21:54:02,mfsweep_shard0,LRT_MMUR,52,4400.84,17,0,1,446.7,751.3,304.6,2,2,73.0,0.0,51.7,81.1,98.8,73.0
2026-09-19 21:54:02,mfsweep_shard0,LRT_MMUR,52,4400.84,18,0,1,473.0,671.7,198.7,2,2,80.3,0.0,26.8,79.6,12.0,80.3
2026-09-19 21:54:02,mfsweep_shard0,LRT_MMUR,52,4400.84,19,0,1,499.3,2015.8,1516.6,2,2,53.8,0.1,143.4,119.2,1200.2,53.8
2026-09-19 21:54:02,mfsweep_shard0,LRT_MMUR,52,4400.84,20,0,1,525.6,770.4,244.9,2,2,80.1,0.0,93.6,71.1,0.0,80.1
2026-09-19 21:54:02,mfsweep_shard0,LRT_MMUR,52,4400.84,21,0,1,551.8,822.2,270.4,2,2,76.6,0.0,79.7,87.0,27.1,76.6
2026-09-19 21:54:02,mfsweep_shard0,LRT_MMUR,52,4400.84,22,0,1,578.1,1017.9,439.8,2,2,64.8,0.0,85.6,131.1,154.4,68.6
2026-09-19 21:54:02,mfsweep_shard0,LRT_MMUR,52,4400.84,23,0,1,604.4,1803.7,1199.3,2,2,58.7,0.1,133.6,151.7,855.1,58.7
2026-09-19 21:54:02,mfsweep_shard0,LRT_MMUR,52,4400.84,24,0,1,630.7,919.6,288.9,2,2,85.1,0.0,69.2,92.7,41.8,85.1
2026-09-19 21:54:02,mfsweep_shard0,LRT_MMUR,52,4400.84,25,0,1,656.9,1760.5,1103.5,2,2,64.7,0.1,149.8,144.7,744.3,64.7
2026-09-19 21:54:02,mfsweep_shard0,LRT_MMUR,52,4400.84,26,0,1,683.2,1900.5,1217.2,2,2,56.6,0.2,184.4,144.9,831.2,56.6
2026-09-19 21:54:02,mfsweep_shard0,LRT_MMUR,52,4400.84,27,0,1,709.5,1856.3,1146.8,2,2,56.7,0.2,148.5,210.3,731.0,56.7
2026-09-19 21:54:02,mfsweep_shard0,LRT_MMUR,52,4400.84,28,0,1,735.8,1049.4,313.7,2,2,81.5,0.0,62.9,124.7,44.5,81.5
2026-09-19 21:54:02,mfsweep_shard0,LRT_MMUR,52,4400.84,29,0,1,762.0,1480.2,718.1,2,2,73.5,0.3,223.3,116.0,305.0,73.5
2026-09-19 21:54:02,mfsweep_shard0,LRT_MMUR,52,4400.84,30,0,1,788.3,1446.9,658.6,2,2,80.2,0.3,224.1,128.8,198.0,107.4
2026-09-19 21:54:02,mfsweep_shard0,LRT_MMUR,52,4400.84,31,0,1,814.6,1156.0,341.4,2,2,77.6,0.0,161.1,102.7,0.0,77.6
2026-09-19 21:54:02,mfsweep_shard0,LRT_MMUR,52,4400.84,32,0,1,840.9,1671.6,830.7,2,2,71.2,0.0,181.9,180.8,386.6,81.4
2026-09-19 21:54:02,mfsweep_shard0,LRT_MMUR,52,4400.84,33,0,1,867.2,1345.1,478.0,2,2,85.7,0.0,185.0,192.0,15.2,85.7
2026-09-19 21:54:02,mfsweep_shard0,LRT_MMUR,52,4400.84,34,0,1,893.4,1720.6,827.2,2,2,66.0,0.0,101.6,221.3,438.2,66.0
2026-09-19 21:54:02,mfsweep_shard0,LRT_MMUR,52,4400.84,35,0,1,919.7,1620.2,700.5,2,2,71.8,0.0,100.1,212.2,316.4,71.8
2026-09-19 21:54:02,mfsweep_shard0,LRT_MMUR,52,4400.84,36,0,1,946.0,1210.9,264.9,2,2,80.9,0.0,13.8,131.5,38.6,80.9
2026-09-19 21:54:02,mfsweep_shard0,LRT_MMUR,52,4400.84,37,0,1,972.3,1180.1,207.8,2,2,74.0,0.0,50.5,83.4,0.0,74.0
2026-09-19 21:54:02,mfsweep_shard0,LRT_MMUR,52,4400.84,38,0,1,998.5,1376.6,378.1,2,2,82.0,0.0,156.4,93.0,46.7,82.0
2026-09-19 21:54:02,mfsweep_shard0,LRT_MMUR,52,4400.84,39,0,1,1024.8,1572.0,547.2,2,2,72.6,0.0,113.5,126.0,235.1,72.6
2026-09-19 21:54:02,mfsweep_shard0,LRT_MMUR,52,4400.84,40,0,1,1051.1,1471.6,420.5,2,2,76.8,0.0,156.7,144.6,42.3,76.8
2026-09-19 21:54:02,mfsweep_shard0,LRT_MMUR,52,4400.84,41,0,1,1077.4,1340.3,262.9,2,2,55.1,0.0,96.2,111.6,0.0,55.1
2026-09-19 21:54:02,mfsweep_shard0,LRT_MMUR,52,4400.84,42,0,1,1103.7,1403.8,300.2,2,2,61.1,0.0,99.9,121.4,17.7,61.1
2026-09-19 21:54:02,mfsweep_shard0,LRT_MMUR,52,4400.84,43,0,1,1129.9,1545.3,415.3,2,2,63.1,0.0,79.1,186.7,86.4,63.1
2026-09-19 21:54:02,mfsweep_shard0,LRT_MMUR,52,4400.84,44,0,1,1156.2,1765.2,609.0,2,2,56.2,0.0,71.6,141.7,339.5,56.2
2026-09-19 21:54:02,mfsweep_shard0,LRT_MMUR,52,4400.84,45,0,1,1182.5,1680.2,497.8,2,2,61.2,0.0,51.1,138.8,246.5,61.2
2026-09-19 21:54:02,mfsweep_shard0,LRT_MMUR,52,4400.84,46,0,1,1208.8,1707.0,498.2,2,2,56.9,0.0,49.9,113.2,278.2,56.9
2026-09-19 21:54:02,mfsweep_shard0,LRT_MMUR,52,4400.84,47,0,1,1235.0,1634.2,399.2,2,2,62.7,0.0,43.9,130.6,161.9,62.7
2026-09-19 21:54:02,mfsweep_shard0,LRT_MMUR,52,4400.84,48,0,1,1261.3,1602.8,341.4,2,2,74.5,0.0,82.6,156.1,28.2,74.5
2026-09-19 21:54:02,mfsweep_shard0,LRT_MMUR,52,4400.84,49,0,1,1287.6,1491.2,203.6,2,2,65.6,0.0,42.8,95.2,0.0,65.6
2026-09-19 21:54:02,mfsweep_shard0,LRT_MMUR,52,4400.84,50,0,1,1313.9,1528.5,214.6,2,2,65.8,0.0,28.7,100.9,19.3,65.8
2026-09-19 21:54:02,mfsweep_shard0,LRT_MMUR,52,4400.84,51,0,1,1340.2,3347.1,2007.0,2,2,60.5,0.0,113.8,197.4,1635.4,60.5
2026-09-19 21:54:02,mfsweep_shard0,LRT_MMUR,52,4400.84,52,0,1,1366.4,1956.6,590.1,2,2,62.4,0.1,46.2,116.5,365.0,62.4
2026-09-19 21:54:02,mfsweep_shard0,LRT_MMUR,52,4400.84,53,0,1,1392.7,1624.9,232.2,2,2,84.5,0.0,53.9,86.8,6.9,84.5
2026-09-19 21:54:02,mfsweep_shard0,LRT_MMUR,52,4400.84,54,0,1,1419.0,1667.0,248.1,2,2,74.9,0.0,51.7,73.4,48.0,74.9
2026-09-19 21:54:02,mfsweep_shard0,LRT_MMUR,52,4400.84,55,0,1,1445.3,2040.9,595.7,2,2,73.6,0.1,77.1,126.3,318.6,73.6
2026-09-19 21:54:02,mfsweep_shard0,LRT_MMUR,52,4400.84,56,0,1,1471.5,3366.3,1894.8,2,2,59.2,0.1,163.8,152.5,1519.3,59.2
2026-09-19 21:54:02,mfsweep_shard0,LRT_MMUR,52,4400.84,57,0,1,1497.8,1744.2,246.4,2,2,77.6,0.0,48.7,64.0,56.0,77.6
2026-09-19 21:54:02,mfsweep_shard0,LRT_MMUR,52,4400.84,58,0,1,1524.1,3455.3,1931.2,2,2,58.9,0.1,172.7,161.8,1537.7,58.9
2026-09-19 21:54:02,mfsweep_shard0,LRT_MMUR,52,4400.84,59,0,1,1550.4,3009.6,1459.3,2,2,66.1,0.2,192.0,142.9,1058.1,66.1
2026-09-19 21:54:02,mfsweep_shard0,LRT_MMUR,52,4400.84,60,0,1,1576.6,1832.8,256.2,2,2,86.2,0.0,54.4,82.0,22.9,96.9
2026-09-19 21:54:02,mfsweep_shard0,LRT_MMUR,52,4400.84,61,0,1,1602.9,2456.3,853.4,2,2,74.7,0.2,205.2,151.7,421.6,74.7
2026-09-19 21:54:02,mfsweep_shard0,LRT_MMUR,52,4400.84,62,0,1,1629.2,2792.3,1163.1,2,2,71.9,0.3,218.6,174.3,698.0,71.9
2026-09-19 21:54:02,mfsweep_shard0,LRT_MMUR,52,4400.84,63,0,1,1655.5,2145.8,490.3,2,2,76.1,0.2,164.2,130.7,119.1,76.1
2026-09-19 21:54:02,mfsweep_shard0,LRT_MMUR,52,4400.84,64,0,1,1681.8,2141.1,459.4,2,2,81.4,0.2,162.2,143.4,9.7,143.8
2026-09-19 21:54:02,mfsweep_shard0,LRT_MMUR,52,4400.84,65,0,1,1708.0,1948.0,239.9,2,2,79.2,0.0,84.3,76.5,0.0,79.2
2026-09-19 21:54:02,mfsweep_shard0,LRT_MMUR,52,4400.84,66,0,1,1734.3,3257.0,1522.7,2,2,61.1,0.1,135.4,146.4,1179.6,61.1
2026-09-19 21:54:02,mfsweep_shard0,LRT_MMUR,52,4400.84,67,0,1,1760.6,4110.9,2350.4,2,2,54.6,0.2,184.7,231.4,1857.0,77.0
2026-09-19 21:54:02,mfsweep_shard0,LRT_MMUR,52,4400.84,68,0,1,1786.9,3019.8,1233.0,2,2,64.0,0.2,251.9,160.7,756.2,64.0
2026-09-19 21:54:02,mfsweep_shard0,LRT_MMUR,52,4400.84,69,0,1,1813.1,3094.2,1281.1,2,2,62.4,0.2,155.3,165.9,897.2,62.4
2026-09-19 21:54:02,mfsweep_shard0,LRT_MMUR,52,4400.84,70,0,1,1839.4,3275.8,1436.4,2,2,60.5,0.2,252.6,132.8,990.2,60.5
2026-09-19 21:54:02,mfsweep_shard0,LRT_MMUR,52,4400.84,71,0,1,1865.7,2199.5,333.8,2,2,84.7,0.0,155.4,93.7,0.0,84.7
2026-09-19 21:54:02,mfsweep_shard0,LRT_MMUR,52,4400.84,72,0,1,1892.0,2228.4,336.4,2,2,82.5,0.0,118.8,79.6,55.5,82.5
2026-09-19 21:54:02,mfsweep_shard0,LRT_MMUR,52,4400.84,73,0,1,1918.3,3058.7,1140.5,2,2,63.9,0.2,198.5,152.3,725.5,63.9
2026-09-19 21:54:02,mfsweep_shard0,LRT_MMUR,52,4400.84,74,0,1,1944.5,2527.5,583.0,2,2,75.2,0.3,239.2,130.5,137.8,75.2
2026-09-19 21:54:02,mfsweep_shard0,LRT_MMUR,52,4400.84,75,0,1,1970.8,2947.5,976.7,2,2,66.6,0.3,297.6,99.8,512.5,66.6
2026-09-19 21:54:02,mfsweep_shard0,LRT_MMUR,52,4400.84,76,0,1,1997.1,2581.3,584.2,2,2,83.7,0.3,192.8,141.4,106.5,143.1
2026-09-19 21:54:02,mfsweep_shard0,LRT_MMUR,52,4400.84,77,0,1,2023.4,2844.7,821.3,2,2,68.7,0.3,216.3,130.2,405.7,68.7
2026-09-19 21:54:02,mfsweep_shard0,LRT_MMUR,52,4400.84,78,0,1,2049.6,2281.8,232.1,2,2,62.3,0.0,69.4,100.4,0.0,62.3
2026-09-19 21:54:02,mfsweep_shard0,LRT_MMUR,52,4400.84,79,0,1,2075.9,3221.2,1145.3,2,2,61.7,0.0,67.3,96.5,919.7,61.7
2026-09-19 21:54:02,mfsweep_shard0,LRT_MMUR,52,4400.84,80,0,1,2102.2,2377.2,275.0,2,2,72.1,0.0,102.6,71.5,28.8,72.1
2026-09-19 21:54:02,mfsweep_shard0,LRT_MMUR,52,4400.84,81,0,1,2128.5,3171.1,1042.6,2,2,62.2,0.0,49.3,93.1,838.0,62.2
2026-09-19 21:54:02,mfsweep_shard0,LRT_MMUR,52,4400.84,82,0,1,2154.7,2385.8,231.1,2,2,72.8,0.0,67.9,84.5,5.8,72.8
2026-09-19 21:54:02,mfsweep_shard0,LRT_MMUR,52,4400.84,83,0,1,2181.0,2713.2,532.2,2,2,83.2,0.0,172.1,87.9,188.9,83.2
2026-09-19 21:54:02,mfsweep_shard0,LRT_MMUR,52,4400.84,84,0,1,2207.3,2849.5,642.2,2,2,66.7,0.0,123.3,102.2,349.9,66.7
2026-09-19 21:54:02,mfsweep_shard0,LRT_MMUR,52,4400.84,85,0,1,2233.6,2839.9,606.3,2,2,60.8,0.0,261.4,109.6,161.6,73.7
2026-09-19 21:54:02,mfsweep_shard0,LRT_MMUR,52,4400.84,86,0,1,2259.9,2655.7,395.8,2,2,86.5,0.0,228.9,64.6,15.9,86.5
2026-09-19 21:54:02,mfsweep_shard0,LRT_MMUR,52,4400.84,87,0,1,2286.1,2747.3,461.1,2,2,70.4,0.0,242.2,111.4,37.1,70.4
2026-09-19 21:54:02,mfsweep_shard0,LRT_MMUR,52,4400.84,88,0,1,2312.4,3561.6,1249.1,2,2,56.5,0.1,236.2,185.1,760.8,66.9
2026-09-19 21:54:02,mfsweep_shard0,LRT_MMUR,52,4400.84,89,0,1,2338.7,3653.2,1314.5,2,2,55.1,0.0,143.4,97.8,996.8,76.5
2026-09-19 21:54:02,mfsweep_shard0,LRT_MMUR,52,4400.84,90,0,1,2365.0,2911.9,546.9,2,2,57.2,0.0,91.0,159.1,239.6,57.2
2026-09-19 21:54:02,mfsweep_shard0,LRT_MMUR,52,4400.84,91,0,1,2391.2,2669.7,278.4,2,2,74.3,0.0,38.2,112.7,53.3,74.3
2026-09-19 21:54:02,mfsweep_shard0,LRT_MMUR,52,4400.84,92,0,1,2417.5,2660.1,242.6,2,2,79.7,0.0,54.2,108.7,0.0,79.7
2026-09-19 21:54:02,mfsweep_shard0,LRT_MMUR,52,4400.84,93,0,1,2443.8,2782.2,338.4,2,2,67.5,0.0,87.7,86.6,96.6,67.5
2026-09-19 21:54:02,mfsweep_shard0,LRT_MMUR,52,4400.84,94,0,1,2470.1,3616.9,1146.8,2,2,55.6,0.1,107.1,115.2,868.8,55.6
2026-09-19 21:54:02,mfsweep_shard0,LRT_MMUR,52,4400.84,95,0,1,2496.4,2692.4,196.0,2,2,66.1,0.0,16.4,113.5,0.0,66.1
2026-09-19 21:54:02,mfsweep_shard0,LRT_MMUR,52,4400.84,96,0,1,2522.6,2733.2,210.6,2,2,86.4,0.0,29.6,81.5,13.0,86.4
2026-09-19 21:54:02,mfsweep_shard0,LRT_MMUR,52,4400.84,97,0,1,2548.9,3321.9,773.0,2,2,71.0,0.0,45.7,92.0,564.3,71.0
2026-09-19 21:54:02,mfsweep_shard0,LRT_MMUR,52,4400.84,98,0,1,2575.2,2801.7,226.5,2,2,85.6,0.0,39.9,85.4,15.6,85.6
2026-09-19 21:54:02,mfsweep_shard0,LRT_MMUR,52,4400.84,99,0,1,2601.5,2937.9,336.5,2,2,82.0,0.0,94.1,115.1,45.3,82.0
2026-09-19 21:54:02,mfsweep_shard0,LRT_MMUR,52,4400.84,100,0,1,2627.7,3886.9,1259.2,2,2,53.9,0.0,70.4,147.6,966.4,74.8
2026-09-19 21:54:02,mfsweep_shard0,LRT_MMUR,52,4400.84,101,0,1,2654.0,2953.9,299.9,2,2,77.3,0.0,36.7,110.1,75.8,77.3
2026-09-19 21:54:02,mfsweep_shard0,LRT_MMUR,52,4400.84,102,0,1,2680.3,3004.9,324.6,2,2,76.0,0.0,33.3,137.0,78.2,76.0
2026-09-19 21:54:02,mfsweep_shard0,LRT_MMUR,52,4400.84,103,0,1,2706.6,3282.5,575.9,2,2,71.3,0.0,41.2,146.9,316.6,71.3
2026-09-19 21:54:02,mfsweep_shard0,LRT_MMUR,52,4400.84,104,0,1,2732.9,3488.7,755.8,2,2,62.4,0.0,52.8,133.9,506.8,62.4
2026-09-19 21:54:02,mfsweep_shard0,LRT_MMUR,52,4400.84,105,0,1,2759.1,3084.6,325.5,2,2,74.7,0.0,51.1,85.4,114.3,74.7
2026-09-19 21:54:02,mfsweep_shard0,LRT_MMUR,52,4400.84,106,0,1,2785.4,3540.2,754.8,2,2,57.2,0.0,60.6,73.7,563.2,57.2
2026-09-19 21:54:02,mfsweep_shard0,LRT_MMUR,52,4400.84,107,0,1,2811.7,3412.1,600.4,2,2,67.9,0.0,36.4,76.3,419.8,67.9
2026-09-19 21:54:02,mfsweep_shard0,LRT_MMUR,52,4400.84,108,0,1,2838.0,3375.5,537.5,2,2,68.5,0.0,58.2,81.0,329.8,68.5
2026-09-19 21:54:02,mfsweep_shard0,LRT_MMUR,52,4400.84,109,0,1,2864.2,3147.0,282.7,2,2,85.0,0.0,54.1,92.2,51.4,85.0
2026-09-19 21:54:02,mfsweep_shard0,LRT_MMUR,52,4400.84,110,0,1,2890.5,3234.7,344.2,2,2,82.4,0.0,83.4,116.1,62.3,82.4
2026-09-19 21:54:02,mfsweep_shard0,LRT_MMUR,52,4400.84,111,0,1,2916.8,4146.3,1229.5,2,2,62.2,0.0,101.7,115.2,950.4,62.2
2026-09-19 21:54:02,mfsweep_shard0,LRT_MMUR,52,4400.84,112,0,1,2943.1,3128.9,185.9,2,2,70.1,0.0,45.0,70.7,0.0,70.1
2026-09-19 21:54:02,mfsweep_shard0,LRT_MMUR,52,4400.84,113,0,1,2969.3,4239.1,1269.8,2,2,59.4,0.1,101.8,93.4,1015.1,59.4
2026-09-19 21:54:02,mfsweep_shard0,LRT_MMUR,52,4400.84,114,0,1,2995.6,3204.2,208.6,2,2,83.7,0.0,38.2,70.2,16.5,83.7
2026-09-19 21:54:02,mfsweep_shard0,LRT_MMUR,52,4400.84,115,0,1,3021.9,3287.3,265.4,2,2,82.3,0.0,49.3,79.0,54.8,82.3
2026-09-19 21:54:02,mfsweep_shard0,LRT_MMUR,52,4400.84,116,0,1,3048.2,4195.1,1146.9,2,2,63.4,0.1,126.7,160.0,777.1,82.9
2026-09-19 21:54:02,mfsweep_shard0,LRT_MMUR,52,4400.84,117,0,1,3074.5,3331.6,257.2,2,2,74.6,0.0,44.2,133.5,4.8,74.6
2026-09-19 21:54:02,mfsweep_shard0,LRT_MMUR,52,4400.84,118,0,1,3100.7,3514.7,414.0,2,2,73.6,0.0,37.5,120.8,182.0,73.6
2026-09-19 21:54:02,mfsweep_shard0,LRT_MMUR,52,4400.84,119,0,1,3127.0,4283.1,1156.1,2,2,58.6,0.1,117.2,160.0,820.2,58.6
2026-09-19 21:54:02,mfsweep_shard0,LRT_MMUR,52,4400.84,120,0,1,3153.3,3475.8,322.5,2,2,78.7,0.0,45.8,84.5,113.4,78.7
2026-09-19 21:54:02,mfsweep_shard0,LRT_MMUR,52,4400.84,121,0,1,3179.6,3840.7,661.2,2,2,71.3,0.0,85.9,82.9,420.9,71.3
2026-09-19 21:54:02,mfsweep_shard0,LRT_MMUR,52,4400.84,122,0,1,3205.8,3403.0,197.1,2,2,79.2,0.0,50.2,67.3,0.3,79.2
2026-09-19 21:54:02,mfsweep_shard0,LRT_MMUR,52,4400.84,123,0,1,3232.1,3900.1,668.0,2,2,71.0,0.0,37.6,77.2,482.1,71.0
2026-09-19 21:54:02,mfsweep_shard0,LRT_MMUR,52,4400.84,124,0,1,3258.4,4400.8,1142.4,2,2,53.6,0.1,105.4,98.0,885.3,53.6
2026-09-19 21:54:02,mfsweep_shard0,LRT_MMUR,52,4400.84,125,0,1,3284.7,3945.1,660.4,2,2,64.2,0.0,42.4,65.8,488.0,64.2
2026-09-19 21:54:02,mfsweep_shard0,LRT_MMUR,52,4400.84,126,0,1,3311.0,4362.7,1051.7,2,2,54.2,0.1,94.9,178.2,724.3,54.2
2026-09-19 21:54:02,mfsweep_shard0,LRT_MMUR,52,4400.84,127,0,1,3337.2,3626.0,288.8,2,2,84.2,0.0,71.2,131.1,2.2,84.2
2026-09-19 21:54:02,mfsweep_shard0,LRT_MMUR,52,4400.84,128,0,1,3363.5,3662.3,298.8,2,2,82.5,0.0,47.7,127.5,41.0,82.5
2026-09-19 21:54:02,mfsweep_shard0,LRT_MMUR,52,4400.84,129,0,1,3389.8,3783.5,393.7,2,2,81.0,0.0,43.7,67.4,201.6,81.0
2026-09-19 21:54:02,mfsweep_shard0,LRT_MMUR,52,4400.84,130,0,1,3416.1,3994.7,578.6,2,2,63.7,0.0,95.2,67.6,352.1,63.7
2026-09-19 21:54:02,mfsweep_shard0,LRT_MMUR,52,4400.84,131,0,1,3442.3,4323.1,880.8,2,2,55.5,0.2,151.5,100.4,573.3,55.5
2026-09-19 21:54:02,mfsweep_shard0,LRT_MMUR,52,4400.84,132,0,1,3468.6,3717.9,249.3,2,2,82.5,0.0,53.6,73.1,40.1,82.5
2026-09-19 21:54:02,mfsweep_shard0,LRT_MMUR,52,4400.84,133,0,1,3494.9,3758.1,263.2,2,2,84.8,0.0,73.1,83.3,22.0,84.8
2026-09-19 21:54:02,mfsweep_shard0,LRT_MMUR,52,4400.84,134,0,1,3521.2,3692.5,171.3,2,2,56.4,0.0,47.8,67.1,0.0,56.4
2026-09-19 21:54:02,mfsweep_shard0,LRT_MMUR,52,4400.84,135,0,1,3547.5,3815.3,267.8,2,2,69.6,0.0,36.1,79.8,82.4,69.6
2026-09-19 21:54:02,mfsweep_shard0,LRT_MMUR,52,4400.84,136,0,1,3573.7,3847.6,273.9,2,2,55.8,0.0,40.9,76.7,100.5,55.8
2026-09-19 21:58:14,mfsweep_shard0,LRT_MMUR,53,4982.72,0,0,1,0.0,205.6,205.6,2,2,74.6,0.0,61.0,69.9,0.0,74.6
2026-09-19 21:58:14,mfsweep_shard0,LRT_MMUR,53,4982.72,1,0,1,26.3,369.3,343.0,2,2,54.4,0.0,93.6,77.8,117.2,54.4
2026-09-19 21:58:14,mfsweep_shard0,LRT_MMUR,53,4982.72,2,0,1,52.6,254.8,202.3,2,2,62.6,0.0,69.1,68.5,2.1,62.6
2026-09-19 21:58:14,mfsweep_shard0,LRT_MMUR,53,4982.72,3,0,1,78.8,304.7,225.8,2,2,60.9,0.0,89.5,74.4,1.0,60.9
2026-09-19 21:58:14,mfsweep_shard0,LRT_MMUR,53,4982.72,4,0,1,105.1,360.5,255.4,2,2,77.8,0.0,42.1,135.5,0.0,77.8
2026-09-19 21:58:14,mfsweep_shard0,LRT_MMUR,53,4982.72,5,0,1,131.4,496.7,365.3,2,2,75.9,0.0,50.2,121.9,117.2,75.9
2026-09-19 21:58:14,mfsweep_shard0,LRT_MMUR,53,4982.72,6,0,1,157.7,440.5,282.9,2,2,83.0,0.0,56.1,130.0,13.8,83.0
2026-09-19 21:58:14,mfsweep_shard0,LRT_MMUR,53,4982.72,7,0,1,183.9,746.5,562.6,2,2,56.4,0.0,118.0,146.6,208.4,89.6
2026-09-19 21:58:14,mfsweep_shard0,LRT_MMUR,53,4982.72,8,0,1,210.2,609.3,399.0,2,2,67.5,0.1,91.0,108.7,120.7,78.5
2026-09-19 21:58:14,mfsweep_shard0,LRT_MMUR,53,4982.72,9,0,1,236.5,710.2,473.7,2,2,54.5,0.0,45.3,93.8,280.0,54.5
2026-09-19 21:58:14,mfsweep_shard0,LRT_MMUR,53,4982.72,10,0,1,262.8,662.4,399.6,2,2,60.8,0.0,81.7,92.2,165.0,60.8
2026-09-19 21:58:14,mfsweep_shard0,LRT_MMUR,53,4982.72,11,0,1,289.1,545.9,256.9,2,2,70.2,0.0,36.4,77.9,72.4,70.2
2026-09-19 21:58:14,mfsweep_shard0,LRT_MMUR,53,4982.72,12,0,1,315.3,487.3,172.0,2,2,54.4,0.0,54.0,63.5,0.0,54.4
2026-09-19 21:58:14,mfsweep_shard0,LRT_MMUR,53,4982.72,13,0,1,341.6,1157.9,816.3,2,2,60.1,0.0,155.1,228.6,372.5,60.1
2026-09-19 21:58:14,mfsweep_shard0,LRT_MMUR,53,4982.72,14,0,1,367.9,536.8,168.9,2,2,75.0,0.0,25.1,68.7,0.0,75.0
2026-09-19 21:58:14,mfsweep_shard0,LRT_MMUR,53,4982.72,15,0,1,394.2,678.4,284.3,2,2,71.5,0.0,93.2,79.4,40.1,71.5
2026-09-19 21:58:14,mfsweep_shard0,LRT_MMUR,53,4982.72,16,0,1,420.4,604.9,184.5,2,2,60.8,0.0,45.4,74.4,3.8,60.8
2026-09-19 21:58:14,mfsweep_shard0,LRT_MMUR,53,4982.72,17,0,1,446.7,860.6,413.9,2,2,73.0,0.1,88.7,96.0,112.6,116.4
2026-09-19 21:58:14,mfsweep_shard0,LRT_MMUR,53,4982.72,18,0,1,473.0,720.1,247.1,2,2,80.3,0.0,45.2,85.3,36.3,80.3
2026-09-19 21:58:14,mfsweep_shard0,LRT_MMUR,53,4982.72,19,0,1,499.3,1273.7,774.4,2,2,53.8,0.1,214.1,149.0,357.4,53.8
2026-09-19 21:58:14,mfsweep_shard0,LRT_MMUR,53,4982.72,20,0,1,525.6,777.9,252.4,2,2,80.1,0.0,55.1,117.1,0.0,80.1
2026-09-19 21:58:14,mfsweep_shard0,LRT_MMUR,53,4982.72,21,0,1,551.8,931.4,379.6,2,2,76.6,0.1,63.0,148.8,45.2,122.6
2026-09-19 21:58:14,mfsweep_shard0,LRT_MMUR,53,4982.72,22,0,1,578.1,1886.8,1308.7,2,2,64.8,0.2,155.2,165.5,923.0,64.8
2026-09-19 21:58:14,mfsweep_shard0,LRT_MMUR,53,4982.72,23,0,1,604.4,2180.3,1575.9,2,2,58.7,0.3,312.2,201.1,992.1,70.2
2026-09-19 21:58:14,mfsweep_shard0,LRT_MMUR,53,4982.72,24,0,1,630.7,1255.4,624.7,2,2,85.1,0.3,184.1,173.5,165.2,101.7
2026-09-19 21:58:14,mfsweep_shard0,LRT_MMUR,53,4982.72,25,0,1,656.9,1976.9,1319.9,2,2,64.7,0.3,117.0,213.3,924.6,64.7
2026-09-19 21:58:14,mfsweep_shard0,LRT_MMUR,53,4982.72,26,0,1,683.2,855.9,172.7,2,2,56.6,0.0,43.4,72.7,0.0,56.6
2026-09-19 21:58:14,mfsweep_shard0,LRT_MMUR,53,4982.72,27,0,1,709.5,2985.5,2276.0,2,2,56.7,0.2,329.6,201.3,1688.2,56.7
2026-09-19 21:58:14,mfsweep_shard0,LRT_MMUR,53,4982.72,28,0,1,735.8,1432.1,696.3,2,2,81.5,0.2,154.4,147.1,313.1,81.5
2026-09-19 21:58:14,mfsweep_shard0,LRT_MMUR,53,4982.72,29,0,1,762.0,974.0,211.9,2,2,73.5,0.0,29.9,108.5,0.0,73.5
2026-09-19 21:58:14,mfsweep_shard0,LRT_MMUR,53,4982.72,30,0,1,788.3,1140.9,352.5,2,2,80.2,0.1,51.0,139.9,48.3,113.3
2026-09-19 21:58:14,mfsweep_shard0,LRT_MMUR,53,4982.72,31,0,1,814.6,1567.3,752.7,2,2,77.6,0.3,184.5,82.6,407.7,77.6
2026-09-19 21:58:14,mfsweep_shard0,LRT_MMUR,53,4982.72,32,0,1,840.9,1197.8,356.9,2,2,71.2,0.2,99.3,132.3,53.9,71.2
2026-09-19 21:58:14,mfsweep_shard0,LRT_MMUR,53,4982.72,33,0,1,867.2,1297.8,430.7,2,2,85.7,0.1,152.5,87.6,52.9,137.5
2026-09-19 21:58:14,mfsweep_shard0,LRT_MMUR,53,4982.72,34,0,1,893.4,1843.7,950.3,2,2,66.0,0.2,127.9,83.9,672.3,66.0
2026-09-19 21:58:14,mfsweep_shard0,LRT_MMUR,53,4982.72,35,0,1,919.7,1779.7,860.0,2,2,71.8,0.2,132.5,86.3,569.2,71.8
2026-09-19 21:58:14,mfsweep_shard0,LRT_MMUR,53,4982.72,36,0,1,946.0,1485.4,539.4,2,2,80.9,0.0,97.7,114.8,246.0,80.9
2026-09-19 21:58:14,mfsweep_shard0,LRT_MMUR,53,4982.72,37,0,1,972.3,1678.6,706.3,2,2,74.0,0.0,147.5,144.4,340.5,74.0
2026-09-19 21:58:14,mfsweep_shard0,LRT_MMUR,53,4982.72,38,0,1,998.5,1373.8,375.3,2,2,82.0,0.0,63.6,122.1,107.6,82.0
2026-09-19 21:58:14,mfsweep_shard0,LRT_MMUR,53,4982.72,39,0,1,1024.8,1742.2,717.3,2,2,72.6,0.0,95.1,135.3,414.3,72.6
2026-09-19 21:58:14,mfsweep_shard0,LRT_MMUR,53,4982.72,40,0,1,1051.1,1659.5,608.4,2,2,76.8,0.0,92.3,131.7,307.6,76.8
2026-09-19 21:58:14,mfsweep_shard0,LRT_MMUR,53,4982.72,41,0,1,1077.4,3104.4,2027.0,2,2,55.1,0.1,212.2,180.7,1579.0,55.1
2026-09-19 21:58:14,mfsweep_shard0,LRT_MMUR,53,4982.72,42,0,1,1103.7,2043.4,939.7,2,2,61.1,0.0,34.1,98.5,746.0,61.1
2026-09-19 21:58:14,mfsweep_shard0,LRT_MMUR,53,4982.72,43,0,1,1129.9,2021.8,891.9,2,2,63.1,0.0,49.6,124.3,654.8,63.1
2026-09-19 21:58:14,mfsweep_shard0,LRT_MMUR,53,4982.72,44,0,1,1156.2,1341.7,185.5,2,2,56.2,0.0,47.5,70.4,0.0,67.6
2026-09-19 21:58:14,mfsweep_shard0,LRT_MMUR,53,4982.72,45,0,1,1182.5,1395.1,212.6,2,2,61.2,0.1,61.7,89.6,0.0,61.2
2026-09-19 21:58:14,mfsweep_shard0,LRT_MMUR,53,4982.72,46,0,1,1208.8,1453.7,245.0,2,2,56.9,0.0,77.1,109.3,1.6,56.9
2026-09-19 21:58:14,mfsweep_shard0,LRT_MMUR,53,4982.72,47,0,1,1235.0,1945.5,710.5,2,2,62.7,0.0,101.5,108.5,426.6,73.8
2026-09-19 21:58:14,mfsweep_shard0,LRT_MMUR,53,4982.72,48,0,1,1261.3,1476.0,214.7,2,2,74.5,0.0,40.3,82.3,17.5,74.5
2026-09-19 21:58:14,mfsweep_shard0,LRT_MMUR,53,4982.72,49,0,1,1287.6,1517.7,230.1,2,2,65.6,0.0,13.4,110.8,40.4,65.6
2026-09-19 21:58:14,mfsweep_shard0,LRT_MMUR,53,4982.72,50,0,1,1313.9,1592.5,278.6,2,2,65.8,0.0,45.6,122.2,45.0,65.8
2026-09-19 21:58:14,mfsweep_shard0,LRT_MMUR,53,4982.72,51,0,1,1340.2,1532.8,192.7,2,2,60.5,0.0,62.4,69.7,0.0,60.5
2026-09-19 21:58:14,mfsweep_shard0,LRT_MMUR,53,4982.72,52,0,1,1366.4,2319.7,953.2,2,2,62.4,0.0,98.5,117.0,628.7,109.0
2026-09-19 21:58:14,mfsweep_shard0,LRT_MMUR,53,4982.72,53,0,1,1392.7,1610.8,218.1,2,2,84.5,0.0,48.6,84.3,0.7,84.5
2026-09-19 21:58:14,mfsweep_shard0,LRT_MMUR,53,4982.72,54,0,1,1419.0,1645.2,226.2,2,2,74.9,0.0,48.6,87.7,15.0,74.9
2026-09-19 21:58:14,mfsweep_shard0,LRT_MMUR,53,4982.72,55,0,1,1445.3,1857.4,412.2,2,2,73.6,0.0,51.9,86.9,199.7,73.6
2026-09-19 21:58:14,mfsweep_shard0,LRT_MMUR,53,4982.72,56,0,1,1471.5,2467.8,996.3,2,2,59.2,0.0,104.3,131.8,700.9,59.2
2026-09-19 21:58:14,mfsweep_shard0,LRT_MMUR,53,4982.72,57,0,1,1497.8,1723.9,226.1,2,2,77.6,0.0,49.3,80.9,18.2,77.6
2026-09-19 21:58:14,mfsweep_shard0,LRT_MMUR,53,4982.72,58,0,1,1524.1,2543.0,1018.9,2,2,58.9,0.1,123.2,144.8,692.0,58.9
2026-09-19 21:58:14,mfsweep_shard0,LRT_MMUR,53,4982.72,59,0,1,1550.4,1906.4,356.0,2,2,66.1,0.0,60.9,70.7,158.3,66.1
2026-09-19 21:58:14,mfsweep_shard0,LRT_MMUR,53,4982.72,60,0,1,1576.6,1775.3,198.6,2,2,86.2,0.0,29.7,72.4,10.3,86.2
2026-09-19 21:58:14,mfsweep_shard0,LRT_MMUR,53,4982.72,61,0,1,1602.9,1802.2,199.3,2,2,74.7,0.0,46.7,77.9,0.0,74.7
2026-09-19 21:58:14,mfsweep_shard0,LRT_MMUR,53,4982.72,62,0,1,1629.2,1862.0,232.8,2,2,71.9,0.0,64.2,80.2,16.4,71.9
2026-09-19 21:58:14,mfsweep_shard0,LRT_MMUR,53,4982.72,63,0,1,1655.5,2048.1,392.6,2,2,76.1,0.0,70.1,84.4,162.0,76.1
2026-09-19 21:58:14,mfsweep_shard0,LRT_MMUR,53,4982.72,64,0,1,1681.8,1927.2,245.5,2,2,81.4,0.0,81.0,80.5,2.6,81.4
2026-09-19 21:58:14,mfsweep_shard0,LRT_MMUR,53,4982.72,65,0,1,1708.0,2017.0,309.0,2,2,79.2,0.0,81.9,112.2,35.7,79.2
2026-09-19 21:58:14,mfsweep_shard0,LRT_MMUR,53,4982.72,66,0,1,1734.3,2364.8,630.5,2,2,61.1,0.0,43.7,74.8,450.9,61.1
2026-09-19 21:58:14,mfsweep_shard0,LRT_MMUR,53,4982.72,67,0,1,1760.6,2552.3,791.7,2,2,54.6,0.0,46.3,139.1,551.6,54.6
2026-09-19 21:58:14,mfsweep_shard0,LRT_MMUR,53,4982.72,68,0,1,1786.9,2216.8,430.0,2,2,64.0,0.0,52.3,103.2,210.5,64.0
2026-09-19 21:58:14,mfsweep_shard0,LRT_MMUR,53,4982.72,69,0,1,1813.1,2306.1,492.9,2,2,62.4,0.0,80.6,113.9,236.0,62.4
2026-09-19 21:58:14,mfsweep_shard0,LRT_MMUR,53,4982.72,70,0,1,1839.4,2415.4,576.0,2,2,60.5,0.0,33.3,87.0,395.1,60.5
2026-09-19 21:58:14,mfsweep_shard0,LRT_MMUR,53,4982.72,71,0,1,1865.7,2124.3,258.6,2,2,84.7,0.0,47.4,84.6,41.9,84.7
2026-09-19 21:58:14,mfsweep_shard0,LRT_MMUR,53,4982.72,72,0,1,1892.0,2184.8,292.8,2,2,82.5,0.0,32.0,98.9,79.4,82.5
2026-09-19 21:58:14,mfsweep_shard0,LRT_MMUR,53,4982.72,73,0,1,1918.3,2090.0,171.7,2,2,63.9,0.0,20.1,87.7,0.0,63.9
2026-09-19 21:58:14,mfsweep_shard0,LRT_MMUR,53,4982.72,74,0,1,1944.5,2339.7,395.2,2,2,75.2,0.0,109.7,99.1,111.1,75.2
2026-09-19 21:58:14,mfsweep_shard0,LRT_MMUR,53,4982.72,75,0,1,1970.8,2710.1,739.3,2,2,66.6,0.1,99.9,146.0,426.8,66.6
2026-09-19 21:58:14,mfsweep_shard0,LRT_MMUR,53,4982.72,76,0,1,1997.1,2298.0,301.0,2,2,83.7,0.0,74.4,125.7,17.1,83.7
2026-09-19 21:58:14,mfsweep_shard0,LRT_MMUR,53,4982.72,77,0,1,2023.4,2250.0,226.6,2,2,68.7,0.0,52.9,93.4,11.6,68.7
2026-09-19 21:58:14,mfsweep_shard0,LRT_MMUR,53,4982.72,78,0,1,2049.6,2746.0,696.4,2,2,62.3,0.1,102.5,120.1,411.5,62.3
2026-09-19 21:58:14,mfsweep_shard0,LRT_MMUR,53,4982.72,79,0,1,2075.9,2818.6,742.7,2,2,61.7,0.1,90.1,134.0,456.8,61.7
2026-09-19 21:58:14,mfsweep_shard0,LRT_MMUR,53,4982.72,80,0,1,2102.2,2648.4,546.2,2,2,72.1,0.1,99.4,119.2,207.9,119.6
2026-09-19 21:58:14,mfsweep_shard0,LRT_MMUR,53,4982.72,81,0,1,2128.5,2836.6,708.1,2,2,62.2,0.1,162.4,138.7,344.7,62.2
2026-09-19 21:58:14,mfsweep_shard0,LRT_MMUR,53,4982.72,82,0,1,2154.7,2401.4,246.6,2,2,72.8,0.0,39.4,80.6,53.8,72.8
2026-09-19 21:58:14,mfsweep_shard0,LRT_MMUR,53,4982.72,83,0,1,2181.0,2557.1,376.1,2,2,83.2,0.0,140.1,131.4,21.4,83.2
2026-09-19 21:58:14,mfsweep_shard0,LRT_MMUR,53,4982.72,84,0,1,2207.3,2420.1,212.8,2,2,66.7,0.0,60.5,85.5,0.0,66.7
2026-09-19 21:58:14,mfsweep_shard0,LRT_MMUR,53,4982.72,85,0,1,2233.6,2899.3,665.8,2,2,60.8,0.0,88.1,83.5,433.4,60.8
2026-09-19 21:58:14,mfsweep_shard0,LRT_MMUR,53,4982.72,86,0,1,2259.9,2534.4,274.5,2,2,86.5,0.0,24.1,98.3,65.6,86.5
2026-09-19 21:58:14,mfsweep_shard0,LRT_MMUR,53,4982.72,87,0,1,2286.1,2594.8,308.7,2,2,70.4,0.0,81.4,83.2,73.7,70.4
2026-09-19 21:58:14,mfsweep_shard0,LRT_MMUR,53,4982.72,88,0,1,2312.4,4571.5,2259.1,2,2,56.5,0.0,107.1,214.9,1878.0,59.0
2026-09-19 21:58:14,mfsweep_shard0,LRT_MMUR,53,4982.72,89,0,1,2338.7,4903.0,2564.3,2,2,55.1,0.1,184.2,257.3,2067.7,55.1
2026-09-19 21:58:14,mfsweep_shard0,LRT_MMUR,53,4982.72,90,0,1,2365.0,2929.3,564.3,2,2,57.2,0.0,103.8,80.6,322.7,57.2
2026-09-19 21:58:14,mfsweep_shard0,LRT_MMUR,53,4982.72,91,0,1,2391.2,2667.0,275.7,2,2,74.3,0.0,129.4,72.0,0.0,74.3
2026-09-19 21:58:14,mfsweep_shard0,LRT_MMUR,53,4982.72,92,0,1,2417.5,2741.5,324.0,2,2,79.7,0.0,122.3,83.2,38.8,79.7
2026-09-19 21:58:14,mfsweep_shard0,LRT_MMUR,53,4982.72,93,0,1,2443.8,2859.5,415.7,2,2,67.5,0.0,115.0,132.6,100.6,67.5
2026-09-19 21:58:14,mfsweep_shard0,LRT_MMUR,53,4982.72,94,0,1,2470.1,2841.4,371.3,2,2,55.6,0.0,115.1,117.3,83.3,55.6
2026-09-19 21:58:14,mfsweep_shard0,LRT_MMUR,53,4982.72,95,0,1,2496.4,3665.1,1168.8,2,2,66.1,0.1,173.8,210.1,718.6,66.1
2026-09-19 21:58:14,mfsweep_shard0,LRT_MMUR,53,4982.72,96,0,1,2522.6,2951.3,428.7,2,2,86.4,0.1,134.4,110.3,81.9,102.0
2026-09-19 21:58:14,mfsweep_shard0,LRT_MMUR,53,4982.72,97,0,1,2548.9,3898.9,1350.0,2,2,71.0,0.2,200.1,220.5,858.2,71.0
2026-09-19 21:58:14,mfsweep_shard0,LRT_MMUR,53,4982.72,98,0,1,2575.2,3058.9,483.7,2,2,85.6,0.1,213.5,124.9,59.6,85.6
2026-09-19 21:58:14,mfsweep_shard0,LRT_MMUR,53,4982.72,99,0,1,2601.5,3091.1,489.6,2,2,82.0,0.2,136.1,118.4,153.1,82.0
2026-09-19 21:58:14,mfsweep_shard0,LRT_MMUR,53,4982.72,100,0,1,2627.7,4982.7,2355.0,2,2,53.9,0.3,322.3,288.3,1690.2,53.9
2026-09-19 21:58:14,mfsweep_shard0,LRT_MMUR,53,4982.72,101,0,1,2654.0,3165.8,511.8,2,2,77.3,0.0,109.2,221.3,95.0,86.2
2026-09-19 21:58:14,mfsweep_shard0,LRT_MMUR,53,4982.72,102,0,1,2680.3,2956.1,275.8,2,2,76.0,0.0,74.4,125.3,0.0,76.0
2026-09-19 21:58:14,mfsweep_shard0,LRT_MMUR,53,4982.72,103,0,1,2706.6,3725.9,1019.3,2,2,71.3,0.2,246.4,202.6,482.9,87.1
2026-09-19 21:58:14,mfsweep_shard0,LRT_MMUR,53,4982.72,104,0,1,2732.9,3045.4,312.5,2,2,62.4,0.0,153.2,92.8,4.1,62.4
2026-09-19 21:58:14,mfsweep_shard0,LRT_MMUR,53,4982.72,105,0,1,2759.1,3212.4,453.3,2,2,74.7,0.1,120.4,112.6,145.5,74.7
2026-09-19 21:58:14,mfsweep_shard0,LRT_MMUR,53,4982.72,106,0,1,2785.4,4758.2,1972.8,2,2,57.2,0.5,418.2,289.5,1207.4,57.2
2026-09-19 21:58:14,mfsweep_shard0,LRT_MMUR,53,4982.72,107,0,1,2811.7,4281.5,1469.9,2,2,67.9,0.4,276.7,254.7,870.2,67.9
2026-09-19 21:58:14,mfsweep_shard0,LRT_MMUR,53,4982.72,108,0,1,2838.0,3054.5,216.5,2,2,68.5,0.0,53.3,94.6,0.0,68.5
2026-09-19 21:58:14,mfsweep_shard0,LRT_MMUR,53,4982.72,109,0,1,2864.2,3188.0,323.8,2,2,85.0,0.0,106.1,85.0,47.7,85.0
2026-09-19 21:58:14,mfsweep_shard0,LRT_MMUR,53,4982.72,110,0,1,2890.5,3274.8,384.3,2,2,82.4,0.0,150.7,79.8,71.3,82.4
2026-09-19 21:58:14,mfsweep_shard0,LRT_MMUR,53,4982.72,111,0,1,2916.8,4426.2,1509.4,2,2,62.2,0.3,294.6,147.4,1004.9,62.2
2026-09-19 21:58:14,mfsweep_shard0,LRT_MMUR,53,4982.72,112,0,1,2943.1,3974.3,1031.2,2,2,70.1,0.3,288.5,139.6,532.7,70.1
2026-09-19 21:58:14,mfsweep_shard0,LRT_MMUR,53,4982.72,113,0,1,2969.3,4716.4,1747.0,2,2,59.4,0.5,399.3,202.1,1036.8,108.3
2026-09-19 21:58:14,mfsweep_shard0,LRT_MMUR,53,4982.72,114,0,1,2995.6,3279.7,284.0,2,2,83.7,0.0,40.1,91.9,68.3,83.7
2026-09-19 21:58:14,mfsweep_shard0,LRT_MMUR,53,4982.72,115,0,1,3021.9,3355.4,333.5,2,2,82.3,0.0,25.8,90.3,135.1,82.3
2026-09-19 21:58:14,mfsweep_shard0,LRT_MMUR,53,4982.72,116,0,1,3048.2,4378.6,1330.4,2,2,63.4,0.4,267.0,208.0,791.6,63.4
2026-09-19 21:58:14,mfsweep_shard0,LRT_MMUR,53,4982.72,117,0,1,3074.5,4170.0,1095.6,2,2,74.6,0.5,283.2,155.0,537.4,119.5
2026-09-19 21:58:14,mfsweep_shard0,LRT_MMUR,53,4982.72,118,0,1,3100.7,4229.1,1128.3,2,2,73.6,0.5,313.4,155.8,585.0,73.6
2026-09-19 21:58:14,mfsweep_shard0,LRT_MMUR,53,4982.72,119,0,1,3127.0,4614.4,1487.4,2,2,58.6,0.6,402.4,186.9,838.8,58.6
2026-09-19 21:58:14,mfsweep_shard0,LRT_MMUR,53,4982.72,120,0,1,3153.3,3447.5,294.3,2,2,78.7,0.0,76.7,95.1,43.7,78.7
2026-09-19 21:58:14,mfsweep_shard0,LRT_MMUR,53,4982.72,121,0,1,3179.6,3531.5,351.9,2,2,71.3,0.0,109.6,162.9,8.1,71.3
2026-09-19 21:58:14,mfsweep_shard0,LRT_MMUR,53,4982.72,122,0,1,3205.8,3497.4,291.5,2,2,79.2,0.0,112.5,80.9,18.8,79.2
2026-09-19 21:58:14,mfsweep_shard0,LRT_MMUR,53,4982.72,123,0,1,3232.1,3730.5,498.4,2,2,71.0,0.0,102.6,87.4,237.3,71.0
2026-09-19 21:58:14,mfsweep_shard0,LRT_MMUR,53,4982.72,124,0,1,3258.4,3795.2,536.8,2,2,53.6,0.0,65.9,92.0,325.3,53.6
2026-09-19 21:58:14,mfsweep_shard0,LRT_MMUR,53,4982.72,125,0,1,3284.7,3461.6,176.9,2,2,64.2,0.0,41.9,70.7,0.0,64.2
2026-09-19 21:58:14,mfsweep_shard0,LRT_MMUR,53,4982.72,126,0,1,3311.0,3768.1,457.2,2,2,54.2,0.0,71.8,91.5,239.6,54.2
2026-09-19 21:58:14,mfsweep_shard0,LRT_MMUR,53,4982.72,127,0,1,3337.2,3651.4,314.1,2,2,84.2,0.0,129.2,76.7,24.0,84.2
2026-09-19 21:58:14,mfsweep_shard0,LRT_MMUR,53,4982.72,128,0,1,3363.5,3669.9,306.4,2,2,82.5,0.0,38.3,141.8,43.7,82.5
2026-09-19 21:58:14,mfsweep_shard0,LRT_MMUR,53,4982.72,129,0,1,3389.8,3678.7,288.9,2,2,81.0,0.0,78.9,129.0,0.0,81.0
2026-09-19 21:58:14,mfsweep_shard0,LRT_MMUR,53,4982.72,130,0,1,3416.1,4330.6,914.6,2,2,63.7,0.3,189.5,165.5,495.5,63.7
2026-09-19 21:58:14,mfsweep_shard0,LRT_MMUR,53,4982.72,131,0,1,3442.3,4672.1,1229.8,2,2,55.5,0.6,317.9,146.8,709.0,55.5
2026-09-19 21:58:14,mfsweep_shard0,LRT_MMUR,53,4982.72,132,0,1,3468.6,4040.7,572.0,2,2,82.5,0.3,330.7,104.4,54.1,82.5
2026-09-19 21:58:14,mfsweep_shard0,LRT_MMUR,53,4982.72,133,0,1,3494.9,4110.4,615.5,2,2,84.8,0.3,315.5,107.9,60.0,131.7
2026-09-19 21:58:14,mfsweep_shard0,LRT_MMUR,53,4982.72,134,0,1,3521.2,4801.8,1280.6,2,2,56.4,0.3,482.3,121.0,620.6,56.4
2026-09-19 21:58:14,mfsweep_shard0,LRT_MMUR,53,4982.72,135,0,1,3547.5,3905.2,357.7,2,2,69.6,0.0,211.7,74.2,2.2,69.6
2026-09-19 21:58:14,mfsweep_shard0,LRT_MMUR,53,4982.72,136,0,1,3573.7,4944.2,1370.5,2,2,55.8,0.4,366.1,146.4,787.7,70.0
2026-09-19 22:02:03,mfsweep_shard0,LRT_MMUR,54,4481.12,0,0,1,0.0,238.2,238.2,2,2,74.6,0.0,57.3,106.2,0.0,74.6
2026-09-19 22:02:03,mfsweep_shard0,LRT_MMUR,54,4481.12,1,0,1,26.3,359.0,332.7,2,2,54.4,0.0,66.5,136.3,75.4,54.4
2026-09-19 22:02:03,mfsweep_shard0,LRT_MMUR,54,4481.12,2,0,1,52.6,265.5,213.0,2,2,62.6,0.0,50.1,77.2,23.0,62.6
2026-09-19 22:02:03,mfsweep_shard0,LRT_MMUR,54,4481.12,3,0,1,78.8,290.7,211.9,2,2,60.9,0.0,70.2,80.7,0.0,60.9
2026-09-19 22:02:03,mfsweep_shard0,LRT_MMUR,54,4481.12,4,0,1,105.1,363.6,258.5,2,2,77.8,0.0,88.2,82.6,9.9,77.8
2026-09-19 22:02:03,mfsweep_shard0,LRT_MMUR,54,4481.12,5,0,1,131.4,310.9,179.5,2,2,75.9,0.0,39.0,64.6,0.0,75.9
2026-09-19 22:02:03,mfsweep_shard0,LRT_MMUR,54,4481.12,6,0,1,157.7,424.2,266.6,2,2,83.0,0.0,82.6,75.5,25.5,83.0
2026-09-19 22:02:03,mfsweep_shard0,LRT_MMUR,54,4481.12,7,0,1,183.9,539.8,355.8,2,2,56.4,0.0,68.0,74.4,156.9,56.4
2026-09-19 22:02:03,mfsweep_shard0,LRT_MMUR,54,4481.12,8,0,1,210.2,464.2,254.0,2,2,67.5,0.0,45.9,68.4,72.2,67.5
2026-09-19 22:02:03,mfsweep_shard0,LRT_MMUR,54,4481.12,9,0,1,236.5,589.5,353.0,2,2,54.5,0.0,82.7,90.3,125.4,54.5
2026-09-19 22:02:03,mfsweep_shard0,LRT_MMUR,54,4481.12,10,0,1,262.8,534.9,272.1,2,2,60.8,0.0,64.7,90.3,56.4,60.8
2026-09-19 22:02:03,mfsweep_shard0,LRT_MMUR,54,4481.12,11,0,1,289.1,530.1,241.1,2,2,70.2,0.0,53.7,117.1,0.0,70.2
2026-09-19 22:02:03,mfsweep_shard0,LRT_MMUR,54,4481.12,12,0,1,315.3,575.8,260.5,2,2,54.4,0.0,38.6,163.4,4.0,54.4
2026-09-19 22:02:03,mfsweep_shard0,LRT_MMUR,54,4481.12,13,0,1,341.6,630.8,289.2,2,2,60.1,0.0,52.3,176.8,0.0,60.1
2026-09-19 22:02:03,mfsweep_shard0,LRT_MMUR,54,4481.12,14,0,1,367.9,652.9,285.0,2,2,75.0,0.0,49.8,143.5,16.7,75.0
2026-09-19 22:02:03,mfsweep_shard0,LRT_MMUR,54,4481.12,15,0,1,394.2,903.9,509.7,2,2,71.5,0.0,59.0,135.7,243.4,71.5
2026-09-19 22:02:03,mfsweep_shard0,LRT_MMUR,54,4481.12,16,0,1,420.4,912.6,492.2,2,2,60.8,0.0,25.8,63.9,341.7,60.8
2026-09-19 22:02:03,mfsweep_shard0,LRT_MMUR,54,4481.12,17,0,1,446.7,839.0,392.3,2,2,73.0,0.0,100.5,75.0,143.7,73.0
2026-09-19 22:02:03,mfsweep_shard0,LRT_MMUR,54,4481.12,18,0,1,473.0,706.9,233.9,2,2,80.3,0.0,43.3,64.1,46.2,80.3
2026-09-19 22:02:03,mfsweep_shard0,LRT_MMUR,54,4481.12,19,0,1,499.3,973.9,474.6,2,2,53.8,0.0,32.6,98.2,290.0,53.8
2026-09-19 22:02:03,mfsweep_shard0,LRT_MMUR,54,4481.12,20,0,1,525.6,758.0,232.4,2,2,80.1,0.0,23.3,82.9,32.3,93.8
2026-09-19 22:02:03,mfsweep_shard0,LRT_MMUR,54,4481.12,21,0,1,551.8,825.4,273.6,2,2,76.6,0.0,75.8,121.2,0.0,76.6
2026-09-19 22:02:03,mfsweep_shard0,LRT_MMUR,54,4481.12,22,0,1,578.1,1774.5,1196.4,2,2,64.8,0.0,139.0,177.3,775.5,104.5
2026-09-19 22:02:03,mfsweep_shard0,LRT_MMUR,54,4481.12,23,0,1,604.4,2631.2,2026.8,2,2,58.7,0.1,201.3,270.8,1496.0,58.7
2026-09-19 22:02:03,mfsweep_shard0,LRT_MMUR,54,4481.12,24,0,1,630.7,986.5,355.9,2,2,85.1,0.0,84.0,148.0,38.7,85.1
2026-09-19 22:02:03,mfsweep_shard0,LRT_MMUR,54,4481.12,25,0,1,656.9,848.7,191.8,2,2,64.7,0.0,50.1,77.0,0.0,64.7
2026-09-19 22:02:03,mfsweep_shard0,LRT_MMUR,54,4481.12,26,0,1,683.2,3981.0,3297.8,2,2,56.6,0.1,280.6,248.9,2711.5,56.6
2026-09-19 22:02:03,mfsweep_shard0,LRT_MMUR,54,4481.12,27,0,1,709.5,3942.7,3233.2,2,2,56.7,0.2,317.5,249.7,2609.0,56.7
2026-09-19 22:02:03,mfsweep_shard0,LRT_MMUR,54,4481.12,28,0,1,735.8,1014.5,278.7,2,2,81.5,0.0,72.3,69.7,55.2,81.5
2026-09-19 22:02:03,mfsweep_shard0,LRT_MMUR,54,4481.12,29,0,1,762.0,1086.6,324.6,2,2,73.5,0.0,50.3,78.1,122.7,73.5
2026-09-19 22:02:03,mfsweep_shard0,LRT_MMUR,54,4481.12,30,0,1,788.3,1065.9,277.6,2,2,80.2,0.0,37.2,80.1,80.0,80.2
2026-09-19 22:02:03,mfsweep_shard0,LRT_MMUR,54,4481.12,31,0,1,814.6,1070.3,255.7,2,2,77.6,0.0,100.3,77.7,0.0,77.6
2026-09-19 22:02:03,mfsweep_shard0,LRT_MMUR,54,4481.12,32,0,1,840.9,1283.0,442.1,2,2,71.2,0.0,54.6,227.6,88.6,71.2
2026-09-19 22:02:03,mfsweep_shard0,LRT_MMUR,54,4481.12,33,0,1,867.2,1331.7,464.5,2,2,85.7,0.1,98.6,197.5,53.2,115.1
2026-09-19 22:02:03,mfsweep_shard0,LRT_MMUR,54,4481.12,34,0,1,893.4,1223.6,330.2,2,2,66.0,0.1,78.0,177.1,8.9,66.0
2026-09-19 22:02:03,mfsweep_shard0,LRT_MMUR,54,4481.12,35,0,1,919.7,1190.3,270.6,2,2,71.8,0.1,85.7,91.4,21.7,71.8
2026-09-19 22:02:03,mfsweep_shard0,LRT_MMUR,54,4481.12,36,0,1,946.0,1420.7,474.7,2,2,80.9,0.1,118.9,156.8,99.4,99.5
2026-09-19 22:02:03,mfsweep_shard0,LRT_MMUR,54,4481.12,37,0,1,972.3,1521.6,549.3,2,2,74.0,0.2,116.0,116.7,242.5,74.0
2026-09-19 22:02:03,mfsweep_shard0,LRT_MMUR,54,4481.12,38,0,1,998.5,1296.8,298.2,2,2,82.0,0.0,116.2,83.7,16.3,82.0
2026-09-19 22:02:03,mfsweep_shard0,LRT_MMUR,54,4481.12,39,0,1,1024.8,1601.3,576.5,2,2,72.6,0.0,70.4,75.4,358.0,72.6
2026-09-19 22:02:03,mfsweep_shard0,LRT_MMUR,54,4481.12,40,0,1,1051.1,1488.6,437.5,2,2,76.8,0.0,67.2,95.9,197.5,76.8
2026-09-19 22:02:03,mfsweep_shard0,LRT_MMUR,54,4481.12,41,0,1,1077.4,4102.9,3025.5,2,2,55.1,0.2,230.2,312.1,2428.0,55.1
2026-09-19 22:02:03,mfsweep_shard0,LRT_MMUR,54,4481.12,42,0,1,1103.7,2427.4,1323.7,2,2,61.1,0.2,236.2,150.8,856.3,80.2
2026-09-19 22:02:03,mfsweep_shard0,LRT_MMUR,54,4481.12,43,0,1,1129.9,1783.2,653.3,2,2,63.1,0.1,128.8,128.5,332.8,63.1
2026-09-19 22:02:03,mfsweep_shard0,LRT_MMUR,54,4481.12,44,0,1,1156.2,4244.2,3088.0,2,2,56.2,0.4,316.9,265.0,2415.3,90.5
2026-09-19 22:02:03,mfsweep_shard0,LRT_MMUR,54,4481.12,45,0,1,1182.5,2087.6,905.1,2,2,61.2,0.2,157.5,159.8,526.4,61.2
2026-09-19 22:02:03,mfsweep_shard0,LRT_MMUR,54,4481.12,46,0,1,1208.8,3898.2,2689.4,2,2,56.9,0.5,295.6,254.1,2047.3,91.9
2026-09-19 22:02:03,mfsweep_shard0,LRT_MMUR,54,4481.12,47,0,1,1235.0,1967.3,732.3,2,2,62.7,0.2,159.8,159.5,350.0,62.7
2026-09-19 22:02:03,mfsweep_shard0,LRT_MMUR,54,4481.12,48,0,1,1261.3,1457.9,196.6,2,2,74.5,0.0,16.8,105.3,0.0,74.5
2026-09-19 22:02:03,mfsweep_shard0,LRT_MMUR,54,4481.12,49,0,1,1287.6,1580.7,293.1,2,2,65.6,0.0,72.7,78.5,76.3,65.6
2026-09-19 22:02:03,mfsweep_shard0,LRT_MMUR,54,4481.12,50,0,1,1313.9,1527.2,213.3,2,2,65.8,0.0,76.1,68.4,2.9,65.8
2026-09-19 22:02:03,mfsweep_shard0,LRT_MMUR,54,4481.12,51,0,1,1340.2,1698.3,358.2,2,2,60.5,0.0,117.2,71.3,109.1,60.5
2026-09-19 22:02:03,mfsweep_shard0,LRT_MMUR,54,4481.12,52,0,1,1366.4,2027.8,661.4,2,2,62.4,0.0,91.3,65.7,442.0,62.4
2026-09-19 22:02:03,mfsweep_shard0,LRT_MMUR,54,4481.12,53,0,1,1392.7,1563.9,171.2,2,2,84.5,0.0,20.7,66.0,0.0,84.5
2026-09-19 22:02:03,mfsweep_shard0,LRT_MMUR,54,4481.12,54,0,1,1419.0,1662.7,243.7,2,2,74.9,0.0,68.4,78.7,21.6,74.9
2026-09-19 22:02:03,mfsweep_shard0,LRT_MMUR,54,4481.12,55,0,1,1445.3,1693.4,248.2,2,2,73.6,0.0,49.1,82.9,42.6,73.6
2026-09-19 22:02:03,mfsweep_shard0,LRT_MMUR,54,4481.12,56,0,1,1471.5,2564.9,1093.4,2,2,59.2,0.2,206.9,105.6,721.5,59.2
2026-09-19 22:02:03,mfsweep_shard0,LRT_MMUR,54,4481.12,57,0,1,1497.8,1874.1,376.3,2,2,77.6,0.0,168.8,129.2,0.7,77.6
2026-09-19 22:02:03,mfsweep_shard0,LRT_MMUR,54,4481.12,58,0,1,1524.1,2593.2,1069.1,2,2,58.9,0.2,285.0,144.7,580.2,58.9
2026-09-19 22:02:03,mfsweep_shard0,LRT_MMUR,54,4481.12,59,0,1,1550.4,1929.6,379.3,2,2,66.1,0.0,131.2,126.6,55.4,66.1
2026-09-19 22:02:03,mfsweep_shard0,LRT_MMUR,54,4481.12,60,0,1,1576.6,1857.0,280.4,2,2,86.2,0.0,108.8,85.3,0.0,86.2
2026-09-19 22:02:03,mfsweep_shard0,LRT_MMUR,54,4481.12,61,0,1,1602.9,1910.0,307.1,2,2,74.7,0.0,138.5,93.9,0.0,74.7
2026-09-19 22:02:03,mfsweep_shard0,LRT_MMUR,54,4481.12,62,0,1,1629.2,2122.4,493.2,2,2,71.9,0.0,186.7,77.8,156.7,71.9
2026-09-19 22:02:03,mfsweep_shard0,LRT_MMUR,54,4481.12,63,0,1,1655.5,2032.6,377.2,2,2,76.1,0.0,133.7,86.1,81.2,76.1
2026-09-19 22:02:03,mfsweep_shard0,LRT_MMUR,54,4481.12,64,0,1,1681.8,1925.2,243.5,2,2,81.4,0.0,80.7,71.6,9.8,81.4
2026-09-19 22:02:03,mfsweep_shard0,LRT_MMUR,54,4481.12,65,0,1,1708.0,1972.1,264.1,2,2,79.2,0.0,79.8,75.7,29.4,79.2
2026-09-19 22:02:03,mfsweep_shard0,LRT_MMUR,54,4481.12,66,0,1,1734.3,2399.8,665.5,2,2,61.1,0.0,87.2,98.2,419.0,61.1
2026-09-19 22:02:03,mfsweep_shard0,LRT_MMUR,54,4481.12,67,0,1,1760.6,4364.9,2604.3,2,2,54.6,0.3,286.0,223.0,2040.4,54.6
2026-09-19 22:02:03,mfsweep_shard0,LRT_MMUR,54,4481.12,68,0,1,1786.9,2007.0,220.1,2,2,64.0,0.0,38.5,73.3,44.2,64.0
2026-09-19 22:02:03,mfsweep_shard0,LRT_MMUR,54,4481.12,69,0,1,1813.1,2335.9,522.8,2,2,62.4,0.1,110.9,103.7,233.6,74.5
2026-09-19 22:02:03,mfsweep_shard0,LRT_MMUR,54,4481.12,70,0,1,1839.4,2486.8,647.3,2,2,60.5,0.1,76.6,163.6,346.6,60.5
2026-09-19 22:02:03,mfsweep_shard0,LRT_MMUR,54,4481.12,71,0,1,1865.7,2131.1,265.4,2,2,84.7,0.0,60.7,92.5,27.6,84.7
2026-09-19 22:02:03,mfsweep_shard0,LRT_MMUR,54,4481.12,72,0,1,1892.0,2205.1,313.1,2,2,82.5,0.0,60.4,89.7,80.5,82.5
2026-09-19 22:02:03,mfsweep_shard0,LRT_MMUR,54,4481.12,73,0,1,1918.3,2260.2,341.9,2,2,63.9,0.0,68.0,108.2,101.8,63.9
2026-09-19 22:02:03,mfsweep_shard0,LRT_MMUR,54,4481.12,74,0,1,1944.5,2321.0,376.5,2,2,75.2,0.0,156.6,100.1,44.6,75.2
2026-09-19 22:02:03,mfsweep_shard0,LRT_MMUR,54,4481.12,75,0,1,1970.8,2272.5,301.7,2,2,66.6,0.0,158.9,76.2,0.0,66.6
2026-09-19 22:02:03,mfsweep_shard0,LRT_MMUR,54,4481.12,76,0,1,1997.1,2366.1,369.0,2,2,83.7,0.0,165.2,76.5,43.6,83.7
2026-09-19 22:02:03,mfsweep_shard0,LRT_MMUR,54,4481.12,77,0,1,2023.4,2714.8,691.4,2,2,68.7,0.0,183.5,93.9,345.3,68.7
2026-09-19 22:02:03,mfsweep_shard0,LRT_MMUR,54,4481.12,78,0,1,2049.6,2748.7,699.1,2,2,62.3,0.0,148.1,72.0,416.6,62.3
2026-09-19 22:02:03,mfsweep_shard0,LRT_MMUR,54,4481.12,79,0,1,2075.9,2881.9,806.0,2,2,61.7,0.0,131.2,84.0,527.7,63.0
2026-09-19 22:02:03,mfsweep_shard0,LRT_MMUR,54,4481.12,80,0,1,2102.2,2640.4,538.2,2,2,72.1,0.0,97.2,137.1,231.9,72.1
2026-09-19 22:02:03,mfsweep_shard0,LRT_MMUR,54,4481.12,81,0,1,2128.5,2814.1,685.6,2,2,62.2,0.0,73.6,73.8,476.0,62.2
2026-09-19 22:02:03,mfsweep_shard0,LRT_MMUR,54,4481.12,82,0,1,2154.7,2560.2,405.5,2,2,72.8,0.1,61.5,71.5,199.5,72.8
2026-09-19 22:02:03,mfsweep_shard0,LRT_MMUR,54,4481.12,83,0,1,2181.0,2442.3,261.3,2,2,83.2,0.0,47.0,115.5,15.6,83.2
2026-09-19 22:02:03,mfsweep_shard0,LRT_MMUR,54,4481.12,84,0,1,2207.3,2710.1,502.8,2,2,66.7,0.0,24.9,134.3,276.9,66.7
2026-09-19 22:02:03,mfsweep_shard0,LRT_MMUR,54,4481.12,85,0,1,2233.6,2943.9,710.3,2,2,60.8,0.0,49.3,95.2,505.0,60.8
2026-09-19 22:02:03,mfsweep_shard0,LRT_MMUR,54,4481.12,86,0,1,2259.9,2500.6,240.7,2,2,86.5,0.0,62.3,87.9,4.1,86.5
2026-09-19 22:02:03,mfsweep_shard0,LRT_MMUR,54,4481.12,87,0,1,2286.1,2505.5,219.3,2,2,70.4,0.0,66.4,82.6,0.0,70.4
2026-09-19 22:02:03,mfsweep_shard0,LRT_MMUR,54,4481.12,88,0,1,2312.4,2577.7,265.3,2,2,56.5,0.0,55.5,80.5,72.8,56.5
2026-09-19 22:02:03,mfsweep_shard0,LRT_MMUR,54,4481.12,89,0,1,2338.7,4324.9,1986.2,2,2,55.1,0.2,269.9,179.1,1482.0,55.1
2026-09-19 22:02:03,mfsweep_shard0,LRT_MMUR,54,4481.12,90,0,1,2365.0,2517.2,152.3,2,2,57.2,0.0,21.5,69.1,4.5,57.2
2026-09-19 22:02:03,mfsweep_shard0,LRT_MMUR,54,4481.12,91,0,1,2391.2,2650.1,258.8,2,2,74.3,0.0,58.2,93.5,32.8,74.3
2026-09-19 22:02:03,mfsweep_shard0,LRT_MMUR,54,4481.12,92,0,1,2417.5,2728.6,311.1,2,2,79.7,0.0,58.2,115.4,57.7,79.7
2026-09-19 22:02:03,mfsweep_shard0,LRT_MMUR,54,4481.12,93,0,1,2443.8,3375.2,931.4,2,2,67.5,0.2,98.6,168.7,596.4,67.5
2026-09-19 22:02:03,mfsweep_shard0,LRT_MMUR,54,4481.12,94,0,1,2470.1,4285.2,1815.2,2,2,55.6,0.3,189.3,170.3,1399.6,55.6
2026-09-19 22:02:03,mfsweep_shard0,LRT_MMUR,54,4481.12,95,0,1,2496.4,3451.7,955.3,2,2,66.1,0.2,139.8,161.4,587.8,66.1
2026-09-19 22:02:03,mfsweep_shard0,LRT_MMUR,54,4481.12,96,0,1,2522.6,2809.2,286.6,2,2,86.4,0.0,70.7,82.8,46.5,86.4
2026-09-19 22:02:03,mfsweep_shard0,LRT_MMUR,54,4481.12,97,0,1,2548.9,2822.9,274.0,2,2,71.0,0.0,36.1,73.5,93.4,71.0
2026-09-19 22:02:03,mfsweep_shard0,LRT_MMUR,54,4481.12,98,0,1,2575.2,2939.2,364.0,2,2,85.6,0.0,105.5,139.8,33.1,85.6
2026-09-19 22:02:03,mfsweep_shard0,LRT_MMUR,54,4481.12,99,0,1,2601.5,2982.4,380.9,2,2,82.0,0.0,83.0,92.2,123.7,82.0
2026-09-19 22:02:03,mfsweep_shard0,LRT_MMUR,54,4481.12,100,0,1,2627.7,4443.0,1815.2,2,2,53.9,0.3,288.2,166.1,1306.7,53.9
2026-09-19 22:02:03,mfsweep_shard0,LRT_MMUR,54,4481.12,101,0,1,2654.0,3039.9,385.9,2,2,77.3,0.0,105.1,107.0,96.4,77.3
2026-09-19 22:02:03,mfsweep_shard0,LRT_MMUR,54,4481.12,102,0,1,2680.3,3068.6,388.3,2,2,76.0,0.0,62.1,95.1,155.1,76.0
2026-09-19 22:02:03,mfsweep_shard0,LRT_MMUR,54,4481.12,103,0,1,2706.6,3212.8,506.2,2,2,71.3,0.0,54.2,91.4,289.3,71.3
2026-09-19 22:02:03,mfsweep_shard0,LRT_MMUR,54,4481.12,104,0,1,2732.9,3774.6,1041.8,2,2,62.4,0.2,173.9,129.8,675.4,62.4
2026-09-19 22:02:03,mfsweep_shard0,LRT_MMUR,54,4481.12,105,0,1,2759.1,3149.3,390.2,2,2,74.7,0.0,31.9,117.8,165.8,74.7
2026-09-19 22:02:03,mfsweep_shard0,LRT_MMUR,54,4481.12,106,0,1,2785.4,3855.4,1070.0,2,2,57.2,0.3,156.5,179.3,676.7,57.2
2026-09-19 22:02:03,mfsweep_shard0,LRT_MMUR,54,4481.12,107,0,1,2811.7,3687.8,876.1,2,2,67.9,0.3,208.5,130.4,469.0,67.9
2026-09-19 22:02:03,mfsweep_shard0,LRT_MMUR,54,4481.12,108,0,1,2838.0,3630.4,792.5,2,2,68.5,0.3,178.2,128.0,400.8,85.2
2026-09-19 22:02:03,mfsweep_shard0,LRT_MMUR,54,4481.12,109,0,1,2864.2,3102.1,237.9,2,2,85.0,0.0,65.2,87.6,0.0,85.0
2026-09-19 22:02:03,mfsweep_shard0,LRT_MMUR,54,4481.12,110,0,1,2890.5,3168.6,278.1,2,2,82.4,0.0,94.1,87.6,13.9,82.4
2026-09-19 22:02:03,mfsweep_shard0,LRT_MMUR,54,4481.12,111,0,1,2916.8,3357.4,440.6,2,2,62.2,0.0,158.9,118.4,101.1,62.2
2026-09-19 22:02:03,mfsweep_shard0,LRT_MMUR,54,4481.12,112,0,1,2943.1,3204.2,261.1,2,2,70.1,0.0,38.6,121.3,31.2,70.1
2026-09-19 22:02:03,mfsweep_shard0,LRT_MMUR,54,4481.12,113,0,1,2969.3,3402.6,433.2,2,2,59.4,0.0,153.4,114.2,106.1,59.4
2026-09-19 22:02:03,mfsweep_shard0,LRT_MMUR,54,4481.12,114,0,1,2995.6,3334.9,339.3,2,2,83.7,0.0,158.0,97.5,0.0,83.7
2026-09-19 22:02:03,mfsweep_shard0,LRT_MMUR,54,4481.12,115,0,1,3021.9,3343.6,321.7,2,2,82.3,0.0,103.8,77.0,58.6,82.3
2026-09-19 22:02:03,mfsweep_shard0,LRT_MMUR,54,4481.12,116,0,1,3048.2,3715.5,667.3,2,2,63.4,0.0,36.3,64.0,503.5,63.4
2026-09-19 22:02:03,mfsweep_shard0,LRT_MMUR,54,4481.12,117,0,1,3074.5,3394.1,319.7,2,2,74.6,0.0,123.2,64.8,57.0,74.6
2026-09-19 22:02:03,mfsweep_shard0,LRT_MMUR,54,4481.12,118,0,1,3100.7,3492.1,391.4,2,2,73.6,0.0,145.2,137.9,34.6,73.6
2026-09-19 22:02:03,mfsweep_shard0,LRT_MMUR,54,4481.12,119,0,1,3127.0,3814.6,687.6,2,2,58.6,0.0,75.9,66.9,486.2,58.6
2026-09-19 22:02:03,mfsweep_shard0,LRT_MMUR,54,4481.12,120,0,1,3153.3,3596.0,442.7,2,2,78.7,0.0,224.8,98.9,40.4,78.7
2026-09-19 22:02:03,mfsweep_shard0,LRT_MMUR,54,4481.12,121,0,1,3179.6,3947.1,767.5,2,2,71.3,0.0,223.2,74.0,398.9,71.3
2026-09-19 22:02:03,mfsweep_shard0,LRT_MMUR,54,4481.12,122,0,1,3205.8,3575.1,369.2,2,2,79.2,0.0,198.5,91.4,0.0,79.2
2026-09-19 22:02:03,mfsweep_shard0,LRT_MMUR,54,4481.12,123,0,1,3232.1,4001.9,769.8,2,2,71.0,0.0,168.1,84.4,446.2,71.0
2026-09-19 22:02:03,mfsweep_shard0,LRT_MMUR,54,4481.12,124,0,1,3258.4,4481.1,1222.7,2,2,53.6,0.0,221.3,72.7,875.1,53.6
2026-09-19 22:02:03,mfsweep_shard0,LRT_MMUR,54,4481.12,125,0,1,3284.7,4075.6,790.9,2,2,64.2,0.0,168.1,130.0,428.6,64.2
2026-09-19 22:02:03,mfsweep_shard0,LRT_MMUR,54,4481.12,126,0,1,3311.0,4403.7,1092.7,2,2,54.2,0.1,231.4,154.3,652.8,54.2
2026-09-19 22:02:03,mfsweep_shard0,LRT_MMUR,54,4481.12,127,0,1,3337.2,3620.1,282.9,2,2,84.2,0.0,108.9,67.7,22.0,84.2
2026-09-19 22:02:03,mfsweep_shard0,LRT_MMUR,54,4481.12,128,0,1,3363.5,3705.9,342.4,2,2,82.5,0.0,74.8,91.9,93.1,82.5
2026-09-19 22:02:03,mfsweep_shard0,LRT_MMUR,54,4481.12,129,0,1,3389.8,3890.4,500.6,2,2,81.0,0.1,144.7,113.6,136.2,106.0
2026-09-19 22:02:03,mfsweep_shard0,LRT_MMUR,54,4481.12,130,0,1,3416.1,4161.7,745.7,2,2,63.7,0.1,125.8,123.3,411.3,85.1
2026-09-19 22:02:03,mfsweep_shard0,LRT_MMUR,54,4481.12,131,0,1,3442.3,3591.3,149.0,2,2,55.5,0.0,9.3,84.2,0.0,55.5
2026-09-19 22:02:03,mfsweep_shard0,LRT_MMUR,54,4481.12,132,0,1,3468.6,3827.0,358.4,2,2,82.5,0.1,112.1,135.0,28.6,82.5
2026-09-19 22:02:03,mfsweep_shard0,LRT_MMUR,54,4481.12,133,0,1,3494.9,3755.9,261.0,2,2,84.8,0.0,56.8,105.3,14.1,84.8
2026-09-19 22:02:03,mfsweep_shard0,LRT_MMUR,54,4481.12,134,0,1,3521.2,4203.5,682.3,2,2,56.4,0.1,149.0,122.8,354.0,56.4
2026-09-19 22:02:03,mfsweep_shard0,LRT_MMUR,54,4481.12,135,0,1,3547.5,3800.0,252.5,2,2,69.6,0.0,50.3,131.7,0.9,69.6
2026-09-19 22:02:03,mfsweep_shard0,LRT_MMUR,54,4481.12,136,0,1,3573.7,3737.0,163.3,2,2,55.8,0.0,35.7,71.8,0.0,55.8
2026-09-19 22:05:54,mfsweep_shard0,LRT_MMUR,55,4526.38,0,0,1,0.0,206.6,206.6,2,2,74.6,0.0,56.1,75.9,0.0,74.6
2026-09-19 22:05:54,mfsweep_shard0,LRT_MMUR,55,4526.38,1,0,1,26.3,290.8,264.5,2,2,54.4,0.0,111.5,74.9,23.7,54.4
2026-09-19 22:05:54,mfsweep_shard0,LRT_MMUR,55,4526.38,2,0,1,52.6,254.6,202.1,2,2,62.6,0.0,68.4,71.0,0.0,62.6
2026-09-19 22:05:54,mfsweep_shard0,LRT_MMUR,55,4526.38,3,0,1,78.8,295.6,216.8,2,2,60.9,0.0,49.7,84.3,21.8,60.9
2026-09-19 22:05:54,mfsweep_shard0,LRT_MMUR,55,4526.38,4,0,1,105.1,346.3,241.2,2,2,77.8,0.0,40.6,122.7,0.0,77.8
2026-09-19 22:05:54,mfsweep_shard0,LRT_MMUR,55,4526.38,5,0,1,131.4,476.6,345.2,2,2,75.9,0.0,44.4,116.5,108.5,75.9
2026-09-19 22:05:54,mfsweep_shard0,LRT_MMUR,55,4526.38,6,0,1,157.7,381.6,223.9,2,2,83.0,0.0,25.4,114.7,0.8,83.0
2026-09-19 22:05:54,mfsweep_shard0,LRT_MMUR,55,4526.38,7,0,1,183.9,653.0,469.1,2,2,56.4,0.0,29.0,135.2,248.4,56.4
2026-09-19 22:05:54,mfsweep_shard0,LRT_MMUR,55,4526.38,8,0,1,210.2,577.3,367.1,2,2,67.5,0.0,79.5,75.0,145.1,67.5
2026-09-19 22:05:54,mfsweep_shard0,LRT_MMUR,55,4526.38,9,0,1,236.5,718.6,482.1,2,2,54.5,0.0,90.7,103.7,228.2,59.5
2026-09-19 22:05:54,mfsweep_shard0,LRT_MMUR,55,4526.38,10,0,1,262.8,600.0,337.2,2,2,60.8,0.0,20.2,99.0,157.2,60.8
2026-09-19 22:05:54,mfsweep_shard0,LRT_MMUR,55,4526.38,11,0,1,289.1,527.2,238.1,2,2,70.2,0.0,51.1,104.7,12.1,70.2
2026-09-19 22:05:54,mfsweep_shard0,LRT_MMUR,55,4526.38,12,0,1,315.3,504.0,188.7,2,2,54.4,0.0,64.3,70.0,0.0,54.4
2026-09-19 22:05:54,mfsweep_shard0,LRT_MMUR,55,4526.38,13,0,1,341.6,537.3,195.7,2,2,60.1,0.0,45.7,69.4,20.4,60.1
2026-09-19 22:05:54,mfsweep_shard0,LRT_MMUR,55,4526.38,14,0,1,367.9,713.8,345.9,2,2,75.0,0.0,77.1,116.9,18.0,133.9
2026-09-19 22:05:54,mfsweep_shard0,LRT_MMUR,55,4526.38,15,0,1,394.2,962.8,568.6,2,2,71.5,0.1,87.5,107.8,301.8,71.5
2026-09-19 22:05:54,mfsweep_shard0,LRT_MMUR,55,4526.38,16,0,1,420.4,1006.4,585.9,2,2,60.8,0.1,107.9,114.6,302.6,60.8
2026-09-19 22:05:54,mfsweep_shard0,LRT_MMUR,55,4526.38,17,0,1,446.7,643.5,196.7,2,2,73.0,0.0,50.4,73.3,0.0,73.0
2026-09-19 22:05:54,mfsweep_shard0,LRT_MMUR,55,4526.38,18,0,1,473.0,791.0,318.0,2,2,80.3,0.0,57.0,125.4,55.3,80.3
2026-09-19 22:05:54,mfsweep_shard0,LRT_MMUR,55,4526.38,19,0,1,499.3,1043.0,543.7,2,2,53.8,0.0,44.4,118.7,326.9,53.8
2026-09-19 22:05:54,mfsweep_shard0,LRT_MMUR,55,4526.38,20,0,1,525.6,846.8,321.2,2,2,80.1,0.0,51.7,122.0,67.4,80.1
2026-09-19 22:05:54,mfsweep_shard0,LRT_MMUR,55,4526.38,21,0,1,551.8,902.1,350.2,2,2,76.6,0.0,50.1,102.5,121.0,76.6
2026-09-19 22:05:54,mfsweep_shard0,LRT_MMUR,55,4526.38,22,0,1,578.1,841.4,263.3,2,2,64.8,0.0,86.9,90.5,21.0,64.8
2026-09-19 22:05:54,mfsweep_shard0,LRT_MMUR,55,4526.38,23,0,1,604.4,786.7,182.3,2,2,58.7,0.0,47.6,76.0,0.0,58.7
2026-09-19 22:05:54,mfsweep_shard0,LRT_MMUR,55,4526.38,24,0,1,630.7,879.0,248.3,2,2,85.1,0.0,54.7,80.7,27.8,85.1
2026-09-19 22:05:54,mfsweep_shard0,LRT_MMUR,55,4526.38,25,0,1,656.9,1378.6,721.7,2,2,64.7,0.0,38.9,82.5,535.6,64.7
2026-09-19 22:05:54,mfsweep_shard0,LRT_MMUR,55,4526.38,26,0,1,683.2,1447.7,764.5,2,2,56.6,0.0,39.1,105.3,563.5,56.6
2026-09-19 22:05:54,mfsweep_shard0,LRT_MMUR,55,4526.38,27,0,1,709.5,1437.4,727.9,2,2,56.7,0.0,80.0,90.7,500.4,56.7
2026-09-19 22:05:54,mfsweep_shard0,LRT_MMUR,55,4526.38,28,0,1,735.8,997.1,261.3,2,2,81.5,0.0,84.2,79.7,15.8,81.5
2026-09-19 22:05:54,mfsweep_shard0,LRT_MMUR,55,4526.38,29,0,1,762.0,1217.1,455.0,2,2,73.5,0.0,50.5,85.3,245.7,73.5
2026-09-19 22:05:54,mfsweep_shard0,LRT_MMUR,55,4526.38,30,0,1,788.3,1011.2,222.8,2,2,80.2,0.0,45.7,67.7,29.3,80.2
2026-09-19 22:05:54,mfsweep_shard0,LRT_MMUR,55,4526.38,31,0,1,814.6,1097.2,282.6,2,2,77.6,0.0,71.2,76.2,57.4,77.6
2026-09-19 22:05:54,mfsweep_shard0,LRT_MMUR,55,4526.38,32,0,1,840.9,1253.3,412.5,2,2,71.2,0.0,37.4,63.5,240.3,71.2
2026-09-19 22:05:54,mfsweep_shard0,LRT_MMUR,55,4526.38,33,0,1,867.2,1165.9,298.7,2,2,85.7,0.0,77.1,76.2,59.7,85.7
2026-09-19 22:05:54,mfsweep_shard0,LRT_MMUR,55,4526.38,34,0,1,893.4,1361.5,468.1,2,2,66.0,0.0,88.9,89.0,224.1,66.0
2026-09-19 22:05:54,mfsweep_shard0,LRT_MMUR,55,4526.38,35,0,1,919.7,1145.5,225.8,2,2,71.8,0.0,79.0,75.0,0.0,71.8
2026-09-19 22:05:54,mfsweep_shard0,LRT_MMUR,55,4526.38,36,0,1,946.0,1179.2,233.2,2,2,80.9,0.0,48.5,66.7,37.0,80.9
2026-09-19 22:05:54,mfsweep_shard0,LRT_MMUR,55,4526.38,37,0,1,972.3,1452.3,480.0,2,2,74.0,0.0,82.2,124.3,199.5,74.0
2026-09-19 22:05:54,mfsweep_shard0,LRT_MMUR,55,4526.38,38,0,1,998.5,1259.0,260.5,2,2,82.0,0.0,18.0,151.3,9.1,82.0
2026-09-19 22:05:54,mfsweep_shard0,LRT_MMUR,55,4526.38,39,0,1,1024.8,1514.9,490.1,2,2,72.6,0.1,123.4,134.5,159.5,72.6
2026-09-19 22:05:54,mfsweep_shard0,LRT_MMUR,55,4526.38,40,0,1,1051.1,1383.1,332.0,2,2,76.8,0.1,65.8,74.4,67.5,124.2
2026-09-19 22:05:54,mfsweep_shard0,LRT_MMUR,55,4526.38,41,0,1,1077.4,1830.5,753.1,2,2,55.1,0.1,122.3,72.5,503.1,55.1
2026-09-19 22:05:54,mfsweep_shard0,LRT_MMUR,55,4526.38,42,0,1,1103.7,1706.5,602.8,2,2,61.1,0.1,102.5,79.3,359.9,61.1
2026-09-19 22:05:54,mfsweep_shard0,LRT_MMUR,55,4526.38,43,0,1,1129.9,1541.1,411.2,2,2,63.1,0.1,67.3,76.9,203.7,63.1
2026-09-19 22:05:54,mfsweep_shard0,LRT_MMUR,55,4526.38,44,0,1,1156.2,1788.4,632.2,2,2,56.2,0.2,101.3,99.0,375.6,56.2
2026-09-19 22:05:54,mfsweep_shard0,LRT_MMUR,55,4526.38,45,0,1,1182.5,1627.6,445.2,2,2,61.2,0.2,60.5,67.8,255.5,61.2
2026-09-19 22:05:54,mfsweep_shard0,LRT_MMUR,55,4526.38,46,0,1,1208.8,1734.1,525.3,2,2,56.9,0.0,80.4,77.7,310.3,56.9
2026-09-19 22:05:54,mfsweep_shard0,LRT_MMUR,55,4526.38,47,0,1,1235.0,1600.2,365.2,2,2,62.7,0.0,55.0,83.2,164.2,62.7
2026-09-19 22:05:54,mfsweep_shard0,LRT_MMUR,55,4526.38,48,0,1,1261.3,1501.1,239.8,2,2,74.5,0.0,54.8,110.5,0.0,74.5
2026-09-19 22:05:54,mfsweep_shard0,LRT_MMUR,55,4526.38,49,0,1,1287.6,2068.8,781.2,2,2,65.6,0.0,89.1,167.4,459.1,65.6
2026-09-19 22:05:54,mfsweep_shard0,LRT_MMUR,55,4526.38,50,0,1,1313.9,1528.5,214.6,2,2,65.8,0.0,7.4,135.3,6.1,65.8
2026-09-19 22:05:54,mfsweep_shard0,LRT_MMUR,55,4526.38,51,0,1,1340.2,4152.4,2812.2,2,2,60.5,0.0,313.8,183.8,2254.1,60.5
2026-09-19 22:05:54,mfsweep_shard0,LRT_MMUR,55,4526.38,52,0,1,1366.4,2116.9,750.5,2,2,62.4,0.1,145.7,116.3,426.0,62.4
2026-09-19 22:05:54,mfsweep_shard0,LRT_MMUR,55,4526.38,53,0,1,1392.7,1618.4,225.7,2,2,84.5,0.0,54.3,68.0,18.9,84.5
2026-09-19 22:05:54,mfsweep_shard0,LRT_MMUR,55,4526.38,54,0,1,1419.0,1688.2,269.2,2,2,74.9,0.0,64.4,99.5,30.4,74.9
2026-09-19 22:05:54,mfsweep_shard0,LRT_MMUR,55,4526.38,55,0,1,1445.3,1918.1,472.8,2,2,73.6,0.1,137.8,100.7,143.5,90.8
2026-09-19 22:05:54,mfsweep_shard0,LRT_MMUR,55,4526.38,56,0,1,1471.5,4241.0,2769.4,2,2,59.2,0.2,329.3,206.7,2174.0,59.2
2026-09-19 22:05:54,mfsweep_shard0,LRT_MMUR,55,4526.38,57,0,1,1497.8,1760.9,263.1,2,2,77.6,0.0,45.1,125.6,14.8,77.6
2026-09-19 22:05:54,mfsweep_shard0,LRT_MMUR,55,4526.38,58,0,1,1524.1,4284.5,2760.4,2,2,58.9,0.3,418.0,240.9,2042.3,58.9
2026-09-19 22:05:54,mfsweep_shard0,LRT_MMUR,55,4526.38,59,0,1,1550.4,1756.5,206.2,2,2,66.1,0.0,66.8,73.3,0.0,66.1
2026-09-19 22:05:54,mfsweep_shard0,LRT_MMUR,55,4526.38,60,0,1,1576.6,1801.8,225.2,2,2,86.2,0.0,26.9,75.0,37.0,86.2
2026-09-19 22:05:54,mfsweep_shard0,LRT_MMUR,55,4526.38,61,0,1,1602.9,1878.1,275.1,2,2,74.7,0.0,82.8,72.6,45.0,74.7
2026-09-19 22:05:54,mfsweep_shard0,LRT_MMUR,55,4526.38,62,0,1,1629.2,1987.2,358.0,2,2,71.9,0.0,43.4,65.8,176.8,71.9
2026-09-19 22:05:54,mfsweep_shard0,LRT_MMUR,55,4526.38,63,0,1,1655.5,2416.9,761.5,2,2,76.1,0.1,164.3,239.8,222.7,134.6
2026-09-19 22:05:54,mfsweep_shard0,LRT_MMUR,55,4526.38,64,0,1,1681.8,2354.2,672.4,2,2,81.4,0.1,187.5,226.4,134.7,123.7
2026-09-19 22:05:54,mfsweep_shard0,LRT_MMUR,55,4526.38,65,0,1,1708.0,2012.9,304.8,2,2,79.2,0.0,95.7,130.0,0.0,79.2
2026-09-19 22:05:54,mfsweep_shard0,LRT_MMUR,55,4526.38,66,0,1,1734.3,2187.2,452.9,2,2,61.1,0.0,145.1,91.0,155.7,61.1
2026-09-19 22:05:54,mfsweep_shard0,LRT_MMUR,55,4526.38,67,0,1,1760.6,4410.2,2649.6,2,2,54.6,0.4,390.3,258.2,1946.0,54.6
2026-09-19 22:05:54,mfsweep_shard0,LRT_MMUR,55,4526.38,68,0,1,1786.9,2073.3,286.5,2,2,64.0,0.0,81.2,88.9,52.3,64.0
2026-09-19 22:05:54,mfsweep_shard0,LRT_MMUR,55,4526.38,69,0,1,1813.1,2096.8,283.6,2,2,62.4,0.0,35.2,76.8,109.2,62.4
2026-09-19 22:05:54,mfsweep_shard0,LRT_MMUR,55,4526.38,70,0,1,1839.4,2205.9,366.5,2,2,60.5,0.0,45.4,118.6,142.0,60.5
2026-09-19 22:05:54,mfsweep_shard0,LRT_MMUR,55,4526.38,71,0,1,1865.7,2063.9,198.2,2,2,84.7,0.0,21.9,91.7,0.0,84.7
2026-09-19 22:05:54,mfsweep_shard0,LRT_MMUR,55,4526.38,72,0,1,1892.0,2152.2,260.2,2,2,82.5,0.0,41.3,95.1,41.4,82.5
2026-09-19 22:05:54,mfsweep_shard0,LRT_MMUR,55,4526.38,73,0,1,1918.3,2675.2,756.9,2,2,63.9,0.0,35.6,113.2,544.1,63.9
2026-09-19 22:05:54,mfsweep_shard0,LRT_MMUR,55,4526.38,74,0,1,1944.5,2192.1,247.6,2,2,75.2,0.0,34.6,100.8,37.0,75.2
2026-09-19 22:05:54,mfsweep_shard0,LRT_MMUR,55,4526.38,75,0,1,1970.8,2632.3,661.5,2,2,66.6,0.0,53.5,110.7,430.7,66.6
2026-09-19 22:05:54,mfsweep_shard0,LRT_MMUR,55,4526.38,76,0,1,1997.1,2290.8,293.7,2,2,83.7,0.0,30.2,147.1,32.6,83.7
2026-09-19 22:05:54,mfsweep_shard0,LRT_MMUR,55,4526.38,77,0,1,2023.4,2585.0,561.7,2,2,68.7,0.0,67.0,162.6,259.2,72.8
2026-09-19 22:05:54,mfsweep_shard0,LRT_MMUR,55,4526.38,78,0,1,2049.6,2738.0,688.4,2,2,62.3,0.0,93.3,76.4,456.4,62.3
2026-09-19 22:05:54,mfsweep_shard0,LRT_MMUR,55,4526.38,79,0,1,2075.9,4106.5,2030.6,2,2,61.7,0.3,275.4,193.3,1499.9,61.7
2026-09-19 22:05:54,mfsweep_shard0,LRT_MMUR,55,4526.38,80,0,1,2102.2,2537.0,434.8,2,2,72.1,0.0,108.6,105.7,148.4,72.1
2026-09-19 22:05:54,mfsweep_shard0,LRT_MMUR,55,4526.38,81,0,1,2128.5,4060.3,1931.8,2,2,62.2,0.4,365.0,221.6,1268.6,76.1
2026-09-19 22:05:54,mfsweep_shard0,LRT_MMUR,55,4526.38,82,0,1,2154.7,2470.2,315.5,2,2,72.8,0.0,64.3,81.1,97.2,72.8
2026-09-19 22:05:54,mfsweep_shard0,LRT_MMUR,55,4526.38,83,0,1,2181.0,2401.0,220.0,2,2,83.2,0.0,47.6,89.2,0.0,83.2
2026-09-19 22:05:54,mfsweep_shard0,LRT_MMUR,55,4526.38,84,0,1,2207.3,2556.3,349.0,2,2,66.7,0.0,30.7,79.3,172.3,66.7
2026-09-19 22:05:54,mfsweep_shard0,LRT_MMUR,55,4526.38,85,0,1,2233.6,2619.8,386.2,2,2,60.8,0.0,45.5,75.6,204.3,60.8
2026-09-19 22:05:54,mfsweep_shard0,LRT_MMUR,55,4526.38,86,0,1,2259.9,2464.6,204.8,2,2,86.5,0.0,37.5,79.0,1.8,86.5
2026-09-19 22:05:54,mfsweep_shard0,LRT_MMUR,55,4526.38,87,0,1,2286.1,2523.9,237.8,2,2,70.4,0.0,49.7,76.9,40.8,70.4
2026-09-19 22:05:54,mfsweep_shard0,LRT_MMUR,55,4526.38,88,0,1,2312.4,2691.8,379.4,2,2,56.5,0.0,71.9,75.5,175.5,56.5
2026-09-19 22:05:54,mfsweep_shard0,LRT_MMUR,55,4526.38,89,0,1,2338.7,2713.8,375.1,2,2,55.1,0.0,82.0,67.9,170.1,55.1
2026-09-19 22:05:54,mfsweep_shard0,LRT_MMUR,55,4526.38,90,0,1,2365.0,4370.2,2005.2,2,2,57.2,0.4,222.0,126.5,1599.2,57.2
2026-09-19 22:05:54,mfsweep_shard0,LRT_MMUR,55,4526.38,91,0,1,2391.2,2580.2,188.9,2,2,74.3,0.0,48.3,66.3,0.0,74.3
2026-09-19 22:05:54,mfsweep_shard0,LRT_MMUR,55,4526.38,92,0,1,2417.5,2696.3,278.8,2,2,79.7,0.0,78.1,70.2,50.8,79.7
2026-09-19 22:05:54,mfsweep_shard0,LRT_MMUR,55,4526.38,93,0,1,2443.8,2602.8,159.0,2,2,67.5,0.0,22.6,65.7,3.2,67.5
2026-09-19 22:05:54,mfsweep_shard0,LRT_MMUR,55,4526.38,94,0,1,2470.1,3288.2,818.1,2,2,55.6,0.2,109.1,159.6,493.6,55.6
2026-09-19 22:05:54,mfsweep_shard0,LRT_MMUR,55,4526.38,95,0,1,2496.4,3916.6,1420.3,2,2,66.1,0.5,266.7,128.8,918.6,105.6
2026-09-19 22:05:54,mfsweep_shard0,LRT_MMUR,55,4526.38,96,0,1,2522.6,2791.2,268.6,2,2,86.4,0.0,81.0,81.6,19.4,86.4
2026-09-19 22:05:54,mfsweep_shard0,LRT_MMUR,55,4526.38,97,0,1,2548.9,3069.9,521.0,2,2,71.0,0.0,43.6,83.4,322.9,71.0
2026-09-19 22:05:54,mfsweep_shard0,LRT_MMUR,55,4526.38,98,0,1,2575.2,2839.9,264.7,2,2,85.6,0.0,19.8,154.8,4.5,85.6
2026-09-19 22:05:54,mfsweep_shard0,LRT_MMUR,55,4526.38,99,0,1,2601.5,2879.0,277.6,2,2,82.0,0.0,26.1,107.5,61.9,82.0
2026-09-19 22:05:54,mfsweep_shard0,LRT_MMUR,55,4526.38,100,0,1,2627.7,4488.2,1860.5,2,2,53.9,0.5,360.2,216.8,1229.1,53.9
2026-09-19 22:05:54,mfsweep_shard0,LRT_MMUR,55,4526.38,101,0,1,2654.0,2963.4,309.4,2,2,77.3,0.0,64.5,85.8,81.7,77.3
2026-09-19 22:05:54,mfsweep_shard0,LRT_MMUR,55,4526.38,102,0,1,2680.3,3034.2,353.9,2,2,76.0,0.0,57.0,80.3,140.5,76.0
2026-09-19 22:05:54,mfsweep_shard0,LRT_MMUR,55,4526.38,103,0,1,2706.6,3009.3,302.7,2,2,71.3,0.0,97.9,91.8,41.7,71.3
2026-09-19 22:05:54,mfsweep_shard0,LRT_MMUR,55,4526.38,104,0,1,2732.9,2942.2,209.3,2,2,62.4,0.0,65.8,81.2,0.0,62.4
2026-09-19 22:05:54,mfsweep_shard0,LRT_MMUR,55,4526.38,105,0,1,2759.1,3038.9,279.8,2,2,74.7,0.0,55.3,98.1,51.7,74.7
2026-09-19 22:05:54,mfsweep_shard0,LRT_MMUR,55,4526.38,106,0,1,2785.4,3193.7,408.3,2,2,57.2,0.0,123.1,70.5,157.5,57.2
2026-09-19 22:05:54,mfsweep_shard0,LRT_MMUR,55,4526.38,107,0,1,2811.7,3095.8,284.2,2,2,67.9,0.0,49.8,73.6,92.8,67.9
2026-09-19 22:05:54,mfsweep_shard0,LRT_MMUR,55,4526.38,108,0,1,2838.0,3074.7,236.7,2,2,68.5,0.0,28.3,139.9,0.0,68.5
2026-09-19 22:05:54,mfsweep_shard0,LRT_MMUR,55,4526.38,109,0,1,2864.2,3171.7,307.5,2,2,85.0,0.0,79.7,130.8,12.0,85.0
2026-09-19 22:05:54,mfsweep_shard0,LRT_MMUR,55,4526.38,110,0,1,2890.5,3188.9,298.4,2,2,82.4,0.0,29.2,118.8,67.9,82.4
2026-09-19 22:05:54,mfsweep_shard0,LRT_MMUR,55,4526.38,111,0,1,2916.8,4012.7,1095.9,2,2,62.2,0.4,210.3,107.4,715.6,62.2
2026-09-19 22:05:54,mfsweep_shard0,LRT_MMUR,55,4526.38,112,0,1,2943.1,3384.8,441.7,2,2,70.1,0.2,108.2,70.9,146.4,116.0
2026-09-19 22:05:54,mfsweep_shard0,LRT_MMUR,55,4526.38,113,0,1,2969.3,4196.4,1227.1,2,2,59.4,0.5,200.8,129.7,836.6,59.4
2026-09-19 22:05:54,mfsweep_shard0,LRT_MMUR,55,4526.38,114,0,1,2995.6,3692.0,696.4,2,2,83.7,0.5,236.1,219.0,122.4,118.4
2026-09-19 22:05:54,mfsweep_shard0,LRT_MMUR,55,4526.38,115,0,1,3021.9,3872.6,850.7,2,2,82.3,0.5,344.0,153.5,270.3,82.3
2026-09-19 22:05:54,mfsweep_shard0,LRT_MMUR,55,4526.38,116,0,1,3048.2,3380.1,331.9,2,2,63.4,0.0,126.4,106.3,35.7,63.4
2026-09-19 22:05:54,mfsweep_shard0,LRT_MMUR,55,4526.38,117,0,1,3074.5,3417.5,343.1,2,2,74.6,0.0,106.1,136.9,25.4,74.6
2026-09-19 22:05:54,mfsweep_shard0,LRT_MMUR,55,4526.38,118,0,1,3100.7,3439.9,339.1,2,2,73.6,0.0,186.3,79.1,0.0,73.6
2026-09-19 22:05:54,mfsweep_shard0,LRT_MMUR,55,4526.38,119,0,1,3127.0,4328.4,1201.4,2,2,58.6,0.0,108.4,82.6,951.9,58.6
2026-09-19 22:05:54,mfsweep_shard0,LRT_MMUR,55,4526.38,120,0,1,3153.3,3583.7,430.5,2,2,78.7,0.0,209.5,91.6,50.6,78.7
2026-09-19 22:05:54,mfsweep_shard0,LRT_MMUR,55,4526.38,121,0,1,3179.6,3524.2,344.6,2,2,71.3,0.0,30.0,102.6,140.7,71.3
2026-09-19 22:05:54,mfsweep_shard0,LRT_MMUR,55,4526.38,122,0,1,3205.8,3529.1,323.2,2,2,79.2,0.0,133.5,101.8,8.7,79.2
2026-09-19 22:05:54,mfsweep_shard0,LRT_MMUR,55,4526.38,123,0,1,3232.1,3574.4,342.3,2,2,71.0,0.0,60.8,90.4,120.1,71.0
2026-09-19 22:05:54,mfsweep_shard0,LRT_MMUR,55,4526.38,124,0,1,3258.4,4526.4,1268.0,2,2,53.6,0.0,80.3,118.3,1015.8,53.6
2026-09-19 22:05:54,mfsweep_shard0,LRT_MMUR,55,4526.38,125,0,1,3284.7,3966.8,682.1,2,2,64.2,0.0,212.5,130.0,275.4,64.2
2026-09-19 22:05:54,mfsweep_shard0,LRT_MMUR,55,4526.38,126,0,1,3311.0,4448.9,1138.0,2,2,54.2,0.0,189.6,128.2,766.0,54.2
2026-09-19 22:05:54,mfsweep_shard0,LRT_MMUR,55,4526.38,127,0,1,3337.2,3737.6,400.4,2,2,84.2,0.0,192.0,109.7,14.4,84.2
2026-09-19 22:05:54,mfsweep_shard0,LRT_MMUR,55,4526.38,128,0,1,3363.5,3800.9,437.4,2,2,82.5,0.0,168.9,150.8,35.1,82.5
2026-09-19 22:05:54,mfsweep_shard0,LRT_MMUR,55,4526.38,129,0,1,3389.8,3746.8,357.1,2,2,81.0,0.0,192.6,83.5,0.0,81.0
2026-09-19 22:05:54,mfsweep_shard0,LRT_MMUR,55,4526.38,130,0,1,3416.1,3910.4,494.3,2,2,63.7,0.0,157.7,71.3,201.6,63.7
2026-09-19 22:05:54,mfsweep_shard0,LRT_MMUR,55,4526.38,131,0,1,3442.3,3949.7,507.4,2,2,55.5,0.0,159.1,99.2,186.9,62.2
2026-09-19 22:05:54,mfsweep_shard0,LRT_MMUR,55,4526.38,132,0,1,3468.6,3791.5,322.9,2,2,82.5,0.0,124.2,87.1,29.1,82.5
2026-09-19 22:05:54,mfsweep_shard0,LRT_MMUR,55,4526.38,133,0,1,3494.9,3865.4,370.5,2,2,84.8,0.0,110.2,98.0,77.5,84.8
2026-09-19 22:05:54,mfsweep_shard0,LRT_MMUR,55,4526.38,134,0,1,3521.2,3756.3,235.2,2,2,56.4,0.0,89.1,69.2,20.5,56.4
2026-09-19 22:05:54,mfsweep_shard0,LRT_MMUR,55,4526.38,135,0,1,3547.5,3805.6,258.1,2,2,69.6,0.0,73.7,92.9,22.0,69.6
2026-09-19 22:05:54,mfsweep_shard0,LRT_MMUR,55,4526.38,136,0,1,3573.7,3847.3,273.6,2,2,55.8,0.0,63.4,113.4,40.9,55.8
2026-09-19 22:09:32,mfsweep_shard0,LRT_MMUR,56,4315.98,0,0,1,0.0,210.8,210.8,2,2,74.6,0.0,61.3,74.9,0.0,74.6
2026-09-19 22:09:32,mfsweep_shard0,LRT_MMUR,56,4315.98,1,0,1,26.3,251.5,225.2,2,2,54.4,0.0,68.1,79.1,23.7,54.4
2026-09-19 22:09:32,mfsweep_shard0,LRT_MMUR,56,4315.98,2,0,1,52.6,260.3,207.8,2,2,62.6,0.0,72.7,72.4,0.0,62.6
2026-09-19 22:09:32,mfsweep_shard0,LRT_MMUR,56,4315.98,3,0,1,78.8,301.2,222.3,2,2,60.9,0.0,55.7,81.5,24.1,60.9
2026-09-19 22:09:32,mfsweep_shard0,LRT_MMUR,56,4315.98,4,0,1,105.1,536.2,431.1,2,2,77.8,0.0,105.5,139.0,83.2,103.4
2026-09-19 22:09:32,mfsweep_shard0,LRT_MMUR,56,4315.98,5,0,1,131.4,451.0,319.6,2,2,75.9,0.0,66.9,131.1,16.2,105.3
2026-09-19 22:09:32,mfsweep_shard0,LRT_MMUR,56,4315.98,6,0,1,157.7,393.5,235.9,2,2,83.0,0.0,52.1,100.8,0.0,83.0
2026-09-19 22:09:32,mfsweep_shard0,LRT_MMUR,56,4315.98,7,0,1,183.9,419.4,235.4,2,2,56.4,0.1,88.4,90.5,0.0,56.4
2026-09-19 22:09:32,mfsweep_shard0,LRT_MMUR,56,4315.98,8,0,1,210.2,472.7,262.5,2,2,67.5,0.0,79.4,64.9,50.7,67.5
2026-09-19 22:09:32,mfsweep_shard0,LRT_MMUR,56,4315.98,9,0,1,236.5,723.1,486.6,2,2,54.5,0.0,71.8,69.5,290.8,54.5
2026-09-19 22:09:32,mfsweep_shard0,LRT_MMUR,56,4315.98,10,0,1,262.8,632.8,370.0,2,2,60.8,0.0,44.2,78.8,186.2,60.8
2026-09-19 22:09:32,mfsweep_shard0,LRT_MMUR,56,4315.98,11,0,1,289.1,568.7,279.7,2,2,70.2,0.0,29.0,72.0,108.4,70.2
2026-09-19 22:09:32,mfsweep_shard0,LRT_MMUR,56,4315.98,12,0,1,315.3,737.3,421.9,2,2,54.4,0.0,23.4,84.5,259.6,54.4
2026-09-19 22:09:32,mfsweep_shard0,LRT_MMUR,56,4315.98,13,0,1,341.6,684.3,342.7,2,2,60.1,0.0,57.0,86.0,139.5,60.1
2026-09-19 22:09:32,mfsweep_shard0,LRT_MMUR,56,4315.98,14,0,1,367.9,603.7,235.8,2,2,75.0,0.0,38.9,116.6,5.2,75.0
2026-09-19 22:09:32,mfsweep_shard0,LRT_MMUR,56,4315.98,15,0,1,394.2,660.9,266.8,2,2,71.5,0.0,32.0,146.2,17.0,71.5
2026-09-19 22:09:32,mfsweep_shard0,LRT_MMUR,56,4315.98,16,0,1,420.4,890.4,469.9,2,2,60.8,0.0,54.9,73.1,281.1,60.8
2026-09-19 22:09:32,mfsweep_shard0,LRT_MMUR,56,4315.98,17,0,1,446.7,867.7,421.0,2,2,73.0,0.0,82.1,79.3,186.5,73.0
2026-09-19 22:09:32,mfsweep_shard0,LRT_MMUR,56,4315.98,18,0,1,473.0,731.7,258.7,2,2,80.3,0.0,78.0,65.0,35.4,80.3
2026-09-19 22:09:32,mfsweep_shard0,LRT_MMUR,56,4315.98,19,0,1,499.3,943.3,444.0,2,2,53.8,0.0,78.8,77.7,233.7,53.8
2026-09-19 22:09:32,mfsweep_shard0,LRT_MMUR,56,4315.98,20,0,1,525.6,772.9,247.4,2,2,80.1,0.0,21.3,68.3,77.6,80.1
2026-09-19 22:09:32,mfsweep_shard0,LRT_MMUR,56,4315.98,21,0,1,551.8,820.0,268.2,2,2,76.6,0.0,72.0,87.8,31.8,76.6
2026-09-19 22:09:32,mfsweep_shard0,LRT_MMUR,56,4315.98,22,0,1,578.1,763.8,185.7,2,2,64.8,0.0,53.1,67.7,0.0,64.8
2026-09-19 22:09:32,mfsweep_shard0,LRT_MMUR,56,4315.98,23,0,1,604.4,854.1,249.8,2,2,58.7,0.0,25.8,147.7,17.6,58.7
2026-09-19 22:09:32,mfsweep_shard0,LRT_MMUR,56,4315.98,24,0,1,630.7,905.3,274.7,2,2,85.1,0.0,47.1,117.3,25.1,85.1
2026-09-19 22:09:32,mfsweep_shard0,LRT_MMUR,56,4315.98,25,0,1,656.9,1102.3,445.3,2,2,64.7,0.0,55.2,118.6,206.9,64.7
2026-09-19 22:09:32,mfsweep_shard0,LRT_MMUR,56,4315.98,26,0,1,683.2,1590.6,907.4,2,2,56.6,0.0,53.5,72.2,725.1,56.6
2026-09-19 22:09:32,mfsweep_shard0,LRT_MMUR,56,4315.98,27,0,1,709.5,1571.8,862.3,2,2,56.7,0.0,72.0,80.8,614.3,95.2
2026-09-19 22:09:32,mfsweep_shard0,LRT_MMUR,56,4315.98,28,0,1,735.8,1059.7,323.9,2,2,81.5,0.0,85.9,107.6,48.9,81.5
2026-09-19 22:09:32,mfsweep_shard0,LRT_MMUR,56,4315.98,29,0,1,762.0,994.9,232.9,2,2,73.5,0.0,54.6,98.2,6.6,73.5
2026-09-19 22:09:32,mfsweep_shard0,LRT_MMUR,56,4315.98,30,0,1,788.3,1037.3,248.9,2,2,80.2,0.0,88.1,80.7,0.0,80.2
2026-09-19 22:09:32,mfsweep_shard0,LRT_MMUR,56,4315.98,31,0,1,814.6,1152.5,337.9,2,2,77.6,0.0,88.0,65.3,106.9,77.6
2026-09-19 22:09:32,mfsweep_shard0,LRT_MMUR,56,4315.98,32,0,1,840.9,1250.1,409.2,2,2,71.2,0.0,34.8,73.4,229.7,71.2
2026-09-19 22:09:32,mfsweep_shard0,LRT_MMUR,56,4315.98,33,0,1,867.2,1087.7,220.5,2,2,85.7,0.0,53.1,78.8,3.0,85.7
2026-09-19 22:09:32,mfsweep_shard0,LRT_MMUR,56,4315.98,34,0,1,893.4,1316.5,423.1,2,2,66.0,0.0,50.0,86.8,220.2,66.0
2026-09-19 22:09:32,mfsweep_shard0,LRT_MMUR,56,4315.98,35,0,1,919.7,1218.5,298.8,2,2,71.8,0.0,61.4,85.5,80.0,71.8
2026-09-19 22:09:32,mfsweep_shard0,LRT_MMUR,56,4315.98,36,0,1,946.0,1311.8,365.8,2,2,80.9,0.0,58.4,118.4,108.0,80.9
2026-09-19 22:09:32,mfsweep_shard0,LRT_MMUR,56,4315.98,37,0,1,972.3,1160.3,188.1,2,2,74.0,0.0,43.1,71.0,0.0,74.0
2026-09-19 22:09:32,mfsweep_shard0,LRT_MMUR,56,4315.98,38,0,1,998.5,1264.1,265.6,2,2,82.0,0.0,68.7,81.4,33.5,82.0
2026-09-19 22:09:32,mfsweep_shard0,LRT_MMUR,56,4315.98,39,0,1,1024.8,1473.8,449.0,2,2,72.6,0.0,51.1,94.4,230.8,72.6
2026-09-19 22:09:32,mfsweep_shard0,LRT_MMUR,56,4315.98,40,0,1,1051.1,1357.6,306.5,2,2,76.8,0.0,23.2,73.1,133.4,76.8
2026-09-19 22:09:32,mfsweep_shard0,LRT_MMUR,56,4315.98,41,0,1,1077.4,1651.9,574.5,2,2,55.1,0.0,58.9,83.2,377.3,55.1
2026-09-19 22:09:32,mfsweep_shard0,LRT_MMUR,56,4315.98,42,0,1,1103.7,1518.7,415.0,2,2,61.1,0.0,52.4,98.5,203.0,61.1
2026-09-19 22:09:32,mfsweep_shard0,LRT_MMUR,56,4315.98,43,0,1,1129.9,1495.1,365.1,2,2,63.1,0.0,48.1,83.7,170.2,63.1
2026-09-19 22:09:32,mfsweep_shard0,LRT_MMUR,56,4315.98,44,0,1,1156.2,1366.7,210.5,2,2,56.2,0.0,80.8,73.5,0.0,56.2
2026-09-19 22:09:32,mfsweep_shard0,LRT_MMUR,56,4315.98,45,0,1,1182.5,1425.0,242.5,2,2,61.2,0.0,61.9,117.0,2.4,61.2
2026-09-19 22:09:32,mfsweep_shard0,LRT_MMUR,56,4315.98,46,0,1,1208.8,1462.9,254.2,2,2,56.9,0.0,40.7,156.5,0.0,56.9
2026-09-19 22:09:32,mfsweep_shard0,LRT_MMUR,56,4315.98,47,0,1,1235.0,3273.3,2038.2,2,2,62.7,0.0,206.1,335.0,1434.4,62.7
2026-09-19 22:09:32,mfsweep_shard0,LRT_MMUR,56,4315.98,48,0,1,1261.3,1551.2,289.8,2,2,74.5,0.0,37.3,130.0,48.0,74.5
2026-09-19 22:09:32,mfsweep_shard0,LRT_MMUR,56,4315.98,49,0,1,1287.6,1642.4,354.8,2,2,65.6,0.0,60.8,142.2,86.2,65.6
2026-09-19 22:09:32,mfsweep_shard0,LRT_MMUR,56,4315.98,50,0,1,1313.9,1513.8,200.0,2,2,65.8,0.0,47.0,75.8,11.4,65.8
2026-09-19 22:09:32,mfsweep_shard0,LRT_MMUR,56,4315.98,51,0,1,1340.2,2339.1,998.9,2,2,60.5,0.1,129.2,192.1,617.1,60.5
2026-09-19 22:09:32,mfsweep_shard0,LRT_MMUR,56,4315.98,52,0,1,1366.4,1523.7,157.3,2,2,62.4,0.0,28.0,66.9,0.0,62.4
2026-09-19 22:09:32,mfsweep_shard0,LRT_MMUR,56,4315.98,53,0,1,1392.7,1984.0,591.3,2,2,84.5,0.1,122.0,162.0,122.5,184.8
2026-09-19 22:09:32,mfsweep_shard0,LRT_MMUR,56,4315.98,54,0,1,1419.0,2150.2,731.2,2,2,74.9,0.1,101.9,158.6,395.7,74.9
2026-09-19 22:09:32,mfsweep_shard0,LRT_MMUR,56,4315.98,55,0,1,1445.3,1702.1,256.8,2,2,73.6,0.0,84.2,90.1,8.9,73.6
2026-09-19 22:09:32,mfsweep_shard0,LRT_MMUR,56,4315.98,56,0,1,1471.5,1669.2,197.7,2,2,59.2,0.0,27.6,74.4,36.5,59.2
2026-09-19 22:09:32,mfsweep_shard0,LRT_MMUR,56,4315.98,57,0,1,1497.8,1747.8,250.0,2,2,77.6,0.1,69.6,80.2,22.5,77.6
2026-09-19 22:09:32,mfsweep_shard0,LRT_MMUR,56,4315.98,58,0,1,1524.1,3455.9,1931.8,2,2,58.9,0.2,230.4,231.1,1411.1,58.9
2026-09-19 22:09:32,mfsweep_shard0,LRT_MMUR,56,4315.98,59,0,1,1550.4,3190.9,1640.5,2,2,66.1,0.2,246.2,269.8,994.6,129.7
2026-09-19 22:09:32,mfsweep_shard0,LRT_MMUR,56,4315.98,60,0,1,1576.6,1820.1,243.5,2,2,86.2,0.0,85.4,71.8,0.0,86.2
2026-09-19 22:09:32,mfsweep_shard0,LRT_MMUR,56,4315.98,61,0,1,1602.9,1828.9,226.0,2,2,74.7,0.0,19.3,92.9,39.1,74.7
2026-09-19 22:09:32,mfsweep_shard0,LRT_MMUR,56,4315.98,62,0,1,1629.2,2222.0,592.8,2,2,71.9,0.0,52.5,86.9,381.4,71.9
2026-09-19 22:09:32,mfsweep_shard0,LRT_MMUR,56,4315.98,63,0,1,1655.5,2087.5,432.0,2,2,76.1,0.0,43.0,69.0,243.9,76.1
2026-09-19 22:09:32,mfsweep_shard0,LRT_MMUR,56,4315.98,64,0,1,1681.8,1894.6,212.8,2,2,81.4,0.0,49.7,79.6,2.2,81.4
2026-09-19 22:09:32,mfsweep_shard0,LRT_MMUR,56,4315.98,65,0,1,1708.0,2054.6,346.6,2,2,79.2,0.0,63.2,91.8,112.4,79.2
2026-09-19 22:09:32,mfsweep_shard0,LRT_MMUR,56,4315.98,66,0,1,1734.3,3313.7,1579.3,2,2,61.1,0.2,249.0,188.6,1080.4,61.1
2026-09-19 22:09:32,mfsweep_shard0,LRT_MMUR,56,4315.98,67,0,1,1760.6,3616.1,1855.5,2,2,54.6,0.3,257.4,223.0,1320.2,54.6
2026-09-19 22:09:32,mfsweep_shard0,LRT_MMUR,56,4315.98,68,0,1,1786.9,3259.0,1472.1,2,2,64.0,0.4,293.2,233.6,881.0,64.0
2026-09-19 22:09:32,mfsweep_shard0,LRT_MMUR,56,4315.98,69,0,1,1813.1,2551.5,738.4,2,2,62.4,0.3,160.6,193.5,321.6,62.4
2026-09-19 22:09:32,mfsweep_shard0,LRT_MMUR,56,4315.98,70,0,1,1839.4,3422.3,1582.9,2,2,60.5,0.5,279.3,226.1,1016.6,60.5
2026-09-19 22:09:32,mfsweep_shard0,LRT_MMUR,56,4315.98,71,0,1,1865.7,2105.5,239.8,2,2,84.7,0.0,75.0,80.1,0.0,84.7
2026-09-19 22:09:32,mfsweep_shard0,LRT_MMUR,56,4315.98,72,0,1,1892.0,2158.0,266.1,2,2,82.5,0.0,66.6,65.8,51.2,82.5
2026-09-19 22:09:32,mfsweep_shard0,LRT_MMUR,56,4315.98,73,0,1,1918.3,2513.6,595.3,2,2,63.9,0.0,117.8,136.8,276.8,63.9
2026-09-19 22:09:32,mfsweep_shard0,LRT_MMUR,56,4315.98,74,0,1,1944.5,2208.0,263.5,2,2,75.2,0.0,75.9,65.9,46.4,75.2
2026-09-19 22:09:32,mfsweep_shard0,LRT_MMUR,56,4315.98,75,0,1,1970.8,2126.4,155.6,2,2,66.6,0.0,16.6,72.4,0.0,66.6
2026-09-19 22:09:32,mfsweep_shard0,LRT_MMUR,56,4315.98,76,0,1,1997.1,2343.7,346.6,2,2,83.7,0.0,139.4,76.1,47.4,83.7
2026-09-19 22:09:32,mfsweep_shard0,LRT_MMUR,56,4315.98,77,0,1,2023.4,2404.9,381.5,2,2,68.7,0.0,54.4,71.1,187.3,68.7
2026-09-19 22:09:32,mfsweep_shard0,LRT_MMUR,56,4315.98,78,0,1,2049.6,2539.2,489.6,2,2,62.3,0.0,116.1,79.5,231.7,62.3
2026-09-19 22:09:32,mfsweep_shard0,LRT_MMUR,56,4315.98,79,0,1,2075.9,2645.7,569.8,2,2,61.7,0.0,140.8,93.8,273.5,61.7
2026-09-19 22:09:32,mfsweep_shard0,LRT_MMUR,56,4315.98,80,0,1,2102.2,2353.4,251.2,2,2,72.1,0.0,72.8,74.0,32.2,72.1
2026-09-19 22:09:32,mfsweep_shard0,LRT_MMUR,56,4315.98,81,0,1,2128.5,2671.4,542.9,2,2,62.2,0.0,144.8,83.7,236.5,77.9
2026-09-19 22:09:32,mfsweep_shard0,LRT_MMUR,56,4315.98,82,0,1,2154.7,2455.7,301.0,2,2,72.8,0.0,68.2,141.8,18.1,72.8
2026-09-19 22:09:32,mfsweep_shard0,LRT_MMUR,56,4315.98,83,0,1,2181.0,2492.2,311.2,2,2,83.2,0.0,94.9,133.1,0.0,83.2
2026-09-19 22:09:32,mfsweep_shard0,LRT_MMUR,56,4315.98,84,0,1,2207.3,2640.5,433.2,2,2,66.7,0.2,275.8,77.2,13.3,66.7
2026-09-19 22:09:32,mfsweep_shard0,LRT_MMUR,56,4315.98,85,0,1,2233.6,3384.8,1151.2,2,2,60.8,0.2,337.0,134.8,618.5,60.8
2026-09-19 22:09:32,mfsweep_shard0,LRT_MMUR,56,4315.98,86,0,1,2259.9,2945.0,685.1,2,2,86.5,0.2,316.5,153.0,86.0,129.6
2026-09-19 22:09:32,mfsweep_shard0,LRT_MMUR,56,4315.98,87,0,1,2286.1,3127.7,841.6,2,2,70.4,0.2,313.1,138.3,319.7,70.4
2026-09-19 22:09:32,mfsweep_shard0,LRT_MMUR,56,4315.98,88,0,1,2312.4,3495.9,1183.5,2,2,56.5,0.2,339.0,125.5,662.2,56.5
2026-09-19 22:09:32,mfsweep_shard0,LRT_MMUR,56,4315.98,89,0,1,2338.7,3602.7,1264.0,2,2,55.1,0.2,319.5,132.3,756.9,55.1
2026-09-19 22:09:32,mfsweep_shard0,LRT_MMUR,56,4315.98,90,0,1,2365.0,2750.8,385.8,2,2,57.2,0.0,214.1,86.9,27.7,57.2
2026-09-19 22:09:32,mfsweep_shard0,LRT_MMUR,56,4315.98,91,0,1,2391.2,2865.9,474.7,2,2,74.3,0.0,242.3,71.8,86.3,74.3
2026-09-19 22:09:32,mfsweep_shard0,LRT_MMUR,56,4315.98,92,0,1,2417.5,2829.9,412.3,2,2,79.7,0.0,163.7,120.7,48.3,79.7
2026-09-19 22:09:32,mfsweep_shard0,LRT_MMUR,56,4315.98,93,0,1,2443.8,2746.0,302.2,2,2,67.5,0.0,129.6,84.0,21.1,67.5
2026-09-19 22:09:32,mfsweep_shard0,LRT_MMUR,56,4315.98,94,0,1,2470.1,3536.0,1065.9,2,2,55.6,0.0,119.1,99.1,792.1,55.6
2026-09-19 22:09:32,mfsweep_shard0,LRT_MMUR,56,4315.98,95,0,1,2496.4,2875.2,378.8,2,2,66.1,0.0,196.9,105.5,10.3,66.1
2026-09-19 22:09:32,mfsweep_shard0,LRT_MMUR,56,4315.98,96,0,1,2522.6,3000.8,478.2,2,2,86.4,0.0,171.9,113.9,105.9,86.4
2026-09-19 22:09:32,mfsweep_shard0,LRT_MMUR,56,4315.98,97,0,1,2548.9,3076.0,527.1,2,2,71.0,0.0,60.7,98.3,297.1,71.0
2026-09-19 22:09:32,mfsweep_shard0,LRT_MMUR,56,4315.98,98,0,1,2575.2,2933.6,358.4,2,2,85.6,0.0,151.6,87.0,34.1,85.6
2026-09-19 22:09:32,mfsweep_shard0,LRT_MMUR,56,4315.98,99,0,1,2601.5,3027.7,426.2,2,2,82.0,0.0,202.7,121.8,19.8,82.0
2026-09-19 22:09:32,mfsweep_shard0,LRT_MMUR,56,4315.98,100,0,1,2627.7,4277.8,1650.1,2,2,53.9,0.0,234.7,121.5,1239.9,53.9
2026-09-19 22:09:32,mfsweep_shard0,LRT_MMUR,56,4315.98,101,0,1,2654.0,3023.0,369.0,2,2,77.3,0.0,168.9,94.0,28.7,77.3
2026-09-19 22:09:32,mfsweep_shard0,LRT_MMUR,56,4315.98,102,0,1,2680.3,3066.9,386.6,2,2,76.0,0.0,132.0,96.2,82.3,76.0
2026-09-19 22:09:32,mfsweep_shard0,LRT_MMUR,56,4315.98,103,0,1,2706.6,3225.2,518.6,2,2,71.3,0.0,86.8,97.5,263.1,71.3
2026-09-19 22:09:32,mfsweep_shard0,LRT_MMUR,56,4315.98,104,0,1,2732.9,3474.3,741.4,2,2,62.4,0.0,107.8,103.6,467.6,62.4
2026-09-19 22:09:32,mfsweep_shard0,LRT_MMUR,56,4315.98,105,0,1,2759.1,2989.1,230.0,2,2,74.7,0.0,61.7,93.6,0.0,74.7
2026-09-19 22:09:32,mfsweep_shard0,LRT_MMUR,56,4315.98,106,0,1,2785.4,4065.4,1280.0,2,2,57.2,0.1,61.0,144.3,1017.4,57.2
2026-09-19 22:09:32,mfsweep_shard0,LRT_MMUR,56,4315.98,107,0,1,2811.7,3402.3,590.6,2,2,67.9,0.0,45.4,89.2,388.0,67.9
2026-09-19 22:09:32,mfsweep_shard0,LRT_MMUR,56,4315.98,108,0,1,2838.0,3346.8,508.8,2,2,68.5,0.0,25.5,107.1,307.7,68.5
2026-09-19 22:09:32,mfsweep_shard0,LRT_MMUR,56,4315.98,109,0,1,2864.2,3138.9,274.6,2,2,85.0,0.0,65.7,80.8,43.1,85.0
2026-09-19 22:09:32,mfsweep_shard0,LRT_MMUR,56,4315.98,110,0,1,2890.5,3185.9,295.3,2,2,82.4,0.0,47.4,71.6,93.9,82.4
2026-09-19 22:09:32,mfsweep_shard0,LRT_MMUR,56,4315.98,111,0,1,2916.8,3510.5,593.7,2,2,62.2,0.0,47.3,80.4,403.7,62.2
2026-09-19 22:09:32,mfsweep_shard0,LRT_MMUR,56,4315.98,112,0,1,2943.1,3308.2,365.2,2,2,70.1,0.0,42.2,80.2,172.7,70.1
2026-09-19 22:09:32,mfsweep_shard0,LRT_MMUR,56,4315.98,113,0,1,2969.3,3220.5,251.2,2,2,59.4,0.0,47.9,143.8,0.0,59.4
2026-09-19 22:09:32,mfsweep_shard0,LRT_MMUR,56,4315.98,114,0,1,2995.6,3277.9,282.3,2,2,83.7,0.0,46.8,125.3,26.5,83.7
2026-09-19 22:09:32,mfsweep_shard0,LRT_MMUR,56,4315.98,115,0,1,3021.9,3332.0,310.1,2,2,82.3,0.0,48.0,111.0,68.7,82.3
2026-09-19 22:09:32,mfsweep_shard0,LRT_MMUR,56,4315.98,116,0,1,3048.2,4114.1,1065.9,2,2,63.4,0.1,140.4,142.0,686.6,96.9
2026-09-19 22:09:32,mfsweep_shard0,LRT_MMUR,56,4315.98,117,0,1,3074.5,3635.9,561.5,2,2,74.6,0.0,113.0,113.0,260.8,74.6
2026-09-19 22:09:32,mfsweep_shard0,LRT_MMUR,56,4315.98,118,0,1,3100.7,3750.7,650.0,2,2,73.6,0.1,93.2,99.2,383.9,73.6
2026-09-19 22:09:32,mfsweep_shard0,LRT_MMUR,56,4315.98,119,0,1,3127.0,4157.3,1030.3,2,2,58.6,0.1,177.1,153.2,641.2,58.6
2026-09-19 22:09:32,mfsweep_shard0,LRT_MMUR,56,4315.98,120,0,1,3153.3,3427.1,273.8,2,2,78.7,0.0,53.4,110.4,31.3,78.7
2026-09-19 22:09:32,mfsweep_shard0,LRT_MMUR,56,4315.98,121,0,1,3179.6,3803.2,623.7,2,2,71.3,0.1,161.9,125.1,265.2,71.3
2026-09-19 22:09:32,mfsweep_shard0,LRT_MMUR,56,4315.98,122,0,1,3205.8,3686.5,480.7,2,2,79.2,0.1,152.6,143.5,60.2,124.2
2026-09-19 22:09:32,mfsweep_shard0,LRT_MMUR,56,4315.98,123,0,1,3232.1,3859.7,627.5,2,2,71.0,0.2,166.4,157.0,233.0,71.0
2026-09-19 22:09:32,mfsweep_shard0,LRT_MMUR,56,4315.98,124,0,1,3258.4,4316.0,1057.6,2,2,53.6,0.1,74.3,205.5,724.1,53.6
2026-09-19 22:09:32,mfsweep_shard0,LRT_MMUR,56,4315.98,125,0,1,3284.7,3909.4,624.7,2,2,64.2,0.2,173.1,93.7,293.5,64.2
2026-09-19 22:09:32,mfsweep_shard0,LRT_MMUR,56,4315.98,126,0,1,3311.0,3640.5,329.5,2,2,54.2,0.0,47.4,83.5,144.5,54.2
2026-09-19 22:09:32,mfsweep_shard0,LRT_MMUR,56,4315.98,127,0,1,3337.2,3557.0,219.7,2,2,84.2,0.0,17.3,84.9,33.3,84.2
2026-09-19 22:09:32,mfsweep_shard0,LRT_MMUR,56,4315.98,128,0,1,3363.5,3681.8,318.3,2,2,82.5,0.0,145.7,90.1,0.0,82.5
2026-09-19 22:09:32,mfsweep_shard0,LRT_MMUR,56,4315.98,129,0,1,3389.8,3741.3,351.5,2,2,81.0,0.0,191.3,70.6,8.6,81.0
2026-09-19 22:09:32,mfsweep_shard0,LRT_MMUR,56,4315.98,130,0,1,3416.1,3993.9,577.8,2,2,63.7,0.0,147.0,76.6,290.5,63.7
2026-09-19 22:09:32,mfsweep_shard0,LRT_MMUR,56,4315.98,131,0,1,3442.3,4238.5,796.2,2,2,55.5,0.0,141.9,72.4,526.4,55.5
2026-09-19 22:09:32,mfsweep_shard0,LRT_MMUR,56,4315.98,132,0,1,3468.6,3878.6,409.9,2,2,82.5,0.0,109.3,76.6,141.5,82.5
2026-09-19 22:09:32,mfsweep_shard0,LRT_MMUR,56,4315.98,133,0,1,3494.9,3815.6,320.7,2,2,84.8,0.0,128.9,82.6,24.4,84.8
2026-09-19 22:09:32,mfsweep_shard0,LRT_MMUR,56,4315.98,134,0,1,3521.2,4025.6,504.4,2,2,56.4,0.0,57.6,82.0,308.4,56.4
2026-09-19 22:09:32,mfsweep_shard0,LRT_MMUR,56,4315.98,135,0,1,3547.5,3937.1,389.7,2,2,69.6,0.0,41.4,113.9,164.8,69.6
2026-09-19 22:09:32,mfsweep_shard0,LRT_MMUR,56,4315.98,136,0,1,3573.7,4198.5,624.8,2,2,55.8,0.0,55.2,102.7,411.0,55.8
2026-09-19 22:13:18,mfsweep_shard0,LRT_MMUR,57,4430.58,0,0,1,0.0,292.7,292.7,2,2,74.6,0.0,76.8,105.2,3.9,106.7
2026-09-19 22:13:18,mfsweep_shard0,LRT_MMUR,57,4430.58,1,0,1,26.3,939.5,913.2,2,2,54.4,0.0,164.2,176.9,517.6,54.4
2026-09-19 22:13:18,mfsweep_shard0,LRT_MMUR,57,4430.58,2,0,1,52.6,262.2,209.6,2,2,62.6,0.0,73.6,73.4,0.0,62.6
2026-09-19 22:13:18,mfsweep_shard0,LRT_MMUR,57,4430.58,3,0,1,78.8,709.5,630.7,2,2,60.9,0.1,132.2,157.6,222.9,117.9
2026-09-19 22:13:18,mfsweep_shard0,LRT_MMUR,57,4430.58,4,0,1,105.1,330.8,225.6,2,2,77.8,0.0,31.5,116.3,0.0,77.8
2026-09-19 22:13:18,mfsweep_shard0,LRT_MMUR,57,4430.58,5,0,1,131.4,384.1,252.7,2,2,75.9,0.0,17.3,120.0,39.5,75.9
2026-09-19 22:13:18,mfsweep_shard0,LRT_MMUR,57,4430.58,6,0,1,157.7,407.9,250.2,2,2,83.0,0.0,23.1,144.0,0.0,83.0
2026-09-19 22:13:18,mfsweep_shard0,LRT_MMUR,57,4430.58,7,0,1,183.9,775.9,592.0,2,2,56.4,0.1,137.9,194.6,188.5,70.9
2026-09-19 22:13:18,mfsweep_shard0,LRT_MMUR,57,4430.58,8,0,1,210.2,499.7,289.5,2,2,67.5,0.0,80.5,78.7,62.8,67.5
2026-09-19 22:13:18,mfsweep_shard0,LRT_MMUR,57,4430.58,9,0,1,236.5,826.7,590.2,2,2,54.5,0.1,124.1,122.0,289.4,54.5
2026-09-19 22:13:18,mfsweep_shard0,LRT_MMUR,57,4430.58,10,0,1,262.8,741.5,478.8,2,2,60.8,0.1,115.8,117.1,185.0,60.8
2026-09-19 22:13:18,mfsweep_shard0,LRT_MMUR,57,4430.58,11,0,1,289.1,606.6,317.6,2,2,70.2,0.0,47.8,192.2,0.0,77.5
2026-09-19 22:13:18,mfsweep_shard0,LRT_MMUR,57,4430.58,12,0,1,315.3,850.6,535.3,2,2,54.4,0.1,78.1,151.0,251.7,54.4
2026-09-19 22:13:18,mfsweep_shard0,LRT_MMUR,57,4430.58,13,0,1,341.6,549.9,208.3,2,2,60.1,0.0,60.3,87.9,0.0,60.1
2026-09-19 22:13:18,mfsweep_shard0,LRT_MMUR,57,4430.58,14,0,1,367.9,582.4,214.5,2,2,75.0,0.0,18.9,84.5,36.1,75.0
2026-09-19 22:13:18,mfsweep_shard0,LRT_MMUR,57,4430.58,15,0,1,394.2,648.2,254.0,2,2,71.5,0.0,30.3,74.7,77.4,71.5
2026-09-19 22:13:18,mfsweep_shard0,LRT_MMUR,57,4430.58,16,0,1,420.4,657.9,237.5,2,2,60.8,0.0,85.6,91.0,0.0,60.8
2026-09-19 22:13:18,mfsweep_shard0,LRT_MMUR,57,4430.58,17,0,1,446.7,662.7,216.0,2,2,73.0,0.0,58.0,84.9,0.0,73.0
2026-09-19 22:13:18,mfsweep_shard0,LRT_MMUR,57,4430.58,18,0,1,473.0,793.1,320.1,2,2,80.3,0.0,77.8,116.0,40.4,85.8
2026-09-19 22:13:18,mfsweep_shard0,LRT_MMUR,57,4430.58,19,0,1,499.3,2534.9,2035.6,2,2,53.8,0.0,171.4,185.1,1625.4,53.8
2026-09-19 22:13:18,mfsweep_shard0,LRT_MMUR,57,4430.58,20,0,1,525.6,768.1,242.6,2,2,80.1,0.0,51.3,89.7,21.4,80.1
2026-09-19 22:13:18,mfsweep_shard0,LRT_MMUR,57,4430.58,21,0,1,551.8,944.0,392.2,2,2,76.6,0.1,67.2,84.9,163.4,76.6
2026-09-19 22:13:18,mfsweep_shard0,LRT_MMUR,57,4430.58,22,0,1,578.1,970.1,392.0,2,2,64.8,0.0,39.2,79.7,208.2,64.8
2026-09-19 22:13:18,mfsweep_shard0,LRT_MMUR,57,4430.58,23,0,1,604.4,2358.6,1754.2,2,2,58.7,0.1,94.8,151.1,1449.5,58.7
2026-09-19 22:13:18,mfsweep_shard0,LRT_MMUR,57,4430.58,24,0,1,630.7,868.3,237.7,2,2,85.1,0.0,22.1,85.4,44.9,85.1
2026-09-19 22:13:18,mfsweep_shard0,LRT_MMUR,57,4430.58,25,0,1,656.9,1763.2,1106.3,2,2,64.7,0.1,98.8,105.0,837.8,64.7
2026-09-19 22:13:18,mfsweep_shard0,LRT_MMUR,57,4430.58,26,0,1,683.2,2483.4,1800.1,2,2,56.6,0.1,191.5,130.2,1421.7,56.6
2026-09-19 22:13:18,mfsweep_shard0,LRT_MMUR,57,4430.58,27,0,1,709.5,895.7,186.2,2,2,56.7,0.0,39.7,82.6,7.1,56.7
2026-09-19 22:13:18,mfsweep_shard0,LRT_MMUR,57,4430.58,28,0,1,735.8,1072.7,336.9,2,2,81.5,0.0,124.0,113.9,17.4,81.5
2026-09-19 22:13:18,mfsweep_shard0,LRT_MMUR,57,4430.58,29,0,1,762.0,975.8,213.8,2,2,73.5,0.0,63.0,70.3,7.0,73.5
2026-09-19 22:13:18,mfsweep_shard0,LRT_MMUR,57,4430.58,30,0,1,788.3,1357.4,569.1,2,2,80.2,0.1,112.4,94.9,262.4,99.3
2026-09-19 22:13:18,mfsweep_shard0,LRT_MMUR,57,4430.58,31,0,1,814.6,1425.5,610.9,2,2,77.6,0.1,97.7,117.9,317.7,77.6
2026-09-19 22:13:18,mfsweep_shard0,LRT_MMUR,57,4430.58,32,0,1,840.9,1059.1,218.2,2,2,71.2,0.0,33.1,113.8,0.0,71.2
2026-09-19 22:13:18,mfsweep_shard0,LRT_MMUR,57,4430.58,33,0,1,867.2,1145.8,278.6,2,2,85.7,0.0,35.1,153.1,4.8,85.7
2026-09-19 22:13:18,mfsweep_shard0,LRT_MMUR,57,4430.58,34,0,1,893.4,1713.4,820.0,2,2,66.0,0.0,80.0,73.1,600.9,66.0
2026-09-19 22:13:18,mfsweep_shard0,LRT_MMUR,57,4430.58,35,0,1,919.7,1654.2,734.5,2,2,71.8,0.0,76.2,90.2,496.3,71.8
2026-09-19 22:13:18,mfsweep_shard0,LRT_MMUR,57,4430.58,36,0,1,946.0,1224.8,278.8,2,2,80.9,0.0,60.5,86.3,51.0,80.9
2026-09-19 22:13:18,mfsweep_shard0,LRT_MMUR,57,4430.58,37,0,1,972.3,1526.6,554.4,2,2,74.0,0.0,55.8,80.3,344.3,74.0
2026-09-19 22:13:18,mfsweep_shard0,LRT_MMUR,57,4430.58,38,0,1,998.5,1269.3,270.8,2,2,82.0,0.0,29.6,93.9,65.3,82.0
2026-09-19 22:13:18,mfsweep_shard0,LRT_MMUR,57,4430.58,39,0,1,1024.8,1591.3,566.4,2,2,72.6,0.0,55.5,149.3,289.0,72.6
2026-09-19 22:13:18,mfsweep_shard0,LRT_MMUR,57,4430.58,40,0,1,1051.1,1475.5,424.4,2,2,76.8,0.0,38.0,136.3,173.2,76.8
2026-09-19 22:13:18,mfsweep_shard0,LRT_MMUR,57,4430.58,41,0,1,1077.4,2497.4,1420.0,2,2,55.1,0.1,79.8,153.8,1131.3,55.1
2026-09-19 22:13:18,mfsweep_shard0,LRT_MMUR,57,4430.58,42,0,1,1103.7,2294.1,1190.4,2,2,61.1,0.1,129.2,113.7,871.8,75.7
2026-09-19 22:13:18,mfsweep_shard0,LRT_MMUR,57,4430.58,43,0,1,1129.9,1785.6,655.7,2,2,63.1,0.0,60.1,90.0,442.5,63.1
2026-09-19 22:13:18,mfsweep_shard0,LRT_MMUR,57,4430.58,44,0,1,1156.2,1366.9,210.7,2,2,56.2,0.0,75.5,78.9,0.0,56.2
2026-09-19 22:13:18,mfsweep_shard0,LRT_MMUR,57,4430.58,45,0,1,1182.5,1434.8,252.3,2,2,61.2,0.0,75.1,80.0,36.0,61.2
2026-09-19 22:13:18,mfsweep_shard0,LRT_MMUR,57,4430.58,46,0,1,1208.8,1521.8,313.1,2,2,56.9,0.0,52.2,84.9,119.0,56.9
2026-09-19 22:13:18,mfsweep_shard0,LRT_MMUR,57,4430.58,47,0,1,1235.0,1484.7,249.7,2,2,62.7,0.0,73.5,71.6,41.8,62.7
2026-09-19 22:13:18,mfsweep_shard0,LRT_MMUR,57,4430.58,48,0,1,1261.3,1466.1,204.8,2,2,74.5,0.0,52.0,78.2,0.0,74.5
2026-09-19 22:13:18,mfsweep_shard0,LRT_MMUR,57,4430.58,49,0,1,1287.6,1536.6,249.0,2,2,65.6,0.0,26.2,70.3,86.9,65.6
2026-09-19 22:13:18,mfsweep_shard0,LRT_MMUR,57,4430.58,50,0,1,1313.9,1503.4,189.5,2,2,65.8,0.0,34.9,79.8,9.0,65.8
2026-09-19 22:13:18,mfsweep_shard0,LRT_MMUR,57,4430.58,51,0,1,1340.2,1852.9,512.8,2,2,60.5,0.0,78.6,76.5,297.2,60.5
2026-09-19 22:13:18,mfsweep_shard0,LRT_MMUR,57,4430.58,52,0,1,1366.4,1838.8,472.4,2,2,62.4,0.0,104.8,69.8,235.4,62.4
2026-09-19 22:13:18,mfsweep_shard0,LRT_MMUR,57,4430.58,53,0,1,1392.7,1679.4,286.7,2,2,84.5,0.0,65.4,90.3,46.5,84.5
2026-09-19 22:13:18,mfsweep_shard0,LRT_MMUR,57,4430.58,54,0,1,1419.0,1635.8,216.8,2,2,74.9,0.0,59.0,81.2,1.7,74.9
2026-09-19 22:13:18,mfsweep_shard0,LRT_MMUR,57,4430.58,55,0,1,1445.3,1768.0,322.7,2,2,73.6,0.0,53.2,75.2,120.6,73.6
2026-09-19 22:13:18,mfsweep_shard0,LRT_MMUR,57,4430.58,56,0,1,1471.5,1758.4,286.8,2,2,59.2,0.0,89.3,86.2,52.1,59.2
2026-09-19 22:13:18,mfsweep_shard0,LRT_MMUR,57,4430.58,57,0,1,1497.8,1708.6,210.8,2,2,77.6,0.0,45.1,88.0,0.0,77.6
2026-09-19 22:13:18,mfsweep_shard0,LRT_MMUR,57,4430.58,58,0,1,1524.1,1798.1,274.0,2,2,58.9,0.0,49.5,130.2,35.3,58.9
2026-09-19 22:13:18,mfsweep_shard0,LRT_MMUR,57,4430.58,59,0,1,1550.4,2223.1,672.8,2,2,66.1,0.0,42.5,158.3,405.9,66.1
2026-09-19 22:13:18,mfsweep_shard0,LRT_MMUR,57,4430.58,60,0,1,1576.6,1930.8,354.1,2,2,86.2,0.0,53.2,159.1,55.6,86.2
2026-09-19 22:13:18,mfsweep_shard0,LRT_MMUR,57,4430.58,61,0,1,1602.9,2161.9,559.0,2,2,74.7,0.0,59.3,128.5,296.5,74.7
2026-09-19 22:13:18,mfsweep_shard0,LRT_MMUR,57,4430.58,62,0,1,1629.2,1834.1,204.9,2,2,71.9,0.0,38.7,73.0,21.4,71.9
2026-09-19 22:13:18,mfsweep_shard0,LRT_MMUR,57,4430.58,63,0,1,1655.5,2095.0,439.5,2,2,76.1,0.0,49.9,65.4,248.0,76.1
2026-09-19 22:13:18,mfsweep_shard0,LRT_MMUR,57,4430.58,64,0,1,1681.8,1978.1,296.3,2,2,81.4,0.0,55.9,86.5,72.6,81.4
2026-09-19 22:13:18,mfsweep_shard0,LRT_MMUR,57,4430.58,65,0,1,1708.0,2048.9,340.9,2,2,79.2,0.0,109.1,102.1,50.5,79.2
2026-09-19 22:13:18,mfsweep_shard0,LRT_MMUR,57,4430.58,66,0,1,1734.3,2268.1,533.7,2,2,61.1,0.0,68.7,90.4,313.5,61.1
2026-09-19 22:13:18,mfsweep_shard0,LRT_MMUR,57,4430.58,67,0,1,1760.6,1991.5,230.9,2,2,54.6,0.0,76.2,100.0,0.0,54.6
2026-09-19 22:13:18,mfsweep_shard0,LRT_MMUR,57,4430.58,68,0,1,1786.9,2548.3,761.5,2,2,64.0,0.0,83.2,93.7,520.6,64.0
2026-09-19 22:13:18,mfsweep_shard0,LRT_MMUR,57,4430.58,69,0,1,1813.1,2622.3,809.2,2,2,62.4,0.0,78.6,120.2,547.9,62.4
2026-09-19 22:13:18,mfsweep_shard0,LRT_MMUR,57,4430.58,70,0,1,1839.4,3238.9,1399.5,2,2,60.5,0.0,98.9,144.2,1095.8,60.5
2026-09-19 22:13:18,mfsweep_shard0,LRT_MMUR,57,4430.58,71,0,1,1865.7,2067.3,201.6,2,2,84.7,0.0,25.6,90.5,0.9,84.7
2026-09-19 22:13:18,mfsweep_shard0,LRT_MMUR,57,4430.58,72,0,1,1892.0,2171.1,279.1,2,2,82.5,0.0,60.3,93.8,42.4,82.5
2026-09-19 22:13:18,mfsweep_shard0,LRT_MMUR,57,4430.58,73,0,1,1918.3,2603.4,685.1,2,2,63.9,0.0,58.9,88.1,474.1,63.9
2026-09-19 22:13:18,mfsweep_shard0,LRT_MMUR,57,4430.58,74,0,1,1944.5,2191.2,246.7,2,2,75.2,0.0,30.8,101.4,39.2,75.2
2026-09-19 22:13:18,mfsweep_shard0,LRT_MMUR,57,4430.58,75,0,1,1970.8,2354.2,383.4,2,2,66.6,0.0,19.7,74.5,222.5,66.6
2026-09-19 22:13:18,mfsweep_shard0,LRT_MMUR,57,4430.58,76,0,1,1997.1,2277.4,280.3,2,2,83.7,0.0,56.0,87.1,53.4,83.7
2026-09-19 22:13:18,mfsweep_shard0,LRT_MMUR,57,4430.58,77,0,1,2023.4,2330.1,306.7,2,2,68.7,0.0,42.3,90.2,105.6,68.7
2026-09-19 22:13:18,mfsweep_shard0,LRT_MMUR,57,4430.58,78,0,1,2049.6,2695.6,645.9,2,2,62.3,0.0,78.7,74.9,429.9,62.3
2026-09-19 22:13:18,mfsweep_shard0,LRT_MMUR,57,4430.58,79,0,1,2075.9,2263.2,187.3,2,2,61.7,0.0,54.6,71.0,0.0,61.7
2026-09-19 22:13:18,mfsweep_shard0,LRT_MMUR,57,4430.58,80,0,1,2102.2,2492.9,390.7,2,2,72.1,0.0,106.1,128.6,83.9,72.1
2026-09-19 22:13:18,mfsweep_shard0,LRT_MMUR,57,4430.58,81,0,1,2128.5,3202.3,1073.9,2,2,62.2,0.1,95.3,160.5,711.3,106.7
2026-09-19 22:13:18,mfsweep_shard0,LRT_MMUR,57,4430.58,82,0,1,2154.7,2467.1,312.4,2,2,72.8,0.1,139.6,98.6,1.3,72.8
2026-09-19 22:13:18,mfsweep_shard0,LRT_MMUR,57,4430.58,83,0,1,2181.0,2392.3,211.3,2,2,83.2,0.0,18.1,68.1,41.9,83.2
2026-09-19 22:13:18,mfsweep_shard0,LRT_MMUR,57,4430.58,84,0,1,2207.3,2387.5,180.2,2,2,66.7,0.0,30.8,82.7,0.0,66.7
2026-09-19 22:13:18,mfsweep_shard0,LRT_MMUR,57,4430.58,85,0,1,2233.6,2443.3,209.7,2,2,60.8,0.0,39.3,85.5,24.0,60.8
2026-09-19 22:13:18,mfsweep_shard0,LRT_MMUR,57,4430.58,86,0,1,2259.9,2506.5,246.7,2,2,86.5,0.0,42.1,82.9,35.2,86.5
2026-09-19 22:13:18,mfsweep_shard0,LRT_MMUR,57,4430.58,87,0,1,2286.1,2675.5,389.4,2,2,70.4,0.0,84.6,190.8,33.5,80.4
2026-09-19 22:13:18,mfsweep_shard0,LRT_MMUR,57,4430.58,88,0,1,2312.4,2564.0,251.6,2,2,56.5,0.0,46.6,133.0,15.4,56.5
2026-09-19 22:13:18,mfsweep_shard0,LRT_MMUR,57,4430.58,89,0,1,2338.7,2616.4,277.7,2,2,55.1,0.0,64.7,123.9,34.1,55.1
2026-09-19 22:13:18,mfsweep_shard0,LRT_MMUR,57,4430.58,90,0,1,2365.0,4190.2,1825.2,2,2,57.2,0.0,180.3,195.1,1350.5,99.2
2026-09-19 22:13:18,mfsweep_shard0,LRT_MMUR,57,4430.58,91,0,1,2391.2,2999.7,608.5,2,2,74.3,0.0,95.7,121.5,317.0,74.3
2026-09-19 22:13:18,mfsweep_shard0,LRT_MMUR,57,4430.58,92,0,1,2417.5,2721.2,303.6,2,2,79.7,0.0,104.0,79.8,40.1,79.7
2026-09-19 22:13:18,mfsweep_shard0,LRT_MMUR,57,4430.58,93,0,1,2443.8,3086.5,642.7,2,2,67.5,0.0,60.0,67.1,448.1,67.5
2026-09-19 22:13:18,mfsweep_shard0,LRT_MMUR,57,4430.58,94,0,1,2470.1,4312.8,1842.8,2,2,55.6,0.1,181.7,124.0,1481.3,55.6
2026-09-19 22:13:18,mfsweep_shard0,LRT_MMUR,57,4430.58,95,0,1,2496.4,3127.5,631.1,2,2,66.1,0.0,91.8,100.2,360.8,78.3
2026-09-19 22:13:18,mfsweep_shard0,LRT_MMUR,57,4430.58,96,0,1,2522.6,2862.9,340.2,2,2,86.4,0.0,70.5,158.6,24.7,86.4
2026-09-19 22:13:18,mfsweep_shard0,LRT_MMUR,57,4430.58,97,0,1,2548.9,3059.1,510.2,2,2,71.0,0.0,42.2,102.2,294.7,71.0
2026-09-19 22:13:18,mfsweep_shard0,LRT_MMUR,57,4430.58,98,0,1,2575.2,2765.1,189.9,2,2,85.6,0.0,5.5,93.3,5.4,85.6
2026-09-19 22:13:18,mfsweep_shard0,LRT_MMUR,57,4430.58,99,0,1,2601.5,2919.3,317.9,2,2,82.0,0.0,44.9,99.6,91.4,82.0
2026-09-19 22:13:18,mfsweep_shard0,LRT_MMUR,57,4430.58,100,0,1,2627.7,2833.9,206.2,2,2,53.9,0.0,64.7,80.5,7.0,53.9
2026-09-19 22:13:18,mfsweep_shard0,LRT_MMUR,57,4430.58,101,0,1,2654.0,2894.1,240.1,2,2,77.3,0.0,55.6,76.3,30.9,77.3
2026-09-19 22:13:18,mfsweep_shard0,LRT_MMUR,57,4430.58,102,0,1,2680.3,2949.1,268.8,2,2,76.0,0.0,72.7,71.6,48.4,76.0
2026-09-19 22:13:18,mfsweep_shard0,LRT_MMUR,57,4430.58,103,0,1,2706.6,3249.1,542.5,2,2,71.3,0.0,51.6,96.3,323.3,71.3
2026-09-19 22:13:18,mfsweep_shard0,LRT_MMUR,57,4430.58,104,0,1,2732.9,3465.6,732.8,2,2,62.4,0.0,88.5,117.3,464.5,62.4
2026-09-19 22:13:18,mfsweep_shard0,LRT_MMUR,57,4430.58,105,0,1,2759.1,3215.8,456.7,2,2,74.7,0.1,120.7,123.9,78.6,133.5
2026-09-19 22:13:18,mfsweep_shard0,LRT_MMUR,57,4430.58,106,0,1,2785.4,4061.3,1275.9,2,2,57.2,0.0,63.7,152.8,936.7,122.7
2026-09-19 22:13:18,mfsweep_shard0,LRT_MMUR,57,4430.58,107,0,1,2811.7,3405.9,594.3,2,2,67.9,0.1,77.8,163.8,284.6,67.9
2026-09-19 22:13:18,mfsweep_shard0,LRT_MMUR,57,4430.58,108,0,1,2838.0,3387.0,549.0,2,2,68.5,0.0,74.0,110.2,296.3,68.5
2026-09-19 22:13:18,mfsweep_shard0,LRT_MMUR,57,4430.58,109,0,1,2864.2,3050.1,185.8,2,2,85.0,0.0,21.8,79.0,0.0,85.0
2026-09-19 22:13:18,mfsweep_shard0,LRT_MMUR,57,4430.58,110,0,1,2890.5,3169.9,279.3,2,2,82.4,0.0,49.0,98.6,49.3,82.4
2026-09-19 22:13:18,mfsweep_shard0,LRT_MMUR,57,4430.58,111,0,1,2916.8,3523.7,606.9,2,2,62.2,0.0,100.8,82.3,361.5,62.2
2026-09-19 22:13:18,mfsweep_shard0,LRT_MMUR,57,4430.58,112,0,1,2943.1,3316.3,373.3,2,2,70.1,0.0,45.3,74.2,183.7,70.1
2026-09-19 22:13:18,mfsweep_shard0,LRT_MMUR,57,4430.58,113,0,1,2969.3,3174.2,204.8,2,2,59.4,0.0,42.8,102.6,0.0,59.4
2026-09-19 22:13:18,mfsweep_shard0,LRT_MMUR,57,4430.58,114,0,1,2995.6,3274.0,278.4,2,2,83.7,0.0,73.8,85.7,35.2,83.7
2026-09-19 22:13:18,mfsweep_shard0,LRT_MMUR,57,4430.58,115,0,1,3021.9,3308.6,286.7,2,2,82.3,0.0,78.4,73.2,52.7,82.3
2026-09-19 22:13:18,mfsweep_shard0,LRT_MMUR,57,4430.58,116,0,1,3048.2,3975.6,927.4,2,2,63.4,0.1,98.0,67.0,698.9,63.4
2026-09-19 22:13:18,mfsweep_shard0,LRT_MMUR,57,4430.58,117,0,1,3074.5,3340.4,266.0,2,2,74.6,0.0,26.6,119.6,45.1,74.6
2026-09-19 22:13:18,mfsweep_shard0,LRT_MMUR,57,4430.58,118,0,1,3100.7,3470.1,369.4,2,2,73.6,0.0,72.1,135.7,88.0,73.6
2026-09-19 22:13:18,mfsweep_shard0,LRT_MMUR,57,4430.58,119,0,1,3127.0,4018.8,891.7,2,2,58.6,0.1,77.3,105.6,650.1,58.6
2026-09-19 22:13:18,mfsweep_shard0,LRT_MMUR,57,4430.58,120,0,1,3153.3,3509.1,355.9,2,2,78.7,0.0,87.9,144.8,44.4,78.7
2026-09-19 22:13:18,mfsweep_shard0,LRT_MMUR,57,4430.58,121,0,1,3179.6,3671.3,491.7,2,2,71.3,0.0,60.0,62.8,297.5,71.3
2026-09-19 22:13:18,mfsweep_shard0,LRT_MMUR,57,4430.58,122,0,1,3205.8,3625.9,420.1,2,2,79.2,0.0,67.8,178.6,94.4,79.2
2026-09-19 22:13:18,mfsweep_shard0,LRT_MMUR,57,4430.58,123,0,1,3232.1,3736.1,504.0,2,2,71.0,0.0,58.5,129.7,244.7,71.0
2026-09-19 22:13:18,mfsweep_shard0,LRT_MMUR,57,4430.58,124,0,1,3258.4,4430.6,1172.2,2,2,53.6,0.1,137.8,170.0,810.7,53.6
2026-09-19 22:13:18,mfsweep_shard0,LRT_MMUR,57,4430.58,125,0,1,3284.7,3878.5,593.8,2,2,64.2,0.1,131.6,126.9,270.1,65.1
2026-09-19 22:13:18,mfsweep_shard0,LRT_MMUR,57,4430.58,126,0,1,3311.0,4392.4,1081.5,2,2,54.2,0.2,177.7,133.1,716.2,54.2
2026-09-19 22:13:18,mfsweep_shard0,LRT_MMUR,57,4430.58,127,0,1,3337.2,3548.1,210.9,2,2,84.2,0.0,41.2,65.7,19.8,84.2
2026-09-19 22:13:18,mfsweep_shard0,LRT_MMUR,57,4430.58,128,0,1,3363.5,3594.5,231.0,2,2,82.5,0.0,62.7,74.7,0.0,93.5
2026-09-19 22:13:18,mfsweep_shard0,LRT_MMUR,57,4430.58,129,0,1,3389.8,3616.3,226.5,2,2,81.0,0.0,23.1,86.6,35.8,81.0
2026-09-19 22:13:18,mfsweep_shard0,LRT_MMUR,57,4430.58,130,0,1,3416.1,3926.8,510.8,2,2,63.7,0.0,80.0,95.2,271.9,63.7
2026-09-19 22:13:18,mfsweep_shard0,LRT_MMUR,57,4430.58,131,0,1,3442.3,4352.9,910.5,2,2,55.5,0.1,172.5,93.8,588.6,55.5
2026-09-19 22:13:18,mfsweep_shard0,LRT_MMUR,57,4430.58,132,0,1,3468.6,3773.1,304.5,2,2,82.5,0.0,35.2,81.4,105.3,82.5
2026-09-19 22:13:18,mfsweep_shard0,LRT_MMUR,57,4430.58,133,0,1,3494.9,3713.5,218.6,2,2,84.8,0.0,36.8,77.5,19.5,84.8
2026-09-19 22:13:18,mfsweep_shard0,LRT_MMUR,57,4430.58,134,0,1,3521.2,4231.4,710.2,2,2,56.4,0.1,115.0,132.4,394.0,68.6
2026-09-19 22:13:18,mfsweep_shard0,LRT_MMUR,57,4430.58,135,0,1,3547.5,3828.9,281.5,2,2,69.6,0.0,61.0,78.3,72.5,69.6
2026-09-19 22:13:18,mfsweep_shard0,LRT_MMUR,57,4430.58,136,0,1,3573.7,4271.8,698.1,2,2,55.8,0.2,114.5,89.9,437.8,55.8
2026-09-19 22:16:53,mfsweep_shard0,LRT_MMUR,58,4159.34,0,0,1,0.0,216.2,216.2,2,2,74.6,0.0,50.5,91.1,0.0,74.6
2026-09-19 22:16:53,mfsweep_shard0,LRT_MMUR,58,4159.34,1,0,1,26.3,561.9,535.6,2,2,54.4,0.0,101.5,122.8,232.1,79.2
2026-09-19 22:16:53,mfsweep_shard0,LRT_MMUR,58,4159.34,2,0,1,52.6,266.4,213.8,2,2,62.6,0.0,74.0,77.2,0.0,62.6
2026-09-19 22:16:53,mfsweep_shard0,LRT_MMUR,58,4159.34,3,0,1,78.8,314.0,235.1,2,2,60.9,0.0,50.1,124.1,0.0,60.9
2026-09-19 22:16:53,mfsweep_shard0,LRT_MMUR,58,4159.34,4,0,1,105.1,374.2,269.1,2,2,77.8,0.0,80.8,69.4,41.1,77.8
2026-09-19 22:16:53,mfsweep_shard0,LRT_MMUR,58,4159.34,5,0,1,131.4,425.0,293.6,2,2,75.9,0.0,96.6,67.7,53.4,75.9
2026-09-19 22:16:53,mfsweep_shard0,LRT_MMUR,58,4159.34,6,0,1,157.7,357.3,199.6,2,2,83.0,0.0,51.5,65.1,0.0,83.0
2026-09-19 22:16:53,mfsweep_shard0,LRT_MMUR,58,4159.34,7,0,1,183.9,523.8,339.9,2,2,56.4,0.0,68.4,75.6,139.3,56.4
2026-09-19 22:16:53,mfsweep_shard0,LRT_MMUR,58,4159.34,8,0,1,210.2,487.8,277.6,2,2,67.5,0.0,54.3,92.5,63.2,67.5
2026-09-19 22:16:53,mfsweep_shard0,LRT_MMUR,58,4159.34,9,0,1,236.5,447.2,210.7,2,2,54.5,0.0,24.6,131.6,0.0,54.5
2026-09-19 22:16:53,mfsweep_shard0,LRT_MMUR,58,4159.34,10,0,1,262.8,677.1,414.3,2,2,60.8,0.0,25.5,139.1,189.0,60.8
2026-09-19 22:16:53,mfsweep_shard0,LRT_MMUR,58,4159.34,11,0,1,289.1,501.4,212.4,2,2,70.2,0.0,43.0,72.2,27.0,70.2
2026-09-19 22:16:53,mfsweep_shard0,LRT_MMUR,58,4159.34,12,0,1,315.3,761.6,446.3,2,2,54.4,0.0,58.3,66.4,267.2,54.4
2026-09-19 22:16:53,mfsweep_shard0,LRT_MMUR,58,4159.34,13,0,1,341.6,724.8,383.2,2,2,60.1,0.0,77.5,93.8,151.8,60.1
2026-09-19 22:16:53,mfsweep_shard0,LRT_MMUR,58,4159.34,14,0,1,367.9,580.1,212.2,2,2,75.0,0.0,46.0,67.2,24.0,75.0
2026-09-19 22:16:53,mfsweep_shard0,LRT_MMUR,58,4159.34,15,0,1,394.2,646.6,252.4,2,2,71.5,0.0,68.0,103.7,9.2,71.5
2026-09-19 22:16:53,mfsweep_shard0,LRT_MMUR,58,4159.34,16,0,1,420.4,686.5,266.1,2,2,60.8,0.0,79.8,72.3,53.2,60.8
2026-09-19 22:16:53,mfsweep_shard0,LRT_MMUR,58,4159.34,17,0,1,446.7,637.0,190.3,2,2,73.0,0.0,49.1,68.1,0.0,73.0
2026-09-19 22:16:53,mfsweep_shard0,LRT_MMUR,58,4159.34,18,0,1,473.0,746.2,273.2,2,2,80.3,0.0,65.3,122.3,5.3,80.3
2026-09-19 22:16:53,mfsweep_shard0,LRT_MMUR,58,4159.34,19,0,1,499.3,895.4,396.1,2,2,53.8,0.0,60.6,66.6,215.2,53.8
2026-09-19 22:16:53,mfsweep_shard0,LRT_MMUR,58,4159.34,20,0,1,525.6,813.1,287.6,2,2,80.1,0.0,79.0,71.8,56.7,80.1
2026-09-19 22:16:53,mfsweep_shard0,LRT_MMUR,58,4159.34,21,0,1,551.8,863.5,311.7,2,2,76.6,0.0,44.9,63.5,126.7,76.6
2026-09-19 22:16:53,mfsweep_shard0,LRT_MMUR,58,4159.34,22,0,1,578.1,1047.4,469.3,2,2,64.8,0.0,59.2,114.0,217.4,78.6
2026-09-19 22:16:53,mfsweep_shard0,LRT_MMUR,58,4159.34,23,0,1,604.4,794.4,190.0,2,2,58.7,0.0,35.7,95.6,0.0,58.7
2026-09-19 22:16:53,mfsweep_shard0,LRT_MMUR,58,4159.34,24,0,1,630.7,887.5,256.8,2,2,85.1,0.0,64.3,106.3,1.0,85.1
2026-09-19 22:16:53,mfsweep_shard0,LRT_MMUR,58,4159.34,25,0,1,656.9,1117.8,460.8,2,2,64.7,0.0,72.5,102.7,220.9,64.7
2026-09-19 22:16:53,mfsweep_shard0,LRT_MMUR,58,4159.34,26,0,1,683.2,1170.4,487.2,2,2,56.6,0.0,51.2,90.7,288.6,56.6
2026-09-19 22:16:53,mfsweep_shard0,LRT_MMUR,58,4159.34,27,0,1,709.5,1122.5,413.0,2,2,56.7,0.0,44.3,92.8,219.1,56.7
2026-09-19 22:16:53,mfsweep_shard0,LRT_MMUR,58,4159.34,28,0,1,735.8,933.6,197.8,2,2,81.5,0.0,48.2,63.5,4.5,81.5
2026-09-19 22:16:53,mfsweep_shard0,LRT_MMUR,58,4159.34,29,0,1,762.0,992.9,230.9,2,2,73.5,0.0,50.9,63.5,43.0,73.5
2026-09-19 22:16:53,mfsweep_shard0,LRT_MMUR,58,4159.34,30,0,1,788.3,1025.7,237.4,2,2,80.2,0.0,87.8,69.3,0.0,80.2
2026-09-19 22:16:53,mfsweep_shard0,LRT_MMUR,58,4159.34,31,0,1,814.6,1165.6,351.0,2,2,77.6,0.0,61.2,94.8,117.3,77.6
2026-09-19 22:16:53,mfsweep_shard0,LRT_MMUR,58,4159.34,32,0,1,840.9,1270.0,429.2,2,2,71.2,0.0,72.8,81.0,204.1,71.2
2026-09-19 22:16:53,mfsweep_shard0,LRT_MMUR,58,4159.34,33,0,1,867.2,1079.2,212.0,2,2,85.7,0.0,61.9,63.1,1.4,85.7
2026-09-19 22:16:53,mfsweep_shard0,LRT_MMUR,58,4159.34,34,0,1,893.4,1320.2,426.8,2,2,66.0,0.0,58.8,87.5,214.4,66.0
2026-09-19 22:16:53,mfsweep_shard0,LRT_MMUR,58,4159.34,35,0,1,919.7,1204.1,284.4,2,2,71.8,0.0,63.2,80.8,68.7,71.8
2026-09-19 22:16:53,mfsweep_shard0,LRT_MMUR,58,4159.34,36,0,1,946.0,1213.4,267.4,2,2,80.9,0.0,61.5,124.9,0.0,80.9
2026-09-19 22:16:53,mfsweep_shard0,LRT_MMUR,58,4159.34,37,0,1,972.3,1388.5,416.2,2,2,74.0,0.0,74.0,131.7,136.6,74.0
2026-09-19 22:16:53,mfsweep_shard0,LRT_MMUR,58,4159.34,38,0,1,998.5,1253.5,254.9,2,2,82.0,0.0,27.7,115.0,30.2,82.0
2026-09-19 22:16:53,mfsweep_shard0,LRT_MMUR,58,4159.34,39,0,1,1024.8,1452.7,427.8,2,2,72.6,0.0,83.8,85.6,185.8,72.6
2026-09-19 22:16:53,mfsweep_shard0,LRT_MMUR,58,4159.34,40,0,1,1051.1,1338.7,287.6,2,2,76.8,0.0,55.3,85.5,69.9,76.8
2026-09-19 22:16:53,mfsweep_shard0,LRT_MMUR,58,4159.34,41,0,1,1077.4,1556.5,479.2,2,2,55.1,0.0,43.2,114.2,266.7,55.1
2026-09-19 22:16:53,mfsweep_shard0,LRT_MMUR,58,4159.34,42,0,1,1103.7,2316.0,1212.3,2,2,61.1,0.0,137.1,145.0,869.0,61.1
2026-09-19 22:16:53,mfsweep_shard0,LRT_MMUR,58,4159.34,43,0,1,1129.9,1771.2,641.3,2,2,63.1,0.1,59.4,149.1,339.6,93.1
2026-09-19 22:16:53,mfsweep_shard0,LRT_MMUR,58,4159.34,44,0,1,1156.2,2386.3,1230.1,2,2,56.2,0.1,178.7,161.4,833.6,56.2
2026-09-19 22:16:53,mfsweep_shard0,LRT_MMUR,58,4159.34,45,0,1,1182.5,2222.5,1040.1,2,2,61.2,0.2,199.0,139.3,598.5,103.2
2026-09-19 22:16:53,mfsweep_shard0,LRT_MMUR,58,4159.34,46,0,1,1208.8,2368.1,1159.3,2,2,56.9,0.2,189.9,163.0,749.4,56.9
2026-09-19 22:16:53,mfsweep_shard0,LRT_MMUR,58,4159.34,47,0,1,1235.0,1579.8,344.8,2,2,62.7,0.0,96.8,88.7,96.5,62.7
2026-09-19 22:16:53,mfsweep_shard0,LRT_MMUR,58,4159.34,48,0,1,1261.3,1457.5,196.2,2,2,74.5,0.0,49.2,72.5,0.0,74.5
2026-09-19 22:16:53,mfsweep_shard0,LRT_MMUR,58,4159.34,49,0,1,1287.6,1536.0,248.4,2,2,65.6,0.0,72.3,73.8,36.7,65.6
2026-09-19 22:16:53,mfsweep_shard0,LRT_MMUR,58,4159.34,50,0,1,1313.9,1637.6,323.8,2,2,65.8,0.0,78.7,165.0,14.2,65.8
2026-09-19 22:16:53,mfsweep_shard0,LRT_MMUR,58,4159.34,51,0,1,1340.2,1609.3,269.2,2,2,60.5,0.0,65.8,81.7,61.2,60.5
2026-09-19 22:16:53,mfsweep_shard0,LRT_MMUR,58,4159.34,52,0,1,1366.4,1844.5,478.1,2,2,62.4,0.0,77.4,78.9,259.4,62.4
2026-09-19 22:16:53,mfsweep_shard0,LRT_MMUR,58,4159.34,53,0,1,1392.7,1680.9,288.2,2,2,84.5,0.0,94.3,84.1,25.3,84.5
2026-09-19 22:16:53,mfsweep_shard0,LRT_MMUR,58,4159.34,54,0,1,1419.0,1751.2,332.2,2,2,74.9,0.0,69.5,82.8,105.0,74.9
2026-09-19 22:16:53,mfsweep_shard0,LRT_MMUR,58,4159.34,55,0,1,1445.3,1915.6,470.3,2,2,73.6,0.0,140.9,112.1,143.6,73.6
2026-09-19 22:16:53,mfsweep_shard0,LRT_MMUR,58,4159.34,56,0,1,1471.5,1672.2,200.7,2,2,59.2,0.0,54.1,87.4,0.0,59.2
2026-09-19 22:16:53,mfsweep_shard0,LRT_MMUR,58,4159.34,57,0,1,1497.8,1733.8,235.9,2,2,77.6,0.0,24.1,107.3,26.9,77.6
2026-09-19 22:16:53,mfsweep_shard0,LRT_MMUR,58,4159.34,58,0,1,1524.1,1972.1,448.0,2,2,58.9,0.0,33.4,121.5,234.1,58.9
2026-09-19 22:16:53,mfsweep_shard0,LRT_MMUR,58,4159.34,59,0,1,1550.4,1947.7,397.4,2,2,66.1,0.0,61.9,107.2,162.2,66.1
2026-09-19 22:16:53,mfsweep_shard0,LRT_MMUR,58,4159.34,60,0,1,1576.6,1798.6,221.9,2,2,86.2,0.0,27.9,106.7,1.1,86.2
2026-09-19 22:16:53,mfsweep_shard0,LRT_MMUR,58,4159.34,61,0,1,1602.9,1816.7,213.8,2,2,74.7,0.0,59.3,79.8,0.0,74.7
2026-09-19 22:16:53,mfsweep_shard0,LRT_MMUR,58,4159.34,62,0,1,1629.2,1952.4,323.2,2,2,71.9,0.0,114.6,95.8,40.9,71.9
2026-09-19 22:16:53,mfsweep_shard0,LRT_MMUR,58,4159.34,63,0,1,1655.5,2070.5,415.0,2,2,76.1,0.0,65.3,91.6,182.0,76.1
2026-09-19 22:16:53,mfsweep_shard0,LRT_MMUR,58,4159.34,64,0,1,1681.8,1911.1,229.4,2,2,81.4,0.0,43.5,70.3,34.2,81.4
2026-09-19 22:16:53,mfsweep_shard0,LRT_MMUR,58,4159.34,65,0,1,1708.0,2010.4,302.3,2,2,79.2,0.0,72.8,73.4,76.9,79.2
2026-09-19 22:16:53,mfsweep_shard0,LRT_MMUR,58,4159.34,66,0,1,1734.3,2261.7,527.3,2,2,61.1,0.0,76.9,81.2,308.2,61.1
2026-09-19 22:16:53,mfsweep_shard0,LRT_MMUR,58,4159.34,67,0,1,1760.6,2451.8,691.2,2,2,54.6,0.0,54.7,89.5,492.3,54.6
2026-09-19 22:16:53,mfsweep_shard0,LRT_MMUR,58,4159.34,68,0,1,1786.9,2106.7,319.8,2,2,64.0,0.0,43.2,94.4,118.3,64.0
2026-09-19 22:16:53,mfsweep_shard0,LRT_MMUR,58,4159.34,69,0,1,1813.1,2138.9,325.8,2,2,62.4,0.0,68.0,94.1,101.2,62.4
2026-09-19 22:16:53,mfsweep_shard0,LRT_MMUR,58,4159.34,70,0,1,1839.4,2311.2,471.8,2,2,60.5,0.0,45.0,128.7,237.5,60.5
2026-09-19 22:16:53,mfsweep_shard0,LRT_MMUR,58,4159.34,71,0,1,1865.7,2171.9,306.2,2,2,84.7,0.0,74.6,125.8,21.0,84.7
2026-09-19 22:16:53,mfsweep_shard0,LRT_MMUR,58,4159.34,72,0,1,1892.0,2101.0,209.0,2,2,82.5,0.0,49.4,77.1,0.0,82.5
2026-09-19 22:16:53,mfsweep_shard0,LRT_MMUR,58,4159.34,73,0,1,1918.3,2280.5,362.3,2,2,63.9,0.0,56.4,69.3,172.6,63.9
2026-09-19 22:16:53,mfsweep_shard0,LRT_MMUR,58,4159.34,74,0,1,1944.5,2200.8,256.3,2,2,75.2,0.0,77.4,73.0,30.7,75.2
2026-09-19 22:16:53,mfsweep_shard0,LRT_MMUR,58,4159.34,75,0,1,1970.8,2162.3,191.5,2,2,66.6,0.0,38.8,79.8,6.2,66.6
2026-09-19 22:16:53,mfsweep_shard0,LRT_MMUR,58,4159.34,76,0,1,1997.1,2231.9,234.8,2,2,83.7,0.0,67.6,77.0,6.4,83.7
2026-09-19 22:16:53,mfsweep_shard0,LRT_MMUR,58,4159.34,77,0,1,2023.4,2293.2,269.8,2,2,68.7,0.0,65.5,73.1,62.6,68.7
2026-09-19 22:16:53,mfsweep_shard0,LRT_MMUR,58,4159.34,78,0,1,2049.6,2603.0,553.4,2,2,62.3,0.0,85.5,94.6,310.9,62.3
2026-09-19 22:16:53,mfsweep_shard0,LRT_MMUR,58,4159.34,79,0,1,2075.9,2682.2,606.3,2,2,61.7,0.0,50.7,79.8,414.1,61.7
2026-09-19 22:16:53,mfsweep_shard0,LRT_MMUR,58,4159.34,80,0,1,2102.2,2363.4,261.2,2,2,72.1,0.0,55.5,124.4,9.1,72.1
2026-09-19 22:16:53,mfsweep_shard0,LRT_MMUR,58,4159.34,81,0,1,2128.5,2616.5,488.0,2,2,62.2,0.0,43.8,114.0,268.0,62.2
2026-09-19 22:16:53,mfsweep_shard0,LRT_MMUR,58,4159.34,82,0,1,2154.7,2472.2,317.4,2,2,72.8,0.0,51.6,128.0,64.9,72.8
2026-09-19 22:16:53,mfsweep_shard0,LRT_MMUR,58,4159.34,83,0,1,2181.0,2428.8,247.7,2,2,83.2,0.0,52.5,79.1,33.0,83.2
2026-09-19 22:16:53,mfsweep_shard0,LRT_MMUR,58,4159.34,84,0,1,2207.3,2517.3,310.0,2,2,66.7,0.0,67.8,74.9,100.6,66.7
2026-09-19 22:16:53,mfsweep_shard0,LRT_MMUR,58,4159.34,85,0,1,2233.6,2433.6,200.0,2,2,60.8,0.0,55.6,83.6,0.0,60.8
2026-09-19 22:16:53,mfsweep_shard0,LRT_MMUR,58,4159.34,86,0,1,2259.9,2704.2,444.3,2,2,86.5,0.0,98.8,159.5,40.4,145.7
2026-09-19 22:16:53,mfsweep_shard0,LRT_MMUR,58,4159.34,87,0,1,2286.1,2845.1,558.9,2,2,70.4,0.0,116.6,113.0,259.0,70.4
2026-09-19 22:16:53,mfsweep_shard0,LRT_MMUR,58,4159.34,88,0,1,2312.4,2461.0,148.6,2,2,56.5,0.0,22.7,65.7,3.7,56.5
2026-09-19 22:16:53,mfsweep_shard0,LRT_MMUR,58,4159.34,89,0,1,2338.7,2916.8,578.1,2,2,55.1,0.1,81.1,123.4,318.5,55.1
2026-09-19 22:16:53,mfsweep_shard0,LRT_MMUR,58,4159.34,90,0,1,2365.0,2598.5,233.5,2,2,57.2,0.0,52.4,123.9,0.0,57.2
2026-09-19 22:16:53,mfsweep_shard0,LRT_MMUR,58,4159.34,91,0,1,2391.2,2790.5,399.2,2,2,74.3,0.0,44.0,117.6,163.4,74.3
2026-09-19 22:16:53,mfsweep_shard0,LRT_MMUR,58,4159.34,92,0,1,2417.5,2633.0,215.5,2,2,79.7,0.0,19.7,82.9,33.2,79.7
2026-09-19 22:16:53,mfsweep_shard0,LRT_MMUR,58,4159.34,93,0,1,2443.8,2754.8,311.0,2,2,67.5,0.0,68.3,147.9,27.2,67.5
2026-09-19 22:16:53,mfsweep_shard0,LRT_MMUR,58,4159.34,94,0,1,2470.1,2694.8,224.7,2,2,55.6,0.0,76.9,92.2,0.0,55.6
2026-09-19 22:16:53,mfsweep_shard0,LRT_MMUR,58,4159.34,95,0,1,2496.4,2903.8,407.5,2,2,66.1,0.0,51.0,85.1,205.2,66.1
2026-09-19 22:16:53,mfsweep_shard0,LRT_MMUR,58,4159.34,96,0,1,2522.6,2813.7,291.1,2,2,86.4,0.0,57.8,95.8,51.0,86.4
2026-09-19 22:16:53,mfsweep_shard0,LRT_MMUR,58,4159.34,97,0,1,2548.9,3094.6,545.7,2,2,71.0,0.0,45.3,67.8,361.6,71.0
2026-09-19 22:16:53,mfsweep_shard0,LRT_MMUR,58,4159.34,98,0,1,2575.2,2889.0,313.8,2,2,85.6,0.0,49.8,99.5,78.9,85.6
2026-09-19 22:16:53,mfsweep_shard0,LRT_MMUR,58,4159.34,99,0,1,2601.5,2923.2,321.7,2,2,82.0,0.0,44.0,96.1,99.6,82.0
2026-09-19 22:16:53,mfsweep_shard0,LRT_MMUR,58,4159.34,100,0,1,2627.7,3174.8,547.0,2,2,53.9,0.0,47.5,85.7,359.9,53.9
2026-09-19 22:16:53,mfsweep_shard0,LRT_MMUR,58,4159.34,101,0,1,2654.0,3009.6,355.6,2,2,77.3,0.0,65.3,87.4,125.5,77.3
2026-09-19 22:16:53,mfsweep_shard0,LRT_MMUR,58,4159.34,102,0,1,2680.3,3048.6,368.3,2,2,76.0,0.0,43.4,78.2,170.8,76.0
2026-09-19 22:16:53,mfsweep_shard0,LRT_MMUR,58,4159.34,103,0,1,2706.6,2932.6,226.0,2,2,71.3,0.0,23.1,131.7,0.0,71.3
2026-09-19 22:16:53,mfsweep_shard0,LRT_MMUR,58,4159.34,104,0,1,2732.9,3948.2,1215.3,2,2,62.4,3.4,107.0,125.7,916.7,62.4
2026-09-19 22:16:53,mfsweep_shard0,LRT_MMUR,58,4159.34,105,0,1,2759.1,3018.3,259.2,2,2,74.7,0.0,57.3,116.6,10.5,74.7
2026-09-19 22:16:53,mfsweep_shard0,LRT_MMUR,58,4159.34,106,0,1,2785.4,3438.8,653.4,2,2,57.2,3.5,65.2,155.0,372.5,57.2
2026-09-19 22:16:53,mfsweep_shard0,LRT_MMUR,58,4159.34,107,0,1,2811.7,3802.0,990.3,2,2,67.9,3.5,117.4,64.4,737.0,67.9
2026-09-19 22:16:53,mfsweep_shard0,LRT_MMUR,58,4159.34,108,0,1,2838.0,3067.5,229.5,2,2,68.5,0.0,73.4,75.4,12.2,68.5
2026-09-19 22:16:53,mfsweep_shard0,LRT_MMUR,58,4159.34,109,0,1,2864.2,3125.0,260.7,2,2,85.0,0.0,73.0,71.0,31.8,85.0
2026-09-19 22:16:53,mfsweep_shard0,LRT_MMUR,58,4159.34,110,0,1,2890.5,3188.1,297.5,2,2,82.4,0.0,16.7,81.4,116.9,82.4
2026-09-19 22:16:53,mfsweep_shard0,LRT_MMUR,58,4159.34,111,0,1,2916.8,3994.2,1077.4,2,2,62.2,3.5,152.9,70.2,788.6,62.2
2026-09-19 22:16:53,mfsweep_shard0,LRT_MMUR,58,4159.34,112,0,1,2943.1,3259.7,316.6,2,2,70.1,0.0,82.8,86.1,77.6,70.1
2026-09-19 22:16:53,mfsweep_shard0,LRT_MMUR,58,4159.34,113,0,1,2969.3,4037.2,1067.9,2,2,59.4,3.6,107.8,89.1,807.9,59.4
2026-09-19 22:16:53,mfsweep_shard0,LRT_MMUR,58,4159.34,114,0,1,2995.6,3513.9,518.3,2,2,83.7,3.6,195.9,148.1,45.2,125.5
2026-09-19 22:16:53,mfsweep_shard0,LRT_MMUR,58,4159.34,115,0,1,3021.9,3337.6,315.7,2,2,82.3,0.0,98.0,133.4,2.0,82.3
2026-09-19 22:16:53,mfsweep_shard0,LRT_MMUR,58,4159.34,116,0,1,3048.2,3899.1,850.9,2,2,63.4,3.7,124.7,115.0,531.3,76.1
2026-09-19 22:16:53,mfsweep_shard0,LRT_MMUR,58,4159.34,117,0,1,3074.5,3297.7,223.2,2,2,74.6,0.0,31.1,69.7,47.8,74.6
2026-09-19 22:16:53,mfsweep_shard0,LRT_MMUR,58,4159.34,118,0,1,3100.7,3633.0,532.3,2,2,73.6,3.6,126.1,103.4,194.6,104.6
2026-09-19 22:16:53,mfsweep_shard0,LRT_MMUR,58,4159.34,119,0,1,3127.0,4085.3,958.3,2,2,58.6,3.6,99.7,110.7,685.7,58.6
2026-09-19 22:16:53,mfsweep_shard0,LRT_MMUR,58,4159.34,120,0,1,3153.3,3386.7,233.4,2,2,78.7,0.0,84.3,70.4,0.0,78.7
2026-09-19 22:16:53,mfsweep_shard0,LRT_MMUR,58,4159.34,121,0,1,3179.6,3700.9,521.4,2,2,71.3,3.6,105.0,111.7,229.8,71.3
2026-09-19 22:16:53,mfsweep_shard0,LRT_MMUR,58,4159.34,122,0,1,3205.8,3641.6,435.8,2,2,79.2,3.6,154.6,132.2,22.3,123.1
2026-09-19 22:16:53,mfsweep_shard0,LRT_MMUR,58,4159.34,123,0,1,3232.1,3750.4,518.3,2,2,71.0,3.7,121.1,116.9,205.6,71.0
2026-09-19 22:16:53,mfsweep_shard0,LRT_MMUR,58,4159.34,124,0,1,3258.4,4159.3,900.9,2,2,53.6,3.7,117.1,66.0,660.6,53.6
2026-09-19 22:16:53,mfsweep_shard0,LRT_MMUR,58,4159.34,125,0,1,3284.7,3849.8,565.2,2,2,64.2,0.0,96.3,69.7,335.0,64.2
2026-09-19 22:16:53,mfsweep_shard0,LRT_MMUR,58,4159.34,126,0,1,3311.0,4119.9,809.0,2,2,54.2,0.0,64.7,84.2,605.9,54.2
2026-09-19 22:16:53,mfsweep_shard0,LRT_MMUR,58,4159.34,127,0,1,3337.2,3583.6,246.4,2,2,84.2,0.0,73.5,88.6,0.0,84.2
2026-09-19 22:16:53,mfsweep_shard0,LRT_MMUR,58,4159.34,128,0,1,3363.5,3787.8,424.3,2,2,82.5,0.0,128.9,118.5,81.4,95.4
2026-09-19 22:16:53,mfsweep_shard0,LRT_MMUR,58,4159.34,129,0,1,3389.8,3665.1,275.3,2,2,81.0,0.1,80.0,113.2,1.0,81.0
2026-09-19 22:16:53,mfsweep_shard0,LRT_MMUR,58,4159.34,130,0,1,3416.1,4050.2,634.2,2,2,63.7,0.0,78.4,140.3,308.5,106.9
2026-09-19 22:16:53,mfsweep_shard0,LRT_MMUR,58,4159.34,131,0,1,3442.3,4133.9,691.5,2,2,55.5,0.1,62.8,165.0,408.2,55.5
2026-09-19 22:16:53,mfsweep_shard0,LRT_MMUR,58,4159.34,132,0,1,3468.6,3854.5,385.9,2,2,82.5,0.0,38.7,66.4,198.2,82.5
2026-09-19 22:16:53,mfsweep_shard0,LRT_MMUR,58,4159.34,133,0,1,3494.9,3719.9,225.0,2,2,84.8,0.0,46.0,63.3,30.8,84.8
2026-09-19 22:16:53,mfsweep_shard0,LRT_MMUR,58,4159.34,134,0,1,3521.2,4094.4,573.2,2,2,56.4,0.1,77.5,102.8,336.4,56.4
2026-09-19 22:16:53,mfsweep_shard0,LRT_MMUR,58,4159.34,135,0,1,3547.5,3909.3,361.8,2,2,69.6,0.0,37.6,76.3,178.2,69.6
2026-09-19 22:16:53,mfsweep_shard0,LRT_MMUR,58,4159.34,136,0,1,3573.7,3783.4,209.7,2,2,55.8,0.0,66.5,83.6,0.0,59.6
2026-09-19 22:20:26,mfsweep_shard0,LRT_MMUR,59,4082.36,0,0,1,0.0,213.4,213.4,2,2,74.6,0.0,69.5,69.2,0.0,74.6
2026-09-19 22:20:26,mfsweep_shard0,LRT_MMUR,59,4082.36,1,0,1,26.3,217.9,191.6,2,2,54.4,0.0,62.3,74.9,0.0,54.4
2026-09-19 22:20:26,mfsweep_shard0,LRT_MMUR,59,4082.36,2,0,1,52.6,259.0,206.4,2,2,62.6,0.0,34.5,109.3,0.0,62.6
2026-09-19 22:20:26,mfsweep_shard0,LRT_MMUR,59,4082.36,3,0,1,78.8,334.4,255.6,2,2,60.9,0.0,67.4,84.5,42.7,60.9
2026-09-19 22:20:26,mfsweep_shard0,LRT_MMUR,59,4082.36,4,0,1,105.1,355.7,250.6,2,2,77.8,0.0,74.8,97.9,0.0,77.8
2026-09-19 22:20:26,mfsweep_shard0,LRT_MMUR,59,4082.36,5,0,1,131.4,392.5,261.1,2,2,75.9,0.0,30.4,133.1,21.7,75.9
2026-09-19 22:20:26,mfsweep_shard0,LRT_MMUR,59,4082.36,6,0,1,157.7,470.1,312.5,2,2,83.0,0.0,59.9,119.1,50.5,83.0
2026-09-19 22:20:26,mfsweep_shard0,LRT_MMUR,59,4082.36,7,0,1,183.9,552.3,368.3,2,2,56.4,0.0,53.5,117.5,140.8,56.4
2026-09-19 22:20:26,mfsweep_shard0,LRT_MMUR,59,4082.36,8,0,1,210.2,524.0,313.8,2,2,67.5,0.0,93.7,69.3,83.3,67.5
2026-09-19 22:20:26,mfsweep_shard0,LRT_MMUR,59,4082.36,9,0,1,236.5,413.3,176.8,2,2,54.5,0.0,54.6,67.7,0.0,54.5
2026-09-19 22:20:26,mfsweep_shard0,LRT_MMUR,59,4082.36,10,0,1,262.8,533.6,270.8,2,2,60.8,0.0,74.1,95.0,40.9,60.8
2026-09-19 22:20:26,mfsweep_shard0,LRT_MMUR,59,4082.36,11,0,1,289.1,491.3,202.3,2,2,70.2,0.0,55.8,76.2,0.0,70.2
2026-09-19 22:20:26,mfsweep_shard0,LRT_MMUR,59,4082.36,12,0,1,315.3,602.7,287.4,2,2,54.4,0.0,57.5,79.6,95.9,54.4
2026-09-19 22:20:26,mfsweep_shard0,LRT_MMUR,59,4082.36,13,0,1,341.6,587.5,245.8,2,2,60.1,0.0,84.4,67.9,33.4,60.1
2026-09-19 22:20:26,mfsweep_shard0,LRT_MMUR,59,4082.36,14,0,1,367.9,591.9,224.0,2,2,75.0,0.0,56.9,92.0,0.0,75.0
2026-09-19 22:20:26,mfsweep_shard0,LRT_MMUR,59,4082.36,15,0,1,394.2,632.4,238.2,2,2,71.5,0.0,38.9,123.3,4.5,71.5
2026-09-19 22:20:26,mfsweep_shard0,LRT_MMUR,59,4082.36,16,0,1,420.4,876.6,456.1,2,2,60.8,0.0,61.2,143.6,190.5,60.8
2026-09-19 22:20:26,mfsweep_shard0,LRT_MMUR,59,4082.36,17,0,1,446.7,695.4,248.7,2,2,73.0,0.0,44.6,113.5,17.6,73.0
2026-09-19 22:20:26,mfsweep_shard0,LRT_MMUR,59,4082.36,18,0,1,473.0,759.5,286.5,2,2,80.3,0.0,50.3,113.5,42.4,80.3
2026-09-19 22:20:26,mfsweep_shard0,LRT_MMUR,59,4082.36,19,0,1,499.3,2177.4,1678.1,2,2,53.8,0.1,186.8,148.3,1289.1,53.8
2026-09-19 22:20:26,mfsweep_shard0,LRT_MMUR,59,4082.36,20,0,1,525.6,992.9,467.3,2,2,80.1,0.1,153.1,118.7,99.4,96.0
2026-09-19 22:20:26,mfsweep_shard0,LRT_MMUR,59,4082.36,21,0,1,551.8,949.2,397.4,2,2,76.6,0.1,98.6,98.3,123.9,76.6
2026-09-19 22:20:26,mfsweep_shard0,LRT_MMUR,59,4082.36,22,0,1,578.1,813.4,235.3,2,2,64.8,0.0,69.5,101.0,0.0,64.8
2026-09-19 22:20:26,mfsweep_shard0,LRT_MMUR,59,4082.36,23,0,1,604.4,882.3,277.9,2,2,58.7,0.0,52.1,69.5,97.6,58.7
2026-09-19 22:20:26,mfsweep_shard0,LRT_MMUR,59,4082.36,24,0,1,630.7,854.7,224.0,2,2,85.1,0.0,63.7,66.4,8.8,85.1
2026-09-19 22:20:26,mfsweep_shard0,LRT_MMUR,59,4082.36,25,0,1,656.9,1973.8,1316.9,2,2,64.7,0.1,166.6,129.1,914.2,106.9
2026-09-19 22:20:26,mfsweep_shard0,LRT_MMUR,59,4082.36,26,0,1,683.2,2142.3,1459.1,2,2,56.6,0.1,125.8,218.7,1057.8,56.6
2026-09-19 22:20:26,mfsweep_shard0,LRT_MMUR,59,4082.36,27,0,1,709.5,2108.0,1398.5,2,2,56.7,0.1,189.7,205.0,947.0,56.7
2026-09-19 22:20:26,mfsweep_shard0,LRT_MMUR,59,4082.36,28,0,1,735.8,1208.7,473.0,2,2,81.5,0.1,140.1,162.6,54.5,115.6
2026-09-19 22:20:26,mfsweep_shard0,LRT_MMUR,59,4082.36,29,0,1,762.0,1403.9,641.8,2,2,73.5,0.1,82.4,160.8,325.0,73.5
2026-09-19 22:20:26,mfsweep_shard0,LRT_MMUR,59,4082.36,30,0,1,788.3,1080.7,292.4,2,2,80.2,0.0,53.2,139.9,19.1,80.2
2026-09-19 22:20:26,mfsweep_shard0,LRT_MMUR,59,4082.36,31,0,1,814.6,997.7,183.1,2,2,77.6,0.0,28.1,77.4,0.0,77.6
2026-09-19 22:20:26,mfsweep_shard0,LRT_MMUR,59,4082.36,32,0,1,840.9,1534.5,693.6,2,2,71.2,0.0,36.9,100.8,484.6,71.2
2026-09-19 22:20:26,mfsweep_shard0,LRT_MMUR,59,4082.36,33,0,1,867.2,1165.8,298.6,2,2,85.7,0.0,75.0,101.8,36.1,85.7
2026-09-19 22:20:26,mfsweep_shard0,LRT_MMUR,59,4082.36,34,0,1,893.4,1908.3,1014.8,2,2,66.0,0.2,91.8,99.7,711.2,112.0
2026-09-19 22:20:26,mfsweep_shard0,LRT_MMUR,59,4082.36,35,0,1,919.7,1482.9,563.2,2,2,71.8,0.0,81.0,84.4,326.0,71.8
2026-09-19 22:20:26,mfsweep_shard0,LRT_MMUR,59,4082.36,36,0,1,946.0,1255.0,309.0,2,2,80.9,0.0,94.9,133.1,0.0,80.9
2026-09-19 22:20:26,mfsweep_shard0,LRT_MMUR,59,4082.36,37,0,1,972.3,1341.1,368.9,2,2,74.0,0.0,68.5,68.8,157.6,74.0
2026-09-19 22:20:26,mfsweep_shard0,LRT_MMUR,59,4082.36,38,0,1,998.5,1287.8,289.2,2,2,82.0,0.0,53.7,90.4,63.1,82.0
2026-09-19 22:20:26,mfsweep_shard0,LRT_MMUR,59,4082.36,39,0,1,1024.8,1272.7,247.8,2,2,72.6,0.0,21.3,153.9,0.0,72.6
2026-09-19 22:20:26,mfsweep_shard0,LRT_MMUR,59,4082.36,40,0,1,1051.1,1335.5,284.4,2,2,76.8,0.0,42.8,124.5,40.3,76.8
2026-09-19 22:20:26,mfsweep_shard0,LRT_MMUR,59,4082.36,41,0,1,1077.4,1790.5,713.1,2,2,55.1,0.0,85.6,181.9,390.5,55.1
2026-09-19 22:20:26,mfsweep_shard0,LRT_MMUR,59,4082.36,42,0,1,1103.7,1659.1,555.4,2,2,61.1,0.0,97.5,141.9,254.9,61.1
2026-09-19 22:20:26,mfsweep_shard0,LRT_MMUR,59,4082.36,43,0,1,1129.9,1320.3,190.4,2,2,63.1,0.0,20.1,79.5,27.6,63.1
2026-09-19 22:20:26,mfsweep_shard0,LRT_MMUR,59,4082.36,44,0,1,1156.2,1756.9,600.7,2,2,56.2,0.1,68.2,158.2,318.0,56.2
2026-09-19 22:20:26,mfsweep_shard0,LRT_MMUR,59,4082.36,45,0,1,1182.5,1605.9,423.4,2,2,61.2,0.1,99.5,110.3,138.1,75.4
2026-09-19 22:20:26,mfsweep_shard0,LRT_MMUR,59,4082.36,46,0,1,1208.8,1708.9,500.1,2,2,56.9,0.1,96.0,162.7,184.5,56.9
2026-09-19 22:20:26,mfsweep_shard0,LRT_MMUR,59,4082.36,47,0,1,1235.0,1525.8,290.7,2,2,62.7,0.1,89.5,98.0,40.3,62.7
2026-09-19 22:20:26,mfsweep_shard0,LRT_MMUR,59,4082.36,48,0,1,1261.3,1421.2,159.9,2,2,74.5,0.0,21.1,64.2,0.0,74.5
2026-09-19 22:20:26,mfsweep_shard0,LRT_MMUR,59,4082.36,49,0,1,1287.6,1548.4,260.8,2,2,65.6,0.0,96.6,73.3,25.3,65.6
2026-09-19 22:20:26,mfsweep_shard0,LRT_MMUR,59,4082.36,50,0,1,1313.9,1543.3,229.4,2,2,65.8,0.0,67.7,95.9,0.0,65.8
2026-09-19 22:20:26,mfsweep_shard0,LRT_MMUR,59,4082.36,51,0,1,1340.2,2016.8,676.6,2,2,60.5,0.0,52.7,74.1,489.4,60.5
2026-09-19 22:20:26,mfsweep_shard0,LRT_MMUR,59,4082.36,52,0,1,1366.4,1583.8,217.4,2,2,62.4,0.0,57.0,79.0,18.9,62.4
2026-09-19 22:20:26,mfsweep_shard0,LRT_MMUR,59,4082.36,53,0,1,1392.7,1616.4,223.7,2,2,84.5,0.0,26.4,72.3,40.5,84.5
2026-09-19 22:20:26,mfsweep_shard0,LRT_MMUR,59,4082.36,54,0,1,1419.0,1686.8,267.9,2,2,74.9,0.0,38.1,68.2,86.6,74.9
2026-09-19 22:20:26,mfsweep_shard0,LRT_MMUR,59,4082.36,55,0,1,1445.3,1822.6,377.3,2,2,73.6,0.0,27.7,90.3,185.6,73.6
2026-09-19 22:20:26,mfsweep_shard0,LRT_MMUR,59,4082.36,56,0,1,1471.5,2057.6,586.1,2,2,59.2,0.0,104.4,70.5,352.0,59.2
2026-09-19 22:20:26,mfsweep_shard0,LRT_MMUR,59,4082.36,57,0,1,1497.8,1795.2,297.4,2,2,77.6,0.0,116.1,90.1,13.7,77.6
2026-09-19 22:20:26,mfsweep_shard0,LRT_MMUR,59,4082.36,58,0,1,1524.1,2478.3,954.2,2,2,58.9,0.0,90.1,121.9,683.3,58.9
2026-09-19 22:20:26,mfsweep_shard0,LRT_MMUR,59,4082.36,59,0,1,1550.4,1872.0,321.7,2,2,66.1,0.0,77.1,67.4,111.0,66.1
2026-09-19 22:20:26,mfsweep_shard0,LRT_MMUR,59,4082.36,60,0,1,1576.6,1803.1,226.5,2,2,86.2,0.0,66.8,73.5,0.0,86.2
2026-09-19 22:20:26,mfsweep_shard0,LRT_MMUR,59,4082.36,61,0,1,1602.9,1876.5,273.6,2,2,74.7,0.0,60.3,93.5,45.1,74.7
2026-09-19 22:20:26,mfsweep_shard0,LRT_MMUR,59,4082.36,62,0,1,1629.2,2127.1,497.9,2,2,71.9,0.0,49.2,104.2,272.6,71.9
2026-09-19 22:20:26,mfsweep_shard0,LRT_MMUR,59,4082.36,63,0,1,1655.5,2072.3,416.8,2,2,76.1,0.0,43.2,110.4,187.1,76.1
2026-09-19 22:20:26,mfsweep_shard0,LRT_MMUR,59,4082.36,64,0,1,1681.8,1915.1,233.4,2,2,81.4,0.0,22.1,119.4,10.5,81.4
2026-09-19 22:20:26,mfsweep_shard0,LRT_MMUR,59,4082.36,65,0,1,1708.0,2021.2,313.1,2,2,79.2,0.0,56.4,114.6,62.9,79.2
2026-09-19 22:20:26,mfsweep_shard0,LRT_MMUR,59,4082.36,66,0,1,1734.3,2415.8,681.5,2,2,61.1,0.0,53.6,163.1,403.6,61.1
2026-09-19 22:20:26,mfsweep_shard0,LRT_MMUR,59,4082.36,67,0,1,1760.6,1928.5,168.0,2,2,54.6,0.0,35.3,78.0,0.0,54.6
2026-09-19 22:20:26,mfsweep_shard0,LRT_MMUR,59,4082.36,68,0,1,1786.9,1963.9,177.0,2,2,64.0,0.0,36.0,66.6,10.4,64.0
2026-09-19 22:20:26,mfsweep_shard0,LRT_MMUR,59,4082.36,69,0,1,1813.1,2356.3,543.2,2,2,62.4,0.1,81.3,113.4,269.5,78.9
2026-09-19 22:20:26,mfsweep_shard0,LRT_MMUR,59,4082.36,70,0,1,1839.4,2429.9,590.4,2,2,60.5,0.1,55.9,110.5,363.4,60.5
2026-09-19 22:20:26,mfsweep_shard0,LRT_MMUR,59,4082.36,71,0,1,1865.7,2186.4,320.7,2,2,84.7,0.1,107.1,82.8,46.1,84.7
2026-09-19 22:20:26,mfsweep_shard0,LRT_MMUR,59,4082.36,72,0,1,1892.0,2251.7,359.7,2,2,82.5,0.0,76.4,121.1,79.7,82.5
2026-09-19 22:20:26,mfsweep_shard0,LRT_MMUR,59,4082.36,73,0,1,1918.3,2278.4,360.1,2,2,63.9,0.0,20.4,119.9,155.9,63.9
2026-09-19 22:20:26,mfsweep_shard0,LRT_MMUR,59,4082.36,74,0,1,1944.5,2256.5,311.9,2,2,75.2,0.0,75.0,108.8,52.9,75.2
2026-09-19 22:20:26,mfsweep_shard0,LRT_MMUR,59,4082.36,75,0,1,1970.8,2826.5,855.7,2,2,66.6,0.0,48.1,126.7,614.3,66.6
2026-09-19 22:20:26,mfsweep_shard0,LRT_MMUR,59,4082.36,76,0,1,1997.1,2172.6,175.6,2,2,83.7,0.0,21.6,70.2,0.0,83.7
2026-09-19 22:20:26,mfsweep_shard0,LRT_MMUR,59,4082.36,77,0,1,2023.4,2365.1,341.7,2,2,68.7,0.0,44.6,72.0,156.4,68.7
2026-09-19 22:20:26,mfsweep_shard0,LRT_MMUR,59,4082.36,78,0,1,2049.6,2938.4,888.7,2,2,62.3,0.0,44.6,79.8,702.0,62.3
2026-09-19 22:20:26,mfsweep_shard0,LRT_MMUR,59,4082.36,79,0,1,2075.9,3033.6,957.7,2,2,61.7,0.0,71.7,86.9,737.4,61.7
2026-09-19 22:20:26,mfsweep_shard0,LRT_MMUR,59,4082.36,80,0,1,2102.2,2306.9,204.7,2,2,72.1,0.0,37.8,63.7,31.1,72.1
2026-09-19 22:20:26,mfsweep_shard0,LRT_MMUR,59,4082.36,81,0,1,2128.5,2965.8,837.3,2,2,62.2,0.0,53.5,73.6,648.0,62.2
2026-09-19 22:20:26,mfsweep_shard0,LRT_MMUR,59,4082.36,82,0,1,2154.7,2535.8,381.0,2,2,72.8,0.0,50.8,74.2,183.1,72.8
2026-09-19 22:20:26,mfsweep_shard0,LRT_MMUR,59,4082.36,83,0,1,2181.0,2443.1,262.1,2,2,83.2,0.0,47.1,129.9,2.0,83.2
2026-09-19 22:20:26,mfsweep_shard0,LRT_MMUR,59,4082.36,84,0,1,2207.3,2613.1,405.8,2,2,66.7,0.0,48.9,135.3,154.8,66.7
2026-09-19 22:20:26,mfsweep_shard0,LRT_MMUR,59,4082.36,85,0,1,2233.6,3052.1,818.5,2,2,60.8,0.0,30.5,144.7,582.5,60.8
2026-09-19 22:20:26,mfsweep_shard0,LRT_MMUR,59,4082.36,86,0,1,2259.9,2517.3,257.4,2,2,86.5,0.0,70.5,67.1,33.4,86.5
2026-09-19 22:20:26,mfsweep_shard0,LRT_MMUR,59,4082.36,87,0,1,2286.1,2675.5,389.3,2,2,70.4,0.0,94.0,125.2,46.2,123.9
2026-09-19 22:20:26,mfsweep_shard0,LRT_MMUR,59,4082.36,88,0,1,2312.4,2483.0,170.5,2,2,56.5,0.0,42.4,71.6,0.0,56.5
2026-09-19 22:20:26,mfsweep_shard0,LRT_MMUR,59,4082.36,89,0,1,2338.7,3196.0,857.3,2,2,55.1,0.0,88.9,102.9,610.4,55.1
2026-09-19 22:20:26,mfsweep_shard0,LRT_MMUR,59,4082.36,90,0,1,2365.0,3094.8,729.8,2,2,57.2,0.1,61.5,122.9,488.2,57.2
2026-09-19 22:20:26,mfsweep_shard0,LRT_MMUR,59,4082.36,91,0,1,2391.2,2688.8,297.6,2,2,74.3,0.0,80.5,83.3,59.5,74.3
2026-09-19 22:20:26,mfsweep_shard0,LRT_MMUR,59,4082.36,92,0,1,2417.5,2590.2,172.7,2,2,79.7,0.0,21.0,70.1,1.8,79.7
2026-09-19 22:20:26,mfsweep_shard0,LRT_MMUR,59,4082.36,93,0,1,2443.8,2707.0,263.2,2,2,67.5,0.0,42.1,121.3,32.4,67.5
2026-09-19 22:20:26,mfsweep_shard0,LRT_MMUR,59,4082.36,94,0,1,2470.1,3141.5,671.5,2,2,55.6,0.0,49.4,125.4,441.0,55.6
2026-09-19 22:20:26,mfsweep_shard0,LRT_MMUR,59,4082.36,95,0,1,2496.4,2867.1,370.7,2,2,66.1,0.0,62.9,118.1,123.5,66.1
2026-09-19 22:20:26,mfsweep_shard0,LRT_MMUR,59,4082.36,96,0,1,2522.6,2711.8,189.1,2,2,86.4,0.0,23.7,79.0,0.0,86.4
2026-09-19 22:20:26,mfsweep_shard0,LRT_MMUR,59,4082.36,97,0,1,2548.9,2785.2,236.3,2,2,71.0,0.0,71.1,76.4,17.7,71.0
2026-09-19 22:20:26,mfsweep_shard0,LRT_MMUR,59,4082.36,98,0,1,2575.2,2803.8,228.6,2,2,85.6,0.0,38.0,68.7,36.3,85.6
2026-09-19 22:20:26,mfsweep_shard0,LRT_MMUR,59,4082.36,99,0,1,2601.5,2886.4,284.9,2,2,82.0,0.0,58.5,69.0,75.5,82.0
2026-09-19 22:20:26,mfsweep_shard0,LRT_MMUR,59,4082.36,100,0,1,2627.7,4044.2,1416.5,2,2,53.9,0.0,101.6,98.0,1127.9,88.9
2026-09-19 22:20:26,mfsweep_shard0,LRT_MMUR,59,4082.36,101,0,1,2654.0,2957.0,303.0,2,2,77.3,0.0,77.5,83.8,64.4,77.3
2026-09-19 22:20:26,mfsweep_shard0,LRT_MMUR,59,4082.36,102,0,1,2680.3,3008.2,327.9,2,2,76.0,0.0,77.0,71.3,103.6,76.0
2026-09-19 22:20:26,mfsweep_shard0,LRT_MMUR,59,4082.36,103,0,1,2706.6,3085.6,379.0,2,2,71.3,0.0,58.7,65.6,183.4,71.3
2026-09-19 22:20:26,mfsweep_shard0,LRT_MMUR,59,4082.36,104,0,1,2732.9,3215.4,482.5,2,2,62.4,0.0,53.2,69.8,297.2,62.4
2026-09-19 22:20:26,mfsweep_shard0,LRT_MMUR,59,4082.36,105,0,1,2759.1,3056.8,297.6,2,2,74.7,0.0,67.7,81.7,73.5,74.7
2026-09-19 22:20:26,mfsweep_shard0,LRT_MMUR,59,4082.36,106,0,1,2785.4,3245.1,459.7,2,2,57.2,0.0,80.5,69.5,252.5,57.2
2026-09-19 22:20:26,mfsweep_shard0,LRT_MMUR,59,4082.36,107,0,1,2811.7,3209.0,397.3,2,2,67.9,0.0,96.2,88.4,144.7,67.9
2026-09-19 22:20:26,mfsweep_shard0,LRT_MMUR,59,4082.36,108,0,1,2838.0,3090.1,252.1,2,2,68.5,0.0,32.4,151.2,0.0,68.5
2026-09-19 22:20:26,mfsweep_shard0,LRT_MMUR,59,4082.36,109,0,1,2864.2,3161.8,297.6,2,2,85.0,0.0,64.8,115.2,32.6,85.0
2026-09-19 22:20:26,mfsweep_shard0,LRT_MMUR,59,4082.36,110,0,1,2890.5,3281.8,391.3,2,2,82.4,0.0,23.4,114.8,170.7,82.4
2026-09-19 22:20:26,mfsweep_shard0,LRT_MMUR,59,4082.36,111,0,1,2916.8,3917.8,1001.0,2,2,62.2,0.0,41.0,112.3,785.4,62.2
2026-09-19 22:20:26,mfsweep_shard0,LRT_MMUR,59,4082.36,112,0,1,2943.1,3773.5,830.4,2,2,70.1,0.0,47.2,62.8,650.3,70.1
2026-09-19 22:20:26,mfsweep_shard0,LRT_MMUR,59,4082.36,113,0,1,2969.3,3961.7,992.4,2,2,59.4,0.0,41.5,68.5,822.9,59.4
2026-09-19 22:20:26,mfsweep_shard0,LRT_MMUR,59,4082.36,114,0,1,2995.6,3230.8,235.1,2,2,83.7,0.1,31.4,85.7,34.3,83.7
2026-09-19 22:20:26,mfsweep_shard0,LRT_MMUR,59,4082.36,115,0,1,3021.9,3372.9,351.0,2,2,82.3,0.0,54.5,78.9,135.3,82.3
2026-09-19 22:20:26,mfsweep_shard0,LRT_MMUR,59,4082.36,116,0,1,3048.2,3875.0,826.8,2,2,63.4,0.0,45.8,110.5,607.1,63.4
2026-09-19 22:20:26,mfsweep_shard0,LRT_MMUR,59,4082.36,117,0,1,3074.5,3555.8,481.4,2,2,74.6,0.0,46.1,124.8,235.8,74.6
2026-09-19 22:20:26,mfsweep_shard0,LRT_MMUR,59,4082.36,118,0,1,3100.7,3623.9,523.1,2,2,73.6,0.0,61.7,132.0,255.8,73.6
2026-09-19 22:20:26,mfsweep_shard0,LRT_MMUR,59,4082.36,119,0,1,3127.0,4004.9,877.9,2,2,58.6,0.0,74.5,64.9,679.9,58.6
2026-09-19 22:20:26,mfsweep_shard0,LRT_MMUR,59,4082.36,120,0,1,3153.3,3441.4,288.1,2,2,78.7,0.0,44.7,78.9,85.8,78.7
2026-09-19 22:20:26,mfsweep_shard0,LRT_MMUR,59,4082.36,121,0,1,3179.6,3663.4,483.8,2,2,71.3,0.0,49.9,62.8,299.8,71.3
2026-09-19 22:20:26,mfsweep_shard0,LRT_MMUR,59,4082.36,122,0,1,3205.8,3497.0,291.2,2,2,79.2,0.0,67.5,82.0,62.4,79.2
2026-09-19 22:20:26,mfsweep_shard0,LRT_MMUR,59,4082.36,123,0,1,3232.1,3717.5,485.3,2,2,71.0,0.0,43.3,62.8,308.1,71.0
2026-09-19 22:20:26,mfsweep_shard0,LRT_MMUR,59,4082.36,124,0,1,3258.4,4082.4,824.0,2,2,53.6,0.0,61.4,70.1,638.9,53.6
2026-09-19 22:20:26,mfsweep_shard0,LRT_MMUR,59,4082.36,125,0,1,3284.7,3821.3,536.7,2,2,64.2,0.0,70.2,67.5,334.8,64.2
2026-09-19 22:20:26,mfsweep_shard0,LRT_MMUR,59,4082.36,126,0,1,3311.0,3521.4,210.4,2,2,54.2,0.0,80.5,75.7,0.0,54.2
2026-09-19 22:20:26,mfsweep_shard0,LRT_MMUR,59,4082.36,127,0,1,3337.2,3583.6,246.4,2,2,84.2,0.0,61.4,79.5,21.2,84.2
2026-09-19 22:20:26,mfsweep_shard0,LRT_MMUR,59,4082.36,128,0,1,3363.5,3649.7,286.2,2,2,82.5,0.0,49.2,82.9,71.5,82.5
2026-09-19 22:20:26,mfsweep_shard0,LRT_MMUR,59,4082.36,129,0,1,3389.8,3707.1,317.3,2,2,81.0,0.0,50.8,77.2,108.3,81.0
2026-09-19 22:20:26,mfsweep_shard0,LRT_MMUR,59,4082.36,130,0,1,3416.1,3749.5,333.5,2,2,63.7,0.0,63.8,66.4,139.6,63.7
2026-09-19 22:20:26,mfsweep_shard0,LRT_MMUR,59,4082.36,131,0,1,3442.3,3909.6,467.3,2,2,55.5,0.0,79.6,62.9,269.2,55.5
2026-09-19 22:20:26,mfsweep_shard0,LRT_MMUR,59,4082.36,132,0,1,3468.6,3657.4,188.8,2,2,82.5,0.0,41.0,65.3,0.0,82.5
2026-09-19 22:20:26,mfsweep_shard0,LRT_MMUR,59,4082.36,133,0,1,3494.9,3732.5,237.6,2,2,84.8,0.0,80.0,62.9,9.8,84.8
2026-09-19 22:20:26,mfsweep_shard0,LRT_MMUR,59,4082.36,134,0,1,3521.2,3829.3,308.1,2,2,56.4,0.0,49.9,62.9,138.9,56.4
2026-09-19 22:20:26,mfsweep_shard0,LRT_MMUR,59,4082.36,135,0,1,3547.5,3787.4,240.0,2,2,69.6,0.0,67.8,71.5,31.1,69.6
2026-09-19 22:20:26,mfsweep_shard0,LRT_MMUR,59,4082.36,136,0,1,3573.7,3869.6,295.9,2,2,55.8,0.0,68.7,62.9,108.4,55.8
2026-09-19 22:24:16,mfsweep_shard0,LRT_MMUR,60,4507.66,0,0,1,0.0,206.4,206.4,2,2,74.6,0.0,56.1,75.7,0.0,74.6
2026-09-19 22:24:16,mfsweep_shard0,LRT_MMUR,60,4507.66,1,0,1,26.3,292.3,266.1,2,2,54.4,0.0,78.1,105.5,23.7,58.7
2026-09-19 22:24:16,mfsweep_shard0,LRT_MMUR,60,4507.66,2,0,1,52.6,260.0,207.5,2,2,62.6,0.0,75.8,69.0,0.0,62.6
2026-09-19 22:24:16,mfsweep_shard0,LRT_MMUR,60,4507.66,3,0,1,78.8,841.1,762.3,2,2,60.9,0.0,129.0,146.8,411.6,74.9
2026-09-19 22:24:16,mfsweep_shard0,LRT_MMUR,60,4507.66,4,0,1,105.1,375.2,270.1,2,2,77.8,0.0,57.7,107.6,26.9,77.8
2026-09-19 22:24:16,mfsweep_shard0,LRT_MMUR,60,4507.66,5,0,1,131.4,677.6,546.2,2,2,75.9,0.0,73.1,174.3,197.7,101.0
2026-09-19 22:24:16,mfsweep_shard0,LRT_MMUR,60,4507.66,6,0,1,157.7,455.8,298.1,2,2,83.0,0.0,77.1,127.9,10.1,83.0
2026-09-19 22:24:16,mfsweep_shard0,LRT_MMUR,60,4507.66,7,0,1,183.9,906.6,722.7,2,2,56.4,0.1,127.4,139.4,399.3,56.4
2026-09-19 22:24:16,mfsweep_shard0,LRT_MMUR,60,4507.66,8,0,1,210.2,836.4,626.2,2,2,67.5,0.1,147.0,124.0,287.7,67.5
2026-09-19 22:24:16,mfsweep_shard0,LRT_MMUR,60,4507.66,9,0,1,236.5,438.1,201.6,2,2,54.5,0.0,62.7,84.4,0.0,54.5
2026-09-19 22:24:16,mfsweep_shard0,LRT_MMUR,60,4507.66,10,0,1,262.8,494.9,232.1,2,2,60.8,0.0,83.6,67.8,20.0,60.8
2026-09-19 22:24:16,mfsweep_shard0,LRT_MMUR,60,4507.66,11,0,1,289.1,525.9,236.9,2,2,70.2,0.0,69.3,69.0,28.3,70.2
2026-09-19 22:24:16,mfsweep_shard0,LRT_MMUR,60,4507.66,12,0,1,315.3,508.7,193.3,2,2,54.4,0.0,64.3,74.6,0.0,54.4
2026-09-19 22:24:16,mfsweep_shard0,LRT_MMUR,60,4507.66,13,0,1,341.6,617.2,275.6,2,2,60.1,0.0,65.7,145.2,4.6,60.1
2026-09-19 22:24:16,mfsweep_shard0,LRT_MMUR,60,4507.66,14,0,1,367.9,682.4,314.5,2,2,75.0,0.0,47.9,152.5,39.1,75.0
2026-09-19 22:24:16,mfsweep_shard0,LRT_MMUR,60,4507.66,15,0,1,394.2,734.3,340.2,2,2,71.5,0.0,97.9,117.6,53.1,71.5
2026-09-19 22:24:16,mfsweep_shard0,LRT_MMUR,60,4507.66,16,0,1,420.4,1740.6,1320.2,2,2,60.8,0.0,220.0,189.0,850.3,60.8
2026-09-19 22:24:16,mfsweep_shard0,LRT_MMUR,60,4507.66,17,0,1,446.7,1469.3,1022.6,2,2,73.0,0.1,174.6,173.9,549.5,124.5
2026-09-19 22:24:16,mfsweep_shard0,LRT_MMUR,60,4507.66,18,0,1,473.0,921.1,448.1,2,2,80.3,0.1,118.4,155.8,35.8,138.0
2026-09-19 22:24:16,mfsweep_shard0,LRT_MMUR,60,4507.66,19,0,1,499.3,717.1,217.8,2,2,53.8,0.0,52.1,111.9,0.0,53.8
2026-09-19 22:24:16,mfsweep_shard0,LRT_MMUR,60,4507.66,20,0,1,525.6,1026.8,501.2,2,2,80.1,0.1,77.1,144.2,199.7,80.1
2026-09-19 22:24:16,mfsweep_shard0,LRT_MMUR,60,4507.66,21,0,1,551.8,772.8,221.0,2,2,76.6,0.0,37.7,106.7,0.0,76.6
2026-09-19 22:24:16,mfsweep_shard0,LRT_MMUR,60,4507.66,22,0,1,578.1,813.2,235.1,2,2,64.8,0.0,61.9,85.3,23.0,64.8
2026-09-19 22:24:16,mfsweep_shard0,LRT_MMUR,60,4507.66,23,0,1,604.4,1800.3,1196.0,2,2,58.7,0.1,138.4,139.5,859.3,58.7
2026-09-19 22:24:16,mfsweep_shard0,LRT_MMUR,60,4507.66,24,0,1,630.7,985.1,354.4,2,2,85.1,0.0,113.6,101.7,53.9,85.1
2026-09-19 22:24:16,mfsweep_shard0,LRT_MMUR,60,4507.66,25,0,1,656.9,1694.4,1037.4,2,2,64.7,0.1,100.6,152.7,719.3,64.7
2026-09-19 22:24:16,mfsweep_shard0,LRT_MMUR,60,4507.66,26,0,1,683.2,1867.9,1184.7,2,2,56.6,0.0,95.0,137.0,896.1,56.6
2026-09-19 22:24:16,mfsweep_shard0,LRT_MMUR,60,4507.66,27,0,1,709.5,1846.0,1136.5,2,2,56.7,0.0,96.4,150.0,833.3,56.7
2026-09-19 22:24:16,mfsweep_shard0,LRT_MMUR,60,4507.66,28,0,1,735.8,1040.9,305.1,2,2,81.5,0.0,57.3,137.0,29.2,81.5
2026-09-19 22:24:16,mfsweep_shard0,LRT_MMUR,60,4507.66,29,0,1,762.0,945.9,183.8,2,2,73.5,0.0,39.7,70.6,0.0,73.5
2026-09-19 22:24:16,mfsweep_shard0,LRT_MMUR,60,4507.66,30,0,1,788.3,1095.4,307.1,2,2,80.2,0.0,46.0,80.5,100.4,80.2
2026-09-19 22:24:16,mfsweep_shard0,LRT_MMUR,60,4507.66,31,0,1,814.6,1217.9,403.3,2,2,77.6,0.0,45.6,86.2,193.8,77.6
2026-09-19 22:24:16,mfsweep_shard0,LRT_MMUR,60,4507.66,32,0,1,840.9,1597.0,756.1,2,2,71.2,0.0,53.9,134.1,496.8,71.2
2026-09-19 22:24:16,mfsweep_shard0,LRT_MMUR,60,4507.66,33,0,1,867.2,1159.5,292.4,2,2,85.7,0.0,43.7,128.7,34.3,85.7
2026-09-19 22:24:16,mfsweep_shard0,LRT_MMUR,60,4507.66,34,0,1,893.4,1645.6,752.2,2,2,66.0,0.0,51.8,122.7,511.6,66.0
2026-09-19 22:24:16,mfsweep_shard0,LRT_MMUR,60,4507.66,35,0,1,919.7,1504.5,584.8,2,2,71.8,0.0,55.7,91.2,366.1,71.8
2026-09-19 22:24:16,mfsweep_shard0,LRT_MMUR,60,4507.66,36,0,1,946.0,1369.8,423.8,2,2,80.9,0.0,106.8,124.6,99.9,92.5
2026-09-19 22:24:16,mfsweep_shard0,LRT_MMUR,60,4507.66,37,0,1,972.3,1417.5,445.2,2,2,74.0,0.0,81.4,86.5,203.3,74.0
2026-09-19 22:24:16,mfsweep_shard0,LRT_MMUR,60,4507.66,38,0,1,998.5,1294.0,295.5,2,2,82.0,0.0,85.0,79.2,49.3,82.0
2026-09-19 22:24:16,mfsweep_shard0,LRT_MMUR,60,4507.66,39,0,1,1024.8,1255.2,230.4,2,2,72.6,0.0,84.1,73.6,0.0,72.6
2026-09-19 22:24:16,mfsweep_shard0,LRT_MMUR,60,4507.66,40,0,1,1051.1,1312.5,261.4,2,2,76.8,0.0,55.5,115.0,14.0,76.8
2026-09-19 22:24:16,mfsweep_shard0,LRT_MMUR,60,4507.66,41,0,1,1077.4,1260.0,182.6,2,2,55.1,0.0,27.7,99.8,0.0,55.1
2026-09-19 22:24:16,mfsweep_shard0,LRT_MMUR,60,4507.66,42,0,1,1103.7,1365.0,261.3,2,2,61.1,0.0,40.3,75.7,84.3,61.1
2026-09-19 22:24:16,mfsweep_shard0,LRT_MMUR,60,4507.66,43,0,1,1129.9,1333.9,204.0,2,2,63.1,0.0,49.6,85.6,5.7,63.1
2026-09-19 22:24:16,mfsweep_shard0,LRT_MMUR,60,4507.66,44,0,1,1156.2,1360.5,204.3,2,2,56.2,0.0,71.1,77.0,0.0,56.2
2026-09-19 22:24:16,mfsweep_shard0,LRT_MMUR,60,4507.66,45,0,1,1182.5,1422.3,239.8,2,2,61.2,0.0,83.4,72.1,23.0,61.2
2026-09-19 22:24:16,mfsweep_shard0,LRT_MMUR,60,4507.66,46,0,1,1208.8,1491.7,283.0,2,2,56.9,0.0,43.8,72.5,109.8,56.9
2026-09-19 22:24:16,mfsweep_shard0,LRT_MMUR,60,4507.66,47,0,1,1235.0,1452.4,217.3,2,2,62.7,0.0,53.3,70.2,31.1,62.7
2026-09-19 22:24:16,mfsweep_shard0,LRT_MMUR,60,4507.66,48,0,1,1261.3,1532.5,271.2,2,2,74.5,0.0,51.1,121.8,23.8,74.5
2026-09-19 22:24:16,mfsweep_shard0,LRT_MMUR,60,4507.66,49,0,1,1287.6,1459.7,172.1,2,2,65.6,0.0,28.7,77.7,0.0,65.6
2026-09-19 22:24:16,mfsweep_shard0,LRT_MMUR,60,4507.66,50,0,1,1313.9,1568.9,255.1,2,2,65.8,0.0,46.5,73.6,69.2,65.8
2026-09-19 22:24:16,mfsweep_shard0,LRT_MMUR,60,4507.66,51,0,1,1340.2,1752.3,412.1,2,2,60.5,0.0,37.6,90.5,223.6,60.5
2026-09-19 22:24:16,mfsweep_shard0,LRT_MMUR,60,4507.66,52,0,1,1366.4,1717.6,351.1,2,2,62.4,0.0,55.1,95.7,138.0,62.4
2026-09-19 22:24:16,mfsweep_shard0,LRT_MMUR,60,4507.66,53,0,1,1392.7,1680.2,287.5,2,2,84.5,0.0,71.8,107.4,23.8,84.5
2026-09-19 22:24:16,mfsweep_shard0,LRT_MMUR,60,4507.66,54,0,1,1419.0,1631.1,212.1,2,2,74.9,0.0,68.2,69.0,0.0,74.9
2026-09-19 22:24:16,mfsweep_shard0,LRT_MMUR,60,4507.66,55,0,1,1445.3,1701.0,255.7,2,2,73.6,0.0,80.8,72.4,28.9,73.6
2026-09-19 22:24:16,mfsweep_shard0,LRT_MMUR,60,4507.66,56,0,1,1471.5,2096.6,625.1,2,2,59.2,0.0,56.4,68.4,441.1,59.2
2026-09-19 22:24:16,mfsweep_shard0,LRT_MMUR,60,4507.66,57,0,1,1497.8,1757.0,259.2,2,2,77.6,0.0,38.5,97.7,45.3,77.6
2026-09-19 22:24:16,mfsweep_shard0,LRT_MMUR,60,4507.66,58,0,1,1524.1,2172.5,648.4,2,2,58.9,0.0,75.2,120.1,394.1,58.9
2026-09-19 22:24:16,mfsweep_shard0,LRT_MMUR,60,4507.66,59,0,1,1550.4,2043.0,492.6,2,2,66.1,0.0,32.2,85.9,308.5,66.1
2026-09-19 22:24:16,mfsweep_shard0,LRT_MMUR,60,4507.66,60,0,1,1576.6,1889.5,312.9,2,2,86.2,0.0,74.2,123.6,28.8,86.2
2026-09-19 22:24:16,mfsweep_shard0,LRT_MMUR,60,4507.66,61,0,1,1602.9,1929.5,326.6,2,2,74.7,0.0,44.5,64.3,143.0,74.7
2026-09-19 22:24:16,mfsweep_shard0,LRT_MMUR,60,4507.66,62,0,1,1629.2,2015.5,386.3,2,2,71.9,0.0,53.7,80.9,179.7,71.9
2026-09-19 22:24:16,mfsweep_shard0,LRT_MMUR,60,4507.66,63,0,1,1655.5,1915.3,259.8,2,2,76.1,0.0,41.7,106.1,35.8,76.1
2026-09-19 22:24:16,mfsweep_shard0,LRT_MMUR,60,4507.66,64,0,1,1681.8,1895.7,213.9,2,2,81.4,0.0,50.3,82.2,0.0,81.4
2026-09-19 22:24:16,mfsweep_shard0,LRT_MMUR,60,4507.66,65,0,1,1708.0,1938.9,230.8,2,2,79.2,0.0,34.2,75.7,41.8,79.2
2026-09-19 22:24:16,mfsweep_shard0,LRT_MMUR,60,4507.66,66,0,1,1734.3,1993.7,259.4,2,2,61.1,0.0,29.0,127.0,42.3,61.1
2026-09-19 22:24:16,mfsweep_shard0,LRT_MMUR,60,4507.66,67,0,1,1760.6,2696.3,935.7,2,2,54.6,0.0,72.6,144.8,663.7,54.6
2026-09-19 22:24:16,mfsweep_shard0,LRT_MMUR,60,4507.66,68,0,1,1786.9,2053.1,266.3,2,2,64.0,0.0,54.5,123.4,24.4,64.0
2026-09-19 22:24:16,mfsweep_shard0,LRT_MMUR,60,4507.66,69,0,1,1813.1,2404.6,591.4,2,2,62.4,0.1,81.8,188.5,258.7,62.4
2026-09-19 22:24:16,mfsweep_shard0,LRT_MMUR,60,4507.66,70,0,1,1839.4,2668.4,829.0,2,2,60.5,0.1,131.5,123.5,513.5,60.5
2026-09-19 22:24:16,mfsweep_shard0,LRT_MMUR,60,4507.66,71,0,1,1865.7,2133.4,267.7,2,2,84.7,0.0,60.7,80.3,42.0,84.7
2026-09-19 22:24:16,mfsweep_shard0,LRT_MMUR,60,4507.66,72,0,1,1892.0,2196.8,304.9,2,2,82.5,0.0,61.7,65.8,94.9,82.5
2026-09-19 22:24:16,mfsweep_shard0,LRT_MMUR,60,4507.66,73,0,1,1918.3,2591.0,672.7,2,2,63.9,0.1,88.5,101.3,410.6,72.2
2026-09-19 22:24:16,mfsweep_shard0,LRT_MMUR,60,4507.66,74,0,1,1944.5,2246.1,301.6,2,2,75.2,0.0,57.4,78.3,90.7,75.2
2026-09-19 22:24:16,mfsweep_shard0,LRT_MMUR,60,4507.66,75,0,1,1970.8,2182.8,212.0,2,2,66.6,0.0,62.3,83.1,0.0,66.6
2026-09-19 22:24:16,mfsweep_shard0,LRT_MMUR,60,4507.66,76,0,1,1997.1,2306.1,309.0,2,2,83.7,0.0,105.3,88.0,32.0,83.7
2026-09-19 22:24:16,mfsweep_shard0,LRT_MMUR,60,4507.66,77,0,1,2023.4,2343.9,320.5,2,2,68.7,0.0,59.4,171.8,20.6,68.7
2026-09-19 22:24:16,mfsweep_shard0,LRT_MMUR,60,4507.66,78,0,1,2049.6,2425.8,376.2,2,2,62.3,0.0,49.0,144.8,120.1,62.3
2026-09-19 22:24:16,mfsweep_shard0,LRT_MMUR,60,4507.66,79,0,1,2075.9,2467.3,391.3,2,2,61.7,0.0,55.3,120.9,153.4,61.7
2026-09-19 22:24:16,mfsweep_shard0,LRT_MMUR,60,4507.66,80,0,1,2102.2,2371.5,269.3,2,2,72.1,0.0,38.1,132.8,26.2,72.1
2026-09-19 22:24:16,mfsweep_shard0,LRT_MMUR,60,4507.66,81,0,1,2128.5,2293.2,164.7,2,2,62.2,0.0,31.0,71.5,0.0,62.2
2026-09-19 22:24:16,mfsweep_shard0,LRT_MMUR,60,4507.66,82,0,1,2154.7,2472.0,317.2,2,2,72.8,0.0,83.5,112.0,43.8,77.9
2026-09-19 22:24:16,mfsweep_shard0,LRT_MMUR,60,4507.66,83,0,1,2181.0,2547.0,365.9,2,2,83.2,0.0,132.6,93.2,56.9,83.2
2026-09-19 22:24:16,mfsweep_shard0,LRT_MMUR,60,4507.66,84,0,1,2207.3,2419.0,211.7,2,2,66.7,0.0,57.1,75.2,12.5,66.7
2026-09-19 22:24:16,mfsweep_shard0,LRT_MMUR,60,4507.66,85,0,1,2233.6,2452.8,219.3,2,2,60.8,0.0,53.4,105.0,0.0,60.8
2026-09-19 22:24:16,mfsweep_shard0,LRT_MMUR,60,4507.66,86,0,1,2259.9,2514.1,254.2,2,2,86.5,0.0,17.0,132.6,18.1,86.5
2026-09-19 22:24:16,mfsweep_shard0,LRT_MMUR,60,4507.66,87,0,1,2286.1,2606.9,320.8,2,2,70.4,0.0,69.4,147.0,34.0,70.4
2026-09-19 22:24:16,mfsweep_shard0,LRT_MMUR,60,4507.66,88,0,1,2312.4,2641.5,329.1,2,2,56.5,0.0,23.9,125.7,122.9,56.5
2026-09-19 22:24:16,mfsweep_shard0,LRT_MMUR,60,4507.66,89,0,1,2338.7,2663.5,324.8,2,2,55.1,0.0,24.8,67.1,177.8,55.1
2026-09-19 22:24:16,mfsweep_shard0,LRT_MMUR,60,4507.66,90,0,1,2365.0,2646.2,281.2,2,2,57.2,0.0,69.5,90.8,63.7,57.2
2026-09-19 22:24:16,mfsweep_shard0,LRT_MMUR,60,4507.66,91,0,1,2391.2,2620.3,229.1,2,2,74.3,0.0,68.3,86.5,0.0,74.3
2026-09-19 22:24:16,mfsweep_shard0,LRT_MMUR,60,4507.66,92,0,1,2417.5,2650.9,233.3,2,2,79.7,0.0,25.6,93.5,34.5,79.7
2026-09-19 22:24:16,mfsweep_shard0,LRT_MMUR,60,4507.66,93,0,1,2443.8,2717.5,273.7,2,2,67.5,0.0,71.5,89.3,45.4,67.5
2026-09-19 22:24:16,mfsweep_shard0,LRT_MMUR,60,4507.66,94,0,1,2470.1,2998.5,528.5,2,2,55.6,0.0,28.4,83.9,360.6,55.6
2026-09-19 22:24:16,mfsweep_shard0,LRT_MMUR,60,4507.66,95,0,1,2496.4,3022.9,526.6,2,2,66.1,0.0,85.7,112.7,262.0,66.1
2026-09-19 22:24:16,mfsweep_shard0,LRT_MMUR,60,4507.66,96,0,1,2522.6,2786.5,263.8,2,2,86.4,0.0,38.7,88.5,50.1,86.4
2026-09-19 22:24:16,mfsweep_shard0,LRT_MMUR,60,4507.66,97,0,1,2548.9,2939.1,390.2,2,2,71.0,0.0,74.5,78.7,166.0,71.0
2026-09-19 22:24:16,mfsweep_shard0,LRT_MMUR,60,4507.66,98,0,1,2575.2,2857.5,282.4,2,2,85.6,0.0,38.6,120.4,37.7,85.6
2026-09-19 22:24:16,mfsweep_shard0,LRT_MMUR,60,4507.66,99,0,1,2601.5,2866.9,265.5,2,2,82.0,0.0,33.8,149.6,0.0,82.0
2026-09-19 22:24:16,mfsweep_shard0,LRT_MMUR,60,4507.66,100,0,1,2627.7,3027.7,400.0,2,2,53.9,0.0,62.4,153.5,130.1,53.9
2026-09-19 22:24:16,mfsweep_shard0,LRT_MMUR,60,4507.66,101,0,1,2654.0,2884.9,230.9,2,2,77.3,0.0,19.3,120.0,14.3,77.3
2026-09-19 22:24:16,mfsweep_shard0,LRT_MMUR,60,4507.66,102,0,1,2680.3,2956.1,275.8,2,2,76.0,0.0,48.2,70.2,81.3,76.0
2026-09-19 22:24:16,mfsweep_shard0,LRT_MMUR,60,4507.66,103,0,1,2706.6,3645.8,939.2,2,2,71.3,0.0,177.7,174.5,361.6,225.4
2026-09-19 22:24:16,mfsweep_shard0,LRT_MMUR,60,4507.66,104,0,1,2732.9,4211.7,1478.8,2,2,62.4,0.1,242.2,198.7,975.5,62.4
2026-09-19 22:24:16,mfsweep_shard0,LRT_MMUR,60,4507.66,105,0,1,2759.1,3070.1,310.9,2,2,74.7,0.1,100.4,98.5,37.3,74.7
2026-09-19 22:24:16,mfsweep_shard0,LRT_MMUR,60,4507.66,106,0,1,2785.4,4345.9,1560.5,2,2,57.2,0.2,211.6,171.8,1119.7,57.2
2026-09-19 22:24:16,mfsweep_shard0,LRT_MMUR,60,4507.66,107,0,1,2811.7,4067.7,1256.0,2,2,67.9,0.2,177.2,214.2,796.5,67.9
2026-09-19 22:24:16,mfsweep_shard0,LRT_MMUR,60,4507.66,108,0,1,2838.0,3046.4,208.5,2,2,68.5,0.0,57.8,82.1,0.0,68.5
2026-09-19 22:24:16,mfsweep_shard0,LRT_MMUR,60,4507.66,109,0,1,2864.2,3108.4,244.1,2,2,85.0,0.0,41.4,90.2,27.5,85.0
2026-09-19 22:24:16,mfsweep_shard0,LRT_MMUR,60,4507.66,110,0,1,2890.5,3189.8,299.3,2,2,82.4,0.0,49.4,101.2,66.3,82.4
2026-09-19 22:24:16,mfsweep_shard0,LRT_MMUR,60,4507.66,111,0,1,2916.8,4259.3,1342.5,2,2,62.2,0.2,114.8,132.6,1032.7,62.2
2026-09-19 22:24:16,mfsweep_shard0,LRT_MMUR,60,4507.66,112,0,1,2943.1,3790.9,847.8,2,2,70.1,0.2,90.4,146.2,541.0,70.1
2026-09-19 22:24:16,mfsweep_shard0,LRT_MMUR,60,4507.66,113,0,1,2969.3,4303.3,1334.0,2,2,59.4,0.3,162.0,153.4,958.8,59.4
2026-09-19 22:24:16,mfsweep_shard0,LRT_MMUR,60,4507.66,114,0,1,2995.6,3226.7,231.1,2,2,83.7,0.0,49.6,69.5,28.3,83.7
2026-09-19 22:24:16,mfsweep_shard0,LRT_MMUR,60,4507.66,115,0,1,3021.9,3297.0,275.1,2,2,82.3,0.0,38.3,73.3,81.1,82.3
2026-09-19 22:24:16,mfsweep_shard0,LRT_MMUR,60,4507.66,116,0,1,3048.2,4164.7,1116.5,2,2,63.4,0.3,199.5,196.2,657.1,63.4
2026-09-19 22:24:16,mfsweep_shard0,LRT_MMUR,60,4507.66,117,0,1,3074.5,3353.3,278.8,2,2,74.6,0.0,55.4,72.8,76.0,74.6
2026-09-19 22:24:16,mfsweep_shard0,LRT_MMUR,60,4507.66,118,0,1,3100.7,3440.7,340.0,2,2,73.6,0.0,61.6,86.9,117.8,73.6
2026-09-19 22:24:16,mfsweep_shard0,LRT_MMUR,60,4507.66,119,0,1,3127.0,3650.6,523.6,2,2,58.6,0.0,117.1,89.9,229.2,87.3
2026-09-19 22:24:16,mfsweep_shard0,LRT_MMUR,60,4507.66,120,0,1,3153.3,3445.2,291.9,2,2,78.7,0.1,72.7,74.3,66.1,78.7
2026-09-19 22:24:16,mfsweep_shard0,LRT_MMUR,60,4507.66,121,0,1,3179.6,3409.9,230.3,2,2,71.3,0.0,66.3,86.6,6.1,71.3
2026-09-19 22:24:16,mfsweep_shard0,LRT_MMUR,60,4507.66,122,0,1,3205.8,3501.9,296.1,2,2,79.2,0.1,86.4,72.3,58.1,79.2
2026-09-19 22:24:16,mfsweep_shard0,LRT_MMUR,60,4507.66,123,0,1,3232.1,3551.3,319.1,2,2,71.0,0.0,21.0,70.2,156.9,71.0
2026-09-19 22:24:16,mfsweep_shard0,LRT_MMUR,60,4507.66,124,0,1,3258.4,3475.5,217.1,2,2,53.6,0.0,76.0,87.5,0.0,53.6
2026-09-19 22:24:16,mfsweep_shard0,LRT_MMUR,60,4507.66,125,0,1,3284.7,3560.8,276.1,2,2,64.2,0.0,108.7,69.8,33.3,64.2
2026-09-19 22:24:16,mfsweep_shard0,LRT_MMUR,60,4507.66,126,0,1,3311.0,4507.7,1196.7,2,2,54.2,0.2,115.4,158.0,869.0,54.2
2026-09-19 22:24:16,mfsweep_shard0,LRT_MMUR,60,4507.66,127,0,1,3337.2,3602.0,264.7,2,2,84.2,0.0,54.5,124.0,2.0,84.2
2026-09-19 22:24:16,mfsweep_shard0,LRT_MMUR,60,4507.66,128,0,1,3363.5,3881.3,517.8,2,2,82.5,0.2,180.5,164.5,39.8,132.8
2026-09-19 22:24:16,mfsweep_shard0,LRT_MMUR,60,4507.66,129,0,1,3389.8,4014.4,624.6,2,2,81.0,0.2,210.0,153.8,179.5,81.0
2026-09-19 22:24:16,mfsweep_shard0,LRT_MMUR,60,4507.66,130,0,1,3416.1,4115.9,699.9,2,2,63.7,0.2,220.4,110.1,305.5,63.7
2026-09-19 22:24:16,mfsweep_shard0,LRT_MMUR,60,4507.66,131,0,1,3442.3,4468.1,1025.8,2,2,55.5,0.3,203.6,128.3,638.2,55.5
2026-09-19 22:24:16,mfsweep_shard0,LRT_MMUR,60,4507.66,132,0,1,3468.6,3948.4,479.8,2,2,82.5,0.3,203.1,111.6,82.3,82.5
2026-09-19 22:24:16,mfsweep_shard0,LRT_MMUR,60,4507.66,133,0,1,3494.9,3804.9,310.0,2,2,84.8,0.0,85.3,134.0,5.9,84.8
2026-09-19 22:24:16,mfsweep_shard0,LRT_MMUR,60,4507.66,134,0,1,3521.2,4386.9,865.7,2,2,56.4,0.3,178.2,138.1,492.7,56.4
2026-09-19 22:24:16,mfsweep_shard0,LRT_MMUR,60,4507.66,135,0,1,3547.5,3772.9,225.4,2,2,69.6,0.0,71.3,80.4,4.1,69.6
2026-09-19 22:24:16,mfsweep_shard0,LRT_MMUR,60,4507.66,136,0,1,3573.7,4428.1,854.3,2,2,55.8,0.0,178.1,109.3,511.1,55.8
2026-09-19 22:28:11,mfsweep_shard0,LRT_MMUR,61,4557.94,0,0,1,0.0,206.1,206.1,2,2,74.6,0.0,56.1,75.4,0.0,74.6
2026-09-19 22:28:11,mfsweep_shard0,LRT_MMUR,61,4557.94,1,0,1,26.3,272.3,246.0,2,2,54.4,0.0,93.0,74.9,23.7,54.4
2026-09-19 22:28:11,mfsweep_shard0,LRT_MMUR,61,4557.94,2,0,1,52.6,469.6,417.1,2,2,62.6,0.0,117.1,113.9,85.3,100.7
2026-09-19 22:28:11,mfsweep_shard0,LRT_MMUR,61,4557.94,3,0,1,78.8,498.0,419.2,2,2,60.9,0.0,70.9,108.7,178.6,60.9
2026-09-19 22:28:11,mfsweep_shard0,LRT_MMUR,61,4557.94,4,0,1,105.1,321.0,215.8,2,2,77.8,0.0,20.4,117.5,0.0,77.8
2026-09-19 22:28:11,mfsweep_shard0,LRT_MMUR,61,4557.94,5,0,1,131.4,460.4,329.0,2,2,75.9,0.0,97.0,122.7,33.5,75.9
2026-09-19 22:28:11,mfsweep_shard0,LRT_MMUR,61,4557.94,6,0,1,157.7,533.9,376.2,2,2,83.0,0.0,74.9,193.9,10.7,96.7
2026-09-19 22:28:11,mfsweep_shard0,LRT_MMUR,61,4557.94,7,0,1,183.9,421.2,237.3,2,2,56.4,0.0,59.5,121.3,0.0,56.4
2026-09-19 22:28:11,mfsweep_shard0,LRT_MMUR,61,4557.94,8,0,1,210.2,456.1,245.9,2,2,67.5,0.0,51.3,92.7,34.4,67.5
2026-09-19 22:28:11,mfsweep_shard0,LRT_MMUR,61,4557.94,9,0,1,236.5,754.2,517.7,2,2,54.5,0.0,80.7,91.1,291.3,54.5
2026-09-19 22:28:11,mfsweep_shard0,LRT_MMUR,61,4557.94,10,0,1,262.8,624.9,362.1,2,2,60.8,0.0,71.8,70.5,159.0,60.8
2026-09-19 22:28:11,mfsweep_shard0,LRT_MMUR,61,4557.94,11,0,1,289.1,565.2,276.2,2,2,70.2,0.0,42.0,74.4,89.6,70.2
2026-09-19 22:28:11,mfsweep_shard0,LRT_MMUR,61,4557.94,12,0,1,315.3,777.4,462.1,2,2,54.4,0.0,52.2,116.7,238.7,54.4
2026-09-19 22:28:11,mfsweep_shard0,LRT_MMUR,61,4557.94,13,0,1,341.6,694.7,353.0,2,2,60.1,0.0,74.7,111.5,106.7,60.1
2026-09-19 22:28:11,mfsweep_shard0,LRT_MMUR,61,4557.94,14,0,1,367.9,579.0,211.1,2,2,75.0,0.0,33.5,102.6,0.0,75.0
2026-09-19 22:28:11,mfsweep_shard0,LRT_MMUR,61,4557.94,15,0,1,394.2,660.1,266.0,2,2,71.5,0.0,37.0,139.5,18.0,71.5
2026-09-19 22:28:11,mfsweep_shard0,LRT_MMUR,61,4557.94,16,0,1,420.4,1159.7,739.2,2,2,60.8,0.0,63.4,110.8,504.2,60.8
2026-09-19 22:28:11,mfsweep_shard0,LRT_MMUR,61,4557.94,17,0,1,446.7,986.8,540.0,2,2,73.0,0.1,86.0,122.8,258.2,73.0
2026-09-19 22:28:11,mfsweep_shard0,LRT_MMUR,61,4557.94,18,0,1,473.0,896.3,423.3,2,2,80.3,0.1,87.4,136.8,89.7,109.3
2026-09-19 22:28:11,mfsweep_shard0,LRT_MMUR,61,4557.94,19,0,1,499.3,2230.1,1730.9,2,2,53.8,0.1,189.1,209.6,1278.3,53.8
2026-09-19 22:28:11,mfsweep_shard0,LRT_MMUR,61,4557.94,20,0,1,525.6,805.4,279.8,2,2,80.1,0.0,71.1,77.8,50.8,80.1
2026-09-19 22:28:11,mfsweep_shard0,LRT_MMUR,61,4557.94,21,0,1,551.8,721.8,170.0,2,2,76.6,0.0,20.3,73.1,0.0,76.6
2026-09-19 22:28:11,mfsweep_shard0,LRT_MMUR,61,4557.94,22,0,1,578.1,1053.3,475.2,2,2,64.8,0.0,65.6,80.0,264.8,64.8
2026-09-19 22:28:11,mfsweep_shard0,LRT_MMUR,61,4557.94,23,0,1,604.4,2050.7,1446.3,2,2,58.7,0.1,122.7,143.7,1091.8,88.0
2026-09-19 22:28:11,mfsweep_shard0,LRT_MMUR,61,4557.94,24,0,1,630.7,957.7,327.0,2,2,85.1,0.0,48.3,130.5,63.1,85.1
2026-09-19 22:28:11,mfsweep_shard0,LRT_MMUR,61,4557.94,25,0,1,656.9,1102.9,446.0,2,2,64.7,0.0,53.6,115.7,212.0,64.7
2026-09-19 22:28:11,mfsweep_shard0,LRT_MMUR,61,4557.94,26,0,1,683.2,949.0,265.8,2,2,56.6,0.0,48.3,159.0,1.9,56.6
2026-09-19 22:28:11,mfsweep_shard0,LRT_MMUR,61,4557.94,27,0,1,709.5,901.0,191.5,2,2,56.7,0.0,49.5,85.3,0.0,56.7
2026-09-19 22:28:11,mfsweep_shard0,LRT_MMUR,61,4557.94,28,0,1,735.8,1012.3,276.5,2,2,81.5,0.0,73.7,85.6,35.7,81.5
2026-09-19 22:28:11,mfsweep_shard0,LRT_MMUR,61,4557.94,29,0,1,762.0,1246.9,484.8,2,2,73.5,0.0,72.9,67.6,270.8,73.5
2026-09-19 22:28:11,mfsweep_shard0,LRT_MMUR,61,4557.94,30,0,1,788.3,1062.7,274.4,2,2,80.2,0.0,70.0,91.9,18.2,94.2
2026-09-19 22:28:11,mfsweep_shard0,LRT_MMUR,61,4557.94,31,0,1,814.6,1124.4,309.8,2,2,77.6,0.0,41.1,80.6,110.4,77.6
2026-09-19 22:28:11,mfsweep_shard0,LRT_MMUR,61,4557.94,32,0,1,840.9,1368.9,528.0,2,2,71.2,0.0,75.6,118.3,253.5,80.6
2026-09-19 22:28:11,mfsweep_shard0,LRT_MMUR,61,4557.94,33,0,1,867.2,1219.7,352.5,2,2,85.7,0.0,111.3,112.6,42.9,85.7
2026-09-19 22:28:11,mfsweep_shard0,LRT_MMUR,61,4557.94,34,0,1,893.4,1424.1,530.7,2,2,66.0,0.0,68.8,78.0,317.8,66.0
2026-09-19 22:28:11,mfsweep_shard0,LRT_MMUR,61,4557.94,35,0,1,919.7,1288.4,368.7,2,2,71.8,0.0,36.9,74.1,185.9,71.8
2026-09-19 22:28:11,mfsweep_shard0,LRT_MMUR,61,4557.94,36,0,1,946.0,1306.5,360.5,2,2,80.9,0.0,53.4,127.5,87.2,92.3
2026-09-19 22:28:11,mfsweep_shard0,LRT_MMUR,61,4557.94,37,0,1,972.3,1169.3,197.1,2,2,74.0,0.0,53.7,69.4,0.0,74.0
2026-09-19 22:28:11,mfsweep_shard0,LRT_MMUR,61,4557.94,38,0,1,998.5,1234.6,236.1,2,2,82.0,0.0,70.5,74.3,9.3,82.0
2026-09-19 22:28:11,mfsweep_shard0,LRT_MMUR,61,4557.94,39,0,1,1024.8,1401.1,376.3,2,2,72.6,0.0,27.6,93.6,182.5,72.6
2026-09-19 22:28:11,mfsweep_shard0,LRT_MMUR,61,4557.94,40,0,1,1051.1,1373.6,322.5,2,2,76.8,0.0,64.7,81.6,99.4,76.8
2026-09-19 22:28:11,mfsweep_shard0,LRT_MMUR,61,4557.94,41,0,1,1077.4,2203.5,1126.1,2,2,55.1,0.1,125.0,132.7,813.2,55.1
2026-09-19 22:28:11,mfsweep_shard0,LRT_MMUR,61,4557.94,42,0,1,1103.7,1619.4,515.7,2,2,61.1,0.1,115.6,107.6,231.3,61.1
2026-09-19 22:28:11,mfsweep_shard0,LRT_MMUR,61,4557.94,43,0,1,1129.9,1814.7,684.8,2,2,63.1,0.1,85.6,107.3,428.8,63.1
2026-09-19 22:28:11,mfsweep_shard0,LRT_MMUR,61,4557.94,44,0,1,1156.2,2166.7,1010.5,2,2,56.2,0.1,141.1,132.0,681.1,56.2
2026-09-19 22:28:11,mfsweep_shard0,LRT_MMUR,61,4557.94,45,0,1,1182.5,1989.1,806.6,2,2,61.2,0.2,122.1,152.7,470.4,61.2
2026-09-19 22:28:11,mfsweep_shard0,LRT_MMUR,61,4557.94,46,0,1,1208.8,2076.5,867.7,2,2,56.9,0.2,165.9,122.1,522.6,56.9
2026-09-19 22:28:11,mfsweep_shard0,LRT_MMUR,61,4557.94,47,0,1,1235.0,1885.8,650.8,2,2,62.7,0.3,216.8,107.6,263.5,62.7
2026-09-19 22:28:11,mfsweep_shard0,LRT_MMUR,61,4557.94,48,0,1,1261.3,1689.7,428.3,2,2,74.5,0.2,135.7,123.4,48.4,120.6
2026-09-19 22:28:11,mfsweep_shard0,LRT_MMUR,61,4557.94,49,0,1,1287.6,1727.0,439.4,2,2,65.6,0.3,202.4,115.4,55.7,65.6
2026-09-19 22:28:11,mfsweep_shard0,LRT_MMUR,61,4557.94,50,0,1,1313.9,1550.5,236.6,2,2,65.8,0.0,68.5,102.3,0.0,65.8
2026-09-19 22:28:11,mfsweep_shard0,LRT_MMUR,61,4557.94,51,0,1,1340.2,1993.9,653.7,2,2,60.5,0.1,122.7,78.7,346.8,105.4
2026-09-19 22:28:11,mfsweep_shard0,LRT_MMUR,61,4557.94,52,0,1,1366.4,1960.7,594.3,2,2,62.4,0.2,157.0,110.2,264.6,62.4
2026-09-19 22:28:11,mfsweep_shard0,LRT_MMUR,61,4557.94,53,0,1,1392.7,1785.3,392.6,2,2,84.5,0.2,147.5,138.4,22.0,84.5
2026-09-19 22:28:11,mfsweep_shard0,LRT_MMUR,61,4557.94,54,0,1,1419.0,1722.3,303.3,2,2,74.9,0.0,105.3,123.0,0.0,74.9
2026-09-19 22:28:11,mfsweep_shard0,LRT_MMUR,61,4557.94,55,0,1,1445.3,1780.4,335.2,2,2,73.6,0.0,117.5,129.5,14.5,73.6
2026-09-19 22:28:11,mfsweep_shard0,LRT_MMUR,61,4557.94,56,0,1,1471.5,2453.7,982.1,2,2,59.2,0.0,102.7,162.4,657.7,59.2
2026-09-19 22:28:11,mfsweep_shard0,LRT_MMUR,61,4557.94,57,0,1,1497.8,2109.1,611.3,2,2,77.6,0.0,156.5,143.7,233.4,77.6
2026-09-19 22:28:11,mfsweep_shard0,LRT_MMUR,61,4557.94,58,0,1,1524.1,2485.8,961.7,2,2,58.9,0.1,133.5,135.9,633.2,58.9
2026-09-19 22:28:11,mfsweep_shard0,LRT_MMUR,61,4557.94,59,0,1,1550.4,2215.8,665.4,2,2,66.1,0.1,149.8,100.4,349.1,66.1
2026-09-19 22:28:11,mfsweep_shard0,LRT_MMUR,61,4557.94,60,0,1,1576.6,2034.9,458.3,2,2,86.2,0.1,153.5,109.5,59.8,135.3
2026-09-19 22:28:11,mfsweep_shard0,LRT_MMUR,61,4557.94,61,0,1,1602.9,1790.1,187.2,2,2,74.7,0.0,35.3,74.2,3.0,74.7
2026-09-19 22:28:11,mfsweep_shard0,LRT_MMUR,61,4557.94,62,0,1,1629.2,1865.1,235.9,2,2,71.9,0.0,56.8,77.0,30.1,71.9
2026-09-19 22:28:11,mfsweep_shard0,LRT_MMUR,61,4557.94,63,0,1,1655.5,2171.4,515.9,2,2,76.1,0.0,72.5,84.1,283.1,76.1
2026-09-19 22:28:11,mfsweep_shard0,LRT_MMUR,61,4557.94,64,0,1,1681.8,1926.2,244.5,2,2,81.4,0.0,51.9,69.5,41.7,81.4
2026-09-19 22:28:11,mfsweep_shard0,LRT_MMUR,61,4557.94,65,0,1,1708.0,1975.1,267.1,2,2,79.2,0.0,55.7,98.4,33.8,79.2
2026-09-19 22:28:11,mfsweep_shard0,LRT_MMUR,61,4557.94,66,0,1,1734.3,2368.8,634.5,2,2,61.1,0.0,44.4,83.3,445.7,61.1
2026-09-19 22:28:11,mfsweep_shard0,LRT_MMUR,61,4557.94,67,0,1,1760.6,2539.1,778.5,2,2,54.6,0.0,97.8,85.9,540.2,54.6
2026-09-19 22:28:11,mfsweep_shard0,LRT_MMUR,61,4557.94,68,0,1,1786.9,2273.2,486.3,2,2,64.0,0.0,93.8,74.9,253.6,64.0
2026-09-19 22:28:11,mfsweep_shard0,LRT_MMUR,61,4557.94,69,0,1,1813.1,2304.9,491.7,2,2,62.4,0.0,54.2,94.5,280.6,62.4
2026-09-19 22:28:11,mfsweep_shard0,LRT_MMUR,61,4557.94,70,0,1,1839.4,2399.3,559.8,2,2,60.5,0.0,33.0,112.7,353.6,60.5
2026-09-19 22:28:11,mfsweep_shard0,LRT_MMUR,61,4557.94,71,0,1,1865.7,2081.4,215.7,2,2,84.7,0.0,27.1,103.9,0.0,84.7
2026-09-19 22:28:11,mfsweep_shard0,LRT_MMUR,61,4557.94,72,0,1,1892.0,2198.7,306.7,2,2,82.5,0.0,45.9,141.7,36.7,82.5
2026-09-19 22:28:11,mfsweep_shard0,LRT_MMUR,61,4557.94,73,0,1,1918.3,3266.9,1348.6,2,2,63.9,0.0,114.4,140.1,1030.2,63.9
2026-09-19 22:28:11,mfsweep_shard0,LRT_MMUR,61,4557.94,74,0,1,1944.5,2286.3,341.8,2,2,75.2,0.0,27.3,120.6,118.6,75.2
2026-09-19 22:28:11,mfsweep_shard0,LRT_MMUR,61,4557.94,75,0,1,1970.8,3145.7,1174.9,2,2,66.6,0.1,114.5,156.5,837.3,66.6
2026-09-19 22:28:11,mfsweep_shard0,LRT_MMUR,61,4557.94,76,0,1,1997.1,2243.7,246.6,2,2,83.7,0.0,44.3,75.8,42.7,83.7
2026-09-19 22:28:11,mfsweep_shard0,LRT_MMUR,61,4557.94,77,0,1,2023.4,2775.3,752.0,2,2,68.7,0.1,62.1,100.5,520.6,68.7
2026-09-19 22:28:11,mfsweep_shard0,LRT_MMUR,61,4557.94,78,0,1,2049.6,3294.8,1245.1,2,2,62.3,0.1,80.5,92.4,1009.9,62.3
2026-09-19 22:28:11,mfsweep_shard0,LRT_MMUR,61,4557.94,79,0,1,2075.9,3428.4,1352.4,2,2,61.7,0.1,133.0,138.4,1019.3,61.7
2026-09-19 22:28:11,mfsweep_shard0,LRT_MMUR,61,4557.94,80,0,1,2102.2,2359.9,257.7,2,2,72.1,0.0,29.4,101.6,54.6,72.1
2026-09-19 22:28:11,mfsweep_shard0,LRT_MMUR,61,4557.94,81,0,1,2128.5,3347.5,1219.1,2,2,62.2,0.1,89.5,120.0,947.2,62.2
2026-09-19 22:28:11,mfsweep_shard0,LRT_MMUR,61,4557.94,82,0,1,2154.7,2560.9,406.2,2,2,72.8,0.0,86.6,96.9,149.8,72.8
2026-09-19 22:28:11,mfsweep_shard0,LRT_MMUR,61,4557.94,83,0,1,2181.0,2423.0,241.9,2,2,83.2,0.0,59.5,68.8,30.4,83.2
2026-09-19 22:28:11,mfsweep_shard0,LRT_MMUR,61,4557.94,84,0,1,2207.3,2856.2,648.9,2,2,66.7,0.2,113.4,109.8,358.7,66.7
2026-09-19 22:28:11,mfsweep_shard0,LRT_MMUR,61,4557.94,85,0,1,2233.6,3968.2,1734.6,2,2,60.8,0.2,202.6,184.5,1276.7,70.5
2026-09-19 22:28:11,mfsweep_shard0,LRT_MMUR,61,4557.94,86,0,1,2259.9,2480.7,220.8,2,2,86.5,0.0,26.1,74.0,34.2,86.5
2026-09-19 22:28:11,mfsweep_shard0,LRT_MMUR,61,4557.94,87,0,1,2286.1,2893.4,607.3,2,2,70.4,0.2,121.2,146.8,259.3,79.8
2026-09-19 22:28:11,mfsweep_shard0,LRT_MMUR,61,4557.94,88,0,1,2312.4,4353.9,2041.5,2,2,56.5,0.2,344.5,294.5,1345.6,56.5
2026-09-19 22:28:11,mfsweep_shard0,LRT_MMUR,61,4557.94,89,0,1,2338.7,4519.0,2180.3,2,2,55.1,0.3,305.8,297.3,1521.7,55.1
2026-09-19 22:28:11,mfsweep_shard0,LRT_MMUR,61,4557.94,90,0,1,2365.0,4185.8,1820.9,2,2,57.2,0.4,325.9,199.0,1238.3,57.2
2026-09-19 22:28:11,mfsweep_shard0,LRT_MMUR,61,4557.94,91,0,1,2391.2,2678.3,287.1,2,2,74.3,0.0,79.1,73.5,60.2,74.3
2026-09-19 22:28:11,mfsweep_shard0,LRT_MMUR,61,4557.94,92,0,1,2417.5,2620.7,203.2,2,2,79.7,0.0,58.5,64.1,0.8,79.7
2026-09-19 22:28:11,mfsweep_shard0,LRT_MMUR,61,4557.94,93,0,1,2443.8,3075.2,631.4,2,2,67.5,0.3,161.9,124.4,277.3,67.5
2026-09-19 22:28:11,mfsweep_shard0,LRT_MMUR,61,4557.94,94,0,1,2470.1,4479.3,2009.2,2,2,55.6,0.5,345.8,233.6,1373.7,55.6
2026-09-19 22:28:11,mfsweep_shard0,LRT_MMUR,61,4557.94,95,0,1,2496.4,3226.4,730.1,2,2,66.1,0.3,213.2,149.3,301.1,66.1
2026-09-19 22:28:11,mfsweep_shard0,LRT_MMUR,61,4557.94,96,0,1,2522.6,2824.4,301.8,2,2,86.4,0.0,87.2,128.1,0.0,86.4
2026-09-19 22:28:11,mfsweep_shard0,LRT_MMUR,61,4557.94,97,0,1,2548.9,2788.9,240.0,2,2,71.0,0.0,89.5,74.6,4.8,71.0
2026-09-19 22:28:11,mfsweep_shard0,LRT_MMUR,61,4557.94,98,0,1,2575.2,2976.6,401.4,2,2,85.6,0.0,185.2,79.0,51.6,85.6
2026-09-19 22:28:11,mfsweep_shard0,LRT_MMUR,61,4557.94,99,0,1,2601.5,3047.7,446.2,2,2,82.0,0.0,158.0,99.6,106.7,82.0
2026-09-19 22:28:11,mfsweep_shard0,LRT_MMUR,61,4557.94,100,0,1,2627.7,2968.6,340.9,2,2,53.9,0.0,197.0,89.9,0.0,53.9
2026-09-19 22:28:11,mfsweep_shard0,LRT_MMUR,61,4557.94,101,0,1,2654.0,3221.8,567.8,2,2,77.3,0.0,214.6,72.7,203.2,77.3
2026-09-19 22:28:11,mfsweep_shard0,LRT_MMUR,61,4557.94,102,0,1,2680.3,3014.8,334.5,2,2,76.0,0.0,160.9,73.6,23.9,76.0
2026-09-19 22:28:11,mfsweep_shard0,LRT_MMUR,61,4557.94,103,0,1,2706.6,3363.3,656.7,2,2,71.3,0.0,111.0,96.4,378.1,71.3
2026-09-19 22:28:11,mfsweep_shard0,LRT_MMUR,61,4557.94,104,0,1,2732.9,3506.7,773.8,2,2,62.4,0.0,145.3,78.7,487.4,62.4
2026-09-19 22:28:11,mfsweep_shard0,LRT_MMUR,61,4557.94,105,0,1,2759.1,3303.4,544.3,2,2,74.7,0.0,94.6,84.4,290.5,74.7
2026-09-19 22:28:11,mfsweep_shard0,LRT_MMUR,61,4557.94,106,0,1,2785.4,3109.2,323.8,2,2,57.2,0.0,71.7,110.2,84.6,57.2
2026-09-19 22:28:11,mfsweep_shard0,LRT_MMUR,61,4557.94,107,0,1,2811.7,3478.4,666.7,2,2,67.9,0.0,96.5,86.7,415.5,67.9
2026-09-19 22:28:11,mfsweep_shard0,LRT_MMUR,61,4557.94,108,0,1,2838.0,3432.7,594.7,2,2,68.5,0.0,80.4,102.1,343.7,68.5
2026-09-19 22:28:11,mfsweep_shard0,LRT_MMUR,61,4557.94,109,0,1,2864.2,3117.9,253.7,2,2,85.0,0.0,45.2,122.2,1.3,85.0
2026-09-19 22:28:11,mfsweep_shard0,LRT_MMUR,61,4557.94,110,0,1,2890.5,3187.9,297.4,2,2,82.4,0.0,35.3,84.4,95.2,82.4
2026-09-19 22:28:11,mfsweep_shard0,LRT_MMUR,61,4557.94,111,0,1,2916.8,4046.0,1129.2,2,2,62.2,0.1,115.7,101.3,834.3,77.8
2026-09-19 22:28:11,mfsweep_shard0,LRT_MMUR,61,4557.94,112,0,1,2943.1,3169.6,226.6,2,2,70.1,0.0,51.4,99.3,5.8,70.1
2026-09-19 22:28:11,mfsweep_shard0,LRT_MMUR,61,4557.94,113,0,1,2969.3,4140.3,1170.9,2,2,59.4,0.2,141.4,152.6,810.4,66.3
2026-09-19 22:28:11,mfsweep_shard0,LRT_MMUR,61,4557.94,114,0,1,2995.6,3206.3,210.7,2,2,83.7,0.0,38.4,75.4,13.2,83.7
2026-09-19 22:28:11,mfsweep_shard0,LRT_MMUR,61,4557.94,115,0,1,3021.9,3385.6,363.7,2,2,82.3,0.0,91.8,178.6,8.6,84.6
2026-09-19 22:28:11,mfsweep_shard0,LRT_MMUR,61,4557.94,116,0,1,3048.2,3876.8,828.6,2,2,63.4,0.0,57.0,67.9,640.3,63.4
2026-09-19 22:28:11,mfsweep_shard0,LRT_MMUR,61,4557.94,117,0,1,3074.5,3276.2,201.8,2,2,74.6,0.0,43.0,81.4,2.7,74.6
2026-09-19 22:28:11,mfsweep_shard0,LRT_MMUR,61,4557.94,118,0,1,3100.7,3511.5,410.7,2,2,73.6,0.0,52.5,78.5,206.0,73.6
2026-09-19 22:28:11,mfsweep_shard0,LRT_MMUR,61,4557.94,119,0,1,3127.0,4397.3,1270.3,2,2,58.6,0.3,211.0,221.8,754.0,83.2
2026-09-19 22:28:11,mfsweep_shard0,LRT_MMUR,61,4557.94,120,0,1,3153.3,3412.9,259.6,2,2,78.7,0.0,30.7,125.2,25.0,78.7
2026-09-19 22:28:11,mfsweep_shard0,LRT_MMUR,61,4557.94,121,0,1,3179.6,3608.9,429.3,2,2,71.3,0.0,61.9,155.2,126.8,85.4
2026-09-19 22:28:11,mfsweep_shard0,LRT_MMUR,61,4557.94,122,0,1,3205.8,3455.5,249.7,2,2,79.2,0.0,24.8,137.0,8.6,79.2
2026-09-19 22:28:11,mfsweep_shard0,LRT_MMUR,61,4557.94,123,0,1,3232.1,3778.8,546.7,2,2,71.0,0.0,31.0,81.1,363.6,71.0
2026-09-19 22:28:11,mfsweep_shard0,LRT_MMUR,61,4557.94,124,0,1,3258.4,4557.9,1299.5,2,2,53.6,0.4,225.8,194.1,825.6,53.6
2026-09-19 22:28:11,mfsweep_shard0,LRT_MMUR,61,4557.94,125,0,1,3284.7,3828.9,544.2,2,2,64.2,0.0,42.8,87.9,349.3,64.2
2026-09-19 22:28:11,mfsweep_shard0,LRT_MMUR,61,4557.94,126,0,1,3311.0,4150.0,839.0,2,2,54.2,0.2,183.2,209.0,392.4,54.2
2026-09-19 22:28:11,mfsweep_shard0,LRT_MMUR,61,4557.94,127,0,1,3337.2,3677.4,340.1,2,2,84.2,0.0,85.1,129.8,41.0,84.2
2026-09-19 22:28:11,mfsweep_shard0,LRT_MMUR,61,4557.94,128,0,1,3363.5,3726.7,363.2,2,2,82.5,0.0,117.6,117.1,46.0,82.5
2026-09-19 22:28:11,mfsweep_shard0,LRT_MMUR,61,4557.94,129,0,1,3389.8,3981.2,591.5,2,2,81.0,0.0,165.3,168.5,176.7,81.0
2026-09-19 22:28:11,mfsweep_shard0,LRT_MMUR,61,4557.94,130,0,1,3416.1,3699.5,283.4,2,2,63.7,0.0,81.6,138.0,0.0,63.7
2026-09-19 22:28:11,mfsweep_shard0,LRT_MMUR,61,4557.94,131,0,1,3442.3,3717.9,275.6,2,2,55.5,0.0,45.0,155.5,19.6,55.5
2026-09-19 22:28:11,mfsweep_shard0,LRT_MMUR,61,4557.94,132,0,1,3468.6,3847.0,378.4,2,2,82.5,0.0,54.9,129.7,111.3,82.5
2026-09-19 22:28:11,mfsweep_shard0,LRT_MMUR,61,4557.94,133,0,1,3494.9,3783.6,288.7,2,2,84.8,0.0,55.4,114.1,34.4,84.8
2026-09-19 22:28:11,mfsweep_shard0,LRT_MMUR,61,4557.94,134,0,1,3521.2,4438.3,917.1,2,2,56.4,0.3,187.2,209.2,464.2,56.4
2026-09-19 22:28:11,mfsweep_shard0,LRT_MMUR,61,4557.94,135,0,1,3547.5,4236.4,689.0,2,2,69.6,0.2,182.5,190.5,204.3,111.4
2026-09-19 22:28:11,mfsweep_shard0,LRT_MMUR,61,4557.94,136,0,1,3573.7,4103.2,529.5,2,2,55.8,0.1,101.3,106.0,266.3,55.8
